timestamp,energy
1761318766003,84843394189
1761318767002,84978280623
1761318768002,85113136479
1761318769003,85248259180
1761318770003,85382545458
1761318771031,85520919493
1761318772027,85653325709
1761318773013,85789073592
1761318774002,85922437264
1761318775003,86057397002
1761318776002,86192160206
1761318777002,86326815501
1761318778004,86462212005
1761318779003,86597012197
1761318780002,86731908886
1761318781004,86866958100
1761318782003,87001547111
1761318783004,87136744275
1761318784008,87272125398
1761318785002,87406211176
1761318786004,87541235305
1761318787008,87676970980
1761318788003,87810623470
1761318789003,87945263873
1761318790004,88080764075
1761318791003,88215872128
1761318792003,88350682696
1761318793003,88485404824
1761318794002,88619803406
1761318795034,88755618793
1761318796003,88890064372
1761318797002,89025215942
1761318798004,89160291768
1761318799023,89295597147
1761318800046,89435667894
1761318801004,89564953086
1761318802003,89699331648
1761318803010,89835035219
1761318804003,89969326806
1761318805142,90107488196
1761318806028,90242807857
1761318807002,90373886623
1761318808003,90509119675
1761318809042,90647469663
1761318810003,90778638516
1761318811004,90913817003
1761318812003,91048437325
1761318813065,91188606522
1761318814004,91318550464
1761318815014,91454415778
1761318816003,91588250213
1761318817003,91723049001
1761318818004,91857943004
1761318819002,91992912507
1761318820003,92127595634
1761318821002,92262721082
1761318822003,92397336277
1761318823031,92532200800
1761318824006,92667721632
1761318825035,92803507112
1761318826004,92937204279
1761318827007,93072345779
1761318828003,93207009131
1761318829039,93345775926
1761318830046,93478467786
1761318831030,93615568387
1761318832020,93748590447
1761318833009,93882028887
1761318834027,94019209017
1761318835039,94155184316
1761318836003,94286065939
1761318837035,94423113928
1761318838052,94560487172
1761318839019,94691461507
1761318840004,94824756149
1761318841003,94960446964
1761318842003,95095313134
1761318843011,95230400435
1761318844003,95365266179
1761318845003,95500143763
1761318846005,95634170581
1761318847002,95769347176
1761318848002,95904639554
1761318849003,96039385242
1761318850065,96182689257
1761318851003,96309094878
1761318852003,96444142079
1761318853012,96580073982
1761318854006,96713964386
1761318855004,96848836905
1761318856003,96983720410
1761318857004,97118563570
1761318858007,97254205862
1761318859015,97389096081
1761318860003,97522989964
1761318861003,97658131098
1761318862031,97793646803
1761318863029,97931345120
1761318864004,98062502560
1761318865026,98198499282
1761318866048,98338796774
1761318867022,98469924735
1761318868003,98602493792
1761318869003,98737266335
1761318870035,98872550657
1761318871040,99011298837
1761318872003,99141868510
1761318873003,99275913516
1761318874004,99410746179
1761318875003,99545766097
1761318876003,99680536260
1761318877005,99813930205
1761318878004,99949878160
1761318879027,100085986149
1761318880003,100219735929
1761318881004,100354198903
1761318882042,100490851080
1761318883016,100625413113
1761318884003,100758753958
1761318885003,100892880446
1761318886004,101027554540
1761318887004,101163107293
1761318888003,101297640945
1761318889031,101433343906
1761318890010,101568269098
1761318891004,101701881366
1761318892002,101836756997
1761318893031,101973495722
1761318894013,102107947709
1761318895002,102241155559
1761318896005,102374698430
1761318897003,102508341826
1761318898004,102640878596
1761318899003,102774933489
1761318900004,102907618391
1761318901004,103039773815
1761318902003,103170251325
1761318903004,103300710036
1761318904003,103433104229
1761318905003,103566149298
1761318906005,103698238132
1761318907003,103828573187
1761318908003,103958152323
1761318909003,104089204112
1761318910002,104219508649
1761318911004,104349420059
1761318912004,104482096172
1761318913002,104615410345
1761318914005,104748086885
1761318915003,104880410826
1761318916002,105012532131
1761318917004,105143250180
1761318918003,105274441556
1761318919004,105406556086
1761318920003,105538790000
1761318921004,105670442739
1761318922004,105801372763
1761318923005,105931682183
1761318924006,106064079976
1761318925002,106194703177
1761318926002,106324129115
1761318927005,106455352717
1761318928004,106586378017
1761318929005,106719314810
1761318930004,106850884481
1761318931003,106982006337
1761318932004,107110662014
1761318933005,107243982351
1761318934004,107368248024
1761318935002,107494303732
1761318936002,107622053954
1761318937003,107755991844
1761318938002,107890557356
1761318939002,108024775457
1761318940002,108156807834
1761318941005,108292120415
1761318942006,108423095727
1761318943005,108554690422
1761318944002,108687286151
1761318945002,108819937240
1761318946004,108952430431
1761318947005,109086219762
1761318948005,109219614440
1761318949003,109355421953
1761318950003,109487236984
1761318951004,109621215767
1761318952004,109747301870
1761318953005,109877976585
1761318954004,110010073842
1761318955002,110144936289
1761318956002,110280061737
1761318957002,110414954336
1761318958002,110549685925
1761318959003,110684859529
1761318960003,110819484550
1761318961002,110954609510
1761318962002,111089401340
1761318963002,111224333917
1761318964002,111359026992
1761318965002,111494151830
1761318966003,111628697994
1761318967002,111763767411
1761318968002,111898018471
1761318969002,112033474729
1761318970002,112168103595
1761318971003,112303305581
1761318972002,112438137999
1761318973004,112573073140
1761318974003,112708148050
1761318975002,112842844361
1761318976002,112977714316
1761318977002,113113014995
1761318978002,113247777345
1761318979004,113382833213
1761318980004,113517425337
1761318981004,113652569278
1761318982004,113787501733
1761318983003,113922459883
1761318984003,114056950933
1761318985003,114192257593
1761318986004,114327065842
1761318987003,114461730170
1761318988002,114596539273
1761318989003,114731518725
1761318990002,114866320626
1761318991004,115001628385
1761318992002,115136307362
1761318993003,115271390756
1761318994003,115406253204
1761318995002,115540870962
1761318996004,115675899364
1761318997003,115811008637
1761318998003,115945975882
1761318999003,116080647840
1761319000002,116215823763
1761319001003,116350247003
1761319002002,116485693495
1761319003002,116620332981
1761319004002,116755009394
1761319005002,116889949174
1761319006002,117025025793
1761319007003,117159675961
1761319008003,117295002763
1761319009003,117429850318
1761319010002,117564710752
1761319011003,117699516925
1761319012002,117834302957
1761319013026,117970605404
1761319014002,118104203755
1761319015002,118238262128
1761319016002,118373528994
1761319017003,118508678428
1761319018004,118643587506
1761319019004,118778468204
1761319020003,118913353356
1761319021002,119048180526
1761319022002,119183014653
1761319023002,119318129176
1761319024002,119453097702
1761319025003,119587094002
1761319026003,119722544888
1761319027007,119858078294
1761319028005,119992930366
1761319029003,120126924590
1761319030002,120261497793
1761319031002,120396845286
1761319032002,120531592561
1761319033002,120665235957
1761319034002,120801178113
1761319035005,120936385836
1761319036002,121071114556
1761319037002,121205788284
1761319038003,121340425939
1761319039002,121475247738
1761319040011,121611428053
1761319041010,121746251622
1761319042004,121880387021
1761319043002,122015055865
1761319044003,122149984719
1761319045002,122284892699
1761319046003,122419834614
1761319047004,122554922403
1761319048005,122690271544
1761319049002,122824529562
1761319050002,122959640239
1761319051002,123094723328
1761319052002,123229522971
1761319053003,123364593731
1761319054003,123499528322
1761319055003,123634248925
1761319056003,123769489484
1761319057003,123904414371
1761319058003,124039363000
1761319059002,124174013717
1761319060002,124309031804
1761319061003,124443727504
1761319062003,124578668687
1761319063003,124713742438
1761319064002,124848478971
1761319065003,124983509692
1761319066003,125118510079
1761319067002,125252866790
1761319068004,125388505481
1761319069002,125523052195
1761319070003,125657928497
1761319071002,125792698294
1761319072015,125929019234
1761319073003,126062962678
1761319074002,126197484794
1761319075002,126332718701
1761319076002,126467253757
1761319077003,126602471245
1761319078003,126737345107
1761319079002,126871522864
1761319080002,127006932979
1761319081002,127142084244
1761319082004,127277061437
1761319083003,127411780392
1761319084005,127547145036
1761319085050,127683025547
1761319086028,127820246692
1761319087002,127950971639
1761319088003,128086394693
1761319089003,128221446776
1761319090004,128356534260
1761319091003,128491157023
1761319092002,128626134827
1761319093037,128764988292
1761319094003,128895902447
1761319095003,129030643313
1761319096003,129165601281
1761319097002,129300642500
1761319098002,129435222905
1761319099003,129570182276
1761319100002,129704593126
1761319101002,129840066839
1761319102002,129974739346
1761319103005,130110205063
1761319104010,130245985844
1761319105002,130379645292
1761319106019,130515646714
1761319107003,130649671456
1761319108003,130784738798
1761319109003,130919535023
1761319110059,131058868467
1761319111006,131189978422
1761319112005,131324466909
1761319113003,131458951855
1761319114003,131593184910
1761319115003,131728657707
1761319116003,131863456007
1761319117002,131998562839
1761319118002,132133218256
1761319119002,132268171463
1761319120002,132403044226
1761319121002,132537987056
1761319122004,132672795549
1761319123003,132807697792
1761319124003,132942669919
1761319125021,133078140215
1761319126050,133217798487
1761319127002,133346855835
1761319128003,133481661704
1761319129003,133616665020
1761319130003,133751345767
1761319131035,133887903889
1761319132003,134021498395
1761319133003,134156089359
1761319134002,134290927149
1761319135002,134426136825
1761319136002,134561133610
1761319137002,134695971644
1761319138002,134830761521
1761319139002,134965705939
1761319140002,135100489774
1761319141002,135235627550
1761319142003,135370575569
1761319143002,135505068633
1761319144002,135640332874
1761319145002,135775097483
1761319146003,135910219634
1761319147003,136045069326
1761319148004,136180219065
1761319149003,136314862092
1761319150003,136449951956
1761319151003,136584597547
1761319152002,136719465549
1761319153002,136854591912
1761319154003,136989296767
1761319155003,137124139378
1761319156004,137259227717
1761319157002,137394323074
1761319158002,137528975195
1761319159003,137664021541
1761319160003,137799003007
1761319161002,137933904578
1761319162002,138068547727
1761319163002,138203519672
1761319164004,138338671975
1761319165002,138473454405
1761319166002,138608311238
1761319167002,138743212931
1761319168011,138879129698
1761319169002,139012983664
1761319170002,139147475873
1761319171003,139282687380
1761319172002,139417346520
1761319173002,139552569502
1761319174003,139687336125
1761319175002,139822115748
1761319176002,139957054489
1761319177002,140092014105
1761319178002,140226378385
1761319179002,140361548754
1761319180003,140496777534
1761319181015,140632392482
1761319182003,140766309315
1761319183017,140901919807
1761319184003,141035661042
1761319185002,141170658560
1761319186002,141305304090
1761319187002,141440474764
1761319188002,141574569391
1761319189002,141709904433
1761319190002,141844809911
1761319191002,141979876093
1761319192002,142113561298
1761319193002,142249300513
1761319194003,142384282895
1761319195002,142519069293
1761319196006,142654022988
1761319197003,142788603088
1761319198003,142923253744
1761319199003,143057971356
1761319200005,143193125734
1761319201002,143327935203
1761319202002,143462633650
1761319203003,143597328617
1761319204002,143732436609
1761319205019,143869627115
1761319206003,144002398076
1761319207002,144137175258
1761319208002,144272005662
1761319209030,144409504028
1761319210004,144542398220
1761319211003,144676988939
1761319212043,144812103889
1761319213003,144946822965
1761319214004,145081444935
1761319215002,145216478647
1761319216003,145351328461
1761319217002,145486399709
1761319218004,145621382030
1761319219002,145756162568
1761319220002,145890563103
1761319221003,146025962293
1761319222003,146160122899
1761319223017,146296430228
1761319224002,146430578444
1761319225003,146565459569
1761319226003,146700321955
1761319227002,146835213456
1761319228004,146970080176
1761319229005,147105102658
1761319230002,147240031328
1761319231002,147374475564
1761319232003,147509873960
1761319233011,147645038287
1761319234025,147782593355
1761319235003,147914665160
1761319236003,148049392476
1761319237003,148184260417
1761319238004,148319021852
1761319239002,148453632653
1761319240002,148588739240
1761319241002,148723691654
1761319242002,148858646142
1761319243003,148993443282
1761319244002,149128233953
1761319245002,149263356044
1761319246002,149398200913
1761319247002,149532989142
1761319248003,149667680021
1761319249004,149802918688
1761319250005,149937541024
1761319251002,150072475310
1761319252002,150207142812
1761319253002,150342119761
1761319254002,150477086152
1761319255002,150612103201
1761319256003,150746754468
1761319257002,150881931673
1761319258002,151016747795
1761319259002,151151593702
1761319260002,151285990453
1761319261002,151421185663
1761319262002,151555927384
1761319263002,151691011511
1761319264002,151825900753
1761319265003,151961010942
1761319266004,152095811073
1761319267004,152230544492
1761319268002,152365544452
1761319269003,152500128336
1761319270002,152634872864
1761319271003,152769954550
1761319272020,152906821631
1761319273004,153039710207
1761319274003,153174652915
1761319275003,153309608563
1761319276021,153446998898
1761319277003,153579242761
1761319278002,153714199203
1761319279002,153848786016
1761319280002,153983792262
1761319281002,154118457079
1761319282016,154254804813
1761319283002,154388631741
1761319284002,154523317554
1761319285002,154657981760
1761319286003,154793244536
1761319287002,154927739004
1761319288003,155063047007
1761319289002,155197971527
1761319290002,155332693655
1761319291002,155467626415
1761319292003,155602780610
1761319293004,155737683402
1761319294034,155873236339
1761319295002,156006698033
1761319296003,156141996576
1761319297002,156276945572
1761319298003,156412037450
1761319299002,156546692623
1761319300003,156681602067
1761319301004,156816858435
1761319302002,156951145079
1761319303002,157085676900
1761319304004,157221125833
1761319305009,157356844418
1761319306002,157490705709
1761319307002,157625753642
1761319308007,157760586610
1761319309019,157897127215
1761319310040,158035487823
1761319311008,158165904603
1761319312002,158300126305
1761319313003,158435079512
1761319314002,158569671331
1761319315002,158705024988
1761319316003,158839548875
1761319317002,158974804449
1761319318002,159109229459
1761319319003,159244251818
1761319320003,159379004342
1761319321002,159513624175
1761319322004,159648759755
1761319323003,159783259960
1761319324002,159917625033
1761319325003,160053297721
1761319326008,160188793895
1761319327027,160323563142
1761319328003,160457782342
1761319329015,160593461255
1761319330003,160727618809
1761319331003,160862510187
1761319332003,160997576370
1761319333003,161132239905
1761319334007,161267616939
1761319335003,161399553063
1761319336003,161536266886
1761319337002,161670995789
1761319338002,161805671652
1761319339019,161941583292
1761319340012,162076619567
1761319341003,162210286583
1761319342002,162345367292
1761319343002,162480032292
1761319344003,162615056299
1761319345003,162749856552
1761319346004,162885068120
1761319347002,163019773952
1761319348003,163154880235
1761319349002,163289454597
1761319350002,163424289091
1761319351003,163559094410
1761319352002,163694162606
1761319353003,163829094451
1761319354004,163964109547
1761319355003,164098823008
1761319356015,164233622346
1761319357009,164369525990
1761319358002,164503108167
1761319359003,164638417880
1761319360002,164773096551
1761319361003,164908383680
1761319362010,165042995762
1761319363003,165177625423
1761319364002,165312873978
1761319365002,165447692419
1761319366026,165584147941
1761319367059,165723548097
1761319368021,165853688633
1761319369002,165986974181
1761319370002,166122519793
1761319371028,166258830662
1761319372052,166396959032
1761319373057,166534412171
1761319374004,166662126932
1761319375004,166797232665
1761319376024,166934188736
1761319377003,167066874370
1761319378002,167201358950
1761319379002,167336279686
1761319380002,167471489912
1761319381002,167606435123
1761319382002,167741559166
1761319383002,167875959945
1761319384002,168010684027
1761319385002,168146120997
1761319386002,168280964158
1761319387002,168415757453
1761319388003,168550726223
1761319389003,168685484118
1761319390003,168820680122
1761319391003,168955550626
1761319392003,169090605884
1761319393003,169225438424
1761319394003,169360563262
1761319395004,169495205495
1761319396003,169630427988
1761319397003,169765237335
1761319398002,169899690971
1761319399002,170035086071
1761319400002,170170105867
1761319401020,170306685778
1761319402003,170439806531
1761319403003,170574560581
1761319404002,170708471188
1761319405002,170843925187
1761319406003,170978713782
1761319407003,171113617123
1761319408002,171248875688
1761319409003,171383447548
1761319410002,171518663572
1761319411002,171653562396
1761319412004,171788417581
1761319413002,171923483519
1761319414002,172058289265
1761319415002,172192879253
1761319416002,172328221680
1761319417002,172462934592
1761319418018,172598759623
1761319419014,172733586609
1761319420003,172867521569
1761319421002,173002558333
1761319422002,173137155217
1761319423003,173272178431
1761319424003,173407302963
1761319425030,173545032957
1761319426003,173677308314
1761319427003,173811922166
1761319428003,173946631843
1761319429003,174081576078
1761319430004,174216862597
1761319431003,174351505929
1761319432004,174486467620
1761319433003,174621328847
1761319434004,174756281931
1761319435002,174891433563
1761319436026,175026827442
1761319437016,175162897101
1761319438003,175296077547
1761319439004,175430899711
1761319440004,175565915967
1761319441003,175700697666
1761319442015,175835522577
1761319443003,175970610732
1761319444002,176105149206
1761319445055,176244810958
1761319446009,176376040907
1761319447007,176510679173
1761319448003,176645289608
1761319449002,176780079973
1761319450004,176914675515
1761319451003,177049946470
1761319452003,177184818439
1761319453002,177319645303
1761319454002,177454171204
1761319455003,177589463216
1761319456003,177724007000
1761319457003,177859265077
1761319458002,177994067466
1761319459004,178129152142
1761319460004,178263946108
1761319461003,178398888085
1761319462003,178533812605
1761319463003,178668418401
1761319464003,178803736902
1761319465003,178938260483
1761319466003,179073689580
1761319467003,179208178127
1761319468010,179343129564
1761319469007,179478777471
1761319470002,179612739469
1761319471003,179747685962
1761319472004,179882924996
1761319473002,180016254550
1761319474002,180152221975
1761319475003,180287173290
1761319476003,180421758944
1761319477002,180557068717
1761319478003,180691929151
1761319479002,180826641635
1761319480003,180961797600
1761319481002,181095340716
1761319482002,181231174901
1761319483003,181365988643
1761319484003,181501037797
1761319485002,181635753761
1761319486002,181771038510
1761319487003,181906026445
1761319488003,182040903419
1761319489003,182175461486
1761319490003,182310329549
1761319491002,182445474161
1761319492002,182580205933
1761319493003,182715245687
1761319494002,182849887005
1761319495003,182984593203
1761319496002,183119790977
1761319497004,183254754499
1761319498002,183389608585
1761319499003,183524569848
1761319500002,183658901536
1761319501003,183794274602
1761319502002,183929220180
1761319503002,184063875352
1761319504027,184200596804
1761319505007,184334605677
1761319506030,184472550271
1761319507002,184603465585
1761319508002,184738734587
1761319509002,184873601917
1761319510003,185008531137
1761319511003,185143477386
1761319512002,185278096426
1761319513002,185413097789
1761319514002,185547974458
1761319515002,185682907951
1761319516002,185817786817
1761319517002,185953004733
1761319518002,186087605889
1761319519003,186222502517
1761319520002,186357704319
1761319521002,186492490290
1761319522003,186627511978
1761319523003,186762275366
1761319524003,186897019833
1761319525002,187031951494
1761319526003,187166554543
1761319527003,187301641966
1761319528003,187436634174
1761319529002,187571396647
1761319530002,187706457702
1761319531003,187841415548
1761319532002,187975948040
1761319533002,188111125856
1761319534003,188246211020
1761319535003,188380721784
1761319536003,188515857486
1761319537003,188650764428
1761319538003,188785400314
1761319539003,188920408330
1761319540003,189055328883
1761319541002,189190066331
1761319542002,189324810066
1761319543002,189459745999
1761319544002,189594706713
1761319545003,189729565255
1761319546003,189864608488
1761319547002,189999513966
1761319548003,190134279490
1761319549002,190269185394
1761319550002,190401699582
1761319551002,190537832473
1761319552003,190672642553
1761319553002,190807549556
1761319554003,190942326005
1761319555002,191077360083
1761319556003,191211847593
1761319557003,191347084246
1761319558002,191481990517
1761319559003,191616789550
1761319560003,191751810444
1761319561003,191886772074
1761319562003,192021692322
1761319563002,192156482382
1761319564002,192291292889
1761319565004,192426247560
1761319566003,192561248802
1761319567003,192696030073
1761319568004,192830957462
1761319569002,192965670496
1761319570003,193100762252
1761319571002,193235384344
1761319572002,193370063565
1761319573003,193505072435
1761319574003,193640209235
1761319575002,193774878690
1761319576003,193909972949
1761319577002,194044460337
1761319578002,194179576873
1761319579002,194314440358
1761319580002,194449389049
1761319581003,194584100435
1761319582003,194719225211
1761319583002,194853653578
1761319584004,194988931185
1761319585002,195123609674
1761319586003,195258615248
1761319587002,195393379979
1761319588002,195528481745
1761319589003,195663246171
1761319590003,195798087317
1761319591003,195932860349
1761319592003,196067860918
1761319593002,196202616555
1761319594003,196337532042
1761319595002,196472143575
1761319596002,196606834392
1761319597003,196742178284
1761319598003,196876848166
1761319599003,197011950665
1761319600002,197146882082
1761319601002,197281651756
1761319602003,197416542219
1761319603002,197550967412
1761319604002,197686363489
1761319605002,197820887620
1761319606002,197956034246
1761319607002,198090625699
1761319608004,198225669603
1761319609002,198360504891
1761319610002,198495702970
1761319611002,198630565906
1761319612003,198765344430
1761319613002,198900412383
1761319614002,199035019338
1761319615002,199169746349
1761319616002,199304920930
1761319617002,199439756766
1761319618002,199574610059
1761319619002,199708899876
1761319620002,199844419061
1761319621002,199979211135
1761319622002,200114087682
1761319623003,200248903987
1761319624002,200383575944
1761319625002,200518714453
1761319626002,200653632626
1761319627002,200788182575
1761319628002,200923249795
1761319629002,201058260069
1761319630002,201193132649
1761319631003,201328038798
1761319632002,201462607911
1761319633002,201597579123
1761319634002,201732293988
1761319635002,201867549501
1761319636002,202001257106
1761319637002,202135277759
1761319638002,202270945502
1761319639002,202405538786
1761319640002,202540485584
1761319641002,202675502694
1761319642002,202810467559
1761319643002,202945254506
1761319644002,203080306651
1761319645002,203214517916
1761319646002,203349932914
1761319647002,203484331129
1761319648002,203618806920
1761319649002,203753087277
1761319650002,203888042803
1761319651002,204023235511
1761319652002,204157983396
1761319653002,204293054584
1761319654002,204427917886
1761319655002,204562052247
1761319656003,204697462179
1761319657002,204831907147
1761319658002,204966915713
1761319659002,205101336023
1761319660002,205236403792
1761319661002,205371562565
1761319662002,205506390467
1761319663002,205640733079
1761319664002,205775862189
1761319665002,205910793728
1761319666002,206045654772
1761319667002,206180574105
1761319668002,206315603849
1761319669002,206449898000
1761319670002,206585314096
1761319671002,206719946076
1761319672002,206855223256
1761319673002,206990128184
1761319674002,207125084016
1761319675002,207259672660
1761319676002,207394792981
1761319677002,207529637057
1761319678002,207664642022
1761319679003,207799399001
1761319680002,207934432286
1761319681002,208068983821
1761319682002,208203767900
1761319683002,208338872779
1761319684002,208473589658
1761319685002,208608826677
1761319686002,208743779640
1761319687002,208878695249
1761319688002,209013307698
1761319689002,209147992350
1761319690002,209283156006
1761319691003,209417963461
1761319692002,209552739849
1761319693003,209687097965
1761319694003,209822552452
1761319695003,209957404158
1761319696002,210092574527
1761319697002,210227214685
1761319698002,210361847214
1761319699002,210497085637
1761319700002,210631653408
1761319701002,210766939378
1761319702002,210901777411
1761319703002,211036468412
1761319704003,211171372852
1761319705002,211306296517
1761319706002,211441194243
1761319707002,211575795217
1761319708002,211711080210
1761319709002,211845501375
1761319710003,211980524711
1761319711003,212115811291
1761319712002,212250182895
1761319713002,212385412651
1761319714002,212520150099
1761319715002,212654807531
1761319716002,212789882685
1761319717002,212924930618
1761319718002,213059789709
1761319719002,213194747616
1761319720003,213329802201
1761319721002,213464274758
1761319722002,213599333982
1761319723002,213734124164
1761319724002,213869049295
1761319725002,214004077026
1761319726002,214138812521
1761319727002,214273341839
1761319728002,214408511171
1761319729002,214543421287
1761319730002,214678272504
1761319731002,214813395022
1761319732002,214948240136
1761319733003,215083205794
1761319734002,215217726934
1761319735002,215352740077
1761319736002,215487513841
1761319737002,215622702887
1761319738002,215757609768
1761319739002,215892331652
1761319740003,216027133309
1761319741003,216162142363
1761319742003,216296923024
1761319743003,216431819041
1761319744003,216567032195
1761319745002,216701878347
1761319746002,216836823619
1761319747002,216971596162
1761319748003,217106363700
1761319749002,217241061903
1761319750003,217376159457
1761319751021,217512030142
1761319752031,217649771916
1761319753002,217780885411
1761319754002,217915812068
1761319755002,218050260271
1761319756003,218185556983
1761319757003,218320204953
1761319758003,218455221331
1761319759003,218589661356
1761319760003,218724720031
1761319761002,218859355795
1761319762002,218994384807
1761319763002,219129440064
1761319764002,219264353049
1761319765002,219399237591
1761319766002,219534027041
1761319767002,219668818200
1761319768002,219803791304
1761319769002,219938644475
1761319770005,220074015100
1761319771002,220208493882
1761319772002,220343177191
1761319773002,220477947843
1761319774002,220612879870
1761319775002,220747763619
1761319776002,220882858366
1761319777002,221017753406
1761319778002,221152608164
1761319779003,221287575531
1761319780002,221421682487
1761319781002,221557164623
1761319782002,221691977327
1761319783002,221826746941
1761319784002,221961895155
1761319785003,222096811069
1761319786003,222231621271
1761319787002,222366519790
1761319788002,222501355260
1761319789002,222635805417
1761319790002,222770652483
1761319791002,222905837562
1761319792002,223040778196
1761319793002,223175469501
1761319794002,223310451883
1761319795002,223445207092
1761319796002,223580266195
1761319797002,223714935283
1761319798002,223850130616
1761319799022,223985168967
1761319800004,224120200237
1761319801003,224254412235
1761319802002,224389561181
1761319803002,224524640303
1761319804002,224659277409
1761319805002,224794218958
1761319806002,224929007920
1761319807002,225063973090
1761319808002,225198874478
1761319809002,225333620898
1761319810003,225468730232
1761319811003,225603436858
1761319812002,225738407581
1761319813003,225873423349
1761319814002,226008206695
1761319815002,226142837393
1761319816002,226277718518
1761319817003,226412542086
1761319818003,226547493462
1761319819002,226681875198
1761319820002,226817454196
1761319821002,226952022822
1761319822003,227086897843
1761319823003,227221867346
1761319824002,227356455319
1761319825002,227491736406
1761319826002,227626586769
1761319827002,227761600766
1761319828002,227896074909
1761319829002,228031282632
1761319830003,228166037902
1761319831002,228300717245
1761319832002,228435823833
1761319833003,228570933716
1761319834002,228705587424
1761319835003,228839096116
1761319836002,228975058780
1761319837003,229109974878
1761319838002,229244814682
1761319839004,229379837163
1761319840002,229514293911
1761319841002,229649605943
1761319842004,229783577279
1761319843002,229918219940
1761319844002,230053111318
1761319845002,230187990673
1761319846002,230322895174
1761319847002,230457462517
1761319848002,230592676160
1761319849002,230727238560
1761319850002,230862478509
1761319851002,230997289565
1761319852002,231131541053
1761319853002,231266866939
1761319854002,231401269061
1761319855002,231536447487
1761319856002,231671601133
1761319857002,231806105549
1761319858003,231941088907
1761319859002,232076053161
1761319860002,232211094624
1761319861002,232345733745
1761319862004,232481053711
1761319863002,232615495078
1761319864002,232750641156
1761319865002,232885044315
1761319866002,233020145471
1761319867002,233155166426
1761319868003,233290071782
1761319869002,233424601039
1761319870002,233559909043
1761319871003,233694658698
1761319872002,233829217069
1761319873002,233964516955
1761319874002,234099274544
1761319875002,234234288847
1761319876003,234368673818
1761319877002,234503869944
1761319878002,234638796662
1761319879002,234773506156
1761319880002,234908616466
1761319881002,235043419893
1761319882002,235178221123
1761319883003,235312840529
1761319884002,235447894322
1761319885003,235582925531
1761319886003,235717643875
1761319887032,235856639674
1761319888017,235989029472
1761319889003,236122201128
1761319890009,236257698767
1761319891003,236392058592
1761319892002,236526839069
1761319893002,236661694010
1761319894002,236796774047
1761319895002,236931225851
1761319896002,237066264873
1761319897002,237201357545
1761319898004,237336033958
1761319899002,237471342755
1761319900002,237605751224
1761319901002,237740983666
1761319902002,237875928694
1761319903002,238010809697
1761319904002,238145549891
1761319905002,238280544541
1761319906002,238415479803
1761319907002,238550477321
1761319908002,238685160570
1761319909002,238820281501
1761319910002,238955176786
1761319911002,239089989246
1761319912002,239224848581
1761319913002,239358913973
1761319914002,239494258597
1761319915008,239630519112
1761319916021,239766451076
1761319917002,239899161003
1761319918002,240033992200
1761319919002,240168729160
1761319920002,240303352900
1761319921002,240438248856
1761319922002,240573252233
1761319923002,240708177486
1761319924003,240843056719
1761319925002,240978208716
1761319926002,241113010556
1761319927003,241247519306
1761319928003,241382920876
1761319929003,241517993467
1761319930002,241652747334
1761319931003,241787675516
1761319932003,241922587890
1761319933002,242057445150
1761319934003,242192242351
1761319935002,242327324037
1761319936002,242462128807
1761319937002,242596796675
1761319938003,242732062930
1761319939003,242867071801
1761319940002,243001801375
1761319941002,243136321417
1761319942003,243271486293
1761319943003,243406770614
1761319944002,243541000984
1761319945002,243675872709
1761319946002,243811233446
1761319947002,243946060555
1761319948002,244080952665
1761319949003,244215776173
1761319950003,244350698923
1761319951003,244485256379
1761319952002,244620211173
1761319953002,244755291332
1761319954002,244890204500
1761319955002,245024896233
1761319956002,245159635756
1761319957002,245294799411
1761319958002,245429784417
1761319959003,245564699538
1761319960002,245699357580
1761319961002,245834403804
1761319962003,245969478898
1761319963002,246104393591
1761319964002,246239411556
1761319965002,246374130938
1761319966003,246509106911
1761319967002,246643615722
1761319968002,246778804707
1761319969002,246913787820
1761319970002,247048610473
1761319971002,247183469686
1761319972002,247318537395
1761319973003,247453119203
1761319974003,247587959801
1761319975003,247723297711
1761319976002,247857860904
1761319977002,247992642786
1761319978003,248127883223
1761319979003,248262693181
1761319980003,248397328334
1761319981002,248531913378
1761319982003,248666672554
1761319983003,248801709928
1761319984002,248936593555
1761319985002,249071372385
1761319986003,249206336761
1761319987002,249340941214
1761319988002,249475895641
1761319989002,249610223483
1761319990003,249744269893
1761319991003,249879869705
1761319992003,250014375891
1761319993002,250149577449
1761319994011,250284303789
1761319995002,250418684121
1761319996002,250553613647
1761319997002,250688330282
1761319998002,250823095867
1761319999002,250958247681
1761320000002,251093086020
1761320001002,251228143170
1761320002049,251362270207
1761320003003,251497596215
1761320004002,251632178329
1761320005004,251767431157
1761320006003,251902198756
1761320007003,252035804859
1761320008002,252171654731
1761320009003,252306144560
1761320010003,252441277576
1761320011002,252576265573
1761320012003,252710764924
1761320013003,252846024282
1761320014002,252979291946
1761320015002,253115407015
1761320016003,253250166375
1761320017002,253385153456
1761320018002,253519822972
1761320019002,253654733271
1761320020002,253789481278
1761320021002,253924406775
1761320022002,254059345517
1761320023004,254194782792
1761320024002,254329154945
1761320025003,254464018553
1761320026047,254600320450
1761320027003,254733964395
1761320028005,254869129027
1761320029006,255004264545
1761320030013,255140060523
1761320031005,255273780701
1761320032003,255408473594
1761320033002,255543369000
1761320034002,255678496096
1761320035003,255813408897
1761320036002,255947783004
1761320037002,256082998844
1761320038006,256218120447
1761320039003,256353188582
1761320040003,256487892278
1761320041003,256622922267
1761320042003,256757723191
1761320043002,256892605170
1761320044003,257027707058
1761320045003,257162687242
1761320046003,257297631294
1761320047003,257432455900
1761320048003,257567439563
1761320049004,257702345651
1761320050003,257837130279
1761320051005,257972209584
1761320052002,258106967052
1761320053003,258242055146
1761320054002,258376958487
1761320055002,258511720593
1761320056002,258646713778
1761320057003,258781643730
1761320058003,258916669019
1761320059002,259051626376
1761320060002,259186332452
1761320061003,259321582167
1761320062002,259456337804
1761320063002,259591143306
1761320064002,259726211869
1761320065003,259861027197
1761320066003,259995816220
1761320067003,260130711321
1761320068003,260265743935
1761320069003,260400913144
1761320070003,260535708881
1761320071004,260670839150
1761320072002,260805602111
1761320073003,260940505635
1761320074003,261075436869
1761320075002,261210369141
1761320076003,261345264609
1761320077002,261480218975
1761320078003,261615069643
1761320079003,261749610436
1761320080002,261884870832
1761320081003,262019817020
1761320082011,11388215
1761320083004,146471915
1761320084004,281329541
1761320085003,416189486
1761320086003,551111137
1761320087003,685949354
1761320088013,822188019
1761320089004,956064569
1761320090003,1090843887
1761320091032,1228529936
1761320092003,1360675960
1761320093002,1495541337
1761320094003,1630348731
1761320095003,1765254575
1761320096002,1900368242
1761320097002,2035177468
1761320098007,2170285337
1761320099022,2307896374
1761320100002,2440065408
1761320101003,2575091552
1761320102008,2710587360
1761320103007,2845210489
1761320104002,2979533388
1761320105002,3114728049
1761320106003,3249702190
1761320107003,3384522707
1761320108003,3519582603
1761320109003,3654575971
1761320110002,3789345340
1761320111002,3924029505
1761320112003,4059147567
1761320113003,4194083867
1761320114002,4328890163
1761320115002,4463698045
1761320116003,4598855902
1761320117003,4733841885
1761320118003,4868794847
1761320119003,5003642036
1761320120003,5138762967
1761320121003,5273438038
1761320122003,5408404611
1761320123003,5543412444
1761320124003,5678377186
1761320125003,5813225108
1761320126003,5948297516
1761320127003,6083048087
1761320128003,6218051769
1761320129003,6353185395
1761320130003,6487834587
1761320131003,6622862928
1761320132006,6758232271
1761320133003,6892607599
1761320134002,7027633559
1761320135002,7162311620
1761320136002,7297479426
1761320137003,7432452774
1761320138003,7567318640
1761320139003,7702285030
1761320140004,7837227617
1761320141003,7972204932
1761320142003,8107070554
1761320143003,8241942767
1761320144002,8376898232
1761320145002,8511821044
1761320146003,8646815815
1761320147002,8781704325
1761320148002,8916622437
1761320149009,9052333027
1761320150003,9186482769
1761320151002,9321407838
1761320152002,9456314231
1761320153003,9591406110
1761320154002,9726044376
1761320155008,9861672385
1761320156002,9996010970
1761320157002,10130888188
1761320158003,10265839136
1761320159002,10400830246
1761320160003,10535880254
1761320161002,10670534145
1761320162003,10805681382
1761320163003,10940532111
1761320164003,11075573941
1761320165013,11211852462
1761320166004,11345282479
1761320167003,11480128020
1761320168003,11615130543
1761320169002,11750133249
1761320170002,11884930145
1761320171002,12019950796
1761320172002,12154733227
1761320173003,12289875642
1761320174003,12424756034
1761320175002,12559417860
1761320176003,12694635226
1761320177003,12829833732
1761320178003,12964505446
1761320179002,13099480198
1761320180002,13234245539
1761320181003,13369133804
1761320182002,13504120946
1761320183002,13639140498
1761320184003,13774176102
1761320185003,13908975928
1761320186003,14043916501
1761320187003,14178995562
1761320188002,14313884437
1761320189016,14449941706
1761320190003,14583760700
1761320191003,14718403421
1761320192003,14853472106
1761320193002,14988388082
1761320194002,15123353434
1761320195003,15258251893
1761320196003,15393148520
1761320197003,15528206219
1761320198003,15662999880
1761320199002,15797963463
1761320200002,15932774092
1761320201003,16067907657
1761320202003,16202845117
1761320203003,16337668441
1761320204003,16472668157
1761320205003,16607436549
1761320206003,16742466782
1761320207003,16877389960
1761320208003,17012136746
1761320209003,17147215990
1761320210003,17282289558
1761320211003,17417202176
1761320212003,17552157275
1761320213003,17686719980
1761320214014,17821770111
1761320215026,17959879620
1761320216002,18091700023
1761320217002,18226697602
1761320218003,18361619864
1761320219003,18496579296
1761320220003,18631486177
1761320221003,18766528068
1761320222003,18901329725
1761320223002,19036306979
1761320224003,19171151788
1761320225006,19306622938
1761320226003,19440982884
1761320227003,19575980402
1761320228003,19710880631
1761320229002,19845765417
1761320230003,19980794613
1761320231003,20115688677
1761320232002,20250638587
1761320233002,20385512754
1761320234003,20520404926
1761320235002,20655379617
1761320236003,20790321593
1761320237002,20925235005
1761320238002,21060175883
1761320239002,21195059510
1761320240002,21330064779
1761320241003,21464933513
1761320242003,21599872133
1761320243002,21734835227
1761320244003,21869659833
1761320245003,22004846316
1761320246003,22139641442
1761320247003,22274595381
1761320248003,22409605900
1761320249002,22544278834
1761320250002,22679161850
1761320251003,22814284124
1761320252003,22949295497
1761320253003,23084083177
1761320254003,23219269354
1761320255004,23354210415
1761320256004,23488941333
1761320257004,23624085152
1761320258003,23758832609
1761320259003,23893582753
1761320260003,24028711435
1761320261003,24163638275
1761320262002,24298506460
1761320263002,24433437877
1761320264002,24568409577
1761320265002,24703156120
1761320266002,24838007276
1761320267002,24972628391
1761320268004,25108101311
1761320269002,25242950270
1761320270003,25377888218
1761320271003,25512750238
1761320272008,25647677994
1761320273003,25782702489
1761320274004,25917595577
1761320275003,26052479142
1761320276004,26187577551
1761320277004,26322357724
1761320278004,26457507952
1761320279006,26592795020
1761320280003,26727211363
1761320281003,26862181110
1761320282007,26997651283
1761320283003,27131655701
1761320284004,27267221882
1761320285003,27401834086
1761320286002,27536654115
1761320287002,27671581321
1761320288003,27806693463
1761320289003,27941522341
1761320290005,28076618919
1761320291004,28211108687
1761320292003,28346510806
1761320293003,28480845423
1761320294003,28616305892
1761320295002,28751053167
1761320296002,28885987330
1761320297002,29021024094
1761320298002,29155621467
1761320299003,29290746365
1761320300003,29425679247
1761320301003,29560770454
1761320302003,29695502897
1761320303003,29830480396
1761320304004,29965563790
1761320305004,30100448516
1761320306004,30235368886
1761320307003,30370091502
1761320308003,30505278290
1761320309003,30640214285
1761320310003,30775042065
1761320311004,30910108125
1761320312003,31044970085
1761320313004,31180078503
1761320314003,31314826877
1761320315002,31449198237
1761320316003,31584293594
1761320317003,31719651402
1761320318003,31854324092
1761320319002,31988969377
1761320320002,32124295080
1761320321003,32258923642
1761320322002,32393902728
1761320323002,32528724831
1761320324003,32663908262
1761320325003,32798895587
1761320326005,32933668924
1761320327003,33068733336
1761320328002,33203597676
1761320329002,33338410808
1761320330003,33473463074
1761320331003,33608383444
1761320332003,33743292584
1761320333004,33878226809
1761320334004,34013381187
1761320335003,34148146833
1761320336003,34282779728
1761320337012,34419177877
1761320338008,34553618878
1761320339003,34687947819
1761320340003,34822386745
1761320341003,34957633774
1761320342003,35092356635
1761320343003,35227452420
1761320344002,35362299303
1761320345002,35497037179
1761320346003,35632223966
1761320347003,35766861927
1761320348003,35902077585
1761320349003,36037079375
1761320350003,36172081349
1761320351008,36307420053
1761320352004,36441816254
1761320353003,36576620780
1761320354004,36711792919
1761320355004,36846541475
1761320356003,36981416801
1761320357008,37116484205
1761320358004,37251361667
1761320359003,37386481927
1761320360003,37521159682
1761320361003,37656261815
1761320362003,37791083674
1761320363002,37925988236
1761320364003,38060921301
1761320365004,38195960018
1761320366004,38330907732
1761320367003,38465751930
1761320368004,38600718320
1761320369003,38735579791
1761320370003,38870439126
1761320371003,39005487120
1761320372002,39140248128
1761320373003,39275186442
1761320374003,39410151001
1761320375003,39545016501
1761320376004,39680197551
1761320377003,39815136720
1761320378002,39949825218
1761320379003,40084961408
1761320380003,40219834109
1761320381003,40354635034
1761320382004,40489691084
1761320383003,40624623478
1761320384004,40759680383
1761320385002,40894384751
1761320386003,41029459234
1761320387003,41164377651
1761320388003,41299298265
1761320389003,41434218879
1761320390003,41569094083
1761320391003,41704029712
1761320392003,41838969491
1761320393003,41973819243
1761320394004,42108792408
1761320395003,42243743601
1761320396003,42378649567
1761320397005,42513637929
1761320398003,42648517955
1761320399002,42783314668
1761320400003,42918392936
1761320401003,43053272962
1761320402003,43188222750
1761320403003,43323144158
1761320404003,43458087172
1761320405004,43593162510
1761320406003,43728043817
1761320407003,43862813370
1761320408003,43997784582
1761320409004,44132854182
1761320410003,44267808793
1761320411003,44402682654
1761320412003,44537625912
1761320413002,44672371600
1761320414003,44807350014
1761320415003,44942221800
1761320416003,45077293964
1761320417003,45212239786
1761320418003,45347088562
1761320419003,45482038106
1761320420003,45616916179
1761320421003,45752034913
1761320422003,45886909933
1761320423003,46021798504
1761320424026,46157912963
1761320425004,46291648033
1761320426003,46426504866
1761320427003,46561524051
1761320428003,46696394556
1761320429027,46833691445
1761320430030,46966420964
1761320431003,47101213649
1761320432003,47236192063
1761320433003,47371101874
1761320434003,47506119472
1761320435003,47640900377
1761320436003,47775847908
1761320437004,47910898404
1761320438004,48045747974
1761320439003,48180607614
1761320440003,48315551787
1761320441003,48450506886
1761320442003,48585349925
1761320443003,48720322053
1761320444003,48855272818
1761320445003,48990209728
1761320446004,49125245332
1761320447004,49260151908
1761320448003,49395038953
1761320449003,49530157931
1761320450002,49664788018
1761320451002,49799706801
1761320452003,49934600438
1761320453004,50069769526
1761320454003,50204666214
1761320455003,50339516089
1761320456003,50474363277
1761320457003,50609173540
1761320458003,50744394630
1761320459003,50879098203
1761320460003,51014026447
1761320461003,51149084390
1761320462013,51285029537
1761320463003,51418798787
1761320464004,51553957621
1761320465003,51688823730
1761320466003,51823886495
1761320467003,51958645427
1761320468016,52095319577
1761320469004,52228611106
1761320470003,52363441266
1761320471003,52498522646
1761320472002,52633303673
1761320473003,52768345442
1761320474003,52903153935
1761320475002,53038059229
1761320476003,53173067123
1761320477003,53307936773
1761320478003,53442940151
1761320479003,53577889878
1761320480003,53712769538
1761320481002,53847576383
1761320482003,53982633593
1761320483003,54117640694
1761320484004,54252497587
1761320485004,54387495594
1761320486004,54522248484
1761320487004,54657236602
1761320488003,54792181081
1761320489004,54927263072
1761320490005,55062077302
1761320491003,55197072989
1761320492003,55332079540
1761320493003,55466841769
1761320494003,55601768059
1761320495003,55736718580
1761320496003,55871622715
1761320497003,56006573724
1761320498003,56141516738
1761320499003,56276455846
1761320500003,56411364985
1761320501003,56546282304
1761320502003,56681150183
1761320503003,56816204098
1761320504003,56950874530
1761320505004,57086000038
1761320506003,57220918394
1761320507003,57355829609
1761320508005,57490790750
1761320509004,57625740173
1761320510003,57760648580
1761320511004,57895599162
1761320512004,58030509339
1761320513003,58165402121
1761320514003,58300281475
1761320515003,58435262087
1761320516003,58570175804
1761320517002,58704917647
1761320518002,58840088687
1761320519005,58975126183
1761320520003,59109869613
1761320521003,59244858098
1761320522003,59379719081
1761320523003,59514767502
1761320524003,59649578986
1761320525005,59784844142
1761320526002,59919428942
1761320527003,60054394417
1761320528003,60189289823
1761320529003,60324250293
1761320530003,60459191232
1761320531003,60593848907
1761320532003,60729160878
1761320533003,60864064890
1761320534003,60998843293
1761320535003,61134005972
1761320536003,61268815258
1761320537002,61403747469
1761320538003,61538603447
1761320539003,61673678662
1761320540003,61808439243
1761320541003,61943481622
1761320542004,62078546461
1761320543003,62213418003
1761320544003,62348279902
1761320545003,62483093704
1761320546004,62618109716
1761320547003,62753036556
1761320548004,62888050004
1761320549003,63022947242
1761320550003,63157860288
1761320551003,63292780658
1761320552003,63427686074
1761320553003,63562643248
1761320554003,63697552204
1761320555003,63832395914
1761320556005,63967500732
1761320557008,64102996906
1761320558007,64237715067
1761320559017,64374056332
1761320560003,64506992576
1761320561007,64642675456
1761320562008,64777611390
1761320563003,64911867211
1761320564003,65046856184
1761320565003,65181746281
1761320566002,65316418360
1761320567010,65452385786
1761320568010,65587381168
1761320569003,65721238308
1761320570002,65856282884
1761320571004,65991479010
1761320572004,66126328763
1761320573003,66261147753
1761320574003,66396089119
1761320575004,66531163297
1761320576004,66666057178
1761320577029,66804422180
1761320578003,66935807525
1761320579003,67070826650
1761320580003,67205565013
1761320581009,67341217254
1761320582005,67475733267
1761320583004,67610417309
1761320584003,67745230807
1761320585004,67880538871
1761320586003,68015411207
1761320587002,68150096165
1761320588003,68285202508
1761320589003,68420055312
1761320590003,68554738073
1761320591003,68689776302
1761320592003,68824951310
1761320593004,68959760596
1761320594003,69094751461
1761320595005,69229811784
1761320596003,69364604469
1761320597003,69499511839
1761320598071,69643571467
1761320599021,69771756991
1761320600002,69904211547
1761320601003,70039107137
1761320602003,70174132731
1761320603003,70308949403
1761320604042,70444883015
1761320605003,70578850384
1761320606003,70713808962
1761320607003,70848850242
1761320608005,70983655744
1761320609003,71118592838
1761320610003,71253537439
1761320611004,71388570418
1761320612004,71523491826
1761320613003,71658393885
1761320614003,71793262009
1761320615003,71928255133
1761320616008,72063674098
1761320617003,72197974962
1761320618003,72333118354
1761320619004,72467988492
1761320620003,72602882861
1761320621003,72737803658
1761320622003,72872743132
1761320623003,73007690113
1761320624003,73142592844
1761320625004,73277652984
1761320626004,73412448233
1761320627004,73547370128
1761320628003,73682277498
1761320629003,73817207633
1761320630003,73951997205
1761320631003,74087099765
1761320632003,74221988763
1761320633004,74356919203
1761320634004,74492010410
1761320635004,74626751765
1761320636004,74761829849
1761320637004,74896757604
1761320638004,75031531612
1761320639004,75166497392
1761320640003,75301401405
1761320641003,75436387387
1761320642004,75571436968
1761320643004,75706126199
1761320644004,75841209166
1761320645003,75976062397
1761320646003,76111013102
1761320647012,76247098630
1761320648003,76381001119
1761320649003,76515732402
1761320650003,76650678102
1761320651004,76785566612
1761320652003,76920659405
1761320653004,77055580569
1761320654004,77190535362
1761320655004,77325546552
1761320656003,77460335880
1761320657003,77595342676
1761320658005,77730379989
1761320659003,77865068304
1761320660003,77999860317
1761320661003,78134998521
1761320662004,78269877021
1761320663004,78404875088
1761320664003,78539787340
1761320665003,78674615670
1761320666003,78809635832
1761320667003,78944591175
1761320668003,79079545785
1761320669004,79214433135
1761320670003,79349331594
1761320671003,79484207835
1761320672003,79619181123
1761320673003,79754125296
1761320674004,79889106762
1761320675003,80023955111
1761320676004,80159038261
1761320677003,80293913892
1761320678004,80428871433
1761320679003,80563648187
1761320680004,80698647597
1761320681004,80833538365
1761320682003,80968557063
1761320683004,81103455521
1761320684003,81238325598
1761320685004,81373355099
1761320686004,81508309404
1761320687002,81643073585
1761320688003,81777962950
1761320689004,81912963031
1761320690003,82047730692
1761320691003,82182778808
1761320692003,82317854512
1761320693003,82452738017
1761320694004,82587659851
1761320695003,82722491782
1761320696003,82857434857
1761320697034,82996630301
1761320698003,83127367027
1761320699004,83262304059
1761320700003,83397090885
1761320701002,83532124963
1761320702002,83666868087
1761320703003,83802035344
1761320704004,83936972742
1761320705004,84071875046
1761320706004,84206828497
1761320707003,84341737453
1761320708003,84476684434
1761320709003,84611674384
1761320710004,84746509427
1761320711003,84881456531
1761320712003,85016358590
1761320713003,85151318816
1761320714004,85286197438
1761320715003,85421193003
1761320716004,85556053192
1761320717003,85690964773
1761320718003,85825817455
1761320719004,85960867464
1761320720003,86095801078
1761320721003,86230646619
1761320722004,86365584445
1761320723003,86500551018
1761320724004,86635459487
1761320725004,86770513645
1761320726005,86905586359
1761320727003,87040243607
1761320728003,87175182592
1761320729004,87310218196
1761320730003,87445143510
1761320731003,87579952979
1761320732003,87715025448
1761320733004,87849942400
1761320734004,87984869240
1761320735004,88119744810
1761320736004,88254764972
1761320737003,88389574198
1761320738008,88525148008
1761320739003,88659506124
1761320740004,88794486918
1761320741004,88929361878
1761320742004,89064220969
1761320743004,89199219830
1761320744004,89334134280
1761320745003,89469005272
1761320746005,89604256513
1761320747004,89738892643
1761320748003,89873713221
1761320749004,90008748641
1761320750003,90143628057
1761320751003,90278386623
1761320752005,90413638352
1761320753003,90548459235
1761320754003,90683391263
1761320755004,90818323962
1761320756003,90953259163
1761320757003,91088178862
1761320758004,91223094410
1761320759003,91357859568
1761320760003,91492946624
1761320761004,91627903798
1761320762004,91762758311
1761320763003,91897711945
1761320764004,92032767020
1761320765003,92167637890
1761320766003,92302461520
1761320767004,92437435295
1761320768003,92572441419
1761320769004,92707295749
1761320770004,92842354119
1761320771004,92977212783
1761320772010,93112180577
1761320773004,93247118647
1761320774003,93382042252
1761320775003,93516966040
1761320776004,93651933529
1761320777004,93786788713
1761320778004,93921734291
1761320779004,94056673154
1761320780003,94191599750
1761320781003,94326406717
1761320782003,94461363647
1761320783003,94596147908
1761320784003,94731195353
1761320785003,94866098694
1761320786009,95001831990
1761320787003,95136090435
1761320788011,95271105714
1761320789004,95405940940
1761320790003,95540841535
1761320791004,95675767642
1761320792005,95810843957
1761320793004,95945630233
1761320794003,96080381719
1761320795005,96215611170
1761320796004,96350393295
1761320797003,96485372625
1761320798004,96620368129
1761320799004,96755313096
1761320800003,96890145698
1761320801004,97025047513
1761320802004,97159981677
1761320803003,97294938302
1761320804003,97429814604
1761320805003,97564757862
1761320806004,97699810739
1761320807003,97834739471
1761320808003,97969531607
1761320809003,98104482250
1761320810003,98239379121
1761320811007,98374425834
1761320812003,98509369641
1761320813004,98644347384
1761320814004,98779088860
1761320815003,98913997328
1761320816004,99049096348
1761320817004,99183983942
1761320818004,99318949050
1761320819003,99453710424
1761320820003,99588773738
1761320821003,99723628434
1761320822004,99858579017
1761320823003,99993413877
1761320824003,100128340655
1761320825004,100263288735
1761320826004,100398298338
1761320827004,100533231220
1761320828004,100668238138
1761320829004,100803142089
1761320830004,100938050863
1761320831004,101072962260
1761320832004,101207892274
1761320833003,101342788657
1761320834004,101477766339
1761320835003,101612678347
1761320836004,101747550072
1761320837004,101882505903
1761320838004,102017420048
1761320839039,102155249224
1761320840031,102290674475
1761320841004,102422250676
1761320842003,102557186183
1761320843003,102692012193
1761320844003,102827035346
1761320845004,102961969998
1761320846004,103096858996
1761320847003,103231697335
1761320848003,103366843839
1761320849003,103501751636
1761320850003,103636640512
1761320851004,103771560821
1761320852004,103906561391
1761320853003,104041435618
1761320854003,104176239472
1761320855003,104311211234
1761320856004,104446248791
1761320857003,104580928194
1761320858002,104715953911
1761320859003,104850906385
1761320860004,104985977023
1761320861003,105120871942
1761320862003,105255804213
1761320863003,105390687047
1761320864003,105525624507
1761320865003,105660410477
1761320866003,105795539160
1761320867003,105930378475
1761320868004,106065400652
1761320869003,106200285621
1761320870003,106335195554
1761320871004,106470140948
1761320872003,106605067605
1761320873004,106740001952
1761320874003,106874933491
1761320875003,107009691874
1761320876004,107144761963
1761320877004,107279699911
1761320878003,107414629803
1761320879004,107549572633
1761320880004,107684516929
1761320881004,107819468305
1761320882003,107954390445
1761320883002,108089213464
1761320884002,108224166243
1761320885003,108359159977
1761320886002,108493877284
1761320887002,108628770493
1761320888003,108763976019
1761320889003,108898769008
1761320890004,109033681932
1761320891004,109168743293
1761320892003,109303728055
1761320893003,109438572314
1761320894003,109573427560
1761320895003,109708271575
1761320896003,109843383167
1761320897002,109978217844
1761320898002,110113049530
1761320899003,110248023428
1761320900004,110383234996
1761320901003,110517976289
1761320902002,110652956534
1761320903002,110787791272
1761320904003,110922687472
1761320905004,111057645989
1761320906005,111192837904
1761320907003,111327682468
1761320908003,111462381952
1761320909003,111597303482
1761320910003,111732293371
1761320911004,111867317683
1761320912003,112002263200
1761320913003,112137070777
1761320914003,112271958920
1761320915003,112407017535
1761320916006,112542392432
1761320917003,112676919920
1761320918004,112811912250
1761320919004,112946763589
1761320920003,113081668762
1761320921009,113217409686
1761320922004,113351476848
1761320923003,113486383485
1761320924003,113621358359
1761320925003,113756210553
1761320926003,113891046572
1761320927004,114026249046
1761320928004,114161154035
1761320929015,114297334046
1761320930014,114432542989
1761320931003,114565968184
1761320932003,114700812017
1761320933004,114835914759
1761320934003,114970815659
1761320935003,115105510871
1761320936003,115240358426
1761320937003,115375525743
1761320938002,115510346016
1761320939002,115645133452
1761320940004,115780325427
1761320941003,115915242623
1761320942004,116050003936
1761320943003,116185120289
1761320944004,116319933055
1761320945003,116454940155
1761320946003,116589857474
1761320947003,116724747387
1761320948003,116859698641
1761320949004,116994644828
1761320950004,117129550611
1761320951003,117264479526
1761320952003,117399439935
1761320953003,117534327224
1761320954004,117669240880
1761320955004,117804302485
1761320956003,117939184036
1761320957003,118073682715
1761320958002,118208937130
1761320959003,118343774248
1761320960004,118478820594
1761320961007,118613743772
1761320962003,118748646503
1761320963005,118883799904
1761320964003,119018508300
1761320965004,119153597675
1761320966004,119288554361
1761320967003,119423290589
1761320968003,119558081931
1761320969004,119693282085
1761320970004,119828215516
1761320971003,119963015952
1761320972003,120097947126
1761320973004,120232851382
1761320974004,120367945214
1761320975003,120502633895
1761320976051,120640470456
1761320977004,120772850915
1761320978047,120909201457
1761320979004,121042554082
1761320980013,121178118127
1761320981025,121315185892
1761320982004,121447229987
1761320983004,121582322232
1761320984004,121717219592
1761320985006,121852404975
1761320986002,121986936125
1761320987004,122121952381
1761320988003,122256871713
1761320989004,122391812957
1761320990004,122526692312
1761320991003,122661652660
1761320992004,122796638642
1761320993031,122934695357
1761320994004,123066393933
1761320995004,123201376498
1761320996016,123338018970
1761320997003,123471212294
1761320998003,123606086399
1761320999004,123741087518
1761321000004,123876008255
1761321001003,124010984594
1761321002005,124145968928
1761321003004,124280790543
1761321004003,124415696204
1761321005004,124550586423
1761321006004,124685676043
1761321007003,124820405678
1761321008003,124955413633
1761321009003,125090346576
1761321010003,125225355813
1761321011003,125360164978
1761321012003,125495116964
1761321013004,125630004741
1761321014004,125764935182
1761321015004,125900036642
1761321016004,126034929547
1761321017003,126169860781
1761321018004,126304788231
1761321019003,126439570662
1761321020004,126574653995
1761321021004,126709574670
1761321022003,126844458053
1761321023003,126979281377
1761321024003,127114363978
1761321025004,127249212388
1761321026004,127384202032
1761321027004,127519054531
1761321028003,127654091600
1761321029003,127789034187
1761321030004,127923870939
1761321031004,128058759326
1761321032004,128193674508
1761321033004,128328791960
1761321034003,128463533070
1761321035004,128598584727
1761321036007,128733914275
1761321037003,128868328909
1761321038003,129003273937
1761321039003,129138298738
1761321040003,129273208061
1761321041004,129408209668
1761321042003,129543051425
1761321043005,129677950677
1761321044003,129812921157
1761321045007,129947829930
1761321046004,130082698725
1761321047003,130217632523
1761321048003,130352754919
1761321049003,130487458736
1761321050003,130622511369
1761321051003,130757417762
1761321052003,130892146970
1761321053003,131027185992
1761321054003,131162231728
1761321055004,131297029113
1761321056004,131432139240
1761321057003,131566769328
1761321058003,131701913513
1761321059012,131837998553
1761321060005,131971987712
1761321061004,132106664491
1761321062004,132241657004
1761321063004,132376562665
1761321064008,132512054689
1761321065005,132646616600
1761321066004,132781482466
1761321067005,132916299442
1761321068004,133051191614
1761321069004,133186174240
1761321070004,133321117620
1761321071004,133456034084
1761321072002,133590749193
1761321073004,133725932013
1761321074004,133860743497
1761321075003,133995737109
1761321076002,134130490853
1761321077004,134265766935
1761321078003,134400419972
1761321079009,134536229866
1761321080004,134670558562
1761321081003,134805252309
1761321082005,134940489085
1761321083005,135075174470
1761321084005,135210212881
1761321085004,135344881604
1761321086004,135479944369
1761321087004,135614693841
1761321088004,135749846205
1761321089003,135884647434
1761321090003,136019530451
1761321091003,136154432693
1761321092004,136289435460
1761321093004,136424360591
1761321094003,136559288590
1761321095003,136694237159
1761321096003,136829145566
1761321097003,136964055132
1761321098003,137098992897
1761321099016,137235734246
1761321100020,137370736586
1761321101004,137504033730
1761321102004,137638841430
1761321103003,137773801595
1761321104006,137908771098
1761321105003,138043462159
1761321106003,138178409079
1761321107003,138313387432
1761321108003,138448310000
1761321109006,138583297630
1761321110004,138718280073
1761321111004,138853168399
1761321112003,138988082605
1761321113004,139123038253
1761321114005,139258211308
1761321115003,139392701259
1761321116003,139527785752
1761321117002,139662551276
1761321118008,139798401514
1761321119004,139932604601
1761321120003,140067450447
1761321121003,140202483793
1761321122003,140337411243
1761321123004,140472312814
1761321124003,140607169341
1761321125004,140742161793
1761321126003,140877003672
1761321127004,141011944977
1761321128004,141147015188
1761321129005,141281914989
1761321130004,141416905671
1761321131004,141551817008
1761321132004,141686736280
1761321133005,141821756381
1761321134004,141956578484
1761321135006,142091792249
1761321136004,142226446690
1761321137004,142361374506
1761321138004,142496255508
1761321139007,142631233923
1761321140004,142766154293
1761321141003,142901070207
1761321142004,143035991615
1761321143005,143170909055
1761321144004,143305858233
1761321145004,143440793129
1761321146004,143575604979
1761321147007,143711121905
1761321148005,143845656595
1761321149004,143980440308
1761321150009,144116097980
1761321151012,144251444924
1761321152011,144385661133
1761321153013,144521362507
1761321154009,144655798564
1761321155007,144790083560
1761321156004,144924934167
1761321157004,145059847578
1761321158006,145195097232
1761321159009,145330426537
1761321160004,145464786727
1761321161004,145599715886
1761321162006,145734508449
1761321163005,145869546494
1761321164003,146004328925
1761321165004,146139273648
1761321166004,146274376391
1761321167004,146409231819
1761321168003,146544074980
1761321169004,146679042530
1761321170004,146814045663
1761321171004,146949004119
1761321172003,147083785207
1761321173003,147218714061
1761321174004,147353655244
1761321175004,147488560172
1761321176003,147623589734
1761321177003,147758489474
1761321178003,147893324639
1761321179003,148028420362
1761321180003,148163264499
1761321181004,148298241754
1761321182004,148433129104
1761321183003,148567933263
1761321184003,148702940669
1761321185003,148837854264
1761321186003,148972845862
1761321187003,149107624203
1761321188003,149242469073
1761321189003,149377566200
1761321190004,149512614378
1761321191003,149647508625
1761321192003,149782478433
1761321193004,149917446776
1761321194004,150052308003
1761321195003,150187217265
1761321196003,150322181153
1761321197003,150457017539
1761321198003,150591962017
1761321199004,150726887819
1761321200003,150861874229
1761321201003,150996689253
1761321202003,151131705509
1761321203003,151266566491
1761321204003,151401576461
1761321205003,151536479497
1761321206003,151671377040
1761321207003,151806339524
1761321208003,151941304693
1761321209003,152076168972
1761321210003,152211144823
1761321211004,152346229560
1761321212004,152481059110
1761321213005,152616021960
1761321214006,152751035164
1761321215017,152886853725
1761321216004,153020833668
1761321217035,153159558166
1761321218007,153290994475
1761321219004,153425606313
1761321220005,153560614085
1761321221010,153696195342
1761321222008,153830452262
1761321223004,153965368909
1761321224003,154100054233
1761321225024,154237834886
1761321226009,154370757886
1761321227036,154509345177
1761321228004,154639929743
1761321229003,154774689163
1761321230003,154909641943
1761321231005,155044842769
1761321232012,155180650649
1761321233005,155314702429
1761321234027,155450513788
1761321235005,155584504839
1761321236004,155719282815
1761321237015,155854532041
1761321238023,155990931961
1761321239006,156124379861
1761321240004,156259204833
1761321241006,156394349629
1761321242003,156528850688
1761321243004,156663911256
1761321244007,156798904013
1761321245004,156933660809
1761321246004,157068686770
1761321247007,157203607506
1761321248004,157338573835
1761321249003,157473365665
1761321250004,157608240992
1761321251004,157743374984
1761321252023,157878808902
1761321253005,158013180873
1761321254004,158148077378
1761321255004,158283031500
1761321256005,158418108303
1761321257004,158552863940
1761321258007,158688251288
1761321259003,158822650358
1761321260013,158958865342
1761321261004,159092645822
1761321262004,159227516265
1761321263004,159362473256
1761321264004,159497373179
1761321265013,159633498929
1761321266004,159767185416
1761321267003,159902131665
1761321268004,160037058993
1761321269004,160172025444
1761321270005,160307089856
1761321271004,160441885105
1761321272003,160576819757
1761321273008,160712243726
1761321274005,160846762791
1761321275004,160981713129
1761321276005,161116647720
1761321277008,161251926488
1761321278003,161386353573
1761321279005,161521426347
1761321280004,161656195656
1761321281005,161791045652
1761321282004,161926013996
1761321283004,162060996926
1761321284004,162196018126
1761321285004,162330941670
1761321286004,162465901102
1761321287005,162600845093
1761321288005,162735711081
1761321289004,162870682964
1761321290005,163005567140
1761321291005,163140558921
1761321292004,163275481488
1761321293010,163411047425
1761321294008,163545875755
1761321295004,163680184676
1761321296005,163815175480
1761321297004,163950137964
1761321298004,164085020981
1761321299004,164219905523
1761321300004,164354814785
1761321301004,164489775926
1761321302004,164624707099
1761321303008,164760223781
1761321304004,164894564257
1761321305005,165029586922
1761321306004,165164484709
1761321307004,165299431141
1761321308004,165434249949
1761321309004,165569394378
1761321310006,165704559071
1761321311004,165839008373
1761321312004,165973907320
1761321313004,166108877799
1761321314004,166243959424
1761321315008,166379319124
1761321316004,166513684197
1761321317004,166648627272
1761321318004,166783656528
1761321319004,166918627069
1761321320004,167053419082
1761321321004,167188357152
1761321322004,167323355708
1761321323004,167458187211
1761321324004,167593122107
1761321325004,167727959836
1761321326003,167862880816
1761321327004,167997814309
1761321328004,168132754332
1761321329004,168267728535
1761321330008,168403262001
1761321331004,168537553894
1761321332013,168673734087
1761321333005,168807735819
1761321334005,168942625183
1761321335003,169077209312
1761321336004,169212318890
1761321337004,169347220888
1761321338004,169482198936
1761321339004,169617120649
1761321340004,169751971561
1761321341006,169887042077
1761321342005,170022021834
1761321343005,170156965398
1761321344004,170291729335
1761321345004,170426652146
1761321346004,170561557257
1761321347004,170696550564
1761321348016,170831433275
1761321349004,170966393928
1761321350005,171101425138
1761321351005,171236453784
1761321352008,171371810493
1761321353005,171506192595
1761321354005,171641144276
1761321355004,171776062754
1761321356008,171911539580
1761321357004,172045748343
1761321358008,172181363169
1761321359004,172315765291
1761321360006,172450798148
1761321361005,172585532667
1761321362004,172720518344
1761321363004,172855293512
1761321364004,172990272658
1761321365004,173125289586
1761321366004,173260248469
1761321367003,173395015092
1761321368004,173530058325
1761321369004,173665014156
1761321370003,173799803301
1761321371011,173935013831
1761321372006,174070022153
1761321373004,174204680926
1761321374006,174339913612
1761321375003,174474443114
1761321376004,174609511311
1761321377004,174744362467
1761321378007,174879616699
1761321379014,175014939167
1761321380006,175149345256
1761321381005,175284254701
1761321382004,175419079978
1761321383004,175554021466
1761321384003,175688889834
1761321385003,175823684228
1761321386003,175958639449
1761321387004,176093665471
1761321388004,176228625818
1761321389003,176363513901
1761321390004,176498465032
1761321391004,176633281704
1761321392003,176768185289
1761321393003,176903140998
1761321394009,177038788051
1761321395007,177173213610
1761321396004,177308042428
1761321397006,177443233854
1761321398008,177578536669
1761321399004,177712919565
1761321400004,177847729278
1761321401004,177982765798
1761321402005,178117706676
1761321403003,178252468538
1761321404004,178387434318
1761321405004,178522289075
1761321406005,178657387545
1761321407004,178792183526
1761321408004,178927134596
1761321409005,179062244358
1761321410003,179196906977
1761321411004,179332061843
1761321412004,179466817297
1761321413005,179602053095
1761321414005,179736893754
1761321415008,179872338048
1761321416005,180006826168
1761321417005,180141701677
1761321418004,180276656105
1761321419004,180411405577
1761321420003,180546196186
1761321421003,180681131571
1761321422004,180816252746
1761321423004,180951141439
1761321424004,181086052409
1761321425004,181221014588
1761321426003,181355774558
1761321427003,181490669599
1761321428004,181625758486
1761321429004,181760741295
1761321430004,181895734968
1761321431004,182030509769
1761321432004,182165586633
1761321433004,182300473678
1761321434003,182435331365
1761321435004,182570248073
1761321436004,182705282944
1761321437004,182840130927
1761321438004,182975084011
1761321439003,183109926989
1761321440003,183244743538
1761321441004,183379949308
1761321442004,183514930408
1761321443004,183649671396
1761321444004,183784592193
1761321445008,183920055103
1761321446007,184054843332
1761321447004,184189345490
1761321448004,184324426016
1761321449013,184460353524
1761321450004,184594282991
1761321451004,184729133537
1761321452004,184863984083
1761321453004,184998881626
1761321454004,185133865594
1761321455005,185269017653
1761321456008,185404461459
1761321457003,185538665827
1761321458006,185673918777
1761321459006,185808903905
1761321460004,185943471004
1761321461004,186078268938
1761321462004,186213463294
1761321463004,186348263914
1761321464003,186483110065
1761321465004,186618178872
1761321466002,186752921813
1761321467003,186887870564
1761321468003,187022905375
1761321469004,187157851929
1761321470004,187292828817
1761321471003,187427725261
1761321472003,187562586611
1761321473003,187697589256
1761321474003,187832462018
1761321475004,187967603335
1761321476005,188102653038
1761321477004,188237266768
1761321478003,188372210759
1761321479005,188507291406
1761321480005,188642141159
1761321481004,188777014898
1761321482013,188913159142
1761321483004,189046992112
1761321484004,189181783149
1761321485003,189316639249
1761321486004,189451668933
1761321487004,189586546639
1761321488008,189722126858
1761321489003,189856389271
1761321490004,189991310190
1761321491004,190126375824
1761321492003,190261221243
1761321493012,190397275032
1761321494003,190531029390
1761321495004,190666114432
1761321496004,190801010083
1761321497005,190936090731
1761321498004,191070879997
1761321499004,191205771742
1761321500006,191341045749
1761321501004,191475657648
1761321502003,191610413345
1761321503004,191745534703
1761321504004,191880423396
1761321505009,192016019851
1761321506009,192150930577
1761321507004,192285209836
1761321508003,192420145159
1761321509004,192555169533
1761321510003,192689917173
1761321511004,192824872211
1761321512004,192959770975
1761321513003,193094644653
1761321514004,193229643392
1761321515004,193364644816
1761321516023,193502261896
1761321517005,193634626852
1761321518004,193769390911
1761321519004,193904377016
1761321520005,194039348472
1761321521004,194174231855
1761321522004,194309076481
1761321523004,194444166894
1761321524004,194578939803
1761321525006,194714158512
1761321526004,194848964564
1761321527004,194983771226
1761321528004,195118839178
1761321529004,195253755215
1761321530004,195388501085
1761321531003,195523469246
1761321532004,195658371793
1761321533004,195793395374
1761321534004,195928210214
1761321535008,196063878812
1761321536005,196198232045
1761321537003,196332956370
1761321538004,196467900239
1761321539003,196603008963
1761321540003,196737807690
1761321541003,196872714144
1761321542003,197007599296
1761321543007,197142606763
1761321544006,197277892428
1761321545004,197412396112
1761321546003,197547470229
1761321547004,197682404576
1761321548004,197817307123
1761321549004,197952225113
1761321550004,198087137060
1761321551004,198222094784
1761321552004,198357043291
1761321553004,198491926612
1761321554004,198626891416
1761321555003,198761777484
1761321556004,198896758645
1761321557004,199031652281
1761321558003,199166555378
1761321559004,199301604166
1761321560004,199436389465
1761321561004,199571334432
1761321562003,199706260540
1761321563004,199841321717
1761321564003,199976130027
1761321565004,200111028791
1761321566004,200246087832
1761321567003,200380905968
1761321568004,200515972273
1761321569004,200650900272
1761321570004,200785755701
1761321571004,200920769027
1761321572004,201055705266
1761321573003,201190479030
1761321574003,201325403917
1761321575003,201460304694
1761321576003,201595260037
1761321577003,201730216296
1761321578003,201865117867
1761321579003,202000078337
1761321580004,202134956715
1761321581004,202270000436
1761321582003,202404894073
1761321583003,202539734792
1761321584003,202674674144
1761321585007,202809691499
1761321586004,202944638907
1761321587003,203079543774
1761321588003,203214252536
1761321589004,203349426811
1761321590004,203484400648
1761321591003,203619091587
1761321592004,203754218988
1761321593003,203889009536
1761321594004,204024076451
1761321595002,204158799556
1761321596004,204293774430
1761321597004,204428892249
1761321598004,204563744442
1761321599002,204698516192
1761321600003,204833610451
1761321601003,204968512876
1761321602003,205103481891
1761321603004,205238435586
1761321604003,205373240295
1761321605003,205508241719
1761321606003,205643168010
1761321607004,205778102540
1761321608002,205912983725
1761321609003,206047997418
1761321610004,206182937319
1761321611004,206317719750
1761321612003,206452777265
1761321613003,206587648136
1761321614003,206722664392
1761321615004,206857621627
1761321616004,206992346379
1761321617004,207127349147
1761321618004,207262260972
1761321619004,207397306646
1761321620004,207532247829
1761321621008,207667711411
1761321622004,207802037422
1761321623004,207937039701
1761321624003,208071871204
1761321625004,208206994576
1761321626004,208341816008
1761321627004,208476618886
1761321628004,208611680674
1761321629004,208746620148
1761321630003,208881447134
1761321631003,209016352917
1761321632003,209151366365
1761321633003,209286248039
1761321634003,209421249097
1761321635004,209556157992
1761321636004,209691021356
1761321637004,209826018080
1761321638003,209960928257
1761321639004,210095882380
1761321640004,210230805862
1761321641004,210365744421
1761321642004,210500773677
1761321643003,210635560747
1761321644004,210770558387
1761321645003,210905459897
1761321646004,211040476580
1761321647004,211175241433
1761321648004,211310301207
1761321649004,211445167378
1761321650004,211580181131
1761321651004,211715021118
1761321652006,211850145955
1761321653004,211984834758
1761321654008,212120446533
1761321655003,212254666038
1761321656004,212389755536
1761321657003,212524624636
1761321658004,212659585655
1761321659003,212794399947
1761321660004,212929305790
1761321661003,213064315882
1761321662003,213199206833
1761321663003,213334209844
1761321664004,213469126552
1761321665005,213604201645
1761321666004,213739035346
1761321667004,213873949612
1761321668003,214008699816
1761321669004,214143777474
1761321670004,214278680693
1761321671012,214414671800
1761321672004,214548403086
1761321673004,214683612945
1761321674008,214819051807
1761321675005,214953287425
1761321676004,215088264436
1761321677003,215223165885
1761321678003,215358091687
1761321679004,215493032442
1761321680004,215627978325
1761321681004,215762913832
1761321682005,215897935336
1761321683003,216032701654
1761321684006,216168099379
1761321685007,216302919895
1761321686004,216437537654
1761321687004,216572460831
1761321688003,216707334693
1761321689004,216842317562
1761321690004,216977248064
1761321691005,217112266395
1761321692004,217247179197
1761321693004,217382091449
1761321694004,217516883157
1761321695004,217651978576
1761321696004,217786731099
1761321697004,217921798014
1761321698008,218057326232
1761321699004,218191525656
1761321700004,218326504193
1761321701003,218461530214
1761321702004,218596318993
1761321703004,218731375471
1761321704004,218866298404
1761321705009,219001981589
1761321706003,219136062484
1761321707003,219270993901
1761321708006,219406304773
1761321709003,219540970078
1761321710003,219675759466
1761321711003,219810779446
1761321712003,219945633165
1761321713004,220080695381
1761321714005,220215758389
1761321715004,220350411670
1761321716007,220485859871
1761321717009,220621042447
1761321718004,220755392689
1761321719004,220890303721
1761321720004,221025169342
1761321721004,221160181448
1761321722005,221295246593
1761321723004,221429871492
1761321724004,221564869682
1761321725004,221699837171
1761321726004,221834815768
1761321727003,221969603082
1761321728004,222104434035
1761321729004,222239473912
1761321730004,222374384455
1761321731004,222509307266
1761321732004,222644366674
1761321733004,222779333247
1761321734004,222914268693
1761321735004,223048993934
1761321736004,223184137814
1761321737005,223319184527
1761321738003,223453764382
1761321739005,223588988890
1761321740004,223723857990
1761321741004,223858650003
1761321742004,223993618713
1761321743004,224128596395
1761321744004,224263534770
1761321745005,224398488099
1761321746004,224533336936
1761321747006,224668621502
1761321748004,224803197939
1761321749004,224938177330
1761321750004,225073071089
1761321751004,225207931095
1761321752004,225342944421
1761321753005,225477823165
1761321754006,225613038090
1761321755004,225747753322
1761321756004,225882631944
1761321757004,226017535407
1761321758004,226152450772
1761321759004,226287451281
1761321760004,226422413765
1761321761004,226557231840
1761321762004,226692215015
1761321763005,226827198861
1761321764004,226962025115
1761321765007,227097355946
1761321766003,227231859569
1761321767004,227366938507
1761321768004,227501734488
1761321769004,227636678723
1761321770005,227771703157
1761321771007,227906892692
1761321772004,228041547926
1761321773004,228176370090
1761321774004,228311275934
1761321775004,228446383315
1761321776012,228581783786
1761321777004,228716179743
1761321778006,228851398269
1761321779008,228986568578
1761321780004,229120988033
1761321781004,229255867205
1761321782004,229390822670
1761321783004,229525767454
1761321784004,229660662128
1761321785005,229795764809
1761321786004,229930504638
1761321787029,230068854320
1761321788004,230200425883
1761321789024,230336023253
1761321790025,230473101088
1761321791014,230606380044
1761321792004,230740291993
1761321793023,230877196916
1761321794017,231011527810
1761321795004,231144986209
1761321796004,231279788598
1761321797003,231414719100
1761321798003,231549648442
1761321799004,231684586695
1761321800004,231819503891
1761321801004,231954420172
1761321802004,232089323330
1761321803009,232224982650
1761321804004,232359350165
1761321805008,232494356534
1761321806005,232629305590
1761321807004,232763973580
1761321808004,232899093901
1761321809004,233033807789
1761321810004,233168904184
1761321811008,233303830597
1761321812003,233438620352
1761321813004,233573655712
1761321814004,233708413362
1761321815008,233844095632
1761321816007,233978852977
1761321817004,234113212070
1761321818004,234248282647
1761321819005,234383333204
1761321820004,234518153355
1761321821004,234653100580
1761321822005,234788140273
1761321823015,234924290682
1761321824004,235057883418
1761321825005,235192915787
1761321826005,235327776038
1761321827003,235462611203
1761321828003,235597443682
1761321829008,235733040137
1761321830008,235867979611
1761321831003,236002324848
1761321832004,236137264688
1761321833005,236272348388
1761321834005,236407295247
1761321835004,236542086284
1761321836004,236677121338
1761321837004,236811909812
1761321838003,236946789593
1761321839003,237081719546
1761321840004,237216674584
1761321841009,237352297344
1761321842004,237486625370
1761321843004,237621583581
1761321844004,237756492904
1761321845003,237891411931
1761321846003,238026045131
1761321847005,238161313157
1761321848004,238296103034
1761321849004,238431107266
1761321850004,238565955065
1761321851004,238700978767
1761321852003,238835776274
1761321853004,238970829700
1761321854006,239105738412
1761321855004,239240579925
1761321856004,239375622365
1761321857003,239510504527
1761321858003,239645366059
1761321859034,239784473430
1761321860003,239915149365
1761321861010,240051069793
1761321862005,240185320548
1761321863004,240320056898
1761321864007,240455032260
1761321865006,240590247429
1761321866004,240724848403
1761321867005,240859639501
1761321868004,240994711360
1761321869004,241129668167
1761321870003,241264554724
1761321871003,241399524410
1761321872004,241534440202
1761321873003,241669400856
1761321874004,241804269285
1761321875004,241939181110
1761321876004,242074205972
1761321877004,242209218260
1761321878005,242344033101
1761321879009,242479561562
1761321880003,242613832581
1761321881004,242748815023
1761321882004,242883793010
1761321883004,243018684633
1761321884004,243153679221
1761321885004,243288449445
1761321886004,243423391543
1761321887004,243558282006
1761321888004,243693188826
1761321889003,243828135258
1761321890004,243963100184
1761321891004,244098094345
1761321892003,244232978277
1761321893004,244368021633
1761321894004,244502819810
1761321895004,244637902350
1761321896005,244772782010
1761321897004,244907575732
1761321898003,245042482186
1761321899003,245177404143
1761321900004,245312480335
1761321901003,245447270945
1761321902003,245582224396
1761321903071,245720505170
1761321904004,245852189464
1761321905004,245987081636
1761321906004,246122020682
1761321907004,246256947949
1761321908003,246391742831
1761321909003,246526772637
1761321910003,246661615798
1761321911003,246796616306
1761321912004,246931594110
1761321913003,247066617690
1761321914043,247205882837
1761321915004,247336380977
1761321916005,247471418168
1761321917008,247606429663
1761321918008,247741785396
1761321919006,247876381914
1761321920015,248011035683
1761321921004,248146050230
1761321922004,248280976520
1761321923004,248415790323
1761321924012,248551896908
1761321925005,248685777120
1761321926003,248820551921
1761321927012,248956683592
1761321928004,249090575888
1761321929004,249225328351
1761321930004,249360233462
1761321931003,249495066857
1761321932004,249630256574
1761321933014,249766384888
1761321934004,249900164453
1761321935005,250035115462
1761321936004,250169739751
1761321937003,250304797328
1761321938004,250439610765
1761321939004,250574734076
1761321940005,250709629544
1761321941004,250844570971
1761321942003,250979334175
1761321943004,251114442350
1761321944004,251249337146
1761321945005,251384457345
1761321946004,251519208465
1761321947008,251654666065
1761321948004,251789024729
1761321949008,251924630217
1761321950005,252059069876
1761321951012,252195065743
1761321952004,252328816011
1761321953004,252463813651
1761321954004,252598477796
1761321955004,252733498264
1761321956003,252868453485
1761321957004,253003506667
1761321958005,253138449742
1761321959004,253273252497
1761321960004,253408337234
1761321961004,253543089331
1761321962004,253678148800
1761321963004,253812944048
1761321964004,253947969337
1761321965004,254082948667
1761321966004,254217857013
1761321967004,254352815224
1761321968005,254487799803
1761321969008,254623201922
1761321970004,254757566202
1761321971004,254892354309
1761321972003,255027285421
1761321973004,255162326702
1761321974004,255297246034
1761321975004,255432188621
1761321976004,255567094098
1761321977003,255701908939
1761321978003,255836960534
1761321979004,255971921614
1761321980004,256106821842
1761321981004,256241749109
1761321982003,256376519577
1761321983004,256511625921
1761321984004,256646541042
1761321985004,256781431077
1761321986008,256916924200
1761321987004,257051304410
1761321988004,257186246325
1761321989004,257321193917
1761321990003,257456131254
1761321991008,257591695360
1761321992003,257725922678
1761321993005,257860993621
1761321994004,257995812124
1761321995007,258130784740
1761321996005,258265818940
1761321997007,258400978750
1761321998004,258535619458
1761321999003,258670408297
1761322000004,258805349541
1761322001004,258940275404
1761322002004,259075167332
1761322003004,259210249933
1761322004004,259345083206
1761322005005,259480147618
1761322006003,259614984309
1761322007003,259749854814
1761322008003,259884761695
1761322009004,260019741513
1761322010004,260154746111
1761322011003,260289673378
1761322012004,260424604795
1761322013004,260559527179
1761322014003,260694447976
1761322015004,260829401122
1761322016003,260964155965
1761322017004,261099356913
1761322018011,261234133973
1761322019004,261369096579
1761322020004,261504005108
1761322021004,261639064089
1761322022007,261774297080
1761322023004,261908809736
1761322024003,262043737125
1761322025003,35308869
1761322026005,170399344
1761322027004,305215527
1761322028005,440286958
1761322029004,575026420
1761322030004,709973341
1761322031004,845034274
1761322032004,979824151
1761322033004,1114881545
1761322034005,1249893956
1761322035004,1384611872
1761322036004,1519549759
1761322037004,1654558935
1761322038006,1789614803
1761322039004,1924437090
1761322040003,2059257484
1761322041004,2194202695
1761322042004,2329125324
1761322043003,2464007913
1761322044003,2598914916
1761322045003,2733807393
1761322046004,2868785380
1761322047004,3003701539
1761322048004,3138775534
1761322049004,3273544842
1761322050004,3408470583
1761322051004,3543407371
1761322052003,3678346906
1761322053003,3813236942
1761322054004,3948264001
1761322055005,4083047408
1761322056004,4218144963
1761322057003,4352959315
1761322058004,4487962082
1761322059004,4622931951
1761322060004,4757775295
1761322061003,4892650621
1761322062003,5027524666
1761322063003,5162614408
1761322064004,5297599719
1761322065004,5432625985
1761322066004,5567407500
1761322067003,5702233998
1761322068003,5837126780
1761322069003,5972043793
1761322070004,6107131887
1761322071004,6242101451
1761322072003,6376990510
1761322073003,6511764518
1761322074005,6647081127
1761322075003,6781767855
1761322076004,6916716424
1761322077004,7051638136
1761322078004,7186535130
1761322079004,7321469355
1761322080004,7456386062
1761322081004,7591241735
1761322082004,7726207088
1761322083003,7861266801
1761322084003,7996031715
1761322085004,8131127499
1761322086004,8265957049
1761322087004,8400933876
1761322088003,8535810545
1761322089003,8670759052
1761322090004,8805650064
1761322091003,8940604858
1761322092003,9075488302
1761322093003,9210429118
1761322094003,9345351319
1761322095003,9480308982
1761322096003,9615190289
1761322097003,9750065371
1761322098003,9885114342
1761322099003,10019924300
1761322100003,10154912418
1761322101003,10289961450
1761322102003,10424838668
1761322103002,10559677190
1761322104004,10694705836
1761322105004,10829704636
1761322106003,10964483222
1761322107003,11099468533
1761322108003,11234378954
1761322109003,11369403389
1761322110003,11504314665
1761322111004,11639268115
1761322112003,11774202585
1761322113004,11909062225
1761322114003,12044045766
1761322115003,12178965220
1761322116003,12313821564
1761322117003,12448821158
1761322118003,12583748852
1761322119003,12718669893
1761322120003,12853470451
1761322121003,12988503675
1761322122004,13123485751
1761322123003,13258405816
1761322124003,13393274978
1761322125005,13528247350
1761322126003,13663134455
1761322127004,13797998734
1761322128003,13933016699
1761322129003,14067901669
1761322130003,14202820574
1761322131003,14337716225
1761322132003,14472632627
1761322133003,14607668170
1761322134007,14742506509
1761322135003,14877476684
1761322136003,15012389363
1761322137004,15147434000
1761322138003,15282311035
1761322139004,15417306845
1761322140004,15552177959
1761322141003,15687119752
1761322142003,15822039817
1761322143003,15956927350
1761322144003,16091815128
1761322145003,16226656457
1761322146003,16361684798
1761322147003,16496673588
1761322148003,16631614222
1761322149003,16766570847
1761322150003,16901353521
1761322151003,17036244839
1761322152003,17171301622
1761322153003,17306099739
1761322154003,17441222745
1761322155003,17575990466
1761322156003,17710939156
1761322157003,17845889250
1761322158003,17980892140
1761322159003,18115841135
1761322160003,18250768341
1761322161003,18385673330
1761322162003,18520567577
1761322163003,18655543123
1761322164003,18790419547
1761322165003,18925347608
1761322166004,19060318576
1761322167003,19195183587
1761322168003,19330120131
1761322169004,19465214451
1761322170003,19599985346
1761322171003,19734909012
1761322172004,19869949071
1761322173004,20004744075
1761322174003,20139575944
1761322175003,20274728431
1761322176003,20409564206
1761322177003,20544427264
1761322178003,20679279519
1761322179003,20814346678
1761322180003,20949289448
1761322181003,21084269083
1761322182004,21219176147
1761322183003,21354214376
1761322184003,21489021709
1761322185003,21623864930
1761322186004,21758985373
1761322187003,21893807416
1761322188003,22028817141
1761322189004,22163727684
1761322190004,22298677229
1761322191004,22433529056
1761322192003,22568456689
1761322193004,22703372360
1761322194004,22838318608
1761322195003,22973205165
1761322196004,23108137498
1761322197003,23243170782
1761322198003,23377868924
1761322199003,23513054308
1761322200004,23647859871
1761322201003,23782749113
1761322202003,23917728992
1761322203004,24052647470
1761322204004,24187613311
1761322205004,24322537770
1761322206003,24457494090
1761322207003,24592357758
1761322208003,24727282156
1761322209003,24862251354
1761322210004,24997284944
1761322211004,25132131828
1761322212003,25266949537
1761322213003,25402040378
1761322214003,25536886773
1761322215004,25671786819
1761322216003,25806743260
1761322217004,25941687556
1761322218003,26076521989
1761322219004,26211642492
1761322220003,26346545650
1761322221003,26481452776
1761322222003,26616252846
1761322223003,26751292661
1761322224003,26886213763
1761322225003,27021106301
1761322226004,27156135680
1761322227003,27291041645
1761322228004,27425950297
1761322229003,27560917542
1761322230004,27695792318
1761322231004,27830787578
1761322232004,27965662477
1761322233004,28100565025
1761322234003,28235495160
1761322235004,28370326541
1761322236004,28505361718
1761322237004,28640329390
1761322238003,28775253300
1761322239004,28910216822
1761322240004,29045110214
1761322241003,29179983831
1761322242003,29314844814
1761322243003,29449899461
1761322244003,29584871772
1761322245022,29722270590
1761322246003,29854607959
1761322247004,29989493356
1761322248003,30124525847
1761322249003,30259478932
1761322250004,30394385447
1761322251003,30529321380
1761322252003,30664303274
1761322253003,30799312083
1761322254003,30934135163
1761322255004,31068921195
1761322256003,31203919507
1761322257003,31338972140
1761322258004,31473858940
1761322259003,31608719008
1761322260003,31743594212
1761322261003,31878626398
1761322262004,32013602127
1761322263003,32148609593
1761322264003,32283290645
1761322265003,32418268449
1761322266003,32553275672
1761322267003,32688087216
1761322268003,32823188128
1761322269003,32958131935
1761322270003,33093073728
1761322271003,33227760639
1761322272003,33362878763
1761322273004,33497827697
1761322274003,33632743733
1761322275002,33767320049
1761322276003,33902443605
1761322277003,34037396323
1761322278003,34172407086
1761322279002,34307131350
1761322280003,34442189293
1761322281003,34577206587
1761322282003,34712031559
1761322283003,34846984094
1761322284003,34982056991
1761322285003,35116864019
1761322286004,35251813502
1761322287003,35386745469
1761322288003,35521708807
1761322289003,35656690151
1761322290003,35791560228
1761322291003,35926461250
1761322292003,36061301969
1761322293003,36196326160
1761322294003,36331340768
1761322295003,36466251067
1761322296003,36601091603
1761322297004,36735866222
1761322298003,36870952668
1761322299003,37005861868
1761322300003,37140793163
1761322301003,37275719881
1761322302003,37410699638
1761322303003,37545600965
1761322304003,37680379978
1761322305003,37815291437
1761322306003,37950411147
1761322307003,38085218419
1761322308003,38220247920
1761322309003,38355227616
1761322310003,38490041235
1761322311003,38625152401
1761322312003,38759932146
1761322313003,38894995460
1761322314003,39029804746
1761322315003,39164694598
1761322316002,39299767251
1761322317003,39434531432
1761322318003,39569593403
1761322319003,39704552042
1761322320003,39839481384
1761322321003,39974346151
1761322322002,40109199139
1761322323003,40244214174
1761322324003,40379196189
1761322325003,40513739363
1761322326003,40649147097
1761322327003,40783954735
1761322328003,40918950484
1761322329003,41053809818
1761322330003,41188688746
1761322331003,41323667770
1761322332003,41458705083
1761322333003,41593460476
1761322334003,41728275377
1761322335003,41863336372
1761322336003,41998407986
1761322337003,42133285815
1761322338002,42268146065
1761322339002,42403036284
1761322340002,42537876454
1761322341003,42672932627
1761322342002,42807869110
1761322343003,42942707632
1761322344003,43077664195
1761322345003,43212480928
1761322346003,43347467338
1761322347004,43482569287
1761322348008,43618043244
1761322349005,43752557060
1761322350004,43887381239
1761322351003,44022275486
1761322352003,44157251398
1761322353003,44292005996
1761322354004,44427033239
1761322355004,44561917049
1761322356008,44697552322
1761322357005,44832006201
1761322358004,44966840573
1761322359004,45101667803
1761322360016,45238423801
1761322361004,45371554502
1761322362005,45506716388
1761322363004,45641363992
1761322364006,45776486693
1761322365004,45911384053
1761322366004,46046270182
1761322367004,46181238282
1761322368016,46317747454
1761322369019,46451610941
1761322370003,46585845766
1761322371003,46720941368
1761322372005,46855971906
1761322373019,46992810423
1761322374004,47125723535
1761322375025,47261967448
1761322376030,47396536257
1761322377008,47531043298
1761322378007,47665950423
1761322379013,47800591314
1761322380017,47935916102
1761322381063,48075311253
1761322382008,48205696295
1761322383006,48340185086
1761322384009,48475678392
1761322385008,48609917855
1761322386005,48744973540
1761322387014,48880693041
1761322388004,49014712473
1761322389003,49149593476
1761322390003,49284530508
1761322391003,49419428234
1761322392004,49554295931
1761322393004,49689296562
1761322394004,49824256665
1761322395003,49959112094
1761322396003,50094056939
1761322397004,50229014235
1761322398003,50363994053
1761322399020,50498876337
1761322400011,50634731153
1761322401004,50768795202
1761322402007,50904052790
1761322403008,51039279190
1761322404005,51173605262
1761322405004,51308441037
1761322406012,51444352921
1761322407009,51579067481
1761322408004,51713371336
1761322409003,51848125447
1761322410003,51983002299
1761322411004,52118009582
1761322412004,52252977804
1761322413003,52387796978
1761322414006,52523169678
1761322415010,52658631245
1761322416005,52792825360
1761322417012,52928010072
1761322418004,53062523583
1761322419004,53197488692
1761322420024,53335277767
1761322421004,53467367029
1761322422006,53602521224
1761322423004,53737290532
1761322424004,53872162318
1761322425005,54007316086
1761322426005,54141954535
1761322427003,54276944180
1761322428004,54411794360
1761322429004,54546792671
1761322430004,54681870145
1761322431004,54816695789
1761322432004,54951564523
1761322433004,55086523528
1761322434014,55222658861
1761322435004,55356281505
1761322436003,55491292878
1761322437003,55626162467
1761322438004,55761109875
1761322439003,55896026583
1761322440003,56030710564
1761322441003,56165892652
1761322442003,56300829502
1761322443004,56435662042
1761322444003,56570682510
1761322445003,56705597997
1761322446003,56840584529
1761322447003,56975255204
1761322448003,57110461768
1761322449003,57245226559
1761322450003,57380206682
1761322451003,57515205788
1761322452004,57650103636
1761322453003,57784918537
1761322454003,57919914346
1761322455004,58054974730
1761322456003,58189969502
1761322457003,58324799235
1761322458003,58459631837
1761322459003,58594554343
1761322460003,58729398358
1761322461003,58864398745
1761322462004,58999487083
1761322463003,59134262251
1761322464003,59269183414
1761322465003,59404001611
1761322466003,59539019149
1761322467003,59673905217
1761322468003,59808927760
1761322469003,59943926804
1761322470003,60078904242
1761322471004,60213721829
1761322472002,60348597033
1761322473002,60483401070
1761322474003,60618515104
1761322475003,60753420276
1761322476003,60888411080
1761322477002,61023166656
1761322478003,61158163258
1761322479003,61293201731
1761322480003,61428118988
1761322481003,61563052237
1761322482003,61697986156
1761322483004,61833046052
1761322484003,61967846366
1761322485047,62105595403
1761322486006,62237987276
1761322487004,62372612908
1761322488007,62507982740
1761322489004,62642537022
1761322490003,62777392451
1761322491002,62912285416
1761322492004,63047282202
1761322493003,63182190914
1761322494004,63317053850
1761322495003,63452087318
1761322496003,63586921994
1761322497004,63721928973
1761322498003,63856679910
1761322499003,63991713988
1761322500005,64126735859
1761322501003,64261617350
1761322502003,64396540161
1761322503003,64531415487
1761322504004,64666339580
1761322505004,64801411744
1761322506003,64936272971
1761322507004,65071257367
1761322508003,65206194521
1761322509003,65341148766
1761322510003,65475920638
1761322511003,65610828129
1761322512004,65745934900
1761322513003,65880801193
1761322514003,66015611395
1761322515004,66150617946
1761322516004,66285634873
1761322517003,66420560736
1761322518002,66555375943
1761322519004,66690391405
1761322520004,66825310860
1761322521004,66960238432
1761322522003,67095149158
1761322523003,67230110178
1761322524004,67365039886
1761322525003,67499777517
1761322526003,67634681285
1761322527003,67769679536
1761322528004,67904773184
1761322529003,68039649548
1761322530002,68174385104
1761322531003,68309631035
1761322532003,68444443922
1761322533003,68579336155
1761322534004,68714287591
1761322535004,68849262832
1761322536004,68984253209
1761322537003,69119108821
1761322538003,69253962785
1761322539003,69389058996
1761322540004,69523992794
1761322541004,69658800860
1761322542003,69793847572
1761322543004,69928584837
1761322544004,70063688007
1761322545003,70198467996
1761322546003,70333485167
1761322547004,70468485493
1761322548004,70603324015
1761322549003,70738147462
1761322550003,70873133017
1761322551004,71008211712
1761322552003,71143030519
1761322553004,71277976585
1761322554004,71412940900
1761322555003,71547884891
1761322556003,71682776269
1761322557003,71817712142
1761322558003,71952718205
1761322559004,72087668665
1761322560004,72222653000
1761322561004,72357462469
1761322562002,72492191982
1761322563004,72627252306
1761322564004,72762217048
1761322565004,72897136808
1761322566004,73032027026
1761322567004,73167062691
1761322568004,73301990813
1761322569005,73436983204
1761322570004,73571862253
1761322571004,73706777313
1761322572004,73841731802
1761322573003,73976444042
1761322574004,74111441682
1761322575004,74246546988
1761322576003,74381335340
1761322577004,74516342257
1761322578004,74651205254
1761322579004,74786219069
1761322580004,74921153904
1761322581003,75055964045
1761322582003,75190900467
1761322583004,75325970739
1761322584003,75460808040
1761322585003,75595729814
1761322586004,75730654517
1761322587004,75865620053
1761322588004,76000562151
1761322589003,76135443032
1761322590003,76270361082
1761322591004,76405339313
1761322592003,76540185099
1761322593002,76675048950
1761322594003,76810128560
1761322595006,76945502115
1761322596004,77079968385
1761322597004,77214880149
1761322598003,77349721478
1761322599004,77484810610
1761322600003,77619660851
1761322601004,77754725568
1761322602004,77889504764
1761322603003,78024471277
1761322604003,78159325119
1761322605005,78294341619
1761322606004,78429327296
1761322607004,78564164536
1761322608003,78699011847
1761322609003,78834026150
1761322610003,78968971667
1761322611004,79103815315
1761322612003,79238848295
1761322613004,79373738269
1761322614003,79508598947
1761322615004,79643655242
1761322616004,79778549306
1761322617004,79913470713
1761322618004,80048492096
1761322619003,80183174979
1761322620004,80318179760
1761322621004,80453212740
1761322622042,80589286122
1761322623004,80722961866
1761322624004,80858069980
1761322625003,80992938226
1761322626003,81127799880
1761322627003,81262659520
1761322628004,81397671015
1761322629003,81532641434
1761322630004,81667546728
1761322631003,81802300046
1761322632003,81937293047
1761322633002,82072215858
1761322634003,82207270750
1761322635003,82342188190
1761322636004,82477154580
1761322637004,82611935180
1761322638004,82746951619
1761322639004,82881926798
1761322640003,83016792237
1761322641003,83151805014
1761322642003,83286734417
1761322643004,83421609560
1761322644003,83556583274
1761322645004,83691500653
1761322646007,83826930116
1761322647002,83961269921
1761322648002,84096287154
1761322649002,84231114629
1761322650003,84366090845
1761322651003,84501009140
1761322652003,84635848089
1761322653003,84770867275
1761322654003,84905790147
1761322655004,85040797004
1761322656003,85175619962
1761322657003,85310632861
1761322658003,85445492135
1761322659004,85580420378
1761322660003,85715334096
1761322661005,85850422190
1761322662003,85985235016
1761322663003,86120159475
1761322664003,86255142345
1761322665003,86390083589
1761322666003,86525058402
1761322667004,86659985974
1761322668004,86794872409
1761322669004,86929838433
1761322670004,87064820082
1761322671004,87199700779
1761322672004,87334624079
1761322673004,87469411636
1761322674003,87604483495
1761322675004,87739396053
1761322676004,87874379838
1761322677004,88009191810
1761322678003,88144101254
1761322679003,88279086810
1761322680003,88413960061
1761322681003,88548950193
1761322682003,88683761006
1761322683003,88818769327
1761322684003,88953748535
1761322685004,89088771260
1761322686003,89223583110
1761322687003,89358452149
1761322688003,89493437278
1761322689004,89628324811
1761322690003,89763244997
1761322691003,89898184716
1761322692003,90033159162
1761322693004,90168193729
1761322694004,90303039331
1761322695003,90437902694
1761322696004,90572752874
1761322697004,90707937098
1761322698003,90842626267
1761322699004,90977604804
1761322700003,91112655789
1761322701003,91247475268
1761322702003,91382401009
1761322703003,91517360624
1761322704003,91652279102
1761322705004,91787200082
1761322706003,91922190398
1761322707004,92057160329
1761322708004,92192055003
1761322709003,92326921784
1761322710002,92461742057
1761322711002,92596742565
1761322712002,92731640658
1761322713003,92866588676
1761322714002,93001527235
1761322715002,93136447422
1761322716003,93271474664
1761322717003,93406399184
1761322718003,93541131994
1761322719005,93676305231
1761322720003,93811143021
1761322721003,93946004736
1761322722004,94081140987
1761322723004,94216015093
1761322724005,94351150062
1761322725003,94485739500
1761322726004,94620779376
1761322727003,94755756753
1761322728003,94890516295
1761322729003,95025519917
1761322730003,95160422343
1761322731003,95295421875
1761322732003,95430315084
1761322733003,95565306011
1761322734004,95700223817
1761322735003,95835193565
1761322736003,95970073346
1761322737004,96105020327
1761322738003,96239897424
1761322739014,96376089519
1761322740003,96509720402
1761322741041,96645771323
1761322742004,96779732467
1761322743003,96914589788
1761322744006,97049735804
1761322745004,97184521043
1761322746003,97319324226
1761322747003,97454351224
1761322748004,97589075366
1761322749003,97724107796
1761322750003,97859040617
1761322751003,97993900929
1761322752003,98128910654
1761322753003,98263887420
1761322754004,98398865590
1761322755009,98534287546
1761322756005,98668680513
1761322757003,98803440971
1761322758004,98938576306
1761322759004,99073476290
1761322760005,99208609306
1761322761003,99343179945
1761322762003,99478146702
1761322763003,99613078119
1761322764009,99748108840
1761322765003,99883084142
1761322766003,100017886531
1761322767003,100152763566
1761322768003,100287727881
1761322769002,100422639401
1761322770002,100557445392
1761322771005,100692764015
1761322772003,100827481688
1761322773003,100962449665
1761322774002,101097116679
1761322775004,101232229980
1761322776003,101367228658
1761322777010,101502833902
1761322778009,101637644714
1761322779003,101771961386
1761322780002,101906917157
1761322781003,102041774416
1761322782004,102176867210
1761322783004,102311806867
1761322784003,102446719913
1761322785002,102581510095
1761322786003,102716413681
1761322787003,102851302862
1761322788003,102986503932
1761322789003,103121303391
1761322790003,103256291449
1761322791002,103390926785
1761322792003,103526169420
1761322793003,103660942818
1761322794002,103795798246
1761322795003,103930741993
1761322796003,104065702463
1761322797003,104200645904
1761322798003,104335541433
1761322799003,104470628245
1761322800003,104605545563
1761322801003,104740379996
1761322802003,104875388744
1761322803003,105010159334
1761322804003,105145255912
1761322805002,105279942152
1761322806002,105414996250
1761322807003,105549990838
1761322808010,105685387586
1761322809002,105819628942
1761322810003,105954812617
1761322811003,106089732559
1761322812004,106224761572
1761322813004,106359579525
1761322814004,106494650407
1761322815003,106629440650
1761322816003,106764467832
1761322817003,106899309650
1761322818003,107034338845
1761322819002,107169130675
1761322820016,107304564227
1761322821003,107438937113
1761322822003,107573910645
1761322823004,107709001302
1761322824003,107843899333
1761322825004,107978728212
1761322826005,108113595481
1761322827003,108248591352
1761322828003,108383600833
1761322829004,108518542504
1761322830004,108653456587
1761322831004,108788358830
1761322832004,108923236780
1761322833003,109058202988
1761322834004,109193074224
1761322835004,109328019496
1761322836003,109462972703
1761322837002,109597733650
1761322838003,109732767240
1761322839003,109867767565
1761322840003,110002654244
1761322841005,110137807768
1761322842003,110272548328
1761322843003,110407439707
1761322844004,110542493621
1761322845004,110677380056
1761322846002,110812227611
1761322847003,110947158784
1761322848004,111082184195
1761322849004,111217178784
1761322850004,111351902987
1761322851004,111486897210
1761322852017,111623350962
1761322853004,111756765903
1761322854006,111891919305
1761322855006,112027015517
1761322856004,112161488805
1761322857004,112296573237
1761322858004,112431348222
1761322859004,112566422888
1761322860003,112701227048
1761322861004,112836262102
1761322862003,112971131447
1761322863003,113106071287
1761322864027,113241602251
1761322865004,113375812479
1761322866003,113510757019
1761322867003,113645715841
1761322868003,113780727336
1761322869004,113915687073
1761322870003,114050517966
1761322871003,114185435711
1761322872003,114320482729
1761322873002,114455365501
1761322874003,114590093550
1761322875003,114724923344
1761322876002,114859939844
1761322877003,114995084334
1761322878003,115130003362
1761322879003,115264953456
1761322880003,115399884140
1761322881003,115534894842
1761322882003,115669752102
1761322883003,115804591601
1761322884004,115939405464
1761322885003,116074490385
1761322886003,116209461231
1761322887003,116344379953
1761322888003,116479230376
1761322889004,116614417958
1761322890003,116749126780
1761322891004,116884031647
1761322892027,117021028855
1761322893003,117153857739
1761322894003,117288900789
1761322895004,117423746147
1761322896004,117558821179
1761322897004,117693616306
1761322898004,117828666619
1761322899004,117963609572
1761322900003,118098279454
1761322901003,118233348566
1761322902003,118368295914
1761322903002,118503194433
1761322904002,118638159786
1761322905003,118773024614
1761322906015,118909577853
1761322907002,119042905332
1761322908002,119177887713
1761322909003,119312755166
1761322910003,119447597960
1761322911003,119582611958
1761322912003,119717555338
1761322913003,119852470154
1761322914003,119987554647
1761322915003,120122266155
1761322916003,120257283571
1761322917003,120392274131
1761322918003,120527202985
1761322919003,120661999637
1761322920003,120797129479
1761322921003,120931935530
1761322922002,121066739201
1761322923003,121201751795
1761322924003,121336799911
1761322925003,121471524725
1761322926002,121606614589
1761322927003,121741510850
1761322928004,121876496467
1761322929003,122011468289
1761322930003,122146306689
1761322931004,122281299813
1761322932004,122416137785
1761322933003,122551082020
1761322934003,122686104379
1761322935003,122820818146
1761322936003,122955877798
1761322937003,123090798351
1761322938003,123225738191
1761322939003,123360603751
1761322940003,123495669323
1761322941003,123630407870
1761322942003,123765544914
1761322943004,123900272292
1761322944003,124035386631
1761322945004,124170177667
1761322946003,124305214919
1761322947003,124440172704
1761322948003,124574904354
1761322949002,124709908830
1761322950003,124844787696
1761322951003,124979813290
1761322952003,125114796709
1761322953003,125249592507
1761322954003,125384373534
1761322955003,125519466205
1761322956004,125654549051
1761322957003,125789293823
1761322958003,125924352559
1761322959003,126059305705
1761322960004,126194169068
1761322961003,126329158285
1761322962002,126463987896
1761322963003,126598940554
1761322964003,126733935753
1761322965003,126868800703
1761322966003,127003776981
1761322967003,127138662927
1761322968004,127273609359
1761322969003,127408552861
1761322970003,127543499354
1761322971004,127678532700
1761322972004,127813284003
1761322973004,127948368923
1761322974009,128083875534
1761322975005,128218349494
1761322976005,128353174222
1761322977005,128488262682
1761322978004,128623143197
1761322979004,128757970183
1761322980004,128892888539
1761322981004,129027780527
1761322982004,129162725006
1761322983008,129298250843
1761322984003,129432591015
1761322985005,129567705354
1761322986004,129702415641
1761322987004,129837360120
1761322988004,129972299411
1761322989004,130107097344
1761322990005,130242051833
1761322991004,130377074131
1761322992003,130512023981
1761322993004,130646747940
1761322994003,130781703039
1761322995004,130916745174
1761322996004,131051694902
1761322997004,131186630958
1761322998004,131321587705
1761322999005,131456391315
1761323000004,131591323891
1761323001004,131726354979
1761323002003,131861215657
1761323003004,131996280435
1761323004005,132131183471
1761323005003,132266017721
1761323006003,132400822857
1761323007003,132535896852
1761323008004,132670820151
1761323009004,132805824933
1761323010004,132940605594
1761323011003,133075550805
1761323012004,133210662458
1761323013004,133345535160
1761323014004,133480454797
1761323015004,133615439010
1761323016004,133750422307
1761323017003,133885074367
1761323018004,134020057908
1761323019004,134155120978
1761323020003,134289947110
1761323021002,134424842517
1761323022004,134559854317
1761323023004,134694802519
1761323024004,134829693714
1761323025004,134964710641
1761323026004,135099586273
1761323027004,135234489125
1761323028003,135369426341
1761323029004,135504366303
1761323030004,135639218314
1761323031004,135774161816
1761323032004,135909271639
1761323033003,136043996819
1761323034003,136178913099
1761323035024,136316637722
1761323036003,136448659784
1761323037003,136583616348
1761323038003,136718677709
1761323039003,136853669734
1761323040003,136988522294
1761323041003,137123316443
1761323042003,137258457638
1761323043007,137393373369
1761323044003,137528254982
1761323045004,137662978575
1761323046004,137798071613
1761323047004,137933139138
1761323048004,138067928222
1761323049003,138202887471
1761323050003,138337774150
1761323051004,138472808106
1761323052004,138607829306
1761323053003,138742600628
1761323054003,138877578310
1761323055003,139012361839
1761323056003,139147188276
1761323057002,139282285709
1761323058004,139417346887
1761323059003,139552085372
1761323060004,139686989812
1761323061003,139822066676
1761323062003,139956857957
1761323063005,140092120367
1761323064009,140227549280
1761323065005,140361854723
1761323066004,140496705329
1761323067003,140631640470
1761323068004,140766571948
1761323069004,140901513924
1761323070004,141036427336
1761323071005,141171557667
1761323072003,141306321482
1761323073004,141441278900
1761323074004,141576204275
1761323075003,141711070629
1761323076004,141846002656
1761323077003,141980867973
1761323078002,142115692884
1761323079003,142250597385
1761323080003,142385716363
1761323081003,142520647658
1761323082003,142655662327
1761323083003,142790363764
1761323084003,142925455765
1761323085003,143060238073
1761323086004,143195200130
1761323087003,143330115739
1761323088003,143465098304
1761323089004,143600061215
1761323090003,143735011004
1761323091003,143869867043
1761323092003,144004703978
1761323093003,144139768879
1761323094004,144274800455
1761323095004,144409608032
1761323096004,144544535238
1761323097004,144679588542
1761323098004,144814511964
1761323099004,144949359824
1761323100003,145084302899
1761323101004,145219348025
1761323102004,145354197411
1761323103004,145489133040
1761323104004,145624148441
1761323105003,145758908350
1761323106004,145893911483
1761323107004,146028954411
1761323108004,146163794093
1761323109003,146298535997
1761323110003,146433504828
1761323111003,146568547635
1761323112003,146703337512
1761323113003,146838450874
1761323114003,146973273527
1761323115003,147108249622
1761323116003,147243224863
1761323117004,147378186919
1761323118003,147512904470
1761323119002,147647930614
1761323120003,147782735933
1761323121003,147917684623
1761323122003,148052770703
1761323123003,148187423617
1761323124003,148322702385
1761323125003,148457555555
1761323126003,148592502475
1761323127003,148727279657
1761323128004,148862396316
1761323129004,148997286534
1761323130004,149132243037
1761323131003,149267147904
1761323132003,149402040503
1761323133003,149536946163
1761323134004,149671993181
1761323135004,149807014625
1761323136004,149941858945
1761323137003,150076677265
1761323138002,150211507364
1761323139003,150346481506
1761323140003,150481422261
1761323141003,150616358378
1761323142002,150751313721
1761323143003,150886085532
1761323144004,151021206036
1761323145006,151156347779
1761323146003,151290899986
1761323147002,151425856306
1761323148003,151560864078
1761323149004,151695858544
1761323150004,151830849837
1761323151003,151965654301
1761323152003,152100477992
1761323153003,152235567734
1761323154003,152370518804
1761323155004,152505456264
1761323156003,152640376756
1761323157003,152775281196
1761323158004,152910214627
1761323159003,153045181689
1761323160003,153180129647
1761323161003,153314980559
1761323162004,153449921193
1761323163003,153584852488
1761323164003,153719797699
1761323165003,153854576834
1761323166003,153989655529
1761323167003,154124601045
1761323168003,154259629874
1761323169004,154394412366
1761323170003,154529288547
1761323171003,154664169183
1761323172003,154799253615
1761323173003,154934086155
1761323174003,155069043207
1761323175003,155203805130
1761323176003,155338778540
1761323177004,155473958980
1761323178003,155608657243
1761323179004,155743729285
1761323180004,155878676999
1761323181003,156013406818
1761323182003,156148464028
1761323183002,156283388304
1761323184003,156418399921
1761323185003,156553266275
1761323186003,156688210754
1761323187003,156823121175
1761323188002,156958026592
1761323189003,157092946901
1761323190003,157227935202
1761323191003,157362832074
1761323192003,157497775515
1761323193004,157632762230
1761323194003,157767833295
1761323195003,157902477726
1761323196004,158037575891
1761323197003,158172514694
1761323198002,158307212652
1761323199002,158442186061
1761323200003,158577128953
1761323201003,158712161444
1761323202003,158847061062
1761323203003,158982167955
1761323204002,159116798409
1761323205003,159251667082
1761323206007,159386792103
1761323207004,159521759530
1761323208004,159656806792
1761323209011,159792545214
1761323210007,159926923105
1761323211005,160061574921
1761323212004,160196531851
1761323213005,160331546276
1761323214004,160466363924
1761323215005,160601472831
1761323216004,160736199109
1761323217004,160871104587
1761323218007,161006102715
1761323219004,161140996169
1761323220006,161276035008
1761323221005,161410979731
1761323222004,161545804276
1761323223006,161680841528
1761323224004,161815610836
1761323225004,161950525224
1761323226004,162085556251
1761323227005,162220322507
1761323228005,162355599810
1761323229004,162490310403
1761323230021,162627468133
1761323231005,162760266926
1761323232004,162895086588
1761323233008,163030597228
1761323234005,163164981039
1761323235005,163299920024
1761323236004,163434667116
1761323237007,163570043784
1761323238005,163704741254
1761323239005,163839731509
1761323240004,163974446557
1761323241004,164109381819
1761323242005,164244537357
1761323243004,164379219752
1761323244003,164514194015
1761323245004,164649180608
1761323246004,164784122279
1761323247004,164918902452
1761323248004,165053935676
1761323249004,165188912137
1761323250003,165323717639
1761323251003,165458582894
1761323252003,165593613371
1761323253003,165728427845
1761323254003,165863483713
1761323255003,165998384430
1761323256002,166133117300
1761323257003,166268194469
1761323258003,166403093660
1761323259004,166538172110
1761323260003,166673006421
1761323261003,166807837436
1761323262003,166942845452
1761323263004,167077921461
1761323264004,167212737278
1761323265003,167347506708
1761323266002,167482522659
1761323267003,167617411962
1761323268004,167752410335
1761323269004,167887394181
1761323270003,168022238929
1761323271003,168157093015
1761323272003,168291924884
1761323273004,168427147987
1761323274004,168562110716
1761323275004,168696989338
1761323276003,168831670634
1761323277004,168966815979
1761323278003,169101675191
1761323279003,169236524517
1761323280003,169371447023
1761323281003,169506503562
1761323282003,169641439129
1761323283003,169776440371
1761323284003,169911158776
1761323285003,170046143233
1761323286004,170181153446
1761323287003,170315952845
1761323288003,170450905929
1761323289003,170585775640
1761323290003,170720762660
1761323291003,170855947495
1761323292003,170990764227
1761323293003,171125757412
1761323294003,171260418200
1761323295003,171395589729
1761323296003,171530445768
1761323297002,171665129872
1761323298003,171800423532
1761323299003,171935309295
1761323300003,172070154103
1761323301038,172207987979
1761323302035,172343883322
1761323303003,172474779227
1761323304003,172609412061
1761323305002,172744721102
1761323306003,172879508049
1761323307003,173014377882
1761323308003,173149494602
1761323309003,173284361505
1761323310003,173419214370
1761323311003,173554037145
1761323312003,173689124568
1761323313003,173824084000
1761323314003,173959010474
1761323315002,174093503782
1761323316003,174228711199
1761323317003,174363749550
1761323318003,174498667723
1761323319003,174633559894
1761323320003,174768365274
1761323321003,174903317444
1761323322002,175038344686
1761323323002,175173138896
1761323324003,175308197999
1761323325003,175443051780
1761323326003,175577989300
1761323327003,175712811160
1761323328002,175847402368
1761323329003,175982899092
1761323330003,176117678471
1761323331003,176252666040
1761323332003,176387516037
1761323333002,176522388433
1761323334003,176657347987
1761323335003,176792361558
1761323336003,176927269355
1761323337003,177062233120
1761323338003,177197071093
1761323339003,177331933846
1761323340003,177466838408
1761323341003,177601819752
1761323342003,177736840036
1761323343003,177871765838
1761323344003,178006699147
1761323345003,178141638987
1761323346003,178276534150
1761323347004,178411556815
1761323348004,178546528210
1761323349003,178681217623
1761323350003,178816192925
1761323351003,178951265211
1761323352003,179086117771
1761323353003,179221194207
1761323354003,179355842117
1761323355002,179490833837
1761323356003,179625855525
1761323357002,179760718888
1761323358003,179895666846
1761323359003,180030610836
1761323360004,180165530474
1761323361003,180300316506
1761323362003,180435464353
1761323363003,180570410785
1761323364003,180705381814
1761323365003,180840231322
1761323366003,180975029439
1761323367003,181110145304
1761323368003,181245053406
1761323369003,181379886069
1761323370003,181514893780
1761323371004,181649834352
1761323372003,181784701683
1761323373003,181919604108
1761323374003,182054620059
1761323375003,182189486535
1761323376003,182324400008
1761323377003,182459318974
1761323378003,182594286768
1761323379003,182729170700
1761323380003,182864105536
1761323381003,182999070217
1761323382004,183133985277
1761323383003,183269020637
1761323384004,183403960111
1761323385003,183538682849
1761323386003,183673687997
1761323387003,183808752470
1761323388003,183943685597
1761323389003,184078555857
1761323390003,184213548614
1761323391003,184348338858
1761323392003,184483178295
1761323393003,184618246736
1761323394003,184753132072
1761323395003,184888034742
1761323396003,185023051791
1761323397003,185157836663
1761323398003,185292954787
1761323399003,185427778233
1761323400003,185562713434
1761323401003,185697785049
1761323402003,185832661962
1761323403003,185967597591
1761323404003,186102463700
1761323405003,186237415809
1761323406004,186372307858
1761323407003,186507146563
1761323408003,186642171364
1761323409003,186777153990
1761323410003,186911973896
1761323411003,187046950601
1761323412003,187181925109
1761323413003,187316865621
1761323414003,187451773235
1761323415003,187586644715
1761323416003,187721597861
1761323417003,187856545209
1761323418003,187991471133
1761323419003,188126472984
1761323420003,188261306868
1761323421003,188396226932
1761323422003,188531094385
1761323423003,188665952011
1761323424003,188801175969
1761323425002,188935895473
1761323426003,189070868272
1761323427003,189205761542
1761323428003,189340609341
1761323429002,189475609423
1761323430003,189610461312
1761323431003,189745497770
1761323432002,189880471058
1761323433003,190015418344
1761323434003,190150434539
1761323435003,190285213247
1761323436002,190420045726
1761323437003,190555212067
1761323438003,190690100333
1761323439002,190824717053
1761323440002,190959828402
1761323441003,191094817680
1761323442003,191229817396
1761323443002,191364311863
1761323444003,191499488824
1761323445003,191634302322
1761323446003,191769317785
1761323447003,191904399226
1761323448003,192039323685
1761323449003,192174201209
1761323450002,192309204464
1761323451003,192444149431
1761323452003,192578824257
1761323453003,192713951719
1761323454003,192848728901
1761323455003,192983446085
1761323456003,193118584411
1761323457003,193253305929
1761323458003,193388448527
1761323459003,193523228578
1761323460003,193658143333
1761323461004,193793251507
1761323462003,193928042544
1761323463003,194062941735
1761323464003,194197984419
1761323465002,194332847416
1761323466004,194467824182
1761323467003,194602694686
1761323468002,194737561590
1761323469002,194872592616
1761323470003,195007395555
1761323471002,195142349921
1761323472002,195277277676
1761323473003,195412170764
1761323474003,195547149300
1761323475003,195682045134
1761323476003,195817210132
1761323477003,195951793589
1761323478003,196087003326
1761323479002,196221810170
1761323480003,196356716746
1761323481003,196491653779
1761323482004,196626651053
1761323483004,196761588452
1761323484003,196896342684
1761323485003,197031415276
1761323486003,197166312696
1761323487003,197301308383
1761323488003,197436238031
1761323489003,197570977798
1761323490003,197705978063
1761323491003,197841021907
1761323492003,197976001297
1761323493003,198110800391
1761323494002,198245646237
1761323495002,198380681658
1761323496003,198515747901
1761323497003,198650732602
1761323498003,198785610980
1761323499003,198920617104
1761323500004,199055344359
1761323501004,199190219991
1761323502003,199325244242
1761323503004,199460235169
1761323504003,199595113119
1761323505003,199729966106
1761323506003,199865018129
1761323507003,199999740745
1761323508003,200134894025
1761323509003,200269711917
1761323510003,200404740380
1761323511003,200539639754
1761323512003,200674525212
1761323513003,200809462549
1761323514004,200944486496
1761323515003,201079117011
1761323516003,201214248989
1761323517004,201349188097
1761323518003,201484082649
1761323519003,201619057828
1761323520003,201753925097
1761323521003,201888775399
1761323522003,202023894621
1761323523003,202158754078
1761323524003,202293740366
1761323525003,202428621307
1761323526003,202563620351
1761323527003,202698473949
1761323528004,202833313936
1761323529003,202968273185
1761323530003,203103373059
1761323531003,203238190158
1761323532003,203373118706
1761323533003,203508078688
1761323534003,203642949131
1761323535003,203777807673
1761323536003,203912841202
1761323537003,204047716467
1761323538003,204182693416
1761323539004,204317619218
1761323540003,204452471534
1761323541003,204587357419
1761323542003,204722507159
1761323543003,204857301491
1761323544003,204992361814
1761323545003,205127184284
1761323546003,205262139139
1761323547002,205396937988
1761323548003,205531905477
1761323549003,205666975566
1761323550003,205801741090
1761323551003,205936635947
1761323552003,206071774762
1761323553003,206206716921
1761323554004,206341630089
1761323555003,206476487043
1761323556003,206611256840
1761323557003,206746170130
1761323558003,206881354171
1761323559003,207016234319
1761323560003,207151008693
1761323561003,207286153611
1761323562003,207421118292
1761323563003,207555870877
1761323564003,207690905382
1761323565003,207825709236
1761323566003,207960780485
1761323567003,208095445362
1761323568003,208230491830
1761323569003,208365325775
1761323570003,208500563466
1761323571003,208635362986
1761323572002,208770103669
1761323573003,208905103995
1761323574003,209039894849
1761323575002,209174768283
1761323576003,209309983513
1761323577003,209444699660
1761323578004,209579762851
1761323579004,209714753473
1761323580004,209849449539
1761323581004,209984490697
1761323582004,210119269222
1761323583003,210254252397
1761323584002,210389039039
1761323585002,210523929319
1761323586004,210658999652
1761323587005,210793979592
1761323588003,210928930845
1761323589003,211063709675
1761323590006,211198865091
1761323591004,211333585083
1761323592002,211467284814
1761323593005,211603221966
1761323594003,211737708987
1761323595003,211872799828
1761323596003,212007631209
1761323597003,212142423161
1761323598002,212277024501
1761323599003,212412222275
1761323600004,212547191168
1761323601003,212681648648
1761323602004,212815639882
1761323603002,212951389047
1761323604020,213088032801
1761323605003,213220876516
1761323606070,213359325624
1761323607026,213494104637
1761323608003,213625803824
1761323609003,213760920483
1761323610003,213895733431
1761323611003,214030665764
1761323612003,214165608778
1761323613002,214300333897
1761323614002,214435236444
1761323615003,214570107071
1761323616004,214705269566
1761323617003,214840245295
1761323618003,214975097062
1761323619003,215110070471
1761323620003,215244999142
1761323621003,215379972978
1761323622004,215514928321
1761323623003,215649903745
1761323624003,215784596332
1761323625004,215919674478
1761323626004,216054739073
1761323627003,216189516682
1761323628003,216324432658
1761323629003,216459414856
1761323630003,216594400961
1761323631003,216729170574
1761323632002,216864001284
1761323633002,216999018455
1761323634003,217133821333
1761323635003,217269001529
1761323636003,217403782006
1761323637003,217538875472
1761323638002,217673659062
1761323639005,217808808435
1761323640003,217943589157
1761323641003,218078512518
1761323642004,218213612636
1761323643004,218348291490
1761323644003,218483215095
1761323645003,218618270719
1761323646004,218753162463
1761323647004,218888242256
1761323648006,219023269926
1761323649004,219157965687
1761323650004,219292796213
1761323651004,219427962677
1761323652003,219562787283
1761323653003,219697703502
1761323654003,219832653718
1761323655003,219967546195
1761323656003,220102333204
1761323657004,220237528658
1761323658003,220372300835
1761323659004,220507438062
1761323660003,220642284275
1761323661003,220777104059
1761323662004,220912079605
1761323663003,221046907873
1761323664003,221181911189
1761323665004,221316769670
1761323666003,221451782019
1761323667003,221586415281
1761323668003,221721608843
1761323669003,221856503884
1761323670004,221991527586
1761323671003,222126325276
1761323672004,222261508096
1761323673004,222396285949
1761323674003,222531080282
1761323675003,222666045513
1761323676003,222800958619
1761323677032,222939248121
1761323678003,223070802472
1761323679003,223205623355
1761323680003,223340748070
1761323681003,223475564375
1761323682004,223610671695
1761323683003,223745526880
1761323684003,223880314926
1761323685004,224015447454
1761323686003,224150332240
1761323687003,224285178697
1761323688003,224420131537
1761323689003,224555059414
1761323690002,224689876208
1761323691003,224824964607
1761323692003,224959865629
1761323693003,225094757374
1761323694003,225229772897
1761323695003,225364695769
1761323696002,225499292288
1761323697002,225634364513
1761323698003,225769470490
1761323699003,225904301688
1761323700003,226039185010
1761323701003,226174226900
1761323702004,226309210136
1761323703003,226443984938
1761323704003,226578951999
1761323705003,226713822626
1761323706003,226848857925
1761323707003,226983849034
1761323708004,227118691768
1761323709004,227253676346
1761323710004,227388625952
1761323711004,227523601437
1761323712003,227658508135
1761323713003,227793307899
1761323714003,227928342405
1761323715004,228063240497
1761323716003,228197997110
1761323717003,228332909851
1761323718002,228467909566
1761323719003,228602860942
1761323720003,228737701600
1761323721003,228872745993
1761323722003,229007584698
1761323723003,229142690431
1761323724003,229277414024
1761323725003,229412359175
1761323726003,229547402774
1761323727003,229682385461
1761323728003,229817307540
1761323729003,229952095036
1761323730003,230087118495
1761323731003,230222108811
1761323732003,230356933417
1761323733003,230491660855
1761323734003,230626695482
1761323735003,230761681038
1761323736003,230896672513
1761323737003,231031717578
1761323738003,231166435373
1761323739003,231301510344
1761323740003,231436416249
1761323741003,231571331065
1761323742003,231706173981
1761323743003,231841110586
1761323744004,231975970043
1761323745002,232110625582
1761323746003,232245866020
1761323747002,232380609632
1761323748005,232513683083
1761323749003,232644587167
1761323750004,232773844160
1761323751004,232904373550
1761323752002,233039744420
1761323753004,233170611150
1761323754004,233296737902
1761323755002,233425020045
1761323756004,233551056099
1761323757004,233677835560
1761323758004,233805189054
1761323759004,233930074782
1761323760005,234054262025
1761323761004,234180042465
1761323762005,234310682938
1761323763004,234436563231
1761323764004,234562475324
1761323765003,234690732686
1761323766005,234817845214
1761323767005,234947135838
1761323768004,235075162793
1761323769004,235203552784
1761323770004,235331649319
1761323771005,235458892646
1761323772003,235587888897
1761323773006,235717155168
1761323774004,235847557910
1761323775003,235983876348
1761323776003,236118893153
1761323777003,236253739732
1761323778003,236388899847
1761323779003,236523699246
1761323780003,236658639940
1761323781003,236793570381
1761323782003,236928548063
1761323783003,237063311329
1761323784003,237198314950
1761323785003,237333181793
1761323786003,237468269643
1761323787003,237603074046
1761323788003,237737921723
1761323789003,237872940543
1761323790003,238007852795
1761323791003,238142660250
1761323792002,238277488885
1761323793002,238412478773
1761323794003,238547549839
1761323795003,238682545282
1761323796003,238817418105
1761323797003,238952328649
1761323798002,239087006649
1761323799003,239222223466
1761323800003,239357171728
1761323801003,239492104305
1761323802003,239627083940
1761323803002,239761709755
1761323804002,239896516905
1761323805003,240031791095
1761323806003,240166497171
1761323807004,240301403320
1761323808003,240436336141
1761323809003,240571473246
1761323810003,240706434571
1761323811003,240841342673
1761323812003,240976408367
1761323813003,241111203127
1761323814003,241246016258
1761323815003,241380949507
1761323816003,241515959476
1761323817003,241650966210
1761323818003,241785475754
1761323819003,241920476324
1761323820002,242055609645
1761323821003,242190499985
1761323822003,242325703558
1761323823003,242459621611
1761323824003,242594663440
1761323825003,242730295417
1761323826003,242864919768
1761323827003,242999875477
1761323828004,243134978219
1761323829002,243269435089
1761323830002,243404607046
1761323831002,243539564037
1761323832004,243674553071
1761323833004,243809375663
1761323834003,243944283826
1761323835002,244079099154
1761323836005,244214020013
1761323837004,244348829055
1761323838004,244483843846
1761323839002,244618459956
1761323840004,244753597184
1761323841003,244888491614
1761323842004,245023323605
1761323843004,245158300188
1761323844002,245292773294
1761323845002,245427767272
1761323846004,245562645527
1761323847004,245697735941
1761323848004,245832760559
1761323849004,245967789998
1761323850004,246102537151
1761323851005,246237552430
1761323852004,246372493003
1761323853005,246507305646
1761323854005,246642298769
1761323855002,246776827783
1761323856004,246911976058
1761323857004,247046818974
1761323858004,247181637293
1761323859004,247316703781
1761323860004,247451371832
1761323861003,247586443020
1761323862002,247721272448
1761323863004,247856181587
1761323864004,247991254789
1761323865002,248125795826
1761323866004,248261000253
1761323867004,248396017607
1761323868003,248530929249
1761323869003,248665886240
1761323870004,248800749970
1761323871004,248935587393
1761323872002,249070433239
1761323873004,249205261080
1761323874004,249340309685
1761323875002,249475032667
1761323876004,249609765782
1761323877004,249744902643
1761323878005,249879703995
1761323879004,250014677038
1761323880004,250149585994
1761323881004,250284462724
1761323882004,250419434974
1761323883005,250554345639
1761323884004,250688954670
1761323885002,250823018596
1761323886003,250958065980
1761323887003,251092543297
1761323888002,251227255294
1761323889003,251362487430
1761323890002,251497233179
1761323891003,251632182907
1761323892004,251767134466
1761323893003,251902300318
1761323894003,252036929246
1761323895003,252172173346
1761323896003,252306989529
1761323897003,252441829150
1761323898002,252576687813
1761323899002,252711505400
1761323900003,252846653614
1761323901003,252981402719
1761323902003,253116397735
1761323903003,253251263479
1761323904002,253385954601
1761323905002,253521037691
1761323906002,253656056144
1761323907002,253790930737
1761323908002,253925952914
1761323909003,254061047111
1761323910003,254195873426
1761323911003,254330713291
1761323912003,254465890374
1761323913003,254600638809
1761323914004,254735746007
1761323915002,254870193966
1761323916003,255005341020
1761323917003,255140420447
1761323918003,255275379086
1761323919004,255410408037
1761323920003,255545168617
1761323921003,255680216245
1761323922003,255815027423
1761323923004,255950175332
1761323924003,256084858520
1761323925003,256219821065
1761323926002,256354740763
1761323927003,256489880920
1761323928003,256624578024
1761323929003,256759561932
1761323930003,256894515260
1761323931003,257029409996
1761323932003,257164349164
1761323933003,257299226810
1761323934003,257434201928
1761323935002,257568917953
1761323936003,257703934697
1761323937002,257838994959
1761323938003,257973988205
1761323939003,258108772406
1761323940003,258243586697
1761323941003,258378503344
1761323942003,258513653816
1761323943003,258648582914
1761323944003,258783527575
1761323945002,258918307992
1761323946003,259053391448
1761323947003,259188492847
1761323948004,259323069773
1761323949003,259458100678
1761323950003,259593081045
1761323951003,259727967418
1761323952003,259862899080
1761323953003,259997872794
1761323954003,260132738477
1761323955003,260267627109
1761323956003,260402716790
1761323957003,260537718214
1761323958003,260672317113
1761323959003,260807246699
1761323960003,260942335709
1761323961003,261077200170
1761323962003,261212174007
1761323963003,261347085771
1761323964003,261482120398
1761323965002,261616839902
1761323966003,261751887225
1761323967002,261886696755
1761323968002,262021747923
1761323969003,13416896
1761323970003,148262315
1761323971002,283174629
1761323972003,418166226
1761323973003,553024035
1761323974003,688095589
1761323975003,822717437
1761323976004,957958851
1761323977003,1092768076
1761323978003,1227773712
1761323979003,1362580923
1761323980003,1497698436
1761323981002,1632423311
1761323982003,1767516410
1761323983003,1902315686
1761323984003,2037435946
1761323985003,2172202996
1761323986002,2306958693
1761323987002,2441790318
1761323988003,2576984980
1761323989003,2712024124
1761323990003,2846852392
1761323991003,2981849483
1761323992003,3116890030
1761323993003,3251801306
1761323994003,3386666439
1761323995003,3521224750
1761323996002,3656442055
1761323997003,3791420652
1761323998003,3926307270
1761323999002,4061329751
1761324000003,4196131713
1761324001003,4331063985
1761324002003,4466130961
1761324003002,4600909547
1761324004003,4735909934
1761324005003,4870787579
1761324006003,5005777224
1761324007003,5140670860
1761324008002,5275477095
1761324009003,5410591861
1761324010003,5545522546
1761324011003,5680314132
1761324012003,5815287786
1761324013003,5950373683
1761324014003,6084968431
1761324015003,6220034735
1761324016003,6355094692
1761324017003,6490003954
1761324018002,6624882393
1761324019003,6759859769
1761324020003,6894742115
1761324021004,7029806405
1761324022003,7164432342
1761324023002,7299421743
1761324024003,7434210643
1761324025003,7569292023
1761324026003,7704166129
1761324027003,7839041455
1761324028003,7973940402
1761324029003,8109024528
1761324030003,8243933607
1761324031003,8378935947
1761324032003,8513834771
1761324033003,8648728896
1761324034003,8783318579
1761324035003,8918512385
1761324036002,9053310502
1761324037003,9188377234
1761324038003,9323376400
1761324039003,9458203020
1761324040003,9593344032
1761324041002,9728200315
1761324042003,9862904682
1761324043003,9998020547
1761324044037,10134833002
1761324045003,10267694845
1761324046003,10402716044
1761324047003,10537731751
1761324048003,10672585715
1761324049002,10807454449
1761324050003,10942487734
1761324051003,11077286034
1761324052003,11212377485
1761324053003,11347139042
1761324054003,11482152551
1761324055003,11616872970
1761324056004,11752131779
1761324057004,11887020777
1761324058005,12021964401
1761324059005,12156979376
1761324060004,12291892238
1761324061003,12426709093
1761324062004,12561669990
1761324063004,12696619291
1761324064004,12831414417
1761324065004,12966306771
1761324066004,13101339995
1761324067004,13236324208
1761324068004,13371306650
1761324069004,13506147492
1761324070004,13641226858
1761324071004,13776012890
1761324072005,13911048494
1761324073004,14045872672
1761324074003,14180822949
1761324075004,14315827975
1761324076004,14450766350
1761324077004,14585762159
1761324078005,14720689792
1761324079004,14855419916
1761324080003,14990343948
1761324081004,15125327367
1761324082004,15260240535
1761324083004,15395045488
1761324084003,15530010047
1761324085004,15664949155
1761324086004,15799876727
1761324087006,15934891640
1761324088004,16069865965
1761324089005,16204791218
1761324090004,16339546854
1761324091004,16474638610
1761324092004,16609590169
1761324093003,16744370220
1761324094004,16879431092
1761324095005,17014385947
1761324096004,17149400921
1761324097003,17284130313
1761324098004,17419185814
1761324099004,17553989607
1761324100004,17688819767
1761324101004,17823687098
1761324102004,17958794296
1761324103004,18093777776
1761324104005,18228868189
1761324105004,18363685532
1761324106006,18498666693
1761324107004,18633484158
1761324108004,18768439440
1761324109004,18903263436
1761324110004,19038244535
1761324111005,19173231861
1761324112003,19308003305
1761324113004,19443060760
1761324114004,19577998586
1761324115007,19712912303
1761324116003,19847846406
1761324117005,19982850455
1761324118004,20117711193
1761324119005,20252713961
1761324120004,20387497429
1761324121004,20522540968
1761324122004,20657348667
1761324123004,20792245721
1761324124004,20927295669
1761324125003,21062123693
1761324126005,21197218928
1761324127003,21332042679
1761324128003,21466915137
1761324129004,21601873226
1761324130004,21736911028
1761324131005,21871750160
1761324132003,22006669126
1761324133004,22141607013
1761324134004,22276564004
1761324135004,22411452636
1761324136004,22546423482
1761324137004,22681375346
1761324138005,22816285401
1761324139003,22951217978
1761324140003,23086111736
1761324141004,23220941652
1761324142003,23355958763
1761324143004,23490803754
1761324144004,23625863711
1761324145005,23760923119
1761324146003,23895644027
1761324147003,24030491399
1761324148003,24165466761
1761324149003,24300250047
1761324150003,24435246161
1761324151004,24570372585
1761324152004,24705310350
1761324153003,24839995186
1761324154004,24975041715
1761324155005,25110226122
1761324156003,25244988412
1761324157004,25379907988
1761324158004,25514839161
1761324159004,25649757944
1761324160004,25784822174
1761324161003,25919514212
1761324162002,26054363110
1761324163003,26189525178
1761324164003,26323986443
1761324165005,26459468579
1761324166004,26594298800
1761324167004,26729138909
1761324168004,26864127394
1761324169003,26998998692
1761324170003,27133834895
1761324171004,27268839127
1761324172003,27403879858
1761324173003,27538713741
1761324174003,27673636064
1761324175003,27808348244
1761324176003,27943509397
1761324177003,28078434100
1761324178003,28213358620
1761324179004,28348290282
1761324180003,28483212727
1761324181004,28618233805
1761324182004,28753118225
1761324183004,28888117086
1761324184004,29023084392
1761324185004,29157848024
1761324186004,29292828879
1761324187004,29427719952
1761324188005,29562604861
1761324189005,29697570641
1761324190003,29832464583
1761324191003,29967363713
1761324192005,30102519983
1761324193004,30237319076
1761324194003,30372164129
1761324195003,30507033168
1761324196003,30641973070
1761324197004,30777032904
1761324198004,30911785428
1761324199004,31046748034
1761324200004,31181812020
1761324201004,31316689177
1761324202003,31451722400
1761324203004,31586659311
1761324204003,31721400177
1761324205004,31856482900
1761324206004,31991445567
1761324207007,32126900604
1761324208004,32261319754
1761324209004,32396006360
1761324210004,32531134798
1761324211003,32666085136
1761324212004,32801001722
1761324213004,32935886509
1761324214003,33070913751
1761324215004,33205875197
1761324216004,33340794713
1761324217004,33475644892
1761324218004,33610398271
1761324219004,33745462378
1761324220004,33880364315
1761324221004,34015365068
1761324222004,34150311500
1761324223004,34285138670
1761324224004,34420219684
1761324225004,34555118325
1761324226005,34690030333
1761324227004,34825042866
1761324228004,34959943522
1761324229004,35094792481
1761324230003,35229628561
1761324231005,35364727642
1761324232004,35499602236
1761324233004,35634553062
1761324234003,35769333723
1761324235004,35904250919
1761324236004,36039359155
1761324237004,36174272261
1761324238004,36309206608
1761324239004,36444171229
1761324240004,36579044479
1761324241005,36714132146
1761324242004,36848855556
1761324243005,36983910142
1761324244004,37118735114
1761324245004,37253627591
1761324246003,37388453113
1761324247004,37523469003
1761324248003,37658334502
1761324249004,37793361866
1761324250005,37928433115
1761324251004,38063206757
1761324252004,38198233572
1761324253004,38333114147
1761324254005,38468156648
1761324255004,38602889701
1761324256003,38737689710
1761324257004,38872759616
1761324258004,39007770562
1761324259003,39142694167
1761324260004,39277625034
1761324261003,39412523310
1761324262003,39547265457
1761324263003,39682121374
1761324264004,39817358638
1761324265003,39952238176
1761324266005,40087385840
1761324267003,40222097531
1761324268003,40357029681
1761324269004,40491862893
1761324270004,40626903135
1761324271004,40761656392
1761324272003,40896566752
1761324273003,41031709350
1761324274004,41166599752
1761324275004,41301354656
1761324276004,41436343446
1761324277004,41571342002
1761324278004,41706310406
1761324279003,41841245242
1761324280002,41976074364
1761324281003,42111071882
1761324282004,42245984989
1761324283003,42380872888
1761324284003,42515853500
1761324285004,42650677618
1761324286004,42785714198
1761324287004,42920663804
1761324288003,43055524299
1761324289004,43190567105
1761324290004,43325537706
1761324291004,43460202584
1761324292008,43595924038
1761324293004,43730274585
1761324294004,43865184213
1761324295005,44000236846
1761324296005,44134982473
1761324297004,44270014292
1761324298004,44404936616
1761324299004,44539773429
1761324300004,44674570203
1761324301005,44809853365
1761324302005,44944741996
1761324303004,45079526075
1761324304004,45214470432
1761324305006,45349374078
1761324306004,45484326430
1761324307004,45619273595
1761324308005,45754266230
1761324309004,45889093583
1761324310004,46024031103
1761324311004,46158974728
1761324312004,46293843767
1761324313004,46428900367
1761324314004,46563653013
1761324315010,46698658161
1761324316004,46833527200
1761324317004,46968651427
1761324318006,47103722187
1761324319005,47238567789
1761324320004,47373308350
1761324321004,47508281454
1761324322004,47643123516
1761324323004,47778204286
1761324324004,47913034202
1761324325004,48048037213
1761324326004,48182918460
1761324327006,48318114220
1761324328004,48452860701
1761324329004,48587754277
1761324330003,48722502345
1761324331004,48857563156
1761324332004,48992502569
1761324333004,49127366054
1761324334004,49262386217
1761324335006,49397323432
1761324336006,49532490078
1761324337003,49667080432
1761324338004,49802117379
1761324339004,49937045500
1761324340004,50071953602
1761324341003,50206722605
1761324342004,50341748016
1761324343003,50476733022
1761324344005,50611823619
1761324345004,50746508638
1761324346004,50881550040
1761324347004,51016495740
1761324348004,51151487032
1761324349004,51286315361
1761324350003,51421104140
1761324351004,51556255405
1761324352004,51691071527
1761324353004,51826140762
1761324354004,51961029088
1761324355008,52096460993
1761324356004,52230878617
1761324357004,52365714148
1761324358004,52500767697
1761324359004,52635542071
1761324360003,52770506630
1761324361004,52905521543
1761324362004,53040414326
1761324363004,53175315469
1761324364003,53310232849
1761324365005,53445211995
1761324366004,53579990215
1761324367003,53714901429
1761324368003,53849874289
1761324369004,53984921856
1761324370004,54119714541
1761324371004,54254645226
1761324372004,54389549849
1761324373004,54524565494
1761324374003,54659455652
1761324375003,54794315170
1761324376004,54929506596
1761324377004,55064163539
1761324378004,55199240891
1761324379005,55334384649
1761324380004,55469053128
1761324381004,55604018725
1761324382004,55738958199
1761324383004,55873939115
1761324384003,56008805591
1761324385004,56143688242
1761324386004,56278690948
1761324387004,56413580434
1761324388004,56548503367
1761324389004,56683587555
1761324390004,56818426932
1761324391003,56953317333
1761324392004,57088247591
1761324393005,57223213615
1761324394004,57358039198
1761324395004,57493065463
1761324396004,57627942193
1761324397004,57762908217
1761324398004,57897574987
1761324399004,58032743891
1761324400003,58167528214
1761324401004,58302585120
1761324402004,58437536068
1761324403003,58572501116
1761324404006,58707512245
1761324405004,58842356809
1761324406004,58977294879
1761324407003,59112130044
1761324408004,59247150634
1761324409004,59382026936
1761324410004,59517026713
1761324411003,59651822327
1761324412004,59786714438
1761324413004,59921798259
1761324414004,60056694521
1761324415005,60191844382
1761324416005,60326534284
1761324417004,60461458133
1761324418003,60596332665
1761324419004,60731397139
1761324420003,60866202946
1761324421004,61001254908
1761324422004,61136155502
1761324423004,61271066412
1761324424004,61405950283
1761324425006,61540951707
1761324426004,61675897040
1761324427004,61810765286
1761324428005,61945830309
1761324429004,62080611947
1761324430004,62215396758
1761324431004,62350522755
1761324432004,62485389353
1761324433004,62620332184
1761324434004,62755289236
1761324435004,62890160472
1761324436004,63025074678
1761324437005,63160167411
1761324438003,63294876477
1761324439003,63429722934
1761324440004,63564927544
1761324441004,63699774794
1761324442004,63834675633
1761324443004,63969588556
1761324444004,64104649368
1761324445004,64239570531
1761324446004,64374328182
1761324447004,64509238237
1761324448004,64644359107
1761324449004,64779259091
1761324450003,64914101397
1761324451003,65049048806
1761324452004,65184070433
1761324453004,65318794148
1761324454004,65453768717
1761324455007,65589263670
1761324456004,65723734761
1761324457004,65858739055
1761324458003,65993467530
1761324459004,66128560385
1761324460003,66263495831
1761324461004,66398228152
1761324462005,66533357628
1761324463004,66668237287
1761324464004,66803172855
1761324465005,66938230493
1761324466004,67072965438
1761324467003,67207886785
1761324468003,67342777064
1761324469005,67477976731
1761324470005,67612787054
1761324471004,67747574978
1761324472004,67882570482
1761324473004,68017381966
1761324474004,68152490324
1761324475008,68288002489
1761324476004,68422325082
1761324477005,68557334929
1761324478004,68692148427
1761324479004,68827007640
1761324480004,68961909638
1761324481003,69096902029
1761324482003,69231780590
1761324483004,69366742647
1761324484004,69501791435
1761324485004,69636739637
1761324486004,69771497409
1761324487009,69907092033
1761324488004,70041352737
1761324489004,70176265538
1761324490003,70311124324
1761324491004,70446275589
1761324492004,70581222631
1761324493006,70716425410
1761324494004,70851116899
1761324495005,70986001258
1761324496004,71120907590
1761324497003,71255667743
1761324498004,71390753823
1761324499004,71525531676
1761324500004,71660500203
1761324501004,71795409403
1761324502003,71930361206
1761324503004,72065423055
1761324504004,72200348919
1761324505004,72335214418
1761324506004,72470128929
1761324507008,72605544659
1761324508004,72740041385
1761324509004,72874903832
1761324510004,73009772689
1761324511004,73144786808
1761324512004,73279760279
1761324513004,73414660751
1761324514003,73549555059
1761324515004,73684700099
1761324516004,73819498521
1761324517004,73954468207
1761324518004,74089251554
1761324519004,74224197436
1761324520003,74359117562
1761324521003,74493909148
1761324522004,74629007069
1761324523005,74763880137
1761324524004,74898967987
1761324525004,75033718984
1761324526003,75168709789
1761324527004,75303659517
1761324528004,75438675345
1761324529004,75573537427
1761324530004,75708538180
1761324531005,75843288262
1761324532004,75978242140
1761324533004,76113217747
1761324534004,76248175409
1761324535003,76382932022
1761324536003,76517943884
1761324537004,76652859432
1761324538004,76787868608
1761324539003,76922706580
1761324540003,77057805966
1761324541004,77192753985
1761324542004,77327637062
1761324543005,77462704465
1761324544003,77597432148
1761324545004,77732332315
1761324546004,77867119141
1761324547003,78002165304
1761324548003,78137093486
1761324549002,78272024049
1761324550003,78406950217
1761324551004,78541858319
1761324552003,78676604251
1761324553003,78811628563
1761324554003,78946722090
1761324555003,79081506230
1761324556003,79216394800
1761324557003,79351553268
1761324558003,79486454961
1761324559003,79621265468
1761324560002,79756105150
1761324561003,79891260138
1761324562003,80025850125
1761324563004,80161016589
1761324564003,80295601693
1761324565002,80430470916
1761324566002,80565760120
1761324567003,80700680063
1761324568003,80835441620
1761324569003,80970648976
1761324570003,81105588389
1761324571003,81240479890
1761324572003,81375465872
1761324573003,81510386974
1761324574002,81645286104
1761324575002,81780241325
1761324576003,81915067884
1761324577003,82050191928
1761324578003,82184820856
1761324579003,82319979690
1761324580003,82454763829
1761324581003,82589352657
1761324582003,82724449357
1761324583003,82859632361
1761324584003,82994638851
1761324585003,83129503801
1761324586002,83264302650
1761324587003,83399276914
1761324588003,83534236591
1761324589003,83669161233
1761324590003,83804141662
1761324591003,83938956014
1761324592003,84073949626
1761324593003,84208698365
1761324594003,84343816122
1761324595003,84478640728
1761324596003,84613640505
1761324597003,84748644126
1761324598003,84883605268
1761324599003,85018228458
1761324600003,85153285608
1761324601003,85288451949
1761324602003,85423091496
1761324603003,85557987452
1761324604003,85692750596
1761324605002,85827842291
1761324606003,85962885342
1761324607002,86097706530
1761324608002,86232754219
1761324609003,86367696744
1761324610003,86502481983
1761324611003,86637573983
1761324612003,86772323760
1761324613003,86907338551
1761324614003,87042432444
1761324615003,87176962739
1761324616003,87312180838
1761324617003,87447091076
1761324618003,87582187349
1761324619003,87717092948
1761324620003,87851972730
1761324621003,87986876681
1761324622003,88121739922
1761324623003,88256696791
1761324624003,88391649876
1761324625004,88526582880
1761324626003,88661427262
1761324627003,88796331945
1761324628003,88931248653
1761324629003,89065994097
1761324630003,89201136695
1761324631003,89336164731
1761324632004,89471089740
1761324633003,89605978127
1761324634003,89740935179
1761324635003,89875850788
1761324636003,90010958292
1761324637004,90145660217
1761324638003,90280847432
1761324639003,90415503154
1761324640003,90550364198
1761324641003,90685382835
1761324642003,90820390668
1761324643003,90954958438
1761324644003,91090276512
1761324645003,91224715072
1761324646003,91360183719
1761324647003,91494976892
1761324648003,91629916305
1761324649003,91764624640
1761324650003,91899835048
1761324651003,92034343676
1761324652003,92169607184
1761324653002,92304443936
1761324654003,92439464343
1761324655002,92574115121
1761324656003,92709015105
1761324657003,92844185352
1761324658003,92979076792
1761324659002,93113900177
1761324660003,93248864248
1761324661003,93384069896
1761324662003,93518728853
1761324663003,93653747916
1761324664003,93788698987
1761324665002,93923493197
1761324666002,94058517022
1761324667003,94193447462
1761324668002,94328307408
1761324669003,94463476251
1761324670003,94598214248
1761324671003,94733216955
1761324672003,94868208430
1761324673003,95003023698
1761324674003,95138017249
1761324675002,95272765134
1761324676003,95407986467
1761324677002,95542306619
1761324678002,95677477843
1761324679004,95812651020
1761324680004,95947521036
1761324681003,96082402343
1761324682003,96217471700
1761324683003,96352315776
1761324684003,96487277528
1761324685002,96622012290
1761324686003,96756909772
1761324687003,96891791507
1761324688005,97026674279
1761324689005,97161639388
1761324690004,97296395329
1761324691005,97431469263
1761324692004,97565608996
1761324693004,97700558235
1761324694005,97835572416
1761324695003,97970328846
1761324696004,98105021067
1761324697004,98239706147
1761324698004,98374135856
1761324699004,98509133252
1761324700004,98643627415
1761324701003,98777116026
1761324702005,98908868557
1761324703004,99042565175
1761324704005,99174155232
1761324705003,99303728752
1761324706004,99434439661
1761324707004,99567279164
1761324708004,99695347867
1761324709006,99822205147
1761324710003,99951999920
1761324711003,100082926770
1761324712004,100213425398
1761324713005,100341766745
1761324714004,100469028870
1761324715004,100599803071
1761324716004,100730109012
1761324717004,100861495822
1761324718003,100992417728
1761324719004,101122882543
1761324720004,101252947334
1761324721005,101379619617
1761324722004,101507091520
1761324723004,101637361572
1761324724006,101768534515
1761324725002,101899310975
1761324726004,102030315706
1761324727004,102158759224
1761324728004,102286772935
1761324729004,102414193873
1761324730005,102545262202
1761324731006,102674614532
1761324732003,102804408145
1761324733005,102933630227
1761324734005,103061065996
1761324735003,103189172541
1761324736005,103319229398
1761324737005,103448630434
1761324738005,103576294597
1761324739004,103704543048
1761324740004,103834905202
1761324741005,103964963890
1761324742003,104095580072
1761324743004,104229157183
1761324744004,104362299604
1761324745003,104495464363
1761324746004,104629426300
1761324747004,104764520559
1761324748004,104899228588
1761324749003,105031941017
1761324750006,105165044070
1761324751005,105297545379
1761324752004,105431510429
1761324753004,105564704302
1761324754005,105696585006
1761324755002,105831140082
1761324756004,105964924346
1761324757004,106097926508
1761324758004,106231221760
1761324759004,106366577554
1761324760004,106501448119
1761324761005,106635238914
1761324762004,106770301435
1761324763004,106902510447
1761324764004,107033537761
1761324765003,107168092409
1761324766004,107303371664
1761324767005,107438315533
1761324768005,107573389223
1761324769004,107708216209
1761324770004,107842467086
1761324771003,107977625065
1761324772004,108108135290
1761324773004,108239016730
1761324774004,108373664335
1761324775002,108508111500
1761324776004,108642859874
1761324777005,108776565708
1761324778005,108911694696
1761324779004,109044245321
1761324780005,109177788680
1761324781006,109312030402
1761324782004,109445885467
1761324783004,109579190484
1761324784004,109713187700
1761324785003,109848101356
1761324786004,109979802252
1761324787004,110108724102
1761324788005,110238212906
1761324789005,110367272024
1761324790004,110495639798
1761324791003,110623460150
1761324792004,110751164535
1761324793004,110880902545
1761324794005,111008601803
1761324795003,111138055329
1761324796004,111268974733
1761324797004,111398723241
1761324798005,111525433061
1761324799006,111651294128
1761324800006,111777269330
1761324801003,111903836755
1761324802003,112024081930
1761324803003,112140147979
1761324804005,112257396458
1761324805002,112375061562
1761324806004,112493333110
1761324807004,112610819808
1761324808005,112728326649
1761324809006,112840338630
1761324810003,112952861840
1761324811005,113058607541
1761324812005,113166804408
1761324813003,113272075318
1761324814004,113375536845
1761324815002,113472475195
1761324816003,113574087545
1761324817003,113667125759
1761324818006,113757967140
1761324819004,113851729656
1761324820004,113944516284
1761324821006,114037904900
1761324822006,114132855646
1761324823004,114225782471
1761324824004,114318042672
1761324825003,114411860120
1761324826004,114514853264
1761324827003,114608137327
1761324828002,114702840088
1761324829004,114799475155
1761324830004,114891730961
1761324831004,114983864698
1761324832003,115075573325
1761324833003,115167769989
1761324834004,115259627725
1761324835003,115351720201
1761324836002,115451598241
1761324837004,115544239179
1761324838002,115635893424
1761324839005,115729432735
1761324840005,115821534123
1761324841004,115913786267
1761324842006,116005688132
1761324843005,116097551056
1761324844006,116190092689
1761324845004,116282087387
1761324846004,116382510836
1761324847002,116474319439
1761324848004,116564106258
1761324849006,116658358824
1761324850004,116750428290
1761324851004,116842880629
1761324852004,116935086326
1761324853006,117027318634
1761324854003,117119132303
1761324855003,117209534903
1761324856004,117303247493
1761324857006,117417971503
1761324858004,117537413275
1761324859005,117664520311
1761324860003,117783533129
1761324861002,117905080974
1761324862002,118025178872
1761324863003,118147140657
1761324864005,118271164937
1761324865003,118394812142
1761324866004,118519087215
1761324867003,118642761398
1761324868004,118766419467
1761324869004,118885447300
1761324870004,119005577486
1761324871004,119127130275
1761324872005,119250366715
1761324873004,119373132270
1761324874004,119496282345
1761324875003,119619457445
1761324876003,119742489112
1761324877005,119866498682
1761324878004,119989682266
1761324879005,120112681219
1761324880004,120235418820
1761324881005,120358822862
1761324882005,120482580846
1761324883005,120605626917
1761324884003,120728092302
1761324885002,120850860725
1761324886004,120974028867
1761324887004,121097285021
1761324888004,121219924661
1761324889004,121343052764
1761324890004,121467229326
1761324891003,121590327643
1761324892002,121713780697
1761324893004,121837505966
1761324894004,121960067603
1761324895003,122082563627
1761324896004,122206823197
1761324897003,122332488158
1761324898003,122458190168
1761324899004,122582672027
1761324900004,122707022539
1761324901004,122832376161
1761324902003,122956676929
1761324903005,123082014804
1761324904005,123206429097
1761324905003,123330118539
1761324906004,123452371583
1761324907005,123575497610
1761324908004,123699846962
1761324909004,123821615938
1761324910004,123944580223
1761324911006,124065952226
1761324912003,124189193610
1761324913006,124311813535
1761324914004,124434022085
1761324915002,124556022078
1761324916004,124678284277
1761324917003,124800434233
1761324918003,124923372456
1761324919003,125047422614
1761324920002,125175950788
1761324921002,125299250278
1761324922004,125422139978
1761324923004,125541816673
1761324924004,125660501916
1761324925002,125777907255
1761324926004,125895046787
1761324927004,126012838844
1761324928006,126126894887
1761324929005,126235300921
1761324930003,126351146877
1761324931002,126455234257
1761324932004,126556746936
1761324933005,126663048483
1761324934004,126766730102
1761324935003,126872230015
1761324936005,126978884772
1761324937004,127081813768
1761324938003,127185294949
1761324939005,127290382937
1761324940003,127400803980
1761324941003,127499566727
1761324942003,127595118301
1761324943002,127693566841
1761324944002,127789633062
1761324945002,127883852975
1761324946004,127980621160
1761324947006,128077486268
1761324948004,128174049925
1761324949004,128271897086
1761324950006,128371651043
1761324951006,128472050261
1761324952005,128571308124
1761324953004,128677388175
1761324954003,128801558511
1761324955002,128926791711
1761324956004,129055016908
1761324957004,129187569852
1761324958004,129323422837
1761324959004,129457115366
1761324960005,129590914462
1761324961006,129726793936
1761324962004,129860909559
1761324963004,129996045444
1761324964004,130130360591
1761324965003,130263959248
1761324966004,130399578224
1761324967006,130534772336
1761324968004,130669321674
1761324969005,130804061442
1761324970003,130935963753
1761324971004,131068556248
1761324972003,131200254153
1761324973004,131330132666
1761324974004,131459562022
1761324975002,131588507859
1761324976003,131719146257
1761324977004,131848308463
1761324978004,131975511446
1761324979005,132101135636
1761324980002,132225728762
1761324981002,132353758219
1761324982005,132478748255
1761324983004,132606514591
1761324984003,132736115028
1761324985003,132866093821
1761324986002,133003357874
1761324987002,133137691515
1761324988003,133273083868
1761324989002,133408033352
1761324990002,133542892321
1761324991003,133677937324
1761324992003,133812822660
1761324993003,133947823779
1761324994003,134082376902
1761324995003,134217615874
1761324996003,134352613514
1761324997003,134487516856
1761324998003,134622358490
1761324999002,134757266958
1761325000003,134892186230
1761325001003,135027282136
1761325002003,135162226798
1761325003003,135297142896
1761325004003,135431927341
1761325005002,135566703973
1761325006003,135701867201
1761325007003,135836797032
1761325008003,135971534968
1761325009002,136106427506
1761325010003,136241615209
1761325011003,136376530941
1761325012003,136511548478
1761325013003,136646486365
1761325014003,136781201413
1761325015003,136916231219
1761325016003,137051161782
1761325017003,137185972655
1761325018003,137321072041
1761325019003,137455955484
1761325020002,137590806519
1761325021003,137725810079
1761325022003,137860688701
1761325023003,137995649293
1761325024003,138130632102
1761325025003,138265476361
1761325026003,138400312747
1761325027002,138535138208
1761325028003,138670335310
1761325029003,138805113530
1761325030003,138940104761
1761325031003,139074916184
1761325032003,139209747565
1761325033003,139344798061
1761325034003,139479707323
1761325035002,139614492622
1761325036003,139749673184
1761325037003,139884616198
1761325038003,140019587654
1761325039003,140154118316
1761325040003,140289276051
1761325041003,140424182627
1761325042003,140559379791
1761325043003,140694069570
1761325044003,140828998851
1761325045003,140963847139
1761325046003,141098846427
1761325047004,141233791272
1761325048003,141368700473
1761325049003,141503696709
1761325050002,141638392165
1761325051003,141773606663
1761325052003,141908474359
1761325053003,142043384170
1761325054003,142178414098
1761325055003,142313336360
1761325056003,142448140519
1761325057003,142583256934
1761325058003,142718125241
1761325059003,142853084307
1761325060003,142988058632
1761325061003,143122892942
1761325062002,143257632282
1761325063003,143392446879
1761325064003,143527619079
1761325065003,143662664754
1761325066003,143797398479
1761325067003,143932299623
1761325068002,144067061607
1761325069003,144202003461
1761325070003,144337240603
1761325071003,144472256859
1761325072003,144606951948
1761325073003,144741906803
1761325074003,144876955896
1761325075003,145011749374
1761325076003,145146605474
1761325077003,145281710475
1761325078003,145416535325
1761325079003,145551540717
1761325080003,145686120755
1761325081003,145821399096
1761325082003,145956263252
1761325083003,146091236662
1761325084003,146226137623
1761325085002,146360468455
1761325086002,146495977935
1761325087003,146630870595
1761325088003,146765612072
1761325089003,146900634187
1761325090003,147035710379
1761325091002,147170420178
1761325092003,147305592440
1761325093003,147440411675
1761325094003,147575282118
1761325095003,147710272312
1761325096003,147845124078
1761325097003,147980193557
1761325098003,148115118993
1761325099003,148250004817
1761325100003,148384949235
1761325101003,148519889868
1761325102003,148654785397
1761325103003,148789816484
1761325104003,148924467690
1761325105002,149059492613
1761325106002,149194549823
1761325107002,149329059061
1761325108002,149464154602
1761325109009,149599997699
1761325110004,149734343912
1761325111003,149869234375
1761325112004,150004061423
1761325113004,150139049236
1761325114003,150273987123
1761325115004,150408843895
1761325116004,150543890058
1761325117003,150678777042
1761325118003,150813662744
1761325119004,150948693709
1761325120004,151083599553
1761325121004,151218579127
1761325122005,151353477158
1761325123003,151488373358
1761325124003,151623258694
1761325125004,151758271104
1761325126005,151893249885
1761325127003,152028049711
1761325128003,152162718006
1761325129003,152297972848
1761325130004,152433019194
1761325131004,152567856373
1761325132005,152702786753
1761325133004,152837773224
1761325134004,152972568838
1761325135006,153107515575
1761325136003,153242427034
1761325137003,153377387321
1761325138003,153512312756
1761325139004,153647196994
1761325140004,153782054376
1761325141004,153917107680
1761325142003,154051998326
1761325143004,154187101923
1761325144004,154321731339
1761325145004,154456875402
1761325146004,154591767635
1761325147004,154726713212
1761325148004,154861702552
1761325149004,154996487241
1761325150003,155131244769
1761325151004,155266454018
1761325152004,155401333555
1761325153004,155536257893
1761325154003,155671215067
1761325155004,155806148437
1761325156004,155941139058
1761325157004,156076017741
1761325158004,156210897950
1761325159004,156345854453
1761325160004,156480788250
1761325161003,156615540042
1761325162003,156750485436
1761325163007,156885965863
1761325164004,157020561588
1761325165005,157155578881
1761325166004,157290352096
1761325167004,157425097356
1761325168003,157560058254
1761325169003,157695031053
1761325170003,157829882636
1761325171005,157965114712
1761325172003,158099823229
1761325173004,158234886116
1761325174003,158369726225
1761325175003,158504690113
1761325176004,158639637033
1761325177003,158774476959
1761325178004,158909496571
1761325179003,159044352183
1761325180008,159179852264
1761325181004,159314248892
1761325182004,159449084240
1761325183004,159583938448
1761325184004,159718977470
1761325185004,159853981458
1761325186004,159988768467
1761325187004,160123901483
1761325188004,160258823806
1761325189004,160393675450
1761325190003,160528456233
1761325191004,160663638016
1761325192004,160798569128
1761325193003,160933333920
1761325194003,161068323015
1761325195003,161203094948
1761325196003,161338080503
1761325197005,161473272357
1761325198004,161608105386
1761325199003,161742967894
1761325200003,161877826497
1761325201004,162012898417
1761325202004,162147838074
1761325203003,162282616843
1761325204002,162417312604
1761325205002,162552247195
1761325206004,162687473533
1761325207004,162822419111
1761325208004,162957368899
1761325209004,163092222680
1761325210003,163227209334
1761325211004,163362261295
1761325212004,163497107569
1761325213004,163631932297
1761325214004,163766915045
1761325215003,163901801540
1761325216004,164036770677
1761325217004,164171700507
1761325218003,164306585416
1761325219002,164441533191
1761325220002,164576333810
1761325221003,164711454192
1761325222004,164846494129
1761325223004,164981222361
1761325224004,165116228363
1761325225005,165251268483
1761325226004,165386020214
1761325227004,165520956758
1761325228004,165655989860
1761325229004,165790807935
1761325230004,165925916537
1761325231004,166060652764
1761325232004,166195752272
1761325233003,166330385899
1761325234003,166465421930
1761325235005,166600439285
1761325236004,166735343542
1761325237004,166870392756
1761325238004,167005209245
1761325239004,167140271765
1761325240004,167274990170
1761325241004,167410068438
1761325242004,167545011757
1761325243004,167679953062
1761325244004,167814787556
1761325245003,167949637369
1761325246004,168084723144
1761325247004,168219575643
1761325248004,168354673747
1761325249004,168489457826
1761325250004,168624416648
1761325251003,168759282330
1761325252003,168894166079
1761325253003,169029195213
1761325254004,169164162397
1761325255005,169299231753
1761325256003,169434000024
1761325257004,169568849594
1761325258004,169703820378
1761325259003,169838717921
1761325260004,169973714402
1761325261003,170108641974
1761325262002,170243288053
1761325263003,170378385119
1761325264003,170513237923
1761325265003,170648243071
1761325266004,170783400012
1761325267004,170918268380
1761325268004,171053012847
1761325269004,171188060475
1761325270003,171322750438
1761325271002,171457771149
1761325272003,171592817679
1761325273005,171727862865
1761325274004,171862779451
1761325275004,171997644096
1761325276004,172132588575
1761325277003,172267429538
1761325278004,172402358087
1761325279004,172537408644
1761325280004,172672258336
1761325281005,172807342035
1761325282004,172942186295
1761325283004,173077082617
1761325284004,173211914547
1761325285004,173346985002
1761325286004,173481875770
1761325287004,173616826657
1761325288004,173751753375
1761325289004,173886561318
1761325290003,174021412536
1761325291004,174156544148
1761325292003,174291443949
1761325293004,174426321167
1761325294004,174561202108
1761325295003,174696031292
1761325296004,174831152956
1761325297004,174966053245
1761325298003,175101005780
1761325299004,175235920108
1761325300003,175370720300
1761325301003,175505658980
1761325302002,175640609501
1761325303003,175775504664
1761325304004,175910469528
1761325305004,176045580266
1761325306004,176180406154
1761325307003,176315309740
1761325308003,176450251289
1761325309004,176585297024
1761325310004,176720240710
1761325311004,176855153267
1761325312004,176990003874
1761325313003,177124931202
1761325314003,177259775950
1761325315004,177394707367
1761325316003,177529680288
1761325317004,177664614391
1761325318004,177799512605
1761325319004,177934602957
1761325320003,178069465283
1761325321004,178204391818
1761325322004,178339357414
1761325323004,178474293592
1761325324004,178609159458
1761325325009,178744623162
1761325326003,178879078079
1761325327003,179013938573
1761325328004,179148956355
1761325329004,179283713884
1761325330003,179418533546
1761325331004,179553590268
1761325332004,179688646380
1761325333003,179823455971
1761325334003,179958291747
1761325335003,180093347919
1761325336003,180228232218
1761325337004,180363175720
1761325338003,180498044515
1761325339002,180633065105
1761325340003,180768010377
1761325341005,180903187460
1761325342013,181039087381
1761325343003,181172715578
1761325344004,181307659020
1761325345003,181442478010
1761325346004,181577611515
1761325347003,181712330408
1761325348004,181847321884
1761325349005,181982525883
1761325350004,182117306727
1761325351004,182252333847
1761325352005,182387423895
1761325353004,182522173000
1761325354004,182657114061
1761325355004,182791804146
1761325356004,182926956998
1761325357006,183062080981
1761325358004,183196679635
1761325359005,183331815093
1761325360004,183466518361
1761325361004,183601647715
1761325362004,183736381501
1761325363003,183871426016
1761325364004,184006330822
1761325365003,184141245638
1761325366004,184276196952
1761325367004,184411157361
1761325368004,184546041232
1761325369003,184680836358
1761325370003,184815636245
1761325371003,184950688817
1761325372004,185085825434
1761325373006,185220957778
1761325374004,185355649755
1761325375004,185490566646
1761325376004,185625511613
1761325377005,185760574256
1761325378004,185895338681
1761325379004,186030201190
1761325380003,186165176186
1761325381003,186300108397
1761325382003,186434942280
1761325383004,186569939493
1761325384004,186704912720
1761325385004,186839950765
1761325386003,186974724468
1761325387004,187109739259
1761325388004,187244623069
1761325389003,187379512677
1761325390005,187514565005
1761325391004,187649446740
1761325392004,187784273787
1761325393003,187919093754
1761325394004,188054190271
1761325395004,188189111801
1761325396004,188323869879
1761325397003,188459024623
1761325398004,188593843492
1761325399004,188728864326
1761325400004,188863913968
1761325401003,188998545703
1761325402004,189133536751
1761325403004,189268626127
1761325404004,189403544361
1761325405003,189538359262
1761325406003,189673324798
1761325407004,189808206899
1761325408003,189943174388
1761325409003,190077972261
1761325410003,190212941093
1761325411004,190348021863
1761325412003,190482922701
1761325413003,190617913200
1761325414010,190752818434
1761325415004,190887766880
1761325416003,191022638117
1761325417003,191157548111
1761325418003,191292441015
1761325419003,191427249935
1761325420004,191562496903
1761325421004,191697291724
1761325422004,191832188656
1761325423004,191967240313
1761325424005,192102145119
1761325425004,192237033506
1761325426005,192372094745
1761325427004,192506838968
1761325428004,192641810485
1761325429004,192776666158
1761325430006,192911684794
1761325431004,193046700013
1761325432004,193181448203
1761325433004,193316565777
1761325434003,193451330324
1761325435005,193586489768
1761325436004,193721268598
1761325437004,193856253360
1761325438003,193991054590
1761325439004,194126075667
1761325440003,194260890264
1761325441004,194395918360
1761325442004,194530723618
1761325443004,194665792425
1761325444004,194800683620
1761325445004,194935580736
1761325446004,195070572700
1761325447004,195205460477
1761325448005,195340615832
1761325449004,195475345223
1761325450004,195610256804
1761325451003,195745134755
1761325452004,195880086497
1761325453004,196015071930
1761325454004,196149981619
1761325455004,196284901745
1761325456004,196419793978
1761325457008,196555136221
1761325458004,196689643323
1761325459004,196824554843
1761325460004,196959550103
1761325461004,197094480666
1761325462003,197229272618
1761325463006,197364694146
1761325464004,197499230972
1761325465004,197634220739
1761325466003,197769054561
1761325467007,197903946245
1761325468004,198038993140
1761325469004,198173920529
1761325470004,198308714740
1761325471004,198443711648
1761325472004,198578578368
1761325473004,198713660908
1761325474003,198848506022
1761325475003,198983266907
1761325476003,199118320822
1761325477004,199253248272
1761325478004,199388325929
1761325479004,199523081687
1761325480004,199658016523
1761325481004,199793073733
1761325482005,199928118248
1761325483005,200063077314
1761325484005,200197981266
1761325485005,200332811487
1761325486004,200467753036
1761325487004,200602669195
1761325488003,200737554958
1761325489004,200872539964
1761325490005,201007629584
1761325491004,201142363675
1761325492004,201277305590
1761325493004,201412324532
1761325494004,201547244779
1761325495004,201682104603
1761325496003,201816903818
1761325497003,201951932159
1761325498004,202086862172
1761325499004,202221793712
1761325500005,202356821808
1761325501004,202491584708
1761325502004,202626543225
1761325503003,202761441805
1761325504004,202896403008
1761325505004,203031298964
1761325506004,203166293308
1761325507003,203301131098
1761325508003,203436029129
1761325509004,203571122533
1761325510004,203705971187
1761325511004,203840861710
1761325512004,203975780249
1761325513007,204111150569
1761325514004,204245850847
1761325515004,204380651100
1761325516005,204515759336
1761325517004,204650581439
1761325518004,204785578896
1761325519004,204920280517
1761325520004,205055316365
1761325521004,205190107036
1761325522004,205325053284
1761325523005,205460144797
1761325524004,205595051495
1761325525004,205729976137
1761325526004,205864771935
1761325527004,205999808942
1761325528004,206134651737
1761325529004,206269576318
1761325530004,206404597823
1761325531004,206539529729
1761325532005,206674457423
1761325533004,206809411911
1761325534004,206944304815
1761325535018,207079359584
1761325536005,207214271837
1761325537004,207349149116
1761325538005,207484034818
1761325539005,207618966968
1761325540005,207753986703
1761325541004,207888672454
1761325542004,208023699269
1761325543004,208158676524
1761325544005,208293704498
1761325545004,208428563162
1761325546004,208563440685
1761325547004,208698372774
1761325548004,208833324394
1761325549007,208968714550
1761325550007,209103556124
1761325551004,209238027642
1761325552003,209373051772
1761325553003,209507842503
1761325554004,209642801569
1761325555004,209777740982
1761325556004,209912695593
1761325557005,210047920283
1761325558007,210182954606
1761325559005,210317616248
1761325560005,210452399411
1761325561004,210587490374
1761325562006,210722529701
1761325563006,210857266112
1761325564003,210992121907
1761325565004,211127059794
1761325566005,211262074829
1761325567005,211397012716
1761325568006,211532065837
1761325569004,211666886109
1761325570005,211801775351
1761325571004,211936732037
1761325572004,212071664675
1761325573004,212206576317
1761325574004,212341528181
1761325575006,212476457096
1761325576004,212611340906
1761325577006,212746397140
1761325578005,212881378301
1761325579005,213016183375
1761325580005,213151010606
1761325581005,213286221258
1761325582006,213421005520
1761325583010,213556500474
1761325584006,213691020088
1761325585006,213825951017
1761325586004,213960631824
1761325587004,214095590646
1761325588004,214230459869
1761325589005,214365481008
1761325590006,214500346080
1761325591004,214635193635
1761325592004,214770209525
1761325593004,214905245190
1761325594004,215040002169
1761325595015,215175175834
1761325596004,215309966627
1761325597004,215444953159
1761325598005,215579865411
1761325599004,215714706130
1761325600004,215849669591
1761325601004,215984571406
1761325602004,216119572525
1761325603003,216254347876
1761325604005,216389517818
1761325605004,216524249956
1761325606005,216659225807
1761325607004,216794199399
1761325608005,216929180194
1761325609003,217063926065
1761325610017,217200685664
1761325611004,217333876851
1761325612004,217468727641
1761325613005,217603774353
1761325614004,217738670859
1761325615009,217873578838
1761325616004,218008570131
1761325617004,218143399620
1761325618005,218278483258
1761325619005,218413456546
1761325620005,218548174096
1761325621004,218683142379
1761325622005,218818181340
1761325623004,218953084742
1761325624004,219088020798
1761325625004,219222712225
1761325626004,219357734707
1761325627004,219492698045
1761325628004,219627616462
1761325629004,219762564054
1761325630004,219897565600
1761325631004,220032406442
1761325632005,220167504423
1761325633004,220302365589
1761325634004,220437288462
1761325635004,220572075531
1761325636004,220707160940
1761325637004,220841991405
1761325638004,220976856966
1761325639005,221111954276
1761325640004,221246876782
1761325641004,221381858187
1761325642004,221516671929
1761325643003,221651538710
1761325644004,221786451634
1761325645004,221921460810
1761325646006,222056498367
1761325647004,222191387853
1761325648004,222326273494
1761325649004,222461183305
1761325650004,222595953407
1761325651004,222730938901
1761325652004,222865976824
1761325653004,223000973854
1761325654004,223135869322
1761325655004,223270711628
1761325656004,223405590922
1761325657003,223540541199
1761325658004,223675581197
1761325659004,223810457561
1761325660004,223945243288
1761325661004,224080356284
1761325662008,224215711772
1761325663004,224350248782
1761325664004,224485150658
1761325665004,224620020125
1761325666005,224755118595
1761325667004,224889844141
1761325668008,225025452925
1761325669004,225159820928
1761325670004,225294681972
1761325671004,225429607713
1761325672006,225564826422
1761325673004,225699515042
1761325674007,225834808274
1761325675003,225969277352
1761325676003,226104279570
1761325677004,226239211780
1761325678004,226374096506
1761325679004,226509157500
1761325680004,226643945668
1761325681004,226778821239
1761325682005,226913811860
1761325683011,227049539174
1761325684004,227183732678
1761325685004,227318555514
1761325686005,227453710624
1761325687004,227588554517
1761325688004,227723387729
1761325689004,227858201471
1761325690004,227993341933
1761325691004,228128250157
1761325692003,228262929256
1761325693004,228398001176
1761325694004,228533015723
1761325695005,228668061336
1761325696006,228803115434
1761325697004,228937806007
1761325698004,229072717893
1761325699004,229207609271
1761325700004,229342545572
1761325701005,229477582762
1761325702004,229612402547
1761325703004,229747348490
1761325704004,229882267456
1761325705005,230017332357
1761325706004,230152184673
1761325707003,230287048403
1761325708004,230422007530
1761325709004,230556877546
1761325710004,230691811099
1761325711005,230826932763
1761325712004,230961697066
1761325713004,231096551152
1761325714003,231231562037
1761325715003,231366502793
1761325716004,231501387823
1761325717004,231636369228
1761325718005,231771252123
1761325719004,231906175605
1761325720004,232041086332
1761325721004,232176133715
1761325722004,232310934457
1761325723005,232446036772
1761325724004,232580805653
1761325725004,232715831614
1761325726005,232850818268
1761325727004,232985684988
1761325728004,233120682750
1761325729003,233255434663
1761325730004,233390454337
1761325731005,233525369763
1761325732004,233660153171
1761325733004,233795267510
1761325734004,233930165053
1761325735004,234065081211
1761325736005,234200054254
1761325737004,234334879715
1761325738004,234469885351
1761325739004,234604581234
1761325740004,234739793351
1761325741004,234874677833
1761325742004,235009613644
1761325743004,235144412127
1761325744004,235279473610
1761325745008,235414705686
1761325746004,235549241902
1761325747006,235684258829
1761325748004,235819118713
1761325749004,235954128743
1761325750003,236088995342
1761325751003,236223808046
1761325752004,236358804160
1761325753004,236493747357
1761325754004,236628843020
1761325755004,236763671593
1761325756004,236898570173
1761325757004,237033538090
1761325758004,237168420740
1761325759004,237303383468
1761325760004,237438299993
1761325761009,237573880822
1761325762004,237708284409
1761325763005,237843205511
1761325764004,237978069851
1761325765004,238113064074
1761325766005,238248094123
1761325767004,238382894437
1761325768004,238517715625
1761325769004,238652625070
1761325770004,238787545745
1761325771004,238922447561
1761325772003,239057363902
1761325773003,239192330537
1761325774003,239327214774
1761325775004,239462138562
1761325776004,239597097140
1761325777003,239731909905
1761325778004,239866919630
1761325779003,240001837803
1761325780003,240136796747
1761325781005,240271891005
1761325782003,240406738133
1761325783003,240541486568
1761325784003,240676526200
1761325785002,240811453528
1761325786004,240946329098
1761325787003,241081465654
1761325788004,241216341163
1761325789003,241351290647
1761325790003,241486031879
1761325791004,241621090249
1761325792003,241756010314
1761325793003,241890842549
1761325794003,242025844706
1761325795003,242160731995
1761325796003,242295726523
1761325797003,242430667461
1761325798004,242565644777
1761325799003,242700497703
1761325800003,242835354597
1761325801004,242970306888
1761325802004,243105154443
1761325803003,243240251754
1761325804002,243375024358
1761325805002,243509984095
1761325806003,243645009262
1761325807003,243779849371
1761325808003,243914948452
1761325809003,244049702013
1761325810003,244184802680
1761325811002,244319646390
1761325812003,244454624194
1761325813003,244589520272
1761325814003,244724213531
1761325815003,244859319386
1761325816003,244994262095
1761325817003,245129104279
1761325818003,245263986807
1761325819003,245399094738
1761325820003,245533882173
1761325821003,245668889457
1761325822003,245803615431
1761325823003,245938880892
1761325824003,246073878472
1761325825002,246208669386
1761325826003,246343685825
1761325827003,246478478754
1761325828003,246613551529
1761325829003,246748353918
1761325830004,246883268245
1761325831004,247017952044
1761325832003,247153043250
1761325833005,247288205380
1761325834004,247422768024
1761325835002,247557515482
1761325836003,247692711913
1761325837004,247827105185
1761325838005,247962192546
1761325839004,248096943361
1761325840003,248231822166
1761325841004,248366791974
1761325842005,248502025088
1761325843003,248636762108
1761325844004,248771589705
1761325845003,248906222966
1761325846003,249041380152
1761325847004,249176160203
1761325848004,249311066962
1761325849005,249445693692
1761325850004,249580932055
1761325851006,249715833321
1761325852004,249849542329
1761325853005,249984472403
1761325854005,250118131485
1761325855002,250252899267
1761325856005,250387314023
1761325857004,250521239767
1761325858004,250653736498
1761325859004,250783363974
1761325860006,250912015744
1761325861003,251040779147
1761325862004,251172277895
1761325863005,251302400792
1761325864003,251432509834
1761325865002,251563951575
1761325866004,251693491222
1761325867003,251822201402
1761325868003,251949784145
1761325869004,252077326299
1761325870005,252205139326
1761325871004,252333240927
1761325872005,252460347169
1761325873005,252588207742
1761325874006,252716221208
1761325875003,252843911189
1761325876004,252973359466
1761325877005,253103131046
1761325878004,253230578168
1761325879005,253356219692
1761325880006,253482351876
1761325881004,253607695306
1761325882005,253735378572
1761325883005,253866079715
1761325884006,253993569318
1761325885003,254120356835
1761325886005,254250207943
1761325887005,254379763764
1761325888004,254507690438
1761325889004,254635442369
1761325890005,254763190150
1761325891004,254894406855
1761325892006,255023550079
1761325893005,255150879648
1761325894003,255280498824
1761325895003,255408090050
1761325896004,255537142209
1761325897003,255667096833
1761325898005,255797378421
1761325899004,255927441503
1761325900005,256054764481
1761325901005,256184564807
1761325902005,256311759489
1761325903006,256440596379
1761325904004,256568464948
1761325905003,256696476095
1761325906004,256825596186
1761325907005,256954927154
1761325908005,257084365910
1761325909004,257213593240
1761325910004,257343043409
1761325911004,257472813768
1761325912005,257603233722
1761325913005,257733073416
1761325914005,257860029818
1761325915003,257986162002
1761325916004,258112173459
1761325917004,258238051555
1761325918004,258363100551
1761325919004,258484073386
1761325920006,258597840490
1761325921006,258714194074
1761325922005,258830019888
1761325923005,258947584834
1761325924003,259065164184
1761325925003,259183175234
1761325926005,259297902723
1761325927005,259409982271
1761325928005,259522781176
1761325929006,259637014648
1761325930004,259751721142
1761325931005,259860475502
1761325932005,259963144123
1761325933004,260067599056
1761325934005,260170478187
1761325935003,260274549515
1761325936004,260378918755
1761325937005,260483511810
1761325938006,260587923530
1761325939005,260692557295
1761325940006,260796546531
1761325941005,260899559207
1761325942006,260991306286
1761325943005,261082298851
1761325944006,261174145967
1761325945005,261267436256
1761325946004,261360818585
1761325947004,261457378091
1761325948004,261550878706
1761325949006,261643786794
1761325950004,261738978811
1761325951004,261831749081
1761325952005,261923764776
1761325953003,262015709975
1761325954004,262107928794
1761325955003,57204748
1761325956006,149401534
1761325957005,241922293
1761325958005,334379820
1761325959006,427025274
1761325960004,518985182
1761325961005,611117637
1761325962005,703111969
1761325963006,795287697
1761325964005,886518360
1761325965005,978858333
1761325966005,1071062199
1761325967004,1163465039
1761325968004,1255731404
1761325969005,1347938443
1761325970005,1439803504
1761325971004,1531863693
1761325972005,1624220695
1761325973004,1716475159
1761325974004,1809207221
1761325975003,1901910536
1761325976004,1994580343
1761325977006,2087776332
1761325978004,2180591890
1761325979004,2272243328
1761325980004,2364501332
1761325981005,2457182125
1761325982005,2549510563
1761325983005,2642146068
1761325984003,2734447467
1761325985003,2827685143
1761325986004,2920206269
1761325987005,3013117164
1761325988004,3105860396
1761325989006,3198524221
1761325990005,3291198361
1761325991006,3383777836
1761325992006,3475980237
1761325993004,3568401875
1761325994006,3660460783
1761325995002,3752873937
1761325996002,3844697310
1761325997002,3932152836
1761325998002,4022923905
1761325999004,4109506203
1761326000003,4199034172
1761326001002,4290711427
1761326002004,4376052334
1761326003005,4437665092
1761326004004,4543510341
1761326005003,4667856702
1761326006003,4792855589
1761326007006,4918755108
1761326008004,5045918478
1761326009004,5174407957
1761326010003,5305759976
1761326011002,5437218136
1761326012005,5566024935
1761326013005,5695549445
1761326014004,5826763953
1761326015003,5959136661
1761326016002,6092883511
1761326017004,6228158677
1761326018004,6362614754
1761326019004,6496947967
1761326020004,6631100333
1761326021004,6765079116
1761326022004,6898346231
1761326023004,7031341679
1761326024004,7161740149
1761326025003,7293750187
1761326026004,7425399264
1761326027004,7558499815
1761326028004,7692669088
1761326029004,7828006754
1761326030005,7958572704
1761326031004,8087196032
1761326032005,8216489646
1761326033005,8344265320
1761326034006,8474021885
1761326035002,8603284677
1761326036004,8732645491
1761326037004,8862212053
1761326038005,8991127739
1761326039004,9118188754
1761326040005,9243660113
1761326041004,9368469913
1761326042005,9495989972
1761326043004,9625189653
1761326044004,9753800530
1761326045002,9883235807
1761326046005,10010840155
1761326047004,10136606862
1761326048004,10264708890
1761326049005,10393135747
1761326050004,10523285987
1761326051004,10653045970
1761326052004,10783330243
1761326053004,10913817214
1761326054005,11045728192
1761326055003,11174089497
1761326056004,11302296627
1761326057003,11433688503
1761326058004,11562835206
1761326059005,11692863865
1761326060004,11822803107
1761326061006,11952296977
1761326062002,12083253368
1761326063004,12212709213
1761326064004,12341579184
1761326065003,12470086545
1761326066004,12599544771
1761326067004,12727299876
1761326068006,12854956226
1761326069004,12981244538
1761326070003,13108760630
1761326071003,13238946821
1761326072004,13367799274
1761326073005,13493890077
1761326074003,13622417458
1761326075003,13749272602
1761326076002,13877905085
1761326077004,14007645841
1761326078006,14146979591
1761326079003,14281741575
1761326080004,14416388325
1761326081003,14551502115
1761326082003,14686494506
1761326083002,14821241110
1761326084003,14956118694
1761326085003,15090993166
1761326086003,15225954063
1761326087003,15360878156
1761326088003,15495767947
1761326089003,15630934716
1761326090003,15765784407
1761326091003,15900763249
1761326092003,16035447291
1761326093003,16170593551
1761326094003,16305324469
1761326095003,16440208096
1761326096003,16575454576
1761326097003,16710325019
1761326098003,16845264554
1761326099003,16980085254
1761326100003,17114842782
1761326101003,17249950529
1761326102003,17384888294
1761326103003,17519903085
1761326104003,17654766876
1761326105003,17789758901
1761326106003,17924664684
1761326107003,18059590302
1761326108003,18194481315
1761326109003,18329483349
1761326110003,18464400423
1761326111003,18599285576
1761326112003,18734174513
1761326113003,18869129551
1761326114003,19004115106
1761326115003,19138654190
1761326116003,19273910741
1761326117003,19408634456
1761326118003,19543342852
1761326119003,19678793555
1761326120003,19813549618
1761326121002,19948399737
1761326122003,20083088418
1761326123003,20218031676
1761326124003,20352940327
1761326125002,20488175089
1761326126003,20622969238
1761326127003,20758016744
1761326128003,20892834331
1761326129003,21027512392
1761326130003,21162883933
1761326131003,21297566571
1761326132003,21432385867
1761326133003,21567305017
1761326134003,21702282271
1761326135003,21837398197
1761326136003,21972368677
1761326137003,22107029465
1761326138003,22242181768
1761326139003,22376777859
1761326140003,22512058885
1761326141003,22646431954
1761326142003,22781626066
1761326143003,22916773852
1761326144003,23051599496
1761326145003,23186310638
1761326146003,23321575062
1761326147003,23456214182
1761326148003,23591338043
1761326149003,23726165029
1761326150003,23860822644
1761326151003,23996150727
1761326152003,24131108451
1761326153003,24265819104
1761326154002,24400450718
1761326155002,24535632195
1761326156003,24670382278
1761326157003,24805568028
1761326158003,24940473444
1761326159002,25075245194
1761326160003,25210545568
1761326161003,25345301693
1761326162003,25480259233
1761326163003,25615028480
1761326164003,25750112424
1761326165003,25884924640
1761326166003,26019956276
1761326167003,26154788268
1761326168003,26289403402
1761326169003,26424710550
1761326170003,26559327759
1761326171003,26694686300
1761326172003,26829299908
1761326173003,26964552186
1761326174003,27099233665
1761326175003,27233899092
1761326176003,27369264956
1761326177003,27503705774
1761326178002,27638939620
1761326179003,27773698857
1761326180002,27908256069
1761326181003,28043661606
1761326182003,28178473089
1761326183004,28313458218
1761326184003,28448364305
1761326185002,28583179695
1761326186004,28717964933
1761326187002,28852873035
1761326188003,28987909860
1761326189004,29122894256
1761326190003,29257831288
1761326191003,29392677806
1761326192003,29527588654
1761326193003,29662632071
1761326194003,29797536022
1761326195003,29932369539
1761326196003,30067351005
1761326197003,30202363233
1761326198003,30337220920
1761326199003,30472176141
1761326200003,30607059890
1761326201003,30742153904
1761326202003,30876893672
1761326203003,31011878250
1761326204003,31146849096
1761326205003,31281728268
1761326206003,31416591387
1761326207003,31551515968
1761326208003,31686486143
1761326209003,31821595416
1761326210003,31956511452
1761326211003,32091209533
1761326212003,32226183614
1761326213003,32361156046
1761326214003,32496123230
1761326215003,32630945212
1761326216003,32765958111
1761326217003,32900766909
1761326218003,33035919883
1761326219002,33170702314
1761326220003,33305596011
1761326221004,33440765038
1761326222004,33575580306
1761326223005,33710678531
1761326224004,33845485132
1761326225004,33980465988
1761326226005,34115594914
1761326227004,34250289638
1761326228004,34385296678
1761326229004,34520094123
1761326230004,34655165799
1761326231004,34790052477
1761326232004,34924907296
1761326233004,35059808806
1761326234004,35194785389
1761326235004,35329544749
1761326236004,35464579559
1761326237004,35599580129
1761326238004,35734479137
1761326239004,35869362031
1761326240004,36004421439
1761326241004,36139309826
1761326242004,36274264620
1761326243004,36409176750
1761326244004,36544072279
1761326245004,36679038120
1761326246004,36813940912
1761326247004,36948919387
1761326248004,37083938817
1761326249003,37218727962
1761326250004,37353637223
1761326251004,37488614417
1761326252004,37623464230
1761326253004,37758461382
1761326254004,37893396522
1761326255004,38028108519
1761326256004,38163211628
1761326257003,38298157327
1761326258003,38432955200
1761326259003,38567994344
1761326260004,38702922221
1761326261004,38837914124
1761326262003,38972691489
1761326263003,39107702313
1761326264004,39242637636
1761326265004,39377680625
1761326266004,39512342512
1761326267004,39647411014
1761326268004,39782332666
1761326269003,39917236190
1761326270004,40052111882
1761326271004,40187154505
1761326272004,40322171311
1761326273003,40456872809
1761326274004,40591991848
1761326275004,40726947557
1761326276004,40861683479
1761326277004,40996629850
1761326278004,41131704455
1761326279009,41267377326
1761326280004,41401589202
1761326281004,41536487294
1761326282004,41671431528
1761326283004,41806317108
1761326284004,41941234427
1761326285004,42076043224
1761326286004,42211178926
1761326287004,42346037712
1761326288004,42480994580
1761326289004,42615733737
1761326290004,42750907281
1761326291003,42885656752
1761326292003,43020665684
1761326293005,43155718988
1761326294004,43290539566
1761326295004,43425584081
1761326296003,43560286861
1761326297003,43695158953
1761326298005,43830399634
1761326299004,43965123166
1761326300004,44100092852
1761326301004,44235002175
1761326302004,44369895079
1761326303004,44504866413
1761326304004,44639840860
1761326305004,44774824524
1761326306004,44909568869
1761326307004,45044560711
1761326308004,45179500917
1761326309005,45314711081
1761326310004,45449429364
1761326311004,45584286380
1761326312004,45719173058
1761326313004,45854277388
1761326314005,45989281559
1761326315004,46124008081
1761326316003,46258930282
1761326317005,46393951543
1761326318004,46528891872
1761326319004,46663752977
1761326320003,46798652350
1761326321004,46933443875
1761326322003,47068454882
1761326323003,47203404305
1761326324003,47338397307
1761326325003,47473217762
1761326326003,47608138498
1761326327004,47743203216
1761326328003,47878024038
1761326329003,48012974559
1761326330003,48147997163
1761326331004,48282784354
1761326332004,48417854626
1761326333004,48552787569
1761326334003,48687610527
1761326335004,48822618910
1761326336004,48957483005
1761326337003,49092548822
1761326338003,49227350784
1761326339004,49362151220
1761326340003,49496986263
1761326341003,49632189469
1761326342003,49767174963
1761326343003,49902049374
1761326344004,50037024126
1761326345003,50171896095
1761326346003,50306870786
1761326347004,50441728962
1761326348003,50576693155
1761326349003,50711531677
1761326350002,50846428182
1761326351003,50981397746
1761326352004,51116340028
1761326353003,51251280295
1761326354003,51386198284
1761326355003,51521002444
1761326356003,51656102074
1761326357004,51791116804
1761326358003,51925853519
1761326359003,52060774011
1761326360003,52195820235
1761326361003,52330723637
1761326362003,52465359035
1761326363003,52600747665
1761326364003,52735526373
1761326365003,52870446499
1761326366003,53005248339
1761326367003,53140187080
1761326368003,53275437894
1761326369003,53410023670
1761326370003,53545177010
1761326371003,53680144866
1761326372003,53814865529
1761326373003,53949825267
1761326374004,54084931976
1761326375003,54219536063
1761326376003,54354683849
1761326377003,54489596224
1761326378003,54624654166
1761326379003,54759160231
1761326380003,54894389133
1761326381002,55029150934
1761326382003,55164225966
1761326383003,55299085301
1761326384003,55433953852
1761326385003,55568594560
1761326386002,55703980810
1761326387003,55838855526
1761326388003,55973809221
1761326389004,56108741187
1761326390003,56243667783
1761326391002,56378556293
1761326392002,56513495339
1761326393003,56648553404
1761326394004,56783464558
1761326395003,56918208292
1761326396003,57053159424
1761326397003,57188269186
1761326398004,57323143718
1761326399003,57458077760
1761326400003,57592953086
1761326401002,57728115338
1761326402003,57862891726
1761326403003,57997810997
1761326404003,58132701521
1761326405003,58267612553
1761326406003,58402386073
1761326407002,58537234116
1761326408003,58672404241
1761326409003,58807250209
1761326410003,58942091478
1761326411004,59077346625
1761326412005,59212334866
1761326413003,59346885730
1761326414004,59481981148
1761326415016,59618446741
1761326416003,59751868641
1761326417004,59886812204
1761326418004,60021773101
1761326419004,60156607107
1761326420004,60291581065
1761326421004,60426655304
1761326422005,60561561270
1761326423005,60696567150
1761326424004,60831412691
1761326425005,60966406120
1761326426004,61101182142
1761326427003,61236006321
1761326428003,61370936578
1761326429003,61505928237
1761326430004,61640895909
1761326431004,61775825190
1761326432008,61911416518
1761326433006,62045802466
1761326434004,62180545834
1761326435004,62315676408
1761326436004,62450420265
1761326437005,62585601499
1761326438004,62720384296
1761326439004,62855192605
1761326440004,62990108459
1761326441004,63125238850
1761326442004,63259861186
1761326443004,63395040161
1761326444004,63529997213
1761326445005,63664862286
1761326446004,63799676333
1761326447004,63934732750
1761326448004,64069528913
1761326449004,64204513309
1761326450003,64339410241
1761326451004,64474436446
1761326452004,64609326237
1761326453004,64744332056
1761326454004,64879188889
1761326455005,65014157843
1761326456004,65149070827
1761326457004,65284012743
1761326458004,65418933845
1761326459004,65553862027
1761326460007,65688787890
1761326461004,65823684335
1761326462005,65958796904
1761326463004,66093672535
1761326464004,66228528635
1761326465005,66363422333
1761326466003,66498278555
1761326467004,66633284557
1761326468004,66768235750
1761326469005,66903094779
1761326470004,67038052259
1761326471004,67172947543
1761326472004,67307989434
1761326473004,67442987135
1761326474005,67577807286
1761326475009,67712904779
1761326476004,67847573135
1761326477004,67982663671
1761326478004,68117637263
1761326479008,68253074417
1761326480004,68387423072
1761326481004,68522324948
1761326482011,68657111468
1761326483004,68792178505
1761326484006,68927262754
1761326485006,69062325275
1761326486005,69197127176
1761326487007,69332181090
1761326488004,69466825643
1761326489004,69601672405
1761326490004,69736742616
1761326491004,69871673728
1761326492004,70006534039
1761326493004,70141278262
1761326494004,70276394005
1761326495004,70411349409
1761326496004,70546229740
1761326497003,70681219629
1761326498004,70816092453
1761326499004,70951074712
1761326500004,71085987147
1761326501003,71220854661
1761326502004,71355768927
1761326503004,71490765652
1761326504004,71625774584
1761326505004,71760727241
1761326506006,71895724515
1761326507004,72030430103
1761326508004,72165474374
1761326509004,72300384246
1761326510005,72435444508
1761326511004,72570144847
1761326512004,72705019013
1761326513004,72839977591
1761326514004,72975034069
1761326515004,73109983370
1761326516003,73244866997
1761326517004,73379831983
1761326518004,73514753208
1761326519004,73649597223
1761326520004,73784633742
1761326521004,73919573094
1761326522004,74054387202
1761326523004,74189254716
1761326524003,74324247717
1761326525004,74459247799
1761326526003,74594191850
1761326527004,74729151039
1761326528005,74864002195
1761326529004,74998866901
1761326530004,75133821633
1761326531004,75268852660
1761326532003,75403693806
1761326533004,75538660502
1761326534002,75673451661
1761326535003,75808357809
1761326536003,75943350994
1761326537004,76078422853
1761326538004,76213275718
1761326539003,76348261029
1761326540004,76483098758
1761326541004,76618080529
1761326542004,76753036238
1761326543003,76887993168
1761326544003,77022815150
1761326545003,77157751633
1761326546003,77292724859
1761326547004,77427662563
1761326548003,77562469530
1761326549003,77697523505
1761326550004,77832412198
1761326551004,77967419909
1761326552003,78102374459
1761326553004,78237354033
1761326554004,78372245350
1761326555003,78506985056
1761326556004,78641993133
1761326557004,78776975271
1761326558003,78911707348
1761326559003,79046748140
1761326560003,79181715873
1761326561003,79316560437
1761326562004,79451563510
1761326563004,79586477471
1761326564004,79721533400
1761326565004,79856389195
1761326566004,79991394220
1761326567003,80126110672
1761326568003,80261157690
1761326569004,80396141414
1761326570003,80530882402
1761326571004,80665918616
1761326572003,80800818112
1761326573005,80935641437
1761326574003,81070593911
1761326575005,81205825559
1761326576004,81340808978
1761326577004,81475439432
1761326578004,81610435608
1761326579004,81745372640
1761326580003,81880228862
1761326581003,82015278382
1761326582004,82150112876
1761326583004,82285105267
1761326584004,82420112307
1761326585004,82554953148
1761326586006,82690318829
1761326587005,82824897525
1761326588004,82959799158
1761326589004,83094661849
1761326590004,83229702214
1761326591004,83364518702
1761326592004,83499582077
1761326593004,83634504889
1761326594004,83769283413
1761326595004,83904327684
1761326596004,84039196113
1761326597004,84174154020
1761326598004,84309192798
1761326599005,84444104379
1761326600004,84579027556
1761326601005,84713954396
1761326602004,84848713572
1761326603004,84983746857
1761326604004,85118526785
1761326605003,85253434643
1761326606004,85388589204
1761326607004,85523481559
1761326608004,85658192091
1761326609005,85793434115
1761326610004,85928154718
1761326611004,86063004165
1761326612003,86197889013
1761326613004,86332947199
1761326614005,86468121475
1761326615003,86602840979
1761326616004,86737831478
1761326617004,86872668901
1761326618004,87007687599
1761326619003,87142479307
1761326620004,87277540484
1761326621003,87412422158
1761326622004,87547340819
1761326623004,87682332722
1761326624003,87817246866
1761326625004,87952262634
1761326626004,88087062277
1761326627004,88222001262
1761326628004,88356754580
1761326629004,88491856346
1761326630003,88626717573
1761326631004,88761764346
1761326632004,88896658227
1761326633004,89031741133
1761326634004,89166624455
1761326635005,89301502649
1761326636004,89436433822
1761326637006,89571647282
1761326638004,89706175869
1761326639004,89841060777
1761326640004,89976196418
1761326641004,90111051846
1761326642004,90246003527
1761326643004,90380715524
1761326644004,90515747160
1761326645004,90650763660
1761326646004,90785757639
1761326647004,90920685089
1761326648004,91055609548
1761326649004,91190484996
1761326650003,91325299165
1761326651003,91460343985
1761326652004,91595299634
1761326653004,91730159884
1761326654003,91865034295
1761326655005,92000145155
1761326656005,92135124851
1761326657004,92269949640
1761326658004,92404848953
1761326659004,92539806249
1761326660004,92674678828
1761326661004,92809655106
1761326662004,92944483924
1761326663003,93079270627
1761326664004,93214288043
1761326665004,93349260475
1761326666004,93484229063
1761326667004,93619184040
1761326668004,93754139078
1761326669005,93889144775
1761326670004,94023952169
1761326671004,94158856120
1761326672004,94293948304
1761326673005,94428870016
1761326674004,94563662396
1761326675007,94698962404
1761326676004,94833646263
1761326677006,94968754315
1761326678004,95103409915
1761326679004,95238289941
1761326680004,95373247298
1761326681004,95508292607
1761326682005,95643260340
1761326683004,95778222641
1761326684003,95912956976
1761326685003,96047783719
1761326686004,96182971849
1761326687004,96317848884
1761326688004,96452781827
1761326689013,96588911362
1761326690004,96722596871
1761326691004,96857544402
1761326692004,96992305837
1761326693004,97127502024
1761326694003,97262185822
1761326695002,97396992362
1761326696004,97532137096
1761326697003,97667123628
1761326698004,97802047843
1761326699004,97936931165
1761326700004,98071875827
1761326701009,98207325126
1761326702004,98341707045
1761326703004,98476755833
1761326704004,98611536005
1761326705004,98746515030
1761326706004,98881410803
1761326707003,99016172421
1761326708004,99151391557
1761326709004,99286385413
1761326710004,99421035520
1761326711004,99556151385
1761326712003,99690997781
1761326713004,99826063048
1761326714004,99960796040
1761326715004,100095703227
1761326716004,100230688660
1761326717003,100365670614
1761326718004,100500576152
1761326719005,100635704469
1761326720004,100770404441
1761326721004,100905394574
1761326722005,101040368899
1761326723004,101175306786
1761326724004,101310114241
1761326725004,101445155216
1761326726005,101580004114
1761326727009,101715593062
1761326728002,101849690680
1761326729004,101984898708
1761326730004,102119761094
1761326731004,102254755011
1761326732004,102389584500
1761326733003,102524447558
1761326734003,102659421273
1761326735005,102794459074
1761326736002,102929179371
1761326737007,103064506417
1761326738004,103199143463
1761326739004,103334090627
1761326740005,103469197215
1761326741004,103603991059
1761326742004,103738912345
1761326743003,103873651502
1761326744004,104008646578
1761326745004,104143629937
1761326746004,104278599257
1761326747004,104413555332
1761326748004,104548496454
1761326749004,104683517654
1761326750004,104818430150
1761326751004,104953209224
1761326752004,105088288285
1761326753004,105223026282
1761326754004,105357956540
1761326755004,105492964434
1761326756003,105627696389
1761326757004,105762878294
1761326758004,105897833087
1761326759003,106032685831
1761326760003,106167538085
1761326761003,106302388204
1761326762003,106437347392
1761326763004,106572420655
1761326764003,106707312399
1761326765002,106841955731
1761326766003,106977101259
1761326767004,107112103111
1761326768004,107247087507
1761326769004,107381957035
1761326770003,107516819726
1761326771003,107651590378
1761326772004,107786700627
1761326773003,107921679835
1761326774004,108056678513
1761326775004,108191581061
1761326776004,108326500393
1761326777004,108461363451
1761326778003,108596299568
1761326779004,108731175626
1761326780003,108866189929
1761326781003,109001078744
1761326782004,109136028594
1761326783003,109270879201
1761326784003,109405899729
1761326785003,109540715302
1761326786003,109675606070
1761326787003,109810680309
1761326788003,109945628023
1761326789004,110080530143
1761326790003,110214990004
1761326791003,110350357517
1761326792003,110485391717
1761326793004,110620249343
1761326794004,110755193577
1761326795003,110889801326
1761326796003,111024864701
1761326797003,111159933020
1761326798004,111294972652
1761326799003,111429804948
1761326800002,111564591163
1761326801002,111699635923
1761326802003,111834577228
1761326803003,111969447244
1761326804003,112104496275
1761326805003,112239425495
1761326806003,112374190104
1761326807003,112509319092
1761326808003,112644267904
1761326809003,112779090313
1761326810003,112913948427
1761326811002,113048801048
1761326812003,113183870954
1761326813003,113318808902
1761326814003,113453690453
1761326815003,113588655196
1761326816003,113723531132
1761326817003,113858518763
1761326818004,113993288010
1761326819004,114128317755
1761326820003,114263214504
1761326821003,114398266099
1761326822003,114533309882
1761326823003,114668282254
1761326824003,114803064807
1761326825003,114937979500
1761326826003,115072956877
1761326827003,115207870167
1761326828003,115342683542
1761326829003,115477733856
1761326830003,115612687856
1761326831003,115747582713
1761326832003,115882423738
1761326833002,116017287223
1761326834003,116152388012
1761326835003,116287102816
1761326836003,116422208000
1761326837003,116556980238
1761326838003,116692061924
1761326839003,116826775019
1761326840003,116961852249
1761326841002,117096863866
1761326842002,117231451656
1761326843003,117366691666
1761326844003,117501650427
1761326845003,117636585690
1761326846002,117771371539
1761326847003,117906380470
1761326848004,118041474790
1761326849003,118176229572
1761326850003,118311044535
1761326851003,118446106384
1761326852003,118581166585
1761326853002,118715934978
1761326854003,118850882264
1761326855002,118985812460
1761326856003,119120793011
1761326857003,119255537112
1761326858003,119390597923
1761326859003,119525505537
1761326860004,119660578983
1761326861003,119795270288
1761326862003,119930342147
1761326863003,120065261601
1761326864003,120200250025
1761326865003,120335121445
1761326866003,120469911627
1761326867003,120604952969
1761326868003,120739837572
1761326869003,120874834724
1761326870003,121009863736
1761326871004,121144688403
1761326872004,121279613046
1761326873002,121414503753
1761326874003,121549378774
1761326875003,121684245067
1761326876003,121819410370
1761326877003,121954098013
1761326878002,122089110241
1761326879003,122224191377
1761326880003,122358960869
1761326881003,122493735182
1761326882002,122628791294
1761326883002,122763704400
1761326884003,122898711501
1761326885002,123033491979
1761326886003,123168627985
1761326887003,123303598587
1761326888002,123438099586
1761326889003,123573517391
1761326890002,123708380388
1761326891003,123843208961
1761326892003,123978255612
1761326893004,124113058124
1761326894003,124248119362
1761326895003,124382943785
1761326896003,124517966877
1761326897003,124652890482
1761326898003,124787835693
1761326899003,124922641195
1761326900003,125057730998
1761326901003,125192593751
1761326902003,125327581504
1761326903003,125462400250
1761326904003,125597361941
1761326905003,125731917444
1761326906003,125867206160
1761326907003,126002024601
1761326908003,126137010340
1761326909003,126271901413
1761326910003,126406943792
1761326911003,126541883815
1761326912003,126676705003
1761326913002,126811493110
1761326914003,126946457425
1761326915003,127081383533
1761326916003,127216471749
1761326917003,127351372465
1761326918004,127486315540
1761326919002,127620810252
1761326920002,127755963227
1761326921003,127890908133
1761326922002,128025891735
1761326923003,128161030122
1761326924003,128295903922
1761326925003,128430822644
1761326926003,128565852999
1761326927003,128700596734
1761326928003,128835627577
1761326929004,128970254185
1761326930003,129105461664
1761326931003,129240336258
1761326932003,129375217382
1761326933003,129510329219
1761326934002,129645131547
1761326935003,129780085486
1761326936003,129914957944
1761326937004,130049926348
1761326938003,130184839821
1761326939003,130319669310
1761326940003,130454681538
1761326941003,130589627298
1761326942003,130724545166
1761326943003,130859631978
1761326944003,130994428020
1761326945003,131129458192
1761326946003,131264359946
1761326947004,131399220440
1761326948003,131534044009
1761326949004,131669150230
1761326950003,131803989302
1761326951003,131939150210
1761326952003,132073668299
1761326953003,132208737289
1761326954003,132343709111
1761326955003,132478632350
1761326956003,132613626755
1761326957003,132748324470
1761326958003,132883427578
1761326959003,133018010364
1761326960002,133153258736
1761326961003,133288173857
1761326962003,133423255725
1761326963003,133558066720
1761326964003,133693139434
1761326965003,133827944936
1761326966003,133962769176
1761326967003,134097570283
1761326968003,134232621695
1761326969003,134367608776
1761326970003,134502509005
1761326971003,134637321831
1761326972003,134772220472
1761326973003,134907365512
1761326974002,135042169122
1761326975002,135176965347
1761326976003,135311977819
1761326977003,135447148554
1761326978003,135581895463
1761326979003,135716960486
1761326980003,135851770809
1761326981003,135986686358
1761326982003,136121691627
1761326983003,136256074157
1761326984003,136391516437
1761326985002,136526388284
1761326986002,136661213317
1761326987003,136796204671
1761326988003,136931150370
1761326989003,137066314270
1761326990003,137201198385
1761326991003,137335942242
1761326992003,137471042482
1761326993003,137605945213
1761326994003,137740677351
1761326995003,137875693301
1761326996003,138010512353
1761326997003,138145718062
1761326998003,138280447148
1761326999004,138415341212
1761327000003,138550179917
1761327001003,138685273687
1761327002003,138820236660
1761327003003,138954648181
1761327004003,139090060920
1761327005002,139224450469
1761327006003,139359572010
1761327007003,139494580453
1761327008004,139629529815
1761327009004,139764519032
1761327010004,139899195079
1761327011004,140034242463
1761327012005,140168843986
1761327013005,140303317824
1761327014004,140433488816
1761327015003,140564499467
1761327016003,140697491681
1761327017003,140825567830
1761327018004,140955402031
1761327019005,141081689855
1761327020003,141207885699
1761327021004,141336545709
1761327022005,141468227989
1761327023005,141598776788
1761327024003,141736751593
1761327025002,141871505094
1761327026002,142006462390
1761327027003,142141444954
1761327028003,142276361174
1761327029003,142411246266
1761327030003,142546094980
1761327031003,142681248504
1761327032004,142816139272
1761327033003,142951111522
1761327034003,143085869233
1761327035003,143220837577
1761327036002,143355768018
1761327037003,143490819857
1761327038003,143625576348
1761327039003,143760576246
1761327040003,143895575351
1761327041002,144030433222
1761327042003,144165258377
1761327043003,144300433873
1761327044003,144434994869
1761327045003,144570101274
1761327046002,144704946998
1761327047003,144840177120
1761327048003,144974949724
1761327049004,145109985206
1761327050003,145244874693
1761327051003,145379694721
1761327052002,145514527994
1761327053003,145649546997
1761327054003,145784537129
1761327055003,145919442424
1761327056003,146054254090
1761327057002,146189215049
1761327058003,146324297711
1761327059003,146459181337
1761327060004,146594323142
1761327061004,146729079267
1761327062003,146864105533
1761327063003,146998726099
1761327064003,147133797347
1761327065002,147268524602
1761327066002,147403614650
1761327067003,147538585435
1761327068003,147673600775
1761327069003,147808451504
1761327070003,147943442064
1761327071004,148078313362
1761327072003,148213242582
1761327073004,148348353259
1761327074002,148482711619
1761327075002,148617982940
1761327076002,148752597036
1761327077003,148887781382
1761327078003,149022820832
1761327079003,149157671927
1761327080003,149292638805
1761327081003,149427488741
1761327082003,149562514335
1761327083003,149697388319
1761327084003,149832346469
1761327085003,149967305657
1761327086002,150102054763
1761327087003,150237088475
1761327088003,150371774837
1761327089003,150506990128
1761327090003,150641970983
1761327091003,150777002742
1761327092003,150911853960
1761327093003,151046712928
1761327094003,151181609373
1761327095003,151316541827
1761327096003,151451634743
1761327097003,151586338195
1761327098003,151721308797
1761327099002,151856316935
1761327100003,151991100159
1761327101003,152126073446
1761327102003,152260958538
1761327103003,152396043336
1761327104003,152530626610
1761327105003,152665949384
1761327106003,152800827090
1761327107003,152935613061
1761327108003,153070714827
1761327109003,153205633366
1761327110003,153340571192
1761327111003,153475235215
1761327112003,153610281561
1761327113003,153745455653
1761327114003,153880320542
1761327115003,154015156318
1761327116003,154150067655
1761327117003,154284791248
1761327118003,154419947030
1761327119002,154554713103
1761327120002,154689628407
1761327121003,154824795419
1761327122003,154959762969
1761327123003,155094494375
1761327124002,155229403576
1761327125003,155364343294
1761327126003,155499435721
1761327127003,155634239880
1761327128003,155769241305
1761327129003,155904107354
1761327130003,156038992445
1761327131003,156174078098
1761327132003,156308837702
1761327133003,156443742935
1761327134003,156578913488
1761327135002,156713337643
1761327136003,156848624223
1761327137003,156983403785
1761327138003,157118559079
1761327139002,157253424456
1761327140003,157388274819
1761327141003,157523315916
1761327142003,157658310077
1761327143003,157793307168
1761327144003,157928081726
1761327145002,158062705465
1761327146003,158197603130
1761327147004,158332496157
1761327148003,158467546104
1761327149002,158602587445
1761327150003,158737312076
1761327151003,158872749534
1761327152003,159007357710
1761327153003,159142570072
1761327154004,159277179407
1761327155003,159412029037
1761327156002,159546763190
1761327157003,159682139430
1761327158003,159816999436
1761327159004,159951715949
1761327160004,160086636197
1761327161004,160221640917
1761327162004,160356409921
1761327163005,160489585239
1761327164005,160619625738
1761327165003,160751662205
1761327166004,160881249092
1761327167006,161013370885
1761327168003,161143352120
1761327169005,161273991129
1761327170004,161405671456
1761327171006,161537769140
1761327172004,161671754942
1761327173005,161803514675
1761327174005,161934479672
1761327175003,162066534205
1761327176004,162195365662
1761327177004,162325067601
1761327178006,162451969986
1761327179004,162580061577
1761327180004,162708754118
1761327181004,162837963565
1761327182004,162967401405
1761327183004,163096187392
1761327184004,163223857536
1761327185002,163353513637
1761327186003,163483398620
1761327187004,163614053070
1761327188004,163741886849
1761327189005,163871275190
1761327190006,164000140278
1761327191005,164129561394
1761327192004,164257914520
1761327193005,164386994390
1761327194004,164516966408
1761327195002,164646742382
1761327196004,164776938643
1761327197005,164904848594
1761327198005,165031977419
1761327199005,165160793190
1761327200005,165291309152
1761327201003,165421740642
1761327202006,165552333387
1761327203003,165680605458
1761327204004,165809645533
1761327205003,165939918149
1761327206004,166068030248
1761327207004,166195574721
1761327208004,166323813956
1761327209005,166451425934
1761327210005,166581632692
1761327211004,166713154084
1761327212004,166844677002
1761327213005,166975048861
1761327214003,167106061526
1761327215002,167234912392
1761327216005,167363365555
1761327217004,167492829701
1761327218005,167622746238
1761327219005,167752868158
1761327220004,167883363369
1761327221003,168014243588
1761327222004,168143091281
1761327223004,168272693244
1761327224004,168400397446
1761327225003,168528468041
1761327226002,168660020499
1761327227004,168790770592
1761327228004,168920767207
1761327229004,169050133941
1761327230004,169180020816
1761327231004,169308625650
1761327232006,169438777966
1761327233003,169569085250
1761327234005,169699458451
1761327235003,169829517566
1761327236005,169958043116
1761327237005,170083823068
1761327238005,170210806202
1761327239004,170336426242
1761327240006,170464489513
1761327241004,170593257494
1761327242004,170723234273
1761327243005,170851495785
1761327244005,170978909155
1761327245002,171106942946
1761327246004,171234687431
1761327247004,171362431672
1761327248006,171489468578
1761327249004,171617356434
1761327250003,171747979208
1761327251004,171877304621
1761327252004,172007096159
1761327253004,172135718144
1761327254005,172263972516
1761327255003,172394456252
1761327256004,172523310902
1761327257004,172652632898
1761327258004,172782385007
1761327259005,172911715731
1761327260004,173040049325
1761327261006,173170645121
1761327262004,173301317577
1761327263005,173433179056
1761327264004,173564613656
1761327265003,173695806375
1761327266005,173827252938
1761327267002,173958201455
1761327268004,174089297189
1761327269005,174219685283
1761327270004,174348639847
1761327271004,174477141777
1761327272004,174605878813
1761327273004,174736360962
1761327274004,174866536593
1761327275003,174995645943
1761327276003,175126859901
1761327277003,175258021614
1761327278004,175388781899
1761327279005,175517921034
1761327280004,175645589408
1761327281004,175772789095
1761327282003,175902251105
1761327283004,176027434927
1761327284004,176153210240
1761327285003,176277250206
1761327286003,176407312983
1761327287004,176538468958
1761327288004,176670121209
1761327289004,176802421896
1761327290004,176936433699
1761327291002,177071880618
1761327292003,177206709801
1761327293004,177341642928
1761327294002,177476671635
1761327295003,177611604395
1761327296003,177746541976
1761327297003,177881285894
1761327298003,178016489039
1761327299003,178151326951
1761327300002,178285951850
1761327301002,178421171780
1761327302003,178555843616
1761327303003,178691008553
1761327304003,178825697844
1761327305003,178960735340
1761327306003,179095470042
1761327307003,179230710723
1761327308003,179365477041
1761327309003,179500412670
1761327310003,179635427033
1761327311002,179770364982
1761327312003,179905320263
1761327313003,180040162509
1761327314003,180175081536
1761327315003,180310014540
1761327316003,180444917210
1761327317002,180579913263
1761327318003,180714862747
1761327319003,180849781469
1761327320003,180984848628
1761327321003,181119652177
1761327322002,181254545996
1761327323003,181389399838
1761327324003,181524330157
1761327325003,181659246804
1761327326003,181794036803
1761327327002,181929028279
1761327328003,182064144937
1761327329003,182198644165
1761327330003,182333815084
1761327331003,182468884624
1761327332003,182603899537
1761327333003,182738832968
1761327334003,182873793377
1761327335003,183008240543
1761327336003,183143078698
1761327337003,183278470198
1761327338002,183412681341
1761327339003,183547918421
1761327340003,183682876328
1761327341003,183818096746
1761327342003,183952898525
1761327343003,184087937364
1761327344003,184222718024
1761327345003,184357773648
1761327346003,184492707262
1761327347003,184627408639
1761327348003,184762176116
1761327349002,184897026235
1761327350003,185032319589
1761327351003,185166851166
1761327352003,185302066702
1761327353007,185437576975
1761327354003,185572005830
1761327355003,185706748893
1761327356003,185841523267
1761327357003,185976571994
1761327358003,186111415887
1761327359003,186246574782
1761327360002,186381179845
1761327361003,186516107844
1761327362003,186651432632
1761327363003,186786124243
1761327364003,186921183650
1761327365002,187056015092
1761327366003,187190786415
1761327367003,187326024411
1761327368003,187460352558
1761327369003,187595702187
1761327370003,187730527465
1761327371003,187865442158
1761327372003,188000396403
1761327373003,188135135011
1761327374003,188270274130
1761327375003,188405323589
1761327376003,188540096010
1761327377003,188674844322
1761327378003,188810006330
1761327379003,188944731449
1761327380003,189079737695
1761327381003,189214273117
1761327382002,189349004889
1761327383002,189484424342
1761327384002,189618978014
1761327385003,189754235358
1761327386004,189888803190
1761327387004,190023954760
1761327388005,190158850655
1761327389002,190293606169
1761327390002,190428413564
1761327391004,190562844311
1761327392004,190698113129
1761327393005,190833185660
1761327394003,190967894910
1761327395002,191102654818
1761327396004,191237633477
1761327397004,191372602125
1761327398005,191507500889
1761327399003,191642354365
1761327400004,191777286331
1761327401003,191911520485
1761327402004,192043124945
1761327403005,192174202795
1761327404005,192304203744
1761327405003,192434621074
1761327406002,192568712528
1761327407002,192696389264
1761327408004,192823945151
1761327409005,192955054556
1761327410004,193085081384
1761327411004,193216351190
1761327412004,193345864103
1761327413003,193474941531
1761327414005,193603367533
1761327415003,193731370928
1761327416002,193859928949
1761327417004,193990555018
1761327418005,194120768125
1761327419004,194251894559
1761327420003,194389735942
1761327421002,194524072024
1761327422003,194659517478
1761327423003,194794536664
1761327424003,194929039249
1761327425003,195064152062
1761327426003,195198726852
1761327427003,195333856450
1761327428003,195469011011
1761327429003,195603981308
1761327430003,195738655646
1761327431006,195874128138
1761327432004,196008580064
1761327433005,196143840704
1761327434004,196278446378
1761327435009,196413631701
1761327436006,196548597908
1761327437009,196684062039
1761327438007,196818617908
1761327439005,196953366952
1761327440004,197088192962
1761327441005,197223233693
1761327442004,197358033336
1761327443006,197493193573
1761327444004,197627873648
1761327445004,197762858838
1761327446008,197898274201
1761327447004,198032544610
1761327448004,198167390822
1761327449004,198302603550
1761327450004,198437451044
1761327451007,198572814711
1761327452004,198707285863
1761327453004,198842214778
1761327454004,198977094499
1761327455009,199112860386
1761327456024,199249650381
1761327457005,199382149797
1761327458004,199516948097
1761327459004,199651880918
1761327460004,199786807086
1761327461004,199921652505
1761327462003,200056559570
1761327463004,200191603658
1761327464006,200326805216
1761327465010,200462166503
1761327466012,200597314289
1761327467004,200731283123
1761327468004,200866261476
1761327469004,201001173423
1761327470007,201136354901
1761327471004,201271083560
1761327472011,201406893759
1761327473004,201540874373
1761327474005,201675853642
1761327475005,201810854273
1761327476004,201945610032
1761327477004,202080559088
1761327478004,202215559536
1761327479004,202350354967
1761327480005,202485400520
1761327481005,202620452908
1761327482004,202755156970
1761327483005,202890294442
1761327484005,203025199858
1761327485003,203159981557
1761327486003,203294889353
1761327487004,203429866974
1761327488004,203564815298
1761327489004,203699690624
1761327490004,203834595613
1761327491004,203969565788
1761327492004,204104415479
1761327493004,204239411044
1761327494004,204374381646
1761327495004,204509310072
1761327496004,204644162205
1761327497004,204779222162
1761327498003,204913988968
1761327499004,205048973364
1761327500004,205183908443
1761327501004,205318914872
1761327502004,205453759803
1761327503004,205588660215
1761327504004,205723588397
1761327505004,205858649636
1761327506004,205993553770
1761327507003,206128383686
1761327508005,206263409647
1761327509005,206398362182
1761327510009,206533786457
1761327511004,206668097087
1761327512005,206803219788
1761327513004,206937897056
1761327514004,207072953412
1761327515006,207208064943
1761327516005,207342841698
1761327517004,207477732222
1761327518004,207612680546
1761327519004,207747624903
1761327520004,207882519455
1761327521004,208017504094
1761327522004,208152432765
1761327523004,208287283799
1761327524004,208422263678
1761327525003,208557117337
1761327526004,208692194750
1761327527005,208826969735
1761327528004,208962010893
1761327529004,209096942005
1761327530004,209231746042
1761327531004,209366716522
1761327532005,209501780629
1761327533004,209636499645
1761327534005,209771623200
1761327535004,209906529044
1761327536004,210041318616
1761327537004,210176238314
1761327538004,210311309868
1761327539004,210446055800
1761327540004,210581158237
1761327541004,210716079339
1761327542006,210851146498
1761327543004,210985735021
1761327544004,211120714473
1761327545003,211255659501
1761327546003,211390691016
1761327547004,211525612179
1761327548003,211660412249
1761327549005,211795436073
1761327550004,211930386228
1761327551004,212065272358
1761327552004,212200264200
1761327553005,212335097900
1761327554005,212470176594
1761327555004,212605120219
1761327556004,212739871094
1761327557004,212874915854
1761327558004,213009823467
1761327559009,213145396851
1761327560004,213279665611
1761327561005,213414631940
1761327562004,213549533939
1761327563004,213684449731
1761327564004,213819253341
1761327565007,213954399724
1761327566009,214089950524
1761327567005,214224278366
1761327568004,214359197271
1761327569005,214494095180
1761327570004,214628923998
1761327571005,214764036872
1761327572004,214898934110
1761327573004,215033787219
1761327574004,215168653451
1761327575004,215303569121
1761327576004,215438495778
1761327577005,215573544077
1761327578005,215708522247
1761327579004,215843316153
1761327580004,215978243542
1761327581004,216113147981
1761327582004,216248128105
1761327583004,216382986463
1761327584004,216517912448
1761327585004,216652940301
1761327586003,216787695937
1761327587004,216922743443
1761327588004,217057731684
1761327589004,217192540482
1761327590004,217327649328
1761327591004,217462512142
1761327592004,217597305071
1761327593004,217732401404
1761327594004,217867324826
1761327595004,218002071551
1761327596004,218137029580
1761327597004,218272156675
1761327598005,218407027424
1761327599004,218541977274
1761327600008,218677446287
1761327601004,218811805624
1761327602005,218946859660
1761327603004,219081504579
1761327604004,219216558372
1761327605005,219351618084
1761327606004,219486422671
1761327607006,219621326745
1761327608005,219756409651
1761327609004,219891199284
1761327610004,220026112390
1761327611004,220161036544
1761327612004,220296120427
1761327613004,220431018886
1761327614007,220565884507
1761327615005,220700915045
1761327616004,220835663663
1761327617004,220970721605
1761327618004,221105522286
1761327619004,221240454435
1761327620003,221375337208
1761327621004,221510288767
1761327622004,221645240387
1761327623004,221780156118
1761327624004,221915088023
1761327625006,222050198090
1761327626004,222185112845
1761327627004,222319890454
1761327628005,222455025423
1761327629004,222589872307
1761327630004,222724725843
1761327631003,222859551853
1761327632004,222994522638
1761327633004,223129392898
1761327634003,223264406591
1761327635004,223399413874
1761327636003,223534161027
1761327637004,223669261206
1761327638004,223804164669
1761327639004,223938926104
1761327640004,224073958046
1761327641006,224209252255
1761327642004,224343899982
1761327643004,224478811441
1761327644005,224613780700
1761327645004,224748665364
1761327646004,224883575175
1761327647013,225019728513
1761327648004,225153483542
1761327649005,225288345257
1761327650003,225423319765
1761327651004,225558233726
1761327652003,225693005598
1761327653004,225828095645
1761327654004,225963020715
1761327655004,226098064925
1761327656012,226234056947
1761327657004,226367775660
1761327658003,226502660386
1761327659004,226637643194
1761327660004,226772526394
1761327661004,226907562486
1761327662004,227042608283
1761327663004,227177495816
1761327664004,227312266162
1761327665004,227447364998
1761327666003,227582232329
1761327667004,227717134938
1761327668004,227852085398
1761327669004,227986841462
1761327670004,228121833731
1761327671004,228256808666
1761327672003,228391519625
1761327673003,228526581779
1761327674004,228661508558
1761327675005,228796620455
1761327676004,228931389398
1761327677003,229066311049
1761327678003,229201253880
1761327679003,229336243219
1761327680004,229471143387
1761327681003,229606014868
1761327682003,229740905575
1761327683004,229875969865
1761327684004,230010875465
1761327685004,230145820920
1761327686004,230280829180
1761327687004,230415736916
1761327688004,230550617491
1761327689004,230685565205
1761327690003,230820473429
1761327691004,230955328369
1761327692002,231090238302
1761327693004,231225204692
1761327694004,231360228639
1761327695003,231495047019
1761327696003,231629971539
1761327697003,231764826053
1761327698003,231899728967
1761327699003,232034829329
1761327700003,232169804020
1761327701003,232304454981
1761327702004,232439533737
1761327703004,232574632695
1761327704004,232709435512
1761327705003,232844320359
1761327706003,232979265387
1761327707004,233114187222
1761327708003,233249154955
1761327709003,233384016732
1761327710004,233518998076
1761327711003,233654041126
1761327712004,233788650217
1761327713003,233923672333
1761327714002,234058444448
1761327715003,234193625987
1761327716002,234328503450
1761327717003,234463465262
1761327718003,234598322705
1761327719003,234733295565
1761327720003,234868359611
1761327721003,235003209608
1761327722003,235137986790
1761327723003,235273145562
1761327724003,235408141250
1761327725003,235542961766
1761327726003,235677868403
1761327727003,235812713883
1761327728003,235947656714
1761327729002,236082708737
1761327730002,236217571062
1761327731002,236352458901
1761327732002,236487430967
1761327733003,236622482928
1761327734003,236757372781
1761327735003,236891943787
1761327736003,237027142415
1761327737003,237162035869
1761327738003,237296895448
1761327739003,237431832968
1761327740003,237566882549
1761327741003,237701754274
1761327742002,237836664574
1761327743003,237971672773
1761327744003,238106737918
1761327745003,238241613915
1761327746004,238376509810
1761327747003,238511456486
1761327748003,238646001491
1761327749002,238781007676
1761327750002,238915596138
1761327751003,239051134060
1761327752003,239186032640
1761327753003,239321073676
1761327754003,239455847928
1761327755002,239590532459
1761327756003,239725652414
1761327757003,239860731902
1761327758003,239995652760
1761327759003,240130423533
1761327760003,240265496674
1761327761003,240400185965
1761327762003,240535223888
1761327763003,240670281526
1761327764003,240805154960
1761327765002,240940090467
1761327766003,241075048861
1761327767003,241209961602
1761327768003,241344889052
1761327769003,241479908177
1761327770004,241614828058
1761327771004,241749760330
1761327772002,241884521765
1761327773003,242019477901
1761327774003,242154512895
1761327775003,242289397926
1761327776003,242424220578
1761327777003,242559267718
1761327778003,242694008096
1761327779003,242829055052
1761327780002,242964011738
1761327781003,243098956278
1761327782003,243233938232
1761327783004,243368851827
1761327784003,243503867778
1761327785002,243638383608
1761327786002,243773705283
1761327787003,243908352643
1761327788003,244043483889
1761327789003,244178448509
1761327790002,244313195845
1761327791003,244448316349
1761327792003,244583105738
1761327793003,244718154403
1761327794004,244852957037
1761327795003,244987718777
1761327796003,245122870042
1761327797003,245257725471
1761327798003,245392695279
1761327799003,245527653491
1761327800004,245662619271
1761327801003,245797464384
1761327802003,245932476185
1761327803003,246067378366
1761327804003,246202475249
1761327805003,246337353383
1761327806003,246472364451
1761327807003,246606845857
1761327808003,246742007743
1761327809003,246876937817
1761327810003,247011934054
1761327811002,247146625298
1761327812003,247281728224
1761327813003,247416582432
1761327814003,247551494745
1761327815003,247686310501
1761327816003,247821630894
1761327817003,247956380244
1761327818003,248091241227
1761327819003,248226256629
1761327820003,248361133725
1761327821002,248495789874
1761327822003,248630963173
1761327823003,248765982420
1761327824003,248900871112
1761327825003,249035826211
1761327826003,249170744933
1761327827003,249305487569
1761327828003,249440450603
1761327829003,249575367005
1761327830003,249710064536
1761327831003,249845497112
1761327832003,249980324221
1761327833003,250115217430
1761327834002,250250032942
1761327835003,250385019901
1761327836003,250519970666
1761327837003,250654748642
1761327838003,250789898747
1761327839003,250924535854
1761327840003,251059678757
1761327841003,251194578925
1761327842003,251329366788
1761327843002,251464365832
1761327844003,251599420723
1761327845002,251734139067
1761327846003,251869200183
1761327847003,252004287545
1761327848003,252138890838
1761327849003,252273950612
1761327850003,252408943125
1761327851003,252543866181
1761327852003,252679029348
1761327853003,252813921215
1761327854003,252948384127
1761327855003,253083581657
1761327856003,253218539930
1761327857003,253353221897
1761327858003,253488053766
1761327859003,253623192397
1761327860003,253758072972
1761327861003,253892987605
1761327862003,254028037125
1761327863004,254163149877
1761327864002,254297768429
1761327865003,254432878740
1761327866003,254567945716
1761327867002,254702755979
1761327868002,254837648517
1761327869003,254972654153
1761327870003,255107491637
1761327871003,255242383320
1761327872003,255377481852
1761327873003,255512410644
1761327874003,255647261434
1761327875004,255782186626
1761327876003,255917185182
1761327877003,256052157065
1761327878003,256187004804
1761327879003,256321849246
1761327880002,256456722619
1761327881003,256591728255
1761327882003,256726752995
1761327883003,256861607142
1761327884003,256996300705
1761327885003,257131378790
1761327886003,257266419826
1761327887003,257401163133
1761327888003,257536242499
1761327889003,257671231045
1761327890003,257806087573
1761327891003,257940873055
1761327892003,258075899931
1761327893002,258210353506
1761327894003,258345694041
1761327895003,258480677643
1761327896003,258615890187
1761327897003,258750782054
1761327898002,258885521150
1761327899003,259020530570
1761327900003,259155215345
1761327901003,259290345919
1761327902003,259425252800
1761327903003,259559881301
1761327904003,259695032505
1761327905003,259829943842
1761327906002,259964848770
1761327907003,260099909093
1761327908003,260234799617
1761327909003,260369551408
1761327910003,260504657325
1761327911003,260639511838
1761327912003,260774451190
1761327913002,260909361000
1761327914003,261044463194
1761327915003,261178923360
1761327916003,261314119852
1761327917003,261449203857
1761327918003,261584102803
1761327919004,261719145671
1761327920003,261853936829
1761327921003,261988604698
1761327922003,262123710187
1761327923003,115418893
1761327924003,250145721
1761327925002,385044546
1761327926003,520098583
1761327927004,655250275
1761327928003,789984549
1761327929002,924886365
1761327930002,1059776156
1761327931003,1194948173
1761327932003,1329760389
1761327933002,1464355076
1761327934002,1599738275
1761327935003,1734385818
1761327936003,1869575230
1761327937003,2004510371
1761327938003,2139282670
1761327939003,2274191870
1761327940003,2409243649
1761327941004,2544205828
1761327942003,2679076576
1761327943003,2813854673
1761327944003,2949000202
1761327945003,3083793130
1761327946003,3218802001
1761327947003,3353756429
1761327948003,3488713175
1761327949004,3623547486
1761327950003,3758458151
1761327951003,3893444256
1761327952003,4028478700
1761327953003,4163163475
1761327954003,4298077742
1761327955003,4433086429
1761327956003,4568127160
1761327957004,4702763290
1761327958003,4837987553
1761327959003,4972584682
1761327960003,5107975876
1761327961002,5242625677
1761327962003,5377655727
1761327963003,5512520433
1761327964003,5647208626
1761327965002,5782289457
1761327966003,5917394214
1761327967003,6052000986
1761327968003,6187289397
1761327969003,6322175892
1761327970002,6456833323
1761327971003,6591925751
1761327972003,6726993826
1761327973003,6861791027
1761327974003,6996721163
1761327975002,7131451897
1761327976003,7266780225
1761327977003,7401435031
1761327978004,7536585869
1761327979004,7671516554
1761327980003,7806256932
1761327981003,7941157160
1761327982003,8076182755
1761327983003,8211101416
1761327984003,8346162593
1761327985003,8480969682
1761327986004,8615895912
1761327987004,8750848386
1761327988003,8885810565
1761327989003,9020774209
1761327990003,9155687987
1761327991003,9290632343
1761327992003,9425248088
1761327993002,9560516540
1761327994002,9695244406
1761327995003,9830251201
1761327996004,9965238771
1761327997004,10100171103
1761327998003,10235034528
1761327999003,10370070559
1761328000003,10504903161
1761328001003,10639846480
1761328002002,10774683171
1761328003003,10909802332
1761328004002,11044643173
1761328005002,11179195197
1761328006002,11314463832
1761328007003,11449388230
1761328008003,11584340156
1761328009003,11719274991
1761328010002,11854111560
1761328011003,11989110970
1761328012003,12124053984
1761328013003,12259069080
1761328014003,12393983041
1761328015003,12528818451
1761328016003,12663759206
1761328017004,12798802440
1761328018004,12933725678
1761328019004,13068615836
1761328020004,13203555371
1761328021005,13338571810
1761328022006,13473793937
1761328023004,13608362135
1761328024004,13743228855
1761328025003,13878155694
1761328026004,14013156020
1761328027003,14148008702
1761328028004,14282965632
1761328029004,14417879594
1761328030003,14552775672
1761328031003,14687760311
1761328032003,14822669756
1761328033003,14957506203
1761328034004,15092541196
1761328035007,15227900408
1761328036004,15362400979
1761328037004,15497297790
1761328038004,15632121358
1761328039003,15767115031
1761328040003,15902107300
1761328041004,16036992148
1761328042004,16171987041
1761328043004,16306785402
1761328044004,16441938926
1761328045003,16576613203
1761328046003,16711476139
1761328047003,16846518213
1761328048003,16981582747
1761328049003,17116448125
1761328050004,17251454005
1761328051004,17386430649
1761328052003,17521352484
1761328053003,17656067959
1761328054004,17791190904
1761328055004,17925887093
1761328056003,18061012662
1761328057003,18195890063
1761328058004,18330862618
1761328059004,18465774504
1761328060003,18600572804
1761328061004,18735685007
1761328062004,18870637787
1761328063004,19005515615
1761328064004,19140428051
1761328065003,19275316560
1761328066003,19410291496
1761328067004,19545205762
1761328068004,19680186740
1761328069004,19814963922
1761328070004,19949868972
1761328071004,20084863438
1761328072004,20219996942
1761328073004,20354781692
1761328074004,20489813451
1761328075005,20624788570
1761328076004,20759656571
1761328077004,20894519507
1761328078004,21029413327
1761328079003,21164301837
1761328080004,21299372719
1761328081003,21434260008
1761328082002,21569005024
1761328083004,21704182596
1761328084003,21838973694
1761328085004,21974016683
1761328086004,22108872844
1761328087007,22244331604
1761328088004,22378785422
1761328089004,22513485028
1761328090003,22648617251
1761328091003,22783499901
1761328092003,22918313826
1761328093004,23053464359
1761328094003,23188334985
1761328095004,23323309249
1761328096003,23458114568
1761328097004,23593122951
1761328098004,23728046372
1761328099003,23862858039
1761328100004,23997909939
1761328101004,24132902819
1761328102004,24267755928
1761328103004,24402594511
1761328104003,24537717334
1761328105003,24672403147
1761328106003,24807556914
1761328107004,24942484975
1761328108004,25077290843
1761328109003,25212317841
1761328110003,25347086356
1761328111008,25482753245
1761328112003,25617008150
1761328113003,25751961845
1761328114004,25886848829
1761328115003,26021779026
1761328116004,26156666009
1761328117004,26291780471
1761328118004,26426553441
1761328119003,26561393184
1761328120003,26696400590
1761328121003,26831304175
1761328122004,26966195309
1761328123004,27101259722
1761328124003,27236169044
1761328125004,27371192685
1761328126004,27506151996
1761328127004,27640866495
1761328128003,27775882628
1761328129003,27910854695
1761328130003,28045815653
1761328131003,28180606202
1761328132004,28315744589
1761328133003,28450593426
1761328134005,28585564760
1761328135004,28720460533
1761328136004,28855439313
1761328137004,28990136417
1761328138004,29125222863
1761328139004,29260186141
1761328140005,29395095646
1761328141004,29530119043
1761328142007,29665491927
1761328143004,29799818426
1761328144004,29934796657
1761328145007,30069685350
1761328146004,30204703742
1761328147004,30339555936
1761328148004,30474421252
1761328149004,30609408089
1761328150004,30744371916
1761328151010,30880210985
1761328152003,31014132761
1761328153004,31149140167
1761328154004,31284055654
1761328155004,31419096019
1761328156004,31553910798
1761328157004,31688959586
1761328158004,31823833325
1761328159008,31959348542
1761328160004,32093757439
1761328161004,32228562636
1761328162004,32363504734
1761328163004,32498320490
1761328164004,32633506118
1761328165004,32768399083
1761328166005,32903425105
1761328167004,33038248734
1761328168005,33173283606
1761328169004,33308038815
1761328170003,33442901080
1761328171004,33577945717
1761328172004,33712747618
1761328173005,33847909137
1761328174004,33982675577
1761328175003,34117580383
1761328176003,34252492513
1761328177004,34387553935
1761328178004,34522409730
1761328179004,34657349448
1761328180004,34792209820
1761328181004,34927200014
1761328182004,35062115135
1761328183003,35197039534
1761328184005,35331976810
1761328185003,35466849634
1761328186004,35601900741
1761328187004,35736737310
1761328188004,35871667262
1761328189004,36006592881
1761328190004,36141490729
1761328191004,36276441494
1761328192004,36411419298
1761328193004,36546326485
1761328194003,36681295255
1761328195003,36816161121
1761328196003,36951100778
1761328197004,37086084563
1761328198004,37220978383
1761328199004,37355961070
1761328200004,37490881379
1761328201003,37625735403
1761328202003,37760651135
1761328203003,37895511507
1761328204003,38030483879
1761328205003,38165336378
1761328206003,38300472812
1761328207003,38435171259
1761328208003,38570130996
1761328209003,38705143468
1761328210003,38840123103
1761328211003,38975072586
1761328212004,39109803748
1761328213003,39244833065
1761328214002,39379633623
1761328215002,39514584755
1761328216004,39649532713
1761328217004,39784341083
1761328218002,39918998637
1761328219004,40054198913
1761328220004,40189241597
1761328221005,40324015605
1761328222004,40458763979
1761328223004,40593941977
1761328224004,40728140852
1761328225003,40860691905
1761328226005,40989678025
1761328227005,41120285723
1761328228005,41251629564
1761328229006,41387248357
1761328230003,41522517420
1761328231006,41655265615
1761328232005,41786787739
1761328233004,41917551199
1761328234004,42044527802
1761328235003,42172543222
1761328236004,42300787095
1761328237003,42429974814
1761328238005,42559155147
1761328239003,42688168855
1761328240004,42818015812
1761328241004,42947911415
1761328242004,43076772718
1761328243003,43206551256
1761328244006,43336975910
1761328245003,43466637199
1761328246004,43596365016
1761328247005,43726540769
1761328248005,43854794164
1761328249005,43983473827
1761328250005,44114052717
1761328251005,44245219556
1761328252004,44374828660
1761328253005,44503987693
1761328254003,44634736931
1761328255002,44766423300
1761328256002,44895990046
1761328257004,45027522790
1761328258003,45160322621
1761328259002,45294474194
1761328260005,45428299901
1761328261004,45562188414
1761328262004,45695323205
1761328263005,45828403491
1761328264002,45959611896
1761328265002,46090982775
1761328266004,46225163340
1761328267003,46359980561
1761328268004,46494963370
1761328269004,46629236341
1761328270004,46762887549
1761328271004,46893617256
1761328272005,47025757909
1761328273004,47159650022
1761328274006,47292111781
1761328275002,47425618214
1761328276004,47559438794
1761328277004,47693915073
1761328278004,47827505979
1761328279005,47961713948
1761328280004,48097069742
1761328281004,48232116088
1761328282004,48366874593
1761328283004,48501514446
1761328284005,48632131360
1761328285003,48761727952
1761328286005,48891466756
1761328287003,49020803705
1761328288004,49146579933
1761328289004,49271742272
1761328290005,49399939453
1761328291003,49529576817
1761328292004,49660144048
1761328293005,49788348920
1761328294005,49918034501
1761328295002,50046948295
1761328296004,50175259429
1761328297003,50305865723
1761328298002,50432753521
1761328299004,50558957910
1761328300003,50687194642
1761328301004,50814528788
1761328302005,50944066726
1761328303004,51075135726
1761328304004,51202683801
1761328305002,51329432988
1761328306005,51458774820
1761328307005,51587153764
1761328308004,51715490044
1761328309005,51845376064
1761328310004,51975904294
1761328311005,52106071197
1761328312004,52235557560
1761328313006,52363000227
1761328314005,52489653528
1761328315003,52616609441
1761328316004,52744789472
1761328317006,52874548661
1761328318005,53002049556
1761328319005,53128754065
1761328320004,53254604390
1761328321005,53384268914
1761328322004,53512905975
1761328323005,53642777774
1761328324004,53772068703
1761328325002,53902282358
1761328326004,54030239795
1761328327004,54156826873
1761328328005,54283960336
1761328329004,54412677719
1761328330003,54540534081
1761328331005,54670849971
1761328332005,54801706814
1761328333005,54930566591
1761328334004,55058142498
1761328335003,55183796473
1761328336004,55312412965
1761328337004,55440316568
1761328338004,55570090589
1761328339005,55699046863
1761328340005,55827080532
1761328341003,55954603276
1761328342004,56081870834
1761328343004,56209693138
1761328344005,56338897275
1761328345003,56467271398
1761328346002,56596453501
1761328347004,56727121929
1761328348006,56856783096
1761328349005,56984644707
1761328350004,57113907621
1761328351003,57245263424
1761328352004,57376190824
1761328353003,57503675727
1761328354004,57630671495
1761328355003,57757954922
1761328356004,57886800967
1761328357005,58015843300
1761328358004,58143353960
1761328359005,58271226801
1761328360004,58399895845
1761328361005,58529292730
1761328362006,58660130957
1761328363004,58791929021
1761328364004,58921557351
1761328365003,59049889481
1761328366004,59178421500
1761328367004,59309171227
1761328368005,59437258179
1761328369004,59565545692
1761328370004,59694116652
1761328371005,59823640918
1761328372005,59954159444
1761328373004,60082693111
1761328374005,60212337189
1761328375003,60338386487
1761328376002,60462957336
1761328377006,60589268230
1761328378005,60717160908
1761328379005,60845373105
1761328380004,60974060824
1761328381005,61102751901
1761328382005,61232908489
1761328383005,61362542069
1761328384005,61492846606
1761328385003,61620637905
1761328386003,61748530277
1761328387003,61877066936
1761328388004,62006558303
1761328389004,62135623830
1761328390006,62266094687
1761328391004,62394758420
1761328392003,62522370276
1761328393004,62651002882
1761328394004,62779545887
1761328395003,62908089443
1761328396004,63037985900
1761328397005,63167558871
1761328398005,63295692759
1761328399005,63423237904
1761328400005,63551881007
1761328401004,63682550045
1761328402004,63811770906
1761328403006,63942490420
1761328404005,64072142493
1761328405003,64200315138
1761328406005,64328453971
1761328407004,64458094996
1761328408004,64586216433
1761328409003,64712840682
1761328410004,64839008083
1761328411004,64967172550
1761328412005,65096496072
1761328413005,65227229319
1761328414002,65360429539
1761328415002,65494280698
1761328416003,65628501729
1761328417003,65763009746
1761328418002,65897726809
1761328419002,66031867945
1761328420004,66165343250
1761328421005,66299404491
1761328422004,66433303868
1761328423006,66567755001
1761328424003,66701395161
1761328425002,66835920818
1761328426005,66967015331
1761328427003,67098280681
1761328428003,67230216989
1761328429004,67362402564
1761328430005,67496265380
1761328431005,67629221277
1761328432004,67762852832
1761328433002,67894745134
1761328434004,68028791360
1761328435004,68163374024
1761328436004,68298778767
1761328437003,68433588054
1761328438004,68568282777
1761328439004,68702756127
1761328440004,68837741133
1761328441004,68972566227
1761328442004,69107556116
1761328443005,69240666615
1761328444004,69376257271
1761328445002,69510656524
1761328446004,69643646052
1761328447004,69776030479
1761328448004,69909647996
1761328449005,70044271674
1761328450005,70178282928
1761328451005,70312870352
1761328452005,70446120682
1761328453005,70580018960
1761328454004,70714964049
1761328455002,70849105857
1761328456005,70984418071
1761328457004,71119346864
1761328458003,71253052271
1761328459005,71387078234
1761328460004,71520198255
1761328461005,71651750042
1761328462002,71784397835
1761328463005,71912525254
1761328464004,72040699669
1761328465003,72170483517
1761328466002,72304494343
1761328467002,72440819372
1761328468003,72575721493
1761328469003,72710752641
1761328470003,72845643836
1761328471003,72980375547
1761328472003,73115242817
1761328473003,73250284158
1761328474002,73385011535
1761328475002,73520118245
1761328476003,73654891276
1761328477003,73790205627
1761328478003,73924969565
1761328479003,74059952007
1761328480003,74194723207
1761328481003,74329768638
1761328482003,74464686200
1761328483003,74599754214
1761328484003,74734551415
1761328485003,74869556136
1761328486003,75004480717
1761328487003,75139159388
1761328488003,75274262619
1761328489003,75409195623
1761328490004,75544178798
1761328491004,75679045579
1761328492004,75814063544
1761328493004,75948921964
1761328494003,76083623096
1761328495003,76218710519
1761328496004,76353743987
1761328497003,76488503895
1761328498004,76623665293
1761328499003,76758564911
1761328500004,76893452932
1761328501004,77028372325
1761328502004,77163242769
1761328503003,77298265006
1761328504003,77433215710
1761328505005,77568036837
1761328506007,77703239128
1761328507004,77838038466
1761328508004,77972939915
1761328509004,78107806574
1761328510004,78242675247
1761328511004,78377639745
1761328512004,78512568172
1761328513004,78647560685
1761328514004,78782405311
1761328515012,78918594964
1761328516003,79052229571
1761328517004,79187186440
1761328518004,79322120726
1761328519005,79457176349
1761328520005,79592090921
1761328521004,79726983947
1761328522003,79861885885
1761328523004,79996719097
1761328524004,80131707826
1761328525005,80266911032
1761328526003,80401519818
1761328527004,80536534914
1761328528003,80671423241
1761328529008,80806971600
1761328530003,80941231632
1761328531004,81076308008
1761328532003,81211057785
1761328533006,81346126226
1761328534004,81481033473
1761328535004,81615995896
1761328536003,81750931586
1761328537003,81885760769
1761328538003,82020766588
1761328539004,82155641365
1761328540003,82290651945
1761328541003,82425401905
1761328542003,82560267221
1761328543003,82695263702
1761328544003,82830273427
1761328545004,82965249644
1761328546004,83100218049
1761328547003,83235166678
1761328548003,83370106640
1761328549003,83504708102
1761328550002,83639783196
1761328551003,83774740248
1761328552003,83909882785
1761328553003,84044365412
1761328554003,84179622207
1761328555003,84314493810
1761328556003,84449461054
1761328557003,84584290360
1761328558003,84719399694
1761328559003,84853994809
1761328560003,84988986468
1761328561003,85123878884
1761328562003,85259034666
1761328563003,85393732807
1761328564003,85528897561
1761328565003,85663518188
1761328566003,85798490133
1761328567002,85933631327
1761328568003,86068322083
1761328569003,86203467612
1761328570003,86338085858
1761328571004,86473166140
1761328572003,86608051659
1761328573004,86742726180
1761328574004,86877500127
1761328575002,87012424952
1761328576004,87147653671
1761328577004,87282566045
1761328578004,87417358974
1761328579003,87552198412
1761328580002,87686950813
1761328581004,87821982328
1761328582005,87956959949
1761328583003,88091767648
1761328584002,88226688018
1761328585002,88361601430
1761328586004,88496614756
1761328587003,88631580353
1761328588004,88766257071
1761328589002,88900873121
1761328590002,89035988620
1761328591004,89171107475
1761328592004,89305715529
1761328593002,89440584080
1761328594002,89575609186
1761328595003,89710397293
1761328596003,89845437048
1761328597003,89980256466
1761328598003,90115073504
1761328599002,90249797890
1761328600004,90384509154
1761328601004,90518139000
1761328602005,90651837388
1761328603032,90789223450
1761328604022,90920633514
1761328605003,91051262086
1761328606003,91184578151
1761328607004,91320050216
1761328608005,91454185798
1761328609004,91588523528
1761328610005,91722724051
1761328611005,91858104381
1761328612004,91992992585
1761328613003,92127835868
1761328614002,92262736218
1761328615003,92397754977
1761328616003,92532554314
1761328617004,92667642225
1761328618004,92802573215
1761328619003,92937262995
1761328620004,93072486404
1761328621003,93207329686
1761328622006,93342545954
1761328623004,93477207841
1761328624005,93612251074
1761328625011,93747167294
1761328626004,93881825152
1761328627005,94017080177
1761328628004,94151806578
1761328629003,94286796894
1761328630004,94421795816
1761328631004,94556598754
1761328632004,94691541219
1761328633004,94826543376
1761328634004,94961446839
1761328635004,95096391379
1761328636004,95231379925
1761328637006,95366171145
1761328638004,95501088585
1761328639008,95636707500
1761328640009,95771510500
1761328641005,95906190575
1761328642004,96040958114
1761328643003,96175751164
1761328644004,96310780421
1761328645004,96445521714
1761328646004,96580687872
1761328647004,96715480862
1761328648003,96850353319
1761328649003,96985279304
1761328650004,97120200041
1761328651004,97255277698
1761328652004,97390048227
1761328653004,97525021209
1761328654004,97659942067
1761328655004,97794964488
1761328656003,97929862641
1761328657003,98064764883
1761328658003,98199573864
1761328659002,98334496920
1761328660004,98469571159
1761328661003,98604380262
1761328662003,98739384982
1761328663003,98874197992
1761328664003,99009244399
1761328665003,99144132970
1761328666002,99278992488
1761328667003,99413968277
1761328668003,99549016882
1761328669003,99683828487
1761328670003,99818764971
1761328671003,99953732704
1761328672003,100088736020
1761328673003,100223483966
1761328674003,100358198770
1761328675003,100493434020
1761328676003,100628229085
1761328677003,100763372294
1761328678003,100898213379
1761328679003,101032963217
1761328680003,101168142864
1761328681003,101303218812
1761328682004,101437942405
1761328683003,101572975812
1761328684003,101707728030
1761328685003,101842559106
1761328686002,101977479293
1761328687003,102112473698
1761328688003,102247473414
1761328689003,102382463058
1761328690003,102517219488
1761328691003,102652289028
1761328692003,102787288926
1761328693003,102922194465
1761328694003,103057031766
1761328695003,103192105090
1761328696003,103326894601
1761328697003,103461798491
1761328698003,103596655018
1761328699003,103731726999
1761328700003,103866641327
1761328701003,104001608999
1761328702003,104136418956
1761328703003,104271310091
1761328704003,104406467826
1761328705002,104541079969
1761328706003,104676143832
1761328707003,104811078545
1761328708003,104946077833
1761328709003,105081037754
1761328710003,105216024347
1761328711002,105350964187
1761328712002,105485777380
1761328713003,105620827632
1761328714002,105755631791
1761328715003,105890594519
1761328716003,106025584103
1761328717002,106160287127
1761328718003,106295351296
1761328719003,106430068907
1761328720003,106565068013
1761328721002,106699882670
1761328722002,106834624940
1761328723002,106969944295
1761328724004,107104792461
1761328725002,107239457766
1761328726003,107374422935
1761328727003,107509332624
1761328728004,107644397098
1761328729003,107779313134
1761328730003,107914035751
1761328731003,108049065922
1761328732004,108183995020
1761328733004,108318698716
1761328734003,108453672492
1761328735002,108588403104
1761328736002,108723437243
1761328737004,108858464729
1761328738003,108993248564
1761328739004,109128418567
1761328740004,109263283334
1761328741004,109398126434
1761328742004,109533034963
1761328743004,109668131297
1761328744003,109802831269
1761328745002,109937741935
1761328746004,110072838574
1761328747004,110207483187
1761328748004,110342466118
1761328749002,110477356947
1761328750004,110612016454
1761328751005,110747146723
1761328752003,110882109207
1761328753002,111016579261
1761328754003,111151781795
1761328755003,111286869218
1761328756002,111421707496
1761328757004,111556756284
1761328758002,111691549701
1761328759003,111826614724
1761328760003,111961565123
1761328761003,112096405537
1761328762003,112231312967
1761328763003,112366197937
1761328764003,112501299093
1761328765002,112635870037
1761328766002,112771035218
1761328767003,112906059348
1761328768003,113040963788
1761328769003,113175942873
1761328770003,113310874596
1761328771003,113445604109
1761328772003,113580634647
1761328773003,113715622034
1761328774003,113850403976
1761328775003,113985327764
1761328776003,114120441798
1761328777003,114255220506
1761328778003,114390189338
1761328779003,114525165616
1761328780003,114660128466
1761328781003,114795011360
1761328782003,114930074369
1761328783003,115064862049
1761328784003,115199908151
1761328785003,115334643768
1761328786003,115469739980
1761328787003,115604628245
1761328788004,115739545319
1761328789003,115874472952
1761328790003,116009389965
1761328791004,116144341951
1761328792003,116279164299
1761328793003,116414292249
1761328794002,116549006809
1761328795003,116683938165
1761328796003,116818901016
1761328797003,116953853978
1761328798003,117088963068
1761328799003,117223672318
1761328800003,117358870092
1761328801003,117493703304
1761328802003,117628609514
1761328803003,117763428139
1761328804003,117898481992
1761328805003,118033258503
1761328806003,118168209329
1761328807003,118303296080
1761328808003,118438169148
1761328809003,118573078349
1761328810003,118707896058
1761328811002,118842748496
1761328812002,118977805279
1761328813002,119112593386
1761328814003,119247695213
1761328815003,119382621747
1761328816003,119517664615
1761328817002,119652435327
1761328818003,119787401961
1761328819003,119922356694
1761328820003,120057406153
1761328821003,120192080307
1761328822003,120326977667
1761328823003,120462029751
1761328824003,120596977647
1761328825003,120731764595
1761328826003,120866850736
1761328827003,121001772876
1761328828003,121136553292
1761328829003,121271730254
1761328830003,121406644947
1761328831003,121541208018
1761328832003,121676377899
1761328833003,121811319204
1761328834003,121946375743
1761328835003,122081149019
1761328836003,122216012626
1761328837003,122351114941
1761328838003,122485966159
1761328839002,122620812798
1761328840003,122755807265
1761328841003,122890799778
1761328842003,123025700495
1761328843003,123160547928
1761328844003,123295587133
1761328845003,123430506954
1761328846003,123565478166
1761328847003,123700339576
1761328848004,123835144712
1761328849003,123970149981
1761328850003,124105124184
1761328851003,124240035399
1761328852004,124375085529
1761328853002,124509680094
1761328854003,124644834594
1761328855004,124779804037
1761328856003,124914671672
1761328857003,125049506105
1761328858002,125184265892
1761328859003,125319345319
1761328860004,125454538271
1761328861003,125589299279
1761328862003,125724314253
1761328863002,125859043156
1761328864003,125994129846
1761328865003,126129008468
1761328866003,126264043584
1761328867003,126398796169
1761328868003,126533747483
1761328869003,126668688727
1761328870002,126803693203
1761328871002,126938523913
1761328872003,127073679756
1761328873003,127208518827
1761328874003,127343505847
1761328875003,127478411813
1761328876003,127613056305
1761328877003,127748348073
1761328878003,127883135936
1761328879003,128018220429
1761328880003,128153051749
1761328881003,128288018322
1761328882003,128422872408
1761328883003,128557744988
1761328884003,128692716444
1761328885003,128827506382
1761328886003,128962588556
1761328887003,129097571853
1761328888003,129232430821
1761328889003,129367350154
1761328890003,129502361893
1761328891003,129637236609
1761328892003,129771767087
1761328893004,129907068376
1761328894003,130041783303
1761328895003,130176841795
1761328896005,130311986224
1761328897002,130446437235
1761328898003,130581606078
1761328899002,130716489339
1761328900003,130851570780
1761328901003,130986411133
1761328902002,131121431112
1761328903002,131256151715
1761328904002,131391187380
1761328905003,131525948632
1761328906003,131661125349
1761328907002,131796046146
1761328908003,131931110741
1761328909003,132065874740
1761328910003,132200841435
1761328911003,132335666651
1761328912003,132470534959
1761328913003,132605705511
1761328914003,132740290249
1761328915003,132875457628
1761328916004,133010537788
1761328917003,133145411222
1761328918003,133280148303
1761328919003,133415158700
1761328920003,133550082427
1761328921003,133685144398
1761328922003,133819970286
1761328923003,133954986297
1761328924003,134089925466
1761328925002,134224641369
1761328926003,134359723237
1761328927003,134494678764
1761328928003,134629543164
1761328929003,134764148594
1761328930003,134899378472
1761328931003,135034438978
1761328932003,135169108433
1761328933003,135304257196
1761328934003,135439151260
1761328935002,135573844397
1761328936003,135708940609
1761328937003,135843838396
1761328938003,135978702430
1761328939003,136113885251
1761328940003,136248705706
1761328941003,136383643044
1761328942003,136518481505
1761328943002,136653391987
1761328944003,136788488870
1761328945003,136923254700
1761328946003,137058317953
1761328947003,137193341044
1761328948003,137328020448
1761328949003,137463033103
1761328950003,137597978070
1761328951003,137732895510
1761328952003,137867844567
1761328953002,138002792769
1761328954002,138137492314
1761328955003,138272464869
1761328956003,138407513961
1761328957003,138542481145
1761328958003,138677518947
1761328959003,138812290513
1761328960003,138947173835
1761328961003,139082237820
1761328962003,139217090991
1761328963003,139351955147
1761328964003,139486946074
1761328965003,139622073352
1761328966003,139756872324
1761328967003,139891858489
1761328968003,140026614919
1761328969003,140161367260
1761328970003,140296498689
1761328971003,140431444632
1761328972002,140566345227
1761328973003,140701189669
1761328974003,140835973992
1761328975003,140971230543
1761328976003,141106176670
1761328977003,141241094171
1761328978003,141375855545
1761328979004,141510953099
1761328980003,141645893183
1761328981002,141780509111
1761328982003,141915761572
1761328983003,142050379758
1761328984002,142185505083
1761328985003,142320314492
1761328986003,142455366636
1761328987003,142590228534
1761328988003,142725211648
1761328989003,142860273925
1761328990003,142995150533
1761328991003,143130002848
1761328992003,143264880250
1761328993003,143399806418
1761328994002,143534610516
1761328995003,143669677004
1761328996003,143804494774
1761328997002,143939248213
1761328998002,144074246525
1761328999003,144209126856
1761329000003,144344215072
1761329001003,144479212590
1761329002002,144613964565
1761329003002,144749090745
1761329004003,144883964240
1761329005003,145018903286
1761329006002,145153702563
1761329007004,145288792183
1761329008004,145423895902
1761329009004,145558712207
1761329010004,145693606820
1761329011006,145828785918
1761329012004,145963383779
1761329013004,146098339793
1761329014004,146233314545
1761329015003,146368093863
1761329016003,146503013195
1761329017003,146638074922
1761329018004,146773091361
1761329019004,146907969190
1761329020004,147042882114
1761329021004,147177734308
1761329022004,147312824172
1761329023004,147447785069
1761329024004,147582689753
1761329025007,147717473221
1761329026004,147852557714
1761329027004,147987544612
1761329028004,148122421037
1761329029005,148257317420
1761329030004,148392129331
1761329031004,148527203814
1761329032004,148661968484
1761329033004,148797003661
1761329034003,148931864399
1761329035004,149067006754
1761329036004,149201869873
1761329037005,149336784689
1761329038003,149471592266
1761329039004,149606647584
1761329040004,149741665671
1761329041004,149876460248
1761329042005,150011535281
1761329043008,150146463036
1761329044004,150281202254
1761329045004,150416252750
1761329046004,150551128565
1761329047003,150685988998
1761329048003,150820991277
1761329049004,150955886073
1761329050005,151090942429
1761329051005,151225897650
1761329052004,151360744595
1761329053003,151495396594
1761329054004,151630498848
1761329055015,151766382595
1761329056004,151900478138
1761329057006,152035646249
1761329058005,152170384002
1761329059004,152305241872
1761329060005,152440075328
1761329061005,152575108979
1761329062004,152709887137
1761329063004,152844805554
1761329064009,152980383942
1761329065004,153114856621
1761329066003,153249538222
1761329067005,153384640842
1761329068004,153519604303
1761329069005,153654635085
1761329070004,153789399511
1761329071004,153924194331
1761329072004,154059271805
1761329073003,154194038306
1761329074004,154329117977
1761329075005,154464039751
1761329076004,154598997963
1761329077004,154733921262
1761329078004,154868758991
1761329079004,155003780984
1761329080003,155138590148
1761329081003,155273480001
1761329082005,155408663493
1761329083004,155543496216
1761329084004,155678515219
1761329085004,155813338726
1761329086005,155948350343
1761329087003,156083231956
1761329088004,156218180524
1761329089004,156353022830
1761329090004,156487906396
1761329091009,156623503827
1761329092004,156757716741
1761329093003,156892583705
1761329094004,157027545762
1761329095004,157162569403
1761329096003,157297496426
1761329097003,157432389513
1761329098004,157567281258
1761329099004,157702311063
1761329100005,157837347156
1761329101004,157972238534
1761329102004,158107217253
1761329103009,158242713733
1761329104005,158377070749
1761329105004,158511969147
1761329106004,158646927969
1761329107003,158781756359
1761329108004,158916539339
1761329109004,159051509208
1761329110004,159186381178
1761329111004,159321462863
1761329112004,159456459893
1761329113004,159591341994
1761329114004,159726127293
1761329115003,159861132685
1761329116003,159995980362
1761329117004,160131104040
1761329118004,160265999324
1761329119004,160400702898
1761329120003,160535830238
1761329121004,160670800900
1761329122004,160805768634
1761329123003,160940564431
1761329124004,161075545470
1761329125005,161210605671
1761329126004,161345432352
1761329127003,161480347961
1761329128004,161615244955
1761329129006,161750295451
1761329130005,161885283509
1761329131005,162020125022
1761329132004,162154962323
1761329133004,162289957217
1761329134004,162424849389
1761329135003,162559678694
1761329136004,162694708622
1761329137004,162829616907
1761329138004,162964469467
1761329139004,163099565069
1761329140003,163234381801
1761329141004,163369295335
1761329142005,163504262153
1761329143005,163639309842
1761329144004,163774070727
1761329145004,163908989327
1761329146005,164044105070
1761329147009,164179609484
1761329148005,164313872873
1761329149003,164448736358
1761329150005,164583911122
1761329151004,164718453685
1761329152004,164853591462
1761329153008,164988969533
1761329154004,165123447339
1761329155003,165258316622
1761329156004,165393299858
1761329157004,165528306471
1761329158004,165663206577
1761329159004,165798210504
1761329160003,165932936172
1761329161004,166067995824
1761329162004,166202738521
1761329163004,166337758622
1761329164004,166472574073
1761329165003,166607628659
1761329166004,166742642656
1761329167004,166877516273
1761329168004,167012550962
1761329169004,167147415912
1761329170004,167282325723
1761329171004,167417212646
1761329172004,167552142537
1761329173004,167687071818
1761329174004,167822122498
1761329175004,167956943808
1761329176004,168092004192
1761329177004,168226767519
1761329178004,168361764976
1761329179005,168496772260
1761329180003,168631457584
1761329181004,168766479455
1761329182004,168901558638
1761329183004,169036383183
1761329184005,169171427942
1761329185007,169306612045
1761329186004,169441275213
1761329187004,169576006130
1761329188005,169711270005
1761329189004,169845945076
1761329190004,169980949918
1761329191003,170115778674
1761329192004,170250790109
1761329193004,170385611724
1761329194004,170520533559
1761329195005,170655713693
1761329196003,170790228303
1761329197004,170925427053
1761329198004,171060349498
1761329199004,171195360994
1761329200004,171330274345
1761329201003,171465098584
1761329202004,171600045382
1761329203003,171734792657
1761329204004,171869675552
1761329205004,172004874241
1761329206004,172139778803
1761329207004,172274898147
1761329208004,172409667516
1761329209003,172544622005
1761329210004,172679477373
1761329211005,172814608985
1761329212003,172949266111
1761329213004,173084215106
1761329214005,173219364113
1761329215007,173354123106
1761329216006,173489063252
1761329217004,173623857828
1761329218006,173758777161
1761329219005,173893896017
1761329220010,174029331217
1761329221004,174163791016
1761329222004,174298632895
1761329223004,174433694744
1761329224003,174568434817
1761329225004,174703500511
1761329226003,174838376082
1761329227004,174973262211
1761329228004,175108291833
1761329229004,175243057236
1761329230004,175378162175
1761329231004,175512946620
1761329232004,175647817674
1761329233004,175782838569
1761329234005,175917885342
1761329235004,176052865282
1761329236004,176187731209
1761329237005,176322681730
1761329238004,176457538868
1761329239004,176592293711
1761329240004,176727406707
1761329241004,176862170400
1761329242004,176997301951
1761329243003,177132031892
1761329244004,177266937980
1761329245007,177402000622
1761329246004,177536948580
1761329247003,177671838982
1761329248005,177806928358
1761329249005,177941840976
1761329250004,178076657098
1761329251004,178211640761
1761329252003,178346579320
1761329253003,178481427119
1761329254004,178616273820
1761329255005,178751430517
1761329256005,178886420101
1761329257004,179021207720
1761329258004,179156109474
1761329259005,179291192014
1761329260028,179429160350
1761329261004,179560973061
1761329262004,179695708495
1761329263004,179830755330
1761329264004,179965798563
1761329265004,180100724609
1761329266004,180235637289
1761329267003,180370406414
1761329268004,180505515077
1761329269004,180640313377
1761329270006,180775517377
1761329271004,180910105350
1761329272004,181045068139
1761329273004,181180018905
1761329274004,181314757146
1761329275004,181449861903
1761329276004,181584890549
1761329277003,181719549750
1761329278008,181855345789
1761329279004,181989624681
1761329280003,182124474800
1761329281004,182259450467
1761329282003,182394299365
1761329283004,182529415719
1761329284004,182664359831
1761329285004,182799138173
1761329286004,182934142893
1761329287004,183069071136
1761329288004,183204031423
1761329289003,183338768810
1761329290004,183473962922
1761329291003,183608687065
1761329292003,183743651136
1761329293004,183878492343
1761329294004,184013695061
1761329295004,184148481825
1761329296004,184283438633
1761329297004,184418273920
1761329298004,184553310501
1761329299004,184688181677
1761329300004,184823265010
1761329301003,184958069108
1761329302003,185093017676
1761329303004,185227940182
1761329304005,185362940325
1761329305004,185497791664
1761329306004,185632765135
1761329307003,185767594624
1761329308004,185902533670
1761329309003,186037433349
1761329310004,186172478353
1761329311004,186307409587
1761329312004,186442385743
1761329313004,186577298789
1761329314004,186712230633
1761329315004,186847068789
1761329316004,186982081261
1761329317004,187116845198
1761329318004,187251902958
1761329319003,187386730371
1761329320003,187521786910
1761329321004,187656651006
1761329322004,187791541469
1761329323003,187926472459
1761329324003,188061377692
1761329325004,188196434597
1761329326004,188331286364
1761329327004,188466305122
1761329328004,188601206693
1761329329004,188736134449
1761329330004,188870949716
1761329331003,189005830291
1761329332004,189140981007
1761329333004,189275776561
1761329334004,189410774811
1761329335004,189545724051
1761329336004,189680528088
1761329337003,189815425448
1761329338004,189950326103
1761329339003,190085279310
1761329340004,190220311557
1761329341003,190355244378
1761329342003,190490151259
1761329343004,190625065221
1761329344005,190760159601
1761329345004,190895026016
1761329346004,191029998938
1761329347003,191164930355
1761329348005,191299896806
1761329349004,191434664405
1761329350004,191569693906
1761329351005,191704577472
1761329352004,191839459939
1761329353004,191974336242
1761329354004,192109414875
1761329355003,192244238627
1761329356004,192379168579
1761329357004,192514188619
1761329358004,192649080547
1761329359004,192784064943
1761329360003,192918813621
1761329361004,193053928204
1761329362003,193188747806
1761329363003,193323690392
1761329364004,193458502669
1761329365004,193593617680
1761329366004,193728500757
1761329367004,193863443344
1761329368004,193998419805
1761329369004,194133247341
1761329370003,194268035509
1761329371004,194402943184
1761329372004,194538108243
1761329373004,194673007800
1761329374004,194808031624
1761329375004,194942838103
1761329376003,195077785938
1761329377003,195212693857
1761329378003,195347515595
1761329379003,195482480337
1761329380003,195617334789
1761329381003,195752395967
1761329382004,195887392264
1761329383003,196022280164
1761329384003,196157204135
1761329385004,196292032647
1761329386003,196426976637
1761329387003,196561984226
1761329388002,196696698481
1761329389003,196831867935
1761329390005,196966715490
1761329391004,197101672359
1761329392003,197236582597
1761329393003,197371437110
1761329394003,197506415463
1761329395003,197641430499
1761329396004,197776149941
1761329397003,197911258787
1761329398003,198046199116
1761329399004,198181100260
1761329400002,198316052673
1761329401003,198451065267
1761329402003,198585847331
1761329403003,198720871766
1761329404003,198855819602
1761329405003,198990645062
1761329406004,199125640749
1761329407003,199260562279
1761329408002,199395450850
1761329409003,199530324955
1761329410003,199665250818
1761329411003,199800090622
1761329412003,199935225041
1761329413003,200070051112
1761329414002,200205168930
1761329415002,200339732429
1761329416002,200474776211
1761329417003,200609645556
1761329418003,200744803230
1761329419003,200879724271
1761329420003,201014586353
1761329421003,201149567941
1761329422003,201284533843
1761329423003,201419253408
1761329424003,201554275157
1761329425003,201689310883
1761329426003,201824223074
1761329427003,201959174633
1761329428004,202093970003
1761329429002,202228791313
1761329430003,202363809278
1761329431003,202498767124
1761329432003,202633679559
1761329433003,202768579055
1761329434003,202903470189
1761329435003,203038379329
1761329436003,203173530472
1761329437003,203308363928
1761329438003,203443287350
1761329439003,203578299028
1761329440003,203713090675
1761329441003,203848141904
1761329442003,203982986103
1761329443002,204117687113
1761329444002,204252780883
1761329445003,204387624532
1761329446003,204522687358
1761329447003,204657714539
1761329448003,204792633200
1761329449003,204927507305
1761329450003,205062379763
1761329451003,205197320274
1761329452003,205332210798
1761329453004,205467124027
1761329454003,205602221398
1761329455003,205736870101
1761329456003,205871995244
1761329457003,206006858180
1761329458003,206141709580
1761329459003,206276787298
1761329460003,206411726223
1761329461003,206546558641
1761329462003,206681631355
1761329463003,206816493192
1761329464003,206951227466
1761329465002,207086273812
1761329466003,207221327788
1761329467003,207356321400
1761329468003,207491236582
1761329469004,207626184784
1761329470002,207760712454
1761329471003,207895670483
1761329472004,208030882112
1761329473003,208165615288
1761329474003,208300670362
1761329475003,208435409214
1761329476003,208570458917
1761329477003,208705435622
1761329478003,208840404759
1761329479003,208975131953
1761329480002,209110004410
1761329481003,209245045569
1761329482002,209379859127
1761329483003,209515013872
1761329484003,209649985145
1761329485003,209784873471
1761329486003,209919756976
1761329487003,210054742226
1761329488002,210189634886
1761329489003,210324566426
1761329490003,210459502604
1761329491003,210594500488
1761329492003,210729482381
1761329493003,210864173748
1761329494002,210999202089
1761329495002,211134172324
1761329496003,211269154645
1761329497003,211403877750
1761329498003,211538699731
1761329499003,211673752913
1761329500003,211808813480
1761329501003,211943607874
1761329502003,212078794784
1761329503003,212213353460
1761329504003,212348342006
1761329505003,212483183397
1761329506003,212618450568
1761329507002,212753379971
1761329508003,212888264941
1761329509004,213023137764
1761329510003,213158042753
1761329511002,213292820851
1761329512002,213427972604
1761329513002,213562604523
1761329514003,213697670522
1761329515002,213832733958
1761329516004,213967757844
1761329517003,214102712698
1761329518003,214237584240
1761329519003,214372438937
1761329520003,214507273796
1761329521003,214642293043
1761329522003,214777025853
1761329523003,214911885554
1761329524002,215046753189
1761329525002,215181396643
1761329526003,215316939754
1761329527003,215451639360
1761329528004,215586597877
1761329529003,215721402951
1761329530004,215856308917
1761329531004,215991279580
1761329532004,216126012817
1761329533005,216261114827
1761329534004,216395894450
1761329535002,216530419923
1761329536004,216665645346
1761329537004,216800313764
1761329538005,216933526313
1761329539003,217063923929
1761329540004,217192920364
1761329541006,217322867663
1761329542006,217453990252
1761329543004,217583659964
1761329544004,217714473899
1761329545003,217843871517
1761329546005,217972844698
1761329547004,218102940129
1761329548003,218232031412
1761329549004,218360658097
1761329550004,218488915886
1761329551004,218615299230
1761329552002,218747049320
1761329553004,218881138576
1761329554003,219010469177
1761329555003,219137662577
1761329556004,219264656515
1761329557003,219394167170
1761329558004,219526047875
1761329559004,219656859002
1761329560006,219788417686
1761329561004,219919110772
1761329562004,220050142663
1761329563005,220181122309
1761329564004,220307623755
1761329565002,220436140271
1761329566004,220567342206
1761329567004,220698100355
1761329568006,220829742596
1761329569002,220960233656
1761329570004,221091012801
1761329571003,221221876785
1761329572006,221354022748
1761329573004,221485690441
1761329574005,221616523663
1761329575003,221745844987
1761329576002,221875883229
1761329577002,222005330102
1761329578002,222137400381
1761329579003,222268377402
1761329580005,222401968369
1761329581005,222536763922
1761329582004,222671496548
1761329583002,222805735829
1761329584004,222937671465
1761329585003,223070269575
1761329586004,223202840708
1761329587004,223334951027
1761329588005,223468077700
1761329589004,223601691189
1761329590005,223734928579
1761329591005,223869713269
1761329592004,224004118503
1761329593004,224136973571
1761329594004,224270442589
1761329595003,224401948722
1761329596004,224533683615
1761329597004,224665613270
1761329598004,224799254346
1761329599005,224934986603
1761329600004,225069625297
1761329601005,225204745740
1761329602004,225339638094
1761329603004,225470926943
1761329604004,225598787761
1761329605003,225728508925
1761329606002,225857479359
1761329607004,225984997160
1761329608004,226114322696
1761329609004,226242683817
1761329610004,226369920613
1761329611005,226499034846
1761329612004,226628914762
1761329613004,226759140320
1761329614004,226885738018
1761329615003,227010951931
1761329616004,227136362316
1761329617005,227265254564
1761329618005,227392458462
1761329619004,227522318969
1761329620005,227653584807
1761329621004,227785074156
1761329622004,227914688753
1761329623005,228044657659
1761329624004,228171221483
1761329625002,228297087616
1761329626004,228423922435
1761329627004,228553082932
1761329628004,228682954365
1761329629004,228813333547
1761329630005,228941410795
1761329631005,229069846318
1761329632005,229197801435
1761329633004,229326832965
1761329634004,229457869068
1761329635004,229589153094
1761329636002,229719805897
1761329637004,229853480116
1761329638004,229986328713
1761329639004,230117065683
1761329640004,230247762431
1761329641003,230380297187
1761329642004,230513409151
1761329643002,230647024410
1761329644004,230778860254
1761329645002,230912650256
1761329646004,231047248178
1761329647004,231182303496
1761329648004,231316978932
1761329649004,231452100535
1761329650005,231586209261
1761329651005,231721182365
1761329652003,231856188245
1761329653005,231989937415
1761329654004,232122527896
1761329655003,232254621124
1761329656004,232385792358
1761329657004,232518317959
1761329658004,232651627982
1761329659004,232786052930
1761329660004,232921035556
1761329661005,233054951534
1761329662004,233189582476
1761329663004,233324576820
1761329664005,233459424070
1761329665003,233592551659
1761329666004,233722938288
1761329667003,233855703634
1761329668002,233986318107
1761329669004,234117329308
1761329670005,234248583488
1761329671005,234379070093
1761329672005,234509761225
1761329673003,234641074549
1761329674003,234773878774
1761329675002,234906120013
1761329676004,235037937607
1761329677005,235171078868
1761329678003,235305466281
1761329679005,235439372249
1761329680004,235574333268
1761329681004,235709351050
1761329682004,235842399965
1761329683005,235974853788
1761329684004,236105652953
1761329685004,236238623560
1761329686004,236372609545
1761329687004,236508378179
1761329688004,236643099514
1761329689004,236777697131
1761329690003,236911674388
1761329691004,237043638467
1761329692005,237174516610
1761329693004,237303993330
1761329694004,237434132767
1761329695003,237564263599
1761329696004,237690531464
1761329697003,237819666997
1761329698003,237948365887
1761329699004,238070864291
1761329700005,238194008813
1761329701006,238313293969
1761329702004,238429183626
1761329703006,238542448594
1761329704003,238657722713
1761329705002,238771293223
1761329706005,238884100979
1761329707003,239017322074
1761329708002,239156892395
1761329709003,239291905050
1761329710004,239426665020
1761329711003,239561727540
1761329712003,239696616477
1761329713003,239831538922
1761329714003,239966601931
1761329715003,240101363549
1761329716003,240236343245
1761329717003,240371150578
1761329718004,240506049647
1761329719004,240640740342
1761329720003,240775844732
1761329721003,240910745144
1761329722004,241045723253
1761329723004,241180572700
1761329724004,241315510526
1761329725003,241449957203
1761329726004,241585328073
1761329727004,241720017242
1761329728004,241854943349
1761329729005,241990131358
1761329730003,242124883576
1761329731004,242259809012
1761329732004,242394549756
1761329733005,242529648897
1761329734004,242664394097
1761329735002,242799130874
1761329736003,242934154515
1761329737004,243069174982
1761329738005,243204150283
1761329739004,243338836340
1761329740004,243473699520
1761329741004,243608531450
1761329742004,243743440346
1761329743002,243878422849
1761329744004,244013398395
1761329745003,244148056803
1761329746003,244283294188
1761329747004,244418286152
1761329748005,244553161356
1761329749004,244688071411
1761329750005,244822993307
1761329751004,244957498273
1761329752005,245092805727
1761329753004,245227564598
1761329754003,245362209395
1761329755002,245496918401
1761329756002,245632113978
1761329757004,245766989059
1761329758004,245901877508
1761329759004,246036552700
1761329760004,246171613695
1761329761002,246306438484
1761329762004,246441539518
1761329763004,246576292102
1761329764004,246711290292
1761329765003,246846054290
1761329766002,246980879140
1761329767004,247115714794
1761329768004,247250723420
1761329769004,247385551810
1761329770004,247520267103
1761329771003,247654410375
1761329772004,247789026791
1761329773005,247922414206
1761329774003,248057756022
1761329775002,248190701849
1761329776003,248326646020
1761329777003,248461564193
1761329778003,248596506901
1761329779003,248731330409
1761329780003,248866159287
1761329781002,249001240667
1761329782003,249136282741
1761329783003,249271131273
1761329784002,249405806648
1761329785003,249540801115
1761329786002,249675711048
1761329787003,249810812692
1761329788003,249945727263
1761329789002,250080598683
1761329790003,250215590220
1761329791003,250350510224
1761329792003,250485494192
1761329793003,250620292675
1761329794002,250755251131
1761329795003,250890177421
1761329796002,251025044752
1761329797003,251160054904
1761329798003,251294999383
1761329799003,251429915480
1761329800003,251564920323
1761329801003,251699733454
1761329802003,251834614090
1761329803004,251969768285
1761329804003,252104647335
1761329805003,252239669389
1761329806003,252374366737
1761329807003,252509449826
1761329808003,252644326129
1761329809004,252779266030
1761329810004,252914097960
1761329811003,253049150166
1761329812002,253183839274
1761329813003,253318837769
1761329814003,253453917318
1761329815003,253588796855
1761329816003,253723773317
1761329817003,253858685569
1761329818003,253993532453
1761329819003,254128495486
1761329820003,254263306115
1761329821003,254398517195
1761329822003,254533261845
1761329823003,254668231287
1761329824003,254803163681
1761329825003,254938058538
1761329826003,255073076930
1761329827003,255207975022
1761329828003,255342735908
1761329829003,255477777188
1761329830003,255612833239
1761329831003,255747515328
1761329832003,255882536894
1761329833003,256017486317
1761329834003,256152327463
1761329835003,256287396148
1761329836004,256422444020
1761329837003,256557326365
1761329838003,256692066194
1761329839003,256827034537
1761329840002,256961856336
1761329841003,257096903841
1761329842003,257231800286
1761329843003,257366900587
1761329844003,257501629673
1761329845004,257636670038
1761329846003,257771709426
1761329847003,257906340795
1761329848003,258041576289
1761329849002,258176329423
1761329850003,258311275183
1761329851003,258446204159
1761329852004,258581211199
1761329853003,258716157936
1761329854004,258851041990
1761329855003,258985908222
1761329856004,259120888467
1761329857003,259255850890
1761329858003,259390863423
1761329859003,259525744792
1761329860004,259660599000
1761329861003,259795516684
1761329862004,259930436566
1761329863003,260065194766
1761329864003,260200376121
1761329865003,260335228864
1761329866004,260470213016
1761329867004,260605049646
1761329868004,260739929305
1761329869003,260874932011
1761329870004,261009940638
1761329871003,261144812485
1761329872003,261279696600
1761329873003,261414719692
1761329874003,261549516771
1761329875003,261684477730
1761329876003,261819522916
1761329877003,261954427234
1761329878004,262089464730
1761329879004,80859473
1761329880002,215861996
1761329881003,350699419
1761329882003,485682167
1761329883003,620670347
1761329884003,755683429
1761329885003,890458230
1761329886003,1025274963
1761329887003,1160422871
1761329888003,1295284586
1761329889002,1430099244
1761329890003,1565102377
1761329891004,1700132854
1761329892003,1835060915
1761329893003,1970062522
1761329894003,2104827985
1761329895003,2239517338
1761329896003,2374723107
1761329897003,2509683882
1761329898003,2644516362
1761329899003,2779416529
1761329900003,2914372055
1761329901003,3049283758
1761329902004,3184241665
1761329903003,3319241746
1761329904004,3454040596
1761329905004,3589055082
1761329906003,3724119250
1761329907003,3858955331
1761329908003,3993856719
1761329909003,4128818897
1761329910004,4263748606
1761329911002,4398574371
1761329912003,4533751699
1761329913003,4668459728
1761329914003,4803420137
1761329915003,4938304618
1761329916003,5073254163
1761329917003,5208232150
1761329918003,5343020074
1761329919003,5478090468
1761329920003,5612879368
1761329921003,5747837031
1761329922004,5883001785
1761329923003,6017898595
1761329924003,6152669490
1761329925003,6287612382
1761329926003,6422673316
1761329927003,6557608334
1761329928003,6692580706
1761329929003,6827470802
1761329930003,6962252684
1761329931003,7097315571
1761329932003,7232251016
1761329933003,7367171935
1761329934003,7501997030
1761329935002,7636648724
1761329936003,7771994691
1761329937003,7906860190
1761329938003,8041772870
1761329939003,8176671511
1761329940003,8311493004
1761329941003,8446586958
1761329942003,8581451420
1761329943003,8716434778
1761329944003,8851356796
1761329945003,8986141363
1761329946003,9120957973
1761329947002,9255834520
1761329948003,9390977484
1761329949003,9525786832
1761329950003,9660903002
1761329951003,9795752266
1761329952003,9930935575
1761329953003,10065594227
1761329954003,10200553842
1761329955002,10335515289
1761329956003,10470397390
1761329957003,10605308848
1761329958002,10740343232
1761329959003,10875381399
1761329960003,11010088513
1761329961003,11145118319
1761329962003,11280071708
1761329963003,11415042615
1761329964003,11549865085
1761329965003,11684899041
1761329966003,11819749221
1761329967002,11954347997
1761329968003,12089672846
1761329969004,12224614456
1761329970003,12359295081
1761329971003,12494346676
1761329972003,12629362200
1761329973003,12764324867
1761329974004,12899277707
1761329975002,13034025104
1761329976002,13168879373
1761329977003,13304014891
1761329978002,13438623800
1761329979003,13573788004
1761329980003,13708781372
1761329981003,13843851766
1761329982003,13978653484
1761329983003,14113574892
1761329984004,14248603416
1761329985003,14383394574
1761329986003,14518451419
1761329987004,14653484154
1761329988003,14788068770
1761329989003,14923324345
1761329990003,15058064234
1761329991004,15193048447
1761329992004,15327988836
1761329993003,15462519192
1761329994002,15597596239
1761329995003,15732561287
1761329996004,15867483121
1761329997003,16002704577
1761329998003,16137623909
1761329999003,16272431059
1761330000003,16407501942
1761330001004,16542211191
1761330002002,16677272674
1761330003003,16811966543
1761330004003,16947018016
1761330005003,17082051362
1761330006003,17216826408
1761330007002,17351593458
1761330008003,17486809420
1761330009003,17621625481
1761330010003,17756502699
1761330011003,17891556126
1761330012003,18026570490
1761330013003,18161476333
1761330014003,18296404393
1761330015003,18431276363
1761330016003,18566127458
1761330017003,18701099036
1761330018003,18836088315
1761330019003,18971044878
1761330020003,19105891213
1761330021003,19240871824
1761330022003,19375756611
1761330023003,19510680277
1761330024003,19645560608
1761330025003,19780409506
1761330026003,19915498881
1761330027003,20050338990
1761330028003,20185304709
1761330029003,20320135236
1761330030003,20455121523
1761330031003,20590241234
1761330032003,20725011335
1761330033003,20859777043
1761330034003,20994945398
1761330035003,21129665390
1761330036003,21264751592
1761330037003,21399761500
1761330038003,21534652390
1761330039003,21669356818
1761330040004,21804293485
1761330041003,21939486803
1761330042003,22074269234
1761330043003,22208461273
1761330044003,22344044300
1761330045003,22478940866
1761330046003,22614079375
1761330047003,22748780447
1761330048002,22883768382
1761330049003,23018841462
1761330050003,23153703665
1761330051002,23288492871
1761330052003,23423541964
1761330053003,23558536735
1761330054003,23693416029
1761330055005,23828615573
1761330056004,23963372552
1761330057004,24098285048
1761330058004,24233211827
1761330059004,24368165400
1761330060005,24503235001
1761330061004,24638040930
1761330062011,24773866937
1761330063005,24907889421
1761330064004,25042608131
1761330065007,25177925107
1761330066008,25313086687
1761330067004,25447629800
1761330068005,25582531615
1761330069003,25717240132
1761330070004,25852474588
1761330071004,25987256409
1761330072005,26122322714
1761330073004,26257107342
1761330074005,26392047182
1761330075005,26527142173
1761330076004,26662031110
1761330077004,26796902285
1761330078004,26931798974
1761330079004,27066820235
1761330080004,27201618107
1761330081006,27336682642
1761330082005,27471465195
1761330083004,27606564031
1761330084004,27741429531
1761330085005,27876566392
1761330086004,28011261054
1761330087007,28146624477
1761330088004,28281159350
1761330089004,28416142891
1761330090004,28551007048
1761330091007,28686343554
1761330092005,28821015756
1761330093004,28955633759
1761330094004,29090569692
1761330095006,29225745799
1761330096008,29361105560
1761330097004,29495540641
1761330098004,29630225843
1761330099004,29765194735
1761330100004,29900189995
1761330101004,30035166701
1761330102004,30170135532
1761330103004,30305171625
1761330104003,30439853653
1761330105004,30574856420
1761330106005,30709920772
1761330107004,30844799394
1761330108003,30979525855
1761330109004,31114599972
1761330110004,31249588030
1761330111004,31384493385
1761330112003,31519202696
1761330113004,31654330585
1761330114005,31789420877
1761330115004,31924142334
1761330116004,32058992940
1761330117004,32194027995
1761330118003,32328890870
1761330119004,32463773459
1761330120004,32598822796
1761330121009,32734411133
1761330122004,32868629112
1761330123003,33003380537
1761330124003,33138464847
1761330125004,33273427087
1761330126004,33408316207
1761330127004,33543292607
1761330128004,33678209804
1761330129004,33813237717
1761330130004,33948028449
1761330131005,34083115505
1761330132004,34218042406
1761330133004,34352915474
1761330134004,34487902677
1761330135003,34622676197
1761330136004,34757767098
1761330137005,34892696929
1761330138003,35027434438
1761330139004,35162531321
1761330140004,35297422150
1761330141004,35432395315
1761330142004,35567309948
1761330143005,35702309358
1761330144004,35837234428
1761330145004,35972014661
1761330146006,36106971774
1761330147004,36241956414
1761330148004,36376861403
1761330149003,36511395117
1761330150003,36646627009
1761330151005,36781789932
1761330152008,36917065526
1761330153003,37051403317
1761330154004,37186520158
1761330155004,37321348487
1761330156003,37456270200
1761330157003,37591095355
1761330158005,37726138467
1761330159004,37860995726
1761330160004,37995899129
1761330161005,38131006571
1761330162004,38265969238
1761330163004,38400859396
1761330164003,38535718181
1761330165004,38670631593
1761330166003,38805499473
1761330167003,38940472821
1761330168004,39075486331
1761330169003,39210370629
1761330170004,39345201155
1761330171003,39480200505
1761330172004,39615188379
1761330173004,39749965256
1761330174004,39885083929
1761330175007,40020510706
1761330176004,40154961717
1761330177004,40289845527
1761330178004,40424747830
1761330179005,40559845995
1761330180007,40694585701
1761330181004,40829503081
1761330182004,40964524647
1761330183003,41099392160
1761330184004,41234454681
1761330185006,41369246389
1761330186004,41504197154
1761330187005,41639075837
1761330188004,41774072135
1761330189004,41908845777
1761330190003,42043934786
1761330191004,42178765923
1761330192007,42314141980
1761330193008,42449339144
1761330194003,42583533869
1761330195003,42718375442
1761330196004,42853614537
1761330197009,42989051568
1761330198004,43123280046
1761330199004,43258305762
1761330200004,43393178341
1761330201004,43528114580
1761330202003,43662970253
1761330203005,43798042967
1761330204004,43932985126
1761330205014,44067887735
1761330206005,44202950072
1761330207004,44337580099
1761330208004,44472470622
1761330209004,44607468202
1761330210004,44742439658
1761330211004,44877465557
1761330212004,45012399660
1761330213004,45147335045
1761330214004,45282099836
1761330215003,45417094852
1761330216004,45552019922
1761330217004,45687025130
1761330218005,45821825872
1761330219004,45956884059
1761330220004,46091777573
1761330221013,46227841434
1761330222004,46361636746
1761330223005,46496525194
1761330224004,46631560493
1761330225005,46766547879
1761330226004,46901406360
1761330227004,47036320809
1761330228004,47171134185
1761330229004,47306184987
1761330230004,47441123057
1761330231004,47575941437
1761330232004,47711014822
1761330233005,47845980236
1761330234004,47980875398
1761330235005,48115824088
1761330236004,48250623914
1761330237004,48385587070
1761330238004,48520601433
1761330239004,48655456740
1761330240004,48790382725
1761330241003,48925299921
1761330242004,49060169693
1761330243004,49195159338
1761330244003,49330039486
1761330245009,49465126481
1761330246004,49600004676
1761330247004,49734992123
1761330248004,49869871783
1761330249004,50004689492
1761330250004,50139704955
1761330251004,50274639607
1761330252004,50409468607
1761330253004,50544443481
1761330254003,50679325521
1761330255004,50814340801
1761330256004,50949292482
1761330257003,51084103294
1761330258004,51219143109
1761330259004,51354021914
1761330260004,51488976220
1761330261008,51624446698
1761330262003,51758831730
1761330263004,51893747888
1761330264004,52028688156
1761330265004,52163646123
1761330266004,52298628444
1761330267004,52433410875
1761330268004,52568423652
1761330269004,52703386380
1761330270004,52838286669
1761330271004,52973200203
1761330272004,53108081877
1761330273004,53243171375
1761330274004,53377858164
1761330275004,53512790863
1761330276004,53647817678
1761330277004,53782738841
1761330278004,53917665437
1761330279008,54053241384
1761330280004,54187459241
1761330281004,54322538424
1761330282010,54457333489
1761330283004,54592272047
1761330284004,54727376010
1761330285004,54862091242
1761330286003,54996848160
1761330287004,55132002294
1761330288004,55267044917
1761330289007,55401942948
1761330290004,55536821326
1761330291003,55671634701
1761330292005,55806783098
1761330293004,55941686439
1761330294003,56076478086
1761330295003,56211398517
1761330296004,56346413003
1761330297004,56481320983
1761330298004,56616205831
1761330299004,56751142558
1761330300007,56886218262
1761330301004,57021100851
1761330302004,57155818768
1761330303004,57290955629
1761330304004,57425855369
1761330305004,57560898175
1761330306005,57695821536
1761330307004,57830691613
1761330308004,57965568526
1761330309004,58100473271
1761330310004,58235319545
1761330311004,58370374192
1761330312003,58505218695
1761330313004,58640196011
1761330314004,58775091051
1761330315004,58909994514
1761330316004,59044938322
1761330317005,59180087878
1761330318003,59314647287
1761330319003,59449717620
1761330320005,59584768910
1761330321005,59719738901
1761330322004,59854593170
1761330323004,59989492117
1761330324004,60124508251
1761330325004,60259419710
1761330326004,60394280692
1761330327006,60529570996
1761330328004,60664205905
1761330329004,60799248528
1761330330004,60934000319
1761330331004,61068981541
1761330332005,61204052484
1761330333004,61338883499
1761330334004,61473690222
1761330335003,61608536373
1761330336005,61743754594
1761330337003,61878422523
1761330338004,62013510373
1761330339004,62148201984
1761330340004,62283306862
1761330341004,62418237975
1761330342005,62553351764
1761330343005,62688245584
1761330344004,62823209228
1761330345005,62958080709
1761330346004,63092970439
1761330347004,63227875306
1761330348004,63362660789
1761330349004,63497672894
1761330350004,63632642764
1761330351008,63768023093
1761330352004,63902492292
1761330353004,64037369572
1761330354005,64172343897
1761330355004,64307192856
1761330356004,64442185918
1761330357006,64577469752
1761330358004,64712145615
1761330359004,64846985907
1761330360003,64981840665
1761330361004,65116755419
1761330362004,65251683052
1761330363004,65386718840
1761330364004,65521407338
1761330365006,65656803903
1761330366004,65791437225
1761330367004,65926252248
1761330368004,66061387095
1761330369004,66196332306
1761330370004,66331287466
1761330371004,66466165600
1761330372004,66601104036
1761330373004,66736003715
1761330374004,66870928663
1761330375004,67005913608
1761330376004,67140789178
1761330377004,67275716628
1761330378004,67410590489
1761330379004,67545615718
1761330380004,67680475480
1761330381004,67815388342
1761330382006,67950586971
1761330383004,68085206133
1761330384004,68220174599
1761330385004,68355166868
1761330386004,68490016376
1761330387004,68624964334
1761330388004,68759952575
1761330389004,68894816914
1761330390004,69029768290
1761330391004,69164653260
1761330392004,69299681295
1761330393005,69434652508
1761330394004,69569467226
1761330395004,69704410728
1761330396005,69839491254
1761330397004,69974211551
1761330398004,70109156335
1761330399004,70244249129
1761330400004,70379191960
1761330401004,70514019068
1761330402003,70648940476
1761330403009,70784612980
1761330404003,70918758938
1761330405003,71053738267
1761330406004,71188738532
1761330407011,71324458766
1761330408003,71458454211
1761330409004,71593500435
1761330410004,71728418181
1761330411004,71863208485
1761330412004,71998237192
1761330413005,72133363189
1761330414003,72268124502
1761330415004,72403067272
1761330416004,72537978853
1761330417004,72672885246
1761330418004,72807860852
1761330419004,72942818270
1761330420004,73077737725
1761330421004,73212563002
1761330422004,73347572727
1761330423004,73482435602
1761330424003,73617394913
1761330425004,73752353063
1761330426003,73887207759
1761330427004,74022168290
1761330428003,74157083167
1761330429004,74291974729
1761330430003,74426777606
1761330431004,74561902932
1761330432005,74696935179
1761330433006,74831995685
1761330434004,74966620829
1761330435004,75101607849
1761330436004,75236495687
1761330437004,75371485210
1761330438004,75506353700
1761330439004,75641360434
1761330440003,75776176190
1761330441003,75910963870
1761330442004,76046114220
1761330443004,76181041487
1761330444005,76316033695
1761330445004,76450914392
1761330446004,76585882613
1761330447004,76720761724
1761330448004,76855630153
1761330449004,76990703232
1761330450004,77125629828
1761330451003,77260433865
1761330452003,77395264514
1761330453003,77530154183
1761330454004,77665295683
1761330455003,77799974354
1761330456003,77935167489
1761330457003,78069920929
1761330458003,78204934743
1761330459003,78339761302
1761330460003,78474715302
1761330461004,78609765982
1761330462003,78744523511
1761330463003,78879484835
1761330464004,79014509148
1761330465004,79149469740
1761330466004,79284416721
1761330467002,79419111139
1761330468003,79554213088
1761330469004,79689320286
1761330470004,79824084895
1761330471003,79958890519
1761330472003,80093913916
1761330473004,80228935421
1761330474004,80363744768
1761330475004,80498689979
1761330476003,80633648801
1761330477004,80768510578
1761330478003,80903547036
1761330479003,81038344360
1761330480004,81173367513
1761330481004,81308410868
1761330482003,81443225892
1761330483003,81578185202
1761330484004,81713111919
1761330485003,81847940249
1761330486004,81982908348
1761330487003,82117924726
1761330488003,82252652103
1761330489003,82387711389
1761330490004,82522591842
1761330491003,82657537541
1761330492003,82792575403
1761330493002,82927130418
1761330494003,83062512273
1761330495003,83197201016
1761330496003,83332213182
1761330497004,83467192878
1761330498003,83602045377
1761330499003,83737027514
1761330500003,83871983346
1761330501004,84006864348
1761330502004,84141729481
1761330503003,84276668650
1761330504003,84411455231
1761330505003,84546639578
1761330506003,84681372875
1761330507002,84816446565
1761330508002,84951300346
1761330509003,85086251538
1761330510003,85221325656
1761330511004,85356143365
1761330512002,85491085280
1761330513003,85626152256
1761330514003,85760803828
1761330515003,85895787003
1761330516003,86030750585
1761330517002,86165673702
1761330518003,86300759172
1761330519003,86435611854
1761330520003,86570456418
1761330521003,86705646013
1761330522004,86840388466
1761330523002,86975053039
1761330524002,87110256245
1761330525003,87245119730
1761330526003,87380100647
1761330527003,87514880087
1761330528003,87649944316
1761330529003,87784787782
1761330530005,87919940024
1761330531003,88054818829
1761330532003,88189623965
1761330533003,88324640770
1761330534003,88459512495
1761330535003,88594291447
1761330536003,88729407251
1761330537003,88864279403
1761330538002,88999194890
1761330539004,89134153835
1761330540003,89269113145
1761330541004,89404119574
1761330542003,89538735929
1761330543004,89673910631
1761330544003,89808866280
1761330545002,89943601591
1761330546002,90078632191
1761330547003,90213605844
1761330548002,90348432464
1761330549002,90483364614
1761330550003,90618299632
1761330551003,90753163789
1761330552003,90888265494
1761330553002,91022991773
1761330554003,91157938449
1761330555003,91292830010
1761330556003,91427962171
1761330557003,91563025485
1761330558003,91697846307
1761330559003,91832583755
1761330560003,91967325903
1761330561002,92102391841
1761330562002,92237286638
1761330563003,92372244361
1761330564003,92507007505
1761330565002,92642272478
1761330566003,92776815408
1761330567004,92912125303
1761330568003,93046840962
1761330569003,93181805521
1761330570004,93316768798
1761330571004,93451629537
1761330572005,93586636516
1761330573005,93721556519
1761330574004,93856223228
1761330575003,93991008039
1761330576004,94126041141
1761330577004,94260664942
1761330578004,94395035691
1761330579004,94529828498
1761330580005,94663522187
1761330581004,94796855708
1761330582004,94928111963
1761330583005,95058500607
1761330584005,95188987638
1761330585003,95321470270
1761330586004,95451714749
1761330587003,95584048395
1761330588005,95714946985
1761330589003,95845586055
1761330590004,95974599030
1761330591004,96104927188
1761330592004,96234626502
1761330593004,96363736706
1761330594003,96492290759
1761330595002,96621733543
1761330596004,96751797846
1761330597004,96883947349
1761330598003,97014380853
1761330599004,97141375646
1761330600004,97268246292
1761330601003,97396559868
1761330602005,97526616481
1761330603004,97656617491
1761330604006,97787140716
1761330605002,97917982361
1761330606004,98049483428
1761330607005,98180496887
1761330608005,98310081577
1761330609006,98439691170
1761330610004,98567914413
1761330611004,98695337183
1761330612006,98825353634
1761330613004,98955972929
1761330614006,99084610539
1761330615003,99214368141
1761330616004,99344110790
1761330617002,99473806198
1761330618005,99601299890
1761330619004,99731112058
1761330620005,99862266019
1761330621003,99991270449
1761330622004,100123366364
1761330623004,100257169793
1761330624004,100391881729
1761330625003,100526302832
1761330626004,100659928161
1761330627005,100794659201
1761330628005,100928659041
1761330629005,101061545969
1761330630002,101195742036
1761330631004,101330115655
1761330632004,101464761123
1761330633005,101599925877
1761330634004,101733983517
1761330635003,101868996416
1761330636004,102000965073
1761330637004,102132865309
1761330638004,102267240819
1761330639004,102401052244
1761330640003,102535593465
1761330641004,102669249922
1761330642004,102802782844
1761330643003,102938033597
1761330644006,103072871752
1761330645002,103206159802
1761330646004,103337194440
1761330647004,103471582157
1761330648004,103607128075
1761330649004,103742184675
1761330650005,103877435611
1761330651004,104009795623
1761330652004,104139477603
1761330653004,104270304112
1761330654003,104402109438
1761330655003,104531813940
1761330656004,104662016305
1761330657005,104792379252
1761330658006,104920947466
1761330659003,105049563775
1761330660003,105178793241
1761330661004,105307024724
1761330662004,105434933882
1761330663005,105563698933
1761330664004,105692524226
1761330665003,105820474948
1761330666004,105947040237
1761330667005,106075113700
1761330668005,106203706938
1761330669004,106333518190
1761330670004,106462440224
1761330671005,106590734390
1761330672004,106718163385
1761330673004,106846404817
1761330674004,106975578863
1761330675003,107103576888
1761330676004,107232817463
1761330677005,107361930230
1761330678005,107490873504
1761330679003,107620644717
1761330680006,107750922032
1761330681005,107882266484
1761330682004,108013101476
1761330683004,108143567145
1761330684005,108274941931
1761330685003,108405402168
1761330686004,108534969159
1761330687005,108663993242
1761330688006,108792706597
1761330689005,108921455169
1761330690004,109050088445
1761330691005,109179188640
1761330692004,109309274488
1761330693004,109440324690
1761330694005,109569995928
1761330695003,109698463678
1761330696004,109829093592
1761330697005,109959302487
1761330698005,110088885408
1761330699004,110219819948
1761330700005,110351461457
1761330701005,110481256107
1761330702005,110612422703
1761330703005,110742499518
1761330704005,110872802590
1761330705002,111002862682
1761330706004,111134550883
1761330707004,111263409073
1761330708003,111392851979
1761330709004,111522389367
1761330710004,111652861811
1761330711003,111782553130
1761330712003,111911106756
1761330713004,112039590558
1761330714004,112169171647
1761330715003,112298357962
1761330716004,112428874656
1761330717004,112560475150
1761330718004,112690356043
1761330719005,112819514220
1761330720005,112948108435
1761330721005,113077608103
1761330722004,113207579389
1761330723004,113338194899
1761330724004,113471129374
1761330725003,113604128789
1761330726004,113739080836
1761330727004,113873481859
1761330728005,114007147288
1761330729004,114142614776
1761330730003,114277372060
1761330731002,114412131969
1761330732002,114546711825
1761330733004,114681052424
1761330734004,114811371914
1761330735003,114943606744
1761330736004,115076478779
1761330737003,115209168503
1761330738004,115342095653
1761330739004,115475368078
1761330740004,115609849179
1761330741005,115744176045
1761330742003,115879197733
1761330743002,116013679749
1761330744004,116148135521
1761330745003,116282968183
1761330746004,116418022464
1761330747004,116552895044
1761330748004,116687886947
1761330749004,116822601690
1761330750005,116957829188
1761330751004,117091453907
1761330752004,117222312275
1761330753004,117352129265
1761330754004,117476176127
1761330755002,117602182030
1761330756004,117724513260
1761330757003,117847476385
1761330758004,117969719481
1761330759003,118093244616
1761330760003,118215926370
1761330761004,118343701067
1761330762004,118471299068
1761330763004,118599584201
1761330764003,118721034086
1761330765002,118842677329
1761330766003,118967809577
1761330767005,119090987728
1761330768004,119215556562
1761330769003,119351742127
1761330770003,119488609391
1761330771003,119621417584
1761330772003,119757060364
1761330773002,119891824545
1761330774002,120026884319
1761330775002,120161579470
1761330776004,120296696983
1761330777004,120429893114
1761330778005,120559648336
1761330779004,120689073847
1761330780005,120817289095
1761330781005,120947798344
1761330782005,121077854102
1761330783004,121207305675
1761330784004,121336820480
1761330785003,121467881973
1761330786004,121598169054
1761330787004,121730116043
1761330788004,121862839641
1761330789006,121994878305
1761330790005,122123290635
1761330791003,122249948819
1761330792005,122378350712
1761330793002,122503469898
1761330794003,122627284278
1761330795004,122751499781
1761330796003,122875389661
1761330797003,122999910033
1761330798002,123123388416
1761330799004,123246970314
1761330800003,123370575405
1761330801005,123494677932
1761330802006,123619043458
1761330803004,123742691335
1761330804005,123866447488
1761330805003,123990575161
1761330806004,124114496414
1761330807004,124238008121
1761330808005,124361586235
1761330809005,124485205609
1761330810005,124608539765
1761330811006,124731448753
1761330812002,124853238602
1761330813002,124973177626
1761330814004,125096107731
1761330815003,125217823728
1761330816002,125339308830
1761330817002,125459379018
1761330818004,125578425222
1761330819005,125698760302
1761330820004,125819479781
1761330821003,125938474288
1761330822004,126063815215
1761330823006,126184451991
1761330824006,126303919520
1761330825003,126424703573
1761330826002,126546596083
1761330827003,126666515698
1761330828005,126785263868
1761330829004,126904913953
1761330830005,127024916880
1761330831003,127145091499
1761330832004,127270088189
1761330833005,127389406487
1761330834005,127509414114
1761330835003,127628373771
1761330836004,127747854666
1761330837006,127866332146
1761330838004,127986154105
1761330839004,128105399283
1761330840006,128223765313
1761330841002,128342459467
1761330842005,128468713660
1761330843004,128589644381
1761330844005,128710029327
1761330845002,128830593593
1761330846002,128949761440
1761330847004,129069058559
1761330848005,129188305995
1761330849005,129308320886
1761330850004,129427942894
1761330851003,129548302205
1761330852002,129668883439
1761330853004,129795270323
1761330854004,129913506104
1761330855003,130031532413
1761330856002,130150700443
1761330857004,130270125675
1761330858004,130389938539
1761330859006,130509845642
1761330860004,130629106567
1761330861004,130748357483
1761330862004,130868510129
1761330863002,130993782391
1761330864003,131112590986
1761330865003,131229436207
1761330866002,131345869930
1761330867003,131462325992
1761330868003,131574565939
1761330869004,131686268839
1761330870004,131798629086
1761330871004,131907943686
1761330872006,132017352464
1761330873004,132133032099
1761330874005,132239535123
1761330875004,132344850161
1761330876002,132450082069
1761330877004,132551609641
1761330878006,132651275218
1761330879003,132752171994
1761330880005,132852622237
1761330881004,132945666799
1761330882005,133037312438
1761330883004,133136890797
1761330884003,133227725220
1761330885003,133318116956
1761330886002,133410324545
1761330887002,133508202102
1761330888004,133602041644
1761330889005,133696148703
1761330890004,133789783840
1761330891004,133884341398
1761330892005,133979050994
1761330893005,134072968478
1761330894006,134171140163
1761330895003,134286416357
1761330896004,134405144996
1761330897005,134531555927
1761330898003,134643771522
1761330899002,134761025189
1761330900002,134879282393
1761330901002,134999722087
1761330902004,135119746133
1761330903004,135238000530
1761330904004,135361799285
1761330905003,135486783585
1761330906002,135611602357
1761330907003,135752216377
1761330908003,135887173429
1761330909003,136022055652
1761330910003,136157055184
1761330911003,136291669647
1761330912003,136426934498
1761330913003,136561966074
1761330914003,136696618134
1761330915003,136831473868
1761330916003,136966692516
1761330917003,137101330965
1761330918003,137236236137
1761330919003,137371171217
1761330920003,137506322299
1761330921003,137641174554
1761330922003,137775975356
1761330923003,137911048375
1761330924002,138045649653
1761330925003,138180763749
1761330926003,138315929479
1761330927003,138450722774
1761330928003,138585621477
1761330929003,138720385658
1761330930002,138854982237
1761330931003,138990458270
1761330932003,139125092935
1761330933003,139260100951
1761330934003,139394899617
1761330935003,139529703777
1761330936003,139664979981
1761330937002,139799966268
1761330938003,139934829632
1761330939003,140069672243
1761330940003,140204720970
1761330941003,140339283308
1761330942003,140474223881
1761330943003,140609326867
1761330944003,140744166061
1761330945003,140879131291
1761330946003,141014148890
1761330947003,141149203354
1761330948003,141284129278
1761330949003,141418889309
1761330950003,141553647082
1761330951003,141688848884
1761330952003,141823781522
1761330953003,141958404102
1761330954002,142093298898
1761330955003,142228354644
1761330956003,142363280690
1761330957003,142498135814
1761330958003,142633262238
1761330959003,142768112601
1761330960003,142902860913
1761330961003,143038045259
1761330962003,143172976127
1761330963003,143307857862
1761330964003,143442826755
1761330965003,143577742669
1761330966003,143712541701
1761330967002,143847025366
1761330968003,143982160396
1761330969003,144117203324
1761330970003,144252016944
1761330971002,144386400572
1761330972003,144521912493
1761330973003,144657134742
1761330974003,144791940672
1761330975003,144926785419
1761330976002,145061429606
1761330977003,145196553710
1761330978003,145331351400
1761330979003,145466404399
1761330980002,145601305970
1761330981002,145736308371
1761330982003,145871085736
1761330983003,146005843081
1761330984003,146141019798
1761330985003,146275805769
1761330986002,146410731327
1761330987003,146545450526
1761330988003,146680341111
1761330989003,146815478399
1761330990003,146950416225
1761330991003,147085374742
1761330992003,147219972237
1761330993003,147355164273
1761330994003,147490011096
1761330995002,147624463327
1761330996003,147759639861
1761330997003,147894565602
1761330998003,148029532115
1761330999003,148164475129
1761331000003,148299474539
1761331001004,148434408825
1761331002004,148569249605
1761331003003,148704176201
1761331004005,148839177930
1761331005003,148974023166
1761331006004,149108656549
1761331007004,149243435867
1761331008005,149378489904
1761331009003,149513413509
1761331010004,149648234270
1761331011005,149783216041
1761331012004,149918219479
1761331013005,150050839867
1761331014005,150182445182
1761331015004,150316393570
1761331016004,150451198034
1761331017004,150584309327
1761331018004,150711551738
1761331019004,150836528652
1761331020006,150962698434
1761331021006,151089060781
1761331022002,151214923069
1761331023004,151340072468
1761331024006,151466913757
1761331025003,151593137616
1761331026004,151718232266
1761331027005,151843274183
1761331028004,151973340256
1761331029004,152101062829
1761331030004,152238311257
1761331031003,152373470457
1761331032003,152508093587
1761331033002,152642820598
1761331034002,152777910645
1761331035003,152912858114
1761331036002,153047781170
1761331037002,153182197391
1761331038002,153317480492
1761331039002,153452664411
1761331040003,153587503177
1761331041003,153722312524
1761331042003,153857306014
1761331043003,153992130010
1761331044003,154127279749
1761331045003,154262268844
1761331046003,154397079473
1761331047002,154531699368
1761331048002,154666767992
1761331049002,154801805854
1761331050003,154936577177
1761331051003,155071479175
1761331052003,155206368051
1761331053003,155341565825
1761331054003,155476427846
1761331055002,155611126353
1761331056003,155746175019
1761331057003,155881118155
1761331058002,156015690320
1761331059003,156151004061
1761331060004,156285577446
1761331061004,156420966687
1761331062004,156555939975
1761331063007,156691166069
1761331064004,156825771742
1761331065006,156960679478
1761331066004,157095588556
1761331067005,157230613479
1761331068004,157365530981
1761331069004,157500366451
1761331070004,157635347978
1761331071004,157770303687
1761331072004,157905105161
1761331073004,158040122882
1761331074005,158175143776
1761331075005,158310064146
1761331076004,158444955036
1761331077004,158579797586
1761331078004,158714660828
1761331079004,158849666463
1761331080004,158984613139
1761331081007,159119653748
1761331082003,159254399009
1761331083004,159389367108
1761331084004,159524328860
1761331085005,159659347435
1761331086004,159794223310
1761331087003,159929034855
1761331088004,160063926966
1761331089004,160198873153
1761331090004,160333954534
1761331091004,160468871913
1761331092005,160603959458
1761331093004,160738776984
1761331094003,160873506009
1761331095004,161008643969
1761331096004,161143350350
1761331097005,161278435026
1761331098004,161413402576
1761331099003,161548157419
1761331100004,161683231048
1761331101004,161818160695
1761331102004,161953062632
1761331103004,162088043854
1761331104003,162222763846
1761331105003,162357660291
1761331106003,162492723238
1761331107004,162627783439
1761331108004,162762615125
1761331109004,162897534702
1761331110004,163032476739
1761331111005,163167520034
1761331112004,163302472935
1761331113004,163437242488
1761331114007,163572195511
1761331115003,163707123572
1761331116004,163842016354
1761331117004,163977001482
1761331118003,164111823463
1761331119003,164246792112
1761331120004,164381744159
1761331121003,164516554544
1761331122003,164651380798
1761331123004,164786691853
1761331124005,164921601603
1761331125003,165056276917
1761331126004,165191238120
1761331127004,165326342998
1761331128003,165461130007
1761331129006,165596431968
1761331130004,165731012678
1761331131003,165865986209
1761331132003,166000810022
1761331133004,166135779830
1761331134004,166270755437
1761331135005,166405875574
1761331136003,166540492173
1761331137003,166675610540
1761331138004,166810405300
1761331139004,166945497972
1761331140003,167080383430
1761331141003,167215169096
1761331142005,167350370593
1761331143004,167485158883
1761331144004,167620104949
1761331145007,167755033680
1761331146004,167890001780
1761331147008,168025373931
1761331148004,168159828665
1761331149003,168294567455
1761331150004,168429797578
1761331151004,168564504447
1761331152004,168699590405
1761331153004,168834384006
1761331154003,168969344109
1761331155004,169104371657
1761331156004,169239151890
1761331157003,169374035151
1761331158004,169509030228
1761331159004,169644129247
1761331160003,169778929012
1761331161009,169914459732
1761331162004,170048726295
1761331163004,170183821408
1761331164004,170318683306
1761331165004,170453638100
1761331166005,170588729673
1761331167004,170723515644
1761331168004,170858333048
1761331169004,170993360534
1761331170004,171128317464
1761331171004,171263222453
1761331172003,171398008363
1761331173003,171532959617
1761331174004,171667873639
1761331175004,171802907900
1761331176005,171937985618
1761331177003,172072641218
1761331178004,172207698734
1761331179003,172342584985
1761331180004,172477544174
1761331181004,172612484746
1761331182004,172747351710
1761331183003,172882289658
1761331184004,173017277411
1761331185004,173152141873
1761331186004,173287119127
1761331187004,173421870492
1761331188006,173557106962
1761331189004,173691903858
1761331190004,173826777353
1761331191004,173961712005
1761331192004,174096660207
1761331193004,174231452403
1761331194008,174366491303
1761331195003,174501394950
1761331196004,174636407238
1761331197003,174771319613
1761331198004,174906336662
1761331199004,175041170179
1761331200004,175176221103
1761331201006,175310934564
1761331202004,175445893386
1761331203004,175580884984
1761331204003,175715580501
1761331205004,175850692887
1761331206004,175985661169
1761331207004,176120519589
1761331208003,176255394671
1761331209003,176390191933
1761331210002,176525149412
1761331211004,176660387408
1761331212004,176795158243
1761331213003,176930220519
1761331214003,177065011861
1761331215005,177200186503
1761331216004,177334984558
1761331217003,177469714194
1761331218005,177604827984
1761331219005,177739916566
1761331220004,177874662132
1761331221003,178009697675
1761331222005,178144698184
1761331223004,178279547204
1761331224004,178414414534
1761331225005,178549499455
1761331226004,178684239954
1761331227004,178819161667
1761331228004,178954090216
1761331229004,179088721890
1761331230004,179224014696
1761331231005,179359022468
1761331232004,179493877896
1761331233003,179628843005
1761331234003,179763700387
1761331235006,179898698820
1761331236005,180033658436
1761331237004,180168513010
1761331238004,180303367279
1761331239005,180438422964
1761331240004,180573287670
1761331241005,180708325471
1761331242004,180843211722
1761331243004,180977974256
1761331244005,181113054415
1761331245004,181247854363
1761331246004,181382891798
1761331247004,181517830906
1761331248004,181652619440
1761331249004,181787581375
1761331250003,181922453894
1761331251003,182057495113
1761331252005,182192565507
1761331253004,182327382789
1761331254005,182462302670
1761331255003,182597151446
1761331256004,182732230080
1761331257004,182867027647
1761331258004,183002012531
1761331259004,183136702250
1761331260004,183271892395
1761331261005,183406910420
1761331262004,183541773173
1761331263004,183676648194
1761331264003,183811495566
1761331265005,183946370282
1761331266004,184081492373
1761331267004,184216356285
1761331268004,184351306868
1761331269003,184486193241
1761331270005,184621279931
1761331271005,184756200545
1761331272003,184890763983
1761331273005,185026014857
1761331274006,185160690049
1761331275003,185295599006
1761331276007,185430764065
1761331277004,185565723986
1761331278005,185700621895
1761331279004,185835445524
1761331280005,185970514026
1761331281004,186105310922
1761331282005,186240414214
1761331283004,186375342580
1761331284004,186510079234
1761331285008,186645583038
1761331286003,186779947013
1761331287008,186914996777
1761331288004,187049950167
1761331289004,187184641289
1761331290004,187319593031
1761331291004,187454732761
1761331292004,187589635064
1761331293005,187724548110
1761331294004,187859517735
1761331295004,187994411921
1761331296009,188130001296
1761331297003,188264186804
1761331298004,188399197262
1761331299005,188534151811
1761331300004,188669022804
1761331301003,188803860349
1761331302005,188938975665
1761331303004,189073830544
1761331304003,189208707457
1761331305006,189343887959
1761331306003,189478579813
1761331307004,189613527283
1761331308004,189748472799
1761331309003,189883264324
1761331310003,190018176943
1761331311006,190153541892
1761331312004,190288183332
1761331313004,190423115848
1761331314004,190558042321
1761331315005,190693076399
1761331316007,190828317691
1761331317004,190962904322
1761331318004,191097724655
1761331319004,191232719915
1761331320008,191368293115
1761331321005,191502603257
1761331322004,191637546516
1761331323003,191772452176
1761331324004,191907260486
1761331325004,192042253365
1761331326004,192177245268
1761331327004,192311976124
1761331328005,192447148569
1761331329004,192581942963
1761331330004,192716975088
1761331331004,192851778087
1761331332004,192986724824
1761331333003,193121719108
1761331334004,193256497632
1761331335005,193391647555
1761331336005,193526526726
1761331337004,193661473219
1761331338004,193796252171
1761331339005,193931436944
1761331340004,194066193313
1761331341007,194201545750
1761331342004,194335894466
1761331343003,194471058976
1761331344004,194605905433
1761331345004,194740965695
1761331346005,194875893572
1761331347004,195010722511
1761331348003,195145644468
1761331349003,195280517353
1761331350003,195415435587
1761331351003,195550423950
1761331352006,195685422872
1761331353003,195820322734
1761331354003,195955088380
1761331355003,196090094199
1761331356004,196225081341
1761331357004,196360142641
1761331358004,196495007591
1761331359004,196629853254
1761331360004,196764832950
1761331361005,196899807763
1761331362004,197034734969
1761331363003,197169485845
1761331364004,197304496119
1761331365005,197439496933
1761331366004,197574205146
1761331367004,197709266201
1761331368004,197844106188
1761331369004,197979283332
1761331370003,198114025114
1761331371004,198248980884
1761331372004,198383908456
1761331373004,198518901702
1761331374004,198653741933
1761331375004,198788658336
1761331376004,198923750824
1761331377004,199058625418
1761331378004,199193521801
1761331379003,199328502962
1761331380004,199463343620
1761331381004,199598312391
1761331382005,199733289035
1761331383005,199868198480
1761331384004,200003001845
1761331385004,200138065892
1761331386004,200272919489
1761331387003,200407770035
1761331388005,200543027624
1761331389004,200677735287
1761331390005,200812687029
1761331391005,200947701270
1761331392004,201082582273
1761331393004,201217537921
1761331394004,201352373757
1761331395003,201487261290
1761331396004,201622354939
1761331397003,201757150919
1761331398003,201892127564
1761331399003,202026943686
1761331400004,202161932964
1761331401004,202296847353
1761331402004,202431932212
1761331403004,202566717145
1761331404004,202701563052
1761331405003,202836512963
1761331406004,202971455001
1761331407004,203106467472
1761331408003,203241286768
1761331409004,203376256943
1761331410003,203511103888
1761331411003,203646107387
1761331412003,203781012254
1761331413004,203916114203
1761331414004,204050883878
1761331415004,204185949694
1761331416004,204320730111
1761331417004,204455421783
1761331418003,204590579152
1761331419004,204725558603
1761331420004,204860604705
1761331421003,204995525381
1761331422004,205130384044
1761331423004,205265289216
1761331424004,205400284354
1761331425004,205535140332
1761331426004,205670156832
1761331427004,205805022332
1761331428004,205939969374
1761331429004,206074963474
1761331430003,206209848139
1761331431004,206344705764
1761331432004,206479637731
1761331433004,206614687617
1761331434003,206749506120
1761331435006,206884469275
1761331436005,207019507382
1761331437004,207154351153
1761331438007,207289247353
1761331439004,207424246519
1761331440004,207559092060
1761331441004,207694028726
1761331442004,207829076720
1761331443005,207963976766
1761331444004,208098772136
1761331445003,208233728883
1761331446004,208368702170
1761331447004,208503683392
1761331448004,208638618349
1761331449004,208773529198
1761331450005,208908283491
1761331451004,209043285160
1761331452004,209178210474
1761331453004,209313156112
1761331454004,209448184148
1761331455006,209583101466
1761331456003,209718005845
1761331457003,209852802619
1761331458004,209987964931
1761331459004,210122800646
1761331460005,210257915961
1761331461004,210392607572
1761331462004,210527629749
1761331463004,210662466745
1761331464011,210797982877
1761331465003,210932385182
1761331466004,211067005016
1761331467006,211202114594
1761331468004,211337162344
1761331469004,211472193371
1761331470003,211606893282
1761331471004,211741858024
1761331472004,211876855665
1761331473004,212011785068
1761331474003,212146674249
1761331475003,212281603469
1761331476003,212416389745
1761331477005,212551769830
1761331478004,212686439347
1761331479003,212821220679
1761331480002,212956099240
1761331481003,213091019793
1761331482004,213226082679
1761331483003,213361064939
1761331484007,213496445268
1761331485003,213630843362
1761331486004,213765945738
1761331487004,213900759907
1761331488004,214035769327
1761331489004,214170641724
1761331490004,214305629049
1761331491004,214440383953
1761331492003,214575433473
1761331493004,214710283287
1761331494005,214845346539
1761331495004,214980239566
1761331496004,215115053613
1761331497004,215250105391
1761331498008,215385643557
1761331499003,215519857081
1761331500004,215654913193
1761331501004,215789745123
1761331502004,215924759120
1761331503004,216059703416
1761331504005,216194812079
1761331505004,216329550992
1761331506003,216464373645
1761331507004,216599325631
1761331508003,216734170134
1761331509004,216869281788
1761331510003,217004184824
1761331511004,217139147979
1761331512004,217274013357
1761331513004,217408990245
1761331514004,217543885835
1761331515007,217678966971
1761331516007,217813974011
1761331517005,217948788180
1761331518004,218083693474
1761331519004,218218541456
1761331520004,218353409458
1761331521004,218488341730
1761331522004,218623330215
1761331523004,218758239660
1761331524004,218893280696
1761331525004,219028111955
1761331526004,219163164526
1761331527005,219298003903
1761331528005,219433051653
1761331529004,219567903541
1761331530005,219702816953
1761331531011,219838425798
1761331532004,219972717141
1761331533004,220107608764
1761331534004,220242559041
1761331535004,220377324504
1761331536004,220512310609
1761331537003,220647073325
1761331538004,220782148236
1761331539004,220917198793
1761331540004,221052149437
1761331541004,221187046430
1761331542005,221322083621
1761331543004,221456906335
1761331544004,221591839034
1761331545005,221726899784
1761331546004,221861707667
1761331547003,221996466782
1761331548004,222131288947
1761331549004,222266421841
1761331550004,222401348619
1761331551005,222536413337
1761331552004,222671163419
1761331553004,222806186267
1761331554003,222940824655
1761331555004,223075986846
1761331556004,223210911732
1761331557004,223345875987
1761331558003,223480819672
1761331559003,223615645376
1761331560004,223750596447
1761331561004,223885596101
1761331562003,224020475883
1761331563004,224155405958
1761331564005,224290464022
1761331565004,224425385796
1761331566004,224560269972
1761331567004,224695174839
1761331568003,224829942012
1761331569004,224964950882
1761331570004,225099983862
1761331571005,225234890316
1761331572003,225369700762
1761331573004,225504731544
1761331574004,225639614377
1761331575004,225774636798
1761331576007,225909377969
1761331577004,226044467528
1761331578003,226179352864
1761331579005,226314208109
1761331580006,226449543639
1761331581003,226584050375
1761331582004,226719083232
1761331583004,226853974672
1761331584004,226988820823
1761331585004,227123796125
1761331586003,227258728824
1761331587004,227393725365
1761331588004,227528696882
1761331589003,227663397893
1761331590008,227798933739
1761331591004,227933432419
1761331592004,228068399541
1761331593004,228203345912
1761331594004,228338194627
1761331595004,228473214667
1761331596004,228608005704
1761331597005,228743155626
1761331598004,228877893563
1761331599005,229012892973
1761331600004,229147797718
1761331601004,229282767526
1761331602004,229417705657
1761331603004,229552548879
1761331604004,229687561656
1761331605004,229822535859
1761331606004,229957314994
1761331607004,230092239270
1761331608004,230227216952
1761331609005,230362234306
1761331610005,230497209547
1761331611004,230632085117
1761331612003,230766936456
1761331613004,230901904861
1761331614003,231036528845
1761331615004,231171798274
1761331616004,231306799515
1761331617005,231441655310
1761331618004,231576474850
1761331619004,231711533709
1761331620004,231846373512
1761331621004,231981359190
1761331622004,232116200702
1761331623004,232251172098
1761331624004,232385970825
1761331625004,232521030721
1761331626004,232655883342
1761331627003,232790816956
1761331628003,232925800497
1761331629004,233060721966
1761331630004,233195605227
1761331631004,233330680503
1761331632005,233465656476
1761331633004,233600475406
1761331634004,233735430871
1761331635004,233870366012
1761331636004,234005255437
1761331637005,234140305323
1761331638003,234274905992
1761331639004,234409998053
1761331640004,234544910183
1761331641003,234679879869
1761331642003,234814733833
1761331643004,234949821195
1761331644004,235084830249
1761331645004,235219610116
1761331646003,235354424773
1761331647003,235489463368
1761331648003,235624290049
1761331649004,235759390900
1761331650004,235894290640
1761331651004,236029117748
1761331652004,236164198701
1761331653004,236298943474
1761331654004,236434033826
1761331655004,236568886996
1761331656004,236703883355
1761331657004,236838794814
1761331658004,236973604222
1761331659004,237108664728
1761331660005,237243483597
1761331661003,237378294165
1761331662004,237513436092
1761331663006,237648449174
1761331664004,237783394019
1761331665004,237918228147
1761331666003,238052975787
1761331667004,238188020303
1761331668003,238322988280
1761331669004,238457975300
1761331670004,238592912088
1761331671004,238727776977
1761331672003,238862751607
1761331673004,238997555401
1761331674005,239132756470
1761331675005,239267627097
1761331676004,239402364179
1761331677004,239537325442
1761331678004,239672317589
1761331679004,239807238875
1761331680003,239942235233
1761331681004,240077039881
1761331682004,240211920090
1761331683004,240346981145
1761331684004,240481863063
1761331685006,240616791123
1761331686004,240751760504
1761331687004,240886605496
1761331688005,241021675341
1761331689004,241156535286
1761331690005,241291513944
1761331691004,241426516834
1761331692004,241561390756
1761331693004,241696405547
1761331694004,241831210134
1761331695004,241966167918
1761331696003,242100890718
1761331697004,242235996756
1761331698004,242370935498
1761331699004,242505845553
1761331700003,242640648125
1761331701004,242775693006
1761331702004,242910639377
1761331703003,243045526788
1761331704004,243180317398
1761331705004,243315380101
1761331706004,243450353205
1761331707004,243585334305
1761331708004,243720197729
1761331709003,243854965634
1761331710003,243989978655
1761331711004,244124946510
1761331712005,244260019834
1761331713003,244394625690
1761331714003,244529572061
1761331715004,244664747252
1761331716003,244799514302
1761331717003,244934342204
1761331718004,245069579651
1761331719004,245204411215
1761331720004,245339297283
1761331721004,245474273256
1761331722004,245609207237
1761331723003,245744071210
1761331724003,245878961856
1761331725004,246014136315
1761331726004,246149038069
1761331727003,246283728703
1761331728003,246418673182
1761331729003,246553683274
1761331730003,246688460944
1761331731003,246823521755
1761331732003,246958439317
1761331733004,247093455024
1761331734004,247228342191
1761331735003,247363181018
1761331736003,247498123178
1761331737003,247632981353
1761331738003,247767924001
1761331739003,247902962473
1761331740003,248037808991
1761331741003,248172918996
1761331742003,248307673717
1761331743003,248442727510
1761331744003,248577468620
1761331745003,248712263380
1761331746002,248847338962
1761331747003,248982328973
1761331748003,249117289992
1761331749002,249252208470
1761331750003,249387054621
1761331751003,249522030533
1761331752003,249656944494
1761331753003,249791981563
1761331754003,249926879228
1761331755002,250061737708
1761331756003,250196799924
1761331757003,250331498004
1761331758003,250466445718
1761331759003,250601532713
1761331760003,250736571674
1761331761003,250871315226
1761331762003,251006340271
1761331763002,251141099508
1761331764003,251276126384
1761331765003,251410936403
1761331766003,251545908286
1761331767003,251680827497
1761331768003,251815755984
1761331769002,251950830101
1761331770003,252085861677
1761331771003,252220845768
1761331772003,252355771448
1761331773003,252490607101
1761331774003,252625454290
1761331775002,252760199367
1761331776003,252895341355
1761331777003,253030237677
1761331778003,253165189297
1761331779003,253299899219
1761331780003,253434953682
1761331781003,253569917875
1761331782003,253704885548
1761331783003,253839754343
1761331784003,253974722076
1761331785003,254109641713
1761331786003,254244527355
1761331787003,254379186800
1761331788003,254514427603
1761331789003,254649360852
1761331790003,254784219637
1761331791002,254918972649
1761331792003,255053994521
1761331793003,255188877110
1761331794003,255324091546
1761331795003,255458909378
1761331796003,255593814855
1761331797003,255728793513
1761331798003,255863644547
1761331799002,255998657446
1761331800003,256133587765
1761331801003,256268617876
1761331802004,256403396828
1761331803003,256538416380
1761331804003,256673348041
1761331805003,256807922831
1761331806003,256943074523
1761331807003,257077842062
1761331808003,257212982036
1761331809003,257347726503
1761331810003,257482936056
1761331811003,257617793255
1761331812003,257752782167
1761331813003,257887683861
1761331814003,258022446089
1761331815004,258157545352
1761331816003,258292484826
1761331817003,258427385604
1761331818003,258562280644
1761331819003,258697268031
1761331820003,258832218735
1761331821003,258967252386
1761331822003,259101859951
1761331823003,259237053880
1761331824003,259371872383
1761331825003,259506650297
1761331826003,259641755725
1761331827003,259776700936
1761331828003,259911627593
1761331829003,260046465382
1761331830003,260181307261
1761331831003,260316499725
1761331832003,260451154593
1761331833003,260586029309
1761331834003,260721114046
1761331835003,260856137321
1761331836003,260991016248
1761331837002,261125669590
1761331838003,261260706231
1761331839003,261395760939
1761331840003,261530649510
1761331841003,261665736689
1761331842003,261800585648
1761331843003,261935593420
1761331844002,262070382137
1761331845002,62062219
1761331846002,196939498
1761331847003,331857487
1761331848003,466870203
1761331849003,601393663
1761331850003,736467047
1761331851002,871620754
1761331852003,1006500169
1761331853003,1141507026
1761331854003,1276415982
1761331855003,1411371020
1761331856003,1546327340
1761331857003,1681174834
1761331858003,1816176014
1761331859003,1951002512
1761331860003,2085857270
1761331861004,2221032522
1761331862003,2355779674
1761331863004,2490598604
1761331864003,2625760734
1761331865003,2760712109
1761331866003,2895484591
1761331867003,3030504632
1761331868003,3165449415
1761331869003,3300186864
1761331870003,3435333002
1761331871003,3569931107
1761331872003,3705201757
1761331873003,3840051082
1761331874003,3974975785
1761331875003,4109727760
1761331876003,4245016476
1761331877003,4379511737
1761331878003,4514701638
1761331879003,4649698606
1761331880003,4784515888
1761331881003,4919179118
1761331882004,5054252136
1761331883003,5189042013
1761331884004,5324043743
1761331885003,5458872316
1761331886004,5593220849
1761331887004,5724833916
1761331888004,5852953705
1761331889005,5974063563
1761331890006,6095589558
1761331891006,6220081549
1761331892004,6339036140
1761331893004,6458064949
1761331894005,6572584736
1761331895004,6686998811
1761331896004,6797491326
1761331897006,6907386186
1761331898005,7012336601
1761331899005,7114678624
1761331900006,7216901690
1761331901004,7319788451
1761331902004,7422909097
1761331903005,7527016802
1761331904004,7623573318
1761331905003,7720772959
1761331906004,7818244145
1761331907004,7916337766
1761331908004,8014075064
1761331909006,8111960983
1761331910006,8212203769
1761331911004,8311564293
1761331912004,8410599196
1761331913005,8510920106
1761331914003,8607506895
1761331915003,8704510797
1761331916004,8800816520
1761331917005,8897946947
1761331918005,8994740095
1761331919004,9090246443
1761331920004,9186636821
1761331921004,9283643653
1761331922005,9380318515
1761331923005,9476981720
1761331924004,9573730312
1761331925004,9670485985
1761331926004,9767131551
1761331927005,9864473953
1761331928005,9960608656
1761331929006,10057342112
1761331930005,10154120062
1761331931005,10250543399
1761331932006,10346068606
1761331933004,10441148075
1761331934005,10536582218
1761331935004,10633107544
1761331936004,10729682187
1761331937004,10826787529
1761331938005,10923694142
1761331939005,11020189195
1761331940005,11116923383
1761331941004,11213947793
1761331942006,11310791478
1761331943004,11407251925
1761331944004,11504218046
1761331945003,11601550927
1761331946004,11698146871
1761331947006,11795398453
1761331948005,11891873304
1761331949004,11987567944
1761331950005,12084802742
1761331951005,12181750736
1761331952006,12278830870
1761331953004,12375567683
1761331954006,12472295463
1761331955002,12569105457
1761331956003,12666018234
1761331957005,12763260844
1761331958004,12859715980
1761331959005,12956701327
1761331960005,13054103544
1761331961004,13151055993
1761331962005,13248542804
1761331963005,13345840468
1761331964004,13441908459
1761331965003,13539370307
1761331966004,13637088318
1761331967005,13735297296
1761331968004,13832739002
1761331969006,13930101301
1761331970005,14027974952
1761331971005,14125319735
1761331972006,14223562952
1761331973005,14321073262
1761331974005,14418767470
1761331975003,14516144112
1761331976005,14613772097
1761331977004,14711524899
1761331978006,14808799796
1761331979005,14905001576
1761331980003,15002555404
1761331981004,15100355996
1761331982005,15197839511
1761331983006,15295775173
1761331984003,15392143762
1761331985002,15484135897
1761331986004,15580254181
1761331987005,15673850499
1761331988003,15766837078
1761331989005,15860578232
1761331990003,15957999369
1761331991004,16063040482
1761331992003,16170239304
1761331993004,16280651802
1761331994003,16411426004
1761331995002,16544646732
1761331996004,16676636934
1761331997004,16810331782
1761331998003,16944220477
1761331999004,17079914588
1761332000003,17214876278
1761332001002,17349861345
1761332002002,17484594704
1761332003003,17619771421
1761332004003,17754380818
1761332005002,17889299418
1761332006003,18024206726
1761332007002,18159077169
1761332008004,18294124431
1761332009004,18429149354
1761332010003,18563795616
1761332011002,18698776960
1761332012004,18833608402
1761332013004,18968429651
1761332014004,19103454635
1761332015002,19238154119
1761332016004,19373368006
1761332017005,19508206101
1761332018004,19643132879
1761332019005,19778143520
1761332020004,19912851061
1761332021003,20047153757
1761332022003,20178661965
1761332023004,20310728033
1761332024002,20441215187
1761332025002,20574621767
1761332026004,20708561182
1761332027004,20843134080
1761332028004,20977968757
1761332029004,21113017544
1761332030004,21247864916
1761332031003,21382620553
1761332032003,21517651091
1761332033004,21652454701
1761332034004,21787044810
1761332035003,21921995149
1761332036004,22056783012
1761332037003,22191792859
1761332038004,22326785189
1761332039004,22461459527
1761332040004,22596444228
1761332041004,22731499851
1761332042002,22866163142
1761332043004,23001177750
1761332044004,23136211645
1761332045003,23270825680
1761332046005,23405856828
1761332047003,23540807838
1761332048004,23675530821
1761332049004,23810667254
1761332050004,23945414529
1761332051004,24080110962
1761332052005,24215289021
1761332053003,24350148661
1761332054006,24485053956
1761332055002,24619702476
1761332056003,24754248457
1761332057004,24889530337
1761332058004,25024474694
1761332059003,25159356124
1761332060004,25294071843
1761332061003,25429068019
1761332062004,25564016709
1761332063004,25698816657
1761332064004,25833601773
1761332065003,25968086475
1761332066004,26103416451
1761332067004,26238009490
1761332068004,26373166981
1761332069005,26508064463
1761332070004,26642935944
1761332071005,26777793081
1761332072004,26912465893
1761332073003,27047417635
1761332074004,27182108880
1761332075002,27316965834
1761332076004,27451999363
1761332077004,27587011896
1761332078004,27721590958
1761332079004,27856408728
1761332080004,27991467709
1761332081005,28126216876
1761332082004,28261263161
1761332083004,28395916442
1761332084004,28530994343
1761332085003,28665567973
1761332086004,28800566895
1761332087004,28935485617
1761332088002,29070113507
1761332089004,29205445802
1761332090004,29340299339
1761332091004,29475068891
1761332092004,29610029483
1761332093002,29744833948
1761332094004,29879545456
1761332095002,30014339361
1761332096004,30149450710
1761332097005,30284308031
1761332098005,30419369880
1761332099004,30554117276
1761332100003,30689027820
1761332101003,30823793100
1761332102004,30958634307
1761332103004,31093704396
1761332104004,31228625071
1761332105003,31363395539
1761332106002,31498354605
1761332107003,31633495128
1761332108004,31767956637
1761332109004,31903253227
1761332110004,32038031812
1761332111002,32172790745
1761332112004,32307832086
1761332113004,32442746169
1761332114004,32577425451
1761332115002,32712090695
1761332116002,32847245744
1761332117003,32982035194
1761332118004,33117098630
1761332119005,33252051898
1761332120003,33386812356
1761332121002,33521342896
1761332122004,33656669576
1761332123004,33791479411
1761332124004,33926236329
1761332125002,34060830101
1761332126002,34196096051
1761332127004,34330476994
1761332128004,34465672082
1761332129004,34599946946
1761332130004,34735155645
1761332131004,34869898892
1761332132004,35004910936
1761332133004,35139732612
1761332134002,35274503386
1761332135002,35409066945
1761332136002,35543977732
1761332137004,35677972384
1761332138002,35813242973
1761332139003,35947076005
1761332140004,36082468541
1761332141003,36216428648
1761332142004,36349258691
1761332143004,36482221485
1761332144005,36614356950
1761332145002,36746220565
1761332146002,36874067162
1761332147003,37006749439
1761332148004,37136740439
1761332149005,37268304495
1761332150002,37399632039
1761332151003,37536630956
1761332152004,37671425167
1761332153004,37806526445
1761332154004,37941259681
1761332155002,38076179319
1761332156002,38211103351
1761332157004,38346016824
1761332158004,38480806396
1761332159005,38615965412
1761332160004,38750554240
1761332161004,38885445985
1761332162003,39020492453
1761332163005,39155414166
1761332164004,39290190615
1761332165003,39425018822
1761332166004,39559839827
1761332167003,39694809452
1761332168003,39829583460
1761332169004,39964402939
1761332170004,40099491888
1761332171003,40234234890
1761332172005,40369047961
1761332173004,40503910530
1761332174004,40639007353
1761332175002,40773654103
1761332176003,40908621408
1761332177004,41043712859
1761332178005,41178604848
1761332179003,41313380138
1761332180003,41445930702
1761332181004,41579384889
1761332182004,41715093709
1761332183003,41849890910
1761332184004,41983236150
1761332185002,42117068754
1761332186004,42251929310
1761332187005,42386267040
1761332188005,42520185215
1761332189004,42651583926
1761332190004,42781247169
1761332191004,42913641910
1761332192004,43046314605
1761332193005,43178922603
1761332194004,43312061178
1761332195003,43446263716
1761332196004,43581720522
1761332197004,43715160061
1761332198004,43847431634
1761332199003,43979216026
1761332200004,44110913198
1761332201004,44245835521
1761332202004,44379843418
1761332203004,44513453550
1761332204004,44646559715
1761332205002,44779097157
1761332206004,44909838033
1761332207004,45040220695
1761332208004,45170161341
1761332209003,45302007805
1761332210003,45434474629
1761332211003,45569291850
1761332212005,45702930607
1761332213004,45837624171
1761332214005,45970489615
1761332215003,46104835584
1761332216004,46238841650
1761332217005,46371301638
1761332218004,46503649871
1761332219004,46636116023
1761332220004,46771653091
1761332221003,46906543981
1761332222004,47041465694
1761332223005,47176400224
1761332224004,47311155921
1761332225002,47445803343
1761332226002,47581078204
1761332227005,47715461588
1761332228004,47848860172
1761332229004,47982466520
1761332230004,48117371814
1761332231003,48252372872
1761332232004,48386046846
1761332233004,48520822197
1761332234005,48654933792
1761332235002,48790110753
1761332236002,48925081050
1761332237004,49059812638
1761332238003,49193423136
1761332239004,49324054943
1761332240004,49454566816
1761332241005,49584519669
1761332242004,49716267867
1761332243005,49844892477
1761332244004,49972010865
1761332245003,50100350502
1761332246004,50230051464
1761332247004,50359951217
1761332248005,50487727684
1761332249004,50616962095
1761332250004,50746643159
1761332251005,50875792853
1761332252004,51004987835
1761332253005,51134177018
1761332254005,51263268729
1761332255003,51394656637
1761332256004,51525458731
1761332257005,51659340957
1761332258005,51791176496
1761332259006,51925666325
1761332260005,52058285431
1761332261004,52190828183
1761332262004,52320698334
1761332263005,52450110539
1761332264004,52578927409
1761332265003,52707501054
1761332266004,52838426622
1761332267003,52974399297
1761332268004,53107283722
1761332269004,53238535522
1761332270005,53369659332
1761332271004,53499985110
1761332272005,53631239351
1761332273005,53759108958
1761332274003,53886197744
1761332275003,54014015837
1761332276004,54141277474
1761332277006,54266568230
1761332278004,54389989911
1761332279006,54512755527
1761332280005,54636151146
1761332281004,54761829780
1761332282005,54888464099
1761332283006,55014364472
1761332284005,55140785719
1761332285002,55265896299
1761332286004,55391863506
1761332287005,55518285179
1761332288006,55644044196
1761332289004,55768499932
1761332290006,55893326700
1761332291004,56018674462
1761332292004,56144654242
1761332293003,56270240286
1761332294006,56394268899
1761332295004,56519142603
1761332296003,56644218027
1761332297004,56768646603
1761332298004,56894656351
1761332299004,57018940945
1761332300004,57142482865
1761332301004,57266422672
1761332302005,57392069994
1761332303003,57516073644
1761332304005,57638093657
1761332305004,57763928967
1761332306003,57891784291
1761332307005,58017368442
1761332308003,58142602924
1761332309004,58265205149
1761332310005,58389123472
1761332311004,58513692428
1761332312004,58639508451
1761332313006,58767679876
1761332314005,58893132741
1761332315003,59019450594
1761332316003,59145345169
1761332317006,59266951181
1761332318005,59387407843
1761332319004,59511704766
1761332320005,59638905124
1761332321005,59763705769
1761332322005,59889576174
1761332323005,60015915755
1761332324005,60140562531
1761332325002,60264952593
1761332326004,60389794010
1761332327004,60515278185
1761332328006,60641329315
1761332329003,60768011364
1761332330004,60892579466
1761332331005,61018006391
1761332332003,61144526758
1761332333004,61271935489
1761332334003,61398294724
1761332335002,61524052275
1761332336003,61650432140
1761332337005,61776744988
1761332338005,61900843547
1761332339005,62025622464
1761332340002,62152577583
1761332341003,62282657206
1761332342004,62415305060
1761332343005,62548953399
1761332344004,62682492181
1761332345003,62816185381
1761332346004,62950729531
1761332347005,63083410588
1761332348005,63216794341
1761332349002,63350321831
1761332350004,63482649129
1761332351005,63617250408
1761332352004,63750178840
1761332353005,63884290130
1761332354003,64017560174
1761332355002,64152344802
1761332356004,64286457191
1761332357004,64420014771
1761332358004,64552864163
1761332359004,64686557302
1761332360004,64819418412
1761332361004,64953535134
1761332362004,65088841917
1761332363004,65221795373
1761332364005,65354537709
1761332365003,65489584421
1761332366004,65624825591
1761332367004,65759567372
1761332368007,65894877939
1761332369004,66029332063
1761332370004,66163271234
1761332371005,66294035059
1761332372004,66425184199
1761332373003,66554597869
1761332374004,66684536745
1761332375003,66813272316
1761332376004,66942904248
1761332377006,67071732714
1761332378004,67201194419
1761332379005,67328355043
1761332380004,67457710730
1761332381006,67588922125
1761332382005,67720851292
1761332383006,67852465274
1761332384004,67982791600
1761332385003,68112534066
1761332386004,68242240155
1761332387004,68373514050
1761332388005,68503612105
1761332389004,68635129469
1761332390003,68766557538
1761332391005,68899599922
1761332392003,69032984407
1761332393005,69164412233
1761332394005,69295389131
1761332395003,69425386174
1761332396004,69557471346
1761332397006,69692008599
1761332398005,69821281034
1761332399006,69948100778
1761332400005,70074765554
1761332401005,70198615212
1761332402005,70323433191
1761332403004,70448348033
1761332404005,70573659235
1761332405002,70698841593
1761332406004,70824795921
1761332407005,70949926277
1761332408004,71076434376
1761332409005,71201778294
1761332410004,71328334977
1761332411004,71454828549
1761332412006,71581592995
1761332413004,71707727133
1761332414004,71832627875
1761332415003,71956812189
1761332416004,72082788062
1761332417004,72208694783
1761332418005,72333972051
1761332419004,72459973071
1761332420005,72585319063
1761332421005,72710242022
1761332422006,72835325931
1761332423005,72960926867
1761332424005,73087954923
1761332425002,73213282788
1761332426004,73339987297
1761332427005,73466443700
1761332428004,73592747026
1761332429005,73717355716
1761332430005,73842496753
1761332431003,73970381558
1761332432002,74097828924
1761332433002,74224886155
1761332434005,74352600672
1761332435004,74478912971
1761332436002,74603000361
1761332437004,74726900251
1761332438006,74849262059
1761332439004,74973765097
1761332440005,75098873847
1761332441004,75224531912
1761332442006,75351295747
1761332443004,75478587108
1761332444005,75603610836
1761332445003,75728179609
1761332446004,75854711390
1761332447006,75982309574
1761332448005,76108956832
1761332449006,76235003507
1761332450004,76361957405
1761332451006,76488664356
1761332452004,76614298129
1761332453005,76740857497
1761332454004,76865008120
1761332455002,76990343614
1761332456004,77119670493
1761332457004,77250189751
1761332458004,77380808191
1761332459004,77511846368
1761332460004,77640708343
1761332461004,77768523141
1761332462004,77897893049
1761332463004,78026376057
1761332464003,78155366328
1761332465002,78284448883
1761332466002,78412245919
1761332467004,78539097218
1761332468006,78667997645
1761332469005,78795412113
1761332470005,78923754436
1761332471003,79052626543
1761332472002,79183533312
1761332473004,79314010456
1761332474003,79442481502
1761332475003,79567181805
1761332476002,79693756676
1761332477002,79822599181
1761332478004,79949804727
1761332479005,80078191605
1761332480005,80205570918
1761332481003,80336926233
1761332482005,80467687068
1761332483004,80600499350
1761332484004,80733732835
1761332485003,80864788896
1761332486002,80994331899
1761332487004,81122730923
1761332488005,81251165409
1761332489006,81377388902
1761332490005,81503966031
1761332491005,81630996956
1761332492005,81760826458
1761332493003,81889525042
1761332494004,82017634089
1761332495003,82148668849
1761332496004,82277536378
1761332497006,82404154279
1761332498005,82529296720
1761332499006,82653969862
1761332500004,82779998837
1761332501005,82904788678
1761332502006,83025037150
1761332503005,83143585674
1761332504006,83260121692
1761332505003,83371439278
1761332506004,83478721169
1761332507004,83582713701
1761332508004,83686677485
1761332509005,83786176314
1761332510005,83878922293
1761332511004,83975135731
1761332512005,84069636404
1761332513004,84164075677
1761332514006,84257497129
1761332515003,84351010867
1761332516004,84443017284
1761332517004,84535488056
1761332518004,84627281217
1761332519006,84718040079
1761332520005,84808828054
1761332521004,84900541687
1761332522006,84992255685
1761332523003,85084152118
1761332524004,85175501554
1761332525003,85267504187
1761332526004,85359757857
1761332527006,85452186454
1761332528002,85543751039
1761332529004,85635442698
1761332530003,85727146504
1761332531006,85817330539
1761332532005,85908875104
1761332533003,86000523490
1761332534004,86091612185
1761332535003,86183651866
1761332536004,86276175677
1761332537005,86369058008
1761332538005,86460723179
1761332539005,86553015606
1761332540004,86644787832
1761332541003,86736765258
1761332542005,86829096381
1761332543004,86920822465
1761332544005,87013055017
1761332545002,87105212190
1761332546004,87197765542
1761332547004,87288341360
1761332548004,87379540895
1761332549005,87470740796
1761332550005,87561925254
1761332551003,87653494966
1761332552004,87745479045
1761332553004,87837317189
1761332554006,87927313479
1761332555003,88018141921
1761332556003,88110222679
1761332557005,88202888396
1761332558005,88294438150
1761332559005,88386369677
1761332560005,88478035031
1761332561003,88569788946
1761332562005,88661986098
1761332563005,88753675438
1761332564005,88845133761
1761332565004,88936829327
1761332566002,89028694083
1761332567004,89121846676
1761332568005,89214034245
1761332569005,89306201429
1761332570005,89401030959
1761332571005,89495432695
1761332572005,89591485305
1761332573006,89686635208
1761332574005,89781768265
1761332575003,89877783095
1761332576005,89971690509
1761332577005,90065692893
1761332578005,90158207243
1761332579005,90251342259
1761332580005,90344484415
1761332581005,90437067918
1761332582005,90530777640
1761332583006,90623886105
1761332584004,90716603336
1761332585004,90810905340
1761332586005,90903745496
1761332587005,90994586084
1761332588004,91082156721
1761332589006,91169088383
1761332590005,91256712610
1761332591006,91340521599
1761332592006,91427429092
1761332593006,91513737220
1761332594005,91600286376
1761332595003,91684639737
1761332596005,91771452076
1761332597006,91856874525
1761332598006,91941653300
1761332599004,92028225710
1761332600005,92114505519
1761332601005,92201023181
1761332602006,92288290169
1761332603004,92374731354
1761332604004,92461316399
1761332605003,92547993545
1761332606004,92634922888
1761332607006,92721024047
1761332608005,92806335169
1761332609005,92892874254
1761332610005,92979377145
1761332611005,93066220184
1761332612004,93153785756
1761332613003,93241069224
1761332614004,93327952364
1761332615003,93414993584
1761332616005,93502051710
1761332617005,93590197969
1761332618006,93676994866
1761332619005,93763780716
1761332620004,93850534949
1761332621006,93937299192
1761332622004,94024564045
1761332623004,94111535929
1761332624004,94198830444
1761332625003,94285627280
1761332626005,94372510664
1761332627006,94460425966
1761332628004,94546967370
1761332629006,94633648484
1761332630004,94720328316
1761332631006,94807409575
1761332632005,94894663196
1761332633005,94983368902
1761332634005,95070081937
1761332635003,95157204700
1761332636004,95244268197
1761332637006,95332070280
1761332638004,95419357349
1761332639004,95505779918
1761332640004,95592346835
1761332641006,95679304498
1761332642006,95766653762
1761332643003,95853360632
1761332644005,95940297238
1761332645004,96027465106
1761332646004,96114578286
1761332647006,96202501523
1761332648005,96289168049
1761332649006,96376114421
1761332650004,96462905398
1761332651004,96549430567
1761332652006,96637004256
1761332653006,96724042669
1761332654004,96811462977
1761332655004,96898579087
1761332656005,96985719001
1761332657004,97073745326
1761332658006,97160566575
1761332659005,97247237069
1761332660004,97333999725
1761332661004,97420797416
1761332662006,97508684337
1761332663006,97595734346
1761332664004,97682336053
1761332665003,97769691359
1761332666005,97856841160
1761332667006,97945183402
1761332668004,98032780163
1761332669006,98119435153
1761332670005,98206228022
1761332671006,98293283036
1761332672003,98381000036
1761332673006,98468174739
1761332674005,98555857498
1761332675005,98643998386
1761332676004,98734874435
1761332677005,98826469232
1761332678004,98917092779
1761332679005,99007429340
1761332680005,99098172455
1761332681006,99187902694
1761332682004,99276937866
1761332683004,99364790608
1761332684005,99455250459
1761332685003,99546923931
1761332686005,99635894955
1761332687005,99723018451
1761332688006,99809108562
1761332689005,99899318903
1761332690005,99990015265
1761332691004,100077593104
1761332692004,100161109797
1761332693004,100243648526
1761332694006,100324513371
1761332695004,100393756113
1761332696005,100475415816
1761332697003,100557711077
1761332698005,100639551505
1761332699004,100720820034
1761332700004,100801899600
1761332701006,100882822366
1761332702004,100964104934
1761332703005,101045380910
1761332704004,101126876124
1761332705004,101208177246
1761332706004,101289473181
1761332707005,101371462107
1761332708004,101452214463
1761332709006,101533224693
1761332710004,101613846618
1761332711004,101694935949
1761332712005,101776325572
1761332713005,101857639390
1761332714005,101939405233
1761332715003,102020607906
1761332716004,102101884614
1761332717006,102183797490
1761332718004,102264781902
1761332719005,102346037920
1761332720004,102427113457
1761332721004,102508259245
1761332722005,102590037722
1761332723006,102672333654
1761332724005,102754245066
1761332725003,102836404584
1761332726005,102918761185
1761332727006,103001653246
1761332728006,103084408466
1761332729005,103166604728
1761332730006,103248629908
1761332731004,103330350524
1761332732005,103412391696
1761332733005,103494221992
1761332734004,103576725321
1761332735004,103658894971
1761332736005,103741200974
1761332737005,103824015765
1761332738005,103905938223
1761332739006,103987598842
1761332740004,104069360595
1761332741004,104151190708
1761332742005,104232930489
1761332743006,104314999310
1761332744006,104397610060
1761332745003,104479824083
1761332746004,104562202656
1761332747006,104639468084
1761332748006,104683980116
1761332749007,104732414440
1761332750006,104778796035
1761332751004,104829813666
1761332752005,104889587377
1761332753006,104939617096
1761332754007,104988435879
1761332755005,105037175012
1761332756005,105086363363
1761332757006,105135365435
1761332758004,105184414687
1761332759004,105263469843
1761332760005,105326367876
1761332761007,105375431043
1761332762006,105444965045
1761332763006,105496886604
1761332764006,105576200488
1761332765002,105664323187
1761332766003,105754968097
1761332767005,105845454498
1761332768005,105903644657
1761332769005,105953686216
1761332770006,106006263474
1761332771005,106052986621
1761332772006,106100576099
1761332773006,106142398990
1761332774006,106192323728
1761332775005,106238766846
1761332776005,106282298107
1761332777006,106324133632
1761332778006,106365256268
1761332779006,106418346525
1761332780005,106470692339
1761332781006,106527027399
1761332782004,106609633877
1761332783004,106696310352
1761332784005,106783978646
1761332785003,106871726956
1761332786002,106959361437
1761332787003,107047811406
1761332788002,107135431726
1761332789003,107223169111
1761332790004,107310724124
1761332791005,107395646636
1761332792005,107481159661
1761332793005,107568225112
1761332794003,107655361242
1761332795003,107743477044
1761332796005,107830385818
1761332797006,107918040684
1761332798004,108005055842
1761332799006,108092366532
1761332800006,108179822119
1761332801005,108267159236
1761332802005,108355951367
1761332803006,108446031703
1761332804005,108537306006
1761332805004,108631069071
1761332806005,108720847955
1761332807003,108804927391
1761332808005,108887646845
1761332809003,108969899320
1761332810005,109051916138
1761332811005,109132542214
1761332812005,109213406142
1761332813002,109295154774
1761332814004,109378075704
1761332815003,109459806879
1761332816005,109540956634
1761332817005,109622263372
1761332818005,109703000592
1761332819005,109784866777
1761332820005,109866269583
1761332821005,109947231962
1761332822004,110027815007
1761332823003,110108248883
1761332824004,110189038227
1761332825003,110271295280
1761332826004,110352262114
1761332827005,110433727115
1761332828005,110514249736
1761332829004,110594796161
1761332830004,110676084405
1761332831006,110756838715
1761332832004,110812915964
1761332833006,110875350191
1761332834003,110955938425
1761332835004,111037617110
1761332836005,111118617879
1761332837005,111200251764
1761332838006,111280774263
1761332839004,111361311044
1761332840004,111442654525
1761332841004,111523309470
1761332842006,111604374448
1761332843003,111684908482
1761332844006,111765546643
1761332845004,111847322617
1761332846004,111928188926
1761332847004,112009644773
1761332848005,112090637729
1761332849005,112172001657
1761332850006,112253574446
1761332851005,112334121176
1761332852003,112414875669
1761332853004,112495528783
1761332854006,112576291149
1761332855004,112637825415
1761332856005,112709052467
1761332857005,112790280347
1761332858005,112870986379
1761332859004,112951326566
1761332860004,113032670901
1761332861006,113113429300
1761332862005,113194213823
1761332863005,113275056999
1761332864004,113355938323
1761332865003,113437467472
1761332866006,113518694803
1761332867005,113600235732
1761332868005,113680841422
1761332869005,113761336516
1761332870006,113842625737
1761332871004,113923174603
1761332872005,114003945392
1761332873006,114084514156
1761332874005,114165217196
1761332875003,114246877693
1761332876005,114327824995
1761332877003,114409177387
1761332878005,114489908687
1761332879005,114571147615
1761332880006,114652685248
1761332881005,114733260664
1761332882006,114814268696
1761332883006,114894893124
1761332884006,114975336399
1761332885002,115057553474
1761332886005,115138459517
1761332887003,115219879596
1761332888006,115300839289
1761332889005,115381295809
1761332890004,115462582283
1761332891004,115543264450
1761332892005,115624127829
1761332893004,115704989744
1761332894006,115785860325
1761332895003,115867445505
1761332896006,115948872786
1761332897005,116030273274
1761332898005,116110692562
1761332899006,116191588901
1761332900005,116272840219
1761332901006,116353573105
1761332902006,116434607078
1761332903004,116515132628
1761332904005,116595765539
1761332905004,116677434520
1761332906005,116758512071
1761332907005,116840200705
1761332908005,116920963315
1761332909003,117002420199
1761332910005,117084010627
1761332911005,117164695724
1761332912004,117245855306
1761332913006,117326656979
1761332914004,117407102024
1761332915003,117489678290
1761332916005,117570609540
1761332917005,117652317400
1761332918005,117733126092
1761332919004,117813583162
1761332920005,117895046210
1761332921005,117976415936
1761332922004,118057735063
1761332923005,118138713311
1761332924004,118219645721
1761332925003,118301600955
1761332926005,118382704629
1761332927006,118464229079
1761332928004,118544734976
1761332929005,118625578702
1761332930004,118706832767
1761332931006,118787835245
1761332932004,118868833451
1761332933005,118949671501
1761332934005,119030353606
1761332935003,119111414190
1761332936005,119192729838
1761332937005,119274403274
1761332938005,119355330374
1761332939005,119437145473
1761332940003,119518200380
1761332941005,119599253212
1761332942004,119680306593
1761332943004,119761050527
1761332944006,119841744412
1761332945003,119923697022
1761332946005,120004835548
1761332947005,120086345227
1761332948006,120167403796
1761332949005,120248030543
1761332950003,120328956178
1761332951004,120409917396
1761332952006,120490727431
1761332953004,120571714223
1761332954005,120652595303
1761332955004,120733848513
1761332956004,120815446143
1761332957006,120897307689
1761332958005,120977954760
1761332959005,121058685877
1761332960004,121139389101
1761332961004,121220758155
1761332962006,121302036694
1761332963004,121382771473
1761332964004,121463478847
1761332965003,121544745912
1761332966004,121626745946
1761332967003,121708319895
1761332968006,121789607224
1761332969004,121870787741
1761332970006,121952499202
1761332971005,122034080536
1761332972005,122115384222
1761332973004,122196215924
1761332974004,122277146320
1761332975003,122358808525
1761332976004,122440885708
1761332977004,122522816589
1761332978006,122603963415
1761332979005,122684791394
1761332980005,122765882984
1761332981005,122847509484
1761332982005,122929075010
1761332983004,123011170442
1761332984005,123096214535
1761332985003,123180437464
1761332986005,123266043874
1761332987006,123351045670
1761332988004,123435516523
1761332989004,123520778390
1761332990005,123603032513
1761332991004,123686075269
1761332992006,123768644699
1761332993005,123853449841
1761332994006,123937768900
1761332995004,124020429821
1761332996004,124103473798
1761332997005,124187654674
1761332998005,124273575596
1761332999004,124356271490
1761333000004,124425841442
1761333001004,124470901141
1761333002006,124519333512
1761333003006,124568791149
1761333004006,124614021563
1761333005004,124660382528
1761333006006,124712124278
1761333007006,124758691298
1761333008006,124800954739
1761333009007,124841352219
1761333010007,124882188235
1761333011006,124922948079
1761333012007,124964627721
1761333013006,125005992789
1761333014007,125049129702
1761333015004,125094165781
1761333016006,125136261254
1761333017005,125178546363
1761333018006,125218618160
1761333019006,125260446361
1761333020006,125301134916
1761333021006,125341435411
1761333022006,125383660340
1761333023007,125425127336
1761333024006,125464998877
1761333025005,125507707996
1761333026007,125548967229
1761333027006,125590822346
1761333028006,125632429967
1761333029006,125674862475
1761333030006,125719757929
1761333031006,125761203258
1761333032006,125804269248
1761333033006,125845451699
1761333034006,125886276790
1761333035006,125927249097
1761333036006,125970248865
1761333037007,126011791361
1761333038006,126052381284
1761333039006,126092661271
1761333040007,126133449558
1761333041006,126173392815
1761333042006,126215567573
1761333043007,126257003319
1761333044007,126299014991
1761333045005,126342705065
1761333046006,126385306579
1761333047007,126428344494
1761333048006,126468209870
1761333049006,126508384633
1761333050006,126549898443
1761333051007,126590844566
1761333052006,126632341958
1761333053007,126673555109
1761333054006,126716775152
1761333055006,126758551901
1761333056005,126800051672
1761333057005,126842514149
1761333058006,126883180305
1761333059007,126925026267
1761333060007,126969336883
1761333061006,127010302111
1761333062006,127052236207
1761333063006,127093465899
1761333064006,127134705357
1761333065006,127176788135
1761333066006,127219764343
1761333067006,127262125074
1761333068006,127303747587
1761333069006,127343781237
1761333070007,127384976017
1761333071006,127425016991
1761333072005,127467404395
1761333073005,127508798698
1761333074007,127550322945
1761333075004,127591755212
1761333076006,127633334451
1761333077007,127674921442
1761333078006,127714879531
1761333079006,127755221468
1761333080006,127796543628
1761333081006,127836437874
1761333082007,127878847617
1761333083007,127919870278
1761333084006,127960627437
1761333085005,128002124889
1761333086007,128044803979
1761333087007,128086283975
1761333088006,128127383846
1761333089006,128168504956
1761333090005,128213672809
1761333091006,128259408471
1761333092006,128301574745
1761333093006,128342529169
1761333094005,128383580761
1761333095005,128423767608
1761333096006,128466035017
1761333097006,128507258239
1761333098005,128548969070
1761333099006,128589491610
1761333100005,128629626884
1761333101006,128670342600
1761333102006,128711867823
1761333103007,128753621134
1761333104007,128795314753
1761333105005,128840083193
1761333106006,128882308060
1761333107006,128924620879
1761333108006,128965683091
1761333109006,129006026250
1761333110006,129046949118
1761333111006,129087387553
1761333112007,129128835383
1761333113006,129169787183
1761333114006,129210321930
1761333115005,129251190783
1761333116006,129292993471
1761333117007,129335604935
1761333118006,129376408480
1761333119006,129418436510
1761333120006,129463093927
1761333121006,129506451543
1761333122006,129548184224
1761333123007,129588527200
1761333124006,129629685542
1761333125004,129670820568
1761333126005,129713810876
1761333127006,129755189066
1761333128007,129796061520
1761333129006,129836337784
1761333130006,129876826816
1761333131007,129917257743
1761333132005,129958911139
1761333133006,130000253746
1761333134007,130042479346
1761333135005,130087320906
1761333136004,130129217222
1761333137006,130171010267
1761333138006,130211178133
1761333139006,130251427480
1761333140007,130291959176
1761333141006,130331756681
1761333142006,130373663557
1761333143006,130414536072
1761333144006,130455667436
1761333145005,130497007418
1761333146006,130538915331
1761333147006,130580700258
1761333148007,130622026141
1761333149006,130663712680
1761333150004,130708452128
1761333151006,130751640494
1761333152007,130793316352
1761333153007,130834706077
1761333154007,130875406779
1761333155004,130916950313
1761333156004,130959477303
1761333157005,131003173114
1761333158005,131044312902
1761333159006,131084528497
1761333160006,131124770642
1761333161006,131164445346
1761333162006,131205950916
1761333163007,131247954287
1761333164006,131289645403
1761333165004,131333915066
1761333166006,131375144879
1761333167006,131417995783
1761333168007,131459208812
1761333169006,131499357940
1761333170005,131540154528
1761333171007,131579664131
1761333172007,131621381065
1761333173005,131662914223
1761333174006,131703727717
1761333175006,131744778516
1761333176006,131786337064
1761333177007,131827621199
1761333178006,131868759522
1761333179006,131911368421
1761333180006,131954729272
1761333181006,131996364053
1761333182006,132037764338
1761333183006,132079266978
1761333184006,132119830473
1761333185006,132162215252
1761333186005,132202914550
1761333187006,132245504407
1761333188006,132286777800
1761333189006,132326879809
1761333190006,132367168158
1761333191006,132406620266
1761333192007,132447798383
1761333193007,132490003170
1761333194006,132531482862
1761333195006,132575832907
1761333196006,132622171594
1761333197005,132664963538
1761333198007,132706698661
1761333199006,132747176767
1761333200007,132788235927
1761333201006,132829779217
1761333202006,132871778865
1761333203006,132913377026
1761333204006,132953852996
1761333205005,132995643172
1761333206006,133037197876
1761333207005,133079512159
1761333208007,133120811919
1761333209006,133162840376
1761333210007,133206894096
1761333211007,133248441842
1761333212007,133290781150
1761333213006,133332523291
1761333214006,133373087885
1761333215004,133413939160
1761333216006,133455875820
1761333217006,133498894753
1761333218006,133541379995
1761333219006,133581855844
1761333220006,133622282926
1761333221006,133662187548
1761333222006,133703779177
1761333223007,133746223892
1761333224006,133788207000
1761333225004,133832477578
1761333226007,133875310354
1761333227006,133917089788
1761333228006,133958556174
1761333229006,133999592446
1761333230006,134040397029
1761333231005,134083089851
1761333232006,134127271379
1761333233006,134169750823
1761333234006,134215033727
1761333235005,134260976237
1761333236005,134308670207
1761333237005,134357553077
1761333238006,134406473728
1761333239006,134456006316
1761333240006,134503940886
1761333241007,134552029630
1761333242006,134599837613
1761333243006,134647358426
1761333244007,134696010096
1761333245005,134743642054
1761333246006,134792146691
1761333247006,134841387654
1761333248006,134890451615
1761333249006,134938203263
1761333250005,134985576921
1761333251006,135033144609
1761333252006,135080903032
1761333253004,135129608840
1761333254007,135177666944
1761333255004,135226888071
1761333256005,135275891241
1761333257005,135324624759
1761333258006,135373095460
1761333259007,135422036741
1761333260005,135470255368
1761333261006,135518591242
1761333262007,135566454218
1761333263006,135614404169
1761333264007,135662823600
1761333265004,135710819998
1761333266006,135759707996
1761333267006,135807928514
1761333268006,135855880113
1761333269006,135903600755
1761333270007,135952092574
1761333271006,136000887981
1761333272006,136050560828
1761333273006,136098593237
1761333274006,136147214694
1761333275005,136190657515
1761333276006,136233281246
1761333277006,136276362740
1761333278006,136317271876
1761333279007,136357669783
1761333280006,136398571228
1761333281006,136439295001
1761333282006,136480681187
1761333283006,136522736926
1761333284006,136565542298
1761333285004,136609204417
1761333286005,136652281455
1761333287006,136694901219
1761333288006,136736064566
1761333289006,136776557138
1761333290007,136818287378
1761333291006,136858935712
1761333292006,136908365272
1761333293006,136950922781
1761333294005,136996074887
1761333295005,137041643557
1761333296006,137084937818
1761333297006,137129055198
1761333298007,137173248139
1761333299007,137217098247
1761333300004,137264517254
1761333301004,137337727516
1761333302003,137430781477
1761333303003,137554676728
1761333304002,137691955307
1761333305003,137831060054
1761333306003,137966254349
1761333307003,138100669593
1761333308003,138235792905
1761333309003,138370454974
1761333310002,138505324746
1761333311002,138640198363
1761333312003,138775091451
1761333313003,138910087992
1761333314003,139045050537
1761333315003,139179730185
1761333316003,139314660504
1761333317003,139449695681
1761333318002,139584456261
1761333319003,139719304304
1761333320003,139854372745
1761333321002,139988878504
1761333322002,140123881211
1761333323003,140258887213
1761333324003,140393766994
1761333325002,140528507799
1761333326002,140663176888
1761333327002,140798158598
1761333328003,140933389880
1761333329003,141067980356
1761333330002,141202734955
1761333331002,141337770193
1761333332002,141472606274
1761333333004,141607776582
1761333334003,141742727103
1761333335003,141877468091
1761333336002,142012185581
1761333337002,142146845819
1761333338003,142281964004
1761333339003,142417063206
1761333340003,142551794612
1761333341003,142686718888
1761333342003,142821811560
1761333343003,142956727047
1761333344003,143091607866
1761333345002,143226320412
1761333346002,143361333677
1761333347003,143496226825
1761333348002,143631065592
1761333349003,143765912903
1761333350002,143900763754
1761333351002,144035601360
1761333352003,144170385927
1761333353003,144305324791
1761333354002,144440198835
1761333355002,144575069278
1761333356002,144709467067
1761333357002,144844556137
1761333358003,144979531134
1761333359003,145114638881
1761333360003,145249594834
1761333361002,145384447700
1761333362002,145519075224
1761333363003,145654158435
1761333364003,145788960702
1761333365002,145923847625
1761333366002,146058748952
1761333367002,146193506969
1761333368003,146328409761
1761333369003,146463075859
1761333370002,146598226758
1761333371002,146733130954
1761333372002,146868088128
1761333373003,147003041273
1761333374003,147137703038
1761333375003,147272303218
1761333376002,147407226640
1761333377003,147542246009
1761333378004,147676936582
1761333379003,147811907794
1761333380002,147946720376
1761333381002,148081541076
1761333382002,148212155060
1761333383002,148347107840
1761333384004,148473076206
1761333385002,148592679233
1761333386002,148714518887
1761333387003,148845142637
1761333388003,148983345835
1761333389002,149117821199
1761333390003,149252788871
1761333391003,149387628919
1761333392003,149522748263
1761333393003,149657375848
1761333394003,149792518995
1761333395002,149926821203
1761333396002,150062167475
1761333397002,150196807328
1761333398002,150331695228
1761333399002,150465738586
1761333400002,150600932820
1761333401002,150735857706
1761333402003,150869361209
1761333403004,151004404687
1761333404004,151139083908
1761333405002,151272448068
1761333406003,151407907988
1761333407002,151542528248
1761333408003,151677433787
1761333409002,151812445648
1761333410002,151947129324
1761333411003,152082377452
1761333412003,152217025545
1761333413002,152351968742
1761333414002,152486250259
1761333415002,152621274510
1761333416002,152756223628
1761333417002,152891318497
1761333418002,153026299291
1761333419004,153160698544
1761333420004,153295392902
1761333421004,153430324624
1761333422003,153565215514
1761333423003,153700134602
1761333424002,153834947001
1761333425002,153969272280
1761333426002,154104691672
1761333427002,154239518659
1761333428002,154374471926
1761333429002,154509031824
1761333430002,154644288130
1761333431003,154779187321
1761333432003,154913852137
1761333433002,155048931076
1761333434004,155182860848
1761333435002,155318228116
1761333436002,155453139453
1761333437002,155588031136
1761333438003,155722637970
1761333439002,155857633474
1761333440002,155992303844
1761333441003,156127595795
1761333442003,156262059318
1761333443002,156397041822
1761333444002,156531907016
1761333445002,156666800103
1761333446003,156801542739
1761333447002,156936442235
1761333448002,157071099361
1761333449003,157206166337
1761333450003,157341183265
1761333451003,157475600706
1761333452004,157610358052
1761333453003,157745445474
1761333454002,157879606874
1761333455003,158015176839
1761333456003,158150047039
1761333457002,158284677675
1761333458003,158419571617
1761333459002,158554110824
1761333460002,158689205326
1761333461002,158824351282
1761333462002,158959142685
1761333463002,159093375923
1761333464002,159227871123
1761333465003,159363572985
1761333466003,159498548408
1761333467003,159633527494
1761333468002,159767985768
1761333469002,159903086801
1761333470002,160037422700
1761333471003,160172503043
1761333472003,160307375256
1761333473003,160442656343
1761333474002,160577247002
1761333475002,160711939711
1761333476003,160847044102
1761333477003,160981722712
1761333478002,161116507279
1761333479002,161251517798
1761333480003,161386308102
1761333481003,161520787860
1761333482002,161655985573
1761333483003,161790407714
1761333484004,161925655476
1761333485002,162060175640
1761333486003,162195352295
1761333487002,162330336813
1761333488003,162465001019
1761333489002,162599931765
1761333490004,162734396387
1761333491002,162869691939
1761333492002,163003983770
1761333493005,163139247767
1761333494003,163273480517
1761333495002,163408463570
1761333496002,163542785369
1761333497004,163677178153
1761333498003,163812229565
1761333499003,163947041293
1761333500002,164081665277
1761333501002,164216697340
1761333502002,164350811682
1761333503002,164486446223
1761333504002,164620887224
1761333505002,164755666054
1761333506002,164890340513
1761333507003,165025687152
1761333508002,165160678933
1761333509003,165295188110
1761333510002,165429972799
1761333511003,165564638714
1761333512003,165699688478
1761333513002,165834503135
1761333514003,165968684310
1761333515002,166104076969
1761333516003,166238835902
1761333517004,166373756394
1761333518003,166508105659
1761333519002,166643053006
1761333520002,166777187429
1761333521002,166911853161
1761333522004,167046843233
1761333523002,167181507194
1761333524003,167314978532
1761333525003,167448680949
1761333526003,167582251042
1761333527003,167717257349
1761333528003,167851672776
1761333529003,167985008250
1761333530004,168117999731
1761333531003,168253190974
1761333532003,168387238239
1761333533002,168521704447
1761333534002,168655606387
1761333535002,168789282620
1761333536004,168923391285
1761333537002,169058819222
1761333538002,169191612034
1761333539003,169326139644
1761333540003,169453574864
1761333541003,169582680552
1761333542002,169705298158
1761333543002,169826835444
1761333544004,169952279886
1761333545002,170079281331
1761333546002,170209714530
1761333547003,170339716639
1761333548003,170471989249
1761333549003,170603740926
1761333550003,170738144452
1761333551002,170870027720
1761333552004,171002253090
1761333553003,171137252195
1761333554003,171271613484
1761333555002,171406625834
1761333556002,171541612060
1761333557002,171675112207
1761333558003,171808674243
1761333559004,171942289013
1761333560002,172077845185
1761333561003,172211339228
1761333562004,172345578264
1761333563003,172478871685
1761333564003,172609899487
1761333565003,172741250652
1761333566002,172874705388
1761333567003,173009171475
1761333568002,173142507803
1761333569003,173276812208
1761333570003,173406482775
1761333571003,173536685566
1761333572002,173666134820
1761333573002,173798145285
1761333574002,173929523306
1761333575002,174058712794
1761333576002,174185867132
1761333577003,174318947785
1761333578003,174447149361
1761333579003,174576234480
1761333580004,174706060258
1761333581003,174835346792
1761333582004,174965855064
1761333583003,175095343502
1761333584002,175226978908
1761333585002,175360944690
1761333586002,175496322945
1761333587002,175631144682
1761333588003,175766218616
1761333589003,175901099191
1761333590003,176036127349
1761333591003,176170779409
1761333592002,176305613719
1761333593002,176440520051
1761333594002,176575264457
1761333595003,176710209546
1761333596002,176844744114
1761333597002,176978825436
1761333598002,177114652298
1761333599002,177249505651
1761333600002,177384393123
1761333601002,177518799090
1761333602002,177653952004
1761333603003,177788961118
1761333604002,177923418538
1761333605002,178057483197
1761333606002,178192798158
1761333607003,178327380394
1761333608002,178461620529
1761333609002,178596568365
1761333610003,178730061492
1761333611002,178864986684
1761333612002,179000125681
1761333613003,179134613069
1761333614003,179269696524
1761333615002,179404458264
1761333616003,179539112583
1761333617002,179673840082
1761333618002,179809032180
1761333619002,179943573339
1761333620002,180078918635
1761333621002,180213457292
1761333622002,180348372413
1761333623002,180483022825
1761333624003,180618015644
1761333625003,180752640482
1761333626002,180887534607
1761333627002,181021826133
1761333628003,181156797406
1761333629003,181291455936
1761333630004,181426198694
1761333631003,181561209579
1761333632004,181695398811
1761333633003,181830663845
1761333634003,181965752794
1761333635003,182100624153
1761333636002,182235111785
1761333637003,182369319449
1761333638003,182504747752
1761333639003,182638274754
1761333640004,182772970881
1761333641002,182908081497
1761333642003,183042945593
1761333643002,183177317014
1761333644003,183312163165
1761333645002,183446076092
1761333646004,183580143070
1761333647003,183715682152
1761333648003,183850460738
1761333649002,183985155217
1761333650004,184119375882
1761333651003,184253544972
1761333652002,184388264415
1761333653002,184523042207
1761333654003,184656765863
1761333655002,184790840838
1761333656002,184924468791
1761333657002,185059851929
1761333658002,185194457907
1761333659002,185328307052
1761333660003,185461119090
1761333661003,185593910315
1761333662004,185728411069
1761333663002,185862267233
1761333664003,185996286360
1761333665003,186131007268
1761333666003,186263957428
1761333667004,186398287345
1761333668003,186528717370
1761333669004,186660362419
1761333670003,186790680750
1761333671004,186921484675
1761333672003,187053923057
1761333673003,187188909283
1761333674003,187323767520
1761333675002,187456673002
1761333676004,187588464718
1761333677002,187722869403
1761333678003,187856447553
1761333679004,187989618110
1761333680003,188123562775
1761333681003,188257668022
1761333682002,188391605423
1761333683003,188526459814
1761333684002,188659873230
1761333685002,188793772912
1761333686003,188929082807
1761333687002,189064001712
1761333688002,189198538050
1761333689003,189332616259
1761333690002,189467349984
1761333691004,189601561859
1761333692003,189736216910
1761333693002,189871179516
1761333694003,190005404820
1761333695003,190138827208
1761333696003,190270914394
1761333697004,190403031609
1761333698003,190539002392
1761333699003,190671718544
1761333700004,190798742266
1761333701004,190924837036
1761333702004,191051938334
1761333703002,191179272908
1761333704002,191315397743
1761333705002,191451215205
1761333706002,191586041154
1761333707002,191720990943
1761333708002,191855775998
1761333709002,191990257832
1761333710002,192125133158
1761333711002,192260034058
1761333712002,192394878317
1761333713003,192529768291
1761333714003,192664391787
1761333715002,192799120324
1761333716003,192934325117
1761333717003,193068849614
1761333718003,193203724452
1761333719003,193338541429
1761333720003,193473328132
1761333721002,193607921964
1761333722003,193742744862
1761333723003,193877449717
1761333724003,194012212433
1761333725002,194146767753
1761333726003,194281804395
1761333727002,194416800021
1761333728002,194551773125
1761333729003,194686570509
1761333730003,194820759375
1761333731003,194956038569
1761333732003,195087166347
1761333733002,195222884810
1761333734003,195357973515
1761333735002,195492502284
1761333736003,195627433274
1761333737003,195762201728
1761333738003,195897484951
1761333739002,196032086047
1761333740002,196166981636
1761333741002,196302039701
1761333742002,196436994678
1761333743003,196571874887
1761333744003,196706378632
1761333745002,196841265921
1761333746003,196975859326
1761333747003,197111327485
1761333748003,197245957817
1761333749003,197380770765
1761333750003,197515646519
1761333751003,197649981990
1761333752002,197785051103
1761333753002,197919835181
1761333754003,198054589109
1761333755002,198189615008
1761333756002,198324659584
1761333757002,198459478026
1761333758002,198593841146
1761333759002,198728719402
1761333760002,198863338625
1761333761003,198998387352
1761333762002,199133543500
1761333763002,199268321414
1761333764002,199403156030
1761333765002,199538023727
1761333766002,199672948796
1761333767003,199807738429
1761333768003,199942368761
1761333769004,200076100291
1761333770002,200209987644
1761333771002,200344565424
1761333772004,200479512894
1761333773002,200614251501
1761333774002,200748501585
1761333775002,200880766261
1761333776003,201013037773
1761333777003,201144217369
1761333778003,201275918326
1761333779002,201406980063
1761333780002,201543340615
1761333781004,201677519653
1761333782003,201811097620
1761333783003,201942395928
1761333784002,202075681964
1761333785003,202207997055
1761333786003,202342107124
1761333787004,202476020661
1761333788004,202606305362
1761333789002,202737728060
1761333790004,202869571778
1761333791002,203003211328
1761333792003,203136615405
1761333793003,203271751961
1761333794003,203405835847
1761333795002,203539025264
1761333796002,203674737502
1761333797003,203809337072
1761333798003,203943868954
1761333799002,204077893452
1761333800003,204210628952
1761333801002,204342350905
1761333802003,204474251874
1761333803003,204604627761
1761333804002,204732847952
1761333805003,204863684715
1761333806002,204995927845
1761333807003,205129554212
1761333808004,205263326514
1761333809002,205389482563
1761333810004,205512059031
1761333811003,205636293699
1761333812005,205759227954
1761333813004,205884020481
1761333814004,206009721942
1761333815002,206130730909
1761333816004,206251868112
1761333817004,206373515871
1761333818006,206492209598
1761333819004,206608535350
1761333820004,206724614765
1761333821002,206840829250
1761333822003,206958161897
1761333823004,207074840431
1761333824005,207190254747
1761333825002,207307966116
1761333826002,207428290210
1761333827004,207550640910
1761333828003,207674710477
1761333829004,207799010391
1761333830003,207923614015
1761333831004,208049431015
1761333832002,208176738245
1761333833002,208299969680
1761333834004,208425854428
1761333835002,208551070905
1761333836003,208680346087
1761333837003,208811531786
1761333838003,208942779436
1761333839002,209070245601
1761333840002,209198548923
1761333841004,209328173347
1761333842002,209459151283
1761333843004,209585878864
1761333844003,209712031006
1761333845002,209838788922
1761333846004,209972294744
1761333847003,210102387856
1761333848004,210227963585
1761333849003,210354404057
1761333850003,210486844208
1761333851003,210623694932
1761333852005,210758716742
1761333853002,210893256803
1761333854003,211026630302
1761333855002,211160983352
1761333856002,211295203223
1761333857002,211429581724
1761333858004,211564498676
1761333859002,211698370526
1761333860003,211830548532
1761333861003,211963339940
1761333862003,212096383728
1761333863003,212227895476
1761333864002,212358472596
1761333865002,212491845118
1761333866003,212624975454
1761333867002,212757043109
1761333868003,212888518846
1761333869002,213018480916
1761333870003,213147539729
1761333871003,213276383088
1761333872002,213404965583
1761333873003,213536350806
1761333874003,213667560736
1761333875003,213800339815
1761333876002,213933837764
1761333877002,214065349391
1761333878004,214198441884
1761333879003,214331280351
1761333880003,214463054916
1761333881002,214594663954
1761333882003,214725744978
1761333883003,214860124028
1761333884003,214992715913
1761333885003,215126961480
1761333886002,215261263321
1761333887004,215396140356
1761333888002,215530872616
1761333889002,215665706988
1761333890004,215799255291
1761333891004,215931286020
1761333892004,216062120158
1761333893002,216193335886
1761333894002,216327512850
1761333895002,216458244144
1761333896002,216587923560
1761333897003,216714081624
1761333898003,216839874759
1761333899003,216971059359
1761333900002,217102626772
1761333901003,217240583511
1761333902004,217375280553
1761333903003,217508440247
1761333904003,217643989949
1761333905003,217772945551
1761333906002,217901702912
1761333907003,218039492720
1761333908003,218174743717
1761333909002,218309371912
1761333910003,218444106492
1761333911003,218579248907
1761333912002,218713787869
1761333913003,218848708788
1761333914003,218983865059
1761333915003,219118336455
1761333916003,219253646289
1761333917003,219388210764
1761333918003,219523074249
1761333919003,219658331105
1761333920002,219793008373
1761333921003,219928124543
1761333922002,220062348321
1761333923002,220197407972
1761333924003,220332536655
1761333925003,220467367364
1761333926004,220602445998
1761333927003,220736980199
1761333928003,220872197993
1761333929003,221006523516
1761333930003,221141244912
1761333931003,221276670651
1761333932003,221411532977
1761333933003,221546302529
1761333934003,221681228026
1761333935002,221815552695
1761333936003,221950750713
1761333937003,222085748475
1761333938003,222220504844
1761333939004,222355263044
1761333940002,222490339297
1761333941003,222625133203
1761333942003,222759509324
1761333943002,222894503424
1761333944003,223029899867
1761333945003,223164563218
1761333946002,223299117256
1761333947002,223434444241
1761333948003,223569470568
1761333949003,223704071237
1761333950003,223839237028
1761333951003,223973633046
1761333952003,224108711192
1761333953002,224243482758
1761333954003,224378496390
1761333955003,224513627636
1761333956003,224648054904
1761333957003,224783344841
1761333958003,224918199537
1761333959003,225052753819
1761333960003,225187670344
1761333961003,225322580826
1761333962003,225457273596
1761333963003,225592657527
1761333964003,225727246965
1761333965003,225861881630
1761333966003,225997002195
1761333967003,226131851093
1761333968003,226266682474
1761333969003,226401631530
1761333970002,226536635946
1761333971003,226671606975
1761333972003,226806153566
1761333973003,226941231101
1761333974003,227075881330
1761333975002,227211003238
1761333976003,227345788659
1761333977003,227480884261
1761333978003,227615507817
1761333979003,227750429103
1761333980003,227885619675
1761333981004,228020287543
1761333982003,228155251370
1761333983003,228290130480
1761333984002,228424803902
1761333985002,228559583892
1761333986003,228694747059
1761333987003,228829664255
1761333988004,228964709808
1761333989003,229099290335
1761333990003,229234295849
1761333991003,229369077974
1761333992003,229504253165
1761333993003,229639147412
1761333994003,229774090731
1761333995003,229908779229
1761333996003,230043785598
1761333997003,230178773961
1761333998003,230313424739
1761333999003,230448276383
1761334000002,230583244422
1761334001002,230718176632
1761334002003,230853189531
1761334003003,230987913369
1761334004003,231122676757
1761334005003,231257881122
1761334006003,231392629435
1761334007003,231527638794
1761334008003,231662460287
1761334009003,231797509868
1761334010003,231932471253
1761334011003,232067415915
1761334012003,232202257428
1761334013003,232337106387
1761334014003,232471870629
1761334015003,232606806197
1761334016003,232741677739
1761334017002,232876527125
1761334018003,233011552597
1761334019003,233146120429
1761334020002,233280797086
1761334021003,233415930651
1761334022003,233551013497
1761334023003,233685886503
1761334024003,233820585011
1761334025003,233955632029
1761334026003,234090354767
1761334027003,234225375540
1761334028003,234360281688
1761334029003,234494984041
1761334030003,234629839958
1761334031003,234764933240
1761334032003,234899710788
1761334033003,235034387018
1761334034003,235169369949
1761334035003,235304351171
1761334036003,235439384029
1761334037003,235574099138
1761334038003,235709073280
1761334039003,235844133664
1761334040002,235978670551
1761334041006,236113681558
1761334042003,236248629271
1761334043003,236383480428
1761334044003,236518394084
1761334045003,236653310852
1761334046003,236788325583
1761334047003,236923222271
1761334048003,237057991152
1761334049003,237192826256
1761334050003,237327952863
1761334051003,237462755680
1761334052002,237597530786
1761334053002,237732626815
1761334054003,237867524724
1761334055002,238002102688
1761334056003,238137277268
1761334057003,238272295294
1761334058006,238406984769
1761334059003,238541880969
1761334060003,238676814522
1761334061003,238811402435
1761334062003,238946390431
1761334063003,239081286937
1761334064003,239216230378
1761334065003,239351055411
1761334066003,239485667554
1761334067002,239620824801
1761334068003,239755873650
1761334069003,239890775831
1761334070002,240025683506
1761334071003,240160232478
1761334072003,240295364761
1761334073003,240430040442
1761334074003,240565139705
1761334075003,240700035905
1761334076003,240834579201
1761334077003,240969679319
1761334078003,241104788104
1761334079003,241239407083
1761334080003,241373841431
1761334081002,241508745200
1761334082003,241643937969
1761334083003,241778597414
1761334084002,241913162377
1761334085003,242048366438
1761334086003,242183362919
1761334087002,242317838649
1761334088002,242453168808
1761334089002,242587814825
1761334090002,242722799831
1761334091003,242857608141
1761334092002,242992531135
1761334093002,243127181242
1761334094003,243262247730
1761334095003,243397372872
1761334096003,243531571686
1761334097003,243667013295
1761334098003,243801531445
1761334099003,243936492464
1761334100003,244071579398
1761334101003,244206474500
1761334102003,244341242038
1761334103003,244476090875
1761334104003,244610974868
1761334105004,244745726110
1761334106005,244881108393
1761334107002,245015493120
1761334108002,245150426856
1761334109003,245285579892
1761334110003,245420214923
1761334111003,245555245339
1761334112003,245689977843
1761334113003,245824666707
1761334114003,245959685283
1761334115003,246094589417
1761334116003,246229761740
1761334117003,246364438031
1761334118003,246499662294
1761334119003,246634470298
1761334120003,246769268720
1761334121003,246904041996
1761334122003,247039104211
1761334123003,247174080916
1761334124003,247309032963
1761334125003,247443898158
1761334126003,247578648850
1761334127003,247713200264
1761334128002,247848340482
1761334129002,247983353930
1761334130003,248118100167
1761334131002,248252856963
1761334132002,248387789967
1761334133003,248522565868
1761334134003,248657719025
1761334135003,248792288383
1761334136003,248927324902
1761334137003,249062238985
1761334138003,249197092095
1761334139004,249331954848
1761334140003,249466847325
1761334141003,249601437495
1761334142003,249736351823
1761334143003,249871287268
1761334144003,250006328793
1761334145002,250141031573
1761334146003,250276191871
1761334147003,250410820982
1761334148003,250545804829
1761334149003,250680775247
1761334150003,250815636352
1761334151003,250950371786
1761334152003,251085455974
1761334153003,251220317811
1761334154003,251355298179
1761334155002,251490004560
1761334156003,251625172610
1761334157003,251759868615
1761334158003,251894699630
1761334159002,252029475286
1761334160002,252164516322
1761334161003,252299488633
1761334162003,252434454840
1761334163003,252569095608
1761334164002,252704233751
1761334165003,252838994026
1761334166003,252973998686
1761334167003,253108835194
1761334168003,253243802377
1761334169003,253378632293
1761334170003,253513526418
1761334171003,253648206249
1761334172003,253783051241
1761334173003,253918205192
1761334174003,254052900160
1761334175003,254187767368
1761334176003,254322733636
1761334177003,254457787673
1761334178003,254592739415
1761334179003,254727677790
1761334180003,254862399186
1761334181003,254997415381
1761334182003,255132314022
1761334183003,255267068255
1761334184003,255402090187
1761334185003,255536998472
1761334186004,255671984027
1761334187003,255806682596
1761334188003,255941258912
1761334189003,256076530477
1761334190003,256211338970
1761334191003,256346304994
1761334192003,256481210044
1761334193003,256615996259
1761334194004,256750647098
1761334195003,256885916467
1761334196003,257020872969
1761334197002,257155435674
1761334198002,257290596522
1761334199002,257425249192
1761334200003,257560277960
1761334201002,257694950955
1761334202003,257830141771
1761334203003,257964971138
1761334204003,258099167877
1761334205003,258234789783
1761334206003,258369733896
1761334207003,258504104341
1761334208003,258639216605
1761334209003,258773924145
1761334210003,258909090059
1761334211003,259044028801
1761334212003,259178935255
1761334213003,259313495091
1761334214003,259448595209
1761334215003,259583208390
1761334216003,259718432042
1761334217003,259853379268
1761334218003,259988173356
1761334219003,260123175330
1761334220003,260257752866
1761334221003,260392735248
1761334222003,260527586343
1761334223003,260662289306
1761334224003,260797364766
1761334225003,260932191142
1761334226003,261066833132
1761334227003,261201687767
1761334228003,261336574140
1761334229003,261471474735
1761334230002,261606636315
1761334231003,261741388350
1761334232003,261876321782
1761334233003,262011208155
1761334234003,2384088
1761334235003,137381850
1761334236003,272736911
1761334237002,407269709
1761334238003,542315872
1761334239003,677168981
1761334240002,811870480
1761334241003,946787554
1761334242003,1081716224
1761334243003,1216881955
1761334244003,1351485126
1761334245003,1486619912
1761334246003,1621240051
1761334247003,1756102926
1761334248003,1891280131
1761334249003,2025909974
1761334250003,2160757652
1761334251003,2295748029
1761334252003,2430511050
1761334253002,2565607384
1761334254002,2700238326
1761334255003,2835364811
1761334256003,2969700588
1761334257003,3104574327
1761334258003,3239863226
1761334259003,3374777249
1761334260003,3509565417
1761334261003,3644354134
1761334262003,3779505339
1761334263003,3914151906
1761334264003,4049047007
1761334265003,4183966034
1761334266003,4318576529
1761334267002,4453525220
1761334268003,4588579256
1761334269002,4723186517
1761334270002,4858301771
1761334271003,4993270603
1761334272003,5127763789
1761334273003,5263031936
1761334274003,5397798498
1761334275003,5532298886
1761334276002,5667548662
1761334277003,5802302895
1761334278003,5937115111
1761334279003,6072322711
1761334280003,6207310952
1761334281003,6342024657
1761334282003,6476979939
1761334283003,6611883220
1761334284003,6746670960
1761334285003,6881269798
1761334286003,7015966963
1761334287003,7151088504
1761334288003,7285983606
1761334289003,7420778854
1761334290002,7555677556
1761334291003,7690788233
1761334292003,7825431504
1761334293002,7960164558
1761334294003,8095436978
1761334295003,8230195666
1761334296003,8364896127
1761334297003,8499935637
1761334298003,8634792042
1761334299003,8769633982
1761334300003,8904530488
1761334301003,9039274894
1761334302003,9174117322
1761334303003,9308831638
1761334304003,9443999077
1761334305003,9578751418
1761334306002,9713462499
1761334307002,9847986874
1761334308003,9983035905
1761334309002,10117760109
1761334310002,10253170101
1761334311003,10387992632
1761334312003,10523035621
1761334313003,10657766966
1761334314002,10792679157
1761334315003,10927686380
1761334316003,11062412720
1761334317003,11197230307
1761334318003,11331563642
1761334319003,11466844668
1761334320003,11601575097
1761334321003,11736160873
1761334322002,11871473271
1761334323003,12006216761
1761334324003,12141077988
1761334325003,12275809638
1761334326003,12410596768
1761334327003,12545836168
1761334328003,12680732002
1761334329003,12815221770
1761334330003,12950465442
1761334331003,13085164133
1761334332002,13219850373
1761334333003,13354937490
1761334334003,13489838268
1761334335003,13624687410
1761334336003,13759248772
1761334337003,13894511793
1761334338003,14029178135
1761334339003,14164097650
1761334340003,14298849625
1761334341003,14434046605
1761334342003,14568785701
1761334343002,14703732744
1761334344002,14838069375
1761334345003,14973117918
1761334346003,15108223590
1761334347002,15242643717
1761334348002,15377840942
1761334349003,15512772726
1761334350003,15647894450
1761334351003,15782376222
1761334352003,15917417991
1761334353003,16052338239
1761334354003,16186921268
1761334355003,16321599818
1761334356003,16456739242
1761334357003,16591520452
1761334358003,16726591823
1761334359003,16861537339
1761334360003,16996516547
1761334361003,17131243863
1761334362003,17266177783
1761334363003,17400971688
1761334364003,17535809417
1761334365002,17670161673
1761334366002,17805439891
1761334367003,17940478730
1761334368003,18075419669
1761334369002,18209973218
1761334370003,18345053988
1761334371003,18479884942
1761334372002,18614819960
1761334373003,18749412450
1761334374003,18884347713
1761334375003,19019447159
1761334376003,19154357153
1761334377003,19289204464
1761334378003,19424048296
1761334379003,19558883461
1761334380002,19693818724
1761334381002,19828663044
1761334382004,19963445719
1761334383003,20098358582
1761334384002,20233189596
1761334385002,20368328594
1761334386003,20503100404
1761334387003,20637897667
1761334388003,20772824629
1761334389003,20907892703
1761334390003,21042923119
1761334391003,21177783553
1761334392003,21312488225
1761334393003,21447202724
1761334394003,21582325242
1761334395003,21717375433
1761334396003,21852240933
1761334397003,21987136644
1761334398003,22122066536
1761334399003,22256530120
1761334400003,22391816456
1761334401003,22526708505
1761334402003,22661397858
1761334403003,22796013480
1761334404003,22931414745
1761334405002,23065984957
1761334406003,23200848991
1761334407003,23335963453
1761334408003,23470849033
1761334409003,23605524835
1761334410003,23740543166
1761334411003,23875522374
1761334412002,24010060421
1761334413002,24144973467
1761334414003,24280134559
1761334415002,24414814939
1761334416002,24549124043
1761334417002,24684813698
1761334418002,24819703795
1761334419003,24954587361
1761334420003,25089398234
1761334421004,25218789138
1761334422003,25339547435
1761334423005,25467506336
1761334424004,25589698345
1761334425002,25712708528
1761334426002,25833567960
1761334427002,25964170286
1761334428005,26090871073
1761334429005,26217751180
1761334430003,26341384287
1761334431004,26464196106
1761334432002,26604984930
1761334433003,26739999843
1761334434003,26874935167
1761334435003,27009759712
1761334436002,27144853421
1761334437002,27279388599
1761334438002,27413946665
1761334439003,27549168243
1761334440003,27683963247
1761334441003,27819077952
1761334442003,27953757173
1761334443003,28088599479
1761334444003,28223680310
1761334445002,28358254123
1761334446002,28493333917
1761334447003,28628387526
1761334448003,28763129979
1761334449003,28898085932
1761334450003,29032452532
1761334451003,29167758826
1761334452003,29302477231
1761334453002,29437481829
1761334454003,29572084390
1761334455002,29707170470
1761334456003,29842162495
1761334457003,29976866191
1761334458003,30111763001
1761334459003,30246816305
1761334460003,30381093427
1761334461003,30516516787
1761334462003,30651263329
1761334463003,30786129866
1761334464003,30920883305
1761334465003,31055741358
1761334466002,31190301561
1761334467003,31325547797
1761334468003,31460123258
1761334469002,31595011462
1761334470003,31730235786
1761334471003,31864810576
1761334472003,32000166126
1761334473003,32134780832
1761334474003,32269694550
1761334475003,32404572378
1761334476003,32539596324
1761334477003,32674409212
1761334478003,32809163688
1761334479003,32943824171
1761334480003,33078849460
1761334481002,33213848321
1761334482002,33348479935
1761334483003,33483296362
1761334484003,33618518428
1761334485003,33753469682
1761334486003,33888284156
1761334487003,34022801756
1761334488003,34157862201
1761334489003,34292828408
1761334490003,34427869567
1761334491003,34562735249
1761334492003,34697566569
1761334493003,34832436463
1761334494003,34967472922
1761334495003,35102038495
1761334496002,35237170107
1761334497002,35371916771
1761334498003,35506939741
1761334499002,35641691227
1761334500002,35776487818
1761334501002,35911410691
1761334502002,36046154547
1761334503002,36181265102
1761334504003,36316324693
1761334505003,36450940681
1761334506003,36586005094
1761334507003,36720907214
1761334508003,36855749765
1761334509003,36990484283
1761334510003,37125488637
1761334511003,37260499217
1761334512002,37394929110
1761334513003,37529946952
1761334514002,37665066113
1761334515002,37799642063
1761334516003,37934809869
1761334517003,38069805312
1761334518003,38204658543
1761334519003,38339260615
1761334520003,38474516800
1761334521003,38609008948
1761334522003,38744203121
1761334523003,38879066607
1761334524003,39013782692
1761334525003,39148645811
1761334526003,39283230306
1761334527003,39418512125
1761334528003,39553416565
1761334529003,39688207602
1761334530003,39823069805
1761334531003,39958022279
1761334532003,40092699364
1761334533003,40227692304
1761334534002,40362450871
1761334535002,40497459863
1761334536002,40632089035
1761334537002,40766741523
1761334538003,40902030056
1761334539003,41037104539
1761334540003,41171497994
1761334541003,41306571012
1761334542003,41441810595
1761334543003,41576473703
1761334544003,41711467864
1761334545003,41846222951
1761334546002,41980946056
1761334547003,42115985444
1761334548003,42251079092
1761334549003,42385703198
1761334550003,42520519626
1761334551003,42655122675
1761334552003,42790108718
1761334553003,42924471106
1761334554003,43059683590
1761334555002,43194327471
1761334556003,43329548072
1761334557003,43464238889
1761334558002,43599111530
1761334559003,43733928812
1761334560002,43868763061
1761334561003,44003710958
1761334562002,44138492840
1761334563002,44273334719
1761334564003,44408181297
1761334565003,44543037641
1761334566003,44678007511
1761334567003,44812842126
1761334568002,44947747970
1761334569003,45082641485
1761334570003,45217542018
1761334571003,45352428331
1761334572002,45487215156
1761334573003,45622239530
1761334574003,45757102160
1761334575003,45892022591
1761334576003,46027039213
1761334577002,46161549001
1761334578003,46296263683
1761334579003,46431052095
1761334580003,46565836540
1761334581003,46700834119
1761334582003,46835567051
1761334583003,46970553949
1761334584003,47105348465
1761334585003,47240250158
1761334586003,47375319514
1761334587003,47510248612
1761334588003,47644978919
1761334589003,47779800595
1761334590003,47914574115
1761334591003,48049777810
1761334592003,48184460326
1761334593003,48319502583
1761334594003,48454114055
1761334595002,48589014405
1761334596003,48723797996
1761334597003,48858870221
1761334598003,48993836489
1761334599003,49128846641
1761334600004,49262985031
1761334601002,49397846075
1761334602002,49532751918
1761334603002,49667848741
1761334604002,49802706000
1761334605002,49937393217
1761334606002,50072344287
1761334607004,50205027053
1761334608003,50337825358
1761334609002,50472108156
1761334610003,50607536032
1761334611002,50742337811
1761334612003,50877241213
1761334613003,51012309959
1761334614003,51147198652
1761334615003,51282181705
1761334616003,51417147729
1761334617003,51551966842
1761334618003,51686576056
1761334619002,51821617824
1761334620002,51956503526
1761334621003,52091402595
1761334622003,52226280301
1761334623002,52361043567
1761334624003,52496059945
1761334625003,52631019866
1761334626003,52765976246
1761334627003,52900705882
1761334628003,53035734894
1761334629003,53170539298
1761334630003,53305418652
1761334631003,53440109042
1761334632002,53574959161
1761334633003,53710137343
1761334634003,53844755711
1761334635002,53979738276
1761334636003,54114695206
1761334637003,54249335791
1761334638002,54384243527
1761334639002,54519287493
1761334640004,54654314308
1761334641003,54789184812
1761334642003,54924040241
1761334643003,55058841165
1761334644003,55193450684
1761334645003,55328279806
1761334646003,55463379253
1761334647002,55598204103
1761334648002,55732956261
1761334649003,55868077314
1761334650003,56002660771
1761334651003,56137718042
1761334652003,56272510544
1761334653003,56407528997
1761334654003,56542342800
1761334655002,56677076524
1761334656003,56812118659
1761334657002,56946952359
1761334658002,57081757373
1761334659003,57217012703
1761334660003,57351902800
1761334661003,57486575612
1761334662003,57621493357
1761334663003,57756478180
1761334664003,57891062858
1761334665003,58026136120
1761334666003,58161186312
1761334667003,58295983696
1761334668003,58430757826
1761334669003,58565917392
1761334670003,58700548456
1761334671003,58835529373
1761334672003,58970455907
1761334673002,59105205074
1761334674003,59240241838
1761334675003,59374839943
1761334676003,59510112668
1761334677003,59644826312
1761334678003,59779683511
1761334679003,59914494994
1761334680003,60049188680
1761334681003,60184133525
1761334682003,60318766115
1761334683003,60453871726
1761334684003,60589130780
1761334685003,60723534916
1761334686003,60858573388
1761334687002,60993734785
1761334688003,61128386784
1761334689003,61263462000
1761334690003,61398225876
1761334691002,61532586189
1761334692003,61667947781
1761334693003,61802761340
1761334694003,61937969001
1761334695003,62072584013
1761334696003,62207712390
1761334697003,62342208567
1761334698003,62476939973
1761334699003,62611769461
1761334700002,62747007641
1761334701002,62881647189
1761334702003,63016710930
1761334703003,63151853589
1761334704003,63286656345
1761334705002,63421316278
1761334706002,63556378555
1761334707003,63691180333
1761334708003,63826356440
1761334709003,63961132218
1761334710003,64095855994
1761334711003,64231111202
1761334712002,64365561908
1761334713003,64500791115
1761334714003,64635587156
1761334715002,64770495991
1761334716003,64905339457
1761334717003,65040368713
1761334718003,65175318502
1761334719003,65309834515
1761334720002,65444444034
1761334721004,65579939292
1761334722003,65714602705
1761334723003,65849645328
1761334724003,65984329614
1761334725002,66119111557
1761334726003,66253706488
1761334727003,66389184596
1761334728003,66523790575
1761334729003,66658560737
1761334730003,66793864407
1761334731003,66928466113
1761334732003,67063182810
1761334733004,67198595061
1761334734002,67332733450
1761334735002,67467959178
1761334736003,67602950043
1761334737003,67738010794
1761334738003,67872220961
1761334739003,68007680086
1761334740003,68142550347
1761334741003,68277020339
1761334742002,68412047887
1761334743002,68546545284
1761334744003,68682125503
1761334745002,68816691077
1761334746003,68951542782
1761334747003,69086529497
1761334748002,69221516640
1761334749003,69356354063
1761334750003,69491050496
1761334751003,69625918070
1761334752003,69760542787
1761334753003,69895692404
1761334754003,70030846050
1761334755003,70165329653
1761334756003,70300510276
1761334757003,70435370466
1761334758003,70569995609
1761334759003,70705252770
1761334760003,70839636582
1761334761003,70974587469
1761334762003,71109200772
1761334763003,71244140307
1761334764003,71379134468
1761334765003,71514116544
1761334766003,71649209766
1761334767003,71784162850
1761334768003,71918726532
1761334769003,72053664052
1761334770003,72188752940
1761334771003,72323584382
1761334772003,72458625784
1761334773003,72593200513
1761334774003,72728091159
1761334775003,72862948846
1761334776003,72997943068
1761334777003,73133033482
1761334778003,73267735651
1761334779002,73402791580
1761334780002,73537510473
1761334781003,73672099545
1761334782002,73807407793
1761334783003,73942301063
1761334784003,74076351501
1761334785003,74211405782
1761334786003,74346887796
1761334787003,74481355958
1761334788003,74616459616
1761334789003,74751432720
1761334790003,74885972842
1761334791003,75021287559
1761334792003,75156175946
1761334793003,75290958011
1761334794003,75425843774
1761334795003,75560375839
1761334796003,75695364935
1761334797003,75830356105
1761334798003,75965354051
1761334799003,76100043098
1761334800003,76234821806
1761334801003,76370079760
1761334802003,76504810433
1761334803003,76639586089
1761334804003,76774557607
1761334805003,76909528636
1761334806003,77044627106
1761334807003,77179505972
1761334808003,77314354564
1761334809003,77449234651
1761334810003,77583847466
1761334811003,77719045667
1761334812003,77853987643
1761334813003,77988787347
1761334814003,78123517227
1761334815003,78258567846
1761334816003,78393552852
1761334817003,78528390946
1761334818002,78663274634
1761334819002,78798021237
1761334820003,78933109148
1761334821003,79067626932
1761334822003,79202689696
1761334823003,79337745014
1761334824003,79472627787
1761334825003,79607435974
1761334826003,79742534261
1761334827003,79877322307
1761334828003,80012112368
1761334829003,80147281699
1761334830003,80281947126
1761334831003,80416922855
1761334832003,80552013940
1761334833003,80686898360
1761334834003,80821065619
1761334835002,80956026394
1761334836003,81091117052
1761334837003,81225971748
1761334838002,81360968290
1761334839002,81495755359
1761334840002,81630521860
1761334841003,81765538482
1761334842003,81900466603
1761334843003,82035221141
1761334844003,82170215058
1761334845003,82304985648
1761334846003,82439073684
1761334847003,82571262127
1761334848003,82700626359
1761334849002,82832230026
1761334850003,82964655590
1761334851004,83096968057
1761334852002,83227804941
1761334853004,83360448950
1761334854003,83493970581
1761334855003,83630019793
1761334856003,83764035868
1761334857003,83899593810
1761334858003,84034315022
1761334859003,84169266276
1761334860003,84304063233
1761334861002,84438810752
1761334862002,84573878399
1761334863003,84708500674
1761334864003,84843335046
1761334865002,84978317000
1761334866002,85112690680
1761334867003,85247760097
1761334868002,85382755906
1761334869003,85517641669
1761334870003,85652467069
1761334871003,85787029041
1761334872003,85922021127
1761334873002,86056631134
1761334874003,86190939079
1761334875002,86326177380
1761334876003,86460337620
1761334877002,86594993037
1761334878003,86729870378
1761334879002,86864145303
1761334880002,86999286253
1761334881003,87134050862
1761334882003,87269183755
1761334883002,87403645081
1761334884002,87538835958
1761334885002,87673591289
1761334886003,87808684694
1761334887003,87943546714
1761334888003,88078575360
1761334889003,88213460025
1761334890003,88348195397
1761334891003,88483168685
1761334892003,88617858647
1761334893003,88752993616
1761334894003,88887936142
1761334895003,89022734503
1761334896003,89157406033
1761334897003,89292432604
1761334898003,89427405342
1761334899003,89562275907
1761334900003,89697096424
1761334901003,89832232980
1761334902003,89967070831
1761334903003,90102036061
1761334904003,90236654064
1761334905002,90371564851
1761334906002,90506479667
1761334907003,90641445569
1761334908003,90776419528
1761334909002,90911147210
1761334910002,91045681717
1761334911003,91180886022
1761334912003,91315818843
1761334913003,91450524064
1761334914002,91585240028
1761334915002,91719900023
1761334916004,91855345904
1761334917003,91990272927
1761334918002,92124548035
1761334919003,92259992817
1761334920002,92394918741
1761334921002,92529514161
1761334922003,92664640646
1761334923003,92799422344
1761334924003,92934468385
1761334925003,93069068261
1761334926003,93203910262
1761334927003,93338903202
1761334928002,93473664515
1761334929003,93608355515
1761334930003,93743297064
1761334931003,93877940763
1761334932003,94012817798
1761334933003,94147925972
1761334934003,94282836211
1761334935002,94417571095
1761334936003,94552511851
1761334937003,94687354706
1761334938003,94821889213
1761334939003,94956522108
1761334940003,95091319920
1761334941003,95226603326
1761334942003,95361389724
1761334943003,95496499302
1761334944003,95631118281
1761334945003,95766177933
1761334946002,95901098669
1761334947003,96035893002
1761334948003,96170779314
1761334949003,96305691567
1761334950002,96440121276
1761334951012,96576703324
1761334952002,96710336405
1761334953002,96845289795
1761334954003,96980262716
1761334955003,97114759320
1761334956003,97249731142
1761334957003,97384662987
1761334958003,97519830853
1761334959003,97654486087
1761334960003,97789323633
1761334961003,97924356612
1761334962003,98059263616
1761334963003,98192965483
1761334964003,98321072699
1761334965002,98453594698
1761334966002,98586623655
1761334967003,98713171976
1761334968003,98842936414
1761334969002,98973391280
1761334970002,99107578010
1761334971004,99243204860
1761334972004,99377808458
1761334973002,99510716687
1761334974003,99646060640
1761334975002,99780452569
1761334976003,99915714002
1761334977003,100050489353
1761334978002,100185354059
1761334979003,100320306106
1761334980003,100455023107
1761334981004,100590300288
1761334982003,100724860063
1761334983003,100859856483
1761334984003,100994674192
1761334985003,101129595843
1761334986003,101264719155
1761334987003,101399500975
1761334988003,101534029134
1761334989002,101669169963
1761334990002,101803857179
1761334991003,101938543418
1761334992003,102073967510
1761334993003,102208789065
1761334994003,102343788841
1761334995003,102478540266
1761334996003,102612760687
1761334997003,102748179590
1761334998002,102882814011
1761334999003,103017767890
1761335000003,103152825771
1761335001003,103287716600
1761335002003,103422693550
1761335003003,103557228606
1761335004003,103692363758
1761335005004,103826994089
1761335006003,103961864899
1761335007003,104096993520
1761335008002,104231817943
1761335009002,104366562960
1761335010003,104501489189
1761335011003,104636559217
1761335012003,104771437350
1761335013003,104906493767
1761335014002,105041161819
1761335015003,105176332371
1761335016003,105311042231
1761335017002,105445548540
1761335018003,105580791968
1761335019003,105715625363
1761335020003,105850165119
1761335021003,105985320534
1761335022003,106120448789
1761335023003,106255283649
1761335024003,106389876628
1761335025003,106524806397
1761335026003,106659889181
1761335027003,106794719158
1761335028003,106929536928
1761335029003,107064459984
1761335030003,107199399213
1761335031003,107334042545
1761335032003,107468988001
1761335033002,107603791611
1761335034003,107738777776
1761335035003,107873840602
1761335036003,108008125537
1761335037002,108143223762
1761335038002,108277967802
1761335039003,108412826832
1761335040003,108547838266
1761335041003,108683046782
1761335042003,108817505239
1761335043003,108952555370
1761335044003,109087580537
1761335045003,109222382438
1761335046003,109357401013
1761335047003,109492095370
1761335048003,109627375664
1761335049003,109761881118
1761335050003,109896498754
1761335051003,110031725886
1761335052003,110166748001
1761335053003,110301535681
1761335054004,110436801082
1761335055003,110570922809
1761335056002,110706080727
1761335057003,110840898558
1761335058003,110975872028
1761335059003,111110883768
1761335060003,111245765930
1761335061003,111380776815
1761335062003,111515530681
1761335063003,111650108706
1761335064003,111785033226
1761335065003,111920082685
1761335066003,112054857059
1761335067003,112189663721
1761335068003,112324421127
1761335069003,112458865730
1761335070003,112594258755
1761335071003,112729247240
1761335072003,112863908577
1761335073002,112998995450
1761335074003,113133791187
1761335075003,113268664438
1761335076003,113403540008
1761335077003,113538378347
1761335078003,113673358409
1761335079003,113808287141
1761335080003,113942938102
1761335081003,114077932813
1761335082002,114212522678
1761335083003,114347644891
1761335084003,114482576857
1761335085003,114617466344
1761335086003,114752321955
1761335087003,114887081925
1761335088003,115022184790
1761335089003,115156817929
1761335090003,115291850054
1761335091003,115426370828
1761335092003,115561568724
1761335093003,115696312459
1761335094002,115831262125
1761335095002,115966177979
1761335096003,116101262350
1761335097003,116236149456
1761335098003,116371103883
1761335099003,116505946006
1761335100003,116640855146
1761335101003,116775545719
1761335102003,116910644067
1761335103002,117045576094
1761335104003,117180210332
1761335105002,117315090358
1761335106002,117450124864
1761335107003,117585010688
1761335108003,117719866483
1761335109003,117854943773
1761335110003,117989739937
1761335111003,118124482512
1761335112003,118259321889
1761335113003,118393752087
1761335114002,118528605562
1761335115003,118663586845
1761335116003,118798570020
1761335117003,118933452914
1761335118002,119068179071
1761335119002,119202855423
1761335120002,119336852577
1761335121002,119469286381
1761335122003,119603235990
1761335123003,119734471738
1761335124003,119866741663
1761335125002,119999896962
1761335126003,120132363297
1761335127002,120265159283
1761335128003,120397829659
1761335129003,120529916174
1761335130003,120660454780
1761335131004,120786399343
1761335132003,120914680814
1761335133002,121046734797
1761335134003,121179044273
1761335135002,121313482954
1761335136003,121444776380
1761335137004,121569192139
1761335138002,121690270991
1761335139002,121812905504
1761335140002,121940566005
1761335141002,122067599920
1761335142003,122192685537
1761335143004,122316803750
1761335144003,122444811723
1761335145003,122582873503
1761335146003,122718248523
1761335147003,122853329903
1761335148003,122988129668
1761335149003,123123186329
1761335150003,123258118296
1761335151003,123393050751
1761335152003,123528041006
1761335153003,123662935497
1761335154003,123797838289
1761335155003,123932700248
1761335156003,124067650098
1761335157003,124202602999
1761335158003,124337541741
1761335159003,124472521315
1761335160003,124607409031
1761335161003,124742309687
1761335162003,124877086991
1761335163003,125012162206
1761335164003,125147104488
1761335165008,125281974138
1761335166003,125416910010
1761335167003,125551894833
1761335168003,125686789202
1761335169003,125821727639
1761335170003,125956588316
1761335171003,126091520710
1761335172003,126226447672
1761335173004,126361572387
1761335174002,126495703758
1761335175003,126631243694
1761335176003,126766123964
1761335177003,126901206504
1761335178003,127035980939
1761335179003,127170977786
1761335180003,127305838341
1761335181003,127440748213
1761335182003,127575749638
1761335183003,127710753626
1761335184003,127845567978
1761335185003,127980602239
1761335186003,128115522548
1761335187003,128250489243
1761335188003,128385255622
1761335189003,128520318509
1761335190003,128655099902
1761335191003,128790045784
1761335192003,128925083342
1761335193003,129060040455
1761335194003,129194922372
1761335195003,129329907623
1761335196002,129464654958
1761335197003,129599544383
1761335198003,129734498506
1761335199003,129869540030
1761335200003,130004495373
1761335201003,130139385653
1761335202003,130274319756
1761335203003,130409295973
1761335204003,130544218479
1761335205002,130678845698
1761335206003,130814019668
1761335207003,130948991490
1761335208003,131083872188
1761335209003,131218804276
1761335210003,131353751196
1761335211003,131488674923
1761335212003,131623648394
1761335213003,131758565712
1761335214003,131893521787
1761335215003,132028350788
1761335216003,132163354715
1761335217003,132298193664
1761335218003,132433154256
1761335219003,132568119609
1761335220003,132703020447
1761335221003,132838063315
1761335222003,132972927105
1761335223003,133107797060
1761335224003,133242699791
1761335225003,133377606367
1761335226003,133512546756
1761335227003,133647540979
1761335228003,133782567672
1761335229003,133917328740
1761335230003,134052266749
1761335231003,134187364731
1761335232003,134322261724
1761335233003,134457065151
1761335234003,134592097765
1761335235002,134726949653
1761335236003,134861922269
1761335237003,134996908862
1761335238003,135131689157
1761335239003,135266733916
1761335240003,135401621144
1761335241003,135536626719
1761335242003,135671490753
1761335243003,135806464346
1761335244003,135941335705
1761335245003,136076136812
1761335246003,136211206901
1761335247003,136346117688
1761335248003,136481083835
1761335249003,136615992852
1761335250003,136750948622
1761335251003,136885859654
1761335252004,137020974115
1761335253004,137155841079
1761335254003,137290616064
1761335255003,137425549862
1761335256006,137561031631
1761335257003,137695521827
1761335258003,137830334043
1761335259003,137965307635
1761335260003,138100196816
1761335261003,138235219481
1761335262003,138369986714
1761335263007,138505389321
1761335264004,138640205871
1761335265011,138775072164
1761335266024,138911978429
1761335267019,139046003660
1761335268032,139182913283
1761335269023,139317250219
1761335270031,139450897155
1761335271019,139586524188
1761335272029,139721051187
1761335273004,139854465580
1761335274004,139989419153
1761335275032,140125840617
1761335276003,140259154119
1761335277004,140394248377
1761335278003,140528981614
1761335279004,140664058295
1761335280003,140798825955
1761335281003,140933747240
1761335282003,141068722298
1761335283003,141203679716
1761335284003,141338537586
1761335285003,141473502023
1761335286003,141608436004
1761335287003,141743387868
1761335288004,141878355845
1761335289014,142014472013
1761335290019,142149386890
1761335291049,142288647519
1761335292066,142420727687
1761335293058,142558512734
1761335294024,142690231025
1761335295034,142824065094
1761335296003,142957623529
1761335297003,143092688979
1761335298003,143227521581
1761335299003,143362448359
1761335300003,143497329179
1761335301003,143632370642
1761335302007,143767991755
1761335303024,143903317031
1761335304030,144039251314
1761335305027,144173859307
1761335306022,144307695268
1761335307034,144444707857
1761335308040,144580918690
1761335309039,144715880808
1761335310122,144859585701
1761335311081,144991991063
1761335312003,145116607443
1761335313005,145251810405
1761335314003,145386434755
1761335315003,145521349693
1761335316003,145656302350
1761335317003,145791186771
1761335318003,145926162866
1761335319003,146061101424
1761335320003,146196015446
1761335321003,146330928919
1761335322003,146465835617
1761335323007,146601185552
1761335324008,146736380579
1761335325003,146870596239
1761335326010,147006374273
1761335327017,147142213647
1761335328022,147275933641
1761335329042,147412384708
1761335330033,147548385031
1761335331033,147682320418
1761335332035,147818209108
1761335333040,147955036517
1761335334004,148085098562
1761335335004,148220150035
1761335336003,148354742281
1761335337031,148491357898
1761335338003,148624815747
1761335339055,148764999531
1761335340034,148897356492
1761335341025,149030150525
1761335342040,149169335837
1761335343034,149300017449
1761335344034,149437116280
1761335345025,149571484405
1761335346029,149706915760
1761335347030,149841606455
1761335348063,149977254729
1761335349027,150111118461
1761335350004,150243933001
1761335351003,150378795205
1761335352003,150513747862
1761335353003,150648688557
1761335354003,150783597269
1761335355003,150918506042
1761335356003,151053498006
1761335357003,151188401652
1761335358003,151323305482
1761335359003,151458260642
1761335360003,151593155499
1761335361004,151728221621
1761335362003,151862847069
1761335363013,151999293925
1761335364019,152134054688
1761335365034,152269268026
1761335366031,152404090740
1761335367033,152540984738
1761335368019,152673544030
1761335369015,152807885178
1761335370003,152942535834
1761335371004,153077568630
1761335372003,153212117663
1761335373004,153347335701
1761335374003,153482147428
1761335375033,153618697067
1761335376026,153753499517
1761335377009,153887187285
1761335378023,154023498765
1761335379004,154156915049
1761335380004,154291788483
1761335381003,154426869070
1761335382015,154562025951
1761335383015,154696722017
1761335384026,154833107044
1761335385017,154967111583
1761335386037,155104617945
1761335387029,155239297349
1761335388026,155373878425
1761335389003,155506141576
1761335390003,155641095759
1761335391003,155775873002
1761335392004,155911063635
1761335393003,156045848812
1761335394003,156180636126
1761335395004,156315799964
1761335396003,156450598081
1761335397003,156585530536
1761335398003,156720513833
1761335399003,156855494506
1761335400004,156990269185
1761335401013,157125257426
1761335402033,157262662286
1761335403007,157395620381
1761335404024,157531095925
1761335405047,157665842956
1761335406008,157800551901
1761335407008,157935377666
1761335408006,158069836551
1761335409021,158205593222
1761335410025,158342121925
1761335411016,158474896610
1761335412028,158611855915
1761335413016,158745101668
1761335414023,158881036683
1761335415032,159015239038
1761335416003,159149096178
1761335417004,159284191596
1761335418003,159418987638
1761335419004,159554119433
1761335420004,159688900277
1761335421025,159824084257
1761335422007,159959241077
1761335423006,160094002572
1761335424022,160230025601
1761335425031,160365614182
1761335426030,160501753115
1761335427006,160633434114
1761335428008,160768907949
1761335429004,160903302625
1761335430003,161038208712
1761335431003,161173143975
1761335432003,161308064894
1761335433008,161443643832
1761335434003,161577931818
1761335435005,161712717728
1761335436006,161848138402
1761335437010,161982938838
1761335438021,162119866832
1761335439021,162254944916
1761335440039,162387623898
1761335441014,162523864028
1761335442019,162657880469
1761335443004,162792339048
1761335444020,162927670672
1761335445019,163063674657
1761335446053,163199106073
1761335447034,163336026499
1761335448059,163468591712
1761335449020,163604073543
1761335450003,163736695518
1761335451004,163871763592
1761335452004,164006718264
1761335453004,164141647850
1761335454003,164276397749
1761335455004,164411361942
1761335456004,164546445947
1761335457004,164681321151
1761335458007,164816638248
1761335459003,164950943874
1761335460006,165086359482
1761335461010,165221354070
1761335462019,165357160058
1761335463015,165491422654
1761335464043,165630676570
1761335465031,165763432333
1761335466006,165895765247
1761335467004,166030591256
1761335468004,166165533355
1761335469003,166300434133
1761335470003,166435357920
1761335471003,166570270356
1761335472003,166705090140
1761335473008,166840505077
1761335474003,166974884493
1761335475025,167110860403
1761335476039,167247736700
1761335477035,167383096339
1761335478012,167515357841
1761335479021,167652185189
1761335480073,167787928310
1761335481025,167921216482
1761335482038,168055930066
1761335483027,168192201079
1761335484023,168326587759
1761335485028,168462464792
1761335486005,168594465247
1761335487004,168729192991
1761335488003,168864137591
1761335489003,168998968728
1761335490003,169133846862
1761335491003,169268760152
1761335492003,169403739482
1761335493003,169538808533
1761335494003,169673588095
1761335495003,169808528606
1761335496003,169943468508
1761335497007,170078895590
1761335498004,170213408796
1761335499003,170348317203
1761335500007,170483649437
1761335501041,170621865330
1761335502018,170754599915
1761335503053,170891417375
1761335504058,171024445965
1761335505039,171160575499
1761335506003,171292808620
1761335507003,171427800462
1761335508004,171562681586
1761335509003,171697577787
1761335510003,171832524035
1761335511003,171967387154
1761335512005,172102574614
1761335513018,172238350145
1761335514048,172377963679
1761335515039,172510851950
1761335516049,172646302897
1761335517021,172778128304
1761335518054,172914603968
1761335519043,173050129866
1761335520027,173184321600
1761335521058,173324087844
1761335522003,173451621270
1761335523004,173586700697
1761335524003,173721478672
1761335525003,173856363581
1761335526003,173991454544
1761335527003,174126291845
1761335528004,174261171443
1761335529003,174396070390
1761335530003,174531066321
1761335531003,174665970578
1761335532003,174800895526
1761335533003,174935813332
1761335534003,175070771239
1761335535007,175205655415
1761335536003,175340589945
1761335537003,175475427673
1761335538023,175611179706
1761335539023,175747406835
1761335540012,175881399962
1761335541051,176020239694
1761335542018,176150448528
1761335543026,176287642635
1761335544021,176421744220
1761335545035,176555649212
1761335546004,176689963199
1761335547004,176824878137
1761335548003,176959840499
1761335549011,177095454044
1761335550020,177231783162
1761335551090,177367333169
1761335552087,177508875959
1761335553059,177638876114
1761335554024,177771486188
1761335555044,177908079954
1761335556037,178042502461
1761335557010,178175144334
1761335558003,178309069894
1761335559003,178444066680
1761335560003,178578918569
1761335561003,178713192273
1761335562003,178848573640
1761335563003,178983546378
1761335564003,179118454053
1761335565003,179253321811
1761335566003,179388261651
1761335567003,179523152235
1761335568003,179657986546
1761335569003,179793064936
1761335570003,179927950516
1761335571003,180062895727
1761335572003,180197872554
1761335573003,180332791642
1761335574043,180468723545
1761335575043,180606710008
1761335576021,180738408402
1761335577009,180873203223
1761335578013,181007935849
1761335579019,181142933123
1761335580026,181279404820
1761335581003,181412140014
1761335582004,181547042562
1761335583003,181682004985
1761335584016,181817216492
1761335585038,181955015273
1761335586022,182087264385
1761335587018,182222254273
1761335588019,182357559164
1761335589017,182491764753
1761335590043,182631903737
1761335591003,182761273279
1761335592006,182896797102
1761335593003,183031205938
1761335594003,183166023769
1761335595003,183301074205
1761335596003,183435981635
1761335597003,183570938809
1761335598003,183705824084
1761335599003,183840596383
1761335600003,183975766264
1761335601003,184110612721
1761335602003,184245552072
1761335603003,184380492340
1761335604003,184515416128
1761335605003,184650337047
1761335606003,184785314851
1761335607003,184920152579
1761335608004,185055232067
1761335609005,185190321321
1761335610004,185325085808
1761335611003,185459842299
1761335612003,185594782810
1761335613003,185729769159
1761335614003,185864727676
1761335615004,185999470312
1761335616003,186134553340
1761335617003,186269495683
1761335618003,186404449256
1761335619074,186547766821
1761335620008,186674469560
1761335621026,186810660984
1761335622029,186946386589
1761335623016,187079817522
1761335624023,187215410314
1761335625039,187349899411
1761335626003,187483828572
1761335627004,187618787028
1761335628003,187753527955
1761335629003,187888585593
1761335630003,188023343121
1761335631003,188158297793
1761335632003,188293379295
1761335633003,188428154707
1761335634003,188563075871
1761335635003,188698160486
1761335636003,188833090682
1761335637003,188967962712
1761335638003,189102893580
1761335639004,189238025498
1761335640004,189372917486
1761335641003,189507700100
1761335642003,189642663195
1761335643027,189778230353
1761335644023,189914033777
1761335645018,190048564621
1761335646011,190183481207
1761335647021,190319646752
1761335648028,190453709153
1761335649024,190589785831
1761335650009,190722632354
1761335651038,190860171858
1761335652010,190992794077
1761335653004,191126853914
1761335654007,191261812492
1761335655024,191397229382
1761335656012,191532813141
1761335657050,191668340931
1761335658053,191806903565
1761335659017,191937570589
1761335660040,192073558888
1761335661016,192207962658
1761335662010,192342185337
1761335663034,192480235459
1761335664003,192611096941
1761335665003,192745799660
1761335666003,192880950437
1761335667003,193015846881
1761335668003,193150829141
1761335669003,193285578429
1761335670003,193420476705
1761335671003,193555548991
1761335672003,193690347535
1761335673003,193825277975
1761335674003,193960204937
1761335675006,194095428407
1761335676004,194230236656
1761335677003,194365007734
1761335678003,194499916446
1761335679003,194634872460
1761335680015,194770297041
1761335681008,194905091556
1761335682006,195040142358
1761335683013,195175259810
1761335684019,195310715945
1761335685047,195449047500
1761335686031,195582183939
1761335687023,195715517094
1761335688028,195852052084
1761335689026,195987242045
1761335690019,196119412239
1761335691027,196254884854
1761335692031,196389613330
1761335693095,196534554243
1761335694033,196662920552
1761335695016,196794306752
1761335696037,196931835513
1761335697038,197066874108
1761335698018,197200705247
1761335699008,197334170726
1761335700003,197468439608
1761335701003,197603449150
1761335702003,197738240981
1761335703004,197873372654
1761335704004,198008268671
1761335705003,198143042129
1761335706003,198278088170
1761335707004,198413064143
1761335708003,198547941178
1761335709004,198682899085
1761335710003,198817666623
1761335711003,198952702776
1761335712003,199087634682
1761335713003,199222458678
1761335714003,199357538349
1761335715007,199492417948
1761335716010,199628436276
1761335717011,199763115436
1761335718029,199898308449
1761335719019,200034157161
1761335720030,200169328385
1761335721008,200302696940
1761335722010,200437536866
1761335723016,200573108601
1761335724059,200712159332
1761335725045,200847444264
1761335726014,200978023275
1761335727040,201116570772
1761335728015,201247280276
1761335729066,201385713394
1761335730037,201519091958
1761335731030,201653106813
1761335732040,201789515155
1761335733012,201922274398
1761335734038,202059777159
1761335735033,202193280113
1761335736003,202325839222
1761335737004,202460893258
1761335738005,202595786407
1761335739003,202730652822
1761335740003,202865534251
1761335741003,203000471894
1761335742003,203135396292
1761335743003,203270312390
1761335744003,203405275423
1761335745003,203540154106
1761335746003,203675111341
1761335747003,203810022251
1761335748003,203945083673
1761335749003,204080008925
1761335750003,204214919713
1761335751003,204349751887
1761335752003,204484797623
1761335753003,204619662817
1761335754004,204754753048
1761335755034,204890241898
1761335756005,205024599708
1761335757005,205159577207
1761335758014,205294569842
1761335759026,205432357331
1761335760004,205564172057
1761335761009,205699996600
1761335762034,205835254615
1761335763041,205971846428
1761335764028,206106051041
1761335765016,206240564735
1761335766018,206375269285
1761335767067,206511659256
1761335768141,206649604764
1761335769017,206780287535
1761335770039,206916202226
1761335771043,207052394321
1761335772020,207185602293
1761335773005,207318330835
1761335774003,207453118271
1761335775004,207588101080
1761335776009,207723914148
1761335777003,207857916368
1761335778003,207992832954
1761335779003,208127768644
1761335780004,208262853747
1761335781003,208397749825
1761335782003,208532533965
1761335783003,208667498158
1761335784004,208802572946
1761335785003,208937311981
1761335786003,209072367666
1761335787003,209207161999
1761335788002,209342226228
1761335789003,209476624199
1761335790003,209611807874
1761335791003,209746327549
1761335792003,209881610711
1761335793003,210016389297
1761335794003,210151308935
1761335795003,210286216426
1761335796003,210421307572
1761335797003,210556240393
1761335798003,210691004147
1761335799003,210825985979
1761335800009,210961816747
1761335801009,211095923277
1761335802020,211230858173
1761335803011,211366786048
1761335804038,211502837335
1761335805031,211638862683
1761335806050,211771059671
1761335807004,211905432435
1761335808003,212040460531
1761335809004,212175497783
1761335810004,212310424867
1761335811003,212445169945
1761335812004,212580272504
1761335813003,212715040164
1761335814003,212849984399
1761335815005,212984887191
1761335816003,213119808782
1761335817003,213254739772
1761335818003,213389701218
1761335819003,213524588934
1761335820003,213659501309
1761335821003,213794504198
1761335822003,213929533637
1761335823003,214064308622
1761335824004,214199360644
1761335825003,214334112863
1761335826005,214469434416
1761335827010,214605069628
1761335828016,214739876106
1761335829022,214875589138
1761335830017,215010088793
1761335831019,215144404429
1761335832020,215279277618
1761335833019,215415242236
1761335834008,215549403697
1761335835014,215684092256
1761335836047,215821267503
1761335837003,215953254531
1761335838027,216090592436
1761335839026,216224283988
1761335840023,216360885445
1761335841030,216494787751
1761335842039,216629686515
1761335843003,216762773027
1761335844003,216897893043
1761335845003,217032670530
1761335846003,217167688373
1761335847003,217302601907
1761335848003,217437393676
1761335849008,217572826496
1761335850015,217708373512
1761335851006,217842533996
1761335852005,217977470479
1761335853029,218114175818
1761335854025,218248930478
1761335855103,218384066423
1761335856004,218516938336
1761335857004,218651813601
1761335858003,218786654870
1761335859003,218921722273
1761335860003,219056316594
1761335861003,219191514368
1761335862004,219326376084
1761335863003,219461073981
1761335864002,219596288356
1761335865023,219732390059
1761335866007,219866615423
1761335867020,220003273154
1761335868054,220141062780
1761335869019,220271630011
1761335870043,220408462059
1761335871013,220542146165
1761335872003,220675702646
1761335873003,220810640472
1761335874023,220947204454
1761335875004,221080603770
1761335876003,221215416658
1761335877003,221350329154
1761335878003,221485300977
1761335879003,221620202670
1761335880004,221755118401
1761335881003,221890038649
1761335882003,222024988621
1761335883003,222159914606
1761335884003,222294857498
1761335885008,222429892919
1761335886003,222564635006
1761335887003,222699578691
1761335888003,222834514869
1761335889003,222969460141
1761335890003,223104362933
1761335891004,223239441872
1761335892004,223374342955
1761335893004,223509317463
1761335894003,223644080179
1761335895003,223778949707
1761335896003,223914079915
1761335897004,224048799785
1761335898003,224183764650
1761335899071,224326647218
1761335900007,224454223857
1761335901015,224589299439
1761335902023,224725013020
1761335903034,224861581823
1761335904019,224993781802
1761335905340,225131079973
1761335906012,225264180707
1761335907042,225399316530
1761335908035,225537327591
1761335909016,225669587262
1761335910008,225803571721
1761335911012,225938908838
1761335912013,226074078658
1761335913011,226207909797
1761335914030,226343544338
1761335915019,226478879502
1761335916004,226612649545
1761335917021,226747972746
1761335918003,226882379872
1761335919003,227017267772
1761335920003,227152245332
1761335921003,227286993644
1761335922003,227421827283
1761335923003,227556838473
1761335924003,227691890923
1761335925003,227826498488
1761335926004,227961549046
1761335927003,228096595026
1761335928003,228231532669
1761335929003,228366425939
1761335930003,228501376155
1761335931003,228636316056
1761335932003,228771213111
1761335933003,228906113461
1761335934003,229041071124
1761335935008,229176693335
1761335936003,229310903807
1761335937003,229445763142
1761335938004,229580975991
1761335939007,229716005065
1761335940004,229850686055
1761335941021,229987370703
1761335942030,230121414183
1761335943023,230255714559
1761335944014,230391377908
1761335945028,230528465509
1761335946014,230661495137
1761335947024,230797649207
1761335948006,230930528689
1761335949014,231065744346
1761335950037,231201229351
1761335951007,231335054875
1761335952021,231471588461
1761335953069,231609244175
1761335954031,231741331545
1761335955043,231877836200
1761335956004,232009592882
1761335957004,232144650092
1761335958005,232279621976
1761335959004,232414388843
1761335960003,232549008371
1761335961003,232683946319
1761335962003,232818994252
1761335963003,232953956248
1761335964003,233088851228
1761335965003,233223733451
1761335966003,233358712658
1761335967003,233493609286
1761335968003,233628575310
1761335969003,233763461317
1761335970003,233898404087
1761335971030,234033787163
1761335972004,234168240859
1761335973026,234302899511
1761335974022,234439852896
1761335975015,234574130018
1761335976005,234708081518
1761335977011,234843737970
1761335978018,234977944353
1761335979022,235114808688
1761335980008,235248311275
1761335981003,235382597980
1761335982003,235517521402
1761335983003,235652427367
1761335984003,235787387227
1761335985003,235922387797
1761335986003,236057176758
1761335987003,236192155417
1761335988003,236327087200
1761335989003,236462000185
1761335990003,236596893822
1761335991003,236731831403
1761335992004,236866758975
1761335993003,237001869042
1761335994032,237140629185
1761335995018,237272491274
1761335996008,237407262597
1761335997010,237541670578
1761335998020,237676704107
1761335999019,237812977745
1761336000085,237949116800
1761336001013,238082531376
1761336002010,238216968532
1761336003003,238351066211
1761336004003,238485994332
1761336005022,238623136559
1761336006003,238755778676
1761336007010,238891360604
1761336008022,239027863367
1761336009013,239161470386
1761336010041,239299447328
1761336011039,239432769313
1761336012028,239568517501
1761336013016,239701525095
1761336014068,239839741416
1761336015020,239971463064
1761336016051,240110025087
1761336017013,240241535553
1761336018003,240374976862
1761336019003,240510030838
1761336020003,240644940160
1761336021003,240779710079
1761336022003,240914811357
1761336023003,241049587623
1761336024004,241184644528
1761336025003,241319454058
1761336026003,241454473305
1761336027003,241589307127
1761336028003,241724341267
1761336029003,241859136027
1761336030003,241994194702
1761336031003,242129121053
1761336032003,242264079631
1761336033003,242398969300
1761336034003,242533906394
1761336035004,242668699018
1761336036003,242803738406
1761336037003,242938689781
1761336038003,243073489851
1761336039003,243208560367
1761336040003,243343503931
1761336041004,243478450424
1761336042003,243613248052
1761336043010,243748624170
1761336044031,243884400739
1761336045030,244021320738
1761336046017,244154673424
1761336047023,244288668259
1761336048007,244423310920
1761336049065,244559383630
1761336050035,244695791118
1761336051095,244834060051
1761336052044,244967514849
1761336053053,245102205849
1761336054057,245237784115
1761336055033,245370420312
1761336056003,245502422903
1761336057004,245637310803
1761336058003,245772065829
1761336059003,245907049675
1761336060003,246042016310
1761336061003,246176898166
1761336062003,246311814569
1761336063004,246446864028
1761336064003,246581680883
1761336065003,246716557796
1761336066003,246851654801
1761336067003,246986438147
1761336068003,247121375729
1761336069003,247256310747
1761336070003,247391194069
1761336071003,247526276670
1761336072003,247661204974
1761336073004,247796178445
1761336074003,247931057250
1761336075003,248065996907
1761336076003,248200926493
1761336077003,248335841187
1761336078007,248471305134
1761336079004,248605832988
1761336080003,248740721254
1761336081018,248876691670
1761336082010,249011138103
1761336083022,249146627685
1761336084018,249281321310
1761336085016,249416456890
1761336086027,249551442811
1761336087056,249691013255
1761336088030,249820484176
1761336089031,249957726744
1761336090020,250091389854
1761336091033,250228640846
1761336092013,250360553472
1761336093007,250495008511
1761336094043,250634295569
1761336095023,250766114873
1761336096015,250899518401
1761336097023,251036613020
1761336098028,251172210574
1761336099022,251305407254
1761336100003,251439093374
1761336101003,251574046154
1761336102003,251708968843
1761336103003,251843848747
1761336104008,251979508739
1761336105003,252113722690
1761336106003,252248642266
1761336107003,252383579299
1761336108003,252518640537
1761336109003,252653572687
1761336110003,252788484817
1761336111003,252923296240
1761336112003,253058341670
1761336113003,253193148210
1761336114003,253328215552
1761336115003,253463119321
1761336116004,253597950396
1761336117004,253733101906
1761336118009,253868611447
1761336119027,254005108778
1761336120031,254140592135
1761336121031,254273743832
1761336122020,254409752212
1761336123019,254543395364
1761336124008,254677828369
1761336125028,254813526508
1761336126037,254951140292
1761336127033,255083501281
1761336128015,255217885214
1761336129046,255355417760
1761336130012,255488174378
1761336131004,255622034326
1761336132003,255756861129
1761336133003,255891810613
1761336134008,256027370996
1761336135014,256161792710
1761336136004,256296729376
1761336137003,256431514737
1761336138003,256566404650
1761336139003,256701313729
1761336140003,256836260100
1761336141005,256971522082
1761336142012,257107155707
1761336143031,257241273528
1761336144031,257378255599
1761336145043,257514811646
1761336146045,257651482866
1761336147026,257781821339
1761336148024,257916537180
1761336149013,258052069609
1761336150004,258185637199
1761336151003,258320434523
1761336152003,258455397861
1761336153004,258590292841
1761336154047,258725993238
1761336155015,258860490696
1761336156010,258995871697
1761336157021,259132232066
1761336158017,259266362582
1761336159027,259403086963
1761336160020,259537052441
1761336161050,259670834386
1761336162056,259807986073
1761336163035,259940359209
1761336164016,260076302159
1761336165008,260209681578
1761336166016,260345293597
1761336167033,260482631929
1761336168009,260615120055
1761336169004,260749367147
1761336170008,260884807841
1761336171003,261019104128
1761336172003,261154043358
1761336173003,261288970930
1761336174003,261423865238
1761336175010,261558918969
1761336176004,261693848250
1761336177003,261828675358
1761336178003,261963593897
1761336179004,262098717575
1761336180003,90097913
1761336181003,224626011
1761336182003,359817010
1761336183003,494752944
1761336184003,629617284
1761336185003,764502681
1761336186003,899508256
1761336187002,1034318336
1761336188002,1169397702
1761336189003,1304335833
1761336190003,1439368995
1761336191003,1574109861
1761336192003,1709149799
1761336193015,1844556068
1761336194046,1980569514
1761336195017,2115856521
1761336196017,2250201087
1761336197043,2386487481
1761336198013,2519919269
1761336199003,2653682293
1761336200003,2788561342
1761336201003,2923505638
1761336202003,3058424543
1761336203003,3193376346
1761336204003,3328267114
1761336205003,3463236861
1761336206003,3598132146
1761336207003,3733062953
1761336208003,3867993760
1761336209005,4003038824
1761336210004,4137999660
1761336211003,4272897813
1761336212004,4407658516
1761336213003,4542722135
1761336214003,4677570056
1761336215003,4812459176
1761336216004,4947503569
1761336217003,5082337514
1761336218003,5217359324
1761336219003,5352168061
1761336220003,5487116812
1761336221007,5622481333
1761336222003,5756969942
1761336223008,5892802419
1761336224008,6027560436
1761336225014,6162399568
1761336226018,6296797845
1761336227015,6432399853
1761336228010,6566943271
1761336229066,6707815957
1761336230008,6837073561
1761336231013,6972633578
1761336232013,7106970453
1761336233023,7243050671
1761336234030,7376965734
1761336235022,7512584527
1761336236004,7646081378
1761336237005,7781066078
1761336238023,7917471613
1761336239024,8052109879
1761336240044,8191103908
1761336241010,8320899902
1761336242018,8457275407
1761336243029,8591430886
1761336244063,8731726426
1761336245043,8864680614
1761336246003,8995360516
1761336247003,9130181094
1761336248004,9265275047
1761336249003,9400080549
1761336250004,9535095096
1761336251003,9669919580
1761336252003,9804810776
1761336253003,9939761114
1761336254003,10074727138
1761336255008,10209742417
1761336256004,10344631110
1761336257003,10479433133
1761336258003,10614374194
1761336259003,10749342232
1761336260021,10885164577
1761336261003,11019317676
1761336262014,11154691597
1761336263006,11289553496
1761336264008,11424702747
1761336265046,11560065193
1761336266009,11694573150
1761336267012,11830062366
1761336268003,11963788830
1761336269003,12098714022
1761336270003,12233775383
1761336271008,12368708448
1761336272006,12503663303
1761336273032,12638947868
1761336274026,12775098338
1761336275028,12911088529
1761336276016,13044832388
1761336277007,13178300858
1761336278006,13313397436
1761336279004,13448041866
1761336280003,13582815569
1761336281004,13717932777
1761336282003,13852763914
1761336283003,13987640583
1761336284003,14122541177
1761336285003,14257346557
1761336286004,14392410543
1761336287005,14527405314
1761336288007,14662923522
1761336289020,14798164875
1761336290016,14932812907
1761336291019,15069046200
1761336292014,15202253867
1761336293026,15339151893
1761336294010,15472481752
1761336295032,15609583757
1761336296006,15742079939
1761336297007,15876769597
1761336298009,16012367882
1761336299020,16148748392
1761336300026,16282639407
1761336301019,16416971156
1761336302029,16554039286
1761336303031,16689425963
1761336304014,16822710290
1761336305026,16957171006
1761336306004,17091076669
1761336307003,17225848785
1761336308003,17360843068
1761336309003,17495627513
1761336310009,17630966522
1761336311034,17768051437
1761336312009,17900933482
1761336313009,18035881867
1761336314033,18172042041
1761336315035,18309283511
1761336316006,18440301730
1761336317031,18577971849
1761336318003,18710163283
1761336319003,18845131565
1761336320003,18980014826
1761336321003,19114978409
1761336322003,19249842627
1761336323003,19384776546
1761336324003,19519727373
1761336325005,19654882056
1761336326004,19789676999
1761336327003,19924500262
1761336328004,20059582985
1761336329003,20194302001
1761336330004,20329373249
1761336331003,20464178934
1761336332003,20599085877
1761336333003,20733932333
1761336334005,20869086772
1761336335018,21004787231
1761336336012,21139196982
1761336337073,21276448705
1761336338018,21410555296
1761336339039,21548242626
1761336340021,21679953593
1761336341022,21815129394
1761336342049,21951578996
1761336343029,22086098427
1761336344008,22218867985
1761336345003,22353116420
1761336346003,22488204331
1761336347003,22623005927
1761336348003,22757876493
1761336349017,22894719038
1761336350007,23028129463
1761336351025,23163365018
1761336352042,23298015796
1761336353016,23434016424
1761336354053,23573244583
1761336355023,23705090498
1761336356025,23840269779
1761336357003,23972386262
1761336358003,24107398489
1761336359003,24242205029
1761336360003,24377112338
1761336361003,24512067497
1761336362003,24646977491
1761336363004,24782040805
1761336364003,24916976739
1761336365004,25051882156
1761336366003,25186675023
1761336367003,25321657588
1761336368003,25456554215
1761336369003,25591547766
1761336370031,25728611563
1761336371036,25863612316
1761336372007,25996538001
1761336373035,26133892569
1761336374014,26266358844
1761336375007,26401699501
1761336376016,26537903681
1761336377004,26670641256
1761336378003,26805679118
1761336379003,26940732972
1761336380003,27075661887
1761336381003,27210502423
1761336382003,27345323428
1761336383007,27480849509
1761336384003,27615402143
1761336385003,27750042546
1761336386003,27885251733
1761336387003,28019960556
1761336388004,28155295659
1761336389004,28289962123
1761336390004,28425016159
1761336391003,28559705268
1761336392004,28695025051
1761336393004,28829730089
1761336394003,28964574532
1761336395003,29099404204
1761336396003,29234450672
1761336397003,29369385629
1761336398003,29504171295
1761336399003,29639271352
1761336400003,29774096812
1761336401003,29909100678
1761336402004,30044141226
1761336403002,30178690198
1761336404004,30313692355
1761336405007,30449337576
1761336406003,30583355117
1761336407007,30719068575
1761336408003,30853465143
1761336409003,30988265945
1761336410002,31123195348
1761336411004,31258286860
1761336412003,31392958818
1761336413003,31527927100
1761336414003,31662803220
1761336415004,31797735186
1761336416004,31932800392
1761336417003,32067648985
1761336418003,32202649128
1761336419002,32337425882
1761336420003,32472237183
1761336421002,32607326620
1761336422002,32742219036
1761336423003,32877173280
1761336424003,33012117637
1761336425004,33147243756
1761336426002,33281869327
1761336427004,33417067101
1761336428003,33551883101
1761336429005,33686800724
1761336430004,33821724512
1761336431003,33956639389
1761336432003,34091604497
1761336433003,34226361171
1761336434002,34361364549
1761336435003,34496304694
1761336436004,34631445889
1761336437004,34766333544
1761336438003,34901045357
1761336439002,35035852690
1761336440003,35171036609
1761336441003,35305900644
1761336442003,35440829498
1761336443003,35575823232
1761336444002,35710759288
1761336445003,35845556916
1761336446003,35980617362
1761336447003,36115491284
1761336448004,36250599642
1761336449003,36385353630
1761336450003,36520367078
1761336451003,36654953404
1761336452003,36790099298
1761336453002,36924905166
1761336454003,37059888769
1761336455003,37194660335
1761336456003,37329616411
1761336457003,37464482642
1761336458003,37599490781
1761336459003,37734301105
1761336460006,37869811622
1761336461005,38004611020
1761336462002,38139315449
1761336463003,38274076883
1761336464003,38409069458
1761336465003,38543839315
1761336466003,38678959819
1761336467002,38813758607
1761336468003,38948817527
1761336469003,39083633099
1761336470003,39218682742
1761336471003,39353453759
1761336472003,39488494673
1761336473003,39623423466
1761336474003,39758384241
1761336475003,39893184921
1761336476003,40028205938
1761336477003,40163166774
1761336478003,40298080125
1761336479003,40433005438
1761336480003,40567946316
1761336481003,40702850268
1761336482002,40837810310
1761336483003,40972716825
1761336484002,41107628956
1761336485002,41242538644
1761336486003,41377526885
1761336487003,41512405324
1761336488003,41647330638
1761336489003,41782242951
1761336490003,41917141227
1761336491003,42052177624
1761336492003,42187029635
1761336493002,42321921318
1761336494003,42456858717
1761336495002,42591813999
1761336496003,42726716791
1761336497003,42861651870
1761336498003,42996421117
1761336499002,43131416866
1761336500003,43266416276
1761336501003,43401457434
1761336502003,43536400143
1761336503003,43671289812
1761336504003,43806095619
1761336505004,43941126829
1761336506003,44076111163
1761336507003,44211037515
1761336508003,44345905761
1761336509003,44480820760
1761336510003,44615641826
1761336511003,44750734192
1761336512003,44885630148
1761336513003,45020549419
1761336514003,45155495912
1761336515003,45290429039
1761336516003,45425361127
1761336517003,45560291812
1761336518003,45695197473
1761336519003,45830141402
1761336520003,45965098454
1761336521003,46099989832
1761336522003,46234927475
1761336523003,46369825384
1761336524003,46504778103
1761336525003,46639723802
1761336526003,46774570381
1761336527003,46909462369
1761336528003,47044520556
1761336529002,47179408822
1761336530003,47314221221
1761336531003,47449244557
1761336532003,47584241831
1761336533003,47719030121
1761336534003,47854007742
1761336535003,47988863293
1761336536004,48119001204
1761336537005,48237305467
1761336538004,48363168243
1761336539003,48502488321
1761336540003,48638088620
1761336541003,48772926776
1761336542003,48907884500
1761336543003,49042890380
1761336544003,49177840474
1761336545003,49312675272
1761336546003,49447693726
1761336547003,49582568075
1761336548003,49717535930
1761336549003,49852450380
1761336550003,49987403037
1761336551003,50122296613
1761336552003,50257321658
1761336553003,50392210351
1761336554003,50527042220
1761336555007,50662023258
1761336556003,50796849818
1761336557003,50931798447
1761336558003,51066880010
1761336559003,51201685085
1761336560002,51336335253
1761336561003,51471258430
1761336562003,51606494901
1761336563003,51741190662
1761336564003,51876120797
1761336565003,52010768585
1761336566003,52145938832
1761336567003,52280911448
1761336568003,52415895722
1761336569003,52550735525
1761336570003,52685740490
1761336571003,52820585726
1761336572003,52955595024
1761336573003,53090427930
1761336574002,53225245823
1761336575004,53360460259
1761336576003,53495193069
1761336577003,53629915990
1761336578003,53765193232
1761336579003,53899393694
1761336580003,54034812842
1761336581003,54169695919
1761336582003,54304594927
1761336583003,54439658546
1761336584003,54574420103
1761336585003,54709514423
1761336586003,54844451272
1761336587003,54979323852
1761336588003,55114255452
1761336589003,55249084636
1761336590007,55384740050
1761336591007,55519535054
1761336592004,55653980084
1761336593015,55790452451
1761336594016,55925353412
1761336595016,56060558327
1761336596032,56195726988
1761336597014,56329535239
1761336598044,56467402257
1761336599027,56600280151
1761336600004,56733516566
1761336601008,56868969466
1761336602003,57003287909
1761336603003,57138189785
1761336604003,57273131273
1761336605008,57408730352
1761336606003,57542981534
1761336607003,57677910693
1761336608003,57812774240
1761336609004,57947856963
1761336610003,58082643788
1761336611003,58217557322
1761336612003,58352513520
1761336613003,58487519888
1761336614003,58622314037
1761336615032,58758477507
1761336616044,58893383473
1761336617035,59031466554
1761336618005,59162363558
1761336619011,59297660087
1761336620007,59432560987
1761336621013,59567757967
1761336622032,59705606430
1761336623003,59836843704
1761336624003,59971679724
1761336625005,60106934687
1761336626003,60241584977
1761336627003,60376517737
1761336628004,60511488461
1761336629003,60646337115
1761336630003,60781238686
1761336631008,60916872799
1761336632010,61051831621
1761336633015,61186259683
1761336634010,61321515379
1761336635042,61457565324
1761336636031,61594014193
1761336637023,61727072263
1761336638011,61860821006
1761336639003,61995561139
1761336640011,62131476502
1761336641006,62265880638
1761336642017,62401767314
1761336643013,62536228212
1761336644029,62671276755
1761336645036,62805956709
1761336646033,62944115657
1761336647011,63075699182
1761336648083,63220808613
1761336649003,63344982367
1761336650003,63479772122
1761336651003,63614670886
1761336652003,63749748848
1761336653003,63884667509
1761336654003,64019437855
1761336655006,64154509225
1761336656003,64289277252
1761336657004,64424564137
1761336658058,64562061832
1761336659020,64695844326
1761336660015,64830212574
1761336661013,64964602550
1761336662019,65101005460
1761336663042,65233911064
1761336664024,65371768316
1761336665039,65504894135
1761336666003,65638713800
1761336667003,65773521499
1761336668003,65908554051
1761336669004,66043620905
1761336670003,66178321122
1761336671006,66313186377
1761336672029,66451655933
1761336673008,66583909012
1761336674026,66719621189
1761336675022,66853704403
1761336676012,66989159562
1761336677022,67123089578
1761336678012,67259070736
1761336679003,67392688680
1761336680003,67527664347
1761336681003,67662567261
1761336682003,67797486105
1761336683004,67932425213
1761336684003,68067317080
1761336685003,68202271690
1761336686004,68337334821
1761336687003,68472082462
1761336688008,68607872337
1761336689006,68742035323
1761336690007,68877269230
1761336691074,69018270334
1761336692028,69148990214
1761336693036,69283220949
1761336694024,69418093285
1761336695046,69555465919
1761336696019,69688202396
1761336697004,69821508878
1761336698005,69956824083
1761336699009,70091896247
1761336700042,70229844381
1761336701008,70361704150
1761336702005,70496237436
1761336703028,70633460657
1761336704022,70767580309
1761336705008,70901127452
1761336706028,71039144189
1761336707004,71170908561
1761336708003,71305665479
1761336709003,71440665500
1761336710005,71575889030
1761336711008,71711193860
1761336712024,71847466887
1761336713026,71982171071
1761336714040,72117762643
1761336715032,72250711766
1761336716050,72390447065
1761336717015,72520849441
1761336718008,72655611913
1761336719003,72789847776
1761336720007,72925310869
1761336721003,73059666665
1761336722005,73195002500
1761336723003,73329225606
1761336724003,73464414164
1761336725003,73599298279
1761336726003,73734227865
1761336727003,73869148296
1761336728003,74004100893
1761336729003,74139011619
1761336730003,74273938032
1761336731003,74408840884
1761336732003,74543925988
1761336733003,74678740706
1761336734003,74813770207
1761336735003,74948547144
1761336736002,75083503952
1761336737005,75218603338
1761336738012,75354122644
1761336739012,75488899582
1761336740010,75623756475
1761336741015,75758450039
1761336742018,75894184555
1761336743022,76028436775
1761336744026,76164107082
1761336745056,76302312478
1761336746022,76434036872
1761336747100,76580677121
1761336748004,76702628408
1761336749003,76837630870
1761336750003,76972464632
1761336751003,77107402885
1761336752003,77242345533
1761336753003,77377290805
1761336754003,77512176812
1761336755007,77647625135
1761336756005,77782102757
1761336757003,77916981379
1761336758003,78051927750
1761336759003,78186838354
1761336760003,78321748653
1761336761003,78456703996
1761336762004,78591705543
1761336763003,78726652707
1761336764004,78861586138
1761336765004,78996511818
1761336766003,79131310362
1761336767003,79266253620
1761336768003,79401164530
1761336769003,79536062927
1761336770003,79670984335
1761336771003,79805944622
1761336772003,79940984620
1761336773003,80075783775
1761336774003,80210737225
1761336775003,80345587222
1761336776003,80480718468
1761336777003,80615590681
1761336778003,80750371220
1761336779014,80885903893
1761336780022,81022633829
1761336781033,81157468383
1761336782037,81294344254
1761336783010,81426122908
1761336784031,81563382688
1761336785035,81696895042
1761336786070,81837023528
1761336787079,81974770124
1761336788060,82103141622
1761336789046,82239044289
1761336790012,82370851508
1761336791012,82505014799
1761336792011,82640485705
1761336793005,82774843088
1761336794004,82909345429
1761336795004,83044414419
1761336796003,83179188611
1761336797003,83314185396
1761336798003,83449054680
1761336799003,83584013624
1761336800003,83718918247
1761336801003,83853808771
1761336802003,83988782790
1761336803003,84123698949
1761336804003,84258584346
1761336805003,84393520341
1761336806004,84528641577
1761336807004,84663638668
1761336808003,84798347918
1761336809003,84933241615
1761336810003,85068181883
1761336811003,85203109943
1761336812004,85338172158
1761336813003,85473060851
1761336814003,85607886128
1761336815004,85742718730
1761336816003,85877856507
1761336817003,86012832296
1761336818003,86147578350
1761336819003,86282604616
1761336820003,86417676780
1761336821005,86552737897
1761336822010,86687827822
1761336823018,86823337973
1761336824013,86958124432
1761336825014,87092913455
1761336826060,87233585458
1761336827151,87378551884
1761336828045,87501849053
1761336829098,87641996949
1761336830190,87789257375
1761336831072,87910865828
1761336832003,88036513090
1761336833003,88171562854
1761336834007,88306903633
1761336835016,88442541164
1761336836009,88577066638
1761336837007,88711311167
1761336838011,88846484710
1761336839016,88981774464
1761336840011,89117067758
1761336841087,89262264285
1761336842003,89385967887
1761336843004,89520915296
1761336844004,89655786288
1761336845003,89790600701
1761336846004,89925709181
1761336847003,90060493748
1761336848003,90195514338
1761336849004,90330434158
1761336850003,90465350256
1761336851003,90600318904
1761336852003,90735254472
1761336853003,90869993080
1761336854003,91004930601
1761336855007,91139809528
1761336856003,91274773477
1761336857004,91409976133
1761336858004,91544762165
1761336859003,91679564860
1761336860003,91814634216
1761336861003,91949391501
1761336862003,92084497356
1761336863003,92219482179
1761336864006,92354733053
1761336865039,92490954262
1761336866021,92625353637
1761336867030,92759551597
1761336868017,92895027752
1761336869034,93029866029
1761336870016,93165503072
1761336871030,93300408489
1761336872290,93460209837
1761336873024,93571601642
1761336874004,93703622300
1761336875009,93839160100
1761336876007,93974007533
1761336877003,94108341540
1761336878004,94243392708
1761336879004,94378340238
1761336880003,94513097096
1761336881004,94648172433
1761336882003,94782781769
1761336883004,94918042165
1761336884011,95052867992
1761336885019,95187991486
1761336886018,95323991199
1761336887005,95457894665
1761336888022,95593433319
1761336889016,95729098377
1761336890011,95863607188
1761336891004,95997455356
1761336892004,96132212580
1761336893003,96267251296
1761336894003,96402174657
1761336895012,96538242058
1761336896003,96672047623
1761336897003,96806952857
1761336898003,96941854123
1761336899003,97076787859
1761336900003,97211737770
1761336901003,97346680784
1761336902004,97481784137
1761336903003,97616609048
1761336904005,97751706175
1761336905019,97887248553
1761336906020,98022233254
1761336907006,98156339051
1761336908021,98291681356
1761336909024,98427223794
1761336910030,98562449339
1761336911020,98697395832
1761336912014,98831171368
1761336913013,98966785279
1761336914034,99104538833
1761336915036,99240073703
1761336916003,99370578984
1761336917003,99505474391
1761336918003,99640366929
1761336919008,99776010380
1761336920003,99910247463
1761336921003,100045151293
1761336922003,100180114937
1761336923003,100315051054
1761336924003,100449958484
1761336925004,100585008859
1761336926004,100719947905
1761336927003,100854731984
1761336928003,100989682200
1761336929003,101124590790
1761336930005,101259750540
1761336931003,101394640026
1761336932007,101529575776
1761336933007,101664890127
1761336934009,101799426221
1761336935023,101935221283
1761336936010,102070120474
1761336937007,102204237929
1761336938024,102340688385
1761336939008,102474508538
1761336940004,102608912247
1761336941004,102743812963
1761336942004,102878745907
1761336943004,103013701677
1761336944003,103148605323
1761336945006,103283942135
1761336946003,103418418597
1761336947003,103553224466
1761336948007,103688732786
1761336949012,103824235735
1761336950011,103959149574
1761336951047,104097072561
1761336952035,104230925795
1761336953024,104364651343
1761336954030,104500068538
1761336955095,104638533638
1761336956054,104771902193
1761336957090,104914308750
1761336958003,105037531274
1761336959023,105173347698
1761336960004,105307579410
1761336961003,105442372767
1761336962003,105577390915
1761336963003,105712194036
1761336964003,105847144557
1761336965008,105982038926
1761336966003,106116964301
1761336967003,106251902493
1761336968004,106387003588
1761336969003,106521732125
1761336970003,106656685759
1761336971003,106791618580
1761336972003,106926544870
1761336973004,107061640777
1761336974003,107196368093
1761336975003,107331400645
1761336976003,107466349153
1761336977003,107601275443
1761336978003,107736198498
1761336979003,107871016085
1761336980007,108006120049
1761336981012,108141165357
1761336982025,108278546841
1761336983016,108411367974
1761336984018,108546311109
1761336985008,108680669347
1761336986018,108816312555
1761336987013,108951890760
1761336988003,109085415747
1761336989003,109220420407
1761336990003,109355218035
1761336991006,109490680579
1761336992028,109626789911
1761336993015,109761376725
1761336994018,109896379858
1761336995029,110030618650
1761336996044,110169799263
1761336997042,110304344451
1761336998007,110435297790
1761336999015,110570570637
1761337000071,110706112648
1761337001004,110839626161
1761337002003,110974542808
1761337003004,111109504377
1761337004004,111244394107
1761337005008,111379240075
1761337006003,111514129928
1761337007003,111649199711
1761337008003,111784145716
1761337009003,111918892441
1761337010004,112053950445
1761337011003,112188783840
1761337012003,112323846056
1761337013004,112458768562
1761337014003,112593696439
1761337015004,112728643054
1761337016003,112863512643
1761337017003,112998431975
1761337018003,113133241017
1761337019003,113268264781
1761337020003,113403256683
1761337021003,113538137625
1761337022003,113673085522
1761337023003,113808019136
1761337024003,113942911430
1761337025003,114077717359
1761337026003,114212769138
1761337027003,114347586541
1761337028003,114482750258
1761337029012,114617882297
1761337030005,114752704096
1761337031007,114887830337
1761337032009,115022524633
1761337033018,115158949455
1761337034010,115292717178
1761337035032,115430690763
1761337036012,115562407284
1761337037016,115697826798
1761337038038,115834541536
1761337039035,115969105278
1761337040039,116102992204
1761337041003,116236619181
1761337042003,116371558289
1761337043003,116506452414
1761337044003,116641391094
1761337045003,116776291322
1761337046003,116911233360
1761337047003,117046131940
1761337048003,117181063846
1761337049003,117315967553
1761337050003,117451027693
1761337051003,117585914860
1761337052004,117720854456
1761337053003,117855855758
1761337054003,117990705206
1761337055007,118126054530
1761337056004,118260596727
1761337057003,118395559272
1761337058004,118530485135
1761337059003,118665245166
1761337060003,118800315804
1761337061003,118935227568
1761337062003,119070035634
1761337063003,119205099558
1761337064003,119340049713
1761337065003,119474922903
1761337066004,119609918040
1761337067003,119744794160
1761337068003,119879755546
1761337069003,120014667187
1761337070003,120149603243
1761337071003,120284498894
1761337072003,120419423475
1761337073003,120554299900
1761337074003,120689335993
1761337075004,120824345901
1761337076012,120959255468
1761337077009,121094684442
1761337078011,121229649978
1761337079043,121367426359
1761337080041,121502534167
1761337081062,121638219122
1761337082021,121770579379
1761337083019,121905645806
1761337084024,122038658588
1761337085041,122176123629
1761337086006,122308732299
1761337087003,122443315145
1761337088024,122578286540
1761337089017,122714152403
1761337090059,122854320501
1761337091024,122985232764
1761337092029,123120986140
1761337093025,123254119527
1761337094020,123389953896
1761337095033,123523744142
1761337096005,123657884545
1761337097003,123792714400
1761337098004,123927599553
1761337099003,124062542079
1761337100003,124197455674
1761337101003,124332233161
1761337102012,124468375757
1761337103003,124602233263
1761337104003,124737149910
1761337105003,124871942900
1761337106004,125007144397
1761337107004,125141971017
1761337108004,125276986052
1761337109003,125411780080
1761337110003,125546582286
1761337111003,125681627839
1761337112003,125816570303
1761337113003,125951485180
1761337114003,126086388216
1761337115005,126221630301
1761337116003,126356282178
1761337117003,126491205295
1761337118003,126626139886
1761337119003,126761074721
1761337120019,126898114348
1761337121024,127031532220
1761337122008,127166627638
1761337123019,127301074743
1761337124017,127436640802
1761337125024,127573068248
1761337126027,127706596593
1761337127043,127844848619
1761337128042,127978680186
1761337129020,128111932225
1761337130075,128250608628
1761337131017,128381266924
1761337132114,128522246787
1761337133008,128650532348
1761337134003,128784891562
1761337135004,128919902691
1761337136003,129054869752
1761337137003,129189650535
1761337138003,129324734113
1761337139003,129459499576
1761337140003,129594560204
1761337141003,129729488509
1761337142003,129864294072
1761337143003,129999223902
1761337144003,130134290329
1761337145014,130269316473
1761337146003,130404120571
1761337147003,130539043748
1761337148003,130673971504
1761337149003,130808890287
1761337150003,130943821582
1761337151003,131078879647
1761337152003,131213684477
1761337153003,131348662831
1761337154003,131483573313
1761337155003,131618476837
1761337156004,131753396597
1761337157003,131888357677
1761337158003,132023287141
1761337159003,132158229178
1761337160035,132294407846
1761337161012,132428873078
1761337162031,132565439012
1761337163034,132700770514
1761337164031,132835695218
1761337165014,132968107049
1761337166021,133103795483
1761337167043,133239396821
1761337168019,133374052299
1761337169082,133514481871
1761337170092,133654212043
1761337171003,133777390133
1761337172008,133912958085
1761337173004,134047304726
1761337174011,134182525571
1761337175019,134318234879
1761337176059,134458508751
1761337177011,134587085692
1761337178035,134724016983
1761337179015,134858150856
1761337180004,134991893494
1761337181003,135126684897
1761337182003,135261551068
1761337183003,135396518801
1761337184003,135531282433
1761337185003,135666350996
1761337186003,135801256168
1761337187003,135936180872
1761337188003,136070997604
1761337189003,136206035039
1761337190003,136341003016
1761337191003,136475922593
1761337192003,136610866828
1761337193003,136745791897
1761337194003,136880682970
1761337195004,137015563362
1761337196003,137150650480
1761337197008,137286074328
1761337198012,137421498175
1761337199011,137555730681
1761337200020,137692208298
1761337201015,137826744513
1761337202018,137962050868
1761337203021,138097303452
1761337204003,138229992565
1761337205027,138366205473
1761337206014,138501325245
1761337207032,138638586612
1761337208031,138770848236
1761337209021,138906319142
1761337210029,139041634775
1761337211044,139179458580
1761337212011,139310119256
1761337213012,139445464979
1761337214003,139579166907
1761337215048,139718950729
1761337216003,139849102373
1761337217004,139984219825
1761337218003,140118844114
1761337219003,140253873248
1761337220003,140388856118
1761337221012,140523921629
1761337222019,140659640520
1761337223005,140793905130
1761337224017,140929134764
1761337225013,141064165974
1761337226025,141199922706
1761337227026,141336370905
1761337228008,141468870748
1761337229003,141603240400
1761337230003,141738042850
1761337231003,141873041406
1761337232005,142008232405
1761337233004,142143074406
1761337234007,142278278344
1761337235035,142414758830
1761337236051,142553480215
1761337237057,142686498308
1761337238011,142818361984
1761337239033,142955147644
1761337240004,143087496304
1761337241003,143222267444
1761337242003,143357388558
1761337243004,143492294890
1761337244004,143627249012
1761337245003,143762012522
1761337246003,143896929169
1761337247004,144032028432
1761337248004,144166744030
1761337249009,144302382171
1761337250016,144438476916
1761337251008,144572112316
1761337252039,144709732691
1761337253008,144842094779
1761337254020,144978206003
1761337255028,145112217439
1761337256008,145246822258
1761337257004,145381243301
1761337258003,145516071081
1761337259003,145650987850
1761337260003,145786025163
1761337261003,145921005591
1761337262004,146055933346
1761337263003,146190653827
1761337264003,146325724770
1761337265003,146460532469
1761337266003,146595620808
1761337267003,146730634317
1761337268005,146865545043
1761337269006,147000449605
1761337270038,147137313024
1761337271043,147271365660
1761337272024,147407214372
1761337273010,147540688029
1761337274032,147678129633
1761337275034,147812385759
1761337276026,147946442423
1761337277037,148084205437
1761337278004,148214839563
1761337279003,148349617111
1761337280003,148484526922
1761337281003,148619454311
1761337282004,148754538254
1761337283003,148889299323
1761337284003,149024239651
1761337285004,149159163134
1761337286004,149294218269
1761337287004,149429159757
1761337288004,149564075550
1761337289003,149699036142
1761337290003,149833643829
1761337291012,149969309314
1761337292010,150104181650
1761337293017,150240597865
1761337294014,150374310963
1761337295091,150513939146
1761337296027,150645569424
1761337297073,150787824492
1761337298004,150913291883
1761337299003,151048228671
1761337300004,151183170465
1761337301003,151318086623
1761337302003,151452869359
1761337303003,151587950617
1761337304003,151722840714
1761337305017,151859638215
1761337306011,151992731503
1761337307020,152128479019
1761337308024,152264325778
1761337309024,152399406670
1761337310017,152533031206
1761337311037,152668988499
1761337312043,152807715744
1761337313003,152937186543
1761337314003,153072109904
1761337315009,153207826597
1761337316004,153341976706
1761337317004,153476916241
1761337318004,153612054078
1761337319012,153747916646
1761337320012,153882818461
1761337321003,154016423282
1761337322004,154147614719
1761337323004,154266903781
1761337324002,154387156220
1761337325003,154505721102
1761337326002,154623078773
1761337327002,154745176116
1761337328004,154866674768
1761337329003,154984235563
1761337330003,155103606473
1761337331003,155231083137
1761337332003,155368778219
1761337333003,155505290137
1761337334003,155640260739
1761337335003,155775008319
1761337336003,155910306740
1761337337004,156045292966
1761337338003,156179805012
1761337339003,156314750956
1761337340003,156449679871
1761337341003,156584620565
1761337342002,156719350567
1761337343003,156854619508
1761337344003,156989488303
1761337345003,157124026472
1761337346003,157259172183
1761337347003,157394231896
1761337348003,157529210982
1761337349003,157664064457
1761337350003,157798945398
1761337351003,157933874985
1761337352003,158068832891
1761337353003,158203781215
1761337354003,158338707078
1761337355004,158473813361
1761337356003,158608417447
1761337357003,158743516894
1761337358003,158878366768
1761337359003,159013240080
1761337360003,159148235218
1761337361003,159283184580
1761337362003,159418088043
1761337363003,159552966055
1761337364003,159687962230
1761337365003,159822818391
1761337366002,159957698539
1761337367003,160092608533
1761337368002,160227230686
1761337369002,160362490410
1761337370003,160497284133
1761337371003,160632366001
1761337372003,160767248957
1761337373003,160902285354
1761337374003,161037104101
1761337375035,161174378347
1761337376003,161307094804
1761337377003,161441901832
1761337378003,161576821286
1761337379003,161711924395
1761337380003,161846693276
1761337381003,161981605101
1761337382003,162116637592
1761337383003,162251556375
1761337384003,162386530456
1761337385010,162522309588
1761337386003,162656399882
1761337387003,162791283692
1761337388003,162926246359
1761337389003,163061133465
1761337390003,163195896853
1761337391004,163330984642
1761337392003,163465936140
1761337393003,163600832279
1761337394003,163735760339
1761337395022,163871361127
1761337396004,164005602422
1761337397003,164140581324
1761337398003,164275514268
1761337399003,164410431647
1761337400004,164545455532
1761337401003,164680243273
1761337402010,164815661627
1761337403007,164950475735
1761337404037,165088310771
1761337405091,165231320842
1761337406022,165357235314
1761337407040,165492023177
1761337408025,165627486759
1761337409027,165760261931
1761337410047,165899111857
1761337411018,166030332407
1761337412042,166168181175
1761337413057,166302845320
1761337414029,166437679570
1761337415039,166570813750
1761337416015,166704115289
1761337417003,166839093642
1761337418003,166974096898
1761337419003,167109024714
1761337420003,167243929398
1761337421004,167378855566
1761337422003,167513833614
1761337423004,167648838273
1761337424003,167783595619
1761337425003,167918504209
1761337426003,168053376117
1761337427003,168188420693
1761337428003,168323380858
1761337429003,168458249287
1761337430003,168593207194
1761337431003,168728106446
1761337432003,168863055746
1761337433003,168997999370
1761337434003,169132888063
1761337435004,169267815025
1761337436003,169402737836
1761337437003,169537695193
1761337438003,169672545190
1761337439015,169807555281
1761337440010,169943396303
1761337441011,170078491783
1761337442011,170212643661
1761337443018,170348638125
1761337444016,170483910117
1761337445023,170619270122
1761337446058,170756101315
1761337447049,170893082532
1761337448022,171022766953
1761337449044,171162376337
1761337450089,171292803310
1761337451058,171430603983
1761337452179,171574556495
1761337453163,171717972449
1761337454004,171831589712
1761337455003,171966312633
1761337456003,172101396211
1761337457003,172236320548
1761337458004,172371234570
1761337459003,172506154330
1761337460003,172640944085
1761337461003,172776008009
1761337462003,172910820225
1761337463003,173045739679
1761337464003,173180802200
1761337465004,173315889379
1761337466004,173450816584
1761337467003,173585589067
1761337468003,173720396094
1761337469003,173855310788
1761337470003,173990329791
1761337471003,174125324196
1761337472003,174260193419
1761337473005,174395417804
1761337474003,174530059793
1761337475012,174665318236
1761337476009,174800740192
1761337477016,174936411353
1761337478015,175071100767
1761337479008,175205211568
1761337480065,175341369484
1761337481024,175476413694
1761337482006,175609713707
1761337483023,175745790324
1761337484025,175881554441
1761337485025,176015878804
1761337486036,176151365091
1761337487054,176286842039
1761337488023,176420866354
1761337489019,176555484235
1761337490029,176691601806
1761337491004,176823899075
1761337492004,176958890673
1761337493005,177093932502
1761337494003,177228545622
1761337495004,177363497181
1761337496003,177498599679
1761337497004,177633589812
1761337498004,177768536488
1761337499003,177903188609
1761337500003,178038141511
1761337501003,178173065848
1761337502006,178308470653
1761337503004,178443161775
1761337504003,178577991508
1761337505005,178713043897
1761337506003,178847837009
1761337507004,178982716607
1761337508003,179117686110
1761337509004,179252745884
1761337510003,179387520625
1761337511003,179522282670
1761337512008,179658107395
1761337513015,179793116510
1761337514031,179929902232
1761337515011,180062906835
1761337516038,180199931753
1761337517018,180332882706
1761337518050,180470984221
1761337519161,180607436264
1761337520031,180739958874
1761337521084,180882625806
1761337522006,181007103271
1761337523006,181141621481
1761337524009,181277023173
1761337525028,181413403256
1761337526031,181547792438
1761337527011,181682461100
1761337528039,181818356199
1761337529012,181952322103
1761337530006,182086427473
1761337531003,182221080448
1761337532004,182355989344
1761337533003,182490923324
1761337534003,182625747015
1761337535003,182760703823
1761337536003,182895702134
1761337537003,183030506904
1761337538003,183165452237
1761337539003,183300381213
1761337540003,183435408822
1761337541003,183570198882
1761337542003,183705288258
1761337543003,183840216318
1761337544004,183975159454
1761337545003,184110056142
1761337546003,184244838451
1761337547005,184379896089
1761337548003,184514815055
1761337549007,184649874829
1761337550013,184785955352
1761337551044,184920586416
1761337552036,185056600411
1761337553040,185191810880
1761337554035,185328048996
1761337555019,185461211802
1761337556032,185596198090
1761337557082,185733369553
1761337558112,185878772928
1761337559003,185998974219
1761337560003,186133888852
1761337561004,186269081194
1761337562006,186404120460
1761337563044,186540446161
1761337564025,186675381606
1761337565028,186810958957
1761337566029,186946955313
1761337567017,187080169877
1761337568024,187215871312
1761337569012,187349486021
1761337570003,187483174338
1761337571004,187618208661
1761337572004,187753144228
1761337573003,187888110863
1761337574004,188022990278
1761337575005,188157938846
1761337576003,188292743494
1761337577003,188427631027
1761337578004,188562696721
1761337579003,188697624843
1761337580003,188832549363
1761337581004,188967612555
1761337582003,189102438015
1761337583004,189237235216
1761337584004,189372109444
1761337585003,189507199003
1761337586031,189643814498
1761337587033,189778031684
1761337588037,189916085590
1761337589020,190048089281
1761337590028,190184711795
1761337591026,190318340969
1761337592008,190452333546
1761337593004,190586723217
1761337594004,190721487520
1761337595005,190856517021
1761337596004,190991482496
1761337597003,191126280429
1761337598003,191261205560
1761337599003,191396086257
1761337600004,191531061070
1761337601007,191666308527
1761337602003,191800960648
1761337603019,191937384310
1761337604007,192070859737
1761337605028,192208103893
1761337606024,192342461947
1761337607012,192476084591
1761337608018,192611361344
1761337609020,192747642490
1761337610003,192880359801
1761337611004,193015344624
1761337612003,193150242533
1761337613003,193285071228
1761337614003,193420106771
1761337615005,193555191265
1761337616003,193689816103
1761337617003,193824867027
1761337618003,193959835370
1761337619003,194094643619
1761337620004,194229769555
1761337621011,194364601241
1761337622039,194502101682
1761337623006,194634449366
1761337624021,194770454084
1761337625010,194904771184
1761337626003,195039255458
1761337627003,195174111925
1761337628003,195309054450
1761337629003,195443949979
1761337630003,195578863696
1761337631003,195713796334
1761337632003,195848772429
1761337633003,195983687428
1761337634003,196118587717
1761337635003,196253612457
1761337636003,196388466421
1761337637003,196523365490
1761337638002,196658026461
1761337639003,196793408744
1761337640011,196928672863
1761337641006,197063309603
1761337642021,197198721549
1761337643006,197333096998
1761337644026,197470470304
1761337645018,197604759145
1761337646016,197738964123
1761337647008,197873269077
1761337648004,198007607540
1761337649003,198142502397
1761337650003,198277507422
1761337651003,198412309934
1761337652003,198547276995
1761337653011,198682471168
1761337654004,198817364439
1761337655022,198952664935
1761337656012,199088221595
1761337657023,199223775508
1761337658066,199363397831
1761337659033,199495773469
1761337660008,199627316101
1761337661003,199761709922
1761337662003,199896644879
1761337663004,200031579653
1761337664003,200166502342
1761337665004,200301512129
1761337666003,200436337833
1761337667003,200571252283
1761337668003,200706160202
1761337669004,200841115728
1761337670003,200975907070
1761337671003,201110976182
1761337672003,201245911689
1761337673003,201380836026
1761337674003,201515723803
1761337675004,201650623177
1761337676003,201785598112
1761337677003,201920538502
1761337678007,202055783456
1761337679009,202190768584
1761337680015,202326384508
1761337681013,202461458320
1761337682030,202596288420
1761337683028,202731730700
1761337684023,202867054206
1761337685009,203000145174
1761337686014,203134831474
1761337687025,203271613778
1761337688049,203409738486
1761337689027,203541960620
1761337690022,203675612561
1761337691060,203812125090
1761337692031,203946632802
1761337693086,204082017526
1761337694130,204227804140
1761337695082,204356220987
1761337696003,204484252092
1761337697003,204619132911
1761337698003,204753971311
1761337699003,204888848591
1761337700003,205023923440
1761337701003,205158731323
1761337702003,205293786275
1761337703003,205428723124
1761337704003,205563659363
1761337705003,205698562704
1761337706003,205833359234
1761337707003,205968413698
1761337708004,206103484031
1761337709003,206238260297
1761337710004,206373231876
1761337711008,206508805076
1761337712004,206643146773
1761337713004,206777975285
1761337714003,206912890833
1761337715003,207047822190
1761337716003,207182659674
1761337717004,207317504238
1761337718011,207453622359
1761337719025,207589741762
1761337720011,207723354335
1761337721006,207857383105
1761337722006,207992387948
1761337723045,208132358476
1761337724043,208264975202
1761337725023,208398752203
1761337726054,208537977005
1761337727036,208668932236
1761337728083,208812494125
1761337729051,208940648338
1761337730003,209071693168
1761337731003,209206551893
1761337732009,209342283174
1761337733006,209476829704
1761337734014,209612566784
1761337735023,209748584319
1761337736018,209881870354
1761337737005,210016272720
1761337738082,210161020580
1761337739039,210289510302
1761337740013,210422407545
1761337741004,210555899452
1761337742003,210690932614
1761337743003,210825714068
1761337744003,210960749734
1761337745008,211096215878
1761337746008,211231240984
1761337747004,211365521036
1761337748003,211500489502
1761337749003,211635429708
1761337750003,211770157696
1761337751003,211905109071
1761337752023,212040435141
1761337753003,212175080853
1761337754004,212310135073
1761337755007,212445281211
1761337756003,212580047895
1761337757013,212714939823
1761337758024,212850526939
1761337759017,212985705487
1761337760032,213123000119
1761337761024,213255405541
1761337762033,213391195111
1761337763050,213528659297
1761337764110,213666142100
1761337765059,213801237762
1761337766003,213929287666
1761337767004,214064015105
1761337768004,214199068226
1761337769003,214333861093
1761337770004,214468925384
1761337771003,214603714223
1761337772005,214739022105
1761337773004,214873725434
1761337774003,215008608695
1761337775003,215143372205
1761337776003,215278386813
1761337777004,215413429558
1761337778005,215548425001
1761337779007,215683345676
1761337780021,215819237967
1761337781011,215953833692
1761337782025,216089300203
1761337783017,216224158195
1761337784026,216360186228
1761337785031,216495563811
1761337786009,216628549189
1761337787004,216762637713
1761337788003,216897625831
1761337789003,217032553098
1761337790003,217167408954
1761337791003,217302368448
1761337792026,217440066215
1761337793036,217573914628
1761337794033,217710422030
1761337795031,217844005916
1761337796013,217978288897
1761337797033,218113705787
1761337798019,218248487608
1761337799027,218383513751
1761337800016,218517516643
1761337801039,218652305727
1761337802018,218788003255
1761337803043,218926447420
1761337804004,219056532841
1761337805047,219194672319
1761337806004,219326419418
1761337807003,219461286627
1761337808003,219596073757
1761337809003,219731056810
1761337810017,219867859866
1761337811003,220000869596
1761337812004,220135967883
1761337813003,220270731332
1761337814004,220405780791
1761337815007,220541104968
1761337816008,220676290291
1761337817003,220810574860
1761337818004,220945608083
1761337819003,221080221874
1761337820003,221215331026
1761337821003,221350117363
1761337822003,221485047132
1761337823003,221620153537
1761337824003,221755128106
1761337825006,221889992018
1761337826032,222027713773
1761337827036,222162486438
1761337828018,222296657908
1761337829020,222431075228
1761337830013,222565226496
1761337831025,222700522902
1761337832013,222835877658
1761337833003,222969336057
1761337834003,223104262774
1761337835003,223239104592
1761337836005,223374315550
1761337837004,223509334369
1761337838034,223647678498
1761337839014,223779531432
1761337840022,223915291460
1761337841034,224051417881
1761337842037,224186680231
1761337843039,224322271680
1761337844003,224453515790
1761337845035,224591162410
1761337846004,224723388634
1761337847004,224858406416
1761337848003,224993206242
1761337849004,225128322534
1761337850003,225263079147
1761337851003,225398010626
1761337852003,225533024806
1761337853006,225667943589
1761337854008,225803400274
1761337855003,225937576993
1761337856003,226072575732
1761337857003,226207432687
1761337858003,226342388091
1761337859003,226477334218
1761337860003,226612227000
1761337861003,226747145111
1761337862003,226882067007
1761337863003,227017012340
1761337864003,227152072847
1761337865003,227286995414
1761337866003,227421972851
1761337867003,227556791537
1761337868005,227691809685
1761337869004,227826884168
1761337870025,227964584316
1761337871005,228096719537
1761337872010,228231731521
1761337873016,228367714815
1761337874031,228504714648
1761337875005,228636593277
1761337876011,228771425085
1761337877023,228908882436
1761337878038,229042183914
1761337879048,229178749543
1761337880017,229312214350
1761337881012,229446964616
1761337882003,229580749674
1761337883004,229715701538
1761337884003,229850578084
1761337885003,229985502910
1761337886009,230121095458
1761337887003,230255340476
1761337888003,230390274090
1761337889003,230525214724
1761337890003,230660104332
1761337891003,230795139753
1761337892003,230930085392
1761337893003,231065015771
1761337894003,231199808029
1761337895003,231334843022
1761337896003,231469637965
1761337897004,231604755173
1761337898004,231739609503
1761337899008,231874855068
1761337900029,232010347275
1761337901022,232146423159
1761337902030,232281125329
1761337903026,232416255354
1761337904024,232551290775
1761337905035,232687436911
1761337906007,232819251210
1761337907020,232956121404
1761337908003,233088901520
1761337909003,233223796134
1761337910003,233358613965
1761337911003,233493821748
1761337912016,233630291187
1761337913014,233764552501
1761337914032,233900723112
1761337915023,234034746145
1761337916039,234171705633
1761337917019,234304158785
1761337918035,234441478563
1761337919022,234574605420
1761337920050,234712313685
1761337921011,234843747248
1761337922026,234979401502
1761337923035,235116560819
1761337924011,235247773069
1761337925022,235382597553
1761337926003,235517507120
1761337927004,235652587523
1761337928003,235787379720
1761337929003,235922287272
1761337930003,236057097352
1761337931003,236192142661
1761337932003,236327104595
1761337933005,236462194887
1761337934013,236597757833
1761337935024,236733574624
1761337936031,236868604064
1761337937017,237003353841
1761337938008,237136780562
1761337939017,237272922609
1761337940013,237407891501
1761337941003,237541541428
1761337942011,237676413214
1761337943003,237811336025
1761337944003,237946134508
1761337945016,238082863650
1761337946005,238216253568
1761337947003,238350925830
1761337948003,238486014291
1761337949003,238620772246
1761337950003,238755905201
1761337951003,238890841074
1761337952008,239025939666
1761337953004,239160599234
1761337954004,239295683910
1761337955014,239431069122
1761337956009,239565566153
1761337957028,239703605534
1761337958044,239837555936
1761337959008,239970867301
1761337960003,240105215468
1761337961005,240240361118
1761337962005,240375349847
1761337963003,240509642655
1761337964006,240645139073
1761337965003,240779732479
1761337966005,240914818864
1761337967023,241051987153
1761337968075,241188271167
1761337969004,241319464557
1761337970012,241454875953
1761337971039,241591517998
1761337972026,241726870496
1761337973008,241859799416
1761337974004,241993997681
1761337975015,242130175189
1761337976003,242263970622
1761337977003,242398748537
1761337978003,242533731468
1761337979003,242668796674
1761337980003,242803726260
1761337981003,242938526574
1761337982003,243073529890
1761337983004,243208459171
1761337984003,243343238062
1761337985015,243478179672
1761337986003,243613277654
1761337987003,243748194606
1761337988003,243883084581
1761337989003,244018041816
1761337990003,244152855802
1761337991004,244287774463
1761337992065,244425956177
1761337993004,244557968595
1761337994016,244693967820
1761337995039,244830758119
1761337996022,244963338956
1761337997010,245098222400
1761337998017,245234010016
1761337999003,245367283235
1761338000003,245502235343
1761338001004,245637184521
1761338002014,245772382356
1761338003007,245907386100
1761338004038,246044331916
1761338005025,246178287689
1761338006079,246320356356
1761338007013,246448082226
1761338008006,246582013951
1761338009042,246717712212
1761338010008,246851770401
1761338011064,246994645035
1761338012011,247121717159
1761338013013,247256813065
1761338014018,247392540013
1761338015018,247528139458
1761338016012,247662241105
1761338017004,247796071573
1761338018003,247931015258
1761338019004,248065974568
1761338020004,248200852214
1761338021003,248335768433
1761338022004,248470771628
1761338023003,248605628399
1761338024003,248740547975
1761338025003,248875474571
1761338026003,249010397077
1761338027006,249145618289
1761338028003,249280136682
1761338029003,249415193160
1761338030005,249550504825
1761338031005,249684911586
1761338032004,249819857468
1761338033012,249955228460
1761338034039,250093538225
1761338035020,250225227952
1761338036036,250362633545
1761338037026,250495973718
1761338038032,250633520974
1761338039004,250764268625
1761338040003,250899177337
1761338041003,251034171987
1761338042003,251169132823
1761338043003,251304072358
1761338044003,251439002615
1761338045003,251573909680
1761338046003,251708794588
1761338047003,251843744499
1761338048003,251978656263
1761338049003,252113626743
1761338050003,252248561212
1761338051003,252383460586
1761338052003,252518336705
1761338053013,252653976678
1761338054004,252788487442
1761338055012,252924313449
1761338056005,253058347591
1761338057051,253194295241
1761338058049,253334102378
1761338059023,253465571036
1761338060004,253597898456
1761338061003,253732848244
1761338062004,253867771910
1761338063011,254003772539
1761338064004,254137613322
1761338065030,254273785092
1761338066034,254410641187
1761338067013,254543630410
1761338068024,254679399654
1761338069016,254813763324
1761338070027,254948681924
1761338071031,255083795226
1761338072009,255217678061
1761338073004,255351971297
1761338074003,255486913944
1761338075007,255621773401
1761338076004,255756695969
1761338077003,255891649481
1761338078009,256027250940
1761338079003,256161339098
1761338080003,256296284492
1761338081003,256431335294
1761338082003,256566285327
1761338083004,256701346566
1761338084003,256835992095
1761338085004,256971203297
1761338086004,257105800608
1761338087003,257240803131
1761338088005,257375922109
1761338089019,257512115913
1761338090035,257649399314
1761338091014,257780891043
1761338092022,257918015936
1761338093004,258050611178
1761338094004,258185558708
1761338095038,258321834116
1761338096004,258455269077
1761338097015,258591215141
1761338098002,258725052139
1761338099051,258862746367
1761338100029,258997791920
1761338101028,259132268321
1761338102017,259266372104
1761338103130,259401791923
1761338104046,259537217479
1761338105046,259672206636
1761338106082,259808715381
1761338107302,259962209128
1761338108003,260074265116
1761338109003,260209182861
1761338110003,260344089437
1761338111004,260479283915
1761338112003,260613956911
1761338113003,260748997886
1761338114003,260883790814
1761338115003,261018743716
1761338116003,261153666039
1761338117003,261288576338
1761338118003,261423655399
1761338119003,261558438746
1761338120003,261693502365
1761338121004,261828303106
1761338122003,261963357021
1761338123007,262098836105
1761338124017,91154063
1761338125040,227542020
1761338126014,360877982
1761338127025,495656506
1761338128026,631697296
1761338129013,765744682
1761338130020,900664991
1761338131004,1034540259
1761338132007,1169893794
1761338133006,1304390886
1761338134075,1441306368
1761338135022,1576034234
1761338136022,1710168412
1761338137035,1847674591
1761338138037,1982749562
1761338139013,2115053972
1761338140005,2248811869
1761338141004,2383711060
1761338142003,2518638571
1761338143004,2653691021
1761338144006,2788257510
1761338145036,2923855063
1761338146024,3060348549
1761338147028,3196088009
1761338148004,3328161401
1761338149010,3463549116
1761338150022,3599776062
1761338151008,3733517907
1761338152012,3868952741
1761338153003,4002822577
1761338154003,4137770169
1761338155004,4272694750
1761338156005,4407736030
1761338157003,4542419401
1761338158003,4677469287
1761338159004,4812549081
1761338160012,4947324981
1761338161015,5082552296
1761338162018,5218109810
1761338163027,5354402003
1761338164024,5489298569
1761338165032,5624044074
1761338166005,5757015474
1761338167057,5896580180
1761338168130,6041100745
1761338169046,6164333218
1761338170035,6300316451
1761338171037,6435359257
1761338172004,6566493199
1761338173004,6701252253
1761338174003,6836310562
1761338175012,6972259738
1761338176009,7106911859
1761338177003,7241023088
1761338178004,7376079627
1761338179003,7510918210
1761338180003,7645845111
1761338181003,7780768472
1761338182003,7915687316
1761338183003,8050611836
1761338184004,8185776895
1761338185007,8320854430
1761338186003,8455352499
1761338187003,8590282818
1761338188004,8725329591
1761338189003,8860181297
1761338190006,8995309674
1761338191003,9130035709
1761338192008,9265610435
1761338193008,9400233625
1761338194031,9536979003
1761338195020,9671031821
1761338196025,9805976605
1761338197017,9940082646
1761338198037,10076783163
1761338199009,10209857895
1761338200018,10345600285
1761338201021,10481139672
1761338202048,10619722996
1761338203032,10752073365
1761338204036,10888420001
1761338205049,11024542760
1761338206014,11155449225
1761338207003,11288789032
1761338208003,11423719717
1761338209003,11558766918
1761338210003,11693712007
1761338211003,11828522331
1761338212004,11963535291
1761338213003,12098477450
1761338214004,12233397576
1761338215008,12368854810
1761338216008,12503919833
1761338217004,12638282160
1761338218003,12772983231
1761338219003,12908036230
1761338220004,13043099788
1761338221004,13178004228
1761338222003,13312843848
1761338223004,13447846249
1761338224004,13582637225
1761338225005,13717879432
1761338226004,13852690794
1761338227006,13987851337
1761338228003,14122389994
1761338229003,14257314331
1761338230004,14392191305
1761338231003,14527142070
1761338232011,14662230347
1761338233005,14797227988
1761338234025,14933052652
1761338235063,15071779348
1761338236015,15202423300
1761338237010,15336902815
1761338238017,15473416198
1761338239003,15606358363
1761338240002,15741296799
1761338241003,15876374822
1761338242003,16011285671
1761338243003,16146244554
1761338244003,16281129767
1761338245003,16416049832
1761338246003,16550961291
1761338247003,16685935189
1761338248003,16820860258
1761338249003,16955801990
1761338250003,17090690988
1761338251007,17226318327
1761338252007,17360700124
1761338253003,17495422252
1761338254002,17630418061
1761338255003,17765276115
1761338256003,17900203442
1761338257003,18035224520
1761338258003,18170148369
1761338259003,18305113356
1761338260003,18439873203
1761338261003,18574983758
1761338262003,18709868240
1761338263003,18844695898
1761338264003,18979761531
1761338265006,19114661759
1761338266018,19250198155
1761338267004,19384494687
1761338268018,19520163101
1761338269012,19655385167
1761338270003,19789305723
1761338271003,19924024616
1761338272004,20059123575
1761338273003,20193884704
1761338274004,20329121175
1761338275003,20463836528
1761338276003,20598954224
1761338277003,20733519187
1761338278003,20868582745
1761338279003,21003648501
1761338280003,21138498314
1761338281004,21273730756
1761338282003,21408334720
1761338283003,21543208093
1761338284003,21678149459
1761338285003,21813063238
1761338286003,21948020717
1761338287004,22083047043
1761338288003,22217983221
1761338289003,22352760037
1761338290003,22487746020
1761338291004,22622773628
1761338292004,22757673246
1761338293003,22892496814
1761338294004,23027546945
1761338295005,23162561675
1761338296008,23297497304
1761338297004,23432270396
1761338298007,23567854827
1761338299003,23702119070
1761338300012,23837344188
1761338301011,23972737274
1761338302009,24107396719
1761338303013,24242944834
1761338304033,24379068143
1761338305012,24512683768
1761338306008,24647175672
1761338307007,24781769505
1761338308022,24917710197
1761338309031,25052924450
1761338310003,25186308691
1761338311004,25321046994
1761338312003,25456100115
1761338313004,25590918556
1761338314003,25725893492
1761338315008,25860827228
1761338316003,25995752054
1761338317003,26130683349
1761338318003,26265555562
1761338319003,26400522685
1761338320003,26535436707
1761338321003,26670391989
1761338322003,26805271771
1761338323003,26940197085
1761338324003,27075135704
1761338325003,27210051863
1761338326003,27345035038
1761338327003,27479964929
1761338328003,27614834213
1761338329003,27749784795
1761338330003,27884605495
1761338331004,28019808396
1761338332003,28154546515
1761338333006,28289671047
1761338334015,28425911116
1761338335030,28562887022
1761338336039,28698211139
1761338337011,28829806383
1761338338046,28967908324
1761338339028,29102398825
1761338340086,29241569550
1761338341055,29373789182
1761338342018,29505848170
1761338343003,29638823477
1761338344008,29773883617
1761338345039,29912048424
1761338346028,30045526415
1761338347028,30180721321
1761338348019,30314558380
1761338349004,30448442498
1761338350003,30583197097
1761338351003,30718238743
1761338352003,30853202387
1761338353003,30987969864
1761338354003,31123036413
1761338355005,31258134212
1761338356003,31392883928
1761338357003,31527689552
1761338358003,31662771115
1761338359003,31797702105
1761338360003,31932580972
1761338361003,32067383300
1761338362003,32202469319
1761338363004,32337361002
1761338364003,32472343384
1761338365004,32607252523
1761338366003,32742148357
1761338367004,32877265199
1761338368003,33011938865
1761338369037,33147676860
1761338370015,33282401308
1761338371009,33417128807
1761338372028,33554872717
1761338373024,33687906983
1761338374031,33823537251
1761338375008,33957054915
1761338376036,34094314573
1761338377021,34227851524
1761338378012,34362443220
1761338379004,34496181953
1761338380013,34632368128
1761338381003,34766241869
1761338382029,34902754887
1761338383023,35037151820
1761338384010,35171711779
1761338385038,35308684878
1761338386011,35441301237
1761338387033,35578622968
1761338388027,35712665716
1761338389003,35845532563
1761338390003,35980297599
1761338391004,36115407910
1761338392003,36250293124
1761338393003,36385219719
1761338394003,36520028761
1761338395003,36655083408
1761338396003,36789986627
1761338397003,36924952285
1761338398003,37059871313
1761338399003,37194780208
1761338400003,37329719255
1761338401003,37464629310
1761338402003,37599586239
1761338403003,37734473406
1761338404012,37869928382
1761338405008,38004793088
1761338406014,38140388444
1761338407008,38274813637
1761338408040,38411883354
1761338409031,38545420854
1761338410013,38680013405
1761338411031,38816597650
1761338412018,38949927631
1761338413025,39085371376
1761338414016,39220367246
1761338415063,39354701802
1761338416033,39491968480
1761338417014,39624452150
1761338418007,39758608178
1761338419004,39893491561
1761338420008,40028729191
1761338421005,40163188441
1761338422016,40299653485
1761338423027,40433691045
1761338424018,40568513698
1761338425030,40703466416
1761338426030,40839123723
1761338427019,40973923793
1761338428009,41108462938
1761338429004,41242775399
1761338430003,41377591338
1761338431003,41512354909
1761338432003,41647328135
1761338433003,41782369233
1761338434003,41917272757
1761338435003,42052073376
1761338436003,42187022066
1761338437003,42321941338
1761338438004,42457005018
1761338439003,42591935825
1761338440003,42726893914
1761338441006,42861762527
1761338442004,42996938206
1761338443028,43133808766
1761338444027,43266677933
1761338445026,43403093416
1761338446084,43545155003
1761338447022,43673768199
1761338448004,43806221046
1761338449003,43941171140
1761338450024,44078855114
1761338451004,44211236367
1761338452003,44345909179
1761338453011,44481011738
1761338454024,44618499973
1761338455026,44753075251
1761338456026,44887830643
1761338457034,45022773169
1761338458037,45159110405
1761338459013,45291707112
1761338460007,45425758160
1761338461010,45561028871
1761338462005,45695306725
1761338463012,45831413188
1761338464021,45965903201
1761338465056,46104737074
1761338466036,46237635110
1761338467023,46370795108
1761338468022,46506405113
1761338469015,46640892745
1761338470003,46774560981
1761338471003,46909551603
1761338472003,47044497485
1761338473003,47179368722
1761338474003,47314317839
1761338475003,47449255177
1761338476015,47585275764
1761338477003,47719023468
1761338478010,47854608265
1761338479008,47989587839
1761338480040,48127946982
1761338481032,48260228565
1761338482023,48395722114
1761338483025,48530193999
1761338484038,48668378521
1761338485054,48802354618
1761338486032,48937471399
1761338487003,49068460749
1761338488003,49203357925
1761338489004,49338236364
1761338490003,49473150325
1761338491008,49608487442
1761338492004,49743178016
1761338493037,49879506829
1761338494037,50015244458
1761338495061,50152862392
1761338496035,50284678277
1761338497004,50417850605
1761338498003,50552662760
1761338499012,50688734860
1761338500004,50822525838
1761338501014,50958393777
1761338502006,51092729065
1761338503018,51228690204
1761338504075,51370493552
1761338505046,51502113515
1761338506015,51632954367
1761338507016,51768670572
1761338508003,51901995121
1761338509003,52036789331
1761338510003,52171756454
1761338511003,52306648321
1761338512004,52441625697
1761338513003,52576423509
1761338514011,52712240849
1761338515066,52850154803
1761338516007,52981433886
1761338517005,53116471138
1761338518020,53251788174
1761338519024,53388185652
1761338520013,53522323981
1761338521004,53656064666
1761338522003,53790932363
1761338523003,53925719982
1761338524003,54060787446
1761338525003,54195740408
1761338526003,54330679699
1761338527003,54465423739
1761338528003,54600497795
1761338529005,54735583265
1761338530031,54873181301
1761338531011,55006204032
1761338532018,55140932508
1761338533052,55280117820
1761338534032,55411440665
1761338535025,55547271311
1761338536039,55681878267
1761338537004,55814840573
1761338538004,55949800005
1761338539003,56084717933
1761338540005,56219733823
1761338541003,56354570514
1761338542017,56491088414
1761338543029,56627236320
1761338544038,56762037122
1761338545059,56898389557
1761338546004,57029329956
1761338547012,57165281085
1761338548010,57300032754
1761338549004,57434163209
1761338550003,57568951133
1761338551008,57703701826
1761338552021,57839856446
1761338553027,57974630515
1761338554042,58111562171
1761338555019,58245309753
1761338556015,58380089438
1761338557003,58513324509
1761338558003,58648414923
1761338559003,58783311062
1761338560003,58918128710
1761338561003,59053040535
1761338562003,59187979093
1761338563004,59322997180
1761338564003,59457818124
1761338565011,59592774993
1761338566003,59727689320
1761338567004,59862705332
1761338568003,59997384431
1761338569003,60132325064
1761338570004,60267404552
1761338571003,60402258333
1761338572003,60537224052
1761338573003,60672239637
1761338574003,60807128696
1761338575022,60942988516
1761338576003,61077065444
1761338577003,61212074009
1761338578007,61346944635
1761338579009,61482004104
1761338580026,61618047762
1761338581023,61752887932
1761338582065,61891712040
1761338583034,62025117460
1761338584014,62156889278
1761338585014,62292633621
1761338586006,62426387856
1761338587015,62561907834
1761338588038,62699441600
1761338589092,62842859690
1761338590051,62967690059
1761338591019,63101528828
1761338592003,63235683758
1761338593003,63370646913
1761338594004,63505685386
1761338595003,63640585004
1761338596004,63775610842
1761338597003,63910253076
1761338598003,64045201156
1761338599003,64180310795
1761338600003,64315305078
1761338601004,64450054672
1761338602003,64585137029
1761338603003,64719857021
1761338604003,64854813524
1761338605003,64989732551
1761338606003,65124666349
1761338607004,65259660937
1761338608004,65394579903
1761338609003,65529446257
1761338610003,65664318227
1761338611003,65799237986
1761338612003,65934171479
1761338613004,66069240164
1761338614003,66204038036
1761338615009,66338965364
1761338616004,66474016654
1761338617005,66609156384
1761338618014,66744084017
1761338619019,66880518970
1761338620043,67018016971
1761338621046,67151706203
1761338622023,67285701649
1761338623011,67419461988
1761338624076,67560779558
1761338625008,67689096368
1761338626091,67828794558
1761338627020,67960529450
1761338628003,68093134885
1761338629004,68228226458
1761338630003,68363029885
1761338631003,68497965208
1761338632003,68632870808
1761338633003,68767792887
1761338634003,68902670959
1761338635010,69038281391
1761338636003,69172649699
1761338637003,69307342897
1761338638003,69442453574
1761338639003,69577433331
1761338640003,69712337221
1761338641003,69847242882
1761338642003,69981950484
1761338643003,70117071720
1761338644003,70251879419
1761338645003,70386892868
1761338646003,70521735601
1761338647003,70656672512
1761338648003,70791593187
1761338649003,70926527900
1761338650003,71061404202
1761338651002,71196212329
1761338652002,71331201485
1761338653003,71466185027
1761338654003,71601233204
1761338655002,71735957590
1761338656003,71870850006
1761338657003,72005812246
1761338658006,72140776561
1761338659008,72276493011
1761338660004,72410881278
1761338661022,72546949960
1761338662004,72680649447
1761338663003,72815469963
1761338664004,72950305434
1761338665004,73085335239
1761338666004,73220144709
1761338667003,73355126480
1761338668003,73489972082
1761338669003,73625025203
1761338670003,73759742693
1761338671003,73894820899
1761338672003,74029730466
1761338673003,74164648883
1761338674003,74299607705
1761338675004,74434531065
1761338676003,74569418659
1761338677003,74704363504
1761338678003,74839263244
1761338679003,74974206136
1761338680003,75109127605
1761338681004,75244194398
1761338682004,75379100180
1761338683003,75513908307
1761338684003,75648822634
1761338685004,75783896752
1761338686004,75918848493
1761338687003,76053737369
1761338688004,76188730859
1761338689003,76323486679
1761338690003,76458422613
1761338691003,76593344081
1761338692004,76728484971
1761338693003,76863226508
1761338694003,76998318264
1761338695015,77133703355
1761338696029,77270197390
1761338697017,77403573880
1761338698025,77540308271
1761338699024,77675606630
1761338700037,77808706448
1761338701024,77945495832
1761338702003,78077728953
1761338703014,78212605561
1761338704016,78348420094
1761338705019,78483663888
1761338706015,78618880522
1761338707009,78753029653
1761338708007,78887233717
1761338709018,79024081389
1761338710003,79156966730
1761338711002,79291767715
1761338712003,79426703649
1761338713003,79561753962
1761338714003,79696712113
1761338715003,79831558509
1761338716003,79966572323
1761338717003,80101471026
1761338718003,80236396828
1761338719003,80371321409
1761338720004,80506423236
1761338721003,80641383279
1761338722004,80776238768
1761338723004,80911153401
1761338724003,81046181620
1761338725004,81180862977
1761338726010,81316767048
1761338727003,81450776409
1761338728003,81585645510
1761338729003,81720602196
1761338730003,81855605024
1761338731007,81991010073
1761338732009,82125823143
1761338733027,82261518596
1761338734031,82396284609
1761338735024,82530608179
1761338736037,82669251623
1761338737019,82800952518
1761338738019,82937279013
1761338739004,83070023241
1761338740003,83204925300
1761338741003,83339858304
1761338742003,83474748706
1761338743004,83609745125
1761338744003,83744653838
1761338745005,83879500416
1761338746005,84014500620
1761338747008,84149670440
1761338748030,84286193711
1761338749034,84423279847
1761338750023,84556691554
1761338751017,84690370045
1761338752023,84825659798
1761338753012,84960018829
1761338754003,85093635003
1761338755003,85228773146
1761338756004,85363865635
1761338757003,85498487055
1761338758003,85633530106
1761338759010,85768880589
1761338760042,85905464163
1761338761030,86041772591
1761338762035,86176423186
1761338763026,86308122495
1761338764031,86446302073
1761338765034,86582149809
1761338766008,86713655514
1761338767004,86847849019
1761338768004,86982903543
1761338769003,87117708374
1761338770004,87252614889
1761338771008,87388183451
1761338772007,87523136963
1761338773007,87658001363
1761338774034,87792401654
1761338775043,87930518915
1761338776065,88069955387
1761338777014,88198516703
1761338778004,88332166813
1761338779003,88467082666
1761338780003,88602002304
1761338781003,88736818914
1761338782003,88871732753
1761338783003,89006656663
1761338784003,89141641852
1761338785006,89276948940
1761338786003,89411457202
1761338787003,89546499642
1761338788004,89681417265
1761338789007,89816387501
1761338790003,89951261362
1761338791003,90086199737
1761338792006,90221482106
1761338793003,90355923839
1761338794003,90490994294
1761338795004,90626098501
1761338796004,90761035412
1761338797008,90896015596
1761338798011,91031481314
1761338799012,91166238964
1761338800033,91300839938
1761338801014,91436750174
1761338802019,91571979442
1761338803034,91708169218
1761338804036,91842845936
1761338805102,91983970514
1761338806046,92115870506
1761338807003,92244999997
1761338808003,92380009600
1761338809003,92514853432
1761338810011,92650440426
1761338811007,92785304522
1761338812005,92919995217
1761338813036,93056207881
1761338814011,93189728840
1761338815039,93325055154
1761338816022,93460581480
1761338817013,93595603900
1761338818003,93729291180
1761338819003,93864181582
1761338820003,93999020714
1761338821003,94133912642
1761338822003,94268855167
1761338823003,94403796106
1761338824003,94538729598
1761338825003,94673534490
1761338826004,94808778651
1761338827003,94943505967
1761338828003,95078408576
1761338829003,95213349698
1761338830003,95348270983
1761338831004,95483482185
1761338832003,95618296720
1761338833003,95753197925
1761338834003,95887731455
1761338835002,96022864349
1761338836003,96157945485
1761338837004,96292881907
1761338838006,96428164886
1761338839004,96562915579
1761338840017,96699348152
1761338841004,96832432833
1761338842004,96967528190
1761338843004,97102563611
1761338844003,97237333774
1761338845003,97372245355
1761338846003,97507263503
1761338847003,97642138951
1761338848003,97777014704
1761338849011,97912142898
1761338850003,98046916540
1761338851002,98181695614
1761338852003,98316593767
1761338853003,98451679786
1761338854003,98586637143
1761338855005,98721846697
1761338856003,98856287088
1761338857002,98991317382
1761338858003,99126324177
1761338859003,99261265849
1761338860003,99396143982
1761338861003,99531028952
1761338862004,99666187663
1761338863003,99800921633
1761338864023,99938621903
1761338865004,100070924054
1761338866004,100205852603
1761338867003,100340749840
1761338868003,100475556197
1761338869003,100610414311
1761338870002,100745446009
1761338871003,100880384140
1761338872003,101015229010
1761338873003,101150289882
1761338874003,101285140367
1761338875003,101419957649
1761338876003,101554933317
1761338877003,101689787097
1761338878004,101824970833
1761338879003,101959752898
1761338880003,102094703724
1761338881003,102229651438
1761338882010,102364654205
1761338883004,102499695424
1761338884002,102634363353
1761338885002,102769119478
1761338886003,102904234428
1761338887003,103039389355
1761338888003,103174128756
1761338889003,103309198906
1761338890004,103444090040
1761338891004,103579186252
1761338892003,103713849543
1761338893003,103848795975
1761338894003,103983787267
1761338895004,104118688960
1761338896002,104253495439
1761338897003,104388473731
1761338898003,104523401730
1761338899003,104658364520
1761338900003,104793295937
1761338901003,104928214110
1761338902003,105063184284
1761338903003,105198073892
1761338904003,105333010986
1761338905003,105467965658
1761338906005,105603091899
1761338907006,105738158447
1761338908005,105873097494
1761338909004,106007843304
1761338910004,106142685915
1761338911002,106277412804
1761338912003,106412470991
1761338913004,106547333256
1761338914003,106682333520
1761338915003,106817079941
1761338916003,106952156316
1761338917002,107087032252
1761338918002,107221830919
1761338919003,107356852301
1761338920003,107491897793
1761338921002,107626676440
1761338922003,107761604317
1761338923003,107896662260
1761338924007,108031788989
1761338925009,108166874093
1761338926006,108301422881
1761338927004,108436327138
1761338928006,108571599985
1761338929004,108706166169
1761338930004,108841232352
1761338931006,108975972058
1761338932003,109110927279
1761338933003,109245815605
1761338934003,109380751722
1761338935003,109515655796
1761338936003,109650609247
1761338937002,109785555374
1761338938003,109920375829
1761338939003,110055314082
1761338940002,110190387772
1761338941003,110325083289
1761338942002,110460200619
1761338943003,110595050799
1761338944003,110730038002
1761338945003,110864912657
1761338946004,110999952411
1761338947003,111134814554
1761338948003,111269733642
1761338949002,111404659078
1761338950003,111539549846
1761338951003,111674477723
1761338952003,111809364585
1761338953003,111944302655
1761338954003,112079206545
1761338955003,112214228538
1761338956003,112349151777
1761338957003,112484030033
1761338958003,112619081567
1761338959002,112753865646
1761338960003,112888705266
1761338961002,113023640773
1761338962004,113158790207
1761338963002,113293489203
1761338964002,113428483914
1761338965004,113563562120
1761338966003,113698318001
1761338967003,113833256071
1761338968003,113968312122
1761338969003,114103227243
1761338970003,114238017364
1761338971003,114373102345
1761338972003,114507863658
1761338973003,114642932099
1761338974003,114777850271
1761338975002,114912658642
1761338976002,115047700045
1761338977003,115182629692
1761338978003,115317529432
1761338979002,115452513705
1761338980003,115587419854
1761338981003,115722296096
1761338982003,115857296178
1761338983003,115992069758
1761338984003,116127114823
1761338985003,116262014563
1761338986003,116396951656
1761338987003,116531903459
1761338988003,116666799781
1761338989003,116801814389
1761338990003,116936688129
1761338991003,117071624368
1761338992003,117206586241
1761338993003,117341467183
1761338994003,117476369303
1761338995003,117611201050
1761338996003,117746203085
1761338997003,117881247783
1761338998003,118016143800
1761338999003,118151120689
1761339000003,118286066998
1761339001003,118420929995
1761339002002,118555745751
1761339003003,118690685042
1761339004003,118825762638
1761339005003,118960464625
1761339006003,119095628341
1761339007003,119230472357
1761339008003,119365464199
1761339009003,119500275865
1761339010003,119635295661
1761339011002,119770156156
1761339012003,119904962329
1761339013003,120040168770
1761339014003,120174840606
1761339015003,120309855885
1761339016003,120444919504
1761339017003,120579780792
1761339018003,120714700918
1761339019003,120849632274
1761339020003,120984495088
1761339021003,121119386832
1761339022003,121254509350
1761339023003,121389341464
1761339024002,121524227349
1761339025003,121659193800
1761339026003,121794086277
1761339027003,121929048883
1761339028003,122063968582
1761339029003,122198936620
1761339030003,122333793270
1761339031003,122468716813
1761339032003,122603667029
1761339033003,122738595395
1761339034003,122873478533
1761339035003,123008425759
1761339036003,123143411802
1761339037003,123278312580
1761339038003,123413199991
1761339039003,123548080810
1761339040003,123683088094
1761339041002,123818007854
1761339042002,123952886415
1761339043005,124088258627
1761339044005,124223083965
1761339045002,124357543765
1761339046003,124492711632
1761339047002,124627491621
1761339048003,124762460392
1761339049003,124897492944
1761339050003,125032281784
1761339051003,125167225225
1761339052003,125302305201
1761339053003,125437195908
1761339054003,125572156134
1761339055003,125707084927
1761339056003,125841973498
1761339057003,125976890938
1761339058003,126111855741
1761339059003,126246696277
1761339060003,126381690927
1761339061003,126516603912
1761339062003,126651576711
1761339063003,126786531077
1761339064003,126921390229
1761339065003,127056216605
1761339066003,127191235546
1761339067003,127326225618
1761339068003,127461172416
1761339069003,127596048048
1761339070003,127730992160
1761339071003,127865895074
1761339072003,128000887465
1761339073003,128135775487
1761339074012,128271501885
1761339075036,128409000984
1761339076018,128542718659
1761339077011,128676179621
1761339078015,128811450637
1761339079029,128948714324
1761339080011,129081149959
1761339081023,129217195570
1761339082032,129351136877
1761339083014,129486067928
1761339084025,129621240373
1761339085048,129757095250
1761339086018,129889783326
1761339087020,130027121231
1761339088003,130159749370
1761339089003,130294473513
1761339090003,130429552452
1761339091003,130564501203
1761339092003,130699397342
1761339093003,130834349084
1761339094004,130969278975
1761339095004,131104351627
1761339096003,131239124964
1761339097004,131374212448
1761339098003,131508985357
1761339099003,131643910366
1761339100003,131778820970
1761339101003,131913778877
1761339102003,132048668424
1761339103003,132183607043
1761339104003,132318550484
1761339105003,132453477080
1761339106003,132588356678
1761339107004,132723462167
1761339108003,132858276764
1761339109003,132993085196
1761339110003,133128135631
1761339111003,133263043123
1761339112003,133397841300
1761339113014,133534347116
1761339114005,133667619540
1761339115043,133805820786
1761339116033,133938864329
1761339117043,134077288353
1761339118018,134208245415
1761339119066,134349418576
1761339120043,134481857751
1761339121043,134615182789
1761339122016,134749062573
1761339123003,134881962928
1761339124003,135017039304
1761339125003,135151869037
1761339126003,135286883645
1761339127003,135421707457
1761339128003,135556760639
1761339129003,135691673563
1761339130003,135826626465
1761339131003,135961519979
1761339132003,136096458537
1761339133003,136231408082
1761339134003,136366289573
1761339135028,136501832195
1761339136004,136636334047
1761339137012,136772317403
1761339138003,136906012617
1761339139003,137040944035
1761339140003,137175900965
1761339141004,137310906417
1761339142003,137445711797
1761339143003,137580659267
1761339144003,137715598008
1761339145005,137850523627
1761339146003,137985406216
1761339147003,138120334216
1761339148003,138255299568
1761339149003,138390170378
1761339150005,138525424976
1761339151013,138660673042
1761339152011,138795660795
1761339153013,138930073720
1761339154019,139066920965
1761339155029,139200026886
1761339156025,139336451464
1761339157012,139470914987
1761339158028,139606884060
1761339159044,139743605024
1761339160005,139874565870
1761339161024,140012249111
1761339162019,140144988151
1761339163015,140280507824
1761339164003,140414195592
1761339165010,140549106746
1761339166003,140684065812
1761339167006,140819193334
1761339168039,140958783187
1761339169028,141089137956
1761339170040,141227568449
1761339171028,141361651235
1761339172031,141496342602
1761339173021,141629220375
1761339174008,141764130796
1761339175032,141900077103
1761339176003,142033364359
1761339177003,142168261780
1761339178003,142303196799
1761339179003,142438119000
1761339180003,142572909609
1761339181003,142707973777
1761339182003,142842924726
1761339183003,142977811527
1761339184003,143112734887
1761339185004,143247645003
1761339186004,143382704411
1761339187008,143518209130
1761339188003,143652363328
1761339189004,143787537725
1761339190005,143922287808
1761339191010,144057642319
1761339192025,144193609012
1761339193019,144329206077
1761339194005,144462371386
1761339195032,144597033639
1761339196013,144733209804
1761339197008,144867379809
1761339198003,145001642710
1761339199003,145136670807
1761339200006,145271982167
1761339201005,145406536571
1761339202037,145545253135
1761339203025,145679304855
1761339204032,145814423894
1761339205019,145947416290
1761339206005,146081198663
1761339207030,146219167609
1761339208066,146355294763
1761339209230,146511426138
1761339210004,146620871292
1761339211003,146755869299
1761339212003,146890730282
1761339213003,147025556963
1761339214003,147160465858
1761339215006,147295580624
1761339216003,147430333514
1761339217004,147565541481
1761339218003,147700338927
1761339219003,147835238362
1761339220003,147970137552
1761339221003,148105111511
1761339222004,148240198812
1761339223004,148375088420
1761339224003,148509860963
1761339225003,148644826011
1761339226003,148779725934
1761339227003,148914691470
1761339228005,149049768089
1761339229024,149185049542
1761339230010,149319852725
1761339231014,149455317283
1761339232026,149592334877
1761339233019,149724878116
1761339234016,149860636863
1761339235030,149995566816
1761339236015,150130645999
1761339237003,150263901028
1761339238056,150403164100
1761339239023,150536676697
1761339240008,150669393643
1761339241014,150805090317
1761339242020,150940520817
1761339243008,151074277677
1761339244026,151209335803
1761339245051,151346757998
1761339246025,151480180447
1761339247028,151616136153
1761339248018,151749531197
1761339249008,151883792939
1761339250020,152020366564
1761339251003,152152870924
1761339252003,152287910312
1761339253007,152422898126
1761339254004,152557784011
1761339255003,152692582311
1761339256003,152827609797
1761339257008,152963220656
1761339258003,153097486670
1761339259003,153232282040
1761339260003,153367329241
1761339261003,153502258827
1761339262003,153637183042
1761339263004,153772233295
1761339264004,153907204507
1761339265003,154041918090
1761339266004,154176941792
1761339267003,154311712382
1761339268008,154447645079
1761339269003,154581644797
1761339270003,154716439496
1761339271003,154851453737
1761339272003,154986403160
1761339273003,155121387739
1761339274003,155256263553
1761339275003,155391188257
1761339276003,155526140731
1761339277003,155661048345
1761339278003,155796010035
1761339279003,155930876633
1761339280003,156065793097
1761339281004,156200887600
1761339282004,156335844652
1761339283004,156470757148
1761339284003,156605591459
1761339285004,156740332630
1761339286009,156876242194
1761339287007,157010436675
1761339288028,157148233685
1761339289010,157280984688
1761339290016,157416044035
1761339291031,157551757555
1761339292003,157684996105
1761339293004,157819960237
1761339294003,157954931693
1761339295003,158089719312
1761339296003,158224603672
1761339297011,158360819753
1761339298004,158494583266
1761339299004,158629541783
1761339300003,158764385493
1761339301003,158899244645
1761339302013,159034903477
1761339303040,159173014879
1761339304043,159305770215
1761339305039,159440414768
1761339306031,159575685418
1761339307035,159710547804
1761339308004,159844006081
1761339309004,159978917113
1761339310004,160113843403
1761339311003,160248632303
1761339312003,160383581604
1761339313003,160518491354
1761339314004,160653522258
1761339315003,160788309267
1761339316003,160923264549
1761339317003,161058201154
1761339318004,161193085879
1761339319003,161328025048
1761339320003,161462949141
1761339321003,161597894780
1761339322003,161732819605
1761339323003,161867755051
1761339324003,162002690801
1761339325007,162137607814
1761339326004,162272714707
1761339327007,162407540778
1761339328008,162543205836
1761339329035,162680327006
1761339330026,162814115604
1761339331017,162948856775
1761339332027,163083291123
1761339333032,163219677371
1761339334027,163352861112
1761339335014,163487412953
1761339336081,163628668328
1761339337052,163760818564
1761339338006,163891754691
1761339339035,164030569582
1761339340062,164169350843
1761339341033,164299681869
1761339342003,164431489027
1761339343003,164566259312
1761339344003,164701169306
1761339345010,164836126480
1761339346003,164971102575
1761339347003,165106054317
1761339348003,165240859147
1761339349003,165375945044
1761339350003,165510852047
1761339351009,165646619156
1761339352003,165780704567
1761339353003,165915673460
1761339354003,166050590351
1761339355003,166185457742
1761339356003,166320438659
1761339357004,166455314412
1761339358003,166590269145
1761339359004,166725330079
1761339360003,166860164023
1761339361003,166995054486
1761339362003,167129961855
1761339363003,167265025840
1761339364003,167399794294
1761339365003,167534761783
1761339366004,167669967553
1761339367003,167804554672
1761339368003,167939471807
1761339369011,168074578517
1761339370019,168210977887
1761339371009,168345265202
1761339372043,168481047996
1761339373049,168619957308
1761339374035,168751608094
1761339375030,168887729999
1761339376012,169019536180
1761339377023,169155954838
1761339378018,169290587061
1761339379051,169426944989
1761339380063,169562038027
1761339381043,169695013333
1761339382020,169830580247
1761339383003,169963498241
1761339384003,170098373323
1761339385004,170233458061
1761339386004,170368214857
1761339387003,170503168002
1761339388003,170638097100
1761339389003,170773027846
1761339390003,170907943578
1761339391004,171042954340
1761339392003,171177780106
1761339393003,171312713232
1761339394003,171447641781
1761339395004,171582682024
1761339396003,171717454628
1761339397003,171852401609
1761339398003,171987345477
1761339399003,172122237222
1761339400003,172257159911
1761339401003,172392065999
1761339402003,172527089091
1761339403005,172662152771
1761339404015,172797930805
1761339405039,172935939301
1761339406024,173068533994
1761339407036,173203734331
1761339408031,173340520175
1761339409013,173472971679
1761339410004,173606654381
1761339411015,173743006632
1761339412003,173876464421
1761339413003,174011221705
1761339414003,174146134140
1761339415003,174281108343
1761339416003,174416138027
1761339417012,174551208604
1761339418011,174686376532
1761339419019,174822925682
1761339420018,174957069931
1761339421010,175091631048
1761339422026,175227078700
1761339423036,175363293317
1761339424022,175497874454
1761339425067,175631574612
1761339426017,175767213731
1761339427020,175901987861
1761339428032,176037085965
1761339429008,176170727224
1761339430003,176305115552
1761339431003,176439851474
1761339432004,176575046684
1761339433003,176709849867
1761339434003,176844815830
1761339435011,176979714655
1761339436004,177114733291
1761339437005,177249719274
1761339438025,177387476245
1761339439003,177519428910
1761339440026,177656549531
1761339441018,177789496823
1761339442027,177926213147
1761339443020,178061255404
1761339444004,178194200987
1761339445033,178329992753
1761339446003,178463876017
1761339447008,178599422667
1761339448003,178733752462
1761339449003,178868567913
1761339450003,179003602052
1761339451003,179138473899
1761339452003,179273531781
1761339453006,179408466616
1761339454003,179543231225
1761339455003,179678154158
1761339456003,179813113712
1761339457003,179948066309
1761339458003,180082988327
1761339459003,180218065435
1761339460003,180353004481
1761339461016,180488563949
1761339462025,180625235169
1761339463014,180757862637
1761339464011,180893729110
1761339465002,181027414315
1761339466035,181163483302
1761339467023,181298510667
1761339468019,181433297248
1761339469010,181567752287
1761339470007,181702482411
1761339471048,181839245183
1761339472082,181975655112
1761339473022,182109554000
1761339474027,182243797736
1761339475021,182378549161
1761339476025,182513701831
1761339477035,182648766915
1761339478038,182783486296
1761339479090,182919951767
1761339480094,183063780745
1761339481004,183186519688
1761339482004,183321448359
1761339483003,183456273270
1761339484003,183591119544
1761339485003,183726082821
1761339486003,183860988238
1761339487003,183995940895
1761339488003,184130865354
1761339489004,184265809467
1761339490003,184400682840
1761339491003,184535666381
1761339492003,184670555989
1761339493003,184805525859
1761339494003,184940393983
1761339495003,185075332358
1761339496003,185210242352
1761339497003,185345175051
1761339498003,185480299522
1761339499003,185615149946
1761339500003,185750072391
1761339501003,185884857873
1761339502006,186020191145
1761339503004,186155163761
1761339504003,186289673060
1761339505016,186424929184
1761339506022,186561183412
1761339507070,186701616708
1761339508033,186832040141
1761339509025,186966683229
1761339510027,187101124169
1761339511123,187238591773
1761339512278,187398331294
1761339513004,187504205412
1761339514003,187639156727
1761339515003,187773975352
1761339516003,187908917023
1761339517003,188043860708
1761339518003,188178849986
1761339519004,188313592867
1761339520003,188448577812
1761339521015,188584427623
1761339522007,188718946687
1761339523011,188854004386
1761339524009,188989087353
1761339525042,189125587614
1761339526050,189264317361
1761339527003,189393046463
1761339528004,189528112524
1761339529003,189662887996
1761339530006,189798260269
1761339531003,189932762306
1761339532005,190067823910
1761339533003,190202764178
1761339534006,190338077674
1761339535003,190472445128
1761339536010,190608243547
1761339537003,190742199015
1761339538004,190877519469
1761339539004,191012289815
1761339540019,191147999185
1761339541042,191284526301
1761339542063,191422941108
1761339543027,191553777992
1761339544024,191688366515
1761339545032,191825101821
1761339546004,191957045392
1761339547004,192091790897
1761339548007,192227154564
1761339549007,192361536850
1761339550026,192497561282
1761339551006,192631815699
1761339552008,192766438828
1761339553006,192901641851
1761339554025,193039069600
1761339555035,193173600445
1761339556006,193306382026
1761339557003,193440969633
1761339558003,193575909900
1761339559003,193710830576
1761339560003,193845747344
1761339561003,193980648549
1761339562004,194115575633
1761339563004,194250511933
1761339564003,194385450064
1761339565003,194520237195
1761339566005,194655357821
1761339567003,194790176811
1761339568003,194925106154
1761339569015,195060821260
1761339570042,195196146597
1761339571012,195330471327
1761339572018,195466582612
1761339573047,195600487420
1761339574029,195736476147
1761339575029,195871098971
1761339576036,196007971423
1761339577034,196143471931
1761339578011,196275384557
1761339579013,196410751825
1761339580019,196544338153
1761339581003,196679231363
1761339582003,196814000061
1761339583003,196949100484
1761339584003,197084058512
1761339585007,197218936524
1761339586003,197353906882
1761339587008,197489335368
1761339588003,197623604800
1761339589003,197758645164
1761339590006,197893721418
1761339591003,198028387455
1761339592015,198164946431
1761339593011,198298545577
1761339594015,198433409245
1761339595010,198569095482
1761339596012,198704363629
1761339597028,198840749267
1761339598052,198975670918
1761339599009,199108630966
1761339600003,199242842354
1761339601011,199378207913
1761339602003,199512665454
1761339603003,199647624154
1761339604004,199782665618
1761339605005,199917768665
1761339606004,200052361888
1761339607016,200187442474
1761339608029,200324431015
1761339609037,200461661926
1761339610050,200595774071
1761339611046,200728233631
1761339612007,200862609630
1761339613005,200997161959
1761339614005,201131903924
1761339615004,201266817397
1761339616020,201403360870
1761339617009,201537348137
1761339618017,201672412428
1761339619016,201808167085
1761339620019,201942506707
1761339621035,202080542425
1761339622021,202213559541
1761339623003,202346250607
1761339624004,202481139300
1761339625004,202616104287
1761339626003,202751054015
1761339627003,202885972187
1761339628004,203020907938
1761339629003,203155668335
1761339630003,203290609701
1761339631003,203425661785
1761339632003,203560538942
1761339633003,203695486411
1761339634005,203830799358
1761339635003,203965185611
1761339636015,204100719688
1761339637012,204236249919
1761339638018,204371896057
1761339639007,204505289697
1761339640031,204642233866
1761339641024,204776478456
1761339642012,204910376307
1761339643027,205047059733
1761339644043,205181447329
1761339645030,205315793359
1761339646052,205456136140
1761339647004,205584576790
1761339648004,205719325774
1761339649003,205854219960
1761339650003,205989197031
1761339651003,206124073273
1761339652003,206259037771
1761339653004,206394105357
1761339654004,206529040620
1761339655004,206663944022
1761339656004,206798903882
1761339657004,206933480869
1761339658003,207068408990
1761339659003,207203277663
1761339660003,207338221776
1761339661002,207473175166
1761339662003,207608097855
1761339663002,207742999792
1761339664002,207877917538
1761339665003,208012918535
1761339666004,208147891578
1761339667003,208282749875
1761339668003,208417587299
1761339669003,208552711587
1761339670003,208687646117
1761339671003,208822560444
1761339672003,208957469217
1761339673005,209092838195
1761339674004,209227209921
1761339675003,209362207927
1761339676003,209497155580
1761339677003,209632092796
1761339678004,209766970136
1761339679003,209901534550
1761339680008,210037498313
1761339681008,210172124677
1761339682004,210306862980
1761339683003,210441675745
1761339684003,210576543625
1761339685004,210711355413
1761339686004,210846382289
1761339687003,210981317369
1761339688005,211116089912
1761339689003,211250913725
1761339690003,211386024585
1761339691008,211521631049
1761339692013,211657171535
1761339693003,211790458059
1761339694003,211925716563
1761339695003,212060257783
1761339696003,212195393423
1761339697004,212330389660
1761339698003,212465360750
1761339699003,212600162956
1761339700003,212735039320
1761339701003,212869959751
1761339702003,213005002679
1761339703002,213139883010
1761339704003,213274765355
1761339705004,213409715083
1761339706002,213544592484
1761339707003,213679482703
1761339708002,213814395687
1761339709003,213949330279
1761339710003,214084277382
1761339711003,214219358884
1761339712003,214354242694
1761339713003,214489178445
1761339714003,214623854736
1761339715002,214758799459
1761339716004,214893856364
1761339717002,215028638245
1761339718003,215163787069
1761339719002,215298700054
1761339720003,215433218875
1761339721003,215568381676
1761339722003,215703572126
1761339723003,215838350223
1761339724003,215973416894
1761339725004,216108408858
1761339726003,216243186345
1761339727002,216378054408
1761339728002,216512780747
1761339729002,216647925116
1761339730003,216782756741
1761339731003,216917844102
1761339732003,217052730720
1761339733003,217187679410
1761339734003,217322624988
1761339735003,217457522897
1761339736003,217592479949
1761339737003,217727395802
1761339738003,217862278880
1761339739003,217997260162
1761339740003,218132146841
1761339741003,218267022900
1761339742003,218402010286
1761339743003,218536971854
1761339744003,218671876172
1761339745002,218806598239
1761339746002,218941876702
1761339747002,219076632949
1761339748003,219211578404
1761339749003,219346481867
1761339750002,219481461380
1761339751003,219616229712
1761339752003,219751293697
1761339753002,219886085588
1761339754002,220020965553
1761339755004,220156023069
1761339756005,220291323442
1761339757003,220426036782
1761339758003,220560805907
1761339759003,220695813191
1761339760003,220830788004
1761339761003,220965520874
1761339762003,221100619710
1761339763003,221235512004
1761339764003,221370450624
1761339765003,221505338950
1761339766003,221640284894
1761339767003,221775158267
1761339768003,221910196923
1761339769003,222045063582
1761339770003,222179956364
1761339771003,222314931421
1761339772003,222449808151
1761339773003,222584787359
1761339774003,222719707057
1761339775003,222854646287
1761339776003,222989564765
1761339777003,223123941130
1761339778003,223249584241
1761339779003,223376252923
1761339780002,223504700165
1761339781004,223632862129
1761339782002,223761380050
1761339783004,223888596460
1761339784003,224014878607
1761339785003,224140851979
1761339786002,224277482244
1761339787002,224413368859
1761339788003,224548646040
1761339789003,224683352421
1761339790003,224818203882
1761339791003,224953002732
1761339792003,225088219365
1761339793003,225222844936
1761339794004,225354241756
1761339795002,225490829480
1761339796003,225625555819
1761339797003,225760471673
1761339798003,225895736707
1761339799003,226030316868
1761339800003,226165382685
1761339801003,226300323684
1761339802004,226435249731
1761339803003,226569941097
1761339804003,226705028459
1761339805003,226839801612
1761339806004,226974691770
1761339807003,227109797198
1761339808003,227244711770
1761339809003,227379618163
1761339810003,227514592671
1761339811003,227649395975
1761339812003,227784371826
1761339813003,227919102499
1761339814004,228053939801
1761339815003,228188811037
1761339816003,228323822960
1761339817002,228458848127
1761339818003,228593236638
1761339819003,228728636132
1761339820003,228863535811
1761339821003,228998415654
1761339822003,229133412684
1761339823002,229268109849
1761339824003,229402646919
1761339825002,229524587281
1761339826003,229645671566
1761339827003,229769554793
1761339828002,229889569196
1761339829002,230009726298
1761339830002,230131658725
1761339831002,230266214105
1761339832003,230404573004
1761339833002,230539439907
1761339834003,230674532579
1761339835003,230809383613
1761339836003,230944244535
1761339837003,231079136768
1761339838003,231214171456
1761339839003,231348917510
1761339840002,231483353934
1761339841002,231618222912
1761339842003,231753207735
1761339843003,231888482963
1761339844003,232023230176
1761339845002,232157634678
1761339846003,232292581049
1761339847002,232427483109
1761339848003,232562450476
1761339849002,232697121151
1761339850003,232831879412
1761339851002,232966889626
1761339852003,233101446776
1761339853002,233236543476
1761339854002,233371236918
1761339855002,233505547365
1761339856002,233640614891
1761339857003,233775367170
1761339858002,233910301761
1761339859003,234042430146
1761339860002,234174764707
1761339861002,234308906027
1761339862003,234443323346
1761339863003,234565839512
1761339864002,234687310331
1761339865002,234807787806
1761339866002,234931322646
1761339867003,235056656493
1761339868002,235181035508
1761339869004,235311058490
1761339870002,235446003213
1761339871002,235577739570
1761339872004,235705756393
1761339873004,235830076876
1761339874003,235970112345
1761339875003,236104986206
1761339876003,236240019064
1761339877003,236374945049
1761339878003,236509446963
1761339879003,236644530418
1761339880003,236779604536
1761339881002,236914342594
1761339882003,237049371362
1761339883008,237184918317
1761339884004,237318895147
1761339885005,237454164454
1761339886003,237589061448
1761339887003,237723791633
1761339888003,237858703763
1761339889003,237993611376
1761339890003,238128553902
1761339891003,238263651762
1761339892003,238398424793
1761339893003,238533459177
1761339894003,238668498198
1761339895003,238803193838
1761339896003,238938278331
1761339897003,239073224091
1761339898003,239208177786
1761339899003,239342859448
1761339900003,239477849764
1761339901003,239612920280
1761339902003,239747858961
1761339903003,239882706516
1761339904003,240017653680
1761339905003,240152555129
1761339906003,240287487584
1761339907003,240422415461
1761339908003,240557380631
1761339909003,240692284399
1761339910003,240827242855
1761339911003,240962128130
1761339912003,241097072731
1761339913003,241232018186
1761339914003,241366918353
1761339915003,241501818399
1761339916003,241636761046
1761339917003,241771717122
1761339918003,241906585490
1761339919003,242041522645
1761339920003,242176425253
1761339921003,242311359234
1761339922003,242446332155
1761339923003,242581168541
1761339924003,242716176740
1761339925002,242851123721
1761339926003,242985987085
1761339927003,243121063521
1761339928003,243255863713
1761339929002,243390781336
1761339930003,243525696335
1761339931003,243660738470
1761339932003,243795575710
1761339933003,243930644334
1761339934003,244065568122
1761339935003,244200494474
1761339936003,244335488024
1761339937004,244470348092
1761339938004,244605338164
1761339939003,244740219166
1761339940003,244874744945
1761339941003,245009801606
1761339942003,245144758658
1761339943004,245280108958
1761339944003,245414606783
1761339945008,245549929618
1761339946023,245686871284
1761339947012,245820191987
1761339948037,245957948410
1761339949035,246092559149
1761339950010,246224622043
1761339951012,246360238578
1761339952027,246495189527
1761339953004,246629190527
1761339954003,246763855892
1761339955003,246898771257
1761339956003,247033766212
1761339957003,247168602354
1761339958003,247303527728
1761339959003,247438541543
1761339960003,247573309325
1761339961003,247708294637
1761339962003,247843447611
1761339963004,247978345825
1761339964003,248113295065
1761339965005,248248444194
1761339966003,248382985048
1761339967003,248517852928
1761339968003,248652763837
1761339969004,248787855288
1761339970004,248922779565
1761339971003,249057662703
1761339972003,249192593876
1761339973003,249327256068
1761339974003,249462373337
1761339975003,249597554082
1761339976009,249732868189
1761339977012,249868286788
1761339978010,250002873907
1761339979010,250137554470
1761339980006,250272070056
1761339981010,250407400215
1761339982014,250542578213
1761339983014,250678191575
1761339984011,250812364144
1761339985031,250949575157
1761339986058,251087057777
1761339987021,251217374154
1761339988058,251356077413
1761339989017,251487172292
1761339990028,251622822640
1761339991008,251756662202
1761339992008,251891851004
1761339993003,252025971938
1761339994003,252160901524
1761339995003,252295746882
1761339996003,252430841934
1761339997004,252565723425
1761339998003,252700577328
1761339999003,252835492448
1761340000003,252970417335
1761340001003,253105345395
1761340002003,253240286273
1761340003003,253375175820
1761340004004,253510237913
1761340005004,253645274494
1761340006003,253780097940
1761340007003,253915028137
1761340008003,254049827230
1761340009003,254184863811
1761340010003,254319809571
1761340011007,254455203756
1761340012004,254589728924
1761340013021,254725706543
1761340014012,254859973106
1761340015029,254996844765
1761340016017,255130151308
1761340017020,255266301899
1761340018015,255400286908
1761340019013,255535348696
1761340020008,255669779382
1761340021006,255804293137
1761340022005,255939003363
1761340023012,256074534388
1761340024042,256212307351
1761340025048,256346125856
1761340026012,256479745875
1761340027007,256613789600
1761340028004,256748303965
1761340029012,256884152128
1761340030014,257018740528
1761340031013,257154038400
1761340032018,257290180874
1761340033019,257424912889
1761340034016,257558954844
1761340035052,257694600493
1761340036012,257829023305
1761340037003,257962774611
1761340038003,258097719273
1761340039003,258232601557
1761340040003,258367664321
1761340041003,258502471898
1761340042003,258637428584
1761340043004,258772442643
1761340044003,258907239966
1761340045004,259042317868
1761340046003,259177134234
1761340047003,259312122108
1761340048003,259447054746
1761340049003,259582055988
1761340050005,259717020852
1761340051011,259852799740
1761340052020,259987718951
1761340053020,260124022008
1761340054047,260260165885
1761340055042,260394715956
1761340056034,260529736911
1761340057034,260664609430
1761340058013,260797674885
1761340059003,260931278181
1761340060004,261066407901
1761340061003,261200818873
1761340062004,261336167586
1761340063008,261471247929
1761340064009,261606536340
1761340065023,261742412274
1761340066011,261876049322
1761340067015,262011863000
1761340068038,3613882
1761340069012,138381115
1761340070004,272232396
1761340071003,407160517
1761340072004,542143448
1761340073003,676917883
1761340074003,811806759
1761340075003,946748858
1761340076003,1081796058
1761340077003,1216565244
1761340078003,1351531147
1761340079004,1486595681
1761340080003,1621391051
1761340081013,1756434773
1761340082004,1891487833
1761340083009,2026696960
1761340084011,2161887531
1761340085033,2299396640
1761340086027,2432438963
1761340087026,2568552262
1761340088015,2701543438
1761340089024,2838477535
1761340090022,2971197899
1761340091050,3111652800
1761340092026,3242284302
1761340093047,3378663713
1761340094035,3511318891
1761340095031,3648639463
1761340096003,3780314663
1761340097004,3915269884
1761340098003,4050182136
1761340099003,4185088529
1761340100003,4319978320
1761340101003,4454987252
1761340102029,4592364036
1761340103013,4725996873
1761340104029,4861350653
1761340105034,4995493437
1761340106040,5133627727
1761340107017,5264648570
1761340108012,5400677458
1761340109004,5534347709
1761340110003,5669296338
1761340111004,5804219577
1761340112003,5939123528
1761340113003,6074096266
1761340114003,6209025303
1761340115003,6343924433
1761340116003,6478825088
1761340117003,6613800451
1761340118003,6748725276
1761340119003,6883633073
1761340120003,7018669776
1761340121003,7153527219
1761340122003,7288393878
1761340123003,7423430214
1761340124004,7558379881
1761340125007,7693178059
1761340126004,7828342447
1761340127003,7962935120
1761340128019,8098241353
1761340129029,8234184730
1761340130012,8369265500
1761340131015,8504188068
1761340132025,8640202063
1761340133016,8773396302
1761340134034,8910760391
1761340135060,9048471037
1761340136071,9182828298
1761340137060,9318730355
1761340138022,9448928691
1761340139005,9582483891
1761340140018,9718707541
1761340141033,9854802591
1761340142019,9988319827
1761340143044,10125785418
1761340144030,10258935406
1761340145056,10397117731
1761340146035,10528959373
1761340147012,10662739121
1761340148003,10796697763
1761340149014,10932702541
1761340150004,11066621449
1761340151003,11201404124
1761340152003,11336242036
1761340153004,11471357718
1761340154004,11606325085
1761340155003,11741144259
1761340156003,11876015678
1761340157005,12011104261
1761340158003,12146014316
1761340159004,12280967156
1761340160003,12415704787
1761340161003,12550774144
1761340162003,12685603694
1761340163004,12820603470
1761340164003,12955601721
1761340165006,13090476803
1761340166005,13225663896
1761340167007,13360393165
1761340168007,13495611691
1761340169023,13632627087
1761340170046,13765691505
1761340171023,13901820612
1761340172014,14036184770
1761340173008,14170608986
1761340174005,14305003845
1761340175023,14440474934
1761340176139,14590395876
1761340177005,14709743104
1761340178007,14844898398
1761340179003,14979278791
1761340180004,15114273624
1761340181004,15249397851
1761340182004,15384340620
1761340183004,15519093815
1761340184007,15654042750
1761340185004,15788774583
1761340186005,15924195195
1761340187011,16059989709
1761340188027,16196111247
1761340189016,16329292974
1761340190043,16464377650
1761340191022,16599828842
1761340192028,16736550965
1761340193012,16869469082
1761340194016,17004448228
1761340195042,17142012879
1761340196003,17272991303
1761340197003,17407952688
1761340198003,17542715039
1761340199004,17677671236
1761340200003,17812690178
1761340201003,17947722913
1761340202003,18082629733
1761340203008,18218239005
1761340204005,18352754652
1761340205005,18487574314
1761340206037,18626452438
1761340207020,18759413401
1761340208022,18892886814
1761340209010,19027608881
1761340210021,19163417921
1761340211026,19299095735
1761340212086,19439589089
1761340213135,19569553051
1761340214150,19718593074
1761340215068,19845537574
1761340216003,19971446675
1761340217003,20106403605
1761340218003,20241485840
1761340219003,20376385519
1761340220003,20511135479
1761340221003,20646230897
1761340222003,20781096580
1761340223003,20916049482
1761340224003,21050897159
1761340225003,21185925011
1761340226003,21320750777
1761340227003,21455572759
1761340228003,21590457911
1761340229003,21725365586
1761340230003,21860432989
1761340231003,21995227871
1761340232003,22130003344
1761340233003,22265141060
1761340234003,22400001371
1761340235006,22535127368
1761340236004,22669835947
1761340237003,22804927703
1761340238007,22939676198
1761340239009,23075171090
1761340240082,23209865021
1761340241036,23347630537
1761340242022,23480600473
1761340243042,23618173790
1761340244030,23750980701
1761340245034,23885133800
1761340246004,24019206760
1761340247004,24153779413
1761340248004,24289076857
1761340249003,24423843358
1761340250003,24558767451
1761340251003,24693561173
1761340252003,24828472876
1761340253003,24963600643
1761340254003,25098519732
1761340255004,25233384926
1761340256003,25368291258
1761340257003,25503235981
1761340258004,25638133829
1761340259003,25772856811
1761340260003,25908064656
1761340261003,26042826335
1761340262004,26178015564
1761340263003,26312797812
1761340264003,26447607892
1761340265006,26582548952
1761340266003,26717688255
1761340267004,26852547224
1761340268003,26987433231
1761340269008,27122582055
1761340270014,27258567241
1761340271025,27392749149
1761340272046,27531946363
1761340273023,27662356674
1761340274031,27799008485
1761340275033,27934738667
1761340276070,28073161103
1761340277040,28204580872
1761340278018,28337879420
1761340279008,28471538929
1761340280010,28606647775
1761340281065,28743565759
1761340282083,28886895653
1761340283003,29011272105
1761340284003,29146156342
1761340285003,29281107535
1761340286003,29415948986
1761340287003,29550865084
1761340288003,29685773918
1761340289004,29820952283
1761340290005,29956034701
1761340291015,30091714957
1761340292008,30226064832
1761340293020,30362739348
1761340294008,30495522822
1761340295045,30634959171
1761340296013,30766261570
1761340297022,30901632561
1761340298008,31035678849
1761340299003,31169644631
1761340300003,31304473632
1761340301003,31439549702
1761340302004,31574419962
1761340303003,31709387878
1761340304005,31844592427
1761340305003,31979261638
1761340306003,32114179078
1761340307003,32249144797
1761340308003,32384050519
1761340309003,32518954043
1761340310003,32653978234
1761340311003,32788804671
1761340312003,32923743412
1761340313003,33058691797
1761340314003,33193583481
1761340315003,33328555120
1761340316003,33463422634
1761340317003,33598498948
1761340318003,33733279060
1761340319003,33868211942
1761340320003,34003279345
1761340321003,34138053841
1761340322003,34272993620
1761340323003,34408062549
1761340324003,34543006296
1761340325003,34677791900
1761340326002,34812663381
1761340327002,34947373974
1761340328003,35082561860
1761340329003,35217567191
1761340330002,35344296969
1761340331003,35459944805
1761340332003,35578869733
1761340333004,35696420335
1761340334004,35812835565
1761340335003,35931869928
1761340336004,36053801622
1761340337004,36174772138
1761340338005,36292633470
1761340339005,36406503906
1761340340006,36520087660
1761340341004,36634686183
1761340342005,36748642190
1761340343004,36862924429
1761340344005,36976982365
1761340345003,37090830767
1761340346003,37205660551
1761340347005,37319599896
1761340348004,37434115350
1761340349004,37547591744
1761340350005,37662500385
1761340351006,37777327178
1761340352005,37892184245
1761340353005,38007059745
1761340354004,38122169679
1761340355003,38236654433
1761340356004,38351855432
1761340357003,38467104832
1761340358004,38581198289
1761340359004,38695978635
1761340360005,38809666882
1761340361005,38923962366
1761340362005,39037419961
1761340363004,39151971914
1761340364004,39265439458
1761340365003,39379364032
1761340366005,39494009124
1761340367004,39607081527
1761340368004,39716521555
1761340369004,39829524256
1761340370003,39945142308
1761340371003,40063280555
1761340372004,40182388343
1761340373004,40293879452
1761340374005,40406629468
1761340375003,40519720732
1761340376004,40633686504
1761340377005,40747276179
1761340378005,40861133249
1761340379006,40973773097
1761340380003,41085949995
1761340381005,41197814027
1761340382006,41310109272
1761340383004,41420831157
1761340384006,41534024959
1761340385002,41647345408
1761340386005,41761173242
1761340387004,41873535747
1761340388005,41958394356
1761340389003,42025338642
1761340390006,42106833917
1761340391005,42165039640
