145396441101
59090870849
1780916083036
145424725158
59132575744
1780916084040
145457800964
59177177307
1780916085040
145490991149
59220734680
1780916086041
145524555419
59265695373
1780916087041
145558641174
59310913757
1780916088042
145592663085
59357072204
1780916089042
145626434387
59402654418
1780916090043
145660022766
59448118286
1780916091044
145693747741
59493509155
1780916092044
145725896240
59538312194
1780916093045
145758426147
59582919799
1780916094045
145790439331
59627177124
1780916095046
145816046447
59663324584
1780916096046
145848951293
59706687805
1780916097047
145880804321
59749326538
1780916098048
145913236328
59791915710
1780916099049
145946193481
59836454040
1780916100049
145980260437
59882096313
1780916101050
146014119812
59927728820
1780916102050
146048318115
59973445007
1780916103051
146082768615
60018810729
1780916104051
146116908447
60064452392
1780916105052
146151033203
60109924438
1780916106052
146185619567
60155825805
1780916107053
146219788085
60201148315
1780916108053
146253827087
60246628051
1780916109054
146288352844
60292704040
1780916110054
146322292480
60337997131
1780916111055
146355868164
60382973693
1780916112055
146387901062
60425637756
1780916113056
146411319274
60461653076
1780916114057
146437592224
60498913085
1780916115058
146469942932
60539410522
1780916116058
146502675720
60583135375
1780916117059
146536181030
60628546447
1780916118059
146570313293
60673997497
1780916119060
146603387084
60718971191
1780916120060
146636382385
60764185241
1780916121061
146670036132
60809789855
1780916122062
146702164794
60854645080
1780916123062
146735019042
60899497619
1780916124063
146768547729
60945193969
1780916125063
146801136657
60990190429
1780916126064
146833611267
61035339904
1780916127064
146866662170
61080800842
1780916128065
146899609191
61123679626
1780916129065
146930785400
61157900451
1780916130066
146963422119
61198052246
1780916131067
146995441101
61241640014
1780916132067
147027323059
61275173339
1780916133068
147059702819
61314471130
1780916134069
147092718444
61359721862
1780916135069
147126151977
61404907043
1780916136070
147159778015
61450567138
1780916137070
147192399536
61495496826
1780916138071
147225384826
61540293334
1780916139071
147258664733
61585628601
1780916140072
147291621704
61630413085
1780916141072
147324533325
61675216003
1780916142073
147357892517
61720605224
1780916143073
147391062622
61765786010
1780916144074
147424390319
61810819396
1780916145074
147457738220
61854782287
1780916146075
147489780395
61891456115
1780916147076
147522498901
61926151489
1780916148077
147554959106
61966854736
1780916149077
147588374572
62003020629
1780916150078
147617632202
62042237731
1780916151079
147649997497
62087444580
1780916152079
147683136474
62132397155
1780916153079
147716475646
62177257202
1780916154080
147750852783
62222964050
1780916155080
147787298278
62268415954
1780916156081
147821555969
62313142028
1780916157081
147855351135
62358297485
1780916158082
147889265563
62403185546
1780916159082
147923624938
62448223510
1780916160083
147957922180
62493436523
1780916161083
147992060974
62538215270
1780916162084
148026097290
62578535827
1780916163084
148060084960
62614557495
1780916164085
148093510009
62651558593
1780916165086
148127117187
62684849121
1780916166087
148161290222
62720205566
1780916167087
148195550231
62758102600
1780916168089
148229535278
62802825744
1780916169089
148263892639
62847987243
1780916170090
148297324035
62892883361
1780916171090
148330828002
62937432800
1780916172091
148364355712
62982377990
1780916173091
148397890502
63026978698
1780916174092
148431600585
63071708190
1780916175093
148465530273
63116704772
1780916176093
148500550659
63161905090
1780916177093
148535492919
63207263610
1780916178094
148571022460
63252839965
1780916179096
148602822204
63291735351
1780916180097
148634675109
63332333801
1780916181097
148662866882
63368425354
1780916182098
148695283691
63401011352
1780916183099
148728682006
63434124694
1780916184100
148764450683
63476228942
1780916185101
148800803283
63522730346
1780916186101
148833077575
63567612792
1780916187102
148867646301
63612994323
1780916188102
148903573303
63659693969
1780916189103
148939781860
63706170837
1780916190103
148982125732
63759130615
1780916191104
149065352600
63865681457
1780916193565
149102221252
63911709655
1780916194565
149138573303
63957755432
1780916195566
149175241516
64004110107
1780916196566
149211973693
64050877319
1780916197567
149248711120
64097416381
1780916198567
149283583435
64142695922
1780916199568
149318948547
64188964843
1780916200569
149354318176
64234415466
1780916201569
149389733459
64279685729
1780916202570
149425274780
64325345092
1780916203570
149461542907
64371483154
1780916204571
149497389770
64418345275
1780916205571
149533387634
64465080200
1780916206572
149568885192
64511739318
1780916207572
149605271911
64559166015
1780916208573
149641324645
64606586486
1780916209573
149676638732
64653392517
1780916210574
149712002563
64700310180
1780916211574
149747458435
64747216796
1780916212574
149782759338
64793902893
1780916213575
149817629394
64840671997
1780916214575
149853704650
64887157775
1780916215576
149888324951
64932893371
1780916216576
149923727905
64978125488
1780916217577
149958445922
65023903015
1780916218577
149992884765
65068837890
1780916219578
150027799743
65114487426
1780916220580
150062510131
65160391662
1780916221580
150098021057
65206496337
1780916222580
150132992431
65252661132
1780916223581
150168543762
65299263305
1780916224581
150204174499
65345675415
1780916225582
150240270446
65391965515
1780916226583
150276211425
65438227050
1780916227583
150312131469
65483995239
1780916228584
150347677062
65529633605
1780916229584
150383598083
65575795227
1780916230585
150418845825
65621344848
1780916231585
150454182434
65666414306
1780916232586
150489482360
65708172790
1780916233586
150525404479
65745864135
1780916234587
152060166381
67575156188
1780916235587
152152420227
67697533935
1780916282468
152186076110
67742492370
1780916283468
152220361145
67787685913
1780916284469
152255446350
67833051208
1780916285469
152289966613
67878120544
1780916286470
152324610290
67923379760
1780916287470
152359096313
67968424926
1780916288471
152393787780
68013451477
1780916289471
152429910766
68059377136
1780916290472
152465559997
68104923522
1780916291473
152501212951
68150131225
1780916292473
152537921081
68196329406
1780916293474
152573984375
68242138977
1780916294474
152610308593
68288180053
1780916295475
152647546813
68334803649
1780916296475
152683137939
68381049987
1780916297476
152719861145
68427713195
1780916298476
152757317565
68474642761
1780916299477
152794125427
68521260803
1780916300477
152831083068
68568174865
1780916301478
152868513610
68615144287
1780916302478
152905608703
68661805297
1780916303479
152942409240
68708213439
1780916304480
152979785156
68755080322
1780916305480
153017210449
68802009765
1780916306483
153054654785
68849047668
1780916307484
153092407775
68895671203
1780916308484
153129306274
68941463928
1780916309485
153166439880
68987072875
1780916310486
153203616821
69032801513
1780916311486
153241379150
69078831848
1780916312487
153277899536
69124349365
1780916313488
153314606567
69170612243
1780916314488
153350421630
69216307128
1780916315489
153386848144
69262248229
1780916316489
153424544494
69308968139
1780916317490
153463299804
69355580261
1780916318490
153500236083
69402124511
1780916319491
153536656005
69448799987
1780916320492
153572453430
69494822082
1780916321492
153608236206
69541038818
1780916322493
153643474670
69589531127
1780916323493
153678818481
69638091186
1780916324494
153714376892
69687622924
1780916325494
153749902770
69736812011
1780916326495
153785313171
69784668640
1780916327495
153820213439
69832669921
1780916328496
153855553039
69881666503
1780916329496
153890377563
69929664123
1780916330497
153924588439
69977416198
1780916331497
153959181518
70027165527
1780916332498
153993458557
70075838012
1780916333498
154027700622
70125088012
1780916334499
154062321594
70174269348
1780916335499
154096966247
70223087585
1780916336500
154131782287
70272134643
1780916337500
154166848083
70321644287
1780916338501
154202239562
70370791137
1780916339501
154237247192
70419527709
1780916340502
154272367370
70468759826
1780916341502
154307444519
70516995544
1780916342503
154342220031
70565246093
1780916343503
154377856567
70614460144
1780916344504
154412766540
70662466796
1780916345504
154447515991
70710114196
1780916346505
154482290100
70757094482
1780916347505
154516484252
70803138366
1780916348506
154551473144
70849680114
1780916349506
154586519592
70898068237
1780916350507
154622882080
70944792297
1780916351507
154658066284
70991842773
1780916352508
154693401611
71038930847
1780916353508
154728578979
71085141845
1780916354509
154763816650
71131829284
1780916355510
154799273193
71178589538
1780916356510
154834285217
71225034179
1780916357510
154869390563
71271548156
1780916358511
154904823425
71318364196
1780916359511
154940434814
71364840209
1780916360512
154975397155
71411365112
1780916361512
155010984375
71458198791
1780916362513
155046038940
71504688842
1780916363513
155080397521
71550604614
1780916364514
155114810058
71596872680
1780916365514
155149089538
71642616943
1780916366515
155183419372
71688710571
1780916367515
155218450195
71734726379
1780916368516
155253710266
71781018371
1780916369517
155289168212
71827321777
1780916370517
155324440795
71874064453
1780916371518
155359734252
71920720214
1780916372518
155395014587
71966749572
1780916373519
155430106262
72013178955
1780916374519
155504351989
72107956970
1780916375519
155539672485
72153628723
1780916377627
155574973205
72198956359
1780916378627
155610291320
72244391723
1780916379628
155646573303
72290012634
1780916380628
155683044494
72335730651
1780916381629
155717582702
72380862670
1780916382629
155752439025
72428851562
1780916383630
155786993774
72476638122
1780916384630
155821358764
72521791320
1780916385631
155856091186
72567188598
1780916386632
155891291076
72612309265
1780916387632
155926710510
72658043090
1780916388633
155962551940
72704126098
1780916389633
155997581787
72749649353
1780916390634
156032971923
72795194702
1780916391634
156068678466
72841004089
1780916392635
156103996948
72886167785
1780916393635
156139932250
72931746276
1780916394635
156175756042
72977293884
1780916395636
156211093078
73022563720
1780916396636
156246892456
73068082824
1780916397637
156282599060
73113815856
1780916398637
156317961853
73159296691
1780916399638
156352956726
73204468688
1780916400638
156387696044
73249719116
1780916401639
156422582153
73294681884
1780916402639
156457796691
73339631958
1780916403640
156493085266
73385229553
1780916404641
156528743469
73430831054
1780916405641
156566460937
73476439514
1780916406642
156603465332
73522540954
1780916407642
156639244079
73568015319
1780916408643
156674807800
73613663085
1780916409643
156710935668
73659617675
1780916410643
156747046020
73704936828
1780916411644
156787030151
73753830810
1780916412712
156823286010
73799343078
1780916413712
156859416931
73844802795
1780916414713
156895225097
73890165710
1780916415713
156931217590
73935796569
1780916416714
156966426025
73980662658
1780916417715
157002280822
74025853454
1780916418715
157037959289
74071102905
1780916419716
157073020935
74115993041
1780916420716
157108106506
74161330200
1780916421717
157144365417
74206649597
1780916422718
157181465942
74252259338
1780916423718
157218150939
74298434570
1780916424719
157253315368
74343879150
1780916425719
157288307250
74388924072
1780916426720
157323510803
74433979431
1780916427720
157360819946
74479454650
1780916428721
157587305236
74764262451
1780916435073
157623078613
74808941162
1780916436073
157659054077
74854208496
1780916437073
157694290283
74898902099
1780916438074
157729360900
74943611511
1780916439074
157764326843
74988614013
1780916440075
157799212829
75033346801
1780916441076
157834158569
75078255554
1780916442076
157869694824
75123497314
1780916443077
157905054260
75168593078
1780916444077
157940539306
75213723205
1780916445077
157976450439
75258680175
1780916446078
158012578491
75303518005
1780916447078
158048379699
75348446044
1780916448079
158084653076
75393859069
1780916449079
158120486938
75438703613
1780916450080
158156388793
75483499511
1780916451080
158192379699
75528809326
1780916452081
158227947692
75573550964
1780916453081
158263829406
75618381469
1780916454082
158299814025
75663820800
1780916455082
158334683654
75708361633
1780916456083
158370911499
75752997802
1780916457083
158407944824
75797980041
1780916458084
158442952880
75842783752
1780916459084
158478661621
75888027343
1780916460085
158514519897
75933375183
1780916461085
158549930236
75978363891
1780916462086
158585474792
76023519104
1780916463086
158621194580
76068886169
1780916464087
158657019165
76114029174
1780916465087
158692745056
76158942321
1780916466088
158728772521
76204295166
1780916467088
158763572570
76249035156
1780916468088
158797325195
76293612609
1780916469089
158831625244
76338596191
1780916470089
158865582946
76383350158
1780916471090
158897972412
76423016052
1780916472091
158928484436
76455976623
1780916473091
158957281921
76488509582
1780916474092
158987806396
76524077331
1780916475093
159020118530
76561873840
1780916476094
159052117553
76603218627
1780916477095
159085922851
76647695312
1780916478096
159119848999
76692460205
1780916479096
159154220458
76737117553
1780916480097
159187957702
76781524414
1780916481098
159222616210
76826376953
1780916482098
159256193969
76870745117
1780916483099
159290104064
76915231628
1780916484099
159324781005
76960450988
1780916485100
159358609497
77004746765
1780916486100
159392271667
77049205993
1780916487101
159426571289
77094208190
1780916488101
159460466186
77138500488
1780916489102
159493385498
77180515747
1780916490102
159528622375
77218300903
1780916491103
159563426452
77254236389
1780916492104
159597450378
77298641235
1780916493104
159630051269
77335260620
1780916494104
159664474365
77379850585
1780916495105
159698251342
77424439331
1780916496105
159732965026
77469785766
1780916497106
159767567932
77514796997
1780916498107
159802158569
77559614501
1780916499107
159837328247
77604861633
1780916500107
159871938964
77649546386
1780916501108
159905871704
77694069702
1780916502108
159939593933
77738853210
1780916503109
159973557495
77783501647
1780916504110
160007471740
77828003967
1780916505111
160041942932
77873348083
1780916506111
160076006958
77918179626
1780916507111
160109541015
77962679016
1780916508112
160143695434
78007502624
1780916509112
160177582580
78052074401
1780916510113
160211416320
78096546203
1780916511114
160245589843
78141368103
1780916512114
160279773681
78186317260
1780916513115
160314062072
78231212524
1780916514115
160348833190
78276491760
1780916515115
160383273498
78321502441
1780916516116
160417552673
78366287841
1780916517116
160452375488
78411475830
1780916518117
160486962402
78456221496
1780916519117
160521795410
78501311157
1780916520118
160556528076
78546561462
1780916521118
160590726501
78591363647
1780916522119
160624678588
78636199096
1780916523119
160659170532
78681185852
1780916524120
160693646728
78726017700
1780916525120
160727115966
78770338378
1780916526121
160760974792
78814841674
1780916527122
160794330566
78859107666
1780916528122
160827772583
78903446655
1780916529123
160861898132
78948093139
1780916530123
160895752624
78992803833
1780916531124
160929155578
79037400756
1780916532124
160964048950
79082888916
1780916533124
160997643066
79127566772
1780916534125
161031284179
79172492492
1780916535125
161065722106
79217499877
1780916536126
161099525756
79262452087
1780916537127
161133459960
79307936706
1780916538127
161167305358
79354308410
1780916539127
161200896240
79401084594
1780916540128
161234307495
79447676513
1780916541128
161268074645
79494952575
1780916542129
161301524475
79541239135
1780916543129
161334667846
79586736022
1780916544130
161368047607
79632724548
1780916545130
161400931884
79678128234
1780916546131
161434123291
79723744323
1780916547131
161467682861
79769675292
1780916548132
161500904663
79815708923
1780916549132
161534418701
79861768066
1780916550133
161568058532
79908255676
1780916551133
161601532348
79954834106
1780916552134
161635104675
80001416076
1780916553134
161678196960
80058308349
1780916554134
161722325378
80118275024
1780916555659
161756523498
80164386962
1780916556659
161790233886
80211011535
1780916557659
161824057495
80257739868
1780916558660
161857729492
80304260925
1780916559660
161891515563
80351116394
1780916560661
161925274841
80397354980
1780916561661
161959357360
80443035400
1780916562662
161992872497
80488872314
1780916563662
162026905090
80534579528
1780916564663
162060151184
80580041931
1780916565663
162093719116
80626354187
1780916566664
162127277954
80672747985
1780916567664
162160891113
80719570556
1780916568665
162194981323
80766668395
1780916569665
162228719482
80813182250
1780916570666
162262458312
80859446533
1780916571666
162296518188
80905989379
1780916572666
162330254516
80952120666
1780916573667
162364214965
80998769409
1780916574667
162398177978
81045458740
1780916575668
162431905456
81091938049
1780916576668
162465706359
81138262084
1780916577669
162499792419
81185107238
1780916578669
162533631713
81231316162
1780916579670
162567135070
81277004455
1780916580670
162600763305
81322527954
1780916581671
162634179748
81368029113
1780916582671
162667669738
81413203002
1780916583672
162737803649
81507441345
1780916584672
162771525573
81553867614
1780916586711
162805592773
81600525329
1780916587712
162840061462
81646914001
1780916588712
162874326232
81692576843
1780916589712
162908192810
81738640930
1780916590713
162941855285
81785076843
1780916591713
162975623718
81831642456
1780916592714
163010404418
81878297119
1780916593714
163044920104
81924963073
1780916594715
163079721191
81971845153
1780916595715
163114275329
82018696533
1780916596716
163142247741
82065046386
1780916597716
163170971435
82111585327
1780916598717
163201682250
82158340393
1780916599717
163227187072
82204784484
1780916600718
163257400512
82251658447
1780916601719
163290989807
82298604980
1780916602721
163324639831
82345043884
1780916603722
163358451782
82391821472
1780916604722
163391940856
82438556457
1780916605723
163425378417
82485101440
1780916606723
163459121154
82531849609
1780916607724
163492979003
82578767211
1780916608724
163526707763
82625505004
1780916609725
163560461486
82672093017
1780916610725
163593976318
82718869140
1780916611726
163627540588
82765568298
1780916612726
163655923095
82812090515
1780916613727
163685509094
82858740722
1780916614728
163714320617
82905193359
1780916615728
163748105041
82951993408
1780916616729
163781462829
82998775146
1780916617729
163815099853
83045730224
1780916618730
163849075927
83092736999
1780916619730
163883302734
83139347778
1780916620731
163916819824
83185669555
1780916621731
163950416259
83231953125
1780916622732
163984060058
83278563964
1780916623732
164017719970
83325083618
1780916624733
164051648376
83371491394
1780916625733
164087127868
83418466369
1780916626734
164121250427
83464901794
1780916627735
164155577392
83511813659
1780916628735
164190033508
83558734375
1780916629736
164220637573
83605046569
1780916630736
164244402709
83651493225
1780916631737
164268979736
83697959716
1780916632737
164292349731
83744043579
1780916633738
164323497863
83790694702
1780916634738
164356314025
83837064086
1780916635739
164390023742
83883541503
1780916636739
164423824768
83929915771
1780916637740
164457627258
83976537902
1780916638741
164491483154
84023079833
1780916639741
164525179382
84069584106
1780916640742
164558902465
84116216430
1780916641742
164592556396
84162663879
1780916642743
164626405944
84209551879
1780916643743
164660350463
84256477294
1780916644744
164694134155
84302854309
1780916645744
164726245117
84349454223
1780916646745
164751786376
84396132446
1780916647745
164785306396
84442813720
1780916648746
164818858642
84489651428
1780916649746
164852464355
84536338439
1780916650747
164886454956
84583177062
1780916651747
164920946289
84630243774
1780916652748
164954651794
84676876525
1780916653748
164988382080
84723548034
1780916654749
165022193908
84770123596
1780916655749
165056195617
84816756591
1780916656750
165091292968
84863181152
1780916657750
165137192810
84925342346
1780916658751
165188540100
84994998779
1780916660566
165222254699
85041348144
1780916661566
165256158142
85088202819
1780916662566
165287605895
85134577941
1780916663567
165313135009
85180901550
1780916664568
165346554138
85227943542
1780916665568
165379711059
85272940002
1780916666569
165412766052
85317595092
1780916667569
165446270141
85362710021
1780916668570
165480061401
85408615417
1780916669570
165513774047
85454688659
1780916670571
165623613342
85601041992
1780916671572
165654669006
85645746215
1780916674885
165687376098
85690054077
1780916675886
165718704711
85734686096
1780916676887
165745160095
85778976806
1780916677888
165774397644
85823634521
1780916678889
165808629882
85869100830
1780916679889
165842671142
85913912475
1780916680890
165876486877
85958879577
1780916681890
165910537231
86004156005
1780916682891
165945146972
86049222595
1780916683892
165979530273
86094254577
1780916684892
166013804565
86139251647
1780916685893
166047840209
86184034729
1780916686893
166078582763
86228497619
1780916687893
166106512634
86273200927
1780916688894
166134815124
86317852966
1780916689895
166157556884
86362264526
1780916690896
166182704711
86406766845
1780916691896
166207879760
86450847229
1780916692897
166241204284
86495118774
1780916693898
166274926391
86540321960
1780916694898
166308277893
86584569702
1780916695898
166341734619
86628905334
1780916696899
166375385070
86673522521
1780916697899
166409030761
86718127624
1780916698900
166442765625
86762736755
1780916699901
166476688720
86807766662
1780916700901
166510195190
86852352050
1780916701902
166543795898
86896565002
1780916702902
166577636169
86941384338
1780916703903
166603068725
86985721557
1780916704904
166628476684
87029670104
1780916705904
166653694763
87074091857
1780916706905
166676635559
87118193298
1780916707906
166698939331
87162279846
1780916708907
166730462585
87207220947
1780916709907
166764508178
87251959411
1780916710908
166798155029
87296461914
1780916711908
166831947082
87341216369
1780916712909
166865431884
87385543579
1780916713909
166899236816
87430091674
1780916714910
166933638977
87474922851
1780916715911
166968088806
87520078613
1780916716911
167001734069
87564507873
1780916717912
167035502136
87609551330
1780916718912
167069393493
87654759826
1780916719913
167103115356
87699224975
1780916720913
167128038330
87743881286
1780916721914
167155181457
87788038696
1780916722914
167179646789
87822986938
1780916723915
167213605834
87862797241
1780916724915
167247169494
87894672058
1780916725916
167280904663
87938006408
1780916726917
167314991455
87982925109
1780916727917
167348814819
88027332214
1780916728918
167382738464
88071896118
1780916729918
167416790588
88116603149
1780916730919
167450566528
88161188537
1780916731919
167484195251
88205639099
1780916732920
167517950683
88250290710
1780916733920
167551794006
88294864440
1780916734921
167585367126
88339328979
1780916735921
167619702758
88384149780
1780916736922
167653258789
88425483093
1780916737923
167686779052
88463411865
1780916738923
167720533630
88500120178
1780916739924
167754192321
88534412658
1780916740924
167788172302
88569685729
1780916741925
167822745056
88605598937
1780916742926
167856645935
88649988159
1780916743926
167890304443
88694684082
1780916744927
167924210937
88739463195
1780916745927
167957832702
88783908569
1780916746928
167991479187
88828469970
1780916747928
168025202209
88873460205
1780916748929
168058934997
88918084838
1780916749929
168092584350
88962804260
1780916750930
168126330871
89007628601
1780916751930
168160035766
89052249206
1780916752931
168193570678
89096555297
1780916753931
168227420166
89136794189
1780916754932
168261055725
89170686889
1780916755932
168294636535
89205730957
1780916756933
168328155090
89240331420
1780916757934
168361803833
89277605529
1780916758934
168395531799
89321018432
1780916759935
168429698974
89365965759
1780916760935
168463309143
89410342224
1780916761936
168496967590
89454796508
1780916762936
168530722717
89499506469
1780916763937
168564458190
89544033020
1780916764938
168598117370
89588444580
1780916765938
168632015930
89633310485
1780916766939
168674168579
89686198120
1780916767939
168707760864
89730565673
1780916769181
168741839843
89775684753
1780916770182
168775559143
89813742858
1780916771183
168809077270
89848183471
1780916772183
168842937072
89883199951
1780916773184
168877268371
89914852478
1780916774185
168911189086
89948444580
1780916775185
168945144165
89988360961
1780916776186
168978772705
90032863769
1780916777186
169012567138
90077299682
1780916778187
169046535766
90122314392
1780916779187
169080394042
90166952453
1780916780188
169114153625
90211524719
1780916781188
169147999206
90256561889
1780916782189
169181512268
90300920715
1780916783189
169215106262
90345263061
1780916784190
169248967956
90390263061
1780916785190
169282551208
90434638122
1780916786191
169316127075
90477996887
1780916787192
169349923095
90513441345
1780916788192
169383478820
90546601928
1780916789193
169417035156
90578850463
1780916790193
169450843688
90615149047
1780916791194
169484348937
90649568847
1780916792194
169517915771
90693989929
1780916793195
169551676574
90738711608
1780916794195
169585413818
90783248352
1780916795196
169619022399
90827642517
1780916796196
169652860534
90872444641
1780916797196
169686696960
90916922729
1780916798197
169720314025
90961416442
1780916799197
169754910827
91004605957
1780916800198
169788737854
91049286315
1780916801198
169822408081
91093835510
1780916802199
169856265380
91138630615
1780916803199
169889836303
91176316955
1780916804200
169923678527
91211162597
1780916805200
169957399047
91245112792
1780916806201
169990976501
91277990905
1780916807201
170024612487
91311089782
1780916808202
170058415405
91350987609
1780916809202
170092101623
91395586669
1780916810203
170125911865
91440052246
1780916811203
170159877502
91484911254
1780916812204
170193505187
91529353576
1780916813204
170227111206
91573831420
1780916814205
170261033935
91618760314
1780916815205
170294710998
91663436584
1780916816205
170328331298
91707933227
1780916817206
170362085998
91752808166
1780916818206
170395720825
91797187622
1780916819207
170429505249
91839844055
1780916820207
170463358520
91879549682
1780916821208
170496986206
91914438415
1780916822208
170530352783
91946186462
1780916823209
170563962646
91980810729
1780916824209
170597691589
92016606506
1780916825210
170631424804
92061083129
1780916826210
170665389892
92105743103
1780916827211
170699000244
92150158813
1780916828211
170732629638
92194484313
1780916829212
170766620544
92239584838
1780916830212
170800437561
92284220275
1780916831212
170834054992
92328663024
1780916832213
170867887329
92373348571
1780916833213
170901569091
92417712280
1780916834214
170935196044
92462061523
1780916835214
170969060241
92506851379
1780916836215
171002653930
92543933776
1780916837215
171036298400
92580844177
1780916838216
171069958618
92619560607
1780916839216
171103607849
92652937500
1780916840217
171137302551
92687283691
1780916841217
171171122070
92729940063
1780916842218
171204690917
92774283508
1780916843218
171238251159
92818631164
1780916844219
171272015197
92863403625
1780916845219
171305706054
92907993408
1780916846219
171339446838
92952517089
1780916847220
171373236022
92997213928
1780916848220
171406825012
93041630920
1780916849221
171440527954
93086173095
1780916850221
171474653747
93131253662
1780916851222
171508337951
93175640502
1780916852222
171541955749
93215635437
1780916853223
171575703857
93250757934
1780916854223
171609341247
93283930847
1780916855224
171642879211
93316699584
1780916856224
171669593322
93350626281
1780916857225
171703298156
93387929260
1780916858225
171735400268
93431711120
1780916859226
171768236633
93476389770
1780916860226
171801208190
93520626586
1780916861227
171833162597
93565228088
1780916862227
171866443176
93609999328
1780916863228
171898511718
93654237731
1780916864229
171931209838
93698641723
1780916865229
171966463989
93743818908
1780916866230
172001114868
93789335632
1780916867230
172036565002
93834345275
1780916868231
172071654541
93879453125
1780916869231
172105729980
93918290649
1780916870232
172139708618
93952882873
1780916871232
172173645568
93987786865
1780916872233
172207466186
94020393737
1780916873233
172241229064
94052992553
1780916874234
172274777038
94095529968
1780916875234
172310516784
94140487731
1780916876235
172358886657
94189121154
1780916877235
172408165222
94240567504
1780916878236
172456431091
94292902587
1780916879236
172504355163
94345387939
1780916880237
172552261962
94398212524
1780916881238
172599938232
94450694274
1780916882238
172647711181
94503010009
1780916883239
172695133789
94555836975
1780916884239
172742197631
94608933532
1780916885240
172789275817
94662480529
1780916886240
172833970092
94719012695
1780916887241
172877548583
94776571411
1780916888242
172920806762
94833907470
1780916889242
172963651123
94891349731
1780916890243
173006162902
94948567260
1780916891243
173048486999
95005825012
1780916892244
173091163269
95063162963
1780916893245
173133806457
95120459716
1780916894245
173176510253
95178560058
1780916895246
173219089294
95236733825
1780916896246
173261607055
95295001220
1780916897247
173304059814
95353355346
1780916898248
173345809814
95410867614
1780916899248
173380328857
95457262634
1780916900249
173415704284
95504336120
1780916901249
173451737548
95551549011
1780916902250
173487838623
95598520263
1780916903251
173523887939
95645315368
1780916904251
173560453613
95692964172
1780916905252
173596461059
95740349121
1780916906252
173632717590
95788477722
1780916907253
173671771240
95839317443
1780916908253
173713066711
95892840026
1780916909254
173754687683
95946593505
1780916910255
173796666748
96000768981
1780916911255
173839048400
96055411621
1780916912256
173882027709
96110526916
1780916913256
173925182067
96166662353
1780916914257
173968219238
96222305969
1780916915258
174011062255
96278071411
1780916916258
174054404541
96334336242
1780916917259
174097497192
96390579895
1780916918259
174140448059
96446965393
1780916919260
174184427307
96504304626
1780916920261
174229059570
96561675659
1780916921261
174271740966
96618403747
1780916922262
174314671386
96675135192
1780916923262
174357213562
96731441528
1780916924263
174398973022
96787815612
1780916925264
174440909057
96844336547
1780916926264
174482887023
96900680297
1780916927265
174525162963
96957173828
1780916928266
174567342224
97014655761
1780916929266
174609619506
97072490478
1780916930267
174651836120
97130151977
1780916931267
174691714843
97181651794
1780916932268
174726307189
97226892150
1780916933269
174762472534
97273770019
1780916934269
174799000244
97320884643
1780916935269
174835275146
97367942932
1780916936270
174871826049
97415324218
1780916937270
174909031066
97463112609
1780916938271
174945874755
97510276000
1780916939271
174983289611
97557789001
1780916940272
175024947937
97612485107
1780916941272
175067046691
97669025085
1780916942273
175109370422
97726000366
1780916943274
175151790161
97783513000
1780916944274
175194231140
97840937500
1780916945275
175236489868
97898233459
1780916946275
175278986267
97956193908
1780916947276
175321319946
98014188720
1780916948276
175364079406
98072199462
1780916949277
175406962097
98130716491
1780916950277
175449684204
98188800476
1780916951278
175492571594
98246847290
1780916952279
175535684326
98305088623
1780916953279
175577940734
98362153320
1780916954280
175620143005
98419264099
1780916955280
175662416137
98476784545
1780916956281
175704663085
98534066284
1780916957282
175746870788
98591408691
1780916958282
175789028198
98648638244
1780916959283
175830927673
98705662414
1780916960283
175873115966
98762568359
1780916961284
175915703735
98819580566
1780916962285
175951106079
98864923339
1780916963285
175985023681
98901765258
1780916964286
176020173889
98944937072
1780916965286
176055122863
98991032287
1780916966287
176090464416
99037398620
1780916967288
176126319152
99084740539
1780916968288
176162270202
99131982666
1780916969289
176198366943
99179397460
1780916970290
176237841491
99227869018
1780916971290
176276666931
99274286743
1780916972291
176316375183
99319761169
1780916973291
176355805664
99365646789
1780916974291
176389493591
99410551330
1780916975292
176422393920
99453991638
1780916976292
176455886474
99497336730
1780916977293
176488738891
99540808837
1780916978293
176520925048
99583521667
1780916979294
176545782836
99623117675
1780916980295
176562536926
99650874084
1780916981295
176580482971
99681496704
1780916982296
176607721557
99725492126
1780916983297
176636719543
99771126220
1780916984298
176670147460
99815442260
1780916985298
176703367980
99860126464
1780916986299
176737128112
99904439880
1780916987299
176770630615
99950148803
1780916988300
176804121643
99996764526
1780916989301
176837891540
100043403381
1780916990301
176871940551
100089802246
1780916991302
176906106872
100136278625
1780916992302
176939837951
100182528625
1780916993303
176973667602
100228954223
1780916994303
177007828857
100276006652
1780916995304
177041459045
100322223022
1780916996304
177074752563
100367515075
1780916997305
177109078674
100410227050
1780916998305
177142415588
100455823242
1780916999306
177175638610
100501423889
1780917000306
177209417541
100547312866
1780917001309
177243421203
100593909179
1780917002309
177276752563
100640184448
1780917003309
177310252868
100686638061
1780917004310
177346315490
100733282165
1780917005310
177381444824
100779609680
1780917006311
177415196289
100826568359
1780917007311
177449124023
100873061889
1780917008312
177483380676
100919798339
1780917009313
177517272460
100966657836
1780917010314
177550610473
101012842590
1780917011314
177584136657
101059674255
1780917012314
177617795471
101106812255
1780917013315
177650904113
101152753173
1780917014316
177683890747
101198218444
1780917015316
177716973388
101243934143
1780917016317
177750147338
101289594482
1780917017317
177783824829
101335212158
1780917018318
177817075866
101381147033
1780917019318
177850618774
101427615112
1780917020319
177884080871
101473713623
1780917021319
177917923950
101520765625
1780917022319
177952199829
101567223693
1780917023320
177985514221
101612019836
1780917024321
178019191467
101658929443
1780917025321
178052531066
101705030822
1780917026321
178085893493
101751324462
1780917027322
178119711303
101798406433
1780917028322
178153195312
101844573791
1780917029323
178186827392
101890934082
1780917030323
178220574157
101937601135
1780917031324
178253746887
101983059143
1780917032324
178287273254
102028550964
1780917033325
178320914916
102074073608
1780917034325
178354740478
102119537353
1780917035326
178388001770
102164735412
1780917036327
178421718078
102211149353
1780917037327
178455255859
102257513183
1780917038328
178488750122
102303701782
1780917039328
178522662719
102350323242
1780917040329
178557400939
102396866943
1780917041329
178590925170
102443381530
1780917042330
178624820190
102490258483
1780917043330
178658150878
102536630859
1780917044331
178691516845
102583007141
1780917045331
178724966064
102629530029
1780917046332
178758149841
102675589904
1780917047332
178791317749
102721434692
1780917048333
178825294982
102767022521
1780917049333
178855984619
102808209350
1780917050334
178888590576
102853460327
1780917051334
178921354919
102899048522
1780917052335
178954134643
102944460632
1780917053336
178987672790
102989945129
1780917054336
179021613708
103036268005
1780917055337
179055018554
103082356079
1780917056337
179088346862
103128364868
1780917057338
179122097900
103175050354
1780917058338
179155565979
103221165832
1780917059338
179189166442
103267385375
1780917060339
179223596374
103314146484
1780917061340
179257444519
103360302001
1780917062340
179290807983
103406481567
1780917063341
179324678283
103453107666
1780917064341
179358288513
103499191467
1780917065341
179391835815
103545492736
1780917066342
179426291503
103591656066
1780917067342
179460144409
103637268615
1780917068343
179493702819
103682911987
1780917069344
179527056274
103728750305
1780917070344
179560372802
103774421142
1780917071345
179593803039
103820326049
1780917072345
179627375549
103866798583
1780917073346
179660955871
103912921875
1780917074346
179695427612
103959196350
1780917075347
179729370849
104005427734
1780917076347
179762856689
104051630004
1780917077347
179796488342
104097945190
1780917078348
179830144653
104144471557
1780917079348
179864024291
104191219909
1780917080349
179898032470
104236226867
1780917081349
179931636352
104282545776
1780917082350
179964984619
104328531066
1780917083350
179998214294
104374602661
1780917084351
180031715026
104420596801
1780917085351
180064520019
104466181457
1780917086352
180097633056
104511494140
1780917087352
180131687377
104557321533
1780917088353
180164845458
104602769775
1780917089353
180198217285
104649001586
1780917090354
180231694580
104695360595
1780917091354
180264906127
104741572875
1780917092355
180298151611
104787634704
1780917093355
180332722534
104834127868
1780917094356
180366415649
104880280822
1780917095356
180399746704
104926273437
1780917096357
180433329772
104972594543
1780917097357
180466769958
105018917602
1780917098358
180500168518
105064984619
1780917099358
180533937500
105111786071
1780917100359
180567607849
105158237792
1780917101359
180601002319
105204423522
1780917102360
180634410217
105250177185
1780917103360
180667443237
105295686157
1780917104361
180700484069
105341079833
1780917105361
180733846740
105386686035
1780917106362
180767990478
105432745971
1780917107362
180801433349
105479184265
1780917108363
180835218261
105525537597
1780917109363
180868826538
105571789794
1780917110364
180902530029
105616551330
1780917111364
180936964050
105662193664
1780917112365
180970927978
105707105102
1780917113365
181004397705
105751804260
1780917114366
181039476623
105796953552
1780917115367
181073149230
105841813476
1780917116367
181106802673
105886513854
1780917117368
181140656860
105931979309
1780917118368
181174296386
105976817749
1780917119369
181208262756
106021756835
1780917120369
181242923278
106066910156
1780917121370
181276485900
106111687438
1780917122370
181309873229
106156221557
1780917123371
181343120849
106200883544
1780917124372
181376185607
106245492004
1780917125372
181409692016
106290283569
1780917126373
181443341918
106335465759
1780917127373
181476903686
106380294250
1780917128374
181510439025
106425185607
1780917129374
181544350341
106470359802
1780917130375
181578101135
106515423461
1780917131375
181611644348
106560223327
1780917132376
181646735839
106605627868
1780917133376
181680479187
106650571105
1780917134376
181714208923
106695529357
1780917135377
181748060852
106740666687
1780917136377
181781600036
106785449707
1780917137378
181814706909
106829875610
1780917138378
181847853454
106874514892
1780917139379
181880896301
106918973754
1780917140379
181914052673
106963521423
1780917141380
181948076965
107008324768
1780917142380
181982965698
107053655029
1780917143381
182017277709
107098826782
1780917144382
182051379211
107143959838
1780917145382
182084852050
107188684570
1780917146383
182118546203
107233653198
1780917147383
182153996337
107278881713
1780917148384
182188096801
107323666992
1780917149384
182221963073
107368626708
1780917150384
182255892089
107413914855
1780917151385
182289635314
107458862121
1780917152385
182323157287
107503481628
1780917153386
182356960876
107548744445
1780917154386
182390483398
107593489196
1780917155387
182423777709
107637882690
1780917156387
182457208374
107682621582
1780917157388
182490447204
107727109741
1780917158388
182523720153
107771508361
1780917159389
182557529235
107816596862
1780917160389
182591095336
107861487976
1780917161390
182624840454
107906462158
1780917162390
182658648925
107951451416
1780917163391
182692294677
107996320129
1780917164391
182725868713
108041111816
1780917165392
182759601806
108086075073
1780917166392
182793171325
108130902282
1780917167393
182826682495
108175670043
1780917168393
182861300781
108221113464
1780917169394
182895416809
108266205871
1780917170394
182929015380
108310775207
1780917171395
182963042297
108355656738
1780917172395
182996538818
108389472167
1780917173395
183030965454
108422400939
1780917174396
183131141906
108529836853
1780917175397
183165146606
108566462524
1780917178328
183198809082
108610851440
1780917179328
183232571533
108655463867
1780917180329
183266236450
108700181579
1780917181329
183300017150
108744822143
1780917182330
183333645874
108789337707
1780917183330
183367351440
108834102355
1780917184331
183401025024
108878763732
1780917185331
183434550903
108923094848
1780917186332
183468498352
108967869995
1780917187332
183502350708
109012489685
1780917188333
183536002929
109057113159
1780917189333
183569754638
109095599792
1780917190334
183603375183
109128976623
1780917191335
183637064025
109162513549
1780917192335
183670592407
109198626647
1780917193336
183704162719
109231330139
1780917194337
183737847717
109273238281
1780917195337
183771554260
109318004089
1780917196338
183805163269
109362534667
1780917197338
183838963989
109407026306
1780917198339
183872937561
109452031066
1780917199339
183906861694
109496457824
1780917200340
183971519042
109576062500
1780917201340
184005236877
109620507934
1780917203225
184039078186
109665016784
1780917204225
184072983032
109709894287
1780917205226
184107803588
109754348632
1780917206227
184142236328
109793414367
1780917207227
184176491516
109832693542
1780917208228
184210415588
109866094360
1780917209228
184244281799
109900218200
1780917210229
184277786132
109935053588
1780917211230
184311563049
109975177978
1780917212230
184345090881
110019557434
1780917213231
184378981079
110064379516
1780917214231
184412666015
110108937927
1780917215231
184446215881
110153275207
1780917216232
184480157714
110198031860
1780917217232
184513903198
110242523498
1780917218233
184547469421
110286893310
1780917219233
184581377136
110331887268
1780917220234
184614911987
110376389526
1780917221234
184648631896
110420989929
1780917222235
184682520385
110464871704
1780917223235
184715874267
110497702697
1780917224236
184749388610
110535783874
1780917225236
184782911743
110570855895
1780917226237
184816501831
110604609313
1780917227237
184849954650
110641023315
1780917228238
184883844543
110685647155
1780917229238
184917597839
110730190368
1780917230239
184951232177
110774663635
1780917231239
185018394409
110851255676
1780917232240
185058423645
110904254516
1780917234379
185092363952
110949165710
1780917235379
185125895996
110993624633
1780917236380
185159993408
111038261230
1780917237380
185193767639
111083240295
1780917238381
185227367492
111127683288
1780917239381
185261116760
111172318725
1780917240381
185294638977
111213469909
1780917241382
185328113403
111250336242
1780917242382
185361512451
111283231689
1780917243383
185395023864
111317782836
1780917244384
185428481811
111353110534
1780917245385
185461944641
111392976196
1780917246386
185495627136
111437813293
1780917247386
185529274841
111482387268
1780917248386
185562877075
111526871643
1780917249387
185596569824
111571873840
1780917250387
185630102111
111616281433
1780917251388
185663786987
111660906188
1780917252388
185697607238
111705805419
1780917253389
185731108032
111750148376
1780917254389
185764761840
111794735534
1780917255390
185798464904
111839476623
1780917256390
185831902893
111881437988
1780917257391
185865538452
111915485473
1780917258392
185899248962
111952378295
1780917259392
185932865905
111985813476
1780917260393
185966509948
112018876831
1780917261393
186000237609
112055635070
1780917262394
186033911437
112100243041
1780917263394
186067518676
112144690673
1780917264395
186101540832
112189534057
1780917265395
186135100891
112234008300
1780917266396
186168645141
112278389404
1780917267396
186202441650
112323176208
1780917268397
186236159423
112367644836
1780917269397
186270125915
112412318176
1780917270398
186304113464
112456968750
1780917271398
186337892578
112501648315
1780917272399
186371279052
112546057067
1780917273399
186405163452
112588696838
1780917274400
186438775268
112622014526
1780917275400
186472212524
112654384216
1780917276402
186505840698
112687784667
1780917277403
186539437866
112721381774
1780917278403
186572987060
112763578552
1780917279404
186606755249
112808520080
1780917280404
186640064697
112852718322
1780917281405
186672612182
112897421936
1780917282406
186706635864
112942867980
1780917283406
186740373046
112987415344
1780917284407
186774215393
113032164550
1780917285407
186808082763
113077115783
1780917286408
186841779479
113121551208
1780917287408
186875422790
113166229675
1780917288409
186909276977
113211476989
1780917289409
186942919494
113256144714
1780917290410
186965486389
113299973205
1780917291410
186992052246
113343970336
1780917292411
187013501953
113387673339
1780917293412
187036119689
113431309326
1780917294412
187061617919
113475506896
1780917295413
187094531738
113519869323
1780917296413
187127835327
113564126525
1780917297414
187161383789
113609039245
1780917298414
187194902954
113653200561
1780917299415
187228323364
113697764587
1780917300415
187261662536
113742558837
1780917301416
187295404541
113787355346
1780917302416
187328918945
113831583557
1780917303417
187362702453
113876361022
1780917304417
187396274353
113920913330
1780917305418
187429774475
113965140930
1780917306418
187459028564
114010040771
1780917307419
187481915100
114054053649
1780917308419
187504113342
114098005676
1780917309420
187531252990
114142575256
1780917310421
187552610717
114186175231
1780917311421
187579056457
114230578491
1780917312422
187612576660
114275219360
1780917313422
187646093933
114319517761
1780917314423
187679881530
114364276245
1780917315423
187713625244
114409131469
1780917316424
187747196960
114453546875
1780917317424
187780895324
114498427124
1780917318425
187814689025
114543506469
1780917319425
187848423583
114588230163
1780917320426
187882059753
114632577026
1780917321426
187916139831
114677916625
1780917322427
187949926940
114722626586
1780917323427
187975109313
114766268005
1780917324428
188002570983
114810787109
1780917325428
188025046447
114854437377
1780917326429
188049505249
114897885620
1780917327429
188076963684
114942252807
1780917328430
188108215148
114986843566
1780917329430
188141925598
115031620117
1780917330431
188175729797
115076333923
1780917331431
188209437988
115120787475
1780917332432
188243063232
115165031188
1780917333432
188276866333
115210494262
1780917334433
188310710876
115255495910
1780917335433
188344199401
115299973815
1780917336434
188377974914
115345241210
1780917337434
188411625976
115390090820
1780917338435
188445292846
115434801269
1780917339435
188478050231
115480368347
1780917340436
188500490966
115524087890
1780917341437
188524955993
115567801330
1780917342437
188551078430
115611731750
1780917343438
188580434265
115655321289
1780917344438
188608980163
115699953125
1780917345439
188642732177
115744818115
1780917346440
188676334716
115789583862
1780917347440
188709971069
115834417114
1780917348440
188743708862
115879922241
1780917349441
188777367065
115924902465
1780917350441
188811053833
115969623474
1780917351442
188844908386
116014827636
1780917352442
188878561401
116059176452
1780917353443
188912220642
116103656311
1780917354443
188946298828
116149228088
1780917355444
188979906799
116193934387
1780917356444
189005555664
116238045898
1780917357445
189034078979
116282378295
1780917358445
189056985595
116326101074
1780917359446
189084763793
116370326171
1780917360447
189111562500
116414996398
1780917361447
189141557556
116459809387
1780917362448
189174999938
116504247741
1780917363448
189208648315
116549218994
1780917364449
189242156921
116594040954
1780917365449
189275593444
116638326843
1780917366450
189309285461
116683665771
1780917367450
189342861572
116728488647
1780917368451
189376353393
116772973083
1780917369451
189410276855
116818308288
1780917370451
189443738464
116862729064
1780917371452
189477258911
116907525817
1780917372453
189509398315
116952276733
1780917373453
189530563415
116996141784
1780917374454
189555569580
117040326904
1780917375454
189581171203
117084458496
1780917376455
189603950073
117128345581
1780917377455
189631419189
117172680725
1780917378456
189665054504
117217606750
1780917379456
189698512817
117262482910
1780917380457
189731826477
117307306579
1780917381457
189765584655
117352708374
1780917382458
189799270019
117397562744
1780917383458
189832681945
117442013732
1780917384459
189866531005
117487277709
1780917385459
189899922973
117531767089
1780917386459
189933503173
117576421203
1780917387460
189967199523
117621951477
1780917388460
190000678710
117666638427
1780917389461
190029983703
117711075256
1780917390461
190056284301
117755729003
1780917391462
190080663269
117800035522
1780917392462
190106580261
117844110168
1780917393463
190136534240
117884001586
1780917394463
190162995544
117922434204
1780917395464
190195094604
117966041137
1780917396464
190227416809
118010754211
1780917397465
190259891479
118054976623
1780917398465
190292797424
118099017761
1780917399466
190325787414
118143573364
1780917400466
190358399230
118188218261
1780917401467
190392932739
118234470764
1780917402467
190426783142
118282548400
1780917403468
190460946350
118329674987
1780917404468
190495688598
118375466003
1780917405469
190529797607
118420078735
1780917406469
190558539550
118464627929
1780917407470
190587840881
118506082153
1780917408470
190621817260
118546455261
1780917409471
190655620666
118584736694
1780917410472
190689286376
118618486572
1780917411473
190723374206
118661744018
1780917412473
190759992858
118708148254
1780917413474
190801213806
118765874450
1780917414474
190843862731
118820980163
1780917415475
190886704528
118876090087
1780917416475
190930384521
118931642822
1780917417476
190974574584
118987783386
1780917418476
191018445861
119042674743
1780917419477
191064214782
119098266601
1780917420478
191110339111
119153250976
1780917421478
191156386657
119207786071
1780917422479
191202785705
119262309265
1780917423479
191248434509
119316848937
1780917424480
191294379150
119370848571
1780917425481
191340474182
119424894287
1780917426481
191386330871
119479454528
1780917427482
191431543762
119533289489
1780917428482
191476446044
119587515869
1780917429483
191521346252
119642718261
1780917430483
191566264221
119697875427
1780917431484
191612162536
119752902587
1780917432485
191659109313
119807311462
1780917433485
191705682067
119861613586
1780917434485
191752740234
119915854614
1780917435486
191800027343
119969989990
1780917436486
191842399963
120021049011
1780917437487
191877417663
120066895324
1780917438487
191913813598
120113814453
1780917439488
191950130371
120160961975
1780917440488
191986014587
120209028442
1780917441489
192022354248
120257745361
1780917442489
192059315673
120304747741
1780917443490
192097584228
120351229431
1780917444490
192140983276
120402955993
1780917445491
192185991516
120455695495
1780917446491
192231201477
120508912719
1780917447492
192276557434
120563133911
1780917448492
192321882507
120617418884
1780917449493
192367421203
120672319763
1780917450493
192412986389
120727437255
1780917451494
192459298461
120782848999
1780917452494
192506049621
120837605346
1780917453495
192553023925
120892138854
1780917454495
192599771484
120947578674
1780917455496
192646681640
121002248474
1780917456497
192693359375
121055977600
1780917457497
192739840026
121108990051
1780917458497
192786022460
121161988647
1780917459498
192832633544
121215684509
1780917460499
192872646972
121259350952
1780917461499
192907197021
121294842346
1780917462500
192942231506
121340353759
1780917463500
192976615234
121386822875
1780917464501
193012119750
121433790893
1780917465501
193048151794
121481789733
1780917466502
193084810668
121529467712
1780917467502
193121851989
121577161804
1780917468503
193158098815
121626609558
1780917469503
193193624816
121673420776
1780917470504
193229947448
121718237060
1780917471504
193266953613
121763152526
1780917472504
193299266784
121806930664
1780917473505
193329787475
121851124328
1780917474505
193362978027
121895321716
1780917475506
193394931152
121939162292
1780917476507
193428257080
121982996520
1780917477507
193456130432
122020883483
1780917478508
193471380493
122047257568
1780917479509
193498533813
122084839538
1780917480510
193527611877
122131739440
1780917481510
193552438476
122178178710
1780917482511
193581485351
122224355285
1780917483511
193615671325
122269212768
1780917484512
193649848510
122313895446
1780917485512
193683841247
122358390625
1780917486512
193717894897
122403166809
1780917487513
193752703674
122447553955
1780917488513
193787430603
122491915039
1780917489514
193822598205
122536725280
1780917490514
193858313293
122582656066
1780917491515
193896503784
122637288146
1780917492516
193936000122
122692284667
1780917493516
193975550781
122747661682
1780917494517
194015116699
122802803649
1780917495518
194053737854
122857476501
1780917496518
194091750732
122911642150
1780917497519
194129784301
122965717468
1780917498519
194168843017
123020614685
1780917499520
194208255981
123074353210
1780917500521
194248543457
123128498779
1780917501521
194289279907
123182180541
1780917502522
194330210388
123235167907
1780917503523
194371669799
123287076049
1780917504523
194408947814
123335329345
1780917505524
194446522766
123384254455
1780917506524
194485161437
123433100036
1780917507525
194525173400
123484187011
1780917508526
194566895446
123537069885
1780917509526
194609209350
123590130371
1780917510527
194651734558
123643150268
1780917511527
194694038146
123695648925
1780917512528
194736198791
123748275207
1780917513529
194778447570
123800199584
1780917514529
194820600524
123851757263
1780917515530
194862848449
123903559509
1780917516530
194905532348
123955670104
1780917517531
194947945251
124007466064
1780917518531
194990992309
124061502319
1780917519532
195028305664
124111458007
1780917520532
195066027893
124163079223
1780917521533
195105459960
124214466064
1780917522533
195144686279
124265044128
1780917523534
195181501831
124312843688
1780917524534
195218228332
124360416687
1780917525535
195254497558
124407623596
1780917526535
195290407287
124454526611
1780917527536
195324311340
124502612609
1780917528536
195365221801
124549764648
1780917529537
195406046508
124599319885
1780917530537
195444949523
124649415771
1780917531538
195484513427
124700413208
1780917532538
195525487487
124752167785
1780917533539
195566226257
124803470275
1780917534540
195607518127
124855268127
1780917535540
195649076477
124907718811
1780917536541
195690837951
124960494628
1780917537541
195731737915
125015042907
1780917538542
195771716491
125069328308
1780917539543
195813297302
125124500915
1780917540543
195855886047
125179295471
1780917541544
195894071472
125227693237
1780917542545
195929530578
125277450866
1780917543545
195968162414
125328160095
1780917544546
196007701293
125379695129
1780917545546
196046804016
125434105957
1780917546547
196087298706
125489631774
1780917547547
196127994873
125544677001
1780917548548
196168813415
125599503906
1780917549548
196209701171
125653557739
1780917550548
196250324584
125707230590
1780917551549
196290912597
125760790405
1780917552550
196331678344
125814808105
1780917553550
196372645812
125868548522
1780917554551
196414592163
125923212951
1780917555551
196456883972
125977648071
1780917556552
196494515747
126026743286
1780917557553
196529377014
126072794860
1780917558553
196566947631
126122779541
1780917559554
196606186828
126173531921
1780917560554
196646037536
126222560546
1780917561555
196684157226
126269997497
1780917562555
196722182495
126317419006
1780917563555
196759992797
126364411987
1780917564556
196796740600
126410315002
1780917565556
196831195678
126454985534
1780917566557
196870617431
126503110046
1780917567558
196908585754
126553648071
1780917568558
196945105712
126604079284
1780917569559
196981834533
126654888488
1780917570559
197018991088
126706223083
1780917571560
197056369628
126757877563
1780917572560
197094587951
126810073547
1780917573561
197133946777
126862662963
1780917574562
197173404235
126915015380
1780917575562
197212914306
126967328674
1780917576563
197255188781
127020582458
1780917577563
197296287231
127074012023
1780917578564
197337291809
127127529174
1780917579564
197379084228
127181752685
1780917580565
197418490417
127229640380
1780917581565
197454369812
127277242919
1780917582566
197492897766
127324257324
1780917583566
197531595153
127370745544
1780917584567
197570261962
127422456298
1780917585567
197609699523
127476440490
1780917586568
197649682678
127530573974
1780917587569
197690068969
127584542602
1780917588569
197730730102
127638037597
1780917589570
197771818115
127692266418
1780917590571
197813220336
127746536743
1780917591571
197855656494
127800635498
1780917592572
197898621887
127854662414
1780917593572
197941380371
127908846130
1780917594573
197984500976
127963660278
1780917595574
198026012756
128018094543
1780917596574
198061632934
128064244445
1780917597575
198100165405
128113621215
1780917598575
198141131469
128162343750
1780917599576
198179415039
128211418579
1780917600576
198217539733
128259916076
1780917601577
198256290161
128307173522
1780917602577
198292036621
128348505554
1780917603578
198325858886
128385579223
1780917604578
198360179260
128425129455
1780917605579
198400098999
128471212036
1780917606580
198439725341
128522068847
1780917607580
198478962463
128573371643
1780917608581
198519035705
128625324829
1780917609582
198559586181
128677958435
1780917610582
198600116516
128730227294
1780917611583
198640902709
128782794494
1780917612583
198681938476
128835443908
1780917613584
198722743347
128887506652
1780917614584
198763562194
128940150207
1780917615585
198804361022
128993675048
1780917616585
198846390869
129046023803
1780917617586
198889582763
129099132385
1780917618586
198926669250
129145001098
1780917619587
198964840698
129194209045
1780917620587
199004167602
129243223327
1780917621588
199044669372
129294409179
1780917622588
199085753234
129347274047
1780917623589
199127057250
129400449462
1780917624589
199168621276
129454465393
1780917625590
199210375244
129508310791
1780917626590
199253344726
129562585937
1780917627591
199296371398
129616776550
1780917628592
199339440795
129670879028
1780917629592
199382428100
129724761657
1780917630593
199425625000
129778841552
1780917631593
199469346191
129832672851
1780917632594
199511740295
129887365905
1780917633595
199548918640
129934913696
1780917634595
199587880371
129981343750
1780917635596
199629783264
130030039428
1780917636596
199672058837
130078928466
1780917637597
199709354736
130126094360
1780917638597
199745882812
130173360778
1780917639598
199786172424
130224129577
1780917640598
199826378784
130276314697
1780917641599
199867219909
130329108093
1780917642599
199908299743
130382731018
1780917643600
199949446228
130435929870
1780917644601
199990641784
130489736206
1780917645601
200031179748
130543760437
1780917646602
200069454833
130590156372
1780917647602
200106376586
130636935119
1780917648603
200146017211
130686200927
1780917649603
200182969543
130733226013
1780917650605
200219735046
130780027221
1780917651605
200255437377
130825374267
1780917652606
200291271545
130869821960
1780917653606
200324941406
130914331359
1780917654606
200357793579
130958559387
1780917655607
200390050964
131002712768
1780917656607
200418593994
131041974182
1780917657608
200445305969
131076728576
1780917658608
200469315734
131106728637
1780917659609
200495505615
131140150451
1780917660609
200530361206
131177104736
1780917661610
200564556457
131217632446
1780917662610
200600291503
131262858703
1780917663611
200635651000
131308582702
1780917664611
200669383483
131354779174
1780917665612
200703157592
131400530822
1780917666612
200738877868
131447297790
1780917667613
200775701293
131493694946
1780917668614
200811889465
131539656799
1780917669614
200848769714
131585796508
1780917670614
200884604003
131631057678
1780917671615
200923439270
131675739746
1780917672615
200975181335
131721235900
1780917673616
201029992126
131766408386
1780917674616
201084961791
131811983825
1780917675617
201140096801
131858399169
1780917676618
201195836853
131904300842
1780917677618
201251624328
131950377136
1780917678619
201307554626
131996971923
1780917679619
201363703063
132043240844
1780917680620
201423306335
132089768676
1780917681621
201495841369
132140096313
1780917682621
201555652404
132186537048
1780917683622
201609903198
132232660034
1780917684622
201665199340
132278590454
1780917685623
201720473327
132324196655
1780917686624
201775396301
132370152648
1780917687624
201829765930
132416821960
1780917688625
201883790771
132463189453
1780917689626
201937936645
132509237915
1780917690626
201991319091
132555799194
1780917691627
202044259094
132602624267
1780917692627
202085739196
132647102966
1780917693628
202124143798
132692180603
1780917694629
202163429321
132737658203
1780917695629
202202379882
132783663696
1780917696630
202241344177
132830096374
1780917697630
202280524291
132877209533
1780917698631
202328848937
132923612365
1780917699632
202383979553
132970497253
1780917700632
202438669799
133017396484
1780917701633
202493461364
133064202575
1780917702634
202548466430
133111491638
1780917703634
202603603149
133158645019
1780917704635
202658111083
133205114318
1780917705635
202712426818
133252101623
1780917706636
202766592224
133298880493
1780917707639
202820929077
133345799011
1780917708639
202875555358
133393419555
1780917709640
202931912658
133440290649
1780917710640
202985082580
133486088623
1780917711641
203038348510
133531692626
1780917712642
203091615844
133577403015
1780917713642
203145025817
133623227050
1780917714643
203198305541
133669063232
1780917715644
203251641357
133715690734
1780917716644
203305036682
133762504821
1780917717645
203358636718
133808953369
1780917718645
203403753173
133854901855
1780917719646
203441137268
133900257324
1780917720646
203480519042
133946392395
1780917721647
203519934265
133992109252
1780917722647
203559472961
134037737548
1780917723648
203600088928
134084074096
1780917724648
203641121215
134130163208
1780917725649
203693704528
134176703002
1780917726649
203748038757
134222762329
1780917727650
203802671508
134268582214
1780917728650
203856826904
134314139953
1780917729651
203910843750
134359959045
1780917730651
203964939697
134405668823
1780917731652
204018976440
134452127258
1780917732652
204074671997
134497051635
1780917733653
204130545104
134542859313
1780917734653
204187350524
134588951721
1780917735654
204244666870
134635003112
1780917736654
204303252319
134680668823
1780917737655
204359779907
134726706909
1780917738656
204413302978
134772854431
1780917739656
204466938720
134818745422
1780917740657
204520051269
134864526977
1780917741657
204573228637
134910682617
1780917742658
204626529235
134956445251
1780917743658
204680108459
135002579650
1780917744659
204733610839
135048790771
1780917745659
204784064270
135093928161
1780917746660
204821316772
135136773254
1780917747660
204857821899
135181253906
1780917748661
204894039428
135225526184
1780917749661
204930638305
135269887512
1780917750662
204967995605
135314939208
1780917751662
205005271057
135359945312
1780917752663
205043705017
135405086059
1780917753663
205092792419
135451359497
1780917754663
205145936950
135497872558
1780917755664
205199186279
135544530883
1780917756665
205252729248
135591070251
1780917757665
205306181152
135637624450
1780917758665
205359841552
135684802795
1780917759666
205412032348
135733192138
1780917760666
205463906921
135781663818
1780917761667
205515786987
135830116149
1780917762667
205566036315
135880008789
1780917763668
205618172241
135929779357
1780917764668
205667455505
135979098083
1780917765669
205716512329
136028250732
1780917766669
205765861999
136077427978
1780917767670
205815840148
136127770629
1780917768671
205866173950
136178434265
1780917769671
205916070495
136228699523
1780917770672
205966020446
136278939880
1780917771673
206015997131
136329368164
1780917772673
206065938354
136379673950
1780917773674
206107229980
136426146362
1780917774674
206143262573
136471399047
1780917775675
206183020629
136517598937
1780917776675
206222783508
136564120544
1780917777676
206262731201
136610845703
1780917778676
206302731384
136657465026
1780917779677
206349661987
136707041564
1780917780677
206398789550
136757774719
1780917781678
206448599426
136808240600
1780917782678
206498287353
136858122192
1780917783679
206548452697
136908326599
1780917784680
206598170104
136958162353
1780917785680
206648128601
137007875488
1780917786681
206698290405
137057808044
1780917787681
206749221008
137108363708
1780917788682
206799885253
137159060363
1780917789682
206849812194
137209695739
1780917790683
206900676086
137260091857
1780917791683
206952741577
137309835083
1780917792684
207003652160
137358326782
1780917793685
207054675415
137406648803
1780917794685
207105848815
137454827880
1780917795686
207157343261
137503320800
1780917796686
207208585083
137551285766
1780917797687
207260084289
137599434997
1780917798688
207311701110
137647813659
1780917799688
207347509033
137692512939
1780917800689
207385883361
137738372924
1780917801689
207426467529
137784557312
1780917802690
207465640686
137830836547
1780917803695
207505152954
137876925537
1780917804695
207546351318
137922233764
1780917805696
207594128662
137969349243
1780917806696
207641699890
138016467346
1780917807697
207689699768
138063688537
1780917808697
207736152465
138110696655
1780917809698
207783456115
138157822448
1780917810698
207831249755
138205238464
1780917811699
207880376770
138252717285
1780917812700
207930565490
138300335449
1780917813700
207981568359
138348304504
1780917814701
208031867797
138395912414
1780917815702
208082047424
138443659790
1780917816702
208135339721
138491382446
1780917817703
208185938659
138538642333
1780917818703
208236228759
138586019165
1780917819704
208285698669
138633558105
1780917820704
208335150268
138680869934
1780917821705
208384635253
138728177490
1780917822706
208434316162
138775616210
1780917823706
208484375915
138823269775
1780917824707
208534951843
138870949218
1780917825707
208587196105
138919049377
1780917826708
208637980651
138966916748
1780917827708
208683047485
139013449584
1780917828709
208719389709
139058891906
1780917829709
208756691406
139104584350
1780917830710
208793886291
139150330993
1780917831710
208831517944
139196090026
1780917832711
208869303466
139241723815
1780917833711
208907825805
139287281494
1780917834712
208946195434
139332592346
1780917835712
208988678222
139379125183
1780917836713
209038092712
139427187133
1780917837713
209089415710
139475378662
1780917838714
209140581970
139523291870
1780917839714
209191820678
139571167297
1780917840715
209242327575
139618934143
1780917841716
209293705566
139667418945
1780917842716
209345236816
139716449523
1780917843717
209396894348
139765597778
1780917844717
209448334960
139814257324
1780917845718
209499816162
139863344604
1780917846719
209550903625
139912849914
1780917847720
209603925354
139962257873
1780917848721
209652139526
140013971618
1780917849722
209697587829
140068495056
1780917850722
209742497863
140122790832
1780917851723
209787661743
140177015869
1780917852723
209832859375
140231146484
1780917853724
209878160156
140285405822
1780917854724
209923340270
140339407592
1780917855725
209968557067
140393617431
1780917856725
210009537231
140441887145
1780917857726
210045620361
140486828552
1780917858727
210082895080
140531820007
1780917859727
210120522521
140576632873
1780917860728
210158191406
140621504394
1780917861728
210196571472
140666615722
1780917862729
210236481567
140713107604
1780917863730
210281668151
140767615356
1780917864730
210327041381
140821920043
1780917865731
210372777709
140876260986
1780917866731
210418319091
140930702819
1780917867732
210464077819
140985342956
1780917868732
210509778930
141039654663
1780917869733
210555917053
141093641052
1780917870733
210602953186
141147506713
1780917871734
210652427490
141198895568
1780917872734
210702555603
141249669494
1780917873735
210752664611
141300790405
1780917874735
210803751892
141351654113
1780917875736
210854324035
141401952941
1780917876737
210902544921
141452003601
1780917877737
210950677673
141501773559
1780917878738
210998464904
141551656616
1780917879738
211046566284
141601524536
1780917880739
211094460876
141651358642
1780917881740
211142902893
141701890319
1780917882740
211184106872
141748701354
1780917883741
211220791625
141793958496
1780917884741
211258758911
141839344787
1780917885742
211297152526
141885210998
1780917886742
211335601440
141930948181
1780917887743
211375385559
141977028442
1780917888743
211418730285
142025401000
1780917889744
211466542297
142076838500
1780917890744
211515090698
142128746887
1780917891745
211563592834
142180591613
1780917892746
211611796447
142232099548
1780917893746
211660715393
142284030822
1780917894747
211708753356
142334918823
1780917895747
211757173950
142385658813
1780917896748
211806393188
142436280944
1780917897749
211854830261
142487190307
1780917898749
211902705444
142538071838
1780917899750
211950687194
142589668457
1780917900750
211997954162
142640688903
1780917901751
212045166625
142691597778
1780917902752
212092352111
142742700012
1780917903752
212135798706
142791148437
1780917904753
212171267211
142835096313
1780917905753
212207502441
142880200378
1780917906754
212244286682
142925189025
1780917907754
212281962585
142970831542
1780917908754
212319893798
143016322875
1780917909755
212358674499
143061960083
1780917910755
212397220886
143106851074
1780917911756
212435250122
143150642089
1780917912756
212469810180
143187487976
1780917913757
212495361999
143224152709
1780917914758
212513299255
143252851806
1780917915758
212533955505
143286455261
1780917916759
212561045227
143322407836
1780917917759
212593395568
143366347839
1780917918760
212625973388
143410442932
1780917919761
212658297180
143453257202
1780917920761
212690164001
143496361755
1780917921762
212722804382
143539381286
1780917922762
212755830444
143582470581
1780917923763
212790099182
143628342041
1780917924763
212823567810
143674417236
1780917925764
212857188537
143720089538
1780917926764
212890834838
143766096801
1780917927765
212924491271
143811418884
1780917928765
212954512878
143852739074
1780917929766
212986475463
143892779968
1780917930767
213018073852
143931633178
1780917931768
213048938293
143971261352
1780917932769
213079334899
144010061706
1780917933770
213112374633
144051652709
1780917934770
213147498168
144096014282
1780917935771
213183145568
144141178894
1780917936771
213217575927
144184918273
1780917937772
213253185241
144229696594
1780917938772
213288760131
144274625000
1780917939773
213324625366
144319447143
1780917940773
213360743652
144364289306
1780917941774
213392368286
144404485046
1780917942774
213427966369
144449368408
1780917943775
213462658081
144494300415
1780917944775
213497395568
144539445678
1780917945776
213533311279
144584479919
1780917946776
213567459472
144627346313
1780917947777
213600513183
144669212341
1780917948777
213633474853
144710099182
1780917949778
213664453918
144748151489
1780917950779
213697363403
144788322570
1780917951780
213731024475
144829573120
1780917952780
213764369323
144870804382
1780917953781
213801836181
144915599060
1780917954781
213838961853
144960343627
1780917955782
213875232910
145004817016
1780917956782
213912472473
145049601135
1780917957783
213957258605
145094901184
1780917958783
214024808410
145144088806
1780917959784
214061448791
145188596191
1780917960785
214096846313
145232850524
1780917961785
214131922546
145276947692
1780917962786
214167558532
145321385925
1780917963786
214202828186
145365713073
1780917964787
214238182922
145409645385
1780917965788
214270909484
145451228698
1780917966788
214303601440
145491425109
1780917967789
214336054565
145532709106
1780917968789
214369505432
145573516357
1780917969790
214402226379
145615375488
1780917970790
214437472656
145659732055
1780917971791
214472552490
145704389709
1780917972791
214507340759
145748795532
1780917973792
214542329162
145793299804
1780917974792
214577263671
145837887145
1780917975793
214612123107
145882751098
1780917976793
214647028442
145927379882
1780917977794
214682005615
145973649475
1780917978795
214717198242
146018791015
1780917979795
214751275695
146064000793
1780917980796
214785662231
146109582824
1780917981796
214820192321
146154804870
1780917982797
214854028198
146197573364
1780917983797
214887929382
146240084838
1780917984798
214921928283
146283424804
1780917985798
214955602416
146325549926
1780917986799
214989413391
146367847167
1780917987799
215023855041
146412530761
1780917988800
215058062316
146458064697
1780917989800
215092182434
146504073608
1780917990801
215126397827
146549886474
1780917991801
215160416870
146595372741
1780917992802
215194293395
146641119750
1780917993802
215228257568
146687076416
1780917994803
215262342285
146732617126
1780917995803
215296502319
146778857360
1780917996804
215330417297
146824667541
1780917997804
215364486389
146870661010
1780917998805
215398531066
146916763671
1780917999805
215432431152
146962139831
1780918000806
215466492553
147006893371
1780918001806
215500206787
147050062927
1780918002807
215533787231
147092324279
1780918003807
215567359130
147135126525
1780918004808
215601141357
147178832458
1780918005809
215635286621
147223364685
1780918006809
215669459960
147268718688
1780918007810
215703918640
147314583557
1780918008810
215738213073
147360407592
1780918009811
215772186096
147405585571
1780918010811
215806627502
147451509704
1780918011812
215841459899
147496310485
1780918012812
215878135864
147543133178
1780918013813
215914621887
147587877624
1780918014813
215947261108
147632083190
1780918015814
215978841796
147676020812
1780918016815
216010591369
147720445007
1780918017815
216038115722
147759452758
1780918018816
216053491027
147785490722
1780918019816
216076113403
147819487182
1780918020817
216096765563
147848944824
1780918021818
216112747985
147875221801
1780918022819
216143556213
147914747985
1780918023820
216178755004
147961212280
1780918024820
216213318542
148006571044
1780918025820
216246932312
148051407043
1780918026821
216280201538
148095338623
1780918027822
216314236999
148139372619
1780918028822
216348792846
148184197204
1780918029823
216383968811
148228522766
1780918030823
216418834350
148273049987
1780918031824
216452824157
148317553405
1780918032825
216486962707
148362457641
1780918033825
216521127441
148407710327
1780918034826
216555102722
148452185913
1780918035826
216584275146
148490066406
1780918036827
216611795654
148522388488
1780918037827
216642510375
148558205871
1780918038828
216676206115
148598390258
1780918039828
216705356262
148634783020
1780918040928
216738319763
148677924926
1780918041929
216771882141
148722245056
1780918042929
216805113281
148766497497
1780918043930
216841446594
148815126220
1780918044930
216874750183
148859503845
1780918046047
216907942749
148903772094
1780918047047
216940819702
148948254272
1780918048048
216974233947
148992552734
1780918049048
217007729492
149037960266
1780918050049
217042282836
149084546875
1780918051049
217080139709
149134192749
1780918052050
217117907104
149182175781
1780918053050
217156536621
149229520996
1780918054051
217191758483
149274334350
1780918055051
217226262939
149321351684
1780918056052
217262529968
149366506774
1780918057052
217296827026
149413439819
1780918058053
217332875427
149458221679
1780918059054
217369886779
149505558593
1780918060054
217405725219
149550684814
1780918061055
217442235351
149595821411
1780918062055
217479758483
149643441467
1780918063056
217517480895
149689516357
1780918064056
217557480895
149738347656
1780918065056
217596875122
149785169494
1780918066057
217634976135
149831851501
1780918067057
217675078796
149880147583
1780918068058
217715748229
149927614990
1780918069058
217756770446
149973278747
1780918070059
217797711425
150021561889
1780918071059
217837408630
150066548217
1780918072060
217875773986
150110986999
1780918073060
217914487121
150157620788
1780918074061
217954660339
150202404174
1780918075061
217994995544
150248852539
1780918076062
218033478454
150293359558
1780918077063
218072932373
150338215576
1780918078063
218115405090
150384930236
1780918079064
218152824279
150429290039
1780918080064
218191754394
150474226684
1780918081064
218233190734
150520498718
1780918082065
218271733825
150565313354
1780918083066
218311154541
150610407104
1780918084066
218353018798
150657177124
1780918085066
218391157165
150702076354
1780918086067
218429994506
150746890991
1780918087067
218470126098
150792884094
1780918088068
218509492492
150838472290
1780918089068
218548504333
150883360412
1780918090069
218587100524
150927633239
1780918091070
218626523132
150973801025
1780918092070
218664824462
151019318054
1780918093071
218707069702
151066302917
1780918094071
218745027526
151112165649
1780918095072
218780860900
151159562866
1780918096072
218815500427
151206872619
1780918097073
218853948120
151255289855
1780918098073
218892500244
151303115783
1780918099074
218930555358
151350913635
1780918100074
218966345947
151396883117
1780918101075
219002881164
151443548339
1780918102075
219037947021
151489760864
1780918103076
219072200317
151535619140
1780918104076
219110483825
151582494812
1780918105077
219144816894
151628744140
1780918106077
219179243835
151675035827
1780918107078
219214141662
151721461242
1780918108078
219252018249
151767332153
1780918109079
219285958984
151812542236
1780918110080
219320476013
151859173583
1780918111080
219354651489
151903672180
1780918112081
219391967895
151949411560
1780918113081
219426185852
151995169067
1780918114082
219460064941
152042101806
1780918115082
219493993774
152087532165
1780918116083
219531978515
152134811279
1780918117083
219566089538
152181376281
1780918118084
219600574462
152228339965
1780918119084
219634987609
152274751892
1780918120085
219673308654
152321572631
1780918121085
219706843444
152368626159
1780918122086
219741969604
152416165039
1780918123086
219775165222
152463159118
1780918124087
219813611145
152509854675
1780918125087
219847028442
152557873962
1780918126088
219881285461
152604397033
1780918127088
219914593322
152651606140
1780918128089
219948127502
152697379455
1780918129089
219985885192
152743781616
1780918130090
220018493591
152790448547
1780918131090
220052614685
152837965148
1780918132091
220085657775
152885809143
1780918133092
220118986999
152932312194
1780918134092
220151863098
152980145080
1780918135093
220185009521
153026766418
1780918136093
220218246582
153074143493
1780918137094
220251299804
153121578857
1780918138094
220284872619
153168915283
1780918139095
220317804687
153216133728
1780918140095
220351723266
153263953369
1780918141096
220384716186
153311280639
1780918142096
220418200988
153358564331
1780918143097
220451136718
153405876159
1780918144097
220484655151
153452649719
1780918145098
220517388000
153499241210
1780918146098
220550949157
153546451354
1780918147099
220584378295
153593703430
1780918148100
220617214599
153640525024
1780918149100
220651084350
153688197082
1780918150101
220684243103
153735183837
1780918151101
220717907958
153782968078
1780918152102
220751790222
153830616455
1780918153102
220785259887
153877554016
1780918154103
220819161010
153924861328
1780918155104
220853007812
153971887329
1780918156104
220886702026
154019330505
1780918157105
220920506042
154066554870
1780918158105
220954517822
154113914550
1780918159106
220988368652
154161658325
1780918160106
221021862915
154209086853
1780918161107
221055291259
154256846496
1780918162107
221088293212
154303494934
1780918163108
221120885009
154350621215
1780918164108
221153753967
154397961730
1780918165109
221186541076
154445225158
1780918166110
221219408813
154492346191
1780918167110
221252646728
154540284118
1780918168110
221285625915
154587842773
1780918169111
221318819030
154635342102
1780918170112
221352446533
154683173217
1780918171112
221385731750
154730568603
1780918172113
221418909423
154777921752
1780918173113
221452455078
154825104431
1780918174113
221485519592
154872659179
1780918175114
221518343505
154920034729
1780918176115
221551744628
154968001953
1780918177115
221585056274
155015783264
1780918178115
221617777770
155062964721
1780918179116
221650630615
155110327575
1780918180117
221683227416
155157354492
1780918181117
221716453247
155204723327
1780918182118
221749579711
155251964965
1780918183118
221782937011
155298861511
1780918184119
221816700500
155346254394
1780918185119
221850656372
155393803771
1780918186120
221884091003
155441330139
1780918187120
221917502380
155488583679
1780918188121
221951471313
155536189147
1780918189121
221985368408
155583258117
1780918190122
222019152160
155630284545
1780918191122
222053222229
155677753967
1780918192123
222086756408
155724916809
1780918193123
222120074401
155773130859
1780918194124
222153713317
155820927734
1780918195124
222187887268
155869661132
1780918196124
222220942138
155920252136
1780918197125
222253981323
155967288330
1780918198125
222287056823
156010435546
1780918199126
222320279724
156051982604
1780918200126
222353326660
156096460327
1780918201127
222386243469
156143795959
1780918202127
222418925048
156191088684
1780918203128
222451950134
156238862854
1780918204128
222485327758
156286412841
1780918205129
222518788085
156334479675
1780918206129
222555386596
156382890258
1780918207141
222594171752
156433269348
1780918208142
222631523681
156481482543
1780918209142
222667039001
156527729187
1780918210143
222703068786
156574611022
1780918211143
222738022338
156619812561
1780918212144
222774610961
156664513122
1780918213145
222810101745
156706115722
1780918214145
222847080688
156748881164
1780918215146
222881265014
156787639953
1780918216146
222915359924
156833426818
1780918217147
222950011108
156879924133
1780918218147
222984768798
156927697937
1780918219148
223019209777
156976299072
1780918220148
223053952941
157022942565
1780918221149
223088528503
157070068542
1780918222149
223122861694
157118099731
1780918223150
223157853393
157165651611
1780918224150
223192983520
157213043090
1780918225151
223227475524
157260691345
1780918226151
223262301757
157308020812
1780918227152
223296955871
157354766418
1780918228152
223331450012
157402244262
1780918229153
223366906494
157448755249
1780918230154
223401116882
157494764465
1780918231154
223435465698
157541935058
1780918232155
223469873413
157588669311
1780918233155
223504380310
157635751342
1780918234156
223538640808
157681761352
1780918235156
223573994506
157729026794
1780918236157
223609567687
157776335876
1780918237157
223644347106
157822031188
1780918238158
223679462341
157868996704
1780918239159
223714487854
157916915466
1780918240159
223748591796
157963134155
1780918241160
223783861999
158010968505
1780918242160
223818363220
158057182556
1780918243161
223852375305
158103103576
1780918244161
223887558288
158150891540
1780918245162
223921789428
158197588317
1780918246162
223956934326
158243910156
1780918247163
223991365600
158290380920
1780918248163
224026129760
158336333801
1780918249164
224060571166
158381742004
1780918250164
224094902465
158428297424
1780918251165
224129619018
158474513000
1780918252165
224163964355
158521789550
1780918253166
224198503784
158568415466
1780918254166
224234469055
158617454650
1780918255167
224271614562
158665695678
1780918256168
224306238708
158712726135
1780918257168
224341603454
158759910156
1780918258169
224376697204
158806154541
1780918259169
224428137756
158863799255
1780918260170
224461125244
158913820678
1780918261170
224494597534
158963998840
1780918262171
224527618652
159013333984
1780918263171
224560935546
159062988464
1780918264172
224597101806
159115729492
1780918265172
224630095336
159163798583
1780918266173
224674901733
159216534057
1780918267175
224708211975
159263146240
1780918268175
224742226806
159311271179
1780918269176
224777310546
159360623168
1780918270176
224811221984
159407835876
1780918271177
224845493286
159454940124
1780918272177
224879235168
159502196777
1780918273178
224912294128
159549714233
1780918274178
224945275207
159597268127
1780918275179
224978822753
159645662170
1780918276179
225012763427
159691275451
1780918277180
225046470642
159737411621
1780918278180
225079828247
159784252380
1780918279181
225113193115
159831458374
1780918280181
225146275329
159878606140
1780918281182
225180279663
159926650329
1780918282182
225213424072
159974622985
1780918283183
225261645324
160028536315
1780918284184
225296304443
160074843261
1780918285184
225329763488
160121328735
1780918286185
225362621765
160167396728
1780918287185
225396159484
160215877197
1780918288186
225429606628
160263590698
1780918289186
225462862304
160310722351
1780918290187
225496230957
160358774841
1780918291187
225529502807
160406450561
1780918292188
225563258789
160454611694
1780918293188
225596488098
160503849914
1780918294208
225629596069
160550977783
1780918295208
225662973754
160597665832
1780918296209
225696337280
160644767822
1780918297209
225729557922
160691303955
1780918298209
225763046264
160740130126
1780918299210
225796579956
160787381713
1780918300211
225829643310
160833505371
1780918301211
225862735473
160879556091
1780918302212
225896038818
160925512023
1780918303212
225929379089
160974154174
1780918304213
225961875488
161020494689
1780918305213
225994795471
161067676391
1780918306214
226027740112
161114689331
1780918307214
226060741699
161161823059
1780918308215
226094421875
161210724670
1780918309216
226127718017
161258148254
1780918310216
226160877624
161305411132
1780918311217
226194342285
161353173278
1780918312217
226227594848
161399577392
1780918313218
226261311584
161447834167
1780918314218
226294947326
161495244934
1780918315219
226328567932
161541901794
1780918316219
226362072937
161588369506
1780918317220
226395998168
161635335327
1780918318220
226429523925
161683113220
1780918319221
226462677917
161729057312
1780918320221
226495685974
161775776184
1780918321222
226528726196
161822175354
1780918322223
226561938354
161870663452
1780918323223
226594757995
161917872436
1780918324224
226627895141
161965391662
1780918325224
226661332153
162012335693
1780918326224
226694806579
162059275878
1780918327225
226728390686
162108091918
1780918328225
226761684753
162155072143
1780918329226
226795216491
162202170166
1780918330227
226828589843
162248675903
1780918331227
226862017211
162295523498
1780918332227
226895602050
162344290405
1780918333228
226928693969
162391041076
1780918334228
226961556396
162438492919
1780918335229
226994607971
162485899841
1780918336230
227027469482
162533574523
1780918337230
227060611083
162579737609
1780918338231
227093833801
162626257568
1780918339231
227126911132
162672843688
1780918340232
227160268615
162721121582
1780918341232
227193521423
162768619140
1780918342233
227226778137
162815900085
1780918343233
227260202636
162862514404
1780918344234
227293987304
162911465820
1780918345235
227327665649
162958160034
1780918346235
227361189392
163004684936
1780918347235
227394734802
163051624389
1780918348236
227428241943
163099805053
1780918349236
227461707214
163146460937
1780918350237
227495326660
163193417480
1780918351238
227528985900
163240536010
1780918352238
227562153015
163289649230
1780918353239
227595539916
163336860595
1780918354239
227628762939
163383606506
1780918355240
227661779907
163431066589
1780918356240
227694943420
163478906799
1780918357241
227728133850
163525349609
1780918358242
227761474731
163571893981
1780918359242
227795183532
163621431640
1780918360243
227828638000
163668146118
1780918361243
227862071472
163714929992
1780918362244
227895861572
163763504333
1780918363244
227929227783
163810291442
1780918364245
227962711181
163857100952
1780918365245
227995893310
163904464050
1780918366246
228029310424
163953361755
1780918367246
228062725524
164000678649
1780918368247
228096232849
164048543701
1780918369247
228129563171
164097248840
1780918370247
228162959289
164144210021
1780918371248
228196310852
164191190246
1780918372248
228229664978
164238855590
1780918373249
228262879882
164285176696
1780918374249
228296179077
164332204833
1780918375250
228329294250
164379505187
1780918376251
228362715454
164426431030
1780918377251
228396354125
164473819824
1780918378252
228429957519
164521997497
1780918379252
228463437072
164568707641
1780918380253
228496911376
164615727478
1780918381253
228530608032
164663894226
1780918382254
228563953430
164711303039
1780918383254
228597346740
164759625549
1780918384255
228630582153
164808551391
1780918385255
228663598693
164856142639
1780918386256
228697329650
164905172302
1780918387256
228730685119
164952713073
1780918388257
228763673706
164999906555
1780918389257
228796895996
165048103942
1780918390258
228830142822
165094899108
1780918391258
228863569763
165141866210
1780918392259
228897054687
165188287841
1780918393259
228930556091
165234381042
1780918394260
228964097534
165282751708
1780918395260
228997581726
165329643066
1780918396261
229031162963
165377134460
1780918397261
229064651672
165424184631
1780918398262
229098218017
165472424194
1780918399262
229131553466
165520988159
1780918400263
229164675781
165568488891
1780918401263
229198132690
165617223083
1780918402264
229231583251
165664180847
1780918403264
229264986694
165712558898
1780918404265
229298567016
165760357666
1780918405265
229331878173
165808786987
1780918406266
229365117736
165856025878
1780918407266
229398612670
165903416442
1780918408267
229431761413
165949498474
1780918409267
229465104614
165996674560
1780918410268
229498580078
166043287658
1780918411269
229532011291
166090540649
1780918412269
229565219970
166137397216
1780918413270
229598704406
166185512817
1780918414270
229632267089
166233123474
1780918415271
229665428100
166281520019
1780918416271
229698850219
166330599182
1780918417272
229732030944
166378196716
1780918418272
229765083374
166426406738
1780918419273
229798357788
166474437561
1780918420273
229834067993
166526103271
1780918421274
229867493347
166573916809
1780918422344
229900834533
166621139526
1780918423345
229934193298
166668794982
1780918424345
229967781433
166715696594
1780918425346
230001304138
166761818176
1780918426346
230034876403
166808736083
1780918427347
230068431396
166855453186
1780918428347
230101913146
166902343322
1780918429348
230135349609
166950630065
1780918430349
230168721496
166998795898
1780918431349
230202261230
167047404724
1780918432349
230235550964
167094333984
1780918433350
230269053710
167142214538
1780918434350
230302604492
167190766784
1780918435351
230336192932
167238740112
1780918436351
230369641723
167287137756
1780918437352
230403241455
167335290893
1780918438352
230436756225
167382588195
1780918439353
230470555053
167429479064
1780918440353
230504204101
167477035095
1780918441354
230537768371
167524093139
1780918442354
230571111022
167570634582
1780918443355
230604731872
167618026367
1780918444355
230638151916
167664726135
1780918445356
230671674255
167711725891
1780918446357
230705888610
167760591064
1780918447357
230742900268
167828754760
1780918448358
230776465270
167876950195
1780918449358
230810154479
167925322265
1780918450359
230843734252
167973398498
1780918451359
230877301879
168020543334
1780918452360
230912897277
168073388061
1780918453360
230947891357
168125426818
1780918454361
230981557922
168172128295
1780918455361
231015266967
168219808105
1780918456362
231055429809
168281440002
1780918457362
231089254638
168329535400
1780918458363
231123353881
168377301574
1780918459363
231156831665
168423457580
1780918460364
231190214355
168469040588
1780918461364
231223769775
168514641845
1780918462365
231257261169
168559350158
1780918463365
231290720458
168604435913
1780918464366
231324201477
168649329284
1780918465367
231357281616
168695600952
1780918466367
231390613159
168741910888
1780918467368
231424135498
168789196899
1780918468368
231457495483
168834884277
1780918469369
231491114440
168880344909
1780918470369
231524821411
168926670837
1780918471370
231558387878
168971906005
1780918472370
231591910278
169017286804
1780918473371
231625538513
169063453857
1780918474371
231659045776
169108911499
1780918475372
231692503723
169154196838
1780918476372
231726042358
169200643249
1780918477373
231759361450
169246591857
1780918478373
231792646728
169291576354
1780918479374
231825989624
169337193786
1780918480374
231859109008
169382286376
1780918481375
231892528991
169427606079
1780918482376
231925876525
169472599975
1780918483376
231959339477
169518764282
1780918484377
231993007385
169564350891
1780918485377
232026820739
169610830078
1780918486378
232060580444
169656307128
1780918487378
232094122375
169701765869
1780918488379
232127691528
169747719543
1780918489379
232161361389
169793409179
1780918490380
232194894226
169839012695
1780918491380
232228367919
169885420288
1780918492381
232261879211
169931645385
1780918493381
232295452697
169977700622
1780918494382
232329049560
170024380249
1780918495383
232362642089
170069656494
1780918496383
232396351867
170114916198
1780918497384
232429737609
170160451293
1780918498384
232462954956
170205505920
1780918499385
232492895446
170246890991
1780918500385
232526170715
170292790344
1780918501386
232559581970
170338881347
1780918502386
232592970092
170384449279
1780918503387
232626377563
170430506103
1780918504387
232659820495
170476258789
1780918505388
232693275573
170521773864
1780918506388
232726830505
170567841796
1780918507389
232760285400
170613330322
1780918508389
232793534118
170659144775
1780918509390
232826775146
170706026550
1780918510390
232859965454
170752146972
1780918511391
232893129028
170798326416
1780918512391
232926608886
170844814208
1780918513392
232959896972
170890020629
1780918514392
232993231750
170935266784
1780918515393
233026545288
170980149047
1780918516394
233059778076
171025335449
1780918517394
233093000427
171069880981
1780918518395
233126334411
171115802307
1780918519395
233159502746
171162707275
1780918520396
233192649902
171208011535
1780918521396
233225969604
171254109985
1780918522397
233259126586
171300013854
1780918523397
233292193420
171346060852
1780918524398
233325791076
171392992919
1780918525398
233359040283
171438913818
1780918526399
233392434997
171484678283
1780918527399
233426031677
171530899475
1780918528400
233459280334
171576987609
1780918529400
233492602722
171623362792
1780918530401
233526015869
171669857910
1780918531402
233559056945
171715042358
1780918532402
233592311462
171759727050
1780918533403
233625462524
171804489807
1780918534403
233658543640
171849137329
1780918535404
233691593627
171894050720
1780918536404
233725017272
171939897033
1780918537405
233758225891
171985572387
1780918538405
233791450256
172031446899
1780918539406
233824796142
172078297912
1780918540406
233857925781
172124994812
1780918541407
233891080139
172171629028
1780918542407
233924330993
172218298400
1780918543408
233957276062
172264728332
1780918544408
233990433288
172311258361
1780918545409
234023829162
172357541503
1780918546409
234057343139
172403249755
1780918547410
234090873107
172449012512
1780918548410
234124348083
172494322875
1780918549411
234157659362
172538999145
1780918550412
234191139465
172583466796
1780918551412
234224657104
172628440002
1780918552413
234257962646
172673918823
1780918553413
234291323730
172720139831
1780918554414
234324903686
172766951110
1780918555414
234358460754
172813011901
1780918556415
234391986206
172859277099
1780918557415
234425743103
172905796081
1780918558416
234459252258
172952131530
1780918559416
234492702758
172998841369
1780918560416
234533580078
173051228088
1780918561417
234566253051
173097292541
1780918562645
234599783508
173143572570
1780918563645
234633305786
173189554870
1780918564646
234666833740
173235052307
1780918565646
234700381958
173280556335
1780918566647
234734059265
173325645202
1780918567647
234767686157
173370090576
1780918568648
234801379882
173414752319
1780918569648
234834972839
173459778198
1780918570649
234868544555
173505087158
1780918571649
234902051940
173551135559
1780918572650
234935691833
173597575073
1780918573650
234969254943
173644148315
1780918574650
235002690734
173690559692
1780918575651
235036316955
173736512145
1780918576651
235069950012
173782010620
1780918577652
235103596130
173827729980
1780918578652
235137404602
173874271484
1780918579653
235171009338
173919989746
1780918580653
235207980346
173970560058
1780918581654
235241449951
174013956848
1780918582756
235274935974
174059123840
1780918583757
235308509033
174106295898
1780918584757
235341945373
174151342102
1780918585758
235375290954
174196159057
1780918586758
235408629150
174241228515
1780918587759
235442051330
174286141540
1780918588760
235475305480
174330683715
1780918589760
235508453613
174376817565
1780918590761
235541659912
174422608337
1780918591761
235574949645
174467951354
1780918592762
235608418334
174513798095
1780918593762
235641971008
174560127502
1780918594763
235675389648
174605963134
1780918595763
235708864257
174651933471
1780918596763
235742511840
174697910400
1780918597764
235775911376
174743774902
1780918598764
235809287719
174789486145
1780918599765
235842722778
174835171264
1780918600765
235876254638
174880729003
1780918601766
235909669616
174927378417
1780918602766
235943027282
174971802673
1780918603767
235976526123
175016250793
1780918604767
236010032775
175060759033
1780918605768
236043568542
175105253234
1780918606768
236077205078
175150733947
1780918607770
236110694580
175196664855
1780918608770
236144289611
175242278076
1780918609771
236177596923
175289330383
1780918610771
236210984985
175335319885
1780918611772
236244303833
175381461730
1780918612772
236277353881
175427252319
1780918613773
236310697937
175473284057
1780918614773
236344096923
175520364990
1780918615774
236377581176
175566430236
1780918616774
236411129516
175612619689
1780918617775
236444621459
175658962890
1780918618775
236478018859
175704618591
1780918619775
236511617675
175749778991
1780918620776
236545024719
175794378295
1780918621776
236578298645
175838695556
1780918622777
236611541137
175883167358
1780918623777
236644647644
175927508483
1780918624778
236678015625
175972452636
1780918625778
236711603942
176018405029
1780918626779
236745169433
176063848937
1780918627779
236788536621
176124897033
1780918628779
236822244812
176170813537
1780918630079
236855681884
176216457580
1780918631079
236888898559
176261993041
1780918632080
236922280639
176308400573
1780918633080
236955250671
176354400512
1780918634081
236988174987
176400585021
1780918635081
237021394348
176446930175
1780918636082
237054821533
176494128173
1780918637082
237088305480
176539825805
1780918638082
237121745056
176584640747
1780918639083
237155155456
176629520019
1780918640083
237188281616
176674393554
1780918641084
237221760925
176719854919
1780918642084
237254936584
176764840759
1780918643085
237288225891
176810384460
1780918644085
237321576538
176856424499
1780918645086
237355021301
176901862304
1780918646086
237388525024
176947221618
1780918647087
237422010498
176993033569
1780918648087
237455421142
177038338500
1780918649087
237488842468
177083663146
1780918650088
237522439575
177129867919
1780918651088
237555826049
177175256958
1780918652089
237589290649
177220552673
1780918653089
237622819152
177266416503
1780918654090
237668640625
177336400512
1780918655090
237702150268
177381692993
1780918656604
237735830993
177427752014
1780918657604
237769333740
177472170288
1780918658605
237802880981
177516921630
1780918659605
237836158569
177562069824
1780918660606
237869525878
177607103759
1780918661606
237906814819
177654489562
1780918662607
237941784057
177700397583
1780918663607
237975260620
177744868347
1780918664607
238008817260
177789349182
1780918665608
238042319396
177834372314
1780918666608
238076117980
177879308166
1780918667609
238109716857
177923687561
1780918668609
238143415527
177969148315
1780918669610
238177356323
178014288391
1780918670610
238210901000
178059546081
1780918671611
238244774597
178105384704
1780918672611
238278325378
178150086608
1780918673612
238311885253
178194481689
1780918674612
238345580505
178239269042
1780918675613
238379200561
178283629943
1780918676613
238413541259
178328175964
1780918677614
238447252014
178373222106
1780918678614
238481004699
178418514831
1780918679615
238515190002
178463759582
1780918680615
238548995117
178509058410
1780918681616
238582680908
178554084228
1780918682616
238616612426
178599104003
1780918683617
238650643737
178644530578
1780918684617
238684628540
178689721374
1780918685618
238718575012
178735027770
1780918686618
238752647094
178780455017
1780918687619
238786412902
178825390319
1780918688619
238820409057
178870543823
1780918689620
238854326354
178915723388
1780918690620
238887952453
178960041687
1780918691620
238921409057
179004344421
1780918692621
238955117065
179048946899
1780918693621
238988690856
179093424926
1780918694622
239021747436
179137831665
1780918695622
239055384521
179183020141
1780918696622
239088910583
179228117126
1780918697623
239122510498
179273151367
1780918698624
239156287414
179318667419
1780918699624
239189826171
179363461547
1780918700624
239223239624
179408456115
1780918701625
239256821411
179453785888
1780918702625
239290356079
179498662292
1780918703626
239323947326
179543672790
1780918704626
239357652954
179588659729
1780918705627
239397158874
179640497985
1780918706627
239430823974
179685408325
1780918707783
239464270019
179729793029
1780918708783
239497698120
179774300659
1780918709785
239531209655
179818876159
1780918710785
239564469177
179863182006
1780918711786
239597812927
179907640258
1780918712786
239631356445
179952808044
1780918713787
239665348144
179997993774
1780918714787
239698804138
180042793334
1780918715788
239732423339
180088181579
1780918716788
239766143066
180133586730
1780918717789
239799604125
180178533813
1780918718789
239833273803
180223765319
1780918719790
239866858520
180268721862
1780918720790
239900598388
180314059509
1780918721791
239934042846
180359333618
1780918722791
239967695129
180404658691
1780918723792
240001250915
180449633850
1780918724792
240034868225
180494227355
1780918725793
240073711425
180541392639
1780918726794
240107965332
180585644104
1780918727961
240141667724
180630254150
1780918728962
240175187805
180674966979
1780918729962
240208721557
180719951293
1780918730963
240242580932
180765297058
1780918731963
240276257690
180810464965
1780918732964
240309802612
180855446472
1780918733964
240343684509
180900800842
1780918734965
240377490539
180945728271
1780918735965
240411251831
180990643676
1780918736966
240445372009
181036396545
1780918737966
240479040588
181081542419
1780918738967
240512761779
181126631408
1780918739967
240547307189
181172199829
1780918740968
240580982666
181216970886
1780918741969
240614646423
181261321594
1780918742969
240648461791
181305974731
1780918743970
240682102844
181350230651
1780918744970
240715676818
181394477294
1780918745971
240761769042
181450835205
1780918746971
240800416992
181499438415
1780918748475
240834031616
181544418273
1780918749476
240867839477
181589937561
1780918750476
240901355163
181634783691
1780918751477
240934949401
181679704772
1780918752477
240968840637
181725174072
1780918753477
241002487487
181770073913
1780918754478
241036128234
181815065246
1780918755478
241069883666
181860357360
1780918756479
241103456848
181905448730
1780918757479
241137031311
181950703735
1780918758480
241170766601
181995839965
1780918759481
241204256408
182040341125
1780918760481
241237638366
182084536132
1780918761482
241271379272
182129152770
1780918762482
241304691589
182173374084
1780918763483
241337898315
182217792907
1780918764483
241371521179
182263044006
1780918765484
241405016723
182308210510
1780918766484
241438794067
182353510192
1780918767485
241476799194
182404260253
1780918768485
241510330505
182449425842
1780918769594
241543856506
182494367614
1780918770595
241577619567
182539459472
1780918771595
241611213256
182584326965
1780918772596
241644791625
182629354858
1780918773597
241678572143
182674732421
1780918774597
241712131713
182719783996
1780918775598
241745769470
182764583435
1780918776598
241779557678
182809447998
1780918777599
241813201782
182853991394
1780918778599
241846846435
182898449890
1780918779600
241880518371
182943094726
1780918780600
241914215637
182987537841
1780918781601
241948379211
183032568176
1780918782601
241982260437
183077992553
1780918783602
242016010742
183123211181
1780918784602
242049597839
183168288391
1780918785603
242083444274
183213613952
1780918786603
242116994140
183258488708
1780918787604
242167249389
183320587341
1780918788604
242201028503
183365677307
1780918790069
242234746948
183410673583
1780918791070
242268624572
183456183532
1780918792070
242302366027
183501140869
1780918793071
242336022888
183546202453
1780918794071
242369871887
183591061523
1780918795072
242403549743
183635240356
1780918796073
242437264282
183679546936
1780918797073
242471153991
183724296264
1780918798074
242504831115
183768616333
1780918799074
242538598327
183813616577
1780918800075
242572362121
183858887207
1780918801075
242605908142
183903973144
1780918802076
242639488830
183949116577
1780918803076
242674026733
183994762390
1780918804077
242707708679
184039953369
1780918805077
242741294555
184085061523
1780918806078
242775059570
184130499877
1780918807078
242808640991
184175535644
1780918808079
242842884704
184220962829
1780918809079
242876592712
184266540832
1780918810080
242910138366
184311592102
1780918811080
242943769531
184356205993
1780918812081
242977574951
184400899414
1780918813081
243011153503
184445240844
1780918814082
243044739929
184489571960
1780918815082
243078375183
184534080566
1780918816083
243112044311
184579127868
1780918817084
243145677734
184624288574
1780918818084
243179478515
184669690307
1780918819085
243213386047
184714932495
1780918820085
243246909606
184759927246
1780918821085
243280629333
184805195678
1780918822086
243314280090
184850194213
1780918823086
243347957824
184894538146
1780918824087
243382488891
184940164672
1780918825087
243416053833
184984815307
1780918826088
243449663391
185029484741
1780918827088
243483444519
185074722351
1780918828089
243508855834
185119267333
1780918829089
243532608398
185163803405
1780918830090
243563710937
185208590270
1780918831090
243592771850
185253163696
1780918832091
243617944030
185297542358
1780918833092
243651484252
185342624755
1780918834092
243684897521
185388036743
1780918835093
243718426086
185433138427
1780918836093
243752224670
185478487609
1780918837094
243785921691
185523706359
1780918838094
243819490661
185568826171
1780918839094
243862099426
185625808532
1780918840095
243895723754
185670712036
1780918841354
243929212829
185715849548
1780918842355
243963123474
185761056457
1780918843355
243996541076
185805939331
1780918844355
244030251403
185851297851
1780918845356
244063838134
185896274902
1780918846356
244097327148
185940706420
1780918847357
244130457519
185985339355
1780918848358
244163539978
186030158508
1780918849358
244196636413
186074688110
1780918850358
244230440795
186119552490
1780918851359
244263896667
186164893188
1780918852359
244297504028
186210018493
1780918853360
244330901489
186255173583
1780918854360
244364697204
186300738037
1780918855361
244398114074
186345769104
1780918856361
244431722229
186390867553
1780918857362
244465550537
186436461914
1780918858362
244499007934
186481669738
1780918859363
244532518188
186526876586
1780918860363
244566600585
186572656311
1780918861364
244599791442
186617962829
1780918862364
244632718688
186662810546
1780918863365
244665864257
186707509033
1780918864365
244698923583
186751943420
1780918865366
244732228759
186796427124
1780918866366
244765678222
186840999206
1780918867367
244799219909
186886029785
1780918868367
244832710510
186931213256
1780918869368
244866492553
186976853149
1780918870368
244900316650
187022120910
1780918871369
244934026306
187067305725
1780918872369
244967712280
187112721801
1780918873370
245001293884
187157798583
1780918874370
245035059082
187203162231
1780918875371
245069010437
187248875244
1780918876371
245102649902
187294102722
1780918877372
245136448242
187339415222
1780918878372
245170305725
187385221801
1780918879373
245203789855
187430274108
1780918880374
245237049865
187474634765
1780918881374
245270714843
187519431274
1780918882375
245303792419
187563811157
1780918883375
245336951843
187608190368
1780918884376
245370503540
187653397705
1780918885376
245403997070
187698484069
1780918886377
245438165649
187741128051
1780918887377
245472014831
187786497680
1780918888378
245505389038
187831447021
1780918889378
245538771789
187876672668
1780918890379
245572623596
187922281921
1780918891379
245606355590
187967394775
1780918892380
245639991088
188012429809
1780918893380
245673928649
188057918884
1780918894381
245707760314
188102995056
1780918895381
245741365539
188148052490
1780918896382
245775061584
188193500732
1780918897382
245808729858
188237933532
1780918898383
245842246948
188282267822
1780918899383
245875864196
188327045349
1780918900384
245909418457
188371425292
1780918901384
245942775573
188415842712
1780918902385
245976647155
188461256591
1780918903385
246010255981
188506216735
1780918904386
246043867614
188551377014
1780918905386
246077540588
188596678100
1780918906387
246111095092
188641701965
1780918907387
246144799560
188687020202
1780918908388
246178598205
188732588623
1780918909388
246212219116
188777720764
1780918910389
246245732604
188822784790
1780918911389
246279849304
188868542358
1780918912390
246313749694
188913513427
1780918913390
246347506286
188958297851
1780918914391
246380950683
189002966369
1780918915392
246414258728
189047285034
1780918916392
246447713562
189091634521
1780918917392
246482002685
189135005371
1780918918393
246515653503
189177055969
1780918919393
246549192565
189222088928
1780918920394
246582948181
189267309936
1780918921394
246616559631
189312372741
1780918922395
246650199157
189357436035
1780918923395
246683836181
189402728515
1780918924396
246717438659
189447949401
1780918925396
246750993896
189493080383
1780918926396
246784641357
189538479736
1780918927397
246818285034
189583811218
1780918928397
246852322570
189629023132
1780918929398
246886158142
189674436218
1780918930398
246917533996
189718867919
1780918931399
246941008544
189763335693
1780918932399
246970718994
189808066650
1780918933400
247000882080
189852434509
1780918934401
247027777099
189890534973
1780918935402
247056087402
189935353637
1780918936402
247089740112
189980481933
1780918937403
247123426757
190025661132
1780918938403
247156780395
190070604980
1780918939404
247190353393
190115351623
1780918940405
247224026855
190159733703
1780918941405
247257861145
190204858520
1780918942405
247291637756
190249726806
1780918943406
247325412170
190294603210
1780918944406
247359338989
190339785400
1780918945407
247393060852
190384167358
1780918946407
247426846923
190428771301
1780918947408
247460766296
190473762695
1780918948408
247493536193
190518284362
1780918949409
247526888427
190562881286
1780918950409
247560497680
190607688964
1780918951410
247593851135
190652224060
1780918952410
247627207763
190696578002
1780918953411
247660925170
190741458923
1780918954411
247694663513
190786414123
1780918955412
247728396606
190831277893
1780918956413
247762175781
190876589904
1780918957413
247795889831
190921560485
1780918958413
247875945373
191018162902
1780918959414
247905687072
191054597412
1780918961866
247939719543
191099690246
1780918962866
247973366760
191144311096
1780918963867
248006960205
191189394104
1780918964867
248040428466
191234667480
1780918965868
248074059570
191279518981
1780918966868
248107202453
191324500244
1780918967869
248140614257
191369456176
1780918968869
248174858825
191414177551
1780918969869
248203664611
191458779785
1780918970870
248236816223
191501914245
1780918971871
248270204956
191546474426
1780918972872
248303593139
191591284301
1780918973872
248337111694
191636768188
1780918974873
248370429382
191681802124
1780918975873
248404144653
191726999084
1780918976873
248437825317
191772080566
1780918977874
248471529052
191817096984
1780918978874
248505332885
191862236816
1780918979875
248539119506
191907399414
1780918980875
248572887390
191952364440
1780918981876
248606520385
191997336669
1780918982876
248640613403
192042946166
1780918983877
248674338317
192088075378
1780918984878
248707790283
192132530517
1780918985878
248741230285
192177325622
1780918986879
248774607116
192221583923
1780918987879
248807847900
192266023010
1780918988880
248841239135
192310718627
1780918989880
248875834777
192355561767
1780918990881
248909433837
192400177612
1780918991881
248943070739
192444980224
1780918992882
248976518981
192489602661
1780918993882
249010360290
192534490844
1780918994883
249044451049
192580049377
1780918995883
249078348388
192625086669
1780918996884
249112333923
192669964050
1780918997884
249146624938
192716029052
1780918998885
249182115295
192763747741
1780918999885
249217732360
192810092468
1780919000886
249255253662
192856423522
1780919001886
249288028198
192901010375
1780919002887
249321108398
192946026916
1780919003887
249351542480
192991027770
1780919004888
249381821166
193035735595
1780919005889
249411749694
193080322753
1780919006889
249446206787
193125530395
1780919007890
249480715270
193170687561
1780919008890
249515158935
193215808837
1780919009891
249549182556
193261083496
1780919010891
249583024963
193305828430
1780919011892
249616823303
193350407775
1780919012892
249650734863
193395330505
1780919013893
249684445678
193440179992
1780919014893
249718315002
193485024047
1780919015894
249752295471
193530138488
1780919016894
249786218383
193575054016
1780919017895
249818236938
193619749084
1780919018895
249843630493
193664500793
1780919019896
249867292419
193708803100
1780919020897
249892288940
193753331787
1780919021897
249913147216
193797663635
1780919022898
249948331359
193842890258
1780919023898
249982879211
193889533935
1780919024899
250016623168
193934354553
1780919025899
250057773193
193988756835
1780919027116
250091436096
194033257080
1780919028116
250125282531
194078277160
1780919029117
250158986511
194123135192
1780919030118
250192676269
194167709716
1780919031118
250226778137
194213114257
1780919032119
250260449096
194257735778
1780919033119
250294034606
194302122863
1780919034120
250327745056
194347205078
1780919035120
250353538024
194391475158
1780919036121
250376705139
194435517395
1780919037122
250404206726
194480056701
1780919038122
250429998352
194524330749
1780919039123
250453060119
194568642028
1780919040123
250486677978
194614094177
1780919041124
250520579772
194659533874
1780919042124
250554742187
194704648925
1780919043125
250590759460
194750183776
1780919044125
250624846252
194795112976
1780919045126
250658923278
194839598144
1780919046126
250697847534
194887019165
1780919047127
250770129394
194981784667
1780919049363
250805755065
195027598266
1780919050364
250839461303
195072717407
1780919051364
250873114929
195117346557
1780919052365
250906831176
195161842834
1780919053365
250940237915
195205967468
1780919054366
250973647949
195250191101
1780919055366
251007422485
195294572875
1780919056367
251042311035
195339025024
1780919057368
251076278869
195383648925
1780919058368
251110447937
195428658081
1780919059369
251144634460
195473339172
1780919060369
251178505615
195517772949
1780919061370
251212679443
195562848632
1780919062370
251246557739
195607580139
1780919063371
251280724060
195653003906
1780919064371
251316692932
195699526428
1780919065372
251355102294
195745462585
1780919066372
251392634155
195790817443
1780919067372
251431761718
195837241271
1780919068373
251471148681
195882948181
1780919069373
251506848510
195928475341
1780919070374
251536293151
195973086181
1780919071374
251563948059
196017511108
1780919072375
251585208557
196061851196
1780919073375
251609606445
196106260131
1780919074376
251636476867
196150670715
1780919075377
251670117431
196195725524
1780919076377
251704274230
196241319396
1780919077378
251739010437
196286132995
1780919078378
251772959411
196330828430
1780919079379
251806869201
196375670043
1780919080379
251840509826
196419895629
1780919081380
251874273620
196464211608
1780919082380
251908465820
196509251159
1780919083381
251944336608
196556405334
1780919084381
251980376464
196604021301
1780919085381
252016832702
196651046691
1780919086382
252053538757
196699740539
1780919087382
252089583007
196745361816
1780919088383
252123682922
196790298706
1780919089384
252157474365
196835593933
1780919090384
252189552307
196881430847
1780919091385
252225740112
196930682495
1780919092385
252260927001
196977096496
1780919093385
252295676940
197022856994
1780919094386
252332604003
197069628540
1780919095386
252368157836
197115652648
1780919096387
252404429199
197161805969
1780919097388
252440772033
197208762451
1780919098388
252476416198
197255107360
1780919099388
252511859741
197300802612
1780919100389
252547306823
197347996826
1780919101389
252583520996
197395349365
1780919102390
252619063781
197441855041
1780919103390
252655884765
197489949645
1780919104391
252692061828
197536711669
1780919105391
252727070495
197582196838
1780919106392
252762776733
197628699157
1780919107392
252797722412
197674378173
1780919108393
252856476135
197751032958
1780919109393
252891768676
197796947937
1780919111043
252927562622
197843037658
1780919112043
252962188842
197889363220
1780919113044
252997169006
197935061645
1780919114044
253033878540
197981856994
1780919115045
253069608825
198028470336
1780919116045
253104527893
198074166015
1780919117046
253139505310
198120054504
1780919118046
253176291320
198167364624
1780919119046
253212131774
198214190917
1780919120047
253245890991
198259580078
1780919121047
253280080749
198305778259
1780919122048
253313903076
198351110107
1780919123048
253348135375
198396466918
1780919124049
253382567565
198442893981
1780919125049
253416298583
198488185485
1780919126050
253450085266
198532539672
1780919127050
253483633544
198576927612
1780919128051
253517047973
198621253906
1780919129051
253550651489
198666222778
1780919130052
253584836914
198712643737
1780919131052
253618609252
198758625061
1780919132053
253652746215
198804800903
1780919133053
253687142761
198851244812
1780919134054
253721501586
198896228576
1780919135054
253755371643
198941057739
1780919136055
253789448303
198987026916
1780919137055
253823023132
199032249389
1780919138056
253856404418
199077190429
1780919139056
253890164672
199122739013
1780919140057
253924446899
199168303222
1780919141057
253958154174
199214209655
1780919142057
253991957824
199259650207
1780919143058
254025744812
199304294677
1780919144058
254059413574
199348757812
1780919145059
254093092956
199394505310
1780919146060
254126681030
199441036132
1780919147060
254160307983
199486041870
1780919148061
254194005676
199531565734
1780919149061
254227823608
199576767639
1780919150062
254261379821
199621668212
1780919151062
254295202880
199667135681
1780919152063
254329067810
199712194274
1780919153063
254362762695
199757064514
1780919154063
254396514160
199802237731
1780919155064
254430041320
199846977600
1780919156064
254463622375
199892012817
1780919157065
254497638183
199937941223
1780919158065
254531469360
199983229003
1780919159066
254565153747
200027962524
1780919160066
254599121643
200072939147
1780919161067
254632800048
200117209716
1780919162067
254666557678
200161606506
1780919163068
254700298217
200205905334
1780919164068
254734498596
200250245971
1780919165069
254768278076
200294988952
1780919166069
254802238708
200340174194
1780919167070
254836628723
200385188049
1780919168070
254870477966
200430073913
1780919169071
254904478637
200475309997
1780919170071
254938437133
200520430236
1780919171072
254974874816
200565381896
1780919172072
255008973937
200610770568
1780919173072
255042828674
200656226684
1780919174073
255076729370
200702220275
1780919175073
255110884094
200748256103
1780919176074
255144681274
200794260803
1780919177074
255178358764
200839814514
1780919178075
255212095031
200884587402
1780919179075
255245864501
200929975097
1780919180076
255279536621
200974925476
1780919181077
255313384033
201019794067
1780919182077
255347116088
201064797607
1780919183078
255380829101
201109758056
1780919184078
255414675476
201155203308
1780919185079
255448313476
201200041992
1780919186079
255482005249
201244913879
1780919187079
255515877380
201290303405
1780919188080
255549614990
201336121948
1780919189081
255583468383
201381822753
1780919190081
255617345642
201427430419
1780919191081
255651096923
201472496276
1780919192082
255684820251
201517083435
1780919193082
255718898254
201562075439
1780919194083
255749763671
201606496093
1780919195084
255771210754
201653430358
1780919196084
255804578247
201696300109
1780919197085
255838842956
201730941772
1780919198086
255872912231
201765874084
1780919199086
255907081909
201808236450
1780919200087
255941251892
201852864624
1780919201087
255976360961
201897828063
1780919202088
256010489318
201942766479
1780919203088
256044206359
201987557556
1780919204089
256078172058
202032260375
1780919205089
256111817932
202078129028
1780919206090
256145388732
202123217041
1780919207090
256179271911
202167908569
1780919208091
256213054260
202213000732
1780919209091
256246612976
202257678466
1780919210092
256280152648
202302273864
1780919211092
256313775146
202344585998
1780919212093
256347342285
202381277709
1780919213093
256380950500
202415197021
1780919214094
256414689392
202452285339
1780919215094
256448277709
202484900634
1780919216095
256482068969
202525969238
1780919217096
256515824096
202570976806
1780919218096
256549539306
202615513610
1780919219097
256583334289
202660350463
1780919220097
256617140502
202705615417
1780919221098
256650883483
202750435546
1780919222098
256684914062
202794992431
1780919223099
256718941223
202840164184
1780919224099
256752723571
202885171569
1780919225100
256786375122
202929935302
1780919226100
256820184326
202975271972
1780919227101
256853902038
203019996154
1780919228101
256887681213
203065352355
1780919229102
256921472534
203110389831
1780919230102
256955123107
203154808837
1780919231103
256988908996
203199209411
1780919232103
257022564453
203245270751
1780919233104
257056227294
203292011230
1780919234105
257089883361
203336781066
1780919235105
257123631103
203381613037
1780919236106
257157301696
203426261108
1780919237106
257190915527
203470726562
1780919238107
257224923034
203514609191
1780919239107
257258780639
203559264648
1780919240107
257292421325
203603913879
1780919241108
257326314453
203649062438
1780919242108
257359943603
203693473876
1780919243109
257393561096
203737893188
1780919244109
257427372070
203783186889
1780919245110
257461008422
203827329223
1780919246110
257494690368
203871540344
1780919247111
257528399047
203915840820
1780919248111
257562132080
203960059753
1780919249112
257595899597
204004431945
1780919250112
257629712219
204049926269
1780919251113
257663389465
204095771728
1780919252113
257697093505
204141337707
1780919253114
257731112365
204187101562
1780919254114
257764985046
204232618225
1780919255115
257798664855
204277817443
1780919256115
257832641906
204323567565
1780919257116
257866375732
204368848205
1780919258116
257900136840
204416144042
1780919259117
257934193359
204461376770
1780919260117
257968880981
204506071777
1780919261118
258003093017
204550886047
1780919262118
258037110961
204589023620
1780919263119
258071214782
204621569641
1780919264120
258105638610
204655186645
1780919265121
258139464111
204688893798
1780919266122
258173357055
204728612915
1780919267122
258207157287
204774078002
1780919268123
258246326965
204825740051
1780919269123
258280230407
204870742309
1780919270275
258313857299
204915385803
1780919271275
258347675842
204960766235
1780919272276
258381296752
205005429565
1780919273276
258414958312
205050085083
1780919274277
258448799438
205095930847
1780919275277
258482412353
205141521179
1780919276278
258515990539
205187070739
1780919277278
258549730468
205232729919
1780919278279
258583422058
205277929382
1780919279279
258617303405
205323080017
1780919280280
258651047302
205367779174
1780919281280
258684679992
205413084960
1780919282281
258718442016
205459580810
1780919283281
258752211364
205504166015
1780919284282
258786275390
205551076538
1780919285282
258820015686
205597273315
1780919286283
258853807922
205643800354
1780919287283
258887455810
205690312622
1780919288284
258921182495
205736390502
1780919289284
258955131042
205782476684
1780919290285
258988813415
205828593811
1780919291285
259022613891
205874664306
1780919292286
259056531372
205919833679
1780919293286
259096761657
205972808166
1780919294287
259130581298
206017564941
1780919295479
259164515808
206062524597
1780919296479
259198228820
206102340637
1780919297480
259231981506
206138795288
1780919298480
259265825256
206176124816
1780919299481
259299611206
206214766845
1780919300482
259333338745
206250356628
1780919301482
259367208129
206294944702
1780919302483
259401291564
206342358459
1780919303483
259435067565
206388505126
1780919304484
259469297546
206434895019
1780919305485
259503083862
206480424377
1780919306485
259536885070
206526030639
1780919307486
259570887512
206571863708
1780919308488
259604642333
206617196166
1780919309489
259638894531
206662393859
1780919310489
259673143432
206707663940
1780919311490
259707105346
206752683105
1780919312490
259740967163
206797455871
1780919313491
259774856079
206842430358
1780919314491
259808407348
206887287475
1780919315492
259842062194
206932241699
1780919316492
259875842285
206976890991
1780919317493
259909545837
207021321899
1780919318493
259943191650
207065861816
1780919319494
259976997985
207111483520
1780919320494
260010694335
207156250671
1780919321495
260044434753
207201396789
1780919322495
260078352416
207246666381
1780919323496
260112023071
207291276550
1780919324496
260148225891
207339297485
1780919325497
260182090454
207384264831
1780919326565
260215806091
207429063476
1780919327565
260249527282
207473889282
1780919328566
260283420715
207519263183
1780919329566
260317189880
207566148864
1780919330566
260350890686
207612887756
1780919331567
260384762390
207658840270
1780919332568
260418407287
207704605529
1780919333568
260451991760
207750002014
1780919334569
260485718872
207792860595
1780919335569
260519301147
207826934143
1780919336570
260552952941
207871457580
1780919337570
260586742309
207916436889
1780919338571
260620437438
207961133300
1780919339571
260654141662
208005797912
1780919340572
260687891906
208050600952
1780919341572
260721853942
208095530029
1780919342573
260755425292
208140202758
1780919343573
260789209106
208185484558
1780919344574
260822699707
208230293151
1780919345574
260856337158
208274936401
1780919346575
260890318298
208320267395
1780919347575
260923957702
208359881225
1780919348576
260957610351
208398280395
1780919349577
260991410705
208436555358
1780919350578
261025351379
208468723205
1780919351579
261058946166
208503583312
1780919352579
261092717224
208543447143
1780919353581
261126394958
208588550842
1780919354581
261160584106
208633587463
1780919355582
261196304138
208679419494
1780919356582
261230526855
208724501525
1780919357582
261264314453
208769256774
1780919358583
261298318664
208814384643
1780919359583
261332162414
208859103332
1780919360584
261365862243
208903617065
1780919361584
261399808105
208948628479
1780919362585
261433551696
208993288024
1780919363585
261467400207
209037882812
1780919364586
261501317565
209082774047
1780919365586
261535024047
209126847900
1780919366587
261568820739
209168794372
1780919367587
261602617858
209213077758
1780919368588
261636317016
209257339721
1780919369588
261670060363
209301823608
1780919370589
261703960266
209346962341
1780919371589
261740828918
209395801879
1780919372590
261774613525
209440553161
1780919373683
261808598449
209486524414
1780919374683
261842274230
209531969116
1780919375684
261876025146
209577334716
1780919376684
261909925964
209622928527
1780919377685
261943636474
209667999450
1780919378685
261977477233
209713220520
1780919379686
262011401672
209758465515
1780919380686
262045182922
209804729736
1780919381687
262079280822
209850806884
1780919382687
262113576782
209887162109
1780919383688
4326477
209928599243
1780919384688
37977722
209972931335
1780919385689
71764221
210017858215
1780919386689
105502136
210062888793
1780919387690
139848022
210109509216
1780919388690
173632019
210154841613
1780919389692
207528259
210200494018
1780919390692
241278259
210246451599
1780919391693
275150573
210292040588
1780919392693
308864135
210336700317
1780919393694
342619689
210381625732
1780919394694
376345214
210426590759
1780919395695
409993896
210471281555
1780919396695
443804870
210516120605
1780919397696
477679260
210561163452
1780919398696
511592590
210606663024
1780919399697
545366577
210651663269
1780919400697
579180786
210696379089
1780919401698
612858093
210740492980
1780919402698
646613952
210784804382
1780919403699
680442016
210829162292
1780919404699
714105712
210873836791
1780919405700
747867553
210921118835
1780919406700
781663085
210967038208
1780919407701
815893737
211012907836
1780919408701
849881103
211059505615
1780919409702
883691406
211105566650
1780919410702
917507568
211152083312
1780919411703
951190307
211198917114
1780919412703
984927429
211244440795
1780919413704
1018553527
211290001220
1780919414704
1052146179
211335762512
1780919415705
1085880187
211381206970
1780919416705
1119692138
211423577087
1780919417706
1153515197
211461037536
1780919418707
1183385437
211505355407
1780919419708
1208658386
211549674621
1780919420708
1230913330
211593850952
1780919421709
1262775756
211632739257
1780919422709
1296349304
211677285522
1780919423710
1330244018
211722134826
1780919424710
1364222106
211767052246
1780919425711
1397831970
211811560852
1780919426711
1431619140
211856216430
1780919427712
1465439880
211900909606
1780919428712
1499329101
211945577331
1780919429713
1533106018
211990733398
1780919430713
1566987548
212035735656
1780919431714
1600694396
212080273864
1780919432714
1634619262
212123072998
1780919433715
1668573486
212165307739
1780919434715
1702286926
212199091064
1780919435716
1735972656
212236656555
1780919436717
1769800292
212271037353
1780919437717
1803506347
212305611267
1780919438718
1837345153
212343715087
1780919439719
1871249023
212388488220
1780919440719
1905066894
212433282592
1780919441720
1938774047
212477997070
1780919442720
1972622314
212522922912
1780919443721
2006396911
212567693542
1780919444721
2040057617
212612292419
1780919445722
2073885009
212657087463
1780919446722
2107610473
212701616149
1780919447723
2141362060
212746407104
1780919448723
2175539367
212791150817
1780919449724
2209304992
212835884033
1780919450724
2243169494
212880686584
1780919451725
2276891967
212924987060
1780919452725
2310669921
212969213562
1780919453726
2344484924
213013539978
1780919454727
2378290588
213057740112
1780919455727
2411963562
213101906005
1780919456728
2445657897
213146569885
1780919457728
2479312194
213191173767
1780919458729
2513028930
213235955444
1780919459729
2546788024
213280888977
1780919460730
2580556884
213325683593
1780919461730
2614298217
213370200012
1780919462731
2648039367
213414934753
1780919463731
2682084045
213457994079
1780919464731
2715642211
213502407592
1780919465732
2749399230
213547191284
1780919466732
2783060119
213591781005
1780919467733
2816641967
213632695678
1780919468733
2850489685
213669693725
1780919469734
2884141906
213714018371
1780919470734
2917978515
213758215515
1780919471735
2951715820
213802369628
1780919472735
2985365417
213846794921
1780919473736
3019366027
213891788330
1780919474736
3053128173
213936627380
1780919475737
3086814086
213981514160
1780919476738
3120627807
214026294311
1780919477738
3154291320
214071573608
1780919478739
3188055236
214116587036
1780919479739
3221802612
214161288146
1780919480740
3255645996
214206380676
1780919481740
3289444091
214251092224
1780919482741
3323127746
214295559509
1780919483741
3356811889
214340457214
1780919484742
3390669677
214380031066
1780919485742
3424541931
214414160217
1780919486743
3458264770
214447969177
1780919487744
3491932250
214485888122
1780919488744
3531727294
214525185791
1780919489745
3565626892
214567551452
1780919490923
3599283691
214612090881
1780919491924
3632943176
214656561584
1780919492924
3666889282
214701679382
1780919493925
3700574584
214746348327
1780919494925
3734329284
214790983642
1780919495926
3768335510
214836038085
1780919496926
3802008483
214880604248
1780919497927
3835669189
214925243408
1780919498927
3869553588
214970167419
1780919499928
3903258178
215014888122
1780919500928
3936936828
215059010437
1780919501929
3970701599
215093046020
1780919502929
4004262023
215126321594
1780919503930
4037944824
215161716735
1780919504930
4071897094
215195797668
1780919505931
4105362854
215231165954
1780919506932
4138905212
215275753784
1780919507933
4172693603
215320630371
1780919508933
4206208923
215365416198
1780919509934
4239896118
215410249023
1780919510934
4273945739
215455222045
1780919511935
4307446350
215499894470
1780919512935
4340913879
215544488708
1780919513935
4374621826
215589686889
1780919514936
4408177246
215634339477
1780919515936
4441788146
215679095214
1780919516937
4475265991
215724022521
1780919517937
4508962341
215763899902
1780919518938
4542452087
215797075012
1780919519939
4576213134
215832995849
1780919520939
4609735473
215866938903
1780919521940
4643228637
215898965332
1780919522941
4676943298
215941786437
1780919523942
4710503967
215986499755
1780919524942
4743858459
216031041992
1780919525942
4777654235
216076310546
1780919526943
4811381103
216120913146
1780919527943
4844966308
216165650390
1780919528944
4878686828
216210662292
1780919529944
4912099609
216255480346
1780919530945
4945565490
216300203674
1780919531945
4979159912
216345185852
1780919532946
5012525634
216389826049
1780919533946
5046208007
216434360229
1780919534946
5079950744
216471793762
1780919535947
5113367126
216508139404
1780919536948
5146955688
216541378234
1780919537949
5180512512
216578870605
1780919538949
5214063171
216620073242
1780919539950
5247607360
216664728393
1780919540950
5281335815
216709848449
1780919541951
5314791381
216754441345
1780919542951
5348280090
216799209960
1780919543952
5382173400
216844713623
1780919544952
5415576416
216889299743
1780919545953
5449012451
216934000000
1780919546953
5482667541
216978962951
1780919547954
5516193969
217023658691
1780919548954
5549675781
217068386901
1780919549955
5583367126
217113549316
1780919550955
5617090270
217155072814
1780919551956
5650247985
217186989257
1780919552957
5683642883
217222373168
1780919553957
5717303649
217257380615
1780919554958
5750872680
217291517761
1780919555959
5784481811
217331480041
1780919556960
5817661315
217376026672
1780919557960
5850960021
217420717102
1780919558961
5884526062
217466048339
1780919559961
5917785217
217510868591
1780919560962
5951083923
217555491210
1780919561962
5984536621
217600442138
1780919562963
6018008544
217644953186
1780919563963
6051518798
217689687316
1780919564964
6085310424
217734490539
1780919565964
6118999023
217778758239
1780919566965
6152286743
217823325683
1780919567965
6185779785
217866321472
1780919568966
6219426269
217902761901
1780919569966
6253049194
217936710144
1780919570967
6286698852
217973023315
1780919571968
6320249206
218009189514
1780919572968
6353765197
218048758178
1780919573969
6387572387
218093913269
1780919574970
6421190124
218138384094
1780919575970
6454851623
218183233276
1780919576971
6488546936
218228251037
1780919577971
6522102233
218272806091
1780919578972
6555550659
218317366516
1780919579972
6589517700
218362636657
1780919580973
6625892517
218409048522
1780919581973
6659499938
218453524291
1780919583049
6693302001
218498904541
1780919584049
6727079223
218543702575
1780919585050
6760797729
218576927185
1780919586050
6794566223
218614314819
1780919587051
6828195800
218648612609
1780919588052
6861901306
218686938842
1780919589053
6895644165
218722854919
1780919590053
6929351501
218767820556
1780919591054
6963013671
218812553894
1780919592054
6996868835
218857745056
1780919593055
7030536315
218902592834
1780919594055
7064144836
218947407409
1780919595056
7097933898
218992501281
1780919596056
7131584838
219037280944
1780919597057
7165389648
219080016906
1780919598057
7199199768
219125174926
1780919599058
7232882507
219170019104
1780919600058
7266565246
219214806091
1780919601059
7300445495
219258932067
1780919602059
7334082458
219291039733
1780919603060
7367682800
219323488342
1780919604061
7401447998
219362434204
1780919605061
7435133117
219396492858
1780919606062
7468718139
219435355957
1780919607063
7502472778
219480340820
1780919608063
7536104370
219524921691
1780919609064
7569775390
219569482910
1780919610064
7603674072
219614795288
1780919611065
7637399597
219659552612
1780919612065
7671268554
219702361328
1780919613065
7705043762
219747455505
1780919614066
7738782409
219792293701
1780919615066
7772481384
219836932556
1780919616067
7806223327
219881904479
1780919617067
7839864440
219926644836
1780919618068
7873533447
219964376037
1780919619068
7907203857
219999218017
1780919620069
7940917663
220034456359
1780919621070
7974738098
220072883728
1780919622071
8008621154
220107647216
1780919623071
8042428100
220148911926
1780919624072
8076220703
220193816650
1780919625072
8110163330
220238775573
1780919626073
8144191040
220283739135
1780919627073
8181339904
220332495178
1780919628074
8215315307
220377638305
1780919629166
8249150146
220422450256
1780919630166
8282988403
220467239318
1780919631167
8316997985
220512595642
1780919632167
8350775878
220557271667
1780919633168
8384559204
220601987243
1780919634168
8418483276
220645399047
1780919635169
8452294250
220679185424
1780919636169
8486093688
220715126647
1780919637170
8519911743
220753533142
1780919638171
8553664428
220787751892
1780919639172
8587369201
220823349487
1780919640173
8621346740
220868476257
1780919641173
8655168395
220913151062
1780919642174
8688960998
220957933471
1780919643174
8723111572
221002042114
1780919644175
8756819152
221046793823
1780919645175
8790557312
221091425292
1780919646176
8824548950
221136578247
1780919647176
8858405151
221181334716
1780919648177
8892251831
221226095764
1780919649177
8926258483
221271557128
1780919650178
8960129455
221316493713
1780919651178
8993893981
221356863586
1780919652179
9027756347
221392202819
1780919653180
9061505065
221425409423
1780919654181
9095228332
221459509155
1780919655182
9128991455
221495461364
1780919656183
9162563720
221535947021
1780919657183
9196239990
221580725585
1780919658184
9230154663
221624328369
1780919659184
9263852661
221669239929
1780919660184
9297514709
221714046020
1780919661185
9331192810
221759168029
1780919662185
9364727172
221803747009
1780919663186
9398344299
221848345581
1780919664186
9432204284
221893713867
1780919665187
9465849853
221938386474
1780919666187
9499625122
221983130676
1780919667188
9533448425
222028331237
1780919668188
9567077575
222063761657
1780919669189
9600715637
222097531250
1780919670190
9634437011
222135081481
1780919671190
9668057861
222171744140
1780919672191
9701641235
222204478454
1780919673192
9735994689
222248315368
1780919674192
9769647094
222293246032
1780919675218
9803283752
222337946472
1780919676218
9837099731
222383043579
1780919677219
9870785644
222427891174
1780919678219
9904401855
222472473693
1780919679220
9938257385
222517701538
1780919680220
9971919555
222562526245
1780919681221
10005559082
222607162536
1780919682221
10039333923
222652143432
1780919683222
10072969360
222696804687
1780919684222
10106544006
222737772949
1780919685223
10140275024
222774728576
1780919686223
10173913269
222811783325
1780919687224
10207542297
222845790954
1780919688224
10241131713
222881115844
1780919689225
10274837463
222920167297
1780919690225
10308553527
222964874328
1780919691226
10342372375
223010126220
1780919692226
10376064941
223054836425
1780919693227
10409737121
223099580932
1780919694227
10443505310
223144933532
1780919695228
10477207031
223189602539
1780919696228
10510887329
223234432128
1780919697228
10544747009
223280064941
1780919698229
10578427001
223324666809
1780919699229
10611994506
223369416259
1780919700230
10645716247
223414786865
1780919701230
10679314270
223451758056
1780919702231
10712879943
223489320312
1780919703231
10746578979
223524462097
1780919704232
10780208679
223560982727
1780919705233
10813815063
223595338928
1780919706234
10847477600
223637485534
1780919707234
10881174011
223682144348
1780919708235
10914827575
223726914062
1780919709235
10948625000
223773037292
1780919710236
10982366394
223818019531
1780919711236
11015881530
223862538024
1780919712236
11049438720
223907548522
1780919713237
11083094299
223952489013
1780919714238
11116706054
223997454711
1780919715238
11150438659
224042857482
1780919716238
11184025634
224087618103
1780919717239
11217667968
224131939086
1780919718239
11251362915
224169953674
1780919719240
11286023193
224209752136
1780919720241
11319796264
224244450683
1780919721270
11353480773
224279914245
1780919722271
11387161010
224317846313
1780919723272
11420821350
224362363403
1780919724272
11454615356
224407633544
1780919725273
11488257385
224452216491
1780919726273
11521884338
224496693847
1780919727274
11555614440
224541881958
1780919728274
11589370483
224586594055
1780919729275
11623051208
224631315551
1780919730275
11656832031
224677089721
1780919731276
11690537841
224721580871
1780919732276
11724298706
224766221679
1780919733277
11758024597
224810429077
1780919734277
11791750671
224843439514
1780919735278
11825423645
224881651184
1780919736279
11859267517
224921340454
1780919737280
11893002014
224958402099
1780919738281
11926731323
224992930969
1780919739281
11960577514
225037947326
1780919740282
11994365112
225082739685
1780919741282
12028046325
225127288635
1780919742283
12061884765
225172361877
1780919743283
12095560058
225216895690
1780919744284
12129252441
225261661560
1780919745284
12163099121
225306777465
1780919746285
12196782836
225351652893
1780919747285
12230480773
225396330505
1780919748286
12264251525
225441590698
1780919749286
12298038513
225486405395
1780919750287
12331792175
225525020996
1780919751287
12365591186
225564368286
1780919752288
12399294372
225597334533
1780919753288
12433057678
225629842346
1780919754289
12466750793
225666302978
1780919755290
12500438232
225705936157
1780919756291
12534099426
225750581970
1780919757292
12567871520
225796423767
1780919758292
12601551452
225841010375
1780919759293
12635262512
225885916748
1780919760293
12668983520
225931237182
1780919761294
12702678771
225975878051
1780919762294
12736326904
226021917663
1780919763295
12770072143
226067227111
1780919764295
12803772460
226111931457
1780919765296
12840186401
226159796081
1780919766296
12874265808
226205379089
1780919767389
12907885803
226240908691
1780919768389
12941510864
226275765686
1780919769390
12975251220
226312692260
1780919770390
13008942871
226346017150
1780919771391
13042485229
226379703796
1780919772392
13076096801
226424171752
1780919773392
13109689025
226469049987
1780919774393
13143368041
226514080444
1780919775393
13177135437
226559359558
1780919776394
13210799133
226604102416
1780919777394
13244516235
226649007812
1780919778395
13278165771
226694318847
1780919779396
13311896606
226739257751
1780919780396
13345638366
226783911865
1780919781397
13379496154
226829504028
1780919782397
13413168457
226874013000
1780919783398
13446906616
226915781555
1780919784398
13480639770
226955237060
1780919785399
13514394897
226989222778
1780919786400
13548121093
227024390625
1780919787401
13581843750
227061793762
1780919788402
13615522521
227100040710
1780919789403
13649244384
227145140686
1780919790404
13682927856
227190271728
1780919791404
13716623229
227235062744
1780919792405
13750237670
227279654113
1780919793405
13783994934
227326410278
1780919794406
13817567077
227371791381
1780919795407
13851165222
227416696166
1780919796407
13884844360
227461012939
1780919797408
13918406860
227505786499
1780919798408
13951933166
227550335754
1780919799409
13985546936
227595793762
1780919800409
14019018737
227638046752
1780919801410
14052616088
227673532836
1780919802410
14086207153
227710271545
1780919803411
14119842590
227742332702
1780919804412
14153509765
227776015502
1780919805412
14187259765
227817401977
1780919806413
14220828369
227862206909
1780919807414
14254400146
227907030578
1780919808414
14288014343
227952121276
1780919809415
14321674194
227997265808
1780919810415
14353124877
228041928100
1780919811415
14387678588
228088734008
1780919812416
14420563049
228132803466
1780919813446
14452850891
228176781311
1780919814446
14486567626
228223089660
1780919815447
14519386779
228266619567
1780919816448
14552000854
228311729248
1780919817448
14581009643
228352396301
1780919818449
14597481567
228379079895
1780919819450
14626216613
228415439086
1780919820451
14644798217
228445241638
1780919821451
14663248657
228473178466
1780919822452
14687690124
228510246887
1780919823453
14721579345
228557802368
1780919824454
14755533813
228605674926
1780919825454
14789396972
228653452392
1780919826456
14823313171
228700031738
1780919827457
14857154418
228746203308
1780919828457
14890984008
228795006835
1780919829458
14924772888
228845147583
1780919830458
14958480834
228894648254
1780919831459
14992246215
228944280700
1780919832459
15026006652
228994203430
1780919833460
15059681274
229043281860
1780919834460
15093065551
229090091064
1780919835463
15126520874
229132569335
1780919836463
15160052978
229172422729
1780919837464
15193432006
229219716857
1780919838464
15226958435
229299473510
1780919839465
15260418762
229388985839
1780919840465
15294017272
229470612976
1780919841466
15327588439
229552431945
1780919842466
15361045593
229633559204
1780919843467
15394499694
229707530639
1780919844467
15428249694
229771555725
1780919845468
15462038208
229822272766
1780919846468
15495767211
229867940368
1780919847469
15529907592
229914251831
1780919848469
15563798950
229959403198
1780919849470
15597837646
230005008422
1780919850470
15632270690
230050896972
1780919851470
15666143493
230095682495
1780919852471
15697202270
230137253051
1780919853472
15730682434
230181433959
1780919854472
15763890991
230225129760
1780919855473
15797056762
230269280761
1780919856473
15830344360
230313501770
1780919857474
15862921081
230358581176
1780919858474
15896574829
230403502807
1780919859475
15930347961
230449241210
1780919860475
15964060729
230494556823
1780919861475
15997937561
230539693908
1780919862476
16031929199
230585077941
1780919863476
16065795898
230630092529
1780919864477
16099791442
230675064086
1780919865477
16133687988
230720422912
1780919866478
16167601745
230765459106
1780919867478
16201331848
230810245971
1780919868479
16235244262
230855941101
1780919869479
16268191101
230900509460
1780919870479
16298341369
230943674560
1780919871480
16331979919
230984382812
1780919872480
16360360168
231023146118
1780919873481
16392071899
231066099304
1780919874482
16425750061
231111186767
1780919875482
16459522521
231156080444
1780919876483
16493418762
231201115966
1780919877483
16527532348
231247800354
1780919878484
16561167541
231293620239
1780919879484
16594974365
231340080932
1780919880485
16628725463
231386854492
1780919881485
16662436340
231433841369
1780919882485
16696031738
231480131896
1780919883486
16729846618
231526393676
1780919884486
16763511474
231573161621
1780919885487
16797195495
231619347412
1780919886487
16829974670
231665014648
1780919887488
16862957214
231708668884
1780919888488
16896066284
231752673461
1780919889489
16929190246
231797247741
1780919890489
16950836914
231841307006
1780919891489
16975651733
231880251159
1780919892490
17007628356
231924622924
1780919893491
17040533508
231969030456
1780919894491
17072686096
232013405334
1780919895492
17106063232
232058240356
1780919896492
17138052490
232102873779
1780919897493
17170527832
232147648254
1780919898494
17204003173
232191983276
1780919899494
17236256958
232236467529
1780919900494
17267423095
232280624694
1780919901495
17300725646
232324721740
1780919902496
17332907409
232369108581
1780919903496
17366512573
232410996032
1780919904497
17400293701
232451925109
1780919905497
17433832336
232485395507
1780919906498
17467414062
232519554199
1780919907498
17501012939
232554014465
1780919908499
17534527954
232591148925
1780919909500
17568596496
232635815124
1780919910500
17602324890
232680512329
1780919911501
17635933288
232725267272
1780919912501
17669576354
232769867797
1780919913502
17703445312
232814666320
1780919914502
17737234619
232859569763
1780919915503
17770855163
232904180969
1780919916503
17804798706
232949366210
1780919917504
17838386779
232993909729
1780919918505
17872038513
233038502258
1780919919505
17906019775
233083526000
1780919920506
17939516845
233121109069
1780919921506
17973134033
233156096191
1780919922507
18006713684
233189946899
1780919923507
18040137939
233223237731
1780919924508
18081534362
233267317199
1780919925508
18115190490
233312453918
1780919926734
18148863037
233357468688
1780919927734
18182495422
233402324462
1780919928735
18216203369
233447367797
1780919929735
18249636962
233492045776
1780919930736
18283139831
233537017456
1780919931736
18316576660
233582182556
1780919932737
18349738708
233626748413
1780919933737
18383094238
233671971862
1780919934738
18416408691
233716579467
1780919935738
18449779479
233761321655
1780919936739
18482993103
233802584411
1780919937739
18516212097
233841638549
1780919938740
18549431579
233875197265
1780919939740
18582810974
233910420959
1780919940741
18616104370
233944874023
1780919941741
18649510742
233983523376
1780919942742
18683062072
234028617431
1780919943742
18716597167
234073495483
1780919944743
18750063232
234118151916
1780919945743
18783599487
234163858520
1780919946743
18817236206
234210275756
1780919947744
18850825500
234257442932
1780919948744
18884272277
234304449401
1780919949745
18918169860
234350777099
1780919950745
18952277648
234396010070
1780919951746
18986469177
234441431030
1780919952746
19020387451
234487001892
1780919953747
19054211364
234526546386
1780919954747
19088059692
234562168395
1780919955747
19121643005
234601825805
1780919956748
19155274780
234637393554
1780919957748
19188829895
234672819580
1780919958749
19222324157
234717837341
1780919959749
19255876464
234762817443
1780919960750
19289397155
234807895263
1780919961750
19322947143
234853002441
1780919962751
19356521301
234897803955
1780919963751
19390122314
234943717712
1780919964752
19423736633
234989130371
1780919965752
19457233337
235034301879
1780919966752
19490688476
235079503906
1780919967753
19524063842
235124992431
1780919968753
19557685424
235170322448
1780919969754
19591237304
235215813781
1780919970754
19624728576
235260469177
1780919971754
19658003967
235304706970
1780919972755
19691487487
235349228454
1780919973755
19724923522
235393641784
1780919974756
19758447631
235437837463
1780919975756
19792147521
235483921203
1780919976757
19825700866
235530734558
1780919977757
19859296813
235575985290
1780919978757
19892921875
235621634277
1780919979758
19926500610
235666877075
1780919980758
19959798950
235711910644
1780919981759
19993312805
235759640258
1780919982759
20026500732
235804985961
1780919983760
20059838378
235850409484
1780919984760
20093165771
235895598999
1780919985760
20126641845
235940731994
1780919986761
20160131530
235987827270
1780919987761
20193689392
236032661804
1780919988762
20227394348
236077368835
1780919989762
20261064514
236121504943
1780919990763
20294804931
236165972595
1780919991763
20328421630
236210249633
1780919992763
20361957397
236254870117
1780919993764
20395712585
236300194885
1780919994764
20429398437
236345223632
1780919995765
20463014648
236390495727
1780919996765
20496648010
236435653198
1780919997765
20530284973
236481294311
1780919998766
20563921142
236526505371
1780919999766
20597460693
236571687316
1780920000767
20630941223
236616883483
1780920001767
20664557739
236661724060
1780920002768
20698066528
236706810607
1780920003768
20731701538
236752542053
1780920004768
20765205566
236797340270
1780920005769
20798855834
236841815673
1780920006769
20832576110
236886225830
1780920007770
20866184692
236930532653
1780920008770
20899860107
236975191955
1780920009771
20933352050
237019416198
1780920010771
20966892333
237064333801
1780920011772
21000600158
237109746704
1780920012772
21034321044
237156819274
1780920013773
21068020629
237202448669
1780920014773
21101694885
237247420471
1780920015774
21135325988
237292649475
1780920016774
21168972534
237337560791
1780920017775
21202713012
237385283325
1780920018775
21236332458
237431204895
1780920019776
21269855895
237476275451
1780920020776
21303459289
237521600830
1780920021777
21337087585
237566985351
1780920022777
21370577392
237611267028
1780920023777
21404247802
237655813171
1780920024778
21437769165
237700133056
1780920025778
21471225036
237744314575
1780920026779
21504897033
237788742797
1780920027779
21538390014
237833903381
1780920028780
21571849182
237879111999
1780920029780
21605391845
237924706665
1780920030780
21638767639
237969806213
1780920031781
21672283325
238014966918
1780920032781
21705845764
238060252197
1780920033782
21739328369
238105648559
1780920034782
21772869506
238150584838
1780920035783
21806444091
238196199096
1780920036783
21839891296
238241425476
1780920037784
21873542663
238287626892
1780920038784
21907094421
238334224365
1780920039784
21940665893
238379834228
1780920040785
21974374938
238425489440
1780920041785
22008035278
238469910095
1780920042786
22041686950
238514496582
1780920043786
22075225402
238560487060
1780920044786
22108879272
238605437072
1780920045787
22142445617
238650995971
1780920046787
22176039978
238696639953
1780920047788
22209694091
238742534179
1780920048788
22243236633
238790674011
1780920049789
22276680236
238836942260
1780920050789
22310149353
238882721862
1780920051789
22343683349
238928514038
1780920052790
22377275939
238974477722
1780920053790
22410880371
239020338989
1780920054791
22444370666
239065760803
1780920055791
22477853881
239111316589
1780920056792
22511421752
239157407165
1780920057793
22545045410
239201903076
1780920058793
22578637878
239246554504
1780920059794
22612262573
239290950012
1780920060794
22645926757
239335477050
1780920061795
22679500427
239379767028
1780920062796
22713073913
239425571716
1780920063796
22746606384
239471330444
1780920064797
22780169433
239516532165
1780920065797
22813833129
239562469482
1780920066798
22847405944
239607766906
1780920067798
22880980163
239653848571
1780920068799
22914693847
239701073730
1780920069799
22948311523
239747183959
1780920070800
22981772094
239793821411
1780920071800
23015302490
239839527954
1780920072801
23048704956
239884898986
1780920073801
23082353820
239931554443
1780920074802
23116001770
239977892150
1780920075802
23149663391
240022269836
1780920076803
23183226196
240066346862
1780920077803
23216738525
240111431945
1780920078804
23250299011
240158356994
1780920079804
23283835693
240204791931
1780920080805
23317375000
240250759460
1780920081805
23350599060
240296006652
1780920082806
23383934387
240341903747
1780920083806
23417506652
240387708862
1780920084807
23451002136
240433104003
1780920085807
23484658691
240479298339
1780920086808
23518186889
240524681457
1780920087808
23551710876
240570635009
1780920088809
23585198547
240616098632
1780920089810
23618766906
240662612060
1780920090810
23652278198
240707789794
1780920091811
23685882263
240749270874
1780920092811
23719593444
240784645507
1780920093812
23751439086
240827266052
1780920094813
23784811584
240871354492
1780920095813
23818538513
240916012329
1780920096814
23852080566
240961351684
1780920097814
23885525817
241006640930
1780920098815
23919135070
241052368103
1780920099816
23952700134
241098559692
1780920100816
23986197509
241143588256
1780920101817
24019788452
241189178588
1780920102817
24053329406
241235029479
1780920103818
24086795227
241280858703
1780920104818
24120380126
241328278564
1780920105819
24153862060
241375261657
1780920106819
24187269348
241420580017
1780920107820
24220766540
241466914001
1780920108820
24254226196
241512520996
1780920109821
24287719726
241556993835
1780920110821
24321225708
241604020324
1780920111822
24354778137
241649144409
1780920112823
24388130126
241693368774
1780920113823
24421732666
241738539978
1780920114824
24455288818
241783572448
1780920115824
24488819885
241829100891
1780920116825
24522265136
241875355529
1780920117825
24555633544
241921178405
1780920118826
24589088989
241966380187
1780920119826
24622732727
242012031005
1780920120827
24656262268
242057923950
1780920121827
24689601379
242103291381
1780920122828
24723002502
242148947509
1780920123828
24756476928
242194858398
1780920124828
24790024841
242240387145
1780920125829
24823593139
242286586975
1780920126829
24857070495
242331556274
1780920127830
24890493041
242376224609
1780920128831
24923987731
242421224060
1780920129831
24957265441
242465610961
1780920130832
24990680297
242510073120
1780920131832
25024322143
242557056640
1780920132833
25057898620
242603382812
1780920133833
25091482727
242649714843
1780920134834
25125059448
242695348022
1780920135834
25158726562
242740610961
1780920136835
25192243835
242786514953
1780920137835
25225931640
242832803344
1780920138836
25259507934
242882017395
1780920139836
25292966735
242928705261
1780920140837
25326505981
242975279418
1780920141837
25360126953
243021081970
1780920142838
25393572204
243066134155
1780920143839
25427278320
243111969360
1780920144839
25451598266
243156315673
1780920145840
25476450927
243200563354
1780920146840
25500597961
243245101989
1780920147841
25524724548
243289672058
1780920148841
25549937927
243334064636
1780920149842
25583656372
243380157958
1780920150842
25617259582
243425738891
1780920151843
25650942749
243470860412
1780920152844
25684608398
243516211975
1780920153844
25718334655
243561937500
1780920154845
25751991577
243607263549
1780920155845
25785706176
243653249206
1780920156846
25819357666
243698993957
1780920157846
25852949218
243744495361
1780920158847
25886634704
243790631347
1780920159847
25920205139
243836122985
1780920160848
25953784667
243881649536
1780920161848
25982481323
243926753051
1780920162849
26008024963
243971151184
1780920163849
26033242126
244015927001
1780920164850
26056974975
244051443847
1780920165850
26078465759
244083747985
1780920166851
26106249389
244127038330
1780920167852
26139840698
244172888732
1780920168853
26172869934
244218414916
1780920169853
26205706237
244263368347
1780920170854
26238892089
244309097229
1780920171854
26272470886
244354086914
1780920172855
26304954040
244398119140
1780920173855
26338151184
244443285644
1780920174856
26371332946
244488495910
1780920175856
26403843688
244533594665
1780920176857
26435980285
244578760864
1780920177858
26467883239
244623906066
1780920178858
26499848083
244669238464
1780920179859
26526678710
244707112792
1780920180860
26548279418
244739325134
1780920181861
26569044311
244768396484
1780920182862
26601138305
244808805725
1780920183862
26634866882
244852870056
1780920184863
26668479614
244898141967
1780920185863
26702261230
244944183471
1780920186864
26735896362
244989807556
1780920187864
26769528747
245036013183
1780920188865
26803253906
245082510375
1780920189865
26836853149
245128726135
1780920190866
26870399353
245174850646
1780920191866
26903770874
245221450500
1780920192867
26937294860
245268144104
1780920193868
26970788879
245315264404
1780920194868
27004385192
245362262695
1780920195868
27037962829
245408964355
1780920196869
27071435729
245456714477
1780920197870
27104978698
245504592407
1780920198870
27137992187
245549774902
1780920199871
27171434936
245594614196
1780920200871
27205000854
245639512390
1780920201872
27238453796
245684118835
1780920202872
27271961364
245729551330
1780920203873
27305639648
245775759948
1780920204873
27339271301
245821646789
1780920205874
27372826538
245867197937
1780920206875
27406553161
245913130676
1780920207875
27440168518
245958824279
1780920208876
27473846679
246004365661
1780920209876
27507537414
246050499938
1780920210877
27541125122
246095828979
1780920211877
27574661071
246140863220
1780920212878
27608160705
246186578674
1780920213878
27641511047
246231994079
1780920214879
27671654479
246276700439
1780920215879
27698182800
246321375305
1780920216880
27724166992
246366213256
1780920217880
27750750793
246410604431
1780920218881
27777494323
246455592407
1780920219882
27809354919
246500544128
1780920220882
27842885986
246546176757
1780920221883
27876407226
246591937072
1780920222883
27909868713
246637443908
1780920223883
27945201416
246685623718
1780920224884
27979531066
246735256347
1780920225884
28013497802
246783890563
1780920226885
28047095886
246831442993
1780920227886
28081314270
246880202087
1780920228886
28115651000
246929726379
1780920229886
28150168151
246980517639
1780920230887
28184862365
247028920349
1780920231887
28219514709
247077500244
1780920232888
28252877014
247124560180
1780920233889
28284782531
247172178039
1780920234889
28316700744
247219587524
1780920235890
28350370788
247266765991
1780920236890
28383944885
247313016967
1780920237891
28417591735
247359366394
1780920238892
28451284179
247406478576
1780920239892
28484985839
247453820556
1780920240893
28518556701
247501296997
1780920241893
28552202087
247548215942
1780920242894
28586291870
247596753234
1780920243895
28620674194
247646827087
1780920244895
28654216003
247695214965
1780920245896
28688297729
247744186889
1780920246896
28722475158
247793872985
1780920247897
28756351257
247841296020
1780920248898
28790419433
247888303283
1780920249898
28824523925
247934950866
1780920250899
28858230651
247981535644
1780920251899
28891814636
248030133850
1780920252900
28925192321
248077058227
1780920253900
28958737670
248126199768
1780920254901
28992302368
248173650207
1780920255902
29025723266
248220510192
1780920256902
29059519409
248269959411
1780920257903
29093260375
248318258300
1780920258903
29127213378
248366237365
1780920259904
29161013732
248413051330
1780920260904
29194898498
248460273315
1780920261905
29228429260
248507288940
1780920262906
29262351013
248554384094
1780920263906
29296245605
248601507324
1780920264907
29330002197
248648208374
1780920265907
29363666687
248694874938
1780920266908
29397851013
248743492675
1780920267908
29431473693
248792207641
1780920268909
29465297546
248839947509
1780920269909
29499052856
248886955627
1780920270910
29532917358
248933555297
1780920271910
29566636779
248979580261
1780920272911
29600208190
249026207336
1780920273911
29633971496
249072481689
1780920274912
29667488830
249117936523
1780920275912
29701168884
249164161071
1780920276913
29734713806
249209586425
1780920277914
29768375854
249255059448
1780920278914
29802108154
249300957641
1780920279915
29835886962
249346086242
1780920280915
29869783081
249391980773
1780920281916
29903616455
249438943420
1780920282916
29937286437
249485014892
1780920283917
29971048034
249530996459
1780920284917
30004716369
249576781616
1780920285918
30038340209
249622696166
1780920286918
30072100769
249668623840
1780920287919
30105882629
249714725463
1780920288919
30139541931
249761297912
1780920289920
30172953552
249809274963
1780920290920
30206592773
249855508911
1780920291921
30240094482
249902240356
1780920292921
30273570190
249950838745
1780920293922
30307151550
249999322753
1780920294922
30340635192
250045691162
1780920295923
30374248962
250092524658
1780920296923
30408026306
250139446777
1780920297924
30441905273
250186491271
1780920298924
30475719238
250234177307
1780920299925
30509481994
250280611145
1780920300925
30543137207
250327842163
1780920301926
30576646301
250373872680
1780920302926
30610838500
250422049194
1780920303927
30644524047
250469036010
1780920304928
30673867858
250515528991
1780920305928
30700378173
250562301696
1780920306929
30724669128
250608897277
1780920307929
30753236022
250655300903
1780920308930
30783425048
250702415039
1780920309930
30812822814
250748598022
1780920310931
30846774719
250795536865
1780920311931
30880619934
250843176208
1780920312932
30914359008
250889318298
1780920313932
30948139404
250936789001
1780920314933
30981994689
250983268676
1780920315933
31015716491
251029943359
1780920316934
31049458312
251076456604
1780920317934
31083313537
251123411926
1780920318935
31116990600
251171381469
1780920319935
31150562133
251218650756
1780920320936
31184293518
251266436645
1780920321936
31215003845
251313422363
1780920322937
31241693298
251359861022
1780920323937
31269524291
251407031982
1780920324938
31303202331
251454075073
1780920325938
31336947509
251502575256
1780920326939
31370797668
251549726623
1780920327940
31404466125
251597531494
1780920328940
31438949584
251647603332
1780920329940
31472425476
251696131591
1780920330975
31505914550
251743604492
1780920331975
31539334594
251790750061
1780920332976
31573015258
251840124084
1780920333976
31606503540
251887628112
1780920334977
31639988220
251933610961
1780920335977
31673994201
251980777404
1780920336978
31707559143
252026094421
1780920337978
31741269592
252071584411
1780920338979
31775002258
252117442199
1780920339979
31803376647
252163450012
1780920340980
31829661437
252209179321
1780920341980
31856363098
252255498535
1780920342981
31884762329
252301231628
1780920343981
31913809448
252348449401
1780920344982
31944788024
252395137084
1780920345982
31977966003
252442717895
1780920346983
32011433288
252490586608
1780920347983
32044878356
252537893737
1780920348984
32078417236
252585990356
1780920349985
32111859313
252632969177
1780920350985
32145379394
252681662231
1780920351985
32178726013
252729887268
1780920352986
32212207946
252777558471
1780920353986
32245930236
252827643066
1780920354987
32279402404
252877980590
1780920355987
32312834106
252926026611
1780920356988
32346259704
252974450622
1780920357988
32379784729
253023757812
1780920358989
32413302124
253071156860
1780920359989
32442822082
253118844604
1780920360990
32468779052
253166993530
1780920361990
32492907897
253213228576
1780920362991
32526804199
253262097045
1780920363991
32560164489
253310470458
1780920364992
32593503051
253358922912
1780920365992
32626934753
253409067016
1780920366993
32660376525
253456552429
1780920367993
32693767211
253505487487
1780920368994
32727242919
253554223999
1780920369994
32760812561
253602759521
1780920370995
32794406188
253651497131
1780920371995
32827999694
253701124023
1780920372996
32861369262
253749434204
1780920373996
32894933105
253798023803
1780920374997
32926503173
253846537658
1780920375998
32952611511
253895242553
1780920376998
32976346618
253942313293
1780920377999
33006244079
253990586975
1780920378999
33032525817
254038094787
1780920380000
33062085571
254085804138
1780920381000
33095433410
254134683715
1780920382001
33128778808
254183416992
1780920383001
33162180358
254232770751
1780920384002
33195721984
254280844482
1780920385002
33229216125
254329442687
1780920386003
33262674438
254376610229
1780920387003
33296345031
254426174987
1780920388004
33329660339
254474269897
1780920389004
33362886596
254521975280
1780920390005
33396183532
254569786193
1780920391005
33429691284
254616742614
1780920392006
33463121032
254663765991
1780920393007
33493210632
254710938415
1780920394007
33526570129
254759407165
1780920395008
33560112854
254807650268
1780920396008
33593784851
254854387329
1780920397009
33627234680
254901386047
1780920398009
33660733520
254948530761
1780920399010
33694424255
254995955627
1780920400010
33727830749
255043849975
1780920401011
33761248413
255090916870
1780920402012
33794751281
255138979614
1780920403012
33828266479
255185900146
1780920404013
33861887878
255234128662
1780920405013
33895340515
255282271057
1780920406015
33928831848
255332207092
1780920407015
33962270996
255379565124
1780920408016
33995809326
255427438842
1780920409016
34029164245
255474924865
1780920410017
34057601501
255521682189
1780920411017
34085807189
255568565551
1780920412018
34118326477
255615070312
1780920413019
34151664978
255662291503
1780920414019
34184133361
255709351440
1780920415020
34211836853
255755985229
1780920416021
34245057739
255803244140
1780920417021
34311052551
255900153320
1780920418022
34344308898
255947811157
1780920420038
34377535583
255995978454
1780920421039
34410868469
256043442443
1780920422039
34444140991
256091640014
1780920423040
34477937683
256141273864
1780920424040
34511699951
256188933776
1780920425041
34544980651
256236202514
1780920426041
34578367675
256284140625
1780920427041
34611281250
256331438415
1780920428042
34644823486
256378919128
1780920429042
34674938781
256425686218
1780920430043
34702332458
256471853820
1780920431043
34735473876
256518317443
1780920432044
34768881408
256564979980
1780920433044
34802353942
256611586730
1780920434045
34835805175
256659377136
1780920435045
34869186401
256707050354
1780920436046
34902624877
256755372802
1780920437046
34935957946
256803086669
1780920438047
34973183410
256856842590
1780920439047
35006695312
256904359985
1780920440160
35040041320
256951926635
1780920441160
35073439208
256999840515
1780920442161
35106659362
257047426940
1780920443161
35139817871
257095531433
1780920444162
35173317382
257145261230
1780920445162
35206825927
257194968017
1780920446163
35240256286
257242503051
1780920447163
35273730468
257290322265
1780920448164
35307300048
257336651489
1780920449164
35340781372
257383434204
1780920450165
35374301879
257430237487
1780920451165
35407764343
257476648010
1780920452166
35441236145
257522837097
1780920453166
35474752563
257570611755
1780920454166
35508208312
257618083190
1780920455167
35541773010
257666070373
1780920456167
35575433837
257714149536
1780920457168
35608823913
257761510620
1780920458169
35645804138
257814932434
1780920459169
35679470275
257862834045
1780920460274
35713028198
257910513671
1780920461274
35746524597
257957875549
1780920462274
35780261108
258005661315
1780920463275
35813806274
258053036682
1780920464275
35847619140
258102702331
1780920465276
35880612731
258150393554
1780920466276
35905634643
258196656738
1780920467277
35934058776
258243216430
1780920468278
35967364135
258290014038
1780920469278
35992801879
258336646423
1780920470279
36022204772
258383381103
1780920471280
36055802856
258430953552
1780920472280
36089174011
258478053894
1780920473281
36122724121
258525295104
1780920474281
36156325317
258572919372
1780920475282
36189518432
258620053710
1780920476282
36222517395
258667625427
1780920477283
36256009887
258715230163
1780920478283
36289213623
258762620971
1780920479283
36322239257
258809755310
1780920480284
36355687988
258857365295
1780920481284
36389034606
258904529846
1780920482285
36422285461
258951447265
1780920483285
36454536743
258999737670
1780920484286
36479672607
259045864440
1780920485286
36509328247
259093110046
1780920486287
36536119262
259139611083
1780920487288
36564131347
259185949096
1780920488288
36594884277
259232606689
1780920489289
36628250427
259280327392
1780920490289
36661773803
259329049316
1780920491290
36695165588
259376580566
1780920492290
36728731506
259424281311
1780920493291
36762309814
259470998107
1780920494291
36795995910
259516678710
1780920495291
36829600830
259562809204
1780920496292
36863144653
259608525817
1780920497292
36896671325
259654440429
1780920498293
36930414489
259700753540
1780920499293
36964005371
259746526977
1780920500294
36997701354
259793886108
1780920501294
37027504577
259839331848
1780920502295
37053968261
259884222961
1780920503296
37084053955
259929133850
1780920504296
37108193725
259974199829
1780920505297
37134138122
260018979614
1780920506298
37166068298
260064477905
1780920507298
37199543090
260110689453
1780920508299
37233135498
260156428955
1780920509299
37266678710
260202245483
1780920510300
37300168762
260248808898
1780920511300
37333766662
260294300903
1780920512301
37367120422
260339956054
1780920513301
37400487609
260386438110
1780920514302
37433974548
260431913940
1780920515302
37467363586
260477815673
1780920516302
37500966186
260524401611
1780920517303
37534541748
260572359313
1780920518304
37568239440
260618272216
1780920519304
37596671997
260663449462
1780920520305
37620376403
260708112304
1780920521306
37646499328
260753121704
1780920522306
37678170410
260798701599
1780920523307
37710072204
260844303039
1780920524307
37743438171
260890713134
1780920525308
37776637878
260937402099
1780920526308
37809753845
260983735595
1780920527309
37843131042
261030428833
1780920528309
37876418457
261077327270
1780920529310
37909607238
261125534973
1780920530310
37942719299
261172031982
1780920531311
37975942199
261219113342
1780920532311
38008997497
261265039245
1780920533312
38042206420
261310867065
1780920534312
38075621093
261357384521
1780920535313
38109043457
261403388671
1780920536313
38136026245
261448726501
1780920537313
38168474426
261494550415
1780920538314
38201783752
261539667236
1780920539315
38234994140
261584848876
1780920540315
38268292724
261630296630
1780920541316
38301410827
261675860961
1780920542316
38364765869
261764725952
1780920543317
38397769958
261810875183
1780920545214
38430700012
261856660644
1780920546215
38463648132
261903107910
1780920547215
38496667602
261949490478
1780920548215
38529547058
261995434936
1780920549216
38562590759
262042004333
1780920550216
38595508300
262088028015
1780920551217
38628368774
262134084289
1780920552217
38661486755
37184875
1780920553218
38694257568
83996459
1780920554218
38725738037
129794982
1780920555219
38755035034
175069396
1780920556219
38788145263
219997497
1780920557220
38813143981
265040771
1780920558220
38842400695
310191833
1780920559221
38870006530
355354553
1780920560221
38903244750
403900085
1780920561222
38936796264
454112243
1780920562222
38970661865
502354797
1780920563223
39005823913
551123596
1780920564223
39039915222
598380798
1780920565224
39108948242
688733459
1780920566224
39164064941
765084533
1780920569184
39196897644
811169128
1780920570185
39230346801
859905639
1780920571185
39263559814
907756469
1780920572186
39296867553
953472229
1780920573186
39330128356
999588623
1780920574187
39363478820
1045244201
1780920575187
39386059143
1089775756
1780920576188
39413612487
1134748107
1780920577188
39439852844
1179375427
1780920578189
39467096252
1224808166
1780920579190
39500545654
1271986816
1780920580191
39533935302
1321018981
1780920581191
39566860656
1366576782
1780920582192
39600246337
1412731628
1780920583192
39633632934
1458473388
1780920584193
39667164855
1504299621
1780920585193
39700591857
1550290405
1780920586194
39734011352
1595444335
1780920587194
39767470703
1641142395
1780920588195
39800899414
1686996215
1780920589195
39834149353
1732143127
1780920590196
39867351867
1777308959
1780920591196
39900526245
1823182006
1780920592197
39927964904
1867818786
1780920593198
39949469970
1912151977
1780920594198
39979787780
1958510986
1780920595199
40002965881
2003478271
1780920596199
40027572998
2047893615
1780920597200
40056761535
2094556030
1780920598201
40089954956
2139974914
1780920599201
40123275939
2185461791
1780920600202
40156790039
2231287780
1780920601202
40190269714
2276907043
1780920602203
40223899658
2322512634
1780920603203
40257869079
2370455505
1780920604204
40291138183
2416248291
1780920605205
40324303833
2461749328
1780920606205
40357863708
2507515197
1780920607206
40391355529
2553154541
1780920608206
40424851318
2600969421
1780920609207
40456710327
2646986572
1780920610207
40479197875
2692751525
1780920611208
40502881164
2737144958
1780920612208
40532347229
2781902038
1780920613209
40554963012
2826189880
1780920614209
40582918762
2871075500
1780920615210
40615892150
2917065673
1780920616210
40649004760
2962485351
1780920617211
40682069335
3008653625
1780920618211
40715139221
3055531433
1780920619212
40748174011
3101279174
1780920620212
40781262634
3146642517
1780920621213
40814524902
3192258300
1780920622214
40847639587
3237686950
1780920623214
40880564514
3283072326
1780920624215
40914076843
3329643310
1780920625215
40947356933
3375599182
1780920626216
40980650390
3422068420
1780920627216
41011256774
3467273437
1780920628217
41037491149
3511777038
1780920629218
41068471496
3557966186
1780920630218
41097133422
3602868652
1780920631218
41122879943
3647550170
1780920632219
41154723266
3693486938
1780920633220
41188110961
3739732666
1780920634220
41221401855
3785917907
1780920635221
41254662963
3831160766
1780920636221
41288299316
3877352416
1780920637222
41321780578
3923147399
1780920638222
41355068725
3969525573
1780920639223
41388458984
4016010131
1780920640224
41422004821
4063432312
1780920641224
41455499450
4108496765
1780920642225
41489014160
4154585205
1780920643225
41522147949
4200121520
1780920644226
41554649169
4246355773
1780920645226
41580965637
4291206848
1780920646227
41606834289
4335770507
1780920647227
41632673034
4380612304
1780920648228
41662413085
4425587158
1780920649229
41689507019
4470344665
1780920650229
41723078918
4516324035
1780920651230
41756680053
4561979309
1780920652230
41790074951
4607406982
1780920653231
41823420349
4652974060
1780920654232
41857100708
4699452880
1780920655232
41890557250
4744054565
1780920656233
41924087585
4789359375
1780920657233
41957518249
4835828063
1780920658234
41990860351
4881378723
1780920659234
42024403686
4926664794
1780920660235
42060792053
4978384094
1780920661236
42094333129
5023465332
1780920662322
42118747131
5068191894
1780920663322
42143364135
5113961059
1780920664323
42168428466
5158753417
1780920665324
42193199707
5203510314
1780920666324
42218449279
5248777465
1780920667325
42251686218
5294971557
1780920668325
42285198669
5340742980
1780920669326
42318356506
5387116821
1780920670326
42351362731
5432596252
1780920671327
42384502380
5478997741
1780920672327
42417696655
5525037780
1780920673328
42450662048
5570600341
1780920674329
42484039184
5616014099
1780920675329
42517556823
5661981811
1780920676330
42551045959
5709532287
1780920677330
42584453979
5754587585
1780920678331
42617915222
5800577575
1780920679331
42647109252
5845763061
1780920680332
42669246459
5891065429
1780920681332
42696484741
5935960876
1780920682333
42719810974
5980430175
1780920683334
42742420776
6025105712
1780920684334
42774189575
6070384338
1780920685335
42807524047
6116485534
1780920686335
42840925842
6161379089
1780920687336
42874414733
6207163757
1780920688336
42907381713
6253030395
1780920689337
42940432678
6298343872
1780920690337
42973522338
6344273010
1780920691338
43006663818
6389701416
1780920692339
43040269287
6436415710
1780920693339
43073708801
6482436096
1780920694340
43107110107
6527651000
1780920695340
43140516784
6572914001
1780920696341
43172295898
6618783691
1780920697341
43198599914
6663877014
1780920698342
43222333618
6708210388
1780920699343
43250836059
6753129760
1780920700343
43273279357
6798781005
1780920701344
43301908264
6843414245
1780920702344
43335481018
6888484680
1780920703345
43368878662
6933587585
1780920704345
43402187866
6980340698
1780920705346
43435604858
7027826721
1780920706346
43468719299
7074739257
1780920707347
43502223937
7124421447
1780920708347
43535640441
7171081420
1780920709348
43568811462
7217450378
1780920710348
43601945129
7263611755
1780920711349
43635135559
7310993896
1780920712349
43668065002
7357283569
1780920713350
43698371765
7403629394
1780920714350
43726949951
7449343383
1780920715351
43750035766
7494836303
1780920716351
43774539550
7540032043
1780920717352
43804319396
7586120056
1780920718353
43831996643
7631558837
1780920719353
43865551635
7678123840
1780920720354
43899056274
7724634155
1780920721354
43932633300
7770875000
1780920722355
43966119812
7818209289
1780920723355
43999737854
7865854187
1780920724356
44033011596
7912484924
1780920725356
44066139160
7958610473
1780920726357
44099466247
8005744567
1780920727357
44132602661
8052526306
1780920728358
44165849792
8098899780
1780920729358
44199483764
8145645568
1780920730359
44232936828
8191990112
1780920731359
44257255554
8237450500
1780920732360
44281561279
8282969665
1780920733360
44303851806
8328055908
1780920734361
44333030395
8373343444
1780920735361
44359144958
8418602661
1780920736362
44392770385
8464172363
1780920737362
44426210327
8510052001
1780920738363
44459791259
8556167968
1780920739363
44493457946
8602381347
1780920740364
44526888244
8648414733
1780920741365
44560588073
8694531250
1780920742365
44594031005
8740839172
1780920743366
44627587219
8787854492
1780920744366
44661374389
8837028869
1780920745366
44694943969
8887065673
1780920746367
44728413635
8936641052
1780920747368
44762138732
8986542114
1780920748368
44786497192
9035582031
1780920749369
44811254882
9084478576
1780920750369
44836806579
9133399963
1780920751370
44862258972
9179001159
1780920752371
44883849121
9223723205
1780920753371
44914442016
9268983581
1780920754372
44948224487
9314234313
1780920755372
44981869445
9359292785
1780920756373
45015691650
9405622619
1780920757373
45049230468
9451380615
1780920758374
45100571777
9521154357
1780920759374
45134212951
9566020446
1780920760897
45261432312
9734979980
1780920761897
45295319030
9781495239
1780920766067
45329005981
9827686462
1780920767068
45362756286
9872663146
1780920768068
45396661071
9917795532
1780920769069
45423722656
9962394531
1780920770070
45446932434
10006649230
1780920771070
45469500549
10051125976
1780920772071
45495093811
10095367248
1780920773071
45518123596
10139933776
1780920774072
45549845703
10185525451
1780920775073
45583627380
10233379333
1780920776074
45617485534
10295426818
1780920777074
45651514526
10358420410
1780920778075
45685637878
10425140075
1780920779075
45719870544
10492197631
1780920780076
45754854248
10559366516
1780920781076
45789926147
10629882019
1780920782077
45825023742
10699292602
1780920783078
45860438781
10767501037
1780920784078
45896446105
10835843322
1780920785079
45932329895
10905736572
1780920786080
45968270324
10974594848
1780920787080
46004118164
11046848083
1780920788081
46039564758
11118138793
1780920789082
46074993164
11184211791
1780920790083
46109853393
11249237243
1780920791083
46144802246
11316809631
1780920792084
46179915893
11388282165
1780920793085
46215435424
11463001342
1780920794086
46251106140
11534718750
1780920795086
46286657470
11604165161
1780920796087
46321888854
11679539794
1780920797087
46356837036
11755754577
1780920798088
46391464233
11826739074
1780920799089
46425805236
11895797119
1780920800089
46460717956
11968748840
1780920801090
46496025512
12042938598
1780920802091
46530277709
12116090576
1780920803091
46564470520
12185713623
1780920804092
46599996337
12258187805
1780920805092
46634817871
12331279479
1780920806093
46669403259
12402684387
1780920807094
46704497009
12467625305
1780920808094
46738752624
12525003601
1780920809094
46772718566
12581453308
1780920810095
46806632812
12633101806
1780920811095
46840325866
12680572998
1780920812096
46865990905
12726395385
1780920813097
46894592407
12773036865
1780920814097
46922486022
12817531066
1780920815098
46954153076
12861628479
1780920816099
46987909179
12906234558
1780920817099
47021600036
12950516540
1780920818100
47055347106
12994923278
1780920819100
47089154174
13039634765
1780920820100
47122825500
13084055175
1780920821101
47156444519
13128606140
1780920822101
47190418212
13174545776
1780920823102
47224111572
13218861999
1780920824102
47257967224
13263447204
1780920825103
47291670593
13308137023
1780920826103
47325309143
13352531921
1780920827104
47351859069
13396910034
1780920828105
47382457946
13441386291
1780920829105
47408250366
13485682189
1780920830106
47431389526
13529864013
1780920831107
47453835937
13574165344
1780920832108
47485243591
13618280456
1780920833108
47518957946
13662552856
1780920834109
47552859130
13708122375
1780920835109
47586533874
13752643981
1780920836110
47620193420
13796893249
1780920837110
47654032775
13841608886
1780920838111
47687896484
13887477111
1780920839111
47721500061
13932255249
1780920840112
47755256225
13977382995
1780920841112
47788884277
14022351623
1780920842113
47822511535
14067060058
1780920843113
47856267517
14111815124
1780920844113
47886119384
14156647583
1780920845114
47910257263
14200958679
1780920846115
47938752563
14245657165
1780920847116
47962888793
14289789367
1780920848117
47986827880
14333930664
1780920849117
48014893127
14378670288
1780920850118
48048744934
14423521667
1780920851118
48082435791
14467777221
1780920852119
48116101806
14512452758
1780920853119
48149525634
14557388000
1780920854119
48183287841
14602460510
1780920855120
48217015991
14648316955
1780920856120
48250690307
14692954528
1780920857121
48284416137
14738055541
1780920858121
48318375549
14783001342
1780920859122
48352097656
14827517211
1780920860122
48385803344
14872252258
1780920861123
48418368164
14917136108
1780920862123
48441344360
14961372070
1780920863124
48464153930
15005573669
1780920864124
48491618225
15051392578
1780920865125
48516351074
15096000427
1780920866126
48546297302
15140343994
1780920867126
48601651306
15216435302
1780920868127
48653938537
15289257324
1780920870351
48687652526
15335462829
1780920871351
48721081115
15380235534
1780920872352
48754680358
15424518615
1780920873352
48788344787
15469115295
1780920874353
48822072875
15513601440
1780920875353
48855773986
15558070068
1780920876354
48889632690
15603274902
1780920877354
48923316101
15648682006
1780920878355
48956977172
15694580871
1780920879355
48991193298
15760570190
1780920880356
49025506347
15827416503
1780920881357
49060305297
15902761474
1780920882357
49096441772
15973232910
1780920883358
49132911865
16037614135
1780920884359
49169545837
16105849975
1780920885359
49206188049
16174766540
1780920886360
49242580932
16245518188
1780920887361
49279180664
16312579956
1780920888361
49315997680
16383097473
1780920889362
49352942443
16455792907
1780920890363
49389655395
16524337646
1780920891364
49426432434
16590111755
1780920892364
49463324096
16657839660
1780920893365
49516239074
16758326232
1780920894366
49553379028
16826591918
1780920895814
49591959777
16890634582
1780920896815
49630362243
16956363647
1780920897816
49668239074
17020441101
1780920898816
49707699584
17083618774
1780920899817
49746476989
17146008117
1780920900818
49784443115
17206517517
1780920901818
49822232238
17270198608
1780920902819
49859594848
17333457641
1780920903820
49897513061
17398941345
1780920904820
49934579956
17464455993
1780920905821
49971947570
17528896667
1780920906822
50010127746
17594233520
1780920907823
50047726074
17659339233
1780920908823
50084829650
17725361206
1780920909824
50121428100
17787258728
1780920910825
50156860168
17845809570
1780920911825
50192105285
17902091064
1780920912826
50226412475
17955242248
1780920913826
50260637390
18004589538
1780920914827
50295052246
18051258666
1780920915828
50328947753
18097928588
1780920916828
50362373535
18144352416
1780920917829
50396501403
18192567199
1780920918829
50430185241
18237838134
1780920919830
50463027526
18282072448
1780920920830
50491478393
18326736328
1780920921831
50518325927
18371066833
1780920922831
50549370239
18416342712
1780920923832
50580878295
18461609252
1780920924832
50611647705
18506863098
1780920925833
50645597167
18553513061
1780920926833
50680083374
18599724731
1780920927834
50713590820
18644711669
1780920928835
50746981323
18689736450
1780920929835
50780716369
18736854858
1780920930836
50814272888
18781971679
1780920931836
50847802307
18826267700
1780920932837
50881541015
18870900268
1780920933837
50915096191
18915965332
1780920934838
50948709655
18960883544
1780920935838
50982267089
19006362854
1780920936839
51015563598
19051583496
1780920937840
51041796203
19096178649
1780920938840
51070409118
19141437683
1780920939841
51096173095
19185657958
1780920940841
51122026794
19229899597
1780920941842
51145856628
19274284301
1780920942843
51178627441
19318608642
1780920943843
51212199523
19363098754
1780920944844
51245628662
19407662719
1780920945844
51279146301
19452151550
1780920946845
51312539123
19496383605
1780920947845
51346209777
19541098327
1780920948846
51379485900
19585685974
1780920949846
51431161743
19656825927
1780920950847
51474154602
19715302612
1780920952693
51507382568
19760028259
1780920953694
51540911499
19805149414
1780920954694
51573592224
19850217102
1780920955695
51602700073
19895957458
1780920956696
51631134033
19940487121
1780920957696
51660909179
19984956359
1780920958696
51687189025
20029179809
1780920959697
51712809936
20073428466
1780920960698
51746465270
20118082214
1780920961698
51780374389
20162634826
1780920962699
51814044982
20206994934
1780920963699
51847735900
20251915649
1780920964700
51916624938
20338837829
1780920965700
51975691528
20410438903
1780920968780
52009312255
20455362548
1780920969781
52042899902
20500613403
1780920970781
52076420227
20545545043
1780920971782
52110132568
20590696594
1780920972782
52144212524
20635605285
1780920973783
52177850341
20680163146
1780920974783
52207806030
20724922241
1780920975784
52235801513
20769416503
1780920976784
52263206726
20813833862
1780920977785
52292724487
20859713378
1780920978785
52329541381
20907934692
1780920979786
52366421691
20956316833
1780920980787
52403911560
21005228759
1780920981787
52442405822
21054965332
1780920982788
52481772399
21104799682
1780920983789
52519250976
21156889465
1780920984789
52555756958
21210352172
1780920985790
52591871582
21263199401
1780920986790
52628205566
21315366088
1780920987791
52665190856
21367311340
1780920988792
52702031738
21418552062
1780920989792
52739521057
21473253784
1780920990793
52776538024
21525002807
1780920991794
52813879760
21576066223
1780920992795
52851547973
21626455322
1780920993795
52888377990
21677048095
1780920994796
52925153503
21726961975
1780920995797
52961351745
21777644226
1780920996797
52998056762
21827685913
1780920997798
53034527832
21876974487
1780920998799
53070532592
21926285034
1780920999799
53105615417
21973679199
1780921000800
53140448303
22019930114
1780921001800
53175120178
22067385375
1780921002801
53208674072
22112843200
1780921003801
53242954895
22159351379
1780921004802
53276644470
22205874328
1780921005802
53309953063
22251293212
1780921006803
53343274902
22296190307
1780921007803
53376587585
22342012756
1780921008804
53410116394
22387466552
1780921009804
53443190734
22432487365
1780921010805
53476213500
22477770690
1780921011805
53508997314
22522927978
1780921012806
53542133300
22567584777
1780921013807
53575288085
22612275329
1780921014807
53608436828
22656700378
1780921015807
53641409851
22700983276
1780921016808
53674620910
22745328308
1780921017808
53707860839
22789574035
1780921018809
53740903808
22834609130
1780921019809
53773858886
22879964172
1780921020810
53806893432
22924869079
1780921021810
53839904968
22969648803
1780921022811
53873615722
23015239990
1780921023811
53906864807
23060426879
1780921024812
53939904724
23105408203
1780921025812
53973104919
23151007873
1780921026813
54006006713
23196108154
1780921027813
54039165161
23241160644
1780921028814
54072518127
23286584960
1780921029814
54105938110
23331903503
1780921030815
54139093200
23376865173
1780921031815
54172146606
23421201660
1780921032816
54205504455
23465287048
1780921033816
54239013000
23509564392
1780921034817
54272448364
23553889282
1780921035817
54306015686
23598368225
1780921036818
54339613586
23643295227
1780921037818
54373111145
23688844909
1780921038819
54406608581
23732353271
1780921039819
54440109375
23777398986
1780921040820
54473666015
23822946838
1780921041820
54507014709
23867935363
1780921042821
54540648437
23912571350
1780921043821
54574705261
23957233215
1780921044821
54608357666
24001535217
1780921045822
54642012695
24045975341
1780921046822
54675505065
24090696228
1780921047823
54709190734
24135033020
1780921048823
54732645080
24179353515
1780921049824
54757248718
24223867370
1780921050824
54790062377
24268126342
1780921051824
54820575622
24312505126
1780921052825
54857305419
24367112548
1780921053826
54895482666
24432040161
1780921054827
54934952636
24496980407
1780921055827
54974060363
24557788940
1780921056828
55013805053
24622018066
1780921057829
55054236694
24684537841
1780921058829
55093091003
24747920104
1780921059830
55132767211
24814093383
1780921060831
55171799316
24878280822
1780921061832
55211001281
24944797058
1780921062832
55250994812
25009399597
1780921063833
55290623413
25073730529
1780921064834
55330137390
25138725097
1780921065835
55369742553
25204020690
1780921066835
55409714294
25270462768
1780921067836
55449055786
25336170410
1780921068837
55487816101
25403970703
1780921069837
55526486450
25466182983
1780921070838
55565427917
25529172668
1780921071839
55604345092
25589716735
1780921072839
55643390136
25653469116
1780921073840
55683075317
25717095336
1780921074841
55721788391
25782012878
1780921075842
55761407104
25848696655
1780921076842
55800484985
25908840209
1780921077843
55839885864
25970613525
1780921078844
55879701110
26032257812
1780921079845
55918948547
26095206359
1780921080845
55958510986
26158602416
1780921081846
55997677917
26221553039
1780921082847
56036839843
26279708374
1780921083847
56075148254
26334628967
1780921084848
56112105773
26387792053
1780921085849
56147351562
26438296997
1780921086849
56181745849
26485650634
1780921087850
56215398864
26530815429
1780921088850
56248966979
26575704101
1780921089851
56277409179
26620283813
1780921090851
56311532531
26665989074
1780921091852
56344915954
26710583679
1780921092853
56377580932
26754520751
1780921093853
56410290649
26798561523
1780921094854
56443529418
26843376159
1780921095854
56476603271
26888628601
1780921096855
56509666992
26933285034
1780921097855
56542869995
26978009277
1780921098856
56576091613
27022898193
1780921099856
56609043762
27067630676
1780921100856
56642280456
27113472778
1780921101857
56674949218
27158258300
1780921102857
56707781982
27202905883
1780921103858
56740736511
27248106384
1780921104858
56773498535
27292968505
1780921105859
56806396911
27338417419
1780921106859
56839283874
27382974975
1780921107860
56871766235
27427183227
1780921108860
56904386657
27471325500
1780921109861
56937364624
27515473205
1780921110861
56970348693
27559838256
1780921111862
57003061767
27604127563
1780921112863
57036271667
27648905456
1780921113863
57069231506
27694128051
1780921114864
57102071655
27738705932
1780921115864
57135397949
27783519592
1780921116865
57168420349
27828259216
1780921117865
57201186523
27873470336
1780921118866
57234238830
27918825195
1780921119866
57267206298
27963629577
1780921120866
57300521057
28008289001
1780921121867
57333764221
28051595947
1780921122867
57366833129
28096492065
1780921123868
57399537475
28141514465
1780921124868
57432566711
28185948486
1780921125869
57465168884
28230225646
1780921126869
57497937744
28274439025
1780921127870
57531048950
28318917724
1780921128871
57563978332
28363241821
1780921129871
57597163757
28407795349
1780921130872
57630716979
28452717407
1780921131872
57663861816
28497150024
1780921132873
57697013366
28541655639
1780921133873
57730484313
28586597473
1780921134874
57763437438
28631299804
1780921135874
57796431030
28676214599
1780921136875
57829756591
28722281616
1780921137875
57863014343
28767323303
1780921138876
57895889221
28812099914
1780921139876
57928835754
28857803833
1780921140877
57961879211
28902901367
1780921141877
57990144042
28946962768
1780921142878
58018562316
28989926086
1780921143878
58042271179
29034277160
1780921144879
58063870117
29078447692
1780921145879
58090057312
29122915893
1780921146880
58115807312
29167028259
1780921147881
58149293762
29211712463
1780921148881
58182864868
29256377197
1780921149882
58217987670
29301545776
1780921150882
58251402038
29349698303
1780921151883
58284652099
29395392456
1780921152883
58317992492
29441192626
1780921153884
58351507995
29486619506
1780921154884
58385972473
29531922668
1780921155885
58420711730
29577464172
1780921156885
58454624206
29622294738
1780921157886
58488771240
29667574523
1780921158886
58522381713
29712460510
1780921159887
58555307617
29757019775
1780921160888
58588602172
29801797485
1780921161888
58621830383
29846569091
1780921162889
58656908691
29892191406
1780921163889
58703041442
29953266601
1780921165283
58736660461
29997759826
1780921166284
58770108520
30042268432
1780921167284
58803880371
30087221008
1780921168285
58837265014
30131539611
1780921169285
58870670959
30175961120
1780921170286
58904447387
30220604736
1780921171286
58937710998
30264857238
1780921172287
58971211730
30309142089
1780921173287
59004889282
30353682739
1780921174288
59038536376
30398305358
1780921175288
59072102111
30442737976
1780921176289
59105705810
30487402709
1780921177289
59139064880
30531813598
1780921178290
59169816101
30575970031
1780921179290
59196745178
30620419189
1780921180291
59229427185
30664808959
1780921181291
59263951110
30710502807
1780921182292
59298074462
30757022399
1780921183293
59332065856
30802590209
1780921184293
59366001525
30849953186
1780921185294
59399633483
30896736389
1780921186294
59433024841
30943160949
1780921187295
59466590942
30987761718
1780921188295
59500548889
31030702758
1780921189296
59534034851
31075224182
1780921190296
59567234252
31119542602
1780921191297
59600675781
31164051696
1780921192297
59633826416
31208235534
1780921193298
59664479858
31252578063
1780921194298
59694533081
31297345092
1780921195299
59723537353
31341921264
1780921196300
59757016235
31386164001
1780921197301
59791650268
31430680236
1780921198301
59824081604
31475058715
1780921199302
59858707824
31519835815
1780921200302
59892803955
31565239685
1780921201303
59926130676
31610374206
1780921202303
59957502624
31654254516
1780921203304
59989754577
31697338500
1780921204305
60022669738
31741498413
1780921205305
60056186523
31785771545
1780921206306
60090010620
31830583862
1780921207306
60123192932
31874878662
1780921208307
60156157897
31919410522
1780921209307
60189695800
31964310485
1780921210308
60223231506
32009456420
1780921211309
60248488464
32050988891
1780921212309
60268586181
32080075256
1780921213310
60283778564
32106100280
1780921214311
60302349365
32132802490
1780921215312
60323960693
32162201599
1780921216314
60357608947
32206888732
1780921217314
60390857482
32251541381
1780921218315
60425120849
32296453796
1780921219315
60458646667
32341276794
1780921220316
60492028930
32386115600
1780921221316
60525626953
32431950378
1780921222317
60559019531
32476750854
1780921223317
60592716857
32523060363
1780921224318
60626329040
32570533935
1780921225319
60660186401
32618513000
1780921226319
60693801330
32665945617
1780921227320
60727791564
32715820861
1780921228320
60762196594
32764138549
1780921229321
60795719787
32811125427
1780921230321
60829923706
32862457275
1780921231322
60864240905
32910779052
1780921232322
60897656677
32955509887
1780921233323
60931514099
33000023254
1780921234323
60965049255
33044286315
1780921235324
60998525817
33088416442
1780921236325
61032269226
33133029968
1780921237325
61065755554
33177160461
1780921238326
61099227294
33221388305
1780921239326
61132859802
33266153625
1780921240326
61166617492
33311017761
1780921241327
61200128601
33356672058
1780921242327
61233888122
33403796142
1780921243328
61267027770
33453980712
1780921244328
61299943359
33502394409
1780921245329
61332864807
33549766418
1780921246330
61365725952
33597696533
1780921247330
61398749694
33646442016
1780921248331
61432090393
33693632507
1780921249332
61465410278
33742949279
1780921250332
61498651916
33789762878
1780921251333
61531842651
33836788757
1780921252333
61565005065
33884419738
1780921253334
61597942993
33931475158
1780921254334
61631310241
33979594116
1780921255335
61664061340
34026367736
1780921256335
61697152038
34074481628
1780921257336
61730368469
34122594360
1780921258336
61763385986
34172244873
1780921259337
61799805053
34224861267
1780921260337
61833052917
34273479736
1780921261435
61865952819
34322494812
1780921262435
61898330261
34370230285
1780921263436
61928757629
34419172973
1780921264437
61953208251
34466760925
1780921265438
61976021606
34513140502
1780921266439
62006289978
34561172790
1780921267440
62035128173
34608269470
1780921268441
62068270080
34655765930
1780921269441
62101768066
34704196594
1780921270442
62134640441
34751222290
1780921271442
62167394714
34799116210
1780921272443
62200265380
34846371704
1780921273443
62233167846
34894193542
1780921274444
62266479003
34940928833
1780921275444
62300188293
34989819946
1780921276444
62334089599
35037787475
1780921277445
62367723571
35084150207
1780921278445
62401498535
35131915039
1780921279446
62434360473
35178338439
1780921280446
62462455017
35230559570
1780921281447
62488941650
35277249145
1780921282448
62514184143
35324928283
1780921283449
62535245361
35373428405
1780921284450
62568690612
35425704162
1780921285451
62601986511
35473746887
1780921286451
62635501586
35522809692
1780921287452
62669006225
35570794250
1780921288452
62702538513
35622270141
1780921289452
62736165588
35670878356
1780921290453
62769886657
35720083496
1780921291453
62803049987
35767586059
1780921292454
62836120422
35820260498
1780921293454
62869447509
35868690246
1780921294455
62902652770
35917432189
1780921295455
62935977722
35964292236
1780921296456
62969755065
36011227294
1780921297456
62995061889
36057151855
1780921298457
63018176635
36101720825
1780921299458
63044334777
36146634948
1780921300458
63065871215
36191076599
1780921301459
63091345825
36235497253
1780921302460
63123830139
36280492370
1780921303461
63157699401
36325293762
1780921304462
63191442749
36372114562
1780921305462
63225183044
36418620300
1780921306463
63258933044
36465136840
1780921307463
63292743041
36511318237
1780921308464
63327642333
36557522888
1780921309464
63361786010
36603853820
1780921310465
63395506530
36651467163
1780921311465
63429185974
36698694641
1780921312465
63462638000
36745233276
1780921313466
63496972778
36790962585
1780921314467
63531182861
36837069641
1780921315467
63564432739
36884893554
1780921316468
63598289062
36931109680
1780921317468
63631941406
36977258850
1780921318469
63665919921
37023104675
1780921319469
63700812133
37069161804
1780921320470
63736031677
37118274047
1780921321470
63770737426
37165236267
1780921322471
63804260925
37211701416
1780921323471
63838015808
37258292541
1780921324472
63872446899
37304000000
1780921325472
63906340698
37352172363
1780921326473
63939952819
37399022460
1780921327473
63973436340
37445488098
1780921328474
64006993957
37491693725
1780921329474
64041484985
37538161071
1780921330475
64075113403
37586244628
1780921331475
64108412353
37632669616
1780921332476
64141844299
37679097778
1780921333476
64175961791
37724571350
1780921334477
64210315734
37772060058
1780921335478
64243666137
37818420227
1780921336478
64277094116
37864749267
1780921337479
64310742126
37911061584
1780921338479
64344913757
37956979003
1780921339480
64378688415
38005246276
1780921340480
64412810119
38051669372
1780921341481
64447014038
38098345092
1780921342481
64480900268
38144446838
1780921343482
64515392883
38190258789
1780921344482
64549463623
38239142578
1780921345483
64582963500
38286223937
1780921346483
64616951477
38332843261
1780921347484
64652343566
38379665527
1780921348484
64688393371
38427294067
1780921349485
64722437927
38473353088
1780921350486
64757326782
38519673950
1780921351486
64791316955
38565670166
1780921352487
64826271972
38612774353
1780921353487
64860861022
38659040588
1780921354488
64894744445
38705705017
1780921355489
64928520385
38751992126
1780921356489
64963760253
38799888000
1780921357490
64997958190
38846454833
1780921358490
65031646179
38892846496
1780921359491
65065521240
38939671691
1780921360491
65099871093
38986650817
1780921361492
65133571838
39033035644
1780921362492
65167262268
39079851623
1780921363493
65200924377
39126383422
1780921364493
65235028259
39173987854
1780921365494
65269233764
39220960021
1780921366494
65302855285
39267025024
1780921367495
65336625671
39312933837
1780921368495
65370793273
39360051391
1780921369496
65404294067
39406103576
1780921370497
65437793457
39452004394
1780921371497
65472119934
39499486816
1780921372498
65508230590
39545769775
1780921373498
65542290710
39592251037
1780921374499
65577395690
39638787902
1780921375499
65612505737
39686344421
1780921376500
65648003173
39734534667
1780921377500
65683024597
39781512634
1780921378534
65718742736
39828774108
1780921379534
65752827880
39875378479
1780921380535
65786991455
39922018005
1780921381535
65822017028
39969351135
1780921382536
65856273315
40015787841
1780921383537
65890364196
40061989685
1780921384537
65924857971
40109035766
1780921385538
65950506835
40155169189
1780921386538
65978647949
40201353698
1780921387539
66003522521
40248384277
1780921388539
66031991027
40294332702
1780921389540
66065726928
40340923400
1780921390541
66099422424
40387943542
1780921391541
66132884399
40434047546
1780921392542
66166389465
40480408386
1780921393542
66200290649
40527680175
1780921394543
66233987121
40574587707
1780921395543
66268226928
40621308776
1780921396544
66303080688
40668791381
1780921397544
66338026489
40714931030
1780921398545
66372763488
40761857299
1780921399545
66407215576
40809477905
1780921400546
66432922790
40855169677
1780921401546
66463028198
40900914978
1780921402547
66486581726
40948103088
1780921403548
66508950073
40994001037
1780921404548
66533173583
41041533508
1780921405549
66562194702
41087490112
1780921406550
66595991333
41133517944
1780921407550
66630064147
41181332275
1780921408551
66663893676
41227822753
1780921409551
66702064514
41276362060
1780921410552
66741009948
41324289428
1780921411552
66779658508
41372128356
1780921412552
66818196777
41421512084
1780921413553
66856798645
41470370239
1780921414553
66895755371
41520611633
1780921415554
66934998901
41569791076
1780921416555
66973755432
41620295043
1780921417555
67012537231
41669541381
1780921418556
67051205932
41717893554
1780921419556
67090326171
41767894836
1780921420557
67128572753
41816577758
1780921421557
67167478881
41866109008
1780921422558
67206167114
41915153625
1780921423559
67246579467
41965737548
1780921424559
67285732482
42015008483
1780921425560
67325244323
42065401489
1780921426561
67364411621
42114805175
1780921427561
67403874877
42164815979
1780921428562
67444128234
42214853149
1780921429562
67483701904
42264741699
1780921430563
67521625305
42313213317
1780921431563
67559118591
42362716796
1780921432564
67595536437
42410787902
1780921433565
67631608398
42459214294
1780921434565
67666786254
42506385498
1780921435566
67700687927
42553389160
1780921436567
67737453674
42600643432
1780921437567
67767268005
42647078674
1780921438568
67791286804
42693498291
1780921439568
67818322692
42740080566
1780921440569
67846167785
42786181091
1780921441569
67876861633
42832701477
1780921442570
67910386352
42879015441
1780921443570
67944152343
42925154113
1780921444571
67977742065
42971915405
1780921445571
68011550720
43018496887
1780921446572
68045452453
43065343872
1780921447572
68079218994
43111484619
1780921448573
68112922790
43158075866
1780921449573
68147066833
43205007629
1780921450574
68180765380
43251364196
1780921451575
68214601745
43298041259
1780921452575
68248386169
43344276794
1780921453576
68273107604
43390758911
1780921454576
68296638305
43437039123
1780921455577
68326846313
43483644653
1780921456577
68354767639
43530065490
1780921457578
68379985534
43576391601
1780921458578
68413941955
43622968444
1780921459579
68447782165
43669441711
1780921460579
68481371826
43716061950
1780921461580
68515209045
43762608703
1780921462580
68548574707
43808841796
1780921463581
68582364196
43855125183
1780921464581
68616273864
43901761352
1780921465582
68649920959
43948447448
1780921466582
68683777709
43994803710
1780921467583
68717829895
44041358947
1780921468583
68751460510
44088131958
1780921469584
68783402893
44134523559
1780921470585
68813054809
44181348022
1780921471586
68837963989
44227605834
1780921472586
68864197448
44274012451
1780921473587
68893268432
44320135192
1780921474587
68919843688
44366493652
1780921475588
68953371337
44412980163
1780921476589
68987350280
44459524230
1780921477589
69021117614
44506075195
1780921478589
69054679809
44552591308
1780921479590
69089055480
44599303710
1780921480590
69122949645
44645796875
1780921481591
69156575622
44692646728
1780921482591
69190489440
44739592590
1780921483592
69223996337
44786400939
1780921484592
69257617919
44833393371
1780921485593
69291912170
44880571716
1780921486593
69323667602
44927271057
1780921487593
69348576110
44973882446
1780921488594
69378151123
45020696899
1780921489595
69409972595
45067264953
1780921490595
69443490051
45113559509
1780921491596
69477082031
45160695800
1780921492596
69510493530
45207532470
1780921493597
69545409973
45257607971
1780921494597
69580869079
45309342651
1780921495598
69615791198
45360868164
1780921496598
69649325561
45406236572
1780921497599
69683585388
45451397460
1780921498599
69717095520
45496824584
1780921499600
69750797180
45542068115
1780921500600
69784293151
45587888549
1780921501601
69817789550
45633152770
1780921502601
69853034606
45678884155
1780921503601
69888592102
45727222900
1780921504602
69930573913
45785214538
1780921505854
69964483642
45831203186
1780921506855
69997742431
45877165344
1780921507855
70030956726
45923049560
1780921508855
70064497131
45970044799
1780921509856
70098880187
46016687805
1780921510856
70134603393
46063583496
1780921511857
70168167846
46110119812
1780921512857
70201143066
46155998168
1780921513858
70234508178
46203208007
1780921514858
70268308105
46249357421
1780921515858
70301759216
46295727478
1780921516859
70334990356
46341914794
1780921517859
70368779052
46389769592
1780921518860
70402409118
46435987182
1780921519860
70436548400
46481650634
1780921520860
70470550537
46527946105
1780921521861
70503648193
46574013122
1780921522861
70536504028
46621706054
1780921523862
70570067199
46667468200
1780921524862
70603032348
46712901367
1780921525863
70636463317
46758494873
1780921526863
70670163391
46805798095
1780921527863
70704542175
46851511352
1780921528864
70738911376
46896857849
1780921529864
70773259277
46943199890
1780921530868
70807205078
46990934265
1780921531868
70841229675
47036689514
1780921532869
70875544555
47082613891
1780921533869
70908965270
47129120788
1780921534870
70942392761
47177024902
1780921535870
70976287292
47223709777
1780921536870
71009985412
47269795043
1780921537871
71043678588
47316137451
1780921538871
71077285034
47364361511
1780921539872
71111054260
47410351135
1780921540872
71144726135
47456013488
1780921541873
71178082946
47502151000
1780921542873
71211309387
47549522521
1780921543873
71245070068
47595081481
1780921544874
71278490905
47641196777
1780921545874
71312162597
47688842163
1780921546875
71345933105
47735103515
1780921547875
71380059631
47781398803
1780921548876
71414374816
47828103942
1780921549876
71452045349
47875550903
1780921550877
71488616699
47923003723
1780921551877
71523640747
47969363830
1780921552878
71558661193
48016934326
1780921553878
71593030822
48063455688
1780921554879
71627119995
48109513366
1780921555879
71660761962
48155830444
1780921556880
71694693664
48203502136
1780921557880
71728609802
48249122253
1780921558881
71762285461
48294977172
1780921559881
71798474182
48350667663
1780921560882
71837375000
48409003479
1780921561882
71873477783
48453393798
1780921562883
71908641845
48499552307
1780921563883
71943672546
48545240417
1780921564884
71978726745
48590684082
1780921565884
72014299743
48639376831
1780921566884
72051677551
48696435119
1780921567885
72085571655
48742792297
1780921568885
72119693481
48789565307
1780921569886
72154864013
48836115356
1780921570886
72189923767
48885379089
1780921571887
72228569580
48963117736
1780921572887
72262300842
49009576965
1780921573888
72295929809
49055969726
1780921574888
72322834289
49102328918
1780921575889
72351428283
49147058715
1780921576890
72375145568
49191196533
1780921577890
72405819580
49235227722
1780921578891
72434208923
49279533142
1780921579892
72467404785
49323970458
1780921580893
72501327087
49368719787
1780921581893
72535004577
49412999755
1780921582894
72569097961
49457687011
1780921583894
72606487121
49503996337
1780921584895
72643983459
49550432250
1780921585896
72681309204
49597479003
1780921586896
72719350097
49645102661
1780921587897
72757834655
49692591491
1780921588898
72797085021
49740997009
1780921589898
72837601501
49788711914
1780921590899
72879004943
49835730224
1780921591900
72921849914
49881939880
1780921592900
72961750427
49928619018
1780921593901
73000846618
49975842590
1780921594901
73039546020
50023643005
1780921595902
73078197448
50071500305
1780921596903
73116462585
50119390869
1780921597903
73156473937
50168156616
1780921598904
73197251098
50216764648
1780921599905
73237500671
50265274597
1780921600906
73278242431
50313218750
1780921601906
73320145263
50361154296
1780921602907
73385171875
50439752868
1780921603908
73424589599
50489178405
1780921605503
73462329650
50538061950
1780921606504
73498118896
50584622253
1780921607505
73532956665
50630713073
1780921608505
73568038818
50677135375
1780921609506
73602360473
50723051452
1780921610506
73636072143
50767853942
1780921611507
73671127014
50814762329
1780921612508
73705057189
50859896301
1780921613508
73738602661
50904125000
1780921614509
73772006225
50948522033
1780921615509
73805567321
50992850585
1780921616510
73839113586
51037114074
1780921617511
73872986755
51081849304
1780921618511
73906482055
51126333679
1780921619512
73940262268
51171137451
1780921620512
73973965087
51215537902
1780921621513
74007401855
51260025695
1780921622513
74040785644
51304493225
1780921623514
74074124633
51349381591
1780921624514
74107395385
51394057006
1780921625515
74140857116
51438767761
1780921626515
74174908203
51483725891
1780921627516
74208731445
51528166320
1780921628516
74242543029
51572446594
1780921629517
74276509948
51617339294
1780921630517
74309699584
51661488098
1780921631518
74342622314
51705691833
1780921632519
74375852844
51750076293
1780921633519
74409096252
51794267150
1780921634520
74442670043
51838782592
1780921635520
74477278381
51883327209
1780921636521
74512458557
51927704772
1780921637521
74548334411
51972263427
1780921638522
74582294799
52016947631
1780921639522
74616043884
52061384460
1780921640523
74649584045
52105826599
1780921641523
74683567932
52150559448
1780921642524
74717109008
52194984863
1780921643524
74750727172
52239406066
1780921644525
74784800964
52284161987
1780921645525
74818232604
52328685852
1780921646525
74851609375
52373056762
1780921647526
74885116333
52417541564
1780921648526
74918223632
52461718139
1780921649527
74951340881
52505971801
1780921650527
74984744873
52550300292
1780921651528
75018317810
52594598449
1780921652528
75052125793
52638885803
1780921653529
75086333068
52683222167
1780921654529
75120438903
52727521667
1780921655530
75154989807
52771887023
1780921656530
75188415893
52816362365
1780921657531
75222077697
52861067382
1780921658531
75255694580
52904769165
1780921659532
75289227478
52949737426
1780921660533
75322806213
52994141357
1780921661533
75356319763
53038541137
1780921662533
75389847717
53083246643
1780921663534
75423049499
53127461853
1780921664534
75455068237
53171861267
1780921665535
75482480163
53216404235
1780921666536
75506445983
53260528137
1780921667536
75528890380
53304679931
1780921668537
75557560302
53349219177
1780921669538
75584593322
53393454833
1780921670538
75617962219
53437645324
1780921671539
75651804931
53482302429
1780921672540
75685340637
53526676696
1780921673540
75718966308
53570960693
1780921674541
75752730041
53615744873
1780921675541
75786389221
53660051452
1780921676542
75820058410
53704265502
1780921677542
75854293762
53748880126
1780921678543
75888009338
53793105102
1780921679543
75922072204
53837474182
1780921680544
75955867919
53882025390
1780921681544
75981962829
53926431396
1780921682544
76006574401
53970725646
1780921683545
76031992614
54015137756
1780921684546
76057226928
54059543579
1780921685546
76080885009
54103833984
1780921686547
76113108032
54148183715
1780921687548
76146927551
54192425781
1780921688548
76180478332
54236510681
1780921689549
76214335937
54281048156
1780921690550
76247683166
54325128723
1780921691550
76281156372
54369319274
1780921692551
76314909179
54413846374
1780921693551
76348283203
54457955078
1780921694551
76381811950
54502187988
1780921695552
76415364990
54546635986
1780921696552
76448720581
54590796569
1780921697553
76482341979
54635146179
1780921698553
76511564453
54679642456
1780921699554
76536564208
54724802612
1780921700555
76568335144
54769958862
1780921701603
76592305297
54814076232
1780921702604
76620833801
54858363403
1780921703605
76654502319
54902489929
1780921704605
76688241516
54946736633
1780921705605
76722089233
54990825073
1780921706606
76755918640
55035159179
1780921707606
76789792541
55079543518
1780921708607
76823651306
55123723327
1780921709607
76857346862
55167861572
1780921710608
76891176391
55212232299
1780921711608
76924808105
55256333374
1780921712609
76958399536
55300418640
1780921713609
76992401062
55344778381
1780921714610
77022668945
55389016235
1780921715610
77046473144
55431712219
1780921716611
77072756652
55476016357
1780921717611
77099892700
55520119689
1780921718612
77122461730
55564304199
1780921719612
77155258911
55608753601
1780921720613
77188936462
55652974121
1780921721613
77222704895
55697010192
1780921722614
77256723205
55741381347
1780921723614
77290545349
55785571838
1780921724615
77324381225
55829964050
1780921725615
77358377075
55874683227
1780921726615
77392104736
55918849365
1780921727616
77426296691
55962966857
1780921728616
77460638305
56007526184
1780921729617
77494254699
56051714843
1780921730617
77527815368
56095989318
1780921731618
77557165771
56140527099
1780921732618
77579209960
56184717895
1780921733619
77601782897
56228930053
1780921734619
77625507263
56273175170
1780921735620
77648390563
56317469116
1780921736620
77677065734
56361686035
1780921737621
77711042541
56406225402
1780921738621
77744545043
56450384643
1780921739622
77778251708
56494585571
1780921740622
77812016235
56539207153
1780921741623
77845664001
56583410888
1780921742623
77879540832
56627519042
1780921743624
77913458435
56672155761
1780921744627
77946744873
56716387207
1780921745628
77980291870
56760674072
1780921746629
78014610046
56805439453
1780921747629
78048194580
56849944091
1780921748630
78073979003
56894278930
1780921749631
78098682250
56938696350
1780921750631
78119832275
56982993835
1780921751632
78144183776
57027126464
1780921752632
78168285217
57071466674
1780921753633
78198370727
57115866638
1780921754633
78231709289
57160070251
1780921755634
78265336791
57204649169
1780921756634
78298954406
57248956176
1780921757635
78333106994
57293302490
1780921758635
78367041503
57337846801
1780921759636
78400765991
57381955383
1780921760637
78434363830
57426211975
1780921761637
78467990417
57470648437
1780921762638
78501625854
57514951049
1780921763638
78535335510
57559246398
1780921764639
78567604614
57603528076
1780921765639
78588916748
57647648071
1780921766640
78611854248
57691962341
1780921767640
78638882629
57736191101
1780921768641
78663694213
57780480041
1780921769642
78688475158
57824763977
1780921770642
78722364929
57869141174
1780921771643
78756021972
57913303771
1780921772643
78789699829
57957651733
1780921773644
78823725158
58002189270
1780921774644
78857268432
58046308532
1780921775645
78890736877
58090540710
1780921776645
78924647094
58135135192
1780921777646
78958332336
58179274108
1780921778646
78992150634
58223578979
1780921779647
79026367370
58268142028
1780921780647
79060220458
58312406982
1780921781648
79089021057
58356495544
1780921782648
79114851379
58400820922
1780921783649
79137140502
58444867797
1780921784650
79163824218
58488914794
1780921785651
79190845031
58533194580
1780921786651
79218111755
58577299743
1780921787652
79252460144
58620263488
1780921788652
79286704101
58664826782
1780921789653
79320515380
58708995788
1780921790653
79354272583
58753340881
1780921791654
79388182373
58797834716
1780921792656
79421847412
58842010375
1780921793656
79455687194
58886218444
1780921794657
79489941711
58930428833
1780921795657
79523828979
58974515014
1780921796658
79557659667
59018697021
1780921797658
79591682495
59063182189
1780921798659
79617952880
59107409057
1780921799660
79641127136
59151504943
1780921800660
79666693176
59195714050
1780921801661
79689383117
59239730163
1780921802661
79711071166
59283725219
1780921803662
79742937377
59328124511
1780921804662
79776604736
59372303039
1780921805663
79810439453
59416596679
1780921806663
79844418579
59461125244
1780921807664
79878586242
59505347778
1780921808665
79912757934
59549617187
1780921809665
79946624267
59593899536
1780921810666
79980432983
59638024291
1780921811666
80014290405
59682436950
1780921812667
80048104370
59727021667
1780921813669
80082395019
59771515319
1780921814670
80115972351
59815840515
1780921815671
80139858215
59860170349
1780921816671
80162154602
59904286010
1780921817672
80188773681
59948435363
1780921818672
80217334899
59992854492
1780921819673
80239318481
60037053771
1780921820674
80271610656
60081283691
1780921821674
80305575134
60125753234
1780921822675
80339356323
60169991271
1780921823675
80373348693
60214512451
1780921824676
80407207397
60258955383
1780921825676
80441008666
60303378906
1780921826677
80474854614
60347695434
1780921827677
80508802185
60392020019
1780921828678
80545930908
60438611450
1780921829678
80579837646
60483020446
1780921830757
80613543945
60527417541
1780921831758
80646241760
60571650451
1780921832758
80668614685
60615798278
1780921833759
80698143798
60660340087
1780921834759
80718432800
60704507263
1780921835760
80741796020
60748920043
1780921836761
80765660522
60793337646
1780921837761
80799381347
60837741333
1780921838762
80833495300
60882213378
1780921839762
80867291076
60926572387
1780921840763
80900840576
60970784118
1780921841763
80934654846
61014945007
1780921842764
80968432739
61059375061
1780921843764
81002239868
61103701538
1780921844765
81036413635
61147225036
1780921845765
81070354675
61191732727
1780921846766
81103720520
61235881286
1780921847766
81137378662
61280192687
1780921848767
81169536926
61324639282
1780921849768
81195885375
61368695800
1780921850768
81220296630
61412853454
1780921851769
81243014221
61456938598
1780921852769
81263603027
61500958190
1780921853770
81291821716
61545309326
1780921854770
81325376953
61589391906
1780921855771
81359048706
61633643615
1780921856772
81392697753
61678050720
1780921857772
81426465148
61722456420
1780921858772
81460134582
61766671508
1780921859773
81494138122
61809405578
1780921860773
81527961730
61853858154
1780921861774
81561674377
61897918151
1780921862775
81595466186
61942098815
1780921863775
81629369628
61986182128
1780921864776
81662867919
62030374206
1780921865776
81694254638
62074626647
1780921866777
81721250061
62118893188
1780921867777
81747277526
62162938415
1780921868778
81771069519
62207231323
1780921869778
81794541320
62251265319
1780921870779
81819847717
62295472839
1780921871780
81853597167
62339717102
1780921872780
81887323303
62383901428
1780921873781
81921053161
62427966003
1780921874781
81960657897
62479080566
1780921875782
81994512512
62523294250
1780921876938
82028363586
62567403625
1780921877938
82062524108
62611562805
1780921878939
82096474731
62655955383
1780921879939
82129993530
62700078918
1780921880940
82163731140
62744484375
1780921881941
82197260375
62788626831
1780921882941
82222615478
62832748352
1780921883942
82249625122
62876909423
1780921884942
82270879638
62920991149
1780921885943
82295629333
62965157775
1780921886943
82319672119
63009258544
1780921887944
82352255004
63053378601
1780921888944
82386033996
63097682617
1780921889945
82419962463
63142181030
1780921890946
82454208740
63185897094
1780921891946
82487814392
63229950012
1780921892947
82521663330
63274228271
1780921893947
82555717651
63318538024
1780921894948
82589260375
63362588867
1780921895948
82623211120
63406970336
1780921896949
82656669372
63451129028
1780921897949
82690406066
63495363952
1780921898950
82724578063
63539929077
1780921899950
82748952575
63584004943
1780921900951
82772145568
63628156860
1780921901951
82800594848
63672314880
1780921902952
82822991821
63716410400
1780921903952
82845835327
63760650451
1780921904953
82878449157
63804950317
1780921905954
82912737487
63848064331
1780921906954
82946664672
63892270507
1780921907955
82980681335
63936824157
1780921908955
83014420837
63981026123
1780921909956
83048256286
64025310241
1780921910956
83082118713
64069602783
1780921911957
83115658996
64113738830
1780921912957
83149257263
64157823120
1780921913958
83183541625
64202454895
1780921914958
83217303649
64246538085
1780921915959
83251091125
64290704345
1780921916959
83276867309
64335057983
1780921917960
83300888122
64379087097
1780921918960
83323715942
64423205078
1780921919961
83349767150
64467361206
1780921920962
83375082092
64511549804
1780921921962
83408966125
64555681030
1780921922963
83442733093
64599978576
1780921923963
83476613830
64644381713
1780921924964
83510215820
64688444641
1780921925964
83550012268
64738654418
1780921926965
83584030700
64782794860
1780921928115
83617842285
64826944824
1780921929116
83651995910
64871395629
1780921930116
83685832214
64915512878
1780921931117
83719662902
64959515075
1780921932117
83754039978
65003866027
1780921933118
83783343688
65047955688
1780921934118
83807370910
65092122558
1780921935119
83832221557
65136440795
1780921936120
83856857910
65180595581
1780921937120
83881021667
65224701660
1780921938121
83911094360
65269124023
1780921939121
83944997009
65313309082
1780921940122
83978750061
65357416259
1780921941123
84012654785
65402310546
1780921942123
84046288696
65446545837
1780921943124
84079889526
65490786804
1780921944124
84113894592
65535367370
1780921945125
84147580139
65579577880
1780921946125
84181107055
65623875427
1780921947126
84215362731
65666068603
1780921948126
84249052795
65710322937
1780921949127
84282833496
65754640625
1780921950128
84314563415
65799288269
1780921951128
84337427429
65843355773
1780921952129
84357795654
65887377685
1780921953129
84380203063
65931532043
1780921954130
84403652893
65975849182
1780921955130
84430102478
66019991027
1780921956131
84463800903
66064563903
1780921957132
84497196472
66108712097
1780921958132
84530561706
66152911499
1780921959133
84564576904
66197588562
1780921960133
84597963317
66241729125
1780921961134
84631516235
66285996520
1780921962134
84665408935
66330141906
1780921963135
84699006347
66374421142
1780921964135
84732633422
66418746520
1780921965136
84766456481
66463135375
1780921966136
84800112731
66507811218
1780921967137
84827155395
66551905944
1780921968137
84852389526
66596041381
1780921969138
84875689208
66640267028
1780921970139
84899278259
66684367675
1780921971139
84923849914
66728571350
1780921972140
84952284851
66772586669
1780921973141
84985634887
66816599426
1780921974141
85019499084
66861070068
1780921975142
85053046386
66905300415
1780921976142
85086556945
66949506164
1780921977143
85126109497
67000348815
1780921978143
85159591003
67044443908
1780921979306
85193308959
67088810791
1780921980306
85227033264
67133166076
1780921981307
85260671447
67177202636
1780921982307
85294008117
67221261291
1780921983308
85325720153
67265718811
1780921984308
85348845520
67309838073
1780921985310
85369641296
67353984558
1780921986310
85398225830
67398466613
1780921987311
85423065795
67442660888
1780921988312
85446794311
67486755859
1780921989313
85480717163
67531456054
1780921990314
85514220703
67575545288
1780921991314
85547729003
67619743164
1780921992315
85581591125
67664357360
1780921993315
85615422607
67707347106
1780921994315
85648990295
67751747619
1780921995316
85682677856
67796221313
1780921996316
85716321472
67840428344
1780921997317
85750097656
67884556884
1780921998318
85783947204
67929095520
1780921999318
85817524841
67973382934
1780922000318
85847330200
68017441467
1780922001319
85873881225
68061797424
1780922002320
85896669799
68105880126
1780922003321
85919101196
68150049926
1780922004321
85943384704
68194429321
1780922005322
85969898010
68238751281
1780922006323
86003283569
68282966674
1780922007323
86037127746
68327893493
1780922008324
86070726867
68372218322
1780922009324
86104474426
68416814575
1780922010325
86138286499
68461477783
1780922011325
86171708801
68505806274
1780922012326
86205066467
68550203796
1780922013326
86239299804
68595396423
1780922014327
86272708374
68639784057
1780922015327
86306258300
68684056335
1780922016328
86339991271
68728901733
1780922017328
86369084472
68773125976
1780922018329
86391073974
68817260131
1780922019330
86418181396
68861989746
1780922020330
86439767028
68906160278
1780922021331
86462349609
68950496398
1780922022332
86492796875
68994912841
1780922023333
86526140136
69039447082
1780922024334
86559602050
69084201721
1780922025334
86593237792
69129065490
1780922026335
86626673522
69173591552
1780922027335
86660102478
69217964111
1780922028336
86699412048
69268037292
1780922029336
86733134094
69312438781
1780922030499
86766431274
69356779968
1780922031500
86799910888
69401701538
1780922032500
86832887695
69445880676
1780922033501
86864302490
69490084899
1780922034501
86891852661
69534612854
1780922035502
86918249572
69578882141
1780922036503
86944735534
69623191406
1780922037504
86972161499
69667553100
1780922038504
86996238769
69711849426
1780922039505
87029665405
69756254821
1780922040506
87063477539
69800806213
1780922041507
87096992614
69845128234
1780922042507
87130533020
69889403198
1780922043508
87164229797
69934095336
1780922044508
87197792602
69978359375
1780922045509
87231193176
70022501586
1780922046509
87265100280
70067240173
1780922047510
87298584472
70111481872
1780922048510
87331796020
70155543273
1780922049510
87366161621
70200364135
1780922050511
87392818725
70244564758
1780922051511
87416713623
70288744445
1780922052512
87440858642
70333070007
1780922053513
87462105895
70377100769
1780922054514
87486151611
70421438049
1780922055514
87516463684
70465913696
1780922056515
87549965881
70510224914
1780922057516
87583562438
70554543579
1780922058516
87617451721
70599288085
1780922059517
87651278137
70643725891
1780922060517
87684553833
70687841491
1780922061518
87718137023
70732263671
1780922062518
87751456420
70776486633
1780922063518
87784659240
70820602661
1780922064519
87818750000
70865313537
1780922065519
87852194763
70909546508
1780922066520
87885715148
70953828125
1780922067520
87912243835
70998170959
1780922068521
87936006591
71042320617
1780922069522
87960847045
71086474853
1780922070523
87984838684
71130713439
1780922071523
88009838134
71174896850
1780922072524
88042045410
71219041076
1780922073525
88075710632
71263580993
1780922074525
88109083496
71307841369
1780922075526
88142321655
71351931640
1780922076526
88176313720
71396651611
1780922077527
88209683654
71440814270
1780922078528
88243111694
71485074157
1780922079528
88283938964
71537184936
1780922080529
88317459411
71581509765
1780922081722
88351010192
71625656372
1780922082723
88384648620
71669941467
1780922083723
88416984008
71714236022
1780922084724
88446080383
71758433288
1780922085724
88473669372
71802925903
1780922086725
88499798217
71847038635
1780922087725
88525848815
71891272766
1780922088726
88555946716
71935717651
1780922089726
88589862792
71980106994
1780922090727
88623355712
72024506103
1780922091727
88657024230
72069000793
1780922092728
88690544494
72113186157
1780922093728
88724259033
72157661499
1780922094729
88757919128
72202059570
1780922095729
88791702270
72246369445
1780922096730
88825488098
72290782043
1780922097730
88859413635
72335178894
1780922098731
88893131164
72379485290
1780922099731
88927120239
72423987304
1780922100731
88959450744
72467208190
1780922101732
88982415527
72511277893
1780922102732
89005800720
72555602661
1780922103733
89030619140
72599785949
1780922104734
89051397583
72643852111
1780922105735
89078247680
72688426147
1780922106735
89111914428
72732648193
1780922107736
89145627807
72776910400
1780922108736
89179161926
72821177612
1780922109737
89213144042
72865526000
1780922110737
89246774719
72909703613
1780922111738
89280602600
72954113342
1780922112738
89314304565
72998374450
1780922113739
89347767211
73042585083
1780922114739
89381208862
73086989379
1780922115740
89415419372
73130095397
1780922116740
89449030883
73174401733
1780922117741
89478335205
73218729675
1780922118741
89506713256
73263133544
1780922119742
89530912963
73307269775
1780922120742
89553341491
73351499328
1780922121743
89576477050
73395575195
1780922122744
89605948486
73439674255
1780922123744
89639759582
73484135009
1780922124745
89673006286
73528249450
1780922125745
89706761474
73572560302
1780922126746
89740218505
73616843383
1780922127746
89774088256
73661205261
1780922128747
89807768981
73705530700
1780922129747
89841610046
73749842956
1780922130748
89875484802
73794254821
1780922131748
89909065917
73838345031
1780922132749
89942606079
73882519470
1780922133749
89976497619
73927002685
1780922134750
89997138549
73971053710
1780922135751
90021292968
74015312866
1780922136751
90048016418
74058088500
1780922137752
90075717407
74102300659
1780922138752
90101139343
74146457458
1780922139753
90135277282
74190708312
1780922140754
90168999511
74234979797
1780922141754
90202757202
74279226623
1780922142755
90236519958
74323510681
1780922143755
90270475891
74367907104
1780922144756
90304527893
74412401855
1780922145756
90338580444
74456956726
1780922146757
90372366271
74501180480
1780922147757
90406362060
74545745788
1780922148758
90440405578
74590436096
1780922149758
90474283874
74634750061
1780922150759
90505269104
74679097351
1780922151759
90532265319
74721592163
1780922152760
90553662292
74765772888
1780922153760
90578163513
74810192199
1780922154761
90600694641
74854370849
1780922155762
90627445434
74898627624
1780922156762
90661354370
74943131347
1780922157763
90695163391
74987567199
1780922158763
90728792785
75031857666
1780922159764
90762755798
75076463012
1780922160764
90796593627
75120882446
1780922161764
90830183654
75165163085
1780922162765
90863850708
75209360534
1780922163766
90897930725
75254000244
1780922164766
90931612121
75298238586
1780922165767
90965715637
75342932067
1780922166767
90999695800
75387355163
1780922167768
91026486877
75431559936
1780922168768
91049216247
75475871398
1780922169769
91075589843
75520090942
1780922170769
91100599548
75564202880
1780922171770
91127362976
75608608337
1780922172771
91160193969
75652685302
1780922173771
91194043701
75696984558
1780922174772
91227969299
75741458435
1780922175772
91261640747
75785815246
1780922176773
91295367919
75830073425
1780922177773
91329251892
75875053344
1780922178774
91363220764
75919699218
1780922179774
91397074584
75964224853
1780922180775
91430891662
76008817382
1780922181775
91464664550
76053193054
1780922182776
91498388671
76097553100
1780922183776
91531570800
76142045043
1780922184777
91555146362
76186364868
1780922185778
91576950683
76230564758
1780922186778
91600673217
76275049011
1780922187779
91629216918
76319321594
1780922188780
91653214172
76363556823
1780922189780
91687351074
76408455566
1780922190781
91721086425
76452807922
1780922191781
91754794433
76497033020
1780922192782
91788546142
76541690185
1780922193782
91822473876
76586473083
1780922194783
91856180419
76630670227
1780922195783
91889971923
76675126220
1780922196784
91923949340
76719765319
1780922197784
91958275268
76763813659
1780922198785
91992293029
76808553222
1780922199786
92026324951
76853048583
1780922200786
92054393310
76897307678
1780922201787
92077666748
76941534973
1780922202787
92101002380
76985689147
1780922203788
92125854064
77029984558
1780922204788
92149462402
77074284912
1780922205789
92180950805
77118600769
1780922206789
92214886901
77162798339
1780922207790
92249040039
77207404357
1780922208790
92283026977
77251791564
1780922209791
92316912414
77296146484
1780922210792
92350703735
77340763977
1780922211792
92384443908
77385081787
1780922212793
92418182800
77429348815
1780922213793
92451964477
77473879821
1780922214794
92485835998
77518596008
1780922215794
92519589294
77562989929
1780922216795
92553520263
77607443481
1780922217795
92586207763
77655736938
1780922218796
92610543884
77699759399
1780922219899
92636000976
77744077087
1780922220900
92660864501
77788483825
1780922221901
92681616271
77832709777
1780922222901
92713777648
77877480102
1780922223902
92747610351
77921876770
1780922224902
92781225646
77966183166
1780922225903
92815324707
78010976257
1780922226903
92848912292
78055378906
1780922227904
92882737915
78099752258
1780922228904
92916781738
78144577758
1780922229905
92950688781
78189007690
1780922230906
92984354858
78233385925
1780922231906
93018371154
78277968872
1780922232907
93052058349
78322299316
1780922233907
93082456787
78366680297
1780922234908
93106842407
78411190246
1780922235908
93129606506
78455458435
1780922236909
93155468750
78499732788
1780922237909
93182393859
78544134643
1780922238910
93215998168
78586288513
1780922239911
93249942687
78630692321
1780922240912
93283901428
78675361328
1780922241913
93317653015
78719723266
1780922242913
93351382995
78764030273
1780922243914
93385501770
78808737792
1780922244914
93419227111
78853144714
1780922245915
93453030761
78897645935
1780922246915
93487108154
78942516479
1780922247916
93521075317
78987032531
1780922248916
93554897216
79031464965
1780922249917
93588922790
79076080322
1780922250917
93617426269
79120568298
1780922251918
93638230834
79164782775
1780922252918
93662988708
79209208068
1780922253919
93688641052
79253467285
1780922254919
93710365539
79297706237
1780922255920
93740559082
79342321594
1780922256921
93774438171
79386650268
1780922257921
93808359802
79431043212
1780922258922
93843570617
79476388061
1780922259922
93877463806
79520757202
1780922260943
93911120361
79565104003
1780922261943
93945175781
79609684753
1780922262944
93978911499
79653977233
1780922263944
94012863891
79698350524
1780922264945
94046719482
79742865173
1780922265945
94080480163
79787549133
1780922266946
94114264587
79832345458
1780922267946
94144175964
79877087707
1780922268947
94169725830
79921351928
1780922269947
94194123352
79965625305
1780922270948
94217226074
80010180053
1780922271948
94238655883
80054327026
1780922272949
94267387268
80098561645
1780922273950
94301512634
80143296203
1780922274950
94335985656
80186680664
1780922275951
94369974548
80230858764
1780922276951
94404191772
80275491394
1780922277952
94438064331
80319672851
1780922278952
94471955017
80364057189
1780922279953
94506140930
80408810546
1780922280953
94540073120
80453292602
1780922281954
94573814880
80497512145
1780922282954
94607871093
80542159667
1780922283955
94641784057
80586543395
1780922284955
94666020202
80630756591
1780922285956
94692099975
80675179992
1780922286957
94714217407
80719548461
1780922287957
94739667358
80763699462
1780922288958
94763477172
80808061035
1780922289958
94795141296
80851620117
1780922290959
94828850158
80896127075
1780922291959
94862742736
80940868774
1780922292960
94896439575
80985297851
1780922293961
94930280456
81029852600
1780922294961
94964176391
81074529479
1780922295962
94997804870
81118855346
1780922296962
95031706909
81163434265
1780922297963
95065579345
81208069763
1780922298963
95099440246
81252412353
1780922299964
95133372253
81296802673
1780922300964
95167361938
81341632934
1780922301965
95188639953
81385790100
1780922302965
95209562011
81429918823
1780922303966
95235255737
81474434936
1780922304967
95259947937
81517800842
1780922305967
95283510925
81561991943
1780922306990
95317600952
81606784423
1780922307991
95351377685
81651387084
1780922308991
95385162292
81695638244
1780922309992
95419181091
81740673339
1780922310992
95452816650
81785035644
1780922311993
95486431579
81829324462
1780922312993
95520322387
81874092041
1780922313994
95553997253
81918556579
1780922314994
95587772827
81963046203
1780922315995
95621527160
82008041503
1780922316995
95655330505
82052483825
1780922317996
95682271484
82096931274
1780922318997
95710527282
82141781555
1780922319997
95734190368
82186126464
1780922320998
95760488830
82229924804
1780922321998
95784318115
82274426513
1780922322999
95813693542
82318849975
1780922324000
95847334716
82363411193
1780922325000
95881267822
82408384765
1780922326001
95914954284
82452849304
1780922327001
95948978332
82497463500
1780922328002
95983008178
82542431152
1780922329002
96016895446
82586941101
1780922330003
96050880737
82631506408
1780922331003
96084634033
82676401428
1780922332004
96118260498
82720816528
1780922333004
96151892883
82765269042
1780922334005
96185917297
82810524597
1780922335005
96211372802
82854730285
1780922336006
96237070861
82898385803
1780922337007
96261097900
82942999938
1780922338007
96284929138
82987230590
1780922339008
96308059753
83031520385
1780922340008
96342068481
83076418884
1780922341009
96375742309
83121042602
1780922342009
96409425354
83165363037
1780922343010
96443317810
83210135681
1780922344010
96477343933
83254355895
1780922345011
96511170715
83298450134
1780922346011
96545392578
83343440002
1780922347012
96579163635
83387674743
1780922348012
96613024108
83432073486
1780922349013
96647137695
83476957336
1780922350013
96680957336
83521386230
1780922351014
96715569213
83567318725
1780922352015
96741309631
83611987182
1780922353040
96765867126
83656169189
1780922354040
96789070922
83700447509
1780922355041
96812957702
83744834899
1780922356041
96840306884
83789356872
1780922357042
96874672912
83835595458
1780922358042
96908920776
83884082336
1780922359043
96943187622
83932370422
1780922360043
96979732604
83977191894
1780922361044
97016344360
84022256042
1780922362044
97050949218
84066588989
1780922363045
97083060241
84110506225
1780922364045
97115440856
84155539123
1780922365046
97146804321
84199670532
1780922366046
97178776733
84244318176
1780922367047
97212230895
84289141235
1780922368047
97237899108
84324981994
1780922369049
97256924987
84353770874
1780922370050
97279402221
84384773803
1780922371051
97295468200
84411577636
1780922372052
97309364685
84435810668
1780922373053
97333104614
84470075744
1780922374054
97364846252
84513814514
1780922375055
97396480041
84557765380
1780922376055
97428987426
84602234252
1780922377056
97460165771
84646371215
1780922378056
97492630004
84690417907
1780922379057
97526242797
84735124023
1780922380057
97558466674
84778827880
1780922381058
97590645202
84822860107
1780922382058
97623464782
84866381530
1780922383059
97658868713
84912038085
1780922384060
97694634216
84957820312
1780922385060
97730150146
85003432312
1780922386061
97761116333
85048154907
1780922387062
97835825256
85154588562
1780922388062
97873827392
85214713073
1780922390810
97908049682
85259464721
1780922391810
97941907592
85303817443
1780922392811
97976021240
85348235473
1780922393811
98010049011
85392894775
1780922394812
98043955261
85437470214
1780922395812
98078028808
85482026611
1780922396813
98112066040
85526573730
1780922397813
98146383728
85571653991
1780922398814
98180401916
85616291931
1780922399814
98214525512
85661278808
1780922400815
98248659729
85705937438
1780922401815
98278418884
85750203796
1780922402816
98303867004
85794690795
1780922403816
98329967895
85838986022
1780922404817
98351098815
85883049743
1780922405817
98379788818
85927478149
1780922406818
98405745727
85971568847
1780922407818
98444782470
86022247558
1780922408819
98478834777
86067007385
1780922409961
98512517028
86111284729
1780922410962
98546459106
86155803649
1780922411962
98580332824
86200385864
1780922412963
98614799987
86244938293
1780922413963
98649359008
86289845153
1780922414964
98683198608
86334518615
1780922415965
98716869567
86378959472
1780922416965
98750743041
86423351867
1780922417966
98784713806
86468204467
1780922418966
98811911621
86512590454
1780922419966
98835076477
86556720397
1780922420967
98860983398
86601291564
1780922421967
98882177551
86645483093
1780922422968
98903422302
86689680297
1780922423969
98932634826
86734516845
1780922424969
98966353332
86778685668
1780922425970
99000167785
86823255676
1780922426970
99033976562
86867874267
1780922427971
99067778686
86912511901
1780922428971
99101670593
86957037841
1780922429972
99135553100
87001808776
1780922430972
99169382507
87046162475
1780922431973
99203089721
87090245971
1780922432973
99237076232
87134830627
1780922433973
99270924072
87179382019
1780922434974
99304311645
87223575317
1780922435974
99330576354
87268101623
1780922436975
99352864196
87312166931
1780922437975
99377674316
87356306030
1780922438976
99403984924
87400674438
1780922439976
99436216064
87445015747
1780922440977
99470186157
87489455688
1780922441977
99503932006
87533979492
1780922442978
99537759460
87578378662
1780922443978
99571670104
87622895202
1780922444979
99606906921
87668049011
1780922445979
99640758483
87712427551
1780922446980
99674511718
87756569458
1780922447980
99708540954
87801127990
1780922448981
99742414062
87845810119
1780922449981
99776194030
87890042907
1780922450982
99810196289
87934752319
1780922451982
99838329772
87978999084
1780922452983
99858824645
88023103149
1780922453983
99884542297
88067551452
1780922454984
99907459228
88111673095
1780922455984
99931815856
88155825439
1780922456985
99958452209
88200231628
1780922457985
99992196716
88244601806
1780922458986
100025941833
88288914245
1780922459986
100059868286
88333552001
1780922460986
100093687622
88377826049
1780922461987
100127341979
88421954711
1780922462987
100161311340
88466622802
1780922463988
100195102172
88511008483
1780922464988
100229725036
88555554687
1780922465989
100263881347
88600461059
1780922466989
100297435424
88644778198
1780922467990
100331003356
88689125244
1780922468990
100360544677
88733689453
1780922469991
100383334838
88777825012
1780922470992
100407412963
88822007446
1780922471992
100430141906
88866264404
1780922472993
100450871887
88910307250
1780922473993
100482751281
88954658386
1780922474994
100517371398
88999202026
1780922475995
100551440795
89043659118
1780922476995
100585076477
89087883850
1780922477995
100618923339
89132348999
1780922478996
100653407409
89177364074
1780922479997
100687274536
89221677307
1780922480997
100721121643
89266354553
1780922481998
100754816650
89310566955
1780922482998
100788573425
89354656616
1780922483999
100822774291
89399462402
1780922484999
100857395141
89443995422
1780922486000
100891068054
89488158569
1780922487000
100924894897
89532407348
1780922488001
100958603393
89576446899
1780922489001
100992429504
89620737487
1780922490002
101026212463
89665081298
1780922491002
101059936828
89709574279
1780922492003
101093624023
89754003356
1780922493003
101127502136
89798870422
1780922494004
101161234375
89843398132
1780922495004
101194978576
89887884033
1780922496005
101229599182
89932753723
1780922497005
101263560363
89976939575
1780922498006
101297232421
90021318115
1780922499006
101331130371
90066133666
1780922500007
101364811828
90110764953
1780922501007
101398539245
90155377868
1780922502008
101432316101
90200155639
1780922503008
101465949096
90244755981
1780922504009
101499673034
90288864196
1780922505009
101534028869
90333311157
1780922506010
101567897705
90377384643
1780922507011
101602415649
90421691894
1780922508011
101636270751
90466079650
1780922509012
101669987915
90510758422
1780922510012
101705106994
90555576354
1780922511013
101739316162
90600860107
1780922512013
101773017211
90645351196
1780922513014
101806707641
90690025329
1780922514014
101840937683
90735266845
1780922515015
101875806457
90780335083
1780922516015
101909641662
90824988708
1780922517016
101943680297
90869874938
1780922518016
101977382446
90914147338
1780922519017
102011192138
90958593078
1780922520017
102045023254
91003485656
1780922521018
102078734863
91047712219
1780922522018
102112363952
91091808959
1780922523019
102146111938
91136194030
1780922524019
102179754272
91180374084
1780922525020
102213393249
91224473815
1780922526021
102247192138
91269430908
1780922527021
102280898193
91313874450
1780922528022
102314586242
91358372131
1780922529022
102348523315
91403457092
1780922530023
102382236938
91448001586
1780922531023
102416074096
91492593750
1780922532024
102452101501
91537890075
1780922533024
102486026733
91582602661
1780922534025
102519739562
91627420104
1780922535025
102553517395
91672196777
1780922536026
102587247131
91716886840
1780922537026
102621763366
91761705078
1780922538027
102655913635
91806298034
1780922539028
102689665405
91850591125
1780922540028
102723326416
91894726928
1780922541029
102757577636
91939182434
1780922542029
102791261047
91983237243
1780922543030
102824959777
92027697021
1780922544030
102858820983
92072614746
1780922545031
102892537048
92117061889
1780922546031
102926593872
92161827270
1780922547032
102960588012
92206734436
1780922548032
102994362670
92251300231
1780922549033
103028105895
92296232421
1780922550033
103063360839
92341295471
1780922551034
103097300537
92385782592
1780922552035
103130946411
92431938415
1780922553035
103164791442
92477780883
1780922554036
103198519165
92522486694
1780922555036
103232097717
92566731079
1780922556037
103265905944
92611375732
1780922557037
103299549255
92655512268
1780922558038
103333869934
92699953063
1780922559038
103368050659
92744536804
1780922560039
103401744750
92788880981
1780922561039
103435495727
92833476867
1780922562040
103469156982
92878485595
1780922563040
103503468750
92923583557
1780922564041
103538364074
92968669677
1780922565041
103572339904
93013559875
1780922566042
103605988159
93058280090
1780922567042
103639743530
93103385253
1780922568043
103674268676
93149035827
1780922569043
103709105468
93195281555
1780922570043
103742869628
93240152526
1780922571044
103776794433
93285468383
1780922572044
103810561889
93329813110
1780922573045
103844270019
93373856323
1780922574045
103877982116
93418608886
1780922575046
103912156433
93464000854
1780922576047
103946228332
93508736328
1780922577047
103979981018
93553670471
1780922578048
104013676086
93598318847
1780922579048
104047513549
93643389221
1780922580049
104082153320
93688539489
1780922581049
104115972534
93733505249
1780922582050
104149602722
93777875305
1780922583050
104183377319
93824285034
1780922584051
104217018554
93869114318
1780922585051
104250637695
93913786621
1780922586052
104284406433
93959083801
1780922587052
104317985656
94003855895
1780922588052
104351564575
94048752929
1780922589053
104385790710
94094024719
1780922590053
104419294616
94138782409
1780922591054
104452998291
94183024353
1780922592055
104486762451
94227403869
1780922593055
104520364135
94272168640
1780922594056
104554231628
94316909423
1780922595057
104589274291
94362847351
1780922596057
104624414978
94407953491
1780922597058
104658093505
94453082763
1780922598058
104692017944
94499315063
1780922599059
104725767150
94544243347
1780922600059
104759450622
94589232604
1780922601060
104793311584
94634609375
1780922602060
104827107543
94679279235
1780922603060
104860978332
94724630493
1780922604061
104894882568
94769858581
1780922605061
104928577392
94814536071
1780922606062
104962326599
94859097412
1780922607062
104996060241
94903900390
1780922608063
105029788024
94948907836
1780922609063
105063414001
94993144531
1780922610064
105097513061
95037465820
1780922611064
105131182617
95081942871
1780922612065
105164803588
95126605529
1780922613065
105198711303
95173033996
1780922614066
105232248840
95217889526
1780922615066
105265974609
95262691528
1780922616067
105300952087
95308234680
1780922617067
105334775939
95354089416
1780922618068
105368407531
95399312866
1780922619068
105402401611
95444644165
1780922620069
105436028686
95489672851
1780922621069
105469847595
95535592407
1780922622070
105503732727
95580520080
1780922623070
105538114379
95619276367
1780922624071
105573171813
95656629638
1780922625072
105606876892
95690928039
1780922626072
105641294128
95731084533
1780922627073
105675003295
95773527282
1780922628074
105708690490
95818277893
1780922629074
105742443908
95863306518
1780922630075
105776232543
95908165039
1780922631075
105810065246
95953627807
1780922632075
105843685424
95998410888
1780922633076
105877175048
96043289123
1780922634076
105912285339
96089339721
1780922635077
105945913696
96134367492
1780922636077
105979537719
96179437133
1780922637078
106013672729
96225142028
1780922638078
106047321838
96269536804
1780922639079
106080937011
96314904479
1780922640079
106114834289
96359877014
1780922641080
106148400939
96404453674
1780922642080
106182131530
96448746154
1780922643081
106216281677
96494314453
1780922644082
106249917053
96534607849
1780922645082
106283528930
96578948974
1780922646083
106318515747
96624836486
1780922647083
106352585937
96669933715
1780922648084
106386265869
96714816162
1780922649084
106420117919
96760184631
1780922650085
106453825500
96805415466
1780922651085
106487580200
96850402648
1780922652086
106521478271
96897076293
1780922653086
106555086425
96942123413
1780922654087
106588864624
96987026123
1780922655087
106622499572
97032293029
1780922656088
106656606567
97077422058
1780922657088
106691157958
97122674316
1780922658088
106725013061
97167178833
1780922659089
106758675842
97212698242
1780922660089
106792778137
97256306213
1780922661090
106826697387
97300851745
1780922662091
106860337707
97345186523
1780922663091
106893983581
97389924865
1780922664092
106927853088
97435174011
1780922665092
106961462097
97480416809
1780922666092
106995036254
97525390014
1780922667093
107028854064
97571986267
1780922668094
107062557678
97617192687
1780922669094
107096272216
97662137878
1780922670095
107130264892
97707556823
1780922671095
107164081298
97752624084
1780922672095
107197715270
97797717041
1780922673096
107232420532
97843067199
1780922674096
107266021667
97888092651
1780922675097
107299631347
97932220520
1780922676097
107333336669
97977424926
1780922677098
107371114196
98026766235
1780922678098
107404802673
98070882690
1780922679209
107438591186
98115718017
1780922680209
107472624877
98160318176
1780922681210
107506743469
98205348266
1780922682210
107540521606
98251275878
1780922683211
107574180908
98296162536
1780922684211
107607950378
98340978820
1780922685212
107641933532
98385802490
1780922686212
107675570861
98430681762
1780922687213
107709299865
98475622497
1780922688213
107744359863
98522340820
1780922689214
107778456298
98567608215
1780922690214
107812508544
98612604980
1780922691215
107846391601
98657992797
1780922692215
107879827087
98702264587
1780922693216
107913193969
98747172668
1780922694216
107946837524
98791525451
1780922695217
107980392578
98835728576
1780922696217
108013975463
98881224914
1780922697218
108047720886
98927417541
1780922698218
108082036254
98973523437
1780922699219
108115690917
99018771423
1780922700219
108149517822
99064144226
1780922701220
108183162658
99108970336
1780922702220
108216661865
99154048461
1780922703221
108250481994
99199786376
1780922704221
108284054870
99244918212
1780922705222
108317559570
99290176757
1780922706222
108351221008
99335712402
1780922707223
108384946105
99381304565
1780922708223
108418486633
99426176452
1780922709224
108452661743
99471331237
1780922710224
108485910461
99516059265
1780922711225
108519273864
99560544982
1780922712225
108552804504
99605067138
1780922713226
108586157836
99649540283
1780922714226
108620344909
99695075134
1780922715227
108653994445
99740588073
1780922716227
108687489807
99786516662
1780922717227
108721052856
99832059143
1780922718228
108755177490
99877811828
1780922719228
108788618774
99923285644
1780922720229
108821969665
99968537963
1780922721229
108855319763
100014186157
1780922722230
108888706970
100059021484
1780922723230
108922114807
100104531494
1780922724230
108956127319
100150276062
1780922725231
108989622131
100195144714
1780922726231
109022995910
100239697692
1780922727232
109056488098
100284420166
1780922728232
109089775573
100328787902
1780922729233
109123263916
100373411376
1780922730233
109156713195
100417788757
1780922731234
109190327575
100463198059
1780922732234
109223778198
100508609130
1780922733235
109257835754
100554502197
1780922734235
109291319641
100599595214
1780922735236
109325339050
100645064208
1780922736236
109359019348
100690808044
1780922737237
109392591857
100736354858
1780922738237
109426120971
100781241149
1780922739238
109459932800
100826893615
1780922740238
109493685607
100872453063
1780922741239
109527247009
100918250610
1780922742239
109560962097
100964127014
1780922743240
109594278747
101008368530
1780922744240
109627627929
101052990661
1780922745241
109661059020
101097715881
1780922746241
109694435485
101142457458
1780922747242
109727846557
101186698425
1780922748243
109762130065
101231849609
1780922749243
109795590698
101276984497
1780922750244
109829345947
101322526428
1780922751244
109863246154
101368097229
1780922752245
109896660705
101413336425
1780922753245
109930139465
101458089843
1780922754246
109964032043
101503930419
1780922755246
109997609252
101548978515
1780922756247
110031711364
101594044555
1780922757247
110066063354
101639427612
1780922758247
110100142089
101684436218
1780922759248
110135013916
101729280639
1780922760248
110168969177
101774544189
1780922761249
110203196350
101818803588
1780922762249
110237942687
101862940551
1780922763250
110271645080
101907142028
1780922764250
110305562011
101951240661
1780922765251
110339832824
101996284912
1780922766252
110374623474
102041589721
1780922767252
110408487060
102086202575
1780922768253
110441938781
102132418640
1780922769253
110476154968
102180400207
1780922770254
110509742919
102225389343
1780922771255
110543973083
102270496704
1780922772255
110577808471
102316868652
1780922773256
110610850036
102364466552
1780922774256
110644331909
102410462036
1780922775257
110677687011
102456998168
1780922776257
110711096496
102505632934
1780922777258
110744728698
102552454040
1780922778258
110778379821
102599623962
1780922779259
110811855102
102644372375
1780922780259
110845428222
102690869079
1780922781260
110879174560
102736038513
1780922782261
110912831604
102782386779
1780922783261
110946289855
102829347900
1780922784262
110979939514
102877927612
1780922785262
111013422119
102924007507
1780922786263
111046849243
102970906066
1780922787263
111080596496
103017905090
1780922788264
111114269958
103064552429
1780922789264
111148016906
103112251403
1780922790265
111181710815
103158751098
1780922791265
111215404479
103205078918
1780922792266
111249009826
103252150939
1780922793266
111282638366
103299613342
1780922794267
111316232177
103346486267
1780922795267
111349748779
103392300781
1780922796268
111383325439
103438125488
1780922797268
111416849670
103484015319
1780922798269
111450393737
103529305236
1780922799269
111484016113
103576501708
1780922800270
111517640075
103622993225
1780922801271
111551191955
103670423583
1780922802271
111584916931
103717016967
1780922803271
111618394042
103764545349
1780922804272
111651927001
103811621276
1780922805272
111685530212
103858961486
1780922806273
111719027465
103905398498
1780922807273
111752655883
103953231628
1780922808274
111786319030
104000716064
1780922809274
111820001220
104048423706
1780922810275
111853719604
104094580749
1780922811275
111887430725
104143103759
1780922812276
111921071594
104188954040
1780922813276
111954757629
104234532958
1780922814277
111988555480
104280894409
1780922815277
112022262023
104327951843
1780922816278
112055782897
104372631408
1780922817279
112089413208
104419052429
1780922818279
112123073852
104466170043
1780922819280
112156767211
104513073913
1780922820280
112190438903
104561384643
1780922821281
112223990356
104607704772
1780922822281
112257382629
104654638793
1780922823282
112290815734
104701580200
1780922824282
112324301513
104747847656
1780922825283
112357814331
104794449951
1780922826283
112391393310
104841064697
1780922827284
112424817260
104888135009
1780922828284
112458439575
104934879333
1780922829285
112491051269
104981222412
1780922830285
112513336914
105026994628
1780922831286
112539296508
105073363159
1780922832286
112563644165
105118322021
1780922833287
112584831848
105163413085
1780922834288
112609536621
105207846313
1780922835288
112643322326
105252986022
1780922836289
112677015563
105298325012
1780922837289
112710757019
105343401123
1780922838290
112744727783
105389544372
1780922839290
112778447998
105434599792
1780922840291
112812072143
105479560791
1780922841291
112848478820
105524593994
1780922842292
112885834960
105569021667
1780922843293
112921526855
105616078857
1780922844293
112955498718
105665966491
1780922845294
112989316772
105715114257
1780922846294
113022972167
105764114135
1780922847295
113056849426
105813241455
1780922848295
113080129394
105861556884
1780922849296
113105441467
105908510070
1780922850296
113130389038
105956909240
1780922851297
113158342102
106005125183
1780922852297
113192090026
106053460205
1780922853298
113225991333
106102528198
1780922854299
113259985046
106151764587
1780922855299
113293906555
106201086547
1780922856299
113327992553
106250914855
1780922857300
113361638488
106299870788
1780922858300
113395288757
106345679809
1780922859301
113429047607
106391815124
1780922860301
113462766601
106437753662
1780922861302
113496417968
106483617858
1780922862302
113530312255
106529985290
1780922863303
113563876708
106575747802
1780922864303
113597296691
106620732177
1780922865304
113630935791
106667536926
1780922866304
113664521118
106712322448
1780922867305
113698158325
106757725708
1780922868305
113731651062
106803343627
1780922869306
113765304443
106849682189
1780922870306
113799881286
106898572204
1780922871307
113834089477
106945389465
1780922872307
113867826416
106990490661
1780922873308
113901498046
107035663146
1780922874308
113936789245
107082585205
1780922875309
113970240844
107127288330
1780922876309
114005241271
107173258789
1780922877309
114039404663
107218710998
1780922878310
114073396972
107263271362
1780922879310
114107570373
107308196655
1780922880311
114141958007
107353504943
1780922881311
114175135986
107392086303
1780922882312
114206709350
107426140808
1780922883313
114236420532
107461931823
1780922884314
114264617736
107494680725
1780922885315
114291113098
107528274353
1780922886315
114324522521
107573223449
1780922887316
114357837280
107617926330
1780922888316
114391694091
107662693420
1780922889317
114425356384
107707872375
1780922890317
114459092346
107752574401
1780922891318
114492728088
107797312194
1780922892318
114526509582
107842416076
1780922893319
114559922546
107887076354
1780922894319
114593449096
107931898681
1780922895320
114627831420
107977661254
1780922896320
114662277282
108022480773
1780922897321
114697143676
108064911376
1780922898321
114731535217
108101728271
1780922899322
114766537719
108146021667
1780922900322
114800923217
108190457641
1780922901323
114836579772
108235118469
1780922902323
114871039733
108279923034
1780922903324
114906355957
108325040710
1780922904324
114940964050
108372074218
1780922905325
114974892272
108416880615
1780922906325
115009672363
108461752563
1780922907326
115044576110
108507113403
1780922908326
115078487121
108551806640
1780922909327
115113130493
108597029907
1780922910327
115149758666
108644891601
1780922911327
115184552917
108691260559
1780922912349
115218810241
108736733520
1780922913349
115252998046
108782991943
1780922914350
115286970031
108829003356
1780922915350
115321423950
108874540344
1780922916351
115355999694
108919288024
1780922917351
115390475036
108963464294
1780922918352
115424761840
109007661926
1780922919352
115457810363
109052073730
1780922920353
115480662048
109096258728
1780922921353
115510247924
109140423522
1780922922354
115544119812
109185745971
1780922923354
115577740478
109230426391
1780922924355
115611508056
109275345764
1780922925355
115645444030
109320406188
1780922926356
115679212280
109365083923
1780922927356
115712940368
109409645141
1780922928357
115746662353
109455069335
1780922929357
115780158813
109501589660
1780922930358
115813707702
109546735046
1780922931358
115847706420
109592847045
1780922932359
115881317810
109638450561
1780922933359
115904097045
109683193847
1780922934360
115934472290
109729313049
1780922935360
115959362426
109775197509
1780922936361
115982131713
109819463928
1780922937361
116007904357
109864502563
1780922938362
116039970458
109909409790
1780922939362
116073637817
109954523620
1780922940363
116107516601
109999741210
1780922941363
116141126647
110044423034
1780922942364
116175356567
110089156005
1780922943364
116208579162
110132945800
1780922944365
116239224914
110177248840
1780922945365
116271573852
110220958618
1780922946366
116305287292
110265602844
1780922947366
116337162719
110309712707
1780922948367
116368312438
110354279479
1780922949367
116401698547
110398888671
1780922950368
116427327453
110433809020
1780922951368
116448971435
110466503967
1780922952369
116471603942
110496641479
1780922953370
116485771362
110520678894
1780922954371
116504501220
110550389831
1780922955372
116532163330
110589784179
1780922956373
116564105224
110634158325
1780922957373
116597103698
110678778625
1780922958374
116630774841
110723751403
1780922959374
116662422729
110768368835
1780922960375
116693118530
110812785034
1780922961376
116725995178
110857895080
1780922962376
116758724975
110902625000
1780922963376
116792014953
110947549804
1780922964377
116825855285
110993202514
1780922965377
116859403930
111038676208
1780922966378
116892982727
111085114929
1780922967378
116922871398
111128539245
1780922968379
116938635620
111154931274
1780922969380
116959364746
111184109863
1780922970380
116976166442
111213936706
1780922971381
116993350341
111242294860
1780922972382
117022591918
111281435791
1780922973383
117054452697
111326238525
1780922974383
117086365600
111370903503
1780922975384
117117796142
111415267089
1780922976384
117150565246
111459863464
1780922977385
117183046386
111504091125
1780922978385
117215595214
111548315246
1780922979386
117249275573
111592709167
1780922980386
117279857604
111636888854
1780922981387
117311861999
111681114624
1780922982388
117344929382
111725916748
1780922983388
117378092590
111769691711
1780922984389
117403711791
111806087829
1780922985389
117425517028
111835451843
1780922986390
117444476318
111865799377
1780922987391
117468018798
111895114929
1780922988392
117496493896
111929254150
1780922989393
117524832580
111965807556
1780922990394
117556835205
112009786315
1780922991395
117589931518
112054005004
1780922992395
117621169311
112097559692
1780922993396
117654387939
112140976013
1780922994396
117687718444
112185682800
1780922995397
117721187622
112230245666
1780922996397
117752302551
112274359802
1780922997398
117785127075
112318841918
1780922998398
117816948303
112362776794
1780922999399
117849514099
112407333618
1780923000399
117882180908
112451924682
1780923001400
117908367675
112491150817
1780923002400
117931242065
112520156677
1780923003401
117958194152
112557071289
1780923004401
117985176330
112592260681
1780923005402
118014234436
112628182312
1780923006403
118041906982
112666226379
1780923007403
118074702270
112710109680
1780923008404
118106458923
112754364868
1780923009404
118140189514
112798940979
1780923010405
118171855346
112842924072
1780923011405
118204451477
112887440185
1780923012406
118237292785
112932255615
1780923013407
118270363342
112976385253
1780923014407
118303322387
113020349548
1780923015408
118336503601
113065286987
1780923016408
118369462341
113109435363
1780923017409
118401746826
113153496154
1780923018409
118435294494
113198415100
1780923019410
118455180969
113228406250
1780923020410
118469930969
113254231384
1780923021411
118490034912
113286395996
1780923022411
118515162048
113321377380
1780923023412
118551043090
113360701354
1780923024413
118587938781
113405879272
1780923025413
118624336242
113450649047
1780923026414
118660699645
113495561096
1780923027414
118693661010
113540664123
1780923028415
118725526184
113585061218
1780923029415
118758204345
113629823120
1780923030416
118792010437
113673603271
1780923031417
118825070617
113716764160
1780923032417
118857050170
113761329833
1780923033418
118889351623
113806433288
1780923034418
118922566955
113850945190
1780923035418
118953592956
113895241149
1780923036419
118987426574
113934484558
1780923037419
119015488708
113970877929
1780923038420
119038180480
114006629394
1780923039421
119061764038
114036918823
1780923040422
119074728393
114059951477
1780923041423
119102896850
114099331176
1780923042424
119135906860
114143731689
1780923043424
119169065795
114187909484
1780923044425
119201323852
114232227355
1780923045425
119234010681
114276797790
1780923046426
119266080993
114320982910
1780923047427
119297860961
114365791259
1780923048427
119331675292
114410344421
1780923049428
119365469299
114454636901
1780923050428
119397495910
114498250305
1780923051429
119430337890
114543230651
1780923052429
119462904113
114586929321
1780923053430
119491061340
114625605163
1780923054430
119514934753
114667408752
1780923055432
119533967590
114694892578
1780923056432
119560111755
114726985595
1780923057433
119583582946
114761990478
1780923058434
119603048461
114794808471
1780923059435
119636608215
114838649841
1780923060435
119670007263
114883193664
1780923061436
119702281433
114927066528
1780923062436
119735739929
114970122375
1780923063437
119769247436
115015122558
1780923064437
119801880798
115059451904
1780923065438
119834944763
115103698364
1780923066439
119868058288
115148140747
1780923067439
119901880126
115192622192
1780923068439
119935087951
115237224182
1780923069440
119968633056
115282125915
1780923070441
119998925720
115326438720
1780923071441
120017839599
115358043640
1780923072442
120037756958
115391677856
1780923073442
120053012390
115418955505
1780923074443
120069462585
115447480590
1780923075444
120086966674
115476268798
1780923076445
120119596435
115520471862
1780923077445
120152602416
115565151550
1780923078446
120185875427
115609902648
1780923079447
120218642639
115653532348
1780923080447
120251530334
115697726013
1780923081448
120284154052
115742856811
1780923082448
120317002319
115786908630
1780923083449
120349655883
115831268310
1780923084449
120383186340
115875788452
1780923085450
120415131469
115919331848
1780923086450
120446209228
115963457946
1780923087451
120479193176
116008518249
1780923088451
120499002746
116038384887
1780923089452
120519042114
116068712036
1780923090453
120538768798
116096038940
1780923091454
120556713806
116121392822
1780923092455
120575188232
116151723937
1780923093456
120606694396
116192521545
1780923094456
120640252746
116236770812
1780923095457
120673362182
116279834960
1780923096457
120706621704
116324143615
1780923097458
120739689758
116368350036
1780923098459
120772801635
116412578430
1780923099459
120807295227
116457712829
1780923100460
120838564697
116502024353
1780923101460
120871584838
116545491027
1780923102461
120903714477
116590052490
1780923103461
120937011840
116633868652
1780923104462
120970428588
116677602539
1780923105462
121000750000
116718398254
1780923106463
121017938232
116747568176
1780923107464
121039975952
116776464843
1780923108465
121065544555
116809319519
1780923109466
121087422302
116844690246
1780923110466
121105379333
116872803222
1780923111467
121138767089
116917397521
1780923112468
121170701660
116961018676
1780923113468
121203653808
117003638610
1780923114469
121237361755
117048454101
1780923115469
121269955688
117092038574
1780923116470
121302299743
117136666503
1780923117470
121336074829
117181683898
1780923118470
121366344848
117225788818
1780923119471
121399024230
117268707031
1780923120471
121431374572
117313535949
1780923121472
121463953613
117356851623
1780923122473
121495873474
117400703369
1780923123473
121523453857
117435486816
1780923124474
121542033874
117463477233
1780923125475
121573620300
117501654663
1780923126476
121594132873
117531969482
1780923127476
121611277526
117563279357
1780923128477
121640617370
117604121032
1780923129478
121674074401
117648436950
1780923130479
121705894531
117692009643
1780923131479
121737867980
117736288757
1780923132480
121770957397
117780284240
1780923133481
121803817687
117823511718
1780923134481
121835924499
117867840698
1780923135482
121868028503
117912325012
1780923136482
121900416625
117956657836
1780923137483
121932874572
118000566040
1780923138483
121966383178
118044952453
1780923139484
121997892456
118089237060
1780923140485
122024454772
118126452636
1780923141485
122046880310
118164451721
1780923142486
122061299926
118189622558
1780923143487
122076411621
118214729980
1780923144488
122096072570
118246728088
1780923145489
122117192321
118278544921
1780923146490
122148791748
118322589355
1780923147490
122182149841
118367523986
1780923148491
122214570068
118410953369
1780923149491
122247064270
118455427795
1780923150492
122280089172
118500067077
1780923151492
122312216552
118543908813
1780923152493
122344783691
118587824035
1780923153493
122376636291
118632708923
1780923154494
122408461791
118677180114
1780923155494
122439313110
118721256835
1780923156495
122474037963
118766868896
1780923157495
122506843383
118811547180
1780923158496
122526286804
118843437255
1780923159496
122550737548
118876444641
1780923160497
122564624877
118900464294
1780923161498
122582902770
118928565612
1780923162499
122602784423
118957614990
1780923163500
122633689575
119000591003
1780923164501
122666470520
119044509887
1780923165501
122699344238
119088903442
1780923166502
122732307861
119133085327
1780923167502
122764202392
119176606872
1780923168503
122797540405
119221539733
1780923169504
122830370910
119266237121
1780923170504
122862886657
119309746093
1780923171505
122895952392
119354416748
1780923172505
122928428405
119398530578
1780923173506
122960985107
119442281005
1780923174506
122994127685
119487241516
1780923175507
123013763732
119518713562
1780923176507
123029745483
119547139465
1780923177508
123061604614
119585297119
1780923178509
123077976013
119613702636
1780923179510
123098235046
119645707336
1780923180511
123128928100
119689403198
1780923181511
123160655273
119733388854
1780923182512
123191943359
119778063293
1780923183512
123225719238
119823146972
1780923184512
123258191345
119867876037
1780923185513
123290936157
119911480957
1780923186513
123322621887
119956237915
1780923187514
123354095153
120000700744
1780923188514
123385537292
120044974609
1780923189515
123418879272
120089730712
1780923190515
123450000488
120134280151
1780923191516
123480938049
120178940063
1780923192516
123503479614
120212028686
1780923193517
123518529052
120237741638
1780923194518
123537142883
120266623291
1780923195518
123554309936
120297586547
1780923196519
123573263061
120330374145
1780923197520
123602130676
120369522644
1780923198521
123635325256
120414029602
1780923199522
123666887207
120458513122
1780923200522
123696620056
120502546997
1780923201523
123729369445
120547504394
1780923202523
123761042297
120591554443
1780923203524
123792378906
120635547546
1780923204524
123824979736
120680397521
1780923205525
123856178955
120724692749
1780923206525
123886962646
120769329589
1780923207526
123919483215
120814425842
1780923208526
123950780029
120858102783
1780923209527
123979920593
120898445312
1780923210528
123999589599
120927165100
1780923211529
124018149963
120953467895
1780923212529
124035795654
120985710327
1780923213531
124052685791
121016297546
1780923214532
124080555725
121053877868
1780923215534
124111708496
121097839294
1780923216535
124144232910
121142063415
1780923217535
124177205810
121185457458
1780923218536
124207991760
121229988342
1780923219536
124241125488
121274830688
1780923220537
124273262939
121318158996
1780923221537
124305834411
121361581542
1780923222538
124339157409
121405656311
1780923223538
124372080383
121449695983
1780923224539
124404941894
121494098571
1780923225540
124436976562
121538848754
1780923226540
124467113220
121580005493
1780923227541
124483867065
121610528625
1780923228543
124511634399
121650519897
1780923229544
124530473510
121681637084
1780923230544
124544092285
121705630798
1780923231546
124568413574
121739618591
1780923232546
124599913696
121783620971
1780923233547
124631895751
121827875427
1780923234548
124665595336
121872888366
1780923235548
124697052124
121916929626
1780923236548
124729229614
121960996582
1780923237549
124762457336
122005550292
1780923238549
124795840576
122049912414
1780923239550
124828848632
122094341735
1780923240550
124862555908
122138243957
1780923241551
124895295654
122182176391
1780923242551
124926222412
122225986083
1780923243552
124959004394
122270598999
1780923244553
124977264709
122298358764
1780923245553
125001748779
122327513000
1780923246554
125023784545
122356673400
1780923247555
125041512817
122387628662
1780923248556
125059850646
122416775268
1780923249556
125092206176
122460761901
1780923250557
125124146423
122504894226
1780923251557
125156302734
122549200012
1780923252558
125189507324
122593101806
1780923253559
125222929260
122636617248
1780923254559
125254930664
122680631835
1780923255560
125288136596
122724936157
1780923256560
125319699279
122769400817
1780923257561
125352623229
122813446594
1780923258561
125384870788
122858443420
1780923259562
125417536010
122902888122
1780923260562
125449085327
122947256713
1780923261563
125478208129
122983716796
1780923262564
125493225036
123008877624
1780923263565
125510226562
123036377563
1780923264566
125530419250
123063923278
1780923265567
125549437133
123092942932
1780923266568
125581567138
123133609191
1780923267569
125615479064
123177993713
1780923268569
125647669494
123221877197
1780923269570
125679797546
123266263977
1780923270570
125712978271
123311007995
1780923271571
125744642883
123355197021
1780923272571
125776794189
123399456176
1780923273572
125809801574
123443766418
1780923274573
125841421081
123488397033
1780923275573
125872258056
123532809082
1780923276574
125904586547
123577849060
1780923277574
125937895202
123622527038
1780923278575
125962591186
123658133789
1780923279575
125985864746
123690688293
1780923280576
125999721008
123714014770
1780923281577
126019052001
123741081604
1780923282578
126038519653
123771371032
1780923283579
126063812438
123811818481
1780923284580
126096234130
123856252502
1780923285580
126127972778
123900904113
1780923286581
126160077392
123945120910
1780923287581
126192297058
123989323242
1780923288582
126226053771
124034338195
1780923289582
126258528625
124078346862
1780923290583
126288536743
124122910949
1780923291583
126320903930
124167578857
1780923292584
126351794189
124211996032
1780923293584
126384075561
124256162048
1780923294584
126417265808
124300757934
1780923295585
126443779235
124339309020
1780923296585
126462402343
124368497131
1780923297587
126484721801
124402436157
1780923298588
126508829833
124432605712
1780923299588
126537363159
124465740417
1780923300589
126560181030
124497839050
1780923301590
126591782104
124541936523
1780923302591
126624164123
124585102111
1780923303592
126657309020
124629330017
1780923304592
126689103698
124672851562
1780923305593
126721836669
124716831848
1780923306593
126755511047
124760869689
1780923307594
126788526672
124804585449
1780923308594
126820386047
124848380371
1780923309594
126852817871
124892895324
1780923310595
126884459716
124937231201
1780923311595
126915334411
124981108764
1780923312596
126948195190
125025163146
1780923313596
126965324279
125052320251
1780923314597
126981102294
125078595031
1780923315597
127003879394
125113517456
1780923316599
127022882080
125145862182
1780923317599
127042240173
125177877441
1780923318599
127075949951
125222511230
1780923319600
127108326538
125266304931
1780923320600
127139729614
125310156982
1780923321601
127173100097
125354479797
1780923322601
127203942810
125398328186
1780923323602
127235392761
125442246215
1780923324602
127267966552
125486926696
1780923325603
127299942932
125531456848
1780923326603
127334113769
125576162536
1780923327603
127367225158
125621514343
1780923328604
127400056945
125665875183
1780923329604
127433396606
125710199035
1780923330605
127454490295
125740442260
1780923331605
127471408874
125765128295
1780923332606
127493440002
125793132202
1780923333607
127513639953
125823432800
1780923334608
