49004369617
49017350290
49030224597
49043254399
49056241574
49069188771
49082240849
49095256360
49108332107
49121320522
49134279331
49147303854
49160271813
49173279750
49186340259
49199228918
49212285433
49225337190
49238325161
49251372894
49264358294
49277371694
49290400608
49303404292
49316446226
49329437104
49342432924
49355472043
49368473172
49381429916
49394442000
49407410709
49420427214
49433423310
49446453463
49459433646
49472435525
49485444472
49498529721
49511506309
49524502817
49537492425
49550423175
49563400405
49576404854
49589408248
49602470913
49615496599
49628527701
49641597894
49654597294
49667579987
49680520696
49693569760
49706638041
49719669510
49732681410
49745688736
49758708761
49771743137
49784747188
49797722889
49810723605
49823683225
49836740367
49849752313
49862779529
49875823161
49888867528
49901860916
49914925341
49927911124
49940903119
49953945497
49966973676
49979993028
49993025736
50005927125
50018961929
50031925252
50044939508
50057948486
50070856178
50083852320
50096869468
50109837748
50122828228
50135805673
50148799550
50161818029
50174680418
50187613783
50200635659
50213610120
50226676305
50239671008
50252676390
50265753270
50278768659
50291794696
50304833601
50317825244
50330851557
50343874397
50356896655
50369908815
50382907221
50395948253
50408961943
50421936389
50434951242
50447909700
50460901832
50473968675
50486946441
50499952803
50512984149
50525995361
50539052259
50552072635
50565035468
50578042014
50591021983
50604025131
50617084293
50630047494
50643080370
50656111105
50669126800
50682151521
50695163192
50708122399
50721149232
50734185230
50747197941
50760199728
50773125474
50786170882
50799195267
50812206417
50825249652
50838218590
50851221035
50864245328
50877240077
50890297816
50903317198
50916331899
50929398665
50942389543
50955384399
50968330280
50981303700
50994338887
51007398264
51020379992
51033439445
51046461933
51059502444
51072561989
51085545140
51098551869
51111530982
51124544718
51137611193
51150604581
51163615792
51176637638
51189643816
51202680471
51215708406
51228691053
51241738526
51254780552
51267740463
51280752776
51293702497
51306732252
51319760830
51332716640
51345744789
51358718439
51371691906
51384737696
51397771521
51410769085
51423808281
51436769232
51449814242
51462819318
51475821381
51488848627
51501786138
51514790022
51527825117
51540795034
51553840365
51566874603
51579837895
51592866228
51605853281
51618834719
51631875444
51644864150
51657922378
51670951445
51683939753
51696985191
51710025381
51723006528
51736002532
51748962733
51761966265
51774981531
51788022884
51801058269
51814060500
51827091954
51840128181
51853110246
51866147300
51879154059
51892139965
51905202003
51918228209
51931205103
51944306661
51957235819
51970247505
51983239225
51996254017
52009270875
52022275569
52035312301
52048403685
52061427963
52074433819
52087468777
52100474710
52113455444
52126462372
52139453250
52152481185
52165481105
52178514976
52191560827
52204518535
52217525891
52230537776
52243494612
52256552596
52269551981
52282527452
52295626914
52308640390
52321650699
52334695693
52347684292
52360722875
52373726743
52386712603
52399742848
52412739188
52425787456
52438823041
52451835048
52464861392
52477886848
52490887442
52503888265
52516863445
52529864008
52542858604
52555787242
52568862974
52581876159
52594861453
52607916698
52620911799
52633905339
52646918066
52659914544
52672939403
52685974314
52698941309
52711975211
52724993904
52738019146
52751041405
52764060511
52777087574
52790113703
52803106463
52816160852
52829215623
52842233582
52855288965
52868287493
52881316116
52894334167
52907296541
52920325761
52933339084
52946356538
52959442307
52972450137
52985496340
52998563994
53011590720
53024621424
53037599787
53050579679
53063623954
53076671397
53089741437
53102723931
53115732970
53128812695
53141858638
53154926628
53167951977
53180912576
53193933029
53206897760
53219943320
53232967139
53245975306
53258932233
53271982062
53284926842
53297920428
53310932129
53323941551
53336952074
53350008360
53363020275
53376028978
53388994626
53402011056
53415054306
53428071959
53441069997
53454078929
53467133165
53480181249
53493179349
53506210130
53519250105
53532242131
53545267939
53558299959
53571278153
53584319277
53597343631
53610395021
53623486710
53636498091
53649523547
53662584239
53675585934
53688614358
53701638728
53714588816
53727653165
53740703285
53753720433
53766768609
53779768407
53792806088
53805799583
53818789849
53831840274
53844861661
53857885174
53870892606
53883893246
53896919375
53909958969
53923174083
53936206853
53949189209
53962200145
53975148841
53987967304
54001034177
54014078406
54027082978
54040107883
54053129254
54066134101
54079161745
54092209034
54105223061
54118242443
54131313845
54144333640
54157386468
54170395936
54183482867
54196430156
54209440633
54222445373
54235400832
54248437839
54261476147
54274468923
54287501723
54300506814
54313539905
54326599434
54339568020
54352978516
54365987112
54378992571
54392084888
54405127465
54418733005
54433032584
54446541092
54459450054
54472442768
54485446069
54498474723
54511399811
54524426216
54537437933
54550459686
54563522367
54576553851
54589499212
54602490228
54615454668
54628837639
54641864334
54654836439
54667849701
54680816956
54694254594
54708552062
54722895383
54737652968
54751309885
54764296648
54777337419
54790370082
54803355039
54816394372
54829414014
54842416642
54855449213
54868379977
54881374772
54894394062
54907349445
54920386253
54933419344
54946421376
54959456043
54972432370
54985425452
54998442722
55011337838
55024337024
55037386409
55050417771
55063465167
55076541373
55089532267
55102613950
55115580058
55128560976
55141577588
55154561505
55167589807
55180597698
55193527912
55206530403
55219503655
55232524567
55245510106
55258426412
55271433294
55284425289
55297423113
55310481510
55323395291
55336391509
55349403532
55362423327
55375450435
55388445138
55401387118
55414367944
55427388351
55440425389
55453424040
55466414658
55479454190
55492424046
55505446319
55518450753
55531419645
55544457234
55557501708
55570482167
55583489309
55596478366
55609404801
55622448923
55635388485
55648346300
55661327019
55674303224
55687337523
55700382273
55713340868
55726361566
55739362450
55752374366
55765431171
55778368515
55791372398
55804363674
55817296703
55830349760
55843323579
55856311244
55869308762
55882248156
55895246745
55908259563
55921243633
55934289836
55947302868
55960290074
55973281794
55986245897
55999249015
56012293627
56025248519
56038217411
56051211303
56064215600
56077221961
56090276610
56103279774
56116299186
56129291916
56142251811
56155249575
56168202417
56181202398
56194213702
56207216453
56220285728
56233264106
56246280199
56259258745
56272256034
56285245091
56298198148
56311105855
56324148355
56337123199
56350189246
56363222184
56376186440
56389218919
56402247511
56415182866
56428205078
56441170497
56454145662
56467163652
56480208860
56493185968
56506209481
56519191700
56532249316
56545236048
56558248132
56571259986
56584201063
56597173336
56610204821
56623215895
56636261118
56649254261
56662224790
56675250843
56688220408
56701235950
56714299411
56727346838
56740462074
56753423424
56766391168
56779408194
56792450725
56805477175
56818493757
56831480780
56844511086
56857486618
56870538773
56883562240
56896550930
56909595894
56922642923
56935634153
56948642213
56961645821
56974607200
56987666775
57000679487
57013634027
57026642087
57039669685
57052705148
57065738269
57078616906
57091640832
57104697164
57117744820
57130743899
57143715025
57156748131
57169776372
57182807443
57195760821
57208705830
57221701726
57234724107
57247705621
57260671071
57273583766
57286552995
57299607398
57312631355
57325618179
57338651468
57351483838
57364462538
57377492645
57390494585
57403522091
57416492712
57429474471
57442491191
57455419844
57468390832
57481405334
57494383299
57507410453
57520446007
57533472702
57546503850
57559473936
57572525922
57585549404
57598530536
57611560368
57624557137
57637570950
57650612272
57663613998
57676569303
57689594285
57702599178
57715636966
57728658367
57741649704
57754685779
57767667752
57780715393
57793735097
57806723817
57819736406
57832751229
57845748854
57858694934
57871643829
57884665200
57897739341
57910783570
57923837270
57936859222
57949847239
57962901413
57975915257
57988905752
58002006209
58014988259
58027915489
58040922784
58053878442
58066912863
58079903481
58092947022
58105977604
58118978825
58131974798
58145008531
58158049440
58171081047
58184092090
58197099661
58210149168
58223183560
58236155053
58249188511
58262146769
58275159205
58288095998
58301043363
58314113525
58327055795
58340076967
58353099532
58366074834
58379002141
58392006345
58404980868
58417965351
58431030480
58444016156
58457075838
58470088029
58483096854
58496097340
58509043175
58522069243
58535062462
58548129213
58561179256
58574164994
58587166169
58600184786
58613189510
58626225799
58639185679
58652160844
58665161805
58678171594
58691193454
58704237286
58717259804
58730301907
58743392816
58756411678
58769411461
58782439044
58795378024
58808391837
58821464692
58834507958
58847470561
58860477489
58873517541
58886526351
58899534503
58912514151
58925476494
58938569393
58951640030
58964602909
58977658323
58990623512
59003646214
59016687047
59029663298
59042655079
59055702261
59068729492
59081800052
59094845536
59107861001
59120898238
59133936822
59146957137
59159917691
59172862332
59185887620
59198924551
59212057780
59225124042
59238160101
59251195425
59264243923
59277243308
59290268045
59303270566
59316241493
59329338798
59342344731
59355321947
59368365212
59381372522
59394405659
59407401112
59420360120
59433370169
59446380891
59459409545
59472493371
59485493735
59498510806
59511571085
59524593757
59537608243
59550591716
59563548383
59576537088
59589525993
59602579310
59615637738
59628679198
59641731628
59654761062
59667739302
59680779615
59693744789
59706745658
59719809532
59732839563
59745836530
59758870141
59771884566
59784943300
59797915757
59810839697
59823823797
59836848091
59849916387
59862975518
59875968722
59888969147
59901863482
59914910236
59927936488
59940930258
59953857075
59966798090
59979651008
59992722349
60005686314
60018683924
60031736461
60044732480
60057715724
60070735809
60083685255
60096709105
60109770393
60122789913
60135824886
60148839357
60161859381
60174909195
60187866275
60200873937
60213738973
60226718361
60239831455
60252825470
60265824151
60278869803
60291856963
60304878824
60317861256
60330822085
60343824668
60356787165
60369778150
60382815693
60395808269
60408840916
60421928093
60434930522
60447932722
60460923111
60473894940
60486884962
60499875916
60512932370
60525966425
60538919895
60551970489
60564893297
60577910185
60590913686
60603878049
60616885895
60629942456
60642956085
60655984953
60668978692
60681990807
60695039396
60707992453
60720985243
60734002208
60746924894
60759964533
60772988153
60785964343
60798999591
60811975613
60825005782
60838016213
60851012722
60864009750
60876994692
60890011091
60903058793
60916045999
60929052009
60942022217
60954977476
60967974643
60980997421
60993950769
61006966203
61020005246
61033013887
61046075665
61059017752
61072024970
61085088432
61098042850
61111060962
61124029028
61137037241
61150075151
61163083410
61176102486
61189112458
61202133554
61215171908
61228074413
61241001108
61253941465
61266916661
61279942607
61292985597
61305914280
61318925400
61331862009
61344808839
61357817832
61370752482
61383730493
61396739104
61409723663
61422742709
61435745414
61448698409
61461727308
61474716747
61487679060
61500718654
61513681273
61526634543
61539679079
61552672160
61565699682
61578702157
61591731209
61604799551
61617737751
61630810117
61643775444
61656719076
61669764513
61682673965
61695686799
61708735664
61721706070
61734697163
61747874762
61760859245
61773917014
61786916629
61799943079
61812997009
61825982960
61838967259
61851947519
61864969242
61877959462
61890948183
61903772291
61916754831
61929728313
61942771854
61955778720
61968788218
61981842515
61994856588
62007783619
62020818332
62033755553
62046725684
62059738885
62072711586
62085710711
62098733995
62111690570
62124683269
62137479271
62150499540
62163484742
62176282657
62189314156
62202345381
62215172472
62228188764
62241041024
62254059503
62267072490
62279871383
62292720920
62305636430
62318423466
62331484770
62344483038
62357445856
62370513632
62383500578
62396438733
62409365932
62422313909
62435329129
62448338826
62461348386
62474357134
62487260022
62500197733
62513190003
62526075984
62539073258
62551990742
62564908869
62577923936
62590950891
62603951760
62616964961
62629924949
62642944239
62655907485
62668859731
62681852506
62694813534
62707827561
62720872234
62733835618
62746752092
62759768705
62772679839
62785707743
62798689013
62811667651
62824714282
62837673183
62850684349
62863690466
62876677932
62889688180
62902662137
62915641570
62928674172
62941649199
62954656892
62967728722
62980770580
62993824677
63006798267
63019786345
63032822541
63045790515
63058764931
63071651065
63084620049
63097641359
63110652876
63123662268
63136689728
63149711420
63162733725
63175739153
63188717057
63201617496
63214589357
63227590685
63240613524
63253421093
63266392418
63279317338
63292239060
63305172502
63318112354
63330993149
63343931701
63356874522
63369883270
63382909078
63395846406
63408803257
63421839515
63434816501
63447832272
63460795656
63473753303
63486751617
63499739022
63512690885
63525623929
63538612206
63551680012
63564671487
63577665012
63590683660
63603626282
63616564191
63629532685
63642433707
63655454726
63668438520
63681391668
63694404043
63707405248
63720407081
63733414590
63746415475
63759523031
63772541066
63785521403
63798531681
63811534662
63824515885
63837529484
63850498957
63863497807
63876486512
63889511632
63902563649
63915550595
63928573740
63941599151
63954526870
63967568453
63980544321
63993488611
64006573095
64019562642
64032505631
64045595270
64058532705
64071410945
64084332728
64097329099
64110345314
64123296733
64136289203
64149344096
64162233749
64175258624
64188272988
64201227008
64214239306
64227213171
64240192528
64253218611
64266199345
64279250352
64292280643
64305299505
64318367113
64331384368
64344252693
64357306791
64370278238
64383214633
64396241160
64409261705
64422216704
64435142389
64448159094
64461191404
64474153671
64487164256
64500170908
64513158971
64526199589
64539259700
64552280826
64565318094
64578332182
64591337090
64604376561
64617353899
64630366457
64643360747
64656347571
64669363204
64682263889
64695247469
64708325725
64721325186
64734316661
64747341612
64760300024
64773280957
64786291587
64799332925
64812353057
64825348173
64838351245
64851368669
64864323469
64877320636
64890298371
64903224500
64916278123
64929282618
64942286670
64955302670
64968270109
64981316556
64994297887
65007271844
65020280332
65033255466
65046236032
65059319200
65072288765
65085265980
65098304120
65111292994
65124291231
65137319901
65150226766
65163223764
65176236950
65189274570
65202197011
65215206371
65228252176
65241284104
65254274248
65267273679
65280202684
65293269251
65306319493
65319318159
65332435736
65345365476
65358377361
65371425201
65384372504
65397387709
65410394285
65423347250
65436376347
65449418113
65462415203
65475451323
65488458114
65501476302
65514467532
65527499277
65540528818
65553520660
65566557270
65579617854
65592602827
65605636881
65618681631
65631650737
65644647383
65657679128
65670556220
65683587995
65696596774
65709527982
9617411
22577796
35590003
48602561
61566266
74580660
87563751
100529858
113555605
126588788
139538233
152568371
165565125
178605391
191575721
204497214
217447042
230384554
243428293
256464031
269425411
282459879
295467770
308489524
321520901
334508627
347429753
360454536
373423060
386456916
399509270
412440340
425444942
438403430
451362255
464363721
477283347
490247006
503236675
516255399
529275271
542287906
555312107
568315072
581292242
594321186
607317649
620224010
633249144
646229619
659205579
672217587
685120643
698145869
711198207
724169655
737167984
750115180
763083445
776082662
789045449
801961204
814953046
827922106
840932370
853942633
866934765
879969906
892922412
905915922
918818381
931699344
944694522
957681269
970548324
983509551
996433246
1009399140
1022411667
1035375633
1048387303
1061381241
1074339347
1087385014
1100352208
1113350981
1126295332
1139210291
1152202194
1165223152
1178196849
1191236580
1204190508
1217174042
1230190992
1243138005
1256147549
1269112034
1282096012
1295213436
1308190881
1321167056
1334154553
1347157885
1360104118
1373126499
1386059726
1399054598
1412038407
1425006840
1438024769
1450964591
1463950098
1476995796
1489950046
1502919153
1515882276
1528846533
1541900722
1554882604
1567789959
1580716363
1593687321
1606722462
1619717440
1632685567
1645722162
1658671133
1671666157
1684737116
1697657950
1710684982
1723712274
1736681457
1749713018
1762683409
1775652378
1788663054
1801530737
1814538843
1827533331
1840408572
1853369263
1866346601
1879223571
1892234048
1905073165
1918017164
1931071400
1944069821
1957068089
1970057238
1983030521
1996051081
2008963730
2021956123
2034997002
2047765892
2060800497
2073768839
2086606426
2099601405
2112587081
2125606876
2138620046
2151581579
2164595162
2177578910
2190560012
2203638681
2216620991
2229568463
2242596658
2255542967
2268557010
2281529818
2294454080
2307477379
2320484016
2333490072
2346523790
2359446996
2372435289
2385422954
2398327127
2411340266
2424313917
2437241223
2450251884
2463225213
2476183028
2489185381
2502125417
2515149007
2528051497
2541011958
2554037721
2566953108
2579972796
2592995254
2605970220
2618995064
2631976288
2644909271
2657915892
2670809095
2683782011
2696737745
2709617805
2722674718
2735652989
2748616649
2761642870
2774590755
2787537936
2800502315
2813358308
2826316918
2839279308
2852237398
2865233111
2878122519
2891041227
2904007763
2916889950
2929870791
2942834328
2955741210
2968835210
2981835038
2994816706
3007854310
3020834279
3033845093
3046822538
3059746815
3072768324
3085722283
3098697708
3111758614
3124727399
3137754064
3150748262
3163682255
3176686352
3189635446
3202604154
3215603738
3228533432
3241557266
3254549628
3267522330
3280552529
3293582009
3306504741
3319548006
3332487767
3345440640
3358479835
3371439287
3384444960
3397463226
3410440900
3423462852
3436386579
3449342175
3462335960
3475260161
3488323653
3501341091
3514327135
3527326428
3540272324
3553234668
3566199015
3579111971
3592107255
3605065330
3617914867
3630962416
3643925708
3656873563
3669943634
3682883838
3695868550
3708860668
3721782497
3734756392
3747754920
3760753754
3773790410
3786773699
3799725669
3812707796
3825667401
3838751578
3851728380
3864693096
3877760489
3890670139
3903645717
3916673132
3929602275
3942593336
3955446514
3968327967
3981368631
3994278312
4007222739
4020285665
4033176435
4046191442
4059184951
4072143807
4085143360
4098102949
4110949686
4123908710
4136866922
4149847121
4162810612
4175656676
4188613190
4201461533
4214346336
4227283818
4240200644
4253161243
4266156742
4279105239
4292110009
4305092427
4318029816
4331065370
4343860607
4356838373
4369882510
4382760643
4395786741
4408770536
4421651866
4434695315
4447569117
4460546730
4473480463
4486262878
4499169851
4512049146
4524957971
4537999767
4550999580
4563979427
4576993776
4589937499
4602933946
4615937799
4628891758
4641908585
4654784897
4667769747
4680833697
4693810117
4706793085
4719828073
4732755915
4745779535
4758778385
4771697337
4784718555
4797721306
4810703616
4823720183
4836676652
4849684299
4862579062
4875518349
4888532498
4901474691
4914430502
4927463486
4940397647
4953394599
4966354464
4979214359
4992169419
5005046695
5017999461
5031010413
5043986235
5057050202
5070054192
5083029433
5096062356
5109060150
5122048427
5135082604
5148046737
5161006694
5174005605
5186962410
5199977187
5212972410
5226003894
5239072710
5251971972
5264968496
5277965066
5290822665
5303829578
5316753396
5329704357
5342754706
5355682471
5368671728
5381693940
5394622731
5407619805
5420599316
5433578000
5446620684
5459579279
5472473048
5485446315
5498422444
5511399767
5524365293
5537348092
5550366694
5563303380
5576310659
5589337079
5602279594
5615314077
5628356302
5641333777
5654363854
5667330849
5680287057
5693339564
5706319640
5719301721
5732303875
5745258247
5758303624
5771280120
5784268932
5797302146
5810243069
5823270973
5836298388
5849245554
5862239201
5875212194
5888202322
5901220449
5914148582
5927172401
5940168099
5953036684
5966059325
5979057073
5992062792
6005113569
6018104111
6031092266
6044121103
6057034165
6070016384
6083046078
6096003633
6109005083
6121992335
6134957004
6147973999
6160938210
6173972264
6186930829
6199839882
6212907551
6225884200
6238872692
6251898148
6264854693
6277866838
6290878570
6303875124
6316918099
6329894840
6342862462
6355936847
6368855448
6381845638
6394881513
6407790536
6420808174
6433833110
6446793816
6459669516
6472613194
6485615164
6498649938
6511638047
6524622147
6537604442
6550572967
6563611673
6576600914
6589622453
6602660792
6615683050
6628704681
6641683335
6654608117
6667666254
6680662624
6693636795
6706699568
6719614435
6732614601
6745662792
6758614732
6771650760
6784641470
6797642018
6810643989
6823560478
6836587801
6849537552
6862520459
6875575766
6888563415
6901576264
6914605637
6927564125
6940547506
6953532984
6966484128
6979507610
6992510437
7005504054
7018551144
7031526799
7044510348
7057554930
7070461092
7083427964
7096375696
7109368808
7122400659
7135432174
7148405182
7161442756
7174470736
7187525370
7200484821
7213388153
7226430332
7239391406
7252423196
7265464380
7278412220
7291441225
7304427452
7317406672
7330433979
7343410307
7356374594
7369353691
7382334746
7395349492
7408385658
7421363271
7434426794
7447451516
7460386335
7473426815
7486417280
7499429104
7512443055
7525446127
7538491213
7551479582
7564482975
7577536599
7590438109
7603431206
7616457978
7629432684
7642510129
7655538431
7668500285
7681537339
7694502008
7707508186
7720523192
7733466671
7746474058
7759496867
7772528673
7785567118
7798546598
7811546166
7824620720
7837636384
7850627079
7863638413
7876595907
7889624071
7902644539
7915689411
7928728928
7941736559
7954778555
7967816037
7980735892
7993787771
8006751477
8019739555
8032790348
8045792395
8058829280
8071867160
8084833833
8097867169
8110769184
8123736745
8136766103
8149754380
8162771559
8175766660
8188754983
8201755179
8214725034
8227694860
8240671876
8253519424
8266434628
8279478291
8292467394
8305527719
8318529445
8331531462
8344530464
8357503640
8370518570
8383563350
8396493364
8409476547
8422479741
8435419609
8448455775
8461412289
8474368957
8487388385
8500293567
8513181201
8526155188
8539090038
8552121017
8565187722
8578179518
8591223686
8604217915
8617248619
8630262799
8643218701
8656235696
8669228961
8682230304
8695303848
8708286357
8721284702
8734328044
8747333059
8760365370
8773377775
8786342612
8799367640
8812415097
8825447729
8838497589
8851471193
8864498501
8877483565
8890426569
8903453571
8916436462
8929430645
8942501664
8955513136
8968558314
8981577864
8994560496
9007645683
9020601478
9033554321
9046529256
9059496756
9072506361
9085562478
9098527851
9111566680
9124600214
9137577032
9150543782
9163467829
9176438542
9189417685
9202390463
9215451109
9228465075
9241441678
9254476284
9267377657
9280338379
9293320368
9306228197
9319209727
9332083239
9344997724
9357942733
9370914134
9383865079
9396934171
9409772722
9422762881
9435685995
9448581218
9461595857
9474622506
9487590144
9500579048
9513564939
9526594954
9539572108
9552520881
9565556542
9578499363
9591513711
9604541263
9617500623
9630525636
9643483175
9656383263
9669379052
9682272117
9695246257
9708279012
9721271680
9734325288
9747385949
9760356341
9773400631
9786436996
9799314669
9812337157
9825280560
9838238191
9851244690
9864212526
9877213686
9890220384
9903197493
9916263585
9929182860
9942070294
9955040762
9967965804
9981043311
9994039835
10007017601
10020113085
10033121451
10046130582
10059128651
10072116638
10085108556
10098115316
10111135585
10124200592
10137205056
10150100156
10163112225
10176016796
10188971902
10201981446
10214957575
10227997107
10240984589
10254023218
10267064510
10280053965
10293066585
10306116459
10319025834
10332072450
10345070718
10357952859
10370945283
10383981617
10396988928
10410008922
10422962789
10435978468
10448931739
10461774161
10474783461
10487714118
10500702380
10513729993
10526717123
10539752065
10552717545
10565694974
10578708221
10591640408
10604611672
10617616412
10630568611
10643628095
10656622553
10669576849
10682605962
10695600971
10708543761
10721550061
10734491888
10747472622
10760499333
10773496560
10786544997
10799578715
10812552029
10825572344
10838532347
10851552249
10864537512
10877547255
10890607549
10903618332
10916597690
10929607938
10942436115
10955465580
10968447798
10981368924
10994385735
11007377746
11020322709
11033398930
11046381347
11059402734
11072470555
11085473260
11098480494
11111484025
11124470818
11137444254
11150461219
11163370747
11176292592
11189242466
11202179702
11215180158
11228170837
11241205106
11254122422
11267122373
11280167107
11293143220
11306052427
11319023262
11331927573
11344916508
11357891030
11370855164
11383874944
11396835604
11409805858
11422834925
11435809646
11448745398
11461740469
11474553331
11487432856
11500301946
11513285373
11526326129
11539281282
11552255636
11565157101
11578096387
11591125271
11604099242
11617106568
11630161232
11643158138
11656158517
11669139818
11682141926
11695072155
11707895835
11720880807
11733947726
11746691830
11759670254
11772638993
11785568977
11798595428
11811589611
11824567331
11837522575
11850484842
11863417320
11876374554
11889340202
11902347375
11915345184
11928338280
11941373238
11954332353
11967359997
11980352589
11993305523
12006320850
12019270954
12032285562
12045259259
12058239075
12071278959
12084289467
12097160577
12110186048
12123135417
12136070129
12149063730
12161974391
12174945731
12187939638
12200909418
12213937536
12226965669
12239951942
12252980091
12265922361
12278934950
12291970779
12304993803
12317998711
12331028925
12343997542
12357042949
12370024663
12382952321
12395857183
12408801381
12421833813
12434898407
12447886347
12460922391
12473929273
12486847889
12499750257
12512701569
12525686985
12538680877
12551631226
12564685828
12577694607
12590748154
12603793868
12616766172
12629810722
12642847959
12655801704
12668791695
12681613416
12694661118
12707745709
12720756186
12733711905
12746723652
12759744090
12772771061
12785731125
12798645166
12811590267
12824571598
12837596319
12850670552
12863686476
12876693236
12889681299
12902669882
12915622387
12928606304
12941603256
12954571842
12967527224
12980588100
12993591616
13006573115
13019562800
13032574119
13045528231
13058565651
13071503408
13084473432
13097524240
13110498212
13123539871
13136539898
13149514329
13162547007
13175482636
13188493251
13201464959
13214288837
13227341787
13240345089
13253287543
13266325009
13279247711
13292208157
13305181195
13318071399
13331034799
13343908203
13356907695
13370012222
13382978299
13395897175
13408880220
13421664364
13434664881
13447672987
13460677390
13473718728
13486713293
13499721629
13512746549
13525691298
13538644798
13551539286
13564457489
13577463713
13590456336
13603452507
13616487909
13629464527
13642563301
13655552358
13668465589
13681500791
13694472452
13707445858
13720477143
13733361533
13746294057
13759339725
13772281275
13785337377
13798341092
13811336147
13824364342
13837370780
13850385618
13863344152
13876343445
13889367555
13902398856
13915373011
13928402139
13941369210
13954347527
13967271972
13980186473
13993192758
14006241639
14019275142
14032298961
14045225197
14058267988
14071304934
14084274087
14097269769
14110235586
14123224521
14136226308
14149219817
14162219462
14175257694
14188195756
14201225726
14214169266
14227131242
14240142729
14253086759
14266107472
14279162503
14292138999
14305140740
14318133347
14331091208
14344086324
14357043221
14370050363
14383100360
14396100219
14409092276
14422124907
14435078148
14448100620
14461085501
14474057376
14487067410
14500018447
14513041837
14526077101
14539108906
14552133903
14565122471
14578105929
14591187704
14604108998
14617112835
14630091948
14643024976
14656079074
14669072262
14682029251
14695121966
14708118551
14721112015
14734114597
14747035432
14760007996
14773019376
14785990272
14799033109
14812039762
14825012769
14838027944
14851002405
14864017733
14877023957
14890010046
14903032335
14916067751
14928977799
14942019305
14955016609
14968057518
14981095750
14994067243
15007111503
15020091900
15033080560
15046123749
15059022169
15072048329
15085039635
15098028310
15111026762
15124020562
15136990954
15149987967
15162952040
15175961645
15189001376
15202026006
15215048157
15228057594
15240924374
15253857923
15266836301
15279835869
15292844098
15305847231
15318875671
15331851800
15344796043
15357850325
15370847460
15383828577
15396869532
15409775893
15422778292
15435828488
15448802567
15461788932
15474776581
15487779914
15500837699
15513798114
15526802334
15539802744
15552838130
15565896955
15578885584
15591875009
15604904061
15617869525
15630922032
15643861196
15656841701
15669868197
15682825874
15695854650
15708920927
15721856939
15734860914
15747877435
15760878411
15773899155
15786866150
15799860241
15812865011
15825808980
15838813138
15851775696
15864739998
15877764000
15890764518
15903695420
15916679091
15929557300
15942480461
15955441703
15968453404
15981478952
15994479974
16007404710
16020467361
16033335823
16046307225
16059381778
16072364241
16085366518
16098427195
16111433878
16124486338
16137479404
16150530457
16163579858
16176530053
16189529071
16202518358
16215503912
16228543000
16241537979
16254564093
16267608383
16280596629
16293610519
16306610256
16319565454
16332582342
16345608456
16358627333
16371653738
16384597263
16397582801
16410575071
16423503021
16436511126
16449477249
16462438598
16475457980
16488487491
16501471056
16514487163
16527468601
16540522072
16553522558
16566492368
16579508400
16592460079
16605481680
16618542586
16631511279
16644562133
16657554924
16670508699
16683496425
16696422508
16709377508
16722437832
16735429430
16748399637
16761404010
16774324967
16787359665
16800343474
16813342538
16826409243
16839364793
16852339422
16865389206
16878371607
16891395120
16904378058
16917346827
16930346166
16943293210
16956354009
16969337207
16982312739
16995387277
17008375218
17021384334
17034436259
17047446078
17060427011
17073435683
17086416402
17099414670
17112417498
17125393152
17138470751
17151519080
17164462100
17177468997
17190410793
17203427237
17216441387
17229414731
17242451127
17255427164
17268532578
17281564689
17294577217
17307637389
17320647789
17333621164
17346666449
17359862990
17372833626
17385899643
17398847925
17411859153
17424880187
17437826772
17450871154
17463816132
17476771116
17489785143
17502781392
17515775529
17528836389
17541777511
17554810832
17567816413
17580825774
17593835471
17606791266
17619791798
17632805152
17645706280
17658753707
17671777756
17684779573
17697857034
17710923525
17723910318
17736936784
17749904329
17763269369
17776284345
17789293965
17802371839
17815391083
17828408247
17841431133
17854354339
17867338699
17880300614
17893260219
17906307631
17919320388
17932317156
17945345152
17958313386
17971353638
17984332291
17997240641
18010291801
18023291477
18036244242
18049257841
18062195980
18075175567
18088236626
18101246308
18114190108
18127084060
18140051912
18153080627
18166324139
18179323722
18192357884
18205269401
18218280322
18231286898
18244240873
18257252130
18270292550
18283289869
18296330977
18309328970
18322361403
18335380005
18348169978
18361239774
18374205713
18387168699
18400216478
18413203990
18426198601
18439212873
18452133968
18465157297
18478244045
18491268920
18504223858
18517160651
18530131547
18543152582
18556116318
18569616181
18582590963
18595598794
18608610419
18621556162
18634524916
18647514631
18660407192
18673432418
18686447730
18699455775
18712451641
18725372751
18738358550
18751377503
18764136816
18777141020
18790133566
18803106972
18816147865
18829160668
18842116754
18855104037
18868051876
18881097498
18894081873
18907088434
18920071356
18933033944
18946045294
18959089095
18972343882
18985318925
18998331804
19011292113
19024316116
19037204897
19050108075
19063148051
19076165414
19089202911
19102215484
19115198177
19128257982
19141200649
19154012426
19167014886
19179907171
19192924487
19205945675
19218957621
19231982343
19244994977
19257978068
19271298783
19284251059
19297263021
19310268312
19323210153
19336245723
19349264064
19362247644
19375250778
19388197561
19401162414
19414159152
19427117472
19440346739
19453447119
19466419561
19479676705
19494442827
19509238355
19523404946
19536901245
19550477623
19564350546
19578037345
19592066619
19605907626
19620185968
19634719683
19649031227
19663478971
19677974680
19692248035
19706664858
19721014804
19735385482
19749818829
19764153506
19778463091
19792874911
19807948486
19822428758
19836810116
19851110505
19865527879
19880120055
19894552805
19908984668
19923293029
19937691140
19952075052
19967090136
19981562023
19995872756
20010283535
20024686236
20038865067
20053434079
20067150942
20080768019
20094384024
20108008751
20121563067
20135205067
20148312042
20161360371
20174410889
20187404536
20200639908
20213622693
20226613815
20240175705
20253217364
20266145037
20279107366
20291996652
20305074174
20318269307
20331217299
20344625944
20358723165
20372472724
20386868479
20401464097
20416193943
20430497821
20444990440
20459615251
20474367373
20489895695
20505431009
20520756545
20536197121
20551541767
20566964412
20582621162
20598150968
20613695477
20629254950
20644691273
20660192605
20675814992
20691302202
20706810772
20722245366
20737673488
20753256676
20768682411
20784099166
20799397896
20814791700
20830262678
20845562724
20861572888
20877080096
20892377036
20907902941
20923488439
20938908957
20954437998
20969916625
20985402061
21000955644
21016482359
21031995289
21047475645
21062889936
21078471518
21094028175
21109440523
21124926219
21140332279
21155859377
21171371022
21186823241
21202341159
21218019742
21233542158
21249035153
21264490524
21279988414
21295470132
21310920333
21326400153
21342421640
21357716897
21373327181
21388788719
21404385600
21419843572
21435210586
21450778902
21466795004
21482741214
21498738894
21514534140
21530474675
21546518867
21562275204
21578206100
21593997153
21609842614
21625793843
21641592455
21657452205
21673478175
21689369214
21705363038
21721317083
21737149400
21753189002
21769010074
21784849629
21800784640
21816592738
21832637756
21848580188
21864383665
21880202243
21896189274
21913112727
21929148243
21945034279
21960930276
21976866450
21992936560
22008913401
22024735988
22040531096
22056398527
22072180186
22088009857
22103930915
22119603378
22135510895
22151372879
22167172317
22183149495
22199142034
22215058242
22231058355
22246920920
22262907538
22278793666
22294629885
22310612648
22326382174
22341901454
22357584244
22373316148
22389222717
22405670538
22421429737
22437350289
22452856243
22468294126
22484031997
22499497451
22514986177
22530524444
22545949720
22561574631
22577017716
22592407160
22607955250
22623340211
22638807654
22654357365
22669791959
22685402090
22700762755
22716148878
22731231802
22746207825
22761212535
22776389033
22791397354
22806511795
22821512206
22836438810
22851137198
22865507295
22880392803
22895166192
22909534820
22923855375
22938272856
22952615886
22967051238
22981422145
22995843313
23010417925
23024827021
23039233960
23053734443
23068112435
23082624332
23097062314
23111426184
23125976606
23140287002
23154689887
23169116532
23183412408
23197954355
23212361783
23226640401
23241112748
23255469288
23270253556
23285454519
23300610072
23315828431
23331206385
23346230541
23361234302
23375665461
23391636228
23408532233
23425328129
23439639535
23455912171
23473051598
23490517788
23507582260
23524786575
23542063686
23559193153
23576455302
23593760979
23610948509
23628346231
23645553284
23662853667
23680351421
23697627660
23715093926
23732499971
23749828017
23767210791
23782907458
23797423486
23812096140
23826567722
23841056883
23856065005
23873596281
23891756922
23909212294
23926657935
23943881359
23960950407
23978291809
23995593018
24012758838
24030145529
24047425456
24064736105
24082279743
24099673961
24117100600
24134258709
24151143789
24168097122
24185426024
24199950207
24214111015
24228075799
24241787935
24255693982
24270654032
24287928665
24305549369
24322685598
24339714529
24356564144
24373468517
24390435926
24407193420
24424071829
24440991777
24457826322
24474806613
24491668743
24508545301
24525514990
24542377044
24559378465
24576336144
24592025421
24605944443
24619762761
24633555849
24647340414
24660941502
24678092236
24695768693
24712874154
24730090219
24747064192
24763986864
24780900372
24797771468
24814633353
24831595361
24848468308
24865503741
24882574441
24899553157
24916607073
24933497400
24950471159
24967604069
24984510263
24999418919
25013308703
25027214337
25041125388
25054858071
25069639065
25086864861
25104287231
25121411817
25138465335
25155230967
25172166155
25189008227
25205943843
25222853494
25239560957
25256443252
25273436886
25290345543
25307456665
25324390935
25341310715
25358319098
25375203826
25391939211
25405849481
25419594955
25433606022
25447446019
25461081869
25477053600
25494573753
25511690719
25528689922
25545414413
25562208198
25579121981
25595946672
25612825800
25629620687
25646454695
25663542944
25680376815
25697435550
25714410563
25731205740
25748189582
25765075978
25781971232
25798934128
25812813447
25826596528
25840482609
25854274289
25868047059
25883251112
25900351892
25917247972
25934001885
25950830432
25967796694
25984664255
26001524381
26018351367
26035094769
26052049341
26068825118
26085846429
26100535347
26114207580
26127807965
26141760448
26155513235
26169175202
26182414674
26195524051
26209519848
26222501378
26235544368
26248588735
26261598386
26274610914
26287636875
26300770181
26315341442
26330412248
26347557428
26361356345
26375193787
26389033647
26402834170
26416683700
26430598683
26444436737
26458905289
26472006358
26485088057
26498140012
26510997214
26523910598
26536976599
26549932884
26563018285
26576198975
26589468619
26602914106
26616225122
26629595700
26642886106
26655751616
26668819071
26681929579
26694928612
26707974723
26720972747
26733965843
26746984812
26759947523
26773178351
26786202124
26799146766
26812147558
26825177619
26838182574
26851254695
26864260016
26877284569
26890339662
26903277036
26916293006
26929287571
26942257167
26955313896
26968312807
26981276680
26994307262
27007273614
27020326564
27033292764
27046282295
27059268813
27072137934
27085174436
27098232604
27111232861
27124257491
27137279061
27150276717
27163294079
27176239638
27189209188
27202222267
27215241389
27228304988
27241322962
27254083743
27267099209
27280025077
27292993587
27305990478
27318946686
27331882316
27344934118
27357881483
27370808958
27383797373
27396807789
27409824264
27422772119
27435778358
27448779701
27461710695
27474737436
27487768905
27500717724
27513804579
27526789062
27539770622
27552734327
27565754673
27578712136
27591733431
27604721769
27617773725
27630688164
27643667123
27656668482
27669660140
27682637202
27695611817
27708546620
27721426374
27734403024
27747423155
27760907351
27773936892
27786942826
27800002692
27812951770
27825993704
27838933603
27851933447
27865002355
27878000347
27890947054
27903860300
27916838801
27929883443
27942845022
27955864679
27968906032
27981856472
27994915037
28007954814
28020944331
28033957730
28046958706
28059973957
28072999842
28085973553
28098954563
28111836826
28124789929
28137842604
28150792860
28163778536
28176838861
28189846737
28202818246
28215820125
28228766495
28241761978
28254762419
28267769592
28280998323
28293840929
28306987974
28320003623
28332883989
28345850602
28358867475
28372094064
28385197979
28398258304
28411271566
28424293090
28437254898
28450281731
28463278851
28476131662
28488998580
28501969996
28514972212
28528037218
28540945568
28553949834
28566945195
28579850179
28592846335
28605810928
28618700566
28631708488
28644703972
28657729948
28670738712
28683628013
28696615036
28709558117
28722479517
28735492764
28748461167
28761445007
28774421839
28787430435
28800429422
28813435738
28826643096
28839706021
28853146459
28866517160
28879448552
28892381152
28905384607
28918398986
28931349441
28944393961
28957210465
28970217500
28983213825
28996173766
29009174054
29022255554
29035283045
29048337265
29061308972
29074391604
29087425521
29100241796
29113775717
29126817054
29140084694
29154197506
29170416868
29186635266
29202850512
29219530985
29236182556
29249451389
29263850571
29280145194
29296508712
29313627117
29329871112
29346205728
29362263644
29378416527
29394746707
29411045552
29427058655
29441509979
29456892201
29473987595
29490515359
29507198402
29523237499
29539384370
29555507770
29571541787
29587888323
29604058663
29620476022
29635568355
29650034046
29667081689
29684121222
29700472409
29716912473
29733056987
29749120885
29765194683
29781196509
29797333236
29813522013
29828932785
29843332242
29859711014
29876928732
29893484923
29909757253
29925935029
29942070165
29958141621
29974361197
29990448933
30006516825
30022386765
30036678418
30052533717
30069716458
30086092920
30102862393
30120333035
30136391425
30152657559
30168660013
30184858597
30201251981
30217545685
30232198052
30247465279
30264449794
30281538593
30298034900
30314229338
30330454239
30347848487
30364318677
30380491129
30396512646
30412828842
30428207484
30444285015
30462942248
30481916038
30500814261
30518127787
30534940988
30551167647
30567194535
30583278936
30599411240
30615468116
30631720847
30646355358
30661398792
30678393512
30695314685
30711789434
30728178947
30744321518
30760377185
30776480619
30792560751
30808840073
30825088780
30840229461
30854682729
30871366874
30888525411
30905002440
30921279207
30937542633
30954694193
30970841660
30987666794
31004164953
31020338552
31036302266
31050593874
31066253393
31083590175
31099951566
31116596452
31132783714
31148969309
31165290155
31181440881
31197768552
31213981135
31230133131
31244709150
31259867166
31276555718
31293652810
31310244008
31326414363
31342666712
31358717422
31374893898
31390885412
31406948147
31423230086
31438188605
31452628562
31469631498
31486711423
31503423613
31519972766
31535972848
31552156301
31568145566
31584260398
31600371497
31616399976
31631978084
31646446024
31662770527
31679986378
31696534277
31713114933
31729337354
31745378624
31761605330
31777857311
31793952345
31810078621
31825994140
31840361376
31856094901
31873348803
31889884569
31906368330
31922446794
31938707404
31954818197
31970973177
31987274562
32003323971
32019601901
32034167501
32049043278
32065995066
32083084263
32099843317
32116193264
32132365181
32148614270
32164920567
32180973617
32197198196
32213377809
32228535672
32242974266
32259679847
32276752015
32293183603
32309468051
32325804565
32341992454
32358125264
32374423008
32390554440
32406763122
32422557221
32436832381
32452804510
32470104602
32486632779
32503250155
32519346046
32535418864
32551602546
32567825641
32584120263
32600258183
32616336724
32630921847
32645901725
32662729062
32679918077
32696406780
32712875669
32729049345
32745122577
32761359288
32777519562
32793618466
32809859738
32825358714
32839736216
32855708039
32872896380
32889449160
32905905794
32922040944
32938278880
32954656184
32970832399
32987044111
33003150207
33019522033
33035252973
33049546478
33065467627
33082698487
33099592456
33116464501
33132738560
33149020422
33165129150
33181196705
33197475492
33213686760
33230014629
33245191770
33259618538
33276143486
33293263712
33309613935
33326017003
33342136227
33358369312
33374659207
33390902421
33407145054
33423320245
33439115537
33453582069
33469268853
33486554319
33503314031
33519837893
33536042077
33552385093
33568490944
33584800683
33600931305
33617142267
33633607224
33648204281
33663241305
33680143566
33697045951
33713534501
33729943873
33746026789
33762242234
33778408918
33794652591
33810797549
33827038652
33842383588
33856867593
33873949539
33891158902
33907690078
33924275400
33940549413
33957428098
33974239952
33990410124
34006534534
34022823129
34038817427
34053228650
34068908304
34085893385
34102718918
34119305280
34135423570
34151723716
34167864023
34184034899
34200299763
34216471893
34232773951
34247630251
34262357664
34279269274
34296393983
34312994559
34329541877
34345666608
34361981962
34378505870
34394636997
34410916304
34427125460
34442675493
34457995934
34474575182
34491810770
34508453834
34525052651
34541329419
34557524239
34573511500
34589758646
34605830562
34621894154
34638145080
34652648898
34668259810
34685224419
34702404636
34719118218
34735399163
34751671875
34767860484
34783878651
34800105112
34816462020
34832895965
34849245713
34863666024
34879100328
34896181676
34913310164
34930065897
34946413473
34962490637
34978822392
34995046941
35011328068
35027681336
35043781204
35059984501
35074297804
35089400725
35106325493
35123281856
35139865434
35156174790
35172293417
35188460789
35204784145
35221059933
35237364378
35253520505
35268884841
35283283885
35299656507
35316769557
35333447307
35349894378
35366166433
35382282015
35398303380
35414620172
35430650808
35446790426
35462795450
35477214093
35492994422
35510232090
35526696986
35543183333
35559332667
35575489038
35591822553
35607902455
35624117043
35640434371
35656662668
35671392575
35686183727
35702895489
35719666997
35735724760
35751950884
35768177406
35784236179
35800505740
35816663994
35832656487
35848982429
35864179169
35878680800
35895589442
35911572219
35924941023
35938911132
35953614569
35968458996
35981667364
35995058827
36011014462
36025308900
36038400330
36051403188
36064378537
36077373209
36090370008
36103433347
36116484370
36129489768
36142557880
36156539892
36171427833
36186832852
36205246448
36219454563
36233624245
36247656487
36261703601
36275852750
36292215733
36310938985
36326281779
36340254413
36354432846
36368551977
36382832630
36399589848
36418954706
36433694787
36447598126
36461637865
36475861694
36489889285
36507131910
36520589852
36536047426
36549583076
36562913767
36576346280
36589873132
36603301300
36616646771
36630040345
36643353869
36656705307
36670051543
36683560296
36696963233
36710310341
36723679879
36737167456
36750483720
36763924464
36777295103
36790655032
36804178488
36817512622
36830817945
36844204925
36857589595
36871168054
36884591417
36897947323
36911330126
36924613830
36938763959
36953246633
36966273665
36981361485
36994649688
37007656432
37020674437
37033639687
37046479799
37059505638
37072515978
37085515929
37098534714
37111491641
37124493000
37137483281
37150615822
37163965302
37177239536
37190534578
37203846603
37217052599
37230383994
37243679617
37257011900
37270415862
37283649674
37296985200
37310387862
37323706329
37336981205
37350513351
37364550107
37377929314
37391327999
37404659883
37417941767
37431251360
37444500395
37457754081
37471168922
37484540785
37497860965
37511289638
37524697089
37538075608
37551311638
37564496352
37577570202
37590637289
37603909626
37616957068
37630003531
37642872254
37655899362
37668964736
37681952983
37694928943
37707909769
37720782042
37733795334
37746808122
37759800240
37772802929
37785816880
37798844264
37811824294
37824789805
37837788057
37850761096
37863785236
37876825197
37889825989
37902878205
37915841772
37928882406
37941929236
37954857752
37967875389
37980907149
37993922767
38007030874
38020062205
38033058148
38046101796
38059112242
38072126285
38085166337
38098145434
38111121196
38124058860
38137086015
38150125654
38163149963
38176179412
38189225844
38202172903
38215217025
38228208393
38241126504
38254204684
38267243406
38280271784
38293326050
38306252377
38319279057
38332242594
38345340557
38358372103
38371410472
38384431461
38397477449
38410458428
38423445757
38436476170
38449494894
38462537150
38475538248
38488537327
38501517373
38514498076
38527528826
38540582052
38553606850
38566658408
38579697665
38592667169
38605688570
38618670085
38631661988
38644685853
38657697784
38670737668
38683802353
38696573844
38709570307
38722549465
38735490098
38748526616
38761495126
38774525493
38787559211
38800398053
38813464345
38826429825
38839393117
38852425413
38865374032
38878326553
38891302866
38904237547
38917305996
38930292804
38943326492
38956392171
38969417031
38982404987
38995410752
39008373937
39021403095
39034439506
39047263048
39060311868
39073270554
39086289891
39099315393
39112103622
39125119868
39138070247
39151022018
39164077447
39176999903
39190035151
39203033052
39215978964
39229008780
39241950178
39254853663
39267897999
39280847001
39293833411
39306891747
39319842447
39332890655
39345937133
39358915771
39371927916
39384885150
39397898412
39410939106
39423922044
39436989759
39450024869
39462981154
39476013403
39489007662
39502010230
39515000725
39527965945
39541003488
39554034483
39566979507
39580036389
39593033112
39606061766
39619039930
39631976325
39644984079
39658022280
39670876008
39683913184
39696923142
39709902514
39723487155
39737648926
39750695512
39763701093
39776688666
39789694340
39802598543
39815627687
39828686298
39841653996
39854671359
39867690358
39880502303
39893607549
39906654991
39919628886
39932648941
39945630654
39958650052
39971684045
39984628595
39997651282
40010672989
40023698461
40036793930
40049786277
40062785952
40075834848
40088825818
40101838498
40114793238
40127803425
40140871200
40153849854
40166770138
40179725780
40192651174
40205691288
40218714602
40231674207
40244716202
40257709008
40270655348
40283603064
40296516096
40309438109
40322406756
40335389525
40348433020
40361378977
40374369810
40387393919
40400329641
40413151469
40426152201
40439095373
40452081294
40464969004
40477942884
40490972196
40503988533
40517014127
40530061248
40542936565
40555728145
40568707977
40581578031
40594608429
40607575393
40620572728
40633595032
40646501684
40659482112
40672458822
40685340810
40698390348
40711380110
40724354923
40737410566
40750351872
40763325583
40776318558
40789125606
40802143014
40815074529
40828015498
40840943340
40853897559
40866923031
40879922752
40892794612
40905843951
40918783329
40933053456
40946073542
40958919330
40971891817
40984940361
40997828729
41010836973
41023894284
41036808509
41049811183
41062726709
41075696350
41088702528
41101627372
41114649202
41127654064
41140675772
41153628048
41166546220
41179584773
41192534280
41205466544
41218462945
41231425687
41244379095
41257423829
41270397418
41283398808
41296499708
41309494962
41322470096
41335468869
41348299510
41361300532
41374306649
41387260410
41400310621
41413095072
41426078621
41439062583
41451977788
41464925413
41477844855
41490792878
41503644909
41516637959
41529637405
41542663810
41555632121
41568639676
41581516737
41594504571
41607528282
41620429717
41633429438
41646510433
41659482967
41672471963
41685464264
41698366127
41711318020
41724192833
41737115855
41750118759
41763088080
41776133640
41789133637
41802074117
41815098639
41828062498
41840956726
41853900954
41866789827
41879745531
41892779616
41905747758
41918826810
41931844968
41944838401
41957788398
41970631294
41983554638
41996552646
42009478652
42022475467
42035497710
42048339275
42061384331
42074415234
42087362904
42100334107
42113255324
42126202245
42139121565
42151988100
42164937699
42177863414
42190852089
42203801917
42216736354
42229746020
42242556221
42255402820
42268396850
42281373575
42294280762
42307273584
42320258280
42333225245
42346297152
42359172851
42372178234
42385112793
42398087881
42411047256
42424031081
42437009719
42450045763
42463041935
42476051892
42488974502
42501957669
42514977938
42527937742
42540946766
42553960257
42566962748
42579915330
42592872640
42605857704
42618840978
42631823533
42644658030
42657617971
42670597466
42683633831
42696588341
42709519152
42722520525
42735387978
42748712993
42761719952
42775485255
42789443552
42802470354
42815467903
42828527585
42841548161
42854418414
42867992818
42883206802
42898430715
42913827610
42931794782
42946048997
42960291170
42974453630
42988730978
43002857422
43019343723
43038149366
43054183491
43068387261
43082474400
43096466081
43110736850
43125072369
43141838553
43161792384
43175954936
43190230050
43204408193
43218654589
43232998691
43247712900
43264452171
43283989032
43298187493
43312505753
43326658131
43340834652
43355116131
43369659286
43382884070
43396239930
43409654251
43423063308
43436444734
43449760921
43463056545
43476387174
43489655136
43503046139
43516328391
43529711714
43543221461
43556560873
43569949505
43583250713
43596626983
43610210200
43623437571
43636722331
43650059249
43663354230
43676750849
43690090842
43703386588
43716806937
43730164725
43743420155
43756749607
43769935713
43783243668
43796534549
43809882055
43823227113
43836549894
43849902969
43863178564
43876495394
43889761060
43903026772
43916350578
43929740373
43943078331
43956476465
43969822716
43983039269
43996468860
44009796598
44023054384
44036379108
44049690399
44062922359
44076505990
44090099382
44104631567
44120201153
44133479243
44146627864
44160056536
44173709552
44186730189
44199781196
44215736265
44229648357
44242602377
44255561446
44268403853
44281358883
44294536238
44308552369
44322931049
44339273178
44355190059
44371259235
44386910661
44402459118
44417946482
44433343468
44448788023
44464345506
44479471438
44495062965
44510775300
44526419488
44542128488
44557914829
44573687201
44589119347
44605098086
44620762563
44636612674
44652230547
44668136427
44683909304
44699341113
44715410137
44731023634
44746671449
44762409687
44778089387
44793766440
44810126164
44826013623
44842169092
44857961109
44874249306
44889999462
44905853261
44922319045
44937763783
44952859620
44969585687
44985211791
45000358577
45016657911
45033073955
45048754512
45064101590
45079888696
45096006404
45111368124
45126442036
45141653755
45156956800
45173616756
45189164907
45204585761
45220153052
45235542909
45251965164
45267401212
45282740028
45298226351
45314100698
45330206274
45345817537
45361331064
45377454357
45393657332
45409118869
45424628816
45440685523
45455930168
45472057209
45487549469
45503587434
45519054510
45535022967
45550493195
45566608884
45582013995
45598137303
45613526762
45629540630
45645083670
45661137027
45676578169
45692648769
45708114468
45724096359
45740124225
45755613685
45771780706
45787239933
45803223690
45818731479
45834605612
45850550874
45865943577
45881842541
45897949356
45913443207
45929003980
45945273159
45960710537
45976220775
45992523246
46007921411
46023363349
46039538310
46054852860
46070322813
46086489313
46101972515
46118203719
46133571391
46148956566
46165067328
46180409281
46196114134
46211881610
46227406352
46243387783
46258797178
46274845165
46290291831
46306084888
46321802349
46337422517
46353153120
46368934810
46384618763
46400382399
46416193450
46431913649
46447711496
46463304276
46479205674
46494684240
46510629181
46526064433
46541957231
46557956151
46573479378
46589378939
46604993553
46620681530
46636463128
46651922631
46667634904
46683255761
46698869380
46714661535
46730498443
46746340797
46761915264
46777733750
46793507805
46809188316
46824869455
46840495605
46855939302
46871528625
46887082192
46902471162
46918085103
46933453524
46948917601
46964731054
46980254006
46996105188
47011532729
47026950539
47042676369
47058342375
47074071555
47089634792
47105230923
47120773092
47136212154
47151904384
47167514133
47182899308
47198447673
47213795516
47229253351
47244773181
47260610838
47277197278
47293798237
47315601410
47332884030
47350080756
47366550777
47383120203
47399985301
47414801377
47429684223
47444717284
47459580209
47474310926
47489205124
47504245239
47519132460
47534060823
47549423323
47564333541
47579182803
47594262942
47612060498
47629681126
47645196152
47660455974
47675000353
47689569487
47704306539
47719404656
47734010724
47748701937
47763897958
47778509045
47793219873
47808019318
47822674806
47837312178
47852259008
47866888730
47881487042
47896248910
47912428966
47932473006
47948333063
47964233511
47980153299
47996564936
48011279497
48026178499
48042161262
48059979167
48074667183
48089261669
48103052737
48116945810
48130867953
48144701295
48158801730
48172752606
48186569072
48200666171
48214507285
48228254519
48242055807
48255867072
48269635404
48283363375
48297209645
48310988229
48324741093
48338545288
48352412076
48366052990
48379946369
48393737514
48407554714
48421486098
48435197607
48448884130
48462657863
48476267641
48490018853
48503806830
48517588749
48531375931
48545162991
48559072725
48572993599
48586767822
48600504437
48614244709
48628001322
48641822439
48655556667
48669307374
48683122723
48696921044
48710765662
48724620561
48738422447
48752298445
48765896381
48779533562
48793198879
48806916309
48820726762
48834499837
48848221688
48862119718
48875964000
48889802161
48903696657
48917483946
48931185372
48945031413
48958822848
48972682736
48986490695
49000076284
49013849665
49027568992
49041363564
49055110399
49068906685
49082632192
49096273229
49110169928
49124046141
49137721112
49151499298
49165253875
49178920157
49192592757
49206298160
49219981792
49233777358
49247483006
49261157366
49274970634
49288809041
49302854379
49316759861
49330479264
49344340865
49358113757
49371858588
49385810597
49399479464
49413328320
49427173902
49440951384
49454758303
49468519704
49482345014
49496360487
49509944775
49523785798
49537664826
49551430404
49565473050
49579228974
49592995256
49606735498
49620436479
49634180010
49648008227
49661674309
49675529484
49689293441
49703118016
49716978393
49730672367
49744441266
49758339893
49772393509
49786182099
49799891755
49813597143
49827481358
49841179509
49854851344
49868637103
49882412856
49896167893
49909938857
49923782144
49937701456
49951430391
49965243721
49979041873
49992832650
50006597295
50020398461
50034019286
50047803531
50061576483
50075314277
50089166132
50102874320
50116651434
50130412209
50144194785
50158064572
50171810153
50185657984
50199614812
50213452224
50227334756
50241169964
50254887501
50268758909
50282550451
50296329417
50310194859
50323968531
50337754335
50351652687
50365323222
50379080630
50392791251
50406492171
50420265736
50434002979
50447754726
50461492014
50475068883
50488961818
50502555378
50516243952
50529939135
50543512683
50557258723
50571027973
50584717113
50598645437
50612440407
50626196101
50640078801
50653880503
50667640068
50681512196
50695217752
50709057306
50722892392
50736725749
50750565808
50764431770
50778213505
50792037407
50805796345
50819763042
50833549244
50847265817
50861066554
50874829899
50888605422
50902360122
50915935674
50929612344
50943346236
50956872140
50970662443
50984373049
50998111990
51012035892
51025762456
51039562796
51053361667
51067100149
51080909959
51094650461
51108391054
51122227410
51136003163
51149811184
51163709734
51177436665
51191175468
51204746124
51218364991
51232143131
51245747003
51259514846
51273327900
51287055213
51300947338
51314721239
51328377239
51342150498
51355786439
51369488813
51383263204
51396889094
51410613423
51424423662
51438195406
51452086215
51465957287
51479829017
51493656667
51507521451
51521417584
51535252349
51549076847
51563040912
51576925234
51590680623
51604639516
51618198973
51632126165
51645707409
51659235654
51672848064
51686355195
51699778313
51713383241
51726950455
51740530781
51754133185
51767627647
51781259656
51794885882
51808458405
51822568616
51836115955
51849658827
51863242916
51876656396
51890207912
51903748320
51917199636
51930811740
51944398722
51958119012
51972010830
51985668942
51999629427
52013398845
52026979385
52040712436
52054256332
52067996987
52081733281
52095380621
52109210092
52122972993
52136605951
52150375278
52163964829
52177655285
52191358301
52205009512
52218756134
52232370823
52245880632
52259523810
52273164601
52286735411
52300506390
52314056253
52327703318
52341265850
52354852097
52368563835
52382242448
52395817602
52409728010
52423435464
52437130616
52450811815
52464348444
52478556330
52492117577
52505625182
52519250796
52532812257
52546439110
52559953998
52573441024
52587026047
52600617711
52614173495
52627796799
52641293036
52654783214
52668406135
52681741661
52695357391
52709335533
52723285614
52738826466
52752335035
52765785051
52779220088
52793316238
52806703248
52820170186
52833500923
52846895170
52861188430
52875220749
52888619066
52901959151
52915408785
52928804516
52942122355
52955551073
52968888818
52982280801
52995678919
53008916984
53022331641
53035713235
53049037776
53062466448
53075765422
53089103151
53102426544
53115686947
53129031363
53142509622
53155741491
53169054189
53182344304
53195643493
53208917956
53222152365
53235394606
53248700940
53261909246
53275299347
53288651030
53301880680
53315221148
53328530862
53341704071
53355001438
53368150258
53381349247
53394651909
53407850270
53421402719
53434663107
53447894991
53461251462
53474539986
53487886773
53501180255
53514370247
53527762123
53541098001
53554328660
53567692965
53580943530
53594284289
53607584671
53620841386
53634253611
53647523087
53660795378
53674211351
53687536687
53700824906
53714210631
53727499890
53740878653
53754259865
53767532018
53780875714
53794110398
53807347132
53820692281
53833934967
53847303525
53860460194
53873434977
53886848487
53900187241
53913446772
53926751315
53939995806
53953334866
53966715497
53980007968
53993385309
54006632860
54019904463
54033173602
54046334738
54059799044
54072973691
54086152499
54099422449
54112712212
54126006566
54139418745
54152768240
54166108340
54179414199
54192644477
54206050398
54219269169
54232708644
54246077814
54260529230
54274409819
54287869535
54301125929
54314427703
54327624320
54340923203
54354299549
54367536757
54380828219
54394226750
54407412581
54420813989
54434186219
54447620415
54461019084
54474340029
54487664937
54501030160
54514297448
54527591128
54540862562
54554165912
54567529713
54580806364
54594105384
54607509867
54620770545
54634102858
54647342591
54660634099
54674041810
54687302182
54700511177
54713839451
54727019422
54740216192
54753486555
54766687640
54780078475
54793355341
54806520670
54819921267
54833176636
54846390787
54859729403
54872901908
54886291167
54899644839
54912967987
54926471951
54939756252
54953069149
54966471903
54979723509
54993121352
55006615309
55019937310
55033353604
55046676753
55059914450
55073329337
55086681861
55100045080
55113348078
55126612398
55140014571
55153312306
55166607149
55180056568
55193358832
55206706766
55220315749
55233588927
55246942216
55260205021
55273458172
55286791525
55300209870
55313433920
55326970611
55340626595
55354437079
55367995158
55381170830
55394840722
55408566077
55423189465
55437813893
55451754855
55465132594
55478530773
55491965856
55505341560
55518720125
55532021807
55545464816
55558842309
55572088468
55585418241
55598599543
55611983998
55625283875
55639843585
55654438148
55669237011
55684034498
55698150554
55711440440
55724869632
55738343975
55751840105
55765310715
55778531429
55791806428
55805101899
55818313250
55831889322
55845240408
55858515071
55871852142
55885041721
55898339640
55912188909
55925780863
55941525328
55956298212
55969129144
55982238674
55995906715
56009014638
56024969585
56038714279
56051761476
56064799463
56077793401
56090878497
56103878034
56116872432
56129914473
56142940526
56155928971
56168964525
56181998457
56195104805
56208069780
56221020358
56233966055
56246977787
56260033002
56273077827
56286115952
56299135089
56312052221
56325109639
56338107356
56351165876
56364250237
56377222097
56390051897
56403384133
56417299850
56430744924
56444210408
56457318821
56470564949
56483857390
56496988416
56510234942
56523368079
56536524611
56549717204
56562922894
56576168135
56589322922
56602467764
56615645853
56628860723
56642223513
56655422211
56668462891
56681597574
56694716497
56707656717
56720842563
56733870911
56746920159
56759991209
56772922126
56785901728
56798997472
56812107767
56825283775
56838393779
56851390915
56864491892
56877576069
56890573159
56903610197
56916683405
56929736110
56942828442
56955889869
56969007462
56982064221
56995156569
57008293333
57021333859
57034477248
57047554326
57060621612
57073758957
57086872786
57099993286
57113116417
57126125334
57139209374
57152300161
57165405988
57178584490
57191816343
57204891891
57218024432
57230968339
57244102257
57257179504
57270280863
57283407972
57296518665
57309688033
57322810108
57335896367
57349057916
57362203692
57375301027
57388307022
57401559591
57414594089
57427698050
57440728035
57453724161
57466729650
57479591473
57492626124
57505631063
57518547507
57531559422
57544538703
57557500037
57570531276
57583495532
57596520483
57609522026
57622485226
57635529440
57648410235
57661233899
57674160716
57687071881
57700100688
57713110875
57726029384
57739077576
57752048778
57765013432
57778025531
57790910227
57803932470
57816975812
57829934881
57843001112
57855932244
57868877252
57881938893
57894879204
57907822041
57920791988
57933662486
57946634178
57959594349
57972465673
57985461126
57998457496
58011477812
58024507735
58037273428
58050291234
58063256408
58076216472
58089191882
58102151839
58115108720
58128142316
58141078940
58154056232
58167025874
58179905643
58192937816
58205995173
58218945291
58232008952
58244941062
58257931405
58270919988
58283923106
58296873929
58309812466
58322841426
58335773873
58348778873
58361878197
58374882172
58387850208
58400925480
58413931138
58426886719
58439937176
58452858546
58465867845
58478953430
58491945364
58504880458
58517861759
58530802070
58543765362
58556753487
58569743263
58582749472
58595691390
58608719784
58621713171
58634689881
58647634431
58660621974
58673662929
58686651756
58699586652
58712591178
58725480678
58738425947
58751461287
58764441271
58777432776
58790481504
58803478793
58816453499
58829478741
58842452988
58855509074
58868519995
58881567575
58894622270
58907570155
58920546666
58933509698
58946461485
58959481632
58972441451
58985422476
58998470285
59011229980
59024208083
59037149496
59050097718
59063178361
59076163548
59089102497
59102102969
59114978408
59127965752
59140978494
59153917490
59166946159
59179978729
59192925666
59205863468
59218604482
59231427840
59244434401
59257357913
59270287821
59283193126
59296159341
59309172817
59322145136
59335078165
59348049153
59360907196
59373931520
59386942885
59399894886
59412967038
59425911220
59438866266
59451903702
59464802657
59477710135
59490632010
59503370821
59516407614
59529399609
59542268148
59555274388
59568261640
59581264681
59594216560
59607152388
59620129389
59633118386
59646148646
59659134062
59672056365
59685014869
59698014391
59710921884
59723907775
59736823239
59749736684
59762754505
59775672112
59788699021
59801705490
59814614161
59827563653
59840508662
59853391782
59866377412
59879290474
59892191725
59905169430
59918001173
59930930545
59943852649
59956821985
59969864960
59982818230
59995778065
60008721482
60021630735
60034664912
60047678419
60060570795
60073614994
60086624293
60099490385
60112485195
60125407896
60138411075
60151414576
60164356387
60177427866
60190334915
60203264547
60216336974
60229323828
60242281001
60255275046
60268159467
60281130485
60294110745
60307075705
60320133750
60333100745
60346065016
60359050937
60371921205
60384887068
60397741990
60410609168
60423689291
60436660937
60449585597
60462614388
60475558984
60488573531
60501528163
60514408254
60527364294
60540326730
60553337176
60566387740
60579282901
60592242093
60605219553
60618094732
60631092327
60643971775
60656909119
60669926848
60682830838
60695891040
60708892781
60721793282
60734841719
60747815629
60760702008
60773769907
60786657464
60799623143
60812585456
60825392168
60838388906
60851321751
60864286038
60877284994
60890196374
60903137894
60916030668
60928927329
60941932742
60954918021
60967840018
60980866377
60993798197
61006744843
61019648664
61032519284
61045482836
61058434929
61071325332
61084369102
61097291023
61110180967
61123187451
61136054552
61148934368
61161882421
61174769489
61187738013
61200746609
61213713099
61226714488
61239592330
61252556739
61265503538
61278349402
61291321905
61304206173
61317124055
61330122445
61342908028
61355884172
61368895598
61381853413
61394880996
61407763121
61420665734
61433681260
61446608551
61459569931
61472613931
61485517002
61498470258
61511432754
61524200115
61537180696
61550133094
61563028883
61575979094
61588949210
61601860528
61614789915
61627734603
61640776950
61653742384
61666684180
61679679510
61692594255
61705591560
61718625936
61731587132
61744653041
61757659341
61770484306
61783523288
61796456194
61809408654
61822383788
61835103765
61848120025
61861154952
61874192648
61887250800
61900228658
61913221770
61926156467
61939133621
61952119511
61966313550
61979270692
61992219312
62005089503
62018106300
62031092725
62043884367
62056917442
62069918082
62082836683
62095846349
62108833249
62121701467
62134797334
62147866150
62160863011
62173887534
62186610799
62199596047
62212555468
62225466144
62238506120
62251544565
62264573372
62277595646
62290296589
62303123834
62316030072
62328967308
62341895227
62354643447
62367689956
62380704274
62393573532
62406600885
62419645757
62432603802
62445628187
62458543008
62471484651
62484456374
62497136555
62510144416
62523034696
62535911253
62548927345
62561925338
62574861626
62587848924
62600595507
62613546100
62626523529
62639514805
62652553297
62665559689
62678450735
62691403822
62704318185
62717300173
62730301027
62743282618
62756353607
62769233116
62782212382
62795261415
62808219949
62821106328
62834035976
62846966358
62859923285
62872768522
62885611266
62898647386
62911425564
62924400377
62937427608
62950230525
62963200366
62976633475
62990332605
63003323223
63016280074
63029340338
63042380803
63055157757
63068173008
63081077762
63094033053
63107017443
63119826022
63132794226
63146041287
63159343642
63172362596
63185344707
63198328440
63211358058
63224324425
63237319511
63250383737
63263247013
63276368202
63289457872
63302450234
63315491770
63328437207
63341488077
63354477303
63367229011
63380178549
63393202153
63406117404
63419264479
63432300339
63445194522
63458239531
63471289987
63484322145
63497402941
63510420946
63523462345
63536517942
63549521427
63562569757
63575615883
63588647505
63601715847
63614696046
63627734767
63640772693
63653821175
63666872947
63679786071
63692954429
63706011770
63719025093
63732110724
63745174813
63758172683
63771216484
63784244067
63797306595
63810378196
63823424766
63836459019
63849444481
63862367320
63875439135
63888470819
63901386666
63914400800
63927304544
63940445760
63953471201
63966411375
63979483282
63992555954
64005631793
64018625593
64031631129
64044663317
64057702604
64070782222
64083854833
64096957431
64109999534
64123105560
64136083035
64149127586
64162172197
64175160903
64188255683
64201406217
64214272262
64227305307
64240366030
64253430929
64266501872
64279508157
64292592763
64305612314
64318620618
64331747269
64344771348
64357696421
64370694704
64383696307
64396781495
64409781415
64422776654
64435854497
64448763750
64461774839
64474886113
64487893928
64501030783
64514078501
64527006573
64540092831
64553061708
64565902890
64578955290
64592028145
64605076215
64618106567
64631175659
64644284102
64657272716
64670277930
64683339494
64696312976
64709290329
64722349368
64735390278
64748401398
64761456551
64774517090
64787560891
64800582078
64813509599
64826504608
64839398897
64852488552
64865510811
64878453387
64891524544
64904482619
64917569657
64930631787
64943656861
64956641879
64969647583
64982684346
64995677779
65008734355
65021811097
65034886324
65047905568
65061744342
65075218425
65088252892
65101361642
65114467775
65127566961
65140665230
65153666681
65166708125
65179709606
65192696369
65205807734
65218863790
65231971560
65245102801
65258232282
65271292224
65284334938
65297279687
65310313053
65323433507
65336425854
65349458532
65362154334
65375245060
65388370976
65401435095
65414576831
65427690843
65440726673
65453845887
65466871083
65479919964
65494216100
65509459949
65522665502
65537264379
65552164820
65565213945
65578199024
65591084929
65604075761
65617093782
65630161756
65643217522
65656207941
65669205321
65682107720
65695901312
65711097594
13277324
32083273
46329608
60544058
74965440
89270634
103545090
118984397
135986247
154600961
168905880
183056834
197295244
211557139
225756028
242216793
259101583
272608423
286155456
299610918
313094870
326489729
340087742
353591353
367074708
380584378
394077142
407520946
421032453
434567980
448018103
461470613
474932884
488403448
501989618
515495112
529057782
542547501
555990632
569524706
582988522
596372580
609794749
623176145
636686565
650184791
663625872
677126699
690941788
706007499
719026881
733441806
747912195
760920652
773771643
786862583
800007945
813052251
826846593
840720878
853650540
866681550
879663646
892717989
906686063
919700916
932732737
945731586
958775892
972015930
985084425
998139319
1011139056
1024240660
1037426169
1050445490
1063534625
1076674770
1089605396
1102705348
1115733145
1128754118
1141902938
1154977538
1168093830
1181183454
1194227944
1207251044
1220299098
1233227169
1246298449
1259344728
1272394098
1285495152
1298580645
1311699095
1324796445
1337870831
1350982166
1363985850
1377104759
1390167134
1403237174
1416262936
1429289111
1442384351
1455392365
1468460707
1481521414
1494582856
1507610194
1520674068
1533713126
1546675699
1560103178
1573274810
1586186419
1599248075
1612126773
1625178989
1638300499
1651340735
1664391420
1677454117
1690535617
1703638353
1716685948
1729763807
1742877284
1755898303
1768999356
1782027123
1795067925
1808154275
1821193838
1834300384
1847416936
1860441551
1873492221
1886537506
1899596408
1912601852
1925573130
1938611408
1951685503
1964672984
1977650307
1990639716
2003749965
2016755056
2029765855
2042808937
2055852554
2068783165
2081827257
2094845094
2107814031
2120870149
2133927964
2146902165
2159952193
2172887288
2185882771
2198930535
2211869561
2224877835
2237861339
2250931364
2264020896
2276967098
2289987475
2303051410
2315983888
2329038108
2342053880
2355013301
2368089186
2381045027
2394016994
2407035749
2420089372
2433099528
2446092166
2459059911
2472076233
2485084522
2498050201
2511133675
2524184697
2537098509
2550095048
2563032162
2576066324
2589143815
2602110321
2615208819
2628193363
2641171083
2654146753
2667161331
2680220493
2693280205
2706353964
2719465620
2732579418
2745564926
2758603142
2771642154
2784742228
2797729037
2810704079
2823770463
2836702742
2849679911
2862765343
2875705640
2888728648
2901777222
2914768345
2927819490
2940816886
2953741500
2966757669
2979728152
2992844536
3005880075
3018950008
3032013760
3045079011
3058127861
3071199615
3084040002
3097074302
3110119617
3123098791
3136157188
3149172179
3162097374
3175181873
3188104115
3201104647
3214096229
3227118319
3240216879
3253303214
3266369567
3279421905
3292442557
3305509552
3318595841
3331649113
3344625563
3357664728
3370675496
3383750019
3396800200
3409878395
3422993647
3435895280
3448898383
3461969907
3475050673
3488119122
3501198358
3514255500
3527345798
3540378674
3553480707
3566575763
3579621415
3592695999
3605775005
3618731642
3631818573
3644937956
3657908547
3670938057
3684019725
3697137058
3710170531
3723082752
3736118735
3749161342
3762235758
3775326683
3788406653
3801641597
3814679140
3829455344
3844693945
3857754301
3870831563
3887045998
3901104984
3914149412
3927121471
3940125339
3953169538
3966220790
3979137631
3992164434
4005080250
4018091064
4031129617
4044228559
4058558646
4073735007
4089060206
4107817501
4122063086
4136392163
4150668058
4164985278
4179362183
4195311270
4212567773
4230459868
4244711604
4259008827
4273318886
4287312633
4301931860
4318698089
4338413394
4352748163
4367047267
4381518971
4395971948
4410153411
4426310884
4439646180
4452900693
4466323934
4479579930
4492990610
4506338835
4519643271
4533046193
4546454960
4559757606
4573205679
4586473258
4599858310
4613406399
4626727068
4640085360
4653515440
4666809320
4680236875
4693592475
4706888266
4720211858
4733534379
4747034916
4760520121
4773984121
4787355480
4800776058
4814106688
4827528766
4840901364
4854266404
4867529545
4880808018
4894313373
4907707713
4921055402
4934414735
4947829300
4961625938
4977231127
4990608009
5003626886
5019292280
5033033730
5046153327
5059399517
5072829918
5086326461
5099616576
5112778784
5126021684
5139077939
5152305737
5165631456
5178864028
5192092056
5205195022
5218442634
5231882108
5246040468
5259295225
5272476680
5285676679
5299002566
5312130991
5325342556
5338483252
5351717201
5365033495
5379258593
5393381488
5407155022
5420815581
5434346779
5447769377
5461430135
5474972655
5488558978
5501988002
5515486029
5529099694
5542762900
5556351916
5569864769
5583435211
5596934034
5610366608
5624111072
5637547318
5650910353
5664414057
5677770865
5691058777
5704589348
5718250825
5731639778
5745028533
5759584494
5773315877
5786650500
5800031467
5813325560
5826684602
5840110337
5853473739
5866828452
5880139452
5893520373
5906829414
5920103021
5933312031
5946821610
5960609128
5974911171
5988234502
6001508553
6016008807
6031317283
6045811141
6060448238
6074622051
6087878415
6101286768
6114607974
6128092399
6141453522
6155956361
6169268432
6182612725
6197025340
6212814313
6228549965
6243838062
6259989369
6276906870
6293429447
6310283774
6327560855
6343844752
6360544289
6376818333
6393815455
6410635464
6427605780
6444443492
6460736385
6478423093
6494885082
6511637848
6528531450
6544818637
6561831303
6578755919
6595407689
6613022120
6631060055
6648398933
6665660424
6682371237
6699396939
6716232906
6732994668
6750175696
6766966283
6784046316
6800708566
6817411775
6834779739
6851617281
6869007307
6885673934
6902613696
6919253395
6936291123
6953745745
6970990238
6990007464
7009376974
7026781978
7044205266
7061505910
7079198233
7096423233
7113394559
7130641698
7149038373
7166705925
7184306525
7201992177
7220535732
7238278178
7255270235
7273659244
7291042094
7308841686
7326590971
7344411661
7362055866
7379621551
7397607267
7415567983
7432990705
7450741674
7467883319
7485708125
7503466177
7520688163
7538670070
7556437256
7574514956
7592211701
7609566582
7627183722
7644878294
7662702014
7680182967
7697689962
7715425905
7733652352
7751033473
7769999185
7788005097
7807046850
7825669826
7844175222
7861853071
7881655984
7900232724
7918070290
7937601535
7957108347
7974841797
7993035761
8009928782
8026716431
8044242933
8061409824
8078127093
8095755249
8113203460
8130948829
8147451960
8164524403
8180978467
8197646838
8214774744
8232413395
8248960360
8265409574
8282145724
8299480960
8316603221
8332741523
8348679365
8363931048
8378356851
8392475921
8406204779
8420118737
8433724690
8447161120
8461877287
8476864433
8490663732
8504106664
8517606038
8531750016
8545400645
8558670335
8572047033
8585525186
8599460242
8613174688
8626796201
8640714198
8654134180
8667937182
8681744484
8695923957
8709479635
8723556201
8737284233
8751341552
8765403093
8778830251
8792673293
8806425255
8820628306
8834496287
8848496889
8862341996
8876222110
8889950510
8904059757
8918292199
8932203158
8946020940
8959857709
8973596053
8987500066
9001146626
9015160477
9028980783
9042768088
9056943461
9070936811
9085154519
9099331147
9113168513
9127080436
9141025560
9154961963
9168970566
9182952303
9197110449
9211127452
9226698048
9242690051
9258793485
9275150531
9292879467
9309207750
9325368252
9339915630
9353944231
9367751991
9381763425
9396279882
9411005015
9424831686
9438738651
9452819211
9466815590
9480415576
9495295637
9508451189
9521817437
9535182630
9548582982
9563035790
9576388161
9589750554
9603112901
9616369938
9629666082
9643032666
9656325551
9669722721
9683013861
9696144092
9709512849
9722824308
9736551423
9751240050
9765607148
9780901181
9796025108
9811176943
9826899881
9842108815
9860060122
9876514201
9892523968
9908723179
9923825090
9938909421
9954009634
9969379448
9984470419
9999790524
10014737874
10029789157
10044991558
10060096040
10075069002
10089979204
10104710947
10119678738
10134560405
10149865194
10164970670
10180015573
10194757750
10209839496
10225040643
10240431739
10255396470
10270572188
10285891527
10301009059
10316713882
10331600247
10346701653
10361956074
10377160893
10392336565
10407648009
10422646293
10437806727
10452912080
10467638804
10482856551
10498058019
10512910280
10528127859
10543308596
10558672779
10573768968
10589460434
10604645852
10619627826
10634547652
10649654948
10664793870
10680102086
10694901715
10709773651
10724938124
10740053070
10754830361
10769762549
10784730172
10799541092
10814468828
10829497421
10844447281
10859378199
10874090618
10889333273
10904530289
10920046585
10934956818
10949850664
10965020675
10980125814
10995065775
11010164870
11025106162
11040147194
11055033054
11069848441
11084558978
11099678408
11114658286
11129867664
11144747067
11159596941
11174572719
11189374811
11204081905
11218925445
11233675089
11248683899
11263988902
11279178314
11294196090
11309438455
11324144585
11341186506
11356008840
11370033309
11383079864
11396200716
11409835678
11422935981
11436078681
11449583777
11463918179
11477774502
11491032319
11504535716
11519184166
11533193504
11547434529
11562311224
11576764155
11590104149
11603242075
11616495455
11629608519
11642648770
11655703327
11668781752
11681769004
11694784224
11707885385
11720951217
11734050297
11747082195
11760138587
11773178517
11786204952
11799317511
11812384614
11825312640
11838378840
11851403607
11864594120
11877751401
11890940995
11903960775
11917092551
11930189626
11944089034
11957919821
11971236298
11984535012
11997755742
12011288454
12024652943
12037920063
12051254273
12064575310
12077831123
12091391865
12106110434
12119389671
12132624370
12145651065
12158751996
12171792936
12184983326
12198255158
12211529056
12224736092
12237965038
12251206362
12264372639
12277619441
12291323574
12304526250
12317749581
12330921244
12344178097
12357572192
12370744038
12383926365
12397106673
12410284211
12423453701
12436559956
12449632613
12462659400
12475812565
12489520126
12502634995
12516083037
12529479381
12542816773
12556135729
12569570200
12582834994
12596204838
12612175254
12627172482
12641377599
12655609398
12669095354
12682220535
12695725662
12709224148
12722668442
12735808801
12749219082
12762568960
12776066604
12789416696
12802689706
12816040624
12829287195
12842564184
12855759852
12869021953
12882300257
12895691567
12908917637
12922202076
12935452136
12948916197
12962196031
12975225052
12988630392
13001631873
13014529069
13027524614
13040361650
13053371592
13066486798
13079745243
13092869475
13105917162
13118993415
13132102317
13145087763
13158222064
13171509119
13184624616
13197836854
13210820771
13223872558
13236978263
13250005341
13263057694
13276219749
13289234189
13302339542
13315394098
13328485176
13341602203
13354656438
13367697990
13380754153
13393793578
13407012044
13420070961
13433121861
13446195374
13459231204
13472342141
13485408831
13498419736
13511462634
13524519899
13537670203
13550787827
13563827542
13576911750
13590027492
13603058502
13616123325
13629164846
13642038465
13655109393
13668205106
13681090843
13694134567
13707070136
13720148285
13733214179
13746165399
13759219941
13772266572
13785244491
13798305413
13811350070
13824453526
13837493716
13850431855
13863479511
13876515540
13889497498
13902555895
13915618499
13928604619
13941665342
13954736774
13967794376
13981076566
13994075369
14007146817
14020297993
14033464668
14046633333
14059725359
14072764952
14085796574
14098831516
14111867239
14124861804
14137801014
14150784196
14163762406
14176807385
14189839420
14202675447
14215692044
14228715573
14241616578
14254626811
14267650003
14280565819
14293578729
14306591241
14319622680
14332572585
14345506623
14358498083
14371369514
14384281811
14397226774
14410184971
14423198004
14436196057
14449204974
14462239197
14475195283
14488241409
14501279779
14514221972
14527234653
14540165907
14553111130
14566160622
14579061766
14592008029
14604982414
14617806690
14630838404
14643839196
14656888781
14669891577
14682792017
14695723746
14708740634
14721656465
14734789327
14747724712
14760724327
14773699553
14786566134
14799564846
14812589827
14825427461
14838500882
14851521289
14864507379
14877580708
14890621617
14903616275
14916664023
14929634430
14942642306
14955672230
14968656345
14981724152
14994740963
15007746835
15020758154
15033806377
15046823311
15059824945
15072839002
15085897323
15098916644
15111850223
15124888348
15137898106
15150839320
15163785905
15176785734
15189798537
15202855251
15215829849
15228885110
15241889850
15254884492
15267909366
15280931105
15293916398
15306914452
15319897741
15332942644
15345954131
15359013828
15372045466
15384925098
15397880923
15410840498
15423816856
15436815093
15449733128
15462748823
15475802217
15488799184
15501799441
15514844175
15527700918
15540739150
15553733792
15566739695
15579752605
15592739520
15605658213
15618622974
15631577805
15644608754
15657589152
15670541841
15683502440
15696516880
15709482911
15722471816
15735470925
15748489848
15761467538
15774454545
15787497351
15800515846
15813495417
15826525892
15839343926
15852407188
15865434648
15878433146
15891488728
15904470686
15917484820
15930522164
15943466056
15956482959
15969465698
15982470300
15995444318
16008531035
16021544894
16034600154
16047626085
16060608976
16073626568
16086546561
16099540071
16112563630
16125612786
16138677073
16151636448
16164729500
16177801392
16190684711
16203706311
16216703600
16229668805
16242707648
16255738811
16268779384
16281807074
16294808708
16307849984
16320890052
16333854858
16346884323
16359839690
16372873148
16385902490
16398951661
16412015398
16425041099
16438040729
16451107036
16464083670
16477104643
16490105114
16503111277
16516132831
16529177673
16542176476
16555201993
16568429945
16583107770
16596698653
16609701098
16622684847
16635714250
16648721193
16661789734
16674826482
16687815646
16700878174
16713913330
16726908630
16739924937
16752880288
16765860303
16778806735
16791843024
16804909162
16817919211
16830916745
16843950111
16856908431
16869933107
16882897929
16895829780
16908896515
16921902020
16934892102
16947953575
16960917280
16973838543
16986784653
16999784987
17012798417
17025779641
17038810743
17051853763
17064790587
17077763763
17090806064
17103597981
17116613920
17129568384
17142418548
17155441113
17168452447
17181505305
17194569777
17207569376
17220622815
17233654499
17246648299
17259677550
17272701705
17285715916
17298837869
17311797642
17324647424
17337695279
17350567353
17363554926
17376581698
17389495097
17402470598
17415477404
17428463967
17441410965
17454420448
17467491666
17480508845
17493552477
17506586547
17519560091
17532531293
17545543147
17558422091
17571464560
17584495693
17597472923
17610531259
17623415573
17636375468
17649316514
17662310009
17675324923
17688349109
17701273907
17714298537
17727153918
17740094398
17753042849
17765902147
17778863527
17791824310
17804807660
17817860044
17830876229
17843886966
17856923010
17869920972
17882915094
17895792690
17908725520
17921750395
17934697959
17947632625
17960698764
17973694737
17986735936
17999760704
18012722665
18025712181
18038713708
18051676893
18064756404
18077780331
18090762641
18103693436
18116650700
18129706190
18142672205
18155649466
18168648775
18181629402
18194556877
18207481781
18220443804
18233476435
18246341088
18259367692
18272458372
18285456717
18298461212
18311488228
18324439189
18337467613
18350485695
18363503149
18376545404
18389599563
18402630803
18415634854
18428562283
18441577978
18454578449
18467449727
18480496649
18493454724
18506477043
18519559875
18532353444
18545395975
18558384359
18571427379
18584485455
18597530740
18610590254
18623657494
18636619501
18649636650
18662687856
18675638877
18688643969
18701606083
18714603096
18727600095
18740600505
18753629724
18766644761
18779287473
18792325245
18805331469
18818297194
18831304107
18844269418
18857217961
18870187787
18883143995
18896175801
18909164231
18922086488
18935105136
18948046289
18960985836
18974020380
18986993464
19000035108
19013067234
19026039049
19039085236
19052143496
19065041273
19077993718
19090799649
19103733887
19116691610
19129521899
19142560284
19155572735
19168460659
19181479338
19194285774
19207296695
19220311533
19233224550
19246292968
19259309627
19272331120
19285396693
19298312433
19311253693
19324227175
19337109867
19350115050
19362992157
19375936891
19388901269
19401917270
19414932781
19427947252
19440906551
19453900244
19466916183
19479864176
19492830038
19505818989
19518865834
19531866672
19544870158
19557882563
19570884365
19583657846
19596711591
19609658941
19622633831
19635691034
19648658503
19661647500
19674645630
19687572753
19700586290
19713555794
19726569347
19739542860
19752378993
19765411212
19778423847
19791237444
19804269433
19817284500
19830281483
19843302288
19856253662
19869263053
19882268848
19895082216
19908092357
19920912823
19933930507
19947026756
19959996689
19972981156
19986039109
19998984654
20011975608
20025003925
20037866238
20050851837
20063662940
20076553619
20089486035
20102410573
20115424064
20128443875
20141461926
20154522510
20167531764
20180571005
20193583518
20206516929
20219514095
20232421282
20245379464
20258381787
20271339755
20284196544
20297243389
20309976875
20322940106
20335909518
20348917043
20361917774
20374866623
20387816788
20400840301
20413818863
20426868554
20439886131
20452823168
20465844646
20478799248
20491725147
20504709109
20517529591
20530526911
20543494242
20556418198
20569435637
20582423929
20595356086
20608412081
20621380300
20634356750
20647357083
20660276556
20673289880
20686285975
20699110496
20712120805
20725002105
20738012322
20751028965
20763961000
20776933610
20789897927
20802863484
20815902067
20828892287
20841826540
20854834325
20867788743
20880800582
20893803226
20906748143
20919824257
20932804180
20945752815
20958830597
20971640293
20984568839
20997800753
21010736520
21023759314
21036754476
21049713990
21062726487
21075715896
21088704831
21101762524
21114690519
21127717138
21140681471
21153498204
21166508911
21179464507
21192465958
21205434360
21218402487
21231433252
21244418041
21257387147
21270306161
21283198767
21296166696
21309176087
21322144489
21335143017
21348063133
21361039430
21374073714
21387101894
21400067787
21413085639
21426046758
21439059607
21452123757
21465130547
21478146609
21491144877
21504172169
21517229220
21530197224
21543235410
21556243149
21569202861
21582243173
21595290738
21608249578
21621285331
21634279192
21647262482
21660256206
21673213623
21686214935
21699242518
21712242224
21725292956
21738332350
21751343639
21764382681
21777368816
21790370511
21803369805
21816319419
21829331166
21842377812
21855344103
21868288821
21881276135
21894223163
21907190953
21920161620
21933222542
21946252297
21959185800
21972247425
21985190262
21998141161
22011031319
22023917637
22036963350
22049955024
22062941434
22075960587
22088933197
22101952410
22114984767
22127990807
22141014198
22153893065
22166609782
22179551517
22192391307
22205418599
22218436222
22231414737
22244395824
22257374890
22270219776
22283246930
22296186094
22309351851
22323150891
22336090085
22349029372
22361988456
22374865013
22387902281
22400886916
22413841702
22426893994
22439766435
22452753916
22465719504
22478657612
22491695675
22504577510
22517564609
22530529447
22543376229
22556325476
22569328686
22582277229
22595153174
22607975798
22621007527
22634006009
22646998295
22660040091
22673042429
22685961856
22698801631
22711657747
22724612288
22737560433
22750456696
22763489526
22776514967
22789557896
22802503563
22815470404
22828278922
22841282025
22854102644
22866915675
22879913377
22892902098
22905902661
22918906575
22931658344
22944687534
22957637086
22970624981
22983614207
22996458450
23009326515
23022272426
23035189711
23048237765
23061235697
23074215926
23087226235
23100210090
23113157807
23126122033
23138939960
23151913166
23164920033
23177934687
23190973821
23203971692
23216949152
23229978723
23242881504
23255864380
23268876250
23281906296
23294932533
23307884901
23320746249
23333741380
23346573934
23359528107
23372528181
23385283041
23398278494
23411196345
23424126559
23437161914
23450101430
23463145782
23476070411
23488924859
23501912417
23514786877
23527757268
23540793144
23553753085
23566727485
23579711708
23592682558
23605670621
23618653222
23631613362
23644643225
23657637331
23670691689
23683704446
23696677668
23709610651
23722641156
23735427871
23748434860
23761310575
23774274999
23787294366
23800081050
23813076595
23826082207
23839092730
23852150332
23865105790
23878084168
23891104071
23904016383
23917070557
23930096319
23942972907
23955949081
23968963062
23981822146
23994796256
24007650168
24020488322
24033383299
24046229944
24059250550
24072140647
24085111054
24098061249
24110990576
24123953378
24136895801
24149749255
24162730785
24175666736
24188712954
24201678694
24214536064
24227446036
24240433885
24253259232
24266190807
24279100029
24292068524
24305096948
24317997541
24330845241
24343814088
24356782077
24369790887
24382770917
24395660280
24408669487
24421657259
24434702452
24447775599
24460788585
24473815617
24486817328
24499812398
24512811890
24525711565
24538558806
24551514403
24564490348
24577530599
24590563430
24603399258
24616392079
24629415225
24642416492
24655475210
24668328618
24681225324
24694288265
24707211364
24720247836
24733273996
24746076271
24759045592
24771968691
24784924226
24797866175
24810761718
24823582659
24836478525
24849406810
24862411719
24875261653
24888254367
24901117536
24914004956
24926900729
24939826750
24952675185
24965767441
24978800930
24991721979
25004775969
25017814186
25030732664
25043695069
25056528678
25069517216
25082485679
25095535631
25108601846
25121616255
25134640503
25147707345
25160551389
25173560888
25186555239
25199448243
25212523455
25225567913
25238476049
25251378738
25264356871
25277345546
25290243369
25303212093
25316245230
25329092013
25342089102
25355153711
25367980191
25380963205
25393956057
25406840584
25419850939
25432870153
25445878137
25458855229
25471776600
25484730926
25497684457
25510705935
25523751847
25536706862
25549702483
25562735344
25575739839
25588780825
25601887432
25614898323
25627960224
25640979453
25653955872
25667006742
25679976031
25692997020
25706040545
25719042485
25732005104
25745005728
25757963650
25770993987
25784003088
25797043691
25809999302
25822963482
25835896082
25848817911
25861682213
25874736739
25887620655
25900662298
25913686974
25926705973
25939707638
25952708828
25965579555
25978625667
25991672803
26004643225
26017675765
26030611976
26043562003
26056525112
26069485390
26082477767
26095442544
26108399027
26121441879
26134425658
26147433749
26160488872
26173513838
26186565748
26199477051
26212428118
26225436714
26238410334
26251435728
26264497400
26277436793
26290476968
26303453204
26316420581
26329406013
26342222532
26355172253
26368192522
26381202495
26394290910
26407362435
26420360550
26433398139
26446418347
26459295607
26472278025
26485075143
26498077573
26511108767
26524094749
26537099274
26550055498
26562985084
26575991155
26588945053
26601958468
26614880022
26627868177
26640949524
26654005748
26667047239
26680121441
26693122600
26706142717
26719151603
26732138335
26745119176
26758179577
26771032296
26783985996
26796855162
26809766664
26822718909
26835713460
26848696688
26861669496
26874647966
26887664701
26900683992
26913705470
26926741345
26939721375
26952659897
26965684772
26978610854
26991641772
27004609517
27017590465
27030672516
27043667066
27056678125
27069618957
27082566536
27095594195
27108527943
27121473472
27134483261
27147466963
27160508637
27173569896
27186568531
27199519996
27212324229
27225272344
27238273397
27251262515
27264217056
27277226967
27290167080
27303208264
27316125611
27329017421
27342074701
27355110240
27367967259
27380942347
27393897974
27406900771
27419947723
27432969462
27446014211
27459041029
27471987797
27485053722
27498023011
27511019535
27524003957
27536977898
27550010637
27562946863
27575959972
27588990079
27601953142
27614973044
27627964963
27640880825
27653915109
27666903141
27679882376
27692948148
27705807920
27718753709
27731767644
27744785343
27757800212
27770787143
27783774854
27796699207
27809686062
27822714119
27835746276
27848631431
27861647983
27874646404
27887607355
27900609249
27913537214
27926557422
27939599127
27952581375
27965609249
27978578600
27991543606
28004593419
28017483669
28030468810
28043471790
28056420670
28069450181
28082507063
28095443289
28108490074
28121491998
28134478011
28147504079
28160447940
28173455909
28186458491
28199456545
28212513427
28225539863
28238527880
28251569477
28264592761
28277612816
28290608590
28303558587
28316565071
28329546968
28342526723
28355648079
28368676090
28381728765
28394722336
28407703896
28420743123
28433716146
28446657237
28459748438
28472763306
28485691653
28498755742
28511800614
28524880981
28537886593
28550853359
28563889234
28576872891
28589934332
28602994810
28615992420
28629021977
28642081062
28655060282
28668074798
28681045664
28694024164
28706986890
28719997138
28733324509
28746307875
28759290690
28772330498
28785346820
28799960355
28814240181
28827227219
28840216506
28853262602
28866255836
28879221699
28892253902
28905167087
28918109816
28931044252
28944061737
28957067976
28970015586
28983066486
28996113010
29008961935
29022001865
29034968339
29047919499
29060924529
29073997966
29087006715
29100042513
29112940505
29126031614
29139894423
29154662565
29168977566
29183121972
29196248531
29209177429
29222059386
29235027131
29248021910
29261002185
29274044701
29286891637
29299958510
29312959792
29325856131
29338847484
29351818625
29364729958
29377717379
29390600820
29403585379
29416609902
29429609991
29442615404
29455590095
29468460807
29481493760
29494472490
29507434267
29520417786
29533445124
29546419157
29559416262
29572269746
29585229290
29598144280
29611150182
29624147303
29636944391
29650024254
29663060742
29676061243
29689133701
29702168980
29715155482
29728186660
29741153150
29754123419
29767145632
29780155512
29793164337
29806168129
29819113245
29832143031
29845111479
29858030355
29870970667
29883988764
29897036466
29910088620
29923130096
29936093189
29949061836
29961995003
29974979088
29987955385
30000965097
30013927242
30026956599
30040020000
30053013372
30066036181
30079031343
30091970981
30104983050
30118010877
30130966152
30144006404
30157014433
30170053858
30183107221
30196080535
30209091104
30222117907
30235095627
30248147781
30261124323
30274142726
30287235319
30300238177
30313281197
30326240557
30339200912
30352244728
30365200768
30378069659
30391082738
30404026201
30416916191
30429819951
30442768065
30455800529
30468856493
30481860193
30494883339
30507874966
30520865615
30533851490
30546788589
30559842334
30572841245
30585739298
30598749087
30611732529
30624727293
30637756972
30650727899
30663680160
30676693483
30689728976
30702773695
30715743857
30728723765
30741761583
30754715405
30767632430
30780659401
30793649024
30806643896
30819649248
30832634511
30845611588
30858641114
30871569935
30884582815
30897482444
30910512765
30923485329
30936501957
30950307453
30964882203
30977975116
30991053143
31004122602
31017511892
31030607514
31043675688
31057128657
31070405614
31083939443
31098696263
31112020635
31125201707
31138422453
31151558971
31164715089
31177852128
31191048118
31204120714
31217296860
31230425361
31243567847
31256754672
31269950065
31283020167
31296123026
31309218908
31322332216
31335604966
31348761605
31361755221
31374906321
31387972383
31401141644
31414302184
31427327196
31440464909
31453542844
31466685942
31479877204
31493056960
31506099354
31519163840
31532309202
31545447419
31558528705
31571669079
31584750396
31597821584
31611033899
31624251339
31637454704
31650591513
31663833051
31676865530
31690062178
31703251833
31716421064
31729690035
31742846994
31756003479
31769160301
31782162241
31795328151
31808454970
31821549093
31834624167
31847625556
31860738314
31873880050
31887022352
31900200869
31913348557
31926397881
31939573094
31952708465
31965839613
31979033262
31992184071
32005435493
32018495405
32031593046
32044749914
32057934399
32070984182
32084112148
32097120544
32110236378
32123524550
32136571870
32149705986
32162872172
32176008920
32189204329
32202218585
32215371796
32228554919
32241720064
32254821332
32267891387
32281003365
32294170025
32307250148
32320425391
32333544529
32346657730
32359706779
32372765712
32385834054
32398991717
32412099686
32425245798
32438410101
32451603108
32464737072
32477899050
32490956880
32504130043
32517283300
32530454488
32543639875
32556708095
32569859684
32582997672
32596030870
32609093291
32622184690
32635352191
32648554852
32661675673
32674810187
32688163844
32701255870
32714448249
32727567984
32740637932
32753790577
32766934333
32780086917
32793283442
32806392773
32819547897
32832667968
32845834796
32858964246
32872013264
32885103807
32898163091
32911333515
32924569422
32937705941
32950734411
32964106290
32977239183
32990293984
33003280548
33016171578
33029310055
33042377754
33055459637
33068482783
33081369483
33094368654
33107457636
33120443403
33133429998
33146474517
33159349911
33172323332
33185417363
33198406007
33211441469
33224526274
33238016514
33251155587
33265069423
33279171249
33292130166
33305260258
33318383772
33331484933
33344614337
33357730185
33370838415
33384022210
33397216731
33410401797
33423605697
33436771209
33450859159
33464052364
33477263730
33490530009
33504000542
33517067522
33531252137
33544451952
33557747774
33570984049
33584200816
33597524102
33611642942
33625112373
33638269058
33651507704
33664787201
33678051123
33691713534
33704943811
33718358422
33732087250
33745661563
33758959237
33772321492
33786085402
33799399768
33812740695
33826061151
33839797781
33853309487
33866551239
33879814641
33893036793
33906972798
33920274221
33933529269
33946742808
33960265208
33973519536
33986768158
34000523424
34013869844
34027183537
34040555859
34054041769
34067164502
34081765797
34095323831
34108677656
34121941256
34135251782
34148632060
34161891652
34175174378
34188904323
34202090842
34215484569
34228738699
34242262950
34255915722
34268955636
34282995482
34296696066
34309913338
34323307555
34336624889
34349987619
34363425104
34376885462
34390929623
34404296284
34417513404
34430746787
34444047673
34457509455
34471790368
34485113791
34498385914
34511792814
34525152361
34538533038
34552379094
34566222534
34579611396
34592885691
34606203316
34619625149
34632922272
34646048234
34660422094
34673690484
34687085175
34700227416
34713615604
34727297507
34741042476
34754340609
34767618989
34780910558
34794750402
34808098061
34821294740
34834619158
34847822033
34861677636
34874997189
34888606799
34903082481
34917120093
34930758146
34944307260
34957883730
34971449169
34985204864
34998857712
35012664003
35026196440
35039907749
35053759099
35067313017
35080946067
35094657193
35108045213
35121739631
35135217018
35148784248
35162489651
35175894746
35189937285
35203535588
35216969753
35230555893
35244244864
35257761236
35271569410
35285067621
35298743740
35312414749
35325993239
35339687228
35353431769
35367097683
35380853133
35394408229
35408326960
35422063499
35435704122
35449406619
35463134146
35476774111
35490526011
35504194374
35517840000
35531509050
35545066794
35558897091
35572577662
35586183172
35600008512
35613648906
35627637329
35641358766
35654922813
35668379071
35681994480
35695427605
35709179857
35722707382
35736300836
35749906927
35763312511
35776822763
35790511995
35804073318
35817700355
35831634432
35845205440
35858728146
35872250929
35885991920
35899620946
35913093453
35926876917
35940502163
35954008468
35967666196
35981245329
35995129115
36008686919
36022237762
36036012949
36049716195
36063439515
36077594860
36091363284
36104890382
36118471977
36132146184
36145672654
36159389058
36173068972
36186656259
36200214385
36213718058
36227338271
36240775649
36254790724
36268453731
36282077371
36295703291
36309438744
36322931278
36336513685
36350204477
36363759711
36377565299
36391073868
36404587394
36418173335
36432023308
36445074192
36458212180
36471360663
36484428348
36497447883
36510723677
36523820737
36536969466
36550191894
36563359380
36576489901
36589716522
36602852428
36615980318
36629927523
36643748548
36657689373
36673010930
36686567602
36699566115
36712593331
36725799862
36738835692
36751827274
36764877990
36778114403
36791164186
36804327786
36817472291
36831000689
36844139151
36857278087
36870393935
36883489542
36896527712
36910278174
36924255015
36938062898
36951797187
36965386846
36979215767
36994239755
37007814557
37022483157
37036917972
37051156581
37065821661
37079472735
37093542385
37107274839
37120527561
37133570000
37146628107
37159721892
37172763796
37185806480
37199636073
37213517779
37227297647
37240879962
37254451628
37268147989
37283742621
37296907277
37312286822
37326643179
37340943462
37355706447
37369475758
37383586780
37397484030
37411146563
37424984847
37438883719
37451898312
37465092037
37478150725
37491069953
37504107007
37517118815
37530148203
37543145400
37556230175
37569292886
37582273299
37595278070
37608236787
37621423092
37635028403
37649088981
37663081626
37676765105
37689798134
37702876023
37715939225
37728941914
37741925479
37754982468
37768006777
37781076787
37794112249
37807118458
37820102925
37833121848
37846173880
37859191947
37872175878
37885117230
37898067640
37910945696
37924008147
37936970093
37950020794
37963084684
37976030152
37989030868
38002054243
38014899083
38027931286
38040924643
38053821609
38066823810
38079815958
38092784804
38105661345
38118619863
38131620947
38144572611
38157486408
38170489143
38183448825
38196464351
38209390801
38222349748
38235306354
38248320687
38261246678
38274260154
38287248354
38300131413
38313008735
38325800514
38338982811
38351999561
38364957039
38377957816
38390937265
38403958575
38416987872
38430036155
38443082190
38456207524
38469232261
38482191637
38495147264
38508103441
38521001265
38533971427
38547032149
38560256001
38573196098
38586400962
38599501235
38612503083
38625866516
38638914632
38651884702
38664932373
38678066276
38691592501
38704615785
38717653022
38730703677
38743746651
38756657495
38769618906
38782515352
38795450768
38808449541
38821360981
38834285534
38847045795
38860018925
38872955442
38885872008
38898838024
38911793635
38924698680
38937692037
38950668487
38963514520
38976504236
38989448189
39002462154
39015480726
39029170752
39042676323
39055673565
39068715377
39081720622
39094736041
39107761207
39120955055
39133830892
39146776742
39159761118
39172630468
39185559687
39198562974
39211624385
39224685689
39237698828
39250702053
39263743682
39276677246
39289730257
39302586648
39315516908
39328534729
39341510154
39354501231
39367535715
39380458079
39393461978
39406421338
39419408972
39432433388
39445287836
39458245498
39471195173
39484163346
39497191556
39510190742
39523233273
39536128924
39549063345
39561912637
39574715463
39587524118
39600576272
39613548897
39626529417
39639488869
39652427360
39665358262
39678267178
39691214910
39704196425
39717278843
39730318849
39743273711
39756306144
39769254626
39782195366
39795172413
39808179738
39821048492
39834061371
39847109395
39860124003
39873016854
39885945309
39898956291
39912024113
39924939684
39937906954
39950790335
39963653075
39976692577
39989736791
40002768260
40015716206
40028606456
40041633672
40054547407
40067552346
40080521253
40093536489
40106532125
40119448248
40132357332
40145158092
40158121185
40171142465
40184057164
40197055065
40209911884
40222874289
40235830972
40248687393
40261715190
40274644654
40287670218
40300747403
40313660205
40326668908
40339672347
40352660762
40365688620
40378750123
40391776803
40404828835
40417829307
40430818609
40443784165
40456807831
40469782935
40482787308
40495831751
40508804866
40521661119
40534605746
40547530053
40560519524
40573536948
40586554295
40599337613
40612395046
40625383828
40638431714
40651465248
40664475695
40677535638
40690619081
40703541384
40716556253
40729569040
40742595170
40755570977
40768630384
40781640448
40794665920
40807651504
40820728001
40833700993
40846545206
40859553526
40872581797
40885725583
40898697428
40911650424
40924692664
40937696792
40950758922
40963761443
40976782126
40989781664
41002698015
41015726838
41028744781
41041562999
41054593305
41067659673
41080628305
41093657433
41106590493
41119588118
41132580695
41145556548
41158530657
41171541793
41184391039
41197431489
41210513861
41223452949
41236439803
41249299575
41262277984
41275347397
41288264361
41301263501
41314315395
41327299587
41340300594
41353303559
41366308574
41379382332
41392384135
41405352996
41418360215
41431369300
41444409291
41457459701
41470388676
41483389055
41496328938
41509281689
41522312546
41535175072
41548230792
41561228876
41574286034
41587301606
41600289608
41613321459
41626340673
41639346514
41652321848
41665352322
41678176797
41691129104
41704056885
41717049599
41730093477
41743029397
41755827067
41768822871
41781780105
41794782152
41807806889
41820577508
41833587175
41846617481
41859638806
41872578368
41885584087
41898624675
41911635581
41924645844
41937609779
41950517838
41963482354
41976496503
41989391037
42002404483
42015400777
42028312860
42041361879
42054426350
42067460879
42080488140
42093531972
42106561482
42119607884
42132563740
42145594689
42158534588
42171419727
42184471698
42197470655
42210514945
42223554783
42236553128
42249512855
42262399326
42275396049
42288414299
42301391422
42314368469
42327386520
42340411425
42353382765
42366277988
42379336308
42392351253
42405367024
42418370204
42431395002
42444430403
42457491722
42470487420
42483453175
42496503004
42509527757
42522483016
42535509100
42548438273
42561437153
42574409227
42587335677
42600396798
42613409799
42626452193
42639511492
42652437070
42665431023
42678391653
42691394022
42704429301
42717382296
42730408762
42743383942
42756358755
42769412042
42782419934
42795251141
42808203876
42821109013
42834105552
42847114316
42860124671
42873151779
42886209427
42899227141
42912276297
42925296015
42938294192
42951328185
42964349724
42977443969
42990514254
43003440306
43016475524
43029415866
43042112694
43055035961
43067934595
43080954039
43093940067
43106767418
43119755604
43132744202
43145562312
43158494592
43171401549
43184419921
43197415604
43210278405
43223290000
43236278782
43249286077
43262276450
43275278558
43288224684
43301245275
43314035600
43327006848
43340022038
43352888573
43365813615
43378842376
43391817526
43404795935
43417755937
43430760463
43443678850
43456496287
43469524803
43482538065
43495462664
43508489726
43521416406
43534437899
43547449753
43560370359
43573360441
43586243010
43599234669
43612269121
43625262662
43638205391
43651189506
43664179191
43677203178
43690198218
43703117844
43716087883
43729108841
43742099169
43755119484
43767878475
43780741675
43793718293
43806617708
43819590823
43832590238
43845571539
43858541058
43871566300
43884585804
43897467088
43910287417
43923301812
43936228736
43949193328
43962172181
43975130087
43988097786
44001082223
44014123774
44027124796
44040051093
44052995413
44065974541
44078850424
44091729414
44104707180
44117736063
44130756898
44143791213
44156743321
44169734964
44182551254
44195566367
44208620832
44221529748
44234549635
44247500014
44260426464
44273481235
44286383924
44299366188
44312395469
44325381956
44338391163
44351312901
44364257206
44377287512
44390175941
44403112764
44416133493
44429156195
44442036791
44455068015
44468031720
44481035511
44494023819
44507079248
44520112476
44533116513
44546177602
44559184591
44572210430
44585222820
44598232379
44611269922
44624408124
44637272502
44650289589
44663354565
44676370581
44689374709
44702335737
44715160717
44728125600
44741141570
44754048176
44767044684
44779948934
44792934136
44805874371
44818735046
44831739051
44844762167
44857715391
44870749492
44883740952
44896783360
44909812259
44922662101
44935490325
44948441010
44961393654
44974414244
44987271691
45000312784
45013304901
45026276593
45039255522
45052310109
45065305134
45078324286
45091160267
45104209270
45117191228
45129864952
45142890929
45155899907
45168895987
45181912248
45194828538
45207787455
45220776787
45233625727
45246679305
45259653246
45272510601
45285476525
45298382289
45311326028
45324292104
45337319320
45350311116
45363325449
45376135344
45389110937
45402012738
45414980820
45428004899
45440960969
45453895819
45466809830
45479738192
45492790316
45505761319
45518704599
45531709492
45544605694
45557533291
45570462327
45583388363
45596431062
45609453719
45622492149
45635528912
45648439236
45661380725
45674406916
45687446555
45700518431
45713549839
45726412717
45739407160
45752484591
45765491641
45778540077
45791553630
45804468896
45817463430
45830379981
45843383803
45856279576
45869271908
45882270084
45895229964
45908271256
45921272049
45934233245
45947313123
45960381710
45973385991
45986425829
45999458078
46012509131
46025499213
46038482105
46051469189
46064494431
46077537711
46090570588
46103590138
46116575661
46129474908
46142337296
46155355515
46168399989
46181305754
46194287039
46207193002
46220272497
46233304272
46246358554
46259337452
46272278804
46285122573
46298152098
46311057511
46323997914
46336952164
46349802726
46362794675
46375720008
46388634003
46401682058
46414528290
46427503210
46440501080
46453274163
46466270487
46479184009
46492227840
46505272069
46518274866
46531234272
46544235983
46557159158
46570128739
46583122830
46596115575
46609183993
46622208531
46635249853
46648324973
46661347186
46674348514
46687355396
46700306999
46713269250
46726319447
46739355903
46752395956
46765434784
46778450418
46791437409
46804419628
46817450714
46830438915
46843465442
46856544203
46869446326
46882445038
46895501629
46908512244
46921566159
46934566645
46947582615
46960589466
46973478584
46986498563
46999630476
47012609910
47025626584
47038609613
47051494202
47064511136
47077517666
47090446365
47103390226
47116435680
47129469092
47142497975
47155437858
47168445199
47181378029
47194275179
47207215445
47219990593
47232921296
47245881437
47258891011
47271843471
47284749434
47297742164
47310798235
47323783391
47336780726
47349774297
47362609849
47375645893
47388672083
47401612471
47414610678
47427489025
47440502073
47453496271
47466463847
47479458948
47492443813
47505323307
47518390655
47531419186
47544338062
47557323631
47570206843
47583174771
47596133917
47609028773
47622023185
47635073718
47648118146
47661165328
47673950452
47686934353
47699956734
47712950427
47725958870
47738790153
47751686569
47764721404
47777513199
47790468214
47803462244
47816475750
47829420973
47842233530
47855116987
47868109823
47881144719
47894119823
47907061282
47919980434
47933021313
47946033045
47958925880
47971842003
47984742381
47997559558
48010514910
48023441390
48036483187
48049472198
48062436363
48075469560
48088481185
48101394064
48114418725
48127164328
48140077467
48153062684
48166087620
48179139300
48192176002
48205209307
48218280357
48231094857
48244180534
48257185029
48270036034
48283055982
48296017377
48308907031
48321851198
48334458291
48347388872
48360280483
48373175461
48386128716
48399032262
48412051721
48425067522
48438081075
48450995973
48463883699
48476927561
48489866511
48502881257
48515893203
48528920097
48541820369
48554775705
48567576848
48580394851
48593429702
48606462349
48619379114
48632443187
48645431816
48658417370
48671489873
48684479344
48697468218
48710483040
48723473138
48736421666
48749360876
48762324474
48775336940
48788261080
48801278106
48814311732
48827295725
48840312690
48853241343
48866279758
48879273038
48892282077
48905339709
48918341358
48931234561
48944329235
48957359571
48970393718
48983420046
48996459900
49009436824
49022417589
49035288209
49048298426
49061181546
49074034755
49087016224
49100008050
49112795071
49125726417
49138561694
49151491173
49164465191
49177496017
49190524947
49203510638
49216401515
49229353011
49242334663
49255230712
49267955875
49280710276
49293656050
49306529592
49319514060
49332604816
49345574137
49358440320
49371356136
49384342149
49397298709
49410177591
49423065225
49436084943
49449050531
49461871977
49474720442
49487646586
49500685215
49513629413
49526481520
49539506533
49552431621
49565320494
49578369191
49591199786
49604254205
49617262755
49630219162
49643287182
49656205386
49669152659
49682088533
49694987963
49707958967
49720881010
49733750590
49746771884
49759734870
49772707710
49785682477
49798596626
49811636663
49824568406
49837482616
49850461208
49863491897
49876406153
49889410372
49902420100
49915336192
49928262351
49941075933
49954096171
49967131802
49980138546
49993182117
50006150856
50019179556
50032200453
50045065274
50058070060
50071096251
50084025592
50097059264
50110086357
50123110819
50136156471
50149182585
50162165155
50175127606
50188099451
50201088172
50214048236
50227062048
50240101932
50253109794
50266141232
50279128668
50291983758
50304952711
50317707587
50330479966
50343378967
50356194125
50369163078
50382078466
50395048490
50408051455
50420862604
50433844440
50446818871
50459728292
50472730890
50485715127
50498641332
50511682379
50524633615
50537649478
50550688169
50563610503
50576624637
50589643407
50602458136
50615520542
50628535135
50641535790
50654508262
50667457860
50680469914
50693475556
50706449788
50719430675
50732194165
50745220738
50758301289
50771343744
50784368266
50797341289
50810299012
50823258250
50836185480
50849062526
50862030347
50875069742
50888052832
50901093649
50914098619
50927145372
50940145813
50953056198
50966063416
50979043477
50992018933
51005061785
51018030601
51030971142
51044021476
51056823384
51069795795
51082679404
51095459051
51108396302
51121406198
51134402202
51147441918
51160399426
51173335546
51186312195
51199229036
51212238244
51225158466
51238127160
51251049708
51263915187
51276936925
51289843500
51302853106
51315846631
51328814911
51341697939
51354680968
51367684897
51380631390
51393689389
51406625616
51419625995
51432540373
51445462937
51458466499
51471448595
51484425336
51497458197
51510331250
51523413484
51536448151
51549354772
51562318064
51575234569
51588269159
51601304346
51614190021
51627225759
51640152668
51653144280
51666147184
51679127872
51692006219
51704940839
51717880080
51730902093
51743934603
51756821640
51769811493
51782705705
51795694426
51808738671
51821693334
51834730035
51847663156
51860569241
51873553311
51886532592
51899475458
51912471967
51925365522
51938407685
51951430800
51964410571
51977453132
51990301889
52003212717
52016136046
52028982813
52041944851
52054741771
52067683429
52080670818
52093596442
52106459091
52119375948
52132207140
52145157962
52158103659
52171004191
52184024277
52196926568
52209896562
52222919631
52235954971
52248868890
52261784874
52274765333
52287754804
52300670360
52313710841
52326753157
52339403044
52352301051
52365194943
52378167629
52391134226
52404224019
52417345222
52430367603
52443252666
52456124189
52469129587
52482143905
52495218504
52508237764
52521278122
52534291216
52547247929
52560292281
52573320078
52586195074
52599207311
52612100315
52625053004
52638009687
52650976590
52663903636
52676843871
52689871561
52702881350
52715857999
52728838886
52741871487
52754855220
52767623529
52780513106
52793406936
52806327649
52819235509
52832296002
52845308698
52858196775
52871186384
52884249723
52897155456
52910107289
52923077190
52935788476
52948871200
52961900038
52974881874
52987869217
53000753699
53013736132
53026735639
53039581550
53052573132
53065473388
53078466561
53091466542
53104368160
53117330489
53130275069
53143199989
53156216204
53169187697
53182171827
53195141867
53208029654
53221067640
53234055275
53246913074
53259926902
53272867917
53285817975
53298825652
53311770110
53324495885
53337423222
53350448265
53363426337
53376372631
53389282068
53402212006
53415093642
53428017797
53441014825
53453933120
53466931312
53479947159
53492974727
53505919858
53518835628
53531827731
53544813973
53557778565
53570706652
53583690508
53596644758
53609681612
53622626131
53635542147
53648514359
53661546409
53674484854
53687441154
53700416013
53713426521
53726438360
53739263050
53752284329
53765296979
53778128599
53790993788
53803647745
53816537413
53829465118
53842420653
53855464744
53868369040
53881347770
53894349587
53907386687
53920456528
53933473722
53946156122
53959133367
53972042727
53985044376
53998025248
54010953810
54024003945
54037049138
54050060212
54063045980
54075972231
54088927628
54101920388
54114886817
54127910437
54140852814
54153870819
54166850207
54179768762
54192677326
54205571569
54218453144
54231402161
54244415913
54257464992
54270335153
54283129885
54296154378
54309188402
54322110567
54335150696
54348187995
54361215302
54374233582
54387332662
54400022987
54413001778
54425821464
54438881973
54451817388
54464759521
54477682926
54490664410
54503682889
54516759921
54529785301
54542803490
54555776283
54568639314
54581655621
54594628246
54607597261
54620635355
54633698571
54646773706
54659851978
54672868071
54685799937
54698777442
54711621180
54724528536
54737522520
54750508793
54763561100
54776517309
54789535176
54802588065
54815581192
54828628925
54841560408
54854444416
54867471693
54880433394
54893485441
54906536785
54919500001
54932524141
54945559894
54958556204
54971504578
54984506595
54997530536
55010504814
55023426016
55036338313
55049226987
55062174826
55075225941
55088206246
55101163189
55114157418
55127132353
55140085027
55153172066
55166127876
55179062374
55191988120
55205006049
55218017169
55230961106
55243938995
55256954659
55269847341
55282919019
55295877384
55308700070
55321716162
55334529162
55347516950
55360545129
55373412613
55386341756
55399194444
55412067788
55425128893
55438160836
55451150230
55464179588
55477226739
55490106784
55503070704
55516087026
55529123176
55542053023
55555057380
55568074681
55580948943
55593993371
55607096551
55620063684
55633150539
55646158109
55659085416
55672123005
55685087276
55698083463
55711082619
55723999368
55737020479
55749982501
55762991097
55776029390
55789054218
55802072376
55815148965
55828207653
55841187255
55854193662
55867232965
55880142049
55893074558
55905994123
55918979126
55931983651
55945064998
55958078964
55971035310
55984115999
55997205272
56010123368
56023117321
56036101222
56049094962
56062184203
56075196945
56088275171
56101317029
56114249124
56127238656
56140134628
56153150415
56166135081
56179128789
56192170448
56205159720
56218204286
56231255920
56244133838
56257200604
56270208970
56283118697
56296183444
56309164576
56322251920
56335320599
56348196849
56361154955
56374154034
56387209004
56400231905
56413279546
56426291737
56439324047
56452379078
56465401260
56478423136
56491384868
56504386961
56517259432
56530226304
56543163770
56556078286
56569046168
56582111267
56595061248
56608150168
56621136977
56634130593
56647129718
56660134489
56673066095
56686011471
56699022468
56712101658
56725191068
56738111031
56751144336
56764077563
56777106095
56790017719
56802963018
56815947394
56828911007
56841966788
56855055953
56868123132
56881004095
56893855116
56906881245
56919926163
56932849966
56945690154
56958636601
56971621620
56984712560
56997785216
57010839452
57023764570
57036782453
57049781501
57062804387
57075857215
57088852438
57101888405
57114886750
57127844320
57140859540
57153905437
57166906061
57179929850
57192966092
57205948632
57218933375
57231936401
57244981288
57258032785
57271051647
57283995294
57297026732
57310020976
57322932799
57335838196
57348856476
57361755968
57374738308
57387611086
57400581890
57413605923
57426597689
57439595727
57452608408
57465605590
57478534671
57491542058
57504652551
57517716349
57530784263
57543841910
57556820564
57569737283
57582739039
57595749654
57608742552
57621722735
57634726175
57647744730
57660757641
57673829670
57686821022
57699834957
57712762539
57725776092
57738822616
57751878015
57764998331
57778040938
57791090415
57804151474
57817212228
57830227830
57843172962
57856174733
57869145125
57882168653
57895318636
57908343465
57921362219
57934437630
57947489677
57960450246
57973478762
57986418401
57999414068
58012436448
58025515011
58038577814
58051624293
58064653069
58077728724
58090676364
58103676851
58116711426
58129818997
58142874885
58155912336
58168967811
58182018910
58195089516
58208148877
58221199043
58234209015
58247257666
58260189456
58273239132
58286362921
58299379977
58312453842
58325517166
58338611090
58351639147
58364676231
58377677222
58390694432
58403756470
58416770069
58429854124
58442916698
58455976410
58469025888
58482061549
58495108670
58508137966
58521158618
58534250216
58547297826
58560365465
58573425560
58586487063
58599587045
58612632422
58625665161
58638738827
58651748096
58664776979
58677919909
58690959686
58704022458
58717079907
58730068612
58743069497
58756064108
58769056195
58782065754
58795125834
58808134720
58821141495
58834221435
58847272503
58860233531
58873272803
58886316940
58899243451
58912303256
58925393706
58938430010
58951475356
58964410190
58977454603
58990471659
59003459860
59016483404
59029516831
59042516124
59055546629
59068551017
59081474223
59094522369
59107583918
59120661853
59133685351
59146730345
59159715868
59172650534
59185698619
59198774320
59211729580
59224776808
59237813204
59250845331
59263898556
59276920004
59289886417
59302911261
59315962590
59329071171
59342139849
59355179963
59368236447
59381362899
59394315205
59407317099
59420344193
59433379012
59446442871
59459583062
59472535767
59485539191
59498588362
59511630403
59524641921
59537665847
59550691563
59563726154
59576811708
59589906550
59602937667
59615954999
59628933882
59641971103
59654992398
59667906133
59680953438
59694017511
59706998995
59720088558
59733187011
59746237222
59759302336
59772358575
59785336877
59798346911
59811373836
59824426847
59837467481
59850563577
59863638391
59876712424
59889803961
59902894580
59915831770
59928893319
59941883310
59954902095
59967997916
59981073939
59994120585
60007214111
60020279531
60033324571
60046348910
60059388733
60072410410
60085474697
60098549022
60111617547
60124661440
60137711483
60150763775
60163828782
60176852769
60189872350
60202916059
60216122575
60229235272
60242365992
60255422308
60268483077
60281570070
60294649275
60307669345
60320728538
60333751989
60346759177
60359838000
60372931679
60386004152
60399067353
60412111460
60425182020
60438174321
60451202990
60464251259
60477282575
60490357649
60503467530
60516513886
60529579948
60542598091
60555716892
60568745822
60581662770
60594693795
60607767033
60620812318
60633930462
60646996815
60660059190
60673130883
60686126106
60699104912
60712098682
60725110047
60738154291
60751236709
60764266449
60777329651
60790368326
60803407261
60816385456
60829392904
60842415988
60855422075
60868488397
60881572926
60894668426
60907735376
60920758384
60933687113
60946732857
60959694772
60972723793
60985748347
60998726403
61011698325
61024748735
61037843883
61050903351
61063988615
61077047256
61090083621
61103107119
61116118790
61129159883
61142218065
61155324994
61168403664
61181437581
61194501945
61207524815
61220533609
61233571305
61246568487
61259626746
61272696542
61285773207
61298861883
61311905209
61324959888
61338022355
61351008062
61364035002
61377067297
61390087490
61403142062
61416175536
61429249508
61442318630
61455379001
61468482609
61481508234
61494567182
61507589884
61520614422
61533706861
61546803891
61559860207
61572947827
61586004572
61599052794
61612086329
61625072525
61638096971
61651154404
61664229035
61677354843
61690406769
61703392781
61716463694
61729566874
61742581972
61755636819
61768623000
61781513281
61794565298
61807675837
61820758454
61833836129
61846927146
61859999282
61872935141
61885964422
61898985197
61912034475
61925112517
61938192487
61951150088
61964209051
61977264847
61990324728
62003376668
62016407632
62029414269
62042493704
62055552040
62068653277
62081718498
62094713583
62107740508
62120637612
62133675354
62146705263
62159577535
62172619944
62185657824
62198761034
62211850582
62224905276
62238008242
62251085642
62264122099
62277192965
62290187209
62303224355
62316297700
62329222451
62342277452
62355335604
62368362881
62381409298
62394462340
62407464295
62420492566
62433525060
62446552062
62459599657
62472551428
62485605327
62498670915
62511750472
62524811914
62537824962
62550859399
62563927496
62576974586
62590086090
62603139330
62616182198
62629271424
62642343377
62655312269
62668334283
62681364130
62694399026
62707459336
62720559104
62733613339
62746691932
62759746688
62772802530
62785778475
62798810709
62811845957
62824881695
62837957335
62851036234
62864115776
62877187484
62890151510
62903284357
62916327087
62929338115
62942372919
62955415359
62968455074
62981539695
62994577177
63007628919
63020704100
63033750701
63046792895
63059776291
63072708678
63085746297
63098823559
63111930182
63124993582
63138039922
63151101976
63164138066
63177104005
63190134540
63203142493
63216149742
63229187790
63242258091
63255333241
63268373385
63281420950
63294487640
63307419215
63320462572
63333488839
63346530054
63359610850
63372686246
63385744291
63398766534
63411681539
63424757057
63437776883
63450837498
63463844518
63476891577
63489855237
63502945412
63515959546
63529004586
63542062203
63555118932
63568162672
63581191479
63594205980
63607259741
63620294897
63633356140
63646443194
63659470241
63672529939
63685593752
63698590352
63711620414
63724633844
63737651803
63750700087
63763754077
63776828616
63789890945
63802896633
63815999936
63829000377
63842021120
63855042690
63868057788
63881128899
63894212847
63907121029
63920144970
63933189031
63946213309
63959292346
63972321138
63985339586
63998338191
64011392870
64024501038
64037583915
64050518091
64063546179
64076643790
64089685755
64102712022
64115707918
64128759201
64141801839
64154883889
64167946953
64181005289
64193997712
64207090656
64220104148
64233159301
64246178989
64259194332
64272273797
64285322586
64298324480
64311417409
64324437495
64337521183
64350549286
64363563007
64376609546
64389651006
64402706481
64415748430
64428793088
64441832345
64454884897
64467948634
64480972300
64494001963
64506980035
64520042533
64533123314
64546239973
64559287737
64572379717
64585439705
64598507711
64611525563
64624577166
64637582733
64650611998
64663703658
64676772045
64689822639
64702863028
64715949883
64729008311
64742028626
64755074034
64768124352
64781168566
64794292814
64807381153
64820466631
64833524860
64846541687
64859620770
64872669895
64885518498
64898547825
64911567513
64924545096
64937630451
64950633248
64963703870
64976771324
64989841762
65002876429
65015893914
65028912791
65041971020
65055057660
65067985701
65080966344
65094049007
65107135081
65120206545
65133211055
65146245477
65159235284
65172156210
65185196049
65198276692
65211371243
65224446393
65237449496
65250588264
65263604066
65276610932
65289676719
65302618668
65315670884
65328774783
65341840386
65354951170
65368012505
65381034626
65394063647
65407030259
65420061667
65433117662
65446115715
65459206900
65472257586
65485301234
65498322483
65511386388
65524441296
65537483735
65550508533
65563579232
65576662170
65589691833
65602782039
65615784851
65628799398
65641870816
65654837688
65667867306
65680857817
65693883288
65706953497
7003590
19967800
33022739
46072431
59122091
72117513
85175421
98169619
111073425
124137085
137225225
150213334
163292141
176374896
189372934
202431331
215464392
228503908
241569389
254611232
267661764
280740235
293740523
306789755
319834933
332889138
345923406
358922745
371843580
384881383
398002602
411100029
424226802
437271368
450320355
463231062
476262576
489258259
502268231
515337782
528360086
541395380
554460127
567511593
580569225
593623736
606558616
619568802
632575899
645652472
658759982
671868135
684890163
697927355
710981483
724013059
737039953
750048840
763079314
776120682
789264484
802350344
815440198
828521667
841594110
854606775
867688321
880719698
893763851
906844708
919931380
932968540
946010750
959050175
972142002
985198762
998191874
1011202183
1024265844
1037332166
1050411004
1063344170
1076374844
1089376722
1102431738
1115478798
1128508523
1141519857
1154523357
1167585564
1180689601
1193770642
1206874143
1219974371
1233041412
1246068750
1259149562
1272052006
1285092976
1298192362
1311255777
1324339649
1337250033
1350293391
1363344352
1376359725
1389404765
1402396760
1415459655
1428539840
1441633427
1454727687
1467795126
1480837167
1493927404
1506942716
1519958043
1532977884
1545987765
1559056352
1572140269
1585204695
1598266213
1611355470
1624402377
1637430617
1650482451
1663498099
1676539651
1689602944
1702696776
1715743866
1728762774
1741836777
1754891364
1767923568
1780978920
1794000811
1807057892
1820107706
1833057320
1846130619
1859126164
1872101436
1885193600
1898174258
1911212459
1924233049
1937232419
1950289148
1963346994
1976360455
1989415043
2002491203
2015571265
2028618095
2041700788
2054742983
2067773580
2080758016
2093825364
2106874275
2119941668
2132980221
2146024328
2159092226
2172104892
2185123233
2198181079
2211244923
2224333323
2237421096
2250443232
2263542450
2276590626
2289602542
2302627769
2315634773
2328664345
2341905929
2355056156
2368184597
2381210772
2394314732
2407343401
2420344745
2433358649
2446400385
2459425749
2472536717
2485605824
2498660227
2511742370
2524795443
2537846740
2550905811
2563955456
2576984477
2590015104
2603051898
2616113676
2629184175
2642241394
2655299455
2668257882
2681300596
2694332738
2707227288
2720218166
2733216357
2746313999
2759408504
2772469318
2785548691
2798637336
2811665975
2824737071
2837755673
2850771551
2863931188
2876996088
2890044631
2903096572
2916139026
2929224489
2942192448
2955223580
2968260526
2981310019
2994360322
3007413915
3020464524
3033503230
3046451069
3059532906
3072573937
3085502590
3098536385
3111586229
3124652582
3137704324
3150692861
3163754241
3176880020
3189943114
3202961012
3216061346
3229086358
3242114905
3255195793
3268317792
3281365234
3294437998
3307491453
3320575860
3333587332
3346654527
3359689912
3372737339
3385817738
3398874421
3411969094
3425025961
3438049122
3451137385
3464158863
3477188756
3490238417
3503262970
3516309602
3529380208
3542418378
3555487623
3568589074
3581641428
3594683255
3607731370
3620752481
3633792702
3646863308
3659928391
3672986941
3686055421
3699112365
3712095883
3725124277
3738153099
3751184966
3764283281
3777397293
3790475626
3803578714
3816647393
3829726476
3842822602
3855851700
3868841507
3881834236
3894783024
3907830222
3920919540
3933977325
3947026159
3960110444
3973180515
3986215442
3999276960
4012308765
4025279907
4038360366
4051439464
4064452420
4077491998
4090561748
4103593966
4116641531
4129689922
4142713527
4155817319
4168858258
4181908409
4194963302
4207988835
4221027189
4234132052
4247138964
4260181174
4273184873
4286216036
4299265590
4312318081
4325379033
4338449196
4351503936
4364570687
4377575044
4390566336
4403548676
4416559444
4429674252
4442728733
4455739011
4468845006
4481856509
4494882393
4507902908
4520917424
4533954631
4547046519
4560129381
4573187028
4586176071
4599164577
4612202044
4625267127
4638240211
4651210189
4664169917
4677176141
4690202760
4703307255
4716405830
4729469368
4742569702
4755658638
4768697925
4781772525
4794799924
4807746953
4820839193
4833930638
4846993304
4860063972
4873008537
4886033381
4898989910
4912036526
4925106811
4938154728
4951232892
4964315540
4977389298
4990436847
5003510652
5016575781
5029622152
5042638657
5055687752
5068726137
5081766357
5094851560
5107917454
5120887463
5133941591
5147004945
5159982818
5173015297
5186039743
5199098492
5212167018
5225232468
5238277554
5251249659
5264309387
5277379106
5290424697
5303474098
5316499921
5329564882
5342649931
5355728249
5368825340
5381841799
5394913155
5407986837
5421016103
5434045246
5447080188
5460108460
5473162251
5486267359
5499348370
5512408496
5525472064
5538570425
5551613032
5564655272
5577693106
5590736035
5603831458
5616924647
5630001220
5643020434
5656044054
5669096117
5682149159
5695154511
5708169379
5721255209
5734338714
5747383539
5760432634
5773362129
5786408515
5799462368
5812482484
5825501667
5838532968
5851554385
5864626078
5877717798
5890782177
5903861796
5916684358
5929783576
5942828769
5955872814
5968912041
5981961227
5995062923
6008157397
6021229488
6034304960
6047348332
6060320774
6073381144
6086428158
6099448825
6112539215
6125606868
6138728791
6151822500
6164879168
6177940243
6191029622
6204000794
6217033365
6230090323
6243132120
6256185957
6269292534
6282389701
6295457447
6308522576
6321636389
6334681475
6347743131
6360769628
6373712540
6386787721
6399897190
6412967750
6426061322
6439100701
6452172424
6465213991
6478260791
6491314690
6504398118
6517451619
6530565524
6543663548
6556694022
6569794969
6582854238
6595883504
6608937540
6621949685
6635003967
6648078153
6661168634
6674230030
6687313978
6700416317
6713525020
6726562716
6739635465
6752672334
6765695037
6778778724
6791832531
6804913098
6818004023
6831065893
6844118553
6857154581
6870177329
6883198379
6896304053
6909325898
6922377318
6935442860
6948470367
6961476621
6974562482
6987586362
7000619544
7013627237
7026679132
7039731393
7052836578
7065921291
7078974073
7092063391
7105129729
7118167257
7131232584
7144265354
7157269268
7170359948
7183440254
7196531760
7209557370
7222616287
7235645109
7248594662
7261630675
7274665418
7287701921
7300784599
7313857974
7326965439
7340028930
7353072196
7366142450
7379180774
7392216710
7405265422
7418293265
7431326846
7444456097
7457493946
7470557790
7483660633
7496703180
7509763535
7522805653
7535818089
7548839949
7561915635
7575016581
7588093476
7601143060
7614170199
7627211047
7640227538
7653247195
7666251491
7679298123
7692355127
7705421205
7718502705
7731544991
7744530881
7757604456
7770626668
7783650396
7796704111
7809712370
7822751336
7835847187
7848895685
7861994734
7875068400
7888139389
7901208068
7914245917
7927278197
7940298757
7953361805
7966443366
7979511969
7992560528
8005600519
8018561149
8031590430
8044613729
8057625399
8070696128
8083740740
8096811469
8109941409
8122977835
8136040761
8149114595
8162130060
8175182414
8188213179
8201179761
8214205064
8227246050
8240303911
8253385625
8266462122
8279534412
8292578059
8305647870
8318705640
8331701031
8344778615
8357853796
8370910709
8383982677
8397021321
8410044666
8423117185
8436112990
8449144596
8462197700
8475229735
8488311648
8501366296
8514442564
8527512604
8540580793
8553634049
8566666008
8579694463
8592737958
8605796018
8618876110
8631946135
8645030680
8658114919
8671201269
8684224598
8697297132
8710326842
8723236049
8736331472
8749391108
8762458731
8775520907
8788554334
8801594234
8814622536
8827637924
8840705868
8853758436
8866816833
8879915071
8892925029
8905992055
8919028496
8932084415
8945123105
8958122551
8971177506
8984213014
8997240949
9010359720
9023424818
9036503243
9049573237
9062575085
9075597481
9088638804
9101678290
9114719092
9127803330
9140810962
9153859552
9166967781
9180007925
9193058366
9206106022
9219118397
9232144893
9245171222
9258239120
9271300761
9284368705
9297440627
9310477283
9323530661
9336573452
9349578758
9362696229
9375701550
9388738282
9401873684
9414921524
9428019242
9441103266
9454169803
9467266634
9480314030
9493257019
9506298693
9519365566
9532482792
9545549313
9558593619
9571656942
9584706404
9597743519
9610772035
9623800918
9636833321
9649900760
9662988380
9676092876
9689169051
9702225964
9715273850
9728313887
9741314511
9754391789
9767433585
9780483950
9793577537
9806538519
9819626246
9832704655
9845785467
9858862132
9871918264
9884976952
9898024348
9911002436
9924074511
9937021478
9950116840
9963195402
9976250265
9989293377
10002340360
10015359911
10028438335
10041521427
10054634307
10067722279
10080790927
10093853256
10107002030
10120036253
10133097817
10146134855
10159209960
10172305827
10185604112
10198663718
10211761757
10224787397
10237863190
10250891247
10263976832
10277029798
10290073996
10303159918
10316251225
10329311780
10342386747
10355437341
10368475939
10381528017
10394547292
10407586350
10420668768
10433710962
10446813454
10459890043
10473000705
10486078823
10499134390
10512148386
10525170553
10538223778
10551263050
10564313889
10577412433
10590464114
10603497281
10616585788
10629671787
10642674476
10655726983
10668808850
10681813513
10694921605
10707981165
10721018325
10734133317
10747189098
10760232072
10773269631
10786266476
10799310537
10812360947
10825426198
10838519984
10851552004
10864610432
10877662403
10890690705
10903716635
10916725139
10929757189
10942807661
10955825482
10968963500
10982025141
10995061292
11008141185
11021182171
11034215185
11047349990
11060389675
11073429422
11086491322
11099568156
11112638487
11125719405
11138774039
11151822368
11164864746
11177893155
11190942204
11203995812
11217084794
11230155706
11243220682
11256298663
11269342862
11282411494
11295434839
11308447489
11321486317
11334488441
11347522251
11360628200
11373685756
11386734973
11399805135
11412839420
11425871195
11438920779
11451939273
11464968952
11478055425
11491135487
11504188743
11517240683
11530280414
11543352505
11556386667
11569444038
11582452037
11595511796
11608607678
11621664545
11634743153
11647845553
11660873625
11673945012
11686929923
11699962111
11713036512
11726037029
11739072935
11752196388
11765223772
11778295541
11791343442
11804407041
11817474129
11830506714
11843542881
11856567143
11869690458
11882800998
11895842901
11908912773
11921991611
11935014068
11948053692
11961086584
11974122597
11987180841
12000252243
12013372100
12026476810
12039527313
12052562775
12065642974
12078641380
12091677485
12104705144
12117724771
12130778578
12143884619
12156947484
12170055269
12183096928
12196156840
12209186182
12222256911
12235293459
12248356263
12261454057
12274579224
12287621005
12300690326
12313740874
12326773888
12339808280
12352870272
12365851572
12378898709
12391871196
12404961019
12418027235
12431011901
12444117636
12457181618
12470190183
12483238099
12496248347
12509277261
12522337050
12535396717
12548508786
12561592122
12574666064
12587748161
12600768430
12613840551
12626873612
12639896513
12652981838
12666073420
12679094164
12692193397
12705236540
12718272874
12731335402
12744393111
12757424121
12770476459
12783547570
12796634272
12809691889
12822763046
12835826538
12848888133
12861922998
12874988142
12888031515
12901059786
12914113517
12927199775
12940295290
12953349005
12966424278
12979500576
12992515230
13005598398
13018623701
13031628961
13044755856
13057831053
13070891041
13083966497
13096970778
13110042410
13123125134
13136163855
13149222053
13162240517
13175299985
13188388844
13201423190
13214525727
13227565198
13240630419
13253673256
13266698085
13279744089
13292795050
13305824729
13318952710
13332035036
13345080903
13358171690
13371250007
13384264738
13397336599
13410352064
13423381162
13436442252
13449550190
13462605206
13475678474
13488736626
13501773680
13514801829
13527830789
13540828154
13553845761
13566928500
13580010031
13593090200
13606178248
13619222799
13632315055
13645347641
13658377641
13671428862
13684477513
13697444554
13710532281
13723575240
13736686376
13749748858
13762810392
13775839367
13788863232
13801901387
13814935396
13827988499
13841082468
13854134332
13867204832
13880265202
13893290613
13906327712
13919396421
13932437652
13945488337
13958571551
13971639648
13984715671
13997787073
14010846418
14023953607
14036961835
14049991499
14063034366
14076047414
14089102461
14102173878
14115219270
14128334231
14141392766
14154475995
14167497243
14180527748
14193619943
14206627467
14219733310
14232822307
14245853041
14258930579
14271994866
14285060469
14298082468
14311124142
14324132309
14337202349
14350302668
14363375830
14376513924
14389571067
14402658121
14415749397
14428799028
14441857088
14454902419
14467930109
14480988842
14494078405
14507140811
14520227345
14533281045
14546380277
14559409864
14572477548
14585555958
14598589064
14611694095
14624781012
14637841183
14650913503
14663963103
14676998443
14690058125
14703094980
14716132018
14729191164
14742251581
14755344112
14768426607
14781469214
14794535613
14807613640
14820623062
14833667260
14846709393
14859761579
14872799045
14885912017
14898973383
14912051884
14925155798
14938232632
14951258287
14964350543
14977402743
14990446054
15003514121
15016605612
15029652534
15042741332
15055804778
15068854699
15081881731
15094923420
15107952395
15121020523
15134118088
15147194218
15160242960
15173313001
15186369225
15199448736
15212494388
15225535634
15238560891
15251586133
15264633713
15277735026
15290770473
15303845578
15316972335
15330032308
15343057458
15356140152
15369188833
15382230997
15395316383
15408410307
15421491042
15434547679
15447602741
15460674510
15473671952
15486717543
15499759355
15512733143
15525806411
15538880200
15551947349
15565025146
15578034660
15591180879
15604238235
15617285601
15630325072
15643353312
15656422649
15669517292
15682566631
15695648116
15708740907
15721769484
15734802070
15747858937
15760874525
15773941016
15787019073
15800132106
15813187199
15826261217
15839327126
15852365649
15865326722
15878369207
15891406842
15904479881
15917552568
15930650332
15943729308
15956812919
15969871301
15982972630
15995983444
16009010047
16022058132
16035112138
16048176548
16061265805
16074309086
16087392269
16100489482
16113559446
16126570321
16139629391
16152698376
16165756405
16178807933
16191910562
16204943224
16218005462
16231075181
16244118813
16257167892
16270213208
16283255785
16296351238
16309437497
16322571093
16335649518
16348623474
16361674925
16374746465
16387771095
16400828160
16413869880
16426943792
16439998777
16453082495
16466154632
16479222836
16492316071
16505397755
16518430555
16531502140
16544549261
16557393168
16570476626
16583582162
16596620363
16609690480
16622741502
16635743152
16648793348
16661838832
16674846264
16687906069
16700957382
16714065535
16727135544
16740174449
16753256163
16766327412
16779364864
16792411051
16805446177
16818502371
16831489577
16844574734
16857645768
16870745965
16883808952
16896893757
16909925562
16922964345
16936028204
16949095919
16962224237
16975292732
16988353072
17001421812
17014409232
17027459122
17040491111
17053539777
17066633992
17079704200
17092797818
17105896668
17118967565
17132042196
17145109038
17158203604
17171259875
17184295612
17197364429
17210421831
17223400301
17236520678
17249590933
17262674177
17275767733
17288829037
17301842468
17314923753
17327962475
17341039400
17354128428
17367248009
17380301158
17393393399
17406447925
17419498871
17432545854
17445603930
17458649215
17471726752
17484823858
17497923504
17511006090
17524063370
17537130106
17550203543
17563245660
17576290395
17589321252
17602393449
17615439530
17628554812
17641591407
17654709657
17667779315
17680868434
17693904264
17706971336
17719993304
17733079409
17746163709
17759266644
17772316320
17785397881
17798478876
17811532255
17824569370
17837605138
17850629462
17863691210
17876761556
17889843270
17902938326
17916027461
17929080258
17942164420
17955183083
17968196697
17981245638
17994285201
18007341517
18020440521
18033713194
18046798749
18059940729
18073029176
18086032309
18099092129
18112124700
18125225799
18138314872
18151394796
18164462618
18177551034
18190620906
18203654012
18216708875
18229774830
18242806100
18255884341
18268959308
18282036264
18295118743
18308177293
18321237541
18334307612
18347341131
18360378766
18373418467
18386470912
18399533654
18412616439
18425686923
18438778353
18451748301
18464814486
18477834418
18490876353
18503907806
18516963465
18530032725
18543107431
18556158790
18569232916
18582299667
18595345839
18608399875
18621385827
18634437660
18647476244
18660564185
18673678213
18686746647
18699808976
18712902410
18725970522
18738999910
18752029803
18765046233
18778096092
18791145386
18804250050
18817319402
18830383628
18843452429
18856552442
18869580193
18882624193
18895619936
18908662987
18921751984
18934832566
18947878815
18960926823
18973958507
18987005979
19000019456
19013043229
19026089447
19039169448
19052253380
19065355780
19078447562
19091509631
19104604855
19117711049
19130767243
19143808779
19156848969
19169885793
19182931843
19196035635
19209089626
19222181040
19235286867
19248352057
19261374056
19274435681
19287451498
19300516245
19313651845
19326740383
19339816743
19352913864
19365994232
19379083213
19392119548
19405159860
19418180221
19431228168
19444315681
19457396217
19470462922
19483545249
19496593303
19509656305
19522709837
19535751373
19548801126
19561831172
19574889278
19588004866
19601025075
19614105549
19627204446
19640274975
19653304746
19666344431
19679358244
19692422685
19705509524
19718593289
19731604363
19744691233
19757751833
19770797179
19783826874
19796870185
19809905157
19822968955
19836047916
19849113289
19862204581
19875277835
19888349711
19901438999
19914469060
19927515064
19940549853
19953590135
19966650138
19979778701
19992824063
20005878941
20018966331
20032051809
20045073410
20058136167
20071192988
20084249580
20097338959
20110417369
20123401637
20136487054
20149569273
20162642389
20175701015
20188749743
20201776163
20214813492
20227861791
20240939710
20253991268
20266990531
20280062958
20293149262
20306163794
20319200771
20332243241
20345286338
20358343251
20371431008
20384496841
20397574944
20410668241
20423761705
20436785708
20449860889
20462907459
20475934338
20489070582
20502154958
20515203349
20528260965
20541327915
20554391223
20567507745
20580560389
20593622596
20606687128
20619760428
20632869911
20645953018
20659041678
20672126804
20685227123
20698266365
20711317464
20724343425
20737411292
20750451559
20763553515
20776607352
20789670110
20802781736
20815885069
20828896296
20841993570
20855030256
20868068335
20881228232
20894321054
20907361581
20920453898
20933531451
20946622743
20959683618
20972708952
20985755920
20998822441
21011910535
21024982121
21038051304
21051116678
21064185189
21077263368
21090310321
21103349027
21116386784
21129446298
21142515497
21155618386
21168696046
21181775634
21194875386
21207969616
21221038692
21234112114
21247132261
21260177148
21273274774
21286276990
21299329068
21312402061
21325504032
21338559033
21351578354
21364631503
21377664012
21390720237
21403833040
21416931233
21429996423
21443064199
21456119765
21469178025
21482312677
21495312383
21508368011
21521409777
21534463737
21547557324
21560604506
21573700495
21586797295
21599881304
21612918541
21626008349
21639008346
21652029686
21665121697
21678222644
21691295055
21704365968
21717440476
21730523751
21743547723
21756599556
21769664746
21782745864
21795825420
21808900770
21821967505
21834969139
21848039669
21861134159
21874129382
21887175493
21900240286
21913253089
21926291917
21939403390
21952448139
21965520077
21978609303
21991683704
22004724996
22017784372
22030826061
22043872157
22057012179
22070133857
22083193249
22096250376
22109359324
22122407210
22135468514
22148484331
22161502305
22174569729
22187644941
22200729593
22213829086
22226891231
22239984650
22253084326
22266103402
22279148427
22292207038
22305231837
22318329830
22331427976
22344465519
22357542843
22370629851
22383709239
22396754356
22409829567
22422887046
22435919479
22449027204
22462144796
22475170711
22488248799
22501297863
22514380419
22527430569
22540471356
22553524505
22566611636
22579669757
22592781765
22605858278
22618869015
22631936271
22644989818
22657990580
22671042520
22684071541
22697114148
22710180807
22723307381
22736389264
22749462502
22762510082
22775621325
22788638748
22801687308
22814728079
22827739979
22840876605
22853936379
22866974014
22880035792
22893074299
22906122201
22919148666
22932190861
22945246366
22958321226
22971399666
22984490025
22997510141
23010571720
23023630546
23036719910
23049756183
23062798867
23075853607
23088896536
23101932167
23115000738
23128058416
23141111856
23154217560
23167271153
23180285685
23193356980
23206377632
23219432724
23232570941
23245694730
23258768718
23271838070
23284876485
23297934500
23310973695
23324003160
23337081722
23350113023
23363202448
23376266124
23389316672
23402401722
23415492692
23428554761
23441584654
23454631745
23467684205
23480727777
23493744481
23506892505
23519923974
23532971646
23546078452
23559115169
23572113085
23585183217
23598170622
23611213918
23624302120
23637420386
23650476702
23663588037
23676678625
23689747181
23702753390
23715796900
23728847953
23741891830
23754979971
23768061119
23781157291
23794253326
23807322005
23820400124
23833430017
23846444870
23859492603
23872519681
23885573564
23898688372
23911778502
23924865142
23937962539
23951065015
23964123229
23977192259
23990237116
24003269717
24016347377
24029493045
24042548627
24055610665
24068705767
24081795315
24094829247
24107881968
24120894633
24133948853
24147038538
24160132814
24173257674
24186322375
24199411188
24212510360
24225527661
24238572165
24251690324
24264738149
24277810775
24290884212
24303944491
24317003668
24330105792
24343190307
24356234123
24369303444
24382341094
24395383778
24408473525
24421631892
24434684184
24447761645
24460832634
24473895361
24486957491
24500002011
24513029073
24526103765
24539176177
24552268509
24565346307
24578413501
24591493532
24604575705
24617588937
24630641612
24643574855
24656604687
24669680143
24682792595
24695869643
24708962985
24722049167
24735134369
24748159259
24761211322
24774251114
24787287739
24800394546
24813517646
24826528353
24839601285
24852621447
24865687999
24878757795
24891790320
24904824420
24917909730
24930999691
24944106313
24957133758
24970217768
24983310789
24996313142
25009374186
25022429829
25035472252
25048518272
25061597033
25074694537
25087778087
25100869930
25113992021
25127060347
25140073946
25153137698
25166102291
25179117021
25192181355
25205257806
25218278259
25231293097
25244400285
25257457474
25270423137
25283499084
25296547245
25309595177
25322652793
25335718794
25348724009
25361791938
25374890772
25387929616
25400937401
25413972909
25426976073
25439976697
25453006024
25466104109
25479194973
25492174116
25505321651
25518326957
25531352902
25544430011
25557386617
25570394127
25583416308
25596516750
25609606420
25622671962
25635801275
25648899804
25661854971
25674887909
25687879950
25700949088
25714064982
25727158034
25740225733
25753340006
25766433837
25779552455
25792595384
25805618836
25818657802
25831705382
25844773265
25857877271
25871012306
25884322587
25897433677
25910529192
25923556254
25936533362
25949581784
25962640272
25975730172
25988814809
26001868860
26014868108
26027970553
26041045459
26054105830
26067141261
26080184695
26093243475
26106265702
26119340027
26132420088
26145435492
26158511989
26171609157
26184642462
26197617428
26210623606
26223651357
26236718138
26249797007
26262870382
26275944003
26289035218
26302112496
26315160795
26328193610
26341191924
26354152737
26367257815
26380376540
26393430836
26406484827
26419540133
26432593221
26445611716
26458594760
26471617600
26484723702
26497816586
26510946082
26523969962
26537002930
26550093473
26563203018
26576226072
26589240864
26602271721
26615337125
26628431400
26641537503
26654593238
26667690543
26680783701
26693888671
26706935792
26719925615
26732941875
26745989149
26759179769
26772283423
26785351658
26798433663
26811498410
26824584744
26837636241
26850678129
26863761618
26876814477
26889885405
26902941124
26915939163
26928989374
26942067783
26955163543
26968182405
26981198620
26994237387
27007307259
27020332531
27033397385
27046426513
27059492484
27072574412
27085628831
27098674452
27111758798
27124795515
27137841810
27150933010
27164045294
27177096270
27190148578
27203217119
27216283961
27229339298
27242360868
27255405633
27268479483
27281545163
27294633792
27307692694
27320743992
27333817796
27346897782
27359946203
27372968079
27386036421
27399087856
27412121988
27425232695
27438277919
27451375392
27464473936
27477541758
27490590516
27503660908
27516678699
27529715875
27542819300
27555912244
27568987915
27582070257
27595141735
27608200729
27621237262
27634294496
27647356106
27660443512
27673538507
27686632752
27699715414
27712788423
27725882025
27738958920
27752006943
27765030426
27778083774
27791134888
27804184166
27817270119
27830338981
27843389452
27856487461
27869568777
27882586216
27895652141
27908661042
27921736667
27934832855
27947922510
27961016327
27974153259
27987238339
28000279355
28013331953
28026359414
28039335741
28052422749
28065500363
28078578222
28091661894
28104683067
28117781687
28130859301
28143884405
28156932521
28169971471
28183005954
28196087485
28209186152
28222268906
28235363427
28248458176
28261536020
28274568973
28287641951
28300669809
28313735871
28326815290
28339895566
28352992458
28366054894
28379116198
28392190951
28405246242
28418288345
28431351163
28444451773
28457545238
28470636025
28483707717
28496771837
28509866602
28522934607
28535946048
28549013289
28562057181
28575112932
28588233783
28601341890
28614400562
28627492420
28640569866
28653627834
28666606916
28679660953
28692710399
28705780700
28718893764
28731969495
28745057896
28758134117
28771205519
28784210183
28797249623
28810261493
28823290957
28836404802
28849489836
28862634999
28875670094
28888740961
28901833110
28914852706
28927891503
28940908805
28953962091
28967009350
28980085969
28993216827
29006275408
29019322269
29032418977
29045503368
29058422903
29071489730
29084519868
29097569911
29110658633
29123804775
29136886000
29149974400
29163049107
29176109937
29189182180
29202215806
29215254267
29228373513
29241458287
29254550818
29267611831
29280666143
29293746435
29306747548
29319796444
29332763102
29345791771
29358893115
29371960417
29385076633
29398129185
29411181324
29424283587
29437383003
29450447749
29463512052
29476548662
29489576229
29502681047
29515808477
29528893665
29542001190
29555052228
29568110472
29581154823
29594182131
29607206470
29620277734
29633378864
29646487659
29659564324
29672627969
29685687131
29698816000
29711850223
29724864342
29737916435
29750941769
29763987176
29777099521
29790151859
29803215688
29816280450
29829361032
29842419918
29855444303
29868368841
29881400814
29894481060
29907563019
29920631682
29933692435
29946732595
29959783602
29972810756
29985869260
29998913627
30011990323
30025075572
30038174376
30051255019
30064340589
30077402153
30090492053
30103459384
30116507469
30129554896
30142596922
30155649138
30168751308
30181829381
30194890562
30207932726
30221033320
30234067008
30247110564
30260158542
30273206274
30286303901
30299384115
30312458746
30325571228
30338652147
30351684381
30364751040
30377775410
30390810719
30403922651
30417011938
30430132193
30443213418
30456269566
30469364040
30482505333
30495556171
30508607790
30521644997
30534686044
30547735429
30560857474
30573926596
30587026089
30600136231
30613255277
30626293952
30639347652
30652385379
30665432056
30678510343
30691623759
30704673022
30717760795
30730840398
30743914890
30756960558
30770003517
30783024811
30796137738
30809215428
30822309275
30835393988
30848459285
30861542499
30874640446
30887696181
30900743853
30913789306
30926836611
30939916091
30953010948
30966069712
30979144725
30992263052
31005362193
31018340448
31031413472
31044445691
31057484213
31070584945
31083674707
31096757171
31109865064
31122946732
31136031124
31149073180
31162122321
31175172594
31188235244
31201298812
31214395934
31227440821
31240509300
31253578392
31266671306
31279695507
31292748794
31305770028
31318835355
31331812249
31344928740
31357978003
31371055984
31384184409
31397292333
31410323343
31423383805
31436368517
31449414338
31462504497
31475565801
31488651861
31501772621
31514817783
31527903858
31540947643
31553990802
31567030884
31579987414
31593082975
31606172905
31619237315
31632307615
31645363473
31658511803
31671559245
31684580570
31697638371
31710672747
31723710550
31736848216
31749881919
31762931916
31776032817
31789091106
31802156037
31815221579
31828268241
31841323516
31854407740
31867508227
31880582169
31893666775
31906731674
31919793391
31932859362
31945883701
31958821121
31971912719
31985041940
31998122200
32011184285
32024237694
32037284142
32050388041
32063443102
32076468252
32089503286
32102548632
32115512736
32128555450
32141578871
32154652293
32167731406
32180704888
32193719864
32206745718
32219767823
32232820406
32245872040
32258940122
32271919740
32284944706
32297969596
32311011194
32324070600
32337111372
32350136017
32363203227
32376331193
32389415814
32402503159
32415539845
32428591969
32441654237
32454670513
32467721428
32480749730
32493774452
32506826209
32519906393
32532948006
32545993428
32558942736
32572051363
32585096556
32598119259
32611143154
32624159904
32637244862
32650348134
32663412896
32676425821
32689414435
32702483358
32715539904
32728580002
32741607845
32754678865
32767742663
32780843425
32793901746
32806936994
32820005657
32833078819
32846127424
32859176059
32872213587
32885237544
32898268753
32911371810
32924438577
32937508081
32950582084
32963693266
32976740953
32989889299
33002930897
33015966481
33029068437
33042151513
33055235890
33068331221
33081373691
33094415288
33107468116
33120530109
33133541167
33146600130
33159611801
33172734474
33185810037
33198866246
33211917009
33225010626
33238078035
33251123641
33264127983
33277154556
33290219456
33303262078
33316273581
33329337761
33342408918
33355523925
33368546979
33381626414
33394664217
33407713694
33420807480
33433811975
33446898234
33459978892
33473079395
33486138342
33499178838
33512225776
33525299932
33538368366
33551469572
33564561721
33577650565
33590722150
33603695525
33616767570
33629772631
33642791539
33655866200
33668923893
33681909202
33695054105
33708105020
33721326270
33734532251
33747599553
33760623357
33773722100
33786746255
33799808584
33812917119
33826034758
33839089713
33852174273
33865326428
33878402802
33891423929
33904477583
33917517742
33930580469
33943669512
33956746498
33969824678
33982881300
33995934756
34009044652
34022084628
34035097095
34048150259
34061184941
34074270312
34087371870
34100463591
34113541633
34126645731
34139741934
34152790279
34165867174
34178902376
34191959687
34205049081
34218136793
34231211638
34244348661
34257440397
34270529639
34283588036
34296631011
34309649138
34322685258
34335761067
34348852466
34361936138
34375025793
34388123970
34401220479
34414181721
34427229393
34440274097
34453237940
34466310918
34479403740
34492482715
34505561844
34518584286
34531642438
34544611422
34557608389
34570585803
34583625810
34596731086
34609823158
34622870401
34635942553
34649052037
34662141722
34675215496
34688253467
34701244957
34714299024
34727405831
34740508552
34753592331
34766673403
34779743321
34792836923
34805853735
34818900427
34831931330
34844961269
34858033543
34871141283
34884235298
34897325305
34910427460
34923508685
34936468045
34949532057
34962561246
34975618389
34988749751
35001844470
35014883589
35027959031
35041085666
35054160724
35067214700
35080244180
35093332289
35106370077
35119423746
35132452247
35145533441
35158625376
35171711053
35184815090
35197864353
35210917303
35223976128
35237018399
35250070554
35263188682
35276268483
35289336902
35302400302
35315489620
35328527561
35341599988
35354643774
35367642394
35380762710
35393869822
35406943641
35420001228
35433050445
35446153120
35459243846
35472265890
35485303035
35498371943
35511457651
35524558322
35537628010
35550665048
35563760165
35576837963
35589891601
35602929007
35615994151
35629041578
35642049776
35655166603
35668246650
35681310310
35694385965
35707475483
35720520140
35733601931
35746638219
35759692241
35772795054
35785872759
35798940428
35812022219
35825101194
35838215467
35851238062
35864250039
35877240748
35890339476
35903431089
35916525074
35929623634
35942694133
35955773124
35968882302
35981907498
35994895423
36007944915
36020977394
36034069635
36047201487
36060289092
36073437453
36086582616
36099661867
36112793551
36125843334
36138873502
36151919782
36165020116
36178146705
36191246045
36204307456
36217406352
36230466111
36243504082
36256583639
36269622972
36282688591
36295875110
36308950521
36322309104
36335425748
36348520314
36361656848
36374613347
36387669954
36400734945
36413723115
36426777810
36439869163
36452965703
36466053874
36479128519
36492221448
36505266733
36518350176
36531409063
36544425813
36557528917
36570609836
36583675485
36596766471
36609851658
36622931965
36636013098
36649050319
36662078392
36675214712
36688298491
36701423887
36714530357
36727634485
36740716521
36753812908
36766841286
36779869068
36792926593
36805911611
36818971920
36832071918
36845176919
36858255940
36871328169
36884433873
36897420421
36910481266
36923542586
36936584459
36949714368
36963275768
36977003019
36990073488
37003104468
37016124431
37029136637
37043445748
37057973848
37072411708
37087043848
37102013092
37117082521
37131380509
37144428686
37157522579
37170573907
37183622252
37196693073
37209732130
37222832250
37235913812
37249006970
37262071197
37275177620
37288301532
37301322842
37314415052
37327421306
37340479045
37353578324
37366649833
37379735020
37392828072
37405895787
37419023600
37432075280
37445116740
37458204865
37471278531
37484394227
37498753980
37511926821
37524974279
37538076618
37551157536
37564488671
37577897484
37590930911
37603990991
37617040178
37630149187
37643227596
37656292986
37669370615
37682470750
37695496359
37708535830
37721561087
37734598722
37747699225
37760782194
37773752049
37786813629
37799868721
37813027211
37826101994
37839166572
37852178319
37865275884
37878373159
37891466547
37904531140
37917629577
37930684532
37943751849
37956808287
37969847697
37982873291
37995918928
38008974387
38022102323
38035163367
38048237905
38061323980
38074408004
38087465346
38100550181
38113578942
38126624563
38139716712
38152849605
38165923118
38179009667
38192078667
38205230715
38218299379
38231387442
38244426102
38257517196
38270599139
38283701631
38296794239
38309865029
38322844386
38335941599
38349004311
38362057521
38375138577
38388130679
38401197614
38414310999
38427399950
38440487830
38453558345
38466575064
38479619263
38492681301
38505708058
38518752960
38531874837
38544970383
38558022614
38571096173
38584156880
38597237906
38610339051
38623380266
38636321817
38649404862
38662498143
38675609601
38688679442
38701737396
38714804697
38727923300
38740906099
38753983591
38767061908
38780106367
38793174663
38806260019
38819360873
38832460519
38845489815
38858578109
38871612362
38884687115
38897718400
38910763762
38923848934
38936947631
38950005523
38963084958
38976150469
38989225910
39002353876
39015414706
39028471665
39041564854
39054640647
39067747622
39080825434
39093890104
39106943529
39120041675
39133097410
39146174718
39159222650
39172290426
39185349725
39198496572
39211612022
39224672179
39237780852
39250876122
39263865072
39276959669
39290012267
39303050606
39316157657
39329177651
39342234196
39355318925
39368372594
39381454431
39394519804
39407548810
39420615622
39433684423
39446771064
39459873969
39472919162
39485958510
39499030080
39512047045
39525079294
39538050588
39551073780
39564101883
39577174968
39590340343
39603431742
39616466087
39629548322
39642669755
39655710985
39668773834
39681825270
39694888685
39707992049
39721089629
39734165973
39747239578
39760306834
39773404124
39786486511
39799531352
39812566616
39825565802
39838668844
39851742908
39864842416
39877922417
39890986995
39904101895
39917135338
39930169377
39943227361
39956275476
39969341738
39982466690
39995513566
40008593888
40021686388
40034771560
40047822124
40060898865
40073937265
40087100177
40100209477
40113316803
40126407254
40139523316
40152603240
40165665156
40178778129
40191809567
40204840317
40217943910
40231014807
40244093844
40257182428
40270251810
40283334672
40296464765
40309524707
40322559389
40335615261
40348618257
40361675522
40374730415
40387783167
40400876019
40413965613
40427078202
40440158310
40453209516
40466239807
40479290967
40492378465
40505477147
40518548732
40531612194
40544660952
40557724428
40570818214
40583847572
40596877740
40609979115
40623082983
40636206650
40649285457
40662324638
40675404179
40688519538
40701572580
40714613703
40727664129
40740692905
40753789965
40766902892
40779986121
40793094594
40806193536
40819294559
40832336952
40845689706
40858727249
40871773192
40884891458
40898008576
40912196159
40925629131
40939204989
40952255706
40965375394
40978429767
40991473170
41004532684
41017613817
41030754651
41043836334
41056933119
41070006999
41083106722
41096155204
41109239259
41122278531
41135338474
41148418398
41161537031
41174627512
41187702448
41200772412
41213895268
41226942664
41240021854
41253753665
41266780896
41279878721
41292980586
41306052248
41319201221
41332253865
41345311772
41358406277
41371458187
41384510204
41397574476
41410666824
41423808392
41436880482
41449964553
41463048531
41476131347
41489194487
41502209218
41515266758
41528327358
41541397414
41554569597
41567643248
41580754200
41594014772
41607179029
41620208785
41633290774
41646338232
41659405335
41672484738
41685574806
41698656414
41711771007
41724856577
41737913016
41750972576
41764023001
41777044097
41790120640
41803217118
41816303897
41829393904
41842499654
41855569128
41868660849
41881954698
41895000197
41908059772
41921123401
41934185761
41947302222
41960375123
41973482954
41986602735
41999700024
42012797712
42025885561
42038934289
42051981073
42065082861
42078180579
42091247391
42104326581
42117432086
42130499923
42143588905
42156634404
42169707015
42182770415
42195854608
42208947705
42222058749
42235144717
42248233224
42261332029
42274383510
42287493300
42300539839
42313585828
42326661300
42339783926
42352845444
42365938649
42379031196
42392123054
42405226754
42418277776
42431327896
42444364797
42457453947
42470549798
42483602641
42496742250
42509854182
42522950982
42536015683
42549065374
42562089254
42575150451
42588245308
42601344984
42614437929
42627528486
42640587327
42653700498
42666756845
42679796423
42692845854
42705893572
42718979034
42732077364
42745139678
42758238651
42771336277
42784442502
42797505351
42810556817
42823587781
42836658235
42849735175
42862835005
42875878500
42888959847
42902041561
42915095919
42928182911
42941259546
42954296921
42967354430
42980431401
42993536081
43006588756
43019644292
43032725960
43045762830
43058815872
43071839660
43084910649
43097948406
43111006895
43124123417
43137211787
43150287258
43163371512
43176489717
43189544779
43202614054
43215656906
43228713131
43241829576
43254926896
43267982508
43281059908
43294116301
43307154716
43320219095
43333287468
43346316810
43359307183
43372384874
43385441649
43398407129
43411485186
43424578299
43437671381
43450750770
43463837319
43476877142
43489920774
43502997577
43516105179
43529185776
43542261217
43555337408
43568434300
43581499475
43594561513
43607597282
43620659718
43633741050
43646838110
43660142944
43673267574
43686331326
43699415427
43712516741
43725837564
43738883858
43751940863
43765062434
43778119729
43791165366
43804258570
43817241982
43830342592
43843406833
43856449976
43869510362
43882547355
43895590023
43908700088
43921781864
43934853694
43947960990
43961025813
43974064213
43987140664
44000204523
44013232305
44026342385
44039424925
44052479727
44065545804
44078600790
44091652562
44104715487
44117845871
44130884041
44143945468
44157067421
44170151736
44183232624
44196316939
44209374311
44222500288
44235565127
44248582764
44261645950
44274678934
44287735220
44300820193
44313888213
44326964772
44340000922
44353079102
44366168329
44379201068
44392215737
44405246885
44418348581
44431453597
44444434209
44457503821
44470565829
44483549454
44496613314
44509670058
44522761503
44535832002
44548919133
44562025970
44575101885
44588182911
44601267501
44614364011
44627406786
44640470615
44653533403
44666576301
44679644934
44692754234
44705842206
44718933192
44731992170
44745061859
44758096587
44771165571
44784199167
44797249103
44810299085
44823396069
44836416216
44849590785
44862657184
44875706432
44888780649
44901863388
44914941446
44927982294
44941084617
44954180560
44967234383
44980329178
44993384056
45006386991
45019415798
45032478004
45045519357
45058550428
45071626527
45084719640
45097791884
45110859537
45123948779
45137041953
45150074110
45163151479
45176184463
45189212688
45202317490
45215389657
45228432632
45241501632
45254559876
45267603172
45280668408
45293733200
45306780658
45319857598
45332930653
45346033665
45359084044
45372153916
45385223130
45398274291
45411327180
45424349423
45437405203
45450471312
45463450256
45476557597
45489647176
45502737626
45515828582
45528895899
45541936655
45555005456
45568036068
45581097555
45594190729
45607295210
45620365556
45633436331
45646501598
45659573703
45672631381
45685686213
45698759375
45711815844
45724922666
45738022602
45751081596
45764186474
45777232937
45790304584
45803395738
45816405787
45829436063
45842485800
45855540234
45868635887
45881720875
45894791818
45907880647
45920900580
45933948925
45946978038
45959978019
45973020504
45986132313
45999212467
46012268554
46025342312
46038425969
46051478598
46064533828
46077566353
46090608868
46103667571
46116781018
46129855510
46142962011
46156021861
46169061485
46182140843
46195173964
46208202220
46221226146
46234259712
46247352763
46260448110
46273531017
46286600797
46299674647
46312771585
46325817803
46338920433
46351959766
46365008922
46378086704
46391184039
46404233577
46417300344
46430374867
46443419417
46456473362
46469540036
46482577533
46495622375
46508712489
46521790087
46534869353
46547945345
46560966655
46574018228
46587060560
46600127326
46613175870
46626198389
46639261100
46652328570
46665431276
46678495456
46691575472
46704665770
46717712676
46730750648
46743813145
46756841631
46769940649
46783050638
46796075100
46809146716
46822216496
46835248087
46848324523
46861332629
46874424242
46887484950
46900551777
46913634654
46926700884
46939748480
46952806173
46965851534
46978908998
46991951330
47004977444
47018003466
47031060670
47044142430
47057214429
47070254435
47083322043
47096392328
47109421150
47122529945
47135540254
47148502965
47161550178
47174641179
47187679824
47200747462
47213806547
47226848940
47239937050
47252916346
47265976548
47279020303
47292090680
47305158487
47318251125
47331295507
47344355786
47357432956
47370497535
47383532523
47396561192
47409591498
47422656504
47435762821
47448866919
47461933226
47475035840
47488107946
47501135697
47514213403
47527251558
47540323312
47553421779
47566491039
47579570061
47592654407
47605708841
47618753254
47631761803
47644829013
47657915302
47670997873
47684082678
47697166718
47710244316
47723364938
47736433097
47749510007
47762558581
47775611286
47788672805
47801716774
47814800798
47827911797
47840964364
47854045099
47867171138
47880249501
47893296469
47906350490
47919371892
47932423389
47945516440
47958616958
47971675554
47984745105
47997801360
48010856651
48023910274
48036965198
48050024681
48063070915
48076157617
48089217238
48102283637
48115371501
48128424620
48141536980
48154535248
48167573862
48180606448
48193625310
48206686231
48219778441
48232825256
48245899734
48258991944
48272070506
48285141984
48298187606
48311209436
48324247836
48337339679
48350397448
48363466785
48376557648
48389627337
48402656205
48415714479
48428746117
48441772323
48454851298
48467921889
48480983055
48494069084
48507114935
48520176882
48533275074
48546285643
48559331571
48572371547
48585402495
48598475014
48611552689
48624613320
48637708743
48650788147
48663886079
48676937102
48689977276
48703018446
48716021120
48729089814
48742185023
48755210892
48768272838
48781339115
48794404978
48807478339
48820507635
48833537329
48846658793
48859727426
48872822573
48885901992
48898951806
48912026406
48925166061
48938215462
48951273583
48964309046
48977344447
48990412360
49003497333
49016571199
49029615657
49042675676
49055796099
49068830093
49081902581
49094928206
49107948383
49121058923
49134183706
49147240267
49160287740
49173363977
49186404504
49199466664
49212491753
49225504832
49238604508
49251670356
49264842279
49277912977
49290941738
49304014502
49317065172
49330101782
49343154228
49356198564
49369257083
49382296661
49395406145
49408490827
49421539065
49434636508
49447918652
49460990421
49474080566
49487112463
49500172053
49513294512
49526396437
49539475061
49552554250
49565620634
49578709401
49591770170
49604813359
49617879253
49631002292
49644086378
49657183316
49670264846
49683321071
49696391509
49709509209
49722569518
49735633102
49748681125
49761740655
49774793788
49787913860
49800975148
49814050926
49827169177
49840254930
49853312333
49866414228
49879457003
49892531037
49905657641
49918769634
49931858386
49944914075
49957975639
49971040263
49984082565
49997171577
50010301058
50023373103
50036457525
50049532767
50062631235
50075675449
50088746178
50101877969
50114924569
50127924429
50140986543
50154016972
50167093255
50180209302
50193273406
50206344579
50219440889
50232493304
50245566511
50258627417
50271682418
50284712693
50297790200
50310887291
50323976594
50337035511
50350073299
50363117849
50376092907
50389089477
50402113097
50415236289
50428337618
50441429400
50454497313
50467538253
50480611231
50493676681
50506712924
50519776508
50532802897
50545845627
50558918406
50572014303
50585079264
50598163227
50611260287
50624334214
50637372598
50650446173
50663488750
50676533637
50689597940
50702683127
50715755126
50728787819
50741817651
50754875481
50767947480
50780994968
50794029130
50807182418
50820264407
50833332030
50846484384
50859550386
50872621436
50885701023
50898729340
50911806373
50924848062
50937894602
50950960343
50964067088
50977133043
50990226875
51003327301
51016397815
51029407421
51042470576
51055511944
51068534187
51081667202
51094755434
51107801698
51120891185
51133947777
51146979750
51160025785
51173077741
51186123882
51199238017
51212318247
51225410932
51238472098
51251527925
51264607267
51277683183
51290727366
51303770708
51316800861
51329846758
51342926361
51356045223
51369094991
51382182091
51395274454
51408357469
51421378993
51434456928
51447489804
51460554184
51473675892
51486741021
51499814274
51512891888
51525933868
51538991485
51552010071
51565058386
51578094093
51591199017
51604306328
51617425252
51630488040
51643544907
51656589764
51669680306
51682725254
51695733314
51708785530
51721809471
51734859729
51748017147
51761055150
51774108543
51787217400
51800269432
51813292716
51826371186
51839378481
51852425112
51865520122
51878617963
51891714549
51904789791
51917901386
51930990062
51944026794
51957107284
51970157587
51983210629
51996329538
52009389863
52022502712
52035560054
52048639702
52061716276
52074754844
52087830438
52100960745
52113998533
52127056930
52140144550
52153202427
52166252791
52179270475
52192346375
52205415345
52218492423
52231511208
52244563546
52257580526
52270676469
52283766048
52296836547
52309908944
52322953540
52335998550
52349078030
52362101038
52375154860
52388289390
52401377133
52414478201
52427552633
52440600473
52453724721
52466760474
52479837766
52492891283
52505930448
52519045669
52532137665
52545196597
52558275435
52571308357
52584409885
52597489870
52610564547
52623612279
52636655958
52649737274
52662814796
52675885525
52688941336
52702011774
52715065995
52728121377
52741186415
52754215604
52767322777
52780459464
52793594239
52806700571
52819754133
52832845242
52845923085
52858966595
52872056801
52885045108
52898106122
52911149402
52924244764
52937301952
52950372788
52963472128
52976575216
52989600366
53002679694
53015747852
53028789098
53041882379
53054966755
53068027646
53081143403
53094197776
53107240995
53120320537
53133373395
53146384837
53159402949
53172487570
53185600144
53198649025
53211719784
53224805492
53237878806
53250910428
53263949119
53277060423
53290101332
53303096357
53316215418
53329270296
53342268962
53355373580
53368481733
53381514701
53394593294
53407635458
53420693151
53433774162
53446868055
53459941140
53473047670
53486075360
53499137934
53512187993
53525276821
53538319077
53551385369
53564519700
53577620080
53590677574
53603752878
53616800075
53629892989
53642940997
53656005759
53669026747
53682067167
53695125334
53708247196
53721315400
53734333099
53747428568
53760527326
53773554771
53786651311
53799711254
53812769941
53825852298
53838927234
53851987651
53865061532
53878089145
53891192111
53904255389
53917327494
53930367853
53943422868
53956558714
53969653035
53982712167
53995796865
54008868618
54021976220
54034983301
54048050496
54061098978
54074076423
54087134193
54100208991
54113221901
54126294818
54139375905
54152489718
54165552843
54178609358
54191598584
54204637290
54217714689
54230816064
54243891980
54256915615
54269993780
54283059108
54296120259
54309183307
54322205611
54335253803
54348363149
54361473275
54374578812
54387626376
54400664807
54413779033
54426810487
54439861678
54452985421
54466011015
54479072839
54492158133
54505216163
54518310026
54531415440
54544524617
54557575946
54570637387
54583682443
54596721470
54609826042
54622987607
54636062589
54649137541
54662190476
54675243013
54688300599
54701363265
54714401864
54727459603
54740563609
54753673552
54766751181
54779811337
54792877950
54805983594
54819050681
54832134384
54845196668
54858240468
54871327201
54884422502
54897475697
54910562093
54923682057
54936766341
54949811795
54962897319
54975942144
54988969222
55002010835
55015024801
55028090787
55041160429
55054156601
55067166895
55080224267
55093271051
55106317239
55119363381
55132485456
55145617523
55158675598
55171720623
55184793035
55197855854
55210887491
55223967308
55237005677
55250037483
55263114133
55276221291
55289308176
55302387703
55315471880
55328573041
55341621676
55354720236
55367771962
55380814677
55393881596
55406968175
55420015005
55433088014
55446142188
55459206675
55472257146
55485320271
55498383243
55511445985
55524547191
55537664524
55550711033
55563785862
55576826496
55589926830
55602955468
55615997785
55629112195
55642164289
55655127382
55668238380
55681301628
55694385729
55707489184
55720553120
55733580427
55746670388
55759686924
55772755832
55785847690
55798938860
55811995696
55825019240
55838106799
55851170903
55864197017
55877242868
55890295083
55903366271
55916465336
55929575462
55942599939
55955659499
55968738994
55981831296
55994869864
56007936661
56021000306
56034040664
56047108960
56060229414
56073279901
56086349039
56099421206
56112507984
56125549429
56138646244
56151686373
56164720305
56177812041
56190926864
56203989408
56217065537
56230119467
56243171468
56256202800
56269256974
56282289590
56295328816
56308458848
56321590945
56334664963
56347737559
56360805396
56373877808
56386911602
56399927450
56412967594
56426005826
56439094119
56452194698
56465195062
56478273563
56491341569
56504427613
56517489697
56530562384
56543593639
56556632605
56569725810
56582822212
56595900744
56608960609
56622020139
56635081060
56648129634
56661175960
56674198111
56687276138
56700369327
56713459778
56726550626
56739597012
56752657398
56765746212
56778777910
56791835037
56804935708
56817988659
56831097928
56844201965
56857279380
56870399115
56883501927
56896631424
56909647317
56922723386
56935808236
56948770213
56961867625
56974960202
56988029691
57001118184
57014176672
57027237089
57040316615
57053361487
57066408149
57079487660
57092572251
57105679133
57118661979
57131684038
57144774978
57157858085
57170907195
57183934609
57196990834
57210037740
57223084754
57236211328
57249278048
57262361201
57275462453
57288561410
57301759634
57314837982
57327821363
57340861002
57353953304
57366963522
57380057353
57393139037
57406200111
57419230112
57432226284
57445204493
57458223569
57471134994
57484261308
57497368941
57510445529
57523514850
57536564526
57549670170
57562692107
57575782466
57588824186
57601882705
57614945738
57628053171
57641101746
57654183016
57667295728
57680333103
57693387583
57706458251
57719466173
57732540528
57745611716
57758697500
57771792280
57784872663
57797939980
57811009409
57824048069
57837104140
57850096915
57863092169
57876217152
57889342287
57902433794
57915502365
57928569667
57941670292
57954718637
57967778502
57980891612
57993888564
58006932549
58019995184
58033051439
58046145148
58059265770
58072326585
58085363210
58098385790
58111390897
58124419459
58137514729
58150617159
58163701857
58176767246
58189850582
58202918113
58215957982
58229024212
58242059415
58255068347
58268132925
58281234759
58294333899
58307379077
58320465948
58333573779
58346617932
58359696555
58372765754
58385804047
58398887138
58411973106
58425036291
58438117577
58451187725
58464255470
58477274424
58490320887
58503372919
58516398222
58529370816
58542523094
58555517874
58568590959
58581650901
58594721324
58607881864
58620922941
58633818883
58646890575
58659912727
58672989025
58686119209
58699073612
58712165639
58725264412
58738253378
58751315569
58764366102
58777398657
58790461185
58803492976
58816571186
58829660076
58842736099
58855821867
58868849772
58881927661
58894978194
58908019806
58921109186
58934218914
58947288129
58960347551
58973397502
58986470908
58999530239
59012547922
59025599251
59038689105
59051750347
59064836912
59077930070
59090982194
59104040423
59117058719
59130105534
59143108621
59156127483
59169159717
59182234760
59195358381
59208423480
59221500588
59234675357
59247761478
59260794936
59273854404
59286867941
59299905530
59313004044
59326131505
59339273991
59352481257
59365631622
59378746599
59391783071
59404826948
59417888910
59430951254
59444052660
59457163199
59470259708
59483340657
59496447035
59509533676
59522614243
59535679938
59548740997
59561777056
59574835591
59587940622
59601011963
59614094993
59627198418
59640273262
59653330481
59666397324
59679458123
59692491413
59705575957
59718584124
59731672525
59744762868
59757831271
59770921584
59783959449
59796985716
59810033464
59823088326
59836238661
59849323497
59862445128
59875522436
59888585653
59901676042
59914741982
59927747120
59940854400
59953870202
59966947984
59980154959
59993165926
60006245346
60019328529
60032437278
60045471409
60058490470
60071542670
60084588307
60097682934
60110806984
60123910577
60136976655
60150047659
60163123834
60176176739
60189240460
60202268012
60215327006
60228412193
60241531943
60254613336
60267638976
60280728233
60293853353
60306877203
60319910477
60333031375
60346077884
60359153952
60372258831
60385298531
60398365572
60411470206
60424579414
60437633283
60450688023
60463739826
60476741888
60489875546
60502997744
60516064449
60529099926
60542176255
60555221325
60568274367
60581338609
60594399332
60607468286
60620541784
60633551573
60646674566
60659747927
60672819711
60685915088
60698942564
60712034835
60725084006
60738137813
60751211480
60764292811
60777378565
60790457709
60803520099
60816625819
60829649607
60842704057
60855781319
60868817745
60881905120
60894986712
60908038897
60921084901
60934154589
60947211258
60960276188
60973301644
60986378814
60999448732
61012557068
61025621723
61038712739
61051777470
61064846470
61077902863
61090958644
61104024783
61117083639
61130125404
61143190778
61156289934
61169394186
61182471784
61195553605
61208674074
61221707257
61234757147
61247793420
61260850655
61273954523
61287027578
61300121501
61313211707
61326289535
61339310753
61352325606
61365354061
61378423704
61391494861
61404552738
61417639256
61430711821
61443822437
61456884368
61469961232
61483002248
61496042484
61509016502
61522054121
61535094755
61548207161
61561266292
61574332385
61587454048
61600536542
61613562595
61626645105
61639683245
61652735904
61665841471
61678939878
61692021714
61705083370
61718143695
61731211945
61744290354
61757347298
61770402405
61783476133
61796578915
61809648925
61822720006
61835817234
61848886311
61861953230
61874999433
61888045712
61901149183
61914200557
61927210193
61940307008
61953318251
61966345527
61979423585
61992491346
62005508983
62018572950
62031584773
62044635536
62057736727
62070842707
62083941725
62097001560
62110097182
62123175072
62136182749
62149195613
62162230571
62175268328
62188360110
62201432185
62214502041
62227559016
62240604469
62253711734
62266754739
62279802977
62292906494
62305947326
62318999511
62332132037
62345189531
62358292727
62371366730
62384433618
62397470947
62410502232
62423563950
62436632888
62449717877
62462830497
62475885360
62488915482
62501973879
62515034678
62528046242
62541082393
62554092319
62567170040
62580288597
62593408653
62606501138
62619542384
62632610971
62645702064
62658729111
62671782780
62684812735
62697794785
62710883506
62723990772
62737067942
62750157826
62763251168
62776342032
62789397216
62802411319
62815476173
62828528985
62841621899
62854733051
62867789887
62880907250
62893944533
62906990277
62920062674
62933088757
62946145777
62959247029
62972316152
62985423249
62998568320
63011618945
63024693391
63037798346
63050849613
63063899091
63076855666
63089896407
63102982941
63116066124
63129099582
63142139435
63155254595
63168339094
63181405600
63194490160
63207558762
63220598049
63233696027
63246815594
63259902663
63272981470
63286048542
63299103879
63312149042
63325185192
63338238387
63351330108
63364390218
63377489589
63390534996
63403608663
63416675000
63429742577
63442802015
63455821794
63468844986
63481907881
63494962316
63508075930
63521139407
63534227364
63547315443
63560369816
63573369048
63586441000
63599469945
63612537032
63625639386
63638730005
63651775948
63664860370
63677943018
63691010090
63704050785
63717115087
63730202707
63743248482
63756363076
63769484019
63782541544
63795632499
63808670211
63821744352
63834786622
63847824670
63860889906
63873935360
63886986994
63900100104
63913156894
63926211436
63939285133
63952352633
63965403197
63978452674
63991506695
64004539495
64017639202
64030749344
64043833705
64056899599
64069954859
64083034248
64096059582
64109111629
64122176544
64135243218
64148300605
64161376888
64174470506
64187554744
64200619598
64213706116
64226718063
64239731019
64252861861
64265899251
64278946602
64292058411
64305127181
64318189021
64331269480
64344371085
64357416553
64370473007
64383521719
64396594437
64409661325
64422740148
64435797810
64448866872
64461926125
64474976949
64488032316
64501087057
64514130047
64527179310
64540263472
64553360348
64566455129
64579464780
64592536595
64605637220
64618697331
64631724944
64644810407
64657864596
64670920086
64683994548
64697064022
64710161128
64723232500
64736344600
64749380842
64762423281
64775499534
64788551229
64801621484
64814732344
64827764900
64840815081
64853859356
64866960195
64880021285
64893063678
64906061349
64919117222
64932200665
64945308450
64958339781
64971403472
64984502491
64997608532
65010636390
65023621087
65036683110
65049740604
65062807019
65075925223
65089009890
65102086479
65115158279
65128255829
65141368097
65154704847
65167757981
65180780377
65193911923
65206971299
65220008475
65233097304
65246158623
65259248676
65272316345
65285356106
65298408353
65311439730
65324506374
65337583896
65350653064
65363727740
65376839412
65389911058
65402941732
65415983742
65429017996
65442060313
65455141767
65468258916
65481326355
65494374669
65507525861
65520589965
65533616844
65546686257
65559703864
65572734170
65585849085
65598943759
65611979083
65625057156
65638123341
65651207029
65664239722
65677291188
65690355506
65703418187
3526956
16630151
29697667
42784782
55898136
68971573
82033979
95043339
108110733
121159720
134219709
147329177
160384698
173443278
186537492
199618794
212652864
225706104
238743770
251780686
264874426
277939998
291008172
304080829
317138369
330208149
343272330
356332486
369392260
382443038
395547962
408627733
421694973
434779258
447869969
460962316
473998574
487045343
500096610
513132088
526192336
539305645
552368693
565427687
578542005
591639723
604680602
617746450
630802889
643852136
656879750
669974928
683054393
696119706
709197977
722276341
735313180
748372587
761437287
774493971
787592331
800676402
813742342
826807608
839849451
852961383
866015266
879076050
892144086
905173153
918243147
931341186
944414057
957496950
970570371
983625846
996667076
1009774372
1022834727
1035872638
1048964037
1062062428
1075118117
1088198408
1101269198
1114343431
1127414389
1140434796
1153474956
1166547138
1179630244
1192705946
1205796457
1218861250
1231957774
1245048072
1258080811
1271153177
1284210533
1297259322
1310330051
1323400091
1336483595
1349575515
1362664619
1375738943
1388785039
1401863938
1414950395
1427971230
1441085549
1454134139
1467172401
1480288203
1493349507
1506404141
1519472100
1532504839
1545601425
1558660296
1571750028
1584851968
1597913762
1610925326
1624014277
1637084608
1650106392
1663137693
1676178005
1689232317
1702291877
1715398300
1728486624
1741547836
1754641423
1767699591
1780697063
1793744735
1806804126
1819847744
1832979963
1846059933
1859117917
1872211581
1885276664
1898338167
1911361328
1924416558
1937476775
1950550396
1963578988
1976669821
1989751291
2002799131
2015887424
2028991935
2042033976
2055089053
2068141024
2081206000
2094272644
2107397596
2120484543
2133561361
2146658161
2159755405
2172765423
2185824937
2198881835
2211933637
2225040551
2238131292
2251165056
2264301284
2277350118
2290461897
2303493657
2316572847
2329602021
2342685953
2355789042
2368897500
2381978939
2395047357
2408130066
2421286429
2434350059
2447400668
2460465430
2473510822
2486585207
2499703152
2512795790
2525857691
2538965675
2552058084
2565090548
2578149281
2591188278
2604271155
2617371489
2630467616
2643527206
2656594049
2669651650
2682690050
2695749732
2708821180
2721865425
2734956059
2748053486
2761113979
2774190507
2787296456
2800365777
2813504576
2826544475
2839573833
2852632398
2865706019
2878795245
2891906136
2904983857
2918072166
2931170970
2944225833
2957285592
2970319570
2983342685
2996439011
3009494853
3022577821
3035607714
3048648057
3061685034
3074745099
3087799533
3100890168
3113904715
3126983002
3140095438
3153226847
3166318154
3179397696
3192485882
3205590087
3218633796
3231690418
3244713671
3257703142
3270740731
3283843743
3296924263
3309967850
3323056143
3336157013
3349185498
3362231977
3375267210
3388310337
3401412783
3414500433
3427572738
3440619507
3453657066
3466721368
3479813517
3492885699
3505918377
3518989978
3532099615
3545201280
3558289527
3571341422
3584410024
3597371480
3610419060
3623460903
3636509844
3649574392
3662639750
3675652217
3688747364
3701815217
3714893978
3727975723
3741013312
3754087422
3767129769
3780203971
3793300496
3806386096
3819477679
3832557970
3845605167
3858677748
3871749364
3884793042
3897846803
3910904711
3923994121
3937070021
3950128173
3963227085
3976292841
3989423163
4002479648
4015512922
4028565612
4041614110
4054678918
4067747367
4080773129
4093828313
4106925572
4119983296
4132989260
4146110815
4159137480
4172189971
4185263898
4198360835
4211420533
4224490068
4237557645
4250635657
4263694773
4276703139
4289667655
4302741704
4315866197
4328933927
4342013729
4355083692
4368148745
4381272886
4394323618
4407372621
4420422388
4433479164
4446552677
4459661518
4472710720
4485776369
4498854090
4511907866
4524958506
4538017041
4551052090
4564118428
4577188284
4590289766
4603362408
4616408718
4629498663
4642553220
4655613958
4668661308
4681674157
4694824170
4707895450
4721016883
4734128478
4747178720
4760224495
4773327032
4786370451
4799394484
4812445858
4825490623
4838572719
4851706041
4864748571
4877818030
4890900188
4904028170
4917075780
4930119290
4943159220
4956206050
4969273383
4982347110
4995404742
5008469841
5021536132
5034594529
5047635025
5060680907
5073700105
5086796232
5099858194
5112949195
5126080038
5139139429
5152157113
5165210981
5178309311
5191354902
5204391007
5217479224
5230549692
5243626526
5256676171
5269766071
5282824131
5295938572
5308982909
5322050516
5335069317
5348119100
5361226013
5374304576
5387373545
5400454035
5413518919
5426571395
5439655389
5452709946
5465751941
5478842529
5491929675
5505046671
5518136372
5531191969
5544256838
5557294687
5570374611
5583409630
5596450631
5609520640
5622580674
5635690464
5648760336
5661836129
5674931369
5688026394
5701061887
5714151802
5727154491
5740156967
5753232607
5766308186
5779355139
5792427948
5805481403
5818544069
5831605480
5844636658
5857666842
5870763107
5883869989
5896960180
5910048855
5923110833
5936163140
5949284328
5962354552
5975407044
5988448213
6001521940
6014588783
6027712587
6040776079
6053826291
6066912075
6079969845
6092999019
6106079555
6119110075
6132176214
6145275447
6158384915
6171455322
6184532079
6197613518
6210700878
6223751870
6236813480
6249868542
6262942835
6276041196
6289123644
6302226763
6315298242
6328336091
6341400761
6354444195
6367491606
6380551763
6393611246
6406684010
6419794534
6432844103
6445936726
6459028140
6472096956
6485153334
6498225715
6511266027
6524331524
6537415349
6550534441
6563596862
6576657983
6589747026
6602803648
6615846882
6628883951
6641904909
6654964591
6668054109
6681155759
6694275386
6707338679
6720404787
6733508993
6746559678
6759616622
6772716130
6785765684
6798837789
6811938996
6824989697
6838058666
6851154242
6864234977
6877287927
6890335905
6903376967
6916422390
6929508403
6942589995
6955643756
6968724155
6981793568
6994824899
7007861646
7020907849
7033925564
7047011164
7060064833
7073180422
7086307026
7099374771
7112453716
7125550639
7138608087
7151675985
7164726962
7177769676
7190848728
7203943478
7217022515
7230103479
7243152161
7256261476
7269264839
7282413108
7295550300
7308549609
7321653814
7334760819
7347844216
7360939639
7374002948
7387029949
7400094864
7413104163
7426110525
7439200578
7452266043
7465398140
7478470047
7491521988
7504581547
7517653041
7530728085
7543795554
7556822923
7569904806
7582967364
7596056223
7609136209
7622224884
7635317783
7648435391
7661476652
7674549293
7687588565
7700615108
7713699744
7726774451
7739838708
7752949079
7766020083
7779073125
7792147174
7805171268
7818242043
7831299736
7844383149
7857483896
7870559047
7883616296
7896687331
7909744489
7922809587
7935830055
7948889661
7961937532
7974990421
7988093065
8001134755
8014189526
8027282807
8040360788
8053393358
8066449231
8079468429
8092508711
8105589752
8118656763
8131708810
8144791259
8157872132
8170963638
8183983938
8197024373
8210072840
8223168707
8236268307
8249346226
8262405358
8275498715
8288550135
8301623419
8314646259
8327703662
8340769540
8353810863
8366855673
8379977076
8393016149
8406084246
8419138497
8432191753
8445281209
8458332598
8471364725
8484455803
8497525476
8510625198
8523665327
8536721812
8549814511
8562880314
8575888680
8588936917
8601984283
8615031404
8628118550
8641208434
8654293667
8667353655
8680415036
8693503742
8706547773
8719585224
8732639735
8745675136
8758719365
8771820112
8784855009
8797931643
8811014000
8824105736
8837166856
8850207995
8863234399
8876288115
8889388954
8902520255
8915601893
8928660397
8941733008
8954754241
8967803596
8980844306
8993868186
9006925971
9020009001
9033110085
9046186643
9059234131
9072302397
9085388196
9098380206
9111455556
9124485786
9137529020
9150594822
9163665995
9176689080
9189771008
9202827462
9215944519
9228958883
9241980177
9255027222
9268059853
9281148269
9294238612
9307283316
9320429596
9333478109
9346518207
9359570561
9372604968
9385622253
9398714739
9411799850
9424917855
9437963110
9451012832
9464086085
9477156095
9490165608
9503271450
9516268632
9529342911
9542402363
9555486709
9568566358
9581657604
9594737360
9607830289
9620858790
9633907945
9646920595
9659959026
9673059834
9686134878
9699192372
9712249821
9725286492
9738351575
9751389577
9764379124
9777432961
9790492307
9803512469
9816610356
9829655090
9842729108
9855783909
9868859733
9881914060
9894975089
9907991579
9921045447
9934095093
9947199925
9960261199
9973328011
9986423954
9999532413
10012548046
10025610528
10038637545
10051694274
10064805318
10077886604
10090952957
10104065348
10117133170
10130211090
10143202427
10156271733
10169312596
10182381213
10195478136
10208588553
10221621093
10234693351
10247752850
10260823885
10273859102
10286948788
10300007904
10313070156
10326104747
10339230739
10352266492
10365314562
10378365844
10391461925
10404503262
10417564138
10430599815
10443664806
10456791762
10469873201
10482952880
10496026868
10509083643
10522156483
10535183439
10548227087
10561276885
10574359150
10587450090
10600534971
10613622132
10626669957
10639739217
10652802327
10665860479
10678901541
10692017298
10705083681
10718145505
10731232437
10744277523
10757360828
10770454461
10783530009
10796573183
10809619279
10822660570
10835707431
10848774197
10861871441
10874951350
10888022828
10901073927
10914138827
10927196336
10940246257
10953286692
10966314412
10979391904
10992488887
11005544194
11018615152
11031674299
11044775520
11057722855
11070760245
11083867678
11096884368
11109958478
11123048653
11136106545
11149196429
11162180040
11175302574
11188359855
11201285233
11214330702
11227364772
11240455482
11253554547
11266613632
11279693526
11292715494
11305773707
11318845430
11331881734
11344917013
11357999415
11371087097
11384186314
11397261327
11410332285
11423421328
11436505353
11449533303
11462583147
11475620965
11488687594
11501767732
11514840159
11527909465
11540989404
11554071241
11567192445
11580223669
11593359866
11606393385
11619427333
11632509935
11645606597
11658676591
11671729389
11684801372
11697864007
11710903157
11723942352
11736986138
11750043433
11763126846
11776216623
11789312000
11802363420
11815426973
11828511090
11841544548
11854578924
11867673780
11880726394
11893828151
11906951711
11920005288
11933082214
11946169421
11959256643
11972289871
11985377415
11998416809
12011448462
12024555406
12037616082
12050674908
12063758397
12076811928
12089875114
12102938820
12115958677
12129018435
12142080504
12155186331
12168255087
12181327192
12194391847
12207467594
12220560156
12233619823
12246658560
12259745751
12272807881
12285865376
12298976359
12312014269
12325062063
12338151779
12351245902
12364251177
12377304648
12390335015
12403396518
12416523260
12429621804
12442700030
12455700960
12468750422
12481830361
12494873642
12507921176
12520968067
12534019289
12547122270
12560233360
12573319725
12586377755
12599417746
12612510721
12625549075
12638576459
12651712443
12664756182
12677818205
12690943555
12703918567
12717022374
12730134459
12743205555
12756255032
12769319656
12782350131
12795389862
12808513697
12821614398
12834707358
12847764791
12860830440
12873886083
12886926472
12899968254
12913005047
12926082906
12939179002
12952271701
12965369787
12978453184
12991514809
13004594672
13017615706
13030659216
13043790640
13056814796
13069902676
13082997303
13096052380
13109159875
13122240901
13135343561
13148394354
13161445070
13174475728
13187519835
13200565472
13213629683
13226709148
13239784222
13252851967
13265910869
13278970000
13292020640
13305040512
13318097562
13331181006
13344298063
13357380680
13370442183
13383498682
13396587955
13409617098
13422704886
13435804701
13448843605
13461931394
13475036563
13488096046
13501176781
13514254839
13527350843
13540385051
13553459803
13566505563
13579557885
13592669205
13605747171
13618810464
13631923191
13645000744
13658024027
13671104196
13684162425
13697200534
13710233870
13723309724
13736425848
13749493761
13762539306
13775588646
13788655305
13801689880
13814751061
13827816971
13840888143
13853983780
13867093937
13880160030
13893244009
13906312825
13919401899
13932437881
13945512450
13958561407
13971596732
13984745919
13997761675
14010845439
14023919014
14036990783
14050054642
14063163651
14076145227
14089219276
14102273435
14115419991
14128510380
14141588529
14154637884
14167703441
14180799966
14193870725
14206892877
14219950677
14232956993
14246001375
14259104555
14272192879
14285253510
14298374881
14311467030
14324500259
14337586639
14350589436
14363648659
14376755817
14389846559
14402935693
14415992530
14429047591
14442133620
14455175860
14468198639
14481251742
14494298022
14507380516
14520486404
14533561172
14546653367
14559710372
14572788521
14585828313
14598859859
14611897769
14624979774
14638043358
14651143692
14664220617
14677267891
14690381414
14703468957
14716498407
14729563398
14742587569
14755613867
14768738620
14781822813
14794875212
14807922455
14821031082
14834053402
14847098518
14860132848
14873173788
14886164651
14899270906
14912310454
14925390347
14938407924
14951460430
14964555731
14977604091
14990643853
15003690897
15016735080
15029857401
15042996199
15056001429
15069069970
15082139061
15095219643
15108287664
15121359005
15134514771
15147622342
15160704623
15173804360
15186856347
15199904799
15212951721
15226041727
15239132729
15252167380
15265199216
15278330533
15291418367
15304490244
15317597677
15330662316
15343760310
15356860017
15369895923
15382954825
15395993087
15409063632
15422173529
15435270451
15448339895
15461422420
15474495566
15487581274
15500629343
15513695161
15526727961
15539763209
15552851931
15565942672
15578989915
15592090112
15605148019
15618202316
15631264920
15644312316
15657356362
15670420711
15683525038
15696631890
15709729455
15722765775
15735844138
15748899888
15761947667
15775004871
15788042123
15801094170
15814164915
15827252963
15840333927
15853380146
15866423380
15879476484
15892486456
15905573112
15918605377
15931626289
15944720044
15957793665
15970855688
15983959296
15997002776
16010078523
16023113190
16036172550
16049219916
16062281725
16075383727
16088470812
16101592459
16114667931
16127745238
16140816105
16153873217
16166928600
16179989904
16193067762
16206143601
16219240401
16232332688
16245371990
16258470534
16271569109
16284573191
16297650009
16310697865
16323743746
16336869678
16349965452
16363045025
16376161868
16389233178
16402283405
16415287104
16428347184
16441392821
16454434051
16467536543
16480612734
16493749513
16506854621
16519905811
16532967207
16546004154
16559035806
16572104577
16585165238
16598249415
16611379432
16624425222
16637513499
16650569295
16663650168
16676677047
16689732430
16702785105
16715836938
16728917214
16741972153
16755002934
16768076325
16781151246
16794149652
16807211124
16820261504
16833292866
16846369225
16859474486
16872568057
16885655601
16898683352
16911753484
16924832414
16937848078
16950893470
16963932191
16977010401
16990118355
17003202823
17016274593
17029355741
17042461216
17055558291
17068633380
17081699596
17094732549
17107769511
17120824434
17133923223
17146974873
17160023050
17173124486
17186205006
17199267840
17212311488
17225306895
17238369285
17251472664
17264575737
17277671681
17290727553
17303807171
17316878589
17329904381
17342943913
17355966860
17369022580
17382132094
17395202456
17408269926
17421345550
17434422078
17447517088
17460564912
17473624977
17486664922
17499707851
17512780936
17525868786
17538935506
17552045066
17565100434
17578169479
17591222139
17604205413
17617253222
17630321350
17643411540
17656514782
17669603442
17682662528
17695728682
17708856464
17721899959
17734950262
17748019737
17761063170
17774179677
17787331327
17800370614
17813423916
17826505279
17839594000
17852617070
17865707520
17878739953
17891760100
17904833017
17917931393
17930999612
17944084861
17957136357
17970206413
17983273822
17996314410
18009367895
18022433850
18035506691
18048605556
18061694461
18074777017
18087843814
18100929858
18113999975
18127042184
18140092794
18153148926
18166213489
18179346458
18192405697
18205468883
18218562944
18231667516
18244685751
18257780715
18270822251
18283870076
18296958170
18310045148
18323094043
18336176064
18349244084
18362330557
18375394844
18388453792
18401486454
18414565002
18427678846
18440754363
18453844294
18466902385
18479940219
18493016639
18506076795
18519115960
18532173179
18545212497
18558303651
18571440583
18584501184
18597577910
18610663556
18623733887
18636782661
18649831449
18662896104
18675951089
18689058216
18702162881
18715222257
18728271673
18741371441
18754436203
18767464566
18780504174
18793551800
18806595402
18819703065
18832789951
18845889459
18858940956
18871954371
18885047361
18898057272
18911095366
18924167701
18937197197
18950303284
18963425482
18976465136
18989566389
19002660006
19015718954
19028752519
19041804398
19054834047
19067908080
19080994308
19094078944
19107135765
19120200267
19133259460
19146304163
19159343359
19172402383
19185446429
19198531631
19211612473
19224711997
19237772306
19250851940
19263914697
19276988333
19290007072
19303065041
19316132893
19329178989
19342290829
19355380407
19368410132
19381503092
19394564365
19407652750
19420698510
19433747619
19446791084
19459843116
19472942410
19486020299
19499038182
19512116224
19525175631
19538238495
19551307786
19564352581
19577400222
19590459660
19603556001
19616645579
19629718985
19642771920
19655846367
19668901581
19681939935
19694987194
19708035233
19721074704
19734183637
19747295920
19760364553
19773434119
19786525503
19799620497
19812632734
19825688087
19838733968
19851803106
19864943006
19878032416
19891063747
19904156493
19917218715
19930305998
19943349921
19956371966
19969418260
19982481247
19995552833
20008649633
20021710417
20034784175
20047843612
20060912199
20073949834
20086974801
20099999400
20113067895
20126181816
20139415122
20152472448
20165541004
20178628961
20191701908
20204734311
20217793702
20230835728
20243849342
20256937008
20270024903
20283100956
20296168059
20309227542
20322290132
20335332999
20348355456
20361394790
20374418808
20387503429
20400609026
20413692087
20426762647
20439834738
20452915503
20465954806
20478965865
20491988949
20505015431
20518080345
20531254793
20544321743
20557381807
20570463353
20583534113
20596566852
20609613774
20622640102
20635685127
20648772058
20661832796
20674894406
20687953430
20701053015
20714116415
20727151495
20740202073
20753238178
20766286125
20779419110
20792510570
20805623435
20818674121
20831743779
20844817721
20857858171
20870858091
20883901096
20896922926
20909989279
20923163513
20936238189
20949332220
20962391167
20975456189
20988490887
21001540410
21014597598
21027642913
21040723633
21053864466
21066925908
21080006949
21093069645
21106129955
21119185078
21132242434
21145276734
21158335024
21171419293
21184526543
21197627535
21210723035
21223789617
21236859688
21249892993
21262916185
21275964958
21288990307
21302072893
21315247907
21328288403
21341374921
21354480917
21367586116
21380627530
21393670765
21406732069
21419759774
21432867713
21445955516
21459012322
21472098963
21485160022
21498198804
21511268401
21524309800
21537343503
21550396881
21563477846
21576593556
21589684818
21602746703
21615826122
21628869158
21641893253
21654933443
21667987372
21681029551
21694094910
21707226226
21720289213
21733380123
21746448832
21759532489
21772556997
21785629409
21798671037
21811709896
21824799566
21837884677
21850932915
21864037762
21877099418
21890181744
21903235551
21916260288
21929306751
21942381030
21955470302
21968594336
21981666320
21994740537
22007802897
22020877160
22033917732
22046964746
22060007200
22073062293
22086129089
22099281199
22112344568
22125372824
22138466151
22151541332
22164562994
22177659901
22190685051
22203730826
22216822531
22229886436
22242921653
22255992260
22269045669
22282154739
22295176279
22308202622
22321245245
22334290836
22347388064
22360476480
22373557919
22386622604
22399689370
22412752189
22425803441
22438816902
22451893261
22464921517
22477983708
22491146635
22504201620
22517233762
22530339344
22543398414
22556437212
22569562440
22582573820
22595616855
22608688074
22621778341
22634839278
22647900444
22660944352
22674017207
22687022253
22700073750
22713097707
22726145868
22739244213
22752298678
22765386895
22778435331
22791464597
22804563371
22817670988
22830919029
22843992879
22856999500
22870053904
22883182712
22896222336
22909311440
22922391195
22935460058
22948479516
22961515315
22974554801
22987811976
23000934266
23014031509
23027050861
23040121727
23053204727
23066264531
23079308638
23092326475
23105346010
23118411843
23131502400
23144564790
23157640293
23170688469
23183737778
23196846436
23209877798
23222925760
23235973172
23248986403
23262055694
23275169568
23288249875
23301335062
23314383377
23327468136
23340516557
23353547016
23366587359
23379606802
23392718290
23405855467
23418899482
23432009058
23445060646
23458115769
23471163777
23484220782
23497291924
23510328809
23523434376
23536576204
23549631082
23562686266
23575769464
23588860527
23601908611
23614971828
23627953251
23640930711
23653961445
23667062453
23680168769
23693235398
23706301016
23719406491
23732439796
23745570807
23758630352
23771659709
23784783361
23797882150
23810937135
23824012438
23837055597
23850118629
23863174884
23876254656
23889297630
23902328441
23915398589
23928486622
23941563899
23954619940
23967687195
23980778334
23993817102
24006878283
24019920707
24032986280
24046027097
24059098331
24072202582
24085269822
24098346778
24111434444
24124457819
24137537055
24150571293
24163612524
24176710578
24189826457
24202899680
24215979267
24229029571
24242076860
24255126475
24268168394
24281218773
24294286825
24307378086
24320502640
24333558237
24346620444
24359678795
24372779650
24385831774
24398862830
24411954198
24424979731
24438037531
24451153548
24464267147
24477329706
24490433773
24503538728
24516512776
24529610923
24542626893
24555701309
24568803189
24581916344
24595002067
24608071312
24621140878
24634233256
24647269392
24660333694
24673363312
24686472459
24699575150
24712657170
24725745279
24738827131
24751899742
24765013326
24778053669
24791094976
24804141516
24817185928
24830239123
24843346052
24856435523
24869521078
24882608132
24895706156
24908770749
24921851270
24934880230
24947946812
24961115660
24974237231
24987291650
25000367672
25013443159
25026460812
25039497912
25052552499
25065629945
25078699312
25091794398
25104898756
25117978543
25131054458
25144133633
25157242229
25170242685
25183273695
25196328986
25209365978
25222429914
25235527341
25248608168
25261700929
25274787371
25287876016
25300922785
25313964933
25327006301
25340048496
25353160596
25366263684
25379295535
25392375368
25405472902
25418523190
25431590492
25444628402
25457674146
25470737607
25483841476
25496967438
25510061805
25523108635
25536187534
25549289398
25562325549
25575368034
25588401798
25601423521
25614489889
25627567809
25640652706
25653716947
25666790675
25679898567
25692922708
25705976790
25718970529
25731974412
25745094973
25758190014
25771246957
25784322062
25797364042
25810409786
25823446748
25836490304
25849533814
25862613493
25875698283
25888801417
25901856478
25914903033
25927977021
25941060892
25954122915
25967134204
25980138332
25993139522
26006212898
26019329985
26032458609
26045505547
26058551398
26071620214
26084617809
26097687696
26110688963
26123733682
26136833878
26149958081
26163022383
26176153731
26189214453
26202261421
26215235255
26228281519
26241313524
26254292544
26267391639
26280500496
26293554410
26306612639
26319678701
26332736899
26345777104
26358824011
26371829807
26384845180
26397907616
26411043798
26424130057
26437194176
26450287518
26463369003
26476399064
26489445864
26502440934
26515497204
26528609289
26541684103
26554740251
26567817314
26580868979
26593941222
26606971376
26620037331
26633080856
26646134418
26659242969
26672330987
26685415929
26698509378
26711561793
26724640815
26737659676
26750697021
26763757896
26776787391
26789833028
26802950193
26816064205
26829137933
26842233203
26855302340
26868288185
26881330731
26894354382
26907400263
26920494799
26933589977
26946666887
26959737340
26972843733
26985897495
26998962302
27012006562
27025032095
27038083347
27051152714
27064242751
27077315163
27090367011
27103435200
27116530073
27129538913
27142592582
27155644018
27168681178
27181733134
27194838533
27207916009
27221012686
27234091891
27247182342
27260224613
27273279720
27286324974
27299378506
27312480738
27325585356
27338615203
27351672009
27364764280
27377817154
27390891279
27403950793
27416990463
27430089604
27443186802
27456330328
27469409900
27482471709
27495571967
27508663167
27521725833
27534705526
27547682680
27560702919
27573749321
27586872253
27599960103
27613056077
27626170334
27639266354
27652286547
27665327410
27678403494
27691475936
27704614505
27717726498
27730796140
27743870602
27756933773
27770009107
27783075261
27796116354
27809175470
27822265523
27835360839
27848453355
27861502510
27874584852
27887675807
27900767436
27913831111
27926875937
27939901347
27952964901
27966036471
27979095189
27992165872
28005232684
28018336415
28031446985
28044479678
28057551218
28070575404
28083639248
28096720717
28109843588
28122919213
28136006083
28149074043
28162149086
28175220840
28188225412
28201277520
28214362310
28227496702
28240629335
28253644341
28266737652
28279839838
28292956237
28306012416
28318995384
28332039368
28345077676
28358139623
28371282231
28384359814
28397460164
28410560070
28423634807
28436684713
28449752764
28462797146
28475839233
28488941343
28502001331
28515073192
28528095205
28541181311
28554282333
28567338849
28580385434
28593426649
28606509694
28619591868
28632640779
28645753521
28658859654
28671953088
28685046736
28698076966
28711110485
28724148778
28737177539
28750224874
28763345787
28776417617
28789524500
28802632423
28815668620
28828717531
28841781635
28854820111
28867881798
28880920917
28894046129
28907125686
28920134832
28933196717
28946187014
28959260359
28972324019
28985360583
28998423738
29011519452
29024553461
29037639780
29050692975
29063765188
29076880272
29089864984
29102928552
29115959272
29129004281
29142084328
29155211055
29168276627
29181388972
29194408308
29207461595
29220490601
29233475558
29246529609
29259562700
29272618313
29285760033
29298771138
29311865261
29324952468
29338004561
29351061076
29364051006
29377097560
29390190841
29403215303
29416323670
29429417043
29442487833
29455564651
29468648614
29481696852
29494747752
29507712559
29520764331
29533825497
29546947649
29560063666
29573149741
29586206133
29599302704
29612333331
29625411389
29638457393
29651496451
29664608964
29677702734
29690762906
29703868244
29716902650
29729973195
29743047413
29756065571
29769103267
29782175235
29795270260
29808408477
29821502829
29834585492
29847669394
29860741362
29873819557
29886881213
29899972582
29913014700
29926091747
29939253205
29952328004
29965409060
29978541310
29991598728
30004644258
30017753236
30030788592
30043825767
30056902555
30069990864
30083082125
30096159570
30109240520
30122301808
30135391234
30148422871
30161484787
30174571520
30187659216
30200783571
30213875139
30226923897
30239960920
30253051661
30266089587
30279155557
30292170211
30305203073
30318273373
30331394133
30344471073
30357550584
30370700552
30383765712
30396816076
30409887891
30422930728
30435976487
30449063709
30462173667
30475249231
30488326386
30501413654
30514480650
30527547691
30540584530
30553616061
30566652150
30579776123
30592865961
30605968422
30619052141
30632118647
30645221751
30658261895
30671293960
30684374175
30697404833
30710456712
30723580762
30736657779
30749732011
30762829071
30775908200
30788965251
30802025025
30815067693
30828098703
30841362074
30854486567
30867534377
30880612985
30893725575
30906782901
30919831674
30932883721
30945916154
30959001602
30972082857
30985101550
30998191266
31011260022
31024361442
31037426143
31050468995
31063509996
31076556597
31089596970
31102665695
31115829264
31128887844
31141968717
31155115212
31168179361
31181234882
31194296599
31207341287
31220399562
31233488482
31246608110
31259690941
31272790510
31285880043
31298952149
31312035745
31325082560
31338125687
31351227444
31364297362
31377395539
31390500005
31403561171
31416640085
31429714027
31442766885
31455818902
31468866972
31481916571
31495010357
31508137482
31521244747
31534277088
31547372603
31560440945
31573482833
31586550854
31599604692
31612630897
31625731859
31638832071
31651908981
31664983581
31678051999
31691135672
31704213530
31717183554
31730221893
31743285431
31756390034
31769479505
31782544986
31795627022
31808715039
31821787742
31834849230
31847900696
31860942890
31873972967
31887001070
31900110691
31913195817
31926275451
31939389050
31952497799
31965538265
31978633917
31991661806
32004697743
32017858083
32030945153
32044018574
32057099355
32070167208
32083267909
32096324592
32109382852
32122441692
32135483443
32148580534
32161662676
32174638071
32187726104
32200783751
32213849033
32226879844
32239929597
32252965962
32265985267
32279061550
32292223329
32305291794
32318388517
32331549026
32344626441
32357676163
32370780353
32383808930
32396845785
32409943227
32423031796
32436113464
32449173407
32462244197
32475332413
32488322083
32501369617
32514411031
32527471004
32540579279
32553661804
32566752790
32579824100
32592907252
32606017073
32619077107
32632116318
32645161618
32658202848
32671254284
32684395301
32697445053
32710520204
32723626826
32736699529
32749811522
32762895485
32775921140
32788957566
32802057977
32815171026
32828227250
32841335862
32854412466
32867475667
32880531310
32893583373
32906631442
32919719842
32932813261
32945900009
32959007397
32972090534
32985110421
32998207572
33011240939
33024285275
33037334997
33050377864
33063477189
33076579466
33089654387
33102753651
33115845417
33128967584
33142028965
33155080920
33168149064
33181200729
33194301246
33207414999
33220504776
33233562775
33246647167
33259702167
33272743780
33285791253
33298845305
33311924005
33325021692
33338118401
33351213961
33364269727
33377331276
33390425781
33403478165
33416533119
33429578190
33442612596
33455718056
33468805431
33481897596
33494976801
33508062018
33521186879
33534249009
33547393545
33560452217
33573494060
33586623127
33599695937
33612748612
33625840439
33638899142
33651969886
33665026830
33678066209
33691114171
33704181687
33717287759
33730399737
33743488519
33756545662
33769654625
33782748840
33795792028
33808834773
33821864146
33834924670
33847994909
33861102052
33874182282
33887254862
33900332751
33913466440
33926513193
33939590593
33952614183
33965662023
33978792421
33991876599
34004968625
34018052068
34031112485
34044202385
34057239652
34070307046
34083345017
34096421545
34109505875
34122612636
34135674674
34148737646
34161787827
34174866037
34187898929
34200973881
34214013826
34227054888
34240110607
34253241557
34266299985
34279365542
34292452535
34305579124
34318626734
34331706934
34344727448
34357794765
34370898542
34383976722
34397086358
34410136310
34423158170
34436239900
34449271017
34462312217
34475356170
34488394096
34501459577
34514484406
34527590508
34540659202
34553701213
34566793346
34579833858
34592903393
34605958149
34618995692
34632074897
34645138465
34658171219
34671233518
34684333271
34697450634
34710484168
34723611369
34736637606
34749648649
34762728069
34775834156
34788928171
34801978903
34815070210
34828127505
34841103971
34854149348
34867140241
34880198944
34893293097
34906381253
34919473004
34932536281
34945549742
34958613617
34971632815
34984667956
34997721197
35010771393
35023828245
35036915635
35049938139
35063020067
35076090888
35089183388
35102248777
35115270408
35128292927
35141301584
35154372833
35167478553
35180540361
35193600579
35206665203
35219747866
35232796150
35245827879
35258859547
35271941230
35285017559
35298121642
35311277209
35324319021
35337375582
35350458750
35363440417
35376488441
35389557272
35402605709
35415654192
35428784300
35441880319
35454961085
35468046532
35481163896
35494213434
35507268572
35520307477
35533348661
35546448491
35559559107
35572628979
35585659086
35598681268
35611746580
35624803401
35637860942
35650904926
35663991276
35677101953
35690223233
35703269635
35716358816
35729418483
35742515879
35755549521
35768597101
35781623031
35794640317
35807685388
35820802124
35833891473
35846976063
35860038423
35873135009
35886173500
35899307005
35912378269
35925437034
35938545615
35951593699
35964664979
35977755521
35990814301
36003891869
36016966055
36030026319
36043095212
36056139900
36069228270
36082290507
36095361664
36108447938
36121509486
36134586274
36147625821
36160665002
36173701826
36186748029
36199726361
36212882295
36225964468
36239001461
36252115381
36265188007
36278258078
36291310019
36304322531
36317388685
36330451381
36343548717
36356620914
36369691092
36382748617
36395828404
36408836326
36421883003
36434899310
36447950684
36461036881
36474126154
36487227115
36500322982
36513357710
36526463430
36539491625
36552524608
36565565273
36578592335
36591675105
36604769304
36617813640
36630856233
36643912855
36656991264
36670049447
36683130396
36696126522
36709128309
36722237028
36735329238
36748426558
36761470405
36774581954
36787600280
36800625247
36813687928
36826699660
36839771827
36852876399
36865943364
36879054546
36892110510
36905156514
36918329937
36931366363
36944406691
36957457346
36970507833
36983574538
36996656787
37009697589
37022772755
37035851455
37048933017
37062021126
37075073220
37088106020
37101189157
37114285238
37127381380
37140445392
37153493186
37166559003
37179644420
37192670748
37205721786
37218747579
37231828513
37244904765
37258006415
37271095947
37284091278
37297155351
37310234694
37323240811
37336278109
37349336644
37362363385
37375463475
37388547147
37401669728
37414736494
37427795839
37440885234
37453927168
37466996520
37480051092
37493081949
37506191632
37519273086
37532307569
37545386805
37558436373
37571510529
37584575276
37597603639
37610663658
37623710962
37636800877
37649890456
37662980279
37676030980
37689098603
37702186804
37715238485
37728275523
37741320379
37754345162
37767401815
37780512783
37793605697
37806643439
37819725581
37832822259
37845866167
37858946963
37871982532
37885017673
37898117549
37911207464
37924266610
37937335534
37950379671
37963440256
37976514091
37989519993
38002550300
38015582748
38028646913
38041743147
38054812223
38067869044
38080914941
38094003342
38107041145
38120073562
38133106730
38146135491
38159178037
38172300648
38185391267
38198448914
38211608230
38224656881
38237717986
38250783773
38263799574
38276857482
38289968603
38303080947
38316131756
38329201536
38342234259
38355295013
38368337100
38381404126
38394418214
38407481339
38420569999
38433661062
38446748009
38459829539
38472901094
38485981569
38499013757
38512024893
38525053623
38538081037
38551146166
38564252330
38577340577
38590417579
38603497121
38616555609
38629612568
38642680987
38655710681
38668750274
38681847441
38695200547
38708271046
38721327363
38734373550
38747437516
38760478655
38773526877
38786568903
38799655009
38812757378
38825838618
38838934041
38852016673
38865070847
38878172604
38891196469
38904261155
38917299187
38930315479
38943383301
38956461113
38969498381
38982580218
38995692149
39008776908
39021860673
39034945003
39047983755
39061015178
39074131149
39087232646
39100288350
39113362613
39126419771
39139465178
39152515986
39165569090
39178597453
39191663622
39204742460
39217834333
39230924631
39243988046
39257051462
39270149134
39283173519
39296216983
39309273513
39322322562
39335359891
39348442814
39361513573
39374530523
39387688308
39400777994
39413845984
39426928524
39439995964
39453016447
39466090680
39479174307
39492244561
39505293028
39518375477
39531427035
39544460187
39557493890
39570530714
39583617492
39596700078
39609802111
39622871876
39635926310
39648992036
39662062489
39675095641
39688139702
39701187175
39714241824
39727317800
39740424239
39753498166
39766567548
39779680413
39792788489
39805838441
39818922985
39831973977
39845025612
39858132724
39871179355
39884272376
39897329778
39910405067
39923485587
39936524033
39949570190
39962637844
39975725586
39988802251
40001858996
40014939073
40028001892
40041045968
40054098750
40067126868
40080174555
40093225608
40106278252
40119365673
40132518762
40145575889
40158654712
40171754342
40184836225
40197870019
40210961571
40223978245
40237024418
40250110095
40263199336
40276271259
40289340488
40302426394
40315485510
40328533121
40341556328
40354618887
40367694236
40380792964
40393895746
40406989379
40420058302
40433134753
40446237719
40459313543
40472373133
40485423896
40498460215
40511529276
40524629013
40537668209
40550763861
40563860111
40576932568
40589994882
40603137965
40616158096
40629194829
40642274952
40655385353
40668446290
40681541392
40694627895
40707714536
40720781225
40733825562
40746862982
40759910822
40773041848
40786122859
40799182725
40812261486
40825342695
40838419559
40851458709
40864524373
40877563936
40890579080
40903662095
40916776505
40929847708
40942935053
40956009928
40969082003
40982164880
40995255759
41008307837
41021354805
41034454099
41047567469
41060641257
41073730759
41086762427
41099803918
41112835065
41125907982
41138949901
41152017769
41165114003
41178200689
41191296525
41204359176
41217431144
41230498155
41243526793
41256561521
41269619658
41282653239
41295720234
41308799072
41321833723
41334953519
41348012329
41361134084
41374150406
41387194926
41400253246
41413266845
41426369612
41439461485
41452513655
41465626321
41478689308
41491723699
41504794443
41517854692
41530908514
41543963254
41557032331
41570142029
41583217791
41596300959
41609395632
41622461649
41635512227
41648576882
41661647427
41674685796
41687774793
41700888347
41713972417
41727057513
41740141323
41753238582
41766303650
41779413363
41792486096
41805519447
41818684669
41831773681
41844833302
41857925084
41870992584
41884071835
41897091171
41910097502
41923142955
41936197665
41949232607
41962331702
41975402508
41988455641
42001508439
42014558329
42027624758
42040658247
42053680521
42066760552
42079809555
42092933114
42105996055
42119055829
42132157066
42145208548
42158221550
42171321807
42184350033
42197412836
42210508596
42223601188
42236688426
42249769650
42262840073
42275913510
42288975931
42302062602
42315117159
42328203540
42341305312
42354442244
42367497551
42380586257
42393678651
42406777929
42419822679
42432864995
42445937315
42459017913
42472078972
42485184248
42498227926
42511348288
42524439198
42537512650
42550551126
42563624762
42576656491
42589685115
42602808475
42615925915
42629003055
42642101277
42655180788
42668265318
42681315973
42694378440
42707408639
42720465016
42733593288
42746679516
42759779743
42772883780
42785968600
42799064850
42812114480
42825148840
42838188617
42851226420
42864283670
42877347361
42890421104
42903517674
42916614015
42929705736
42942757324
42955807230
42968927913
42981961952
42995102449
43008262530
43021351206
43034440050
43047520234
43060588117
43073654929
43086675657
43099714730
43112768614
43125864679
43138973260
43152055556
43165126774
43178229297
43191320405
43204389497
43217432502
43230478797
43243519599
43256604679
43269706482
43282779490
43295914188
43309014691
43322098272
43335139166
43348194028
43361334678
43374352194
43387427543
43400508217
43413542593
43426650332
43439719179
43452764112
43465809948
43478835389
43491873804
43504936561
43518016134
43531154993
43544220994
43557282620
43570373514
43583459145
43596499365
43609556600
43622521575
43635576942
43648643663
43661725713
43674805332
43687900617
43700991603
43714027830
43727025425
43740107766
43753180744
43766198290
43779297584
43792387086
43805451098
43818503498
43831547451
43844597770
43857657728
43870692211
43883744457
43896778542
43909854993
43922940441
43935983905
43949022856
43962086547
43975152226
43988229427
44001275278
44014318972
44027365236
44040439300
44053563380
44066648139
44079747922
44092857161
44105920929
44118961394
44132030271
44145082594
44158126472
44171285038
44184350534
44197411624
44210490630
44223544376
44236609443
44249696008
44262751788
44275807753
44288851905
44301937460
44315018379
44328094049
44341172933
44354224812
44367326554
44380378846
44393407515
44406484701
44419506194
44432581987
44445678803
44458760624
44471868226
44484964643
44498046388
44511085706
44524157919
44537193764
44550230343
44563334364
44576400350
44589467468
44602544730
44615608207
44628650845
44641681549
44654754374
44667795206
44680856373
44693944436
44707024452
44720119294
44733203181
44746267208
44759366563
44772384063
44785431811
44798491356
44811520469
44824556145
44837631877
44850678891
44863772952
44876875872
44889938982
44903004631
44916042587
44929135011
44942187411
44955300168
44968377033
44981434986
44994500926
45007578754
45020609473
45033655477
45046696401
45059756558
45072841684
45085921440
45099023610
45112106043
45125204481
45138293325
45151382398
45164416590
45177462441
45190515652
45203532525
45216749736
45229892466
45242950572
45256013850
45269086660
45282206716
45295235936
45308293461
45321361359
45334395306
45347499512
45360580109
45373594075
45386739146
45399786512
45412824483
45425878994
45438919827
45451965601
45465049779
45478088056
45491147096
45504202525
45517249355
45530294150
45543387141
45556394405
45569474987
45582513509
45595551527
45608620404
45621692097
45634742339
45647829745
45660923454
45674040358
45687070603
45700126506
45713185776
45726208615
45739323959
45752381744
45765424520
45778512843
45791562718
45804612777
45817659454
45830696997
45843758775
45856857610
45869938697
45883033233
45896121526
45909196677
45922283945
45935372024
45948436189
45961490929
45974553595
45987598268
46000659969
46013751108
46026796041
46039882805
46052949892
46066054939
46079106619
46092194591
46105235821
46118274849
46131378702
46144462313
46157538443
46170647835
46183712306
46196779653
46209867488
46222909483
46235938336
46249011161
46262089616
46275188191
46288251438
46301309911
46314350530
46327441791
46340488377
46353514904
46366554084
46379589118
46392641517
46405774089
46418840579
46431925384
46445020440
46458105199
46471165141
46484260335
46497268945
46510344356
46523449831
46536564593
46549871692
46563024276
46576104093
46589166085
46602202435
46615235755
46628255856
46641326539
46654410426
46667496118
46680582285
46693666584
46706712971
46719811791
46732843290
46745869404
46758915240
46771946525
46785029815
46798143904
46811207886
46824276641
46837378215
46850448775
46863505810
46876562142
46889608544
46902690610
46915783569
46928903840
46941975318
46955071827
46968147697
46981216712
46994273136
47007334225
47020354740
47033428743
47046526614
47059609613
47072703751
47085780156
47098852690
47111962464
47125012875
47138061419
47151111600
47164156670
47177244933
47190341274
47203400818
47216526581
47229627222
47242695028
47255724569
47268764285
47281790996
47294842049
47307946988
47321074893
47334134468
47347219288
47360307398
47373339127
47386362946
47399406548
47412439425
47425522531
47438615353
47451677040
47464738160
47477781364
47490865083
47503963305
47516985717
47530048061
47543082055
47556096036
47569149598
47582243078
47595300832
47608380405
47621488205
47634594277
47647631943
47660702427
47673746977
47686810056
47699904301
47712991186
47726063889
47739170955
47752248217
47765387046
47778449283
47791503014
47804567470
47817660996
47830747483
47843875281
47856920673
47869981671
47883058826
47896114469
47909144041
47922180253
47935215103
47948263081
47961316842
47974427703
47987513150
48000580696
48013676425
48026756854
48039760875
48052826111
48065864481
48078952973
48092058922
48105118237
48118202736
48131291060
48144337094
48157414295
48170452328
48183484424
48196532203
48209584235
48222654061
48235747067
48248844066
48261919644
48275014578
48288101984
48301140735
48314175234
48327215913
48340251238
48353303377
48366391043
48379455576
48392543884
48405667444
48418753794
48431781484
48444876081
48457865230
48470923948
48484000047
48497067838
48510139317
48523238106
48536293810
48549349116
48562401393
48575387008
48588435430
48601489696
48614597466
48627637442
48640724909
48653818756
48666837281
48679911758
48692951658
48705928047
48718923698
48731958288
48745042650
48758138700
48771175539
48784256244
48797343221
48810440036
48823475193
48836528663
48849560469
48862646543
48875753411
48888847273
48901901004
48915036467
48928160057
48941234672
48954289581
48967339532
48980352993
48993426797
49006526060
49019631367
49032700673
49045783030
49058836026
49071950972
49084947648
49097998686
49111050535
49124082493
49137161285
49150257504
49163333465
49176409228
49189506303
49202588262
49215648663
49228715200
49241748582
49254793316
49267931609
49281036641
49294084389
49307141700
49320260440
49333290486
49346347215
49359384253
49372424505
49385454597
49398525647
49411618958
49424700672
49437750440
49450810459
49463894193
49476911846
49489971788
49503018940
49516076449
49529143476
49542270983
49555351779
49568405326
49581474555
49594545682
49607592864
49620667372
49633703721
49646742030
49659851620
49672964118
49686034801
49699121105
49712221424
49725292887
49738341676
49751364699
49764418659
49777499134
49790585898
49803650812
49816795991
49829915955
49842997287
49856072743
49869121058
49882154210
49895203212
49908262053
49921263473
49934354688
49947445843
49960530678
49973613769
49986709468
49999751356
50012846626
50025864539
50038904989
50052032114
50065033518
50078126509
50091212782
50104272036
50117348089
50130407802
50143434467
50156460459
50169501689
50182595245
50195650077
50208737254
50221826281
50234902870
50247977072
50260987044
50274022507
50287083872
50300128025
50313189543
50326279932
50339349804
50352416157
50365507266
50378584726
50391619332
50404687337
50417698855
50430783094
50443901482
50456977841
50470032383
50483131753
50496205986
50509258706
50522321632
50535364071
50548404078
50561472435
50574558494
50587624832
50600654832
50613700255
50626800528
50639894191
50652939078
50665978932
50679051925
50692092192
50705129689
50718223276
50731276425
50744359883
50757460371
50770543049
50783571947
50796628478
50809645932
50822694583
50835820514
50848900346
50861940368
50874994710
50888093775
50901121281
50914173130
50927213794
50940251092
50953333740
50966416219
50979524463
50992619580
51005694379
51018776904
51031872710
51044902863
51057946878
51071004801
51084035015
51097107289
51110213330
51123266586
51136339335
51149409528
51162510474
51175528326
51188588559
51201635175
51214657067
51227809972
51240887004
51253919406
51267002880
51280079714
51293131669
51306170268
51319197208
51332268794
51345345566
51358405769
51371479496
51384598956
51397639788
51410726949
51423811387
51436833951
51449887544
51462962496
51476046306
51489110899
51502200615
51515256626
51528330200
51541403974
51554493460
51567502836
51580543363
51593577739
51606615481
51619734603
51632880792
51645970676
51659101427
51672186293
51685230996
51698317194
51711355257
51724429413
51737504839
51750578643
51763689764
51776766674
51789834205
51802922682
51816009353
51829054990
51842067716
51855109666
51868158194
51881228571
51894360990
51907433937
51920504406
51933633198
51946690769
51959721014
51972771455
51985811339
51998854757
52011973130
52025078727
52038126399
52051237918
52064294892
52077365284
52090420636
52103462984
52116511895
52129589967
52142679959
52155776285
52168865894
52181945267
52195010947
52208090932
52221143699
52234188463
52247241046
52260289391
52273347712
52286464126
52299530418
52312615758
52325708274
52338761194
52351793642
52364850020
52377888511
52390955094
52404049278
52417171476
52430227593
52443298444
52456337349
52469391033
52482435676
52495494715
52508511680
52521570062
52534643621
52547739182
52560838613
52573889008
52586964832
52600127743
52613152021
52626223270
52639306377
52652331420
52665422039
52678514601
52691579638
52704674617
52717780092
52730859511
52743886712
52756977132
52770019096
52783054788
52796136181
52809236179
52822284983
52835361051
52848449375
52861504023
52874524798
52887583072
52900633008
52913701901
52926779133
52939841630
52952905917
52965965890
52979040934
52992093517
53005129377
53018159683
53031259650
53044294240
53057376811
53070474897
53083571100
53096643328
53109685752
53122736759
53135781432
53148816818
53161878825
53174897856
53187998725
53201104246
53214143687
53227239186
53240332192
53253361458
53266408303
53279426798
53292481339
53305567475
53318642840
53331743189
53344799781
53357866256
53370979840
53384015456
53397059058
53410106439
53423136393
53436179796
53449235928
53462325553
53475374571
53488458045
53501536530
53514626292
53527653539
53540712486
53553761061
53566804724
53579909052
53593000497
53606033832
53619103459
53632140329
53645202643
53658229950
53671256279
53684325493
53697372354
53710467914
53723559390
53736612493
53749670752
53762765273
53775814704
53788881332
53801918523
53814983377
53828031171
53841093730
53854186873
53867275686
53880353239
53893460397
53906531707
53919557944
53932635022
53945674799
53958731054
53971841226
53984933314
53998019893
54011114949
54024182312
54037250669
54050315859
54063389832
54076430573
54089485497
54102577355
54115661563
54128706939
54141787720
54154852696
54167935864
54180978732
54194027199
54207104797
54220130085
54233204180
54246324037
54259347259
54272395757
54285487937
54298555468
54311599544
54324661445
54337693250
54350728560
54363838640
54376931034
54390081384
54403233585
54416306670
54429388246
54442417604
54455392891
54468466221
54481523517
54494624708
54507683441
54520754185
54533832962
54546872632
54559991250
54573020531
54586029677
54599054934
54612087964
54625149069
54638219216
54651242806
54664333914
54677441470
54690512994
54703555969
54716611780
54729645804
54742680563
54755774104
54768840105
54781908156
54794985250
54808065021
54821109036
54834156616
54847192813
54860213159
54873251161
54886343294
54899437248
54912519881
54925547861
54938582375
54951681455
54964685093
54977701644
54990762566
55003788389
55016852646
55029943357
55042995573
55056104077
55069253325
55082347341
55095370915
55108309850
55121351294
55134381524
55147464936
55160543897
55173622428
55186685951
55199767344
55212830040
55225881981
55238900582
55251954619
55265016672
55278108194
55291192188
55304290656
55317349603
55330420669
55343530780
55356534617
55369544192
55382539889
55395559669
55408609544
55421666442
55434729964
55447825280
55460919877
55474000015
55487028975
55500066900
55513115934
55526117369
55539222630
55552295807
55565366918
55578466120
55591530775
55604568716
55617611767
55630624218
55643664913
55656756511
55669855300
55682977238
55696047951
55709102906
55722228102
55735323648
55748351736
55761375662
55774399374
55787460280
55800518707
55813625896
55826707886
55839794236
55852893361
55865976651
55878963812
55892051539
55905112261
55918121515
55931251868
55944295133
55957373267
55970459097
55983542402
55996624453
56009668545
56022717792
56035797640
56048841900
56061928372
56075012733
56088084579
56101155262
56114234895
56127319593
56140354673
56153381628
56166416723
56179448498
56192514805
56205633515
56218708451
56231746438
56244865683
56257948300
56270954799
56284056878
56297075480
56310126426
56323244217
56336312268
56349414469
56362473800
56375569177
56388647479
56401696635
56414712069
56427785721
56440811513
56453910960
56467000646
56480070701
56493138263
56506225730
56519262936
56532236939
56545245488
56558302003
56571342255
56584381083
56597501016
56610554487
56623632804
56636758843
56649838293
56662890049
56675944254
56688985332
56702038603
56715149663
56728272656
56741365386
56754422697
56767515504
56780600538
56793654988
56806691047
56819725163
56832810457
56845906523
56859028904
56872124113
56885184621
56898261164
56911371658
56924403127
56937431398
56950483644
56963503593
56976585735
56989676369
57002734277
57015811095
57028904009
57041973360
57055016213
57068058193
57081084995
57094082192
57107156165
57120259896
57133336882
57146402914
57159484659
57172529745
57185569674
57198603438
57211626263
57224713470
57237803033
57250896084
57263901589
57276946629
57290020770
57303075143
57316077634
57329133874
57342160003
57355204599
57368276644
57381327865
57394375690
57407485220
57420584804
57433688719
57446728281
57459766513
57472822431
57485823255
57499022595
57512098878
57525172284
57538262276
57551307974
57564373868
57577429174
57590464774
57603496136
57616566865
57629637211
57642725030
57655789164
57668837295
57681913976
57694996302
57708029240
57721074387
57734105611
57747149427
57760228035
57773309031
57786390561
57799449693
57812580887
57825675086
57838693810
57851746408
57864774236
57877812162
57890943478
57904004553
57917050603
57930112427
57943216143
57956273882
57969326373
57982351630
57995397588
58008484856
58021584441
58034686871
58047754678
58060823800
58073901888
58086979915
58100028336
58113055613
58126125608
58139177701
58152241943
58165341282
58178392290
58191438890
58204575914
58217673372
58230730881
58243791420
58256776500
58269799217
58282909175
58295993995
58309057288
58322155557
58335239107
58348304573
58361212678
58374265735
58387293900
58400362226
58413463050
58426537313
58439612403
58452689328
58465772190
58478873304
58491870425
58504818493
58517871459
58530909063
58543947402
58557037057
58570107755
58583240877
58596350759
58609447911
58622499208
58635566449
58648602661
58661682539
58674720602
58687847467
58700928737
58714040302
58727146006
58740219918
58753266105
58766308758
58779353646
58792413940
58805517548
58818602980
58831680472
58844751185
58857835623
58870941649
58883968528
58897004556
58910036928
58923071059
58936140212
58949232162
58962286290
58975378485
58988478238
59001547131
59014604839
59027635650
59040674754
59053725929
59066801156
59079898599
59092946010
59106073059
59119166064
59132205963
59145263687
59158300894
59171323504
59184423349
59197513126
59210610477
59223696796
59236742647
59249837091
59262909610
59275948239
59288999889
59302045954
59315107626
59328178783
59341258095
59354331685
59367415923
59380537448
59393617311
59406644175
59419696176
59432729298
59445752612
59458825743
59471905988
59484967384
59498091770
59511160862
59524208181
59537262906
59550304581
59563346836
59576425949
59589500595
59602573267
59615569561
59628612107
59641686233
59654757635
59667811717
59680853345
59693876981
59706938331
59720005846
59733117900
59746201711
59759248051
59772367786
59785417125
59798430219
59811493543
59824518769
59837566043
59850672773
59863750524
59876830816
59889929498
59902962711
59916020129
59929109386
59942151228
59955184395
59968253304
59981338323
59994438825
60007505163
60020550968
60033612394
60046685617
60059748772
60072790339
60085840459
60098891038
60111943713
60125057082
60138101296
60151177579
60164265138
60177334245
60190368070
60203425167
60216466841
60229507857
60242615214
60255714615
60268772920
60281862330
60294949277
60308017542
60321059890
60334088957
60347125628
60360181898
60373258808
60386364635
60399411174
60412473243
60425535833
60438610111
60451644701
60464680408
60477724041
60490757223
60503803824
60516910217
60529956374
60543030622
60556126106
60569215027
60582256915
60595305597
60608346934
60621390031
60634456705
60647545442
60660612392
60673703791
60686782583
60699828648
60712900830
60725946085
60738997306
60752083365
60765165279
60778271457
60791358251
60804394601
60817469415
60830542546
60843575774
60856544268
60869532668
60882577785
60895623528
60908714576
60921769714
60934870767
60947993439
60961057314
60974067608
60987104401
61000149196
61013201473
61026278154
61039392335
61052476986
61065537648
61078618000
61091684965
61104747906
61117786612
61130807172
61143966182
61157027150
61170069757
61183119204
61196168405
61209261793
61222338045
61235341791
61248415243
61261418560
61274455552
61287509971
61300585351
61313636282
61326708066
61339803168
61352888814
61365909528
61378928726
61391976841
61405005832
61418081089
61431174554
61444241213
61457279490
61470322587
61483368576
61496426315
61509446416
61522496031
61535558146
61548633924
61561743484
61574832144
61587865740
61600919823
61613965842
61627012381
61640042213
61653082082
61666084527
61679077210
61692169283
61705225507
61718277432
61731374416
61744470726
61757379795
61770424483
61783450184
61796471219
61809552504
61822587125
61835628677
61848727726
61861810756
61874857908
61887896338
61900920478
61913949040
61927022355
61940106012
61953197977
61966256818
61979319713
61992371883
62005451149
62018523301
62031546814
62044576003
62057621288
62070657332
62083740867
62096779695
62109772838
62122837232
62135895828
62148923732
62161976009
62175007203
62188064498
62201158070
62214242217
62227326379
62240558676
62253759424
62266833458
62279880517
62292903342
62305957975
62319077541
62332163448
62345260523
62358314238
62371370845
62384441819
62397531214
62410567839
62423618387
62436670419
62449724502
62462780741
62475867061
62488883964
62501951480
62515030593
62528055407
62541089079
62554156197
62567192898
62580256497
62593352334
62606485287
62619560851
62632629637
62645751636
62658832432
62671891074
62684943381
62697921484
62710993773
62724079802
62737182018
62750272561
62763330040
62776415640
62789539934
62802552600
62815546966
62828606893
62841641254
62854714339
62867828703
62880854863
62893934649
62906988961
62920094391
62933157469
62946206365
62959240756
62972286133
62985360366
62998488301
63011556031
63024600842
63037719368
63050777627
63063842832
63076895048
63089905893
63102979559
63116048100
63129167162
63142246550
63155325526
63168371530
63181486659
63194543756
63207576112
63220601492
63233665565
63246737074
63259818987
63272891231
63285973985
63299054001
63312144268
63325151594
63338220854
63351269397
63364306956
63377409861
63390510440
63403567873
63416652800
63429727155
63442798358
63455870678
63468890305
63481942276
63495060282
63508135799
63521247287
63534355455
63547403203
63560477635
63573566800
63586619230
63599651433
63612698248
63625714004
63638800722
63651951714
63665011075
63678059114
63691106801
63704251230
63717278920
63730376592
63743415757
63756459144
63769570648
63782664403
63795713758
63808850659
63821947597
63835036471
63848084189
63861124823
63874167996
63887209349
63900285326
63913408686
63926454446
63939523094
63952615380
63965694509
63978725366
63991770054
64004844776
64017879198
64030936371
64044068774
64057137866
64070208870
64083312922
64096426537
64109464095
64122535161
64135577355
64148632814
64161722163
64174807580
64187884230
64200948961
64214016416
64227113139
64240159266
64253217402
64266272755
64279334900
64292433689
64305554067
64318635934
64331703694
64344742920
64357833646
64370885832
64383936104
64397016977
64410062690
64423111708
64436218285
64449275167
64462315495
64475445879
64488645525
64501709491
64514792353
64527845166
64540896785
64553964346
64567087554
64580148552
64593204547
64606285665
64619402951
64632435583
64645572301
64658635961
64671686402
64684805861
64697895837
64710996065
64724045220
64737111007
64750205283
64763214261
64776288555
64789356789
64802353803
64815436726
64828546317
64841604943
64854695837
64867771554
64880899979
64893972100
64907005023
64920039597
64933097061
64946191031
64959300989
64972378970
64985444145
64998503322
65011591799
65024673559
65037724076
65050776720
65063850081
65076940516
65090061505
65103166797
65116221323
65129278557
65142398644
65155422983
65168467105
65181478562
65194536852
65207611344
65220715519
65233786416
65246867717
65259938017
65273065035
65286108667
65299150387
65312193699
65325168864
65338243586
65351282751
65364345523
65377433694
65390508829
65403596388
65416657677
65429704063
65442728800
65455797418
65468883263
65481987545
65495077062
65508138519
65521225359
65534323949
65547372278
65560407236
65573427964
65586469883
65599511220
65612571255
65625595701
65638636671
65651712709
65664797789
65677794696
65690876961
65703897689
3917825
17037177
30114592
43160473
56231493
69271254
82404744
95458031
108476954
121502731
134554641
147619051
160712271
173768174
186822180
199894897
213014433
226076058
239094645
252125303
265165478
278230545
291317110
304343025
317403411
330489470
343568048
356610456
369677314
382727067
395747107
408841704
421930104
434985701
448039737
461105478
474221847
487240587
500240400
513295936
526337702
539444584
552515359
565594885
578657872
591697741
604788727
617821344
630880047
643935919
656978542
670030742
683170581
696199694
709271693
722356115
735445862
748495048
761577405
774613632
787683825
800773878
813888916
826944360
840028078
853115821
866236336
879261287
892321627
905357610
918436876
931515270
944612146
957718539
970773831
983851108
996937902
1009971115
1023003624
1036052765
1049096412
1062174133
1075307317
1088383110
1101480843
1114574797
1127677717
1140754719
1153818685
1166858401
1179916217
1193001557
1206104400
1219155974
1232246990
1245307636
1258417564
1271482173
1284533532
1297554612
1310639049
1323725537
1336812377
1349948865
1363011669
1376073600
1389165672
1402213068
1415280477
1428375365
1441368599
1454445708
1467537291
1480617184
1493701805
1506774462
1519896614
1532942863
1545998598
1559021575
1572070211
1585171539
1598226494
1611283896
1624367921
1637444938
1650525306
1663596800
1676622608
1689657840
1702735072
1715831076
1728951025
1742044857
1755110950
1768220541
1781293733
1794330297
1807395395
1820430980
1833468232
1846549212
1859645752
1872731628
1885806059
1898892929
1911988322
1924993980
1938067340
1951148916
1964182680
1977320775
1990429570
2003490339
2016571548
2029636218
2042708278
2055742103
2068812144
2081836651
2094910103
2108000906
2121097553
2134174554
2147239745
2160302410
2173388760
2186430389
2199489857
2212533122
2225534863
2238601170
2251707594
2264813421
2277897491
2290991017
2304090112
2317111162
2330212016
2343246851
2356319722
2369384117
2382455794
2395540798
2408610609
2421607790
2434698547
2447772886
2460804646
2473822483
2486876382
2499984351
2513073883
2526125089
2539211148
2552279888
2565365902
2578419112
2591449617
2604457371
2617488855
2630552669
2643749301
2656834672
2669887515
2682948850
2696042008
2709067526
2722124041
2735160574
2748228564
2761318693
2774399428
2787460197
2800519757
2813589736
2826675657
2839769367
2852805824
2865853847
2878900310
2892002741
2905098347
2918183703
2931267957
2944328909
2957437888
2970465608
2983474663
2996541230
3009578605
3022655622
3035784598
3048868974
3061946527
3075059484
3088131345
3101191776
3114255253
3127289476
3140328411
3153425074
3166476142
3179545188
3192598276
3205663695
3218694201
3231766107
3244802947
3257822803
3270882883
3283994142
3297065253
3310165526
3323257828
3336308253
3349420461
3362427450
3375471159
3388518188
3401552701
3414618626
3427711280
3440791816
3453856348
3466916780
3480001615
3493030866
3506065716
3519085328
3532157418
3545218080
3558309249
3571372772
3584440563
3597505371
3610576696
3623638138
3636682673
3649709200
3662779592
3675865208
3688952797
3702037893
3715123631
3728192386
3741285988
3754325306
3767377644
3780401463
3793424517
3806501657
3819510650
3832608215
3845669856
3858791442
3871890904
3884930742
3897997784
3911014641
3924074262
3937145282
3950240429
3963272449
3976374834
3989449464
4002490725
4015604156
4028610395
4041627345
4054694279
4067747856
4080859758
4093925667
4106988639
4120088728
4133159396
4146194414
4159237817
4172257566
4185278096
4198335835
4211425811
4224497519
4237557201
4250625696
4263706370
4276725523
4289778305
4302804006
4315850652
4328937997
4342002682
4355077022
4368156487
4381379068
4394506759
4407573770
4420640811
4433706476
4446742428
4459799983
4472905626
4485965905
4499016117
4512103217
4525167825
4538225029
4551256161
4564299304
4577350296
4590396239
4603490316
4616559882
4629614484
4642703206
4655781845
4668837885
4681921527
4694939731
4708001142
4721088717
4734152652
4747233999
4760315989
4773359162
4786444809
4799504261
4812573766
4825531321
4838548316
4851623237
4864701203
4877768106
4890837611
4903892306
4916992395
4930008993
4943008989
4956088516
4969108280
4982161567
4995269337
5008336532
5021373264
5034471487
5047539523
5060589933
5073649462
5086676081
5099713823
5112811633
5125894250
5138962209
5152020836
5165083655
5178149763
5191200005
5204295214
5217289764
5230334651
5243418828
5256495585
5269570889
5282631612
5295719400
5308818066
5321867957
5334923447
5347956767
5360990485
5374020929
5387064929
5400150957
5413234232
5426327758
5439423625
5452491125
5465512971
5478533653
5491589541
5504677452
5517762991
5530810081
5543872242
5556945602
5569984538
5583024315
5596076071
5609120958
5622183502
5635262646
5648337261
5661421285
5674466616
5687557495
5700640525
5713670770
5726723735
5739752221
5752780982
5765844734
5778925392
5792000130
5805063224
5818127328
5831211000
5844268418
5857324443
5870378052
5883438392
5896524405
5909608460
5922654418
5935734235
5948772696
5961832669
5974852419
5987833275
6000871461
6013931724
6027010348
6040104226
6053197124
6066247458
6079322639
6092391517
6105431814
6118472799
6131418619
6144448023
6157508607
6170617938
6183722419
6196770519
6209837147
6222919581
6235942619
6249003709
6262048030
6275086369
6288210311
6301311028
6314357261
6327471473
6340528845
6353596789
6366651116
6379678301
6392734969
6405771564
6418862840
6431957070
6445026177
6458054188
6471121077
6484224425
6497240456
6510292902
6523321739
6536354478
6549408193
6562550281
6575628247
6588716999
6601778685
6614842499
6627900743
6640984033
6653958219
6666994767
6680087375
6693204677
6706255914
6719317753
6732375400
6745437898
6758523697
6771635216
6784701553
6797771441
6810879211
6823963710
6837036397
6850105519
6863174687
6876268687
6889323382
6902344722
6915392088
6928388321
6941434432
6954564510
6967615119
6980685067
6993783351
7006837572
7019893612
7032952989
7045985605
7059045670
7072125334
7085229172
7098317679
7111381248
7124458341
7137491585
7150538155
7163615371
7176660503
7189734368
7202788267
7215871572
7228953562
7242021858
7255073630
7268197450
7281264384
7294315468
7307342500
7320407048
7333464542
7346594956
7359616128
7372726086
7385838737
7398928101
7411955026
7425016422
7438045152
7451084011
7464149324
7477290937
7490354751
7503423766
7516472340
7529508445
7542611793
7555668875
7568731586
7581793120
7594868561
7607957940
7621045683
7634100316
7647156525
7660261495
7673294663
7686338540
7699366566
7712403222
7725476690
7738537076
7751605678
7764678824
7777759666
7790854125
7803918290
7816970659
7830027312
7843051467
7856145100
7869240661
7882317525
7895412795
7908480280
7921517303
7934575700
7947622179
7960678036
7973759169
7986814551
7999929436
8012992423
8026040370
8039110104
8052161035
8065236537
8078266874
8091306100
8104360198
8117410899
8130503140
8143564903
8156627293
8169725164
8182822622
8195870615
8208913941
8221932788
8234964517
8248080182
8261192848
8274228219
8287343302
8300397231
8313451237
8326522655
8339524748
8352663332
8365720428
8378795304
8391918374
8404977429
8417970724
8430982150
8444048748
8457102677
8470122579
8483166809
8496227516
8509275677
8522366923
8535404925
8548464195
8561570052
8574646258
8587683036
8600744279
8613773591
8626816611
8639900682
8652981463
8666044052
8679111048
8692165895
8705199414
8718233790
8731275372
8744341236
8757473394
8770576773
8783641137
8796688763
8809758864
8822827834
8835900368
8848966247
8862003606
8875038349
8888072970
8901147218
8914311996
8927358061
8940404295
8953509816
8966600893
8979654532
8992701592
9005737498
9018771920
9031855975
9044961786
9058014614
9071087516
9084171540
9097257951
9110290828
9123338699
9136407729
9149468436
9162561060
9175658150
9188711223
9201777316
9214831658
9227904759
9240964441
9253987403
9267030240
9280033174
9293079530
9306187775
9319239562
9332307919
9345384707
9358488683
9371558876
9384580691
9397616719
9410664865
9423744759
9436861081
9449902511
9462982878
9476060202
9489102013
9502183024
9515225203
9528255540
9541300779
9554380075
9567464176
9580536359
9593595551
9606672201
9619764503
9632834360
9645882138
9658911787
9671936508
9685009961
9698119949
9711144870
9724238120
9737300740
9750355098
9763401867
9776451436
9789487663
9802503970
9815587964
9828690578
9841746527
9854810080
9867865463
9880903082
9893968211
9907008156
9920041507
9933116490
9946171444
9959276843
9972380818
9985424313
9998509546
10011591643
10024646705
10037717219
10050768961
10063805035
10076875534
10089974369
10103026111
10116092739
10129185959
10142285039
10155316156
10168383519
10181416869
10194417157
10207511708
10220610222
10233684729
10246755382
10259787157
10272842723
10285856919
10298872231
10311941919
10325019564
10338088716
10351210104
10364255572
10377321206
10390359973
10403419456
10416467250
10429484521
10442548656
10455584760
10468659605
10481795466
10494837599
10507902927
10520973625
10534040835
10547101374
10560156925
10573189649
10586227222
10599321834
10612421128
10625476037
10638533455
10651582549
10664654839
10677685267
10690727584
10703807722
10716877365
10729956141
10743022525
10756094294
10769158582
10782191259
10795255455
10808319942
10821346239
10834387684
10847437758
10860484098
10873612171
10886695354
10899739629
10912854024
10925890451
10938951250
10952045051
10965085256
10978117154
10991201958
11004283198
11017346461
11030392189
11043457854
11056471407
11069501606
11082550394
11095590385
11108655667
11121734628
11134812027
11147901208
11160964684
11174013335
11187132504
11200175784
11213221161
11226279344
11239324216
11252352303
11265442050
11278503645
11291581565
11304652202
11317720941
11330766242
11343815275
11356850217
11369913663
11382976604
11396061363
11409120036
11422148613
11435234183
11448225780
11461248329
11474316809
11487366469
11500449759
11513533585
11526608583
11539713629
11552785720
11565826369
11578901779
11591935406
11604995868
11618038598
11631078222
11644144345
11657232042
11670296161
11683385005
11696438521
11709541747
11722574700
11735598030
11748629805
11761672535
11774773787
11787872239
11800900878
11813954685
11827004682
11840060126
11853121935
11866141149
11879170231
11892265868
11905352157
11918442317
11931520527
11944577777
11957648001
11970704485
11983733292
11996775639
12009829768
12022859003
12035926901
12049065608
12062124739
12075195820
12088182950
12101237124
12114287718
12127344738
12140389350
12153410996
12166510611
12179594330
12192656995
12205747568
12218807771
12232119842
12245208961
12258245846
12271286725
12284369372
12297433216
12310542271
12323586715
12336686330
12349759170
12362792582
12375847827
12388895499
12402002382
12415059907
12428119298
12441216404
12454298792
12467366935
12480425102
12493494837
12506507793
12519577267
12532626912
12545678409
12558761194
12571837936
12584906691
12597961737
12610897841
12623964026
12637001691
12650061710
12663110422
12676189933
12689271755
12702340647
12715400651
12728474455
12741536952
12754627510
12767681210
12780697731
12793748141
12806784720
12819818393
12832966677
12846049126
12859117238
12872191088
12885215106
12898227863
12911254406
12924272212
12937319853
12950399578
12963443256
12976497308
12989564916
13002626740
13015687478
13028725251
13041776242
13054821818
13067922810
13080990035
13094053940
13107144314
13120246546
13133308967
13146405736
13159446079
13172476890
13185529366
13198553965
13211597307
13224711228
13237752030
13250846734
13263918840
13276974758
13290030202
13303061396
13316111959
13329157305
13342236663
13355344372
13368398118
13381464012
13394545741
13407580530
13420613101
13433651287
13446650763
13459761823
13472840049
13485939955
13499017676
13512051103
13525109087
13538188384
13551218246
13564262797
13577305603
13590325934
13603399631
13616494029
13629601447
13642684370
13655776457
13668812271
13681846923
13694873924
13707904689
13720936097
13734022401
13747112485
13760145560
13773213979
13786292939
13799333420
13812388772
13825384148
13838412144
13851497377
13864576842
13877679717
13890772814
13903812576
13916910737
13929961347
13942979321
13956032898
13969044064
13982072351
13995125286
14008188105
14021274286
14034346163
14047423868
14060526559
14073560996
14086656694
14099701689
14112719617
14125800413
14138865909
14151863902
14164909692
14177871515
14190945442
14204024310
14217032799
14230072392
14243134920
14256230542
14269324496
14282416232
14295457171
14308531542
14321614679
14334647112
14347701913
14360710845
14373768508
14386800788
14399908497
14412978353
14426065652
14439126283
14452230335
14465269301
14478341850
14491359519
14504392640
14517480077
14530557293
14543607076
14556685822
14569726134
14582797353
14595857524
14608902901
14621959462
14634985010
14648083049
14661181272
14674256698
14687331925
14700388731
14713465962
14726537471
14739577080
14752623772
14765649320
14778687659
14791818899
14804877985
14817923484
14831032065
14844116196
14857172237
14870252911
14883275628
14896333215
14909424813
14922503620
14935578984
14948618318
14961701103
14974750335
14987798711
15000833806
15013861067
15026903935
15039995013
15053060509
15066153943
15079205439
15092254106
15105332194
15118385588
15131420040
15144486898
15157501965
15170532761
15183633187
15196683934
15209733932
15222805578
15235848981
15248907776
15261954438
15274982648
15288019549
15301058836
15314156768
15327201686
15340224801
15353320347
15366360460
15379375084
15392450479
15405441250
15418474509
15431567652
15444609097
15457700007
15470749820
15483785956
15496847933
15509873404
15522921214
15535965672
15548981490
15562026147
15575109575
15588153483
15601248187
15614317523
15627384932
15640411275
15653457417
15666501126
15679538761
15692597877
15705679545
15718703839
15731769060
15744830012
15757855422
15770918837
15783990377
15797021678
15810107125
15823171061
15836250510
15849307408
15862358752
15875437498
15888531834
15901548784
15914598827
15927603812
15940636964
15953684054
15966756297
15979828923
15992906522
16005952541
16019051376
16032067071
16045153299
16058179627
16071198244
16084292137
16097364151
16110404631
16123457077
16136512077
16149544020
16162613097
16175615970
16188648602
16201700558
16214766069
16227853567
16240874754
16253912083
16266997224
16280056891
16293078997
16306140622
16319176299
16332212174
16345248340
16358335073
16371414660
16384464504
16397550656
16410625240
16423647376
16436740994
16449775201
16462787530
16475879143
16488932889
16501987109
16515031568
16528072951
16541130981
16554157080
16567179170
16580241025
16593298137
16606370701
16619458842
16632490311
16645541608
16658606493
16671696316
16684728825
16697751282
16710795634
16723854306
16736775845
16749875016
16762953655
16776018432
16789135260
16802215919
16815274790
16828344524
16841369996
16854428790
16867554477
16880644652
16893685393
16906744050
16919794720
16932874599
16945903329
16958951031
16971982332
16985039841
16998156730
17011247380
17024327350
17037382809
17050411998
17063502786
17076515068
17089559481
17102624166
17115645384
17128694877
17141823929
17154861809
17167938750
17181021106
17194076902
17207130159
17220189305
17233210401
17246260842
17259396657
17272486633
17285537227
17298624602
17311686013
17324737755
17337793398
17350851489
17363854056
17376962148
17390055933
17403169089
17416257291
17429355207
17442419265
17455524909
17468561366
17481640219
17494680470
17507717921
17520774345
17533917595
17546986702
17560065295
17573145204
17586213822
17599272387
17612314229
17625344000
17638434986
17651502609
17664627316
17677674330
17690734854
17703795790
17716818982
17729864925
17742931247
17755942658
17769049755
17782122763
17795228850
17808309570
17821346287
17834407117
17847511597
17860539165
17873576356
17886615031
17899613330
17912696085
17925783582
17938831147
17951894929
17964953785
17978034826
17991083003
18004133092
18017185017
18030222453
18043308451
18056419434
18069457375
18082543068
18095595039
18108624779
18121665917
18134694449
18147688371
18160747380
18173830961
18186959830
18199995139
18213053001
18226126178
18239236901
18252251555
18265309355
18278352896
18291392321
18304460189
18317546294
18330645588
18343696748
18356763682
18369879454
18382886474
18395967974
18409018614
18422038562
18435143853
18448211155
18461244338
18474322166
18487373310
18500440367
18513537198
18526581167
18539623407
18552668187
18565720434
18578845324
18591902681
18604957743
18618019628
18631104846
18644135856
18657142493
18670180740
18683235863
18696268494
18709361775
18722407718
18735479686
18748587196
18761654620
18774663246
18787770206
18800807611
18813838927
18826935605
18839909637
18852956192
18866050223
18879106126
18892156797
18905214352
18918271693
18931337159
18944391853
18957490092
18970617048
18983681901
18996757465
19009832478
19022934036
19035978571
19049011708
19062060390
19075098591
19088127826
19101254629
19114311144
19127396408
19140476485
19153516002
19166535216
19179597453
19192607502
19205655327
19218751056
19231825319
19244903514
19257981097
19271067141
19284151808
19297176453
19310236671
19323298924
19336351308
19349467325
19362557056
19375648027
19388736090
19401751892
19414827257
19427845522
19440886446
19453943375
19466983565
19480033883
19493134172
19506183725
19519258952
19532344782
19545448085
19558491595
19571532871
19584579365
19597621574
19610698668
19623819933
19636865279
19649926782
19662995430
19676033753
19689057312
19702126143
19715165783
19728309538
19741404135
19754519433
19767610541
19780676588
19793746598
19806875207
19819898873
19832947202
19845999632
19859010110
19872077427
19885167495
19898212917
19911303689
19924359408
19937388414
19950362309
19963389724
19976431138
19989432450
20002526389
20015607537
20028627975
20041694925
20054765990
20067824127
20081062284
20094136027
20107153496
20120225281
20133287120
20146381564
20159468909
20172510384
20185595189
20198691453
20211727329
20224784762
20237817439
20250851096
20263911788
20277019574
20290120780
20303172323
20316241246
20329341626
20342351094
20355405452
20368471774
20381508063
20394598743
20407672241
20420705714
20433802239
20446882897
20459927907
20472956744
20486022776
20499070417
20512119649
20525201853
20538298867
20551390389
20564474076
20577528893
20590590641
20603637823
20616709516
20629724063
20642755455
20655801153
20668913284
20681987746
20695050702
20708109895
20721201447
20734248507
20747315411
20760354545
20773374447
20786461868
20799557964
20812607319
20825685836
20838742091
20851834408
20864890234
20877933989
20891012322
20904024697
20917120013
20930207786
20943346982
20956428819
20969476750
20982457454
20995490652
21008541292
21021595497
21034626507
21047680620
21060777221
21073849908
21086926083
21100016197
21113086605
21126115733
21139202374
21152264106
21165326588
21178432201
21191516853
21204600862
21217636141
21230698669
21243793327
21256821108
21269871855
21282909766
21295961507
21309033996
21322112344
21335200453
21348284019
21361326106
21374389399
21387412836
21400456330
21413509847
21426530866
21439558051
21452702985
21465727783
21478795038
21491877089
21504961695
21518013222
21531095304
21544086442
21557129340
21570204781
21583296930
21596348763
21609391095
21622454006
21635498159
21648522452
21661598689
21674632774
21687676789
21700759391
21713860658
21726976859
21740028876
21753109840
21766199311
21779185125
21792223663
21805277684
21818295092
21831381243
21844442456
21857484283
21870543690
21883602760
21896685652
21909724373
21922768235
21935819778
21948841791
21961903845
21974970305
21988005676
22001072442
22014136362
22027164817
22040194083
22053218177
22066226390
22079297976
22092352946
22105417050
22118509214
22131559945
22144581852
22157680212
22170686299
22183716207
22196729133
22209669016
22222681788
22235732459
22248793564
22261868255
22274927065
22288033458
22301007476
22314057091
22327101672
22340115561
22353186458
22366254280
22379288304
22392346762
22405378568
22418453933
22431489732
22444488367
22457526430
22470572342
22483662012
22496737270
22509799706
22522861699
22535921534
22548979839
22562011094
22575059286
22588084757
22601117068
22614158160
22627232041
22640271374
22653304740
22666402458
22679474610
22692494023
22705559703
22718584853
22731598834
22744696016
22757764725
22770841865
22783907652
22796971083
22810049553
22823076922
22836132733
22849155680
22862202602
22875262514
22888351404
22901400544
22914497313
22927549514
22940619570
22953652110
22966686134
22979736315
22992749362
23005829914
23018941937
23031969627
23045015769
23058110962
23071184139
23084232698
23097309899
23110332769
23123367283
23136449150
23149518808
23162583126
23175631976
23188679831
23201733485
23214752408
23227807715
23240786965
23253799538
23266892697
23279987125
23293055804
23306150982
23319176301
23332305016
23345335154
23358407138
23371475602
23384459259
23397416614
23410487052
23423525253
23436591836
23449663590
23462723746
23475779328
23488848267
23501872836
23514900786
23527932606
23541008155
23554073620
23567114958
23580178343
23593244267
23606257590
23619320868
23632370942
23645418966
23658519422
23671638040
23684721131
23697769476
23710770559
23723850499
23736827760
23749879272
23762908094
23775912023
23788974811
23802069163
23815133190
23828180510
23841256992
23854312191
23867349597
23880408881
23893431109
23906446574
23919517395
23932601388
23945631496
23958684828
23971734765
23984790652
23997837345
24010877152
24023890215
24036948903
24049998717
24063082405
24076158948
24089261684
24102309631
24115360638
24128379240
24141435617
24154460966
24167492236
24180557472
24193641573
24206694156
24219781425
24232837787
24245910198
24258915887
24271858432
24284874035
24297880963
24310957261
24324025175
24337059291
24350147660
24363199677
24376212388
24389284249
24402315810
24415337120
24428408415
24441468388
24454589561
24467625650
24480695124
24493750783
24506801775
24519767102
24532781006
24545863394
24558904456
24571971650
24585077171
24598136425
24611208806
24624295080
24637361571
24650381901
24663438585
24676454891
24689500038
24702605774
24715654348
24728707436
24741775319
24754814836
24767854307
24780869986
24793890546
24806949004
24819995773
24833064467
24846145478
24859171316
24872280020
24885352095
24898375134
24911411560
24924438010
24937464048
24950523761
24963572060
24976661913
24989706112
25002747557
25015840776
25028920119
25041918005
25054973648
25067964403
25080984550
25094057651
25107112529
25120177780
25133234693
25146293534
25159355373
25172366310
25185386059
25198421506
25211445264
25224518976
25237573854
25250631272
25263727827
25276762035
25289820432
25302828124
25315814091
25328912008
25341913244
25354961100
25368079228
25381113925
25394192227
25407297611
25420366197
25433392801
25446435561
25459464674
25472499234
25485567943
25498643078
25511694942
25524742690
25537804209
25550858199
25563879693
25576911054
25589948200
25603001731
25616078412
25629152629
25642206222
25655277257
25668338652
25681424911
25694439687
25707449461
25720551708
25733578939
25746620322
25759703551
25772739105
25785796446
25798871704
25811979336
25824981307
25837969018
25851018021
25864045986
25877100681
25890209170
25903255311
25916321160
25929374706
25942394257
25955445723
25968467736
25981485359
25994557128
26007621645
26020713733
26033782105
26046820612
26059897828
26073000871
26086008747
26099042878
26112109262
26125144173
26138205508
26151279480
26164323067
26177406740
26190481936
26203583800
26216635511
26229674171
26242706007
26255723645
26268838178
26281908937
26294955232
26308025548
26321081573
26334146672
26347212795
26360196329
26373195485
26386279463
26399370113
26412496947
26425566038
26438579499
26451689763
26464735415
26477778772
26490847160
26503886356
26516919477
26529969046
26543044472
26556113196
26569168533
26582228170
26595311490
26608293571
26621362525
26634368336
26647355190
26660484946
26673551208
26686647992
26699717589
26712739633
26725792002
26738823685
26751814701
26764888321
26777923493
26790951412
26804017260
26817038295
26830080076
26843167512
26856194116
26869223627
26882223532
26895298560
26908338979
26921359432
26934484721
26947526732
26960559930
26973678670
26986773848
26999815752
27012879917
27025879776
27038900214
27051971417
27065033302
27078113088
27091164111
27104208294
27117252187
27130265541
27143335673
27156407228
27169449544
27182571237
27195652523
27208686241
27221772163
27234855744
27247874437
27260887806
27273907510
27287033426
27300068521
27313092233
27326223198
27339229024
27352284988
27365375408
27378437722
27391496532
27404544494
27417573806
27430600777
27443629599
27456713394
27469778018
27482798226
27495855873
27508897395
27521904934
27534943946
27547969770
27561384611
27574445318
27587537084
27600602244
27613654827
27627922260
27641996088
27655016832
27668039717
27681121692
27694140201
27707123705
27720155480
27733174388
27746249416
27759292819
27772386620
27785432853
27798487196
27811524188
27824588537
27838132648
27851202015
27864266180
27877314800
27890373687
27904266347
27919082484
27933986352
27948098016
27961184657
27974269508
27987347856
28000422318
28013460902
28026533742
28039626900
28052637806
28065663477
28078696736
28091741133
28104833817
28117957500
28131014152
28144092654
28157127626
28170264834
28183277805
28196317260
28209367242
28222388032
28235479492
28248582780
28261618089
28274620151
28287686841
28300705641
28313757230
28326722129
28339755296
28352814550
28365876603
28379003774
28392051798
28405105574
28418211523
28431273501
28444324936
28457364728
28470414144
28483436693
28496482758
28509580446
28522625226
28535690997
28548754857
28561853324
28574870977
28587929971
28600961761
28613992603
28627087215
28640162106
28653214245
28666276390
28679215310
28692263088
28705311556
28718328306
28731380415
28744428576
28757515661
28770629949
28783677131
28796654162
28809683795
28822734634
28835795494
28848808986
28861860834
28874920746
28887958626
28901074796
28914102929
28927114967
28940218254
28953294813
28966306805
28979370235
28992404979
29005423794
29018488005
29031584408
29044662067
29057736835
29070791254
29083871546
29096920197
29109967302
29123010919
29136070311
29149178127
29162259550
29175328933
29188403150
29201489118
29214582093
29227628173
29240673443
29253737378
29266773621
29279740095
29292893674
29305941881
29318985070
29332140805
29345182847
29358226127
29371272055
29384303248
29397373916
29410428488
29423487696
29436540309
29449601919
29462667416
29475767505
29488765498
29501829877
29514887264
29527957396
29541034215
29554117918
29567194812
29580258304
29593299688
29606409477
29619436815
29632471360
29645538233
29658565785
29671617756
29684723262
29697758219
29710858033
29723957557
29737025470
29750121720
29763164908
29776180465
29789244646
29802305781
29815383701
29828429353
29841492753
29854577864
29867606686
29880643480
29893694517
29906662905
29919743196
29932807514
29945839580
29958937497
29972005594
29985090108
29998173949
30011187838
30024230384
30037291214
30050313319
30063373767
30076456215
30089501118
30102606394
30115649613
30128715767
30141746747
30154778001
30167849358
30180881729
30193964667
30207070433
30220091820
30233158280
30246207114
30259263094
30272308164
30285342433
30298408909
30311476547
30324526162
30337568004
30350615186
30363675848
30376749728
30389872125
30402914840
30415968035
30429041808
30442058543
30455134933
30468202464
30481248744
30494326602
30507384601
30520436067
30533442337
30546525168
30559577338
30572588673
30585697070
30598760225
30611759824
30624829819
30637878623
30650939896
30663996931
30677013728
30690071819
30703124998
30716207049
30729315768
30742352577
30755405129
30768493453
30781560081
30794580381
30807610182
30820663668
30833705679
30846749220
30859856837
30872951005
30886007490
30899068870
30912150584
30925170884
30938184330
30951126875
30964120125
30977220077
30990273272
31003301038
31016379340
31029422866
31042481477
31055525721
31068544461
31081609131
31094684924
31107751506
31120845751
31133870856
31146954651
31159988598
31173137755
31186216011
31199219282
31212239674
31225269200
31238304876
31251416166
31264444957
31277518731
31290600873
31303668634
31316717591
31329749029
31342760853
31355810437
31368902724
31381985601
31395034129
31408034692
31421080038
31434137961
31447159638
31460209880
31473268415
31486309232
31499413009
31512469019
31525545837
31538601021
31551647469
31564754826
31577782914
31590800108
31603852935
31616874597
31629923967
31643028402
31656079929
31669135679
31682216858
31695280901
31708325895
31721379549
31734422631
31747472628
31760616368
31773703346
31786749962
31799797266
31812856933
31825912637
31838936885
31851960765
31865010502
31878028476
31891139046
31904226835
31917299874
31930347775
31943406968
31956527100
31969573135
31982607679
31995669029
32008668812
32021754014
32034857057
32047877693
32060967379
32074016167
32087078604
32100127117
32113157561
32126196358
32139226037
32152290095
32165376874
32178407976
32191464567
32204526330
32217551878
32230603375
32243641805
32256683663
32269740729
32282804450
32295887312
32308963212
32321982365
32335052589
32348127754
32361125472
32374153330
32387202455
32400219037
32413291770
32426384424
32439442851
32452503696
32465546702
32478631981
32491642014
32504694919
32517750898
32530730623
32543806875
32556843714
32569865575
32582924599
32595965539
32608991056
32622021148
32635032237
32648074722
32661145635
32674189986
32687286741
32700337212
32713373914
32726443480
32739498756
32752577838
32765608466
32778625996
32791658215
32804709865
32817779676
32830856188
32843880007
32856979469
32870044108
32883033502
32896100697
32909132533
32922169617
32935246129
32948303593
32961345604
32974471764
32987484720
33000547172
33013581533
33026595070
33039643216
33052665046
33065729655
33078811507
33091859515
33104879371
33117904506
33130917233
33143981459
33157016615
33170064302
33183104951
33196128633
33209205910
33222250368
33235291170
33248344182
33261418307
33274436343
33287482301
33300510832
33313518755
33326603529
33339665399
33352726565
33365806076
33378892794
33391943433
33404986576
33417998048
33431051106
33444048272
33457151406
33470214454
33483279583
33496343917
33509375401
33522460038
33535518343
33548552352
33561632077
33574666912
33587703154
33600780126
33613819551
33626874000
33639941439
33653004488
33666043194
33679089274
33692121630
33705158944
33718229352
33731275707
33744298501
33757371709
33770442315
33783473080
33796504136
33809564828
33822573623
33835634804
33848736500
33861791516
33874853034
33887884534
33900933001
33914014149
33927048189
33940070187
33953109229
33966161216
33979206240
33992297379
34005319806
34018394452
34031456092
34044496818
34057547993
34070582859
34083604658
34096651641
34109680693
34122758230
34135780336
34148829277
34161903770
34174926090
34187999526
34201037008
34214045497
34227101905
34240178126
34253290961
34266376882
34279410279
34292470390
34305542006
34318562597
34331596850
34344626407
34357627123
34370699489
34383760487
34396786692
34409797812
34422833795
34435890264
34448942434
34461975357
34475010987
34488029497
34501102062
34514171475
34527178586
34540228017
34553287103
34566310080
34579337296
34592363624
34605370032
34618424956
34631476621
34644585538
34657655839
34670644391
34683703660
34696763924
34709802309
34722848190
34735905868
34748956783
34762016313
34775107176
34788177890
34801222226
34814299503
34827394131
34840384764
34853433598
34866469657
34879496628
34892557305
34905631920
34918705204
34931769675
34944801802
34957846352
34970885808
34983896270
34996931931
35009991552
35023038734
35036120127
35049177820
35062208433
35075229926
35088275134
35101314988
35114330101
35127332653
35140389597
35153422718
35166498878
35179548065
35192607609
35205677971
35218745517
35231807571
35244860705
35257859049
35270861219
35283929867
35296995776
35310040908
35323110642
35336157136
35349203905
35362227984
35375243296
35388268094
35401353695
35414434812
35427498258
35440567457
35453605383
35466659006
35479721962
35492772771
35505813710
35518831455
35531867269
35544892037
35558012200
35571035346
35584070976
35597149218
35610212327
35623228680
35636296134
35649273854
35662304313
35675375440
35688438595
35701481585
35714521653
35727572079
35740642455
35753645160
35766789069
35779880315
35792913987
35806004361
35819034362
35832131575
35845171137
35858234844
35871302497
35884306900
35897354649
35910399597
35923402195
35936453737
35949527067
35962578931
35975649339
35988672622
36001715765
36014727405
36027791402
36040831699
36053869518
36066931587
36079970354
36092897002
36105925029
36118979280
36132028787
36145041407
36158080342
36171106487
36184162359
36197229584
36210280025
36223359368
36236365944
36249425550
36262493142
36275490798
36288553402
36301600416
36314637240
36327696402
36340786608
36353824778
36366902239
36379967995
36393052448
36406064394
36419144074
36432172330
36445193211
36458240837
36471305736
36484331697
36497376967
36510409170
36523463115
36536499220
36549523620
36562536745
36575604612
36588660424
36601727970
36614896772
36627932617
36640995390
36654060962
36667069665
36680141480
36693169032
36706227246
36719262800
36732327592
36745364508
36758396650
36771426788
36784479968
36797499472
36810533037
36823549757
36836506654
36849576771
36862653971
36875695645
36888748917
36901787072
36914841430
36927893600
36940894346
36953917614
36966975369
36980011581
36993084498
37006124856
37019154535
37032206735
37045251102
37058296999
37071343584
37084352471
37097415580
37110454837
37123547521
37136583504
37149621215
37162694193
37175758251
37188766265
37201835372
37214835935
37227867435
37240950908
37254036004
37267085940
37280159836
37293227765
37306303910
37319325128
37332372631
37345391340
37358431622
37371501264
37384556632
37397589325
37410659487
37423727049
37436778087
37449834847
37462862628
37475923030
37488939551
37501941078
37515026448
37528067327
37541101519
37554178506
37567237331
37580262191
37593314100
37606304061
37619354486
37632400628
37645491935
37658557584
37671588090
37684636618
37697669938
37710699740
37723745407
37736772378
37749846886
37762930482
37775989996
37789047612
37802107065
37815133623
37828251720
37841259704
37854307911
37867359270
37880410599
37893447560
37906535058
37919577650
37932602846
37945672504
37958757278
37971818276
37984861404
37997893683
38010936857
38023989256
38037088474
38050140032
38063163759
38076208569
38089258092
38102292912
38115337616
38128344589
38141413253
38154511154
38167572076
38180651724
38193698601
38206760425
38219851503
38232861597
38245932342
38258966044
38271974135
38284982516
38298059151
38311088524
38324086226
38337113457
38350171395
38363201303
38376248072
38389255948
38402286928
38415358376
38428427942
38441475491
38454535464
38467581223
38480603328
38493631982
38506647157
38519657818
38532715557
38545744563
38558820692
38571870858
38584869417
38597899677
38610936684
38623937508
38636984567
38650020244
38663087117
38676127720
38689165630
38702222681
38715290013
38728318652
38741439488
38754441780
38767497377
38780508879
38793522111
38806619951
38819711503
38832794579
38845855348
38858913821
38871975248
38885029254
38898044321
38911086148
38924156035
38937223092
38950313267
38963390193
38976457249
38989519227
39002591715
39015646379
39028669677
39041781410
39054860569
39067910368
39080994071
39094043778
39107096559
39120171863
39133236854
39146245939
39159323982
39172339676
39185270808
39198352721
39211416855
39224477486
39237531875
39250553337
39263598638
39276585063
39289587768
39302609292
39315648350
39328718941
39341798422
39354855579
39367908897
39380941972
39394010314
39407035679
39420063185
39433134388
39446199639
39459233878
39472322370
39485325886
39498381070
39511467359
39524540520
39537567522
39550603489
39563586916
39576638061
39589697850
39602759353
39615808952
39628868221
39641901144
39654935030
39667953448
39680992858
39694038112
39707061350
39720167391
39733222315
39746296364
39759363574
39772403182
39785482204
39798488535
39811466882
39824557899
39837574772
39850623377
39863713904
39876732521
39889743365
39902775706
39915814856
39928848589
39941899902
39954919514
39967952207
39981017214
39994102309
40007169917
40020196796
40033254122
40046302941
40059347950
40072376681
40085405442
40098470157
40111553769
40124647004
40137716754
40150749584
40163784251
40176877195
40189882073
40202910482
40215985066
40229001633
40242045694
40255185242
40268232027
40281306993
40294365421
40307444504
40320496750
40333530407
40346564982
40359597216
40372632954
40385696706
40398723875
40411786816
40424835330
40437874494
40450933274
40463954767
40476986451
40490062381
40503137715
40516255278
40529342010
40542389911
40555463639
40568540472
40581544860
40594594123
40607669687
40620732016
40633802362
40646898642
40659953979
40672991782
40686059344
40699157490
40712194161
40725239599
40738256732
40751303792
40764382400
40777494148
40790504335
40803574513
40816614841
40829640633
40842724627
40855722498
40868755114
40881842290
40894921893
40908022380
40921097791
40934143917
40947179441
40960205830
40973236198
40986262036
40999290950
41012345017
41025312945
41038427218
41051491337
41064425299
41077508758
41090552757
41103553458
41116625013
41129656650
41142691149
41155801000
41168872601
41181957574
41195029068
41208074980
41221139986
41234194926
41247218760
41260273026
41273361334
41286422072
41299512859
41312606462
41325661906
41338741753
41351815603
41364873786
41377917388
41390973980
41404025079
41417013555
41430182341
41443228835
41456301552
41469385806
41482479807
41495508200
41508577124
41521603926
41534639526
41547723551
41560834840
41573920914
41586996570
41600055594
41613117327
41626143089
41639193560
41652232144
41665291704
41678383470
41691450404
41704530129
41717587257
41730631394
41743702628
41756732949
41769742432
41782800768
41795853198
41808911993
41822008257
41835040277
41848111495
41861169632
41874238846
41887324340
41900375270
41913403893
41926448505
41939491526
41952552876
41965590403
41978659403
41991724899
42004777314
42017821773
42030857801
42043889117
42056954001
42070027806
42083106689
42096194860
42109271770
42122317973
42135380945
42148390213
42161403904
42174455875
42187509406
42200548816
42213628694
42226651289
42239736905
42252803533
42265912206
42278947699
42291986818
42305019006
42318053688
42331103900
42344196691
42357209586
42370274348
42383350860
42396371711
42409429067
42422464346
42435469101
42448533955
42461634763
42474720088
42487820346
42500874061
42513929429
42526997327
42540015149
42553069109
42566094213
42579145419
42592231448
42605347342
42618418729
42631495440
42644565388
42657635872
42670705377
42683730894
42696776501
42709799601
42722883105
42735953895
42748985563
42762075631
42775150169
42788233092
42801294687
42814304063
42827351933
42840424483
42853513480
42866601773
42879663306
42892716654
42905774286
42918846851
42931820272
42944813262
42957859388
42970917219
42983965656
42997048349
43010087315
43023139500
43036201814
43049294100
43062349682
43075413036
43088460219
43101476785
43114576844
43127673338
43140693026
43153774190
43166836656
43179912878
43192965231
43205998077
43219056153
43232120594
43245206500
43258317988
43271379659
43284441024
43297516634
43310562898
43323604450
43336646705
43349668887
43362739968
43375802756
43388900413
43401961059
43414919424
43428002623
43441090641
43454109655
43467185632
43480213337
43493246918
43506334369
43519419939
43532480493
43545545240
43558585828
43571646214
43584680299
43597720397
43610975032
43624071710
43637171279
43650254906
43663309248
43676373918
43689433310
43702520501
43715579801
43728625621
43741673660
43754763407
43767813267
43780994125
43794055306
43807123893
43820185427
43833244604
43846286278
43859336841
43872358059
43885381511
43898486787
43911567890
43924638389
43937706257
43950765067
43963837876
43976887506
43989964340
44002990821
44016043986
44029143968
44042204094
44055285012
44068334841
44081374175
44094456241
44107497456
44120527364
44133575587
44146617766
44159695181
44172788247
44185862786
44198942190
44212002423
44225081674
44238135068
44251192241
44264190034
44277190016
44290293808
44303403537
44316435572
44329497931
44342560934
44355602516
44368652299
44381716235
44394739533
44407818677
44420905792
44433974150
44447055038
44460095457
44473169139
44486261884
44499278727
44512352041
44525383235
44538430600
44551491583
44564571966
44577672086
44590746854
44603809474
44616915408
44629951865
44643022884
44656060229
44669093182
44682202038
44695295793
44708321494
44721404586
44734487845
44747525097
44760585009
44773635986
44786661809
44799725745
44812802088
44825898460
44838971392
44852019140
44865108810
44878163704
44891184815
44904236969
44917280112
44930280951
44943362252
44956538413
44969596427
44982675433
44995751089
45008840147
45021865129
45034927075
45048010977
45061044604
45074131459
45087222797
45100269872
45113358272
45126409631
45139490244
45152552083
45165588402
45178636854
45191707262
45204777929
45217889494
45230981153
45244039198
45257107586
45270163994
45283190169
45296227238
45309275063
45322311137
45335394641
45348532552
45361594774
45374674974
45387790134
45400853733
45413850348
45426961224
45440012094
45453040931
45466114598
45479183445
45492251787
45505322638
45518361298
45531458756
45544489322
45557507970
45570563658
45583527899
45596629075
45609728354
45622775857
45635862987
45648903958
45661982291
45675021318
45688046346
45701094140
45714146248
45727227045
45740333422
45753413683
45766488788
45779574556
45792635325
45805666733
45818712691
45831731920
45844807208
45857856058
45870939807
45883997898
45897044346
45910120200
45923177220
45936226223
45949263490
45962295372
45975330712
45988457057
46001514643
46014581256
46027665755
46040708790
46053792081
46066827558
46079850903
46092907892
46105910169
46119039650
46132136955
46145199146
46158273225
46171394674
46184472502
46197516318
46210539831
46223555281
46236625948
46249697014
46262792697
46275839619
46288889830
46301957958
46315011673
46328068005
46341125667
46354152439
46367199239
46380280234
46393382068
46406471769
46419536454
46432583621
46445620016
46458631656
46471685096
46484712771
46497725161
46510823154
46523908097
46536970242
46550043404
46563122899
46576202395
46589240244
46602288589
46615366692
46628387773
46641470634
46654563349
46667603340
46680640532
46693708812
46706751435
46719837127
46732849425
46745868716
46758966434
46772048133
46785100654
46798205716
46811273309
46824347250
46837406826
46850451315
46863509360
46876539681
46889577225
46902658985
46915739031
46928823453
46941879387
46954963412
46968053327
46981079685
46994146513
47007199019
47020213368
47033314191
47046398736
47059439309
47072507268
47085530980
47098594931
47111734020
47124756753
47137779409
47150834960
47163904251
47177005473
47190089023
47203132701
47216198825
47229247215
47242290603
47255319089
47268351843
47281385882
47294473609
47307592656
47320685095
47333740233
47346822605
47359890488
47372931627
47386012959
47399034666
47412073326
47425186849
47438285103
47451373411
47464449786
47477520851
47490625224
47503661146
47516696195
47529734243
47542791890
47555885967
47568980120
47582066975
47595128325
47608191006
47621250979
47634281239
47647312111
47660359033
47673399300
47686481228
47699586933
47712622609
47725697025
47738773186
47751866237
47764901088
47777984913
47791048252
47804086897
47817164771
47830275570
47843322492
47856409470
47869474782
47882557032
47895604382
47908670337
47921714582
47934745393
47947839852
47960926707
47974010839
47987079028
48000130310
48013224739
48026261272
48039301921
48052348935
48065388345
48078463740
48091591767
48104570864
48117596535
48130684231
48143768684
48156786398
48169871081
48182907736
48195974227
48209059506
48222133050
48235139029
48248160982
48261246613
48274323477
48287336173
48300374022
48313369505
48326439989
48339538151
48352618106
48365702926
48378748272
48391808321
48404845864
48417788624
48430836632
48443892000
48456915727
48469921584
48483050973
48496125924
48509195337
48522324925
48535352937
48548360706
48561425559
48574480376
48587530557
48600578290
48613656302
48626717147
48639785152
48652860134
48665927497
48678965576
48691998054
48704971674
48718038578
48731120216
48744187349
48757277922
48770356714
48783425163
48796515063
48809562612
48822572079
48835588815
48848601709
48861674381
48874816026
48887897311
48900963542
48914046832
48927133718
48940095204
48953138454
48966189645
48979238847
48992336825
49005400546
49018422881
49031480666
49044572310
49057641249
49070681684
49083721843
49096801431
49109955988
49123094771
49136176608
49149274142
49162331162
49175404431
49188491668
49201526748
49214551240
49227582985
49240628514
49253755624
49266877929
49279961311
49293004285
49306124250
49319214562
49332301264
49345338853
49358363575
49371385742
49384483674
49397570238
49410646383
49423706142
49436780114
49449860819
49462911994
49475949629
49488992099
49502039893
49515152498
49528240867
49541347658
49554411303
49567472469
49580560059
49593650387
49606688144
49619718680
49632763628
49645841319
49658972589
49671958602
49685024114
49698114993
49711195146
49724236468
49737333421
49750335285
49763389214
49776477201
49789555045
49802629966
49815690642
49828742078
49841802984
49854844490
49867866534
49880918061
49893961464
49907059443
49920164000
49933228042
49946283058
49959291378
49972402836
49985443791
49998466875
50011502184
50024524014
50037581570
50050727361
50063763863
50076849632
50089933458
50103021154
50116067908
50129110898
50142119723
50155146449
50168225241
50181326401
50194397971
50207443164
50220504621
50233533183
50246563734
50259609555
50272612902
50285686018
50298768360
50311836487
50324856757
50337859156
50350898030
50363955846
50376989931
50390035476
50403084066
50416141361
50429179470
50442270487
50455336886
50468412342
50481491088
50494589954
50507635101
50520681962
50533704358
50546700836
50559749395
50572817645
50585875568
50598965483
50612024033
50625084403
50638139312
50651176977
50664214842
50677257495
50690360981
50703455700
50716559538
50729606996
50742692321
50755782297
50768822931
50781863565
50794943519
50807989018
50821039551
50834173423
50847225639
50860287647
50873351246
50886387565
50899382972
50912440971
50925495635
50938523126
50951636847
50964689461
50977759807
50990839961
51003870833
51016877822
51029903294
51042822262
51055877813
51068928070
51082007382
51095121104
51108189232
51121265637
51134341889
51147428301
51160451079
51173482089
51186431902
51199524449
51212589501
51225690187
51238748554
51251848138
51264946422
51278026102
51291041460
51304120053
51317151751
51330197067
51343291174
51356364718
51369456546
51382543355
51395613823
51408663346
51421699023
51434735174
51447790878
51461070222
51474174167
51487246395
51500323917
51513392856
51526455751
51539547977
51552652396
51565683819
51578745659
51591813159
51604866063
51617976633
51631058164
51644130132
51657246134
51670325262
51683335632
51696392882
51709429844
51722447298
51735512090
51748578887
51761628257
51774731743
51787815691
51800879948
51813833509
51826886199
51839937711
51853001678
51866117618
51879231936
51892307531
51905398517
51918467593
51931564011
51944606297
51957420934
51970479759
51983530537
51996593402
52009721873
52022779596
52035866191
52048952419
52062023270
52075078317
52088122852
52101156249
52114216650
52127296421
52140409623
52153481805
52166579676
52179652409
52192703294
52205734732
52218759515
52231768478
52244814344
52257903035
52270989400
52284105417
52297175136
52310172915
52323286116
52336303448
52349335024
52362384639
52375407999
52388453146
52401550803
52414621226
52427683692
52440779024
52453846126
52466906206
52479962798
52493005650
52506046605
52519037958
52532143846
52545192650
52558264358
52571354150
52584403750
52597445332
52610476266
52623498310
52636565856
52649633739
52662765393
52675842654
52688901847
52701963993
52715078709
52728114110
52741159900
52754201819
52767217161
52780282413
52793418978
52806527115
52819610022
52832675427
52845753928
52858811055
52871859966
52884903476
52897931166
52911014013
52924110155
52937142679
52950224960
52963277543
52976331334
52989379756
53002420328
53015476568
53028524071
53041605755
53054732145
53067798865
53080875959
53093939604
53106993426
53120041496
53133078534
53146123559
53159149168
53172207810
53185339233
53198423090
53211504391
53224597274
53237704004
53250753664
53263839693
53276878124
53289911016
53303036136
53316117376
53329180317
53342277239
53355331215
53368402968
53381499998
53394537051
53407585871
53420636373
53433739262
53446862302
53459915405
53472954524
53486003817
53499112674
53512182087
53525214994
53538263324
53551306926
53564360671
53577502117
53590587289
53603648317
53616751788
53629819488
53642843536
53655950832
53668963604
53682000566
53695091047
53708188964
53721251829
53734295935
53747364798
53760425520
53773438415
53786512709
53799559080
53812591895
53825669387
53838734011
53851811655
53864875407
53877952179
53891059292
53904097692
53917139075
53930191995
53943214743
53956277837
53969352360
53982462654
53995547169
54008649094
54021718966
54034792617
54047848505
54060885344
54073930170
54086998145
54100103023
54113173997
54126218471
54139284212
54152318160
54165343662
54178377839
54191397756
54204473396
54217556977
54230606898
54243643982
54256723049
54269760715
54282841174
54295868023
54308884804
54321936239
54334960670
54348017277
54361099251
54374140650
54387235431
54400316120
54413386680
54426423244
54439468927
54452523254
54465581284
54478654659
54491767509
54504826227
54517884349
54530943021
54543992422
54557037187
54570079259
54583131765
54596236659
54609277981
54622407615
54635491884
54648546380
54661612886
54674686430
54687707479
54700747914
54713813211
54726864356
54739912150
54752993865
54766034835
54779116901
54792140567
54805242248
54818270442
54831310770
54844375945
54857413718
54870510258
54883605130
54896679255
54909776514
54922824033
54935870022
54948923155
54961951626
54974981672
54987999309
55001090601
55014206373
55027268060
55040325784
55053395946
55066451895
55079458012
55092481434
55105531094
55118612227
55131683354
55144787605
55157872455
55170969317
55184052454
55197173856
55210182559
55223243893
55236283150
55249310427
55262404779
55275470948
55288546236
55301632020
55314665035
55327721688
55340753876
55353769127
55366811734
55379862955
55392950009
55406056096
55419100693
55432151685
55445185081
55458258518
55471276156
55484311986
55497359550
55510400046
55523459453
55536575194
55549632092
55562703188
55575796102
55588912379
55601956562
55615031345
55628060320
55641094191
55654182102
55667302005
55680389748
55693431743
55706504996
55719531416
55732536095
55745560924
55758603210
55771618950
55784721626
55797821593
55810899941
55823970792
55837010110
55850134986
55863167648
55876183174
55889242107
55902274020
55915332156
55928448020
55941497360
55954580114
55967631703
55980702998
55993736150
56006780960
56019803953
56032839155
56045920594
56059023300
56072073588
56085145617
56098210012
56111274376
56124277983
56137313446
56150351478
56163409738
56176485470
56189578735
56202657940
56215723360
56228764942
56241858973
56254873061
56267915653
56280980048
56293989225
56307049351
56320147191
56333187473
56346290194
56359364931
56372440296
56385462998
56398486435
56411523213
56424565300
56437626635
56450829311
56463886560
56476958697
56490025677
56503070671
56516121525
56529165295
56542188380
56555244604
56568324192
56581428060
56594520974
56607571721
56620625115
56633733467
56646749590
56659784180
56672835187
56685885047
56698945295
56712046608
56725127160
56738256687
56751357495
56764452536
56777496229
56790542968
56803713101
56816860161
56829951147
56843053715
56856109312
56869190200
56882244191
56895285131
56908329176
56921286593
56934310382
56947373384
56960464722
56973567030
56986632006
56999675914
57012757873
57025875465
57038913498
57051987180
57064963401
57078018799
57091081587
57104166621
57117217628
57130246282
57143330811
57156454478
57169480133
57182554167
57195581658
57208606946
57221708259
57234798939
57247870571
57260936771
57273998610
57287056655
57300072687
57313104829
57326151246
57339227360
57352299344
57365405737
57378471921
57391537005
57404599502
57417664998
57430710880
57443762101
57456789653
57469849963
57482893672
57496005619
57509083615
57522174570
57535295422
57548388015
57561412185
57574492553
57587494585
57600527156
57613619534
57626704874
57639786604
57652864371
57665925032
57679010938
57692041290
57705095220
57718117784
57731188651
57744326776
57757444950
57770504479
57783588228
57796656785
57809752315
57822791250
57835846694
57848891964
57861945572
57875016500
57888158588
57901220075
57914320226
57927445453
57940528376
57953575069
57966626565
57979659687
57992708124
58005773528
58018855166
58031926552
58044991850
58058070412
58071122414
58084181759
58097218185
58110260242
58123318777
58136403352
58149511459
58162567836
58175644501
58188730285
58201802743
58214857392
58227889748
58241020820
58254054400
58267102745
58280215717
58293259151
58306323408
58319449890
58332542176
58345591791
58358637076
58371668652
58384721495
58397788843
58410901157
58423960640
58437007654
58450097753
58463159975
58476199323
58489240125
58502261619
58515322219
58528400139
58541495363
58554569320
58567612401
58580676658
58593768256
58606795227
58619862269
58632890433
58645925497
58659005146
58672104593
58685147200
58698212069
58711338184
58724416104
58737485624
58750532760
58763557941
58776597351
58789669640
58802777624
58815840091
58828900722
58841951239
58855009147
58868076448
58881124931
58894165106
58907234121
58920331716
58933432326
58946516917
58959437323
58972505696
58985601593
58998558857
59011615510
59024644990
59037703188
59050770795
59063867060
59076909912
59089920512
59103037952
59116162521
59129143959
59142147659
59155173436
59168154920
59181255606
59194357210
59207410161
59220485663
59233568509
59246647546
59259706907
59272724973
59285766326
59298785616
59312074584
59325207997
59338258622
59351315014
59364400110
59377487913
59390528256
59403574245
59416674641
59429717386
59442741664
59455812209
59468844810
59481925056
59495023294
59508124546
59521148380
59534228748
59547263660
59560305334
59573397421
59586498215
59599567383
59612634378
59625720453
59638769196
59651830347
59664859353
59677910956
59690979298
59704048895
59717159863
59730213287
59743271256
59756327388
59769399020
59782449048
59795487448
59808540444
59821612060
59834652923
59847772061
59860844244
59873920542
59887041210
59900119741
59913147997
59926209730
59939227245
59952286116
59965379918
59978481629
59991537731
60004557450
60017626434
60030695801
60043730774
60056780848
60069811399
60082784728
60095886883
60109008545
60122051306
60135081382
60148120700
60161164501
60174168690
60187226995
60200302482
60213321008
60226397122
60239520024
60252500376
60265551276
60278662412
60291750353
60304791721
60317850592
60330907062
60343933237
60357015073
60370135833
60383216813
60396240601
60409323417
60422405193
60435469388
60448519584
60461562559
60474626847
60487682887
60500810272
60513875049
60526922859
60539963584
60553049858
60566100452
60579147710
60592188206
60605149050
60618216643
60631398480
60644458560
60657537321
60670632117
60683730784
60696760218
60709817850
60722844805
60735897174
60748961385
60762084654
60775119673
60788194272
60801265093
60814327254
60827393301
60840423148
60853422242
60866514575
60879535777
60892651274
60905720121
60918783230
60931861747
60944960949
60957988226
60971029884
60984064735
60997104144
61010184084
61023301003
61036389587
61049482532
61062587119
61075683078
61088721049
61101784618
61114826353
61127848015
61140918361
61154035020
61167113399
61180185964
61193194070
61206268593
61219283997
61232322106
61245346583
61258388563
61271471915
61284569158
61297663969
61310730781
61323826770
61336907123
61349967172
61363003415
61375957741
61388988813
61401987983
61415098569
61428174912
61441274665
61454347735
61467389180
61480414253
61493442463
61506483434
61519524618
61532619705
61545702918
61558770878
61571867616
61584951840
61598008890
61611060861
61624135614
61637175911
61650246105
61663339278
61676413878
61689507174
61702628317
61715709297
61728737797
61741783801
61754803275
61767853425
61780895803
61793962401
61807110089
61820182164
61833273961
61846375382
61859463537
61872493430
61885591974
61898629869
61911695151
61924817212
61937938997
61951025270
61964073386
61977135378
61990296515
62003369783
62016412926
62029479187
62042533989
62055656447
62068756613
62081842091
62094914289
62107990418
62121085994
62134099425
62147124544
62160162822
62173199263
62186257599
62199364206
62212455207
62225531597
62238620135
62251661289
62264709726
62277729215
62290771868
62303821376
62316901943
62330007938
62343079309
62356150910
62369238500
62382268928
62395331609
62408388537
62421425025
62434492893
62447548184
62460647279
62473757451
62486821386
62499954815
62513135994
62526185058
62539236509
62552272002
62565299126
62578363627
62591438717
62604507089
62617602925
62630692886
62643794215
62656854907
62669915354
62682996640
62696037825
62709130386
62722259515
62735279708
62748351447
62761452929
62774459229
62787519018
62800560631
62813577764
62826668444
62839734537
62852830358
62865929392
62878994062
62892067422
62905168690
62918205927
62931242613
62944295823
62957329404
62970394869
62983513135
62996606325
63009683204
63022775139
63035843817
63048892866
63061947132
63074994620
63088040899
63101136414
63114266798
63127327872
63140420082
63153408405
63166479394
63179535511
63192581087
63205625439
63218708667
63231803127
63244886004
63257887485
63270950227
63284024322
63297108331
63310164708
63323221820
63336263877
63349294167
63362355946
63375396120
63388442813
63401509839
63414601208
63427703699
63440637830
63453693825
63466732638
63479754911
63492830536
63505907492
63518976936
63532047129
63545110284
63558179468
63571222809
63584282109
63597296381
63610357853
63623462150
63636536719
63649598283
63662645267
63675648630
63688662779
63701712807
63714756011
63727782339
63740840904
63753843747
63766946285
63780028458
63793099278
63806205733
63819291150
63832352790
63845410774
63858418941
63871437956
63884524138
63897642113
63910722129
63923797662
63936874480
63949948743
63963009802
63976021856
63989031002
64002093117
64015202340
64028320759
64041398404
64054469484
64067518304
64080606903
64093651622
64106691659
64119731558
64132730071
64145808863
64158900598
64171968741
64185031698
64198090890
64211203618
64224268915
64237393775
64250412974
64263446126
64276507154
64289616607
64302698169
64315772814
64328839137
64341917806
64354938932
64367980224
64381033098
64394071237
64407140253
64420253959
64433335291
64446368198
64459416145
64472523012
64485544980
64498578484
64511584096
64524670997
64537709213
64550812317
64563889028
64576956421
64590050452
64603098537
64616115379
64629169370
64642193847
64655173923
64668251659
64681354717
64694428092
64707487331
64720541459
64733617956
64746671962
64759723551
64772765577
64785842303
64798941995
64812010061
64825039128
64838091726
64851157544
64864259408
64877231483
64890262921
64903308206
64916390471
64929466341
64942555567
64955608502
64968676614
64981761373
64994883663
65007949404
65021007403
65034066122
65047123233
65060222619
65073359413
65086439093
65099532190
65112523160
65125606175
65138658237
65151714768
65164767336
65177830629
65190939607
65204050514
65217106402
65230129104
65243190760
65256269322
65269291535
65282308943
65295356951
65308422723
65321489428
65334615328
65347698358
65360761177
65373856784
65386962274
65400035022
65413099295
65426131911
65439183775
65452326246
65465421026
65478511935
65491631640
65504689409
65517765264
65530816730
65543855558
65556906504
65569962193
65583037710
65596146414
65609237675
65622311189
65635371085
65648453381
65661497885
65674528712
65687598660
65700635974
678723
13791144
26866891
39959576
53035200
66138090
79196150
92331414
105364872
118385127
131462970
144533224
157613837
170695964
183761843
196863738
209820160
222878221
235923582
248976486
262075337
275159667
288255702
301352517
314399516
327486952
340521038
353562880
366604447
379620555
392687887
405793683
418902831
431929052
444971277
458059738
471140672
484219449
497267977
510316903
523414331
536513747
549588316
562666878
575737806
588834040
601876571
614925436
627940534
640988680
654085954
667166980
680311593
693346336
706420997
719509198
732537332
745584330
758632675
771686084
784744114
797834274
810926713
824001604
837039147
850129659
863193931
876270933
889325581
902400548
915547410
928644852
941719926
954787809
967851133
980913278
993972685
1007032000
1020061495
1033110452
1046189703
1059287253
1072373236
1085392021
1098472113
1111581016
1124625168
1137679220
1150721858
1163767633
1176833129
1189897294
1202989596
1216081071
1229151204
1242267955
1255317615
1268386983
1281427433
1294456714
1307558670
1320649304
1333708022
1346791588
1359875826
1372999631
1386051877
1399075666
1412117753
1425175890
1438283813
1451602494
1464697289
1477783884
1490838961
1503937750
1516992995
1530030125
1543072350
1556100270
1569177868
1582265243
1595353827
1608416080
1621483045
1634549076
1647604521
1660714953
1673784504
1686821649
1699946861
1713011148
1726088058
1739164693
1752155036
1765217916
1778276787
1791331634
1804376169
1817413116
1830510099
1843599326
1856660003
1869722469
1882779306
1895875616
1908921574
1921942134
1934983518
1948004950
1961042922
1974116863
1987205784
2000278440
2013370956
2026452885
2039417952
2052487564
2065479574
2078511502
2091666090
2104727899
2117801565
2130838497
2143866156
2156929342
2169926248
2182975450
2196038268
2209053397
2222139120
2235203912
2248275391
2261324807
2274379868
2287491188
2300504817
2313540448
2326588334
2339617186
2352669326
2365762194
2378818265
2391840539
2404919392
2418019558
2431065363
2444150489
2457143570
2470187233
2483281448
2496378385
2509448900
2522508475
2535569182
2548651815
2561687262
2574755818
2587778153
2600785035
2613839469
2626897789
2639961373
2652959916
2666020073
2679162207
2692174168
2705164144
2718190793
2731154162
2744212880
2757344350
2770435061
2783505667
2796574713
2809640989
2822650090
2835707844
2848761177
2861796394
2874909305
2888009655
2901062513
2914131666
2927194286
2940246792
2953306276
2966343406
2979319565
2992383440
3005469683
3018563300
3031661309
3044695088
3057775471
3070849903
3083869606
3096916436
3109942520
3122966859
3136042040
3149150606
3162254184
3175336816
3188409151
3201477309
3214513231
3227560948
3240577653
3253525018
3266664428
3279742057
3292789607
3305911514
3318962506
3332003920
3345057145
3358080842
3371056466
3384087308
3397166788
3410241434
3423318696
3436363858
3449413595
3462498522
3475492063
3488535405
3501488645
3514538826
3527601920
3540624974
3553677189
3566743986
3579748803
3592799534
3605831738
3618917889
3631937148
3644907570
3657987081
3671188472
3684255223
3697333709
3710320211
3723340955
3736330839
3749313730
3762336662
3775336689
3788377889
3801481482
3814479964
3827535883
3840596697
3853654176
3866693999
3879731787
3892768305
3905812611
3918866463
3931956394
3945031820
3958092206
3971225879
3984282822
3997307988
4010399203
4023437603
4036480486
4049570737
4062603293
4075691831
4088775304
4101846416
4114906511
4127940642
4140984795
4154031044
4167086151
4180183884
4193272178
4206372619
4219447188
4232480111
4245588034
4258708212
4271753665
4284821747
4297849452
4310902877
4324008704
4337079050
4350162034
4363268014
4376338345
4389392627
4402456654
4415395696
4428422682
4441516498
4454611294
4467718406
4480837039
4493892468
4506970419
4519935577
4532964415
4546019247
4559084085
4572164560
4585260381
4598342156
4611400293
4624449633
4637562559
4650588520
4663619316
4676683496
4689726777
4702788004
4715894412
4728939498
4741989052
4755050371
4768043912
4781060433
4794121446
4807165813
4820140029
4833205143
4846317151
4859309376
4872406635
4885451889
4898481399
4911526577
4924574723
4937581682
4950637309
4963714219
4976802145
4989916081
5002968389
5016023604
5029090706
5042117998
5055161876
5068143666
5081151496
5094214039
5107226200
5120292002
5133329667
5146414457
5159509926
5172537539
5185580391
5198636998
5211665851
5224766063
5237860354
5250843444
5263929580
5276988972
5290023240
5303053409
5316113979
5329129214
5342192018
5355199619
5368276452
5381343432
5394316180
5407363836
5420392291
5433426162
5446479725
5459520955
5472551552
5485619955
5498724222
5511805278
5524872319
5537949750
5551052639
5564075081
5577153062
5590210541
5603229816
5616314238
5629396534
5642463682
5655547278
5668553916
5681617622
5694670220
5707716622
5720771913
5733872002
5746956012
5760074614
5773149076
5786215812
5799267997
5812369830
5825393695
5838429724
5851423891
5864439127
5877530863
5890610557
5903634713
5916717957
5929767909
5942842539
5955878322
5968923592
5981993005
5995035169
6008139435
6021236021
6034303552
6047372246
6060425976
6073492299
6086534065
6099584123
6112630112
6125675642
6138762191
6151844012
6164939052
6178019711
6191076318
6204151606
6217209039
6230243277
6243294376
6256352697
6269391923
6282482909
6295538904
6308605517
6321702929
6334768854
6347797767
6360875993
6373921339
6386991961
6400002913
6413068072
6426152296
6439223346
6452282431
6465359800
6478395829
6491442399
6504459272
6517465480
6530524290
6543589144
6556705727
6569772294
6582778641
6595868999
6608908593
6621940934
6634979165
6648036201
6661091033
6674231331
6687298984
6700387446
6713464095
6726553230
6739590528
6752585140
6765626079
6778668595
6791678216
6804771986
6817787237
6830826081
6843904582
6856977713
6870044647
6883084394
6896121095
6909143996
6922176230
6935269695
6948395764
6961410877
6974481422
6987552120
7000500801
7013556842
7026611001
7039604572
7052669854
7065777654
7078832410
7091920458
7104988755
7118049263
7131048877
7144128297
7157184322
7170169677
7183219139
7196289760
7209321979
7222420722
7235477757
7248546268
7261600717
7274639362
7287684723
7300738576
7313805082
7326905707
7339998499
7353049934
7366104124
7379142386
7392178782
7405222689
7418226114
7431239177
7444297665
7457381537
7470478490
7483574494
7496649186
7509722730
7522767724
7535803967
7548841005
7561895485
7574965908
7588081037
7601130009
7614240717
7627305999
7640357144
7653408503
7666437386
7679478096
7692523733
7705582941
7718660555
7731691718
7744794072
7757865933
7770910483
7783984563
7796999661
7810027932
7823080087
7836143946
7849242934
7862320150
7875408871
7888502795
7901594974
7914652974
7927711049
7940669751
7953734590
7966843171
7979941317
7992985026
8006078062
8019138969
8032208978
8045248311
8058317954
8071366957
8084433784
8097502218
8110587681
8123613244
8136655484
8149727835
8162856719
8175913570
8188939531
8201986346
8215031249
8228107501
8241228414
8254303870
8267319106
8280388228
8293464174
8306508342
8319574343
8332613952
8345676679
8358787126
8371883177
8384941436
8398021329
8411093894
8424171018
8437218782
8450282901
8463340854
8476389873
8489487652
8502532279
8515617696
8528692953
8541731950
8554841663
8567882190
8580938919
8593982704
8607016254
8620082837
8633185665
8646237162
8659343738
8672416104
8685473384
8698532760
8711552877
8724606898
8737682599
8750772407
8763879902
8776930343
8789965683
8803001558
8816049995
8829099227
8842141223
8855187012
8868261704
8881342684
8894422134
8907495387
8920562887
8933612089
8946718666
8959764272
8972809098
8985851491
8998885347
9011943438
9025041217
9038063093
9051120603
9064186022
9077262596
9090288036
9103333887
9116388536
9129425238
9142498674
9155578063
9168615499
9181710540
9194759298
9207766302
9220810929
9233791479
9246849800
9259935722
9272982399
9286148768
9299373231
9312456353
9325502219
9338599172
9351641183
9364674121
9377780514
9390820413
9403893009
9417013355
9430077888
9443153757
9456219391
9469288636
9482343544
9495419475
9508462266
9521539069
9534673186
9547746301
9560802679
9573910112
9586982555
9600008271
9613044513
9626096148
9639141647
9652238906
9665333319
9678436010
9691480346
9704553569
9717619738
9730727784
9743798007
9756846903
9769898752
9782958128
9796028031
9809140528
9822196095
9835276172
9848378174
9861479197
9874502174
9887580324
9900635232
9913705288
9926821182
9939915595
9952980204
9966080217
9979159070
9992243844
10005298753
10018292477
10031314934
10044361795
10057442867
10070526310
10083568519
10096649530
10109700506
10122815284
10135861563
10148909250
10161980820
10175032011
10188080555
10201212055
10214229907
10227322194
10240437247
10253501442
10266513327
10279581455
10292644779
10305680761
10318769452
10331870949
10344940668
10358030874
10371105948
10384164682
10397192953
10410223259
10423260282
10436299692
10449393432
10462470189
10475567677
10488647295
10501712685
10514796571
10527873956
10540932781
10554010257
10567006353
10580051836
10593215191
10606237542
10619358470
10632459737
10645499116
10658538174
10671586764
10684626464
10697705394
10710770416
10723909490
10736942749
10749988875
10763047410
10776110137
10789162031
10802225447
10815253810
10828312758
10841359481
10854452379
10867553081
10880634734
10893716540
10906820531
10919842376
10932873784
10945907731
10958965639
10972024556
10985120499
10998152091
11011268475
11024362612
11037428001
11050429467
11063443923
11076483057
11089532855
11102641390
11115738221
11128806655
11141886472
11154939162
11167989067
11181059398
11194106366
11207154206
11220234023
11233323219
11246430806
11259509965
11272506473
11285569292
11298659314
11311710704
11324749792
11337797372
11350830417
11363916614
11377025853
11390123403
11403203403
11416286173
11429369494
11442396250
11455445529
11468497959
11481533191
11494632837
11507722737
11520737621
11533792346
11546859708
11559926061
11572991527
11586023807
11599093082
11612128223
11625237967
11638346334
11651403721
11664472109
11677528976
11690616321
11703662784
11716662444
11729636446
11742672444
11755728561
11768818599
11781883835
11794978967
11808070856
11821150581
11834184024
11847244563
11860281387
11873320980
11886447569
11899523209
11912603852
11925712693
11938765077
11951814417
11964850935
11977905002
11990947150
12004002594
12017066163
12030169144
12043207116
12056278426
12069337129
12082439406
12095484110
12108520490
12121572476
12134604695
12147685323
12160803329
12173862108
12186955680
12200042627
12213088539
12226104585
12239186606
12252209537
12265252313
12278345961
12291429848
12304512388
12317590216
12330657457
12343716022
12356752907
12369779373
12382791411
12395860962
12408888591
12421913985
12435006807
12448108320
12461146781
12474143580
12487123947
12500074602
12513118295
12526147515
12539214174
12552299820
12565298257
12578373591
12591490449
12604528252
12617573017
12630620719
12643614504
12656637069
12669743691
12682834096
12695915489
12708982041
12722064168
12735100533
12748131298
12761182902
12774196822
12787253001
12800340789
12813357906
12826444272
12839526705
12852593012
12865695657
12878730492
12891778929
12904814712
12917867188
12930935652
12944030571
12957091737
12970187481
12983249657
12996353939
13009377085
13022458325
13035483352
13048508120
13061602732
13074663011
13087733373
13100830173
13113874264
13126906513
13139961238
13152995140
13166007530
13179063846
13192147412
13205199107
13218268612
13231368503
13244419204
13257503182
13270523069
13283589529
13296627654
13309675402
13322714567
13335830798
13348893418
13361974627
13375038180
13388154763
13401156718
13414218374
13427255443
13440264146
13453376827
13466438009
13479457299
13492578074
13505633273
13518675621
13531710563
13544734871
13557783277
13570827369
13583843492
13596937477
13610005941
13623052113
13636119507
13649183947
13662244379
13675295386
13688606723
13701695353
13714737394
13727830522
13740913338
13753986469
13767081540
13780170919
13793111812
13806185953
13819190647
13832238242
13845372237
13858460836
13871541831
13884615375
13897681529
13910743965
13923789541
13936810667
13949846619
13962900349
13975974306
13989048111
14002041299
14015114904
14028173072
14041229342
14054287188
14067307809
14080350815
14093420702
14106465987
14119592132
14132641900
14145696839
14158817446
14171903031
14184918206
14197943937
14210976416
14224017203
14237122158
14250241449
14263305445
14276452720
14289510796
14302581632
14315634169
14328687639
14341707817
14354773175
14367838993
14380905958
14394003829
14407073747
14420154130
14433248971
14446299336
14459345493
14472398122
14485436552
14498491905
14511611058
14524644087
14537730361
14550791527
14563760572
14576808198
14589861867
14602901920
14615946746
14629037196
14642141386
14655200242
14668288673
14681371779
14694441238
14707478537
14720545486
14733567423
14746626723
14759723171
14772802468
14785903797
14798975474
14812054924
14825125179
14838119147
14851175448
14864229944
14877248683
14890308319
14903388305
14916437889
14929512534
14942578597
14955657450
14968704708
14981772607
14994807763
15007844159
15020927571
15034019705
15047082738
15060158148
15073224256
15086277650
15099320839
15112370209
15125442866
15138504522
15151574179
15164644449
15177732819
15190798330
15203869656
15216938334
15229963791
15243015807
15256053458
15269111640
15282174230
15295267006
15308315213
15321399712
15334463540
15347554404
15360556436
15373607642
15386631904
15399668346
15412749693
15425821799
15438884724
15451987905
15465039646
15478076562
15491170929
15504198160
15517223876
15530286175
15543348978
15556426026
15569489747
15582537909
15595601951
15608667845
15621696866
15634735786
15647717668
15660782262
15673837675
15686929992
15700006474
15713058613
15726140511
15739215539
15752235395
15765329365
15778367443
15791400840
15804450164
15817514023
15830544146
15843636846
15856724970
15869774845
15882797134
15895823692
15908878188
15921942659
15935008537
15948103119
15961169732
15974218949
15987295645
16000340471
16013368849
16026389394
16039428115
16052473262
16065544527
16078644555
16091706410
16104697410
16117771321
16130853770
16143870306
16156942764
16169959836
16182950056
16195980209
16209049392
16222108968
16235190146
16248280031
16261368309
16274403312
16287472908
16300525660
16313580278
16326670820
16339735811
16352814909
16365901122
16378961982
16392059287
16405094871
16418139009
16431200925
16444260423
16457325323
16470435449
16483510707
16496556696
16509653235
16522730421
16535756458
16548826621
16561849415
16574867007
16587959370
16601075815
16614142229
16627194720
16640276465
16653343400
16666376689
16679440870
16692475016
16705562805
16718650088
16731728497
16744805652
16757868104
16770923701
16784003349
16797015433
16809994653
16823043334
16836073289
16849127111
16862219275
16875279386
16888364328
16901446287
16914510284
16927542977
16940587726
16953644746
16966679979
16979762091
16992892536
17005951851
17018979403
17032033807
17045104903
17058136540
17071185681
17084206179
17097279310
17110357934
17123413745
17136657257
17149827956
17162920579
17175986886
17189006574
17202074044
17215131202
17228168133
17241229085
17254292669
17267392253
17280476721
17293546670
17306629547
17319677280
17332724829
17345802581
17358821550
17371912367
17385020612
17398099572
17411184346
17424256085
17437306602
17450377178
17463440165
17476487378
17489558152
17502632920
17515731051
17528820951
17541896882
17554961919
17568061534
17581084803
17594127150
17607153249
17620177159
17633259149
17646339150
17659424429
17672495800
17685594926
17698670703
17711689091
17724731576
17737767956
17750796840
17763909001
17777001272
17790088341
17803201329
17816255793
17829319698
17842356293
17855391159
17868438708
17881506897
17894589804
17907673217
17920762153
17933841128
17946986475
17960062222
17973098419
17986134600
17999184858
18012228001
18025268344
18038375456
18051439728
18064499472
18077605650
18090715547
18103733537
18116798467
18129832093
18142923661
18155985470
18168996498
18182081869
18195160615
18208231803
18221292571
18234319205
18247387241
18260433643
18273482325
18286575223
18299645233
18312723918
18325801164
18338883827
18351973008
18364978314
18378014036
18391064171
18404123318
18417186305
18430299873
18443350299
18456440505
18469541482
18482527449
18495558351
18508619655
18521671917
18534741116
18547805159
18560871802
18573881805
18586942620
18600012109
18613115550
18626138772
18639183751
18652218525
18665274076
18678374884
18691451473
18704565195
18717624112
18730692607
18743785582
18756813685
18769847464
18782894922
18795930048
18808981636
18822074351
18835154352
18848225004
18861317872
18874391905
18887431376
18900470709
18913530835
18926569725
18939648012
18952740987
18965808533
18978870327
18991953862
19004995138
19018003320
19030998299
19044033822
19057086482
19070160714
19083257989
19096397996
19109391812
19122475760
19135576798
19148611985
19161672294
19174721481
19187685706
19200749351
19213855729
19226879456
19239986583
19252999004
19266086502
19279124228
19292170875
19305210698
19318260741
19331357067
19344413689
19357475146
19370499944
19383498273
19396510694
19409559283
19422601065
19435659783
19448736555
19461822400
19474898193
19487986884
19501050744
19514151690
19527246149
19540292398
19553327248
19566358044
19579389115
19592452928
19605537274
19618607177
19631702079
19644790311
19657890003
19670927087
19683995077
19697031748
19710059178
19723158564
19736235841
19749307197
19762375325
19775441556
19788505353
19801560583
19814598509
19827670186
19840698381
19853771145
19866860616
19879879738
19892943674
19906019941
19919099039
19932116784
19945111257
19958188779
19971224043
19984280925
19997380005
20010465192
20023492790
20036578406
20049674028
20062641742
20075702740
20088736641
20101755809
20114875100
20127962858
20141038376
20154076730
20167127890
20180216091
20193210963
20206265427
20219353491
20232411138
20245493465
20258565111
20271657046
20284727285
20297776349
20310906396
20323932556
20336957247
20350019255
20363042952
20376099834
20389189718
20402252078
20415272179
20428337430
20441421486
20454466143
20467460984
20480525746
20493552059
20506625419
20519712228
20532827572
20545907802
20558958411
20572006022
20585056172
20598103354
20611148547
20624206990
20637308349
20650373371
20663447956
20676521622
20689596130
20702695225
20715718356
20728709876
20741745645
20754790088
20767847536
20780932800
20793982078
20807044805
20820161480
20833240318
20846283338
20859357877
20872401953
20885450665
20898578402
20911665899
20924720181
20937816063
20950883823
20963929185
20976975387
20990009075
21003063188
21016135416
21029227978
21042274762
21055320919
21068332498
21081394659
21094497533
21107537922
21120562858
21133560208
21146606793
21159688156
21172770574
21185833071
21198910088
21211990777
21225095151
21238106103
21251157462
21264188410
21277156660
21290248686
21303309623
21316355719
21329449933
21342529368
21355555803
21368584763
21381624387
21394659252
21407753436
21420790000
21433870291
21446928887
21460003334
21473079754
21486185918
21499215000
21512253354
21525281625
21538314945
21551376846
21564519791
21577583558
21590629042
21603685863
21616772565
21629778085
21642829796
21655854625
21668873533
21682000229
21695085126
21708135184
21721237018
21734282287
21747361814
21760423515
21773427827
21786496628
21799547222
21812587550
21825681550
21838732649
21851772410
21864840859
21877916989
21890943057
21903967534
21917014028
21930034205
21943127333
21956199485
21969258693
21982302387
21995378486
22008445221
22021483652
22034536969
22047557667
22060588310
22073688873
22086752381
22099814511
22112887948
22125928719
22138998698
22152026006
22165039650
22178095875
22191122065
22204216478
22217292945
22230365999
22243421810
22256460072
22269521070
22282544461
22295558794
22308579048
22321593488
22334640211
22347771804
22360845791
22373901801
22386980685
22400041668
22413108204
22426161705
22439164135
22452194212
22465278848
22478396242
22491448993
22504530187
22517607189
22530653836
22543693383
22556757701
22569788512
22582834608
22595914976
22608977229
22622069653
22635128340
22648206658
22661328581
22674363385
22687410429
22700451859
22713468120
22726495228
22739566355
22752623084
22765703268
22778751093
22791824622
22804870855
22817938937
22830961716
22843994822
22857063470
22870170398
22883225077
22896318098
22909404387
22922455761
22935510655
22948560162
22961520884
22974595392
22987699506
23000798952
23013888546
23026900110
23039973424
23053078471
23066102183
23079079888
23091958862
23104972001
23118054817
23131141902
23144176951
23157277958
23170357026
23183438755
23196481317
23209532018
23222585549
23235608787
23248714338
23261784272
23274801144
23287867803
23300949242
23313986235
23327033707
23340067930
23353128913
23366189926
23379246900
23392326870
23405400889
23418445837
23431551098
23444622959
23457650832
23470695169
23483743085
23496799952
23509857676
23522953818
23536070722
23549154410
23562262410
23575376514
23588394305
23601464192
23614504795
23627542843
23640644203
23653721709
23666772762
23679878023
23692959998
23705989416
23719001852
23732029863
23745095008
23758189191
23771276123
23784361111
23797422400
23810482755
23823563842
23836667145
23849716851
23862759336
23875749939
23888797596
23901815799
23914923661
23927971884
23941055006
23954183324
23967278441
23980319962
23993379583
24006410685
24019462227
24032557926
24045586732
24058649781
24071723019
24084822909
24097910912
24110950536
24123989303
24137031038
24150074976
24163130987
24176203077
24189279926
24202340955
24215427182
24228540629
24241592187
24254630418
24267678855
24280727674
24293781450
24306881050
24319933817
24333004592
24346117701
24359193739
24372241794
24385302180
24398339187
24411393147
24424470700
24437583473
24450646123
24463718887
24476841605
24489909779
24502952172
24516003455
24529045741
24542058834
24555126258
24568093192
24581110662
24594144823
24607225604
24620334109
24633381826
24646417794
24659440893
24672456297
24685530698
24698628095
24711676379
24724748025
24737886350
24750975913
24764022942
24777084996
24790140623
24803185464
24816268250
24829392284
24842455561
24855527361
24868631061
24881696558
24894792501
24907849750
24920891103
24933976459
24947068164
24960154239
24973240527
24986467806
24999591258
25012669836
25025690916
25038748457
25051795578
25064824277
25077873586
25090944759
25103967109
25117070075
25130143359
25143251909
25156286775
25169347268
25182391405
25195397277
25208503303
25221580152
25234629384
25247673858
25260796316
25273812424
25286856730
25299888933
25312925574
25325985837
25339054516
25352143237
25365229710
25378278498
25391352884
25404432502
25417430204
25430487346
25443520590
25456512968
25469539862
25482619235
25495679055
25508735907
25521808885
25534921107
25547941943
25561017476
25574061200
25587084009
25600175010
25613244362
25626322114
25639396270
25652491876
25665552431
25678591443
25691641639
25704668533
25717760973
25730818911
25743891460
25756956650
25770012553
25783084032
25796142949
25809182757
25822232142
25835268920
25848343566
25861401549
25874489827
25887558384
25900620957
25913720710
25926804046
25939847312
25952910712
25965946358
25978997717
25992156451
26005220815
26018276366
26031349467
26044429268
26057518173
26070567314
26083608009
26096673979
26109755602
26122839397
26135934192
26149003850
26162069255
26175159491
26188229103
26201238111
26214255780
26227289865
26240308819
26253338926
26266468636
26279503533
26292564041
26305655027
26318699532
26331699896
26344776928
26357795331
26370854569
26383926109
26396998597
26410060085
26423113540
26436204603
26449277825
26462321228
26475374194
26488396467
26501447352
26514522013
26527582583
26540638715
26553708113
26566764062
26579862423
26592861563
26605867205
26618903127
26631945306
26644970241
26658095622
26671122837
26684190583
26697260210
26710339384
26723365651
26736419520
26749435490
26762513685
26775597924
26788690287
26801707343
26814759528
26827855334
26840916699
26853955405
26867023716
26880035509
26893095926
26906191242
26919273461
26932340043
26945391739
26958458781
26971550822
26984570220
26997582579
27010627405
27023644874
27036701879
27049757981
27062812094
27075867003
27088942796
27102073041
27115151895
27128246369
27141247743
27154338117
27167410437
27180489933
27193528271
27206577045
27219617051
27232580297
27245666678
27258697214
27271689209
27284771703
27297849914
27310956184
27324015912
27337053104
27350132171
27363205317
27376208833
27389254485
27402287913
27415317209
27428383363
27441444652
27454494129
27467563205
27480613172
27493700440
27506733607
27519771778
27532789048
27545810037
27558907143
27571977520
27585015966
27598094696
27611150247
27624230600
27637295178
27650315616
27663342648
27676422618
27689486156
27702608507
27715666950
27728729325
27741811834
27754884476
27767917643
27780947903
27793972747
27807010918
27820063225
27833147250
27846204851
27859251743
27872380229
27885464085
27898484875
27911562091
27924590500
27937618893
27950691550
27963767236
27976840076
27989890135
28002951393
28016061259
28029094044
28042144730
28055171379
28068232607
28081265697
28094290710
28107260719
28120300542
28133351946
28146449649
28159491660
28172536715
28185575727
28198605207
28211661998
28224781595
28237866751
28250922333
28264095679
28277138853
28290112335
28303198379
28316244627
28329293370
28342370846
28355459721
28368440532
28381530936
28394623437
28407732156
28420750512
28433793854
28446814491
28459863448
28472912971
28485938748
28498998415
28512066359
28525128948
28538254069
28551297411
28564320771
28577369513
28590405695
28603436261
28616530919
28629572593
28642635198
28655730865
28668780144
28681791034
28694835569
28707856007
28720902195
28733961693
28747043606
28760115391
28773175471
28786267375
28799356280
28812401488
28825459319
28838493512
28851554448
28864655119
28877740062
28890831951
28903888787
28916962254
28930055994
28943097026
28956168306
28969217415
28982256030
28995311810
29008360017
29021423540
29034488960
29047584566
29060717138
29073762713
29086820835
29099853910
29112897252
29125973933
29139052296
29152118573
29165178668
29178207720
29191274134
29204328599
29217374205
29230403440
29243466672
29256538716
29269647955
29282733464
29295803106
29308866415
29321948756
29334993399
29348062628
29361101273
29374157803
29387215680
29400280503
29413353496
29426444666
29439501624
29452638541
29465675931
29478774705
29491806296
29504840152
29517910651
29530994431
29544035111
29557141152
29570202930
29583225326
29596284733
29609321710
29622357509
29635416962
29648481448
29661583236
29674639353
29687681563
29700745376
29713820863
29726891959
29739937581
29752962562
29766013049
29779079724
29792168093
29805232993
29818292002
29831385971
29844511688
29857536884
29870608914
29883648660
29896678584
29909786415
29922852890
29935904892
29948975636
29962038883
29975121760
29988186950
30001214839
30014243508
30027280730
30040349562
30053457867
30066508109
30079538783
30092611592
30105679230
30118734705
30131792980
30144823668
30157855306
30170915447
30184012170
30197070873
30210108738
30223196205
30236321172
30249365355
30262437645
30275456292
30288505433
30301565329
30314637083
30327722760
30340772727
30353808388
30366902985
30379956884
30392997257
30406047484
30419108360
30432206766
30445296237
30458366966
30471407263
30484431541
30497547528
30510602329
30523644003
30536712697
30549748924
30562716684
30575821012
30588862869
30601933246
30615002828
30628101326
30641121488
30654239601
30667276303
30680311780
30693388537
30706491763
30719567097
30732635455
30745679087
30758757543
30771815695
30784862632
30797904046
30810952636
30824055877
30837144996
30850210768
30863274566
30876329612
30889427468
30902479408
30915511076
30928594749
30941592833
30954653158
30967759475
30980828475
30993897092
31006985951
31020072577
31033146335
31046189937
31059233738
31072274739
31085390220
31098482797
31111552134
31124603615
31137640638
31150669460
31163733166
31176779216
31189803433
31202865318
31215923991
31228997244
31242086608
31255137432
31268195079
31281281077
31294300612
31307343740
31320360674
31333460641
31346531553
31359610773
31372649571
31385712160
31398817574
31411900252
31424970935
31438025293
31451078412
31464116490
31477194884
31490272161
31503294741
31516353689
31529412836
31542492683
31555585903
31568617204
31581640625
31594705601
31607773606
31620853377
31633922867
31646951658
31660029333
31673111415
31686133352
31699170451
31712223784
31725270247
31738339140
31751406212
31764475166
31777547715
31790588135
31803685991
31816727405
31829803290
31842838461
31855889927
31869010259
31882009429
31895044723
31908112163
31921152597
31934247699
31947320937
31960363942
31973408447
31986480935
31999536930
32012642711
32025722391
32038818242
32051876868
32064977478
32078015786
32091081068
32104105897
32117170215
32130375553
32143527173
32156562054
32169653224
32182722912
32195734751
32208765302
32221834210
32234878485
32247915371
32261027471
32274110761
32287169219
32300230599
32313272977
32326368247
32339428480
32352462091
32365491786
32378547061
32391644994
32404758471
32417853480
32430918502
32443966786
32457061383
32470089057
32483113137
32496159355
32509209872
32522259931
32535372627
32548419978
32561487081
32574569544
32587657394
32600708952
32613745439
32626773726
32639835397
32652921288
32665993501
32679040530
32692079144
32705152964
32718222377
32731311634
32744351258
32757391096
32770418801
32783413810
32796500084
32809565335
32822638206
32835910925
32849021633
32862057034
32875076844
32888126245
32901165655
32914223195
32927316828
32940393998
32953457245
32966537047
32979624514
32992678244
33005710019
33018742284
33031775115
33044859445
33057959076
33070994324
33084105674
33097167972
33110247912
33123317187
33136366542
33149379773
33162464884
33175526479
33188646810
33201727056
33214782607
33227849480
33240957709
33253973924
33267032413
33280065167
33293099880
33306181976
33319294948
33332360047
33345422468
33358505804
33371616496
33384629376
33397699110
33410732461
33423763195
33436866636
33449959794
33463018956
33476090343
33489143890
33502209983
33515272893
33528320810
33541347918
33554432478
33567489865
33580591684
33593680971
33606702526
33619781884
33632902093
33645929997
33658989282
33672018593
33685062822
33698134041
33711218907
33724277273
33737357916
33750451152
33763545182
33776565130
33789624017
33802656802
33815669238
33828788727
33841855769
33854928655
33868001541
33881040431
33894100710
33907175523
33920237133
33933288798
33946354004
33959442144
33972520248
33985559351
33998589275
34011594535
34024705411
34037751094
34050781675
34063823380
34076846725
34089884008
34102991487
34116062247
34129140778
34142235100
34155335220
34168357233
34181413182
34194436848
34207464202
34220566449
34233633306
34246702153
34259765615
34272804504
34285885010
34298974634
34312080308
34325119197
34338140783
34351214740
34364289967
34377361353
34390449188
34403486195
34416579996
34429602790
34442629700
34455658966
34468683626
34481691441
34494797865
34507864065
34520928750
34534016416
34547078133
34560112647
34573161222
34586171791
34599229407
34612299922
34625405458
34638465722
34651510946
34664573229
34677613664
34690657128
34703711333
34716755592
34729806217
34742865838
34755926561
34769004480
34782040723
34795129582
34808253234
34821303767
34834325887
34847385355
34860426678
34873484983
34886563040
34899609335
34912699128
34925760248
34938846873
34951879184
34964929395
34977961859
34990990452
35004088858
35017176616
35030258024
35043407364
35056474895
35069548057
35082602537
35095678697
35108736008
35121820461
35134904348
35147966830
35161050839
35174106191
35187160029
35200308038
35213301823
35226346725
35239413461
35252435781
35265506387
35278565044
35291633677
35304686811
35317763721
35330875132
35343888272
35356923168
35369971176
35382956133
35396018784
35409083102
35422136358
35435197784
35448266631
35461349554
35474369380
35487387002
35500425968
35513563573
35526634073
35539716185
35552726540
35565769989
35578798780
35591888251
35604928671
35617961196
35630972086
35644027423
35657133587
35670223303
35683278961
35696378913
35709438105
35722527776
35735535224
35748584043
35761618863
35774660598
35787776339
35800867738
35813844908
35826895425
35839946723
35853030487
35866074931
35879143196
35892172431
35905247199
35918330964
35931413948
35944477317
35957529396
35970578857
35983655584
35996706423
36009732690
36022769911
36035816405
36048867932
36061947137
36075001434
36088039987
36101101643
36114198825
36127243865
36140310540
36153329891
36166360855
36179469941
36192532438
36205606533
36218673636
36231739683
36244816715
36257853111
36270911844
36283981380
36297027353
36310115295
36323183652
36336270996
36349335988
36362403794
36375494796
36388533624
36401580852
36414626412
36427674512
36440731915
36453837635
36466912632
36479987982
36493056339
36506142092
36519159531
36532171875
36545205976
36558257396
36571348504
36584441219
36597518848
36610570146
36623629339
36636709905
36649754211
36662844004
36675901146
36688971064
36702061377
36715137966
36728293242
36741372860
36754423714
36767535126
36780373295
36793398093
36806474743
36819501438
36832559070
36845663750
36858693551
36871769329
36884853919
36897955218
36910984621
36924047868
36937126048
36950151825
36963229026
36976338770
36989404159
37002461715
37015524441
37028588897
37041657300
37054716233
37067756775
37080839300
37093927104
37107018472
37120117246
37133186582
37146260034
37159348389
37172419760
37185485930
37198551824
37211587776
37224653272
37237753285
37250841991
37263921058
37276972723
37290043773
37303065236
37316116932
37329179720
37342224959
37355313681
37368419110
37381512192
37394581926
37407613961
37420675235
37433764997
37446799235
37459897014
37472982752
37486011758
37499143151
37512195872
37525257666
37538333290
37551386577
37564423585
37577497664
37590542888
37603618023
37616682586
37629780595
37642793138
37655870078
37668939308
37682035067
37695112956
37708163979
37721211436
37734252636
37747347034
37760421098
37773496494
37786593064
37799643765
37812720629
37825787212
37838824587
37851893235
37864964300
37878034616
37891106767
37903948547
37916985799
37930051877
37943186835
37956253265
37969314722
37982330416
37995391552
38008465448
38021586514
38034638225
38047721928
38060824389
38073934041
38086971507
38100055410
38113074960
38126119388
38139222614
38152294643
38165361501
38178441639
38191496410
38204573733
38217617764
38230651926
38243716366
38256759172
38269864923
38282941603
38296018422
38309081607
38322108288
38335181571
38348242049
38361259060
38374318558
38387335049
38400430992
38413542097
38426576902
38439628873
38452736979
38465818816
38478869869
38491959386
38504992293
38518027542
38531130859
38544206821
38557287097
38570350405
38583444987
38596515455
38609563127
38622603501
38635678376
38648722482
38661829074
38674840041
38687938800
38701010110
38714069012
38727171381
38740216743
38753246360
38766316599
38779358870
38792429966
38805562981
38818531552
38831615898
38844700902
38857799476
38870857613
38883915597
38896912488
38909916769
38922991583
38936116168
38949188289
38962258635
38975304700
38988367902
39001441430
39014482401
39027530011
39040579871
39053619663
39066724404
39079823835
39092872195
39105927486
39119012536
39132074360
39145130294
39158224600
39171258027
39184313793
39197435624
39210497830
39223537454
39236616812
39249696721
39262758209
39275796379
39288833846
39301857297
39314931453
39328029783
39341087308
39354113866
39367156734
39380195623
39393284666
39406334189
39419378556
39432447311
39445519447
39458613891
39471698375
39484684984
39497769024
39510855450
39523894325
39536935938
39549978927
39562942878
39575962443
39589100982
39602178473
39615261381
39628307629
39641389160
39654419925
39667515119
39680572659
39693599064
39706712617
39719795463
39732849469
39745917781
39758967319
39772037941
39785102794
39798121794
39811190993
39824265852
39837338555
39850423360
39863519961
39876588211
39889652223
39902718653
39915770685
39928810278
39941857246
39954900695
39967992171
39981084488
39994152049
40007244290
40020331405
40033416118
40046483879
40059547830
40072623118
40085652078
40098734052
40111806020
40124862198
40137979776
40151011627
40164078409
40177131588
40190151598
40203239600
40216308019
40229391003
40242457937
40255533639
40268619637
40281670904
40294735207
40307790085
40320824706
40333873372
40346917861
40359965502
40373145504
40386182481
40399251710
40412348051
40425423584
40438500142
40451533906
40464581256
40477627062
40490701753
40503812614
40516866360
40529950506
40543034913
40556112145
40569064115
40582094069
40595134382
40608245671
40621321755
40634387358
40647476661
40660545355
40673596851
40686916588
40699964764
40712993127
40726055625
40739102700
40752164784
40765263604
40778342793
40791413446
40804511959
40817568627
40830629503
40843701471
40856744691
40869807020
40882902228
40896007030
40909075128
40922141572
40935241647
40948287528
40961367238
40974401752
40987434873
41000546851
41013645701
41026725441
41039796017
41052869209
41065929289
41079025630
41092109808
41105137345
41118207186
41131241486
41144301979
41157412686
41170494294
41183546632
41196636608
41209736101
41222794590
41235855389
41248926194
41261963217
41275042667
41288135688
41301180039
41314257882
41327348333
41340423713
41353491734
41366541088
41379591759
41392718807
41405789322
41418890145
41431993417
41445077013
41458152944
41471253554
41484302847
41497358230
41510423987
41523464054
41536519697
41549603982
41562684227
41575767869
41588883549
41601997103
41615036834
41628097465
41641149925
41654191324
41667326925
41680431145
41693428113
41706504747
41719537930
41732624250
41745714991
41758776647
41771820769
41784913484
41797991036
41811095410
41824163889
41837225071
41850308346
41863391728
41876453185
41889495241
41902523130
41915567375
41928625863
41941693471
41954768453
41967831394
41980899231
41993971842
42006943090
42019998213
42033032283
42046085386
42059176969
42072263931
42085320400
42098408250
42111447981
42124520515
42137610996
42150644225
42163696379
42176791022
42189860680
42202956363
42216042744
42229105929
42242185930
42255251396
42268307207
42281345362
42294332522
42307364160
42320422954
42333530923
42346598806
42359645193
42372730747
42385816026
42398849928
42411916893
42424950887
42438001664
42451097454
42464188746
42477258159
42490321575
42503386245
42516457968
42529521154
42542580653
42555640427
42568723747
42581806930
42594905398
42607970282
42621042618
42634088147
42647184672
42660240529
42673259115
42686331313
42699364924
42712425050
42725534870
42738593940
42751672136
42764737050
42777816959
42790867308
42804005832
42817065942
42830104954
42843160123
42856229016
42869282562
42882332636
42895378962
42908426939
42921478528
42934549318
42947598412
42960662501
42973758949
42986831361
42999916946
43013003786
43026048367
43039131534
43052196480
43065235568
43078304277
43091334232
43104392965
43117482834
43130541507
43143623634
43156683485
43169753862
43182806980
43195851699
43208910126
43221972012
43235042603
43248141774
43261196836
43274268712
43287346097
43300393371
43313431342
43326454044
43339533127
43352602280
43365708948
43378797609
43391878711
43404938760
43418010728
43431115974
43444147305
43457213031
43470273126
43483303692
43496383448
43509471405
43522555215
43535626923
43548699610
43561791484
43574829333
43587894997
43600945362
43613966840
43627071183
43640139877
43653197952
43666268115
43679324447
43692372669
43705427287
43718474760
43731523686
43744592196
43757688752
43770779034
43783850941
43796895476
43809986982
43823088097
43836116383
43849159220
43862208804
43875253416
43888339215
43901433797
43914500609
43927582247
43940676048
43953777805
43966802940
43979874984
43992922044
44005965845
44019141501
44032233956
44045301533
44058391050
44071447305
44084512281
44097587998
44110625939
44123674391
44136758660
44149865313
44162963001
44176042190
44189100954
44202161310
44215262776
44228316247
44241347746
44254394316
44267439724
44280484657
44293583247
44306646356
44319722149
44332792266
44345861205
44358903032
44371964428
44384991399
44398014988
44411125099
44424199775
44437268408
44450315514
44463380979
44476444272
44489478159
44502534031
44515611415
44528674846
44541823192
44554895910
44567981020
44581048092
44594105740
44607198179
44620244505
44633270940
44646324380
44659366819
44672424680
44685519017
44698601114
44711685765
44724781571
44737848781
44750896330
44763956517
44776995437
44790061576
44803169729
44816262948
44829347784
44842400703
44855477415
44868508899
44881556173
44894590916
44907635925
44920684332
44933824905
44946865615
44959969193
44973033664
44986094815
44999188677
45012228179
45025239574
45038283849
45051310377
45064370089
45077467501
45090515953
45103613381
45116692769
45129790411
45142851898
45155911764
45168956345
45181982505
45195083757
45208182363
45221226990
45234235876
45247278927
45260317266
45273430024
45286479210
45299517610
45312604297
45325729800
45338809356
45351902163
45364970505
45378057467
45391153166
45404171614
45417228175
45430275602
45443290654
45456358262
45469449049
45482537893
45495584983
45508666590
45521748794
45534784930
45547835401
45560887051
45573898370
45587008542
45600083448
45613137806
45626209575
45639265784
45652241775
45665288100
45678333814
45691386626
45704457462
45717538457
45730647880
45743746577
45756823671
45769892472
45782965863
45796006649
45809058957
45822099116
45835140025
45848187100
45861293555
45874397423
45887436619
45900524331
45913613588
45926649279
45939727459
45952797653
45965818871
45978902742
45992005280
46005078135
46018144381
46031179293
46044238990
46057327452
46070369860
46083398055
46096505152
46109595296
46122693565
46135757684
46148826516
46161934821
46175003072
46188046582
46201092035
46214136295
46227191938
46240241384
46253336639
46266422530
46279498843
46292588162
46305665699
46318702416
46331769121
46344797805
46357832977
46370936754
46383999756
46397081791
46410129524
46423205302
46436280116
46449305511
46462368192
46475395300
46488528468
46501606358
46514719146
46527814401
46540891265
46553961183
46567057524
46580115217
46593155698
46606195995
46619241892
46632295546
46645415785
46658474458
46671540030
46684652895
46697721421
46710752003
46723755029
46736779414
46749833114
46762933770
46776012592
46789073835
46802139270
46815193872
46828245935
46841307408
46854361245
46867375838
46880448954
46893530867
46906607440
46919681244
46932745241
46945794091
46958912357
46971941959
46984969313
46998013603
47011043236
47024108243
47037189987
47050232289
47063288682
47076378444
47089392379
47102455503
47115498126
47128539158
47141576242
47154655768
47167732173
47180800852
47193840935
47206913652
47219943867
47232980721
47246022763
47259042818
47272114648
47285201289
47298302358
47311395975
47324456407
47337533669
47350651032
47363711388
47376755066
47389808965
47402856774
47415928284
47429015353
47442088086
47455161905
47468260526
47481346509
47494383960
47507444071
47520490411
47533527434
47546611535
47559732372
47572786423
47585854903
47598911296
47611961018
47625043023
47638068586
47651090967
47664150572
47677241558
47690390241
47703523378
47716568082
47729631650
47742707275
47755748322
47768793499
47781821862
47794877429
47807937769
47821019896
47834111999
47847189429
47860274448
47873365985
47886425759
47899501506
47912551550
47925561354
47938656853
47951724430
47964777182
47977855698
47990924010
48003995656
48017057802
48030101220
48043158730
48056220692
48069291191
48082419371
48095506899
48108548421
48121610061
48134662659
48147698412
48160742229
48173767685
48186837266
48199865782
48212951581
48226034718
48239090224
48252177431
48265244289
48278252027
48291348781
48304367398
48317387178
48330467240
48343523067
48356580607
48369651152
48382674818
48395733123
48408755856
48421797882
48434835425
48447886891
48460974557
48474077722
48487134099
48500216594
48513263286
48526366130
48539591541
48552624433
48565672962
48578725178
48591743948
48604874974
48617950950
48631011015
48644105933
48657160612
48670190261
48683270705
48696310803
48709362805
48722443570
48735531649
48748585778
48761639814
48774697186
48787774234
48800788949
48813877747
48826913454
48839967323
48853068468
48866166140
48879305290
48892382766
48905452409
48918536908
48931574007
48944618726
48957689195
48970724152
48983787751
48996901917
49009953689
49023027829
49036097166
49049163748
49062214465
49075272495
49088303703
49101369047
49114429264
49127540538
49140587032
49153645750
49166714061
49179756195
49192767972
49205832444
49218876872
49231955541
49245026851
49258112329
49271216932
49284258209
49297348476
49310440961
49323433017
49336490955
49349542176
49362585044
49375644160
49388717566
49401798623
49414863369
49427948924
49441021029
49454067844
49467097936
49480146970
49493192943
49506294272
49519373921
49532408052
49545473273
49558550779
49571588445
49584664437
49597710318
49610757638
49623849328
49636926131
49650008916
49663099550
49676124410
49689217033
49702326807
49715352891
49728420957
49741485428
49754531631
49767610913
49780738098
49793816676
49806883656
49819971123
49833067541
49846099102
49859146452
49872195363
49885258610
49898362234
49911435319
49924487244
49937581611
49950638631
49963693923
49976751998
49989803694
50002854747
50015903826
50028964304
50042065633
50055186959
50068275007
50081338208
50094288205
50107334591
50120368585
50133412523
50146457380
50159483019
50172587959
50185658397
50198747562
50211836330
50224907059
50237933769
50251018941
50264041705
50277095435
50290189282
50303269482
50316324972
50329394691
50342452690
50355505717
50368552088
50381622052
50394675675
50407740452
50420820744
50433926831
50447020341
50460085241
50473117995
50486198225
50499236196
50512273066
50525325328
50538367262
50551418392
50564520562
50577573619
50590644501
50603735701
50616811357
50629834395
50642972490
50656010615
50669050376
50682139297
50695220537
50708289292
50721355584
50734429663
50747489116
50760517647
50773578630
50786637256
50799683964
50812768050
50825821275
50838936910
50852006843
50865059870
50878140115
50891178408
50904203374
50917246869
50930282133
50943323791
50956415910
50969478652
50982557337
50995620492
51008678644
51021712530
51034780413
51047799520
51060845340
51073922985
51087002129
51100054375
51113106407
51126173403
51139233972
51152286953
51165342688
51178377768
51191435767
51204490370
51217570554
51230717415
51243776333
51256840574
51269996478
51283011913
51296061145
51309118272
51322182131
51335242793
51348359253
51361408562
51374488517
51387529472
51400599038
51413644261
51426716122
51439738473
51452782579
51465847341
51478938434
51491903976
51504928208
51517930760
51530967140
51544018438
51557065987
51570098129
51583179446
51596221104
51609289523
51622407406
51635451421
51648502643
51661568169
51674612965
51687691879
51700715928
51713704786
51726730181
51739828557
51752866238
51765888159
51778960785
51792031071
51805056358
51818076337
51831101808
51844134257
51857221372
51870303117
51883338732
51896423384
51909451227
51922506671
51935489914
51948528498
51961570600
51974623826
51987694753
52000774065
52013842147
52026915906
52039997375
52053058327
52066103673
52079155461
52092184864
52105226508
52118270568
52131348549
52144408216
52157473789
52170559573
52183642251
52196642875
52209753813
52222784211
52235810294
52248889943
52261959983
52275003814
52288093377
52301140560
52314224538
52327256298
52340308498
52353344496
52366392918
52379467089
52392568295
52405670542
52418758912
52431831660
52444955832
52457999112
52471039425
52484087020
52497119468
52510167874
52523286768
52536334072
52549388935
52562505885
52575582045
52588615473
52601671972
52614665849
52627699445
52640772086
52653822619
52666901748
52679949190
52693047780
52706118340
52719147683
52732213515
52745250171
52758293130
52771392914
52784452076
52797534907
52810625633
52823680603
52836768789
52849820913
52862847256
52875900467
52888929564
52901976517
52915091784
52928124798
52941188229
52954242464
52967307639
52980376823
52993428534
53006502429
53019533378
53032617938
53045681124
53058741219
53071773928
53084866597
53097923663
53110957442
53124015747
53137068453
53150157832
53163261548
53176326309
53189419024
53202510209
53215529698
53228604803
53241661563
53254723326
53267780713
53280815732
53293888189
53306988325
53319985568
53333048784
53346117004
53359148687
53372164535
53385092392
53398130195
53411160410
53424225355
53437297124
53450324217
53463372516
53476430133
53489506538
53502515577
53515569767
53528623482
53541685628
53554744989
53567825050
53580912533
53593989014
53607040297
53620112785
53633150757
53646216360
53659311538
53672353319
53685389164
53698440615
53711479933
53724496851
53737565469
53750652370
53763707416
53776761866
53789814571
53802833708
53815889474
53828960325
53842099047
53855199718
53868222940
53881283341
53894333476
53907367409
53920429600
53933456739
53946536985
53959634228
53972707068
53985771815
53998827504
54011915460
54024950051
54038007989
54051093008
54064104021
54077098081
54090189189
54103267538
54116280601
54129323239
54142392055
54155314940
54168379732
54181422248
54194447949
54207507753
54220578467
54233645692
54246710622
54259696375
54272761029
54285793554
54298764833
54311801810
54324888221
54337960098
54351055750
54364124979
54377221932
54390286633
54403356597
54416403534
54429449110
54442524321
54455563287
54468612489
54481721820
54494773255
54507835600
54520909358
54533991378
54547027774
54560081764
54573106318
54586156346
54599270955
54612321029
54625394557
54638429499
54651493098
54664558809
54677572147
54690646380
54703695413
54716743131
54729843618
54742925791
54756020296
54769112981
54782155037
54795258432
54808283673
54821322961
54834450896
54847455881
54860511417
54873597262
54886646127
54899662541
54912652425
54925698000
54938770840
54951835082
54964874660
54977914758
54990997926
55004086831
55017136017
55030195746
55043250088
55056314880
55069342983
55082382286
55095420273
55108473039
55121556467
55134640415
55147721915
55160793057
55173842856
55186925350
55199969748
55213017511
55226100648
55239131750
55252192442
55265283260
55278311057
55291386437
55304444956
55317537992
55330580707
55343601466
55356638733
55369660839
55382746822
55395826578
55408841094
55421896691
55434962126
55447997328
55461046974
55474092289
55487109958
55500157002
55513236483
55526325923
55539401839
55552470211
55565530245
55578588061
55591600221
55604679228
55617722569
55630755477
55643830336
55656898158
55669934340
55682998964
55695948562
55709039594
55722073374
55735105975
55748154656
55761174405
55774274388
55787351680
55800391687
55813456525
55826507226
55839564476
55852613249
55865668219
55878686989
55891748538
55904811111
55917877617
55930945317
55943964163
55957051034
55970130330
55983150539
55996201163
56009302660
56022356712
56035428818
56048535211
56061598320
56074641417
56087732786
56100812526
56113837462
56126893488
56139918653
56152951346
56166048942
56179082354
56192124380
56205173918
56218213695
56231261489
56244287557
56257319669
56270378341
56283430848
56296525980
56309598729
56322653867
56335716395
56348782197
56361763696
56374871726
56388057144
56401109574
56414151217
56427206126
56440313024
56453378076
56466437315
56479556591
56492630548
56505676154
56518732271
56531771742
56544844644
56557921293
56571014115
56584114297
56597178079
56610238083
56623315727
56636353836
56649384143
56662445079
56675508525
56688615117
56701702003
56714767239
56727813488
56740892402
56753991115
56767026562
56780038707
56793102107
56806147575
56819195890
56832305572
56845362087
56858378899
56871435353
56884517419
56897546073
56910580632
56923630293
56936676037
56949730839
56962829322
56975890457
56988948395
57002008980
57015055917
57028092696
57041118978
57054151334
57067168574
57080243067
57093311853
57106376813
57119435394
57132486967
57145567274
57158586288
57171593813
57184662645
57197687963
57210748227
57223869660
57236902092
57249982904
57263047038
57276134674
57289153245
57302168649
57315238873
57328270893
57341331539
57354409948
57367460909
57380530292
57393563505
57406610702
57419667156
57432692903
57445727004
57458795116
57471864300
57484951353
57498030926
57511070810
57524156517
57537242347
57550250560
57563314802
57576353921
57589385420
57602461948
57615568479
57628604614
57641681570
57654765227
57667848196
57680863615
57693908778
57706914283
57719938316
57733021728
57746101071
57759134193
57772170940
57785217571
57798263300
57811296513
57824314992
57837344641
57850424504
57863501199
57876573045
57889622186
57902666920
57915767070
57928869960
57941805896
57954783325
57967776452
57980792331
57993837615
58006879657
58019952053
58032980554
58046086136
58059144135
58072129796
58085181737
58098208646
58111222765
58124301174
58137346643
58150359079
58163400493
58176461062
58189526712
58202553529
58215582535
58228649332
58241706153
58254774357
58267871524
58280910001
58293953343
58307009200
58320061783
58333098852
58346096676
58359129950
58372152912
58385151991
58398234914
58411284988
58424304401
58437429399
58450540749
58463555541
58476577570
58489604571
58502606236
58515652622
58528701946
58541777785
58554832740
58567900990
58580976202
58593982028
58607001808
58620061735
58633028439
58646107613
58659191974
58672227177
58685257896
58698264242
58711373757
58724390155
58737404412
58750458999
58763516340
58776528761
58789637648
58802677180
58815727254
58828794953
58841856043
58854901940
58867933271
58880960349
58894011004
58907083844
58920142746
58933181437
58946227074
58959285012
58972338038
58985372720
58998414578
59011443018
59024525543
59037608619
59050666373
59063728717
59076792362
59089840340
59102988318
59116049408
59129068056
59142131211
59155163782
59168201111
59181307014
59194339371
59207396666
59220494185
59233569412
59246627549
59259694254
59272747066
59285798242
59298877600
59311962450
59325013396
59338042586
59351108724
59364136873
59377192180
59390233395
59403297438
59416356645
59429385238
59442393987
59455442133
59468486346
59481533299
59494637841
59507602908
59520599325
59533661531
59546692740
59559748123
59572828108
59585908155
59598971234
59612040448
59625121718
59638123245
59651174742
59664231624
59677278194
59690315584
59703393412
59716446164
59729515898
59742561290
59755600378
59768657383
59781693411
59794741940
59807790055
59820839043
59833938612
59846995143
59860050097
59873080755
59886148118
59899167561
59912172347
59925208039
59938241328
59951301745
59964374417
59977453882
59990511759
60003549134
60016627727
60029620747
60042648207
60055725117
60068745585
60081849668
60094918102
60107932267
60120986349
60134015814
60147096840
60160148168
60173126515
60186176054
60199225730
60212296887
60225383130
60238455435
60251524955
60264584484
60277660292
60290692404
60303591329
60316576454
60329615436
60342623480
60355662722
60368690503
60381713083
60394822873
60407886105
60420921047
60433977470
60446950937
60460002372
60473079879
60486157630
60499214650
60512286037
60525342996
60538426623
60551435050
60564456069
60577511192
60590561311
60603633203
60616710404
60629780367
60642821307
60655891806
60668973567
60682026134
60695028503
60708134115
60721183944
60734178984
60747329916
60760370350
60773456012
60786546309
60799611224
60812612231
60825597264
60838648103
60851693342
60864860920
60877957613
60891031035
60904063666
60917123165
60930218909
60943265250
60956304399
60969353984
60982404945
60995509655
61008593955
61021672548
61034707184
61047732931
61060872708
61073902877
61086925120
61099979524
61113003817
61126065702
61139168883
61152249510
61165335264
61178420482
61191483928
61204535516
61217531841
61230610358
61243654526
61256739346
61269843138
61282900112
61295950767
61309025734
61322088109
61335130043
61348177241
61361219205
61374284487
61387352539
61400426695
61413449733
61426524333
61439580909
61452687501
61465726269
61478756055
61491817818
61504841744
61517901150
61531028856
61544081103
61557167331
61570238166
61583338072
61596389600
61609416815
61622453869
61635477030
61648543000
61661631707
61674705220
61687775322
61700835861
61713896231
61726958530
61739994895
61753041648
61766114366
61779170790
61792273664
61805357107
61818390351
61831448090
61844534975
61857584743
61870615937
61883657259
61896744726
61909783952
61922879390
61935946386
61949021307
61962081586
61975183083
61988223854
62001260235
62014349706
62027392313
62040482274
62053567247
62066639475
62079779636
62092825946
62105868293
62118905622
62131930634
62144960068
62158008918
62171077015
62184201738
62197288470
62210342385
62223389613
62236457526
62249530825
62262556664
62275643534
62288698060
62301747262
62314868144
62327929724
62340924549
62353997634
62367099835
62380130310
62393203945
62406239239
62419256663
62432341621
62445403965
62458469125
62471576436
62484627412
62497687462
62510736755
62523750645
62536827203
62549852108
62562895251
62575962858
62589031200
62602088787
62615086397
62628136945
62641236223
62654262230
62667317705
62680354055
62693358902
62706465279
62719490659
62732542860
62745610819
62758697429
62771698773
62784758133
62797781432
62810836555
62823925032
62836971495
62850005397
62863068843
62876094651
62889162166
62902189611
62915212222
62928232231
62941266485
62954368165
62967441235
62980511337
62993585171
63006629370
63019728710
63032798704
63045804255
63058868496
63071903393
63084971413
63098094499
63111090564
63124098394
63137188064
63150270314
63163306740
63176363775
63189370826
63202445364
63215486518
63228569120
63241640170
63254717416
63267776242
63280833002
63293878700
63306905808
63319906172
63332958878
63346060528
63359144231
63372218831
63385269516
63398332794
63411422556
63424482575
63437516859
63450589210
63463594087
63476658880
63489771867
63502805187
63515874861
63528884573
63541951523
63554977514
63568003475
63581047919
63594097488
63607165707
63620232703
63633303126
63646346115
63659406685
63672433855
63685464819
63698507059
63711519128
63724581732
63737636901
63750732584
63763808086
63776807655
63789867567
63802988020
63816039425
63829069930
63842085625
63855077253
63868134931
63881209026
63894276006
63907345235
63920386680
63933510423
63946555448
63959577599
63972641045
63985655210
63998747848
64011843363
64024878229
64037954664
64050940218
64063949609
64077010929
64090031856
64103064947
64116141566
64129203467
64142303112
64155351151
64168372339
64181431271
64194462679
64207527211
64220718627
64233901596
64246915485
64259959745
64273011716
64286071490
64299101613
64312162335
64325264873
64338293511
64351337542
64364382643
64377388638
64390514247
64403578795
64416636106
64429707783
64442745816
64455780926
64468866022
64481863142
64494927277
64507973801
64521075543
64534151045
64547178215
64560228993
64573275532
64586323127
64599406371
64612419067
64625446390
64638484560
64651513413
64664591899
64677648123
64690692949
64703771619
64716835937
64729860215
64742922850
64755952085
64768959120
64782018175
64795101511
64808178023
64821216301
64834258694
64847322415
64860378624
64873423527
64886471290
64899517065
64912622249
64925732207
64938799662
64951862679
64964887784
64977950495
64991003002
65004041876
65017091414
65030093308
65043118810
65056223199
65069251149
65082314519
65095402139
65108474260
65121511833
65134575065
65147622829
65160674754
65173723848
65186780272
65199856952
65212890058
65225935098
65238996632
65251951264
65264958774
65277976335
65291039169
65304135250
65317225501
65330293308
65343355392
65356404747
65369519264
65382538126
65395584788
65408671582
65421699868
65434756781
65447869646
65460923055
65473996171
65487071995
65500098552
65513150202
65526185282
65539222825
65552273802
65565339634
65578418640
65591473304
65604522598
65617610967
65630639927
65643663593
65656705527
65669733936
65682880829
65695958106
65709036531
9116933
22168445
35232855
48305802
61328902
74371081
87441519
100491731
113568625
126652604
139702525
152804787
165872303
178921321
191933864
204979271
218031028
231083947
244152702
257242158
270308114
283364950
296422353
309490909
322521965
335523262
348549407
361621053
374664411
387717468
400779751
413835930
426900569
439993406
453021555
466094946
479133713
492201673
505287533
518370732
531448162
544517299
557613916
570695079
583703950
596746588
609779250
622818660
635925160
648964371
662031872
675087178
688118724
701140645
714169207
727120749
740142365
753185722
766273067
779372667
792448215
805489491
818552157
831595851
844619976
857699655
870635376
883699190
896775075
909876679
922936789
935988669
949049942
962161614
975174967
988242483
1001262141
1014294114
1027382775
1040460389
1053535340
1066599888
1079643061
1092709797
1105754868
1118793619
1131815572
1144849213
1157947819
1171033649
1184102756
1197166508
1210186685
1223338703
1236387721
1249413713
1262437884
1275473667
1288519564
1301645786
1314697283
1327737886
1340829086
1353865436
1366876341
1379915797
1392920001
1405954546
1419050535
1432158703
1445247684
1458308422
1471354136
1484424956
1497453120
1510507585
1523545985
1536637843
1549719420
1562771620
1575867915
1588931055
1601895281
1614934629
1627947723
1640983400
1654051833
1667017864
1680087400
1693172862
1706203628
1719238325
1732325471
1745378237
1758402316
1771461249
1784482589
1797532632
1810611470
1823707398
1836803846
1849826258
1862865759
1875909805
1888868415
1901899899
1914905925
1927962103
1941048943
1954129968
1967217451
1980284110
1993331521
2006411354
2019412146
2032439668
2045489175
2058530360
2071595703
2084679406
2097735156
2110818691
2123914497
2136957762
2149989415
2163022184
2176035110
2189091288
2202162185
2215249132
2228295549
2241347505
2254412098
2267423708
2280446517
2293507133
2306500765
2319580306
2332653192
2345718398
2358808405
2371833524
2384871618
2397942928
2410941487
2424005560
2437107777
2450181596
2463263570
2476331820
2489374045
2502453419
2515496653
2528619968
2541657205
2554705397
2567730563
2580760471
2593837335
2606893636
2619946158
2633022900
2646066517
2659164219
2672196668
2685238020
2698277736
2711373113
2724487569
2737603693
2750662412
2763720243
2776814380
2789866397
2802893429
2815935440
2829006169
2842056533
2855118327
2868224368
2881288763
2894324378
2907427512
2920504055
2933525196
2946577871
2959613165
2972657272
2985732239
2998801667
3011902415
3024977733
3038052104
3051103095
3064119341
3077140498
3090166367
3103237448
3116307763
3129425234
3142477404
3155529252
3168606468
3181678452
3194720340
3207745689
3220812608
3233895439
3246956881
3260067741
3273130575
3286174300
3299259227
3312343894
3325369442
3338416089
3351425464
3364488543
3377554973
3390617149
3403700148
3416739313
3429822068
3442885345
3455920685
3468939180
3481985260
3495051414
3508135102
3521232285
3534284669
3547312160
3560347607
3573428174
3586467293
3599492183
3612583459
3625647135
3638691165
3651823201
3664874606
3677911736
3691042548
3704119305
3717137646
3730171655
3743169862
3756222093
3769295178
3782324383
3795323355
3808375861
3821367887
3834426758
3847442162
3860502318
3873488775
3886566939
3899632329
3912713033
3925772532
3938782887
3951850066
3964942031
3977969981
3991034988
4004105854
4017098767
4030161372
4043263618
4056303931
4069384865
4082461086
4095540215
4108618731
4121682590
4134687896
4147703453
4160756220
4173859400
4186893317
4199939015
4212989410
4226014805
4239080469
4252124882
4265147691
4278226437
4291309697
4304397256
4317481158
4330484536
4343547064
4356655645
4369697962
4382720786
4395808238
4408852268
4421912287
4434991752
4448066245
4461137708
4474226475
4487304992
4500328918
4513388065
4526440877
4539442664
4552511022
4565611157
4578652525
4591745072
4604810797
4617871030
4630932472
4643973243
4657016891
4670116690
4683177887
4696258897
4709317356
4722373243
4735465040
4748551344
4761591091
4774625467
4787693702
4800740517
4813779513
4826918709
4839993615
4853075712
4866143396
4879241389
4892261980
4905344857
4918381819
4931439757
4944552851
4957589874
4970619262
4983703348
4996768370
5009828465
5022879319
5035908509
5048947199
5062034223
5075085857
5088172896
5101241253
5114275858
5127328686
5140412129
5153465737
5166509921
5179581124
5192664322
5205693297
5218787236
5231842542
5244903250
5258002620
5271070809
5284122994
5297195100
5310226554
5323271747
5336331903
5349384165
5362451819
5375507936
5388554965
5401575326
5414614721
5427645654
5440718066
5453785551
5466892204
5479974041
5493054776
5506136521
5519164241
5532230013
5545285380
5558319282
5571380219
5584443833
5597484635
5610580930
5623643290
5636729151
5649813160
5662888433
5675921447
5688982200
5702009676
5715077314
5728175262
5741269445
5754317408
5767376753
5780433681
5793481797
5806512531
5819581485
5832611271
5845653450
5858745416
5871801349
5884883155
5897956118
5910993477
5924087217
5937119559
5950155235
5963191983
5976272947
5989339820
6002491410
6015521073
6028548503
6041604574
6054659238
6067684404
6080724425
6093762565
6106836874
6119909745
6133002536
6146030394
6159074379
6172129349
6185167550
6198240130
6211270130
6224277716
6237357380
6250459994
6263537133
6276635127
6289662097
6302715874
6315783481
6328832209
6341873317
6355093052
6368179387
6381248785
6394323186
6407347938
6420413725
6433486657
6446546859
6459578405
6472606584
6485647356
6498706747
6511804878
6524899138
6537906785
6550975403
6564026563
6577100260
6590144902
6603133776
6616186160
6629262228
6642339965
6655459455
6668543005
6681569853
6694627531
6707670980
6720712532
6733740252
6746796018
6759855164
6772912965
6786018394
6799097507
6812157465
6825229417
6838320128
6851340550
6864386417
6877440377
6890478088
6903566335
6916663044
6929736067
6942779317
6955816386
6968894750
6981931008
6994969683
7008002391
7021073288
7034137668
7047225441
7060279752
7073359279
7086423230
7099498304
7112546174
7125580107
7138637662
7151746824
7164816008
7177994097
7191058996
7204109269
7217191809
7230267450
7243296012
7256372998
7269416569
7282439532
7295521047
7308605316
7321644634
7334640898
7347689487
7360764041
7373787570
7386804901
7399852833
7412902463
7425984621
7439071935
7452190706
7465267754
7478366038
7491448318
7504492195
7517508487
7530566976
7543665520
7556711202
7569854331
7582894184
7595961777
7609028910
7622087766
7635137488
7648203519
7661246448
7674297256
7687378221
7700469620
7713525263
7726593268
7739640160
7752707339
7765730347
7778743609
7791761446
7804838065
7817922717
7830983914
7844087675
7857146960
7870196360
7883300367
7896341291
7909381496
7922406600
7935457424
7948510542
7961634010
7974677245
7987764865
8000851322
8013925478
8026963037
8040005583
8053035751
8066080531
8079156263
8092252757
8105296267
8118375717
8131434665
8144481939
8157529825
8170571820
8183587668
8196647304
8209741212
8222805056
8235903233
8248982178
8262055539
8275145499
8288170359
8301204995
8314293456
8327345871
8340455646
8353558703
8366638734
8379729904
8392831983
8405911310
8418923363
8431958305
8445055197
8458072942
8471175066
8484226640
8497268344
8510349860
8523440708
8536505041
8549531171
8562555189
8575597444
8588638521
8601705502
8614788654
8627847281
8640922064
8653978533
8667047533
8680073387
8693129137
8706170046
8719205860
8732289105
8745414194
8758519134
8771593106
8784655451
8797785253
8810807557
8823873528
8836901937
8849929320
8863028354
8876152205
8889188983
8902253928
8915317221
8928390383
8941467201
8954468085
8967536442
8980584726
8993659341
9006758191
9019810545
9032917167
9045954925
9059073650
9072118430
9085159614
9098205052
9111250383
9124356042
9137474736
9150527931
9163602332
9176665456
9189758187
9202793955
9215861700
9228891777
9241919589
9255012044
9268084731
9281126619
9294213429
9307253588
9320353050
9333378629
9346447277
9359486472
9372543829
9385653465
9398772527
9411862151
9424971130
9438023943
9451169136
9464234755
9477268290
9490313666
9503352464
9516422428
9529564026
9542634923
9555707672
9568801243
9581882743
9594902079
9607959956
9621005593
9634065673
9647174453
9660267703
9673341599
9686407539
9699477885
9712560472
9725630497
9738693897
9751731914
9764800547
9777920649
9791002501
9804097128
9817185437
9830201850
9843283121
9856337892
9869351888
9882407088
9895445120
9908515390
9921659069
9934729982
9947824533
9960905344
9973986033
9987051789
10000132448
10013175606
10026224900
10039316651
10052420886
10065474143
10078553302
10091624260
10104692296
10117762092
10130799130
10143838876
10156883304
10169956649
10183046442
10196133786
10209197936
10222232985
10235311701
10248309342
10261379351
10274422785
10287417488
10300536152
10313624797
10326653129
10339754412
10352807316
10365883079
10378899646
10391979646
10405019500
10418046073
10431127450
10444194415
10457248896
10470313566
10483368964
10496418762
10509486676
10522529268
10535591643
10548658746
10561748462
10574811066
10587900614
10600950137
10614041597
10627182675
10640198156
10653268472
10666339767
10679374066
10692488951
10705573847
10718661957
10731733435
10744813528
10757909700
10770952323
10784028468
10797081770
10810100678
10823154975
10836237515
10849286212
10862361010
10875409952
10888506216
10901552251
10914586000
10927637649
10940699504
10953788761
10966894481
10979957897
10993004390
11006065358
11019118614
11032152944
11045199851
11058255784
11071307097
11084389439
11097470970
11110557687
11123595567
11136670885
11149767869
11162803041
11175914727
11188941836
11202000998
11215094111
11228146541
11241207508
11254282016
11267322435
11280415701
11293449511
11306486442
11319545390
11332591639
11345694712
11358816711
11371901913
11384965543
11398024170
11411097040
11424146028
11437185407
11450238250
11463295056
11476290631
11489434463
11502494757
11515556934
11528620670
11541690649
11554748312
11567843980
11580890519
11593926915
11607030783
11620138951
11633178912
11646173814
11659259537
11672329715
11685345012
11698401358
11711447072
11724496686
11737594802
11750649741
11763743099
11776797610
11789831160
11802965766
11816007960
11829033340
11842107679
11855128194
11868236132
11881370601
11894417492
11907502710
11920584271
11933662543
11946712586
11959778189
11972791405
11985807008
11998909867
12012023390
12025086270
12038177057
12051245154
12064297156
12077295561
12090349736
12103397729
12116428953
12129540410
12142654974
12155746526
12168805810
12181850774
12194945998
12207950110
12220996160
12234051742
12247108181
12260177563
12273299226
12286358388
12299424174
12312494934
12325599690
12338622423
12351681753
12364697922
12377717151
12390828501
12403957538
12417031541
12430100419
12443164523
12456211353
12469257693
12482302106
12495334983
12508381874
12521469984
12534614459
12547709514
12560758257
12573824702
12586904289
12599934672
12612983996
12626060753
12639092421
12652176966
12665276856
12678350798
12691416478
12704491001
12717603851
12730627609
12743689923
12756746958
12769790590
12782892240
12795990525
12809068582
12822156294
12835204669
12848269875
12861321479
12874363122
12887407826
12900459078
12913560942
12926657329
12939763951
12952795803
12965869179
12978976398
12992005740
13005044217
13018087099
13031150882
13044232780
13057359109
13070446071
13083533492
13096610280
13109724996
13122751630
13135829366
13148862243
13161897613
13175021265
13188104356
13201155256
13214250832
13227275232
13240319951
13253354205
13266380472
13279430668
13292498536
13305622983
13318728611
13331789395
13344857415
13357916210
13371000709
13384048182
13397107956
13410141689
13423198357
13436257259
13449434874
13462532944
13475603214
13488736856
13501790648
13514824687
13527880957
13540922433
13553918115
13566981760
13580038520
13593115323
13606155543
13619244127
13632308522
13645351925
13658333301
13671379887
13684415487
13697531198
13710619521
13723696676
13736755731
13749816989
13762887642
13775881059
13788895622
13801943156
13815013319
13828065167
13841172754
13854225689
13867278409
13880392911
13893459509
13906509476
13919568883
13932598485
13945647947
13958752198
13971851324
13984951979
13998015027
14011083691
14024120515
14037156023
14050203939
14063231691
14076314063
14089423164
14102540864
14115626464
14128675727
14141714922
14154858908
14167885649
14180910386
14193972210
14207225009
14220317571
14233451427
14246528368
14259613861
14272692087
14285788811
14298724777
14311787121
14324797446
14337842562
14350921140
14364026095
14377069223
14390146729
14403217581
14416280323
14429326801
14442367221
14455384461
14468474498
14481561154
14494662024
14507754066
14520807337
14533868151
14546957164
14559987409
14573033505
14586108946
14599139940
14612214754
14625314920
14638363036
14651437467
14664554157
14677655562
14690691025
14703729119
14716759455
14729779205
14742891366
14755981189
14769038576
14782103965
14795122445
14808136885
14821197164
14834224869
14847254456
14860325858
14873424142
14886530397
14899592237
14912639955
14925709918
14938772890
14951796112
14964832049
14977857643
14990891483
15003953690
15017039275
15030125273
15043187449
15056250513
15069365780
15082371927
15095430370
15108475931
15121521307
15134625727
15147699684
15160754944
15173824327
15186879847
15199955013
15212989634
15226058741
15239094509
15252151728
15265243923
15278338137
15291434080
15304494512
15317570198
15330641554
15343702705
15356768232
15369866134
15382913117
15396000584
15409145870
15422236932
15435293432
15448397454
15461493565
15474545092
15487641923
15500672948
15513696033
15526776370
15539841361
15552907959
15565989077
15579041690
15592116122
15605155730
15618204274
15631235269
15644260495
15657347106
15670426647
15683496840
15696549485
15709596315
15722712240
15735755964
15748778529
15761825940
15774835071
15787846757
15800942027
15814012741
15827064559
15840166545
15853244526
15866310757
15879368205
15892384237
15905431159
15918495217
15931580022
15944652877
15957733734
15970789194
15983845816
15996888469
16009928491
16022975780
16036023865
16049113505
16062157948
16075247924
16088329990
16101391248
16114479098
16127526831
16140565384
16153639356
16166697462
16179785526
16192857846
16205917865
16219003986
16232099301
16245207531
16258253519
16271314793
16284375102
16297446428
16310520706
16323636417
16336692198
16349764854
16362853331
16375911391
16388938882
16402004256
16415053963
16428125043
16441219457
16454311085
16467371930
16480433035
16493473562
16506544031
16519567528
16532622345
16545674071
16558723258
16571805660
16584912176
16597987831
16611077486
16624154289
16637265532
16650307314
16663364777
16676420436
16689466149
16702546471
16715630908
16728663953
16741747932
16754815845
16767853970
16780901948
16793957055
16807002600
16820096202
16833171797
16846266623
16859338928
16872384136
16885492686
16898558427
16911585414
16924645708
16937706155
16950782897
16963774785
16976843830
16989867160
17002930483
17016020980
17029105295
17042127446
17055178193
17068240920
17081291927
17094428278
17107512440
17120586259
17133646446
17146688197
17159729336
17172781276
17185794951
17198841735
17211907431
17225022269
17238152025
17251235591
17264291494
17277371938
17290418585
17303449855
17316465718
17329527206
17342608185
17355679848
17368774796
17381840537
17394910317
17407978965
17421070977
17434078776
17447140203
17460177455
17473242844
17486344020
17499428060
17512452858
17525457001
17538511313
17551558648
17564582406
17577611687
17590657599
17603688456
17616787827
17629849299
17642893666
17655926084
17668981405
17682022330
17695047159
17708067566
17721111718
17734182585
17747239421
17760364802
17773414677
17786493943
17799645134
17812736855
17825778299
17838822636
17851728002
17864786628
17877866292
17890970941
17904097423
17917195034
17930268043
17943304897
17956302446
17969342437
17982386070
17995433405
18008531597
18021643651
18034672244
18047753086
18060797193
18073876627
18086890257
18099902708
18112965327
18125976463
18139049624
18152179977
18165233493
18178306716
18191393602
18204485904
18217513991
18230573689
18243608692
18256648729
18269732050
18282854799
18295927731
18308968288
18322014032
18335068573
18348067484
18361117098
18374154412
18387221714
18400304178
18413380139
18426458196
18439504445
18452578005
18465635897
18478660634
18491702522
18504766412
18517794025
18530902943
18543968102
18557053228
18570149049
18583197226
18596293720
18609289830
18622337946
18635363662
18648398604
18661483455
18674584830
18687629824
18700728597
18713788907
18726839440
18739882873
18752917295
18765955083
18779012379
18792070240
18805160385
18818222943
18831262751
18844320520
18857379591
18870408321
18883450638
18896479138
18909510363
18922547309
18935667885
18948727873
18961842896
18974931786
18988038423
19001058020
19014169355
19027218924
19040238076
19053331265
19066425143
19079457622
19092544875
19105644505
19118708517
19131734754
19144794879
19157833784
19170901912
19183916367
19196999352
19210075833
19223117079
19236219769
19249270822
19262280213
19275332001
19288378204
19301413880
19314493468
19327634225
19340712634
19353749626
19366872176
19379954395
19392969723
19406034607
19419065862
19432089207
19445175863
19458279655
19471348150
19484426942
19497471905
19510548876
19523576673
19536590976
19549631349
19562662099
19575762510
19588851324
19601925602
19614998442
19628049189
19641118327
19654154998
19667184019
19680227330
19693278873
19706322566
19719438384
19732496858
19745596901
19758694512
19771776930
19784813846
19797869749
19810899810
19823926383
19837009658
19850096727
19863184959
19876243158
19889299764
19902368795
19915398612
19928433569
19941471479
19954508441
19967615461
19980675036
19993738635
20006798700
20019884683
20032998497
20046051600
20059079841
20072126028
20085179682
20098222840
20111361945
20124398448
20137475970
20150603859
20163682865
20176722566
20189768983
20202786238
20215820002
20228932622
20242022568
20255089059
20268153912
20281219209
20294282319
20307328200
20320378687
20333408841
20346481727
20359576997
20372679136
20385771637
20398846527
20411909361
20424993355
20438001798
20451056936
20464105648
20477054987
20490116933
20503206206
20516267341
20529343655
20542436844
20555527860
20568561303
20581609893
20594662812
20607716589
20620786308
20633880752
20646930871
20659980226
20673026949
20686087396
20699136583
20712161656
20725199245
20738268414
20751350633
20764463911
20777533905
20790592776
20803664102
20816750896
20829786389
20842832836
20855887760
20868890006
20881912219
20894992311
20908032409
20921114751
20934195287
20947316139
20960356191
20973424946
20986456889
20999480754
21012571480
21025650685
21038713305
21051772329
21064863621
21077914185
21090992609
21104019167
21117069608
21130127271
21143186387
21156297018
21169354604
21182411150
21195465706
21208538975
21221575722
21234614673
21247680414
21260715142
21273784739
21286874715
21299934642
21313022338
21326123575
21339215678
21352259158
21365341805
21378369556
21391395624
21404469964
21417552856
21430627915
21443746579
21456794541
21469875628
21482904328
21495950347
21509006679
21522058405
21535155036
21548278443
21561326237
21574364913
21587417924
21600514969
21613568409
21626611062
21639689487
21652727274
21665775191
21678894268
21691919556
21705018406
21718130261
21731198266
21744246351
21757318641
21770359779
21783401606
21796493663
21809576158
21822654843
21835719023
21848785560
21861836429
21874890251
21887936332
21900986421
21914034934
21927121422
21940223332
21953288079
21966361362
21979411574
21992495247
22005539874
22018572475
22031633610
22044708883
22057962218
22071057044
22084062365
22097114994
22110219888
22123318004
22136359877
22149430498
22162483173
22175530478
22188608902
22201710568
22214783255
22227743717
22240807591
22253858399
22266861104
22279908286
22292954076
22305994419
22319081366
22332186045
22345247120
22358305548
22371352271
22384433159
22397461262
22410508474
22423581865
22436613809
22449673093
22462741971
22475784104
22488872519
22501952015
22515045219
22528074164
22541144495
22554163341
22567164333
22580210934
22593292357
22606338820
22619460192
22632539427
22645578684
22658599367
22671647145
22684675692
22697727219
22710727400
22723824659
22736897866
22749962475
22763023641
22776092657
22789123667
22802159955
22815212217
22828269987
22841339094
22854412117
22867459835
22880509037
22893602715
22906690718
22919717214
22932725198
22945751587
22958787233
22971883131
22984984291
22997982865
23011058245
23024119626
23037187126
23050208772
23063243806
23076278244
23089335891
23102422027
23115532321
23128604794
23141636080
23154708461
23167751925
23180737387
23193718993
23206783908
23219824756
23232925932
23246056790
23259104568
23272146380
23285252697
23298335161
23311369904
23324435048
23337466349
23350499746
23363619741
23376707957
23389778304
23402838445
23415879216
23428919253
23441934596
23454955110
23467997503
23481061194
23494133621
23507237719
23520286431
23533325688
23546374523
23559448633
23572460043
23585481552
23598508186
23611596480
23624641566
23637758592
23650817081
23663870460
23676947278
23690048928
23703087267
23716150866
23729171426
23742215640
23755316907
23768403441
23781492912
23794549917
23807597053
23820663284
23833737684
23846759928
23859799980
23872831923
23885915489
23898996009
23912069339
23925116781
23938096705
23951156142
23964191620
23977197461
23990244949
24003301617
24016360749
24029483299
24042525600
24055581075
24068687682
24081775394
24094787814
24107822833
24120859657
24133911827
24147018633
24160130060
24173211162
24186279305
24199349391
24212429622
24225459851
24238504463
24251516210
24264553401
24277680801
24290797828
24303890451
24316951862
24330008760
24343080070
24356087044
24369134073
24382172549
24395195848
24408273355
24421388714
24434432285
24447501025
24460575930
24473687005
24486726568
24499770782
24512810697
24525853625
24538938598
24552032690
24565092372
24578178814
24591264308
24604320930
24617377919
24630407491
24643437415
24656518716
24669626899
24682743314
24695833871
24708889759
24721955592
24735031966
24748075094
24761127310
24774156866
24787190676
24800276858
24813380880
24826448441
24839547659
24852635508
24865763321
24878819163
24891865014
24904933096
24917968206
24931057249
24944163612
24957203710
24970301749
24983378460
24996438693
25009486533
25022506130
25035543673
25048624423
25061690761
25074778197
25087901711
25100988199
25114097392
25127198843
25140251655
25153291953
25166325946
25179369946
25192436100
25205563928
25218634198
25231710496
25244807067
25257918631
25270966410
25284041071
25297074605
25310134716
25323235540
25336331483
25349387830
25362459415
25375553431
25388603428
25401637682
25414671186
25427708912
25440754212
25453732361
25466806961
25479885462
25492949627
25506029719
25519132548
25532156030
25545199953
25558246952
25571312601
25584364251
25597503432
25610554683
25623609454
25636717653
25649836638
25662837874
25675955207
25688952511
25702000504
25715100211
25728205104
25741259248
25754318410
25767374879
25780496679
25793523421
25806563106
25819606647
25832648550
25845722630
25858808934
25871882493
25884977013
25898026108
25911119511
25924150154
25937159071
25950203025
25963197039
25976268044
25989387182
26002446757
26015520270
26028616076
26041717053
26054743136
26067822249
26080873210
26093936549
26107024460
26120121428
26133204688
26146265487
26159357559
26172433337
26185479219
26198522698
26211550357
26224600263
26237682574
26250765772
26263876327
26276943904
26290009874
26303104272
26316156075
26329185754
26342288934
26355323998
26368378402
26381499820
26394582651
26407684729
26420764286
26433798723
26446871135
26459938452
26472987547
26486076727
26499145865
26512264467
26525338868
26538405588
26551505831
26564551590
26577654112
26590687861
26603671671
26616757806
26629848410
26642964687
26656021340
26669012478
26682084079
26695180680
26708244340
26721300825
26734339209
26747378634
26760438653
26773526686
26786595135
26799673086
26812741734
26825866594
26838907166
26851945337
26864997139
26878060295
26891154999
26904250712
26917302974
26930354608
26943420655
26956467960
26969526311
26982593674
26995654855
27008722050
27021778290
27034863859
27047949536
27060999136
27074088684
27087197203
27100229988
27113285142
27126320405
27139352272
27152438163
27165533922
27178623302
27191691460
27204770727
27217885458
27230950648
27244013850
27257072660
27270101818
27283199766
27296275345
27309332441
27322409183
27335476148
27348569199
27361638414
27374682291
27387752346
27400827681
27413902357
27426985953
27440067330
27453126508
27466209645
27479337672
27492375705
27505390023
27518461792
27531517098
27544582044
27557660866
27570734900
27583787131
27596880779
27609984173
27623050695
27636103323
27649182131
27662233612
27675313812
27688396918
27701462093
27714524193
27727581763
27740633734
27753672119
27766682673
27779735439
27792791235
27805876071
27819005552
27832102474
27845177441
27858239449
27871298779
27884352969
27897397091
27910446705
27923523264
27936574164
27949709718
27962786032
27975850732
27988924185
28002003634
28015080147
28028126502
28041153840
28054273896
28067363322
28080471077
28093545768
28106595643
28119679469
28132757450
28145785109
28158835626
28171866606
28184937289
28198046130
28211111917
28224208747
28237280976
28250334186
28263413314
28276459058
28289492945
28302558777
28315605057
28328651734
28341741190
28354802616
28367883214
28380968049
28393926170
28407033114
28420066495
28433092410
28446139470
28459229125
28472328327
28485396042
28498429316
28511500565
28524551159
28537576462
28550616025
28563651549
28576682436
28589765573
28602866122
28616002136
28629100221
28642175815
28655246008
28668262958
28681279203
28694335458
28707316208
28720376135
28733477234
28746543128
28759624276
28772701232
28785782594
28798853706
28811896160
28824947733
28838007966
28851104338
28864215076
28877296392
28890362914
28903420469
28916480549
28929552594
28942590535
28955614568
28968710113
28981795790
28994940250
29008049366
29021091469
29034189477
29047274848
29060294276
29073349460
29086384938
29099411037
29112483020
29125527494
29138627461
29151713979
29164783607
29177870691
29190927650
29203990117
29217049386
29230083976
29243195403
29256307289
29269378033
29282457498
29295480322
29308498802
29321526568
29334540855
29347575170
29360657588
29373709222
29386835230
29399898095
29412942875
29426004531
29439096113
29452153133
29465201601
29478252455
29491310117
29504366235
29517485388
29530577169
29543657843
29556704872
29569802468
29582861293
29595924127
29608935477
29621948387
29635016301
29648087718
29661129270
29674192455
29687235552
29700294041
29713317845
29726306688
29739320057
29752414149
29765503682
29778588502
29791645614
29804688558
29817731303
29830791214
29843826845
29856852056
29869894220
29882933370
29896070699
29909322366
29922384114
29935446075
29948518839
29961594464
29974628855
29987691720
30000706129
30013732809
30026804288
30039863863
30052952172
30065962817
30078962784
30092041637
30105082469
30118109608
30131144642
30144220221
30157301736
30170394574
30183472004
30196570150
30209625855
30222756697
30235797254
30248826275
30261875492
30274909991
30287976451
30301109359
30314154276
30327233803
30340327543
30353414796
30366476727
30379555611
30392566975
30405606706
30418689966
30431771971
30444839532
30457896445
30470968888
30484049103
30497071239
30510135006
30523174722
30536261898
30549359203
30562474210
30575609290
30588685665
30601751681
30614878102
30627907689
30640922007
30654002359
30667034823
30680103211
30693117636
30706165904
30719250632
30732365303
30745450260
30758504817
30771574414
30784629078
30797685057
30810752879
30823891035
30836964579
30850057477
30863154721
30876211680
30889269924
30902331534
30915363462
30928441963
30941535229
30954654107
30967752375
30980820947
30993928839
31007032754
31020079263
31033151124
31046200004
31059250200
31072335097
31085445101
31098515447
31111602838
31124701673
31137815945
31150844523
31163921341
31176967023
31189992801
31203062321
31216159136
31229253534
31242331714
31255370864
31268452624
31281524393
31294567322
31307609684
31320684009
31333766794
31346871443
31359926520
31372982514
31386043329
31399142623
31412175285
31425223217
31438271011
31451317474
31464395470
31477495468
31490578391
31503656556
31516733175
31529851793
31542897001
31555989701
31569017681
31582052822
31595167049
31608269678
31621376683
31634454833
31647498649
31660583499
31673656906
31686682821
31699718681
31712785524
31725827565
31738916271
31751978860
31765022829
31778090927
31791171417
31804269594
31817314756
31830350678
31843411263
31856471144
31869597029
31882684603
31895778297
31908887414
31921949620
31934989229
31948112926
31961133991
31974152761
31987319605
32000317980
32013394905
32026493664
32039551862
32052630011
32065686526
32078704852
32091713892
32104769963
32117864422
32130977838
32144045813
32157116664
32170192289
32183273911
32196339989
32209406586
32222463040
32235519892
32248568574
32261684453
32274658608
32287712216
32300780298
32313873701
32326883490
32339961318
32352995679
32366014296
32379044633
32392140744
32405216415
32418277566
32431357276
32444403785
32457375354
32470419033
32483411701
32496468690
32509551934
32522570613
32535635956
32548648483
32561707569
32574772621
32587769176
32600829455
32613894997
32626867653
32639855761
32652956325
32666032684
32679125047
32692224066
32705269473
32718310872
32731407840
32744455527
32757521819
32770629895
32783728179
32796802595
32809853633
32822912948
32835977756
32848979344
32862017927
32875051523
32888116545
32901177313
32914279331
32927357817
32940425868
32953487952
32966576307
32979584076
32992616249
33005660998
33018738382
33031759157
33044838408
33057871116
33070940406
33084009988
33097120466
33110175834
33123280911
33136325125
33149359440
33162461273
33175504217
33188528235
33201642661
33214701379
33227754681
33240822105
33253866778
33266904857
33279986632
33293077128
33306166584
33319271218
33332337189
33345413334
33358495767
33371534304
33384556043
33397570100
33410619746
33423714082
33436831522
33449900277
33462980874
33476059376
33489166427
33502217571
33515300204
33528396606
33541455186
33554571999
33567628376
33580684203
33593761847
33606792720
33619895043
33632952782
33646003483
33659024364
33672075907
33685200063
33698307267
33711389609
33724447929
33737523111
33750595232
33763658724
33776725964
33789774875
33802835735
33815927808
33829022068
33842131919
33855222599
33868326957
33881412312
33894465966
33907549563
33920634979
33933669034
33946785755
33959852123
33972942237
33986035854
33999078125
34012156489
34025216110
34038270927
34051319027
34064384829
34077477222
34090568331
34103662316
34116722289
34129776172
34142851445
34155900478
34168950522
34182004451
34195070284
34208144792
34221289955
34234385301
34247455831
34260532940
34273638691
34286650866
34299746947
34312811663
34325883295
34338995823
34352090435
34365161256
34378226247
34391291652
34404382255
34417458997
34430517516
34443546889
34456598998
34469705483
34482776288
34495878259
34508951008
34522017269
34535115461
34548146823
34561185927
34574230370
34587277843
34600387480
34613504430
34626591652
34639666497
34652738220
34665822367
34678888138
34691979675
34705056340
34718104471
34731208370
34744316783
34757396386
34770462310
34783565888
34796634047
34809648028
34822718787
34835755336
34848801967
34861900266
34874993165
34888118178
34901170134
34914193341
34927301402
34940302378
34953342277
34966380432
34979430475
34992490800
35005593827
35018683375
35031779288
35044842336
35057912529
35070932814
35083965078
35097036266
35110081444
35123180723
35136283857
35149387175
35162469164
35175531310
35188589676
35201659196
35214689961
35227720191
35240801752
35253902592
35267004548
35280105234
35293164120
35306258457
35319322928
35332323093
35345374269
35358438097
35371492776
35384581697
35397676982
35410765291
35423855741
35436930219
35450044155
35463045437
35476136071
35489211252
35502254976
35515348471
35528442318
35541546264
35554640141
35567704413
35580760011
35593807483
35606769995
35619807737
35632903451
35645897802
35658997876
35672101607
35685163569
35698256957
35711330379
35724368702
35737436754
35750470686
35763516904
35776613612
35789715369
35802789311
35815849131
35828936766
35842033750
35855083166
35868131082
35881180315
35894166419
35907270900
35920332158
35933398052
35946495219
35959542325
35972606949
35985658629
35998693709
36011733838
36024787369
36037884491
36051008509
36064091830
36077153364
36090217605
36103295418
36116319803
36129364690
36142426269
36155486579
36168552396
36181668474
36194744864
36207804179
36220893528
36234010937
36247048419
36260119974
36273179840
36286238864
36299300765
36312415481
36325516994
36338593873
36351660226
36364732745
36377769186
36390823208
36403858685
36416915690
36430007227
36443083448
36456177754
36469238324
36482307354
36495413962
36508478739
36521518194
36534559226
36547599997
36560664438
36573795556
36586879871
36599965425
36613074374
36626152661
36639202168
36652249565
36665298139
36678365961
36691444967
36704549325
36717648420
36730688243
36743648674
36756745459
36769781426
36782843694
36795857430
36808932397
36822044497
36835169143
36848315515
36861375549
36874428698
36887485443
36900533390
36913602451
36926645380
36939679802
36952735230
36965828083
36978902775
36991967337
37005097797
37018196051
37031245773
37044305455
37057390076
37070440839
37083530004
37096673974
37109771738
37122859939
37135938379
37148990886
37162058646
37175127279
37188155611
37201223907
37214306203
37227417599
37240480005
37253542839
37266618402
37279687678
37292720891
37305785530
37318825583
37331844873
37344928561
37358048525
37371123002
37384209031
37397298227
37410403901
37423426389
37436477549
37449529857
37462592461
37475695274
37488772903
37501848023
37514916686
37527938348
37540972449
37554034900
37567086504
37580132646
37593193445
37606284614
37619400034
37632495274
37645577707
37658670957
37671761393
37684844453
37697893288
37710935482
37723989274
37737059834
37750279662
37763486346
37776569315
37789660515
37802771253
37815817931
37828893142
37841926906
37855000098
37868096761
37881134640
37894209011
37907265786
37920331343
37933391898
37946426977
37959196189
37972247762
37985316441
37998370278
38011453783
38024515760
38037553946
38050607646
38063735902
38076814817
38089870796
38102928015
38115980017
38129076450
38142189513
38155239954
38168224376
38181315393
38194429374
38207504158
38220584709
38233559538
38246605389
38259681442
38272791354
38285854785
38298929629
38311977699
38325051946
38338107651
38351164824
38364253086
38377313686
38390429152
38403513881
38416557253
38429627232
38442651189
38455721137
38468783834
38481821836
38494875888
38507922764
38521005564
38534081311
38547116911
38560171942
38573257558
38586328057
38599368875
38612478726
38625514922
38638578399
38651679636
38664799967
38677833349
38690914283
38703982059
38717036508
38730091126
38743183458
38756227382
38769244637
38782301336
38795361477
38808473271
38821543541
38834621001
38847711069
38860752529
38873856719
38886980401
38900025594
38913100990
38926220770
38939266698
38952360836
38965442504
38978537238
38991581253
39004647805
39017699700
39030769419
39043869386
39056985801
39070028071
39083091777
39096149654
39109142889
39122197568
39135218985
39148284909
39161359310
39174491560
39187688560
39200794065
39213859852
39226929372
39240018721
39253067082
39266126381
39279257805
39292296603
39305375884
39318479217
39331560381
39344662765
39357745459
39370855157
39383954726
39397026312
39410089497
39423158865
39436264248
39449374542
39462442150
39475576573
39488641044
39501634707
39514701197
39527748930
39540791889
39553873650
39566975177
39580074502
39593188820
39606270504
39619320471
39632417072
39645457552
39658524609
39671574316
39684637624
39697694613
39710785508
39723863519
39736951262
39750014708
39763111905
39776133154
39789193280
39802232292
39815278694
39828360790
39841457850
39854533154
39867622564
39880660061
39893729566
39906817155
39919838236
39932888967
39945977873
39959081389
39972200038
39985294390
39998361890
40011438525
40024503363
40037562969
40050613976
40063709674
40076774865
40089823255
40102956714
40116003483
40129070127
40142140840
40155245336
40168287974
40181334606
40194378437
40207413807
40220539173
40233625094
40246691218
40259785141
40272861210
40285917985
40298990183
40312019418
40325087729
40338108549
40351215417
40364342955
40377422450
40390489385
40403526147
40416574523
40429622179
40442657550
40455713331
40468769876
40481829880
40494995331
40508068645
40521156633
40534313990
40547405297
40560463235
40573526727
40586543615
40599587523
40612683589
40625788605
40638842244
40651925105
40664980197
40678043812
40691082793
40704129746
40717164978
40730166597
40743248587
40756323401
40769431155
40782533509
40795604253
40808682372
40821719227
40834738303
40847836342
40860844632
40873917824
40887007830
40900063749
40913177976
40926233511
40939339721
40952393956
40965439027
40978482552
40991537323
41004663224
41017763252
41030806380
41043878822
41056967819
41070001354
41083053646
41096088053
41109128732
41122205612
41135290646
41148349119
41161434597
41174508738
41187546113
41200638767
41213676111
41226694544
41239746439
41252766678
41265835127
41278954540
41291997117
41305088501
41318157501
41331279760
41344301131
41357289163
41370348662
41383414280
41396523948
41409623349
41422578532
41435634129
41448683560
41461737153
41474744019
41487692853
41500744166
41513801278
41526889495
41540000799
41553066219
41566124631
41579210614
41592257352
41605296670
41618354440
41631405111
41644438829
41657514469
41670647132
41683698981
41696779394
41709861797
41722945362
41735972547
41749047713
41762090091
41775028123
41788141768
41801181928
41814235490
41827331142
41840392186
41853441510
41866500718
41879455121
41892494210
41905554167
41918635269
41931741586
41944833612
41957923023
41971000223
41984057473
41997136877
42010184380
42023200916
42036243585
42049326722
42062417295
42075493731
42088570794
42101662667
42114757233
42127767909
42140813653
42153836845
42166878427
42179995316
42193079662
42206143751
42219235333
42232288666
42245346925
42258430950
42271425592
42284434218
42297480390
42310563925
42323651117
42336709361
42349816503
42362849961
42375898781
42388955617
42401979910
42415024996
42428059128
42441133834
42454157975
42467243284
42480335494
42493427873
42506485795
42519520248
42532579593
42545594783
42558642562
42571758533
42584804766
42597856416
42610901043
42623917212
42636980658
42649999245
42663026399
42676029976
42689083401
42702165207
42715223099
42728298234
42741371625
42754396148
42767533814
42780562315
42793588306
42806644102
42819670017
42832725798
42845827066
42858869964
42871928927
42885030623
42898080651
42911121820
42924186398
42937208519
42950266717
42963370876
42976467982
42989531168
43002612944
43015687559
43028773557
43041802639
43054862551
43067869815
43080931517
43093994886
43107045985
43120130086
43133192507
43146242183
43159316661
43172276051
43185304032
43198362949
43211339935
43224414733
43237514578
43250578636
43263656250
43276724454
43289767750
43302797307
43315899048
43328950423
43341974685
43355052391
43368158784
43381808725
43396270637
43409887515
43422951312
43435963687
43448994651
43462879692
43477642157
43492358906
43506748433
43521920403
43536590548
43550037565
43563126195
43576133688
43589180886
43602249182
43615289999
43628355067
43641483370
43654559652
43667643233
43680708944
43693830989
43706855098
43719906794
43733567368
43746813236
43759887591
43772984498
43786047715
43799106035
43812130941
43825171268
43838259378
43851298803
43864329124
43877448369
43890520995
43903590225
43916665299
43929733289
43942820067
43955851445
43968807607
43981821971
43994837635
44007876983
44020928388
44034004380
44047038986
44060047933
44073100302
44086179216
44099199654
44112271163
44125312317
44138337314
44151419380
44164524274
44177531156
44190625110
44203646114
44216712054
44229805319
44242790582
44255820674
44268917474
44281990988
44295088966
44308144196
44321206203
44334277957
44347372371
44360400305
44373430596
44386476126
44399504795
44412566451
44425675078
44438730705
44451827016
44464910750
44477981647
44491000845
44504075139
44517122933
44530124689
44543249136
44556347864
44569412381
44582478061
44595479404
44608545711
44621566991
44634567232
44647621407
44660677187
44673709207
44686749382
44699762399
44712828783
44725893774
44738955476
44751974674
44764975711
44778023919
44791060834
44804073729
44817198421
44830248005
44843249991
44856288345
44869338924
44882344643
44895437694
44908461162
44921483940
44934581184
44947693238
44960749065
44973837404
44986886605
44999922083
45012938160
45026000826
45039043724
45052068155
45065175543
45078256645
45091343331
45104403932
45117456453
45130544976
45143572115
45156613131
45169697952
45182729329
45195785186
45208905823
45221971151
45235051580
45248126364
45261199831
45274252934
45287277503
45300218993
45313224329
45326311230
45339382953
45352390922
45365453526
45378542049
45391556244
45404598852
45417641046
45430669287
45443648185
45456713803
45469774557
45482856210
45495925271
45508966455
45522040489
45535037839
45548055461
45561097304
45574083010
45587123353
45600194266
45613420917
45626536612
45639588323
45652675041
45665711727
45678764080
45691817933
45704836810
45717908656
45731019731
45744025465
45757094481
45770149818
45783209775
45796246232
45809268246
45822295813
45835405312
45848511445
45861616538
45874694243
45887768430
45900824088
45913930481
45926926378
45939972504
45953013474
45966047024
45979107854
45992207530
46005244492
46018294459
46031348250
46044433147
46057463790
46070449940
46083451207
46096476633
46109654507
46122753694
46135813040
46148890684
46161950550
46174993402
46188056282
46201019482
46214037365
46227111812
46240178088
46253238168
46266273171
46279261571
46292322003
46305393711
46318376985
46331362493
46344360715
46357398793
46370439871
46383507463
46396537356
46409593259
46422635255
46435692627
46448695683
46461758686
46474778205
46487746241
46500746452
46513848760
46526837909
46539855378
46552884950
46565926441
46578980967
46592020422
46605048678
46618117816
46631187688
46644280326
46657248453
46670332662
46683385382
46696455040
46709513973
46722564153
46735595469
46748634313
46761674365
46774754871
46787839263
46800913266
46814001788
46827083686
46840115446
46853182839
46866192200
46879237439
46892314991
46905388137
46918495250
46931551780
46944599574
46957679529
46970667102
46983690936
46996717754
47009754624
47022833171
47035837116
47048929341
47062011116
47075035302
47088114477
47101121818
47114154312
47127214285
47140232060
47153269527
47166352220
47179411015
47192482096
47205566120
47218643489
47231685332
47244789246
47257823898
47270877766
47283949336
47297038624
47310115580
47323161706
47336226912
47349268203
47362353574
47375394789
47388424116
47401429437
47414480888
47427550087
47440639390
47453738898
47466717995
47479805003
47492811839
47505827106
47518893719
47531790838
47544831350
47557956133
47570969763
47584050452
47597129672
47610190165
47623271925
47636272978
47649310291
47662383361
47675453417
47688528231
47701526024
47714597992
47727628528
47740571104
47753622356
47766672047
47779698590
47792776356
47805840108
47818893089
47831982637
47845067105
47858144260
47871231926
47884263120
47897275999
47910262945
47923310846
47936371232
47949475881
47962506677
47975550921
47988583875
48001696418
48014727841
48027790568
48040823169
48053816526
48066911352
48079969658
48092984541
48106050344
48119131920
48132191801
48145244782
48158287175
48171324642
48184418290
48197406797
48210481289
48223570776
48236634834
48249744884
48262814190
48275820153
48288847323
48301858963
48314839499
48327879566
48340921852
48353969555
48366993955
48380070008
48393151493
48406189403
48419250738
48432271818
48445247962
48458352994
48471433912
48484505207
48497586677
48510635404
48523702813
48536758471
48549786161
48562822618
48575904408
48588962285
48602046753
48615071552
48628133208
48641223092
48654227174
48667254940
48680315326
48693347973
48706377606
48719374360
48732463326
48745517378
48758594456
48771711070
48784775709
48797810621
48810859685
48823890266
48836921995
48850016118
48863117600
48876172998
48889246603
48902302751
48915382660
48928356708
48941420490
48954543912
48967627707
48980735784
48993812678
49006828220
49019918548
49032982958
49046048684
49059052245
49072022469
49085097650
49098116726
49111306014
49124431823
49137523650
49150592681
49163690980
49177402182
49190446962
49203480038
49217314757
49230405039
49243523948
49256578489
49269697826
49282724292
49295804966
49308894988
49321901319
49334956319
49348017562
49361030243
49374102945
49387183940
49400253858
49413331074
49426430567
49439524552
49452558484
49465570690
49478639078
49491678840
49504725410
49517804278
49530862446
49543943686
49556996636
49570071985
49583805051
49596859975
49609920897
49622983379
49636073064
49649834374
49662963227
49676034094
49689095750
49702069262
49715094657
49728156420
49741184508
49754268838
49767333065
49780406838
49793488308
49806522913
49819623094
49832712045
49845683232
49858764273
49871820590
49884858638
49897939816
49911039018
49924145060
49937214932
49950215755
49963288044
49976317601
49989341970
50002389994
50015446892
50028547165
50041651186
50054689678
50067802941
50080843835
50093921387
50106951617
50119990032
50133044115
50146132056
50159203993
50172307648
50185381238
50198473448
50211543748
50224612641
50237600107
50250667179
50263702198
50276738961
50289819374
50302953981
50316020517
50329085692
50342156069
50355241578
50368256354
50381324574
50394374005
50407425594
50420524520
50433593719
50446641238
50459758479
50472829835
50485878715
50498926341
50511983223
50525060210
50538104959
50551198730
50564306989
50577357522
50590427868
50603485011
50616556046
50629586872
50642615679
50655663213
50668703770
50681748933
50694853658
50707926437
50720990373
50734090187
50747162522
50760171286
50773281106
50786317578
50799384497
50812475866
50825459369
50838503445
50851608768
50864663661
50877738444
50890781465
50903794543
50916841955
50929883721
50942966429
50956059328
50969077715
50982144038
50995174482
51008251162
51021298268
51034306603
51047342035
51060393302
51073424419
51086518021
51099592743
51112644699
51125763195
51138824606
51151979178
51165021847
51178037144
51191069516
51204139862
51217203155
51230276271
51243330414
51256390846
51269447912
51282457930
51295494204
51308497827
51321537955
51334612632
51347679000
51360759108
51373846452
51386896985
51399965067
51413029278
51426199044
51439235148
51452298181
51465391799
51478504893
51491556191
51504631219
51517730574
51530817980
51543879896
51556892256
51569918614
51582966133
51596042217
51609125293
51622174219
51635233029
51648288152
51661340138
51674365059
51687383523
51700411978
51713479004
51726558515
51739627484
51752726595
51765846727
51778897612
51792018341
51805062738
51818079443
51831120627
51844122736
51857189012
51870280136
51883331755
51896424103
51909423289
51922439733
51935481346
51948521934
51961576980
51974605175
51987739292
52000856991
52013877093
52026962953
52040032458
52053077391
52066126975
52079179420
52092207233
52105283301
52118357840
52131443823
52144528979
52157591721
52170674354
52183791931
52196812093
52209855190
52222880034
52235896418
52248966259
52262046504
52275108283
52288221668
52301309181
52314401697
52327444059
52340513075
52353564204
52366594816
52379690148
52392813738
52405859849
52418964330
52432020845
52445092782
52458138893
52471165956
52484219105
52497286345
52510359446
52523462182
52536534211
52549593878
52562652061
52575708943
52588724898
52601761110
52614788892
52627825456
52640902167
52653992158
52667036801
52680104928
52693198439
52706308336
52719333042
52732373553
52745408664
52758419646
52771524907
52784574384
52797631802
52810698996
52823790747
52836810573
52849824065
52862859772
52875920754
52888998827
52902073978
52915149021
52928179450
52941199245
52954243122
52967326718
52980391740
52993443069
53006498145
53019541457
53032581203
53045678600
53058740822
53071809822
53084931453
53097983103
53111015414
53124073382
53137176195
53150209607
53163269657
53176320021
53189364908
53202621195
53215723687
53228769966
53241797259
53254816411
53267861023
53280894802
53294002909
53307074112
53320128561
53333188167
53346172405
53359226839
53372277831
53385289900
53398358731
53411402563
53424446517
53437530465
53450571236
53463865498
53476956009
53490004614
53503028433
53516074652
53529096145
53542110356
53555167054
53568242832
53581286189
53594346851
53607447491
53620512360
53633552091
53646592266
53659614585
53672658478
53685753120
53698816872
53711905395
53724970463
53738035898
53751154837
53764184195
53777191199
53790243644
53803261848
53816354946
53829450414
53842481424
53855551480
53868634908
53881740459
53894776886
53907838128
53920856669
53933823465
53946906602
53959998766
53973042184
53986109241
53999226849
54012248664
54025301216
54038368763
54051382132
54064445471
54077537880
54090598679
54103687079
54116717508
54129792184
54142873255
54155911181
54168952044
54182008223
54195032332
54208141464
54221193099
54234239760
54247310658
54260391331
54273489707
54286561935
54299607955
54312657294
54325669072
54338772834
54351855313
54364898808
54377992838
54391103990
54404161683
54417290552
54430327865
54443350827
54456406654
54469486517
54482606145
54495688241
54508751412
54521830571
54534926208
54547997289
54561048082
54574095876
54587142905
54600203781
54613336291
54626394672
54639455150
54652530393
54665636357
54678675966
54691734485
54704770804
54717777564
54730865000
54743964034
54757030295
54770089763
54783167469
54796249214
54809279749
54822318256
54835368820
54848418220
54861492116
54874562034
54887626903
54900668837
54913723287
54926788905
54939819686
54952881847
54965951046
54978999375
54992066478
55005175059
55018237526
55031288089
55044386786
55057490731
55070528688
55083602813
55096636929
55109675084
55122744283
55135810942
55148879529
55161938568
55175045313
55188112477
55201151764
55214192735
55227254222
55240330474
55253393767
55266485472
55279559552
55292618622
55305667365
55318765986
55331803712
55344810013
55357875677
55370923594
55384034317
55397180138
55410217528
55423322315
55436471456
55449618761
55462656580
55475762330
55488829050
55501897194
55514988241
55528037611
55541074909
55554147765
55567252031
55580303558
55593385839
55606445811
55619465958
55632527002
55645630458
55658889208
55671971014
55685046670
55698123534
55711235970
55724254955
55737312801
55750369454
55763428891
55776492092
55789591203
55802649921
55815717544
55828810672
55841882900
55854907912
55867959899
55880969994
55893948968
55906939494
55920069832
55933131534
55946179986
55959312251
55972368261
55985416821
55998447356
56011408476
56024486426
56037574658
56050646703
56063715259
56076758693
56089818482
56102891796
56115929952
56128975114
56142026748
56155059671
56168152248
56181258152
56194302870
56207378189
56220451657
56233548090
56246588111
56259630351
56272648662
56285687521
56298769664
56311840240
56324842884
56337926189
56350991349
56364059446
56377108081
56390123944
56403167347
56416262327
56429307596
56442396716
56455459014
56468497536
56481546616
56494621215
56507639909
56520686418
56533698578
56546752508
56559828882
56572822300
56585922665
56598977574
56612017197
56625113309
56638077749
56651137798
56664183022
56677279745
56690430508
56703512926
56716531237
56729598233
56742663699
56755770398
56768880203
56781806132
56794857858
56807939129
56820959383
56834077848
56847124571
56860179158
56873281696
56886354796
56899398337
56912418055
56925460188
56938528179
56951591609
56964678770
56977711371
56990790408
57003857832
57016903301
57029935137
57042985899
57056025232
57069046466
57082178853
57095268707
57108334265
57121423828
57134475753
57147545074
57160553547
57173582660
57186634845
57199678784
57212766067
57225860909
57238848956
57251928926
57264990965
57278064294
57291091724
57304123132
57317159971
57330170143
57343197710
57356314920
57369364137
57382359912
57395427795
57408497422
57421540243
57434605847
57447610158
57460642346
57473662095
57486765383
57499833862
57512899557
57525989335
57539071829
57552132873
57565192861
57578238590
57591292030
57604387315
57617458503
57630540967
57643618244
57656684061
57669791464
57682791262
57695787541
57708822422
57721875862
57734943118
57748089230
57761135861
57774227061
57787323555
57800387139
57813465013
57826514322
57839528410
57852552933
57865631327
57878718763
57891710636
57904768451
57917845759
57930905319
57943963211
57957012367
57970024818
57983087239
57996181774
58009232169
58022322758
58035332837
58048408110
58061488401
58074518738
58087557031
58100591162
58113566756
58126625367
58139721341
58152772072
58165848309
58178936021
58192043332
58205073455
58218162987
58231210689
58244259631
58257349026
58270440670
58283454437
58296484161
58309516242
58322579780
58335670292
58348688679
58361727814
58374829372
58387894501
58400977883
58414030910
58427081810
58440166048
58453171905
58466229644
58479277423
58492300875
58505306319
58518392653
58531485414
58544543719
58557552667
58570606566
58583690667
58596728852
58609805472
58622837400
58635880236
58648976532
58662038524
58675028913
58688101095
58701098139
58714206353
58727265316
58740263798
58753295680
58766350145
58779443441
58792513635
58805596007
58818668694
58831721231
58844806571
58857852346
58870874099
58883912836
58896957937
58910000728
58923105484
58936170766
58949214261
58962308093
58975384697
58988432781
59001489297
59014514737
59027567305
59040660112
59053721064
59066792068
59079822543
59092883816
59105995686
59119041522
59132055519
59145075283
59158138331
59171231857
59184317565
59197366414
59210455304
59223506510
59236601076
59249593102
59262652371
59275714639
59288750270
59301806418
59314920981
59327980235
59341052708
59354191567
59367286302
59380308927
59393412046
59406444296
59419502601
59432587987
59445687740
59458745311
59471806125
59484877619
59497932283
59511024967
59524066809
59537106005
59550101106
59563161446
59576249097
59589324844
59602411576
59615496626
59628574576
59641603444
59654604925
59667649721
59680684602
59693741928
59706838391
59719846313
59732918694
59745996109
59759081098
59772158727
59785214003
59798269018
59811337559
59824411317
59837500039
59850543717
59863619847
59876687761
59889723606
59902877153
59915898356
59928962674
59942045658
59955125077
59968203242
59981273695
59994319225
60007399853
60020488850
60033489291
60046513630
60059557737
60072586436
60085670583
60098772983
60111878795
60124958749
60138035919
60151103772
60164124454
60177078949
60190132144
60203177490
60216291702
60229372161
60242435577
60255517031
60268585526
60281630703
60294780197
60307847085
60320853738
60333949818
60347030446
60360126221
60373225209
60386275880
60399376030
60412440716
60425445027
60438500563
60451502029
60464571564
60477631568
60490731810
60503787407
60516826312
60529899060
60543023859
60556051289
60569126562
60582189411
60595169212
60608265890
60621316576
60634375631
60647460558
60660519460
60673564301
60686671780
60699717968
60712743929
60725805264
60738892685
60752007523
60765067542
60778094146
60791153338
60804220915
60817269735
60830331543
60843361299
60856385883
60869453659
60882589872
60895639226
60908684588
60921750512
60934828539
60947837900
60960990912
60974029832
60987104906
61000186773
61013243059
61026252297
61039337362
61052316581
61065404568
61078495539
61091486784
61104493559
61117508535
61130603958
61143665767
61156748047
61169827527
61182885527
61195976360
61209024399
61222072422
61235097649
61248136584
61261187224
61274296310
61287364224
61300357764
61313692739
61326760882
61339737455
61352805996
61365858165
61378949060
61392044559
61405130970
61418229300
61431323928
61444392086
61457438335
61470484630
61483543011
61496582697
61509651972
61522694793
61535771443
61548847757
61561945995
61574939336
61588019184
61601065677
61614085549
61627129641
61640184105
61653235204
61666320912
61679362953
61692436222
61705509995
61718570641
61731602370
61744645620
61757680823
61770754902
61783804012
61796898655
61809951253
61823014087
61836070327
61849139235
61862119556
61875133415
61888139134
61901181328
61914250114
61927350922
61940410895
61953457603
61966502352
61979617283
61992619483
62005660928
62018703902
62031709025
62044776204
62057856985
62070836220
62083888221
62096954054
62110033091
62123070251
62136103526
62149126717
62162154300
62175235815
62188353775
62201423204
62214510074
62227583496
62240651486
62253670194
62266681299
62279712370
62292806631
62305894587
62319028903
62332136168
62345203745
62358259832
62371280744
62384306842
62397351485
62410333611
62423224121
62436283895
62449414615
62462488159
62475566232
62488626603
62501733929
62514793107
62527851075
62540908263
62553909836
62567076205
62580164315
62592899530
62605970917
62619022184
62632086946
62645145588
62658187461
62671221026
62684294585
62697356333
62710470299
62723517084
62736571212
62749637121
62762725231
62775763983
62788797747
62801826370
62814879901
62827928200
62841020426
62854073896
62867152030
62880243552
62893309262
62906322233
62919377616
62932444398
62945468829
62958576553
62971656599
62984702236
62997782604
63010813583
63023908272
63036954597
63049989463
63063026317
63076051360
63089115939
63102216196
63115293963
63128354303
63141408432
63154498637
63167546737
63180577334
63193606784
63206641007
63219702861
63232817241
63245880672
63258959907
63272044850
63285130818
63298169110
63311215619
63324228285
63337281143
63350379549
63363465395
63376519936
63389585050
63402663245
63415754262
63428670583
63441741679
63454752921
63467775241
63480867481
63493934890
63507004854
63520084074
63533057556
63546160843
63559210152
63572207166
63585260284
63598287010
63611233151
63624309740
63637367616
63650454869
63663546452
63676613585
63689666107
63702752029
63715781937
63728812197
63741896054
63754995470
63768044549
63781082016
63794154933
63807201288
63820237271
63833300304
63846316213
63859394377
63872463347
63885535116
63898620349
63911667929
63924743538
63937835075
63950898078
63963864231
63976870348
63989860461
64002943323
64016022772
64029070230
64042152663
64055234178
64068260736
64081287202
64094328188
64107365991
64120406931
64133496341
64146585735
64159647713
64172711924
64185769999
64198832344
64211873651
64224951785
64237969453
64251077667
64264141924
64277232588
64290300594
64303340585
64316383177
64329496593
64342503000
64355540054
64368559390
64381597270
64394670691
64407769159
64420814245
64433890467
64446955427
64460065615
64473078158
64486124881
64499164092
64512165190
64525263076
64538366455
64551394895
64564488941
64577530554
64590586013
64603671216
64616730210
64629788239
64642871407
64655953794
64669058826
64682150057
64695172147
64708241652
64721353537
64734417978
64747467363
64760525072
64773577746
64786675862
64799801870
64812900246
64825981287
64839116735
64852196812
64865268321
64878356782
64891403811
64904453396
64917526312
64930637403
64943738884
64956846762
64969897952
64982978993
64996043388
65009106069
65022167832
65035246165
65048333173
65061419584
65074466154
65087533685
65100597055
65113690764
65126738451
65139764290
65152798635
65165855747
65178811190
65191919297
65204968193
65218060005
65231118019
65244197347
65257236267
65270299116
65283303305
65296348345
65309457768
65322541884
65335602331
65348685805
65361738128
65374816231
65387874613
65400902196
65413950770
65427025569
65440125536
65453202828
65466284420
65479360259
65492414265
65505484596
65518444170
65531435829
65544480333
65557514220
65570565732
65583654790
65596683398
65609750853
65622858347
65635936772
65648983373
65662057850
65675082510
65688130978
65701189314
1287357
14342648
27399943
40493607
53537239
66567959
79620985
92663241
105704915
118769202
131845608
144933258
157997592
171032580
184142706
197200919
210249188
223303270
236331465
249391912
262434122
275509058
288583948
301664561
314738962
327790979
340901105
353951883
366993893
380078958
393141517
406177193
419242644
432299205
445353777
458394410
471432045
484491697
497564797
510630798
523678225
536760536
549808758
562869420
575964216
588987820
602057662
615116625
628155208
641208113
654325308
667374708
680430244
693517313
706579183
719565273
732635542
745657495
758645695
771754598
784832625
797899987
810968421
824029312
837104248
850161207
863189096
876258478
889323133
902413385
915493860
928506066
941554686
954623365
967693451
980749890
993816028
1006648322
1019735116
1032795701
1045908887
1058966580
1072005485
1085074592
1098187182
1111215636
1124273880
1137316518
1150369132
1163461694
1176535972
1189628641
1202697886
1215679156
1228749823
1241781139
1254820212
1267914151
1281004036
1294101509
1307215644
1320297220
1333367842
1346407298
1359509147
1372555916
1385618933
1398670338
1411728475
1424785725
1437858595
1450913198
1463925236
1477022923
1490105907
1503147704
1516219091
1529282445
1542323736
1555437825
1568523808
1581591645
1594618295
1607608638
1620691285
1633708372
1646720211
1659768357
1672805227
1685899380
1699003478
1712078139
1725129544
1738124477
1751206068
1764248584
1777231108
1790276745
1803350167
1816421339
1829525606
1842566102
1855626931
1868678183
1881699692
1894717819
1907723814
1920771118
1933812777
1946917334
1960019596
1973089728
1986085518
1999089967
2012134059
2025119719
2038180595
2051248539
2064298460
2077388298
2090511399
2103597780
2116657952
2129701967
2142779672
2155722309
2168734057
2181832234
2194846521
2207875588
2220959857
2234028505
2247101575
2260210278
2273266579
2286274104
2299228629
2312265376
2325267684
2338245679
2351349456
2364424331
2377472814
2390536076
2403528102
2416543567
2429590045
2442639507
2455708002
2468794780
2481858578
2494905883
2507965152
2520987594
2534083889
2547100333
2560169655
2573232244
2586234245
2599319080
2612426391
2625478531
2638525896
2651516163
2664655940
2677702097
2690686779
2703714408
2716743352
2729808833
2742892781
2755891845
2769011074
2782071720
2795129031
2808189325
2821215623
2834264151
2847362466
2860429079
2873556342
2886617829
2899641663
2912697138
2925760064
2938783149
2951811649
2964873412
2977890300
2990964671
3004066795
3017139222
3030212690
3043287748
3056378061
3069386335
3082432997
3095463135
3108492171
3121582714
3134663586
3147649140
3160692956
3173743627
3186829197
3199863710
3212848499
3225890984
3238935045
3252011266
3265126243
3278233370
3291247795
3304267345
3317318001
3330364968
3343406184
3356439473
3369482892
3382545603
3395697070
3408743365
3421768148
3434874434
3448087009
3461171905
3474234648
3487268029
3500292751
3513364183
3526389823
3539449735
3552472483
3565460071
3578517642
3591569185
3604595926
3617644179
3630704137
3643786478
3656896421
3669982909
3683062665
3696114926
3709188531
3722237351
3735168788
3748214777
3761258517
3774221273
3787356354
3800357636
3813454926
3826534605
3839596704
3852694683
3865756140
3878766020
3891799279
3904898007
3917998357
3931064144
3944147388
3957206014
3970264044
3983365557
3996435689
4009411083
4022500310
4035626379
4048723944
4061814822
4074880395
4087875802
4100954058
4114016984
4127069659
4140111547
4153147239
4166195400
4179279547
4192351164
4205419934
4218485828
4231572775
4244639403
4257513083
4270589703
4283613307
4296711377
4309815185
4322895491
4335910452
4348967732
4362021477
4375095679
4388126200
4401152283
4414230616
4427316614
4440404693
4453478100
4466578617
4479603064
4492675537
4505688936
4518737633
4531792037
4544801887
4557870214
4570990775
4584030919
4597100592
4610097376
4623191728
4636248289
4649309914
4662368418
4675409603
4688492235
4701578876
4714599176
4727669415
4740724675
4753774948
4766841408
4779887642
4792944432
4806037683
4819109421
4832211270
4845285625
4858358679
4871454577
4884546618
4897595927
4910643522
4923627179
4936667185
4949725429
4962794246
4975871737
4988962402
5002046579
5015151993
5028231428
5041327004
5054355520
5067370189
5080453250
5093536142
5106551500
5119571081
5132615953
5145687615
5158791315
5171827757
5184872965
5197977966
5211050041
5224152671
5237299563
5250405987
5263517429
5276576652
5289635646
5302702381
5315745692
5328774300
5341840944
5355014382
5368076634
5381141886
5394240629
5407329794
5420416465
5433520487
5446563446
5459607415
5472704873
5485810211
5498873550
5511956105
5524997657
5538124858
5551206404
5564239969
5577275967
5590277463
5603360616
5616456360
5629571856
5642654519
5655720612
5668825858
5681892746
5694953882
5707995158
5721072160
5734102849
5747275843
5760298774
5773360721
5786441716
5799524777
5812591879
5825664261
5838729022
5851774782
5864843950
5877930438
5890989447
5904072522
5917153992
5930254632
5943335719
5956400970
5969457195
5982540317
5995660770
6008768280
6021851953
6034898355
6047958496
6061059779
6074118054
6087167638
6100264591
6113310197
6126375969
6139472371
6152577678
6165643189
6178716718
6191801262
6204886236
6217960514
6231060848
6244100656
6257191106
6270327900
6283381570
6296471393
6309537256
6322619032
6335702567
6348730807
6361805973
6374862963
6387963465
6401033613
6414150716
6427220205
6440294178
6453387612
6466448166
6479511229
6492637773
6505688642
6518755133
6531812933
6544894433
6557994630
6571033794
6584125591
6597188395
6610230405
6623279148
6636345394
6649424721
6662496674
6675494575
6688572786
6701630265
6714691722
6727738720
6740822653
6753869192
6766941971
6780047982
6793140467
6806160308
6819158071
6832220951
6845287258
6858301653
6871343327
6884387877
6897442327
6910503371
6923607591
6936689275
6949762849
6962833364
6975920907
6988781047
7001852617
7014894460
7027921385
7041026952
7054127913
7067149284
7080235206
7093284331
7106368203
7119412401
7132441805
7145518240
7158604009
7171691537
7184798175
7197853466
7210929596
7223952206
7237050001
7250095301
7263124613
7276178848
7289230987
7302295963
7315414887
7328416429
7341431420
7354518138
7367577085
7380605846
7393651590
7406693693
7419728329
7432820279
7445874223
7458945901
7472009699
7485080841
7498134051
7511182411
7524220275
7537276056
7550329236
7563451373
7576546536
7589620783
7602679548
7615737792
7628809530
7641863613
7654874105
7667990811
7681014874
7694087638
7707212452
7720231207
7733325284
7746401536
7759454777
7772507712
7785563140
7798584236
7811638777
7824707701
7837808020
7850862056
7863922901
7876994211
7890050788
7903100984
7916150767
7929191875
7942244382
7955355426
7968434830
7981523322
7994598579
8007651101
8020756944
8033784618
8046822437
8059864340
8072906932
8085949570
8099072992
8112094348
8125181035
8138271256
8151344953
8164398163
8177454938
8190475973
8203501276
8216596775
8229718162
8242761994
8255820544
8268900866
8281943810
8295017782
8308064750
8321111794
8334174781
8347281236
8360378556
8373446745
8386496329
8399560540
8412682922
8425726646
8438763439
8451819098
8464843712
8477920882
8491025975
8504105149
8517174654
8530242904
8543322630
8556384561
8569402046
8582451324
8595459598
8608544449
8621641065
8634688936
8647756666
8660820280
8673888928
8686972968
8700006609
8713064241
8726112464
8739194193
8752317386
8765402512
8778475092
8791565634
8804653285
8817712416
8830766866
8843809978
8856845073
8869900885
8883089240
8896208256
8909277791
8922282133
8935335986
8948382219
8961464729
8974504200
8987544360
9000675233
9013770717
9026833306
9039910201
9052954491
9066033880
9079087258
9092115820
9105188890
9118256972
9131349488
9144427591
9157441542
9170540882
9183621770
9196714607
9209775681
9222802989
9235859274
9248908690
9261966613
9275087220
9288164405
9301259170
9314351946
9327426898
9340471494
9353533824
9366575605
9379597251
9392699896
9405767488
9418821723
9431912908
9444957811
9458030972
9471085529
9484090422
9497136839
9510181083
9523293260
9536409797
9549512717
9562568972
9575621127
9588738291
9601793138
9614826749
9627904134
9640950841
9654014731
9667125408
9680202517
9693276642
9706380741
9719399189
9732434193
9745507920
9758544469
9771591345
9784681948
9797794844
9810865649
9823949995
9837016623
9850093472
9863154134
9876212209
9889247060
9902314453
9915385564
9928467875
9941561386
9954637745
9967697840
9980799031
9993863548
10006896945
10019949559
10032951070
10046004893
10059169640
10072197819
10085297450
10098404440
10111459838
10124509437
10137564729
10150620050
10163644022
10176704393
10189840667
10202901206
10215956191
10229047575
10242105926
10255169601
10268222047
10281261946
10294340095
10307419132
10320533037
10333623396
10346705799
10359773391
10372902581
10385964252
10398993029
10411999222
10425031028
10438105780
10451200729
10464191255
10477233679
10490323303
10503442426
10516505566
10529551295
10542602302
10555625983
10568717535
10581798362
10594881759
10607957109
10621023201
10634075830
10647153827
10660220103
10673276098
10686367008
10699485641
10712624776
10725730312
10738793391
10751873330
10764963674
10778020969
10791104045
10804156766
10817207054
10830267792
10843366198
10856443965
10869540627
10882626136
10895748165
10908803105
10921873451
10934915247
10947954351
10961060040
10974148380
10987229344
11000308687
11013303512
11026365260
11039454364
11052500858
11065559729
11078645926
11091704507
11104797864
11117841420
11130861078
11143879618
11156904462
11169973722
11183029870
11196081979
11209156502
11222242531
11235340937
11248417052
11261521150
11274649529
11287905464
11301150628
11314213325
11327261960
11340300987
11353383604
11366454578
11379493008
11392568649
11405636685
11418715323
11431719757
11444781933
11457808017
11470903180
11483966228
11497103634
11510218626
11523271851
11536302051
11549399355
11562470681
11575488885
11588529901
11601589017
11614634577
11627724033
11640783425
11653861222
11666934384
11680021025
11693064351
11706145775
11719189086
11732258438
11745345828
11758435208
11771514933
11784600258
11797658946
11810735060
11823807671
11836868684
11849893390
11862948896
11876042972
11889175314
11902295814
11915383617
11928314061
11941391292
11954445726
11967434064
11980500081
11993553842
12006612392
12019734881
12032778192
12045860901
12058956477
12072033708
12085083108
12098144091
12111168553
12124215306
12137273244
12150356886
12163438249
12176500838
12189565493
12202619101
12215667522
12228749864
12241805277
12254847686
12267912662
12281050083
12294151917
12307224650
12320286428
12333376328
12346398602
12359447604
12372494710
12385535328
12398613937
12411730566
12424798066
12437859263
12451019543
12464107346
12477130905
12490199171
12503237433
12516284294
12529337504
12542448043
12555497413
12568561854
12581591793
12594613286
12607662534
12620656916
12633711687
12646798159
12659889987
12673052118
12686187183
12699266847
12712340682
12725408901
12738392374
12751425679
12764480756
12777536491
12790614150
12803702857
12816800743
12829871763
12842932164
12856014857
12869079420
12882149690
12895207276
12908252714
12921344373
12934448655
12947511076
12960571936
12973645373
12986682075
12999782608
13012807528
13025886978
13038951495
13052035152
13065156968
13078271424
13091291602
13104376391
13117420085
13130448555
13143485915
13156483770
13169561919
13182637039
13195739653
13208860810
13221896104
13234971836
13248036353
13261101926
13274172456
13287210550
13300261021
13313350462
13326381503
13339417256
13352519717
13365591777
13378667799
13391762151
13404767212
13417838951
13430870833
13443959448
13457075709
13470183066
13483218284
13496234361
13509315983
13522383851
13535417385
13548463267
13561515039
13574576940
13587685506
13600776247
13613831584
13626929745
13639987255
13653035064
13666191580
13678979672
13692039232
13705119508
13718215987
13731292713
13744384036
13757458574
13770532042
13783583309
13796637009
13809668554
13822645846
13835744819
13848831720
13861935053
13875067685
13888127352
13901231435
13914292800
13927375861
13940366066
13953317424
13966363734
13979486804
13992519390
14005622417
14018721374
14031806256
14044831253
14057896688
14070928815
14083970030
14097064091
14110172320
14123232890
14136309065
14149365810
14162380632
14175434898
14188514302
14201485581
14214528173
14227612274
14240708355
14253842579
14266862160
14279918660
14292981570
14305972632
14319029407
14332089655
14345048694
14358093489
14371181813
14384240470
14397339841
14410426665
14423531605
14436588074
14449657319
14462688099
14475763158
14488851619
14501951112
14515021627
14528058680
14541132928
14554186949
14567251558
14580304692
14593314159
14606384077
14619401700
14632454451
14645551664
14658607782
14671650970
14684749453
14697802679
14710870791
14723909298
14736966762
14750043320
14763138269
14776231519
14789305186
14802400838
14815482813
14828517892
14841589141
14854628352
14867675993
14880811212
14893874244
14906963349
14920026106
14933099619
14946172200
14959247855
14972283669
14985284247
14998342935
15011423165
15024530920
15037623696
15050685995
15063775542
15076838300
15089882499
15102932052
15115968968
15129035214
15142107366
15155177528
15168239567
15181335097
15194433121
15207508761
15220545019
15233631568
15246680081
15259710448
15272843846
15285874779
15298937644
15312030543
15325097416
15338175580
15351239088
15364314360
15377350572
15390390502
15403495610
15416611566
15429699798
15442792467
15455893842
15469021746
15482078598
15495127448
15508189073
15521199704
15534248722
15547373322
15560438956
15573485082
15586616093
15599650301
15612668795
15625747205
15638757085
15651799142
15664827979
15677955486
15691023630
15704101764
15717171375
15730257634
15743307983
15756368660
15769421411
15782497082
15795599512
15808690131
15821723880
15834807720
15847836940
15860950570
15873998839
15887049693
15900107860
15913099320
15926143335
15939242889
15952277907
15965385356
15978487037
15991546352
16004586297
16017647938
16030692351
16043747825
16056761424
16069834096
16082875709
16096002237
16109066264
16122140787
16135143094
16148172773
16161185071
16174264552
16187365238
16200393111
16213432536
16226491729
16239572036
16252665699
16265681440
16278759650
16291801508
16304818075
16317852833
16330962409
16344037651
16357108472
16370209188
16383323201
16396423321
16409442213
16422446770
16435474108
16448544423
16461687735
16474733479
16487790392
16500861289
16513934436
16526975819
16539948750
16552981749
16566076132
16579165236
16592263367
16605361422
16618458160
16631520138
16644662440
16657724968
16670773772
16683786284
16696831385
16709884075
16722956334
16736045668
16749149322
16762251447
16775356432
16788326533
16801363510
16814418786
16827481008
16840579353
16853700419
16866762901
16879836521
16892916002
16905979356
16919054307
16932107349
16945153644
16958232038
16971327048
16984409895
16997455256
17010541545
17023617093
17036697660
17049756470
17062839515
17075902487
17088950602
17102035881
17115146161
17128188783
17141265770
17154343858
17167409553
17180466956
17193544416
17206601911
17219602887
17232689619
17245787949
17258831414
17271879942
17284915328
17297957782
17311093322
17324141162
17337191894
17350220364
17363282479
17376319134
17389274639
17402356980
17415484794
17428575917
17441625042
17454673632
17467733085
17480812810
17493873579
17506993711
17520047181
17533133991
17546205484
17559298077
17572355908
17585420731
17598469963
17611525683
17624646090
17637759965
17650817949
17663914688
17676974034
17690035353
17703051430
17716132961
17729184335
17742243849
17755336242
17768428208
17781442587
17794528768
17807606964
17820703794
17833745927
17846812127
17859895065
17872924041
17885982942
17899077769
17912144902
17925236424
17938313548
17951391927
17964414751
17977510648
17990474094
18003507949
18016559813
18029644144
18042723104
18055748147
18068807997
18081891930
18094927086
18107965379
18120993972
18134025426
18147094181
18160137339
18173182241
18186242367
18199324173
18212427889
18225463091
18238524686
18251602146
18264641021
18277693099
18290774629
18303830119
18316909539
18330000448
18343050920
18356105247
18369158962
18382230456
18395268840
18408344312
18421437976
18434508659
18447537236
18460589421
18473564846
18486619311
18499671083
18512728241
18525827734
18538894117
18552005835
18565086126
18578156396
18591243297
18604322104
18617371214
18630458145
18643541298
18656598027
18669672260
18682792744
18695853084
18708975420
18722065779
18735118912
18748117777
18761177061
18774222484
18787272359
18800366191
18813486889
18826548851
18839621493
18852675453
18865720049
18878785560
18891842014
18904890023
18917964362
18931075070
18944156065
18957237672
18970323900
18983413157
18996452567
19009492956
19022554061
19035557821
19048653657
19061692027
19074742957
19087793245
19100866193
19113926808
19127007145
19140178701
19153377445
19166431512
19179484003
19192601305
19205700645
19218763418
19231848177
19244918783
19257956954
19271023322
19284060131
19297109088
19310196585
19323280610
19336387630
19349493885
19362559244
19375663051
19388741920
19401768202
19414828160
19427878723
19440914369
19454019462
19467128976
19480209527
19493285244
19506347206
19519425722
19532479040
19545557311
19558611256
19571641011
19584749577
19597838589
19610878611
19624006317
19637015463
19650079001
19663121930
19676145213
19689174372
19702226481
19715323434
19728406693
19741529182
19754602879
19767685144
19780791705
19793855396
19806922162
19819975036
19832984335
19846073103
19859191139
19872246828
19885304491
19898387582
19911470168
19924504560
19937582189
19950578299
19963592969
19976692645
19989781290
20002811551
20015895514
20028923189
20041964955
20055007103
20068083370
20081125044
20094183885
20107286377
20120377378
20133450846
20146481764
20159549647
20172667882
20185719838
20198783207
20211833755
20224879591
20237962896
20251097686
20264161423
20277225022
20290267109
20303351822
20316395516
20329466428
20342511576
20355565413
20368658878
20381759380
20394840773
20407921340
20420974397
20434042831
20447071561
20460134288
20473184454
20486243631
20499330226
20512440475
20525501702
20538541892
20551620439
20564721738
20577757200
20590800572
20603850830
20616910022
20629999662
20643095682
20656173586
20669244957
20682314248
20695422462
20708477967
20721468570
20734522775
20747517401
20760560758
20773646267
20786702032
20799786393
20812854215
20825912750
20838976839
20852051086
20865095193
20878135108
20891225987
20904322572
20917501579
20930462531
20943586641
20956707982
20969736514
20982815719
20995827435
21008863035
21021897855
21034975836
21048033820
21061116651
21074207943
21087322812
21100351512
21113407431
21126451782
21139486082
21152743516
21165827220
21178896265
21191978790
21204988166
21218060272
21231109321
21244161659
21257250365
21270292927
21283315614
21296435838
21309497631
21322577754
21335673636
21348754341
21361798035
21374875128
21387920750
21400972002
21414049891
21427157584
21440234571
21453313562
21466433556
21479524512
21492566247
21505656698
21518690186
21531692861
21544804150
21557885191
21570960357
21584048986
21597120006
21610182626
21623247663
21636273134
21649315757
21662352214
21675446780
21688525434
21701595199
21714643238
21727735417
21740849124
21753888396
21766937705
21779977925
21792996083
21806047274
21819179555
21832237936
21845290060
21858410529
21871486766
21884542899
21897602841
21910634983
21923669176
21936776716
21949870273
21962956026
21976023006
21989039833
22002089693
22015076103
22028137056
22041189118
22054243966
22067345034
22080377207
22093465194
22106536612
22119573420
22132750882
22145802822
22158870124
22171917673
22185013785
22198137804
22211236470
22224257046
22237323750
22250388543
22263488204
22276531255
22289549184
22302587476
22315629625
22328716679
22341810939
22354872595
22367927427
22380993673
22394064126
22407106902
22420162545
22433140234
22446183699
22459292601
22472294679
22485355692
22498424478
22511485108
22524604124
22537555635
22550585957
22563658353
22576678990
22589747439
22602831815
22615891084
22628981275
22642041906
22655127368
22668159388
22681139709
22694175095
22707221650
22720233428
22733328162
22746314726
22759330895
22772350491
22785383169
22798442346
22811496520
22824541484
22837624743
22850618421
22863709468
22876753988
22889741516
22902804319
22915882361
22928933919
22941976465
22955065355
22968103954
22981186494
22994254209
23007277416
23020306452
23033378772
23046483605
23059534153
23072558783
23085587559
23098612587
23111644362
23124686311
23137726394
23150826392
23163889455
23176931833
23189978878
23203025356
23216092872
23229161856
23242250563
23255383226
23268441837
23281437213
23294508937
23307609944
23320626067
23333682965
23346770355
23359850524
23372927740
23386083629
23399132127
23412192406
23425314803
23438395920
23451422524
23464487255
23477525288
23490583731
23503683269
23516760317
23529821667
23542896159
23555865036
23568935872
23581978969
23595013284
23608086782
23621148652
23634226373
23647334510
23660388455
23673449575
23686502403
23699580644
23712616321
23725577716
23738624653
23751680418
23764598071
23777694580
23790733332
23803805361
23816879777
23829983921
23842985004
23856076388
23869130195
23882163975
23895266910
23908344095
23921384714
23934456804
23947567726
23960615352
23973517260
23986497092
23999510415
24012559020
24025666760
24038747923
24051760252
24064817241
24077856161
24090948738
24103983420
24116901547
24129971740
24143000256
24156030486
24169159095
24182182057
24195257162
24208363631
24221440098
24234487433
24247518473
24260563972
24273634257
24286718358
24299773512
24312777624
24325838424
24338937978
24351997583
24365039747
24378073266
24391128465
24404194008
24417313482
24430400490
24443497642
24456503514
24469555653
24482613484
24495633708
24508675550
24521728653
24534776555
24547871304
24560961877
24574026838
24587121221
24600254159
24613320359
24626348462
24639287703
24652333431
24665362452
24678482417
24691583210
24704617402
24717676932
24730767030
24743808261
24756866811
24769897484
24782958115
24796042262
24809116785
24822216752
24835311242
24848334020
24861420156
24874511310
24887555693
24900596326
24913646370
24926705685
24939772787
24952866665
24965963832
24979033612
24992133013
25005231343
25018250970
25031294220
25044343804
25057338278
25070432538
25083528680
25096605131
25109684994
25122737286
25135792470
25148859359
25161883071
25174960333
25187995504
25201062898
25214169123
25227253147
25240294179
25253380039
25266432867
25279468635
25292502032
25305544456
25318602945
25331678126
25344777052
25357822704
25370898299
25383993186
25397087706
25410112214
25423151287
25436192456
25449240296
25462336041
25475439986
25488546532
25501709642
25514671557
25527736487
25540793523
25553828480
25566888744
25579938894
25593026850
25606149446
25619200958
25632267158
25645324377
25658389246
25671435005
25684459543
25697525789
25710576965
25723609505
25736687746
25749704313
25762791259
25775911866
25788957840
25801894586
25814987745
25827975196
25841020328
25854110013
25867247282
25880323748
25893397889
25906456026
25919530732
25932567862
25945586724
25958634595
25971679558
25984749706
25997807705
26010863899
26023943961
26036999588
26050082389
26063151373
26076189452
26089255866
26102297357
26115340714
26128468680
26141520605
26154601110
26167718183
26180786295
26193846819
26206891553
26219927765
26232977824
26246052959
26259160377
26272247768
26285205827
26298287541
26311330593
26324401811
26337433188
26350478351
26363546647
26376667345
26389760320
26402856814
26415931185
26428985848
26442073667
26455151541
26468207980
26481267585
26494309948
26507375046
26520470041
26533507967
26546604736
26559646043
26572609733
26585637132
26598674522
26611692787
26624735135
26637813391
26650918621
26663915390
26676917835
26689968980
26703020109
26716062732
26729082496
26742102093
26755174994
26768251414
26781326978
26794425920
26807480798
26820552613
26833624826
26846688685
26859708756
26872782284
26885770148
26898822318
26911908056
26924966820
26938045674
26951147538
26964243665
26977266030
26990424918
27003509370
27016458418
27029582575
27042696572
27055692101
27068775957
27081844284
27094902268
27107973441
27121014610
27134084222
27147156251
27160231815
27173334765
27186403765
27199491110
27212571064
27225644731
27238709493
27251734887
27264766341
27277799677
27290841672
27303902119
27316938255
27329993424
27343076408
27356179557
27369227520
27382302639
27395349026
27408372111
27421466539
27434497167
27447582277
27460658835
27473715886
27486769265
27499830615
27512874109
27525908011
27538900786
27551982424
27565079790
27578138646
27591166719
27604230960
27617280468
27630357470
27643405646
27656425105
27669475286
27682509876
27695598475
27708648335
27721604528
27734715970
27747814652
27760836313
27773914478
27786937226
27799986672
27813058120
27826125361
27839159630
27852209367
27865252234
27878311534
27891347823
27904387707
27917402315
27930415194
27943526361
27956597962
27969623005
27982686726
27995716069
28008772385
28021823866
28034853086
28047915522
28060937460
28073994617
28087094783
28100114563
28113176907
28126265690
28139308864
28152353124
28165404085
28178422794
28191446643
28204506999
28217626672
28230698166
28243806426
28256853546
28269926234
28282953327
28296001458
28309036996
28322124295
28335206346
28348282996
28361360043
28374412795
28387462517
28400561826
28413547777
28426642925
28439691897
28452719434
28465771986
28478868649
28491910965
28504973539
28518050403
28531094495
28544158568
28557185769
28570238887
28583259156
28596310653
28609421055
28622454069
28635516750
28648576111
28661597559
28674605573
28687623134
28700612865
28713674673
28726766287
28739851000
28752829056
28765842257
28778873237
28791939911
28804968060
28818040257
28831067917
28844095913
28857166014
28870192648
28883185898
28896258952
28909310403
28922311211
28935348708
28948358941
28961407469
28974421160
28987494122
29000503988
29013531387
29026576656
29039604025
29052605889
29065631513
29078662095
29091701076
29104769112
29117810419
29130925227
29143980457
29157043046
29170121899
29183175033
29196112789
29209132615
29222179185
29235216193
29248275523
29261363755
29274423697
29287473067
29300539650
29313638699
29326635223
29339696420
29352727277
29365743996
29378845233
29391876351
29404895228
29417997398
29431027521
29444067848
29457130315
29470160376
29483232253
29496294108
29509378652
29522470495
29535509201
29548554685
29561608691
29574645515
29587679676
29600651613
29613643868
29626689184
29639727553
29652830473
29665886361
29678930315
29692024085
29705110053
29718053180
29731083471
29744133927
29757119955
29770170717
29783250733
29796332784
29809346750
29822378800
29835448947
29848494156
29861498574
29874576448
29887621029
29900725938
29913833877
29926873516
29939930628
29952986684
29966079904
29979110592
29992166618
30005211551
30018269168
30031230792
30044329734
30057368945
30070431963
30083522658
30096604219
30109621474
30122672099
30135713819
30148768942
30161844199
30174952153
30187998616
30201066897
30214089706
30227126316
30240134269
30253180563
30266179581
30279229548
30292309151
30305438999
30318515832
30331546475
30344561818
30357623458
30370627586
30383635095
30396724245
30409743337
30422814417
30435934932
30448972277
30462043357
30475116305
30488172988
30501211082
30514230036
30527213157
30540251128
30553304660
30566379152
30579434459
30592464642
30605500962
30618492635
30631517954
30644547571
30657555784
30670611167
30683701587
30696781083
30709828158
30722844694
30735898011
30748985616
30762001663
30775053741
30788117447
30801104714
30814181119
30827242500
30840284954
30853348783
30866397755
30879498074
30892544109
30905553240
30918571153
30931533864
30944622447
30957706334
30970755658
30983829126
30996889068
31009907012
31022957927
31035955293
31048967162
31061998953
31075024225
31088125340
31101167167
31114227782
31127269915
31140330500
31153326351
31166383279
31179427447
31192449354
31205518659
31218622543
31231682838
31244712532
31257773025
31270892377
31283864910
31296889112
31309920367
31322906655
31335976450
31349056849
31362111711
31375188086
31388205035
31401209699
31414269488
31427282046
31440319696
31453340670
31466408155
31479507311
31492520680
31505568015
31518606522
31531699115
31544739259
31557756116
31570802273
31583846304
31596872035
31609972400
31623024585
31636032507
31649105072
31662169100
31675184657
31688243008
31701218984
31714221230
31727299455
31740339431
31753399634
31766422014
31779437648
31792471932
31805492936
31818487700
31831515145
31844560400
31857623708
31870708758
31883780787
31896825475
31909850411
31922885368
31935903832
31948884016
31961954255
31975002753
31988020972
32001116227
32014157886
32027205068
32040306855
32053359071
32066392147
32079432092
32092406002
32105454164
32118512897
32131576129
32144649000
32157693000
32170725341
32183783126
32196834056
32209848297
32222828466
32235873108
32248947310
32261989718
32275057938
32288151678
32301190185
32314246623
32327281979
32340347169
32353412466
32366431022
32379482457
32392564493
32405547905
32418602645
32431638612
32444702135
32457704396
32470688221
32483704788
32496745834
32509793169
32522860808
32535894266
32548930462
32561982005
32575012342
32588044499
32601088774
32614082100
32627143190
32640199812
32653240278
32666301092
32679318684
32692346420
32705429481
32718431252
32731456571
32744487611
32757511078
32770572367
32783629770
32796645969
32809719636
32822752160
32835831365
32848855261
32861883639
32874905530
32887927712
32900964766
32914038815
32927077490
32940129706
32953156585
32966160376
32979175398
32992188308
33005199060
33018259798
33031285239
33044397217
33057467257
33070506208
33083563473
33096681601
33109664003
33122692687
33135729863
33148745680
33161794622
33174844328
33187901838
33200977447
33214048299
33227170573
33240180285
33253243793
33266254653
33279261121
33292338888
33305411331
33318458237
33331496958
33344497996
33357548268
33370552029
33383553174
33396574743
33409613465
33422661901
33435740571
33448690353
33461713912
33474771253
33487818313
33500844198
33513894547
33526928663
33539998581
33553053229
33566153808
33579178759
33592219255
33605300740
33618384489
33631398424
33644446769
33657453498
33670491959
33683572908
33696617092
33709641706
33722692346
33735698784
33748778724
33761786371
33774762025
33787783106
33800806144
33813902547
33826928951
33839952021
33852977568
33865995696
33879064023
33892099821
33905097646
33918120547
33931183503
33944188059
33957273293
33970289569
33983345181
33996426299
34009480473
34022554384
34035597022
34048607454
34061640330
34074691643
34087749229
34100799594
34113844450
34126867688
34139926835
34152966566
34165980470
34178996241
34192020565
34205057007
34218095942
34231162050
34244188455
34257190502
34270309120
34283365911
34296390801
34309494149
34322534492
34335562396
34348639168
34361659162
34374695787
34387743842
34400761479
34413797584
34426814121
34439805136
34452797147
34465820553
34478854393
34491880415
34504891749
34517936086
34530922435
34543900385
34556927998
34569923344
34582948632
34596022895
34609079961
34622138434
34635166445
34648208395
34661282949
34674298460
34687328720
34700336214
34713389975
34726424504
34739517402
34752529838
34765590469
34778646801
34791754739
34804786376
34817806125
34831140565
34844179837
34857242686
34870328730
34883331512
34896401598
34909445889
34922482437
34935544537
34948574736
34961598876
34974677653
34987733173
35000813526
35013870469
35026900500
35039954139
35052984567
35065997386
35079039810
35092033136
35105129936
35118189557
35131253110
35144298073
35157357082
35170422686
35183516854
35196541606
35209565777
35222609899
35235614808
35248703973
35261780210
35274810546
35287864002
35300815069
35313847808
35326888778
35339923950
35352964201
35366036307
35379133046
35392210537
35405258760
35418314540
35431371377
35444423317
35457470208
35470506191
35483513241
35496607073
35509662731
35522793252
35535827674
35548886056
35561973324
35575027927
35588048793
35601120945
35614146339
35627181419
35640280805
35653339569
35666394906
35679418327
35692404845
35705458055
35718484169
35731472385
35744500733
35757571278
35770648601
35783750710
35796797862
35809866005
35822891691
35835957156
35848970632
35861993396
35875048335
35888145410
35901189976
35914305916
35927319928
35940357425
35953440853
35966442074
35979449247
35992489911
36005494176
36018542736
36031615821
36044700335
36057764852
36070809953
36083867814
36096910896
36109898010
36122934559
36135954232
36149002546
36162084260
36175141586
36188177768
36201234941
36214255348
36227332625
36240372555
36253406411
36266449003
36279509450
36292564466
36305664815
36318683340
36331751269
36344828776
36357904370
36370940215
36383968303
36396976761
36410017777
36423102184
36436185642
36449246181
36462268837
36475321390
36488361886
36501384465
36514419163
36527429610
36540497799
36553584730
36566660003
36579773786
36592808927
36605850096
36618915256
36631905017
36644937465
36657988916
36671027408
36684105970
36697190408
36710252568
36723324521
36736461147
36749550190
36762565625
36775629912
36788661213
36801695834
36814786575
36827882763
36840953706
36854017427
36867055842
36880102015
36893135565
36906169543
36919177664
36932262668
36945361212
36958475561
36971557887
36984605023
36997673350
37010733048
37023760278
37036807461
37049804076
37062851472
37075929637
37089008230
37102077459
37115142818
37128199823
37141317063
37154341571
37167375687
37180410032
37193433882
37206489204
37219588176
37232634303
37245716766
37258773894
37271827211
37284871257
37297852190
37310847367
37323892224
37336973112
37350074379
37363141069
37376197354
37389241890
37402289531
37415335259
37428358329
37441388895
37454443941
37467583137
37480698022
37493759464
37506818075
37519885973
37532938633
37545960463
37559021262
37572027195
37585043747
37598120335
37611188524
37624243234
37637333547
37650406494
37663452116
37676502710
37689492960
37702522456
37715557230
37728619650
37741688375
37754819478
37767911045
37780933686
37793997774
37807044314
37820040363
37833079559
37846120468
37859199627
37873522049
37887636024
37901058132
37914173063
37927190853
37940232665
37953297748
37966294456
37979334891
37992385913
38005429530
38018489595
38031527413
38044596949
38057637827
38070633785
38083674587
38096683045
38109714682
38122790659
38135839539
38148923564
38161967701
38175023252
38188089131
38201098262
38214107913
38227160144
38240195836
38253274582
38266363059
38279405437
38292447034
38305538143
38318627782
38331671920
38344726492
38357719558
38370767382
38383852371
38396953868
38409990141
38423037354
38436127651
38449161018
38462212208
38475263720
38488249503
38501305146
38514358296
38527427831
38540536366
38553577000
38566631725
38579728953
38592738604
38605768375
38618815343
38631850407
38644938884
38658032731
38671087609
38684153427
38697204969
38710335322
38723358285
38736380665
38749417566
38762466569
38775512221
38788599305
38801600893
38814630679
38827720028
38840747810
38853798909
38866811283
38879821164
38892910605
38905986123
38919055107
38932124918
38945149946
38958212397
38971272156
38984290650
38997315036
39010332750
39023371242
39036473182
39049596314
39062655965
39075704417
39088709264
39101782701
39114816832
39127828840
39140865756
39153894134
39166947819
39180012427
39193035374
39206129099
39219208365
39232242909
39245329749
39258331261
39271385710
39284441644
39297530044
39310611177
39323683252
39336723152
39349786950
39362843893
39375899307
39388929582
39401970430
39414991847
39428087790
39441219841
39454250270
39467300772
39480383098
39493471866
39506514106
39519584330
39532626937
39545676567
39558774331
39571855388
39584910755
39597982647
39611020343
39624118872
39637151672
39650182758
39663227615
39676260920
39689333821
39702413960
39715452910
39728513327
39741579496
39754644426
39767674932
39780691896
39793720963
39806757374
39819820361
39832917788
39845922651
39858923183
39872035650
39885070210
39898086593
39911125268
39924123873
39937154301
39950213525
39963240679
39976289192
39989345447
40002376350
40015458248
40028467976
40041508242
40054543873
40067559047
40080619173
40093663203
40106728134
40119789453
40132796442
40145886877
40158907774
40171914472
40185033717
40198060504
40211141469
40224221439
40237220900
40250254435
40263315494
40276361544
40289433267
40302451104
40315460877
40328469963
40341535443
40354604443
40367642338
40380663143
40393707449
40406762281
40419821290
40432858726
40445872646
40458926147
40472027812
40485118140
40498183438
40511213560
40524238221
40537300244
40550313032
40563346031
40576429963
40589452589
40602523394
40615618787
40628645008
40641730210
40654776000
40667833296
40680865377
40693913568
40706952534
40719950772
40733042599
40746113496
40759159516
40772230627
40785295328
40798327072
40811376182
40824409915
40837425824
40850506804
40863589758
40876686756
40889751503
40902772201
40915815588
40928866871
40941892143
40954945308
40967965225
40981010939
40994082371
41007168859
41020212186
41033251396
41046283814
41059372949
41072382845
41085419072
41098478081
41111484198
41124569156
41137637528
41150661684
41163723171
41176747878
41189774451
41202820684
41215819855
41228867986
41241930728
41255011341
41268081014
41281180583
41294232539
41307250406
41320275847
41333292077
41346285204
41359297732
41372332567
41385409538
41398532195
41411588741
41424629114
41437675990
41450745694
41463732808
41476756490
41489682159
41502688597
41515788580
41528838852
41541885224
41554956962
41567966506
41581023190
41594037722
41607000325
41620054928
41633118481
41646198222
41659273892
41672331815
41685375019
41698419447
41711477584
41724499123
41737532245
41750584461
41763597432
41776614641
41789735676
41802767803
41815802179
41828906660
41841940317
41854954986
41868026511
41881015400
41894040366
41907129624
41920175475
41933251344
41946288199
41959329230
41972378937
41985380923
41998364656
42011384696
42024405944
42037487934
42050570214
42063633691
42076675487
42089686776
42102758254
42115800035
42128762578
42141803900
42154811792
42167890828
42181011282
42194024682
42207083109
42220154297
42233188933
42246202180
42259206690
42272195580
42285249310
42298273160
42311325483
42324346165
42337395933
42350454284
42363482647
42376531895
42389569071
42402587198
42415628765
42428716232
42441792316
42454894807
42467925159
42480934520
42494016295
42507011733
42520030029
42533051201
42546031965
42559102189
42572189855
42585213429
42598279629
42611299425
42624356582
42637401117
42650422550
42663446858
42676706925
42689783421
42702878997
42715910574
42729002891
42742062496
42755094440
42768131661
42781162962
42794172919
42807193648
42820233945
42833299655
42846387153
42859433738
42872482175
42885560278
42898555150
42911589220
42924606628
42937612990
42950706439
42963799261
42976859968
42989947741
43002979057
43016066325
43029102859
43042147455
43055191883
43068224668
43081325660
43094409088
43107447320
43120548128
43133591638
43146665259
43159701104
43172722903
43185743371
43198793460
43211855835
43224977789
43238064827
43250992057
43264027566
43277077058
43290119115
43303164170
43316191064
43329203454
43342286607
43355283681
43368349759
43381291371
43394359682
43407430166
43420424150
43433484873
43446507055
43459521694
43472613445
43485668476
43498709354
43511836158
43524876914
43537949264
43550974598
43563966914
43577018732
43590047692
43603115866
43616193097
43629231114
43642289756
43655331262
43668407132
43681459562
43694466382
43707497255
43720526735
43733572922
43746682039
43759748162
43772766014
43785843230
43798892447
43811897187
43824942717
43837937588
43850956970
43864025878
43877070888
43890127709
43903175197
43916219717
43929251064
43942249423
43955263007
43968276009
43981281957
43994348096
44007411328
44020463620
44033551944
44046577400
44059625316
44072660932
44085643930
44098621956
44111598560
44124620696
44137703083
44150752973
44163815976
44176875015
44189872396
44202937295
44216013960
44228995200
44242014872
44255074432
44268125271
44281186957
44294181859
44307237686
44320252998
44333253179
44346277120
44359244390
44372302741
44385402953
44398436595
44411492360
44424531632
44437528952
44450637517
44463631348
44476643463
44489692328
44502656186
44515692689
44528761689
44541780857
44554848633
44567887599
44580972755
44594005418
44607016186
44620042896
44633049748
44646099194
44659192842
44672191141
44685261900
44698326356
44711329643
44724411449
44737418790
44750451819
44763506284
44776536147
44789618136
44802685499
44815712531
44828744719
44841814193
44854794805
44867850984
44880876149
44893864610
44906936976
44919954705
44933030988
44946115119
44959145885
44972219979
44985217023
44998239343
45011274438
45024264062
45037346862
45050411685
45063420327
45076469391
45089500202
45102485847
45115519106
45128506404
45141528724
45154578920
45167620839
45180698238
45193758777
45206794959
45219856217
45232910957
45245929911
45258987191
45272006053
45285040077
45298105007
45311181473
45324275580
45337315005
45350387846
45363478572
45376495062
45389546696
45402563814
45415583073
45428669668
45441708344
45454753384
45467808201
45480836426
45493875805
45506915490
45519923688
45532965576
45546000641
45559075225
45572137325
45585188056
45598236677
45611292947
45624382801
45637429983
45650522422
45663551811
45676587533
45689640835
45702740221
45715795864
45728825726
45741921012
45754949803
45767980308
45781052261
45794071949
45807097497
45820185759
45833213342
45846283536
45859326801
45872347147
45885402897
45898450064
45911488265
45924504281
45937539819
45950630469
45963687428
45976772646
45989816385
46002833518
46015879522
46028896640
46041904990
46054932665
46067951833
46080976952
46094065368
46107101519
46120165623
46133206593
46146284237
46159339987
46172367937
46185343913
46198378962
46211439976
46224465723
46237492357
46250513009
46263572783
46276595714
46289567513
46302599594
46315614784
46328639582
46341740758
46354786517
46367867834
46380903663
46393942568
46407016234
46420045974
46433071216
46446134907
46459148659
46472212395
46485280936
46498294428
46511374367
46524420891
46537489524
46550514368
46563548974
46576585798
46589621260
46602684675
46615773428
46628847737
46641872443
46654941917
46667929429
46680964218
46693989399
46706981578
46720046691
46733103834
46746207978
46759294787
46772333585
46785391584
46798431866
46811452212
46824498384
46837539920
46850596940
46863680643
46876772287
46889823065
46902897037
46915947601
46929078994
46942095041
46955177260
46968217052
46981217814
46994288619
47007357221
47020382081
47033430747
47046467617
47059508709
47072547890
47085557403
47098577214
47111622606
47124671593
47137749773
47150814198
47163863767
47176921996
47190030638
47203029763
47216096177
47229089182
47242109635
47255195358
47268268611
47281356323
47294416494
47307496893
47320587053
47333607337
47346705805
47359731521
47372764689
47385846372
47398890923
47411828388
47424857241
47437875522
47450917242
47463948313
47476966563
47490013576
47503065532
47516148394
47529217164
47542254371
47555299732
47568333664
47581371223
47594420730
47607447717
47620503696
47633540734
47646616329
47659731259
47672740206
47685772012
47698857123
47711935073
47724917919
47737963005
47750940404
47763982368
47777064343
47790106292
47803166801
47816258995
47829311701
47842369868
47855388715
47868408510
47881443819
47894475686
47907539484
47920579001
47933613790
47946671391
47959709148
47972749721
47985790324
47998796211
48011843271
48024865361
48037897412
48050996966
48064053098
48077136373
48090229868
48103262118
48116296692
48129329049
48142330377
48155378049
48168457804
48181544981
48194607937
48207671873
48220722543
48233767629
48246813312
48259827645
48272883517
48285957413
48299082840
48312156843
48325223563
48338265788
48351321599
48364410841
48377426520
48390443347
48403525184
48416557617
48429646721
48442720341
48455749882
48468852711
48481930447
48494979327
48508018155
48521017770
48534032378
48547067030
48560126513
48573204035
48586255700
48599298124
48612344724
48625388097
48638373498
48651377013
48664360823
48677430358
48690496206
48703557067
48716630029
48729670235
48742716591
48755785590
48768767763
48781811946
48794842757
48807848247
48820926136
48833963572
48846934621
48859984527
48873069852
48886149960
48899162334
48912169124
48925208488
48938207016
48951297650
48964375953
48977371971
48990430659
49003476388
49016472682
49029513346
49042516954
49055514870
49068571355
49081615844
49094672053
49107752176
49120741295
49133789884
49146889454
49159888793
49172917661
49185794340
49198799034
49211837280
49224900788
49237932088
49250991740
49264103412
49277171830
49290178391
49303224517
49316254058
49329259135
49342351819
49355446263
49368481312
49381572191
49394534948
49407571557
49420582218
49433582812
49446621135
49459667935
49472725399
49485824601
49498866810
49511944271
49525010976
49538088636
49551114582
49564124937
49577161852
49590170631
49603172923
49616315118
49629360097
49642381881
49655510949
49668585595
49681611632
49694674604
49707690436
49720772135
49733855624
49746916393
49759965013
49773021176
49786065008
49799133120
49812156909
49825170553
49838224146
49851286154
49864358458
49877454937
49890512967
49903586373
49916646423
49929723730
49942766827
49955764698
49968814374
49981835775
49994891770
50008020930
50021078011
50034121812
50047231066
50060306079
50073330984
50086379069
50099384880
50112409433
50125481110
50138568822
50151600261
50164638798
50177704692
50190775344
50203771792
50216824497
50229833888
50242874063
50255908286
50268907564
50281991527
50295065484
50308105460
50321192606
50334217220
50347249944
50360300278
50373298745
50386362543
50399471414
50412521886
50425583465
50438659136
50451718512
50464779189
50477822102
50490873247
50503958603
50517225814
50530335680
50543372657
50556428208
50569496091
50582522160
50595589920
50608673394
50621852401
50634913169
50647949427
50661056493
50674148918
50687205142
50700289962
50713383595
50726413305
50739456937
50752429119
50765459103
50778512574
50791615601
50804692389
50817767723
50830907822
50843996803
50857023468
50870053774
50883089711
50896096241
50909170397
50922234057
50935252353
50948325514
50961364006
50974345031
50987375536
51000386029
51013435873
51026472636
51039511372
51052622202
51065680982
51078692821
51091779906
51104859570
51117866574
51130928689
51143919934
51156955611
51170003634
51183108604
51196166313
51209229223
51222366186
51235450899
51248478681
51261546594
51274602666
51287628856
51300709407
51313794579
51326833209
51339903004
51352924605
51365998348
51379021142
51392024168
51405077791
51418149759
51431212532
51444290008
51457335416
51470398464
51483455545
51496512075
51509591418
51522609852
51535662786
51548723325
51561779290
51574930221
51587982896
51601056715
51614150180
51627252014
51640287078
51653334383
51666375292
51679426896
51692523680
51705629905
51718683437
51731732669
51744777464
51757851421
51770873588
51783914466
51796975464
51810018898
51823119798
51836193480
51849261776
51862338074
51875360455
51888414216
51901485710
51914525150
51927570848
51940608728
51953628385
51966697186
51979734362
51992811716
52005946292
52019019683
52032069649
52045175155
52058182312
52071241199
52084297347
52097385074
52110452773
52123497492
52136541538
52149595023
52162623937
52175667310
52188694694
52201738158
52214838706
52227900087
52240917312
52253984231
52267025920
52280143803
52293179709
52306212663
52319267525
52332286555
52345338037
52358440773
52371482508
52384552947
52397692877
52410781584
52423836263
52436891309
52449932738
52462953099
52476027041
52489129181
52502082712
52515155384
52528202229
52541103618
52554131950
52567161996
52580151497
52593219610
52606286468
52619395217
52632476671
52645519003
52658582571
52671707753
52684708576
52697777132
52710819709
52723870869
52736953211
52750038566
52763070418
52776153830
52789241007
52802369967
52815404037
52828466810
52841518414
52854555452
52867647203
52880732742
52893799126
52906880702
52919921428
52932962444
52946010146
52959060587
52972096371
52985170496
52998296871
53011401795
53024482087
53037531334
53050601727
53063683731
53076708147
53089743411
53102686644
53115705644
53128771752
53141896245
53154966393
53168029502
53181093346
53194205308
53207209574
53220259892
53233294896
53246300798
53259441463
53272537101
53285616137
53298694623
53311736037
53324743439
53337749648
53350761594
53363802396
53376873966
53389962963
53402994631
53416068864
53429121814
53442182246
53455277133
53468305818
53481326409
53494363554
53507392544
53520452869
53533552209
53546625432
53559706840
53572830170
53585922120
53598935198
53611987460
53625007974
53638025627
53651120545
53664203621
53677276125
53690323032
53703362242
53716444844
53729494918
53742518064
53755546197
53768585546
53781689231
53794772429
53807842179
53820903498
53833917601
53846999530
53860045855
53873073438
53886110675
53899144011
53912195982
53925330557
53938391831
53951462957
53964572319
53977656710
53990694100
54003734428
54016760603
54029806102
54042898037
54055990553
54069076628
54082142384
54095215637
54108266614
54121310369
54134332443
54147360317
54160416557
54173506150
54186606837
54199691917
54212781113
54225824256
54238908311
54251965269
54265031194
54278084863
54291109570
54304160240
54317249069
54330296817
54343392102
54356483364
54369574182
54382614785
54395643347
54408679360
54421716474
54434874826
54447979873
54461060057
54474120902
54487190468
54500229511
54513268737
54526269346
54539293869
54552348869
54565442073
54578543050
54591632185
54604706463
54617772908
54630871728
54643882511
54656916658
54669964146
54683004825
54696078584
54709180203
54722241079
54735326251
54748409449
54761544484
54774555604
54787608523
54800640176
54813697349
54826777059
54839883498
54852913253
54866010879
54879063248
54892105351
54905152196
54918169344
54931195856
54944265805
54957339532
54970480213
54983572438
54996622466
55009710055
55022792106
55035769214
55048794961
55061836574
55074896608
55087952664
55101062286
55114140159
55127206987
55140290736
55153443136
55166487426
55179553336
55192586809
55205627183
55218710136
55231800296
55244889339
55257968651
55271022840
55284081237
55297139604
55310144038
55323185788
55336242135
55349323956
55362515571
55375616808
55388679091
55401742843
55414707313
55427744198
55440789162
55453822574
55466873413
55479926225
55493032068
55506103531
55519163458
55532262124
55545348582
55558420290
55571491569
55584514700
55597552365
55610646947
55623716712
55636803995
55649896863
55662969336
55676052121
55689084034
55702093761
55715129316
55728203364
55741285966
55754357812
55767404688
55780455129
55793543040
55806631899
55819687878
55832741073
55845777836
55858820444
55871891999
55885029619
55898085507
55911155501
55924263072
55937324208
55950387256
55963445041
55976444977
55989499534
56002581156
56015663589
56028736108
56041774508
56054813780
56067896183
56080928111
56093985269
56107001682
56120055306
56133165447
56146262905
56159341758
56172390930
56185442763
56198512099
56211540921
56224583116
56237648199
56250692214
56263783399
56276947197
56289978070
56303042541
56316093395
56329175124
56342250887
56355286609
56368293201
56381338975
56394407409
56407496559
56420524907
56433586195
56446647821
56459690290
56472733173
56485770380
56498791628
56511844196
56524946336
56538036327
56551140854
56564208630
56577271831
56590369549
56603405241
56616448322
56629480663
56642507190
56655565802
56668655900
56681697100
56694774438
56707862227
56720920211
56734006653
56747058471
56760114312
56773132761
56786190148
56799275718
56812322502
56825449581
56838516332
56851546455
56864585482
56877619858
56890652306
56903719562
56916779320
56929868287
56942905493
56955925044
56968961256
56982027134
56995058297
57008103781
57021119721
57034160400
57047220465
57060336635
57073386999
57086425124
57099487973
57112579341
57125570036
57138621686
57151653598
57164680355
57177759560
57190830335
57203857810
57216950173
57229976333
57243049495
57256107448
57269141702
57282173431
57295223091
57308288588
57321373056
57334428974
57347470633
57360523231
57373558908
57386595028
57399633963
57412647853
57425666118
57438708710
57451805066
57464861337
57477899033
57490968782
57504021120
57517053921
57530114062
57543133673
57556156039
57569258010
57582322803
57595362136
57608399801
57621410523
57634495604
57647516301
57660500249
57673542565
57686580522
57699649629
57712728681
57725769222
57738822509
57751867611
57764926941
57777963704
57791004246
57804045690
57817068821
57830138570
57843259131
57856338336
57869409310
57882495323
57895559014
57908615024
57921682265
57934733562
57947782229
57960866391
57973956704
57987026652
58000138660
58013150760
58026215338
58039221883
58052285436
58065319950
58078370513
58091471505
58104557993
58117621546
58130702465
58143750825
58156815694
58169857567
58182881080
58195916374
58208964979
58222002369
58235123022
58248115170
58261193625
58274271285
58287326668
58300393908
58313463964
58326498233
58339557379
58352733892
58366012089
58379055523
58392122809
58405223036
58418261666
58431322511
58444353628
58457360265
58470417423
58483506511
58496602225
58509686739
58522729760
58535773300
58548860324
58561892588
58574940076
58587985346
58601024496
58614084300
58627209359
58640238288
58653302117
58666336371
58679408874
58692428700
58705507125
58718548676
58731572511
58744653246
58757740804
58770778347
58783810138
58796893214
58809942568
58822989077
58836029160
58849064087
58862121551
58875191086
58888293731
58901409105
58914456486
58927523206
58940615049
58953640826
58966671897
58979705095
58992754113
59005830350
59018931098
59032037001
59045102773
59058172002
59071249937
59084284665
59097373065
59110406539
59123462044
59136542305
59149632266
59162686210
59175760703
59188797053
59201859703
59214983615
59227971066
59241024306
59254095158
59267133374
59280265456
59293322277
59306378547
59319419166
59332468352
59345483771
59358499160
59371532220
59384592331
59397636545
59410757656
59423839003
59436899466
59449970409
59463036150
59476040706
59489139449
59502162733
59515191754
59528275748
59541344595
59554417190
59567492249
59580586539
59593634762
59606679863
59619708961
59632716026
59645778401
59658877144
59671964045
59685062758
59698133548
59711183576
59724243702
59737243698
59750252095
59763290587
59776323892
59789371778
59802473657
59815552097
59828616920
59841705963
59854757643
59867824501
59880894205
59893910206
59906955858
59920003866
59933048371
59946125327
59959171927
59972251239
59985292271
59998324031
60011356448
60024376641
60037425384
60050501529
60063576848
60076655471
60089703097
60102747326
60115838557
60128866247
60141874781
60154920219
60167910776
60180959228
60194086613
60207142761
60220220114
60233321611
60246397190
60259423059
60272508568
60285536350
60298567008
60311644285
60324759430
60337824436
60350885679
60363953486
60377011102
60390055714
60403095154
60416099695
60429204773
60442300104
60455363917
60468462997
60481527437
60494582820
60507669430
60520696784
60533733592
60546763562
60559780282
60572836032
60585933612
60599016657
60612083806
60625159859
60638211371
60651239979
60664256883
60677274123
60690258330
60703258082
60716358508
60729400687
60742482661
60755549703
60768592280
60781616986
60794546542
60807579449
60820636010
60833713960
60846815457
60859925721
60872863799
60885938384
60898986055
60911909965
60924924405
60937859821
60950851143
60963855791
60976933389
60990005281
61003053840
61016114823
61029217590
61042226507
61055238254
61068242917
61081262208
61094332294
61107400544
61120470768
61133521316
61146475520
61159535829
61172556573
61185589817
61198614982
61211630004
61224697045
61237785690
61250875376
61263921655
61276992354
61290089490
61303081026
61316041304
61329062629
61342105099
61355167398
61368248041
61381331469
61394381206
61407485212
61420568655
61433598150
61446677692
61459701557
61472726707
61485827822
61498902574
61511971069
61525035265
61538067468
61551146031
61564189832
61577239599
61590241233
61603308443
61616386608
61629458484
61642532319
61655601227
61668632451
61681737758
61694775531
61707827945
61720862092
61733911492
61746943650
61760062008
61773098679
61786195326
61799290718
61812342016
61825395456
61838459223
61851515111
61864549915
61877644665
61890722263
61903792120
61916856469
61929910643
61942970279
61956001580
61969055372
61982095103
61995038658
62008130072
62021192371
62034248366
62047294370
62060288002
62073368905
62086402960
62099431904
62112486706
62125488814
62138550699
62151656481
62164688944
62177728247
62190696114
62203749691
62216810108
62229851751
62242898092
62255895702
62268937911
62282014638
62295033469
62308090428
62321158341
62334193941
62347238614
62360273893
62373285181
62386343395
62399403949
62412456547
62425539639
62438558868
62451606080
62464694940
62477710022
62490762712
62503808563
62516813946
62529890642
62543015670
62556055722
62569095790
62582104814
62595130897
62608157914
62621202097
62634284010
62647288200
62660366655
62673466943
62686490686
62699517810
62712590436
62725594227
62738623753
62751637336
62764701547
62777769323
62790826649
62803898571
62816967081
62829989080
62843054438
62856179298
62869177398
62882225774
62895251214
62908289538
62921348333
62934452630
62947520635
62960592986
62973640795
62986728492
62999762516
63012798360
63025862954
63038883239
63051988132
63065054960
63078070547
63091139945
63104154492
63117217709
63130240594
63143223241
63156261717
63169342942
63182417557
63195497910
63208569771
63221618177
63234670301
63247750500
63260758499
63273789693
63286816832
63299856976
63312915327
63325996001
63339073829
63352116451
63365207544
63378277585
63391289301
63404341548
63417369590
63430387258
63443489520
63456533581
63469577917
63482619117
63495639784
63508704653
63521719461
63534711257
63547754690
63560778020
63573856444
63586938939
63599965451
63613007920
63626026354
63639068823
63652123074
63665125932
63678151572
63691192481
63704239632
63717350417
63730417366
63743437437
63756515142
63769460350
63782481109
63795528551
63808560051
63821596814
63834713458
63847769376
63860836311
63873902709
63886942976
63899999782
63913013258
63926035425
63939083372
63952114657
63965223360
63978296124
63991313288
64004349010
64017381504
64030457603
64043504112
64056551799
64069649991
64082685622
64095739827
64108839473
64121889149
64134940339
64148017724
64161086142
64174123578
64187176176
64200190540
64213239344
64226304396
64239380098
64252413831
64265429832
64278491228
64291535595
64304547709
64317609120
64330625427
64343677689
64356778115
64369837430
64382923902
64395965867
64408976237
64422050240
64435039206
64448109108
64461146820
64474145149
64487216000
64500314193
64513388073
64526464019
64539509886
64552613265
64565655214
64578697607
64591758819
64604778416
64617879071
64630977447
64643945345
64656988809
64670029871
64683052726
64696045746
64709069121
64722092833
64735186313
64748251809
64761339797
64774421618
64787447839
64800518629
64813602592
64826605863
64839661767
64852682862
64865692467
64878721259
64891778065
64904841373
64917922995
64930972365
64944055962
64957061329
64970058663
64983102984
64996129328
65009222930
65022313075
65035358467
65048430879
65061432987
65074480291
65087516335
65100513563
65113543838
65126605464
65139651284
65152757356
65165839345
65178895417
65191924805
65204989857
65218021648
65231043738
65244061085
65257124317
65270164568
65283329835
65296390895
65309450959
65322535030
65335618840
65348638635
65361709563
65374725533
65387788459
65400874488
65413946456
65427029394
65440119906
65453153226
65466213734
65479260656
65492301902
65505332591
65518383353
65531447885
65544521047
65557598293
65570663346
65583704377
65596770470
65609806376
65622826462
65635858283
65648893990
65661945012
65675043434
65688110246
65701170112
1280747
14360855
27388116
40439399
53446985
66534192
79624520
92707733
105811449
118862028
131931747
144997029
158020924
171054535
184058204
197110160
210178716
223231161
236296734
249367738
262434902
275512944
288528639
301531084
314583544
327610791
340669631
353763004
366800945
379850942
392967265
406042997
419079454
432134209
445171691
458309908
471401889
484592325
497744710
510807697
523897199
536951419
549939681
562987276
575994800
589075229
602143694
615234924
628303603
641372878
654422646
667505737
680551818
693589667
706654184
719678110
732760222
745833827
758856805
771936423
785040460
798123092
811144417
824151498
837185828
850219072
863264739
876325554
889358675
902379618
915431252
928456769
941501488
954510711
967502660
980548526
993639007
1006697282
1019794709
1032819477
1045911733
1058929416
1071953159
1084985699
1097999772
1110991782
1124054172
1137092710
1150164403
1163209489
1176241065
1189342883
1202356130
1215384631
1228433710
1241478184
1254550122
1267610110
1280690325
1293770631
1306818196
1319876057
1332925672
1345945574
1358979124
1372011878
1385071362
1398150245
1411220989
1424250898
1437321933
1450420186
1463443898
1476490545
1489498390
1502551738
1515606463
1528689004
1541773457
1554787407
1567868356
1580898249
1593927010
1606986693
1619986904
1633031026
1646124383
1659159004
1672221088
1685289430
1698309562
1711371738
1724387142
1737406203
1750451518
1763462026
1776529466
1789580106
1802635580
1815689265
1828733326
1841805324
1854841383
1867854768
1880887017
1893916405
1906928520
1920003181
1933063383
1946151095
1959314067
1972390763
1985419784
1998534149
2011535140
2024556465
2037623445
2050701794
2063787333
2076817639
2089874919
2102878206
2115905788
2128923396
2141940024
2154949996
2168052702
2181109707
2194160714
2207217030
2220198055
2233235613
2246288303
2259298383
2272381658
2285381471
2298410002
2311527748
2324565521
2337625723
2350723548
2363743404
2376792423
2389842022
2402851275
2415900248
2428966738
2442027583
2455099643
2468138686
2481187964
2494222998
2507238402
2520308656
2533312126
2546370738
2559406491
2572482421
2585579512
2598600791
2611621764
2624691881
2637701609
2650731900
2663776863
2676768935
2689782013
2702861218
2715881947
2728966721
2742007248
2755098540
2768146257
2781176043
2794231839
2807262237
2820321032
2833380607
2846390121
2859424160
2872484163
2885511012
2898527013
2911558956
2924554822
2937602692
2950570728
2963634143
2976727592
2989738942
3002772828
3015846525
3028865754
3041913441
3054932777
3067954454
3081010893
3094077200
3107112448
3120182259
3133199943
3146280616
3159308031
3172330442
3185358668
3198421456
3211551870
3224617106
3237641109
3250718416
3263771397
3276813913
3289861860
3302861535
3315889929
3328955793
3342016638
3355099040
3368159992
3381201605
3394259497
3407296000
3420317754
3433346836
3446364213
3459387941
3472455319
3485524594
3498575004
3511665746
3524734960
3537812880
3550821949
3563880010
3576901059
3589913495
3603052630
3616108090
3629145862
3642220447
3655267353
3668305998
3681335861
3694301586
3707344652
3720383985
3733456932
3746531915
3759580397
3772641701
3785665413
3798713452
3811743162
3824753501
3837763045
3850793642
3863854212
3876968041
3890020440
3903074324
3916149474
3929200497
3942237596
3955330510
3968322474
3981366520
3994453497
4007502668
4020542032
4033600475
4046632342
4059721323
4072644101
4085700907
4098728123
4111769720
4124867377
4137982231
4151054199
4164120154
4177162578
4190236902
4203261976
4216275422
4229309645
4242326854
4255380217
4268497688
4281551066
4294614604
4307700266
4320718592
4333757940
4346798635
4359792925
4372848446
4385950157
4399041036
4412094093
4425191031
4438258470
4451328587
4464358817
4477398793
4490409331
4503471691
4516547545
4529630958
4542714279
4555783508
4568824570
4581908289
4594830072
4607851167
4620889812
4633898897
4646979862
4660061102
4673117586
4686194267
4699264169
4712334118
4725392545
4738430196
4751458574
4764449758
4777523700
4790659836
4803705840
4816689022
4829727927
4842784978
4855832726
4868876970
4881876003
4894924930
4907985178
4921068101
4934138677
4947221294
4960266043
4973359722
4986388529
4999436017
5012460708
5025486592
5038557597
5051627591
5064718057
5077793850
5090838125
5103906161
5116942128
5129988377
5143021361
5156034011
5169157968
5182261714
5195324227
5208418625
5221455036
5234494675
5247562910
5260621644
5273642173
5286699530
5299764399
5312859439
5325924966
5338997163
5352059217
5365107608
5378142933
5391188738
5404191336
5417225406
5430266116
5443352848
5456434104
5469495790
5482578438
5495657382
5508638086
5521692474
5534715834
5547718463
5560829247
5573902302
5586939309
5600058876
5613117303
5626181407
5639280120
5652286191
5665319067
5678359135
5691424157
5704503408
5717554002
5730662736
5743701243
5756753443
5769785922
5782801877
5795842174
5808875356
5821928919
5835024678
5848109223
5861178927
5874262630
5887341712
5900369800
5913453427
5926453347
5939469990
5952568581
5965634199
5978692351
5991775810
6004847916
6017902029
6030930407
6043953905
6056983278
6070026267
6083119701
6096184326
6109238117
6122317169
6135358415
6148427660
6161446445
6174447528
6187505971
6200522217
6213568603
6226676725
6239740630
6252823170
6265908434
6278943744
6291988340
6305056299
6318083041
6331121517
6344167965
6357271252
6370310784
6383383747
6396443169
6409521303
6422548488
6435586490
6448608060
6461661041
6474759921
6487831216
6500920611
6514013816
6527039608
6540136332
6553162216
6566161601
6579210497
6592240206
6605295299
6618368185
6631430835
6644530098
6657593667
6670675687
6683721354
6696769485
6709809951
6722857163
6735936766
6749076896
6762109405
6775125222
6788155452
6801243378
6814369263
6827406730
6840415463
6853472422
6866541911
6879615210
6892692656
6905785891
6918846996
6931921275
6944939417
6957969509
6970988708
6983992912
6997046581
7010129841
7023193792
7036271757
7049346525
7062431912
7075477181
7088545569
7101585193
7114617886
7127693404
7140825470
7153872239
7166955667
7180026824
7193089949
7206153701
7219171278
7232209647
7245269635
7258342567
7271430952
7284488033
7297566795
7310634127
7323685440
7336748610
7349797093
7362832311
7375859679
7388912094
7402013392
7415102251
7428186337
7441276206
7454360016
7467404598
7480471532
7493548947
7506569614
7519646142
7532740861
7545774365
7558882823
7571902955
7584958307
7597980902
7611004951
7624038761
7637086845
7650160038
7663236381
7676201770
7689262232
7702287994
7715338818
7728395486
7741419259
7754459220
7767499486
7780565824
7793693805
7806770226
7819832861
7832898586
7845952347
7858986785
7872088802
7885095975
7898127336
7911208041
7924294299
7937350462
7950431136
7963398927
7976436148
7989482764
8002544344
8015594188
8028697567
8041770040
8054874383
8067939007
8081012949
8094061661
8107115805
8120169933
8133199061
8146272391
8159314600
8172374680
8185463478
8198507799
8211589223
8224651873
8237713912
8250763817
8263813677
8276849338
8289895434
8302982105
8316118073
8329382316
8342477097
8355529114
8368540815
8381577532
8394643487
8407700109
8420761031
8433846846
8446900591
8459981418
8473060562
8486096346
8499187592
8512235615
8525256267
8538309585
8551330542
8564380739
8577467073
8590541887
8603634786
8616695631
8629750402
8642769600
8655817976
8668851786
8681886376
8694981569
8708087457
8721130187
8734211060
8747277566
8760322178
8773378968
8786421652
8799453075
8812571157
8825643615
8838735427
8851815397
8864896377
8877956212
8891051513
8904090601
8917154063
8930195415
8943225584
8956296328
8969396112
8982450072
8995563227
9008651092
9021742935
9034760726
9047824998
9060861898
9073911834
9087016636
9100103568
9113134869
9126215145
9139265448
9152301874
9165350969
9178394004
9191434271
9204546279
9217581313
9230667525
9243737336
9256791862
9269860082
9282940832
9295980349
9309028128
9322064722
9335095335
9348151574
9361256024
9374321306
9387420830
9400500157
9413578352
9426580399
9439626878
9452663028
9465659216
9478742490
9491838602
9504898192
9518002459
9531054659
9544094574
9557122493
9570136995
9583200058
9596279799
9609367801
9622468074
9635524589
9648569323
9661660845
9674759909
9687799548
9700837214
9713884977
9726912055
9739980214
9753086546
9766145493
9779225448
9792315287
9805394094
9818426496
9831492099
9844540460
9857576151
9870684029
9883773026
9896884835
9909965922
9923000895
9936078462
9949123885
9962144078
9975175593
9988217481
10001291561
10014380175
10027438419
10040522245
10053533518
10066645342
10079656462
10092691986
10105757191
10118788324
10131839622
10144943046
10158001887
10171083265
10184187822
10197253257
10210289607
10223344729
10236378539
10249423396
10262493115
10275574814
10288707951
10301781832
10314847389
10327889966
10340906686
10353965175
10366982721
10380098523
10393185332
10406230816
10419298500
10432372901
10445385888
10458476751
10471495108
10484533952
10497583704
10510607783
10523667726
10536774226
10549817001
10562926393
10576036091
10589103944
10602145801
10615213547
10628258403
10641292397
10654375626
10667462848
10680572546
10693668244
10706730298
10719783630
10732839044
10745895314
10758928696
10771987016
10785093578
10798193178
10811284087
10824359360
10837427488
10850503648
10863539845
10876621544
10889673561
10902705167
10915775391
10928860425
10941923259
10955043468
10968122184
10981194030
10994218858
11007304260
11020336938
11033368162
11046454374
11059529999
11072624688
11085716729
11098737106
11111766264
11124802170
11137848083
11150869086
11163925984
11177022034
11190111521
11203195117
11216274705
11229362722
11242436465
11255413313
11268463678
11281509085
11294546139
11307621825
11320720445
11333794678
11346871450
11359937635
11373031115
11385976628
11398993501
11412019431
11425046892
11438129937
11451186468
11464261266
11477346270
11490406120
11503497137
11516527535
11529550864
11542600372
11555646498
11568729957
11581825915
11594964637
11608023447
11621105391
11634157622
11647179238
11660222213
11673254477
11686317021
11699371837
11712475216
11725551530
11738635110
11751732171
11764826691
11777852376
11790927236
11803955049
11816970866
11830056757
11843118290
11856183496
11869259059
11882319920
11895399140
11908429416
11921464052
11934493226
11947516876
11960598407
11973721890
11986744393
11999814786
12012866604
12025934930
12038964058
12052004524
12065048646
12078092278
12091137012
12104237989
12117281331
12130338902
12143421305
12156511220
12169524681
12182575290
12195565984
12208640217
12221721227
12234699819
12247785129
12260864870
12273920987
12286994745
12300032518
12313092567
12326129024
12339164762
12352239621
12365300619
12378377254
12391457362
12404487637
12417561778
12430591151
12443627195
12456703600
12469718744
12482761871
12495870024
12508894669
12521978051
12535057990
12548133233
12561209561
12574270789
12587275269
12600324837
12613316159
12626401928
12639453057
12652567560
12665633897
12678682043
12691716848
12704774923
12717783014
12730830058
12743925527
12756996057
12770103276
12783156012
12796212558
12809344946
12822354062
12835407241
12848445947
12861493175
12874548222
12887603589
12900659890
12913735331
12926813679
12939876406
12952899705
12965945648
12978973674
12992016924
13005031303
13018114517
13031152106
13044248799
13057280115
13070322982
13083361948
13096410676
13109456802
13122518657
13135609888
13148696024
13161782083
13174842852
13187911438
13200964572
13213988911
13227040485
13240068297
13253090081
13266144714
13279239846
13292300554
13305372583
13318386289
13331487648
13344502624
13357523230
13370547508
13383574387
13396635936
13409701952
13422774869
13435894313
13448948655
13461993129
13475055734
13488101217
13501146120
13514236188
13527279927
13540385479
13553450226
13566530379
13579603342
13592645307
13605687761
13618750733
13631792697
13644868506
13657908604
13670988895
13684047507
13697121096
13710201449
13723244745
13736246562
13749312258
13762351346
13775381040
13788464315
13801530010
13814585898
13827680954
13840756976
13853806117
13866824214
13879860563
13892908174
13905928566
13919003961
13932062633
13945100742
13958166988
13971235116
13984284073
13997323299
14010356069
14023443444
14036499959
14049541006
14062660144
14075684437
14088736179
14101838731
14114888239
14127930066
14140990728
14154004816
14167023953
14180124318
14193205389
14206279362
14219374907
14232430168
14245518981
14258530468
14271573627
14284613434
14297665726
14310764867
14323851171
14336947298
14350035561
14363098976
14376183077
14389224415
14402251921
14415306707
14428331414
14441361567
14454494184
14467527474
14480598662
14493676337
14506647600
14519681456
14532716918
14545733271
14558809599
14571863452
14584982896
14598031241
14611088736
14624180624
14637218045
14650255068
14663330142
14676337957
14689412067
14702482521
14715571227
14728657500
14741736185
14754810800
14767878285
14780890660
14793926505
14806970030
14819996236
14833058060
14846134083
14859189894
14872286495
14885367276
14898443161
14911488997
14924535903
14937560931
14950585760
14963683539
14976768252
14989806193
15002853589
15015947911
15028979854
15042035681
15055061504
15068119549
15081204247
15094302684
15107392109
15120483309
15133541125
15146636166
15159734297
15172757381
15185800983
15198821467
15211874463
15224960400
15238114391
15251197712
15264282165
15277355694
15290431135
15303486028
15316550683
15329609845
15342646286
15355751532
15368809653
15381871141
15394956894
15408053297
15421110363
15434153842
15447188524
15460255841
15473323969
15486358727
15499463896
15512526317
15525592731
15538673742
15551715936
15564762430
15577813850
15590843498
15603877017
15616921767
15630022713
15643083604
15656189492
15669272935
15682348912
15695340066
15708397024
15721409889
15734437395
15747478365
15760535798
15773583378
15786683743
15799783022
15812829913
15825889427
15838867116
15851907567
15864952576
15878044587
15891137455
15904179772
15917248083
15930324029
15943406202
15956434198
15969463495
15982497182
15995523878
16008577057
16021688714
16034738787
16047810878
16060934881
16074009909
16087041868
16100079549
16113100078
16126135938
16139207004
16152314116
16165369989
16178605422
16191712274
16204741127
16217776344
16230800561
16243846871
16256895935
16269962043
16283045930
16296104312
16309166319
16322221825
16335293579
16348294463
16361287896
16374343004
16387343551
16400395293
16413503216
16426557543
16439651865
16452804311
16465840569
16478873629
16491923794
16504960113
16518006714
16531085751
16544159861
16557204029
16570269280
16583373271
16596427843
16609436883
16622468780
16635519359
16648576394
16661653641
16674735018
16687808838
16700789434
16713850753
16726949221
16739955017
16752998940
16766017052
16779044252
16792114736
16805194859
16818232724
16831340127
16844415415
16857490060
16870509228
16883529543
16896565036
16909611209
16922688884
16935783695
16948805892
16961877936
16974969060
16988009969
17001059156
17014116528
17027143605
17040238447
17053298711
17066377900
17079418993
17092490456
17105568973
17118627125
17131653621
17144707184
17157750786
17170767597
17183811230
17196887925
17209956023
17223061253
17236148720
17249242230
17262248118
17275342577
17288374826
17301405683
17314508557
17327591052
17340626790
17353701420
17366767436
17379832642
17392880176
17405861277
17418897168
17431959803
17445007811
17458093060
17471147280
17484212975
17497286718
17510343065
17523389298
17536425984
17549455158
17562502570
17575548880
17588615891
17601669805
17614714631
17627796728
17640862759
17653880856
17667007644
17680040108
17693060331
17706134227
17719197597
17732238949
17745291318
17758379994
17771488055
17784532697
17797555078
17810591932
17823663396
17836753540
17849828017
17862877755
17875948269
17889008181
17902053619
17915097006
17928112426
17941124586
17954165817
17967186606
17980276001
17993325524
18006417198
18019567411
18032710310
18045739912
18058795892
18071788483
18084823074
18097882373
18110962634
18124010964
18137060777
18150149407
18163240286
18176276238
18189372655
18202404981
18215496900
18228561219
18241616907
18254636198
18267708609
18280750498
18293841468
18306855511
18319907405
18332944688
18345961316
18359008728
18372079640
18385136308
18398184347
18411231468
18424277549
18437323920
18450393287
18463408247
18476429603
18489498067
18502547330
18515583206
18528610222
18541665942
18554716398
18567760000
18580804321
18593858970
18606887226
18619977217
18633035186
18646124519
18659161359
18672212748
18685311614
18698361443
18711381146
18724434326
18737412076
18750477710
18763553702
18776565358
18789637402
18802706341
18815774056
18828812058
18841830568
18854873573
18867884433
18881007059
18894107332
18907130142
18920195821
18933272747
18946328527
18959419253
18972468210
18985510665
18998592532
19011686608
19024753405
19037816071
19050871928
19063934793
19077007908
19089970956
19103032428
19116081936
19129122279
19142187836
19155264792
19168310367
19181392036
19194447159
19207534656
19220565942
19233631820
19246673173
19259691622
19272765518
19285839108
19298868297
19311918631
19324951982
19337966330
19350981244
19364002952
19377042882
19390156236
19403239312
19416338423
19429417215
19442474908
19455561151
19468644410
19481624640
19494655068
19507680631
19520719307
19533763260
19546827992
19559876031
19572940272
19586033752
19599126651
19612164744
19625252793
19638300204
19651319265
19664415637
19677493205
19690575607
19703651033
19716719161
19729817675
19742848164
19755871402
19768927948
19781956250
19795073383
19808160131
19821225107
19834280766
19847348955
19860421703
19873459215
19886491970
19899552570
19912597350
19925649183
19938732305
19951780099
19964838282
19977948163
19991006316
20004036668
20017087369
20030121469
20043179010
20056275320
20069354709
20082415339
20095551246
20108609490
20121712456
20134755431
20147807907
20160865340
20173902301
20187009796
20200089705
20213166630
20226247824
20239307537
20252377241
20265393318
20278386981
20291464625
20304477443
20317548371
20330665857
20343696821
20356768177
20369840206
20382906880
20395929016
20408983803
20422001976
20435040850
20448119229
20461191488
20474219254
20487282333
20500352710
20513433292
20526426710
20539424825
20552447894
20565479394
20578551576
20591597978
20604679539
20617722100
20630766498
20643829424
20656826942
20669857447
20682901600
20695906141
20708965808
20722056381
20735094842
20748188123
20761261575
20774316866
20787363880
20800413479
20813444994
20826472730
20839549380
20852651764
20865691205
20878768803
20891836916
20904886117
20917953541
20930972480
20943988664
20957045393
20970132906
20983230762
20996347192
21009406446
21022489292
21035558827
21048566260
21061599810
21074635410
21087584748
21100632833
21113751757
21126838015
21139916991
21152990168
21166107883
21179143651
21192188967
21205213964
21218247529
21231341896
21244422646
21257483002
21270591338
21283658119
21296722269
21309863715
21322891879
21335929315
21349005307
21362101617
21375189956
21388272894
21401340426
21414413832
21427483398
21440486011
21453484157
21466518579
21479580540
21492664075
21505767393
21518832262
21531902425
21545024317
21558109932
21571138984
21584239655
21597281788
21610312263
21623414326
21636480969
21649530569
21662618755
21675702366
21688789053
21701831462
21714783019
21727806807
21740852704
21753953329
21767044223
21780130925
21793197615
21806275167
21819355260
21832394256
21845427454
21858443929
21871464260
21884527002
21897635002
21910694592
21923761603
21936847571
21949967275
21962991568
21976070008
21989078343
22002103601
22015190211
22028274082
22041345224
22054422195
22067506388
22080566468
22093623198
22106665025
22119692409
22132730380
22145820586
22158892906
22171988849
22185078687
22198136411
22211245145
22224291027
22237309231
22250356459
22263411474
22276466704
22289557522
22302602241
22315681186
22328796361
22341902586
22354928394
22367992498
22381007718
22394037168
22407114996
22420216860
22433250195
22446301692
22459397941
22472479992
22485532575
22498581563
22511602215
22524702977
22537782473
22550845338
22563940118
22576983368
22590025532
22603106251
22616136756
22629178109
22642214306
22655242929
22668330503
22681404812
22694432548
22707541863
22720626852
22733724585
22746772884
22759812508
22772852423
22785891343
22798939060
22812014609
22825033899
22838095494
22851155191
22864198579
22877255782
22890300868
22903295740
22916372191
22929443608
22942524404
22955622428
22968681345
22981769883
22994850037
23007854241
23020918376
23033953150
23046970482
23060025436
23073090519
23086162074
23099215881
23112280245
23125347608
23138382856
23151408848
23164469754
23177486979
23190548298
23203615278
23216642325
23229726105
23242778566
23255847397
23268935568
23281954415
23294985073
23308047035
23321115713
23334215573
23347279800
23360324794
23373426199
23386503782
23399529361
23412595255
23425616962
23438664909
23451698169
23464796774
23477884409
23490947519
23504047287
23517135442
23530166009
23543225293
23556288295
23569339486
23582453223
23595519515
23608582624
23621672203
23634751622
23647844291
23660915525
23673975681
23687026734
23700085544
23713164948
23726228547
23739310812
23752379460
23765474026
23778528660
23791582727
23804617164
23817646766
23830694958
23843751626
23856865899
23869948914
23883012543
23896107584
23909184754
23922208756
23935287288
23948314182
23961386457
23974489851
23987577348
24000646272
24013740394
24027030831
24040099311
24053159498
24066193308
24079272360
24092318593
24105408371
24118475795
24131523283
24144588427
24157649578
24170746317
24183790011
24196821403
24209866780
24222913090
24235979427
24249081185
24262140546
24275214350
24288309558
24301397959
24314447589
24327492889
24340532987
24353588936
24366711609
24379810994
24392885548
24405928094
24419004515
24432076238
24445128760
24458210321
24471257472
24484337397
24497443254
24510532649
24523623895
24536667007
24549753771
24562872113
24575902052
24588954191
24602005581
24615049443
24628144606
24641235225
24654283325
24667375963
24680432769
24693516411
24706560946
24719617186
24732649909
24745718588
24758838782
24771924642
24784967999
24798039478
24811123502
24824189763
24837264409
24850325193
24863365215
24876435194
24889526210
24902637408
24915696401
24928737127
24941815735
24954923796
24967960390
24981023913
24994088828
25007133363
25020241454
25033332073
25046439629
25059502279
25072593525
25085710996
25098740537
25111833741
25124895306
25137926866
25151014379
25164120007
25177175237
25190257181
25203319709
25216404300
25229458336
25242528514
25255573462
25268640840
25281714951
25294827953
25307937253
25320987939
25334069929
25347136450
25360170275
25373212148
25386253011
25399312785
25412378144
25425470721
25438557668
25451636062
25464700059
25477789867
25490820861
25503881339
25516920519
25529966493
25543062880
25556169196
25569218016
25582288285
25595379486
25608472277
25621519505
25634556329
25647547666
25660539554
25673624910
25686722123
25699798375
25712865156
25725935977
25739019940
25752068530
25765087851
25778126847
25791185841
25804227974
25817336830
25830409365
25843479237
25856556330
25869635673
25882663133
25895752543
25908760726
25921813477
25934874200
25947967175
25961024990
25974083188
25987133874
26000229267
26013254095
26026344286
26039395614
26052410177
26065515483
26078580750
26091653468
26104738257
26117827377
26130915685
26143951392
26156986564
26170087709
26183134157
26196194099
26209298718
26222359593
26235431454
26248502458
26261590185
26274630054
26287687625
26300711383
26313753715
26326847317
26339944989
26353000081
26366049237
26379116340
26392170636
26405226968
26418323508
26431347250
26444391786
26457498913
26470593954
26483671139
26496728388
26509774928
26522873319
26535889702
26548935309
26561989422
26575017188
26588070934
26601171513
26614226177
26627310125
26640361713
26653451567
26666490456
26679517534
26692550686
26705592988
26718670234
26731770768
26744819495
26757890744
26770938768
26783979661
26797027058
26810092615
26823122263
26836195440
26849267775
26862363719
26875420846
26888447511
26901471942
26914530798
26927559604
26940598326
26953620951
26966675447
26979724863
26992832051
27005884558
27018896060
27031933573
27045021545
27058028427
27071074354
27084111316
27097132105
27110244863
27123333570
27136359194
27149451878
27162511147
27175542815
27188591221
27201632620
27214648820
27227732997
27240797973
27253906019
27266988452
27280023348
27293105766
27306193753
27319233377
27332273368
27345290608
27358315774
27371390817
27384553774
27397633836
27410706845
27423827207
27436926195
27449969995
27463026327
27476067695
27489100051
27502167797
27515118834
27528192821
27541272409
27554330209
27567385087
27580452771
27593516003
27606554127
27619622684
27632706096
27645800173
27658869173
27671937193
27685001496
27698048464
27711086191
27724124239
27737169034
27750218557
27763263291
27776372867
27789431218
27802513896
27815626700
27828696939
27841755168
27854814743
27867849455
27880878690
27893985328
27907089059
27920153240
27933254033
27946313088
27959392125
27972432437
27985489686
27998560752
28011608332
28024700940
28037775937
28050838128
28063911397
28076878484
28090007046
28103032656
28116083142
28129119247
28142139762
28155205411
28168304506
28181368013
28194488834
28207581182
28220690742
28233745084
28246780975
28259812964
28272850920
28285941478
28299024891
28312039254
28325097284
28338167753
28351219509
28364241630
28377292790
28390320878
28403372421
28416455588
28429520977
28442598652
28455647303
28468699703
28481835273
28494864875
28507888801
28520951023
28533949108
28547022759
28560110486
28573149896
28586241555
28599407572
28612495116
28625557353
28638597879
28651636494
28664650566
28677718557
28690812587
28703872728
28716915229
28730002038
28743064520
28756136779
28769193707
28782245280
28795338056
28808400416
28821468911
28834542455
28847600638
28860677961
28873778907
28886834550
28899889795
28912922917
28925956956
28939023692
28952139984
28965210238
28978284104
28991376191
29004495467
29017525957
29030606386
29043630434
29056657007
29069741261
29082834374
29095911468
29108992692
29122049024
29135128672
29148188752
29161243095
29174292893
29187374913
29200451441
29213555248
29226624386
29239680029
29252775238
29265838668
29278929563
29291976332
29305009713
29318071002
29331144423
29344246517
29357305327
29370378382
29383489028
29396594151
29409652625
29422743458
29435794006
29448847691
29461946051
29475012251
29488051982
29501087169
29514141236
29527214015
29540264961
29553315632
29566413273
29579474990
29592579394
29605650154
29618735035
29631779708
29644786192
29657891606
29670964507
29683984578
29697076849
29710111072
29723176721
29736276918
29749330863
29762312867
29775435003
29788466151
29801525130
29814639968
29827673258
29840717028
29853810217
29866907155
29879956449
29893037229
29906096820
29919181395
29932215557
29945281099
29958355102
29971418426
29984511967
29997545945
30010634177
30023705885
30036700114
30049770934
30062795472
30075846495
30088913093
30101932612
30114964755
30128061968
30141089780
30154149799
30167235644
30180240307
30193306064
30206375614
30219432481
30232465067
30245569272
30258698141
30271753861
30284824360
30297925077
30310979343
30324032155
30337090032
30350161602
30363243102
30376326285
30389410983
30402516489
30415583484
30428625220
30441705802
30454731243
30467785203
30480844824
30493885059
30506992340
30520089400
30533148333
30546237942
30559332997
30572435122
30585499210
30598477650
30611526316
30624550089
30637639315
30650736590
30663688606
30676764322
30689833873
30702908901
30715953957
30728998844
30742067752
30755160405
30768240773
30781328669
30794414590
30807470295
30820532746
30833607927
30846647811
30859692851
30872690201
30885736771
30898809550
30911900536
30924972489
30938017621
30951072132
30964172283
30977206873
30990286323
31003331347
31016366718
31029528114
31042623430
31055654991
31068707054
31081762559
31094833349
31107864390
31120897940
31133941924
31147014474
31160104404
31173197486
31186184493
31199239738
31212314935
31225399724
31238447258
31251485092
31264520493
31277568318
31290619478
31303708842
31316771003
31329843644
31342928755
31356021807
31369028918
31382103150
31395136685
31408181388
31421277882
31434338880
31447390775
31460477538
31473513184
31486610734
31499661374
31512685300
31525742565
31538824615
31551909313
31564995235
31578070324
31591126044
31604196818
31617242577
31630286654
31643305362
31656323169
31669364919
31682414718
31695549645
31708582659
31721644820
31734740809
31747805877
31760825198
31773891260
31786918491
31799942356
31813018455
31826075139
31839121540
31852166688
31865320725
31878486650
31891508281
31904550996
31917590727
31930669748
31943768996
31956866072
31969928003
31982981994
31996026972
32009119672
32022129614
32035166300
32048215410
32061246680
32074319582
32087427260
32100475406
32113537674
32126604807
32139680478
32152698100
32165805228
32178826584
32191912796
32204881917
32217969583
32231021294
32244064468
32257118474
32270186709
32283193392
32296264794
32309266718
32322326798
32335426964
32348481047
32361556580
32374597948
32387631880
32400731556
32413751811
32426793500
32439843161
32452865297
32465950254
32479031525
32492105712
32505161752
32518222689
32531244749
32544270694
32557298736
32570334382
32583379147
32596473728
32609558120
32622639528
32635706830
32648756796
32661801714
32674853961
32687912006
32700922116
32714002973
32727100110
32740182497
32753258428
32766345038
32779373784
32792397725
32805424298
32818472154
32831517331
32844532552
32857587537
32870686693
32883768836
32896847582
32909904112
32923000881
32936020172
32949076090
32962104713
32975135065
32988244717
33001352564
33014409523
33027522418
33040554316
33053644996
33066685476
33079705119
33092733573
33105818562
33118878933
33131971311
33145032125
33158087523
33171139556
33184207316
33197240652
33210275579
33223310720
33236342724
33249385760
33262464858
33275545822
33288598359
33301691625
33314788242
33327799606
33340930709
33353900427
33366914056
33380025973
33393089434
33406137167
33419199756
33432248484
33445322594
33458376217
33471445049
33484483449
33497547614
33510622642
33523665234
33536728129
33549793641
33562855740
33575968988
33589008994
33602063490
33615129292
33628173200
33641269801
33654358247
33667444765
33680543952
33693633531
33706749501
33719794496
33732872217
33745892685
33758931957
33772028420
33785101995
33798192399
33811250536
33824331103
33837427964
33850449871
33863530774
33876574743
33889639796
33902733673
33915811869
33928859219
33941927224
33955006338
33968144937
33981192150
33994237404
34007309801
34020367953
34033419924
34046542535
34059579741
34072658365
34085738090
34098814572
34111850876
34124916112
34137936626
34150979203
34164031204
34177125587
34190171606
34203197277
34216264211
34229312954
34242340904
34255395644
34268416434
34281496755
34294615526
34307694594
34320769515
34333841299
34346894815
34360016478
34373059437
34386088014
34399140567
34412169404
34425234503
34438370134
34451434223
34464524459
34477590108
34490690488
34503731948
34516776116
34529822013
34542848663
34555926200
34569002161
34582050950
34595114778
34608157738
34621197469
34634264724
34647280450
34660312607
34673377874
34686393400
34699496672
34712595308
34725663727
34738733553
34751834010
34764869441
34777919989
34790941192
34803977817
34817024892
34830110370
34843171950
34856213165
34869270399
34882354500
34895384347
34908424063
34921476003
34934522084
34947558357
34960542824
34973575349
34986637984
34999690077
35012751657
35025810023
35038875366
35051903072
35064969302
35078043076
35091158725
35104210635
35117276499
35130354740
35143397271
35156462751
35169519282
35182542657
35195571648
35208627260
35221766211
35234843902
35247899943
35260993300
35274062147
35287097288
35300203666
35313226200
35326243134
35339365806
35352442180
35365488812
35378591839
35391632166
35404681215
35417745946
35430806944
35443850715
35456896642
35470011404
35483092644
35496154744
35509240329
35522287297
35535356526
35548416423
35561457393
35574567902
35587592975
35600648955
35613750284
35626797512
35639865180
35652982268
35666054129
35679114592
35692206220
35705201306
35718259718
35731350092
35744427094
35757479050
35770524993
35783568671
35796630082
35809665866
35822710355
35835789177
35848815184
35861869619
35874936798
35887979925
35901053638
35914108118
35927208881
35940252192
35953294707
35966340222
35979357049
35992397835
36005505973
36018589248
36031624618
36044642547
36057725316
36070762064
36083772480
36096798717
36109865835
36122943555
36136037035
36149067234
36162123612
36175182560
36188225397
36201275914
36214319302
36227329182
36240408984
36253531243
36266616048
36279710676
36292771949
36305812659
36318904578
36331938220
36344982924
36358038980
36371076706
36384140611
36397218072
36410275934
36423337788
36436410124
36449507214
36462563225
36475604929
36488651591
36501704587
36514805457
36527885029
36540933191
36554008509
36567078045
36580118082
36593154875
36606142097
36619185790
36632273915
36645371679
36658465771
36671532384
36684569300
36697655803
36710752068
36723811520
36736849048
36749941029
36762983345
36776039463
36789167735
36802245915
36815329082
36828409955
36841500788
36854547144
36867601226
36880651239
36893668402
36906792237
36919871672
36932915825
36946000752
36959046603
36972116964
36985188795
36998230438
37011272204
37024340669
37037428319
37050559636
37063611806
37076687951
37089773704
37102838711
37115889733
37128944627
37142003406
37155062262
37168120980
37181225935
37194317059
37207390129
37220465570
37233554399
37246591161
37259655786
37272648668
37285709452
37298846200
37311929031
37325000754
37338072126
37351125474
37364191169
37377233027
37390270753
37403336265
37416386675
37429457159
37442586028
37455672317
37468740858
37481807532
37494862196
37507920669
37520941459
37533973662
37546999333
37560059658
37573177663
37586250106
37599296676
37612378482
37625433299
37638461142
37651510313
37664529052
37677570527
37690675926
37703763026
37716852436
37729920824
37742947366
37756000821
37769047437
37782079472
37795121758
37808165024
37821253669
37834355686
37847412415
37860467309
37873500185
37886611490
37899662466
37912678987
37925768290
37938793379
37951857743
37964960586
37977899842
37991008286
38004083987
38017132087
38030191632
38043252293
38056288536
38069341945
38082441116
38095539921
38108595258
38121644505
38134725317
38147775543
38160853264
38173905281
38186928672
38200010126
38213088826
38226203604
38239301735
38252342200
38265422231
38278501635
38291535216
38304585641
38317625632
38330654638
38343724479
38356826742
38369883930
38382969132
38396048108
38409122295
38422145853
38435194657
38448238917
38461258253
38474334383
38487433998
38500478197
38513541077
38526590018
38539616576
38552665074
38565678305
38578690772
38591778851
38604850926
38617970064
38631046010
38644102494
38657173223
38670246063
38683277716
38696332166
38709365654
38722396603
38735447212
38748562036
38761605500
38774650387
38787738022
38800821221
38813845040
38826882828
38839932274
38852938972
38866027602
38879106685
38892154923
38905225988
38918265321
38931314033
38944391356
38957421846
38970471078
38983544439
38996615489
39009755160
39022800093
39035857403
39048943707
39062030241
39075090903
39088134382
39101237547
39114295240
39127350914
39140465385
39153516668
39166585790
39179692856
39192797291
39205851021
39218925162
39231974869
39245014386
39258100690
39271192380
39284263292
39297344899
39310421258
39323487917
39336560253
39349568420
39362618983
39375694975
39388761542
39401873397
39414926348
39427992991
39441032554
39454120817
39467189939
39480212840
39493248379
39506290389
39519340876
39532459311
39545515504
39558593057
39571694967
39584704924
39597765463
39610844194
39623865152
39636912395
39649994064
39663090955
39676171905
39689236070
39702302499
39715527789
39728652113
39741678793
39754735614
39767787387
39780885472
39793999423
39807081015
39820154268
39833185278
39846276142
39859336008
39872384934
39885446513
39898490972
39911573436
39924683547
39937732519
39950813132
39963947019
39977011337
39990072779
40003129171
40016169560
40029199759
40042272890
40055385419
40068436472
40081462570
40094534324
40107588743
40120640883
40133705292
40146745635
40159799748
40172864541
40185871346
40198963633
40212033260
40225097869
40238182046
40251261787
40264306903
40277422109
40290460586
40303518600
40316619776
40329675327
40342782210
40355793253
40368899340
40381945176
40394988304
40408050786
40421094281
40434180065
40447298774
40460365387
40473443812
40486515459
40499572586
40512642963
40525674585
40538723695
40551752991
40564834078
40577939829
40591015101
40604055337
40617127933
40630213426
40643268350
40656352023
40669399985
40682449110
40695508685
40708620433
40721667065
40734758173
40747862730
40760941216
40774012572
40787085657
40800123659
40813157592
40826240622
40839336442
40852391259
40865460412
40878503111
40891549697
40904619278
40917651313
40930693829
40943778465
40956862750
40969955296
40983053841
40996108382
41009178713
41022256541
41035346563
41048402940
41061444339
41074495453
41087554110
41100653007
41113732732
41126786432
41139899190
41152990772
41166033640
41179128282
41192159094
41205224789
41218323379
41231388064
41244452214
41257510764
41270550036
41283597004
41296641830
41309667500
41322738305
41335801369
41348890213
41361993928
41375096910
41388151497
41401217666
41414313977
41427385654
41440422249
41453505569
41466545101
41479581390
41492697988
41505756538
41518832515
41531963954
41545050610
41558069992
41571143674
41584164326
41597209320
41610299832
41623389762
41636465050
41649506235
41662568625
41675645458
41688680676
41701732785
41714801708
41727865200
41740977805
41754053843
41767196558
41780299784
41793363215
41806442986
41819508451
41832548657
41845580738
41858612803
41871679371
41884780791
41897830406
41910921040
41924015346
41937101436
41950153300
41963239818
41976288775
41989355863
42002451531
42015568236
42028629739
42041712034
42054800909
42067860775
42080925506
42093981149
42107035553
42120100835
42133195998
42146292660
42159434427
42172513739
42185595789
42198696491
42211743704
42224802162
42237864445
42250904451
42263979174
42277087035
42290183560
42303270690
42316346025
42329425077
42342441031
42355531773
42368574502
42381607823
42394706183
42407806793
42420878715
42433938826
42447005546
42460074806
42473112273
42486162209
42499195162
42512285031
42525368719
42538446700
42551565226
42564620180
42577709131
42590797868
42603835182
42616870200
42629933601
42642977310
42656042943
42669141840
42682242388
42695333757
42708416312
42721518942
42734569581
42747687572
42760741563
42773798705
42786895367
42799989061
42813066752
42826154081
42839211897
42852253892
42865302206
42878342794
42891395637
42904448633
42917517633
42930600786
42943719250
42956802938
42969846708
42982923358
42995971719
43009007609
43022050722
43035077922
43048144336
43061237831
43074287859
43087381431
43100467276
43113539627
43126574829
43139647225
43152697881
43165748520
43178840103
43191921680
43205000961
43218086271
43231135503
43244204656
43257284412
43270314014
43283375135
43296423480
43309494683
43322559750
43335619861
43348708965
43361784835
43374871124
43387929888
43400985867
43414074880
43427125795
43440182096
43453298052
43466347896
43479455452
43492554531
43505617457
43518677644
43531754248
43544790139
43557874760
43571015196
43584098119
43597157495
43610184665
43623278037
43636335761
43649370076
43662368069
43675431193
43688483241
43701596366
43714663912
43727752313
43740859471
43753939915
43767017299
43780010840
43793045981
43806100231
43819145792
43832208794
43845324428
43858406479
43871493732
43884605939
43897657849
43910719168
43923772103
43936817281
43949855298
43963019571
43976126102
43989193189
44002263704
44015340675
44028390397
44041434121
44054488632
44067502980
44080576050
44093659968
44106678416
44119770244
44132872904
44145953164
44159078346
44172112615
44185165274
44198219127
44211234455
44224300364
44237388841
44250455362
44263550938
44276635100
44289730676
44302782586
44315839147
44328887002
44341915381
44354995351
44368079085
44381110049
44394124167
44407195416
44420213376
44433300185
44446345806
44459379478
44472429919
44485489311
44498579624
44511663021
44524757664
44537841214
44550954308
44563989939
44577038651
44590081947
44603123101
44616186547
44629280914
44642367815
44655436922
44668499297
44681630308
44694673925
44707755257
44720803969
44733832118
44746938847
44760027309
44773077031
44786120587
44799153494
44812211723
44825292611
44838324523
44851380090
44864434815
44877498077
44890628736
44903730203
44916837009
44929911272
44942964635
44955994972
44969043363
44982085022
44995133826
45008209083
45021315277
45034408359
45047480067
45060574159
45073644628
45086665923
45099748448
45112787077
45125837732
45138947277
45152028027
45165101265
45178231282
45191304581
45204387320
45217452602
45230462192
45243513108
45256581985
45269667876
45282748229
45295827327
45308932052
45321976694
45335053222
45348122788
45361171117
45374242122
45387274723
45400330917
45413454859
45426503479
45439541711
45452628428
45465689166
45478745237
45491817420
45504837597
45517868393
45530957803
45544039211
45557098281
45570165476
45583257319
45596303154
45609340422
45622404664
45635442008
45648483728
45661576152
45674643408
45687735128
45700858367
45713924964
45726990690
45740022557
45753067092
45766108353
45779146065
45792197393
45805307825
45818361862
45831435192
45844531670
45857551374
45870614927
45883712782
45896770491
45909812777
45922889106
45935983871
45949039009
45962094407
45975171883
45988219111
46001280951
46014341382
46027376156
46040449624
46053534811
46066633983
46079736183
46092818571
46105881267
46118986727
46132023444
46145118913
46158159699
46171197258
46184265279
46197347375
46210418272
46223517184
46236585312
46249699462
46262724459
46275803144
46288825280
46301857131
46314909439
46328014531
46341067711
46354135747
46367211632
46380283416
46393408751
46406458641
46419499504
46432587920
46445656277
46458718484
46471811520
46484880765
46497994701
46511080347
46524107287
46537182774
46550224693
46563262573
46576346169
46589443902
46602544405
46615643485
46628743788
46641835386
46654876357
46667978986
46681062307
46694117873
46707189459
46720275610
46733330381
46746414819
46759476352
46772517598
46785594125
46798624508
46811643431
46824713487
46837787765
46850886034
46863973531
46877056546
46890161424
46903256756
46916309201
46929347922
46942392503
46955445668
46968506406
46981649197
46994703417
47007778614
47020874389
47033984836
47047025394
47060115844
47073169177
47086227038
47099318667
47112397948
47125467866
47138533730
47151602974
47164703676
47177761155
47190834699
47203892010
47216957919
47230041163
47243122128
47256207039
47269277845
47282357172
47295447072
47308478128
47321543869
47334598303
47347644185
47360707539
47373829324
47386882335
47399966344
47413055448
47426134715
47439185079
47452290401
47465320677
47478366360
47491460467
47504531318
47517577873
47530627426
47543693917
47556767339
47569964721
47583104759
47596127323
47609231085
47622323830
47635407457
47648514722
47661572017
47674687055
47687760645
47700794715
47713848690
47726906536
47739938923
47752992975
47766107890
47779163105
47792217111
47805344526
47818410466
47831447412
47844535706
47857583377
47870619635
47883684871
47896762623
47909815925
47922882156
47935956526
47949035195
47962073779
47975122384
47988169948
48001281253
48014383408
48027475771
48040610086
48053687195
48066787178
48079890863
48092928069
48106000007
48119061096
48132089704
48145159163
48158257509
48171331251
48184375695
48197406567
48210483508
48223524968
48236620727
48249661728
48262689938
48275806353
48288913098
48301969827
48315008043
48328074075
48341148124
48354182271
48367258951
48380325396
48393390464
48406524274
48419658483
48432780298
48445853414
48458953962
48472042730
48485098113
48498168153
48511232181
48524304455
48537371205
48550498116
48563565846
48576657704
48589757289
48602859336
48615928030
48628988615
48642022762
48655068230
48668163959
48681267705
48694375935
48707461443
48720523451
48733558347
48746596257
48759618286
48772652050
48785689150
48798773327
48811880317
48824956952
48838040747
48851185895
48864268557
48877302031
48890386468
48903453418
48916503614
48929556488
48942685908
48955740342
48968838611
48981959064
48995077147
49008123181
49021203258
49034249232
49047303880
49060402057
49073448077
49086513282
49099619997
49112685539
49125787219
49138827547
49151884689
49164945167
49178043008
49191136227
49204266366
49217353619
49230441147
49243535285
49256599022
49269643939
49282660629
49295740950
49308809461
49321872142
49334997798
49348065160
49361124261
49374234158
49387326720
49400382761
49413466663
49426521021
49439573986
49452676095
49465785273
49478886020
49491976394
49505074189
49518145836
49531199046
49544253557
49557314769
49570362900
49583490453
49596532509
49609610230
49622681280
49635780436
49648940976
49661985144
49675067302
49688092911
49701088991
49714147312
49727291832
49740300872
49753378990
49766489423
49779593903
49792643136
49805695489
49818731793
49831782402
49844865310
49857955041
49871024515
49884086783
49897163265
49910214716
49923244792
49936285747
49949319037
49962376149
49975466599
49988558213
50001635413
50014696610
50027769297
50040882377
50053919262
50066990113
50080074428
50093098232
50106160515
50119286339
50132348056
50145421264
50158564713
50171668154
50184672939
50197727420
50210765422
50223800639
50236911117
50249971947
50263047679
50276137395
50289229789
50302239226
50315321766
50328334539
50341368272
50354432116
50367533261
50380653072
50393764132
50406855913
50419923888
50432980235
50446016386
50459081239
50472161255
50485277838
50498351122
50511452221
50524534395
50537603211
50550664714
50563776997
50576807487
50589889064
50602919523
50615923360
50629074169
50642170877
50655274425
50668360729
50681409074
50694492012
50707562266
50720600957
50733664847
50746735101
50759813327
50772951758
50786014409
50799089605
50812214695
50825351581
50838357346
50851331118
50864362618
50877425743
50890495248
50903628599
50916695870
50929783521
50942855091
50955959052
50968964847
50982078125
50995126501
51008159408
51021257355
51034331205
51047388516
51060442338
51073520335
51086612346
51099681040
51112771062
51125826353
51138889937
51152024497
51165105523
51178202629
51191329065
51204420877
51217591301
51230672648
51243662164
51256712697
51269745466
51282791470
51295939265
51309026686
51322113266
51335249586
51348305412
51361332414
51374406708
51387428583
51400460389
51413559821
51426637098
51439723524
51452805223
51465884857
51478909854
51491956806
51505053622
51518109586
51531179014
51544300463
51557410987
51570520975
51583587650
51596608715
51609722513
51622765151
51635870519
51648911856
51661909757
51674972683
51688069988
51701120398
51714207590
51727299754
51740392377
51753447714
51766537140
51779583985
51792609854
51805657312
51818785064
51831819394
51844893121
51857958816
51871005830
51884055460
51897143815
51910187157
51923219834
51936293654
51949400429
51962477844
51975548925
51988604369
52001729826
52014774942
52027864812
52040928992
52053942897
52066993475
52080105223
52093162473
52106248532
52119343129
52132443372
52145465768
52158545095
52171598902
52184606243
52197696954
52210768860
52223808714
52236927684
52249972280
52263030187
52276100977
52289152352
52302205577
52315292126
52328371454
52341477464
52354627432
52367679311
52380768492
52393881969
52406936082
52420025293
52433109822
52446162726
52459222194
52472334861
52485398857
52498471162
52511576698
52524703731
52537685490
52550789986
52563848735
52576875155
52590038067
52603115665
52616191152
52629253160
52642322451
52655415563
52668484104
52681542991
52694613888
52707694225
52720803495
52733888070
52746963098
52760023362
52773088842
52786097790
52799153066
52812253675
52825310940
52838369964
52851446645
52864571842
52877627913
52890714034
52903809380
52916916538
52929969305
52943069150
52956131678
52969194772
52982307820
52995389382
53008466399
53021566412
53034634769
53047716529
53060732698
53073803106
53086895224
53099988015
53113084754
53126189816
53139286647
53152361445
53165433903
53178515097
53191575621
53204638118
53217702620
53230792535
53243872367
53257020529
53270067818
53283154903
53296255956
53309331765
53322382726
53335456300
53348502825
53361564174
53374658848
53387749069
53400825244
53413893143
53426989836
53440057826
53453109904
53466198641
53479248561
53492386044
53505506773
53518633485
53531698109
53544775983
53557844723
53570951146
53583996385
53597085015
53610138945
53623197540
53636260864
53649334852
53662361425
53675453895
53688535686
53701645751
53714703230
53727767181
53740805320
53753845770
53766945156
53780053370
53793132177
53806218741
53819291490
53832269531
53845325939
53858395475
53871427188
53884506317
53897651817
53910749673
53923832840
53936852482
53949924756
53963011688
53976065128
53989143537
54002139434
54015176533
54028266020
54041369689
54054413582
54067456755
54080555835
54093681858
54106712501
54119816324
54132849017
54145914436
54159032029
54172152819
54185229056
54198312958
54211367729
54224444379
54237490812
54250543058
54263620090
54276710143
54289799676
54302914132
54315986911
54329048857
54342120718
54355190223
54368267776
54381317299
54394400298
54407452728
54420526578
54433638816
54446698345
54459736500
54472841042
54485923705
54498974605
54512049924
54525104893
54538131130
54551232061
54564320874
54577390073
54590456242
54603519826
54616578330
54629695724
54642745308
54655844847
54668910664
54682022030
54695117927
54708226906
54721308483
54734411724
54747496728
54760543389
54773594289
54786667405
54799722161
54812796883
54825927205
54838989075
54852060890
54865188872
54878299044
54891333603
54904405847
54917446297
54930507035
54943614790
54956741134
54969799011
54982844036
54995926178
55009021555
55022021063
55035027837
55048089034
55061163925
55074291753
55087376726
55100466473
55113550237
55126623062
55139692812
55152797231
55165873070
55178946599
55191988151
55205047114
55218161677
55231242427
55244324080
55257463567
55270535535
55283567938
55296625417
55309659624
55322722091
55335823848
55348929522
55362039863
55375082945
55388122614
55401134102
55414169916
55427543478
55440618980
55453673414
55466774697
55479774250
55492851497
55505920313
55518970525
55532060333
55545116205
55558182267
55571260126
55584270450
55597367419
55610466223
55623529363
55636607222
55649704404
55662778927
55675806281
55688851642
55701860513
55714870853
55728029097
55741141090
55754195815
55767266850
55780403950
55793467350
55806523330
55819566534
55832518397
55845587244
55858694938
55871805232
55884890205
55897962480
55911067985
55924172680
55937227298
55950327189
55963398422
55976431222
55989505531
56002597910
56015668011
56028768361
56041856960
56054957677
56068003099
56081053051
56094117813
56107151561
56120258704
56133343539
56146414161
56159487935
56172562351
56185619814
56198702906
56211746508
56224796031
56237889969
56250980604
56264113221
56277177753
56290241842
56303321567
56316360258
56329382837
56342439276
56355478793
56368527153
56381602273
56394710594
56407763406
56420848272
56433988448
56447063904
56460103849
56473208483
56486270858
56499288113
56512400229
56525495988
56538580778
56551657734
56564737612
56577812885
56590846389
56603899828
56616977366
56630079459
56643170201
56656262273
56669323317
56682379755
56695478407
56708569791
56721631064
56734675584
56747710863
56760775104
56773826708
56786912370
56799966942
56813037701
56826156579
56839238155
56852272011
56865360151
56878404579
56891438053
56904528932
56917602216
56930670527
56943763594
56956820201
56969889491
56982952524
56996012344
57009111516
57022163196
57035261771
57048347876
57061429101
57074500472
57087539851
57100663212
57113688790
57126770749
57139849251
57152867026
57165932186
57179045571
57192113255
57205209213
57218279208
57231370408
57244411638
57257484310
57270530773
57283573243
57296642151
57309726252
57322785843
57335864068
57348925464
57362002481
57375049174
57388101696
57401158991
57414214328
57427321410
57440420535
57453519232
57466581164
57479660139
57492801661
57505858436
57518908479
57531979346
57545021693
57558081712
57571172239
57584227438
57597299299
57610380937
57623456577
57636500990
57649544133
57662590014
57675654486
57688759777
57701841568
57714893095
57727967894
57741064617
57754126793
57767155019
57780158229
57793220466
57806276706
57819355054
57832441312
57845534578
57858621876
57871703988
57884834142
57897869222
57910980557
57924030126
57937065099
57950149934
57963265140
57976313363
57989424392
58002520044
58015590788
58028638536
58041717420
58054775832
58067805389
58080871880
58093927492
58106928988
58120008989
58133059032
58146090624
58159157175
58172204052
58185273465
58198385228
58211471440
58224552053
58237598409
58250650992
58263728606
58276814634
58289854840
58302936263
58315990698
58329037497
58342106925
58355214665
58368284828
58381321560
58394427876
58407534576
58420567559
58433663854
58446726535
58459755572
58472861062
58485953073
58498994778
58512069944
58525132563
58538186508
58551237867
58564271203
58577367360
58590425681
58603516988
58616625951
58629699817
58642776467
58655840739
58668939314
58682017188
58695084902
58708157987
58721216507
58734277765
58747392496
58760476230
58773550019
58786648058
58799747138
58812625179
58825611711
58838660775
58851708493
58864831946
58877954419
58891045803
58904032167
58917119084
58930210697
58943239290
58956291643
58969354691
58982452516
58995548077
59008618836
59021714887
59034770989
59047857844
59060964114
59074043595
59087115716
59100211430
59113268603
59126330702
59139428634
59152479290
59165575600
59178700460
59191792578
59204850302
59217931879
59230982656
59244066283
59257146681
59270239978
59283298176
59296376019
59309453755
59322503783
59335602526
59348655186
59361701787
59374803421
59387881571
59400896730
59413961752
59427012789
59440071921
59453169930
59466232060
59479307746
59492412884
59505460158
59518520223
59531600086
59544645891
59557734551
59570841220
59583927600
59596983351
59610046567
59623055331
59636048657
59649041937
59662129695
59675154019
59688198447
59701252483
59714276562
59727279895
59740318310
59753372836
59766445508
59779541421
59792635436
59805706532
59818770942
59831836423
59844899364
59857906077
59870931809
59883990114
59897028223
59910103496
59923213913
59936305741
59949389016
59962457541
59975550761
59988566961
60001652347
60014695903
60027645165
60040793159
60053896798
60066949687
60080022466
60093001073
60106049097
60119090587
60132105073
60145178755
60158263284
60171328215
60184454834
60197506698
60210552457
60223636635
60236684582
60249687119
60262710586
60275763658
60288805179
60301867279
60315027589
60328094998
60341170516
60354268417
60367336622
60380363776
60393466222
60406518591
60419553426
60432637710
60445718583
60458765367
60471893961
60484954698
60498059546
60511077475
60524103711
60537185089
60550237794
60563337027
60576437040
60589532249
60602604477
60615679383
60628756568
60641807483
60654845761
60667942806
60680968751
60694041148
60707159490
60720172660
60733237193
60746332998
60759398831
60772444055
60785488039
60798535940
60811592715
60824672211
60837758668
60850853510
60863942369
60877004591
60890064151
60903111624
60916152824
60929207442
60942282454
60955351133
60968438738
60981528270
60994587524
61007655024
61020720215
61033787195
61046807709
61059858946
61072918016
61085926489
61098990899
61112060251
61125118189
61138235322
61151317786
61164377163
61177420137
61190439672
61203489639
61216597516
61229702869
61242780666
61255838803
61268892197
61281928684
61294955793
61307993076
61321044022
61334110956
61347213310
61360309758
61373399857
61386462492
61399529839
61412613282
61425635893
61438684635
61451784710
61464829122
61477940457
61491059045
61504151423
61517256806
61530371568
61543416991
61556402728
61569445244
61582495379
61595510875
61608676999
61621769913
61634821716
61647934030
61661000903
61674059453
61687128545
61700168016
61713190152
61726251440
61739324388
61752428577
61765505533
61778501598
61791571179
61804638940
61817681394
61830722151
61843793277
61856843565
61869924132
61883027037
61896070944
61909170437
61922276188
61935352409
61948402774
61961449405
61974479788
61987506651
62000627855
62013729949
62026797235
62039892168
62052935495
62065988323
62079046261
62092091745
62105110775
62118114765
62131196984
62144310186
62157389972
62170454015
62183531506
62196600858
62209633627
62222684221
62235757872
62248797053
62261871499
62274993606
62288032036
62301078820
62314186606
62327268611
62340304532
62353373134
62366419704
62379434282
62392524289
62405633038
62418674773
62431735006
62444808428
62457901908
62470895127
62483914692
62496967505
62510026835
62523141628
62536249505
62549366807
62562440688
62575500661
62588598792
62601643664
62614676770
62627789268
62640859981
62653936738
62667050353
62680074677
62693159711
62706279430
62719406264
62732446454
62745546528
62758582771
62771649751
62784728528
62797804719
62810893609
62823953230
62837014289
62850096248
62863098417
62876134951
62889173075
62902255799
62915324172
62928335950
62941423738
62954477698
62967541374
62980690454
62993755736
63006810155
63019825253
63032844023
63045907209
63059019768
63072021004
63085098648
63098208132
63111323078
63124378874
63137441937
63150488614
63163541871
63176628771
63189735624
63202808846
63215874847
63228949845
63242015157
63255094072
63268133191
63281381369
63294444035
63307542242
63320622809
63333699627
63346771488
63359835760
63372916908
63385965942
63399019948
63412070787
63425167219
63438237566
63451340226
63464350963
63477430413
63490536347
63503646718
63516708573
63529755602
63542811214
63555868479
63568962158
63582058438
63595116238
63608208540
63621269584
63634319076
63647375882
63660399609
63673442415
63686520595
63699609837
63712687864
63725748893
63738809110
63751872174
63764949145
63777997107
63791079694
63804131558
63817244545
63830309689
63843428047
63856478442
63869555903
63882691978
63895776538
63908782670
63921850370
63934902922
63947973911
63961074689
63974173585
63987235945
64000305235
64013371986
64026480690
64039524506
64052567373
64065641300
64078704960
64091798363
64104913998
64117965555
64131024075
64144073781
64157140624
64170187714
64183236457
64196311562
64209402716
64222430161
64235552818
64248606610
64261670056
64274784038
64287868047
64300924975
64314017445
64327071176
64340141507
64353258503
64366373311
64379448507
64392517492
64405567030
64418622734
64431648083
64444704277
64457737123
64470800079
64483933171
64496960203
64509992208
64523044270
64536111113
64549210728
64562246313
64575320576
64588348939
64601423279
64614481048
64627589293
64640612714
64653693709
64666787327
64679890247
64692943212
64706027344
64719100612
64732240696
64745382218
64758481466
64771545340
64784605237
64797691311
64810745164
64823803714
64836847133
64849918259
64863009291
64876113864
64889209195
64902313507
64915367253
64928437370
64941584400
64954629837
64967684471
64980760891
64993839469
65006920387
65020028785
65033097035
65046157176
65059189196
65072259144
65085320754
65098444666
65111493348
65124553917
65137654649
65150783732
65163844011
65176903051
65189986662
65203058355
65216095668
65229160690
65242190951
65255320539
65268423979
65281521850
65294607726
65307664883
65320714697
65333793627
65346794251
65359852112
65372898361
65385949338
65399044194
65412141300
65425217002
65438289765
65451370103
65464495055
65477529079
65490612858
65503656185
65516727969
65529835510
65542925211
65556001953
65569066913
65582123413
65595184839
65608227064
65621273925
65634287784
65647402837
65660490610
65673615317
65686699831
65699774400
65712831084
12898756
25945969
38997083
52036049
65111919
78194138
91284252
104349993
117428479
130484933
143587960
156627522
169716764
182731617
195805896
208895428
221980493
235061687
248137572
261189405
274274822
287298565
300316815
313373773
326447394
339545953
352667034
365674360
378745655
391812498
404883976
417917312
430970767
444015470
457062882
470136854
483276142
496354154
509433007
522534443
535610205
548634177
561702137
574723248
587763254
600915318
614023226
627107526
640163306
653199182
666257196
679287441
692327356
705348421
718393507
731490888
744595002
757640409
770707374
783766046
796842252
809872436
822907363
835980020
849013202
862113368
875239116
888311436
901385454
914499941
927593360
940635875
953716626
966743275
979804640
992910345
1006009822
1019106041
1032166917
1045248248
1058313469
1071293683
1084343619
1097361318
1110443828
1123531356
1136631339
1149718698
1162778641
1175827307
1188906971
1201914786
1214968318
1228060727
1241080338
1254189990
1267215936
1280264296
1293363896
1306456550
1319555889
1332598436
1345641930
1358662689
1371703476
1384776117
1397872535
1410944671
1424017879
1437067417
1450125095
1463184532
1476251972
1489296308
1502351400
1515449179
1528576549
1541638235
1554703257
1567774889
1580882536
1593904718
1606938360
1619968421
1632986289
1646086577
1659214696
1672288561
1685342598
1698398822
1711513630
1724539744
1737581250
1750623047
1763628674
1776734792
1789827828
1802881742
1816034418
1829084522
1842124635
1855171527
1868199875
1881234128
1894310717
1907391115
1920502328
1933572185
1946638522
1959741657
1972819806
1985868564
1998920565
2011911948
2024995361
2038101525
2051143137
2064215641
2077293882
2090379330
2103481530
2116518569
2129584447
2142609919
2155662303
2168769721
2181872274
2194935521
2208022284
2221068059
2234140761
2247168941
2260195208
2273216563
2286268947
2299337335
2312441449
2325535311
2338580902
2351682476
2364747390
2377791742
2390831442
2403895761
2416944350
2430007368
2443113103
2456184077
2469244723
2482366982
2495460141
2508485444
2521582091
2534547739
2547591662
2560684744
2573774996
2586879874
2599955912
2613048444
2626132606
2639184454
2652207814
2665265033
2678324624
2691394190
2704431105
2717506638
2730558564
2743639758
2756729168
2769784596
2782845258
2795902370
2808949904
2822034372
2835145125
2848202972
2861254774
2874382542
2887466015
2900534908
2913592509
2926636050
2939685741
2952768573
2965867438
2978934434
2992030071
3005099576
3018173885
3031270073
3044338430
3057373143
3070444912
3083528217
3096616495
3109702157
3122755734
3135801906
3148926935
3161965641
3175006458
3188074203
3201128393
3214192788
3227301216
3240354915
3253423533
3266534592
3279634835
3292726785
3305810840
3318848766
3331933050
3345003855
3358082693
3371166427
3384249840
3397328478
3410383662
3423452815
3436521157
3449555044
3462630332
3475744865
3488846086
3501924327
3514983061
3528057722
3541141639
3554186358
3567263406
3580333691
3593398698
3606461440
3619591288
3632638118
3645706751
3658787761
3671911550
3684964485
3698034174
3711066270
3724117920
3737234961
3750297566
3763360859
3776448586
3789510380
3802564615
3815624297
3828679007
3841707860
3854802885
3867890612
3880994435
3894060344
3907106838
3920186563
3933262539
3946321793
3959392293
3972440484
3985499340
3998591168
4011725025
4024791301
4037872816
4050964782
4064050749
4077062206
4090174612
4103221656
4116267079
4129366633
4142477845
4155523727
4168599183
4181656035
4194747893
4207807545
4220829941
4233914807
4247015111
4260095402
4273185914
4286278827
4299338770
4312365878
4325437035
4338494484
4351470888
4364541081
4377613723
4390682799
4403808378
4416840291
4429900524
4442982238
4456061841
4469118372
4482190278
4495238685
4508305313
4521394264
4534474005
4547557356
4560640692
4573688103
4586770445
4599816740
4612873913
4625900868
4638960030
4652042907
4665101687
4678226807
4691257389
4704304571
4717407705
4730435165
4743497158
4756552128
4769601039
4782632232
4795772913
4808838898
4821884627
4834947981
4848025151
4861111257
4874178023
4887210853
4900302207
4913373486
4926461994
4939518585
4952588029
4965650955
4978717506
4991782054
5004874631
5017928897
5030988273
5044055912
5057161953
5070299879
5083394094
5096457126
5109581084
5122638777
5135756355
5148786294
5161847613
5174904541
5188032201
5201113456
5214203142
5227275936
5240351760
5253365236
5266426678
5279481005
5292522266
5305653261
5318759746
5331794535
5344865830
5357936819
5371001811
5384046483
5397105691
5410157662
5423451695
5436537570
5449640353
5462764830
5475833647
5488900122
5502003669
5515042023
5528084065
5541070873
5554153322
5567242410
5580380398
5593466167
5606552961
5619631982
5632725538
5645749067
5658804342
5671842421
5684885977
5697994589
5711105189
5724179024
5737244780
5750315157
5763353588
5776411342
5789433080
5802506150
5815591812
5828703835
5841832964
5854891545
5867951058
5881005738
5894094474
5907131834
5920148003
5933199607
5946241587
5959316707
5972436625
5985523924
5998595494
6011677300
6024751946
6037779008
6050859361
6063900561
6076923462
6090037046
6103122692
6116202142
6129282265
6142316977
6155387018
6168427636
6181483019
6194545425
6207592071
6220681420
6233795478
6246851060
6259920993
6272963142
6286052567
6299094716
6312110349
6325171959
6338220472
6351295026
6364434528
6377540830
6390624105
6403717584
6416777741
6429803901
6442838445
6455861331
6468933039
6482019328
6495105586
6508170531
6521244948
6534306986
6547393856
6560439478
6573474481
6586533643
6599603286
6612710826
6625791102
6638882823
6651959901
6665016523
6678098543
6691133485
6704170921
6717287841
6730328444
6743385081
6756490082
6769587892
6782678817
6795768594
6808848625
6821911750
6834973299
6848021751
6861083407
6874162673
6887293056
6900338647
6913422442
6926497868
6939536666
6952594788
6965638757
6978673041
6991725823
7004819043
7017923110
7031012949
7044115838
7057144339
7070210019
7083241304
7096288563
7109336494
7122343177
7135434806
7148536380
7161643323
7174733636
7187827881
7200916679
7213953717
7227029342
7240057430
7253117082
7266201228
7279301043
7292348791
7305434208
7318522455
7331595295
7344639203
7357674298
7370714901
7383789042
7396873265
7409988869
7423094880
7436118530
7449207405
7462282739
7475321368
7488370264
7501428324
7514470458
7527549173
7540663293
7553758945
7566842373
7579954748
7593047953
7606076729
7619096096
7632111316
7645170998
7658258649
7671299833
7684361780
7697437221
7710476386
7723555989
7736583939
7749635359
7762671296
7775714515
7788795189
7801898828
7814964294
7827976898
7841022840
7854105962
7867152838
7880202208
7893263084
7906293880
7919349201
7932513643
7945628160
7958721028
7971827865
7984912869
7997945378
8011016612
8024041104
8037054626
8050108295
8063210068
8076280215
8089365601
8102452778
8115565581
8128542032
8141533996
8154541444
8167510367
8180584982
8193697112
8206794540
8219870195
8232943188
8246043630
8259075405
8272114156
8285188756
8298237070
8311245651
8324371016
8337454459
8350521026
8363626440
8376727095
8389756101
8402794547
8415816025
8428868164
8441971360
8455088096
8468157310
8481263290
8494330821
8507436388
8520483631
8533538050
8546519366
8559579430
8572716714
8585761632
8598853077
8611903365
8624997549
8638109220
8651150833
8664241727
8677285926
8690335403
8703406086
8716519379
8729577700
8742691100
8755768163
8768858461
8781902353
8794973495
8808021657
8821044665
8834144402
8847245211
8860303225
8873317467
8886385931
8899460378
8912508998
8925563111
8938612986
8951683684
8964807458
8977924286
8991007805
9004099709
9017175028
9030246017
9043286605
9056356538
9069405587
9082446924
9095508259
9108586576
9121672299
9134741223
9147865914
9160934241
9173958550
9187040325
9200073171
9213149530
9226229057
9239320395
9252391491
9265456512
9278516960
9291592998
9304630464
9317672398
9330715694
9343788351
9356885732
9369985179
9383052955
9396111000
9409201619
9422259832
9435300374
9448353707
9461387961
9474424326
9487499231
9500614422
9513702669
9526778952
9539876134
9552981411
9566019887
9579110215
9592177119
9605149193
9618228123
9631298148
9644347212
9657432843
9670512048
9683581461
9696651960
9709728824
9722767622
9735832001
9748920830
9762009919
9775090837
9788167594
9801229189
9814297562
9827330698
9840391130
9853456275
9866495011
9879575532
9892680502
9905761895
9918846516
9931942107
9945036903
9958084192
9971155166
9984191286
9997248413
10010365945
10023456594
10036528868
10049566932
10062626859
10075713193
10088772814
10101811505
10114872809
10127914973
10141028847
10154130605
10167203491
10180247414
10193309468
10206370879
10219387323
10232452712
10245553628
10258603625
10271685141
10284789132
10297876797
10311005544
10324107576
10337197874
10350226008
10363364867
10376431205
10389494192
10402599789
10415690240
10428758291
10441835109
10454895174
10468009600
10481066344
10494129852
10507175993
10520236915
10533354676
10546458162
10559591223
10572677619
10585748745
10598832785
10611893646
10624958759
10638043335
10651085100
10664167610
10677287100
10690345451
10703492236
10716561971
10729656476
10742690729
10755765589
10768824644
10781900682
10794995263
10808108924
10821174344
10834258215
10847309299
10860392007
10873443596
10886491130
10899545763
10912643588
10925759972
10938872103
10951999442
10965070339
10978140639
10991248057
11004287391
11017358272
11030410794
11043460700
11056553109
11069674664
11082765160
11095880060
11108955532
11122064817
11135085453
11148130478
11161208765
11174260920
11187368828
11200465811
11213497693
11226581381
11239657480
11252729647
11265757659
11278835073
11291890625
11304967841
11318070026
11331189164
11344265003
11357345799
11370411801
11383488588
11396513295
11409544167
11422600651
11435645615
11448744435
11461850812
11474938325
11488028975
11501114606
11514224395
11527263652
11540333310
11553411306
11566458504
11579635613
11592706082
11605763836
11618870061
11631923241
11644996188
11658075684
11671127594
11684189418
11697272892
11710326010
11723401314
11736490418
11749558500
11762640290
11775723779
11788764138
11801805980
11814872914
11827943245
11841007808
11854128690
11867228703
11880312422
11893405688
11906478283
11919509308
11932573948
11945551576
11958612941
11971689561
11984741073
11997820354
12010895413
12023981885
12037058841
12050147593
12063214574
12076231905
12089299115
12102412194
12115475350
12128582278
12141662891
12154730866
12167794648
12180825750
12193852981
12206902626
12219969163
12233007180
12246136080
12259190973
12272284285
12285398190
12298414007
12311451504
12324553170
12337565912
12350626695
12363739178
12376852012
12389913898
12402945673
12416030309
12429095790
12442140325
12455172835
12468226764
12481271177
12494375872
12507471662
12520592820
12533671152
12546733023
12559824315
12572850658
12585849966
12598867971
12611908957
12624981813
12638071605
12651151116
12664260156
12677353085
12690466593
12703502698
12716585009
12729608185
12742664976
12755762005
12768879307
12781959063
12795064094
12808139000
12821199478
12834234665
12847296734
12860329947
12873405021
12886521099
12899637590
12912756315
12925832276
12938894820
12951970322
12964926622
12977990711
12991028606
13004058667
13017109032
13030204439
13043291294
13056403425
13069457109
13082560075
13095579274
13108617062
13121660985
13134694978
13147787051
13160887278
13173951474
13187018117
13200054421
13213109008
13226172944
13239234324
13252267094
13265400767
13278672339
13291784240
13304868632
13317941089
13331018106
13344099178
13357102327
13370167349
13383193692
13396207949
13409255590
13422375630
13435478030
13448602125
13461724308
13474822256
13487871855
13500954028
13513996024
13527050198
13540132845
13553209327
13566294927
13579393441
13592465470
13605519690
13618556071
13631598617
13644633513
13657710637
13670796115
13683876529
13696941474
13710023755
13723104872
13736204763
13749247018
13762317074
13775344198
13788404492
13801405682
13814490931
13827581947
13840674662
13853817102
13866868507
13879913134
13892991712
13906021834
13919071051
13932192852
13945283118
13958398890
13971488515
13984566572
13997639917
14010704128
14023768156
14036828634
14049840702
14062944464
14076018191
14089091031
14102192559
14115209340
14128319268
14141375829
14154422445
14167466138
14180515156
14193535059
14206665687
14219689383
14232767058
14245889103
14259029310
14272088242
14285154932
14298196086
14311249388
14324308657
14337391335
14350461039
14363541070
14376647034
14389721527
14402770912
14415836822
14428893046
14441928294
14455018469
14468113938
14481220928
14494310384
14507338716
14520442998
14533487289
14546545257
14559621234
14572676831
14585760427
14598871961
14611920321
14624983997
14638079160
14651178117
14664228084
14677292203
14690329700
14703386154
14716505628
14729568677
14742625743
14755688378
14768784765
14781821298
14794824921
14807870925
14820881769
14833977177
14847069142
14860130064
14873211396
14886221292
14899273201
14912358695
14925364766
14938428778
14951473420
14964519378
14977632748
14990763254
15003858310
15016948653
15030063828
15043172256
15056234310
15069304549
15082355679
15095359210
15108440649
15121483011
15134537339
15147616850
15160673105
15173740253
15186782723
15199821720
15212877837
15226029304
15239110987
15252213892
15265325701
15278352703
15291413670
15304499255
15317535391
15330618742
15343675777
15356737800
15369801415
15382890259
15395957484
15409046863
15422170239
15435233196
15448257826
15461324944
15474397203
15487425520
15500550609
15513614254
15526672651
15539737291
15552767673
15565855462
15578829678
15591835810
15604892524
15617958174
15631047553
15644151131
15657169427
15670275728
15683323231
15696424239
15709475016
15722477370
15735574491
15748605608
15761667631
15774771178
15787834609
15800877568
15813995345
15827098846
15840159018
15853244006
15866284747
15879324080
15892410996
15905532399
15918588317
15931658954
15944726470
15957802845
15970852153
15983901676
15996947849
16010012289
16023122920
16036213753
16049325609
16062411989
16075440505
16088573000
16101627083
16114690406
16127738262
16140810276
16153843688
16166975754
16180022034
16193093175
16206196340
16219217283
16232251705
16245348826
16258393591
16271453763
16284552077
16297724582
16310795448
16323861051
16336957591
16350036307
16363093587
16376163306
16389202058
16402275571
16415383540
16428495992
16441630552
16454713919
16467797041
16480914618
16493910255
16506970182
16520037789
16533082064
16546146520
16559284921
16572340610
16585416296
16598527707
16611642347
16624677457
16637751231
16650806002
16663858784
16676960036
16690070591
16703126341
16716179169
16729217920
16742284074
16755312193
16768356238
16781442512
16794516087
16807606797
16820709075
16833802019
16846858825
16859924153
16872984860
16886012030
16899064460
16912122795
16925176602
16938270434
16951384018
16964453997
16977540455
16990604681
17003724324
17016740539
17029778204
17042839615
17055884655
17068971740
17082056637
17095110015
17108190108
17121233143
17134276638
17147330307
17160383181
17173464957
17186524792
17199603966
17212720488
17225755506
17238834666
17251914865
17264994407
17278026243
17291058400
17304113401
17317177260
17330258775
17343463211
17356502712
17369556626
17382652998
17395795774
17408815937
17421880867
17434926549
17448009977
17461101682
17474211992
17487293706
17500388319
17513450877
17526516786
17539539825
17552577338
17565640738
17578701552
17591803294
17604918714
17617988754
17631069474
17644158961
17657250345
17670288546
17683325461
17696435297
17709500533
17722554753
17735720097
17748784844
17761853063
17774960436
17788042134
17801071201
17814156649
17827189587
17840268853
17853347645
17866477049
17879549247
17892629568
17905703510
17918780114
17931812211
17944863080
17957908044
17970934050
17984027025
17997119419
18010212180
18023292991
18036353637
18049450896
18062483130
18075530557
18088575766
18101622030
18114676189
18127842696
18140894208
18153979869
18167067535
18180153304
18193194534
18206288029
18219334569
18232364967
18245464337
18258595822
18271682448
18284733975
18297829429
18310922893
18323948502
18336978594
18350014500
18363070557
18376169667
18389277131
18402379730
18415462882
18428523880
18441636623
18454663548
18467701963
18480758340
18493793114
18506865220
18519971628
18533035656
18546132746
18559186859
18572297368
18585334406
18598407369
18611440490
18624485637
18637554331
18650659883
18663702031
18676783179
18689851598
18702929992
18715992413
18729019598
18742033610
18755108102
18768196778
18781302574
18794395595
18807457481
18820558901
18833681084
18846722345
18859748918
18872799604
18885832190
18898887159
18911963595
18925037981
18938126519
18951264919
18964390927
18977420560
18990494471
19003539557
19016482164
19029577816
19042665283
19055729418
19068805915
19081861542
19094941834
19108015225
19121048989
19134076694
19147109984
19160158053
19173274223
19186353107
19199417287
19212495467
19225559556
19238562337
19251624039
19264630324
19277667837
19290721200
19303842985
19316901183
19329946116
19343025887
19356134024
19369174337
19382258529
19395295445
19408322324
19421447934
19434532112
19447600086
19460686314
19473739953
19486814966
19499892656
19512921478
19525959725
19539002730
19552094940
19565191863
19578267839
19591378470
19604438994
19617548937
19630591529
19643621238
19656686000
19669720606
19682791962
19695904001
19708952131
19722042383
19735139703
19748214349
19761276984
19774318536
19787359735
19800364613
19813474081
19826564823
19839630365
19852702103
19865750463
19878846514
19891877661
19904921845
19917961576
19931015444
19944100876
19957169126
19970242471
19983352689
19996422102
20009507733
20022523948
20035563236
20048617027
20061647701
20074711009
20087817785
20100891451
20113958875
20127034102
20140109788
20153197408
20166306616
20179355390
20192391938
20205496602
20218598650
20231641992
20244728511
20257799423
20270869769
20283906226
20296974017
20310039024
20323091836
20336188376
20349288986
20362381976
20375448314
20388547409
20401644393
20414697159
20427742429
20440803962
20453852919
20466933409
20480025512
20493090549
20506174880
20519243559
20532343296
20545427030
20558483086
20571532181
20584550997
20597598944
20610702384
20623751050
20636814114
20649872771
20662943545
20675996190
20689059926
20702082001
20715175098
20728263927
20741370183
20754444828
20767489348
20780554431
20793695632
20806723918
20819788298
20832805798
20845820100
20858905134
20871989006
20885037978
20898106856
20911197704
20924302613
20937362234
20950442357
20963489111
20976503046
20989589013
21002664332
21015676386
21028760869
21041822005
21054886338
21067948086
21080979402
21094031342
21107114449
21120276763
21133547310
21146619217
21159660769
21172700913
21185800069
21198845645
21211870473
21224915085
21237977322
21251017926
21264133789
21277182456
21290241097
21303336551
21316470974
21329540478
21342684892
21355728907
21368750355
21381841708
21394917440
21407963184
21421009478
21434056706
21447127863
21460157099
21473196432
21486233042
21499311466
21512401749
21525505893
21538555140
21551632570
21564695450
21577779444
21590836571
21603880020
21616906226
21629972395
21643047959
21656167342
21669212397
21682280785
21695365789
21708424109
21721443323
21734487185
21747525447
21760568284
21773683704
21786762159
21799819271
21812865597
21825930205
21838982834
21852014670
21865024643
21878056999
21891109460
21904194663
21917277647
21930356515
21943412847
21956446289
21969547251
21982577679
21995600045
22008662435
22021710382
22034758161
22047872388
22060928673
22073997796
22087056193
22100120939
22113191699
22126262458
22139251500
22152300289
22165397073
22178508730
22191540597
22204610652
22217701715
22230739870
22243778973
22256867022
22269902576
22282978201
22296074465
22309177385
22322235415
22335288059
22348349608
22361482822
22374501485
22387546449
22400580519
22413619546
22426700449
22439787564
22452828749
22465939135
22479024139
22492104017
22505170630
22518265854
22531314505
22544363018
22557523313
22570627779
22583669927
22596746913
22609825093
22622875290
22635907768
22648960734
22661974011
22675054914
22688125735
22701241935
22714300440
22727357429
22740407579
22753518134
22766555065
22779583168
22792635017
22805669898
22818773460
22831889492
22844947354
22858036412
22871118937
22884199917
22897239755
22910340150
22923411430
22936433734
22949561869
22962650866
22975706065
22988783725
23001840469
23014915803
23027952077
23040985948
23054026765
23067091481
23080176882
23093284438
23106362450
23119423433
23132504214
23145584581
23158635007
23171704711
23184737863
23197775023
23210843197
23223971056
23237051378
23250120087
23263232585
23276317864
23289335747
23302457470
23315462975
23328510020
23341599001
23354715202
23367778893
23380840916
23393890668
23406952156
23419987618
23433029109
23446074225
23459162427
23472264597
23485380598
23498466750
23511535306
23524600771
23537718242
23550770626
23563806853
23576848925
23589901095
23602955759
23616091574
23629158447
23642227370
23655339057
23668434174
23681468091
23694586128
23707596467
23720636275
23733751771
23746846628
23759940368
23773086511
23786150722
23799229345
23812270866
23825326831
23838372666
23851450678
23864535957
23877608553
23890708795
23903790647
23916848570
23929957610
23942992797
23956051484
23969105582
23982133027
23995221336
24008337459
24021390915
24034483874
24047590405
24060670788
24073697774
24086762934
24099803460
24112849985
24125969322
24139071783
24152144760
24165206508
24178272861
24191313648
24204367547
24217390386
24230424854
24243497924
24256574972
24269695456
24282762452
24295824337
24308900696
24321997068
24335033035
24348050229
24361103807
24374111668
24387202562
24400292247
24413339506
24426435541
24439536227
24452592543
24465577072
24478647388
24491683676
24504717884
24517819106
24530912280
24543972895
24557057317
24570106871
24583176207
24596227230
24609252548
24622291193
24635392874
24648461904
24661593711
24674700700
24687741334
24700817005
24713879961
24726889612
24739944995
24753003851
24766080639
24779129076
24792204303
24805304912
24818392532
24831484482
24844625652
24857664205
24870735576
24883759564
24896813478
24909905611
24922972821
24936058651
24949126320
24962198074
24975273423
24988392270
25001423632
25014468106
25027526488
25040581580
25053639595
25066697946
25079747117
25092816683
25105914600
25118950429
25132003119
25145041642
25158084616
25171101596
25184203965
25197254835
25210349202
25223472012
25236546428
25249595599
25262686784
25275723455
25288771158
25301858640
25314954904
25328019758
25341119924
25354190898
25367249723
25380275883
25393324105
25406355039
25419407989
25432494538
25445557464
25458633991
25471709739
25484770553
25497874926
25510934869
25523948651
25536992957
25550041699
25563120139
25576207438
25589262132
25602335661
25615432568
25628533790
25641565244
25654630419
25667677341
25680717179
25693812846
25706887752
25719915427
25732983952
25746060878
25759121432
25772168583
25785219774
25798236815
25811320411
25824404849
25837440923
25850531144
25863590000
25876650677
25889762853
25902820302
25915916214
25928956772
25941990551
25955060591
25968162272
25981220592
25994275073
26007338565
26020430361
26033472602
26046553765
26059616431
26072661884
26085727135
26098809293
26111836310
26124905631
26137980399
26151078071
26164122056
26177168932
26190213681
26203351256
26216441079
26229530826
26242628727
26255621824
26268693042
26281779224
26294807862
26307847808
26320853297
26333871333
26346911875
26360032971
26373088308
26386154202
26399208040
26412303463
26425348579
26438394124
26451458136
26464525316
26477625956
26490709353
26503766756
26516852127
26529907295
26542962923
26556038731
26569082425
26582131015
26595195134
26608282280
26621363688
26634441944
26647497985
26660582576
26673664657
26686725992
26699778988
26712783116
26725872847
26739053445
26752213786
26765301314
26778368203
26791459541
26804545493
26817636219
26830693836
26843767165
26856815449
26869905578
26882988471
26896068104
26909142092
26922201116
26935270835
26948314513
26961353342
26974384841
26987454331
27000540023
27013631223
27026714437
27039775404
27052840686
27065878398
27078931225
27092007707
27105053099
27118096716
27131144112
27144248226
27157336427
27170415831
27183518506
27196562445
27209606108
27222666494
27235705919
27248740632
27261841272
27274899011
27287967644
27301022262
27314111090
27327173481
27340214451
27353295262
27366338727
27379401989
27392522688
27405596935
27418750835
27431809538
27444873122
27457904988
27470941093
27483982507
27497044683
27510074072
27523131367
27536247598
27549335386
27562374658
27575450681
27588515733
27601570290
27614635725
27627681699
27640727427
27653818566
27666925969
27680009274
27693061613
27706125043
27719180549
27732176675
27745231124
27758290516
27771309791
27784394565
27797462892
27810531509
27823599667
27836656167
27849757266
27862791841
27875818827
27888859997
27901888727
27914948302
27928046984
27941138031
27954238779
27967317341
27980402467
27993438480
28006505843
28019582156
28032625804
28045737414
28058813315
28071866112
28084909913
28097969641
28111019562
28124082212
28137124712
28150159012
28163255353
28176319839
28189420128
28202524027
28215556031
28228596634
28241708321
28254721828
28267745142
28280780941
28293825828
28306883430
28319975578
28333044012
28346105821
28359162459
28372252419
28385291753
28398338522
28411390493
28424442249
28437515090
28450586859
28463624448
28476693432
28489720663
28502785471
28515828308
28528724724
28541739684
28554804278
28567854765
28580939814
28594012716
28607042287
28620100332
28633208883
28646246472
28659260713
28672278397
28685330337
28698388765
28711476767
28724522985
28737546912
28750634379
28763721708
28776721445
28789732396
28802746821
28815787302
28828888309
28841956009
28855005272
28868062797
28881083311
28894135710
28907173804
28920208455
28933245295
28946310102
28959368148
28972635068
28985778824
28998832554
29011878681
29024974685
29038003844
29051022476
29064052920
29077083349
29090148386
29103264602
29116347066
29129424771
29142493083
29155574521
29168629614
29181698522
29194722004
29207774832
29220871724
29233980335
29247063319
29260132090
29273184596
29286252372
29299283964
29312327856
29325348141
29338381614
29351474910
29364548745
29377663064
29390729355
29403774916
29416888852
29429931031
29442941937
29455979954
29469019761
29482054443
29495140258
29508192810
29521274341
29534337099
29547342741
29560352928
29573383234
29586373791
29599445193
29612501999
29625602899
29638670139
29651719724
29664781716
29677837451
29690883256
29703947666
29716961402
29730001118
29743077492
29756157355
29769224672
29782236420
29795296806
29808406840
29821441415
29834456528
29847532031
29860542049
29873600523
29886696619
29899761029
29912837082
29925905485
29938993931
29952050905
29965122919
29978132922
29991179906
30004259279
30017363454
30030422707
30043496190
30056559376
30069612663
30082677348
30095706935
30108717091
30121746770
30134816091
30147919073
30161055331
30174103294
30187191985
30200262316
30213263093
30226287769
30239304290
30252341879
30265407926
30278489487
30291560216
30304616593
30317696226
30330793883
30343815759
30356867791
30369910995
30382932504
30396015595
30409109534
30422163999
30435272412
30448328514
30461379613
30474439433
30487475828
30500507863
30513576389
30526639498
30539696671
30552788009
30565838083
30578899356
30591963705
30605006297
30618020982
30631020352
30644075934
30657130643
30670227290
30683293368
30696354152
30709415257
30722533523
30735573529
30748613474
30761624793
30774659536
30787765700
30800818268
30813871707
30826968615
30840036926
30853105069
30866145534
30879165238
30892203837
30905243445
30918314189
30931402620
30944458845
30957514977
30970563812
30983632704
30996660563
31009693745
31022736674
31035746799
31048789575
31061952012
31075021058
31088071193
31101154544
31114231929
31127270099
31140337033
31153382364
31166466144
31179559838
31192643556
31205715417
31218772239
31231834430
31244928767
31257976714
31271008581
31284052106
31297098110
31310195139
31323261462
31336310296
31349396004
31362475622
31375575176
31388598414
31401635697
31414664809
31427737619
31440804003
31453900313
31466957547
31480015240
31493138265
31506201099
31519236071
31532323248
31545355405
31558416495
31571491125
31584586303
31597648541
31610703740
31623760622
31636824986
31649865115
31662932830
31675965798
31689029045
31702118562
31715194707
31728306287
31741363261
31754414743
31767483100
31780507562
31793537439
31806587804
31819616289
31832681877
31845761832
31858834994
31871908675
31884984346
31898085109
31911130134
31924189510
31937250844
31950310664
31963414334
31976519916
31989582230
32002636282
32015697647
32028816035
32041869154
32054908839
32067958102
32081024776
32094121821
32107198823
32120265099
32133303560
32146344408
32159452943
32172481276
32185548730
32198576420
32211634221
32224712049
32237835379
32250924207
32264000873
32277105659
32290218035
32303254247
32316365245
32329400095
32342446512
32355566798
32368643907
32381729278
32394821029
32407859918
32420952235
32433977294
32447002597
32460041685
32473113684
32486165242
32499266662
32512328043
32525361118
32538427777
32551502040
32564544112
32577595624
32590627736
32603660919
32616715674
32629795292
32642894678
32655925152
32669005627
32682038886
32695065873
32708142461
32721173747
32734219185
32747357799
32760427733
32773500481
32786586923
32799649038
32812745731
32825824263
32838861760
32851925160
32864981690
32878066419
32891159730
32904249416
32917308195
32930351644
32943417370
32956417474
32969414533
32982458502
32995485381
33008542478
33021659474
33034744722
33047786366
33060875363
33073918766
33086927621
33100031337
33113058598
33126083534
33139138596
33152215888
33165307624
33178365394
33191428258
33204497365
33217540080
33230590077
33243609765
33256660772
33269760403
33282811532
33295897117
33308948415
33321984535
33335075583
33348110188
33361166902
33374204751
33387264051
33400349758
33413435940
33426494689
33439566627
33452649764
33465710700
33478748687
33491864520
33504885096
33517919655
33531028405
33544124333
33557176701
33570223532
33583285570
33596353560
33609380409
33622445492
33635471850
33648535434
33661648988
33674719609
33687837141
33700905728
33713953644
33727026913
33740019336
33753060046
33766082397
33779107853
33792163756
33805258659
33818332830
33831408516
33844482611
33857546148
33870565408
33883606761
33896624230
33909649763
33922748827
33935853124
33948908599
33961989273
33975067376
33988131679
34001165611
34014216664
34027252341
34040312895
34053363397
34066447774
34079582870
34092618408
34105683859
34118740665
34131740310
34144780117
34157816467
34170845763
34183961535
34197065388
34210126539
34223195845
34236247220
34249348319
34262363891
34275427353
34288469776
34301503755
34314634689
34327740286
34340814213
34353892622
34366941885
34380013486
34393070659
34406098058
34419110326
34432081926
34445165904
34458269651
34471388284
34484459135
34497498835
34510569855
34523606862
34536647557
34549668209
34562733721
34575779082
34588918018
34602011988
34615080422
34628182072
34641248333
34654292180
34667396721
34680430241
34693478769
34706642767
34719748135
34732835923
34745886410
34758948265
34772007825
34785082210
34798140622
34811174325
34824216994
34837298846
34850377469
34863453614
34876508645
34889561136
34902628698
34915670005
34928706263
34941751915
34954789519
34967861319
34980960185
34994053695
35007120492
35020185544
35033273455
35046294199
35059372914
35072394974
35085441773
35098580266
35111701010
35124748728
35137855289
35150928650
35164006722
35177039920
35190093926
35203125334
35216184771
35229278267
35242362031
35255483617
35268564536
35281618496
35294717805
35307775728
35320838041
35333877604
35346907405
35359985096
35373092774
35386195679
35399300496
35412390793
35425460818
35438509806
35451574537
35464611208
35477648568
35490774392
35503891770
35516945317
35530042989
35543096046
35556143274
35569173963
35582270702
35595279986
35608325500
35621398478
35634474440
35647539921
35660603351
35673687131
35686779785
35699809265
35712853953
35725890318
35738906380
35751965542
35765042329
35778112110
35791229320
35804326961
35817389811
35830435294
35843500270
35856562431
35869583986
35882665149
35895772185
35908822488
35921949995
35934998417
35948047343
35961140578
35974184761
35987230215
36000291947
36013385519
36026503632
36039549177
36052624878
36065707342
36078775011
36091791899
36104834154
36117873426
36130933950
36144004357
36157105089
36170167526
36183242110
36196332331
36209413969
36222476191
36235533838
36248568030
36261588453
36274698916
36287795915
36300847993
36313940891
36327001323
36340058435
36353101654
36366124249
36379143846
36392201126
36405284661
36418372541
36431453184
36444528702
36457577031
36470679936
36483730759
36496793731
36509840684
36522884331
36535945222
36549080976
36562144284
36575230680
36588306106
36601390100
36614436854
36627537402
36640550557
36653586570
36666683493
36679830232
36692881163
36705973985
36719008636
36732095109
36745152802
36758207894
36771260247
36784339605
36797415016
36810474591
36823708724
36836793559
36849828532
36862932676
36876004812
36889034170
36902066006
36915070088
36928105811
36941214575
36954280913
36967359934
36980463604
36993534363
37006592240
37019661026
37032686895
37045733603
37058837701
37071965070
37085049829
37098150592
37111219821
37124282640
37137396806
37150434838
37163465787
37176567774
37189663824
37202755177
37215826748
37228902281
37241967532
37255095758
37268147240
37281214924
37294252681
37307278275
37320335310
37333420865
37346468796
37359551704
37372647938
37385751363
37398809546
37411863169
37424884770
37437931768
37451037136
37464161247
37477210724
37490302383
37503369776
37516416606
37529506812
37542575154
37555626498
37568687878
37581755761
37594868994
37607934474
37620987471
37634012590
37647123206
37660195465
37673250006
37686296530
37699299052
37712391277
37725520666
37738611530
37751697237
37764775922
37777876057
37790921143
37803966872
37817024994
37830054244
37843186479
37856292214
37869376361
37882465251
37895540065
37908624625
37921681232
37934735299
37947789198
37960884942
37973990662
37987081418
38000159200
38013215364
38026315683
38039385876
38052441228
38065516929
38078572404
38091641297
38104690851
38117775732
38130856390
38143959938
38157052974
38170131965
38183175643
38196241078
38209311654
38222344821
38235472344
38248597112
38261693943
38274778457
38287858212
38300908592
38313979336
38327042721
38340099864
38353218435
38366309697
38379412571
38392475328
38405573429
38418638711
38431757222
38444825717
38457864224
38470905102
38483942400
38497007025
38510119935
38523180933
38536281604
38549357642
38562404534
38575457759
38588523408
38601566490
38614618308
38627716302
38640811464
38653897952
38667002938
38679999936
38693082736
38706112109
38719162397
38732234564
38745302248
38758388522
38771447607
38784530714
38797623077
38810680464
38823788907
38836842332
38849883394
38862958193
38876001228
38889085069
38902222292
38915273620
38928377229
38941481419
38954550602
38967616267
38980687990
38993761656
39006822042
39019914054
39033033559
39046117644
39059226409
39072314121
39085389623
39098439575
39111494254
39124544251
39137624955
39150726498
39163835141
39176890646
39189969897
39203022755
39216109105
39229171052
39242216383
39255277794
39268344912
39281392660
39294461048
39307499861
39320600578
39333703880
39346786497
39359833817
39372906275
39385941431
39398990617
39412088565
39425233789
39438314188
39451411982
39464468344
39477542562
39490598189
39503656953
39516702131
39529765990
39542854268
39555961533
39569101740
39582178619
39595241269
39608333969
39621377969
39634431592
39647476892
39660492174
39673542248
39686632010
39699682772
39712772626
39725891305
39738975345
39752006569
39765064752
39778120854
39791149752
39804263428
39817368444
39830457472
39843544923
39856595869
39869643847
39882701984
39895731556
39908774836
39921902114
39934993238
39948110631
39961191611
39974276630
39987264372
40000350982
40013396772
40026420637
40039468951
40052495799
40065557180
40078653108
40091746603
40104827613
40117920099
40131017572
40144048873
40157126425
40170163234
40183214287
40196272653
40209382045
40222462734
40235532132
40248600336
40261665817
40274715294
40287734478
40300754823
40313817459
40326884775
40339964898
40353036958
40366121763
40379175509
40392271743
40405321036
40418346768
40431378696
40444433329
40457504088
40470626990
40483687529
40496783947
40509874229
40522958514
40536003814
40549074145
40562113600
40575166413
40588284036
40601382963
40614502621
40627580939
40640643069
40653693954
40666761485
40679791056
40692846761
40705924329
40719022597
40732097166
40745152335
40758217740
40771294665
40784458234
40797507711
40810515312
40823568324
40836580469
40849651320
40862748854
40875793650
40888879372
40901980395
40915061406
40928116192
40941177695
40954214855
40967247686
40980318522
40993432519
41006515840
41019600400
41032669094
41045710370
41058758286
41071797207
41084818608
41097885497
41110950717
41124054387
41137139115
41150201475
41163253783
41176353214
41189403655
41202448038
41215478680
41228496900
41241546270
41254627678
41267673743
41280751433
41293850299
41306968641
41319974819
41333047109
41346088676
41359113520
41372167648
41385243013
41398366221
41411461445
41424522106
41437560445
41450626629
41463651994
41476680479
41489730018
41502775501
41515849933
41528920248
41542000234
41555027419
41568072964
41581128683
41594175774
41607189234
41620226670
41633285358
41646385035
41659447257
41672533301
41685598674
41698690349
41711713694
41724779771
41737816840
41750848890
41763938576
41777025217
41790085802
41803176466
41816206956
41829245065
41842283802
41855295779
41868307633
41881422150
41894500499
41907592234
41920656170
41933723150
41946802722
41959927659
41972957721
41985995172
41999033908
42012085589
42025144521
42038241795
42051321567
42064410701
42077515641
42090597110
42103619093
42116687099
42129726906
42142756585
42155830129
42168876148
42181949585
42195069381
42208113213
42221174379
42234169403
42247230034
42260269275
42273332201
42286417297
42299488989
42312536462
42325624771
42338666583
42351733593
42364786896
42377821348
42390871039
42403929941
42416975027
42430093048
42443138884
42456228309
42469345397
42482428519
42495464486
42508532293
42521559309
42534583113
42547671942
42560749846
42573840190
42586928743
42600003725
42613071379
42626110865
42639169461
42652225364
42665252671
42678329581
42691406369
42704468514
42717545532
42730588843
42743687708
42756714924
42769754425
42782800261
42795844276
42808859802
42821934984
42834968487
42848061141
42861133507
42874166950
42887218967
42900235243
42913279380
42926310589
42939407236
42952495468
42965537112
42978648722
42991703064
43004779041
43017769277
43030840648
43043900805
43056959202
43070027895
43083126164
43096203931
43109286930
43122342604
43135430652
43148459214
43161547905
43174630966
43187663384
43200731542
43213837629
43226862443
43239963680
43253043726
43266158840
43279201065
43292198170
43305231261
43318257865
43331355659
43344435599
43357486040
43370567693
43383629058
43396672185
43409729680
43422761990
43435804659
43448885623
43461970030
43475075949
43488150182
43501231269
43514298371
43527369942
43540413666
43553479835
43566518740
43579560980
43592659769
43605739663
43618809642
43631891999
43644939655
43658085981
43671109112
43684180636
43697268072
43710283308
43723370316
43736441152
43749526615
43762653785
43775707623
43788778872
43801808122
43814873863
43827936606
43841015780
43854097617
43867216494
43880265375
43893314286
43906401508
43919468626
43932510315
43945548930
43958597810
43971670880
43984731097
43997831523
44010888635
44024000062
44037091140
44050220896
44063257353
44076334171
44089376840
44102410236
44115524570
44128600134
44141678008
44154790766
44167766466
44180820288
44193877079
44206919227
44219984035
44233067019
44246176549
44259249175
44272343114
44285428760
44298493874
44311557978
44324594128
44337632712
44350673269
44363747440
44376771321
44389947084
44403021209
44416093346
44429190987
44442281285
44455350667
44468425741
44481453507
44494500735
44507588233
44520692193
44533765952
44546873049
44559967890
44573024772
44586075122
44599144412
44612190279
44625246885
44638343762
44651412563
44664512897
44677845164
44690902475
44703995113
44717057167
44730103339
44743158416
44756204757
44769309498
44782387326
44795432366
44808527039
44821602495
44834646602
44847689562
44860784801
44873808788
44886861111
44899944830
44913037254
44926090281
44939167160
44952260089
44965319572
44978386017
44991448499
45004488766
45017568567
45030657534
45043752024
45056864231
45069941814
45083001955
45096081313
45109110977
45122171791
45135223731
45148213141
45161293478
45174406909
45187479550
45200574315
45213659946
45226752661
45239772043
45252847194
45265928464
45278970552
45292067260
45305168619
45318234865
45331304508
45344412186
45357504885
45370543729
45383610862
45396638384
45409705624
45422796258
45435907838
45449001792
45462067044
45475154327
45488239866
45501267541
45514321516
45527368194
45540408705
45553484406
45566615937
45579688533
45592780222
45605939492
45619023517
45632052966
45645109328
45658163946
45671187918
45684282852
45697372874
45710392057
45723478040
45736559601
45749660012
45762688834
45775736521
45788791246
45801891825
45814973616
45828061756
45841155649
45854210756
45867284423
45880350148
45893366317
45906423353
45919466893
45932522980
45945583091
45958677167
45971755209
45984773689
45997860069
46010923454
46023952414
46037034450
46050070677
46063163040
46076271223
46089361291
46102426435
46115515723
46128583667
46141666299
46154704546
46167773638
46180848804
46193927183
46207007811
46220117738
46233214125
46246331626
46259435877
46272521906
46285568675
46298631233
46311655909
46324739689
46337797045
46350947380
46364040171
46377123110
46390331095
46403437656
46416465958
46429540083
46442554646
46455621534
46468720645
46481794434
46494861858
46507946861
46521065372
46534133025
46547194590
46560279762
46573353443
46586410540
46599530213
46612630425
46625698155
46638800784
46651905770
46664982848
46678035844
46691077197
46704123981
46717181736
46730287456
46743392793
46756448038
46769505380
46782609126
46795689769
46808745290
46821822934
46834842500
46847902258
46861049625
46874169161
46887220367
46900277203
46913382326
46926429998
46939484142
46952563530
46965628062
46978690575
46991798299
47004892820
47017974947
47031046502
47044121897
47057227694
47070265466
47083318983
47096366807
47109409124
47122479333
47135567641
47148604052
47161694839
47174793353
47187892080
47200930404
47213975582
47227001589
47240020435
47253123279
47266227606
47279291175
47292360098
47305477813
47318536455
47331597086
47344638591
47357637563
47370674219
47383758917
47396883287
47409957504
47423036097
47436122126
47449208813
47462280200
47475334848
47488385121
47501397251
47514455280
47527578167
47540648758
47553706023
47566795877
47579922022
47592959764
47606026224
47619075303
47632106038
47645215935
47658332105
47671403048
47684487654
47697542210
47710619870
47723682291
47736703708
47749739966
47762818528
47775908550
47788997578
47802049411
47815093044
47828173381
47841285695
47854350396
47867400760
47880448631
47893477590
47906537273
47919643803
47932715251
47945773511
47958828603
47971932502
47984981841
47998067656
48011114165
48024168569
48037268276
48050343564
48063426318
48076556013
48089638064
48102724965
48115769592
48128824057
48141866894
48154924511
48168053532
48181142774
48194228130
48207305331
48220394358
48233496452
48246541783
48259587037
48272673464
48285725848
48298751992
48311856305
48324904726
48338007891
48351134189
48364223370
48377283282
48390358172
48403401743
48416463720
48429555074
48442641454
48455741024
48468814736
48481895930
48495021448
48508087556
48521159478
48534216544
48547274834
48560375857
48573463339
48586574430
48599655899
48612712934
48625795444
48638844462
48651901605
48664974139
48678024626
48691105743
48704209826
48717273563
48730375075
48743485033
48756569608
48769598951
48782649652
48795688098
48808732005
48821783992
48834878237
48847951857
48861069756
48874184166
48887255308
48900316872
48913376738
48926443902
48939475325
48952566265
48965655675
48978759574
48991841136
49004932244
49018030069
49031061630
49044130247
49057205581
49070264942
49083358193
49096466697
49109529791
49122619767
49135709070
49148798940
49161846611
49174908665
49187976471
49201053060
49214158321
49227174796
49240222055
49253307242
49266437151
49279519508
49292627798
49305673267
49318733148
49331826490
49344881322
49358024190
49371152004
49384204495
49397309847
49410407321
49423450525
49436495993
49449536107
49462580106
49475628176
49488755178
49501820277
49514917903
49528026606
49541126986
49554189499
49567276079
49580256415
49593309549
49606413096
49619477491
49632518522
49645615169
49658677131
49671768071
49684809531
49697861517
49710891808
49723977072
49737053034
49750135513
49763180981
49776225868
49789329875
49802411405
49815449331
49828513221
49841583796
49854663445
49867718461
49880847651
49893896898
49906898655
49920006440
49933114333
49946162433
49959229964
49972212029
49985262562
49998339319
50011445773
50024523540
50037628923
50050732410
50063821192
50076887974
50089894550
50102941518
50116015291
50129111433
50142203934
50155252569
50168315817
50181381619
50194453617
50207494542
50220486583
50233563585
50246633564
50259711958
50272825144
50285880328
50298933217
50312037682
50325143922
50338207766
50351289909
50364336188
50377384625
50390508797
50403630597
50416718844
50429814925
50442918013
50456025539
50469140056
50482186626
50495236914
50508298998
50521412950
50534459948
50547546972
50560624907
50573687955
50586786820
50599866102
50612887014
50625897889
50638933764
50652002458
50665127793
50678208191
50691315319
50704430356
50717535296
50730576021
50743655640
50756689970
50769754517
50782860864
50795985740
50809066016
50822113320
50835191378
50848258282
50861316465
50874392502
50887432677
50900513045
50913605163
50926668120
50939756566
50952812836
50965894810
50979000025
50992044025
51005134307
51018184779
51031245853
51044323253
51057373572
51070426981
51083477911
51096564292
51109689749
51122738583
51135786163
51148863058
51161885714
51174940011
51188019813
51201106010
51214184725
51227267388
51240308022
51253359702
51266400718
51279459452
51292518246
51305605438
51318721837
51331760956
51344808016
51357898926
51370970297
51383993473
51397049759
51410108997
51423155032
51436231804
51449344746
51462443397
51475532058
51488618683
51501753121
51514795836
51527859404
51540927700
51553954962
51567063696
51580129758
51593226298
51606302106
51619366302
51632416712
51645517873
51658505400
51671568295
51684696093
51697776859
51710895721
51723989324
51737047415
51750094122
51763162908
51776232811
51789247266
51802241617
51815303702
51828362405
51841488795
51854549364
51867617064
51880712716
51893783766
51906801404
51919937648
51932973722
51946041727
51959138130
51972236597
51985316567
51998386057
52011453863
52024529427
52037620933
52050658507
52063698238
52076756451
52089856388
52102962337
52116058862
52129143590
52142190206
52155272899
52168316639
52181346792
52194415517
52207453442
52220519443
52233606421
52246658866
52259732762
52272805709
52285898302
52298937742
52311996598
52325026568
52338073949
52351153154
52364271511
52377314945
52390388091
52403472039
52416532226
52429578184
52442630094
52455636685
52468650774
52481737078
52494799759
52507920610
52521013968
52534372107
52547476282
52560514926
52573582152
52586642155
52599693254
52612764947
52625862848
52638922622
52652014251
52665128416
52678222753
52691316615
52704371264
52717442222
52730477287
52743570522
52756671223
52769709776
52782830154
52795934359
52808993643
52822075847
52835111952
52848168635
52861313294
52874398649
52887489758
52900601383
52913660423
52926748303
52939823683
52952785399
52965862738
52978895461
52991947708
53005030034
53018111350
53031171996
53044221948
53057298322
53070391710
53083396236
53096415710
53109470358
53122485609
53135576932
53148678444
53161729865
53174808825
53187863948
53200939297
53214012443
53227074543
53240198454
53253264364
53266365126
53279460519
53292563485
53305578935
53318645395
53331748238
53344795451
53357818337
53370878233
53383908004
53396973408
53410093587
53423205518
53436296305
53449387001
53462491619
53475538113
53488604970
53501663214
53514694515
53527793059
53540882883
53553940254
53567050197
53580101877
53593165981
53606236113
53619258984
53632309379
53645359392
53658441289
53671522284
53684599944
53697662304
53710724771
53723794383
53736834282
53749874686
53762905574
53775949099
53789031165
53802132356
53815177473
53828282810
53841366743
53854442368
53867478794
53880562543
53893604034
53906639297
53919749775
53932829531
53945919002
53959013844
53972099597
53985174885
53998241437
54011301487
54024364260
54037473055
54050573450
54063646168
54076729734
54089812243
54102879637
54115982343
54129029846
54142071275
54155135563
54168184122
54181255493
54194361305
54207412939
54220505868
54233614052
54246700876
54259769876
54272844889
54285880519
54298937096
54312013332
54325080818
54338113985
54351182373
54364267331
54377364039
54390430071
54403504089
54416551715
54429621235
54442715526
54455805762
54468899028
54481974958
54495067612
54508154452
54521194397
54534211346
54547237996
54560259413
54573310389
54586396617
54599467851
54612562126
54625650419
54638751289
54651817122
54664874708
54677932998
54690980700
54704013072
54717096362
54730154805
54743179680
54756239943
54769343812
54782370461
54795405878
54808448500
54821557127
54834656146
54847738181
54860813944
54873846453
54886943988
54900032265
54913011194
54926015842
54939068272
54952158249
54965236505
54978368112
54991435093
55004494561
55017605988
55030701196
55043751546
55056788308
55069813902
55082813715
55095917997
55108987380
55122026896
55135114379
55148201800
55161283223
55174392447
55187453185
55200511796
55213572320
55226662495
55239762431
55252842876
55265916098
55279008859
55292086565
55305107936
55318166180
55331170965
55344236875
55357308154
55370422243
55383482492
55396552976
55409665060
55422770765
55435808232
55448866154
55461919762
55475008132
55488124026
55501173626
55514245043
55527324080
55540379601
55553463258
55566505712
55579543332
55592589688
55605642837
55618746568
55631828557
55644898399
55657986340
55671034379
55684089196
55697127152
55710162798
55723225433
55736270305
55749357450
55762465328
55775546583
55788636620
55801730223
55814805817
55827863586
55840939135
55853966932
55867017204
55880130559
55893217475
55906292993
55919374845
55932433839
55945527930
55958579091
55971687442
55984723103
55997784560
56010873190
56023957215
56037043840
56050099758
56063179759
56076247933
56089274292
56102329384
56115381385
56128418102
56141473149
56154559193
56167621399
56180691072
56193814770
56206915074
56219942488
56233030659
56246058563
56259103802
56272186970
56285303476
56298371175
56311433964
56324540341
56337632230
56350747880
56363816925
56376890347
56389964289
56403079724
56416172699
56429249242
56442291666
56455374252
56468498929
56481493617
56494547577
56507608636
56520656766
56533739077
56546809684
56559866811
56572978482
56586068535
56599158542
56612187150
56625254987
56638339669
56651373464
56664484753
56677579120
56690622814
56703667441
56716705581
56729769363
56742805239
56755895016
56768998104
56782049540
56795136227
56808237020
56821321213
56834374194
56847476226
56860588770
56873595269
56886674857
56899678143
56912722648
56925800307
56938905951
56951953301
56965016365
56978100802
56991221899
57004256565
57017321388
57030383136
57043421337
57056521335
57069622189
57082686416
57095783017
57108852598
57121901769
57134945922
57147963177
57161032361
57174128074
57187214960
57200329263
57213413532
57226512735
57239564292
57252672904
57265724110
57278740371
57291774364
57304811938
57317874757
57331000183
57344063139
57357153942
57370242051
57383328141
57396362487
57409431074
57422469106
57435506680
57448623079
57461696593
57474762747
57487863969
57500929220
57514069135
57527114711
57540165274
57553230786
57566321848
57579405781
57592492315
57605562294
57618664923
57631745643
57644863679
57657941614
57670956513
57683987921
57697037903
57710085973
57723168330
57736235295
57749320742
57762426079
57775519896
57788564232
57801582069
57814632495
57827684221
57840795495
57853897099
57866951579
57880033859
57893097657
57906162832
57919212171
57932256523
57945319403
57958398011
57971504313
57984606972
57997690599
58010728800
58023808464
58036916464
58049953395
58062983334
58076036712
58089079962
58102139155
58115266983
58128325013
58141396645
58154491578
58167627883
58180701534
58193754362
58206803655
58219852153
58232936499
58246041744
58259141604
58272234182
58285307205
58298374828
58311421506
58324453036
58337496056
58350573609
58363648331
58376759329
58389836392
58402899012
58415966604
58429083845
58442065987
58455121752
58468189987
58481233253
58494284336
58507378245
58520428701
58533511302
58546631619
58559744453
58572777115
58585862272
58598918221
58611987833
58625063029
58638185946
58651257303
58664347967
58677414779
58690456453
58703529875
58716616944
58729693288
58742796805
58755877800
58768977354
58782102903
58795159968
58808239342
58821360867
58834419983
58847453379
58860484940
58873530455
58886578279
58899689660
58912746466
58925813890
58938902795
58952058286
58965085502
58978176641
58991216066
59004253073
59017378377
59030440201
59043517662
59056595215
59069650995
59082740314
59095792774
59108821872
59121915474
59134995628
59148087363
59161191936
59174196737
59187272454
59200468260
59213560852
59226606994
59239669354
59252715526
59265771949
59278839144
59291951580
59305012594
59317990467
59331074124
59344150728
59357206142
59370291849
59383354683
59396436734
59409534069
59422627626
59435724885
59448784368
59461818071
59474900611
59487941979
59500968920
59514057810
59527121103
59540211966
59553279972
59566352062
59579400453
59592465582
59605546546
59618601241
59631619460
59644691780
59657744562
59670806524
59683909520
59696964337
59710033949
59723104770
59736221337
59749271992
59762305129
59775363036
59788409958
59801497165
59814606833
59827651842
59840718073
59853789857
59866868083
59879905137
59892934158
59905989143
59919061554
59932139306
59945248713
59958337190
59971381190
59984448675
59997606323
60010608508
60023678594
60036727352
60049795235
60062855391
60075938452
60089004147
60102088600
60115202934
60128303069
60141350205
60154399377
60167427602
60180477247
60193503009
60206582765
60219602713
60232694877
60245753611
60258799049
60271846858
60284892495
60297952101
60311044234
60324148853
60337258994
60350359757
60363408041
60376521135
60389834507
60402870107
60415908568
60428959452
60441966227
60455047957
60468159307
60481230464
60494327876
60507388691
60520495436
60533575191
60546640902
60559679883
60572747169
60585851451
60598961761
60612044332
60625128953
60638191527
60651278260
60664332495
60677385231
60690451554
60703542019
60716661142
60729775032
60742853962
60755940052
60769004982
60782103342
60795132853
60808177296
60821192012
60834236455
60847303849
60860426674
60873486448
60886575353
60899659561
60912774232
60925813932
60938891332
60951947357
60964988220
60978082940
60991204526
61004282354
61017361696
61030431614
61043527037
61056563815
61069604755
61082649566
61095703403
61108810867
61121915470
61135022781
61148118878
61161154279
61174234891
61187277728
61200288405
61213326973
61226366979
61239447852
61252588670
61265643594
61278715394
61291807803
61304906760
61317920756
61330975512
61344008220
61357056336
61370129099
61383239333
61396317604
61409365873
61422412091
61435548319
61448576728
61461651741
61474717451
61487822452
61500913071
61514007025
61527090560
61540154802
61553208410
61566288120
61579327973
61592356061
61605404344
61618436456
61631527411
61644622880
61657690947
61670778399
61683870930
61696982586
61710047792
61723081709
61736110148
61749160054
61762209929
61775339348
61788391702
61801434477
61814479594
61827504652
61840567609
61853601740
61866640813
61879757733
61892850708
61905915270
61919017181
61932092086
61945153513
61958259003
61971274514
61984300292
61997317042
62010361807
62023454476
62036576704
62049628890
62062716999
62075801590
62088871232
62101883637
62114947206
62127978491
62141007925
62154121693
62167219564
62180268307
62193336021
62206388559
62219466096
62232509208
62245486944
62258498262
62271625907
62284709182
62297802907
62310855658
62323912800
62336959830
62350104075
62363120886
62376171756
62389216092
62402250086
62415328449
62428433435
62441487655
62454550152
62467626848
62480754340
62493807795
62506847771
62519878429
62532921969
62546022992
62559112892
62572154841
62585230833
62598282009
62611366370
62624447717
62637494119
62650540429
62663644955
62676666954
62689776300
62702842729
62715884281
62728944192
62742032685
62755085038
62768128716
62781172502
62794204155
62807280039
62820401151
62833471084
62846559469
62859637435
62872747959
62885777347
62898874193
62911902189
62924961795
62938056315
62951113702
62964173277
62977274866
62990271482
63003368175
63016410201
63029418322
63042452224
63055541297
63068542809
63081577843
63094631589
63107720769
63120764448
63133854929
63146883582
63159897900
63172935627
63185975128
63199057791
63212149206
63225231088
63238309084
63251397974
63264468275
63277510959
63290619830
63303639059
63316667575
63329781573
63342880453
63355938820
63369024313
63382099831
63395191215
63408292023
63421332902
63434383251
63447457055
63460588525
63473679419
63486767972
63499856724
63512907579
63525997953
63539065101
63552061334
63565062647
63578096350
63591162825
63604257177
63617321358
63630405902
63643498173
63656583147
63669630925
63682704347
63695778151
63708801098
63721891778
63735003404
63748034444
63761095182
63774210449
63787313247
63800359557
63813401078
63826443410
63839501210
63852601284
63865697916
63878754324
63891807611
63904868930
63917961217
63931008934
63944049262
63957126830
63970154382
63983213055
63996296436
64009339166
64022412986
64035478773
64048580147
64061632179
64074682605
64087756073
64100788720
64113866089
64126955162
64140018318
64153062363
64166110341
64179225225
64192269960
64205335899
64218374406
64231473471
64244532985
64257637955
64270734143
64283806050
64296837641
64309953949
64322994200
64336041413
64349093659
64362102193
64375152803
64388265714
64401336198
64414406345
64427486193
64440608253
64453653783
64466718300
64479769827
64492778744
64505868414
64518902744
64531955205
64545095457
64558138645
64571231682
64584301370
64597347542
64610377451
64623463173
64636591767
64649658089
64662742756
64675804902
64688862075
64701965943
64714983765
64728011394
64741057765
64754113530
64767196897
64780307482
64793361167
64806440509
64819532918
64832623782
64845677191
64858757987
64871781623
64884845482
64897975452
64911045860
64924107561
64937169829
64950223789
64963310369
64976338334
64989373047
65002408203
65015457191
65028565695
65041637786
65054704536
65067757303
65080807071
65093927157
65107001176
65120048863
65133108851
65146132502
65159199880
65172341692
65185443511
65198521553
65211602058
65224707059
65237731016
65250823914
65263842945
65276910154
65290002487
65303119559
65316180695
65329262929
65342318205
65355422426
65368441945
65381522481
65394553231
65407604912
65420732893
65433821171
65446886193
65459981998
65473041742
65486158401
65499213708
65512257202
65525315982
65538355208
65551405450
65564499848
65577554665
65590617285
65603675207
65616762628
65629808510
65642861169
65655900671
65668941213
65682099886
65695200052
65708279043
8313652
21370749
34441967
47499523
60547776
73601904
86691544
99854241
112966249
126094185
139143111
152210780
165330499
178373841
191431718
204487269
217519625
230583989
243684216
256764584
269842749
282927860
296028179
309067007
322105483
335161738
348207941
361333230
374412022
387472270
400542662
413602268
426607849
439670561
452722624
465744943
478843013
491960162
505074710
518174325
531220987
544306649
557434845
570471684
583545396
596568297
609607278
622667282
635773247
648850417
661930892
675004680
688105367
701131817
714193458
727241191
740279346
753379527
766436226
779476905
792550602
805627788
818646894
831677094
844718156
857765062
870820200
883927619
897031533
910087543
923165509
936229230
949300663
962336737
975373011
988382601
1001443813
1014513333
1027608894
1040689751
1053747551
1066856729
1079928865
1092945585
1105977498
1119021696
1132065972
1145151633
1158209801
1171282549
1184370919
1197424726
1210494827
1223560063
1236585412
1249615015
1262641848
1275722078
1288844031
1301913949
1314973601
1328042172
1341127620
1354159364
1367179465
1380224995
1393261360
1406304258
1419404944
1432475673
1445524722
1458619135
1471612797
1484636877
1497703214
1510743343
1523801862
1536922638
1549977194
1563036632
1576117382
1589231961
1602365282
1615414698
1628449869
1641491436
1654537257
1667620149
1680653102
1693728375
1706799777
1719866329
1732979301
1746028044
1759073589
1772119455
1785149118
1798178063
1811239092
1824298009
1837413108
1850443597
1863511251
1876562992
1889594446
1902610676
1915617375
1928686604
1941823536
1954885666
1967925887
1981003745
1994061423
2007124961
2020170781
2033187899
2046262269
2059270589
2072385244
2085463868
2098546271
2111619799
2124735694
2137783641
2150837754
2163869070
2176893746
2189968514
2203032296
2216096002
2229145801
2242211695
2255288528
2268344447
2281391047
2294431314
2307484111
2320590810
2333697326
2346773991
2359843251
2372893355
2385960213
2399096166
2412134948
2425148700
2438235371
2451322639
2464448739
2477547834
2490600356
2503650674
2516873592
2530079190
2543127979
2556167022
2569218457
2582283265
2595386016
2608442914
2621430457
2634526859
2647613653
2660638160
2673737118
2686760080
2699791289
2712878847
2725962857
2739016985
2752094874
2765142378
2778164835
2791174960
2804231889
2817274205
2830336764
2843395452
2856534831
2869576766
2882645567
2895713633
2908783735
2921848191
2934903635
2947951827
2960986233
2974040683
2987144827
3000185568
3013250391
3026342050
3039409504
3052383124
3065437864
3078458975
3091484967
3104568196
3117631305
3130713968
3143769856
3156802380
3169863027
3182939799
3195984931
3209014854
3222057997
3235166487
3248281769
3261337228
3274394080
3287429894
3300508625
3313574335
3326608115
3339673794
3352694737
3365749860
3378853989
3391888441
3404966805
3418075554
3431138250
3444172167
3457230059
3470179581
3483217431
3496298900
3509383567
3522435232
3535490294
3548556218
3561598045
3574632804
3587686672
3600707921
3613817374
3626905376
3640018731
3653120519
3666181287
3679229984
3692343889
3705396488
3718439845
3731484870
3744513722
3757576051
3770668598
3783746120
3796823535
3809897630
3822936718
3835962618
3849016547
3862055896
3875105143
3888155997
3901272519
3914332829
3927363318
3940421746
3953479929
3966495149
3979479632
3992502717
4005597206
4018671974
4031764001
4044853533
4057897671
4070960887
4084042020
4097093838
4110151347
4123184714
4136246737
4149310091
4162383788
4175457378
4188543636
4201625335
4214685262
4227730241
4240800740
4253829715
4266844767
4279923162
4293009313
4306091823
4319167493
4332208142
4345277173
4358352033
4371401142
4384445708
4397544161
4410638329
4423743468
4436849233
4449914714
4462959479
4476037261
4489096836
4502141463
4515169995
4528203300
4541286069
4554367906
4567422325
4580474786
4593544275
4606624674
4619602363
4632703600
4645731611
4658776299
4671869183
4684944578
4698004260
4711069588
4724095932
4737170470
4750221890
4763246122
4776293427
4789329057
4802395992
4815511672
4828653041
4841735490
4854770294
4867833954
4880875904
4893915726
4906967101
4919982964
4933031079
4946180664
4959236552
4972300457
4985361531
4998408882
5011460118
5024538054
5037578351
5050603730
5063698679
5076801798
5089856370
5102877879
5115921878
5128988706
5142019180
5155056402
5168108174
5181157085
5194244215
5207346845
5220391915
5233441163
5246478660
5259560527
5272600228
5285636164
5298696933
5311732900
5324788773
5337885986
5350938752
5364039637
5377103955
5390150189
5403219051
5416261888
5429310738
5442359756
5455459692
5468526091
5481594433
5494574051
5507636548
5520709082
5533742372
5546799178
5559810191
5572880124
5585946966
5599030226
5612154857
5625236923
5638286140
5651365115
5664405596
5677461239
5690501995
5703523060
5716592182
5729682740
5742739408
5755813916
5768794971
5781890930
5794933415
5807986304
5821045160
5834026827
5847128325
5860223686
5873276759
5886352047
5899393691
5912370845
5925424208
5938475399
5951527048
5964580886
5977656235
5990768856
6003911739
6016985207
6030058475
6043147396
6056197607
6069222727
6082256751
6095256641
6108299340
6121390571
6134481480
6147546808
6160604991
6173677250
6186709866
6199747593
6212781112
6225790641
6238914491
6251985572
6265031637
6278109450
6291114358
6304166926
6317269402
6330279007
6343312725
6356405502
6369478893
6382599377
6395682040
6408776009
6421876956
6434958517
6448026690
6461033771
6474086125
6487157466
6500238093
6513364774
6526449900
6539513790
6552606918
6565678580
6578720423
6591792681
6604830316
6617851443
6630946391
6644020211
6657110906
6670197195
6683244255
6696296945
6709353093
6722387928
6735413751
6748481710
6761570493
6774648428
6787724742
6800789366
6813856300
6826986117
6840053802
6853069022
6866118407
6879173423
6892194381
6905343492
6918393015
6931471653
6944561737
6957643527
6970680306
6983738856
6996755422
7009780083
7022863541
7035976406
7049018249
7062070587
7075108604
7088180159
7101227280
7114257372
7127300989
7140425436
7153528173
7166615426
7179686445
7192764839
7205814837
7218910045
7231975327
7245023657
7258063342
7271049584
7284107736
7297206464
7310248888
7323321866
7336432818
7349508382
7362541473
7375600115
7388622985
7401643025
7414738234
7427867347
7440945925
7454010763
7467072465
7480137961
7493199571
7506225089
7519299811
7532361574
7545418992
7558518561
7571617748
7584680337
7597745496
7610832000
7623905666
7636952221
7650009990
7663046493
7676116472
7689230531
7702291360
7715370474
7728447215
7741536029
7754570757
7767618275
7780653416
7793715087
7806794736
7819901604
7832912754
7845958743
7859018410
7872069968
7885151973
7898110644
7911132673
7924182548
7937260850
7950325367
7963372396
7976456834
7989524212
8002606569
8015656612
8028704773
8041770254
8054813305
8067873492
8080967523
8094027129
8107120945
8120202828
8133298297
8146329705
8159382104
8172419678
8185448362
8198544596
8211633853
8224694346
8237762306
8250840700
8263908522
8276939195
8289931159
8302944896
8316012243
8329046237
8342122167
8355212924
8368300008
8381334645
8394439905
8407479545
8420567440
8433621018
8446715446
8459769192
8472845184
8485890821
8498980583
8512079494
8525177273
8538217693
8551311984
8564352847
8577375059
8590452229
8603516257
8616566866
8629660927
8642744523
8655818144
8668889883
8681963243
8695032044
8708102742
8721195794
8734269353
8747368371
8760482506
8773553128
8786639708
8799698028
8812747811
8825821156
8838901249
8851882014
8864997281
8878037302
8891105338
8904194611
8917273969
8930340062
8943409582
8956423578
8969463661
8982545100
8995603635
9008651658
9021717613
9034785787
9047836274
9060908426
9073968613
9087005192
9100057913
9113142381
9126169474
9139258486
9152353053
9165411235
9178527298
9191571711
9204622290
9217694120
9230720540
9243793763
9256905220
9269940024
9283010202
9296087403
9309179613
9322253494
9335297708
9348328871
9361412207
9374483899
9387563028
9400610715
9413674987
9426716631
9439710156
9452764620
9465818611
9478868578
9491993652
9505100152
9518194703
9531286408
9544368168
9557427698
9570515471
9583529023
9596584207
9609652672
9622695233
9635767324
9648885957
9661942778
9675040098
9688101372
9701203083
9714252239
9727319938
9740394660
9753447274
9766530181
9779628634
9792616467
9805673977
9818724601
9831796034
9844865952
9857889679
9870938177
9884031167
9897052829
9910148191
9923198310
9936249624
9949321653
9962447140
9975475748
9988506896
10001504353
10014542340
10027623457
10040715499
10053801161
10066883135
10079955792
10093050939
10106106230
10119175857
10132220622
10145260353
10158360687
10171450526
10184513926
10197597675
10210652752
10223718677
10236785565
10249848889
10262905740
10275944508
10289016338
10302128667
10315203573
10328237735
10341313375
10354372461
10367562315
10380682341
10393728895
10406786267
10419853798
10432969540
10446020914
10459067209
10472157598
10485202393
10498253202
10511342489
10524368527
10537407891
10550555181
10563644805
10576721271
10589787976
10602828151
10615885079
10628939926
10642021625
10655083740
10668188511
10681281532
10694366261
10707458119
10720520433
10733586066
10746680311
10759723607
10772780229
10785855961
10798879750
10811949056
10825048059
10838053962
10851148421
10864230349
10877280805
10890318578
10903378046
10916429466
10929475638
10942575850
10955682274
10968771133
10981859671
10994912775
11007952659
11020998280
11034064847
11047113789
11060168590
11073265865
11086343830
11099424887
11112484018
11125557654
11138670504
11151700335
11164744458
11177803130
11190835349
11203899636
11217020029
11230133276
11243223941
11256298464
11269363149
11282399025
11295476455
11308531930
11321555259
11334635214
11347694299
11360771301
11373782329
11386824830
11399874552
11412926186
11425984767
11439040914
11452107482
11465182571
11478278545
11491362569
11504419803
11517498381
11530590040
11543623544
11556679799
11569741929
11582796685
11595878889
11608969523
11622020499
11635085414
11648182245
11661274899
11674313375
11687384088
11700424324
11713483379
11726545066
11739656997
11752666220
11765757313
11778815573
11791904784
11804939588
11817999332
11831023135
11844120532
11857205260
11870302259
11883410121
11896464234
11909547891
11922626530
11935659927
11948712265
11961716990
11974789463
11987853934
12000948500
12014001971
12027091595
12040175650
12053276994
12066318072
12079409517
12092437023
12105467390
12118571167
12131645614
12144691740
12157756471
12170809269
12183886163
12196901353
12209965579
12222997155
12236086428
12249172854
12262241870
12275329949
12288375264
12301512624
12314559087
12327594917
12340647959
12353691285
12366728048
12379743452
12392842777
12405929173
12419018491
12432097038
12445187580
12458238251
12471316048
12484362557
12497411484
12510506080
12523604594
12536704515
12549770118
12562824752
12575914866
12588949502
12602027085
12615056917
12628039563
12641104585
12654183102
12667254687
12680319541
12693383538
12706521128
12719561838
12732608255
12745660058
12758684244
12771755248
12784885096
12797955733
12811008897
12824105835
12837200325
12850229438
12863290023
12876298817
12889331923
12902422649
12915500752
12928571772
12941616965
12954691044
12967764405
12980783037
12993872447
13006913739
13019970805
13033063917
13046158530
13059260669
13072338008
13085394844
13098571709
13111619840
13124697974
13137761160
13150798718
13163855860
13176945423
13190038949
13203097591
13216160547
13229190915
13242213923
13255287100
13268318400
13281359401
13294487245
13307572218
13320643115
13333725396
13346784986
13359838257
13372916789
13385985514
13399033507
13412102553
13425185858
13438291777
13451381432
13464471056
13477552541
13490646862
13503689959
13516754002
13529796808
13542829272
13555885496
13568984178
13582061118
13595163625
13608225756
13621306598
13634342289
13647431286
13660477627
13673496933
13686551000
13699619892
13712696481
13725798575
13738860414
13751925130
13764989173
13778075355
13791094783
13804175793
13817265234
13830343796
13843371899
13856459779
13869533033
13882636855
13895684022
13908766654
13921798093
13934863849
13947884302
13960977078
13974072287
13987144576
14000235593
14013321484
14026363908
14039433474
14052474903
14065518383
14078622037
14091683402
14104756350
14117840298
14130900653
14143973631
14157017982
14170104914
14183143543
14196190496
14209288933
14222381740
14235436832
14248532943
14261611766
14274720286
14287756008
14300824687
14313937827
14326966772
14340016876
14353134943
14366210445
14379281893
14392374501
14405438651
14418481610
14431586932
14444664929
14457721520
14470794238
14483869434
14496930356
14509995454
14523052734
14536100513
14549168259
14562243134
14575308722
14588364196
14601459987
14614539023
14627566377
14640632913
14653691677
14666811183
14679827290
14692885091
14705945354
14718979623
14732010526
14745099095
14758102733
14771197850
14784284720
14797374834
14810411658
14823496968
14836514483
14849586742
14862617691
14875715088
14888751912
14901826894
14914890462
14927960242
14941015885
14954098334
14967136887
14980173619
14993219363
15006304183
15019392614
15032468040
15045535831
15058667286
15071666349
15084710456
15097776029
15110773853
15123821785
15136870267
15149918153
15163009965
15176080419
15189168605
15202220729
15215270527
15228333484
15241319190
15254363267
15267445363
15280462389
15293521995
15306570891
15319595689
15332664459
15345720561
15358738689
15371805378
15384915810
15398011907
15411062042
15424122948
15437202275
15450302946
15463318870
15476404410
15489498257
15502557419
15515627092
15528719302
15541795646
15554906154
15568003612
15581104574
15594148650
15607214192
15620234798
15633262182
15646359303
15659433551
15672518677
15685598311
15698615015
15711692660
15724739949
15737796250
15750826785
15763913411
15776977438
15790076258
15803109701
15816191904
15829256314
15842347224
15855383589
15868444923
15881444829
15894502476
15907563520
15920640216
15933646837
15946719647
15959793772
15972883351
15985888886
15998942754
16011959306
16024967993
16038020500
16051087082
16064122774
16077154717
16090164629
16103203059
16116256040
16129271337
16142295508
16155309550
16168388311
16181477844
16194549185
16207619164
16220668350
16233753645
16246828443
16259838217
16272903483
16285922697
16298934322
16312031688
16325068543
16338088720
16351159250
16364242540
16377275845
16390362471
16403413554
16416469611
16429566426
16442633391
16455711448
16468766785
16481825550
16494859681
16507836728
16520898613
16533888451
16546902677
16559985951
16573067865
16586164772
16599230069
16612226715
16625315636
16638333717
16651418185
16664522085
16677544144
16690618637
16703740544
16716793571
16729876035
16742957137
16756064494
16769085635
16782145532
16795192194
16808277748
16821330316
16834427024
16847517214
16860596909
16873677613
16886717084
16899741775
16912768287
16925831764
16938901284
16951962771
16965027931
16978102056
16991170200
17004263220
17017338432
17030395575
17043486668
17056537690
17069587794
17082664643
17095748561
17108807401
17121908072
17135009523
17148085011
17161102893
17174165620
17187217897
17200266594
17213355805
17226464310
17239531122
17252624601
17265698513
17278745618
17291805775
17304861953
17317908340
17330999616
17344076695
17357195068
17370311054
17383384552
17396474589
17409563082
17422626681
17435712051
17448779598
17461831890
17474863405
17487979743
17501048988
17514102290
17527195311
17540319483
17553357485
17566413877
17579467684
17592517498
17605610045
17618712261
17631763161
17644815147
17657901314
17670967192
17684001094
17697066437
17710121499
17723190330
17736270346
17749351785
17762447438
17775524011
17788546698
17801622047
17814709162
17827799919
17840827532
17853871501
17866927741
17880108385
17893153150
17906250470
17919360642
17932449379
17945473458
17958556702
17971578639
17984656177
17997753910
18010867387
18023974576
18037065791
18050146511
18063216215
18076264866
18089329122
18102381201
18115435161
18128462866
18141400745
18154476278
18167576643
18180624513
18193735496
18206822152
18220039302
18233142635
18246120570
18259180145
18272276088
18285258612
18298345697
18311462050
18324483513
18337529272
18350580891
18363600594
18376639668
18389728741
18402795415
18415854302
18428939046
18441998406
18455094135
18468120020
18481200204
18494237013
18507331809
18520415925
18533517866
18546618292
18559713531
18572774300
18585930571
18599007511
18612048283
18625128804
18638143641
18651232669
18664340669
18677388065
18690482524
18703579018
18716682168
18729751122
18742823855
18755870532
18768902965
18781992574
18795100390
18808142079
18821238512
18834318620
18847378853
18860446613
18873505224
18886538407
18899591816
18912603625
18925661823
18938718384
18951798078
18964864783
18977978826
18991050504
19004110553
19017187249
19030205973
19043283801
19056468530
19069507726
19082566169
19095636790
19108740246
19121813851
19134880112
19147944109
19160979495
19174079248
19187169836
19200154150
19213232973
19226292655
19239368280
19252419440
19265503449
19278544863
19291576883
19304651682
19317760217
19330854354
19343931754
19357011479
19370117796
19383169629
19396267684
19409310199
19422346473
19435420124
19448524405
19461614397
19474683412
19487792452
19500899671
19513932227
19527014981
19540067411
19553128853
19566232186
19579347866
19592409339
19605483342
19618544906
19631615726
19644641871
19657706755
19670734215
19683810942
19696876484
19709973712
19723031972
19736099426
19749159078
19762275844
19775331135
19788391032
19801446139
19814483698
19827538928
19840639614
19853695609
19866777445
19879870267
19892969714
19905997863
19919084320
19932152326
19945170652
19958251448
19971349702
19984411985
19997492383
20010547185
20023635906
20036681314
20049721198
20062794895
20075836645
20088928779
20102012543
20115106115
20128169025
20141227269
20154351472
20167375184
20180449431
20193541335
20206543704
20219600433
20232685238
20245743268
20258823467
20271956023
20285033040
20298073475
20311128047
20324112576
20337169198
20350242926
20363318244
20376340335
20389405724
20402458077
20415475669
20428477043
20441534996
20454566083
20467651316
20480740481
20493758823
20506790628
20519823153
20532864598
20545951514
20558933365
20572003971
20585073951
20598101579
20611164444
20624233153
20637234558
20650329261
20663384889
20676441114
20689500383
20702522641
20715606115
20728661544
20741728157
20754816633
20767857374
20780938492
20794003544
20807067801
20820092263
20833130142
20846138049
20859203087
20872305333
20885390597
20898471332
20911531290
20924586749
20937673910
20950713657
20963815490
20976884536
20989931412
21003015069
21016106545
21029197914
21042288364
21055349867
21068446606
21081486750
21094522411
21107554492
21120596013
21133703493
21146777679
21159816477
21172897717
21185968782
21199037063
21212086265
21225132085
21238153961
21251207829
21264304675
21277379076
21290476993
21303514949
21316583643
21329666765
21342691685
21355773690
21368842644
21381892045
21394959652
21408079387
21421159204
21434229504
21447360332
21460419035
21473463034
21486518861
21499595909
21512630392
21525726794
21538808187
21551902983
21564994152
21578061668
21591159539
21604205344
21617220151
21630298239
21643360645
21656432736
21669535151
21682587581
21695625185
21708650442
21721740449
21734788182
21747832059
21760907913
21773949832
21786999080
21800120467
21813212432
21826209614
21839291221
21852388541
21865400855
21878445344
21891511988
21904599516
21917695933
21930792672
21943878074
21956932539
21969929368
21982977270
21995991388
22009008873
22022033794
22035053589
22048139373
22061220628
22074293193
22087368741
22100424384
22113509923
22126553739
22139611616
22152691892
22165728150
22178797701
22191907751
22204984630
22218061708
22231146712
22244224953
22257248711
22270336025
22283367601
22296469282
22309539643
22322659546
22335714149
22348768461
22361816163
22374893272
22387931534
22400992410
22414040372
22427115324
22440203816
22453284474
22466393820
22479447582
22492492713
22505568323
22518582488
22531633740
22544709273
22557762804
22570834283
22583915064
22596983865
22610059918
22623184717
22636261856
22649286012
22662328864
22675404825
22688454104
22701552005
22714635387
22727692560
22740765890
22753837215
22766909979
22779933890
22792968419
22806020574
22819061712
22832159767
22845272555
22858365821
22871398422
22884472395
22897542205
22910583084
22923645826
22936736414
22949786044
22962877749
22976011514
22989062277
23002160974
23015247691
23028404100
23041431927
23054486469
23067554275
23080593348
23093701746
23106779528
23119825608
23132894945
23145970631
23159021959
23172068667
23185105767
23198154601
23211226003
23224329795
23237424331
23250533922
23263593925
23276665052
23289770083
23302795937
23315826258
23328941587
23342041156
23355083136
23368202794
23381250741
23394329824
23407421743
23420525719
23433525854
23446595573
23459633452
23472665396
23485789323
23498879804
23511928455
23524982751
23538050359
23551123490
23564159916
23577205905
23590279540
23603328176
23616416637
23629528707
23642599650
23655639702
23668717270
23681805441
23694833666
23707863819
23720980372
23734038646
23747113170
23760253131
23773308101
23786373903
23799478582
23812586352
23825629710
23838727519
23851767679
23864813744
23877839368
23890924097
23904034070
23917064070
23930139496
23943209827
23956237838
23969247092
23982284023
23995355991
24008491576
24021578661
24034651210
24047719751
24060778745
24073887724
24086937262
24099988743
24113078199
24126118099
24139182708
24152278896
24165316867
24178415687
24191511783
24204619002
24217598405
24230636897
24243671640
24256734551
24269816158
24282920577
24296001878
24309077442
24322147161
24335237948
24348267948
24361312805
24374346018
24387402395
24400512170
24413643379
24426708753
24439758138
24452828990
24465924061
24478973186
24491999912
24505112716
24518140620
24531216933
24544319379
24557367754
24570430114
24583506045
24596609439
24609658136
24622707766
24635766622
24648789753
24661863159
24674943940
24687986211
24701076753
24714134706
24727205879
24740265041
24753312559
24766361302
24779420801
24792499348
24805613008
24818680325
24831743067
24844819121
24857903007
24870919850
24883982775
24897053902
24910096479
24923154386
24936264222
24949323323
24962384596
24975460772
24988583842
25001598924
25014686223
25027713270
25040746927
25053891678
25066976773
25080062022
25093142573
25106210257
25119265885
25132331626
25145373208
25158449001
25171485948
25184545155
25197624070
25210695028
25223763676
25236829539
25249939941
25262997803
25276047295
25289131916
25302173346
25315207232
25328316838
25341356783
25354434611
25367525307
25380615987
25393656161
25406729017
25419800740
25432855113
25445918590
25459010647
25472074460
25485176554
25498238760
25511282837
25524333063
25537359132
25550425515
25563452517
25576546777
25589626976
25602712072
25615777629
25628849766
25641933117
25654974454
25667976670
25681076407
25694128164
25707177259
25720277532
25733362153
25746443347
25759509639
25772586258
25785607017
25798641913
25811693563
25824736323
25837795317
25850875364
25863980716
25877052027
25890116589
25903183111
25916241707
25929283457
25942336805
25955409049
25968502177
25981575262
25994649571
26007724247
26020775973
26033877225
26046926335
26059940883
26073359686
26086440024
26099504235
26112609847
26125653816
26138747189
26151829592
26164931334
26177997717
26191060031
26204052149
26217083526
26230153153
26243251177
26256317010
26269389223
26282475573
26295558373
26308676440
26321748210
26334811089
26347899214
26361015675
26374116269
26387186738
26400257237
26413358505
26426464301
26439507291
26452596426
26465684994
26478786629
26491865574
26504959406
26518010994
26531109738
26544204900
26557305633
26570343114
26583400379
26596473877
26609525374
26622646180
26635746422
26648808721
26661876634
26674942268
26688003389
26701043915
26714082330
26727154329
26740218219
26753334236
26766448019
26779519895
26792567352
26805634134
26818735983
26831792529
26844839634
26857927086
26870999574
26884080202
26897200472
26910258885
26923343781
26936472589
26949557562
26962590714
26975660861
26988708992
27001742511
27014833145
27027924131
27040960833
27054015849
27067077030
27080141226
27093198154
27106240869
27119301147
27132369903
27145468799
27158567358
27171612383
27184663987
27197713663
27210769199
27223830365
27236868260
27249904242
27262974084
27275958077
27289061961
27302109158
27315159768
27328270230
27341359411
27354396082
27367445513
27380478038
27393526980
27406610805
27419703948
27432788508
27445865847
27458919761
27471974149
27485045628
27498092259
27511159270
27524192805
27537292496
27550440169
27563579197
27576647172
27589703748
27602773176
27615846766
27628809416
27641880144
27654958508
27668040574
27681157692
27694199703
27707288562
27720366972
27733468637
27746509072
27759561655
27772612616
27785657167
27798749270
27811860299
27824945103
27837995912
27851070970
27864135793
27877188330
27890235084
27903282205
27916345360
27929432384
27942547391
27955631920
27968709733
27981764748
27994871034
28007880992
28020900083
28033990641
28047029561
28060102890
28073220131
28086264054
28099364159
28112448444
28125547937
28138582818
28151633794
28164685842
28177712690
28190773841
28203869493
28216888218
28229908441
28242942955
28255947496
28269035590
28282075658
28295122335
28308178590
28321266837
28334379136
28347477206
28360534976
28373609912
28386691871
28399721504
28412783389
28425794356
28438852095
28451924033
28465025561
28478081739
28491145690
28504244280
28517352203
28530376114
28543422761
28556467954
28569482440
28582590103
28595673102
28608752506
28621817910
28634885044
28647948551
28660988450
28674006669
28687039577
28700131833
28713190719
28726268532
28739331014
28752381333
28765447563
28778558516
28791566576
28804607362
28817637516
28830708290
28843770681
28856853833
28869915412
28882982637
28896045793
28909117210
28922148342
28935201186
28948232104
28961262517
28974365238
28987430933
29000520083
29013598615
29026663591
29039721391
29052772551
29065786808
29078844746
29091915184
29104985928
29118089720
29131159776
29144222243
29157288779
29170368336
29183422342
29196480433
29209524372
29222588414
29235657123
29248799380
29261842997
29274923043
29288024250
29301096493
29314149260
29327196916
29340222066
29353279423
29366382068
29379482739
29392558776
29405647972
29418705222
29431766266
29444803671
29457847824
29470878819
29483950205
29497071393
29510151991
29523246894
29536319214
29549350774
29562456846
29575518441
29588563236
29601603946
29614670865
29627763672
29640876201
29653918548
29666966587
29680066064
29693152062
29706185918
29719244790
29732265304
29745324175
29758404941
29771504219
29784561239
29797617770
29810718869
29823791541
29836854252
29849901190
29862934602
29876005698
29889102957
29902213665
29915303274
29928373696
29941429875
29954538792
29967559919
29980601210
29993652324
30006720774
30019822577
30032974518
30046013958
30059102511
30072200275
30085291583
30098318293
30111361100
30124381843
30137442948
30150502677
30163608565
30176663519
30189731555
30202794328
30215875109
30228850519
30241876954
30254886651
30267983451
30281066711
30294152433
30307246128
30320313322
30333373861
30346469636
30359502773
30372550108
30385607633
30398646935
30411770480
30424855835
30437901166
30450985711
30464056501
30477183426
30490224030
30503281325
30516311861
30529351561
30542457526
30555565908
30568624993
30581672068
30594732684
30607808584
30620860387
30633898098
30646907367
30659988928
30673058433
30686173149
30699227124
30712288306
30725346183
30738429152
30751486875
30764518513
30777568893
30790594685
30803680408
30816766590
30829814399
30842891187
30855993311
30869067375
30882091103
30895144787
30908138741
30921168435
30934260125
30947361071
30960430331
30973517048
30986572446
30999654008
31012711135
31025740599
31038794789
31051901335
31064971222
31078074081
31091156224
31104190982
31117286176
31130369695
31143414751
31156445547
31169522625
31182593262
31195662583
31208850510
31221909519
31234978917
31248079526
31261194319
31274231204
31287300556
31300350171
31313409822
31326528960
31339624093
31352703282
31365770492
31378811830
31391864719
31404918128
31417976770
31431035809
31444104151
31457204685
31470274281
31483346448
31496406176
31509472468
31522587429
31535640027
31548718498
31561764854
31574835216
31587928956
31601038500
31614112213
31627193881
31640318374
31653394290
31666462922
31679529444
31692548275
31705618376
31718700886
31731804495
31744857292
31757930484
31770990747
31784051914
31797074325
31810151832
31823181419
31836261037
31849357011
31862465408
31875567120
31888633794
31901700223
31914779887
31927809061
31940860497
31953905185
31966968126
31980065569
31993166301
32006210331
32019276225
32032346296
32045452429
32058481634
32071547390
32084614676
32097655264
32110759959
32123852154
32136916365
32149990704
32163047571
32176133600
32189180155
32202217300
32215262355
32228333727
32241431797
32254539414
32267627998
32280712083
32293778391
32306873921
32319921363
32332961691
32346008414
32359045360
32372127288
32385268520
32398336678
32411418102
32424531670
32437674676
32450711791
32463780393
32476822098
32489869341
32502974265
32516051175
32529136470
32542185366
32555180941
32568202633
32581236871
32594284145
32607354186
32620427485
32633486524
32646591051
32659627110
32672698298
32685769072
32698840015
32711877344
32724906488
32737951895
32751045910
32764102762
32777226918
32790267675
32803309211
32816358963
32829476663
32842510198
32855591392
32868641557
32881641937
32894728073
32907808502
32920873049
32933938041
32947010682
32960088663
32973121417
32986186699
32999231510
33012309368
33025395305
33038481900
33051571968
33064645788
33077707902
33090769252
33103818408
33116856716
33129923299
33143012250
33156049961
33169202958
33182277298
33195358293
33208443082
33221537037
33234585213
33247665076
33260696698
33273780631
33286870760
33299981881
33313096077
33326158758
33339204272
33352279499
33365317211
33378381621
33391422071
33404478739
33417586080
33430678398
33443758949
33456846217
33469885810
33482971747
33495992476
33509037898
33522083459
33535142177
33548198049
33561303264
33574335407
33587400046
33600473177
33613561960
33626610473
33639712766
33652726211
33665795012
33678863308
33691975393
33705069057
33718111128
33731171285
33744219768
33757255964
33770297990
33783330959
33796415182
33809495458
33822566141
33835657050
33848722791
33861767877
33874851305
33887863986
33900906716
33913952123
33927164163
33940253649
33953377270
33966473397
33979598272
33992679818
34005755520
34018793415
34031791254
34044831750
34057884578
34070976145
34084050898
34097113778
34110188148
34123270887
34136302127
34149333458
34162380472
34175430179
34188523184
34201648917
34214763924
34227840879
34240894197
34253975911
34267016178
34280060988
34293101423
34306120881
34319197164
34332247743
34345346379
34358400675
34371456563
34384530582
34397611500
34410644499
34423724484
34436741296
34449785173
34462884238
34475987081
34489045096
34502099928
34515172982
34528223530
34541284544
34554313305
34567360946
34580418685
34593495182
34607056520
34620239719
34633366584
34646447212
34659561270
34672772560
34686575945
34699861807
34713683964
34726841995
34740196401
34753277962
34766343688
34779458466
34792572937
34805613127
34818679480
34831688749
34844729015
34857801152
34870900078
34883996526
34897084407
34910139101
34923213563
34936268273
34949317474
34962348148
34975401924
34988485398
35001555561
35014658725
35027713726
35040759561
35053856897
35066914575
35079969682
35093017874
35106084090
35119167227
35132305459
35145379508
35158431265
35171507486
35184606214
35197647842
35210708947
35223734679
35236788027
35249871776
35262954316
35276028610
35289082983
35302151876
35315236574
35328289922
35341345274
35354387529
35367465725
35380551478
35393638226
35406706109
35419723471
35432748254
35445835721
35458870082
35471916009
35484956796
35498015713
35511070576
35524148113
35537235290
35550317830
35563427084
35576490790
35589549815
35602594319
35615636804
35628677469
35641769464
35654882804
35667956700
35681009726
35694053481
35707107732
35720175982
35733221359
35746243219
35759328789
35772384524
35785494528
35798576716
35811633277
35824692087
35837769365
35850714603
35863755282
35876763373
35889818894
35902885170
35915985810
35929073645
35942150937
35955235421
35968325091
35981363139
35994427396
36007478586
36020514661
36033598333
36046684163
36059732478
36072856986
36085948186
36099011862
36112081412
36125136535
36138176404
36151250483
36164337399
36177463881
36190536339
36203571694
36216647151
36229734541
36242784432
36255840702
36268857789
36281916890
36294993050
36308112341
36321212782
36334281308
36347348625
36360448638
36373479327
36386561515
36399591592
36412620322
36425700858
36438787178
36451833625
36464909847
36477946610
36490997173
36504039719
36517091874
36530146507
36543199733
36556208726
36569293837
36582391126
36595449187
36608511730
36621591593
36634638102
36647704011
36660732420
36673808703
36686865111
36699982137
36713058298
36726119632
36739221328
36752319230
36765368799
36778460366
36791493258
36804547738
36817651852
36830723193
36843782110
36856868689
36869935257
36883011677
36896058216
36909111855
36922165371
36935207581
36948293809
36961404165
36974479851
36987563753
37000614209
37013724152
37026772879
37039817720
37052909456
37065951528
37079023159
37092114497
37105184033
37118264446
37131374068
37144466431
37157520865
37170634510
37183634492
37196668394
37209733324
37222822474
37235891015
37248977181
37262046212
37275106720
37288178214
37301224554
37314241871
37327310228
37340419222
37353519113
37366588801
37379653686
37392687878
37405781802
37418830973
37431890777
37444937225
37457997993
37471074965
37484147193
37497193564
37510279164
37523360588
37536452140
37549491672
37562541777
37575612383
37588670520
37601741493
37614840344
37627915647
37640979307
37654047756
37667109948
37680147828
37693173253
37706231023
37719279873
37732338147
37745442062
37758511230
37771556255
37784657889
37797723967
37810744282
37823795595
37836854054
37849866138
37862955456
37876029444
37889097204
37902154071
37915216966
37928331025
37941368751
37954438042
37967528171
37980543820
37993642594
38006731239
38019749749
38032826705
38045869572
38058907085
38071968327
38085003315
38098033882
38111089861
38124173304
38137288189
38150331837
38163365264
38176433316
38189482854
38202521300
38215571404
38228642225
38241658241
38254728174
38267843211
38280906918
38293991631
38307054465
38320145726
38333153924
38346219099
38359254699
38372269521
38385365357
38398440538
38411491790
38424641146
38437678689
38450723714
38463769473
38476802808
38489850266
38502896530
38515993254
38529105231
38542174721
38555251386
38568310777
38581383755
38594438067
38607465497
38620528407
38633583607
38646655758
38659783847
38672827403
38685894169
38699015893
38712108868
38725144070
38738207179
38751157971
38764200227
38777310613
38790416349
38803465076
38816544908
38829583079
38842671586
38855705335
38868731938
38881767814
38894828766
38907914014
38921017118
38934097425
38947177303
38960222725
38973307790
38986347888
38999366184
39012425377
39025483621
39038566941
39051688038
39064739198
39077840649
39090921078
39104010045
39117057471
39130092980
39143139978
39156162650
39169234358
39182333636
39195407150
39208453460
39221532864
39234610493
39247688045
39260713042
39273763560
39286798517
39299909454
39313002735
39326083057
39339140490
39352207440
39365264246
39378297184
39391356514
39404407016
39417450511
39430574943
39443667811
39456725519
39469833718
39482896276
39495969300
39509015671
39522070243
39535123744
39548123894
39561198800
39574288776
39587327329
39600422890
39613480767
39626510247
39639629629
39652668764
39665723902
39678792596
39691863783
39704943968
39718039911
39731112766
39744157806
39757237884
39770266797
39783331269
39796385764
39809421900
39822502788
39835589841
39848683750
39861771813
39874824855
39887934982
39900972693
39914030203
39927060081
39940080243
39953171718
39966273797
39979310422
39992408018
40005422565
40018493355
40031554720
40044598888
40057662135
40070701530
40083773727
40096880411
40109939420
40123002208
40136080969
40149151377
40162198834
40175245221
40188315200
40201320368
40214407789
40227522031
40240587879
40253658256
40266761681
40279884078
40292899329
40305962469
40318996845
40332009113
40345099380
40358188728
40371239690
40384317395
40397384115
40410440294
40423472803
40436493073
40449553918
40462593496
40475690938
40488768720
40501843443
40514905619
40527991081
40541030017
40554046323
40567065782
40580119620
40593162150
40606237316
40619368557
40632434007
40645505944
40658599179
40671681888
40684714061
40697797213
40710838214
40723893077
40736934751
40749960039
40763014412
40776078745
40789172118
40802239634
40815269496
40828331810
40841380155
40854483213
40867579401
40880648554
40893744451
40906813925
40919871404
40932979174
40946031681
40959087492
40972155130
40985176823
40998249265
41011357356
41024431620
41037530959
41050602713
41063684014
41076730217
41089818480
41102863627
41115947254
41129049638
41142158663
41155206687
41168292226
41181392820
41194457934
41207525006
41220565410
41233590866
41246656194
41259729876
41272826921
41285938041
41298993577
41312048670
41325139365
41338164316
41351209953
41364263852
41377291909
41390368023
41403428669
41416504722
41429625161
41442700480
41455791175
41468839566
41481918220
41494974597
41507995234
41521079044
41534158877
41547199434
41560281347
41573346904
41586412003
41599483435
41612515073
41625569905
41638605811
41651697256
41664786283
41677855161
41690923641
41703986628
41717067638
41730100713
41743155102
41756177957
41769209655
41782494814
41795582633
41808632431
41821701936
41834798598
41847864966
41860894263
41873957816
41887018722
41900048340
41913177362
41926242414
41939314627
41952414977
41965483135
41978550544
41991575694
42004620810
42017670945
42030710722
42043793814
42056894102
42070034017
42083092965
42096127448
42109222183
42122256253
42135298371
42148337918
42161366250
42174427968
42187592210
42200653193
42213708377
42226836465
42239908296
42252925627
42266027385
42279033318
42292076629
42305154641
42318252129
42331325306
42344420316
42357465631
42370554965
42383583971
42396629959
42409664213
42422644412
42435722071
42448789908
42461866344
42474927235
42487947229
42501046186
42514082001
42527087184
42540137992
42553171741
42566205811
42579328545
42592375604
42605440121
42618524926
42631593436
42644620514
42657669548
42670696610
42683719435
42696784747
42709867135
42722941383
42736001049
42749100129
42762152131
42775214781
42788277233
42801344534
42814416089
42827512078
42840588988
42853666969
42866681945
42879768417
42892844991
42905886022
42918929364
42931973027
42944991063
42958072701
42971143429
42984189036
42997265731
43010330554
43023388003
43036445268
43049471764
43062521746
43075563252
43088638005
43101709024
43114769594
43127834585
43140900372
43153940960
43167035220
43180048650
43193077549
43206160625
43219228049
43232308309
43245385893
43258422472
43271482705
43284593657
43297631093
43310680938
43323733016
43336780978
43349847759
43362952561
43376049882
43389135742
43402221557
43415317530
43428304584
43441362522
43454388727
43467399251
43480474110
43493532783
43506555669
43519636205
43532683953
43545745043
43558816246
43571869181
43584910488
43597972878
43610996574
43624135143
43637218632
43650312219
43663397101
43676472511
43689479791
43702515468
43715587635
43728651417
43741735763
43754853080
43767936783
43781016662
43794114548
43807199674
43820245540
43833317417
43846401059
43859445028
43872551145
43885603667
43898670005
43911766055
43924831429
43937906090
43950964579
43964036317
43977099763
43990184966
44003281735
44016375996
44029468619
44042525639
44055572821
44068628066
44081666359
44094710343
44107778257
44120823664
44133900834
44147034293
44160102207
44173167993
44186282694
44199367530
44212377594
44225433222
44238486004
44251553887
44264630292
44277723940
44290783041
44303826612
44316890670
44329964949
44342925104
44355997332
44369035671
44382074484
44395167872
44408243665
44421320744
44434392773
44447467679
44460574209
44473587563
44486618726
44499742072
44512799229
44525879674
44538984154
44552018699
44565101377
44578201267
44591305258
44604378848
44617432395
44630461477
44643529529
44656609177
44669710889
44682764803
44695787122
44708851701
44721925122
44734987941
44748040539
44761111956
44774186021
44787285360
44800355110
44813458076
44826485322
44839537737
44852654794
44865686921
44878721205
44891781652
44904813795
44917899823
44930996654
44944054332
44957120670
44970224875
44983358073
44996385213
45009459858
45022491220
45035523898
45048659973
45061750791
45074785733
45087845797
45100912992
45113970930
45127012267
45140045894
45153090184
45166163636
45179247141
45192354299
45205427032
45218492253
45231569438
45244643211
45257694157
45270739809
45283770743
45296810459
45309915215
45323031981
45336103704
45349203075
45362283534
45375412311
45388414619
45401498674
45414563145
45427605676
45440720637
45453788505
45466844469
45479946547
45492988114
45506060128
45519110860
45532132965
45545203511
45558297281
45571401563
45584489214
45597518709
45610587051
45623690675
45636782778
45649825339
45662861658
45675907586
45688957522
45702066317
45715254030
45728321056
45741418055
45754517364
45767643861
45780684908
45793766745
45806825157
45819875384
45832987269
45846064975
45859184939
45872279230
45885304747
45898388451
45911424663
45924474935
45937508607
45950564587
45963670613
45976768591
45989865835
46002923834
46015987586
46029137385
46042170690
46055216419
46068249861
46081296936
46094356236
46107444055
46120487213
46133541602
46146638371
46159733748
46172788596
46185868596
46198908985
46211969784
46225078442
46238161625
46251232445
46264301277
46277373811
46290439904
46303495731
46316542882
46329581160
46342675818
46355795935
46368868255
46381986092
46395036243
46408080258
46421165108
46434209781
46447256259
46460327095
46473361441
46486443690
46499561237
46512649270
46525733540
46538802693
46551879771
46564931757
46577987584
46591058175
46604133387
46617231747
46630353884
46643416366
46656510183
46669584859
46682658602
46695706059
46708765313
46721758930
46734814098
46747906064
46761033999
46774108645
46787205781
46800293248
46813399244
46826423858
46839470826
46852507023
46865536686
46878594930
46891659585
46904743350
46917796483
46930932620
46944066430
46957080610
46970124809
46983185532
46996237809
47009357589
47022438370
47035431130
47048502746
47061550755
47074563848
47087602386
47100624690
47113657108
47126727454
47139736065
47152832023
47165919230
47178994151
47192066196
47205159263
47218207072
47231234823
47244283321
47257342483
47270407337
47283555239
47296619694
47309672599
47322762575
47335873971
47348897882
47361980851
47375064294
47388099863
47401179084
47414263032
47427317466
47440427562
47453497158
47466637380
47479689901
47492698130
47505782552
47518860456
47531943747
47545066235
47558126958
47571189042
47584269639
47597363930
47610463041
47623511508
47636595288
47649684101
47662749184
47675900727
47688978938
47702058051
47715192902
47728283230
47741359498
47754446552
47767459554
47780519955
47793630770
47806738907
47819792423
47832865524
47845921564
47858996302
47872046574
47885098010
47898148589
47911198647
47924296671
47937382807
47950497768
47963580615
47976657525
47989731956
48002779949
48015819680
48028870932
48041906715
48054962160
48068098265
48081161007
48094237229
48107338711
48120435679
48133512482
48146655763
48159695479
48172746088
48185804791
48198914658
48211987329
48225037311
48238112538
48251179840
48264195688
48277249173
48290292179
48303379569
48316463058
48329572205
48342666297
48355726224
48368794015
48381891121
48394881403
48407929625
48420991771
48433960020
48447019075
48460138611
48473207473
48486300601
48499370580
48512458736
48525524737
48538612296
48551662920
48564707624
48577802266
48590922368
48603925165
48616977687
48630053755
48643121638
48656205678
48669251713
48682262710
48695327962
48708433529
48721548796
48734663573
48747742304
48760823100
48773904340
48786933897
48799982991
48813047845
48826094247
48839172564
48852267742
48865349441
48878428860
48891524773
48904613602
48917672917
48930720374
48943753373
48956791681
48969878475
48982945700
48996005000
49009083149
49022150925
49035213009
49048306046
49061330905
49074382524
49087443614
49100508437
49113599178
49126683050
49139743742
49152795208
49165877473
49178922742
49191963483
49205016923
49218089656
49231143463
49244250239
49257325359
49270393180
49283455203
49296558475
49309629939
49322715937
49335786497
49348841069
49361982668
49375053611
49388119627
49401223511
49414227853
49427275158
49440322967
49453369063
49466419963
49479505487
49492598247
49505719344
49518836676
49531935802
49545010662
49558081039
49571255088
49584274241
49597320612
49610397645
49623525580
49636844352
49649939806
49663016854
49676145279
49689214218
49702258309
49715322291
49728372196
49741481986
49754628480
49767685056
49780755005
49793844645
49806894183
49819964468
49833005301
49846064891
49859116785
49872121724
49885214913
49898306527
49911347895
49924438651
49937499420
49950559469
49963580748
49976624274
49989677744
50002691251
50015774587
50028901176
50041889759
50054981770
50068064816
50081141114
50094187102
50107263477
50120289882
50133362477
50146430436
50159555603
50172599572
50185643480
50198696430
50211675190
50224716558
50237778398
50250808398
50263881621
50276945771
50290051567
50303104854
50316164352
50329220378
50342298894
50355335795
50368325005
50381335881
50394374388
50407433840
50420557859
50433610595
50446704274
50459707009
50472778717
50485852567
50498916136
50511976369
50525019175
50538143041
50551249862
50564293495
50577378223
50590442159
50603425800
50616472049
50629507389
50642543233
50655606404
50668654167
50681762167
50694873456
50707937147
50721015740
50734086193
50747067585
50760091603
50773152877
50786191904
50799265096
50812342343
50825397450
50838484657
50851535297
50864608520
50877666519
50890767924
50903812459
50916843163
50929927264
50942998712
50955993033
50969040368
50982095567
50995142489
51008180598
51021145038
51034217450
51047269834
51060336937
51073427969
51086425472
51099497134
51112559555
51125619742
51138646376
51151682160
51164699277
51177756970
51190852822
51203977544
51217054837
51230119094
51243174216
51256261408
51269312507
51282396134
51295442520
51308442685
51321532248
51334621215
51347699303
51360792706
51373863802
51386952570
51399977230
51413000896
51426044850
51439096377
51452177342
51465288294
51478340571
51491437570
51504500680
51517568609
51530626791
51543662544
51556739623
51569793981
51582873905
51596036066
51609067245
51622165911
51635249048
51648352871
51661400298
51674487245
51687540134
51700593482
51713700670
51726785001
51739830301
51752993013
51766052634
51779119339
51792160065
51805208226
51818250589
51831288101
51844383601
51857413739
51870503516
51883569976
51896623232
51909713790
51922735635
51935781119
51948844412
51961883485
51974947467
51988102881
52001163940
52014216921
52027260752
52040351830
52053398018
52066472954
52079513878
52092528028
52105621982
52118726034
52131766056
52144838223
52157888098
52170960708
52183994962
52197038549
52210000081
52223059779
52236140835
52249257449
52262354585
52275418261
52288448873
52301563161
52314597216
52327657433
52340733854
52353720570
52366775372
52379863206
52392931288
52406007142
52419083792
52432200298
52445239402
52458306245
52471374633
52484419336
52497509618
52510597177
52523674623
52536759045
52549804896
52562893648
52575975225
52588993383
52602071731
52615141373
52628226989
52641349967
52654419533
52667469408
52680527576
52693610927
52706664351
52719699798
52732776724
52745825375
52758892110
52771992200
52785054927
52798125502
52811194594
52824287630
52837317630
52850340317
52863335724
52876369809
52889469226
52902556846
52915640013
52928776379
52941830951
52954885600
52967943997
52980969254
52994016788
53007080310
53020181547
53033315129
53046366212
53059398048
53072443991
53085508263
53098563371
53111603316
53124679584
53137735609
53150724865
53163830111
53176904313
53189977903
53203060734
53216153219
53229191665
53242305004
53255357541
53268425715
53281521184
53294619315
53307714662
53320818209
53333881272
53346971402
53360022791
53373050925
53386114248
53399147737
53412245409
53425354480
53438351447
53451407871
53464468257
53477575262
53490621465
53503568952
53516629246
53529684904
53542672937
53555800184
53568838844
53581915570
53594999197
53608071547
53621078031
53634178855
53647205841
53660242635
53673334141
53686431109
53699512563
53712516141
53725564654
53738616640
53751659997
53764709031
53777732130
53790791400
53803881835
53816973616
53830051276
53843123183
53856173211
53869268787
53882255519
53895304567
53908377622
53921387671
53934450367
53947567638
53960590616
53973698799
53986752514
53999834045
54012871297
54025930888
54038997822
54052058713
54065145002
54078260590
54091312990
54104443419
54117542223
54130606863
54143632273
54156615715
54169641370
54182687420
54195784220
54208911681
54221982471
54235026226
54248085251
54261151083
54274168905
54287195202
54300270231
54313303061
54326361887
54339440128
54352485428
54365573691
54378595781
54391712930
54404731837
54417780779
54430863870
54443888837
54456999391
54470101776
54483147244
54496230810
54509301493
54522347481
54535418960
54548445319
54561497917
54574562633
54587640736
54600755667
54613817904
54626872767
54639946387
54653015571
54666059861
54679092340
54692118622
54705167977
54718241383
54731348220
54744413808
54757471578
54770554042
54783641371
54796694138
54809782813
54822866547
54835892003
54848968623
54862079621
54875154098
54888238306
54901299610
54914359950
54927404562
54940426560
54953495361
54966565463
54979667771
54992759721
55005855588
55018922782
55031983658
55045068294
55058109111
55071138836
55084183815
55097247888
55110324492
55123424582
55136467511
55149535715
55162611217
55175680355
55188732280
55201793691
55214840812
55227877085
55240971483
55254064550
55267136946
55280205518
55293253970
55306329182
55319428567
55332450061
55345468464
55358512494
55371601873
55384695353
55397768362
55410840437
55423902353
55436981527
55450015092
55463029380
55476152358
55489192487
55502248895
55515371246
55528432351
55541494680
55554589690
55567678886
55580721279
55593765569
55606824486
55619870705
55632964001
55646036826
55659106438
55672182246
55685274318
55698329961
55711374940
55724417211
55737459008
55750520373
55763625374
55776753921
55789839216
55802899143
55815978057
55829077091
55842098569
55855153630
55868226685
55881269277
55894333748
55907442375
55920490934
55933582226
55946686676
55959759195
55972795514
55985842941
55998923661
56011949254
56025066602
56038153457
56051222534
56064275163
56077346151
56090389860
56103441327
56116475611
56129505443
56142571153
56155612536
56168707929
56181827924
56194878181
56207953622
56221057629
56234094085
56247162580
56260209548
56273275136
56286319824
56299404384
56312492724
56325550646
56338649420
56351785510
56364813506
56377898892
56391000282
56403974025
56417085283
56430193818
56443269275
56456371323
56469445065
56482500555
56495556122
56508599969
56521651175
56534706175
56547786834
56560891987
56574038053
56587091417
56600176359
56613202626
56626251063
56639269818
56652319417
56665396327
56678477200
56691580671
56704648707
56717719910
56730799620
56743903350
56756933993
56769970986
56783037935
56796099224
56809181091
56822261107
56835321172
56848439407
56861500221
56874577086
56887634549
56900671373
56913750792
56926793599
56939884019
56952968869
56966067597
56979140958
56992214502
57005307859
57018363089
57031375846
57044439981
57057482022
57070574721
57083650331
57096714680
57109800295
57122894754
57135923102
57148980153
57161987861
57175041270
57188106782
57201198732
57214288448
57227348421
57240434465
57253536360
57266592844
57279648564
57292705737
57305732799
57318809128
57331899823
57344994099
57358121300
57371217335
57384293373
57397447287
57410513396
57423555498
57436615012
57449656059
57462744352
57476007295
57489167452
57502236513
57515329580
57528399375
57541447353
57554553165
57567651189
57580750330
57593837124
57606952222
57619995457
57633079160
57646160125
57659233317
57672252576
57685310530
57698371849
57711434515
57724540219
57737663029
57750760334
57763807945
57776894478
57790052448
57803112207
57816166610
57829266868
57842306109
57855377511
57868469568
57881542363
57894603116
57907714527
57920785516
57933847417
57946913219
57959955153
57973036087
57986133193
57999241530
58012324758
58025417167
58038492869
58051543432
58064616272
58077629045
58090692032
58103771114
58116882908
58130011884
58143107613
58156167984
58169246041
58182357927
58195422352
58208481698
58221522408
58234579214
58247712382
58260866159
58273939382
58287016629
58300117361
58313211070
58326283834
58339340640
58352409792
58365529604
58378644213
58391756236
58404821962
58417883144
58430907131
58444004115
58457069320
58470117665
58483162170
58496224147
58509310864
58522434806
58535536747
58548592512
58561661757
58574746516
58587800338
58600844950
58613902827
58626952411
58640023798
58653144374
58666251119
58679359899
58692470056
58705560889
58718615308
58731681339
58744782316
58757870778
58770967257
58784080489
58797161270
58810252194
58823341237
58836434962
58849538203
58862578500
58875632445
58888719101
58901811128
58914926119
58928004330
58941110264
58954170482
58967240950
58980312551
58993334963
59006458232
59019513691
59032572409
59045704231
59058804305
59071883449
59084987042
59098070133
59111132325
59124205716
59137257167
59150351656
59163487349
59176601193
59189685738
59202772685
59215845877
59228920890
59241983280
59255082421
59268157694
59281238566
59294358408
59307446533
59320530297
59333617061
59346666767
59359732325
59372805930
59385850496
59398910683
59411922767
59424999723
59438114408
59451144332
59464242081
59477367889
59490419141
59503458566
59516521079
59529566104
59542663715
59555751870
59568841188
59581889411
59594956911
59608022423
59621047741
59634091450
59647132191
59660202170
59673266121
59686352915
59699456493
59712551579
59725630019
59738705690
59751811563
59764847714
59777866881
59790931965
59803974450
59817035432
59830167499
59843246826
59856368703
59869438973
59882521911
59895555690
59908601862
59921654706
59934719544
59947828829
59960917581
59973975657
59987055428
60000132812
60013192142
60026236173
60039267030
60052322474
60065406009
60078495204
60091606601
60104698520
60117759090
60130830935
60143940251
60156957766
60170011986
60183054517
60196088174
60209180430
60222352919
60235428911
60248515169
60261647985
60274743378
60287800275
60300841674
60313905273
60326967128
60340099745
60353217690
60366286261
60379361351
60392433961
60405514956
60418571410
60431605863
60444678321
60457760754
60470868998
60484016763
60497098308
60510182578
60523270657
60536374801
60549447044
60562488519
60575547330
60588592416
60601642612
60614766554
60627857586
60640955258
60654058239
60667131523
60680179776
60693260557
60706310891
60719357905
60732508729
60745624669
60758702130
60771810482
60784909607
60797990786
60811065110
60824111940
60837143532
60850221911
60863338876
60876465618
60889541702
60902600742
60915672572
60928687532
60941758644
60954799400
60967846811
60980896900
60993973520
61007085574
61020152355
61033236502
61046338672
61059414358
61072483374
61085534656
61098580140
61111633733
61124756099
61137834753
61150943074
61164007423
61177075137
61190150120
61203234496
61216266944
61229299423
61242373074
61255460128
61268563935
61281670696
61294736177
61307785990
61320938192
61334002387
61347056164
61360115096
61373161926
61386266790
61399372555
61412470074
61425533566
61438712803
61451829263
61464883422
61477950800
61490994295
61504048760
61517195897
61530312556
61543409922
61556482212
61569553675
61582621772
61595685983
61608754922
61621802471
61634885746
61647971285
61661057207
61674183077
61687247701
61700322867
61713414388
61726463957
61739541969
61752599402
61765646018
61778693644
61791826399
61804878110
61817986706
61831062637
61844154372
61857233516
61870321228
61883381614
61896446712
61909565958
61922674340
61935730289
61948813640
61961887796
61974950416
61988016050
62001083183
62014144227
62027205072
62040288882
62053374452
62066462194
62079513768
62092596981
62105710275
62118750755
62131789446
62144838311
62157890619
62170954661
62184036743
62197161588
62210273290
62223378321
62236450366
62249515893
62262581220
62275665627
62288690992
62301825369
62314923546
62327987864
62341069547
62354168336
62367244803
62380284794
62393310908
62406413262
62419474397
62432541255
62445633848
62458708692
62471796358
62484876190
62497980426
62511054919
62524115657
62537188558
62550240820
62563307724
62576452642
62589526599
62602598032
62615711310
62628789337
62641831332
62654936333
62667932872
62681002453
62694158724
62707232727
62720311565
62733391765
62746483929
62759580545
62772632271
62785653321
62798704145
62811793953
62824912280
62838006295
62851070583
62864151578
62877206609
62890299079
62903365126
62916395463
62929451197
62942471788
62955557205
62968699568
62981788932
62994876139
63007989463
63021058096
63034115131
63047177476
63060202672
63073240353
63086352514
63099433754
63112493222
63125559192
63138627274
63151698232
63164765412
63177836247
63190861612
63203903577
63217015034
63230120065
63243196394
63256250798
63269320073
63282414807
63295448097
63308508942
63321567813
63334604347
63347684225
63360777582
63373846644
63386933269
63400000356
63413103276
63426169339
63439231591
63452288382
63465360687
63478478065
63491590242
63504619064
63517680016
63530746017
63543828695
63556883022
63569908509
63582954666
63595990526
63609080104
63622189175
63635291712
63648360559
63661404437
63674499217
63687516365
63700586849
63713631920
63726659151
63739698193
63752814975
63765889070
63778944897
63792012244
63805130479
63818192349
63831189852
63844230226
63857291117
63870444252
63883565746
63896618160
63909695132
63922755212
63935812614
63948897863
63961950476
63975001177
63988053500
64001146567
64014251614
64027361740
64040439201
64053511582
64066590359
64079654340
64092714252
64105762780
64118810880
64131931181
64145051513
64158195345
64171279094
64184362399
64197489937
64210519723
64223592104
64236660569
64249700652
64262824135
64275940350
64289013512
64302083935
64315140909
64328209343
64341254735
64354291283
64367361920
64380457680
64393580735
64406715463
64419810351
64432848950
64445924268
64459016800
64472078639
64485143661
64498178007
64511233864
64524288742
64537388066
64550486855
64563555228
64576652181
64589714005
64602756551
64615839015
64628877216
64641918906
64655041379
64668127775
64681185239
64694260007
64707314686
64720370191
64733404307
64746462260
64759508203
64772483827
64785568173
64798660796
64811792587
64824846134
64837888481
64850961138
64863969687
64877002702
64890070784
64903127987
64916225430
64929318650
64942421248
64955506420
64968582917
64981662122
64994704684
65007768910
65020821508
65033879324
65046988945
65060117370
65073197356
65086314841
65099377170
65112435720
65125460687
65138526275
65151552068
65164620134
65177685263
65190744165
65203837461
65216895889
65229960758
65243036842
65256111457
65269160337
65282193000
65295241176
65308313741
65321428212
65334629435
65347777031
65360835994
65373909615
65386935484
65399988021
65413003899
65426066748
65439152976
65452313960
65465373994
65478437073
65491497979
65504567407
65517617205
65530651551
65543669311
65556735435
65569823437
65582917804
65596036284
65609107074
65622184902
65635277862
65648340145
65661390189
65674462203
65687493151
65700560744
663438
13745642
26809317
39894199
53006620
66035549
79089173
92147202
105194844
118288553
131426525
144503971
157591101
170643898
183712500
196751512
209807966
222852471
235913683
249010605
262107237
275191537
288259665
301327747
314427102
327461906
340513847
353556056
366610414
379702777
392804886
405894954
418975674
432072826
445196232
458255777
471356387
484404135
497405861
510491721
523594993
536689498
549772758
562845521
575935115
589075505
602118525
615161041
628247682
641339830
654439859
667526071
680584851
693650362
706717771
719775403
732810712
745874433
758914073
771992834
785118750
798185241
811278720
824380830
837488202
850548236
863609586
876654947
889693255
902824389
915928395
929000516
942096979
955152852
968225187
981300460
994357694
1007394258
1020444347
1033561114
1046656521
1059737042
1072843083
1085906040
1098999351
1112050833
1125072005
1138167428
1151198086
1164268692
1177394486
1190471625
1203565457
1216647309
1229708154
1242763399
1255828681
1268858376
1281902008
1294996207
1308091997
1321180719
1334259144
1347317586
1360396837
1373456489
1386534348
1399555734
1412634128
1425705331
1438811265
1451913374
1464977998
1478050441
1491145940
1504203939
1517252223
1530300492
1543330339
1556392438
1569528039
1582608728
1595739081
1608817689
1621912302
1634986978
1648031375
1661071045
1674119497
1687218347
1700313036
1713413737
1726489714
1739558928
1752575449
1765634091
1778700933
1791755857
1804825898
1817836589
1830923169
1843998962
1857075750
1870138125
1883260980
1896299273
1909361021
1922417720
1935448837
1948527231
1961604386
1974699870
1987800510
2000879929
2013952402
2026992516
2040055166
2053100405
2066133175
2079238053
2092330248
2105430888
2118500010
2131556985
2144607823
2157664736
2170718222
2183768204
2196854860
2209939420
2223046548
2236127512
2249205218
2262265038
2275347042
2288388594
2301444482
2314485146
2327540713
2340601787
2353689178
2366762293
2379874103
2392953981
2406015576
2419076191
2432171920
2445224824
2458268717
2471368087
2484469447
2497541002
2510655902
2523727013
2536773430
2549827038
2562870319
2575967608
2589062940
2602123968
2615224685
2628309780
2641391525
2654471296
2667564027
2680630074
2693690383
2706733970
2719776424
2732836106
2745951832
2759031389
2772120386
2785216253
2798275017
2811332833
2824407769
2837453834
2850502791
2863597128
2876684549
2889788112
2902871799
2915935873
2929013257
2942080283
2955136370
2968171496
2981246386
2994357813
3007449610
3020577775
3033662610
3046728474
3059823575
3072881666
3085884478
3098955483
3111980434
3125052693
3138158198
3151231773
3164319607
3177402117
3190481337
3203534762
3216602140
3229640922
3242679659
3255768013
3268869801
3281967947
3295057189
3308116351
3321190461
3334241728
3347287671
3360338969
3373434484
3386511776
3399606419
3412694284
3425791405
3438882360
3451983353
3465001847
3478039344
3491102836
3504156949
3517234533
3530331990
3543370253
3556472913
3569516989
3582618348
3595637225
3608717364
3621753820
3634800100
3647900587
3661004440
3674061583
3687152798
3700223573
3713267802
3726334216
3739404823
3752412393
3765480674
3778568263
3791695709
3804788210
3817836203
3830889842
3843983689
3857016718
3870074243
3883112551
3896155970
3909234379
3922315894
3935402734
3948465767
3961528800
3974645352
3987673073
4000759882
4013815050
4026844760
4039938500
4053054333
4066085756
4079157923
4092228086
4105291670
4118364709
4131395566
4144442717
4157531148
4170607920
4183699549
4196799072
4209871163
4222935481
4236071985
4249108824
4262152288
4275190091
4288225875
4301290009
4314404726
4327481253
4340547683
4353620140
4366716435
4379755463
4392837406
4405886302
4418920739
4432034844
4445147035
4458228489
4471360036
4484432738
4497488412
4510580239
4523633541
4536673823
4549733582
4562829862
4575921200
4589021901
4602090886
4615130234
4628222995
4641282004
4654350713
4667406310
4680453202
4693489857
4706614534
4719672533
4732758883
4745845341
4758917661
4771969127
4785042854
4798076710
4811128467
4824220784
4837316605
4850359411
4863493574
4876543770
4889600224
4902642540
4915692094
4928749925
4941794246
4954876434
4967966089
4981078847
4994150769
5007178918
5020281272
5033328225
5046341166
5059417724
5072445505
5085505050
5098613310
5111642468
5124734433
5137812384
5150884184
5163925965
5177000228
5190057860
5203095724
5216162062
5229244817
5242310833
5255407602
5268451357
5281523555
5294572680
5307638605
5320697813
5333748927
5346841871
5359896780
5372999210
5386122005
5399198334
5412272520
5425346462
5438397240
5451524655
5464578385
5477608018
5490709944
5503777077
5516863290
5529950389
5543035913
5556074650
5569117242
5582150333
5595233975
5608299853
5621392890
5634426546
5647542242
5660610263
5673655364
5686708207
5699770934
5712821406
5725899769
5738992423
5752069241
5765129627
5778213177
5791297339
5804382190
5817422870
5830473142
5843514327
5856556628
5869625521
5882734561
5895823053
5908917864
5922006310
5935103768
5948139613
5961191217
5974235232
5987269684
6000358100
6013465579
6026510252
6039625489
6052680214
6065746827
6078822804
6091863300
6104914781
6117997413
6131060079
6144162601
6157241500
6170315105
6183426654
6196504987
6209541689
6222594746
6235643367
6248670659
6261746238
6274847826
6287912022
6301008914
6314089435
6327196210
6340243025
6353308307
6366359727
6379398724
6392504459
6405602988
6418674405
6431781411
6444836074
6457918385
6470966302
6483964371
6497018851
6510094216
6523182708
6536297684
6549351292
6562396791
6575460283
6588558644
6601614669
6614659235
6627705821
6640759918
6653803581
6666995899
6680064303
6693131635
6706224640
6719285577
6732342414
6745403519
6758425104
6771464330
6784548232
6797615794
6810696422
6823813418
6836872075
6849939897
6862990674
6876057348
6889118132
6902153258
6915233687
6928320664
6941353954
6954442155
6967502603
6980648592
6993682570
7006743828
7019783896
7032824423
7045886798
7058997949
7072040052
7085104752
7098191745
7111265748
7124296284
7137377064
7150396661
7163430975
7176519682
7189649377
7202694922
7215781991
7228899415
7241937938
7254978005
7268038957
7281090592
7294155384
7307251786
7320343966
7333423737
7346509506
7359569509
7372669323
7385729571
7398764621
7411819086
7424858174
7437926424
7451019292
7464074614
7477412251
7490513213
7503581708
7516658281
7529691892
7542755919
7555773894
7568864237
7581963577
7595055940
7608149313
7621259026
7634316276
7647403437
7660460043
7673540381
7686597141
7699686627
7712783550
7725873159
7738976782
7752042829
7765102450
7778140162
7791200640
7804286775
7817333085
7830395445
7843448028
7856520516
7869613782
7882736240
7895818995
7908858129
7921931382
7934995991
7947988292
7961089254
7974181785
7987233879
8000356444
8013415300
8026483504
8039556895
8052613548
8065660302
8078712273
8091802769
8104908764
8118005518
8131070938
8144136235
8157196025
8170254269
8183293816
8196343125
8209374043
8222451366
8235604302
8248665376
8261757999
8274849368
8287907076
8300962521
8314035713
8327078519
8340118342
8353238092
8366284861
8379362612
8392480251
8405535251
8418606592
8431649062
8444680776
8457750770
8470811768
8483903029
8496977889
8510070191
8523132260
8536206768
8549322219
8562347981
8575380261
8588435215
8601493459
8614597419
8627700508
8640784563
8653781867
8666873664
8679942373
8692999867
8706096086
8719141891
8732184483
8745279952
8758381847
8771457365
8784560606
8797648501
8810719674
8823775806
8836799962
8849824714
8862881688
8875972827
8889055934
8902173175
8915262065
8928299730
8941385438
8954406564
8967435539
8980483823
8993470248
9006527177
9019677221
9032726866
9045836640
9058992024
9072132582
9085209660
9098322877
9111347293
9124405369
9137502918
9150594256
9163663088
9176750050
9189835712
9202905767
9215959620
9229061760
9242098370
9255153079
9268220656
9281322414
9294540221
9307631284
9320707475
9333779290
9346865242
9359929239
9372981960
9386133381
9399198831
9412305316
9425367522
9438457973
9451669416
9464746571
9477820222
9490876523
9504064740
9517072907
9530218254
9543334393
9556454067
9569525683
9582604414
9595703203
9608781383
9621824036
9634861212
9647947791
9661060167
9674164341
9687262794
9700322139
9713419888
9726510889
9739550376
9752590336
9765649544
9778694508
9791800855
9804877520
9817911636
9830985425
9844063865
9857184150
9870243113
9883308105
9896345082
9909370354
9922452007
9935552265
9948615237
9961681146
9974686115
9987760562
10000838619
10013893375
10026943388
10039990600
10053068306
10066201000
10079290945
10092373425
10105418342
10118509083
10131549824
10144621777
10157679593
10170693635
10183731561
10196852978
10209952180
10223056202
10236137381
10249202892
10262228226
10275306237
10288366807
10301410409
10314542399
10327607023
10340657235
10353740922
10366791425
10379884859
10392953461
10405998134
10419048391
10432079432
10445161651
10458247572
10471292613
10484400582
10497475824
10510527810
10523594316
10536642309
10549698166
10562740483
10575762558
10588853835
10601912170
10614977942
10628068622
10641117732
10654138690
10667226371
10680244850
10693320276
10706399236
10719494552
10732568341
10745722210
10759069043
10772255562
10785289035
10798340134
10811389672
10824438430
10837506329
10850527516
10863627238
10876750263
10889760740
10902841551
10915873495
10928923079
10941988805
10955026118
10968091599
10981202949
10994274336
11007375374
11020470935
11033532285
11046586122
11059645407
11072677733
11085751323
11098808358
11111887731
11124947138
11138041260
11151142666
11164200741
11177186861
11190240913
11203269322
11216351373
11229457720
11242544881
11255614049
11268670809
11281772536
11294848436
11307892558
11320930744
11333979196
11346994783
11360063370
11373184023
11386267634
11399361971
11412363421
11425442274
11438484928
11451459879
11464528098
11477569711
11490670214
11503765269
11516824278
11529930457
11542997927
11556045018
11569096698
11582140774
11595196539
11608298480
11621393291
11634511266
11647577466
11660648241
11673726513
11686820819
11699821229
11712882655
11725919388
11738959164
11752047993
11765159971
11778235886
11791319345
11804417812
11817513373
11830517730
11843565968
11856592771
11869642600
11882702527
11895746190
11908708380
11921773188
11934847268
11947913712
11960955693
11973989854
11987020222
12000108393
12013141973
12026223855
12039237469
12052303578
12065377565
12078458101
12091484705
12104542459
12117566737
12130631224
12143663687
12156778633
12169868670
12182942628
12196010082
12209114670
12222170190
12235264757
12248308802
12261355709
12274478091
12287577599
12300643646
12313702180
12326791040
12339900370
12352957880
12366006607
12379047593
12392126201
12405215428
12418309795
12431400873
12444462116
12457478637
12470566685
12483623047
12496557468
12509582878
12522623481
12535687845
12548811788
12561884643
12574962196
12588114978
12601167745
12614229018
12627300405
12640330696
12653398304
12666512592
12679621968
12692684573
12705753527
12718835226
12731910147
12744976959
12758043602
12771087847
12784136727
12797225372
12810286707
12823358109
12836419688
12849488765
12862615078
12875662107
12888713176
12901760740
12914804847
12927861072
12941000069
12954040397
12967132760
12980224740
12993267975
13006305411
13019349548
13032375111
13045426440
13058517105
13071617745
13084697424
13097759906
13110837520
13123888053
13136938020
13149999293
13163036882
13176100971
13189177422
13202258661
13215354054
13228353500
13241435994
13254499548
13267514844
13280550215
13293612054
13306636516
13319704766
13332783726
13345855159
13358942565
13371992669
13385061623
13398096963
13411128249
13424170902
13437197398
13450307127
13463396200
13476465078
13489513897
13502562089
13515591263
13528661288
13541727029
13554777975
13567842981
13580916265
13593978824
13607077292
13620095037
13633186237
13646251809
13659280876
13672320684
13685351786
13698399932
13711464693
13724557072
13737636047
13750704083
13763824904
13776911545
13789934446
13802985866
13816022828
13829024584
13842105166
13855181174
13868217080
13881285253
13894336016
13907371784
13920436026
13933468382
13946509490
13959601272
13972658490
13985746371
13998812249
14011887384
14024975647
14038043805
14051064687
14064102811
14077136009
14090168947
14103189599
14116291448
14129378272
14142415601
14155504246
14168598904
14181607714
14194689459
14207707204
14220739713
14233821519
14246890641
14259957377
14272967625
14286044168
14299120512
14312189052
14325213744
14338267321
14351324310
14364404709
14377484266
14390546687
14403594863
14416630387
14429707939
14442746890
14455745709
14468786067
14481818439
14494878779
14508001941
14521043523
14534095066
14547210379
14560276472
14573315285
14586392975
14599429508
14612476522
14625559017
14638643163
14651729559
14664794964
14677854876
14690957581
14704011924
14717049054
14730108813
14743187895
14756294472
14769359417
14782459476
14795533785
14808603795
14821704405
14834751678
14847778573
14860827499
14873873457
14886912240
14899996432
14913043018
14926149166
14939238301
14952344418
14965405799
14978453027
14991494976
15004567908
15017650112
15030734596
15043803534
15056863614
15069946201
15083039160
15096112047
15109151487
15122175795
15135304527
15148393677
15161450635
15174547053
15187595581
15200666417
15213777523
15226810384
15239865461
15252916606
15265962151
15279037821
15292110585
15305168691
15318244699
15331537492
15344631538
15357692612
15370733751
15383779663
15396821460
15409877868
15422946638
15435975062
15449051620
15462107921
15475152977
15488276735
15501322556
15514357957
15527436993
15540515525
15553619241
15566698584
15579783159
15592865041
15605940421
15618987787
15632023112
15645051444
15658092904
15671149740
15684238707
15697316321
15710389329
15723473675
15736591421
15749621268
15762686152
15775718707
15788760030
15801860547
15814947112
15828001684
15841086948
15854142346
15867212004
15880296074
15893364661
15906403458
15919468496
15932548665
15945617573
15958689311
15971751962
15984845901
15997949509
16010987894
16024036896
16037115153
16050179578
16063191693
16076249799
16089287342
16102346871
16115453111
16128537763
16141560174
16154645071
16167676372
16180713670
16193827254
16206900156
16219983247
16233064272
16246140540
16259215537
16272264831
16285327726
16298389382
16311507112
16324619136
16337699657
16350787032
16363839906
16376902403
16389976697
16403038888
16416065645
16429141315
16442190165
16455258813
16468370010
16481422746
16494486437
16507585379
16520666145
16533649189
16546675273
16559718140
16572840185
16585907823
16599020597
16612073363
16625090756
16638175928
16651238502
16664309506
16677397035
16690411000
16703445591
16716534649
16729610274
16742678310
16755723656
16768800489
16781874048
16794913978
16807957106
16821006660
16834049099
16847068297
16860166030
16873231389
16886296304
16899383847
16912485145
16925534546
16938590403
16951639635
16964703693
16977767491
16990866632
17003937713
17017006606
17030098510
17043182412
17056217874
17069333493
17082411061
17095472334
17108552304
17121659478
17134757823
17147744693
17160843956
17173935523
17186981971
17200027424
17213094711
17226137991
17239191477
17252289945
17265379814
17278462737
17291556966
17304638298
17317694828
17330741199
17343792451
17356825496
17369919619
17382999619
17396042976
17409115113
17422202304
17435244575
17448301733
17461358233
17474418129
17487515725
17500585474
17513672161
17526809307
17539862196
17552980386
17566053195
17579083517
17592127302
17605164769
17618211538
17631284852
17644388032
17657476111
17670546641
17683651183
17696721254
17709772246
17722848865
17735888871
17748924334
17762047710
17775129990
17788174296
17801300258
17814349490
17827413487
17840471746
17853534121
17866578427
17879667837
17892757186
17905846106
17918933237
17931998121
17945065285
17958144107
17971186715
17984220846
17997268120
18010315638
18023398653
18036507494
18049578147
18062581785
18075682532
18088770076
18101731563
18114791597
18127826982
18140868932
18153971102
18167069968
18180139641
18193219121
18206275055
18219328189
18232391268
18245453153
18258512927
18271608182
18284700483
18297781295
18310849040
18323917459
18336988172
18350095514
18363163611
18376196090
18389269343
18402321605
18415398301
18428525303
18441565768
18454657397
18467795568
18480890655
18493933782
18506995270
18520042666
18533088792
18546185654
18559288421
18572355309
18585426696
18598496308
18611586544
18624619727
18637674130
18650708384
18663806515
18676893661
18689967266
18703087291
18716153369
18729217167
18742310096
18755375470
18768413747
18781461725
18794521499
18807586965
18820692134
18833749077
18846824687
18859922695
18872991068
18886034639
18899081546
18912130335
18925173630
18938244834
18951330357
18964394538
18977481699
18990552030
19003596534
19016635546
19029692658
19042728243
19055800471
19068899551
19081986620
19095077529
19108117949
19121213097
19134304557
19147331895
19160378572
19173467003
19186475338
19199564442
19212669627
19225706007
19238789695
19251869589
19264985988
19278018023
19291067347
19304112601
19317138012
19330240228
19343326165
19356381318
19369471080
19382538474
19395577302
19408627789
19421650399
19434718129
19447787863
19460872775
19473953174
19487005145
19500069539
19513168542
19526237802
19539248173
19552283436
19565314630
19578375689
19591452507
19604547089
19617613686
19630686588
19643788743
19656911614
19669934133
19683006330
19696052916
19709057135
19722167705
19735245809
19748312988
19761389546
19774463350
19787527806
19800581751
19813611582
19826693511
19839761608
19852845862
19865940245
19879002237
19892081855
19905155629
19918274583
19931316716
19944387093
19957413024
19970460481
19983518679
19996642468
20009693705
20022772788
20035887121
20048984717
20062013860
20075073114
20088112218
20101151704
20114255098
20127358141
20140414671
20153505474
20166585597
20179682198
20192722495
20205740714
20218823805
20231879540
20244989498
20258059860
20271127544
20284195258
20297258613
20310343570
20323426799
20336456386
20349479609
20362486016
20375535692
20388630993
20401688304
20414737322
20427829180
20440915989
20453946586
20466991412
20480009355
20493060990
20506146422
20519223255
20532302032
20545358746
20558443077
20571523062
20584518316
20597554650
20610616061
20623691181
20636765781
20649796347
20662865699
20675923545
20689015832
20702081297
20715111955
20728147662
20741233997
20754256562
20767317667
20780407980
20793456263
20806537350
20819605784
20832658505
20845702826
20858761131
20871797695
20884825415
20897928748
20911016980
20924075117
20937150252
20950236373
20963285024
20976324342
20989376267
21002421919
21015496779
21028586587
21041710452
21054797109
21067880598
21080918799
21094007367
21107072190
21120142720
21133254606
21146275395
21159371140
21172467741
21185502958
21198571683
21211690607
21224788906
21237829050
21250894653
21263929427
21276980526
21290074052
21303165451
21316231100
21329320541
21342407931
21355491298
21368573058
21381624769
21394692270
21407794486
21420883712
21434037015
21447124038
21460190254
21473227889
21486309220
21499339052
21512367890
21525406182
21538445256
21551507202
21564627518
21577679826
21590753140
21603884059
21616960679
21630002383
21643055211
21656095049
21669157899
21682254867
21695331746
21708416811
21721499443
21734579184
21747645017
21760703077
21773735525
21786794534
21799856420
21812933467
21826030665
21839128444
21852216906
21865285431
21878347317
21891402333
21904438437
21917507759
21930568512
21943637374
21956754370
21969833743
21982881277
21995960819
22009042258
22022077429
22035135138
22048163945
22061219052
22074302220
22087381608
22100454785
22113540829
22126615873
22139711892
22152748762
22165787132
22178842805
22191950514
22205024165
22218087611
22231184427
22244258047
22257294427
22270398112
22283457948
22296455512
22309498777
22322562713
22335640204
22348832843
22361874747
22374956262
22388041801
22401109378
22414161120
22427242222
22440285212
22453363713
22466469754
22479553396
22492611671
22505686209
22518758101
22531899669
22544914920
22557959195
22570995193
22584121950
22597204965
22610278983
22623381184
22636447950
22649506317
22662630075
22675663151
22688702866
22701774299
22714803121
22727886748
22740984894
22754055118
22767126551
22780145076
22793195685
22806230551
22819310429
22832376904
22845453891
22858576135
22871690132
22884731546
22897795390
22910856648
22923913683
22936980602
22950044982
22963059605
22976207920
22989308148
23002389709
23015475156
23028535649
23041599156
23054698282
23067735948
23080779335
23093821973
23106873654
23119970974
23133083074
23146113518
23159199669
23172324376
23185723779
23198758492
23211814992
23224843340
23237907795
23251008849
23264112870
23277162699
23290227538
23303288520
23316340430
23329385608
23342435559
23355475826
23368588002
23381681085
23394811208
23407904535
23420936738
23434012485
23447107036
23460148282
23473222866
23486258849
23499354792
23512394600
23525486856
23538542621
23551621535
23564736940
23577835545
23590865178
23603996633
23617034589
23630083867
23643207794
23656306201
23669369586
23682440360
23695498268
23708606573
23721647069
23734687581
23747744463
23760850183
23773957096
23787047531
23800120708
23813193793
23826252037
23839348057
23852405842
23865443783
23878506265
23891547266
23904627083
23917779529
23930868985
23943959894
23957039681
23970133864
23983176732
23996249694
24009308734
24022386577
24035524137
24048649655
24061724071
24074791051
24087845761
24100946003
24113985336
24127016989
24140114478
24153186859
24166292686
24179387787
24192496583
24205561895
24218647695
24231738543
24244792029
24257805168
24270875989
24283918703
24296971378
24310070213
24323133414
24336246432
24349331803
24362399548
24375452208
24388493652
24401537071
24414587175
24427704997
24440810610
24453880911
24466961049
24480056625
24493139624
24506199934
24519285381
24532305176
24545397952
24558492457
24571583550
24584669671
24597737233
24610787490
24623921867
24636940698
24649963966
24662987495
24676056051
24689114769
24702218546
24715268666
24728347702
24741479295
24754559953
24767582334
24780658662
24793699847
24806788492
24819856222
24832962202
24846029794
24859092032
24872175123
24885233229
24898300209
24911377165
24924391804
24937487656
24950573210
24963660999
24976737235
24989800758
25002880927
25015961585
25028998425
25042043954
25055073633
25068123034
25081223322
25094310055
25107373317
25120451038
25133560629
25146645816
25159688806
25172781705
25185836919
25198867562
25211974904
25225077824
25238121410
25251214905
25264310206
25277383964
25290429188
25303465017
25316526000
25329633250
25342705891
25355804558
25368871844
25381916517
25394989357
25408078492
25421121742
25434170561
25447216688
25460267481
25473336817
25486454486
25499513985
25512598438
25525700914
25538826600
25551872543
25564922602
25577955142
25591007878
25604094105
25617189789
25630222833
25643283617
25656345855
25669425886
25682476113
25695485626
25708548047
25721635667
25734747186
25747856057
25760916076
25773979614
25787068213
25800178446
25813217336
25826250672
25839310660
25852378084
25865431631
25878547449
25891614261
25904686550
25917753469
25930816012
25943861282
25956976197
25969994325
25983047397
25996140923
26009233072
26022283161
26035348764
26048409043
26061472504
26074523787
26087556113
26100572205
26113639537
26126756090
26139861580
26152913582
26165983775
26179051505
26192144709
26205181457
26218194199
26231233823
26244274380
26257315534
26270418255
26283482022
26296548559
26309614789
26322710182
26335757502
26348833142
26361876024
26374910859
26388010903
26401093734
26414169221
26427253934
26440316370
26453404664
26466462923
26479516822
26492559031
26505636400
26518744002
26531821448
26544913443
26557979552
26571042783
26584138069
26597170563
26610216368
26623251188
26636266026
26649333801
26662446146
26675491814
26688576741
26701662831
26714738639
26727804105
26740862288
26753906762
26766980352
26780083241
26793193505
26806230298
26819305311
26832385526
26845439562
26858492130
26871550680
26884567951
26897672829
26910755829
26923847564
26936932843
26949985778
26963064310
26976158356
26989164213
27002197793
27015227885
27028254887
27041319771
27054438909
27067462850
27080511272
27093583913
27106687430
27119734214
27132787577
27145831378
27158870971
27172025514
27185147176
27198179012
27211262853
27224303426
27237349460
27250413212
27263437047
27276472616
27289567702
27302659239
27315756590
27328846551
27341914633
27354967614
27368071956
27381123729
27394161379
27407204231
27420251520
27433320428
27446366340
27459426910
27472482247
27485563839
27498634751
27511662594
27524721083
27537750532
27550795955
27563887323
27576959919
27590049298
27603119538
27616171631
27629256191
27642328327
27655330237
27668391755
27681462193
27694548161
27707677305
27720725267
27733767829
27746848319
27759925872
27772984008
27786045634
27799082764
27812139371
27825183080
27838277921
27851319611
27864384143
27877478694
27890563437
27903598028
27916666523
27929672487
27942711498
27955798812
27968868868
27981930876
27994997841
28008042820
28021138166
28034177163
28047222279
28060252739
28073337146
28086437694
28099559601
28112629810
28125671652
28138705615
28151809637
28164880794
28177903481
28190930498
28203976685
28217028717
28230138798
28243167528
28256245693
28269311174
28282395168
28295444874
28308494673
28321512800
28334566515
28347631002
28360707498
28373769384
28386827154
28399896781
28412970967
28426070108
28439109778
28452139013
28465197273
28478292466
28491374700
28504449927
28517515301
28530561137
28543665189
28556694730
28569729382
28582783372
28595812424
28608895240
28622010951
28635028435
28648111236
28661169189
28674258997
28687295224
28700326877
28713351308
28726366115
28739454026
28752566202
28765621769
28778674949
28791750176
28804818441
28817889629
28830937469
28843966429
28857023051
28870087644
28883235026
28896305877
28909364290
28922429205
28935522394
28948561054
28961623995
28974651792
28987697276
29000764914
29013844700
29026890827
29039956644
29053032697
29066152692
29079196049
29092254140
29105295065
29118318945
29131387073
29144490039
29157566643
29170629308
29183667876
29196690823
29209741341
29222788936
29235815784
29248888181
29261981997
29275124743
29288199741
29301214487
29314287052
29327316669
29340343992
29353386278
29366415468
29379483993
29392545098
29405660702
29418710317
29431776042
29444828488
29457912114
29470958715
29484022574
29497052819
29510096589
29523185388
29536226985
29549276401
29562357366
29575411570
29588478581
29601530675
29614537679
29627560350
29640670002
29653761692
29666859594
29679946847
29693007233
29706074718
29719151460
29732206781
29745258431
29758289487
29771319242
29784389604
29797489035
29810519724
29823567901
29836610523
29849696445
29862746565
29875814540
29888868041
29901946756
29915046815
29928124628
29941170249
29954245384
29967285054
29980366371
29993412803
30006450315
30019491684
30032536249
30045622967
30058732098
30071839440
30084895098
30097946916
30111038606
30124079684
30137105262
30150164409
30163202809
30176306509
30189406124
30202444968
30215531792
30228601802
30241703942
30254732091
30267782730
30280812715
30293867134
30306940265
30320038565
30333117693
30346197403
30359289537
30372353243
30385396431
30398442313
30411460211
30424550172
30437655723
30450786795
30463896478
30476955487
30490012691
30503131966
30516155969
30529187744
30542244458
30555285535
30568360977
30581487719
30594527694
30607612331
30620704097
30633810980
30646871289
30659914065
30672967949
30686038295
30699133534
30712235184
30725291516
30738363453
30751426058
30764516340
30777564104
30790619594
30803670677
30816743426
30829843867
30842943467
30856113034
30869180810
30882257613
30895367096
30908394954
30921446007
30934505659
30947517666
30960599121
30973688852
30986776288
30999839918
31012919735
31026070192
31039264132
31052324273
31065378111
31078426823
31091522230
31104624538
31117659251
31130740215
31143780451
31156854623
31169940590
31182947074
31195980548
31209041133
31222108970
31235225935
31248348883
31261388782
31274465860
31287563257
31300605849
31313651930
31326688922
31339751312
31352837616
31365966730
31379036342
31392076578
31405166906
31418263767
31431327427
31444391929
31457417569
31470467061
31483569522
31496639272
31509661148
31522746228
31535812856
31548918056
31561952065
31574989761
31588020174
31601079550
31614184643
31627292826
31640378335
31653419856
31666473770
31679557993
31692622954
31705643774
31718692242
31731742560
31744831404
31757962293
31771028829
31784078964
31797164779
31810271111
31823303559
31836381616
31849412244
31862467152
31875565467
31888668081
31901772531
31914855852
31927912153
31941001425
31954041294
31967112222
31980151570
31993206769
32006305864
32019371758
32032545976
32045633856
32058693233
32071762569
32084810883
32097809029
32110867135
32123933305
32136997271
32150107703
32163184491
32176252481
32189341906
32202421479
32215525561
32228590644
32241632181
32254702695
32267812745
32280915665
32293990494
32307055409
32320161114
32333190074
32346246191
32359303808
32372342865
32385382428
32398453968
32411530159
32424652341
32437735769
32450806161
32463908990
32476955055
32489993654
32503064138
32516095071
32529175026
32542265874
32555310853
32568407209
32581493911
32594605874
32607632952
32620709464
32633753877
32646767200
32659858859
32672959744
32685998878
32699043658
32712138056
32725210223
32738273027
32751281362
32764340631
32777401185
32790475800
32803556994
32816701148
32829767440
32842835583
32855936284
32868962735
32882016771
32895058843
32908107525
32921187388
32934270953
32947331370
32960416006
32973496344
32986608275
32999681161
33012745342
33025796762
33038847509
33051959395
33065059102
33078103591
33091172423
33104228632
33117324881
33130392657
33143455215
33156496400
33169573341
33182655759
33195754012
33208883646
33221923897
33234962404
33248025146
33261065566
33274101089
33287139856
33300192516
33313270589
33326370862
33339456416
33352535315
33365630111
33378731042
33391775133
33404852258
33417892402
33430965716
33444059181
33457140528
33470208671
33483289039
33496348124
33509442017
33522486721
33535564442
33548610155
33561698571
33574805606
33587896562
33600968484
33614030492
33627106208
33640218385
33653271228
33666296959
33679332330
33692385494
33705442728
33718559051
33731628786
33744698321
33757790883
33770872429
33783933840
33797008791
33810034156
33823100310
33836219264
33849304865
33862386365
33875458532
33888524273
33901593089
33914647600
33927701942
33940776817
33953835061
33966931005
33980019711
33993104225
34006181640
34019164179
34032277442
34045341669
34058390075
34071432835
34084460877
34097494014
34110584923
34123642264
34136721041
34149785940
34162871005
34175936563
34189024642
34202110089
34215143256
34228263083
34241371098
34254451160
34267510827
34280576353
34293623841
34306660451
34319693068
34332730274
34345829201
34358924241
34372024331
34385118362
34398209761
34411261762
34424407874
34437481770
34450537291
34463587288
34476634424
34489685401
34502760567
34515831510
34528923276
34542008999
34555104452
34568154511
34581216488
34594256112
34607317997
34620400966
34633504957
34646586335
34659674352
34672713150
34685789540
34698826196
34711851101
34724872197
34737986087
34751058101
34764155497
34777230525
34790301606
34803360860
34816444854
34829496519
34842574607
34855630265
34868662147
34881731713
34894841396
34907915904
34920982242
34934061630
34947166799
34960205245
34973274413
34986318642
34999351259
35012461538
35025549770
35038642806
35051738275
35064802440
35077870538
35090956352
35103989642
35117027598
35130090463
35143153939
35156273506
35169359611
35182448776
35195486962
35208563398
35221609585
35234643456
35247687089
35260733950
35273786732
35286896965
35299948860
35313044589
35326118255
35339209669
35352256943
35365323816
35378371626
35391422419
35404536064
35417591355
35430665526
35443746216
35456793046
35469848016
35482876379
35495912667
35508982294
35522061545
35535148829
35548262749
35561407760
35574529575
35587596647
35600687771
35613778558
35626789494
35639866986
35652960787
35665983918
35679108870
35692156235
35705214418
35718320153
35731389153
35744435586
35757493707
35770528481
35783579473
35796648427
35809726500
35822809774
35835882171
35848951247
35862013775
35875062380
35888100275
35901152384
35914236179
35927323248
35940388576
35953465027
35966556288
35979538813
35992617513
36005686314
36018726121
36031757697
36044833934
36057892683
36070996689
36084057427
36097131048
36110217413
36123308323
36136379908
36149412188
36162371594
36175444389
36188519692
36201575289
36214603928
36227675865
36240739204
36253787748
36266861996
36279928869
36292969946
36306034081
36319117447
36332191649
36345286629
36358360433
36371406773
36384483714
36397418058
36410467658
36423501713
36436528301
36449626248
36462722895
36475772097
36488853597
36501943298
36515055474
36528141411
36541208943
36554245537
36567281764
36580366217
36593492011
36606542176
36619617633
36632698169
36645747906
36658865392
36671891292
36684911362
36697984891
36711084001
36724197034
36737294492
36750343143
36763412235
36776488946
36789547878
36802571391
36815610786
36828636487
36841726494
36854798278
36867869083
36880929179
36894002126
36907063598
36920075652
36933149088
36946189646
36959177510
36972271173
36985374996
36998427548
37011501046
37024575692
37037622492
37050704374
37063738459
37076775054
37089848368
37102927313
37116050720
37129136137
37142218616
37155312953
37168372727
37181442017
37194497829
37207513768
37220576571
37233647637
37246665076
37259729088
37272810465
37285905429
37299000715
37312061315
37325147298
37338180251
37351216708
37364307464
37377423252
37390491609
37403568121
37416623183
37429717749
37442781302
37455820819
37468893827
37481940642
37495031689
37508136614
37521220623
37534284099
37547369424
37560456448
37573533174
37586558997
37599631532
37612668952
37625720097
37638855621
37651943945
37665034197
37678145318
37691212068
37704279385
37717338838
37730404044
37743440210
37756546786
37769603057
37782657598
37795720968
37808780910
37821849022
37834896419
37847956575
37861001906
37874061083
37887154533
37900227419
37913339289
37926407922
37939476233
37952554413
37965603997
37978667336
37991735617
38004789791
38017813105
38030946671
38043987152
38057075812
38070169537
38083238598
38096267772
38109290291
38122324376
38135374373
38148423361
38161522333
38174565078
38187655636
38200712610
38213762868
38226811580
38239869334
38252911513
38265991835
38279083387
38292197461
38305314288
38318402520
38331486285
38344573017
38357606292
38370634839
38383693037
38396733579
38409796443
38422876903
38435951411
38449074374
38462149647
38475255718
38488309082
38501360410
38514424912
38527483110
38540581731
38553669580
38566717038
38579796870
38592866237
38605908722
38618978961
38632035017
38645071872
38658154504
38671242185
38684335604
38697385005
38710445069
38723556481
38736674991
38749734016
38762783508
38775835265
38788894044
38801963442
38815072038
38828155436
38841238986
38854309332
38867368173
38880540448
38893788090
38906833834
38919895873
38932968774
38946035663
38959073588
38972160948
38985155575
38998209871
39011248072
39024261273
39037292788
39050341730
39063431981
39076525782
39089587622
39102642729
39115749673
39128822055
39141897236
39154905816
39167955385
39180998451
39194050590
39207171870
39220231369
39233331183
39246418803
39259509101
39272564254
39285613333
39298648490
39311718790
39324819262
39337876190
39350928039
39363991699
39377060271
39390102817
39403142640
39416198497
39429237493
39442284507
39455370765
39468458523
39481508582
39494599812
39507671612
39520791607
39533852467
39546900093
39559963891
39573002199
39586054767
39599207289
39612246485
39625310880
39638396633
39651508381
39664556267
39677603021
39690605282
39703638908
39716715237
39729827628
39742884234
39755976735
39769034107
39782097400
39795143373
39808217101
39821257031
39834326107
39847431200
39860508110
39873558765
39886622563
39899677365
39912825083
39925894695
39938919753
39951963738
39964996155
39978051859
39991156784
40004193807
40017268896
40030324003
40043400271
40056494975
40069527178
40082552634
40095616463
40108697993
40121809971
40134863089
40147934629
40160987518
40174046037
40187110524
40200105548
40213123339
40226173719
40239275553
40252320577
40265426649
40278496261
40291559937
40304646945
40317703766
40330743512
40343760660
40356788580
40369849562
40382935239
40396003872
40409083551
40422139424
40435204660
40448277684
40461340594
40474372277
40487441950
40500524827
40513593659
40526683069
40539747525
40552866816
40565816751
40578879463
40591938150
40604964157
40618023120
40631097353
40644207831
40657265081
40670341945
40683450266
40696524636
40709542243
40722598773
40735632507
40748682611
40761718410
40774830372
40787934134
40801007846
40814115785
40827206036
40840232915
40853326013
40866361276
40879414150
40892470986
40905549227
40918602774
40931709580
40944769829
40957799814
40970895068
40983937232
40996998261
41010069219
41023187271
41036258994
41049329401
41062397667
41075465626
41088572448
41101619584
41114670668
41127724306
41140793857
41153837551
41167015900
41180118085
41193163248
41206246660
41219336147
41232371242
41245478660
41258525628
41271552752
41284664194
41297725636
41310799761
41323884398
41336945732
41350028074
41363078515
41376099411
41389147940
41402200783
41415280065
41428325349
41441406498
41454417924
41467483374
41480593577
41493646986
41506676175
41519730349
41532749808
41545787076
41558910865
41571999617
41585065037
41598173189
41611233330
41624261418
41637299558
41650329925
41663370789
41676468858
41689534936
41702568210
41715630494
41728681485
41741779203
41754825666
41767855269
41780884244
41793936873
41807040481
41820097486
41833152502
41846254320
41859298274
41872422186
41885453471
41898467406
41911519438
41924545644
41937611324
41950708308
41963773681
41976848174
41989844652
42002901764
42015907636
42028955736
42042012603
42055061223
42068129841
42081225156
42094283492
42107245668
42120306711
42133358116
42146371394
42159419433
42172369888
42185427765
42198491655
42211489968
42224560590
42237623516
42250677675
42263771139
42276810457
42289817890
42302835773
42315854726
42328921508
42341991303
42355045431
42368095857
42381207666
42394284194
42407327719
42420384204
42433411098
42446465517
42459566785
42472639487
42485674873
42498734724
42511782579
42524816450
42537867396
42550899798
42563947837
42577031938
42590102284
42603206184
42616288632
42629341215
42642401035
42655495173
42668479227
42681515669
42694461534
42707438703
42720496121
42733608558
42746688987
42759776928
42772849003
42785918937
42798870983
42811928263
42824941755
42837954405
42851054938
42864151616
42877215169
42890272326
42903284395
42916331669
42929367498
42942447270
42955493580
42968562304
42981629575
42994723116
43007735062
43020754169
43033837153
43046883126
43059933552
43072987053
43085979461
43099009064
43112073596
43125179469
43138258200
43151322334
43164402059
43177470600
43190465196
43203556458
43216610066
43229601984
43242737738
43255816560
43268903308
43281983370
43294985631
43308042254
43321083805
43334137612
43347212763
43360273822
43373360157
43386439668
43399524090
43412592080
43425640624
43438736736
43451777339
43464839576
43477892694
43490941208
43503991633
43517035159
43529966887
43542959632
43556034935
43569081521
43582087592
43595203960
43608207109
43621268765
43634366743
43647432668
43660507818
43673511135
43686598587
43699654842
43712707991
43725787211
43738814809
43751873665
43764960520
43778044698
43791101825
43804161783
43817225290
43830299124
43843356527
43856405698
43869458143
43882513679
43895521311
43908591106
43921667297
43934712858
43947765089
43960845778
43973923162
43986960277
44000006204
44013058328
44026134351
44039224143
44052273804
44065294043
44078353618
44091449148
44104468989
44117596986
44130626772
44143702029
44156799396
44169883910
44182954669
44196044400
44209087436
44222148725
44235217021
44248284843
44261332545
44274377279
44287446432
44300530594
44313610886
44326708083
44339800737
44352855814
44365865297
44378923847
44391991240
44405030650
44418105923
44431180094
44444228164
44457310199
44470379704
44483425203
44496473120
44509537147
44522517912
44535566930
44548659369
44561758832
44574851914
44587839059
44600929050
44614014773
44627051612
44640091190
44653134394
44666179817
44679283502
44692366700
44705440076
44718529042
44731619263
44744736795
44757777107
44770864176
44783918075
44796967659
44810157942
44823261612
44836320346
44849417589
44862494408
44875574301
44888637456
44901605920
44914673543
44927760520
44940851093
44953956981
44967031122
44980089106
44993164379
45006257905
45019332397
45032387688
45045423304
45058469292
45071509100
45084620374
45097700864
45110713269
45123796360
45136864687
45149830550
45162918629
45175925771
45188954226
45202066234
45215155292
45228240846
45241311208
45254382075
45267445383
45280500322
45293540986
45306589913
45319650758
45332735930
45345833908
45358899480
45371966461
45385034925
45398161530
45411244835
45424283373
45437327847
45450390879
45463458105
45476579614
45489662001
45502729701
45515865577
45528937851
45541964608
45555064927
45568039357
45581095337
45594195105
45607270347
45620387145
45633433822
45646507442
45659555649
45672614796
45685713830
45698756881
45711828941
45724925909
45738015442
45751101394
45764164656
45777235722
45790372608
45803473661
45816544084
45829624299
45842656166
45855707907
45868804906
45881874227
45894955590
45908047953
45921124342
45934174217
45947246323
45960291042
45973344298
45986453001
45999562149
46012609331
46025732202
46038820572
46051872894
46064931506
46078013556
46091028073
46104133946
46117249504
46130366530
46143453064
46156516464
46169599127
46182689822
46195753666
46208790873
46221830053
46234891632
46248001116
46261077001
46274114391
46287226277
46300321241
46313411462
46326490651
46339558458
46352634878
46365700436
46378821991
46391925630
46404994676
46418044842
46431094487
46444118382
46457161311
46470230724
46483262652
46496385171
46509463413
46522533698
46535598995
46548624528
46561705920
46574826007
46587852611
46600948003
46613984613
46627047921
46640124586
46653236273
46666327779
46679361345
46692486694
46705595933
46718602157
46731819598
46744912129
46757902472
46771029428
46784127865
46797117886
46810181516
46823270115
46836339360
46849400572
46862468440
46875518514
46888618374
46901696156
46914787249
46927868795
46940901411
46953958982
46967071648
46980100700
46993206573
47006262078
47019312947
47032356228
47045418006
47058454524
47071519638
47084607717
47097672662
47110720716
47123776359
47136823496
47149895494
47162994911
47176055557
47189114964
47202180995
47215260399
47228344408
47241425250
47254458219
47267495028
47280608902
47293700210
47306777104
47319869911
47332931751
47345950490
47359069720
47372117713
47385161406
47398165932
47411194341
47424250443
47437372503
47450433547
47463534754
47476610807
47489689675
47502728182
47515803042
47528823709
47541881846
47554998949
47568080281
47581130936
47594211916
47607271935
47620362003
47633407211
47646501104
47659529727
47672591995
47685727428
47698832704
47711927882
47725007424
47738078703
47751210678
47764253056
47777320404
47790374012
47803366007
47816456534
47829548927
47842641168
47855771521
47868844239
47881915151
47894968683
47908042762
47921082692
47934119195
47947215872
47960329579
47973377893
47986430415
47999496156
48012556664
48025617754
48038730237
48051741877
48064793358
48077891382
48090998311
48104121167
48117173306
48130236584
48143311780
48156366949
48169460077
48182514419
48195538896
48208603857
48221707970
48234766398
48247832812
48260904918
48274000448
48287055372
48300107481
48313190755
48326226585
48339293733
48352384857
48365328183
48378385953
48391442804
48404513028
48417546318
48430617322
48443662087
48456716949
48469794839
48482889007
48496033803
48509101640
48522167810
48535254512
48548294289
48561401661
48574454841
48587479792
48600534501
48613657923
48626722012
48639785871
48652782058
48665897769
48678941096
48692022443
48705060552
48718118306
48731207181
48744296514
48757363173
48770431944
48783485307
48796560442
48809596241
48822635896
48835673378
48848737558
48861801540
48874872406
48887947312
48901000369
48914050948
48927123145
48940179599
48953255790
48966296393
48979381443
48992440284
49005533733
49018607598
49031681463
49044768823
49057841694
49070876223
49083942591
49097001233
49110003770
49123067032
49136155035
49149210831
49162281651
49175332460
49188388516
49201460101
49214533615
49227575381
49240632768
49253727564
49266794131
49279840471
49292932299
49305987865
49319046675
49332086009
49345151658
49358205756
49371233277
49384265955
49397403315
49410459264
49423525250
49436612013
49449664856
49462691261
49475733210
49488768351
49501853952
49514946621
49528036781
49541097151
49554187525
49567265736
49580324699
49593369464
49606424510
49619450088
49632515631
49645589144
49658662749
49671804042
49684916708
49697955888
49711035506
49724062186
49737116024
49750204914
49763235541
49776284268
49789402580
49802434034
49815466283
49828482819
49841534194
49854554800
49867597438
49880640657
49893666067
49906739367
49919799844
49932827351
49945892923
49958954227
49971980357
49985013096
49998071584
50011090385
50024170278
50037245811
50050314123
50063368113
50076425944
50089510611
50102580591
50115606766
50128671420
50141727262
50154732109
50167809555
50180902254
50193965777
50207008354
50220107816
50233164224
50246182657
50259248857
50272291511
50285366279
50298431974
50311500897
50324529872
50337590610
50350665133
50363709041
50376735018
50389805976
50402835150
50415918027
50428984778
50442064656
50455125149
50468198953
50481240841
50494337856
50507358125
50520410050
50533480641
50546509203
50559563959
50572675263
50585729193
50598814839
50611886822
50624985397
50637997787
50651080465
50664124021
50677156760
50690251510
50703356648
50716392019
50729483693
50742517228
50755576864
50768641595
50781652195
50794698872
50807737609
50820825290
50833902644
50847027014
50860080439
50873117156
50886176593
50899217931
50912250700
50925294180
50938323629
50951397005
50964471252
50977545913
50990617269
51003691334
51016793565
51029818057
51042877984
51055935846
51068955442
51082054369
51095434050
51108562001
51121715166
51134810911
51147887423
51160932387
51173993048
51187034125
51200058403
51213150078
51226231991
51239335814
51252418675
51265485411
51278557517
51291600323
51304645271
51317712665
51330735367
51343770691
51356894052
51369933141
51382991461
51396061241
51409125284
51422185838
51435224483
51448263021
51461294122
51474361500
51487417480
51500453784
51513519020
51526585832
51539634758
51552703085
51565750282
51578792140
51591851164
51604941936
51618009651
51631097638
51644155729
51657209582
51670311217
51683372628
51696419259
51709528070
51722547100
51735622526
51748708233
51761760724
51774836043
51787898250
51800996610
51814052575
51827090240
51840154818
51853197196
51866252977
51879324716
51892377987
51905436568
51918490359
51931538964
51944580027
51957625587
51970652190
51983708859
51996798804
52009863474
52023015492
52036085364
52049153966
52062247813
52075280950
52088332385
52101432980
52114468932
52127518715
52140601362
52153647290
52166730962
52179826967
52192912766
52205959198
52218989918
52232025303
52245043706
52258147636
52271189708
52284190914
52297280400
52310368510
52323399260
52336441898
52349483006
52362553061
52375612147
52388710722
52401827763
52414898553
52427965427
52441033600
52454129528
52467158763
52480213611
52493307917
52506360714
52519411614
52532519996
52545576052
52558684511
52571754108
52584862796
52597893132
52610971649
52624042424
52637086439
52650178297
52663303723
52676374620
52689441616
52702461074
52715525989
52728538149
52741572082
52754639154
52767695577
52780775486
52793839682
52806904596
52819963498
52833030494
52846103227
52859141841
52872191747
52885282779
52898340028
52911395028
52924502875
52937563552
52950634418
52963699869
52976830023
52989882284
53002939411
53015994427
53029044960
53042133253
53055124315
53068193345
53081294536
53094351159
53107402747
53120437659
53133478308
53146564183
53159612482
53172710705
53185796076
53198831263
53211899789
53224946068
53238055200
53251122700
53264128787
53277207487
53290264843
53303315453
53316411411
53329441748
53342468153
53355551825
53368588909
53381614075
53394639638
53407643215
53420671869
53433752512
53446820426
53459918297
53473007722
53486052594
53499106646
53512130664
53525157068
53538169550
53551223235
53564294912
53577353554
53590406076
53603442318
53616480519
53629570373
53642574149
53655570703
53668663510
53681695805
53694727764
53707811589
53720815855
53733909840
53746980003
53760027797
53773060490
53786101292
53799115441
53812155723
53825200748
53838275852
53851358209
53864388378
53877452130
53890495839
53903547152
53916594487
53929615246
53942671807
53955764369
53968881824
53981974646
53995026892
54008077149
54021168992
54034187625
54047236719
54060288002
54073350407
54086433116
54099523444
54112576318
54125647903
54138718479
54151816029
54164836635
54177885791
54190929331
54203969705
54217052092
54230141931
54243159064
54256249805
54269325981
54282364656
54295404922
54308390522
54321458956
54334531674
54347618299
54360683872
54373747257
54386810917
54399883543
54412998550
54426035098
54439064181
54452106314
54465189252
54478267906
54491372448
54504445196
54517509117
54530591749
54543690828
54556726230
54569764798
54583031581
54596099831
54609177552
54622264453
54635269636
54648330191
54661333232
54674393067
54687432951
54700444530
54713524210
54726590394
54739671849
54752792471
54765863949
54778914222
54791970462
54805042323
54818081028
54831119505
54844098021
54857208483
54870297633
54883388466
54896429513
54909500196
54922560215
54935615613
54948628692
54961695504
54974727508
54987773313
55000871582
55013972666
55027038315
55040080647
55053132679
55066182065
55079213580
55092249761
55105310269
55118372430
55131436243
55144562067
55157601355
55170662995
55183702788
55196797706
55209832556
55222850393
55235912553
55249005942
55262061248
55275184180
55288204128
55301242957
55314350650
55327427973
55340462043
55353500765
55366557831
55379591442
55392650726
55405749867
55418838833
55431928396
55445014349
55458084114
55471140782
55484187566
55497244464
55510303136
55523417210
55536502305
55549623968
55562677515
55575714231
55588791738
55601832999
55614864514
55627941883
55640984506
55654042275
55667195991
55680223115
55693283165
55706358973
55719452193
55732488650
55745533644
55758579250
55771624474
55784690658
55797755711
55810821406
55823865727
55836922120
55849975070
55863017417
55876048703
55889102800
55902169383
55915242896
55928331021
55941393794
55954465395
55967535649
55980616262
55993645023
56006722836
56019786037
56032839140
56045892840
56058911334
56071939330
56085012109
56098075050
56111161370
56124191263
56137219274
56150286270
56163340031
56176384551
56189480433
56202499891
56215599660
56228651753
56241736879
56254785958
56267829331
56280867073
56293943371
56307048356
56320153403
56333213146
56346273318
56359322321
56372345543
56385308070
56398337107
56411356749
56424419598
56437503026
56450579247
56463635931
56476695537
56489777970
56502915208
56515953715
56528997133
56542051935
56555091727
56568176516
56581211887
56594293892
56607381573
56620466775
56633536464
56646580800
56659599432
56672668616
56685738457
56698816285
56711924744
56724987716
56738064090
56751125348
56764179691
56777223889
56790246821
56803223822
56816262099
56829333134
56842479858
56855542906
56868611463
56881699266
56894795577
56907804616
56920879323
56933912566
56946966129
56960056441
56973121570
56986154508
56999155943
57012230130
57025289506
57038326284
57051345651
57064398310
57077428571
57090510101
57103592198
57116641201
57129702903
57142755700
57155851643
57168881750
57181908293
57194973636
57208024429
57221085993
57234190626
57247239782
57260283675
57273384881
57286477780
57299533270
57312590978
57325615180
57338667686
57351744351
57364809220
57377877363
57390948016
57404016098
57417077937
57430122732
57443168905
57456214419
57469283128
57482387181
57495470180
57508527384
57521589131
57534649594
57547714524
57560777343
57573827370
57586895605
57599932338
57613027730
57626116161
57639172554
57652209806
57665309222
57678370113
57691417907
57704459490
57717498042
57730535050
57743607492
57756721199
57769785073
57782823993
57795906473
57808965084
57822039316
57835089742
57848047067
57861134091
57874222904
57887313691
57900399949
57913461315
57926514402
57939603583
57952650857
57965689211
57978761883
57991793780
58004895843
58017970550
58031012913
58044104251
58057213214
58070288732
58083366942
58096405970
58109463617
58122491919
58135522990
58148588043
58161602804
58174681014
58187751759
58200784712
58213840508
58226881478
58239924223
58252987317
58266065497
58279171278
58292234969
58305283666
58318354930
58331412088
58344437223
58357471675
58370524794
58383554350
58396631887
58409693497
58422738721
58435795955
58448854398
58461950754
58474937486
58488013157
58501073696
58514118170
58527199456
58540255604
58553236674
58566294704
58579342927
58592388961
58605433665
58618456520
58631492747
58644549783
58657579599
58670694698
58683736035
58696797554
58709855155
58722919488
58735951768
58749011726
58762054945
58775098318
58788191798
58801301847
58814335596
58827406677
58840494863
58853583049
58866588783
58879638306
58892696153
58905734277
58918815945
58931869645
58944913905
58957981084
58971027471
58984070430
58997112655
59010119552
59023175746
59036218736
59049313593
59062407516
59075463511
59088527676
59101572395
59114670450
59127704275
59140724483
59153799129
59166849631
59179884726
59193037738
59206074012
59219115961
59232226929
59245276850
59258290693
59271382658
59284421548
59297463803
59310518406
59323599462
59336675118
59349733346
59362801061
59375850309
59388888402
59401938446
59414980273
59428034370
59441132853
59454208126
59467280905
59480349201
59493406023
59506503848
59519522679
59532518790
59545550167
59558616290
59571675605
59584789296
59597820964
59610900001
59623986198
59637036960
59650101753
59663118075
59676161218
59689207436
59702254832
59715337434
59728371779
59741416651
59754456290
59767494201
59780539638
59793581098
59806608513
59819688162
59832752143
59845856624
59858913093
59871948922
59885011420
59898077895
59911098471
59924148391
59937203499
59950248784
59963294635
59976402497
59989448822
60002535157
60015587174
60028695709
60041717386
60054745030
60067772062
60080808886
60093920986
60107005347
60120054793
60133120259
60146187438
60159231438
60172288871
60185308498
60198359979
60211416020
60224501268
60237585232
60250658072
60263684737
60276764737
60289826546
60302866981
60315906712
60328924059
60341978340
60355053812
60368138388
60381197274
60394263887
60407332994
60420421410
60433472142
60446530462
60459572610
60472602152
60485763717
60498853815
60511920459
60524988097
60538038660
60551091764
60564132550
60577168533
60590191051
60603272261
60616334498
60629448740
60642514098
60655543884
60668583753
60681634439
60694662573
60707688855
60720679917
60733741557
60746804483
60759946556
60772981528
60786033591
60799116285
60812188834
60825201255
60838246065
60851265860
60864295585
60877403432
60890476624
60903555936
60916624002
60929656160
60942704413
60955738422
60968761093
60981791813
60994836945
61007911269
61021023858
61034120475
61047188067
61060232572
61073317331
61086347820
61099357671
61112415241
61125454513
61138503501
61151684895
61164722943
61177754871
61190859122
61203910970
61216943495
61230017008
61243029597
61256081614
61269157285
61282235067
61295311395
61308353620
61321417571
61334482226
61347519295
61360573331
61373621294
61386698418
61399786925
61412872189
61425970137
61439038677
61452098513
61465197332
61478220708
61491238560
61504266464
61517324539
61530373068
61543533546
61556601690
61569663590
61582736859
61595826957
61608867591
61621921031
61634903754
61647956307
61661023348
61674156072
61687211976
61700312861
61713394299
61726437320
61739467121
61752510081
61765523388
61778602517
61791696165
61804780710
61817865117
61830914135
61843968263
61857045342
61870071195
61883104363
61896161184
61909199859
61922301142
61935408346
61948464647
61961554669
61974626576
61987737314
62000774674
62013807260
62026839264
62039884610
62052974862
62066068372
62079101509
62092202976
62105286128
62118324956
62131362346
62144288505
62157305195
62170381248
62183455113
62196538097
62209603655
62222658502
62235742450
62248809706
62261852374
62274896466
62287948513
62300975454
62314051660
62327156309
62340195428
62353192441
62366268663
62379353590
62392279458
62405325034
62418350306
62431606211
62444686946
62457689682
62470743213
62483821332
62496878046
62509941507
62522981621
62535991073
62549018503
62562105434
62575191907
62588279190
62601334313
62614377027
62627451811
62640538100
62653560343
62666549308
62679586775
62692663455
62705713743
62718832025
62731890146
62744952781
62758025713
62771122988
62784147128
62797219800
62810231058
62823269442
62836386499
62849463700
62862517522
62875657468
62888730477
62901778516
62914841487
62927875282
62940911448
62953974114
62967043787
62980131407
62993217084
63006283850
63019325616
63032405968
63045457725
63058470513
63071503160
63084584048
63097636310
63110784028
63123858444
63136922028
63150021398
63163095432
63176127176
63189188649
63202190573
63215211883
63228311330
63241387949
63254457010
63267447980
63280508137
63293565784
63306602623
63319646700
63332680861
63345729436
63358854709
63371916380
63384973614
63398022831
63411074053
63424160219
63437200822
63450269164
63463316836
63476363850
63489404652
63502489242
63515556697
63528619959
63541676689
63554771377
63567808951
63580862391
63593869594
63606929123
63620006844
63633075247
63646107512
63659151542
63672217880
63685286681
63698350525
63711373900
63724368817
63737440923
63750529966
63763603158
63776691161
63789721038
63802794123
63815866459
63828895663
63841953555
63854984902
63868042075
63881112987
63894174444
63907263900
63920340459
63933427252
63946539811
63959588615
63972603943
63985645709
63998683665
64011710529
64024767778
64037838935
64050907308
64063958483
64077019221
64090126777
64103181777
64116221646
64129336439
64142404154
64155532365
64168576716
64181563647
64194625287
64207706390
64220744790
64233812902
64246831366
64259883765
64272948925
64286029155
64299115092
64312169894
64325230616
64338325902
64351360002
64364426432
64377454504
64390489094
64403596620
64416676146
64429741061
64442809403
64455840045
64468887824
64481912485
64494970423
64508009435
64521116180
64534200954
64547302267
64560372476
64573423009
64586488536
64599534968
64612575586
64625619754
64638643558
64651702904
64664747332
64677832672
64690893823
64703935161
64717031318
64730094167
64743103130
64756171793
64769169097
64782213587
64795323529
64808400118
64821468429
64834542371
64847610530
64860682391
64873729359
64886783303
64899826308
64912881508
64925990578
64939084425
64952140390
64965197777
64978263028
64991350174
65004363696
65017402479
65030449186
65043516962
65056597988
65069723705
65082795428
65095833078
65108907143
65121961164
65134988747
65148029044
65161072630
65174097719
65187202797
65200299673
65213370999
65226430941
65239483386
65252557527
65265639348
65278687295
65291738042
65304802835
65317880571
65330973515
65344029939
65357105869
65370176721
65383270506
65396291801
65409337728
65422448604
65435486071
65448553357
65461656920
65474704714
65487787423
65500851511
65513965233
65527000374
65540044496
65553077067
65566144613
65579208947
65592318798
65605387063
65618453783
65631512609
65644596082
65657643708
65670691931
65683719513
65696812963
65709878229
9961646
23053045
36084774
49153575
62237370
75253111
88298946
101338723
114392867
127451142
140520402
153587504
166699145
179766906
192841720
205841304
218883666
231919878
244982773
258073790
271161211
284214100
297272543
310311861
323371023
336421540
349465341
362439925
375536970
388616695
401699235
414782954
427830549
440904720
454018136
467036325
480109685
493119443
506162969
519252669
532321180
545392689
558476729
571547886
584632721
597642143
610716421
623747890
636778074
649902276
662972332
676028908
689109246
702162058
715215391
728255550
741282276
754325572
767446500
780508692
793590176
806673925
819730502
832787506
845883404
858917397
871956271
885004402
898062891
911132212
924240717
937299634
950381073
963461517
976530226
989574608
1002644343
1015670181
1028707173
1041781375
1054878573
1067937200
1080989630
1094049495
1107124768
1120181742
1133210197
1146243242
1159326808
1172400229
1185503670
1198564530
1211629827
1224691315
1237710896
1250735908
1263766321
1276787034
1289835670
1302881031
1316000246
1329063585
1342155718
1355231083
1368308238
1381326228
1394382636
1407378287
1420442238
1433543062
1446640994
1459713834
1472756105
1485826314
1498867911
1511869132
1524912245
1537921819
1550992319
1564059483
1577103406
1590195157
1603258434
1616287685
1629406012
1642438384
1655486193
1668521992
1681544618
1694618452
1707694949
1720752551
1733872209
1746932335
1760009382
1773045288
1786090986
1799131957
1812194500
1825253907
1838352726
1851421619
1864457342
1877535812
1890590966
1903621608
1916652924
1929674494
1942778975
1955888749
1968958790
1982075342
1995112656
2008186980
2021286167
2034308655
2047345249
2060363744
2073370167
2086437147
2099504464
2112544593
2125695233
2138751595
2151847998
2164895623
2177946340
2190985642
2204009553
2217093012
2230217627
2243264855
2256324124
2269380762
2282399073
2295470245
2308475536
2321511120
2334596904
2347659830
2360770997
2373818148
2386843008
2399896463
2412979937
2426009799
2439097021
2452090929
2465152110
2478214960
2491313871
2504365291
2517468165
2530548013
2543647047
2556674599
2569730915
2582752393
2595753737
2608856580
2621915865
2634951556
2648025636
2661079259
2674128262
2687188832
2700197488
2713242253
2726329169
2739363300
2752435008
2765484746
2778517928
2791586576
2804636359
2817700953
2830734977
2843749142
2856788199
2869864146
2882974700
2896061540
2909134503
2922221250
2935291857
2948323356
2961375786
2974371759
2987406243
3000507097
3013600638
3026682551
3039727836
3052765364
3065827112
3078843923
3091888045
3104913364
3117969756
3131075859
3144154743
3157273789
3170347088
3183382413
3196507288
3209544097
3222579957
3235616704
3248645190
3261715521
3274815717
3287906168
3300970670
3314052277
3327144670
3340176078
3353250617
3366279347
3379324096
3392402965
3405509847
3418594300
3431657777
3444697018
3457755599
3470788032
3483829216
3496858880
3509921102
3522998716
3536050105
3549132141
3562194546
3575241836
3588328476
3601377066
3614419811
3627467850
3640487339
3653572312
3666664232
3679695838
3692794842
3705912327
3718999702
3732063363
3745109214
3758138235
3771177721
3784244808
3797358071
3810427622
3823486462
3836575245
3849633030
3862692360
3875719316
3888732609
3901828475
3914933522
3928023238
3941086347
3954148432
3967196608
3980273319
3993299495
4006340541
4019400438
4032434707
4045522786
4058601960
4071638539
4084708733
4097800973
4110878832
4123920843
4136971896
4150019215
4163047747
4176175958
4189274716
4202340075
4215428582
4228488677
4241541291
4254619960
4267656937
4280675248
4293759135
4306864289
4319962099
4332987723
4346039113
4359114126
4372230816
4385257587
4398346370
4411389513
4424419161
4437522173
4450634243
4463689870
4476730167
4489850484
4502921824
4515966222
4529034258
4542059913
4555113582
4568429187
4581511192
4594573506
4607666420
4620682191
4633742791
4646796323
4659818428
4672875372
4685940945
4699038540
4712135952
4725193033
4738265078
4751321517
4764385988
4777411138
4790408136
4803504691
4816549716
4829601549
4842717138
4855764534
4868825715
4881950836
4895040032
4908080421
4921144555
4934197169
4947179387
4960266609
4973366561
4986448749
4999531734
5012593650
5025650042
5038689681
5051733345
5064781689
5077843437
5090964075
5104073237
5117128314
5130201123
5143244159
5156324695
5169374310
5182421936
5195481710
5208531340
5221602819
5234754025
5247812499
5260887099
5274008195
5287090598
5300122051
5313180831
5326216186
5339295039
5352366456
5365461956
5378537780
5391594815
5404691875
5417751496
5430800958
5443811925
5456880450
5469969478
5483087071
5496179770
5509279141
5522361467
5535420522
5548510070
5561569997
5574622993
5587740325
5600797758
5613860195
5626937763
5639910036
5652998207
5666079263
5679150833
5692184964
5705237303
5718293190
5731322487
5744416227
5757535656
5770597878
5783659273
5796731945
5809777582
5822867834
5835893718
5848937060
5862010849
5875134194
5888231989
5901278804
5914345401
5927410852
5940506259
5953550948
5966594657
5979672576
5992721227
6005841176
6018896574
6031970088
6045037267
6058104385
6071209110
6084266130
6097303413
6110338141
6123386287
6136491456
6149571732
6162637779
6175727710
6188796419
6201851588
6214897530
6227937491
6240977727
6254033645
6267122581
6280273008
6293331037
6306396488
6319477513
6332567551
6345584072
6358635966
6371686254
6384738424
6397814921
6410920014
6423946556
6436944304
6450008346
6463101444
6476044479
6489057037
6502043922
6515105700
6528203571
6541186340
6554228397
6567310172
6580348863
6593400987
6606459323
6619478613
6632541233
6645595040
6658682966
6671801124
6684844176
6697917291
6710967900
6724085493
6737149811
6750195892
6763264785
6776304439
6789401361
6802573239
6815621079
6828665583
6841729243
6854747922
6867787821
6880864624
6893861086
6906903510
6920009001
6933105648
6946187928
6959242209
6972313014
6985400206
6998445950
7011495442
7024533689
7037581009
7050713932
7063820815
7076894573
7089970825
7103008537
7116093540
7129128972
7142093504
7155154884
7168175337
7181234224
7194332630
7207405822
7220477653
7233555282
7246672232
7259730966
7272770023
7285820388
7298870339
7311940946
7325057544
7338134454
7351173450
7364250253
7377288531
7390368348
7403421910
7416443235
7429530167
7442641043
7455702377
7468798519
7481882651
7494924738
7507999950
7520930500
7533994023
7547046483
7560052447
7573087389
7586124733
7599198017
7612281032
7625377541
7638480063
7651520192
7664544134
7677554810
7690520979
7703611337
7716703716
7729750179
7742832030
7755857349
7768895366
7781937086
7795009620
7808042237
7821115077
7834201825
7847324191
7860397888
7873463844
7886517574
7899605561
7912634888
7925704684
7938729620
7951751740
7964843736
7977922987
7990978049
8004074849
8017172980
8030284789
8043320511
8056366439
8069396240
8082418652
8095506027
8108590327
8121660199
8134760579
8147821286
8160863052
8173892716
8186915173
8199962172
8213028249
8226113345
8239199481
8252280583
8265312786
8278388702
8291476138
8304514446
8317562454
8330610677
8343643370
8356706097
8369819910
8382876364
8395934976
8409014089
8422128300
8435172698
8448248766
8461303965
8474334012
8487442057
8500495405
8513550681
8526614540
8539688099
8552758201
8565803991
8578850423
8591898003
8604934092
8618037869
8631134455
8644216154
8657268584
8670314603
8683366727
8696419494
8709452462
8722498206
8735547591
8748612766
8761726993
8774816480
8787868451
8800963323
8814076769
8827137798
8840228172
8853267658
8866295394
8879398620
8892486821
8905563517
8918608389
8931645473
8944754804
8957771340
8970816273
8983853219
8996923917
9010017979
9023077248
9036148604
9049246551
9062300894
9075397235
9088449390
9101489733
9114538429
9127578543
9140639923
9153757837
9166818438
9179886688
9192943371
9206059602
9219127057
9232219236
9245272936
9258314671
9271397319
9284523143
9297564786
9310658389
9323738864
9336764656
9349816000
9362863167
9375915260
9388970551
9402064980
9415171296
9428260385
9441326295
9454384278
9467460240
9480476133
9493529267
9506576082
9519607490
9532703525
9545816604
9558872584
9571953288
9585029984
9598106068
9611188593
9624262657
9637305876
9650336565
9663304891
9676385794
9689439051
9702490899
9715519981
9728411960
9741455991
9754482441
9767494892
9780540881
9793608840
9806703131
9819784677
9832869115
9845907484
9858982359
9871985890
9885020205
9898037154
9911077406
9924139857
9937253946
9950298757
9963347484
9976432901
9989525998
10002637639
10015707037
10028757555
10041715844
10054823690
10067926977
10080980341
10094035433
10107107998
10120190446
10133238531
10146278124
10159323302
10172380536
10185459849
10198537753
10211619284
10224669541
10237710664
10250753945
10263763015
10276824747
10289846592
10302858126
10315933750
10328997120
10342058210
10355044865
10368137412
10381207651
10394288829
10407346676
10420345984
10433379886
10446519220
10459612501
10472636304
10485699399
10498724457
10511796226
10524830281
10537882772
10550915327
10563946383
10577038134
10590130314
10603141862
10616196801
10629234130
10642282689
10655328494
10668346407
10681401729
10694450059
10707535583
10720653068
10733709369
10746786509
10759853183
10772889900
10785975378
10799080409
10812102790
10825104409
10838156426
10851265818
10864340739
10877421137
10890475311
10903556306
10916617151
10929650747
10942687739
10955749349
10968830574
10981904317
10995002203
11008067868
11021125132
11034190353
11047206736
11060255663
11073317778
11086350302
11099407536
11112493183
11125529379
11138588037
11151637223
11164655274
11177764865
11190822665
11203859780
11216923776
11230022856
11243113001
11256161468
11269232472
11282297188
11295340989
11308368556
11321418232
11334429153
11347515182
11360650263
11373691111
11386760004
11399758731
11412790444
11425880160
11438898288
11451927844
11464975547
11478019929
11491106784
11504182057
11517237945
11530310112
11543371370
11556450529
11569515642
11582560315
11595610695
11608661197
11621800899
11634926157
11647995080
11661072342
11674130494
11687172673
11700232707
11713274152
11726282564
11739348917
11752443376
11765550993
11778630183
11791677273
11804729076
11817825034
11830844906
11843909652
11856935200
11869984050
11883114418
11896207454
11909274817
11922349126
11935437985
11948541961
11961604076
11974687794
11987727633
12000764441
12013882524
12026973816
12040051858
12053121929
12066171054
12079221678
12092268294
12105287508
12118317508
12131367261
12144414366
12157545561
12170622440
12183675666
12196737980
12209748518
12222744369
12235758549
12248780792
12261870294
12274948198
12288075445
12301118711
12314184008
12327286270
12340398079
12353426519
12366521437
12379536918
12392596049
12405791151
12419052549
12432133697
12445226519
12458298242
12471388830
12484425257
12497477809
12510519483
12523576626
12536669998
12549770654
12562858978
12575920098
12588983835
12602076611
12615115592
12628159041
12641209222
12654254430
12667318871
12680458618
12693529209
12706608384
12719719764
12732812801
12745849931
12759000510
12772033754
12785081716
12798188109
12811266381
12824364267
12837414877
12850543608
12863608829
12876658688
12889716534
12902768368
12915824959
12928932882
12942020579
12955115313
12968198466
12981210351
12994309109
13007322968
13020375979
13033437605
13046439422
13059530622
13072689831
13085756046
13098829040
13111949187
13124993080
13138031878
13151095752
13164108157
13177187118
13190264976
13203377627
13216450314
13229527209
13242608020
13255634685
13268659177
13281712479
13294740108
13307787963
13320856810
13333957619
13347064976
13360094364
13373103434
13386210148
13399242566
13412255323
13425313445
13438365370
13451453801
13464547617
13477607039
13490688891
13503784253
13516887112
13529950497
13543046654
13556081091
13569132817
13582238690
13595345206
13608448401
13621529213
13634613099
13647675306
13660747320
13673820925
13686876324
13699973965
13713066068
13726129284
13739222673
13752285629
13765369929
13778435655
13791461967
13804518483
13817553012
13830610261
13843702731
13856830407
13869940824
13883021222
13896132695
13909268250
13922320618
13935456954
13948509307
13961541235
13974639336
13987727675
14000810842
14013871305
14026934353
14040001915
14053045318
14066078760
14079133271
14092203618
14105267630
14118353291
14131414243
14144497595
14157610506
14170700007
14183745231
14196783677
14209835648
14222872197
14235941319
14249066669
14262108802
14275178062
14288270853
14301358274
14314407231
14327508575
14340564769
14353593698
14366669859
14379760202
14392794670
14405904199
14418983435
14432036018
14445096985
14458146723
14471200774
14484249333
14497347388
14510417031
14523476468
14536581668
14549648877
14562700191
14575747725
14588786522
14601839702
14614873910
14627933913
14641084936
14654156996
14667230923
14680341508
14693428853
14706476555
14719547620
14732581048
14745640194
14758720991
14771831821
14784874306
14797964205
14811059292
14824119280
14837144415
14850210997
14863263504
14876332305
14889431645
14902529760
14915622904
14928699921
14941751831
14954800986
14967773030
14980823747
14993914457
15006973145
15020032904
15033127699
15046175065
15059238480
15072331272
15085425853
15098466258
15111548966
15124597082
15137670366
15150707281
15163831193
15176875162
15189959049
15203023398
15216071666
15229088416
15242104417
15255142052
15268203203
15281269082
15294407085
15307465420
15320518156
15333544515
15346605131
15359619831
15372665177
15385703837
15398750361
15411816699
15424913958
15437965225
15451023178
15464090021
15477205349
15490245402
15503262642
15516301240
15529321250
15542402444
15555496444
15568548476
15581618883
15594668957
15607706745
15620734466
15633724181
15646769726
15659846391
15672928090
15686032999
15699082966
15712148416
15725212336
15738286584
15751310908
15764340327
15777397469
15790392616
15803458342
15816588021
15829626330
15842717851
15855818017
15868911803
15881959551
15895004102
15908044674
15921078423
15934159219
15947266316
15960294205
15973366341
15986431225
15999485277
16012544959
16025599837
16038671255
16051729361
16064808688
16077954877
16091012876
16104045477
16117105481
16130220182
16143275412
16156330733
16169387524
16182421181
16195483831
16208612210
16221653685
16234731498
16247824228
16260932932
16273972020
16287058171
16300117899
16313110200
16326170755
16339268534
16352341772
16365397185
16378474141
16391553759
16404596719
16417637857
16430707714
16443776484
16456853869
16469965372
16483036422
16496129367
16509201396
16522284089
16535312437
16548350363
16561419959
16574476750
16587544082
16600672951
16613707434
16626781330
16639893108
16652973078
16666017950
16679082987
16692096418
16705155733
16718252839
16731368626
16744462473
16757551317
16770636841
16783707753
16796735290
16809762613
16822769709
16835851928
16848955170
16862041244
16875115110
16888160410
16901192827
16914299940
16927302369
16940315019
16953356265
16966419068
16979488726
16992621588
17005620698
17018701310
17031806388
17044828952
17057855556
17070857251
17083916979
17097017298
17110063424
17123131430
17136175215
17149194811
17162250164
17175252119
17188273444
17201286507
17214328105
17227402506
17240495542
17253615843
17266744161
17279786967
17292859379
17305948406
17318979799
17332012140
17345048704
17358072064
17371119414
17384168126
17397097560
17410128065
17423191174
17436278029
17449325655
17462384603
17475518903
17488586205
17501676716
17514783691
17527858306
17540921859
17553972789
17567034675
17580080526
17593137576
17606176099
17619242727
17632352670
17645448384
17658528093
17671602295
17684651344
17697719640
17710727440
17723759674
17736802419
17749828594
17762919274
17776004049
17789066883
17802142186
17815195549
17828278304
17841290939
17854367328
17867418228
17880450279
17893544554
17906653962
17919726373
17932810796
17945881876
17958950754
17972022401
17985047933
17998107065
18011175422
18024263792
18037385072
18050475767
18063537637
18076588812
18089658440
18102697482
18115756399
18128806244
18141847627
18154907523
18168074091
18181145203
18194230176
18207288099
18220346817
18233402842
18246455915
18259524180
18272338665
18285364197
18298426894
18311548235
18324658285
18337690687
18350742153
18363795088
18376841750
18389942865
18402964633
18416082716
18429173793
18442325061
18455377568
18468418752
18481507443
18494546976
18507596759
18520658721
18533721937
18546801938
18559938028
18572976734
18586081980
18599155615
18612189685
18625257752
18638342480
18651400311
18664452466
18677562255
18690657449
18703731452
18716794623
18729857043
18742940777
18755975796
18769005765
18782031941
18795118122
18808183297
18821201930
18834313678
18847408198
18860463719
18873590094
18886631875
18899664522
18912724556
18925772442
18938855640
18951981816
18965069375
18978146775
18991213923
19004302645
19017336761
19030369362
19043409047
19056507867
19069594125
19082676757
19095714270
19108789650
19121859353
19134874665
19147939718
19161009498
19174045527
19187153985
19200265840
19213373090
19226486613
19239595332
19252678347
19265780563
19278803892
19291882623
19304925628
19317967164
19331033319
19344177059
19357292800
19370401993
19383479316
19396578549
19409619657
19422688779
19435728373
19448797296
19461924895
19475053351
19488100900
19501172746
19514240721
19527326428
19540399941
19553448944
19566489517
19579594196
19592711131
19605818136
19618886570
19631983707
19645033857
19658156850
19671191701
19684246579
19697291772
19710326913
19723418924
19736548848
19749608837
19762700894
19775807776
19788907743
19801927141
19815009834
19828046184
19841156754
19854272602
19867380755
19880417778
19893508718
19906547041
19919626568
19932665258
19945645243
19958677844
19971726449
19984810213
19997906264
20010985974
20024055065
20037122352
20050221125
20063271459
20076314480
20089375065
20102410359
20115467929
20128590173
20141630853
20154701643
20167780787
20180872737
20193899508
20206979188
20219994270
20233042524
20246143240
20259379179
20272521190
20285573115
20298616212
20311672804
20324763285
20337808677
20350847337
20363872609
20376942084
20390046090
20403106262
20416185742
20429220118
20442300088
20455356221
20468383819
20481430680
20494466478
20507497886
20520621859
20533679782
20546747787
20559853369
20572927250
20585973009
20599028147
20612053022
20625143059
20638231230
20651335221
20664396586
20677470543
20690531924
20703604795
20716650462
20729693636
20742731041
20755769395
20768858530
20781949776
20794999391
20808050994
20821115114
20834275791
20847294515
20860333680
20873405801
20886462898
20899515481
20912601357
20925674595
20938700372
20951749268
20964837132
20977903103
20990981053
21004012752
21017121103
21030209381
21043336368
21056391675
21069442391
21082500895
21095560195
21108593959
21121642181
21134682432
21147743645
21160818765
21173883848
21187002297
21200037851
21213136273
21226217299
21239253603
21252309138
21265330907
21278345516
21291419840
21304525407
21317605499
21330674530
21343731932
21356812606
21369843494
21382927166
21396001598
21409085041
21422169203
21435265391
21448319473
21461416671
21474463012
21487543594
21500602113
21513656058
21526680948
21539768522
21552845417
21565958572
21579025308
21592082970
21605121401
21618148173
21631148721
21644189354
21657230263
21670286931
21683338505
21696424595
21709489800
21722516205
21735572842
21748697519
21761708195
21774809493
21787858971
21800871544
21814029529
21827130062
21840212694
21853289237
21866324011
21879390823
21892426453
21905485952
21918534129
21931604352
21944681783
21957778445
21970903565
21983972412
21997046002
22010134280
22023186282
22036239706
22049164320
22062215511
22075285428
22088394407
22101476366
22114516770
22127619293
22140675639
22153720588
22166798446
22179833771
22192927970
22206037071
22219127246
22232235261
22245262706
22258316070
22271400507
22284456058
22297473711
22310534587
22323598875
22336730819
22349806229
22362872613
22375963721
22389044716
22402083560
22415093609
22428123211
22441163998
22454203683
22467216348
22480357320
22493423045
22506484625
22519592334
22532664898
22545708102
22558767280
22571813972
22584879652
22598004941
22611119244
22624180502
22637253067
22650317752
22663411094
22676459103
22689504709
22702531527
22715611191
22728709230
22741786232
22754895884
22767975701
22781053773
22794155010
22807159659
22820195932
22833265788
22846276296
22859333500
22872435120
22885514967
22898572951
22911676452
22924770636
22937794440
22950862430
22963854807
22976973609
22990110648
23003241567
23016306451
23029375665
23042426703
23055491082
23068552769
23081594504
23094612708
23107724502
23120834888
23133945642
23147041310
23160111151
23173177443
23186263701
23199306309
23212343867
23225382558
23238454832
23251522179
23264639741
23277705375
23290785804
23303891310
23316972137
23329999505
23343056586
23356115641
23369153184
23382285159
23395365603
23408439882
23421508989
23434561526
23447604195
23460669079
23473717623
23486739651
23499793627
23512910669
23526006903
23539101209
23552147672
23565230793
23578305898
23591351810
23604406306
23617428243
23630473145
23643589759
23656699809
23669779151
23682844999
23695879421
23708987956
23722026570
23735082336
23748133924
23761130463
23774220363
23787287053
23800355884
23813459064
23826500249
23839560482
23852598530
23865651373
23878675743
23891697022
23904782010
23917879637
23930978625
23944056116
23957133011
23970199195
23983250677
23996312317
24009349310
24022412312
24035494852
24048624869
24061686907
24074778566
24087835800
24100895789
24113930486
24127011894
24139856030
24152917778
24166013262
24179105181
24192223340
24205298506
24218364721
24231440774
24244492286
24257516243
24270516316
24283564371
24296632560
24309678043
24322790970
24335861805
24348925083
24362015411
24375071926
24388097031
24401138873
24414183332
24427220018
24440347066
24453391295
24466420622
24479550623
24492631113
24505678862
24518731077
24531766203
24544847933
24557957998
24571069715
24584162354
24597260500
24610347171
24623409087
24636441979
24649473999
24662507870
24675570291
24688650705
24701719965
24714841107
24727915539
24740920233
24754012335
24767052174
24780096678
24793150546
24806216502
24819248001
24832324085
24845404407
24858494261
24871595681
24884687708
24897732457
24910795184
24923838755
24936890986
24949984849
24963107613
24976183911
24989256032
25002345182
25015402676
25028472732
25041511744
25054540627
25067622540
25080653290
25093744322
25106849338
25119925713
25133013776
25146100295
25159146069
25172193267
25185234971
25198294577
25211362353
25224465258
25237528642
25250617716
25263702658
25276820496
25289863975
25302929380
25315951149
25329016844
25342099063
25355210031
25368277041
25381361999
25394439521
25407489534
25420551496
25433586652
25446607029
25459681536
25472789322
25485897276
25498961915
25512024122
25525099701
25538187076
25551228245
25564287820
25577311945
25590373540
25603450863
25616550325
25629597247
25642686963
25655782876
25668894670
25681928296
25695069420
25708094203
25721136810
25734220345
25747319073
25760366928
25773488820
25786367091
25799429420
25812479861
25825513854
25838547832
25851626640
25864735190
25877805582
25890884634
25903917694
25916963974
25929995366
25943041309
25956088522
25969120067
25982156080
25995198734
26008322798
26021373025
26034447273
26047540936
26060666791
26073669848
26086736997
26099781777
26112838047
26125930930
26139057902
26152119175
26165200583
26178246817
26191320437
26204370282
26217424318
26230472908
26243537241
26256612606
26269709758
26282797607
26295842647
26308907348
26322019540
26335071863
26348093172
26361164835
26374216148
26387275845
26400391923
26413454222
26426523114
26439593553
26452693091
26465743502
26478816388
26491851070
26504900562
26517984051
26531105729
26544162504
26557222293
26570299096
26583363705
26596403008
26609432870
26622478339
26635536522
26648630124
26661730764
26674838351
26687898951
26700950524
26714023900
26727062682
26740096094
26753151615
26766193549
26779236065
26792349373
26805421479
26818493508
26831593659
26844673338
26857723734
26870814750
26883835647
26896894258
26910008301
26923114128
26936165502
26949203137
26962265099
26975327811
26988389314
27001423062
27014449085
27027511062
27040572519
27053645527
27066734142
27079803585
27092838742
27105911398
27118959223
27132017482
27145056311
27158074683
27171141250
27184231165
27197297350
27210371796
27223418214
27236506843
27249572049
27262616446
27275650409
27288678160
27301775894
27314889631
27327933600
27341015085
27354067178
27367133179
27380180376
27393246240
27406300812
27419375457
27432457003
27445524749
27458571594
27471587916
27484665224
27497742853
27510790433
27523838824
27536870691
27549901777
27562956165
27576034804
27589097026
27602152731
27615197939
27628286217
27641309669
27654379587
27667387096
27680417096
27693502191
27706603811
27719661397
27732753194
27745818170
27758899395
27771961280
27784997752
27798033214
27811072456
27824138442
27837221028
27850300615
27863358293
27876408841
27889485598
27902517190
27915574149
27928594724
27941619186
27954690909
27967827290
27980902563
27993969390
28007033693
28020055446
28033112038
28046206023
28059187017
28072208113
28085304102
28098399035
28111649248
28124804418
28137870587
28150958391
28163998979
28177067611
28190108031
28203140357
28216238564
28229320615
28242414738
28255482422
28268526712
28281622242
28294663182
28307703571
28320734917
28333763464
28346853991
28359930641
28373009647
28386054733
28399138712
28412211858
28425259346
28438322578
28451351798
28464416177
28477503445
28490525856
28503633841
28516680564
28529735013
28542823949
28555859549
28568898561
28581938124
28594995373
28608096228
28621182532
28634302313
28647370119
28660351175
28673428850
28686466163
28699509459
28712562012
28725567241
28738608701
28751727900
28764757671
28777828583
28790893161
28803970485
28817052826
28830131220
28843155330
28856216496
28869294431
28882391491
28895462496
28908524381
28921585348
28934609795
28947671619
28960691031
28973716809
28986791332
28999858052
29012945580
29026042778
29039094000
29052154737
29065227425
29078274821
29091340516
29104369950
29117406024
29130456618
29143553847
29156630787
29169710666
29182777631
29195843693
29208885994
29221945462
29234976304
29248032636
29261135127
29274229280
29287330380
29300398829
29313465090
29326541281
29339662117
29352683366
29365733271
29378803495
29391906308
29405014965
29418103809
29431140083
29444211194
29457283667
29470299270
29483361507
29496409990
29509451541
29522528390
29535642785
29548742416
29561837472
29574924893
29588015221
29601050224
29614123034
29627159047
29640210696
29653317441
29666403807
29679498740
29692576706
29705607257
29718643500
29731711627
29744765725
29757832751
29770906494
29783982318
29797083784
29810156074
29823253516
29836324184
29849381097
29862417079
29875454133
29888468558
29901535737
29914590798
29927728740
29940797587
29953851593
29966944996
29980027093
29993081726
30006154230
30019181889
30032249374
30045391340
30058508673
30071595283
30084686177
30097740060
30110812579
30123854284
30136899844
30149954416
30163028006
30176133650
30189237197
30202337042
30215430476
30228492652
30241557062
30254597374
30267620795
30280673975
30293737497
30306811944
30319922835
30332988944
30346073748
30359130417
30372184514
30385189147
30398238456
30411255665
30424344800
30437446603
30450560386
30463681804
30476758989
30489806707
30502818393
30515809577
30528869642
30541888029
30554967907
30568065518
30581156504
30594268329
30607337589
30620390111
30633486467
30646525571
30659551210
30672578227
30685622120
30698668996
30711777286
30724833816
30737876103
30750935280
30764012435
30777042588
30790087108
30803089553
30816155248
30829248911
30842329860
30855438181
30868485532
30881532897
30894592105
30907638186
30920689377
30933653969
30946709536
30959782483
30972860556
30985943157
30998898677
31011977775
31025071561
31038118667
31051158826
31064196063
31077233530
31090306446
31103384229
31116451576
31129514548
31142573205
31155658499
31168684307
31181675553
31194716431
31207724705
31220814819
31233897910
31246969542
31260055173
31273104834
31286200165
31299250162
31312246686
31325259948
31338354789
31351449034
31364559237
31377624611
31390679137
31403763544
31416869754
31429907756
31442964470
31456010458
31469059859
31482135652
31495233997
31508280292
31521379173
31534453864
31547541377
31560587687
31573684273
31586720286
31599694044
31612767832
31625849761
31638890456
31652023670
31665084851
31678147211
31691183913
31704227361
31717280174
31730328733
31743387711
31756489147
31769618108
31782684033
31795764829
31808843957
31821877813
31834938643
31847989114
31861027851
31874022110
31887135679
31900208045
31913218400
31926316026
31939405176
31952440853
31965489335
31978515771
31991530241
32004629321
32017723841
32030783799
32043894063
32056956698
32070035260
32083082182
32096137963
32109223257
32122274571
32135363506
32148456680
32161531509
32174612244
32187676440
32200760725
32213794489
32226844318
32239874211
32252925203
32265984900
32279075182
32292134788
32305216212
32318321304
32331386601
32344397997
32357434790
32370475271
32383521765
32396618687
32409708984
32422780386
32435877768
32448932585
32462001615
32475030330
32488077252
32501113357
32514182954
32527285950
32540367695
32553471303
32566551641
32579610252
32592712973
32605743830
32618785626
32631804611
32644842490
32657878412
32670955230
32684021522
32697124656
32710227928
32723326564
32736358079
32749430506
32762450515
32775497911
32788595614
32801697524
32814751301
32827846050
32840864331
32853948447
32867002239
32880056015
32893088525
32906141322
32919199168
32932279505
32945403723
32958502726
32971564764
32984667853
32997705579
33010753909
33023755589
33036786828
33049845792
33062910140
33075985153
33089056341
33102144252
33115251440
33128297995
33141286333
33154284586
33167333742
33180443164
33193520487
33206553058
33219616382
33232655608
33245715030
33258758234
33271773148
33284813553
33297863183
33310966409
33324032196
33337094616
33350159042
33363223513
33376322378
33389388119
33402442921
33415467398
33428507083
33441564179
33454652656
33467705775
33480794925
33493865179
33506966646
33519997212
33533062647
33546101016
33559108740
33572210053
33585303640
33598355733
33611458470
33624471625
33637545337
33650613373
33663668098
33676717728
33689801232
33702903739
33716005695
33729077434
33742139319
33755202000
33768297179
33781337981
33794396148
33807412700
33820445974
33833502244
33846635535
33859684599
33872763008
33885847492
33898943634
33911996829
33925056695
33938098629
33951140716
33964228214
33977339625
33990417545
34003526876
34016604918
34029667507
34042625750
34055663645
34068689882
34081757964
34094826397
34107893194
34120968421
34134039854
34147101800
34160216287
34173289647
34186342506
34199409486
34212415328
34225455074
34238573554
34251612428
34264685330
34277744369
34290831530
34303878712
34316957550
34329977452
34343031887
34356090421
34369172824
34382238932
34395341730
34408387566
34421391403
34434457679
34447513001
34460545097
34473597466
34486692644
34499800093
34512875274
34525934788
34538994730
34552097329
34565168456
34578227511
34591291171
34604300914
34617369133
34630449012
34643490043
34656604316
34669680889
34682755473
34695800712
34708880637
34721904899
34734938679
34748029496
34761129004
34774211744
34787264388
34800333250
34813398716
34826456088
34839511027
34852564971
34865636037
34878720153
34891803657
34904877094
34917941994
34931006174
34944089786
34957125171
34970171068
34983216613
34996256207
35009318612
35022440565
35035506368
35048616111
35061697611
35074794105
35087849519
35100902913
35113933800
35126980248
35140069306
35153174399
35166225467
35179318733
35192407868
35205451684
35218511198
35231551740
35244602915
35257673139
35270738788
35283879407
35296964426
35310024001
35323084709
35336144911
35349177390
35362243207
35375281653
35388316687
35401382030
35414542050
35427603706
35440657681
35453734163
35466830703
35479859234
35492949470
35505980740
35519021833
35532130536
35545231957
35558313304
35571412782
35584465487
35597537317
35610580858
35623624781
35636666348
35649720981
35662812044
35675927433
35689017884
35702088215
35715154690
35728256907
35741287947
35754315698
35767359377
35780404279
35793470403
35806589143
35819654103
35832735160
35845817486
35858919870
35871933347
35885016790
35898056460
35911117611
35924216522
35937278010
35950357306
35963648768
35976727055
35989796728
36002813448
36015848757
36028897072
36041920921
36055021026
36068117994
36081175014
36094246646
36107286576
36120331968
36133362993
36146381717
36159434514
36172480626
36185539680
36198656141
36211695520
36224772904
36237855965
36250936853
36263998264
36277046961
36290047815
36303104835
36316206378
36329303958
36342386269
36355458711
36368533663
36381596726
36394647718
36407685980
36420709172
36433745476
36446822156
36459922169
36473000885
36486065937
36499098951
36512177774
36525216771
36538256578
36551304189
36564338427
36577390230
36590500356
36603530662
36616607511
36629748910
36642812157
36655847574
36668895368
36681925261
36694945179
36708042529
36721170006
36734235318
36747259428
36760352449
36773407664
36786467346
36799511269
36812504213
36825564430
36838652953
36851782694
36864864286
36877922208
36890982809
36904080328
36917104590
36930161886
36943213979
36956250681
36969334736
36982421239
36995490591
37008563247
37021629141
37034752349
37047810731
37060873657
37073921114
37086929113
37100012633
37113103221
37126144589
37139247264
37152306992
37165349676
37178405472
37191440200
37204480482
37217541663
37230564748
37243695208
37256730242
37269773538
37282826932
37295886966
37308949586
37321990128
37335001079
37348026979
37361091389
37374190668
37387243373
37400331360
37413462998
37426604826
37439606751
37452673823
37465777630
37478812909
37491892650
37504968443
37518054410
37531144647
37544216446
37557293310
37570341181
37583388990
37596422372
37609476225
37622531394
37635649690
37648694057
37661758482
37674818975
37687877984
37700931745
37713960476
37727006067
37740053692
37753091496
37766207069
37779253761
37792317850
37805479323
37818574455
37831621194
37844672369
37857699049
37870735659
37883819439
37896781966
37909855892
37922958001
37935943004
37949013626
37961984461
37975008127
37988051805
38001097534
38014134266
38027150986
38040242400
38053327802
38066438739
38079511105
38092555028
38105572192
38118630864
38131647615
38144685525
38157801067
38170858562
38183937445
38197040610
38210136247
38223164060
38236215924
38249262509
38262311527
38275383709
38288488190
38301532480
38314553117
38327623173
38340705330
38353736646
38366760297
38379778317
38392770068
38405845677
38418943089
38431991709
38445082114
38458125349
38471229783
38484251277
38497297587
38510348869
38523361887
38536428240
38549525820
38562587139
38575660806
38588730264
38601842089
38614883977
38627860183
38640896242
38653930801
38667006656
38680146648
38693207034
38706267695
38719323384
38732385468
38745428274
38758469949
38771521384
38784573615
38797679687
38810759351
38823838908
38836895316
38849955029
38863055378
38876087964
38889137946
38902191891
38915228531
38928281833
38941367939
38954425831
38967506183
38980591615
38993664012
39006710934
39019791684
39032837642
39045847523
39058925427
39072010875
39085056940
39098133835
39111176871
39124222446
39137265574
39150286103
39163325314
39176327912
39189344769
39202474174
39215532693
39228551065
39241591424
39254631598
39267611644
39280667394
39293704845
39306730409
39319779672
39332878935
39345937837
39358992638
39372043492
39385140491
39398148337
39411210865
39424243680
39437270529
39450362142
39463478802
39476524851
39489591648
39502627003
39515739761
39528774229
39541795615
39554851243
39567905846
39580970133
39594104923
39607174428
39620223798
39633263208
39646315408
39659373300
39672403224
39685459219
39698503509
39711536631
39724643911
39737717547
39750777612
39763856266
39776946502
39789958341
39803028336
39816060080
39829080395
39842147819
39855221348
39868283937
39881334256
39894370835
39907461163
39920521381
39933580267
39946608447
39959668160
39972731713
39985787723
39998837919
40011924774
40024956503
40038044429
40051124812
40064180486
40077193014
40090141495
40103199709
40116291597
40129337693
40142416883
40155516651
40168548120
40181599479
40194662053
40207716487
40220764572
40233827957
40246932499
40260019644
40273116429
40286182461
40299270525
40312309842
40325369509
40338378074
40351436609
40364529339
40377587170
40390667997
40403751562
40416798607
40429872227
40442887356
40455917937
40468955037
40481946374
40494987436
40508100821
40521132612
40534229718
40547280832
40560366585
40573401910
40586445818
40599499303
40612543028
40625616067
40638709348
40651764119
40664836898
40677879352
40690917936
40703973104
40717041324
40730042835
40743139176
40756194590
40769286448
40782356978
40795391675
40808432217
40821528512
40834464616
40847528139
40860529788
40873587451
40886672485
40899756708
40912823612
40925926976
40938991539
40952065848
40965078666
40978126384
40991183909
41004211109
41017292318
41030380520
41043437876
41056530224
41069590916
41082634457
41095697734
41108747609
41121807383
41134870156
41147943103
41161038863
41174132848
41187204479
41200267895
41213323553
41226323672
41239334945
41252361365
41265381038
41278402424
41291534751
41304586248
41317667533
41330736380
41343818339
41356851644
41369930574
41382959396
41395989870
41409082845
41422148235
41435223064
41448319175
41461374451
41474453794
41487574921
41500616916
41513666026
41526725968
41539815853
41552911827
41566003333
41579082691
41592146091
41605220201
41618275140
41631315192
41644332968
41657353207
41670406998
41683510745
41696583202
41709617257
41722706346
41735775912
41748820539
41761888269
41774903367
41787964778
41801050378
41814154813
41827219758
41840308648
41853374542
41866413707
41879469809
41892522071
41905548170
41918599758
41931667167
41944744628
41957858763
41970925299
41983976444
41997001869
42010025918
42023069244
42036114866
42049138088
42062177712
42075289368
42088329742
42101419183
42114498587
42127559676
42140602682
42153684059
42166707924
42179761716
42192860107
42205926950
42218961234
42232065577
42245116324
42258211747
42271258363
42284317923
42297359765
42310441525
42323526621
42336615679
42349724183
42362807963
42375837688
42388918117
42401939916
42414985737
42428039544
42441062200
42454140227
42467234808
42480310433
42493389653
42506449596
42519514097
42532540777
42545596420
42558644291
42571708793
42584787554
42597867753
42610923611
42624007115
42637105093
42650144258
42663230975
42676272175
42689321071
42702404881
42715494031
42728595084
42741698754
42754766438
42767869343
42780946544
42793974922
42807001526
42820032704
42833080559
42846145459
42859223654
42872304817
42885368325
42898452670
42911534017
42924559519
42937584455
42950616261
42963647669
42976746396
42989851611
43002870840
43015949464
43029013981
43042059312
43055133208
43068181843
43081216372
43094289366
43107336425
43120431481
43133503526
43146546424
43159647982
43172680124
43185702995
43198778849
43211798491
43224853935
43237909440
43250998958
43264066917
43277162478
43290241469
43303307852
43316345487
43329424463
43342438199
43355453236
43368547190
43381651961
43394705172
43407771448
43420851311
43433938564
43446997588
43460047616
43473089887
43486145193
43499232752
43512302257
43525372802
43538433004
43551490055
43564578103
43577624138
43590667311
43603703401
43616749711
43629759347
43642845819
43655902794
43668980316
43682091008
43695159885
43708181241
43721275884
43734301325
43747432672
43760506155
43773630036
43786690896
43799772794
43813034100
43826093522
43839153143
43852186891
43865220594
43878323790
43891418646
43904488595
43917542142
43930603874
43943686690
43956757174
43969746293
43982791333
43995856599
44008892169
44021927463
44035016123
44048070634
44061130469
44074224714
44087304378
44100362714
44113430459
44126468706
44139502394
44152592921
44165667015
44178721725
44191798559
44204879814
44217943489
44230975800
44244061400
44257101223
44270167653
44283258822
44296343550
44309416452
44322472737
44335549724
44348675793
44361717911
44374765445
44387808572
44400854836
44413910663
44426997380
44440048739
44453136405
44466198199
44479286431
44492320302
44505377475
44518360412
44531384277
44544487763
44557573593
44570620408
44583660154
44596728221
44609778723
44622849115
44635955218
44648993908
44662046598
44675137278
44688237200
44701341114
44714369982
44727480567
44740563689
44753595327
44766664770
44779686967
44792731900
44805822045
44818906758
44831971198
44845034583
44858141328
44871215224
44884280598
44897325531
44910361881
44923410792
44936503721
44949577831
44962634759
44975705427
44988770403
45001817523
45014862013
45027926377
45040960722
45054012846
45067092893
45080191008
45093320719
45106257802
45119337359
45132406986
45145379718
45158433143
45171465698
45184565895
45197628515
45210642052
45223712154
45236768454
45249871390
45262955980
45275965616
45289028114
45302040366
45315074329
45328175229
45341179877
45354207032
45367272237
45380315579
45393378581
45406431531
45419472211
45432545724
45445619865
45458713728
45471787272
45484844934
45497914577
45511007506
45524063700
45537117017
45550163419
45563219842
45576255228
45589296321
45602400816
45615467827
45628509440
45641591338
45654667728
45667700360
45680790213
45693796896
45706851912
45719945117
45733045160
45746111865
45759179442
45772270214
45785331426
45798387758
45811437051
45824467403
45837541972
45850639782
45863714443
45876742408
45889800408
45902882397
45915955819
45929000660
45942033047
45955090480
45968136117
45981176261
45994310469
46007368423
46020445853
46033536242
46046583516
46059631846
46072694022
46085672889
46098760693
46111819212
46124834693
46137883833
46150925263
46164000658
46177050089
46190093676
46203197652
46216233466
46229325446
46242392931
46255484728
46268626786
46281680333
46294712781
46307757714
46320564288
46333624460
46346648554
46359686281
46372769143
46385865285
46398940925
46412019656
46425099702
46438175648
46451221193
46464270150
46477297136
46490349704
46503365980
46516453906
46529511201
46542576300
46555659100
46568441638
46581499393
46594568668
46607620670
46620723819
46633825974
46646910351
46660000617
46673049268
46686130738
46699224631
46712247180
46725292251
46738344375
46751366572
46764433659
46777520116
46790595160
46803670341
46816743196
46829828736
46842857145
46855910860
46868994303
46882027944
46895145889
46908230801
46921260220
46934340083
46947404263
46960446748
46973497357
46986471360
46999558444
47012629158
47025708623
47038831509
47051893823
47064952985
47078023316
47091114684
47104169991
47117207580
47130248673
47143315240
47156401957
47169527873
47182611622
47195699426
47208834353
47221933035
47234959685
47248034116
47261056374
47274088410
47287179304
47300262900
47313294109
47326364608
47339435811
47352490506
47365510882
47378569784
47391653319
47404718081
47417815125
47430907871
47443963774
47457034717
47470112744
47483225747
47496272715
47509305117
47522358710
47535419019
47548469246
47561581009
47574650147
47587713639
47600807562
47613874420
47626902829
47639975287
47652990171
47666062659
47679179487
47692253934
47705326177
47718384192
47731434066
47744514801
47757531797
47770587302
47783650212
47796707584
47809783316
47822856554
47835915640
47848974832
47862030797
47875099001
47888134662
47901195155
47914300401
47927390545
47940410524
47953585691
47966684862
47979783100
47992865075
48005924497
48018973132
48032031055
48045053895
48058127362
48071259398
48084385284
48097454268
48110514547
48123577228
48136605729
48149643150
48162692428
48175743879
48188835966
48201924060
48214992525
48228067446
48241132651
48254170653
48267253944
48280304369
48293265703
48306288375
48319291906
48332357968
48345496216
48358561100
48371629274
48384707316
48397778580
48410790343
48423816411
48436874930
48449909383
48462911721
48476010601
48489067728
48502119302
48515199195
48528211356
48541280279
48554330322
48567399291
48580450161
48593514173
48606620918
48619711812
48632787621
48645892851
48658959036
48671983956
48685026227
48698110251
48711109881
48724162984
48737271764
48750355988
48763422876
48776490117
48789588033
48802615050
48815684815
48828714004
48841752358
48854829253
48867938232
48880970037
48894032428
48907081507
48920126777
48933157006
48946192637
48959234464
48972336390
48985402131
48998499435
49011586107
49024646294
49037739636
49050803786
49063821607
49076868407
49089871923
49102922670
49115957382
49129039953
49142107010
49155220350
49168307312
49181417973
49194443797
49207523537
49220559214
49233605952
49246705980
49259802000
49272898112
49285968611
49299059184
49312096773
49325119200
49338172532
49351253589
49364335349
49377419082
49390508707
49403582465
49416669473
49429756129
49442847375
49455887886
49468931045
49481977401
49495051388
49508098647
49521202852
49534287183
49547358936
49560488111
49573574568
49586613075
49599648477
49612675998
49625719478
49638801942
49651824521
49664890476
49677976260
49691044006
49704111567
49717080291
49730127121
49743199426
49756278906
49769379195
49782429100
49795517807
49808623481
49821707796
49834805927
49847869189
49860889857
49874007495
49887068707
49900099733
49913217188
49926272310
49939319232
49952425626
49965507432
49978556037
49991616530
50004654180
50017687194
50030743908
50043835414
50056890797
50069944161
50082975691
50095928885
50108975470
50122034862
50135073124
50148169786
50161268774
50174335357
50187401679
50200475131
50213543443
50226659475
50239719371
50252760342
50265795574
50278818215
50291853892
50304902221
50317949358
50331027736
50344113031
50357201676
50370235455
50383287227
50396290590
50409276144
50422372072
50435472574
50448524515
50461615501
50474700657
50487675119
50500703482
50513758574
50526814661
50539891050
50552978074
50566057019
50579140982
50592204168
50605223443
50618306519
50631327446
50644401342
50657427655
50670459170
50683528231
50696619278
50709657555
50722734527
50735827961
50748915382
50761954225
50775026392
50788076634
50801100515
50814211513
50827288515
50840327848
50853400398
50866460738
50879514055
50892558713
50905633695
50918667352
50931749265
50944798834
50957883531
50971187769
50984252179
50997344236
51010445901
51023485602
51037832396
51052218680
51065310921
51078369303
51091494239
51104536938
51117632361
51130729039
51143824263
51156858532
51169921351
51182956920
51196007116
51209148210
51222221922
51235222011
51248280714
51261332547
51274401241
51287461627
51300482386
51313781024
51326862111
51339885639
51353887113
51367473038
51380874216
51395001058
51409402688
51424112384
51437152650
51450177907
51463206010
51476272975
51489367970
51502434491
51515501334
51528582467
51541681149
51554721140
51567800987
51580850648
51593865669
51606929636
51620020912
51633085276
51646242297
51659374593
51672714480
51685768929
51698772981
51711761977
51724872302
51737964466
51751037704
51764094143
51777167580
51790225732
51803320971
51816361131
51829391942
51842448212
51855493023
51868553944
51881634450
51894674731
51907745843
51920832024
51933907710
51946951374
51960032904
51973067938
51986134169
51999211981
52012231011
52025263169
52038327365
52051385976
52064450585
52077481518
52090531898
52103562021
52116629582
52129711954
52142775309
52155837806
52168876481
52181920787
52195002363
52208051198
52221067948
52234094016
52247077704
52260149855
52273245171
52286269816
52299366234
52312481623
52325548038
52338579369
52351623445
52364658158
52377707665
52390813584
52403910185
52416933040
52429965917
52443024084
52456102341
52469151114
52482205701
52495240429
52508347434
52521425783
52534515422
52547582403
52560622654
52573668413
52586777422
52599781917
52612828105
52625863965
52638888641
52651984431
52665029991
52678077219
52691149386
52704210660
52717283913
52730315535
52743353185
52756409716
52769433351
52782503682
52795612324
52808656615
52821722799
52834777157
52847817286
52860878422
52873904520
52886942859
52900059258
52913155737
52926265007
52939323740
52952385641
52965434843
52978536860
52991572368
53004617179
53017671751
53030704643
53043771501
53056881183
53069956471
53083017837
53096118553
53109212967
53122241100
53135290730
53148292211
53161368402
53174487418
53187558682
53200618670
53213696330
53226770960
53239815434
53252846108
53265878127
53278919159
53292000766
53305125718
53318213369
53331195051
53344253846
53357289110
53370395166
53383431011
53396503086
53409543827
53422588362
53435634106
53448732757
53461778455
53474856039
53487940568
53501004963
53514004210
53527140882
53540149829
53553190692
53566314038
53579384629
53592449819
53605500015
53618566154
53631648235
53644673921
53657702636
53670764705
53683768710
53696891276
53709971292
53723035870
53736113315
53749162226
53762261352
53775310737
53788249305
53801299562
53814361952
53827219200
53840316199
53853363305
53866482274
53879580314
53892698488
53905718818
53918758534
53931771184
53944819299
53957915625
53970984212
53984020883
53997096921
54010175422
54023242035
54036272112
54049351898
54062345530
54075351693
54088447483
54101535899
54114622387
54127677601
54140732892
54153839423
54166849763
54179885868
54192921238
54205952401
54218998650
54232077151
54245145447
54258210163
54271274160
54284361107
54297413277
54310447163
54323486527
54336526748
54349608477
54362702952
54375740847
54388808974
54401872619
54414920612
54428017305
54441093343
54454105748
54467173264
54480269406
54493343623
54506414704
54519471693
54532530565
54545588962
54558604289
54571665746
54584668926
54597697472
54610763351
54623814878
54636900769
54649950782
54662982985
54676107570
54689134801
54702166255
54715212106
54728217626
54741323988
54754405335
54767449090
54780539923
54793590976
54806677541
54819727783
54832746935
54845780194
54858846272
54871897019
54884984073
54898083091
54911125867
54924199380
54937283818
54950311309
54963339611
54976364164
54989402365
55002462308
55015577835
55028664828
55041741921
55054830306
55067913841
55080965628
55094037933
55107049788
55120123026
55133204112
55146286607
55159351308
55172432517
55185473870
55198556624
55211611625
55224522897
55237556217
55250601487
55263670578
55276723988
55289790310
55302862401
55315947037
55329011982
55342064718
55355108779
55368148923
55381216653
55394294099
55407416878
55420484073
55433548972
55446645084
55459739696
55472774883
55485864247
55498862974
55511942118
55525000744
55538098218
55551169574
55564229975
55577297154
55590384239
55603421063
55616494316
55629539111
55642593821
55655694385
55668770866
55681833945
55694914129
55707984843
55721085667
55734129024
55747152797
55760204202
55773242678
55786299897
55799377251
55812355017
55825450348
55838537295
55851612323
55864636096
55877691448
55890713538
55903780825
55916852089
55929906064
55942964721
55956085053
55969137009
55982202642
55995217496
56008297450
56021316741
56034363632
56047469229
56060564117
56073635595
56086692034
56099723534
56112865729
56125890573
56138911653
56151982458
56165008450
56178072003
56191180309
56204205092
56217293385
56230354796
56243422541
56256454515
56269396357
56282449414
56295492037
56308581661
56321661570
56334700811
56347755643
56360817024
56373881571
56386916162
56399957912
56412979559
56426070698
56439149704
56452268000
56465371287
56478440043
56491506120
56504597412
56517621354
56530656158
56543712964
56556745290
56569821557
56582910309
56595953865
56609028587
56622127606
56635191970
56648200749
56661255015
56674301065
56687368887
56700442339
56713531060
56726574264
56739619519
56752683317
56765744284
56778810377
56791846421
56804873988
56817947930
56831017374
56844112827
56857201151
56870236674
56883302966
56896379876
56909412539
56922453356
56935490578
56948549663
56961619489
56974733838
56987783010
57000851076
57013926196
57027005141
57040024293
57053112556
57066145234
57079179426
57092257943
57105331334
57118379724
57131443966
57144482228
57157560041
57170661293
57183682236
57196709635
57209790538
57222878174
57235996807
57249067230
57262116462
57275158350
57288218247
57301264480
57314311983
57327330310
57340362727
57353408777
57366502181
57379575755
57392631643
57405710068
57418781806
57431814836
57444883300
57457931385
57470965975
57484062255
57497143067
57510182874
57523252563
57536313928
57549396101
57562462668
57575507984
57588522929
57601596901
57614672358
57627791174
57640854069
57653927843
57666967849
57680017005
57693070521
57706082192
57719116905
57732159803
57745194057
57758318060
57771349636
57784378290
57797445132
57810435812
57823465139
57836505222
57849484686
57862531883
57875644687
57888725407
57901787063
57914827452
57927877893
57940921770
57954001526
57967057918
57980060623
57993125186
58006216341
58019306929
58032355151
58045406480
58058436051
58071520107
58084568100
58097569198
58110598265
58123642555
58136694404
58149788863
58162853395
58175917729
58188983210
58202036910
58215094756
58228109532
58241126145
58254164637
58267246565
58280338592
58293396560
58306442870
58319514639
58332555518
58345595111
58358645874
58371679898
58384849403
58397924508
58411027336
58424114405
58437162781
58450209703
58463327112
58476337161
58489373082
58502410824
58515439707
58528482774
58541550427
58554580412
58567651524
58580682763
58593777314
58606813312
58619849157
58632887970
58645929919
58658969451
58672065226
58685072674
58698159881
58711203360
58724235900
58737289860
58750320549
58763343282
58776388919
58789444638
58802559615
58815654104
58828711017
58841786351
58854882906
58867898892
58880946961
58893973091
58907020640
58920077553
58933126066
58946197315
58959274669
58972336248
58985428841
58998448926
59011492605
59024540613
59037570766
59050657943
59063749969
59076806346
59089890769
59102961023
59116009536
59129047829
59142079880
59155105917
59168150299
59181185808
59194281644
59207337945
59220400656
59233457569
59246515553
59259557625
59272582668
59285612790
59298661258
59311703513
59324796366
59337845935
59350917673
59364005691
59377085416
59390126035
59403163073
59416190549
59429253505
59442334714
59455400685
59468461851
59481504061
59494553492
59507664888
59520808430
59533865098
59546886071
59560006800
59573074744
59586168240
59599283002
59612329098
59625434986
59638520204
59651570400
59664573426
59677582389
59690631438
59703692665
59716796182
59729864325
59742917642
59756024693
59769080780
59782106756
59795168994
59808182454
59821215652
59834334836
59847414133
59860465645
59873530912
59886607898
59899704867
59912745669
59925790357
59938769087
59951823858
59964898549
59977928396
59991011074
60004095588
60017138594
60030232043
60043267689
60056279207
60069306713
60082334801
60095408039
60108513896
60121567260
60134634699
60147727506
60160800866
60173829336
60186908205
60199902984
60212957985
60226024552
60239100360
60252153632
60265219633
60278281870
60291352997
60304432324
60317480791
60330487184
60343534549
60356617044
60369701527
60382812143
60395875054
60408923536
60422053032
60435075459
60448110860
60461156482
60474184952
60487248291
60500314889
60513379681
60526450211
60539538137
60552626094
60565690305
60578758692
60591791753
60604820559
60617918844
60631027975
60644052406
60657087012
60670109607
60683156590
60696215477
60709279994
60722295030
60735354590
60748431730
60761527780
60774681251
60787715811
60800761386
60813867810
60826809346
60839825821
60852861895
60865828737
60878811965
60891895026
60904950577
60918045954
60931056936
60944135682
60957165330
60970238798
60983266518
60996306387
61009375800
61022481046
61035527172
61048575578
61061617436
61074678067
61087750402
61100765133
61113797902
61126895559
61139950498
61153030667
61166083663
61179128030
61192160892
61205250210
61218301431
61231371533
61244389339
61257441830
61270519015
61283634252
61296688074
61309750908
61322814798
61335922247
61348948621
61361995788
61375017159
61388029044
61401110391
61414160648
61427214378
61440260535
61453295003
61466357439
61479408385
61492431852
61505467942
61518542695
61531601734
61544687243
61557783110
61570883260
61583965265
61597057292
61610105728
61623167950
61636200965
61649252584
61662304341
61675413228
61688453647
61701544449
61714631565
61727631516
61740679264
61753754690
61766773215
61779835299
61792933017
61806036503
61819117957
61832173294
61845243365
61858320826
61871323225
61884382754
61897412479
61910434554
61923542110
61936573303
61949655431
61962723298
61975749045
61988885640
62001927315
62014946054
62028009010
62041034742
62054078711
62067159721
62080114996
62093171114
62106233886
62119308058
62132337216
62145377712
62158375323
62171389640
62184478347
62197559586
62210575449
62223655603
62236700658
62249739242
62262753345
62275800742
62288770980
62301840347
62314913050
62327988399
62341062433
62354118137
62367078675
62380142075
62393169214
62406194747
62419234769
62432235485
62445323319
62458416370
62471463767
62484533822
62497577791
62510672786
62523714062
62536740329
62549770788
62562773723
62575857824
62588931322
62601942335
62615031776
62628085736
62641144026
62654194344
62667218041
62680225994
62693278623
62706349520
62719456050
62732546394
62745602848
62758653687
62771734682
62784739177
62797807243
62810852238
62823896008
62836971342
62850053867
62863123142
62876196717
62889240977
62902335726
62915382863
62928394977
62941422912
62954426826
62967512961
62980597644
62993630214
63006706191
63019756372
63032795721
63045872585
63058902417
63071924048
63085006389
63098082580
63111207823
63124266908
63137349081
63150415343
63163504737
63176520539
63189578768
63202628520
63215695317
63228750348
63241836622
63254892295
63267953538
63281046574
63294146067
63307191842
63320269930
63333289159
63346345888
63359430907
63372536061
63385619244
63398685367
63411720065
63424797954
63437825690
63450852033
63463877091
63476929766
63489985287
63503057576
63516132023
63529200151
63542238382
63555327838
63568387612
63581440410
63594483216
63607524217
63620593829
63633666455
63646724500
63659795427
63672845807
63685917867
63698950025
63712018076
63725050172
63738090607
63751171878
63764232524
63777309709
63790365199
63803400095
63816489092
63829520102
63842546553
63855580149
63868617324
63881729287
63894786536
63907862161
63920952566
63933994576
63947081691
63960110605
63973127723
63986163705
63999165523
64012214633
64025341314
64038399604
64051490835
64064575685
64077642681
64090681065
64103733266
64116767550
64129822000
64142922977
64156024122
64169069958
64182131216
64195180769
64208243007
64221288597
64234335198
64247348965
64260402344
64273486016
64286528700
64299615356
64312686819
64325694298
64338771682
64351782955
64364817561
64377868078
64390889755
64403990273
64417124206
64430136459
64443230275
64456286499
64469383330
64482426014
64495451026
64508479986
64521511700
64534568123
64547664648
64560712916
64573745762
64586804878
64599864652
64612884402
64625919650
64638954301
64652008276
64665082539
64678156619
64691250175
64704331446
64717395749
64730453962
64743486930
64756528513
64769550511
64782592614
64795650138
64808721372
64821773680
64834846321
64847894620
64860984918
64874035144
64887069367
64900107171
64913122253
64926224898
64939307683
64952363112
64965423789
64978487724
64991554108
65004602407
65017635360
65030682083
65043738476
65056807889
65069874180
65082944267
65095989093
65109063646
65122138889
65135152594
65148194697
65161250080
65174262439
65187338508
65200431299
65213500773
65226550923
65239627313
65252720196
65265767547
65278833074
65291854552
65304898031
65317980266
65331050643
65344087008
65357163137
65370217663
65383260745
65396305785
65409315054
65422375639
65435443981
65448499348
65461597357
65474654928
65487741783
65500803944
65513880027
65526947559
65539985025
65553005004
65566054909
65579116213
65592266426
65605296013
65618276762
65631371726
65644476666
65657527918
65670653007
65683666239
65696641633
65709758002
9828612
22896434
35955015
49026784
62112063
75177605
88215929
101241018
114278729
127392420
140461512
153559429
166629806
179701085
192789669
205848357
218888241
231929012
244961262
258016277
271116183
284166884
297242310
310334734
323408141
336488784
349550776
362569057
375610088
388656689
401763939
414821433
427880534
440983377
454050786
467113161
480166111
493213171
506243110
519348356
532449669
545536601
558610022
571685265
584779617
597827166
610868366
623929058
636952831
650007296
663129417
676188197
689258436
702337993
715419064
728495133
741557921
754555286
767546761
780616786
793687347
806665985
819744532
832804719
845889417
858958830
872024601
885050853
898135795
911186252
924285744
937379515
950446143
963528561
976626096
989673278
1002724147
1015785145
1028826468
1041893922
1054975147
1068061604
1081150524
1094284549
1107324540
1120316918
1133394042
1146434370
1159462993
1172548961
1185636642
1198682294
1211734112
1224819315
1237900662
1250954285
1264000534
1277041473
1290123279
1303208834
1316384184
1329481979
1342532802
1355631392
1368722485
1381769560
1394820751
1407869739
1420907878
1433979755
1447088412
1460185059
1473269145
1486306703
1499363402
1512394213
1525447362
1538491806
1551540028
1564655509
1577734561
1590797151
1603877274
1616926995
1629988605
1643216373
1656383064
1669429909
1682470421
1695519010
1708617570
1721670688
1734739551
1747804083
1760882094
1773939696
1786985639
1800013635
1813067549
1826121141
1839238275
1852330898
1865375954
1878450538
1891541295
1904586059
1917662036
1930675680
1943665289
1956781520
1969887117
1982954342
1996037525
2009095387
2022164157
2035207438
2048253350
2061304877
2074359633
2087452179
2100542661
2113588022
2126670838
2139746922
2152836393
2165890154
2178945766
2191995243
2205035847
2218090954
2231218951
2244273416
2257351182
2270448518
2283512270
2296590588
2309708655
2322722896
2335786617
2348848503
2361932053
2374988124
2387923815
2400952224
2413974896
2427019936
2440077828
2453129615
2466168841
2479263576
2492339400
2505423210
2518481546
2531521399
2544623722
2557659032
2570685054
2583730951
2596738812
2609787279
2622879703
2635944327
2649017688
2662064748
2675132860
2688187325
2701230147
2714257163
2727267778
2740361090
2753445681
2766513303
2779526122
2792559320
2805570149
2818604984
2831661958
2844675909
2857737702
2870767840
2883839196
2896897517
2909960595
2923009889
2936118669
2949146802
2962167087
2975206313
2988213394
3001299683
3014398105
3027470792
3040540695
3053581252
3066645325
3079675111
3092707437
3105735035
3118749047
3131833775
3144886603
3157891786
3170923393
3183948023
3196955318
3210039144
3223066007
3236101225
3249165329
3262177734
3275272621
3288346318
3301402788
3314473792
3327553838
3340565433
3353596519
3366623398
3379662364
3392711933
3405787619
3418842757
3431896671
3444947082
3458039154
3471056271
3484119151
3497141915
3510147159
3523306093
3536380080
3549418404
3562475745
3575521397
3588548751
3601593393
3614610113
3627630856
3640669486
3653731861
3666814921
3679848517
3692886764
3705921966
3719014803
3732074761
3745126640
3758145946
3771200885
3784254156
3797366455
3810417432
3823468439
3836552724
3849600717
3862644441
3875677272
3888674086
3901702648
3914783873
3927877169
3940943598
3954000068
3967063452
3980111323
3993167532
4006187893
4019239329
4032272435
4045336233
4058407574
4071455567
4084523113
4097565904
4110670492
4123724421
4136733919
4149779250
4162808592
4175844345
4188952682
4201996727
4215054497
4228124063
4241167389
4254187414
4267215410
4280233660
4293267959
4306346690
4319448768
4332493197
4345546177
4358583200
4371654893
4384674198
4397684110
4410636172
4423726959
4436783765
4449881529
4462944225
4476014602
4488762179
4501906073
4514965036
4527978252
4541032656
4554094051
4567141631
4580253945
4593278070
4606381924
4619460746
4632498840
4645559364
4658618495
4671637510
4684661696
4697757165
4710849574
4723899403
4736999630
4750073878
4763094071
4776118288
4789148655
4802171847
4815230626
4828268399
4841327576
4854422892
4867485038
4880532296
4893645559
4906688518
4919702255
4932743301
4945767304
4958841108
4971915601
4984958988
4998037734
5011095397
5024126009
5037158350
5050187494
5063229367
5076236585
5089320686
5102386534
5115436149
5128507062
5141548062
5154585254
5167653596
5180654281
5193662785
5206715567
5219790289
5232858921
5245907159
5258946141
5272004216
5285109370
5298144557
5311177173
5324195867
5337227106
5350287492
5363370553
5376441955
5389498088
5402557862
5415629340
5428659004
5441699943
5454715745
5467730063
5480813124
5493905946
5506948339
5520015793
5533047354
5546095913
5559147333
5572169607
5585197924
5598254332
5611325245
5624426405
5637478621
5650556847
5663609445
5676729991
5689797797
5702834667
5715869640
5728915139
5741959016
5755049819
5768092809
5781159911
5794256971
5807323095
5820345629
5833359992
5846371862
5859354279
5872410442
5885456416
5898538359
5911608583
5924650257
5937694823
5950781082
5963786877
5976839108
5989871985
6002975853
6016059970
6029093489
6042135285
6055199343
6068284209
6081364883
6094389192
6107469177
6120483281
6133509762
6146625763
6159643218
6172693873
6185793702
6198868394
6211904621
6224950885
6237941121
6250961971
6264020292
6277116051
6290150473
6303214715
6316248311
6329286129
6342311509
6355380830
6368428548
6381471583
6394562034
6407655361
6420731506
6433774373
6446860769
6459947257
6473031955
6486050388
6499116175
6512150123
6525216124
6538311547
6551360595
6564433895
6577485483
6590559517
6603619811
6616682324
6629722590
6642754610
6655823503
6668872490
6681875914
6694944012
6708005055
6721044741
6734105586
6747180155
6760215739
6773264497
6786354106
6799431659
6812507758
6825577401
6838620849
6851733898
6864796151
6877841757
6890896650
6903924753
6916997180
6930112019
6943182013
6956256628
6969335267
6982397902
6995442177
7008474794
7021477208
7034476639
7047580599
7060649446
7073704875
7086763349
7099821210
7112849849
7125918038
7138960706
7151984984
7165123155
7178175846
7191242091
7204294261
7217331713
7230382353
7243472895
7256560194
7269611568
7282650825
7295686623
7308766456
7321831539
7334887427
7347959181
7360991032
7374095344
7387113824
7400173980
7413196896
7426219950
7439332984
7452420543
7465445815
7478535225
7491560268
7504576468
7517632952
7530640660
7543638760
7556720520
7569747522
7582839900
7595893248
7608954812
7622008573
7635090823
7648165698
7661212987
7674243324
7687296549
7700339907
7713452649
7726521817
7739554005
7752619823
7765684539
7778713575
7791791082
7804819965
7817843233
7830945557
7844005285
7857046836
7870099343
7883129573
7896194916
7909259050
7922258818
7935300308
7948369446
7961447534
7974539270
7987576721
8000640993
8013669035
8026716049
8039797977
8052848969
8065872360
8078897754
8091939658
8105029986
8118069931
8131126431
8144212980
8157272555
8170291998
8183375442
8196384114
8209415996
8222482639
8235573029
8248654712
8261694520
8274730839
8287779750
8300779043
8313801271
8326816751
8339821384
8352905363
8365961235
8379081643
8392127372
8405117852
8418191274
8431279919
8444315565
8457393974
8470417395
8483439761
8496537769
8509554382
8522612580
8535673226
8548730751
8561772594
8574823861
8587851030
8600873809
8613923133
8626989119
8640069074
8653121733
8666176060
8679218913
8692246205
8705302873
8718338779
8731373614
8744472112
8757535221
8770591354
8783635859
8796662937
8809744253
8822767200
8835831028
8848884575
8861880013
8874935579
8888036051
8901064935
8914141401
8927197335
8940282675
8953311298
8966367660
8979401241
8992445623
9005505764
9018595863
9031641928
9044704226
9057757299
9070783382
9083809710
9096869056
9109867370
9122986202
9136067289
9149156515
9162228652
9175264604
9188291926
9201374421
9214409103
9227518816
9240548847
9253590138
9266662780
9279736385
9292756563
9305837389
9318895327
9331966913
9344972464
9358000016
9371042226
9384079891
9397147958
9410220247
9423268056
9436301514
9449341092
9462399780
9475445096
9488632961
9501697524
9514774449
9527833780
9540919579
9554009632
9567040581
9580085529
9593194722
9606229067
9619305442
9632310136
9645352728
9658409748
9671525765
9684604006
9697663489
9710735947
9723821241
9736831076
9749922016
9762957907
9775981282
9789076521
9802146363
9815211936
9828279895
9841305060
9854387142
9867417693
9880497602
9893535604
9906592195
9919684329
9932770740
9945827577
9958892155
9971939689
9985022107
9998059497
10011124090
10024179718
10037219189
10050304652
10063407006
10076474751
10089526278
10102610563
10115706858
10128732758
10141817670
10154834741
10167856204
10180955483
10194022463
10207094508
10220171769
10233231039
10246285152
10259293135
10272358188
10285403778
10298431744
10311488442
10324569897
10337637305
10350707881
10363745179
10376797716
10389841364
10402910502
10415982730
10429025001
10442078211
10455187787
10468253130
10481329902
10494421653
10507483049
10520510188
10533569457
10546594852
10559623230
10572692399
10585722996
10598767760
10611802014
10624857733
10637919634
10650932667
10663993450
10676996507
10690057276
10703129244
10716189584
10729272384
10742314854
10755370742
10768460733
10781474715
10794565808
10807686736
10820716920
10833763061
10846854246
10859908114
10872985698
10886048164
10899141032
10912188582
10925231235
10938252162
10951281061
10964344323
10977442730
10990507767
11003562706
11016648873
11029698013
11042745669
11055798130
11068804966
11081876705
11094957072
11108004362
11121112728
11134169289
11147225407
11160303235
11173300615
11186397951
11199438860
11212464699
11225547117
11238636940
11251718577
11264804973
11277877477
11290993065
11304006465
11317075480
11330127620
11343161613
11356247122
11369326480
11382397025
11395493871
11408560698
11421608951
11434665589
11447727352
11460753068
11473805100
11486873412
11499963633
11513036779
11526072165
11539133025
11552206875
11565240547
11578354146
11591388660
11604424153
11617489466
11630598827
11643654669
11656732405
11669860983
11682935124
11695921381
11708987581
11722014567
11735053074
11748136992
11761194211
11774209278
11787294741
11800350583
11813415957
11826454693
11839476064
11852524317
11865560453
11878643651
11891709897
11904746598
11917801798
11930864540
11943913818
11956954192
11970037329
11983058516
11996108162
12009140793
12022302221
12035359011
12048413690
12061507828
12074596856
12087610867
12100701088
12113716875
12126749935
12139839100
12152902470
12165990885
12179025261
12192103686
12205169550
12218187386
12231316607
12244377375
12257429790
12270512667
12283591474
12296602166
12309678770
12322731598
12335797415
12348848988
12361902153
12374982964
12388019069
12401098152
12414208309
12427256715
12440345146
12453419638
12466495967
12479547433
12492635313
12505670209
12518717223
12531824335
12544950190
12558012902
12571069034
12584135127
12597237114
12610207444
12623258069
12636292536
12649372981
12662468235
12675536149
12688641548
12701704504
12714756016
12727854147
12740891155
12753961516
12767017129
12780051474
12793111202
12806191784
12819245209
12832339714
12845422744
12858502224
12871548442
12884621986
12897653715
12910686393
12923750421
12936832900
12949852710
12962927830
12975977338
12989068630
13002130898
13015187107
13028122782
13041188707
13054262557
13067316701
13080421854
13093455006
13106438984
13119460172
13132498755
13145534814
13158541727
13171568544
13184617272
13197769351
13210790446
13223869789
13236919832
13249979117
13263013737
13276091887
13289105883
13302118028
13315102832
13328142762
13341179678
13354206526
13367164815
13380185590
13393247720
13406288139
13419312647
13432370539
13445445919
13458541220
13471612056
13484627490
13497695786
13510746457
13523763008
13536806442
13549789563
13562827427
13575902058
13589017921
13602077359
13615150474
13628239303
13641292819
13654292617
13667416101
13680442811
13693485755
13706586931
13719657262
13732705408
13745801810
13758860559
13771927723
13784968066
13798043186
13811059814
13824133878
13837199374
13850287331
13863341398
13876387708
13889457733
13902508587
13915531503
13928530460
13941573190
13954601507
13967552544
13980684610
13993737606
14006803822
14019902641
14032966990
14045990610
14059073349
14072104574
14085136211
14098204675
14111264036
14124337458
14137409564
14150470791
14163555917
14176580195
14189609339
14202673351
14215689581
14228798085
14241884604
14254949473
14268031233
14281077069
14294157130
14307193832
14320227137
14333322009
14346376811
14359428598
14372560894
14385618113
14398697394
14411775161
14424863256
14437914125
14450954774
14464005521
14477028009
14490099059
14503191116
14516250247
14529295486
14542328608
14555361102
14568367219
14581410530
14594443713
14607485402
14620591214
14633668736
14646724899
14659771836
14672808094
14685915910
14698938398
14711963273
14725031875
14738068255
14751121297
14764204801
14777233914
14790313272
14803396057
14816457851
14829492839
14842515342
14855536438
14868610165
14881669266
14894773119
14907812422
14920860614
14933924427
14946949700
14959972830
14973024725
14986037956
14999108562
15012167786
15025233282
15038295932
15051351254
15064398329
15077480257
15090489633
15103571592
15116585650
15129616017
15142673297
15155731557
15168760149
15181842231
15194877157
15207978303
15220984297
15234059952
15247183527
15260275202
15273338235
15286438278
15299467269
15312546719
15325586909
15338581535
15351606854
15364688400
15377703880
15390739572
15403803691
15416887563
15429944261
15442991979
15456068154
15469120447
15482130251
15495203917
15508219459
15521259129
15534326476
15547417034
15560468087
15573519262
15586603226
15599681865
15612716241
15625779641
15638818744
15651830951
15664892974
15677898999
15690937644
15704019312
15717055707
15730097841
15743106819
15756131005
15769167722
15782200858
15795264243
15808367224
15821406022
15834439771
15847516038
15860553704
15873602538
15886645666
15899711697
15912779672
15925825187
15938925138
15951978915
15965040357
15978126064
15991215153
16004253231
16017318406
16030330613
16043362984
16056441700
16069500433
16082564950
16095643605
16108673635
16121768508
16134786834
16147817186
16160859090
16173904833
16186973940
16200095343
16213117387
16226171622
16239228321
16252318741
16265350730
16278406695
16291463516
16304561019
16317470609
16330598024
16343611362
16356690552
16369800357
16382840226
16395855691
16408912956
16421910398
16434965505
16448034796
16461096039
16474181914
16487236226
16500293216
16513346686
16526378782
16539429407
16552459407
16565498434
16578587095
16591669191
16604732469
16617808155
16630843128
16643925592
16656952149
16670033971
16683067215
16696105569
16709165312
16722333884
16735334570
16748396501
16761512043
16774610037
16787658535
16800738428
16813760166
16826797924
16839883432
16852950382
16866054557
16879068385
16892134371
16905168609
16918217872
16931281578
16944319044
16957373219
16970447727
16983556445
16996636920
17009712637
17022790664
17035872225
17048909232
17061959398
17075012103
17088044858
17101096982
17114192129
17127222206
17140320016
17153352908
17166439717
17179463628
17192538916
17205582609
17218607102
17231678121
17244767853
17257821369
17270901216
17283962276
17297012487
17310063969
17323034635
17336308273
17349387355
17362479060
17375576916
17388620824
17401660632
17414755458
17427852457
17440878112
17453953125
17466977617
17480043495
17493106498
17506174840
17519231982
17532304348
17545402831
17558492318
17571516336
17584565813
17597601826
17610620886
17623708828
17636767623
17649816120
17662871687
17675897158
17688944142
17702010464
17715010124
17728070449
17741115214
17754232057
17767317871
17780386030
17793465678
17806544715
17819601766
17832648887
17845716923
17858813004
17871863047
17884927074
17897995340
17911005741
17923948974
17937049630
17950132782
17963158346
17976222526
17989282132
18002313004
18015386058
18028470603
18041543918
18054600754
18067625583
18080692701
18093715525
18106751141
18119804764
18132789798
18145885894
18158957127
18172020589
18185107337
18198158206
18211232102
18224273103
18237314349
18250395665
18263429429
18276525693
18289652772
18302710266
18315794153
18328870329
18341967343
18354989311
18368070673
18381056135
18394086043
18407121659
18420177929
18433235775
18446300537
18459336902
18472370421
18485410489
18498467004
18511507745
18524592412
18537698774
18550776465
18563861866
18576930744
18589981735
18603089245
18616129298
18629160277
18642233041
18655246012
18668341634
18681448195
18694475059
18707577627
18720677288
18733693350
18746741894
18759800352
18772852874
18785884389
18798969561
18812061373
18825112380
18838175490
18851243602
18864253697
18877296304
18890356935
18903374022
18916446755
18929538384
18942622301
18955689113
18968729701
18981820503
18994987576
19008036686
19021082966
19034135380
19047165625
19060264889
19073347291
19086381438
19099451616
19112529520
19125623934
19138663190
19151716676
19164768417
19177786530
19190871258
19203996807
19217025139
19230100504
19243156346
19256204002
19269282901
19282345245
19295381687
19308471311
19321534145
19334633393
19347702057
19360650967
19373694798
19386826758
19399843554
19412882994
19425865824
19438889353
19451983154
19465079832
19478132629
19491199334
19504165869
19517237547
19530245806
19543297807
19556354996
19569366942
19582490792
19595564964
19608586029
19621662541
19634711161
19647759353
19660802343
19673816370
19686899400
19699969670
19713037446
19726128171
19739175277
19752233812
19765277613
19778379921
19791401643
19804428614
19817442045
19830479634
19843531742
19856612921
19869713485
19882786554
19895840698
19908884682
19921891258
19934926782
19947961571
19960991204
19974071908
19987150042
20000215539
20013282442
20026313621
20039364490
20052407847
20065452382
20078522928
20091559614
20104652711
20117737348
20130892410
20143927306
20156927441
20170003005
20183044235
20196076148
20209133902
20222168706
20235224839
20248331645
20261412212
20274445701
20287524538
20300619762
20313615353
20326669145
20339733141
20352762162
20365855704
20378949597
20392017786
20405089203
20418090975
20431147689
20444180886
20457216379
20470245048
20483246973
20496337623
20509416705
20522516825
20535587982
20548650159
20561737335
20574790117
20587811610
20600855778
20613898125
20626977606
20640073090
20653126805
20666197672
20679277504
20692276644
20705323153
20718367474
20731452386
20744519795
20757573296
20770665582
20783724377
20796766296
20809807174
20822763138
20835803129
20848806002
20861814491
20874889503
20887987221
20901079737
20914154322
20927188484
20940239231
20953322597
20966335875
20979335611
20992406034
21005427558
21018531993
21031620730
21044663674
21057758118
21070815000
21083869220
21096897736
21109929878
21122990310
21136033499
21149095905
21162172830
21175225811
21188306056
21201365356
21214413211
21227477743
21240514368
21253543236
21266658779
21279731879
21292822131
21305885378
21318935758
21331995654
21345060125
21358054002
21371079443
21384118623
21397145013
21410218908
21423331391
21436396290
21449453601
21462548519
21475630065
21488650610
21501710384
21514756021
21527820247
21540960882
21554041938
21567066201
21580144074
21593211544
21606287552
21619344862
21632361200
21645419046
21658487281
21671539542
21684646746
21697738146
21710776974
21723840389
21736896491
21749928970
21762947342
21775972248
21789024601
21802098482
21815298557
21828340231
21841418043
21854520657
21867618834
21880620086
21893709664
21906722682
21919732103
21932805051
21945863371
21958920146
21972013443
21985063975
21998138009
22011165806
22024189732
22037226403
22050254889
22063336618
22076423213
22089486368
22102557388
22115604998
22128690063
22141737903
22154754424
22167759562
22180792576
22193818705
22206947911
22220002590
22233016250
22246103778
22259183595
22272217267
22285284645
22298281460
22311323379
22324407296
22337462067
22350532459
22363615336
22376608157
22389637790
22402681805
22415722454
22428770218
22441784811
22454853092
22467881853
22481011379
22494082842
22507092509
22520177207
22533215331
22546221448
22559250224
22572163791
22585197249
22598340194
22611371128
22624361501
22637343474
22650402285
22663430403
22676475474
22689512512
22702572668
22715638884
22728722862
22741757835
22754798331
22767848634
22780804429
22793826106
22806869892
22819875014
22832948956
22846009158
22859068030
22872134628
22885206274
22898252538
22911334482
22924335672
22937375327
22950435223
22963474557
22976526053
22989628239
23002591745
23015673031
23028736538
23041837745
23054872136
23067920527
23080931922
23093888130
23106945349
23120034821
23133062082
23146130011
23159174026
23172203215
23185204895
23198183197
23211199687
23224264342
23237369404
23250411078
23263489747
23276551250
23289632658
23302698461
23315719801
23328736888
23341796907
23354820512
23367916210
23380909766
23393979393
23407064779
23420090924
23433215661
23446226674
23459291054
23472360375
23485359209
23498418952
23511454308
23524394604
23537467230
23550531747
23563575425
23576618247
23589559553
23602544709
23615596206
23628678210
23641784252
23654856985
23667891606
23680954118
23694061169
23707065022
23720059786
23733076475
23746125799
23759177158
23772276406
23785333120
23798405104
23811476353
23824528064
23837587180
23850640069
23863677199
23876712554
23889798812
23902864477
23915933676
23929007816
23942027106
23955119439
23968158879
23981161936
23994232558
24007276802
24020331451
24033418857
24046479227
24059542000
24072595027
24085657968
24098685046
24111622007
24124671698
24137737072
24150778057
24163876035
24176957107
24190020981
24203105970
24216175628
24229227522
24242313765
24255348202
24268392569
24281471637
24294541524
24307606806
24320670787
24333724319
24346814310
24359787165
24372847046
24385903424
24398853497
24411974394
24425041788
24438085573
24451209041
24464266857
24477357582
24490399547
24503413850
24516477724
24529482846
24542559558
24555683714
24568746104
24581821071
24594887286
24607937789
24621000041
24634055990
24647105835
24660138589
24673225321
24686308994
24699359450
24712424166
24725501612
24738556428
24751623914
24764694872
24777726157
24790778496
24803895216
24816992735
24830087424
24843121540
24856128712
24869216057
24882258924
24895310957
24908418972
24921478531
24934566519
24947687110
24960769314
24973824605
24986913877
24999971586
25012975500
25026030163
25039091268
25052127985
25065197643
25078311350
25091342543
25104402623
25117462749
25130502235
25143575550
25156632004
25169678038
25183014635
25196063699
25209129685
25222196053
25235252278
25248285828
25261352395
25274378922
25287423426
25300494936
25313457692
25326490905
25339583789
25352719007
25365790317
25378866141
25391937222
25404978391
25418027868
25431086984
25444115546
25457224418
25470313858
25483352580
25496447467
25509490671
25522546972
25535579971
25548599889
25561649427
25574689816
25587748335
25600831549
25613917501
25626959451
25640032872
25653098965
25666134504
25679190132
25692224982
25705285704
25718346718
25731465320
25744558617
25757625918
25770713829
25783793126
25796821213
25809875739
25822889629
25835919063
25849037727
25862108532
25875144820
25888222220
25901263267
25914301728
25927315250
25940301186
25953365290
25966414125
25979391967
25992439164
26005502656
26018573278
26031606751
26044679316
26057718267
26070733793
26083794546
26096851031
26109909214
26123088955
26136182175
26149250517
26162338902
26175408009
26188446011
26201511247
26214523637
26227555381
26240626080
26253718902
26266797250
26279829652
26292849937
26305938781
26318966211
26331998536
26345034917
26358096542
26371142286
26384115462
26397184140
26410267935
26423294478
26436383658
26449404203
26462419271
26475457885
26488502313
26501542442
26514676665
26527705335
26540769867
26553843518
26566898687
26579936429
26592970422
26605966992
26618997436
26632023993
26645101867
26658155858
26671200806
26684247728
26697260883
26710294341
26723329421
26736336716
26749420251
26762520539
26775602667
26788684167
26801729956
26814789440
26827858883
26840865199
26853880603
26866904376
26879973896
26893034680
26906148295
26919184905
26932236799
26945294645
26958412926
26971449521
26984482474
26997504916
27010546299
27023631854
27036731913
27049765876
27062830745
27075879640
27088913496
27101961856
27114982875
27128007199
27141071120
27154159734
27167261889
27180335112
27193354479
27206386299
27219493794
27232508617
27245556594
27258578715
27271615050
27284721902
27297818044
27310886631
27323977647
27337105919
27350181146
27363204491
27376275419
27389280709
27402289794
27415365159
27428457017
27441486115
27454561663
27467615516
27480670776
27493705504
27506734235
27519770095
27532850049
27545916555
27559013707
27572086624
27585126921
27598141728
27611209107
27624241861
27637256653
27650292498
27663361237
27676392829
27689475507
27702542441
27715631086
27728711286
27741802073
27754823337
27767896238
27780915636
27793947609
27807035245
27820098721
27833155252
27846245427
27859284072
27872330672
27885399244
27898406676
27911454425
27924512837
27937562941
27950665724
27963730822
27976807579
27989880083
28002922721
28015972045
28028975744
28041985411
28055076014
28068119448
28081219140
28094274553
28107359603
28120451094
28133532548
28146575553
28159632603
28172656560
28185710903
28198787935
28211860332
28224930005
28238001667
28251066306
28264126968
28277169147
28290134657
28303078626
28316113644
28329201218
28342288211
28355362153
28368441251
28381487928
28394500379
28407462019
28420495997
28433520535
28446575092
28459601099
28472705151
28485690582
28498790886
28511851563
28524850182
28537862603
28550863931
28563874393
28576935988
28590057436
28603135371
28616189285
28629272055
28642292707
28655290791
28668318925
28681380734
28694398678
28707451245
28720577085
28733681520
28746763723
28759846478
28772870572
28785961665
28798993242
28812021773
28825090299
28838105764
28851168950
28864281493
28877221147
28890335619
28903422963
28916492040
28929528787
28942560960
28955566006
28968583995
28981621202
28994703498
29007744544
29020777727
29033787409
29046832250
29059867131
29072901461
29085901626
29098993377
29112060893
29125175823
29138245910
29151277103
29164324561
29177395274
29190396633
29203442973
29216540646
29229549731
29242607684
29255678933
29268660616
29281737694
29294811605
29307915015
29320947983
29333988602
29347031622
29360072562
29373156495
29386253187
29399291970
29412346006
29425425074
29438470420
29451520845
29464554059
29477569233
29490643649
29503717163
29516824198
29529896916
29542936708
29556015454
29569132894
29582184268
29595241227
29608281172
29621330910
29634384824
29647489136
29660549201
29673623831
29686704459
29699832456
29712858003
29725899662
29738856406
29751907077
29764999868
29778096653
29791144921
29804302462
29817352628
29830451508
29843513011
29856544756
29869597890
29882697765
29895775440
29908875162
29921903296
29934958816
29948005616
29961141768
29974206086
29987226110
30000274991
30013339079
30026379606
30039488952
30052529188
30065622790
30078686328
30091759489
30104805386
30117874509
30130893477
30143942388
30157048154
30170101977
30183181794
30196229328
30209298435
30222361942
30235396012
30248442108
30261473118
30274538139
30287630946
30300692480
30313747082
30326825492
30339849341
30352929495
30365968522
30379001965
30392038008
30405086583
30418159515
30431281024
30444342650
30457451414
30470529548
30483621957
30496678227
30509740143
30522769884
30535823277
30548911953
30562001226
30575056563
30588123420
30601181787
30614251139
30627285729
30640342535
30653376482
30666492438
30679597653
30692663118
30705720154
30718766800
30731766522
30744860292
30757863686
30770891100
30783926655
30796967533
30810021952
30823127687
30836297652
30849406478
30862501105
30875500536
30888509958
30901566580
30914594928
30927653049
30940720198
30953834440
30966901956
30979947730
30992995769
31006006797
31019103138
31032168451
31045178041
31058257766
31071338991
31084434918
31097523242
31110606670
31123597793
31136638549
31149662016
31162715471
31175749679
31188765771
31201826922
31214809692
31227888682
31240967367
31254044690
31267124813
31280132185
31293165459
31306212351
31319226301
31332347719
31345397609
31358444546
31371493350
31384534948
31397575796
31410628868
31423671996
31436724762
31449794145
31462827603
31475908766
31488963660
31502016885
31515048599
31528149897
31541173777
31554196143
31567235354
31580268062
31593323292
31606411983
31619479698
31632533902
31645622563
31658709357
31671641789
31684724727
31697778243
31710817117
31723897883
31736964557
31750004349
31763073762
31776099800
31789160324
31802203314
31815227668
31828254838
31841322048
31854377675
31867453820
31880494576
31893563607
31906614981
31919659027
31932695208
31945714621
31958779597
31971853875
31984922355
31998021649
32011069994
32024139192
32037273095
32050341758
32063337135
32076382328
32089425899
32102464360
32115572819
32128665059
32141720840
32154775993
32167836135
32180918048
32193944131
32206955955
32219980049
32233075013
32246141733
32259188212
32272269651
32285326028
32298338632
32311376833
32324393186
32337368932
32350387580
32363435205
32376510432
32389578683
32402610748
32415657135
32428776579
32441797231
32454816766
32467862418
32480805315
32493858984
32506905509
32519964028
32533010598
32546017052
32559087230
32572138864
32585147658
32598187145
32611176324
32624222390
32637313620
32650357681
32663390130
32676398756
32689332963
32702408985
32715421268
32728462437
32741497716
32754533668
32767598200
32780691252
32793745273
32806814211
32819910614
32832989008
32846007564
32859045290
32872063953
32885121203
32898193920
32911313609
32924352728
32937387517
32950462071
32963486028
32976537892
32989563577
33002574300
33015661047
33028899984
33041974707
33055028299
33068076767
33081110867
33094200690
33107201208
33120234711
33133243797
33146243197
33159305755
33172388418
33185446876
33198529279
33211610136
33224692815
33237711692
33250742243
33263813813
33276815615
33289878878
33302968211
33315992046
33329034668
33342081284
33355103849
33368147343
33381157607
33394188555
33407273131
33420309389
33433422407
33446564969
33459623488
33472648134
33485633289
33498644103
33511702194
33524713437
33537761200
33550825855
33563917208
33576968659
33590024134
33603109122
33616208554
33629124676
33642187678
33655220188
33668253508
33681346820
33694413999
33707489348
33720519884
33733540689
33746575769
33759603183
33772621693
33785656727
33798744072
33811695797
33824800507
33837884776
33850932035
33863985903
33877080087
33890119711
33903151578
33916161290
33929230596
33942267221
33955348920
33968406888
33981454698
33994562085
34007644917
34020688840
34033753403
34046752145
34059788816
34072870255
34085900439
34098955623
34112052132
34125091052
34138151989
34151181010
34164228345
34177254229
34190280252
34203368958
34216449142
34229536410
34242594975
34255641546
34268701304
34281744845
34294790604
34307818432
34320904506
34333942447
34347030618
34360072767
34373139395
34386227168
34399333270
34412375403
34425432041
34438433966
34451468127
34464540753
34477609386
34490665320
34503692184
34516742150
34529787726
34542809173
34555850419
34568867812
34581813953
34594897289
34607959542
34621048064
34634103248
34647082774
34660226698
34673251358
34686270082
34699347543
34712271621
34725324954
34738441200
34751476571
34764566670
34777637857
34790751732
34803791616
34816740021
34829772577
34842832733
34855906262
34868997508
34882035969
34895088307
34908166992
34921211084
34934258403
34947303841
34960316507
34973386868
34986486162
34999479014
35012537181
35025591600
35038657357
35051743156
35064782382
35077791697
35090813496
35103825381
35116897395
35129982338
35143049823
35156124423
35169224451
35182351989
35195401772
35208485261
35221522375
35234559475
35247656321
35260738050
35273786273
35286837326
35299904811
35312977284
35326033355
35339078441
35352080595
35365156710
35378225327
35391306827
35404383232
35417422275
35430478025
35443548861
35456500969
35469531948
35482557496
35495586425
35508669409
35521775558
35534830451
35547873074
35560927386
35574016122
35587052885
35600113103
35613152298
35626183461
35639252874
35652313719
35665364803
35678432151
35691481582
35704549159
35717604067
35730619074
35743624777
35756668272
35769742428
35782832848
35795892821
35808935643
35821988348
35835013330
35848070533
35861088982
35874156957
35887177043
35900260226
35913390808
35926445625
35939478777
35952556268
35965647468
35978631783
35991692169
36004720792
36017731453
36030833792
36043920677
36056966804
36070025767
36083066477
36096152169
36109196704
36122223889
36135269878
36148308385
36161411213
36174479265
36187519806
36200564204
36213595153
36226680677
36239708718
36252740692
36265786253
36278816544
36291864491
36304905752
36317880351
36330917159
36343991560
36357035682
36370064688
36383146402
36396144563
36409180392
36422248796
36435307376
36448346097
36461355320
36474381557
36487432854
36500468485
36513498087
36526492622
36539531894
36552636008
36565679472
36578747538
36591808353
36604841092
36617921368
36630954107
36643989232
36657030264
36670065344
36683151112
36696252977
36709288347
36722319984
36735373868
36748408581
36761425759
36774475068
36787531583
36800557269
36813614580
36826749813
36839796689
36852800129
36865817338
36878846344
36891839853
36904887586
36917894988
36930939600
36944025032
36957115835
36970215435
36983257812
36996282840
37009368410
37022363649
37035419353
37048497196
37061507490
37074606539
37087757042
37100701071
37113732724
37126761776
37139812706
37152862474
37165899512
37178959990
37191979816
37205085964
37218194163
37231226427
37244298013
37257335709
37270415572
37283458837
37296496793
37309506276
37322620855
37335682373
37348776220
37361845296
37374881860
37387958770
37401018177
37414035157
37427077841
37440106020
37453139341
37466178689
37479135770
37492152107
37505195250
37518222894
37531300860
37544360542
37557417455
37570470191
37583482626
37596592799
37609658937
37622683017
37635769091
37648801386
37661851200
37674896378
37687897308
37700927676
37713983380
37727041685
37740104427
37753169112
37766190927
37779241521
37792327382
37805363961
37818348811
37831380111
37844412024
37857466504
37870526906
37883567937
37896642858
37909717320
37922775518
37935831987
37948891073
37961922037
37974961049
37988032757
38001092256
38014145634
38027232413
38040268931
38053344219
38066389290
38079407279
38092462616
38105497252
38118575249
38131679699
38144715406
38157759711
38170806542
38183874180
38196922081
38209951683
38222975472
38236027366
38249098615
38262194191
38275207974
38288258659
38301342057
38314374826
38327432519
38340551428
38353580969
38366624357
38379714884
38392784863
38405835962
38418899117
38431940562
38445016875
38458038766
38471063136
38484095584
38497120505
38510208125
38523281026
38536326143
38549392220
38562438194
38575501701
38588514397
38601513200
38614596368
38627575878
38640618225
38653713694
38666753685
38679832584
38692916441
38706002607
38719070567
38732071650
38745083122
38758098021
38771185809
38784284874
38797340348
38810395792
38823475824
38836503100
38849543474
38862598352
38875525567
38888581302
38901655259
38914730348
38927811496
38940859719
38953903810
38966997305
38980007783
38993017419
39006071440
39019073334
39032145057
39045240725
39058276050
39071363272
39084445170
39097498808
39110586658
39123618785
39136656159
39149724287
39162774560
39175885053
39188904619
39201931559
39214985795
39228021563
39241068959
39254096741
39267109391
39280191748
39293276292
39306375999
39319419326
39332507068
39345572871
39358660491
39371703021
39384753202
39397787762
39410797612
39423858059
39436945679
39450026430
39463090625
39476171850
39489274862
39502351083
39515406910
39528467908
39541511403
39554607927
39567743589
39580790052
39593869196
39606931540
39620013071
39633085024
39646113280
39659174829
39672243385
39685346412
39698442646
39711539079
39724618635
39737698498
39750786975
39763841425
39776873567
39789917276
39802952998
39816014134
39829110582
39842180898
39855229289
39868293760
39881354544
39894381958
39907482124
39920513593
39933522020
39946579040
39959616339
39972651510
39985727625
39998783084
40011846316
40024900092
40037932234
40050978284
40064030959
40077120507
40090191924
40103260771
40116326191
40129413138
40142453129
40155483542
40168471131
40181534087
40194569534
40207615920
40220679841
40233702757
40246763373
40259842088
40272921997
40285938166
40299074776
40312102696
40325144737
40338214135
40351258196
40364313349
40377385608
40390444219
40403484042
40416500394
40429545741
40442569177
40455599055
40468694447
40481772535
40494831024
40507897928
40520927699
40533983923
40547015224
40560043005
40573093018
40586107902
40599173903
40612286844
40625304008
40638405306
40651495803
40664577578
40677630972
40690756475
40703794920
40716833014
40729913168
40742979016
40756037122
40769097294
40782149235
40795213644
40808227840
40821267617
40834265273
40847305478
40860472275
40873666414
40886759557
40899826308
40912880069
40925950293
40938935434
40951956453
40965020694
40978027117
40991129364
41004195075
41017211427
41030263107
41043290721
41056360164
41069376272
41082349372
41095398941
41108451187
41121519912
41134599912
41147645931
41160715696
41173752184
41186781786
41199803846
41212837763
41225837178
41238892745
41251987663
41265055454
41278121776
41291148059
41304181180
41317239592
41330256526
41343301521
41356326303
41369368421
41382405199
41395459098
41408491776
41421554243
41434596544
41447718314
41460719596
41473789468
41486822268
41499826090
41512915546
41526000029
41539049965
41552108745
41565166928
41578197601
41591249297
41604254480
41617275224
41630346366
41643421991
41656484427
41669517441
41682545208
41695612800
41708637338
41721679762
41734726209
41747755598
41760796124
41773845525
41786939448
41799986845
41813035373
41826109881
41839179432
41852210105
41865294925
41878347080
41891352233
41904504541
41917560766
41930628205
41943694604
41956720152
41969794859
41982811762
41995815140
42008838898
42021863268
42034952357
42048032694
42061096094
42074145127
42087202209
42100252252
42113281824
42126325578
42139363167
42152417112
42165476748
42178590256
42191624724
42204655321
42217717833
42230808498
42243844312
42256934350
42269924845
42282930411
42296025605
42309085471
42322171086
42335229789
42348259178
42361291840
42374340644
42387367707
42400402006
42413425091
42426552491
42439638734
42452694652
42465748627
42478807621
42491869399
42504909283
42517927457
42530990719
42544029012
42557112180
42570215712
42583285584
42596366058
42609427393
42622505879
42635569922
42648638019
42661647976
42674698463
42687787797
42700884765
42713935099
42727012330
42740086241
42753120418
42766156171
42779175140
42792148898
42805188108
42818289208
42831373554
42844486128
42857567245
42870617028
42883679373
42896697760
42909758391
42922813453
42935819264
42948916614
42962031117
42975098694
42988182183
43001248505
43014333830
43027358383
43040409804
43053482414
43066528388
43079666268
43092769066
43105849051
43118902629
43131952993
43144989542
43158013927
43171056855
43184074677
43197147242
43210239559
43223316989
43236401641
43249465194
43262538493
43275627291
43288561865
43301608772
43314683632
43327746144
43340897458
43353981942
43367025069
43380120110
43393195735
43406300445
43419336397
43432354784
43445394056
43458428448
43471524238
43484598333
43497652950
43510744763
43523770280
43536827591
43549844632
43562804283
43575841382
43588924443
43602014572
43615106537
43628171544
43641231914
43654292484
43667367757
43680383237
43693401594
43706422261
43719458121
43732530304
43745641761
43758693870
43771758020
43784846833
43797939594
43810953774
43823993413
43837064402
43850086706
43863179712
43876275670
43889325331
43902411100
43915456232
43928511615
43941548821
43954562297
43967580731
43980629779
43993638788
44006686460
44019730077
44032773939
44045814894
44058855558
44071884028
44084910020
44097825285
44110857366
44123888943
44137002527
44150043420
44163104633
44176189376
44189288181
44202315993
44215367031
44228375963
44241423497
44254585521
44267695754
44280747082
44293833509
44306903335
44319958611
44332970159
44346022773
44359043868
44372093284
44385158505
44398239577
44411274259
44424308742
44437361172
44450417947
44463450043
44476474918
44489504781
44502569236
44515626914
44528760541
44541820851
44554875056
44567951935
44581014861
44594073227
44607142977
44620184682
44633254263
44646330087
44659426030
44672507361
44685564580
44698635585
44711695282
44724726063
44737775754
44750790867
44763843802
44776965465
44790054921
44803177516
44816216253
44829225981
44842293297
44855325333
44868332781
44881362643
44894436095
44907499296
44920626651
44933628422
44946689665
44959762582
44972854654
44985902326
44998958657
45011999398
45025048799
45038108970
45051191664
45064242839
45077327904
45090410093
45103458805
45116515197
45129506091
45142539273
45155611838
45168701126
45181790001
45194902315
45207954423
45221006058
45234070713
45247066670
45260111190
45273140869
45286180263
45299266965
45312292620
45325331755
45338422450
45351522356
45364608354
45377622213
45390671659
45403743536
45416783664
45429842214
45442920593
45455962527
45469092207
45482165200
45495157073
45508208952
45521248637
45534264087
45547320985
45560385945
45573520353
45586567489
45599544199
45612615953
45625693414
45638736205
45651809489
45664803794
45677851940
45690929019
45704063763
45717152561
45730197570
45743296818
45756358443
45769391060
45782471015
45795564693
45808612197
45821721925
45834793266
45847854310
45860945235
45874002408
45887060392
45900121680
45913167103
45926227535
45939279445
45952350051
45965451135
45978497109
45991551925
46004611485
46017673141
46030718105
46043770902
46056764304
46069806591
46082874504
46096007183
46109076687
46122119356
46135195945
46148230413
46161288427
46174361680
46187417568
46200447706
46213521449
46226592423
46239683118
46252711007
46265723213
46278789887
46291828777
46304771628
46317749700
46330786738
46343862792
46356965788
46369979081
46383047178
46396075388
46409118730
46422131288
46435162283
46448161270
46461125924
46474167690
46487256381
46500301788
46513354616
46526423493
46539462719
46552461156
46565508475
46578398343
46591465323
46604519910
46617509871
46630552493
46643649768
46656667834
46669677408
46682692644
46695733278
46708747198
46721770435
46734861498
46747933925
46761015731
46774089826
46787130184
46800209756
46813217679
46826238912
46839320794
46852336428
46865374889
46878458806
46891400281
46904463390
46917522292
46930589150
46943633731
46956681189
46969716467
46982783386
46995883690
47008994214
47022031069
47035092143
47048156385
47061203307
47074192716
47087174384
47100217863
47113251428
47126264614
47139366861
47152427644
47165464361
47178488150
47191541589
47204548349
47217601590
47230596966
47243640124
47256712383
47269824437
47282840208
47295934652
47309009114
47322104338
47335129703
47348151854
47361207619
47374246983
47387307277
47400398095
47413413407
47426472676
47439518818
47452567209
47465629278
47478663883
47491684245
47504729438
47517764196
47530856789
47543926584
47556954090
47570010804
47583053106
47596082632
47609124520
47622117464
47635169083
47648236078
47661359607
47674436732
47687481741
47700537063
47713613560
47726623318
47739684240
47752720237
47765764084
47778831998
47791908372
47804972660
47818057633
47831099995
47844165094
47857262261
47870193882
47883250535
47896309498
47909400576
47922509142
47935589907
47948626027
47961685771
47974754618
47987786775
48000816607
48013860484
48026932009
48039976253
48053088981
48066139728
48079177454
48092258526
48105329025
48118363386
48131410553
48144436743
48157487551
48170575508
48183693131
48196718052
48209741703
48222773646
48235872680
48248895305
48261915513
48274958197
48287980272
48301031708
48314116956
48327199007
48340253288
48353288307
48366366747
48379414342
48392441864
48405473317
48418546295
48431578193
48444696061
48457742677
48470817185
48483898272
48496981210
48510020069
48523050742
48536022924
48549111615
48562170272
48575220422
48588295052
48601354903
48614402421
48627462272
48640476100
48653547716
48666563549
48679620003
48692704716
48705901700
48719095762
48732169872
48745223159
48758319622
48771355345
48784393714
48797425229
48810458488
48823555380
48836660350
48849705314
48862781673
48875865544
48888942011
48901977978
48915052822
48928112306
48941166082
48954258414
48967368128
48980420619
48993496871
49006561036
49019610054
49032707481
49045744091
49058769195
49071844101
49084920950
49098001104
49111087347
49124146876
49137206986
49150280607
49163285852
49176294707
49189328869
49202333854
49215399029
49228494299
49241520030
49254606732
49267680934
49280734726
49293754398
49306797633
49319850736
49332891385
49345987160
49359073005
49372110411
49385190549
49398251195
49411301101
49424334253
49437360214
49450403433
49463446836
49476499970
49489586060
49502653637
49515617893
49528675020
49541751502
49554767579
49567782769
49580830624
49593875083
49606931567
49620055112
49633118328
49646192148
49659285551
49672365215
49685392354
49698451424
49711518420
49724583656
49737653375
49750717494
49763768455
49776854607
49789899677
49802965357
49816006251
49829027989
49842070902
49855133782
49868206056
49881311394
49894387172
49907440045
49920509565
49933593957
49946643113
49959676173
49972700160
49985751015
49998815685
50011922781
50024997595
50038034909
50051127976
50064216697
50077225675
50090311123
50103335263
50116371582
50129504551
50142601198
50155665134
50168733445
50181754923
50194855503
50207923875
50220950800
50233986584
50247027523
50260122120
50273199076
50286282504
50299357807
50312413909
50325495914
50338531346
50351547806
50364595783
50377625294
50390675827
50403806149
50416865280
50429938656
50443024945
50456096041
50469094998
50482120836
50495142834
50508176384
50521282670
50534363436
50547431089
50560495484
50573540968
50586608682
50599654901
50612695228
50625735174
50638756529
50651852029
50664936451
50678015870
50691063726
50704128166
50717213353
50730234480
50743253403
50756301319
50769304422
50782369184
50795488735
50808498156
50821570201
50834609917
50847668727
50860699094
50873749780
50886721686
50899712962
50912805356
50925921801
50938959176
50952005868
50965085104
50978137503
50991184502
51004213553
51017253728
51030301140
51043359399
51056426869
51069498179
51082551083
51095618507
51108706892
51121688208
51134724359
51147747719
51160740066
51173823203
51186894957
51199906842
51212954636
51226033565
51239127275
51252136620
51265199331
51278250935
51291233903
51304331101
51317433776
51330457656
51343519374
51356560558
51369611994
51382686991
51395692312
51408717417
51421754026
51434832375
51447917715
51460976280
51474022101
51487073307
51500127955
51513131731
51526167102
51539190890
51552238852
51565336876
51578432391
51591537576
51604587236
51617658960
51630785243
51643793073
51656837945
51669875519
51682904861
51695999351
51709080162
51722128339
51735204591
51748242210
51761311868
51774351048
51787351917
51800398212
51813431104
51826504266
51839586684
51852647024
51865731155
51878773931
51891844981
51904895315
51917930624
51930993734
51944031200
51957072538
51970166339
51983229907
51996253879
52009288867
52022370490
52035398470
52048455123
52061464025
52074466470
52087532027
52100628842
52113661474
52126745575
52139784862
52152812552
52165824606
52178878413
52191926451
52204973373
52218059494
52231138776
52244195719
52257287929
52270324952
52283386638
52296427762
52309476963
52322532086
52335581686
52348567714
52361689881
52374749487
52387805727
52400840439
52413905430
52426935553
52440033807
52453066622
52466112794
52479259227
52492324219
52505388751
52518459618
52531544193
52544647251
52557660115
52570690650
52583736287
52596851432
52609959018
52623055130
52636139277
52649196679
52662261472
52675338106
52688357626
52701410928
52714449573
52727460249
52740525516
52753652549
52766704872
52779785545
52792841816
52805912942
52818964485
52832035045
52845085395
52858151533
52871224389
52884360831
52897409497
52910445572
52923561527
52936593945
52949627464
52962649539
52975671078
52988731326
53001827453
53014917644
53028004973
53041053027
53054110368
53067216976
53080236189
53093290394
53106350612
53119355994
53132447057
53145579384
53158652132
53171726410
53184794814
53197887421
53210926035
53223920433
53236952376
53249949435
53263038922
53276166398
53289224397
53302299762
53315383328
53328447279
53341512545
53354527062
53367568216
53380632182
53393718945
53406783171
53419837973
53432909589
53445969486
53459045080
53472077880
53485109655
53498162177
53511216534
53524286345
53537402637
53550479043
53563509349
53576595148
53589677994
53602683453
53615710791
53628744953
53641792946
53654861059
53667930824
53681007336
53694083374
53707170810
53720225749
53733276374
53746292375
53759341041
53772414156
53785496085
53798582420
53811735049
53824806145
53837868153
53850909246
53863956872
53876996480
53889990571
53903030593
53916088577
53929173825
53942243575
53955340023
53968426496
53981544073
53994556509
54007600616
54020649282
54033711703
54046805841
54059890049
54072952653
54086032179
54099097599
54112159867
54125200899
54138220847
54151267248
54164278996
54177402204
54190475136
54203571186
54216630195
54229681416
54242768485
54255814642
54268846693
54281891718
54294938502
54308037260
54321158907
54334214352
54347293541
54360375531
54373471535
54386515061
54399575003
54412595793
54425648865
54438750959
54451882260
54464951214
54478000110
54491079698
54504155277
54517189561
54530227104
54543288637
54556372845
54569446236
54582541568
54595641183
54608701293
54621774088
54634859183
54647912730
54660931546
54673943049
54686946978
54699994083
54713061798
54726128717
54739212741
54752311270
54765415889
54778464188
54791536003
54804571786
54817629449
54830732400
54843824043
54856889203
54869935574
54882979987
54896045193
54909095159
54922138715
54935147586
54948209517
54961289212
54974396034
54987501815
55000559538
55013614248
55026728199
55039737927
55052784467
55065816823
55078805008
55091867995
55104939045
55118003930
55131079799
55144144240
55157212857
55170246147
55183293666
55196330933
55209369532
55222453694
55235567110
55248641128
55261699510
55274748543
55287818645
55300875145
55313906491
55326903183
55339936550
55352982615
55366057735
55379093090
55392124834
55405191662
55418278685
55431128512
55444084522
55457079393
55470084638
55483126144
55496220220
55509252378
55522286693
55535374098
55548442333
55561528454
55574550162
55587606631
55600646637
55613710007
55626778593
55639825974
55652897162
55665983405
55679027191
55692082956
55705125395
55718159802
55731187140
55744229502
55757310727
55770400902
55783451466
55796508470
55809517846
55822562305
55835604560
55848610922
55861649567
55874702180
55887780880
55900815241
55913896420
55926988767
55940063750
55953140751
55966175449
55979205724
55992174479
56005230688
56018270832
56031400267
56044444144
56057499144
56070545745
56083567667
56096571091
56109611786
56122671223
56135747613
56148828731
56161881788
56174956311
56188012536
56201113665
56214164198
56227212742
56240208684
56253209370
56266275646
56279448946
56292515789
56305585554
56318670083
56331752838
56344787030
56357863680
56370885036
56383870008
56396878680
56409926046
56423008709
56436056044
56449101084
56462161485
56475208790
56488202146
56501189215
56514214548
56527296446
56540371872
56553579689
56566689295
56579728414
56592834088
56605881408
56618936301
56631971029
56644956001
56658014276
56671108001
56684172977
56697238152
56710300098
56723361846
56736394126
56749444888
56762475852
56775518322
56788584721
56801686050
56814774496
56827771983
56840781956
56853753495
56866777069
56879822201
56892860494
56905945758
56919005562
56931983634
56945059504
56958116967
56971192118
56984281605
56997311436
57010327758
57023374512
57036425626
57049468371
57062567298
57075635564
57088724576
57101816847
57114904697
57127959024
57140962938
57153994238
57167027283
57180073073
57193146525
57206205351
57219283454
57232362414
57245406138
57258452341
57271476941
57284503896
57297561681
57310613698
57323698625
57336782328
57349808060
57362872715
57375942740
57388947036
57401986476
57415062667
57428073711
57441131863
57454249027
57467342430
57480436247
57493494843
57506608182
57519646827
57532626964
57545612824
57558638357
57571738584
57584800898
57597888319
57610951749
57624027864
57637091692
57650136671
57663162005
57676186742
57689240534
57702277954
57715357465
57728422319
57741452778
57754479856
57767547525
57780584012
57793633826
57806661791
57819707780
57832757226
57845874559
57858938464
57871997274
57885085170
57898157352
57911146455
57924230526
57937274127
57950294841
57963400056
57976450910
57989527988
58002604852
58015676637
58028729388
58041763856
58054801598
58067812534
58080870365
58093984071
58107064041
58120147408
58133216760
58146276794
58159314215
58172365405
58185407722
58198456511
58211495829
58224549727
58237660955
58250713278
58263749873
58276823876
58289882104
58302945168
58316019400
58329040511
58342062479
58355135778
58368196761
58381295198
58394359103
58407399568
58420467987
58433417723
58446456291
58459502800
58472554266
58485652658
58498730057
58511802500
58524860484
58537922782
58551022336
58564048511
58577063196
58590105406
58603126945
58616176851
58629305169
58642355105
58655420937
58668512581
58681498487
58694570715
58707632448
58720643292
58733680208
58746744541
58759837149
58772915390
58785983885
58799062585
58812125787
58825145505
58838198639
58851228960
58864283548
58877375681
58890494498
58903615854
58916673884
58929716048
58942783900
58955833469
58968882763
58981946056
58994962990
59008013262
59021096522
59034156801
59047235746
59060312258
59073364152
59086410248
59099459863
59112506081
59125547985
59138596345
59151658307
59164724201
59177798602
59190856769
59203913560
59216989919
59230031241
59243026541
59256078099
59269136832
59282153063
59295235419
59308286580
59321324306
59334364986
59347347036
59360368805
59373408689
59386359802
59399412140
59412480436
59425575247
59438627601
59451689318
59464748740
59477782887
59490843471
59503857743
59516858398
59529928790
59542983959
59556028540
59569130726
59582185879
59595241981
59608305718
59621338900
59634385272
59647423870
59660503335
59673599248
59686730687
59699805318
59712860899
59725919465
59738939091
59751955413
59764994548
59778002684
59791064661
59804165026
59817253794
59830311747
59843402488
59856481173
59869496592
59882524252
59895594675
59908612037
59921732552
59934833957
59947802956
59960878015
59973917731
59986998435
60000054109
60013098904
60026097570
60039161567
60052243449
60065341749
60078400390
60091453708
60104509902
60117597996
60130656638
60143673618
60156695203
60169727284
60182776026
60195893436
60208969902
60222037785
60235093290
60248179594
60261229546
60274291339
60287323818
60300399596
60313485839
60326571485
60339647340
60352730477
60365782203
60378846689
60391900251
60404918287
60417923058
60430994230
60444071186
60457170618
60470233497
60483331170
60496379606
60509455736
60522504999
60535540033
60548593564
60561633724
60574683430
60587804986
60600883609
60613955164
60627032533
60640110315
60653153412
60666174936
60679218997
60692265690
60705378631
60718465119
60731532130
60744612008
60757683701
60770736712
60783787306
60796848702
60809882910
60822986488
60836079952
60849169821
60862230881
60875294832
60888345640
60901434423
60914473021
60927503496
60940541161
60953578720
60966631517
60979729327
60992796139
61005847131
61018917660
61031997554
61045059393
61058122977
61071174581
61084245050
61097337535
61110453751
61123512928
61136611411
61149675913
61162742388
61175801168
61188819754
61201832817
61214907172
61227983271
61241039312
61254128997
61267188481
61280256058
61293325257
61306360627
61319407687
61332430863
61345467733
61358517164
61371612297
61384702150
61397795462
61410864906
61423913159
61436896509
61449934924
61462974931
61476012612
61489106443
61502165146
61515205413
61528294257
61541334156
61554391283
61567464996
61580508123
61593536777
61606613029
61619714465
61632804395
61645844769
61658875213
61671969794
61685020052
61698063195
61711077160
61724115637
61737154939
61750219212
61763313992
61776408405
61789453920
61802532084
61815622030
61828637128
61841695739
61854731691
61867755739
61880849158
61893933198
61906990738
61920089114
61933121853
61946224467
61959265085
61972293234
61985370970
61998483376
62011560745
62024622600
62037689550
62050737053
62063753268
62076826414
62089863957
62102898242
62115943221
62129006559
62142056113
62155149440
62168226426
62181306611
62194381838
62207461119
62220487478
62233523063
62246539400
62259579422
62272686840
62285761026
62298820418
62311921181
62324969709
62338049955
62351066414
62364105610
62377137553
62390189157
62403299100
62416354758
62429424599
62442488764
62455528296
62468607853
62481636048
62494654344
62507671798
62520734357
62533793228
62546908113
62559966005
62573006439
62586047945
62599127579
62612139188
62625195520
62638250688
62651283336
62664362296
62677473141
62690546196
62703636493
62716670211
62729702032
62742744792
62755761543
62768700080
62781759716
62794835968
62807951327
62821029614
62834109584
62847165579
62860288603
62873308857
62886354892
62899376706
62912417952
62925504914
62938613342
62951666491
62964725409
62977833607
62990916698
63003926946
63016970976
63030013691
63043036164
63056106755
63069192845
63082284167
63095357635
63108458765
63121515127
63134576982
63147627805
63160668026
63173758614
63186844719
63199930870
63213102747
63226179275
63239235882
63252332162
63265370072
63278428943
63291468980
63304507946
63317585178
63330693514
63343745622
63356848145
63369947714
63383041041
63396056889
63409093070
63422117776
63435168523
63448277257
63461364740
63474375370
63487450031
63500533321
63513586975
63526626446
63539673567
63552699803
63565816860
63578895117
63591975255
63605046428
63618152071
63631216925
63644280279
63657314655
63670359986
63683406066
63696435332
63709529454
63722647567
63735736641
63748813566
63761891853
63774991453
63788010514
63801077968
63814139395
63827162694
63840283622
63853368901
63866425339
63879485817
63892521677
63905562127
63918576399
63931602574
63944652694
63957688034
63970779234
63983853864
63996888133
64009942506
64022999450
64036078548
64049121140
64062152318
64075176229
64088207713
64101265820
64114397947
64127435980
64140538380
64153579289
64166640639
64179675535
64192731499
64205754798
64218807412
64231939922
64245048029
64258108476
64271193510
64284288168
64297376232
64310425464
64323414047
64336441232
64349517285
64362613167
64375697957
64388780712
64402037136
64415133477
64428140696
64441166351
64454121871
64467244145
64480285544
64493361444
64506442057
64519493156
64532585320
64545673659
64558736875
64571791340
64584845208
64597774106
64610807794
64623894832
64636981687
64650046801
64663128485
64676201417
64689247696
64702277115
64715317932
64728350197
64741391091
64754502655
64767583329
64780674223
64793750016
64806824631
64819938078
64832944791
64846009278
64859052267
64872096435
64885180797
64898291030
64911385581
64924470171
64937562427
64950656580
64963691951
64976727872
64989755761
65002818182
65015848396
65028941203
65041977354
65055067911
65068144148
65081215917
65094256092
65107331931
65120351390
65133415830
65146506847
65159613959
65172686233
65185739535
65198792944
65211872394
65224897254
65237951611
65251003536
65264022108
65277092515
65290178743
65303268857
65316342982
65329404470
65342493115
65355517760
65368557108
65381588333
65394628171
65407735115
65420817563
65433861639
65446876661
65459883099
65472977941
65486030310
65499078073
65512125546
65525222239
65538294926
65551394205
65564474220
65577529772
65590593508
65603700360
65616684491
65629742934
65642775535
65655817653
65668886194
65682059203
65695150266
65708248030
8400679
21559551
34592427
47672183
60722272
73757184
86844880
99934030
112988097
126077324
139150134
152258653
165309645
178334260
191473181
204568558
217654495
230750147
243823967
256901244
269958769
283054788
296096814
309170573
322216470
335269053
348329699
361442701
374500517
387603575
400667067
413716192
426739047
439808429
452852658
465919287
479033131
492117599
505182575
518280569
531321065
544440447
557486176
570524132
583557606
596652631
609720927
622812617
635801215
648881537
661943116
675010097
688049170
701116242
714155942
727206613
740289673
753411581
766459528
779560489
792655331
805717905
818744294
831813095
844851786
857895525
870992096
884053308
897124297
910184331
923212128
936289053
949257349
962289200
975332098
988426619
1001548480
1014533315
1027602024
1040669035
1053724112
1066831086
1079868293
1092888975
1105931062
1118954682
1132011320
1145095146
1158127257
1171230560
1184378951
1197415683
1210477416
1223534115
1236574090
1249608007
1262691848
1275793146
1288865099
1301943218
1315008026
1328068396
1341133923
1354195885
1367219979
1380338490
1393410397
1406503632
1419578155
1432646620
1445735785
1458827505
1471778282
1484819467
1497850400
1510855370
1523932402
1537032537
1550037798
1563131354
1576236737
1589308981
1602354510
1615416304
1628462033
1641487167
1654591862
1667662637
1680713369
1693791013
1706859860
1719935974
1732995519
1746042992
1759044442
1772132307
1785203571
1798278829
1811355785
1824350610
1837429769
1850508576
1863539694
1876613941
1889652372
1902721571
1915798924
1928895709
1941972604
1955035774
1968126057
1981231501
1994273175
2007357552
2020392570
2033428430
2046537730
2059632220
2072739026
2085816961
2098881249
2111968165
2125022462
2138081012
2151118524
2164191288
2177253923
2190362489
2203439751
2216439013
2229482584
2242568093
2255603739
2268585009
2281653657
2294694260
2307745649
2320871336
2333938239
2346949283
2360087102
2373178394
2386225255
2399274763
2412318273
2425333371
2438414534
2451482433
2464572286
2477653924
2490664187
2503754072
2516743879
2529808166
2542831128
2555877515
2568956934
2582016341
2595118802
2608195085
2621213595
2634302699
2647349253
2660380952
2673449294
2686477030
2699472513
2712551917
2725594371
2738670960
2751744321
2764820007
2777829872
2790828767
2803851148
2816889089
2829988153
2843019439
2856066835
2869167552
2882224235
2895286014
2908338229
2921400650
2934440259
2947495122
2960606472
2973651313
2986777122
2999833193
3012879855
3025905204
3038869980
3051930871
3064944715
3077966927
3091053384
3104187884
3117237376
3130283349
3143335535
3156340611
3169360682
3182405110
3195426940
3208462004
3221573140
3234651840
3247707223
3260812943
3273881193
3286927611
3300011069
3313065534
3326100139
3339152967
3352235523
3365358012
3378450512
3391520507
3404597478
3417671083
3430698574
3443778009
3456771732
3469791772
3482820870
3495921250
3508966076
3522065110
3535084752
3548190609
3561220258
3574345592
3587399323
3600423815
3613539220
3626626473
3639689276
3652732771
3665766749
3678747728
3691780788
3704758707
3717770531
3730809528
3743877900
3756973170
3770063835
3783126133
3796189013
3809264409
3822284693
3835320125
3848366833
3861415392
3874464716
3887546476
3900614191
3913680054
3926761401
3939872231
3952881378
3965936669
3978985580
3991999270
4005097478
4018172919
4031230612
4044321032
4057350435
4070399882
4083463833
4096477156
4109532065
4122611224
4135682855
4148767660
4161783171
4174845959
4187898756
4200972576
4214007441
4227031582
4240089015
4253133764
4266185980
4279238349
4292256048
4305318438
4318394400
4331489868
4344580839
4357675329
4370706737
4383741786
4396822077
4409895988
4422952764
4436060549
4449101137
4462165975
4475216936
4488238935
4501281114
4514336649
4527429640
4540508906
4553600473
4566671172
4579729982
4592784768
4605826503
4618851607
4631912422
4644930151
4657986299
4671119330
4684167629
4697249832
4710337575
4723416260
4736482659
4749527806
4762540869
4775585756
4788641904
4801736990
4814794821
4827945707
4840988467
4854038832
4867086626
4880124475
4893152272
4906194665
4919288160
4932353901
4945431530
4958517330
4971564940
4984648965
4997693546
5010702615
5023774492
5036805884
5049891270
5062983435
5076037150
5089102156
5102186410
5115266197
5128312675
5141358067
5154383416
5167409637
5180504356
5193601998
5206644131
5219704593
5232781366
5245824432
5258883150
5271932214
5284953524
5298008112
5311106090
5324202247
5337253637
5350324473
5363374393
5376452895
5389480539
5402544291
5415575499
5428596366
5441663499
5454763604
5467769460
5480815342
5493892436
5506966546
5520013575
5532942932
5545993541
5559025270
5572143704
5585247527
5598274850
5611383415
5624395668
5637363458
5650438195
5663448887
5676496452
5689557495
5702626067
5715721245
5728809033
5741882363
5754951363
5768009026
5781038796
5794067527
5807123874
5820150263
5833204605
5846299799
5859355993
5872442725
5885505621
5898563589
5911611047
5924688599
5937766794
5950812171
5963900724
5976984305
5990025857
6003100594
6016160399
6029236926
6042353662
6055381490
6068430921
6081516751
6094582492
6107676645
6120757824
6133820719
6146874174
6159948973
6172990387
6186019775
6199053417
6212107728
6225095057
6238207019
6251279400
6264348829
6277417523
6290462410
6303496556
6316566994
6329587570
6342619544
6355702880
6368785420
6381832862
6394931559
6407974090
6421060777
6434121561
6447169248
6460213860
6473272073
6486345036
6499439862
6512505052
6525597354
6538883736
6551956209
6564989208
6578020035
6591079227
6604108019
6617183842
6630294504
6643359450
6656438471
6669512306
6682580219
6695614748
6708700838
6721754844
6734818091
6747914983
6760988359
6774056762
6787155826
6800226203
6813305944
6826347052
6839422172
6852474755
6865539012
6878638351
6891730209
6904830192
6917916940
6930974465
6944066874
6957092299
6970157719
6983214723
6996240394
7009314596
7022455291
7035485536
7048579292
7061659109
7074744984
7087774067
7100842715
7113919319
7126958223
7140037168
7153152650
7166212378
7179257663
7192315830
7205395509
7218445491
7231501961
7244541952
7257658626
7270752076
7283851446
7296967861
7309998228
7323067519
7336155384
7349182033
7362221795
7375277162
7388266969
7401346526
7414439119
7427505992
7440592296
7453695798
7466765103
7479792702
7492842439
7505935276
7518974043
7532077636
7545142689
7558190682
7571258794
7584330349
7597394392
7610470063
7623515761
7636562224
7649630749
7662715371
7675808131
7688909430
7701956856
7715007527
7728076603
7741108853
7754148125
7767189967
7780231289
7793294842
7806390617
7819517375
7832600726
7845666161
7858773900
7871794185
7884821355
7897847836
7910876367
7923976962
7937044585
7950136091
7963206498
7976265768
7989348599
8002413498
8015458967
8028509622
8041583457
8054678329
8067773308
8080860806
8093921528
8107006364
8120073267
8133112784
8146178311
8159229165
8172266739
8185328578
8198433809
8211515033
8224587017
8237677437
8250759931
8263797199
8276879418
8289930762
8302971441
8316066344
8329162394
8342221342
8355306147
8368380288
8381458406
8394503615
8407564827
8420599019
8433637144
8446730165
8459830499
8472929747
8486013940
8499049371
8512130382
8525170205
8538120568
8551194082
8564205722
8577274722
8590398266
8603450008
8616515841
8629594770
8642656365
8655699462
8668758303
8681812798
8694854793
8707938084
8721026790
8734105199
8747171093
8760231081
8773302667
8786329470
8799404498
8812475135
8825562097
8838641332
8851716666
8864814996
8877871420
8890945025
8904055473
8917080837
8930127514
8943151914
8956172765
8969227169
8982316013
8995385074
9008465472
9021539843
9034622108
9047651787
9060647683
9073702010
9086775906
9099778948
9112894521
9125945054
9139012814
9152078448
9165110575
9178143069
9191224569
9204270344
9217325681
9230404794
9243475523
9256558354
9269623345
9282680579
9295743826
9308765182
9321809258
9334852860
9347880091
9360945587
9374015536
9387102972
9400193147
9413288387
9426362940
9439383439
9452435441
9465458480
9478506090
9491574004
9504663735
9517669974
9530742585
9543789216
9556864811
9569953563
9582993982
9596062462
9609115183
9622061997
9635137851
9648251818
9661303008
9674393382
9687472312
9700503750
9713534148
9726570605
9739626585
9752684477
9765775126
9778856779
9791928962
9804971890
9818051202
9831076490
9844135499
9857165622
9870202859
9883307079
9896368567
9909434109
9922500324
9935557023
9948626834
9961690249
9974713074
9987781355
10000852435
10013940132
10027010646
10040088888
10053170602
10066226612
10079316481
10092379116
10105392256
10118424107
10131474502
10144530207
10157626899
10170687331
10183705902
10196804370
10209851736
10222890579
10235951317
10248978166
10262023313
10275123739
10288204015
10301278905
10314344998
10327418343
10340486487
10353540569
10366591347
10379628813
10392698287
10405822643
10418895911
10431951539
10445023660
10458115442
10471180081
10484198775
10497219595
10510263962
10523264341
10536330097
10549424312
10562403852
10575484878
10588580240
10601582547
10614619080
10627662851
10640702016
10653730302
10666777530
10679836983
10692927311
10706003288
10719085323
10732151921
10745193855
10758256506
10771287164
10784370867
10797465326
10810521229
10823575725
10836609948
10849494368
10862575914
10875613809
10888658696
10901719235
10914743636
10927799585
10940898374
10953903267
10966980712
10980068164
10993167840
11006187161
11019258685
11032239312
11045281736
11058376134
11071482145
11084558489
11097601693
11110693245
11123735837
11136781887
11149818237
11162870820
11175884357
11188779503
11201879394
11214949388
11227963706
11241043844
11254110778
11267042415
11280097323
11293146862
11306154447
11319232551
11332328999
11345398749
11358482895
11371590558
11384699966
11397742619
11410811481
11423826839
11436888465
11449951482
11463039087
11476008729
11489074638
11502121851
11515203289
11528271830
11541328070
11554366164
11567419374
11580491327
11593601055
11606687604
11619735307
11632815598
11645898062
11658942153
11672012102
11685054801
11698097699
11711156785
11724267492
11737333708
11750420502
11763476848
11776572730
11789609172
11802679380
11815716465
11828774173
11841869963
11854887570
11867933804
11881024974
11894094356
11907140605
11920195804
11933230348
11946295630
11959360316
11972476271
11985560908
11998672457
12011772654
12024817418
12037898842
12050934013
12063982725
12077034528
12090117145
12103180056
12116273841
12129342046
12142418543
12155528853
12168633593
12181681846
12194753799
12207792811
12220823775
12233918204
12247006696
12260103557
12273173460
12286244433
12299310021
12312327322
12325342374
12338385915
12351406827
12364520702
12377599310
12390697304
12403770327
12416863042
12429962550
12443000859
12456039243
12469102628
12482138901
12495164679
12508281690
12521355372
12534420118
12547541199
12560569792
12573608467
12586690656
12599728352
12612796464
12625889562
12638950146
12651984890
12665048290
12678132146
12691198178
12704238551
12717300161
12730340734
12743408800
12756513801
12769588263
12782632615
12795677395
12808742141
12821841695
12834872460
12847924294
12860977764
12874017067
12887082333
12900209550
12913270793
12926343373
12939462710
12952537508
12965570982
12978649100
12991694599
13004772840
13017874797
13031007781
13044042677
13057088375
13070183553
13083238906
13096302092
13109364405
13122410241
13135490991
13148568054
13161674004
13174816536
13187901463
13200985028
13214065687
13227122737
13240153747
13253182830
13266207505
13279274761
13292389539
13305475139
13318556486
13331645284
13344749535
13357769315
13370838009
13383879255
13396917333
13410027138
13423121383
13436197467
13449258052
13462339445
13475369644
13488427016
13501492588
13514532289
13527614370
13540703872
13553804069
13566886992
13579962723
13593057060
13606127697
13619158952
13632195042
13645246278
13658288289
13671347742
13684424759
13697523486
13710609515
13723682187
13736773234
13749807763
13762838146
13775828994
13788868082
13801977428
13815038610
13828089831
13841192720
13854034163
13867066198
13880091180
13893017737
13906044035
13919168803
13932238935
13945320542
13958364710
13971417477
13984482958
13997566845
14010602307
14023644363
14036689465
14049749239
14062811124
14075899433
14088960859
14102026355
14115144912
14128236372
14141250414
14154335938
14167370636
14180405517
14193513593
14206588498
14219620120
14232666293
14245723129
14258780899
14271828203
14284866435
14297896833
14310974125
14324035276
14337095662
14350118472
14363151425
14376240391
14389532312
14402579831
14415550344
14428668794
14441688987
14454521816
14467614684
14480655471
14493716775
14506833235
14519894876
14532931485
14545991795
14559029690
14572074439
14585174437
14598259839
14611321127
14624390142
14637466655
14650548415
14663545535
14676563051
14689582524
14702688994
14715791379
14728844665
14741934856
14754995838
14768024385
14781113000
14794166960
14807166482
14820200965
14833031086
14846089636
14859214328
14872268900
14885333295
14898447935
14911539456
14924563505
14937641394
14950673352
14963732254
14976790605
14989888033
15002978652
15016042434
15029103769
15042159779
15055184225
15068245636
15081231068
15094346335
15107454044
15120560620
15133655462
15146731791
15159799153
15172938197
15185964525
15199003231
15212038035
15225089103
15238145098
15251230546
15264312245
15277418118
15290502754
15303609652
15316667391
15329665353
15342682792
15355739797
15368810877
15381908840
15394930731
15408022743
15421113621
15434175017
15447226698
15460293142
15473322286
15486445830
15499540702
15512634672
15525715193
15538785447
15551860032
15564936131
15577968135
15591069755
15604112377
15617120437
15630119639
15643262430
15656337244
15669429714
15682515192
15695643357
15708673281
15721725772
15734773735
15747813389
15760883001
15773909008
15786960046
15800058529
15813130007
15826190148
15839207205
15852216198
15865272560
15878343794
15891433984
15904516081
15917541216
15930593340
15943618153
15956731921
15969763161
15982839734
15995902078
16008929386
16021992465
16035073092
16048152940
16061231640
16074339426
16087381788
16100329597
16113377161
16126409793
16139433015
16152513093
16165597821
16178688134
16191763085
16204755983
16217803655
16230831712
16243874105
16256920660
16269969142
16283060557
16296115572
16309215096
16322264604
16335338622
16348391587
16361446266
16374449522
16387476462
16400469942
16413520918
16426625659
16439652951
16452738888
16465834800
16478904489
16491925768
16504971252
16517989838
16531019135
16544079108
16557161801
16570200507
16583230323
16596307861
16609348953
16622390077
16635449866
16648466601
16661499860
16674601281
16687599778
16700689525
16713752742
16726829667
16739940803
16752960782
16765986666
16779043717
16792082025
16805136658
16818212390
16831259786
16844333529
16857434353
16870534886
16883596955
16896663033
16909713321
16922744392
16935792905
16948883478
16961963861
16975015297
16988128422
17001181265
17014181078
17027200766
17040242991
17053236547
17066231265
17079273138
17092368990
17105394537
17118444458
17131532308
17144463791
17157504012
17170550108
17183584698
17196647073
17209668796
17222723368
17235798824
17248875275
17262006194
17275049857
17288115308
17301171899
17314201639
17327308262
17340378425
17353440891
17366492511
17379543870
17392594387
17405643558
17418651542
17431688763
17444748706
17457861708
17470971131
17484087270
17497144627
17510214040
17523286543
17536331859
17549363481
17562407465
17575434497
17588476722
17601584431
17614644159
17627720671
17640812438
17653915449
17666962509
17680058269
17693095185
17706153780
17719284730
17732379388
17745441182
17758547559
17771627269
17784697616
17797714565
17810732386
17823775269
17836826353
17849922770
17863028337
17876082129
17889133763
17902220679
17915253939
17928324285
17941387012
17954423285
17967455565
17980509785
17993601337
18006651702
18019722231
18032799126
18045858870
18058858866
18071979152
18085014706
18098046435
18111131883
18124203851
18137264849
18150337444
18163400064
18176499174
18189539364
18202599306
18215643429
18228688071
18241803965
18254884012
18267972152
18281057064
18294119332
18307177882
18320192536
18333238219
18346291322
18359339147
18372371886
18385441589
18398484212
18411535862
18424612879
18437686576
18450732243
18463821102
18476820594
18489864258
18502983809
18516046796
18529107702
18542176090
18555229468
18568309285
18581361042
18594406189
18607448292
18620507806
18633637118
18646727967
18659826067
18672878880
18685912292
18698967307
18711965499
18725015236
18738075806
18751104781
18764184231
18777300599
18790353243
18803452354
18816525469
18829572973
18842613759
18855697401
18868761383
18881802292
18894812815
18907892663
18920943333
18933976501
18947065865
18960076755
18973117802
18986136710
18999120627
19012186735
19025301788
19038415372
19051482796
19064492003
19077502741
19090577264
19103609513
19116641717
19129699823
19142741528
19155804974
19168846158
19181850776
19194884555
19208024042
19221111249
19234122782
19247176222
19260215218
19273259845
19286360149
19299437181
19312482451
19325556882
19338618814
19351705409
19364748093
19377779607
19390826759
19403923743
19416936653
19430077455
19443174898
19456194571
19469288877
19482358994
19495390509
19508432994
19521430711
19534486843
19547544567
19560667729
19573734663
19586800863
19599838070
19612942948
19625953686
19638998741
19652028879
19664971149
19678075278
19691161475
19704223590
19717299322
19730360809
19743398781
19756396238
19769442196
19782510844
19795605410
19808653419
19821781476
19834878781
19847922934
19861009850
19874093462
19887141149
19900163147
19913211018
19926266171
19939292744
19952349703
19965371823
19978364002
19991446282
20004503195
20017529738
20030604949
20043641039
20056694540
20069780125
20082846769
20095894410
20108974946
20122036082
20135141541
20148141906
20161187007
20174223510
20187264281
20200359429
20213460451
20226462147
20239555030
20252608393
20265670309
20278717384
20291763541
20304820485
20317862342
20330925788
20344041086
20357114538
20370183660
20383260968
20396347502
20409413931
20422522482
20435503507
20448551393
20461613324
20474693860
20487741853
20500726611
20513813283
20526893696
20539927827
20552951983
20565928479
20578919480
20591989627
20605090803
20618200363
20631283821
20644382855
20657469833
20670489108
20683471678
20696490937
20709470509
20722556262
20735637165
20748696450
20761748145
20774861087
20787924732
20800938973
20814000445
20827035296
20840076786
20853204201
20866277011
20879285301
20892321283
20905400412
20918467897
20931490737
20944501336
20957537457
20970643681
20983745194
20996860400
21009948693
21023007166
21036048320
21049162027
21062200029
21075246048
21088323953
21101384140
21114456903
21127559013
21140625794
21153719167
21166722759
21179831983
21192855496
21205830447
21218870147
21231906558
21244975389
21258039616
21271074328
21284096296
21297129219
21310144439
21323154182
21336180571
21349190957
21362303883
21375365998
21388420279
21401491054
21414563787
21427617977
21440716888
21453776876
21466832871
21479887443
21492924359
21505991094
21519094764
21532149397
21545193183
21558279303
21571393806
21584439442
21597487389
21610539881
21623570340
21636712428
21649781336
21662833674
21675916918
21688973847
21702053067
21715130788
21728171697
21741150289
21754100714
21767007105
21780086203
21793160696
21806226850
21819296079
21832406527
21845445753
21858493195
21871536415
21884596785
21897611532
21910730180
21923789418
21936872938
21949987364
21963032220
21976067575
21989111667
22002084414
22015114506
22028189902
22041254587
22054266319
22067335564
22080408389
22093496667
22106521404
22119548283
22132592787
22145650848
22158708663
22171779943
22184844093
22197885966
22210892955
22224062078
22237231461
22250289016
22263345072
22276403500
22289447561
22302546824
22315613208
22328672890
22341771128
22354879617
22367920006
22380951781
22393934153
22407011629
22420055185
22433138704
22446253880
22459367127
22472420399
22485564001
22498645884
22511672870
22524724520
22537848492
22551006798
22564123366
22577235634
22590299448
22603361853
22616503788
22629537889
22642568348
22655638128
22668665038
22681737557
22694870250
22707910609
22720984719
22734022461
22747096066
22760168616
22773183714
22786187597
22799215776
22812314351
22825403929
22838441090
22851511666
22864567232
22877587272
22890616798
22903646859
22916701278
22929753724
22942820536
22955904407
22969011152
22982093876
22995183409
23008326522
23021301044
23034317274
23047372351
23060430718
23073482337
23086571823
23099655358
23112732391
23125768557
23138854662
23151909112
23164935731
23177972264
23191016524
23204108520
23217184680
23230240200
23243300464
23256381536
23269410939
23282480796
23295522608
23308540444
23321644022
23334715363
23347815070
23360921050
23373986148
23387064435
23400149470
23413184748
23426229391
23439268525
23452323617
23465406326
23478502468
23491564430
23504592717
23517683963
23530810919
23543875283
23556928509
23569944586
23583016998
23596104969
23609164866
23622177286
23635251901
23648312823
23661324524
23674357370
23687356174
23700389066
23713490899
23726595961
23739693557
23752801174
23765865156
23778909339
23791973810
23805024297
23818087345
23831120834
23844171764
23857217126
23870340563
23883402372
23896480383
23909618249
23922739636
23935782840
23948852115
23961898456
23974945898
23988050746
24001150376
24014219514
24027308557
24040296834
24053384699
24066497059
24079546138
24092593565
24105668823
24118755448
24131860250
24144968403
24158035949
24171123049
24184238668
24197301900
24210344430
24223395591
24236453682
24249515169
24262608343
24275624068
24288692303
24301806147
24314879401
24327922100
24340983373
24354014796
24367065345
24380164455
24393284863
24406348967
24419411066
24432480678
24445579069
24458620453
24471654523
24484653709
24497745215
24510839995
24523920761
24537029633
24550105824
24563166485
24576261694
24589274007
24602321312
24615355626
24628345418
24641400526
24654520291
24667582222
24680687407
24693793953
24706854186
24719930285
24732979257
24746011369
24759068741
24772147808
24785235795
24798270707
24811334122
24824406320
24837468756
24850514974
24863569102
24876599378
24889667383
24902763235
24915793220
24928883609
24941923034
24954984965
24968102895
24981141753
24994179174
25007226402
25020265491
25033334735
25046430082
25059493405
25072566154
25085625316
25098766731
25111790305
25124854485
25137900642
25150936380
25164014437
25177112568
25190197832
25203263084
25216305584
25229341383
25242390860
25255437935
25268498336
25281628368
25294702447
25307781040
25320883593
25333969392
25347033603
25360147723
25373181655
25386201450
25399221490
25412277424
25425343165
25438450797
25451532037
25464612206
25477652075
25490748737
25503725876
25516734043
25529757602
25542794824
25555897162
25568970507
25582001823
25595061184
25608095254
25621113764
25634143581
25647145077
25660177938
25673244781
25686279922
25699405884
25712472742
25725555756
25738646314
25751723714
25764765541
25777828390
25790858956
25803913192
25817001516
25830138203
25843203393
25856273127
25869373263
25882442094
25895431335
25908487927
25921538934
25934528098
25947579090
25960614507
25973671481
25986715710
25999787770
26012857473
26025858832
26038890209
26051932327
26064998619
26078105104
26091206478
26104274438
26117395749
26130467380
26143542255
26156561591
26169611619
26182691757
26195737241
26208749907
26221842790
26234897821
26247981493
26261061433
26274152602
26287222383
26300272824
26313297270
26326348858
26339468639
26352503260
26365542241
26378597379
26391658591
26404768152
26417792062
26430835771
26443865848
26456903406
26469987201
26483068533
26496186478
26509288220
26522353226
26535460874
26548527885
26561530161
26574577787
26587630141
26600704434
26613809848
26626865889
26639931294
26652993898
26666143911
26679177002
26692192376
26705242985
26718276871
26731378368
26744522828
26757613064
26770663719
26783744286
26796807350
26809866236
26822906946
26835915435
26848997547
26862065338
26875177943
26888259596
26901341937
26914379817
26927496828
26940526905
26953578295
26966633708
26979688173
26992763079
27005872930
27018932841
27032010792
27045068409
27058199572
27071247764
27084301770
27097341532
27110366682
27123462487
27136543911
27149574707
27162641840
27175681877
27188767646
27201820366
27214850627
27227868295
27240929064
27254022498
27267106828
27280205984
27293279834
27306358488
27319460858
27332513196
27345552881
27358621498
27371636214
27384698681
27397816610
27410875221
27423941085
27437009625
27450102830
27463131637
27476196047
27489249104
27502262442
27515367153
27528471587
27541529586
27554655747
27567727929
27580764646
27593835482
27606885174
27619925486
27632989896
27646055637
27659158266
27672251930
27685342457
27698421539
27711522103
27724558499
27737595047
27750649023
27763688570
27776732417
27789839575
27802886650
27815974545
27829080204
27842208032
27855228455
27868294899
27881301093
27894294557
27907373945
27920446755
27933495360
27946584984
27959646533
27972712458
27985749909
27998782663
28011823159
28024884188
28037970721
28051052497
28064148027
28077206271
28090250378
28103359295
28116415780
28129473090
28142563005
28155599156
28168648542
28181801156
28194854030
28207898244
28220977051
28234094001
28247142024
28260185795
28273252790
28286276472
28299330738
28312410279
28325473786
28338531847
28351589555
28364676686
28377719966
28390730382
28403772883
28416830270
28429938545
28443135958
28456229101
28469328640
28482392285
28495520526
28508551521
28521602237
28534673685
28547717731
28560741596
28573803175
28586845048
28599923641
28613000964
28626100794
28639158288
28652216930
28665277331
28678325951
28691425781
28704541706
28717604035
28730678160
28743720385
28756700155
28769777540
28782826175
28795862311
28808948615
28822033037
28835148060
28848240224
28861315236
28874393248
28887551860
28900598155
28913644633
28926692198
28939752737
28952832768
28965936269
28978980606
28992055144
29005131779
29018245439
29031329341
29044318108
29057363454
29070399069
29083493391
29096588003
29109628132
29122699687
29135775067
29148822004
29161914413
29174954496
29187946782
29201006571
29214099347
29227207331
29240288739
29253330276
29266412021
29279512278
29292562551
29305624513
29318679269
29331717546
29344809970
29357920464
29370979121
29384063191
29397143024
29410234622
29423309925
29436359586
29449370262
29462423503
29475510006
29488592944
29501646155
29514725635
29527785333
29540837518
29553875489
29566920177
29579970205
29593046978
29606131278
29619214874
29632304268
29645370407
29658452841
29671549732
29684569650
29697569234
29710599662
29723667867
29736687646
29749827654
29762863789
29775932315
29789033429
29802146111
29815171857
29828295999
29841335469
29854360451
29867474142
29880601726
29893664988
29906733973
29919826367
29932920214
29945979406
29959016919
29972067804
29985089022
29998193502
30011278292
30024360404
30037416368
30050504064
30063640675
30076827760
30089956384
30102999374
30116011795
30129059038
30142168292
30155231187
30168295903
30181379974
30194461214
30207502934
30220591946
30233643397
30246701105
30259811889
30272921786
30285994152
30299064453
30312108682
30325151075
30338197477
30351222122
30364246201
30377323065
30390426138
30403505282
30416626623
30429696495
30442756254
30455869134
30468877118
30481939783
30494995304
30507982755
30521049215
30534156434
30547212842
30560292996
30573362562
30586443327
30599514485
30612580180
30625629519
30638677114
30651765805
30664839196
30677918937
30690991808
30704036373
30717107102
30730175827
30743213645
30756234190
30769304383
30782394589
30795478078
30808544370
30821569046
30834654600
30847785733
30860817570
30873862365
30886905737
30899926756
30912963320
30926059432
30939146914
30952231780
30965332941
30978411947
30991457507
31004498646
31017547908
31030579056
31043666309
31056726389
31069768736
31082861956
31095939952
31108999420
31122060066
31135107050
31148148295
31161229229
31174325310
31187428781
31200596711
31213646846
31226725592
31239763074
31252801902
31265862624
31278908598
31291961808
31305049719
31318168857
31331246700
31344341404
31357381074
31370468617
31383502182
31396572605
31409603937
31422629867
31435741340
31448795223
31461854921
31474925711
31487967079
31501047768
31514143986
31527126511
31540177809
31553250327
31566340518
31579459992
31592498591
31605571034
31618675514
31631789313
31644840105
31657898472
31670937285
31683990602
31697059143
31710162920
31723265381
31736305969
31749369430
31762445361
31775520404
31788570983
31801602911
31814657253
31827804207
31840885340
31853949642
31867044163
31880117768
31893177312
31906235541
31919306086
31932341181
31945385135
31958474652
31971573747
31984647016
31997678057
32010727580
32023840506
32036869282
32049869646
32062908490
32075960216
32089030975
32102175312
32115209597
32128255096
32141323361
32154417193
32167472576
32180561879
32193548947
32206611154
32219689349
32232727566
32245783668
32258867095
32271923962
32285063908
32298114426
32311171308
32324203863
32337263790
32350348305
32363427249
32376565375
32389604601
32402669133
32415821396
32428872479
32441914719
32454965130
32468009986
32481071214
32494185349
32507261524
32520321207
32533363171
32546441412
32559490844
32572507594
32585509458
32598536964
32611634391
32624733624
32637796075
32650859827
32663921499
32676959914
32690017010
32703092023
32716079535
32729131965
32742239353
32755269659
32768351159
32781419271
32794470676
32807597373
32820641877
32833677141
32846724261
32859750391
32872824241
32885907240
32898952173
32912020500
32925042697
32938125314
32951186082
32964244694
32977279008
32990355444
33003435445
33016522040
33029550938
33042604133
33055667273
33068731867
33081837541
33094844851
33107886357
33120945442
33134044644
33147164930
33160182751
33173189725
33186269511
33199314552
33212372199
33225417377
33238460336
33251480667
33264537243
33277647400
33290723851
33303788138
33316870097
33329953693
33343002681
33356046390
33369073085
33382096537
33395199411
33408274715
33421328537
33434387867
33447390695
33460483149
33473527929
33486603034
33499650614
33512661765
33525735737
33538820205
33551967862
33565050143
33578129608
33591242702
33604286212
33617342498
33630344683
33643347908
33656247353
33669369857
33682422945
33695481969
33708562353
33721614737
33734635434
33747685937
33760725056
33773746136
33786840136
33799951303
33813023240
33826091827
33839140937
33852216699
33865254549
33878310452
33891359684
33904340143
33917430700
33930486818
33943482531
33956528810
33969602002
33982713567
33995750635
34008699637
34021748671
34034804115
34047872901
34060984205
34074002929
34087079334
34100178934
34113266202
34126324844
34139393461
34152434493
34165472449
34178539016
34191645241
34204701343
34217730961
34230748660
34243776396
34256827219
34269878823
34282921078
34295970020
34309060838
34322133265
34335226133
34348303318
34361358273
34374485780
34387557273
34400603844
34413647904
34426617607
34439638336
34452731586
34465800357
34478885559
34491969385
34505060967
34518137265
34531139236
34544156201
34557170029
34570272337
34583408687
34596489300
34609539343
34622584062
34635609671
34648687208
34661743723
34674812387
34687888073
34700984460
34714089017
34727188892
34740248360
34753337265
34766535168
34779578035
34792634214
34805677509
34818737375
34831822104
34844907077
34857934246
34870977726
34884044676
34897136549
34910185506
34923255638
34936296593
34949289001
34962383154
34975469550
34988528850
35001578327
35014644695
35027709197
35040756303
35053786242
35066828925
35079883987
35092951839
35106034365
35119099279
35132069074
35145107474
35158182992
35171233096
35184283782
35197284330
35210318094
35223373997
35236435010
35249514628
35262595256
35275670238
35288747898
35301806081
35314870246
35327931703
35340928578
35354021370
35367068812
35380136634
35393196377
35406247231
35419287406
35432290907
35445267112
35458338881
35471411278
35484438157
35497522135
35510529614
35523577439
35536630312
35549747568
35562855813
35575896171
35588947331
35601984324
35615003201
35628093881
35641142256
35654148144
35667243689
35680327499
35693332606
35706387209
35719360446
35732374825
35745470921
35758541222
35771644876
35784722536
35797787175
35810841808
35823891377
35836941497
35849989612
35863010769
35876111149
35889207766
35902267249
35915341068
35928412103
35941432113
35954551373
35967578558
35980693167
35993768272
36006841234
36019971924
36033015480
36046052809
36059141301
36072192813
36085227005
36098267165
36111270451
36124298967
36137389433
36150513406
36163588296
36176659606
36189679447
36202702761
36215779626
36228831015
36241871557
36254840908
36267912891
36281136284
36294236358
36307273411
36320271052
36333336349
36346371093
36359432305
36372484459
36385552893
36398617655
36411705887
36424782078
36437886268
36450974622
36464092582
36477127570
36490213568
36503245802
36516312385
36529360225
36542473518
36555512897
36568576236
36581631558
36594684401
36607748459
36620789766
36633612696
36646650055
36659755026
36672871394
36685958662
36698957604
36712012971
36725092237
36738154857
36751209337
36764251822
36777291232
36790356177
36803462035
36816475098
36829534842
36842601914
36855679925
36868732799
36881740691
36894758084
36907796025
36920811061
36933886426
36946911301
36960004735
36973060347
36986093438
36999117486
37012078346
37025149901
37038213072
37051295979
37064406687
37077493266
37090552903
37103627916
37116703862
37129760010
37142792381
37155764303
37168802473
37181861604
37195009063
37208047356
37221097491
37234169811
37247256069
37260328618
37273425449
37286462349
37299505385
37312615665
37325697455
37338760565
37351845721
37364902772
37377960373
37391044214
37404078682
37417122070
37430192523
37443265761
37456339152
37469412543
37482462280
37495535121
37508554854
37521632116
37534667074
37547719641
37560761163
37573801001
37586930007
37599987410
37613078809
37626187359
37639263795
37652319897
37665380176
37678430877
37691462728
37704555948
37717639070
37730688532
37743757317
37756832896
37769930002
37783004403
37796036377
37809077852
37822126167
37835221314
37848315498
37861349675
37874435949
37887507718
37900563498
37913632590
37926825306
37939915496
37952952856
37965944193
37979045675
37992118591
38005138769
38018212512
38031274214
38044344545
38057411877
38070457254
38083535755
38096629326
38109658179
38122716668
38135764508
38148847033
38161936841
38174980106
38188032597
38201084584
38214134902
38227191264
38240212758
38253272731
38266325176
38279381982
38292508816
38305578106
38318628486
38331672486
38344704276
38357763989
38370858723
38383868405
38396945285
38410065754
38423153925
38436230651
38449307408
38462360557
38475387742
38488453498
38501544102
38514545399
38527627710
38540682313
38553783091
38566837127
38579916914
38592967584
38606035253
38619130645
38632183381
38645273709
38658366654
38671424638
38684500737
38697562087
38710624462
38723701785
38736745876
38749815779
38762847600
38775907680
38789000242
38802087495
38815159554
38828220797
38841262731
38854338892
38867391230
38880453666
38893561375
38906603921
38919675170
38932742732
38945792408
38958883654
38971931020
38984980068
38998051057
39011128365
39024244137
39037308639
39050356356
39063426106
39076504408
39089527615
39102616597
39115642788
39128677638
39141709964
39154796604
39167873958
39180935247
39194010841
39207092066
39220116665
39233177801
39246231393
39259233349
39272292847
39285346976
39298412961
39311493788
39324553210
39337601463
39350714757
39363757716
39376791526
39389855645
39402915083
39416002978
39429085365
39442149898
39455232683
39468284073
39481307540
39494406114
39507477180
39520502192
39533579974
39546682282
39559752414
39572817253
39585873339
39598924041
39611954148
39625104865
39638133764
39651167497
39664273446
39677345690
39690413772
39703480186
39716531025
39729594364
39742638272
39755629486
39768703704
39781776727
39794873803
39807965278
39820938929
39834024560
39847077510
39860171770
39873217361
39886272453
39899338378
39912389706
39925440591
39938529022
39951530411
39964606342
39977676902
39990760560
40003781074
40016876420
40029917681
40042938853
40056043594
40069149283
40082204161
40095246952
40108298495
40121357519
40134385775
40147449435
40160516232
40173549966
40186632598
40199690046
40212731843
40225764444
40238777997
40251869977
40264900650
40277942508
40291010055
40304037270
40317058305
40330136377
40343192586
40356267599
40369349115
40382399754
40395445468
40408494210
40421540765
40434584031
40447671467
40460761183
40473762618
40486809586
40499881095
40512929302
40525906365
40538940373
40551910749
40564985227
40578086770
40591182499
40604254758
40617317010
40630349596
40643462889
40656484260
40669556014
40682637315
40695644886
40708729170
40721832611
40734897296
40747959319
40761073240
40774228256
40787261898
40800333958
40813354089
40826354744
40839508919
40852613339
40865655273
40878725252
40891756048
40904800476
40917852906
40930899139
40943929675
40957011971
40970010973
40983075322
40996161458
41009197945
41022268414
41035424364
41048523336
41061590791
41074667808
41087713032
41100759311
41113840872
41126914783
41140001286
41153056486
41166125669
41179149565
41192191224
41205250080
41218286108
41231391078
41244456987
41257447009
41270533971
41283571759
41296619415
41309685539
41322744211
41335833009
41348927070
41361963221
41375053580
41388074813
41401120848
41414193719
41427262152
41440292199
41453371495
41466415097
41479427961
41492473430
41505521362
41518604912
41531673545
41544759405
41557869684
41570830207
41583927007
41596969079
41610004511
41623122884
41636156510
41649179595
41662214828
41675182190
41688239822
41701307980
41714357335
41727402268
41740452831
41753528012
41766602291
41779556418
41792688806
41805776992
41818877556
41831931057
41845001939
41858082490
41871136266
41884199957
41897295870
41910316246
41923212555
41936302929
41949399393
41962465853
41975523699
41988552383
42001590661
42014672895
42027707791
42040779178
42053869567
42066951083
42080014085
42093081891
42106134352
42119150414
42132201528
42145335920
42158407139
42171532488
42184617523
42197671773
42210717579
42223731804
42236802350
42249898798
42262960392
42276029790
42289163876
42302229388
42315325377
42328419453
42341505819
42354523258
42367583996
42380634452
42393673709
42406746885
42419841360
42432892382
42445860632
42458924491
42471959831
42484996624
42498056169
42511078993
42524132020
42537218783
42550277608
42564759517
42579304569
42592384800
42605477866
42618471407
42631419613
42644356972
42657398692
42670452667
42683545933
42696594599
42709678562
42722754661
42735805684
42748791176
42761861691
42774895547
42787910017
42800939191
42814018549
42827056980
42840138740
42853201513
42866259451
42879310060
42892693812
42906237540
42919577549
42932630040
42945695230
42959991841
42974584246
42989355815
43002634899
43015603715
43028655028
43041724471
43054807364
43067882652
43080985908
43094030627
43107033332
43120101261
43133189325
43146203780
43159269812
43172263291
43185312156
43198407319
43211455312
43224514520
43237587605
43250634894
43263674640
43276757808
43289788971
43302809745
43315875685
43328879018
43341967632
43355067752
43368123502
43381190008
43394246738
43407279293
43420347773
43433394878
43446459426
43459544032
43472680749
43485757170
43498817541
43511900907
43524957774
43538009868
43551090679
43564060321
43577071181
43590155251
43603227479
43616294750
43629367927
43642401660
43655441468
43668500676
43681539183
43694577323
43707638045
43720707198
43733797480
43746886034
43759926882
43772967714
43786040616
43799086390
43812149607
43825217979
43838298286
43851360217
43864501479
43877559937
43890560821
43903632070
43916751270
43929787788
43942890723
43955926323
43968980772
43982080036
43995211965
44008257907
44021336225
44034388946
44047474577
44060521101
44073589091
44086619229
44099679125
44112785595
44125862505
44138971927
44152037010
44165119796
44178200959
44191234218
44204283114
44217344999
44230418130
44243458075
44256549995
44269606602
44282687031
44295754470
44308861062
44321942684
44335009542
44348056617
44361122511
44374212640
44387305218
44400368771
44413489332
44426596719
44439662766
44452706659
44465795962
44478832709
44491915127
44504995694
44518093320
44531185086
44544205983
44557229848
44570297012
44583322560
44596341468
44609368377
44622435969
44635485875
44648526233
44661529550
44674581705
44687680494
44700740191
44713777352
44726844424
44739897726
44752940471
44765953718
44779011717
44792074153
44805150788
44818244757
44831302925
44844350076
44857398834
44870433547
44883506494
44896596516
44909665486
44922727264
44935803072
44948862189
44961944882
44974982639
44988043545
45001097092
45014137038
45027163412
45040219452
45053273351
45066347599
45079395164
45092494917
45105547836
45118631172
45131674040
45144584685
45157659560
45170717222
45183751506
45196829181
45209890577
45222920715
45235957815
45249001371
45262040444
45275093730
45288179208
45301273560
45314356896
45327409617
45340470615
45353484321
45366512715
45379560294
45392576999
45405654337
45418706614
45431804363
45444867916
45457930765
45471041259
45484120755
45497148444
45510305052
45523344600
45536366628
45549422700
45562525620
45575591667
45588656459
45601724633
45614782296
45627823205
45640877578
45653913178
45666871926
45679946877
45693062588
45706106466
45719133513
45732114216
45745173547
45758227369
45771256405
45784548709
45797615613
45810661081
45823756351
45836800213
45849880122
45862966181
45876041546
45889077513
45902162379
45915205874
45928241627
45941315798
45954391347
45967443624
45980534181
45993591216
46006642468
46019651110
46032734568
46045811402
46058882192
46071947718
46085043631
46098127441
46111176949
46124263712
46137374558
46150388187
46163450745
46176514758
46189520966
46202582653
46215696482
46228743220
46241814683
46254910229
46267986833
46281018195
46294091983
46307164533
46320213918
46333293429
46346361389
46359408693
46372481151
46385530092
46398558012
46411595433
46424654136
46437685237
46450755599
46463824033
46476938489
46490017694
46503088974
46516171315
46529264489
46542295637
46555365065
46568406907
46581415197
46594495228
46607595149
46620642974
46633712280
46646833422
46659930207
46672962364
46686034225
46699087114
46712131726
46725232779
46738342860
46751404761
46764519676
46777584315
46790542099
46803567953
46816597647
46829642825
46842695255
46855756743
46868847209
46881923078
46895000922
46908066724
46921136779
46934139744
46947190813
46960228983
46973320076
46986398379
46999486932
47012542361
47025632475
47038722007
47051819373
47064848899
47077908336
47090949597
47103999595
47117068962
47130152451
47143205768
47156299248
47169355748
47182406985
47195462475
47208452679
47221498791
47234561441
47247645175
47260748110
47273819634
47286895565
47299978580
47313044183
47326104967
47339157183
47352189861
47365272539
47378342135
47391449890
47404516167
47417589558
47430677820
47443814798
47456833384
47469897519
47482938428
47495997468
47509101000
47522180954
47535232680
47548346448
47561413015
47574467771
47587510118
47600573595
47613611719
47626684254
47639779172
47652869469
47665959430
47679040440
47692112852
47705191904
47718233609
47731294056
47744349684
47757396835
47770459960
47783653288
47796698052
47809779415
47822867922
47835906368
47848929667
47862028578
47875075286
47888094607
47901146930
47914204485
47927281732
47940373207
47953461072
47966526507
47979548597
47992607897
48005612010
48018689654
48031777978
48044867342
48057921394
48071032698
48084099893
48097208443
48110232996
48123296060
48136339295
48149312746
48162424708
48175527598
48188590921
48201648370
48214704931
48227708141
48240768389
48253822028
48266837937
48279868442
48292868714
48305979896
48319036365
48332049489
48345097192
48358152054
48371197018
48384259393
48397309421
48410372102
48423450879
48436550708
48449661706
48462724862
48475783901
48488862892
48501862277
48514905787
48527966923
48541017119
48554105856
48567193032
48580257503
48593351106
48606430892
48619526606
48632571600
48645619134
48658682029
48671715181
48684713265
48697789196
48710860935
48723944669
48736998353
48750027466
48763074541
48776104633
48789157736
48802236345
48815326413
48828395198
48841439427
48854516689
48867590662
48880672575
48893717309
48906767260
48919884685
48932916750
48946011317
48959113609
48972168809
48985229577
48998312867
49011435402
49024436363
49037521443
49050581492
49063627144
49076716769
49089779802
49102818462
49115922269
49128989831
49142056826
49155105967
49168142714
49181208884
49194270371
49207336128
49220444816
49233518421
49246587956
49259688183
49272754873
49285804656
49298881230
49311947567
49325011365
49338119411
49351225758
49364294742
49377314859
49390428535
49403524860
49416610109
49429944487
49442995846
49456023460
49469113574
49482182650
49495247856
49508345971
49521443246
49534520890
49547562840
49560611582
49573676941
49586724276
49599789849
49612894191
49625939063
49639015790
49652061335
49665132079
49678171794
49691222511
49704331811
49717389565
49730458320
49743577994
49756612829
49769690060
49782809428
49795879575
49808915634
49821986439
49835036972
49848095094
49861172172
49874263632
49887317317
49900390907
49913429643
49926485286
49939505326
49952548714
49965594075
49978586851
49991674700
50004781323
50017842367
50030921511
50043923282
50057035964
50070075037
50083114844
50096248074
50109271449
50122338444
50135448953
50148477133
50161525218
50174616892
50187682036
50200729876
50213772346
50226828188
50239878277
50252969722
50266067302
50279137970
50292194684
50305272910
50318346010
50331397308
50344445362
50357494625
50370558744
50383645691
50396717001
50409789994
50422836932
50435882171
50449006036
50462077163
50475131750
50488197048
50501228777
50514288321
50527378267
50540439311
50553521285
50566612210
50579676604
50592683379
50605646641
50618722694
50631761048
50644866095
50657974569
50671047118
50684125772
50697192554
50710250507
50723314718
50736307356
50749357552
50762422497
50775473963
50788505448
50801530445
50814565417
50827624319
50840726643
50853762763
50866825872
50879889272
50892915356
50905997514
50919108344
50932137977
50945220272
50958279113
50971387679
50984427807
50997484766
51010544005
51023574112
51036677001
51049762143
51062793428
51075907686
51088957132
51102017273
51115082662
51128121659
51141173905
51154266192
51167346728
51180478198
51193528164
51206595894
51219667312
51232686342
51245723625
51258788739
51271851863
51284910658
51297968214
51311087122
51324154439
51337239534
51350317271
51363423144
51376434386
51389533925
51402584549
51415616294
51428702215
51441766335
51454821381
51467901397
51480953077
51494006593
51507056973
51520092634
51533158498
51546233128
51559314536
51572396862
51585444886
51598508898
51611561940
51624651090
51637666984
51650725350
51663813031
51676861958
51689933650
51703027069
51716108661
51729191767
51742241153
51755337264
51768322083
51781387014
51794428535
51807465160
51820545635
51833608101
51846691912
51859789431
51872863311
51885937192
51898961286
51911995968
51925043854
51938104776
51951215162
51964284912
51977345696
51990384876
52003434613
52016531658
52029576407
52042622595
52055749796
52068781158
52081831262
52094957530
52107968145
52121012680
52134094976
52147185625
52160208327
52173253903
52186280476
52199352108
52212435979
52225520172
52238533158
52251572920
52264614150
52277672578
52290716379
52303759491
52316819923
52329900138
52342985478
52356081834
52369168674
52382194237
52395248044
52408333461
52421353440
52434346139
52447392938
52460443701
52473494555
52486686918
52499739348
52512818890
52525901354
52539022802
52552071132
52565099541
52578154893
52591202550
52604304919
52617407028
52630458922
52643494017
52656585065
52669641595
52682661191
52695696577
52708742489
52721836229
52734923910
52748002611
52761077639
52774118594
52787178796
52800251330
52813266291
52826300437
52839324256
52852367889
52865446925
52878545485
52891616581
52904705761
52917796686
52930941436
52943990454
52957042716
52970076113
52983127946
52996220279
53009301794
53022339612
53035406226
53048449017
53061507704
53074525005
53087550354
53100587194
53113678975
53126739468
53139844393
53152910486
53165939950
53178968635
53192054465
53205035994
53218055820
53231022677
53244065728
53257139272
53270265632
53283350467
53296414296
53309504410
53322610176
53335652553
53348712817
53361773004
53374796777
53387885973
53400993269
53414069169
53427147150
53440195021
53453237628
53466283632
53479336766
53492391124
53505436103
53518546107
53531660823
53544664568
53557715943
53570779236
53583859665
53596898692
53609960485
53623064675
53636308830
53649380629
53662479663
53675563994
53688639144
53701780788
53714864400
53727836015
53740882111
53753934189
53766965903
53780054104
53793144509
53806250351
53819329556
53832317007
53845364954
53858412687
53871449695
53884517930
53897578453
53910655991
53923766499
53936835346
53949907911
53962957480
53976038904
53989071750
54002009047
54015063940
54028126009
54041136410
54054255900
54067298829
54080318303
54093368116
54106472704
54119525012
54132592864
54145622160
54158639967
54171701133
54184772458
54197824919
54210897300
54223970202
54237027099
54250063097
54263141491
54276163887
54289230439
54302326428
54315364109
54328423133
54341489945
54354513657
54367603343
54380621853
54393658172
54406734531
54419775471
54432837157
54445916347
54458993410
54472077235
54485182160
54498269336
54511316640
54524349441
54537393930
54550401225
54563496877
54576598023
54589693384
54602738440
54615803538
54628854147
54641893771
54654932187
54667990798
54681061878
54694171056
54707285053
54720374280
54733427123
54746506772
54759598859
54772634107
54785707055
54798789656
54811826939
54824902013
54837955530
54851045445
54864121834
54877282619
54890453211
54903491244
54916559876
54929629840
54942660728
54955749357
54968846907
54981909236
54994977685
55008076168
55021133250
55034174113
55047218770
55060223985
55073247712
55086345491
55099466679
55112504559
55125567485
55138643905
55151716608
55164755849
55177798028
55190849861
55203905061
55216982139
55230084386
55243189784
55256278965
55269378504
55282461350
55295475040
55308549839
55321598291
55334635635
55347729176
55360802353
55373875377
55386932580
55399997924
55413078230
55426125198
55439162236
55452203635
55465201230
55478310530
55491404224
55504479283
55517520391
55530538595
55543621380
55556664859
55569688372
55582692363
55595722592
55608797666
55621872587
55634935957
55647999709
55661113415
55674192987
55687222039
55700285133
55713341281
55726386918
55739504709
55752612082
55765677716
55778744252
55791795397
55804886658
55817930061
55830953406
55844011711
55857053462
55870144142
55883232007
55896305535
55909372011
55922403587
55935501443
55948543010
55961513217
55974594549
55987642588
56000714327
56013835760
56026901684
56039988203
56053128302
56066232614
56079303404
56092381890
56105428230
56118455385
56131357844
56144458332
56157518289
56170605236
56183676806
56196715910
56209780611
56222826140
56235889250
56248957377
56262049098
56274963384
56288065845
56301106632
56314189539
56327273901
56340330813
56353391582
56366467390
56379491837
56392557960
56405672738
56418718788
56431788889
56444836132
56457934003
56470990977
56484049726
56497078197
56510162190
56523234602
56536320004
56549389065
56562483891
56575581487
56588622977
56601700117
56614738287
56627791268
56640857667
56653941018
56666996064
56680072118
56693098721
56706207134
56719289246
56732329849
56745413307
56758474305
56771451903
56784493072
56797566968
56810627966
56823723160
56836815385
56849913271
56862941527
56876015331
56889079879
56902107936
56915212432
56928298277
56941349697
56954430876
56967509102
56980577582
56993614742
57006686680
57019742659
57032817473
57045893603
57059015602
57072087509
57085162002
57098231919
57111303842
57124372291
57137444550
57150502947
57163563822
57176630083
57189738496
57202776728
57215755825
57228837126
57241923354
57254967858
57268095212
57281151192
57294226970
57307317604
57320414909
57333487703
57346586783
57359651728
57372694672
57385767910
57398815199
57411901962
57424991877
57438085985
57451242393
57464302596
57477381633
57490447695
57503523258
57516554666
57529615664
57542680656
57555749916
57568808986
57581924100
57594971588
57608092899
57621187740
57634290630
57647339785
57660418118
57673466188
57686518495
57699585598
57712686560
57725772221
57738860989
57751930738
57765008597
57778051648
57791097071
57804166621
57817259856
57830348624
57843368327
57856475286
57869537646
57882613103
57895708311
57908758707
57921789181
57934847808
57947900972
57960969957
57974092797
57987140010
58000208658
58013296737
58026389161
58039462782
58052520123
58065569784
58078655751
58091752521
58104822515
58117886313
58130966849
58144031351
58157063569
58170108411
58183163977
58196209874
58209325279
58222412088
58235512713
58248584467
58261662800
58274565427
58287680832
58300704896
58313762987
58326811730
58339901599
58352940106
58366007423
58379044568
58392155092
58405317896
58418412508
58431463485
58444514584
58457566524
58470658137
58483750409
58496852105
58509879244
58522997372
58536068116
58549060478
58562118585
58575164267
58588196180
58601290272
58614375015
58627463217
58640541779
58653596657
58666641376
58679719449
58692755875
58705824645
58718866779
58731934157
58745037964
58758124161
58771180508
58784321907
58797427459
58810508898
58823541224
58836577466
58849616264
58862654771
58875754401
58888812202
58901869864
58914943056
58928005156
58941062451
58954120741
58967133055
58980202009
58993298074
59006412944
59019503501
59032529110
59045582718
59058663224
59071777986
59084818666
59097867378
59110905870
59123973584
59137064892
59150179042
59163276775
59176399876
59189490066
59202610443
59215635257
59228688911
59241712684
59254717149
59267798373
59280905011
59293970859
59307041695
59320045456
59333130521
59346195145
59359238272
59372294252
59385375507
59398435740
59411567302
59424637526
59437731388
59450789234
59463898060
59476950704
59489977599
59503021767
59516077149
59529106553
59542274192
59555337638
59568425426
59581527275
59594611590
59607468609
59620577251
59633605660
59646669825
59659766258
59672882091
59685963224
59699036462
59712095792
59725187253
59738241427
59751268290
59764332287
59777348150
59790489611
59803592317
59816678927
59829736238
59842748413
59855857377
59868920517
59881962528
59894997607
59908076032
59921134903
59934251884
59947338708
59960444061
59973566749
59986636452
59999696288
60012774575
60025801607
60038866093
60051974934
60065091272
60078160440
60091249621
60104316051
60117378716
60130384389
60143458102
60156480513
60169548090
60182672675
60195781210
60208847349
60221942374
60235028158
60248121378
60261136797
60274209500
60287250914
60300312707
60313353035
60326428002
60339435695
60352540527
60365646706
60378736529
60391779183
60404851273
60417881885
60430926283
60444040815
60457163136
60470233528
60483319098
60496394937
60509464962
60522522502
60535576722
60548580758
60561661937
60574753826
60587877385
60600974247
60614062417
60627167617
60640281584
60653309503
60666336657
60679399461
60692444776
60705533131
60718642110
60731688710
60744800642
60757942271
60771041198
60784087768
60797133175
60810196162
60823251621
60836383948
60849468845
60862505194
60875549347
60888614384
60901670471
60914707540
60927595785
60940601581
60953682102
60966752219
60979841935
60992881696
61005941608
61019024286
61032075936
61045125076
61058162191
61071205808
61084255974
61097338468
61110480771
61123595288
61136635493
61149753989
61162888886
61175925128
61188979226
61202039398
61215071525
61228193830
61241287279
61254359982
61267443241
61280515882
61293525304
61306545313
61319599763
61332646685
61345740364
61358767794
61371844826
61384910184
61398014910
61411087444
61424165685
61437210832
61450265741
61463139589
61476267800
61489468885
61502581505
61515656442
61528690359
61541785644
61554980976
61568057075
61581104655
61594098960
61607147167
61620265234
61633320617
61646391178
61659463590
61672537623
61685616247
61698649613
61711649105
61724661801
61737747233
61750826790
61763922871
61776945206
61790022605
61803053967
61816110987
61829152218
61842193723
61855244180
61868299685
61881356399
61894499160
61907568558
61920623268
61933737066
61946840231
61959899393
61972969418
61985970531
61999033258
62012180579
62025271718
62038310424
62051379347
62064455125
62077527766
62090592390
62103668750
62116647571
62129687440
62142769093
62155867392
62168950239
62182057320
62195136740
62208260820
62221329559
62234358672
62247434083
62260471672
62273527422
62286667215
62299725765
62312851941
62325961562
62339009846
62352046670
62365128216
62378184195
62391296770
62404388123
62417491946
62430553586
62443475890
62456536092
62469608565
62482603513
62495626781
62508666987
62521679070
62534713661
62547803316
62560909831
62573970232
62587046408
62600151286
62613207082
62626222165
62639276171
62652312000
62665369189
62678474603
62691559713
62704622134
62717726049
62730812674
62743835055
62756871007
62769957694
62783010200
62796100620
62809196793
62822239920
62835305218
62848366598
62861411547
62874503925
62887558910
62900602604
62913663602
62926745913
62939848297
62953006450
62966084140
62979137748
62992212914
63005263631
63018313353
63031349044
63044401566
63057470444
63070573104
63083647703
63096749476
63109802013
63122928189
63135946944
63148997706
63162032939
63175092529
63188253956
63201344223
63214308984
63227373654
63240412131
63253502964
63266565078
63279598307
63292655052
63305707390
63318717194
63331776723
63344832290
63357913422
63370975966
63384072613
63397132371
63410175683
63423202424
