Oct-23 13:01:56.653 [main] DEBUG nextflow.cli.Launcher - $> nextflow run nf-core/rnaseq -c nxf-rnaseq.config
Oct-23 13:01:56.828 [main] DEBUG nextflow.cli.CmdRun - N E X T F L O W  ~  version 25.10.0
Oct-23 13:01:56.886 [main] DEBUG nextflow.scm.ProviderConfig - Using SCM config path: /.nextflow/scm
Oct-23 13:01:56.959 [main] DEBUG nextflow.plugin.PluginsFacade - Using Default plugin manager
Oct-23 13:01:56.975 [main] INFO  o.pf4j.DefaultPluginStatusProvider - Enabled plugins: []
Oct-23 13:01:56.978 [main] INFO  o.pf4j.DefaultPluginStatusProvider - Disabled plugins: []
Oct-23 13:01:56.983 [main] INFO  org.pf4j.DefaultPluginManager - PF4J version 3.12.0 in 'deployment' mode
Oct-23 13:01:57.045 [main] DEBUG nextflow.scm.RepositoryFactory - Found Git repository result: [RepositoryFactory]
Oct-23 13:01:57.076 [main] INFO  nextflow.cli.CmdRun - Pulling nf-core/rnaseq ...
Oct-23 13:01:57.083 [main] DEBUG nextflow.scm.RepositoryProvider - Request [credentials -:-] -> https://api.github.com/repos/nf-core/rnaseq/contents/nextflow.config
Oct-23 13:02:00.627 [main] DEBUG nextflow.scm.RepositoryProvider - Request [credentials -:-] -> https://api.github.com/repos/nf-core/rnaseq/contents/main.nf
Oct-23 13:02:00.791 [main] DEBUG nextflow.scm.RepositoryProvider - Request [credentials -:-] -> https://api.github.com/repos/nf-core/rnaseq
Oct-23 13:02:00.972 [main] DEBUG nextflow.scm.AssetManager - Pulling nf-core/rnaseq -- Using remote clone url: https://github.com/nf-core/rnaseq.git
Oct-23 13:02:14.972 [main] INFO  nextflow.cli.CmdRun -  downloaded from https://github.com/nf-core/rnaseq.git
Oct-23 13:02:15.021 [main] DEBUG nextflow.config.ConfigBuilder - Found config base: /workspace/nf_assets/nf-core/rnaseq/nextflow.config
Oct-23 13:02:15.023 [main] DEBUG nextflow.config.ConfigBuilder - Found config local: /workspace/nextflow.config
Oct-23 13:02:15.029 [main] DEBUG nextflow.config.ConfigBuilder - User config file: /workspace/nxf-rnaseq.config
Oct-23 13:02:15.032 [main] DEBUG nextflow.config.ConfigBuilder - Parsing config file: /workspace/nf_assets/nf-core/rnaseq/nextflow.config
Oct-23 13:02:15.033 [main] DEBUG nextflow.config.ConfigBuilder - Parsing config file: /workspace/nextflow.config
Oct-23 13:02:15.034 [main] DEBUG nextflow.config.ConfigBuilder - Parsing config file: /workspace/nxf-rnaseq.config
Oct-23 13:02:15.059 [main] DEBUG nextflow.config.ConfigBuilder - Applying config profile: `standard`
Oct-23 13:02:15.885 [main] DEBUG nextflow.plugin.PluginsFacade - Using Default plugin manager
Oct-23 13:02:15.886 [main] DEBUG nextflow.plugin.PluginsFacade - Using Default plugin manager
Oct-23 13:02:16.775 [main] DEBUG nextflow.plugin.PluginsFacade - Using Default plugin manager
Oct-23 13:02:16.776 [main] DEBUG nextflow.plugin.PluginsFacade - Using Default plugin manager
Oct-23 13:02:20.967 [main] DEBUG nextflow.config.ConfigBuilder - Applying config profile: `standard`
Oct-23 13:02:21.036 [main] DEBUG nextflow.config.ConfigBuilder - Applying config profile: `standard`
Oct-23 13:02:21.367 [main] DEBUG nextflow.plugin.PluginsFacade - Setting up plugin manager > mode=prod; embedded=false; plugins-dir=/.nextflow/plugins; core-plugins: nf-amazon@3.4.1,nf-azure@1.20.2,nf-cloudcache@0.5.0,nf-codecommit@0.5.0,nf-console@1.3.0,nf-google@1.23.3,nf-k8s@1.2.2,nf-tower@1.17.1,nf-wave@1.16.1
Oct-23 13:02:21.376 [main] INFO  o.pf4j.DefaultPluginStatusProvider - Enabled plugins: []
Oct-23 13:02:21.376 [main] INFO  o.pf4j.DefaultPluginStatusProvider - Disabled plugins: []
Oct-23 13:02:21.379 [main] INFO  org.pf4j.DefaultPluginManager - PF4J version 3.12.0 in 'deployment' mode
Oct-23 13:02:21.392 [main] DEBUG nextflow.util.RetryConfig - Missing nextflow session - using default retry config
Oct-23 13:02:21.400 [main] INFO  org.pf4j.AbstractPluginManager - No plugins
Oct-23 13:02:21.402 [main] DEBUG nextflow.plugin.PluginsFacade - Plugins declared=[nf-schema@2.4.2]
Oct-23 13:02:21.405 [main] DEBUG nextflow.plugin.PluginsFacade - Plugins default=[nf-k8s@1.2.2]
Oct-23 13:02:21.405 [main] DEBUG nextflow.plugin.PluginsFacade - Plugins resolved requirement=[nf-schema@2.4.2, nf-k8s@1.2.2]
Oct-23 13:02:21.645 [main] DEBUG n.plugin.HttpPluginRepository - Registry request: https://registry.nextflow.io/api/v1/plugins/dependencies?plugins=nf-k8s%401.2.2%2Cnf-schema%402.4.2&nextflowVersion=25.10.0
- code: 200
- body: {"plugins":[{"id":"nf-k8s","downloadCount":174,"downloadGhCount":14115,"releases":[{"version":"1.2.2","url":"https://registry.nextflow.io/api/v1/plugins/nf-k8s/1.2.2/download/nf-k8s-1.2.2.zip","date":"2025-10-21T15:57:16.23988Z","sha512sum":"4e709ed17ab0e3d813891c060103986b8abda6cf119332ab149d43d8b5b1dafbf7ea4b3e60b772194ac8f65ebc9e3c9f4ad5b09c01e0cc6c0ed6655e98a0c495","requires":">=25.09.2-edge","dependsOn":[],"downloadCount":4,"downloadGhCount":0,"status":"PUBLISHED","spec":null}],"projectUrl":"https://github.com/nextflow-io/nf-k8s","provider":"nextflow-io","description":null},{"id":"nf-schema","downloadCount":5740,"downloadGhCount":418047,"releases":[{"version":"2.4.2","url":"https://registry.nextflow.io/api/v1/plugins/nf-schema/2.4.2/download/nf-schema-2.4.2.zip","date":"2025-05-06T07:59:38.755933Z","sha512sum":"0a7f91b7abdfaa46a17c911a96f1d165bd2a29189bedef108c86e225fc1cb71dcddba83bb10db4db87701336eeaf04b3bd1cce930054f3e3e8eb5821f9ccb0d7","requires":">=24.10.0","dependsOn":[],"downloadCount":1209,"downloadGhCount":55400,"status":"PUBLISHED","spec":null}],"projectUrl":"https://github.com/nextflow-io/nf-schema","provider":"nextflow","description":null}]}
Oct-23 13:02:21.752 [main] DEBUG nextflow.plugin.PluginUpdater - Installing plugin nf-schema version: 2.4.2
Oct-23 13:02:21.765 [main] INFO  nextflow.plugin.PluginUpdater - Downloading plugin nf-schema@2.4.2
Oct-23 13:02:22.333 [main] INFO  org.pf4j.util.FileUtils - Expanded plugin zip 'nf-schema-2.4.2.zip' in 'nf-schema-2.4.2'
Oct-23 13:02:22.345 [main] INFO  org.pf4j.AbstractPluginManager - Plugin 'nf-schema@2.4.2' resolved
Oct-23 13:02:22.346 [main] INFO  org.pf4j.AbstractPluginManager - Start plugin 'nf-schema@2.4.2'
Oct-23 13:02:22.364 [main] DEBUG nextflow.plugin.BasePlugin - Plugin started nf-schema@2.4.2
Oct-23 13:02:22.364 [main] DEBUG nextflow.plugin.PluginUpdater - Installing plugin nf-k8s version: 1.2.2
Oct-23 13:02:22.372 [main] INFO  org.pf4j.AbstractPluginManager - Plugin 'nf-k8s@1.2.2' resolved
Oct-23 13:02:22.372 [main] INFO  org.pf4j.AbstractPluginManager - Start plugin 'nf-k8s@1.2.2'
Oct-23 13:02:22.418 [main] DEBUG nextflow.plugin.BasePlugin - Plugin started nf-k8s@1.2.2
Oct-23 13:02:22.434 [main] DEBUG n.secret.LocalSecretsProvider - Secrets store: /.nextflow/secrets/store.json
Oct-23 13:02:22.438 [main] DEBUG nextflow.secret.SecretsLoader - Discovered secrets providers: [nextflow.secret.LocalSecretsProvider@3a589eed] - activable => nextflow.secret.LocalSecretsProvider@3a589eed
Oct-23 13:02:22.451 [main] DEBUG nextflow.cli.CmdRun - Applied DSL=2 by global default
Oct-23 13:02:22.454 [main] DEBUG nextflow.cli.CmdRun - Launching `https://github.com/nf-core/rnaseq` [astonishing_kirch] DSL2 - revision: 9738a2df42 [master]
Oct-23 13:02:22.574 [main] DEBUG nextflow.Session - Session UUID: 24231e37-0493-4d54-a9e3-3af02fc6bf5d
Oct-23 13:02:22.575 [main] DEBUG nextflow.Session - Run name: astonishing_kirch
Oct-23 13:02:22.576 [main] DEBUG nextflow.Session - Executor pool size: 2
Oct-23 13:02:22.592 [main] DEBUG nextflow.file.FilePorter - File porter settings maxRetries=3; maxTransfers=50; pollTimeout=null
Oct-23 13:02:22.600 [main] DEBUG nextflow.util.ThreadPoolBuilder - Creating thread pool 'FileTransfer' minSize=10; maxSize=10; workQueue=LinkedBlockingQueue[-1]; allowCoreThreadTimeout=false
Oct-23 13:02:22.670 [main] DEBUG nextflow.cli.CmdRun - 
  Version: 25.10.0 build 10289
  Created: 22-10-2025 16:26 UTC 
  System: Linux 5.15.0-76-generic
  Runtime: Groovy 4.0.28 on OpenJDK 64-Bit Server VM 17.0.10+7-LTS
  Encoding: UTF-8 (UTF-8)
  Process: 562@nextflow-manager [192.168.133.12]
  CPUs: 2 - Mem: 12 GB (576 KB) - Swap: 0 (0)
Oct-23 13:02:22.719 [main] DEBUG nextflow.Session - Work-dir: /workspace/work [ceph]
Oct-23 13:02:22.803 [main] DEBUG nextflow.executor.ExecutorFactory - Extension executors providers=[K8sExecutor]
Oct-23 13:02:22.830 [main] DEBUG nextflow.Session - Observer factory (v2): LinObserverFactory
Oct-23 13:02:22.835 [main] DEBUG nextflow.Session - Observer factory (v2): DefaultObserverFactory
Oct-23 13:02:22.873 [main] DEBUG nextflow.Session - Observer factory: ValidationObserverFactory
Oct-23 13:02:22.996 [main] DEBUG nextflow.cache.CacheFactory - Using Nextflow cache factory: nextflow.cache.DefaultCacheFactory
Oct-23 13:02:23.030 [main] DEBUG nextflow.util.CustomThreadPool - Creating default thread pool > poolSize: 3; maxThreads: 1000
Oct-23 13:02:23.317 [main] DEBUG nextflow.Session - Session start
Oct-23 13:02:23.329 [main] DEBUG n.validation.config.ValidationConfig - Set `validation.monochromeLogs` to false
Oct-23 13:02:23.335 [main] DEBUG n.validation.config.ValidationConfig - Added the following parameters to the ignored parameters: [genomes]
Oct-23 13:02:23.340 [main] DEBUG n.validation.config.HelpConfig - Set `validation.help.enabled` to true
Oct-23 13:02:23.342 [main] DEBUG n.validation.config.HelpConfig - Set `validation.help.showHiddenParameter` to show_hidden
Oct-23 13:02:23.343 [main] DEBUG n.validation.config.HelpConfig - Set `validation.help.showHidden` to false (Due to --show_hidden)
Oct-23 13:02:23.345 [main] DEBUG n.validation.config.HelpConfig - Set `validation.help.fullParameter` to help_full
Oct-23 13:02:23.379 [main] DEBUG n.validation.config.HelpConfig - Set `validation.help.beforeText` to 
------------------------------------------------------
                                        ,--./,-.
        ___     __   __   __   ___     /,-._.--~'
  |\ | |__  __ /  ` /  \ |__) |__         }  {
  | \| |       \__, \__/ |  \ |___     \`-._,-`-,
                                        `._,._,'
  nf-core/rnaseq 3.21.0
------------------------------------------------------

Oct-23 13:02:23.382 [main] DEBUG n.validation.config.HelpConfig - Set `validation.help.afterText` to 
* The pipeline
    https://doi.org/10.5281/zenodo.1400710

* The nf-core framework
    https://doi.org/10.1038/s41587-020-0439-x

* Software dependencies
    https://github.com/nf-core/rnaseq/blob/master/CITATIONS.md

Oct-23 13:02:23.386 [main] DEBUG n.validation.config.HelpConfig - Set `validation.help.command` to nextflow run nf-core/rnaseq -profile <docker/singularity/.../institute> --input samplesheet.csv --outdir <OUTDIR>
Oct-23 13:02:23.393 [main] DEBUG n.validation.config.SummaryConfig - Set `validation.summary.beforeText` to 
------------------------------------------------------
                                        ,--./,-.
        ___     __   __   __   ___     /,-._.--~'
  |\ | |__  __ /  ` /  \ |__) |__         }  {
  | \| |       \__, \__/ |  \ |___     \`-._,-`-,
                                        `._,._,'
  nf-core/rnaseq 3.21.0
------------------------------------------------------

Oct-23 13:02:23.396 [main] DEBUG n.validation.config.SummaryConfig - Set `validation.summary.afterText` to 
* The pipeline
    https://doi.org/10.5281/zenodo.1400710

* The nf-core framework
    https://doi.org/10.1038/s41587-020-0439-x

* Software dependencies
    https://github.com/nf-core/rnaseq/blob/master/CITATIONS.md

Oct-23 13:02:23.405 [main] DEBUG nextflow.trace.TraceFileObserver - Workflow started -- trace file: null/pipeline_info/execution_trace_2025-10-23_13-02-15.txt
Oct-23 13:02:23.835 [main] DEBUG nextflow.script.ScriptRunner - > Launching execution
Oct-23 13:02:33.160 [main] DEBUG nextflow.script.IncludeDef - Loading included plugin extensions with names: [paramsSummaryLog:paramsSummaryLog]; plugin Id: nf-schema
Oct-23 13:02:33.171 [main] DEBUG n.validation.config.ValidationConfig - Set `validation.monochromeLogs` to false
Oct-23 13:02:33.171 [main] DEBUG n.validation.config.ValidationConfig - Added the following parameters to the ignored parameters: [genomes]
Oct-23 13:02:33.171 [main] DEBUG n.validation.config.HelpConfig - Set `validation.help.enabled` to true
Oct-23 13:02:33.172 [main] DEBUG n.validation.config.HelpConfig - Set `validation.help.showHiddenParameter` to show_hidden
Oct-23 13:02:33.172 [main] DEBUG n.validation.config.HelpConfig - Set `validation.help.showHidden` to false (Due to --show_hidden)
Oct-23 13:02:33.172 [main] DEBUG n.validation.config.HelpConfig - Set `validation.help.fullParameter` to help_full
Oct-23 13:02:33.174 [main] DEBUG n.validation.config.HelpConfig - Set `validation.help.beforeText` to 
------------------------------------------------------
                                        ,--./,-.
        ___     __   __   __   ___     /,-._.--~'
  |\ | |__  __ /  ` /  \ |__) |__         }  {
  | \| |       \__, \__/ |  \ |___     \`-._,-`-,
                                        `._,._,'
  nf-core/rnaseq 3.21.0
------------------------------------------------------

Oct-23 13:02:33.175 [main] DEBUG n.validation.config.HelpConfig - Set `validation.help.afterText` to 
* The pipeline
    https://doi.org/10.5281/zenodo.1400710

* The nf-core framework
    https://doi.org/10.1038/s41587-020-0439-x

* Software dependencies
    https://github.com/nf-core/rnaseq/blob/master/CITATIONS.md

Oct-23 13:02:33.176 [main] DEBUG n.validation.config.HelpConfig - Set `validation.help.command` to nextflow run nf-core/rnaseq -profile <docker/singularity/.../institute> --input samplesheet.csv --outdir <OUTDIR>
Oct-23 13:02:33.178 [main] DEBUG n.validation.config.SummaryConfig - Set `validation.summary.beforeText` to 
------------------------------------------------------
                                        ,--./,-.
        ___     __   __   __   ___     /,-._.--~'
  |\ | |__  __ /  ` /  \ |__) |__         }  {
  | \| |       \__, \__/ |  \ |___     \`-._,-`-,
                                        `._,._,'
  nf-core/rnaseq 3.21.0
------------------------------------------------------

Oct-23 13:02:33.179 [main] DEBUG n.validation.config.SummaryConfig - Set `validation.summary.afterText` to 
* The pipeline
    https://doi.org/10.5281/zenodo.1400710

* The nf-core framework
    https://doi.org/10.1038/s41587-020-0439-x

* Software dependencies
    https://github.com/nf-core/rnaseq/blob/master/CITATIONS.md

Oct-23 13:02:33.180 [main] DEBUG nextflow.script.IncludeDef - Loading included plugin extensions with names: [validateParameters:validateParameters]; plugin Id: nf-schema
Oct-23 13:02:33.185 [main] DEBUG nextflow.script.IncludeDef - Loading included plugin extensions with names: [paramsSummaryMap:paramsSummaryMap]; plugin Id: nf-schema
Oct-23 13:02:40.234 [main] DEBUG nextflow.script.IncludeDef - Loading included plugin extensions with names: [paramsSummaryMap:paramsSummaryMap]; plugin Id: nf-schema
Oct-23 13:02:40.237 [main] DEBUG nextflow.script.IncludeDef - Loading included plugin extensions with names: [samplesheetToList:samplesheetToList]; plugin Id: nf-schema
Oct-23 13:02:47.103 [main] DEBUG nextflow.script.IncludeDef - Loading included plugin extensions with names: [paramsSummaryLog:paramsSummaryLog]; plugin Id: nf-schema
Oct-23 13:02:47.104 [main] DEBUG nextflow.script.IncludeDef - Loading included plugin extensions with names: [validateParameters:validateParameters]; plugin Id: nf-schema
Oct-23 13:02:47.108 [main] DEBUG nextflow.script.IncludeDef - Loading included plugin extensions with names: [paramsSummaryMap:paramsSummaryMap]; plugin Id: nf-schema
Oct-23 13:02:50.125 [main] INFO  nextflow.Nextflow - 
------------------------------------------------------
                                        ,--./,-.
        ___     __   __   __   ___     /,-._.--~'
  |\ | |__  __ /  ` /  \ |__) |__         }  {
  | \| |       \__, \__/ |  \ |___     \`-._,-`-,
                                        `._,._,'
  nf-core/rnaseq 3.21.0
------------------------------------------------------
[1mInput/output options[0m
  [0;34minput              : [0;32m/workspace/rnaseq/full/input.csv[0m
  [0;34moutdir             : [0;32m/workspace/rnaseq/full/outdata[0m

[1mReference genome options[0m
  [0;34mgenome             : [0;32mGRCh37[0m
  [0;34mfasta              : [0;32m/workspace/rnaseq/full/ref/genome.fa[0m
  [0;34mgtf                : [0;32m/workspace/rnaseq/full/ref/genes.gtf[0m
  [0;34mgene_bed           : [0;32m/workspace/rnaseq/full/ref/genes.bed[0m
  [0;34mstar_index         : [0;32m/workspace/rnaseq/full/ref/STARIndex/[0m

[1mUMI options[0m
  [0;34mumi_discard_read   : [0;32m0[0m

[1mAlignment options[0m
  [0;34mpseudo_aligner     : [0;32msalmon[0m

[1mGeneric options[0m
  [0;34mtrace_report_suffix: [0;32m2025-10-23_13-02-15[0m

[1mCore Nextflow options[0m
  [0;34mrevision           : [0;32mmaster[0m
  [0;34mrunName            : [0;32mastonishing_kirch[0m
  [0;34mcontainerEngine    : [0;32mdocker[0m
  [0;34mcontainer          : [0;32mubuntu:latest[0m
  [0;34mlaunchDir          : [0;32m/workspace[0m
  [0;34mworkDir            : [0;32m/workspace/work[0m
  [0;34mprojectDir         : [0;32m./nf_assets/nf-core/rnaseq[0m
  [0;34muserName           : [0;32mroot[0m
  [0;34mprofile            : [0;32mstandard[0m
  [0;34mconfigFiles        : [0;32m/workspace/nf_assets/nf-core/rnaseq/nextflow.config, /workspace/nextflow.config, /workspace/nxf-rnaseq.config[0m

!! Only displaying parameters that differ from the pipeline defaults !!
-[2m----------------------------------------------------[0m-
* The pipeline
    https://doi.org/10.5281/zenodo.1400710

* The nf-core framework
    https://doi.org/10.1038/s41587-020-0439-x

* Software dependencies
    https://github.com/nf-core/rnaseq/blob/master/CITATIONS.md

Oct-23 13:02:50.138 [main] DEBUG n.v.parameters.ParameterValidator - Starting parameters validation
Oct-23 13:02:50.582 [main] DEBUG n.v.v.evaluators.SchemaEvaluator - Started validating /workspace/rnaseq/full/input.csv
Oct-23 13:02:50.785 [main] DEBUG n.v.v.evaluators.SchemaEvaluator - Validation of file '/workspace/rnaseq/full/input.csv' passed!
Oct-23 13:02:50.791 [main] DEBUG n.v.v.e.FormatDirectoryPathEvaluator - Cloud blob storage paths are not supported by 'FormatDirectoryPathEvaluator': 's3://ngi-igenomes/igenomes/'
Oct-23 13:02:51.064 [main] DEBUG n.v.parameters.ParameterValidator - Finishing parameters validation
Oct-23 13:02:51.159 [main] DEBUG n.script.dsl.ProcessConfigBuilder - Config settings `withName:GTF_FILTER` matches process NFCORE_RNASEQ:PREPARE_GENOME:GTF_FILTER
Oct-23 13:02:51.193 [main] DEBUG nextflow.executor.ExecutorFactory - << taskConfig executor: k8s
Oct-23 13:02:51.194 [main] DEBUG nextflow.executor.ExecutorFactory - >> processorType: 'k8s'
Oct-23 13:02:51.206 [main] DEBUG nextflow.executor.Executor - [warm up] executor > k8s
Oct-23 13:02:51.224 [main] DEBUG n.processor.TaskPollingMonitor - Creating task monitor for executor 'k8s' > capacity: 6; pollInterval: 5s; dumpInterval: 5m 
Oct-23 13:02:51.235 [main] DEBUG n.processor.TaskPollingMonitor - >>> barrier register (monitor: k8s)
Oct-23 13:02:51.277 [main] DEBUG nextflow.k8s.client.ConfigDiscovery - K8s config file does not exist: /root/.kube/config
Oct-23 13:02:51.300 [main] DEBUG nextflow.k8s.K8sExecutor - [K8s] config=nextflow.k8s.K8sConfig@248b599f; API client config=ClientConfig[ server=10.96.0.1:443, namespace=default, serviceAccount=default, token=eyJhbGciOiJ.., sslCert=LS0tLS1CRUd.., clientCert=-, clientKey=-, verifySsl=false, fromFile=true, httpReadTimeout=null, httpConnectTimeout=null, retryConfig=K8sRetryConfig(delay:250ms, maxDelay:1m 30s, maxAttempts:4, jitter:0.25) ]
Oct-23 13:02:51.336 [main] DEBUG nextflow.processor.TaskProcessor - Creating process 'NFCORE_RNASEQ:PREPARE_GENOME:GTF_FILTER': maxForks=0; fair=false; array=0
Oct-23 13:02:51.408 [main] WARN  nextflow.extension.OperatorImpl - The operator `first` is useless when applied to a value channel which returns a single value by definition
Oct-23 13:02:51.452 [main] DEBUG n.script.dsl.ProcessConfigBuilder - Config settings `withLabel:process_high` matches labels `process_high` for process with name NFCORE_RNASEQ:PREPARE_GENOME:MAKE_TRANSCRIPTS_FASTA
Oct-23 13:02:51.462 [main] DEBUG n.script.dsl.ProcessConfigBuilder - Config settings `withName:GUNZIP_.*|.*MAKE_TRANSCRIPTS_FASTA` matches process NFCORE_RNASEQ:PREPARE_GENOME:MAKE_TRANSCRIPTS_FASTA
Oct-23 13:02:51.467 [main] DEBUG n.script.dsl.ProcessConfigBuilder - Config settings `withName:GUNZIP_.*|.*MAKE_TRANSCRIPTS_FASTA` matches process NFCORE_RNASEQ:PREPARE_GENOME:MAKE_TRANSCRIPTS_FASTA
Oct-23 13:02:51.481 [main] DEBUG nextflow.executor.ExecutorFactory - << taskConfig executor: k8s
Oct-23 13:02:51.481 [main] DEBUG nextflow.executor.ExecutorFactory - >> processorType: 'k8s'
Oct-23 13:02:51.482 [main] DEBUG nextflow.processor.TaskProcessor - Creating process 'NFCORE_RNASEQ:PREPARE_GENOME:MAKE_TRANSCRIPTS_FASTA': maxForks=0; fair=false; array=0
Oct-23 13:02:51.510 [main] DEBUG n.script.dsl.ProcessConfigBuilder - Config settings `withLabel:process_single` matches labels `process_single` for process with name NFCORE_RNASEQ:PREPARE_GENOME:CUSTOM_GETCHROMSIZES
Oct-23 13:02:51.524 [main] DEBUG n.script.dsl.ProcessConfigBuilder - Config settings `withName:CUSTOM_GETCHROMSIZES` matches process NFCORE_RNASEQ:PREPARE_GENOME:CUSTOM_GETCHROMSIZES
Oct-23 13:02:51.542 [main] DEBUG nextflow.executor.ExecutorFactory - << taskConfig executor: k8s
Oct-23 13:02:51.542 [main] DEBUG nextflow.executor.ExecutorFactory - >> processorType: 'k8s'
Oct-23 13:02:51.543 [main] DEBUG nextflow.processor.TaskProcessor - Creating process 'NFCORE_RNASEQ:PREPARE_GENOME:CUSTOM_GETCHROMSIZES': maxForks=0; fair=false; array=0
Oct-23 13:02:51.570 [main] DEBUG n.script.dsl.ProcessConfigBuilder - Config settings `withLabel:process_medium` matches labels `process_medium` for process with name NFCORE_RNASEQ:PREPARE_GENOME:SALMON_INDEX
Oct-23 13:02:51.572 [main] DEBUG n.script.dsl.ProcessConfigBuilder - Config settings `withName:SALMON_INDEX` matches process NFCORE_RNASEQ:PREPARE_GENOME:SALMON_INDEX
Oct-23 13:02:51.585 [main] DEBUG nextflow.executor.ExecutorFactory - << taskConfig executor: k8s
Oct-23 13:02:51.585 [main] DEBUG nextflow.executor.ExecutorFactory - >> processorType: 'k8s'
Oct-23 13:02:51.586 [main] DEBUG nextflow.processor.TaskProcessor - Creating process 'NFCORE_RNASEQ:PREPARE_GENOME:SALMON_INDEX': maxForks=0; fair=false; array=0
Oct-23 13:02:52.156 [main] DEBUG n.script.dsl.ProcessConfigBuilder - Config settings `withLabel:process_low` matches labels `process_low` for process with name NFCORE_RNASEQ:RNASEQ:SAMTOOLS_INDEX
Oct-23 13:02:52.174 [main] DEBUG nextflow.executor.ExecutorFactory - << taskConfig executor: k8s
Oct-23 13:02:52.174 [main] DEBUG nextflow.executor.ExecutorFactory - >> processorType: 'k8s'
Oct-23 13:02:52.175 [main] DEBUG nextflow.processor.TaskProcessor - Creating process 'NFCORE_RNASEQ:RNASEQ:SAMTOOLS_INDEX': maxForks=0; fair=false; array=0
Oct-23 13:02:52.272 [main] DEBUG n.script.dsl.ProcessConfigBuilder - Config settings `withLabel:process_single` matches labels `process_single` for process with name NFCORE_RNASEQ:RNASEQ:FASTQ_QC_TRIM_FILTER_SETSTRANDEDNESS:CAT_FASTQ
Oct-23 13:02:52.274 [main] DEBUG n.script.dsl.ProcessConfigBuilder - Config settings `withName:CAT_FASTQ` matches process NFCORE_RNASEQ:RNASEQ:FASTQ_QC_TRIM_FILTER_SETSTRANDEDNESS:CAT_FASTQ
Oct-23 13:02:52.326 [main] DEBUG nextflow.executor.ExecutorFactory - << taskConfig executor: k8s
Oct-23 13:02:52.327 [main] DEBUG nextflow.executor.ExecutorFactory - >> processorType: 'k8s'
Oct-23 13:02:52.328 [main] DEBUG nextflow.processor.TaskProcessor - Creating process 'NFCORE_RNASEQ:RNASEQ:FASTQ_QC_TRIM_FILTER_SETSTRANDEDNESS:CAT_FASTQ': maxForks=0; fair=false; array=0
Oct-23 13:02:52.350 [main] DEBUG n.script.dsl.ProcessConfigBuilder - Config settings `withLabel:process_low` matches labels `process_low` for process with name NFCORE_RNASEQ:RNASEQ:FASTQ_QC_TRIM_FILTER_SETSTRANDEDNESS:FQ_LINT
Oct-23 13:02:52.353 [main] DEBUG n.script.dsl.ProcessConfigBuilder - Config settings `withName:FQ_LINT` matches process NFCORE_RNASEQ:RNASEQ:FASTQ_QC_TRIM_FILTER_SETSTRANDEDNESS:FQ_LINT
Oct-23 13:02:52.363 [main] DEBUG nextflow.executor.ExecutorFactory - << taskConfig executor: k8s
Oct-23 13:02:52.363 [main] DEBUG nextflow.executor.ExecutorFactory - >> processorType: 'k8s'
Oct-23 13:02:52.364 [main] DEBUG nextflow.processor.TaskProcessor - Creating process 'NFCORE_RNASEQ:RNASEQ:FASTQ_QC_TRIM_FILTER_SETSTRANDEDNESS:FQ_LINT': maxForks=0; fair=false; array=0
Oct-23 13:02:52.458 [main] DEBUG n.script.dsl.ProcessConfigBuilder - Config settings `withLabel:process_medium` matches labels `process_medium` for process with name NFCORE_RNASEQ:RNASEQ:FASTQ_QC_TRIM_FILTER_SETSTRANDEDNESS:FASTQ_FASTQC_UMITOOLS_TRIMGALORE:FASTQC
Oct-23 13:02:52.463 [main] DEBUG n.script.dsl.ProcessConfigBuilder - Config settings `withName:.*:FASTQ_FASTQC_UMITOOLS_TRIMGALORE:FASTQC` matches process NFCORE_RNASEQ:RNASEQ:FASTQ_QC_TRIM_FILTER_SETSTRANDEDNESS:FASTQ_FASTQC_UMITOOLS_TRIMGALORE:FASTQC
Oct-23 13:02:52.471 [main] DEBUG nextflow.executor.ExecutorFactory - << taskConfig executor: k8s
Oct-23 13:02:52.472 [main] DEBUG nextflow.executor.ExecutorFactory - >> processorType: 'k8s'
Oct-23 13:02:52.473 [main] DEBUG nextflow.processor.TaskProcessor - Creating process 'NFCORE_RNASEQ:RNASEQ:FASTQ_QC_TRIM_FILTER_SETSTRANDEDNESS:FASTQ_FASTQC_UMITOOLS_TRIMGALORE:FASTQC': maxForks=0; fair=false; array=0
Oct-23 13:02:52.545 [main] DEBUG n.script.dsl.ProcessConfigBuilder - Config settings `withLabel:process_high` matches labels `process_high` for process with name NFCORE_RNASEQ:RNASEQ:FASTQ_QC_TRIM_FILTER_SETSTRANDEDNESS:FASTQ_FASTQC_UMITOOLS_TRIMGALORE:TRIMGALORE
Oct-23 13:02:52.549 [main] DEBUG n.script.dsl.ProcessConfigBuilder - Config settings `withName:.*:FASTQ_FASTQC_UMITOOLS_TRIMGALORE:TRIMGALORE` matches process NFCORE_RNASEQ:RNASEQ:FASTQ_QC_TRIM_FILTER_SETSTRANDEDNESS:FASTQ_FASTQC_UMITOOLS_TRIMGALORE:TRIMGALORE
Oct-23 13:02:52.559 [main] DEBUG nextflow.executor.ExecutorFactory - << taskConfig executor: k8s
Oct-23 13:02:52.560 [main] DEBUG nextflow.executor.ExecutorFactory - >> processorType: 'k8s'
Oct-23 13:02:52.561 [main] DEBUG nextflow.processor.TaskProcessor - Creating process 'NFCORE_RNASEQ:RNASEQ:FASTQ_QC_TRIM_FILTER_SETSTRANDEDNESS:FASTQ_FASTQC_UMITOOLS_TRIMGALORE:TRIMGALORE': maxForks=0; fair=false; array=0
Oct-23 13:02:52.840 [main] DEBUG n.script.dsl.ProcessConfigBuilder - Config settings `withLabel:process_low` matches labels `process_low` for process with name NFCORE_RNASEQ:RNASEQ:FASTQ_QC_TRIM_FILTER_SETSTRANDEDNESS:FQ_LINT_AFTER_TRIMMING
Oct-23 13:02:52.842 [main] DEBUG n.script.dsl.ProcessConfigBuilder - Config settings `withName:FQ_LINT` matches process NFCORE_RNASEQ:RNASEQ:FASTQ_QC_TRIM_FILTER_SETSTRANDEDNESS:FQ_LINT_AFTER_TRIMMING
Oct-23 13:02:52.845 [main] DEBUG n.script.dsl.ProcessConfigBuilder - Config settings `withName:FQ_LINT_AFTER_TRIMMING` matches process NFCORE_RNASEQ:RNASEQ:FASTQ_QC_TRIM_FILTER_SETSTRANDEDNESS:FQ_LINT_AFTER_TRIMMING
Oct-23 13:02:52.853 [main] DEBUG nextflow.executor.ExecutorFactory - << taskConfig executor: k8s
Oct-23 13:02:52.853 [main] DEBUG nextflow.executor.ExecutorFactory - >> processorType: 'k8s'
Oct-23 13:02:52.854 [main] DEBUG nextflow.processor.TaskProcessor - Creating process 'NFCORE_RNASEQ:RNASEQ:FASTQ_QC_TRIM_FILTER_SETSTRANDEDNESS:FQ_LINT_AFTER_TRIMMING': maxForks=0; fair=false; array=0
Oct-23 13:02:52.952 [main] DEBUG n.script.dsl.ProcessConfigBuilder - Config settings `withLabel:process_single` matches labels `process_single` for process with name NFCORE_RNASEQ:RNASEQ:FASTQ_QC_TRIM_FILTER_SETSTRANDEDNESS:FASTQ_SUBSAMPLE_FQ_SALMON:FQ_SUBSAMPLE
Oct-23 13:02:52.957 [main] DEBUG n.script.dsl.ProcessConfigBuilder - Config settings `withName:.*:FASTQ_SUBSAMPLE_FQ_SALMON:FQ_SUBSAMPLE` matches process NFCORE_RNASEQ:RNASEQ:FASTQ_QC_TRIM_FILTER_SETSTRANDEDNESS:FASTQ_SUBSAMPLE_FQ_SALMON:FQ_SUBSAMPLE
Oct-23 13:02:52.964 [main] DEBUG nextflow.executor.ExecutorFactory - << taskConfig executor: k8s
Oct-23 13:02:52.964 [main] DEBUG nextflow.executor.ExecutorFactory - >> processorType: 'k8s'
Oct-23 13:02:52.965 [main] DEBUG nextflow.processor.TaskProcessor - Creating process 'NFCORE_RNASEQ:RNASEQ:FASTQ_QC_TRIM_FILTER_SETSTRANDEDNESS:FASTQ_SUBSAMPLE_FQ_SALMON:FQ_SUBSAMPLE': maxForks=0; fair=false; array=0
Oct-23 13:02:53.026 [main] DEBUG n.script.dsl.ProcessConfigBuilder - Config settings `withLabel:process_medium` matches labels `process_medium` for process with name NFCORE_RNASEQ:RNASEQ:FASTQ_QC_TRIM_FILTER_SETSTRANDEDNESS:FASTQ_SUBSAMPLE_FQ_SALMON:SALMON_QUANT
Oct-23 13:02:53.031 [main] DEBUG n.script.dsl.ProcessConfigBuilder - Config settings `withName:.*:FASTQ_SUBSAMPLE_FQ_SALMON:SALMON_QUANT` matches process NFCORE_RNASEQ:RNASEQ:FASTQ_QC_TRIM_FILTER_SETSTRANDEDNESS:FASTQ_SUBSAMPLE_FQ_SALMON:SALMON_QUANT
Oct-23 13:02:53.041 [main] DEBUG nextflow.executor.ExecutorFactory - << taskConfig executor: k8s
Oct-23 13:02:53.041 [main] DEBUG nextflow.executor.ExecutorFactory - >> processorType: 'k8s'
Oct-23 13:02:53.042 [main] DEBUG nextflow.processor.TaskProcessor - Creating process 'NFCORE_RNASEQ:RNASEQ:FASTQ_QC_TRIM_FILTER_SETSTRANDEDNESS:FASTQ_SUBSAMPLE_FQ_SALMON:SALMON_QUANT': maxForks=0; fair=false; array=0
Oct-23 13:02:53.195 [main] DEBUG n.script.dsl.ProcessConfigBuilder - Config settings `withLabel:process_high` matches labels `process_high` for process with name NFCORE_RNASEQ:RNASEQ:ALIGN_STAR:STAR_ALIGN_IGENOMES
Oct-23 13:02:53.199 [main] DEBUG n.script.dsl.ProcessConfigBuilder - Config settings `withName:.*:ALIGN_STAR:STAR_ALIGN_IGENOMES|.*:ALIGN_STAR:SENTIEON_STAR_ALIGN` matches process NFCORE_RNASEQ:RNASEQ:ALIGN_STAR:STAR_ALIGN_IGENOMES
Oct-23 13:02:53.200 [main] DEBUG n.script.dsl.ProcessConfigBuilder - Config settings `withName:.*:ALIGN_STAR:STAR_ALIGN|.*:ALIGN_STAR:STAR_ALIGN_IGENOMES|.*:ALIGN_STAR:SENTIEON_STAR_ALIGN` matches process NFCORE_RNASEQ:RNASEQ:ALIGN_STAR:STAR_ALIGN_IGENOMES
Oct-23 13:02:53.228 [main] DEBUG nextflow.executor.ExecutorFactory - << taskConfig executor: k8s
Oct-23 13:02:53.228 [main] DEBUG nextflow.executor.ExecutorFactory - >> processorType: 'k8s'
Oct-23 13:02:53.229 [main] DEBUG nextflow.processor.TaskProcessor - Creating process 'NFCORE_RNASEQ:RNASEQ:ALIGN_STAR:STAR_ALIGN_IGENOMES': maxForks=0; fair=false; array=0
Oct-23 13:02:53.281 [main] DEBUG n.script.dsl.ProcessConfigBuilder - Config settings `withLabel:process_medium` matches labels `process_medium` for process with name NFCORE_RNASEQ:RNASEQ:ALIGN_STAR:BAM_SORT_STATS_SAMTOOLS:SAMTOOLS_SORT
Oct-23 13:02:53.286 [main] DEBUG n.script.dsl.ProcessConfigBuilder - Config settings `withName:NFCORE_RNASEQ:RNASEQ:.*:BAM_SORT_STATS_SAMTOOLS:SAMTOOLS_SORT` matches process NFCORE_RNASEQ:RNASEQ:ALIGN_STAR:BAM_SORT_STATS_SAMTOOLS:SAMTOOLS_SORT
Oct-23 13:02:53.295 [main] DEBUG nextflow.executor.ExecutorFactory - << taskConfig executor: k8s
Oct-23 13:02:53.295 [main] DEBUG nextflow.executor.ExecutorFactory - >> processorType: 'k8s'
Oct-23 13:02:53.296 [main] DEBUG nextflow.processor.TaskProcessor - Creating process 'NFCORE_RNASEQ:RNASEQ:ALIGN_STAR:BAM_SORT_STATS_SAMTOOLS:SAMTOOLS_SORT': maxForks=0; fair=false; array=0
Oct-23 13:02:53.341 [main] DEBUG n.script.dsl.ProcessConfigBuilder - Config settings `withLabel:process_low` matches labels `process_low` for process with name NFCORE_RNASEQ:RNASEQ:ALIGN_STAR:BAM_SORT_STATS_SAMTOOLS:SAMTOOLS_INDEX
Oct-23 13:02:53.346 [main] DEBUG n.script.dsl.ProcessConfigBuilder - Config settings `withName:NFCORE_RNASEQ:RNASEQ:.*:BAM_SORT_STATS_SAMTOOLS:SAMTOOLS_INDEX` matches process NFCORE_RNASEQ:RNASEQ:ALIGN_STAR:BAM_SORT_STATS_SAMTOOLS:SAMTOOLS_INDEX
Oct-23 13:02:53.355 [main] DEBUG nextflow.executor.ExecutorFactory - << taskConfig executor: k8s
Oct-23 13:02:53.355 [main] DEBUG nextflow.executor.ExecutorFactory - >> processorType: 'k8s'
Oct-23 13:02:53.356 [main] DEBUG nextflow.processor.TaskProcessor - Creating process 'NFCORE_RNASEQ:RNASEQ:ALIGN_STAR:BAM_SORT_STATS_SAMTOOLS:SAMTOOLS_INDEX': maxForks=0; fair=false; array=0
Oct-23 13:02:53.401 [main] DEBUG n.script.dsl.ProcessConfigBuilder - Config settings `withLabel:process_single` matches labels `process_single` for process with name NFCORE_RNASEQ:RNASEQ:ALIGN_STAR:BAM_SORT_STATS_SAMTOOLS:BAM_STATS_SAMTOOLS:SAMTOOLS_STATS
Oct-23 13:02:53.407 [main] DEBUG n.script.dsl.ProcessConfigBuilder - Config settings `withName:NFCORE_RNASEQ:RNASEQ:.*:BAM_SORT_STATS_SAMTOOLS:BAM_STATS_SAMTOOLS:.*` matches process NFCORE_RNASEQ:RNASEQ:ALIGN_STAR:BAM_SORT_STATS_SAMTOOLS:BAM_STATS_SAMTOOLS:SAMTOOLS_STATS
Oct-23 13:02:53.428 [main] DEBUG nextflow.executor.ExecutorFactory - << taskConfig executor: k8s
Oct-23 13:02:53.428 [main] DEBUG nextflow.executor.ExecutorFactory - >> processorType: 'k8s'
Oct-23 13:02:53.430 [main] DEBUG nextflow.processor.TaskProcessor - Creating process 'NFCORE_RNASEQ:RNASEQ:ALIGN_STAR:BAM_SORT_STATS_SAMTOOLS:BAM_STATS_SAMTOOLS:SAMTOOLS_STATS': maxForks=0; fair=false; array=0
Oct-23 13:02:53.449 [main] DEBUG n.script.dsl.ProcessConfigBuilder - Config settings `withLabel:process_single` matches labels `process_single` for process with name NFCORE_RNASEQ:RNASEQ:ALIGN_STAR:BAM_SORT_STATS_SAMTOOLS:BAM_STATS_SAMTOOLS:SAMTOOLS_FLAGSTAT
Oct-23 13:02:53.455 [main] DEBUG n.script.dsl.ProcessConfigBuilder - Config settings `withName:NFCORE_RNASEQ:RNASEQ:.*:BAM_SORT_STATS_SAMTOOLS:BAM_STATS_SAMTOOLS:.*` matches process NFCORE_RNASEQ:RNASEQ:ALIGN_STAR:BAM_SORT_STATS_SAMTOOLS:BAM_STATS_SAMTOOLS:SAMTOOLS_FLAGSTAT
Oct-23 13:02:53.462 [main] DEBUG nextflow.executor.ExecutorFactory - << taskConfig executor: k8s
Oct-23 13:02:53.463 [main] DEBUG nextflow.executor.ExecutorFactory - >> processorType: 'k8s'
Oct-23 13:02:53.464 [main] DEBUG nextflow.processor.TaskProcessor - Creating process 'NFCORE_RNASEQ:RNASEQ:ALIGN_STAR:BAM_SORT_STATS_SAMTOOLS:BAM_STATS_SAMTOOLS:SAMTOOLS_FLAGSTAT': maxForks=0; fair=false; array=0
Oct-23 13:02:53.479 [main] DEBUG n.script.dsl.ProcessConfigBuilder - Config settings `withLabel:process_single` matches labels `process_single` for process with name NFCORE_RNASEQ:RNASEQ:ALIGN_STAR:BAM_SORT_STATS_SAMTOOLS:BAM_STATS_SAMTOOLS:SAMTOOLS_IDXSTATS
Oct-23 13:02:53.485 [main] DEBUG n.script.dsl.ProcessConfigBuilder - Config settings `withName:NFCORE_RNASEQ:RNASEQ:.*:BAM_SORT_STATS_SAMTOOLS:BAM_STATS_SAMTOOLS:.*` matches process NFCORE_RNASEQ:RNASEQ:ALIGN_STAR:BAM_SORT_STATS_SAMTOOLS:BAM_STATS_SAMTOOLS:SAMTOOLS_IDXSTATS
Oct-23 13:02:53.492 [main] DEBUG nextflow.executor.ExecutorFactory - << taskConfig executor: k8s
Oct-23 13:02:53.492 [main] DEBUG nextflow.executor.ExecutorFactory - >> processorType: 'k8s'
Oct-23 13:02:53.493 [main] DEBUG nextflow.processor.TaskProcessor - Creating process 'NFCORE_RNASEQ:RNASEQ:ALIGN_STAR:BAM_SORT_STATS_SAMTOOLS:BAM_STATS_SAMTOOLS:SAMTOOLS_IDXSTATS': maxForks=0; fair=false; array=0
Oct-23 13:02:53.656 [main] DEBUG n.script.dsl.ProcessConfigBuilder - Config settings `withLabel:process_medium` matches labels `process_medium` for process with name NFCORE_RNASEQ:RNASEQ:QUANTIFY_STAR_SALMON:SALMON_QUANT
Oct-23 13:02:53.662 [main] DEBUG n.script.dsl.ProcessConfigBuilder - Config settings `withName:.*:QUANTIFY_STAR_SALMON:SALMON_QUANT` matches process NFCORE_RNASEQ:RNASEQ:QUANTIFY_STAR_SALMON:SALMON_QUANT
Oct-23 13:02:53.672 [main] DEBUG nextflow.executor.ExecutorFactory - << taskConfig executor: k8s
Oct-23 13:02:53.672 [main] DEBUG nextflow.executor.ExecutorFactory - >> processorType: 'k8s'
Oct-23 13:02:53.673 [main] DEBUG nextflow.processor.TaskProcessor - Creating process 'NFCORE_RNASEQ:RNASEQ:QUANTIFY_STAR_SALMON:SALMON_QUANT': maxForks=0; fair=false; array=0
Oct-23 13:02:53.748 [main] DEBUG n.script.dsl.ProcessConfigBuilder - Config settings `withLabel:process_single` matches labels `process_single` for process with name NFCORE_RNASEQ:RNASEQ:QUANTIFY_STAR_SALMON:CUSTOM_TX2GENE
Oct-23 13:02:53.756 [main] DEBUG n.script.dsl.ProcessConfigBuilder - Config settings `withName:.*:QUANTIFY_STAR_SALMON:CUSTOM_TX2GENE` matches process NFCORE_RNASEQ:RNASEQ:QUANTIFY_STAR_SALMON:CUSTOM_TX2GENE
Oct-23 13:02:53.764 [main] DEBUG nextflow.executor.ExecutorFactory - << taskConfig executor: k8s
Oct-23 13:02:53.765 [main] DEBUG nextflow.executor.ExecutorFactory - >> processorType: 'k8s'
Oct-23 13:02:53.766 [main] DEBUG nextflow.processor.TaskProcessor - Creating process 'NFCORE_RNASEQ:RNASEQ:QUANTIFY_STAR_SALMON:CUSTOM_TX2GENE': maxForks=0; fair=false; array=0
Oct-23 13:02:53.802 [main] DEBUG n.script.dsl.ProcessConfigBuilder - Config settings `withLabel:process_medium` matches labels `process_medium` for process with name NFCORE_RNASEQ:RNASEQ:QUANTIFY_STAR_SALMON:TXIMETA_TXIMPORT
Oct-23 13:02:53.826 [main] DEBUG n.script.dsl.ProcessConfigBuilder - Config settings `withName:.*:QUANTIFY_STAR_SALMON:TXIMETA_TXIMPORT` matches process NFCORE_RNASEQ:RNASEQ:QUANTIFY_STAR_SALMON:TXIMETA_TXIMPORT
Oct-23 13:02:53.838 [main] DEBUG nextflow.executor.ExecutorFactory - << taskConfig executor: k8s
Oct-23 13:02:53.839 [main] DEBUG nextflow.executor.ExecutorFactory - >> processorType: 'k8s'
Oct-23 13:02:53.840 [main] DEBUG nextflow.processor.TaskProcessor - Creating process 'NFCORE_RNASEQ:RNASEQ:QUANTIFY_STAR_SALMON:TXIMETA_TXIMPORT': maxForks=0; fair=false; array=0
Oct-23 13:02:53.906 [main] DEBUG n.script.dsl.ProcessConfigBuilder - Config settings `withLabel:process_medium` matches labels `process_medium` for process with name NFCORE_RNASEQ:RNASEQ:QUANTIFY_STAR_SALMON:SE_GENE_UNIFIED
Oct-23 13:02:53.925 [main] DEBUG n.script.dsl.ProcessConfigBuilder - Config settings `withName:.*:QUANTIFY_STAR_SALMON:SE_.*` matches process NFCORE_RNASEQ:RNASEQ:QUANTIFY_STAR_SALMON:SE_GENE_UNIFIED
Oct-23 13:02:53.926 [main] DEBUG n.script.dsl.ProcessConfigBuilder - Config settings `withName:.*:QUANTIFY_STAR_SALMON:SE_GENE_UNIFIED` matches process NFCORE_RNASEQ:RNASEQ:QUANTIFY_STAR_SALMON:SE_GENE_UNIFIED
Oct-23 13:02:53.935 [main] DEBUG nextflow.executor.ExecutorFactory - << taskConfig executor: k8s
Oct-23 13:02:53.935 [main] DEBUG nextflow.executor.ExecutorFactory - >> processorType: 'k8s'
Oct-23 13:02:53.936 [main] DEBUG nextflow.processor.TaskProcessor - Creating process 'NFCORE_RNASEQ:RNASEQ:QUANTIFY_STAR_SALMON:SE_GENE_UNIFIED': maxForks=0; fair=false; array=0
Oct-23 13:02:53.981 [main] DEBUG n.script.dsl.ProcessConfigBuilder - Config settings `withLabel:process_medium` matches labels `process_medium` for process with name NFCORE_RNASEQ:RNASEQ:QUANTIFY_STAR_SALMON:SE_TRANSCRIPT_UNIFIED
Oct-23 13:02:53.991 [main] DEBUG n.script.dsl.ProcessConfigBuilder - Config settings `withName:.*:QUANTIFY_STAR_SALMON:SE_.*` matches process NFCORE_RNASEQ:RNASEQ:QUANTIFY_STAR_SALMON:SE_TRANSCRIPT_UNIFIED
Oct-23 13:02:53.991 [main] DEBUG n.script.dsl.ProcessConfigBuilder - Config settings `withName:.*:QUANTIFY_STAR_SALMON:SE_TRANSCRIPT_UNIFIED` matches process NFCORE_RNASEQ:RNASEQ:QUANTIFY_STAR_SALMON:SE_TRANSCRIPT_UNIFIED
Oct-23 13:02:53.999 [main] DEBUG nextflow.executor.ExecutorFactory - << taskConfig executor: k8s
Oct-23 13:02:53.999 [main] DEBUG nextflow.executor.ExecutorFactory - >> processorType: 'k8s'
Oct-23 13:02:54.000 [main] DEBUG nextflow.processor.TaskProcessor - Creating process 'NFCORE_RNASEQ:RNASEQ:QUANTIFY_STAR_SALMON:SE_TRANSCRIPT_UNIFIED': maxForks=0; fair=false; array=0
Oct-23 13:02:54.048 [main] DEBUG n.script.dsl.ProcessConfigBuilder - Config settings `withLabel:process_medium` matches labels `process_medium` for process with name NFCORE_RNASEQ:RNASEQ:DESEQ2_QC_STAR_SALMON
Oct-23 13:02:54.055 [main] DEBUG n.script.dsl.ProcessConfigBuilder - Config settings `withName:DESEQ2_QC_STAR_SALMON` matches process NFCORE_RNASEQ:RNASEQ:DESEQ2_QC_STAR_SALMON
Oct-23 13:02:54.066 [main] DEBUG nextflow.executor.ExecutorFactory - << taskConfig executor: k8s
Oct-23 13:02:54.066 [main] DEBUG nextflow.executor.ExecutorFactory - >> processorType: 'k8s'
Oct-23 13:02:54.067 [main] DEBUG nextflow.processor.TaskProcessor - Creating process 'NFCORE_RNASEQ:RNASEQ:DESEQ2_QC_STAR_SALMON': maxForks=0; fair=false; array=0
Oct-23 13:02:54.259 [main] DEBUG n.script.dsl.ProcessConfigBuilder - Config settings `withLabel:process_medium` matches labels `process_medium` for process with name NFCORE_RNASEQ:RNASEQ:BAM_MARKDUPLICATES_PICARD:PICARD_MARKDUPLICATES
Oct-23 13:02:54.265 [main] DEBUG n.script.dsl.ProcessConfigBuilder - Config settings `withName:.*:BAM_MARKDUPLICATES_PICARD:PICARD_MARKDUPLICATES` matches process NFCORE_RNASEQ:RNASEQ:BAM_MARKDUPLICATES_PICARD:PICARD_MARKDUPLICATES
Oct-23 13:02:54.276 [main] DEBUG nextflow.executor.ExecutorFactory - << taskConfig executor: k8s
Oct-23 13:02:54.276 [main] DEBUG nextflow.executor.ExecutorFactory - >> processorType: 'k8s'
Oct-23 13:02:54.277 [main] DEBUG nextflow.processor.TaskProcessor - Creating process 'NFCORE_RNASEQ:RNASEQ:BAM_MARKDUPLICATES_PICARD:PICARD_MARKDUPLICATES': maxForks=0; fair=false; array=0
Oct-23 13:02:54.339 [main] DEBUG n.script.dsl.ProcessConfigBuilder - Config settings `withLabel:process_low` matches labels `process_low` for process with name NFCORE_RNASEQ:RNASEQ:BAM_MARKDUPLICATES_PICARD:SAMTOOLS_INDEX
Oct-23 13:02:54.345 [main] DEBUG n.script.dsl.ProcessConfigBuilder - Config settings `withName:.*:BAM_MARKDUPLICATES_PICARD:SAMTOOLS_INDEX` matches process NFCORE_RNASEQ:RNASEQ:BAM_MARKDUPLICATES_PICARD:SAMTOOLS_INDEX
Oct-23 13:02:54.355 [main] DEBUG nextflow.executor.ExecutorFactory - << taskConfig executor: k8s
Oct-23 13:02:54.355 [main] DEBUG nextflow.executor.ExecutorFactory - >> processorType: 'k8s'
Oct-23 13:02:54.356 [main] DEBUG nextflow.processor.TaskProcessor - Creating process 'NFCORE_RNASEQ:RNASEQ:BAM_MARKDUPLICATES_PICARD:SAMTOOLS_INDEX': maxForks=0; fair=false; array=0
Oct-23 13:02:54.414 [main] DEBUG n.script.dsl.ProcessConfigBuilder - Config settings `withLabel:process_single` matches labels `process_single` for process with name NFCORE_RNASEQ:RNASEQ:BAM_MARKDUPLICATES_PICARD:BAM_STATS_SAMTOOLS:SAMTOOLS_STATS
Oct-23 13:02:54.431 [main] DEBUG n.script.dsl.ProcessConfigBuilder - Config settings `withName:.*:BAM_MARKDUPLICATES_PICARD:BAM_STATS_SAMTOOLS:.*` matches process NFCORE_RNASEQ:RNASEQ:BAM_MARKDUPLICATES_PICARD:BAM_STATS_SAMTOOLS:SAMTOOLS_STATS
Oct-23 13:02:54.440 [main] DEBUG nextflow.executor.ExecutorFactory - << taskConfig executor: k8s
Oct-23 13:02:54.440 [main] DEBUG nextflow.executor.ExecutorFactory - >> processorType: 'k8s'
Oct-23 13:02:54.441 [main] DEBUG nextflow.processor.TaskProcessor - Creating process 'NFCORE_RNASEQ:RNASEQ:BAM_MARKDUPLICATES_PICARD:BAM_STATS_SAMTOOLS:SAMTOOLS_STATS': maxForks=0; fair=false; array=0
Oct-23 13:02:54.466 [main] DEBUG n.script.dsl.ProcessConfigBuilder - Config settings `withLabel:process_single` matches labels `process_single` for process with name NFCORE_RNASEQ:RNASEQ:BAM_MARKDUPLICATES_PICARD:BAM_STATS_SAMTOOLS:SAMTOOLS_FLAGSTAT
Oct-23 13:02:54.472 [main] DEBUG n.script.dsl.ProcessConfigBuilder - Config settings `withName:.*:BAM_MARKDUPLICATES_PICARD:BAM_STATS_SAMTOOLS:.*` matches process NFCORE_RNASEQ:RNASEQ:BAM_MARKDUPLICATES_PICARD:BAM_STATS_SAMTOOLS:SAMTOOLS_FLAGSTAT
Oct-23 13:02:54.481 [main] DEBUG nextflow.executor.ExecutorFactory - << taskConfig executor: k8s
Oct-23 13:02:54.481 [main] DEBUG nextflow.executor.ExecutorFactory - >> processorType: 'k8s'
Oct-23 13:02:54.482 [main] DEBUG nextflow.processor.TaskProcessor - Creating process 'NFCORE_RNASEQ:RNASEQ:BAM_MARKDUPLICATES_PICARD:BAM_STATS_SAMTOOLS:SAMTOOLS_FLAGSTAT': maxForks=0; fair=false; array=0
Oct-23 13:02:54.500 [main] DEBUG n.script.dsl.ProcessConfigBuilder - Config settings `withLabel:process_single` matches labels `process_single` for process with name NFCORE_RNASEQ:RNASEQ:BAM_MARKDUPLICATES_PICARD:BAM_STATS_SAMTOOLS:SAMTOOLS_IDXSTATS
Oct-23 13:02:54.526 [main] DEBUG n.script.dsl.ProcessConfigBuilder - Config settings `withName:.*:BAM_MARKDUPLICATES_PICARD:BAM_STATS_SAMTOOLS:.*` matches process NFCORE_RNASEQ:RNASEQ:BAM_MARKDUPLICATES_PICARD:BAM_STATS_SAMTOOLS:SAMTOOLS_IDXSTATS
Oct-23 13:02:54.535 [main] DEBUG nextflow.executor.ExecutorFactory - << taskConfig executor: k8s
Oct-23 13:02:54.536 [main] DEBUG nextflow.executor.ExecutorFactory - >> processorType: 'k8s'
Oct-23 13:02:54.537 [main] DEBUG nextflow.processor.TaskProcessor - Creating process 'NFCORE_RNASEQ:RNASEQ:BAM_MARKDUPLICATES_PICARD:BAM_STATS_SAMTOOLS:SAMTOOLS_IDXSTATS': maxForks=0; fair=false; array=0
Oct-23 13:02:54.668 [main] DEBUG n.script.dsl.ProcessConfigBuilder - Config settings `withLabel:process_medium` matches labels `process_medium` for process with name NFCORE_RNASEQ:RNASEQ:STRINGTIE_STRINGTIE
Oct-23 13:02:54.671 [main] DEBUG n.script.dsl.ProcessConfigBuilder - Config settings `withName:STRINGTIE_STRINGTIE` matches process NFCORE_RNASEQ:RNASEQ:STRINGTIE_STRINGTIE
Oct-23 13:02:54.686 [main] DEBUG nextflow.executor.ExecutorFactory - << taskConfig executor: k8s
Oct-23 13:02:54.686 [main] DEBUG nextflow.executor.ExecutorFactory - >> processorType: 'k8s'
Oct-23 13:02:54.687 [main] DEBUG nextflow.processor.TaskProcessor - Creating process 'NFCORE_RNASEQ:RNASEQ:STRINGTIE_STRINGTIE': maxForks=0; fair=false; array=0
Oct-23 13:02:54.775 [main] DEBUG n.script.dsl.ProcessConfigBuilder - Config settings `withLabel:process_medium` matches labels `process_medium` for process with name NFCORE_RNASEQ:RNASEQ:SUBREAD_FEATURECOUNTS
Oct-23 13:02:54.778 [main] DEBUG n.script.dsl.ProcessConfigBuilder - Config settings `withName:SUBREAD_FEATURECOUNTS` matches process NFCORE_RNASEQ:RNASEQ:SUBREAD_FEATURECOUNTS
Oct-23 13:02:54.791 [main] DEBUG nextflow.executor.ExecutorFactory - << taskConfig executor: k8s
Oct-23 13:02:54.791 [main] DEBUG nextflow.executor.ExecutorFactory - >> processorType: 'k8s'
Oct-23 13:02:54.792 [main] DEBUG nextflow.processor.TaskProcessor - Creating process 'NFCORE_RNASEQ:RNASEQ:SUBREAD_FEATURECOUNTS': maxForks=0; fair=false; array=0
Oct-23 13:02:54.835 [main] DEBUG n.script.dsl.ProcessConfigBuilder - Config settings `withName:MULTIQC_CUSTOM_BIOTYPE` matches process NFCORE_RNASEQ:RNASEQ:MULTIQC_CUSTOM_BIOTYPE
Oct-23 13:02:54.849 [main] DEBUG nextflow.executor.ExecutorFactory - << taskConfig executor: k8s
Oct-23 13:02:54.850 [main] DEBUG nextflow.executor.ExecutorFactory - >> processorType: 'k8s'
Oct-23 13:02:54.850 [main] DEBUG nextflow.processor.TaskProcessor - Creating process 'NFCORE_RNASEQ:RNASEQ:MULTIQC_CUSTOM_BIOTYPE': maxForks=0; fair=false; array=0
Oct-23 13:02:54.885 [main] DEBUG n.script.dsl.ProcessConfigBuilder - Config settings `withLabel:process_single` matches labels `process_single` for process with name NFCORE_RNASEQ:RNASEQ:BEDTOOLS_GENOMECOV_FW
Oct-23 13:02:54.893 [main] DEBUG n.script.dsl.ProcessConfigBuilder - Config settings `withName:BEDTOOLS_GENOMECOV_FW` matches process NFCORE_RNASEQ:RNASEQ:BEDTOOLS_GENOMECOV_FW
Oct-23 13:02:54.905 [main] DEBUG nextflow.executor.ExecutorFactory - << taskConfig executor: k8s
Oct-23 13:02:54.905 [main] DEBUG nextflow.executor.ExecutorFactory - >> processorType: 'k8s'
Oct-23 13:02:54.906 [main] DEBUG nextflow.processor.TaskProcessor - Creating process 'NFCORE_RNASEQ:RNASEQ:BEDTOOLS_GENOMECOV_FW': maxForks=0; fair=false; array=0
Oct-23 13:02:54.933 [main] DEBUG n.script.dsl.ProcessConfigBuilder - Config settings `withLabel:process_single` matches labels `process_single` for process with name NFCORE_RNASEQ:RNASEQ:BEDTOOLS_GENOMECOV_REV
Oct-23 13:02:54.941 [main] DEBUG n.script.dsl.ProcessConfigBuilder - Config settings `withName:BEDTOOLS_GENOMECOV_REV` matches process NFCORE_RNASEQ:RNASEQ:BEDTOOLS_GENOMECOV_REV
Oct-23 13:02:54.953 [main] DEBUG nextflow.executor.ExecutorFactory - << taskConfig executor: k8s
Oct-23 13:02:54.954 [main] DEBUG nextflow.executor.ExecutorFactory - >> processorType: 'k8s'
Oct-23 13:02:54.954 [main] DEBUG nextflow.processor.TaskProcessor - Creating process 'NFCORE_RNASEQ:RNASEQ:BEDTOOLS_GENOMECOV_REV': maxForks=0; fair=false; array=0
Oct-23 13:02:54.978 [main] DEBUG n.script.dsl.ProcessConfigBuilder - Config settings `withLabel:process_medium` matches labels `process_medium` for process with name NFCORE_RNASEQ:RNASEQ:BEDGRAPH_BEDCLIP_BEDGRAPHTOBIGWIG_FORWARD:UCSC_BEDCLIP
Oct-23 13:02:54.986 [main] DEBUG n.script.dsl.ProcessConfigBuilder - Config settings `withName:.*:BEDGRAPH_BEDCLIP_BEDGRAPHTOBIGWIG_FORWARD:UCSC_BEDCLIP` matches process NFCORE_RNASEQ:RNASEQ:BEDGRAPH_BEDCLIP_BEDGRAPHTOBIGWIG_FORWARD:UCSC_BEDCLIP
Oct-23 13:02:54.994 [main] DEBUG nextflow.executor.ExecutorFactory - << taskConfig executor: k8s
Oct-23 13:02:54.995 [main] DEBUG nextflow.executor.ExecutorFactory - >> processorType: 'k8s'
Oct-23 13:02:54.995 [main] DEBUG nextflow.processor.TaskProcessor - Creating process 'NFCORE_RNASEQ:RNASEQ:BEDGRAPH_BEDCLIP_BEDGRAPHTOBIGWIG_FORWARD:UCSC_BEDCLIP': maxForks=0; fair=false; array=0
Oct-23 13:02:55.026 [main] DEBUG n.script.dsl.ProcessConfigBuilder - Config settings `withLabel:process_single` matches labels `process_single` for process with name NFCORE_RNASEQ:RNASEQ:BEDGRAPH_BEDCLIP_BEDGRAPHTOBIGWIG_FORWARD:UCSC_BEDGRAPHTOBIGWIG
Oct-23 13:02:55.034 [main] DEBUG n.script.dsl.ProcessConfigBuilder - Config settings `withName:.*:BEDGRAPH_BEDCLIP_BEDGRAPHTOBIGWIG_FORWARD:UCSC_BEDGRAPHTOBIGWIG` matches process NFCORE_RNASEQ:RNASEQ:BEDGRAPH_BEDCLIP_BEDGRAPHTOBIGWIG_FORWARD:UCSC_BEDGRAPHTOBIGWIG
Oct-23 13:02:55.042 [main] DEBUG nextflow.executor.ExecutorFactory - << taskConfig executor: k8s
Oct-23 13:02:55.042 [main] DEBUG nextflow.executor.ExecutorFactory - >> processorType: 'k8s'
Oct-23 13:02:55.043 [main] DEBUG nextflow.processor.TaskProcessor - Creating process 'NFCORE_RNASEQ:RNASEQ:BEDGRAPH_BEDCLIP_BEDGRAPHTOBIGWIG_FORWARD:UCSC_BEDGRAPHTOBIGWIG': maxForks=0; fair=false; array=0
Oct-23 13:02:55.068 [main] DEBUG n.script.dsl.ProcessConfigBuilder - Config settings `withLabel:process_medium` matches labels `process_medium` for process with name NFCORE_RNASEQ:RNASEQ:BEDGRAPH_BEDCLIP_BEDGRAPHTOBIGWIG_REVERSE:UCSC_BEDCLIP
Oct-23 13:02:55.077 [main] DEBUG n.script.dsl.ProcessConfigBuilder - Config settings `withName:.*:BEDGRAPH_BEDCLIP_BEDGRAPHTOBIGWIG_REVERSE:UCSC_BEDCLIP` matches process NFCORE_RNASEQ:RNASEQ:BEDGRAPH_BEDCLIP_BEDGRAPHTOBIGWIG_REVERSE:UCSC_BEDCLIP
Oct-23 13:02:55.087 [main] DEBUG nextflow.executor.ExecutorFactory - << taskConfig executor: k8s
Oct-23 13:02:55.087 [main] DEBUG nextflow.executor.ExecutorFactory - >> processorType: 'k8s'
Oct-23 13:02:55.087 [main] DEBUG nextflow.processor.TaskProcessor - Creating process 'NFCORE_RNASEQ:RNASEQ:BEDGRAPH_BEDCLIP_BEDGRAPHTOBIGWIG_REVERSE:UCSC_BEDCLIP': maxForks=0; fair=false; array=0
Oct-23 13:02:55.124 [main] DEBUG n.script.dsl.ProcessConfigBuilder - Config settings `withLabel:process_single` matches labels `process_single` for process with name NFCORE_RNASEQ:RNASEQ:BEDGRAPH_BEDCLIP_BEDGRAPHTOBIGWIG_REVERSE:UCSC_BEDGRAPHTOBIGWIG
Oct-23 13:02:55.135 [main] DEBUG n.script.dsl.ProcessConfigBuilder - Config settings `withName:.*:BEDGRAPH_BEDCLIP_BEDGRAPHTOBIGWIG_REVERSE:UCSC_BEDGRAPHTOBIGWIG` matches process NFCORE_RNASEQ:RNASEQ:BEDGRAPH_BEDCLIP_BEDGRAPHTOBIGWIG_REVERSE:UCSC_BEDGRAPHTOBIGWIG
Oct-23 13:02:55.143 [main] DEBUG nextflow.executor.ExecutorFactory - << taskConfig executor: k8s
Oct-23 13:02:55.144 [main] DEBUG nextflow.executor.ExecutorFactory - >> processorType: 'k8s'
Oct-23 13:02:55.144 [main] DEBUG nextflow.processor.TaskProcessor - Creating process 'NFCORE_RNASEQ:RNASEQ:BEDGRAPH_BEDCLIP_BEDGRAPHTOBIGWIG_REVERSE:UCSC_BEDGRAPHTOBIGWIG': maxForks=0; fair=false; array=0
Oct-23 13:02:55.166 [main] DEBUG n.script.dsl.ProcessConfigBuilder - Config settings `withLabel:process_medium` matches labels `process_medium` for process with name NFCORE_RNASEQ:RNASEQ:QUALIMAP_RNASEQ
Oct-23 13:02:55.169 [main] DEBUG n.script.dsl.ProcessConfigBuilder - Config settings `withName:QUALIMAP_RNASEQ` matches process NFCORE_RNASEQ:RNASEQ:QUALIMAP_RNASEQ
Oct-23 13:02:55.183 [main] DEBUG nextflow.executor.ExecutorFactory - << taskConfig executor: k8s
Oct-23 13:02:55.183 [main] DEBUG nextflow.executor.ExecutorFactory - >> processorType: 'k8s'
Oct-23 13:02:55.184 [main] DEBUG nextflow.processor.TaskProcessor - Creating process 'NFCORE_RNASEQ:RNASEQ:QUALIMAP_RNASEQ': maxForks=0; fair=false; array=0
Oct-23 13:02:55.237 [main] DEBUG n.script.dsl.ProcessConfigBuilder - Config settings `withLabel:process_long` matches labels `process_long` for process with name NFCORE_RNASEQ:RNASEQ:DUPRADAR
Oct-23 13:02:55.239 [main] DEBUG n.script.dsl.ProcessConfigBuilder - Config settings `withName:DUPRADAR` matches process NFCORE_RNASEQ:RNASEQ:DUPRADAR
Oct-23 13:02:55.255 [main] DEBUG nextflow.executor.ExecutorFactory - << taskConfig executor: k8s
Oct-23 13:02:55.255 [main] DEBUG nextflow.executor.ExecutorFactory - >> processorType: 'k8s'
Oct-23 13:02:55.256 [main] DEBUG nextflow.processor.TaskProcessor - Creating process 'NFCORE_RNASEQ:RNASEQ:DUPRADAR': maxForks=0; fair=false; array=0
Oct-23 13:02:55.335 [main] DEBUG n.script.dsl.ProcessConfigBuilder - Config settings `withLabel:process_medium` matches labels `process_medium` for process with name NFCORE_RNASEQ:RNASEQ:BAM_RSEQC:RSEQC_BAMSTAT
Oct-23 13:02:55.341 [main] DEBUG n.script.dsl.ProcessConfigBuilder - Config settings `withName:.*:BAM_RSEQC:RSEQC_BAMSTAT` matches process NFCORE_RNASEQ:RNASEQ:BAM_RSEQC:RSEQC_BAMSTAT
Oct-23 13:02:55.351 [main] DEBUG nextflow.executor.ExecutorFactory - << taskConfig executor: k8s
Oct-23 13:02:55.351 [main] DEBUG nextflow.executor.ExecutorFactory - >> processorType: 'k8s'
Oct-23 13:02:55.352 [main] DEBUG nextflow.processor.TaskProcessor - Creating process 'NFCORE_RNASEQ:RNASEQ:BAM_RSEQC:RSEQC_BAMSTAT': maxForks=0; fair=false; array=0
Oct-23 13:02:55.378 [main] DEBUG n.script.dsl.ProcessConfigBuilder - Config settings `withLabel:process_medium` matches labels `process_medium` for process with name NFCORE_RNASEQ:RNASEQ:BAM_RSEQC:RSEQC_INNERDISTANCE
Oct-23 13:02:55.384 [main] DEBUG n.script.dsl.ProcessConfigBuilder - Config settings `withName:.*:BAM_RSEQC:RSEQC_INNERDISTANCE` matches process NFCORE_RNASEQ:RNASEQ:BAM_RSEQC:RSEQC_INNERDISTANCE
Oct-23 13:02:55.393 [main] DEBUG nextflow.executor.ExecutorFactory - << taskConfig executor: k8s
Oct-23 13:02:55.393 [main] DEBUG nextflow.executor.ExecutorFactory - >> processorType: 'k8s'
Oct-23 13:02:55.394 [main] DEBUG nextflow.processor.TaskProcessor - Creating process 'NFCORE_RNASEQ:RNASEQ:BAM_RSEQC:RSEQC_INNERDISTANCE': maxForks=0; fair=false; array=0
Oct-23 13:02:55.445 [main] DEBUG n.script.dsl.ProcessConfigBuilder - Config settings `withLabel:process_medium` matches labels `process_medium` for process with name NFCORE_RNASEQ:RNASEQ:BAM_RSEQC:RSEQC_INFEREXPERIMENT
Oct-23 13:02:55.450 [main] DEBUG n.script.dsl.ProcessConfigBuilder - Config settings `withName:.*:BAM_RSEQC:RSEQC_INFEREXPERIMENT` matches process NFCORE_RNASEQ:RNASEQ:BAM_RSEQC:RSEQC_INFEREXPERIMENT
Oct-23 13:02:55.459 [main] DEBUG nextflow.executor.ExecutorFactory - << taskConfig executor: k8s
Oct-23 13:02:55.459 [main] DEBUG nextflow.executor.ExecutorFactory - >> processorType: 'k8s'
Oct-23 13:02:55.460 [main] DEBUG nextflow.processor.TaskProcessor - Creating process 'NFCORE_RNASEQ:RNASEQ:BAM_RSEQC:RSEQC_INFEREXPERIMENT': maxForks=0; fair=false; array=0
Oct-23 13:02:55.494 [main] DEBUG n.script.dsl.ProcessConfigBuilder - Config settings `withLabel:process_medium` matches labels `process_medium` for process with name NFCORE_RNASEQ:RNASEQ:BAM_RSEQC:RSEQC_JUNCTIONANNOTATION
Oct-23 13:02:55.500 [main] DEBUG n.script.dsl.ProcessConfigBuilder - Config settings `withName:.*:BAM_RSEQC:RSEQC_JUNCTIONANNOTATION` matches process NFCORE_RNASEQ:RNASEQ:BAM_RSEQC:RSEQC_JUNCTIONANNOTATION
Oct-23 13:02:55.527 [main] DEBUG nextflow.executor.ExecutorFactory - << taskConfig executor: k8s
Oct-23 13:02:55.528 [main] DEBUG nextflow.executor.ExecutorFactory - >> processorType: 'k8s'
Oct-23 13:02:55.529 [main] DEBUG nextflow.processor.TaskProcessor - Creating process 'NFCORE_RNASEQ:RNASEQ:BAM_RSEQC:RSEQC_JUNCTIONANNOTATION': maxForks=0; fair=false; array=0
Oct-23 13:02:55.571 [main] DEBUG n.script.dsl.ProcessConfigBuilder - Config settings `withLabel:process_medium` matches labels `process_medium` for process with name NFCORE_RNASEQ:RNASEQ:BAM_RSEQC:RSEQC_JUNCTIONSATURATION
Oct-23 13:02:55.577 [main] DEBUG n.script.dsl.ProcessConfigBuilder - Config settings `withName:.*:BAM_RSEQC:RSEQC_JUNCTIONSATURATION` matches process NFCORE_RNASEQ:RNASEQ:BAM_RSEQC:RSEQC_JUNCTIONSATURATION
Oct-23 13:02:55.586 [main] DEBUG nextflow.executor.ExecutorFactory - << taskConfig executor: k8s
Oct-23 13:02:55.586 [main] DEBUG nextflow.executor.ExecutorFactory - >> processorType: 'k8s'
Oct-23 13:02:55.587 [main] DEBUG nextflow.processor.TaskProcessor - Creating process 'NFCORE_RNASEQ:RNASEQ:BAM_RSEQC:RSEQC_JUNCTIONSATURATION': maxForks=0; fair=false; array=0
Oct-23 13:02:55.638 [main] DEBUG n.script.dsl.ProcessConfigBuilder - Config settings `withLabel:process_medium` matches labels `process_medium` for process with name NFCORE_RNASEQ:RNASEQ:BAM_RSEQC:RSEQC_READDISTRIBUTION
Oct-23 13:02:55.644 [main] DEBUG n.script.dsl.ProcessConfigBuilder - Config settings `withName:.*:BAM_RSEQC:RSEQC_READDISTRIBUTION` matches process NFCORE_RNASEQ:RNASEQ:BAM_RSEQC:RSEQC_READDISTRIBUTION
Oct-23 13:02:55.652 [main] DEBUG nextflow.executor.ExecutorFactory - << taskConfig executor: k8s
Oct-23 13:02:55.652 [main] DEBUG nextflow.executor.ExecutorFactory - >> processorType: 'k8s'
Oct-23 13:02:55.653 [main] DEBUG nextflow.processor.TaskProcessor - Creating process 'NFCORE_RNASEQ:RNASEQ:BAM_RSEQC:RSEQC_READDISTRIBUTION': maxForks=0; fair=false; array=0
Oct-23 13:02:55.681 [main] DEBUG n.script.dsl.ProcessConfigBuilder - Config settings `withLabel:process_medium` matches labels `process_medium` for process with name NFCORE_RNASEQ:RNASEQ:BAM_RSEQC:RSEQC_READDUPLICATION
Oct-23 13:02:55.687 [main] DEBUG n.script.dsl.ProcessConfigBuilder - Config settings `withName:.*:BAM_RSEQC:RSEQC_READDUPLICATION` matches process NFCORE_RNASEQ:RNASEQ:BAM_RSEQC:RSEQC_READDUPLICATION
Oct-23 13:02:55.696 [main] DEBUG nextflow.executor.ExecutorFactory - << taskConfig executor: k8s
Oct-23 13:02:55.696 [main] DEBUG nextflow.executor.ExecutorFactory - >> processorType: 'k8s'
Oct-23 13:02:55.697 [main] DEBUG nextflow.processor.TaskProcessor - Creating process 'NFCORE_RNASEQ:RNASEQ:BAM_RSEQC:RSEQC_READDUPLICATION': maxForks=0; fair=false; array=0
Oct-23 13:02:55.896 [main] DEBUG n.script.dsl.ProcessConfigBuilder - Config settings `withLabel:process_medium` matches labels `process_medium` for process with name NFCORE_RNASEQ:RNASEQ:QUANTIFY_PSEUDO_ALIGNMENT:SALMON_QUANT
Oct-23 13:02:55.923 [main] DEBUG nextflow.executor.ExecutorFactory - << taskConfig executor: k8s
Oct-23 13:02:55.923 [main] DEBUG nextflow.executor.ExecutorFactory - >> processorType: 'k8s'
Oct-23 13:02:55.924 [main] DEBUG nextflow.processor.TaskProcessor - Creating process 'NFCORE_RNASEQ:RNASEQ:QUANTIFY_PSEUDO_ALIGNMENT:SALMON_QUANT': maxForks=0; fair=false; array=0
Oct-23 13:02:55.958 [main] DEBUG n.script.dsl.ProcessConfigBuilder - Config settings `withLabel:process_single` matches labels `process_single` for process with name NFCORE_RNASEQ:RNASEQ:QUANTIFY_PSEUDO_ALIGNMENT:CUSTOM_TX2GENE
Oct-23 13:02:55.972 [main] DEBUG nextflow.executor.ExecutorFactory - << taskConfig executor: k8s
Oct-23 13:02:55.972 [main] DEBUG nextflow.executor.ExecutorFactory - >> processorType: 'k8s'
Oct-23 13:02:55.972 [main] DEBUG nextflow.processor.TaskProcessor - Creating process 'NFCORE_RNASEQ:RNASEQ:QUANTIFY_PSEUDO_ALIGNMENT:CUSTOM_TX2GENE': maxForks=0; fair=false; array=0
Oct-23 13:02:56.023 [main] DEBUG n.script.dsl.ProcessConfigBuilder - Config settings `withLabel:process_medium` matches labels `process_medium` for process with name NFCORE_RNASEQ:RNASEQ:QUANTIFY_PSEUDO_ALIGNMENT:TXIMETA_TXIMPORT
Oct-23 13:02:56.038 [main] DEBUG nextflow.executor.ExecutorFactory - << taskConfig executor: k8s
Oct-23 13:02:56.038 [main] DEBUG nextflow.executor.ExecutorFactory - >> processorType: 'k8s'
Oct-23 13:02:56.039 [main] DEBUG nextflow.processor.TaskProcessor - Creating process 'NFCORE_RNASEQ:RNASEQ:QUANTIFY_PSEUDO_ALIGNMENT:TXIMETA_TXIMPORT': maxForks=0; fair=false; array=0
Oct-23 13:02:56.094 [main] DEBUG n.script.dsl.ProcessConfigBuilder - Config settings `withLabel:process_medium` matches labels `process_medium` for process with name NFCORE_RNASEQ:RNASEQ:QUANTIFY_PSEUDO_ALIGNMENT:SE_GENE_UNIFIED
Oct-23 13:02:56.139 [main] DEBUG nextflow.executor.ExecutorFactory - << taskConfig executor: k8s
Oct-23 13:02:56.139 [main] DEBUG nextflow.executor.ExecutorFactory - >> processorType: 'k8s'
Oct-23 13:02:56.140 [main] DEBUG nextflow.processor.TaskProcessor - Creating process 'NFCORE_RNASEQ:RNASEQ:QUANTIFY_PSEUDO_ALIGNMENT:SE_GENE_UNIFIED': maxForks=0; fair=false; array=0
Oct-23 13:02:56.175 [main] DEBUG n.script.dsl.ProcessConfigBuilder - Config settings `withLabel:process_medium` matches labels `process_medium` for process with name NFCORE_RNASEQ:RNASEQ:QUANTIFY_PSEUDO_ALIGNMENT:SE_TRANSCRIPT_UNIFIED
Oct-23 13:02:56.191 [main] DEBUG nextflow.executor.ExecutorFactory - << taskConfig executor: k8s
Oct-23 13:02:56.191 [main] DEBUG nextflow.executor.ExecutorFactory - >> processorType: 'k8s'
Oct-23 13:02:56.192 [main] DEBUG nextflow.processor.TaskProcessor - Creating process 'NFCORE_RNASEQ:RNASEQ:QUANTIFY_PSEUDO_ALIGNMENT:SE_TRANSCRIPT_UNIFIED': maxForks=0; fair=false; array=0
Oct-23 13:02:56.256 [main] DEBUG n.script.dsl.ProcessConfigBuilder - Config settings `withLabel:process_medium` matches labels `process_medium` for process with name NFCORE_RNASEQ:RNASEQ:DESEQ2_QC_PSEUDO
Oct-23 13:02:56.272 [main] DEBUG nextflow.executor.ExecutorFactory - << taskConfig executor: k8s
Oct-23 13:02:56.272 [main] DEBUG nextflow.executor.ExecutorFactory - >> processorType: 'k8s'
Oct-23 13:02:56.273 [main] DEBUG nextflow.processor.TaskProcessor - Creating process 'NFCORE_RNASEQ:RNASEQ:DESEQ2_QC_PSEUDO': maxForks=0; fair=false; array=0
Oct-23 13:02:56.556 [main] DEBUG n.script.dsl.ProcessConfigBuilder - Config settings `withLabel:process_single` matches labels `process_single` for process with name NFCORE_RNASEQ:RNASEQ:MULTIQC
Oct-23 13:02:56.559 [main] DEBUG n.script.dsl.ProcessConfigBuilder - Config settings `withName:MULTIQC` matches process NFCORE_RNASEQ:RNASEQ:MULTIQC
Oct-23 13:02:56.571 [main] DEBUG nextflow.executor.ExecutorFactory - << taskConfig executor: k8s
Oct-23 13:02:56.572 [main] DEBUG nextflow.executor.ExecutorFactory - >> processorType: 'k8s'
Oct-23 13:02:56.572 [main] DEBUG nextflow.processor.TaskProcessor - Creating process 'NFCORE_RNASEQ:RNASEQ:MULTIQC': maxForks=0; fair=false; array=0
Oct-23 13:02:56.661 [main] DEBUG nextflow.Session - Config process names validation disabled as requested
Oct-23 13:02:56.668 [main] DEBUG nextflow.Session - Igniting dataflow network (145)
Oct-23 13:02:56.669 [main] DEBUG nextflow.processor.TaskProcessor - Starting process > NFCORE_RNASEQ:PREPARE_GENOME:GTF_FILTER
Oct-23 13:02:56.670 [main] DEBUG nextflow.processor.TaskProcessor - Starting process > NFCORE_RNASEQ:PREPARE_GENOME:MAKE_TRANSCRIPTS_FASTA
Oct-23 13:02:56.670 [main] DEBUG nextflow.processor.TaskProcessor - Starting process > NFCORE_RNASEQ:PREPARE_GENOME:CUSTOM_GETCHROMSIZES
Oct-23 13:02:56.671 [main] DEBUG nextflow.processor.TaskProcessor - Starting process > NFCORE_RNASEQ:PREPARE_GENOME:SALMON_INDEX
Oct-23 13:02:56.672 [main] DEBUG nextflow.processor.TaskProcessor - Starting process > NFCORE_RNASEQ:RNASEQ:SAMTOOLS_INDEX
Oct-23 13:02:56.672 [main] DEBUG nextflow.processor.TaskProcessor - Starting process > NFCORE_RNASEQ:RNASEQ:FASTQ_QC_TRIM_FILTER_SETSTRANDEDNESS:CAT_FASTQ
Oct-23 13:02:56.672 [main] DEBUG nextflow.processor.TaskProcessor - Starting process > NFCORE_RNASEQ:RNASEQ:FASTQ_QC_TRIM_FILTER_SETSTRANDEDNESS:FQ_LINT
Oct-23 13:02:56.672 [main] DEBUG nextflow.processor.TaskProcessor - Starting process > NFCORE_RNASEQ:RNASEQ:FASTQ_QC_TRIM_FILTER_SETSTRANDEDNESS:FASTQ_FASTQC_UMITOOLS_TRIMGALORE:FASTQC
Oct-23 13:02:56.673 [main] DEBUG nextflow.processor.TaskProcessor - Starting process > NFCORE_RNASEQ:RNASEQ:FASTQ_QC_TRIM_FILTER_SETSTRANDEDNESS:FASTQ_FASTQC_UMITOOLS_TRIMGALORE:TRIMGALORE
Oct-23 13:02:56.673 [main] DEBUG nextflow.processor.TaskProcessor - Starting process > NFCORE_RNASEQ:RNASEQ:FASTQ_QC_TRIM_FILTER_SETSTRANDEDNESS:FQ_LINT_AFTER_TRIMMING
Oct-23 13:02:56.673 [main] DEBUG nextflow.processor.TaskProcessor - Starting process > NFCORE_RNASEQ:RNASEQ:FASTQ_QC_TRIM_FILTER_SETSTRANDEDNESS:FASTQ_SUBSAMPLE_FQ_SALMON:FQ_SUBSAMPLE
Oct-23 13:02:56.673 [main] DEBUG nextflow.processor.TaskProcessor - Starting process > NFCORE_RNASEQ:RNASEQ:FASTQ_QC_TRIM_FILTER_SETSTRANDEDNESS:FASTQ_SUBSAMPLE_FQ_SALMON:SALMON_QUANT
Oct-23 13:02:56.673 [main] DEBUG nextflow.processor.TaskProcessor - Starting process > NFCORE_RNASEQ:RNASEQ:ALIGN_STAR:STAR_ALIGN_IGENOMES
Oct-23 13:02:56.673 [main] DEBUG nextflow.processor.TaskProcessor - Starting process > NFCORE_RNASEQ:RNASEQ:ALIGN_STAR:BAM_SORT_STATS_SAMTOOLS:SAMTOOLS_SORT
Oct-23 13:02:56.673 [main] DEBUG nextflow.processor.TaskProcessor - Starting process > NFCORE_RNASEQ:RNASEQ:ALIGN_STAR:BAM_SORT_STATS_SAMTOOLS:SAMTOOLS_INDEX
Oct-23 13:02:56.674 [main] DEBUG nextflow.processor.TaskProcessor - Starting process > NFCORE_RNASEQ:RNASEQ:ALIGN_STAR:BAM_SORT_STATS_SAMTOOLS:BAM_STATS_SAMTOOLS:SAMTOOLS_STATS
Oct-23 13:02:56.674 [main] DEBUG nextflow.processor.TaskProcessor - Starting process > NFCORE_RNASEQ:RNASEQ:ALIGN_STAR:BAM_SORT_STATS_SAMTOOLS:BAM_STATS_SAMTOOLS:SAMTOOLS_FLAGSTAT
Oct-23 13:02:56.674 [main] DEBUG nextflow.processor.TaskProcessor - Starting process > NFCORE_RNASEQ:RNASEQ:ALIGN_STAR:BAM_SORT_STATS_SAMTOOLS:BAM_STATS_SAMTOOLS:SAMTOOLS_IDXSTATS
Oct-23 13:02:56.675 [main] DEBUG nextflow.processor.TaskProcessor - Starting process > NFCORE_RNASEQ:RNASEQ:QUANTIFY_STAR_SALMON:SALMON_QUANT
Oct-23 13:02:56.675 [main] DEBUG nextflow.processor.TaskProcessor - Starting process > NFCORE_RNASEQ:RNASEQ:QUANTIFY_STAR_SALMON:CUSTOM_TX2GENE
Oct-23 13:02:56.675 [main] DEBUG nextflow.processor.TaskProcessor - Starting process > NFCORE_RNASEQ:RNASEQ:QUANTIFY_STAR_SALMON:TXIMETA_TXIMPORT
Oct-23 13:02:56.675 [main] DEBUG nextflow.processor.TaskProcessor - Starting process > NFCORE_RNASEQ:RNASEQ:QUANTIFY_STAR_SALMON:SE_GENE_UNIFIED
Oct-23 13:02:56.675 [main] DEBUG nextflow.processor.TaskProcessor - Starting process > NFCORE_RNASEQ:RNASEQ:QUANTIFY_STAR_SALMON:SE_TRANSCRIPT_UNIFIED
Oct-23 13:02:56.675 [main] DEBUG nextflow.processor.TaskProcessor - Starting process > NFCORE_RNASEQ:RNASEQ:DESEQ2_QC_STAR_SALMON
Oct-23 13:02:56.676 [main] DEBUG nextflow.processor.TaskProcessor - Starting process > NFCORE_RNASEQ:RNASEQ:BAM_MARKDUPLICATES_PICARD:PICARD_MARKDUPLICATES
Oct-23 13:02:56.676 [main] DEBUG nextflow.processor.TaskProcessor - Starting process > NFCORE_RNASEQ:RNASEQ:BAM_MARKDUPLICATES_PICARD:SAMTOOLS_INDEX
Oct-23 13:02:56.676 [main] DEBUG nextflow.processor.TaskProcessor - Starting process > NFCORE_RNASEQ:RNASEQ:BAM_MARKDUPLICATES_PICARD:BAM_STATS_SAMTOOLS:SAMTOOLS_STATS
Oct-23 13:02:56.676 [main] DEBUG nextflow.processor.TaskProcessor - Starting process > NFCORE_RNASEQ:RNASEQ:BAM_MARKDUPLICATES_PICARD:BAM_STATS_SAMTOOLS:SAMTOOLS_FLAGSTAT
Oct-23 13:02:56.676 [main] DEBUG nextflow.processor.TaskProcessor - Starting process > NFCORE_RNASEQ:RNASEQ:BAM_MARKDUPLICATES_PICARD:BAM_STATS_SAMTOOLS:SAMTOOLS_IDXSTATS
Oct-23 13:02:56.676 [main] DEBUG nextflow.processor.TaskProcessor - Starting process > NFCORE_RNASEQ:RNASEQ:STRINGTIE_STRINGTIE
Oct-23 13:02:56.676 [main] DEBUG nextflow.processor.TaskProcessor - Starting process > NFCORE_RNASEQ:RNASEQ:SUBREAD_FEATURECOUNTS
Oct-23 13:02:56.677 [main] DEBUG nextflow.processor.TaskProcessor - Starting process > NFCORE_RNASEQ:RNASEQ:MULTIQC_CUSTOM_BIOTYPE
Oct-23 13:02:56.677 [main] DEBUG nextflow.processor.TaskProcessor - Starting process > NFCORE_RNASEQ:RNASEQ:BEDTOOLS_GENOMECOV_FW
Oct-23 13:02:56.677 [main] DEBUG nextflow.processor.TaskProcessor - Starting process > NFCORE_RNASEQ:RNASEQ:BEDTOOLS_GENOMECOV_REV
Oct-23 13:02:56.677 [main] DEBUG nextflow.processor.TaskProcessor - Starting process > NFCORE_RNASEQ:RNASEQ:BEDGRAPH_BEDCLIP_BEDGRAPHTOBIGWIG_FORWARD:UCSC_BEDCLIP
Oct-23 13:02:56.677 [main] DEBUG nextflow.processor.TaskProcessor - Starting process > NFCORE_RNASEQ:RNASEQ:BEDGRAPH_BEDCLIP_BEDGRAPHTOBIGWIG_FORWARD:UCSC_BEDGRAPHTOBIGWIG
Oct-23 13:02:56.677 [main] DEBUG nextflow.processor.TaskProcessor - Starting process > NFCORE_RNASEQ:RNASEQ:BEDGRAPH_BEDCLIP_BEDGRAPHTOBIGWIG_REVERSE:UCSC_BEDCLIP
Oct-23 13:02:56.678 [main] DEBUG nextflow.processor.TaskProcessor - Starting process > NFCORE_RNASEQ:RNASEQ:BEDGRAPH_BEDCLIP_BEDGRAPHTOBIGWIG_REVERSE:UCSC_BEDGRAPHTOBIGWIG
Oct-23 13:02:56.678 [main] DEBUG nextflow.processor.TaskProcessor - Starting process > NFCORE_RNASEQ:RNASEQ:QUALIMAP_RNASEQ
Oct-23 13:02:56.678 [main] DEBUG nextflow.processor.TaskProcessor - Starting process > NFCORE_RNASEQ:RNASEQ:DUPRADAR
Oct-23 13:02:56.678 [main] DEBUG nextflow.processor.TaskProcessor - Starting process > NFCORE_RNASEQ:RNASEQ:BAM_RSEQC:RSEQC_BAMSTAT
Oct-23 13:02:56.678 [main] DEBUG nextflow.processor.TaskProcessor - Starting process > NFCORE_RNASEQ:RNASEQ:BAM_RSEQC:RSEQC_INNERDISTANCE
Oct-23 13:02:56.678 [main] DEBUG nextflow.processor.TaskProcessor - Starting process > NFCORE_RNASEQ:RNASEQ:BAM_RSEQC:RSEQC_INFEREXPERIMENT
Oct-23 13:02:56.679 [main] DEBUG nextflow.processor.TaskProcessor - Starting process > NFCORE_RNASEQ:RNASEQ:BAM_RSEQC:RSEQC_JUNCTIONANNOTATION
Oct-23 13:02:56.679 [main] DEBUG nextflow.processor.TaskProcessor - Starting process > NFCORE_RNASEQ:RNASEQ:BAM_RSEQC:RSEQC_JUNCTIONSATURATION
Oct-23 13:02:56.679 [main] DEBUG nextflow.processor.TaskProcessor - Starting process > NFCORE_RNASEQ:RNASEQ:BAM_RSEQC:RSEQC_READDISTRIBUTION
Oct-23 13:02:56.679 [main] DEBUG nextflow.processor.TaskProcessor - Starting process > NFCORE_RNASEQ:RNASEQ:BAM_RSEQC:RSEQC_READDUPLICATION
Oct-23 13:02:56.679 [main] DEBUG nextflow.processor.TaskProcessor - Starting process > NFCORE_RNASEQ:RNASEQ:QUANTIFY_PSEUDO_ALIGNMENT:SALMON_QUANT
Oct-23 13:02:56.680 [main] DEBUG nextflow.processor.TaskProcessor - Starting process > NFCORE_RNASEQ:RNASEQ:QUANTIFY_PSEUDO_ALIGNMENT:CUSTOM_TX2GENE
Oct-23 13:02:56.680 [main] DEBUG nextflow.processor.TaskProcessor - Starting process > NFCORE_RNASEQ:RNASEQ:QUANTIFY_PSEUDO_ALIGNMENT:TXIMETA_TXIMPORT
Oct-23 13:02:56.680 [main] DEBUG nextflow.processor.TaskProcessor - Starting process > NFCORE_RNASEQ:RNASEQ:QUANTIFY_PSEUDO_ALIGNMENT:SE_GENE_UNIFIED
Oct-23 13:02:56.680 [main] DEBUG nextflow.processor.TaskProcessor - Starting process > NFCORE_RNASEQ:RNASEQ:QUANTIFY_PSEUDO_ALIGNMENT:SE_TRANSCRIPT_UNIFIED
Oct-23 13:02:56.680 [main] DEBUG nextflow.processor.TaskProcessor - Starting process > NFCORE_RNASEQ:RNASEQ:DESEQ2_QC_PSEUDO
Oct-23 13:02:56.745 [main] DEBUG nextflow.processor.TaskProcessor - Starting process > NFCORE_RNASEQ:RNASEQ:MULTIQC
Oct-23 13:02:56.752 [main] DEBUG nextflow.script.ScriptRunner - Parsed script files:
  Script_8251928f53ed1e0e: /workspace/nf_assets/nf-core/rnaseq/modules/nf-core/multiqc/main.nf
  Script_d3865926248d0c08: /workspace/nf_assets/nf-core/rnaseq/modules/nf-core/samtools/stats/main.nf
  Script_1f8b206dadc812e1: /workspace/nf_assets/nf-core/rnaseq/modules/nf-core/hisat2/build/main.nf
  Script_4fb9e5798185138e: /workspace/nf_assets/nf-core/rnaseq/subworkflows/nf-core/fastq_align_hisat2/main.nf
  Script_cdbce3e23a8f89e8: /workspace/nf_assets/nf-core/rnaseq/subworkflows/nf-core/bam_stats_samtools/main.nf
  Script_9e61b79b569950a4: /workspace/nf_assets/nf-core/rnaseq/modules/nf-core/fastqc/main.nf
  Script_ba93fd870f3d5e8f: /workspace/nf_assets/nf-core/rnaseq/modules/nf-core/stringtie/stringtie/main.nf
  Script_a780234b47eb3af3: /workspace/nf_assets/nf-core/rnaseq/modules/nf-core/gunzip/main.nf
  Script_31255d0567520817: /workspace/nf_assets/nf-core/rnaseq/subworkflows/nf-core/bam_markduplicates_picard/main.nf
  Script_a20b3fd16306742a: /workspace/nf_assets/nf-core/rnaseq/modules/nf-core/kallisto/index/main.nf
  Script_9131a36f1f3530e1: /workspace/nf_assets/nf-core/rnaseq/modules/local/deseq2_qc/main.nf
  Script_61f4f72de66b39fa: /workspace/nf_assets/nf-core/rnaseq/subworkflows/nf-core/bam_dedup_stats_samtools_umicollapse/main.nf
  Script_7bbd1ec48b03ff67: /workspace/nf_assets/nf-core/rnaseq/subworkflows/nf-core/bedgraph_bedclip_bedgraphtobigwig/main.nf
  Script_ee39cda12faf2eff: /workspace/nf_assets/nf-core/rnaseq/subworkflows/local/prepare_genome/main.nf
  Script_f65bfa7087aaf1bf: /workspace/nf_assets/nf-core/rnaseq/modules/nf-core/rseqc/junctionannotation/main.nf
  Script_cd4906dd24febbaa: /workspace/nf_assets/nf-core/rnaseq/modules/nf-core/preseq/lcextrap/main.nf
  Script_77468180ec8f844f: /workspace/nf_assets/nf-core/rnaseq/subworkflows/nf-core/quantify_pseudo_alignment/main.nf
  Script_9a18b35b89d0b8b3: /workspace/nf_assets/nf-core/rnaseq/modules/local/star_align_igenomes/main.nf
  Script_8b0b71d375e85985: /workspace/nf_assets/nf-core/rnaseq/modules/nf-core/sentieon/staralign/main.nf
  Script_7948a60f3b6ef10c: /workspace/nf_assets/nf-core/rnaseq/modules/nf-core/sentieon/rsemcalculateexpression/main.nf
  Script_f7d369e29563596d: /workspace/nf_assets/nf-core/rnaseq/subworkflows/local/align_star/main.nf
  Script_6012db1a2adb3e63: /workspace/nf_assets/nf-core/rnaseq/modules/nf-core/summarizedexperiment/summarizedexperiment/main.nf
  Script_cc2a9c8ba5b8cc15: /workspace/nf_assets/nf-core/rnaseq/modules/nf-core/rseqc/tin/main.nf
  Script_de1c7c124fa4c7b4: /workspace/nf_assets/nf-core/rnaseq/modules/nf-core/samtools/sort/main.nf
  Script_2580806872fee805: /workspace/nf_assets/nf-core/rnaseq/modules/nf-core/fq/lint/main.nf
  Script_21ab68886462952a: /workspace/nf_assets/nf-core/rnaseq/workflows/rnaseq/main.nf
  Script_18dda2a77f3fcc1a: /workspace/nf_assets/nf-core/rnaseq/modules/nf-core/kallisto/quant/main.nf
  Script_e10a0e7467f0b3e9: /workspace/nf_assets/nf-core/rnaseq/modules/nf-core/picard/markduplicates/main.nf
  Script_b043057988626cf5: /workspace/nf_assets/nf-core/rnaseq/modules/local/gtf2bed/main.nf
  Script_2882453b74be5692: /workspace/nf_assets/nf-core/rnaseq/modules/local/multiqc_custom_biotype/main.nf
  Script_5752768576b10575: /workspace/nf_assets/nf-core/rnaseq/modules/nf-core/ucsc/bedgraphtobigwig/main.nf
  Script_7dce7feb3287bd8d: /workspace/nf_assets/nf-core/rnaseq/modules/nf-core/hisat2/extractsplicesites/main.nf
  Script_693bbc6163e7673d: /workspace/nf_assets/nf-core/rnaseq/modules/nf-core/rsem/preparereference/main.nf
  Script_4779b6382e5427ab: /workspace/nf_assets/nf-core/rnaseq/modules/nf-core/cat/fastq/main.nf
  Script_8ea3feb9c15d5fda: /workspace/nf_assets/nf-core/rnaseq/modules/nf-core/fq/subsample/main.nf
  Script_54e0c3dce4d8c049: /workspace/nf_assets/nf-core/rnaseq/modules/nf-core/dupradar/main.nf
  Script_4e835841bd4bfdae: /workspace/nf_assets/nf-core/rnaseq/subworkflows/local/utils_nfcore_rnaseq_pipeline/main.nf
  Script_fe6f9a2d2d32c34f: /workspace/nf_assets/nf-core/rnaseq/modules/nf-core/rseqc/innerdistance/main.nf
  Script_e927852b807f691d: /workspace/nf_assets/nf-core/rnaseq/modules/nf-core/rseqc/inferexperiment/main.nf
  Script_18089a64b4672be8: /workspace/nf_assets/nf-core/rnaseq/subworkflows/nf-core/bam_rseqc/main.nf
  Script_5c5e6babfb5fb619: /workspace/nf_assets/nf-core/rnaseq/modules/nf-core/trimgalore/main.nf
  Script_856d5cb73ff5a3d1: /workspace/nf_assets/nf-core/rnaseq/main.nf
  Script_3ff1656b1d66c1f2: /workspace/nf_assets/nf-core/rnaseq/modules/nf-core/samtools/index/main.nf
  Script_7712cb67a31b4937: /workspace/nf_assets/nf-core/rnaseq/modules/nf-core/star/align/main.nf
  Script_2a3123de5fac596c: /workspace/nf_assets/nf-core/rnaseq/modules/nf-core/untar/main.nf
  Script_8703d5c7d48af3ab: /workspace/nf_assets/nf-core/rnaseq/modules/local/star_genomegenerate_igenomes/main.nf
  Script_59101990e865c327: /workspace/nf_assets/nf-core/rnaseq/modules/nf-core/umitools/dedup/main.nf
  Script_cfbe3db3f8d86852: /workspace/nf_assets/nf-core/rnaseq/modules/nf-core/subread/featurecounts/main.nf
  Script_b4163cee6a6b2681: /workspace/nf_assets/nf-core/rnaseq/modules/nf-core/umitools/extract/main.nf
  Script_f76f3032c6bfcc73: /workspace/nf_assets/nf-core/rnaseq/modules/nf-core/bbmap/bbsplit/main.nf
  Script_58ab0c288a51eacd: /workspace/nf_assets/nf-core/rnaseq/modules/local/rsem_merge_counts/main.nf
  Script_4a1a54b4bcd4d15a: /workspace/nf_assets/nf-core/rnaseq/modules/nf-core/rsem/calculateexpression/main.nf
  Script_2cd3960e599fb6c8: /workspace/nf_assets/nf-core/rnaseq/modules/nf-core/samtools/idxstats/main.nf
  Script_1adca4cb4e6fb5ea: /workspace/nf_assets/nf-core/rnaseq/subworkflows/nf-core/bam_dedup_stats_samtools_umitools/main.nf
  Script_78bf8b6ebf2410dd: /workspace/nf_assets/nf-core/rnaseq/modules/nf-core/custom/catadditionalfasta/main.nf
  Script_82ee5691354bfa51: /workspace/nf_assets/nf-core/rnaseq/modules/nf-core/bracken/bracken/main.nf
  Script_cf1e17a1e4a14232: /workspace/nf_assets/nf-core/rnaseq/modules/nf-core/rseqc/bamstat/main.nf
  Script_b666edf0129ec7fc: /workspace/nf_assets/nf-core/rnaseq/modules/nf-core/gffread/main.nf
  Script_89479fc8fff50057: /workspace/nf_assets/nf-core/rnaseq/modules/local/preprocess_transcripts_fasta_gencode/main.nf
  Script_e4a9ed56bee18acd: /workspace/nf_assets/nf-core/rnaseq/subworkflows/nf-core/fastq_fastqc_umitools_fastp/main.nf
  Script_22e881f90cabfe1d: /workspace/nf_assets/nf-core/rnaseq/modules/nf-core/custom/getchromsizes/main.nf
  Script_f213122428991d36: /workspace/nf_assets/nf-core/rnaseq/modules/nf-core/star/genomegenerate/main.nf
  Script_f84ac7d7414849ca: /workspace/nf_assets/nf-core/rnaseq/modules/nf-core/qualimap/rnaseq/main.nf
  Script_23e9bb1f954772b0: /workspace/nf_assets/nf-core/rnaseq/modules/nf-core/ucsc/bedclip/main.nf
  Script_215a636da7ab24a2: /workspace/nf_assets/nf-core/rnaseq/subworkflows/nf-core/utils_nfschema_plugin/main.nf
  Script_61511ba564b8de29: /workspace/nf_assets/nf-core/rnaseq/subworkflows/nf-core/fastq_fastqc_umitools_trimgalore/main.nf
  Script_e450b5a5a70fe0a3: /workspace/nf_assets/nf-core/rnaseq/modules/nf-core/umicollapse/main.nf
  Script_5c4e8d4051efa81e: /workspace/nf_assets/nf-core/rnaseq/subworkflows/nf-core/utils_nfcore_pipeline/main.nf
  Script_a1cae008e2b3ecdb: /workspace/nf_assets/nf-core/rnaseq/modules/nf-core/salmon/index/main.nf
  Script_41bd0f9820609141: /workspace/nf_assets/nf-core/rnaseq/modules/nf-core/kraken2/kraken2/main.nf
  Script_f049e98f545bf4fd: /workspace/nf_assets/nf-core/rnaseq/subworkflows/nf-core/bam_dedup_umi/main.nf
  Script_46c2c2ed6579530d: /workspace/nf_assets/nf-core/rnaseq/modules/local/gtf_filter/main.nf
  Script_04245b6e03ed8005: /workspace/nf_assets/nf-core/rnaseq/modules/nf-core/hisat2/align/main.nf
  Script_dbe8fbfa975cebf1: /workspace/nf_assets/nf-core/rnaseq/modules/nf-core/rseqc/junctionsaturation/main.nf
  Script_498db87a6d4f03d8: /workspace/nf_assets/nf-core/rnaseq/modules/nf-core/samtools/flagstat/main.nf
  Script_1fec6244d3b07512: /workspace/nf_assets/nf-core/rnaseq/modules/nf-core/salmon/quant/main.nf
  Script_7acb62b9e60b283e: /workspace/nf_assets/nf-core/rnaseq/modules/nf-core/rseqc/readduplication/main.nf
  Script_05e6181593614928: /workspace/nf_assets/nf-core/rnaseq/modules/nf-core/bedtools/genomecov/main.nf
  Script_4f612cfd8c52e8cd: /workspace/nf_assets/nf-core/rnaseq/subworkflows/nf-core/utils_nextflow_pipeline/main.nf
  Script_9577c782c888f1f8: /workspace/nf_assets/nf-core/rnaseq/subworkflows/nf-core/fastq_qc_trim_filter_setstrandedness/main.nf
  Script_b355087dc9d365d0: /workspace/nf_assets/nf-core/rnaseq/modules/nf-core/fastp/main.nf
  Script_d7c1df40d9183ce6: /workspace/nf_assets/nf-core/rnaseq/modules/nf-core/sortmerna/main.nf
  Script_128cb4fde5e21aab: /workspace/nf_assets/nf-core/rnaseq/modules/nf-core/custom/tx2gene/main.nf
  Script_2b72a5be5c8fe209: /workspace/nf_assets/nf-core/rnaseq/modules/nf-core/tximeta/tximport/main.nf
  Script_5ba28987ec8dd996: /workspace/nf_assets/nf-core/rnaseq/subworkflows/local/quantify_rsem/main.nf
  Script_e76b9210f32f34ec: /workspace/nf_assets/nf-core/rnaseq/modules/nf-core/umitools/prepareforrsem/main.nf
  Script_1c096ce7a1935019: /workspace/nf_assets/nf-core/rnaseq/modules/nf-core/sentieon/rsempreparereference/main.nf
  Script_f1f53abfc1403f76: /workspace/nf_assets/nf-core/rnaseq/subworkflows/nf-core/fastq_subsample_fq_salmon/main.nf
  Script_bd8537eec78d4f82: /workspace/nf_assets/nf-core/rnaseq/modules/nf-core/rseqc/readdistribution/main.nf
  Script_2ebe1d1a775a7432: /workspace/nf_assets/nf-core/rnaseq/subworkflows/nf-core/bam_sort_stats_samtools/main.nf
Oct-23 13:02:56.752 [main] DEBUG nextflow.script.ScriptRunner - > Awaiting termination 
Oct-23 13:02:56.752 [main] DEBUG nextflow.Session - Session await
Oct-23 13:02:57.081 [Actor Thread 1] DEBUG nextflow.util.HashBuilder - Hash asset file sha-256: /workspace/nf_assets/nf-core/rnaseq/bin/filter_gtf.py
Oct-23 13:02:57.248 [Actor Thread 6] DEBUG nextflow.sort.BigSort - Sort completed -- entries: 1; slices: 1; internal sort time: 0.001 s; external sort time: 0.02 s; total time: 0.021 s
Oct-23 13:02:57.248 [Actor Thread 11] DEBUG nextflow.sort.BigSort - Sort completed -- entries: 1; slices: 1; internal sort time: 0.001 s; external sort time: 0.02 s; total time: 0.021 s
Oct-23 13:02:57.328 [Actor Thread 11] DEBUG nextflow.file.FileCollector - Saved collect-files list to: /workspace/work/collect-file/5f5f4e95f1f7e6e98c6f01fe90b5a236
Oct-23 13:02:57.328 [Actor Thread 6] DEBUG nextflow.file.FileCollector - Saved collect-files list to: /workspace/work/collect-file/2b4aebf922def5957ad6c59a09413f5e
Oct-23 13:02:57.339 [Actor Thread 11] DEBUG nextflow.file.FileCollector - Deleting file collector temp dir: /tmp/nxf-15606477509278052188
Oct-23 13:02:57.339 [Actor Thread 6] DEBUG nextflow.file.FileCollector - Deleting file collector temp dir: /tmp/nxf-9417166429114824575
Oct-23 13:02:57.426 [Actor Thread 18] DEBUG nextflow.sort.BigSort - Sort completed -- entries: 24; slices: 1; internal sort time: 0.112 s; external sort time: 0.074 s; total time: 0.186 s
Oct-23 13:02:57.446 [Actor Thread 18] DEBUG nextflow.file.FileCollector - Saved collect-files list to: /workspace/work/collect-file/f7bf6f37a73f7d054e542011c58d7faa
Oct-23 13:02:57.448 [Actor Thread 18] DEBUG nextflow.file.FileCollector - Deleting file collector temp dir: /tmp/nxf-4001247401980039758
Oct-23 13:02:57.528 [Task submitter] INFO  nextflow.Session - [49/8d565c] Submitted process > NFCORE_RNASEQ:PREPARE_GENOME:CUSTOM_GETCHROMSIZES (genome.fa)
Oct-23 13:02:57.548 [Task submitter] DEBUG nextflow.k8s.model.PodSpecBuilder - K8s LABEL VALUE exceeds allowed size: 63 -- offending str=NFCORE_RNASEQ:RNASEQ:FASTQ_QC_TRIM_FILTER_SETSTRANDEDNESS:FQ_LINT (TREATMENT_mIFNa11_10000_REP1)
Oct-23 13:02:57.549 [Task submitter] DEBUG nextflow.k8s.model.PodSpecBuilder - K8s LABEL VALUE exceeds allowed size: 63 -- offending str=NFCORE_RNASEQ:RNASEQ:FASTQ_QC_TRIM_FILTER_SETSTRANDEDNESS:FQ_LINT
Oct-23 13:02:57.571 [Task submitter] INFO  nextflow.Session - [63/f302bc] Submitted process > NFCORE_RNASEQ:RNASEQ:FASTQ_QC_TRIM_FILTER_SETSTRANDEDNESS:FQ_LINT (TREATMENT_mIFNa11_10000_REP1)
Oct-23 13:02:57.617 [Task submitter] INFO  nextflow.Session - [69/0249be] Submitted process > NFCORE_RNASEQ:PREPARE_GENOME:GTF_FILTER (genome.fa)
Oct-23 13:02:57.634 [Task submitter] DEBUG nextflow.k8s.model.PodSpecBuilder - K8s LABEL VALUE exceeds allowed size: 63 -- offending str=NFCORE_RNASEQ:RNASEQ:FASTQ_QC_TRIM_FILTER_SETSTRANDEDNESS:FQ_LINT (TREATMENT_mIFNa11_10000_REP2)
Oct-23 13:02:57.634 [Task submitter] DEBUG nextflow.k8s.model.PodSpecBuilder - K8s LABEL VALUE exceeds allowed size: 63 -- offending str=NFCORE_RNASEQ:RNASEQ:FASTQ_QC_TRIM_FILTER_SETSTRANDEDNESS:FQ_LINT
Oct-23 13:02:57.659 [Task submitter] INFO  nextflow.Session - [9f/5543f7] Submitted process > NFCORE_RNASEQ:RNASEQ:FASTQ_QC_TRIM_FILTER_SETSTRANDEDNESS:FQ_LINT (TREATMENT_mIFNa11_10000_REP2)
Oct-23 13:02:57.671 [Task submitter] DEBUG nextflow.k8s.model.PodSpecBuilder - K8s LABEL VALUE exceeds allowed size: 63 -- offending str=NFCORE_RNASEQ:RNASEQ:FASTQ_QC_TRIM_FILTER_SETSTRANDEDNESS:FQ_LINT (TREATMENT_mIFNa11_10000_REP3)
Oct-23 13:02:57.671 [Task submitter] DEBUG nextflow.k8s.model.PodSpecBuilder - K8s LABEL VALUE exceeds allowed size: 63 -- offending str=NFCORE_RNASEQ:RNASEQ:FASTQ_QC_TRIM_FILTER_SETSTRANDEDNESS:FQ_LINT
Oct-23 13:02:57.714 [Task submitter] INFO  nextflow.Session - [f2/a861b4] Submitted process > NFCORE_RNASEQ:RNASEQ:FASTQ_QC_TRIM_FILTER_SETSTRANDEDNESS:FQ_LINT (TREATMENT_mIFNa11_10000_REP3)
Oct-23 13:02:57.727 [Task submitter] DEBUG nextflow.k8s.model.PodSpecBuilder - K8s LABEL VALUE exceeds allowed size: 63 -- offending str=NFCORE_RNASEQ:RNASEQ:FASTQ_QC_TRIM_FILTER_SETSTRANDEDNESS:FQ_LINT (TREATMENT_mIFNa11_100000_REP1)
Oct-23 13:02:57.727 [Task submitter] DEBUG nextflow.k8s.model.PodSpecBuilder - K8s LABEL VALUE exceeds allowed size: 63 -- offending str=NFCORE_RNASEQ:RNASEQ:FASTQ_QC_TRIM_FILTER_SETSTRANDEDNESS:FQ_LINT
Oct-23 13:02:57.783 [Task submitter] INFO  nextflow.Session - [cc/bfb00e] Submitted process > NFCORE_RNASEQ:RNASEQ:FASTQ_QC_TRIM_FILTER_SETSTRANDEDNESS:FQ_LINT (TREATMENT_mIFNa11_100000_REP1)
Oct-23 13:03:21.306 [Task monitor] DEBUG n.processor.TaskPollingMonitor - Task completed > TaskHandler[id: 1; name: NFCORE_RNASEQ:PREPARE_GENOME:CUSTOM_GETCHROMSIZES (genome.fa); status: COMPLETED; exit: 0; error: -; workDir: /workspace/work/49/8d565c60fd558e050033ed7bf2a080]
Oct-23 13:03:21.309 [Task monitor] DEBUG nextflow.util.ThreadPoolBuilder - Creating thread pool 'TaskFinalizer' minSize=10; maxSize=10; workQueue=LinkedBlockingQueue[-1]; allowCoreThreadTimeout=false
Oct-23 13:03:21.317 [Task submitter] DEBUG nextflow.k8s.model.PodSpecBuilder - K8s LABEL VALUE exceeds allowed size: 63 -- offending str=NFCORE_RNASEQ:RNASEQ:FASTQ_QC_TRIM_FILTER_SETSTRANDEDNESS:FQ_LINT (TREATMENT_mIFNa11_100000_REP2)
Oct-23 13:03:21.317 [Task submitter] DEBUG nextflow.k8s.model.PodSpecBuilder - K8s LABEL VALUE exceeds allowed size: 63 -- offending str=NFCORE_RNASEQ:RNASEQ:FASTQ_QC_TRIM_FILTER_SETSTRANDEDNESS:FQ_LINT
Oct-23 13:03:21.342 [Task submitter] INFO  nextflow.Session - [d6/7657cb] Submitted process > NFCORE_RNASEQ:RNASEQ:FASTQ_QC_TRIM_FILTER_SETSTRANDEDNESS:FQ_LINT (TREATMENT_mIFNa11_100000_REP2)
Oct-23 13:03:21.562 [TaskFinalizer-1] DEBUG nextflow.processor.TaskProcessor - Process NFCORE_RNASEQ:PREPARE_GENOME:CUSTOM_GETCHROMSIZES > Skipping output binding because one or more optional files are missing: fileoutparam<2:1>
Oct-23 13:03:39.938 [Task monitor] DEBUG n.processor.TaskPollingMonitor - Task completed > TaskHandler[id: 2; name: NFCORE_RNASEQ:PREPARE_GENOME:GTF_FILTER (genome.fa); status: COMPLETED; exit: 0; error: -; workDir: /workspace/work/69/0249bee505540228df285d3e4c685a]
Oct-23 13:03:39.965 [Task submitter] DEBUG nextflow.k8s.model.PodSpecBuilder - K8s LABEL VALUE exceeds allowed size: 63 -- offending str=NFCORE_RNASEQ:RNASEQ:FASTQ_QC_TRIM_FILTER_SETSTRANDEDNESS:FQ_LINT (TREATMENT_mIFNa11_100000_REP3)
Oct-23 13:03:39.966 [Task submitter] DEBUG nextflow.k8s.model.PodSpecBuilder - K8s LABEL VALUE exceeds allowed size: 63 -- offending str=NFCORE_RNASEQ:RNASEQ:FASTQ_QC_TRIM_FILTER_SETSTRANDEDNESS:FQ_LINT
Oct-23 13:03:39.996 [Task submitter] INFO  nextflow.Session - [89/7e25c5] Submitted process > NFCORE_RNASEQ:RNASEQ:FASTQ_QC_TRIM_FILTER_SETSTRANDEDNESS:FQ_LINT (TREATMENT_mIFNa11_100000_REP3)
Oct-23 13:04:41.356 [Task monitor] DEBUG n.processor.TaskPollingMonitor - Task completed > TaskHandler[id: 7; name: NFCORE_RNASEQ:RNASEQ:FASTQ_QC_TRIM_FILTER_SETSTRANDEDNESS:FQ_LINT (TREATMENT_mIFNa11_100000_REP2); status: COMPLETED; exit: 0; error: -; workDir: /workspace/work/d6/7657cb214ed5b3bdfd935111af095e]
Oct-23 13:04:41.399 [Task submitter] DEBUG nextflow.k8s.model.PodSpecBuilder - K8s LABEL VALUE exceeds allowed size: 63 -- offending str=NFCORE_RNASEQ:PREPARE_GENOME:MAKE_TRANSCRIPTS_FASTA (rsem/genome.fa)
Oct-23 13:04:41.409 [TaskFinalizer-3] DEBUG nextflow.util.ThreadPoolBuilder - Creating thread pool 'PublishDir' minSize=10; maxSize=10; workQueue=LinkedBlockingQueue[-1]; allowCoreThreadTimeout=false
Oct-23 13:04:41.516 [Task submitter] INFO  nextflow.Session - [46/d22a45] Submitted process > NFCORE_RNASEQ:PREPARE_GENOME:MAKE_TRANSCRIPTS_FASTA (rsem/genome.fa)
Oct-23 13:04:56.453 [Task monitor] DEBUG n.processor.TaskPollingMonitor - Task completed > TaskHandler[id: 5; name: NFCORE_RNASEQ:RNASEQ:FASTQ_QC_TRIM_FILTER_SETSTRANDEDNESS:FQ_LINT (TREATMENT_mIFNa11_10000_REP3); status: COMPLETED; exit: 0; error: -; workDir: /workspace/work/f2/a861b48998b2e7360dd6a32bd3c6a9]
Oct-23 13:04:56.465 [Task submitter] DEBUG nextflow.k8s.model.PodSpecBuilder - K8s LABEL VALUE exceeds allowed size: 63 -- offending str=NFCORE_RNASEQ:RNASEQ:FASTQ_QC_TRIM_FILTER_SETSTRANDEDNESS:FASTQ_FASTQC_UMITOOLS_TRIMGALORE:FASTQC (TREATMENT_mIFNa11_100000_REP2)
Oct-23 13:04:56.465 [Task submitter] DEBUG nextflow.k8s.model.PodSpecBuilder - K8s LABEL VALUE exceeds allowed size: 63 -- offending str=NFCORE_RNASEQ:RNASEQ:FASTQ_QC_TRIM_FILTER_SETSTRANDEDNESS:FASTQ_FASTQC_UMITOOLS_TRIMGALORE:FASTQC
Oct-23 13:04:56.490 [Task submitter] INFO  nextflow.Session - [f7/2745f7] Submitted process > NFCORE_RNASEQ:RNASEQ:FASTQ_QC_TRIM_FILTER_SETSTRANDEDNESS:FASTQ_FASTQC_UMITOOLS_TRIMGALORE:FASTQC (TREATMENT_mIFNa11_100000_REP2)
Oct-23 13:05:01.325 [Task monitor] DEBUG n.processor.TaskPollingMonitor - Task completed > TaskHandler[id: 6; name: NFCORE_RNASEQ:RNASEQ:FASTQ_QC_TRIM_FILTER_SETSTRANDEDNESS:FQ_LINT (TREATMENT_mIFNa11_100000_REP1); status: COMPLETED; exit: 0; error: -; workDir: /workspace/work/cc/bfb00e42a47a33513eff6c558854e7]
Oct-23 13:05:01.335 [Task submitter] DEBUG nextflow.k8s.model.PodSpecBuilder - K8s LABEL VALUE exceeds allowed size: 63 -- offending str=NFCORE_RNASEQ:RNASEQ:FASTQ_QC_TRIM_FILTER_SETSTRANDEDNESS:FASTQ_FASTQC_UMITOOLS_TRIMGALORE:TRIMGALORE (TREATMENT_mIFNa11_100000_REP2)
Oct-23 13:05:01.335 [Task submitter] DEBUG nextflow.k8s.model.PodSpecBuilder - K8s LABEL VALUE exceeds allowed size: 63 -- offending str=NFCORE_RNASEQ:RNASEQ:FASTQ_QC_TRIM_FILTER_SETSTRANDEDNESS:FASTQ_FASTQC_UMITOOLS_TRIMGALORE:TRIMGALORE
Oct-23 13:05:01.363 [Task submitter] INFO  nextflow.Session - [91/6fabe8] Submitted process > NFCORE_RNASEQ:RNASEQ:FASTQ_QC_TRIM_FILTER_SETSTRANDEDNESS:FASTQ_FASTQC_UMITOOLS_TRIMGALORE:TRIMGALORE (TREATMENT_mIFNa11_100000_REP2)
Oct-23 13:05:06.412 [Task monitor] DEBUG n.processor.TaskPollingMonitor - Task completed > TaskHandler[id: 3; name: NFCORE_RNASEQ:RNASEQ:FASTQ_QC_TRIM_FILTER_SETSTRANDEDNESS:FQ_LINT (TREATMENT_mIFNa11_10000_REP1); status: COMPLETED; exit: 0; error: -; workDir: /workspace/work/63/f302bcf330ebb86862259b20e51f55]
Oct-23 13:05:06.421 [Task submitter] DEBUG nextflow.k8s.model.PodSpecBuilder - K8s LABEL VALUE exceeds allowed size: 63 -- offending str=NFCORE_RNASEQ:RNASEQ:FASTQ_QC_TRIM_FILTER_SETSTRANDEDNESS:FASTQ_FASTQC_UMITOOLS_TRIMGALORE:FASTQC (TREATMENT_mIFNa11_10000_REP3)
Oct-23 13:05:06.480 [Task monitor] DEBUG n.processor.TaskPollingMonitor - Task completed > TaskHandler[id: 4; name: NFCORE_RNASEQ:RNASEQ:FASTQ_QC_TRIM_FILTER_SETSTRANDEDNESS:FQ_LINT (TREATMENT_mIFNa11_10000_REP2); status: COMPLETED; exit: 0; error: -; workDir: /workspace/work/9f/5543f70dba357cbdcb5086c1739904]
Oct-23 13:05:06.553 [Task submitter] DEBUG nextflow.k8s.model.PodSpecBuilder - K8s LABEL VALUE exceeds allowed size: 63 -- offending str=NFCORE_RNASEQ:RNASEQ:FASTQ_QC_TRIM_FILTER_SETSTRANDEDNESS:FASTQ_FASTQC_UMITOOLS_TRIMGALORE:FASTQC
Oct-23 13:05:06.599 [Task submitter] INFO  nextflow.Session - [2a/ea3f93] Submitted process > NFCORE_RNASEQ:RNASEQ:FASTQ_QC_TRIM_FILTER_SETSTRANDEDNESS:FASTQ_FASTQC_UMITOOLS_TRIMGALORE:FASTQC (TREATMENT_mIFNa11_10000_REP3)
Oct-23 13:05:06.627 [Task submitter] DEBUG nextflow.k8s.model.PodSpecBuilder - K8s LABEL VALUE exceeds allowed size: 63 -- offending str=NFCORE_RNASEQ:RNASEQ:FASTQ_QC_TRIM_FILTER_SETSTRANDEDNESS:FASTQ_FASTQC_UMITOOLS_TRIMGALORE:TRIMGALORE (TREATMENT_mIFNa11_10000_REP3)
Oct-23 13:05:06.627 [Task submitter] DEBUG nextflow.k8s.model.PodSpecBuilder - K8s LABEL VALUE exceeds allowed size: 63 -- offending str=NFCORE_RNASEQ:RNASEQ:FASTQ_QC_TRIM_FILTER_SETSTRANDEDNESS:FASTQ_FASTQC_UMITOOLS_TRIMGALORE:TRIMGALORE
Oct-23 13:05:06.663 [Task submitter] INFO  nextflow.Session - [32/18191b] Submitted process > NFCORE_RNASEQ:RNASEQ:FASTQ_QC_TRIM_FILTER_SETSTRANDEDNESS:FASTQ_FASTQC_UMITOOLS_TRIMGALORE:TRIMGALORE (TREATMENT_mIFNa11_10000_REP3)
Oct-23 13:05:26.383 [Task monitor] DEBUG n.processor.TaskPollingMonitor - Task completed > TaskHandler[id: 8; name: NFCORE_RNASEQ:RNASEQ:FASTQ_QC_TRIM_FILTER_SETSTRANDEDNESS:FQ_LINT (TREATMENT_mIFNa11_100000_REP3); status: COMPLETED; exit: 0; error: -; workDir: /workspace/work/89/7e25c544e40ae85b1220292c55d449]
Oct-23 13:05:26.393 [Task submitter] DEBUG nextflow.k8s.model.PodSpecBuilder - K8s LABEL VALUE exceeds allowed size: 63 -- offending str=NFCORE_RNASEQ:RNASEQ:FASTQ_QC_TRIM_FILTER_SETSTRANDEDNESS:FASTQ_FASTQC_UMITOOLS_TRIMGALORE:TRIMGALORE (TREATMENT_mIFNa11_100000_REP1)
Oct-23 13:05:26.393 [Task submitter] DEBUG nextflow.k8s.model.PodSpecBuilder - K8s LABEL VALUE exceeds allowed size: 63 -- offending str=NFCORE_RNASEQ:RNASEQ:FASTQ_QC_TRIM_FILTER_SETSTRANDEDNESS:FASTQ_FASTQC_UMITOOLS_TRIMGALORE:TRIMGALORE
Oct-23 13:05:26.422 [Task submitter] INFO  nextflow.Session - [d4/6ae69b] Submitted process > NFCORE_RNASEQ:RNASEQ:FASTQ_QC_TRIM_FILTER_SETSTRANDEDNESS:FASTQ_FASTQC_UMITOOLS_TRIMGALORE:TRIMGALORE (TREATMENT_mIFNa11_100000_REP1)
Oct-23 13:06:27.765 [Task monitor] DEBUG n.processor.TaskPollingMonitor - Task completed > TaskHandler[id: 9; name: NFCORE_RNASEQ:PREPARE_GENOME:MAKE_TRANSCRIPTS_FASTA (rsem/genome.fa); status: COMPLETED; exit: 0; error: -; workDir: /workspace/work/46/d22a4532f707553a1f126a524249b3]
Oct-23 13:06:27.778 [Task submitter] DEBUG nextflow.k8s.model.PodSpecBuilder - K8s LABEL VALUE exceeds allowed size: 63 -- offending str=NFCORE_RNASEQ:RNASEQ:FASTQ_QC_TRIM_FILTER_SETSTRANDEDNESS:FASTQ_FASTQC_UMITOOLS_TRIMGALORE:FASTQC (TREATMENT_mIFNa11_100000_REP1)
Oct-23 13:06:27.779 [Task submitter] DEBUG nextflow.k8s.model.PodSpecBuilder - K8s LABEL VALUE exceeds allowed size: 63 -- offending str=NFCORE_RNASEQ:RNASEQ:FASTQ_QC_TRIM_FILTER_SETSTRANDEDNESS:FASTQ_FASTQC_UMITOOLS_TRIMGALORE:FASTQC
Oct-23 13:06:27.800 [Task submitter] INFO  nextflow.Session - [9b/411265] Submitted process > NFCORE_RNASEQ:RNASEQ:FASTQ_QC_TRIM_FILTER_SETSTRANDEDNESS:FASTQ_FASTQC_UMITOOLS_TRIMGALORE:FASTQC (TREATMENT_mIFNa11_100000_REP1)
Oct-23 13:07:18.160 [Task monitor] DEBUG n.processor.TaskPollingMonitor - Task completed > TaskHandler[id: 10; name: NFCORE_RNASEQ:RNASEQ:FASTQ_QC_TRIM_FILTER_SETSTRANDEDNESS:FASTQ_FASTQC_UMITOOLS_TRIMGALORE:FASTQC (TREATMENT_mIFNa11_100000_REP2); status: COMPLETED; exit: 0; error: -; workDir: /workspace/work/f7/2745f700c2c7cd7bb3999550d715ad]
Oct-23 13:07:18.173 [Task submitter] DEBUG nextflow.k8s.model.PodSpecBuilder - K8s LABEL VALUE exceeds allowed size: 63 -- offending str=NFCORE_RNASEQ:RNASEQ:FASTQ_QC_TRIM_FILTER_SETSTRANDEDNESS:FASTQ_FASTQC_UMITOOLS_TRIMGALORE:FASTQC (TREATMENT_mIFNa11_10000_REP2)
Oct-23 13:07:18.173 [Task submitter] DEBUG nextflow.k8s.model.PodSpecBuilder - K8s LABEL VALUE exceeds allowed size: 63 -- offending str=NFCORE_RNASEQ:RNASEQ:FASTQ_QC_TRIM_FILTER_SETSTRANDEDNESS:FASTQ_FASTQC_UMITOOLS_TRIMGALORE:FASTQC
Oct-23 13:07:18.218 [Task submitter] INFO  nextflow.Session - [9f/404388] Submitted process > NFCORE_RNASEQ:RNASEQ:FASTQ_QC_TRIM_FILTER_SETSTRANDEDNESS:FASTQ_FASTQC_UMITOOLS_TRIMGALORE:FASTQC (TREATMENT_mIFNa11_10000_REP2)
Oct-23 13:07:57.857 [Task monitor] DEBUG n.processor.TaskPollingMonitor - !! executor k8s > tasks to be completed: 6 -- submitted tasks are shown below
~> TaskHandler[id: 11; name: NFCORE_RNASEQ:RNASEQ:FASTQ_QC_TRIM_FILTER_SETSTRANDEDNESS:FASTQ_FASTQC_UMITOOLS_TRIMGALORE:TRIMGALORE (TREATMENT_mIFNa11_100000_REP2); status: RUNNING; exit: -; error: -; workDir: /workspace/work/91/6fabe89b349dc0a857a808d822c1f4]
~> TaskHandler[id: 12; name: NFCORE_RNASEQ:RNASEQ:FASTQ_QC_TRIM_FILTER_SETSTRANDEDNESS:FASTQ_FASTQC_UMITOOLS_TRIMGALORE:FASTQC (TREATMENT_mIFNa11_10000_REP3); status: RUNNING; exit: -; error: -; workDir: /workspace/work/2a/ea3f93cefe388f04707148d7e21393]
~> TaskHandler[id: 13; name: NFCORE_RNASEQ:RNASEQ:FASTQ_QC_TRIM_FILTER_SETSTRANDEDNESS:FASTQ_FASTQC_UMITOOLS_TRIMGALORE:TRIMGALORE (TREATMENT_mIFNa11_10000_REP3); status: RUNNING; exit: -; error: -; workDir: /workspace/work/32/18191b569fe2283fa6f8485eac1ded]
~> TaskHandler[id: 14; name: NFCORE_RNASEQ:RNASEQ:FASTQ_QC_TRIM_FILTER_SETSTRANDEDNESS:FASTQ_FASTQC_UMITOOLS_TRIMGALORE:TRIMGALORE (TREATMENT_mIFNa11_100000_REP1); status: RUNNING; exit: -; error: -; workDir: /workspace/work/d4/6ae69b4f679155d58655e24e79fc8d]
~> TaskHandler[id: 15; name: NFCORE_RNASEQ:RNASEQ:FASTQ_QC_TRIM_FILTER_SETSTRANDEDNESS:FASTQ_FASTQC_UMITOOLS_TRIMGALORE:FASTQC (TREATMENT_mIFNa11_100000_REP1); status: RUNNING; exit: -; error: -; workDir: /workspace/work/9b/411265afdf5032bf29c22972f82650]
~> TaskHandler[id: 17; name: NFCORE_RNASEQ:RNASEQ:FASTQ_QC_TRIM_FILTER_SETSTRANDEDNESS:FASTQ_FASTQC_UMITOOLS_TRIMGALORE:FASTQC (TREATMENT_mIFNa11_10000_REP2); status: RUNNING; exit: -; error: -; workDir: /workspace/work/9f/404388d2ff16aa98c8f85e53cb97ab]
Oct-23 13:07:58.231 [Task submitter] DEBUG n.processor.TaskPollingMonitor - %% executor k8s > tasks in the submission queue: 6 -- tasks to be submitted are shown below
~> TaskHandler[id: 16; name: NFCORE_RNASEQ:RNASEQ:FASTQ_QC_TRIM_FILTER_SETSTRANDEDNESS:FASTQ_FASTQC_UMITOOLS_TRIMGALORE:TRIMGALORE (TREATMENT_mIFNa11_10000_REP2); status: NEW; exit: -; error: -; workDir: /workspace/work/ac/0c6688c4ab19855a9208340569fbfc]
~> TaskHandler[id: 19; name: NFCORE_RNASEQ:RNASEQ:FASTQ_QC_TRIM_FILTER_SETSTRANDEDNESS:FASTQ_FASTQC_UMITOOLS_TRIMGALORE:FASTQC (TREATMENT_mIFNa11_10000_REP1); status: NEW; exit: -; error: -; workDir: /workspace/work/32/4c3ecb74bddbeabb748c25317e17af]
~> TaskHandler[id: 18; name: NFCORE_RNASEQ:RNASEQ:FASTQ_QC_TRIM_FILTER_SETSTRANDEDNESS:FASTQ_FASTQC_UMITOOLS_TRIMGALORE:TRIMGALORE (TREATMENT_mIFNa11_10000_REP1); status: NEW; exit: -; error: -; workDir: /workspace/work/d0/773ab1f6ac985fe1531811b32da6f9]
~> TaskHandler[id: 21; name: NFCORE_RNASEQ:RNASEQ:FASTQ_QC_TRIM_FILTER_SETSTRANDEDNESS:FASTQ_FASTQC_UMITOOLS_TRIMGALORE:TRIMGALORE (TREATMENT_mIFNa11_100000_REP3); status: NEW; exit: -; error: -; workDir: /workspace/work/9b/1ec109873919435d9d91742664c32c]
~> TaskHandler[id: 20; name: NFCORE_RNASEQ:RNASEQ:FASTQ_QC_TRIM_FILTER_SETSTRANDEDNESS:FASTQ_FASTQC_UMITOOLS_TRIMGALORE:FASTQC (TREATMENT_mIFNa11_100000_REP3); status: NEW; exit: -; error: -; workDir: /workspace/work/16/fdf367de576bbe6adccb481de10c61]
~> TaskHandler[id: 22; name: NFCORE_RNASEQ:PREPARE_GENOME:SALMON_INDEX (genome.transcripts.fa); status: NEW; exit: -; error: -; workDir: /workspace/work/f7/fb08e9edf921db4bd803b99a038ba1]
Oct-23 13:08:33.012 [Task monitor] DEBUG n.processor.TaskPollingMonitor - Task completed > TaskHandler[id: 12; name: NFCORE_RNASEQ:RNASEQ:FASTQ_QC_TRIM_FILTER_SETSTRANDEDNESS:FASTQ_FASTQC_UMITOOLS_TRIMGALORE:FASTQC (TREATMENT_mIFNa11_10000_REP3); status: COMPLETED; exit: 0; error: -; workDir: /workspace/work/2a/ea3f93cefe388f04707148d7e21393]
Oct-23 13:08:33.027 [Task submitter] DEBUG nextflow.k8s.model.PodSpecBuilder - K8s LABEL VALUE exceeds allowed size: 63 -- offending str=NFCORE_RNASEQ:RNASEQ:FASTQ_QC_TRIM_FILTER_SETSTRANDEDNESS:FASTQ_FASTQC_UMITOOLS_TRIMGALORE:TRIMGALORE (TREATMENT_mIFNa11_10000_REP2)
Oct-23 13:08:33.027 [Task submitter] DEBUG nextflow.k8s.model.PodSpecBuilder - K8s LABEL VALUE exceeds allowed size: 63 -- offending str=NFCORE_RNASEQ:RNASEQ:FASTQ_QC_TRIM_FILTER_SETSTRANDEDNESS:FASTQ_FASTQC_UMITOOLS_TRIMGALORE:TRIMGALORE
Oct-23 13:08:33.074 [Task submitter] INFO  nextflow.Session - [ac/0c6688] Submitted process > NFCORE_RNASEQ:RNASEQ:FASTQ_QC_TRIM_FILTER_SETSTRANDEDNESS:FASTQ_FASTQC_UMITOOLS_TRIMGALORE:TRIMGALORE (TREATMENT_mIFNa11_10000_REP2)
Oct-23 13:09:47.974 [Task monitor] DEBUG n.processor.TaskPollingMonitor - Task completed > TaskHandler[id: 15; name: NFCORE_RNASEQ:RNASEQ:FASTQ_QC_TRIM_FILTER_SETSTRANDEDNESS:FASTQ_FASTQC_UMITOOLS_TRIMGALORE:FASTQC (TREATMENT_mIFNa11_100000_REP1); status: COMPLETED; exit: 0; error: -; workDir: /workspace/work/9b/411265afdf5032bf29c22972f82650]
Oct-23 13:09:48.006 [Task submitter] DEBUG nextflow.k8s.model.PodSpecBuilder - K8s LABEL VALUE exceeds allowed size: 63 -- offending str=NFCORE_RNASEQ:RNASEQ:FASTQ_QC_TRIM_FILTER_SETSTRANDEDNESS:FASTQ_FASTQC_UMITOOLS_TRIMGALORE:FASTQC (TREATMENT_mIFNa11_10000_REP1)
Oct-23 13:09:48.006 [Task submitter] DEBUG nextflow.k8s.model.PodSpecBuilder - K8s LABEL VALUE exceeds allowed size: 63 -- offending str=NFCORE_RNASEQ:RNASEQ:FASTQ_QC_TRIM_FILTER_SETSTRANDEDNESS:FASTQ_FASTQC_UMITOOLS_TRIMGALORE:FASTQC
Oct-23 13:09:48.033 [Task submitter] INFO  nextflow.Session - [32/4c3ecb] Submitted process > NFCORE_RNASEQ:RNASEQ:FASTQ_QC_TRIM_FILTER_SETSTRANDEDNESS:FASTQ_FASTQC_UMITOOLS_TRIMGALORE:FASTQC (TREATMENT_mIFNa11_10000_REP1)
Oct-23 13:10:58.029 [Task monitor] DEBUG n.processor.TaskPollingMonitor - Task completed > TaskHandler[id: 17; name: NFCORE_RNASEQ:RNASEQ:FASTQ_QC_TRIM_FILTER_SETSTRANDEDNESS:FASTQ_FASTQC_UMITOOLS_TRIMGALORE:FASTQC (TREATMENT_mIFNa11_10000_REP2); status: COMPLETED; exit: 0; error: -; workDir: /workspace/work/9f/404388d2ff16aa98c8f85e53cb97ab]
Oct-23 13:10:58.056 [Task submitter] DEBUG nextflow.k8s.model.PodSpecBuilder - K8s LABEL VALUE exceeds allowed size: 63 -- offending str=NFCORE_RNASEQ:RNASEQ:FASTQ_QC_TRIM_FILTER_SETSTRANDEDNESS:FASTQ_FASTQC_UMITOOLS_TRIMGALORE:TRIMGALORE (TREATMENT_mIFNa11_10000_REP1)
Oct-23 13:10:58.056 [Task submitter] DEBUG nextflow.k8s.model.PodSpecBuilder - K8s LABEL VALUE exceeds allowed size: 63 -- offending str=NFCORE_RNASEQ:RNASEQ:FASTQ_QC_TRIM_FILTER_SETSTRANDEDNESS:FASTQ_FASTQC_UMITOOLS_TRIMGALORE:TRIMGALORE
Oct-23 13:10:58.078 [Task submitter] INFO  nextflow.Session - [d0/773ab1] Submitted process > NFCORE_RNASEQ:RNASEQ:FASTQ_QC_TRIM_FILTER_SETSTRANDEDNESS:FASTQ_FASTQC_UMITOOLS_TRIMGALORE:TRIMGALORE (TREATMENT_mIFNa11_10000_REP1)
Oct-23 13:12:57.866 [Task monitor] DEBUG n.processor.TaskPollingMonitor - !! executor k8s > tasks to be completed: 6 -- submitted tasks are shown below
~> TaskHandler[id: 11; name: NFCORE_RNASEQ:RNASEQ:FASTQ_QC_TRIM_FILTER_SETSTRANDEDNESS:FASTQ_FASTQC_UMITOOLS_TRIMGALORE:TRIMGALORE (TREATMENT_mIFNa11_100000_REP2); status: RUNNING; exit: -; error: -; workDir: /workspace/work/91/6fabe89b349dc0a857a808d822c1f4]
~> TaskHandler[id: 13; name: NFCORE_RNASEQ:RNASEQ:FASTQ_QC_TRIM_FILTER_SETSTRANDEDNESS:FASTQ_FASTQC_UMITOOLS_TRIMGALORE:TRIMGALORE (TREATMENT_mIFNa11_10000_REP3); status: RUNNING; exit: -; error: -; workDir: /workspace/work/32/18191b569fe2283fa6f8485eac1ded]
~> TaskHandler[id: 14; name: NFCORE_RNASEQ:RNASEQ:FASTQ_QC_TRIM_FILTER_SETSTRANDEDNESS:FASTQ_FASTQC_UMITOOLS_TRIMGALORE:TRIMGALORE (TREATMENT_mIFNa11_100000_REP1); status: RUNNING; exit: -; error: -; workDir: /workspace/work/d4/6ae69b4f679155d58655e24e79fc8d]
~> TaskHandler[id: 16; name: NFCORE_RNASEQ:RNASEQ:FASTQ_QC_TRIM_FILTER_SETSTRANDEDNESS:FASTQ_FASTQC_UMITOOLS_TRIMGALORE:TRIMGALORE (TREATMENT_mIFNa11_10000_REP2); status: RUNNING; exit: -; error: -; workDir: /workspace/work/ac/0c6688c4ab19855a9208340569fbfc]
~> TaskHandler[id: 19; name: NFCORE_RNASEQ:RNASEQ:FASTQ_QC_TRIM_FILTER_SETSTRANDEDNESS:FASTQ_FASTQC_UMITOOLS_TRIMGALORE:FASTQC (TREATMENT_mIFNa11_10000_REP1); status: RUNNING; exit: -; error: -; workDir: /workspace/work/32/4c3ecb74bddbeabb748c25317e17af]
~> TaskHandler[id: 18; name: NFCORE_RNASEQ:RNASEQ:FASTQ_QC_TRIM_FILTER_SETSTRANDEDNESS:FASTQ_FASTQC_UMITOOLS_TRIMGALORE:TRIMGALORE (TREATMENT_mIFNa11_10000_REP1); status: RUNNING; exit: -; error: -; workDir: /workspace/work/d0/773ab1f6ac985fe1531811b32da6f9]
Oct-23 13:12:59.106 [Task submitter] DEBUG n.processor.TaskPollingMonitor - %% executor k8s > tasks in the submission queue: 3 -- tasks to be submitted are shown below
~> TaskHandler[id: 21; name: NFCORE_RNASEQ:RNASEQ:FASTQ_QC_TRIM_FILTER_SETSTRANDEDNESS:FASTQ_FASTQC_UMITOOLS_TRIMGALORE:TRIMGALORE (TREATMENT_mIFNa11_100000_REP3); status: NEW; exit: -; error: -; workDir: /workspace/work/9b/1ec109873919435d9d91742664c32c]
~> TaskHandler[id: 20; name: NFCORE_RNASEQ:RNASEQ:FASTQ_QC_TRIM_FILTER_SETSTRANDEDNESS:FASTQ_FASTQC_UMITOOLS_TRIMGALORE:FASTQC (TREATMENT_mIFNa11_100000_REP3); status: NEW; exit: -; error: -; workDir: /workspace/work/16/fdf367de576bbe6adccb481de10c61]
~> TaskHandler[id: 22; name: NFCORE_RNASEQ:PREPARE_GENOME:SALMON_INDEX (genome.transcripts.fa); status: NEW; exit: -; error: -; workDir: /workspace/work/f7/fb08e9edf921db4bd803b99a038ba1]
Oct-23 13:13:08.082 [Task monitor] DEBUG n.processor.TaskPollingMonitor - Task completed > TaskHandler[id: 11; name: NFCORE_RNASEQ:RNASEQ:FASTQ_QC_TRIM_FILTER_SETSTRANDEDNESS:FASTQ_FASTQC_UMITOOLS_TRIMGALORE:TRIMGALORE (TREATMENT_mIFNa11_100000_REP2); status: COMPLETED; exit: 0; error: -; workDir: /workspace/work/91/6fabe89b349dc0a857a808d822c1f4]
Oct-23 13:13:08.105 [Task submitter] DEBUG nextflow.k8s.model.PodSpecBuilder - K8s LABEL VALUE exceeds allowed size: 63 -- offending str=NFCORE_RNASEQ:RNASEQ:FASTQ_QC_TRIM_FILTER_SETSTRANDEDNESS:FASTQ_FASTQC_UMITOOLS_TRIMGALORE:TRIMGALORE (TREATMENT_mIFNa11_100000_REP3)
Oct-23 13:13:08.105 [Task submitter] DEBUG nextflow.k8s.model.PodSpecBuilder - K8s LABEL VALUE exceeds allowed size: 63 -- offending str=NFCORE_RNASEQ:RNASEQ:FASTQ_QC_TRIM_FILTER_SETSTRANDEDNESS:FASTQ_FASTQC_UMITOOLS_TRIMGALORE:TRIMGALORE
Oct-23 13:13:08.107 [TaskFinalizer-4] DEBUG nextflow.processor.TaskProcessor - Process NFCORE_RNASEQ:RNASEQ:FASTQ_QC_TRIM_FILTER_SETSTRANDEDNESS:FASTQ_FASTQC_UMITOOLS_TRIMGALORE:TRIMGALORE > Skipping output binding because one or more optional files are missing: fileoutparam<2:1>
Oct-23 13:13:08.174 [Task submitter] INFO  nextflow.Session - [9b/1ec109] Submitted process > NFCORE_RNASEQ:RNASEQ:FASTQ_QC_TRIM_FILTER_SETSTRANDEDNESS:FASTQ_FASTQC_UMITOOLS_TRIMGALORE:TRIMGALORE (TREATMENT_mIFNa11_100000_REP3)
Oct-23 13:14:02.993 [Task monitor] DEBUG n.processor.TaskPollingMonitor - Task completed > TaskHandler[id: 19; name: NFCORE_RNASEQ:RNASEQ:FASTQ_QC_TRIM_FILTER_SETSTRANDEDNESS:FASTQ_FASTQC_UMITOOLS_TRIMGALORE:FASTQC (TREATMENT_mIFNa11_10000_REP1); status: COMPLETED; exit: 0; error: -; workDir: /workspace/work/32/4c3ecb74bddbeabb748c25317e17af]
Oct-23 13:14:03.005 [Task submitter] DEBUG nextflow.k8s.model.PodSpecBuilder - K8s LABEL VALUE exceeds allowed size: 63 -- offending str=NFCORE_RNASEQ:RNASEQ:FASTQ_QC_TRIM_FILTER_SETSTRANDEDNESS:FASTQ_FASTQC_UMITOOLS_TRIMGALORE:FASTQC (TREATMENT_mIFNa11_100000_REP3)
Oct-23 13:14:03.005 [Task submitter] DEBUG nextflow.k8s.model.PodSpecBuilder - K8s LABEL VALUE exceeds allowed size: 63 -- offending str=NFCORE_RNASEQ:RNASEQ:FASTQ_QC_TRIM_FILTER_SETSTRANDEDNESS:FASTQ_FASTQC_UMITOOLS_TRIMGALORE:FASTQC
Oct-23 13:14:03.032 [Task submitter] INFO  nextflow.Session - [16/fdf367] Submitted process > NFCORE_RNASEQ:RNASEQ:FASTQ_QC_TRIM_FILTER_SETSTRANDEDNESS:FASTQ_FASTQC_UMITOOLS_TRIMGALORE:FASTQC (TREATMENT_mIFNa11_100000_REP3)
Oct-23 13:16:53.012 [Task monitor] DEBUG n.processor.TaskPollingMonitor - Task completed > TaskHandler[id: 20; name: NFCORE_RNASEQ:RNASEQ:FASTQ_QC_TRIM_FILTER_SETSTRANDEDNESS:FASTQ_FASTQC_UMITOOLS_TRIMGALORE:FASTQC (TREATMENT_mIFNa11_100000_REP3); status: COMPLETED; exit: 0; error: -; workDir: /workspace/work/16/fdf367de576bbe6adccb481de10c61]
Oct-23 13:16:53.079 [Task submitter] DEBUG nextflow.k8s.model.PodSpecBuilder - K8s LABEL VALUE exceeds allowed size: 63 -- offending str=NFCORE_RNASEQ:PREPARE_GENOME:SALMON_INDEX (genome.transcripts.fa)
Oct-23 13:16:53.120 [Task submitter] INFO  nextflow.Session - [f7/fb08e9] Submitted process > NFCORE_RNASEQ:PREPARE_GENOME:SALMON_INDEX (genome.transcripts.fa)
Oct-23 13:17:22.952 [Task monitor] DEBUG n.processor.TaskPollingMonitor - Task completed > TaskHandler[id: 13; name: NFCORE_RNASEQ:RNASEQ:FASTQ_QC_TRIM_FILTER_SETSTRANDEDNESS:FASTQ_FASTQC_UMITOOLS_TRIMGALORE:TRIMGALORE (TREATMENT_mIFNa11_10000_REP3); status: COMPLETED; exit: 0; error: -; workDir: /workspace/work/32/18191b569fe2283fa6f8485eac1ded]
Oct-23 13:17:22.965 [Task submitter] DEBUG nextflow.k8s.model.PodSpecBuilder - K8s LABEL VALUE exceeds allowed size: 63 -- offending str=NFCORE_RNASEQ:RNASEQ:FASTQ_QC_TRIM_FILTER_SETSTRANDEDNESS:FQ_LINT_AFTER_TRIMMING (TREATMENT_mIFNa11_100000_REP2)
Oct-23 13:17:22.965 [Task submitter] DEBUG nextflow.k8s.model.PodSpecBuilder - K8s LABEL VALUE exceeds allowed size: 63 -- offending str=NFCORE_RNASEQ:RNASEQ:FASTQ_QC_TRIM_FILTER_SETSTRANDEDNESS:FQ_LINT_AFTER_TRIMMING
Oct-23 13:17:22.970 [TaskFinalizer-6] DEBUG nextflow.processor.TaskProcessor - Process NFCORE_RNASEQ:RNASEQ:FASTQ_QC_TRIM_FILTER_SETSTRANDEDNESS:FASTQ_FASTQC_UMITOOLS_TRIMGALORE:TRIMGALORE > Skipping output binding because one or more optional files are missing: fileoutparam<2:1>
Oct-23 13:17:22.990 [Task submitter] INFO  nextflow.Session - [9d/763c43] Submitted process > NFCORE_RNASEQ:RNASEQ:FASTQ_QC_TRIM_FILTER_SETSTRANDEDNESS:FQ_LINT_AFTER_TRIMMING (TREATMENT_mIFNa11_100000_REP2)
Oct-23 13:17:32.960 [Task monitor] DEBUG n.processor.TaskPollingMonitor - Task completed > TaskHandler[id: 14; name: NFCORE_RNASEQ:RNASEQ:FASTQ_QC_TRIM_FILTER_SETSTRANDEDNESS:FASTQ_FASTQC_UMITOOLS_TRIMGALORE:TRIMGALORE (TREATMENT_mIFNa11_100000_REP1); status: COMPLETED; exit: 0; error: -; workDir: /workspace/work/d4/6ae69b4f679155d58655e24e79fc8d]
Oct-23 13:17:32.971 [Task submitter] DEBUG nextflow.k8s.model.PodSpecBuilder - K8s LABEL VALUE exceeds allowed size: 63 -- offending str=NFCORE_RNASEQ:RNASEQ:FASTQ_QC_TRIM_FILTER_SETSTRANDEDNESS:FQ_LINT_AFTER_TRIMMING (TREATMENT_mIFNa11_10000_REP3)
Oct-23 13:17:32.971 [Task submitter] DEBUG nextflow.k8s.model.PodSpecBuilder - K8s LABEL VALUE exceeds allowed size: 63 -- offending str=NFCORE_RNASEQ:RNASEQ:FASTQ_QC_TRIM_FILTER_SETSTRANDEDNESS:FQ_LINT_AFTER_TRIMMING
Oct-23 13:17:32.980 [TaskFinalizer-8] DEBUG nextflow.processor.TaskProcessor - Process NFCORE_RNASEQ:RNASEQ:FASTQ_QC_TRIM_FILTER_SETSTRANDEDNESS:FASTQ_FASTQC_UMITOOLS_TRIMGALORE:TRIMGALORE > Skipping output binding because one or more optional files are missing: fileoutparam<2:1>
Oct-23 13:17:32.992 [Task submitter] INFO  nextflow.Session - [11/292ee8] Submitted process > NFCORE_RNASEQ:RNASEQ:FASTQ_QC_TRIM_FILTER_SETSTRANDEDNESS:FQ_LINT_AFTER_TRIMMING (TREATMENT_mIFNa11_10000_REP3)
Oct-23 13:17:57.903 [Task monitor] DEBUG n.processor.TaskPollingMonitor - !! executor k8s > tasks to be completed: 6 -- submitted tasks are shown below
~> TaskHandler[id: 16; name: NFCORE_RNASEQ:RNASEQ:FASTQ_QC_TRIM_FILTER_SETSTRANDEDNESS:FASTQ_FASTQC_UMITOOLS_TRIMGALORE:TRIMGALORE (TREATMENT_mIFNa11_10000_REP2); status: RUNNING; exit: -; error: -; workDir: /workspace/work/ac/0c6688c4ab19855a9208340569fbfc]
~> TaskHandler[id: 18; name: NFCORE_RNASEQ:RNASEQ:FASTQ_QC_TRIM_FILTER_SETSTRANDEDNESS:FASTQ_FASTQC_UMITOOLS_TRIMGALORE:TRIMGALORE (TREATMENT_mIFNa11_10000_REP1); status: RUNNING; exit: -; error: -; workDir: /workspace/work/d0/773ab1f6ac985fe1531811b32da6f9]
~> TaskHandler[id: 21; name: NFCORE_RNASEQ:RNASEQ:FASTQ_QC_TRIM_FILTER_SETSTRANDEDNESS:FASTQ_FASTQC_UMITOOLS_TRIMGALORE:TRIMGALORE (TREATMENT_mIFNa11_100000_REP3); status: RUNNING; exit: -; error: -; workDir: /workspace/work/9b/1ec109873919435d9d91742664c32c]
~> TaskHandler[id: 22; name: NFCORE_RNASEQ:PREPARE_GENOME:SALMON_INDEX (genome.transcripts.fa); status: RUNNING; exit: -; error: -; workDir: /workspace/work/f7/fb08e9edf921db4bd803b99a038ba1]
~> TaskHandler[id: 23; name: NFCORE_RNASEQ:RNASEQ:FASTQ_QC_TRIM_FILTER_SETSTRANDEDNESS:FQ_LINT_AFTER_TRIMMING (TREATMENT_mIFNa11_100000_REP2); status: RUNNING; exit: -; error: -; workDir: /workspace/work/9d/763c43ce58f78799591597ae8579be]
~> TaskHandler[id: 24; name: NFCORE_RNASEQ:RNASEQ:FASTQ_QC_TRIM_FILTER_SETSTRANDEDNESS:FQ_LINT_AFTER_TRIMMING (TREATMENT_mIFNa11_10000_REP3); status: RUNNING; exit: -; error: -; workDir: /workspace/work/11/292ee80105cc4b2326c4b049953dac]
Oct-23 13:18:00.016 [Task submitter] DEBUG n.processor.TaskPollingMonitor - %% executor k8s > tasks in the submission queue: 1 -- tasks to be submitted are shown below
~> TaskHandler[id: 25; name: NFCORE_RNASEQ:RNASEQ:FASTQ_QC_TRIM_FILTER_SETSTRANDEDNESS:FQ_LINT_AFTER_TRIMMING (TREATMENT_mIFNa11_100000_REP1); status: NEW; exit: -; error: -; workDir: /workspace/work/0d/4bf569a29e09d987b20ed3a2430311]
Oct-23 13:19:08.064 [Task monitor] DEBUG n.processor.TaskPollingMonitor - Task completed > TaskHandler[id: 23; name: NFCORE_RNASEQ:RNASEQ:FASTQ_QC_TRIM_FILTER_SETSTRANDEDNESS:FQ_LINT_AFTER_TRIMMING (TREATMENT_mIFNa11_100000_REP2); status: COMPLETED; exit: 0; error: -; workDir: /workspace/work/9d/763c43ce58f78799591597ae8579be]
Oct-23 13:19:08.097 [Task submitter] DEBUG nextflow.k8s.model.PodSpecBuilder - K8s LABEL VALUE exceeds allowed size: 63 -- offending str=NFCORE_RNASEQ:RNASEQ:FASTQ_QC_TRIM_FILTER_SETSTRANDEDNESS:FQ_LINT_AFTER_TRIMMING (TREATMENT_mIFNa11_100000_REP1)
Oct-23 13:19:08.097 [Task submitter] DEBUG nextflow.k8s.model.PodSpecBuilder - K8s LABEL VALUE exceeds allowed size: 63 -- offending str=NFCORE_RNASEQ:RNASEQ:FASTQ_QC_TRIM_FILTER_SETSTRANDEDNESS:FQ_LINT_AFTER_TRIMMING
Oct-23 13:19:08.128 [Task submitter] INFO  nextflow.Session - [0d/4bf569] Submitted process > NFCORE_RNASEQ:RNASEQ:FASTQ_QC_TRIM_FILTER_SETSTRANDEDNESS:FQ_LINT_AFTER_TRIMMING (TREATMENT_mIFNa11_100000_REP1)
Oct-23 13:19:53.070 [Task monitor] DEBUG n.processor.TaskPollingMonitor - Task completed > TaskHandler[id: 24; name: NFCORE_RNASEQ:RNASEQ:FASTQ_QC_TRIM_FILTER_SETSTRANDEDNESS:FQ_LINT_AFTER_TRIMMING (TREATMENT_mIFNa11_10000_REP3); status: COMPLETED; exit: 0; error: -; workDir: /workspace/work/11/292ee80105cc4b2326c4b049953dac]
Oct-23 13:19:53.087 [Task submitter] DEBUG nextflow.k8s.model.PodSpecBuilder - K8s LABEL VALUE exceeds allowed size: 63 -- offending str=NFCORE_RNASEQ:RNASEQ:ALIGN_STAR:STAR_ALIGN_IGENOMES (TREATMENT_mIFNa11_100000_REP2)
Oct-23 13:19:53.106 [Task submitter] INFO  nextflow.Session - [44/1bf7dc] Submitted process > NFCORE_RNASEQ:RNASEQ:ALIGN_STAR:STAR_ALIGN_IGENOMES (TREATMENT_mIFNa11_100000_REP2)
Oct-23 13:21:23.505 [Task monitor] DEBUG n.processor.TaskPollingMonitor - Task completed > TaskHandler[id: 25; name: NFCORE_RNASEQ:RNASEQ:FASTQ_QC_TRIM_FILTER_SETSTRANDEDNESS:FQ_LINT_AFTER_TRIMMING (TREATMENT_mIFNa11_100000_REP1); status: COMPLETED; exit: 0; error: -; workDir: /workspace/work/0d/4bf569a29e09d987b20ed3a2430311]
Oct-23 13:21:23.536 [Task submitter] DEBUG nextflow.k8s.model.PodSpecBuilder - K8s LABEL VALUE exceeds allowed size: 63 -- offending str=NFCORE_RNASEQ:RNASEQ:ALIGN_STAR:STAR_ALIGN_IGENOMES (TREATMENT_mIFNa11_10000_REP3)
Oct-23 13:21:23.560 [Task submitter] INFO  nextflow.Session - [df/f030a1] Submitted process > NFCORE_RNASEQ:RNASEQ:ALIGN_STAR:STAR_ALIGN_IGENOMES (TREATMENT_mIFNa11_10000_REP3)
Oct-23 13:21:48.007 [Task monitor] DEBUG n.processor.TaskPollingMonitor - Task completed > TaskHandler[id: 16; name: NFCORE_RNASEQ:RNASEQ:FASTQ_QC_TRIM_FILTER_SETSTRANDEDNESS:FASTQ_FASTQC_UMITOOLS_TRIMGALORE:TRIMGALORE (TREATMENT_mIFNa11_10000_REP2); status: COMPLETED; exit: 0; error: -; workDir: /workspace/work/ac/0c6688c4ab19855a9208340569fbfc]
Oct-23 13:21:48.017 [Task submitter] DEBUG nextflow.k8s.model.PodSpecBuilder - K8s LABEL VALUE exceeds allowed size: 63 -- offending str=NFCORE_RNASEQ:RNASEQ:ALIGN_STAR:STAR_ALIGN_IGENOMES (TREATMENT_mIFNa11_100000_REP1)
Oct-23 13:21:48.024 [TaskFinalizer-3] DEBUG nextflow.processor.TaskProcessor - Process NFCORE_RNASEQ:RNASEQ:FASTQ_QC_TRIM_FILTER_SETSTRANDEDNESS:FASTQ_FASTQC_UMITOOLS_TRIMGALORE:TRIMGALORE > Skipping output binding because one or more optional files are missing: fileoutparam<2:1>
Oct-23 13:21:48.043 [Task submitter] INFO  nextflow.Session - [af/1be359] Submitted process > NFCORE_RNASEQ:RNASEQ:ALIGN_STAR:STAR_ALIGN_IGENOMES (TREATMENT_mIFNa11_100000_REP1)
Oct-23 13:22:57.921 [Task monitor] DEBUG n.processor.TaskPollingMonitor - !! executor k8s > tasks to be completed: 6 -- submitted tasks are shown below
~> TaskHandler[id: 18; name: NFCORE_RNASEQ:RNASEQ:FASTQ_QC_TRIM_FILTER_SETSTRANDEDNESS:FASTQ_FASTQC_UMITOOLS_TRIMGALORE:TRIMGALORE (TREATMENT_mIFNa11_10000_REP1); status: RUNNING; exit: -; error: -; workDir: /workspace/work/d0/773ab1f6ac985fe1531811b32da6f9]
~> TaskHandler[id: 21; name: NFCORE_RNASEQ:RNASEQ:FASTQ_QC_TRIM_FILTER_SETSTRANDEDNESS:FASTQ_FASTQC_UMITOOLS_TRIMGALORE:TRIMGALORE (TREATMENT_mIFNa11_100000_REP3); status: RUNNING; exit: -; error: -; workDir: /workspace/work/9b/1ec109873919435d9d91742664c32c]
~> TaskHandler[id: 22; name: NFCORE_RNASEQ:PREPARE_GENOME:SALMON_INDEX (genome.transcripts.fa); status: RUNNING; exit: -; error: -; workDir: /workspace/work/f7/fb08e9edf921db4bd803b99a038ba1]
~> TaskHandler[id: 26; name: NFCORE_RNASEQ:RNASEQ:ALIGN_STAR:STAR_ALIGN_IGENOMES (TREATMENT_mIFNa11_100000_REP2); status: RUNNING; exit: -; error: -; workDir: /workspace/work/44/1bf7dc037ce68ab715464dc09d9f1e]
~> TaskHandler[id: 27; name: NFCORE_RNASEQ:RNASEQ:ALIGN_STAR:STAR_ALIGN_IGENOMES (TREATMENT_mIFNa11_10000_REP3); status: RUNNING; exit: -; error: -; workDir: /workspace/work/df/f030a1f094ef4bd8163fabcafb4f8f]
~> TaskHandler[id: 28; name: NFCORE_RNASEQ:RNASEQ:ALIGN_STAR:STAR_ALIGN_IGENOMES (TREATMENT_mIFNa11_100000_REP1); status: RUNNING; exit: -; error: -; workDir: /workspace/work/af/1be35904bd7f1d826e03390267be50]
Oct-23 13:23:00.087 [Task submitter] DEBUG n.processor.TaskPollingMonitor - %% executor k8s > tasks in the submission queue: 1 -- tasks to be submitted are shown below
~> TaskHandler[id: 29; name: NFCORE_RNASEQ:RNASEQ:FASTQ_QC_TRIM_FILTER_SETSTRANDEDNESS:FQ_LINT_AFTER_TRIMMING (TREATMENT_mIFNa11_10000_REP2); status: NEW; exit: -; error: -; workDir: /workspace/work/03/33c16598e44e31853e8d86a9b7080b]
Oct-23 13:23:38.133 [Task monitor] DEBUG n.processor.TaskPollingMonitor - Task completed > TaskHandler[id: 21; name: NFCORE_RNASEQ:RNASEQ:FASTQ_QC_TRIM_FILTER_SETSTRANDEDNESS:FASTQ_FASTQC_UMITOOLS_TRIMGALORE:TRIMGALORE (TREATMENT_mIFNa11_100000_REP3); status: COMPLETED; exit: 0; error: -; workDir: /workspace/work/9b/1ec109873919435d9d91742664c32c]
Oct-23 13:23:38.144 [Task submitter] DEBUG nextflow.k8s.model.PodSpecBuilder - K8s LABEL VALUE exceeds allowed size: 63 -- offending str=NFCORE_RNASEQ:RNASEQ:FASTQ_QC_TRIM_FILTER_SETSTRANDEDNESS:FQ_LINT_AFTER_TRIMMING (TREATMENT_mIFNa11_10000_REP2)
Oct-23 13:23:38.144 [Task submitter] DEBUG nextflow.k8s.model.PodSpecBuilder - K8s LABEL VALUE exceeds allowed size: 63 -- offending str=NFCORE_RNASEQ:RNASEQ:FASTQ_QC_TRIM_FILTER_SETSTRANDEDNESS:FQ_LINT_AFTER_TRIMMING
Oct-23 13:23:38.182 [Task submitter] INFO  nextflow.Session - [03/33c165] Submitted process > NFCORE_RNASEQ:RNASEQ:FASTQ_QC_TRIM_FILTER_SETSTRANDEDNESS:FQ_LINT_AFTER_TRIMMING (TREATMENT_mIFNa11_10000_REP2)
Oct-23 13:23:38.285 [TaskFinalizer-4] DEBUG nextflow.processor.TaskProcessor - Process NFCORE_RNASEQ:RNASEQ:FASTQ_QC_TRIM_FILTER_SETSTRANDEDNESS:FASTQ_FASTQC_UMITOOLS_TRIMGALORE:TRIMGALORE > Skipping output binding because one or more optional files are missing: fileoutparam<2:1>
Oct-23 13:25:28.216 [Task monitor] DEBUG n.processor.TaskPollingMonitor - Task completed > TaskHandler[id: 29; name: NFCORE_RNASEQ:RNASEQ:FASTQ_QC_TRIM_FILTER_SETSTRANDEDNESS:FQ_LINT_AFTER_TRIMMING (TREATMENT_mIFNa11_10000_REP2); status: COMPLETED; exit: 0; error: -; workDir: /workspace/work/03/33c16598e44e31853e8d86a9b7080b]
Oct-23 13:25:28.235 [Task submitter] DEBUG nextflow.k8s.model.PodSpecBuilder - K8s LABEL VALUE exceeds allowed size: 63 -- offending str=NFCORE_RNASEQ:RNASEQ:FASTQ_QC_TRIM_FILTER_SETSTRANDEDNESS:FQ_LINT_AFTER_TRIMMING (TREATMENT_mIFNa11_100000_REP3)
Oct-23 13:25:28.235 [Task submitter] DEBUG nextflow.k8s.model.PodSpecBuilder - K8s LABEL VALUE exceeds allowed size: 63 -- offending str=NFCORE_RNASEQ:RNASEQ:FASTQ_QC_TRIM_FILTER_SETSTRANDEDNESS:FQ_LINT_AFTER_TRIMMING
Oct-23 13:25:28.256 [Task submitter] INFO  nextflow.Session - [f5/d2180b] Submitted process > NFCORE_RNASEQ:RNASEQ:FASTQ_QC_TRIM_FILTER_SETSTRANDEDNESS:FQ_LINT_AFTER_TRIMMING (TREATMENT_mIFNa11_100000_REP3)
Oct-23 13:26:23.147 [Task monitor] DEBUG n.processor.TaskPollingMonitor - Task completed > TaskHandler[id: 18; name: NFCORE_RNASEQ:RNASEQ:FASTQ_QC_TRIM_FILTER_SETSTRANDEDNESS:FASTQ_FASTQC_UMITOOLS_TRIMGALORE:TRIMGALORE (TREATMENT_mIFNa11_10000_REP1); status: COMPLETED; exit: 0; error: -; workDir: /workspace/work/d0/773ab1f6ac985fe1531811b32da6f9]
Oct-23 13:26:23.157 [Task submitter] DEBUG nextflow.k8s.model.PodSpecBuilder - K8s LABEL VALUE exceeds allowed size: 63 -- offending str=NFCORE_RNASEQ:RNASEQ:ALIGN_STAR:STAR_ALIGN_IGENOMES (TREATMENT_mIFNa11_10000_REP2)
Oct-23 13:26:23.161 [TaskFinalizer-7] DEBUG nextflow.processor.TaskProcessor - Process NFCORE_RNASEQ:RNASEQ:FASTQ_QC_TRIM_FILTER_SETSTRANDEDNESS:FASTQ_FASTQC_UMITOOLS_TRIMGALORE:TRIMGALORE > Skipping output binding because one or more optional files are missing: fileoutparam<2:1>
Oct-23 13:26:23.177 [Task submitter] INFO  nextflow.Session - [5e/2731e6] Submitted process > NFCORE_RNASEQ:RNASEQ:ALIGN_STAR:STAR_ALIGN_IGENOMES (TREATMENT_mIFNa11_10000_REP2)
Oct-23 13:26:23.182 [Actor Thread 49] DEBUG nextflow.file.SortFileCollector - FileCollector temp dir not removed: null
Oct-23 13:27:08.132 [Task monitor] DEBUG n.processor.TaskPollingMonitor - Task completed > TaskHandler[id: 30; name: NFCORE_RNASEQ:RNASEQ:FASTQ_QC_TRIM_FILTER_SETSTRANDEDNESS:FQ_LINT_AFTER_TRIMMING (TREATMENT_mIFNa11_100000_REP3); status: COMPLETED; exit: 0; error: -; workDir: /workspace/work/f5/d2180baba74c374429cc02bda1694a]
Oct-23 13:27:08.141 [Task submitter] DEBUG nextflow.k8s.model.PodSpecBuilder - K8s LABEL VALUE exceeds allowed size: 63 -- offending str=NFCORE_RNASEQ:RNASEQ:FASTQ_QC_TRIM_FILTER_SETSTRANDEDNESS:FQ_LINT_AFTER_TRIMMING (TREATMENT_mIFNa11_10000_REP1)
Oct-23 13:27:08.142 [Task submitter] DEBUG nextflow.k8s.model.PodSpecBuilder - K8s LABEL VALUE exceeds allowed size: 63 -- offending str=NFCORE_RNASEQ:RNASEQ:FASTQ_QC_TRIM_FILTER_SETSTRANDEDNESS:FQ_LINT_AFTER_TRIMMING
Oct-23 13:27:08.167 [Task submitter] INFO  nextflow.Session - [f5/89e086] Submitted process > NFCORE_RNASEQ:RNASEQ:FASTQ_QC_TRIM_FILTER_SETSTRANDEDNESS:FQ_LINT_AFTER_TRIMMING (TREATMENT_mIFNa11_10000_REP1)
Oct-23 13:27:58.039 [Task monitor] DEBUG n.processor.TaskPollingMonitor - !! executor k8s > tasks to be completed: 6 -- submitted tasks are shown below
~> TaskHandler[id: 22; name: NFCORE_RNASEQ:PREPARE_GENOME:SALMON_INDEX (genome.transcripts.fa); status: RUNNING; exit: -; error: -; workDir: /workspace/work/f7/fb08e9edf921db4bd803b99a038ba1]
~> TaskHandler[id: 26; name: NFCORE_RNASEQ:RNASEQ:ALIGN_STAR:STAR_ALIGN_IGENOMES (TREATMENT_mIFNa11_100000_REP2); status: RUNNING; exit: -; error: -; workDir: /workspace/work/44/1bf7dc037ce68ab715464dc09d9f1e]
~> TaskHandler[id: 27; name: NFCORE_RNASEQ:RNASEQ:ALIGN_STAR:STAR_ALIGN_IGENOMES (TREATMENT_mIFNa11_10000_REP3); status: RUNNING; exit: -; error: -; workDir: /workspace/work/df/f030a1f094ef4bd8163fabcafb4f8f]
~> TaskHandler[id: 28; name: NFCORE_RNASEQ:RNASEQ:ALIGN_STAR:STAR_ALIGN_IGENOMES (TREATMENT_mIFNa11_100000_REP1); status: RUNNING; exit: -; error: -; workDir: /workspace/work/af/1be35904bd7f1d826e03390267be50]
~> TaskHandler[id: 31; name: NFCORE_RNASEQ:RNASEQ:ALIGN_STAR:STAR_ALIGN_IGENOMES (TREATMENT_mIFNa11_10000_REP2); status: RUNNING; exit: -; error: -; workDir: /workspace/work/5e/2731e6d95511b4106c5b4d71f65b62]
~> TaskHandler[id: 32; name: NFCORE_RNASEQ:RNASEQ:FASTQ_QC_TRIM_FILTER_SETSTRANDEDNESS:FQ_LINT_AFTER_TRIMMING (TREATMENT_mIFNa11_10000_REP1); status: RUNNING; exit: -; error: -; workDir: /workspace/work/f5/89e0866538343c7ce22cbf7d086c5a]
Oct-23 13:28:00.179 [Task submitter] DEBUG n.processor.TaskPollingMonitor - %% executor k8s > tasks in the submission queue: 1 -- tasks to be submitted are shown below
~> TaskHandler[id: 33; name: NFCORE_RNASEQ:RNASEQ:ALIGN_STAR:STAR_ALIGN_IGENOMES (TREATMENT_mIFNa11_100000_REP3); status: NEW; exit: -; error: -; workDir: /workspace/work/6b/dc086d9cc9e6469e96ce199602caa2]
Oct-23 13:29:23.155 [Task monitor] DEBUG n.processor.TaskPollingMonitor - Task completed > TaskHandler[id: 32; name: NFCORE_RNASEQ:RNASEQ:FASTQ_QC_TRIM_FILTER_SETSTRANDEDNESS:FQ_LINT_AFTER_TRIMMING (TREATMENT_mIFNa11_10000_REP1); status: COMPLETED; exit: 0; error: -; workDir: /workspace/work/f5/89e0866538343c7ce22cbf7d086c5a]
Oct-23 13:29:23.216 [Task submitter] DEBUG nextflow.k8s.model.PodSpecBuilder - K8s LABEL VALUE exceeds allowed size: 63 -- offending str=NFCORE_RNASEQ:RNASEQ:ALIGN_STAR:STAR_ALIGN_IGENOMES (TREATMENT_mIFNa11_100000_REP3)
Oct-23 13:29:23.245 [Task submitter] INFO  nextflow.Session - [6b/dc086d] Submitted process > NFCORE_RNASEQ:RNASEQ:ALIGN_STAR:STAR_ALIGN_IGENOMES (TREATMENT_mIFNa11_100000_REP3)
Oct-23 13:32:58.054 [Task monitor] DEBUG n.processor.TaskPollingMonitor - !! executor k8s > tasks to be completed: 6 -- submitted tasks are shown below
~> TaskHandler[id: 22; name: NFCORE_RNASEQ:PREPARE_GENOME:SALMON_INDEX (genome.transcripts.fa); status: RUNNING; exit: -; error: -; workDir: /workspace/work/f7/fb08e9edf921db4bd803b99a038ba1]
~> TaskHandler[id: 26; name: NFCORE_RNASEQ:RNASEQ:ALIGN_STAR:STAR_ALIGN_IGENOMES (TREATMENT_mIFNa11_100000_REP2); status: RUNNING; exit: -; error: -; workDir: /workspace/work/44/1bf7dc037ce68ab715464dc09d9f1e]
~> TaskHandler[id: 27; name: NFCORE_RNASEQ:RNASEQ:ALIGN_STAR:STAR_ALIGN_IGENOMES (TREATMENT_mIFNa11_10000_REP3); status: RUNNING; exit: -; error: -; workDir: /workspace/work/df/f030a1f094ef4bd8163fabcafb4f8f]
~> TaskHandler[id: 28; name: NFCORE_RNASEQ:RNASEQ:ALIGN_STAR:STAR_ALIGN_IGENOMES (TREATMENT_mIFNa11_100000_REP1); status: RUNNING; exit: -; error: -; workDir: /workspace/work/af/1be35904bd7f1d826e03390267be50]
~> TaskHandler[id: 31; name: NFCORE_RNASEQ:RNASEQ:ALIGN_STAR:STAR_ALIGN_IGENOMES (TREATMENT_mIFNa11_10000_REP2); status: RUNNING; exit: -; error: -; workDir: /workspace/work/5e/2731e6d95511b4106c5b4d71f65b62]
~> TaskHandler[id: 33; name: NFCORE_RNASEQ:RNASEQ:ALIGN_STAR:STAR_ALIGN_IGENOMES (TREATMENT_mIFNa11_100000_REP3); status: RUNNING; exit: -; error: -; workDir: /workspace/work/6b/dc086d9cc9e6469e96ce199602caa2]
Oct-23 13:33:00.295 [Task submitter] DEBUG n.processor.TaskPollingMonitor - %% executor k8s > tasks in the submission queue: 1 -- tasks to be submitted are shown below
~> TaskHandler[id: 34; name: NFCORE_RNASEQ:RNASEQ:ALIGN_STAR:STAR_ALIGN_IGENOMES (TREATMENT_mIFNa11_10000_REP1); status: NEW; exit: -; error: -; workDir: /workspace/work/45/186ec6cf0e6fe763080eae49283f30]
Oct-23 13:37:58.083 [Task monitor] DEBUG n.processor.TaskPollingMonitor - !! executor k8s > tasks to be completed: 6 -- submitted tasks are shown below
~> TaskHandler[id: 22; name: NFCORE_RNASEQ:PREPARE_GENOME:SALMON_INDEX (genome.transcripts.fa); status: RUNNING; exit: -; error: -; workDir: /workspace/work/f7/fb08e9edf921db4bd803b99a038ba1]
~> TaskHandler[id: 26; name: NFCORE_RNASEQ:RNASEQ:ALIGN_STAR:STAR_ALIGN_IGENOMES (TREATMENT_mIFNa11_100000_REP2); status: RUNNING; exit: -; error: -; workDir: /workspace/work/44/1bf7dc037ce68ab715464dc09d9f1e]
~> TaskHandler[id: 27; name: NFCORE_RNASEQ:RNASEQ:ALIGN_STAR:STAR_ALIGN_IGENOMES (TREATMENT_mIFNa11_10000_REP3); status: RUNNING; exit: -; error: -; workDir: /workspace/work/df/f030a1f094ef4bd8163fabcafb4f8f]
~> TaskHandler[id: 28; name: NFCORE_RNASEQ:RNASEQ:ALIGN_STAR:STAR_ALIGN_IGENOMES (TREATMENT_mIFNa11_100000_REP1); status: RUNNING; exit: -; error: -; workDir: /workspace/work/af/1be35904bd7f1d826e03390267be50]
~> TaskHandler[id: 31; name: NFCORE_RNASEQ:RNASEQ:ALIGN_STAR:STAR_ALIGN_IGENOMES (TREATMENT_mIFNa11_10000_REP2); status: RUNNING; exit: -; error: -; workDir: /workspace/work/5e/2731e6d95511b4106c5b4d71f65b62]
~> TaskHandler[id: 33; name: NFCORE_RNASEQ:RNASEQ:ALIGN_STAR:STAR_ALIGN_IGENOMES (TREATMENT_mIFNa11_100000_REP3); status: RUNNING; exit: -; error: -; workDir: /workspace/work/6b/dc086d9cc9e6469e96ce199602caa2]
Oct-23 13:38:00.353 [Task submitter] DEBUG n.processor.TaskPollingMonitor - %% executor k8s > tasks in the submission queue: 1 -- tasks to be submitted are shown below
~> TaskHandler[id: 34; name: NFCORE_RNASEQ:RNASEQ:ALIGN_STAR:STAR_ALIGN_IGENOMES (TREATMENT_mIFNa11_10000_REP1); status: NEW; exit: -; error: -; workDir: /workspace/work/45/186ec6cf0e6fe763080eae49283f30]
Oct-23 13:39:28.208 [Task monitor] DEBUG n.processor.TaskPollingMonitor - Task completed > TaskHandler[id: 26; name: NFCORE_RNASEQ:RNASEQ:ALIGN_STAR:STAR_ALIGN_IGENOMES (TREATMENT_mIFNa11_100000_REP2); status: COMPLETED; exit: 0; error: -; workDir: /workspace/work/44/1bf7dc037ce68ab715464dc09d9f1e]
Oct-23 13:39:28.231 [Task submitter] DEBUG nextflow.k8s.model.PodSpecBuilder - K8s LABEL VALUE exceeds allowed size: 63 -- offending str=NFCORE_RNASEQ:RNASEQ:ALIGN_STAR:STAR_ALIGN_IGENOMES (TREATMENT_mIFNa11_10000_REP1)
Oct-23 13:39:28.259 [Task submitter] INFO  nextflow.Session - [45/186ec6] Submitted process > NFCORE_RNASEQ:RNASEQ:ALIGN_STAR:STAR_ALIGN_IGENOMES (TREATMENT_mIFNa11_10000_REP1)
Oct-23 13:39:28.376 [TaskFinalizer-9] DEBUG nextflow.processor.TaskProcessor - Process NFCORE_RNASEQ:RNASEQ:ALIGN_STAR:STAR_ALIGN_IGENOMES > Skipping output binding because one or more optional files are missing: fileoutparam<5:1>
Oct-23 13:39:28.377 [TaskFinalizer-9] DEBUG nextflow.processor.TaskProcessor - Process NFCORE_RNASEQ:RNASEQ:ALIGN_STAR:STAR_ALIGN_IGENOMES > Skipping output binding because one or more optional files are missing: fileoutparam<7:1>
Oct-23 13:39:28.377 [TaskFinalizer-9] DEBUG nextflow.processor.TaskProcessor - Process NFCORE_RNASEQ:RNASEQ:ALIGN_STAR:STAR_ALIGN_IGENOMES > Skipping output binding because one or more optional files are missing: fileoutparam<8:1>
Oct-23 13:39:28.377 [TaskFinalizer-9] DEBUG nextflow.processor.TaskProcessor - Process NFCORE_RNASEQ:RNASEQ:ALIGN_STAR:STAR_ALIGN_IGENOMES > Skipping output binding because one or more optional files are missing: fileoutparam<10:1>
Oct-23 13:39:28.377 [TaskFinalizer-9] DEBUG nextflow.processor.TaskProcessor - Process NFCORE_RNASEQ:RNASEQ:ALIGN_STAR:STAR_ALIGN_IGENOMES > Skipping output binding because one or more optional files are missing: fileoutparam<11:1>
Oct-23 13:39:28.461 [Actor Thread 55] DEBUG nextflow.util.HashBuilder - Hash asset file sha-256: /workspace/nf_assets/nf-core/rnaseq/workflows/rnaseq/assets/multiqc/deseq2_pca_header.txt
Oct-23 13:42:58.112 [Task monitor] DEBUG n.processor.TaskPollingMonitor - !! executor k8s > tasks to be completed: 6 -- submitted tasks are shown below
~> TaskHandler[id: 22; name: NFCORE_RNASEQ:PREPARE_GENOME:SALMON_INDEX (genome.transcripts.fa); status: RUNNING; exit: -; error: -; workDir: /workspace/work/f7/fb08e9edf921db4bd803b99a038ba1]
~> TaskHandler[id: 27; name: NFCORE_RNASEQ:RNASEQ:ALIGN_STAR:STAR_ALIGN_IGENOMES (TREATMENT_mIFNa11_10000_REP3); status: RUNNING; exit: -; error: -; workDir: /workspace/work/df/f030a1f094ef4bd8163fabcafb4f8f]
~> TaskHandler[id: 28; name: NFCORE_RNASEQ:RNASEQ:ALIGN_STAR:STAR_ALIGN_IGENOMES (TREATMENT_mIFNa11_100000_REP1); status: RUNNING; exit: -; error: -; workDir: /workspace/work/af/1be35904bd7f1d826e03390267be50]
~> TaskHandler[id: 31; name: NFCORE_RNASEQ:RNASEQ:ALIGN_STAR:STAR_ALIGN_IGENOMES (TREATMENT_mIFNa11_10000_REP2); status: RUNNING; exit: -; error: -; workDir: /workspace/work/5e/2731e6d95511b4106c5b4d71f65b62]
~> TaskHandler[id: 33; name: NFCORE_RNASEQ:RNASEQ:ALIGN_STAR:STAR_ALIGN_IGENOMES (TREATMENT_mIFNa11_100000_REP3); status: RUNNING; exit: -; error: -; workDir: /workspace/work/6b/dc086d9cc9e6469e96ce199602caa2]
~> TaskHandler[id: 34; name: NFCORE_RNASEQ:RNASEQ:ALIGN_STAR:STAR_ALIGN_IGENOMES (TREATMENT_mIFNa11_10000_REP1); status: RUNNING; exit: -; error: -; workDir: /workspace/work/45/186ec6cf0e6fe763080eae49283f30]
Oct-23 13:43:00.444 [Task submitter] DEBUG n.processor.TaskPollingMonitor - %% executor k8s > tasks in the submission queue: 2 -- tasks to be submitted are shown below
~> TaskHandler[id: 35; name: NFCORE_RNASEQ:RNASEQ:ALIGN_STAR:BAM_SORT_STATS_SAMTOOLS:SAMTOOLS_SORT (TREATMENT_mIFNa11_100000_REP2); status: NEW; exit: -; error: -; workDir: /workspace/work/17/ee54b3aef58dd02843ab4dc8a8d01c]
~> TaskHandler[id: 36; name: NFCORE_RNASEQ:RNASEQ:QUANTIFY_STAR_SALMON:SALMON_QUANT (TREATMENT_mIFNa11_100000_REP2); status: NEW; exit: -; error: -; workDir: /workspace/work/6c/20f28f745140bd9f3e301d9fc7d010]
Oct-23 13:46:08.220 [Task monitor] DEBUG n.processor.TaskPollingMonitor - Task completed > TaskHandler[id: 27; name: NFCORE_RNASEQ:RNASEQ:ALIGN_STAR:STAR_ALIGN_IGENOMES (TREATMENT_mIFNa11_10000_REP3); status: COMPLETED; exit: 0; error: -; workDir: /workspace/work/df/f030a1f094ef4bd8163fabcafb4f8f]
Oct-23 13:46:08.261 [Task submitter] DEBUG nextflow.k8s.model.PodSpecBuilder - K8s LABEL VALUE exceeds allowed size: 63 -- offending str=NFCORE_RNASEQ:RNASEQ:ALIGN_STAR:BAM_SORT_STATS_SAMTOOLS:SAMTOOLS_SORT (TREATMENT_mIFNa11_100000_REP2)
Oct-23 13:46:08.261 [Task submitter] DEBUG nextflow.k8s.model.PodSpecBuilder - K8s LABEL VALUE exceeds allowed size: 63 -- offending str=NFCORE_RNASEQ:RNASEQ:ALIGN_STAR:BAM_SORT_STATS_SAMTOOLS:SAMTOOLS_SORT
Oct-23 13:46:08.284 [TaskFinalizer-10] DEBUG nextflow.processor.TaskProcessor - Process NFCORE_RNASEQ:RNASEQ:ALIGN_STAR:STAR_ALIGN_IGENOMES > Skipping output binding because one or more optional files are missing: fileoutparam<5:1>
Oct-23 13:46:08.285 [TaskFinalizer-10] DEBUG nextflow.processor.TaskProcessor - Process NFCORE_RNASEQ:RNASEQ:ALIGN_STAR:STAR_ALIGN_IGENOMES > Skipping output binding because one or more optional files are missing: fileoutparam<7:1>
Oct-23 13:46:08.285 [TaskFinalizer-10] DEBUG nextflow.processor.TaskProcessor - Process NFCORE_RNASEQ:RNASEQ:ALIGN_STAR:STAR_ALIGN_IGENOMES > Skipping output binding because one or more optional files are missing: fileoutparam<8:1>
Oct-23 13:46:08.285 [TaskFinalizer-10] DEBUG nextflow.processor.TaskProcessor - Process NFCORE_RNASEQ:RNASEQ:ALIGN_STAR:STAR_ALIGN_IGENOMES > Skipping output binding because one or more optional files are missing: fileoutparam<10:1>
Oct-23 13:46:08.285 [TaskFinalizer-10] DEBUG nextflow.processor.TaskProcessor - Process NFCORE_RNASEQ:RNASEQ:ALIGN_STAR:STAR_ALIGN_IGENOMES > Skipping output binding because one or more optional files are missing: fileoutparam<11:1>
Oct-23 13:46:08.293 [Task submitter] INFO  nextflow.Session - [17/ee54b3] Submitted process > NFCORE_RNASEQ:RNASEQ:ALIGN_STAR:BAM_SORT_STATS_SAMTOOLS:SAMTOOLS_SORT (TREATMENT_mIFNa11_100000_REP2)
Oct-23 13:47:30.600 [Task monitor] DEBUG n.processor.TaskPollingMonitor - Task completed > TaskHandler[id: 28; name: NFCORE_RNASEQ:RNASEQ:ALIGN_STAR:STAR_ALIGN_IGENOMES (TREATMENT_mIFNa11_100000_REP1); status: COMPLETED; exit: 0; error: -; workDir: /workspace/work/af/1be35904bd7f1d826e03390267be50]
Oct-23 13:47:30.698 [Task submitter] DEBUG nextflow.k8s.model.PodSpecBuilder - K8s LABEL VALUE exceeds allowed size: 63 -- offending str=NFCORE_RNASEQ:RNASEQ:QUANTIFY_STAR_SALMON:SALMON_QUANT (TREATMENT_mIFNa11_100000_REP2)
Oct-23 13:47:30.713 [TaskFinalizer-2] DEBUG nextflow.processor.TaskProcessor - Process NFCORE_RNASEQ:RNASEQ:ALIGN_STAR:STAR_ALIGN_IGENOMES > Skipping output binding because one or more optional files are missing: fileoutparam<5:1>
Oct-23 13:47:30.714 [TaskFinalizer-2] DEBUG nextflow.processor.TaskProcessor - Process NFCORE_RNASEQ:RNASEQ:ALIGN_STAR:STAR_ALIGN_IGENOMES > Skipping output binding because one or more optional files are missing: fileoutparam<7:1>
Oct-23 13:47:30.714 [TaskFinalizer-2] DEBUG nextflow.processor.TaskProcessor - Process NFCORE_RNASEQ:RNASEQ:ALIGN_STAR:STAR_ALIGN_IGENOMES > Skipping output binding because one or more optional files are missing: fileoutparam<8:1>
Oct-23 13:47:30.714 [TaskFinalizer-2] DEBUG nextflow.processor.TaskProcessor - Process NFCORE_RNASEQ:RNASEQ:ALIGN_STAR:STAR_ALIGN_IGENOMES > Skipping output binding because one or more optional files are missing: fileoutparam<10:1>
Oct-23 13:47:30.714 [TaskFinalizer-2] DEBUG nextflow.processor.TaskProcessor - Process NFCORE_RNASEQ:RNASEQ:ALIGN_STAR:STAR_ALIGN_IGENOMES > Skipping output binding because one or more optional files are missing: fileoutparam<11:1>
Oct-23 13:47:30.728 [Task submitter] INFO  nextflow.Session - [6c/20f28f] Submitted process > NFCORE_RNASEQ:RNASEQ:QUANTIFY_STAR_SALMON:SALMON_QUANT (TREATMENT_mIFNa11_100000_REP2)
Oct-23 13:47:58.157 [Task monitor] DEBUG n.processor.TaskPollingMonitor - !! executor k8s > tasks to be completed: 6 -- submitted tasks are shown below
~> TaskHandler[id: 22; name: NFCORE_RNASEQ:PREPARE_GENOME:SALMON_INDEX (genome.transcripts.fa); status: RUNNING; exit: -; error: -; workDir: /workspace/work/f7/fb08e9edf921db4bd803b99a038ba1]
~> TaskHandler[id: 31; name: NFCORE_RNASEQ:RNASEQ:ALIGN_STAR:STAR_ALIGN_IGENOMES (TREATMENT_mIFNa11_10000_REP2); status: RUNNING; exit: -; error: -; workDir: /workspace/work/5e/2731e6d95511b4106c5b4d71f65b62]
~> TaskHandler[id: 33; name: NFCORE_RNASEQ:RNASEQ:ALIGN_STAR:STAR_ALIGN_IGENOMES (TREATMENT_mIFNa11_100000_REP3); status: RUNNING; exit: -; error: -; workDir: /workspace/work/6b/dc086d9cc9e6469e96ce199602caa2]
~> TaskHandler[id: 34; name: NFCORE_RNASEQ:RNASEQ:ALIGN_STAR:STAR_ALIGN_IGENOMES (TREATMENT_mIFNa11_10000_REP1); status: RUNNING; exit: -; error: -; workDir: /workspace/work/45/186ec6cf0e6fe763080eae49283f30]
~> TaskHandler[id: 35; name: NFCORE_RNASEQ:RNASEQ:ALIGN_STAR:BAM_SORT_STATS_SAMTOOLS:SAMTOOLS_SORT (TREATMENT_mIFNa11_100000_REP2); status: RUNNING; exit: -; error: -; workDir: /workspace/work/17/ee54b3aef58dd02843ab4dc8a8d01c]
~> TaskHandler[id: 36; name: NFCORE_RNASEQ:RNASEQ:QUANTIFY_STAR_SALMON:SALMON_QUANT (TREATMENT_mIFNa11_100000_REP2); status: RUNNING; exit: -; error: -; workDir: /workspace/work/6c/20f28f745140bd9f3e301d9fc7d010]
Oct-23 13:48:00.737 [Task submitter] DEBUG n.processor.TaskPollingMonitor - %% executor k8s > tasks in the submission queue: 4 -- tasks to be submitted are shown below
~> TaskHandler[id: 37; name: NFCORE_RNASEQ:RNASEQ:ALIGN_STAR:BAM_SORT_STATS_SAMTOOLS:SAMTOOLS_SORT (TREATMENT_mIFNa11_10000_REP3); status: NEW; exit: -; error: -; workDir: /workspace/work/17/56a7168c5b22441f4d1c53c7553349]
~> TaskHandler[id: 38; name: NFCORE_RNASEQ:RNASEQ:QUANTIFY_STAR_SALMON:SALMON_QUANT (TREATMENT_mIFNa11_10000_REP3); status: NEW; exit: -; error: -; workDir: /workspace/work/ff/b63d6231a7faf841f75a04668c2022]
~> TaskHandler[id: 39; name: NFCORE_RNASEQ:RNASEQ:ALIGN_STAR:BAM_SORT_STATS_SAMTOOLS:SAMTOOLS_SORT (TREATMENT_mIFNa11_100000_REP1); status: NEW; exit: -; error: -; workDir: /workspace/work/85/7e3c2b2631a77bfcdaa46d3e949f01]
~> TaskHandler[id: 40; name: NFCORE_RNASEQ:RNASEQ:QUANTIFY_STAR_SALMON:SALMON_QUANT (TREATMENT_mIFNa11_100000_REP1); status: NEW; exit: -; error: -; workDir: /workspace/work/64/7656eb03aa172b69248a2bd0468151]
Oct-23 13:48:35.767 [Task monitor] DEBUG n.processor.TaskPollingMonitor - Task completed > TaskHandler[id: 35; name: NFCORE_RNASEQ:RNASEQ:ALIGN_STAR:BAM_SORT_STATS_SAMTOOLS:SAMTOOLS_SORT (TREATMENT_mIFNa11_100000_REP2); status: COMPLETED; exit: 0; error: -; workDir: /workspace/work/17/ee54b3aef58dd02843ab4dc8a8d01c]
Oct-23 13:48:35.777 [TaskFinalizer-3] DEBUG nextflow.processor.TaskProcessor - Process NFCORE_RNASEQ:RNASEQ:ALIGN_STAR:BAM_SORT_STATS_SAMTOOLS:SAMTOOLS_SORT > Skipping output binding because one or more optional files are missing: fileoutparam<1:1>
Oct-23 13:48:35.777 [TaskFinalizer-3] DEBUG nextflow.processor.TaskProcessor - Process NFCORE_RNASEQ:RNASEQ:ALIGN_STAR:BAM_SORT_STATS_SAMTOOLS:SAMTOOLS_SORT > Skipping output binding because one or more optional files are missing: fileoutparam<2:1>
Oct-23 13:48:35.777 [TaskFinalizer-3] DEBUG nextflow.processor.TaskProcessor - Process NFCORE_RNASEQ:RNASEQ:ALIGN_STAR:BAM_SORT_STATS_SAMTOOLS:SAMTOOLS_SORT > Skipping output binding because one or more optional files are missing: fileoutparam<3:1>
Oct-23 13:48:35.779 [Task submitter] DEBUG nextflow.k8s.model.PodSpecBuilder - K8s LABEL VALUE exceeds allowed size: 63 -- offending str=NFCORE_RNASEQ:RNASEQ:ALIGN_STAR:BAM_SORT_STATS_SAMTOOLS:SAMTOOLS_SORT (TREATMENT_mIFNa11_10000_REP3)
Oct-23 13:48:35.779 [Task submitter] DEBUG nextflow.k8s.model.PodSpecBuilder - K8s LABEL VALUE exceeds allowed size: 63 -- offending str=NFCORE_RNASEQ:RNASEQ:ALIGN_STAR:BAM_SORT_STATS_SAMTOOLS:SAMTOOLS_SORT
Oct-23 13:48:35.798 [Task submitter] INFO  nextflow.Session - [17/56a716] Submitted process > NFCORE_RNASEQ:RNASEQ:ALIGN_STAR:BAM_SORT_STATS_SAMTOOLS:SAMTOOLS_SORT (TREATMENT_mIFNa11_10000_REP3)
Oct-23 13:51:03.337 [Task monitor] DEBUG n.processor.TaskPollingMonitor - Task completed > TaskHandler[id: 33; name: NFCORE_RNASEQ:RNASEQ:ALIGN_STAR:STAR_ALIGN_IGENOMES (TREATMENT_mIFNa11_100000_REP3); status: COMPLETED; exit: 0; error: -; workDir: /workspace/work/6b/dc086d9cc9e6469e96ce199602caa2]
Oct-23 13:51:03.379 [Task submitter] DEBUG nextflow.k8s.model.PodSpecBuilder - K8s LABEL VALUE exceeds allowed size: 63 -- offending str=NFCORE_RNASEQ:RNASEQ:QUANTIFY_STAR_SALMON:SALMON_QUANT (TREATMENT_mIFNa11_10000_REP3)
Oct-23 13:51:03.408 [Task submitter] INFO  nextflow.Session - [ff/b63d62] Submitted process > NFCORE_RNASEQ:RNASEQ:QUANTIFY_STAR_SALMON:SALMON_QUANT (TREATMENT_mIFNa11_10000_REP3)
Oct-23 13:51:04.597 [TaskFinalizer-4] DEBUG nextflow.processor.TaskProcessor - Process NFCORE_RNASEQ:RNASEQ:ALIGN_STAR:STAR_ALIGN_IGENOMES > Skipping output binding because one or more optional files are missing: fileoutparam<5:1>
Oct-23 13:51:04.598 [TaskFinalizer-4] DEBUG nextflow.processor.TaskProcessor - Process NFCORE_RNASEQ:RNASEQ:ALIGN_STAR:STAR_ALIGN_IGENOMES > Skipping output binding because one or more optional files are missing: fileoutparam<7:1>
Oct-23 13:51:04.598 [TaskFinalizer-4] DEBUG nextflow.processor.TaskProcessor - Process NFCORE_RNASEQ:RNASEQ:ALIGN_STAR:STAR_ALIGN_IGENOMES > Skipping output binding because one or more optional files are missing: fileoutparam<8:1>
Oct-23 13:51:04.598 [TaskFinalizer-4] DEBUG nextflow.processor.TaskProcessor - Process NFCORE_RNASEQ:RNASEQ:ALIGN_STAR:STAR_ALIGN_IGENOMES > Skipping output binding because one or more optional files are missing: fileoutparam<10:1>
Oct-23 13:51:04.598 [TaskFinalizer-4] DEBUG nextflow.processor.TaskProcessor - Process NFCORE_RNASEQ:RNASEQ:ALIGN_STAR:STAR_ALIGN_IGENOMES > Skipping output binding because one or more optional files are missing: fileoutparam<11:1>
Oct-23 13:51:33.249 [Task monitor] DEBUG n.processor.TaskPollingMonitor - Task completed > TaskHandler[id: 36; name: NFCORE_RNASEQ:RNASEQ:QUANTIFY_STAR_SALMON:SALMON_QUANT (TREATMENT_mIFNa11_100000_REP2); status: COMPLETED; exit: 0; error: -; workDir: /workspace/work/6c/20f28f745140bd9f3e301d9fc7d010]
Oct-23 13:51:33.258 [Task submitter] DEBUG nextflow.k8s.model.PodSpecBuilder - K8s LABEL VALUE exceeds allowed size: 63 -- offending str=NFCORE_RNASEQ:RNASEQ:ALIGN_STAR:BAM_SORT_STATS_SAMTOOLS:SAMTOOLS_SORT (TREATMENT_mIFNa11_100000_REP1)
Oct-23 13:51:33.259 [Task submitter] DEBUG nextflow.k8s.model.PodSpecBuilder - K8s LABEL VALUE exceeds allowed size: 63 -- offending str=NFCORE_RNASEQ:RNASEQ:ALIGN_STAR:BAM_SORT_STATS_SAMTOOLS:SAMTOOLS_SORT
Oct-23 13:51:33.259 [TaskFinalizer-5] DEBUG nextflow.processor.TaskProcessor - Process NFCORE_RNASEQ:RNASEQ:QUANTIFY_STAR_SALMON:SALMON_QUANT > Skipping output binding because one or more optional files are missing: fileoutparam<2:1>
Oct-23 13:51:33.296 [Task submitter] INFO  nextflow.Session - [85/7e3c2b] Submitted process > NFCORE_RNASEQ:RNASEQ:ALIGN_STAR:BAM_SORT_STATS_SAMTOOLS:SAMTOOLS_SORT (TREATMENT_mIFNa11_100000_REP1)
Oct-23 13:51:58.555 [Task monitor] DEBUG n.processor.TaskPollingMonitor - Task completed > TaskHandler[id: 37; name: NFCORE_RNASEQ:RNASEQ:ALIGN_STAR:BAM_SORT_STATS_SAMTOOLS:SAMTOOLS_SORT (TREATMENT_mIFNa11_10000_REP3); status: COMPLETED; exit: 0; error: -; workDir: /workspace/work/17/56a7168c5b22441f4d1c53c7553349]
Oct-23 13:51:58.564 [Task submitter] DEBUG nextflow.k8s.model.PodSpecBuilder - K8s LABEL VALUE exceeds allowed size: 63 -- offending str=NFCORE_RNASEQ:RNASEQ:QUANTIFY_STAR_SALMON:SALMON_QUANT (TREATMENT_mIFNa11_100000_REP1)
Oct-23 13:51:58.588 [Task submitter] INFO  nextflow.Session - [64/7656eb] Submitted process > NFCORE_RNASEQ:RNASEQ:QUANTIFY_STAR_SALMON:SALMON_QUANT (TREATMENT_mIFNa11_100000_REP1)
Oct-23 13:51:58.927 [TaskFinalizer-7] DEBUG nextflow.processor.TaskProcessor - Process NFCORE_RNASEQ:RNASEQ:ALIGN_STAR:BAM_SORT_STATS_SAMTOOLS:SAMTOOLS_SORT > Skipping output binding because one or more optional files are missing: fileoutparam<1:1>
Oct-23 13:51:58.927 [TaskFinalizer-7] DEBUG nextflow.processor.TaskProcessor - Process NFCORE_RNASEQ:RNASEQ:ALIGN_STAR:BAM_SORT_STATS_SAMTOOLS:SAMTOOLS_SORT > Skipping output binding because one or more optional files are missing: fileoutparam<2:1>
Oct-23 13:51:58.927 [TaskFinalizer-7] DEBUG nextflow.processor.TaskProcessor - Process NFCORE_RNASEQ:RNASEQ:ALIGN_STAR:BAM_SORT_STATS_SAMTOOLS:SAMTOOLS_SORT > Skipping output binding because one or more optional files are missing: fileoutparam<3:1>
Oct-23 13:52:23.552 [Task monitor] DEBUG n.processor.TaskPollingMonitor - Task completed > TaskHandler[id: 31; name: NFCORE_RNASEQ:RNASEQ:ALIGN_STAR:STAR_ALIGN_IGENOMES (TREATMENT_mIFNa11_10000_REP2); status: COMPLETED; exit: 0; error: -; workDir: /workspace/work/5e/2731e6d95511b4106c5b4d71f65b62]
Oct-23 13:52:23.561 [Task submitter] DEBUG nextflow.k8s.model.PodSpecBuilder - K8s LABEL VALUE exceeds allowed size: 63 -- offending str=NFCORE_RNASEQ:RNASEQ:ALIGN_STAR:BAM_SORT_STATS_SAMTOOLS:SAMTOOLS_INDEX (TREATMENT_mIFNa11_100000_REP2)
Oct-23 13:52:23.562 [Task submitter] DEBUG nextflow.k8s.model.PodSpecBuilder - K8s LABEL VALUE exceeds allowed size: 63 -- offending str=NFCORE_RNASEQ:RNASEQ:ALIGN_STAR:BAM_SORT_STATS_SAMTOOLS:SAMTOOLS_INDEX
Oct-23 13:52:23.588 [Task submitter] INFO  nextflow.Session - [69/0e0613] Submitted process > NFCORE_RNASEQ:RNASEQ:ALIGN_STAR:BAM_SORT_STATS_SAMTOOLS:SAMTOOLS_INDEX (TREATMENT_mIFNa11_100000_REP2)
Oct-23 13:52:23.675 [TaskFinalizer-6] DEBUG nextflow.processor.TaskProcessor - Process NFCORE_RNASEQ:RNASEQ:ALIGN_STAR:STAR_ALIGN_IGENOMES > Skipping output binding because one or more optional files are missing: fileoutparam<5:1>
Oct-23 13:52:23.675 [TaskFinalizer-6] DEBUG nextflow.processor.TaskProcessor - Process NFCORE_RNASEQ:RNASEQ:ALIGN_STAR:STAR_ALIGN_IGENOMES > Skipping output binding because one or more optional files are missing: fileoutparam<7:1>
Oct-23 13:52:23.675 [TaskFinalizer-6] DEBUG nextflow.processor.TaskProcessor - Process NFCORE_RNASEQ:RNASEQ:ALIGN_STAR:STAR_ALIGN_IGENOMES > Skipping output binding because one or more optional files are missing: fileoutparam<8:1>
Oct-23 13:52:23.675 [TaskFinalizer-6] DEBUG nextflow.processor.TaskProcessor - Process NFCORE_RNASEQ:RNASEQ:ALIGN_STAR:STAR_ALIGN_IGENOMES > Skipping output binding because one or more optional files are missing: fileoutparam<10:1>
Oct-23 13:52:23.676 [TaskFinalizer-6] DEBUG nextflow.processor.TaskProcessor - Process NFCORE_RNASEQ:RNASEQ:ALIGN_STAR:STAR_ALIGN_IGENOMES > Skipping output binding because one or more optional files are missing: fileoutparam<11:1>
Oct-23 13:52:53.365 [Task monitor] DEBUG n.processor.TaskPollingMonitor - Task completed > TaskHandler[id: 41; name: NFCORE_RNASEQ:RNASEQ:ALIGN_STAR:BAM_SORT_STATS_SAMTOOLS:SAMTOOLS_INDEX (TREATMENT_mIFNa11_100000_REP2); status: COMPLETED; exit: 0; error: -; workDir: /workspace/work/69/0e0613a5f3accb4bc3506922045640]
Oct-23 13:52:53.374 [TaskFinalizer-8] DEBUG nextflow.processor.TaskProcessor - Process NFCORE_RNASEQ:RNASEQ:ALIGN_STAR:BAM_SORT_STATS_SAMTOOLS:SAMTOOLS_INDEX > Skipping output binding because one or more optional files are missing: fileoutparam<1:1>
Oct-23 13:52:53.374 [Task submitter] DEBUG nextflow.k8s.model.PodSpecBuilder - K8s LABEL VALUE exceeds allowed size: 63 -- offending str=NFCORE_RNASEQ:RNASEQ:ALIGN_STAR:BAM_SORT_STATS_SAMTOOLS:SAMTOOLS_SORT (TREATMENT_mIFNa11_100000_REP3)
Oct-23 13:52:53.374 [TaskFinalizer-8] DEBUG nextflow.processor.TaskProcessor - Process NFCORE_RNASEQ:RNASEQ:ALIGN_STAR:BAM_SORT_STATS_SAMTOOLS:SAMTOOLS_INDEX > Skipping output binding because one or more optional files are missing: fileoutparam<2:1>
Oct-23 13:52:53.374 [Task submitter] DEBUG nextflow.k8s.model.PodSpecBuilder - K8s LABEL VALUE exceeds allowed size: 63 -- offending str=NFCORE_RNASEQ:RNASEQ:ALIGN_STAR:BAM_SORT_STATS_SAMTOOLS:SAMTOOLS_SORT
Oct-23 13:52:53.402 [Task submitter] INFO  nextflow.Session - [6a/8fa846] Submitted process > NFCORE_RNASEQ:RNASEQ:ALIGN_STAR:BAM_SORT_STATS_SAMTOOLS:SAMTOOLS_SORT (TREATMENT_mIFNa11_100000_REP3)
Oct-23 13:52:58.172 [Task monitor] DEBUG n.processor.TaskPollingMonitor - !! executor k8s > tasks to be completed: 6 -- submitted tasks are shown below
~> TaskHandler[id: 22; name: NFCORE_RNASEQ:PREPARE_GENOME:SALMON_INDEX (genome.transcripts.fa); status: RUNNING; exit: -; error: -; workDir: /workspace/work/f7/fb08e9edf921db4bd803b99a038ba1]
~> TaskHandler[id: 34; name: NFCORE_RNASEQ:RNASEQ:ALIGN_STAR:STAR_ALIGN_IGENOMES (TREATMENT_mIFNa11_10000_REP1); status: RUNNING; exit: -; error: -; workDir: /workspace/work/45/186ec6cf0e6fe763080eae49283f30]
~> TaskHandler[id: 38; name: NFCORE_RNASEQ:RNASEQ:QUANTIFY_STAR_SALMON:SALMON_QUANT (TREATMENT_mIFNa11_10000_REP3); status: RUNNING; exit: -; error: -; workDir: /workspace/work/ff/b63d6231a7faf841f75a04668c2022]
~> TaskHandler[id: 39; name: NFCORE_RNASEQ:RNASEQ:ALIGN_STAR:BAM_SORT_STATS_SAMTOOLS:SAMTOOLS_SORT (TREATMENT_mIFNa11_100000_REP1); status: RUNNING; exit: -; error: -; workDir: /workspace/work/85/7e3c2b2631a77bfcdaa46d3e949f01]
~> TaskHandler[id: 40; name: NFCORE_RNASEQ:RNASEQ:QUANTIFY_STAR_SALMON:SALMON_QUANT (TREATMENT_mIFNa11_100000_REP1); status: RUNNING; exit: -; error: -; workDir: /workspace/work/64/7656eb03aa172b69248a2bd0468151]
~> TaskHandler[id: 42; name: NFCORE_RNASEQ:RNASEQ:ALIGN_STAR:BAM_SORT_STATS_SAMTOOLS:SAMTOOLS_SORT (TREATMENT_mIFNa11_100000_REP3); status: SUBMITTED; exit: -; error: -; workDir: /workspace/work/6a/8fa846d339becc875796f2ace17d6b]
Oct-23 13:53:01.406 [Task submitter] DEBUG n.processor.TaskPollingMonitor - %% executor k8s > tasks in the submission queue: 5 -- tasks to be submitted are shown below
~> TaskHandler[id: 43; name: NFCORE_RNASEQ:RNASEQ:QUANTIFY_STAR_SALMON:SALMON_QUANT (TREATMENT_mIFNa11_100000_REP3); status: NEW; exit: -; error: -; workDir: /workspace/work/76/3f435ba5f1447311627b4f90cf570b]
~> TaskHandler[id: 44; name: NFCORE_RNASEQ:RNASEQ:ALIGN_STAR:BAM_SORT_STATS_SAMTOOLS:SAMTOOLS_INDEX (TREATMENT_mIFNa11_10000_REP3); status: NEW; exit: -; error: -; workDir: /workspace/work/6a/c6096659383ee948d10d180f9a88fe]
~> TaskHandler[id: 45; name: NFCORE_RNASEQ:RNASEQ:ALIGN_STAR:BAM_SORT_STATS_SAMTOOLS:SAMTOOLS_SORT (TREATMENT_mIFNa11_10000_REP2); status: NEW; exit: -; error: -; workDir: /workspace/work/fd/e164d6de4c3c9c7f77449d19c07702]
~> TaskHandler[id: 46; name: NFCORE_RNASEQ:RNASEQ:QUANTIFY_STAR_SALMON:SALMON_QUANT (TREATMENT_mIFNa11_10000_REP2); status: NEW; exit: -; error: -; workDir: /workspace/work/79/ed31e0c3b7b70af3308723244a02ae]
~> TaskHandler[id: 47; name: NFCORE_RNASEQ:RNASEQ:BAM_MARKDUPLICATES_PICARD:PICARD_MARKDUPLICATES (TREATMENT_mIFNa11_100000_REP2); status: NEW; exit: -; error: -; workDir: /workspace/work/07/3459503743410a5412b3a2f907da79]
Oct-23 13:55:08.393 [Task monitor] DEBUG n.processor.TaskPollingMonitor - Task completed > TaskHandler[id: 39; name: NFCORE_RNASEQ:RNASEQ:ALIGN_STAR:BAM_SORT_STATS_SAMTOOLS:SAMTOOLS_SORT (TREATMENT_mIFNa11_100000_REP1); status: COMPLETED; exit: 0; error: -; workDir: /workspace/work/85/7e3c2b2631a77bfcdaa46d3e949f01]
Oct-23 13:55:08.414 [Task submitter] DEBUG nextflow.k8s.model.PodSpecBuilder - K8s LABEL VALUE exceeds allowed size: 63 -- offending str=NFCORE_RNASEQ:RNASEQ:QUANTIFY_STAR_SALMON:SALMON_QUANT (TREATMENT_mIFNa11_100000_REP3)
Oct-23 13:55:08.444 [Task submitter] INFO  nextflow.Session - [76/3f435b] Submitted process > NFCORE_RNASEQ:RNASEQ:QUANTIFY_STAR_SALMON:SALMON_QUANT (TREATMENT_mIFNa11_100000_REP3)
Oct-23 13:55:08.782 [TaskFinalizer-9] DEBUG nextflow.processor.TaskProcessor - Process NFCORE_RNASEQ:RNASEQ:ALIGN_STAR:BAM_SORT_STATS_SAMTOOLS:SAMTOOLS_SORT > Skipping output binding because one or more optional files are missing: fileoutparam<1:1>
Oct-23 13:55:08.782 [TaskFinalizer-9] DEBUG nextflow.processor.TaskProcessor - Process NFCORE_RNASEQ:RNASEQ:ALIGN_STAR:BAM_SORT_STATS_SAMTOOLS:SAMTOOLS_SORT > Skipping output binding because one or more optional files are missing: fileoutparam<2:1>
Oct-23 13:55:08.782 [TaskFinalizer-9] DEBUG nextflow.processor.TaskProcessor - Process NFCORE_RNASEQ:RNASEQ:ALIGN_STAR:BAM_SORT_STATS_SAMTOOLS:SAMTOOLS_SORT > Skipping output binding because one or more optional files are missing: fileoutparam<3:1>
Oct-23 13:55:13.306 [Task monitor] DEBUG n.processor.TaskPollingMonitor - Task completed > TaskHandler[id: 38; name: NFCORE_RNASEQ:RNASEQ:QUANTIFY_STAR_SALMON:SALMON_QUANT (TREATMENT_mIFNa11_10000_REP3); status: COMPLETED; exit: 0; error: -; workDir: /workspace/work/ff/b63d6231a7faf841f75a04668c2022]
Oct-23 13:55:13.323 [Task submitter] DEBUG nextflow.k8s.model.PodSpecBuilder - K8s LABEL VALUE exceeds allowed size: 63 -- offending str=NFCORE_RNASEQ:RNASEQ:ALIGN_STAR:BAM_SORT_STATS_SAMTOOLS:SAMTOOLS_INDEX (TREATMENT_mIFNa11_10000_REP3)
Oct-23 13:55:13.323 [Task submitter] DEBUG nextflow.k8s.model.PodSpecBuilder - K8s LABEL VALUE exceeds allowed size: 63 -- offending str=NFCORE_RNASEQ:RNASEQ:ALIGN_STAR:BAM_SORT_STATS_SAMTOOLS:SAMTOOLS_INDEX
Oct-23 13:55:13.350 [Task submitter] INFO  nextflow.Session - [6a/c60966] Submitted process > NFCORE_RNASEQ:RNASEQ:ALIGN_STAR:BAM_SORT_STATS_SAMTOOLS:SAMTOOLS_INDEX (TREATMENT_mIFNa11_10000_REP3)
Oct-23 13:55:13.453 [TaskFinalizer-10] DEBUG nextflow.processor.TaskProcessor - Process NFCORE_RNASEQ:RNASEQ:QUANTIFY_STAR_SALMON:SALMON_QUANT > Skipping output binding because one or more optional files are missing: fileoutparam<2:1>
Oct-23 13:55:48.309 [Task monitor] DEBUG n.processor.TaskPollingMonitor - Task completed > TaskHandler[id: 44; name: NFCORE_RNASEQ:RNASEQ:ALIGN_STAR:BAM_SORT_STATS_SAMTOOLS:SAMTOOLS_INDEX (TREATMENT_mIFNa11_10000_REP3); status: COMPLETED; exit: 0; error: -; workDir: /workspace/work/6a/c6096659383ee948d10d180f9a88fe]
Oct-23 13:55:48.318 [TaskFinalizer-2] DEBUG nextflow.processor.TaskProcessor - Process NFCORE_RNASEQ:RNASEQ:ALIGN_STAR:BAM_SORT_STATS_SAMTOOLS:SAMTOOLS_INDEX > Skipping output binding because one or more optional files are missing: fileoutparam<1:1>
Oct-23 13:55:48.319 [TaskFinalizer-2] DEBUG nextflow.processor.TaskProcessor - Process NFCORE_RNASEQ:RNASEQ:ALIGN_STAR:BAM_SORT_STATS_SAMTOOLS:SAMTOOLS_INDEX > Skipping output binding because one or more optional files are missing: fileoutparam<2:1>
Oct-23 13:55:48.319 [Task submitter] DEBUG nextflow.k8s.model.PodSpecBuilder - K8s LABEL VALUE exceeds allowed size: 63 -- offending str=NFCORE_RNASEQ:RNASEQ:ALIGN_STAR:BAM_SORT_STATS_SAMTOOLS:SAMTOOLS_SORT (TREATMENT_mIFNa11_10000_REP2)
Oct-23 13:55:48.319 [Task submitter] DEBUG nextflow.k8s.model.PodSpecBuilder - K8s LABEL VALUE exceeds allowed size: 63 -- offending str=NFCORE_RNASEQ:RNASEQ:ALIGN_STAR:BAM_SORT_STATS_SAMTOOLS:SAMTOOLS_SORT
Oct-23 13:55:48.356 [Task submitter] INFO  nextflow.Session - [fd/e164d6] Submitted process > NFCORE_RNASEQ:RNASEQ:ALIGN_STAR:BAM_SORT_STATS_SAMTOOLS:SAMTOOLS_SORT (TREATMENT_mIFNa11_10000_REP2)
Oct-23 13:56:08.265 [Task monitor] DEBUG n.processor.TaskPollingMonitor - Task completed > TaskHandler[id: 42; name: NFCORE_RNASEQ:RNASEQ:ALIGN_STAR:BAM_SORT_STATS_SAMTOOLS:SAMTOOLS_SORT (TREATMENT_mIFNa11_100000_REP3); status: COMPLETED; exit: 0; error: -; workDir: /workspace/work/6a/8fa846d339becc875796f2ace17d6b]
Oct-23 13:56:08.274 [Task submitter] DEBUG nextflow.k8s.model.PodSpecBuilder - K8s LABEL VALUE exceeds allowed size: 63 -- offending str=NFCORE_RNASEQ:RNASEQ:QUANTIFY_STAR_SALMON:SALMON_QUANT (TREATMENT_mIFNa11_10000_REP2)
Oct-23 13:56:08.277 [TaskFinalizer-3] DEBUG nextflow.processor.TaskProcessor - Process NFCORE_RNASEQ:RNASEQ:ALIGN_STAR:BAM_SORT_STATS_SAMTOOLS:SAMTOOLS_SORT > Skipping output binding because one or more optional files are missing: fileoutparam<1:1>
Oct-23 13:56:08.278 [TaskFinalizer-3] DEBUG nextflow.processor.TaskProcessor - Process NFCORE_RNASEQ:RNASEQ:ALIGN_STAR:BAM_SORT_STATS_SAMTOOLS:SAMTOOLS_SORT > Skipping output binding because one or more optional files are missing: fileoutparam<2:1>
Oct-23 13:56:08.278 [TaskFinalizer-3] DEBUG nextflow.processor.TaskProcessor - Process NFCORE_RNASEQ:RNASEQ:ALIGN_STAR:BAM_SORT_STATS_SAMTOOLS:SAMTOOLS_SORT > Skipping output binding because one or more optional files are missing: fileoutparam<3:1>
Oct-23 13:56:08.298 [Task submitter] INFO  nextflow.Session - [79/ed31e0] Submitted process > NFCORE_RNASEQ:RNASEQ:QUANTIFY_STAR_SALMON:SALMON_QUANT (TREATMENT_mIFNa11_10000_REP2)
Oct-23 13:56:13.327 [Task monitor] DEBUG n.processor.TaskPollingMonitor - Task completed > TaskHandler[id: 40; name: NFCORE_RNASEQ:RNASEQ:QUANTIFY_STAR_SALMON:SALMON_QUANT (TREATMENT_mIFNa11_100000_REP1); status: COMPLETED; exit: 0; error: -; workDir: /workspace/work/64/7656eb03aa172b69248a2bd0468151]
Oct-23 13:56:13.368 [Task submitter] DEBUG nextflow.k8s.model.PodSpecBuilder - K8s LABEL VALUE exceeds allowed size: 63 -- offending str=NFCORE_RNASEQ:RNASEQ:BAM_MARKDUPLICATES_PICARD:PICARD_MARKDUPLICATES (TREATMENT_mIFNa11_100000_REP2)
Oct-23 13:56:13.369 [Task submitter] DEBUG nextflow.k8s.model.PodSpecBuilder - K8s LABEL VALUE exceeds allowed size: 63 -- offending str=NFCORE_RNASEQ:RNASEQ:BAM_MARKDUPLICATES_PICARD:PICARD_MARKDUPLICATES
Oct-23 13:56:13.401 [Task submitter] INFO  nextflow.Session - [07/345950] Submitted process > NFCORE_RNASEQ:RNASEQ:BAM_MARKDUPLICATES_PICARD:PICARD_MARKDUPLICATES (TREATMENT_mIFNa11_100000_REP2)
Oct-23 13:56:13.454 [TaskFinalizer-4] DEBUG nextflow.processor.TaskProcessor - Process NFCORE_RNASEQ:RNASEQ:QUANTIFY_STAR_SALMON:SALMON_QUANT > Skipping output binding because one or more optional files are missing: fileoutparam<2:1>
Oct-23 13:57:58.180 [Task monitor] DEBUG n.processor.TaskPollingMonitor - !! executor k8s > tasks to be completed: 6 -- submitted tasks are shown below
~> TaskHandler[id: 22; name: NFCORE_RNASEQ:PREPARE_GENOME:SALMON_INDEX (genome.transcripts.fa); status: RUNNING; exit: -; error: -; workDir: /workspace/work/f7/fb08e9edf921db4bd803b99a038ba1]
~> TaskHandler[id: 34; name: NFCORE_RNASEQ:RNASEQ:ALIGN_STAR:STAR_ALIGN_IGENOMES (TREATMENT_mIFNa11_10000_REP1); status: RUNNING; exit: -; error: -; workDir: /workspace/work/45/186ec6cf0e6fe763080eae49283f30]
~> TaskHandler[id: 43; name: NFCORE_RNASEQ:RNASEQ:QUANTIFY_STAR_SALMON:SALMON_QUANT (TREATMENT_mIFNa11_100000_REP3); status: RUNNING; exit: -; error: -; workDir: /workspace/work/76/3f435ba5f1447311627b4f90cf570b]
~> TaskHandler[id: 45; name: NFCORE_RNASEQ:RNASEQ:ALIGN_STAR:BAM_SORT_STATS_SAMTOOLS:SAMTOOLS_SORT (TREATMENT_mIFNa11_10000_REP2); status: RUNNING; exit: -; error: -; workDir: /workspace/work/fd/e164d6de4c3c9c7f77449d19c07702]
~> TaskHandler[id: 46; name: NFCORE_RNASEQ:RNASEQ:QUANTIFY_STAR_SALMON:SALMON_QUANT (TREATMENT_mIFNa11_10000_REP2); status: RUNNING; exit: -; error: -; workDir: /workspace/work/79/ed31e0c3b7b70af3308723244a02ae]
~> TaskHandler[id: 47; name: NFCORE_RNASEQ:RNASEQ:BAM_MARKDUPLICATES_PICARD:PICARD_MARKDUPLICATES (TREATMENT_mIFNa11_100000_REP2); status: RUNNING; exit: -; error: -; workDir: /workspace/work/07/3459503743410a5412b3a2f907da79]
Oct-23 13:58:01.424 [Task submitter] DEBUG n.processor.TaskPollingMonitor - %% executor k8s > tasks in the submission queue: 3 -- tasks to be submitted are shown below
~> TaskHandler[id: 48; name: NFCORE_RNASEQ:RNASEQ:ALIGN_STAR:BAM_SORT_STATS_SAMTOOLS:SAMTOOLS_INDEX (TREATMENT_mIFNa11_100000_REP1); status: NEW; exit: -; error: -; workDir: /workspace/work/96/9df7bf25e2fcf3724d91692e5d1aa6]
~> TaskHandler[id: 49; name: NFCORE_RNASEQ:RNASEQ:BAM_MARKDUPLICATES_PICARD:PICARD_MARKDUPLICATES (TREATMENT_mIFNa11_10000_REP3); status: NEW; exit: -; error: -; workDir: /workspace/work/f1/281372865996697e7a4f928b9f5d9d]
~> TaskHandler[id: 50; name: NFCORE_RNASEQ:RNASEQ:ALIGN_STAR:BAM_SORT_STATS_SAMTOOLS:SAMTOOLS_INDEX (TREATMENT_mIFNa11_100000_REP3); status: NEW; exit: -; error: -; workDir: /workspace/work/64/67e6992a2706a06bbe869a825a67ee]
Oct-23 14:00:03.690 [Task monitor] DEBUG n.processor.TaskPollingMonitor - Task completed > TaskHandler[id: 43; name: NFCORE_RNASEQ:RNASEQ:QUANTIFY_STAR_SALMON:SALMON_QUANT (TREATMENT_mIFNa11_100000_REP3); status: COMPLETED; exit: 0; error: -; workDir: /workspace/work/76/3f435ba5f1447311627b4f90cf570b]
Oct-23 14:00:06.856 [Task submitter] DEBUG nextflow.k8s.model.PodSpecBuilder - K8s LABEL VALUE exceeds allowed size: 63 -- offending str=NFCORE_RNASEQ:RNASEQ:ALIGN_STAR:BAM_SORT_STATS_SAMTOOLS:SAMTOOLS_INDEX (TREATMENT_mIFNa11_100000_REP1)
Oct-23 14:00:06.856 [Task submitter] DEBUG nextflow.k8s.model.PodSpecBuilder - K8s LABEL VALUE exceeds allowed size: 63 -- offending str=NFCORE_RNASEQ:RNASEQ:ALIGN_STAR:BAM_SORT_STATS_SAMTOOLS:SAMTOOLS_INDEX
Oct-23 14:00:06.856 [TaskFinalizer-5] DEBUG nextflow.processor.TaskProcessor - Process NFCORE_RNASEQ:RNASEQ:QUANTIFY_STAR_SALMON:SALMON_QUANT > Skipping output binding because one or more optional files are missing: fileoutparam<2:1>
Oct-23 14:00:06.933 [Task submitter] INFO  nextflow.Session - [96/9df7bf] Submitted process > NFCORE_RNASEQ:RNASEQ:ALIGN_STAR:BAM_SORT_STATS_SAMTOOLS:SAMTOOLS_INDEX (TREATMENT_mIFNa11_100000_REP1)
Oct-23 14:00:43.343 [Task monitor] DEBUG n.processor.TaskPollingMonitor - Task completed > TaskHandler[id: 46; name: NFCORE_RNASEQ:RNASEQ:QUANTIFY_STAR_SALMON:SALMON_QUANT (TREATMENT_mIFNa11_10000_REP2); status: COMPLETED; exit: 0; error: -; workDir: /workspace/work/79/ed31e0c3b7b70af3308723244a02ae]
Oct-23 14:00:43.352 [Task submitter] DEBUG nextflow.k8s.model.PodSpecBuilder - K8s LABEL VALUE exceeds allowed size: 63 -- offending str=NFCORE_RNASEQ:RNASEQ:BAM_MARKDUPLICATES_PICARD:PICARD_MARKDUPLICATES (TREATMENT_mIFNa11_10000_REP3)
Oct-23 14:00:43.352 [Task submitter] DEBUG nextflow.k8s.model.PodSpecBuilder - K8s LABEL VALUE exceeds allowed size: 63 -- offending str=NFCORE_RNASEQ:RNASEQ:BAM_MARKDUPLICATES_PICARD:PICARD_MARKDUPLICATES
Oct-23 14:00:43.387 [Task submitter] INFO  nextflow.Session - [f1/281372] Submitted process > NFCORE_RNASEQ:RNASEQ:BAM_MARKDUPLICATES_PICARD:PICARD_MARKDUPLICATES (TREATMENT_mIFNa11_10000_REP3)
Oct-23 14:00:43.439 [Task monitor] DEBUG n.processor.TaskPollingMonitor - Task completed > TaskHandler[id: 48; name: NFCORE_RNASEQ:RNASEQ:ALIGN_STAR:BAM_SORT_STATS_SAMTOOLS:SAMTOOLS_INDEX (TREATMENT_mIFNa11_100000_REP1); status: COMPLETED; exit: 0; error: -; workDir: /workspace/work/96/9df7bf25e2fcf3724d91692e5d1aa6]
Oct-23 14:00:43.446 [TaskFinalizer-6] DEBUG nextflow.processor.TaskProcessor - Process NFCORE_RNASEQ:RNASEQ:ALIGN_STAR:BAM_SORT_STATS_SAMTOOLS:SAMTOOLS_INDEX > Skipping output binding because one or more optional files are missing: fileoutparam<1:1>
Oct-23 14:00:43.446 [TaskFinalizer-6] DEBUG nextflow.processor.TaskProcessor - Process NFCORE_RNASEQ:RNASEQ:ALIGN_STAR:BAM_SORT_STATS_SAMTOOLS:SAMTOOLS_INDEX > Skipping output binding because one or more optional files are missing: fileoutparam<2:1>
Oct-23 14:00:43.448 [TaskFinalizer-7] DEBUG nextflow.processor.TaskProcessor - Process NFCORE_RNASEQ:RNASEQ:QUANTIFY_STAR_SALMON:SALMON_QUANT > Skipping output binding because one or more optional files are missing: fileoutparam<2:1>
Oct-23 14:00:43.448 [Task submitter] DEBUG nextflow.k8s.model.PodSpecBuilder - K8s LABEL VALUE exceeds allowed size: 63 -- offending str=NFCORE_RNASEQ:RNASEQ:ALIGN_STAR:BAM_SORT_STATS_SAMTOOLS:SAMTOOLS_INDEX (TREATMENT_mIFNa11_100000_REP3)
Oct-23 14:00:43.448 [Task submitter] DEBUG nextflow.k8s.model.PodSpecBuilder - K8s LABEL VALUE exceeds allowed size: 63 -- offending str=NFCORE_RNASEQ:RNASEQ:ALIGN_STAR:BAM_SORT_STATS_SAMTOOLS:SAMTOOLS_INDEX
Oct-23 14:00:43.466 [Task submitter] INFO  nextflow.Session - [64/67e699] Submitted process > NFCORE_RNASEQ:RNASEQ:ALIGN_STAR:BAM_SORT_STATS_SAMTOOLS:SAMTOOLS_INDEX (TREATMENT_mIFNa11_100000_REP3)
Oct-23 14:01:18.325 [Task monitor] DEBUG n.processor.TaskPollingMonitor - Task completed > TaskHandler[id: 50; name: NFCORE_RNASEQ:RNASEQ:ALIGN_STAR:BAM_SORT_STATS_SAMTOOLS:SAMTOOLS_INDEX (TREATMENT_mIFNa11_100000_REP3); status: COMPLETED; exit: 0; error: -; workDir: /workspace/work/64/67e6992a2706a06bbe869a825a67ee]
Oct-23 14:01:18.333 [TaskFinalizer-8] DEBUG nextflow.processor.TaskProcessor - Process NFCORE_RNASEQ:RNASEQ:ALIGN_STAR:BAM_SORT_STATS_SAMTOOLS:SAMTOOLS_INDEX > Skipping output binding because one or more optional files are missing: fileoutparam<1:1>
Oct-23 14:01:18.333 [Task submitter] DEBUG nextflow.k8s.model.PodSpecBuilder - K8s LABEL VALUE exceeds allowed size: 63 -- offending str=NFCORE_RNASEQ:RNASEQ:BAM_MARKDUPLICATES_PICARD:PICARD_MARKDUPLICATES (TREATMENT_mIFNa11_100000_REP1)
Oct-23 14:01:18.333 [TaskFinalizer-8] DEBUG nextflow.processor.TaskProcessor - Process NFCORE_RNASEQ:RNASEQ:ALIGN_STAR:BAM_SORT_STATS_SAMTOOLS:SAMTOOLS_INDEX > Skipping output binding because one or more optional files are missing: fileoutparam<2:1>
Oct-23 14:01:18.333 [Task submitter] DEBUG nextflow.k8s.model.PodSpecBuilder - K8s LABEL VALUE exceeds allowed size: 63 -- offending str=NFCORE_RNASEQ:RNASEQ:BAM_MARKDUPLICATES_PICARD:PICARD_MARKDUPLICATES
Oct-23 14:01:18.360 [Task submitter] INFO  nextflow.Session - [b7/0fe390] Submitted process > NFCORE_RNASEQ:RNASEQ:BAM_MARKDUPLICATES_PICARD:PICARD_MARKDUPLICATES (TREATMENT_mIFNa11_100000_REP1)
Oct-23 14:02:17.613 [Task monitor] DEBUG n.processor.TaskPollingMonitor - Task completed > TaskHandler[id: 45; name: NFCORE_RNASEQ:RNASEQ:ALIGN_STAR:BAM_SORT_STATS_SAMTOOLS:SAMTOOLS_SORT (TREATMENT_mIFNa11_10000_REP2); status: COMPLETED; exit: 0; error: -; workDir: /workspace/work/fd/e164d6de4c3c9c7f77449d19c07702]
Oct-23 14:02:17.624 [Task submitter] DEBUG nextflow.k8s.model.PodSpecBuilder - K8s LABEL VALUE exceeds allowed size: 63 -- offending str=NFCORE_RNASEQ:RNASEQ:BAM_MARKDUPLICATES_PICARD:PICARD_MARKDUPLICATES (TREATMENT_mIFNa11_100000_REP3)
Oct-23 14:02:17.624 [Task submitter] DEBUG nextflow.k8s.model.PodSpecBuilder - K8s LABEL VALUE exceeds allowed size: 63 -- offending str=NFCORE_RNASEQ:RNASEQ:BAM_MARKDUPLICATES_PICARD:PICARD_MARKDUPLICATES
Oct-23 14:02:17.643 [TaskFinalizer-9] DEBUG nextflow.processor.TaskProcessor - Process NFCORE_RNASEQ:RNASEQ:ALIGN_STAR:BAM_SORT_STATS_SAMTOOLS:SAMTOOLS_SORT > Skipping output binding because one or more optional files are missing: fileoutparam<1:1>
Oct-23 14:02:17.643 [TaskFinalizer-9] DEBUG nextflow.processor.TaskProcessor - Process NFCORE_RNASEQ:RNASEQ:ALIGN_STAR:BAM_SORT_STATS_SAMTOOLS:SAMTOOLS_SORT > Skipping output binding because one or more optional files are missing: fileoutparam<2:1>
Oct-23 14:02:17.643 [TaskFinalizer-9] DEBUG nextflow.processor.TaskProcessor - Process NFCORE_RNASEQ:RNASEQ:ALIGN_STAR:BAM_SORT_STATS_SAMTOOLS:SAMTOOLS_SORT > Skipping output binding because one or more optional files are missing: fileoutparam<3:1>
Oct-23 14:02:17.656 [Task submitter] INFO  nextflow.Session - [a7/b346dc] Submitted process > NFCORE_RNASEQ:RNASEQ:BAM_MARKDUPLICATES_PICARD:PICARD_MARKDUPLICATES (TREATMENT_mIFNa11_100000_REP3)
Oct-23 14:02:58.208 [Task monitor] DEBUG n.processor.TaskPollingMonitor - !! executor k8s > tasks to be completed: 6 -- submitted tasks are shown below
~> TaskHandler[id: 22; name: NFCORE_RNASEQ:PREPARE_GENOME:SALMON_INDEX (genome.transcripts.fa); status: RUNNING; exit: -; error: -; workDir: /workspace/work/f7/fb08e9edf921db4bd803b99a038ba1]
~> TaskHandler[id: 34; name: NFCORE_RNASEQ:RNASEQ:ALIGN_STAR:STAR_ALIGN_IGENOMES (TREATMENT_mIFNa11_10000_REP1); status: RUNNING; exit: -; error: -; workDir: /workspace/work/45/186ec6cf0e6fe763080eae49283f30]
~> TaskHandler[id: 47; name: NFCORE_RNASEQ:RNASEQ:BAM_MARKDUPLICATES_PICARD:PICARD_MARKDUPLICATES (TREATMENT_mIFNa11_100000_REP2); status: RUNNING; exit: -; error: -; workDir: /workspace/work/07/3459503743410a5412b3a2f907da79]
~> TaskHandler[id: 49; name: NFCORE_RNASEQ:RNASEQ:BAM_MARKDUPLICATES_PICARD:PICARD_MARKDUPLICATES (TREATMENT_mIFNa11_10000_REP3); status: RUNNING; exit: -; error: -; workDir: /workspace/work/f1/281372865996697e7a4f928b9f5d9d]
~> TaskHandler[id: 51; name: NFCORE_RNASEQ:RNASEQ:BAM_MARKDUPLICATES_PICARD:PICARD_MARKDUPLICATES (TREATMENT_mIFNa11_100000_REP1); status: RUNNING; exit: -; error: -; workDir: /workspace/work/b7/0fe3903213182ed5e63795a1c01062]
~> TaskHandler[id: 52; name: NFCORE_RNASEQ:RNASEQ:BAM_MARKDUPLICATES_PICARD:PICARD_MARKDUPLICATES (TREATMENT_mIFNa11_100000_REP3); status: RUNNING; exit: -; error: -; workDir: /workspace/work/a7/b346dc33e4fe3712fc29025871bb87]
Oct-23 14:03:01.666 [Task submitter] DEBUG n.processor.TaskPollingMonitor - %% executor k8s > tasks in the submission queue: 1 -- tasks to be submitted are shown below
~> TaskHandler[id: 53; name: NFCORE_RNASEQ:RNASEQ:ALIGN_STAR:BAM_SORT_STATS_SAMTOOLS:SAMTOOLS_INDEX (TREATMENT_mIFNa11_10000_REP2); status: NEW; exit: -; error: -; workDir: /workspace/work/5f/06c2b3f7b1d5096494b169aa685d17]
Oct-23 14:07:58.216 [Task monitor] DEBUG n.processor.TaskPollingMonitor - !! executor k8s > tasks to be completed: 6 -- submitted tasks are shown below
~> TaskHandler[id: 22; name: NFCORE_RNASEQ:PREPARE_GENOME:SALMON_INDEX (genome.transcripts.fa); status: RUNNING; exit: -; error: -; workDir: /workspace/work/f7/fb08e9edf921db4bd803b99a038ba1]
~> TaskHandler[id: 34; name: NFCORE_RNASEQ:RNASEQ:ALIGN_STAR:STAR_ALIGN_IGENOMES (TREATMENT_mIFNa11_10000_REP1); status: RUNNING; exit: -; error: -; workDir: /workspace/work/45/186ec6cf0e6fe763080eae49283f30]
~> TaskHandler[id: 47; name: NFCORE_RNASEQ:RNASEQ:BAM_MARKDUPLICATES_PICARD:PICARD_MARKDUPLICATES (TREATMENT_mIFNa11_100000_REP2); status: RUNNING; exit: -; error: -; workDir: /workspace/work/07/3459503743410a5412b3a2f907da79]
~> TaskHandler[id: 49; name: NFCORE_RNASEQ:RNASEQ:BAM_MARKDUPLICATES_PICARD:PICARD_MARKDUPLICATES (TREATMENT_mIFNa11_10000_REP3); status: RUNNING; exit: -; error: -; workDir: /workspace/work/f1/281372865996697e7a4f928b9f5d9d]
~> TaskHandler[id: 51; name: NFCORE_RNASEQ:RNASEQ:BAM_MARKDUPLICATES_PICARD:PICARD_MARKDUPLICATES (TREATMENT_mIFNa11_100000_REP1); status: RUNNING; exit: -; error: -; workDir: /workspace/work/b7/0fe3903213182ed5e63795a1c01062]
~> TaskHandler[id: 52; name: NFCORE_RNASEQ:RNASEQ:BAM_MARKDUPLICATES_PICARD:PICARD_MARKDUPLICATES (TREATMENT_mIFNa11_100000_REP3); status: RUNNING; exit: -; error: -; workDir: /workspace/work/a7/b346dc33e4fe3712fc29025871bb87]
Oct-23 14:07:58.436 [Task monitor] DEBUG n.processor.TaskPollingMonitor - Task completed > TaskHandler[id: 22; name: NFCORE_RNASEQ:PREPARE_GENOME:SALMON_INDEX (genome.transcripts.fa); status: COMPLETED; exit: 0; error: -; workDir: /workspace/work/f7/fb08e9edf921db4bd803b99a038ba1]
Oct-23 14:07:58.447 [Task submitter] DEBUG nextflow.k8s.model.PodSpecBuilder - K8s LABEL VALUE exceeds allowed size: 63 -- offending str=NFCORE_RNASEQ:RNASEQ:ALIGN_STAR:BAM_SORT_STATS_SAMTOOLS:SAMTOOLS_INDEX (TREATMENT_mIFNa11_10000_REP2)
Oct-23 14:07:58.447 [Task submitter] DEBUG nextflow.k8s.model.PodSpecBuilder - K8s LABEL VALUE exceeds allowed size: 63 -- offending str=NFCORE_RNASEQ:RNASEQ:ALIGN_STAR:BAM_SORT_STATS_SAMTOOLS:SAMTOOLS_INDEX
Oct-23 14:07:58.476 [Task submitter] INFO  nextflow.Session - [5f/06c2b3] Submitted process > NFCORE_RNASEQ:RNASEQ:ALIGN_STAR:BAM_SORT_STATS_SAMTOOLS:SAMTOOLS_INDEX (TREATMENT_mIFNa11_10000_REP2)
Oct-23 14:08:02.479 [Task submitter] DEBUG n.processor.TaskPollingMonitor - %% executor k8s > tasks in the submission queue: 6 -- tasks to be submitted are shown below
~> TaskHandler[id: 54; name: NFCORE_RNASEQ:RNASEQ:QUANTIFY_PSEUDO_ALIGNMENT:SALMON_QUANT (TREATMENT_mIFNa11_100000_REP2); status: NEW; exit: -; error: -; workDir: /workspace/work/ec/55457f49b456d74f2e897563fd9b49]
~> TaskHandler[id: 55; name: NFCORE_RNASEQ:RNASEQ:QUANTIFY_PSEUDO_ALIGNMENT:SALMON_QUANT (TREATMENT_mIFNa11_10000_REP3); status: NEW; exit: -; error: -; workDir: /workspace/work/b5/9e7857e46964c75be56733b7cdcdf8]
~> TaskHandler[id: 56; name: NFCORE_RNASEQ:RNASEQ:QUANTIFY_PSEUDO_ALIGNMENT:SALMON_QUANT (TREATMENT_mIFNa11_100000_REP1); status: NEW; exit: -; error: -; workDir: /workspace/work/65/6c4e89bb833ae78b340f5b6916821c]
~> TaskHandler[id: 57; name: NFCORE_RNASEQ:RNASEQ:QUANTIFY_PSEUDO_ALIGNMENT:SALMON_QUANT (TREATMENT_mIFNa11_10000_REP2); status: NEW; exit: -; error: -; workDir: /workspace/work/81/75106c180c0201504b79b1000852dc]
~> TaskHandler[id: 58; name: NFCORE_RNASEQ:RNASEQ:QUANTIFY_PSEUDO_ALIGNMENT:SALMON_QUANT (TREATMENT_mIFNa11_100000_REP3); status: NEW; exit: -; error: -; workDir: /workspace/work/8d/625c4f0ac7bb1c8d0b6d7075b02615]
~> TaskHandler[id: 59; name: NFCORE_RNASEQ:RNASEQ:QUANTIFY_PSEUDO_ALIGNMENT:SALMON_QUANT (TREATMENT_mIFNa11_10000_REP1); status: NEW; exit: -; error: -; workDir: /workspace/work/8a/614a16f7e233587de22ea95d407069]
Oct-23 14:08:28.515 [Task monitor] DEBUG n.processor.TaskPollingMonitor - Task completed > TaskHandler[id: 53; name: NFCORE_RNASEQ:RNASEQ:ALIGN_STAR:BAM_SORT_STATS_SAMTOOLS:SAMTOOLS_INDEX (TREATMENT_mIFNa11_10000_REP2); status: COMPLETED; exit: 0; error: -; workDir: /workspace/work/5f/06c2b3f7b1d5096494b169aa685d17]
Oct-23 14:08:28.528 [Task submitter] DEBUG nextflow.k8s.model.PodSpecBuilder - K8s LABEL VALUE exceeds allowed size: 63 -- offending str=NFCORE_RNASEQ:RNASEQ:QUANTIFY_PSEUDO_ALIGNMENT:SALMON_QUANT (TREATMENT_mIFNa11_100000_REP2)
Oct-23 14:08:28.557 [Task submitter] INFO  nextflow.Session - [ec/55457f] Submitted process > NFCORE_RNASEQ:RNASEQ:QUANTIFY_PSEUDO_ALIGNMENT:SALMON_QUANT (TREATMENT_mIFNa11_100000_REP2)
Oct-23 14:08:28.726 [TaskFinalizer-2] DEBUG nextflow.processor.TaskProcessor - Process NFCORE_RNASEQ:RNASEQ:ALIGN_STAR:BAM_SORT_STATS_SAMTOOLS:SAMTOOLS_INDEX > Skipping output binding because one or more optional files are missing: fileoutparam<1:1>
Oct-23 14:08:28.726 [TaskFinalizer-2] DEBUG nextflow.processor.TaskProcessor - Process NFCORE_RNASEQ:RNASEQ:ALIGN_STAR:BAM_SORT_STATS_SAMTOOLS:SAMTOOLS_INDEX > Skipping output binding because one or more optional files are missing: fileoutparam<2:1>
Oct-23 14:08:43.435 [Task monitor] DEBUG n.processor.TaskPollingMonitor - Task completed > TaskHandler[id: 47; name: NFCORE_RNASEQ:RNASEQ:BAM_MARKDUPLICATES_PICARD:PICARD_MARKDUPLICATES (TREATMENT_mIFNa11_100000_REP2); status: COMPLETED; exit: 0; error: -; workDir: /workspace/work/07/3459503743410a5412b3a2f907da79]
Oct-23 14:08:43.443 [Task submitter] DEBUG nextflow.k8s.model.PodSpecBuilder - K8s LABEL VALUE exceeds allowed size: 63 -- offending str=NFCORE_RNASEQ:RNASEQ:QUANTIFY_PSEUDO_ALIGNMENT:SALMON_QUANT (TREATMENT_mIFNa11_10000_REP3)
Oct-23 14:08:43.463 [Task submitter] INFO  nextflow.Session - [b5/9e7857] Submitted process > NFCORE_RNASEQ:RNASEQ:QUANTIFY_PSEUDO_ALIGNMENT:SALMON_QUANT (TREATMENT_mIFNa11_10000_REP3)
Oct-23 14:08:43.649 [TaskFinalizer-3] DEBUG nextflow.processor.TaskProcessor - Process NFCORE_RNASEQ:RNASEQ:BAM_MARKDUPLICATES_PICARD:PICARD_MARKDUPLICATES > Skipping output binding because one or more optional files are missing: fileoutparam<1:1>
Oct-23 14:08:43.649 [TaskFinalizer-3] DEBUG nextflow.processor.TaskProcessor - Process NFCORE_RNASEQ:RNASEQ:BAM_MARKDUPLICATES_PICARD:PICARD_MARKDUPLICATES > Skipping output binding because one or more optional files are missing: fileoutparam<2:1>
Oct-23 14:09:08.504 [Task monitor] DEBUG n.processor.TaskPollingMonitor - Task completed > TaskHandler[id: 34; name: NFCORE_RNASEQ:RNASEQ:ALIGN_STAR:STAR_ALIGN_IGENOMES (TREATMENT_mIFNa11_10000_REP1); status: COMPLETED; exit: 0; error: -; workDir: /workspace/work/45/186ec6cf0e6fe763080eae49283f30]
Oct-23 14:09:08.516 [Task submitter] DEBUG nextflow.k8s.model.PodSpecBuilder - K8s LABEL VALUE exceeds allowed size: 63 -- offending str=NFCORE_RNASEQ:RNASEQ:QUANTIFY_PSEUDO_ALIGNMENT:SALMON_QUANT (TREATMENT_mIFNa11_100000_REP1)
Oct-23 14:09:08.551 [Task submitter] INFO  nextflow.Session - [65/6c4e89] Submitted process > NFCORE_RNASEQ:RNASEQ:QUANTIFY_PSEUDO_ALIGNMENT:SALMON_QUANT (TREATMENT_mIFNa11_100000_REP1)
Oct-23 14:09:09.008 [TaskFinalizer-4] DEBUG nextflow.processor.TaskProcessor - Process NFCORE_RNASEQ:RNASEQ:ALIGN_STAR:STAR_ALIGN_IGENOMES > Skipping output binding because one or more optional files are missing: fileoutparam<5:1>
Oct-23 14:09:09.008 [TaskFinalizer-4] DEBUG nextflow.processor.TaskProcessor - Process NFCORE_RNASEQ:RNASEQ:ALIGN_STAR:STAR_ALIGN_IGENOMES > Skipping output binding because one or more optional files are missing: fileoutparam<7:1>
Oct-23 14:09:09.008 [TaskFinalizer-4] DEBUG nextflow.processor.TaskProcessor - Process NFCORE_RNASEQ:RNASEQ:ALIGN_STAR:STAR_ALIGN_IGENOMES > Skipping output binding because one or more optional files are missing: fileoutparam<8:1>
Oct-23 14:09:09.008 [TaskFinalizer-4] DEBUG nextflow.processor.TaskProcessor - Process NFCORE_RNASEQ:RNASEQ:ALIGN_STAR:STAR_ALIGN_IGENOMES > Skipping output binding because one or more optional files are missing: fileoutparam<10:1>
Oct-23 14:09:09.008 [TaskFinalizer-4] DEBUG nextflow.processor.TaskProcessor - Process NFCORE_RNASEQ:RNASEQ:ALIGN_STAR:STAR_ALIGN_IGENOMES > Skipping output binding because one or more optional files are missing: fileoutparam<11:1>
Oct-23 14:12:58.287 [Task monitor] DEBUG n.processor.TaskPollingMonitor - !! executor k8s > tasks to be completed: 6 -- submitted tasks are shown below
~> TaskHandler[id: 49; name: NFCORE_RNASEQ:RNASEQ:BAM_MARKDUPLICATES_PICARD:PICARD_MARKDUPLICATES (TREATMENT_mIFNa11_10000_REP3); status: RUNNING; exit: -; error: -; workDir: /workspace/work/f1/281372865996697e7a4f928b9f5d9d]
~> TaskHandler[id: 51; name: NFCORE_RNASEQ:RNASEQ:BAM_MARKDUPLICATES_PICARD:PICARD_MARKDUPLICATES (TREATMENT_mIFNa11_100000_REP1); status: RUNNING; exit: -; error: -; workDir: /workspace/work/b7/0fe3903213182ed5e63795a1c01062]
~> TaskHandler[id: 52; name: NFCORE_RNASEQ:RNASEQ:BAM_MARKDUPLICATES_PICARD:PICARD_MARKDUPLICATES (TREATMENT_mIFNa11_100000_REP3); status: RUNNING; exit: -; error: -; workDir: /workspace/work/a7/b346dc33e4fe3712fc29025871bb87]
~> TaskHandler[id: 54; name: NFCORE_RNASEQ:RNASEQ:QUANTIFY_PSEUDO_ALIGNMENT:SALMON_QUANT (TREATMENT_mIFNa11_100000_REP2); status: RUNNING; exit: -; error: -; workDir: /workspace/work/ec/55457f49b456d74f2e897563fd9b49]
~> TaskHandler[id: 55; name: NFCORE_RNASEQ:RNASEQ:QUANTIFY_PSEUDO_ALIGNMENT:SALMON_QUANT (TREATMENT_mIFNa11_10000_REP3); status: RUNNING; exit: -; error: -; workDir: /workspace/work/b5/9e7857e46964c75be56733b7cdcdf8]
~> TaskHandler[id: 56; name: NFCORE_RNASEQ:RNASEQ:QUANTIFY_PSEUDO_ALIGNMENT:SALMON_QUANT (TREATMENT_mIFNa11_100000_REP1); status: RUNNING; exit: -; error: -; workDir: /workspace/work/65/6c4e89bb833ae78b340f5b6916821c]
Oct-23 14:13:02.604 [Task submitter] DEBUG n.processor.TaskPollingMonitor - %% executor k8s > tasks in the submission queue: 13 -- tasks to be submitted are shown below
~> TaskHandler[id: 57; name: NFCORE_RNASEQ:RNASEQ:QUANTIFY_PSEUDO_ALIGNMENT:SALMON_QUANT (TREATMENT_mIFNa11_10000_REP2); status: NEW; exit: -; error: -; workDir: /workspace/work/81/75106c180c0201504b79b1000852dc]
~> TaskHandler[id: 58; name: NFCORE_RNASEQ:RNASEQ:QUANTIFY_PSEUDO_ALIGNMENT:SALMON_QUANT (TREATMENT_mIFNa11_100000_REP3); status: NEW; exit: -; error: -; workDir: /workspace/work/8d/625c4f0ac7bb1c8d0b6d7075b02615]
~> TaskHandler[id: 59; name: NFCORE_RNASEQ:RNASEQ:QUANTIFY_PSEUDO_ALIGNMENT:SALMON_QUANT (TREATMENT_mIFNa11_10000_REP1); status: NEW; exit: -; error: -; workDir: /workspace/work/8a/614a16f7e233587de22ea95d407069]
~> TaskHandler[id: 60; name: NFCORE_RNASEQ:RNASEQ:BAM_MARKDUPLICATES_PICARD:PICARD_MARKDUPLICATES (TREATMENT_mIFNa11_10000_REP2); status: NEW; exit: -; error: -; workDir: /workspace/work/ac/7b288909796c8e1b1f8afabc3d5147]
~> TaskHandler[id: 65; name: NFCORE_RNASEQ:RNASEQ:BAM_MARKDUPLICATES_PICARD:SAMTOOLS_INDEX (TREATMENT_mIFNa11_100000_REP2); status: NEW; exit: -; error: -; workDir: /workspace/work/d0/9974a05245be1f5b676b89b0c53d93]
~> TaskHandler[id: 66; name: NFCORE_RNASEQ:RNASEQ:BEDTOOLS_GENOMECOV_REV (TREATMENT_mIFNa11_100000_REP2); status: NEW; exit: -; error: -; workDir: /workspace/work/80/73afd54c16a6eeb556061b840a8049]
~> TaskHandler[id: 61; name: NFCORE_RNASEQ:RNASEQ:STRINGTIE_STRINGTIE (TREATMENT_mIFNa11_100000_REP2); status: NEW; exit: -; error: -; workDir: /workspace/work/87/ef4e0d14fb587816635c336feefca1]
~> TaskHandler[id: 62; name: NFCORE_RNASEQ:RNASEQ:QUALIMAP_RNASEQ (TREATMENT_mIFNa11_100000_REP2); status: NEW; exit: -; error: -; workDir: /workspace/work/ae/fce24a13280d17ac4da0e015ff5d2b]
~> TaskHandler[id: 63; name: NFCORE_RNASEQ:RNASEQ:DUPRADAR (TREATMENT_mIFNa11_100000_REP2); status: NEW; exit: -; error: -; workDir: /workspace/work/e0/252d8e1afa9c8d4d8f22236954ae5c]
~> TaskHandler[id: 64; name: NFCORE_RNASEQ:RNASEQ:BEDTOOLS_GENOMECOV_FW (TREATMENT_mIFNa11_100000_REP2); status: NEW; exit: -; error: -; workDir: /workspace/work/2d/19e63e1a23d21b22b2f76615ab5f04]
.. remaining tasks omitted.
Oct-23 14:14:58.462 [Task monitor] DEBUG n.processor.TaskPollingMonitor - Task completed > TaskHandler[id: 54; name: NFCORE_RNASEQ:RNASEQ:QUANTIFY_PSEUDO_ALIGNMENT:SALMON_QUANT (TREATMENT_mIFNa11_100000_REP2); status: COMPLETED; exit: 0; error: -; workDir: /workspace/work/ec/55457f49b456d74f2e897563fd9b49]
Oct-23 14:14:58.539 [Task submitter] DEBUG nextflow.k8s.model.PodSpecBuilder - K8s LABEL VALUE exceeds allowed size: 63 -- offending str=NFCORE_RNASEQ:RNASEQ:QUANTIFY_PSEUDO_ALIGNMENT:SALMON_QUANT (TREATMENT_mIFNa11_10000_REP2)
Oct-23 14:14:58.555 [Task submitter] INFO  nextflow.Session - [81/75106c] Submitted process > NFCORE_RNASEQ:RNASEQ:QUANTIFY_PSEUDO_ALIGNMENT:SALMON_QUANT (TREATMENT_mIFNa11_10000_REP2)
Oct-23 14:16:08.764 [Task monitor] DEBUG n.processor.TaskPollingMonitor - Task completed > TaskHandler[id: 52; name: NFCORE_RNASEQ:RNASEQ:BAM_MARKDUPLICATES_PICARD:PICARD_MARKDUPLICATES (TREATMENT_mIFNa11_100000_REP3); status: COMPLETED; exit: 0; error: -; workDir: /workspace/work/a7/b346dc33e4fe3712fc29025871bb87]
Oct-23 14:16:08.976 [Task submitter] DEBUG nextflow.k8s.model.PodSpecBuilder - K8s LABEL VALUE exceeds allowed size: 63 -- offending str=NFCORE_RNASEQ:RNASEQ:QUANTIFY_PSEUDO_ALIGNMENT:SALMON_QUANT (TREATMENT_mIFNa11_100000_REP3)
Oct-23 14:16:09.007 [Task submitter] INFO  nextflow.Session - [8d/625c4f] Submitted process > NFCORE_RNASEQ:RNASEQ:QUANTIFY_PSEUDO_ALIGNMENT:SALMON_QUANT (TREATMENT_mIFNa11_100000_REP3)
Oct-23 14:16:09.267 [TaskFinalizer-6] DEBUG nextflow.processor.TaskProcessor - Process NFCORE_RNASEQ:RNASEQ:BAM_MARKDUPLICATES_PICARD:PICARD_MARKDUPLICATES > Skipping output binding because one or more optional files are missing: fileoutparam<1:1>
Oct-23 14:16:09.267 [TaskFinalizer-6] DEBUG nextflow.processor.TaskProcessor - Process NFCORE_RNASEQ:RNASEQ:BAM_MARKDUPLICATES_PICARD:PICARD_MARKDUPLICATES > Skipping output binding because one or more optional files are missing: fileoutparam<2:1>
Oct-23 14:17:28.974 [Task monitor] DEBUG n.processor.TaskPollingMonitor - Task completed > TaskHandler[id: 55; name: NFCORE_RNASEQ:RNASEQ:QUANTIFY_PSEUDO_ALIGNMENT:SALMON_QUANT (TREATMENT_mIFNa11_10000_REP3); status: COMPLETED; exit: 0; error: -; workDir: /workspace/work/b5/9e7857e46964c75be56733b7cdcdf8]
Oct-23 14:17:29.029 [Task submitter] DEBUG nextflow.k8s.model.PodSpecBuilder - K8s LABEL VALUE exceeds allowed size: 63 -- offending str=NFCORE_RNASEQ:RNASEQ:QUANTIFY_PSEUDO_ALIGNMENT:SALMON_QUANT (TREATMENT_mIFNa11_10000_REP1)
Oct-23 14:17:29.084 [Task submitter] INFO  nextflow.Session - [8a/614a16] Submitted process > NFCORE_RNASEQ:RNASEQ:QUANTIFY_PSEUDO_ALIGNMENT:SALMON_QUANT (TREATMENT_mIFNa11_10000_REP1)
Oct-23 14:17:34.719 [Task monitor] DEBUG n.processor.TaskPollingMonitor - Task completed > TaskHandler[id: 49; name: NFCORE_RNASEQ:RNASEQ:BAM_MARKDUPLICATES_PICARD:PICARD_MARKDUPLICATES (TREATMENT_mIFNa11_10000_REP3); status: COMPLETED; exit: 0; error: -; workDir: /workspace/work/f1/281372865996697e7a4f928b9f5d9d]
Oct-23 14:17:34.730 [Task submitter] DEBUG nextflow.k8s.model.PodSpecBuilder - K8s LABEL VALUE exceeds allowed size: 63 -- offending str=NFCORE_RNASEQ:RNASEQ:BAM_MARKDUPLICATES_PICARD:PICARD_MARKDUPLICATES (TREATMENT_mIFNa11_10000_REP2)
Oct-23 14:17:34.730 [Task submitter] DEBUG nextflow.k8s.model.PodSpecBuilder - K8s LABEL VALUE exceeds allowed size: 63 -- offending str=NFCORE_RNASEQ:RNASEQ:BAM_MARKDUPLICATES_PICARD:PICARD_MARKDUPLICATES
Oct-23 14:17:34.735 [TaskFinalizer-8] DEBUG nextflow.processor.TaskProcessor - Process NFCORE_RNASEQ:RNASEQ:BAM_MARKDUPLICATES_PICARD:PICARD_MARKDUPLICATES > Skipping output binding because one or more optional files are missing: fileoutparam<1:1>
Oct-23 14:17:34.735 [TaskFinalizer-8] DEBUG nextflow.processor.TaskProcessor - Process NFCORE_RNASEQ:RNASEQ:BAM_MARKDUPLICATES_PICARD:PICARD_MARKDUPLICATES > Skipping output binding because one or more optional files are missing: fileoutparam<2:1>
Oct-23 14:17:34.756 [Task submitter] INFO  nextflow.Session - [ac/7b2889] Submitted process > NFCORE_RNASEQ:RNASEQ:BAM_MARKDUPLICATES_PICARD:PICARD_MARKDUPLICATES (TREATMENT_mIFNa11_10000_REP2)
Oct-23 14:17:58.330 [Task monitor] DEBUG n.processor.TaskPollingMonitor - !! executor k8s > tasks to be completed: 6 -- submitted tasks are shown below
~> TaskHandler[id: 51; name: NFCORE_RNASEQ:RNASEQ:BAM_MARKDUPLICATES_PICARD:PICARD_MARKDUPLICATES (TREATMENT_mIFNa11_100000_REP1); status: RUNNING; exit: -; error: -; workDir: /workspace/work/b7/0fe3903213182ed5e63795a1c01062]
~> TaskHandler[id: 56; name: NFCORE_RNASEQ:RNASEQ:QUANTIFY_PSEUDO_ALIGNMENT:SALMON_QUANT (TREATMENT_mIFNa11_100000_REP1); status: RUNNING; exit: -; error: -; workDir: /workspace/work/65/6c4e89bb833ae78b340f5b6916821c]
~> TaskHandler[id: 57; name: NFCORE_RNASEQ:RNASEQ:QUANTIFY_PSEUDO_ALIGNMENT:SALMON_QUANT (TREATMENT_mIFNa11_10000_REP2); status: RUNNING; exit: -; error: -; workDir: /workspace/work/81/75106c180c0201504b79b1000852dc]
~> TaskHandler[id: 58; name: NFCORE_RNASEQ:RNASEQ:QUANTIFY_PSEUDO_ALIGNMENT:SALMON_QUANT (TREATMENT_mIFNa11_100000_REP3); status: RUNNING; exit: -; error: -; workDir: /workspace/work/8d/625c4f0ac7bb1c8d0b6d7075b02615]
~> TaskHandler[id: 59; name: NFCORE_RNASEQ:RNASEQ:QUANTIFY_PSEUDO_ALIGNMENT:SALMON_QUANT (TREATMENT_mIFNa11_10000_REP1); status: RUNNING; exit: -; error: -; workDir: /workspace/work/8a/614a16f7e233587de22ea95d407069]
~> TaskHandler[id: 60; name: NFCORE_RNASEQ:RNASEQ:BAM_MARKDUPLICATES_PICARD:PICARD_MARKDUPLICATES (TREATMENT_mIFNa11_10000_REP2); status: RUNNING; exit: -; error: -; workDir: /workspace/work/ac/7b288909796c8e1b1f8afabc3d5147]
Oct-23 14:18:03.029 [Task submitter] DEBUG n.processor.TaskPollingMonitor - %% executor k8s > tasks in the submission queue: 23 -- tasks to be submitted are shown below
~> TaskHandler[id: 65; name: NFCORE_RNASEQ:RNASEQ:BAM_MARKDUPLICATES_PICARD:SAMTOOLS_INDEX (TREATMENT_mIFNa11_100000_REP2); status: NEW; exit: -; error: -; workDir: /workspace/work/d0/9974a05245be1f5b676b89b0c53d93]
~> TaskHandler[id: 66; name: NFCORE_RNASEQ:RNASEQ:BEDTOOLS_GENOMECOV_REV (TREATMENT_mIFNa11_100000_REP2); status: NEW; exit: -; error: -; workDir: /workspace/work/80/73afd54c16a6eeb556061b840a8049]
~> TaskHandler[id: 61; name: NFCORE_RNASEQ:RNASEQ:STRINGTIE_STRINGTIE (TREATMENT_mIFNa11_100000_REP2); status: NEW; exit: -; error: -; workDir: /workspace/work/87/ef4e0d14fb587816635c336feefca1]
~> TaskHandler[id: 62; name: NFCORE_RNASEQ:RNASEQ:QUALIMAP_RNASEQ (TREATMENT_mIFNa11_100000_REP2); status: NEW; exit: -; error: -; workDir: /workspace/work/ae/fce24a13280d17ac4da0e015ff5d2b]
~> TaskHandler[id: 63; name: NFCORE_RNASEQ:RNASEQ:DUPRADAR (TREATMENT_mIFNa11_100000_REP2); status: NEW; exit: -; error: -; workDir: /workspace/work/e0/252d8e1afa9c8d4d8f22236954ae5c]
~> TaskHandler[id: 64; name: NFCORE_RNASEQ:RNASEQ:BEDTOOLS_GENOMECOV_FW (TREATMENT_mIFNa11_100000_REP2); status: NEW; exit: -; error: -; workDir: /workspace/work/2d/19e63e1a23d21b22b2f76615ab5f04]
~> TaskHandler[id: 67; name: NFCORE_RNASEQ:RNASEQ:SUBREAD_FEATURECOUNTS (TREATMENT_mIFNa11_100000_REP2); status: NEW; exit: -; error: -; workDir: /workspace/work/9c/504b1bffe314f608054800294db5d2]
~> TaskHandler[id: 68; name: NFCORE_RNASEQ:RNASEQ:ALIGN_STAR:BAM_SORT_STATS_SAMTOOLS:SAMTOOLS_SORT (TREATMENT_mIFNa11_10000_REP1); status: NEW; exit: -; error: -; workDir: /workspace/work/5b/2c6041cfea92513823909baac0d4a3]
~> TaskHandler[id: 69; name: NFCORE_RNASEQ:RNASEQ:QUANTIFY_STAR_SALMON:SALMON_QUANT (TREATMENT_mIFNa11_10000_REP1); status: NEW; exit: -; error: -; workDir: /workspace/work/28/59ab249b2e672b2299ecc68fc4972c]
~> TaskHandler[id: 70; name: NFCORE_RNASEQ:RNASEQ:STRINGTIE_STRINGTIE (TREATMENT_mIFNa11_100000_REP3); status: NEW; exit: -; error: -; workDir: /workspace/work/a2/300c79288ffc78e18f7e405f9ac885]
.. remaining tasks omitted.
Oct-23 14:18:03.404 [Task monitor] DEBUG n.processor.TaskPollingMonitor - Task completed > TaskHandler[id: 56; name: NFCORE_RNASEQ:RNASEQ:QUANTIFY_PSEUDO_ALIGNMENT:SALMON_QUANT (TREATMENT_mIFNa11_100000_REP1); status: COMPLETED; exit: 0; error: -; workDir: /workspace/work/65/6c4e89bb833ae78b340f5b6916821c]
Oct-23 14:18:03.416 [Task submitter] DEBUG nextflow.k8s.model.PodSpecBuilder - K8s LABEL VALUE exceeds allowed size: 63 -- offending str=NFCORE_RNASEQ:RNASEQ:BAM_MARKDUPLICATES_PICARD:SAMTOOLS_INDEX (TREATMENT_mIFNa11_100000_REP2)
Oct-23 14:18:03.446 [Task submitter] INFO  nextflow.Session - [d0/9974a0] Submitted process > NFCORE_RNASEQ:RNASEQ:BAM_MARKDUPLICATES_PICARD:SAMTOOLS_INDEX (TREATMENT_mIFNa11_100000_REP2)
Oct-23 14:18:28.543 [Task monitor] DEBUG n.processor.TaskPollingMonitor - Task completed > TaskHandler[id: 51; name: NFCORE_RNASEQ:RNASEQ:BAM_MARKDUPLICATES_PICARD:PICARD_MARKDUPLICATES (TREATMENT_mIFNa11_100000_REP1); status: COMPLETED; exit: 0; error: -; workDir: /workspace/work/b7/0fe3903213182ed5e63795a1c01062]
Oct-23 14:18:28.551 [Task submitter] DEBUG nextflow.k8s.model.PodSpecBuilder - K8s LABEL VALUE exceeds allowed size: 63 -- offending str=NFCORE_RNASEQ:RNASEQ:BEDTOOLS_GENOMECOV_REV (TREATMENT_mIFNa11_100000_REP2)
Oct-23 14:18:28.659 [Task submitter] INFO  nextflow.Session - [80/73afd5] Submitted process > NFCORE_RNASEQ:RNASEQ:BEDTOOLS_GENOMECOV_REV (TREATMENT_mIFNa11_100000_REP2)
Oct-23 14:18:28.714 [TaskFinalizer-10] DEBUG nextflow.processor.TaskProcessor - Process NFCORE_RNASEQ:RNASEQ:BAM_MARKDUPLICATES_PICARD:PICARD_MARKDUPLICATES > Skipping output binding because one or more optional files are missing: fileoutparam<1:1>
Oct-23 14:18:28.714 [TaskFinalizer-10] DEBUG nextflow.processor.TaskProcessor - Process NFCORE_RNASEQ:RNASEQ:BAM_MARKDUPLICATES_PICARD:PICARD_MARKDUPLICATES > Skipping output binding because one or more optional files are missing: fileoutparam<2:1>
Oct-23 14:18:29.050 [Task monitor] DEBUG n.processor.TaskPollingMonitor - Task completed > TaskHandler[id: 65; name: NFCORE_RNASEQ:RNASEQ:BAM_MARKDUPLICATES_PICARD:SAMTOOLS_INDEX (TREATMENT_mIFNa11_100000_REP2); status: COMPLETED; exit: 0; error: -; workDir: /workspace/work/d0/9974a05245be1f5b676b89b0c53d93]
Oct-23 14:18:29.057 [Task submitter] DEBUG nextflow.k8s.model.PodSpecBuilder - K8s LABEL VALUE exceeds allowed size: 63 -- offending str=NFCORE_RNASEQ:RNASEQ:STRINGTIE_STRINGTIE (TREATMENT_mIFNa11_100000_REP2)
Oct-23 14:18:29.081 [Task submitter] INFO  nextflow.Session - [87/ef4e0d] Submitted process > NFCORE_RNASEQ:RNASEQ:STRINGTIE_STRINGTIE (TREATMENT_mIFNa11_100000_REP2)
Oct-23 14:18:29.550 [TaskFinalizer-2] DEBUG nextflow.processor.TaskProcessor - Process NFCORE_RNASEQ:RNASEQ:BAM_MARKDUPLICATES_PICARD:SAMTOOLS_INDEX > Skipping output binding because one or more optional files are missing: fileoutparam<1:1>
Oct-23 14:18:29.550 [TaskFinalizer-2] DEBUG nextflow.processor.TaskProcessor - Process NFCORE_RNASEQ:RNASEQ:BAM_MARKDUPLICATES_PICARD:SAMTOOLS_INDEX > Skipping output binding because one or more optional files are missing: fileoutparam<2:1>
Oct-23 14:20:49.508 [Task monitor] DEBUG n.processor.TaskPollingMonitor - Task completed > TaskHandler[id: 66; name: NFCORE_RNASEQ:RNASEQ:BEDTOOLS_GENOMECOV_REV (TREATMENT_mIFNa11_100000_REP2); status: COMPLETED; exit: 0; error: -; workDir: /workspace/work/80/73afd54c16a6eeb556061b840a8049]
Oct-23 14:20:49.535 [Task submitter] DEBUG nextflow.k8s.model.PodSpecBuilder - K8s LABEL VALUE exceeds allowed size: 63 -- offending str=NFCORE_RNASEQ:RNASEQ:QUALIMAP_RNASEQ (TREATMENT_mIFNa11_100000_REP2)
Oct-23 14:20:49.567 [Task submitter] INFO  nextflow.Session - [ae/fce24a] Submitted process > NFCORE_RNASEQ:RNASEQ:QUALIMAP_RNASEQ (TREATMENT_mIFNa11_100000_REP2)
Oct-23 14:21:13.523 [Task monitor] DEBUG n.processor.TaskPollingMonitor - Task completed > TaskHandler[id: 61; name: NFCORE_RNASEQ:RNASEQ:STRINGTIE_STRINGTIE (TREATMENT_mIFNa11_100000_REP2); status: COMPLETED; exit: 0; error: -; workDir: /workspace/work/87/ef4e0d14fb587816635c336feefca1]
Oct-23 14:21:13.560 [Task submitter] INFO  nextflow.Session - [e0/252d8e] Submitted process > NFCORE_RNASEQ:RNASEQ:DUPRADAR (TREATMENT_mIFNa11_100000_REP2)
Oct-23 14:22:58.345 [Task monitor] DEBUG n.processor.TaskPollingMonitor - !! executor k8s > tasks to be completed: 6 -- submitted tasks are shown below
~> TaskHandler[id: 57; name: NFCORE_RNASEQ:RNASEQ:QUANTIFY_PSEUDO_ALIGNMENT:SALMON_QUANT (TREATMENT_mIFNa11_10000_REP2); status: RUNNING; exit: -; error: -; workDir: /workspace/work/81/75106c180c0201504b79b1000852dc]
~> TaskHandler[id: 58; name: NFCORE_RNASEQ:RNASEQ:QUANTIFY_PSEUDO_ALIGNMENT:SALMON_QUANT (TREATMENT_mIFNa11_100000_REP3); status: RUNNING; exit: -; error: -; workDir: /workspace/work/8d/625c4f0ac7bb1c8d0b6d7075b02615]
~> TaskHandler[id: 59; name: NFCORE_RNASEQ:RNASEQ:QUANTIFY_PSEUDO_ALIGNMENT:SALMON_QUANT (TREATMENT_mIFNa11_10000_REP1); status: RUNNING; exit: -; error: -; workDir: /workspace/work/8a/614a16f7e233587de22ea95d407069]
~> TaskHandler[id: 60; name: NFCORE_RNASEQ:RNASEQ:BAM_MARKDUPLICATES_PICARD:PICARD_MARKDUPLICATES (TREATMENT_mIFNa11_10000_REP2); status: RUNNING; exit: -; error: -; workDir: /workspace/work/ac/7b288909796c8e1b1f8afabc3d5147]
~> TaskHandler[id: 62; name: NFCORE_RNASEQ:RNASEQ:QUALIMAP_RNASEQ (TREATMENT_mIFNa11_100000_REP2); status: RUNNING; exit: -; error: -; workDir: /workspace/work/ae/fce24a13280d17ac4da0e015ff5d2b]
~> TaskHandler[id: 63; name: NFCORE_RNASEQ:RNASEQ:DUPRADAR (TREATMENT_mIFNa11_100000_REP2); status: RUNNING; exit: -; error: -; workDir: /workspace/work/e0/252d8e1afa9c8d4d8f22236954ae5c]
Oct-23 14:23:03.582 [Task submitter] DEBUG n.processor.TaskPollingMonitor - %% executor k8s > tasks in the submission queue: 33 -- tasks to be submitted are shown below
~> TaskHandler[id: 64; name: NFCORE_RNASEQ:RNASEQ:BEDTOOLS_GENOMECOV_FW (TREATMENT_mIFNa11_100000_REP2); status: NEW; exit: -; error: -; workDir: /workspace/work/2d/19e63e1a23d21b22b2f76615ab5f04]
~> TaskHandler[id: 67; name: NFCORE_RNASEQ:RNASEQ:SUBREAD_FEATURECOUNTS (TREATMENT_mIFNa11_100000_REP2); status: NEW; exit: -; error: -; workDir: /workspace/work/9c/504b1bffe314f608054800294db5d2]
~> TaskHandler[id: 68; name: NFCORE_RNASEQ:RNASEQ:ALIGN_STAR:BAM_SORT_STATS_SAMTOOLS:SAMTOOLS_SORT (TREATMENT_mIFNa11_10000_REP1); status: NEW; exit: -; error: -; workDir: /workspace/work/5b/2c6041cfea92513823909baac0d4a3]
~> TaskHandler[id: 69; name: NFCORE_RNASEQ:RNASEQ:QUANTIFY_STAR_SALMON:SALMON_QUANT (TREATMENT_mIFNa11_10000_REP1); status: NEW; exit: -; error: -; workDir: /workspace/work/28/59ab249b2e672b2299ecc68fc4972c]
~> TaskHandler[id: 70; name: NFCORE_RNASEQ:RNASEQ:STRINGTIE_STRINGTIE (TREATMENT_mIFNa11_100000_REP3); status: NEW; exit: -; error: -; workDir: /workspace/work/a2/300c79288ffc78e18f7e405f9ac885]
~> TaskHandler[id: 76; name: NFCORE_RNASEQ:RNASEQ:SUBREAD_FEATURECOUNTS (TREATMENT_mIFNa11_100000_REP3); status: NEW; exit: -; error: -; workDir: /workspace/work/f4/43d0f16121f6de80c8448719aa174d]
~> TaskHandler[id: 75; name: NFCORE_RNASEQ:RNASEQ:BAM_MARKDUPLICATES_PICARD:SAMTOOLS_INDEX (TREATMENT_mIFNa11_100000_REP3); status: NEW; exit: -; error: -; workDir: /workspace/work/56/7c6abf0c72150389fbd0275f7e8e1d]
~> TaskHandler[id: 73; name: NFCORE_RNASEQ:RNASEQ:BEDTOOLS_GENOMECOV_REV (TREATMENT_mIFNa11_100000_REP3); status: NEW; exit: -; error: -; workDir: /workspace/work/39/77bbb640fa1f782626427d11256a11]
~> TaskHandler[id: 74; name: NFCORE_RNASEQ:RNASEQ:DUPRADAR (TREATMENT_mIFNa11_100000_REP3); status: NEW; exit: -; error: -; workDir: /workspace/work/90/3c14a6f62752e28cf0424c5cf266c1]
~> TaskHandler[id: 71; name: NFCORE_RNASEQ:RNASEQ:QUALIMAP_RNASEQ (TREATMENT_mIFNa11_100000_REP3); status: NEW; exit: -; error: -; workDir: /workspace/work/0b/8d0f3765251404278eac8de910469f]
.. remaining tasks omitted.
Oct-23 14:23:54.988 [Task monitor] DEBUG n.processor.TaskPollingMonitor - Task completed > TaskHandler[id: 57; name: NFCORE_RNASEQ:RNASEQ:QUANTIFY_PSEUDO_ALIGNMENT:SALMON_QUANT (TREATMENT_mIFNa11_10000_REP2); status: COMPLETED; exit: 0; error: -; workDir: /workspace/work/81/75106c180c0201504b79b1000852dc]
Oct-23 14:23:54.996 [Task submitter] DEBUG nextflow.k8s.model.PodSpecBuilder - K8s LABEL VALUE exceeds allowed size: 63 -- offending str=NFCORE_RNASEQ:RNASEQ:BEDTOOLS_GENOMECOV_FW (TREATMENT_mIFNa11_100000_REP2)
Oct-23 14:23:55.022 [Task submitter] INFO  nextflow.Session - [2d/19e63e] Submitted process > NFCORE_RNASEQ:RNASEQ:BEDTOOLS_GENOMECOV_FW (TREATMENT_mIFNa11_100000_REP2)
Oct-23 14:23:55.092 [Task monitor] DEBUG n.processor.TaskPollingMonitor - Task completed > TaskHandler[id: 58; name: NFCORE_RNASEQ:RNASEQ:QUANTIFY_PSEUDO_ALIGNMENT:SALMON_QUANT (TREATMENT_mIFNa11_100000_REP3); status: COMPLETED; exit: 0; error: -; workDir: /workspace/work/8d/625c4f0ac7bb1c8d0b6d7075b02615]
Oct-23 14:23:55.101 [Task submitter] DEBUG nextflow.k8s.model.PodSpecBuilder - K8s LABEL VALUE exceeds allowed size: 63 -- offending str=NFCORE_RNASEQ:RNASEQ:SUBREAD_FEATURECOUNTS (TREATMENT_mIFNa11_100000_REP2)
Oct-23 14:23:55.123 [Task submitter] INFO  nextflow.Session - [9c/504b1b] Submitted process > NFCORE_RNASEQ:RNASEQ:SUBREAD_FEATURECOUNTS (TREATMENT_mIFNa11_100000_REP2)
Oct-23 14:24:48.774 [Task monitor] DEBUG n.processor.TaskPollingMonitor - Task completed > TaskHandler[id: 67; name: NFCORE_RNASEQ:RNASEQ:SUBREAD_FEATURECOUNTS (TREATMENT_mIFNa11_100000_REP2); status: COMPLETED; exit: 0; error: -; workDir: /workspace/work/9c/504b1bffe314f608054800294db5d2]
Oct-23 14:24:48.785 [Task submitter] DEBUG nextflow.k8s.model.PodSpecBuilder - K8s LABEL VALUE exceeds allowed size: 63 -- offending str=NFCORE_RNASEQ:RNASEQ:ALIGN_STAR:BAM_SORT_STATS_SAMTOOLS:SAMTOOLS_SORT (TREATMENT_mIFNa11_10000_REP1)
Oct-23 14:24:48.785 [Task submitter] DEBUG nextflow.k8s.model.PodSpecBuilder - K8s LABEL VALUE exceeds allowed size: 63 -- offending str=NFCORE_RNASEQ:RNASEQ:ALIGN_STAR:BAM_SORT_STATS_SAMTOOLS:SAMTOOLS_SORT
Oct-23 14:24:48.798 [Actor Thread 116] DEBUG nextflow.util.HashBuilder - Hash asset file sha-256: /workspace/nf_assets/nf-core/rnaseq/workflows/rnaseq/assets/multiqc/biotypes_header.txt
Oct-23 14:24:48.804 [Task submitter] INFO  nextflow.Session - [5b/2c6041] Submitted process > NFCORE_RNASEQ:RNASEQ:ALIGN_STAR:BAM_SORT_STATS_SAMTOOLS:SAMTOOLS_SORT (TREATMENT_mIFNa11_10000_REP1)
Oct-23 14:24:49.690 [Actor Thread 116] DEBUG nextflow.util.HashBuilder - Hash asset file sha-256: /workspace/nf_assets/nf-core/rnaseq/bin/mqc_features_stat.py
Oct-23 14:25:53.461 [Task monitor] DEBUG n.processor.TaskPollingMonitor - Task completed > TaskHandler[id: 63; name: NFCORE_RNASEQ:RNASEQ:DUPRADAR (TREATMENT_mIFNa11_100000_REP2); status: COMPLETED; exit: 0; error: -; workDir: /workspace/work/e0/252d8e1afa9c8d4d8f22236954ae5c]
Oct-23 14:25:53.470 [Task submitter] DEBUG nextflow.k8s.model.PodSpecBuilder - K8s LABEL VALUE exceeds allowed size: 63 -- offending str=NFCORE_RNASEQ:RNASEQ:QUANTIFY_STAR_SALMON:SALMON_QUANT (TREATMENT_mIFNa11_10000_REP1)
Oct-23 14:25:53.489 [Task submitter] INFO  nextflow.Session - [28/59ab24] Submitted process > NFCORE_RNASEQ:RNASEQ:QUANTIFY_STAR_SALMON:SALMON_QUANT (TREATMENT_mIFNa11_10000_REP1)
Oct-23 14:26:14.689 [Task monitor] DEBUG n.processor.TaskPollingMonitor - Task completed > TaskHandler[id: 64; name: NFCORE_RNASEQ:RNASEQ:BEDTOOLS_GENOMECOV_FW (TREATMENT_mIFNa11_100000_REP2); status: COMPLETED; exit: 0; error: -; workDir: /workspace/work/2d/19e63e1a23d21b22b2f76615ab5f04]
Oct-23 14:26:14.700 [Task submitter] DEBUG nextflow.k8s.model.PodSpecBuilder - K8s LABEL VALUE exceeds allowed size: 63 -- offending str=NFCORE_RNASEQ:RNASEQ:STRINGTIE_STRINGTIE (TREATMENT_mIFNa11_100000_REP3)
Oct-23 14:26:14.725 [Task submitter] INFO  nextflow.Session - [a2/300c79] Submitted process > NFCORE_RNASEQ:RNASEQ:STRINGTIE_STRINGTIE (TREATMENT_mIFNa11_100000_REP3)
Oct-23 14:27:13.429 [Task monitor] DEBUG n.processor.TaskPollingMonitor - Task completed > TaskHandler[id: 59; name: NFCORE_RNASEQ:RNASEQ:QUANTIFY_PSEUDO_ALIGNMENT:SALMON_QUANT (TREATMENT_mIFNa11_10000_REP1); status: COMPLETED; exit: 0; error: -; workDir: /workspace/work/8a/614a16f7e233587de22ea95d407069]
Oct-23 14:27:13.441 [Task submitter] DEBUG nextflow.k8s.model.PodSpecBuilder - K8s LABEL VALUE exceeds allowed size: 63 -- offending str=NFCORE_RNASEQ:RNASEQ:SUBREAD_FEATURECOUNTS (TREATMENT_mIFNa11_100000_REP3)
Oct-23 14:27:13.460 [Task submitter] INFO  nextflow.Session - [f4/43d0f1] Submitted process > NFCORE_RNASEQ:RNASEQ:SUBREAD_FEATURECOUNTS (TREATMENT_mIFNa11_100000_REP3)
Oct-23 14:27:58.374 [Task monitor] DEBUG n.processor.TaskPollingMonitor - !! executor k8s > tasks to be completed: 6 -- submitted tasks are shown below
~> TaskHandler[id: 60; name: NFCORE_RNASEQ:RNASEQ:BAM_MARKDUPLICATES_PICARD:PICARD_MARKDUPLICATES (TREATMENT_mIFNa11_10000_REP2); status: RUNNING; exit: -; error: -; workDir: /workspace/work/ac/7b288909796c8e1b1f8afabc3d5147]
~> TaskHandler[id: 62; name: NFCORE_RNASEQ:RNASEQ:QUALIMAP_RNASEQ (TREATMENT_mIFNa11_100000_REP2); status: RUNNING; exit: -; error: -; workDir: /workspace/work/ae/fce24a13280d17ac4da0e015ff5d2b]
~> TaskHandler[id: 68; name: NFCORE_RNASEQ:RNASEQ:ALIGN_STAR:BAM_SORT_STATS_SAMTOOLS:SAMTOOLS_SORT (TREATMENT_mIFNa11_10000_REP1); status: RUNNING; exit: -; error: -; workDir: /workspace/work/5b/2c6041cfea92513823909baac0d4a3]
~> TaskHandler[id: 69; name: NFCORE_RNASEQ:RNASEQ:QUANTIFY_STAR_SALMON:SALMON_QUANT (TREATMENT_mIFNa11_10000_REP1); status: RUNNING; exit: -; error: -; workDir: /workspace/work/28/59ab249b2e672b2299ecc68fc4972c]
~> TaskHandler[id: 70; name: NFCORE_RNASEQ:RNASEQ:STRINGTIE_STRINGTIE (TREATMENT_mIFNa11_100000_REP3); status: RUNNING; exit: -; error: -; workDir: /workspace/work/a2/300c79288ffc78e18f7e405f9ac885]
~> TaskHandler[id: 76; name: NFCORE_RNASEQ:RNASEQ:SUBREAD_FEATURECOUNTS (TREATMENT_mIFNa11_100000_REP3); status: RUNNING; exit: -; error: -; workDir: /workspace/work/f4/43d0f16121f6de80c8448719aa174d]
Oct-23 14:28:03.771 [Task monitor] DEBUG n.processor.TaskPollingMonitor - Task completed > TaskHandler[id: 76; name: NFCORE_RNASEQ:RNASEQ:SUBREAD_FEATURECOUNTS (TREATMENT_mIFNa11_100000_REP3); status: COMPLETED; exit: 0; error: -; workDir: /workspace/work/f4/43d0f16121f6de80c8448719aa174d]
Oct-23 14:28:03.782 [Task submitter] DEBUG nextflow.k8s.model.PodSpecBuilder - K8s LABEL VALUE exceeds allowed size: 63 -- offending str=NFCORE_RNASEQ:RNASEQ:BAM_MARKDUPLICATES_PICARD:SAMTOOLS_INDEX (TREATMENT_mIFNa11_100000_REP3)
Oct-23 14:28:03.833 [Task submitter] INFO  nextflow.Session - [56/7c6abf] Submitted process > NFCORE_RNASEQ:RNASEQ:BAM_MARKDUPLICATES_PICARD:SAMTOOLS_INDEX (TREATMENT_mIFNa11_100000_REP3)
Oct-23 14:28:03.840 [Task submitter] DEBUG n.processor.TaskPollingMonitor - %% executor k8s > tasks in the submission queue: 30 -- tasks to be submitted are shown below
~> TaskHandler[id: 73; name: NFCORE_RNASEQ:RNASEQ:BEDTOOLS_GENOMECOV_REV (TREATMENT_mIFNa11_100000_REP3); status: NEW; exit: -; error: -; workDir: /workspace/work/39/77bbb640fa1f782626427d11256a11]
~> TaskHandler[id: 74; name: NFCORE_RNASEQ:RNASEQ:DUPRADAR (TREATMENT_mIFNa11_100000_REP3); status: NEW; exit: -; error: -; workDir: /workspace/work/90/3c14a6f62752e28cf0424c5cf266c1]
~> TaskHandler[id: 71; name: NFCORE_RNASEQ:RNASEQ:QUALIMAP_RNASEQ (TREATMENT_mIFNa11_100000_REP3); status: NEW; exit: -; error: -; workDir: /workspace/work/0b/8d0f3765251404278eac8de910469f]
~> TaskHandler[id: 72; name: NFCORE_RNASEQ:RNASEQ:BEDTOOLS_GENOMECOV_FW (TREATMENT_mIFNa11_100000_REP3); status: NEW; exit: -; error: -; workDir: /workspace/work/61/d0bcf59370ef1926bb7dff6c07d56f]
~> TaskHandler[id: 82; name: NFCORE_RNASEQ:RNASEQ:BEDTOOLS_GENOMECOV_REV (TREATMENT_mIFNa11_10000_REP3); status: NEW; exit: -; error: -; workDir: /workspace/work/e7/6b6b9a7a34477b7b3a8431227e596e]
~> TaskHandler[id: 78; name: NFCORE_RNASEQ:RNASEQ:BAM_MARKDUPLICATES_PICARD:SAMTOOLS_INDEX (TREATMENT_mIFNa11_10000_REP3); status: NEW; exit: -; error: -; workDir: /workspace/work/1c/b826b510d47f63fc363e65e7a54ee9]
~> TaskHandler[id: 81; name: NFCORE_RNASEQ:RNASEQ:BEDTOOLS_GENOMECOV_FW (TREATMENT_mIFNa11_10000_REP3); status: NEW; exit: -; error: -; workDir: /workspace/work/43/2adc5f2a0a8c9cb4dea77911b68e2d]
~> TaskHandler[id: 79; name: NFCORE_RNASEQ:RNASEQ:QUALIMAP_RNASEQ (TREATMENT_mIFNa11_10000_REP3); status: NEW; exit: -; error: -; workDir: /workspace/work/5c/c4f3ab390135d095f6e6df88afae9a]
~> TaskHandler[id: 83; name: NFCORE_RNASEQ:RNASEQ:SUBREAD_FEATURECOUNTS (TREATMENT_mIFNa11_10000_REP3); status: NEW; exit: -; error: -; workDir: /workspace/work/ed/8d52d766ceb1b0f176073a9aa88787]
~> TaskHandler[id: 80; name: NFCORE_RNASEQ:RNASEQ:STRINGTIE_STRINGTIE (TREATMENT_mIFNa11_10000_REP3); status: NEW; exit: -; error: -; workDir: /workspace/work/68/ac97da65ad2ca2fbc46caa5d7b920c]
.. remaining tasks omitted.
Oct-23 14:28:13.464 [Task monitor] DEBUG n.processor.TaskPollingMonitor - Task completed > TaskHandler[id: 68; name: NFCORE_RNASEQ:RNASEQ:ALIGN_STAR:BAM_SORT_STATS_SAMTOOLS:SAMTOOLS_SORT (TREATMENT_mIFNa11_10000_REP1); status: COMPLETED; exit: 0; error: -; workDir: /workspace/work/5b/2c6041cfea92513823909baac0d4a3]
Oct-23 14:28:13.474 [Task submitter] DEBUG nextflow.k8s.model.PodSpecBuilder - K8s LABEL VALUE exceeds allowed size: 63 -- offending str=NFCORE_RNASEQ:RNASEQ:BEDTOOLS_GENOMECOV_REV (TREATMENT_mIFNa11_100000_REP3)
Oct-23 14:28:13.475 [TaskFinalizer-3] DEBUG nextflow.processor.TaskProcessor - Process NFCORE_RNASEQ:RNASEQ:ALIGN_STAR:BAM_SORT_STATS_SAMTOOLS:SAMTOOLS_SORT > Skipping output binding because one or more optional files are missing: fileoutparam<1:1>
Oct-23 14:28:13.475 [TaskFinalizer-3] DEBUG nextflow.processor.TaskProcessor - Process NFCORE_RNASEQ:RNASEQ:ALIGN_STAR:BAM_SORT_STATS_SAMTOOLS:SAMTOOLS_SORT > Skipping output binding because one or more optional files are missing: fileoutparam<2:1>
Oct-23 14:28:13.476 [TaskFinalizer-3] DEBUG nextflow.processor.TaskProcessor - Process NFCORE_RNASEQ:RNASEQ:ALIGN_STAR:BAM_SORT_STATS_SAMTOOLS:SAMTOOLS_SORT > Skipping output binding because one or more optional files are missing: fileoutparam<3:1>
Oct-23 14:28:13.501 [Task submitter] INFO  nextflow.Session - [39/77bbb6] Submitted process > NFCORE_RNASEQ:RNASEQ:BEDTOOLS_GENOMECOV_REV (TREATMENT_mIFNa11_100000_REP3)
Oct-23 14:28:28.590 [Task monitor] DEBUG n.processor.TaskPollingMonitor - Task completed > TaskHandler[id: 75; name: NFCORE_RNASEQ:RNASEQ:BAM_MARKDUPLICATES_PICARD:SAMTOOLS_INDEX (TREATMENT_mIFNa11_100000_REP3); status: COMPLETED; exit: 0; error: -; workDir: /workspace/work/56/7c6abf0c72150389fbd0275f7e8e1d]
Oct-23 14:28:28.625 [Task submitter] INFO  nextflow.Session - [90/3c14a6] Submitted process > NFCORE_RNASEQ:RNASEQ:DUPRADAR (TREATMENT_mIFNa11_100000_REP3)
Oct-23 14:28:28.688 [TaskFinalizer-4] DEBUG nextflow.processor.TaskProcessor - Process NFCORE_RNASEQ:RNASEQ:BAM_MARKDUPLICATES_PICARD:SAMTOOLS_INDEX > Skipping output binding because one or more optional files are missing: fileoutparam<1:1>
Oct-23 14:28:28.688 [TaskFinalizer-4] DEBUG nextflow.processor.TaskProcessor - Process NFCORE_RNASEQ:RNASEQ:BAM_MARKDUPLICATES_PICARD:SAMTOOLS_INDEX > Skipping output binding because one or more optional files are missing: fileoutparam<2:1>
Oct-23 14:28:58.457 [Task monitor] DEBUG n.processor.TaskPollingMonitor - Task completed > TaskHandler[id: 70; name: NFCORE_RNASEQ:RNASEQ:STRINGTIE_STRINGTIE (TREATMENT_mIFNa11_100000_REP3); status: COMPLETED; exit: 0; error: -; workDir: /workspace/work/a2/300c79288ffc78e18f7e405f9ac885]
Oct-23 14:28:58.465 [Task submitter] DEBUG nextflow.k8s.model.PodSpecBuilder - K8s LABEL VALUE exceeds allowed size: 63 -- offending str=NFCORE_RNASEQ:RNASEQ:QUALIMAP_RNASEQ (TREATMENT_mIFNa11_100000_REP3)
Oct-23 14:28:58.505 [Task submitter] INFO  nextflow.Session - [0b/8d0f37] Submitted process > NFCORE_RNASEQ:RNASEQ:QUALIMAP_RNASEQ (TREATMENT_mIFNa11_100000_REP3)
Oct-23 14:30:39.162 [Task monitor] DEBUG n.processor.TaskPollingMonitor - Task completed > TaskHandler[id: 69; name: NFCORE_RNASEQ:RNASEQ:QUANTIFY_STAR_SALMON:SALMON_QUANT (TREATMENT_mIFNa11_10000_REP1); status: COMPLETED; exit: 0; error: -; workDir: /workspace/work/28/59ab249b2e672b2299ecc68fc4972c]
Oct-23 14:30:39.388 [Task submitter] DEBUG nextflow.k8s.model.PodSpecBuilder - K8s LABEL VALUE exceeds allowed size: 63 -- offending str=NFCORE_RNASEQ:RNASEQ:BEDTOOLS_GENOMECOV_FW (TREATMENT_mIFNa11_100000_REP3)
Oct-23 14:30:39.405 [Task submitter] INFO  nextflow.Session - [61/d0bcf5] Submitted process > NFCORE_RNASEQ:RNASEQ:BEDTOOLS_GENOMECOV_FW (TREATMENT_mIFNa11_100000_REP3)
Oct-23 14:30:49.601 [Task monitor] DEBUG n.processor.TaskPollingMonitor - Task completed > TaskHandler[id: 73; name: NFCORE_RNASEQ:RNASEQ:BEDTOOLS_GENOMECOV_REV (TREATMENT_mIFNa11_100000_REP3); status: COMPLETED; exit: 0; error: -; workDir: /workspace/work/39/77bbb640fa1f782626427d11256a11]
Oct-23 14:30:49.927 [TaskFinalizer-5] DEBUG nextflow.processor.TaskProcessor - Process NFCORE_RNASEQ:RNASEQ:QUANTIFY_STAR_SALMON:SALMON_QUANT > Skipping output binding because one or more optional files are missing: fileoutparam<2:1>
Oct-23 14:31:00.650 [Task submitter] DEBUG nextflow.k8s.model.PodSpecBuilder - K8s LABEL VALUE exceeds allowed size: 63 -- offending str=NFCORE_RNASEQ:RNASEQ:BEDTOOLS_GENOMECOV_REV (TREATMENT_mIFNa11_10000_REP3)
Oct-23 14:31:00.684 [Task submitter] INFO  nextflow.Session - [e7/6b6b9a] Submitted process > NFCORE_RNASEQ:RNASEQ:BEDTOOLS_GENOMECOV_REV (TREATMENT_mIFNa11_10000_REP3)
Oct-23 14:32:22.009 [Task monitor] DEBUG n.processor.TaskPollingMonitor - Task completed > TaskHandler[id: 60; name: NFCORE_RNASEQ:RNASEQ:BAM_MARKDUPLICATES_PICARD:PICARD_MARKDUPLICATES (TREATMENT_mIFNa11_10000_REP2); status: COMPLETED; exit: 0; error: -; workDir: /workspace/work/ac/7b288909796c8e1b1f8afabc3d5147]
Oct-23 14:32:22.027 [Task submitter] DEBUG nextflow.k8s.model.PodSpecBuilder - K8s LABEL VALUE exceeds allowed size: 63 -- offending str=NFCORE_RNASEQ:RNASEQ:BAM_MARKDUPLICATES_PICARD:SAMTOOLS_INDEX (TREATMENT_mIFNa11_10000_REP3)
Oct-23 14:32:22.031 [TaskFinalizer-7] DEBUG nextflow.processor.TaskProcessor - Process NFCORE_RNASEQ:RNASEQ:BAM_MARKDUPLICATES_PICARD:PICARD_MARKDUPLICATES > Skipping output binding because one or more optional files are missing: fileoutparam<1:1>
Oct-23 14:32:22.032 [TaskFinalizer-7] DEBUG nextflow.processor.TaskProcessor - Process NFCORE_RNASEQ:RNASEQ:BAM_MARKDUPLICATES_PICARD:PICARD_MARKDUPLICATES > Skipping output binding because one or more optional files are missing: fileoutparam<2:1>
Oct-23 14:32:22.055 [Task submitter] INFO  nextflow.Session - [1c/b826b5] Submitted process > NFCORE_RNASEQ:RNASEQ:BAM_MARKDUPLICATES_PICARD:SAMTOOLS_INDEX (TREATMENT_mIFNa11_10000_REP3)
Oct-23 14:33:00.708 [Task monitor] DEBUG n.processor.TaskPollingMonitor - !! executor k8s > tasks to be completed: 6 -- submitted tasks are shown below
~> TaskHandler[id: 62; name: NFCORE_RNASEQ:RNASEQ:QUALIMAP_RNASEQ (TREATMENT_mIFNa11_100000_REP2); status: RUNNING; exit: -; error: -; workDir: /workspace/work/ae/fce24a13280d17ac4da0e015ff5d2b]
~> TaskHandler[id: 74; name: NFCORE_RNASEQ:RNASEQ:DUPRADAR (TREATMENT_mIFNa11_100000_REP3); status: RUNNING; exit: -; error: -; workDir: /workspace/work/90/3c14a6f62752e28cf0424c5cf266c1]
~> TaskHandler[id: 71; name: NFCORE_RNASEQ:RNASEQ:QUALIMAP_RNASEQ (TREATMENT_mIFNa11_100000_REP3); status: RUNNING; exit: -; error: -; workDir: /workspace/work/0b/8d0f3765251404278eac8de910469f]
~> TaskHandler[id: 72; name: NFCORE_RNASEQ:RNASEQ:BEDTOOLS_GENOMECOV_FW (TREATMENT_mIFNa11_100000_REP3); status: RUNNING; exit: -; error: -; workDir: /workspace/work/61/d0bcf59370ef1926bb7dff6c07d56f]
~> TaskHandler[id: 82; name: NFCORE_RNASEQ:RNASEQ:BEDTOOLS_GENOMECOV_REV (TREATMENT_mIFNa11_10000_REP3); status: RUNNING; exit: -; error: -; workDir: /workspace/work/e7/6b6b9a7a34477b7b3a8431227e596e]
~> TaskHandler[id: 78; name: NFCORE_RNASEQ:RNASEQ:BAM_MARKDUPLICATES_PICARD:SAMTOOLS_INDEX (TREATMENT_mIFNa11_10000_REP3); status: RUNNING; exit: -; error: -; workDir: /workspace/work/1c/b826b510d47f63fc363e65e7a54ee9]
Oct-23 14:33:04.065 [Task submitter] DEBUG n.processor.TaskPollingMonitor - %% executor k8s > tasks in the submission queue: 41 -- tasks to be submitted are shown below
~> TaskHandler[id: 81; name: NFCORE_RNASEQ:RNASEQ:BEDTOOLS_GENOMECOV_FW (TREATMENT_mIFNa11_10000_REP3); status: NEW; exit: -; error: -; workDir: /workspace/work/43/2adc5f2a0a8c9cb4dea77911b68e2d]
~> TaskHandler[id: 79; name: NFCORE_RNASEQ:RNASEQ:QUALIMAP_RNASEQ (TREATMENT_mIFNa11_10000_REP3); status: NEW; exit: -; error: -; workDir: /workspace/work/5c/c4f3ab390135d095f6e6df88afae9a]
~> TaskHandler[id: 83; name: NFCORE_RNASEQ:RNASEQ:SUBREAD_FEATURECOUNTS (TREATMENT_mIFNa11_10000_REP3); status: NEW; exit: -; error: -; workDir: /workspace/work/ed/8d52d766ceb1b0f176073a9aa88787]
~> TaskHandler[id: 80; name: NFCORE_RNASEQ:RNASEQ:STRINGTIE_STRINGTIE (TREATMENT_mIFNa11_10000_REP3); status: NEW; exit: -; error: -; workDir: /workspace/work/68/ac97da65ad2ca2fbc46caa5d7b920c]
~> TaskHandler[id: 77; name: NFCORE_RNASEQ:RNASEQ:DUPRADAR (TREATMENT_mIFNa11_10000_REP3); status: NEW; exit: -; error: -; workDir: /workspace/work/34/7f5b5f035d10164a70a280ef886f19]
~> TaskHandler[id: 85; name: NFCORE_RNASEQ:RNASEQ:STRINGTIE_STRINGTIE (TREATMENT_mIFNa11_100000_REP1); status: NEW; exit: -; error: -; workDir: /workspace/work/fa/2082c923612471b91493ff416c44fb]
~> TaskHandler[id: 87; name: NFCORE_RNASEQ:RNASEQ:BAM_MARKDUPLICATES_PICARD:SAMTOOLS_INDEX (TREATMENT_mIFNa11_100000_REP1); status: NEW; exit: -; error: -; workDir: /workspace/work/ce/a0694bb59768a3acf3e1dbee77b2c1]
~> TaskHandler[id: 86; name: NFCORE_RNASEQ:RNASEQ:QUALIMAP_RNASEQ (TREATMENT_mIFNa11_100000_REP1); status: NEW; exit: -; error: -; workDir: /workspace/work/98/cbbe732b5a6a89d40a35bef1cf30b9]
~> TaskHandler[id: 89; name: NFCORE_RNASEQ:RNASEQ:BEDTOOLS_GENOMECOV_FW (TREATMENT_mIFNa11_100000_REP1); status: NEW; exit: -; error: -; workDir: /workspace/work/2c/87f4db45cd88351c1fabdf2a1144a5]
~> TaskHandler[id: 88; name: NFCORE_RNASEQ:RNASEQ:BEDTOOLS_GENOMECOV_REV (TREATMENT_mIFNa11_100000_REP1); status: NEW; exit: -; error: -; workDir: /workspace/work/08/4f2b56e42ecd706e1c84cd6ac40c32]
.. remaining tasks omitted.
Oct-23 14:33:19.071 [Task monitor] DEBUG n.processor.TaskPollingMonitor - Task completed > TaskHandler[id: 78; name: NFCORE_RNASEQ:RNASEQ:BAM_MARKDUPLICATES_PICARD:SAMTOOLS_INDEX (TREATMENT_mIFNa11_10000_REP3); status: COMPLETED; exit: 0; error: -; workDir: /workspace/work/1c/b826b510d47f63fc363e65e7a54ee9]
Oct-23 14:33:19.081 [Task submitter] DEBUG nextflow.k8s.model.PodSpecBuilder - K8s LABEL VALUE exceeds allowed size: 63 -- offending str=NFCORE_RNASEQ:RNASEQ:BEDTOOLS_GENOMECOV_FW (TREATMENT_mIFNa11_10000_REP3)
Oct-23 14:33:19.105 [Task submitter] INFO  nextflow.Session - [43/2adc5f] Submitted process > NFCORE_RNASEQ:RNASEQ:BEDTOOLS_GENOMECOV_FW (TREATMENT_mIFNa11_10000_REP3)
Oct-23 14:33:24.301 [TaskFinalizer-9] DEBUG nextflow.processor.TaskProcessor - Process NFCORE_RNASEQ:RNASEQ:BAM_MARKDUPLICATES_PICARD:SAMTOOLS_INDEX > Skipping output binding because one or more optional files are missing: fileoutparam<1:1>
Oct-23 14:33:24.301 [TaskFinalizer-9] DEBUG nextflow.processor.TaskProcessor - Process NFCORE_RNASEQ:RNASEQ:BAM_MARKDUPLICATES_PICARD:SAMTOOLS_INDEX > Skipping output binding because one or more optional files are missing: fileoutparam<2:1>
Oct-23 14:33:59.249 [Task monitor] DEBUG n.processor.TaskPollingMonitor - Task completed > TaskHandler[id: 72; name: NFCORE_RNASEQ:RNASEQ:BEDTOOLS_GENOMECOV_FW (TREATMENT_mIFNa11_100000_REP3); status: COMPLETED; exit: 0; error: -; workDir: /workspace/work/61/d0bcf59370ef1926bb7dff6c07d56f]
Oct-23 14:33:59.257 [Task submitter] DEBUG nextflow.k8s.model.PodSpecBuilder - K8s LABEL VALUE exceeds allowed size: 63 -- offending str=NFCORE_RNASEQ:RNASEQ:QUALIMAP_RNASEQ (TREATMENT_mIFNa11_10000_REP3)
Oct-23 14:33:59.298 [Task submitter] INFO  nextflow.Session - [5c/c4f3ab] Submitted process > NFCORE_RNASEQ:RNASEQ:QUALIMAP_RNASEQ (TREATMENT_mIFNa11_10000_REP3)
Oct-23 14:34:19.088 [Task monitor] DEBUG n.processor.TaskPollingMonitor - Task completed > TaskHandler[id: 82; name: NFCORE_RNASEQ:RNASEQ:BEDTOOLS_GENOMECOV_REV (TREATMENT_mIFNa11_10000_REP3); status: COMPLETED; exit: 0; error: -; workDir: /workspace/work/e7/6b6b9a7a34477b7b3a8431227e596e]
Oct-23 14:34:19.096 [Task submitter] DEBUG nextflow.k8s.model.PodSpecBuilder - K8s LABEL VALUE exceeds allowed size: 63 -- offending str=NFCORE_RNASEQ:RNASEQ:SUBREAD_FEATURECOUNTS (TREATMENT_mIFNa11_10000_REP3)
Oct-23 14:34:19.120 [Task submitter] INFO  nextflow.Session - [ed/8d52d7] Submitted process > NFCORE_RNASEQ:RNASEQ:SUBREAD_FEATURECOUNTS (TREATMENT_mIFNa11_10000_REP3)
Oct-23 14:34:24.057 [Task monitor] DEBUG n.processor.TaskPollingMonitor - Task completed > TaskHandler[id: 74; name: NFCORE_RNASEQ:RNASEQ:DUPRADAR (TREATMENT_mIFNa11_100000_REP3); status: COMPLETED; exit: 0; error: -; workDir: /workspace/work/90/3c14a6f62752e28cf0424c5cf266c1]
Oct-23 14:34:24.065 [Task submitter] DEBUG nextflow.k8s.model.PodSpecBuilder - K8s LABEL VALUE exceeds allowed size: 63 -- offending str=NFCORE_RNASEQ:RNASEQ:STRINGTIE_STRINGTIE (TREATMENT_mIFNa11_10000_REP3)
Oct-23 14:34:24.089 [Task submitter] INFO  nextflow.Session - [68/ac97da] Submitted process > NFCORE_RNASEQ:RNASEQ:STRINGTIE_STRINGTIE (TREATMENT_mIFNa11_10000_REP3)
Oct-23 14:35:14.069 [Task monitor] DEBUG n.processor.TaskPollingMonitor - Task completed > TaskHandler[id: 83; name: NFCORE_RNASEQ:RNASEQ:SUBREAD_FEATURECOUNTS (TREATMENT_mIFNa11_10000_REP3); status: COMPLETED; exit: 0; error: -; workDir: /workspace/work/ed/8d52d766ceb1b0f176073a9aa88787]
Oct-23 14:35:14.103 [Task submitter] INFO  nextflow.Session - [34/7f5b5f] Submitted process > NFCORE_RNASEQ:RNASEQ:DUPRADAR (TREATMENT_mIFNa11_10000_REP3)
Oct-23 14:36:37.167 [Task monitor] DEBUG n.processor.TaskPollingMonitor - Task completed > TaskHandler[id: 81; name: NFCORE_RNASEQ:RNASEQ:BEDTOOLS_GENOMECOV_FW (TREATMENT_mIFNa11_10000_REP3); status: COMPLETED; exit: 0; error: -; workDir: /workspace/work/43/2adc5f2a0a8c9cb4dea77911b68e2d]
Oct-23 14:36:37.256 [Task submitter] DEBUG nextflow.k8s.model.PodSpecBuilder - K8s LABEL VALUE exceeds allowed size: 63 -- offending str=NFCORE_RNASEQ:RNASEQ:STRINGTIE_STRINGTIE (TREATMENT_mIFNa11_100000_REP1)
Oct-23 14:36:37.294 [Task submitter] INFO  nextflow.Session - [fa/2082c9] Submitted process > NFCORE_RNASEQ:RNASEQ:STRINGTIE_STRINGTIE (TREATMENT_mIFNa11_100000_REP1)
Oct-23 14:37:39.522 [Task monitor] DEBUG n.processor.TaskPollingMonitor - Task completed > TaskHandler[id: 80; name: NFCORE_RNASEQ:RNASEQ:STRINGTIE_STRINGTIE (TREATMENT_mIFNa11_10000_REP3); status: COMPLETED; exit: 0; error: -; workDir: /workspace/work/68/ac97da65ad2ca2fbc46caa5d7b920c]
Oct-23 14:37:39.531 [Task submitter] DEBUG nextflow.k8s.model.PodSpecBuilder - K8s LABEL VALUE exceeds allowed size: 63 -- offending str=NFCORE_RNASEQ:RNASEQ:BAM_MARKDUPLICATES_PICARD:SAMTOOLS_INDEX (TREATMENT_mIFNa11_100000_REP1)
Oct-23 14:37:39.557 [Task submitter] INFO  nextflow.Session - [ce/a0694b] Submitted process > NFCORE_RNASEQ:RNASEQ:BAM_MARKDUPLICATES_PICARD:SAMTOOLS_INDEX (TREATMENT_mIFNa11_100000_REP1)
Oct-23 14:38:03.979 [Task monitor] DEBUG n.processor.TaskPollingMonitor - !! executor k8s > tasks to be completed: 6 -- submitted tasks are shown below
~> TaskHandler[id: 62; name: NFCORE_RNASEQ:RNASEQ:QUALIMAP_RNASEQ (TREATMENT_mIFNa11_100000_REP2); status: RUNNING; exit: -; error: -; workDir: /workspace/work/ae/fce24a13280d17ac4da0e015ff5d2b]
~> TaskHandler[id: 71; name: NFCORE_RNASEQ:RNASEQ:QUALIMAP_RNASEQ (TREATMENT_mIFNa11_100000_REP3); status: RUNNING; exit: -; error: -; workDir: /workspace/work/0b/8d0f3765251404278eac8de910469f]
~> TaskHandler[id: 79; name: NFCORE_RNASEQ:RNASEQ:QUALIMAP_RNASEQ (TREATMENT_mIFNa11_10000_REP3); status: RUNNING; exit: -; error: -; workDir: /workspace/work/5c/c4f3ab390135d095f6e6df88afae9a]
~> TaskHandler[id: 77; name: NFCORE_RNASEQ:RNASEQ:DUPRADAR (TREATMENT_mIFNa11_10000_REP3); status: RUNNING; exit: -; error: -; workDir: /workspace/work/34/7f5b5f035d10164a70a280ef886f19]
~> TaskHandler[id: 85; name: NFCORE_RNASEQ:RNASEQ:STRINGTIE_STRINGTIE (TREATMENT_mIFNa11_100000_REP1); status: RUNNING; exit: -; error: -; workDir: /workspace/work/fa/2082c923612471b91493ff416c44fb]
~> TaskHandler[id: 87; name: NFCORE_RNASEQ:RNASEQ:BAM_MARKDUPLICATES_PICARD:SAMTOOLS_INDEX (TREATMENT_mIFNa11_100000_REP1); status: RUNNING; exit: -; error: -; workDir: /workspace/work/ce/a0694bb59768a3acf3e1dbee77b2c1]
Oct-23 14:38:04.563 [Task submitter] DEBUG n.processor.TaskPollingMonitor - %% executor k8s > tasks in the submission queue: 45 -- tasks to be submitted are shown below
~> TaskHandler[id: 86; name: NFCORE_RNASEQ:RNASEQ:QUALIMAP_RNASEQ (TREATMENT_mIFNa11_100000_REP1); status: NEW; exit: -; error: -; workDir: /workspace/work/98/cbbe732b5a6a89d40a35bef1cf30b9]
~> TaskHandler[id: 89; name: NFCORE_RNASEQ:RNASEQ:BEDTOOLS_GENOMECOV_FW (TREATMENT_mIFNa11_100000_REP1); status: NEW; exit: -; error: -; workDir: /workspace/work/2c/87f4db45cd88351c1fabdf2a1144a5]
~> TaskHandler[id: 88; name: NFCORE_RNASEQ:RNASEQ:BEDTOOLS_GENOMECOV_REV (TREATMENT_mIFNa11_100000_REP1); status: NEW; exit: -; error: -; workDir: /workspace/work/08/4f2b56e42ecd706e1c84cd6ac40c32]
~> TaskHandler[id: 90; name: NFCORE_RNASEQ:RNASEQ:SUBREAD_FEATURECOUNTS (TREATMENT_mIFNa11_100000_REP1); status: NEW; exit: -; error: -; workDir: /workspace/work/62/1cb12315eb26cc30e1793a5db1a46a]
~> TaskHandler[id: 84; name: NFCORE_RNASEQ:RNASEQ:DUPRADAR (TREATMENT_mIFNa11_100000_REP1); status: NEW; exit: -; error: -; workDir: /workspace/work/e1/b2aa7506f10dca3f7e2dcce265c7fc]
~> TaskHandler[id: 96; name: NFCORE_RNASEQ:RNASEQ:BAM_RSEQC:RSEQC_BAMSTAT (TREATMENT_mIFNa11_100000_REP2); status: NEW; exit: -; error: -; workDir: /workspace/work/e0/33928e87174180512970665492fa58]
~> TaskHandler[id: 92; name: NFCORE_RNASEQ:RNASEQ:BAM_RSEQC:RSEQC_INNERDISTANCE (TREATMENT_mIFNa11_100000_REP2); status: NEW; exit: -; error: -; workDir: /workspace/work/87/c07f3c06d038f56ff3805472fe8085]
~> TaskHandler[id: 95; name: NFCORE_RNASEQ:RNASEQ:BAM_RSEQC:RSEQC_INFEREXPERIMENT (TREATMENT_mIFNa11_100000_REP2); status: NEW; exit: -; error: -; workDir: /workspace/work/47/754ec53bf00292916ca2df0edebb10]
~> TaskHandler[id: 97; name: NFCORE_RNASEQ:RNASEQ:BAM_RSEQC:RSEQC_READDISTRIBUTION (TREATMENT_mIFNa11_100000_REP2); status: NEW; exit: -; error: -; workDir: /workspace/work/e9/24db7251b2de4abd9fe79a51c24136]
~> TaskHandler[id: 94; name: NFCORE_RNASEQ:RNASEQ:BAM_RSEQC:RSEQC_JUNCTIONSATURATION (TREATMENT_mIFNa11_100000_REP2); status: NEW; exit: -; error: -; workDir: /workspace/work/2f/8823ea4b9988226d6ac69b4b0f18e5]
.. remaining tasks omitted.
Oct-23 14:38:24.747 [Task monitor] DEBUG n.processor.TaskPollingMonitor - Task completed > TaskHandler[id: 87; name: NFCORE_RNASEQ:RNASEQ:BAM_MARKDUPLICATES_PICARD:SAMTOOLS_INDEX (TREATMENT_mIFNa11_100000_REP1); status: COMPLETED; exit: 0; error: -; workDir: /workspace/work/ce/a0694bb59768a3acf3e1dbee77b2c1]
Oct-23 14:38:24.755 [Task submitter] DEBUG nextflow.k8s.model.PodSpecBuilder - K8s LABEL VALUE exceeds allowed size: 63 -- offending str=NFCORE_RNASEQ:RNASEQ:QUALIMAP_RNASEQ (TREATMENT_mIFNa11_100000_REP1)
Oct-23 14:38:24.783 [Task submitter] INFO  nextflow.Session - [98/cbbe73] Submitted process > NFCORE_RNASEQ:RNASEQ:QUALIMAP_RNASEQ (TREATMENT_mIFNa11_100000_REP1)
Oct-23 14:38:35.045 [TaskFinalizer-8] DEBUG nextflow.processor.TaskProcessor - Process NFCORE_RNASEQ:RNASEQ:BAM_MARKDUPLICATES_PICARD:SAMTOOLS_INDEX > Skipping output binding because one or more optional files are missing: fileoutparam<1:1>
Oct-23 14:38:35.045 [TaskFinalizer-8] DEBUG nextflow.processor.TaskProcessor - Process NFCORE_RNASEQ:RNASEQ:BAM_MARKDUPLICATES_PICARD:SAMTOOLS_INDEX > Skipping output binding because one or more optional files are missing: fileoutparam<2:1>
Oct-23 14:39:34.802 [Task monitor] DEBUG n.processor.TaskPollingMonitor - Task completed > TaskHandler[id: 62; name: NFCORE_RNASEQ:RNASEQ:QUALIMAP_RNASEQ (TREATMENT_mIFNa11_100000_REP2); status: COMPLETED; exit: 0; error: -; workDir: /workspace/work/ae/fce24a13280d17ac4da0e015ff5d2b]
Oct-23 14:39:34.811 [Task submitter] DEBUG nextflow.k8s.model.PodSpecBuilder - K8s LABEL VALUE exceeds allowed size: 63 -- offending str=NFCORE_RNASEQ:RNASEQ:BEDTOOLS_GENOMECOV_FW (TREATMENT_mIFNa11_100000_REP1)
Oct-23 14:39:34.833 [Task submitter] INFO  nextflow.Session - [2c/87f4db] Submitted process > NFCORE_RNASEQ:RNASEQ:BEDTOOLS_GENOMECOV_FW (TREATMENT_mIFNa11_100000_REP1)
Oct-23 14:40:51.644 [Task monitor] DEBUG n.processor.TaskPollingMonitor - Task completed > TaskHandler[id: 85; name: NFCORE_RNASEQ:RNASEQ:STRINGTIE_STRINGTIE (TREATMENT_mIFNa11_100000_REP1); status: COMPLETED; exit: 0; error: -; workDir: /workspace/work/fa/2082c923612471b91493ff416c44fb]
Oct-23 14:40:51.662 [Task submitter] DEBUG nextflow.k8s.model.PodSpecBuilder - K8s LABEL VALUE exceeds allowed size: 63 -- offending str=NFCORE_RNASEQ:RNASEQ:BEDTOOLS_GENOMECOV_REV (TREATMENT_mIFNa11_100000_REP1)
Oct-23 14:40:51.689 [Task submitter] INFO  nextflow.Session - [08/4f2b56] Submitted process > NFCORE_RNASEQ:RNASEQ:BEDTOOLS_GENOMECOV_REV (TREATMENT_mIFNa11_100000_REP1)
Oct-23 14:43:04.710 [Task submitter] DEBUG n.processor.TaskPollingMonitor - %% executor k8s > tasks in the submission queue: 49 -- tasks to be submitted are shown below
~> TaskHandler[id: 90; name: NFCORE_RNASEQ:RNASEQ:SUBREAD_FEATURECOUNTS (TREATMENT_mIFNa11_100000_REP1); status: NEW; exit: -; error: -; workDir: /workspace/work/62/1cb12315eb26cc30e1793a5db1a46a]
~> TaskHandler[id: 84; name: NFCORE_RNASEQ:RNASEQ:DUPRADAR (TREATMENT_mIFNa11_100000_REP1); status: NEW; exit: -; error: -; workDir: /workspace/work/e1/b2aa7506f10dca3f7e2dcce265c7fc]
~> TaskHandler[id: 96; name: NFCORE_RNASEQ:RNASEQ:BAM_RSEQC:RSEQC_BAMSTAT (TREATMENT_mIFNa11_100000_REP2); status: NEW; exit: -; error: -; workDir: /workspace/work/e0/33928e87174180512970665492fa58]
~> TaskHandler[id: 92; name: NFCORE_RNASEQ:RNASEQ:BAM_RSEQC:RSEQC_INNERDISTANCE (TREATMENT_mIFNa11_100000_REP2); status: NEW; exit: -; error: -; workDir: /workspace/work/87/c07f3c06d038f56ff3805472fe8085]
~> TaskHandler[id: 95; name: NFCORE_RNASEQ:RNASEQ:BAM_RSEQC:RSEQC_INFEREXPERIMENT (TREATMENT_mIFNa11_100000_REP2); status: NEW; exit: -; error: -; workDir: /workspace/work/47/754ec53bf00292916ca2df0edebb10]
~> TaskHandler[id: 97; name: NFCORE_RNASEQ:RNASEQ:BAM_RSEQC:RSEQC_READDISTRIBUTION (TREATMENT_mIFNa11_100000_REP2); status: NEW; exit: -; error: -; workDir: /workspace/work/e9/24db7251b2de4abd9fe79a51c24136]
~> TaskHandler[id: 94; name: NFCORE_RNASEQ:RNASEQ:BAM_RSEQC:RSEQC_JUNCTIONSATURATION (TREATMENT_mIFNa11_100000_REP2); status: NEW; exit: -; error: -; workDir: /workspace/work/2f/8823ea4b9988226d6ac69b4b0f18e5]
~> TaskHandler[id: 91; name: NFCORE_RNASEQ:RNASEQ:BAM_RSEQC:RSEQC_READDUPLICATION (TREATMENT_mIFNa11_100000_REP2); status: NEW; exit: -; error: -; workDir: /workspace/work/78/14a0dccb5807468494b917b3f7a9c9]
~> TaskHandler[id: 93; name: NFCORE_RNASEQ:RNASEQ:BAM_RSEQC:RSEQC_JUNCTIONANNOTATION (TREATMENT_mIFNa11_100000_REP2); status: NEW; exit: -; error: -; workDir: /workspace/work/57/edbc6adb39be544e3b3cdabff59df5]
~> TaskHandler[id: 98; name: NFCORE_RNASEQ:RNASEQ:BEDGRAPH_BEDCLIP_BEDGRAPHTOBIGWIG_REVERSE:UCSC_BEDCLIP (TREATMENT_mIFNa11_100000_REP2); status: NEW; exit: -; error: -; workDir: /workspace/work/24/350293c59f839289cec773cd8ce1c0]
.. remaining tasks omitted.
Oct-23 14:43:06.695 [Task monitor] DEBUG n.processor.TaskPollingMonitor - !! executor k8s > tasks to be completed: 6 -- submitted tasks are shown below
~> TaskHandler[id: 71; name: NFCORE_RNASEQ:RNASEQ:QUALIMAP_RNASEQ (TREATMENT_mIFNa11_100000_REP3); status: RUNNING; exit: -; error: -; workDir: /workspace/work/0b/8d0f3765251404278eac8de910469f]
~> TaskHandler[id: 79; name: NFCORE_RNASEQ:RNASEQ:QUALIMAP_RNASEQ (TREATMENT_mIFNa11_10000_REP3); status: RUNNING; exit: -; error: -; workDir: /workspace/work/5c/c4f3ab390135d095f6e6df88afae9a]
~> TaskHandler[id: 77; name: NFCORE_RNASEQ:RNASEQ:DUPRADAR (TREATMENT_mIFNa11_10000_REP3); status: RUNNING; exit: -; error: -; workDir: /workspace/work/34/7f5b5f035d10164a70a280ef886f19]
~> TaskHandler[id: 86; name: NFCORE_RNASEQ:RNASEQ:QUALIMAP_RNASEQ (TREATMENT_mIFNa11_100000_REP1); status: RUNNING; exit: -; error: -; workDir: /workspace/work/98/cbbe732b5a6a89d40a35bef1cf30b9]
~> TaskHandler[id: 89; name: NFCORE_RNASEQ:RNASEQ:BEDTOOLS_GENOMECOV_FW (TREATMENT_mIFNa11_100000_REP1); status: RUNNING; exit: -; error: -; workDir: /workspace/work/2c/87f4db45cd88351c1fabdf2a1144a5]
~> TaskHandler[id: 88; name: NFCORE_RNASEQ:RNASEQ:BEDTOOLS_GENOMECOV_REV (TREATMENT_mIFNa11_100000_REP1); status: RUNNING; exit: -; error: -; workDir: /workspace/work/08/4f2b56e42ecd706e1c84cd6ac40c32]
Oct-23 14:43:30.773 [Task monitor] DEBUG n.processor.TaskPollingMonitor - Task completed > TaskHandler[id: 89; name: NFCORE_RNASEQ:RNASEQ:BEDTOOLS_GENOMECOV_FW (TREATMENT_mIFNa11_100000_REP1); status: COMPLETED; exit: 0; error: -; workDir: /workspace/work/2c/87f4db45cd88351c1fabdf2a1144a5]
Oct-23 14:43:30.782 [Task submitter] DEBUG nextflow.k8s.model.PodSpecBuilder - K8s LABEL VALUE exceeds allowed size: 63 -- offending str=NFCORE_RNASEQ:RNASEQ:SUBREAD_FEATURECOUNTS (TREATMENT_mIFNa11_100000_REP1)
Oct-23 14:43:30.831 [Task submitter] INFO  nextflow.Session - [62/1cb123] Submitted process > NFCORE_RNASEQ:RNASEQ:SUBREAD_FEATURECOUNTS (TREATMENT_mIFNa11_100000_REP1)
Oct-23 14:43:31.738 [Task monitor] DEBUG n.processor.TaskPollingMonitor - Task completed > TaskHandler[id: 77; name: NFCORE_RNASEQ:RNASEQ:DUPRADAR (TREATMENT_mIFNa11_10000_REP3); status: COMPLETED; exit: 0; error: -; workDir: /workspace/work/34/7f5b5f035d10164a70a280ef886f19]
Oct-23 14:43:31.788 [Task submitter] INFO  nextflow.Session - [e1/b2aa75] Submitted process > NFCORE_RNASEQ:RNASEQ:DUPRADAR (TREATMENT_mIFNa11_100000_REP1)
Oct-23 14:44:00.900 [Task monitor] DEBUG n.processor.TaskPollingMonitor - Task completed > TaskHandler[id: 88; name: NFCORE_RNASEQ:RNASEQ:BEDTOOLS_GENOMECOV_REV (TREATMENT_mIFNa11_100000_REP1); status: COMPLETED; exit: 0; error: -; workDir: /workspace/work/08/4f2b56e42ecd706e1c84cd6ac40c32]
Oct-23 14:44:00.908 [Task submitter] DEBUG nextflow.k8s.model.PodSpecBuilder - K8s LABEL VALUE exceeds allowed size: 63 -- offending str=NFCORE_RNASEQ:RNASEQ:BAM_RSEQC:RSEQC_BAMSTAT (TREATMENT_mIFNa11_100000_REP2)
Oct-23 14:44:00.936 [Task submitter] INFO  nextflow.Session - [e0/33928e] Submitted process > NFCORE_RNASEQ:RNASEQ:BAM_RSEQC:RSEQC_BAMSTAT (TREATMENT_mIFNa11_100000_REP2)
Oct-23 14:44:21.013 [Task monitor] DEBUG n.processor.TaskPollingMonitor - Task completed > TaskHandler[id: 90; name: NFCORE_RNASEQ:RNASEQ:SUBREAD_FEATURECOUNTS (TREATMENT_mIFNa11_100000_REP1); status: COMPLETED; exit: 0; error: -; workDir: /workspace/work/62/1cb12315eb26cc30e1793a5db1a46a]
Oct-23 14:44:21.022 [Task submitter] DEBUG nextflow.k8s.model.PodSpecBuilder - K8s LABEL VALUE exceeds allowed size: 63 -- offending str=NFCORE_RNASEQ:RNASEQ:BAM_RSEQC:RSEQC_INNERDISTANCE (TREATMENT_mIFNa11_100000_REP2)
Oct-23 14:44:21.065 [Task submitter] INFO  nextflow.Session - [87/c07f3c] Submitted process > NFCORE_RNASEQ:RNASEQ:BAM_RSEQC:RSEQC_INNERDISTANCE (TREATMENT_mIFNa11_100000_REP2)
Oct-23 14:46:40.900 [Task monitor] DEBUG n.processor.TaskPollingMonitor - Task completed > TaskHandler[id: 92; name: NFCORE_RNASEQ:RNASEQ:BAM_RSEQC:RSEQC_INNERDISTANCE (TREATMENT_mIFNa11_100000_REP2); status: COMPLETED; exit: 0; error: -; workDir: /workspace/work/87/c07f3c06d038f56ff3805472fe8085]
Oct-23 14:46:40.925 [Task submitter] DEBUG nextflow.k8s.model.PodSpecBuilder - K8s LABEL VALUE exceeds allowed size: 63 -- offending str=NFCORE_RNASEQ:RNASEQ:BAM_RSEQC:RSEQC_INFEREXPERIMENT (TREATMENT_mIFNa11_100000_REP2)
Oct-23 14:46:40.973 [Task submitter] INFO  nextflow.Session - [47/754ec5] Submitted process > NFCORE_RNASEQ:RNASEQ:BAM_RSEQC:RSEQC_INFEREXPERIMENT (TREATMENT_mIFNa11_100000_REP2)
Oct-23 14:46:55.920 [Task monitor] DEBUG n.processor.TaskPollingMonitor - Task completed > TaskHandler[id: 96; name: NFCORE_RNASEQ:RNASEQ:BAM_RSEQC:RSEQC_BAMSTAT (TREATMENT_mIFNa11_100000_REP2); status: COMPLETED; exit: 0; error: -; workDir: /workspace/work/e0/33928e87174180512970665492fa58]
Oct-23 14:46:55.928 [Task submitter] DEBUG nextflow.k8s.model.PodSpecBuilder - K8s LABEL VALUE exceeds allowed size: 63 -- offending str=NFCORE_RNASEQ:RNASEQ:BAM_RSEQC:RSEQC_READDISTRIBUTION (TREATMENT_mIFNa11_100000_REP2)
Oct-23 14:46:55.951 [Task submitter] INFO  nextflow.Session - [e9/24db72] Submitted process > NFCORE_RNASEQ:RNASEQ:BAM_RSEQC:RSEQC_READDISTRIBUTION (TREATMENT_mIFNa11_100000_REP2)
Oct-23 14:47:00.940 [Task monitor] DEBUG n.processor.TaskPollingMonitor - Task completed > TaskHandler[id: 95; name: NFCORE_RNASEQ:RNASEQ:BAM_RSEQC:RSEQC_INFEREXPERIMENT (TREATMENT_mIFNa11_100000_REP2); status: COMPLETED; exit: 0; error: -; workDir: /workspace/work/47/754ec53bf00292916ca2df0edebb10]
Oct-23 14:47:00.949 [Task submitter] DEBUG nextflow.k8s.model.PodSpecBuilder - K8s LABEL VALUE exceeds allowed size: 63 -- offending str=NFCORE_RNASEQ:RNASEQ:BAM_RSEQC:RSEQC_JUNCTIONSATURATION (TREATMENT_mIFNa11_100000_REP2)
Oct-23 14:47:00.982 [Task submitter] INFO  nextflow.Session - [2f/8823ea] Submitted process > NFCORE_RNASEQ:RNASEQ:BAM_RSEQC:RSEQC_JUNCTIONSATURATION (TREATMENT_mIFNa11_100000_REP2)
Oct-23 14:48:04.992 [Task submitter] DEBUG n.processor.TaskPollingMonitor - %% executor k8s > tasks in the submission queue: 45 -- tasks to be submitted are shown below
~> TaskHandler[id: 91; name: NFCORE_RNASEQ:RNASEQ:BAM_RSEQC:RSEQC_READDUPLICATION (TREATMENT_mIFNa11_100000_REP2); status: NEW; exit: -; error: -; workDir: /workspace/work/78/14a0dccb5807468494b917b3f7a9c9]
~> TaskHandler[id: 93; name: NFCORE_RNASEQ:RNASEQ:BAM_RSEQC:RSEQC_JUNCTIONANNOTATION (TREATMENT_mIFNa11_100000_REP2); status: NEW; exit: -; error: -; workDir: /workspace/work/57/edbc6adb39be544e3b3cdabff59df5]
~> TaskHandler[id: 98; name: NFCORE_RNASEQ:RNASEQ:BEDGRAPH_BEDCLIP_BEDGRAPHTOBIGWIG_REVERSE:UCSC_BEDCLIP (TREATMENT_mIFNa11_100000_REP2); status: NEW; exit: -; error: -; workDir: /workspace/work/24/350293c59f839289cec773cd8ce1c0]
~> TaskHandler[id: 99; name: NFCORE_RNASEQ:RNASEQ:MULTIQC_CUSTOM_BIOTYPE (TREATMENT_mIFNa11_100000_REP2); status: NEW; exit: -; error: -; workDir: /workspace/work/20/39d7831f06bda37a2a898f649fcdb2]
~> TaskHandler[id: 100; name: NFCORE_RNASEQ:RNASEQ:BEDGRAPH_BEDCLIP_BEDGRAPHTOBIGWIG_FORWARD:UCSC_BEDCLIP (TREATMENT_mIFNa11_100000_REP2); status: NEW; exit: -; error: -; workDir: /workspace/work/1a/46d795e9893288db23627eaafae5b4]
~> TaskHandler[id: 101; name: NFCORE_RNASEQ:RNASEQ:QUANTIFY_PSEUDO_ALIGNMENT:CUSTOM_TX2GENE (null); status: NEW; exit: -; error: -; workDir: /workspace/work/98/4577f5b146d294732e02c4d73d8100]
~> TaskHandler[id: 102; name: NFCORE_RNASEQ:RNASEQ:MULTIQC_CUSTOM_BIOTYPE (TREATMENT_mIFNa11_100000_REP3); status: NEW; exit: -; error: -; workDir: /workspace/work/0a/dae655b889f5a1f7f0a6287278e0ca]
~> TaskHandler[id: 103; name: NFCORE_RNASEQ:RNASEQ:ALIGN_STAR:BAM_SORT_STATS_SAMTOOLS:SAMTOOLS_INDEX (TREATMENT_mIFNa11_10000_REP1); status: NEW; exit: -; error: -; workDir: /workspace/work/f1/f4db4fc1972c424f6b975c20ae9d00]
~> TaskHandler[id: 106; name: NFCORE_RNASEQ:RNASEQ:BAM_RSEQC:RSEQC_BAMSTAT (TREATMENT_mIFNa11_100000_REP3); status: NEW; exit: -; error: -; workDir: /workspace/work/03/1e1bfce36dfcd6ddf007e41ec581b6]
~> TaskHandler[id: 109; name: NFCORE_RNASEQ:RNASEQ:BAM_RSEQC:RSEQC_INFEREXPERIMENT (TREATMENT_mIFNa11_100000_REP3); status: NEW; exit: -; error: -; workDir: /workspace/work/6d/4734a56c13815c0baee7736edcbbec]
.. remaining tasks omitted.
Oct-23 14:48:10.792 [Task monitor] DEBUG n.processor.TaskPollingMonitor - !! executor k8s > tasks to be completed: 6 -- submitted tasks are shown below
~> TaskHandler[id: 71; name: NFCORE_RNASEQ:RNASEQ:QUALIMAP_RNASEQ (TREATMENT_mIFNa11_100000_REP3); status: RUNNING; exit: -; error: -; workDir: /workspace/work/0b/8d0f3765251404278eac8de910469f]
~> TaskHandler[id: 79; name: NFCORE_RNASEQ:RNASEQ:QUALIMAP_RNASEQ (TREATMENT_mIFNa11_10000_REP3); status: RUNNING; exit: -; error: -; workDir: /workspace/work/5c/c4f3ab390135d095f6e6df88afae9a]
~> TaskHandler[id: 86; name: NFCORE_RNASEQ:RNASEQ:QUALIMAP_RNASEQ (TREATMENT_mIFNa11_100000_REP1); status: RUNNING; exit: -; error: -; workDir: /workspace/work/98/cbbe732b5a6a89d40a35bef1cf30b9]
~> TaskHandler[id: 84; name: NFCORE_RNASEQ:RNASEQ:DUPRADAR (TREATMENT_mIFNa11_100000_REP1); status: RUNNING; exit: -; error: -; workDir: /workspace/work/e1/b2aa7506f10dca3f7e2dcce265c7fc]
~> TaskHandler[id: 97; name: NFCORE_RNASEQ:RNASEQ:BAM_RSEQC:RSEQC_READDISTRIBUTION (TREATMENT_mIFNa11_100000_REP2); status: RUNNING; exit: -; error: -; workDir: /workspace/work/e9/24db7251b2de4abd9fe79a51c24136]
~> TaskHandler[id: 94; name: NFCORE_RNASEQ:RNASEQ:BAM_RSEQC:RSEQC_JUNCTIONSATURATION (TREATMENT_mIFNa11_100000_REP2); status: RUNNING; exit: -; error: -; workDir: /workspace/work/2f/8823ea4b9988226d6ac69b4b0f18e5]
Oct-23 14:49:40.899 [Task monitor] DEBUG n.processor.TaskPollingMonitor - Task completed > TaskHandler[id: 94; name: NFCORE_RNASEQ:RNASEQ:BAM_RSEQC:RSEQC_JUNCTIONSATURATION (TREATMENT_mIFNa11_100000_REP2); status: COMPLETED; exit: 0; error: -; workDir: /workspace/work/2f/8823ea4b9988226d6ac69b4b0f18e5]
Oct-23 14:49:40.922 [Task submitter] DEBUG nextflow.k8s.model.PodSpecBuilder - K8s LABEL VALUE exceeds allowed size: 63 -- offending str=NFCORE_RNASEQ:RNASEQ:BAM_RSEQC:RSEQC_READDUPLICATION (TREATMENT_mIFNa11_100000_REP2)
Oct-23 14:49:40.943 [Task submitter] INFO  nextflow.Session - [78/14a0dc] Submitted process > NFCORE_RNASEQ:RNASEQ:BAM_RSEQC:RSEQC_READDUPLICATION (TREATMENT_mIFNa11_100000_REP2)
Oct-23 14:50:00.993 [Task monitor] DEBUG n.processor.TaskPollingMonitor - Task completed > TaskHandler[id: 84; name: NFCORE_RNASEQ:RNASEQ:DUPRADAR (TREATMENT_mIFNa11_100000_REP1); status: COMPLETED; exit: 0; error: -; workDir: /workspace/work/e1/b2aa7506f10dca3f7e2dcce265c7fc]
Oct-23 14:50:01.001 [Task submitter] DEBUG nextflow.k8s.model.PodSpecBuilder - K8s LABEL VALUE exceeds allowed size: 63 -- offending str=NFCORE_RNASEQ:RNASEQ:BAM_RSEQC:RSEQC_JUNCTIONANNOTATION (TREATMENT_mIFNa11_100000_REP2)
Oct-23 14:50:01.029 [Task submitter] INFO  nextflow.Session - [57/edbc6a] Submitted process > NFCORE_RNASEQ:RNASEQ:BAM_RSEQC:RSEQC_JUNCTIONANNOTATION (TREATMENT_mIFNa11_100000_REP2)
Oct-23 14:51:00.967 [Task monitor] DEBUG n.processor.TaskPollingMonitor - Task completed > TaskHandler[id: 97; name: NFCORE_RNASEQ:RNASEQ:BAM_RSEQC:RSEQC_READDISTRIBUTION (TREATMENT_mIFNa11_100000_REP2); status: COMPLETED; exit: 0; error: -; workDir: /workspace/work/e9/24db7251b2de4abd9fe79a51c24136]
Oct-23 14:51:00.976 [Task submitter] DEBUG nextflow.k8s.model.PodSpecBuilder - K8s LABEL VALUE exceeds allowed size: 63 -- offending str=NFCORE_RNASEQ:RNASEQ:BEDGRAPH_BEDCLIP_BEDGRAPHTOBIGWIG_REVERSE:UCSC_BEDCLIP (TREATMENT_mIFNa11_100000_REP2)
Oct-23 14:51:00.976 [Task submitter] DEBUG nextflow.k8s.model.PodSpecBuilder - K8s LABEL VALUE exceeds allowed size: 63 -- offending str=NFCORE_RNASEQ:RNASEQ:BEDGRAPH_BEDCLIP_BEDGRAPHTOBIGWIG_REVERSE:UCSC_BEDCLIP
Oct-23 14:51:00.998 [Task submitter] INFO  nextflow.Session - [24/350293] Submitted process > NFCORE_RNASEQ:RNASEQ:BEDGRAPH_BEDCLIP_BEDGRAPHTOBIGWIG_REVERSE:UCSC_BEDCLIP (TREATMENT_mIFNa11_100000_REP2)
Oct-23 14:51:21.084 [Task monitor] DEBUG n.processor.TaskPollingMonitor - Task completed > TaskHandler[id: 98; name: NFCORE_RNASEQ:RNASEQ:BEDGRAPH_BEDCLIP_BEDGRAPHTOBIGWIG_REVERSE:UCSC_BEDCLIP (TREATMENT_mIFNa11_100000_REP2); status: COMPLETED; exit: 0; error: -; workDir: /workspace/work/24/350293c59f839289cec773cd8ce1c0]
Oct-23 14:51:21.093 [Task submitter] DEBUG nextflow.k8s.model.PodSpecBuilder - K8s LABEL VALUE exceeds allowed size: 63 -- offending str=NFCORE_RNASEQ:RNASEQ:MULTIQC_CUSTOM_BIOTYPE (TREATMENT_mIFNa11_100000_REP2)
Oct-23 14:51:21.127 [Task submitter] INFO  nextflow.Session - [20/39d783] Submitted process > NFCORE_RNASEQ:RNASEQ:MULTIQC_CUSTOM_BIOTYPE (TREATMENT_mIFNa11_100000_REP2)
Oct-23 14:51:25.998 [Task monitor] DEBUG n.processor.TaskPollingMonitor - Task completed > TaskHandler[id: 99; name: NFCORE_RNASEQ:RNASEQ:MULTIQC_CUSTOM_BIOTYPE (TREATMENT_mIFNa11_100000_REP2); status: COMPLETED; exit: 0; error: -; workDir: /workspace/work/20/39d7831f06bda37a2a898f649fcdb2]
Oct-23 14:51:26.006 [Task submitter] DEBUG nextflow.k8s.model.PodSpecBuilder - K8s LABEL VALUE exceeds allowed size: 63 -- offending str=NFCORE_RNASEQ:RNASEQ:BEDGRAPH_BEDCLIP_BEDGRAPHTOBIGWIG_FORWARD:UCSC_BEDCLIP (TREATMENT_mIFNa11_100000_REP2)
Oct-23 14:51:26.007 [Task submitter] DEBUG nextflow.k8s.model.PodSpecBuilder - K8s LABEL VALUE exceeds allowed size: 63 -- offending str=NFCORE_RNASEQ:RNASEQ:BEDGRAPH_BEDCLIP_BEDGRAPHTOBIGWIG_FORWARD:UCSC_BEDCLIP
Oct-23 14:51:26.029 [Task submitter] INFO  nextflow.Session - [1a/46d795] Submitted process > NFCORE_RNASEQ:RNASEQ:BEDGRAPH_BEDCLIP_BEDGRAPHTOBIGWIG_FORWARD:UCSC_BEDCLIP (TREATMENT_mIFNa11_100000_REP2)
Oct-23 14:51:35.964 [Task monitor] DEBUG n.processor.TaskPollingMonitor - Task completed > TaskHandler[id: 100; name: NFCORE_RNASEQ:RNASEQ:BEDGRAPH_BEDCLIP_BEDGRAPHTOBIGWIG_FORWARD:UCSC_BEDCLIP (TREATMENT_mIFNa11_100000_REP2); status: COMPLETED; exit: 0; error: -; workDir: /workspace/work/1a/46d795e9893288db23627eaafae5b4]
Oct-23 14:51:35.974 [Task submitter] DEBUG nextflow.k8s.model.PodSpecBuilder - K8s LABEL VALUE exceeds allowed size: 63 -- offending str=NFCORE_RNASEQ:RNASEQ:QUANTIFY_PSEUDO_ALIGNMENT:CUSTOM_TX2GENE (null)
Oct-23 14:51:35.999 [Task submitter] INFO  nextflow.Session - [98/4577f5] Submitted process > NFCORE_RNASEQ:RNASEQ:QUANTIFY_PSEUDO_ALIGNMENT:CUSTOM_TX2GENE (null)
Oct-23 14:52:05.877 [Task monitor] DEBUG n.processor.TaskPollingMonitor - Task completed > TaskHandler[id: 71; name: NFCORE_RNASEQ:RNASEQ:QUALIMAP_RNASEQ (TREATMENT_mIFNa11_100000_REP3); status: COMPLETED; exit: 0; error: -; workDir: /workspace/work/0b/8d0f3765251404278eac8de910469f]
Oct-23 14:52:05.889 [Task submitter] DEBUG nextflow.k8s.model.PodSpecBuilder - K8s LABEL VALUE exceeds allowed size: 63 -- offending str=NFCORE_RNASEQ:RNASEQ:MULTIQC_CUSTOM_BIOTYPE (TREATMENT_mIFNa11_100000_REP3)
Oct-23 14:52:05.919 [Task submitter] INFO  nextflow.Session - [0a/dae655] Submitted process > NFCORE_RNASEQ:RNASEQ:MULTIQC_CUSTOM_BIOTYPE (TREATMENT_mIFNa11_100000_REP3)
Oct-23 14:52:16.000 [Task monitor] DEBUG n.processor.TaskPollingMonitor - Task completed > TaskHandler[id: 93; name: NFCORE_RNASEQ:RNASEQ:BAM_RSEQC:RSEQC_JUNCTIONANNOTATION (TREATMENT_mIFNa11_100000_REP2); status: COMPLETED; exit: 0; error: -; workDir: /workspace/work/57/edbc6adb39be544e3b3cdabff59df5]
Oct-23 14:52:16.010 [Task submitter] DEBUG nextflow.k8s.model.PodSpecBuilder - K8s LABEL VALUE exceeds allowed size: 63 -- offending str=NFCORE_RNASEQ:RNASEQ:ALIGN_STAR:BAM_SORT_STATS_SAMTOOLS:SAMTOOLS_INDEX (TREATMENT_mIFNa11_10000_REP1)
Oct-23 14:52:16.011 [Task submitter] DEBUG nextflow.k8s.model.PodSpecBuilder - K8s LABEL VALUE exceeds allowed size: 63 -- offending str=NFCORE_RNASEQ:RNASEQ:ALIGN_STAR:BAM_SORT_STATS_SAMTOOLS:SAMTOOLS_INDEX
Oct-23 14:52:16.050 [Task submitter] INFO  nextflow.Session - [f1/f4db4f] Submitted process > NFCORE_RNASEQ:RNASEQ:ALIGN_STAR:BAM_SORT_STATS_SAMTOOLS:SAMTOOLS_INDEX (TREATMENT_mIFNa11_10000_REP1)
Oct-23 14:52:20.928 [Task monitor] DEBUG n.processor.TaskPollingMonitor - Task completed > TaskHandler[id: 102; name: NFCORE_RNASEQ:RNASEQ:MULTIQC_CUSTOM_BIOTYPE (TREATMENT_mIFNa11_100000_REP3); status: COMPLETED; exit: 0; error: -; workDir: /workspace/work/0a/dae655b889f5a1f7f0a6287278e0ca]
Oct-23 14:52:20.938 [Task submitter] DEBUG nextflow.k8s.model.PodSpecBuilder - K8s LABEL VALUE exceeds allowed size: 63 -- offending str=NFCORE_RNASEQ:RNASEQ:BAM_RSEQC:RSEQC_BAMSTAT (TREATMENT_mIFNa11_100000_REP3)
Oct-23 14:52:20.957 [Task submitter] INFO  nextflow.Session - [03/1e1bfc] Submitted process > NFCORE_RNASEQ:RNASEQ:BAM_RSEQC:RSEQC_BAMSTAT (TREATMENT_mIFNa11_100000_REP3)
Oct-23 14:52:51.301 [Task monitor] DEBUG n.processor.TaskPollingMonitor - Task completed > TaskHandler[id: 103; name: NFCORE_RNASEQ:RNASEQ:ALIGN_STAR:BAM_SORT_STATS_SAMTOOLS:SAMTOOLS_INDEX (TREATMENT_mIFNa11_10000_REP1); status: COMPLETED; exit: 0; error: -; workDir: /workspace/work/f1/f4db4fc1972c424f6b975c20ae9d00]
Oct-23 14:52:51.308 [Task submitter] DEBUG nextflow.k8s.model.PodSpecBuilder - K8s LABEL VALUE exceeds allowed size: 63 -- offending str=NFCORE_RNASEQ:RNASEQ:BAM_RSEQC:RSEQC_INFEREXPERIMENT (TREATMENT_mIFNa11_100000_REP3)
Oct-23 14:52:51.310 [TaskFinalizer-7] DEBUG nextflow.processor.TaskProcessor - Process NFCORE_RNASEQ:RNASEQ:ALIGN_STAR:BAM_SORT_STATS_SAMTOOLS:SAMTOOLS_INDEX > Skipping output binding because one or more optional files are missing: fileoutparam<1:1>
Oct-23 14:52:51.310 [TaskFinalizer-7] DEBUG nextflow.processor.TaskProcessor - Process NFCORE_RNASEQ:RNASEQ:ALIGN_STAR:BAM_SORT_STATS_SAMTOOLS:SAMTOOLS_INDEX > Skipping output binding because one or more optional files are missing: fileoutparam<2:1>
Oct-23 14:52:51.321 [Actor Thread 176] DEBUG nextflow.file.SortFileCollector - FileCollector temp dir not removed: null
Oct-23 14:52:51.328 [Task submitter] INFO  nextflow.Session - [6d/4734a5] Submitted process > NFCORE_RNASEQ:RNASEQ:BAM_RSEQC:RSEQC_INFEREXPERIMENT (TREATMENT_mIFNa11_100000_REP3)
Oct-23 14:53:01.025 [Task monitor] DEBUG n.processor.TaskPollingMonitor - Task completed > TaskHandler[id: 109; name: NFCORE_RNASEQ:RNASEQ:BAM_RSEQC:RSEQC_INFEREXPERIMENT (TREATMENT_mIFNa11_100000_REP3); status: COMPLETED; exit: 0; error: -; workDir: /workspace/work/6d/4734a56c13815c0baee7736edcbbec]
Oct-23 14:53:01.033 [Task submitter] DEBUG nextflow.k8s.model.PodSpecBuilder - K8s LABEL VALUE exceeds allowed size: 63 -- offending str=NFCORE_RNASEQ:RNASEQ:BAM_RSEQC:RSEQC_JUNCTIONSATURATION (TREATMENT_mIFNa11_100000_REP3)
Oct-23 14:53:01.049 [Task submitter] INFO  nextflow.Session - [27/f2c04c] Submitted process > NFCORE_RNASEQ:RNASEQ:BAM_RSEQC:RSEQC_JUNCTIONSATURATION (TREATMENT_mIFNa11_100000_REP3)
Oct-23 14:53:05.051 [Task submitter] DEBUG n.processor.TaskPollingMonitor - %% executor k8s > tasks in the submission queue: 55 -- tasks to be submitted are shown below
~> TaskHandler[id: 107; name: NFCORE_RNASEQ:RNASEQ:BAM_RSEQC:RSEQC_INNERDISTANCE (TREATMENT_mIFNa11_100000_REP3); status: NEW; exit: -; error: -; workDir: /workspace/work/51/bc77bf55cd9fe8bb8407d51fc94392]
~> TaskHandler[id: 108; name: NFCORE_RNASEQ:RNASEQ:BAM_RSEQC:RSEQC_READDUPLICATION (TREATMENT_mIFNa11_100000_REP3); status: NEW; exit: -; error: -; workDir: /workspace/work/58/548bf73443aefbd1e2b5c36bfd80aa]
~> TaskHandler[id: 110; name: NFCORE_RNASEQ:RNASEQ:BAM_RSEQC:RSEQC_READDISTRIBUTION (TREATMENT_mIFNa11_100000_REP3); status: NEW; exit: -; error: -; workDir: /workspace/work/c6/30b5de85c4c458b6523646bd236215]
~> TaskHandler[id: 104; name: NFCORE_RNASEQ:RNASEQ:BAM_RSEQC:RSEQC_JUNCTIONANNOTATION (TREATMENT_mIFNa11_100000_REP3); status: NEW; exit: -; error: -; workDir: /workspace/work/75/9dd4686306b7b852306d82131ecdbe]
~> TaskHandler[id: 111; name: NFCORE_RNASEQ:RNASEQ:QUANTIFY_STAR_SALMON:CUSTOM_TX2GENE (null); status: NEW; exit: -; error: -; workDir: /workspace/work/76/78bf8e28d4e50732c5eb747a747295]
~> TaskHandler[id: 112; name: NFCORE_RNASEQ:RNASEQ:BEDGRAPH_BEDCLIP_BEDGRAPHTOBIGWIG_REVERSE:UCSC_BEDCLIP (TREATMENT_mIFNa11_100000_REP3); status: NEW; exit: -; error: -; workDir: /workspace/work/62/af7443c98ab1c9f3ccadeebb3d51e8]
~> TaskHandler[id: 113; name: NFCORE_RNASEQ:RNASEQ:QUALIMAP_RNASEQ (TREATMENT_mIFNa11_10000_REP2); status: NEW; exit: -; error: -; workDir: /workspace/work/ac/d5acb268b349569d269d9baa8ad641]
~> TaskHandler[id: 116; name: NFCORE_RNASEQ:RNASEQ:BAM_MARKDUPLICATES_PICARD:SAMTOOLS_INDEX (TREATMENT_mIFNa11_10000_REP2); status: NEW; exit: -; error: -; workDir: /workspace/work/70/75323cd01f13f9c4093a3ef6ea23b0]
~> TaskHandler[id: 117; name: NFCORE_RNASEQ:RNASEQ:STRINGTIE_STRINGTIE (TREATMENT_mIFNa11_10000_REP2); status: NEW; exit: -; error: -; workDir: /workspace/work/ee/d7ccb88bd540ef97dc1e86a477f697]
~> TaskHandler[id: 119; name: NFCORE_RNASEQ:RNASEQ:SUBREAD_FEATURECOUNTS (TREATMENT_mIFNa11_10000_REP2); status: NEW; exit: -; error: -; workDir: /workspace/work/3e/8a4a5b44ec8c3ec62c30c5a8108438]
.. remaining tasks omitted.
Oct-23 14:53:10.803 [Task monitor] DEBUG n.processor.TaskPollingMonitor - !! executor k8s > tasks to be completed: 6 -- submitted tasks are shown below
~> TaskHandler[id: 79; name: NFCORE_RNASEQ:RNASEQ:QUALIMAP_RNASEQ (TREATMENT_mIFNa11_10000_REP3); status: RUNNING; exit: -; error: -; workDir: /workspace/work/5c/c4f3ab390135d095f6e6df88afae9a]
~> TaskHandler[id: 86; name: NFCORE_RNASEQ:RNASEQ:QUALIMAP_RNASEQ (TREATMENT_mIFNa11_100000_REP1); status: RUNNING; exit: -; error: -; workDir: /workspace/work/98/cbbe732b5a6a89d40a35bef1cf30b9]
~> TaskHandler[id: 91; name: NFCORE_RNASEQ:RNASEQ:BAM_RSEQC:RSEQC_READDUPLICATION (TREATMENT_mIFNa11_100000_REP2); status: RUNNING; exit: -; error: -; workDir: /workspace/work/78/14a0dccb5807468494b917b3f7a9c9]
~> TaskHandler[id: 101; name: NFCORE_RNASEQ:RNASEQ:QUANTIFY_PSEUDO_ALIGNMENT:CUSTOM_TX2GENE (null); status: RUNNING; exit: -; error: -; workDir: /workspace/work/98/4577f5b146d294732e02c4d73d8100]
~> TaskHandler[id: 106; name: NFCORE_RNASEQ:RNASEQ:BAM_RSEQC:RSEQC_BAMSTAT (TREATMENT_mIFNa11_100000_REP3); status: RUNNING; exit: -; error: -; workDir: /workspace/work/03/1e1bfce36dfcd6ddf007e41ec581b6]
~> TaskHandler[id: 105; name: NFCORE_RNASEQ:RNASEQ:BAM_RSEQC:RSEQC_JUNCTIONSATURATION (TREATMENT_mIFNa11_100000_REP3); status: RUNNING; exit: -; error: -; workDir: /workspace/work/27/f2c04c50675fe6a900bd9828aa149b]
Oct-23 14:53:20.882 [Task monitor] DEBUG n.processor.TaskPollingMonitor - Task completed > TaskHandler[id: 101; name: NFCORE_RNASEQ:RNASEQ:QUANTIFY_PSEUDO_ALIGNMENT:CUSTOM_TX2GENE (null); status: COMPLETED; exit: 0; error: -; workDir: /workspace/work/98/4577f5b146d294732e02c4d73d8100]
Oct-23 14:53:20.890 [Task submitter] DEBUG nextflow.k8s.model.PodSpecBuilder - K8s LABEL VALUE exceeds allowed size: 63 -- offending str=NFCORE_RNASEQ:RNASEQ:BAM_RSEQC:RSEQC_INNERDISTANCE (TREATMENT_mIFNa11_100000_REP3)
Oct-23 14:53:20.916 [Task submitter] INFO  nextflow.Session - [51/bc77bf] Submitted process > NFCORE_RNASEQ:RNASEQ:BAM_RSEQC:RSEQC_INNERDISTANCE (TREATMENT_mIFNa11_100000_REP3)
Oct-23 14:53:51.515 [Task monitor] DEBUG n.processor.TaskPollingMonitor - Task completed > TaskHandler[id: 91; name: NFCORE_RNASEQ:RNASEQ:BAM_RSEQC:RSEQC_READDUPLICATION (TREATMENT_mIFNa11_100000_REP2); status: COMPLETED; exit: 0; error: -; workDir: /workspace/work/78/14a0dccb5807468494b917b3f7a9c9]
Oct-23 14:53:51.525 [Task submitter] DEBUG nextflow.k8s.model.PodSpecBuilder - K8s LABEL VALUE exceeds allowed size: 63 -- offending str=NFCORE_RNASEQ:RNASEQ:BAM_RSEQC:RSEQC_READDUPLICATION (TREATMENT_mIFNa11_100000_REP3)
Oct-23 14:53:51.555 [Task submitter] INFO  nextflow.Session - [58/548bf7] Submitted process > NFCORE_RNASEQ:RNASEQ:BAM_RSEQC:RSEQC_READDUPLICATION (TREATMENT_mIFNa11_100000_REP3)
Oct-23 14:55:06.031 [Task monitor] DEBUG n.processor.TaskPollingMonitor - Task completed > TaskHandler[id: 107; name: NFCORE_RNASEQ:RNASEQ:BAM_RSEQC:RSEQC_INNERDISTANCE (TREATMENT_mIFNa11_100000_REP3); status: COMPLETED; exit: 0; error: -; workDir: /workspace/work/51/bc77bf55cd9fe8bb8407d51fc94392]
Oct-23 14:55:06.095 [Task submitter] DEBUG nextflow.k8s.model.PodSpecBuilder - K8s LABEL VALUE exceeds allowed size: 63 -- offending str=NFCORE_RNASEQ:RNASEQ:BAM_RSEQC:RSEQC_READDISTRIBUTION (TREATMENT_mIFNa11_100000_REP3)
Oct-23 14:55:06.126 [Task submitter] INFO  nextflow.Session - [c6/30b5de] Submitted process > NFCORE_RNASEQ:RNASEQ:BAM_RSEQC:RSEQC_READDISTRIBUTION (TREATMENT_mIFNa11_100000_REP3)
Oct-23 14:55:20.897 [Task monitor] DEBUG n.processor.TaskPollingMonitor - Task completed > TaskHandler[id: 106; name: NFCORE_RNASEQ:RNASEQ:BAM_RSEQC:RSEQC_BAMSTAT (TREATMENT_mIFNa11_100000_REP3); status: COMPLETED; exit: 0; error: -; workDir: /workspace/work/03/1e1bfce36dfcd6ddf007e41ec581b6]
Oct-23 14:55:20.905 [Task submitter] DEBUG nextflow.k8s.model.PodSpecBuilder - K8s LABEL VALUE exceeds allowed size: 63 -- offending str=NFCORE_RNASEQ:RNASEQ:BAM_RSEQC:RSEQC_JUNCTIONANNOTATION (TREATMENT_mIFNa11_100000_REP3)
Oct-23 14:55:20.927 [Task submitter] INFO  nextflow.Session - [75/9dd468] Submitted process > NFCORE_RNASEQ:RNASEQ:BAM_RSEQC:RSEQC_JUNCTIONANNOTATION (TREATMENT_mIFNa11_100000_REP3)
Oct-23 14:56:20.969 [Task monitor] DEBUG n.processor.TaskPollingMonitor - Task completed > TaskHandler[id: 105; name: NFCORE_RNASEQ:RNASEQ:BAM_RSEQC:RSEQC_JUNCTIONSATURATION (TREATMENT_mIFNa11_100000_REP3); status: COMPLETED; exit: 0; error: -; workDir: /workspace/work/27/f2c04c50675fe6a900bd9828aa149b]
Oct-23 14:56:21.011 [Task submitter] INFO  nextflow.Session - [76/78bf8e] Submitted process > NFCORE_RNASEQ:RNASEQ:QUANTIFY_STAR_SALMON:CUSTOM_TX2GENE (null)
Oct-23 14:58:00.924 [Task monitor] DEBUG n.processor.TaskPollingMonitor - Task completed > TaskHandler[id: 111; name: NFCORE_RNASEQ:RNASEQ:QUANTIFY_STAR_SALMON:CUSTOM_TX2GENE (null); status: COMPLETED; exit: 0; error: -; workDir: /workspace/work/76/78bf8e28d4e50732c5eb747a747295]
Oct-23 14:58:01.021 [Task submitter] DEBUG nextflow.k8s.model.PodSpecBuilder - K8s LABEL VALUE exceeds allowed size: 63 -- offending str=NFCORE_RNASEQ:RNASEQ:BEDGRAPH_BEDCLIP_BEDGRAPHTOBIGWIG_REVERSE:UCSC_BEDCLIP (TREATMENT_mIFNa11_100000_REP3)
Oct-23 14:58:01.021 [Task submitter] DEBUG nextflow.k8s.model.PodSpecBuilder - K8s LABEL VALUE exceeds allowed size: 63 -- offending str=NFCORE_RNASEQ:RNASEQ:BEDGRAPH_BEDCLIP_BEDGRAPHTOBIGWIG_REVERSE:UCSC_BEDCLIP
Oct-23 14:58:01.240 [Task submitter] INFO  nextflow.Session - [62/af7443] Submitted process > NFCORE_RNASEQ:RNASEQ:BEDGRAPH_BEDCLIP_BEDGRAPHTOBIGWIG_REVERSE:UCSC_BEDCLIP (TREATMENT_mIFNa11_100000_REP3)
Oct-23 14:58:05.243 [Task submitter] DEBUG n.processor.TaskPollingMonitor - %% executor k8s > tasks in the submission queue: 51 -- tasks to be submitted are shown below
~> TaskHandler[id: 113; name: NFCORE_RNASEQ:RNASEQ:QUALIMAP_RNASEQ (TREATMENT_mIFNa11_10000_REP2); status: NEW; exit: -; error: -; workDir: /workspace/work/ac/d5acb268b349569d269d9baa8ad641]
~> TaskHandler[id: 116; name: NFCORE_RNASEQ:RNASEQ:BAM_MARKDUPLICATES_PICARD:SAMTOOLS_INDEX (TREATMENT_mIFNa11_10000_REP2); status: NEW; exit: -; error: -; workDir: /workspace/work/70/75323cd01f13f9c4093a3ef6ea23b0]
~> TaskHandler[id: 117; name: NFCORE_RNASEQ:RNASEQ:STRINGTIE_STRINGTIE (TREATMENT_mIFNa11_10000_REP2); status: NEW; exit: -; error: -; workDir: /workspace/work/ee/d7ccb88bd540ef97dc1e86a477f697]
~> TaskHandler[id: 119; name: NFCORE_RNASEQ:RNASEQ:SUBREAD_FEATURECOUNTS (TREATMENT_mIFNa11_10000_REP2); status: NEW; exit: -; error: -; workDir: /workspace/work/3e/8a4a5b44ec8c3ec62c30c5a8108438]
~> TaskHandler[id: 118; name: NFCORE_RNASEQ:RNASEQ:BEDTOOLS_GENOMECOV_REV (TREATMENT_mIFNa11_10000_REP2); status: NEW; exit: -; error: -; workDir: /workspace/work/0d/d687b71e17b44c6c4e62bcf5d5cb00]
~> TaskHandler[id: 115; name: NFCORE_RNASEQ:RNASEQ:BEDTOOLS_GENOMECOV_FW (TREATMENT_mIFNa11_10000_REP2); status: NEW; exit: -; error: -; workDir: /workspace/work/0b/6b7c91bc10978e0c352c3780124ad8]
~> TaskHandler[id: 114; name: NFCORE_RNASEQ:RNASEQ:DUPRADAR (TREATMENT_mIFNa11_10000_REP2); status: NEW; exit: -; error: -; workDir: /workspace/work/39/53c95b9f0d6f0ab0787d04ca8fc529]
~> TaskHandler[id: 124; name: NFCORE_RNASEQ:RNASEQ:BAM_RSEQC:RSEQC_INNERDISTANCE (TREATMENT_mIFNa11_10000_REP3); status: NEW; exit: -; error: -; workDir: /workspace/work/75/a4eea1600259527915e94a606cbba1]
~> TaskHandler[id: 125; name: NFCORE_RNASEQ:RNASEQ:BAM_RSEQC:RSEQC_JUNCTIONANNOTATION (TREATMENT_mIFNa11_10000_REP3); status: NEW; exit: -; error: -; workDir: /workspace/work/e0/06e8d7caf5da2404238f507598bef3]
~> TaskHandler[id: 123; name: NFCORE_RNASEQ:RNASEQ:BAM_RSEQC:RSEQC_READDUPLICATION (TREATMENT_mIFNa11_10000_REP3); status: NEW; exit: -; error: -; workDir: /workspace/work/d4/ecc5f1f670c4b8c48a13a0d134896e]
.. remaining tasks omitted.
Oct-23 14:58:10.811 [Task monitor] DEBUG n.processor.TaskPollingMonitor - !! executor k8s > tasks to be completed: 6 -- submitted tasks are shown below
~> TaskHandler[id: 79; name: NFCORE_RNASEQ:RNASEQ:QUALIMAP_RNASEQ (TREATMENT_mIFNa11_10000_REP3); status: RUNNING; exit: -; error: -; workDir: /workspace/work/5c/c4f3ab390135d095f6e6df88afae9a]
~> TaskHandler[id: 86; name: NFCORE_RNASEQ:RNASEQ:QUALIMAP_RNASEQ (TREATMENT_mIFNa11_100000_REP1); status: RUNNING; exit: -; error: -; workDir: /workspace/work/98/cbbe732b5a6a89d40a35bef1cf30b9]
~> TaskHandler[id: 108; name: NFCORE_RNASEQ:RNASEQ:BAM_RSEQC:RSEQC_READDUPLICATION (TREATMENT_mIFNa11_100000_REP3); status: RUNNING; exit: -; error: -; workDir: /workspace/work/58/548bf73443aefbd1e2b5c36bfd80aa]
~> TaskHandler[id: 110; name: NFCORE_RNASEQ:RNASEQ:BAM_RSEQC:RSEQC_READDISTRIBUTION (TREATMENT_mIFNa11_100000_REP3); status: RUNNING; exit: -; error: -; workDir: /workspace/work/c6/30b5de85c4c458b6523646bd236215]
~> TaskHandler[id: 104; name: NFCORE_RNASEQ:RNASEQ:BAM_RSEQC:RSEQC_JUNCTIONANNOTATION (TREATMENT_mIFNa11_100000_REP3); status: RUNNING; exit: -; error: -; workDir: /workspace/work/75/9dd4686306b7b852306d82131ecdbe]
~> TaskHandler[id: 112; name: NFCORE_RNASEQ:RNASEQ:BEDGRAPH_BEDCLIP_BEDGRAPHTOBIGWIG_REVERSE:UCSC_BEDCLIP (TREATMENT_mIFNa11_100000_REP3); status: SUBMITTED; exit: -; error: -; workDir: /workspace/work/62/af7443c98ab1c9f3ccadeebb3d51e8]
Oct-23 14:58:21.461 [Task monitor] DEBUG n.processor.TaskPollingMonitor - Task completed > TaskHandler[id: 112; name: NFCORE_RNASEQ:RNASEQ:BEDGRAPH_BEDCLIP_BEDGRAPHTOBIGWIG_REVERSE:UCSC_BEDCLIP (TREATMENT_mIFNa11_100000_REP3); status: COMPLETED; exit: 0; error: -; workDir: /workspace/work/62/af7443c98ab1c9f3ccadeebb3d51e8]
Oct-23 14:58:21.469 [Task submitter] DEBUG nextflow.k8s.model.PodSpecBuilder - K8s LABEL VALUE exceeds allowed size: 63 -- offending str=NFCORE_RNASEQ:RNASEQ:QUALIMAP_RNASEQ (TREATMENT_mIFNa11_10000_REP2)
Oct-23 14:58:21.486 [Task submitter] INFO  nextflow.Session - [ac/d5acb2] Submitted process > NFCORE_RNASEQ:RNASEQ:QUALIMAP_RNASEQ (TREATMENT_mIFNa11_10000_REP2)
Oct-23 14:58:30.900 [Task monitor] DEBUG n.processor.TaskPollingMonitor - Task completed > TaskHandler[id: 104; name: NFCORE_RNASEQ:RNASEQ:BAM_RSEQC:RSEQC_JUNCTIONANNOTATION (TREATMENT_mIFNa11_100000_REP3); status: COMPLETED; exit: 0; error: -; workDir: /workspace/work/75/9dd4686306b7b852306d82131ecdbe]
Oct-23 14:58:30.909 [Task submitter] DEBUG nextflow.k8s.model.PodSpecBuilder - K8s LABEL VALUE exceeds allowed size: 63 -- offending str=NFCORE_RNASEQ:RNASEQ:BAM_MARKDUPLICATES_PICARD:SAMTOOLS_INDEX (TREATMENT_mIFNa11_10000_REP2)
Oct-23 14:58:30.928 [Task submitter] INFO  nextflow.Session - [70/75323c] Submitted process > NFCORE_RNASEQ:RNASEQ:BAM_MARKDUPLICATES_PICARD:SAMTOOLS_INDEX (TREATMENT_mIFNa11_10000_REP2)
Oct-23 14:59:06.208 [Task monitor] DEBUG n.processor.TaskPollingMonitor - Task completed > TaskHandler[id: 116; name: NFCORE_RNASEQ:RNASEQ:BAM_MARKDUPLICATES_PICARD:SAMTOOLS_INDEX (TREATMENT_mIFNa11_10000_REP2); status: COMPLETED; exit: 0; error: -; workDir: /workspace/work/70/75323cd01f13f9c4093a3ef6ea23b0]
Oct-23 14:59:06.216 [Task submitter] DEBUG nextflow.k8s.model.PodSpecBuilder - K8s LABEL VALUE exceeds allowed size: 63 -- offending str=NFCORE_RNASEQ:RNASEQ:STRINGTIE_STRINGTIE (TREATMENT_mIFNa11_10000_REP2)
Oct-23 14:59:06.247 [Task submitter] INFO  nextflow.Session - [ee/d7ccb8] Submitted process > NFCORE_RNASEQ:RNASEQ:STRINGTIE_STRINGTIE (TREATMENT_mIFNa11_10000_REP2)
Oct-23 14:59:06.662 [TaskFinalizer-9] DEBUG nextflow.processor.TaskProcessor - Process NFCORE_RNASEQ:RNASEQ:BAM_MARKDUPLICATES_PICARD:SAMTOOLS_INDEX > Skipping output binding because one or more optional files are missing: fileoutparam<1:1>
Oct-23 14:59:06.662 [TaskFinalizer-9] DEBUG nextflow.processor.TaskProcessor - Process NFCORE_RNASEQ:RNASEQ:BAM_MARKDUPLICATES_PICARD:SAMTOOLS_INDEX > Skipping output binding because one or more optional files are missing: fileoutparam<2:1>
Oct-23 14:59:11.017 [Task monitor] DEBUG n.processor.TaskPollingMonitor - Task completed > TaskHandler[id: 108; name: NFCORE_RNASEQ:RNASEQ:BAM_RSEQC:RSEQC_READDUPLICATION (TREATMENT_mIFNa11_100000_REP3); status: COMPLETED; exit: 0; error: -; workDir: /workspace/work/58/548bf73443aefbd1e2b5c36bfd80aa]
Oct-23 14:59:11.024 [Task submitter] DEBUG nextflow.k8s.model.PodSpecBuilder - K8s LABEL VALUE exceeds allowed size: 63 -- offending str=NFCORE_RNASEQ:RNASEQ:SUBREAD_FEATURECOUNTS (TREATMENT_mIFNa11_10000_REP2)
Oct-23 14:59:11.050 [Task submitter] INFO  nextflow.Session - [3e/8a4a5b] Submitted process > NFCORE_RNASEQ:RNASEQ:SUBREAD_FEATURECOUNTS (TREATMENT_mIFNa11_10000_REP2)
Oct-23 15:00:06.028 [Task monitor] DEBUG n.processor.TaskPollingMonitor - Task completed > TaskHandler[id: 119; name: NFCORE_RNASEQ:RNASEQ:SUBREAD_FEATURECOUNTS (TREATMENT_mIFNa11_10000_REP2); status: COMPLETED; exit: 0; error: -; workDir: /workspace/work/3e/8a4a5b44ec8c3ec62c30c5a8108438]
Oct-23 15:00:06.037 [Task submitter] DEBUG nextflow.k8s.model.PodSpecBuilder - K8s LABEL VALUE exceeds allowed size: 63 -- offending str=NFCORE_RNASEQ:RNASEQ:BEDTOOLS_GENOMECOV_REV (TREATMENT_mIFNa11_10000_REP2)
Oct-23 15:00:06.056 [Task submitter] INFO  nextflow.Session - [0d/d687b7] Submitted process > NFCORE_RNASEQ:RNASEQ:BEDTOOLS_GENOMECOV_REV (TREATMENT_mIFNa11_10000_REP2)
Oct-23 15:00:55.995 [Task monitor] DEBUG n.processor.TaskPollingMonitor - Task completed > TaskHandler[id: 110; name: NFCORE_RNASEQ:RNASEQ:BAM_RSEQC:RSEQC_READDISTRIBUTION (TREATMENT_mIFNa11_100000_REP3); status: COMPLETED; exit: 0; error: -; workDir: /workspace/work/c6/30b5de85c4c458b6523646bd236215]
Oct-23 15:00:56.004 [Task submitter] DEBUG nextflow.k8s.model.PodSpecBuilder - K8s LABEL VALUE exceeds allowed size: 63 -- offending str=NFCORE_RNASEQ:RNASEQ:BEDTOOLS_GENOMECOV_FW (TREATMENT_mIFNa11_10000_REP2)
Oct-23 15:00:56.026 [Task submitter] INFO  nextflow.Session - [0b/6b7c91] Submitted process > NFCORE_RNASEQ:RNASEQ:BEDTOOLS_GENOMECOV_FW (TREATMENT_mIFNa11_10000_REP2)
Oct-23 15:01:15.865 [Task monitor] DEBUG n.processor.TaskPollingMonitor - Task completed > TaskHandler[id: 79; name: NFCORE_RNASEQ:RNASEQ:QUALIMAP_RNASEQ (TREATMENT_mIFNa11_10000_REP3); status: COMPLETED; exit: 0; error: -; workDir: /workspace/work/5c/c4f3ab390135d095f6e6df88afae9a]
Oct-23 15:01:15.945 [Task submitter] INFO  nextflow.Session - [39/53c95b] Submitted process > NFCORE_RNASEQ:RNASEQ:DUPRADAR (TREATMENT_mIFNa11_10000_REP2)
Oct-23 15:02:41.147 [Task monitor] DEBUG n.processor.TaskPollingMonitor - Task completed > TaskHandler[id: 117; name: NFCORE_RNASEQ:RNASEQ:STRINGTIE_STRINGTIE (TREATMENT_mIFNa11_10000_REP2); status: COMPLETED; exit: 0; error: -; workDir: /workspace/work/ee/d7ccb88bd540ef97dc1e86a477f697]
Oct-23 15:02:41.457 [Task submitter] DEBUG nextflow.k8s.model.PodSpecBuilder - K8s LABEL VALUE exceeds allowed size: 63 -- offending str=NFCORE_RNASEQ:RNASEQ:BAM_RSEQC:RSEQC_INNERDISTANCE (TREATMENT_mIFNa11_10000_REP3)
Oct-23 15:02:41.475 [Task submitter] INFO  nextflow.Session - [75/a4eea1] Submitted process > NFCORE_RNASEQ:RNASEQ:BAM_RSEQC:RSEQC_INNERDISTANCE (TREATMENT_mIFNa11_10000_REP3)
Oct-23 15:03:05.481 [Task submitter] DEBUG n.processor.TaskPollingMonitor - %% executor k8s > tasks in the submission queue: 52 -- tasks to be submitted are shown below
~> TaskHandler[id: 125; name: NFCORE_RNASEQ:RNASEQ:BAM_RSEQC:RSEQC_JUNCTIONANNOTATION (TREATMENT_mIFNa11_10000_REP3); status: NEW; exit: -; error: -; workDir: /workspace/work/e0/06e8d7caf5da2404238f507598bef3]
~> TaskHandler[id: 123; name: NFCORE_RNASEQ:RNASEQ:BAM_RSEQC:RSEQC_READDUPLICATION (TREATMENT_mIFNa11_10000_REP3); status: NEW; exit: -; error: -; workDir: /workspace/work/d4/ecc5f1f670c4b8c48a13a0d134896e]
~> TaskHandler[id: 120; name: NFCORE_RNASEQ:RNASEQ:BAM_RSEQC:RSEQC_READDISTRIBUTION (TREATMENT_mIFNa11_10000_REP3); status: NEW; exit: -; error: -; workDir: /workspace/work/26/64d1b3a18681477703910615e2915c]
~> TaskHandler[id: 121; name: NFCORE_RNASEQ:RNASEQ:BAM_RSEQC:RSEQC_INFEREXPERIMENT (TREATMENT_mIFNa11_10000_REP3); status: NEW; exit: -; error: -; workDir: /workspace/work/f0/38a7d27293952697c47f95735fbeb6]
~> TaskHandler[id: 126; name: NFCORE_RNASEQ:RNASEQ:BAM_RSEQC:RSEQC_BAMSTAT (TREATMENT_mIFNa11_10000_REP3); status: NEW; exit: -; error: -; workDir: /workspace/work/a4/6e4b9a2a073a8a2f6880e625040b01]
~> TaskHandler[id: 122; name: NFCORE_RNASEQ:RNASEQ:BAM_RSEQC:RSEQC_JUNCTIONSATURATION (TREATMENT_mIFNa11_10000_REP3); status: NEW; exit: -; error: -; workDir: /workspace/work/04/8fa5822131978dd47c74e1ff29a3da]
~> TaskHandler[id: 127; name: NFCORE_RNASEQ:RNASEQ:BEDGRAPH_BEDCLIP_BEDGRAPHTOBIGWIG_FORWARD:UCSC_BEDCLIP (TREATMENT_mIFNa11_100000_REP3); status: NEW; exit: -; error: -; workDir: /workspace/work/3b/4ee178d28143cc09c696be1c4527e7]
~> TaskHandler[id: 128; name: NFCORE_RNASEQ:RNASEQ:BEDGRAPH_BEDCLIP_BEDGRAPHTOBIGWIG_REVERSE:UCSC_BEDCLIP (TREATMENT_mIFNa11_10000_REP3); status: NEW; exit: -; error: -; workDir: /workspace/work/72/22b2a5f6cf8a0fd8fe68250b3e8a92]
~> TaskHandler[id: 129; name: NFCORE_RNASEQ:RNASEQ:MULTIQC_CUSTOM_BIOTYPE (TREATMENT_mIFNa11_10000_REP3); status: NEW; exit: -; error: -; workDir: /workspace/work/95/ac7bda40beefbc97aae962ee481455]
~> TaskHandler[id: 130; name: NFCORE_RNASEQ:RNASEQ:BEDGRAPH_BEDCLIP_BEDGRAPHTOBIGWIG_FORWARD:UCSC_BEDCLIP (TREATMENT_mIFNa11_10000_REP3); status: NEW; exit: -; error: -; workDir: /workspace/work/96/15cf03eb5b7657db44e75f02f6114c]
.. remaining tasks omitted.
Oct-23 15:03:10.818 [Task monitor] DEBUG n.processor.TaskPollingMonitor - !! executor k8s > tasks to be completed: 6 -- submitted tasks are shown below
~> TaskHandler[id: 86; name: NFCORE_RNASEQ:RNASEQ:QUALIMAP_RNASEQ (TREATMENT_mIFNa11_100000_REP1); status: RUNNING; exit: -; error: -; workDir: /workspace/work/98/cbbe732b5a6a89d40a35bef1cf30b9]
~> TaskHandler[id: 113; name: NFCORE_RNASEQ:RNASEQ:QUALIMAP_RNASEQ (TREATMENT_mIFNa11_10000_REP2); status: RUNNING; exit: -; error: -; workDir: /workspace/work/ac/d5acb268b349569d269d9baa8ad641]
~> TaskHandler[id: 118; name: NFCORE_RNASEQ:RNASEQ:BEDTOOLS_GENOMECOV_REV (TREATMENT_mIFNa11_10000_REP2); status: RUNNING; exit: -; error: -; workDir: /workspace/work/0d/d687b71e17b44c6c4e62bcf5d5cb00]
~> TaskHandler[id: 115; name: NFCORE_RNASEQ:RNASEQ:BEDTOOLS_GENOMECOV_FW (TREATMENT_mIFNa11_10000_REP2); status: RUNNING; exit: -; error: -; workDir: /workspace/work/0b/6b7c91bc10978e0c352c3780124ad8]
~> TaskHandler[id: 114; name: NFCORE_RNASEQ:RNASEQ:DUPRADAR (TREATMENT_mIFNa11_10000_REP2); status: RUNNING; exit: -; error: -; workDir: /workspace/work/39/53c95b9f0d6f0ab0787d04ca8fc529]
~> TaskHandler[id: 124; name: NFCORE_RNASEQ:RNASEQ:BAM_RSEQC:RSEQC_INNERDISTANCE (TREATMENT_mIFNa11_10000_REP3); status: RUNNING; exit: -; error: -; workDir: /workspace/work/75/a4eea1600259527915e94a606cbba1]
Oct-23 15:03:16.333 [Task monitor] DEBUG n.processor.TaskPollingMonitor - Task completed > TaskHandler[id: 118; name: NFCORE_RNASEQ:RNASEQ:BEDTOOLS_GENOMECOV_REV (TREATMENT_mIFNa11_10000_REP2); status: COMPLETED; exit: 0; error: -; workDir: /workspace/work/0d/d687b71e17b44c6c4e62bcf5d5cb00]
Oct-23 15:03:16.341 [Task submitter] DEBUG nextflow.k8s.model.PodSpecBuilder - K8s LABEL VALUE exceeds allowed size: 63 -- offending str=NFCORE_RNASEQ:RNASEQ:BAM_RSEQC:RSEQC_JUNCTIONANNOTATION (TREATMENT_mIFNa11_10000_REP3)
Oct-23 15:03:16.379 [Task submitter] INFO  nextflow.Session - [e0/06e8d7] Submitted process > NFCORE_RNASEQ:RNASEQ:BAM_RSEQC:RSEQC_JUNCTIONANNOTATION (TREATMENT_mIFNa11_10000_REP3)
Oct-23 15:04:18.325 [Task monitor] DEBUG n.processor.TaskPollingMonitor - Task completed > TaskHandler[id: 115; name: NFCORE_RNASEQ:RNASEQ:BEDTOOLS_GENOMECOV_FW (TREATMENT_mIFNa11_10000_REP2); status: COMPLETED; exit: 0; error: -; workDir: /workspace/work/0b/6b7c91bc10978e0c352c3780124ad8]
Oct-23 15:04:18.334 [Task submitter] DEBUG nextflow.k8s.model.PodSpecBuilder - K8s LABEL VALUE exceeds allowed size: 63 -- offending str=NFCORE_RNASEQ:RNASEQ:BAM_RSEQC:RSEQC_READDUPLICATION (TREATMENT_mIFNa11_10000_REP3)
Oct-23 15:04:18.357 [Task submitter] INFO  nextflow.Session - [d4/ecc5f1] Submitted process > NFCORE_RNASEQ:RNASEQ:BAM_RSEQC:RSEQC_READDUPLICATION (TREATMENT_mIFNa11_10000_REP3)
Oct-23 15:04:43.444 [Task monitor] DEBUG n.processor.TaskPollingMonitor - Task completed > TaskHandler[id: 124; name: NFCORE_RNASEQ:RNASEQ:BAM_RSEQC:RSEQC_INNERDISTANCE (TREATMENT_mIFNa11_10000_REP3); status: COMPLETED; exit: 0; error: -; workDir: /workspace/work/75/a4eea1600259527915e94a606cbba1]
Oct-23 15:04:43.453 [Task submitter] DEBUG nextflow.k8s.model.PodSpecBuilder - K8s LABEL VALUE exceeds allowed size: 63 -- offending str=NFCORE_RNASEQ:RNASEQ:BAM_RSEQC:RSEQC_READDISTRIBUTION (TREATMENT_mIFNa11_10000_REP3)
Oct-23 15:04:43.484 [Task submitter] INFO  nextflow.Session - [26/64d1b3] Submitted process > NFCORE_RNASEQ:RNASEQ:BAM_RSEQC:RSEQC_READDISTRIBUTION (TREATMENT_mIFNa11_10000_REP3)
Oct-23 15:06:44.097 [Task monitor] DEBUG n.processor.TaskPollingMonitor - Task completed > TaskHandler[id: 125; name: NFCORE_RNASEQ:RNASEQ:BAM_RSEQC:RSEQC_JUNCTIONANNOTATION (TREATMENT_mIFNa11_10000_REP3); status: COMPLETED; exit: 0; error: -; workDir: /workspace/work/e0/06e8d7caf5da2404238f507598bef3]
Oct-23 15:06:44.340 [Task submitter] DEBUG nextflow.k8s.model.PodSpecBuilder - K8s LABEL VALUE exceeds allowed size: 63 -- offending str=NFCORE_RNASEQ:RNASEQ:BAM_RSEQC:RSEQC_INFEREXPERIMENT (TREATMENT_mIFNa11_10000_REP3)
Oct-23 15:06:44.368 [Task submitter] INFO  nextflow.Session - [f0/38a7d2] Submitted process > NFCORE_RNASEQ:RNASEQ:BAM_RSEQC:RSEQC_INFEREXPERIMENT (TREATMENT_mIFNa11_10000_REP3)
Oct-23 15:07:08.516 [Task monitor] DEBUG n.processor.TaskPollingMonitor - Task completed > TaskHandler[id: 121; name: NFCORE_RNASEQ:RNASEQ:BAM_RSEQC:RSEQC_INFEREXPERIMENT (TREATMENT_mIFNa11_10000_REP3); status: COMPLETED; exit: 0; error: -; workDir: /workspace/work/f0/38a7d27293952697c47f95735fbeb6]
Oct-23 15:07:08.524 [Task submitter] DEBUG nextflow.k8s.model.PodSpecBuilder - K8s LABEL VALUE exceeds allowed size: 63 -- offending str=NFCORE_RNASEQ:RNASEQ:BAM_RSEQC:RSEQC_BAMSTAT (TREATMENT_mIFNa11_10000_REP3)
Oct-23 15:07:08.539 [Task submitter] INFO  nextflow.Session - [a4/6e4b9a] Submitted process > NFCORE_RNASEQ:RNASEQ:BAM_RSEQC:RSEQC_BAMSTAT (TREATMENT_mIFNa11_10000_REP3)
Oct-23 15:07:18.416 [Task monitor] DEBUG n.processor.TaskPollingMonitor - Task completed > TaskHandler[id: 86; name: NFCORE_RNASEQ:RNASEQ:QUALIMAP_RNASEQ (TREATMENT_mIFNa11_100000_REP1); status: COMPLETED; exit: 0; error: -; workDir: /workspace/work/98/cbbe732b5a6a89d40a35bef1cf30b9]
Oct-23 15:07:18.425 [Task submitter] DEBUG nextflow.k8s.model.PodSpecBuilder - K8s LABEL VALUE exceeds allowed size: 63 -- offending str=NFCORE_RNASEQ:RNASEQ:BAM_RSEQC:RSEQC_JUNCTIONSATURATION (TREATMENT_mIFNa11_10000_REP3)
Oct-23 15:07:18.464 [Task submitter] INFO  nextflow.Session - [04/8fa582] Submitted process > NFCORE_RNASEQ:RNASEQ:BAM_RSEQC:RSEQC_JUNCTIONSATURATION (TREATMENT_mIFNa11_10000_REP3)
Oct-23 15:07:38.436 [Task monitor] DEBUG n.processor.TaskPollingMonitor - Task completed > TaskHandler[id: 114; name: NFCORE_RNASEQ:RNASEQ:DUPRADAR (TREATMENT_mIFNa11_10000_REP2); status: COMPLETED; exit: 0; error: -; workDir: /workspace/work/39/53c95b9f0d6f0ab0787d04ca8fc529]
Oct-23 15:07:38.444 [Task submitter] DEBUG nextflow.k8s.model.PodSpecBuilder - K8s LABEL VALUE exceeds allowed size: 63 -- offending str=NFCORE_RNASEQ:RNASEQ:BEDGRAPH_BEDCLIP_BEDGRAPHTOBIGWIG_FORWARD:UCSC_BEDCLIP (TREATMENT_mIFNa11_100000_REP3)
Oct-23 15:07:38.444 [Task submitter] DEBUG nextflow.k8s.model.PodSpecBuilder - K8s LABEL VALUE exceeds allowed size: 63 -- offending str=NFCORE_RNASEQ:RNASEQ:BEDGRAPH_BEDCLIP_BEDGRAPHTOBIGWIG_FORWARD:UCSC_BEDCLIP
Oct-23 15:07:38.468 [Task submitter] INFO  nextflow.Session - [3b/4ee178] Submitted process > NFCORE_RNASEQ:RNASEQ:BEDGRAPH_BEDCLIP_BEDGRAPHTOBIGWIG_FORWARD:UCSC_BEDCLIP (TREATMENT_mIFNa11_100000_REP3)
Oct-23 15:07:53.469 [Task monitor] DEBUG n.processor.TaskPollingMonitor - Task completed > TaskHandler[id: 127; name: NFCORE_RNASEQ:RNASEQ:BEDGRAPH_BEDCLIP_BEDGRAPHTOBIGWIG_FORWARD:UCSC_BEDCLIP (TREATMENT_mIFNa11_100000_REP3); status: COMPLETED; exit: 0; error: -; workDir: /workspace/work/3b/4ee178d28143cc09c696be1c4527e7]
Oct-23 15:07:53.482 [Task submitter] DEBUG nextflow.k8s.model.PodSpecBuilder - K8s LABEL VALUE exceeds allowed size: 63 -- offending str=NFCORE_RNASEQ:RNASEQ:BEDGRAPH_BEDCLIP_BEDGRAPHTOBIGWIG_REVERSE:UCSC_BEDCLIP (TREATMENT_mIFNa11_10000_REP3)
Oct-23 15:07:53.482 [Task submitter] DEBUG nextflow.k8s.model.PodSpecBuilder - K8s LABEL VALUE exceeds allowed size: 63 -- offending str=NFCORE_RNASEQ:RNASEQ:BEDGRAPH_BEDCLIP_BEDGRAPHTOBIGWIG_REVERSE:UCSC_BEDCLIP
Oct-23 15:07:53.509 [Task submitter] INFO  nextflow.Session - [72/22b2a5] Submitted process > NFCORE_RNASEQ:RNASEQ:BEDGRAPH_BEDCLIP_BEDGRAPHTOBIGWIG_REVERSE:UCSC_BEDCLIP (TREATMENT_mIFNa11_10000_REP3)
Oct-23 15:08:05.513 [Task submitter] DEBUG n.processor.TaskPollingMonitor - %% executor k8s > tasks in the submission queue: 47 -- tasks to be submitted are shown below
~> TaskHandler[id: 129; name: NFCORE_RNASEQ:RNASEQ:MULTIQC_CUSTOM_BIOTYPE (TREATMENT_mIFNa11_10000_REP3); status: NEW; exit: -; error: -; workDir: /workspace/work/95/ac7bda40beefbc97aae962ee481455]
~> TaskHandler[id: 130; name: NFCORE_RNASEQ:RNASEQ:BEDGRAPH_BEDCLIP_BEDGRAPHTOBIGWIG_FORWARD:UCSC_BEDCLIP (TREATMENT_mIFNa11_10000_REP3); status: NEW; exit: -; error: -; workDir: /workspace/work/96/15cf03eb5b7657db44e75f02f6114c]
~> TaskHandler[id: 131; name: NFCORE_RNASEQ:RNASEQ:BAM_RSEQC:RSEQC_BAMSTAT (TREATMENT_mIFNa11_100000_REP1); status: NEW; exit: -; error: -; workDir: /workspace/work/ea/1c6511641606a124022eb1f04568d6]
~> TaskHandler[id: 132; name: NFCORE_RNASEQ:RNASEQ:BAM_RSEQC:RSEQC_JUNCTIONSATURATION (TREATMENT_mIFNa11_100000_REP1); status: NEW; exit: -; error: -; workDir: /workspace/work/27/40a9c2c1f89a4becaca3a1e75486b7]
~> TaskHandler[id: 134; name: NFCORE_RNASEQ:RNASEQ:BAM_RSEQC:RSEQC_JUNCTIONANNOTATION (TREATMENT_mIFNa11_100000_REP1); status: NEW; exit: -; error: -; workDir: /workspace/work/04/00f1dbb0e6ec243e7defe8211b1b19]
~> TaskHandler[id: 133; name: NFCORE_RNASEQ:RNASEQ:BAM_RSEQC:RSEQC_INFEREXPERIMENT (TREATMENT_mIFNa11_100000_REP1); status: NEW; exit: -; error: -; workDir: /workspace/work/77/c52ab6c3730f3df024295281c37f11]
~> TaskHandler[id: 135; name: NFCORE_RNASEQ:RNASEQ:BAM_RSEQC:RSEQC_READDUPLICATION (TREATMENT_mIFNa11_100000_REP1); status: NEW; exit: -; error: -; workDir: /workspace/work/0c/1716b7c95f710099cd56a0d5529824]
~> TaskHandler[id: 136; name: NFCORE_RNASEQ:RNASEQ:BAM_RSEQC:RSEQC_READDISTRIBUTION (TREATMENT_mIFNa11_100000_REP1); status: NEW; exit: -; error: -; workDir: /workspace/work/91/c3d4c649b3404654154f932395c958]
~> TaskHandler[id: 137; name: NFCORE_RNASEQ:RNASEQ:BAM_RSEQC:RSEQC_INNERDISTANCE (TREATMENT_mIFNa11_100000_REP1); status: NEW; exit: -; error: -; workDir: /workspace/work/3a/797f42ae8c890f7fc0fc9cb7264c31]
~> TaskHandler[id: 138; name: NFCORE_RNASEQ:RNASEQ:BEDGRAPH_BEDCLIP_BEDGRAPHTOBIGWIG_FORWARD:UCSC_BEDCLIP (TREATMENT_mIFNa11_100000_REP1); status: NEW; exit: -; error: -; workDir: /workspace/work/1b/0229254b2018365aa80c87c04c1119]
.. remaining tasks omitted.
Oct-23 15:08:13.366 [Task monitor] DEBUG n.processor.TaskPollingMonitor - !! executor k8s > tasks to be completed: 6 -- submitted tasks are shown below
~> TaskHandler[id: 113; name: NFCORE_RNASEQ:RNASEQ:QUALIMAP_RNASEQ (TREATMENT_mIFNa11_10000_REP2); status: RUNNING; exit: -; error: -; workDir: /workspace/work/ac/d5acb268b349569d269d9baa8ad641]
~> TaskHandler[id: 123; name: NFCORE_RNASEQ:RNASEQ:BAM_RSEQC:RSEQC_READDUPLICATION (TREATMENT_mIFNa11_10000_REP3); status: RUNNING; exit: -; error: -; workDir: /workspace/work/d4/ecc5f1f670c4b8c48a13a0d134896e]
~> TaskHandler[id: 120; name: NFCORE_RNASEQ:RNASEQ:BAM_RSEQC:RSEQC_READDISTRIBUTION (TREATMENT_mIFNa11_10000_REP3); status: RUNNING; exit: -; error: -; workDir: /workspace/work/26/64d1b3a18681477703910615e2915c]
~> TaskHandler[id: 126; name: NFCORE_RNASEQ:RNASEQ:BAM_RSEQC:RSEQC_BAMSTAT (TREATMENT_mIFNa11_10000_REP3); status: RUNNING; exit: -; error: -; workDir: /workspace/work/a4/6e4b9a2a073a8a2f6880e625040b01]
~> TaskHandler[id: 122; name: NFCORE_RNASEQ:RNASEQ:BAM_RSEQC:RSEQC_JUNCTIONSATURATION (TREATMENT_mIFNa11_10000_REP3); status: RUNNING; exit: -; error: -; workDir: /workspace/work/04/8fa5822131978dd47c74e1ff29a3da]
~> TaskHandler[id: 128; name: NFCORE_RNASEQ:RNASEQ:BEDGRAPH_BEDCLIP_BEDGRAPHTOBIGWIG_REVERSE:UCSC_BEDCLIP (TREATMENT_mIFNa11_10000_REP3); status: RUNNING; exit: -; error: -; workDir: /workspace/work/72/22b2a5f6cf8a0fd8fe68250b3e8a92]
Oct-23 15:08:13.489 [Task monitor] DEBUG n.processor.TaskPollingMonitor - Task completed > TaskHandler[id: 128; name: NFCORE_RNASEQ:RNASEQ:BEDGRAPH_BEDCLIP_BEDGRAPHTOBIGWIG_REVERSE:UCSC_BEDCLIP (TREATMENT_mIFNa11_10000_REP3); status: COMPLETED; exit: 0; error: -; workDir: /workspace/work/72/22b2a5f6cf8a0fd8fe68250b3e8a92]
Oct-23 15:08:13.497 [Task submitter] DEBUG nextflow.k8s.model.PodSpecBuilder - K8s LABEL VALUE exceeds allowed size: 63 -- offending str=NFCORE_RNASEQ:RNASEQ:MULTIQC_CUSTOM_BIOTYPE (TREATMENT_mIFNa11_10000_REP3)
Oct-23 15:08:13.526 [Task submitter] INFO  nextflow.Session - [95/ac7bda] Submitted process > NFCORE_RNASEQ:RNASEQ:MULTIQC_CUSTOM_BIOTYPE (TREATMENT_mIFNa11_10000_REP3)
Oct-23 15:08:18.531 [Task monitor] DEBUG n.processor.TaskPollingMonitor - Task completed > TaskHandler[id: 129; name: NFCORE_RNASEQ:RNASEQ:MULTIQC_CUSTOM_BIOTYPE (TREATMENT_mIFNa11_10000_REP3); status: COMPLETED; exit: 0; error: -; workDir: /workspace/work/95/ac7bda40beefbc97aae962ee481455]
Oct-23 15:08:18.607 [Task submitter] DEBUG nextflow.k8s.model.PodSpecBuilder - K8s LABEL VALUE exceeds allowed size: 63 -- offending str=NFCORE_RNASEQ:RNASEQ:BEDGRAPH_BEDCLIP_BEDGRAPHTOBIGWIG_FORWARD:UCSC_BEDCLIP (TREATMENT_mIFNa11_10000_REP3)
Oct-23 15:08:18.607 [Task submitter] DEBUG nextflow.k8s.model.PodSpecBuilder - K8s LABEL VALUE exceeds allowed size: 63 -- offending str=NFCORE_RNASEQ:RNASEQ:BEDGRAPH_BEDCLIP_BEDGRAPHTOBIGWIG_FORWARD:UCSC_BEDCLIP
Oct-23 15:08:18.634 [Task submitter] INFO  nextflow.Session - [96/15cf03] Submitted process > NFCORE_RNASEQ:RNASEQ:BEDGRAPH_BEDCLIP_BEDGRAPHTOBIGWIG_FORWARD:UCSC_BEDCLIP (TREATMENT_mIFNa11_10000_REP3)
Oct-23 15:08:33.513 [Task monitor] DEBUG n.processor.TaskPollingMonitor - Task completed > TaskHandler[id: 130; name: NFCORE_RNASEQ:RNASEQ:BEDGRAPH_BEDCLIP_BEDGRAPHTOBIGWIG_FORWARD:UCSC_BEDCLIP (TREATMENT_mIFNa11_10000_REP3); status: COMPLETED; exit: 0; error: -; workDir: /workspace/work/96/15cf03eb5b7657db44e75f02f6114c]
Oct-23 15:08:33.521 [Task submitter] DEBUG nextflow.k8s.model.PodSpecBuilder - K8s LABEL VALUE exceeds allowed size: 63 -- offending str=NFCORE_RNASEQ:RNASEQ:BAM_RSEQC:RSEQC_BAMSTAT (TREATMENT_mIFNa11_100000_REP1)
Oct-23 15:08:33.541 [Task submitter] INFO  nextflow.Session - [ea/1c6511] Submitted process > NFCORE_RNASEQ:RNASEQ:BAM_RSEQC:RSEQC_BAMSTAT (TREATMENT_mIFNa11_100000_REP1)
Oct-23 15:10:18.591 [Task monitor] DEBUG n.processor.TaskPollingMonitor - Task completed > TaskHandler[id: 120; name: NFCORE_RNASEQ:RNASEQ:BAM_RSEQC:RSEQC_READDISTRIBUTION (TREATMENT_mIFNa11_10000_REP3); status: COMPLETED; exit: 0; error: -; workDir: /workspace/work/26/64d1b3a18681477703910615e2915c]
Oct-23 15:10:18.619 [Task submitter] DEBUG nextflow.k8s.model.PodSpecBuilder - K8s LABEL VALUE exceeds allowed size: 63 -- offending str=NFCORE_RNASEQ:RNASEQ:BAM_RSEQC:RSEQC_JUNCTIONSATURATION (TREATMENT_mIFNa11_100000_REP1)
Oct-23 15:10:18.663 [Task submitter] INFO  nextflow.Session - [27/40a9c2] Submitted process > NFCORE_RNASEQ:RNASEQ:BAM_RSEQC:RSEQC_JUNCTIONSATURATION (TREATMENT_mIFNa11_100000_REP1)
Oct-23 15:10:28.616 [Task monitor] DEBUG n.processor.TaskPollingMonitor - Task completed > TaskHandler[id: 126; name: NFCORE_RNASEQ:RNASEQ:BAM_RSEQC:RSEQC_BAMSTAT (TREATMENT_mIFNa11_10000_REP3); status: COMPLETED; exit: 0; error: -; workDir: /workspace/work/a4/6e4b9a2a073a8a2f6880e625040b01]
Oct-23 15:10:28.624 [Task submitter] DEBUG nextflow.k8s.model.PodSpecBuilder - K8s LABEL VALUE exceeds allowed size: 63 -- offending str=NFCORE_RNASEQ:RNASEQ:BAM_RSEQC:RSEQC_JUNCTIONANNOTATION (TREATMENT_mIFNa11_100000_REP1)
Oct-23 15:10:28.648 [Task submitter] INFO  nextflow.Session - [04/00f1db] Submitted process > NFCORE_RNASEQ:RNASEQ:BAM_RSEQC:RSEQC_JUNCTIONANNOTATION (TREATMENT_mIFNa11_100000_REP1)
Oct-23 15:10:38.438 [Task monitor] DEBUG n.processor.TaskPollingMonitor - Task completed > TaskHandler[id: 123; name: NFCORE_RNASEQ:RNASEQ:BAM_RSEQC:RSEQC_READDUPLICATION (TREATMENT_mIFNa11_10000_REP3); status: COMPLETED; exit: 0; error: -; workDir: /workspace/work/d4/ecc5f1f670c4b8c48a13a0d134896e]
Oct-23 15:10:38.446 [Task submitter] DEBUG nextflow.k8s.model.PodSpecBuilder - K8s LABEL VALUE exceeds allowed size: 63 -- offending str=NFCORE_RNASEQ:RNASEQ:BAM_RSEQC:RSEQC_INFEREXPERIMENT (TREATMENT_mIFNa11_100000_REP1)
Oct-23 15:10:38.470 [Task submitter] INFO  nextflow.Session - [77/c52ab6] Submitted process > NFCORE_RNASEQ:RNASEQ:BAM_RSEQC:RSEQC_INFEREXPERIMENT (TREATMENT_mIFNa11_100000_REP1)
Oct-23 15:10:53.483 [Task monitor] DEBUG n.processor.TaskPollingMonitor - Task completed > TaskHandler[id: 133; name: NFCORE_RNASEQ:RNASEQ:BAM_RSEQC:RSEQC_INFEREXPERIMENT (TREATMENT_mIFNa11_100000_REP1); status: COMPLETED; exit: 0; error: -; workDir: /workspace/work/77/c52ab6c3730f3df024295281c37f11]
Oct-23 15:10:53.521 [Task submitter] DEBUG nextflow.k8s.model.PodSpecBuilder - K8s LABEL VALUE exceeds allowed size: 63 -- offending str=NFCORE_RNASEQ:RNASEQ:BAM_RSEQC:RSEQC_READDUPLICATION (TREATMENT_mIFNa11_100000_REP1)
Oct-23 15:10:53.573 [Task submitter] INFO  nextflow.Session - [0c/1716b7] Submitted process > NFCORE_RNASEQ:RNASEQ:BAM_RSEQC:RSEQC_READDUPLICATION (TREATMENT_mIFNa11_100000_REP1)
Oct-23 15:11:18.434 [Task monitor] DEBUG n.processor.TaskPollingMonitor - Task completed > TaskHandler[id: 122; name: NFCORE_RNASEQ:RNASEQ:BAM_RSEQC:RSEQC_JUNCTIONSATURATION (TREATMENT_mIFNa11_10000_REP3); status: COMPLETED; exit: 0; error: -; workDir: /workspace/work/04/8fa5822131978dd47c74e1ff29a3da]
Oct-23 15:11:18.443 [Task submitter] DEBUG nextflow.k8s.model.PodSpecBuilder - K8s LABEL VALUE exceeds allowed size: 63 -- offending str=NFCORE_RNASEQ:RNASEQ:BAM_RSEQC:RSEQC_READDISTRIBUTION (TREATMENT_mIFNa11_100000_REP1)
Oct-23 15:11:18.469 [Task submitter] INFO  nextflow.Session - [91/c3d4c6] Submitted process > NFCORE_RNASEQ:RNASEQ:BAM_RSEQC:RSEQC_READDISTRIBUTION (TREATMENT_mIFNa11_100000_REP1)
Oct-23 15:11:48.434 [Task monitor] DEBUG n.processor.TaskPollingMonitor - Task completed > TaskHandler[id: 131; name: NFCORE_RNASEQ:RNASEQ:BAM_RSEQC:RSEQC_BAMSTAT (TREATMENT_mIFNa11_100000_REP1); status: COMPLETED; exit: 0; error: -; workDir: /workspace/work/ea/1c6511641606a124022eb1f04568d6]
Oct-23 15:11:48.446 [Task submitter] DEBUG nextflow.k8s.model.PodSpecBuilder - K8s LABEL VALUE exceeds allowed size: 63 -- offending str=NFCORE_RNASEQ:RNASEQ:BAM_RSEQC:RSEQC_INNERDISTANCE (TREATMENT_mIFNa11_100000_REP1)
Oct-23 15:11:48.482 [Task submitter] INFO  nextflow.Session - [3a/797f42] Submitted process > NFCORE_RNASEQ:RNASEQ:BAM_RSEQC:RSEQC_INNERDISTANCE (TREATMENT_mIFNa11_100000_REP1)
Oct-23 15:13:06.495 [Task submitter] DEBUG n.processor.TaskPollingMonitor - %% executor k8s > tasks in the submission queue: 40 -- tasks to be submitted are shown below
~> TaskHandler[id: 138; name: NFCORE_RNASEQ:RNASEQ:BEDGRAPH_BEDCLIP_BEDGRAPHTOBIGWIG_FORWARD:UCSC_BEDCLIP (TREATMENT_mIFNa11_100000_REP1); status: NEW; exit: -; error: -; workDir: /workspace/work/1b/0229254b2018365aa80c87c04c1119]
~> TaskHandler[id: 139; name: NFCORE_RNASEQ:RNASEQ:BEDGRAPH_BEDCLIP_BEDGRAPHTOBIGWIG_REVERSE:UCSC_BEDCLIP (TREATMENT_mIFNa11_100000_REP1); status: NEW; exit: -; error: -; workDir: /workspace/work/91/90416bf2771bfbcf2ad6841657c7ca]
~> TaskHandler[id: 140; name: NFCORE_RNASEQ:RNASEQ:MULTIQC_CUSTOM_BIOTYPE (TREATMENT_mIFNa11_100000_REP1); status: NEW; exit: -; error: -; workDir: /workspace/work/ba/b9e47a2e0f4cb260a61eb8f91664c8]
~> TaskHandler[id: 141; name: NFCORE_RNASEQ:RNASEQ:BEDGRAPH_BEDCLIP_BEDGRAPHTOBIGWIG_REVERSE:UCSC_BEDGRAPHTOBIGWIG (TREATMENT_mIFNa11_100000_REP2); status: NEW; exit: -; error: -; workDir: /workspace/work/61/51e15c6bc7d26e0cd2200c7042e0e6]
~> TaskHandler[id: 142; name: NFCORE_RNASEQ:RNASEQ:BEDGRAPH_BEDCLIP_BEDGRAPHTOBIGWIG_FORWARD:UCSC_BEDGRAPHTOBIGWIG (TREATMENT_mIFNa11_100000_REP2); status: NEW; exit: -; error: -; workDir: /workspace/work/67/07c348c988f75f550933616922de0e]
~> TaskHandler[id: 148; name: NFCORE_RNASEQ:RNASEQ:ALIGN_STAR:BAM_SORT_STATS_SAMTOOLS:BAM_STATS_SAMTOOLS:SAMTOOLS_FLAGSTAT (TREATMENT_mIFNa11_10000_REP3); status: NEW; exit: -; error: -; workDir: /workspace/work/70/a65a86a709bf10da2f49d14db98ef1]
~> TaskHandler[id: 143; name: NFCORE_RNASEQ:RNASEQ:BAM_MARKDUPLICATES_PICARD:PICARD_MARKDUPLICATES (TREATMENT_mIFNa11_10000_REP1); status: NEW; exit: -; error: -; workDir: /workspace/work/45/fdee8e1ccaef5944f04721a311c9c0]
~> TaskHandler[id: 145; name: NFCORE_RNASEQ:RNASEQ:ALIGN_STAR:BAM_SORT_STATS_SAMTOOLS:BAM_STATS_SAMTOOLS:SAMTOOLS_IDXSTATS (TREATMENT_mIFNa11_100000_REP2); status: NEW; exit: -; error: -; workDir: /workspace/work/20/78963e5e01feb945419394e10e63b5]
~> TaskHandler[id: 146; name: NFCORE_RNASEQ:RNASEQ:ALIGN_STAR:BAM_SORT_STATS_SAMTOOLS:BAM_STATS_SAMTOOLS:SAMTOOLS_STATS (TREATMENT_mIFNa11_100000_REP2); status: NEW; exit: -; error: -; workDir: /workspace/work/3e/d05e2ceedd2d74a6bf3c1ca982b38e]
~> TaskHandler[id: 144; name: NFCORE_RNASEQ:RNASEQ:ALIGN_STAR:BAM_SORT_STATS_SAMTOOLS:BAM_STATS_SAMTOOLS:SAMTOOLS_FLAGSTAT (TREATMENT_mIFNa11_100000_REP2); status: NEW; exit: -; error: -; workDir: /workspace/work/cf/3beff300d7a386f9cc63bea027a6a6]
.. remaining tasks omitted.
Oct-23 15:13:13.379 [Task monitor] DEBUG n.processor.TaskPollingMonitor - !! executor k8s > tasks to be completed: 6 -- submitted tasks are shown below
~> TaskHandler[id: 113; name: NFCORE_RNASEQ:RNASEQ:QUALIMAP_RNASEQ (TREATMENT_mIFNa11_10000_REP2); status: RUNNING; exit: -; error: -; workDir: /workspace/work/ac/d5acb268b349569d269d9baa8ad641]
~> TaskHandler[id: 132; name: NFCORE_RNASEQ:RNASEQ:BAM_RSEQC:RSEQC_JUNCTIONSATURATION (TREATMENT_mIFNa11_100000_REP1); status: RUNNING; exit: -; error: -; workDir: /workspace/work/27/40a9c2c1f89a4becaca3a1e75486b7]
~> TaskHandler[id: 134; name: NFCORE_RNASEQ:RNASEQ:BAM_RSEQC:RSEQC_JUNCTIONANNOTATION (TREATMENT_mIFNa11_100000_REP1); status: RUNNING; exit: -; error: -; workDir: /workspace/work/04/00f1dbb0e6ec243e7defe8211b1b19]
~> TaskHandler[id: 135; name: NFCORE_RNASEQ:RNASEQ:BAM_RSEQC:RSEQC_READDUPLICATION (TREATMENT_mIFNa11_100000_REP1); status: RUNNING; exit: -; error: -; workDir: /workspace/work/0c/1716b7c95f710099cd56a0d5529824]
~> TaskHandler[id: 136; name: NFCORE_RNASEQ:RNASEQ:BAM_RSEQC:RSEQC_READDISTRIBUTION (TREATMENT_mIFNa11_100000_REP1); status: RUNNING; exit: -; error: -; workDir: /workspace/work/91/c3d4c649b3404654154f932395c958]
~> TaskHandler[id: 137; name: NFCORE_RNASEQ:RNASEQ:BAM_RSEQC:RSEQC_INNERDISTANCE (TREATMENT_mIFNa11_100000_REP1); status: RUNNING; exit: -; error: -; workDir: /workspace/work/3a/797f42ae8c890f7fc0fc9cb7264c31]
Oct-23 15:13:43.573 [Task monitor] DEBUG n.processor.TaskPollingMonitor - Task completed > TaskHandler[id: 137; name: NFCORE_RNASEQ:RNASEQ:BAM_RSEQC:RSEQC_INNERDISTANCE (TREATMENT_mIFNa11_100000_REP1); status: COMPLETED; exit: 0; error: -; workDir: /workspace/work/3a/797f42ae8c890f7fc0fc9cb7264c31]
Oct-23 15:13:43.584 [Task submitter] DEBUG nextflow.k8s.model.PodSpecBuilder - K8s LABEL VALUE exceeds allowed size: 63 -- offending str=NFCORE_RNASEQ:RNASEQ:BEDGRAPH_BEDCLIP_BEDGRAPHTOBIGWIG_FORWARD:UCSC_BEDCLIP (TREATMENT_mIFNa11_100000_REP1)
Oct-23 15:13:43.584 [Task submitter] DEBUG nextflow.k8s.model.PodSpecBuilder - K8s LABEL VALUE exceeds allowed size: 63 -- offending str=NFCORE_RNASEQ:RNASEQ:BEDGRAPH_BEDCLIP_BEDGRAPHTOBIGWIG_FORWARD:UCSC_BEDCLIP
Oct-23 15:13:43.624 [Task submitter] INFO  nextflow.Session - [1b/022925] Submitted process > NFCORE_RNASEQ:RNASEQ:BEDGRAPH_BEDCLIP_BEDGRAPHTOBIGWIG_FORWARD:UCSC_BEDCLIP (TREATMENT_mIFNa11_100000_REP1)
Oct-23 15:13:59.211 [Task monitor] DEBUG n.processor.TaskPollingMonitor - Task completed > TaskHandler[id: 134; name: NFCORE_RNASEQ:RNASEQ:BAM_RSEQC:RSEQC_JUNCTIONANNOTATION (TREATMENT_mIFNa11_100000_REP1); status: COMPLETED; exit: 0; error: -; workDir: /workspace/work/04/00f1dbb0e6ec243e7defe8211b1b19]
Oct-23 15:13:59.219 [Task submitter] DEBUG nextflow.k8s.model.PodSpecBuilder - K8s LABEL VALUE exceeds allowed size: 63 -- offending str=NFCORE_RNASEQ:RNASEQ:BEDGRAPH_BEDCLIP_BEDGRAPHTOBIGWIG_REVERSE:UCSC_BEDCLIP (TREATMENT_mIFNa11_100000_REP1)
Oct-23 15:13:59.220 [Task submitter] DEBUG nextflow.k8s.model.PodSpecBuilder - K8s LABEL VALUE exceeds allowed size: 63 -- offending str=NFCORE_RNASEQ:RNASEQ:BEDGRAPH_BEDCLIP_BEDGRAPHTOBIGWIG_REVERSE:UCSC_BEDCLIP
Oct-23 15:13:59.244 [Task submitter] INFO  nextflow.Session - [91/90416b] Submitted process > NFCORE_RNASEQ:RNASEQ:BEDGRAPH_BEDCLIP_BEDGRAPHTOBIGWIG_REVERSE:UCSC_BEDCLIP (TREATMENT_mIFNa11_100000_REP1)
Oct-23 15:14:05.220 [Task monitor] DEBUG n.processor.TaskPollingMonitor - Task completed > TaskHandler[id: 138; name: NFCORE_RNASEQ:RNASEQ:BEDGRAPH_BEDCLIP_BEDGRAPHTOBIGWIG_FORWARD:UCSC_BEDCLIP (TREATMENT_mIFNa11_100000_REP1); status: COMPLETED; exit: 0; error: -; workDir: /workspace/work/1b/0229254b2018365aa80c87c04c1119]
Oct-23 15:14:05.230 [Task submitter] DEBUG nextflow.k8s.model.PodSpecBuilder - K8s LABEL VALUE exceeds allowed size: 63 -- offending str=NFCORE_RNASEQ:RNASEQ:MULTIQC_CUSTOM_BIOTYPE (TREATMENT_mIFNa11_100000_REP1)
Oct-23 15:14:05.254 [Task submitter] INFO  nextflow.Session - [ba/b9e47a] Submitted process > NFCORE_RNASEQ:RNASEQ:MULTIQC_CUSTOM_BIOTYPE (TREATMENT_mIFNa11_100000_REP1)
Oct-23 15:14:10.041 [Task monitor] DEBUG n.processor.TaskPollingMonitor - Task completed > TaskHandler[id: 132; name: NFCORE_RNASEQ:RNASEQ:BAM_RSEQC:RSEQC_JUNCTIONSATURATION (TREATMENT_mIFNa11_100000_REP1); status: COMPLETED; exit: 0; error: -; workDir: /workspace/work/27/40a9c2c1f89a4becaca3a1e75486b7]
Oct-23 15:14:10.050 [Task submitter] DEBUG nextflow.k8s.model.PodSpecBuilder - K8s LABEL VALUE exceeds allowed size: 63 -- offending str=NFCORE_RNASEQ:RNASEQ:BEDGRAPH_BEDCLIP_BEDGRAPHTOBIGWIG_REVERSE:UCSC_BEDGRAPHTOBIGWIG (TREATMENT_mIFNa11_100000_REP2)
Oct-23 15:14:10.051 [Task submitter] DEBUG nextflow.k8s.model.PodSpecBuilder - K8s LABEL VALUE exceeds allowed size: 63 -- offending str=NFCORE_RNASEQ:RNASEQ:BEDGRAPH_BEDCLIP_BEDGRAPHTOBIGWIG_REVERSE:UCSC_BEDGRAPHTOBIGWIG
Oct-23 15:14:10.072 [Task submitter] INFO  nextflow.Session - [61/51e15c] Submitted process > NFCORE_RNASEQ:RNASEQ:BEDGRAPH_BEDCLIP_BEDGRAPHTOBIGWIG_REVERSE:UCSC_BEDGRAPHTOBIGWIG (TREATMENT_mIFNa11_100000_REP2)
Oct-23 15:14:15.065 [Task monitor] DEBUG n.processor.TaskPollingMonitor - Task completed > TaskHandler[id: 139; name: NFCORE_RNASEQ:RNASEQ:BEDGRAPH_BEDCLIP_BEDGRAPHTOBIGWIG_REVERSE:UCSC_BEDCLIP (TREATMENT_mIFNa11_100000_REP1); status: COMPLETED; exit: 0; error: -; workDir: /workspace/work/91/90416bf2771bfbcf2ad6841657c7ca]
Oct-23 15:14:15.076 [Task submitter] DEBUG nextflow.k8s.model.PodSpecBuilder - K8s LABEL VALUE exceeds allowed size: 63 -- offending str=NFCORE_RNASEQ:RNASEQ:BEDGRAPH_BEDCLIP_BEDGRAPHTOBIGWIG_FORWARD:UCSC_BEDGRAPHTOBIGWIG (TREATMENT_mIFNa11_100000_REP2)
Oct-23 15:14:15.076 [Task submitter] DEBUG nextflow.k8s.model.PodSpecBuilder - K8s LABEL VALUE exceeds allowed size: 63 -- offending str=NFCORE_RNASEQ:RNASEQ:BEDGRAPH_BEDCLIP_BEDGRAPHTOBIGWIG_FORWARD:UCSC_BEDGRAPHTOBIGWIG
Oct-23 15:14:15.093 [Task submitter] INFO  nextflow.Session - [67/07c348] Submitted process > NFCORE_RNASEQ:RNASEQ:BEDGRAPH_BEDCLIP_BEDGRAPHTOBIGWIG_FORWARD:UCSC_BEDGRAPHTOBIGWIG (TREATMENT_mIFNa11_100000_REP2)
Oct-23 15:14:18.917 [Task monitor] DEBUG n.processor.TaskPollingMonitor - Task completed > TaskHandler[id: 140; name: NFCORE_RNASEQ:RNASEQ:MULTIQC_CUSTOM_BIOTYPE (TREATMENT_mIFNa11_100000_REP1); status: COMPLETED; exit: 0; error: -; workDir: /workspace/work/ba/b9e47a2e0f4cb260a61eb8f91664c8]
Oct-23 15:14:18.927 [Task submitter] DEBUG nextflow.k8s.model.PodSpecBuilder - K8s LABEL VALUE exceeds allowed size: 63 -- offending str=NFCORE_RNASEQ:RNASEQ:ALIGN_STAR:BAM_SORT_STATS_SAMTOOLS:BAM_STATS_SAMTOOLS:SAMTOOLS_FLAGSTAT (TREATMENT_mIFNa11_10000_REP3)
Oct-23 15:14:18.928 [Task submitter] DEBUG nextflow.k8s.model.PodSpecBuilder - K8s LABEL VALUE exceeds allowed size: 63 -- offending str=NFCORE_RNASEQ:RNASEQ:ALIGN_STAR:BAM_SORT_STATS_SAMTOOLS:BAM_STATS_SAMTOOLS:SAMTOOLS_FLAGSTAT
Oct-23 15:14:18.954 [Task submitter] INFO  nextflow.Session - [70/a65a86] Submitted process > NFCORE_RNASEQ:RNASEQ:ALIGN_STAR:BAM_SORT_STATS_SAMTOOLS:BAM_STATS_SAMTOOLS:SAMTOOLS_FLAGSTAT (TREATMENT_mIFNa11_10000_REP3)
Oct-23 15:14:48.643 [Task monitor] DEBUG n.processor.TaskPollingMonitor - Task completed > TaskHandler[id: 141; name: NFCORE_RNASEQ:RNASEQ:BEDGRAPH_BEDCLIP_BEDGRAPHTOBIGWIG_REVERSE:UCSC_BEDGRAPHTOBIGWIG (TREATMENT_mIFNa11_100000_REP2); status: COMPLETED; exit: 0; error: -; workDir: /workspace/work/61/51e15c6bc7d26e0cd2200c7042e0e6]
Oct-23 15:14:48.653 [Task submitter] DEBUG nextflow.k8s.model.PodSpecBuilder - K8s LABEL VALUE exceeds allowed size: 63 -- offending str=NFCORE_RNASEQ:RNASEQ:BAM_MARKDUPLICATES_PICARD:PICARD_MARKDUPLICATES (TREATMENT_mIFNa11_10000_REP1)
Oct-23 15:14:48.653 [Task submitter] DEBUG nextflow.k8s.model.PodSpecBuilder - K8s LABEL VALUE exceeds allowed size: 63 -- offending str=NFCORE_RNASEQ:RNASEQ:BAM_MARKDUPLICATES_PICARD:PICARD_MARKDUPLICATES
Oct-23 15:14:48.680 [Task submitter] INFO  nextflow.Session - [45/fdee8e] Submitted process > NFCORE_RNASEQ:RNASEQ:BAM_MARKDUPLICATES_PICARD:PICARD_MARKDUPLICATES (TREATMENT_mIFNa11_10000_REP1)
Oct-23 15:14:53.483 [Task monitor] DEBUG n.processor.TaskPollingMonitor - Task completed > TaskHandler[id: 142; name: NFCORE_RNASEQ:RNASEQ:BEDGRAPH_BEDCLIP_BEDGRAPHTOBIGWIG_FORWARD:UCSC_BEDGRAPHTOBIGWIG (TREATMENT_mIFNa11_100000_REP2); status: COMPLETED; exit: 0; error: -; workDir: /workspace/work/67/07c348c988f75f550933616922de0e]
Oct-23 15:14:53.491 [Task submitter] DEBUG nextflow.k8s.model.PodSpecBuilder - K8s LABEL VALUE exceeds allowed size: 63 -- offending str=NFCORE_RNASEQ:RNASEQ:ALIGN_STAR:BAM_SORT_STATS_SAMTOOLS:BAM_STATS_SAMTOOLS:SAMTOOLS_IDXSTATS (TREATMENT_mIFNa11_100000_REP2)
Oct-23 15:14:53.491 [Task submitter] DEBUG nextflow.k8s.model.PodSpecBuilder - K8s LABEL VALUE exceeds allowed size: 63 -- offending str=NFCORE_RNASEQ:RNASEQ:ALIGN_STAR:BAM_SORT_STATS_SAMTOOLS:BAM_STATS_SAMTOOLS:SAMTOOLS_IDXSTATS
Oct-23 15:14:53.533 [Task submitter] INFO  nextflow.Session - [20/78963e] Submitted process > NFCORE_RNASEQ:RNASEQ:ALIGN_STAR:BAM_SORT_STATS_SAMTOOLS:BAM_STATS_SAMTOOLS:SAMTOOLS_IDXSTATS (TREATMENT_mIFNa11_100000_REP2)
Oct-23 15:14:58.467 [Task monitor] DEBUG n.processor.TaskPollingMonitor - Task completed > TaskHandler[id: 148; name: NFCORE_RNASEQ:RNASEQ:ALIGN_STAR:BAM_SORT_STATS_SAMTOOLS:BAM_STATS_SAMTOOLS:SAMTOOLS_FLAGSTAT (TREATMENT_mIFNa11_10000_REP3); status: COMPLETED; exit: 0; error: -; workDir: /workspace/work/70/a65a86a709bf10da2f49d14db98ef1]
Oct-23 15:14:58.475 [Task submitter] DEBUG nextflow.k8s.model.PodSpecBuilder - K8s LABEL VALUE exceeds allowed size: 63 -- offending str=NFCORE_RNASEQ:RNASEQ:ALIGN_STAR:BAM_SORT_STATS_SAMTOOLS:BAM_STATS_SAMTOOLS:SAMTOOLS_STATS (TREATMENT_mIFNa11_100000_REP2)
Oct-23 15:14:58.475 [Task submitter] DEBUG nextflow.k8s.model.PodSpecBuilder - K8s LABEL VALUE exceeds allowed size: 63 -- offending str=NFCORE_RNASEQ:RNASEQ:ALIGN_STAR:BAM_SORT_STATS_SAMTOOLS:BAM_STATS_SAMTOOLS:SAMTOOLS_STATS
Oct-23 15:14:58.509 [Task submitter] INFO  nextflow.Session - [3e/d05e2c] Submitted process > NFCORE_RNASEQ:RNASEQ:ALIGN_STAR:BAM_SORT_STATS_SAMTOOLS:BAM_STATS_SAMTOOLS:SAMTOOLS_STATS (TREATMENT_mIFNa11_100000_REP2)
Oct-23 15:15:13.942 [Task monitor] DEBUG n.processor.TaskPollingMonitor - Task completed > TaskHandler[id: 145; name: NFCORE_RNASEQ:RNASEQ:ALIGN_STAR:BAM_SORT_STATS_SAMTOOLS:BAM_STATS_SAMTOOLS:SAMTOOLS_IDXSTATS (TREATMENT_mIFNa11_100000_REP2); status: COMPLETED; exit: 0; error: -; workDir: /workspace/work/20/78963e5e01feb945419394e10e63b5]
Oct-23 15:15:13.950 [Task submitter] DEBUG nextflow.k8s.model.PodSpecBuilder - K8s LABEL VALUE exceeds allowed size: 63 -- offending str=NFCORE_RNASEQ:RNASEQ:ALIGN_STAR:BAM_SORT_STATS_SAMTOOLS:BAM_STATS_SAMTOOLS:SAMTOOLS_FLAGSTAT (TREATMENT_mIFNa11_100000_REP2)
Oct-23 15:15:13.951 [Task submitter] DEBUG nextflow.k8s.model.PodSpecBuilder - K8s LABEL VALUE exceeds allowed size: 63 -- offending str=NFCORE_RNASEQ:RNASEQ:ALIGN_STAR:BAM_SORT_STATS_SAMTOOLS:BAM_STATS_SAMTOOLS:SAMTOOLS_FLAGSTAT
Oct-23 15:15:13.965 [Task submitter] INFO  nextflow.Session - [cf/3beff3] Submitted process > NFCORE_RNASEQ:RNASEQ:ALIGN_STAR:BAM_SORT_STATS_SAMTOOLS:BAM_STATS_SAMTOOLS:SAMTOOLS_FLAGSTAT (TREATMENT_mIFNa11_100000_REP2)
Oct-23 15:15:48.491 [Task monitor] DEBUG n.processor.TaskPollingMonitor - Task completed > TaskHandler[id: 144; name: NFCORE_RNASEQ:RNASEQ:ALIGN_STAR:BAM_SORT_STATS_SAMTOOLS:BAM_STATS_SAMTOOLS:SAMTOOLS_FLAGSTAT (TREATMENT_mIFNa11_100000_REP2); status: COMPLETED; exit: 0; error: -; workDir: /workspace/work/cf/3beff300d7a386f9cc63bea027a6a6]
Oct-23 15:15:48.500 [Task submitter] DEBUG nextflow.k8s.model.PodSpecBuilder - K8s LABEL VALUE exceeds allowed size: 63 -- offending str=NFCORE_RNASEQ:RNASEQ:ALIGN_STAR:BAM_SORT_STATS_SAMTOOLS:BAM_STATS_SAMTOOLS:SAMTOOLS_IDXSTATS (TREATMENT_mIFNa11_10000_REP3)
Oct-23 15:15:48.500 [Task submitter] DEBUG nextflow.k8s.model.PodSpecBuilder - K8s LABEL VALUE exceeds allowed size: 63 -- offending str=NFCORE_RNASEQ:RNASEQ:ALIGN_STAR:BAM_SORT_STATS_SAMTOOLS:BAM_STATS_SAMTOOLS:SAMTOOLS_IDXSTATS
Oct-23 15:15:48.529 [Task submitter] INFO  nextflow.Session - [8b/27e98e] Submitted process > NFCORE_RNASEQ:RNASEQ:ALIGN_STAR:BAM_SORT_STATS_SAMTOOLS:BAM_STATS_SAMTOOLS:SAMTOOLS_IDXSTATS (TREATMENT_mIFNa11_10000_REP3)
Oct-23 15:15:58.500 [Task monitor] DEBUG n.processor.TaskPollingMonitor - Task completed > TaskHandler[id: 147; name: NFCORE_RNASEQ:RNASEQ:ALIGN_STAR:BAM_SORT_STATS_SAMTOOLS:BAM_STATS_SAMTOOLS:SAMTOOLS_IDXSTATS (TREATMENT_mIFNa11_10000_REP3); status: COMPLETED; exit: 0; error: -; workDir: /workspace/work/8b/27e98e7e838fe694d1328f3b741ea0]
Oct-23 15:15:58.515 [Task submitter] DEBUG nextflow.k8s.model.PodSpecBuilder - K8s LABEL VALUE exceeds allowed size: 63 -- offending str=NFCORE_RNASEQ:RNASEQ:ALIGN_STAR:BAM_SORT_STATS_SAMTOOLS:BAM_STATS_SAMTOOLS:SAMTOOLS_STATS (TREATMENT_mIFNa11_10000_REP3)
Oct-23 15:15:58.515 [Task submitter] DEBUG nextflow.k8s.model.PodSpecBuilder - K8s LABEL VALUE exceeds allowed size: 63 -- offending str=NFCORE_RNASEQ:RNASEQ:ALIGN_STAR:BAM_SORT_STATS_SAMTOOLS:BAM_STATS_SAMTOOLS:SAMTOOLS_STATS
Oct-23 15:15:58.539 [Task submitter] INFO  nextflow.Session - [a9/39ad22] Submitted process > NFCORE_RNASEQ:RNASEQ:ALIGN_STAR:BAM_SORT_STATS_SAMTOOLS:BAM_STATS_SAMTOOLS:SAMTOOLS_STATS (TREATMENT_mIFNa11_10000_REP3)
Oct-23 15:16:28.481 [Task monitor] DEBUG n.processor.TaskPollingMonitor - Task completed > TaskHandler[id: 146; name: NFCORE_RNASEQ:RNASEQ:ALIGN_STAR:BAM_SORT_STATS_SAMTOOLS:BAM_STATS_SAMTOOLS:SAMTOOLS_STATS (TREATMENT_mIFNa11_100000_REP2); status: COMPLETED; exit: 0; error: -; workDir: /workspace/work/3e/d05e2ceedd2d74a6bf3c1ca982b38e]
Oct-23 15:16:28.491 [Task submitter] DEBUG nextflow.k8s.model.PodSpecBuilder - K8s LABEL VALUE exceeds allowed size: 63 -- offending str=NFCORE_RNASEQ:RNASEQ:ALIGN_STAR:BAM_SORT_STATS_SAMTOOLS:BAM_STATS_SAMTOOLS:SAMTOOLS_FLAGSTAT (TREATMENT_mIFNa11_100000_REP1)
Oct-23 15:16:28.491 [Task submitter] DEBUG nextflow.k8s.model.PodSpecBuilder - K8s LABEL VALUE exceeds allowed size: 63 -- offending str=NFCORE_RNASEQ:RNASEQ:ALIGN_STAR:BAM_SORT_STATS_SAMTOOLS:BAM_STATS_SAMTOOLS:SAMTOOLS_FLAGSTAT
Oct-23 15:16:28.530 [Task submitter] INFO  nextflow.Session - [11/7b405e] Submitted process > NFCORE_RNASEQ:RNASEQ:ALIGN_STAR:BAM_SORT_STATS_SAMTOOLS:BAM_STATS_SAMTOOLS:SAMTOOLS_FLAGSTAT (TREATMENT_mIFNa11_100000_REP1)
Oct-23 15:16:48.465 [Task monitor] DEBUG n.processor.TaskPollingMonitor - Task completed > TaskHandler[id: 136; name: NFCORE_RNASEQ:RNASEQ:BAM_RSEQC:RSEQC_READDISTRIBUTION (TREATMENT_mIFNa11_100000_REP1); status: COMPLETED; exit: 0; error: -; workDir: /workspace/work/91/c3d4c649b3404654154f932395c958]
Oct-23 15:16:48.474 [Task submitter] DEBUG nextflow.k8s.model.PodSpecBuilder - K8s LABEL VALUE exceeds allowed size: 63 -- offending str=NFCORE_RNASEQ:RNASEQ:ALIGN_STAR:BAM_SORT_STATS_SAMTOOLS:BAM_STATS_SAMTOOLS:SAMTOOLS_FLAGSTAT (TREATMENT_mIFNa11_100000_REP3)
Oct-23 15:16:48.474 [Task submitter] DEBUG nextflow.k8s.model.PodSpecBuilder - K8s LABEL VALUE exceeds allowed size: 63 -- offending str=NFCORE_RNASEQ:RNASEQ:ALIGN_STAR:BAM_SORT_STATS_SAMTOOLS:BAM_STATS_SAMTOOLS:SAMTOOLS_FLAGSTAT
Oct-23 15:16:48.499 [Task submitter] INFO  nextflow.Session - [6a/9ccad8] Submitted process > NFCORE_RNASEQ:RNASEQ:ALIGN_STAR:BAM_SORT_STATS_SAMTOOLS:BAM_STATS_SAMTOOLS:SAMTOOLS_FLAGSTAT (TREATMENT_mIFNa11_100000_REP3)
Oct-23 15:16:53.449 [Task monitor] DEBUG n.processor.TaskPollingMonitor - Task completed > TaskHandler[id: 135; name: NFCORE_RNASEQ:RNASEQ:BAM_RSEQC:RSEQC_READDUPLICATION (TREATMENT_mIFNa11_100000_REP1); status: COMPLETED; exit: 0; error: -; workDir: /workspace/work/0c/1716b7c95f710099cd56a0d5529824]
Oct-23 15:16:53.458 [Task submitter] DEBUG nextflow.k8s.model.PodSpecBuilder - K8s LABEL VALUE exceeds allowed size: 63 -- offending str=NFCORE_RNASEQ:RNASEQ:ALIGN_STAR:BAM_SORT_STATS_SAMTOOLS:BAM_STATS_SAMTOOLS:SAMTOOLS_IDXSTATS (TREATMENT_mIFNa11_100000_REP1)
Oct-23 15:16:53.458 [Task submitter] DEBUG nextflow.k8s.model.PodSpecBuilder - K8s LABEL VALUE exceeds allowed size: 63 -- offending str=NFCORE_RNASEQ:RNASEQ:ALIGN_STAR:BAM_SORT_STATS_SAMTOOLS:BAM_STATS_SAMTOOLS:SAMTOOLS_IDXSTATS
Oct-23 15:16:53.482 [Task submitter] INFO  nextflow.Session - [e4/8ff554] Submitted process > NFCORE_RNASEQ:RNASEQ:ALIGN_STAR:BAM_SORT_STATS_SAMTOOLS:BAM_STATS_SAMTOOLS:SAMTOOLS_IDXSTATS (TREATMENT_mIFNa11_100000_REP1)
Oct-23 15:16:53.620 [Task monitor] DEBUG n.processor.TaskPollingMonitor - Task completed > TaskHandler[id: 149; name: NFCORE_RNASEQ:RNASEQ:ALIGN_STAR:BAM_SORT_STATS_SAMTOOLS:BAM_STATS_SAMTOOLS:SAMTOOLS_FLAGSTAT (TREATMENT_mIFNa11_100000_REP1); status: COMPLETED; exit: 0; error: -; workDir: /workspace/work/11/7b405ef358471642b8548ed6ae38a8]
Oct-23 15:16:53.630 [Task submitter] DEBUG nextflow.k8s.model.PodSpecBuilder - K8s LABEL VALUE exceeds allowed size: 63 -- offending str=NFCORE_RNASEQ:RNASEQ:ALIGN_STAR:BAM_SORT_STATS_SAMTOOLS:BAM_STATS_SAMTOOLS:SAMTOOLS_STATS (TREATMENT_mIFNa11_100000_REP1)
Oct-23 15:16:53.630 [Task submitter] DEBUG nextflow.k8s.model.PodSpecBuilder - K8s LABEL VALUE exceeds allowed size: 63 -- offending str=NFCORE_RNASEQ:RNASEQ:ALIGN_STAR:BAM_SORT_STATS_SAMTOOLS:BAM_STATS_SAMTOOLS:SAMTOOLS_STATS
Oct-23 15:16:53.648 [Task submitter] INFO  nextflow.Session - [ac/ea2ec9] Submitted process > NFCORE_RNASEQ:RNASEQ:ALIGN_STAR:BAM_SORT_STATS_SAMTOOLS:BAM_STATS_SAMTOOLS:SAMTOOLS_STATS (TREATMENT_mIFNa11_100000_REP1)
Oct-23 15:17:03.505 [Task monitor] DEBUG n.processor.TaskPollingMonitor - Task completed > TaskHandler[id: 151; name: NFCORE_RNASEQ:RNASEQ:ALIGN_STAR:BAM_SORT_STATS_SAMTOOLS:BAM_STATS_SAMTOOLS:SAMTOOLS_IDXSTATS (TREATMENT_mIFNa11_100000_REP1); status: COMPLETED; exit: 0; error: -; workDir: /workspace/work/e4/8ff5543ad241db572b3f68a024f75f]
Oct-23 15:17:03.515 [Task submitter] DEBUG nextflow.k8s.model.PodSpecBuilder - K8s LABEL VALUE exceeds allowed size: 63 -- offending str=NFCORE_RNASEQ:RNASEQ:ALIGN_STAR:BAM_SORT_STATS_SAMTOOLS:BAM_STATS_SAMTOOLS:SAMTOOLS_IDXSTATS (TREATMENT_mIFNa11_100000_REP3)
Oct-23 15:17:03.515 [Task submitter] DEBUG nextflow.k8s.model.PodSpecBuilder - K8s LABEL VALUE exceeds allowed size: 63 -- offending str=NFCORE_RNASEQ:RNASEQ:ALIGN_STAR:BAM_SORT_STATS_SAMTOOLS:BAM_STATS_SAMTOOLS:SAMTOOLS_IDXSTATS
Oct-23 15:17:03.557 [Task submitter] INFO  nextflow.Session - [f2/048e55] Submitted process > NFCORE_RNASEQ:RNASEQ:ALIGN_STAR:BAM_SORT_STATS_SAMTOOLS:BAM_STATS_SAMTOOLS:SAMTOOLS_IDXSTATS (TREATMENT_mIFNa11_100000_REP3)
Oct-23 15:17:13.563 [Task monitor] DEBUG n.processor.TaskPollingMonitor - Task completed > TaskHandler[id: 154; name: NFCORE_RNASEQ:RNASEQ:ALIGN_STAR:BAM_SORT_STATS_SAMTOOLS:BAM_STATS_SAMTOOLS:SAMTOOLS_IDXSTATS (TREATMENT_mIFNa11_100000_REP3); status: COMPLETED; exit: 0; error: -; workDir: /workspace/work/f2/048e552aa6b14b37cbee44a2ebb384]
Oct-23 15:17:13.572 [Task submitter] DEBUG nextflow.k8s.model.PodSpecBuilder - K8s LABEL VALUE exceeds allowed size: 63 -- offending str=NFCORE_RNASEQ:RNASEQ:ALIGN_STAR:BAM_SORT_STATS_SAMTOOLS:BAM_STATS_SAMTOOLS:SAMTOOLS_STATS (TREATMENT_mIFNa11_100000_REP3)
Oct-23 15:17:13.572 [Task submitter] DEBUG nextflow.k8s.model.PodSpecBuilder - K8s LABEL VALUE exceeds allowed size: 63 -- offending str=NFCORE_RNASEQ:RNASEQ:ALIGN_STAR:BAM_SORT_STATS_SAMTOOLS:BAM_STATS_SAMTOOLS:SAMTOOLS_STATS
Oct-23 15:17:13.589 [Task submitter] INFO  nextflow.Session - [aa/6fc9bc] Submitted process > NFCORE_RNASEQ:RNASEQ:ALIGN_STAR:BAM_SORT_STATS_SAMTOOLS:BAM_STATS_SAMTOOLS:SAMTOOLS_STATS (TREATMENT_mIFNa11_100000_REP3)
Oct-23 15:17:18.824 [Task monitor] DEBUG n.processor.TaskPollingMonitor - Task completed > TaskHandler[id: 153; name: NFCORE_RNASEQ:RNASEQ:ALIGN_STAR:BAM_SORT_STATS_SAMTOOLS:BAM_STATS_SAMTOOLS:SAMTOOLS_FLAGSTAT (TREATMENT_mIFNa11_100000_REP3); status: COMPLETED; exit: 0; error: -; workDir: /workspace/work/6a/9ccad8ce41d7fc939ca835426ba6aa]
Oct-23 15:17:18.832 [Task submitter] DEBUG nextflow.k8s.model.PodSpecBuilder - K8s LABEL VALUE exceeds allowed size: 63 -- offending str=NFCORE_RNASEQ:RNASEQ:ALIGN_STAR:BAM_SORT_STATS_SAMTOOLS:BAM_STATS_SAMTOOLS:SAMTOOLS_FLAGSTAT (TREATMENT_mIFNa11_10000_REP2)
Oct-23 15:17:18.832 [Task submitter] DEBUG nextflow.k8s.model.PodSpecBuilder - K8s LABEL VALUE exceeds allowed size: 63 -- offending str=NFCORE_RNASEQ:RNASEQ:ALIGN_STAR:BAM_SORT_STATS_SAMTOOLS:BAM_STATS_SAMTOOLS:SAMTOOLS_FLAGSTAT
Oct-23 15:17:18.856 [Task submitter] INFO  nextflow.Session - [66/24abdf] Submitted process > NFCORE_RNASEQ:RNASEQ:ALIGN_STAR:BAM_SORT_STATS_SAMTOOLS:BAM_STATS_SAMTOOLS:SAMTOOLS_FLAGSTAT (TREATMENT_mIFNa11_10000_REP2)
Oct-23 15:17:48.490 [Task monitor] DEBUG n.processor.TaskPollingMonitor - Task completed > TaskHandler[id: 156; name: NFCORE_RNASEQ:RNASEQ:ALIGN_STAR:BAM_SORT_STATS_SAMTOOLS:BAM_STATS_SAMTOOLS:SAMTOOLS_FLAGSTAT (TREATMENT_mIFNa11_10000_REP2); status: COMPLETED; exit: 0; error: -; workDir: /workspace/work/66/24abdf0e49c92f914892f03c2baef4]
Oct-23 15:17:48.499 [Task submitter] DEBUG nextflow.k8s.model.PodSpecBuilder - K8s LABEL VALUE exceeds allowed size: 63 -- offending str=NFCORE_RNASEQ:RNASEQ:ALIGN_STAR:BAM_SORT_STATS_SAMTOOLS:BAM_STATS_SAMTOOLS:SAMTOOLS_FLAGSTAT (TREATMENT_mIFNa11_10000_REP1)
Oct-23 15:17:48.499 [Task submitter] DEBUG nextflow.k8s.model.PodSpecBuilder - K8s LABEL VALUE exceeds allowed size: 63 -- offending str=NFCORE_RNASEQ:RNASEQ:ALIGN_STAR:BAM_SORT_STATS_SAMTOOLS:BAM_STATS_SAMTOOLS:SAMTOOLS_FLAGSTAT
Oct-23 15:17:48.518 [Task submitter] INFO  nextflow.Session - [b3/2cf73b] Submitted process > NFCORE_RNASEQ:RNASEQ:ALIGN_STAR:BAM_SORT_STATS_SAMTOOLS:BAM_STATS_SAMTOOLS:SAMTOOLS_FLAGSTAT (TREATMENT_mIFNa11_10000_REP1)
Oct-23 15:18:06.526 [Task submitter] DEBUG n.processor.TaskPollingMonitor - %% executor k8s > tasks in the submission queue: 22 -- tasks to be submitted are shown below
~> TaskHandler[id: 160; name: NFCORE_RNASEQ:RNASEQ:ALIGN_STAR:BAM_SORT_STATS_SAMTOOLS:BAM_STATS_SAMTOOLS:SAMTOOLS_IDXSTATS (TREATMENT_mIFNa11_10000_REP1); status: NEW; exit: -; error: -; workDir: /workspace/work/12/720cfbe4f11d85fa1cb4e3e02da687]
~> TaskHandler[id: 158; name: NFCORE_RNASEQ:RNASEQ:ALIGN_STAR:BAM_SORT_STATS_SAMTOOLS:BAM_STATS_SAMTOOLS:SAMTOOLS_STATS (TREATMENT_mIFNa11_10000_REP2); status: NEW; exit: -; error: -; workDir: /workspace/work/a7/78afa94ef3d49b1fda6697e44774dd]
~> TaskHandler[id: 157; name: NFCORE_RNASEQ:RNASEQ:ALIGN_STAR:BAM_SORT_STATS_SAMTOOLS:BAM_STATS_SAMTOOLS:SAMTOOLS_IDXSTATS (TREATMENT_mIFNa11_10000_REP2); status: NEW; exit: -; error: -; workDir: /workspace/work/4e/009be01ac332a41af972b73c0c9deb]
~> TaskHandler[id: 161; name: NFCORE_RNASEQ:RNASEQ:ALIGN_STAR:BAM_SORT_STATS_SAMTOOLS:BAM_STATS_SAMTOOLS:SAMTOOLS_STATS (TREATMENT_mIFNa11_10000_REP1); status: NEW; exit: -; error: -; workDir: /workspace/work/1d/859eae76c16424a3a4699b953c1a9b]
~> TaskHandler[id: 162; name: NFCORE_RNASEQ:RNASEQ:QUANTIFY_PSEUDO_ALIGNMENT:TXIMETA_TXIMPORT; status: NEW; exit: -; error: -; workDir: /workspace/work/55/e7d47227221df818afbada58c4db19]
~> TaskHandler[id: 163; name: NFCORE_RNASEQ:RNASEQ:QUANTIFY_STAR_SALMON:TXIMETA_TXIMPORT; status: NEW; exit: -; error: -; workDir: /workspace/work/c5/e2b051333f9cc47a862051c2dacbee]
~> TaskHandler[id: 164; name: NFCORE_RNASEQ:RNASEQ:BEDGRAPH_BEDCLIP_BEDGRAPHTOBIGWIG_REVERSE:UCSC_BEDGRAPHTOBIGWIG (TREATMENT_mIFNa11_100000_REP3); status: NEW; exit: -; error: -; workDir: /workspace/work/d3/a2cd6f0111bd8f684e6538908080c9]
~> TaskHandler[id: 170; name: NFCORE_RNASEQ:RNASEQ:BAM_RSEQC:RSEQC_INFEREXPERIMENT (TREATMENT_mIFNa11_10000_REP2); status: NEW; exit: -; error: -; workDir: /workspace/work/79/9bcb768e1e13c02fef3494b34ef45f]
~> TaskHandler[id: 169; name: NFCORE_RNASEQ:RNASEQ:BAM_RSEQC:RSEQC_BAMSTAT (TREATMENT_mIFNa11_10000_REP2); status: NEW; exit: -; error: -; workDir: /workspace/work/5f/ca6a246dd2acef627eefea53f2ea7d]
~> TaskHandler[id: 167; name: NFCORE_RNASEQ:RNASEQ:BAM_RSEQC:RSEQC_JUNCTIONSATURATION (TREATMENT_mIFNa11_10000_REP2); status: NEW; exit: -; error: -; workDir: /workspace/work/07/dfee2d735128aa8d047e77e2a98159]
.. remaining tasks omitted.
Oct-23 15:18:08.466 [Task monitor] DEBUG n.processor.TaskPollingMonitor - Task completed > TaskHandler[id: 150; name: NFCORE_RNASEQ:RNASEQ:ALIGN_STAR:BAM_SORT_STATS_SAMTOOLS:BAM_STATS_SAMTOOLS:SAMTOOLS_STATS (TREATMENT_mIFNa11_10000_REP3); status: COMPLETED; exit: 0; error: -; workDir: /workspace/work/a9/39ad222412b4b8ddf527a96cac0595]
Oct-23 15:18:08.478 [Task submitter] DEBUG nextflow.k8s.model.PodSpecBuilder - K8s LABEL VALUE exceeds allowed size: 63 -- offending str=NFCORE_RNASEQ:RNASEQ:ALIGN_STAR:BAM_SORT_STATS_SAMTOOLS:BAM_STATS_SAMTOOLS:SAMTOOLS_IDXSTATS (TREATMENT_mIFNa11_10000_REP1)
Oct-23 15:18:08.478 [Task submitter] DEBUG nextflow.k8s.model.PodSpecBuilder - K8s LABEL VALUE exceeds allowed size: 63 -- offending str=NFCORE_RNASEQ:RNASEQ:ALIGN_STAR:BAM_SORT_STATS_SAMTOOLS:BAM_STATS_SAMTOOLS:SAMTOOLS_IDXSTATS
Oct-23 15:18:08.524 [Task submitter] INFO  nextflow.Session - [12/720cfb] Submitted process > NFCORE_RNASEQ:RNASEQ:ALIGN_STAR:BAM_SORT_STATS_SAMTOOLS:BAM_STATS_SAMTOOLS:SAMTOOLS_IDXSTATS (TREATMENT_mIFNa11_10000_REP1)
Oct-23 15:18:13.389 [Task monitor] DEBUG n.processor.TaskPollingMonitor - !! executor k8s > tasks to be completed: 6 -- submitted tasks are shown below
~> TaskHandler[id: 113; name: NFCORE_RNASEQ:RNASEQ:QUALIMAP_RNASEQ (TREATMENT_mIFNa11_10000_REP2); status: RUNNING; exit: -; error: -; workDir: /workspace/work/ac/d5acb268b349569d269d9baa8ad641]
~> TaskHandler[id: 143; name: NFCORE_RNASEQ:RNASEQ:BAM_MARKDUPLICATES_PICARD:PICARD_MARKDUPLICATES (TREATMENT_mIFNa11_10000_REP1); status: RUNNING; exit: -; error: -; workDir: /workspace/work/45/fdee8e1ccaef5944f04721a311c9c0]
~> TaskHandler[id: 152; name: NFCORE_RNASEQ:RNASEQ:ALIGN_STAR:BAM_SORT_STATS_SAMTOOLS:BAM_STATS_SAMTOOLS:SAMTOOLS_STATS (TREATMENT_mIFNa11_100000_REP1); status: RUNNING; exit: -; error: -; workDir: /workspace/work/ac/ea2ec9ba577158ff2278508d718d21]
~> TaskHandler[id: 155; name: NFCORE_RNASEQ:RNASEQ:ALIGN_STAR:BAM_SORT_STATS_SAMTOOLS:BAM_STATS_SAMTOOLS:SAMTOOLS_STATS (TREATMENT_mIFNa11_100000_REP3); status: RUNNING; exit: -; error: -; workDir: /workspace/work/aa/6fc9bc003c60178c152694f7ca62e9]
~> TaskHandler[id: 159; name: NFCORE_RNASEQ:RNASEQ:ALIGN_STAR:BAM_SORT_STATS_SAMTOOLS:BAM_STATS_SAMTOOLS:SAMTOOLS_FLAGSTAT (TREATMENT_mIFNa11_10000_REP1); status: RUNNING; exit: -; error: -; workDir: /workspace/work/b3/2cf73b6eed3de54db9be393b04792b]
~> TaskHandler[id: 160; name: NFCORE_RNASEQ:RNASEQ:ALIGN_STAR:BAM_SORT_STATS_SAMTOOLS:BAM_STATS_SAMTOOLS:SAMTOOLS_IDXSTATS (TREATMENT_mIFNa11_10000_REP1); status: SUBMITTED; exit: -; error: -; workDir: /workspace/work/12/720cfbe4f11d85fa1cb4e3e02da687]
Oct-23 15:18:18.657 [Task monitor] DEBUG n.processor.TaskPollingMonitor - Task completed > TaskHandler[id: 159; name: NFCORE_RNASEQ:RNASEQ:ALIGN_STAR:BAM_SORT_STATS_SAMTOOLS:BAM_STATS_SAMTOOLS:SAMTOOLS_FLAGSTAT (TREATMENT_mIFNa11_10000_REP1); status: COMPLETED; exit: 0; error: -; workDir: /workspace/work/b3/2cf73b6eed3de54db9be393b04792b]
Oct-23 15:18:18.664 [Task submitter] DEBUG nextflow.k8s.model.PodSpecBuilder - K8s LABEL VALUE exceeds allowed size: 63 -- offending str=NFCORE_RNASEQ:RNASEQ:ALIGN_STAR:BAM_SORT_STATS_SAMTOOLS:BAM_STATS_SAMTOOLS:SAMTOOLS_STATS (TREATMENT_mIFNa11_10000_REP2)
Oct-23 15:18:18.665 [Task submitter] DEBUG nextflow.k8s.model.PodSpecBuilder - K8s LABEL VALUE exceeds allowed size: 63 -- offending str=NFCORE_RNASEQ:RNASEQ:ALIGN_STAR:BAM_SORT_STATS_SAMTOOLS:BAM_STATS_SAMTOOLS:SAMTOOLS_STATS
Oct-23 15:18:18.682 [Task submitter] INFO  nextflow.Session - [a7/78afa9] Submitted process > NFCORE_RNASEQ:RNASEQ:ALIGN_STAR:BAM_SORT_STATS_SAMTOOLS:BAM_STATS_SAMTOOLS:SAMTOOLS_STATS (TREATMENT_mIFNa11_10000_REP2)
Oct-23 15:18:23.578 [Task monitor] DEBUG n.processor.TaskPollingMonitor - Task completed > TaskHandler[id: 160; name: NFCORE_RNASEQ:RNASEQ:ALIGN_STAR:BAM_SORT_STATS_SAMTOOLS:BAM_STATS_SAMTOOLS:SAMTOOLS_IDXSTATS (TREATMENT_mIFNa11_10000_REP1); status: COMPLETED; exit: 0; error: -; workDir: /workspace/work/12/720cfbe4f11d85fa1cb4e3e02da687]
Oct-23 15:18:23.588 [Task submitter] DEBUG nextflow.k8s.model.PodSpecBuilder - K8s LABEL VALUE exceeds allowed size: 63 -- offending str=NFCORE_RNASEQ:RNASEQ:ALIGN_STAR:BAM_SORT_STATS_SAMTOOLS:BAM_STATS_SAMTOOLS:SAMTOOLS_IDXSTATS (TREATMENT_mIFNa11_10000_REP2)
Oct-23 15:18:23.588 [Task submitter] DEBUG nextflow.k8s.model.PodSpecBuilder - K8s LABEL VALUE exceeds allowed size: 63 -- offending str=NFCORE_RNASEQ:RNASEQ:ALIGN_STAR:BAM_SORT_STATS_SAMTOOLS:BAM_STATS_SAMTOOLS:SAMTOOLS_IDXSTATS
Oct-23 15:18:23.603 [Task submitter] INFO  nextflow.Session - [4e/009be0] Submitted process > NFCORE_RNASEQ:RNASEQ:ALIGN_STAR:BAM_SORT_STATS_SAMTOOLS:BAM_STATS_SAMTOOLS:SAMTOOLS_IDXSTATS (TREATMENT_mIFNa11_10000_REP2)
Oct-23 15:18:38.520 [Task monitor] DEBUG n.processor.TaskPollingMonitor - Task completed > TaskHandler[id: 157; name: NFCORE_RNASEQ:RNASEQ:ALIGN_STAR:BAM_SORT_STATS_SAMTOOLS:BAM_STATS_SAMTOOLS:SAMTOOLS_IDXSTATS (TREATMENT_mIFNa11_10000_REP2); status: COMPLETED; exit: 0; error: -; workDir: /workspace/work/4e/009be01ac332a41af972b73c0c9deb]
Oct-23 15:18:38.565 [Task submitter] DEBUG nextflow.k8s.model.PodSpecBuilder - K8s LABEL VALUE exceeds allowed size: 63 -- offending str=NFCORE_RNASEQ:RNASEQ:ALIGN_STAR:BAM_SORT_STATS_SAMTOOLS:BAM_STATS_SAMTOOLS:SAMTOOLS_STATS (TREATMENT_mIFNa11_10000_REP1)
Oct-23 15:18:38.566 [Task submitter] DEBUG nextflow.k8s.model.PodSpecBuilder - K8s LABEL VALUE exceeds allowed size: 63 -- offending str=NFCORE_RNASEQ:RNASEQ:ALIGN_STAR:BAM_SORT_STATS_SAMTOOLS:BAM_STATS_SAMTOOLS:SAMTOOLS_STATS
Oct-23 15:18:38.583 [Task submitter] INFO  nextflow.Session - [1d/859eae] Submitted process > NFCORE_RNASEQ:RNASEQ:ALIGN_STAR:BAM_SORT_STATS_SAMTOOLS:BAM_STATS_SAMTOOLS:SAMTOOLS_STATS (TREATMENT_mIFNa11_10000_REP1)
Oct-23 15:19:03.522 [Task monitor] DEBUG n.processor.TaskPollingMonitor - Task completed > TaskHandler[id: 155; name: NFCORE_RNASEQ:RNASEQ:ALIGN_STAR:BAM_SORT_STATS_SAMTOOLS:BAM_STATS_SAMTOOLS:SAMTOOLS_STATS (TREATMENT_mIFNa11_100000_REP3); status: COMPLETED; exit: 0; error: -; workDir: /workspace/work/aa/6fc9bc003c60178c152694f7ca62e9]
Oct-23 15:19:03.555 [Task submitter] INFO  nextflow.Session - [55/e7d472] Submitted process > NFCORE_RNASEQ:RNASEQ:QUANTIFY_PSEUDO_ALIGNMENT:TXIMETA_TXIMPORT
Oct-23 15:19:08.472 [Task monitor] DEBUG n.processor.TaskPollingMonitor - Task completed > TaskHandler[id: 152; name: NFCORE_RNASEQ:RNASEQ:ALIGN_STAR:BAM_SORT_STATS_SAMTOOLS:BAM_STATS_SAMTOOLS:SAMTOOLS_STATS (TREATMENT_mIFNa11_100000_REP1); status: COMPLETED; exit: 0; error: -; workDir: /workspace/work/ac/ea2ec9ba577158ff2278508d718d21]
Oct-23 15:19:08.527 [Task submitter] INFO  nextflow.Session - [c5/e2b051] Submitted process > NFCORE_RNASEQ:RNASEQ:QUANTIFY_STAR_SALMON:TXIMETA_TXIMPORT
Oct-23 15:21:18.221 [Task monitor] DEBUG n.processor.TaskPollingMonitor - Task completed > TaskHandler[id: 158; name: NFCORE_RNASEQ:RNASEQ:ALIGN_STAR:BAM_SORT_STATS_SAMTOOLS:BAM_STATS_SAMTOOLS:SAMTOOLS_STATS (TREATMENT_mIFNa11_10000_REP2); status: COMPLETED; exit: 0; error: -; workDir: /workspace/work/a7/78afa94ef3d49b1fda6697e44774dd]
Oct-23 15:21:28.003 [Task submitter] DEBUG nextflow.k8s.model.PodSpecBuilder - K8s LABEL VALUE exceeds allowed size: 63 -- offending str=NFCORE_RNASEQ:RNASEQ:BEDGRAPH_BEDCLIP_BEDGRAPHTOBIGWIG_REVERSE:UCSC_BEDGRAPHTOBIGWIG (TREATMENT_mIFNa11_100000_REP3)
Oct-23 15:21:28.003 [Task submitter] DEBUG nextflow.k8s.model.PodSpecBuilder - K8s LABEL VALUE exceeds allowed size: 63 -- offending str=NFCORE_RNASEQ:RNASEQ:BEDGRAPH_BEDCLIP_BEDGRAPHTOBIGWIG_REVERSE:UCSC_BEDGRAPHTOBIGWIG
Oct-23 15:21:28.211 [Task submitter] INFO  nextflow.Session - [d3/a2cd6f] Submitted process > NFCORE_RNASEQ:RNASEQ:BEDGRAPH_BEDCLIP_BEDGRAPHTOBIGWIG_REVERSE:UCSC_BEDGRAPHTOBIGWIG (TREATMENT_mIFNa11_100000_REP3)
Oct-23 15:21:33.300 [Task monitor] DEBUG n.processor.TaskPollingMonitor - Task completed > TaskHandler[id: 161; name: NFCORE_RNASEQ:RNASEQ:ALIGN_STAR:BAM_SORT_STATS_SAMTOOLS:BAM_STATS_SAMTOOLS:SAMTOOLS_STATS (TREATMENT_mIFNa11_10000_REP1); status: COMPLETED; exit: 0; error: -; workDir: /workspace/work/1d/859eae76c16424a3a4699b953c1a9b]
Oct-23 15:21:33.309 [Task submitter] DEBUG nextflow.k8s.model.PodSpecBuilder - K8s LABEL VALUE exceeds allowed size: 63 -- offending str=NFCORE_RNASEQ:RNASEQ:BAM_RSEQC:RSEQC_INFEREXPERIMENT (TREATMENT_mIFNa11_10000_REP2)
Oct-23 15:21:33.332 [Task submitter] INFO  nextflow.Session - [79/9bcb76] Submitted process > NFCORE_RNASEQ:RNASEQ:BAM_RSEQC:RSEQC_INFEREXPERIMENT (TREATMENT_mIFNa11_10000_REP2)
Oct-23 15:21:34.106 [Task monitor] DEBUG n.processor.TaskPollingMonitor - Task completed > TaskHandler[id: 163; name: NFCORE_RNASEQ:RNASEQ:QUANTIFY_STAR_SALMON:TXIMETA_TXIMPORT; status: COMPLETED; exit: 0; error: -; workDir: /workspace/work/c5/e2b051333f9cc47a862051c2dacbee]
Oct-23 15:21:34.114 [Task submitter] DEBUG nextflow.k8s.model.PodSpecBuilder - K8s LABEL VALUE exceeds allowed size: 63 -- offending str=NFCORE_RNASEQ:RNASEQ:BAM_RSEQC:RSEQC_BAMSTAT (TREATMENT_mIFNa11_10000_REP2)
Oct-23 15:21:34.138 [Task submitter] INFO  nextflow.Session - [5f/ca6a24] Submitted process > NFCORE_RNASEQ:RNASEQ:BAM_RSEQC:RSEQC_BAMSTAT (TREATMENT_mIFNa11_10000_REP2)
Oct-23 15:21:34.149 [Actor Thread 213] DEBUG nextflow.util.HashBuilder - Hash asset file sha-256: /workspace/nf_assets/nf-core/rnaseq/workflows/rnaseq/assets/multiqc/deseq2_clustering_header.txt
Oct-23 15:21:34.233 [Actor Thread 213] DEBUG nextflow.util.HashBuilder - Hash asset file sha-256: /workspace/nf_assets/nf-core/rnaseq/bin/deseq2_qc.r
Oct-23 15:21:48.337 [Task monitor] DEBUG n.processor.TaskPollingMonitor - Task completed > TaskHandler[id: 170; name: NFCORE_RNASEQ:RNASEQ:BAM_RSEQC:RSEQC_INFEREXPERIMENT (TREATMENT_mIFNa11_10000_REP2); status: COMPLETED; exit: 0; error: -; workDir: /workspace/work/79/9bcb768e1e13c02fef3494b34ef45f]
Oct-23 15:21:48.352 [Task submitter] DEBUG nextflow.k8s.model.PodSpecBuilder - K8s LABEL VALUE exceeds allowed size: 63 -- offending str=NFCORE_RNASEQ:RNASEQ:BAM_RSEQC:RSEQC_JUNCTIONSATURATION (TREATMENT_mIFNa11_10000_REP2)
Oct-23 15:21:48.387 [Task submitter] INFO  nextflow.Session - [07/dfee2d] Submitted process > NFCORE_RNASEQ:RNASEQ:BAM_RSEQC:RSEQC_JUNCTIONSATURATION (TREATMENT_mIFNa11_10000_REP2)
Oct-23 15:21:58.456 [Task monitor] DEBUG n.processor.TaskPollingMonitor - Task completed > TaskHandler[id: 164; name: NFCORE_RNASEQ:RNASEQ:BEDGRAPH_BEDCLIP_BEDGRAPHTOBIGWIG_REVERSE:UCSC_BEDGRAPHTOBIGWIG (TREATMENT_mIFNa11_100000_REP3); status: COMPLETED; exit: 0; error: -; workDir: /workspace/work/d3/a2cd6f0111bd8f684e6538908080c9]
Oct-23 15:21:58.468 [Task submitter] DEBUG nextflow.k8s.model.PodSpecBuilder - K8s LABEL VALUE exceeds allowed size: 63 -- offending str=NFCORE_RNASEQ:RNASEQ:BAM_RSEQC:RSEQC_READDISTRIBUTION (TREATMENT_mIFNa11_10000_REP2)
Oct-23 15:21:58.494 [Task submitter] INFO  nextflow.Session - [b6/6487d3] Submitted process > NFCORE_RNASEQ:RNASEQ:BAM_RSEQC:RSEQC_READDISTRIBUTION (TREATMENT_mIFNa11_10000_REP2)
Oct-23 15:22:13.323 [Task monitor] DEBUG n.processor.TaskPollingMonitor - Task completed > TaskHandler[id: 162; name: NFCORE_RNASEQ:RNASEQ:QUANTIFY_PSEUDO_ALIGNMENT:TXIMETA_TXIMPORT; status: COMPLETED; exit: 0; error: -; workDir: /workspace/work/55/e7d47227221df818afbada58c4db19]
Oct-23 15:22:13.332 [Task submitter] DEBUG nextflow.k8s.model.PodSpecBuilder - K8s LABEL VALUE exceeds allowed size: 63 -- offending str=NFCORE_RNASEQ:RNASEQ:BAM_RSEQC:RSEQC_READDUPLICATION (TREATMENT_mIFNa11_10000_REP2)
Oct-23 15:22:13.357 [Task submitter] INFO  nextflow.Session - [61/6b4ca9] Submitted process > NFCORE_RNASEQ:RNASEQ:BAM_RSEQC:RSEQC_READDUPLICATION (TREATMENT_mIFNa11_10000_REP2)
Oct-23 15:23:07.436 [Task submitter] DEBUG n.processor.TaskPollingMonitor - %% executor k8s > tasks in the submission queue: 16 -- tasks to be submitted are shown below
~> TaskHandler[id: 171; name: NFCORE_RNASEQ:RNASEQ:BAM_RSEQC:RSEQC_JUNCTIONANNOTATION (TREATMENT_mIFNa11_10000_REP2); status: NEW; exit: -; error: -; workDir: /workspace/work/a8/f9a73959ec42631f39e36bc228f29f]
~> TaskHandler[id: 166; name: NFCORE_RNASEQ:RNASEQ:BAM_RSEQC:RSEQC_INNERDISTANCE (TREATMENT_mIFNa11_10000_REP2); status: NEW; exit: -; error: -; workDir: /workspace/work/b0/b930df32ecce7a47577ccee8c79b95]
~> TaskHandler[id: 172; name: NFCORE_RNASEQ:RNASEQ:MULTIQC_CUSTOM_BIOTYPE (TREATMENT_mIFNa11_10000_REP2); status: NEW; exit: -; error: -; workDir: /workspace/work/2b/d583913cc35d628d1ac093ca552d27]
~> TaskHandler[id: 173; name: NFCORE_RNASEQ:RNASEQ:BEDGRAPH_BEDCLIP_BEDGRAPHTOBIGWIG_REVERSE:UCSC_BEDCLIP (TREATMENT_mIFNa11_10000_REP2); status: NEW; exit: -; error: -; workDir: /workspace/work/9b/55c122a4777b3adef42efb3df9fba5]
~> TaskHandler[id: 174; name: NFCORE_RNASEQ:RNASEQ:BEDGRAPH_BEDCLIP_BEDGRAPHTOBIGWIG_FORWARD:UCSC_BEDCLIP (TREATMENT_mIFNa11_10000_REP2); status: NEW; exit: -; error: -; workDir: /workspace/work/d2/3f09ddc95d41a01acfd53a35872add]
~> TaskHandler[id: 175; name: NFCORE_RNASEQ:RNASEQ:BEDGRAPH_BEDCLIP_BEDGRAPHTOBIGWIG_FORWARD:UCSC_BEDGRAPHTOBIGWIG (TREATMENT_mIFNa11_100000_REP3); status: NEW; exit: -; error: -; workDir: /workspace/work/f2/b077748584bf8926400d0953b0e388]
~> TaskHandler[id: 176; name: NFCORE_RNASEQ:RNASEQ:BEDGRAPH_BEDCLIP_BEDGRAPHTOBIGWIG_REVERSE:UCSC_BEDGRAPHTOBIGWIG (TREATMENT_mIFNa11_10000_REP3); status: NEW; exit: -; error: -; workDir: /workspace/work/09/124e8ab88c3c4ec93e2c7fbdf13e6a]
~> TaskHandler[id: 177; name: NFCORE_RNASEQ:RNASEQ:BEDGRAPH_BEDCLIP_BEDGRAPHTOBIGWIG_FORWARD:UCSC_BEDGRAPHTOBIGWIG (TREATMENT_mIFNa11_10000_REP3); status: NEW; exit: -; error: -; workDir: /workspace/work/9c/87807039d5d7354229de6c001bdceb]
~> TaskHandler[id: 178; name: NFCORE_RNASEQ:RNASEQ:BEDGRAPH_BEDCLIP_BEDGRAPHTOBIGWIG_FORWARD:UCSC_BEDGRAPHTOBIGWIG (TREATMENT_mIFNa11_100000_REP1); status: NEW; exit: -; error: -; workDir: /workspace/work/67/4ba84582a82ec94ad20ba78ed64e62]
~> TaskHandler[id: 179; name: NFCORE_RNASEQ:RNASEQ:BEDGRAPH_BEDCLIP_BEDGRAPHTOBIGWIG_REVERSE:UCSC_BEDGRAPHTOBIGWIG (TREATMENT_mIFNa11_100000_REP1); status: NEW; exit: -; error: -; workDir: /workspace/work/28/f4df3606d415f5813085fb2e2d2366]
.. remaining tasks omitted.
Oct-23 15:23:18.230 [Task monitor] DEBUG n.processor.TaskPollingMonitor - !! executor k8s > tasks to be completed: 6 -- submitted tasks are shown below
~> TaskHandler[id: 113; name: NFCORE_RNASEQ:RNASEQ:QUALIMAP_RNASEQ (TREATMENT_mIFNa11_10000_REP2); status: RUNNING; exit: -; error: -; workDir: /workspace/work/ac/d5acb268b349569d269d9baa8ad641]
~> TaskHandler[id: 143; name: NFCORE_RNASEQ:RNASEQ:BAM_MARKDUPLICATES_PICARD:PICARD_MARKDUPLICATES (TREATMENT_mIFNa11_10000_REP1); status: RUNNING; exit: -; error: -; workDir: /workspace/work/45/fdee8e1ccaef5944f04721a311c9c0]
~> TaskHandler[id: 169; name: NFCORE_RNASEQ:RNASEQ:BAM_RSEQC:RSEQC_BAMSTAT (TREATMENT_mIFNa11_10000_REP2); status: RUNNING; exit: -; error: -; workDir: /workspace/work/5f/ca6a246dd2acef627eefea53f2ea7d]
~> TaskHandler[id: 167; name: NFCORE_RNASEQ:RNASEQ:BAM_RSEQC:RSEQC_JUNCTIONSATURATION (TREATMENT_mIFNa11_10000_REP2); status: RUNNING; exit: -; error: -; workDir: /workspace/work/07/dfee2d735128aa8d047e77e2a98159]
~> TaskHandler[id: 165; name: NFCORE_RNASEQ:RNASEQ:BAM_RSEQC:RSEQC_READDISTRIBUTION (TREATMENT_mIFNa11_10000_REP2); status: RUNNING; exit: -; error: -; workDir: /workspace/work/b6/6487d3296ddea826d296bda2fdfe53]
~> TaskHandler[id: 168; name: NFCORE_RNASEQ:RNASEQ:BAM_RSEQC:RSEQC_READDUPLICATION (TREATMENT_mIFNa11_10000_REP2); status: RUNNING; exit: -; error: -; workDir: /workspace/work/61/6b4ca95ced4f6dc87962d75c91c826]
Oct-23 15:25:13.316 [Task monitor] DEBUG n.processor.TaskPollingMonitor - Task completed > TaskHandler[id: 169; name: NFCORE_RNASEQ:RNASEQ:BAM_RSEQC:RSEQC_BAMSTAT (TREATMENT_mIFNa11_10000_REP2); status: COMPLETED; exit: 0; error: -; workDir: /workspace/work/5f/ca6a246dd2acef627eefea53f2ea7d]
Oct-23 15:25:13.364 [Task submitter] DEBUG nextflow.k8s.model.PodSpecBuilder - K8s LABEL VALUE exceeds allowed size: 63 -- offending str=NFCORE_RNASEQ:RNASEQ:BAM_RSEQC:RSEQC_JUNCTIONANNOTATION (TREATMENT_mIFNa11_10000_REP2)
Oct-23 15:25:13.397 [Task submitter] INFO  nextflow.Session - [a8/f9a739] Submitted process > NFCORE_RNASEQ:RNASEQ:BAM_RSEQC:RSEQC_JUNCTIONANNOTATION (TREATMENT_mIFNa11_10000_REP2)
Oct-23 15:25:53.304 [Task monitor] DEBUG n.processor.TaskPollingMonitor - Task completed > TaskHandler[id: 167; name: NFCORE_RNASEQ:RNASEQ:BAM_RSEQC:RSEQC_JUNCTIONSATURATION (TREATMENT_mIFNa11_10000_REP2); status: COMPLETED; exit: 0; error: -; workDir: /workspace/work/07/dfee2d735128aa8d047e77e2a98159]
Oct-23 15:25:53.312 [Task submitter] DEBUG nextflow.k8s.model.PodSpecBuilder - K8s LABEL VALUE exceeds allowed size: 63 -- offending str=NFCORE_RNASEQ:RNASEQ:BAM_RSEQC:RSEQC_INNERDISTANCE (TREATMENT_mIFNa11_10000_REP2)
Oct-23 15:25:53.357 [Task submitter] INFO  nextflow.Session - [b0/b930df] Submitted process > NFCORE_RNASEQ:RNASEQ:BAM_RSEQC:RSEQC_INNERDISTANCE (TREATMENT_mIFNa11_10000_REP2)
Oct-23 15:27:43.347 [Task monitor] DEBUG n.processor.TaskPollingMonitor - Task completed > TaskHandler[id: 166; name: NFCORE_RNASEQ:RNASEQ:BAM_RSEQC:RSEQC_INNERDISTANCE (TREATMENT_mIFNa11_10000_REP2); status: COMPLETED; exit: 0; error: -; workDir: /workspace/work/b0/b930df32ecce7a47577ccee8c79b95]
Oct-23 15:27:43.515 [Task submitter] DEBUG nextflow.k8s.model.PodSpecBuilder - K8s LABEL VALUE exceeds allowed size: 63 -- offending str=NFCORE_RNASEQ:RNASEQ:MULTIQC_CUSTOM_BIOTYPE (TREATMENT_mIFNa11_10000_REP2)
Oct-23 15:27:43.565 [Task submitter] INFO  nextflow.Session - [2b/d58391] Submitted process > NFCORE_RNASEQ:RNASEQ:MULTIQC_CUSTOM_BIOTYPE (TREATMENT_mIFNa11_10000_REP2)
Oct-23 15:27:48.308 [Task monitor] DEBUG n.processor.TaskPollingMonitor - Task completed > TaskHandler[id: 165; name: NFCORE_RNASEQ:RNASEQ:BAM_RSEQC:RSEQC_READDISTRIBUTION (TREATMENT_mIFNa11_10000_REP2); status: COMPLETED; exit: 0; error: -; workDir: /workspace/work/b6/6487d3296ddea826d296bda2fdfe53]
Oct-23 15:27:48.316 [Task submitter] DEBUG nextflow.k8s.model.PodSpecBuilder - K8s LABEL VALUE exceeds allowed size: 63 -- offending str=NFCORE_RNASEQ:RNASEQ:BEDGRAPH_BEDCLIP_BEDGRAPHTOBIGWIG_REVERSE:UCSC_BEDCLIP (TREATMENT_mIFNa11_10000_REP2)
Oct-23 15:27:48.316 [Task submitter] DEBUG nextflow.k8s.model.PodSpecBuilder - K8s LABEL VALUE exceeds allowed size: 63 -- offending str=NFCORE_RNASEQ:RNASEQ:BEDGRAPH_BEDCLIP_BEDGRAPHTOBIGWIG_REVERSE:UCSC_BEDCLIP
Oct-23 15:27:48.331 [Task submitter] INFO  nextflow.Session - [9b/55c122] Submitted process > NFCORE_RNASEQ:RNASEQ:BEDGRAPH_BEDCLIP_BEDGRAPHTOBIGWIG_REVERSE:UCSC_BEDCLIP (TREATMENT_mIFNa11_10000_REP2)
Oct-23 15:27:49.723 [Task monitor] DEBUG n.processor.TaskPollingMonitor - Task completed > TaskHandler[id: 172; name: NFCORE_RNASEQ:RNASEQ:MULTIQC_CUSTOM_BIOTYPE (TREATMENT_mIFNa11_10000_REP2); status: COMPLETED; exit: 0; error: -; workDir: /workspace/work/2b/d583913cc35d628d1ac093ca552d27]
Oct-23 15:27:49.740 [Task submitter] DEBUG nextflow.k8s.model.PodSpecBuilder - K8s LABEL VALUE exceeds allowed size: 63 -- offending str=NFCORE_RNASEQ:RNASEQ:BEDGRAPH_BEDCLIP_BEDGRAPHTOBIGWIG_FORWARD:UCSC_BEDCLIP (TREATMENT_mIFNa11_10000_REP2)
Oct-23 15:27:49.740 [Task submitter] DEBUG nextflow.k8s.model.PodSpecBuilder - K8s LABEL VALUE exceeds allowed size: 63 -- offending str=NFCORE_RNASEQ:RNASEQ:BEDGRAPH_BEDCLIP_BEDGRAPHTOBIGWIG_FORWARD:UCSC_BEDCLIP
Oct-23 15:27:49.763 [Task submitter] INFO  nextflow.Session - [d2/3f09dd] Submitted process > NFCORE_RNASEQ:RNASEQ:BEDGRAPH_BEDCLIP_BEDGRAPHTOBIGWIG_FORWARD:UCSC_BEDCLIP (TREATMENT_mIFNa11_10000_REP2)
Oct-23 15:28:07.777 [Task submitter] DEBUG n.processor.TaskPollingMonitor - %% executor k8s > tasks in the submission queue: 11 -- tasks to be submitted are shown below
~> TaskHandler[id: 175; name: NFCORE_RNASEQ:RNASEQ:BEDGRAPH_BEDCLIP_BEDGRAPHTOBIGWIG_FORWARD:UCSC_BEDGRAPHTOBIGWIG (TREATMENT_mIFNa11_100000_REP3); status: NEW; exit: -; error: -; workDir: /workspace/work/f2/b077748584bf8926400d0953b0e388]
~> TaskHandler[id: 176; name: NFCORE_RNASEQ:RNASEQ:BEDGRAPH_BEDCLIP_BEDGRAPHTOBIGWIG_REVERSE:UCSC_BEDGRAPHTOBIGWIG (TREATMENT_mIFNa11_10000_REP3); status: NEW; exit: -; error: -; workDir: /workspace/work/09/124e8ab88c3c4ec93e2c7fbdf13e6a]
~> TaskHandler[id: 177; name: NFCORE_RNASEQ:RNASEQ:BEDGRAPH_BEDCLIP_BEDGRAPHTOBIGWIG_FORWARD:UCSC_BEDGRAPHTOBIGWIG (TREATMENT_mIFNa11_10000_REP3); status: NEW; exit: -; error: -; workDir: /workspace/work/9c/87807039d5d7354229de6c001bdceb]
~> TaskHandler[id: 178; name: NFCORE_RNASEQ:RNASEQ:BEDGRAPH_BEDCLIP_BEDGRAPHTOBIGWIG_FORWARD:UCSC_BEDGRAPHTOBIGWIG (TREATMENT_mIFNa11_100000_REP1); status: NEW; exit: -; error: -; workDir: /workspace/work/67/4ba84582a82ec94ad20ba78ed64e62]
~> TaskHandler[id: 179; name: NFCORE_RNASEQ:RNASEQ:BEDGRAPH_BEDCLIP_BEDGRAPHTOBIGWIG_REVERSE:UCSC_BEDGRAPHTOBIGWIG (TREATMENT_mIFNa11_100000_REP1); status: NEW; exit: -; error: -; workDir: /workspace/work/28/f4df3606d415f5813085fb2e2d2366]
~> TaskHandler[id: 180; name: NFCORE_RNASEQ:RNASEQ:DESEQ2_QC_STAR_SALMON; status: NEW; exit: -; error: -; workDir: /workspace/work/f9/e0fba4320285c84aa1973ed24b1778]
~> TaskHandler[id: 182; name: NFCORE_RNASEQ:RNASEQ:QUANTIFY_STAR_SALMON:SE_TRANSCRIPT_UNIFIED (all_samples); status: NEW; exit: -; error: -; workDir: /workspace/work/c9/f15fefac1cbd31ba1945d54f9ac460]
~> TaskHandler[id: 181; name: NFCORE_RNASEQ:RNASEQ:QUANTIFY_STAR_SALMON:SE_GENE_UNIFIED (all_samples); status: NEW; exit: -; error: -; workDir: /workspace/work/4c/c36c0a6ab84494bba2121f236206c9]
~> TaskHandler[id: 183; name: NFCORE_RNASEQ:RNASEQ:DESEQ2_QC_PSEUDO; status: NEW; exit: -; error: -; workDir: /workspace/work/ae/55a6cc041962a00d016f2cc196f000]
~> TaskHandler[id: 184; name: NFCORE_RNASEQ:RNASEQ:QUANTIFY_PSEUDO_ALIGNMENT:SE_TRANSCRIPT_UNIFIED (all_samples); status: NEW; exit: -; error: -; workDir: /workspace/work/6c/294c9f016dfb9cc6118ffcbe71ddf8]
Oct-23 15:28:08.509 [Task monitor] DEBUG n.processor.TaskPollingMonitor - Task completed > TaskHandler[id: 174; name: NFCORE_RNASEQ:RNASEQ:BEDGRAPH_BEDCLIP_BEDGRAPHTOBIGWIG_FORWARD:UCSC_BEDCLIP (TREATMENT_mIFNa11_10000_REP2); status: COMPLETED; exit: 0; error: -; workDir: /workspace/work/d2/3f09ddc95d41a01acfd53a35872add]
Oct-23 15:28:08.518 [Task submitter] DEBUG nextflow.k8s.model.PodSpecBuilder - K8s LABEL VALUE exceeds allowed size: 63 -- offending str=NFCORE_RNASEQ:RNASEQ:BEDGRAPH_BEDCLIP_BEDGRAPHTOBIGWIG_FORWARD:UCSC_BEDGRAPHTOBIGWIG (TREATMENT_mIFNa11_100000_REP3)
Oct-23 15:28:08.518 [Task submitter] DEBUG nextflow.k8s.model.PodSpecBuilder - K8s LABEL VALUE exceeds allowed size: 63 -- offending str=NFCORE_RNASEQ:RNASEQ:BEDGRAPH_BEDCLIP_BEDGRAPHTOBIGWIG_FORWARD:UCSC_BEDGRAPHTOBIGWIG
Oct-23 15:28:08.535 [Task submitter] INFO  nextflow.Session - [f2/b07774] Submitted process > NFCORE_RNASEQ:RNASEQ:BEDGRAPH_BEDCLIP_BEDGRAPHTOBIGWIG_FORWARD:UCSC_BEDGRAPHTOBIGWIG (TREATMENT_mIFNa11_100000_REP3)
Oct-23 15:28:13.328 [Task monitor] DEBUG n.processor.TaskPollingMonitor - Task completed > TaskHandler[id: 173; name: NFCORE_RNASEQ:RNASEQ:BEDGRAPH_BEDCLIP_BEDGRAPHTOBIGWIG_REVERSE:UCSC_BEDCLIP (TREATMENT_mIFNa11_10000_REP2); status: COMPLETED; exit: 0; error: -; workDir: /workspace/work/9b/55c122a4777b3adef42efb3df9fba5]
Oct-23 15:28:13.337 [Task submitter] DEBUG nextflow.k8s.model.PodSpecBuilder - K8s LABEL VALUE exceeds allowed size: 63 -- offending str=NFCORE_RNASEQ:RNASEQ:BEDGRAPH_BEDCLIP_BEDGRAPHTOBIGWIG_REVERSE:UCSC_BEDGRAPHTOBIGWIG (TREATMENT_mIFNa11_10000_REP3)
Oct-23 15:28:13.337 [Task submitter] DEBUG nextflow.k8s.model.PodSpecBuilder - K8s LABEL VALUE exceeds allowed size: 63 -- offending str=NFCORE_RNASEQ:RNASEQ:BEDGRAPH_BEDCLIP_BEDGRAPHTOBIGWIG_REVERSE:UCSC_BEDGRAPHTOBIGWIG
Oct-23 15:28:13.358 [Task submitter] INFO  nextflow.Session - [09/124e8a] Submitted process > NFCORE_RNASEQ:RNASEQ:BEDGRAPH_BEDCLIP_BEDGRAPHTOBIGWIG_REVERSE:UCSC_BEDGRAPHTOBIGWIG (TREATMENT_mIFNa11_10000_REP3)
Oct-23 15:28:18.240 [Task monitor] DEBUG n.processor.TaskPollingMonitor - !! executor k8s > tasks to be completed: 6 -- submitted tasks are shown below
~> TaskHandler[id: 113; name: NFCORE_RNASEQ:RNASEQ:QUALIMAP_RNASEQ (TREATMENT_mIFNa11_10000_REP2); status: RUNNING; exit: -; error: -; workDir: /workspace/work/ac/d5acb268b349569d269d9baa8ad641]
~> TaskHandler[id: 143; name: NFCORE_RNASEQ:RNASEQ:BAM_MARKDUPLICATES_PICARD:PICARD_MARKDUPLICATES (TREATMENT_mIFNa11_10000_REP1); status: RUNNING; exit: -; error: -; workDir: /workspace/work/45/fdee8e1ccaef5944f04721a311c9c0]
~> TaskHandler[id: 168; name: NFCORE_RNASEQ:RNASEQ:BAM_RSEQC:RSEQC_READDUPLICATION (TREATMENT_mIFNa11_10000_REP2); status: RUNNING; exit: -; error: -; workDir: /workspace/work/61/6b4ca95ced4f6dc87962d75c91c826]
~> TaskHandler[id: 171; name: NFCORE_RNASEQ:RNASEQ:BAM_RSEQC:RSEQC_JUNCTIONANNOTATION (TREATMENT_mIFNa11_10000_REP2); status: RUNNING; exit: -; error: -; workDir: /workspace/work/a8/f9a73959ec42631f39e36bc228f29f]
~> TaskHandler[id: 175; name: NFCORE_RNASEQ:RNASEQ:BEDGRAPH_BEDCLIP_BEDGRAPHTOBIGWIG_FORWARD:UCSC_BEDGRAPHTOBIGWIG (TREATMENT_mIFNa11_100000_REP3); status: SUBMITTED; exit: -; error: -; workDir: /workspace/work/f2/b077748584bf8926400d0953b0e388]
~> TaskHandler[id: 176; name: NFCORE_RNASEQ:RNASEQ:BEDGRAPH_BEDCLIP_BEDGRAPHTOBIGWIG_REVERSE:UCSC_BEDGRAPHTOBIGWIG (TREATMENT_mIFNa11_10000_REP3); status: SUBMITTED; exit: -; error: -; workDir: /workspace/work/09/124e8ab88c3c4ec93e2c7fbdf13e6a]
Oct-23 15:28:18.421 [Task monitor] DEBUG n.processor.TaskPollingMonitor - Task completed > TaskHandler[id: 113; name: NFCORE_RNASEQ:RNASEQ:QUALIMAP_RNASEQ (TREATMENT_mIFNa11_10000_REP2); status: COMPLETED; exit: 0; error: -; workDir: /workspace/work/ac/d5acb268b349569d269d9baa8ad641]
Oct-23 15:28:18.429 [Task submitter] DEBUG nextflow.k8s.model.PodSpecBuilder - K8s LABEL VALUE exceeds allowed size: 63 -- offending str=NFCORE_RNASEQ:RNASEQ:BEDGRAPH_BEDCLIP_BEDGRAPHTOBIGWIG_FORWARD:UCSC_BEDGRAPHTOBIGWIG (TREATMENT_mIFNa11_10000_REP3)
Oct-23 15:28:18.429 [Task submitter] DEBUG nextflow.k8s.model.PodSpecBuilder - K8s LABEL VALUE exceeds allowed size: 63 -- offending str=NFCORE_RNASEQ:RNASEQ:BEDGRAPH_BEDCLIP_BEDGRAPHTOBIGWIG_FORWARD:UCSC_BEDGRAPHTOBIGWIG
Oct-23 15:28:18.455 [Task submitter] INFO  nextflow.Session - [9c/878070] Submitted process > NFCORE_RNASEQ:RNASEQ:BEDGRAPH_BEDCLIP_BEDGRAPHTOBIGWIG_FORWARD:UCSC_BEDGRAPHTOBIGWIG (TREATMENT_mIFNa11_10000_REP3)
Oct-23 15:28:33.317 [Task monitor] DEBUG n.processor.TaskPollingMonitor - Task completed > TaskHandler[id: 168; name: NFCORE_RNASEQ:RNASEQ:BAM_RSEQC:RSEQC_READDUPLICATION (TREATMENT_mIFNa11_10000_REP2); status: COMPLETED; exit: 0; error: -; workDir: /workspace/work/61/6b4ca95ced4f6dc87962d75c91c826]
Oct-23 15:28:33.326 [Task submitter] DEBUG nextflow.k8s.model.PodSpecBuilder - K8s LABEL VALUE exceeds allowed size: 63 -- offending str=NFCORE_RNASEQ:RNASEQ:BEDGRAPH_BEDCLIP_BEDGRAPHTOBIGWIG_FORWARD:UCSC_BEDGRAPHTOBIGWIG (TREATMENT_mIFNa11_100000_REP1)
Oct-23 15:28:33.326 [Task submitter] DEBUG nextflow.k8s.model.PodSpecBuilder - K8s LABEL VALUE exceeds allowed size: 63 -- offending str=NFCORE_RNASEQ:RNASEQ:BEDGRAPH_BEDCLIP_BEDGRAPHTOBIGWIG_FORWARD:UCSC_BEDGRAPHTOBIGWIG
Oct-23 15:28:33.341 [Task submitter] INFO  nextflow.Session - [67/4ba845] Submitted process > NFCORE_RNASEQ:RNASEQ:BEDGRAPH_BEDCLIP_BEDGRAPHTOBIGWIG_FORWARD:UCSC_BEDGRAPHTOBIGWIG (TREATMENT_mIFNa11_100000_REP1)
Oct-23 15:28:39.362 [Task monitor] DEBUG n.processor.TaskPollingMonitor - Task completed > TaskHandler[id: 171; name: NFCORE_RNASEQ:RNASEQ:BAM_RSEQC:RSEQC_JUNCTIONANNOTATION (TREATMENT_mIFNa11_10000_REP2); status: COMPLETED; exit: 0; error: -; workDir: /workspace/work/a8/f9a73959ec42631f39e36bc228f29f]
Oct-23 15:28:39.371 [Task submitter] DEBUG nextflow.k8s.model.PodSpecBuilder - K8s LABEL VALUE exceeds allowed size: 63 -- offending str=NFCORE_RNASEQ:RNASEQ:BEDGRAPH_BEDCLIP_BEDGRAPHTOBIGWIG_REVERSE:UCSC_BEDGRAPHTOBIGWIG (TREATMENT_mIFNa11_100000_REP1)
Oct-23 15:28:39.371 [Task submitter] DEBUG nextflow.k8s.model.PodSpecBuilder - K8s LABEL VALUE exceeds allowed size: 63 -- offending str=NFCORE_RNASEQ:RNASEQ:BEDGRAPH_BEDCLIP_BEDGRAPHTOBIGWIG_REVERSE:UCSC_BEDGRAPHTOBIGWIG
Oct-23 15:28:39.390 [Task submitter] INFO  nextflow.Session - [28/f4df36] Submitted process > NFCORE_RNASEQ:RNASEQ:BEDGRAPH_BEDCLIP_BEDGRAPHTOBIGWIG_REVERSE:UCSC_BEDGRAPHTOBIGWIG (TREATMENT_mIFNa11_100000_REP1)
Oct-23 15:28:48.713 [Task monitor] DEBUG n.processor.TaskPollingMonitor - Task completed > TaskHandler[id: 175; name: NFCORE_RNASEQ:RNASEQ:BEDGRAPH_BEDCLIP_BEDGRAPHTOBIGWIG_FORWARD:UCSC_BEDGRAPHTOBIGWIG (TREATMENT_mIFNa11_100000_REP3); status: COMPLETED; exit: 0; error: -; workDir: /workspace/work/f2/b077748584bf8926400d0953b0e388]
Oct-23 15:28:48.740 [Task submitter] INFO  nextflow.Session - [f9/e0fba4] Submitted process > NFCORE_RNASEQ:RNASEQ:DESEQ2_QC_STAR_SALMON
Oct-23 15:28:49.090 [Task monitor] DEBUG n.processor.TaskPollingMonitor - Task completed > TaskHandler[id: 176; name: NFCORE_RNASEQ:RNASEQ:BEDGRAPH_BEDCLIP_BEDGRAPHTOBIGWIG_REVERSE:UCSC_BEDGRAPHTOBIGWIG (TREATMENT_mIFNa11_10000_REP3); status: COMPLETED; exit: 0; error: -; workDir: /workspace/work/09/124e8ab88c3c4ec93e2c7fbdf13e6a]
Oct-23 15:28:49.098 [Task submitter] DEBUG nextflow.k8s.model.PodSpecBuilder - K8s LABEL VALUE exceeds allowed size: 63 -- offending str=NFCORE_RNASEQ:RNASEQ:QUANTIFY_STAR_SALMON:SE_TRANSCRIPT_UNIFIED (all_samples)
Oct-23 15:28:49.115 [Task submitter] INFO  nextflow.Session - [c9/f15fef] Submitted process > NFCORE_RNASEQ:RNASEQ:QUANTIFY_STAR_SALMON:SE_TRANSCRIPT_UNIFIED (all_samples)
Oct-23 15:28:58.417 [Task monitor] DEBUG n.processor.TaskPollingMonitor - Task completed > TaskHandler[id: 177; name: NFCORE_RNASEQ:RNASEQ:BEDGRAPH_BEDCLIP_BEDGRAPHTOBIGWIG_FORWARD:UCSC_BEDGRAPHTOBIGWIG (TREATMENT_mIFNa11_10000_REP3); status: COMPLETED; exit: 0; error: -; workDir: /workspace/work/9c/87807039d5d7354229de6c001bdceb]
Oct-23 15:28:58.425 [Task submitter] DEBUG nextflow.k8s.model.PodSpecBuilder - K8s LABEL VALUE exceeds allowed size: 63 -- offending str=NFCORE_RNASEQ:RNASEQ:QUANTIFY_STAR_SALMON:SE_GENE_UNIFIED (all_samples)
Oct-23 15:28:58.442 [Task submitter] INFO  nextflow.Session - [4c/c36c0a] Submitted process > NFCORE_RNASEQ:RNASEQ:QUANTIFY_STAR_SALMON:SE_GENE_UNIFIED (all_samples)
Oct-23 15:29:13.390 [Task monitor] DEBUG n.processor.TaskPollingMonitor - Task completed > TaskHandler[id: 179; name: NFCORE_RNASEQ:RNASEQ:BEDGRAPH_BEDCLIP_BEDGRAPHTOBIGWIG_REVERSE:UCSC_BEDGRAPHTOBIGWIG (TREATMENT_mIFNa11_100000_REP1); status: COMPLETED; exit: 0; error: -; workDir: /workspace/work/28/f4df3606d415f5813085fb2e2d2366]
Oct-23 15:29:13.436 [Task submitter] INFO  nextflow.Session - [ae/55a6cc] Submitted process > NFCORE_RNASEQ:RNASEQ:DESEQ2_QC_PSEUDO
Oct-23 15:29:18.510 [Task monitor] DEBUG n.processor.TaskPollingMonitor - Task completed > TaskHandler[id: 178; name: NFCORE_RNASEQ:RNASEQ:BEDGRAPH_BEDCLIP_BEDGRAPHTOBIGWIG_FORWARD:UCSC_BEDGRAPHTOBIGWIG (TREATMENT_mIFNa11_100000_REP1); status: COMPLETED; exit: 0; error: -; workDir: /workspace/work/67/4ba84582a82ec94ad20ba78ed64e62]
Oct-23 15:29:18.519 [Task submitter] DEBUG nextflow.k8s.model.PodSpecBuilder - K8s LABEL VALUE exceeds allowed size: 63 -- offending str=NFCORE_RNASEQ:RNASEQ:QUANTIFY_PSEUDO_ALIGNMENT:SE_TRANSCRIPT_UNIFIED (all_samples)
Oct-23 15:29:18.519 [Task submitter] DEBUG nextflow.k8s.model.PodSpecBuilder - K8s LABEL VALUE exceeds allowed size: 63 -- offending str=NFCORE_RNASEQ:RNASEQ:QUANTIFY_PSEUDO_ALIGNMENT:SE_TRANSCRIPT_UNIFIED
Oct-23 15:29:18.559 [Task submitter] INFO  nextflow.Session - [6c/294c9f] Submitted process > NFCORE_RNASEQ:RNASEQ:QUANTIFY_PSEUDO_ALIGNMENT:SE_TRANSCRIPT_UNIFIED (all_samples)
Oct-23 15:29:53.437 [Task monitor] DEBUG n.processor.TaskPollingMonitor - Task completed > TaskHandler[id: 181; name: NFCORE_RNASEQ:RNASEQ:QUANTIFY_STAR_SALMON:SE_GENE_UNIFIED (all_samples); status: COMPLETED; exit: 0; error: -; workDir: /workspace/work/4c/c36c0a6ab84494bba2121f236206c9]
Oct-23 15:29:53.447 [Task submitter] DEBUG nextflow.k8s.model.PodSpecBuilder - K8s LABEL VALUE exceeds allowed size: 63 -- offending str=NFCORE_RNASEQ:RNASEQ:QUANTIFY_PSEUDO_ALIGNMENT:SE_GENE_UNIFIED (all_samples)
Oct-23 15:29:53.472 [Task submitter] INFO  nextflow.Session - [ac/4c71d4] Submitted process > NFCORE_RNASEQ:RNASEQ:QUANTIFY_PSEUDO_ALIGNMENT:SE_GENE_UNIFIED (all_samples)
Oct-23 15:30:03.303 [Task monitor] DEBUG n.processor.TaskPollingMonitor - Task completed > TaskHandler[id: 180; name: NFCORE_RNASEQ:RNASEQ:DESEQ2_QC_STAR_SALMON; status: COMPLETED; exit: 0; error: -; workDir: /workspace/work/f9/e0fba4320285c84aa1973ed24b1778]
Oct-23 15:30:03.315 [Task submitter] DEBUG nextflow.k8s.model.PodSpecBuilder - K8s LABEL VALUE exceeds allowed size: 63 -- offending str=NFCORE_RNASEQ:RNASEQ:BEDGRAPH_BEDCLIP_BEDGRAPHTOBIGWIG_FORWARD:UCSC_BEDGRAPHTOBIGWIG (TREATMENT_mIFNa11_10000_REP2)
Oct-23 15:30:03.315 [Task submitter] DEBUG nextflow.k8s.model.PodSpecBuilder - K8s LABEL VALUE exceeds allowed size: 63 -- offending str=NFCORE_RNASEQ:RNASEQ:BEDGRAPH_BEDCLIP_BEDGRAPHTOBIGWIG_FORWARD:UCSC_BEDGRAPHTOBIGWIG
Oct-23 15:30:03.338 [Task submitter] INFO  nextflow.Session - [ef/496a39] Submitted process > NFCORE_RNASEQ:RNASEQ:BEDGRAPH_BEDCLIP_BEDGRAPHTOBIGWIG_FORWARD:UCSC_BEDGRAPHTOBIGWIG (TREATMENT_mIFNa11_10000_REP2)
Oct-23 15:30:03.514 [Task monitor] DEBUG n.processor.TaskPollingMonitor - Task completed > TaskHandler[id: 183; name: NFCORE_RNASEQ:RNASEQ:DESEQ2_QC_PSEUDO; status: COMPLETED; exit: 0; error: -; workDir: /workspace/work/ae/55a6cc041962a00d016f2cc196f000]
Oct-23 15:30:03.522 [Task submitter] DEBUG nextflow.k8s.model.PodSpecBuilder - K8s LABEL VALUE exceeds allowed size: 63 -- offending str=NFCORE_RNASEQ:RNASEQ:BEDGRAPH_BEDCLIP_BEDGRAPHTOBIGWIG_REVERSE:UCSC_BEDGRAPHTOBIGWIG (TREATMENT_mIFNa11_10000_REP2)
Oct-23 15:30:03.522 [Task submitter] DEBUG nextflow.k8s.model.PodSpecBuilder - K8s LABEL VALUE exceeds allowed size: 63 -- offending str=NFCORE_RNASEQ:RNASEQ:BEDGRAPH_BEDCLIP_BEDGRAPHTOBIGWIG_REVERSE:UCSC_BEDGRAPHTOBIGWIG
Oct-23 15:30:03.558 [Task submitter] INFO  nextflow.Session - [ad/5fdedf] Submitted process > NFCORE_RNASEQ:RNASEQ:BEDGRAPH_BEDCLIP_BEDGRAPHTOBIGWIG_REVERSE:UCSC_BEDGRAPHTOBIGWIG (TREATMENT_mIFNa11_10000_REP2)
Oct-23 15:30:04.122 [TaskFinalizer-9] DEBUG nextflow.processor.TaskProcessor - Process NFCORE_RNASEQ:RNASEQ:DESEQ2_QC_PSEUDO > Skipping output binding because one or more optional files are missing: fileoutparam<3>
Oct-23 15:30:04.123 [TaskFinalizer-9] DEBUG nextflow.processor.TaskProcessor - Process NFCORE_RNASEQ:RNASEQ:DESEQ2_QC_PSEUDO > Skipping output binding because one or more optional files are missing: fileoutparam<5>
Oct-23 15:30:38.892 [Task monitor] DEBUG n.processor.TaskPollingMonitor - Task completed > TaskHandler[id: 186; name: NFCORE_RNASEQ:RNASEQ:BEDGRAPH_BEDCLIP_BEDGRAPHTOBIGWIG_FORWARD:UCSC_BEDGRAPHTOBIGWIG (TREATMENT_mIFNa11_10000_REP2); status: COMPLETED; exit: 0; error: -; workDir: /workspace/work/ef/496a397fd136716df6d402a88dfcd5]
Oct-23 15:30:43.751 [Task monitor] DEBUG n.processor.TaskPollingMonitor - Task completed > TaskHandler[id: 187; name: NFCORE_RNASEQ:RNASEQ:BEDGRAPH_BEDCLIP_BEDGRAPHTOBIGWIG_REVERSE:UCSC_BEDGRAPHTOBIGWIG (TREATMENT_mIFNa11_10000_REP2); status: COMPLETED; exit: 0; error: -; workDir: /workspace/work/ad/5fdedf463d52971bb85d1f191bab84]
Oct-23 15:31:18.627 [Task monitor] DEBUG n.processor.TaskPollingMonitor - Task completed > TaskHandler[id: 182; name: NFCORE_RNASEQ:RNASEQ:QUANTIFY_STAR_SALMON:SE_TRANSCRIPT_UNIFIED (all_samples); status: COMPLETED; exit: 0; error: -; workDir: /workspace/work/c9/f15fefac1cbd31ba1945d54f9ac460]
Oct-23 15:31:19.286 [Task monitor] DEBUG n.processor.TaskPollingMonitor - Task completed > TaskHandler[id: 185; name: NFCORE_RNASEQ:RNASEQ:QUANTIFY_PSEUDO_ALIGNMENT:SE_GENE_UNIFIED (all_samples); status: COMPLETED; exit: 0; error: -; workDir: /workspace/work/ac/4c71d4eb2b38cefcfd91674a43a9ac]
Oct-23 15:31:34.285 [Task monitor] DEBUG n.processor.TaskPollingMonitor - Task completed > TaskHandler[id: 143; name: NFCORE_RNASEQ:RNASEQ:BAM_MARKDUPLICATES_PICARD:PICARD_MARKDUPLICATES (TREATMENT_mIFNa11_10000_REP1); status: COMPLETED; exit: 0; error: -; workDir: /workspace/work/45/fdee8e1ccaef5944f04721a311c9c0]
Oct-23 15:31:34.298 [TaskFinalizer-6] DEBUG nextflow.processor.TaskProcessor - Process NFCORE_RNASEQ:RNASEQ:BAM_MARKDUPLICATES_PICARD:PICARD_MARKDUPLICATES > Skipping output binding because one or more optional files are missing: fileoutparam<1:1>
Oct-23 15:31:34.298 [TaskFinalizer-6] DEBUG nextflow.processor.TaskProcessor - Process NFCORE_RNASEQ:RNASEQ:BAM_MARKDUPLICATES_PICARD:PICARD_MARKDUPLICATES > Skipping output binding because one or more optional files are missing: fileoutparam<2:1>
Oct-23 15:31:34.329 [Task submitter] DEBUG nextflow.k8s.model.PodSpecBuilder - K8s LABEL VALUE exceeds allowed size: 63 -- offending str=NFCORE_RNASEQ:RNASEQ:STRINGTIE_STRINGTIE (TREATMENT_mIFNa11_10000_REP1)
Oct-23 15:31:34.373 [Task submitter] INFO  nextflow.Session - [f2/697179] Submitted process > NFCORE_RNASEQ:RNASEQ:STRINGTIE_STRINGTIE (TREATMENT_mIFNa11_10000_REP1)
Oct-23 15:31:34.390 [Task submitter] DEBUG nextflow.k8s.model.PodSpecBuilder - K8s LABEL VALUE exceeds allowed size: 63 -- offending str=NFCORE_RNASEQ:RNASEQ:BAM_MARKDUPLICATES_PICARD:SAMTOOLS_INDEX (TREATMENT_mIFNa11_10000_REP1)
Oct-23 15:31:34.413 [Task submitter] INFO  nextflow.Session - [65/2bc6f2] Submitted process > NFCORE_RNASEQ:RNASEQ:BAM_MARKDUPLICATES_PICARD:SAMTOOLS_INDEX (TREATMENT_mIFNa11_10000_REP1)
Oct-23 15:31:34.425 [Task submitter] DEBUG nextflow.k8s.model.PodSpecBuilder - K8s LABEL VALUE exceeds allowed size: 63 -- offending str=NFCORE_RNASEQ:RNASEQ:BEDTOOLS_GENOMECOV_FW (TREATMENT_mIFNa11_10000_REP1)
Oct-23 15:31:34.450 [Task submitter] INFO  nextflow.Session - [ee/d4dd94] Submitted process > NFCORE_RNASEQ:RNASEQ:BEDTOOLS_GENOMECOV_FW (TREATMENT_mIFNa11_10000_REP1)
Oct-23 15:31:34.458 [Task submitter] DEBUG nextflow.k8s.model.PodSpecBuilder - K8s LABEL VALUE exceeds allowed size: 63 -- offending str=NFCORE_RNASEQ:RNASEQ:BEDTOOLS_GENOMECOV_REV (TREATMENT_mIFNa11_10000_REP1)
Oct-23 15:31:34.509 [Task submitter] INFO  nextflow.Session - [33/53f07f] Submitted process > NFCORE_RNASEQ:RNASEQ:BEDTOOLS_GENOMECOV_REV (TREATMENT_mIFNa11_10000_REP1)
Oct-23 15:31:34.518 [Task submitter] DEBUG nextflow.k8s.model.PodSpecBuilder - K8s LABEL VALUE exceeds allowed size: 63 -- offending str=NFCORE_RNASEQ:RNASEQ:SUBREAD_FEATURECOUNTS (TREATMENT_mIFNa11_10000_REP1)
Oct-23 15:31:34.554 [Task submitter] INFO  nextflow.Session - [74/baaac1] Submitted process > NFCORE_RNASEQ:RNASEQ:SUBREAD_FEATURECOUNTS (TREATMENT_mIFNa11_10000_REP1)
Oct-23 15:32:23.306 [Task monitor] DEBUG n.processor.TaskPollingMonitor - Task completed > TaskHandler[id: 184; name: NFCORE_RNASEQ:RNASEQ:QUANTIFY_PSEUDO_ALIGNMENT:SE_TRANSCRIPT_UNIFIED (all_samples); status: COMPLETED; exit: 0; error: -; workDir: /workspace/work/6c/294c9f016dfb9cc6118ffcbe71ddf8]
Oct-23 15:32:23.314 [Task submitter] DEBUG nextflow.k8s.model.PodSpecBuilder - K8s LABEL VALUE exceeds allowed size: 63 -- offending str=NFCORE_RNASEQ:RNASEQ:QUALIMAP_RNASEQ (TREATMENT_mIFNa11_10000_REP1)
Oct-23 15:32:23.359 [Task submitter] INFO  nextflow.Session - [eb/40307f] Submitted process > NFCORE_RNASEQ:RNASEQ:QUALIMAP_RNASEQ (TREATMENT_mIFNa11_10000_REP1)
Oct-23 15:32:43.313 [Task monitor] DEBUG n.processor.TaskPollingMonitor - Task completed > TaskHandler[id: 193; name: NFCORE_RNASEQ:RNASEQ:BAM_MARKDUPLICATES_PICARD:SAMTOOLS_INDEX (TREATMENT_mIFNa11_10000_REP1); status: COMPLETED; exit: 0; error: -; workDir: /workspace/work/65/2bc6f223d1686a07aa7de36be0f2ef]
Oct-23 15:32:43.322 [TaskFinalizer-8] DEBUG nextflow.processor.TaskProcessor - Process NFCORE_RNASEQ:RNASEQ:BAM_MARKDUPLICATES_PICARD:SAMTOOLS_INDEX > Skipping output binding because one or more optional files are missing: fileoutparam<1:1>
Oct-23 15:32:43.322 [TaskFinalizer-8] DEBUG nextflow.processor.TaskProcessor - Process NFCORE_RNASEQ:RNASEQ:BAM_MARKDUPLICATES_PICARD:SAMTOOLS_INDEX > Skipping output binding because one or more optional files are missing: fileoutparam<2:1>
Oct-23 15:32:43.355 [Task submitter] INFO  nextflow.Session - [66/e45833] Submitted process > NFCORE_RNASEQ:RNASEQ:DUPRADAR (TREATMENT_mIFNa11_10000_REP1)
Oct-23 15:32:59.901 [Task monitor] DEBUG n.processor.TaskPollingMonitor - Task completed > TaskHandler[id: 194; name: NFCORE_RNASEQ:RNASEQ:SUBREAD_FEATURECOUNTS (TREATMENT_mIFNa11_10000_REP1); status: COMPLETED; exit: 0; error: -; workDir: /workspace/work/74/baaac1eaaf67902ce87a41494fd3b4]
Oct-23 15:32:59.912 [Task submitter] DEBUG nextflow.k8s.model.PodSpecBuilder - K8s LABEL VALUE exceeds allowed size: 63 -- offending str=NFCORE_RNASEQ:RNASEQ:BAM_RSEQC:RSEQC_INNERDISTANCE (TREATMENT_mIFNa11_10000_REP1)
Oct-23 15:32:59.932 [Task submitter] INFO  nextflow.Session - [e1/5f733a] Submitted process > NFCORE_RNASEQ:RNASEQ:BAM_RSEQC:RSEQC_INNERDISTANCE (TREATMENT_mIFNa11_10000_REP1)
Oct-23 15:33:07.935 [Task submitter] DEBUG n.processor.TaskPollingMonitor - %% executor k8s > tasks in the submission queue: 25 -- tasks to be submitted are shown below
~> TaskHandler[id: 195; name: NFCORE_RNASEQ:RNASEQ:BAM_RSEQC:RSEQC_JUNCTIONANNOTATION (TREATMENT_mIFNa11_10000_REP1); status: NEW; exit: -; error: -; workDir: /workspace/work/c9/bad1699e73cb4b13f748dbf15dd761]
~> TaskHandler[id: 198; name: NFCORE_RNASEQ:RNASEQ:BAM_RSEQC:RSEQC_READDISTRIBUTION (TREATMENT_mIFNa11_10000_REP1); status: NEW; exit: -; error: -; workDir: /workspace/work/61/8d2ef9ec1cc7504c2bdbfc4cc5ff5b]
~> TaskHandler[id: 200; name: NFCORE_RNASEQ:RNASEQ:BAM_RSEQC:RSEQC_BAMSTAT (TREATMENT_mIFNa11_10000_REP1); status: NEW; exit: -; error: -; workDir: /workspace/work/94/70148ebc452c3064c7f158f2f059d8]
~> TaskHandler[id: 199; name: NFCORE_RNASEQ:RNASEQ:BAM_RSEQC:RSEQC_JUNCTIONSATURATION (TREATMENT_mIFNa11_10000_REP1); status: NEW; exit: -; error: -; workDir: /workspace/work/b8/61f7be36e4be79639b315f785d9cb9]
~> TaskHandler[id: 201; name: NFCORE_RNASEQ:RNASEQ:BAM_RSEQC:RSEQC_READDUPLICATION (TREATMENT_mIFNa11_10000_REP1); status: NEW; exit: -; error: -; workDir: /workspace/work/be/215dc89c9a01d6aeba56af29ef1453]
~> TaskHandler[id: 196; name: NFCORE_RNASEQ:RNASEQ:BAM_RSEQC:RSEQC_INFEREXPERIMENT (TREATMENT_mIFNa11_10000_REP1); status: NEW; exit: -; error: -; workDir: /workspace/work/3c/e043fd743bf879f5f66faba5360137]
~> TaskHandler[id: 202; name: NFCORE_RNASEQ:RNASEQ:BAM_MARKDUPLICATES_PICARD:BAM_STATS_SAMTOOLS:SAMTOOLS_FLAGSTAT (TREATMENT_mIFNa11_100000_REP2); status: NEW; exit: -; error: -; workDir: /workspace/work/e0/7f49a3c8cc902dcf9e3777c6268814]
~> TaskHandler[id: 205; name: NFCORE_RNASEQ:RNASEQ:BAM_MARKDUPLICATES_PICARD:BAM_STATS_SAMTOOLS:SAMTOOLS_FLAGSTAT (TREATMENT_mIFNa11_100000_REP3); status: NEW; exit: -; error: -; workDir: /workspace/work/4d/914364d09a54df82e527d9f8653873]
~> TaskHandler[id: 206; name: NFCORE_RNASEQ:RNASEQ:BAM_MARKDUPLICATES_PICARD:BAM_STATS_SAMTOOLS:SAMTOOLS_STATS (TREATMENT_mIFNa11_100000_REP2); status: NEW; exit: -; error: -; workDir: /workspace/work/0c/ce96db0c31d8a917c854928e78ec4d]
~> TaskHandler[id: 204; name: NFCORE_RNASEQ:RNASEQ:BAM_MARKDUPLICATES_PICARD:BAM_STATS_SAMTOOLS:SAMTOOLS_IDXSTATS (TREATMENT_mIFNa11_100000_REP3); status: NEW; exit: -; error: -; workDir: /workspace/work/05/268ce2edb721bf8f56ffab66cf4ce7]
.. remaining tasks omitted.
Oct-23 15:33:18.252 [Task monitor] DEBUG n.processor.TaskPollingMonitor - !! executor k8s > tasks to be completed: 6 -- submitted tasks are shown below
~> TaskHandler[id: 190; name: NFCORE_RNASEQ:RNASEQ:STRINGTIE_STRINGTIE (TREATMENT_mIFNa11_10000_REP1); status: RUNNING; exit: -; error: -; workDir: /workspace/work/f2/697179f5d8db564f9dc6f6aae912f9]
~> TaskHandler[id: 188; name: NFCORE_RNASEQ:RNASEQ:BEDTOOLS_GENOMECOV_FW (TREATMENT_mIFNa11_10000_REP1); status: RUNNING; exit: -; error: -; workDir: /workspace/work/ee/d4dd941952ce66bd1a2c14db08207d]
~> TaskHandler[id: 189; name: NFCORE_RNASEQ:RNASEQ:BEDTOOLS_GENOMECOV_REV (TREATMENT_mIFNa11_10000_REP1); status: RUNNING; exit: -; error: -; workDir: /workspace/work/33/53f07f546c46ffa46a6edccb701575]
~> TaskHandler[id: 192; name: NFCORE_RNASEQ:RNASEQ:QUALIMAP_RNASEQ (TREATMENT_mIFNa11_10000_REP1); status: RUNNING; exit: -; error: -; workDir: /workspace/work/eb/40307f336dbbf0dd4d88957366d0b3]
~> TaskHandler[id: 191; name: NFCORE_RNASEQ:RNASEQ:DUPRADAR (TREATMENT_mIFNa11_10000_REP1); status: RUNNING; exit: -; error: -; workDir: /workspace/work/66/e4583356495775fc43828709840d47]
~> TaskHandler[id: 197; name: NFCORE_RNASEQ:RNASEQ:BAM_RSEQC:RSEQC_INNERDISTANCE (TREATMENT_mIFNa11_10000_REP1); status: RUNNING; exit: -; error: -; workDir: /workspace/work/e1/5f733a616b1538115f4714d144c7a4]
Oct-23 15:35:03.365 [Task monitor] DEBUG n.processor.TaskPollingMonitor - Task completed > TaskHandler[id: 197; name: NFCORE_RNASEQ:RNASEQ:BAM_RSEQC:RSEQC_INNERDISTANCE (TREATMENT_mIFNa11_10000_REP1); status: COMPLETED; exit: 0; error: -; workDir: /workspace/work/e1/5f733a616b1538115f4714d144c7a4]
Oct-23 15:35:03.404 [Task submitter] DEBUG nextflow.k8s.model.PodSpecBuilder - K8s LABEL VALUE exceeds allowed size: 63 -- offending str=NFCORE_RNASEQ:RNASEQ:BAM_RSEQC:RSEQC_JUNCTIONANNOTATION (TREATMENT_mIFNa11_10000_REP1)
Oct-23 15:35:03.457 [Task submitter] INFO  nextflow.Session - [c9/bad169] Submitted process > NFCORE_RNASEQ:RNASEQ:BAM_RSEQC:RSEQC_JUNCTIONANNOTATION (TREATMENT_mIFNa11_10000_REP1)
Oct-23 15:35:39.035 [Task monitor] DEBUG n.processor.TaskPollingMonitor - Task completed > TaskHandler[id: 188; name: NFCORE_RNASEQ:RNASEQ:BEDTOOLS_GENOMECOV_FW (TREATMENT_mIFNa11_10000_REP1); status: COMPLETED; exit: 0; error: -; workDir: /workspace/work/ee/d4dd941952ce66bd1a2c14db08207d]
Oct-23 15:35:39.042 [Task submitter] DEBUG nextflow.k8s.model.PodSpecBuilder - K8s LABEL VALUE exceeds allowed size: 63 -- offending str=NFCORE_RNASEQ:RNASEQ:BAM_RSEQC:RSEQC_READDISTRIBUTION (TREATMENT_mIFNa11_10000_REP1)
Oct-23 15:35:39.066 [Task submitter] INFO  nextflow.Session - [61/8d2ef9] Submitted process > NFCORE_RNASEQ:RNASEQ:BAM_RSEQC:RSEQC_READDISTRIBUTION (TREATMENT_mIFNa11_10000_REP1)
Oct-23 15:35:42.468 [Task monitor] DEBUG n.processor.TaskPollingMonitor - Task completed > TaskHandler[id: 189; name: NFCORE_RNASEQ:RNASEQ:BEDTOOLS_GENOMECOV_REV (TREATMENT_mIFNa11_10000_REP1); status: COMPLETED; exit: 0; error: -; workDir: /workspace/work/33/53f07f546c46ffa46a6edccb701575]
Oct-23 15:35:42.476 [Task submitter] DEBUG nextflow.k8s.model.PodSpecBuilder - K8s LABEL VALUE exceeds allowed size: 63 -- offending str=NFCORE_RNASEQ:RNASEQ:BAM_RSEQC:RSEQC_BAMSTAT (TREATMENT_mIFNa11_10000_REP1)
Oct-23 15:35:42.512 [Task submitter] INFO  nextflow.Session - [94/70148e] Submitted process > NFCORE_RNASEQ:RNASEQ:BAM_RSEQC:RSEQC_BAMSTAT (TREATMENT_mIFNa11_10000_REP1)
Oct-23 15:35:52.837 [Task monitor] DEBUG n.processor.TaskPollingMonitor - Task completed > TaskHandler[id: 190; name: NFCORE_RNASEQ:RNASEQ:STRINGTIE_STRINGTIE (TREATMENT_mIFNa11_10000_REP1); status: COMPLETED; exit: 0; error: -; workDir: /workspace/work/f2/697179f5d8db564f9dc6f6aae912f9]
Oct-23 15:35:52.845 [Task submitter] DEBUG nextflow.k8s.model.PodSpecBuilder - K8s LABEL VALUE exceeds allowed size: 63 -- offending str=NFCORE_RNASEQ:RNASEQ:BAM_RSEQC:RSEQC_JUNCTIONSATURATION (TREATMENT_mIFNa11_10000_REP1)
Oct-23 15:35:52.891 [Task submitter] INFO  nextflow.Session - [b8/61f7be] Submitted process > NFCORE_RNASEQ:RNASEQ:BAM_RSEQC:RSEQC_JUNCTIONSATURATION (TREATMENT_mIFNa11_10000_REP1)
Oct-23 15:38:08.911 [Task submitter] DEBUG n.processor.TaskPollingMonitor - %% executor k8s > tasks in the submission queue: 23 -- tasks to be submitted are shown below
~> TaskHandler[id: 201; name: NFCORE_RNASEQ:RNASEQ:BAM_RSEQC:RSEQC_READDUPLICATION (TREATMENT_mIFNa11_10000_REP1); status: NEW; exit: -; error: -; workDir: /workspace/work/be/215dc89c9a01d6aeba56af29ef1453]
~> TaskHandler[id: 196; name: NFCORE_RNASEQ:RNASEQ:BAM_RSEQC:RSEQC_INFEREXPERIMENT (TREATMENT_mIFNa11_10000_REP1); status: NEW; exit: -; error: -; workDir: /workspace/work/3c/e043fd743bf879f5f66faba5360137]
~> TaskHandler[id: 202; name: NFCORE_RNASEQ:RNASEQ:BAM_MARKDUPLICATES_PICARD:BAM_STATS_SAMTOOLS:SAMTOOLS_FLAGSTAT (TREATMENT_mIFNa11_100000_REP2); status: NEW; exit: -; error: -; workDir: /workspace/work/e0/7f49a3c8cc902dcf9e3777c6268814]
~> TaskHandler[id: 205; name: NFCORE_RNASEQ:RNASEQ:BAM_MARKDUPLICATES_PICARD:BAM_STATS_SAMTOOLS:SAMTOOLS_FLAGSTAT (TREATMENT_mIFNa11_100000_REP3); status: NEW; exit: -; error: -; workDir: /workspace/work/4d/914364d09a54df82e527d9f8653873]
~> TaskHandler[id: 206; name: NFCORE_RNASEQ:RNASEQ:BAM_MARKDUPLICATES_PICARD:BAM_STATS_SAMTOOLS:SAMTOOLS_STATS (TREATMENT_mIFNa11_100000_REP2); status: NEW; exit: -; error: -; workDir: /workspace/work/0c/ce96db0c31d8a917c854928e78ec4d]
~> TaskHandler[id: 204; name: NFCORE_RNASEQ:RNASEQ:BAM_MARKDUPLICATES_PICARD:BAM_STATS_SAMTOOLS:SAMTOOLS_IDXSTATS (TREATMENT_mIFNa11_100000_REP3); status: NEW; exit: -; error: -; workDir: /workspace/work/05/268ce2edb721bf8f56ffab66cf4ce7]
~> TaskHandler[id: 203; name: NFCORE_RNASEQ:RNASEQ:BAM_MARKDUPLICATES_PICARD:BAM_STATS_SAMTOOLS:SAMTOOLS_IDXSTATS (TREATMENT_mIFNa11_100000_REP2); status: NEW; exit: -; error: -; workDir: /workspace/work/29/3c64ab9354b32ad1898b9cbe0deb18]
~> TaskHandler[id: 209; name: NFCORE_RNASEQ:RNASEQ:BAM_MARKDUPLICATES_PICARD:BAM_STATS_SAMTOOLS:SAMTOOLS_STATS (TREATMENT_mIFNa11_100000_REP3); status: NEW; exit: -; error: -; workDir: /workspace/work/cd/dc52ecf738eee3ffaf5a9edc820b8e]
~> TaskHandler[id: 207; name: NFCORE_RNASEQ:RNASEQ:BAM_MARKDUPLICATES_PICARD:BAM_STATS_SAMTOOLS:SAMTOOLS_FLAGSTAT (TREATMENT_mIFNa11_10000_REP3); status: NEW; exit: -; error: -; workDir: /workspace/work/27/0a341a7ae05d718849b3d7cdfc7110]
~> TaskHandler[id: 211; name: NFCORE_RNASEQ:RNASEQ:BAM_MARKDUPLICATES_PICARD:BAM_STATS_SAMTOOLS:SAMTOOLS_FLAGSTAT (TREATMENT_mIFNa11_100000_REP1); status: NEW; exit: -; error: -; workDir: /workspace/work/a5/8d975ac2e4f3cfd6c59db9779ea3d3]
.. remaining tasks omitted.
Oct-23 15:38:22.527 [Task monitor] DEBUG n.processor.TaskPollingMonitor - !! executor k8s > tasks to be completed: 6 -- submitted tasks are shown below
~> TaskHandler[id: 192; name: NFCORE_RNASEQ:RNASEQ:QUALIMAP_RNASEQ (TREATMENT_mIFNa11_10000_REP1); status: RUNNING; exit: -; error: -; workDir: /workspace/work/eb/40307f336dbbf0dd4d88957366d0b3]
~> TaskHandler[id: 191; name: NFCORE_RNASEQ:RNASEQ:DUPRADAR (TREATMENT_mIFNa11_10000_REP1); status: RUNNING; exit: -; error: -; workDir: /workspace/work/66/e4583356495775fc43828709840d47]
~> TaskHandler[id: 195; name: NFCORE_RNASEQ:RNASEQ:BAM_RSEQC:RSEQC_JUNCTIONANNOTATION (TREATMENT_mIFNa11_10000_REP1); status: RUNNING; exit: -; error: -; workDir: /workspace/work/c9/bad1699e73cb4b13f748dbf15dd761]
~> TaskHandler[id: 198; name: NFCORE_RNASEQ:RNASEQ:BAM_RSEQC:RSEQC_READDISTRIBUTION (TREATMENT_mIFNa11_10000_REP1); status: RUNNING; exit: -; error: -; workDir: /workspace/work/61/8d2ef9ec1cc7504c2bdbfc4cc5ff5b]
~> TaskHandler[id: 200; name: NFCORE_RNASEQ:RNASEQ:BAM_RSEQC:RSEQC_BAMSTAT (TREATMENT_mIFNa11_10000_REP1); status: RUNNING; exit: -; error: -; workDir: /workspace/work/94/70148ebc452c3064c7f158f2f059d8]
~> TaskHandler[id: 199; name: NFCORE_RNASEQ:RNASEQ:BAM_RSEQC:RSEQC_JUNCTIONSATURATION (TREATMENT_mIFNa11_10000_REP1); status: RUNNING; exit: -; error: -; workDir: /workspace/work/b8/61f7be36e4be79639b315f785d9cb9]
Oct-23 15:39:32.602 [Task monitor] DEBUG n.processor.TaskPollingMonitor - Task completed > TaskHandler[id: 195; name: NFCORE_RNASEQ:RNASEQ:BAM_RSEQC:RSEQC_JUNCTIONANNOTATION (TREATMENT_mIFNa11_10000_REP1); status: COMPLETED; exit: 0; error: -; workDir: /workspace/work/c9/bad1699e73cb4b13f748dbf15dd761]
Oct-23 15:39:32.643 [Task submitter] DEBUG nextflow.k8s.model.PodSpecBuilder - K8s LABEL VALUE exceeds allowed size: 63 -- offending str=NFCORE_RNASEQ:RNASEQ:BAM_RSEQC:RSEQC_READDUPLICATION (TREATMENT_mIFNa11_10000_REP1)
Oct-23 15:39:32.661 [Task submitter] INFO  nextflow.Session - [be/215dc8] Submitted process > NFCORE_RNASEQ:RNASEQ:BAM_RSEQC:RSEQC_READDUPLICATION (TREATMENT_mIFNa11_10000_REP1)
Oct-23 15:39:53.420 [Task monitor] DEBUG n.processor.TaskPollingMonitor - Task completed > TaskHandler[id: 200; name: NFCORE_RNASEQ:RNASEQ:BAM_RSEQC:RSEQC_BAMSTAT (TREATMENT_mIFNa11_10000_REP1); status: COMPLETED; exit: 0; error: -; workDir: /workspace/work/94/70148ebc452c3064c7f158f2f059d8]
Oct-23 15:39:53.429 [Task submitter] DEBUG nextflow.k8s.model.PodSpecBuilder - K8s LABEL VALUE exceeds allowed size: 63 -- offending str=NFCORE_RNASEQ:RNASEQ:BAM_RSEQC:RSEQC_INFEREXPERIMENT (TREATMENT_mIFNa11_10000_REP1)
Oct-23 15:39:53.456 [Task submitter] INFO  nextflow.Session - [3c/e043fd] Submitted process > NFCORE_RNASEQ:RNASEQ:BAM_RSEQC:RSEQC_INFEREXPERIMENT (TREATMENT_mIFNa11_10000_REP1)
Oct-23 15:40:02.636 [Task monitor] DEBUG n.processor.TaskPollingMonitor - Task completed > TaskHandler[id: 191; name: NFCORE_RNASEQ:RNASEQ:DUPRADAR (TREATMENT_mIFNa11_10000_REP1); status: COMPLETED; exit: 0; error: -; workDir: /workspace/work/66/e4583356495775fc43828709840d47]
Oct-23 15:40:02.646 [Task submitter] DEBUG nextflow.k8s.model.PodSpecBuilder - K8s LABEL VALUE exceeds allowed size: 63 -- offending str=NFCORE_RNASEQ:RNASEQ:BAM_MARKDUPLICATES_PICARD:BAM_STATS_SAMTOOLS:SAMTOOLS_FLAGSTAT (TREATMENT_mIFNa11_100000_REP2)
Oct-23 15:40:02.646 [Task submitter] DEBUG nextflow.k8s.model.PodSpecBuilder - K8s LABEL VALUE exceeds allowed size: 63 -- offending str=NFCORE_RNASEQ:RNASEQ:BAM_MARKDUPLICATES_PICARD:BAM_STATS_SAMTOOLS:SAMTOOLS_FLAGSTAT
Oct-23 15:40:02.684 [Task submitter] INFO  nextflow.Session - [e0/7f49a3] Submitted process > NFCORE_RNASEQ:RNASEQ:BAM_MARKDUPLICATES_PICARD:BAM_STATS_SAMTOOLS:SAMTOOLS_FLAGSTAT (TREATMENT_mIFNa11_100000_REP2)
Oct-23 15:40:02.764 [Task monitor] DEBUG n.processor.TaskPollingMonitor - Task completed > TaskHandler[id: 196; name: NFCORE_RNASEQ:RNASEQ:BAM_RSEQC:RSEQC_INFEREXPERIMENT (TREATMENT_mIFNa11_10000_REP1); status: COMPLETED; exit: 0; error: -; workDir: /workspace/work/3c/e043fd743bf879f5f66faba5360137]
Oct-23 15:40:02.771 [Task submitter] DEBUG nextflow.k8s.model.PodSpecBuilder - K8s LABEL VALUE exceeds allowed size: 63 -- offending str=NFCORE_RNASEQ:RNASEQ:BAM_MARKDUPLICATES_PICARD:BAM_STATS_SAMTOOLS:SAMTOOLS_FLAGSTAT (TREATMENT_mIFNa11_100000_REP3)
Oct-23 15:40:02.772 [Task submitter] DEBUG nextflow.k8s.model.PodSpecBuilder - K8s LABEL VALUE exceeds allowed size: 63 -- offending str=NFCORE_RNASEQ:RNASEQ:BAM_MARKDUPLICATES_PICARD:BAM_STATS_SAMTOOLS:SAMTOOLS_FLAGSTAT
Oct-23 15:40:02.791 [Task submitter] INFO  nextflow.Session - [4d/914364] Submitted process > NFCORE_RNASEQ:RNASEQ:BAM_MARKDUPLICATES_PICARD:BAM_STATS_SAMTOOLS:SAMTOOLS_FLAGSTAT (TREATMENT_mIFNa11_100000_REP3)
Oct-23 15:40:02.964 [Actor Thread 269] DEBUG nextflow.sort.BigSort - Sort completed -- entries: 1; slices: 1; internal sort time: 0.0 s; external sort time: 0.001 s; total time: 0.001 s
Oct-23 15:40:02.983 [Actor Thread 269] DEBUG nextflow.file.FileCollector - Saved collect-files list to: /workspace/work/collect-file/cd21b79432a60f2f849a5bcc9f7b8d66
Oct-23 15:40:02.985 [Actor Thread 269] DEBUG nextflow.file.FileCollector - Deleting file collector temp dir: /tmp/nxf-7143434674835137303
Oct-23 15:40:22.682 [Task monitor] DEBUG n.processor.TaskPollingMonitor - Task completed > TaskHandler[id: 199; name: NFCORE_RNASEQ:RNASEQ:BAM_RSEQC:RSEQC_JUNCTIONSATURATION (TREATMENT_mIFNa11_10000_REP1); status: COMPLETED; exit: 0; error: -; workDir: /workspace/work/b8/61f7be36e4be79639b315f785d9cb9]
Oct-23 15:40:22.691 [Task submitter] DEBUG nextflow.k8s.model.PodSpecBuilder - K8s LABEL VALUE exceeds allowed size: 63 -- offending str=NFCORE_RNASEQ:RNASEQ:BAM_MARKDUPLICATES_PICARD:BAM_STATS_SAMTOOLS:SAMTOOLS_STATS (TREATMENT_mIFNa11_100000_REP2)
Oct-23 15:40:22.692 [Task submitter] DEBUG nextflow.k8s.model.PodSpecBuilder - K8s LABEL VALUE exceeds allowed size: 63 -- offending str=NFCORE_RNASEQ:RNASEQ:BAM_MARKDUPLICATES_PICARD:BAM_STATS_SAMTOOLS:SAMTOOLS_STATS
Oct-23 15:40:22.718 [Task submitter] INFO  nextflow.Session - [0c/ce96db] Submitted process > NFCORE_RNASEQ:RNASEQ:BAM_MARKDUPLICATES_PICARD:BAM_STATS_SAMTOOLS:SAMTOOLS_STATS (TREATMENT_mIFNa11_100000_REP2)
Oct-23 15:40:27.695 [Task monitor] DEBUG n.processor.TaskPollingMonitor - Task completed > TaskHandler[id: 202; name: NFCORE_RNASEQ:RNASEQ:BAM_MARKDUPLICATES_PICARD:BAM_STATS_SAMTOOLS:SAMTOOLS_FLAGSTAT (TREATMENT_mIFNa11_100000_REP2); status: COMPLETED; exit: 0; error: -; workDir: /workspace/work/e0/7f49a3c8cc902dcf9e3777c6268814]
Oct-23 15:40:27.705 [Task submitter] DEBUG nextflow.k8s.model.PodSpecBuilder - K8s LABEL VALUE exceeds allowed size: 63 -- offending str=NFCORE_RNASEQ:RNASEQ:BAM_MARKDUPLICATES_PICARD:BAM_STATS_SAMTOOLS:SAMTOOLS_IDXSTATS (TREATMENT_mIFNa11_100000_REP3)
Oct-23 15:40:27.705 [Task submitter] DEBUG nextflow.k8s.model.PodSpecBuilder - K8s LABEL VALUE exceeds allowed size: 63 -- offending str=NFCORE_RNASEQ:RNASEQ:BAM_MARKDUPLICATES_PICARD:BAM_STATS_SAMTOOLS:SAMTOOLS_IDXSTATS
Oct-23 15:40:27.739 [Task submitter] INFO  nextflow.Session - [05/268ce2] Submitted process > NFCORE_RNASEQ:RNASEQ:BAM_MARKDUPLICATES_PICARD:BAM_STATS_SAMTOOLS:SAMTOOLS_IDXSTATS (TREATMENT_mIFNa11_100000_REP3)
Oct-23 15:40:27.808 [Task monitor] DEBUG n.processor.TaskPollingMonitor - Task completed > TaskHandler[id: 205; name: NFCORE_RNASEQ:RNASEQ:BAM_MARKDUPLICATES_PICARD:BAM_STATS_SAMTOOLS:SAMTOOLS_FLAGSTAT (TREATMENT_mIFNa11_100000_REP3); status: COMPLETED; exit: 0; error: -; workDir: /workspace/work/4d/914364d09a54df82e527d9f8653873]
Oct-23 15:40:27.816 [Task submitter] DEBUG nextflow.k8s.model.PodSpecBuilder - K8s LABEL VALUE exceeds allowed size: 63 -- offending str=NFCORE_RNASEQ:RNASEQ:BAM_MARKDUPLICATES_PICARD:BAM_STATS_SAMTOOLS:SAMTOOLS_IDXSTATS (TREATMENT_mIFNa11_100000_REP2)
Oct-23 15:40:27.816 [Task submitter] DEBUG nextflow.k8s.model.PodSpecBuilder - K8s LABEL VALUE exceeds allowed size: 63 -- offending str=NFCORE_RNASEQ:RNASEQ:BAM_MARKDUPLICATES_PICARD:BAM_STATS_SAMTOOLS:SAMTOOLS_IDXSTATS
Oct-23 15:40:27.857 [Task submitter] INFO  nextflow.Session - [29/3c64ab] Submitted process > NFCORE_RNASEQ:RNASEQ:BAM_MARKDUPLICATES_PICARD:BAM_STATS_SAMTOOLS:SAMTOOLS_IDXSTATS (TREATMENT_mIFNa11_100000_REP2)
Oct-23 15:40:32.827 [Task monitor] DEBUG n.processor.TaskPollingMonitor - Task completed > TaskHandler[id: 204; name: NFCORE_RNASEQ:RNASEQ:BAM_MARKDUPLICATES_PICARD:BAM_STATS_SAMTOOLS:SAMTOOLS_IDXSTATS (TREATMENT_mIFNa11_100000_REP3); status: COMPLETED; exit: 0; error: -; workDir: /workspace/work/05/268ce2edb721bf8f56ffab66cf4ce7]
Oct-23 15:40:32.835 [Task submitter] DEBUG nextflow.k8s.model.PodSpecBuilder - K8s LABEL VALUE exceeds allowed size: 63 -- offending str=NFCORE_RNASEQ:RNASEQ:BAM_MARKDUPLICATES_PICARD:BAM_STATS_SAMTOOLS:SAMTOOLS_STATS (TREATMENT_mIFNa11_100000_REP3)
Oct-23 15:40:32.835 [Task submitter] DEBUG nextflow.k8s.model.PodSpecBuilder - K8s LABEL VALUE exceeds allowed size: 63 -- offending str=NFCORE_RNASEQ:RNASEQ:BAM_MARKDUPLICATES_PICARD:BAM_STATS_SAMTOOLS:SAMTOOLS_STATS
Oct-23 15:40:32.850 [Task submitter] INFO  nextflow.Session - [cd/dc52ec] Submitted process > NFCORE_RNASEQ:RNASEQ:BAM_MARKDUPLICATES_PICARD:BAM_STATS_SAMTOOLS:SAMTOOLS_STATS (TREATMENT_mIFNa11_100000_REP3)
Oct-23 15:40:37.731 [Task monitor] DEBUG n.processor.TaskPollingMonitor - Task completed > TaskHandler[id: 203; name: NFCORE_RNASEQ:RNASEQ:BAM_MARKDUPLICATES_PICARD:BAM_STATS_SAMTOOLS:SAMTOOLS_IDXSTATS (TREATMENT_mIFNa11_100000_REP2); status: COMPLETED; exit: 0; error: -; workDir: /workspace/work/29/3c64ab9354b32ad1898b9cbe0deb18]
Oct-23 15:40:37.742 [Task submitter] DEBUG nextflow.k8s.model.PodSpecBuilder - K8s LABEL VALUE exceeds allowed size: 63 -- offending str=NFCORE_RNASEQ:RNASEQ:BAM_MARKDUPLICATES_PICARD:BAM_STATS_SAMTOOLS:SAMTOOLS_FLAGSTAT (TREATMENT_mIFNa11_10000_REP3)
Oct-23 15:40:37.742 [Task submitter] DEBUG nextflow.k8s.model.PodSpecBuilder - K8s LABEL VALUE exceeds allowed size: 63 -- offending str=NFCORE_RNASEQ:RNASEQ:BAM_MARKDUPLICATES_PICARD:BAM_STATS_SAMTOOLS:SAMTOOLS_FLAGSTAT
Oct-23 15:40:37.766 [Task submitter] INFO  nextflow.Session - [27/0a341a] Submitted process > NFCORE_RNASEQ:RNASEQ:BAM_MARKDUPLICATES_PICARD:BAM_STATS_SAMTOOLS:SAMTOOLS_FLAGSTAT (TREATMENT_mIFNa11_10000_REP3)
Oct-23 15:41:17.680 [Task monitor] DEBUG n.processor.TaskPollingMonitor - Task completed > TaskHandler[id: 207; name: NFCORE_RNASEQ:RNASEQ:BAM_MARKDUPLICATES_PICARD:BAM_STATS_SAMTOOLS:SAMTOOLS_FLAGSTAT (TREATMENT_mIFNa11_10000_REP3); status: COMPLETED; exit: 0; error: -; workDir: /workspace/work/27/0a341a7ae05d718849b3d7cdfc7110]
Oct-23 15:41:17.688 [Task submitter] DEBUG nextflow.k8s.model.PodSpecBuilder - K8s LABEL VALUE exceeds allowed size: 63 -- offending str=NFCORE_RNASEQ:RNASEQ:BAM_MARKDUPLICATES_PICARD:BAM_STATS_SAMTOOLS:SAMTOOLS_FLAGSTAT (TREATMENT_mIFNa11_100000_REP1)
Oct-23 15:41:17.688 [Task submitter] DEBUG nextflow.k8s.model.PodSpecBuilder - K8s LABEL VALUE exceeds allowed size: 63 -- offending str=NFCORE_RNASEQ:RNASEQ:BAM_MARKDUPLICATES_PICARD:BAM_STATS_SAMTOOLS:SAMTOOLS_FLAGSTAT
Oct-23 15:41:17.708 [Task submitter] INFO  nextflow.Session - [a5/8d975a] Submitted process > NFCORE_RNASEQ:RNASEQ:BAM_MARKDUPLICATES_PICARD:BAM_STATS_SAMTOOLS:SAMTOOLS_FLAGSTAT (TREATMENT_mIFNa11_100000_REP1)
Oct-23 15:41:52.731 [Task monitor] DEBUG n.processor.TaskPollingMonitor - Task completed > TaskHandler[id: 211; name: NFCORE_RNASEQ:RNASEQ:BAM_MARKDUPLICATES_PICARD:BAM_STATS_SAMTOOLS:SAMTOOLS_FLAGSTAT (TREATMENT_mIFNa11_100000_REP1); status: COMPLETED; exit: 0; error: -; workDir: /workspace/work/a5/8d975ac2e4f3cfd6c59db9779ea3d3]
Oct-23 15:41:52.739 [Task submitter] DEBUG nextflow.k8s.model.PodSpecBuilder - K8s LABEL VALUE exceeds allowed size: 63 -- offending str=NFCORE_RNASEQ:RNASEQ:BAM_MARKDUPLICATES_PICARD:BAM_STATS_SAMTOOLS:SAMTOOLS_STATS (TREATMENT_mIFNa11_10000_REP3)
Oct-23 15:41:52.739 [Task submitter] DEBUG nextflow.k8s.model.PodSpecBuilder - K8s LABEL VALUE exceeds allowed size: 63 -- offending str=NFCORE_RNASEQ:RNASEQ:BAM_MARKDUPLICATES_PICARD:BAM_STATS_SAMTOOLS:SAMTOOLS_STATS
Oct-23 15:41:52.763 [Task submitter] INFO  nextflow.Session - [6c/5293ce] Submitted process > NFCORE_RNASEQ:RNASEQ:BAM_MARKDUPLICATES_PICARD:BAM_STATS_SAMTOOLS:SAMTOOLS_STATS (TREATMENT_mIFNa11_10000_REP3)
Oct-23 15:41:57.653 [Task monitor] DEBUG n.processor.TaskPollingMonitor - Task completed > TaskHandler[id: 206; name: NFCORE_RNASEQ:RNASEQ:BAM_MARKDUPLICATES_PICARD:BAM_STATS_SAMTOOLS:SAMTOOLS_STATS (TREATMENT_mIFNa11_100000_REP2); status: COMPLETED; exit: 0; error: -; workDir: /workspace/work/0c/ce96db0c31d8a917c854928e78ec4d]
Oct-23 15:41:57.661 [Task submitter] DEBUG nextflow.k8s.model.PodSpecBuilder - K8s LABEL VALUE exceeds allowed size: 63 -- offending str=NFCORE_RNASEQ:RNASEQ:BAM_MARKDUPLICATES_PICARD:BAM_STATS_SAMTOOLS:SAMTOOLS_IDXSTATS (TREATMENT_mIFNa11_10000_REP3)
Oct-23 15:41:57.661 [Task submitter] DEBUG nextflow.k8s.model.PodSpecBuilder - K8s LABEL VALUE exceeds allowed size: 63 -- offending str=NFCORE_RNASEQ:RNASEQ:BAM_MARKDUPLICATES_PICARD:BAM_STATS_SAMTOOLS:SAMTOOLS_IDXSTATS
Oct-23 15:41:57.684 [Task submitter] INFO  nextflow.Session - [15/350956] Submitted process > NFCORE_RNASEQ:RNASEQ:BAM_MARKDUPLICATES_PICARD:BAM_STATS_SAMTOOLS:SAMTOOLS_IDXSTATS (TREATMENT_mIFNa11_10000_REP3)
Oct-23 15:42:12.622 [Task monitor] DEBUG n.processor.TaskPollingMonitor - Task completed > TaskHandler[id: 198; name: NFCORE_RNASEQ:RNASEQ:BAM_RSEQC:RSEQC_READDISTRIBUTION (TREATMENT_mIFNa11_10000_REP1); status: COMPLETED; exit: 0; error: -; workDir: /workspace/work/61/8d2ef9ec1cc7504c2bdbfc4cc5ff5b]
Oct-23 15:42:12.632 [Task submitter] DEBUG nextflow.k8s.model.PodSpecBuilder - K8s LABEL VALUE exceeds allowed size: 63 -- offending str=NFCORE_RNASEQ:RNASEQ:BAM_MARKDUPLICATES_PICARD:BAM_STATS_SAMTOOLS:SAMTOOLS_IDXSTATS (TREATMENT_mIFNa11_100000_REP1)
Oct-23 15:42:12.632 [Task submitter] DEBUG nextflow.k8s.model.PodSpecBuilder - K8s LABEL VALUE exceeds allowed size: 63 -- offending str=NFCORE_RNASEQ:RNASEQ:BAM_MARKDUPLICATES_PICARD:BAM_STATS_SAMTOOLS:SAMTOOLS_IDXSTATS
Oct-23 15:42:12.655 [Task submitter] INFO  nextflow.Session - [26/fa8939] Submitted process > NFCORE_RNASEQ:RNASEQ:BAM_MARKDUPLICATES_PICARD:BAM_STATS_SAMTOOLS:SAMTOOLS_IDXSTATS (TREATMENT_mIFNa11_100000_REP1)
Oct-23 15:42:12.753 [Task monitor] DEBUG n.processor.TaskPollingMonitor - Task completed > TaskHandler[id: 208; name: NFCORE_RNASEQ:RNASEQ:BAM_MARKDUPLICATES_PICARD:BAM_STATS_SAMTOOLS:SAMTOOLS_IDXSTATS (TREATMENT_mIFNa11_10000_REP3); status: COMPLETED; exit: 0; error: -; workDir: /workspace/work/15/3509560de1cfbe40e3ef5de13379ae]
Oct-23 15:42:12.761 [Task submitter] DEBUG nextflow.k8s.model.PodSpecBuilder - K8s LABEL VALUE exceeds allowed size: 63 -- offending str=NFCORE_RNASEQ:RNASEQ:BAM_MARKDUPLICATES_PICARD:BAM_STATS_SAMTOOLS:SAMTOOLS_STATS (TREATMENT_mIFNa11_100000_REP1)
Oct-23 15:42:12.762 [Task submitter] DEBUG nextflow.k8s.model.PodSpecBuilder - K8s LABEL VALUE exceeds allowed size: 63 -- offending str=NFCORE_RNASEQ:RNASEQ:BAM_MARKDUPLICATES_PICARD:BAM_STATS_SAMTOOLS:SAMTOOLS_STATS
Oct-23 15:42:12.777 [Task submitter] INFO  nextflow.Session - [dc/865ad4] Submitted process > NFCORE_RNASEQ:RNASEQ:BAM_MARKDUPLICATES_PICARD:BAM_STATS_SAMTOOLS:SAMTOOLS_STATS (TREATMENT_mIFNa11_100000_REP1)
Oct-23 15:42:17.691 [Task monitor] DEBUG n.processor.TaskPollingMonitor - Task completed > TaskHandler[id: 214; name: NFCORE_RNASEQ:RNASEQ:BAM_MARKDUPLICATES_PICARD:BAM_STATS_SAMTOOLS:SAMTOOLS_IDXSTATS (TREATMENT_mIFNa11_100000_REP1); status: COMPLETED; exit: 0; error: -; workDir: /workspace/work/26/fa89392211adb5b7afd72783b8b7f9]
Oct-23 15:42:17.699 [Task submitter] DEBUG nextflow.k8s.model.PodSpecBuilder - K8s LABEL VALUE exceeds allowed size: 63 -- offending str=NFCORE_RNASEQ:RNASEQ:BAM_MARKDUPLICATES_PICARD:BAM_STATS_SAMTOOLS:SAMTOOLS_FLAGSTAT (TREATMENT_mIFNa11_10000_REP2)
Oct-23 15:42:17.699 [Task submitter] DEBUG nextflow.k8s.model.PodSpecBuilder - K8s LABEL VALUE exceeds allowed size: 63 -- offending str=NFCORE_RNASEQ:RNASEQ:BAM_MARKDUPLICATES_PICARD:BAM_STATS_SAMTOOLS:SAMTOOLS_FLAGSTAT
Oct-23 15:42:17.720 [Task submitter] INFO  nextflow.Session - [e2/74c5e3] Submitted process > NFCORE_RNASEQ:RNASEQ:BAM_MARKDUPLICATES_PICARD:BAM_STATS_SAMTOOLS:SAMTOOLS_FLAGSTAT (TREATMENT_mIFNa11_10000_REP2)
Oct-23 15:42:27.599 [Task monitor] DEBUG n.processor.TaskPollingMonitor - Task completed > TaskHandler[id: 209; name: NFCORE_RNASEQ:RNASEQ:BAM_MARKDUPLICATES_PICARD:BAM_STATS_SAMTOOLS:SAMTOOLS_STATS (TREATMENT_mIFNa11_100000_REP3); status: COMPLETED; exit: 0; error: -; workDir: /workspace/work/cd/dc52ecf738eee3ffaf5a9edc820b8e]
Oct-23 15:42:27.616 [Task submitter] DEBUG nextflow.k8s.model.PodSpecBuilder - K8s LABEL VALUE exceeds allowed size: 63 -- offending str=NFCORE_RNASEQ:RNASEQ:BAM_MARKDUPLICATES_PICARD:BAM_STATS_SAMTOOLS:SAMTOOLS_FLAGSTAT (TREATMENT_mIFNa11_10000_REP1)
Oct-23 15:42:27.616 [Task submitter] DEBUG nextflow.k8s.model.PodSpecBuilder - K8s LABEL VALUE exceeds allowed size: 63 -- offending str=NFCORE_RNASEQ:RNASEQ:BAM_MARKDUPLICATES_PICARD:BAM_STATS_SAMTOOLS:SAMTOOLS_FLAGSTAT
Oct-23 15:42:27.646 [Task submitter] INFO  nextflow.Session - [2c/62daa5] Submitted process > NFCORE_RNASEQ:RNASEQ:BAM_MARKDUPLICATES_PICARD:BAM_STATS_SAMTOOLS:SAMTOOLS_FLAGSTAT (TREATMENT_mIFNa11_10000_REP1)
Oct-23 15:42:57.875 [Task monitor] DEBUG n.processor.TaskPollingMonitor - Task completed > TaskHandler[id: 212; name: NFCORE_RNASEQ:RNASEQ:BAM_MARKDUPLICATES_PICARD:BAM_STATS_SAMTOOLS:SAMTOOLS_FLAGSTAT (TREATMENT_mIFNa11_10000_REP2); status: COMPLETED; exit: 0; error: -; workDir: /workspace/work/e2/74c5e36c4d2c0f12c833067f7f2f5d]
Oct-23 15:42:57.884 [Task submitter] DEBUG nextflow.k8s.model.PodSpecBuilder - K8s LABEL VALUE exceeds allowed size: 63 -- offending str=NFCORE_RNASEQ:RNASEQ:BAM_MARKDUPLICATES_PICARD:BAM_STATS_SAMTOOLS:SAMTOOLS_IDXSTATS (TREATMENT_mIFNa11_10000_REP1)
Oct-23 15:42:57.884 [Task submitter] DEBUG nextflow.k8s.model.PodSpecBuilder - K8s LABEL VALUE exceeds allowed size: 63 -- offending str=NFCORE_RNASEQ:RNASEQ:BAM_MARKDUPLICATES_PICARD:BAM_STATS_SAMTOOLS:SAMTOOLS_IDXSTATS
Oct-23 15:42:57.925 [Task submitter] INFO  nextflow.Session - [58/f0b816] Submitted process > NFCORE_RNASEQ:RNASEQ:BAM_MARKDUPLICATES_PICARD:BAM_STATS_SAMTOOLS:SAMTOOLS_IDXSTATS (TREATMENT_mIFNa11_10000_REP1)
Oct-23 15:43:02.631 [Task monitor] DEBUG n.processor.TaskPollingMonitor - Task completed > TaskHandler[id: 217; name: NFCORE_RNASEQ:RNASEQ:BAM_MARKDUPLICATES_PICARD:BAM_STATS_SAMTOOLS:SAMTOOLS_FLAGSTAT (TREATMENT_mIFNa11_10000_REP1); status: COMPLETED; exit: 0; error: -; workDir: /workspace/work/2c/62daa5e134aa3cc3d455096271f759]
Oct-23 15:43:02.642 [Task submitter] DEBUG nextflow.k8s.model.PodSpecBuilder - K8s LABEL VALUE exceeds allowed size: 63 -- offending str=NFCORE_RNASEQ:RNASEQ:BAM_MARKDUPLICATES_PICARD:BAM_STATS_SAMTOOLS:SAMTOOLS_STATS (TREATMENT_mIFNa11_10000_REP2)
Oct-23 15:43:02.642 [Task submitter] DEBUG nextflow.k8s.model.PodSpecBuilder - K8s LABEL VALUE exceeds allowed size: 63 -- offending str=NFCORE_RNASEQ:RNASEQ:BAM_MARKDUPLICATES_PICARD:BAM_STATS_SAMTOOLS:SAMTOOLS_STATS
Oct-23 15:43:02.664 [Task submitter] INFO  nextflow.Session - [9a/c1db94] Submitted process > NFCORE_RNASEQ:RNASEQ:BAM_MARKDUPLICATES_PICARD:BAM_STATS_SAMTOOLS:SAMTOOLS_STATS (TREATMENT_mIFNa11_10000_REP2)
Oct-23 15:43:09.667 [Task submitter] DEBUG n.processor.TaskPollingMonitor - %% executor k8s > tasks in the submission queue: 5 -- tasks to be submitted are shown below
~> TaskHandler[id: 215; name: NFCORE_RNASEQ:RNASEQ:BAM_MARKDUPLICATES_PICARD:BAM_STATS_SAMTOOLS:SAMTOOLS_IDXSTATS (TREATMENT_mIFNa11_10000_REP2); status: NEW; exit: -; error: -; workDir: /workspace/work/12/0b3c553ba2c535aa08e6f63c78a60f]
~> TaskHandler[id: 218; name: NFCORE_RNASEQ:RNASEQ:BAM_MARKDUPLICATES_PICARD:BAM_STATS_SAMTOOLS:SAMTOOLS_STATS (TREATMENT_mIFNa11_10000_REP1); status: NEW; exit: -; error: -; workDir: /workspace/work/03/d7358fb33825e65f75a8781a05c039]
~> TaskHandler[id: 220; name: NFCORE_RNASEQ:RNASEQ:MULTIQC_CUSTOM_BIOTYPE (TREATMENT_mIFNa11_10000_REP1); status: NEW; exit: -; error: -; workDir: /workspace/work/34/0f5f8d517d3b2028069f1d8f9a3487]
~> TaskHandler[id: 221; name: NFCORE_RNASEQ:RNASEQ:BEDGRAPH_BEDCLIP_BEDGRAPHTOBIGWIG_FORWARD:UCSC_BEDCLIP (TREATMENT_mIFNa11_10000_REP1); status: NEW; exit: -; error: -; workDir: /workspace/work/e4/cd7943345b2c230b4dfb551295fcf1]
~> TaskHandler[id: 222; name: NFCORE_RNASEQ:RNASEQ:BEDGRAPH_BEDCLIP_BEDGRAPHTOBIGWIG_REVERSE:UCSC_BEDCLIP (TREATMENT_mIFNa11_10000_REP1); status: NEW; exit: -; error: -; workDir: /workspace/work/d8/c5203170abbe49fd1cbd50844b9f6c]
Oct-23 15:43:12.627 [Task monitor] DEBUG n.processor.TaskPollingMonitor - Task completed > TaskHandler[id: 219; name: NFCORE_RNASEQ:RNASEQ:BAM_MARKDUPLICATES_PICARD:BAM_STATS_SAMTOOLS:SAMTOOLS_IDXSTATS (TREATMENT_mIFNa11_10000_REP1); status: COMPLETED; exit: 0; error: -; workDir: /workspace/work/58/f0b8167c7008fba8231b5e5c44c06b]
Oct-23 15:43:12.635 [Task submitter] DEBUG nextflow.k8s.model.PodSpecBuilder - K8s LABEL VALUE exceeds allowed size: 63 -- offending str=NFCORE_RNASEQ:RNASEQ:BAM_MARKDUPLICATES_PICARD:BAM_STATS_SAMTOOLS:SAMTOOLS_IDXSTATS (TREATMENT_mIFNa11_10000_REP2)
Oct-23 15:43:12.635 [Task submitter] DEBUG nextflow.k8s.model.PodSpecBuilder - K8s LABEL VALUE exceeds allowed size: 63 -- offending str=NFCORE_RNASEQ:RNASEQ:BAM_MARKDUPLICATES_PICARD:BAM_STATS_SAMTOOLS:SAMTOOLS_IDXSTATS
Oct-23 15:43:12.663 [Task submitter] INFO  nextflow.Session - [12/0b3c55] Submitted process > NFCORE_RNASEQ:RNASEQ:BAM_MARKDUPLICATES_PICARD:BAM_STATS_SAMTOOLS:SAMTOOLS_IDXSTATS (TREATMENT_mIFNa11_10000_REP2)
Oct-23 15:43:22.535 [Task monitor] DEBUG n.processor.TaskPollingMonitor - !! executor k8s > tasks to be completed: 6 -- submitted tasks are shown below
~> TaskHandler[id: 192; name: NFCORE_RNASEQ:RNASEQ:QUALIMAP_RNASEQ (TREATMENT_mIFNa11_10000_REP1); status: RUNNING; exit: -; error: -; workDir: /workspace/work/eb/40307f336dbbf0dd4d88957366d0b3]
~> TaskHandler[id: 201; name: NFCORE_RNASEQ:RNASEQ:BAM_RSEQC:RSEQC_READDUPLICATION (TREATMENT_mIFNa11_10000_REP1); status: RUNNING; exit: -; error: -; workDir: /workspace/work/be/215dc89c9a01d6aeba56af29ef1453]
~> TaskHandler[id: 210; name: NFCORE_RNASEQ:RNASEQ:BAM_MARKDUPLICATES_PICARD:BAM_STATS_SAMTOOLS:SAMTOOLS_STATS (TREATMENT_mIFNa11_10000_REP3); status: RUNNING; exit: -; error: -; workDir: /workspace/work/6c/5293ce0362a11c8240bef495670c57]
~> TaskHandler[id: 213; name: NFCORE_RNASEQ:RNASEQ:BAM_MARKDUPLICATES_PICARD:BAM_STATS_SAMTOOLS:SAMTOOLS_STATS (TREATMENT_mIFNa11_100000_REP1); status: RUNNING; exit: -; error: -; workDir: /workspace/work/dc/865ad441a8bed8d84b40f8614a707f]
~> TaskHandler[id: 216; name: NFCORE_RNASEQ:RNASEQ:BAM_MARKDUPLICATES_PICARD:BAM_STATS_SAMTOOLS:SAMTOOLS_STATS (TREATMENT_mIFNa11_10000_REP2); status: RUNNING; exit: -; error: -; workDir: /workspace/work/9a/c1db94a53440a8798ff34f0ea99a57]
~> TaskHandler[id: 215; name: NFCORE_RNASEQ:RNASEQ:BAM_MARKDUPLICATES_PICARD:BAM_STATS_SAMTOOLS:SAMTOOLS_IDXSTATS (TREATMENT_mIFNa11_10000_REP2); status: SUBMITTED; exit: -; error: -; workDir: /workspace/work/12/0b3c553ba2c535aa08e6f63c78a60f]
Oct-23 15:43:27.631 [Task monitor] DEBUG n.processor.TaskPollingMonitor - Task completed > TaskHandler[id: 215; name: NFCORE_RNASEQ:RNASEQ:BAM_MARKDUPLICATES_PICARD:BAM_STATS_SAMTOOLS:SAMTOOLS_IDXSTATS (TREATMENT_mIFNa11_10000_REP2); status: COMPLETED; exit: 0; error: -; workDir: /workspace/work/12/0b3c553ba2c535aa08e6f63c78a60f]
Oct-23 15:43:27.641 [Task submitter] DEBUG nextflow.k8s.model.PodSpecBuilder - K8s LABEL VALUE exceeds allowed size: 63 -- offending str=NFCORE_RNASEQ:RNASEQ:BAM_MARKDUPLICATES_PICARD:BAM_STATS_SAMTOOLS:SAMTOOLS_STATS (TREATMENT_mIFNa11_10000_REP1)
Oct-23 15:43:27.641 [Task submitter] DEBUG nextflow.k8s.model.PodSpecBuilder - K8s LABEL VALUE exceeds allowed size: 63 -- offending str=NFCORE_RNASEQ:RNASEQ:BAM_MARKDUPLICATES_PICARD:BAM_STATS_SAMTOOLS:SAMTOOLS_STATS
Oct-23 15:43:27.655 [Task submitter] INFO  nextflow.Session - [03/d7358f] Submitted process > NFCORE_RNASEQ:RNASEQ:BAM_MARKDUPLICATES_PICARD:BAM_STATS_SAMTOOLS:SAMTOOLS_STATS (TREATMENT_mIFNa11_10000_REP1)
Oct-23 15:44:12.656 [Task monitor] DEBUG n.processor.TaskPollingMonitor - Task completed > TaskHandler[id: 210; name: NFCORE_RNASEQ:RNASEQ:BAM_MARKDUPLICATES_PICARD:BAM_STATS_SAMTOOLS:SAMTOOLS_STATS (TREATMENT_mIFNa11_10000_REP3); status: COMPLETED; exit: 0; error: -; workDir: /workspace/work/6c/5293ce0362a11c8240bef495670c57]
Oct-23 15:44:12.686 [Task submitter] DEBUG nextflow.k8s.model.PodSpecBuilder - K8s LABEL VALUE exceeds allowed size: 63 -- offending str=NFCORE_RNASEQ:RNASEQ:MULTIQC_CUSTOM_BIOTYPE (TREATMENT_mIFNa11_10000_REP1)
Oct-23 15:44:12.703 [Task submitter] INFO  nextflow.Session - [34/0f5f8d] Submitted process > NFCORE_RNASEQ:RNASEQ:MULTIQC_CUSTOM_BIOTYPE (TREATMENT_mIFNa11_10000_REP1)
Oct-23 15:44:27.652 [Task monitor] DEBUG n.processor.TaskPollingMonitor - Task completed > TaskHandler[id: 220; name: NFCORE_RNASEQ:RNASEQ:MULTIQC_CUSTOM_BIOTYPE (TREATMENT_mIFNa11_10000_REP1); status: COMPLETED; exit: 0; error: -; workDir: /workspace/work/34/0f5f8d517d3b2028069f1d8f9a3487]
Oct-23 15:44:27.660 [Task submitter] DEBUG nextflow.k8s.model.PodSpecBuilder - K8s LABEL VALUE exceeds allowed size: 63 -- offending str=NFCORE_RNASEQ:RNASEQ:BEDGRAPH_BEDCLIP_BEDGRAPHTOBIGWIG_FORWARD:UCSC_BEDCLIP (TREATMENT_mIFNa11_10000_REP1)
Oct-23 15:44:27.660 [Task submitter] DEBUG nextflow.k8s.model.PodSpecBuilder - K8s LABEL VALUE exceeds allowed size: 63 -- offending str=NFCORE_RNASEQ:RNASEQ:BEDGRAPH_BEDCLIP_BEDGRAPHTOBIGWIG_FORWARD:UCSC_BEDCLIP
Oct-23 15:44:27.675 [Task submitter] INFO  nextflow.Session - [e4/cd7943] Submitted process > NFCORE_RNASEQ:RNASEQ:BEDGRAPH_BEDCLIP_BEDGRAPHTOBIGWIG_FORWARD:UCSC_BEDCLIP (TREATMENT_mIFNa11_10000_REP1)
Oct-23 15:44:32.624 [Task monitor] DEBUG n.processor.TaskPollingMonitor - Task completed > TaskHandler[id: 213; name: NFCORE_RNASEQ:RNASEQ:BAM_MARKDUPLICATES_PICARD:BAM_STATS_SAMTOOLS:SAMTOOLS_STATS (TREATMENT_mIFNa11_100000_REP1); status: COMPLETED; exit: 0; error: -; workDir: /workspace/work/dc/865ad441a8bed8d84b40f8614a707f]
Oct-23 15:44:32.636 [Task submitter] DEBUG nextflow.k8s.model.PodSpecBuilder - K8s LABEL VALUE exceeds allowed size: 63 -- offending str=NFCORE_RNASEQ:RNASEQ:BEDGRAPH_BEDCLIP_BEDGRAPHTOBIGWIG_REVERSE:UCSC_BEDCLIP (TREATMENT_mIFNa11_10000_REP1)
Oct-23 15:44:32.662 [Task submitter] DEBUG nextflow.k8s.model.PodSpecBuilder - K8s LABEL VALUE exceeds allowed size: 63 -- offending str=NFCORE_RNASEQ:RNASEQ:BEDGRAPH_BEDCLIP_BEDGRAPHTOBIGWIG_REVERSE:UCSC_BEDCLIP
Oct-23 15:44:32.683 [Task submitter] INFO  nextflow.Session - [d8/c52031] Submitted process > NFCORE_RNASEQ:RNASEQ:BEDGRAPH_BEDCLIP_BEDGRAPHTOBIGWIG_REVERSE:UCSC_BEDCLIP (TREATMENT_mIFNa11_10000_REP1)
Oct-23 15:44:52.636 [Task monitor] DEBUG n.processor.TaskPollingMonitor - Task completed > TaskHandler[id: 221; name: NFCORE_RNASEQ:RNASEQ:BEDGRAPH_BEDCLIP_BEDGRAPHTOBIGWIG_FORWARD:UCSC_BEDCLIP (TREATMENT_mIFNa11_10000_REP1); status: COMPLETED; exit: 0; error: -; workDir: /workspace/work/e4/cd7943345b2c230b4dfb551295fcf1]
Oct-23 15:44:52.664 [Task submitter] DEBUG nextflow.k8s.model.PodSpecBuilder - K8s LABEL VALUE exceeds allowed size: 63 -- offending str=NFCORE_RNASEQ:RNASEQ:BEDGRAPH_BEDCLIP_BEDGRAPHTOBIGWIG_FORWARD:UCSC_BEDGRAPHTOBIGWIG (TREATMENT_mIFNa11_10000_REP1)
Oct-23 15:44:52.665 [Task submitter] DEBUG nextflow.k8s.model.PodSpecBuilder - K8s LABEL VALUE exceeds allowed size: 63 -- offending str=NFCORE_RNASEQ:RNASEQ:BEDGRAPH_BEDCLIP_BEDGRAPHTOBIGWIG_FORWARD:UCSC_BEDGRAPHTOBIGWIG
Oct-23 15:44:52.684 [Task submitter] INFO  nextflow.Session - [25/25a39b] Submitted process > NFCORE_RNASEQ:RNASEQ:BEDGRAPH_BEDCLIP_BEDGRAPHTOBIGWIG_FORWARD:UCSC_BEDGRAPHTOBIGWIG (TREATMENT_mIFNa11_10000_REP1)
Oct-23 15:44:57.629 [Task monitor] DEBUG n.processor.TaskPollingMonitor - Task completed > TaskHandler[id: 222; name: NFCORE_RNASEQ:RNASEQ:BEDGRAPH_BEDCLIP_BEDGRAPHTOBIGWIG_REVERSE:UCSC_BEDCLIP (TREATMENT_mIFNa11_10000_REP1); status: COMPLETED; exit: 0; error: -; workDir: /workspace/work/d8/c5203170abbe49fd1cbd50844b9f6c]
Oct-23 15:44:57.653 [Task submitter] DEBUG nextflow.k8s.model.PodSpecBuilder - K8s LABEL VALUE exceeds allowed size: 63 -- offending str=NFCORE_RNASEQ:RNASEQ:BEDGRAPH_BEDCLIP_BEDGRAPHTOBIGWIG_REVERSE:UCSC_BEDGRAPHTOBIGWIG (TREATMENT_mIFNa11_10000_REP1)
Oct-23 15:44:57.653 [Task submitter] DEBUG nextflow.k8s.model.PodSpecBuilder - K8s LABEL VALUE exceeds allowed size: 63 -- offending str=NFCORE_RNASEQ:RNASEQ:BEDGRAPH_BEDCLIP_BEDGRAPHTOBIGWIG_REVERSE:UCSC_BEDGRAPHTOBIGWIG
Oct-23 15:44:57.680 [Task submitter] INFO  nextflow.Session - [0d/d835d8] Submitted process > NFCORE_RNASEQ:RNASEQ:BEDGRAPH_BEDCLIP_BEDGRAPHTOBIGWIG_REVERSE:UCSC_BEDGRAPHTOBIGWIG (TREATMENT_mIFNa11_10000_REP1)
Oct-23 15:45:27.699 [Task monitor] DEBUG n.processor.TaskPollingMonitor - Task completed > TaskHandler[id: 216; name: NFCORE_RNASEQ:RNASEQ:BAM_MARKDUPLICATES_PICARD:BAM_STATS_SAMTOOLS:SAMTOOLS_STATS (TREATMENT_mIFNa11_10000_REP2); status: COMPLETED; exit: 0; error: -; workDir: /workspace/work/9a/c1db94a53440a8798ff34f0ea99a57]
Oct-23 15:45:32.621 [Task monitor] DEBUG n.processor.TaskPollingMonitor - Task completed > TaskHandler[id: 223; name: NFCORE_RNASEQ:RNASEQ:BEDGRAPH_BEDCLIP_BEDGRAPHTOBIGWIG_FORWARD:UCSC_BEDGRAPHTOBIGWIG (TREATMENT_mIFNa11_10000_REP1); status: COMPLETED; exit: 0; error: -; workDir: /workspace/work/25/25a39be4dade8a6dfef6612ccb0611]
Oct-23 15:45:37.748 [Task monitor] DEBUG n.processor.TaskPollingMonitor - Task completed > TaskHandler[id: 224; name: NFCORE_RNASEQ:RNASEQ:BEDGRAPH_BEDCLIP_BEDGRAPHTOBIGWIG_REVERSE:UCSC_BEDGRAPHTOBIGWIG (TREATMENT_mIFNa11_10000_REP1); status: COMPLETED; exit: 0; error: -; workDir: /workspace/work/0d/d835d821580cb6487fe409f3a305c6]
Oct-23 15:46:04.419 [Task monitor] DEBUG n.processor.TaskPollingMonitor - Task completed > TaskHandler[id: 218; name: NFCORE_RNASEQ:RNASEQ:BAM_MARKDUPLICATES_PICARD:BAM_STATS_SAMTOOLS:SAMTOOLS_STATS (TREATMENT_mIFNa11_10000_REP1); status: COMPLETED; exit: 0; error: -; workDir: /workspace/work/03/d7358fb33825e65f75a8781a05c039]
Oct-23 15:46:04.468 [Actor Thread 276] DEBUG nextflow.sort.BigSort - Sort completed -- entries: 37; slices: 1; internal sort time: 0.029 s; external sort time: 0.006 s; total time: 0.035 s
Oct-23 15:46:04.493 [Actor Thread 276] DEBUG nextflow.file.FileCollector - Saved collect-files list to: /workspace/work/collect-file/4ffbd182f88504e2cf9b3a9f65149fd2
Oct-23 15:46:04.502 [Actor Thread 276] DEBUG nextflow.file.FileCollector - Deleting file collector temp dir: /tmp/nxf-1538503710307364526
Oct-23 15:46:27.757 [Task monitor] DEBUG n.processor.TaskPollingMonitor - Task completed > TaskHandler[id: 201; name: NFCORE_RNASEQ:RNASEQ:BAM_RSEQC:RSEQC_READDUPLICATION (TREATMENT_mIFNa11_10000_REP1); status: COMPLETED; exit: 0; error: -; workDir: /workspace/work/be/215dc89c9a01d6aeba56af29ef1453]
Oct-23 15:48:22.545 [Task monitor] DEBUG n.processor.TaskPollingMonitor - !! executor k8s > tasks to be completed: 1 -- submitted tasks are shown below
~> TaskHandler[id: 192; name: NFCORE_RNASEQ:RNASEQ:QUALIMAP_RNASEQ (TREATMENT_mIFNa11_10000_REP1); status: RUNNING; exit: -; error: -; workDir: /workspace/work/eb/40307f336dbbf0dd4d88957366d0b3]
Oct-23 15:53:22.583 [Task monitor] DEBUG n.processor.TaskPollingMonitor - !! executor k8s > tasks to be completed: 1 -- submitted tasks are shown below
~> TaskHandler[id: 192; name: NFCORE_RNASEQ:RNASEQ:QUALIMAP_RNASEQ (TREATMENT_mIFNa11_10000_REP1); status: RUNNING; exit: -; error: -; workDir: /workspace/work/eb/40307f336dbbf0dd4d88957366d0b3]
Oct-23 15:58:22.636 [Task monitor] DEBUG n.processor.TaskPollingMonitor - !! executor k8s > tasks to be completed: 1 -- submitted tasks are shown below
~> TaskHandler[id: 192; name: NFCORE_RNASEQ:RNASEQ:QUALIMAP_RNASEQ (TREATMENT_mIFNa11_10000_REP1); status: RUNNING; exit: -; error: -; workDir: /workspace/work/eb/40307f336dbbf0dd4d88957366d0b3]
Oct-23 16:03:22.719 [Task monitor] DEBUG n.processor.TaskPollingMonitor - !! executor k8s > tasks to be completed: 1 -- submitted tasks are shown below
~> TaskHandler[id: 192; name: NFCORE_RNASEQ:RNASEQ:QUALIMAP_RNASEQ (TREATMENT_mIFNa11_10000_REP1); status: RUNNING; exit: -; error: -; workDir: /workspace/work/eb/40307f336dbbf0dd4d88957366d0b3]
Oct-23 16:04:32.900 [Task monitor] DEBUG n.processor.TaskPollingMonitor - Task completed > TaskHandler[id: 192; name: NFCORE_RNASEQ:RNASEQ:QUALIMAP_RNASEQ (TREATMENT_mIFNa11_10000_REP1); status: COMPLETED; exit: 0; error: -; workDir: /workspace/work/eb/40307f336dbbf0dd4d88957366d0b3]
Oct-23 16:04:33.021 [Actor Thread 275] DEBUG nextflow.util.HashBuilder - Hash asset file sha-256: /workspace/nf_assets/nf-core/rnaseq/workflows/rnaseq/assets/multiqc/multiqc_config.yml
Oct-23 16:04:33.079 [Task submitter] INFO  nextflow.Session - [ad/d8518c] Submitted process > NFCORE_RNASEQ:RNASEQ:MULTIQC (1)
Oct-23 16:05:52.808 [Task monitor] DEBUG n.processor.TaskPollingMonitor - Task completed > TaskHandler[id: 225; name: NFCORE_RNASEQ:RNASEQ:MULTIQC (1); status: COMPLETED; exit: 0; error: -; workDir: /workspace/work/ad/d8518c762fb7b756f8c32973105922]
Oct-23 16:05:52.857 [main] DEBUG nextflow.Session - Session await > all processes finished
Oct-23 16:05:57.739 [Task monitor] DEBUG n.processor.TaskPollingMonitor - <<< barrier arrives (monitor: k8s) - terminating tasks monitor poll loop
Oct-23 16:05:57.739 [main] DEBUG nextflow.Session - Session await > all barriers passed
Oct-23 16:06:02.752 [main] INFO  nextflow.util.ThreadPoolHelper - Waiting for remaining tasks to complete (1 tasks)
Oct-23 16:07:02.754 [main] DEBUG nextflow.util.ThreadPoolHelper - Waiting for remaining tasks to complete (1 tasks)
Oct-23 16:08:02.755 [main] DEBUG nextflow.util.ThreadPoolHelper - Waiting for remaining tasks to complete (1 tasks)
Oct-23 16:09:02.757 [main] DEBUG nextflow.util.ThreadPoolHelper - Waiting for remaining tasks to complete (1 tasks)
Oct-23 16:10:02.759 [main] DEBUG nextflow.util.ThreadPoolHelper - Waiting for remaining tasks to complete (1 tasks)
Oct-23 16:11:02.760 [main] DEBUG nextflow.util.ThreadPoolHelper - Waiting for remaining tasks to complete (1 tasks)
Oct-23 16:12:02.762 [main] DEBUG nextflow.util.ThreadPoolHelper - Waiting for remaining tasks to complete (1 tasks)
Oct-23 16:13:02.764 [main] DEBUG nextflow.util.ThreadPoolHelper - Waiting for remaining tasks to complete (1 tasks)
Oct-23 16:14:02.765 [main] DEBUG nextflow.util.ThreadPoolHelper - Waiting for remaining tasks to complete (1 tasks)
Oct-23 16:15:02.767 [main] DEBUG nextflow.util.ThreadPoolHelper - Waiting for remaining tasks to complete (1 tasks)
Oct-23 16:16:02.769 [main] INFO  nextflow.util.ThreadPoolHelper - Waiting for remaining tasks to complete (1 tasks)
Oct-23 16:17:02.771 [main] DEBUG nextflow.util.ThreadPoolHelper - Waiting for remaining tasks to complete (1 tasks)
Oct-23 16:18:02.773 [main] DEBUG nextflow.util.ThreadPoolHelper - Waiting for remaining tasks to complete (1 tasks)
Oct-23 16:19:02.775 [main] DEBUG nextflow.util.ThreadPoolHelper - Waiting for remaining tasks to complete (1 tasks)
Oct-23 16:20:02.776 [main] DEBUG nextflow.util.ThreadPoolHelper - Waiting for remaining tasks to complete (1 tasks)
Oct-23 16:21:02.778 [main] DEBUG nextflow.util.ThreadPoolHelper - Waiting for remaining tasks to complete (1 tasks)
Oct-23 16:22:02.780 [main] DEBUG nextflow.util.ThreadPoolHelper - Waiting for remaining tasks to complete (1 tasks)
Oct-23 16:23:02.782 [main] DEBUG nextflow.util.ThreadPoolHelper - Waiting for remaining tasks to complete (1 tasks)
Oct-23 16:24:02.783 [main] DEBUG nextflow.util.ThreadPoolHelper - Waiting for remaining tasks to complete (1 tasks)
Oct-23 16:25:02.785 [main] DEBUG nextflow.util.ThreadPoolHelper - Waiting for remaining tasks to complete (1 tasks)
Oct-23 16:26:02.787 [main] INFO  nextflow.util.ThreadPoolHelper - Waiting for remaining tasks to complete (1 tasks)
Oct-23 16:27:02.789 [main] DEBUG nextflow.util.ThreadPoolHelper - Waiting for remaining tasks to complete (1 tasks)
Oct-23 16:28:02.790 [main] DEBUG nextflow.util.ThreadPoolHelper - Waiting for remaining tasks to complete (1 tasks)
Oct-23 16:29:02.792 [main] DEBUG nextflow.util.ThreadPoolHelper - Waiting for remaining tasks to complete (1 tasks)
Oct-23 16:30:02.794 [main] DEBUG nextflow.util.ThreadPoolHelper - Waiting for remaining tasks to complete (1 tasks)
Oct-23 16:31:02.795 [main] DEBUG nextflow.util.ThreadPoolHelper - Waiting for remaining tasks to complete (1 tasks)
Oct-23 16:32:02.797 [main] DEBUG nextflow.util.ThreadPoolHelper - Waiting for remaining tasks to complete (1 tasks)
Oct-23 16:33:02.799 [main] DEBUG nextflow.util.ThreadPoolHelper - Waiting for remaining tasks to complete (1 tasks)
Oct-23 16:34:02.801 [main] DEBUG nextflow.util.ThreadPoolHelper - Waiting for remaining tasks to complete (1 tasks)
Oct-23 16:35:02.803 [main] DEBUG nextflow.util.ThreadPoolHelper - Waiting for remaining tasks to complete (1 tasks)
Oct-23 16:36:02.805 [main] INFO  nextflow.util.ThreadPoolHelper - Waiting for remaining tasks to complete (1 tasks)
Oct-23 16:37:02.807 [main] DEBUG nextflow.util.ThreadPoolHelper - Waiting for remaining tasks to complete (1 tasks)
Oct-23 16:38:02.808 [main] DEBUG nextflow.util.ThreadPoolHelper - Waiting for remaining tasks to complete (1 tasks)
Oct-23 16:39:02.810 [main] DEBUG nextflow.util.ThreadPoolHelper - Waiting for remaining tasks to complete (1 tasks)
Oct-23 16:40:02.811 [main] DEBUG nextflow.util.ThreadPoolHelper - Waiting for remaining tasks to complete (1 tasks)
Oct-23 16:41:02.814 [main] DEBUG nextflow.util.ThreadPoolHelper - Waiting for remaining tasks to complete (1 tasks)
Oct-23 16:42:02.815 [main] DEBUG nextflow.util.ThreadPoolHelper - Waiting for remaining tasks to complete (1 tasks)
Oct-23 16:43:02.817 [main] DEBUG nextflow.util.ThreadPoolHelper - Waiting for remaining tasks to complete (1 tasks)
Oct-23 16:44:02.818 [main] DEBUG nextflow.util.ThreadPoolHelper - Waiting for remaining tasks to complete (1 tasks)
Oct-23 16:45:02.820 [main] DEBUG nextflow.util.ThreadPoolHelper - Waiting for remaining tasks to complete (1 tasks)
Oct-23 16:46:02.822 [main] INFO  nextflow.util.ThreadPoolHelper - Waiting for remaining tasks to complete (1 tasks)
Oct-23 16:47:02.824 [main] DEBUG nextflow.util.ThreadPoolHelper - Waiting for remaining tasks to complete (1 tasks)
Oct-23 16:48:02.825 [main] DEBUG nextflow.util.ThreadPoolHelper - Waiting for remaining tasks to complete (1 tasks)
Oct-23 16:49:02.827 [main] DEBUG nextflow.util.ThreadPoolHelper - Waiting for remaining tasks to complete (1 tasks)
Oct-23 16:50:02.828 [main] DEBUG nextflow.util.ThreadPoolHelper - Waiting for remaining tasks to complete (1 tasks)
Oct-23 16:51:02.830 [main] DEBUG nextflow.util.ThreadPoolHelper - Waiting for remaining tasks to complete (1 tasks)
Oct-23 16:52:02.832 [main] DEBUG nextflow.util.ThreadPoolHelper - Waiting for remaining tasks to complete (1 tasks)
Oct-23 16:53:02.833 [main] DEBUG nextflow.util.ThreadPoolHelper - Waiting for remaining tasks to complete (1 tasks)
Oct-23 16:54:02.835 [main] DEBUG nextflow.util.ThreadPoolHelper - Waiting for remaining tasks to complete (1 tasks)
Oct-23 16:55:02.837 [main] DEBUG nextflow.util.ThreadPoolHelper - Waiting for remaining tasks to complete (1 tasks)
Oct-23 16:56:02.839 [main] INFO  nextflow.util.ThreadPoolHelper - Waiting for remaining tasks to complete (1 tasks)
Oct-23 16:57:02.840 [main] DEBUG nextflow.util.ThreadPoolHelper - Waiting for remaining tasks to complete (1 tasks)
Oct-23 16:58:02.842 [main] DEBUG nextflow.util.ThreadPoolHelper - Waiting for remaining tasks to complete (1 tasks)
Oct-23 16:59:02.843 [main] DEBUG nextflow.util.ThreadPoolHelper - Waiting for remaining tasks to complete (1 tasks)
Oct-23 17:00:02.844 [main] DEBUG nextflow.util.ThreadPoolHelper - Waiting for remaining tasks to complete (1 tasks)
Oct-23 17:01:02.846 [main] DEBUG nextflow.util.ThreadPoolHelper - Waiting for remaining tasks to complete (1 tasks)
Oct-23 17:02:02.847 [main] DEBUG nextflow.util.ThreadPoolHelper - Waiting for remaining tasks to complete (1 tasks)
Oct-23 17:03:02.849 [main] DEBUG nextflow.util.ThreadPoolHelper - Waiting for remaining tasks to complete (1 tasks)
Oct-23 17:04:02.850 [main] DEBUG nextflow.util.ThreadPoolHelper - Waiting for remaining tasks to complete (1 tasks)
Oct-23 17:05:02.852 [main] DEBUG nextflow.util.ThreadPoolHelper - Waiting for remaining tasks to complete (1 tasks)
Oct-23 17:06:02.854 [main] INFO  nextflow.util.ThreadPoolHelper - Waiting for remaining tasks to complete (1 tasks)
Oct-23 17:07:02.855 [main] DEBUG nextflow.util.ThreadPoolHelper - Waiting for remaining tasks to complete (1 tasks)
Oct-23 17:08:02.857 [main] DEBUG nextflow.util.ThreadPoolHelper - Waiting for remaining tasks to complete (1 tasks)
Oct-23 17:09:02.858 [main] DEBUG nextflow.util.ThreadPoolHelper - Waiting for remaining tasks to complete (1 tasks)
Oct-23 17:10:02.860 [main] DEBUG nextflow.util.ThreadPoolHelper - Waiting for remaining tasks to complete (1 tasks)
Oct-23 17:11:02.861 [main] DEBUG nextflow.util.ThreadPoolHelper - Waiting for remaining tasks to complete (1 tasks)
Oct-23 17:12:02.863 [main] DEBUG nextflow.util.ThreadPoolHelper - Waiting for remaining tasks to complete (1 tasks)
Oct-23 17:13:02.864 [main] DEBUG nextflow.util.ThreadPoolHelper - Waiting for remaining tasks to complete (1 tasks)
Oct-23 17:14:02.866 [main] DEBUG nextflow.util.ThreadPoolHelper - Waiting for remaining tasks to complete (1 tasks)
Oct-23 17:15:02.867 [main] DEBUG nextflow.util.ThreadPoolHelper - Waiting for remaining tasks to complete (1 tasks)
Oct-23 17:16:02.869 [main] INFO  nextflow.util.ThreadPoolHelper - Waiting for remaining tasks to complete (1 tasks)
Oct-23 17:17:02.871 [main] DEBUG nextflow.util.ThreadPoolHelper - Waiting for remaining tasks to complete (1 tasks)
Oct-23 17:18:02.872 [main] DEBUG nextflow.util.ThreadPoolHelper - Waiting for remaining tasks to complete (1 tasks)
Oct-23 17:19:02.874 [main] DEBUG nextflow.util.ThreadPoolHelper - Waiting for remaining tasks to complete (1 tasks)
Oct-23 17:20:02.875 [main] DEBUG nextflow.util.ThreadPoolHelper - Waiting for remaining tasks to complete (1 tasks)
Oct-23 17:21:02.877 [main] DEBUG nextflow.util.ThreadPoolHelper - Waiting for remaining tasks to complete (1 tasks)
Oct-23 17:22:02.879 [main] DEBUG nextflow.util.ThreadPoolHelper - Waiting for remaining tasks to complete (1 tasks)
Oct-23 17:23:02.880 [main] DEBUG nextflow.util.ThreadPoolHelper - Waiting for remaining tasks to complete (1 tasks)
Oct-23 17:24:02.882 [main] DEBUG nextflow.util.ThreadPoolHelper - Waiting for remaining tasks to complete (1 tasks)
Oct-23 17:25:02.883 [main] DEBUG nextflow.util.ThreadPoolHelper - Waiting for remaining tasks to complete (1 tasks)
Oct-23 17:26:02.885 [main] INFO  nextflow.util.ThreadPoolHelper - Waiting for remaining tasks to complete (1 tasks)
Oct-23 17:27:02.887 [main] DEBUG nextflow.util.ThreadPoolHelper - Waiting for remaining tasks to complete (1 tasks)
Oct-23 17:28:02.888 [main] DEBUG nextflow.util.ThreadPoolHelper - Waiting for remaining tasks to complete (1 tasks)
Oct-23 17:29:02.890 [main] DEBUG nextflow.util.ThreadPoolHelper - Waiting for remaining tasks to complete (1 tasks)
Oct-23 17:30:02.891 [main] DEBUG nextflow.util.ThreadPoolHelper - Waiting for remaining tasks to complete (1 tasks)
Oct-23 17:31:02.893 [main] DEBUG nextflow.util.ThreadPoolHelper - Waiting for remaining tasks to complete (1 tasks)
Oct-23 17:32:02.895 [main] DEBUG nextflow.util.ThreadPoolHelper - Waiting for remaining tasks to complete (1 tasks)
Oct-23 17:33:02.897 [main] DEBUG nextflow.util.ThreadPoolHelper - Waiting for remaining tasks to complete (1 tasks)
Oct-23 17:34:02.898 [main] DEBUG nextflow.util.ThreadPoolHelper - Waiting for remaining tasks to complete (1 tasks)
Oct-23 17:35:02.900 [main] DEBUG nextflow.util.ThreadPoolHelper - Waiting for remaining tasks to complete (1 tasks)
Oct-23 17:36:02.902 [main] INFO  nextflow.util.ThreadPoolHelper - Waiting for remaining tasks to complete (1 tasks)
Oct-23 17:37:02.904 [main] DEBUG nextflow.util.ThreadPoolHelper - Waiting for remaining tasks to complete (1 tasks)
Oct-23 17:38:02.905 [main] DEBUG nextflow.util.ThreadPoolHelper - Waiting for remaining tasks to complete (1 tasks)
Oct-23 17:39:02.907 [main] DEBUG nextflow.util.ThreadPoolHelper - Waiting for remaining tasks to complete (1 tasks)
Oct-23 17:40:02.908 [main] DEBUG nextflow.util.ThreadPoolHelper - Waiting for remaining tasks to complete (1 tasks)
Oct-23 17:41:02.909 [main] DEBUG nextflow.util.ThreadPoolHelper - Waiting for remaining tasks to complete (1 tasks)
Oct-23 17:42:02.911 [main] DEBUG nextflow.util.ThreadPoolHelper - Waiting for remaining tasks to complete (1 tasks)
Oct-23 17:43:02.913 [main] DEBUG nextflow.util.ThreadPoolHelper - Waiting for remaining tasks to complete (1 tasks)
Oct-23 17:44:02.914 [main] DEBUG nextflow.util.ThreadPoolHelper - Waiting for remaining tasks to complete (1 tasks)
Oct-23 17:45:02.916 [main] DEBUG nextflow.util.ThreadPoolHelper - Waiting for remaining tasks to complete (1 tasks)
Oct-23 17:46:02.918 [main] INFO  nextflow.util.ThreadPoolHelper - Waiting for remaining tasks to complete (1 tasks)
Oct-23 17:47:02.920 [main] DEBUG nextflow.util.ThreadPoolHelper - Waiting for remaining tasks to complete (1 tasks)
Oct-23 17:48:02.921 [main] DEBUG nextflow.util.ThreadPoolHelper - Waiting for remaining tasks to complete (1 tasks)
Oct-23 17:49:02.923 [main] DEBUG nextflow.util.ThreadPoolHelper - Waiting for remaining tasks to complete (1 tasks)
Oct-23 17:50:02.924 [main] DEBUG nextflow.util.ThreadPoolHelper - Waiting for remaining tasks to complete (1 tasks)
Oct-23 17:51:02.926 [main] DEBUG nextflow.util.ThreadPoolHelper - Waiting for remaining tasks to complete (1 tasks)
Oct-23 17:52:02.927 [main] DEBUG nextflow.util.ThreadPoolHelper - Waiting for remaining tasks to complete (1 tasks)
Oct-23 17:53:02.929 [main] DEBUG nextflow.util.ThreadPoolHelper - Waiting for remaining tasks to complete (1 tasks)
Oct-23 17:54:02.930 [main] DEBUG nextflow.util.ThreadPoolHelper - Waiting for remaining tasks to complete (1 tasks)
Oct-23 17:55:02.932 [main] DEBUG nextflow.util.ThreadPoolHelper - Waiting for remaining tasks to complete (1 tasks)
Oct-23 17:56:02.934 [main] INFO  nextflow.util.ThreadPoolHelper - Waiting for remaining tasks to complete (1 tasks)
Oct-23 17:57:02.936 [main] DEBUG nextflow.util.ThreadPoolHelper - Waiting for remaining tasks to complete (1 tasks)
Oct-23 17:58:02.937 [main] DEBUG nextflow.util.ThreadPoolHelper - Waiting for remaining tasks to complete (1 tasks)
Oct-23 17:59:02.939 [main] DEBUG nextflow.util.ThreadPoolHelper - Waiting for remaining tasks to complete (1 tasks)
Oct-23 18:00:02.940 [main] DEBUG nextflow.util.ThreadPoolHelper - Waiting for remaining tasks to complete (1 tasks)
Oct-23 18:01:02.942 [main] DEBUG nextflow.util.ThreadPoolHelper - Waiting for remaining tasks to complete (1 tasks)
Oct-23 18:02:02.943 [main] DEBUG nextflow.util.ThreadPoolHelper - Waiting for remaining tasks to complete (1 tasks)
Oct-23 18:03:02.945 [main] DEBUG nextflow.util.ThreadPoolHelper - Waiting for remaining tasks to complete (1 tasks)
Oct-23 18:04:02.947 [main] DEBUG nextflow.util.ThreadPoolHelper - Waiting for remaining tasks to complete (1 tasks)
Oct-23 18:05:02.948 [main] DEBUG nextflow.util.ThreadPoolHelper - Waiting for remaining tasks to complete (1 tasks)
Oct-23 18:06:02.950 [main] INFO  nextflow.util.ThreadPoolHelper - Waiting for remaining tasks to complete (1 tasks)
Oct-23 18:07:02.951 [main] DEBUG nextflow.util.ThreadPoolHelper - Waiting for remaining tasks to complete (1 tasks)
Oct-23 18:08:02.953 [main] DEBUG nextflow.util.ThreadPoolHelper - Waiting for remaining tasks to complete (1 tasks)
Oct-23 18:09:02.954 [main] DEBUG nextflow.util.ThreadPoolHelper - Waiting for remaining tasks to complete (1 tasks)
Oct-23 18:10:02.956 [main] DEBUG nextflow.util.ThreadPoolHelper - Waiting for remaining tasks to complete (1 tasks)
Oct-23 18:11:02.957 [main] DEBUG nextflow.util.ThreadPoolHelper - Waiting for remaining tasks to complete (1 tasks)
Oct-23 18:12:02.959 [main] DEBUG nextflow.util.ThreadPoolHelper - Waiting for remaining tasks to complete (1 tasks)
Oct-23 18:13:02.962 [main] DEBUG nextflow.util.ThreadPoolHelper - Waiting for remaining tasks to complete (1 tasks)
Oct-23 18:14:02.963 [main] DEBUG nextflow.util.ThreadPoolHelper - Waiting for remaining tasks to complete (1 tasks)
Oct-23 18:15:02.965 [main] DEBUG nextflow.util.ThreadPoolHelper - Waiting for remaining tasks to complete (1 tasks)
Oct-23 18:16:02.966 [main] INFO  nextflow.util.ThreadPoolHelper - Waiting for remaining tasks to complete (1 tasks)
Oct-23 18:17:02.968 [main] DEBUG nextflow.util.ThreadPoolHelper - Waiting for remaining tasks to complete (1 tasks)
Oct-23 18:18:02.969 [main] DEBUG nextflow.util.ThreadPoolHelper - Waiting for remaining tasks to complete (1 tasks)
Oct-23 18:19:02.971 [main] DEBUG nextflow.util.ThreadPoolHelper - Waiting for remaining tasks to complete (1 tasks)
Oct-23 18:20:02.972 [main] DEBUG nextflow.util.ThreadPoolHelper - Waiting for remaining tasks to complete (1 tasks)
Oct-23 18:21:02.974 [main] DEBUG nextflow.util.ThreadPoolHelper - Waiting for remaining tasks to complete (1 tasks)
Oct-23 18:22:02.975 [main] DEBUG nextflow.util.ThreadPoolHelper - Waiting for remaining tasks to complete (1 tasks)
Oct-23 18:23:02.977 [main] DEBUG nextflow.util.ThreadPoolHelper - Waiting for remaining tasks to complete (1 tasks)
Oct-23 18:24:02.978 [main] DEBUG nextflow.util.ThreadPoolHelper - Waiting for remaining tasks to complete (1 tasks)
Oct-23 18:25:02.980 [main] DEBUG nextflow.util.ThreadPoolHelper - Waiting for remaining tasks to complete (1 tasks)
Oct-23 18:26:02.982 [main] INFO  nextflow.util.ThreadPoolHelper - Waiting for remaining tasks to complete (1 tasks)
Oct-23 18:27:02.983 [main] DEBUG nextflow.util.ThreadPoolHelper - Waiting for remaining tasks to complete (1 tasks)
Oct-23 18:28:02.985 [main] DEBUG nextflow.util.ThreadPoolHelper - Waiting for remaining tasks to complete (1 tasks)
Oct-23 18:29:02.987 [main] DEBUG nextflow.util.ThreadPoolHelper - Waiting for remaining tasks to complete (1 tasks)
Oct-23 18:30:02.988 [main] DEBUG nextflow.util.ThreadPoolHelper - Waiting for remaining tasks to complete (1 tasks)
Oct-23 18:31:02.990 [main] DEBUG nextflow.util.ThreadPoolHelper - Waiting for remaining tasks to complete (1 tasks)
Oct-23 18:32:02.991 [main] DEBUG nextflow.util.ThreadPoolHelper - Waiting for remaining tasks to complete (1 tasks)
Oct-23 18:33:02.993 [main] DEBUG nextflow.util.ThreadPoolHelper - Waiting for remaining tasks to complete (1 tasks)
Oct-23 18:34:02.995 [main] DEBUG nextflow.util.ThreadPoolHelper - Waiting for remaining tasks to complete (1 tasks)
Oct-23 18:35:02.996 [main] DEBUG nextflow.util.ThreadPoolHelper - Waiting for remaining tasks to complete (1 tasks)
Oct-23 18:36:02.999 [main] INFO  nextflow.util.ThreadPoolHelper - Waiting for remaining tasks to complete (1 tasks)
Oct-23 18:37:03.000 [main] DEBUG nextflow.util.ThreadPoolHelper - Waiting for remaining tasks to complete (1 tasks)
Oct-23 18:38:03.003 [main] DEBUG nextflow.util.ThreadPoolHelper - Waiting for remaining tasks to complete (1 tasks)
Oct-23 18:39:03.005 [main] DEBUG nextflow.util.ThreadPoolHelper - Waiting for remaining tasks to complete (1 tasks)
Oct-23 18:40:03.006 [main] DEBUG nextflow.util.ThreadPoolHelper - Waiting for remaining tasks to complete (1 tasks)
Oct-23 18:41:03.008 [main] DEBUG nextflow.util.ThreadPoolHelper - Waiting for remaining tasks to complete (1 tasks)
Oct-23 18:42:03.009 [main] DEBUG nextflow.util.ThreadPoolHelper - Waiting for remaining tasks to complete (1 tasks)
Oct-23 18:43:03.011 [main] DEBUG nextflow.util.ThreadPoolHelper - Waiting for remaining tasks to complete (1 tasks)
Oct-23 18:44:03.012 [main] DEBUG nextflow.util.ThreadPoolHelper - Waiting for remaining tasks to complete (1 tasks)
Oct-23 18:45:03.014 [main] DEBUG nextflow.util.ThreadPoolHelper - Waiting for remaining tasks to complete (1 tasks)
Oct-23 18:46:03.016 [main] INFO  nextflow.util.ThreadPoolHelper - Waiting for remaining tasks to complete (1 tasks)
Oct-23 18:47:03.018 [main] DEBUG nextflow.util.ThreadPoolHelper - Waiting for remaining tasks to complete (1 tasks)
Oct-23 18:48:03.019 [main] DEBUG nextflow.util.ThreadPoolHelper - Waiting for remaining tasks to complete (1 tasks)
Oct-23 18:49:03.021 [main] DEBUG nextflow.util.ThreadPoolHelper - Waiting for remaining tasks to complete (1 tasks)
Oct-23 18:50:03.022 [main] DEBUG nextflow.util.ThreadPoolHelper - Waiting for remaining tasks to complete (1 tasks)
Oct-23 18:51:03.024 [main] DEBUG nextflow.util.ThreadPoolHelper - Waiting for remaining tasks to complete (1 tasks)
Oct-23 18:52:03.025 [main] DEBUG nextflow.util.ThreadPoolHelper - Waiting for remaining tasks to complete (1 tasks)
Oct-23 18:53:03.027 [main] DEBUG nextflow.util.ThreadPoolHelper - Waiting for remaining tasks to complete (1 tasks)
Oct-23 18:54:03.028 [main] DEBUG nextflow.util.ThreadPoolHelper - Waiting for remaining tasks to complete (1 tasks)
Oct-23 18:55:03.030 [main] DEBUG nextflow.util.ThreadPoolHelper - Waiting for remaining tasks to complete (1 tasks)
Oct-23 18:56:03.032 [main] INFO  nextflow.util.ThreadPoolHelper - Waiting for remaining tasks to complete (1 tasks)
Oct-23 18:57:03.033 [main] DEBUG nextflow.util.ThreadPoolHelper - Waiting for remaining tasks to complete (1 tasks)
Oct-23 18:58:03.035 [main] DEBUG nextflow.util.ThreadPoolHelper - Waiting for remaining tasks to complete (1 tasks)
Oct-23 18:59:03.037 [main] DEBUG nextflow.util.ThreadPoolHelper - Waiting for remaining tasks to complete (1 tasks)
Oct-23 19:00:03.038 [main] DEBUG nextflow.util.ThreadPoolHelper - Waiting for remaining tasks to complete (1 tasks)
Oct-23 19:01:03.040 [main] DEBUG nextflow.util.ThreadPoolHelper - Waiting for remaining tasks to complete (1 tasks)
Oct-23 19:02:03.041 [main] DEBUG nextflow.util.ThreadPoolHelper - Waiting for remaining tasks to complete (1 tasks)
Oct-23 19:03:03.043 [main] DEBUG nextflow.util.ThreadPoolHelper - Waiting for remaining tasks to complete (1 tasks)
Oct-23 19:04:03.044 [main] DEBUG nextflow.util.ThreadPoolHelper - Waiting for remaining tasks to complete (1 tasks)
Oct-23 19:05:03.046 [main] DEBUG nextflow.util.ThreadPoolHelper - Waiting for remaining tasks to complete (1 tasks)
Oct-23 19:06:03.047 [main] INFO  nextflow.util.ThreadPoolHelper - Waiting for remaining tasks to complete (1 tasks)
Oct-23 19:07:03.049 [main] DEBUG nextflow.util.ThreadPoolHelper - Waiting for remaining tasks to complete (1 tasks)
Oct-23 19:08:03.051 [main] DEBUG nextflow.util.ThreadPoolHelper - Waiting for remaining tasks to complete (1 tasks)
Oct-23 19:09:03.052 [main] DEBUG nextflow.util.ThreadPoolHelper - Waiting for remaining tasks to complete (1 tasks)
Oct-23 19:10:03.054 [main] DEBUG nextflow.util.ThreadPoolHelper - Waiting for remaining tasks to complete (1 tasks)
Oct-23 19:11:03.055 [main] DEBUG nextflow.util.ThreadPoolHelper - Waiting for remaining tasks to complete (1 tasks)
Oct-23 19:12:03.057 [main] DEBUG nextflow.util.ThreadPoolHelper - Waiting for remaining tasks to complete (1 tasks)
Oct-23 19:13:03.058 [main] DEBUG nextflow.util.ThreadPoolHelper - Waiting for remaining tasks to complete (1 tasks)
Oct-23 19:14:03.060 [main] DEBUG nextflow.util.ThreadPoolHelper - Waiting for remaining tasks to complete (1 tasks)
Oct-23 19:15:03.061 [main] DEBUG nextflow.util.ThreadPoolHelper - Waiting for remaining tasks to complete (1 tasks)
Oct-23 19:16:03.063 [main] INFO  nextflow.util.ThreadPoolHelper - Waiting for remaining tasks to complete (1 tasks)
Oct-23 19:17:03.064 [main] DEBUG nextflow.util.ThreadPoolHelper - Waiting for remaining tasks to complete (1 tasks)
Oct-23 19:18:03.066 [main] DEBUG nextflow.util.ThreadPoolHelper - Waiting for remaining tasks to complete (1 tasks)
Oct-23 19:19:03.067 [main] DEBUG nextflow.util.ThreadPoolHelper - Waiting for remaining tasks to complete (1 tasks)
Oct-23 19:20:03.069 [main] DEBUG nextflow.util.ThreadPoolHelper - Waiting for remaining tasks to complete (1 tasks)
Oct-23 19:21:03.070 [main] DEBUG nextflow.util.ThreadPoolHelper - Waiting for remaining tasks to complete (1 tasks)
Oct-23 19:22:03.072 [main] DEBUG nextflow.util.ThreadPoolHelper - Waiting for remaining tasks to complete (1 tasks)
Oct-23 19:23:03.073 [main] DEBUG nextflow.util.ThreadPoolHelper - Waiting for remaining tasks to complete (1 tasks)
Oct-23 19:24:03.075 [main] DEBUG nextflow.util.ThreadPoolHelper - Waiting for remaining tasks to complete (1 tasks)
Oct-23 19:25:03.077 [main] DEBUG nextflow.util.ThreadPoolHelper - Waiting for remaining tasks to complete (1 tasks)
Oct-23 19:26:03.078 [main] INFO  nextflow.util.ThreadPoolHelper - Waiting for remaining tasks to complete (1 tasks)
Oct-23 19:27:03.080 [main] DEBUG nextflow.util.ThreadPoolHelper - Waiting for remaining tasks to complete (1 tasks)
Oct-23 19:28:03.081 [main] DEBUG nextflow.util.ThreadPoolHelper - Waiting for remaining tasks to complete (1 tasks)
Oct-23 19:29:03.083 [main] DEBUG nextflow.util.ThreadPoolHelper - Waiting for remaining tasks to complete (1 tasks)
Oct-23 19:30:03.084 [main] DEBUG nextflow.util.ThreadPoolHelper - Waiting for remaining tasks to complete (1 tasks)
Oct-23 19:31:03.086 [main] DEBUG nextflow.util.ThreadPoolHelper - Waiting for remaining tasks to complete (1 tasks)
Oct-23 19:32:03.087 [main] DEBUG nextflow.util.ThreadPoolHelper - Waiting for remaining tasks to complete (1 tasks)
Oct-23 19:33:03.089 [main] DEBUG nextflow.util.ThreadPoolHelper - Waiting for remaining tasks to complete (1 tasks)
Oct-23 19:34:03.090 [main] DEBUG nextflow.util.ThreadPoolHelper - Waiting for remaining tasks to complete (1 tasks)
Oct-23 19:35:03.092 [main] DEBUG nextflow.util.ThreadPoolHelper - Waiting for remaining tasks to complete (1 tasks)
Oct-23 19:36:03.094 [main] INFO  nextflow.util.ThreadPoolHelper - Waiting for remaining tasks to complete (1 tasks)
Oct-23 19:37:03.095 [main] DEBUG nextflow.util.ThreadPoolHelper - Waiting for remaining tasks to complete (1 tasks)
Oct-23 19:38:03.097 [main] DEBUG nextflow.util.ThreadPoolHelper - Waiting for remaining tasks to complete (1 tasks)
Oct-23 19:39:03.098 [main] DEBUG nextflow.util.ThreadPoolHelper - Waiting for remaining tasks to complete (1 tasks)
Oct-23 19:40:03.100 [main] DEBUG nextflow.util.ThreadPoolHelper - Waiting for remaining tasks to complete (1 tasks)
Oct-23 19:41:03.101 [main] DEBUG nextflow.util.ThreadPoolHelper - Waiting for remaining tasks to complete (1 tasks)
Oct-23 19:42:03.103 [main] DEBUG nextflow.util.ThreadPoolHelper - Waiting for remaining tasks to complete (1 tasks)
Oct-23 19:43:03.104 [main] DEBUG nextflow.util.ThreadPoolHelper - Waiting for remaining tasks to complete (1 tasks)
Oct-23 19:44:03.106 [main] DEBUG nextflow.util.ThreadPoolHelper - Waiting for remaining tasks to complete (1 tasks)
Oct-23 19:45:03.107 [main] DEBUG nextflow.util.ThreadPoolHelper - Waiting for remaining tasks to complete (1 tasks)
Oct-23 19:46:03.109 [main] INFO  nextflow.util.ThreadPoolHelper - Waiting for remaining tasks to complete (1 tasks)
Oct-23 19:47:03.110 [main] DEBUG nextflow.util.ThreadPoolHelper - Waiting for remaining tasks to complete (1 tasks)
Oct-23 19:48:03.112 [main] DEBUG nextflow.util.ThreadPoolHelper - Waiting for remaining tasks to complete (1 tasks)
Oct-23 19:49:03.114 [main] DEBUG nextflow.util.ThreadPoolHelper - Waiting for remaining tasks to complete (1 tasks)
Oct-23 19:50:03.115 [main] DEBUG nextflow.util.ThreadPoolHelper - Waiting for remaining tasks to complete (1 tasks)
Oct-23 19:51:03.117 [main] DEBUG nextflow.util.ThreadPoolHelper - Waiting for remaining tasks to complete (1 tasks)
Oct-23 19:52:03.118 [main] DEBUG nextflow.util.ThreadPoolHelper - Waiting for remaining tasks to complete (1 tasks)
Oct-23 19:53:03.120 [main] DEBUG nextflow.util.ThreadPoolHelper - Waiting for remaining tasks to complete (1 tasks)
Oct-23 19:54:03.122 [main] DEBUG nextflow.util.ThreadPoolHelper - Waiting for remaining tasks to complete (1 tasks)
Oct-23 19:55:03.124 [main] DEBUG nextflow.util.ThreadPoolHelper - Waiting for remaining tasks to complete (1 tasks)
Oct-23 19:56:03.126 [main] INFO  nextflow.util.ThreadPoolHelper - Waiting for remaining tasks to complete (1 tasks)
Oct-23 19:57:03.128 [main] DEBUG nextflow.util.ThreadPoolHelper - Waiting for remaining tasks to complete (1 tasks)
Oct-23 19:58:03.129 [main] DEBUG nextflow.util.ThreadPoolHelper - Waiting for remaining tasks to complete (1 tasks)
Oct-23 19:59:03.131 [main] DEBUG nextflow.util.ThreadPoolHelper - Waiting for remaining tasks to complete (1 tasks)
Oct-23 20:00:03.132 [main] DEBUG nextflow.util.ThreadPoolHelper - Waiting for remaining tasks to complete (1 tasks)
Oct-23 20:01:03.134 [main] DEBUG nextflow.util.ThreadPoolHelper - Waiting for remaining tasks to complete (1 tasks)
Oct-23 20:02:03.135 [main] DEBUG nextflow.util.ThreadPoolHelper - Waiting for remaining tasks to complete (1 tasks)
Oct-23 20:03:03.137 [main] DEBUG nextflow.util.ThreadPoolHelper - Waiting for remaining tasks to complete (1 tasks)
Oct-23 20:04:03.138 [main] DEBUG nextflow.util.ThreadPoolHelper - Waiting for remaining tasks to complete (1 tasks)
Oct-23 20:05:03.140 [main] DEBUG nextflow.util.ThreadPoolHelper - Waiting for remaining tasks to complete (1 tasks)
Oct-23 20:06:03.142 [main] INFO  nextflow.util.ThreadPoolHelper - Waiting for remaining tasks to complete (1 tasks)
Oct-23 20:07:03.143 [main] DEBUG nextflow.util.ThreadPoolHelper - Waiting for remaining tasks to complete (1 tasks)
Oct-23 20:08:03.145 [main] DEBUG nextflow.util.ThreadPoolHelper - Waiting for remaining tasks to complete (1 tasks)
Oct-23 20:09:03.146 [main] DEBUG nextflow.util.ThreadPoolHelper - Waiting for remaining tasks to complete (1 tasks)
Oct-23 20:10:03.148 [main] DEBUG nextflow.util.ThreadPoolHelper - Waiting for remaining tasks to complete (1 tasks)
Oct-23 20:11:03.149 [main] DEBUG nextflow.util.ThreadPoolHelper - Waiting for remaining tasks to complete (1 tasks)
Oct-23 20:12:03.151 [main] DEBUG nextflow.util.ThreadPoolHelper - Waiting for remaining tasks to complete (1 tasks)
Oct-23 20:13:03.153 [main] DEBUG nextflow.util.ThreadPoolHelper - Waiting for remaining tasks to complete (1 tasks)
Oct-23 20:14:03.154 [main] DEBUG nextflow.util.ThreadPoolHelper - Waiting for remaining tasks to complete (1 tasks)
Oct-23 20:15:03.156 [main] DEBUG nextflow.util.ThreadPoolHelper - Waiting for remaining tasks to complete (1 tasks)
Oct-23 20:16:03.157 [main] INFO  nextflow.util.ThreadPoolHelper - Waiting for remaining tasks to complete (1 tasks)
Oct-23 20:17:03.159 [main] DEBUG nextflow.util.ThreadPoolHelper - Waiting for remaining tasks to complete (1 tasks)
Oct-23 20:18:03.161 [main] DEBUG nextflow.util.ThreadPoolHelper - Waiting for remaining tasks to complete (1 tasks)
Oct-23 20:19:03.162 [main] DEBUG nextflow.util.ThreadPoolHelper - Waiting for remaining tasks to complete (1 tasks)
Oct-23 20:20:03.164 [main] DEBUG nextflow.util.ThreadPoolHelper - Waiting for remaining tasks to complete (1 tasks)
Oct-23 20:21:03.166 [main] DEBUG nextflow.util.ThreadPoolHelper - Waiting for remaining tasks to complete (1 tasks)
Oct-23 20:22:03.167 [main] DEBUG nextflow.util.ThreadPoolHelper - Waiting for remaining tasks to complete (1 tasks)
Oct-23 20:23:03.169 [main] DEBUG nextflow.util.ThreadPoolHelper - Waiting for remaining tasks to complete (1 tasks)
Oct-23 20:24:03.171 [main] DEBUG nextflow.util.ThreadPoolHelper - Waiting for remaining tasks to complete (1 tasks)
Oct-23 20:25:03.172 [main] DEBUG nextflow.util.ThreadPoolHelper - Waiting for remaining tasks to complete (1 tasks)
Oct-23 20:26:03.174 [main] INFO  nextflow.util.ThreadPoolHelper - Waiting for remaining tasks to complete (1 tasks)
Oct-23 20:27:03.176 [main] DEBUG nextflow.util.ThreadPoolHelper - Waiting for remaining tasks to complete (1 tasks)
Oct-23 20:28:03.177 [main] DEBUG nextflow.util.ThreadPoolHelper - Waiting for remaining tasks to complete (1 tasks)
Oct-23 20:29:03.179 [main] DEBUG nextflow.util.ThreadPoolHelper - Waiting for remaining tasks to complete (1 tasks)
Oct-23 20:30:03.180 [main] DEBUG nextflow.util.ThreadPoolHelper - Waiting for remaining tasks to complete (1 tasks)
Oct-23 20:31:03.182 [main] DEBUG nextflow.util.ThreadPoolHelper - Waiting for remaining tasks to complete (1 tasks)
Oct-23 20:32:03.183 [main] DEBUG nextflow.util.ThreadPoolHelper - Waiting for remaining tasks to complete (1 tasks)
Oct-23 20:33:03.185 [main] DEBUG nextflow.util.ThreadPoolHelper - Waiting for remaining tasks to complete (1 tasks)
Oct-23 20:34:03.186 [main] DEBUG nextflow.util.ThreadPoolHelper - Waiting for remaining tasks to complete (1 tasks)
Oct-23 20:35:03.187 [main] DEBUG nextflow.util.ThreadPoolHelper - Waiting for remaining tasks to complete (1 tasks)
Oct-23 20:36:03.189 [main] INFO  nextflow.util.ThreadPoolHelper - Waiting for remaining tasks to complete (1 tasks)
Oct-23 20:37:03.191 [main] DEBUG nextflow.util.ThreadPoolHelper - Waiting for remaining tasks to complete (1 tasks)
Oct-23 20:38:03.192 [main] DEBUG nextflow.util.ThreadPoolHelper - Waiting for remaining tasks to complete (1 tasks)
Oct-23 20:39:03.194 [main] DEBUG nextflow.util.ThreadPoolHelper - Waiting for remaining tasks to complete (1 tasks)
Oct-23 20:40:03.196 [main] DEBUG nextflow.util.ThreadPoolHelper - Waiting for remaining tasks to complete (1 tasks)
Oct-23 20:41:03.197 [main] DEBUG nextflow.util.ThreadPoolHelper - Waiting for remaining tasks to complete (1 tasks)
Oct-23 20:42:03.199 [main] DEBUG nextflow.util.ThreadPoolHelper - Waiting for remaining tasks to complete (1 tasks)
Oct-23 20:43:03.200 [main] DEBUG nextflow.util.ThreadPoolHelper - Waiting for remaining tasks to complete (1 tasks)
Oct-23 20:44:03.202 [main] DEBUG nextflow.util.ThreadPoolHelper - Waiting for remaining tasks to complete (1 tasks)
Oct-23 20:45:03.203 [main] DEBUG nextflow.util.ThreadPoolHelper - Waiting for remaining tasks to complete (1 tasks)
Oct-23 20:46:03.205 [main] INFO  nextflow.util.ThreadPoolHelper - Waiting for remaining tasks to complete (1 tasks)
Oct-23 20:47:03.207 [main] DEBUG nextflow.util.ThreadPoolHelper - Waiting for remaining tasks to complete (1 tasks)
Oct-23 20:48:03.208 [main] DEBUG nextflow.util.ThreadPoolHelper - Waiting for remaining tasks to complete (1 tasks)
Oct-23 20:49:03.210 [main] DEBUG nextflow.util.ThreadPoolHelper - Waiting for remaining tasks to complete (1 tasks)
Oct-23 20:50:03.211 [main] DEBUG nextflow.util.ThreadPoolHelper - Waiting for remaining tasks to complete (1 tasks)
Oct-23 20:51:03.212 [main] DEBUG nextflow.util.ThreadPoolHelper - Waiting for remaining tasks to complete (1 tasks)
Oct-23 20:52:03.214 [main] DEBUG nextflow.util.ThreadPoolHelper - Waiting for remaining tasks to complete (1 tasks)
Oct-23 20:53:03.215 [main] DEBUG nextflow.util.ThreadPoolHelper - Waiting for remaining tasks to complete (1 tasks)
Oct-23 20:54:03.217 [main] DEBUG nextflow.util.ThreadPoolHelper - Waiting for remaining tasks to complete (1 tasks)
Oct-23 20:55:03.218 [main] DEBUG nextflow.util.ThreadPoolHelper - Waiting for remaining tasks to complete (1 tasks)
Oct-23 20:56:03.220 [main] INFO  nextflow.util.ThreadPoolHelper - Waiting for remaining tasks to complete (1 tasks)
Oct-23 20:57:03.221 [main] DEBUG nextflow.util.ThreadPoolHelper - Waiting for remaining tasks to complete (1 tasks)
Oct-23 20:58:03.223 [main] DEBUG nextflow.util.ThreadPoolHelper - Waiting for remaining tasks to complete (1 tasks)
Oct-23 20:59:03.224 [main] DEBUG nextflow.util.ThreadPoolHelper - Waiting for remaining tasks to complete (1 tasks)
Oct-23 21:00:03.226 [main] DEBUG nextflow.util.ThreadPoolHelper - Waiting for remaining tasks to complete (1 tasks)
Oct-23 21:01:03.227 [main] DEBUG nextflow.util.ThreadPoolHelper - Waiting for remaining tasks to complete (1 tasks)
Oct-23 21:02:03.229 [main] DEBUG nextflow.util.ThreadPoolHelper - Waiting for remaining tasks to complete (1 tasks)
Oct-23 21:03:03.230 [main] DEBUG nextflow.util.ThreadPoolHelper - Waiting for remaining tasks to complete (1 tasks)
Oct-23 21:04:03.232 [main] DEBUG nextflow.util.ThreadPoolHelper - Waiting for remaining tasks to complete (1 tasks)
Oct-23 21:05:03.233 [main] DEBUG nextflow.util.ThreadPoolHelper - Waiting for remaining tasks to complete (1 tasks)
Oct-23 21:06:03.235 [main] INFO  nextflow.util.ThreadPoolHelper - Waiting for remaining tasks to complete (1 tasks)
Oct-23 21:07:03.237 [main] DEBUG nextflow.util.ThreadPoolHelper - Waiting for remaining tasks to complete (1 tasks)
Oct-23 21:08:03.238 [main] DEBUG nextflow.util.ThreadPoolHelper - Waiting for remaining tasks to complete (1 tasks)
Oct-23 21:09:03.240 [main] DEBUG nextflow.util.ThreadPoolHelper - Waiting for remaining tasks to complete (1 tasks)
Oct-23 21:10:03.241 [main] DEBUG nextflow.util.ThreadPoolHelper - Waiting for remaining tasks to complete (1 tasks)
Oct-23 21:11:03.243 [main] DEBUG nextflow.util.ThreadPoolHelper - Waiting for remaining tasks to complete (1 tasks)
Oct-23 21:12:03.245 [main] DEBUG nextflow.util.ThreadPoolHelper - Waiting for remaining tasks to complete (1 tasks)
Oct-23 21:13:03.246 [main] DEBUG nextflow.util.ThreadPoolHelper - Waiting for remaining tasks to complete (1 tasks)
Oct-23 21:14:03.248 [main] DEBUG nextflow.util.ThreadPoolHelper - Waiting for remaining tasks to complete (1 tasks)
Oct-23 21:15:03.249 [main] DEBUG nextflow.util.ThreadPoolHelper - Waiting for remaining tasks to complete (1 tasks)
Oct-23 21:16:03.251 [main] INFO  nextflow.util.ThreadPoolHelper - Waiting for remaining tasks to complete (1 tasks)
Oct-23 21:17:03.253 [main] DEBUG nextflow.util.ThreadPoolHelper - Waiting for remaining tasks to complete (1 tasks)
Oct-23 21:18:03.254 [main] DEBUG nextflow.util.ThreadPoolHelper - Waiting for remaining tasks to complete (1 tasks)
Oct-23 21:19:03.255 [main] DEBUG nextflow.util.ThreadPoolHelper - Waiting for remaining tasks to complete (1 tasks)
Oct-23 21:20:03.257 [main] DEBUG nextflow.util.ThreadPoolHelper - Waiting for remaining tasks to complete (1 tasks)
Oct-23 21:21:03.258 [main] DEBUG nextflow.util.ThreadPoolHelper - Waiting for remaining tasks to complete (1 tasks)
Oct-23 21:22:03.260 [main] DEBUG nextflow.util.ThreadPoolHelper - Waiting for remaining tasks to complete (1 tasks)
Oct-23 21:23:03.261 [main] DEBUG nextflow.util.ThreadPoolHelper - Waiting for remaining tasks to complete (1 tasks)
Oct-23 21:24:03.263 [main] DEBUG nextflow.util.ThreadPoolHelper - Waiting for remaining tasks to complete (1 tasks)
Oct-23 21:25:03.265 [main] DEBUG nextflow.util.ThreadPoolHelper - Waiting for remaining tasks to complete (1 tasks)
Oct-23 21:26:03.267 [main] INFO  nextflow.util.ThreadPoolHelper - Waiting for remaining tasks to complete (1 tasks)
Oct-23 21:27:03.269 [main] DEBUG nextflow.util.ThreadPoolHelper - Waiting for remaining tasks to complete (1 tasks)
Oct-23 21:28:03.270 [main] DEBUG nextflow.util.ThreadPoolHelper - Waiting for remaining tasks to complete (1 tasks)
Oct-23 21:29:03.272 [main] DEBUG nextflow.util.ThreadPoolHelper - Waiting for remaining tasks to complete (1 tasks)
Oct-23 21:30:03.273 [main] DEBUG nextflow.util.ThreadPoolHelper - Waiting for remaining tasks to complete (1 tasks)
Oct-23 21:31:03.275 [main] DEBUG nextflow.util.ThreadPoolHelper - Waiting for remaining tasks to complete (1 tasks)
Oct-23 21:32:03.276 [main] DEBUG nextflow.util.ThreadPoolHelper - Waiting for remaining tasks to complete (1 tasks)
Oct-23 21:33:03.278 [main] DEBUG nextflow.util.ThreadPoolHelper - Waiting for remaining tasks to complete (1 tasks)
Oct-23 21:34:03.280 [main] DEBUG nextflow.util.ThreadPoolHelper - Waiting for remaining tasks to complete (1 tasks)
Oct-23 21:35:03.281 [main] DEBUG nextflow.util.ThreadPoolHelper - Waiting for remaining tasks to complete (1 tasks)
Oct-23 21:36:03.283 [main] INFO  nextflow.util.ThreadPoolHelper - Waiting for remaining tasks to complete (1 tasks)
Oct-23 21:37:03.285 [main] DEBUG nextflow.util.ThreadPoolHelper - Waiting for remaining tasks to complete (1 tasks)
Oct-23 21:38:03.286 [main] DEBUG nextflow.util.ThreadPoolHelper - Waiting for remaining tasks to complete (1 tasks)
Oct-23 21:39:03.288 [main] DEBUG nextflow.util.ThreadPoolHelper - Waiting for remaining tasks to complete (1 tasks)
Oct-23 21:40:03.289 [main] DEBUG nextflow.util.ThreadPoolHelper - Waiting for remaining tasks to complete (1 tasks)
Oct-23 21:41:03.291 [main] DEBUG nextflow.util.ThreadPoolHelper - Waiting for remaining tasks to complete (1 tasks)
Oct-23 21:42:03.292 [main] DEBUG nextflow.util.ThreadPoolHelper - Waiting for remaining tasks to complete (1 tasks)
Oct-23 21:43:03.294 [main] DEBUG nextflow.util.ThreadPoolHelper - Waiting for remaining tasks to complete (1 tasks)
Oct-23 21:44:03.295 [main] DEBUG nextflow.util.ThreadPoolHelper - Waiting for remaining tasks to complete (1 tasks)
Oct-23 21:45:03.297 [main] DEBUG nextflow.util.ThreadPoolHelper - Waiting for remaining tasks to complete (1 tasks)
Oct-23 21:46:03.298 [main] INFO  nextflow.util.ThreadPoolHelper - Waiting for remaining tasks to complete (1 tasks)
Oct-23 21:47:03.300 [main] DEBUG nextflow.util.ThreadPoolHelper - Waiting for remaining tasks to complete (1 tasks)
Oct-23 21:48:03.301 [main] DEBUG nextflow.util.ThreadPoolHelper - Waiting for remaining tasks to complete (1 tasks)
Oct-23 21:49:03.303 [main] DEBUG nextflow.util.ThreadPoolHelper - Waiting for remaining tasks to complete (1 tasks)
Oct-23 21:50:03.304 [main] DEBUG nextflow.util.ThreadPoolHelper - Waiting for remaining tasks to complete (1 tasks)
Oct-23 21:51:03.306 [main] DEBUG nextflow.util.ThreadPoolHelper - Waiting for remaining tasks to complete (1 tasks)
Oct-23 21:52:03.307 [main] DEBUG nextflow.util.ThreadPoolHelper - Waiting for remaining tasks to complete (1 tasks)
Oct-23 21:53:03.309 [main] DEBUG nextflow.util.ThreadPoolHelper - Waiting for remaining tasks to complete (1 tasks)
Oct-23 21:54:03.310 [main] DEBUG nextflow.util.ThreadPoolHelper - Waiting for remaining tasks to complete (1 tasks)
Oct-23 21:55:03.312 [main] DEBUG nextflow.util.ThreadPoolHelper - Waiting for remaining tasks to complete (1 tasks)
Oct-23 21:56:03.314 [main] INFO  nextflow.util.ThreadPoolHelper - Waiting for remaining tasks to complete (1 tasks)
Oct-23 21:57:03.315 [main] DEBUG nextflow.util.ThreadPoolHelper - Waiting for remaining tasks to complete (1 tasks)
Oct-23 21:58:03.317 [main] DEBUG nextflow.util.ThreadPoolHelper - Waiting for remaining tasks to complete (1 tasks)
Oct-23 21:59:03.318 [main] DEBUG nextflow.util.ThreadPoolHelper - Waiting for remaining tasks to complete (1 tasks)
Oct-23 22:00:03.320 [main] DEBUG nextflow.util.ThreadPoolHelper - Waiting for remaining tasks to complete (1 tasks)
Oct-23 22:01:03.321 [main] DEBUG nextflow.util.ThreadPoolHelper - Waiting for remaining tasks to complete (1 tasks)
Oct-23 22:02:03.323 [main] DEBUG nextflow.util.ThreadPoolHelper - Waiting for remaining tasks to complete (1 tasks)
Oct-23 22:03:03.324 [main] DEBUG nextflow.util.ThreadPoolHelper - Waiting for remaining tasks to complete (1 tasks)
Oct-23 22:04:03.326 [main] DEBUG nextflow.util.ThreadPoolHelper - Waiting for remaining tasks to complete (1 tasks)
Oct-23 22:05:03.327 [main] DEBUG nextflow.util.ThreadPoolHelper - Waiting for remaining tasks to complete (1 tasks)
Oct-23 22:06:03.329 [main] INFO  nextflow.util.ThreadPoolHelper - Waiting for remaining tasks to complete (1 tasks)
Oct-23 22:07:03.330 [main] DEBUG nextflow.util.ThreadPoolHelper - Waiting for remaining tasks to complete (1 tasks)
Oct-23 22:08:03.332 [main] DEBUG nextflow.util.ThreadPoolHelper - Waiting for remaining tasks to complete (1 tasks)
Oct-23 22:09:03.333 [main] DEBUG nextflow.util.ThreadPoolHelper - Waiting for remaining tasks to complete (1 tasks)
Oct-23 22:10:03.335 [main] DEBUG nextflow.util.ThreadPoolHelper - Waiting for remaining tasks to complete (1 tasks)
Oct-23 22:11:03.336 [main] DEBUG nextflow.util.ThreadPoolHelper - Waiting for remaining tasks to complete (1 tasks)
Oct-23 22:12:03.338 [main] DEBUG nextflow.util.ThreadPoolHelper - Waiting for remaining tasks to complete (1 tasks)
Oct-23 22:13:03.339 [main] DEBUG nextflow.util.ThreadPoolHelper - Waiting for remaining tasks to complete (1 tasks)
Oct-23 22:14:03.341 [main] DEBUG nextflow.util.ThreadPoolHelper - Waiting for remaining tasks to complete (1 tasks)
Oct-23 22:15:03.342 [main] DEBUG nextflow.util.ThreadPoolHelper - Waiting for remaining tasks to complete (1 tasks)
Oct-23 22:16:03.344 [main] INFO  nextflow.util.ThreadPoolHelper - Waiting for remaining tasks to complete (1 tasks)
Oct-23 22:17:03.346 [main] DEBUG nextflow.util.ThreadPoolHelper - Waiting for remaining tasks to complete (1 tasks)
Oct-23 22:18:03.347 [main] DEBUG nextflow.util.ThreadPoolHelper - Waiting for remaining tasks to complete (1 tasks)
Oct-23 22:19:03.349 [main] DEBUG nextflow.util.ThreadPoolHelper - Waiting for remaining tasks to complete (1 tasks)
Oct-23 22:20:03.350 [main] DEBUG nextflow.util.ThreadPoolHelper - Waiting for remaining tasks to complete (1 tasks)
Oct-23 22:21:03.352 [main] DEBUG nextflow.util.ThreadPoolHelper - Waiting for remaining tasks to complete (1 tasks)
Oct-23 22:22:03.353 [main] DEBUG nextflow.util.ThreadPoolHelper - Waiting for remaining tasks to complete (1 tasks)
Oct-23 22:23:03.355 [main] DEBUG nextflow.util.ThreadPoolHelper - Waiting for remaining tasks to complete (1 tasks)
Oct-23 22:24:03.356 [main] DEBUG nextflow.util.ThreadPoolHelper - Waiting for remaining tasks to complete (1 tasks)
Oct-23 22:25:03.358 [main] DEBUG nextflow.util.ThreadPoolHelper - Waiting for remaining tasks to complete (1 tasks)
Oct-23 22:26:03.360 [main] INFO  nextflow.util.ThreadPoolHelper - Waiting for remaining tasks to complete (1 tasks)
Oct-23 22:27:03.361 [main] DEBUG nextflow.util.ThreadPoolHelper - Waiting for remaining tasks to complete (1 tasks)
Oct-23 22:28:03.363 [main] DEBUG nextflow.util.ThreadPoolHelper - Waiting for remaining tasks to complete (1 tasks)
Oct-23 22:29:03.364 [main] DEBUG nextflow.util.ThreadPoolHelper - Waiting for remaining tasks to complete (1 tasks)
Oct-23 22:30:03.366 [main] DEBUG nextflow.util.ThreadPoolHelper - Waiting for remaining tasks to complete (1 tasks)
Oct-23 22:31:03.367 [main] DEBUG nextflow.util.ThreadPoolHelper - Waiting for remaining tasks to complete (1 tasks)
Oct-23 22:32:03.369 [main] DEBUG nextflow.util.ThreadPoolHelper - Waiting for remaining tasks to complete (1 tasks)
Oct-23 22:33:03.370 [main] DEBUG nextflow.util.ThreadPoolHelper - Waiting for remaining tasks to complete (1 tasks)
Oct-23 22:34:03.372 [main] DEBUG nextflow.util.ThreadPoolHelper - Waiting for remaining tasks to complete (1 tasks)
Oct-23 22:35:03.373 [main] DEBUG nextflow.util.ThreadPoolHelper - Waiting for remaining tasks to complete (1 tasks)
Oct-23 22:36:03.375 [main] INFO  nextflow.util.ThreadPoolHelper - Waiting for remaining tasks to complete (1 tasks)
Oct-23 22:37:03.377 [main] DEBUG nextflow.util.ThreadPoolHelper - Waiting for remaining tasks to complete (1 tasks)
Oct-23 22:38:03.378 [main] DEBUG nextflow.util.ThreadPoolHelper - Waiting for remaining tasks to complete (1 tasks)
Oct-23 22:39:03.380 [main] DEBUG nextflow.util.ThreadPoolHelper - Waiting for remaining tasks to complete (1 tasks)
Oct-23 22:40:03.381 [main] DEBUG nextflow.util.ThreadPoolHelper - Waiting for remaining tasks to complete (1 tasks)
Oct-23 22:41:03.383 [main] DEBUG nextflow.util.ThreadPoolHelper - Waiting for remaining tasks to complete (1 tasks)
Oct-23 22:42:03.384 [main] DEBUG nextflow.util.ThreadPoolHelper - Waiting for remaining tasks to complete (1 tasks)
Oct-23 22:43:03.386 [main] DEBUG nextflow.util.ThreadPoolHelper - Waiting for remaining tasks to complete (1 tasks)
Oct-23 22:44:03.387 [main] DEBUG nextflow.util.ThreadPoolHelper - Waiting for remaining tasks to complete (1 tasks)
Oct-23 22:45:03.389 [main] DEBUG nextflow.util.ThreadPoolHelper - Waiting for remaining tasks to complete (1 tasks)
Oct-23 22:46:03.390 [main] INFO  nextflow.util.ThreadPoolHelper - Waiting for remaining tasks to complete (1 tasks)
Oct-23 22:47:03.392 [main] DEBUG nextflow.util.ThreadPoolHelper - Waiting for remaining tasks to complete (1 tasks)
Oct-23 22:48:03.393 [main] DEBUG nextflow.util.ThreadPoolHelper - Waiting for remaining tasks to complete (1 tasks)
Oct-23 22:49:03.395 [main] DEBUG nextflow.util.ThreadPoolHelper - Waiting for remaining tasks to complete (1 tasks)
Oct-23 22:50:03.396 [main] DEBUG nextflow.util.ThreadPoolHelper - Waiting for remaining tasks to complete (1 tasks)
Oct-23 22:51:03.398 [main] DEBUG nextflow.util.ThreadPoolHelper - Waiting for remaining tasks to complete (1 tasks)
Oct-23 22:52:03.400 [main] DEBUG nextflow.util.ThreadPoolHelper - Waiting for remaining tasks to complete (1 tasks)
Oct-23 22:53:03.402 [main] DEBUG nextflow.util.ThreadPoolHelper - Waiting for remaining tasks to complete (1 tasks)
Oct-23 22:54:03.403 [main] DEBUG nextflow.util.ThreadPoolHelper - Waiting for remaining tasks to complete (1 tasks)
Oct-23 22:55:03.405 [main] DEBUG nextflow.util.ThreadPoolHelper - Waiting for remaining tasks to complete (1 tasks)
Oct-23 22:56:03.407 [main] INFO  nextflow.util.ThreadPoolHelper - Waiting for remaining tasks to complete (1 tasks)
Oct-23 22:57:03.408 [main] DEBUG nextflow.util.ThreadPoolHelper - Waiting for remaining tasks to complete (1 tasks)
Oct-23 22:58:03.410 [main] DEBUG nextflow.util.ThreadPoolHelper - Waiting for remaining tasks to complete (1 tasks)
Oct-23 22:59:03.411 [main] DEBUG nextflow.util.ThreadPoolHelper - Waiting for remaining tasks to complete (1 tasks)
Oct-23 23:00:03.413 [main] DEBUG nextflow.util.ThreadPoolHelper - Waiting for remaining tasks to complete (1 tasks)
Oct-23 23:01:03.414 [main] DEBUG nextflow.util.ThreadPoolHelper - Waiting for remaining tasks to complete (1 tasks)
Oct-23 23:02:03.416 [main] DEBUG nextflow.util.ThreadPoolHelper - Waiting for remaining tasks to complete (1 tasks)
Oct-23 23:03:03.417 [main] DEBUG nextflow.util.ThreadPoolHelper - Waiting for remaining tasks to complete (1 tasks)
Oct-23 23:04:03.419 [main] DEBUG nextflow.util.ThreadPoolHelper - Waiting for remaining tasks to complete (1 tasks)
Oct-23 23:05:03.420 [main] DEBUG nextflow.util.ThreadPoolHelper - Waiting for remaining tasks to complete (1 tasks)
Oct-23 23:06:03.422 [main] INFO  nextflow.util.ThreadPoolHelper - Waiting for remaining tasks to complete (1 tasks)
Oct-23 23:07:03.423 [main] DEBUG nextflow.util.ThreadPoolHelper - Waiting for remaining tasks to complete (1 tasks)
Oct-23 23:08:03.425 [main] DEBUG nextflow.util.ThreadPoolHelper - Waiting for remaining tasks to complete (1 tasks)
Oct-23 23:09:03.426 [main] DEBUG nextflow.util.ThreadPoolHelper - Waiting for remaining tasks to complete (1 tasks)
Oct-23 23:10:03.428 [main] DEBUG nextflow.util.ThreadPoolHelper - Waiting for remaining tasks to complete (1 tasks)
Oct-23 23:11:03.429 [main] DEBUG nextflow.util.ThreadPoolHelper - Waiting for remaining tasks to complete (1 tasks)
Oct-23 23:12:03.431 [main] DEBUG nextflow.util.ThreadPoolHelper - Waiting for remaining tasks to complete (1 tasks)
Oct-23 23:13:03.432 [main] DEBUG nextflow.util.ThreadPoolHelper - Waiting for remaining tasks to complete (1 tasks)
Oct-23 23:14:03.434 [main] DEBUG nextflow.util.ThreadPoolHelper - Waiting for remaining tasks to complete (1 tasks)
Oct-23 23:15:03.435 [main] DEBUG nextflow.util.ThreadPoolHelper - Waiting for remaining tasks to complete (1 tasks)
Oct-23 23:16:03.437 [main] INFO  nextflow.util.ThreadPoolHelper - Waiting for remaining tasks to complete (1 tasks)
Oct-23 23:17:03.438 [main] DEBUG nextflow.util.ThreadPoolHelper - Waiting for remaining tasks to complete (1 tasks)
Oct-23 23:18:03.440 [main] DEBUG nextflow.util.ThreadPoolHelper - Waiting for remaining tasks to complete (1 tasks)
Oct-23 23:19:03.441 [main] DEBUG nextflow.util.ThreadPoolHelper - Waiting for remaining tasks to complete (1 tasks)
Oct-23 23:20:03.443 [main] DEBUG nextflow.util.ThreadPoolHelper - Waiting for remaining tasks to complete (1 tasks)
Oct-23 23:21:03.444 [main] DEBUG nextflow.util.ThreadPoolHelper - Waiting for remaining tasks to complete (1 tasks)
Oct-23 23:22:03.446 [main] DEBUG nextflow.util.ThreadPoolHelper - Waiting for remaining tasks to complete (1 tasks)
Oct-23 23:23:03.447 [main] DEBUG nextflow.util.ThreadPoolHelper - Waiting for remaining tasks to complete (1 tasks)
Oct-23 23:24:03.449 [main] DEBUG nextflow.util.ThreadPoolHelper - Waiting for remaining tasks to complete (1 tasks)
Oct-23 23:25:03.450 [main] DEBUG nextflow.util.ThreadPoolHelper - Waiting for remaining tasks to complete (1 tasks)
Oct-23 23:26:03.452 [main] INFO  nextflow.util.ThreadPoolHelper - Waiting for remaining tasks to complete (1 tasks)
Oct-23 23:27:03.453 [main] DEBUG nextflow.util.ThreadPoolHelper - Waiting for remaining tasks to complete (1 tasks)
Oct-23 23:28:03.455 [main] DEBUG nextflow.util.ThreadPoolHelper - Waiting for remaining tasks to complete (1 tasks)
Oct-23 23:29:03.456 [main] DEBUG nextflow.util.ThreadPoolHelper - Waiting for remaining tasks to complete (1 tasks)
Oct-23 23:30:03.458 [main] DEBUG nextflow.util.ThreadPoolHelper - Waiting for remaining tasks to complete (1 tasks)
Oct-23 23:31:03.459 [main] DEBUG nextflow.util.ThreadPoolHelper - Waiting for remaining tasks to complete (1 tasks)
Oct-23 23:32:03.461 [main] DEBUG nextflow.util.ThreadPoolHelper - Waiting for remaining tasks to complete (1 tasks)
Oct-23 23:33:03.462 [main] DEBUG nextflow.util.ThreadPoolHelper - Waiting for remaining tasks to complete (1 tasks)
Oct-23 23:34:03.464 [main] DEBUG nextflow.util.ThreadPoolHelper - Waiting for remaining tasks to complete (1 tasks)
Oct-23 23:35:03.465 [main] DEBUG nextflow.util.ThreadPoolHelper - Waiting for remaining tasks to complete (1 tasks)
Oct-23 23:36:03.466 [main] INFO  nextflow.util.ThreadPoolHelper - Waiting for remaining tasks to complete (1 tasks)
Oct-23 23:37:03.468 [main] DEBUG nextflow.util.ThreadPoolHelper - Waiting for remaining tasks to complete (1 tasks)
Oct-23 23:38:03.470 [main] DEBUG nextflow.util.ThreadPoolHelper - Waiting for remaining tasks to complete (1 tasks)
Oct-23 23:39:03.471 [main] DEBUG nextflow.util.ThreadPoolHelper - Waiting for remaining tasks to complete (1 tasks)
Oct-23 23:40:03.472 [main] DEBUG nextflow.util.ThreadPoolHelper - Waiting for remaining tasks to complete (1 tasks)
Oct-23 23:41:03.474 [main] DEBUG nextflow.util.ThreadPoolHelper - Waiting for remaining tasks to complete (1 tasks)
Oct-23 23:42:03.475 [main] DEBUG nextflow.util.ThreadPoolHelper - Waiting for remaining tasks to complete (1 tasks)
Oct-23 23:43:03.476 [main] DEBUG nextflow.util.ThreadPoolHelper - Waiting for remaining tasks to complete (1 tasks)
Oct-23 23:44:03.478 [main] DEBUG nextflow.util.ThreadPoolHelper - Waiting for remaining tasks to complete (1 tasks)
Oct-23 23:45:03.479 [main] DEBUG nextflow.util.ThreadPoolHelper - Waiting for remaining tasks to complete (1 tasks)
Oct-23 23:46:03.481 [main] INFO  nextflow.util.ThreadPoolHelper - Waiting for remaining tasks to complete (1 tasks)
Oct-23 23:47:03.482 [main] DEBUG nextflow.util.ThreadPoolHelper - Waiting for remaining tasks to complete (1 tasks)
Oct-23 23:48:03.483 [main] DEBUG nextflow.util.ThreadPoolHelper - Waiting for remaining tasks to complete (1 tasks)
Oct-23 23:49:03.485 [main] DEBUG nextflow.util.ThreadPoolHelper - Waiting for remaining tasks to complete (1 tasks)
Oct-23 23:50:03.487 [main] DEBUG nextflow.util.ThreadPoolHelper - Waiting for remaining tasks to complete (1 tasks)
Oct-23 23:51:03.488 [main] DEBUG nextflow.util.ThreadPoolHelper - Waiting for remaining tasks to complete (1 tasks)
Oct-23 23:52:03.490 [main] DEBUG nextflow.util.ThreadPoolHelper - Waiting for remaining tasks to complete (1 tasks)
Oct-23 23:53:03.491 [main] DEBUG nextflow.util.ThreadPoolHelper - Waiting for remaining tasks to complete (1 tasks)
Oct-23 23:54:03.493 [main] DEBUG nextflow.util.ThreadPoolHelper - Waiting for remaining tasks to complete (1 tasks)
Oct-23 23:55:03.494 [main] DEBUG nextflow.util.ThreadPoolHelper - Waiting for remaining tasks to complete (1 tasks)
Oct-23 23:56:03.496 [main] INFO  nextflow.util.ThreadPoolHelper - Waiting for remaining tasks to complete (1 tasks)
Oct-23 23:57:03.498 [main] DEBUG nextflow.util.ThreadPoolHelper - Waiting for remaining tasks to complete (1 tasks)
Oct-23 23:58:03.499 [main] DEBUG nextflow.util.ThreadPoolHelper - Waiting for remaining tasks to complete (1 tasks)
Oct-23 23:59:03.501 [main] DEBUG nextflow.util.ThreadPoolHelper - Waiting for remaining tasks to complete (1 tasks)
Oct-24 00:00:03.502 [main] DEBUG nextflow.util.ThreadPoolHelper - Waiting for remaining tasks to complete (1 tasks)
Oct-24 00:01:03.504 [main] DEBUG nextflow.util.ThreadPoolHelper - Waiting for remaining tasks to complete (1 tasks)
Oct-24 00:02:03.505 [main] DEBUG nextflow.util.ThreadPoolHelper - Waiting for remaining tasks to complete (1 tasks)
Oct-24 00:03:03.507 [main] DEBUG nextflow.util.ThreadPoolHelper - Waiting for remaining tasks to complete (1 tasks)
Oct-24 00:04:03.508 [main] DEBUG nextflow.util.ThreadPoolHelper - Waiting for remaining tasks to complete (1 tasks)
Oct-24 00:05:03.510 [main] DEBUG nextflow.util.ThreadPoolHelper - Waiting for remaining tasks to complete (1 tasks)
Oct-24 00:06:03.511 [main] INFO  nextflow.util.ThreadPoolHelper - Waiting for remaining tasks to complete (1 tasks)
Oct-24 00:07:03.513 [main] DEBUG nextflow.util.ThreadPoolHelper - Waiting for remaining tasks to complete (1 tasks)
Oct-24 00:08:03.514 [main] DEBUG nextflow.util.ThreadPoolHelper - Waiting for remaining tasks to complete (1 tasks)
Oct-24 00:09:03.516 [main] DEBUG nextflow.util.ThreadPoolHelper - Waiting for remaining tasks to complete (1 tasks)
Oct-24 00:10:03.517 [main] DEBUG nextflow.util.ThreadPoolHelper - Waiting for remaining tasks to complete (1 tasks)
Oct-24 00:11:03.518 [main] DEBUG nextflow.util.ThreadPoolHelper - Waiting for remaining tasks to complete (1 tasks)
Oct-24 00:12:03.520 [main] DEBUG nextflow.util.ThreadPoolHelper - Waiting for remaining tasks to complete (1 tasks)
Oct-24 00:13:03.521 [main] DEBUG nextflow.util.ThreadPoolHelper - Waiting for remaining tasks to complete (1 tasks)
Oct-24 00:14:03.523 [main] DEBUG nextflow.util.ThreadPoolHelper - Waiting for remaining tasks to complete (1 tasks)
Oct-24 00:15:03.524 [main] DEBUG nextflow.util.ThreadPoolHelper - Waiting for remaining tasks to complete (1 tasks)
Oct-24 00:16:03.526 [main] INFO  nextflow.util.ThreadPoolHelper - Waiting for remaining tasks to complete (1 tasks)
Oct-24 00:17:03.527 [main] DEBUG nextflow.util.ThreadPoolHelper - Waiting for remaining tasks to complete (1 tasks)
Oct-24 00:18:03.529 [main] DEBUG nextflow.util.ThreadPoolHelper - Waiting for remaining tasks to complete (1 tasks)
Oct-24 00:19:03.530 [main] DEBUG nextflow.util.ThreadPoolHelper - Waiting for remaining tasks to complete (1 tasks)
Oct-24 00:20:03.531 [main] DEBUG nextflow.util.ThreadPoolHelper - Waiting for remaining tasks to complete (1 tasks)
Oct-24 00:21:03.533 [main] DEBUG nextflow.util.ThreadPoolHelper - Waiting for remaining tasks to complete (1 tasks)
Oct-24 00:22:03.534 [main] DEBUG nextflow.util.ThreadPoolHelper - Waiting for remaining tasks to complete (1 tasks)
Oct-24 00:23:03.536 [main] DEBUG nextflow.util.ThreadPoolHelper - Waiting for remaining tasks to complete (1 tasks)
Oct-24 00:24:03.537 [main] DEBUG nextflow.util.ThreadPoolHelper - Waiting for remaining tasks to complete (1 tasks)
Oct-24 00:25:03.539 [main] DEBUG nextflow.util.ThreadPoolHelper - Waiting for remaining tasks to complete (1 tasks)
Oct-24 00:26:03.540 [main] INFO  nextflow.util.ThreadPoolHelper - Waiting for remaining tasks to complete (1 tasks)
Oct-24 00:27:03.542 [main] DEBUG nextflow.util.ThreadPoolHelper - Waiting for remaining tasks to complete (1 tasks)
Oct-24 00:28:03.544 [main] DEBUG nextflow.util.ThreadPoolHelper - Waiting for remaining tasks to complete (1 tasks)
Oct-24 00:29:03.545 [main] DEBUG nextflow.util.ThreadPoolHelper - Waiting for remaining tasks to complete (1 tasks)
Oct-24 00:30:03.546 [main] DEBUG nextflow.util.ThreadPoolHelper - Waiting for remaining tasks to complete (1 tasks)
Oct-24 00:31:03.548 [main] DEBUG nextflow.util.ThreadPoolHelper - Waiting for remaining tasks to complete (1 tasks)
Oct-24 00:32:03.549 [main] DEBUG nextflow.util.ThreadPoolHelper - Waiting for remaining tasks to complete (1 tasks)
Oct-24 00:33:03.551 [main] DEBUG nextflow.util.ThreadPoolHelper - Waiting for remaining tasks to complete (1 tasks)
Oct-24 00:34:03.552 [main] DEBUG nextflow.util.ThreadPoolHelper - Waiting for remaining tasks to complete (1 tasks)
Oct-24 00:35:03.553 [main] DEBUG nextflow.util.ThreadPoolHelper - Waiting for remaining tasks to complete (1 tasks)
Oct-24 00:36:03.555 [main] INFO  nextflow.util.ThreadPoolHelper - Waiting for remaining tasks to complete (1 tasks)
Oct-24 00:37:03.556 [main] DEBUG nextflow.util.ThreadPoolHelper - Waiting for remaining tasks to complete (1 tasks)
Oct-24 00:38:03.558 [main] DEBUG nextflow.util.ThreadPoolHelper - Waiting for remaining tasks to complete (1 tasks)
Oct-24 00:39:03.559 [main] DEBUG nextflow.util.ThreadPoolHelper - Waiting for remaining tasks to complete (1 tasks)
Oct-24 00:40:03.561 [main] DEBUG nextflow.util.ThreadPoolHelper - Waiting for remaining tasks to complete (1 tasks)
Oct-24 00:41:03.562 [main] DEBUG nextflow.util.ThreadPoolHelper - Waiting for remaining tasks to complete (1 tasks)
Oct-24 00:42:03.563 [main] DEBUG nextflow.util.ThreadPoolHelper - Waiting for remaining tasks to complete (1 tasks)
Oct-24 00:43:03.565 [main] DEBUG nextflow.util.ThreadPoolHelper - Waiting for remaining tasks to complete (1 tasks)
Oct-24 00:44:03.566 [main] DEBUG nextflow.util.ThreadPoolHelper - Waiting for remaining tasks to complete (1 tasks)
Oct-24 00:45:03.568 [main] DEBUG nextflow.util.ThreadPoolHelper - Waiting for remaining tasks to complete (1 tasks)
Oct-24 00:46:03.569 [main] INFO  nextflow.util.ThreadPoolHelper - Waiting for remaining tasks to complete (1 tasks)
Oct-24 00:47:03.571 [main] DEBUG nextflow.util.ThreadPoolHelper - Waiting for remaining tasks to complete (1 tasks)
Oct-24 00:48:03.572 [main] DEBUG nextflow.util.ThreadPoolHelper - Waiting for remaining tasks to complete (1 tasks)
Oct-24 00:49:03.574 [main] DEBUG nextflow.util.ThreadPoolHelper - Waiting for remaining tasks to complete (1 tasks)
Oct-24 00:50:03.575 [main] DEBUG nextflow.util.ThreadPoolHelper - Waiting for remaining tasks to complete (1 tasks)
Oct-24 00:51:03.577 [main] DEBUG nextflow.util.ThreadPoolHelper - Waiting for remaining tasks to complete (1 tasks)
Oct-24 00:52:03.578 [main] DEBUG nextflow.util.ThreadPoolHelper - Waiting for remaining tasks to complete (1 tasks)
Oct-24 00:53:03.579 [main] DEBUG nextflow.util.ThreadPoolHelper - Waiting for remaining tasks to complete (1 tasks)
Oct-24 00:54:03.581 [main] DEBUG nextflow.util.ThreadPoolHelper - Waiting for remaining tasks to complete (1 tasks)
Oct-24 00:55:03.582 [main] DEBUG nextflow.util.ThreadPoolHelper - Waiting for remaining tasks to complete (1 tasks)
Oct-24 00:56:03.584 [main] INFO  nextflow.util.ThreadPoolHelper - Waiting for remaining tasks to complete (1 tasks)
Oct-24 00:57:03.585 [main] DEBUG nextflow.util.ThreadPoolHelper - Waiting for remaining tasks to complete (1 tasks)
Oct-24 00:58:03.587 [main] DEBUG nextflow.util.ThreadPoolHelper - Waiting for remaining tasks to complete (1 tasks)
Oct-24 00:59:03.588 [main] DEBUG nextflow.util.ThreadPoolHelper - Waiting for remaining tasks to complete (1 tasks)
Oct-24 01:00:03.590 [main] DEBUG nextflow.util.ThreadPoolHelper - Waiting for remaining tasks to complete (1 tasks)
Oct-24 01:01:03.591 [main] DEBUG nextflow.util.ThreadPoolHelper - Waiting for remaining tasks to complete (1 tasks)
Oct-24 01:02:03.592 [main] DEBUG nextflow.util.ThreadPoolHelper - Waiting for remaining tasks to complete (1 tasks)
Oct-24 01:03:03.594 [main] DEBUG nextflow.util.ThreadPoolHelper - Waiting for remaining tasks to complete (1 tasks)
Oct-24 01:04:03.595 [main] DEBUG nextflow.util.ThreadPoolHelper - Waiting for remaining tasks to complete (1 tasks)
Oct-24 01:05:03.597 [main] DEBUG nextflow.util.ThreadPoolHelper - Waiting for remaining tasks to complete (1 tasks)
Oct-24 01:06:03.598 [main] INFO  nextflow.util.ThreadPoolHelper - Waiting for remaining tasks to complete (1 tasks)
Oct-24 01:07:03.600 [main] DEBUG nextflow.util.ThreadPoolHelper - Waiting for remaining tasks to complete (1 tasks)
Oct-24 01:08:03.601 [main] DEBUG nextflow.util.ThreadPoolHelper - Waiting for remaining tasks to complete (1 tasks)
Oct-24 01:09:03.603 [main] DEBUG nextflow.util.ThreadPoolHelper - Waiting for remaining tasks to complete (1 tasks)
Oct-24 01:10:03.604 [main] DEBUG nextflow.util.ThreadPoolHelper - Waiting for remaining tasks to complete (1 tasks)
Oct-24 01:11:03.606 [main] DEBUG nextflow.util.ThreadPoolHelper - Waiting for remaining tasks to complete (1 tasks)
Oct-24 01:12:03.607 [main] DEBUG nextflow.util.ThreadPoolHelper - Waiting for remaining tasks to complete (1 tasks)
Oct-24 01:13:03.609 [main] DEBUG nextflow.util.ThreadPoolHelper - Waiting for remaining tasks to complete (1 tasks)
Oct-24 01:14:03.610 [main] DEBUG nextflow.util.ThreadPoolHelper - Waiting for remaining tasks to complete (1 tasks)
Oct-24 01:15:03.612 [main] DEBUG nextflow.util.ThreadPoolHelper - Waiting for remaining tasks to complete (1 tasks)
Oct-24 01:16:03.613 [main] INFO  nextflow.util.ThreadPoolHelper - Waiting for remaining tasks to complete (1 tasks)
Oct-24 01:17:03.615 [main] DEBUG nextflow.util.ThreadPoolHelper - Waiting for remaining tasks to complete (1 tasks)
Oct-24 01:18:03.616 [main] DEBUG nextflow.util.ThreadPoolHelper - Waiting for remaining tasks to complete (1 tasks)
Oct-24 01:19:03.618 [main] DEBUG nextflow.util.ThreadPoolHelper - Waiting for remaining tasks to complete (1 tasks)
Oct-24 01:20:03.619 [main] DEBUG nextflow.util.ThreadPoolHelper - Waiting for remaining tasks to complete (1 tasks)
Oct-24 01:21:03.621 [main] DEBUG nextflow.util.ThreadPoolHelper - Waiting for remaining tasks to complete (1 tasks)
Oct-24 01:22:03.622 [main] DEBUG nextflow.util.ThreadPoolHelper - Waiting for remaining tasks to complete (1 tasks)
Oct-24 01:23:03.624 [main] DEBUG nextflow.util.ThreadPoolHelper - Waiting for remaining tasks to complete (1 tasks)
Oct-24 01:24:03.625 [main] DEBUG nextflow.util.ThreadPoolHelper - Waiting for remaining tasks to complete (1 tasks)
Oct-24 01:25:03.627 [main] DEBUG nextflow.util.ThreadPoolHelper - Waiting for remaining tasks to complete (1 tasks)
Oct-24 01:26:03.629 [main] INFO  nextflow.util.ThreadPoolHelper - Waiting for remaining tasks to complete (1 tasks)
Oct-24 01:27:03.631 [main] DEBUG nextflow.util.ThreadPoolHelper - Waiting for remaining tasks to complete (1 tasks)
Oct-24 01:28:03.633 [main] DEBUG nextflow.util.ThreadPoolHelper - Waiting for remaining tasks to complete (1 tasks)
Oct-24 01:29:03.634 [main] DEBUG nextflow.util.ThreadPoolHelper - Waiting for remaining tasks to complete (1 tasks)
Oct-24 01:30:03.636 [main] DEBUG nextflow.util.ThreadPoolHelper - Waiting for remaining tasks to complete (1 tasks)
Oct-24 01:31:03.637 [main] DEBUG nextflow.util.ThreadPoolHelper - Waiting for remaining tasks to complete (1 tasks)
Oct-24 01:32:03.639 [main] DEBUG nextflow.util.ThreadPoolHelper - Waiting for remaining tasks to complete (1 tasks)
Oct-24 01:33:03.640 [main] DEBUG nextflow.util.ThreadPoolHelper - Waiting for remaining tasks to complete (1 tasks)
Oct-24 01:34:03.641 [main] DEBUG nextflow.util.ThreadPoolHelper - Waiting for remaining tasks to complete (1 tasks)
Oct-24 01:35:03.643 [main] DEBUG nextflow.util.ThreadPoolHelper - Waiting for remaining tasks to complete (1 tasks)
Oct-24 01:36:03.644 [main] INFO  nextflow.util.ThreadPoolHelper - Waiting for remaining tasks to complete (1 tasks)
Oct-24 01:37:03.646 [main] DEBUG nextflow.util.ThreadPoolHelper - Waiting for remaining tasks to complete (1 tasks)
Oct-24 01:38:03.647 [main] DEBUG nextflow.util.ThreadPoolHelper - Waiting for remaining tasks to complete (1 tasks)
Oct-24 01:39:03.649 [main] DEBUG nextflow.util.ThreadPoolHelper - Waiting for remaining tasks to complete (1 tasks)
Oct-24 01:40:03.650 [main] DEBUG nextflow.util.ThreadPoolHelper - Waiting for remaining tasks to complete (1 tasks)
Oct-24 01:41:03.652 [main] DEBUG nextflow.util.ThreadPoolHelper - Waiting for remaining tasks to complete (1 tasks)
Oct-24 01:42:03.653 [main] DEBUG nextflow.util.ThreadPoolHelper - Waiting for remaining tasks to complete (1 tasks)
Oct-24 01:43:03.655 [main] DEBUG nextflow.util.ThreadPoolHelper - Waiting for remaining tasks to complete (1 tasks)
Oct-24 01:44:03.656 [main] DEBUG nextflow.util.ThreadPoolHelper - Waiting for remaining tasks to complete (1 tasks)
Oct-24 01:45:03.658 [main] DEBUG nextflow.util.ThreadPoolHelper - Waiting for remaining tasks to complete (1 tasks)
Oct-24 01:46:03.659 [main] INFO  nextflow.util.ThreadPoolHelper - Waiting for remaining tasks to complete (1 tasks)
Oct-24 01:47:03.661 [main] DEBUG nextflow.util.ThreadPoolHelper - Waiting for remaining tasks to complete (1 tasks)
Oct-24 01:48:03.662 [main] DEBUG nextflow.util.ThreadPoolHelper - Waiting for remaining tasks to complete (1 tasks)
Oct-24 01:49:03.664 [main] DEBUG nextflow.util.ThreadPoolHelper - Waiting for remaining tasks to complete (1 tasks)
Oct-24 01:50:03.665 [main] DEBUG nextflow.util.ThreadPoolHelper - Waiting for remaining tasks to complete (1 tasks)
Oct-24 01:51:03.667 [main] DEBUG nextflow.util.ThreadPoolHelper - Waiting for remaining tasks to complete (1 tasks)
Oct-24 01:52:03.668 [main] DEBUG nextflow.util.ThreadPoolHelper - Waiting for remaining tasks to complete (1 tasks)
Oct-24 01:53:03.670 [main] DEBUG nextflow.util.ThreadPoolHelper - Waiting for remaining tasks to complete (1 tasks)
Oct-24 01:54:03.671 [main] DEBUG nextflow.util.ThreadPoolHelper - Waiting for remaining tasks to complete (1 tasks)
Oct-24 01:55:03.673 [main] DEBUG nextflow.util.ThreadPoolHelper - Waiting for remaining tasks to complete (1 tasks)
Oct-24 01:56:03.674 [main] INFO  nextflow.util.ThreadPoolHelper - Waiting for remaining tasks to complete (1 tasks)
Oct-24 01:57:03.676 [main] DEBUG nextflow.util.ThreadPoolHelper - Waiting for remaining tasks to complete (1 tasks)
Oct-24 01:58:03.677 [main] DEBUG nextflow.util.ThreadPoolHelper - Waiting for remaining tasks to complete (1 tasks)
Oct-24 01:59:03.679 [main] DEBUG nextflow.util.ThreadPoolHelper - Waiting for remaining tasks to complete (1 tasks)
Oct-24 02:00:03.680 [main] DEBUG nextflow.util.ThreadPoolHelper - Waiting for remaining tasks to complete (1 tasks)
Oct-24 02:01:03.682 [main] DEBUG nextflow.util.ThreadPoolHelper - Waiting for remaining tasks to complete (1 tasks)
Oct-24 02:02:03.683 [main] DEBUG nextflow.util.ThreadPoolHelper - Waiting for remaining tasks to complete (1 tasks)
Oct-24 02:03:03.685 [main] DEBUG nextflow.util.ThreadPoolHelper - Waiting for remaining tasks to complete (1 tasks)
Oct-24 02:04:03.686 [main] DEBUG nextflow.util.ThreadPoolHelper - Waiting for remaining tasks to complete (1 tasks)
Oct-24 02:05:03.688 [main] DEBUG nextflow.util.ThreadPoolHelper - Waiting for remaining tasks to complete (1 tasks)
Oct-24 02:06:03.689 [main] INFO  nextflow.util.ThreadPoolHelper - Waiting for remaining tasks to complete (1 tasks)
Oct-24 02:07:03.691 [main] DEBUG nextflow.util.ThreadPoolHelper - Waiting for remaining tasks to complete (1 tasks)
Oct-24 02:08:03.692 [main] DEBUG nextflow.util.ThreadPoolHelper - Waiting for remaining tasks to complete (1 tasks)
Oct-24 02:09:03.694 [main] DEBUG nextflow.util.ThreadPoolHelper - Waiting for remaining tasks to complete (1 tasks)
Oct-24 02:10:03.695 [main] DEBUG nextflow.util.ThreadPoolHelper - Waiting for remaining tasks to complete (1 tasks)
Oct-24 02:11:03.696 [main] DEBUG nextflow.util.ThreadPoolHelper - Waiting for remaining tasks to complete (1 tasks)
Oct-24 02:12:03.698 [main] DEBUG nextflow.util.ThreadPoolHelper - Waiting for remaining tasks to complete (1 tasks)
Oct-24 02:13:03.699 [main] DEBUG nextflow.util.ThreadPoolHelper - Waiting for remaining tasks to complete (1 tasks)
Oct-24 02:14:03.701 [main] DEBUG nextflow.util.ThreadPoolHelper - Waiting for remaining tasks to complete (1 tasks)
Oct-24 02:15:03.702 [main] DEBUG nextflow.util.ThreadPoolHelper - Waiting for remaining tasks to complete (1 tasks)
Oct-24 02:16:03.704 [main] INFO  nextflow.util.ThreadPoolHelper - Waiting for remaining tasks to complete (1 tasks)
Oct-24 02:17:03.705 [main] DEBUG nextflow.util.ThreadPoolHelper - Waiting for remaining tasks to complete (1 tasks)
Oct-24 02:18:03.707 [main] DEBUG nextflow.util.ThreadPoolHelper - Waiting for remaining tasks to complete (1 tasks)
Oct-24 02:19:03.708 [main] DEBUG nextflow.util.ThreadPoolHelper - Waiting for remaining tasks to complete (1 tasks)
Oct-24 02:20:03.710 [main] DEBUG nextflow.util.ThreadPoolHelper - Waiting for remaining tasks to complete (1 tasks)
Oct-24 02:21:03.711 [main] DEBUG nextflow.util.ThreadPoolHelper - Waiting for remaining tasks to complete (1 tasks)
Oct-24 02:22:03.713 [main] DEBUG nextflow.util.ThreadPoolHelper - Waiting for remaining tasks to complete (1 tasks)
Oct-24 02:23:03.714 [main] DEBUG nextflow.util.ThreadPoolHelper - Waiting for remaining tasks to complete (1 tasks)
Oct-24 02:24:03.716 [main] DEBUG nextflow.util.ThreadPoolHelper - Waiting for remaining tasks to complete (1 tasks)
Oct-24 02:25:03.717 [main] DEBUG nextflow.util.ThreadPoolHelper - Waiting for remaining tasks to complete (1 tasks)
Oct-24 02:26:03.719 [main] INFO  nextflow.util.ThreadPoolHelper - Waiting for remaining tasks to complete (1 tasks)
Oct-24 02:27:03.720 [main] DEBUG nextflow.util.ThreadPoolHelper - Waiting for remaining tasks to complete (1 tasks)
Oct-24 02:28:03.722 [main] DEBUG nextflow.util.ThreadPoolHelper - Waiting for remaining tasks to complete (1 tasks)
Oct-24 02:29:03.723 [main] DEBUG nextflow.util.ThreadPoolHelper - Waiting for remaining tasks to complete (1 tasks)
Oct-24 02:30:03.725 [main] DEBUG nextflow.util.ThreadPoolHelper - Waiting for remaining tasks to complete (1 tasks)
Oct-24 02:31:03.726 [main] DEBUG nextflow.util.ThreadPoolHelper - Waiting for remaining tasks to complete (1 tasks)
Oct-24 02:32:03.727 [main] DEBUG nextflow.util.ThreadPoolHelper - Waiting for remaining tasks to complete (1 tasks)
Oct-24 02:33:03.729 [main] DEBUG nextflow.util.ThreadPoolHelper - Waiting for remaining tasks to complete (1 tasks)
Oct-24 02:34:03.730 [main] DEBUG nextflow.util.ThreadPoolHelper - Waiting for remaining tasks to complete (1 tasks)
Oct-24 02:35:03.732 [main] DEBUG nextflow.util.ThreadPoolHelper - Waiting for remaining tasks to complete (1 tasks)
Oct-24 02:36:03.733 [main] INFO  nextflow.util.ThreadPoolHelper - Waiting for remaining tasks to complete (1 tasks)
Oct-24 02:37:03.735 [main] DEBUG nextflow.util.ThreadPoolHelper - Waiting for remaining tasks to complete (1 tasks)
Oct-24 02:38:03.736 [main] DEBUG nextflow.util.ThreadPoolHelper - Waiting for remaining tasks to complete (1 tasks)
Oct-24 02:39:03.738 [main] DEBUG nextflow.util.ThreadPoolHelper - Waiting for remaining tasks to complete (1 tasks)
Oct-24 02:40:03.739 [main] DEBUG nextflow.util.ThreadPoolHelper - Waiting for remaining tasks to complete (1 tasks)
Oct-24 02:41:03.741 [main] DEBUG nextflow.util.ThreadPoolHelper - Waiting for remaining tasks to complete (1 tasks)
Oct-24 02:42:03.742 [main] DEBUG nextflow.util.ThreadPoolHelper - Waiting for remaining tasks to complete (1 tasks)
Oct-24 02:43:03.744 [main] DEBUG nextflow.util.ThreadPoolHelper - Waiting for remaining tasks to complete (1 tasks)
Oct-24 02:44:03.745 [main] DEBUG nextflow.util.ThreadPoolHelper - Waiting for remaining tasks to complete (1 tasks)
Oct-24 02:45:03.747 [main] DEBUG nextflow.util.ThreadPoolHelper - Waiting for remaining tasks to complete (1 tasks)
Oct-24 02:46:03.748 [main] INFO  nextflow.util.ThreadPoolHelper - Waiting for remaining tasks to complete (1 tasks)
Oct-24 02:47:03.750 [main] DEBUG nextflow.util.ThreadPoolHelper - Waiting for remaining tasks to complete (1 tasks)
Oct-24 02:48:03.751 [main] DEBUG nextflow.util.ThreadPoolHelper - Waiting for remaining tasks to complete (1 tasks)
Oct-24 02:49:03.753 [main] DEBUG nextflow.util.ThreadPoolHelper - Waiting for remaining tasks to complete (1 tasks)
Oct-24 02:50:03.754 [main] DEBUG nextflow.util.ThreadPoolHelper - Waiting for remaining tasks to complete (1 tasks)
Oct-24 02:51:03.756 [main] DEBUG nextflow.util.ThreadPoolHelper - Waiting for remaining tasks to complete (1 tasks)
Oct-24 02:52:03.757 [main] DEBUG nextflow.util.ThreadPoolHelper - Waiting for remaining tasks to complete (1 tasks)
Oct-24 02:53:03.759 [main] DEBUG nextflow.util.ThreadPoolHelper - Waiting for remaining tasks to complete (1 tasks)
Oct-24 02:54:03.760 [main] DEBUG nextflow.util.ThreadPoolHelper - Waiting for remaining tasks to complete (1 tasks)
Oct-24 02:55:03.761 [main] DEBUG nextflow.util.ThreadPoolHelper - Waiting for remaining tasks to complete (1 tasks)
Oct-24 02:56:03.763 [main] INFO  nextflow.util.ThreadPoolHelper - Waiting for remaining tasks to complete (1 tasks)
Oct-24 02:57:03.765 [main] DEBUG nextflow.util.ThreadPoolHelper - Waiting for remaining tasks to complete (1 tasks)
Oct-24 02:58:03.766 [main] DEBUG nextflow.util.ThreadPoolHelper - Waiting for remaining tasks to complete (1 tasks)
Oct-24 02:59:03.768 [main] DEBUG nextflow.util.ThreadPoolHelper - Waiting for remaining tasks to complete (1 tasks)
Oct-24 03:00:03.769 [main] DEBUG nextflow.util.ThreadPoolHelper - Waiting for remaining tasks to complete (1 tasks)
Oct-24 03:01:03.771 [main] DEBUG nextflow.util.ThreadPoolHelper - Waiting for remaining tasks to complete (1 tasks)
Oct-24 03:02:03.772 [main] DEBUG nextflow.util.ThreadPoolHelper - Waiting for remaining tasks to complete (1 tasks)
Oct-24 03:03:03.774 [main] DEBUG nextflow.util.ThreadPoolHelper - Waiting for remaining tasks to complete (1 tasks)
Oct-24 03:04:03.776 [main] DEBUG nextflow.util.ThreadPoolHelper - Waiting for remaining tasks to complete (1 tasks)
Oct-24 03:05:03.777 [main] DEBUG nextflow.util.ThreadPoolHelper - Waiting for remaining tasks to complete (1 tasks)
Oct-24 03:06:03.779 [main] INFO  nextflow.util.ThreadPoolHelper - Waiting for remaining tasks to complete (1 tasks)
Oct-24 03:07:03.781 [main] DEBUG nextflow.util.ThreadPoolHelper - Waiting for remaining tasks to complete (1 tasks)
Oct-24 03:08:03.782 [main] DEBUG nextflow.util.ThreadPoolHelper - Waiting for remaining tasks to complete (1 tasks)
Oct-24 03:09:03.784 [main] DEBUG nextflow.util.ThreadPoolHelper - Waiting for remaining tasks to complete (1 tasks)
Oct-24 03:10:03.785 [main] DEBUG nextflow.util.ThreadPoolHelper - Waiting for remaining tasks to complete (1 tasks)
Oct-24 03:11:03.787 [main] DEBUG nextflow.util.ThreadPoolHelper - Waiting for remaining tasks to complete (1 tasks)
Oct-24 03:12:03.788 [main] DEBUG nextflow.util.ThreadPoolHelper - Waiting for remaining tasks to complete (1 tasks)
Oct-24 03:13:03.789 [main] DEBUG nextflow.util.ThreadPoolHelper - Waiting for remaining tasks to complete (1 tasks)
Oct-24 03:14:03.791 [main] DEBUG nextflow.util.ThreadPoolHelper - Waiting for remaining tasks to complete (1 tasks)
Oct-24 03:15:03.792 [main] DEBUG nextflow.util.ThreadPoolHelper - Waiting for remaining tasks to complete (1 tasks)
Oct-24 03:16:03.794 [main] INFO  nextflow.util.ThreadPoolHelper - Waiting for remaining tasks to complete (1 tasks)
Oct-24 03:17:03.796 [main] DEBUG nextflow.util.ThreadPoolHelper - Waiting for remaining tasks to complete (1 tasks)
Oct-24 03:18:03.797 [main] DEBUG nextflow.util.ThreadPoolHelper - Waiting for remaining tasks to complete (1 tasks)
Oct-24 03:19:03.798 [main] DEBUG nextflow.util.ThreadPoolHelper - Waiting for remaining tasks to complete (1 tasks)
Oct-24 03:20:03.800 [main] DEBUG nextflow.util.ThreadPoolHelper - Waiting for remaining tasks to complete (1 tasks)
Oct-24 03:21:03.801 [main] DEBUG nextflow.util.ThreadPoolHelper - Waiting for remaining tasks to complete (1 tasks)
Oct-24 03:22:03.803 [main] DEBUG nextflow.util.ThreadPoolHelper - Waiting for remaining tasks to complete (1 tasks)
Oct-24 03:23:03.804 [main] DEBUG nextflow.util.ThreadPoolHelper - Waiting for remaining tasks to complete (1 tasks)
Oct-24 03:24:03.806 [main] DEBUG nextflow.util.ThreadPoolHelper - Waiting for remaining tasks to complete (1 tasks)
Oct-24 03:25:03.807 [main] DEBUG nextflow.util.ThreadPoolHelper - Waiting for remaining tasks to complete (1 tasks)
Oct-24 03:26:03.809 [main] INFO  nextflow.util.ThreadPoolHelper - Waiting for remaining tasks to complete (1 tasks)
Oct-24 03:27:03.810 [main] DEBUG nextflow.util.ThreadPoolHelper - Waiting for remaining tasks to complete (1 tasks)
Oct-24 03:28:03.812 [main] DEBUG nextflow.util.ThreadPoolHelper - Waiting for remaining tasks to complete (1 tasks)
Oct-24 03:29:03.813 [main] DEBUG nextflow.util.ThreadPoolHelper - Waiting for remaining tasks to complete (1 tasks)
Oct-24 03:30:03.815 [main] DEBUG nextflow.util.ThreadPoolHelper - Waiting for remaining tasks to complete (1 tasks)
Oct-24 03:31:03.816 [main] DEBUG nextflow.util.ThreadPoolHelper - Waiting for remaining tasks to complete (1 tasks)
Oct-24 03:32:03.818 [main] DEBUG nextflow.util.ThreadPoolHelper - Waiting for remaining tasks to complete (1 tasks)
Oct-24 03:33:03.819 [main] DEBUG nextflow.util.ThreadPoolHelper - Waiting for remaining tasks to complete (1 tasks)
Oct-24 03:34:03.821 [main] DEBUG nextflow.util.ThreadPoolHelper - Waiting for remaining tasks to complete (1 tasks)
Oct-24 03:35:03.822 [main] DEBUG nextflow.util.ThreadPoolHelper - Waiting for remaining tasks to complete (1 tasks)
Oct-24 03:36:03.824 [main] INFO  nextflow.util.ThreadPoolHelper - Waiting for remaining tasks to complete (1 tasks)
Oct-24 03:37:03.825 [main] DEBUG nextflow.util.ThreadPoolHelper - Waiting for remaining tasks to complete (1 tasks)
Oct-24 03:38:03.827 [main] DEBUG nextflow.util.ThreadPoolHelper - Waiting for remaining tasks to complete (1 tasks)
Oct-24 03:39:03.828 [main] DEBUG nextflow.util.ThreadPoolHelper - Waiting for remaining tasks to complete (1 tasks)
Oct-24 03:40:03.830 [main] DEBUG nextflow.util.ThreadPoolHelper - Waiting for remaining tasks to complete (1 tasks)
Oct-24 03:41:03.831 [main] DEBUG nextflow.util.ThreadPoolHelper - Waiting for remaining tasks to complete (1 tasks)
Oct-24 03:42:03.832 [main] DEBUG nextflow.util.ThreadPoolHelper - Waiting for remaining tasks to complete (1 tasks)
Oct-24 03:43:03.834 [main] DEBUG nextflow.util.ThreadPoolHelper - Waiting for remaining tasks to complete (1 tasks)
Oct-24 03:44:03.835 [main] DEBUG nextflow.util.ThreadPoolHelper - Waiting for remaining tasks to complete (1 tasks)
Oct-24 03:45:03.837 [main] DEBUG nextflow.util.ThreadPoolHelper - Waiting for remaining tasks to complete (1 tasks)
Oct-24 03:46:03.838 [main] INFO  nextflow.util.ThreadPoolHelper - Waiting for remaining tasks to complete (1 tasks)
Oct-24 03:47:03.840 [main] DEBUG nextflow.util.ThreadPoolHelper - Waiting for remaining tasks to complete (1 tasks)
Oct-24 03:48:03.841 [main] DEBUG nextflow.util.ThreadPoolHelper - Waiting for remaining tasks to complete (1 tasks)
Oct-24 03:49:03.842 [main] DEBUG nextflow.util.ThreadPoolHelper - Waiting for remaining tasks to complete (1 tasks)
Oct-24 03:50:03.844 [main] DEBUG nextflow.util.ThreadPoolHelper - Waiting for remaining tasks to complete (1 tasks)
Oct-24 03:51:03.845 [main] DEBUG nextflow.util.ThreadPoolHelper - Waiting for remaining tasks to complete (1 tasks)
Oct-24 03:52:03.847 [main] DEBUG nextflow.util.ThreadPoolHelper - Waiting for remaining tasks to complete (1 tasks)
Oct-24 03:53:03.848 [main] DEBUG nextflow.util.ThreadPoolHelper - Waiting for remaining tasks to complete (1 tasks)
Oct-24 03:54:03.850 [main] DEBUG nextflow.util.ThreadPoolHelper - Waiting for remaining tasks to complete (1 tasks)
Oct-24 03:55:03.851 [main] DEBUG nextflow.util.ThreadPoolHelper - Waiting for remaining tasks to complete (1 tasks)
Oct-24 03:56:03.853 [main] INFO  nextflow.util.ThreadPoolHelper - Waiting for remaining tasks to complete (1 tasks)
Oct-24 03:57:03.854 [main] DEBUG nextflow.util.ThreadPoolHelper - Waiting for remaining tasks to complete (1 tasks)
Oct-24 03:58:03.855 [main] DEBUG nextflow.util.ThreadPoolHelper - Waiting for remaining tasks to complete (1 tasks)
Oct-24 03:59:03.857 [main] DEBUG nextflow.util.ThreadPoolHelper - Waiting for remaining tasks to complete (1 tasks)
Oct-24 04:00:03.858 [main] DEBUG nextflow.util.ThreadPoolHelper - Waiting for remaining tasks to complete (1 tasks)
Oct-24 04:01:03.860 [main] DEBUG nextflow.util.ThreadPoolHelper - Waiting for remaining tasks to complete (1 tasks)
Oct-24 04:02:03.861 [main] DEBUG nextflow.util.ThreadPoolHelper - Waiting for remaining tasks to complete (1 tasks)
Oct-24 04:03:03.863 [main] DEBUG nextflow.util.ThreadPoolHelper - Waiting for remaining tasks to complete (1 tasks)
Oct-24 04:04:03.864 [main] DEBUG nextflow.util.ThreadPoolHelper - Waiting for remaining tasks to complete (1 tasks)
Oct-24 04:05:03.865 [main] DEBUG nextflow.util.ThreadPoolHelper - Waiting for remaining tasks to complete (1 tasks)
Oct-24 04:05:58.996 [main] DEBUG nextflow.Session - Session aborted -- Cause: Timed out while waiting to publish outputs
Oct-24 04:05:59.226 [main] INFO  nextflow.Nextflow - -[0;35m[nf-core/rnaseq][0;31m Pipeline completed with errors[0m-
Oct-24 04:05:59.244 [main] DEBUG n.trace.WorkflowStatsObserver - Workflow completed > WorkflowStats[succeededCount=224; failedCount=0; ignoredCount=0; cachedCount=0; pendingCount=0; submittedCount=0; runningCount=1; retriesCount=0; abortedCount=0; succeedDuration=4d 7h 53m 30s; failedDuration=0ms; cachedDuration=0ms;loadCpus=6; loadMemory=36 GB; peakRunning=8; peakCpus=78; peakMemory=408 GB; ]
Oct-24 04:05:59.737 [main] DEBUG nextflow.trace.ReportObserver - Workflow completed -- rendering execution report
Oct-24 04:06:01.251 [main] DEBUG nextflow.trace.TimelineObserver - Workflow completed -- rendering execution timeline
Oct-24 04:06:01.454 [main] DEBUG nextflow.trace.TraceFileObserver - Workflow completed -- saving trace file
Oct-24 04:06:01.492 [main] ERROR nextflow.Nextflow - Pipeline failed. Please refer to troubleshooting docs: https://nf-co.re/docs/usage/troubleshooting
Oct-24 04:06:01.509 [main] DEBUG nextflow.cli.Launcher - Operation aborted
java.util.concurrent.TimeoutException: Exiting before some tasks were completed
	at nextflow.util.ThreadPoolHelper.await(ThreadPoolHelper.groovy:49)
	at nextflow.util.ThreadPoolManager.shutdown(ThreadPoolManager.groovy:147)
	at nextflow.util.ThreadPoolManager.shutdownOrAbort(ThreadPoolManager.groovy:153)
	at nextflow.Session.destroy(Session.groovy:721)
	at nextflow.script.ScriptRunner.shutdown(ScriptRunner.groovy:263)
	at nextflow.script.ScriptRunner.execute(ScriptRunner.groovy:147)
	at nextflow.cli.CmdRun.run(CmdRun.groovy:428)
	at nextflow.cli.Launcher.run(Launcher.groovy:515)
	at nextflow.cli.Launcher.main(Launcher.groovy:675)
