250162784874
1761894350149
250198853813
1761894351006
250243153565
1761894352006
250287828743
1761894353006
250332576615
1761894354006
250374805022
1761894355006
250417427411
1761894356006
250459577754
1761894357005
250501847483
1761894358005
250544448936
1761894359005
250588371736
1761894360005
250631146590
1761894361006
250673166624
1761894362007
250716506662
1761894363007
250758019129
1761894364006
250801325110
1761894365006
250844115771
1761894366006
250887421325
1761894367006
250931384042
1761894368006
250978461741
1761894369004
251021988180
1761894370005
251064739840
1761894371006
251107612839
1761894372006
251156198652
1761894373004
251205485086
1761894374003
251288525156
1761894375008
251391063224
1761894376013
251473935631
1761894377003
251552904851
1761894378003
251610853616
1761894379003
251672521427
1761894380005
251721801452
1761894381006
251774349291
1761894382003
251846226365
1761894383003
251915464164
1761894384003
251981797246
1761894385003
252084016162
1761894386002
252183677162
1761894387002
252287860305
1761894388002
252390752803
1761894389002
252493785010
1761894390002
252595097739
1761894391002
252698301515
1761894392002
252801087019
1761894393002
252901357880
1761894394002
253007276005
1761894395002
253111127302
1761894396002
253215378683
1761894397002
253319239318
1761894398002
253424825229
1761894399002
253529060192
1761894400002
253635187850
1761894401002
253742307937
1761894402002
253846484489
1761894403002
253951387114
1761894404002
254057341005
1761894405002
254162335487
1761894406002
254264555990
1761894407002
254369150204
1761894408002
254476691250
1761894409002
254587477709
1761894410002
254699299872
1761894411002
254808023593
1761894412002
254919611503
1761894413003
255030634107
1761894414004
255144372524
1761894415006
255265730307
1761894416005
255386689836
1761894417004
255506004716
1761894418002
255625444718
1761894419003
255744777237
1761894420004
255863604020
1761894421004
255982462053
1761894422004
256103937756
1761894423003
256225892949
1761894424006
256347989011
1761894425005
256468830864
1761894426003
256590190905
1761894427005
256711946636
1761894428002
256834384494
1761894429002
256956578090
1761894430004
257079595780
1761894431005
257201842843
1761894432004
257324100464
1761894433006
257442757204
1761894434003
257565262323
1761894435004
257684354669
1761894436004
257804324638
1761894437004
257925714342
1761894438004
258049665685
1761894439003
258173415490
1761894440004
258297519054
1761894441006
258422352231
1761894442004
258548770120
1761894443005
258673711084
1761894444003
258797306898
1761894445004
258920920778
1761894446004
259045626026
1761894447005
259170070592
1761894448004
259289681431
1761894449003
259412534876
1761894450003
259539560003
1761894451005
259664589895
1761894452004
259788507669
1761894453005
259910656343
1761894454003
260037176161
1761894455004
260166414416
1761894456005
260294372096
1761894457004
260419656505
1761894458005
260544589412
1761894459002
260671901220
1761894460002
260798540789
1761894461005
260923596743
1761894462005
261048489367
1761894463003
261170527812
1761894464004
261297894002
1761894465003
261424125064
1761894466005
261552654642
1761894467002
261680796526
1761894468002
261805399600
1761894469002
261931314988
1761894470002
262060397849
1761894471002
45788762
1761894472002
172459946
1761894473002
294271097
1761894474002
421297566
1761894475002
548274780
1761894476002
674013655
1761894477002
800364406
1761894478002
923609879
1761894479002
1046445258
1761894480002
1169955012
1761894481003
1292720018
1761894482004
1413732586
1761894483006
1530604968
1761894484006
1644562562
1761894485005
1756042379
1761894486005
1866482587
1761894487006
1979849057
1761894488005
2095478522
1761894489002
2211548293
1761894490003
2330500320
1761894491005
2450767407
1761894492006
2570290844
1761894493006
2690249704
1761894494005
2811720402
1761894495005
2934263118
1761894496005
3056242847
1761894497003
3178106243
1761894498005
3300120641
1761894499003
3424160484
1761894500004
3549165962
1761894501005
3676378833
1761894502002
3802994902
1761894503004
3929170788
1761894504005
4054351620
1761894505004
4179428631
1761894506004
4304014555
1761894507003
4430284801
1761894508005
4556969901
1761894509002
4682828832
1761894510004
4807665792
1761894511006
4933066289
1761894512002
5060207016
1761894513004
5185076020
1761894514005
5310381730
1761894515004
5434819338
1761894516004
5562244427
1761894517003
5687060270
1761894518004
5808554038
1761894519003
5926833215
1761894520003
6044320097
1761894521004
6167072835
1761894522004
6291052376
1761894523004
6414501950
1761894524005
6539292829
1761894525004
6662281894
1761894526003
6785444360
1761894527004
6908719313
1761894528003
7032343508
1761894529002
7154023128
1761894530004
7267897043
1761894531004
7381919700
1761894532004
7500742211
1761894533003
7621976215
1761894534003
7748014344
1761894535005
7873126023
1761894536005
7999612455
1761894537005
8123125078
1761894538002
8248844239
1761894539002
8373904710
1761894540004
8499359039
1761894541006
8623147175
1761894542004
8750662046
1761894543004
8875753828
1761894544004
9002111903
1761894545006
9128738043
1761894546006
9253386772
1761894547003
9372942252
1761894548003
9494834701
1761894549002
9616082560
1761894550002
9740085661
1761894551003
9862273397
1761894552002
9986940680
1761894553004
10110802851
1761894554005
10235707011
1761894555005
10361499231
1761894556004
10484574172
1761894557004
10611728143
1761894558005
10738691441
1761894559002
10862762474
1761894560002
10979077423
1761894561004
11092105210
1761894562002
11209851734
1761894563003
11322982975
1761894564003
11440128672
1761894565003
11555903156
1761894566003
11672875634
1761894567006
11790196196
1761894568005
11909636503
1761894569002
12031924642
1761894570004
12153176407
1761894571004
12277555971
1761894572004
12397004823
1761894573006
12514582464
1761894574004
12634039495
1761894575004
12756408200
1761894576005
12878859852
1761894577003
13001657084
1761894578006
13125071929
1761894579002
13247809896
1761894580004
13371986397
1761894581003
13498369374
1761894582005
13622867713
1761894583004
13747717064
1761894584004
13872952339
1761894585005
13998779714
1761894586003
14125732026
1761894587005
14249943256
1761894588005
14374452153
1761894589003
14499195853
1761894590004
14624111915
1761894591005
14747266446
1761894592004
14870195879
1761894593004
14991931286
1761894594004
15116318907
1761894595004
15238947682
1761894596004
15364912203
1761894597005
15488533103
1761894598002
15612823068
1761894599004
15729541092
1761894600004
15848190263
1761894601003
15969231518
1761894602002
16085677265
1761894603004
16204725849
1761894604004
16330576479
1761894605003
16456111253
1761894606002
16580287876
1761894607005
16704120933
1761894608004
16829205208
1761894609003
16954724234
1761894610004
17081394870
1761894611003
17207120805
1761894612004
17332667359
1761894613005
17456716235
1761894614006
17581105993
1761894615004
17706665791
1761894616003
17830555183
1761894617002
17950947148
1761894618002
18075389701
1761894619002
18201095128
1761894620003
18326257405
1761894621004
18452136295
1761894622003
18577527575
1761894623006
18702447116
1761894624005
18828010149
1761894625004
18953204104
1761894626004
19078794358
1761894627004
19203739534
1761894628004
19330277845
1761894629003
19455954648
1761894630004
19578720325
1761894631005
19700997111
1761894632004
19824241974
1761894633005
19945615504
1761894634005
20069872998
1761894635002
20194851987
1761894636004
20320475201
1761894637005
20444290496
1761894638006
20563878447
1761894639003
20684927759
1761894640003
20809973459
1761894641005
20935400445
1761894642004
21060199442
1761894643005
21183956694
1761894644005
21308775466
1761894645006
21431904606
1761894646004
21554804743
1761894647006
21676787280
1761894648005
21794626273
1761894649002
21912840326
1761894650003
22029501221
1761894651004
22141966570
1761894652004
22257343960
1761894653003
22370192732
1761894654004
22481485049
1761894655004
22595133684
1761894656003
22710200711
1761894657004
22826496922
1761894658005
22948126799
1761894659003
23066763275
1761894660003
23185998382
1761894661002
23307865624
1761894662004
23429878679
1761894663005
23547158713
1761894664003
23666178244
1761894665003
23787641373
1761894666002
23908161817
1761894667004
24031090701
1761894668004
24155356863
1761894669003
24278516826
1761894670004
24403014554
1761894671004
24526535112
1761894672005
24649512641
1761894673003
24772145018
1761894674002
24896473191
1761894675005
25021880035
1761894676004
25144855795
1761894677005
25266274978
1761894678002
25386288709
1761894679004
25505473768
1761894680004
25623708573
1761894681005
25739655724
1761894682005
25855563509
1761894683003
25975511444
1761894684004
26097756065
1761894685004
26217530722
1761894686005
26337459065
1761894687006
26456777729
1761894688003
26580435677
1761894689002
26705015558
1761894690005
26827478562
1761894691003
26951525791
1761894692004
27076229512
1761894693003
27197167923
1761894694004
27318238414
1761894695003
27439615484
1761894696004
27561991758
1761894697005
27683127739
1761894698004
27807120769
1761894699003
27932740992
1761894700005
28056995434
1761894701004
28179530948
1761894702006
28305810654
1761894703007
28432966090
1761894704005
28558304576
1761894705004
28682441526
1761894706004
28807985455
1761894707005
28931997406
1761894708003
29056274675
1761894709003
29177106641
1761894710003
29293348714
1761894711004
29409186064
1761894712004
29520563221
1761894713004
29637419550
1761894714003
29752584599
1761894715003
29866695635
1761894716006
29981606108
1761894717003
30100029938
1761894718004
30223639302
1761894719003
30345466932
1761894720005
30465354381
1761894721005
30586134528
1761894722005
30703333813
1761894723004
30829680902
1761894724003
30957313571
1761894725003
31081963825
1761894726003
31203107741
1761894727004
31321791703
1761894728005
31438807394
1761894729002
31553711824
1761894730003
31670627297
1761894731006
31790299598
1761894732005
31912745573
1761894733005
32034800498
1761894734004
32158779184
1761894735004
32282655088
1761894736004
32406925338
1761894737006
32531129793
1761894738004
32655452229
1761894739002
32779500556
1761894740004
32902959713
1761894741004
33025161060
1761894742005
33146930280
1761894743005
33266703106
1761894744005
33387941809
1761894745003
33512091760
1761894746005
33635829297
1761894747004
33759895141
1761894748004
33883963305
1761894749003
34011279141
1761894750003
34138338936
1761894751002
34266392868
1761894752004
34391918121
1761894753006
34516840957
1761894754004
34644437188
1761894755002
34772115939
1761894756005
34900864144
1761894757005
35028206775
1761894758004
35155341642
1761894759003
35280705152
1761894760002
35405752378
1761894761004
35531712383
1761894762005
35658400718
1761894763006
35785565004
1761894764004
35913907266
1761894765006
36043074050
1761894766004
36172197132
1761894767005
36298421480
1761894768004
36425042066
1761894769003
36552776663
1761894770004
36681873196
1761894771005
36808416695
1761894772003
36932182919
1761894773006
37051518795
1761894774005
37166337226
1761894775004
37284842233
1761894776005
37403819407
1761894777005
37523554452
1761894778005
37644554630
1761894779002
37768422294
1761894780004
37889064197
1761894781005
38009408799
1761894782005
38126914113
1761894783004
38240122808
1761894784006
38356497998
1761894785005
38475251661
1761894786004
38596578499
1761894787005
38716140266
1761894788005
38835981146
1761894789003
38956130252
1761894790004
39075597598
1761894791004
39195579041
1761894792003
39317398492
1761894793005
39439696336
1761894794005
39562477272
1761894795005
39684744415
1761894796005
39806076929
1761894797002
39928068010
1761894798004
40049145887
1761894799003
40171281133
1761894800003
40293291136
1761894801005
40413014157
1761894802003
40528384711
1761894803004
40640420557
1761894804003
40755686802
1761894805002
40865063048
1761894806004
40976828143
1761894807004
41091055756
1761894808002
41206688028
1761894809002
41321348257
1761894810002
41439228937
1761894811005
41553989141
1761894812003
41677981683
1761894813002
41800988387
1761894814003
41919052171
1761894815002
42038568040
1761894816005
42157752976
1761894817005
42278502179
1761894818005
42398832010
1761894819003
42519779149
1761894820004
42643189478
1761894821005
42768103709
1761894822003
42892819332
1761894823004
43015473559
1761894824004
43138618629
1761894825005
43261023895
1761894826006
43381807704
1761894827003
43502059838
1761894828004
43623482744
1761894829002
43745032055
1761894830004
43867874087
1761894831004
43990983207
1761894832005
44113288681
1761894833004
44234014873
1761894834004
44356455233
1761894835006
44479081323
1761894836003
44604566048
1761894837006
44727324462
1761894838004
44851757310
1761894839003
44975026221
1761894840004
45098369716
1761894841004
45222103164
1761894842003
45346714051
1761894843004
45471817795
1761894844006
45592889995
1761894845005
45716912200
1761894846004
45839985920
1761894847005
45962303112
1761894848005
46085882447
1761894849003
46211233505
1761894850004
46336097932
1761894851004
46460450885
1761894852005
46585758120
1761894853006
46710729114
1761894854004
46836803315
1761894855004
46962785414
1761894856004
47087669555
1761894857003
47212936934
1761894858003
47337397919
1761894859002
47462111895
1761894860004
47589637813
1761894861004
47718207552
1761894862003
47842401509
1761894863004
47968355533
1761894864003
48094623886
1761894865002
48224795001
1761894866004
48354084587
1761894867004
48480226659
1761894868006
48609478708
1761894869002
48739959026
1761894870004
48871014782
1761894871005
49001477705
1761894872005
49131323259
1761894873003
49262467210
1761894874005
49394981946
1761894875005
49525455917
1761894876005
49653185509
1761894877005
49782529721
1761894878005
49913540983
1761894879002
50040397775
1761894880004
50165589166
1761894881004
50287901352
1761894882004
50411526097
1761894883004
50537937028
1761894884005
50664623899
1761894885004
50791753029
1761894886003
50918483173
1761894887004
51042612250
1761894888004
51168647084
1761894889002
51294610201
1761894890005
51422341319
1761894891003
51550387500
1761894892005
51676023226
1761894893005
51802526809
1761894894004
51925626286
1761894895005
52049125848
1761894896002
52173851664
1761894897004
52300691183
1761894898005
52427873963
1761894899002
52555728372
1761894900004
52682703632
1761894901003
52808814943
1761894902005
52935559308
1761894903006
53062441125
1761894904002
53191163757
1761894905004
53318931679
1761894906004
53447347183
1761894907006
53576361989
1761894908004
53703970732
1761894909003
53830463512
1761894910004
53957676199
1761894911004
54086104642
1761894912004
54215916687
1761894913004
54344716651
1761894914003
54473998851
1761894915004
54601740102
1761894916004
54731644615
1761894917005
54861064572
1761894918005
54989007543
1761894919002
55117541821
1761894920005
55244631461
1761894921006
55372744658
1761894922005
55500105844
1761894923005
55621243778
1761894924004
55733339561
1761894925005
55851160365
1761894926003
55972823811
1761894927002
56094606885
1761894928002
56214475597
1761894929002
56337317018
1761894930005
56459518488
1761894931003
56581553759
1761894932006
56704263894
1761894933005
56826624420
1761894934006
56949384299
1761894935004
57074075081
1761894936005
57196622314
1761894937004
57316480283
1761894938004
57438981617
1761894939003
57562183206
1761894940003
57686635524
1761894941005
57810993238
1761894942004
57936493955
1761894943003
58063605202
1761894944005
58187449428
1761894945005
58312056287
1761894946003
58438412775
1761894947005
58563899697
1761894948003
58689439598
1761894949003
58815466680
1761894950004
58941322071
1761894951003
59066708224
1761894952004
59191233357
1761894953004
59313928966
1761894954005
59430037861
1761894955004
59542854405
1761894956014
59660636452
1761894957004
59777063034
1761894958003
59889170413
1761894959003
60002576129
1761894960002
60115966769
1761894961010
60224155945
1761894962004
60336891984
1761894963006
60450603363
1761894964003
60563411485
1761894965004
60677848509
1761894966004
60796291687
1761894967005
60914511477
1761894968005
61033328800
1761894969002
61152249394
1761894970003
61272786256
1761894971006
61393585629
1761894972005
61515376333
1761894973005
61639754128
1761894974005
61762825407
1761894975003
61885558613
1761894976005
62007593579
1761894977004
62130851442
1761894978004
62255191395
1761894979003
62377884501
1761894980002
62500464876
1761894981004
62624758137
1761894982004
62748787543
1761894983004
62871959347
1761894984005
62995746323
1761894985003
63117481241
1761894986004
63238952548
1761894987005
63363165426
1761894988004
63488847233
1761894989002
63615717575
1761894990002
63744683920
1761894991003
63871327272
1761894992005
63997216965
1761894993003
64124093410
1761894994005
64251091864
1761894995002
64380012860
1761894996004
64504507780
1761894997006
64625843712
1761894998004
64747828446
1761894999002
64871140020
1761895000004
64996451650
1761895001005
65120278115
1761895002005
65244394009
1761895003003
65371498053
1761895004005
65499456771
1761895005004
65624334869
1761895006005
65750951977
1761895007005
65878707265
1761895008005
66003973851
1761895009002
66123855930
1761895010005
66244101776
1761895011005
66366628257
1761895012003
66493893007
1761895013006
66619525742
1761895014005
66743163609
1761895015005
66869431658
1761895016004
66996065122
1761895017005
67118840443
1761895018006
67243302710
1761895019002
67368119468
1761895020004
67496948118
1761895021005
67630371177
1761895022005
67761401176
1761895023002
67888756197
1761895024004
68011194238
1761895025005
68135245556
1761895026003
68266943949
1761895027005
68398631539
1761895028003
68530853796
1761895029002
68660333018
1761895030004
68791003643
1761895031005
68923618232
1761895032006
69056185764
1761895033003
69185108896
1761895034005
69310723320
1761895035003
69435573465
1761895036003
69563775468
1761895037004
69694603991
1761895038003
69821649991
1761895039002
69948450387
1761895040002
70073316888
1761895041002
70200788181
1761895042005
70330202522
1761895043002
70455731986
1761895044005
70585614832
1761895045003
70712280768
1761895046002
70836805107
1761895047004
70963619358
1761895048003
71088603046
1761895049003
71215565917
1761895050002
71346142914
1761895051002
71474787849
1761895052005
71603501081
1761895053004
71732026326
1761895054005
71860731868
1761895055004
71988361302
1761895056005
72116099073
1761895057004
72244116263
1761895058003
72373770350
1761895059002
72502694885
1761895060005
72633471345
1761895061004
72760878734
1761895062006
72884989805
1761895063003
73009891402
1761895064004
73138876850
1761895065005
73268478142
1761895066005
73396795624
1761895067005
73525395636
1761895068004
73654393902
1761895069003
73784179337
1761895070004
73915313034
1761895071006
74042354030
1761895072005
74169725286
1761895073003
74297538191
1761895074005
74427121416
1761895075003
74555996147
1761895076006
74683779817
1761895077005
74810199415
1761895078003
74939143055
1761895079003
75065410310
1761895080003
75189090596
1761895081005
75313159370
1761895082004
75436905330
1761895083003
75563163430
1761895084005
75689758321
1761895085005
75813440926
1761895086004
75937536190
1761895087004
76059286488
1761895088005
76182358195
1761895089002
76302116189
1761895090004
76425747342
1761895091005
76551000806
1761895092006
76674640321
1761895093005
76798025320
1761895094003
76915396113
1761895095005
77031046696
1761895096004
77148325326
1761895097006
77265642409
1761895098004
77385602063
1761895099003
77506899665
1761895100002
77631646355
1761895101003
77755247052
1761895102003
77879038544
1761895103002
78001776572
1761895104002
78123554458
1761895105004
78247454227
1761895106003
78373167345
1761895107005
78498423799
1761895108005
78620420252
1761895109002
78740651023
1761895110004
78857519315
1761895111004
78975867035
1761895112003
79096257962
1761895113005
79216230555
1761895114005
79332897554
1761895115005
79449552712
1761895116005
79565486192
1761895117005
79682296256
1761895118005
79801845511
1761895119002
79915359991
1761895120004
80027653771
1761895121004
80144377593
1761895122005
80259101298
1761895123005
80375092945
1761895124004
80493708425
1761895125004
80608947815
1761895126005
80724031260
1761895127004
80844799323
1761895128003
80969686149
1761895129003
81094577248
1761895130004
81217251250
1761895131005
81338746240
1761895132003
81461440567
1761895133004
81584711674
1761895134003
81709789784
1761895135004
81831317732
1761895136005
81952513955
1761895137004
82074099399
1761895138003
82201132643
1761895139002
82327260066
1761895140004
82452212810
1761895141006
82574802523
1761895142005
82701330154
1761895143003
82827562435
1761895144002
82951261948
1761895145004
83075029026
1761895146005
83198473168
1761895147003
83321275893
1761895148003
83442409983
1761895149002
83568839896
1761895150004
83696851348
1761895151006
83823223644
1761895152004
83946064821
1761895153003
84071505235
1761895154004
84197498076
1761895155003
84322379532
1761895156005
84451365285
1761895157004
84578321015
1761895158003
84706596382
1761895159002
84835608931
1761895160004
84963239646
1761895161006
85085058304
1761895162006
85203034382
1761895163003
85320768028
1761895164003
85441167744
1761895165005
85561872574
1761895166004
85679272542
1761895167006
85798298422
1761895168003
85924604495
1761895169003
86052353008
1761895170003
86180630878
1761895171004
86308226621
1761895172003
86436690525
1761895173002
86561908222
1761895174002
86688787109
1761895175003
86810848442
1761895176006
86934230633
1761895177004
87057496004
1761895178005
87180547264
1761895179002
87301857561
1761895180003
87423552257
1761895181005
87546805115
1761895182005
87671319811
1761895183005
87797494354
1761895184004
87923637280
1761895185004
88048806027
1761895186004
88175592202
1761895187006
88305072217
1761895188004
88432622366
1761895189003
88556269511
1761895190003
88679963469
1761895191004
88807074044
1761895192005
88934553210
1761895193003
89059688815
1761895194006
89181546841
1761895195005
89301656030
1761895196005
89419428739
1761895197005
89545571238
1761895198005
89672165946
1761895199002
89797238502
1761895200004
89923395405
1761895201005
90050468200
1761895202005
90181918364
1761895203005
90304460897
1761895204004
90424553851
1761895205003
90546906627
1761895206005
90663400469
1761895207003
90779436793
1761895208006
90899794639
1761895209002
91020487934
1761895210004
91145383671
1761895211004
91272240768
1761895212002
91398701504
1761895213002
91525578438
1761895214003
91653735458
1761895215004
91781776024
1761895216005
91909645448
1761895217004
92035603316
1761895218003
92160673797
1761895219003
92285058244
1761895220004
92413338250
1761895221004
92541673859
1761895222005
92669515634
1761895223006
92796217091
1761895224003
92925059901
1761895225004
93053036869
1761895226004
93181527995
1761895227005
93308450582
1761895228004
93436972592
1761895229003
93563684914
1761895230004
93689370384
1761895231005
93816406802
1761895232005
93944399455
1761895233005
94073731155
1761895234003
94199237487
1761895235005
94323223802
1761895236005
94446416236
1761895237005
94569628323
1761895238005
94693784927
1761895239002
94818578552
1761895240004
94941528860
1761895241005
95066749670
1761895242004
95191921713
1761895243005
95315167003
1761895244003
95438387879
1761895245004
95562245777
1761895246005
95682022936
1761895247003
95798234126
1761895248004
95916404660
1761895249004
96036314998
1761895250003
96153194582
1761895251002
96270551581
1761895252002
96389941595
1761895253003
96509971256
1761895254004
96627924689
1761895255005
96748549014
1761895256004
96869085876
1761895257006
96989243345
1761895258005
97112754015
1761895259002
97237490878
1761895260004
97358652372
1761895261005
97476804291
1761895262005
97594676243
1761895263004
97714182407
1761895264003
97837543175
1761895265004
97959929519
1761895266006
98082052070
1761895267004
98203780519
1761895268005
98326384331
1761895269002
98450819986
1761895270002
98574873807
1761895271005
98692645905
1761895272003
98816136922
1761895273006
98932366178
1761895274004
99037382572
1761895275003
99144548984
1761895276002
99258708238
1761895277004
99372429565
1761895278005
99486688611
1761895279002
99600022672
1761895280003
99714792458
1761895281005
99837170075
1761895282003
99957748502
1761895283002
100075360078
1761895284002
100200316789
1761895285003
100325873353
1761895286004
100453431437
1761895287004
100573899207
1761895288004
100694178013
1761895289003
100816570705
1761895290004
100942014842
1761895291004
101067717096
1761895292005
101193736121
1761895293004
101320108661
1761895294004
101447060058
1761895295005
101573895731
1761895296005
101699613000
1761895297003
101826913760
1761895298005
101955574564
1761895299002
102086585032
1761895300003
102218126138
1761895301004
102345446552
1761895302004
102472276122
1761895303006
102599969704
1761895304003
102726494526
1761895305004
102850529670
1761895306006
102974223018
1761895307004
103103397675
1761895308003
103228018999
1761895309002
103356832329
1761895310004
103481064250
1761895311004
103607611350
1761895312004
103731767221
1761895313005
103853364872
1761895314003
103978670703
1761895315003
104104049349
1761895316005
104219759258
1761895317004
104334168939
1761895318005
104448876409
1761895319002
104570335631
1761895320004
104694213366
1761895321006
104819682588
1761895322005
104944215228
1761895323005
105072164547
1761895324003
105199661901
1761895325002
105329643075
1761895326004
105455811270
1761895327006
105580219826
1761895328004
105713617495
1761895329003
105841123089
1761895330004
105966456691
1761895331004
106092612191
1761895332003
106218740835
1761895333004
106346168121
1761895334004
106475468083
1761895335004
106603875713
1761895336005
106733037858
1761895337002
106861518426
1761895338004
106992205957
1761895339003
107124065300
1761895340004
107254323877
1761895341004
107382776246
1761895342002
107511231850
1761895343004
107640601636
1761895344005
107772151348
1761895345005
107901842178
1761895346003
108030065727
1761895347002
108157369356
1761895348004
108289741576
1761895349003
108423262169
1761895350004
108551961425
1761895351004
108681598971
1761895352004
108810795967
1761895353005
108935339166
1761895354004
109056803150
1761895355005
109178125593
1761895356002
109301688448
1761895357004
109425375082
1761895358006
109547701979
1761895359002
109673291867
1761895360003
109798802715
1761895361003
109925492943
1761895362004
110051588994
1761895363004
110176717336
1761895364005
110302907565
1761895365004
110429100113
1761895366004
110555921138
1761895367005
110683098120
1761895368006
110809143818
1761895369002
110936490049
1761895370004
111063750160
1761895371005
111190538776
1761895372004
111317025208
1761895373005
111442095872
1761895374005
111566208408
1761895375004
111689252832
1761895376005
111811527238
1761895377003
111934869451
1761895378005
112056250610
1761895379003
112179022391
1761895380003
112302959085
1761895381006
112426006561
1761895382005
112549879657
1761895383003
112671707653
1761895384005
112793969181
1761895385009
112913120853
1761895386003
113027558854
1761895387004
113142552456
1761895388004
113256496195
1761895389003
113372353686
1761895390004
113485952028
1761895391005
113599506547
1761895392004
113717868122
1761895393005
113838590713
1761895394005
113959986215
1761895395003
114080643377
1761895396002
114201642152
1761895397002
114322137144
1761895398002
114440724609
1761895399002
114561031369
1761895400002
114681112543
1761895401004
114801582572
1761895402006
114919852716
1761895403003
115039456352
1761895404004
115159241995
1761895405005
115278198661
1761895406004
115397038689
1761895407006
115513500793
1761895408003
115624216513
1761895409004
115732481434
1761895410002
115843012523
1761895411002
115953066928
1761895412004
116065610525
1761895413002
116181408507
1761895414004
116301329465
1761895415003
116424663438
1761895416005
116547117165
1761895417004
116669622955
1761895418004
116790761073
1761895419002
116915132215
1761895420004
117042718375
1761895421005
117171316800
1761895422004
117296882702
1761895423006
117421593442
1761895424006
117546264388
1761895425004
117671871122
1761895426005
117795013202
1761895427003
117919156378
1761895428003
118040093507
1761895429002
118157957829
1761895430005
118276965703
1761895431004
118395528632
1761895432003
118514955451
1761895433008
118630439835
1761895434004
118741834386
1761895435003
118857496871
1761895436002
118972973504
1761895437002
119089585083
1761895438005
119206126472
1761895439003
119328165161
1761895440004
119455002666
1761895441005
119580023647
1761895442002
119706409065
1761895443003
119833578906
1761895444003
119961516750
1761895445004
120093620171
1761895446002
120222558684
1761895447002
120347478225
1761895448005
120476500783
1761895449002
120604366667
1761895450005
120726867146
1761895451005
120849758189
1761895452003
120975095759
1761895453003
121100394511
1761895454006
121225258021
1761895455003
121347230060
1761895456004
121473174745
1761895457004
121602074684
1761895458006
121730231582
1761895459003
121857364008
1761895460003
121982296183
1761895461004
122106267058
1761895462005
122230892105
1761895463005
122361569260
1761895464005
122492660050
1761895465005
122622494130
1761895466003
122751490198
1761895467005
122878021613
1761895468005
123005459458
1761895469003
123131720121
1761895470004
123258713143
1761895471005
123385521107
1761895472005
123514950463
1761895473004
123643041932
1761895474006
123770832132
1761895475005
123898303241
1761895476006
124024030703
1761895477005
124152827126
1761895478006
124278324852
1761895479002
124406428283
1761895480005
124535810276
1761895481004
124666862004
1761895482005
124797224219
1761895483004
124924723038
1761895484005
125050596495
1761895485005
125176617657
1761895486005
125305092670
1761895487005
125433759699
1761895488005
125558917582
1761895489002
125683869837
1761895490004
125806772233
1761895491004
125930423283
1761895492006
126053594721
1761895493005
126175355457
1761895494005
126297998636
1761895495003
126423992271
1761895496005
126549440253
1761895497004
126672347409
1761895498004
126793920462
1761895499003
126917337261
1761895500004
127040822174
1761895501005
127164873309
1761895502005
127289258123
1761895503005
127413331474
1761895504005
127538769874
1761895505005
127664231711
1761895506004
127789462469
1761895507006
127913189142
1761895508006
128036504440
1761895509002
128157722330
1761895510004
128278392492
1761895511005
128396953102
1761895512005
128516098732
1761895513005
128635610450
1761895514005
128757827727
1761895515005
128881579058
1761895516005
129004904854
1761895517006
129127678282
1761895518005
129250669727
1761895519003
129374914587
1761895520004
129497839261
1761895521005
129621371598
1761895522005
129744022651
1761895523004
129866901975
1761895524005
129990298815
1761895525003
130113320961
1761895526004
130234104160
1761895527004
130352559057
1761895528003
130467737779
1761895529003
130583544245
1761895530003
130699526675
1761895531005
130815864268
1761895532004
130934089978
1761895533004
131051565019
1761895534003
131169937214
1761895535002
131290066240
1761895536002
131409535538
1761895537004
131528170122
1761895538005
131648539932
1761895539003
131771597356
1761895540004
131893117369
1761895541003
132007219250
1761895542004
132122180931
1761895543003
132238434234
1761895544005
132355759068
1761895545006
132474697729
1761895546005
132593401587
1761895547004
132711801919
1761895548003
132827404223
1761895549002
132942882931
1761895550003
133059819827
1761895551002
133182021235
1761895552004
133303218679
1761895553004
133421454094
1761895554004
133540957023
1761895555005
133661462391
1761895556005
133781683518
1761895557005
133902547467
1761895558003
134021888958
1761895559004
134140420942
1761895560005
134261467019
1761895561006
134384458587
1761895562005
134510158277
1761895563003
134632078192
1761895564004
134747066911
1761895565003
134861332793
1761895566002
134977785132
1761895567004
135088817990
1761895568002
135203162484
1761895569002
135320130996
1761895570002
135440979564
1761895571002
135561696479
1761895572002
135679794504
1761895573002
135798516307
1761895574003
135917181836
1761895575004
136034020709
1761895576006
136147559359
1761895577003
136254825381
1761895578004
136364906031
1761895579003
136474244619
1761895580002
136583054338
1761895581002
136695804720
1761895582003
136810741438
1761895583003
136925867974
1761895584004
137042892211
1761895585006
137158502388
1761895586003
137275380934
1761895587006
137390957665
1761895588005
137505883518
1761895589003
137624610204
1761895590004
137743913182
1761895591004
137861579751
1761895592006
137976566029
1761895593005
138092359373
1761895594004
138209755190
1761895595005
138329187624
1761895596004
138446675055
1761895597004
138561373919
1761895598006
138681655288
1761895599002
138803065256
1761895600005
138921733287
1761895601005
139040774608
1761895602005
139162324468
1761895603006
139284012145
1761895604004
139405940055
1761895605005
139526903552
1761895606005
139649743936
1761895607005
139772315582
1761895608004
139895461935
1761895609003
140014946553
1761895610004
140136089370
1761895611004
140258571906
1761895612006
140381396604
1761895613006
140504408740
1761895614005
140625803205
1761895615004
140744618940
1761895616004
140866479041
1761895617004
140989241178
1761895618005
141112615252
1761895619002
141234576732
1761895620004
141357370118
1761895621005
141481568897
1761895622005
141606272801
1761895623004
141728300260
1761895624004
141851189533
1761895625005
141974884956
1761895626004
142100556814
1761895627002
142226724826
1761895628004
142352298907
1761895629003
142476689702
1761895630004
142599456782
1761895631005
142722867172
1761895632005
142847458894
1761895633004
142972631486
1761895634005
143096828068
1761895635004
143220620719
1761895636004
143343035384
1761895637005
143467545502
1761895638004
143592386003
1761895639003
143714169688
1761895640004
143833431407
1761895641003
143955465640
1761895642003
144079139091
1761895643004
144204805944
1761895644005
144327760402
1761895645004
144450490435
1761895646004
144575186893
1761895647003
144700940233
1761895648004
144825408298
1761895649002
144948527856
1761895650004
145069604756
1761895651005
145193212288
1761895652003
145317892694
1761895653004
145441387617
1761895654004
145564667209
1761895655004
145685993925
1761895656006
145805529385
1761895657002
145919869303
1761895658005
146035872240
1761895659003
146153556204
1761895660004
146273338368
1761895661005
146394485702
1761895662005
146518025791
1761895663005
146642736471
1761895664006
146765614513
1761895665005
146888792359
1761895666002
147011585502
1761895667004
147135594279
1761895668005
147257226536
1761895669003
147380828636
1761895670003
147504678417
1761895671004
147628461547
1761895672006
147752090564
1761895673006
147876837803
1761895674005
147997699860
1761895675003
148117130889
1761895676005
148238578821
1761895677004
148361758376
1761895678006
148482958932
1761895679003
148601539195
1761895680004
148722832098
1761895681005
148843127688
1761895682005
148963213318
1761895683005
149082427735
1761895684002
149201876465
1761895685003
149321432921
1761895686004
149443769400
1761895687003
149565364365
1761895688005
149686194805
1761895689002
149805624553
1761895690004
149926515784
1761895691005
150047777497
1761895692003
150169082424
1761895693004
150288690516
1761895694005
150407745814
1761895695005
150525854154
1761895696004
150643674959
1761895697004
150762054172
1761895698005
150882224092
1761895699002
150999243506
1761895700005
151114790574
1761895701003
151230484431
1761895702003
151348544309
1761895703006
151467343687
1761895704004
151583101509
1761895705004
151700155713
1761895706004
151811143650
1761895707003
151920413695
1761895708004
152028567104
1761895709003
152134358459
1761895710005
152238469216
1761895711004
152350369259
1761895712005
152465254951
1761895713005
152578088525
1761895714005
152693956026
1761895715005
152810307229
1761895716004
152926789902
1761895717005
153041625241
1761895718005
153154627271
1761895719002
153270887776
1761895720002
153388910423
1761895721002
153506578213
1761895722002
153622036963
1761895723004
153736252857
1761895724006
153848805120
1761895725004
153957413668
1761895726006
154066714963
1761895727004
154177035603
1761895728002
154288777566
1761895729002
154401860711
1761895730006
154513351209
1761895731005
154627203213
1761895732006
154740294232
1761895733004
154853997188
1761895734005
154969966129
1761895735003
155085262465
1761895736006
155201639975
1761895737004
155322951676
1761895738006
155440083944
1761895739003
155555353852
1761895740004
155676458889
1761895741004
155798023153
1761895742005
155924703431
1761895743004
156051588971
1761895744005
156179026022
1761895745004
156303700447
1761895746004
156430171681
1761895747005
156557746427
1761895748004
156682144180
1761895749003
156811657337
1761895750004
156940599817
1761895751005
157068438663
1761895752004
157198024390
1761895753003
157327378307
1761895754006
157454986745
1761895755004
157582511870
1761895756005
157709574167
1761895757005
157838370590
1761895758005
157969895034
1761895759003
158102291424
1761895760005
158234849983
1761895761005
158366193092
1761895762004
158494785841
1761895763005
158621315974
1761895764004
158753069543
1761895765004
158882803341
1761895766005
159011297275
1761895767006
159138057388
1761895768004
159259880501
1761895769003
159384582208
1761895770002
159508325300
1761895771003
159628395366
1761895772004
159749793859
1761895773005
159873208643
1761895774006
160002095764
1761895775005
160132061252
1761895776005
160259970775
1761895777005
160383219483
1761895778004
160500806279
1761895779002
160629229474
1761895780004
160757317647
1761895781005
160884469299
1761895782005
161009500290
1761895783005
161137933616
1761895784004
161271047899
1761895785006
161402460771
1761895786004
161529241757
1761895787006
161658032931
1761895788003
161785798901
1761895789002
161913449575
1761895790004
162043645897
1761895791004
162171349977
1761895792004
162297505537
1761895793003
162426376912
1761895794003
162555979241
1761895795005
162684195221
1761895796002
162813542790
1761895797004
162941779889
1761895798003
163071998916
1761895799002
163201890063
1761895800004
163329172269
1761895801003
163455480295
1761895802005
163581253533
1761895803002
163704213118
1761895804003
163827947908
1761895805006
163953469133
1761895806003
164081304682
1761895807004
164211204496
1761895808006
164336582349
1761895809002
164461808713
1761895810004
164589105323
1761895811005
164717108169
1761895812004
164846567737
1761895813004
164976129417
1761895814004
165106543695
1761895815003
165233085058
1761895816005
165359381061
1761895817005
165483154120
1761895818005
165607640008
1761895819002
165733485694
1761895820002
165861544997
1761895821004
165990563466
1761895822004
166118756619
1761895823005
166246985051
1761895824004
166375771769
1761895825003
166504563615
1761895826003
166633100700
1761895827006
166761049897
1761895828005
166888464976
1761895829002
167017591904
1761895830002
167147246540
1761895831005
167275792537
1761895832005
167400111371
1761895833004
167522139501
1761895834003
167648756364
1761895835004
167776075863
1761895836004
167902437783
1761895837004
168027546716
1761895838004
168153718512
1761895839003
168283079509
1761895840003
168412054886
1761895841003
168538425413
1761895842004
168662900436
1761895843004
168783629985
1761895844005
168899189626
1761895845004
169012070501
1761895846004
169127604141
1761895847004
169241661161
1761895848003
169357146156
1761895849002
169471050589
1761895850005
169586374817
1761895851005
169703765264
1761895852002
169823196904
1761895853006
169943548952
1761895854005
170064881954
1761895855003
170187710802
1761895856002
170311004310
1761895857002
170435178552
1761895858003
170557232928
1761895859002
170679245738
1761895860004
170803323667
1761895861005
170929040814
1761895862003
171054960474
1761895863003
171178627333
1761895864004
171300612311
1761895865004
171420931217
1761895866004
171537777659
1761895867006
171655399306
1761895868002
171775138806
1761895869002
171892909196
1761895870003
172007515836
1761895871004
172121059429
1761895872004
172232695252
1761895873003
172346086624
1761895874004
172457109473
1761895875005
172566998901
1761895876004
172681222851
1761895877002
172798383501
1761895878003
172919462781
1761895879002
173042621951
1761895880002
173164934321
1761895881002
173289731242
1761895882004
173413631560
1761895883003
173539096327
1761895884003
173662301334
1761895885004
173785500054
1761895886003
173910543008
1761895887003
174033966459
1761895888004
174157903336
1761895889003
174280972601
1761895890004
174405386345
1761895891004
174527816513
1761895892005
174654027127
1761895893004
174779160230
1761895894005
174904281797
1761895895004
175030805093
1761895896004
175160904126
1761895897005
175288127921
1761895898005
175413292517
1761895899003
175539565510
1761895900004
175667801754
1761895901004
175797310211
1761895902005
175924279552
1761895903005
176052891466
1761895904004
176184273942
1761895905006
176312190729
1761895906004
176440512727
1761895907005
176569911322
1761895908004
176700504432
1761895909003
176829944408
1761895910004
176959090989
1761895911002
177080540019
1761895912003
177202113744
1761895913004
177325991661
1761895914005
177452686344
1761895915005
177577027945
1761895916003
177702612035
1761895917003
177831025708
1761895918003
177958868948
1761895919002
178086570220
1761895920005
178212924694
1761895921004
178340597524
1761895922005
178474680737
1761895923005
178604424729
1761895924003
178726350870
1761895925004
178847587192
1761895926005
178969187711
1761895927004
179084974890
1761895928005
179200782638
1761895929003
179317712210
1761895930003
179434988399
1761895931002
179555729606
1761895932002
179678804974
1761895933004
179803812772
1761895934004
179927083758
1761895935004
180052273684
1761895936006
180179244550
1761895937005
180306158776
1761895938006
180431413277
1761895939003
180555667903
1761895940004
180680726970
1761895941004
180808037435
1761895942006
180934268801
1761895943006
181061357099
1761895944003
181190958818
1761895945003
181317311888
1761895946005
181439178580
1761895947005
181564637427
1761895948006
181689599936
1761895949002
181816352297
1761895950004
181942238816
1761895951005
182067990447
1761895952005
182196134711
1761895953004
182324200912
1761895954005
182451782983
1761895955004
182579823060
1761895956005
182707014812
1761895957006
182835146503
1761895958006
182962182494
1761895959003
183089085978
1761895960004
183213570766
1761895961004
183338535962
1761895962004
183465555473
1761895963005
183593317475
1761895964005
183721984626
1761895965005
183847120719
1761895966003
183973695163
1761895967005
184097835837
1761895968005
184223741948
1761895969003
184352210918
1761895970003
184479482260
1761895971004
184606898926
1761895972004
184730277821
1761895973004
184853788491
1761895974004
184976552764
1761895975004
185101280961
1761895976006
185228411067
1761895977004
185356367954
1761895978006
185485447763
1761895979004
185614168320
1761895980004
185741267421
1761895981005
185867426094
1761895982005
185993913380
1761895983004
186119743991
1761895984005
186244778339
1761895985004
186368944342
1761895986005
186493887686
1761895987005
186616096175
1761895988005
186736977823
1761895989002
186859184969
1761895990004
186980119413
1761895991005
187100201198
1761895992005
187220000390
1761895993003
187336387544
1761895994004
187449739670
1761895995006
187566028801
1761895996002
187683044981
1761895997002
187799029059
1761895998004
187916389782
1761895999003
188035052686
1761896000004
188155315806
1761896001006
188274434825
1761896002007
188392071181
1761896003006
188509894793
1761896004002
188621275795
1761896005004
188735913746
1761896006002
188849064946
1761896007003
188965235852
1761896008003
189083995619
1761896009002
189205009530
1761896010002
189325115607
1761896011004
189445570926
1761896012006
189565622498
1761896013005
189687176508
1761896014004
189808871815
1761896015004
189930881512
1761896016004
190051736977
1761896017006
190171795568
1761896018006
190291049108
1761896019002
190410513890
1761896020004
190530440585
1761896021005
190650687592
1761896022005
190770085418
1761896023005
190885196818
1761896024005
190994303289
1761896025003
191108736102
1761896026002
191224142300
1761896027004
191340002111
1761896028005
191455189255
1761896029002
191571166558
1761896030003
191686605533
1761896031003
191799190694
1761896032006
191913828767
1761896033005
192030620460
1761896034004
192149691689
1761896035003
192272647795
1761896036002
192395918170
1761896037004
192515260211
1761896038004
192634808733
1761896039002
192757492013
1761896040003
192880566832
1761896041002
193002016228
1761896042005
193124144516
1761896043005
193247055335
1761896044004
193368391084
1761896045003
193489051297
1761896046002
193610731894
1761896047003
193729773154
1761896048004
193849175009
1761896049003
193968968526
1761896050004
194084187164
1761896051005
194205671472
1761896052005
194327147906
1761896053004
194445886128
1761896054005
194563730187
1761896055004
194684271443
1761896056005
194805280288
1761896057005
194925272901
1761896058005
195044499647
1761896059002
195163474379
1761896060004
195282030350
1761896061005
195396236722
1761896062003
195502763732
1761896063003
195608978060
1761896064005
195713569223
1761896065003
195820730387
1761896066003
195935389639
1761896067005
196047516244
1761896068006
196160060084
1761896069002
196273150127
1761896070005
196387262689
1761896071006
196500748055
1761896072006
196613678918
1761896073005
196724994063
1761896074005
196842699450
1761896075005
196964656169
1761896076006
197086294652
1761896077006
197203893777
1761896078006
197323559059
1761896079002
197443383276
1761896080004
197566054776
1761896081006
197687795431
1761896082004
197812254585
1761896083005
197936092586
1761896084004
198059882247
1761896085006
198182576696
1761896086004
198305905055
1761896087004
198428446062
1761896088003
198549262403
1761896089002
198673895934
1761896090004
198796170279
1761896091004
198923154756
1761896092005
199046014244
1761896093004
199172041387
1761896094006
199295402888
1761896095005
199418341904
1761896096005
199538579756
1761896097005
199660470313
1761896098005
199785236046
1761896099002
199913083497
1761896100004
200040118083
1761896101005
200165326991
1761896102004
200288091631
1761896103004
200410391916
1761896104004
200534942989
1761896105005
200658379135
1761896106004
200781529943
1761896107003
200904844019
1761896108006
201033280641
1761896109003
201161662942
1761896110002
201287720480
1761896111004
201412763739
1761896112003
201538400869
1761896113003
201662383157
1761896114002
201783989901
1761896115004
201902961032
1761896116006
202026238915
1761896117002
202149260877
1761896118003
202273280396
1761896119003
202398425340
1761896120004
202523989410
1761896121004
202648570085
1761896122003
202773787843
1761896123004
202899286362
1761896124004
203024935516
1761896125003
203148970720
1761896126005
203273135991
1761896127003
203399941208
1761896128004
203526400296
1761896129003
203651658093
1761896130003
203777121517
1761896131004
203900799240
1761896132003
204025624665
1761896133005
204147319483
1761896134005
204274348028
1761896135005
204398859428
1761896136006
204519226917
1761896137002
204638078725
1761896138004
204757425038
1761896139002
204880538614
1761896140004
205006803916
1761896141006
205131641975
1761896142005
205257682363
1761896143006
205379820417
1761896144004
205494946221
1761896145004
205605471024
1761896146005
205719003387
1761896147003
205835764868
1761896148005
205952272870
1761896149003
206070959395
1761896150005
206191146160
1761896151004
206311964637
1761896152005
206430593423
1761896153004
206548887737
1761896154005
206665321399
1761896155005
206783015067
1761896156003
206904077135
1761896157005
207028246739
1761896158005
207151586511
1761896159002
207274622940
1761896160004
207396502693
1761896161005
207518875366
1761896162006
207642824145
1761896163004
207770366360
1761896164006
207898881290
1761896165004
208026187300
1761896166006
208153136255
1761896167005
208279348639
1761896168003
208408381939
1761896169002
208535625815
1761896170004
208662684877
1761896171006
208789614789
1761896172005
208917250692
1761896173003
209045921994
1761896174005
209174739230
1761896175005
209301836195
1761896176003
209423532294
1761896177004
209547567926
1761896178002
209675318149
1761896179002
209803974985
1761896180003
209924552923
1761896181003
210043229744
1761896182003
210160760754
1761896183002
210280296519
1761896184003
210397260148
1761896185004
210514418235
1761896186003
210636481154
1761896187003
210761563537
1761896188004
210887816876
1761896189003
211012582914
1761896190003
211132460415
1761896191004
211251733303
1761896192003
211375754469
1761896193002
211501505857
1761896194002
211622615471
1761896195002
211747442300
1761896196004
211875325944
1761896197004
212004582022
1761896198004
212132833098
1761896199003
212258675000
1761896200004
212383212156
1761896201005
212505277823
1761896202005
212628558330
1761896203006
212753417874
1761896204003
212873880273
1761896205006
212990077180
1761896206004
213108382297
1761896207003
213227158848
1761896208004
213346868076
1761896209003
213466026950
1761896210004
213587936428
1761896211006
213710785418
1761896212005
213835913455
1761896213005
213961315538
1761896214003
214086775544
1761896215003
214213650525
1761896216002
214340175286
1761896217003
214469793119
1761896218005
214597462286
1761896219002
214721136896
1761896220004
214844546371
1761896221004
214967738987
1761896222005
215091676597
1761896223005
215211979512
1761896224005
215324760473
1761896225003
215441202009
1761896226006
215557668752
1761896227005
215675559746
1761896228004
215795601980
1761896229003
215914350150
1761896230003
216037478802
1761896231003
216160533907
1761896232005
216283918479
1761896233004
216408689644
1761896234002
216534972829
1761896235002
216661656465
1761896236002
216787015397
1761896237004
216916118521
1761896238005
217047466024
1761896239002
217176737666
1761896240005
217306175384
1761896241005
217436087038
1761896242005
217564611856
1761896243006
217692293170
1761896244006
217816332769
1761896245004
217936567203
1761896246003
218056985840
1761896247004
218176948301
1761896248004
218296737972
1761896249002
218420534592
1761896250003
218546572721
1761896251002
218672892771
1761896252002
218796639158
1761896253005
218919451710
1761896254005
219043189309
1761896255004
219171120439
1761896256005
219300958912
1761896257005
219425897496
1761896258004
219553011917
1761896259003
219680486627
1761896260004
219807613011
1761896261005
219933367022
1761896262004
220060206358
1761896263004
220185997113
1761896264005
220308948397
1761896265006
220431162989
1761896266006
220554930373
1761896267004
220678843080
1761896268004
220801418755
1761896269002
220923580064
1761896270003
221047437351
1761896271005
221171956869
1761896272005
221298121829
1761896273004
221424214585
1761896274004
221547563268
1761896275005
221667834933
1761896276003
221789963710
1761896277002
221907718963
1761896278004
222023713661
1761896279003
222141382610
1761896280002
222256397696
1761896281002
222374691766
1761896282002
222496005726
1761896283004
222614484426
1761896284004
222734717151
1761896285005
222854638780
1761896286004
222973948350
1761896287006
223093892928
1761896288004
223214104595
1761896289003
223335509985
1761896290005
223455296422
1761896291004
223575094516
1761896292006
223694340549
1761896293006
223813949251
1761896294004
223936627526
1761896295005
224059202468
1761896296005
224176602803
1761896297003
224293464564
1761896298003
224409293979
1761896299002
224522760059
1761896300004
224637248291
1761896301004
224756702331
1761896302005
224876619993
1761896303004
224996739314
1761896304006
225114372985
1761896305005
225233254944
1761896306003
225353326658
1761896307003
225474251580
1761896308004
225595694568
1761896309002
225716122482
1761896310003
225837771768
1761896311005
225960269440
1761896312004
226084890764
1761896313005
226210329103
1761896314004
226336460555
1761896315002
226460914887
1761896316005
226583817954
1761896317006
226704751238
1761896318006
226828249152
1761896319003
226953708059
1761896320003
227079621921
1761896321005
227203396629
1761896322005
227327156200
1761896323004
227451320494
1761896324005
227570408751
1761896325003
227690437374
1761896326004
227810299128
1761896327004
227931358632
1761896328005
228053610334
1761896329002
228179566859
1761896330002
228301439167
1761896331005
228422824171
1761896332004
228536131925
1761896333003
228649001388
1761896334002
228763086911
1761896335004
228876840953
1761896336004
228991560874
1761896337006
229106603671
1761896338005
229224468298
1761896339003
229344849277
1761896340005
229466910610
1761896341005
229588771809
1761896342006
229711160839
1761896343005
229835223082
1761896344005
229960861432
1761896345004
230084680879
1761896346005
230208497029
1761896347004
230328588335
1761896348004
230450395336
1761896349003
230575457393
1761896350005
230699746199
1761896351005
230824784392
1761896352005
230948637834
1761896353006
231073492373
1761896354006
231198898790
1761896355005
231324168855
1761896356005
231448245686
1761896357004
231572299568
1761896358005
231695968502
1761896359003
231816052057
1761896360004
231935215326
1761896361004
232056192189
1761896362005
232176030688
1761896363004
232295174426
1761896364004
232414962206
1761896365005
232536812419
1761896366003
232659177218
1761896367004
232782665061
1761896368003
232901648216
1761896369003
233016589205
1761896370003
233133861061
1761896371004
233250585433
1761896372003
233368413134
1761896373002
233487378589
1761896374004
233606600390
1761896375003
233726152269
1761896376003
233844745899
1761896377003
233961515375
1761896378005
234080227352
1761896379003
234200422295
1761896380003
234320284904
1761896381002
234439129753
1761896382002
234557030941
1761896383004
234677225030
1761896384005
234797811574
1761896385003
234918709336
1761896386003
235039333234
1761896387003
235161649571
1761896388004
235282639679
1761896389003
235404872398
1761896390002
235528952220
1761896391003
235651192690
1761896392006
235774587821
1761896393006
235898554789
1761896394004
236024798729
1761896395003
236149247201
1761896396005
236272945493
1761896397005
236394990225
1761896398004
236517603802
1761896399003
236638458351
1761896400004
236753598987
1761896401006
236869928706
1761896402003
236991654408
1761896403005
237109654045
1761896404005
237224974184
1761896405006
237340993784
1761896406005
237457477800
1761896407005
237577796767
1761896408005
237700738652
1761896409003
237821125063
1761896410004
237939975772
1761896411005
238064871631
1761896412002
238190952546
1761896413005
238312534388
1761896414005
238432888389
1761896415004
238553897845
1761896416004
238677532538
1761896417006
238802794852
1761896418005
238926683145
1761896419002
239050074126
1761896420005
239174614823
1761896421004
239299825379
1761896422006
239422523124
1761896423005
239544901045
1761896424005
239668332736
1761896425004
239793460467
1761896426004
239918361454
1761896427006
240041394891
1761896428006
240163712755
1761896429002
240283988448
1761896430004
240403423994
1761896431005
240524323587
1761896432004
240643459268
1761896433005
240760834334
1761896434004
240876628349
1761896435005
240991919375
1761896436004
241107161572
1761896437004
241224894913
1761896438003
241343626665
1761896439003
241463348771
1761896440004
241584404186
1761896441005
241705339789
1761896442005
241827600219
1761896443004
241950233511
1761896444004
242074176919
1761896445004
242201597979
1761896446006
242328403075
1761896447003
242450956533
1761896448005
242572963972
1761896449003
242696838716
1761896450003
242822118974
1761896451004
242946463504
1761896452004
243068695369
1761896453004
243191081835
1761896454005
243316812837
1761896455005
243442014909
1761896456005
243565367437
1761896457005
243689595757
1761896458003
243809840444
1761896459002
243931292343
1761896460004
244053170449
1761896461005
244175741241
1761896462006
244298916341
1761896463003
244422685677
1761896464004
244546447201
1761896465003
244666587030
1761896466004
244788402026
1761896467004
244912788732
1761896468002
245039607438
1761896469003
245164134341
1761896470005
245289196276
1761896471004
245415097199
1761896472006
245537028894
1761896473004
245657012595
1761896474005
245776603720
1761896475004
245895139488
1761896476005
246016328814
1761896477005
246141018131
1761896478005
246264621819
1761896479002
246388175030
1761896480002
246508504373
1761896481004
246628461708
1761896482005
246749480868
1761896483005
246872725242
1761896484005
246997301156
1761896485005
247122172297
1761896486005
247245363021
1761896487004
247366486674
1761896488004
247489232148
1761896489003
247610528652
1761896490004
247729325406
1761896491005
247843195231
1761896492006
247958316396
1761896493002
248072989138
1761896494004
248186544999
1761896495006
248301541348
1761896496006
248422106408
1761896497006
248542649923
1761896498003
248662314655
1761896499002
248783935743
1761896500003
248907518678
1761896501004
249034627850
1761896502005
249159704129
1761896503004
249285507213
1761896504003
249408131349
1761896505004
249530799004
1761896506005
249643332530
1761896507006
249757476769
1761896508002
249877096946
1761896509002
249996857259
1761896510004
250114404749
1761896511005
250235383016
1761896512006
250359217294
1761896513003
250483070248
1761896514002
250605435352
1761896515004
250728276102
1761896516004
250852117399
1761896517003
250978415599
1761896518004
251107679916
1761896519002
251232742035
1761896520005
251356309101
1761896521005
251475793659
1761896522004
251601711244
1761896523003
251727887740
1761896524002
251855183435
1761896525003
251983908996
1761896526006
252113524021
1761896527005
252241205945
1761896528003
252367305537
1761896529002
252493684669
1761896530004
252620649920
1761896531005
252747831174
1761896532005
252876591037
1761896533002
253001664447
1761896534005
253128596251
1761896535003
253256127785
1761896536006
253381930747
1761896537005
253504033584
1761896538006
253628210268
1761896539003
253751023918
1761896540004
253876499183
1761896541006
254002708821
1761896542004
254127383428
1761896543004
254255904095
1761896544005
254386480910
1761896545005
254513066950
1761896546003
254639588477
1761896547004
254765633809
1761896548004
254888806833
1761896549003
255011265382
1761896550002
255133057856
1761896551005
255254739856
1761896552004
255376851909
1761896553004
255499425082
1761896554005
255621069485
1761896555004
255742002708
1761896556005
255865138745
1761896557002
255986319526
1761896558004
256115029768
1761896559002
256243467183
1761896560002
256369342411
1761896561003
256493995839
1761896562005
256621797941
1761896563006
256751353334
1761896564005
256879097942
1761896565005
257006230123
1761896566004
257133597473
1761896567006
257263233006
1761896568005
257393957280
1761896569003
257521195663
1761896570004
257646422515
1761896571004
257772383313
1761896572006
257897271971
1761896573006
258022027755
1761896574005
258145088414
1761896575005
258268764123
1761896576005
258395783573
1761896577004
258523612652
1761896578004
258650074060
1761896579003
258778770385
1761896580004
258903944381
1761896581005
259029003632
1761896582005
259154032975
1761896583004
259276943549
1761896584005
259398647766
1761896585002
259513476085
1761896586004
259630728898
1761896587005
259748104513
1761896588006
259866482017
1761896589003
259986110740
1761896590005
260105032554
1761896591005
260216679607
1761896592005
260331072930
1761896593002
260444937446
1761896594004
260561411757
1761896595005
260680406020
1761896596002
260805235718
1761896597004
260931813091
1761896598005
261056744656
1761896599003
261182179821
1761896600003
261306811094
1761896601005
261428261161
1761896602005
261553081154
1761896603005
261679206747
1761896604003
261807582700
1761896605004
261933013714
1761896606004
262057721647
1761896607005
39066550
1761896608004
166831054
1761896609003
295714269
1761896610002
424094861
1761896611004
551885611
1761896612004
680507962
1761896613004
806437754
1761896614003
930444029
1761896615002
1052571646
1761896616004
1174078659
1761896617005
1298654878
1761896618004
1420588648
1761896619003
1538398283
1761896620002
1654888524
1761896621005
1770493087
1761896622004
1888598619
1761896623004
2006916432
1761896624004
2126265491
1761896625005
2246424974
1761896626004
2370697178
1761896627004
2495522359
1761896628005
2622247803
1761896629003
2746120045
1761896630004
2869505593
1761896631005
2990688449
1761896632006
3112106351
1761896633004
3235530352
1761896634003
3352105005
1761896635002
3470690516
1761896636005
3590475427
1761896637005
3715394602
1761896638006
3838942076
1761896639002
3963525192
1761896640002
4087999544
1761896641004
4205615454
1761896642005
4324695166
1761896643002
4443111672
1761896644003
4565062593
1761896645003
4685712919
1761896646002
4807355674
1761896647004
4930348889
1761896648004
5056123775
1761896649003
5183326879
1761896650004
5309861956
1761896651005
5430926587
1761896652005
5553536075
1761896653005
5681822795
1761896654004
5808928488
1761896655006
5934983097
1761896656005
6059835622
1761896657004
6186775055
1761896658005
6314523934
1761896659002
6443729658
1761896660004
6570881066
1761896661005
6697200140
1761896662005
6822467641
1761896663004
6948697543
1761896664004
7075069229
1761896665004
7201936763
1761896666004
7328210487
1761896667004
7451525235
1761896668005
7577193676
1761896669002
7703487725
1761896670002
7826166366
1761896671003
7939208069
1761896672003
8050456563
1761896673003
8166237089
1761896674002
8284231905
1761896675004
8410004837
1761896676005
8534500124
1761896677005
8658804676
1761896678005
8782300942
1761896679002
8905516813
1761896680003
9026638634
1761896681005
9146910299
1761896682004
9267518694
1761896683004
9389675059
1761896684005
9511939943
1761896685004
9637477464
1761896686004
9765522485
1761896687002
9894198669
1761896688003
10019129502
1761896689002
10145414701
1761896690002
10271817393
1761896691003
10400105516
1761896692003
10527456875
1761896693004
10653272410
1761896694004
10779213005
1761896695004
10907655670
1761896696004
11038149598
1761896697003
11168285373
1761896698005
11293554889
1761896699002
11415086805
1761896700002
11533614455
1761896701004
11652342301
1761896702003
11770141316
1761896703002
11891297316
1761896704005
12012133372
1761896705005
12137653314
1761896706004
12261815106
1761896707005
12385683868
1761896708004
12510218950
1761896709002
12634712406
1761896710005
12763323710
1761896711004
12890991779
1761896712005
13019665400
1761896713006
13146228613
1761896714005
13269999964
1761896715004
13397683170
1761896716005
13525835063
1761896717004
13654494158
1761896718005
13782346125
1761896719002
13910145725
1761896720004
14037889661
1761896721005
14165282767
1761896722006
14292255525
1761896723004
14420392527
1761896724005
14545440668
1761896725004
14665122857
1761896726004
14783860102
1761896727004
14903513360
1761896728005
15024418141
1761896729003
15147788064
1761896730004
15269507662
1761896731006
15391263515
1761896732005
15514314775
1761896733005
15640185180
1761896734004
15765775984
1761896735004
15890154816
1761896736004
16013557332
1761896737006
16136672679
1761896738005
16260007446
1761896739002
16379281189
1761896740004
16499831295
1761896741004
16620171563
1761896742005
16741062733
1761896743004
16863482769
1761896744005
16983218424
1761896745004
17104905430
1761896746003
17226033476
1761896747004
17349071675
1761896748005
17472056223
1761896749003
17594552858
1761896750004
17717510429
1761896751003
17840646771
1761896752004
17961373208
1761896753004
18082343296
1761896754006
18202367769
1761896755004
18321996918
1761896756002
18442552518
1761896757005
18561232878
1761896758005
18676075846
1761896759004
18788831295
1761896760004
18903810126
1761896761003
19020532484
1761896762005
19135314294
1761896763005
19250731968
1761896764005
19366710552
1761896765003
19485966229
1761896766004
19604207015
1761896767004
19725382608
1761896768005
19840735645
1761896769002
19951548960
1761896770002
20058323467
1761896771003
20165525524
1761896772004
20272311384
1761896773004
20383596621
1761896774003
20498825757
1761896775002
20614047020
1761896776004
20728842747
1761896777004
20844924603
1761896778003
20960949696
1761896779002
21077060666
1761896780004
21196799678
1761896781005
21313678957
1761896782006
21429238231
1761896783003
21545500202
1761896784003
21664142171
1761896785004
21781958947
1761896786004
21900314723
1761896787005
22022026692
1761896788002
22144709971
1761896789002
22263206922
1761896790004
22382088270
1761896791004
22503738715
1761896792006
22624545718
1761896793004
22747147577
1761896794004
22865472348
1761896795005
22989332687
1761896796004
23113830354
1761896797005
23235283229
1761896798006
23358007342
1761896799004
23479496166
1761896800005
23600196419
1761896801004
23718045360
1761896802004
23832549401
1761896803005
23943905805
1761896804005
24057952144
1761896805004
24169815383
1761896806004
24279971961
1761896807005
24394320851
1761896808006
24516256818
1761896809002
24636781778
1761896810004
24757873570
1761896811005
24876514196
1761896812005
24995055519
1761896813003
25115962924
1761896814003
25236970183
1761896815003
25356494901
1761896816003
25476262173
1761896817003
25596100550
1761896818004
25719514174
1761896819002
25842678532
1761896820004
25963527649
1761896821004
26085144891
1761896822005
26208153304
1761896823005
26329924233
1761896824004
26451914155
1761896825005
26569007910
1761896826005
26684585373
1761896827003
26800810418
1761896828005
26919257990
1761896829002
27040017874
1761896830004
27162751813
1761896831004
27285674106
1761896832003
27408448144
1761896833004
27531872816
1761896834004
27655406008
1761896835005
27778453301
1761896836004
27902237896
1761896837003
28026249602
1761896838003
28151583205
1761896839003
28272667489
1761896840004
28392169930
1761896841005
28516930841
1761896842002
28640468001
1761896843004
28762695166
1761896844005
28886759301
1761896845005
29010513074
1761896846004
29130085399
1761896847006
29252213383
1761896848004
29375600091
1761896849002
29498509383
1761896850004
29622277316
1761896851005
29744967492
1761896852004
29870470223
1761896853004
29994358150
1761896854006
30118042526
1761896855005
30241164525
1761896856005
30366055319
1761896857004
30489855905
1761896858004
30613362974
1761896859003
30738234847
1761896860004
30863377776
1761896861006
30986654438
1761896862005
31110172188
1761896863005
31231626589
1761896864005
31349830022
1761896865004
31467167368
1761896866005
31583808488
1761896867005
31706196236
1761896868004
31830083431
1761896869003
31951946034
1761896870004
32076561072
1761896871005
32200653344
1761896872005
32326175240
1761896873005
32450281001
1761896874006
32573727524
1761896875005
32697370945
1761896876005
32822025960
1761896877005
32944750500
1761896878004
33069383176
1761896879003
33197014319
1761896880004
33322336630
1761896881003
33445109631
1761896882004
33569206543
1761896883006
33694175522
1761896884003
33820873074
1761896885005
33944350358
1761896886005
34064377394
1761896887004
34185692818
1761896888005
34309208432
1761896889003
34433894331
1761896890003
34556811802
1761896891004
34680169397
1761896892005
34801977129
1761896893004
34924540414
1761896894005
35046390200
1761896895005
35164360723
1761896896004
35278609759
1761896897004
35395715050
1761896898005
35513890102
1761896899002
35630379489
1761896900004
35746649821
1761896901005
35862721789
1761896902003
35975073797
1761896903005
36088478780
1761896904004
36204928433
1761896905004
36320256690
1761896906003
36438391824
1761896907002
36559785373
1761896908002
36683178979
1761896909002
36803574544
1761896910004
36921667260
1761896911004
37039977198
1761896912006
37161067037
1761896913005
37284722299
1761896914002
37403120556
1761896915003
37519370319
1761896916004
37636201136
1761896917005
37752071811
1761896918005
37868262615
1761896919002
37987370464
1761896920003
38106979045
1761896921003
38230232940
1761896922002
38354167499
1761896923003
38477348458
1761896924002
38604307544
1761896925003
38729461643
1761896926004
38854671894
1761896927004
38980639955
1761896928004
39101550778
1761896929002
39224532519
1761896930003
39348434301
1761896931009
39468518711
1761896932006
39585747903
1761896933002
39703250227
1761896934004
39825362829
1761896935005
39944673437
1761896936005
40060199264
1761896937003
40178529833
1761896938002
40298506881
1761896939003
40422983247
1761896940002
40547411029
1761896941002
40668418044
1761896942003
40788444775
1761896943005
40907649548
1761896944005
41029313482
1761896945004
41150144533
1761896946005
41268843204
1761896947002
41384288282
1761896948005
41503896435
1761896949002
41628577573
1761896950005
41751151600
1761896951004
41875097206
1761896952002
41997000092
1761896953005
42117056852
1761896954005
42236520048
1761896955002
42355399443
1761896956004
42473160189
1761896957003
42592520845
1761896958004
42716616841
1761896959003
42843793212
1761896960004
42970501018
1761896961005
43096584008
1761896962004
43219388198
1761896963004
43342741032
1761896964005
43467559682
1761896965004
43594888946
1761896966003
43725589722
1761896967004
43854800939
1761896968004
43984914314
1761896969002
44116271644
1761896970004
44244104935
1761896971004
44367572270
1761896972003
44488795593
1761896973002
44611250174
1761896974003
44736537634
1761896975002
44856824192
1761896976004
44979787378
1761896977004
45103994885
1761896978004
45232529529
1761896979003
45361717125
1761896980004
45490438780
1761896981005
45618824133
1761896982005
45746909621
1761896983003
45873111995
1761896984004
46001832674
1761896985004
46128402235
1761896986004
46256782400
1761896987006
46387508811
1761896988005
46518605399
1761896989002
46649539756
1761896990005
46780858573
1761896991004
46909887783
1761896992006
47039757141
1761896993004
47164670701
1761896994005
47289424043
1761896995005
47414918107
1761896996004
47537585151
1761896997005
47658771059
1761896998005
47777363834
1761896999002
47896569279
1761897000004
48019092219
1761897001006
48141027759
1761897002005
48261972579
1761897003004
48384832616
1761897004004
48508003626
1761897005004
48629998126
1761897006006
48754652043
1761897007003
48878520500
1761897008005
49004263830
1761897009003
49128019983
1761897010004
49250979019
1761897011004
49374537480
1761897012004
49496527463
1761897013005
49618024283
1761897014004
49739884079
1761897015005
49862873754
1761897016005
49984095734
1761897017004
50106160057
1761897018004
50228005632
1761897019003
50350109323
1761897020004
50467479079
1761897021004
50584336018
1761897022003
50702106469
1761897023003
50817838045
1761897024003
50934464089
1761897025003
51051551375
1761897026004
51170353256
1761897027004
51291415019
1761897028004
51413397739
1761897029003
51534327544
1761897030004
51653853178
1761897031005
51775759482
1761897032005
51897746352
1761897033004
52019439888
1761897034005
52140421024
1761897035004
52260879700
1761897036005
52382460688
1761897037005
52503395986
1761897038005
52624607468
1761897039003
52747768285
1761897040004
52870315701
1761897041004
52991187828
1761897042004
53109777918
1761897043006
53227671781
1761897044004
53344139622
1761897045005
53461578470
1761897046005
53578850752
1761897047004
53697781051
1761897048005
53815533313
1761897049002
53932384149
1761897050004
54047657658
1761897051005
54164371592
1761897052006
54283628123
1761897053003
54402882151
1761897054004
54520838148
1761897055003
54639862685
1761897056004
54758397904
1761897057005
54877638565
1761897058003
54994912801
1761897059002
55112577783
1761897060004
55231705652
1761897061004
55347948457
1761897062006
55465578527
1761897063002
55583585305
1761897064005
55701208906
1761897065004
55818106800
1761897066006
55935308831
1761897067006
56051411134
1761897068006
56169042119
1761897069004
56286263133
1761897070003
56403838149
1761897071004
56516401216
1761897072006
56629744309
1761897073009
56745177974
1761897074003
56856763992
1761897075003
56963244798
1761897076004
57064599336
1761897077003
57167543897
1761897078004
57268406493
1761897079002
57367665089
1761897080002
57468038550
1761897081004
57572855359
1761897082004
57678412035
1761897083003
57783759177
1761897084002
57890327569
1761897085003
57999350605
1761897086004
58111292091
1761897087006
58221427918
1761897088006
58330130154
1761897089003
58439748831
1761897090004
58550632153
1761897091005
58662980864
1761897092005
58774345386
1761897093004
58885263682
1761897094003
58997066496
1761897095003
59110283674
1761897096005
59223485350
1761897097004
59336687147
1761897098005
59452203209
1761897099002
59564442058
1761897100003
59676546324
1761897101004
59790173230
1761897102005
59901519137
1761897103004
60013308889
1761897104003
60125308664
1761897105004
60235710115
1761897106005
60346072564
1761897107005
60457465467
1761897108006
60569630952
1761897109002
60678643368
1761897110005
60792430064
1761897111006
60903151765
1761897112006
61016908859
1761897113003
61131289426
1761897114004
61247519536
1761897115005
61363037856
1761897116005
61480828387
1761897117003
61600602128
1761897118003
61717080346
1761897119003
61834652066
1761897120004
61953849149
1761897121005
62071905121
1761897122005
62190432222
1761897123004
62308236669
1761897124005
62426603920
1761897125005
62545783730
1761897126004
62667550935
1761897127005
62786440401
1761897128003
62904104406
1761897129002
63024305393
1761897130004
63146469265
1761897131005
63269024737
1761897132005
63389495864
1761897133004
63509114821
1761897134005
63627167253
1761897135004
63748715770
1761897136003
63871379762
1761897137004
63990881715
1761897138003
64109690187
1761897139004
64228603457
1761897140004
64351774284
1761897141006
64473601853
1761897142006
64592723802
1761897143005
64711052539
1761897144004
64828909171
1761897145005
64951315169
1761897146004
65073165199
1761897147006
65193114233
1761897148004
65313582552
1761897149003
65434987576
1761897150004
65558302324
1761897151004
65679102307
1761897152004
65799735299
1761897153006
65917191175
1761897154004
66029984283
1761897155005
66145105021
1761897156005
66265217140
1761897157006
66383268534
1761897158004
66503184792
1761897159003
66620248091
1761897160004
66733088562
1761897161005
66847491711
1761897162005
66966180555
1761897163004
67085986950
1761897164004
67205805369
1761897165005
67326466498
1761897166004
67442916701
1761897167005
67559473958
1761897168005
67679559589
1761897169003
67795743373
1761897170003
67912613801
1761897171005
68028587992
1761897172006
68143691640
1761897173004
68260127988
1761897174006
68378087707
1761897175004
68498063780
1761897176005
68619434136
1761897177005
68740083180
1761897178003
68862045270
1761897179002
68982062419
1761897180004
69102882361
1761897181005
69222863011
1761897182005
69342457309
1761897183003
69462111422
1761897184004
69583487026
1761897185004
69703388575
1761897186005
69823666526
1761897187005
69943620809
1761897188003
70064005022
1761897189002
70183066180
1761897190005
70304013502
1761897191004
70424385386
1761897192004
70544521187
1761897193003
70664860418
1761897194003
70784464360
1761897195003
70906380429
1761897196003
71026146480
1761897197003
71142650699
1761897198004
71260886846
1761897199003
71380278203
1761897200004
71500589418
1761897201003
71620042177
1761897202006
71739154787
1761897203004
71859220458
1761897204005
71979040281
1761897205004
72096059879
1761897206002
72212722666
1761897207003
72330025344
1761897208006
72449708449
1761897209002
72570231272
1761897210005
72689481761
1761897211003
72808437755
1761897212004
72925370561
1761897213006
73038189791
1761897214004
73152419907
1761897215005
73266949399
1761897216002
73383027471
1761897217004
73499781810
1761897218006
73616335894
1761897219002
73733027551
1761897220003
73851441982
1761897221004
73970019620
1761897222005
74088730925
1761897223005
74207142060
1761897224006
74332599747
1761897225003
74459868464
1761897226004
74585364236
1761897227006
74708051422
1761897228005
74831024374
1761897229002
74952642837
1761897230004
75069237814
1761897231005
75181424783
1761897232006
75295541923
1761897233003
75414063531
1761897234002
75531593625
1761897235003
75649128359
1761897236005
75764639355
1761897237005
75880946796
1761897238005
75995430756
1761897239002
76108085314
1761897240004
76225672354
1761897241004
76345899524
1761897242005
76468079753
1761897243006
76588052286
1761897244002
76708167884
1761897245002
76826357095
1761897246006
76950316251
1761897247006
77074726577
1761897248005
77198403934
1761897249003
77322164298
1761897250002
77444731855
1761897251003
77572135155
1761897252004
77702007869
1761897253005
77830365389
1761897254004
77956687637
1761897255003
78081062257
1761897256002
78207360762
1761897257004
78332234039
1761897258005
78455065756
1761897259002
78580104559
1761897260002
78707074510
1761897261004
78834308010
1761897262005
78961780828
1761897263004
79085638116
1761897264004
79207507250
1761897265003
79325978443
1761897266004
79448273723
1761897267005
79572406401
1761897268004
79699222544
1761897269003
79825422904
1761897270004
79953916777
1761897271004
80080554270
1761897272005
80205976190
1761897273005
80329052230
1761897274002
80452904574
1761897275005
80580801708
1761897276006
80707955618
1761897277003
80836643582
1761897278006
80963761421
1761897279003
81092711164
1761897280004
81220342673
1761897281005
81344957466
1761897282004
81472034900
1761897283004
81598467743
1761897284002
81725735972
1761897285005
81852429739
1761897286004
81979271760
1761897287005
82102893697
1761897288005
82225059461
1761897289003
82348843019
1761897290003
82468159730
1761897291005
82586236759
1761897292003
82708016172
1761897293005
82828837396
1761897294003
82951295944
1761897295004
83076729827
1761897296006
83199948323
1761897297005
83325185002
1761897298003
83451198901
1761897299002
83577642424
1761897300002
83702481949
1761897301005
83828873288
1761897302004
83957877108
1761897303006
84084522963
1761897304005
84210518124
1761897305004
84333046741
1761897306003
84456863990
1761897307005
84582077353
1761897308005
84710098510
1761897309002
84838962377
1761897310004
84965392717
1761897311005
85086420911
1761897312005
85207140938
1761897313004
85331222042
1761897314006
85455532453
1761897315006
85578429966
1761897316004
85702136803
1761897317005
85823942155
1761897318005
85947766484
1761897319002
86072095511
1761897320003
86192434803
1761897321004
86314113752
1761897322005
86435964026
1761897323004
86555163427
1761897324003
86673470437
1761897325003
86793924718
1761897326005
86915511687
1761897327005
87034859221
1761897328005
87156587242
1761897329002
87275901023
1761897330002
87394304285
1761897331004
87511762846
1761897332005
87628812351
1761897333004
87744024825
1761897334002
87859825554
1761897335002
87977950801
1761897336003
88095662536
1761897337005
88211455208
1761897338005
88326732745
1761897339003
88446395341
1761897340002
88566413772
1761897341003
88686012587
1761897342006
88802856709
1761897343004
88918680692
1761897344004
89033323770
1761897345002
89151159040
1761897346002
89266784354
1761897347005
89380530401
1761897348003
89496207473
1761897349004
89614775712
1761897350002
89734656936
1761897351003
89858538821
1761897352005
89984448289
1761897353006
90109987579
1761897354005
90234875809
1761897355005
90361010069
1761897356006
90489176061
1761897357006
90614274740
1761897358004
90740174625
1761897359003
90865239125
1761897360004
90991261446
1761897361004
91117580031
1761897362004
91245310356
1761897363004
91371965122
1761897364005
91499102370
1761897365005
91628458240
1761897366004
91758691610
1761897367006
91888278315
1761897368006
92016228427
1761897369003
92142387772
1761897370003
92265245733
1761897371006
92387182189
1761897372006
92513873759
1761897373005
92640673483
1761897374005
92765748847
1761897375004
92892959947
1761897376005
93023123493
1761897377002
93155074693
1761897378004
93283188928
1761897379003
93410420231
1761897380004
93534756277
1761897381005
93662496978
1761897382005
93788730542
1761897383005
93914326839
1761897384006
94040230814
1761897385004
94166986287
1761897386004
94294935301
1761897387005
94421743265
1761897388005
94547808616
1761897389003
94674861208
1761897390005
94799160145
1761897391004
94921008405
1761897392004
95043696689
1761897393005
95167544944
1761897394005
95291237193
1761897395004
95418461111
1761897396006
95544592380
1761897397004
95670257463
1761897398006
95795705506
1761897399002
95920526964
1761897400005
96045904390
1761897401005
96171114458
1761897402005
96292273144
1761897403005
96411464672
1761897404004
96532602241
1761897405002
96656227840
1761897406003
96776725151
1761897407003
96897447559
1761897408005
97017015856
1761897409002
97138648968
1761897410004
97262438629
1761897411003
97384856407
1761897412006
97507710706
1761897413004
97633286190
1761897414005
97753820306
1761897415004
97874786061
1761897416004
97996015670
1761897417005
98118519995
1761897418004
98238621860
1761897419004
98358965790
1761897420004
98478532196
1761897421003
98595680211
1761897422005
98715663241
1761897423006
98834615451
1761897424002
98953487584
1761897425005
99072184362
1761897426003
99192173374
1761897427005
99311376133
1761897428005
99431548311
1761897429003
99548485023
1761897430004
99665243208
1761897431005
99781682912
1761897432006
99897596007
1761897433005
100013792609
1761897434004
100129850417
1761897435004
100245254174
1761897436005
100362048309
1761897437002
100478429969
1761897438003
100589121946
1761897439003
100699587667
1761897440005
100810237896
1761897441003
100921716066
1761897442006
101032446007
1761897443005
101143177291
1761897444005
101258960686
1761897445005
101380325487
1761897446005
101498019766
1761897447005
101618528063
1761897448004
101739047225
1761897449002
101861873083
1761897450004
101987446797
1761897451006
102111023873
1761897452004
102231775212
1761897453004
102353401121
1761897454005
102477010180
1761897455004
102602488984
1761897456005
102725849997
1761897457003
102848256361
1761897458005
102970548223
1761897459002
103093850397
1761897460004
103218820536
1761897461006
103343993068
1761897462002
103466318011
1761897463005
103589281258
1761897464005
103713980402
1761897465004
103839715553
1761897466003
103962960721
1761897467002
104079654636
1761897468004
104189714474
1761897469002
104304143381
1761897470003
104425817935
1761897471004
104544128789
1761897472006
104661128062
1761897473005
104781162301
1761897474004
104902729678
1761897475005
105024510067
1761897476004
105148729170
1761897477004
105271613926
1761897478005
105397180621
1761897479002
105523060548
1761897480005
105647474231
1761897481003
105769650798
1761897482004
105894498623
1761897483005
106018792495
1761897484004
106145026546
1761897485005
106270965494
1761897486003
106399110308
1761897487005
106528180473
1761897488005
106657595241
1761897489002
106784738593
1761897490004
106913306013
1761897491003
107042540057
1761897492004
107172578298
1761897493005
107300936490
1761897494004
107430039919
1761897495004
107560207006
1761897496003
107692511965
1761897497003
107820468058
1761897498004
107944897976
1761897499003
108071186105
1761897500004
108201624065
1761897501002
108334274970
1761897502002
108462780806
1761897503005
108591529194
1761897504005
108721465507
1761897505004
108852104577
1761897506005
108977046274
1761897507003
109099503175
1761897508005
109221381952
1761897509002
109343699693
1761897510004
109467598790
1761897511004
109594558365
1761897512006
109721099667
1761897513004
109847404641
1761897514005
109968759433
1761897515002
110088556795
1761897516005
110209362577
1761897517003
110331636434
1761897518004
110458623475
1761897519003
110584819563
1761897520004
110709022980
1761897521005
110834338211
1761897522006
110961055477
1761897523005
111087675636
1761897524005
111213955525
1761897525003
111338789740
1761897526004
111461981685
1761897527004
111585648422
1761897528005
111712052456
1761897529002
111838000131
1761897530004
111966992599
1761897531005
112093604763
1761897532006
112220296760
1761897533004
112346634022
1761897534005
112474233122
1761897535002
112600182079
1761897536005
112724850522
1761897537005
112850060041
1761897538004
112975814907
1761897539003
113105606567
1761897540004
113232813089
1761897541004
113359119834
1761897542004
113487317870
1761897543005
113613336590
1761897544005
113739872216
1761897545004
113866166997
1761897546006
113990986075
1761897547004
114113415327
1761897548005
114234340860
1761897549002
114357431975
1761897550004
114479161705
1761897551005
114598925742
1761897552005
114719457599
1761897553005
114833633759
1761897554005
114945864795
1761897555005
115056529368
1761897556003
115167754058
1761897557005
115282540813
1761897558002
115401841350
1761897559002
115521480387
1761897560002
115642584386
1761897561004
115766055749
1761897562006
115889560865
1761897563004
116013242006
1761897564005
116138361620
1761897565004
116263655550
1761897566004
116389377762
1761897567005
116511861396
1761897568005
116634850828
1761897569002
116759251998
1761897570004
116886184352
1761897571005
117010276563
1761897572004
117135029296
1761897573005
117259449021
1761897574005
117386770411
1761897575003
117512466074
1761897576004
117636537961
1761897577004
117761482953
1761897578005
117886116240
1761897579002
118013361215
1761897580003
118137729610
1761897581006
118257542474
1761897582003
118371270149
1761897583004
118483794336
1761897584005
118594609788
1761897585003
118706633427
1761897586004
118814939607
1761897587006
118919733955
1761897588003
119022871203
1761897589003
119127776758
1761897590002
119231787722
1761897591005
119339411470
1761897592005
119448916683
1761897593003
119566184876
1761897594005
119682692207
1761897595002
119798931717
1761897596004
119913144559
1761897597006
120029442662
1761897598005
120149268222
1761897599002
120271359523
1761897600004
120392666037
1761897601004
120514360855
1761897602005
120637592473
1761897603004
120762292471
1761897604005
120882582812
1761897605005
121005774941
1761897606004
121129507778
1761897607002
121256431037
1761897608005
121380741083
1761897609002
121504847027
1761897610004
121629620206
1761897611005
121753969803
1761897612006
121877399235
1761897613006
122000802972
1761897614005
122124466413
1761897615005
122249736478
1761897616005
122372405414
1761897617004
122493754286
1761897618003
122615679572
1761897619003
122737699157
1761897620004
122860982472
1761897621002
122983147259
1761897622006
123101963361
1761897623005
123220609908
1761897624005
123343161413
1761897625006
123469903154
1761897626003
123594111210
1761897627004
123717938347
1761897628006
123842889626
1761897629002
123969082784
1761897630004
124093358589
1761897631003
124213053595
1761897632005
124333856936
1761897633005
124454684630
1761897634004
124576650443
1761897635005
124698059739
1761897636004
124824221464
1761897637005
124947908281
1761897638006
125069130261
1761897639002
125187483840
1761897640003
125305661333
1761897641004
125425129838
1761897642005
125545142409
1761897643005
125666937569
1761897644004
125788387575
1761897645004
125908059937
1761897646005
126027555786
1761897647005
126148538387
1761897648004
126270880786
1761897649004
126391944013
1761897650006
126511904644
1761897651004
126631955484
1761897652005
126753061802
1761897653005
126874915677
1761897654002
126995237452
1761897655004
127114696497
1761897656005
127232873684
1761897657004
127355267841
1761897658004
127477105664
1761897659003
127597367868
1761897660005
127717233895
1761897661005
127835147350
1761897662005
127952566727
1761897663005
128065270967
1761897664002
128177261464
1761897665002
128289294442
1761897666002
128403461996
1761897667004
128520564113
1761897668004
128639439419
1761897669002
128757463104
1761897670004
128875625521
1761897671005
128992921303
1761897672006
129107135000
1761897673005
129221724672
1761897674005
129338740120
1761897675004
129454701187
1761897676005
129571788412
1761897677004
129689733972
1761897678004
129809281029
1761897679003
129929049827
1761897680004
130048547812
1761897681004
130167579367
1761897682004
130282142795
1761897683004
130397794781
1761897684005
130514632678
1761897685004
130632589529
1761897686003
130752636830
1761897687006
130871873707
1761897688005
130991476367
1761897689003
131110801562
1761897690004
131230166613
1761897691006
131349016223
1761897692006
131468419665
1761897693005
131587422900
1761897694004
131703893183
1761897695005
131822200315
1761897696005
131939872560
1761897697004
132056546333
1761897698005
132175185556
1761897699002
132295946477
1761897700005
132416814088
1761897701005
132535115115
1761897702005
132654786745
1761897703005
132775233214
1761897704005
132893918152
1761897705005
133013858763
1761897706005
133132440918
1761897707004
133253423457
1761897708004
133372948237
1761897709003
133491444943
1761897710003
133609009156
1761897711002
133726323553
1761897712005
133841659866
1761897713004
133956101712
1761897714003
134073540926
1761897715003
134189738748
1761897716002
134304692372
1761897717004
134422428216
1761897718004
134540844539
1761897719002
134662021597
1761897720005
134783792464
1761897721005
134904290691
1761897722004
135026045872
1761897723005
135152009661
1761897724005
135278749876
1761897725005
135399636652
1761897726006
135520500234
1761897727005
135643828471
1761897728002
135770808797
1761897729002
135897080142
1761897730005
136020823904
1761897731005
136142957686
1761897732005
136264631996
1761897733004
136387251616
1761897734005
136512119400
1761897735006
136636007876
1761897736006
136759884940
1761897737005
136883859049
1761897738005
137008902613
1761897739002
137134146616
1761897740004
137258142819
1761897741004
137379508414
1761897742006
137498638175
1761897743006
137616234371
1761897744004
137738702930
1761897745005
137862662146
1761897746003
137989298846
1761897747005
138112054452
1761897748004
138233145267
1761897749003
138350320138
1761897750004
138462088224
1761897751005
138574571517
1761897752002
138688926815
1761897753005
138800011004
1761897754004
138913302523
1761897755004
139033268646
1761897756004
139153712979
1761897757003
139273825525
1761897758006
139395207661
1761897759002
139515473161
1761897760004
139634662431
1761897761004
139752936298
1761897762002
139874067031
1761897763004
139993222549
1761897764006
140111645890
1761897765006
140229323934
1761897766003
140346032497
1761897767002
140462897799
1761897768004
140582456209
1761897769002
140700722690
1761897770005
140821212067
1761897771002
140942507289
1761897772002
141064654559
1761897773004
141186603099
1761897774004
141309684388
1761897775005
141433372976
1761897776004
141557989844
1761897777004
141681877405
1761897778005
141805811109
1761897779003
141930230102
1761897780004
142053202138
1761897781004
142174563705
1761897782005
142297304541
1761897783003
142418284273
1761897784004
142541274985
1761897785004
142664967296
1761897786005
142791412895
1761897787006
142912658190
1761897788004
143034271587
1761897789003
143157599091
1761897790004
143280514060
1761897791006
143402323135
1761897792004
143522766247
1761897793005
143641513380
1761897794005
143762403268
1761897795004
143884149783
1761897796004
144008190908
1761897797006
144131860452
1761897798003
144255591947
1761897799003
144377679708
1761897800003
144500080335
1761897801003
144623753297
1761897802004
144746015069
1761897803005
144869582013
1761897804005
144992191319
1761897805002
145116093223
1761897806003
145239866710
1761897807004
145361504399
1761897808004
145483358213
1761897809003
145604555718
1761897810002
145724380667
1761897811003
145845220263
1761897812004
145964586839
1761897813003
146083533740
1761897814005
146205542155
1761897815002
146327947054
1761897816004
146449572048
1761897817005
146571886982
1761897818003
146690973591
1761897819002
146807673304
1761897820002
146913754454
1761897821002
147021563260
1761897822005
147127322266
1761897823004
147232121864
1761897824005
147338090037
1761897825004
147443596420
1761897826005
147548227439
1761897827006
147654480524
1761897828002
147761116359
1761897829002
147867856381
1761897830003
147974640165
1761897831003
148085491322
1761897832004
148194907119
1761897833006
148305467321
1761897834006
148419442005
1761897835005
148533064456
1761897836005
148648559522
1761897837006
148766645828
1761897838005
148882421960
1761897839002
149002086082
1761897840004
149125042067
1761897841004
149249162904
1761897842004
149366100348
1761897843005
149486129643
1761897844006
149605988955
1761897845004
149728093623
1761897846005
149849776967
1761897847005
149971722760
1761897848006
150092367288
1761897849002
150212892065
1761897850005
150333508211
1761897851005
150454396085
1761897852005
150573721280
1761897853004
150693782130
1761897854004
150814075279
1761897855004
150936611159
1761897856004
151060339969
1761897857004
151182074581
1761897858004
151303113944
1761897859003
151423108571
1761897860004
151542211660
1761897861004
151665926492
1761897862006
151789496793
1761897863004
151915144543
1761897864006
152040302792
1761897865004
152167188270
1761897866003
152290216154
1761897867003
152410767664
1761897868004
152526196140
1761897869003
152638163078
1761897870003
152749229200
1761897871004
152857195659
1761897872006
152965362985
1761897873005
153076773588
1761897874005
153189014634
1761897875005
153301491824
1761897876004
153412247095
1761897877005
153516790650
1761897878005
153616237295
1761897879003
153716583962
1761897880005
153818044213
1761897881003
153923630978
1761897882004
154028526523
1761897883004
154134170967
1761897884004
154248009054
1761897885005
154364031829
1761897886005
154480715429
1761897887005
154598726479
1761897888003
154716264936
1761897889002
154834863448
1761897890002
154954830060
1761897891004
155077895724
1761897892005
155197398103
1761897893005
155313238383
1761897894004
155430913924
1761897895006
155552054666
1761897896004
155673814608
1761897897003
155794461821
1761897898003
155914242826
1761897899003
156037176776
1761897900004
156159486400
1761897901002
156281675052
1761897902004
156404347650
1761897903005
156529025920
1761897904004
156653628811
1761897905004
156774164636
1761897906003
156897062636
1761897907003
157018940193
1761897908005
157140679383
1761897909002
157258559941
1761897910004
157377851201
1761897911004
157495985359
1761897912002
157620369256
1761897913004
157742049914
1761897914005
157866717564
1761897915004
157993226456
1761897916006
158117120243
1761897917003
158240613884
1761897918004
158366360633
1761897919003
158490173548
1761897920002
158613582107
1761897921004
158736754765
1761897922003
158858736631
1761897923004
158982318529
1761897924005
159101403612
1761897925005
159220046619
1761897926004
159342215007
1761897927006
159467535182
1761897928005
159592388195
1761897929002
159718875847
1761897930005
159846685090
1761897931006
159970248861
1761897932004
160091720779
1761897933004
160214158820
1761897934004
160338554681
1761897935005
160462642803
1761897936006
160585065402
1761897937004
160707258876
1761897938004
160830672134
1761897939003
160957241940
1761897940005
161083743264
1761897941003
161207197171
1761897942005
161329306173
1761897943005
161450681716
1761897944005
161573893864
1761897945004
161698230521
1761897946003
161823259376
1761897947005
161948377037
1761897948004
162074023382
1761897949002
162199505178
1761897950004
162323301980
1761897951003
162447294888
1761897952004
162572223767
1761897953006
162697058592
1761897954005
162818487236
1761897955005
162938209769
1761897956003
163054235351
1761897957003
163166932328
1761897958003
163278911045
1761897959003
163393509140
1761897960004
163508979121
1761897961006
163627795772
1761897962005
163749493825
1761897963005
163869621081
1761897964003
163990500410
1761897965004
164108826096
1761897966003
164225938955
1761897967004
164344538017
1761897968003
164465522021
1761897969002
164589202979
1761897970004
164710766571
1761897971005
164830398528
1761897972004
164950565335
1761897973005
165072462728
1761897974004
165194865063
1761897975005
165317799441
1761897976006
165440697686
1761897977005
165562453478
1761897978004
165684123210
1761897979002
165806926180
1761897980005
165929996177
1761897981004
166052574782
1761897982004
166172280469
1761897983004
166291730542
1761897984005
166410069106
1761897985005
166528923660
1761897986004
166648946973
1761897987006
166766083758
1761897988004
166883779502
1761897989003
167002694847
1761897990003
167123861834
1761897991006
167242299519
1761897992006
167362899003
1761897993004
167483783093
1761897994006
167601608353
1761897995003
167720269487
1761897996005
167839545793
1761897997005
167957335286
1761897998006
168076436361
1761897999003
168194766746
1761898000004
168313939049
1761898001006
168435143389
1761898002005
168553507100
1761898003004
168675627332
1761898004006
168797524542
1761898005004
168914908274
1761898006004
169034050853
1761898007004
169152023878
1761898008003
169272608042
1761898009003
169390551588
1761898010004
169505677697
1761898011006
169621567232
1761898012003
169739382970
1761898013002
169856596843
1761898014004
169973704087
1761898015003
170094442853
1761898016003
170213469281
1761898017003
170334802772
1761898018002
170457113189
1761898019002
170576318694
1761898020005
170696713344
1761898021005
170818568196
1761898022004
170943439764
1761898023003
171063498294
1761898024005
171179945262
1761898025005
171299460337
1761898026005
171420464604
1761898027005
171539377935
1761898028004
171658318915
1761898029002
171778213750
1761898030004
171898407717
1761898031005
172016748051
1761898032006
172132480177
1761898033003
172240813029
1761898034004
172352171814
1761898035004
172463938496
1761898036004
172575538491
1761898037005
172685664551
1761898038004
172795231166
1761898039004
172902693598
1761898040005
173012584491
1761898041005
173120809434
1761898042005
173230214427
1761898043003
173342417021
1761898044005
173457316995
1761898045004
173571296928
1761898046004
173687878783
1761898047005
173805130680
1761898048004
173925564698
1761898049002
174044019228
1761898050004
174163720155
1761898051005
174280324288
1761898052004
174399131112
1761898053004
174518696907
1761898054002
174636955027
1761898055003
174756557810
1761898056005
174876677741
1761898057004
174994996713
1761898058003
175113901133
1761898059002
175232369275
1761898060005
175351861400
1761898061004
175471536631
1761898062004
175590933481
1761898063003
175710121897
1761898064003
175829363962
1761898065003
175947603589
1761898066004
176064801165
1761898067006
176181520897
1761898068005
176297895233
1761898069003
176416396761
1761898070005
176533515236
1761898071005
176650822369
1761898072006
176765466363
1761898073005
176881836487
1761898074005
176996934643
1761898075005
177109569242
1761898076004
177223616313
1761898077005
177337441339
1761898078005
177448818251
1761898079003
177558745216
1761898080005
177670696529
1761898081006
177783233472
1761898082004
177896501004
1761898083005
178011097207
1761898084003
178123838862
1761898085004
178239160833
1761898086003
178355392591
1761898087004
178471499776
1761898088006
178589063379
1761898089003
178704559177
1761898090005
178820350385
1761898091004
178935564506
1761898092005
179052522581
1761898093005
179169642215
1761898094006
179284593947
1761898095005
179398560758
1761898096002
179513774513
1761898097004
179629244676
1761898098004
179743984373
1761898099003
179856896498
1761898100004
179971754297
1761898101005
180088384065
1761898102005
180203884135
1761898103003
180319662464
1761898104004
180432448309
1761898105005
180538966224
1761898106005
180652305412
1761898107005
180766306096
1761898108006
180880812334
1761898109002
180995035980
1761898110005
181107178088
1761898111005
181224201897
1761898112006
181341006835
1761898113005
181456759956
1761898114005
181574361340
1761898115005
181688045497
1761898116005
181799209214
1761898117004
181912360841
1761898118005
182027680187
1761898119002
182145211075
1761898120004
182263707781
1761898121005
182382715166
1761898122005
182501867449
1761898123005
182620763812
1761898124005
182739028341
1761898125006
182856399257
1761898126005
182978240680
1761898127004
183099814527
1761898128006
183222629154
1761898129002
183341511723
1761898130004
183464606013
1761898131005
183584193536
1761898132006
183704024528
1761898133006
183825884079
1761898134004
183945681624
1761898135004
184066753275
1761898136004
184192354088
1761898137005
184315198745
1761898138005
184438843692
1761898139002
184560872432
1761898140004
184685109602
1761898141006
184808165927
1761898142006
184931092737
1761898143004
185054438796
1761898144005
185170858175
1761898145005
185284930271
1761898146005
185403496496
1761898147005
185522277259
1761898148005
185640772439
1761898149003
185761108129
1761898150004
185883349149
1761898151006
186005064841
1761898152005
186127144546
1761898153006
186248724801
1761898154006
186371554015
1761898155004
186493922293
1761898156005
186615831405
1761898157004
186737361977
1761898158005
186859892853
1761898159003
186982265586
1761898160004
187099539761
1761898161003
187217282319
1761898162005
187332041668
1761898163005
187446575799
1761898164004
187564347653
1761898165005
187681005680
1761898166005
187799579351
1761898167005
187920448548
1761898168002
188040815733
1761898169002
188161773797
1761898170005
188281869071
1761898171006
188401441458
1761898172006
188521294850
1761898173004
188642078415
1761898174005
188762569378
1761898175006
188883633705
1761898176004
189004700778
1761898177005
189124008150
1761898178003
189244705656
1761898179004
189364871242
1761898180003
189485207238
1761898181006
189604539818
1761898182004
189722496486
1761898183005
189840792753
1761898184003
189960607937
1761898185004
190080065700
1761898186004
190200185876
1761898187005
190313148966
1761898188004
190427560844
1761898189003
190542699343
1761898190002
190658839426
1761898191004
190776021377
1761898192004
190886741309
1761898193004
190997128660
1761898194003
191105100186
1761898195004
191211208374
1761898196006
191317946076
1761898197004
191426481748
1761898198005
191537937701
1761898199002
191649199623
1761898200005
191760060789
1761898201005
191869817894
1761898202003
191980930951
1761898203006
192088427258
1761898204004
192197043313
1761898205005
192308481504
1761898206005
192417947472
1761898207005
192523373777
1761898208005
192626977515
1761898209002
192733095347
1761898210005
192842610752
1761898211005
192952543027
1761898212004
193062511618
1761898213005
193171817978
1761898214005
193282330696
1761898215006
193388212749
1761898216005
193484554727
1761898217005
193580373939
1761898218005
193679446256
1761898219003
193778377522
1761898220005
193868368380
1761898221005
193962033607
1761898222005
194051435111
1761898223006
194140422982
1761898224005
194229778527
1761898225005
194320395055
1761898226005
194410658679
1761898227005
194500797181
1761898228004
194592072704
1761898229004
194683540061
1761898230005
194774108310
1761898231005
194864602646
1761898232005
194955218076
1761898233003
195045676402
1761898234005
195136162986
1761898235005
195226491185
1761898236005
195306824781
1761898237006
195369583959
1761898238006
195427547921
1761898239004
195478464234
1761898240005
195525437380
1761898241006
195583873876
1761898242006
195628617597
1761898243005
195671964654
1761898244006
195713704965
1761898245006
195758179521
1761898246005
195801325224
1761898247007
195844638712
1761898248006
195886963188
1761898249005
195930993776
1761898250005
195974340345
1761898251006
196018815939
1761898252007
196065197656
1761898253006
196110379486
1761898254006
196152191757
1761898255006
196196222895
1761898256006
196238246835
1761898257006
196281644246
1761898258006
196325683501
1761898259005
196369322488
1761898260005
196411771049
1761898261006
196455865601
1761898262006
196499317272
1761898263006
196543516500
1761898264006
196585925205
1761898265006
196628984726
1761898266006
196672019589
1761898267007
196717950807
1761898268006
196767170408
1761898269005
196812873965
1761898270006
196855071122
1761898271006
196897354828
1761898272006
196940656414
1761898273006
196982949640
1761898274006
197024968148
1761898275006
197069266192
1761898276007
197111810822
1761898277006
197153713668
1761898278006
197196691647
1761898279004
197240871221
1761898280006
197283510272
1761898281006
197330388997
1761898282005
197376897851
1761898283006
197422207549
1761898284006
197464166182
1761898285007
197507858209
1761898286005
197550407782
1761898287006
197592630758
1761898288006
197637940822
1761898289006
197682414158
1761898290006
197724960741
1761898291006
197768174559
1761898292006
197811755258
1761898293006
197854115745
1761898294006
197896833287
1761898295006
197939448840
1761898296006
197982362365
1761898297007
198026826363
1761898298007
198074552070
1761898299005
198118458696
1761898300005
198161684416
1761898301006
198204245647
1761898302006
198247079400
1761898303006
198289930669
1761898304006
198333412553
1761898305006
198376457609
1761898306006
198420143654
1761898307007
198461887993
1761898308006
198504476141
1761898309004
198549315870
1761898310006
198591654506
1761898311006
198633424053
1761898312006
198679897994
1761898313006
198728015913
1761898314004
198796387198
1761898315003
198891746145
1761898316009
199029934695
1761898317005
199174721739
1761898318010
199330069547
1761898319167
199448967497
1761898320042
199583220266
1761898321070
199715595111
1761898322016
199862404549
1761898323105
199991790509
1761898324111
200119403586
1761898325032
200255501748
1761898326021
200403032010
1761898327113
200548044457
1761898328301
200663780549
1761898329050
200802306867
1761898330111
200928577540
1761898331006
201063393052
1761898332005
201198259650
1761898333005
201334022730
1761898334012
201469024704
1761898335012
201602954293
1761898336004
201739003688
1761898337012
201872922107
1761898338005
202008681037
1761898339012
202142755523
1761898340005
202279392014
1761898341018
202417306273
1761898342040
202547532136
1761898343005
202682487112
1761898344005
202818311716
1761898345013
202955994469
1761898346032
203087310661
1761898347022
203224597053
1761898348023
203360843042
1761898349032
203492295891
1761898350015
203627076369
1761898351007
203762277073
1761898352028
203898010856
1761898353014
204032033890
1761898354007
204166676245
1761898355005
204303501945
1761898356020
204436504473
1761898357005
204573445956
1761898358020
204707230342
1761898359012
204841355914
1761898360004
204976637550
1761898361008
205111128600
1761898362005
205247363420
1761898363017
205381498819
1761898364008
205515597780
1761898365003
205651741596
1761898366016
205790582305
1761898367041
205922163572
1761898368086
206057733233
1761898369020
206190628583
1761898370004
206325620547
1761898371005
206464177871
1761898372032
206595308761
1761898373004
206730263737
1761898374004
206865764123
1761898375008
207000072434
1761898376004
207137707519
1761898377024
207270025356
1761898378004
207405986922
1761898379014
207539948310
1761898380005
207674815397
1761898381005
207810217088
1761898382090
207950801384
1761898383051
208080170255
1761898384010
208217384076
1761898385026
208354497189
1761898386042
208489138934
1761898387040
208622191145
1761898388046
208755183236
1761898389012
208889189546
1761898390005
209024134940
1761898391005
209159048657
1761898392004
209294782746
1761898393012
209429830374
1761898394012
209567436894
1761898395032
209698761143
1761898396005
209833562312
1761898397004
209968525223
1761898398004
210103437902
1761898399004
210239122980
1761898400009
210373380876
1761898401004
210511959806
1761898402032
210644613641
1761898403014
210778186419
1761898404008
210913618445
1761898405009
211048940853
1761898406040
211183089008
1761898407005
211318276284
1761898408007
211452956786
1761898409005
211587771322
1761898410006
211722932841
1761898411006
211866079752
1761898412078
211992675803
1761898413005
212127382916
1761898414004
212262407290
1761898415004
212397379295
1761898416005
212535826268
1761898417068
212667203922
1761898418005
212802288110
1761898419006
212938481548
1761898420015
213072989321
1761898421012
213206892604
1761898422005
213341883042
1761898423005
213476742133
1761898424004
213611769619
1761898425005
213746947374
1761898426007
213881875373
1761898427009
214018557946
1761898428020
214151572803
1761898429007
214289637696
1761898430047
214421146209
1761898431004
214556156484
1761898432005
214691132029
1761898433005
214825905976
1761898434004
214961497243
1761898435008
215095864148
1761898436003
215230760104
1761898437003
215365835136
1761898438004
215500663038
1761898439004
215635555820
1761898440004
215770408075
1761898441004
215905337539
1761898442004
216040343358
1761898443004
216175200923
1761898444004
216310303055
1761898445004
216445175208
1761898446004
216580125851
1761898447005
216715029741
1761898448004
216852627228
1761898449024
216984972227
1761898450004
217119745502
1761898451004
217254682840
1761898452004
217389776244
1761898453005
217524626302
1761898454004
217660623634
1761898455012
217794467652
1761898456004
217929434103
1761898457004
218064463787
1761898458005
218199365968
1761898459005
218334192588
1761898460004
218469080610
1761898461004
218604119571
1761898462009
218738998986
1761898463006
218873901473
1761898464004
219008777409
1761898465004
219143669215
1761898466004
219278785446
1761898467004
219413551581
1761898468004
219548591335
1761898469003
219683426256
1761898470003
219818300911
1761898471003
219953322721
1761898472003
220088271045
1761898473004
220223229745
1761898474003
220358062896
1761898475003
220492689138
1761898476003
220627961314
1761898477003
220762722382
1761898478004
220897803579
1761898479004
221032538891
1761898480003
221167509066
1761898481004
221302454216
1761898482003
221437405958
1761898483003
221572491977
1761898484003
221707181207
1761898485004
221842378126
1761898486004
221977327854
1761898487004
222112131830
1761898488004
222247205459
1761898489004
222382081884
1761898490004
222516963008
1761898491004
222651950639
1761898492004
222786886573
1761898493004
222921644468
1761898494003
223056580279
1761898495003
223191432778
1761898496003
223326426940
1761898497003
223461433430
1761898498003
223596265482
1761898499002
223731340576
1761898500004
223866084799
1761898501003
224001233684
1761898502003
224136187379
1761898503003
224271050681
1761898504004
224405915692
1761898505004
224540891177
1761898506003
224675691430
1761898507003
224810743513
1761898508004
224945709293
1761898509004
225080534632
1761898510004
225215530929
1761898511004
225350395391
1761898512004
225485493678
1761898513004
225620303636
1761898514004
225754998359
1761898515003
225890177212
1761898516004
226025091540
1761898517003
226159997017
1761898518004
226295058988
1761898519004
226429832508
1761898520003
226564717600
1761898521004
226699833343
1761898522004
226834597829
1761898523003
226969619151
1761898524004
227104614777
1761898525004
227239616873
1761898526004
227374460156
1761898527004
227509437899
1761898528004
227644254692
1761898529003
227779103895
1761898530004
227914227756
1761898531004
228049153497
1761898532004
228183920181
1761898533004
228318719213
1761898534004
228453850093
1761898535004
228588789933
1761898536003
228723698645
1761898537004
228858578122
1761898538004
228993485491
1761898539003
229128406776
1761898540003
229263275938
1761898541003
229398408710
1761898542004
229533257730
1761898543003
229668223083
1761898544004
229803197957
1761898545004
229938079691
1761898546004
230073012696
1761898547004
230207766379
1761898548003
230342910930
1761898549004
230477719728
1761898550004
230612786277
1761898551004
230747671308
1761898552004
230882632937
1761898553004
231017530969
1761898554004
231152540022
1761898555004
231287325993
1761898556003
231422264063
1761898557004
231557303757
1761898558004
231692163336
1761898559004
231827234218
1761898560004
231961996751
1761898561004
232096979560
1761898562004
232231825895
1761898563004
232366696094
1761898564004
232501718942
1761898565004
232636699797
1761898566004
232771643605
1761898567004
232906589853
1761898568004
233042076323
1761898569008
233176317251
1761898570004
233311280163
1761898571004
233446338411
1761898572004
233581230216
1761898573004
233716043470
1761898574003
233851097445
1761898575004
233985887017
1761898576003
234121054151
1761898577004
234255812535
1761898578004
234390826349
1761898579003
234525589493
1761898580004
234660751928
1761898581004
234795599239
1761898582004
234930510453
1761898583004
235065495703
1761898584003
235200178220
1761898585003
235335313250
1761898586004
235470168129
1761898587004
235605063597
1761898588004
235740023212
1761898589004
235875045206
1761898590004
236009890564
1761898591003
236144872091
1761898592004
236279779399
1761898593004
236414703065
1761898594004
236549525230
1761898595004
236684618573
1761898596004
236819458437
1761898597004
236954381249
1761898598004
237089348616
1761898599004
237224068364
1761898600003
237359103845
1761898601003
237494167220
1761898602003
237629115239
1761898603004
237763958400
1761898604004
237898750352
1761898605004
238033951849
1761898606004
238168686795
1761898607004
238303634997
1761898608004
238438593147
1761898609004
238573602079
1761898610004
238708481556
1761898611004
238843495675
1761898612004
238979334683
1761898613011
239113282643
1761898614004
239248169505
1761898615004
239383023469
1761898616004
239518116995
1761898617004
239653030529
1761898618004
239787942293
1761898619004
239922847282
1761898620004
240057732130
1761898621004
240192877658
1761898622004
240327633966
1761898623004
240462487197
1761898624004
240597445653
1761898625003
240732392085
1761898626004
240867339432
1761898627004
241002262060
1761898628004
241137236019
1761898629004
241271997820
1761898630004
241407069130
1761898631004
241542035337
1761898632004
241676913165
1761898633004
241811867898
1761898634004
241946787169
1761898635003
242081706013
1761898636004
242216680338
1761898637004
242351510682
1761898638003
242486388510
1761898639004
242621365887
1761898640004
242756224916
1761898641003
242891296043
1761898642004
243026207990
1761898643004
243161175967
1761898644004
243296104028
1761898645004
243431071944
1761898646004
243566105045
1761898647004
243700906275
1761898648004
243835819748
1761898649004
243970814092
1761898650004
244105672390
1761898651004
244240645738
1761898652004
244375557014
1761898653004
244510424771
1761898654004
244645424975
1761898655004
244780224435
1761898656004
244915184355
1761898657004
245050195179
1761898658004
245185202707
1761898659004
245320051910
1761898660004
245454974477
1761898661004
245589962657
1761898662004
245724860688
1761898663004
245859787711
1761898664004
245994588208
1761898665003
246129572360
1761898666004
246264468377
1761898667003
246399280471
1761898668004
246534389439
1761898669003
246669302179
1761898670003
246804219986
1761898671003
246939156286
1761898672003
247074075740
1761898673003
247208992631
1761898674004
247344045813
1761898675004
247478830014
1761898676004
247613824969
1761898677004
247748607888
1761898678004
247883450438
1761898679003
248018418660
1761898680003
248153420267
1761898681003
248288310059
1761898682003
248423292562
1761898683002
248558150188
1761898684003
248693415711
1761898685004
248828019736
1761898686003
248963198529
1761898687005
249097741885
1761898688003
249233010643
1761898689003
249367694685
1761898690002
249502920230
1761898691004
249637776269
1761898692003
249772434494
1761898693003
249907657170
1761898694003
250042155361
1761898695002
250177091478
1761898696003
250312063545
1761898697004
250447333950
1761898698004
250582151110
1761898699003
250717130928
1761898700003
250852208829
1761898701004
250986937305
1761898702005
251122207894
1761898703004
251256874053
1761898704004
251391887013
1761898705003
251526814524
1761898706004
251661512055
1761898707003
251796489371
1761898708004
251931479870
1761898709003
252066344393
1761898710004
252201355522
1761898711004
252335764480
1761898712002
252471086582
1761898713003
252605391658
1761898714002
252740975417
1761898715004
252876038792
1761898716004
253010565975
1761898717004
253145366289
1761898718003
253280682227
1761898719003
253415182371
1761898720004
253550326556
1761898721004
253685357094
1761898722005
253820229185
1761898723003
253954881856
1761898724004
254089509380
1761898725003
254224883972
1761898726004
254359687887
1761898727002
254494669720
1761898728004
254629488344
1761898729003
254764079186
1761898730004
254898909774
1761898731005
255034039066
1761898732003
255169107507
1761898733004
255303765915
1761898734004
255438865361
1761898735003
255573694484
1761898736003
255708686387
1761898737002
255843624396
1761898738005
255978444730
1761898739003
256113005848
1761898740002
256247859262
1761898741004
256383083586
1761898742006
256517793813
1761898743002
256652565257
1761898744004
256787711518
1761898745006
256922462271
1761898746004
257057351452
1761898747006
257192321810
1761898748003
257327266045
1761898749003
257461735366
1761898750003
257596735142
1761898751005
257731479304
1761898752004
257866302262
1761898753006
258001096778
1761898754004
258136200497
1761898755004
258270708271
1761898756004
258404646221
1761898757006
258539359133
1761898758003
258674210228
1761898759004
258808815414
1761898760004
258943771367
1761898761005
259076899444
1761898762003
259211848561
1761898763005
259346863169
1761898764005
259481385225
1761898765004
259616110649
1761898766004
259751101087
1761898767005
259885956089
1761898768005
260020737726
1761898769003
260155549637
1761898770003
260290492529
1761898771003
260424159057
1761898772005
260553862704
1761898773005
260683725531
1761898774005
260817440215
1761898775003
260951372307
1761898776004
261082676963
1761898777005
261208462469
1761898778004
261335489121
1761898779002
261462808314
1761898780002
261589256965
1761898781004
261715480458
1761898782005
261841737825
1761898783004
261963361232
1761898784005
262085944353
1761898785005
67380137
1761898786006
187773994
1761898787005
308569156
1761898788005
430284848
1761898789002
551239738
1761898790004
670571952
1761898791005
786161317
1761898792004
903581732
1761898793003
1021140574
1761898794005
1139314588
1761898795005
1256959123
1761898796005
1377159987
1761898797005
1497158276
1761898798003
1610496670
1761898799002
1723926678
1761898800002
1834850100
1761898801004
1943399871
1761898802005
2052346796
1761898803005
2165172679
1761898804006
2270913375
1761898805005
2378156387
1761898806004
2482960989
1761898807005
2587381071
1761898808005
2692466251
1761898809002
2797366373
1761898810005
2903262892
1761898811004
3011646037
1761898812004
3119076060
1761898813006
3228930332
1761898814006
3337927551
1761898815006
3445664335
1761898816005
3553973689
1761898817005
3662424889
1761898818005
3771570911
1761898819002
3876614831
1761898820004
3981387268
1761898821005
4087017552
1761898822003
4191374951
1761898823005
4297994917
1761898824004
4403027912
1761898825005
4510317005
1761898826003
4619445998
1761898827005
4726611312
1761898828004
4833866897
1761898829003
4939955981
1761898830004
5044214076
1761898831005
5151595881
1761898832006
5258990809
1761898833005
5367521537
1761898834006
5475879353
1761898835005
5584694321
1761898836005
5692231765
1761898837005
5798790697
1761898838006
5908174084
1761898839003
6016333658
1761898840005
6120495134
1761898841003
6221916078
1761898842004
6320420098
1761898843006
6422929480
1761898844004
6524300802
1761898845005
6624641427
1761898846003
6721486271
1761898847003
6816367498
1761898848005
6916036433
1761898849003
7017303568
1761898850004
7115220615
1761898851005
7209313209
1761898852004
7306057407
1761898853004
7400467688
1761898854002
7494651223
1761898855005
7589757242
1761898856005
7684061749
1761898857005
7776467213
1761898858006
7868970578
1761898859002
7964519344
1761898860006
8058070496
1761898861006
8148932629
1761898862003
8239930077
1761898863006
8332965911
1761898864004
8427311861
1761898865005
8521743015
1761898866006
8615728981
1761898867005
8709950053
1761898868006
8803200547
1761898869003
8898907394
1761898870006
8993045092
1761898871005
9086796622
1761898872006
9181547479
1761898873005
9275738766
1761898874004
9369644287
1761898875005
9463862857
1761898876006
9557951910
1761898877006
9649996963
1761898878005
9740881984
1761898879004
9834632538
1761898880004
9927586218
1761898881004
10021625650
1761898882007
10114176866
1761898883006
10206379572
1761898884004
10300613706
1761898885006
10394837585
1761898886005
10490224365
1761898887005
10583960636
1761898888005
10678118537
1761898889005
10773317513
1761898890005
10863695638
1761898891005
10957183802
1761898892005
11051102263
1761898893005
11145795441
1761898894004
11240575655
1761898895006
11334545019
1761898896005
11427946452
1761898897005
11520782762
1761898898004
11588440182
1761898899005
11656375066
1761898900005
11747840775
1761898901006
11841727558
1761898902005
11935807884
1761898903005
12030113795
1761898904005
12124390897
1761898905003
12218235139
1761898906002
12312448155
1761898907005
12406753822
1761898908005
12499989423
1761898909003
12594539413
1761898910003
12689467820
1761898911005
12783085744
1761898912004
12877230400
1761898913004
12969857116
1761898914005
13059898268
1761898915005
13154124101
1761898916006
13247573202
1761898917005
13340951137
1761898918005
13433871370
1761898919004
13525324017
1761898920004
13616315667
1761898921006
13708587281
1761898922005
13802217290
1761898923005
13895540599
1761898924003
13989516493
1761898925005
14084082108
1761898926005
14177337546
1761898927004
14270010892
1761898928005
14363917879
1761898929003
14455336895
1761898930005
14547610707
1761898931005
14640715205
1761898932006
14733926087
1761898933005
14827600896
1761898934005
14920930247
1761898935005
15015326550
1761898936006
15108714007
1761898937004
15202458762
1761898938005
15295504178
1761898939003
15387459265
1761898940003
15479365646
1761898941006
15572907276
1761898942006
15667033256
1761898943005
15759781737
1761898944005
15853236454
1761898945005
15945523327
1761898946004
16036237877
1761898947005
16130849024
1761898948004
16225094938
1761898949003
16318840364
1761898950004
16414342683
1761898951005
16508205297
1761898952005
16599946639
1761898953004
16690298215
1761898954006
16782125433
1761898955006
16876152414
1761898956003
16970338574
1761898957005
17063889177
1761898958004
17157946798
1761898959003
17250086088
1761898960005
17323188074
1761898961003
17401835517
1761898962005
17492249409
1761898963005
17581618443
1761898964005
17674157451
1761898965005
17768081771
1761898966006
17863471054
1761898967004
17956616262
1761898968005
18050370538
1761898969002
18143868163
1761898970005
18237159489
1761898971005
18331113716
1761898972005
18425425853
1761898973004
18518047747
1761898974006
18611803672
1761898975006
18704611234
1761898976006
18799340728
1761898977005
18892850926
1761898978005
18987140967
1761898979003
19076219475
1761898980004
19155617831
1761898981004
19226001928
1761898982006
19313039242
1761898983005
19399055684
1761898984004
19464505468
1761898985006
19514754363
1761898986003
19571467597
1761898987005
19618893379
1761898988006
19667081793
1761898989005
19711525832
1761898990006
19756106650
1761898991006
19799373263
1761898992006
19843884624
1761898993007
19886501580
1761898994006
19929059882
1761898995006
19972215960
1761898996006
20016167508
1761898997006
20057404036
1761898998006
20100110958
1761898999005
20143190132
1761899000006
20186341816
1761899001006
20229810088
1761899002006
20275797703
1761899003006
20319799177
1761899004006
20362421626
1761899005006
20405599189
1761899006004
20450754774
1761899007006
20492865506
1761899008006
20536007608
1761899009004
20579189199
1761899010006
20622956482
1761899011007
20667981940
1761899012004
20713168104
1761899013006
20754899504
1761899014006
20798649025
1761899015005
20842245960
1761899016006
20884360598
1761899017006
20928592296
1761899018006
20975152480
1761899019005
21017463712
1761899020006
21060676248
1761899021006
21103677908
1761899022007
21147139710
1761899023006
21189556045
1761899024007
21232243069
1761899025006
21275030191
1761899026006
21320030381
1761899027006
21361136477
1761899028006
21403617814
1761899029005
21447297939
1761899030006
21491520970
1761899031006
21534283189
1761899032006
21580309256
1761899033006
21626354243
1761899034006
21669077766
1761899035006
21712539447
1761899036006
21755123872
1761899037006
21797629012
1761899038006
21840515194
1761899039004
21884138373
1761899040006
21926564473
1761899041006
21970700712
1761899042006
22014035013
1761899043006
22056198479
1761899044006
22099329900
1761899045006
22141942400
1761899046006
22184875152
1761899047007
22229047890
1761899048006
22273796372
1761899049006
22317172726
1761899050006
22359561961
1761899051006
22402798361
1761899052006
22445511203
1761899053006
22488780075
1761899054006
22534091787
1761899055007
22579833125
1761899056006
22622915962
1761899057005
22664987326
1761899058006
22706850622
1761899059006
22750833115
1761899060006
22792806884
1761899061006
22835693310
1761899062006
22881357378
1761899063006
22927662618
1761899064006
22968978980
1761899065007
23012312365
1761899066005
23054174318
1761899067006
23097397596
1761899068006
23139024626
1761899069006
23182652200
1761899070006
23225168326
1761899071006
23268698732
1761899072006
23312342664
1761899073006
23355061548
1761899074006
23397354836
1761899075005
23441391650
1761899076006
23483484742
1761899077007
23528208932
1761899078006
23574063856
1761899079004
23619062215
1761899080006
23662063936
1761899081006
23705427290
1761899082006
23747933528
1761899083006
23791086372
1761899084006
23832259179
1761899085006
23876359286
1761899086006
23919303756
1761899087005
23963458306
1761899088006
24005110238
1761899089006
24048941364
1761899090006
24091029757
1761899091006
24134821332
1761899092006
24179588124
1761899093007
24225640863
1761899094006
24266959604
1761899095006
24310346273
1761899096006
24352021032
1761899097006
24394938342
1761899098006
24437814392
1761899099004
24481792490
1761899100006
24523559839
1761899101006
24567527866
1761899102007
24609523974
1761899103006
24652117249
1761899104007
24694954908
1761899105005
24738716087
1761899106006
24779950479
1761899107006
24825307296
1761899108006
24872364366
1761899109005
24916217647
1761899110006
24958837411
1761899111006
25001565512
1761899112006
25044871370
1761899113007
25087628097
1761899114006
25128919373
1761899115006
25173006907
1761899116005
25215164147
1761899117006
25258908847
1761899118007
25301046191
1761899119005
25344315733
1761899120006
25386132643
1761899121006
25430014977
1761899122006
25474601654
1761899123006
25521692232
1761899124006
25564494796
1761899125006
25608408075
1761899126006
25650019479
1761899127006
25692910788
1761899128006
25735423008
1761899129006
25779974835
1761899130006
25821718259
1761899131006
25865803107
1761899132006
25908039693
1761899133007
25951243379
1761899134006
25992801134
1761899135006
26037446039
1761899136006
26078697764
1761899137006
26131160643
1761899138060
26200019841
1761899139003
26281429057
1761899140003
26354511694
1761899141003
26437574470
1761899142003
26523973846
1761899143003
26621437769
1761899144002
26751808041
1761899145002
26878470558
1761899146007
27010698125
1761899147005
27149099260
1761899148010
27282765971
1761899149002
27417194399
1761899150003
27531797316
1761899151002
27671756491
1761899152002
27806611065
1761899153002
27944620539
1761899154031
28075828516
1761899155003
28215010349
1761899156036
28346066044
1761899157009
28477495456
1761899158003
28615305833
1761899159024
28752047305
1761899160032
28884706145
1761899161033
29025092260
1761899162087
29153793347
1761899163008
29288958284
1761899164042
29424894703
1761899165023
29558857312
1761899166023
29694183504
1761899167018
29832776227
1761899168118
29972012199
1761899169075
30097629065
1761899170018
30237946211
1761899171076
30368062333
1761899172016
30501147807
1761899173006
30638001461
1761899174034
30797153580
1761899175197
30906509624
1761899176029
31044806572
1761899177138
31195048131
1761899178162
31313425025
1761899179023
31451094228
1761899180150
31581884909
1761899181026
31717860635
1761899182038
31849900397
1761899183013
31995625854
1761899184118
32121522321
1761899185019
32256977541
1761899186023
32388763520
1761899187003
32529483924
1761899188094
32663898863
1761899189043
32794052155
1761899190012
32929109487
1761899191014
33089102608
1761899192257
33198343417
1761899193030
33338809305
1761899194054
33474776609
1761899195190
33604695221
1761899196014
33739689444
1761899197016
33878507692
1761899198179
34011440518
1761899199060
34143125606
1761899200017
34277884355
1761899201020
34412450966
1761899202007
34548004452
1761899203014
34687303290
1761899204058
34817099527
1761899205009
34952481444
1761899206023
35089937208
1761899207033
35228033290
1761899208110
35356244814
1761899209069
35490205409
1761899210010
35629190283
1761899211102
35780201920
1761899212157
35897186972
1761899213019
36034174659
1761899214078
36177116736
1761899215167
36383173094
1761899216686
36440712863
1761899217053
36572428285
1761899218062
36713413093
1761899219181
36854741467
1761899220132
36974555552
1761899221005
37119978825
1761899222102
37250658300
1761899223087
37398940330
1761899224250
37596602849
1761899225622
37660976646
1761899226098
37785292307
1761899227030
37918457860
1761899228005
38053454829
1761899229006
38189039198
1761899230024
38328087548
1761899231054
38480730895
1761899232181
38592359882
1761899233008
38731287810
1761899234034
38864342157
1761899235024
39002424384
1761899236046
39134514561
1761899237106
39277467625
1761899238230
39403609392
1761899239020
39536939434
1761899240013
39672007936
1761899241008
39806368066
1761899242016
39942338116
1761899243194
40081564016
1761899244051
40210692348
1761899245008
40344615284
1761899246004
40486806998
1761899247150
40651515133
1761899248276
40749418447
1761899249004
40884546397
1761899250009
41019201936
1761899251004
41156768661
1761899252042
41288426527
1761899253004
41423053685
1761899254003
41557073545
1761899255003
41692040912
1761899256003
41825063459
1761899257002
41953745930
1761899258002
42082262264
1761899259002
42197221930
1761899260003
42296275815
1761899261002
42395703844
1761899262002
42520907259
1761899263003
42666213222
1761899264022
42800475696
1761899265014
42933101760
1761899266002
43068923373
1761899267002
43202530880
1761899268002
43338048539
1761899269010
43472037820
1761899270007
43602621714
1761899271002
43732570112
1761899272002
43863376051
1761899273002
43982335219
1761899274002
44093972141
1761899275002
44205604179
1761899276002
44316594618
1761899277002
44430868739
1761899278002
44553267291
1761899279002
44673156266
1761899280002
44786519928
1761899281002
44898755054
1761899282002
45012570741
1761899283002
45129296944
1761899284002
45249314703
1761899285002
45363631854
1761899286002
45478073639
1761899287002
45591760604
1761899288002
45703640200
1761899289002
45814014551
1761899290002
45924388109
1761899291002
46034450938
1761899292002
46146441923
1761899293002
46262649084
1761899294002
46381013527
1761899295002
46501674717
1761899296002
46616784896
1761899297002
46725864024
1761899298002
46833764870
1761899299002
46941049142
1761899300002
47055691548
1761899301002
47168679174
1761899302002
47285832011
1761899303002
47394015694
1761899304002
47498116624
1761899305002
47600972928
1761899306002
47708329526
1761899307002
47821195143
1761899308003
47932589145
1761899309002
48045767017
1761899310002
48156930306
1761899311002
48266335544
1761899312002
48373741214
1761899313002
48481462190
1761899314002
48586965399
1761899315002
48694758031
1761899316002
48809945114
1761899317002
48932486732
1761899318002
49040438909
1761899319002
49140043756
1761899320002
49255061772
1761899321002
49363864472
1761899322002
49474856986
1761899323002
49586032178
1761899324002
49687617062
1761899325004
49793094453
1761899326002
49909328347
1761899327002
50034839317
1761899328002
50157830274
1761899329002
50272324488
1761899330002
50383784469
1761899331002
50498434322
1761899332002
50607450461
1761899333002
50716837632
1761899334002
50827826972
1761899335002
50934610024
1761899336002
51042652228
1761899337002
51151541659
1761899338002
51266563154
1761899339002
51380845393
1761899340002
51486678862
1761899341002
51592774843
1761899342002
51702107022
1761899343002
51814579878
1761899344002
51919937824
1761899345002
52021622988
1761899346003
52121949758
1761899347002
52230350603
1761899348002
52343870760
1761899349002
52449775335
1761899350002
52547578307
1761899351002
52661482251
1761899352002
52780202406
1761899353002
52892061251
1761899354003
52996774362
1761899355002
53103199382
1761899356002
53209364394
1761899357002
53319457557
1761899358002
53431069881
1761899359002
53530097276
1761899360002
53632764616
1761899361002
53742181694
1761899362002
53857766908
1761899363002
53976325809
1761899364002
54091323806
1761899365002
54195584342
1761899366002
54300014678
1761899367002
54415250833
1761899368002
54530273304
1761899369002
54641132457
1761899370002
54752906340
1761899371002
54859234376
1761899372002
54980894832
1761899373002
55103741807
1761899374002
55219178767
1761899375002
55326554530
1761899376002
55434441339
1761899377002
55549398503
1761899378002
55665788769
1761899379002
55775977635
1761899380002
55894068092
1761899381002
56000507151
1761899382002
56113587061
1761899383002
56231608793
1761899384002
56346744301
1761899385002
56455741032
1761899386002
56567140832
1761899387002
56675273062
1761899388002
56784956741
1761899389002
56892463058
1761899390002
56998977861
1761899391002
57110120826
1761899392002
57220543517
1761899393002
57333531936
1761899394002
57442791422
1761899395002
57557863454
1761899396002
57664522483
1761899397002
57776265056
1761899398002
57889564143
1761899399002
58001289199
1761899400002
58119280291
1761899401002
58233751006
1761899402002
58345324024
1761899403002
58451893392
1761899404002
58565052099
1761899405002
58682492838
1761899406002
58798858141
1761899407003
58915686272
1761899408002
59023185997
1761899409002
59131367361
1761899410002
59242136730
1761899411002
59354421538
1761899412002
59469822671
1761899413002
59582490107
1761899414002
59687875641
1761899415002
59812906693
1761899416002
59932486770
1761899417002
60055798771
1761899418002
60180577626
1761899419002
60288469013
1761899420002
60398080548
1761899421002
60513299492
1761899422002
60630326780
1761899423002
60743117019
1761899424002
60850759382
1761899425002
60957509292
1761899426002
61066047466
1761899427002
61181505057
1761899428002
61302322863
1761899429002
61410645400
1761899430002
61523781890
1761899431002
61633348443
1761899432002
61737035861
1761899433002
61846100767
1761899434002
61958693130
1761899435002
62068063456
1761899436002
62174922679
1761899437002
62286315522
1761899438002
62395484676
1761899439002
62501933378
1761899440002
62608574462
1761899441002
62728168822
1761899442002
62846832519
1761899443002
62960030411
1761899444002
63067166855
1761899445002
63172866048
1761899446002
63284275369
1761899447002
63392573615
1761899448002
63499668434
1761899449002
63607039802
1761899450002
63713900734
1761899451003
63821624030
1761899452002
63932603605
1761899453002
64038685853
1761899454002
64146027863
1761899455002
64251464544
1761899456002
64355260482
1761899457002
64468866453
1761899458002
64572860205
1761899459002
64675487323
1761899460003
64777828492
1761899461002
64888883932
1761899462002
64995142999
1761899463002
65104494037
1761899464002
65210649649
1761899465002
65315891323
1761899466002
65425283011
1761899467002
65529063995
1761899468002
65638870416
1761899469002
65743616852
1761899470002
65848098274
1761899471002
65956560520
1761899472003
66069117117
1761899473002
66173655607
1761899474002
66283839163
1761899475002
66393622573
1761899476002
66513408582
1761899477002
66627582850
1761899478002
66742063575
1761899479002
66852651122
1761899480002
66963632954
1761899481002
67072687485
1761899482002
67187363827
1761899483002
67302786139
1761899484002
67410348852
1761899485002
67524198048
1761899486002
67637940066
1761899487002
67747181119
1761899488002
67858964403
1761899489002
67967015823
1761899490002
68068413390
1761899491002
68181623489
1761899492002
68293770663
1761899493007
68407537339
1761899494002
68519101385
1761899495002
68632053671
1761899496002
68742598005
1761899497002
68855645689
1761899498002
68963632778
1761899499002
69068950197
1761899500002
69173170755
1761899501002
69285874751
1761899502002
69400273262
1761899503002
69512046536
1761899504002
69619634944
1761899505002
69729295430
1761899506002
69842092505
1761899507002
69951551453
1761899508003
70057967867
1761899509002
70167242856
1761899510002
70276625206
1761899511002
70387723432
1761899512002
70501699031
1761899513002
70605623570
1761899514002
70714549744
1761899515002
70826245259
1761899516002
70929001099
1761899517002
71043112623
1761899518002
71163716807
1761899519002
71266478812
1761899520002
71371751675
1761899521002
71480256402
1761899522002
71586760524
1761899523002
71697992355
1761899524002
71808410164
1761899525002
71919255095
1761899526002
72027567806
1761899527002
72138166705
1761899528002
72244800221
1761899529002
72349746241
1761899530002
72459967334
1761899531002
72567051288
1761899532002
72676929913
1761899533002
72791822990
1761899534002
72900067098
1761899535002
73010171247
1761899536002
73119954291
1761899537002
73226268594
1761899538002
73334443244
1761899539002
73447025720
1761899540002
73556299732
1761899541002
73664399858
1761899542002
73771079028
1761899543002
73880474378
1761899544002
73991833346
1761899545002
74105210680
1761899546002
74219937193
1761899547002
74330041953
1761899548002
74443970433
1761899549002
74557671924
1761899550002
74665164447
1761899551002
74780279814
1761899552002
74900981470
1761899553002
75016446079
1761899554002
75125642211
1761899555002
75231649081
1761899556002
75343564505
1761899557002
75452103961
1761899558002
75565226169
1761899559002
75671137336
1761899560002
75771633660
1761899561002
75878802881
1761899562002
75992022195
1761899563002
76105204095
1761899564002
76213682455
1761899565002
76316567202
1761899566002
76425630643
1761899567002
76538050338
1761899568002
76648935431
1761899569002
76757193332
1761899570002
76863374213
1761899571002
76974374112
1761899572002
77092118256
1761899573002
77207768534
1761899574002
77321165643
1761899575002
77434525338
1761899576002
77539016709
1761899577002
77648951608
1761899578002
77760287200
1761899579002
77870070976
1761899580002
77979983109
1761899581002
78090427834
1761899582002
78198908452
1761899583002
78306931491
1761899584002
78422429426
1761899585003
78539523791
1761899586003
78656007136
1761899587002
78781891030
1761899588002
78908693745
1761899589002
79015612905
1761899590002
79135943224
1761899591002
79254331898
1761899592002
79377405252
1761899593003
79485246712
1761899594003
79587410147
1761899595002
79675620126
1761899596003
79747317574
1761899597003
79825404960
1761899598005
79886089192
1761899599005
79946425280
1761899600004
79999123570
1761899601005
80046240149
1761899602005
80093572547
1761899603006
80137577440
1761899604006
80180674192
1761899605006
80226244937
1761899606006
80269529922
1761899607007
80314288779
1761899608006
80356987767
1761899609006
80402110332
1761899610006
80445749624
1761899611006
80490613889
1761899612006
80537107240
1761899613007
80581151621
1761899614006
80625957964
1761899615006
80671560264
1761899616006
80715311800
1761899617006
80761376258
1761899618006
80808644691
1761899619004
80854480817
1761899620006
80898542105
1761899621006
80943050475
1761899622006
80986999765
1761899623007
81031105365
1761899624006
81073445100
1761899625006
81122975552
1761899626004
81194282803
1761899627004
81269744829
1761899628003
81351635794
1761899629003
81449086655
1761899630002
81548289526
1761899631002
81661580191
1761899632002
81793643574
1761899633002
81906558690
1761899634002
82010073317
1761899635002
82114568411
1761899636002
82225234571
1761899637002
82340240990
1761899638002
82456877349
1761899639002
82562134404
1761899640002
82667310771
1761899641002
82788362890
1761899642002
82908846834
1761899643002
83034564042
1761899644002
83151092369
1761899645002
83264484474
1761899646002
83375302977
1761899647002
83484863731
1761899648002
83593512501
1761899649002
83694127661
1761899650002
83792570097
1761899651002
83893638503
1761899652002
83985513817
1761899653002
84076566074
1761899654002
84167958540
1761899655002
84270306972
1761899656002
84381657090
1761899657002
84509617272
1761899658002
84633262159
1761899659002
84735231258
1761899660002
84830365170
1761899661002
84925600277
1761899662002
85018640750
1761899663002
85109256423
1761899664002
85200016384
1761899665002
85292149449
1761899666002
85382398608
1761899667002
85473311217
1761899668002
85564854439
1761899669002
85657448624
1761899670002
85749944420
1761899671002
85839744483
1761899672002
85929333243
1761899673002
86017898384
1761899674002
86107065392
1761899675002
86196439859
1761899676003
86287515675
1761899677003
86379219420
1761899678003
86465495566
1761899679002
86551383225
1761899680003
86635924390
1761899681003
86719622052
1761899682003
86805848149
1761899683002
86890839265
1761899684002
86970930491
1761899685002
87055968664
1761899686002
87141923827
1761899687002
87215361750
1761899688002
87279234389
1761899689003
87352980294
1761899690003
87410269026
1761899691003
87466212975
1761899692004
87524869502
1761899693004
87580906102
1761899694004
87632625879
1761899695004
87685357922
1761899696003
87737451600
1761899697004
87790205554
1761899698003
87842502783
1761899699004
87895212731
1761899700003
87946978712
1761899701004
87999714783
1761899702005
88052130726
1761899703003
88104229225
1761899704005
88156123074
1761899705003
88208868178
1761899706003
88260450993
1761899707005
88314083058
1761899708004
88366317482
1761899709003
88419131556
1761899710004
88470794937
1761899711006
88522844547
1761899712004
88575189079
1761899713004
88627296978
1761899714003
88679214081
1761899715003
88731087056
1761899716006
88773938875
1761899717006
88817750348
1761899718007
88863906602
1761899719004
88908868278
1761899720006
88951148627
1761899721006
88994759233
1761899722006
89040605002
1761899723006
89087345361
1761899724006
89131079868
1761899725006
89175695965
1761899726006
89218301996
1761899727006
89261418096
1761899728007
89304439043
1761899729004
89348178128
1761899730006
89390936380
1761899731006
89434796497
1761899732006
89480777947
1761899733006
89524418705
1761899734006
89566372699
1761899735006
89610045805
1761899736006
89652890300
1761899737006
89698486862
1761899738006
89741697628
1761899739004
89786170354
1761899740004
89829030962
1761899741006
89871432159
1761899742007
89915101786
1761899743006
89958406546
1761899744006
90001145695
1761899745006
90045203748
1761899746006
90088374048
1761899747007
90132605380
1761899748006
90175133958
1761899749004
90219009578
1761899750006
