timestamp,energy
1770554186002,213410571465
1770554187002,213489159582
1770554188002,213578074942
1770554189011,213699651902
1770554190015,213846254187
1770554191004,213981291806
1770554192005,214116406267
1770554193012,214252324620
1770554194014,214387349360
1770554195009,214521558001
1770554196118,214660719449
1770554197025,214793741935
1770554198048,214931801030
1770554199008,215060717326
1770554200006,215195834168
1770554201005,215330651816
1770554202013,215466706460
1770554203032,215602570370
1770554204008,215735867697
1770554205005,215870283796
1770554206018,216006321839
1770554207008,216140738914
1770554208009,216275712995
1770554209009,216410688357
1770554210008,216545030482
1770554211038,216682288980
1770554212047,216819406244
1770554213013,216950916833
1770554214058,217089967624
1770554215022,217221877626
1770554216046,217358844744
1770554217011,217490454148
1770554218004,217624278939
1770554219007,217759834379
1770554220023,217896686872
1770554221023,218029823128
1770554222011,218165026762
1770554223010,218299799122
1770554224008,218434573801
1770554225005,218568954072
1770554226009,218704444631
1770554227003,218838553663
1770554228006,218973921603
1770554229016,219109861623
1770554230012,219244714672
1770554231003,219378369969
1770554232009,219513744134
1770554233022,219650898507
1770554234003,219783105444
1770554235045,219923643781
1770554236003,220052980608
1770554237003,220187896583
1770554238002,220322483214
1770554239002,220457740680
1770554240003,220592624795
1770554241002,220727486510
1770554242002,220862068319
1770554243002,220997068767
1770554244003,221132355225
1770554245003,221267198752
1770554246003,221402058331
1770554247003,221536715091
1770554248003,221671709435
1770554249002,221806450179
1770554250003,221941404057
1770554251002,222076390162
1770554252002,222211374252
1770554253003,222346092535
1770554254002,222481060573
1770554255002,222615956285
1770554256002,222750897834
1770554257002,222884436555
1770554258002,223018955254
1770554259002,223154030042
1770554260002,223288480015
1770554261002,223423359065
1770554262002,223557810197
1770554263002,223692594154
1770554264002,223827887265
1770554265002,223962147907
1770554266002,224097312845
1770554267002,224219216646
1770554268002,224326944703
1770554269002,224433114658
1770554270002,224534693561
1770554271002,224636672121
1770554272002,224738468613
1770554273002,224840471709
1770554274002,224944857611
1770554275002,225046612050
1770554276002,225148328464
1770554277002,225250112017
1770554278002,225349499336
1770554279002,225459033235
1770554280002,225563738534
1770554281002,225667204700
1770554282002,225765726969
1770554283002,225865183197
1770554284002,225972981993
1770554285003,226114520327
1770554286003,226253817273
1770554287003,226389098848
1770554288003,226524127433
1770554289003,226658952954
1770554290003,226793900790
1770554291003,226928724175
1770554292003,227063351943
1770554293003,227198412694
1770554294003,227333250117
1770554295004,227468398087
1770554296003,227602864905
1770554297003,227738228390
1770554298003,227873087969
1770554299003,228007662209
1770554300003,228142677122
1770554301003,228277738666
1770554302003,228412862954
1770554303003,228547491516
1770554304002,228682497273
1770554305003,228817357768
1770554306004,228952306397
1770554307008,229087801168
1770554308004,229222197857
1770554309007,229357475526
1770554310005,229492154502
1770554311003,229626901167
1770554312025,229764733272
1770554313004,229896766565
1770554314004,230031752120
1770554315004,230166601506
1770554316004,230301583644
1770554317004,230436552353
1770554318004,230571498358
1770554319013,230707637719
1770554320004,230841284227
1770554321003,230976008553
1770554322003,231110975615
1770554323002,231245844349
1770554324003,231380875742
1770554325008,231516630460
1770554326003,231650743825
1770554327003,231785704783
1770554328003,231920720124
1770554329004,232055645987
1770554330003,232190393506
1770554331003,232325320711
1770554332003,232460317802
1770554333003,232595292310
1770554334010,232731215546
1770554335002,232864789118
1770554336003,233000038284
1770554337002,233134868505
1770554338003,233269893367
1770554339009,233405531081
1770554340006,233539942541
1770554341008,233675377924
1770554342012,233809529680
1770554343002,233944304238
1770554344002,234079547666
1770554345002,234214406268
1770554346002,234349307229
1770554347003,234484491454
1770554348003,234619304829
1770554349003,234754111979
1770554350002,234888778199
1770554351003,235024013571
1770554352003,235158991009
1770554353003,235293882692
1770554354003,235428933555
1770554355003,235563829694
1770554356002,235698696780
1770554357003,235833539147
1770554358002,235968367965
1770554359002,236103242681
1770554360002,236238222071
1770554361002,236372877488
1770554362002,236507995245
1770554363002,236643014919
1770554364002,236778132676
1770554365003,236912892158
1770554366002,237047798429
1770554367003,237182564197
1770554368003,237317748238
1770554369002,237452211639
1770554370002,237587553944
1770554371003,237722530955
1770554372002,237857028352
1770554373003,237992174796
1770554374002,238126621412
1770554375003,238262256929
1770554376003,238397038994
1770554377002,238531925123
1770554378002,238666621983
1770554379002,238801015132
1770554380002,238935722124
1770554381002,239070656043
1770554382002,239205340269
1770554383002,239339706441
1770554384002,239474714091
1770554385002,239609118776
1770554386002,239744007774
1770554387002,239878899031
1770554388002,240013432927
1770554389002,240147671414
1770554390002,240282407153
1770554391002,240417700874
1770554392002,240552135832
1770554393002,240686896840
1770554394002,240821927195
1770554395002,240955909884
1770554396002,241090932610
1770554397002,241226056776
1770554398002,241354939319
1770554399002,241457026521
1770554400002,241562156318
1770554401002,241667140363
1770554402002,241768917263
1770554403002,241870985728
1770554404002,241975147509
1770554405002,242077153535
1770554406002,242192059185
1770554407002,242297277422
1770554408002,242398673281
1770554409002,242506611969
1770554410002,242631135393
1770554411002,242752898875
1770554412002,242874636784
1770554413002,242995152833
1770554414002,243115381041
1770554415002,243236629509
1770554416002,243358015490
1770554417002,243478857344
1770554418002,243600899695
1770554419002,243732872136
1770554420002,243855607722
1770554421002,243976358878
1770554422002,244097006396
1770554423002,244218164350
1770554424002,244338670206
1770554425002,244458344155
1770554426002,244578203895
1770554427002,244699789704
1770554428003,244842142977
1770554429003,244976780572
1770554430003,245111752883
1770554431003,245246789952
1770554432003,245381631159
1770554433002,245516504227
1770554434003,245651501684
1770554435003,245786276425
1770554436003,245921255571
1770554437003,246056287574
1770554438003,246191108335
1770554439003,246326026874
1770554440003,246461040505
1770554441003,246596065550
1770554442003,246730887471
1770554443002,246865831705
1770554444003,247000824219
1770554445003,247135599325
1770554446003,247270651226
1770554447003,247405559633
1770554448003,247540483054
1770554449003,247675205122
1770554450002,247810227176
1770554451003,247945191308
1770554452002,248080152693
1770554453003,248214968938
1770554454003,248350021448
1770554455003,248485080490
1770554456003,248619740118
1770554457002,248754630520
1770554458002,248889540026
1770554459002,249024336189
1770554460002,249159265348
1770554461002,249293667287
1770554462002,249429218698
1770554463002,249563411470
1770554464002,249698904653
1770554465003,249834012889
1770554466003,249968660371
1770554467003,250103609183
1770554468003,250238238355
1770554469002,250373288791
1770554470002,250508023675
1770554471003,250643468336
1770554472004,250778159214
1770554473002,250912788081
1770554474002,251047301164
1770554475002,251182717871
1770554476002,251317604366
1770554477002,251452549028
1770554478002,251587496620
1770554479003,251722589475
1770554480003,251857310626
1770554481003,251991947367
1770554482002,252126978210
1770554483002,252261728353
1770554484002,252396378155
1770554485002,252530919986
1770554486002,252666209190
1770554487002,252801111128
1770554488002,252935775273
1770554489002,253070689478
1770554490003,253205529953
1770554491002,253340522222
1770554492002,253475469082
1770554493002,253609955859
1770554494002,253745169380
1770554495002,253875587991
1770554496002,253997789888
1770554497002,254120147119
1770554498002,254242382035
1770554499002,254364602975
1770554500002,254486939515
1770554501002,254609171624
1770554502002,254731665084
1770554503002,254853992652
1770554504002,254976292632
1770554505002,255098827658
1770554506002,255219938920
1770554507002,255340579236
1770554508002,255461373238
1770554509002,255582865664
1770554510002,255703592162
1770554511002,255828109970
1770554512002,255949100566
1770554513002,256070086524
1770554514002,256190927584
1770554515002,256311929716
1770554516002,256437459485
1770554517002,256558215706
1770554518002,256678272467
1770554519002,256797173957
1770554520002,256916940557
1770554521002,257037776612
1770554522002,257168413302
1770554523003,257308200847
1770554524003,257443281006
1770554525004,257578244589
1770554526003,257713253460
1770554527003,257847952090
1770554528006,257982893578
1770554529003,258117981489
1770554530004,258252935977
1770554531003,258387756616
1770554532003,258522548568
1770554533003,258657631902
1770554534003,258792555629
1770554535003,258927256150
1770554536002,259062416693
1770554537002,259197293118
1770554538002,259332176012
1770554539003,259467116280
1770554540003,259601985990
1770554541002,259736795582
1770554542002,259871876230
1770554543003,260006616913
1770554544003,260141916920
1770554545003,260276640513
1770554546003,260411695160
1770554547003,260546464163
1770554548003,260681301526
1770554549003,260816492159
1770554550003,260951018120
1770554551004,261086121778
1770554552003,261220845127
1770554553003,261355961176
1770554554002,261490701614
1770554555002,261625856481
1770554556002,261760294552
1770554557003,261895560014
1770554558003,262030575354
1770554559002,21855046
1770554560002,156462490
1770554561002,291185106
1770554562002,426682806
1770554563002,561137357
1770554564002,696206713
1770554565002,830503794
1770554566002,965928801
1770554567002,1100794545
1770554568002,1235888498
1770554569002,1370183137
1770554570002,1505606069
1770554571002,1639539992
1770554572002,1775081332
1770554573002,1909274042
1770554574002,2044692702
1770554575003,2179492894
1770554576003,2314627863
1770554577002,2449478226
1770554578002,2584136267
1770554579002,2719084836
1770554580002,2853826861
1770554581002,2988706277
1770554582002,3123969602
1770554583002,3258230062
1770554584002,3393405009
1770554585002,3528451721
1770554586002,3663261007
1770554587002,3787561531
1770554588002,3910379332
1770554589002,4036306744
1770554590002,4160028412
1770554591002,4282413353
1770554592002,4404815872
1770554593002,4527230475
1770554594002,4649326476
1770554595002,4772264150
1770554596002,4894774578
1770554597002,5016585912
1770554598002,5138686674
1770554599002,5259989525
1770554600002,5381936600
1770554601002,5502630932
1770554602002,5623064035
1770554603002,5743513433
1770554604002,5867999504
1770554605002,5989952500
1770554606002,6112485938
1770554607002,6233070896
1770554608002,6353332612
1770554609002,6479441115
1770554610002,6598827162
1770554611002,6718270765
1770554612002,6838069652
1770554613002,6957581370
1770554614002,7079109746
1770554615002,7213812587
1770554616003,7352098915
1770554617003,7486882566
1770554618003,7621830768
1770554619003,7756616922
1770554620003,7891628479
1770554621004,8026636617
1770554622003,8161430522
1770554623003,8296456239
1770554624003,8431338828
1770554625003,8566202008
1770554626003,8701219485
1770554627002,8836282982
1770554628003,8970964827
1770554629002,9105933842
1770554630002,9240609400
1770554631003,9375853133
1770554632004,9510738286
1770554633003,9645303616
1770554634002,9780416246
1770554635002,9915480292
1770554636003,10050429409
1770554637003,10185295458
1770554638002,10320079354
1770554639002,10455209135
1770554640002,10590171009
1770554641002,10724825144
1770554642003,10860122283
1770554643003,10994722463
1770554644002,11129502331
1770554645002,11264549592
1770554646003,11399439567
1770554647003,11534580334
1770554648003,11669565584
1770554649002,11803810846
1770554650003,11938928725
1770554651002,12073742467
1770554652002,12209078668
1770554653002,12343774002
1770554654002,12478755590
1770554655002,12613460324
1770554656002,12748800675
1770554657002,12883485206
1770554658002,13018285459
1770554659002,13153037067
1770554660002,13288244973
1770554661002,13422890564
1770554662003,13558046712
1770554663002,13692753337
1770554664002,13827106082
1770554665003,13962578330
1770554666002,14097254682
1770554667002,14231938663
1770554668002,14366854578
1770554669002,14501912521
1770554670002,14636204596
1770554671002,14771081021
1770554672002,14906403245
1770554673002,15040960823
1770554674002,15175844816
1770554675002,15310685719
1770554676002,15445934701
1770554677003,15580229767
1770554678003,15715503530
1770554679002,15850259166
1770554680002,15985116304
1770554681002,16120033622
1770554682002,16254740980
1770554683002,16389311009
1770554684003,16524413935
1770554685003,16659286087
1770554686003,16794359838
1770554687002,16928966549
1770554688002,17063875688
1770554689002,17198957801
1770554690003,17333479796
1770554691003,17468538654
1770554692002,17603447549
1770554693002,17738555968
1770554694002,17872929892
1770554695002,18008107585
1770554696002,18142700197
1770554697002,18277773582
1770554698002,18412508527
1770554699002,18547544437
1770554700002,18678135411
1770554701002,18800601101
1770554702002,18923136859
1770554703002,19046348641
1770554704002,19168869689
1770554705002,19291321951
1770554706002,19414420696
1770554707002,19536823093
1770554708002,19658984340
1770554709002,19781365192
1770554710002,19904280526
1770554711002,20026861206
1770554712002,20147694515
1770554713002,20272762310
1770554714002,20389829393
1770554715002,20504320250
1770554716002,20619231272
1770554717002,20736942579
1770554718002,20852246422
1770554719002,20974026994
1770554720002,21095392589
1770554721002,21218367494
1770554722002,21344436935
1770554723002,21466065835
1770554724002,21587272251
1770554725002,21711950276
1770554726002,21833320205
1770554727002,21952513503
1770554728002,22072429029
1770554729002,22192924448
1770554730003,22325798985
1770554731003,22465029647
1770554732003,22600008977
1770554733004,22734852687
1770554734003,22869663072
1770554735002,23004395881
1770554736002,23139302030
1770554737002,23274575914
1770554738002,23409206124
1770554739002,23544172881
1770554740003,23679073048
1770554741003,23814089182
1770554742003,23949083892
1770554743003,24083906667
1770554744003,24219017344
1770554745003,24353987458
1770554746003,24488804251
1770554747003,24623673718
1770554748003,24757870213
1770554749003,24893162225
1770554750003,25028120986
1770554751002,25163058018
1770554752003,25298449395
1770554753003,25433235183
1770554754002,25567982458
1770554755003,25702842159
1770554756003,25837920854
1770554757003,25972889685
1770554758004,26107686337
1770554759003,26242854510
1770554760002,26377453835
1770554761002,26512279357
1770554762002,26647449360
1770554763002,26782285929
1770554764002,26917254700
1770554765002,27052038046
1770554766002,27187040874
1770554767002,27321924135
1770554768002,27456570397
1770554769003,27591938824
1770554770003,27726770694
1770554771002,27861279810
1770554772002,27996353561
1770554773002,28131359380
1770554774002,28265983608
1770554775002,28400939195
1770554776002,28535884223
1770554777003,28670635465
1770554778002,28805907274
1770554779002,28940282663
1770554780002,29075422576
1770554781002,29210301625
1770554782002,29344701732
1770554783002,29479732942
1770554784002,29614304436
1770554785002,29749084364
1770554786002,29884367892
1770554787002,30018952936
1770554788002,30154007339
1770554789002,30288527136
1770554790002,30422863462
1770554791002,30557745868
1770554792002,30693057289
1770554793002,30827712523
1770554794002,30961841269
1770554795002,31097329692
1770554796002,31231840090
1770554797002,31366658531
1770554798002,31500920150
1770554799002,31623404822
1770554800002,31745904875
1770554801002,31868288656
1770554802002,31998704215
1770554803002,32119619250
1770554804002,32239516343
1770554805002,32358459947
1770554806002,32476961048
1770554807002,32593385554
1770554808002,32709240360
1770554809002,32825278515
1770554810002,32939986779
1770554811002,33059084374
1770554812002,33179467489
1770554813002,33301044448
1770554814002,33421685375
1770554815002,33542449653
1770554816002,33663718996
1770554817002,33784638425
1770554818002,33905351922
1770554819002,34026237782
1770554820002,34154129911
1770554821002,34282692753
1770554822002,34402923341
1770554823002,34522880737
1770554824002,34643641902
1770554825002,34768542339
1770554826003,34910788069
1770554827003,35045794071
1770554828002,35180785242
1770554829002,35315638961
1770554830003,35450505498
1770554831003,35585472072
1770554832003,35720304979
1770554833003,35855531988
1770554834003,35990186307
1770554835003,36125300768
1770554836002,36259907540
1770554837003,36395127043
1770554838002,36529848927
1770554839003,36664898325
1770554840003,36799872039
1770554841002,36934761953
1770554842002,37069545543
1770554843003,37204570466
1770554844003,37339701651
1770554845003,37474518627
1770554846002,37609484285
1770554847003,37744150933
1770554848003,37879407545
1770554849003,38014101597
1770554850003,38148806391
1770554851003,38283805008
1770554852002,38418818212
1770554853002,38553537166
1770554854002,38688785294
1770554855002,38823611976
1770554856002,38958317685
1770554857002,39093414996
1770554858002,39228240761
1770554859002,39363123717
1770554860002,39498214314
1770554861002,39632760966
1770554862003,39768055359
1770554863002,39902911214
1770554864002,40037418255
1770554865002,40172347659
1770554866002,40307333763
1770554867002,40442329389
1770554868002,40577096866
1770554869003,40711928553
1770554870002,40846340623
1770554871002,40981464667
1770554872002,41116576931
1770554873002,41251364305
1770554874002,41386362617
1770554875003,41521327359
1770554876002,41655511586
1770554877002,41790619273
1770554878002,41925666290
1770554879002,42060649038
1770554880002,42195353832
1770554881003,42329813144
1770554882002,42465185295
1770554883002,42600127027
1770554884002,42735134311
1770554885003,42869914727
1770554886002,43004738723
1770554887002,43138999060
1770554888002,43274109921
1770554889002,43408926836
1770554890002,43544071571
1770554891003,43679053891
1770554892002,43813605061
1770554893002,43948801797
1770554894003,44083865904
1770554895003,44218131002
1770554896002,44353488261
1770554897002,44488024843
1770554898002,44623225424
1770554899003,44757703107
1770554900003,44892749637
1770554901002,45021125956
1770554902002,45144159455
1770554903002,45266576378
1770554904002,45389055861
1770554905002,45511668829
1770554906002,45633942441
1770554907002,45756546315
1770554908002,45878935039
1770554909002,46001350192
1770554910002,46124023340
1770554911002,46246948013
1770554912002,46368170664
1770554913002,46488703071
1770554914002,46609548953
1770554915002,46730143920
1770554916002,46850561519
1770554917002,46975318402
1770554918002,47096549293
1770554919002,47217779390
1770554920002,47338882901
1770554921002,47460988301
1770554922002,47586372807
1770554923002,47707330078
1770554924002,47827955135
1770554925002,47947029721
1770554926002,48067684380
1770554927002,48192918984
1770554928002,48333261825
1770554929003,48468089849
1770554930004,48602937709
1770554931003,48738115830
1770554932003,48872911628
1770554933003,49007729581
1770554934002,49142316456
1770554935003,49277613350
1770554936003,49412654020
1770554937003,49547500538
1770554938003,49682401499
1770554939003,49817310150
1770554940003,49952356801
1770554941002,50087284251
1770554942003,50222217317
1770554943003,50357057609
1770554944003,50492115246
1770554945004,50627047640
1770554946003,50761860832
1770554947003,50896843824
1770554948003,51031697056
1770554949002,51166309687
1770554950002,51301445267
1770554951002,51436537450
1770554952003,51571462825
1770554953003,51706487809
1770554954003,51841508886
1770554955003,51975995237
1770554956002,52110922320
1770554957002,52246030983
1770554958002,52380852354
1770554959002,52515748799
1770554960002,52650561503
1770554961002,52785747985
1770554962002,52920559652
1770554963002,53055463664
1770554964002,53190438844
1770554965002,53325365683
1770554966002,53460104779
1770554967003,53594802372
1770554968002,53730100609
1770554969002,53864847884
1770554970002,54000034733
1770554971003,54134892725
1770554972002,54269772262
1770554973002,54404654302
1770554974002,54539492397
1770554975002,54674477464
1770554976002,54809345283
1770554977003,54944361600
1770554978003,55079344287
1770554979002,55213997567
1770554980003,55349054961
1770554981003,55483742787
1770554982002,55618934580
1770554983003,55753830780
1770554984003,55888563467
1770554985002,56021403948
1770554986002,56146111575
1770554987002,56268149959
1770554988002,56391143113
1770554989002,56514426672
1770554990002,56640447468
1770554991002,56763810616
1770554992002,56886280518
1770554993002,57008782829
1770554994002,57131954205
1770554995002,57254243565
1770554996002,57375223480
1770554997002,57497706626
1770554998002,57621711069
1770554999002,57742218024
1770555000002,57862548648
1770555001002,57986682547
1770555002002,58108349594
1770555003002,58229606241
1770555004002,58350694371
1770555005002,58471650299
1770555006002,58598269116
1770555007002,58717969737
1770555008002,58837184215
1770555009002,58956605296
1770555010002,59076517892
1770555011002,59196489386
1770555012002,59316080633
1770555013002,59435049322
1770555014002,59555038212
1770555015002,59675291994
1770555016002,59796157712
1770555017002,59917521476
1770555018002,60037606129
1770555019002,60156943654
1770555020002,60275940602
1770555021002,60396465807
1770555022002,60515517382
1770555023002,60634977342
1770555024002,60753844835
1770555025002,60872773730
1770555026002,60993165756
1770555027002,61113217512
1770555028002,61231998580
1770555029002,61350830185
1770555030002,61470221542
1770555031002,61589915754
1770555032002,61709550641
1770555033002,61828547040
1770555034002,61948224346
1770555035002,62068066141
1770555036002,62187633096
1770555037002,62306862771
1770555038002,62425800028
1770555039002,62544484539
1770555040002,62663535015
1770555041002,62783089885
1770555042002,62902689310
1770555043002,63021631938
1770555044002,63140446392
1770555045002,63260216044
1770555046002,63379611917
1770555047002,63498489176
1770555048002,63617479350
1770555049002,63736887492
1770555050002,63855699932
1770555051002,63974698712
1770555052002,64094428325
1770555053002,64214307839
1770555054002,64332819255
1770555055002,64451127118
1770555056002,64569929610
1770555057002,64690415874
1770555058002,64809149273
1770555059002,64934005887
1770555060002,65053335965
1770555061002,65169276098
1770555062002,65285130477
1770555063002,65400568963
1770555064002,65513503061
1770555065002,65625247831
1770555066002,65738045150
1770555067002,65849751834
1770555068002,65961277061
1770555069002,66072858318
1770555070002,66184122316
1770555071002,66295805135
1770555072002,66408122047
1770555073002,66519409971
1770555074002,66630940569
1770555075002,66742039711
1770555076002,66853600521
1770555077002,66965336258
1770555078002,67080867212
1770555079002,67194193338
1770555080002,67301856576
1770555081002,67409570717
1770555082002,67517642217
1770555083002,67625530247
1770555084002,67733380496
1770555085002,67840772555
1770555086002,67946626654
1770555087002,68050334823
1770555088002,68154364769
1770555089002,68258539491
1770555090002,68361989482
1770555091002,68465559713
1770555092002,68569487547
1770555093002,68673163856
1770555094002,68777339005
1770555095002,68880595820
1770555096002,68984354771
1770555097002,69087609023
1770555098002,69191452935
1770555099002,69294733188
1770555100002,69397801406
1770555101002,69501597649
1770555102002,69605335481
1770555103002,69709693490
1770555104002,69816051067
1770555105002,69921750992
1770555106002,70021337468
1770555107002,70117623232
1770555108002,70213846314
1770555109002,70310055906
1770555110002,70408460378
1770555111002,70510615085
1770555112002,70612412859
1770555113002,70712120856
1770555114002,70812418878
1770555115002,70910329089
1770555116002,71008313823
1770555117002,71101079455
1770555118003,71204437406
1770555119003,71349436485
1770555120003,71488518954
1770555121003,71623476494
1770555122003,71758386610
1770555123003,71893084141
1770555124003,72028349115
1770555125003,72163140823
1770555126003,72298088903
1770555127003,72432496335
1770555128003,72567530596
1770555129003,72702408974
1770555130003,72837496763
1770555131003,72972445026
1770555132003,73107189676
1770555133003,73242192565
1770555134003,73376613241
1770555135003,73511606914
1770555136003,73646563234
1770555137003,73781419090
1770555138003,73916474469
1770555139003,74051148197
1770555140003,74186117700
1770555141003,74321128340
1770555142003,74455953130
1770555143003,74590439907
1770555144003,74725199755
1770555145003,74860213264
1770555146003,74995191495
1770555147003,75130071094
1770555148003,75264731271
1770555149003,75399680938
1770555150003,75534773244
1770555151003,75667073259
1770555152003,75804292085
1770555153002,75938995476
1770555154003,76073706129
1770555155003,76208656162
1770555156003,76343587335
1770555157003,76478508987
1770555158003,76613501134
1770555159003,76748340511
1770555160003,76883016679
1770555161003,77017797523
1770555162003,77152822263
1770555163003,77287653583
1770555164003,77422365824
1770555165003,77557448180
1770555166003,77692267721
1770555167003,77827298015
1770555168003,77962186585
1770555169003,78096447228
1770555170003,78231578230
1770555171003,78366044682
1770555172003,78501252283
1770555173003,78635945664
1770555174003,78771113225
1770555175003,78905933010
1770555176003,79040755846
1770555177003,79175793098
1770555178003,79310243498
1770555179003,79445358386
1770555180003,79579984812
1770555181003,79714761933
1770555182003,79849860525
1770555183003,79984624035
1770555184003,80119597505
1770555185003,80254539970
1770555186003,80389445630
1770555187003,80523566198
1770555188003,80658849665
1770555189003,80793518204
1770555190003,80928363379
1770555191003,81063236325
1770555192003,81198003802
1770555193003,81333122536
1770555194003,81468076536
1770555195002,81599741726
1770555196003,81737321452
1770555197003,81871508853
1770555198003,82006871360
1770555199003,82141939191
1770555200003,82277005862
1770555201003,82411906090
1770555202003,82546799116
1770555203003,82681763065
1770555204003,82815360868
1770555205003,82951040757
1770555206003,83086036994
1770555207003,83220978421
1770555208003,83355739855
1770555209003,83490833321
1770555210003,83625648161
1770555211003,83760563465
1770555212003,83895560251
1770555213003,84029983063
1770555214003,84164988882
1770555215003,84299551282
1770555216003,84434529696
1770555217003,84569511101
1770555218003,84704257887
1770555219003,84838695715
1770555220002,84972736509
1770555221002,85089791691
1770555222002,85219274941
1770555223002,85347103776
1770555224002,85478065721
1770555225002,85605603847
1770555226002,85704589738
1770555227002,85788708175
1770555228002,85870153645
1770555229002,85949878661
1770555230002,86038370439
1770555231002,86131928427
1770555232002,86227935627
1770555233002,86322041771
1770555234002,86412893528
1770555235003,86558090788
1770555236003,86699619173
1770555237003,86834527397
1770555238003,86969665174
1770555239003,87104571262
1770555240003,87239347711
1770555241003,87372901996
1770555242003,87508933081
1770555243003,87642798644
1770555244003,87778676103
1770555245003,87913536171
1770555246003,88048453977
1770555247003,88183405597
1770555248003,88318189981
1770555249003,88453283141
1770555250002,88586215662
1770555251003,88722412152
1770555252003,88857515566
1770555253003,88992212364
1770555254003,89127045149
1770555255003,89261710698
1770555256003,89396878748
1770555257003,89531721786
1770555258003,89666560797
1770555259003,89801570278
1770555260003,89936199084
1770555261003,90071009102
1770555262003,90205805327
1770555263003,90340631459
1770555264003,90475705027
1770555265003,90610571320
1770555266003,90745537222
1770555267003,90880513194
1770555268003,91015381807
1770555269003,91149635186
1770555270003,91284708876
1770555271003,91419761448
1770555272003,91554228328
1770555273003,91689316422
1770555274003,91824380224
1770555275003,91959223751
1770555276003,92094147295
1770555277003,92229096473
1770555278003,92363674253
1770555279003,92498618671
1770555280003,92633318644
1770555281003,92767971802
1770555282003,92903001791
1770555283003,93037844708
1770555284003,93172947267
1770555285003,93307805870
1770555286003,93442785260
1770555287003,93577238285
1770555288003,93712163355
1770555289003,93846748399
1770555290003,93981893866
1770555291003,94116811916
1770555292003,94251695726
1770555293003,94386612068
1770555294003,94521468351
1770555295003,94656388355
1770555296003,94790764903
1770555297003,94925728913
1770555298003,95060647635
1770555299004,95195575878
1770555300003,95330498812
1770555301003,95465490165
1770555302003,95600096693
1770555303003,95735219883
1770555304003,95870092889
1770555305003,96004075334
1770555306003,96139463599
1770555307003,96274439510
1770555308003,96409306475
1770555309003,96544163368
1770555310003,96678949888
1770555311003,96813963642
1770555312003,96948644755
1770555313003,97083805297
1770555314003,97218496969
1770555315003,97353497478
1770555316002,97468673209
1770555317003,97595670625
1770555318003,97727642638
1770555319002,97854993203
1770555320002,97976591342
1770555321002,98056263989
1770555322002,98143536837
1770555323002,98223592724
1770555324002,98307567362
1770555325002,98398023368
1770555326002,98493002679
1770555327002,98589073172
1770555328002,98679021062
1770555329003,98811738801
1770555330003,98955774016
1770555331003,99090821400
1770555332003,99225648203
1770555333003,99360733428
1770555334003,99495726125
1770555335003,99630561473
1770555336003,99765209871
1770555337003,99900141288
1770555338003,100035093946
1770555339003,100169708530
1770555340003,100304544794
1770555341003,100439762832
1770555342003,100574383092
1770555343003,100709485896
1770555344003,100844497452
1770555345003,100978716896
1770555346003,101113595396
1770555347002,101248178365
1770555348003,101383301004
1770555349003,101518032227
1770555350003,101653182882
1770555351003,101788155925
1770555352003,101922949281
1770555353003,102057804222
1770555354003,102192233260
1770555355003,102327190617
1770555356003,102461915126
1770555357003,102597056625
1770555358003,102731860540
1770555359003,102867013637
1770555360003,103001951951
1770555361003,103136644355
1770555362003,103271505643
1770555363003,103406170765
1770555364003,103541120371
1770555365003,103675855499
1770555366003,103810443778
1770555367003,103945427929
1770555368003,104080299288
1770555369003,104215303276
1770555370003,104350401014
1770555371003,104485347873
1770555372003,104619671137
1770555373003,104754544571
1770555374006,104889768285
1770555375003,105024489559
1770555376003,105159277849
1770555377003,105294255714
1770555378003,105429019102
1770555379003,105564015827
1770555380003,105698761698
1770555381003,105832184757
1770555382003,105968259665
1770555383003,106102880963
1770555384003,106237943545
1770555385003,106372645776
1770555386003,106507762617
1770555387003,106642763065
1770555388003,106777669031
1770555389003,106912391403
1770555390003,107044776806
1770555391003,107181893826
1770555392003,107315926747
1770555393003,107451659554
1770555394003,107586397490
1770555395003,107721480702
1770555396003,107856306101
1770555397003,107991297149
1770555398003,108126190420
1770555399003,108260973217
1770555400003,108395149753
1770555401003,108530463067
1770555402003,108665120315
1770555403003,108800152928
1770555404003,108935064509
1770555405003,109069936844
1770555406003,109204688758
1770555407003,109339915706
1770555408003,109473269918
1770555409003,109609055886
1770555410002,109738343031
1770555411002,109854207603
1770555412002,109982309997
1770555413003,110110587012
1770555414003,110241952765
1770555415002,110333253434
1770555416002,110418723125
1770555417002,110497555687
1770555418002,110580360895
1770555419002,110670943610
1770555420002,110764992991
1770555421002,110861229133
1770555422002,110952828264
1770555423003,111085151900
1770555424002,111229068463
1770555425003,111363963015
1770555426003,111498881737
1770555427003,111633970197
1770555428003,111768886478
1770555429003,111903714014
1770555430003,112038583541
1770555431003,112173266241
1770555432003,112308074673
1770555433003,112442737658
1770555434003,112577852974
1770555435003,112712729032
1770555436003,112847744617
1770555437003,112982601571
1770555438003,113117549346
1770555439003,113251930594
1770555440003,113387035167
1770555441003,113521878267
1770555442003,113656586479
1770555443003,113791794385
1770555444003,113926322422
1770555445003,114061538751
1770555446003,114196476088
1770555447003,114331172582
1770555448003,114465856136
1770555449003,114600437884
1770555450003,114735108376
1770555451003,114870056395
1770555452003,115004970295
1770555453003,115139929240
1770555454003,115274983948
1770555455003,115409954488
1770555456003,115544758709
1770555457003,115679131595
1770555458003,115814123681
1770555459003,115949091902
1770555460003,116083717168
1770555461003,116218671168
1770555462003,116353563523
1770555463003,116488450262
1770555464003,116623523647
1770555465003,116758225573
1770555466003,116892907662
1770555467003,117027605926
1770555468003,117162724171
1770555469003,117297106334
1770555470003,117432158784
1770555471003,117567311392
1770555472003,117702018567
1770555473003,117836951632
1770555474003,117972084709
1770555475003,118105926224
1770555476003,118241556553
1770555477003,118376046077
1770555478003,118510995805
1770555479005,118646258825
1770555480003,118780956540
1770555481003,118915929644
1770555482003,119050676857
1770555483003,119185586485
1770555484003,119318564355
1770555485003,119455202250
1770555486003,119588653446
1770555487003,119724760337
1770555488003,119859503339
1770555489003,119994400272
1770555490003,120129519371
1770555491003,120264306258
1770555492003,120399125676
1770555493002,120534064723
1770555494003,120668686631
1770555495003,120803653205
1770555496003,120938624600
1770555497003,121073449267
1770555498003,121208435189
1770555499003,121343479093
1770555500003,121478143910
1770555501003,121613165354
1770555502003,121746195103
1770555503003,121882625540
1770555504002,122010145294
1770555505003,122125664347
1770555506002,122254924148
1770555507002,122386207930
1770555508002,122517346083
1770555509002,122602212504
1770555510002,122687062079
1770555511002,122766823716
1770555512002,122850354691
1770555513002,122942479577
1770555514002,123037090541
1770555515002,123132968531
1770555516002,123224257543
1770555517003,123351512954
1770555518003,123496554331
1770555519003,123631576690
1770555520003,123766409048
1770555521003,123901282665
1770555522003,124036272676
1770555523003,124171245475
1770555524003,124305984510
1770555525003,124441022189
1770555526002,124575319941
1770555527003,124710198258
1770555528003,124845115576
1770555529003,124980326717
1770555530003,125115226518
1770555531003,125250142798
1770555532003,125384674436
1770555533003,125519471149
1770555534003,125654172953
1770555535003,125789036499
1770555536003,125923929770
1770555537003,126058753399
1770555538003,126193784914
1770555539003,126328645164
1770555540003,126463520551
1770555541003,126598653933
1770555542003,126732737636
1770555543003,126867689683
1770555544003,127002507026
1770555545003,127137711880
1770555546003,127272472277
1770555547003,127407291207
1770555548003,127542212980
1770555549003,127677111073
1770555550003,127812051706
1770555551003,127946640351
1770555552003,128081715933
1770555553003,128216565380
1770555554003,128351099826
1770555555003,128486319938
1770555556003,128621262098
1770555557003,128756200229
1770555558003,128890781611
1770555559003,129025989150
1770555560003,129160235755
1770555561003,129295124081
1770555562003,129429962359
1770555563003,129564917397
1770555564003,129699718016
1770555565003,129834805805
1770555566003,129969663553
1770555567003,130104685607
1770555568003,130239540365
1770555569003,130373342146
1770555570003,130508808535
1770555571003,130643746727
1770555572003,130778542159
1770555573003,130913582768
1770555574003,131048564111
1770555575003,131183313156
1770555576003,131318411870
1770555577003,131453357692
1770555578003,131586029716
1770555579003,131722532540
1770555580003,131856900604
1770555581003,131992245778
1770555582003,132127089182
1770555583003,132262134247
1770555584003,132397077566
1770555585003,132532070873
1770555586003,132666932893
1770555587002,132799945370
1770555588003,132936175368
1770555589003,133071069615
1770555590003,133206077814
1770555591003,133341020828
1770555592003,133475879065
1770555593003,133610613461
1770555594003,133745718584
1770555595003,133880415382
1770555596003,134015511167
1770555597003,134149805684
1770555598003,134284663371
1770555599003,134419703980
1770555600003,134554504538
1770555601003,134689435833
1770555602003,134824469118
1770555603003,134959249107
1770555604003,135094183637
1770555605003,135229185550
1770555606003,135363851343
1770555607003,135498890182
1770555608002,135633277045
1770555609003,135768606777
1770555610002,135886074982
1770555611003,136016442324
1770555612003,136147716097
1770555613002,136278779177
1770555614002,136409542392
1770555615002,136491438789
1770555616002,136578061858
1770555617002,136658690436
1770555618002,136748780659
1770555619002,136844315205
1770555620002,136938384483
1770555621002,137032954187
1770555622003,137152829979
1770555623003,137298025103
1770555624003,137434120885
1770555625003,137568883296
1770555626003,137703885087
1770555627003,137838722754
1770555628003,137973688595
1770555629003,138108283221
1770555630003,138243041116
1770555631003,138377436585
1770555632004,138512765035
1770555633003,138647340496
1770555634003,138782367250
1770555635003,138917150657
1770555636003,139052107587
1770555637003,139186954044
1770555638003,139321678674
1770555639003,139456555954
1770555640003,139591298773
1770555641003,139726552394
1770555642003,139861324693
1770555643003,139996322150
1770555644003,140130966886
1770555645003,140265805164
1770555646003,140401060616
1770555647003,140535279266
1770555648003,140670480092
1770555649003,140805239086
1770555650003,140940223725
1770555651003,141074791679
1770555652003,141209736646
1770555653003,141344685580
1770555654003,141479873833
1770555655003,141614541396
1770555656003,141749274022
1770555657003,141884195796
1770555658003,142018858415
1770555659003,142153834083
1770555660003,142288528440
1770555661003,142423685504
1770555662003,142558341897
1770555663003,142693180053
1770555664003,142828316853
1770555665002,142961912825
1770555666003,143097608400
1770555667003,143232135888
1770555668003,143367343488
1770555669003,143502144901
1770555670003,143637062708
1770555671003,143771961044
1770555672003,143906698736
1770555673003,144041801723
1770555674003,144174629141
1770555675003,144311221504
1770555676003,144446118193
1770555677003,144580852284
1770555678003,144715729258
1770555679003,144850728790
1770555680003,144985388113
1770555681003,145120312939
1770555682003,145255134188
1770555683002,145387997861
1770555684003,145524516494
1770555685003,145658459571
1770555686003,145794178767
1770555687003,145929115800
1770555688003,146064359777
1770555689003,146199093991
1770555690003,146333938067
1770555691003,146469005897
1770555692003,146603797056
1770555693003,146738391255
1770555694003,146873434855
1770555695003,147008380310
1770555696003,147143032492
1770555697003,147278101482
1770555698003,147412772646
1770555699003,147547688194
1770555700003,147682676130
1770555701003,147817501957
1770555702003,147952257105
1770555703003,148086985398
1770555704003,148221771613
1770555705003,148356649380
1770555706003,148491769518
1770555707003,148626776069
1770555708003,148761543424
1770555709003,148896566394
1770555710003,149031382333
1770555711003,149166067535
1770555712003,149301094961
1770555713003,149435857921
1770555714003,149570577608
1770555715003,149689006199
1770555716002,149817205700
1770555717002,149946158739
1770555718002,150077601090
1770555719002,150209254257
1770555720002,150295650154
1770555721002,150382166717
1770555722002,150462336067
1770555723002,150550878932
1770555724002,150645680386
1770555725002,150739029817
1770555726002,150834246187
1770555727003,150935442766
1770555728003,151080599560
1770555729003,151220031210
1770555730003,151355096660
1770555731003,151490186219
1770555732003,151624823082
1770555733003,151759667707
1770555734003,151894256657
1770555735003,152029416956
1770555736002,152164020005
1770555737004,152299197027
1770555738003,152433963771
1770555739003,152569138474
1770555740004,152703927985
1770555741003,152838591642
1770555742003,152973619861
1770555743002,153106644606
1770555744003,153243146087
1770555745010,153378119130
1770555746003,153513028819
1770555747003,153647809236
1770555748003,153782798758
1770555749003,153917647168
1770555750003,154052564181
1770555751003,154187509758
1770555752003,154319596151
1770555753003,154456701086
1770555754003,154591148984
1770555755003,154726447527
1770555756003,154861559302
1770555757003,154996359555
1770555758003,155131397540
1770555759003,155265967142
1770555760003,155401325804
1770555761003,155535871968
1770555762005,155670677104
1770555763003,155805456422
1770555764003,155940013329
1770555765003,156074944136
1770555766003,156209932437
1770555767003,156344982934
1770555768003,156479853560
1770555769003,156614821538
1770555770003,156749541896
1770555771003,156884194261
1770555772003,157018949715
1770555773003,157153910856
1770555774003,157288846301
1770555775003,157423703439
1770555776003,157558680633
1770555777003,157693566823
1770555778003,157828311595
1770555779003,157963371796
1770555780003,158098002677
1770555781003,158232829114
1770555782003,158367658969
1770555783003,158502570306
1770555784003,158637420120
1770555785003,158772323339
1770555786003,158906992672
1770555787003,159041978837
1770555788003,159176918067
1770555789003,159311329466
1770555790003,159446568073
1770555791003,159581366250
1770555792003,159715983215
1770555793003,159850941793
1770555794003,159986053630
1770555795003,160120992005
1770555796003,160255869895
1770555797003,160390770001
1770555798003,160525402408
1770555799003,160660319055
1770555800002,160795041610
1770555801003,160929837408
1770555802003,161064633022
1770555803003,161199601915
1770555804003,161334568000
1770555805003,161469459745
1770555806003,161604396289
1770555807003,161738933908
1770555808003,161873576569
1770555809003,162008582632
1770555810003,162143286938
1770555811003,162278419588
1770555812003,162413088921
1770555813003,162548219068
1770555814003,162683147616
1770555815003,162817911493
1770555816003,162952130143
1770555817003,163087266394
1770555818003,163222293636
1770555819003,163356938494
1770555820003,163488960861
1770555821002,163607721482
1770555822003,163735591639
1770555823002,163865945919
1770555824002,163994552035
1770555825002,164105554803
1770555826002,164189174218
1770555827002,164271041867
1770555828002,164352437410
1770555829002,164439357537
1770555830002,164532312621
1770555831002,164629325312
1770555832002,164723455198
1770555833003,164819425107
1770555834003,164964754141
1770555835003,165105205320
1770555836003,165240252093
1770555837003,165375203103
1770555838003,165509953917
1770555839003,165645231525
1770555840003,165778638349
1770555841003,165914632935
1770555842003,166049283469
1770555843005,166184423016
1770555844003,166319244143
1770555845003,166454235191
1770555846003,166589165449
1770555847003,166724157840
1770555848003,166859070520
1770555849003,166992235035
1770555850003,167128512945
1770555851003,167263334500
1770555852003,167398043200
1770555853003,167533002999
1770555854003,167667966398
1770555855003,167802804737
1770555856003,167937635142
1770555857003,168072736969
1770555858003,168206563164
1770555859003,168342120861
1770555860003,168476822421
1770555861003,168611581231
1770555862003,168746507216
1770555863003,168881650730
1770555864003,169016318842
1770555865003,169151284195
1770555866003,169286347997
1770555867003,169420980954
1770555868003,169555620929
1770555869003,169690294900
1770555870003,169825295287
1770555871003,169960184529
1770555872003,170094982341
1770555873003,170230063843
1770555874003,170365165609
1770555875003,170500029156
1770555876003,170634304996
1770555877003,170769244958
1770555878003,170903906906
1770555879003,171038733404
1770555880005,171173691249
1770555881003,171308847031
1770555882003,171443642340
1770555883003,171578602383
1770555884003,171713474291
1770555885003,171848152596
1770555886003,171982970977
1770555887003,172117746633
1770555888003,172252489269
1770555889003,172387602143
1770555890003,172522460379
1770555891003,172657430798
1770555892003,172792086642
1770555893003,172927090813
1770555894003,173061404556
1770555895003,173196263159
1770555896003,173331017208
1770555897003,173466198930
1770555898003,173600962623
1770555899003,173735829710
1770555900003,173870755634
1770555901003,174005891701
1770555902003,174140710326
1770555903003,174275313619
1770555904003,174410221538
1770555905003,174544977358
1770555906002,174679684166
1770555907003,174814760236
1770555908003,174949738406
1770555909003,175084588586
1770555910003,175218734849
1770555911003,175354194890
1770555912002,175468819536
1770555913002,175597588860
1770555914002,175729149558
1770555915003,175856842041
1770555916002,175961104958
1770555917002,176045072333
1770555918002,176125636580
1770555919002,176211262521
1770555920002,176303802384
1770555921002,176398274737
1770555922002,176494680252
1770555923002,176584964811
1770555924003,176724889563
1770555925003,176867403602
1770555926003,177002264219
1770555927003,177137384478
1770555928003,177272252602
1770555929003,177407166441
1770555930003,177542255024
1770555931003,177676833476
1770555932003,177810619937
1770555933003,177946472068
1770555934003,178081620464
1770555935003,178216500795
1770555936003,178351270836
1770555937003,178486358930
1770555938003,178621107059
1770555939002,178755330410
1770555940003,178890503159
1770555941003,179025295905
1770555942003,179160331326
1770555943003,179295086596
1770555944003,179429919503
1770555945003,179564887968
1770555946003,179699871815
1770555947003,179834909494
1770555948002,179966830116
1770555949003,180104073844
1770555950003,180238873792
1770555951003,180373533603
1770555952003,180508620294
1770555953003,180643466506
1770555954003,180778358251
1770555955003,180913204219
1770555956003,181048025834
1770555957003,181180325727
1770555958003,181317562742
1770555959003,181452578143
1770555960003,181587432534
1770555961003,181722516600
1770555962003,181857127034
1770555963003,181992016338
1770555964003,182126956483
1770555965003,182261989157
1770555966003,182394060169
1770555967003,182531157596
1770555968003,182666152002
1770555969003,182800867538
1770555970003,182935645453
1770555971003,183070778529
1770555972003,183205787156
1770555973003,183340556770
1770555974003,183475555936
1770555975003,183607699213
1770555976003,183744899545
1770555977003,183879555268
1770555978003,184014260306
1770555979005,184149448986
1770555980003,184284185457
1770555981003,184419375785
1770555982003,184554000990
1770555983003,184689187106
1770555984003,184821812499
1770555985003,184958642532
1770555986003,185093385107
1770555987003,185228019101
1770555988003,185362999468
1770555989003,185498149574
1770555990003,185632725401
1770555991003,185767714130
1770555992003,185902805459
1770555993002,186036216556
1770555994003,186172281698
1770555995003,186306940960
1770555996003,186441984804
1770555997003,186576825767
1770555998003,186711804609
1770555999003,186846841983
1770556000002,186980078092
1770556001003,187116435897
1770556002002,187232059319
1770556003002,187362271877
1770556004002,187493522212
1770556005002,187624702540
1770556006002,187726434702
1770556007002,187810486183
1770556008002,187891295120
1770556009002,187975322370
1770556010002,188066824639
1770556011002,188161906426
1770556012002,188258332693
1770556013002,188349026980
1770556014003,188483026210
1770556015003,188626926720
1770556016003,188761520919
1770556017003,188896329961
1770556018003,189031513148
1770556019003,189166375779
1770556020003,189301357062
1770556021003,189435957303
1770556022003,189571129870
1770556023003,189705493844
1770556024003,189840233917
1770556025003,189975308766
1770556026003,190110198436
1770556027003,190245333588
1770556028003,190380055838
1770556029003,190515204967
1770556030003,190649664889
1770556031003,190784475213
1770556032003,190919131240
1770556033003,191053982946
1770556034003,191188913936
1770556035003,191324112992
1770556036003,191458965308
1770556037003,191593688229
1770556038003,191728603594
1770556039003,191863263101
1770556040003,191998134765
1770556041003,192132808492
1770556042003,192267791850
1770556043003,192402592836
1770556044003,192537492881
1770556045003,192672320051
1770556046003,192807230655
1770556047003,192942177148
1770556048003,193076555832
1770556049003,193211168036
1770556050003,193346433864
1770556051003,193481267504
1770556052003,193616353950
1770556053003,193751058317
1770556054003,193886279956
1770556055003,194020927682
1770556056003,194156075896
1770556057003,194290303213
1770556058003,194423540116
1770556059003,194560007174
1770556060003,194694825310
1770556061003,194829824415
1770556062003,194964734714
1770556063003,195099644159
1770556064003,195234835280
1770556065003,195369619176
1770556066003,195504107357
1770556067003,195638440021
1770556068003,195773545449
1770556069003,195908539488
1770556070003,196043754352
1770556071003,196178652322
1770556072003,196313352355
1770556073003,196448443745
1770556074003,196583416911
1770556075003,196717677370
1770556076003,196851607691
1770556077003,196987284956
1770556078003,197122412662
1770556079003,197257140955
1770556080003,197391950241
1770556081003,197526950262
1770556082003,197661923610
1770556083003,197796796129
1770556084003,197931436653
1770556085002,198065967376
1770556086003,198201136036
1770556087003,198336228830
1770556088003,198470949432
1770556089003,198606093862
1770556090003,198741057566
1770556091003,198875695161
1770556092002,198999087240
1770556093002,199124147467
1770556094002,199253019085
1770556095002,199384710093
1770556096002,199503011548
1770556097002,199583656483
1770556098002,199667858111
1770556099002,199751562365
1770556100002,199841668946
1770556101002,199937230774
1770556102002,200032325013
1770556103002,200124897591
1770556104003,200249405389
1770556105003,200393841055
1770556106003,200529398142
1770556107003,200664248139
1770556108003,200799292471
1770556109003,200934290294
1770556110003,201069022615
1770556111003,201203759392
1770556112003,201339058423
1770556113003,201473555637
1770556114003,201608540765
1770556115003,201743364395
1770556116003,201878405797
1770556117003,202013108333
1770556118003,202148275773
1770556119003,202283154456
1770556120003,202417637266
1770556121003,202552658954
1770556122003,202687151651
1770556123003,202822179382
1770556124003,202956987936
1770556125003,203091965923
1770556126003,203226970521
1770556127003,203361857505
1770556128003,203496825787
1770556129003,203631095158
1770556130003,203766450463
1770556131003,203900920639
1770556132003,204035758367
1770556133003,204170848537
1770556134003,204305778489
1770556135003,204440525886
1770556136003,204575559903
1770556137003,204710237720
1770556138003,204844831247
1770556139003,204979893646
1770556140003,205114633413
1770556141003,205249545787
1770556142003,205384322176
1770556143003,205519404838
1770556144003,205654197889
1770556145003,205789177829
1770556146003,205924082269
1770556147003,206058447403
1770556148003,206193364172
1770556149003,206328175961
1770556150003,206463002825
1770556151003,206598257972
1770556152003,206733057065
1770556153003,206868104937
1770556154003,207002678812
1770556155003,207137653258
1770556156003,207272392171
1770556157003,207407424663
1770556158003,207541963014
1770556159003,207676781395
1770556160003,207812073285
1770556161003,207946898257
1770556162003,208081701074
1770556163003,208216628463
1770556164003,208351630619
1770556165003,208485891506
1770556166003,208620979234
1770556167003,208755803108
1770556168003,208890539457
1770556169003,209025482288
1770556170003,209160546334
1770556171003,209295524626
1770556172003,209430422658
1770556173003,209565094920
1770556174003,209699818391
1770556175003,209834614311
1770556176003,209969317091
1770556177003,210104314670
1770556178003,210239109918
1770556179003,210374137893
1770556180003,210509017614
1770556181003,210643892268
1770556182003,210778834123
1770556183003,210912899453
1770556184003,211048310972
1770556185003,211182879780
1770556186003,211318098916
1770556187003,211452941711
1770556188003,211587833272
1770556189003,211722828715
1770556190003,211857765259
1770556191003,211992638327
1770556192003,212125824327
1770556193003,212262059635
1770556194003,212395973659
1770556195003,212531964644
1770556196003,212666628728
1770556197002,212784774178
1770556198002,212912383897
1770556199002,213043658403
1770556200002,213175144150
1770556201002,213299367099
1770556202002,213380099741
1770556203002,213468598660
1770556204002,213551089355
1770556205002,213639626848
1770556206002,213734382892
1770556207002,213828336509
1770556208002,213922499476
1770556209003,214036316567
1770556210002,214181325961
1770556211003,214318350330
1770556212003,214453554879
1770556213003,214588528899
1770556214003,214723481373
1770556215003,214858359995
1770556216003,214993181366
1770556217003,215127853201
1770556218003,215262563306
1770556219003,215397474398
1770556220004,215532444146
1770556221003,215667487440
1770556222003,215802033604
1770556223003,215937232111
1770556224003,216072026627
1770556225003,216206514381
1770556226003,216341372800
1770556227003,216476497759
1770556228003,216611417885
1770556229003,216746349791
1770556230003,216880978596
1770556231003,217015910197
1770556232003,217151033020
1770556233003,217285643393
1770556234003,217420347394
1770556235003,217555256655
1770556236003,217690206627
1770556237003,217824732345
1770556238003,217959712529
1770556239003,218094747523
1770556240003,218229571946
1770556241003,218364653570
1770556242003,218499480556
1770556243003,218633983569
1770556244003,218768840890
1770556245003,218903758025
1770556246003,219038469960
1770556247003,219173542307
1770556248003,219308276765
1770556249003,219443146781
1770556250003,219578196606
1770556251003,219712887057
1770556252003,219847804375
1770556253003,219982540297
1770556254003,220117613438
1770556255003,220252086299
1770556256003,220387344559
1770556257003,220522107581
1770556258003,220656935605
1770556259003,220791864397
1770556260003,220926967262
1770556261003,221059570682
1770556262003,221196051717
1770556263003,221331008037
1770556264003,221465671266
1770556265003,221600519188
1770556266003,221735642072
1770556267003,221870557986
1770556268003,222005429894
1770556269003,222140179305
1770556270003,222272389599
1770556271003,222409437466
1770556272003,222543843250
1770556273003,222679332283
1770556274003,222814343961
1770556275003,222949304004
1770556276003,223084144418
1770556277003,223218938506
1770556278003,223353970021
1770556279002,223486852310
1770556280003,223623233065
1770556281003,223758151176
1770556282003,223892910475
1770556283003,224028102206
1770556284003,224162770807
1770556285003,224297831801
1770556286003,224432768529
1770556287003,224567452632
1770556288003,224702562882
1770556289003,224836563088
1770556290003,224971780149
1770556291003,225106656818
1770556292003,225241293009
1770556293003,225376374389
1770556294003,225511129233
1770556295003,225646143413
1770556296003,225780950624
1770556297003,225916103171
1770556298003,226050584517
1770556299003,226185526188
1770556300003,226320642053
1770556301003,226455406112
1770556302002,226574336838
1770556303002,226703508565
1770556304002,226833742668
1770556305002,226960904757
1770556306002,227090706854
1770556307002,227190555963
1770556308002,227276576739
1770556309002,227356879268
1770556310002,227435290627
1770556311002,227523574398
1770556312002,227617982726
1770556313002,227714806269
1770556314002,227808054627
1770556315003,227912403115
1770556316003,228057767855
1770556317003,228196549238
1770556318003,228331726565
1770556319003,228466610436
1770556320003,228601231490
1770556321003,228736494328
1770556322003,228870980250
1770556323003,229006164658
1770556324003,229140757148
1770556325003,229275807278
1770556326003,229410596362
1770556327003,229545383187
1770556328003,229680469816
1770556329003,229815324146
1770556330003,229950207529
1770556331003,230084959198
1770556332003,230219757193
1770556333003,230354754711
1770556334003,230489332919
1770556335004,230624293267
1770556336003,230759314650
1770556337003,230894070042
1770556338003,231028929560
1770556339003,231163906570
1770556340003,231298670019
1770556341003,231433533993
1770556342002,231567841755
1770556343003,231703187477
1770556344003,231837794250
1770556345003,231972723470
1770556346003,232107740458
1770556347003,232242737854
1770556348003,232377708029
1770556349003,232512105267
1770556350003,232647266543
1770556351003,232781995446
1770556352003,232916733687
1770556353003,233051703801
1770556354003,233186725000
1770556355003,233321533371
1770556356003,233456642583
1770556357003,233591555080
1770556358003,233725438587
1770556359003,233860779671
1770556360003,233995755156
1770556361003,234130407887
1770556362003,234265326060
1770556363003,234400423248
1770556364003,234535331289
1770556365003,234670217480
1770556366003,234805193696
1770556367003,234938070554
1770556368003,235074498122
1770556369003,235208995458
1770556370003,235344391535
1770556371003,235479094437
1770556372003,235614326330
1770556373003,235749139034
1770556374003,235884028947
1770556375003,236018953101
1770556376002,236153364928
1770556377003,236288238118
1770556378003,236423322855
1770556379003,236558083130
1770556380003,236692815451
1770556381003,236827676739
1770556382003,236962682314
1770556383003,237097661033
1770556384003,237232582136
1770556385003,237367303226
1770556386003,237501613918
1770556387003,237636780076
1770556388003,237771415107
1770556389003,237906400784
1770556390003,238041324694
1770556391003,238176196358
1770556392003,238311141081
1770556393003,238446238147
1770556394003,238580964060
1770556395003,238715455293
1770556396003,238850428519
1770556397003,238985104749
1770556398003,239119737949
1770556399003,239254900018
1770556400003,239389823378
1770556401003,239524729344
1770556402003,239659516658
1770556403003,239794431046
1770556404003,239929279578
1770556405003,240063934934
1770556406003,240198852862
1770556407003,240333637674
1770556408002,240458617517
1770556409002,240583072521
1770556410002,240714830057
1770556411002,240846724861
1770556412002,240976389019
1770556413002,241075235506
1770556414002,241162700737
1770556415002,241241547764
1770556416002,241327264952
1770556417002,241421454103
1770556418002,241515237066
1770556419002,241611353458
1770556420003,241703195019
1770556421003,241848499579
1770556422003,241989584606
1770556423003,242124663911
1770556424003,242259693107
1770556425003,242394412793
1770556426003,242529481051
1770556427003,242663101986
1770556428003,242799109694
1770556429003,242933476965
1770556430003,243068534053
1770556431003,243203308733
1770556432003,243338344398
1770556433003,243473122923
1770556434003,243608171710
1770556435003,243743208657
1770556436003,243876702334
1770556437003,244012440451
1770556438003,244147138653
1770556439004,244282579224
1770556440003,244417246055
1770556441003,244551956098
1770556442003,244687030276
1770556443003,244821923669
1770556444003,244956810469
1770556445003,245091171454
1770556446004,245226394252
1770556447003,245361090685
1770556448003,245496080573
1770556449003,245630850004
1770556450003,245765892871
1770556451003,245900732919
1770556452003,246035560821
1770556453003,246170596852
1770556454003,246305301280
1770556455003,246439975984
1770556456003,246575062003
1770556457003,246709850171
1770556458003,246844776095
1770556459003,246979715203
1770556460003,247114554091
1770556461003,247249573643
1770556462003,247384496149
1770556463003,247518812456
1770556464003,247653658546
1770556465003,247788748410
1770556466003,247923686907
1770556467003,248058596291
1770556468003,248193390502
1770556469003,248328299580
1770556470003,248463238261
1770556471003,248598148316
1770556472002,248732440513
1770556473003,248867314863
1770556474003,249002543215
1770556475003,249137016687
1770556476003,249271978561
1770556477003,249407054326
1770556478003,249541969996
1770556479003,249676918930
1770556480003,249811820318
1770556481003,249946372708
1770556482003,250081320483
1770556483003,250216172738
1770556484003,250350823821
1770556485003,250485863210
1770556486003,250620952219
1770556487003,250755733063
1770556488003,250890579520
1770556489003,251025447827
1770556490003,251160078830
1770556491003,251295034722
1770556492003,251430007033
1770556493003,251564745091
1770556494003,251699677607
1770556495003,251834466630
1770556496003,251969524512
1770556497003,252104464779
1770556498003,252239246905
1770556499003,252374128395
1770556500003,252509030943
1770556501003,252643539571
1770556502003,252778314494
1770556503002,252912753298
1770556504002,253031920290
1770556505002,253163927338
1770556506002,253292166633
1770556507002,253419720140
1770556508002,253514194996
1770556509002,253598875016
1770556510002,253679181756
1770556511002,253763883932
1770556512002,253856822598
1770556513002,253951459867
1770556514002,254047991969
1770556515002,254137743082
1770556516003,254276660817
1770556517003,254419392263
1770556518003,254554265453
1770556519003,254689524811
1770556520003,254824396781
1770556521003,254959328442
1770556522003,255094203524
1770556523003,255228656915
1770556524002,255360995199
1770556525003,255498162390
1770556526003,255633130733
1770556527003,255767887102
1770556528003,255902897926
1770556529003,256037982236
1770556530003,256172727802
1770556531002,256304908860
1770556532003,256442276184
1770556533003,256577107015
1770556534003,256712148906
1770556535003,256847103700
1770556536003,256981930564
1770556537004,257116670453
1770556538003,257251724490
1770556539003,257386638390
1770556540003,257518958425
1770556541003,257655879705
1770556542002,257790428067
1770556543003,257925652391
1770556544002,258060617012
1770556545003,258195401640
1770556546003,258330503955
1770556547003,258465469796
1770556548003,258600109527
1770556549003,258733006709
1770556550003,258869629955
1770556551003,259004434359
1770556552003,259139409843
1770556553003,259274472303
1770556554003,259409301303
1770556555003,259544209100
1770556556003,259679022292
1770556557003,259814037633
1770556558003,259947256835
1770556559003,260083457597
1770556560003,260218240455
1770556561003,260352893614
1770556562003,260488082050
1770556563003,260622827371
1770556564003,260757891784
1770556565003,260892708577
1770556566003,261027727702
1770556567003,261160055610
1770556568003,261296932640
1770556569003,261431434005
1770556570003,261566674808
1770556571003,261701462732
1770556572003,261836329514
1770556573003,261971252386
1770556574003,262106216518
1770556575003,97813104
1770556576003,231442827
1770556577003,367131933
1770556578003,501780331
1770556579003,636910478
1770556580003,771723244
1770556581003,906745603
1770556582003,1041813861
1770556583003,1176737710
1770556584003,1311545409
1770556585003,1444834435
1770556586003,1580892315
1770556587003,1715831178
1770556588003,1850536217
1770556589003,1985689557
1770556590003,2120596499
1770556591003,2255325158
1770556592003,2390372115
1770556593003,2525034673
1770556594002,2659800136
1770556595003,2794850144
1770556596003,2929515876
1770556597003,3064400785
1770556598003,3199392261
1770556599003,3317478506
1770556600002,3443399265
1770556601002,3570703017
1770556602003,3701750411
1770556603002,3817633171
1770556604002,3898092559
1770556605002,3981748351
1770556606002,4065886869
1770556607002,4158697910
1770556608002,4250303633
1770556609002,4341793877
1770556610002,4431698432
1770556611002,4526730354
1770556612002,4623267461
1770556613002,4718518926
1770556614002,4814752932
1770556615002,4912529660
1770556616002,5010428579
1770556617002,5101050478
1770556618003,5244156740
1770556619003,5385634222
1770556620003,5520815151
1770556621003,5655538134
1770556622003,5790485603
1770556623003,5925356413
1770556624003,6058790946
1770556625003,6195043649
1770556626003,6330216643
1770556627003,6464952687
1770556628003,6599846263
1770556629003,6734506319
1770556630003,6869632682
1770556631003,7004739208
1770556632003,7139470126
1770556633003,7272558225
1770556634003,7408949111
1770556635003,7543648290
1770556636003,7678520809
1770556637003,7813452653
1770556638003,7948240760
1770556639003,8083322324
1770556640003,8218117511
1770556641003,8353312782
1770556642003,8487371704
1770556643003,8622630941
1770556644003,8757460246
1770556645003,8892387757
1770556646002,9027065086
1770556647003,9162209821
1770556648003,9297116946
1770556649003,9432015221
1770556650003,9567026838
1770556651003,9701325872
1770556652003,9836441371
1770556653002,9971377122
1770556654003,10105956550
1770556655003,10240940702
1770556656003,10375883532
1770556657003,10511007027
1770556658003,10645617827
1770556659003,10780687489
1770556660003,10915269908
1770556661003,11050113313
1770556662003,11185005240
1770556663003,11319581068
1770556664003,11454514499
1770556665003,11589506097
1770556666003,11724384536
1770556667003,11859392552
1770556668003,11994370478
1770556669003,12128865922
1770556670003,12263572853
1770556671003,12398532590
1770556672003,12533207599
1770556673003,12668156290
1770556674003,12802833618
1770556675003,12938096211
1770556676003,13073011637
1770556677003,13207841187
1770556678003,13342469383
1770556679003,13477358137
1770556680003,13612413089
1770556681003,13747176354
1770556682003,13882108504
1770556683003,14016702825
1770556684003,14151887904
1770556685003,14286648911
1770556686003,14421738348
1770556687003,14556277249
1770556688003,14691175952
1770556689003,14825891000
1770556690004,14960884307
1770556691003,15095755116
1770556692003,15230686412
1770556693003,15365631379
1770556694003,15500533316
1770556695003,15635458081
1770556696003,15769940280
1770556697003,15904935601
1770556698003,16039893019
1770556699003,16174767552
1770556700003,16309591853
1770556701003,16423075510
1770556702002,16553461102
1770556703002,16682857804
1770556704002,16813539781
1770556705002,16914652438
1770556706002,17000313229
1770556707002,17079816993
1770556708002,17160232558
1770556709002,17249381012
1770556710002,17341589943
1770556711002,17437866980
1770556712002,17530505414
1770556713003,17633168909
1770556714003,17778342365
1770556715003,17917801359
1770556716003,18052516529
1770556717003,18187620004
1770556718003,18322563994
1770556719003,18457339406
1770556720003,18592042248
1770556721003,18726958162
1770556722003,18861497063
1770556723003,18996401015
1770556724003,19131470554
1770556725003,19266503228
1770556726003,19401381484
1770556727003,19536224523
1770556728003,19671306330
1770556729003,19805646502
1770556730003,19940762916
1770556731003,20075456175
1770556732003,20210267414
1770556733002,20345256387
1770556734003,20480189941
1770556735003,20615177754
1770556736003,20749797283
1770556737003,20884957947
1770556738003,21019570274
1770556739003,21154488080
1770556740003,21289180057
1770556741003,21424003381
1770556742003,21559058639
1770556743003,21693910833
1770556744003,21828832789
1770556745003,21963779893
1770556746003,22098619696
1770556747003,22232988249
1770556748003,22367783741
1770556749003,22502883127
1770556750003,22637534027
1770556751003,22772616689
1770556752003,22907498668
1770556753003,23042370943
1770556754003,23177440360
1770556755003,23312306592
1770556756003,23446874118
1770556757003,23581622431
1770556758003,23716570144
1770556759003,23851203222
1770556760003,23986096737
1770556761003,24121191057
1770556762003,24255996742
1770556763003,24390780638
1770556764003,24525759296
1770556765003,24660486673
1770556766003,24795276978
1770556767003,24929980246
1770556768003,25065056072
1770556769004,25199827822
1770556770003,25334825584
1770556771003,25469606672
1770556772003,25604442203
1770556773003,25739269800
1770556774003,25873949997
1770556775003,26008798041
1770556776003,26143729702
1770556777003,26278613634
1770556778003,26413490608
1770556779003,26548520292
1770556780003,26683218372
1770556781003,26818188242
1770556782003,26953102508
1770556783003,27087833914
1770556784003,27222550732
1770556785003,27357348971
1770556786003,27492483146
1770556787003,27627188063
1770556788003,27762267063
1770556789003,27897245111
1770556790003,28031903335
1770556791003,28165849526
1770556792003,28301723323
1770556793002,28421190669
1770556794003,28542678639
1770556795002,28674825090
1770556796002,28805763964
1770556797002,28929587988
1770556798002,29008932878
1770556799002,29094145977
1770556800002,29173374107
1770556801002,29261783488
1770556802002,29355678694
1770556803002,29450666366
1770556804002,29545704697
1770556805003,29645992038
1770556806003,29791228665
1770556807003,29930884924
1770556808003,30065775387
1770556809003,30200569170
1770556810003,30335526222
1770556811003,30470671933
1770556812003,30605516803
1770556813003,30740365213
1770556814003,30874742310
1770556815003,31009884298
1770556816003,31144679790
1770556817003,31279376040
1770556818003,31414588767
1770556819003,31549292158
1770556820003,31684385318
1770556821003,31817518705
1770556822003,31953778427
1770556823003,32088459479
1770556824003,32223570888
1770556825003,32358543016
1770556826003,32493503059
1770556827003,32628023710
1770556828003,32763079273
1770556829003,32898213570
1770556830003,33029974158
1770556831003,33167418936
1770556832003,33301303603
1770556833003,33437334932
1770556834003,33572296256
1770556835003,33707125379
1770556836003,33842019077
1770556837003,33976782709
1770556838003,34111734817
1770556839003,34246634679
1770556840003,34381084164
1770556841003,34516044084
1770556842003,34650969887
1770556843003,34785772215
1770556844003,34920663288
1770556845003,35055841470
1770556846003,35190554748
1770556847003,35325645283
1770556848003,35460215434
1770556849003,35594731692
1770556850003,35729897666
1770556851003,35864654768
1770556852003,35999208439
1770556853003,36134425134
1770556854003,36268979294
1770556855003,36404053472
1770556856006,36538978115
1770556857003,36673798265
1770556858003,36808210030
1770556859003,36943185149
1770556860002,37077823110
1770556861003,37212857737
1770556862003,37347745820
1770556863003,37482861624
1770556864003,37617580334
1770556865003,37752486239
1770556866003,37887559196
1770556867003,38022042128
1770556868003,38157039829
1770556869003,38291754267
1770556870003,38426926040
1770556871003,38561501929
1770556872003,38696368771
1770556873003,38831578447
1770556874003,38966308266
1770556875003,39101456784
1770556876003,39235520162
1770556877003,39370301494
1770556878003,39505112733
1770556879003,39640174460
1770556880003,39775228985
1770556881003,39909960879
1770556882003,40045030419
1770556883003,40179968550
1770556884003,40314899784
1770556885003,40449444239
1770556886003,40584543381
1770556887002,40697294984
1770556888002,40820874502
1770556889003,40949954432
1770556890002,41080650997
1770556891002,41204333054
1770556892002,41283970179
1770556893002,41371047043
1770556894002,41451078211
1770556895002,41537600023
1770556896002,41631543569
1770556897002,41723986875
1770556898002,41819195188
1770556899002,41909676463
1770556900003,42054413641
1770556901003,42196091257
1770556902003,42330897125
1770556903003,42465986440
1770556904003,42600870860
1770556905003,42735849824
1770556906003,42868921200
1770556907002,43005126967
1770556908002,43139639257
1770556909003,43275072687
1770556910003,43409903640
1770556911003,43544837621
1770556912003,43679872493
1770556913003,43814805070
1770556914003,43949385292
1770556915003,44081368291
1770556916003,44219066974
1770556917003,44353943155
1770556918004,44488638489
1770556919004,44623778768
1770556920003,44758611369
1770556921003,44893515626
1770556922003,45028627768
1770556923003,45163430645
1770556924002,45294545910
1770556925003,45432635340
1770556926003,45566230151
1770556927003,45702438421
1770556928003,45837302456
1770556929003,45972147874
1770556930003,46107149360
1770556931003,46241894681
1770556932003,46376696216
1770556933002,46509250259
1770556934003,46645887544
1770556935003,46779586481
1770556936003,46915843884
1770556937003,47050847689
1770556938003,47185655205
1770556939003,47320413283
1770556940003,47455510593
1770556941003,47590207758
1770556942002,47724879777
1770556943003,47859879797
1770556944003,47993687560
1770556945003,48129264667
1770556946003,48264453530
1770556947003,48399257262
1770556948003,48534136677
1770556949003,48669105997
1770556950003,48804041565
1770556951002,48938752096
1770556952003,49073534771
1770556953003,49208196780
1770556954003,49343199181
1770556955003,49478188887
1770556956003,49613033695
1770556957003,49747869105
1770556958003,49882836410
1770556959003,50017654181
1770556960003,50152747280
1770556961003,50287011645
1770556962003,50422005807
1770556963004,50556903532
1770556964003,50691825550
1770556965003,50826754282
1770556966003,50961828216
1770556967003,51096639211
1770556968003,51231411388
1770556969003,51366411226
1770556970003,51500849785
1770556971003,51635529128
1770556972002,51770660374
1770556973003,51905242549
1770556974003,52040521805
1770556975003,52175385290
1770556976003,52310344600
1770556977003,52445191545
1770556978003,52580000282
1770556979003,52714612425
1770556980002,52823308863
1770556981003,52955249443
1770556982002,53086216760
1770556983002,53215405760
1770556984002,53314529163
1770556985002,53399027177
1770556986002,53479944572
1770556987002,53565207660
1770556988002,53657207058
1770556989002,53751025482
1770556990002,53847141081
1770556991002,53938069010
1770556992003,54070356574
1770556993003,54214416081
1770556994003,54349193324
1770556995003,54483953172
1770556996003,54619189581
1770556997003,54754076381
1770556998002,54888719469
1770556999003,55023424874
1770557000003,55157998382
1770557001003,55292952871
1770557002003,55428110972
1770557003003,55562973236
1770557004003,55697556266
1770557005003,55832849132
1770557006003,55967795198
1770557007003,56102216058
1770557008003,56237028762
1770557009003,56371696691
1770557010003,56506681087
1770557011003,56641617082
1770557012003,56776523413
1770557013003,56911428586
1770557014003,57046531755
1770557015003,57178862838
1770557016003,57315936156
1770557017003,57450500082
1770557018003,57585500590
1770557019003,57720367250
1770557020003,57855287192
1770557021003,57990245526
1770557022003,58125171328
1770557023003,58260095604
1770557024003,58394432358
1770557025003,58528005868
1770557026003,58664119289
1770557027003,58799066087
1770557028003,58933947944
1770557029003,59068947782
1770557030003,59203928759
1770557031003,59338806649
1770557032003,59471164281
1770557033003,59608167104
1770557034003,59742600171
1770557035003,59877664034
1770557036003,60012603813
1770557037003,60147438612
1770557038003,60282440464
1770557039003,60417386346
1770557040003,60552274612
1770557041003,60686725439
1770557042003,60821772030
1770557043003,60956337664
1770557044003,61091197854
1770557045003,61226367918
1770557046003,61361384052
1770557047003,61496109903
1770557048003,61630996154
1770557049003,61763438503
1770557050003,61900453717
1770557051003,62035152041
1770557052003,62169843286
1770557053003,62305184919
1770557054003,62439935734
1770557055003,62574949548
1770557056003,62709549057
1770557057003,62844659246
1770557058003,62979008634
1770557059003,63113936206
1770557060003,63248797921
1770557061003,63383591277
1770557062003,63518776539
1770557063003,63653679758
1770557064003,63788617828
1770557065003,63923495352
1770557066003,64058199963
1770557067002,64186378101
1770557068003,64299990054
1770557069003,64429100930
1770557070002,64559685129
1770557071002,64690496867
1770557072002,64776808353
1770557073002,64864149377
1770557074002,64946176999
1770557075002,65032046286
1770557076002,65121611364
1770557077002,65218107394
1770557078002,65315876370
1770557079002,65411259243
1770557080002,65507476160
1770557081002,65603573509
1770557082002,65698286401
1770557083002,65788720374
1770557084003,65925200249
1770557085003,66068484245
1770557086003,66203155043
1770557087003,66338200596
1770557088003,66473162530
1770557089003,66607999404
1770557090003,66741442727
1770557091003,66877919368
1770557092006,67012521623
1770557093003,67147312782
1770557094003,67282317563
1770557095003,67416975727
1770557096003,67551871866
1770557097003,67686922973
1770557098003,67821818807
1770557099003,67955918256
1770557100003,68091295351
1770557101003,68225688012
1770557102003,68360699141
1770557103003,68495718266
1770557104003,68630631067
1770557105003,68765572983
1770557106003,68900539190
1770557107003,69035501613
1770557108003,69169916308
1770557109003,69304637582
1770557110003,69439822966
1770557111003,69574652637
1770557112003,69709273631
1770557113003,69844352325
1770557114003,69979335500
1770557115003,70114274303
1770557116003,70248768710
1770557117003,70383406487
1770557118003,70518397414
1770557119003,70652970495
1770557120003,70787884395
1770557121003,70922907426
1770557122003,71057752539
1770557123003,71192907223
1770557124003,71327736467
1770557125003,71462086038
1770557126003,71596453980
1770557127003,71731958394
1770557128003,71866559490
1770557129003,72001751282
1770557130003,72136632224
1770557131003,72271466534
1770557132003,72406514895
1770557133002,72540087001
1770557134003,72675751998
1770557135003,72810625066
1770557136003,72945205654
1770557137003,73080432298
1770557138003,73215046882
1770557139003,73350106107
1770557140003,73484989124
1770557141003,73620065987
1770557142003,73754568817
1770557143003,73889255484
1770557144003,74023940930
1770557145003,74158815157
1770557146003,74293680474
1770557147004,74428608229
1770557148003,74563891757
1770557149003,74698787957
1770557150003,74830765158
1770557151003,74967852698
1770557152003,75102888607
1770557153003,75237792803
1770557154003,75372656960
1770557155003,75507610655
1770557156003,75642418903
1770557157003,75777440774
1770557158003,75912388976
1770557159003,76047021444
1770557160003,76181920879
1770557161003,76316523806
1770557162003,76451544395
1770557163003,76586274214
1770557164003,76721213383
1770557165003,76856159815
1770557166003,76991165267
1770557167003,77126060918
1770557168003,77260191495
1770557169007,77395739488
1770557170003,77530048714
1770557171003,77664827422
1770557172003,77799840260
1770557173003,77934782664
1770557174003,78069650971
1770557175003,78202716792
1770557176003,78339496960
1770557177002,78451478057
1770557178003,78579625923
1770557179002,78708347944
1770557180002,78834913416
1770557181002,78964029846
1770557182002,79081414616
1770557183002,79163284035
1770557184002,79247497687
1770557185002,79328722210
1770557186002,79419320184
1770557187002,79512613524
1770557188002,79605351507
1770557189002,79699045603
1770557190003,79806434000
1770557191003,79951673924
1770557192003,80090119675
1770557193003,80224756599
1770557194003,80359851590
1770557195003,80495063463
1770557196003,80629667549
1770557197003,80764416777
1770557198003,80899380665
1770557199003,81034129588
1770557200003,81169064728
1770557201003,81304075552
1770557202003,81438773022
1770557203003,81573846712
1770557204003,81708747795
1770557205003,81841098835
1770557206003,81978269077
1770557207003,82112797236
1770557208003,82247721574
1770557209003,82382682532
1770557210003,82517693600
1770557211003,82652594011
1770557212003,82787423683
1770557213003,82922460935
1770557214003,83056940205
1770557215003,83191816508
1770557216003,83326613282
1770557217003,83461443869
1770557218003,83596379254
1770557219003,83731293887
1770557220003,83866159630
1770557221003,84001232527
1770557222003,84133366344
1770557223003,84270435390
1770557224003,84405442124
1770557225003,84540015449
1770557226003,84674871732
1770557227003,84810017077
1770557228003,84944876229
1770557229003,85079840727
1770557230003,85214654103
1770557231003,85349252574
1770557232003,85484282014
1770557233003,85618959403
1770557234003,85753611097
1770557235003,85888568027
1770557236003,86023382867
1770557237003,86158577285
1770557238003,86293208593
1770557239003,86424945316
1770557240003,86562395892
1770557241003,86697395241
1770557242004,86832498838
1770557243004,86967173847
1770557244003,87102005350
1770557245003,87237161804
1770557246003,87371859091
1770557247003,87506982036
1770557248003,87641369326
1770557249004,87776251793
1770557250003,87910834273
1770557251003,88045681035
1770557252003,88180581263
1770557253003,88315705307
1770557254003,88450498724
1770557255003,88585607753
1770557256003,88717459284
1770557257003,88854999825
1770557258003,88989535736
1770557259003,89124568227
1770557260003,89259505137
1770557261003,89394324555
1770557262003,89529137992
1770557263003,89664011487
1770557264003,89797850134
1770557265003,89933816887
1770557266004,90042452962
1770557267004,90172677299
1770557268002,90302087185
1770557269002,90434297479
1770557270002,90545499892
1770557271002,90628115891
1770557272002,90710812640
1770557273002,90792383903
1770557274002,90881576668
1770557275002,90974661879
1770557276002,91069337174
1770557277002,91161836449
1770557278002,91270498280
1770557279003,91415348312
1770557280003,91553808163
1770557281003,91688680132
1770557282003,91823539589
1770557283003,91958356932
1770557284003,92093450031
1770557285003,92228023111
1770557286003,92363198913
1770557287003,92497745871
1770557288003,92632764995
1770557289003,92767593385
1770557290003,92902373253
1770557291003,93037518354
1770557292003,93172289737
1770557293003,93307298791
1770557294003,93441927780
1770557295003,93576785955
1770557296003,93711290860
1770557297003,93846509447
1770557298003,93981359321
1770557299003,94116306302
1770557300003,94251158252
1770557301003,94386108590
1770557302003,94521036773
1770557303003,94655664541
1770557304003,94790322033
1770557305003,94925252657
1770557306003,95060081901
1770557307003,95194955213
1770557308003,95329849338
1770557309003,95464885614
1770557310003,95599793716
1770557311003,95734735448
1770557312003,95869526912
1770557313003,96003992022
1770557314003,96139057594
1770557315003,96274015928
1770557316003,96408703388
1770557317003,96543671792
1770557318003,96678485351
1770557319003,96813487020
1770557320003,96948435099
1770557321003,97082184757
1770557322003,97217767845
1770557323003,97352464888
1770557324003,97487316410
1770557325003,97622195765
1770557326003,97757170822
1770557327003,97892059637
1770557328003,98026733486
1770557329003,98161991807
1770557330003,98294206557
1770557331003,98431358671
1770557332003,98566280201
1770557333003,98700955576
1770557334003,98835939667
1770557335003,98970767508
1770557336003,99105582348
1770557337003,99240598177
1770557338003,99375631339
1770557339002,99508240131
1770557340003,99644916356
1770557341003,99779366085
1770557342003,99914455338
1770557343003,100049448340
1770557344003,100184408688
1770557345003,100319374529
1770557346003,100454405250
1770557347003,100589197386
1770557348003,100724155292
1770557349003,100858640116
1770557350003,100993689636
1770557351003,101128198874
1770557352003,101263155377
1770557353003,101398094790
1770557354003,101532982811
1770557355003,101667774031
1770557356003,101802942203
1770557357003,101937827905
1770557358003,102072574692
1770557359003,102207239508
1770557360002,102341945340
1770557361003,102477132372
1770557362003,102611786507
1770557363003,102746774626
1770557364003,102881994189
1770557365003,103016691354
1770557366003,103151581146
1770557367004,103286195425
1770557368003,103421314952
1770557369003,103556203218
1770557370003,103690880668
1770557371003,103825858167
1770557372003,103960600315
1770557373003,104083182032
1770557374002,104203701987
1770557375002,104332282774
1770557376002,104464351589
1770557377002,104595057248
1770557378002,104703685571
1770557379002,104784024965
1770557380002,104866585361
1770557381002,104945870498
1770557382002,105033804354
1770557383002,105127242165
1770557384002,105220178877
1770557385002,105314517076
1770557386003,105411288923
1770557387003,105556442848
1770557388003,105696939437
1770557389003,105831821782
1770557390003,105966926416
1770557391003,106101660935
1770557392002,106236632452
1770557393003,106369665681
1770557394003,106506220019
1770557395003,106639584912
1770557396003,106775729033
1770557397003,106910413808
1770557398003,107045495738
1770557399003,107180344208
1770557400003,107315119315
1770557401003,107450091199
1770557402002,107582280252
1770557403003,107719479425
1770557404003,107853379900
1770557405003,107989225805
1770557406003,108124043514
1770557407003,108259050370
1770557408003,108394077307
1770557409003,108529095699
1770557410003,108663921831
1770557411002,108797145306
1770557412003,108932900147
1770557413003,109067330955
1770557414003,109202760479
1770557415003,109337971864
1770557416003,109472856833
1770557417003,109607688886
1770557418003,109742488040
1770557419003,109877367761
1770557420003,110012198897
1770557421003,110146993413
1770557422002,110281247708
1770557423003,110416470873
1770557424003,110551244881
1770557425003,110686239530
1770557426003,110821092579
1770557427003,110956096933
1770557428003,111090843353
1770557429003,111226083363
1770557430003,111360113232
1770557431003,111495173800
1770557432003,111630133903
1770557433003,111764929823
1770557434003,111899781834
1770557435003,112034615778
1770557436003,112169457657
1770557437003,112304631810
1770557438003,112439539424
1770557439003,112573994402
1770557440003,112709028175
1770557441003,112843523375
1770557442003,112978547016
1770557443003,113113573038
1770557444003,113248404297
1770557445003,113383469564
1770557446003,113518350017
1770557447003,113653265199
1770557448003,113787409692
1770557449003,113922572371
1770557450003,114057438114
1770557451003,114192220301
1770557452003,114326978013
1770557453003,114462119207
1770557454003,114596702481
1770557455003,114731958787
1770557456003,114866761482
1770557457003,115001505949
1770557458003,115136313404
1770557459003,115270741283
1770557460003,115405976471
1770557461004,115540868216
1770557462003,115675639904
1770557463003,115810690157
1770557464003,115945613273
1770557465003,116080582593
1770557466002,116214793614
1770557467003,116350115961
1770557468003,116484580460
1770557469003,116619663977
1770557470003,116754667721
1770557471003,116889639543
1770557472004,117024311623
1770557473003,117159388669
1770557474003,117294310260
1770557475002,117428724345
1770557476003,117563957519
1770557477003,117698593832
1770557478003,117833414410
1770557479003,117968586427
1770557480002,118102445886
1770557481002,118236057483
1770557482002,118347554573
1770557483002,118476814557
1770557484002,118607261733
1770557485002,118739026532
1770557486002,118858691082
1770557487002,118937170068
1770557488002,119021649588
1770557489002,119100356784
1770557490002,119184920288
1770557491002,119278664128
1770557492002,119373113593
1770557493002,119469580936
1770557494002,119560447952
1770557495003,119700621116
1770557496003,119843033411
1770557497003,119978015853
1770557498003,120112870122
1770557499003,120247816859
1770557500003,120382838547
1770557501003,120517925665
1770557502003,120652490017
1770557503003,120787657457
1770557504003,120921793894
1770557505003,121056596161
1770557506003,121191695668
1770557507003,121326618968
1770557508003,121461466035
1770557509003,121596359000
1770557510003,121731514111
1770557511003,121866046359
1770557512003,122000912591
1770557513003,122135589858
1770557514003,122270585851
1770557515003,122405577204
1770557516003,122540299272
1770557517003,122675423743
1770557518003,122810304318
1770557519003,122945248980
1770557520003,123079505106
1770557521003,123214653441
1770557522003,123349577656
1770557523003,123484368022
1770557524003,123619395264
1770557525003,123754203207
1770557526003,123889008221
1770557527003,124024102602
1770557528003,124158957420
1770557529003,124293324569
1770557530003,124428413335
1770557531008,124563838159
1770557532003,124698148179
1770557533003,124833096747
1770557534003,124967949673
1770557535003,125102678515
1770557536003,125237810066
1770557537003,125372526640
1770557538003,125507020559
1770557539003,125641913829
1770557540003,125776681489
1770557541003,125911302238
1770557542003,126046240858
1770557543003,126181379489
1770557544003,126316384942
1770557545003,126451116897
1770557546003,126586033482
1770557547003,126720591488
1770557548003,126855402178
1770557549003,126990228920
1770557550003,127125242612
1770557551004,127260241473
1770557552003,127395209023
1770557553003,127529925780
1770557554003,127664997639
1770557555003,127799805888
1770557556003,127934252992
1770557557003,128069296653
1770557558003,128203744246
1770557559003,128338882877
1770557560003,128473665918
1770557561003,128608689864
1770557562003,128743488408
1770557563003,128878408534
1770557564003,129013275438
1770557565003,129148036689
1770557566003,129282981839
1770557567003,129417459339
1770557568003,129552443430
1770557569003,129687326996
1770557570003,129822258047
1770557571003,129957257518
1770557572003,130091971284
1770557573003,130226888298
1770557574003,130361289504
1770557575003,130496411961
1770557576003,130630822932
1770557577003,130766115250
1770557578003,130900740210
1770557579003,131035836422
1770557580003,131170785417
1770557581003,131305709632
1770557582003,131440587278
1770557583003,131575122273
1770557584003,131710337320
1770557585003,131845111999
1770557586003,131980162251
1770557587003,132114948589
1770557588003,132248384954
1770557589002,132380914888
1770557590002,132496680521
1770557591002,132628249765
1770557592002,132759644997
1770557593002,132891912847
1770557594002,133000834443
1770557595002,133082734502
1770557596002,133167064303
1770557597002,133250325992
1770557598002,133343299204
1770557599002,133437997509
1770557600002,133534009226
1770557601002,133625615192
1770557602003,133751054508
1770557603003,133895906249
1770557604003,134031186725
1770557605003,134166057718
1770557606003,134301177916
1770557607003,134435809529
1770557608003,134570959940
1770557609003,134705619264
1770557610003,134840595053
1770557611003,134975170087
1770557612003,135110365847
1770557613003,135245311852
1770557614003,135380153731
1770557615003,135515063969
1770557616003,135650002527
1770557617003,135784897873
1770557618003,135919494879
1770557619003,136054308743
1770557620002,136189075000
1770557621003,136324144112
1770557622003,136459054899
1770557623003,136593713002
1770557624003,136728870981
1770557625003,136863659576
1770557626003,136998624258
1770557627002,137132096816
1770557628004,137267843295
1770557629003,137402748223
1770557630003,137537492324
1770557631003,137672487401
1770557632003,137807498652
1770557633003,137942412308
1770557634003,138077344030
1770557635003,138212321956
1770557636003,138347299394
1770557637003,138481523721
1770557638003,138616670470
1770557639003,138751514302
1770557640003,138886314921
1770557641003,139021278076
1770557642003,139155916220
1770557643003,139291068523
1770557644003,139425906313
1770557645003,139560852256
1770557646003,139694411790
1770557647003,139829976262
1770557648003,139965096400
1770557649003,140099765977
1770557650002,140234740119
1770557651003,140369815579
1770557652003,140504693468
1770557653003,140639504585
1770557654003,140774347075
1770557655003,140909294727
1770557656003,141043627025
1770557657003,141178781647
1770557658003,141313431632
1770557659003,141448334241
1770557660003,141583184970
1770557661003,141718389763
1770557662003,141853252272
1770557663003,141988153477
1770557664003,142123062067
1770557665003,142257371293
1770557666003,142392357032
1770557667003,142525985291
1770557668003,142662051837
1770557669003,142797016946
1770557670003,142931890624
1770557671003,143066630940
1770557672003,143201410442
1770557673003,143336254335
1770557674003,143471427450
1770557675003,143605760420
1770557676003,143740916018
1770557677003,143875751550
1770557678003,144010563277
1770557679003,144145420659
1770557680003,144280251613
1770557681003,144415368271
1770557682003,144550060798
1770557683003,144685122464
1770557684003,144819569751
1770557685003,144954569467
1770557686005,145089747099
1770557687003,145224404042
1770557688003,145359209788
1770557689003,145494064729
1770557690003,145629172415
1770557691003,145764223888
1770557692003,145897569128
1770557693003,146033286798
1770557694002,146157262066
1770557695002,146275055893
1770557696002,146405661150
1770557697003,146537498764
1770557698002,146668873733
1770557699002,146768528690
1770557700002,146853396271
1770557701002,146934484259
1770557702002,147017119301
1770557703002,147108809984
1770557704002,147203420582
1770557705002,147298788136
1770557706002,147390724241
1770557707003,147507033391
1770557708003,147652418395
1770557709003,147788983536
1770557710003,147923931311
1770557711003,148058850826
1770557712003,148193765764
1770557713003,148328873939
1770557714003,148463636167
1770557715003,148598226948
1770557716003,148732067609
1770557717004,148867970093
1770557718003,149002287742
1770557719003,149137402875
1770557720004,149272639040
1770557721003,149407206811
1770557722003,149542433759
1770557723003,149674876535
1770557724003,149811521144
1770557725003,149946400376
1770557726003,150081214484
1770557727003,150215987272
1770557728003,150351231738
1770557729003,150486103402
1770557730003,150621010771
1770557731003,150755942738
1770557732003,150890743235
1770557733003,151025149690
1770557734003,151160134147
1770557735003,151295129285
1770557736003,151429788058
1770557737003,151564685906
1770557738003,151699656142
1770557739003,151834767552
1770557740003,151969651117
1770557741003,152104597793
1770557742003,152239042945
1770557743003,152373907468
1770557744003,152508710895
1770557745003,152643521340
1770557746003,152778330077
1770557747003,152913311604
1770557748003,153048342631
1770557749003,153183360352
1770557750003,153318237142
1770557751002,153451501999
1770557752003,153587733645
1770557753003,153722462121
1770557754004,153857260360
1770557755004,153992523991
1770557756003,154127354334
1770557757003,154262059983
1770557758003,154397104009
1770557759003,154531839504
1770557760003,154666857347
1770557761003,154801535591
1770557762003,154936363920
1770557763003,155071110768
1770557764003,155205946238
1770557765003,155340895356
1770557766003,155475793265
1770557767003,155610603527
1770557768003,155745748689
1770557769003,155880500725
1770557770003,156014977858
1770557771003,156149915806
1770557772002,156284090085
1770557773003,156419595902
1770557774003,156554371314
1770557775003,156689308957
1770557776003,156824193743
1770557777003,156959417762
1770557778003,157094129210
1770557779003,157229067341
1770557780003,157363589396
1770557781003,157498368531
1770557782003,157633461569
1770557783003,157768350506
1770557784003,157903052371
1770557785003,158038276146
1770557786003,158172944319
1770557787003,158308008487
1770557788003,158443004113
1770557789003,158577114488
1770557790003,158712128913
1770557791003,158847115017
1770557792003,158981859973
1770557793003,159116765877
1770557794003,159251871183
1770557795003,159386791187
1770557796003,159521715219
1770557797003,159655187717
1770557798003,159790940970
1770557799002,159917192661
1770557800002,160034509500
1770557801003,160165637338
1770557802002,160297460792
1770557803002,160429258489
1770557804002,160528357540
1770557805002,160611624233
1770557806002,160692897890
1770557807002,160774002052
1770557808002,160863536918
1770557809002,160957969355
1770557810002,161053229914
1770557811002,161146132386
1770557812003,161253230989
1770557813003,161398457424
1770557814003,161536769570
1770557815003,161671751707
1770557816003,161806818683
1770557817003,161941576700
1770557818003,162076587585
1770557819003,162211247152
1770557820003,162346236614
1770557821003,162478711433
1770557822003,162615532616
1770557823003,162750388716
1770557824003,162885337284
1770557825003,163020338343
1770557826003,163155270065
1770557827003,163290331670
1770557828002,163424946071
1770557829003,163559792162
1770557830003,163694422799
1770557831003,163829446806
1770557832003,163964452015
1770557833003,164099216684
1770557834003,164234178009
1770557835003,164368946890
1770557836003,164503903759
1770557837003,164639076447
1770557838003,164773200738
1770557839003,164908125136
1770557840003,165042947362
1770557841003,165178089716
1770557842003,165312983291
1770557843003,165447817785
1770557844003,165582434140
1770557845003,165717627824
1770557846003,165852507484
1770557847003,165986534057
1770557848003,166121715291
1770557849003,166256141094
1770557850003,166391453492
1770557851003,166526366843
1770557852003,166661229474
1770557853003,166796436586
1770557854003,166931286155
1770557855003,167066035444
1770557856003,167200934940
1770557857003,167335199001
1770557858003,167470179673
1770557859003,167604871162
1770557860003,167739828580
1770557861003,167874643787
1770557862003,168009645028
1770557863003,168144503692
1770557864003,168279613819
1770557865003,168414236705
1770557866003,168548599276
1770557867003,168684010977
1770557868003,168818585218
1770557869003,168953275608
1770557870003,169088383294
1770557871003,169223384841
1770557872003,169358295323
1770557873003,169493109126
1770557874003,169628122635
1770557875002,169759420395
1770557876003,169897146788
1770557877003,170032366473
1770557878003,170166853922
1770557879003,170301865844
1770557880003,170436714926
1770557881003,170571716228
1770557882003,170706641786
1770557883003,170841592490
1770557884003,170976483075
1770557885003,171110906986
1770557886003,171245863550
1770557887003,171380517014
1770557888003,171515628179
1770557889003,171650305630
1770557890003,171785283739
1770557891003,171920301643
1770557892003,172055172757
1770557893003,172190075183
1770557894003,172323027907
1770557895003,172459542083
1770557896003,172594272940
1770557897003,172728998486
1770557898003,172863816378
1770557899003,172999050163
1770557900003,173133765882
1770557901003,173268654514
1770557902002,173402887508
1770557903003,173538164444
1770557904002,173671034832
1770557905002,173780515997
1770557906002,173912933871
1770557907002,174044816834
1770557908002,174176666289
1770557909002,174286974417
1770557910002,174367985257
1770557911002,174451401120
1770557912002,174531368017
1770557913002,174619842950
1770557914002,174713711423
1770557915002,174806866091
1770557916002,174901104009
1770557917003,174995711250
1770557918003,175140909182
1770557919003,175281966255
1770557920003,175416806119
1770557921003,175551804187
1770557922002,175686731820
1770557923003,175821184784
1770557924003,175955597526
1770557925003,176090862987
1770557926003,176225760958
1770557927003,176360428765
1770557928003,176495316237
1770557929003,176630427768
1770557930003,176765345758
1770557931003,176900273208
1770557932003,177035080907
1770557933003,177169881343
1770557934003,177304766191
1770557935003,177439376015
1770557936003,177574195311
1770557937003,177709073505
1770557938003,177844284097
1770557939003,177979031310
1770557940003,178113923421
1770557941003,178248941142
1770557942003,178383163455
1770557943003,178518282127
1770557944003,178653071089
1770557945003,178788107486
1770557946003,178922761683
1770557947003,179057819198
1770557948003,179192856023
1770557949003,179327756007
1770557950003,179462677171
1770557951003,179597290840
1770557952003,179732111234
1770557953003,179866801380
1770557954003,180001641489
1770557955003,180136476349
1770557956003,180271661122
1770557957003,180406601512
1770557958003,180541461823
1770557959003,180676314567
1770557960003,180810811354
1770557961003,180945698215
1770557962003,181080250483
1770557963003,181215242386
1770557964003,181350177588
1770557965003,181485173153
1770557966003,181619883257
1770557967003,181754890358
1770557968003,181889681822
1770557969003,182024158101
1770557970003,182159266703
1770557971004,182293996644
1770557972003,182428822470
1770557973003,182563544293
1770557974003,182698827333
1770557975003,182833765220
1770557976003,182968700666
1770557977003,183103573062
1770557978003,183238047266
1770557979003,183372857529
1770557980003,183507912176
1770557981003,183642807033
1770557982003,183777760606
1770557983003,183912462715
1770557984003,184047514738
1770557985003,184182268299
1770557986003,184316688060
1770557987003,184445786301
1770557988002,184560852962
1770557989002,184689752229
1770557990002,184818744819
1770557991002,184936253917
1770557992002,185017604967
1770557993002,185101952285
1770557994002,185181013728
1770557995002,185267461199
1770557996002,185361261557
1770557997002,185454576321
1770557998002,185548131562
1770557999003,185644438384
1770558000003,185789643090
1770558001003,185930292327
1770558002003,186065155996
1770558003003,186199815136
1770558004003,186334851350
1770558005003,186469797904
1770558006003,186604896679
1770558007003,186739495639
1770558008003,186874476434
1770558009003,187009264052
1770558010003,187144283421
1770558011003,187279271479
1770558012003,187414181961
1770558013003,187548974402
1770558014003,187683936398
1770558015003,187818474749
1770558016003,187953326333
1770558017003,188088307188
1770558018002,188222910298
1770558019003,188358063578
1770558020003,188493047974
1770558021003,188627954977
1770558022003,188762861553
1770558023003,188895782721
1770558024003,189032386620
1770558025003,189167141768
1770558026003,189302188114
1770558027003,189436933985
1770558028003,189571747239
1770558029003,189706800726
1770558030003,189841710048
1770558031003,189976683214
1770558032003,190111251290
1770558033003,190246190336
1770558034003,190380775624
1770558035003,190515703013
1770558036003,190650545136
1770558037003,190785474234
1770558038003,190920414562
1770558039003,191055330110
1770558040003,191190278984
1770558041003,191324929701
1770558042003,191458794837
1770558043004,191594503718
1770558044003,191729232865
1770558045003,191864329199
1770558046003,191999217526
1770558047003,192134097185
1770558048003,192268922402
1770558049003,192403843992
1770558050003,192538604512
1770558051003,192673045513
1770558052003,192808011232
1770558053003,192943128561
1770558054003,193077840192
1770558055003,193212822695
1770558056003,193347820213
1770558057003,193482682478
1770558058003,193617427311
1770558059003,193752212428
1770558060003,193886928635
1770558061003,194021807441
1770558062003,194156791348
1770558063003,194291580249
1770558064003,194426539986
1770558065003,194561624479
1770558066003,194696477161
1770558067003,194831282358
1770558068003,194965967255
1770558069003,195101022940
1770558070003,195235704113
1770558071003,195370643587
1770558072003,195505485100
1770558073003,195618179025
1770558074002,195749744301
1770558075003,195881263313
1770558076002,196008097766
1770558077002,196101345635
1770558078002,196186645465
1770558079002,196267219539
1770558080002,196351464624
1770558081002,196445272794
1770558082002,196539792755
1770558083002,196636050992
1770558084002,196726127910
1770558085002,196863386897
1770558086003,197006437861
1770558087003,197141476822
1770558088003,197276358313
1770558089003,197411342892
1770558090003,197546082049
1770558091003,197681166908
1770558092002,197815897337
1770558093003,197948406763
1770558094003,198085212566
1770558095003,198220101014
1770558096003,198355072715
1770558097003,198489917462
1770558098003,198624946535
1770558099003,198759858055
1770558100002,198892250417
1770558101003,199029218755
1770558102003,199163572598
1770558103003,199298712267
1770558104003,199433710090
1770558105003,199568785550
1770558106003,199703423877
1770558107003,199838543648
1770558108003,199973286467
1770558109003,200106518670
1770558110003,200242795909
1770558111003,200377195346
1770558112003,200512536186
1770558113003,200647547376
1770558114003,200782429294
1770558115003,200917219354
1770558116003,201052159743
1770558117003,201187153416
1770558118003,201321136838
1770558119003,201456407549
1770558120003,201591199135
1770558121003,201726367490
1770558122003,201860981464
1770558123003,201996172768
1770558124003,202130807067
1770558125003,202265899800
1770558126003,202400630900
1770558127003,202535328981
1770558128003,202670005028
1770558129003,202804928510
1770558130003,202939565861
1770558131003,203074720789
1770558132003,203209445724
1770558133003,203344439275
1770558134003,203479455104
1770558135003,203614205308
1770558136003,203748465524
1770558137003,203883365203
1770558138003,204018291859
1770558139003,204153227183
1770558140003,204288228180
1770558141003,204423004568
1770558142003,204558247630
1770558143003,204693166291
1770558144003,204827846305
1770558145003,204962445997
1770558146003,205097398106
1770558147003,205232150873
1770558148003,205367167373
1770558149003,205501969702
1770558150003,205636992916
1770558151003,205771767107
1770558152003,205906595680
1770558153003,206041250975
1770558154003,206175763082
1770558155002,206284639756
1770558156002,206413162559
1770558157002,206544104912
1770558158002,206671696321
1770558159002,206751808665
1770558160002,206835748514
1770558161002,206914846883
1770558162002,206998781605
1770558163002,207090933163
1770558164002,207184410768
1770558165002,207279824525
1770558166002,207371433300
1770558167003,207497197260
1770558168003,207642651599
1770558169003,207777564096
1770558170003,207912489593
1770558171003,208047396474
1770558172003,208182194286
1770558173003,208317101106
1770558174003,208451715873
1770558175003,208586635328
1770558176003,208721312534
1770558177003,208856235529
1770558178003,208991129837
1770558179003,209126206090
1770558180003,209261127315
1770558181003,209396086381
1770558182003,209530652503
1770558183003,209665462095
1770558184003,209800311847
1770558185003,209935285501
1770558186003,210069906616
1770558187003,210205072042
1770558188003,210339930522
1770558189003,210474691102
1770558190003,210609812400
1770558191003,210744486371
1770558192003,210879187992
1770558193002,211014091272
1770558194003,211148863266
1770558195003,211283630926
1770558196003,211418504543
1770558197003,211553553758
1770558198003,211688409309
1770558199003,211823344144
1770558200003,211958178455
1770558201003,212092589304
1770558202003,212227297761
1770558203003,212362160636
1770558204003,212497054394
1770558205003,212632029696
1770558206003,212766754510
1770558207003,212901763563
1770558208003,213036605137
1770558209003,213171743890
1770558210003,213306342850
1770558211003,213441239782
1770558212002,213573992922
1770558213003,213710472797
1770558214003,213845295328
1770558215003,213980439757
1770558216003,214115185201
1770558217003,214250138590
1770558218003,214385172363
1770558219003,214517228361
1770558220003,214654480817
1770558221003,214789294071
1770558222003,214924071252
1770558223003,215059028243
1770558224003,215193833318
1770558225003,215328845973
1770558226003,215463478075
1770558227003,215598683295
1770558228003,215733434110
1770558229003,215868019031
1770558230003,216003018197
1770558231002,216137384247
1770558232003,216272504568
1770558233003,216407372997
1770558234003,216542359651
1770558235003,216677107597
1770558236003,216812050184
1770558237003,216946953830
1770558238003,217081380000
1770558239003,217216282975
1770558240003,217351248511
1770558241003,217485772702
1770558242003,217620627154
1770558243003,217755814491
1770558244003,217890758299
1770558245003,218025593647
1770558246003,218160467569
1770558247003,218295063538
1770558248003,218429882285
1770558249003,218564634870
1770558250003,218699494388
1770558251003,218834697899
1770558252003,218969441145
1770558253003,219104540714
1770558254003,219239218897
1770558255003,219374474776
1770558256003,219508871710
1770558257003,219643841518
1770558258003,219778978990
1770558259003,219913837348
1770558260003,220048447477
1770558261002,220161927839
1770558262002,220290975970
1770558263002,220421499379
1770558264003,220549315336
1770558265002,220677229071
1770558266002,220774828125
1770558267002,220858693328
1770558268002,220938183725
1770558269002,221020665753
1770558270002,221111395379
1770558271002,221202428288
1770558272002,221299635925
1770558273002,221398575185
1770558274002,221495697984
1770558275002,221590622301
1770558276002,221690619848
1770558277002,221779455314
1770558278003,221898152398
1770558279003,222043331530
1770558280003,222179672917
1770558281003,222314450587
1770558282003,222449495652
1770558283003,222584403937
1770558284003,222719316006
1770558285003,222854123217
1770558286003,222986174698
1770558287003,223123391937
1770558288003,223258463918
1770558289003,223393367259
1770558290003,223528398529
1770558291003,223663081656
1770558292003,223798094616
1770558293003,223932153844
1770558294003,224067548822
1770558295003,224202375747
1770558296003,224336845984
1770558297003,224471780209
1770558298003,224606859758
1770558299003,224741700965
1770558300003,224876770078
1770558301003,225011435688
1770558302003,225146101664
1770558303003,225281221862
1770558304003,225415975729
1770558305003,225550904888
1770558306003,225685835145
1770558307003,225820524742
1770558308003,225955654767
1770558309003,226090406131
1770558310003,226221660434
1770558311003,226359700119
1770558312003,226494404547
1770558313003,226629235257
1770558314003,226764332506
1770558315003,226899299507
1770558316003,227034168241
1770558317003,227169131641
1770558318003,227304035531
1770558319003,227438514923
1770558320003,227573466665
1770558321003,227708396618
1770558322003,227843048495
1770558323003,227977972710
1770558324003,228112888746
1770558325003,228247860874
1770558326003,228382883294
1770558327003,228517761733
1770558328003,228651776405
1770558329003,228786758847
1770558330003,228921261860
1770558331003,229056529763
1770558332003,229191324279
1770558333003,229326153707
1770558334003,229461319987
1770558335003,229596306641
1770558336003,229731111288
1770558337003,229865226423
1770558338002,229999691228
1770558339003,230135242090
1770558340003,230270122237
1770558341003,230404826116
1770558342003,230539812526
1770558343003,230674877671
1770558344003,230809661628
1770558345003,230944601468
1770558346003,231079543932
1770558347003,231214178842
1770558348003,231348973541
1770558349003,231483977834
1770558350003,231618195202
1770558351002,231747227404
1770558352002,231863626032
1770558353002,231993335111
1770558354003,232126958976
1770558355003,232263266427
1770558356002,232366532520
1770558357002,232487952131
1770558358002,232586055579
1770558359002,232683820526
1770558360002,232786078382
1770558361002,232888833002
1770558362002,232990617226
1770558363002,233091026088
1770558364002,233189550433
1770558365003,233333921035
1770558366003,233473937156
1770558367003,233608832562
1770558368003,233743774478
1770558369003,233878876732
1770558370003,234013648482
1770558371003,234146974251
1770558372003,234283172267
1770558373003,234416744679
1770558374003,234552785773
1770558375002,234687515714
1770558376003,234822431689
1770558377003,234957491036
1770558378003,235092128753
1770558379003,235227144643
1770558380003,235360063309
1770558381003,235496613924
1770558382003,235631396110
1770558383003,235766065809
1770558384003,235901278720
1770558385003,236035878717
1770558386003,236170796890
1770558387003,236305839513
1770558388003,236440954401
1770558389003,236573753988
1770558390003,236710083168
1770558391003,236845125791
1770558392003,236980100604
1770558393003,237114733011
1770558394003,237249564026
1770558395003,237384897847
1770558396003,237519870829
1770558397003,237654762268
1770558398003,237787908717
1770558399003,237923960249
1770558400003,238059121402
1770558401003,238193882409
1770558402020,238330928201
1770558403003,238463607854
1770558404003,238598477748
1770558405003,238733311265
1770558406003,238868185920
1770558407003,239001831940
1770558408003,239137699268
1770558409003,239272131053
1770558410004,239407847929
1770558411003,239542461720
1770558412003,239677294261
1770558413003,239812076265
1770558414003,239947223074
1770558415003,240082166088
1770558416003,240213573894
1770558417003,240351251520
1770558418003,240485768449
1770558419003,240621292516
1770558420003,240756034908
1770558421003,240890812639
1770558422003,241025498878
1770558423003,241160608884
1770558424003,241295710162
1770558425015,241431961217
1770558426003,241564845886
1770558427003,241699630820
1770558428003,241834591961
1770558429003,241969378176
1770558430003,242104237572
1770558431003,242239061018
1770558432003,242373974186
1770558433003,242509109155
1770558434002,242642936449
1770558435003,242778741338
1770558436003,242913431911
1770558437003,243048316637
1770558438003,243183157906
1770558439003,243318133329
1770558440003,243452855946
1770558441003,243568684262
1770558442002,243704158952
1770558443002,243835311754
1770558444002,243969130198
1770558445002,244088445261
1770558446002,244180420550
1770558447002,244273706749
1770558448002,244365592501
1770558449002,244462120086
1770558450002,244562676530
1770558451002,244662493047
1770558452002,244762781730
1770558453003,244862474468
1770558454003,245008190465
1770558455004,245147876265
1770558456005,245282884464
1770558457003,245417582605
1770558458003,245552608322
1770558459003,245687554143
1770558460003,245822284816
1770558461003,245957019396
1770558462003,246092027473
1770558463003,246225949554
1770558464003,246360824636
1770558465003,246495928722
1770558466003,246630763154
1770558467003,246765715690
1770558468019,246901423533
1770558469005,247035822786
1770558470003,247169990900
1770558471003,247304962417
1770558472003,247439855504
1770558473003,247574576107
1770558474003,247709597978
1770558475003,247844515662
1770558476004,247979258543
1770558477003,248114054584
1770558478003,248248973428
1770558479003,248383085634
1770558480003,248518423422
1770558481047,248654636269
1770558482002,248787827212
1770558483003,248922883080
1770558484003,249057874617
1770558485003,249192566838
1770558486003,249327806604
1770558487028,249462662643
1770558488003,249597713506
1770558489003,249732166714
1770558490003,249866987292
1770558491002,250001720223
1770558492003,250136600249
1770558493003,250271417836
1770558494003,250406355845
1770558495003,250541051545
1770558496003,250676345022
1770558497003,250811297069
1770558498003,250945417087
1770558499003,251080553704
1770558500003,251215574659
1770558501003,251350024022
1770558502003,251485048701
1770558503003,251620217544
1770558504003,251755179052
1770558505003,251890055721
1770558506003,252024612749
1770558507012,252160811436
1770558508003,252294412230
1770558509003,252428879232
1770558510003,252564145914
1770558511003,252698997742
1770558512003,252833688315
1770558513003,252968487897
1770558514003,253103696108
1770558515003,253238698264
1770558516003,253373514203
1770558517003,253508159367
1770558518003,253643106348
1770558519003,253777650071
1770558520015,253913093144
1770558521003,254047569363
1770558522003,254182075976
1770558523002,254300962086
1770558524002,254431419637
1770558525002,254566801127
1770558526003,254701452515
1770558527002,254805082133
1770558528002,254913970404
1770558529002,255005929092
1770558530002,255100126849
1770558531002,255199846564
1770558532002,255311218838
1770558533002,255416114565
1770558534002,255513902767
1770558535003,255640078225
1770558536003,255784335791
1770558537004,255919159298
1770558538003,256053996843
1770558539003,256189030555
1770558540003,256323916196
1770558541003,256458695758
1770558542002,256593611124
1770558543013,256729175474
1770558544004,256863277670
1770558545003,256998040020
1770558546003,257133061708
1770558547003,257267814354
1770558548003,257402687055
1770558549003,257537407536
1770558550003,257672374780
1770558551003,257807485152
1770558552003,257941998053
1770558553005,258076913723
1770558554003,258211636706
1770558555004,258346781989
1770558556003,258481348417
1770558557003,258616490833
1770558558008,258752103156
1770558559003,258886043487
1770558560003,259020984304
1770558561003,259156150767
1770558562003,259290728914
1770558563020,259427704454
1770558564003,259560469678
1770558565003,259694984898
1770558566002,259830053827
1770558567003,259965044509
1770558568004,260100215001
1770558569003,260234777339
1770558570003,260369801652
1770558571003,260504471961
1770558572007,260639840206
1770558573010,260775086869
1770558574007,260909672584
1770558575003,261043602234
1770558576003,261178784810
1770558577005,261313803691
1770558578003,261448802369
1770558579003,261583634848
1770558580003,261718268537
1770558581003,261850883676
1770558582005,261988144127
1770558583003,262122966353
1770558584003,114446057
1770558585003,249278475
1770558586081,386964524
1770558587003,519157423
1770558588003,653859349
1770558589003,788940790
1770558590003,923821304
1770558591003,1056140606
1770558592002,1192934140
1770558593003,1328043536
1770558594044,1464825046
1770558595019,1599708429
1770558596004,1732837421
1770558597003,1867431986
1770558598003,2002372681
1770558599004,2137294394
1770558600008,2272778849
1770558601003,2406065495
1770558602003,2541510827
1770558603003,2675124316
1770558604003,2811182317
1770558605046,2948010214
1770558606078,3091214864
1770558607003,3215988715
1770558608003,3350759244
1770558609003,3485808520
1770558610003,3620688179
1770558611015,3756907191
1770558612061,3893107831
1770558613035,4029469909
1770558614004,4160129425
1770558615003,4294703055
1770558616003,4429547864
1770558617012,4566006255
1770558618003,4699478447
1770558619003,4834269545
1770558620003,4969293125
1770558621003,5103643001
1770558622003,5238574540
1770558623003,5373836340
1770558624003,5508410092
1770558625003,5643340777
1770558626003,5778310585
1770558627002,5913082091
1770558628013,6049382584
1770558629003,6180843307
1770558630002,6297769400
1770558631002,6437359008
1770558632003,6572469746
1770558633002,6707495707
1770558634002,6831264311
1770558635002,6939668879
1770558636002,7034113401
1770558637002,7129299192
1770558638002,7241257707
1770558639002,7340700385
1770558640002,7443163562
1770558641002,7560426812
1770558642002,7656507926
1770558643003,7787523520
1770558644003,7930377708
1770558645003,8065177290
1770558646004,8200299930
1770558647003,8335345360
1770558648004,8470199507
1770558649003,8605137394
1770558650003,8739918238
1770558651004,8874741684
1770558652003,9009405097
1770558653003,9143744902
1770558654003,9278871448
1770558655008,9414508308
1770558656003,9548618011
1770558657020,9684493640
1770558658003,9818580272
1770558659003,9953471833
1770558660008,10089000234
1770558661003,10223022046
1770558662003,10357859164
1770558663003,10492827325
1770558664066,10631104070
1770558665018,10764626129
1770558666003,10897443660
1770558667003,11032602127
1770558668003,11167303198
1770558669003,11302174008
1770558670003,11436582538
1770558671003,11571658547
1770558672003,11706258361
1770558673004,11841078024
1770558674003,11976063274
1770558675003,12110953676
1770558676003,12245910666
1770558677004,12381137493
1770558678003,12515641971
1770558679003,12650669884
1770558680003,12785243270
1770558681031,12922312682
1770558682003,13055118617
1770558683003,13189963914
1770558684004,13324998907
1770558685003,13459559354
1770558686003,13594509814
1770558687003,13729393868
1770558688012,13865712855
1770558689003,13997313226
1770558690003,14133881297
1770558691003,14268797944
1770558692003,14403606193
1770558693007,14538902538
1770558694003,14673608614
1770558695003,14808515862
1770558696003,14943271437
1770558697003,15078318394
1770558698003,15212981501
1770558699039,15350059397
1770558700003,15482398963
1770558701003,15617213315
1770558702003,15752302447
1770558703003,15886927530
1770558704003,16021883056
1770558705003,16156838093
1770558706003,16291753642
1770558707003,16426795410
1770558708003,16561620077
1770558709003,16695855696
1770558710003,16830810001
1770558711003,16965792199
1770558712010,17101550336
1770558713003,17235574162
1770558714003,17370727015
1770558715003,17505206468
1770558716003,17640090034
1770558717003,17775272915
1770558718002,17909390370
1770558719003,18044587594
1770558720003,18179623687
1770558721003,18314472279
1770558722003,18449205760
1770558723003,18584023347
1770558724003,18718825065
1770558725003,18853941662
1770558726003,18988611606
1770558727003,19123738579
1770558728003,19258468093
1770558729003,19393148961
1770558730002,19528123164
1770558731003,19663150284
1770558732003,19797851844
1770558733003,19932728452
1770558734003,20067826250
1770558735004,20202218484
1770558736002,20326664882
1770558737002,20450863478
1770558738002,20582049116
1770558739002,20712601211
1770558740002,20843845382
1770558741002,20964425273
1770558742002,21056841846
1770558743002,21152708116
1770558744002,21245699334
1770558745002,21344338668
1770558746002,21444574191
1770558747002,21545420917
1770558748002,21643893382
1770558749003,21767920043
1770558750003,21912769281
1770558751003,22047818740
1770558752003,22182578954
1770558753003,22317593074
1770558754003,22452215166
1770558755003,22587239600
1770558756060,22725371449
1770558757003,22857224688
1770558758003,22991665018
1770558759003,23126935667
1770558760004,23261553670
1770558761003,23396507304
1770558762003,23531273255
1770558763003,23666525961
1770558764003,23801430157
1770558765004,23935742191
1770558766003,24070579431
1770558767004,24205565963
1770558768003,24340321721
1770558769003,24475102260
1770558770003,24609811571
1770558771003,24745132636
1770558772003,24879926663
1770558773003,25014960924
1770558774003,25149552560
1770558775003,25284344512
1770558776003,25419308583
1770558777004,25554142955
1770558778003,25688764803
1770558779003,25823721671
1770558780003,25958927624
1770558781003,26093465060
1770558782003,26228628167
1770558783003,26363072830
1770558784002,26497982091
1770558785003,26633013484
1770558786003,26767872086
1770558787003,26902536781
1770558788003,27037551511
1770558789003,27172472796
1770558790003,27307529946
1770558791003,27442368956
1770558792003,27576858480
1770558793003,27710719526
1770558794003,27846283510
1770558795003,27981522666
1770558796003,28116126142
1770558797003,28251333682
1770558798003,28386201073
1770558799003,28520808517
1770558800003,28655763494
1770558801003,28790673243
1770558802003,28925328538
1770558803003,29060349250
1770558804003,29195439541
1770558805003,29329964893
1770558806003,29464848825
1770558807003,29599732024
1770558808003,29734620107
1770558809003,29869661875
1770558810003,30004249604
1770558811003,30138467584
1770558812003,30274114514
1770558813003,30408654453
1770558814013,30544836111
1770558815003,30678879896
1770558816003,30813506566
1770558817003,30948703669
1770558818003,31083599625
1770558819003,31217834327
1770558820016,31351197328
1770558821003,31487478107
1770558822003,31622460550
1770558823003,31757336486
1770558824003,31892097066
1770558825003,32027151225
1770558826003,32161759401
1770558827003,32296660118
1770558828003,32431382734
1770558829003,32565214545
1770558830003,32700894068
1770558831003,32836068710
1770558832003,32970891119
1770558833004,33105855373
1770558834003,33240798204
1770558835003,33375677009
1770558836002,33509711456
1770558837002,33644808827
1770558838003,33778815991
1770558839003,33914818146
1770558840003,34049703604
1770558841003,34184374768
1770558842003,34319649751
1770558843003,34454209770
1770558844003,34587368975
1770558845003,34724068210
1770558846003,34843569308
1770558847002,34970508802
1770558848002,35104641516
1770558849002,35237133669
1770558850002,35371275782
1770558851002,35505820054
1770558852002,35599206900
1770558853002,35694992849
1770558854002,35787544797
1770558855002,35880152897
1770558856002,35973452890
1770558857002,36064736653
1770558858002,36160400165
1770558859002,36252900417
1770558860002,36344744542
1770558861002,36437135846
1770558862002,36529611012
1770558863002,36653757545
1770558864002,36746517623
1770558865002,36843712808
1770558866002,36944182766
1770558867002,37044206314
1770558868003,37142800177
1770558869003,37254115627
1770558870003,37399788960
1770558871003,37536935582
1770558872003,37671834895
1770558873003,37806476762
1770558874003,37941376624
1770558875003,38076269528
1770558876003,38211143268
1770558877003,38345977456
1770558878003,38480905150
1770558879003,38615687276
1770558880003,38750376506
1770558881003,38885402345
1770558882003,39020207297
1770558883003,39155196332
1770558884003,39289908206
1770558885003,39423039396
1770558886008,39560303510
1770558887013,39695036075
1770558888004,39829440822
1770558889003,39964167283
1770558890002,40098942085
1770558891003,40233992215
1770558892008,40369557176
1770558893003,40503575876
1770558894003,40638430633
1770558895003,40771385187
1770558896003,40908212413
1770558897003,41042986055
1770558898003,41177882316
1770558899003,41312463819
1770558900003,41447718234
1770558901003,41582506097
1770558902003,41717498976
1770558903003,41852121190
1770558904003,41987252070
1770558905003,42121672746
1770558906003,42256571693
1770558907003,42391313597
1770558908035,42528505445
1770558909003,42661298745
1770558910004,42795688843
1770558911003,42930792867
1770558912003,43065934001
1770558913003,43200719667
1770558914003,43334850732
1770558915003,43470085493
1770558916003,43604572637
1770558917003,43739618250
1770558918003,43874375108
1770558919021,44011974243
1770558920003,44144401882
1770558921003,44279075732
1770558922003,44414215156
1770558923003,44547560457
1770558924003,44683566884
1770558925002,44817634290
1770558926003,44952993318
1770558927002,45088199698
1770558928003,45222909985
1770558929003,45357892550
1770558930003,45492981987
1770558931004,45628062574
1770558932003,45762876132
1770558933003,45897497248
1770558934003,46032311417
1770558935003,46166765540
1770558936003,46301855160
1770558937048,46440081125
1770558938003,46571948951
1770558939003,46706647337
1770558940003,46841375996
1770558941003,46976300577
1770558942003,47111033326
1770558943003,47246231405
1770558944003,47380975445
1770558945003,47515769655
1770558946002,47644208963
1770558947002,47770953999
1770558948002,47907085853
1770558949002,48039251347
1770558950002,48160264893
1770558951002,48250210341
1770558952002,48344914139
1770558953002,48437432457
1770558954002,48534600665
1770558955002,48634752630
1770558956002,48734777643
1770558957002,48836263772
1770558958003,48935504424
1770558959003,49081205345
1770558960005,49221054596
1770558961004,49355616691
1770558962003,49490470411
1770558963003,49625706087
1770558964003,49760406609
1770558965003,49895230300
1770558966003,50030005345
1770558967003,50164945368
1770558968003,50299927811
1770558969003,50434774756
1770558970003,50569381772
1770558971003,50704586321
1770558972003,50839231728
1770558973003,50974159422
1770558974003,51109339679
1770558975025,51246158421
1770558976009,51379367980
1770558977003,51512766747
1770558978003,51648208295
1770558979003,51783189700
1770558980003,51917952844
1770558981003,52052851241
1770558982003,52187942814
1770558983003,52322621241
1770558984003,52457731979
1770558985002,52592221381
1770558986003,52727186124
1770558987003,52861775623
1770558988006,52997260505
1770558989003,53131743376
1770558990003,53266603444
1770558991003,53401280284
1770558992003,53536382538
1770558993003,53671408438
1770558994003,53804839126
1770558995003,53940431126
1770558996003,54074787959
1770558997003,54210113357
1770558998003,54345186193
1770558999003,54480143550
1770559000003,54614944719
1770559001003,54749839515
1770559002003,54884805600
1770559003003,55019778582
1770559004003,55154016886
1770559005003,55289155883
1770559006003,55424018514
1770559007008,55559660928
1770559008003,55693929932
1770559009003,55828543968
1770559010003,55963508039
1770559011003,56098606936
1770559012003,56233108240
1770559013002,56366839098
1770559014003,56502925908
1770559015003,56637949672
1770559016009,56773381454
1770559017003,56907620246
1770559018003,57042346158
1770559019017,57179114668
1770559020003,57312444527
1770559021003,57447321867
1770559022003,57581983266
1770559023003,57716513378
1770559024034,57855348471
1770559025003,57986150871
1770559026003,58120797987
1770559027003,58255951999
1770559028003,58390602472
1770559029003,58525484390
1770559030003,58660448827
1770559031003,58795397029
1770559032003,58928205710
1770559033003,59064866982
1770559034003,59199942136
1770559035003,59334830341
1770559036003,59469702981
1770559037003,59604493347
1770559038003,59739241110
1770559039003,59874221904
1770559040003,60009168458
1770559041003,60143960655
1770559042003,60278771406
1770559043003,60413646610
1770559044003,60548262720
1770559045003,60683104782
1770559046003,60818234197
1770559047026,60954576072
1770559048003,61088036973
1770559049003,61222212655
1770559050002,61352862650
1770559051002,61472313516
1770559052002,61605535709
1770559053002,61736935703
1770559054002,61870719662
1770559055002,61991610527
1770559056002,62082558963
1770559057002,62174109022
1770559058002,62263816129
1770559059002,62355225868
1770559060002,62444792106
1770559061002,62534750555
1770559062002,62627086744
1770559063002,62716369169
1770559064002,62805045456
1770559065002,62898205374
1770559066002,62998652870
1770559067004,63098353482
1770559068002,63197622027
1770559069003,63304454456
1770559070003,63450009015
1770559071003,63588203790
1770559072003,63723173477
1770559073003,63858172521
1770559074003,63993053767
1770559075003,64127971391
1770559076003,64262441933
1770559077003,64397533689
1770559078003,64532438861
1770559079086,64671532316
1770559080296,64832977764
1770559081003,64937164387
1770559082003,65071911784
1770559083003,65206925293
1770559084003,65341555625
1770559085003,65473690541
1770559086003,65611029056
1770559087003,65745885645
1770559088003,65881050704
1770559089004,66015691411
1770559090003,66150767604
1770559091022,66287141949
1770559092003,66420362312
1770559093004,66555611782
1770559094016,66692236005
1770559095003,66825168526
1770559096003,66960206205
1770559097003,67095101734
1770559098046,67231890813
1770559099154,67382774948
1770559100012,67501100939
1770559101003,67634687389
1770559102003,67769544954
1770559103003,67904633841
1770559104046,68041764899
1770559105118,68184544502
1770559106058,68316253393
1770559107080,68447645025
1770559108162,68596651784
1770559109110,68724648588
1770559110026,68849894056
1770559111003,68983610938
1770559112003,69118361386
1770559113003,69253358355
1770559114003,69387803873
1770559115003,69522730834
1770559116003,69657587606
1770559117003,69792342327
1770559118027,69928954709
1770559119058,70067845711
1770559120026,70200295140
1770559121003,70332144168
1770559122003,70467038231
1770559123003,70601743148
1770559124003,70736604680
1770559125003,70871598841
1770559126017,71008086041
1770559127008,71142024663
1770559128003,71276193692
1770559129003,71411225878
1770559130003,71545887032
1770559131002,71680958891
1770559132002,71815663380
1770559133003,71950636484
1770559134003,72085272980
1770559135003,72220284781
1770559136003,72355431896
1770559137003,72490086702
1770559138003,72625025688
1770559139003,72760004773
1770559140003,72895045443
1770559141003,73029586054
1770559142003,73164679030
1770559143003,73299222204
1770559144003,73434049129
1770559145003,73569154252
1770559146003,73704052100
1770559147003,73839211056
1770559148003,73973961199
1770559149003,74108825417
1770559150002,74243552489
1770559151002,74360910160
1770559152003,74497717549
1770559153002,74632718912
1770559154002,74767383729
1770559155002,74888934260
1770559156002,74987029651
1770559157002,75085515605
1770559158002,75182403540
1770559159002,75281929958
1770559160002,75378827781
1770559161002,75477963514
1770559162002,75575726447
1770559163002,75676037042
1770559164002,75781229522
1770559165002,75884995919
1770559166002,75988881761
1770559167003,76093733300
1770559168004,76239533280
1770559169003,76377825956
1770559170003,76512652820
1770559171003,76647645822
1770559172003,76782613494
1770559173004,76917680287
1770559174003,77052464549
1770559175003,77187220429
1770559176004,77322189811
1770559177002,77456979260
1770559178003,77591846225
1770559179003,77726785210
1770559180003,77861732130
1770559181003,77996627415
1770559182003,78131596857
1770559183003,78266428299
1770559184003,78401342382
1770559185002,78536029904
1770559186003,78670755023
1770559187004,78805852394
1770559188003,78940767881
1770559189003,79075628376
1770559190003,79210518534
1770559191003,79345519775
1770559192003,79480541158
1770559193003,79613519882
1770559194002,79750010988
1770559195003,79884958335
1770559196003,80019864850
1770559197004,80154899295
1770559198003,80289694360
1770559199003,80424595565
1770559200007,80559966373
1770559201004,80694404139
1770559202003,80829313279
1770559203002,80964007087
1770559204003,81098781827
1770559205003,81233638110
1770559206003,81368552682
1770559207003,81503617033
1770559208003,81638323598
1770559209003,81773407786
1770559210003,81908387176
1770559211004,82043481435
1770559212003,82178141185
1770559213003,82312738497
1770559214003,82447769157
1770559215003,82582615187
1770559216004,82717804294
1770559217003,82852412714
1770559218003,82987455154
1770559219003,83122345128
1770559220003,83257274836
1770559221003,83392167680
1770559222003,83526859229
1770559223003,83661684018
1770559224003,83796505267
1770559225003,83931625771
1770559226003,84066457030
1770559227003,84201383687
1770559228003,84336434916
1770559229003,84471225708
1770559230003,84606186483
1770559231003,84740983624
1770559232003,84875607546
1770559233003,85010376672
1770559234004,85145661726
1770559235004,85280565311
1770559236003,85415472803
1770559237003,85550413680
1770559238003,85685186895
1770559239003,85820120448
1770559240002,85954967210
1770559241003,86089675850
1770559242003,86224998684
1770559243003,86359778185
1770559244003,86494549752
1770559245003,86619604242
1770559246002,86753035724
1770559247002,86888331032
1770559248002,87018388865
1770559249002,87154560453
1770559250002,87253517475
1770559251002,87354333196
1770559252002,87451504211
1770559253002,87550236014
1770559254002,87647528551
1770559255002,87744954449
1770559256002,87844014071
1770559257002,87940722380
1770559258002,88036299956
1770559259002,88132773952
1770559260002,88229453636
1770559261002,88326643390
1770559262002,88424850291
1770559263002,88524319580
1770559264002,88629877477
1770559265002,88733832350
1770559266002,88838275075
1770559267002,88939921849
1770559268002,89081281045
1770559269003,89221736069
1770559270003,89356622564
1770559271003,89491523098
1770559272003,89626365587
1770559273003,89761371772
1770559274003,89896287076
1770559275003,90030950855
1770559276003,90166094979
1770559277003,90300874725
1770559278003,90435508352
1770559279003,90570391918
1770559280003,90705514009
1770559281005,90840588004
1770559282003,90975421460
1770559283003,91110142734
1770559284003,91245185540
1770559285003,91379641433
1770559286003,91513970679
1770559287003,91649508540
1770559288003,91784227922
1770559289003,91919380591
1770559290003,92054238583
1770559291003,92189130999
1770559292003,92324248390
1770559293003,92459028990
1770559294003,92593574727
1770559295003,92728554789
1770559296003,92863676330
1770559297003,92998633871
1770559298003,93133394451
1770559299003,93268263490
1770559300003,93403291099
1770559301003,93538240521
1770559302003,93673162539
1770559303003,93807786096
1770559304003,93942500107
1770559305003,94077524846
1770559306003,94212360927
1770559307003,94347395127
1770559308003,94482198615
1770559309003,94617150540
1770559310003,94752184740
1770559311003,94887108467
1770559312003,95022003203
1770559313003,95156536244
1770559314003,95291659495
1770559315002,95426398530
1770559316003,95561198783
1770559317003,95696284069
1770559318003,95831101107
1770559319003,95966109367
1770559320003,96100968214
1770559321003,96235913608
1770559322003,96370610346
1770559323003,96505297440
1770559324003,96640497961
1770559325003,96775225033
1770559326003,96910256120
1770559327003,97045110999
1770559328003,97180046811
1770559329003,97314959186
1770559330003,97449900124
1770559331003,97582089422
1770559332003,97719515096
1770559333003,97854261638
1770559334003,97989282777
1770559335005,98124444296
1770559336003,98259101910
1770559337003,98394053042
1770559338003,98528886132
1770559339003,98663840803
1770559340003,98798711735
1770559341002,98933342677
1770559342003,99068317917
1770559343003,99203163763
1770559344003,99338074795
1770559345003,99472747302
1770559346003,99607771492
1770559347003,99742546416
1770559348002,99862778957
1770559349002,100002187597
1770559350002,100137667658
1770559351002,100272837295
1770559352002,100385324067
1770559353002,100485561481
1770559354002,100583143568
1770559355002,100680844917
1770559356002,100779068298
1770559357002,100875837216
1770559358002,100974758227
1770559359002,101071248459
1770559360002,101167593061
1770559361002,101265137611
1770559362002,101363654021
1770559363002,101467988898
1770559364002,101572105697
1770559365002,101675884118
1770559366002,101778501958
1770559367003,101922435672
1770559368003,102061994030
1770559369003,102196985933
1770559370003,102331854606
1770559371003,102466812696
1770559372003,102601714816
1770559373003,102736631646
1770559374003,102871518874
1770559375003,103004502360
1770559376003,103141076046
1770559377002,103275734453
1770559378003,103410788856
1770559379003,103545752073
1770559380003,103680658588
1770559381003,103815672829
1770559382003,103949991272
1770559383003,104084958395
1770559384003,104220091411
1770559385003,104354886110
1770559386003,104489737266
1770559387003,104624610456
1770559388003,104759562625
1770559389003,104894339868
1770559390003,105029400923
1770559391003,105161537609
1770559392003,105298930263
1770559393003,105433932114
1770559394004,105568964850
1770559395003,105703528897
1770559396003,105838489001
1770559397003,105973414376
1770559398003,106108428557
1770559399003,106243502674
1770559400003,106376506423
1770559401002,106512687837
1770559402003,106647856070
1770559403003,106782600598
1770559404003,106917695650
1770559405003,107052432304
1770559406003,107187455518
1770559407004,107322300510
1770559408003,107457277887
1770559409003,107591090838
1770559410002,107726541602
1770559411003,107861758846
1770559412003,107996849442
1770559413003,108131676490
1770559414003,108266489682
1770559415003,108401545977
1770559416003,108536375344
1770559417003,108671387144
1770559418003,108805859884
1770559419003,108940970744
1770559420003,109075851807
1770559421002,109210680319
1770559422002,109345327619
1770559423003,109480361697
1770559424004,109615463768
1770559425003,109750387068
1770559426003,109885326725
1770559427005,110020284936
1770559428003,110155019882
1770559429002,110273856858
1770559430002,110407962838
1770559431003,110541969270
1770559432002,110675790033
1770559433002,110776425701
1770559434002,110875493623
1770559435002,110972445707
1770559436002,111069453515
1770559437002,111168129776
1770559438002,111264593762
1770559439002,111362601385
1770559440002,111460760924
1770559441002,111565501928
1770559442002,111670352734
1770559443002,111775150195
1770559444002,111877251130
1770559445003,112016831156
1770559446003,112157626633
1770559447003,112292229621
1770559448003,112427311306
1770559449003,112562167406
1770559450004,112697340339
1770559451003,112832162625
1770559452003,112966901477
1770559453003,113101937448
1770559454003,113236638458
1770559455003,113371491933
1770559456003,113506277233
1770559457003,113641318574
1770559458002,113776129691
1770559459003,113911087781
1770559460003,114046091342
1770559461003,114179574703
1770559462003,114315304764
1770559463003,114449011941
1770559464004,114585091976
1770559465003,114720064897
1770559466003,114854902931
1770559467003,114989885251
1770559468005,115124910296
1770559469003,115259646035
1770559470003,115394635863
1770559471003,115529188070
1770559472003,115664183391
1770559473003,115798786318
1770559474004,115934011374
1770559475008,116069449748
1770559476003,116203734927
1770559477003,116338675927
1770559478003,116473600569
1770559479003,116608578861
1770559480003,116742802883
1770559481003,116877804307
1770559482003,117012898322
1770559483004,117147968410
1770559484003,117282647570
1770559485003,117417620979
1770559486003,117552610014
1770559487003,117687530811
1770559488003,117822425973
1770559489003,117957346954
1770559490003,118091726126
1770559491003,118226502026
1770559492003,118361469882
1770559493004,118496555107
1770559494003,118631134596
1770559495004,118766225742
1770559496003,118901045527
1770559497003,119036077102
1770559498003,119171009191
1770559499003,119305470211
1770559500003,119440383013
1770559501003,119575370522
1770559502003,119710204222
1770559503003,119845239704
1770559504004,119980311440
1770559505003,120115010558
1770559506003,120250175068
1770559507003,120384995280
1770559508003,120519681581
1770559509003,120654500205
1770559510003,120789495709
1770559511003,120923835514
1770559512002,121059009851
1770559513002,121193820724
1770559514003,121328942265
1770559515003,121463955042
1770559516003,121598832077
1770559517003,121733778021
1770559518004,121868637356
1770559519003,122003264880
1770559520003,122137237132
1770559521012,122272905364
1770559522003,122408130726
1770559523003,122543044199
1770559524003,122677932891
1770559525003,122793549783
1770559526002,122929203794
1770559527003,123062298851
1770559528002,123194767567
1770559529002,123320436557
1770559530002,123411982648
1770559531002,123507240827
1770559532002,123598798942
1770559533002,123695230580
1770559534002,123794831094
1770559535002,123895290859
1770559536002,123995277297
1770559537002,124091267042
1770559538003,124236392342
1770559539003,124376954787
1770559540003,124511780370
1770559541003,124646817194
1770559542003,124781731522
1770559543003,124916618078
1770559544002,125050127990
1770559545003,125186325701
1770559546003,125321198952
1770559547008,125456698422
1770559548003,125590673848
1770559549003,125725740946
1770559550003,125860680359
1770559551003,125995626424
1770559552003,126130479534
1770559553003,126265523439
1770559554003,126399993248
1770559555003,126535026045
1770559556003,126669845951
1770559557003,126804538111
1770559558003,126939395920
1770559559003,127074483343
1770559560003,127209328640
1770559561003,127344037645
1770559562003,127479105842
1770559563003,127613699248
1770559564003,127748693531
1770559565003,127883647714
1770559566003,128018513702
1770559567003,128153319021
1770559568004,128288518992
1770559569003,128423288423
1770559570003,128558094962
1770559571003,128693090405
1770559572003,128827570408
1770559573003,128962635369
1770559574003,129097446059
1770559575003,129232329747
1770559576003,129367006282
1770559577003,129501709185
1770559578003,129636866187
1770559579003,129771949032
1770559580003,129906825213
1770559581003,130039624067
1770559582003,130176468871
1770559583003,130311271871
1770559584003,130446088298
1770559585003,130581038270
1770559586003,130715945639
1770559587003,130850905499
1770559588003,130985843508
1770559589003,131120718285
1770559590003,131255673017
1770559591003,131390288945
1770559592003,131525205225
1770559593003,131659967576
1770559594003,131794768561
1770559595003,131929834011
1770559596003,132064825609
1770559597003,132199431466
1770559598003,132334534940
1770559599003,132469433216
1770559600003,132602061111
1770559601003,132738487459
1770559602003,132872229426
1770559603004,133008416638
1770559604003,133143207370
1770559605003,133278038690
1770559606003,133412807388
1770559607003,133547795140
1770559608003,133682984674
1770559609003,133817934280
1770559610003,133952520667
1770559611003,134087367001
1770559612003,134222251299
1770559613003,134357254677
1770559614003,134492015196
1770559615003,134627006000
1770559616002,134757007438
1770559617002,134878509324
1770559618002,135013768987
1770559619002,135148511257
1770559620002,135279341367
1770559621002,135370398629
1770559622002,135464745738
1770559623002,135557092059
1770559624002,135651677205
1770559625002,135751961006
1770559626003,135880281967
1770559627060,136027991916
1770559628018,136159651308
1770559629102,136303858641
1770559630032,136430128032
1770559631023,136565881469
1770559632091,136708575806
1770559633039,136838830966
1770559634019,136971227843
1770559635011,137104861657
1770559636059,137242669653
1770559637103,137386628025
1770559638003,137508920132
1770559639002,137642703480
1770559640002,137777966623
1770559641002,137909385720
1770559642002,138042704776
1770559643002,138176400295
1770559644002,138308768975
1770559645002,138444712108
1770559646002,138579693819
1770559647006,138714938223
1770559648003,138849919262
1770559649041,138985413727
1770559650047,139121397388
1770559651005,139254661573
1770559652006,139389761813
1770559653027,139526726062
1770559654005,139659404067
1770559655004,139794245153
1770559656003,139929362116
1770559657002,140062903400
1770559658002,140196331648
1770559659002,140331331790
1770559660003,140466440636
1770559661002,140601443526
1770559662015,140737635804
1770559663004,140871511560
1770559664006,141006483504
1770559665087,141145000240
1770559666004,141276181544
1770559667003,141410477099
1770559668003,141545862922
1770559669003,141680934415
1770559670002,141815754260
1770559671002,141950626778
1770559672003,142085614836
1770559673002,142220461415
1770559674002,142355130381
1770559675003,142490515716
1770559676002,142625213613
1770559677002,142759914685
1770559678002,142894934114
1770559679002,143029816581
1770559680002,143164961865
1770559681002,143299600864
1770559682003,143434886589
1770559683003,143569918287
1770559684033,143708609216
1770559685003,143839801691
1770559686030,143977588081
1770559687007,144109895909
1770559688003,144244472530
1770559689003,144379202165
1770559690002,144514118018
1770559691002,144649148862
1770559692017,144785956007
1770559693003,144919052834
1770559694003,145053914976
1770559695003,145188990070
1770559696003,145323817179
1770559697003,145458713012
1770559698002,145593565572
1770559699003,145728504497
1770559700003,145863233705
1770559701003,145998166710
1770559702003,146133518780
1770559703004,146268442507
1770559704003,146403264122
1770559705002,146537992842
1770559706003,146673061588
1770559707003,146808085229
1770559708003,146942955612
1770559709004,147077962956
1770559710003,147212942775
1770559711002,147347801621
1770559712003,147482739935
1770559713004,147617723843
1770559714004,147752603502
1770559715005,147887826789
1770559716007,148022890469
1770559717003,148157365039
1770559718003,148292203683
1770559719003,148427019256
1770559720003,148562087331
1770559721003,148697025096
1770559722003,148831808137
1770559723021,148969218430
1770559724017,149103811286
1770559725003,149236450900
1770559726003,149371780754
1770559727004,149506637464
1770559728003,149641604831
1770559729003,149776205988
1770559730003,149911396438
1770559731003,150046273778
1770559732003,150181214656
1770559733003,150316026689
1770559734002,150450566749
1770559735002,150585483213
1770559736007,150721121660
1770559737018,150857521579
1770559738003,150990520201
1770559739003,151125392536
1770559740002,151260172404
1770559741002,151395003724
1770559742002,151529961264
1770559743002,151664708966
1770559744002,151799307742
1770559745002,151931758087
1770559746002,152067986742
1770559747002,152200564161
1770559748002,152329070546
1770559749002,152457831569
1770559750002,152588687191
1770559751002,152718593963
1770559752002,152848505862
1770559753002,152976896586
1770559754002,153104989275
1770559755002,153233320734
1770559756002,153361250399
1770559757002,153489100597
1770559758002,153617059864
1770559759002,153745210598
1770559760002,153873468936
1770559761002,154001545635
1770559762002,154129568073
1770559763002,154257267148
1770559764002,154384446144
1770559765002,154512712844
1770559766002,154641901173
1770559767002,154769342742
1770559768002,154897294013
1770559769002,155024556322
1770559770002,155151965053
1770559771002,155279985416
1770559772002,155408058514
1770559773002,155540950630
1770559774002,155672626379
1770559775002,155804603702
1770559776002,155930658433
1770559777002,156059666465
1770559778002,156177542628
1770559779002,156296044949
1770559780002,156413344453
1770559781002,156543946109
1770559782003,156684444467
1770559783015,156820987880
1770559784016,156956052232
1770559785009,157089867685
1770559786003,157224099702
1770559787005,157359374136
1770559788008,157494646068
1770559789002,157628473789
1770559790002,157760226442
1770559791002,157892426604
1770559792002,158023070923
1770559793002,158153423861
1770559794002,158281202709
1770559795002,158409426441
1770559796002,158541639664
1770559797002,158679358428
1770559798003,158814589893
1770559799007,158950118355
1770559800004,159084425567
1770559801003,159219407338
1770559802003,159354123363
1770559803003,159489288300
1770559804002,159620428895
1770559805002,159753216091
1770559806002,159887181996
1770559807002,160018052449
1770559808002,160143859012
1770559809002,160267769950
1770559810002,160390716351
1770559811002,160514138032
1770559812002,160639267412
1770559813002,160770521592
1770559814002,160897899867
1770559815002,161024686103
1770559816002,161141980053
1770559817002,161259390885
1770559818002,161378190630
1770559819002,161496559773
1770559820002,161614288903
1770559821002,161732084683
1770559822002,161850221038
1770559823002,161968429414
1770559824002,162093781144
1770559825002,162222525199
1770559826004,162362094056
1770559827003,162497242087
1770559828014,162632597209
1770559829012,162767841797
1770559830051,162908217292
1770559831064,163042906888
1770559832017,163173507689
1770559833003,163306933556
1770559834003,163441575118
1770559835002,163576463750
1770559836002,163711517909
1770559837002,163846170457
1770559838002,163981023994
1770559839003,164116038296
1770559840003,164251021044
1770559841002,164385592294
1770559842002,164520825468
1770559843002,164655720325
1770559844002,164790521372
1770559845003,164925623443
1770559846003,165060512563
1770559847002,165195126843
1770559848002,165329856295
1770559849003,165465073905
1770559850002,165600027906
1770559851002,165735043002
1770559852002,165869889031
1770559853003,166004850600
1770559854002,166139106421
1770559855003,166274495051
1770559856002,166409389908
1770559857002,166544094092
1770559858002,166679315670
1770559859002,166814295610
1770559860002,166949090614
1770559861002,167084129880
1770559862002,167218707356
1770559863002,167353738626
1770559864002,167488641967
1770559865002,167623646260
1770559866002,167758626139
1770559867002,167893575013
1770559868002,168028362143
1770559869002,168163243878
1770559870002,168298253969
1770559871002,168433199974
1770559872002,168567742415
1770559873002,168702913334
1770559874002,168837756800
1770559875005,168973299910
1770559876002,169107629400
1770559877002,169242649562
1770559878003,169377549424
1770559879002,169512507025
1770559880002,169647345975
1770559881002,169781812061
1770559882002,169917205941
1770559883003,170051982817
1770559884003,170186865406
1770559885006,170322003000
1770559886002,170456602448
1770559887002,170591428885
1770559888002,170726536510
1770559889002,170861243868
1770559890002,170996152580
1770559891002,171131146742
1770559892002,171266136142
1770559893003,171401013238
1770559894003,171536152602
1770559895002,171671000767
1770559896002,171805796321
1770559897002,171940665665
1770559898002,172075554419
1770559899002,172210386105
1770559900002,172345309954
1770559901002,172480359779
1770559902003,172615277036
1770559903003,172750441974
1770559904003,172885188333
1770559905003,173019766540
1770559906002,173154913594
1770559907002,173289843181
1770559908002,173424694581
1770559909002,173559700400
1770559910003,173694612530
1770559911002,173829322207
1770559912002,173964488182
1770559913002,174099086409
1770559914002,174234135624
1770559915002,174368763758
1770559916002,174503832565
1770559917002,174638401191
1770559918003,174773735439
1770559919002,174906565238
1770559920002,175038861286
1770559921002,175173977273
1770559922002,175308323853
1770559923002,175442256127
1770559924002,175576401231
1770559925002,175709113415
1770559926002,175842128822
1770559927002,175975662721
1770559928002,176109545191
1770559929002,176242423757
1770559930002,176376215651
1770559931002,176510817601
1770559932002,176646161432
1770559933002,176780947402
1770559934002,176915771154
1770559935002,177050844356
1770559936002,177185703813
1770559937002,177320601844
1770559938002,177455662533
1770559939002,177590448016
1770559940002,177724286906
1770559941003,177858553286
1770559942002,177993714378
1770559943003,178128409590
1770559944002,178261259348
1770559945002,178393342750
1770559946002,178526947388
1770559947002,178658377838
1770559948002,178795553573
1770559949002,178930079413
1770559950002,179065214687
1770559951002,179198605947
1770559952002,179331256853
1770559953002,179467096532
1770559954002,179599567262
1770559955002,179727964944
1770559956002,179857995494
1770559957002,179992827547
1770559958002,180122240485
1770559959002,180251658610
1770559960002,180389110041
1770559961002,180523808243
1770559962003,180658356483
1770559963002,180793689510
1770559964002,180928472307
1770559965002,181063302467
1770559966002,181198177305
1770559967002,181332982563
1770559968002,181467789957
1770559969002,181602413148
1770559970002,181737551474
1770559971002,181872381268
1770559972002,182007487306
1770559973003,182142336631
1770559974003,182277517438
1770559975003,182412345462
1770559976002,182546671290
1770559977002,182681648422
1770559978003,182816042426
1770559979002,182950981229
1770559980002,183085951769
1770559981002,183220769417
1770559982002,183355576079
1770559983002,183490118093
1770559984002,183625260692
1770559985002,183760364105
1770559986002,183894691032
1770559987002,184029953747
1770559988002,184164984652
1770559989002,184299909721
1770559990003,184434787672
1770559991002,184569484471
1770559992002,184704544733
1770559993003,184839293716
1770559994004,184974490575
1770559995003,185109398066
1770559996003,185244334977
1770559997002,185379211341
1770559998002,185514040585
1770559999002,185649027178
1770560000002,185784042519
1770560001002,185918890257
1770560002002,186053928119
1770560003002,186188705911
1770560004002,186323647766
1770560005003,186458612996
1770560006003,186593499431
1770560007002,186728315614
1770560008002,186862877892
1770560009002,186997457747
1770560010002,187132865421
1770560011003,187267705652
1770560012002,187402462509
1770560013002,187537713566
1770560014002,187672432032
1770560015002,187807241136
1770560016002,187941847786
1770560017003,188076741727
1770560018002,188206782471
1770560019002,188333474713
1770560020002,188459764734
1770560021002,188585919074
1770560022002,188712590014
1770560023002,188838834381
1770560024002,188964462538
1770560025002,189094320665
1770560026002,189232556273
1770560027003,189367730976
1770560028003,189502442789
1770560029003,189637192261
1770560030003,189771824973
1770560031002,189906267683
1770560032002,190034702657
1770560033002,190161516481
1770560034002,190289523233
1770560035003,190420124827
1770560036002,190541795903
1770560037002,190664819330
1770560038002,190786161183
1770560039002,190907168869
1770560040002,191028413859
1770560041002,191155898701
1770560042002,191281373599
1770560043002,191404814079
1770560044002,191520960876
1770560045002,191637702643
1770560046002,191761097347
1770560047003,191904198543
1770560048004,192038893388
1770560049057,192179856345
1770560050007,192308986935
1770560051022,192445341750
1770560052023,192579807104
1770560053004,192713546996
1770560054003,192848308675
1770560055007,192983825112
1770560056003,193118254273
1770560057006,193253752827
1770560058002,193388276531
1770560059002,193523098085
1770560060003,193657917869
1770560061002,193792757429
1770560062003,193927782535
1770560063003,194062737878
1770560064002,194197280258
1770560065002,194332444341
1770560066002,194466897060
1770560067002,194601064625
1770560068002,194735963938
1770560069002,194870840179
1770560070003,195005916494
1770560071003,195140888011
1770560072013,195276362640
1770560073004,195410737173
1770560074003,195545522656
1770560075002,195680403719
1770560076019,195817552538
1770560077002,195949627518
1770560078002,196084554296
1770560079003,196218605161
1770560080002,196353865741
1770560081003,196488981239
1770560082004,196623788084
1770560083003,196758648640
1770560084003,196893753519
1770560085008,197028766479
1770560086002,197163472677
1770560087002,197296199083
1770560088002,197431296637
1770560089002,197565733427
1770560090002,197699201286
1770560091002,197834656383
1770560092003,197969934785
1770560093003,198104833853
1770560094015,198240339000
1770560095003,198374587679
1770560096015,198510247793
1770560097008,198645113171
1770560098003,198779289768
1770560099002,198914174555
1770560100002,199049267593
1770560101003,199184168737
1770560102003,199319079585
1770560103002,199454134476
1770560104003,199589055640
1770560105002,199723925045
1770560106003,199858698077
1770560107003,199993843116
1770560108003,200128679441
1770560109002,200263620014
1770560110007,200399206092
1770560111002,200533522277
1770560112006,200668926593
1770560113002,200803345805
1770560114002,200938467712
1770560115003,201072989951
1770560116003,201208106915
1770560117002,201343001955
1770560118003,201477919151
1770560119002,201612929914
1770560120003,201747878482
1770560121002,201882755334
1770560122002,202017653243
1770560123002,202152501714
1770560124002,202287443263
1770560125002,202422427231
1770560126002,202557310004
1770560127002,202692251675
1770560128002,202827200792
1770560129003,202962111336
1770560130002,203097004484
1770560131003,203231852344
1770560132003,203366909616
1770560133002,203501326142
1770560134002,203636744130
1770560135002,203771591380
1770560136002,203906587800
1770560137002,204041481619
1770560138002,204176357434
1770560139003,204311237948
1770560140002,204446154472
1770560141008,204581928722
1770560142003,204716054966
1770560143002,204850869806
1770560144002,204985968764
1770560145003,205120815099
1770560146002,205255849909
1770560147002,205390654801
1770560148002,205525545447
1770560149002,205660598995
1770560150002,205795341692
1770560151003,205930349159
1770560152002,206065139219
1770560153002,206200311847
1770560154003,206335183816
1770560155003,206469857483
1770560156002,206597252054
1770560157002,206723972738
1770560158002,206852336423
1770560159002,206983364347
1770560160002,207114280455
1770560161002,207237978197
1770560162002,207363694977
1770560163002,207490726024
1770560164002,207619140490
1770560165002,207749729572
1770560166002,207878356746
1770560167002,208008534879
1770560168002,208130286154
1770560169002,208253513195
1770560170002,208375450810
1770560171002,208497608883
1770560172002,208619996143
1770560173002,208741816510
1770560174002,208864140294
1770560175002,208986132047
1770560176002,209107384361
1770560177002,209228459796
1770560178002,209350034741
1770560179002,209474024047
1770560180002,209611151260
1770560181003,209747673676
1770560182023,209883746265
1770560183013,210018091502
1770560184043,210153885954
1770560185011,210288241628
1770560186018,210424443245
1770560187003,210557457065
1770560188003,210691768122
1770560189003,210826903091
1770560190004,210962219761
1770560191002,211096901668
1770560192002,211231643571
1770560193002,211365103130
1770560194002,211501072325
1770560195002,211633972742
1770560196002,211766247916
1770560197002,211898405902
1770560198003,212035342442
1770560199004,212170417657
1770560200004,212305313369
1770560201015,212441523897
1770560202004,212575242854
1770560203022,212712709116
1770560204002,212844652809
1770560205003,212979820492
1770560206002,213112069482
1770560207002,213246878341
1770560208002,213382111333
1770560209002,213513280247
1770560210002,213643861029
1770560211002,213777501556
1770560212002,213913860154
1770560213023,214051343079
1770560214002,214183689664
1770560215003,214317779531
1770560216002,214453151254
1770560217002,214583094647
1770560218002,214710000878
1770560219002,214836838566
1770560220002,214963945052
1770560221002,215090233730
1770560222002,215216549080
1770560223002,215342323844
1770560224002,215468828891
1770560225002,215595880324
1770560226002,215722189387
1770560227002,215849095801
1770560228002,215975144001
1770560229002,216101068850
1770560230002,216227410628
1770560231002,216354069362
1770560232002,216481481877
1770560233002,216609602887
1770560234002,216742237435
1770560235002,216875949678
1770560236002,217000948504
1770560237002,217127864988
1770560238002,217245427798
1770560239002,217363107123
1770560240002,217480302746
1770560241002,217596528522
1770560242002,217714766501
1770560243002,217831312833
1770560244002,217947840794
1770560245002,218064193707
1770560246002,218183061139
1770560247002,218304840796
1770560248002,218423278847
1770560249002,218539441025
1770560250002,218656243888
1770560251002,218775122856
1770560252002,218897615951
1770560253002,219010272706
1770560254002,219122114155
1770560255002,219236777619
1770560256002,219354610691
1770560257002,219461592839
1770560258002,219568418738
1770560259002,219676340031
1770560260002,219788990622
1770560261002,219901431008
1770560262002,220015562674
1770560263002,220126246778
1770560264003,220267152789
1770560265003,220405299286
1770560266003,220540399892
1770560267003,220675123546
1770560268003,220810092805
1770560269010,220945425894
1770560270003,221080069348
1770560271002,221214243870
1770560272002,221349576043
1770560273003,221484538588
1770560274004,221619527806
1770560275004,221754136836
1770560276003,221888977067
1770560277003,222023912391
1770560278005,222159356441
1770560279003,222294042009
1770560280003,222428538064
1770560281003,222563596373
1770560282003,222698193929
1770560283055,222836702607
1770560284006,222968547790
1770560285006,223103272848
1770560286004,223238149395
1770560287004,223372911989
1770560288003,223507886558
1770560289003,223642491011
1770560290004,223777896792
1770560291003,223912308008
1770560292003,224046702195
1770560293003,224181789374
1770560294003,224316392423
1770560295004,224451519274
1770560296003,224586633430
1770560297003,224721651761
1770560298022,224856992907
1770560299003,224991327890
1770560300018,225128016932
1770560301008,225261884814
1770560302003,225396106334
1770560303004,225531012604
1770560304031,225667314929
1770560305003,225800740430
1770560306009,225936442170
1770560307003,226070751335
1770560308004,226205780103
1770560309004,226340229222
1770560310003,226475473138
1770560311004,226610384902
1770560312003,226744960424
1770560313003,226879696164
1770560314009,227015424393
1770560315011,227149698280
1770560316008,227285296627
1770560317003,227419343403
1770560318003,227554340066
1770560319003,227689092224
1770560320003,227824153768
1770560321003,227958933940
1770560322003,228093460512
1770560323003,228228507225
1770560324004,228362983260
1770560325008,228498930116
1770560326003,228633161157
1770560327003,228767669724
1770560328003,228902709478
1770560329003,229037644313
1770560330003,229172653489
1770560331003,229307322517
1770560332003,229442122099
1770560333003,229576331533
1770560334004,229711959482
1770560335003,229846792877
1770560336003,229981714834
1770560337003,230116394543
1770560338003,230251366609
1770560339003,230386487601
1770560340003,230521284497
1770560341003,230655857822
1770560342003,230790728876
1770560343003,230925524551
1770560344003,231060424108
1770560345003,231195378292
1770560346003,231330097978
1770560347003,231464945534
1770560348003,231600117368
1770560349003,231734860553
1770560350003,231869724405
1770560351003,232004422973
1770560352003,232139183126
1770560353003,232274064922
1770560354003,232409274293
1770560355003,232543942893
1770560356003,232676853503
1770560357003,232813608768
1770560358003,232930654611
1770560359002,233065738311
1770560360002,233197340147
1770560361002,233329987939
1770560362002,233463756457
1770560363002,233563641882
1770560364002,233659483312
1770560365002,233753879249
1770560366002,233851082675
1770560367002,233944329506
1770560368002,234038040448
1770560369002,234132997480
1770560370002,234231966404
1770560371002,234333384052
1770560372002,234435127688
1770560373002,234536465197
1770560374002,234636050025
1770560375003,234780493686
1770560376002,234920555218
1770560377004,235055556398
1770560378003,235190387229
1770560379003,235325332380
1770560380003,235460268619
1770560381003,235594848169
1770560382003,235729953109
1770560383003,235864788518
1770560384003,235999251553
1770560385003,236134146593
1770560386002,236269144722
1770560387003,236403866972
1770560388003,236539054614
1770560389003,236673596994
1770560390003,236808650787
1770560391002,236943133231
1770560392003,237078308971
1770560393004,237213248262
1770560394003,237347862846
1770560395003,237482818250
1770560396003,237617992587
1770560397003,237752742913
1770560398003,237887985426
1770560399003,238022826328
1770560400004,238155014100
1770560401003,238291875994
1770560402003,238426920509
1770560403003,238561596861
1770560404003,238696784137
1770560405003,238831386392
1770560406003,238966557372
1770560407003,239101268270
1770560408004,239235995647
1770560409003,239370982057
1770560410003,239505466515
1770560411003,239640550886
1770560412003,239775413761
1770560413003,239910278406
1770560414003,240044886887
1770560415003,240179994024
1770560416003,240314846523
1770560417003,240449767747
1770560418006,240585181402
1770560419003,240718925444
1770560420003,240854340137
1770560421003,240989007578
1770560422003,241124101165
1770560423003,241258947744
1770560424003,241393858897
1770560425003,241528531282
1770560426003,241663733084
1770560427003,241798295423
1770560428003,241933158908
1770560429003,242067764765
1770560430003,242202675186
1770560431003,242337310828
1770560432003,242472556026
1770560433003,242607338152
1770560434003,242742137123
1770560435003,242877015684
1770560436003,243011920612
1770560437003,243147241127
1770560438003,243279794438
1770560439003,243416303183
1770560440003,243551207562
1770560441003,243686140138
1770560442003,243821130088
1770560443003,243955912031
1770560444003,244090691044
1770560445003,244225601892
1770560446003,244360357101
1770560447003,244495487737
1770560448003,244630072109
1770560449003,244765085313
1770560450003,244899636910
1770560451003,245034736112
1770560452004,245169465870
1770560453003,245304750924
1770560454003,245439265289
1770560455003,245574536549
1770560456003,245709146312
1770560457002,245842203161
1770560458003,245978398186
1770560459003,246113502027
1770560460003,246248405124
1770560461003,246383442682
1770560462003,246518130996
1770560463003,246653123937
1770560464003,246787958919
1770560465003,246922797075
1770560466003,247057973487
1770560467003,247192367185
1770560468003,247327357257
1770560469004,247462495339
1770560470003,247597357909
1770560471003,247732053792
1770560472003,247867085246
1770560473002,247985118818
1770560474002,248117998483
1770560475002,248252520233
1770560476002,248386812736
1770560477002,248518921040
1770560478003,248636596581
1770560479002,248732356468
1770560480002,248827620140
1770560481002,248922597619
1770560482002,249018865439
1770560483002,249120345099
1770560484002,249224095444
1770560485002,249325215058
1770560486002,249424492575
1770560487003,249565825892
1770560488003,249706797455
1770560489003,249841506339
1770560490003,249976504101
1770560491003,250111375887
1770560492003,250246260002
1770560493004,250381374891
1770560494003,250515957066
1770560495003,250650660822
1770560496003,250785584854
1770560497003,250920340552
1770560498003,251055280209
1770560499003,251190050250
1770560500003,251325016884
1770560501003,251460058286
1770560502003,251595147967
1770560503003,251729664591
1770560504003,251864453736
1770560505003,251999550192
1770560506003,252134424785
1770560507003,252269220216
1770560508002,252404067528
1770560509003,252538674605
1770560510003,252673805668
1770560511003,252808734094
1770560512003,252943471969
1770560513003,253077948371
1770560514003,253213117275
1770560515003,253347086537
1770560516004,253483097175
1770560517003,253617661467
1770560518003,253752815601
1770560519003,253887575693
1770560520003,254022567107
1770560521003,254157464833
1770560522003,254292146251
1770560523003,254426941988
1770560524003,254561902519
1770560525003,254696529066
1770560526004,254831432712
1770560527003,254966283136
1770560528003,255101233718
1770560529003,255236462559
1770560530003,255371332087
1770560531003,255506171525
1770560532003,255640723121
1770560533003,255775444212
1770560534003,255910395282
1770560535003,256045304239
1770560536004,256180296874
1770560537003,256314976217
1770560538004,256449815593
1770560539003,256584686037
1770560540003,256719852255
1770560541004,256854961529
1770560542003,256989351504
1770560543003,257123979944
1770560544003,257257433155
1770560545003,257393431403
1770560546003,257528826076
1770560547003,257663619981
1770560548002,257798207954
1770560549003,257933055998
1770560550003,258068222766
1770560551003,258203291756
1770560552003,258337675445
1770560553003,258472687551
1770560554003,258607734752
1770560555004,258742730988
1770560556003,258877403251
1770560557003,259012457104
1770560558003,259147181369
1770560559003,259282122185
1770560560003,259416827163
1770560561003,259551865696
1770560562003,259686453975
1770560563003,259821340165
1770560564003,259955945656
1770560565003,260090820371
1770560566003,260225997088
1770560567003,260360643838
1770560568003,260495507446
1770560569003,260630675496
1770560570003,260765632792
1770560571002,260898469183
1770560572003,261034979392
1770560573003,261169881024
1770560574003,261304663822
1770560575003,261439616662
1770560576003,261574335617
1770560577008,261709872257
1770560578003,261844136989
1770560579003,261978847459
1770560580002,262098639999
1770560581002,87119283
1770560582002,221382367
1770560583002,354209969
1770560584002,488896880
1770560585002,597056577
1770560586002,693841241
1770560587002,787227171
1770560588002,881053530
1770560589002,979483271
1770560590002,1081291238
1770560591002,1184674457
1770560592002,1285776493
1770560593004,1387827745
1770560594003,1533467876
1770560595003,1672532278
1770560596003,1807136792
1770560597003,1942223787
1770560598003,2077063530
1770560599003,2212153882
1770560600003,2347106235
1770560601003,2481786005
1770560602003,2616695510
1770560603003,2751175207
1770560604003,2886379024
1770560605003,3021253923
1770560606003,3155966530
1770560607003,3291010984
1770560608003,3425765949
1770560609003,3560609720
1770560610003,3695509277
1770560611003,3830325948
1770560612003,3965355632
1770560613003,4100283509
1770560614003,4234885276
1770560615003,4369731000
1770560616003,4504560123
1770560617003,4639817284
1770560618003,4774470748
1770560619003,4906667797
1770560620003,5044034206
1770560621003,5178988755
1770560622004,5313698066
1770560623008,5449323329
1770560624003,5583595874
1770560625003,5718207651
1770560626003,5853407805
1770560627003,5988143727
1770560628003,6122894420
1770560629003,6257531588
1770560630003,6392368462
1770560631003,6527096815
1770560632003,6662155857
1770560633003,6797084161
1770560634003,6931624405
1770560635003,7066748388
1770560636003,7201918391
1770560637003,7336560503
1770560638003,7468161057
1770560639003,7605742675
1770560640003,7740685261
1770560641007,7876136209
1770560642003,8010628418
1770560643002,8145158835
1770560644003,8280021710
1770560645003,8415291750
1770560646003,8549910668
1770560647003,8685167035
1770560648003,8819413823
1770560649003,8954610376
1770560650003,9089137010
1770560651003,9224065436
1770560652003,9359231289
1770560653003,9494042467
1770560654003,9629188606
1770560655003,9763708220
1770560656003,9898777698
1770560657003,10031310257
1770560658003,10168301300
1770560659003,10303315542
1770560660003,10438201183
1770560661003,10572956270
1770560662003,10708097831
1770560663003,10842795972
1770560664003,10977534458
1770560665003,11112424616
1770560666003,11247579970
1770560667003,11382127233
1770560668003,11516903377
1770560669007,11652106706
1770560670003,11786506325
1770560671003,11921630979
1770560672003,12056512104
1770560673003,12191281473
1770560674002,12308906660
1770560675002,12446113096
1770560676002,12580982807
1770560677002,12709115963
1770560678002,12829447991
1770560679002,12924323358
1770560680002,13019424372
1770560681002,13113476622
1770560682002,13209445431
1770560683002,13303150514
1770560684002,13400025693
1770560685002,13493084415
1770560686002,13587247748
1770560687002,13680756542
1770560688002,13774285904
1770560689002,13868431476
1770560690002,13961746118
1770560691002,14056673426
1770560692002,14157990366
1770560693002,14259557916
1770560694002,14361442177
1770560695002,14460324065
1770560696003,14597605025
1770560697003,14739605027
1770560698003,14874137337
1770560699003,15009196561
1770560700003,15144131641
1770560701003,15279173470
1770560702003,15413917632
1770560703003,15548872731
1770560704003,15681814407
1770560705004,15818422212
1770560706002,15952971794
1770560707003,16087875501
1770560708003,16222784397
1770560709003,16357730462
1770560710003,16492874953
1770560711003,16627500097
1770560712003,16762229244
1770560713003,16896996660
1770560714003,17031908851
1770560715004,17167169797
1770560716003,17301591511
1770560717003,17436714761
1770560718003,17571409301
1770560719003,17706687031
1770560720003,17839760909
1770560721003,17976144105
1770560722008,18111507040
1770560723004,18245659406
1770560724004,18380685184
1770560725003,18515446496
1770560726003,18650357528
1770560727003,18785300420
1770560728003,18920207423
1770560729003,19054629808
1770560730003,19189649665
1770560731003,19324269011
1770560732003,19459655993
1770560733003,19594515938
1770560734003,19729245391
1770560735003,19864282216
1770560736003,19999069346
1770560737003,20134057404
1770560738003,20268454826
1770560739003,20402980910
1770560740003,20538223178
1770560741004,20673327935
1770560742003,20807862930
1770560743003,20943025243
1770560744006,21077963984
1770560745003,21212771928
1770560746003,21346947426
1770560747003,21482157835
1770560748003,21616868793
1770560749004,21751962625
1770560750003,21886955260
1770560751004,22021995381
1770560752004,22156720866
1770560753003,22291692200
1770560754003,22426622336
1770560755003,22560643050
1770560756003,22695656864
1770560757003,22817645688
1770560758002,22958135379
1770560759003,23092360500
1770560760002,23227411484
1770560761002,23340854737
1770560762002,23442822066
1770560763002,23551575999
1770560764002,23666070396
1770560765002,23773974233
1770560766002,23879154689
1770560767002,23986242122
1770560768002,24096683673
1770560769002,24234652863
1770560770004,24374204630
1770560771003,24509159851
1770560772004,24644032858
1770560773003,24779130290
1770560774006,24914355286
1770560775003,25048730369
1770560776003,25183705060
1770560777003,25318578616
1770560778003,25453514550
1770560779003,25588403731
1770560780003,25723280095
1770560781003,25858103908
1770560782003,25992849534
1770560783003,26127738593
1770560784004,26262899319
1770560785004,26397914293
1770560786003,26532469796
1770560787003,26667178985
1770560788003,26802397022
1770560789003,26936845287
1770560790004,27072223541
1770560791006,27207079580
1770560792004,27341714184
1770560793003,27476745455
1770560794003,27611616386
1770560795003,27746603345
1770560796002,27881321140
1770560797003,28016094782
1770560798003,28151104446
1770560799013,28287141879
1770560800004,28420511776
1770560801003,28555658525
1770560802004,28690674476
1770560803004,28825821896
1770560804004,28960803789
1770560805003,29095118753
1770560806003,29229870239
1770560807003,29364904317
1770560808008,29499158795
1770560809019,29636054014
1770560810007,29770108968
1770560811003,29904605450
1770560812003,30039293216
1770560813003,30174288537
1770560814003,30308983077
1770560815014,30445623658
1770560816003,30578833583
1770560817003,30713597337
1770560818003,30848518073
1770560819003,30983450650
1770560820008,31118900437
1770560821003,31253230843
1770560822003,31388075102
1770560823003,31522879262
1770560824007,31658451913
1770560825003,31792842255
1770560826003,31927359855
1770560827003,32062114576
1770560828002,32197139682
1770560829003,32332082512
1770560830004,32467010817
1770560831003,32601884739
1770560832003,32736514644
1770560833003,32871468461
1770560834004,33006483496
1770560835003,33141796199
1770560836003,33274813619
1770560837003,33411090553
1770560838003,33545821532
1770560839011,33680644062
1770560840003,33815831094
1770560841003,33950442627
1770560842003,34085759480
1770560843004,34220806376
1770560844003,34355365297
1770560845003,34490561728
1770560846003,34623806626
1770560847003,34759976321
1770560848005,34895177696
1770560849003,35029583602
1770560850003,35164592534
1770560851002,35298892910
1770560852002,35430127377
1770560853002,35551984548
1770560854002,35687601144
1770560855002,35823607021
1770560856002,35957394643
1770560857002,36052195792
1770560858002,36148258046
1770560859002,36241010555
1770560860002,36336509090
1770560861002,36430231994
1770560862002,36523979008
1770560863002,36617917061
1770560864002,36718405939
1770560865002,36820098977
1770560866002,36921891563
1770560867002,37022000743
1770560868002,37150795274
1770560869003,37294614364
1770560870003,37429160101
1770560871003,37564281459
1770560872003,37699184007
1770560873003,37833917671
1770560874003,37969015042
1770560875003,38103758899
1770560876003,38238767525
1770560877003,38373272430
1770560878003,38508438893
1770560879003,38643252269
1770560880003,38778200654
1770560881004,38913432546
1770560882003,39048024670
1770560883003,39182793490
1770560884003,39317566949
1770560885003,39452258560
1770560886006,39587522373
1770560887003,39722299921
1770560888003,39857103837
1770560889003,39992018469
1770560890003,40127130977
1770560891003,40261994524
1770560892003,40396979835
1770560893003,40531290587
1770560894003,40665889791
1770560895003,40801009806
1770560896003,40935781312
1770560897003,41070868552
1770560898004,41205761456
1770560899004,41340621340
1770560900003,41475349328
1770560901003,41610578657
1770560902003,41745043645
1770560903003,41879920680
1770560904003,42014336229
1770560905003,42149321418
1770560906003,42284293302
1770560907003,42419426867
1770560908003,42554314888
1770560909004,42689379362
1770560910003,42821468440
1770560911003,42958457347
1770560912005,43093653840
1770560913007,43228871633
1770560914007,43363542980
1770560915003,43498132602
1770560916005,43632963494
1770560917003,43767716079
1770560918005,43902902073
1770560919003,44037663142
1770560920003,44171843706
1770560921003,44306889381
1770560922004,44442176877
1770560923003,44576902179
1770560924003,44711490030
1770560925003,44846513732
1770560926003,44981589314
1770560927003,45116311320
1770560928003,45251230347
1770560929003,45385811790
1770560930003,45520582014
1770560931008,45655664981
1770560932003,45790464807
1770560933004,45925382980
1770560934003,46059945440
1770560935003,46194903469
1770560936003,46329703050
1770560937003,46464612800
1770560938003,46599352751
1770560939003,46733335196
1770560940003,46869114145
1770560941003,47004086700
1770560942004,47139236439
1770560943003,47274051646
1770560944003,47408629243
1770560945002,47542867059
1770560946003,47678258619
1770560947002,47798588572
1770560948002,47929946451
1770560949002,48063019963
1770560950002,48198140650
1770560951002,48332850266
1770560952002,48428482590
1770560953002,48525838908
1770560954002,48619278427
1770560955002,48714347947
1770560956002,48809079943
1770560957002,48901631281
1770560958002,48997810112
1770560959002,49091780757
1770560960002,49185164002
1770560961002,49283429009
1770560962002,49385173317
1770560963002,49486760764
1770560964002,49586632762
1770560965003,49699356289
1770560966003,49844977315
1770560967003,49981720801
1770560968003,50116478146
1770560969003,50251625933
1770560970003,50386152566
1770560971003,50521179259
1770560972003,50656146870
1770560973002,50790536113
1770560974003,50925038454
1770560975003,51060406272
1770560976003,51195410992
1770560977003,51330385988
1770560978003,51465014123
1770560979003,51600108076
1770560980003,51734969059
1770560981003,51869059414
1770560982003,52004504624
1770560983003,52139118781
1770560984003,52274402493
1770560985003,52409134509
1770560986003,52543982552
1770560987003,52678917387
1770560988003,52813510549
1770560989003,52948584971
1770560990003,53082978548
1770560991003,53218150931
1770560992003,53353052685
1770560993003,53488039644
1770560994003,53622913506
1770560995003,53757768568
1770560996003,53892689243
1770560997003,54027383234
1770560998003,54162314835
1770560999003,54297028540
1770561000003,54431741696
1770561001003,54566532550
1770561002003,54701529885
1770561003003,54836508482
1770561004003,54971322285
1770561005003,55106328226
1770561006003,55241256165
1770561007003,55376151693
1770561008003,55510537397
1770561009003,55645557376
1770561010003,55780058862
1770561011003,55915081649
1770561012002,56049745611
1770561013003,56184948085
1770561014003,56319886704
1770561015003,56454850104
1770561016003,56589497708
1770561017003,56723888050
1770561018003,56859145089
1770561019003,56993597565
1770561020003,57128621938
1770561021003,57263448070
1770561022003,57398423250
1770561023003,57533514029
1770561024003,57668402051
1770561025003,57803310763
1770561026003,57937906182
1770561027003,58072638137
1770561028003,58207468603
1770561029003,58342292415
1770561030003,58477229509
1770561031003,58612339942
1770561032003,58747029111
1770561033003,58881753254
1770561034003,59017009621
1770561035003,59151494689
1770561036003,59286522298
1770561037003,59421150676
1770561038003,59556286927
1770561039003,59691089805
1770561040003,59826230511
1770561041002,59954355000
1770561042003,60072443260
1770561043002,60206059800
1770561044003,60336573809
1770561045002,60462026918
1770561046002,60541301007
1770561047002,60626022287
1770561048002,60707378463
1770561049002,60799010552
1770561050002,60889328497
1770561051002,60974218539
1770561052002,61053135451
1770561053002,61133373039
1770561054002,61211747411
1770561055002,61290533769
1770561056002,61371434624
1770561057002,61450305943
1770561058002,61529250016
1770561059006,61615937294
1770561060002,61712029516
1770561061002,61809332490
1770561062002,61907001246
1770561063002,62004421834
1770561064002,62103235485
1770561065002,62195495442
1770561066003,62315112445
1770561067003,62460054823
1770561068003,62596197602
1770561069003,62731191214
1770561070003,62866080761
1770561071003,63001104830
1770561072003,63136021293
1770561073003,63270684218
1770561074003,63405768650
1770561075003,63540462763
1770561076003,63675263931
1770561077003,63810146765
1770561078003,63944882199
1770561079003,64079963945
1770561080003,64214891883
1770561081002,64349228698
1770561082003,64484329731
1770561083003,64619142496
1770561084003,64753919129
1770561085003,64888991232
1770561086003,65023837627
1770561087003,65158802309
1770561088003,65293811546
1770561089003,65428562666
1770561090003,65561699349
1770561091003,65697969996
1770561092003,65832801133
1770561093003,65967498298
1770561094003,66102485867
1770561095003,66237387560
1770561096003,66372276009
1770561097003,66506987822
1770561098003,66642097950
1770561099004,66776463817
1770561100003,66910992891
1770561101003,67046211601
1770561102003,67180727064
1770561103003,67315697544
1770561104003,67450766351
1770561105003,67585695998
1770561106003,67720548741
1770561107003,67855514277
1770561108003,67989876177
1770561109003,68124798195
1770561110003,68259668577
1770561111003,68394507221
1770561112003,68529251139
1770561113003,68664175415
1770561114003,68799222433
1770561115003,68934183513
1770561116003,69069105165
1770561117003,69203402733
1770561118003,69338489180
1770561119003,69472999516
1770561120003,69607977870
1770561121003,69743074997
1770561122003,69877857306
1770561123003,70012716152
1770561124003,70147684557
1770561125002,70280162245
1770561126003,70417136259
1770561127003,70551796193
1770561128003,70686967539
1770561129003,70821855988
1770561130003,70956669180
1770561131003,71091628429
1770561132003,71226300082
1770561133003,71361472770
1770561134003,71495912306
1770561135003,71630805821
1770561136003,71765892145
1770561137003,71900417191
1770561138003,72035340003
1770561139003,72170557613
1770561140003,72305186724
1770561141003,72440122658
1770561142003,72575031492
1770561143003,72709331197
1770561144002,72844211589
1770561145003,72979476868
1770561146003,73114322226
1770561147003,73249203228
1770561148003,73383999697
1770561149003,73518928795
1770561150003,73653758711
1770561151003,73788782596
1770561152003,73923262477
1770561153003,74058067490
1770561154003,74192650764
1770561155003,74327784757
1770561156003,74462760973
1770561157003,74597546517
1770561158003,74732496428
1770561159002,74857606703
1770561160002,74974454671
1770561161002,75106270312
1770561162002,75234627650
1770561163002,75363980956
1770561164002,75484740352
1770561165002,75564385961
1770561166002,75651856562
1770561167002,75730993628
1770561168002,75822358262
1770561169002,75911670411
1770561170002,76009164852
1770561171002,76107100514
1770561172002,76204063828
1770561173002,76302087564
1770561174002,76399766024
1770561175002,76491079939
1770561176002,76610922466
1770561177003,76755277932
1770561178003,76891695307
1770561179003,77026711624
1770561180003,77161617040
1770561181003,77296641719
1770561182003,77431459367
1770561183002,77565785684
1770561184003,77700957274
1770561185003,77835729206
1770561186003,77970557474
1770561187003,78105528137
1770561188003,78240398947
1770561189003,78375261333
1770561190003,78510230409
1770561191003,78645218040
1770561192003,78779811628
1770561193003,78913725714
1770561194003,79049154811
1770561195003,79183900926
1770561196003,79319226568
1770561197003,79454105251
1770561198003,79588875719
1770561199003,79723776253
1770561200003,79857448518
1770561201003,79993208730
1770561202003,80128142832
1770561203003,80262742463
1770561204003,80397882681
1770561205003,80532715344
1770561206003,80667722567
1770561207003,80802740349
1770561208003,80937510023
1770561209003,81071988805
1770561210003,81207024531
1770561211003,81342011185
1770561212003,81476522742
1770561213003,81611523923
1770561214003,81746351092
1770561215003,81881289956
1770561216003,82016346556
1770561217003,82151251301
1770561218003,82285802714
1770561219003,82420774353
1770561220003,82555564658
1770561221003,82690450238
1770561222003,82825460146
1770561223003,82960115441
1770561224003,83095258344
1770561225003,83230079105
1770561226003,83365105920
1770561227003,83499665756
1770561228003,83634280829
1770561229003,83769134610
1770561230003,83904244494
1770561231003,84039169441
1770561232003,84174108793
1770561233003,84308979786
1770561234003,84443864877
1770561235003,84578829925
1770561236003,84713584097
1770561237003,84848545970
1770561238003,84982973666
1770561239003,85118021049
1770561240003,85252935743
1770561241003,85387706150
1770561242002,85497316770
1770561243002,85625061438
1770561244002,85752388688
1770561245002,85879293087
1770561246002,85960507845
1770561247002,86044000307
1770561248002,86122973494
1770561249002,86209989018
1770561250002,86301176834
1770561251002,86399455757
1770561252002,86498334227
1770561253002,86595478571
1770561254002,86690211666
1770561255002,86786148432
1770561256002,86880174925
1770561257003,86976883783
1770561258003,87122033741
1770561259003,87262439815
1770561260003,87397407853
1770561261003,87532470191
1770561262003,87667349789
1770561263003,87802285723
1770561264003,87936851113
1770561265003,88072113096
1770561266003,88206713765
1770561267003,88341520671
1770561268003,88476379334
1770561269003,88611528891
1770561270003,88746392986
1770561271003,88881202944
1770561272003,89016096581
1770561273004,89150792952
1770561274003,89285702580
1770561275003,89420366237
1770561276003,89555521042
1770561277003,89690430853
1770561278003,89825326809
1770561279003,89959981066
1770561280003,90095142280
1770561281003,90229971586
1770561282003,90364562184
1770561283003,90499302256
1770561284003,90634323090
1770561285003,90769233206
1770561286003,90904029736
1770561287003,91038780001
1770561288003,91173761162
1770561289003,91308845350
1770561290003,91440783733
1770561291003,91578320246
1770561292003,91713040848
1770561293003,91847687293
1770561294003,91982759701
1770561295003,92117616290
1770561296003,92252601906
1770561297003,92387421751
1770561298003,92522204182
1770561299003,92656978312
1770561300003,92792035401
1770561301003,92926796225
1770561302008,93062008830
1770561303003,93196169254
1770561304003,93331109948
1770561305003,93466296003
1770561306003,93600957829
1770561307003,93736175928
1770561308003,93870817368
1770561309003,94005661993
1770561310003,94140364407
1770561311003,94275436571
1770561312003,94410001717
1770561313003,94545147612
1770561314003,94680059254
1770561315003,94814955881
1770561316003,94949924224
1770561317003,95084555227
1770561318003,95219425305
1770561319003,95354127780
1770561320003,95488983880
1770561321003,95624050917
1770561322003,95758901707
1770561323003,95893646418
1770561324003,96028771499
1770561325003,96163679723
1770561326003,96298392269
1770561327003,96432374165
1770561328003,96567698464
1770561329003,96702480102
1770561330003,96837718952
1770561331003,96972579569
1770561332003,97107354492
1770561333003,97242389059
1770561334002,97374554065
1770561335003,97511589603
1770561336003,97646568871
1770561337003,97781288863
1770561338003,97916300969
1770561339003,98051363856
1770561340003,98186343185
1770561341003,98320846137
1770561342003,98456161525
1770561343003,98589168875
1770561344003,98725407723
1770561345003,98860018218
1770561346003,98995164174
1770561347003,99129803844
1770561348003,99264752412
1770561349003,99399966726
1770561350003,99534458020
1770561351002,99644504247
1770561352002,99776028508
1770561353002,99907755771
1770561354002,100038919253
1770561355002,100169855014
1770561356002,100254217774
1770561357002,100339469997
1770561358002,100418399056
1770561359002,100501719277
1770561360002,100593376818
1770561361002,100687577139
1770561362002,100784347704
1770561363002,100876944574
1770561364003,100992654910
1770561365003,101137703794
1770561366003,101274796277
1770561367003,101409482944
1770561368003,101544663751
1770561369003,101679487197
1770561370003,101814283178
1770561371003,101949200679
1770561372002,102083101398
1770561373003,102218909766
1770561374003,102353559934
1770561375003,102488519855
1770561376003,102623406839
1770561377003,102758329223
1770561378003,102893284260
1770561379003,103026475875
1770561380003,103162739747
1770561381003,103297659629
1770561382003,103432178450
1770561383003,103567284854
1770561384003,103702339745
1770561385003,103837020431
1770561386003,103971996953
1770561387003,104106974879
1770561388003,104241342821
1770561389003,104376549628
1770561390003,104511289274
1770561391003,104646143604
1770561392003,104780933420
1770561393003,104915872405
1770561394003,105050828481
1770561395003,105185892222
1770561396003,105318489478
1770561397003,105455421195
1770561398003,105589809218
1770561399003,105724938083
1770561400003,105859743158
1770561401003,105994767959
1770561402003,106129473425
1770561403003,106264581538
1770561404003,106399479142
1770561405003,106534003761
1770561406003,106668888181
1770561407003,106803567402
1770561408003,106938380655
1770561409003,107073251221
1770561410003,107208120321
1770561411003,107343203838
1770561412003,107477972658
1770561413002,107610709989
1770561414003,107747418196
1770561415003,107882015691
1770561416003,108017258448
1770561417003,108152069443
1770561418003,108286905951
1770561419003,108421850063
1770561420003,108556818163
1770561421003,108691687813
1770561422003,108826238677
1770561423003,108960970143
1770561424002,109095591381
1770561425003,109230596040
1770561426003,109365729788
1770561427003,109500606274
1770561428003,109635493929
1770561429003,109770517814
1770561430003,109905328443
1770561431003,110039734166
1770561432003,110174777400
1770561433003,110309238847
1770561434003,110444412268
1770561435003,110579366024
1770561436003,110714281695
1770561437003,110849337929
1770561438003,110983793151
1770561439003,111117576561
1770561440003,111253376262
1770561441003,111387900698
1770561442003,111522877525
1770561443003,111657842939
1770561444003,111792986026
1770561445003,111927790734
1770561446003,112062714400
1770561447003,112197549504
1770561448003,112332107631
1770561449003,112467144029
1770561450003,112601788215
1770561451003,112736964749
1770561452003,112871836230
1770561453003,113006681588
1770561454003,113141743315
1770561455003,113251451591
1770561456003,113382878745
1770561457003,113513396416
1770561458002,113643225552
1770561459002,113769409311
1770561460002,113851170698
1770561461002,113937546392
1770561462002,114016578234
1770561463002,114099591937
1770561464002,114189430574
1770561465002,114283736729
1770561466002,114380342805
1770561467002,114472216532
1770561468002,114583409607
1770561469003,114728563105
1770561470003,114866222238
1770561471003,115001089812
1770561472003,115136211598
1770561473003,115271099192
1770561474003,115405694795
1770561475003,115540690360
1770561476003,115675645519
1770561477003,115809924289
1770561478002,115944880914
1770561479003,116079720474
1770561480003,116214839452
1770561481003,116349696772
1770561482003,116484753800
1770561483003,116617919535
1770561484003,116754048826
1770561485014,116890390457
1770561486003,117023451823
1770561487003,117158500610
1770561488003,117293634969
1770561489003,117428546061
1770561490003,117563432618
1770561491003,117698321738
1770561492003,117833018598
1770561493003,117967795841
1770561494003,118102399561
1770561495003,118237393051
1770561496003,118372297307
1770561497003,118507331141
1770561498003,118642325608
1770561499003,118777114936
1770561500003,118910014986
1770561501003,119046710010
1770561502003,119181622262
1770561503003,119316275543
1770561504008,119451799427
1770561505003,119586216258
1770561506003,119721003633
1770561507003,119855788810
1770561508003,119990907238
1770561509003,120125241611
1770561510003,120260050104
1770561511003,120394987503
1770561512003,120529873754
1770561513003,120664738216
1770561514003,120799374834
1770561515003,120934592628
1770561516003,121069383665
1770561517002,121202309960
1770561518003,121338596110
1770561519003,121473192384
1770561520003,121608413107
1770561521003,121743254437
1770561522004,121878098513
1770561523003,122013145104
1770561524003,122147945418
1770561525003,122282849308
1770561526003,122417381556
1770561527003,122552184495
1770561528003,122686974677
1770561529003,122822196865
1770561530003,122957122973
1770561531003,123091983223
1770561532003,123226788359
1770561533003,123361626332
1770561534003,123496554331
1770561535003,123631200043
1770561536003,123766010001
1770561537003,123900898694
1770561538003,124035782076
1770561539003,124170398126
1770561540003,124305315444
1770561541003,124440418858
1770561542003,124574957088
1770561543003,124708319722
1770561544003,124844825965
1770561545003,124979712033
1770561546003,125114222858
1770561547003,125249145730
1770561548003,125384364623
1770561549003,125519249165
1770561550003,125654194803
1770561551003,125789067627
1770561552003,125923678733
1770561553003,126058309614
1770561554002,126192848271
1770561555003,126327911279
1770561556003,126463071395
1770561557003,126597826787
1770561558003,126732660732
1770561559003,126844904341
1770561560002,126975929945
1770561561002,127103886893
1770561562002,127233525172
1770561563002,127363453062
1770561564002,127444870883
1770561565002,127530323729
1770561566002,127612217806
1770561567002,127700725209
1770561568002,127793791865
1770561569002,127885835514
1770561570002,127979887214
1770561571003,128085316387
1770561572003,128230464087
1770561573003,128368963122
1770561574003,128504245369
1770561575003,128638973661
1770561576003,128774015735
1770561577003,128908909921
1770561578003,129043776275
1770561579003,129178759450
1770561580002,129313396373
1770561581003,129448283052
1770561582002,129583272514
1770561583003,129718044629
1770561584003,129853058017
1770561585003,129988020013
1770561586003,130122916884
1770561587003,130257417150
1770561588003,130392307857
1770561589003,130527166276
1770561590003,130661861427
1770561591003,130797050595
1770561592003,130931962115
1770561593003,131066824258
1770561594003,131201765563
1770561595003,131336689106
1770561596003,131471018169
1770561597003,131606109010
1770561598003,131740821739
1770561599003,131875808881
1770561600003,132010630496
1770561601003,132145513818
1770561602003,132280366195
1770561603003,132415391423
1770561604003,132550441431
1770561605003,132684625902
1770561606003,132819925483
1770561607003,132954495939
1770561608003,133089494678
1770561609003,133224476144
1770561610003,133359480864
1770561611003,133494355397
1770561612003,133629210093
1770561613003,133764145661
1770561614003,133898643912
1770561615003,134033612622
1770561616003,134168393222
1770561617003,134303102228
1770561618003,134438081435
1770561619003,134573184361
1770561620003,134707934199
1770561621003,134842800919
1770561622002,134977410804
1770561623003,135112269040
1770561624003,135247334796
1770561625003,135382224099
1770561626003,135516998595
1770561627003,135651926900
1770561628003,135786816752
1770561629003,135921876221
1770561630003,136056798361
1770561631003,136188521534
1770561632003,136326258975
1770561633002,136460833093
1770561634003,136595638900
1770561635003,136730820683
1770561636003,136865720484
1770561637003,137000585923
1770561638003,137135628424
1770561639003,137270315457
1770561640002,137403435294
1770561641003,137539722665
1770561642002,137674013703
1770561643003,137809663685
1770561644003,137944609934
1770561645003,138079402192
1770561646002,138193037338
1770561647002,138323000567
1770561648003,138451010798
1770561649002,138578591710
1770561650002,138684016611
1770561651002,138767700906
1770561652002,138848761001
1770561653002,138929085258
1770561654002,139015423111
1770561655002,139108513754
1770561656002,139204691364
1770561657002,139297697352
1770561658003,139391481108
1770561659003,139536739647
1770561660003,139677884916
1770561661003,139812741382
1770561662003,139947527963
1770561663003,140082430450
1770561664003,140217544057
1770561665003,140352221691
1770561666003,140486999788
1770561667003,140621673882
1770561668003,140756510878
1770561669003,140891802279
1770561670003,141026694085
1770561671003,141161575820
1770561672003,141296315343
1770561673002,141429090028
1770561674003,141565335101
1770561675003,141700533302
1770561676003,141835413816
1770561677003,141970200581
1770561678003,142105340433
1770561679003,142240160034
1770561680003,142374935873
1770561681003,142510012370
1770561682003,142644376772
1770561683003,142778969384
1770561684003,142914412946
1770561685003,143049284122
1770561686003,143184206384
1770561687003,143318943222
1770561688003,143453897771
1770561689003,143588868861
1770561690003,143722429921
1770561691003,143858085152
1770561692003,143993002531
1770561693003,144127983204
1770561694003,144262806528
1770561695003,144397626556
1770561696003,144532708303
1770561697003,144667623302
1770561698003,144802464021
1770561699003,144936775872
1770561700003,145071456619
1770561701003,145206600804
1770561702003,145341524103
1770561703003,145476339127
1770561704003,145611222998
1770561705003,145745921872
1770561706003,145880897112
1770561707003,146015670632
1770561708003,146150635130
1770561709003,146285204610
1770561710003,146419925762
1770561711003,146554883668
1770561712003,146689748985
1770561713003,146824975262
1770561714003,146959586795
1770561715003,147094791160
1770561716003,147229339827
1770561717003,147363858648
1770561718003,147499072169
1770561719003,147633791307
1770561720003,147768782904
1770561721003,147903782925
1770561722003,148038456652
1770561723003,148173505684
1770561724003,148307785736
1770561725003,148442787160
1770561726002,148577802867
1770561727003,148712524568
1770561728003,148847691641
1770561729003,148982362927
1770561730003,149117492464
1770561731002,149251092525
1770561732003,149387202833
1770561733005,149496185037
1770561734003,149624362688
1770561735002,149755866501
1770561736002,149887219925
1770561737002,150001650235
1770561738002,150083228212
1770561739002,150166944306
1770561740002,150245604750
1770561741002,150331089699
1770561742002,150424076278
1770561743002,150519723616
1770561744002,150613394946
1770561745002,150703032229
1770561746003,150845172917
1770561747003,150987641180
1770561748003,151122532192
1770561749003,151257231738
1770561750003,151392323860
1770561751003,151527016936
1770561752003,151660130242
1770561753003,151796881540
1770561754003,151930838289
1770561755003,152066406973
1770561756003,152201171399
1770561757003,152336259310
1770561758003,152471058403
1770561759003,152605984938
1770561760003,152740933811
1770561761003,152874432798
1770561762003,153010304642
1770561763003,153144864234
1770561764003,153280189205
1770561765003,153414787738
1770561766003,153549911659
1770561767003,153684743284
1770561768003,153819805866
1770561769003,153954331034
1770561770003,154089231812
1770561771003,154223900229
1770561772003,154358746259
1770561773003,154493723879
1770561774003,154628562951
1770561775003,154763531355
1770561776003,154898307988
1770561777003,155033361597
1770561778003,155168193344
1770561779003,155302622260
1770561780003,155437664334
1770561781003,155572533434
1770561782003,155707241097
1770561783003,155842336272
1770561784003,155977024525
1770561785003,156111952830
1770561786003,156246766877
1770561787003,156381924856
1770561788003,156516370923
1770561789003,156651200656
1770561790003,156785856744
1770561791003,156921052931
1770561792003,157055910496
1770561793003,157190745234
1770561794003,157325697037
1770561795003,157460616003
1770561796003,157595576290
1770561797003,157730149676
1770561798003,157865091408
1770561799003,157999822936
1770561800003,158134690755
1770561801003,158269426311
1770561802003,158404534852
1770561803003,158539421957
1770561804003,158674185101
1770561805003,158809192812
1770561806003,158943669946
1770561807003,159078269333
1770561808003,159213121282
1770561809003,159347910610
1770561810003,159482788073
1770561811003,159617835639
1770561812003,159752555448
1770561813003,159887619983
1770561814003,160022795174
1770561815003,160156826325
1770561816003,160292003958
1770561817002,160399483297
1770561818002,160529688164
1770561819002,160659319057
1770561820002,160791413812
1770561821002,160872416351
1770561822002,160956958920
1770561823002,161036470741
1770561824002,161120505743
1770561825002,161213899242
1770561826002,161308291395
1770561827002,161403599989
1770561828002,161495148705
1770561829003,161629718367
1770561830003,161773286054
1770561831003,161908068973
1770561832003,162042932275
1770561833003,162177748337
1770561834003,162312848882
1770561835003,162447774379
1770561836003,162582611741
1770561837002,162715314526
1770561838003,162851985136
1770561839003,162986894581
1770561840003,163121565012
1770561841003,163256641388
1770561842003,163391634145
1770561843003,163526503246
1770561844003,163658870644
1770561845003,163796007377
1770561846005,163931101941
1770561847003,164065502354
1770561848003,164200485346
1770561849003,164335610610
1770561850003,164470380346
1770561851003,164605330196
1770561852003,164740310441
1770561853003,164873774333
1770561854003,165009527586
1770561855003,165144504902
1770561856003,165279543497
1770561857003,165414555419
1770561858003,165549218771
1770561859003,165684262980
1770561860003,165819227357
1770561861003,165954069175
1770561862003,166088631452
1770561863003,166223096440
1770561864003,166358129969
1770561865003,166493187728
1770561866003,166627974066
1770561867003,166762745327
1770561868003,166897663622
1770561869003,167032678108
1770561870003,167167472135
1770561871003,167302038685
1770561872003,167437000071
1770561873003,167571971771
1770561874003,167706846609
1770561875003,167841820873
1770561876003,167976606111
1770561877003,168111563407
1770561878003,168246469678
1770561879003,168381384128
1770561880003,168515939630
1770561881003,168650704666
1770561882003,168785474951
1770561883003,168920623531
1770561884003,169055540666
1770561885003,169190030739
1770561886003,169325290097
1770561887003,169460229022
1770561888003,169595061807
1770561889003,169729391480
1770561890003,169864332113
1770561891002,169999296551
1770561892003,170133935488
1770561893003,170269095237
1770561894003,170403739424
1770561895003,170538945865
1770561896003,170673594995
1770561897003,170808464706
1770561898003,170942580269
1770561899003,171077789578
1770561900003,171185063779
1770561901002,171317146571
1770561902002,171449078911
1770561903002,171579498438
1770561904002,171668273968
1770561905002,171751865856
1770561906002,171832398120
1770561907002,171914837789
1770561908002,172006159150
1770561909002,172099262366
1770561910002,172194401283
1770561911002,172285303089
1770561912002,172411560029
1770561913003,172556593837
1770561914003,172691765732
1770561915003,172826571845
1770561916003,172961722194
1770561917003,173096590318
1770561918003,173231535346
1770561919003,173366229521
1770561920003,173500985829
1770561921003,173635709727
1770561922003,173770681732
1770561923003,173905643850
1770561924003,174040658824
1770561925003,174175540803
1770561926003,174310473746
1770561927003,174441870749
1770561928003,174579547765
1770561929002,174714621210
1770561930003,174849260941
1770561931003,174984178504
1770561932003,175119111996
1770561933003,175254249529
1770561934003,175388937050
1770561935003,175524046506
1770561936003,175658431599
1770561937003,175793507609
1770561938003,175928396301
1770561939003,176063223593
1770561940003,176197841351
1770561941003,176333038637
1770561942003,176467845787
1770561943003,176602926252
1770561944003,176737722354
1770561945003,176872015468
1770561946003,177007251389
1770561947003,177142151861
1770561948003,177276929409
1770561949003,177411670641
1770561950003,177546569954
1770561951003,177681496184
1770561952003,177816729053
1770561953003,177951404062
1770561954003,178086012970
1770561955003,178220670829
1770561956003,178355958507
1770561957003,178490529574
1770561958003,178625708305
1770561959003,178760566724
1770561960003,178895436374
1770561961003,179030257440
1770561962003,179165311904
1770561963003,179299899206
1770561964003,179434709225
1770561965003,179569616777
1770561966003,179704268532
1770561967003,179839418577
1770561968003,179974303119
1770561969003,180109303384
1770561970003,180244130920
1770561971003,180379120137
1770561972003,180513929545
1770561973003,180648522462
1770561974003,180782908837
1770561975002,180898729097
1770561976002,181029134159
1770561977002,181161070100
1770561978002,181262904435
1770561979002,181348557169
1770561980002,181428620502
1770561981002,181512209216
1770561982002,181602397340
1770561983002,181696922183
1770561984002,181792143131
1770561985002,181882862564
1770561986003,182001424394
1770561987003,182146366650
1770561988003,182282983427
1770561989003,182418039661
1770561990003,182552751047
1770561991003,182687835723
1770561992003,182822496084
1770561993003,182957271679
1770561994003,183092436616
1770561995003,183227088676
1770561996003,183362031385
1770561997003,183496774570
1770561998003,183631826227
1770561999003,183766681045
1770562000003,183901537633
1770562001003,184036537349
1770562002003,184171195390
1770562003003,184306122962
1770562004003,184440909727
1770562005003,184575756916
1770562006003,184710520242
1770562007003,184845322265
1770562008003,184980260580
1770562009003,185115441752
1770562010003,185250313111
1770562011003,185384762779
1770562012003,185519796247
1770562013003,185654600040
1770562014003,185789539819
1770562015003,185924446761
1770562016003,186059232976
1770562017005,186194251551
1770562018003,186329139329
1770562019003,186463813728
1770562020003,186598317717
1770562021003,186733338123
1770562022003,186868178964
1770562023003,187003155853
1770562024003,187137951284
1770562025003,187272885814
1770562026003,187407976228
1770562027003,187542922110
1770562028003,187677620007
1770562029003,187812044285
1770562030003,187947242852
1770562031003,188081830643
1770562032003,188216788183
1770562033003,188351673519
1770562034003,188486638017
1770562035003,188621512916
1770562036003,188756388303
1770562037003,188891303851
1770562038003,189025633219
1770562039003,189160771057
1770562040003,189295841023
1770562041003,189430350567
1770562042003,189565380189
1770562043003,189700202659
1770562044003,189835295392
1770562045003,189970133365
1770562046003,190104914392
1770562047003,190239542282
1770562048003,190374387823
1770562049003,190509394863
1770562050003,190644248704
1770562051003,190778996467
1770562052003,190913927518
1770562053003,191048781787
1770562054003,191183702707
1770562055003,191318744109
1770562056003,191453437734
1770562057003,191588177501
1770562058003,191722909761
1770562059003,191857971183
1770562060003,191992521742
1770562061003,192127639865
1770562062003,192262720269
1770562063003,192395606526
1770562064003,192532160070
1770562065002,192654165434
1770562066002,192776009238
1770562067003,192907597463
1770562068002,193038727377
1770562069002,193162389108
1770562070002,193241185904
1770562071002,193327452285
1770562072002,193409018116
1770562073002,193498557010
1770562074002,193591560922
1770562075002,193684593399
1770562076002,193778763141
1770562077002,193889596231
1770562078003,194034300695
1770562079003,194172227649
1770562080003,194306875436
1770562081003,194441920684
1770562082003,194576902760
1770562083003,194711955942
1770562084003,194846647614
1770562085003,194981367850
1770562086003,195116328198
1770562087003,195250829685
1770562088003,195385803094
1770562089003,195520886794
1770562090003,195655779393
1770562091003,195790830744
1770562092003,195925437028
1770562093003,196060307959
1770562094003,196195268795
1770562095003,196329905353
1770562096003,196464630594
1770562097003,196599572143
1770562098003,196734537495
1770562099003,196869432292
1770562100003,197004333741
1770562101003,197139406820
1770562102003,197273921552
1770562103003,197408588199
1770562104003,197543756554
1770562105003,197678324935
1770562106003,197813423222
1770562107003,197948331385
1770562108003,198083288559
1770562109003,198218021125
1770562110003,198353003445
1770562111003,198487632434
1770562112003,198622549813
1770562113003,198757007049
1770562114003,198892100454
1770562115004,199026985057
1770562116003,199161665254
1770562117003,199296763724
1770562118003,199431730054
1770562119003,199566399387
1770562120003,199700688960
1770562121003,199835898880
1770562122003,199970765295
1770562123003,200105474728
1770562124003,200240567094
1770562125004,200375432289
1770562126003,200510093077
1770562127003,200645141437
1770562128003,200780105386
1770562129003,200914656555
1770562130003,201049333762
1770562131003,201184077069
1770562132003,201319083864
1770562133003,201454009483
1770562134003,201588833601
1770562135003,201723797428
1770562136003,201858715418
1770562137003,201993555221
1770562138003,202127254647
1770562139003,202262805814
1770562140003,202397188221
1770562141003,202532481149
1770562142003,202667387176
1770562143003,202802574085
1770562144003,202937444773
1770562145003,203072400604
1770562146003,203207384817
1770562147003,203340436478
1770562148003,203476924349
1770562149003,203611707451
1770562150003,203746168655
1770562151003,203881207127
1770562152003,204016226557
1770562153003,204151062821
1770562154003,204286132848
1770562155003,204420661068
1770562156003,204550166901
1770562157002,204663634140
1770562158002,204795264358
1770562159002,204926873029
1770562160002,205058952953
1770562161002,205141400984
1770562162002,205226597848
1770562163002,205307898970
1770562164002,205396044802
1770562165002,205488406382
1770562166002,205582264906
1770562167002,205676686967
1770562168003,205776511662
1770562169003,205921818602
1770562170003,206061454109
1770562171003,206196561918
1770562172003,206331520862
1770562173003,206466297799
1770562174003,206601419280
1770562175003,206735954153
1770562176003,206870883617
1770562177003,207004294103
1770562178003,207140632926
1770562179003,207275534802
1770562180003,207410182346
1770562181003,207545232171
1770562182003,207680218764
1770562183003,207814980321
1770562184003,207947800721
1770562185003,208084746415
1770562186003,208219621802
1770562187003,208354439389
1770562188003,208489385150
1770562189003,208624172280
1770562190003,208758839294
1770562191003,208893935383
1770562192003,209028771952
1770562193003,209163696717
1770562194003,209298291648
1770562195003,209433001081
1770562196003,209567953250
1770562197003,209702822717
1770562198003,209837776107
1770562199003,209972612615
1770562200003,210107719263
1770562201003,210242685349
1770562202003,210377376105
1770562203004,210512151456
1770562204003,210646869556
1770562205003,210781627389
1770562206003,210916481536
1770562207003,211051356740
1770562208003,211186327220
1770562209003,211321026948
1770562210003,211455961356
1770562211003,211591109997
1770562212003,211725478245
1770562213003,211860111506
1770562214003,211995254531
1770562215003,212129919104
1770562216002,212264863460
1770562217003,212399671892
1770562218003,212534492592
1770562219003,212669495481
1770562220003,212804632770
1770562221003,212939016154
1770562222003,213073806458
1770562223003,213208388572
1770562224003,213343458722
1770562225003,213478393191
1770562226003,213613205407
1770562227003,213748137617
1770562228003,213883232242
1770562229003,214018078699
1770562230003,214150362113
1770562231003,214287488776
1770562232003,214422235013
1770562233002,214556918506
1770562234003,214691889047
1770562235003,214826703338
1770562236003,214961736073
1770562237003,215096629221
1770562238003,215231680511
1770562239003,215366700063
1770562240003,215501247326
1770562241003,215636319612
1770562242003,215771244071
1770562243002,215897056066
1770562244002,216016740025
1770562245002,216148680483
1770562246002,216277030435
1770562247002,216395653056
1770562248002,216476625811
1770562249002,216560621384
1770562250002,216639633511
1770562251002,216727200242
1770562252002,216821248219
1770562253002,216914271968
1770562254002,217009088376
1770562255003,217101175847
1770562256003,217246446838
1770562257003,217387899112
1770562258003,217522558375
1770562259003,217657659958
1770562260003,217792516668
1770562261003,217927344997
1770562262003,218062396714
1770562263002,218196857064
1770562264003,218330178683
1770562265003,218466514027
1770562266003,218601419504
1770562267003,218736276764
1770562268003,218871237295
1770562269003,219006197948
1770562270003,219141128450
1770562271003,219275274103
1770562272003,219410358474
1770562273003,219545326939
1770562274003,219680402338
1770562275003,219815300064
1770562276003,219950217931
1770562277003,220084978817
1770562278003,220219636675
1770562279003,220354874122
1770562280003,220489413023
1770562281003,220624204487
1770562282003,220758966105
1770562283003,220893763734
1770562284003,221028615866
1770562285003,221163566083
1770562286003,221298574831
1770562287003,221433440147
1770562288003,221568342817
1770562289003,221702870183
1770562290003,221837763331
1770562291003,221972529893
1770562292003,222107650519
1770562293003,222242569912
1770562294003,222377283251
1770562295003,222512156929
1770562296003,222647086272
1770562297003,222782053577
1770562298003,222916524608
1770562299003,223051651276
1770562300003,223186613943
1770562301003,223321158276
1770562302003,223456076083
1770562303003,223591116142
1770562304003,223725935682
1770562305003,223860969028
1770562306003,223995913934
1770562307003,224130090226
1770562308003,224265139930
1770562309003,224400141110
1770562310003,224534748126
1770562311003,224669699929
1770562312003,224804872312
1770562313003,224939605366
1770562314003,225074375529
1770562315003,225209358215
1770562316003,225343808921
1770562317003,225478683820
1770562318003,225613907412
1770562319003,225748427880
1770562320003,225883378951
1770562321003,226018320256
1770562322003,226153370020
1770562323003,226288239914
1770562324003,226423061346
1770562325003,226557566861
1770562326003,226692652941
1770562327003,226827094797
1770562328003,226962443144
1770562329002,227097180348
1770562330003,227232144114
1770562331003,227366949372
1770562332003,227502019766
1770562333003,227636812634
1770562334003,227771586092
1770562335003,227906147088
1770562336003,228040743423
1770562337003,228175736425
1770562338003,228310629817
1770562339003,228445860001
1770562340003,228580630042
1770562341003,228715511776
1770562342003,228850558916
1770562343003,228985080727
1770562344003,229120032897
1770562345003,229254789632
1770562346003,229389871866
1770562347003,229524747131
1770562348003,229659617697
1770562349002,229771025187
1770562350002,229897941855
1770562351002,230028747428
1770562352002,230161311664
1770562353002,230288444151
1770562354002,230369862400
1770562355002,230454737549
1770562356002,230534552347
1770562357002,230618623482
1770562358002,230711527907
1770562359002,230805408892
1770562360002,230901171586
1770562361002,230991207244
1770562362003,231129303204
1770562363003,231272211530
1770562364003,231407383547
1770562365003,231542228173
1770562366003,231677153120
1770562367003,231812017887
1770562368003,231944873565
1770562369003,232081844711
1770562370003,232216444159
1770562371003,232351068631
1770562372003,232486142748
1770562373003,232620862130
1770562374003,232755920561
1770562375003,232890934681
1770562376003,233025819773
1770562377003,233160519806
1770562378003,233295273062
1770562379003,233430334240
1770562380003,233564748325
1770562381003,233699764886
1770562382003,233834621474
1770562383003,233969411534
1770562384003,234104435175
1770562385003,234239569717
1770562386003,234373910377
1770562387003,234508747739
1770562388003,234643591876
1770562389003,234778480752
1770562390003,234913361571
1770562391003,235048573994
1770562392003,235183443094
1770562393003,235318413086
1770562394002,235451157985
1770562395003,235587584028
1770562396003,235722616092
1770562397003,235857392419
1770562398003,235992177169
1770562399003,236127065984
1770562400003,236262200037
1770562401003,236397040329
1770562402003,236531924567
1770562403003,236666224821
1770562404003,236801350146
1770562405003,236935880564
1770562406003,237070996795
1770562407003,237205749746
1770562408003,237340883860
1770562409003,237475709077
1770562410003,237610683157
1770562411003,237745500500
1770562412003,237879839329
1770562413003,238014631403
1770562414003,238149226640
1770562415003,238284500280
1770562416003,238419374630
1770562417003,238554139971
1770562418003,238689275733
1770562419003,238823960447
1770562420003,238958796283
1770562421003,239093325358
1770562422003,239228170228
1770562423003,239362835960
1770562424003,239497741132
1770562425003,239632637027
1770562426003,239767523827
1770562427003,239902760053
1770562428003,240037516422
1770562429002,240170080231
1770562430003,240306837693
1770562431003,240441769538
1770562432003,240576257780
1770562433003,240711456103
1770562434003,240846320504
1770562435003,240981300627
1770562436003,241116213429
1770562437003,241251138071
1770562438003,241385869111
1770562439003,241520636039
1770562440002,241627951377
1770562441002,241758497246
1770562442002,241889616356
1770562443002,242021280326
1770562444002,242132726757
1770562445002,242213421130
1770562446002,242296372944
1770562447002,242379557851
1770562448002,242471132446
1770562449002,242564531132
1770562450002,242658691353
1770562451002,242751215469
1770562452003,242877177915
1770562453003,243021564935
1770562454003,243157021315
1770562455003,243291815586
1770562456003,243426868646
1770562457003,243561841812
1770562458003,243696488806
1770562459003,243831586666
1770562460003,243966188005
1770562461003,244100858925
1770562462003,244235945372
1770562463003,244370789936
1770562464003,244505918008
1770562465003,244640680236
1770562466004,244775773579
1770562467002,244908146410
1770562468003,245045038820
1770562469004,245180124473
1770562470003,245314765059
1770562471003,245449519047
1770562472003,245584559717
1770562473003,245719448471
1770562474003,245854420293
1770562475003,245989309108
1770562476003,246123629809
1770562477003,246258324411
1770562478002,246393121185
1770562479003,246528079335
1770562480003,246662973826
1770562481003,246797936188
1770562482003,246932967825
1770562483003,247067637890
1770562484003,247202664278
1770562485003,247337031000
1770562486009,247471783584
1770562487003,247606737096
1770562488003,247741640987
1770562489003,247876527177
1770562490003,248011527320
1770562491003,248146551449
1770562492003,248281473162
1770562493003,248416318886
1770562494003,248550695556
1770562495003,248685777181
1770562496003,248820412517
1770562497003,248955352601
1770562498003,249090179222
1770562499003,249224971845
1770562500003,249359948428
1770562501003,249495115380
1770562502002,249628863572
1770562503003,249764079474
1770562504003,249898865018
1770562505003,250034130235
1770562506003,250169031867
1770562507003,250303919278
1770562508003,250438835254
1770562509003,250573700021
1770562510003,250708656829
1770562511003,250841091548
1770562512003,250977975048
1770562513003,251112363986
1770562514003,251247244500
1770562515003,251382422804
1770562516003,251517367649
1770562517003,251652006037
1770562518003,251786946305
1770562519003,251921954809
1770562520003,252056575131
1770562521003,252191459979
1770562522003,252326599586
1770562523003,252461087889
1770562524003,252596044453
1770562525003,252731156290
1770562526003,252865993347
1770562527003,253000949850
1770562528003,253135861492
1770562529003,253270385134
1770562530003,253405232872
1770562531002,253540029524
1770562532003,253674855473
1770562533003,253809964075
1770562534003,253944867904
1770562535003,254079653936
1770562536003,254214702663
1770562537003,254349666856
1770562538003,254484072029
1770562539003,254619071257
1770562540003,254753698353
1770562541003,254888823618
1770562542003,255023690216
1770562543003,255158477713
1770562544003,255293132092
1770562545002,255412410839
1770562546002,255535089847
1770562547002,255666492159
1770562548002,255798458252
1770562549002,255926434670
1770562550002,256037776731
1770562551002,256119348483
1770562552002,256204345030
1770562553002,256287862517
1770562554002,256378305400
1770562555002,256470607898
1770562556002,256565870960
1770562557002,256657835202
1770562558003,256775733155
1770562559003,256920959590
1770562560003,257057404065
1770562561003,257192216769
1770562562003,257327250969
1770562563003,257462159742
1770562564003,257597090671
1770562565003,257731742304
1770562566003,257866493302
1770562567003,258001482519
1770562568003,258136126523
1770562569003,258271063006
1770562570003,258406030007
1770562571003,258540926573
1770562572003,258675959552
1770562573003,258811076333
1770562574003,258945542175
1770562575003,259080477926
1770562576003,259214988324
1770562577003,259349867984
1770562578003,259485041099
1770562579003,259619894636
1770562580003,259754814151
1770562581003,259889749597
1770562582002,260024064805
1770562583003,260159113593
1770562584003,260292992034
1770562585003,260428562305
1770562586003,260563476693
1770562587003,260698387053
1770562588003,260833526051
1770562589003,260968241282
1770562590003,261103229523
1770562591003,261236077632
1770562592003,261372591016
1770562593003,261507082676
1770562594003,261642209283
1770562595003,261777218032
1770562596003,261912082738
1770562597003,262046970576
1770562598003,38364708
1770562599003,173371687
1770562600003,306907173
1770562601003,442709437
1770562602003,577464586
1770562603003,712582648
1770562604003,847463101
1770562605003,982260852
1770562606003,1117022958
1770562607003,1252116301
1770562608003,1387031605
1770562609003,1521514354
1770562610003,1656293977
1770562611003,1791141593
1770562612003,1926014051
1770562613003,2061013522
1770562614003,2195771539
1770562615003,2330656387
1770562616003,2465594090
1770562617003,2600602290
1770562618003,2734863604
1770562619003,2869919288
1770562620003,3004835386
1770562621003,3139511738
1770562622003,3274465250
1770562623003,3409444396
1770562624003,3544514058
1770562625003,3679230022
1770562626003,3814068360
1770562627003,3948419762
1770562628003,4083291426
1770562629002,4190362502
1770562630002,4316444882
1770562631002,4447899440
1770562632002,4578349180
1770562633002,4672547669
1770562634002,4756182038
1770562635002,4835192638
1770562636002,4917645552
1770562637002,5006507813
1770562638002,5100096379
1770562639002,5196078311
1770562640002,5288469737
1770562641003,5395231061
1770562642003,5540434913
1770562643003,5678899036
1770562644003,5814051522
1770562645003,5948859282
1770562646003,6083810597
1770562647003,6218590586
1770562648003,6353290559
1770562649003,6488567068
1770562650003,6623031628
1770562651003,6758209017
1770562652003,6892981133
1770562653003,7027677443
1770562654003,7162698826
1770562655003,7297840875
1770562656003,7432611282
1770562657003,7566892799
1770562658003,7702122921
1770562659003,7836581561
1770562660003,7971423868
1770562661003,8106406066
1770562662003,8241468342
1770562663003,8376336649
1770562664003,8511250061
1770562665003,8646112387
1770562666003,8780852520
1770562667003,8915414554
1770562668003,9050471520
1770562669003,9185221663
1770562670003,9320126408
1770562671003,9454979213
1770562672003,9589989243
1770562673003,9724922674
1770562674003,9859878933
1770562675003,9994448413
1770562676003,10129258737
1770562677003,10263821869
1770562678003,10398836538
1770562679003,10533539867
1770562680003,10668855988
1770562681003,10803721976
1770562682003,10938633618
1770562683003,11073580416
1770562684003,11207775995
1770562685003,11343055312
1770562686003,11477335486
1770562687003,11612412532
1770562688003,11747356523
1770562689003,11882432532
1770562690003,12017396420
1770562691003,12152374956
1770562692003,12287043069
1770562693003,12421866515
1770562694003,12556625813
1770562695003,12691245220
1770562696003,12826103273
1770562697003,12961055991
1770562698003,13096071027
1770562699003,13231076296
1770562700003,13365957055
1770562701002,13500599776
1770562702003,13635371526
1770562703003,13770329921
1770562704003,13904995470
1770562705003,14039843696
1770562706003,14174725004
1770562707003,14309710132
1770562708003,14444604684
1770562709003,14579499785
1770562710002,14711586422
1770562711003,14848755077
1770562712003,14984010591
1770562713003,15118581108
1770562714003,15253706738
1770562715003,15388388034
1770562716003,15523480950
1770562717003,15658351394
1770562718003,15793378208
1770562719003,15926197571
1770562720003,16062851518
1770562721002,16197301552
1770562722003,16332297544
1770562723003,16467381000
1770562724003,16602291421
1770562725003,16735773684
1770562726003,16871909566
1770562727003,16982358380
1770562728003,17112819655
1770562729002,17246743079
1770562730002,17379149417
1770562731002,17487457002
1770562732002,17569751102
1770562733002,17651464028
1770562734002,17731857072
1770562735002,17822104765
1770562736002,17902731451
1770562737002,17981777819
1770562738002,18060161163
1770562739002,18139147838
1770562740002,18217032282
1770562741002,18295687965
1770562742002,18374200764
1770562743002,18455709650
1770562744002,18535566684
1770562745002,18614061356
1770562746002,18704945401
1770562747002,18802116356
1770562748002,18897077416
1770562749002,18993417990
1770562750002,19090558305
1770562751002,19188466380
1770562752002,19280603656
1770562753003,19401297866
1770562754003,19546318796
1770562755003,19682220487
1770562756003,19817061328
1770562757003,19951930551
1770562758003,20087048003
1770562759003,20222024586
1770562760003,20356666636
1770562761003,20491700348
1770562762003,20626491019
1770562763003,20761455883
1770562764003,20895917575
1770562765003,21030911675
1770562766003,21165969435
1770562767003,21300946568
1770562768003,21435988641
1770562769003,21570365739
1770562770004,21705267981
1770562771003,21839595823
1770562772003,21974652729
1770562773003,22109775369
1770562774003,22244585387
1770562775003,22379421346
1770562776003,22514332682
1770562777003,22649222047
1770562778003,22783722435
1770562779002,22918713910
1770562780003,23053463810
1770562781003,23187984705
1770562782003,23322990524
1770562783003,23458107488
1770562784003,23592770596
1770562785003,23727957383
1770562786003,23862842536
1770562787003,23996942412
1770562788003,24131859792
1770562789003,24266912791
1770562790003,24401784638
1770562791003,24536307243
1770562792003,24671443188
1770562793003,24806360506
1770562794003,24941398430
1770562795003,25076253065
1770562796003,25210957493
1770562797003,25345735163
1770562798002,25480294938
1770562799003,25615204322
1770562800003,25750123044
1770562801003,25885312700
1770562802003,26020198952
1770562803003,26155038328
1770562804003,26289953327
1770562805003,26423415998
1770562806003,26559218751
1770562807003,26694163413
1770562808003,26829017132
1770562809003,26963838443
1770562810003,27098879174
1770562811003,27233802290
1770562812003,27368757633
1770562813003,27503512964
1770562814003,27635506584
1770562815003,27772883735
1770562816003,27906891082
1770562817003,28042750537
1770562818003,28177585396
1770562819003,28312604826
1770562820003,28447437428
1770562821003,28582229075
1770562822003,28717339508
1770562823003,28852236868
1770562824003,28986920239
1770562825003,29121588046
1770562826003,29256546257
1770562827003,29391390944
1770562828003,29526218113
1770562829003,29661340814
1770562830003,29796062515
1770562831003,29931202184
1770562832003,30065834408
1770562833002,30200217670
1770562834002,30335053140
1770562835003,30470262388
1770562836003,30605217976
1770562837003,30740014689
1770562838003,30874917175
1770562839003,31009920004
1770562840003,31144643536
1770562841003,31279731019
1770562842003,31414444725
1770562843003,31548983504
1770562844002,31682575020
1770562845002,31798058672
1770562846002,31930408858
1770562847002,32062877452
1770562848002,32195134560
1770562849002,32293955046
1770562850002,32378883601
1770562851002,32462071987
1770562852002,32547356131
1770562853002,32640189695
1770562854002,32733127445
1770562855002,32829617066
1770562856002,32920760510
1770562857002,33049877245
1770562858003,33194504621
1770562859003,33329380008
1770562860003,33464276391
1770562861003,33599296309
1770562862003,33734040593
1770562863003,33869252466
1770562864003,34003717149
1770562865003,34136789928
1770562866003,34273293546
1770562867003,34408228931
1770562868003,34543313058
1770562869003,34678073638
1770562870003,34813112599
1770562871003,34948041209
1770562872003,35080855810
1770562873003,35217350883
1770562874003,35352059889
1770562875003,35487198459
1770562876003,35622098382
1770562877003,35756940383
1770562878003,35891874486
1770562879003,36026767146
1770562880003,36161727372
1770562881003,36296026466
1770562882003,36431231625
1770562883002,36565868305
1770562884003,36700855630
1770562885003,36835515808
1770562886003,36970501424
1770562887003,37105558635
1770562888003,37240456299
1770562889003,37375335105
1770562890003,37509669844
1770562891003,37644736209
1770562892003,37779478723
1770562893003,37914361496
1770562894003,38049222906
1770562895003,38184451075
1770562896003,38319284836
1770562897003,38454258917
1770562898003,38589125210
1770562899003,38723522510
1770562900003,38858164194
1770562901003,38993159088
1770562902003,39127953115
1770562903003,39263036693
1770562904003,39397766023
1770562905003,39532788261
1770562906003,39667801221
1770562907003,39798933148
1770562908003,39936709590
1770562909003,40071029070
1770562910003,40206487647
1770562911003,40341449887
1770562912003,40476409197
1770562913003,40611348976
1770562914003,40746274961
1770562915003,40881219257
1770562916003,41014155135
1770562917003,41150698975
1770562918003,41285436301
1770562919003,41420507549
1770562920003,41555370119
1770562921003,41690068871
1770562922003,41825171857
1770562923003,41959797245
1770562924003,42094980615
1770562925003,42229433762
1770562926003,42364195502
1770562927004,42499130276
1770562928003,42633860461
1770562929003,42768917610
1770562930003,42903692839
1770562931003,43038640309
1770562932003,43173500803
1770562933003,43308464142
1770562934003,43443004813
1770562935003,43577763135
1770562936008,43713204744
1770562937003,43847391900
1770562938003,43982152236
1770562939003,44117410557
1770562940003,44252161372
1770562941003,44386968888
1770562942003,44522162390
1770562943003,44656735348
1770562944003,44791585040
1770562945003,44926462136
1770562946003,45061320860
1770562947003,45196174702
1770562948003,45331123942
1770562949003,45466031189
1770562950003,45600957968
1770562951003,45735887981
1770562952003,45870487307
1770562953003,46004321376
1770562954003,46140065841
1770562955003,46275162480
1770562956003,46410162744
1770562957003,46545045517
1770562958003,46679516730
1770562959002,46793690571
1770562960002,46923803336
1770562961002,47052714871
1770562962003,47184706965
1770562963002,47316128015
1770562964002,47428894633
1770562965002,47509330646
1770562966002,47593927719
1770562967002,47672814846
1770562968002,47757204523
1770562969002,47850803649
1770562970002,47945737549
1770562971002,48040594667
1770562972002,48131853588
1770562973003,48259990772
1770562974003,48405058150
1770562975003,48539967595
1770562976003,48674888209
1770562977003,48809770310
1770562978003,48944498786
1770562979003,49079650967
1770562980003,49214243640
1770562981003,49349258492
1770562982003,49483723663
1770562983003,49618666127
1770562984003,49753426708
1770562985003,49888545075
1770562986003,50023162040
1770562987003,50158306775
1770562988003,50293282015
1770562989003,50427785272
1770562990003,50562521926
1770562991003,50697503453
1770562992003,50832353206
1770562993003,50967338090
1770562994003,51101904212
1770562995003,51236955991
1770562996003,51371774005
1770562997003,51506749429
1770562998003,51641105408
1770562999003,51776118551
1770563000003,51910930767
1770563001003,52045646792
1770563002003,52180753196
1770563003003,52315903302
1770563004003,52450538577
1770563005003,52585545983
1770563006003,52720397750
1770563007003,52854887396
1770563008003,52989836330
1770563009003,53124665025
1770563010003,53259560432
1770563011003,53394491178
1770563012003,53529588732
1770563013003,53664182687
1770563014003,53799225310
1770563015003,53934309071
1770563016003,54068709484
1770563017003,54203443819
1770563018003,54338196831
1770563019003,54473022413
1770563020003,54608028293
1770563021003,54742943536
1770563022003,54877993240
1770563023003,55012922948
1770563024003,55147714595
1770563025003,55282221758
1770563026003,55417126686
1770563027003,55551903135
1770563028003,55686606221
1770563029003,55821582743
1770563030003,55956414673
1770563031003,56091494283
1770563032003,56226438457
1770563033003,56361234254
1770563034003,56495658593
1770563035003,56630551253
1770563036003,56765085943
1770563037003,56899972927
1770563038003,57035007249
1770563039005,57170224676
1770563040003,57304711942
1770563041003,57439766772
1770563042003,57574577218
1770563043003,57709116424
1770563044003,57844225575
1770563045003,57979066722
1770563046003,58113879243
1770563047003,58248614982
1770563048003,58383696911
1770563049003,58518681917
1770563050003,58653699638
1770563051003,58788400465
1770563052003,58923398289
1770563053002,59031280703
1770563054002,59162181002
1770563055003,59294088929
1770563056002,59426084807
1770563057002,59519031346
1770563058002,59605486203
1770563059002,59686255039
1770563060002,59769046942
1770563061002,59859243488
1770563062002,59953789694
1770563063002,60049949115
1770563064002,60141269255
1770563065003,60256838600
1770563066002,60401692050
1770563067003,60538854297
1770563068003,60673956246
1770563069003,60808849516
1770563070003,60943784169
1770563071003,61078814951
1770563072003,61213527375
1770563073003,61346888239
1770563074003,61482780591
1770563075003,61617992465
1770563076003,61752639093
1770563077003,61887647170
1770563078003,62022618809
1770563079003,62157618952
1770563080003,62291245258
1770563081003,62427013221
1770563082003,62561995236
1770563083003,62696570026
1770563084003,62831506265
1770563085003,62966584227
1770563086003,63101562275
1770563087003,63236306376
1770563088003,63371340820
1770563089003,63505849448
1770563090002,63639551865
1770563091003,63775158512
1770563092003,63910115869
1770563093003,64044972519
1770563094003,64180059697
1770563095003,64314884608
1770563096003,64449801804
1770563097003,64583662302
1770563098003,64719083220
1770563099003,64854017933
1770563100003,64989127084
1770563101003,65124060943
1770563102003,65258697195
1770563103003,65393616161
1770563104003,65528605744
1770563105003,65663467948
1770563106003,65798079664
1770563107003,65933051120
1770563108003,66067844476
1770563109003,66202766433
1770563110003,66337567113
1770563111003,66472523921
1770563112003,66607209856
1770563113003,66742311255
1770563114003,66875938355
1770563115003,67011525898
1770563116003,67146168071
1770563117003,67281114014
1770563118004,67416209250
1770563119003,67551183941
1770563120003,67685862429
1770563121003,67820959678
1770563122003,67955718794
1770563123003,68090403202
1770563124003,68223904997
1770563125003,68359816880
1770563126003,68494693061
1770563127003,68629664639
1770563128003,68764510363
1770563129003,68899603584
1770563130003,69034355009
1770563131002,69167811699
1770563132003,69303915721
1770563133003,69438665071
1770563134003,69573453666
1770563135003,69708079481
1770563136003,69843281344
1770563137003,69978149651
1770563138003,70112853347
1770563139003,70247905553
1770563140003,70382653865
1770563141002,70491178611
1770563142002,70620741024
1770563143002,70751851528
1770563144002,70882747799
1770563145002,70984999613
1770563146002,71070598332
1770563147002,71149965926
1770563148002,71231313680
1770563149002,71322462006
1770563150002,71401109265
1770563151002,71481393972
1770563152002,71560883698
1770563153002,71640613169
1770563154002,71726976839
1770563155002,71821029455
1770563156002,71917057285
1770563157002,72013130160
1770563158002,72108540621
1770563159002,72204532746
1770563160002,72300644133
1770563161002,72390825299
1770563162003,72535583473
1770563163003,72677023846
1770563164003,72812312867
1770563165003,72946944419
1770563166003,73082118817
1770563167003,73216875674
1770563168003,73349819670
1770563169003,73486337143
1770563170003,73621429631
1770563171003,73755958462
1770563172003,73890813524
1770563173003,74025656380
1770563174003,74160683988
1770563175003,74295696826
1770563176003,74430614816
1770563177002,74565198333
1770563178002,74699766287
1770563179003,74834999828
1770563180003,74969727083
1770563181003,75104500175
1770563182003,75239434888
1770563183003,75374529086
1770563184003,75509364984
1770563185003,75644151443
1770563186003,75779335911
1770563187003,75913766292
1770563188003,76048752641
1770563189003,76183551978
1770563190003,76318335386
1770563191003,76453012287
1770563192003,76588218240
1770563193003,76723028014
1770563194003,76857787801
1770563195003,76992846660
1770563196003,77127378237
1770563197003,77262522178
1770563198003,77397173383
1770563199004,77532223269
1770563200003,77667151513
1770563201003,77802051131
1770563202003,77936992863
1770563203003,78071887720
1770563204003,78206840195
1770563205003,78341419684
1770563206003,78476190396
1770563207003,78611071338
1770563208003,78745793161
1770563209003,78880704742
1770563210003,79015819447
1770563211003,79150713389
1770563212003,79285718658
1770563213003,79420454703
1770563214003,79555040479
1770563215003,79689655674
1770563216003,79824719720
1770563217003,79959309830
1770563218003,80094250341
1770563219003,80229264156
1770563220003,80363975175
1770563221003,80499161048
1770563222003,80633878171
1770563223003,80768530414
1770563224003,80903293497
1770563225003,81038180114
1770563226003,81173008749
1770563227003,81308087627
1770563228003,81442918397
1770563229003,81577592918
1770563230003,81712773663
1770563231003,81847528262
1770563232003,81981547817
1770563233003,82117045456
1770563234003,82250765084
1770563235003,82387022181
1770563236003,82521643114
1770563237003,82656669501
1770563238003,82791260343
1770563239003,82926592761
1770563240003,83061370736
1770563241003,83192981605
1770563242003,83330890004
1770563243003,83465748607
1770563244003,83600424654
1770563245003,83735269157
1770563246003,83870465649
1770563247003,84005344882
1770563248003,84140229912
1770563249003,84275176588
1770563250003,84409776830
1770563251003,84544699641
1770563252003,84679655961
1770563253003,84814468238
1770563254003,84949447506
1770563255003,85080305082
1770563256002,85195522377
1770563257002,85326550789
1770563258002,85458611303
1770563259003,85590611636
1770563260002,85699524016
1770563261002,85783932614
1770563262002,85867134427
1770563263002,85947975102
1770563264002,86039115859
1770563265002,86117833553
1770563266002,86198597812
1770563267002,86277949232
1770563268002,86358031913
1770563269002,86437219332
1770563270002,86515814529
1770563271002,86595105281
1770563272002,86673980262
1770563273002,86754827040
1770563274002,86832757199
1770563275002,86910441266
1770563276002,86990283896
1770563277002,87076465804
1770563278002,87173262492
1770563279002,87269131265
1770563280002,87366574009
1770563281002,87464216215
1770563282002,87562234580
1770563283002,87654917509
1770563284003,87775618982
1770563285003,87920908283
1770563286003,88056399819
1770563287003,88191301878
1770563288003,88326542194
1770563289003,88461248331
1770563290003,88596224364
1770563291003,88730963216
1770563292003,88866027629
1770563293003,89000955323
1770563294003,89135818747
1770563295003,89270712079
1770563296003,89405356326
1770563297003,89540434960
1770563298003,89675449995
1770563299003,89810204411
1770563300003,89944862636
1770563301003,90079610276
1770563302002,90214513373
1770563303003,90349300321
1770563304003,90484224719
1770563305003,90619174142
1770563306003,90754179472
1770563307003,90889153065
1770563308003,91023954539
1770563309003,91158436128
1770563310003,91293343925
1770563311003,91428179090
1770563312003,91562780552
1770563313003,91697770074
1770563314003,91832734145
1770563315003,91967740269
1770563316003,92102594783
1770563317003,92237572953
1770563318003,92371857582
1770563319003,92506808409
1770563320003,92641747516
1770563321003,92776626016
1770563322003,92911346130
1770563323003,93046374776
1770563324003,93181336223
1770563325003,93316154725
1770563326003,93451323264
1770563327003,93585567854
1770563328003,93720662662
1770563329003,93855432397
1770563330003,93990339157
1770563331003,94124897528
1770563332003,94259948208
1770563333003,94394932298
1770563334003,94529844306
1770563335003,94664763333
1770563336003,94798082999
1770563337003,94933961436
1770563338003,95067992465
1770563339003,95203831533
1770563340004,95338841625
1770563341003,95473584017
1770563342003,95608435112
1770563343003,95743561902
1770563344003,95878480807
1770563345002,96012239071
1770563346003,96147747452
1770563347003,96282899694
1770563348003,96417480404
1770563349003,96552668046
1770563350003,96687549781
1770563351003,96822336789
1770563352003,96957241718
1770563353003,97092203286
1770563354003,97227149718
1770563355003,97361743062
1770563356003,97496624126
1770563357003,97631165957
1770563358003,97766267539
1770563359003,97901300031
1770563360003,98035955509
1770563361003,98170822534
1770563362003,98305946273
1770563363003,98440716008
1770563364003,98574882962
1770563365003,98709847033
1770563366003,98845029976
1770563367003,98979813139
1770563368003,99114858692
1770563369003,99249566049
1770563370003,99384478607
1770563371003,99519466665
1770563372003,99654087597
1770563373003,99789037019
1770563374003,99923994865
1770563375003,100059045239
1770563376003,100193882724
1770563377003,100328798699
1770563378002,100441308970
1770563379002,100568197439
1770563380002,100696067473
1770563381002,100828161251
1770563382002,100958157867
1770563383002,101045239126
1770563384002,101130522233
1770563385002,101209774166
1770563386002,101301771123
1770563387002,101382436261
1770563388002,101463195270
1770563389002,101542571837
1770563390002,101620984844
1770563391002,101700926534
1770563392002,101780252198
1770563393002,101860375894
1770563394002,101939660359
1770563395002,102017232426
1770563396002,102096752791
1770563397002,102174296233
1770563398002,102253672556
1770563399002,102334524338
1770563400002,102428102712
1770563401002,102524856493
1770563402002,102621473677
1770563403002,102713769766
1770563404002,102811340928
1770563405002,102907667708
1770563406002,102998534968
1770563407003,103110162001
1770563408003,103255235238
1770563409003,103392982932
1770563410003,103527850873
1770563411003,103662881717
1770563412003,103797609033
1770563413003,103932572677
1770563414003,104067447331
1770563415003,104202468409
1770563416002,104336739183
1770563417003,104471812080
1770563418003,104606726346
1770563419003,104741570117
1770563420003,104876533090
1770563421003,105011476042
1770563422003,105146403798
1770563423003,105280977733
1770563424003,105415756990
1770563425003,105550649467
1770563426003,105685337721
1770563427003,105820207065
1770563428003,105955100702
1770563429003,106089948440
1770563430003,106225040380
1770563431003,106359951045
1770563432003,106494565385
1770563433003,106629131020
1770563434003,106764209287
1770563435003,106898853596
1770563436003,107033648783
1770563437003,107168862609
1770563438003,107303566366
1770563439003,107438643230
1770563440003,107573573426
1770563441003,107707593652
1770563442003,107842751143
1770563443003,107977739140
1770563444003,108112442958
1770563445003,108247223618
1770563446003,108382286749
1770563447003,108517409877
1770563448003,108652032702
1770563449003,108787147773
1770563450003,108920557832
1770563451003,109056389821
1770563452003,109191028331
1770563453003,109326157136
1770563454003,109461045096
1770563455003,109596051342
1770563456003,109730895907
1770563457003,109865684197
1770563458003,110000754835
1770563459003,110133860634
1770563460003,110270063227
1770563461003,110405225113
1770563462003,110540053991
1770563463003,110675000606
1770563464003,110809625933
1770563465003,110944614235
1770563466003,111079564390
1770563467003,111214551654
1770563468003,111346770432
1770563469003,111483983154
1770563470003,111617739221
1770563471003,111753359662
1770563472003,111888485598
1770563473003,112023473473
1770563474003,112158155867
1770563475003,112293170109
1770563476003,112428023767
1770563477003,112563126388
1770563478003,112697418525
1770563479003,112832437405
1770563480003,112966981799
1770563481003,113101854562
1770563482003,113236876616
1770563483003,113371869923
1770563484003,113506671824
1770563485003,113641610810
1770563486003,113776344046
1770563487003,113911108472
1770563488003,114046067660
1770563489003,114180699762
1770563490003,114315676528
1770563491003,114450608067
1770563492003,114585003902
1770563493002,114700494696
1770563494002,114826538623
1770563495002,114954623928
1770563496003,115085026060
1770563497002,115215970854
1770563498002,115297878237
1770563499002,115382865141
1770563500002,115461469493
1770563501002,115549521209
1770563502002,115634201778
1770563503002,115714048314
1770563504002,115791930500
1770563505002,115870809388
1770563506002,115950977945
1770563507002,116029199485
1770563508002,116110751583
1770563509002,116190632543
1770563510002,116268472676
1770563511002,116348330931
1770563512002,116433080165
1770563513002,116529072534
1770563514002,116626331990
1770563515002,116721814533
1770563516002,116818873550
1770563517002,116915983470
1770563518002,117008284076
1770563519003,117104786209
1770563520003,117250134714
1770563521003,117390384294
1770563522003,117525413306
1770563523003,117660434628
1770563524003,117795338885
1770563525003,117930268959
1770563526003,118065014586
1770563527003,118199915180
1770563528003,118334842875
1770563529003,118469561158
1770563530003,118604365134
1770563531003,118739474468
1770563532003,118874166323
1770563533003,119009303916
1770563534003,119144025495
1770563535003,119278859440
1770563536003,119413747522
1770563537002,119548014696
1770563538003,119682981879
1770563539003,119818206326
1770563540003,119953052477
1770563541003,120087832527
1770563542003,120222889738
1770563543003,120357816700
1770563544003,120492248118
1770563545003,120627228363
1770563546003,120761814201
1770563547003,120896645215
1770563548003,121031599704
1770563549003,121166505425
1770563550003,121301615309
1770563551003,121436269749
1770563552003,121569398559
1770563553003,121706263016
1770563554003,121840828040
1770563555003,121975778134
1770563556003,122110713213
1770563557003,122245633644
1770563558003,122380475645
1770563559003,122515459430
1770563560003,122650532083
1770563561003,122784251955
1770563562003,122919777487
1770563563003,123054270978
1770563564003,123189344119
1770563565003,123324303795
1770563566003,123459008040
1770563567003,123594095097
1770563568003,123729139185
1770563569003,123863902573
1770563570003,123998089912
1770563571003,124133235013
1770563572003,124268081714
1770563573003,124403133004
1770563574003,124537940581
1770563575003,124672849171
1770563576003,124807789500
1770563577003,124942810394
1770563578003,125077630789
1770563579003,125211953260
1770563580003,125347013217
1770563581003,125481715081
1770563582003,125616642226
1770563583003,125751567845
1770563584003,125886541071
1770563585003,126021639664
1770563586003,126156486303
1770563587003,126291491817
1770563588003,126425668414
1770563589003,126560554361
1770563590003,126695799620
1770563591004,126830792316
1770563592003,126965328532
1770563593003,127100328675
1770563594003,127235381551
1770563595003,127370288616
1770563596002,127504348514
1770563597003,127639490258
1770563598003,127774631941
1770563599003,127909373356
1770563600003,128044182520
1770563601003,128179273178
1770563602003,128314223516
1770563603003,128448932583
1770563604003,128584149400
1770563605003,128717654490
1770563606003,128853539579
1770563607003,128988486377
1770563608003,129123217905
1770563609003,129258135956
1770563610003,129393027761
1770563611003,129526418289
1770563612003,129662837801
1770563613003,129773088068
1770563614002,129899360205
1770563615002,130028673595
1770563616002,130160561197
1770563617002,130289260269
1770563618002,130381500328
1770563619002,130467068225
1770563620002,130546586087
1770563621002,130629953367
1770563622002,130721541023
1770563623002,130815452098
1770563624002,130910447155
1770563625002,131002193747
1770563626003,131113893473
1770563627002,131259019200
1770563628003,131396577381
1770563629003,131531720101
1770563630003,131666628264
1770563631003,131801578053
1770563632003,131936443308
1770563633003,132071124360
1770563634003,132206151785
1770563635002,132340510450
1770563636003,132475522617
1770563637003,132610423883
1770563638003,132745410048
1770563639003,132880429295
1770563640003,133015437128
1770563641003,133150220047
1770563642003,133284837806
1770563643003,133419537473
1770563644003,133554488543
1770563645003,133689498696
1770563646003,133824252013
1770563647003,133959127400
1770563648003,134094045146
1770563649003,134228957520
1770563650003,134363902121
1770563651003,134498614056
1770563652003,134633374820
1770563653003,134767963098
1770563654003,134902972091
1770563655003,135038069645
1770563656003,135172912745
1770563657003,135307976791
1770563658003,135442748968
1770563659003,135577745327
1770563660003,135712087451
1770563661003,135847046273
1770563662003,135981592743
1770563663003,136116788380
1770563664003,136251420726
1770563665003,136386336457
1770563666003,136521370230
1770563667003,136656321667
1770563668003,136787671673
1770563669003,136925449335
1770563670003,137058794575
1770563671003,137195069189
1770563672003,137329980526
1770563673003,137464979143
1770563674003,137599805763
1770563675003,137734860166
1770563676003,137869740314
1770563677003,138002454268
1770563678003,138139114014
1770563679003,138273806540
1770563680003,138409040203
1770563681003,138543906679
1770563682003,138678770408
1770563683003,138813646955
1770563684003,138948556400
1770563685003,139083579064
1770563686003,139216827319
1770563687003,139352999273
1770563688003,139487841213
1770563689003,139622776597
1770563690003,139757841498
1770563691003,139892688809
1770563692003,140027522815
1770563693003,140162373483
1770563694003,140297223723
1770563695003,140431265434
1770563696003,140566840831
1770563697003,140701589510
1770563698003,140836429557
1770563699003,140971331434
1770563700003,141106171604
1770563701003,141241261346
1770563702003,141375983413
1770563703003,141510992406
1770563704003,141645691829
1770563705003,141780461137
1770563706003,141915088905
1770563707003,142050221067
1770563708003,142185161944
1770563709003,142319926004
1770563710003,142454561951
1770563711002,142584000523
1770563712002,142701039652
1770563713002,142832522043
1770563714002,142964111000
1770563715002,143096507329
1770563716002,143190174447
1770563717002,143275540928
1770563718002,143356014416
1770563719002,143439247235
1770563720002,143527872435
1770563721002,143607381509
1770563722002,143686863361
1770563723002,143765942932
1770563724002,143844620282
1770563725002,143923281213
1770563726002,144003671510
1770563727002,144088068267
1770563728002,144183690092
1770563729002,144280728113
1770563730002,144377309348
1770563731002,144474977494
1770563732002,144573448799
1770563733002,144667927989
1770563734003,144776679480
1770563735003,144921862702
1770563736003,145060070967
1770563737003,145194847660
1770563738003,145329565028
1770563739003,145464789352
1770563740003,145599608892
1770563741003,145734213894
1770563742003,145869291368
1770563743003,146003835518
1770563744003,146138680632
1770563745003,146273872730
1770563746003,146408836374
1770563747003,146543558868
1770563748003,146678369985
1770563749003,146813376598
1770563750003,146947470981
1770563751003,147082807243
1770563752002,147217278152
1770563753003,147352327061
1770563754003,147487344599
1770563755003,147622116715
1770563756003,147757101355
1770563757003,147891964718
1770563758003,148027004838
1770563759003,148161368752
1770563760003,148296470640
1770563761003,148431214863
1770563762003,148566140177
1770563763003,148700978455
1770563764003,148835654013
1770563765003,148970742840
1770563766003,149105652040
1770563767003,149240581749
1770563768003,149375159834
1770563769003,149510093388
1770563770003,149644765467
1770563771003,149779701645
1770563772003,149914751654
1770563773003,150049518643
1770563774003,150184474169
1770563775003,150319345650
1770563776003,150454505887
1770563777003,150588890980
1770563778003,150723705515
1770563779003,150858359590
1770563780003,150993161063
1770563781003,151128068616
1770563782003,151262859592
1770563783003,151398002251
1770563784003,151532992872
1770563785003,151664881512
1770563786003,151802142513
1770563787003,151937372758
1770563788003,152071958717
1770563789003,152206856015
1770563790003,152341628498
1770563791003,152476611184
1770563792003,152611610106
1770563793003,152746536397
1770563794003,152879122544
1770563795003,153015999818
1770563796003,153150607628
1770563797003,153285954266
1770563798003,153420862063
1770563799003,153555717736
1770563800003,153690586775
1770563801003,153825470219
1770563802003,153960485742
1770563803003,154094394152
1770563804003,154229811652
1770563805003,154364954495
1770563806003,154499752489
1770563807003,154634596016
1770563808003,154769570036
1770563809003,154881702806
1770563810002,155010791159
1770563811002,155139120848
1770563812002,155270989040
1770563813002,155364214449
1770563814002,155450224788
1770563815002,155529635961
1770563816002,155620520311
1770563817002,155699151030
1770563818002,155777495190
1770563819002,155855561580
1770563820002,155935354893
1770563821002,156013911638
1770563822002,156093924922
1770563823002,156175378205
1770563824002,156255103648
1770563825002,156332352656
1770563826002,156412144566
1770563827002,156490243426
1770563828002,156568572083
1770563829002,156650028113
1770563830002,156745047095
1770563831002,156840977026
1770563832002,156937970674
1770563833002,157034161101
1770563834002,157130718227
1770563835002,157226476466
1770563836002,157316485147
1770563837003,157450121340
1770563838003,157593938477
1770563839003,157728881430
1770563840003,157863938884
1770563841003,157998853456
1770563842003,158133464989
1770563843002,158267026781
1770563844003,158403105046
1770563845002,158536050445
1770563846003,158672531358
1770563847003,158807721197
1770563848003,158942632900
1770563849003,159077544359
1770563850003,159212408638
1770563851003,159347175444
1770563852003,159479598261
1770563853003,159616499278
1770563854003,159751618683
1770563855003,159886431510
1770563856003,160021160779
1770563857003,160156191134
1770563858003,160291205437
1770563859003,160426025404
1770563860003,160560815403
1770563861003,160694800351
1770563862003,160830454483
1770563863003,160964920509
1770563864003,161100114743
1770563865003,161234956194
1770563866003,161369893471
1770563867003,161504792174
1770563868003,161639699848
1770563869003,161774712808
1770563870003,161909308289
1770563871003,162044103415
1770563872003,162178619672
1770563873003,162313684085
1770563874003,162448536279
1770563875003,162583462996
1770563876003,162718243657
1770563877003,162853355494
1770563878003,162988158310
1770563879003,163122728461
1770563880003,163257535856
1770563881003,163392556933
1770563882003,163527256479
1770563883003,163662263884
1770563884003,163797047475
1770563885003,163932017039
1770563886003,164066975800
1770563887003,164201776541
1770563888003,164336154310
1770563889003,164471043857
1770563890003,164605640192
1770563891003,164740653702
1770563892004,164875799413
1770563893003,165010639888
1770563894003,165145383623
1770563895003,165280718909
1770563896003,165415364438
1770563897003,165550159381
1770563898003,165684912332
1770563899003,165819931029
1770563900003,165954554159
1770563901003,166089400737
1770563902003,166224541016
1770563903003,166359422324
1770563904003,166494324627
1770563905003,166629276858
1770563906003,166763849206
1770563907003,166898409592
1770563908003,167033279791
1770563909003,167168253993
1770563910003,167303187181
1770563911003,167438289374
1770563912003,167573074124
1770563913003,167707823169
1770563914003,167842975960
1770563915003,167977466827
1770563916003,168112587391
1770563917003,168247518992
1770563918003,168382191377
1770563919003,168517123282
1770563920003,168652091198
1770563921003,168786513339
1770563922002,168904997045
1770563923002,169032059281
1770563924003,169164648114
1770563925002,169297062264
1770563926002,169426059737
1770563927002,169507338826
1770563928002,169592698104
1770563929002,169672697594
1770563930002,169757406240
1770563931002,169850298641
1770563932002,169944005677
1770563933002,170040547544
1770563934002,170130600841
1770563935003,170258598804
1770563936002,170403667220
1770563937003,170538494572
1770563938003,170673418421
1770563939003,170808487228
1770563940003,170943396246
1770563941003,171078310939
1770563942003,171213215013
1770563943003,171347986763
1770563944003,171482645964
1770563945003,171617759876
1770563946003,171752425547
1770563947003,171887530486
1770563948003,172022472341
1770563949003,172157328013
1770563950003,172292287018
1770563951003,172427043570
1770563952003,172561659315
1770563953003,172696346470
1770563954003,172831220087
1770563955003,172966299026
1770563956003,173101223546
1770563957003,173236154964
1770563958003,173370992631
1770563959002,173504113445
1770563960003,173640488950
1770563961003,173775435077
1770563962003,173910136820
1770563963003,174045095336
1770563964003,174179924581
1770563965003,174314794048
1770563966003,174449688966
1770563967003,174584641807
1770563968003,174716893238
1770563969003,174854139591
1770563970003,174987566251
1770563971003,175123772263
1770563972004,175258873906
1770563973003,175393260586
1770563974003,175528332994
1770563975003,175663361152
1770563976003,175798148039
1770563977003,175930990533
1770563978003,176067535777
1770563979003,176202711700
1770563980003,176337297232
1770563981003,176472151257
1770563982003,176607127962
1770563983003,176742179374
1770563984003,176877049879
1770563985003,177012000156
1770563986003,177144854552
1770563987003,177281452286
1770563988003,177415671669
1770563989003,177550795346
1770563990003,177685717486
1770563991003,177820868813
1770563992003,177955640013
1770563993003,178090538166
1770563994003,178225572977
1770563995003,178358595585
1770563996003,178494728965
1770563997003,178627915819
1770563998003,178764448672
1770563999003,178899369836
1770564000003,179034165389
1770564001003,179169060979
1770564002003,179303997889
1770564003003,179438809678
1770564004003,179572181895
1770564005004,179708337736
1770564006003,179842624501
1770564007003,179977926889
1770564008004,180112924957
1770564009003,180247773305
1770564010003,180382610362
1770564011003,180517679292
1770564012003,180652603751
1770564013003,180785792314
1770564014003,180922063693
1770564015003,181056680902
1770564016003,181191713638
1770564017003,181326880162
1770564018003,181461645381
1770564019003,181596571366
1770564020003,181731222327
1770564021003,181866348935
1770564022003,182000506428
1770564023003,182135962868
1770564024003,182270599365
1770564025003,182405572408
1770564026003,182540456401
1770564027003,182675239686
1770564028002,182787818377
1770564029005,182919497117
1770564030002,183045092621
1770564031002,183171499585
1770564032002,183300377368
1770564033002,183412593206
1770564034002,183495169228
1770564035002,183577477916
1770564036002,183658382250
1770564037002,183742331925
1770564038002,183835961934
1770564039002,183929657373
1770564040002,184024189663
1770564041002,184116007482
1770564042003,184250660885
1770564043003,184394432734
1770564044003,184529137162
1770564045003,184664232275
1770564046003,184799115352
1770564047003,184933956926
1770564048002,185067086712
1770564049003,185203672117
1770564050003,185338480122
1770564051003,185473125712
1770564052003,185608036133
1770564053003,185743162801
1770564054003,185878000835
1770564055003,186012983583
1770564056003,186147909568
1770564057002,186282056869
1770564058003,186417184086
1770564059003,186552119471
1770564060003,186687050156
1770564061003,186822087224
1770564062003,186956776150
1770564063003,187091569872
1770564064003,187226625923
1770564065003,187361631742
1770564066002,187494585625
1770564067003,187630892039
1770564068003,187765763947
1770564069003,187900775869
1770564070003,188035724193
1770564071003,188170618440
1770564072003,188305592277
1770564073003,188440508679
1770564074003,188575483737
1770564075002,188708254942
1770564076003,188844691544
1770564077003,188979717870
1770564078003,189114355282
1770564079003,189249426164
1770564080003,189384227028
1770564081003,189519272580
1770564082003,189654112689
1770564083003,189788880350
1770564084002,189921608770
1770564085003,190058413778
1770564086003,190193348553
1770564087003,190328158510
1770564088003,190463077842
1770564089003,190597961103
1770564090003,190732839176
1770564091003,190867781030
1770564092003,191002702193
1770564093002,191137249640
1770564094003,191272093655
1770564095003,191407117235
1770564096003,191541965767
1770564097003,191676852933
1770564098003,191811419545
1770564099003,191946480295
1770564100003,192081507171
1770564101003,192216265371
1770564102003,192351359630
1770564103003,192485837740
1770564104003,192620728386
1770564105003,192755541273
1770564106003,192890440830
1770564107003,193025183344
1770564108003,193160053177
1770564109003,193294952856
1770564110003,193430046810
1770564111003,193565010453
1770564112003,193699604347
1770564113003,193834234373
1770564114003,193969242207
1770564115003,194104055582
1770564116003,194239125976
1770564117003,194373744345
1770564118003,194508880534
1770564119003,194643806031
1770564120003,194778577598
1770564121002,194888852157
1770564122002,195019766190
1770564123002,195149882617
1770564124002,195279347190
1770564125002,195396206266
1770564126002,195478260499
1770564127002,195562345428
1770564128002,195645811035
1770564129002,195737536508
1770564130002,195830002946
1770564131002,195924450702
1770564132002,196017799279
1770564133003,196146306763
1770564134003,196290916683
1770564135003,196425815752
1770564136003,196561001807
1770564137003,196695848813
1770564138003,196830696185
1770564139003,196965740822
1770564140003,197100591185
1770564141003,197235263753
1770564142003,197370060038
1770564143003,197504920899
1770564144003,197639833823
1770564145003,197774635541
1770564146003,197909573245
1770564147003,198044514550
1770564148003,198179441572
1770564149003,198314035161
1770564150003,198448840358
1770564151003,198583689378
1770564152003,198718352119
1770564153003,198853531216
1770564154003,198988470202
1770564155003,199123293954
1770564156003,199258151946
1770564157003,199393120838
1770564158003,199527446911
1770564159003,199662417756
1770564160003,199796961479
1770564161003,199932156934
1770564162003,200066913547
1770564163003,200201684870
1770564164003,200336809768
1770564165003,200471680272
1770564166003,200606487544
1770564167003,200741185930
1770564168003,200876079994
1770564169003,201010602476
1770564170003,201145891864
1770564171003,201280576700
1770564172003,201415560302
1770564173003,201550308920
1770564174003,201685303386
1770564175003,201820408570
1770564176003,201953529201
1770564177003,202089737531
1770564178003,202224735110
1770564179003,202359523462
1770564180003,202494106552
1770564181003,202629213628
1770564182003,202764124904
1770564183003,202898733690
1770564184003,203033982306
1770564185002,203168108123
1770564186003,203303285023
1770564187003,203438255441
1770564188005,203573173736
1770564189003,203707797293
1770564190003,203842861095
1770564191003,203977660433
1770564192003,204112488334
1770564193003,204247370802
1770564194003,204382350986
1770564195003,204516982355
1770564196003,204651744278
1770564197003,204786596289
1770564198003,204921240598
1770564199003,205056271990
1770564200003,205191265785
1770564201003,205326149717
1770564202003,205460936115
1770564203003,205595680094
1770564204003,205730397523
1770564205003,205865636190
1770564206003,206000634258
1770564207003,206135448488
1770564208003,206251346934
1770564209002,206383423683
1770564210002,206514194588
1770564211002,206642371384
1770564212002,206725985184
1770564213002,206812959815
1770564214002,206893581007
1770564215002,206975317309
1770564216002,207068433953
1770564217002,207161510863
1770564218002,207257270811
1770564219002,207347826121
1770564220003,207469368291
1770564221003,207614383300
1770564222003,207750470842
1770564223003,207885322853
1770564224003,208020281431
1770564225003,208155155781
1770564226003,208290246072
1770564227003,208424797974
1770564228003,208559868490
1770564229003,208694466107
1770564230003,208829145205
1770564231003,208964229149
1770564232003,209099088118
1770564233003,209234053165
1770564234003,209369062585
1770564235003,209503978072
1770564236003,209638263251
1770564237003,209773089932
1770564238020,209910130963
1770564239003,210042785470
1770564240003,210177792265
1770564241003,210312765369
1770564242003,210447754404
1770564243003,210582407868
1770564244003,210717559316
1770564245003,210851727735
1770564246003,210986788180
1770564247003,211121509515
1770564248003,211256367629
1770564249003,211391278905
1770564250003,211526234919
1770564251003,211661273941
1770564252003,211795880286
1770564253003,211931027096
1770564254003,212065529132
1770564255003,212200455483
1770564256003,212335420348
1770564257003,212470269063
1770564258003,212605218790
1770564259003,212739904053
1770564260003,212874898825
1770564261003,213009759014
1770564262003,213144689089
1770564263003,213279357201
1770564264003,213414249495
1770564265003,213548940679
1770564266003,213683888819
1770564267003,213818794907
1770564268003,213953638251
1770564269003,214088695889
1770564270003,214223451708
1770564271003,214358412117
1770564272003,214493138213
1770564273003,214627805165
1770564274003,214762508617
1770564275003,214897465974
1770564276003,215032573538
1770564277003,215167446850
1770564278003,215302354036
1770564279003,215437283867
1770564280003,215572235853
1770564281003,215706833775
1770564282003,215841576899
1770564283003,215976376725
1770564284003,216111309790
1770564285003,216246222470
1770564286003,216381120318
1770564287003,216516012673
1770564288003,216650967772
1770564289003,216785844562
1770564290003,216920396586
1770564291003,217055474365
1770564292003,217190300314
1770564293003,217325072674
1770564294003,217460032778
1770564295003,217573981339
1770564296002,217705918623
1770564297002,217837263074
1770564298002,217967528915
1770564299002,218058563472
1770564300002,218144006186
1770564301002,218224132873
1770564302002,218304526893
1770564303002,218396049486
1770564304002,218477546103
1770564305003,218556818178
1770564306002,218636316022
1770564307002,218715338891
1770564308002,218794309269
1770564309002,218881813196
1770564310002,218971083536
1770564311002,219059687985
1770564312002,219153956176
1770564313002,219251572625
1770564314002,219347515922
1770564315002,219445541855
1770564316002,219540032336
1770564317003,219650062572
1770564318003,219795288518
1770564319003,219933125446
1770564320003,220067764078
1770564321003,220202991027
1770564322003,220337699422
1770564323003,220472657634
1770564324003,220607325563
1770564325003,220742465659
1770564326003,220877043562
1770564327003,221011609013
1770564328003,221146621241
1770564329003,221281519028
1770564330003,221416541509
1770564331003,221551464015
1770564332003,221686382554
1770564333003,221821084724
1770564334003,221955926847
1770564335003,222090767627
1770564336003,222225299937
1770564337003,222360268036
1770564338003,222495414846
1770564339003,222630230785
1770564340003,222765095674
1770564341003,222900059623
1770564342003,223034190261
1770564343003,223169665500
1770564344003,223304265375
1770564345003,223439355239
1770564346003,223574074987
1770564347003,223709112239
1770564348004,223844093522
1770564349003,223979009681
1770564350003,224113780942
1770564351003,224246633873
1770564352003,224383226969
1770564353003,224517668580
1770564354003,224652626303
1770564355003,224787720135
1770564356003,224922704652
1770564357003,225057633811
1770564358003,225192525678
1770564359003,225327492068
1770564360003,225460073089
1770564361003,225596875229
1770564362003,225731279304
1770564363003,225866333890
1770564364003,226001358935
1770564365003,226136201424
1770564366003,226271112700
1770564367003,226406110523
1770564368003,226541020944
1770564369002,226673100562
1770564370003,226810328665
1770564371003,226944250442
1770564372003,227080013278
1770564373003,227215126213
1770564374003,227349934218
1770564375003,227484846958
1770564376003,227619869318
1770564377003,227754738479
1770564378003,227889637182
1770564379003,228024352169
1770564380003,228159135393
1770564381003,228294000038
1770564382002,228428798887
1770564383003,228563657490
1770564384003,228698520243
1770564385003,228833607971
1770564386003,228968556356
1770564387003,229103501262
1770564388003,229238051149
1770564389003,229372907371
1770564390003,229507823347
1770564391003,229642546940
1770564392003,229777373865
1770564393003,229912311874
1770564394003,230047371587
1770564395003,230182320704
1770564396003,230317068040
1770564397003,230451709175
1770564398003,230586711088
1770564399003,230721272328
1770564400003,230856343820
1770564401003,230991140533
1770564402003,231126052053
1770564403003,231260972362
1770564404003,231396012849
1770564405003,231530852714
1770564406003,231665776135
1770564407003,231800567965
1770564408003,231935280877
1770564409003,232049882025
1770564410002,232182185641
1770564411002,232309945446
1770564412002,232438521227
1770564413002,232561057169
1770564414002,232640171712
1770564415002,232724566149
1770564416002,232805183314
1770564417002,232893441572
1770564418002,232986616077
1770564419002,233078849605
1770564420002,233172906005
1770564421002,233263523144
1770564422003,233405676039
1770564423002,233547796891
1770564424003,233682818335
1770564425003,233817902279
1770564426003,233952650652
1770564427003,234087590553
1770564428003,234222471555
1770564429003,234357032063
1770564430003,234491542095
1770564431003,234626741395
1770564432003,234761278831
1770564433003,234896351666
1770564434003,235031390810
1770564435003,235166131920
1770564436003,235301275984
1770564437003,235436043034
1770564438003,235570565883
1770564439003,235705302598
1770564440003,235840087043
1770564441003,235974978055
1770564442003,236110046191
1770564443003,236244927560
1770564444003,236379721404
1770564445003,236514856068
1770564446003,236649587656
1770564447003,236783961763
1770564448003,236918960258
1770564449003,237053615797
1770564450003,237188749118
1770564451003,237323507745
1770564452003,237458364761
1770564453003,237593464207
1770564454003,237728249080
1770564455003,237863165787
1770564456003,237997612404
1770564457003,238132561765
1770564458003,238267515155
1770564459003,238402520181
1770564460003,238537411437
1770564461003,238672091573
1770564462003,238806757976
1770564463003,238942108460
1770564464003,239077029929
1770564465003,239211548078
1770564466003,239346252079
1770564467003,239481104456
1770564468003,239616204391
1770564469003,239750930669
1770564470004,239886172144
1770564471003,240020773423
1770564472003,240155878058
1770564473003,240290686062
1770564474003,240424858998
1770564475003,240559869638
1770564476003,240694607453
1770564477003,240829572317
1770564478003,240964527294
1770564479003,241099603913
1770564480003,241234405265
1770564481003,241369281385
1770564482003,241504443758
1770564483003,241638660456
1770564484003,241773753921
1770564485003,241908662755
1770564486003,242043452449
1770564487003,242178352800
1770564488003,242313335730
1770564489003,242448219724
1770564490003,242583100421
1770564491003,242718088845
1770564492003,242852940794
1770564493003,242987730366
1770564494003,243122107647
1770564495003,243256984865
1770564496003,243392002159
1770564497003,243526995831
1770564498003,243661809695
1770564499003,243796625818
1770564500003,243931760237
1770564501003,244066331670
1770564502003,244201385646
1770564503003,244335860582
1770564504003,244471042914
1770564505003,244605816190
1770564506003,244740651416
1770564507003,244875547738
1770564508003,244984902805
1770564509002,245111858596
1770564510002,245239100579
1770564511002,245369442043
1770564512002,245484037269
1770564513002,245567140450
1770564514002,245652391330
1770564515002,245731119095
1770564516002,245817612038
1770564517002,245911065656
1770564518002,246005817061
1770564519002,246100060717
1770564520002,246190073853
1770564521003,246335155696
1770564522003,246476665587
1770564523003,246611740010
1770564524003,246746612650
1770564525004,246881699402
1770564526003,247016478598
1770564527003,247151062054
1770564528003,247286135988
1770564529003,247420996361
1770564530003,247555758589
1770564531003,247690631962
1770564532003,247825597498
1770564533003,247960414475
1770564534003,248095496526
1770564535003,248230391811
1770564536003,248364935961
1770564537003,248499801766
1770564538003,248634819486
1770564539003,248769624622
1770564540003,248904468882
1770564541003,249039444549
1770564542003,249174201834
1770564543003,249309249523
1770564544003,249441647499
1770564545003,249578685234
1770564546003,249713583265
1770564547003,249848212376
1770564548003,249982982234
1770564549003,250118047074
1770564550003,250253091894
1770564551003,250387910274
1770564552003,250522966386
1770564553003,250657493385
1770564554003,250792457762
1770564555003,250927105366
1770564556003,251061973551
1770564557003,251196957092
1770564558003,251331780844
1770564559003,251466716900
1770564560003,251601800721
1770564561003,251736678916
1770564562003,251871254683
1770564563003,252006086491
1770564564003,252140772669
1770564565003,252275653428
1770564566003,252410609686
1770564567003,252545692470
1770564568003,252680613389
1770564569003,252815508430
1770564570003,252948530367
1770564571003,253085008594
1770564572003,253219570140
1770564573003,253354500397
1770564574003,253489329764
1770564575003,253624261792
1770564576003,253759086825
1770564577003,253894045891
1770564578003,254029139478
1770564579003,254163313390
1770564580003,254298483576
1770564581003,254433519791
1770564582003,254568091651
1770564583003,254703042660
1770564584003,254838068071
1770564585003,254972969826
1770564586003,255107874754
1770564587003,255242764667
1770564588003,255377360514
1770564589003,255512483642
1770564590003,255647167990
1770564591003,255782282878
1770564592003,255917251710
1770564593003,256051965354
1770564594002,256162981794
1770564595002,256293739455
1770564596002,256426631510
1770564597002,256559113531
1770564598002,256649948870
1770564599002,256733969590
1770564600002,256813943018
1770564601002,256899864490
1770564602002,256985677808
1770564603002,257066959704
1770564604002,257148418419
1770564605002,257238121559
1770564606002,257337402432
1770564607002,257434425560
1770564608002,257531900897
1770564609002,257627349566
1770564610002,257725280956
1770564611002,257815912743
1770564612003,257942405400
1770564613003,258087477111
1770564614003,258222108480
1770564615003,258357185405
1770564616003,258492010866
1770564617003,258627055259
1770564618003,258761922833
1770564619003,258896755191
1770564620003,259031697717
1770564621003,259166098740
1770564622003,259301030950
1770564623003,259436042995
1770564624003,259571070908
1770564625003,259705936530
1770564626003,259840869412
1770564627003,259975587634
1770564628003,260110294992
1770564629003,260245092376
1770564630003,260379735525
1770564631003,260514602673
1770564632003,260649712434
1770564633003,260784655936
1770564634003,260919413831
1770564635003,261054420566
1770564636003,261188148678
1770564637003,261323796219
1770564638003,261458479712
1770564639003,261593601803
1770564640003,261728616594
1770564641003,261863284401
1770564642003,261998224424
1770564643003,262133234027
1770564644003,124832383
1770564645003,256604201
1770564646003,394304105
1770564647003,528820911
1770564648003,664061715
1770564649003,798805022
1770564650003,933843800
1770564651003,1068531749
1770564652003,1203435578
1770564653003,1338568655
1770564654003,1471107745
1770564655003,1608062411
1770564656003,1741614560
1770564657003,1877583267
1770564658003,2012601598
1770564659003,2147490901
1770564660003,2282233476
1770564661003,2417297339
1770564662003,2551996884
1770564663003,2685633444
1770564664003,2821408487
1770564665003,2955864625
1770564666003,3091105673
1770564667003,3226021770
1770564668003,3361044740
1770564669003,3495973166
1770564670003,3630917218
1770564671003,3765882205
1770564672003,3899291470
1770564673003,4035262557
1770564674003,4170056951
1770564675003,4305098781
1770564676003,4439913377
1770564677003,4574822700
1770564678003,4709758755
1770564679003,4844718493
1770564680003,4979614693
1770564681003,5113956207
1770564682003,5249300099
1770564683003,5384191233
1770564684003,5518880891
1770564685003,5653968680
1770564686003,5788779492
1770564687003,5899229954
1770564688002,6027155163
1770564689002,6156508226
1770564690002,6287578081
1770564691002,6377518585
1770564692002,6462700008
1770564693002,6544660857
1770564694002,6628535032
1770564695002,6720034127
1770564696002,6816031073
1770564697002,6923151038
1770564698002,7035068660
1770564699002,7154648065
1770564700002,7267202038
1770564701002,7374623210
1770564702002,7476779321
1770564703003,7590088296
1770564704003,7735625216
1770564705003,7872041554
1770564706003,8007043955
1770564707004,8142107940
1770564708003,8276530630
1770564709003,8411646495
1770564710003,8545961581
1770564711003,8681436698
1770564712003,8815044450
1770564713003,8951267428
1770564714003,9086140252
1770564715003,9221012099
1770564716003,9355847203
1770564717003,9490495967
1770564718003,9625451982
1770564719003,9760404456
1770564720003,9894842344
1770564721003,10029958454
1770564722003,10165024941
1770564723006,10300191465
1770564724003,10434452535
1770564725003,10569342327
1770564726003,10704364381
1770564727003,10839442099
1770564728003,10974428753
1770564729003,11108648502
1770564730003,11243761254
1770564731003,11378455062
1770564732004,11513305975
1770564733003,11648015774
1770564734003,11783082445
1770564735064,11923350823
1770564736003,12052851407
1770564737003,12187838488
1770564738003,12322297007
1770564739003,12457176300
1770564740003,12592176748
1770564741003,12726855053
1770564742003,12861921724
1770564743003,12996587761
1770564744003,13131503675
1770564745003,13266535251
1770564746003,13401417474
1770564747003,13533542441
1770564748003,13670722266
1770564749003,13805765865
1770564750003,13940455706
1770564751003,14075554786
1770564752003,14210348631
1770564753003,14344934590
1770564754003,14480061868
1770564755003,14614863220
1770564756003,14749896383
1770564757003,14884514507
1770564758003,15019386293
1770564759003,15154113182
1770564760003,15288919905
1770564761003,15424056888
1770564762003,15558700892
1770564763003,15693901168
1770564764003,15828482611
1770564765003,15963390285
1770564766003,16098207079
1770564767002,16233373481
1770564768003,16367838652
1770564769002,16488951379
1770564770003,16620378899
1770564771003,16752565939
1770564772003,16885948654
1770564773002,16988452175
1770564774002,17083043181
1770564775002,17172983991
1770564776002,17267279648
1770564777002,17365442055
1770564778002,17464670317
1770564779002,17565883009
1770564780002,17664682744
1770564781002,17772623935
1770564782003,17918224148
1770564783003,18055862285
1770564784003,18191051880
1770564785003,18325902975
1770564786003,18460512555
1770564787003,18595909608
1770564788003,18730641807
1770564789003,18865459272
1770564790003,19000076420
1770564791004,19134818995
1770564792003,19269947861
1770564793003,19404719427
1770564794003,19539650722
1770564795003,19674508532
1770564796003,19809539131
1770564797003,19944159392
1770564798003,20078613637
1770564799063,20217764282
1770564800049,20354998123
1770564801003,20483719534
1770564802038,20622017397
1770564803003,20753226229
1770564804003,20888184929
1770564805003,21023513440
1770564806003,21157709446
1770564807003,21292918390
1770564808003,21427776748
1770564809004,21562436987
1770564810003,21697283566
1770564811003,21832201128
1770564812004,21967187294
1770564813003,22101965086
1770564814003,22237165118
1770564815003,22371411601
1770564816003,22506171326
1770564817003,22641399984
1770564818003,22776004681
1770564819003,22910831057
1770564820003,23045760582
1770564821003,23180676375
1770564822003,23315726017
1770564823003,23449175565
1770564824003,23585040086
1770564825003,23720019049
1770564826003,23854775845
1770564827003,23989821459
1770564828003,24124314828
1770564829006,24259740079
1770564830003,24394205372
1770564831003,24529301279
1770564832003,24664071198
1770564833003,24798742972
1770564834003,24933340284
1770564835004,25068570773
1770564836005,25203766349
1770564837004,25338199904
1770564838003,25472958165
1770564839003,25607998164
1770564840003,25742920853
1770564841003,25877593543
1770564842002,26006236768
1770564843002,26125935070
1770564844002,26261482392
1770564845003,26398232835
1770564846002,26512064453
1770564847002,26604254097
1770564848002,26697224318
1770564849002,26788575891
1770564850002,26889815500
1770564851002,26997380166
1770564852002,27098761193
1770564853002,27198381543
1770564854003,27302060599
1770564855047,27451958714
1770564856009,27587261529
1770564857003,27721377641
1770564858003,27856169288
1770564859003,27990933897
1770564860003,28125848163
1770564861003,28259992656
1770564862003,28395605529
1770564863003,28530502157
1770564864003,28665353008
1770564865003,28800217225
1770564866004,28935281150
1770564867003,29069948468
1770564868003,29204849856
1770564869003,29340007958
1770564870003,29474100022
1770564871003,29609415227
1770564872034,29745737083
1770564873069,29887996911
1770564874003,30014055610
1770564875003,30148620145
1770564876003,30283906664
1770564877003,30418961983
1770564878003,30553952360
1770564879003,30688591419
1770564880003,30823080882
1770564881002,30957721468
1770564882004,31093201956
1770564883003,31227846936
1770564884003,31362764254
1770564885004,31497842827
1770564886016,31634336496
1770564887003,31767582920
1770564888003,31901908260
1770564889003,32036897294
1770564890003,32172005957
1770564891003,32306554502
1770564892003,32441682207
1770564893003,32576687416
1770564894003,32711594480
1770564895009,32847136186
1770564896003,32981270609
1770564897003,33115677857
1770564898003,33250573935
1770564899003,33385614361
1770564900170,33531704808
1770564901082,33666029842
1770564902003,33790202010
1770564903003,33925369571
1770564904003,34060331262
1770564905003,34195121688
1770564906041,34333600155
1770564907003,34464761745
1770564908003,34599278124
1770564909003,34734274788
1770564910012,34870162074
1770564911003,35004082996
1770564912003,35138989572
1770564913003,35273927398
1770564914003,35408732839
1770564915005,35543681407
1770564916003,35678456819
1770564917003,35813324028
1770564918004,35948132581
1770564919003,36082828465
1770564920003,36217616389
1770564921003,36352573441
1770564922005,36487954259
1770564923003,36622688533
1770564924003,36757022845
1770564925003,36892104591
1770564926075,37032535445
1770564927008,37162282549
1770564928003,37296885598
1770564929003,37431526001
1770564930003,37566283651
1770564931003,37701502666
1770564932008,37837100524
1770564933003,37970970176
1770564934003,38085591892
1770564935002,38220744744
1770564936003,38352296043
1770564937003,38489805945
1770564938002,38621408819
1770564939002,38712835404
1770564940002,38805389366
1770564941002,38895279822
1770564942002,38992111666
1770564943002,39109235756
1770564944002,39209326625
1770564945002,39311148325
1770564946002,39408632634
1770564947031,39551193304
1770564948017,39692198985
1770564949003,39825549840
1770564950003,39960634761
1770564951003,40095378373
1770564952003,40230413367
1770564953003,40365420956
1770564954003,40500176348
1770564955002,40634959084
1770564956003,40769492187
1770564957003,40904271261
1770564958003,41039230754
1770564959003,41174295899
1770564960003,41309295248
1770564961003,41444213360
1770564962003,41579134584
1770564963008,41714560385
1770564964003,41848756392
1770564965002,41983138616
1770564966003,42118537439
1770564967043,42254365949
1770564968096,42400781285
1770564969003,42523269558
1770564970003,42658038195
1770564971012,42794090825
1770564972003,42928129300
1770564973003,43062376942
1770564974003,43197128550
1770564975003,43331902314
1770564976043,43469554367
1770564977054,43609031976
1770564978003,43736974825
1770564979003,43871698235
1770564980003,44006756116
1770564981004,44141827243
1770564982003,44276450616
1770564983003,44411084000
1770564984003,44546081518
1770564985043,44683640370
1770564986005,44815871355
1770564987003,44950806129
1770564988003,45085412046
1770564989003,45220284687
1770564990005,45355655556
1770564991003,45490464049
1770564992002,45624239524
1770564993003,45759481793
1770564994003,45894748536
1770564995003,46029512718
1770564996003,46164318769
1770564997004,46299488772
1770564998003,46434349206
1770564999003,46569030624
1770565000003,46703836187
1770565001003,46838866847
1770565002003,46973447252
1770565003049,47111042176
1770565004130,47253100162
1770565005003,47378215442
1770565006003,47513029489
1770565007003,47647719269
1770565008026,47783235218
1770565009003,47917645457
1770565010004,48052559907
1770565011003,48187074882
1770565012004,48322436841
1770565013003,48457208102
1770565014043,48592409660
1770565015090,48733148314
1770565016003,48861710607
1770565017004,48996869257
1770565018002,49131788834
1770565019003,49266719152
1770565020003,49401801387
1770565021004,49536528520
1770565022003,49671081765
1770565023004,49805964598
1770565024003,49940962726
1770565025003,50075841165
1770565026011,50211850827
1770565027004,50345545919
1770565028003,50480494854
1770565029003,50615280702
1770565030003,50750456870
1770565031003,50885207318
1770565032003,51019779301
1770565033023,51156143698
1770565034003,51289788436
1770565035003,51424412847
1770565036003,51559277797
1770565037003,51694143663
1770565038031,51830509464
1770565039003,51964096524
1770565040002,52079445655
1770565041002,52213956786
1770565042002,52352027416
1770565043002,52484805885
1770565044002,52616544927
1770565045002,52714010498
1770565046002,52809561035
1770565047002,52925723884
1770565048002,53021370429
1770565049002,53120688534
1770565050002,53241662773
1770565051002,53342449563
1770565052002,53438771399
1770565053003,53570282781
1770565054003,53713391179
1770565055008,53848927026
1770565056009,53984055159
1770565057003,54118255927
1770565058003,54253173489
1770565059006,54388428880
1770565060003,54520983472
1770565061003,54657839689
1770565062003,54790865838
1770565063053,54927691599
1770565064046,55066891865
1770565065003,55197333792
1770565066006,55332317577
1770565067004,55467089571
1770565068003,55601735833
1770565069003,55736642958
1770565070003,55871386754
1770565071003,56006074763
1770565072003,56140851335
1770565073003,56275860694
1770565074094,56413985157
1770565075122,56561752113
1770565076003,56680420815
1770565077003,56815312987
1770565078008,56951191362
1770565079003,57085190653
1770565080003,57220106567
1770565081003,57355009603
1770565082039,57492379796
1770565083003,57624646303
1770565084003,57759583153
1770565085008,57894927289
1770565086004,58029656314
1770565087003,58164347680
1770565088003,58299474654
1770565089002,58433846868
1770565090003,58568763149
1770565091003,58703244128
1770565092003,58838492134
1770565093003,58973287138
1770565094003,59108351367
1770565095003,59243296884
1770565096003,59378233367
1770565097003,59512951040
1770565098003,59647580517
1770565099003,59782506380
1770565100003,59917444267
1770565101003,60051798598
1770565102003,60187214999
1770565103003,60321921381
1770565104003,60457010207
1770565105003,60591899754
1770565106003,60726545772
1770565107003,60861456193
1770565108003,60995932106
1770565109003,61131164853
1770565110003,61265619587
1770565111003,61400783853
1770565112003,61535564941
1770565113003,61670520711
1770565114003,61805234051
1770565115003,61940341615
1770565116003,62075019981
1770565117002,62209501326
1770565118003,62344607670
1770565119004,62479454126
1770565120003,62614287521
1770565121003,62748962775
1770565122003,62883906582
1770565123003,63018978258
1770565124003,63153916572
1770565125003,63288791776
1770565126003,63423066701
1770565127002,63555448320
1770565128003,63672782309
1770565129002,63809794166
1770565130002,63945708918
1770565131002,64071429604
1770565132002,64163589036
1770565133002,64257998157
1770565134002,64351703789
1770565135002,64444215698
1770565136002,64536494637
1770565137002,64628025713
1770565138002,64721647178
1770565139002,64815815943
1770565140002,64915083389
1770565141002,65014996525
1770565142002,65115391470
1770565143002,65213475387
1770565144003,65352412714
1770565145003,65493994505
1770565146003,65629078082
1770565147003,65763988992
1770565148003,65898869567
1770565149004,66033493673
1770565150003,66168566142
1770565151003,66303144289
1770565152003,66438151695
1770565153003,66572482039
1770565154003,66707718998
1770565155003,66842547388
1770565156003,66977506698
1770565157003,67112074286
1770565158003,67247000820
1770565159003,67382126451
1770565160003,67516679085
1770565161003,67651699003
1770565162003,67786649585
1770565163019,67921477243
1770565164002,68056318451
1770565165003,68191078604
1770565166003,68325935802
1770565167003,68460829439
1770565168003,68595750786
1770565169004,68730467726
1770565170003,68865160313
1770565171003,69000101618
1770565172003,69135089981
1770565173008,69270320958
1770565174003,69404697140
1770565175003,69539719805
1770565176003,69674508583
1770565177003,69809689023
1770565178003,69944102864
1770565179004,70078958658
1770565180006,70213991272
1770565181005,70349023458
1770565182003,70483410382
1770565183003,70618477663
1770565184003,70753499717
1770565185003,70888300153
1770565186003,71023295413
1770565187003,71157781580
1770565188002,71292638901
1770565189003,71426930244
1770565190003,71562458279
1770565191003,71697321276
1770565192003,71831904793
1770565193003,71967122465
1770565194003,72101740773
1770565195003,72236957712
1770565196003,72371264375
1770565197003,72506428091
1770565198003,72641344494
1770565199003,72776195833
1770565200003,72910901726
1770565201003,73045849867
1770565202003,73180733494
1770565203018,73317564442
1770565204003,73450688857
1770565205003,73585018531
1770565206003,73719996212
1770565207003,73854951861
1770565208003,73990005775
1770565209003,74124816648
1770565210003,74259746173
1770565211003,74394445963
1770565212003,74529463317
1770565213003,74664560017
1770565214003,74798216597
1770565215003,74933830324
1770565216003,75068577294
1770565217003,75203255172
1770565218003,75338475162
1770565219003,75473447778
1770565220003,75608298446
1770565221003,75743133062
1770565222003,75877985683
1770565223003,76012669847
1770565224003,76147499886
1770565225002,76267239936
1770565226002,76394879807
1770565227002,76530801334
1770565228002,76667262105
1770565229002,76796731561
1770565230002,76888618045
1770565231002,76982832891
1770565232002,77074941237
1770565233002,77170439222
1770565234002,77271696715
1770565235002,77371198474
1770565236002,77473961761
1770565237002,77570226468
1770565238003,77709447852
1770565239003,77851029521
1770565240003,77986164978
1770565241003,78121098532
1770565242003,78255842083
1770565243003,78390898928
1770565244003,78525540307
1770565245002,78660243819
1770565246003,78795427250
1770565247003,78929733425
1770565248003,79064435411
1770565249003,79199427436
1770565250003,79334395108
1770565251003,79469197986
1770565252003,79604158212
1770565253003,79739165190
1770565254003,79873649221
1770565255003,80008428051
1770565256003,80143506624
1770565257003,80278241569
1770565258003,80413150159
1770565259003,80547940525
1770565260003,80682915643
1770565261003,80817785171
1770565262003,80952784459
1770565263003,81085635681
1770565264003,81222043596
1770565265003,81357252052
1770565266003,81491993101
1770565267003,81627190203
1770565268003,81761926003
1770565269003,81896746093
1770565270003,82031718220
1770565271003,82166339885
1770565272003,82301403809
1770565273003,82436125144
1770565274022,82572452310
1770565275003,82705619938
1770565276003,82840514062
1770565277003,82975737898
1770565278003,83110291814
1770565279003,83245332240
1770565280003,83380468247
1770565281003,83515337652
1770565282016,83650528835
1770565283019,83787187603
1770565284012,83920961248
1770565285003,84055001188
1770565286003,84189848865
1770565287066,84329282468
1770565288030,84460678616
1770565289122,84607414080
1770565290090,84736520622
1770565291174,84879498223
1770565292102,85009788783
1770565293002,85133530592
1770565294003,85268805026
1770565295018,85404784537
1770565296003,85538591872
1770565297004,85673315404
1770565298003,85808443720
1770565299003,85943279374
1770565300003,86078325110
1770565301003,86212952328
1770565302062,86353081486
1770565303002,86482867897
1770565304003,86617936338
1770565305003,86752602924
1770565306004,86887734476
1770565307003,87022370972
1770565308003,87157432516
1770565309003,87292459025
1770565310003,87427345155
1770565311003,87562109336
1770565312003,87694440052
1770565313003,87831717655
1770565314003,87966582055
1770565315003,88101159226
1770565316003,88236411016
1770565317003,88371182155
1770565318003,88506069505
1770565319003,88640762703
1770565320003,88776006558
1770565321003,88910658801
1770565322003,89045623360
1770565323002,89164345469
1770565324002,89297427403
1770565325002,89432710871
1770565326002,89567704055
1770565327002,89701605751
1770565328002,89799094149
1770565329002,89899078573
1770565330002,89995995378
1770565331002,90092854627
1770565332002,90192751649
1770565333002,90296399577
1770565334002,90402836073
1770565335002,90507002310
1770565336002,90609028538
1770565337003,90745633047
1770565338003,90886861323
1770565339003,91022044143
1770565340003,91156690832
1770565341002,91291669552
1770565342003,91426442949
1770565343003,91561393959
1770565344003,91696312986
1770565345003,91831266193
1770565346003,91965809855
1770565347004,92100731628
1770565348003,92235272788
1770565349003,92370331951
1770565350003,92505581239
1770565351003,92640156700
1770565352003,92775226117
1770565353003,92907533030
1770565354003,93044674951
1770565355003,93179639572
1770565356003,93314179816
1770565357003,93449097256
1770565358003,93584065783
1770565359003,93719103767
1770565360003,93854112638
1770565361003,93988767872
1770565362003,94123722116
1770565363003,94258376984
1770565364003,94393346059
1770565365003,94527421522
1770565366003,94662951570
1770565367004,94797806755
1770565368002,94932688673
1770565369003,95067708896
1770565370003,95202875176
1770565371003,95337764174
1770565372003,95472628575
1770565373003,95606983700
1770565374003,95741736345
1770565375003,95876669411
1770565376003,96011310301
1770565377003,96146188008
1770565378003,96281098246
1770565379003,96416292480
1770565380003,96550863058
1770565381003,96686112773
1770565382003,96820036441
1770565383002,96955254784
1770565384003,97090383589
1770565385003,97225354679
1770565386003,97360126978
1770565387003,97495154220
1770565388003,97629885076
1770565389003,97764784328
1770565390003,97899859300
1770565391003,98034446785
1770565392003,98169137297
1770565393003,98303954945
1770565394003,98438873362
1770565395004,98573760284
1770565396003,98708809133
1770565397003,98843722789
1770565398003,98978281893
1770565399003,99113245781
1770565400003,99247936659
1770565401002,99382862034
1770565402002,99517816827
1770565403003,99652682327
1770565404003,99787859166
1770565405004,99922830073
1770565406003,100057626847
1770565407003,100192111305
1770565408003,100327072385
1770565409003,100462155352
1770565410003,100597192848
1770565411003,100731847228
1770565412003,100866745869
1770565413003,101001502788
1770565414003,101136582032
1770565415003,101271294760
1770565416003,101406179242
1770565417003,101541296633
1770565418003,101675938805
1770565419003,101808929676
1770565420003,101945656865
1770565421002,102075246743
1770565422002,102197692535
1770565423002,102333672046
1770565424002,102469046577
1770565425002,102603949125
1770565426002,102710201477
1770565427002,102808429558
1770565428002,102905416004
1770565429002,103002318649
1770565430002,103100258096
1770565431002,103197612400
1770565432002,103296857385
1770565433002,103393784993
1770565434002,103496524232
1770565435002,103600903604
1770565436003,103705711929
1770565437002,103807306090
1770565438003,103941178978
1770565439003,104083562891
1770565440003,104218151108
1770565441003,104352948248
1770565442003,104488176845
1770565443003,104622778551
1770565444003,104757837532
1770565445003,104892779142
1770565446003,105027388111
1770565447004,105161777843
1770565448003,105297082001
1770565449003,105431987661
1770565450003,105566798718
1770565451003,105701708956
1770565452003,105836946952
1770565453003,105971603528
1770565454003,106106452670
1770565455003,106241120966
1770565456003,106376216506
1770565457003,106510827978
1770565458003,106645962398
1770565459003,106780868852
1770565460003,106915478370
1770565461003,107050384702
1770565462003,107185657427
1770565463003,107320171792
1770565464003,107454296571
1770565465003,107589818563
1770565466003,107724677471
1770565467003,107859481752
1770565468003,107994384361
1770565469003,108129488629
1770565470003,108264189883
1770565471003,108399194421
1770565472003,108534175337
1770565473003,108668957768
1770565474003,108803248257
1770565475003,108938256090
1770565476003,109073014473
1770565477003,109208153409
1770565478003,109343076770
1770565479003,109477948617
1770565480003,109612510467
1770565481003,109747438406
1770565482003,109882506786
1770565483003,110017279695
1770565484003,110152009941
1770565485003,110286987989
1770565486003,110421662876
1770565487003,110556497003
1770565488003,110691496109
1770565489003,110826301000
1770565490003,110961130001
1770565491003,111096224687
1770565492003,111231346716
1770565493003,111363662479
1770565494003,111500778400
1770565495003,111635802956
1770565496003,111770491881
1770565497003,111905700947
1770565498003,112040467203
1770565499003,112175395935
1770565500003,112310049216
1770565501003,112445033184
1770565502003,112580191164
1770565503003,112714728112
1770565504003,112849483626
1770565505003,112984425175
1770565506004,113119489038
1770565507003,113254384384
1770565508003,113389158575
1770565509003,113523900296
1770565510003,113658884996
1770565511003,113793969978
1770565512003,113928902921
1770565513003,114063291188
1770565514003,114198338144
1770565515003,114333400359
1770565516002,114468186025
1770565517003,114602796948
1770565518003,114737714998
1770565519003,114872957511
1770565520003,115007625196
1770565521004,115142539523
1770565522004,115277487054
1770565523003,115395024290
1770565524003,115532887462
1770565525003,115662406051
1770565526002,115798463870
1770565527002,115917726992
1770565528002,116015989924
1770565529002,116114123889
1770565530002,116211000838
1770565531002,116310210301
1770565532002,116413657668
1770565533002,116519063343
1770565534002,116625699057
1770565535002,116727843082
1770565536003,116858873692
1770565537003,117001396154
1770565538003,117136239376
1770565539003,117271622452
1770565540003,117406082435
1770565541003,117540934262
1770565542003,117676310259
1770565543003,117810567361
1770565544003,117945536193
1770565545004,118078470789
1770565546003,118215099712
1770565547003,118350087770
1770565548003,118485046653
1770565549003,118619694623
1770565550003,118754497806
1770565551003,118889538842
1770565552003,119024584822
1770565553004,119158805731
1770565554004,119293697964
1770565555003,119428633226
1770565556004,119563329109
1770565557003,119698094267
1770565558003,119833339832
1770565559003,119967967234
1770565560003,120102986114
1770565561003,120238086781
1770565562002,120372685680
1770565563003,120507338167
1770565564003,120641349787
1770565565003,120777029249
1770565566003,120911909580
1770565567003,121046886957
1770565568004,121182107924
1770565569003,121316858190
1770565570003,121451812312
1770565571003,121586588884
1770565572003,121721181496
1770565573003,121856266721
1770565574003,121990836384
1770565575004,122125912515
1770565576003,122260849792
1770565577003,122395669149
1770565578003,122530437725
1770565579003,122665228151
1770565580003,122800127830
1770565581003,122935493694
1770565582003,123070065310
1770565583002,123204640039
1770565584003,123339328903
1770565585003,123474550725
1770565586003,123609401149
1770565587003,123744188585
1770565588003,123879235846
1770565589003,124014258694
1770565590004,124149272753
1770565591003,124282064832
1770565592003,124418537261
1770565593003,124553425588
1770565594003,124688344859
1770565595003,124822855928
1770565596003,124958168448
1770565597003,125092778760
1770565598003,125227783542
1770565599003,125362487481
1770565600003,125497583449
1770565601003,125632215062
1770565602003,125767155940
1770565603003,125901937699
1770565604003,126036964637
1770565605003,126171622129
1770565606003,126306727557
1770565607003,126441338418
1770565608003,126576233947
1770565609003,126711290120
1770565610003,126846028422
1770565611003,126980638002
1770565612003,127115462364
1770565613003,127250348066
1770565614003,127385160892
1770565615003,127520099634
1770565616003,127655172713
1770565617003,127789930486
1770565618003,127924728175
1770565619003,128059691331
1770565620003,128194726202
1770565621003,128312695261
1770565622002,128450562889
1770565623002,128586199260
1770565624003,128721578797
1770565625002,128836471020
1770565626002,128936797362
1770565627002,129033833612
1770565628002,129132201342
1770565629002,129234770903
1770565630002,129339201117
1770565631002,129446031715
1770565632002,129549187335
1770565633003,129670645520
1770565634003,129815588325
1770565635003,129950556730
1770565636003,130085619372
1770565637003,130220321420
1770565638003,130355189361
1770565639003,130490314991
1770565640005,130625281809
1770565641003,130759764253
1770565642003,130894525260
1770565643003,131029700390
1770565644003,131164244174
1770565645003,131299173760
1770565646003,131434393568
1770565647003,131569293613
1770565648003,131704187616
1770565649003,131838361162
1770565650003,131973273475
1770565651003,132108427548
1770565652003,132243235553
1770565653003,132377777078
1770565654003,132512772582
1770565655003,132647583639
1770565656003,132782509135
1770565657003,132917411988
1770565658003,133051891136
1770565659003,133186962690
1770565660003,133321343510
1770565661003,133456641260
1770565662003,133591395126
1770565663003,133726328558
1770565664003,133861128567
1770565665003,133996298020
1770565666003,134130971015
1770565667003,134265635710
1770565668003,134400667896
1770565669003,134534904796
1770565670003,134669991669
1770565671003,134804987906
1770565672003,134939803295
1770565673003,135074945711
1770565674003,135209969962
1770565675003,135344816114
1770565676003,135479135838
1770565677003,135614008051
1770565678003,135748814103
1770565679003,135883881689
1770565680003,136018597775
1770565681003,136153530169
1770565682003,136288317788
1770565683003,136423420957
1770565684003,136558199848
1770565685003,136692968912
1770565686003,136827967651
1770565687003,136962693136
1770565688003,137097824443
1770565689003,137232439089
1770565690003,137367354210
1770565691003,137502519696
1770565692003,137637136600
1770565693003,137772275048
1770565694003,137906815841
1770565695003,138041634588
1770565696003,138176309414
1770565697003,138311438585
1770565698004,138446034859
1770565699003,138580947600
1770565700003,138715999256
1770565701003,138850835703
1770565702003,138985674102
1770565703003,139120410940
1770565704003,139255381847
1770565705004,139390029940
1770565706003,139525125175
1770565707003,139659806227
1770565708003,139794654026
1770565709003,139929531122
1770565710003,140064445816
1770565711003,140199275671
1770565712003,140334077816
1770565713003,140468719989
1770565714003,140603480203
1770565715005,140738917478
1770565716003,140873384541
1770565717003,141008421671
1770565718003,141143131897
1770565719003,141278182516
1770565720003,141413294536
1770565721003,141547450381
1770565722003,141682512108
1770565723002,141817159591
1770565724003,141952232060
1770565725003,142087159632
1770565726003,142222027268
1770565727004,142357027654
1770565728003,142491898708
1770565729003,142626797533
1770565730003,142761781562
1770565731003,142876540179
1770565732002,143012373389
1770565733002,143145809510
1770565734002,143282027423
1770565735002,143414372177
1770565736002,143520351703
1770565737002,143612566738
1770565738002,143703460365
1770565739002,143794936937
1770565740002,143892000470
1770565741002,143991503756
1770565742002,144093354020
1770565743002,144191945625
1770565744003,144303538357
1770565745003,144449295431
1770565746003,144586299352
1770565747003,144721295284
1770565748003,144856224748
1770565749003,144990938697
1770565750003,145125693906
1770565751003,145259835348
1770565752003,145395653909
1770565753002,145529054019
1770565754003,145665284688
1770565755003,145799927715
1770565756003,145935054017
1770565757003,146069813865
1770565758003,146204604108
1770565759003,146339663394
1770565760003,146474538049
1770565761003,146609248519
1770565762003,146744355534
1770565763003,146878721828
1770565764003,147013953233
1770565765003,147148471382
1770565766003,147283407865
1770565767003,147418558337
1770565768003,147553461434
1770565769003,147688428313
1770565770003,147820616573
1770565771003,147957731029
1770565772003,148091553440
1770565773003,148227523063
1770565774003,148362250257
1770565775003,148497265903
1770565776003,148632021661
1770565777003,148766790725
1770565778003,148901693395
1770565779003,149036756099
1770565780003,149171503007
1770565781003,149306402625
1770565782003,149440920164
1770565783003,149576172687
1770565784003,149710722818
1770565785003,149845662536
1770565786003,149980627706
1770565787003,150115450176
1770565788003,150250263429
1770565789003,150384308435
1770565790003,150519596724
1770565791003,150654227300
1770565792003,150789535242
1770565793003,150924202134
1770565794003,151059070502
1770565795003,151193977383
1770565796003,151328821764
1770565797003,151463785042
1770565798003,151598630583
1770565799003,151733277150
1770565800003,151868161143
1770565801003,152002946503
1770565802003,152137920584
1770565803003,152272538464
1770565804003,152407478305
1770565805003,152542436943
1770565806003,152677578809
1770565807003,152812518100
1770565808003,152946795772
1770565809003,153081828812
1770565810003,153216916662
1770565811003,153351331296
1770565812003,153486192279
1770565813003,153621408180
1770565814003,153756414121
1770565815003,153891326923
1770565816003,154026261331
1770565817003,154160948181
1770565818003,154295322043
1770565819003,154430259564
1770565820003,154565071170
1770565821003,154700229881
1770565822003,154834864363
1770565823003,154969963688
1770565824003,155104757776
1770565825003,155239630722
1770565826003,155374675726
1770565827003,155508687040
1770565828003,155643980822
1770565829004,155779116768
1770565830003,155913794402
1770565831003,156048543202
1770565832003,156183440989
1770565833003,156318216645
1770565834003,156453394339
1770565835003,156588178662
1770565836003,156723178987
1770565837003,156858066520
1770565838003,156992781202
1770565839003,157127430028
1770565840002,157244166301
1770565841002,157375505259
1770565842003,157508933629
1770565843002,157640935000
1770565844002,157772452119
1770565845002,157862387680
1770565846002,157957670700
1770565847002,158048366879
1770565848002,158144871515
1770565849002,158244886212
1770565850002,158343959384
1770565851002,158444350423
1770565852002,158553002733
1770565853003,158698607158
1770565854003,158836221918
1770565855003,158971066421
1770565856003,159106066381
1770565857003,159240926265
1770565858003,159375910478
1770565859003,159510903540
1770565860003,159645615231
1770565861003,159780558184
1770565862004,159915545815
1770565863003,160050021179
1770565864003,160184869649
1770565865003,160319848674
1770565866003,160454674317
1770565867003,160589657981
1770565868003,160721594777
1770565869003,160859187442
1770565870003,160993647181
1770565871003,161129018294
1770565872004,161263861333
1770565873003,161398709926
1770565874003,161533620591
1770565875003,161668491889
1770565876003,161803585964
1770565877003,161938588732
1770565878003,162072812204
1770565879003,162208001799
1770565880003,162342634267
1770565881003,162477874643
1770565882003,162612537141
1770565883003,162747639029
1770565884003,162882410717
1770565885003,163017225497
1770565886003,163152305900
1770565887003,163286761367
1770565888003,163421454808
1770565889003,163556010067
1770565890003,163691271195
1770565891003,163826056678
1770565892003,163960903379
1770565893003,164095872149
1770565894003,164230636941
1770565895003,164365364074
1770565896003,164499273582
1770565897003,164634691937
1770565898003,164769710695
1770565899003,164904405175
1770565900004,165039470259
1770565901003,165174229618
1770565902003,165309209497
1770565903003,165444071457
1770565904003,165578989629
1770565905003,165713887783
1770565906003,165848798875
1770565907003,165983538765
1770565908003,166118220305
1770565909003,166253062672
1770565910003,166387950937
1770565911003,166523087249
1770565912003,166657726248
1770565913003,166792903697
1770565914003,166927723909
1770565915003,167062140862
1770565916003,167196955031
1770565917003,167331933018
1770565918004,167466987482
1770565919004,167601814651
1770565920003,167736569128
1770565921003,167871591854
1770565922003,168006458574
1770565923003,168141497474
1770565924003,168274823365
1770565925003,168410517110
1770565926002,168540568474
1770565927002,168662179857
1770565928002,168799944213
1770565929002,168935229634
1770565930002,169068185165
1770565931002,169173504292
1770565932002,169274670415
1770565933002,169374150995
1770565934002,169478889436
1770565935003,169602033713
1770565936003,169746708086
1770565937002,169875204583
1770565938002,169985658768
1770565939002,170094908794
1770565940002,170201277845
1770565941002,170307861313
1770565942002,170412890279
1770565943002,170521171680
1770565944002,170644611488
1770565945002,170773542860
1770565946002,170913586507
1770565947002,171043546258
1770565948002,171174525293
1770565949003,171311978493
1770565950004,171447107358
1770565951004,171581936237
1770565952003,171716670877
1770565953027,171853154354
1770565954003,171986660543
1770565955002,172121410381
1770565956003,172256579224
1770565957002,172391379721
1770565958002,172526384014
1770565959002,172661107302
1770565960002,172796276756
1770565961002,172930938948
1770565962003,173066017093
1770565963003,173201177697
1770565964002,173335760727
1770565965002,173470408758
1770565966002,173605659267
1770565967002,173740481858
1770565968002,173875414191
1770565969002,174010238431
1770565970002,174145342822
1770565971003,174280287850
1770565972003,174415282804
1770565973003,174550135609
1770565974002,174684884653
1770565975003,174819873138
1770565976003,174954971181
1770565977003,175089664806
1770565978003,175224905121
1770565979002,175359682852
1770565980002,175494607190
1770565981002,175629474825
1770565982002,175764429253
1770565983002,175899400709
1770565984003,176034371189
1770565985003,176169409539
1770565986003,176304150772
1770565987003,176439108129
1770565988002,176574029658
1770565989002,176708980607
1770565990003,176843883521
1770565991002,176978999691
1770565992003,177113889604
1770565993002,177248959815
1770565994003,177383726499
1770565995003,177518485187
1770565996002,177653533853
1770565997003,177788348266
1770565998003,177923266194
1770565999002,178058266093
1770566000002,178193167115
1770566001003,178328099692
1770566002002,178462895001
1770566003002,178598046755
1770566004023,178735520280
1770566005003,178867819807
1770566006002,179002846805
1770566007003,179137607141
1770566008003,179272745467
1770566009003,179407527898
1770566010003,179542640223
1770566011003,179677564499
1770566012002,179812294684
1770566013002,179947239285
1770566014002,180082263658
1770566015002,180217107368
1770566016002,180352105008
1770566017003,180487137439
1770566018004,180621973458
1770566019006,180757027434
1770566020034,180895744669
1770566021025,181029553225
1770566022019,181163738307
1770566023004,181296690542
1770566024003,181431436962
1770566025010,181567233550
1770566026004,181701432914
1770566027003,181836306287
1770566028003,181971234347
1770566029003,182105944513
1770566030003,182240991225
1770566031003,182376024266
1770566032003,182510678889
1770566033003,182645847916
1770566034003,182780784948
1770566035002,182915577328
1770566036003,183050607072
1770566037003,183185584144
1770566038003,183320330442
1770566039003,183455306659
1770566040003,183590308083
1770566041003,183725345762
1770566042003,183860141499
1770566043003,183995129374
1770566044003,184129914551
1770566045003,184264844809
1770566046005,184399975688
1770566047003,184534766115
1770566048003,184669677512
1770566049003,184804609357
1770566050003,184939636294
1770566051003,185074537804
1770566052004,185209549605
1770566053004,185344347660
1770566054013,185480586020
1770566055005,185614494247
1770566056005,185749369390
1770566057004,185884276576
1770566058003,186019146226
1770566059002,186153806709
1770566060003,186288839444
1770566061004,186423854968
1770566062003,186558814827
1770566063004,186693737822
1770566064004,186828705860
1770566065037,186965604496
1770566066003,187098472869
1770566067003,187233440725
1770566068003,187368355723
1770566069003,187503300813
1770566070003,187638064323
1770566071004,187773173108
1770566072004,187908010348
1770566073004,188043040581
1770566074004,188177909193
1770566075004,188312894565
1770566076003,188447730280
1770566077003,188582656204
1770566078004,188717687047
1770566079007,188852696955
1770566080003,188987501542
1770566081004,189122445899
1770566082003,189257278378
1770566083003,189392158099
1770566084003,189527183327
1770566085003,189662195921
1770566086003,189797201923
1770566087004,189932085427
1770566088003,190067056456
1770566089003,190201800923
1770566090007,190337283243
1770566091003,190471698060
1770566092005,190606877767
1770566093004,190741662456
1770566094003,190876511354
1770566095003,191011228478
1770566096003,191146306501
1770566097003,191281197940
1770566098002,191415820460
1770566099004,191551104964
1770566100004,191686161381
1770566101003,191820929103
1770566102003,191955879075
1770566103003,192090747565
1770566104003,192225654873
1770566105002,192360649767
1770566106003,192495575874
1770566107004,192630582059
1770566108003,192765471973
1770566109035,192903278261
1770566110005,193035564299
1770566111004,193170321278
1770566112022,193305778756
1770566113003,193440150238
1770566114002,193574947012
1770566115012,193711318917
1770566116015,193846621854
1770566117003,193979788932
1770566118008,194114929089
1770566119010,194250426179
1770566120003,194384583734
1770566121003,194519582045
1770566122025,194655202670
1770566123006,194789853692
1770566124002,194924278519
1770566125003,195059120398
1770566126003,195194235469
1770566127006,195329582169
1770566128002,195463845131
1770566129003,195599017880
1770566130003,195733905291
1770566131004,195868967141
1770566132004,196003942930
1770566133004,196138834248
1770566134004,196273713724
1770566135003,196408551331
1770566136003,196543378256
1770566137003,196678437297
1770566138003,196813309816
1770566139003,196948355246
1770566140003,197083165692
1770566141003,197217681461
1770566142019,197355079120
1770566143003,197487976851
1770566144017,197624765563
1770566145004,197758005884
1770566146004,197892880844
1770566147003,198027748907
1770566148002,198162577541
1770566149002,198297384752
1770566150003,198432528815
1770566151005,198567643826
1770566152004,198702451098
1770566153003,198837371407
1770566154003,198971993987
1770566155003,199107017689
1770566156004,199242254159
1770566157004,199376975921
1770566158004,199512152028
1770566159004,199646860606
1770566160003,199781574617
1770566161003,199916681266
1770566162003,200051632702
1770566163004,200186705538
1770566164004,200321639091
1770566165003,200456482008
1770566166008,200592079805
1770566167003,200726205072
1770566168007,200861311965
1770566169003,200995971471
1770566170002,201130976497
1770566171002,201265831193
1770566172002,201400662879
1770566173002,201535700864
1770566174002,201670627215
1770566175003,201805340493
1770566176002,201940236693
1770566177003,202075407063
1770566178004,202210460062
1770566179005,202345504760
1770566180003,202480158590
1770566181003,202615035198
1770566182002,202750108277
1770566183003,202885031333
1770566184002,203019781476
1770566185002,203154749514
1770566186002,203289419397
1770566187002,203423955795
1770566188002,203558320442
1770566189002,203692895537
1770566190003,203826976980
1770566191002,203958702412
1770566192002,204091790389
1770566193002,204217139495
1770566194002,204343537487
1770566195002,204469377313
1770566196002,204595125649
1770566197002,204720410301
1770566198002,204845219186
1770566199002,204970217401
1770566200002,205094860698
1770566201002,205220042506
1770566202002,205345511789
1770566203002,205467364871
1770566204002,205587943603
1770566205002,205715656777
1770566206002,205835681433
1770566207002,205951596969
1770566208002,206062115973
1770566209002,206177286759
1770566210002,206321014907
1770566211002,206457460359
1770566212002,206592166435
1770566213002,206726851026
1770566214002,206855972949
1770566215002,206974233145
1770566216002,207092993766
1770566217002,207236478384
1770566218002,207371032483
1770566219002,207506028780
1770566220002,207637591615
1770566221002,207755772221
1770566222002,207878374263
1770566223002,208007497894
1770566224002,208139322752
1770566225002,208268763156
1770566226002,208389909879
1770566227002,208508919035
1770566228002,208628551541
1770566229002,208749456871
1770566230002,208868493005
1770566231002,208990084124
1770566232002,209121719346
1770566233002,209261032283
1770566234002,209395883561
1770566235003,209530907141
1770566236002,209665787289
1770566237003,209800555011
1770566238003,209934681437
1770566239002,210068453190
1770566240002,210198116310
1770566241002,210329993963
1770566242002,210467276510
1770566243004,210602817666
1770566244009,210737734557
1770566245005,210872407675
1770566246003,211007296062
1770566247007,211142610596
1770566248003,211276960838
1770566249003,211411221298
1770566250002,211545759039
1770566251002,211677804661
1770566252002,211813145195
1770566253002,211947861464
1770566254002,212079756757
1770566255002,212213510809
1770566256002,212348354580
1770566257003,212483734238
1770566258003,212618788275
1770566259020,212754396143
1770566260044,212892908850
1770566261005,213023770819
1770566262053,213159647913
1770566263015,213293461962
1770566264027,213430627932
1770566265003,213563231474
1770566266002,213698277515
1770566267002,213833123972
1770566268002,213967551790
1770566269002,214102663199
1770566270002,214237731274
1770566271007,214373282562
1770566272003,214507646049
1770566273003,214642616162
1770566274003,214777455051
1770566275003,214912461602
1770566276002,215047356948
1770566277002,215182052098
1770566278002,215317103571
1770566279002,215451962845
1770566280002,215587054052
1770566281002,215721870541
1770566282002,215857023149
1770566283002,215991839271
1770566284003,216126801938
1770566285003,216261849383
1770566286002,216396651833
1770566287002,216531512145
1770566288002,216666461567
1770566289002,216801440043
1770566290003,216936187317
1770566291002,217071241293
1770566292002,217206032757
1770566293002,217340953615
1770566294003,217476055381
1770566295002,217611063458
1770566296002,217745933840
1770566297002,217880996239
1770566298006,218016343488
1770566299002,218150792911
1770566300002,218285643152
1770566301002,218420537887
1770566302003,218555389959
1770566303002,218690391628
1770566304002,218825215074
1770566305002,218960317633
1770566306002,219095109830
1770566307002,219230112475
1770566308002,219365114998
1770566309002,219499951140
1770566310002,219634789112
1770566311003,219769951486
1770566312002,219904753265
1770566313004,220039947255
1770566314003,220174674205
1770566315003,220309624299
1770566316002,220444337943
1770566317002,220579506604
1770566318002,220714334628
1770566319003,220849355583
1770566320003,220984244581
1770566321002,221119137363
1770566322002,221254060236
1770566323003,221389027419
1770566324003,221523999486
1770566325002,221658745418
1770566326003,221793868119
1770566327003,221928768713
1770566328002,222063618222
1770566329002,222198568499
1770566330002,222333421974
1770566331002,222468261107
1770566332002,222603303303
1770566333002,222738319192
1770566334002,222873044189
1770566335002,223008249226
1770566336002,223143073100
1770566337004,223278208557
1770566338003,223413010336
1770566339003,223547918255
1770566340003,223682530337
1770566341002,223817674278
1770566342002,223952514692
1770566343002,224087375614
1770566344002,224222446252
1770566345003,224357565291
1770566346002,224492314031
1770566347002,224627158534
1770566348002,224762213303
1770566349002,224896843757
1770566350002,225031777676
1770566351002,225166916124
1770566352003,225301818916
1770566353003,225436918363
1770566354002,225571532886
1770566355003,225706519540
1770566356003,225841567046
1770566357003,225976464040
1770566358006,226111666575
1770566359004,226246429474
1770566360003,226381250357
1770566361003,226516313732
1770566362003,226651269502
1770566363002,226785924492
1770566364003,226920745680
1770566365003,227055665684
1770566366002,227190800470
1770566367002,227325567459
1770566368002,227460502721
1770566369002,227595383662
1770566370002,227730414384
1770566371002,227865411230
1770566372002,228000135007
1770566373002,228135191179
1770566374006,228270589331
1770566375002,228404955503
1770566376003,228540037067
1770566377003,228674794534
1770566378002,228809848022
1770566379003,228944755452
1770566380003,229079806803
1770566381003,229214679139
1770566382003,229349356223
1770566383002,229484539898
1770566384003,229619274477
1770566385003,229754152611
1770566386002,229889237959
1770566387002,230024197330
1770566388007,230159661461
1770566389002,230294000716
1770566390002,230428653143
1770566391002,230563320889
1770566392002,230698455064
1770566393002,230833706915
1770566394002,230968394681
1770566395010,231104510543
1770566396003,231238380623
1770566397002,231373222441
1770566398002,231508146168
1770566399004,231643418160
1770566400003,231778105193
1770566401002,231912934072
1770566402002,232047819469
1770566403008,232183772978
1770566404002,232317815115
1770566405002,232452551526
1770566406002,232587726046
1770566407003,232722512932
1770566408002,232857658765
1770566409003,232992297214
1770566410003,233127251215
1770566411002,233262321242
1770566412002,233397346165
1770566413002,233532231623
1770566414004,233667116959
1770566415030,233805544095
1770566416002,233936863583
1770566417003,234071686968
1770566418003,234206666054
1770566419002,234341723447
1770566420002,234476236287
1770566421002,234611375284
1770566422002,234746209534
1770566423003,234881357991
1770566424003,235016229899
1770566425003,235151238831
1770566426004,235286326254
1770566427010,235421945597
1770566428006,235556337098
1770566429003,235690959068
1770566430002,235825999799
1770566431002,235960456120
1770566432002,236095647058
1770566433002,236230292282
1770566434003,236365545476
1770566435015,236501456444
1770566436009,236636263350
1770566437002,236769780159
1770566438002,236905031033
1770566439003,237040184069
1770566440003,237174909371
1770566441002,237309610564
1770566442002,237444691761
1770566443003,237579814035
1770566444003,237714692840
1770566445002,237849708974
1770566446004,237984756785
1770566447003,238119579499
1770566448039,238256163866
1770566449003,238389231640
1770566450002,238524256502
1770566451002,238659191582
1770566452002,238794044935
1770566453002,238928755650
1770566454002,239063847162
1770566455003,239198920791
1770566456002,239333695348
1770566457003,239468349422
1770566458003,239603776749
1770566459002,239738727148
1770566460002,239873575985
1770566461002,240008448076
1770566462002,240143382912
1770566463003,240278105162
1770566464003,240413107929
1770566465002,240547986063
1770566466002,240682952819
1770566467002,240817808370
1770566468003,240952879435
1770566469002,241087420473
1770566470002,241222620993
1770566471028,241357712444
1770566472003,241492475954
1770566473003,241627476219
1770566474021,241763452556
1770566475002,241896442389
1770566476002,242032051599
1770566477003,242167033615
1770566478003,242301716192
1770566479003,242436761379
1770566480002,242571430407
1770566481010,242707656804
1770566482004,242841634061
1770566483002,242976494372
1770566484003,243111569161
1770566485002,243245535737
1770566486002,243380607534
1770566487002,243514638136
1770566488002,243643147207
1770566489002,243773393150
1770566490002,243903000911
1770566491002,244033046782
1770566492002,244162742495
1770566493002,244293759738
1770566494002,244431396348
1770566495003,244566316047
1770566496003,244701392910
1770566497003,244836319811
1770566498003,244971095162
1770566499003,245106086332
1770566500004,245241101246
1770566501003,245375918039
1770566502007,245511406035
1770566503003,245645948903
1770566504002,245780568554
1770566505002,245915526704
1770566506002,246050533622
1770566507002,246184509109
1770566508002,246319170873
1770566509002,246449923102
1770566510002,246580434548
1770566511002,246709885083
1770566512002,246844629977
1770566513002,246975621952
1770566514002,247098563593
1770566515002,247224350258
1770566516002,247348633265
1770566517002,247465727020
1770566518002,247584473665
1770566519002,247693607785
1770566520002,247806221388
1770566521002,247913723493
1770566522002,248023089912
1770566523002,248131972873
1770566524002,248243494133
1770566525002,248351934957
1770566526002,248461913679
1770566527002,248575234617
1770566528002,248688267714
1770566529002,248798636999
1770566530002,248907960328
1770566531002,249017425929
1770566532002,249127011586
1770566533002,249236023941
1770566534002,249346675940
1770566535002,249481177671
1770566536002,249621609868
1770566537002,249755762051
1770566538002,249872949923
1770566539002,249999974744
1770566540002,250138756920
1770566541002,250264449714
1770566542002,250378047201
1770566543002,250491001136
1770566544002,250604302848
1770566545002,250724020620
1770566546002,250840280454
1770566547002,250961986441
1770566548002,251079048703
1770566549002,251196708314
1770566550002,251308398580
1770566551002,251424997768
1770566552002,251547455890
1770566553002,251663189480
1770566554002,251777695718
1770566555002,251893278796
1770566556002,252031535339
1770566557003,252169847790
1770566558003,252304581637
1770566559003,252439901115
1770566560003,252573906509
1770566561003,252709369663
1770566562002,252843797542
1770566563002,252977613239
1770566564002,253107820670
1770566565002,253238116418
1770566566002,253369032342
1770566567002,253504958203
1770566568002,253640393525
1770566569002,253770146733
1770566570002,253903411468
1770566571002,254038830982
1770566572002,254164869050
1770566573003,254303544232
1770566574003,254438559206
1770566575004,254573658592
1770566576022,254710698707
1770566577034,254845101195
1770566578004,254978441308
1770566579003,255112964706
1770566580003,255248260075
1770566581002,255383020106
1770566582003,255518088242
1770566583003,255652705207
1770566584002,255787776883
1770566585002,255922503161
1770566586003,256057654488
1770566587003,256192673124
1770566588006,256327933459
1770566589003,256462374521
1770566590003,256597401458
1770566591002,256732049124
1770566592003,256866743908
1770566593002,257002005708
1770566594002,257137065848
1770566595002,257271809888
1770566596003,257406801547
1770566597003,257541827141
1770566598002,257676685072
1770566599002,257811539097
1770566600002,257946497187
1770566601002,258081345413
1770566602002,258216260168
1770566603003,258351225582
1770566604003,258486058855
1770566605002,258621120459
1770566606002,258755998288
1770566607002,258891004656
1770566608002,259025832314
1770566609002,259160860045
1770566610002,259295644184
1770566611003,259430778421
1770566612003,259565693115
1770566613002,259700527791
1770566614002,259835346355
1770566615007,259970112367
1770566616003,260105342795
1770566617003,260240288556
1770566618002,260375205447
1770566619002,260510157494
1770566620002,260644923506
1770566621002,260779881107
1770566622002,260914868860
1770566623002,261049698593
1770566624002,261184786077
1770566625002,261319755153
1770566626003,261454576890
1770566627003,261589551703
1770566628003,261724461941
1770566629002,261859452135
1770566630007,261994916998
1770566631003,262129279508
1770566632003,120938594
1770566633002,255786271
1770566634002,390683081
1770566635003,525598935
1770566636002,660508196
1770566637002,795558693
1770566638003,930382139
1770566639003,1065443805
1770566640003,1200082865
1770566641003,1335282531
1770566642003,1470041280
1770566643002,1605077861
1770566644002,1739866151
1770566645003,1874867270
1770566646002,2009835125
1770566647002,2144789980
1770566648002,2279634422
1770566649002,2414625471
1770566650002,2549520755
1770566651002,2684300562
1770566652002,2819382125
1770566653002,2954280461
1770566654002,3089224086
1770566655002,3224102769
1770566656003,3359228460
1770566657003,3494009732
1770566658003,3629107408
1770566659006,3764331061
1770566660004,3899046414
1770566661004,4033977343
1770566662008,4169516913
1770566663003,4303773955
1770566664002,4438653065
1770566665003,4573500742
1770566666002,4708350129
1770566667002,4843321280
1770566668003,4978150158
1770566669002,5113223909
1770566670002,5248110588
1770566671002,5383066724
1770566672003,5518093905
1770566673005,5653048394
1770566674004,5788160047
1770566675003,5922781468
1770566676002,6057650508
1770566677002,6192444779
1770566678002,6327379370
1770566679004,6462640560
1770566680003,6597514970
1770566681003,6732365272
1770566682003,6867320066
1770566683003,7002386248
1770566684003,7137186257
1770566685019,7273557795
1770566686004,7407165302
1770566687002,7541999430
1770566688002,7676768860
1770566689003,7811766744
1770566690002,7946641765
1770566691002,8081584169
1770566692004,8216699973
1770566693003,8351464948
1770566694003,8486306583
1770566695002,8621335778
1770566696003,8756344099
1770566697003,8891289433
1770566698002,9026168909
1770566699018,9163027384
1770566700002,9295919500
1770566701002,9430853603
1770566702003,9565877427
1770566703003,9700839179
1770566704004,9835885464
1770566705003,9970718188
1770566706006,10105787117
1770566707003,10240604155
1770566708003,10375382923
1770566709003,10510111949
1770566710003,10645105805
1770566711003,10780128225
1770566712003,10915130260
1770566713003,11050080354
1770566714004,11184994681
1770566715006,11320066601
1770566716005,11454996065
1770566717003,11589865227
1770566718002,11724504042
1770566719003,11859639622
1770566720003,11994505915
1770566721002,12129248917
1770566722002,12264259252
1770566723003,12399288509
1770566724002,12534197404
1770566725003,12669195594
1770566726005,12804342709
1770566727005,12939149553
1770566728003,13074001686
1770566729003,13208960142
1770566730003,13343861835
1770566731003,13478773233
1770566732002,13613638305
1770566733003,13748547628
1770566734002,13883520976
1770566735004,14018726868
1770566736014,14153619284
1770566737003,14288268292
1770566738004,14423161562
1770566739003,14557894921
1770566740014,14693589642
1770566741002,14827845341
1770566742002,14962858484
1770566743002,15097500656
1770566744003,15232670660
1770566745003,15367448208
1770566746003,15502295091
1770566747002,15637049629
1770566748003,15772200650
1770566749003,15906698475
1770566750002,16041836740
1770566751002,16176846404
1770566752002,16311693044
1770566753014,16448412481
1770566754015,16583358242
1770566755002,16716578421
1770566756002,16851588207
1770566757002,16986301241
1770566758002,17121281059
1770566759002,17256200513
1770566760002,17390929478
1770566761002,17526151238
1770566762003,17660833755
1770566763002,17795908727
1770566764003,17930940363
1770566765003,18065748490
1770566766003,18200595068
1770566767002,18335802974
1770566768002,18469989398
1770566769003,18605592018
1770566770003,18740495053
1770566771004,18875427814
1770566772002,19010077005
1770566773002,19144928039
1770566774002,19280022420
1770566775002,19415043498
1770566776002,19550017761
1770566777002,19685106283
1770566778011,19820396037
1770566779003,19954859010
1770566780003,20089835105
1770566781003,20224719220
1770566782003,20359640750
1770566783003,20494403222
1770566784002,20629102279
1770566785002,20764028936
1770566786002,20899089076
1770566787002,21033773301
1770566788002,21168903082
1770566789002,21303020598
1770566790002,21438460864
1770566791002,21573457222
1770566792002,21707829071
1770566793002,21841093561
1770566794003,21975562577
1770566795007,22111840671
1770566796014,22248542347
1770566797003,22381547195
1770566798004,22516667637
1770566799007,22652021661
1770566800022,22787119826
1770566801012,22922526950
1770566802031,23057862114
1770566803004,23191536759
1770566804003,23326086586
1770566805015,23462565851
1770566806003,23596018146
1770566807002,23730183513
1770566808002,23865786071
1770566809004,24000893452
1770566810004,24135689982
1770566811002,24270266603
1770566812003,24405299826
1770566813003,24540194562
1770566814002,24675302980
1770566815002,24810053551
1770566816003,24945114851
1770566817003,25080262393
1770566818003,25215046472
1770566819025,25352611793
1770566820004,25485198429
1770566821009,25619815272
1770566822003,25754670151
1770566823003,25889636053
1770566824003,26024558376
1770566825003,26159705308
1770566826003,26294326118
1770566827002,26429327604
1770566828002,26564046925
1770566829002,26699179452
1770566830002,26833915008
1770566831019,26971156356
1770566832016,27105513373
1770566833002,27238792145
1770566834003,27373850638
1770566835003,27508851696
1770566836003,27643575350
1770566837014,27779892201
1770566838008,27914215282
1770566839005,28048320408
1770566840004,28183663567
1770566841009,28319057813
1770566842003,28453234898
1770566843002,28588165400
1770566844002,28722862870
1770566845002,28858050024
1770566846002,28992816891
1770566847003,29127805132
1770566848002,29262945289
1770566849002,29397843869
1770566850002,29532589984
1770566851004,29667644143
1770566852003,29802333251
1770566853003,29937434773
1770566854003,30072249308
1770566855002,30207078858
1770566856002,30342026145
1770566857002,30477186199
1770566858003,30611926638
1770566859002,30746782738
1770566860002,30881801435
1770566861002,31016547611
1770566862003,31151249293
1770566863002,31286447311
1770566864002,31420998541
1770566865003,31556067897
1770566866003,31691111375
1770566867057,31828813110
1770566868046,31963648519
1770566869009,32096415818
1770566870019,32231534674
1770566871048,32369674091
1770566872025,32501886216
1770566873004,32635793161
1770566874008,32771069365
1770566875003,32905474965
1770566876002,33040258739
1770566877002,33175163728
1770566878002,33310233756
1770566879003,33445203198
1770566880003,33580091219
1770566881002,33714825921
1770566882002,33849853407
1770566883002,33984832981
1770566884003,34119644342
1770566885004,34254675186
1770566886003,34389524938
1770566887003,34524560359
1770566888003,34659431230
1770566889002,34794300879
1770566890003,34929256406
1770566891003,35064233050
1770566892003,35199106484
1770566893002,35334100767
1770566894002,35468954731
1770566895003,35603902261
1770566896004,35738996642
1770566897004,35874000020
1770566898008,36009346292
1770566899003,36143735474
1770566900002,36278625266
1770566901002,36413559429
1770566902002,36548346011
1770566903002,36683179894
1770566904002,36818167708
1770566905003,36953089664
1770566906004,37088245996
1770566907003,37223030075
1770566908002,37357904607
1770566909002,37492850124
1770566910003,37627606920
1770566911002,37762686835
1770566912003,37897704373
1770566913002,38032394702
1770566914002,38167400521
1770566915002,38302144805
1770566916002,38437057057
1770566917002,38572141550
1770566918002,38706998993
1770566919002,38841859487
1770566920002,38976754650
1770566921002,39111795503
1770566922003,39246557426
1770566923003,39381170180
1770566924002,39515873021
1770566925002,39650617000
1770566926002,39785352983
1770566927002,39919758400
1770566928002,40053219362
1770566929002,40187827843
1770566930002,40321559984
1770566931002,40457212835
1770566932002,40591205778
1770566933002,40725719350
1770566934002,40860031750
1770566935002,40994649508
1770566936002,41128879451
1770566937002,41263278826
1770566938002,41397063884
1770566939002,41531912782
1770566940002,41666408897
1770566941002,41800271042
1770566942002,41934735481
1770566943002,42069153105
1770566944002,42203702871
1770566945002,42337655653
1770566946002,42471454139
1770566947002,42605707701
1770566948002,42741119464
1770566949003,42875991860
1770566950003,43007342903
1770566951002,43141397675
1770566952002,43270612493
1770566953002,43396940478
1770566954002,43522539827
1770566955002,43647604936
1770566956002,43772325198
1770566957002,43897011524
1770566958002,44022800204
1770566959002,44148140825
1770566960002,44273418337
1770566961002,44398196459
1770566962002,44523732576
1770566963002,44649182023
1770566964002,44787803616
1770566965023,44923924667
1770566966013,45059366215
1770566967041,45197774124
1770566968043,45332719519
1770566969031,45466046387
1770566970056,45600944235
1770566971129,45749376472
1770566972066,45874544365
1770566973039,46006300497
1770566974030,46139747238
1770566975004,46272346630
1770566976002,46406820895
1770566977003,46542183586
1770566978002,46677085218
1770566979002,46811754917
1770566980002,46946849359
1770566981002,47081824538
1770566982003,47216664037
1770566983002,47351614863
1770566984002,47486501175
1770566985002,47621411108
1770566986002,47756345516
1770566987002,47891192339
1770566988002,48026109596
1770566989002,48161128843
1770566990003,48296079852
1770566991003,48430685099
1770566992002,48565877135
1770566993002,48700864156
1770566994002,48835566875
1770566995002,48970554017
1770566996002,49105610556
1770566997002,49240432110
1770566998002,49375520937
1770566999003,49510411216
1770567000003,49645440473
1770567001003,49780315372
1770567002003,49915197595
1770567003002,50050117232
1770567004002,50185097966
1770567005003,50320062403
1770567006002,50454748032
1770567007002,50589878241
1770567008002,50724533841
1770567009002,50859686998
1770567010002,50994563179
1770567011002,51129647611
1770567012002,51264366321
1770567013002,51399314706
1770567014002,51534253875
1770567015004,51669517383
1770567016002,51804025950
1770567017002,51938930512
1770567018002,52074000296
1770567019002,52208776013
1770567020005,52344154511
1770567021002,52478589104
1770567022002,52613675306
1770567023002,52748517612
1770567024002,52883474359
1770567025002,53018546034
1770567026002,53153355992
1770567027002,53287916500
1770567028002,53423139420
1770567029002,53558028113
1770567030002,53693118465
1770567031002,53828039323
1770567032002,53962970985
1770567033002,54097864743
1770567034002,54232742145
1770567035002,54367679666
1770567036002,54502444946
1770567037002,54637061544
1770567038002,54770994856
1770567039002,54906174198
1770567040003,55040864710
1770567041002,55175452866
1770567042002,55310487616
1770567043002,55445489650
1770567044002,55579988879
1770567045002,55714790047
1770567046002,55849584380
1770567047002,55984313405
1770567048002,56118576001
1770567049002,56253412631
1770567050002,56388141900
1770567051002,56522883377
1770567052002,56657251685
1770567053002,56791397765
1770567054002,56926859149
1770567055003,57061568338
1770567056004,57196595214
1770567057004,57331577657
1770567058003,57466461772
1770567059002,57601360840
1770567060003,57736348410
1770567061010,57872066385
1770567062003,58006192690
1770567063003,58141115440
1770567064003,58275973432
1770567065003,58411007877
1770567066003,58545928979
1770567067004,58680952132
1770567068003,58815663579
1770567069003,58950716761
1770567070003,59085606186
1770567071004,59220617804
1770567072004,59355447964
1770567073004,59490506822
1770567074004,59625463386
1770567075004,59760330167
1770567076004,59895296740
1770567077005,60030205025
1770567078004,60165104827
1770567079004,60300048268
1770567080004,60434985117
1770567081004,60569894867
1770567082004,60704818228
1770567083004,60839793041
1770567084006,60975018769
1770567085004,61109569755
1770567086003,61244410779
1770567087003,61379389743
1770567088004,61514227044
1770567089003,61649319045
1770567090004,61784210301
1770567091004,61919179132
1770567092003,62054062576
1770567093004,62189031164
1770567094003,62323958492
1770567095003,62458882097
1770567096004,62593772132
1770567097004,62728778989
1770567098004,62863749468
1770567099004,62998571145
1770567100004,63133482787
1770567101005,63268527790
1770567102005,63403439798
1770567103004,63538411926
1770567104004,63673334188
1770567105004,63808243877
1770567106004,63943073976
1770567107004,64078074057
1770567108004,64213043683
1770567109004,64347822024
1770567110003,64482731469
1770567111004,64617710676
1770567112005,64752772831
1770567113004,64887652490
1770567114004,65022564620
1770567115004,65157499150
1770567116004,65292412318
1770567117003,65427207627
1770567118003,65562188971
1770567119018,65697348965
1770567120008,65832518480
1770567121004,65967068672
1770567122004,66102009916
1770567123007,66237405138
1770567124004,66371832407
1770567125005,66506902007
1770567126005,66641832814
1770567127004,66776632151
1770567128004,66911547333
1770567129004,67046497488
1770567130004,67181494457
1770567131004,67316372713
1770567132003,67451239250
1770567133003,67586062391
1770567134004,67721130649
1770567135004,67855947076
1770567136003,67991002639
1770567137004,68125975865
1770567138004,68260760066
1770567139004,68395851639
1770567140004,68530789892
1770567141004,68665543331
1770567142004,68800614946
1770567143004,68935504738
1770567144005,69070535337
1770567145004,69205452228
1770567146004,69340250161
1770567147004,69475285338
1770567148004,69610158162
1770567149004,69745063273
1770567150004,69879935791
1770567151004,70014848715
1770567152004,70149842815
1770567153004,70284679995
1770567154004,70419785362
1770567155004,70554712995
1770567156004,70689649966
1770567157004,70824397790
1770567158004,70959371627
1770567159004,71094252263
1770567160004,71229274927
1770567161004,71364237900
1770567162004,71499170965
1770567163003,71633864712
1770567164003,71768947923
1770567165004,71903857368
1770567166003,72038744291
1770567167006,72174127123
1770567168004,72308757882
1770567169003,72443551909
1770567170003,72578427968
1770567171004,72713474558
1770567172004,72848553070
1770567173004,72983394216
1770567174006,73118421275
1770567175005,73253352693
1770567176003,73388087211
1770567177004,73523035901
1770567178004,73658042880
1770567179004,73793007622
1770567180004,73927916884
1770567181003,74062522191
1770567182003,74197685297
1770567183004,74332577591
1770567184003,74467602026
1770567185004,74602469600
1770567186005,74737577042
1770567187004,74872342750
1770567188004,75007384091
1770567189004,75142326678
1770567190005,75277101967
1770567191005,75412201353
1770567192004,75547028583
1770567193005,75682018167
1770567194004,75816854858
1770567195004,75951882589
1770567196012,76087740456
1770567197005,76221696900
1770567198003,76356639426
1770567199003,76491475018
1770567200003,76626263614
1770567201003,76761204980
1770567202002,76896045455
1770567203002,77031034611
1770567204002,77165681483
1770567205002,77300718613
1770567206002,77435871893
1770567207002,77570838222
1770567208002,77705422045
1770567209002,77840387153
1770567210002,77975329313
1770567211002,78110381213
1770567212002,78245220529
1770567213002,78379935089
1770567214002,78515208546
1770567215002,78649829844
1770567216002,78784676362
1770567217002,78919556266
1770567218002,79054665234
1770567219002,79189204440
1770567220002,79324372795
1770567221002,79458754165
1770567222002,79593929600
1770567223003,79729268121
1770567224003,79863926346
1770567225004,79998970128
1770567226003,80133847713
1770567227003,80268678117
1770567228003,80403560889
1770567229003,80538596249
1770567230004,80673534747
1770567231003,80808523476
1770567232003,80943396971
1770567233003,81078306965
1770567234003,81213282144
1770567235002,81348066833
1770567236002,81482883810
1770567237002,81617563458
1770567238002,81752729005
1770567239002,81887556480
1770567240002,82022379011
1770567241002,82157355167
1770567242002,82292097742
1770567243002,82427142440
1770567244002,82561257453
1770567245002,82695791288
1770567246002,82829839529
1770567247002,82964442151
1770567248002,83098643712
1770567249002,83233253719
1770567250002,83367823931
1770567251002,83502524880
1770567252002,83635801028
1770567253002,83768831022
1770567254002,83899040894
1770567255002,84028215551
1770567256002,84158097909
1770567257002,84288117962
1770567258002,84417165605
1770567259002,84544238217
1770567260002,84671462805
1770567261002,84799411636
1770567262002,84927109063
1770567263002,85053691319
1770567264002,85180524185
1770567265002,85307753718
1770567266002,85434377661
1770567267002,85559686240
1770567268002,85682494214
1770567269002,85805715944
1770567270002,85929163870
1770567271002,86051832074
1770567272002,86174930575
1770567273002,86293379613
1770567274003,86415678677
1770567275003,86559004177
1770567276003,86694019273
1770567277003,86829048469
1770567278002,86963531156
1770567279002,87098721362
1770567280002,87233191355
1770567281002,87368594878
1770567282002,87503071035
1770567283002,87636352920
1770567284002,87761814147
1770567285003,87902230902
1770567286002,88037060940
1770567287002,88171464710
1770567288002,88301659811
1770567289002,88425798592
1770567290002,88542137101
1770567291002,88653468969
1770567292002,88759096750
1770567293002,88862938464
1770567294002,88964959688
1770567295002,89067355544
1770567296002,89168958921
1770567297002,89269276474
1770567298002,89368995274
1770567299002,89467948146
1770567300002,89568439710
1770567301002,89668423402
1770567302002,89770290878
1770567303002,89879934762
1770567304002,89995177997
1770567305002,90115697098
1770567306002,90254093167
1770567307003,90392314981
1770567308018,90527924558
1770567309006,90662665669
1770567310022,90798567298
1770567311055,90934018795
1770567312024,91069606704
1770567313003,91201564680
1770567314003,91336204899
1770567315004,91471395532
1770567316004,91606288741
1770567317003,91741284489
1770567318003,91876218958
1770567319002,92010986619
1770567320003,92146122320
1770567321003,92280662808
1770567322002,92408007636
1770567323002,92533756277
1770567324002,92657529031
1770567325002,92782775964
1770567326002,92906627453
1770567327003,93033981803
1770567328003,93161990081
1770567329002,93289390145
1770567330002,93407886912
1770567331002,93529110052
1770567332002,93647219735
1770567333002,93765921091
1770567334002,93884188122
1770567335002,94002927442
1770567336002,94121583694
1770567337002,94242197765
1770567338002,94362536690
1770567339002,94488857106
1770567340002,94615251436
1770567341002,94751029165
1770567342002,94886102794
1770567343002,95019430516
1770567344002,95149167916
1770567345002,95279345989
1770567346002,95411424813
1770567347002,95524079798
1770567348015,95638875952
1770567349002,95750303706
1770567350002,95861749283
1770567351002,95974581819
1770567352002,96086820057
1770567353002,96198716438
1770567354002,96310360866
1770567355002,96422426741
1770567356002,96534429751
1770567357002,96647558062
1770567358002,96760494907
1770567359002,96877255350
1770567360002,96984311778
1770567361002,97091184673
1770567362002,97197165237
1770567363002,97303370348
1770567364002,97409575459
1770567365002,97515480767
1770567366002,97622009852
1770567367002,97728696835
1770567368002,97834612946
1770567369002,97940137517
1770567370002,98045595133
1770567371002,98151154982
1770567372002,98257512986
1770567373002,98363834796
1770567374002,98469366814
1770567375002,98574988614
1770567376002,98680787171
1770567377002,98786678379
1770567378002,98892650093
1770567379002,98998845744
1770567380002,99104120255
1770567381002,99210672533
1770567382002,99316751058
1770567383002,99422868767
1770567384002,99528425870
1770567385002,99634011232
1770567386002,99739729712
1770567387002,99845204112
1770567388002,99951167342
1770567389002,100056550556
1770567390002,100162313041
1770567391002,100268202175
1770567392002,100374633970
1770567393002,100480566865
1770567394002,100586508244
1770567395002,100701112504
1770567396002,100811732582
1770567397002,100916160233
1770567398002,101016708498
1770567399002,101116012321
1770567400002,101217211281
1770567401002,101319105978
1770567402002,101418886118
1770567403002,101518299194
1770567404002,101617190115
1770567405002,101716366436
1770567406002,101815628938
1770567407002,101914191918
1770567408002,102012695817
1770567409002,102112128973
1770567410002,102210725400
1770567411002,102310499375
1770567412002,102409711585
1770567413002,102508505949
1770567414002,102607456379
1770567415002,102706074596
1770567416002,102805413514
1770567417002,102904103019
1770567418002,103003017866
1770567419002,103101471472
1770567420002,103200405300
1770567421002,103299291339
1770567422002,103398618721
1770567423002,103498090207
1770567424002,103597536059
1770567425002,103696235269
1770567426002,103795418731
1770567427002,103894333700
1770567428002,103993632823
1770567429002,104092235171
1770567430002,104194218613
1770567431002,104303868174
1770567432002,104423758004
1770567433002,104537201439
1770567434002,104648230268
1770567435002,104760871581
1770567436002,104862701521
1770567437002,104969888197
1770567438002,105078448832
1770567439002,105187452948
1770567440002,105301393757
1770567441005,105443280235
1770567442004,105581051855
1770567443004,105715902523
1770567444097,105852876904
1770567445043,105990844019
1770567446097,106122775993
1770567447005,106255679339
1770567448109,106399121782
1770567449117,106536816193
1770567450027,106662033951
1770567451067,106799626860
1770567452038,106932418390
1770567453008,107065784138
1770567454002,107199769024
1770567455003,107334788454
1770567456002,107469736107
1770567457002,107604600630
1770567458002,107739696414
1770567459003,107874587854
1770567460002,108009268112
1770567461002,108144084417
1770567462002,108279249049
1770567463002,108414065232
1770567464003,108549036444
1770567465002,108683956753
1770567466003,108818905260
1770567467002,108953875191
1770567468007,109089475002
1770567469003,109223782703
1770567470003,109358628610
1770567471002,109493594207
1770567472003,109628565846
1770567473002,109763291942
1770567474003,109898279328
1770567475002,110033305655
1770567476003,110168202099
1770567477003,110303141878
1770567478003,110438051140
1770567479002,110572919630
1770567480003,110708001987
1770567481002,110842846063
1770567482002,110977781325
1770567483003,111112752843
1770567484003,111247715266
1770567485004,111382704117
1770567486003,111517628393
1770567487003,111652567989
1770567488003,111787524797
1770567489002,111922293983
1770567490002,112057186277
1770567491002,112192078266
1770567492003,112327020120
1770567493008,112462097594
1770567494002,112597012226
1770567495003,112731975626
1770567496003,112866823425
1770567497003,113001795370
1770567498003,113136709636
1770567499002,113271535585
1770567500003,113406588462
1770567501002,113541427961
1770567502002,113676346683
1770567503003,113811322045
1770567504003,113946426497
1770567505003,114081284672
1770567506003,114216052943
1770567507003,114351092270
1770567508002,114485916265
1770567509002,114620947658
1770567510002,114755783922
1770567511002,114890740241
1770567512003,115025699429
1770567513006,115161046373
1770567514002,115295515267
1770567515008,115431106351
1770567516003,115565377552
1770567517002,115700285715
1770567518002,115835152435
1770567519002,115970127615
1770567520002,116105068737
1770567521003,116240029145
1770567522003,116374754875
1770567523002,116509788953
1770567524002,116644856112
1770567525002,116779520989
1770567526002,116914653029
1770567527002,117049548252
1770567528002,117184449152
1770567529002,117319399307
1770567530003,117454329259
1770567531003,117589207332
1770567532002,117724129045
1770567533002,117859175574
1770567534002,117994058713
1770567535003,118129085345
1770567536003,118264036171
1770567537002,118398797850
1770567538007,118533791035
1770567539003,118668732523
1770567540003,118803795348
1770567541003,118938718770
1770567542003,119073515422
1770567543003,119208447022
1770567544002,119343432211
1770567545002,119478202008
1770567546003,119613283755
1770567547003,119748157677
1770567548002,119883159162
1770567549003,120018114566
1770567550002,120152971033
1770567551002,120287937179
1770567552002,120422792669
1770567553002,120557833033
1770567554002,120692677109
1770567555003,120827590704
1770567556003,120962547329
1770567557002,121097447680
1770567558021,121233991703
1770567559009,121367990322
1770567560003,121502246082
1770567561004,121637476754
1770567562004,121772196624
1770567563002,121907019032
1770567564003,122041942820
1770567565004,122176957367
1770567566004,122311917410
1770567567004,122446818310
1770567568004,122581813387
1770567569004,122716602043
1770567570004,122851691907
1770567571004,122986534824
1770567572004,123121488152
1770567573004,123256476698
1770567574004,123391279637
1770567575003,123525986140
1770567576008,123661814162
1770567577003,123795990393
1770567578002,123930895016
1770567579003,124065824785
1770567580002,124200788673
1770567581003,124335850156
1770567582003,124470695514
1770567583003,124605567300
1770567584003,124740541930
1770567585003,124875541706
1770567586004,125010597025
1770567587004,125145348206
1770567588004,125280288717
1770567589004,125415288127
1770567590004,125550141298
1770567591003,125684969322
1770567592002,125820072003
1770567593012,125956143371
1770567594003,126089915978
1770567595003,126224833479
1770567596003,126359636296
1770567597004,126494631006
1770567598003,126629731918
1770567599003,126764518316
1770567600004,126899580104
1770567601002,127034313158
1770567602003,127169291022
1770567603003,127304179959
1770567604003,127439160510
1770567605003,127574036385
1770567606003,127709102079
1770567607003,127843871571
1770567608004,127978884836
1770567609018,128115669825
1770567610003,128248672231
1770567611003,128383729686
1770567612003,128518530549
1770567613004,128653614798
1770567614003,128788418713
1770567615003,128923269625
1770567616003,129058276665
1770567617002,129193058669
1770567618003,129328105564
1770567619004,129463194269
1770567620004,129598151015
1770567621003,129733036046
1770567622003,129867774898
1770567623003,130002730363
1770567624004,130137800086
1770567625003,130272739010
1770567626004,130407543047
1770567627004,130542686073
1770567628003,130677561277
1770567629003,130812344807
1770567630003,130947286661
1770567631002,131082166687
1770567632003,131217225972
1770567633015,131353558997
1770567634003,131486955811
1770567635002,131621941245
1770567636003,131756963177
1770567637004,131891843874
1770567638004,132026787987
1770567639003,132161692854
1770567640003,132296661075
1770567641003,132431566064
1770567642002,132566313827
1770567643002,132701372563
1770567644003,132836258998
1770567645003,132971241013
1770567646003,133106167120
1770567647003,133241127529
1770567648003,133375976000
1770567649003,133510988899
1770567650004,133646015287
1770567651003,133780898914
1770567652003,133915706369
1770567653003,134050622832
1770567654003,134185496022
1770567655003,134320496348
1770567656003,134455450776
1770567657002,134590398489
1770567658002,134725204357
1770567659002,134860191683
1770567660002,134995158256
1770567661003,135130016309
1770567662003,135264988498
1770567663004,135399864251
1770567664003,135534746658
1770567665002,135669552648
1770567666003,135804628657
1770567667004,135939753006
1770567668003,136074685827
1770567669003,136209630855
1770567670004,136344535478
1770567671003,136479262733
1770567672002,136614259214
1770567673002,136749183307
1770567674002,136884008890
1770567675003,137019133971
1770567676003,137153917744
1770567677002,137289011210
1770567678002,137423654481
1770567679003,137558863790
1770567680002,137693688946
1770567681002,137828554323
1770567682002,137963528465
1770567683006,138098655682
1770567684002,138233279300
1770567685002,138368357262
1770567686002,138503186751
1770567687002,138638174016
1770567688002,138772952784
1770567689002,138907960251
1770567690002,139042867438
1770567691002,139177656399
1770567692002,139312608385
1770567693002,139447273018
1770567694002,139582107146
1770567695002,139717236011
1770567696003,139851162243
1770567697002,139981932172
1770567698002,140113427075
1770567699002,140246475623
1770567700002,140380250977
1770567701002,140510435580
1770567702002,140638442210
1770567703003,140766290211
1770567704002,140894603603
1770567705002,141025380978
1770567706002,141155463470
1770567707002,141282912362
1770567708002,141410272388
1770567709002,141538209499
1770567710002,141664349435
1770567711002,141792623093
1770567712002,141921145103
1770567713002,142048321536
1770567714002,142175950970
1770567715002,142304457415
1770567716002,142435279529
1770567717002,142562798124
1770567718002,142691285588
1770567719002,142823435640
1770567720002,142956984676
1770567721002,143084665257
1770567722002,143207740320
1770567723002,143332060376
1770567724002,143457301266
1770567725002,143581166549
1770567726002,143719356931
1770567727002,143855252213
1770567728002,143990032812
1770567729002,144124557492
1770567730002,144258932881
1770567731002,144393590312
1770567732002,144518461208
1770567733002,144635996857
1770567734002,144756934291
1770567735002,144884232488
1770567736002,144999962234
1770567737002,145115844750
1770567738002,145229683142
1770567739002,145348651466
1770567740002,145462535512
1770567741002,145571681412
1770567742002,145680456341
1770567743002,145789264473
1770567744002,145896326638
1770567745002,146004007759
1770567746002,146113099277
1770567747002,146224666008
1770567748002,146333789263
1770567749002,146441092883
1770567750002,146549283097
1770567751002,146657779889
1770567752002,146766093638
1770567753002,146873815957
1770567754002,146981303597
1770567755002,147088193887
1770567756002,147198495546
1770567757002,147336665907
1770567758002,147476060021
1770567759002,147610807479
1770567760002,147744562751
1770567761002,147877965364
1770567762002,148004891370
1770567763002,148120833578
1770567764002,148233312782
1770567765002,148345363459
1770567766002,148458668711
1770567767002,148573495688
1770567768002,148686531898
1770567769002,148794157232
1770567770002,148901562475
1770567771002,149009061895
1770567772002,149117513521
1770567773002,149226232542
1770567774002,149333074188
1770567775002,149439929200
1770567776002,149547804168
1770567777002,149655622434
1770567778002,149763909328
1770567779002,149873237295
1770567780002,149980309836
1770567781002,150087904836
1770567782002,150195576679
1770567783002,150304395798
1770567784002,150413051465
1770567785002,150520318219
1770567786002,150627894359
1770567787002,150734551740
1770567788002,150840942886
1770567789002,150948083054
1770567790002,151054642779
1770567791002,151161944506
1770567792002,151269338030
1770567793002,151376228747
1770567794002,151483336139
1770567795002,151597306001
1770567796002,151716323397
1770567797002,151823452090
1770567798002,151940106149
1770567799002,152061156742
1770567800002,152173637656
1770567801002,152286387428
1770567802002,152399612175
1770567803002,152513170295
1770567804002,152626133079
1770567805002,152738470377
1770567806002,152851452815
1770567807002,152963460890
1770567808002,153075455354
1770567809002,153181905643
1770567810002,153286926920
1770567811002,153389876852
1770567812002,153498225024
1770567813002,153597296426
1770567814002,153694267491
1770567815002,153790346163
1770567816002,153887217070
1770567817002,153983964259
1770567818002,154080858542
1770567819002,154176679403
1770567820002,154271927511
1770567821002,154367921162
1770567822002,154463573139
1770567823002,154559855363
1770567824002,154655146806
1770567825002,154750940201
1770567826002,154847299634
1770567827002,154943357067
1770567828002,155040157600
1770567829002,155139961483
1770567830002,155235670161
1770567831002,155331575128
1770567832002,155427898002
1770567833002,155524237232
1770567834002,155619577015
1770567835002,155714258169
1770567836002,155810429188
1770567837002,155905397145
1770567838002,156000022269
1770567839002,156095196891
1770567840002,156190242241
1770567841002,156286088187
1770567842002,156381848745
1770567843002,156478071888
1770567844002,156574587571
1770567845002,156669789537
1770567846002,156765984054
1770567847002,156861406722
1770567848002,156957410993
1770567849002,157053276714
1770567850002,157149084086
1770567851002,157245109963
1770567852002,157341297705
1770567853002,157437347569
1770567854002,157534442902
1770567855002,157631529933
1770567856002,157729211324
1770567857002,157827318678
1770567858002,157924680611
1770567859002,158022544924
1770567860002,158118588196
1770567861002,158215281552
1770567862002,158311604792
1770567863002,158408419241
1770567864002,158504261037
1770567865002,158599483876
1770567866002,158695611560
1770567867002,158791080310
1770567868002,158888566754
1770567869002,158985335550
1770567870002,159082139440
1770567871002,159179456330
1770567872002,159276634548
1770567873002,159374363912
1770567874002,159471135087
1770567875002,159568209119
1770567876002,159665576118
1770567877002,159763067262
1770567878002,159860467709
1770567879002,159958968616
1770567880002,160056490400
1770567881002,160154149635
1770567882002,160252222870
1770567883002,160350058863
1770567884002,160447352437
1770567885002,160544696243
1770567886002,160642968025
1770567887002,160741801817
1770567888002,160840721425
1770567889002,160938915204
1770567890002,161038455721
1770567891002,161136420375
1770567892002,161233746481
1770567893002,161333776803
1770567894002,161429355843
1770567895002,161523639476
1770567896002,161618260572
1770567897002,161712681717
1770567898002,161808915113
1770567899002,161905749948
1770567900002,162002693487
1770567901002,162099561464
1770567902002,162197253658
1770567903002,162295362476
1770567904002,162392583358
1770567905002,162488380354
1770567906002,162584986430
1770567907002,162678604293
1770567908002,162772912523
1770567909002,162867177785
1770567910002,162963221301
1770567911002,163060574385
1770567912002,163158435584
1770567913002,163255313998
1770567914002,163353100980
1770567915002,163449535974
1770567916002,163546540914
1770567917002,163643138811
1770567918002,163742667365
1770567919002,163842101254
1770567920002,163939572989
1770567921002,164035989368
1770567922002,164133232161
1770567923002,164231361976
1770567924002,164328255343
1770567925002,164424603730
1770567926002,164522131495
1770567927002,164618447899
1770567928002,164715499897
1770567929002,164811708757
1770567930002,164908619764
1770567931002,165005929573
1770567932002,165103551882
1770567933002,165202276360
1770567934002,165300588120
1770567935002,165397630963
1770567936002,165497529999
1770567937002,165594227383
1770567938002,165690978478
1770567939002,165788465045
1770567940002,165882672507
1770567941002,165976919519
1770567942002,166071470241
1770567943002,166166590420
1770567944002,166263579735
1770567945002,166361071673
1770567946002,166458213514
1770567947002,166554707713
1770567948002,166652565616
1770567949002,166750336606
1770567950002,166847293023
1770567951002,166944619678
1770567952002,167040554552
1770567953002,167136400804
1770567954002,167230572560
1770567955002,167324868644
1770567956002,167422170458
1770567957002,167518859541
1770567958002,167615329326
1770567959002,167711730935
1770567960002,167809202243
1770567961002,167906718534
1770567962002,168003487695
1770567963002,168101061969
1770567964002,168199792490
1770567965002,168296439277
1770567966002,168393142459
1770567967002,168489596619
1770567968002,168586603878
1770567969002,168683268548
1770567970002,168780838977
1770567971002,168877437667
1770567972002,168974443645
1770567973002,169072694919
1770567974002,169169789824
1770567975002,169265832364
1770567976002,169363412619
1770567977002,169460501177
1770567978002,169558416027
1770567979002,169655888860
1770567980002,169754813656
1770567981002,169852359793
1770567982002,169950280990
1770567983002,170049170569
1770567984002,170148314724
1770567985002,170245542014
1770567986002,170344597791
1770567987002,170442124641
1770567988002,170538349370
1770567989002,170633736272
1770567990002,170729265385
1770567991002,170825373293
1770567992002,170921402039
1770567993002,171017512328
1770567994002,171113716366
1770567995002,171208894956
1770567996002,171305273554
1770567997002,171400321223
1770567998002,171496450677
1770567999002,171591487909
1770568000002,171686505610
1770568001002,171782632745
1770568002002,171878358879
1770568003002,171974218314
1770568004002,172070207875
1770568005002,172165651295
1770568006002,172262160997
1770568007002,172357562547
1770568008002,172454653180
1770568009002,172557129175
1770568010002,172648269506
1770568011002,172738245472
1770568012002,172833101430
1770568013002,172932496012
1770568014002,173031566559
1770568015002,173128903651
1770568016003,173226527486
1770568017003,173372139601
1770568018003,173512361288
1770568019003,173647223064
1770568020003,173782051759
1770568021003,173917103904
1770568022003,174051886213
1770568023002,174185138252
1770568024003,174321736108
1770568025003,174454728321
1770568026003,174591335881
1770568027003,174726046291
1770568028003,174861060533
1770568029003,174995981208
1770568030003,175130984952
1770568031003,175265783740
1770568032002,175399200757
1770568033003,175535066742
1770568034003,175668763787
1770568035003,175804720776
1770568036003,175939782442
1770568037004,176074771842
1770568038003,176209428114
1770568039003,176344611178
1770568040003,176479382257
1770568041003,176614033706
1770568042003,176748780859
1770568043003,176883485226
1770568044003,177018670427
1770568045004,177153215065
1770568046008,177288718808
1770568047003,177423019672
1770568048003,177557984903
1770568049003,177692772888
1770568050003,177827772665
1770568051003,177961499007
1770568052003,178097387819
1770568053003,178232196373
1770568054003,178367252118
1770568055004,178502348025
1770568056003,178637035913
1770568057003,178771870650
1770568058003,178906851079
1770568059003,179041748927
1770568060003,179176683152
1770568061003,179311284614
1770568062003,179446159879
1770568063003,179580611988
1770568064003,179715883004
1770568065003,179850920622
1770568066003,179985479238
1770568067003,180120412364
1770568068003,180255543061
1770568069003,180390438223
1770568070003,180524905408
1770568071003,180659985690
1770568072003,180794568414
1770568073003,180929781508
1770568074003,181064286596
1770568075003,181199622370
1770568076003,181334399735
1770568077003,181469293677
1770568078003,181604384884
1770568079003,181739193193
1770568080003,181873980873
1770568081003,182008898985
1770568082003,182143963092
1770568083003,182278562967
1770568084003,182413449585
1770568085003,182548386190
1770568086002,182675038210
1770568087003,182803199930
1770568088002,182939192380
1770568089002,183074136858
1770568090002,183193728593
1770568091002,183290890515
1770568092002,183387823983
1770568093002,183484083685
1770568094002,183582480894
1770568095002,183685397378
1770568096002,183790576003
1770568097002,183893265987
1770568098002,183994336773
1770568099003,184134632557
1770568100003,184275175227
1770568101003,184410452590
1770568102003,184545305211
1770568103003,184679978817
1770568104003,184815116898
1770568105003,184949918372
1770568106003,185084756650
1770568107003,185219582294
1770568108004,185354223490
1770568109008,185489946592
1770568110003,185624256612
1770568111003,185758986186
1770568112003,185893767579
1770568113003,186028761497
1770568114003,186163845135
1770568115003,186297754094
1770568116003,186432997278
1770568117003,186567678513
1770568118003,186702784918
1770568119003,186837351346
1770568120003,186972622789
1770568121003,187107243233
1770568122003,187242008391
1770568123003,187376930653
1770568124002,187511722483
1770568125003,187646799896
1770568126003,187781763296
1770568127003,187916651134
1770568128004,188051658479
1770568129004,188186537345
1770568130003,188321137769
1770568131003,188456241305
1770568132003,188591050530
1770568133003,188725973647
1770568134003,188860568334
1770568135003,188995446468
1770568136004,189130401139
1770568137004,189265163368
1770568138003,189400101377
1770568139003,189535169207
1770568140003,189669792398
1770568141003,189804728332
1770568142003,189940053791
1770568143003,190072365037
1770568144003,190209421998
1770568145003,190343042139
1770568146003,190479109540
1770568147003,190614022036
1770568148003,190748680017
1770568149003,190883645613
1770568150003,191018512456
1770568151003,191153287379
1770568152003,191288572494
1770568153003,191423203497
1770568154003,191558042569
1770568155003,191692901476
1770568156003,191827642892
1770568157003,191962598723
1770568158004,192097552540
1770568159003,192232291941
1770568160003,192367120148
1770568161003,192502202810
1770568162003,192636985424
1770568163003,192771823702
1770568164003,192906366021
1770568165004,193041702162
1770568166003,193176427220
1770568167003,193311128291
1770568168003,193445929276
1770568169004,193581289708
1770568170003,193716075557
1770568171002,193849659078
1770568172003,193985489479
1770568173003,194120259886
1770568174003,194255253620
1770568175003,194389845988
1770568176003,194524907288
1770568177003,194660026632
1770568178003,194794742229
1770568179003,194929534243
1770568180003,195064797019
1770568181003,195199312727
1770568182003,195334167179
1770568183003,195468827601
1770568184003,195604092330
1770568185003,195738957464
1770568186003,195873506802
1770568187003,196008805284
1770568188003,196143388191
1770568189003,196278432340
1770568190002,196410612360
1770568191003,196547567149
1770568192003,196682950530
1770568193003,196817402457
1770568194003,196952234875
1770568195003,197087171541
1770568196003,197222347099
1770568197003,197356866652
1770568198003,197491938816
1770568199002,197611175815
1770568200002,197745545405
1770568201002,197879804766
1770568202002,198013287579
1770568203002,198148335817
1770568204002,198259104393
1770568205002,198356841753
1770568206002,198455155466
1770568207002,198553448366
1770568208002,198656105025
1770568209002,198759908165
1770568210002,198865692257
1770568211002,198966390608
1770568212003,199097955700
1770568213003,199240845044
1770568214003,199375615390
1770568215003,199510228876
1770568216003,199645563552
1770568217003,199780176732
1770568218003,199914972774
1770568219003,200050030961
1770568220003,200185174719
1770568221003,200319697202
1770568222003,200454869585
1770568223003,200589561013
1770568224003,200724479552
1770568225003,200859484760
1770568226003,200994233195
1770568227003,201129286255
1770568228003,201264111532
1770568229003,201398965374
1770568230003,201533895815
1770568231003,201668891807
1770568232003,201803783857
1770568233003,201938637454
1770568234003,202073289026
1770568235003,202208176864
1770568236003,202343333440
1770568237003,202477840786
1770568238003,202612705126
1770568239003,202747693916
1770568240003,202882599820
1770568241003,203017206531
1770568242003,203152306833
1770568243003,203287064849
1770568244003,203422039174
1770568245003,203557091380
1770568246003,203691394320
1770568247003,203825459345
1770568248003,203961110609
1770568249003,204095821324
1770568250003,204230679194
1770568251003,204365573746
1770568252003,204500749059
1770568253003,204635416683
1770568254003,204770236284
1770568255003,204904415873
1770568256003,205039494445
1770568257003,205174276632
1770568258002,205309063823
1770568259003,205444072084
1770568260003,205578852867
1770568261004,205713767805
1770568262003,205848801028
1770568263003,205983643090
1770568264003,206118009751
1770568265003,206253123724
1770568266003,206387890713
1770568267003,206522820909
1770568268003,206657735481
1770568269003,206792388700
1770568270003,206927281727
1770568271003,207062523446
1770568272003,207197153350
1770568273003,207331597098
1770568274002,207465545180
1770568275003,207601476412
1770568276003,207736344353
1770568277003,207871042311
1770568278003,208006284091
1770568279003,208141126153
1770568280003,208276115554
1770568281003,208411017980
1770568282003,208545544491
1770568283003,208680302446
1770568284003,208815274879
1770568285003,208950040037
1770568286003,209084953388
1770568287003,209219658610
1770568288003,209354725464
1770568289010,209490214252
1770568290003,209624475322
1770568291003,209753902786
1770568292002,209878086062
1770568293002,210011741787
1770568294002,210148025068
1770568295002,210283291934
1770568296002,210389412146
1770568297002,210487738859
1770568298002,210583348539
1770568299002,210680379480
1770568300002,210781798287
1770568301002,210885343432
1770568302002,210990814903
1770568303002,211092966985
1770568304003,211214597716
1770568305003,211359794671
1770568306003,211494828078
1770568307003,211629540990
1770568308003,211764519282
1770568309003,211899459733
1770568310003,212034451270
1770568311003,212169230649
1770568312003,212303963275
1770568313003,212438858376
1770568314004,212573565368
1770568315004,212708436727
1770568316003,212843228862
1770568317005,212978852233
1770568318003,213113391195
1770568319003,213248034222
1770568320003,213383172243
1770568321003,213517592919
1770568322003,213652768416
1770568323003,213787521611
1770568324004,213922217677
1770568325003,214057427109
1770568326003,214192378729
1770568327003,214327065945
1770568328003,214461973925
1770568329003,214596660714
1770568330003,214731798124
1770568331003,214866602650
1770568332003,215001380381
1770568333005,215136297943
1770568334004,215271324331
1770568335004,215405968456
1770568336003,215541010652
1770568337003,215675691277
1770568338003,215810601637
1770568339003,215945688815
1770568340005,216079944453
1770568341003,216215076859
1770568342003,216349884985
1770568343004,216484977474
1770568344003,216619364947
1770568345004,216754648658
1770568346003,216889523374
1770568347003,217024322895
1770568348003,217158962015
1770568349004,217294168456
1770568350003,217428569541
1770568351003,217563413434
1770568352003,217698127078
1770568353003,217833098595
1770568354003,217968252424
1770568355003,218102995304
1770568356003,218237756800
1770568357003,218372710861
1770568358003,218507648077
1770568359003,218642599575
1770568360003,218777245043
1770568361003,218912302864
1770568362003,219047189420
1770568363003,219181627614
1770568364004,219316898813
1770568365003,219451745086
1770568366003,219586446646
1770568367003,219721700816
1770568368003,219856314058
1770568369003,219989205319
1770568370003,220126001905
1770568371003,220260949008
1770568372003,220395974481
1770568373003,220530670974
1770568374003,220665639806
1770568375003,220800669184
1770568376003,220935459306
1770568377003,221070483435
1770568378003,221205076291
1770568379003,221338952413
1770568380003,221474504495
1770568381003,221609587707
1770568382003,221744222372
1770568383003,221879542948
1770568384003,222014408631
1770568385003,222149362997
1770568386003,222284270367
1770568387003,222417515570
1770568388003,222553698876
1770568389003,222680914920
1770568390002,222805495107
1770568391002,222942671269
1770568392002,223078040613
1770568393002,223212725571
1770568394002,223311314979
1770568395002,223409870757
1770568396002,223508437399
1770568397002,223605596147
1770568398002,223701684646
1770568399002,223798331127
1770568400002,223896207402
1770568401002,223993298523
1770568402002,224089779172
1770568403002,224186358942
1770568404002,224282806754
1770568405002,224385242405
1770568406002,224489333386
1770568407002,224592711784
1770568408002,224693613137
1770568409003,224822486098
1770568410003,224965916395
1770568411003,225100892124
1770568412003,225235952264
1770568413003,225370669509
1770568414003,225505411291
1770568415003,225640406978
1770568416003,225775355973
1770568417003,225910248755
1770568418003,226043643922
1770568419003,226179543964
1770568420003,226314434488
1770568421003,226449618163
1770568422003,226584447530
1770568423003,226718998394
1770568424003,226854292969
1770568425002,226988648399
1770568426003,227123569257
1770568427003,227258521610
1770568428003,227393047205
1770568429003,227528306258
1770568430005,227663124273
1770568431003,227798159938
1770568432003,227932895982
1770568433003,228067779060
1770568434003,228202484281
1770568435003,228337246509
1770568436003,228472271005
1770568437003,228606463410
1770568438003,228741951162
1770568439003,228877004100
1770568440003,229011664644
1770568441003,229146806449
1770568442003,229281443860
1770568443003,229416610873
1770568444003,229551327080
1770568445002,229685909317
1770568446003,229820733251
1770568447004,229955580135
1770568448004,230090717851
1770568449003,230225368873
1770568450003,230360603207
1770568451003,230495197406
1770568452003,230630151772
1770568453003,230764850951
1770568454003,230899187399
1770568455003,231034408733
1770568456003,231169354249
1770568457003,231304116783
1770568458004,231439157697
1770568459003,231573897769
1770568460003,231708817895
1770568461003,231844036970
1770568462003,231978877934
1770568463003,232113856714
1770568464003,232248515915
1770568465003,232383248175
1770568466003,232518132413
1770568467003,232652969836
1770568468003,232787950875
1770568469003,232922652129
1770568470003,233057801502
1770568471003,233192827707
1770568472003,233327822234
1770568473003,233461689201
1770568474003,233596741468
1770568475003,233731903536
1770568476004,233866809929
1770568477004,234001700941
1770568478003,234136517552
1770568479003,234271525995
1770568480003,234406132828
1770568481003,234541324621
1770568482003,234676255428
1770568483003,234810699603
1770568484003,234945768166
1770568485003,235080614439
1770568486003,235215599567
1770568487003,235350655984
1770568488002,235473151215
1770568489002,235612152019
1770568490003,235747046449
1770568491002,235879601224
1770568492002,235977013878
1770568493002,236076511853
1770568494002,236172703196
1770568495002,236273662471
1770568496002,236377609532
1770568497002,236480478959
1770568498002,236585335807
1770568499003,236690743557
1770568500003,236836402730
1770568501003,236974351779
1770568502003,237109680046
1770568503004,237244509901
1770568504003,237379252903
1770568505003,237514389153
1770568506003,237648831680
1770568507003,237783889989
1770568508003,237918658687
1770568509020,238055395032
1770568510003,238188500709
1770568511003,238323210691
1770568512003,238458470904
1770568513003,238593022440
1770568514003,238727764282
1770568515003,238863127400
1770568516003,238996819440
1770568517003,239132270571
1770568518003,239265992885
1770568519004,239402073591
1770568520003,239536853519
1770568521003,239671882532
1770568522003,239806970809
1770568523003,239941593145
1770568524003,240076471340
1770568525003,240211389879
1770568526003,240345837777
1770568527003,240480886930
1770568528003,240615428517
1770568529004,240750701486
1770568530003,240885315338
1770568531003,241020249136
1770568532003,241155067700
1770568533003,241289989778
1770568534003,241425048026
1770568535002,241559172012
1770568536003,241694239354
1770568537003,241829592035
1770568538003,241964167862
1770568539003,242099272008
1770568540002,242234057430
1770568541003,242368918657
1770568542003,242503730751
1770568543003,242638818784
1770568544003,242773724689
1770568545003,242908265787
1770568546003,243043126648
1770568547004,243177921896
1770568548003,243312780804
1770568549003,243447529238
1770568550003,243582426476
1770568551003,243717629194
1770568552003,243852380497
1770568553003,243987113550
1770568554003,244122080490
1770568555003,244256906255
1770568556003,244391863796
1770568557004,244526442736
1770568558002,244661344368
1770568559003,244796187407
1770568560003,244930980763
1770568561003,245066017587
1770568562003,245200790924
1770568563003,245335587088
1770568564003,245470508007
1770568565003,245605124362
1770568566003,245740214287
1770568567003,245875139662
1770568568003,246009833409
1770568569003,246144938470
1770568570003,246279574478
1770568571003,246414409521
1770568572003,246549547542
1770568573003,246684464616
1770568574003,246819086037
1770568575003,246953979673
1770568576020,247090621047
1770568577003,247223474345
1770568578003,247358246338
1770568579003,247493192099
1770568580003,247628146526
1770568581003,247763288148
1770568582003,247897873192
1770568583003,248032163009
1770568584003,248167491093
1770568585003,248302360254
1770568586003,248437266220
1770568587003,248572023505
1770568588003,248706877346
1770568589003,248841455005
1770568590003,248956795042
1770568591002,249090474326
1770568592002,249223281603
1770568593002,249357739877
1770568594002,249481854122
1770568595002,249570889661
1770568596002,249665082413
1770568597002,249753615878
1770568598002,249845459698
1770568599002,249934443540
1770568600002,250023143874
1770568601002,250115001671
1770568602002,250204218301
1770568603002,250293871208
1770568604002,250389710441
1770568605002,250488013900
1770568606002,250586597083
1770568607002,250682418187
1770568608002,250802038792
1770568609003,250947449003
1770568610003,251083064195
1770568611003,251217717415
1770568612003,251352792387
1770568613003,251487883960
1770568614003,251622538522
1770568615003,251757503814
1770568616003,251892206777
1770568617003,252027263805
1770568618008,252162543854
1770568619003,252296698540
1770568620003,252431508131
1770568621003,252566741427
1770568622003,252701665704
1770568623003,252836654738
1770568624003,252971138952
1770568625003,253106116695
1770568626003,253241047563
1770568627003,253375657325
1770568628004,253511034420
1770568629003,253645787737
1770568630003,253780561806
1770568631003,253915383544
1770568632003,254050327900
1770568633003,254184595257
1770568634003,254318469914
1770568635003,254454565025
1770568636003,254589087813
1770568637003,254724085819
1770568638003,254859283410
1770568639003,254993927475
1770568640003,255128980840
1770568641002,255261019076
1770568642003,255398151049
1770568643003,255532917611
1770568644003,255667753753
1770568645003,255802866322
1770568646003,255937588572
1770568647003,256072602203
1770568648003,256207417044
1770568649003,256342352184
1770568650003,256474619851
1770568651003,256611930596
1770568652003,256746598098
1770568653003,256881383397
1770568654003,257016224055
1770568655003,257151107621
1770568656003,257285973304
1770568657003,257421022152
1770568658003,257555898699
1770568659003,257688887311
1770568660003,257824881287
1770568661003,257959546470
1770568662003,258094702007
1770568663003,258229756776
1770568664003,258364656944
1770568665003,258499559003
1770568666003,258634410831
1770568667003,258769227624
1770568668003,258903753586
1770568669003,259038529242
1770568670003,259173213773
1770568671003,259308471361
1770568672003,259443281380
1770568673003,259578180937
1770568674003,259713084888
1770568675003,259847895761
1770568676003,259982891143
1770568677003,260117191031
1770568678003,260252253796
1770568679006,260387168490
1770568680003,260522023308
1770568681003,260656625808
1770568682003,260791617344
1770568683003,260926386409
1770568684003,261061485916
1770568685003,261196486974
1770568686003,261330856748
1770568687003,261465837664
1770568688003,261600670876
1770568689003,261735489074
1770568690003,261870496296
1770568691003,262005577249
1770568692003,262140508056
1770568693003,132105496
1770568694003,266965808
1770568695003,401573190
1770568696003,536336029
1770568697003,671159170
1770568698003,806313365
1770568699003,940970857
1770568700003,1075964347
1770568701003,1210854566
1770568702003,1345960909
1770568703003,1480782525
1770568704003,1615564101
1770568705002,1728542022
1770568706002,1863780140
1770568707002,1999157174
1770568708003,2134827725
1770568709002,2269636950
1770568710002,2371137057
1770568711002,2465107336
1770568712002,2555418140
1770568713002,2649140801
1770568714002,2748885296
1770568715002,2849657682
1770568716002,2953248054
1770568717002,3055070975
1770568718003,3176222703
1770568719003,3321665751
1770568720003,3456242128
1770568721003,3591180870
1770568722003,3726287640
1770568723003,3861267825
1770568724003,3996108056
1770568725003,4130799605
1770568726002,4265321417
1770568727003,4400305446
1770568728003,4535319200
1770568729003,4670395941
1770568730003,4804977689
1770568731003,4939866931
1770568732003,5074858407
1770568733002,5207513585
1770568734003,5344504628
1770568735003,5478952343
1770568736006,5614272919
1770568737003,5749055900
1770568738003,5883965039
1770568739003,6018819613
1770568740003,6153490655
1770568741003,6288351394
1770568742003,6422971838
1770568743003,6557863155
1770568744003,6692556963
1770568745003,6827494423
1770568746003,6962616208
1770568747003,7097632953
1770568748003,7232594704
1770568749003,7367401305
1770568750003,7502091451
1770568751003,7636552471
1770568752002,7770854862
1770568753003,7906270897
1770568754003,8041073286
1770568755003,8176188419
1770568756003,8310961328
1770568757003,8446100326
1770568758003,8580994451
1770568759003,8713242708
1770568760003,8850354784
1770568761003,8985079964
1770568762003,9120278959
1770568763005,9255286487
1770568764003,9389821359
1770568765003,9524967925
1770568766003,9659700185
1770568767003,9794664134
1770568768003,9928890841
1770568769003,10063728387
1770568770002,10198164017
1770568771003,10333351964
1770568772003,10468243464
1770568773003,10603266983
1770568774003,10738315893
1770568775003,10873208004
1770568776003,11006029624
1770568777003,11142564187
1770568778002,11264818452
1770568779002,11390554275
1770568780002,11526716280
1770568781003,11660943658
1770568782002,11763272559
1770568783002,11859893405
1770568784002,11952154949
1770568785002,12047439495
1770568786002,12147789458
1770568787002,12246734700
1770568788002,12347853460
1770568789002,12445005677
1770568790003,12570229172
1770568791003,12714857525
1770568792003,12849981264
1770568793003,12985035605
1770568794003,13119739545
1770568795003,13254818118
1770568796003,13389359949
1770568797003,13524223007
1770568798003,13659192632
1770568799003,13793520047
1770568800004,13928562182
1770568801004,14063727546
1770568802003,14198423307
1770568803003,14333534961
1770568804003,14468489083
1770568805003,14603168731
1770568806003,14736897454
1770568807003,14872770885
1770568808003,15007826692
1770568809003,15142447258
1770568810003,15277316908
1770568811003,15412354037
1770568812003,15547234490
1770568813003,15682266188
1770568814003,15817189549
1770568815003,15952055415
1770568816003,16086253008
1770568817003,16221291969
1770568818003,16355935667
1770568819003,16490944050
1770568820003,16626079690
1770568821003,16760907470
1770568822003,16895760640
1770568823003,17030772197
1770568824003,17165694825
1770568825003,17299735741
1770568826003,17434942426
1770568827003,17569724125
1770568828003,17704656824
1770568829003,17839306870
1770568830003,17974161871
1770568831003,18109374477
1770568832003,18244023180
1770568833003,18378859993
1770568834003,18513757780
1770568835003,18648568531
1770568836004,18783321665
1770568837003,18917979279
1770568838003,19053007742
1770568839003,19187967297
1770568840003,19322919344
1770568841003,19457851921
1770568842003,19592899732
1770568843003,19725236490
1770568844003,19862098505
1770568845003,19996412432
1770568846003,20131884985
1770568847003,20266670529
1770568848003,20401809160
1770568849003,20536501015
1770568850003,20671568235
1770568851003,20806556110
1770568852003,20941551247
1770568853003,21076008240
1770568854003,21210844015
1770568855003,21345561016
1770568856003,21480535585
1770568857003,21615735984
1770568858003,21750676068
1770568859003,21885463626
1770568860003,22020389367
1770568861003,22155241378
1770568862003,22288917061
1770568863003,22424607815
1770568864002,22555615658
1770568865002,22672136661
1770568866003,22802625096
1770568867002,22936927548
1770568868002,23071820940
1770568869002,23168331619
1770568870002,23262930253
1770568871002,23356801229
1770568872002,23452058187
1770568873002,23548999773
1770568874002,23658314312
1770568875002,23778071330
1770568876002,23895716109
1770568877002,24026070206
1770568878002,24144176288
1770568879002,24259473784
1770568880002,24371717393
1770568881002,24477818012
1770568882002,24591706454
1770568883002,24702455255
1770568884002,24809392542
1770568885002,24913792482
1770568886002,25018457681
1770568887002,25121995013
1770568888002,25226959161
1770568889002,25333973352
1770568890002,25440236813
1770568891002,25547220731
1770568892002,25656042291
1770568893002,25764705770
1770568894002,25873797898
1770568895002,25983310740
1770568896002,26092614721
1770568897002,26202039245
1770568898002,26310757473
1770568899002,26419258050
1770568900002,26529007280
1770568901002,26639891640
1770568902002,26754653370
1770568903002,26862874590
1770568904002,26973333352
1770568905002,27083472597
1770568906002,27192580045
1770568907002,27311171599
1770568908002,27421361746
1770568909002,27531337539
1770568910002,27643762361
1770568911002,27757153245
1770568912002,27868225898
1770568913002,27985353100
1770568914002,28101524800
1770568915002,28216324250
1770568916002,28330786786
1770568917002,28439208567
1770568918002,28553644370
1770568919002,28671624049
1770568920002,28786525366
1770568921003,28902307357
1770568922002,29015867979
1770568923002,29134709411
1770568924002,29252469608
1770568925002,29370557501
1770568926002,29489648078
1770568927002,29609872318
1770568928002,29726587168
1770568929002,29843848160
1770568930002,29961754474
1770568931002,30069219714
1770568932002,30184182554
1770568933002,30302087587
1770568934002,30409637666
1770568935002,30515400212
1770568936002,30635116581
1770568937002,30745958765
1770568938002,30863194732
1770568939002,30975687425
1770568940002,31092193291
1770568941002,31202691727
1770568942002,31319954610
1770568943002,31434858979
1770568944002,31550312663
1770568945002,31667816635
1770568946002,31782714778
1770568947002,31906129990
1770568948002,32015348277
1770568949002,32121699811
1770568950002,32244322605
1770568951002,32360292279
1770568952002,32477069934
1770568953002,32597579025
1770568954003,32713586907
1770568955002,32843096524
1770568956002,32966465105
1770568957002,33087863598
1770568958002,33212321104
1770568959002,33333156976
1770568960002,33448146855
1770568961002,33561081991
1770568962002,33672634561
1770568963002,33775536947
1770568964002,33898382030
1770568965002,34012635034
1770568966002,34131265467
1770568967002,34242332993
1770568968002,34363324627
1770568969002,34482832500
1770568970002,34610814777
1770568971002,34738236875
1770568972002,34871995627
1770568973002,35003923939
1770568974002,35124752853
1770568975002,35232348159
1770568976002,35355729984
1770568977002,35475207950
1770568978002,35597975275
1770568979002,35715549559
1770568980002,35840108261
1770568981002,35951455510
1770568982002,36064204489
1770568983002,36177662450
1770568984002,36304095720
1770568985002,36415035439
1770568986002,36545468882
1770568987002,36655691561
1770568988002,36782486525
1770568989002,36892575964
1770568990002,37010945962
1770568991002,37129152019
1770568992002,37252320405
1770568993009,37374134058
1770568994002,37502675477
1770568995003,37628341781
1770568996003,37754563870
1770568997002,37885867733
1770568998002,38003617859
1770568999002,38123312316
1770569000002,38242726927
1770569001002,38367878279
1770569002003,38495988547
1770569003002,38622766237
1770569004002,38756985986
1770569005002,38888335809
1770569006002,39023880323
1770569007002,39158616733
1770569008002,39291542235
1770569009002,39415488146
1770569010002,39549162486
1770569011002,39683099888
1770569012002,39805268154
1770569013002,39924678859
1770569014003,40051537360
1770569015002,40185072663
1770569016003,40321035754
1770569017002,40453923354
1770569018002,40585263288
1770569019002,40721973327
1770569020003,40858117754
1770569021003,40977622025
1770569022002,41102356691
1770569023002,41209280063
1770569024002,41332207238
1770569025002,41439918449
1770569026002,41575274731
1770569027002,41687258941
1770569028002,41817970460
1770569029002,41930316608
1770569030002,42063954632
1770569031002,42179307609
1770569032002,42309774499
1770569033002,42433835827
1770569034002,42552930004
1770569035002,42673587471
1770569036002,42782152745
1770569037002,42903404083
1770569038002,43033326296
1770569039002,43151280218
1770569040002,43276050101
1770569041002,43390823733
1770569042002,43527615192
1770569043002,43659091479
1770569044002,43789845661
1770569045002,43918354548
1770569046002,44050169640
1770569047002,44169770714
1770569048002,44304173568
1770569049002,44432541586
1770569050002,44561481076
1770569051002,44693893945
1770569052002,44820545232
1770569053002,44951778477
1770569054002,45083121647
1770569055002,45215878265
1770569056002,45338381186
1770569057003,45464748661
1770569058002,45594855322
1770569059002,45730090999
1770569060003,45864954667
1770569061003,45998437358
1770569062003,46129125805
1770569063002,46264535065
1770569064002,46393382453
1770569065002,46515785948
1770569066002,46642278300
1770569067002,46769960285
1770569068003,46900576589
1770569069003,47026124241
1770569070002,47149562280
1770569071002,47279273312
1770569072002,47407457860
1770569073002,47537911200
1770569074002,47669811192
1770569075002,47806558889
1770569076002,47938861895
1770569077002,48075315098
1770569078003,48210119501
1770569079002,48344536149
1770569080002,48471884761
1770569081002,48597363505
1770569082002,48727887524
1770569083002,48861994663
1770569084002,48995352354
1770569085002,49130183735
1770569086002,49262045458
1770569087002,49388680510
1770569088002,49511703205
1770569089002,49646086406
1770569090002,49774335712
1770569091002,49892332785
1770569092002,50017149970
1770569093002,50143140309
1770569094011,50276940931
1770569095002,50413120087
1770569096003,50543705568
1770569097002,50669752670
1770569098002,50793441989
1770569099002,50905766043
1770569100002,51034291226
1770569101002,51152683562
1770569102002,51277153215
1770569103002,51415738431
1770569104002,51525946218
1770569105002,51656297447
1770569106003,51787249321
1770569107002,51910646954
1770569108002,52049248467
1770569109002,52184692395
1770569110002,52313502063
1770569111002,52447045483
1770569112002,52577542708
1770569113002,52704962670
1770569114002,52831513127
1770569115002,52971154554
1770569116003,53098154839
1770569117002,53238364686
1770569118002,53362544299
1770569119002,53491428857
1770569120002,53627642131
1770569121002,53761942203
1770569122002,53886192312
1770569123002,54012582369
1770569124002,54149242908
1770569125002,54280974260
1770569126002,54411790148
1770569127002,54544854627
1770569128002,54679396580
1770569129002,54806863844
1770569130002,54917727391
1770569131002,55039391325
1770569132002,55155893346
1770569133002,55288326295
1770569134002,55410727471
1770569135002,55510966778
1770569136002,55612042935
1770569137002,55743653743
1770569138002,55883270390
1770569139002,56010208420
1770569140002,56127373586
1770569141002,56264694096
1770569142003,56402715594
1770569143002,56523464613
1770569144002,56659335359
1770569145002,56793483514
1770569146002,56929905528
1770569147002,57060501019
1770569148002,57193993841
1770569149002,57324128518
1770569150002,57461298516
1770569151002,57576824648
1770569152002,57700564383
1770569153003,57822850874
1770569154002,57932223763
1770569155002,58068252223
1770569156002,58207508947
1770569157003,58337159128
1770569158002,58454703566
1770569159002,58595849139
1770569160003,58721920899
1770569161002,58853595061
1770569162002,58990571212
1770569163002,59125418706
1770569164002,59247785520
1770569165002,59373716655
1770569166002,59507533939
1770569167002,59624364756
1770569168002,59732918433
1770569169002,59844468196
1770569170002,59947739416
1770569171002,60048972311
1770569172002,60173184091
1770569173002,60296508482
1770569174002,60413908755
1770569175002,60533295229
1770569176002,60664660982
1770569177002,60789837663
1770569178002,60908888811
1770569179002,61036490230
1770569180002,61171141619
1770569181002,61299326166
1770569182002,61437147469
1770569183002,61563750904
1770569184002,61698547251
1770569185002,61827056810
1770569186002,61963498599
1770569187003,62091270123
1770569188002,62228616573
1770569189002,62360333521
1770569190002,62494770005
1770569191002,62628189402
1770569192002,62753441584
1770569193002,62888534988
1770569194002,62996276778
1770569195002,63126623978
1770569196002,63240247101
1770569197002,63369279424
1770569198002,63486885813
1770569199002,63612503960
1770569200002,63755325982
1770569201002,63874841729
1770569202002,64007455891
1770569203002,64139246203
1770569204002,64275767887
1770569205003,64397796689
1770569206002,64537010260
1770569207003,64664953048
1770569208003,64795346940
1770569209002,64922454708
1770569210002,65050884616
1770569211002,65184078062
1770569212002,65311273842
1770569213002,65445915832
1770569214002,65561625435
1770569215003,65702791578
1770569216003,65815961088
1770569217002,65949233818
1770569218002,66071819686
1770569219002,66205048410
1770569220002,66336919349
1770569221002,66472183895
1770569222002,66601399568
1770569223003,66739408248
1770569224002,66861788183
1770569225002,66988679582
1770569226002,67104405177
1770569227002,67227579483
1770569228002,67355557061
1770569229002,67480684670
1770569230003,67621338119
1770569231002,67755255257
1770569232002,67888904878
1770569233003,68023901908
1770569234003,68156963518
1770569235002,68290956583
1770569236003,68425902038
1770569237002,68558992518
1770569238002,68684978462
1770569239002,68815479471
1770569240002,68945641919
1770569241002,69081784942
1770569242002,69185518258
1770569243002,69313184862
1770569244002,69430891409
1770569245002,69541598523
1770569246002,69670778307
1770569247002,69785777341
1770569248002,69900211496
1770569249002,70010075656
1770569250002,70149393598
1770569251002,70252115930
1770569252003,70396174948
1770569253003,70522853030
1770569254002,70661211868
1770569255003,70787414059
1770569256003,70925666635
1770569257002,71060115876
1770569258003,71194983267
1770569259003,71325875632
1770569260002,71455787836
1770569261002,71591992017
1770569262002,71725216041
1770569263002,71856223518
1770569264003,71994256001
1770569265003,72123088985
1770569266002,72242508173
1770569267002,72368982093
1770569268002,72488761022
1770569269002,72606763222
1770569270002,72733798664
1770569271002,72844160625
1770569272002,72974210280
1770569273002,73083143595
1770569274002,73209364768
1770569275002,73333133921
1770569276002,73449202228
1770569277002,73577527095
1770569278002,73692764654
1770569279002,73818958422
1770569280002,73942427772
1770569281002,74065483914
1770569282002,74197863824
1770569283002,74309137893
1770569284002,74440290572
1770569285002,74554831233
1770569286002,74663100426
1770569287002,74781230678
1770569288002,74909685061
1770569289002,75044468896
1770569290002,75160734406
1770569291002,75290233587
1770569292002,75403474508
1770569293003,75540163672
1770569294002,75661829315
1770569295002,75785262165
1770569296003,75922209019
1770569297003,76047521016
1770569298003,76182329081
1770569299002,76305669891
1770569300002,76443786969
1770569301002,76579147401
1770569302002,76695500558
1770569303002,76823516466
1770569304002,76939363520
1770569305002,77071982687
1770569306002,77188738614
1770569307002,77319273802
1770569308002,77432164566
1770569309002,77545582793
1770569310002,77658419785
1770569311002,77771154848
1770569312002,77880784999
1770569313002,77999547513
1770569314002,78126906256
1770569315003,78254906783
1770569316002,78376951332
1770569317004,78519608986
1770569318003,78640701023
1770569319002,78778449083
1770569320003,78897649400
1770569321002,79038564567
1770569322002,79153275943
1770569323002,79285154573
1770569324003,79416916443
1770569325002,79537368039
1770569326002,79653564152
1770569327003,79795389656
1770569328003,79917572632
1770569329002,80032457714
1770569330002,80168715543
1770569331002,80287448272
1770569332002,80405906526
1770569333002,80541558949
1770569334002,80677244942
1770569335003,80808008279
1770569336003,80942046144
1770569337002,81075654506
1770569338005,81210907089
1770569339003,81345187934
1770569340002,81479765227
1770569341018,81613554130
1770569342078,81750307198
1770569343003,81882967686
1770569344002,82004629911
1770569345002,82123586943
1770569346002,82259038073
1770569347002,82382040566
1770569348034,82514045599
1770569349017,82649314723
1770569350002,82758610158
1770569351002,82887976038
1770569352002,83020556753
1770569353002,83144672708
1770569354002,83275334055
1770569355002,83409627474
1770569356002,83522192981
1770569357002,83645074808
1770569358002,83769487270
1770569359002,83907681191
1770569360002,84020092769
1770569361002,84157273875
1770569362002,84272479574
1770569363002,84393868057
1770569364002,84504833105
1770569365002,84625731782
1770569366002,84746330900
1770569367002,84856533499
1770569368002,84977538743
1770569369002,85097849531
1770569370002,85214536977
1770569371002,85330695615
1770569372002,85453890490
1770569373002,85577942479
1770569374002,85703345174
1770569375002,85840128576
1770569376002,85972580385
1770569377002,86100380839
1770569378002,86238780509
1770569379002,86365596774
1770569380003,86497420594
1770569381002,86633840411
1770569382002,86761919612
1770569383002,86899393259
1770569384002,87034466461
1770569385002,87167993768
1770569386002,87301054523
1770569387002,87435853190
1770569388002,87570048036
1770569389002,87703080655
1770569390003,87835016352
1770569391003,87963076510
1770569392002,88100485704
1770569393002,88232817458
1770569394002,88348795371
1770569395003,88490882105
1770569396002,88625581345
1770569397002,88745005356
1770569398002,88875120440
1770569399002,89014419400
1770569400002,89143305239
1770569401002,89272911719
1770569402002,89410416860
1770569403002,89540261865
1770569404002,89664041333
1770569405002,89799408357
1770569406002,89910882803
1770569407002,90022024486
1770569408002,90163166032
1770569409002,90282305436
1770569410002,90395854279
1770569411002,90508683641
1770569412002,90631327614
1770569413003,90745428091
1770569414002,90863487176
1770569415002,91002422550
1770569416002,91132671301
1770569417002,91269503043
1770569418002,91392453229
1770569419003,91531582939
1770569420002,91651691396
1770569421002,91780094937
1770569422002,91911042172
1770569423003,92031186823
1770569424003,92173260373
1770569425002,92300355202
1770569426002,92415275684
1770569427003,92558077503
1770569428002,92687929771
1770569429002,92811112866
1770569430002,92950289512
1770569431002,93084791060
1770569432002,93220019107
1770569433002,93343521232
1770569434002,93470210483
1770569435002,93605381341
1770569436003,93738025227
1770569437002,93873155375
1770569438002,93997576199
1770569439002,94129853509
1770569440002,94266611826
1770569441002,94393874439
1770569442002,94532393982
1770569443002,94647452281
1770569444003,94777043075
1770569445002,94916569207
1770569446002,95050766618
1770569447005,95186285436
1770569448075,95328246376
1770569449007,95456297989
1770569450003,95590543556
1770569451002,95722804997
1770569452002,95859381308
1770569453002,95994181256
1770569454002,96127164497
1770569455002,96262175809
1770569456004,96397427843
1770569457003,96527757832
1770569458002,96656776361
1770569459002,96791851028
1770569460002,96917689329
1770569461002,97052938189
1770569462002,97182109672
1770569463002,97311212491
1770569464002,97444306022
1770569465002,97571336093
1770569466002,97706503166
1770569467002,97833910189
1770569468002,97969433401
1770569469002,98104318310
1770569470007,98239300935
1770569471003,98367389353
1770569472002,98496657271
1770569473002,98635610651
1770569474002,98769546892
1770569475006,98904235329
1770569476002,99033578504
1770569477002,99171031643
1770569478002,99306059984
1770569479003,99437165911
1770569480003,99572777075
1770569481002,99707597836
1770569482002,99840933127
1770569483002,99972765797
1770569484002,100109023627
1770569485002,100243962613
1770569486002,100375382625
1770569487002,100502225074
1770569488003,100632152415
1770569489003,100759999011
1770569490002,100898583312
1770569491002,101031546046
1770569492002,101154855239
1770569493002,101289856358
1770569494004,101426142997
1770569495018,101561453869
1770569496004,101695941439
1770569497002,101830847161
1770569498003,101965839552
1770569499086,102099145730
1770569500118,102243893955
1770569501130,102382702438
1770569502004,102502443220
1770569503002,102628864588
1770569504002,102763194078
1770569505002,102899274296
1770569506002,103028773843
1770569507002,103161718998
1770569508002,103293908174
1770569509063,103432702862
1770569510049,103571459343
1770569511003,103700236968
1770569512002,103833722100
1770569513002,103959374976
1770569514002,104095555292
1770569515002,104218233078
1770569516002,104350181959
1770569517002,104485055210
1770569518002,104612671827
1770569519002,104749567411
1770569520002,104877193977
1770569521002,105009112767
1770569522002,105145226799
1770569523002,105279800856
1770569524002,105414287816
1770569525002,105549264033
1770569526002,105682390402
1770569527002,105815362840
1770569528002,105950319953
1770569529002,106084899747
1770569530002,106219623890
1770569531002,106352435195
1770569532002,106485678689
1770569533003,106621677853
1770569534002,106755925739
1770569535002,106891188821
1770569536002,107024983949
1770569537002,107159802086
1770569538002,107294392195
1770569539003,107429480656
1770569540002,107561651826
1770569541003,107696198479
1770569542002,107828195638
1770569543002,107964003640
1770569544004,108098710754
1770569545007,108233570638
1770569546002,108362468868
1770569547003,108497686966
1770569548002,108630348736
1770569549003,108753583772
1770569550003,108893901040
1770569551002,109023683545
1770569552002,109151311758
1770569553062,109290533447
1770569554090,109430207956
1770569555019,109558364000
1770569556002,109692027842
1770569557003,109827307037
1770569558003,109961224174
1770569559011,110096773083
1770569560003,110231337741
1770569561002,110365501826
1770569562002,110499951799
1770569563019,110635823583
1770569564002,110769250609
1770569565002,110902034205
1770569566002,111033797051
1770569567003,111165571616
1770569568002,111301810647
1770569569002,111436699035
1770569570002,111571567464
1770569571002,111706108623
1770569572002,111841025758
1770569573002,111975919029
1770569574002,112110744611
1770569575002,112244712408
1770569576002,112379579983
1770569577002,112514468492
1770569578002,112649132943
1770569579002,112783545807
1770569580002,112918718983
1770569581002,113053700083
1770569582002,113187675326
1770569583002,113323101371
1770569584002,113455178426
1770569585002,113587106799
1770569586002,113718325701
1770569587002,113851074751
1770569588002,113982333082
1770569589002,114112525620
1770569590002,114242728167
1770569591002,114372526358
1770569592002,114504252339
1770569593002,114635294179
1770569594002,114767272235
1770569595002,114898440295
1770569596002,115030417984
1770569597002,115162990338
1770569598002,115295144540
1770569599002,115426396951
1770569600003,115557622872
1770569601002,115689600257
1770569602002,115822084293
1770569603002,115953454318
1770569604002,116084477603
1770569605002,116218567225
1770569606002,116353209764
1770569607002,116483741656
1770569608002,116614512928
1770569609002,116742411770
1770569610002,116873479733
1770569611002,116995923206
1770569612002,117125365441
1770569613015,117261137188
1770569614002,117396250917
1770569615002,117531144370
1770569616002,117666069501
1770569617010,117801712464
1770569618002,117935481592
1770569619002,118069800279
1770569620002,118202167250
1770569621002,118334488933
1770569622002,118468238346
1770569623002,118600230623
1770569624002,118732494444
1770569625002,118864418667
1770569626002,118996346674
1770569627002,119129126608
1770569628002,119261580859
1770569629002,119393447708
1770569630002,119526042645
1770569631002,119658070444
1770569632002,119790736486
1770569633002,119922475956
1770569634002,120057008754
1770569635002,120188679071
1770569636002,120320765281
1770569637002,120452267813
1770569638002,120582519677
1770569639002,120713450311
1770569640002,120844678185
1770569641002,120975411249
1770569642002,121107372276
1770569643002,121243113994
1770569644002,121376829045
1770569645002,121510442350
1770569646002,121637319894
1770569647002,121764665698
1770569648002,121893804772
1770569649002,122022480834
1770569650002,122156422386
1770569651002,122292196269
1770569652003,122427311890
1770569653002,122562102011
1770569654002,122695811508
1770569655002,122830182624
1770569656002,122963170381
1770569657002,123095867124
1770569658002,123227631924
1770569659002,123359739190
1770569660002,123492591511
1770569661002,123624327136
1770569662002,123757859326
1770569663002,123890041422
1770569664002,124021900154
1770569665002,124153184242
1770569666002,124286132388
1770569667002,124417290316
1770569668002,124548776002
1770569669002,124679783785
1770569670002,124811363099
1770569671002,124944426479
1770569672002,125075782710
1770569673002,125207021327
1770569674002,125338157771
1770569675002,125470507468
1770569676002,125602752980
1770569677002,125735704238
1770569678002,125867367231
1770569679002,125998945691
1770569680002,126130400188
1770569681002,126261216138
1770569682002,126392632793
1770569683002,126524483652
1770569684002,126655087688
1770569685002,126786549265
1770569686002,126917644023
1770569687002,127048025159
1770569688002,127178883527
1770569689002,127310608105
1770569690002,127442416056
1770569691002,127574855475
1770569692002,127707267306
1770569693002,127839080629
1770569694002,127970875213
1770569695002,128102822080
1770569696002,128235342981
1770569697002,128366810296
1770569698002,128498164024
1770569699002,128629779837
1770569700002,128762455462
1770569701002,128895083601
1770569702003,129029506597
1770569703003,129162545014
1770569704002,129297197928
1770569705002,129423582432
1770569706002,129550419265
1770569707002,129677322932
1770569708005,129804716527
1770569709002,129935045478
1770569710003,130071147668
1770569711002,130205092882
1770569712002,130340407782
1770569713002,130471520789
1770569714002,130598217974
1770569715002,130730028489
1770569716002,130860088886
1770569717002,130989807792
1770569718002,131117453828
1770569719002,131248636964
1770569720002,131381167508
1770569721002,131517324935
1770569722002,131650106395
1770569723002,131785059724
1770569724002,131917787228
1770569725002,132051237936
1770569726002,132180217709
1770569727002,132316449477
1770569728002,132451193883
1770569729002,132585587093
1770569730002,132720140887
1770569731002,132854505350
1770569732003,132988750246
1770569733002,133122108242
1770569734002,133257326218
1770569735002,133386873189
1770569736002,133514218810
1770569737002,133641429056
1770569738002,133768956256
1770569739002,133901148728
1770569740002,134037094608
1770569741002,134170396757
1770569742002,134305563159
1770569743002,134436405475
1770569744002,134563224425
1770569745002,134690182963
1770569746002,134817522908
1770569747002,134943496035
1770569748002,135076370268
1770569749002,135212303391
1770569750002,135347364813
1770569751002,135481552153
1770569752002,135616221913
1770569753002,135743224823
1770569754002,135871614203
1770569755002,136000938579
1770569756002,136128541890
1770569757002,136257189693
1770569758002,136393137282
1770569759002,136528051793
1770569760002,136663088679
1770569761002,136798674513
1770569762002,136931501627
1770569763002,137062123058
1770569764002,137192048811
1770569765002,137322869155
1770569766002,137454967694
1770569767002,137587077158
1770569768002,137724105250
1770569769003,137859092636
1770569770003,137993869696
1770569771002,138128492032
1770569772002,138263178821
1770569773002,138396388990
1770569774002,138529414834
1770569775002,138664241454
1770569776002,138799229267
1770569777002,138933478557
1770569778002,139068309877
1770569779002,139203630454
1770569780002,139338499615
1770569781003,139473450136
1770569782003,139608385277
1770569783002,139742992232
1770569784002,139877997746
1770569785002,140012875086
1770569786007,140148622724
1770569787003,140282583014
1770569788002,140417509670
1770569789002,140552197131
1770569790002,140686971566
1770569791002,140822283475
1770569792002,140956967213
1770569793025,141092715095
1770569794047,141228148342
1770569795012,141362847643
1770569796002,141496874217
1770569797002,141631739289
1770569798002,141766604117
1770569799002,141901209058
1770569800002,142036348422
1770569801004,142171524467
1770569802003,142306379713
1770569803002,142441135288
1770569804002,142575912043
1770569805002,142710033098
1770569806002,142845843908
1770569807003,142980734432
1770569808002,143115429155
1770569809002,143250029397
1770569810002,143385192259
1770569811002,143520098896
1770569812002,143654939676
1770569813002,143789696228
1770569814002,143924315695
1770569815002,144059366253
1770569816002,144194180605
1770569817002,144329061119
1770569818002,144463862227
1770569819002,144598987003
1770569820002,144732066313
1770569821002,144865608879
1770569822002,144999794815
1770569823002,145133040262
1770569824002,145267600037
1770569825002,145400598537
1770569826002,145534266774
1770569827002,145667788710
1770569828002,145800856546
1770569829002,145933694279
1770569830002,146065791414
1770569831002,146198914487
1770569832002,146331515405
1770569833002,146465418687
1770569834002,146599106760
1770569835002,146734290741
1770569836002,146867733453
1770569837002,146995465792
1770569838002,147122204359
1770569839002,147255730995
1770569840002,147387906865
1770569841002,147518591589
1770569842002,147648714425
1770569843002,147782523775
1770569844002,147918507191
1770569845002,148052891857
1770569846002,148187666598
1770569847002,148321419368
1770569848003,148456838943
1770569849002,148590630227
1770569850002,148720292920
1770569851002,148854978366
1770569852002,148990095574
1770569853002,149125083265
1770569854003,149260404269
1770569855003,149394980829
1770569856002,149529073137
1770569857002,149664070838
1770569858002,149797242738
1770569859002,149931257959
1770569860002,150065314562
1770569861002,150198876293
1770569862002,150334021210
1770569863003,150467462397
1770569864002,150599490929
1770569865002,150733443100
1770569866002,150866955332
1770569867002,151001198030
1770569868002,151136525504
1770569869002,151270050552
1770569870002,151404527259
1770569871002,151538865965
1770569872003,151672446007
1770569873002,151805667711
1770569874002,151940671760
1770569875002,152075254118
1770569876002,152205767822
1770569877002,152335688999
1770569878002,152466185063
1770569879002,152595519571
1770569880002,152724383987
1770569881002,152855766158
1770569882002,152989973029
1770569883002,153125477687
1770569884002,153260779282
1770569885004,153395836187
1770569886003,153529710295
1770569887002,153664399769
1770569888002,153791108002
1770569889002,153920583074
1770569890002,154050247781
1770569891002,154179473280
1770569892002,154309217333
1770569893002,154443745064
1770569894002,154579575100
1770569895002,154714574999
1770569896002,154849385322
1770569897002,154983414215
1770569898002,155118473134
1770569899002,155247220608
1770569900002,155378534358
1770569901002,155508890897
1770569902002,155640982844
1770569903003,155777619579
1770569904002,155912268832
1770569905002,156047366203
1770569906003,156182432447
1770569907003,156317401095
1770569908002,156452296319
1770569909002,156586672928
1770569910002,156721755651
1770569911004,156857033320
1770569912003,156991784562
1770569913002,157126335304
1770569914002,157261453305
1770569915002,157395938801
1770569916002,157530624552
1770569917002,157665533631
1770569918002,157800635030
1770569919002,157935135846
1770569920002,158070293825
1770569921002,158205216514
1770569922002,158339834334
1770569923002,158475262210
1770569924002,158610015221
1770569925002,158744529220
1770569926002,158879523321
1770569927002,159014642298
1770569928002,159149419175
1770569929002,159284522711
1770569930002,159419398953
1770569931002,159554302965
1770569932003,159689227241
1770569933002,159823732940
1770569934002,159958759266
1770569935002,160093694407
1770569936002,160228628021
1770569937002,160363160819
1770569938002,160498633311
1770569939003,160633477082
1770569940002,160768202262
1770569941003,160903245069
1770569942002,161038017856
1770569943002,161172744745
1770569944002,161307876235
1770569945002,161442638585
1770569946002,161577449214
1770569947002,161712448380
1770569948002,161847427649
1770569949002,161982341671
1770569950002,162117178912
1770569951002,162252329933
1770569952002,162387083982
1770569953002,162522126727
1770569954002,162657015298
1770569955002,162791497620
1770569956002,162926751058
1770569957002,163061768290
1770569958002,163196403444
1770569959002,163331533225
1770569960002,163466558941
1770569961002,163601279910
1770569962002,163736047204
1770569963002,163870835738
1770569964002,164005871281
1770569965002,164140813013
1770569966002,164275395677
1770569967002,164410359687
1770569968003,164545726344
1770569969002,164680475511
1770569970002,164814696969
1770569971003,164949912260
1770569972002,165084634755
1770569973002,165219165782
1770569974002,165353348422
1770569975002,165488699150
1770569976002,165623553846
1770569977003,165758650302
1770569978003,165893642022
1770569979003,166028301345
1770569980003,166162954931
1770569981002,166296376038
1770569982002,166431781697
1770569983002,166567103982
1770569984002,166700975588
1770569985002,166829121195
1770569986002,166957729752
1770569987002,167089748579
1770569988002,167227037718
1770569989002,167361717243
1770569990002,167496654215
1770569991002,167631389466
1770569992002,167766397787
1770569993002,167900503523
1770569994002,168034136298
1770569995002,168161170702
1770569996002,168289006434
1770569997002,168421053093
1770569998003,168558621833
1770569999002,168693556668
1770570000003,168827717885
1770570001002,168962905893
1770570002002,169097917327
1770570003002,169232604239
1770570004002,169364400654
1770570005002,169496892624
1770570006002,169631971502
1770570007002,169767230616
1770570008002,169901860948
1770570009002,170036892707
1770570010002,170171931424
1770570011002,170306400623
1770570012002,170440994028
1770570013002,170570297897
1770570014002,170703483041
1770570015002,170830265188
1770570016002,170963294327
1770570017003,171100604156
1770570018004,171235326345
1770570019003,171370386241
1770570020003,171504816439
1770570021002,171640175834
1770570022002,171774853895
1770570023002,171909165197
1770570024002,172041126346
1770570025002,172173021455
1770570026002,172307139520
1770570027002,172442698194
1770570028002,172577242588
1770570029002,172712339532
1770570030002,172847214736
1770570031002,172982223241
1770570032002,173117185847
1770570033002,173251756425
1770570034002,173386650550
1770570035002,173521713742
1770570036002,173656466876
1770570037002,173791446267
1770570038002,173926377684
1770570039002,174061154805
1770570040002,174196022929
1770570041002,174331043518
1770570042002,174465780539
1770570043002,174600697003
1770570044002,174735620485
1770570045002,174870457603
1770570046002,175005399763
1770570047002,175139784734
1770570048002,175273279387
1770570049002,175406021296
1770570050002,175537861718
1770570051002,175669339164
1770570052002,175801207723
1770570053002,175932621937
1770570054002,176063911885
1770570055002,176194919118
1770570056002,176325889119
1770570057002,176457646900
1770570058002,176589018817
1770570059002,176721361373
1770570060002,176856299749
1770570061002,176989107026
1770570062002,177121373716
1770570063002,177255065940
1770570064002,177388363633
1770570065002,177520432631
1770570066002,177652558758
1770570067002,177784249094
1770570068002,177915571146
1770570069002,178047347603
1770570070002,178179746312
1770570071002,178311522159
1770570072002,178444756376
1770570073002,178577640374
1770570074002,178710521137
1770570075002,178843782026
1770570076002,178976214488
1770570077002,179108310402
1770570078002,179240230596
1770570079002,179372207370
1770570080002,179504824646
1770570081002,179636922025
1770570082003,179773637495
1770570083002,179903422319
1770570084002,180030802242
1770570085002,180158504186
1770570086002,180287916025
1770570087002,180420837865
1770570088002,180557546194
1770570089003,180691995740
1770570090003,180827234651
1770570091002,180962019279
1770570092002,181095309283
1770570093002,181227841292
1770570094002,181360839792
1770570095002,181493170813
1770570096002,181624559698
1770570097002,181756486362
1770570098002,181888841004
1770570099002,182020818144
1770570100002,182153129573
1770570101002,182284471888
1770570102002,182416757560
1770570103002,182549178119
1770570104002,182682929242
1770570105002,182817111027
1770570106002,182951833644
1770570107002,183085841479
1770570108002,183214225184
1770570109002,183342517458
1770570110002,183471398720
1770570111002,183601661387
1770570112002,183737688321
1770570113002,183873635361
1770570114004,184008229010
1770570115003,184142282561
1770570116002,184277739856
1770570117002,184411038282
1770570118002,184543594461
1770570119002,184675201241
1770570120002,184806723426
1770570121002,184940083803
1770570122002,185072769254
1770570123002,185205400628
1770570124002,185337698324
1770570125002,185470490343
1770570126002,185602173050
1770570127002,185734567303
1770570128002,185866530406
1770570129002,185998702919
1770570130002,186130485479
1770570131002,186262587985
1770570132002,186395492613
1770570133002,186529617453
1770570134002,186661526356
1770570135002,186793434222
1770570136002,186925133286
1770570137002,187057619031
1770570138002,187190038492
1770570139002,187322163093
1770570140002,187453437964
1770570141002,187584734015
1770570142002,187717280917
1770570143002,187849372681
1770570144002,187981593533
1770570145002,188113278987
1770570146003,188245301721
1770570147002,188377492483
1770570148002,188510501115
1770570149002,188642417159
1770570150002,188774821422
1770570151002,188906529520
1770570152002,189039218695
1770570153002,189171824739
1770570154002,189305216671
1770570155002,189438045371
1770570156002,189569883474
1770570157002,189701975543
1770570158002,189834252426
1770570159002,189966606762
1770570160002,190098962564
1770570161002,190231726689
1770570162002,190364674225
1770570163002,190497021603
1770570164002,190629337915
1770570165003,190761440360
1770570166002,190893396748
1770570167002,191025123889
1770570168002,191158208143
1770570169002,191290354411
1770570170002,191422671516
1770570171002,191554233802
1770570172002,191687902710
1770570173002,191820605312
1770570174002,191952324762
1770570175002,192083846398
1770570176002,192214794977
1770570177002,192346947104
1770570178002,192479293384
1770570179002,192611071306
1770570180002,192742992233
1770570181002,192875034253
1770570182002,193007535196
1770570183003,193140467045
1770570184002,193273104584
1770570185002,193404515076
1770570186002,193535867095
1770570187002,193668607478
1770570188002,193805477428
1770570189002,193938041664
1770570190002,194072548827
1770570191002,194204485318
1770570192002,194328867201
1770570193002,194455707087
1770570194002,194594490545
1770570195003,194729495692
1770570196002,194863978991
1770570197002,194998805123
1770570198004,195134252652
1770570199003,195268819690
1770570200002,195403707773
1770570201002,195538575469
1770570202002,195673320730
1770570203003,195808346629
1770570204002,195943123811
1770570205002,196077957694
1770570206002,196213004895
1770570207002,196347635288
1770570208002,196482701226
1770570209002,196617867262
1770570210002,196752818394
1770570211002,196887628717
1770570212002,197022361710
1770570213002,197157378088
1770570214003,197292465511
1770570215002,197427333573
1770570216024,197565033233
1770570217004,197697222409
1770570218004,197832287798
1770570219021,197967878576
1770570220031,198103812555
1770570221020,198238748244
1770570222003,198371965005
1770570223003,198506726318
1770570224003,198641663290
1770570225003,198776565532
1770570226002,198911394716
1770570227002,199046324119
1770570228003,199181377545
1770570229002,199316246646
1770570230002,199451202904
1770570231002,199585997786
1770570232002,199721116581
1770570233002,199855903650
1770570234012,199992073895
1770570235003,200125842718
1770570236002,200260691921
1770570237003,200395746262
1770570238003,200530767035
1770570239003,200665387418
1770570240003,200800336535
1770570241002,200935291085
1770570242003,201070222502
1770570243004,201205445667
1770570244007,201340632515
1770570245003,201475068023
1770570246025,201611503221
1770570247003,201744966746
1770570248003,201879901460
1770570249011,202015101614
1770570250006,202150148754
1770570251003,202284669955
1770570252003,202419557244
1770570253003,202554246047
1770570254003,202689483066
1770570255011,202824651360
1770570256009,202960189832
1770570257002,203094285375
1770570258012,203230394767
1770570259003,203364102616
1770570260002,203498968970
1770570261003,203633698361
1770570262003,203768801104
1770570263003,203903671913
1770570264002,204038491820
1770570265003,204173495136
1770570266003,204308341227
1770570267002,204443389648
1770570268003,204578296590
1770570269003,204713298503
1770570270011,204848130677
1770570271002,204983122092
1770570272003,205118135357
1770570273031,205255603084
1770570274002,205387923180
1770570275002,205522514998
1770570276002,205657796695
1770570277002,205792593164
1770570278002,205927339829
1770570279003,206062485296
1770570280003,206197416469
1770570281003,206332290513
1770570282003,206467289496
1770570283003,206602123501
1770570284003,206737116198
1770570285003,206871865426
1770570286004,207006852934
1770570287003,207142035755
1770570288012,207277079537
1770570289003,207411757415
1770570290003,207546418814
1770570291002,207681561168
1770570292002,207816442597
1770570293003,207951618399
1770570294002,208086297192
1770570295029,208224477564
1770570296003,208356111870
1770570297062,208494971866
1770570298031,208629837488
1770570299004,208761032098
1770570300013,208897174755
1770570301006,209031119297
1770570302004,209165771968
1770570303003,209300589250
1770570304002,209435486060
1770570305002,209570408322
1770570306005,209705661333
1770570307005,209840546669
1770570308003,209975305601
1770570309002,210110178974
1770570310002,210245117166
1770570311003,210380118530
1770570312002,210514958150
1770570313004,210649914348
1770570314005,210785140991
1770570315004,210919844931
1770570316003,211054802654
1770570317002,211189584109
1770570318003,211324528648
1770570319003,211459553510
1770570320003,211594463382
1770570321004,211729414148
1770570322003,211864353682
1770570323003,211999188542
1770570324003,212134126612
1770570325003,212269112534
1770570326003,212403949286
1770570327003,212538240019
1770570328003,212673803087
1770570329008,212809323798
1770570330003,212943647489
1770570331003,213078513111
1770570332003,213213574594
1770570333003,213348482696
1770570334003,213483377675
1770570335003,213618497935
1770570336003,213753262970
1770570337004,213888084769
1770570338004,214023182201
1770570339004,214158130098
1770570340003,214293065360
1770570341002,214427896619
1770570342003,214562393834
1770570343003,214697541132
1770570344010,214833244764
1770570345003,214967442174
1770570346003,215102497615
1770570347010,215237421097
1770570348004,215372396826
1770570349004,215507378109
1770570350003,215642252336
1770570351048,215781899379
1770570352008,215912910518
1770570353003,216046977008
1770570354003,216182011636
1770570355003,216316730041
1770570356003,216451717610
1770570357003,216586769511
1770570358003,216721734131
1770570359003,216856607626
1770570360002,216991372112
1770570361002,217126376589
1770570362002,217261325828
1770570363033,217398802832
1770570364004,217531299075
1770570365016,217667976643
1770570366004,217801262373
1770570367003,217936016301
1770570368002,218070777491
1770570369005,218205841354
1770570370006,218340912542
1770570371004,218475719631
1770570372003,218610753221
1770570373003,218745556892
1770570374003,218880228544
1770570375005,219015535815
1770570376011,219150402657
1770570377003,219285255339
1770570378003,219420272083
1770570379002,219554846507
1770570380002,219689871674
1770570381003,219824899832
1770570382009,219960498362
1770570383003,220094703829
1770570384004,220229799979
1770570385003,220364367750
1770570386003,220499545749
1770570387010,220635168143
1770570388033,220773439945
1770570389002,220904303990
1770570390003,221039090998
1770570391002,221174128922
1770570392003,221309193700
1770570393003,221444083004
1770570394003,221578964433
1770570395003,221713952796
1770570396003,221848864865
1770570397004,221983964556
1770570398003,222118700905
1770570399002,222253545531
1770570400004,222388651203
1770570401003,222523553018
1770570402002,222658443176
1770570403002,222793448263
1770570404002,222928182537
1770570405002,223063067506
1770570406002,223197962486
1770570407003,223333089581
1770570408003,223468016238
1770570409003,223602969445
1770570410006,223737982832
1770570411003,223872721440
1770570412003,224007693750
1770570413002,224142515182
1770570414003,224277541204
1770570415004,224412581019
1770570416003,224547483018
1770570417003,224682090278
1770570418002,224817364773
1770570419003,224952222582
1770570420006,225087515083
1770570421004,225222138517
1770570422003,225356948292
1770570423002,225491789133
1770570424002,225626752044
1770570425002,225761661855
1770570426003,225896745494
1770570427003,226031663239
1770570428004,226166643057
1770570429006,226301944652
1770570430011,226437508514
1770570431003,226571374748
1770570432002,226706300978
1770570433002,226841065098
1770570434003,226976001337
1770570435004,227111099624
1770570436003,227246169774
1770570437003,227380823482
1770570438017,227517317761
1770570439003,227650555640
1770570440002,227785729550
1770570441003,227920521075
1770570442009,228056109778
1770570443003,228190400999
1770570444003,228325304096
1770570445004,228460423196
1770570446003,228595218139
1770570447005,228730268208
1770570448014,228866676001
1770570449002,229000097535
1770570450003,229134946982
1770570451003,229269942913
1770570452003,229404808596
1770570453002,229539607445
1770570454003,229674769269
1770570455003,229809680484
1770570456003,229944456750
1770570457003,230079528914
1770570458003,230214356755
1770570459003,230349418238
1770570460003,230484146165
1770570461004,230619187262
1770570462003,230754090725
1770570463003,230888929308
1770570464003,231024046943
1770570465004,231159113736
1770570466003,231293824207
1770570467002,231428714547
1770570468003,231563624908
1770570469003,231698675099
1770570470003,231833560130
1770570471024,231968996367
1770570472003,232103408072
1770570473002,232238256908
1770570474003,232373211214
1770570475002,232508030022
1770570476003,232643181165
1770570477004,232778143832
1770570478004,232913058953
1770570479003,233047992323
1770570480003,233182935887
1770570481003,233317871027
1770570482003,233452750687
1770570483031,233589178133
1770570484003,233722731197
1770570485003,233857592607
1770570486003,233992396522
1770570487002,234127249204
1770570488015,234262916398
1770570489006,234397649452
1770570490006,234532413816
1770570491007,234667558612
1770570492018,234803243384
1770570493004,234937049316
1770570494007,235071844930
1770570495004,235206947124
1770570496020,235343894832
1770570497002,235476519065
1770570498039,235613840491
1770570499004,235746487918
1770570500004,235881554466
1770570501003,236016337019
1770570502003,236151109807
1770570503012,236286293298
1770570504003,236421091598
1770570505002,236556062810
1770570506003,236691073024
1770570507004,236825992356
1770570508006,236961353643
1770570509003,237095802640
1770570510004,237230632861
1770570511003,237365309335
1770570512003,237500542875
1770570513003,237635288075
1770570514003,237770196909
1770570515009,237905442291
1770570516003,238040175710
1770570517003,238175153575
1770570518003,238310032441
1770570519010,238446140491
1770570520005,238580129284
1770570521003,238714993929
1770570522003,238849780999
1770570523002,238984766493
1770570524002,239119641392
1770570525003,239254692865
1770570526013,239390772595
1770570527004,239524762181
1770570528003,239659075680
1770570529009,239795043349
1770570530010,239930080296
1770570531004,240064301449
1770570532003,240199077715
1770570533003,240334120094
1770570534004,240469106260
1770570535035,240604980729
1770570536003,240738809488
1770570537033,240874386716
1770570538003,241008698812
1770570539003,241143603862
1770570540004,241278415345
1770570541003,241413465170
1770570542005,241548583660
1770570543003,241683345522
1770570544031,241818893088
1770570545006,241953457196
1770570546006,242088421633
1770570547003,242223014428
1770570548015,242359244426
1770570549003,242492965581
1770570550002,242627789576
1770570551003,242762513047
1770570552044,242898337773
1770570553005,243032943324
1770570554003,243167413988
1770570555005,243302597358
1770570556005,243437611356
1770570557035,243575019024
1770570558003,243707212228
1770570559005,243842554350
1770570560003,243976973195
1770570561003,244112031870
1770570562003,244246828767
1770570563005,244382118520
1770570564002,244516520642
1770570565003,244651590487
1770570566003,244786577751
1770570567003,244921588758
1770570568019,245057954925
1770570569004,245191523919
1770570570003,245326236343
1770570571002,245461293675
1770570572003,245596268915
1770570573002,245731083756
1770570574003,245866143896
1770570575005,246001311885
1770570576009,246136696853
1770570577003,246270853431
1770570578003,246405845639
1770570579003,246540754352
1770570580003,246675629128
1770570581003,246810580870
1770570582003,246945637287
1770570583003,247080483011
1770570584002,247215300965
1770570585003,247350252768
1770570586003,247485169720
1770570587003,247620098940
1770570588003,247755029930
1770570589002,247889986188
1770570590003,248024925235
1770570591003,248159804223
1770570592003,248294759078
1770570593003,248429786198
1770570594003,248564721399
1770570595002,248699230637
1770570596002,248834506841
1770570597003,248969264614
1770570598006,249104729355
1770570599003,249239415168
1770570600004,249374489773
1770570601003,249509078052
1770570602002,249644048348
1770570603031,249780285426
1770570604004,249914075123
1770570605003,250048877939
1770570606003,250183995452
1770570607002,250318705373
1770570608003,250453659618
1770570609011,250589539763
1770570610006,250723547538
1770570611006,250858688183
1770570612005,250993675691
1770570613003,251128260064
1770570614003,251263015456
1770570615008,251398765047
1770570616029,251533936698
1770570617008,251668642652
1770570618005,251803014867
1770570619005,251938103877
1770570620003,252072875443
1770570621024,252208738194
1770570622003,252342569577
1770570623023,252479861767
1770570624014,252612609962
1770570625004,252747498411
1770570626015,252883831985
1770570627005,253017486856
1770570628003,253152208068
1770570629012,253287408467
1770570630019,253424187047
1770570631002,253556736147
1770570632002,253691885520
1770570633020,253828302712
1770570634003,253961770754
1770570635003,254096759239
1770570636003,254231768659
1770570637002,254366421452
1770570638002,254501560022
1770570639003,254636439620
1770570640002,254771314824
1770570641002,254906288600
1770570642003,255041144212
1770570643003,255176093390
1770570644003,255311186123
1770570645004,255446102587
1770570646003,255580953010
1770570647004,255715914335
1770570648005,255850893726
1770570649002,255985621957
1770570650002,256120688689
1770570651002,256255403982
1770570652002,256390356822
1770570653003,256525368439
1770570654003,256660279898
1770570655003,256795327526
1770570656003,256930186007
1770570657003,257065208305
1770570658003,257199946546
1770570659009,257335096835
1770570660005,257470118828
1770570661004,257604875747
1770570662005,257739929356
1770570663009,257875478325
1770570664008,258010222304
1770570665003,258144460669
1770570666003,258279499691
1770570667003,258414326677
1770570668003,258549363319
1770570669003,258684339353
1770570670007,258819264178
1770570671004,258954208840
1770570672003,259089030089
1770570673002,259223937154
1770570674002,259358854289
1770570675003,259493828491
1770570676003,259628792318
1770570677004,259763830242
1770570678003,259898770936
1770570679003,260033364708
1770570680004,260168543744
1770570681003,260303524111
1770570682002,260438323388
1770570683003,260573214400
1770570684008,260708909731
1770570685003,260843258081
1770570686003,260978151108
1770570687004,261113105901
1770570688005,261248124354
1770570689004,261383041245
1770570690005,261518048468
1770570691003,261652804044
1770570692023,261789530988
1770570693036,261926930173
1770570694008,262058119595
1770570695003,49057552
1770570696005,184254472
1770570697004,319028052
1770570698004,453932797
1770570699019,589269487
1770570700007,723857460
1770570701004,858840757
1770570702004,993773395
1770570703004,1128569620
1770570704005,1263456970
1770570705010,1399172565
1770570706003,1533387676
1770570707004,1668366761
1770570708007,1803418967
1770570709004,1938143109
1770570710003,2073125369
1770570711003,2208024865
1770570712004,2342860579
1770570713004,2477966495
1770570714004,2612854211
1770570715004,2747646591
1770570716003,2882738774
1770570717003,3017724757
1770570718004,3152580003
1770570719004,3287496405
1770570720004,3422284268
1770570721004,3557363207
1770570722004,3692262093
1770570723004,3827211882
1770570724004,3962271106
1770570725006,4097185189
1770570726003,4231982208
1770570727009,4367633777
1770570728010,4502672799
1770570729043,4639972984
1770570730019,4773778367
1770570731003,4906585217
1770570732010,5042444305
1770570733005,5176587577
1770570734007,5311533155
1770570735003,5446163181
1770570736003,5581126337
1770570737003,5716181655
1770570738011,5851635654
1770570739005,5986130183
1770570740004,6121153580
1770570741004,6255985022
1770570742004,6390961849
1770570743004,6525855852
1770570744003,6660662758
1770570745003,6795586485
1770570746004,6930477314
1770570747005,7065550881
1770570748004,7200392455
1770570749011,7335952472
1770570750004,7470362894
1770570751005,7605321167
1770570752004,7740222250
1770570753004,7875110210
1770570754020,8012041195
1770570755004,8144823570
1770570756004,8279908490
1770570757007,8415235537
1770570758005,8549799340
1770570759014,8686045573
1770570760039,8820689272
1770570761015,8955977560
1770570762059,9091379252
1770570763008,9224969914
1770570764005,9359446498
1770570765004,9494312059
1770570766004,9629160896
1770570767003,9763909086
1770570768003,9898919299
1770570769002,10033845651
1770570770004,10168792815
1770570771004,10303773243
1770570772003,10438704416
1770570773004,10573673248
1770570774004,10708618337
1770570775005,10843647777
1770570776003,10978463655
1770570777003,11113232414
1770570778004,11248395276
1770570779004,11383205050
1770570780005,11518231377
1770570781004,11653200209
1770570782004,11787953831
1770570783005,11923088495
1770570784004,12057818802
1770570785004,12192940587
1770570786004,12327768306
1770570787004,12462667070
1770570788013,12598874301
1770570789003,12732342099
1770570790015,12867450091
1770570791006,13002628822
1770570792004,13137267515
1770570793015,13272593219
1770570794005,13407269083
1770570795005,13542189025
1770570796004,13677118245
1770570797004,13812031779
1770570798029,13950177727
1770570799003,14081771750
1770570800003,14216689252
1770570801004,14351708193
1770570802004,14486627464
1770570803004,14621580183
1770570804039,14760827873
1770570805004,14891478174
1770570806003,15026212204
1770570807009,15161930240
1770570808047,15297303429
1770570809005,15431301132
1770570810003,15565998358
1770570811004,15700842435
1770570812004,15835888659
1770570813004,15970794624
1770570814004,16105774809
1770570815004,16240702625
1770570816004,16375616464
1770570817004,16510558685
1770570818004,16645454457
1770570819015,16780914560
1770570820006,16915593597
1770570821004,17050209342
1770570822003,17184978467
1770570823004,17320122469
1770570824004,17455017265
1770570825004,17589954176
1770570826004,17724863498
1770570827004,17859930596
1770570828005,17994855971
1770570829005,18129733800
1770570830004,18264630000
1770570831004,18399511612
1770570832036,18535072606
1770570833005,18669456234
1770570834004,18804414873
1770570835004,18939168312
1770570836006,19074266843
1770570837004,19209195636
1770570838004,19344159646
1770570839004,19479036437
1770570840004,19613947529
1770570841004,19748886698
1770570842004,19883805359
1770570843009,20019305745
1770570844005,20153690044
1770570845005,20288616212
1770570846007,20423692222
1770570847004,20558514874
1770570848006,20693645510
1770570849088,20832636548
1770570850004,20963382918
1770570851003,21098125065
1770570852004,21233095240
1770570853004,21368013046
1770570854005,21502967779
1770570855003,21637854030
1770570856003,21772650377
1770570857004,21907745490
1770570858004,22042634488
1770570859004,22177591784
1770570860004,22312553231
1770570861004,22447432280
1770570862004,22582356129
1770570863005,22717258005
1770570864007,22852186127
1770570865005,22987263845
1770570866003,23122057262
1770570867004,23256970186
1770570868003,23391955436
1770570869003,23526699598
1770570870005,23661930575
1770570871003,23796669121
1770570872003,23931643935
1770570873004,24066561680
1770570874004,24201438166
1770570875003,24336357681
1770570876016,24471891209
1770570877004,24606303218
1770570878003,24741103471
1770570879003,24876072852
1770570880004,25011053342
1770570881003,25145923785
1770570882003,25280873147
1770570883003,25415653807
1770570884006,25550853962
1770570885004,25685759866
1770570886005,25820738403
1770570887004,25955487814
1770570888004,26090570292
1770570889003,26225287233
1770570890004,26360423117
1770570891004,26495306561
1770570892003,26630109683
1770570893007,26765369346
1770570894004,26900071638
1770570895004,27034935490
1770570896004,27169988000
1770570897004,27304892684
1770570898004,27439875066
1770570899011,27575565392
1770570900004,27709665208
1770570901004,27844603827
1770570902003,27979441556
1770570903003,28114327685
1770570904003,28249272713
1770570905004,28384263334
1770570906003,28519200977
1770570907003,28654101633
1770570908003,28789086944
1770570909004,28923953847
1770570910004,29058904979
1770570911011,29194692107
1770570912011,29329668690
1770570913004,29463692028
1770570914004,29598655306
1770570915004,29733593559
1770570916003,29868466200
1770570917004,30003396457
1770570918005,30138336847
1770570919003,30273267654
1770570920003,30408174962
1770570921004,30543175654
1770570922003,30677952286
1770570923003,30812976965
1770570924003,30947894650
1770570925004,31082832292
1770570926004,31217763038
1770570927004,31352734617
1770570928003,31487601703
1770570929003,31622621377
1770570930009,31758200315
1770570931003,31892338460
1770570932003,32027211833
1770570933003,32162127076
1770570934003,32297206259
1770570935003,32432158184
1770570936009,32567757873
1770570937012,32703219746
1770570938007,32837404705
1770570939020,32973566710
1770570940003,33106760644
1770570941008,33242402936
1770570942004,33376578252
1770570943004,33511560938
1770570944003,33646462143
1770570945015,33782680605
1770570946004,33916404201
1770570947007,34051733445
1770570948006,34186272712
1770570949005,34321290921
1770570950004,34456112170
1770570951003,34590982430
1770570952011,34725946379
1770570953003,34860751088
1770570954003,34995641734
1770570955003,35130670746
1770570956003,35265564566
1770570957003,35400592357
1770570958004,35535508760
1770570959005,35670586295
1770570960003,35805197889
1770570961003,35940192355
1770570962011,36076238882
1770570963008,36210660230
1770570964003,36344950047
1770570965003,36479922175
1770570966003,36614834915
1770570967003,36749641638
1770570968003,36884728450
1770570969004,37019812333
1770570970003,37154386329
1770570971003,37289515317
1770570972003,37424318561
1770570973003,37559253091
1770570974003,37694345579
1770570975004,37829177876
1770570976010,37965149696
1770570977003,38099064392
1770570978004,38234112813
1770570979003,38369029643
1770570980003,38503665041
1770570981003,38638434837
1770570982003,38773624494
1770570983002,38908591677
1770570984002,39043566124
1770570985003,39178608381
1770570986003,39313466923
1770570987004,39448457666
1770570988005,39583389205
1770570989004,39718164434
1770570990004,39853370265
1770570991003,39988038438
1770570992003,40123041022
1770570993002,40257900906
1770570994004,40392904223
1770570995004,40527903694
1770570996015,40663970851
1770570997073,40807084132
1770570998003,40932677255
1770570999059,41071394612
1770571000003,41202395070
1770571001003,41337525645
1770571002003,41472397553
1770571003003,41607301321
1770571004004,41742329479
1770571005003,41877148348
1770571006003,42012051994
1770571007003,42146958326
1770571008004,42282024020
1770571009004,42416951531
1770571010009,42552381544
1770571011002,42686681188
1770571012003,42821665156
1770571013003,42956610978
1770571014002,43091424780
1770571015003,43226476131
1770571016003,43361316423
1770571017003,43496242287
1770571018003,43631190672
1770571019003,43766053119
1770571020004,43901038125
1770571021023,44037164913
1770571022003,44170852986
1770571023024,44307038978
1770571024003,44440725220
1770571025004,44575716696
1770571026004,44710757671
1770571027003,44845549684
1770571028003,44980481041
1770571029004,45115456586
1770571030020,45252582700
1770571031004,45385304040
1770571032005,45520304854
1770571033003,45655111699
1770571034004,45790219446
1770571035006,45925220565
1770571036004,46059829352
1770571037003,46194959255
1770571038004,46329703173
1770571039003,46464699775
1770571040003,46599613797
1770571041004,46734632983
1770571042003,46869535165
1770571043002,47004387847
1770571044003,47139357533
1770571045003,47274255564
1770571046003,47409111664
1770571047003,47544088247
1770571048003,47679143566
1770571049004,47814127168
1770571050004,47949015922
1770571051014,48084007764
1770571052003,48218637302
1770571053003,48353553277
1770571054003,48488578627
1770571055002,48623494236
1770571056004,48758570978
1770571057003,48893408035
1770571058004,49028274450
1770571059003,49163380428
1770571060003,49298226335
1770571061003,49433046851
1770571062003,49567988706
1770571063004,49702990740
1770571064004,49838089821
1770571065003,49972874754
1770571066006,50108109821
1770571067003,50242798624
1770571068004,50377821227
1770571069011,50512800740
1770571070005,50647566447
1770571071079,50790107830
1770571072006,50917595846
1770571073004,51052450726
1770571074010,51187867554
1770571075005,51322402183
1770571076003,51457095198
1770571077003,51592080753
1770571078010,51727794395
1770571079004,51861952132
1770571080003,51996827153
1770571081004,52131713283
1770571082004,52266802414
1770571083003,52401595648
1770571084003,52536532986
1770571085003,52671468004
1770571086003,52806446113
1770571087004,52941368437
1770571088003,53076198047
1770571089003,53211179330
1770571090003,53346055084
1770571091004,53481045217
1770571092004,53615937327
1770571093004,53750949494
1770571094004,53885861197
1770571095004,54020883251
1770571096004,54155791170
1770571097003,54290494133
1770571098003,54425526502
1770571099003,54560524387
1770571100003,54695405999
1770571101004,54830431166
1770571102004,54965254674
1770571103004,55100286982
1770571104003,55235176346
1770571105004,55370050940
1770571106003,55504856320
1770571107003,55639860064
1770571108003,55774821754
1770571109003,55909781064
1770571110004,56044714618
1770571111004,56179614968
1770571112003,56314416625
1770571113003,56449507832
1770571114004,56584450480
1770571115003,56719244813
1770571116004,56854198752
1770571117004,56989141949
1770571118004,57124168397
1770571119003,57258995201
1770571120003,57393906660
1770571121004,57528886417
1770571122003,57663737146
1770571123003,57798745589
1770571124004,57933887028
1770571125004,58068730921
1770571126011,58203744308
1770571127003,58338521551
1770571128004,58473482509
1770571129004,58608421251
1770571130004,58743318671
1770571131004,58878337491
1770571132004,59013233996
1770571133004,59148138802
1770571134004,59283055327
1770571135004,59418012196
1770571136003,59552902048
1770571137004,59687843658
1770571138004,59822656240
1770571139004,59957666881
1770571140004,60092673005
1770571141004,60227521415
1770571142003,60362424390
1770571143004,60497258456
1770571144004,60632382561
1770571145004,60767274733
1770571146004,60902125157
1770571147004,61037123895
1770571148004,61172096817
1770571149004,61306950536
1770571150003,61441693355
1770571151004,61576776628
1770571152003,61711714271
1770571153003,61846627499
1770571154003,61981556658
1770571155003,62116353799
1770571156003,62251439268
1770571157004,62386398456
1770571158003,62521285928
1770571159017,62657933650
1770571160004,62791192708
1770571161012,62927301185
1770571162028,63061625488
1770571163004,63196066550
1770571164009,63331171917
1770571165003,63465752871
1770571166004,63600748497
1770571167004,63735770368
1770571168003,63870655765
1770571169004,64005484583
1770571170003,64140357162
1770571171003,64275434819
1770571172004,64410397364
1770571173004,64545292283
1770571174007,64680618841
1770571175003,64815056424
1770571176004,64950000658
1770571177003,65085017097
1770571178004,65219825468
1770571179003,65354802539
1770571180003,65489699960
1770571181003,65624553619
1770571182003,65759546376
1770571183003,65894489024
1770571184004,66029450532
1770571185003,66164411978
1770571186004,66299194043
1770571187003,66434302095
1770571188003,66569060783
1770571189004,66704113172
1770571190004,66839133639
1770571191005,66974051873
1770571192004,67108931167
1770571193004,67243759129
1770571194003,67378737788
1770571195003,67513543168
1770571196004,67648504858
1770571197004,67783564144
1770571198008,67919070877
1770571199004,68053377906
1770571200004,68188390500
1770571201005,68323431231
1770571202013,68459293127
1770571203003,68593087890
1770571204014,68728630450
1770571205003,68863040018
1770571206007,68998273498
1770571207003,69132898092
1770571208004,69267757488
1770571209003,69402640688
1770571210003,69537603233
1770571211003,69672557294
1770571212004,69807463321
1770571213004,69942378564
1770571214004,70077366133
1770571215004,70212301640
1770571216004,70347274561
1770571217004,70482163986
1770571218003,70616952032
1770571219002,70751920070
1770571220003,70886882249
1770571221012,71022599553
1770571222004,71156850491
1770571223003,71291607715
1770571224003,71426511239
1770571225003,71561512724
1770571226004,71696564136
1770571227004,71831452829
1770571228010,71967233182
1770571229019,72101463613
1770571230004,72236277782
1770571231004,72371033723
1770571232004,72505971671
1770571233004,72641043347
1770571234003,72775938326
1770571235003,72910623101
1770571236003,73045699782
1770571237003,73180609043
1770571238003,73315422846
1770571239004,73450431839
1770571240004,73585350439
1770571241004,73720232723
1770571242004,73855169572
1770571243003,73990020301
1770571244003,74124921506
1770571245005,74260116717
1770571246003,74394772073
1770571247003,74529652099
1770571248022,74667278760
1770571249004,74799662150
1770571250004,74934574829
1770571251006,75069660238
1770571252003,75204469341
1770571253004,75339342042
1770571254004,75474300071
1770571255004,75609180707
1770571256004,75744255373
1770571257004,75879088402
1770571258004,76014053145
1770571259029,76151899838
1770571260004,76283849329
1770571261003,76418750961
1770571262004,76553714178
1770571263005,76688802089
1770571264004,76823565599
1770571265003,76958484626
1770571266021,77094074977
1770571267019,77229500961
1770571268005,77363424385
1770571269028,77499376002
1770571270003,77633093189
1770571271021,77768167245
1770571272018,77904609035
1770571273002,78037854971
1770571274003,78172737865
1770571275004,78307748933
1770571276003,78442681937
1770571277004,78577724499
1770571278003,78712540621
1770571279016,78848632314
1770571280003,78982312819
1770571281004,79117453647
1770571282003,79252117731
1770571283009,79387745802
1770571284016,79522285680
1770571285011,79657670831
1770571286005,79791971574
1770571287007,79927133215
1770571288012,80062955621
1770571289011,80197819168
1770571290004,80331766823
1770571291004,80466615171
1770571292004,80601712238
1770571293004,80736568643
1770571294003,80871519958
1770571295003,81006314351
1770571296004,81141394694
1770571297004,81276260438
1770571298004,81411115561
1770571299003,81546118695
1770571300004,81681064211
1770571301014,81817289570
1770571302016,81952681374
1770571303004,82085854434
1770571304005,82221027306
1770571305004,82355683333
1770571306005,82490716008
1770571307005,82625707545
1770571308016,82761395979
1770571309009,82895550054
1770571310004,83030433071
1770571311006,83165531846
1770571312004,83300241401
1770571313004,83435078886
1770571314005,83570082568
1770571315012,83706151312
1770571316008,83840435758
1770571317007,83974954029
1770571318004,84109895945
1770571319004,84244624787
1770571320003,84379701284
1770571321004,84514516674
1770571322043,84650914945
1770571323011,84785396962
1770571324006,84919700512
1770571325004,85054344211
1770571326012,85190346487
1770571327004,85324185256
1770571328003,85458995640
1770571329004,85594099421
1770571330005,85729000503
1770571331004,85863861608
1770571332005,85998837947
1770571333004,86133715959
1770571334004,86268670386
1770571335004,86403656613
1770571336009,86539075700
1770571337004,86673448769
1770571338005,86808513487
1770571339004,86943319477
1770571340011,87078362894
1770571341005,87213302856
1770571342004,87348122945
1770571343003,87483043926
1770571344004,87617976869
1770571345004,87752912192
1770571346004,87887803265
1770571347006,88022973818
1770571348004,88157789452
1770571349005,88292712446
1770571350011,88427948062
1770571351004,88562370813
1770571352003,88697399032
1770571353004,88832305242
1770571354004,88967187709
1770571355004,89102295335
1770571356007,89237457586
1770571357007,89372384853
1770571358031,89509049420
1770571359054,89646321469
1770571360022,89779186241
1770571361022,89912923814
1770571362024,90049112247
1770571363005,90181850249
1770571364004,90316580007
1770571365013,90452577828
1770571366032,90588657923
1770571367004,90721410269
1770571368004,90856305798
1770571369005,90991340547
1770571370004,91126132683
1770571371004,91261111768
1770571372004,91396042087
1770571373004,91530987603
1770571374004,91665901870
1770571375004,91800816502
1770571376008,91936391656
1770571377004,92070770706
1770571378008,92206084874
1770571379004,92340484005
1770571380004,92475392412
1770571381004,92610342628
1770571382003,92745280515
1770571383003,92880044636
1770571384004,93015122964
1770571385005,93150312559
1770571386005,93285115071
1770571387004,93420017863
1770571388004,93554930298
1770571389005,93689864340
1770571390013,93825361796
1770571391005,93959744936
1770571392005,94094659690
1770571393004,94229591047
1770571394004,94364553470
1770571395004,94499465234
1770571396005,94634401839
1770571397005,94769311467
1770571398004,94904197535
1770571399004,95039162704
1770571400004,95174107366
1770571401004,95308986171
1770571402004,95443897935
1770571403003,95578876594
1770571404004,95713740628
1770571405004,95848736255
1770571406004,95983634469
1770571407003,96118539885
1770571408009,96254207384
1770571409006,96388634164
1770571410014,96524187650
1770571411006,96658472402
1770571412009,96793272472
1770571413005,96928133272
1770571414005,97063151359
1770571415004,97198005139
1770571416005,97333013644
1770571417004,97467794366
1770571418003,97602615248
1770571419003,97737521336
1770571420004,97872586359
1770571421005,98007698501
1770571422004,98142595189
1770571423004,98277397945
1770571424004,98412337053
1770571425004,98547336829
1770571426004,98682122251
1770571427004,98817221392
1770571428036,98956285184
1770571429006,99087191160
1770571430004,99221978779
1770571431004,99356919778
1770571432004,99491862426
1770571433004,99626764364
1770571434004,99761649760
1770571435004,99896590516
1770571436003,100031360984
1770571437004,100166277509
1770571438004,100301412295
1770571439004,100436304711
1770571440004,100571288313
1770571441004,100706167972
1770571442006,100841347253
1770571443004,100976033920
1770571444004,101110962651
1770571445008,101245916041
1770571446004,101380751756
1770571447005,101515697211
1770571448004,101650705899
1770571449007,101785968187
1770571450005,101920523506
1770571451005,102055436918
1770571452004,102190481494
1770571453025,102325954536
1770571454004,102460248748
1770571455004,102595140920
1770571456004,102730102732
1770571457004,102865114472
1770571458003,102999905997
1770571459004,103134825756
1770571460005,103269928255
1770571461003,103404683281
1770571462003,103539640638
1770571463004,103674543247
1770571464004,103809617974
1770571465003,103944396194
1770571466005,104079451390
1770571467004,104214393488
1770571468004,104349302689
1770571469005,104484218359
1770571470004,104619166378
1770571471003,104753906023
1770571472003,104888830543
1770571473004,105023899778
1770571474004,105158856464
1770571475004,105293811868
1770571476004,105428615111
1770571477004,105563630635
1770571478004,105698593485
1770571479005,105833494324
1770571480004,105968435690
1770571481004,106103334636
1770571482004,106238118288
1770571483004,106373214256
1770571484004,106508134992
1770571485004,106643092715
1770571486005,106778172081
1770571487005,106912875106
1770571488004,107047810490
1770571489005,107182760523
1770571490005,107317810959
1770571491006,107452623846
1770571492004,107587468227
1770571493004,107722453050
1770571494004,107857436896
1770571495004,107992316678
1770571496004,108127231067
1770571497003,108262185128
1770571498005,108397229338
1770571499004,108532038990
1770571500023,108669511417
1770571501005,108801897796
1770571502005,108936985158
1770571503005,109071851512
1770571504004,109206680146
1770571505003,109341581473
1770571506035,109479173040
1770571507004,109611448092
1770571508007,109746558403
1770571509004,109881237624
1770571510004,110016299900
1770571511007,110151575188
1770571512004,110286162368
1770571513012,110422145602
1770571514020,110556449762
1770571515009,110691475174
1770571516009,110825918433
1770571517004,110960826352
1770571518003,111095627459
1770571519004,111230686562
1770571520003,111365611631
1770571521003,111500407307
1770571522003,111635352823
1770571523003,111770281433
1770571524004,111905309652
1770571525004,112040252055
1770571526004,112175185609
1770571527005,112310078513
1770571528005,112445024517
1770571529004,112579775271
1770571530005,112714829369
1770571531004,112849652937
1770571532020,112985630006
1770571533030,113121990314
1770571534022,113256051738
1770571535012,113390294070
1770571536019,113525234765
1770571537021,113661526408
1770571538004,113794125922
1770571539012,113930118982
1770571540003,114063959216
1770571541005,114199066597
1770571542003,114333813811
1770571543004,114468761280
1770571544004,114603807260
1770571545004,114738571991
1770571546004,114873626149
1770571547004,115008562449
1770571548004,115143355439
1770571549003,115278280448
1770571550004,115413199231
1770571551004,115548256930
1770571552003,115683131218
1770571553004,115817981703
1770571554004,115953017429
1770571555004,116087951044
1770571556004,116222701553
1770571557004,116357758519
1770571558003,116492558223
1770571559003,116627552323
1770571560003,116762426795
1770571561003,116897364255
1770571562003,117032340350
1770571563004,117167308876
1770571564004,117302062865
1770571565003,117437196369
1770571566004,117572026224
1770571567003,117706837585
1770571568003,117841728109
1770571569003,117976661357
1770571570003,118111778443
1770571571003,118246617698
1770571572004,118381619122
1770571573004,118516549380
1770571574004,118651415001
1770571575004,118786439741
1770571576003,118921284855
1770571577002,119055998499
1770571578003,119190794663
1770571579003,119325993230
1770571580003,119460573452
1770571581003,119595886582
1770571582004,119730845465
1770571583004,119865734646
1770571584004,120000693468
1770571585003,120135449654
1770571586002,120270403288
1770571587003,120405422108
1770571588003,120540292063
1770571589003,120675315765
1770571590003,120810256764
1770571591003,120944942699
1770571592002,121080110993
1770571593002,121214946952
1770571594003,121349936108
1770571595003,121484793185
1770571596003,121619623589
1770571597003,121754797559
1770571598003,121889441075
1770571599002,122024245234
1770571600002,122159451614
1770571601003,122294332799
1770571602002,122429250178
1770571603002,122564274003
1770571604002,122699065833
1770571605002,122834075253
1770571606003,122968912005
1770571607003,123103701821
1770571608002,123238857237
1770571609002,123373822406
1770571610002,123508542215
1770571611002,123643570373
1770571612002,123778102438
1770571613002,123913116741
1770571614002,124048349000
1770571615003,124183153220
1770571616002,124317478011
1770571617002,124452894290
1770571618002,124587399011
1770571619002,124722461471
1770571620002,124856789740
1770571621002,124992059475
1770571622002,125126958665
1770571623002,125261926276
1770571624002,125396886197
1770571625002,125531816638
1770571626003,125666781685
1770571627002,125801849455
1770571628002,125936252126
1770571629002,126071643076
1770571630002,126206426056
1770571631002,126341465444
1770571632003,126476253551
1770571633002,126611133821
1770571634002,126746278067
1770571635002,126881021436
1770571636002,127015603977
1770571637002,127150624444
1770571638002,127285555190
1770571639002,127420446507
1770571640002,127553944640
1770571641002,127688859456
1770571642002,127823629985
1770571643002,127957079289
1770571644002,128090757658
1770571645002,128223974419
1770571646002,128358472487
1770571647002,128494160922
1770571648002,128628168025
1770571649002,128762839616
1770571650002,128897614662
1770571651002,129032582029
1770571652002,129167375141
1770571653002,129301583537
1770571654002,129435573185
1770571655002,129568999540
1770571656002,129703887439
1770571657002,129838883981
1770571658002,129973631011
1770571659002,130107816093
1770571660002,130241680862
1770571661002,130376215308
1770571662002,130510784055
1770571663002,130645734027
1770571664002,130778963605
1770571665003,130914970154
1770571666004,131049874167
1770571667003,131184906231
1770571668003,131319614931
1770571669004,131454760032
1770571670003,131589557294
1770571671003,131724527713
1770571672003,131859511193
1770571673003,131994342147
1770571674002,132128714667
1770571675002,132263567837
1770571676002,132398353625
1770571677003,132532892343
1770571678002,132667720916
1770571679002,132802654958
1770571680002,132937526195
1770571681002,133072142122
1770571682002,133206397577
1770571683002,133335243011
1770571684002,133464324101
1770571685002,133591323776
1770571686002,133716392792
1770571687002,133840914690
1770571688002,133963880013
1770571689002,134086035462
1770571690002,134207909417
1770571691002,134330331589
1770571692002,134452642616
1770571693002,134574521821
1770571694002,134698644611
1770571695002,134818429155
1770571696002,134938691177
1770571697002,135057029497
1770571698002,135174868245
1770571699002,135293281516
1770571700002,135410211637
1770571701002,135524060589
1770571702002,135638647454
1770571703002,135753326298
1770571704002,135893739452
1770571705002,136031061854
1770571706002,136165910386
1770571707024,136303930235
1770571708003,136436050991
1770571709002,136570572741
1770571710002,136701251789
1770571711002,136823459301
1770571712002,136942061231
1770571713002,137057546470
1770571714002,137173072725
1770571715002,137288922770
1770571716002,137402964958
1770571717002,137512774187
1770571718002,137622698100
1770571719002,137732337650
1770571720002,137842550869
1770571721002,137953511401
1770571722002,138092563596
1770571723002,138231516365
1770571724002,138366393400
1770571725002,138501430652
1770571726002,138636202036
1770571727002,138771073272
1770571728002,138905719351
1770571729002,139040611096
1770571730002,139175185092
1770571731002,139310651054
1770571732002,139445304762
1770571733003,139580269077
1770571734002,139715177423
1770571735002,139850087844
1770571736002,139984737951
1770571737002,140119843867
1770571738002,140252774313
1770571739002,140383484733
1770571740002,140506653546
1770571741002,140643787533
1770571742002,140778063130
1770571743002,140907344842
1770571744002,141036916227
1770571745002,141164148018
1770571746002,141289767935
1770571747002,141414872596
1770571748002,141537726102
1770571749002,141659079368
1770571750002,141776369595
1770571751002,141884374079
1770571752002,141990954068
1770571753002,142095550357
1770571754002,142199605450
1770571755002,142303409445
1770571756002,142407265075
1770571757002,142512019262
1770571758002,142615856276
1770571759002,142720238395
1770571760002,142824873930
1770571761002,142928517830
1770571762002,143033078597
1770571763002,143137309287
1770571764002,143241081116
1770571765002,143345108743
1770571766002,143449212908
1770571767002,143552819149
1770571768002,143656588048
1770571769002,143759778885
1770571770002,143864561698
1770571771002,143969627591
1770571772002,144074428409
1770571773002,144190400463
1770571774002,144316711175
1770571775002,144443442418
1770571776002,144570520157
1770571777002,144709222805
1770571778003,144844437363
1770571779003,144979357001
1770571780002,145114223843
1770571781003,145249163622
1770571782003,145384079964
1770571783003,145519129362
1770571784003,145654009204
1770571785003,145788994088
1770571786003,145923903838
1770571787003,146058930348
1770571788003,146193811045
1770571789003,146328759552
1770571790002,146463374137
1770571791002,146598178296
1770571792002,146733380098
1770571793002,146868041619
1770571794002,146996961943
1770571795002,147123986459
1770571796002,147249788627
1770571797002,147376053807
1770571798002,147501428730
1770571799002,147625398628
1770571800002,147744371651
1770571801002,147862843516
1770571802002,147981274731
1770571803002,148096964803
1770571804002,148209967383
1770571805002,148320740293
1770571806002,148431104756
1770571807002,148540510482
1770571808002,148650464180
1770571809002,148760403168
1770571810002,148869705867
1770571811002,148978932516
1770571812002,149088768722
1770571813002,149200634707
1770571814002,149310433438
1770571815002,149420988330
1770571816002,149530401441
1770571817002,149639722268
1770571818002,149749129763
1770571819002,149857040620
1770571820002,149962280524
1770571821002,150067618206
1770571822002,150175691415
1770571823002,150282048443
1770571824002,150387500505
1770571825002,150493338613
1770571826002,150598498255
1770571827002,150704745176
1770571828002,150810817170
1770571829002,150940017950
1770571830002,151075204555
1770571831002,151209866685
1770571832002,151344725166
1770571833002,151479812039
1770571834002,151614570483
1770571835002,151747847303
1770571836002,151878751875
1770571837002,152008738053
1770571838002,152139981553
1770571839002,152271543228
1770571840002,152403163191
1770571841002,152529063565
1770571842002,152655371225
1770571843002,152778991025
1770571844002,152894721259
1770571845002,153007057214
1770571846002,153119557536
1770571847002,153228648810
1770571848002,153338292938
1770571849002,153448598503
1770571850002,153558809219
1770571851002,153669407813
1770571852002,153781865960
1770571853002,153891618304
1770571854002,154001487957
1770571855002,154113501586
1770571856002,154225385394
1770571857002,154336170877
1770571858002,154454504619
1770571859002,154566524840
1770571860002,154666863329
1770571861002,154765432107
1770571862002,154863387972
1770571863002,154966245802
1770571864002,155063395273
1770571865002,155160117925
1770571866002,155257288819
1770571867002,155378294308
1770571868002,155505996862
1770571869002,155634258313
1770571870002,155759591977
1770571871002,155883166611
1770571872002,156006301245
1770571873002,156125483191
1770571874002,156243801980
1770571875002,156359701402
1770571876002,156474641843
1770571877002,156590261969
1770571878002,156704886981
1770571879002,156820348233
1770571880002,156937185642
1770571881002,157052486799
1770571882002,157163419132
1770571883002,157275310631
1770571884002,157386655133
1770571885002,157498254945
1770571886002,157606375396
1770571887002,157707169632
1770571888002,157808549500
1770571889002,157910509810
1770571890002,158012681851
1770571891002,158114615367
1770571892002,158241656912
1770571893002,158380522645
1770571894002,158518012771
1770571895002,158651819008
1770571896002,158779344195
1770571897002,158903010077
1770571898002,159017667315
1770571899002,159123499503
1770571900002,159224787085
1770571901002,159326390402
1770571902002,159428068547
1770571903002,159529333181
1770571904002,159630075598
1770571905002,159733496720
1770571906002,159849767236
1770571907002,159966326263
1770571908002,160083117835
1770571909002,160201723610
1770571910002,160316486622
1770571911002,160433374811
1770571912002,160550503479
1770571913002,160667649724
1770571914002,160785255686
1770571915002,160902268692
1770571916002,161019422383
1770571917002,161138350363
1770571918002,161255644801
1770571919002,161367905073
1770571920002,161480518615
1770571921002,161593627029
1770571922002,161708667811
1770571923002,161824489048
1770571924002,161943596531
1770571925002,162056831471
1770571926002,162169650701
1770571927002,162282800375
1770571928002,162401691062
1770571929002,162521410604
1770571930002,162644926523
1770571931002,162762007400
1770571932002,162878460898
1770571933002,162995268399
1770571934002,163112137973
1770571935002,163228224834
1770571936002,163344760364
1770571937002,163462513785
1770571938002,163577783754
1770571939002,163693368724
1770571940002,163809296406
1770571941002,163926413782
1770571942002,164044066557
1770571943003,164179676012
1770571944004,164318395628
1770571945004,164453408343
1770571946004,164588357217
1770571947004,164723257567
1770571948005,164858246235
1770571949004,164993126383
1770571950005,165128082397
1770571951004,165262838644
1770571952004,165397831341
1770571953003,165532700868
1770571954004,165667572716
1770571955003,165802636640
1770571956003,165937400211
1770571957002,166072115991
1770571958002,166207251632
1770571959002,166341672308
1770571960002,166473706028
1770571961002,166605455202
1770571962002,166735675938
1770571963002,166860291464
1770571964002,166980250507
1770571965002,167100081011
1770571966002,167219909867
1770571967002,167338789018
1770571968002,167457808489
1770571969002,167577796341
1770571970002,167697410537
1770571971002,167818051646
1770571972002,167937681345
1770571973002,168056911753
1770571974002,168177080451
1770571975002,168296865240
1770571976002,168417405215
1770571977002,168536819521
1770571978002,168652998911
1770571979002,168772131723
1770571980002,168888734574
1770571981002,169002316315
1770571982002,169118654274
1770571983002,169234039965
1770571984002,169350241877
1770571985002,169468373349
1770571986002,169584063300
1770571987002,169699370317
1770571988002,169814166654
1770571989002,169929265175
1770571990002,170061859135
1770571991002,170202081920
1770571992002,170334632850
1770571993002,170455765353
1770571994002,170571620830
1770571995002,170687001760
1770571996002,170802137025
1770571997002,170917888926
1770571998002,171033848468
1770571999002,171150109828
1770572000002,171265949680
1770572001002,171381632489
1770572002002,171498115284
1770572003002,171614212949
1770572004002,171729614509
1770572005002,171845381546
1770572006002,171961410729
1770572007002,172076366734
1770572008002,172193678567
1770572009002,172310500351
1770572010003,172444347237
1770572011004,172583782183
1770572012005,172718708717
1770572013024,172856337638
1770572014004,172988597309
1770572015004,173123482461
1770572016003,173258260254
1770572017003,173393131735
1770572018002,173528125469
1770572019004,173662771364
1770572020002,173794312836
1770572021002,173921958262
1770572022002,174050248583
1770572023002,174177663418
1770572024002,174301988111
1770572025002,174425374758
1770572026002,174549191763
1770572027002,174673351174
1770572028002,174796784391
1770572029002,174920214739
1770572030002,175043167549
1770572031002,175162763007
1770572032002,175282553167
1770572033002,175402026433
1770572034002,175519294443
1770572035002,175634559346
1770572036002,175749909087
1770572037002,175865633400
1770572038002,175981260241
1770572039002,176096999568
1770572040002,176212853093
1770572041002,176327061907
1770572042002,176444148826
1770572043002,176561326566
1770572044002,176675471049
1770572045002,176788173214
1770572046002,176904474247
1770572047002,177020023451
1770572048002,177135385948
1770572049002,177250734591
1770572050002,177365895368
1770572051002,177482051443
1770572052002,177597942809
1770572053003,177713775337
1770572054002,177829242265
1770572055002,177944779994
1770572056002,178059972754
1770572057002,178175438156
1770572058002,178291473809
1770572059002,178407282228
1770572060002,178523993599
1770572061002,178652742965
1770572062003,178794273669
1770572063003,178929453743
1770572064004,179064152068
1770572065002,179199012806
1770572066002,179333842600
1770572067002,179468837860
1770572068002,179602006770
1770572069003,179737875380
1770572070003,179872801365
1770572071003,180007642939
1770572072003,180142690444
1770572073004,180277605809
1770572074003,180412489864
1770572075003,180547365495
1770572076003,180682387915
1770572077003,180817268185
1770572078003,180952146624
1770572079003,181087071328
1770572080003,181222054808
1770572081002,181356490865
1770572082002,181485759089
1770572083002,181610538432
1770572084002,181730240213
1770572085002,181850071449
1770572086002,181969622535
1770572087002,182089162085
1770572088002,182208468054
1770572089002,182327959142
1770572090002,182446482154
1770572091002,182562740218
1770572092002,182679237051
1770572093002,182795386656
1770572094002,182911658820
1770572095002,183027363602
1770572096002,183143290795
1770572097002,183259489655
1770572098002,183376330909
1770572099002,183492788130
1770572100002,183608903739
1770572101002,183727453179
1770572102002,183846236810
1770572103002,183962971192
1770572104002,184079222908
1770572105002,184196346815
1770572106002,184314314042
1770572107002,184433050677
1770572108002,184552725663
1770572109002,184670048300
1770572110002,184787242458
1770572111002,184905565642
1770572112002,185030734633
1770572113002,185155905943
1770572114002,185273267398
1770572115002,185389983042
1770572116002,185506412675
1770572117002,185624089864
1770572118002,185741532435
1770572119002,185860940698
1770572120002,185985533031
1770572121003,186116916056
1770572122003,186256448780
1770572123003,186391324289
1770572124003,186526363433
1770572125004,186661325917
1770572126003,186796126537
1770572127002,186930889802
1770572128002,187065915458
1770572129002,187200704236
1770572130002,187335473667
1770572131002,187470424188
1770572132002,187605406630
1770572133002,187740293309
1770572134002,187873576110
1770572135002,188005493802
1770572136002,188134099491
1770572137002,188262538249
1770572138002,188400781547
1770572139002,188530907313
1770572140002,188658703494
1770572141002,188781391596
1770572142002,188911723965
1770572143002,189038071115
1770572144002,189156843882
1770572145002,189279141237
1770572146002,189403344777
1770572147002,189528311437
1770572148002,189657943490
1770572149002,189788865823
1770572150002,189914555870
1770572151002,190045407586
1770572152002,190177161216
1770572153002,190302717230
1770572154002,190432714578
1770572155002,190561127823
1770572156002,190685248660
1770572157002,190817534882
1770572158002,190944045483
1770572159002,191071950612
1770572160002,191203196431
1770572161002,191328031866
1770572162002,191460094150
1770572163002,191587488538
1770572164002,191720054239
1770572165002,191855297972
1770572166002,191981657512
1770572167002,192113995979
1770572168002,192245948950
1770572169002,192370240380
1770572170002,192499008727
1770572171002,192624982525
1770572172002,192756008191
1770572173002,192881611324
1770572174002,193010581758
1770572175003,193145867544
1770572176002,193281749582
1770572177003,193416882292
1770572178003,193551667409
1770572179003,193686694956
1770572180003,193821693451
1770572181002,193956728506
1770572182002,194091195263
1770572183002,194226381014
1770572184002,194356458500
1770572185002,194492052269
1770572186002,194622323664
1770572187002,194753723169
1770572188002,194886465078
1770572189002,195013806427
1770572190002,195140402660
1770572191002,195262587040
1770572192002,195383850402
1770572193002,195499311043
1770572194002,195613132774
1770572195002,195726462745
1770572196002,195842233811
1770572197002,195959448904
1770572198002,196073808169
1770572199002,196188236160
1770572200002,196304184715
1770572201002,196432551879
1770572202002,196567454610
1770572203002,196702790384
1770572204002,196837547730
1770572205002,196972394125
1770572206002,197107119855
1770572207002,197241956790
1770572208002,197376618738
1770572209002,197511580367
1770572210002,197646349920
1770572211002,197780910305
1770572212002,197916104600
1770572213003,198051042731
1770572214004,198186097378
1770572215004,198321001818
1770572216004,198455929451
1770572217004,198590853971
1770572218003,198725672169
1770572219004,198860579721
1770572220003,198995611053
1770572221003,199130382619
1770572222003,199265344188
1770572223003,199400339082
1770572224002,199535230582
1770572225002,199670111340
1770572226003,199805134188
1770572227002,199939679986
1770572228002,200074893385
1770572229002,200209731907
1770572230002,200344676813
1770572231002,200479308549
1770572232002,200614280859
1770572233002,200749327633
1770572234002,200884288164
1770572235002,201019097999
1770572236002,201153926023
1770572237002,201289102374
1770572238002,201423661233
1770572239002,201558777648
1770572240002,201693668782
1770572241002,201828597331
1770572242002,201963347474
1770572243002,202098337607
1770572244002,202233169537
1770572245002,202368109194
1770572246002,202503136131
1770572247002,202638031111
1770572248002,202772908878
1770572249002,202907738550
1770572250002,203042649215
1770572251002,203177628057
1770572252002,203312479701
1770572253002,203447297410
1770572254002,203582218086
1770572255002,203717165250
1770572256002,203851828479
1770572257002,203987071114
1770572258002,204121814482
1770572259002,204256664296
1770572260002,204391741587
1770572261002,204526474762
1770572262002,204661399527
1770572263002,204796452160
1770572264002,204931117770
1770572265002,205066296745
1770572266002,205201072462
1770572267002,205336103732
1770572268002,205470918634
1770572269002,205605838760
1770572270002,205740772862
1770572271002,205875443965
1770572272002,206010381425
1770572273002,206145400183
1770572274002,206280167905
1770572275002,206415322466
1770572276002,206550101967
1770572277002,206684814879
1770572278002,206820006306
1770572279002,206954626994
1770572280002,207089525269
1770572281002,207224470724
1770572282002,207359346600
1770572283002,207494073000
1770572284002,207628914757
1770572285003,207764027265
1770572286004,207899180606
1770572287004,208034117272
1770572288004,208169061690
1770572289004,208303945927
1770572290004,208438888636
1770572291004,208573806870
1770572292003,208708781316
1770572293002,208843035917
1770572294002,208978290697
1770572295002,209113142159
1770572296002,209248259489
1770572297002,209383098987
1770572298002,209517629649
1770572299002,209652850250
1770572300002,209787764394
1770572301002,209922786692
1770572302002,210057603303
1770572303002,210192505301
1770572304002,210327391125
1770572305002,210462217563
1770572306002,210597005609
1770572307002,210732054518
1770572308002,210866780064
1770572309002,211001808405
1770572310002,211136499467
1770572311002,211271610449
1770572312002,211405909238
1770572313002,211541403887
1770572314002,211676343910
1770572315002,211811050963
1770572316002,211945778157
1770572317002,212080184917
1770572318002,212211758433
1770572319002,212343740639
1770572320002,212476906680
1770572321002,212610285306
1770572322002,212745568895
1770572323002,212878604748
1770572324002,213011175759
1770572325002,213144687929
1770572326002,213277518156
1770572327002,213411183158
1770572328002,213542734335
1770572329002,213671132871
1770572330002,213800297945
1770572331002,213927819286
1770572332002,214055262991
1770572333002,214182911224
1770572334002,214309582957
1770572335002,214436508414
1770572336002,214561577246
1770572337002,214686758139
1770572338002,214814368713
1770572339002,214942008890
1770572340002,215073158273
1770572341002,215210270837
1770572342002,215343644885
1770572343002,215475403215
1770572344002,215603467890
1770572345002,215730759739
1770572346002,215858152785
1770572347002,215986140921
1770572348002,216113852875
1770572349002,216238975052
1770572350002,216364753783
1770572351002,216490824932
1770572352002,216614655853
1770572353002,216737525167
1770572354002,216860943735
1770572355002,216984182556
1770572356002,217107392323
1770572357002,217232546483
1770572358002,217356993247
1770572359002,217482047370
1770572360002,217607123039
1770572361002,217732579016
1770572362002,217858817463
1770572363002,217986661252
1770572364002,218110372727
1770572365002,218233781652
1770572366002,218357437402
1770572367002,218481881175
1770572368002,218604157168
1770572369002,218724528503
1770572370003,218852305459
1770572371003,218993299361
1770572372003,219128352115
1770572373003,219263208277
1770572374002,219397999863
1770572375002,219532878851
1770572376002,219667711025
1770572377002,219802417651
1770572378002,219936472788
1770572379002,220067292644
1770572380002,220195763873
1770572381002,220323380611
1770572382002,220450431128
1770572383002,220574495569
1770572384002,220696921586
1770572385002,220819248299
1770572386002,220941117799
1770572387002,221056790233
1770572388002,221171483909
1770572389002,221288555264
1770572390002,221403481423
1770572391002,221520515852
1770572392002,221637549244
1770572393002,221750674870
1770572394002,221859894744
1770572395002,221969631341
1770572396002,222080221207
1770572397002,222190226113
1770572398002,222299510379
1770572399002,222411227805
1770572400002,222522027388
1770572401002,222632858036
1770572402002,222744459985
1770572403002,222855490340
1770572404002,222967018741
1770572405002,223077745630
1770572406002,223188693100
1770572407003,223309993388
1770572408002,223454332008
1770572409002,223589349789
1770572410003,223724441485
1770572411002,223859206765
1770572412002,223994226683
1770572413002,224124490204
1770572414002,224251540843
1770572415002,224374898316
1770572416002,224494703368
1770572417002,224612688783
1770572418002,224730700261
1770572419002,224847858775
1770572420002,224963596088
1770572421002,225079412625
1770572422002,225194696083
1770572423002,225309998949
1770572424002,225421828253
1770572425002,225531427703
1770572426002,225639587034
1770572427002,225744428501
1770572428002,225848609692
1770572429002,225953439257
1770572430002,226058325341
1770572431002,226164345578
1770572432002,226270963652
1770572433002,226377270082
1770572434002,226483456272
1770572435002,226588669992
1770572436002,226693186936
1770572437002,226798431723
1770572438002,226904487055
1770572439002,227009882415
1770572440002,227115625857
1770572441002,227221290260
1770572442002,227327488047
1770572443002,227433840741
1770572444002,227541952464
1770572445002,227650855200
1770572446002,227756113598
1770572447002,227859606985
1770572448002,227965077845
1770572449002,228071080382
1770572450002,228176006199
1770572451002,228281113291
1770572452002,228387510907
1770572453002,228493633804
1770572454002,228601323836
1770572455002,228708273147
1770572456002,228814244251
1770572457002,228920476828
1770572458002,229027006340
1770572459002,229143216004
1770572460002,229288733575
1770572461002,229424107252
1770572462002,229559139927
1770572463002,229693654170
1770572464002,229828971084
1770572465002,229963762731
1770572466002,230098753963
1770572467002,230233140276
1770572468002,230363901477
1770572469002,230488343908
1770572470002,230606470314
1770572471002,230721833422
1770572472002,230838955925
1770572473002,230954499697
1770572474002,231069077956
1770572475002,231184347497
1770572476002,231299107518
1770572477002,231410360651
1770572478002,231522053115
1770572479002,231633286106
1770572480002,231744042536
1770572481002,231854659929
1770572482002,231965754982
1770572483002,232076969174
1770572484002,232187737995
1770572485002,232298491679
1770572486002,232409464600
1770572487002,232520237632
1770572488002,232631091230
1770572489002,232742150150
1770572490002,232853054102
1770572491002,232964165695
1770572492002,233077066040
1770572493002,233188065451
1770572494002,233299321697
1770572495002,233410396791
1770572496002,233521584983
1770572497002,233632422651
1770572498002,233742728887
1770572499002,233853496975
1770572500002,233963055044
1770572501002,234074237865
1770572502002,234185794586
1770572503002,234296979238
1770572504002,234408027843
1770572505002,234518989595
1770572506002,234629808220
1770572507002,234740544753
1770572508002,234851940891
1770572509002,234963673027
1770572510002,235074892469
1770572511002,235186270419
1770572512002,235297252007
1770572513002,235407818619
1770572514002,235518101784
1770572515002,235628747679
1770572516002,235739629048
1770572517002,235849966412
1770572518002,235960874942
1770572519002,236071712061
1770572520002,236182838241
1770572521002,236290989026
1770572522002,236401991244
1770572523002,236512434199
1770572524002,236623831558
1770572525002,236734539648
1770572526002,236845707394
1770572527002,236956506060
1770572528002,237068287085
1770572529002,237180008418
1770572530002,237290760881
1770572531002,237401991675
1770572532002,237513429073
1770572533002,237624791459
1770572534002,237735474098
1770572535002,237846239744
1770572536002,237957208393
1770572537002,238068297587
1770572538002,238179104676
1770572539002,238289842369
1770572540002,238400118942
1770572541002,238510746344
1770572542002,238622312709
1770572543002,238732946215
1770572544002,238841839979
1770572545002,238952648533
1770572546002,239063505183
1770572547002,239174269365
1770572548002,239285178688
1770572549002,239395854674
1770572550002,239506340231
1770572551002,239617494487
1770572552002,239728869996
1770572553002,239839788108
1770572554002,239950825360
1770572555002,240056906815
1770572556002,240162440663
1770572557002,240267886865
1770572558002,240373437865
1770572559002,240478831699
1770572560002,240584012826
1770572561002,240689617536
1770572562002,240796055801
1770572563002,240901434865
1770572564002,241006537379
1770572565002,241111633607
1770572566002,241217372289
1770572567002,241323056771
1770572568002,241428763349
1770572569002,241534662675
1770572570002,241638187923
1770572571002,241743918365
1770572572002,241850117190
1770572573002,241955933081
1770572574002,242061457042
1770572575002,242166520005
1770572576002,242272220845
1770572577002,242377671442
1770572578002,242482820099
1770572579002,242589997132
1770572580002,242696721102
1770572581002,242802633062
1770572582002,242908501504
1770572583002,243015263804
1770572584002,243122415690
1770572585002,243234832944
1770572586002,243379059443
1770572587002,243515921397
1770572588002,243642772574
1770572589002,243758552123
1770572590002,243868572655
1770572591002,243976189628
1770572592002,244082845666
1770572593002,244189374751
1770572594002,244295165679
1770572595002,244400751590
1770572596002,244507028967
1770572597002,244612789988
1770572598002,244719776103
1770572599002,244823297628
1770572600002,244935178079
1770572601002,245080557589
1770572602002,245217675097
1770572603002,245352417245
1770572604002,245486998138
1770572605002,245622344532
1770572606002,245757075938
1770572607002,245891945038
1770572608002,246026975393
1770572609002,246161748974
1770572610002,246296440341
1770572611002,246431124078
1770572612002,246566409315
1770572613002,246699225992
1770572614002,246829603160
1770572615002,246959621565
1770572616002,247085967800
1770572617002,247207603352
1770572618002,247323854642
1770572619002,247436871198
1770572620002,247546603156
1770572621002,247656277741
1770572622002,247768390491
1770572623002,247878090345
1770572624002,247981259575
1770572625002,248086585172
1770572626002,248192774598
1770572627002,248298351232
1770572628002,248406520083
1770572629002,248511620095
1770572630002,248615004535
1770572631002,248719954950
1770572632002,248825589262
1770572633002,248930618961
1770572634002,249035760965
1770572635002,249140642960
1770572636002,249245895559
1770572637002,249350562222
1770572638002,249456356629
1770572639002,249562043248
1770572640002,249667700631
1770572641002,249772911483
1770572642002,249879434830
1770572643002,249983449091
1770572644002,250088114777
1770572645002,250196582334
1770572646002,250302751191
1770572647002,250408207952
1770572648002,250514385109
1770572649002,250620692821
1770572650002,250727597881
1770572651002,250834419751
1770572652002,250942252666
1770572653002,251053300295
1770572654002,251180429058
1770572655002,251307330467
1770572656002,251433905521
1770572657002,251559512439
1770572658002,251682502236
1770572659002,251806423794
1770572660002,251929791825
1770572661002,252053255132
1770572662002,252177280083
1770572663002,252301014141
1770572664002,252424794159
1770572665002,252547989156
1770572666002,252671335520
1770572667002,252794252808
1770572668002,252916903190
1770572669002,253042351294
1770572670002,253164170806
1770572671002,253287115011
1770572672002,253413081119
1770572673002,253535333186
1770572674002,253656283682
1770572675002,253771697938
1770572676002,253885789442
1770572677002,253995498451
1770572678002,254104859560
1770572679002,254214614406
1770572680002,254324328969
1770572681002,254433760330
1770572682002,254543166849
1770572683002,254653735902
1770572684002,254763969262
1770572685002,254873899889
1770572686002,254984332406
1770572687002,255093740452
1770572688002,255203720272
1770572689002,255312561302
1770572690002,255417204101
1770572691002,255523053806
1770572692002,255629282477
1770572693002,255734508464
1770572694002,255839151324
1770572695002,255943729120
1770572696002,256048825653
1770572697002,256154268559
1770572698002,256258586835
1770572699002,256365749829
1770572700002,256471765122
1770572701002,256576404380
1770572702002,256681875058
1770572703002,256786576755
1770572704002,256892192512
1770572705002,256998039959
1770572706002,257102553424
1770572707002,257207818902
1770572708002,257312433685
1770572709002,257416820869
1770572710002,257522763774
1770572711002,257627582048
1770572712002,257732443718
1770572713002,257839097681
1770572714002,257943302798
1770572715002,258048203591
1770572716002,258153351576
1770572717002,258257972158
1770572718015,258365572774
1770572719002,258473696948
1770572720002,258611303651
1770572721002,258745851463
1770572722002,258877641898
1770572723002,259006481533
1770572724002,259131879345
1770572725002,259254912721
1770572726002,259380861618
1770572727002,259502891395
1770572728002,259626191251
1770572729002,259745851162
1770572730002,259862131260
1770572731002,259970313783
1770572732002,260076453587
1770572733002,260182721625
1770572734002,260288691081
1770572735002,260393252092
1770572736002,260498791800
1770572737002,260603574552
1770572738002,260708561344
1770572739002,260813803140
1770572740002,260918622268
1770572741002,261023269034
1770572742002,261128778896
1770572743002,261234490783
1770572744002,261339433386
1770572745002,261444108472
1770572746002,261549908067
1770572747002,261654523888
1770572748002,261759234740
1770572749002,261864723789
1770572750002,261970845649
1770572751002,262077635170
1770572752002,42351270
1770572753002,150999003
1770572754002,255270830
1770572755002,363670211
1770572756002,498820927
1770572757002,632075469
1770572758002,759047800
1770572759002,870482207
1770572760002,977202637
1770572761002,1083197422
1770572762002,1188865486
1770572763002,1294398480
1770572764002,1400550064
1770572765002,1505262381
1770572766002,1611782494
1770572767002,1716197144
1770572768002,1822612826
1770572769002,1928402533
1770572770002,2034875161
1770572771002,2142675483
1770572772002,2287691653
1770572773002,2425921951
1770572774002,2560337927
1770572775002,2695329830
1770572776002,2830453142
1770572777002,2965472388
1770572778002,3100391293
1770572779002,3235145221
1770572780002,3369359477
1770572781002,3490061438
1770572782002,3597540106
1770572783002,3703429606
1770572784002,3808824844
1770572785002,3914247120
1770572786002,4019932213
1770572787002,4125352781
1770572788002,4231192720
1770572789002,4337302250
1770572790002,4443509925
1770572791002,4549373973
1770572792002,4656710429
1770572793002,4766578190
1770572794002,4873925694
1770572795002,4979296029
1770572796002,5086248819
1770572797002,5191681594
1770572798002,5298526535
1770572799002,5404322285
1770572800002,5509952935
1770572801002,5619385699
1770572802002,5727642563
1770572803002,5834153216
1770572804002,5940464162
1770572805002,6046005030
1770572806002,6152645320
1770572807002,6258415130
1770572808002,6364356509
1770572809002,6470285315
1770572810002,6575764843
1770572811002,6684280190
1770572812002,6792200385
1770572813002,6898454690
1770572814002,7005136485
1770572815002,7111308577
1770572816002,7218052017
1770572817002,7326235944
1770572818002,7433599195
1770572819002,7538780200
1770572820002,7644842672
1770572821002,7751012567
1770572822002,7857906946
1770572823002,7966123527
1770572824002,8104302678
1770572825002,8224640749
1770572826002,8336368368
1770572827002,8446549909
1770572828002,8556729986
1770572829002,8666826506
1770572830002,8777200857
1770572831002,8893152770
1770572832002,9003498252
1770572833002,9110663505
1770572834002,9220638626
1770572835002,9327364793
1770572836002,9433146993
1770572837002,9538488520
1770572838002,9643826752
1770572839002,9750122744
1770572840002,9855049539
1770572841002,9960437819
1770572842002,10065963549
1770572843002,10171939780
1770572844002,10278020929
1770572845002,10385164942
1770572846002,10492759881
1770572847002,10598118559
1770572848002,10704165773
1770572849002,10809737219
1770572850002,10916807563
1770572851002,11022669657
1770572852002,11130588448
1770572853002,11238388282
1770572854002,11344554514
1770572855002,11450352889
1770572856002,11555834003
1770572857002,11662502797
1770572858002,11767725794
1770572859002,11872797791
1770572860002,11978069799
1770572861002,12083263988
1770572862002,12189436568
1770572863002,12297235242
1770572864002,12429748148
1770572865002,12564087708
1770572866002,12699260458
1770572867002,12834521464
1770572868002,12969417909
1770572869002,13104336264
1770572870002,13239143536
1770572871002,13374058352
1770572872002,13505199313
1770572873002,13636609865
1770572874002,13768150971
1770572875002,13899323548
1770572876002,14029092137
1770572877002,14157484203
1770572878002,14284258842
1770572879002,14410515782
1770572880002,14538205946
1770572881002,14658544078
1770572882002,14774187885
1770572883002,14885356546
1770572884002,14996243652
1770572885002,15107085166
1770572886002,15217716535
1770572887002,15327538398
1770572888002,15437589507
1770572889002,15547636223
1770572890002,15658164626
1770572891002,15769101781
1770572892002,15879983089
1770572893002,15991149858
1770572894002,16101778786
1770572895002,16215626273
1770572896002,16325837905
1770572897002,16433608259
1770572898002,16540269119
1770572899002,16647019029
1770572900002,16753186664
1770572901002,16861793015
1770572902002,16968479265
1770572903002,17074751942
1770572904002,17180835838
1770572905002,17285988645
1770572906002,17392086091
1770572907002,17498048344
1770572908002,17603756264
1770572909002,17709451489
1770572910002,17814999559
1770572911002,17920864400
1770572912002,18027000115
1770572913002,18132820889
1770572914002,18238964050
1770572915002,18344694858
1770572916002,18450840522
1770572917002,18556077313
1770572918002,18662053909
1770572919002,18767726856
1770572920002,18873661949
1770572921002,18979696468
1770572922002,19085994169
1770572923002,19192119752
1770572924002,19297284522
1770572925002,19403261545
1770572926002,19509404279
1770572927002,19615482071
1770572928002,19722059496
1770572929002,19827770590
1770572930002,19935519765
1770572931002,20075394529
1770572932002,20215007575
1770572933002,20349578276
1770572934002,20484338062
1770572935002,20619223459
1770572936002,20750284708
1770572937002,20881612680
1770572938002,21006941461
1770572939002,21126719108
1770572940002,21240268683
1770572941002,21350523101
1770572942002,21461358999
1770572943002,21572096203
1770572944002,21682903842
1770572945002,21793486322
1770572946002,21903948381
1770572947002,22014646523
1770572948002,22123852115
1770572949002,22229773658
1770572950002,22335714671
1770572951002,22441503645
1770572952002,22547458513
1770572953002,22653369314
1770572954002,22759422448
1770572955002,22865151853
1770572956002,22971404388
1770572957002,23077185917
1770572958002,23182693703
1770572959002,23288498608
1770572960002,23393935289
1770572961002,23499404013
1770572962002,23605311335
1770572963002,23711587552
1770572964002,23818214659
1770572965002,23924421297
1770572966002,24030902469
1770572967002,24137897252
1770572968002,24245758548
1770572969002,24351878332
1770572970002,24458529854
1770572971002,24564534465
1770572972002,24671018079
1770572973002,24777487411
1770572974002,24885642652
1770572975002,25009509644
1770572976002,25136578960
1770572977002,25263810446
1770572978002,25390586428
1770572979002,25515398120
1770572980002,25639031776
1770572981002,25762087979
1770572982002,25885478349
1770572983002,26008726447
1770572984002,26131415525
1770572985002,26253933217
1770572986002,26376855509
1770572987002,26499655488
1770572988002,26621919518
1770572989002,26745298414
1770572990002,26868947450
1770572991002,26991382501
1770572992002,27114315719
1770572993002,27236614050
1770572994002,27358622649
1770572995002,27481064780
1770572996002,27604150524
1770572997002,27728702512
1770572998002,27848768245
1770572999002,27963723883
1770573000002,28078552752
1770573001002,28193279021
1770573002002,28309125587
1770573003002,28422525199
1770573004002,28533723584
1770573005002,28643980138
1770573006002,28754324032
1770573007002,28864586812
1770573008002,28974646283
1770573009002,29085388553
1770573010002,29195758266
1770573011002,29306549242
1770573012002,29417395272
1770573013002,29527619660
1770573014002,29637550043
1770573015002,29745778647
1770573016002,29853379019
1770573017002,29959099757
1770573018002,30065428464
1770573019002,30171709137
1770573020002,30277473820
1770573021002,30383369606
1770573022002,30489073620
1770573023002,30594927719
1770573024002,30700016683
1770573025002,30805446650
1770573026002,30911528593
1770573027002,31016963748
1770573028002,31122265297
1770573029002,31228134228
1770573030002,31334199996
1770573031002,31439815632
1770573032002,31545684501
1770573033002,31651502040
1770573034002,31757515258
1770573035002,31863265964
1770573036002,31969493841
1770573037002,32075091288
1770573038002,32181030104
1770573039002,32287157273
1770573040002,32393562946
1770573041002,32499289055
1770573042002,32605529017
1770573043002,32711156798
1770573044002,32816919528
1770573045002,32922399055
1770573046002,33028209270
1770573047002,33133492082
1770573048002,33239188528
1770573049002,33344843531
1770573050002,33450613645
1770573051002,33556362032
1770573052002,33662441961
1770573053002,33768727882
1770573054002,33874245435
1770573055002,33979485888
1770573056002,34085921101
1770573057002,34191291925
1770573058002,34296907377
1770573059002,34402045536
1770573060002,34507596963
1770573061002,34613503430
1770573062002,34719367661
1770573063002,34826121172
1770573064002,34938821689
1770573065002,35051120229
1770573066002,35158444173
1770573067002,35264426629
1770573068002,35370955409
1770573069002,35477298277
1770573070002,35582808871
1770573071002,35688688360
1770573072002,35794320780
1770573073002,35899380692
1770573074002,36008081708
1770573075002,36120343383
1770573076002,36234353162
1770573077002,36345869295
1770573078002,36455597347
1770573079002,36561093109
1770573080002,36666284979
1770573081002,36771704448
1770573082002,36878232495
1770573083002,36983884141
1770573084002,37089466085
1770573085002,37194489193
1770573086002,37299386507
1770573087002,37404537911
1770573088002,37509906232
1770573089002,37615207904
1770573090002,37721379018
1770573091002,37826763331
1770573092002,37932181640
1770573093002,38038319064
1770573094002,38143814949
1770573095002,38248879865
1770573096002,38354574907
1770573097002,38459631584
1770573098002,38564832243
1770573099002,38670351137
1770573100002,38776740025
1770573101002,38882535470
1770573102002,38988852886
1770573103002,39095123915
1770573104002,39200687182
1770573105002,39305867943
1770573106002,39411254636
1770573107002,39516632357
1770573108002,39621906990
1770573109002,39727694927
1770573110002,39832725054
1770573111002,39938730215
1770573112002,40044450220
1770573113002,40150300169
1770573114002,40255713412
1770573115002,40361106880
1770573116002,40466611187
1770573117002,40571744829
1770573118002,40675880488
1770573119002,40780690828
1770573120002,40885578926
1770573121002,40990955487
1770573122002,41096909501
1770573123002,41201998587
1770573124002,41307133450
1770573125002,41412234804
1770573126002,41518779820
1770573127002,41624265633
1770573128002,41729673628
1770573129002,41835028461
1770573130002,41940286309
1770573131002,42045738065
1770573132002,42150882999
1770573133002,42256837989
1770573134002,42362513499
1770573135002,42467829514
1770573136002,42573450154
1770573137002,42679593620
1770573138002,42785062650
1770573139002,42890825135
1770573140002,42995805762
1770573141002,43102020456
1770573142002,43207672896
1770573143002,43313572100
1770573144002,43418900810
1770573145002,43524295437
1770573146002,43629777162
1770573147002,43735113806
1770573148002,43840068982
1770573149002,43945822984
1770573150002,44050856834
1770573151002,44156229916
1770573152002,44262037262
1770573153002,44367242559
1770573154002,44473133157
1770573155002,44578264724
1770573156002,44683388784
1770573157002,44788144741
1770573158002,44893477601
1770573159002,44998683203
1770573160002,45104096996
1770573161002,45209586228
1770573162002,45314956136
1770573163002,45420511347
1770573164002,45526008636
1770573165002,45631573551
1770573166002,45737010781
1770573167002,45841793289
1770573168002,45947127858
1770573169002,46053126183
1770573170002,46158707272
1770573171002,46264574494
1770573172002,46370462956
1770573173002,46476589210
1770573174002,46582099438
1770573175002,46687195238
1770573176002,46793101095
1770573177002,46898214229
1770573178002,47003351900
1770573179002,47108487373
1770573180002,47213850933
1770573181002,47320005935
1770573182002,47425326283
1770573183002,47530659998
1770573184002,47636646970
1770573185002,47741610813
1770573186002,47847261971
1770573187002,47952312910
1770573188002,48057198201
1770573189002,48162519831
1770573190002,48267595550
1770573191002,48372725774
1770573192002,48478350504
1770573193002,48583611160
1770573194002,48688695669
1770573195002,48793961940
1770573196002,48898713075
1770573197002,49003592384
1770573198002,49109176953
1770573199002,49214608812
1770573200002,49319234155
1770573201002,49424944882
1770573202002,49530474153
1770573203002,49635792243
1770573204002,49741362285
1770573205002,49847214920
1770573206002,49954246201
1770573207002,50059670369
1770573208002,50165733269
1770573209002,50271326505
1770573210002,50376708559
1770573211002,50482406592
1770573212002,50588035960
1770573213002,50694221479
1770573214002,50800080827
1770573215002,50904983208
1770573216002,51010611050
1770573217002,51116151551
1770573218002,51221647924
1770573219002,51327288767
1770573220002,51432225877
1770573221002,51537829854
1770573222002,51643396723
1770573223002,51748936247
1770573224002,51854575503
1770573225002,51960084694
1770573226002,52065494397
1770573227002,52172310835
1770573228002,52278408220
1770573229002,52384175405
1770573230002,52489554469
1770573231002,52596197323
1770573232002,52702053803
1770573233002,52807924747
1770573234002,52913420632
1770573235002,53018381728
1770573236002,53123568410
1770573237002,53229042016
1770573238002,53334340087
1770573239002,53439503514
1770573240002,53544977121
1770573241002,53650525618
1770573242002,53756220293
1770573243002,53861931204
1770573244002,53968136743
1770573245002,54073440123
1770573246002,54179808198
1770573247002,54284966071
1770573248002,54390264752
1770573249002,54495329974
1770573250002,54600464287
1770573251002,54706557948
1770573252002,54812282104
1770573253002,54917875767
1770573254002,55023431771
1770573255002,55128860883
1770573256002,55234944352
1770573257002,55340596669
1770573258002,55446405847
1770573259002,55552385495
1770573260002,55657447421
1770573261002,55763226081
1770573262002,55868968120
1770573263002,55974237076
1770573264002,56079837331
1770573265002,56184719020
1770573266002,56290102051
1770573267002,56395120215
1770573268002,56500190503
1770573269003,56605574815
1770573270002,56711725667
1770573271002,56817012812
1770573272002,56923035673
1770573273002,57030143187
1770573274002,57136023165
1770573275002,57241580756
1770573276002,57347498209
1770573277002,57452567581
1770573278002,57557748464
1770573279002,57663291346
1770573280002,57768275391
1770573281002,57873686376
1770573282002,57979116099
1770573283002,58084689559
1770573284002,58190323627
1770573285002,58295281977
1770573286002,58401021452
1770573287002,58506144779
1770573288002,58611802651
1770573289002,58717645336
1770573290002,58822936815
1770573291002,58928432577
1770573292002,59033958430
1770573293002,59139085603
1770573294002,59244718023
1770573295002,59350673379
1770573296002,59456017225
1770573297002,59561355701
1770573298002,59666409265
1770573299002,59771550658
1770573300002,59876919407
1770573301002,59982203928
1770573302002,60087813032
1770573303002,60193156513
1770573304002,60298719597
1770573305002,60403728544
1770573306002,60509238162
1770573307002,60614299722
1770573308002,60719939222
1770573309002,60824984912
1770573310002,60930073388
1770573311002,61035385069
1770573312002,61141130404
1770573313002,61247227972
1770573314002,61352447490
1770573315002,61457963028
1770573316002,61563611744
1770573317002,61668874659
1770573318002,61774233703
1770573319002,61880399996
1770573320002,61984831369
1770573321002,62086113092
1770573322002,62187032939
1770573323002,62288334132
1770573324002,62389773814
1770573325002,62490822567
1770573326002,62593121438
1770573327002,62695422568
1770573328002,62798690248
1770573329002,62901230146
1770573330002,63003576564
1770573331002,63105849495
1770573332002,63208407949
1770573333002,63310891878
1770573334002,63413440932
1770573335002,63515563962
1770573336002,63619027808
1770573337002,63721089559
1770573338002,63823524416
1770573339002,63925467087
1770573340002,64027609770
1770573341002,64129317762
1770573342002,64231707575
1770573343002,64334001259
1770573344002,64436100668
1770573345002,64537930546
1770573346002,64640218065
1770573347002,64741873872
1770573348002,64844070509
1770573349002,64946611751
1770573350002,65048780801
1770573351002,65150843040
1770573352002,65252751043
1770573353002,65354659901
1770573354002,65456850740
1770573355002,65558863479
1770573356002,65661525692
1770573357002,65763618754
1770573358002,65865638817
1770573359002,65967260810
1770573360002,66069611073
1770573361002,66172051180
1770573362002,66274372573
1770573363002,66376687069
1770573364002,66479617287
1770573365002,66581511740
1770573366002,66685072510
1770573367002,66788570781
1770573368002,66891697287
1770573369002,66994819032
1770573370002,67097781598
1770573371002,67201302939
1770573372002,67303801822
1770573373002,67406262437
1770573374002,67508418303
1770573375002,67611101390
1770573376002,67713521660
1770573377002,67815603735
1770573378002,67917880267
1770573379002,68020469971
1770573380002,68122964276
1770573381002,68226750509
1770573382002,68329942445
1770573383002,68432630354
1770573384002,68535524011
1770573385002,68638288152
1770573386002,68741043077
1770573387002,68843352386
1770573388002,68945765270
1770573389002,69048888542
1770573390002,69151858127
1770573391002,69254836806
1770573392002,69358836051
1770573393002,69463252593
1770573394002,69567366889
1770573395002,69670730211
1770573396002,69774841517
1770573397002,69878652775
1770573398002,69982342023
1770573399002,70085921714
1770573400002,70190320983
1770573401002,70295203222
1770573402002,70398651993
1770573403002,70503957509
1770573404002,70607651031
1770573405002,70711554451
1770573406002,70816859601
1770573407002,70918492337
1770573408002,71020345103
1770573409002,71121513729
1770573410002,71222155134
1770573411002,71324931604
1770573412002,71429210817
1770573413002,71532844585
1770573414002,71635926474
1770573415002,71739278077
1770573416002,71842761272
1770573417002,71945638633
1770573418002,72047975590
1770573419002,72149622852
1770573420002,72250537328
1770573421002,72351457602
1770573422002,72452325935
1770573423002,72554221975
1770573424002,72657896942
1770573425002,72761293772
1770573426002,72864964588
1770573427002,72967929900
1770573428002,73071023081
1770573429002,73174352223
1770573430002,73276889498
1770573431002,73380703624
1770573432002,73485000842
1770573433002,73588848294
1770573434002,73691485543
1770573435002,73794040762
1770573436002,73897810271
1770573437002,74000597484
1770573438002,74102710443
1770573439002,74205258703
1770573440002,74307922197
1770573441002,74411364865
1770573442002,74514799109
1770573443002,74618081194
1770573444002,74721677730
1770573445002,74825038488
1770573446002,74928999465
1770573447002,75033292655
1770573448002,75137730986
1770573449002,75240348949
1770573450002,75345150072
1770573451002,75448963710
1770573452002,75552655888
1770573453002,75657447368
1770573454002,75758897243
1770573455002,75859600110
1770573456002,75960396239
1770573457002,76061160629
1770573458002,76163985439
1770573459002,76267000190
1770573460002,76370041613
1770573461002,76473452359
1770573462002,76577306891
1770573463002,76681005051
1770573464002,76784354517
1770573465002,76887442327
1770573466002,76990496019
1770573467002,77091683809
1770573468002,77192750872
1770573469002,77294511598
1770573470002,77396324020
1770573471002,77500245202
1770573472002,77605048767
1770573473002,77708710305
1770573474002,77812493121
1770573475002,77915561155
1770573476002,78018907937
1770573477002,78121217733
1770573478002,78223924685
1770573479002,78327773296
1770573480002,78430829978
1770573481002,78533624820
1770573482002,78637166913
1770573483002,78740412987
1770573484002,78843629275
1770573485002,78945750840
1770573486002,79050381309
1770573487002,79152940922
1770573488002,79257330364
1770573489002,79360369285
1770573490002,79462960209
1770573491002,79566595259
1770573492002,79670303856
1770573493002,79773516543
1770573494002,79876343611
1770573495002,79981231282
1770573496002,80084704894
1770573497002,80187940653
1770573498002,80291572224
1770573499002,80396921807
1770573500002,80501367463
1770573501002,80605553231
1770573502002,80710789473
1770573503002,80814429406
1770573504002,80917181279
1770573505002,81019488756
1770573506002,81122029509
1770573507002,81223949414
1770573508002,81325326840
1770573509002,81426590924
1770573510002,81529052088
1770573511002,81631372688
1770573512002,81733780568
1770573513002,81836496674
1770573514002,81939417370
1770573515002,82041554194
1770573516002,82144188941
1770573517002,82245979330
1770573518002,82348576052
1770573519002,82450562790
1770573520002,82552991483
1770573521002,82655408457
1770573522002,82758001639
1770573523002,82860306553
1770573524002,82962950211
1770573525002,83065033507
1770573526002,83167543071
1770573527002,83269814965
1770573528002,83372115851
1770573529002,83474585254
1770573530002,83576819795
1770573531002,83679416151
1770573532002,83782366998
1770573533002,83884911108
1770573534002,83987363971
1770573535002,84089734314
1770573536002,84192413006
1770573537002,84294643336
1770573538002,84396723763
1770573539002,84498245475
1770573540002,84600724034
1770573541002,84703515153
1770573542002,84806026548
1770573543002,84909617835
1770573544002,85014680066
1770573545002,85121265304
1770573546002,85235696835
1770573547002,85345737019
1770573548002,85452732046
1770573549002,85560461018
1770573550002,85668147510
1770573551002,85775788775
1770573552002,85883560410
1770573553002,85991122147
1770573554002,86098672714
1770573555002,86206251174
1770573556002,86313876203
1770573557002,86420997023
1770573558002,86528709699
1770573559002,86636598583
1770573560002,86744044902
1770573561002,86851802805
1770573562002,86959874733
1770573563002,87067670233
1770573564002,87176066379
1770573565002,87283434451
1770573566002,87391359956
1770573567002,87498707704
1770573568002,87607217497
1770573569002,87714919614
1770573570002,87822521267
1770573571002,87929741452
1770573572002,88038276635
1770573573002,88146802419
1770573574002,88255482988
1770573575002,88362994554
1770573576002,88470921585
1770573577002,88578486617
1770573578002,88686042921
1770573579002,88793206221
1770573580002,88900649122
1770573581002,89008162336
1770573582002,89115896740
1770573583002,89223503581
1770573584002,89330898387
1770573585002,89438166850
1770573586002,89546096689
1770573587002,89654725866
1770573588002,89762835697
1770573589002,89871381928
1770573590002,89979621397
1770573591002,90087720912
1770573592002,90195510065
1770573593002,90303542076
1770573594002,90411572256
1770573595002,90519397969
1770573596002,90627682787
1770573597002,90735668106
1770573598002,90842961167
1770573599002,90950297562
1770573600002,91057553024
1770573601002,91165554091
1770573602002,91273337628
1770573603002,91381148937
1770573604002,91489219156
1770573605002,91596769478
1770573606002,91704858923
1770573607002,91812575445
1770573608002,91919646521
1770573609002,92028203799
1770573610002,92135840547
1770573611002,92244169921
1770573612002,92352258389
1770573613002,92460573297
1770573614002,92568513756
1770573615002,92676700857
1770573616002,92784993060
1770573617002,92892810350
1770573618002,93001164931
1770573619002,93109435894
1770573620002,93217434214
1770573621002,93325782630
1770573622002,93434568973
1770573623012,93546193870
1770573624002,93653251702
1770573625002,93755617467
1770573626002,93858449907
1770573627002,93959977967
1770573628002,94062298750
1770573629002,94166994039
1770573630002,94270217407
1770573631002,94372975079
1770573632002,94475981285
1770573633002,94578368596
1770573634002,94680626574
1770573635002,94781806064
1770573636002,94883655107
1770573637002,94985079774
1770573638002,95087393355
1770573639002,95198621037
1770573640002,95300725450
1770573641002,95404088162
1770573642002,95507840460
1770573643002,95611389328
1770573644002,95713881985
1770573645002,95815456005
1770573646002,95917454890
1770573647002,96019341287
1770573648002,96121073021
1770573649002,96222970038
1770573650002,96324658986
1770573651002,96426619419
1770573652002,96528575945
1770573653002,96630638855
1770573654002,96733396343
1770573655002,96835036830
1770573656002,96936895944
1770573657002,97038345087
1770573658002,97139540323
1770573659002,97240795862
1770573660002,97342206919
1770573661002,97443742242
1770573662002,97545405434
1770573663002,97647323691
1770573664002,97749260686
1770573665002,97850495290
1770573666002,97952189488
1770573667002,98053691791
1770573668002,98155782472
1770573669002,98257703415
1770573670002,98359514434
1770573671002,98462219005
1770573672002,98564054560
1770573673002,98665689004
1770573674002,98767380394
1770573675002,98869414496
1770573676002,98971707752
1770573677002,99077226464
1770573678002,99179191352
1770573679002,99281231801
1770573680002,99382735020
1770573681002,99484428180
1770573682002,99586566041
1770573683002,99688197373
1770573684002,99789791839
1770573685002,99891852369
1770573686002,99993721554
1770573687002,100095212810
1770573688002,100196380581
1770573689005,100298243113
1770573690002,100400661064
1770573691002,100502769140
1770573692002,100604775898
1770573693002,100706867372
1770573694002,100808955856
1770573695002,100910451690
1770573696002,101013303844
1770573697002,101114721736
1770573698002,101216253397
1770573699002,101317927148
1770573700002,101419469064
1770573701002,101521847586
1770573702002,101623633885
1770573703002,101725197407
1770573704002,101827132205
1770573705002,101928475756
1770573706002,102031327788
1770573707002,102133184461
1770573708002,102236447990
1770573709002,102347659559
1770573710002,102464441425
1770573711002,102588318733
1770573712002,102707749762
1770573713002,102817975554
1770573714002,102929761584
1770573715002,103041758612
1770573716002,103151178925
1770573717002,103263095509
1770573718002,103370808673
1770573719002,103482377662
1770573720002,103589670051
1770573721002,103697179908
1770573722002,103805129888
1770573723002,103913022617
1770573724002,104021212586
1770573725002,104128558015
1770573726002,104236304809
1770573727002,104344264677
1770573728002,104457337446
1770573729002,104565335827
1770573730002,104674160500
1770573731002,104787786918
1770573732002,104896064656
1770573733002,105009786899
1770573734002,105117288027
1770573735002,105230584429
1770573736002,105339067611
1770573737002,105446143875
1770573738002,105561654505
1770573739002,105671232532
1770573740002,105784666690
1770573741002,105893644133
1770573742002,106007594647
1770573743002,106115843271
1770573744002,106230314902
1770573745002,106338337209
1770573746002,106453267456
1770573747002,106567146498
1770573748002,106674945234
1770573749002,106790052666
1770573750002,106903298165
1770573751002,107013324189
1770573752002,107128918376
1770573753002,107243609122
1770573754002,107353120316
1770573755002,107466541230
1770573756002,107581436749
1770573757002,107687085465
1770573758002,107802108669
1770573759002,107917150000
1770573760002,108032365404
1770573761002,108147500607
1770573762002,108263912785
1770573763002,108379226271
1770573764002,108487077802
1770573765002,108603671986
1770573766002,108719674435
1770573767002,108827599208
1770573768002,108943672580
1770573769002,109052885008
1770573770002,109168496467
1770573771002,109284383683
1770573772002,109392744367
1770573773002,109509213308
1770573774002,109625053099
1770573775002,109732482023
1770573776002,109842314139
1770573777002,109957707643
1770573778002,110074636237
1770573779002,110190691788
1770573780002,110302133885
1770573781002,110415223134
1770573782002,110532314570
1770573783002,110648076969
1770573784002,110754325110
1770573785002,110861989080
1770573786002,110980297249
1770573787002,111097909497
1770573788002,111214100667
1770573789002,111331809899
1770573790002,111453109271
1770573791002,111576897895
1770573792002,111694784861
1770573793002,111816733157
1770573794002,111935426640
1770573795002,112055064883
1770573796002,112174581240
1770573797002,112292891362
1770573798002,112418279713
1770573799002,112528008375
1770573800002,112634025559
1770573801002,112743179882
1770573802002,112859592365
1770573803002,112977355613
1770573804002,113084728202
1770573805002,113201211607
1770573806002,113311401694
1770573807002,113419371877
1770573808002,113537683402
1770573809002,113645644979
1770573810002,113760507661
1770573811002,113871775198
1770573812002,113980059467
1770573813002,114098608297
1770573814002,114204892815
1770573815002,114311062831
1770573816002,114417592405
1770573817002,114526219507
1770573818002,114637992658
1770573819002,114752625544
1770573820002,114860515465
1770573821002,114979660546
1770573822002,115087891531
1770573823002,115204404355
1770573824002,115315483417
1770573825003,115422760852
1770573826002,115541283376
1770573827002,115648643452
1770573828002,115767956257
1770573829002,115875691211
1770573830002,115995228503
1770573831002,116103336502
1770573832002,116222615433
1770573833002,116328758044
1770573834002,116434729392
1770573835002,116542277639
1770573836002,116650812213
1770573837002,116771236038
1770573838002,116879587933
1770573839002,116999495097
1770573840002,117111109008
1770573841002,117228813357
1770573842002,117349856627
1770573843002,117458597559
1770573844002,117579857747
1770573845002,117698431784
1770573846002,117810392374
1770573847002,117932332186
1770573848002,118033720904
1770573849002,118135418031
1770573850002,118240288673
1770573851002,118354722035
1770573852002,118472142145
1770573853002,118589502379
1770573854002,118710500909
1770573855002,118825088202
1770573856002,118941249220
1770573857002,119058995623
1770573858002,119172186739
1770573859002,119289847693
1770573860002,119406448347
1770573861002,119517905642
1770573862002,119633886912
1770573863002,119743480809
1770573864002,119845000874
1770573865002,119958365208
1770573866002,120078555452
1770573867002,120197750032
1770573868002,120315188025
1770573869002,120439259118
1770573870002,120563066601
1770573871002,120684436347
1770573872002,120803430000
1770573873002,120923600041
1770573874002,121042226263
1770573875002,121159883555
1770573876002,121260673580
1770573877002,121360873214
1770573878002,121460964449
1770573879002,121561131246
1770573880002,121666288325
1770573881002,121786236932
1770573882002,121907795398
1770573883002,122023368405
1770573884002,122143868951
1770573885002,122256366710
1770573886002,122369974634
1770573887002,122483328470
1770573888002,122597229790
1770573889002,122716291924
1770573890002,122830104255
1770573891002,122944730487
1770573892002,123061609888
1770573893002,123176816197
1770573894002,123291931747
1770573895002,123410136950
1770573896002,123525023313
1770573897002,123639543406
1770573898002,123753875694
1770573899002,123868946139
1770573900002,123965151032
1770573901002,124060533844
1770573902002,124155403963
1770573903002,124251280853
1770573904002,124346439423
1770573905002,124441059970
1770573906002,124536707857
1770573907002,124650807418
1770573908002,124765959223
1770573909002,124880928411
1770573910002,124996084061
1770573911002,125109401887
1770573912002,125219956535
1770573913002,125332419565
1770573914002,125444877773
1770573915002,125557687421
1770573916002,125670256286
1770573917002,125785963387
1770573918002,125904267344
1770573919002,126021314408
1770573920002,126131517434
1770573921002,126242828795
1770573922002,126353847675
1770573923002,126472102744
1770573924002,126584055460
1770573925002,126700948716
1770573926002,126817406852
1770573927002,126930533333
1770573928002,127039426121
1770573929002,127144550546
1770573930002,127260123493
1770573931002,127355173420
1770573932002,127456092473
1770573933002,127572726818
1770573934002,127689809465
1770573935002,127801692236
1770573936002,127897374669
1770573937002,127991145913
1770573938002,128088187169
1770573939002,128203345626
1770573940002,128319950186
1770573941002,128433519109
1770573942002,128542661408
1770573943002,128652849541
1770573944002,128769012330
1770573945002,128886175848
1770573946002,128990384444
1770573947002,129101341252
1770573948002,129217355970
1770573949002,129312244582
1770573950002,129405665729
1770573951002,129510963739
1770573952002,129628320738
1770573953002,129739322834
1770573954002,129856686242
1770573955002,129973392303
1770573956003,130082378658
1770573957002,130192133076
1770573958002,130310675681
1770573959002,130427109709
1770573960002,130521303071
1770573961002,130616645967
1770573962002,130711474154
1770573963002,130807167391
1770573964002,130905451258
1770573965002,131024250575
1770573966002,131145237387
1770573967002,131253752429
1770573968002,131363316480
1770573969002,131479396749
1770573970002,131598782796
1770573971002,131707799973
1770573972002,131817956307
1770573973002,131935489148
1770573974002,132053859328
1770573975002,132151985420
1770573976002,132270311716
1770573977002,132387460220
1770573978002,132486295294
1770573979002,132605748419
1770573980002,132722804454
1770573981002,132830247905
1770573982002,132941367066
1770573983002,133036156252
1770573984002,133130573369
1770573985002,133225210395
1770573986002,133320423286
1770573987002,133414267406
1770573988002,133508262160
1770573989002,133601655903
1770573990002,133699174513
1770573991002,133818263381
1770573992002,133932277554
1770573993002,134039368039
1770573994002,134157239503
1770573995002,134274715643
1770573996002,134381247963
1770573997002,134497085190
1770573998002,134614922169
1770573999002,134724927625
1770574000002,134855509505
1770574001002,134966486760
1770574002002,135103988361
1770574003002,135219382902
1770574004002,135348089909
1770574005002,135457352386
1770574006002,135585211189
1770574007002,135703009410
1770574008002,135819202289
1770574009002,135939587784
1770574010002,136050764196
1770574011002,136175596580
1770574012002,136282954276
1770574013002,136406456096
1770574014002,136508207361
1770574015002,136620238935
1770574016002,136740983743
1770574017002,136864734891
1770574018002,136972814631
1770574019002,137073351422
1770574020002,137179651443
1770574021002,137281522887
1770574022002,137388816618
1770574023002,137490997326
1770574024002,137601026341
1770574025002,137702503376
1770574026002,137813810525
1770574027002,137938745447
1770574028002,138069401180
1770574029002,138183115122
1770574030002,138309127250
1770574031002,138429546132
1770574032002,138546360225
1770574033002,138678307153
1770574034002,138790230694
1770574035002,138915425137
1770574036002,139028566815
1770574037002,139154848108
1770574038002,139269984654
1770574039002,139401394474
1770574040002,139508906772
1770574041002,139639023809
1770574042002,139761287718
1770574043002,139879226869
1770574044002,139998088015
1770574045002,140128345250
1770574046002,140252996603
1770574047002,140374517776
1770574048002,140491032065
1770574049002,140610533590
1770574050002,140720510726
1770574051002,140823116786
1770574052002,140932899647
1770574053002,141035378206
1770574054002,141147490529
1770574055002,141274597564
1770574056002,141386428882
1770574057002,141519486036
1770574058002,141623782095
1770574059002,141758150220
1770574060002,141870854400
1770574061002,141996005385
1770574062002,142113143330
1770574063002,142240093933
1770574064002,142361167170
1770574065002,142480485163
1770574066002,142600808708
1770574067002,142711395766
1770574068002,142824149628
1770574069002,142953022711
1770574070002,143075432981
1770574071002,143212548658
1770574072002,143326106656
1770574073002,143426290115
1770574074002,143531301138
1770574075002,143652518479
1770574076002,143782274921
1770574077002,143906870428
1770574078002,144043453635
1770574079002,144168123665
1770574080002,144294876758
1770574081003,144422105925
1770574082002,144547993664
1770574083002,144665453935
1770574084002,144784991898
1770574085002,144900005458
1770574086002,145012847333
1770574087002,145125328368
1770574088002,145237460161
1770574089002,145357601577
1770574090002,145482051759
1770574091002,145607177293
1770574092002,145734434291
1770574093002,145860254587
1770574094002,145986918753
1770574095002,146110241496
1770574096002,146231477758
1770574097002,146351487338
1770574098002,146480677193
1770574099002,146597239212
1770574100002,146713125756
1770574101002,146846579699
1770574102003,146971608981
1770574103003,147097307389
1770574104003,147236640895
1770574105002,147349110944
1770574106002,147461037110
1770574107050,147600707468
1770574108043,147737182460
1770574109010,147861922558
1770574110002,147977594870
1770574111002,148084256218
1770574112002,148186220739
1770574113002,148312131733
1770574114002,148424457495
1770574115002,148545792878
1770574116002,148667608911
1770574117002,148796158509
1770574118002,148918862113
1770574119002,149038188163
1770574120002,149161611248
1770574121002,149289165487
1770574122002,149410099503
1770574123002,149530205092
1770574124002,149653928164
1770574125002,149778215077
1770574126002,149902772558
1770574127002,150024203461
1770574128002,150144982998
1770574129002,150268228654
1770574130002,150392824221
1770574131002,150517680896
1770574132002,150642291906
1770574133002,150763702850
1770574134002,150885157190
1770574135002,151009223278
1770574136002,151127078567
1770574137002,151233490465
1770574138002,151339411520
1770574139002,151445993034
1770574140002,151567409105
1770574141002,151688311628
1770574142002,151806754684
1770574143002,151920560728
1770574144002,152039893980
1770574145002,152161712088
1770574146002,152283012132
1770574147002,152404404643
1770574148002,152526063328
1770574149002,152647657438
1770574150002,152769584738
1770574151002,152895070257
1770574152002,153022653976
1770574153002,153151245138
1770574154002,153273998486
1770574155002,153400051874
1770574156002,153527329564
1770574157002,153655121473
1770574158002,153780285215
1770574159002,153890269431
1770574160002,153997063896
1770574161002,154104454978
1770574162002,154211880668
1770574163002,154335442302
1770574164002,154458743988
1770574165002,154582844867
1770574166002,154707279058
1770574167002,154830859918
1770574168002,154955284099
1770574169002,155078729584
1770574170002,155202652973
1770574171002,155327625980
1770574172002,155451977286
1770574173002,155576387062
1770574174002,155701081750
1770574175002,155824720289
1770574176002,155947743228
1770574177002,156072139944
1770574178002,156197365087
1770574179002,156322664754
1770574180002,156446987861
1770574181002,156570609493
1770574182002,156695324322
1770574183002,156818307589
1770574184002,156944545242
1770574185002,157067728154
1770574186002,157192017082
1770574187002,157316205667
1770574188002,157424332039
1770574189002,157532232885
1770574190002,157641464295
1770574191002,157756021070
1770574192002,157880177307
1770574193002,158007425333
1770574194002,158135015339
1770574195002,158261351197
1770574196002,158387269881
1770574197002,158510497593
1770574198002,158632167203
1770574199002,158754847004
1770574200002,158877129406
1770574201002,159004656362
1770574202002,159127283184
1770574203002,159249755832
1770574204002,159376148636
1770574205002,159502795163
1770574206002,159629093057
1770574207002,159752036468
1770574208002,159875763751
1770574209002,159990380950
1770574210002,160097493835
1770574211002,160204782379
1770574212002,160313811397
1770574213002,160441401158
1770574214002,160562007661
1770574215003,160684529930
1770574216002,160807200515
1770574217002,160933850459
1770574218002,161061278294
1770574219002,161186614643
1770574220002,161307601455
1770574221002,161428980112
1770574222002,161553978998
1770574223002,161683093780
1770574224002,161810137889
1770574225002,161932816346
1770574226002,162055283074
1770574227002,162177448838
1770574228002,162304442409
1770574229002,162431330634
1770574230002,162537741739
1770574231002,162644978159
1770574232002,162752448587
1770574233002,162880566362
1770574234002,163002962777
1770574235002,163123864628
1770574236002,163246096920
1770574237002,163375175935
1770574238002,163503273019
1770574239002,163623283515
1770574240002,163747072139
1770574241002,163872787759
1770574242002,164001767044
1770574243002,164127007751
1770574244002,164247454159
1770574245002,164369037466
1770574246002,164497204374
1770574247002,164603875610
1770574248002,164711208892
1770574249002,164818464477
1770574250002,164925131379
1770574251002,165032733337
1770574252002,165139445100
1770574253002,165247351929
1770574254002,165376259313
1770574255002,165501188071
1770574256002,165620982381
1770574257002,165744584359
1770574258002,165874320660
1770574259002,165995666175
1770574260002,166116883455
1770574261002,166242229570
1770574262002,166371767263
1770574263002,166490300346
1770574264002,166610878467
1770574265002,166740978171
1770574266002,166865420174
1770574267002,166985430670
1770574268002,167111253895
1770574269002,167241376182
1770574270002,167359520533
1770574271002,167479993369
1770574272002,167610657829
1770574273002,167732961776
1770574274002,167852235763
1770574275002,167981029806
1770574276002,168107644411
1770574277002,168226111210
1770574278002,168351811694
1770574279002,168478449004
1770574280002,168595747470
1770574281002,168721747880
1770574282002,168828968187
1770574283002,168935487079
1770574284002,169042238881
1770574285002,169148772117
1770574286002,169256007560
1770574287002,169362640466
1770574288002,169468954097
1770574289002,169575333036
1770574290002,169682092529
1770574291002,169795680251
1770574292002,169919905824
1770574293002,170038300113
1770574294002,170150969197
1770574295002,170276974673
1770574296002,170392553906
1770574297002,170506414454
1770574298002,170632727851
1770574299002,170747162434
1770574300002,170863058683
1770574301002,170990426887
1770574302002,171101607572
1770574303002,171221025662
1770574304002,171349189335
1770574305002,171462988177
1770574306002,171584411267
1770574307002,171704546214
1770574308002,171824037302
1770574309002,171942638622
1770574310002,172066744322
1770574311002,172178041095
1770574312002,172300844614
1770574313002,172420011850
1770574314002,172533557153
1770574315002,172660164128
1770574316002,172774820390
1770574317002,172893020893
1770574318002,173018311405
1770574319002,173122125775
1770574320002,173222978545
1770574321002,173335946212
1770574322002,173455444014
1770574323002,173576837441
1770574324002,173687646789
1770574325002,173817276523
1770574326002,173918756854
1770574327002,174019354375
1770574328002,174120161856
1770574329002,174220709938
1770574330002,174321462854
1770574331002,174437796113
1770574332002,174555433996
1770574333002,174679812584
1770574334002,174789552964
1770574335002,174917336451
1770574336002,175030269511
1770574337002,175150298928
1770574338002,175270691564
1770574339002,175384283375
1770574340002,175513149989
1770574341002,175621766166
1770574342002,175747997288
1770574343002,175855578434
1770574344002,175983807475
1770574345002,176089034135
1770574346002,176212991337
1770574347002,176310256896
1770574348002,176407295344
1770574349002,176503356438
1770574350002,176600202382
1770574351002,176698591046
1770574352002,176803116169
1770574353002,176923760025
1770574354002,177045016246
1770574355002,177150172104
1770574356002,177275772002
1770574357002,177378474803
1770574358002,177500041753
1770574359002,177608745820
1770574360002,177723366132
1770574361002,177824384429
1770574362002,177946333518
1770574363002,178053298027
1770574364002,178168810610
1770574365002,178262534430
1770574366002,178357314278
1770574367002,178452020029
1770574368002,178547095530
1770574369002,178642479624
1770574370002,178737195935
1770574371002,178832340405
1770574372002,178930602117
1770574373002,179053988153
1770574374002,179155336099
1770574375002,179281355491
1770574376002,179383385503
1770574377002,179505804624
1770574378002,179611711274
1770574379002,179729513279
1770574380002,179840638849
1770574381002,179954311959
1770574382002,180057078054
1770574383002,180180962197
1770574384002,180285702590
1770574385002,180405579603
1770574386002,180502475595
1770574387002,180629423146
1770574388002,180729605934
1770574389002,180849216895
1770574390002,180974350486
1770574391002,181096819777
1770574392002,181226971604
1770574393002,181348504740
1770574394002,181473116726
1770574395002,181581360223
1770574396002,181713462668
1770574397002,181824282392
1770574398002,181956583201
1770574399002,182061390672
1770574400002,182162768464
1770574401002,182264429581
1770574402002,182367098751
1770574403002,182469002177
1770574404002,182575393384
1770574405002,182676331541
1770574406002,182783007538
1770574407002,182885468518
1770574408002,182991425827
1770574409002,183093020904
1770574410002,183199491152
1770574411002,183302034712
1770574412002,183420942184
1770574413002,183545974823
1770574414002,183672089856
1770574415002,183788010458
1770574416002,183911234142
1770574417002,184031243051
1770574418002,184155774104
1770574419002,184281240580
1770574420002,184397583788
1770574421002,184523839202
1770574422002,184651916694
1770574423002,184766566364
1770574424002,184892693726
1770574425002,185016223867
1770574426002,185126005812
1770574427002,185258878702
1770574428002,185369339845
1770574429002,185487424320
1770574430002,185620139374
1770574431002,185732941819
1770574432002,185869409549
1770574433002,185981582418
1770574434002,186103018692
1770574435002,186239968842
1770574436002,186343129649
1770574437002,186465809633
1770574438002,186586141295
1770574439002,186697034322
1770574440002,186832067668
1770574441002,186939923654
1770574442002,187060345282
1770574443002,187191909764
1770574444002,187302147031
1770574445002,187437508989
1770574446002,187548990576
1770574447002,187679764289
1770574448002,187790819547
1770574449002,187900335502
1770574450002,188022181198
1770574451002,188153117692
1770574452002,188268312343
1770574453002,188403769149
1770574454002,188514810247
1770574455002,188626056666
1770574456002,188736455554
1770574457002,188846407726
1770574458002,188956430210
1770574459002,189072788921
1770574460002,189186587885
1770574461002,189300812812
1770574462002,189417732862
1770574463002,189529085421
1770574464002,189642192371
1770574465002,189760177115
1770574466002,189873507086
1770574467002,190000144396
1770574468002,190134240244
1770574469002,190241338847
1770574470002,190371349256
1770574471002,190487050926
1770574472002,190600468360
1770574473002,190732252690
1770574474002,190845714253
1770574475002,190975185113
1770574476002,191095959035
1770574477002,191219739846
1770574478002,191340449071
1770574479002,191453589284
1770574480002,191580089814
1770574481002,191706263747
1770574482002,191810497672
1770574483002,191942622822
1770574484002,192060580101
1770574485002,192167294793
1770574486002,192305704717
1770574487002,192412626746
1770574488002,192533123935
1770574489002,192664436160
1770574490002,192774398158
1770574491002,192891642243
1770574492002,193025096918
1770574493002,193135608843
1770574494002,193269031902
1770574495002,193383646721
1770574496002,193501026852
1770574497002,193630986298
1770574498002,193739588864
1770574499002,193850474383
1770574500002,193954680476
1770574501002,194069326179
1770574502002,194176039773
1770574503002,194284882756
1770574504002,194398473469
1770574505002,194507699934
1770574506002,194614616592
1770574507002,194730718834
1770574508002,194866023358
1770574509002,194990817045
1770574510002,195109906950
1770574511002,195248292460
1770574512002,195373173549
1770574513002,195504113399
1770574514002,195605407879
1770574515002,195735585585
1770574516002,195858892581
1770574517002,195985040452
1770574518002,196126082144
1770574519002,196238963142
1770574520002,196361059997
1770574521002,196498887891
1770574522002,196621426701
1770574523002,196741915589
1770574524002,196879482071
1770574525002,197003678957
1770574526002,197124909177
1770574527002,197264329047
1770574528002,197384946475
1770574529002,197508948233
1770574530002,197625824215
1770574531002,197743566651
1770574532002,197863733701
1770574533002,198003501959
1770574534002,198131842939
1770574535002,198259837302
1770574536002,198387762511
1770574537002,198488743393
1770574538002,198589061862
1770574539002,198705716531
1770574540002,198822627243
1770574541002,198940057484
1770574542002,199064587866
1770574543002,199204522200
1770574544002,199328975739
1770574545002,199460947996
1770574546002,199598650158
1770574547002,199718815622
1770574548002,199856948020
1770574549002,199983086613
1770574550002,200103533021
1770574551003,200237616479
1770574552002,200372002427
1770574553002,200489423818
1770574554002,200605636899
1770574555002,200725559017
1770574556002,200846588248
1770574557002,200965101799
1770574558002,201079607244
1770574559002,201189775297
1770574560002,201284539641
1770574561002,201381106716
1770574562002,201492342576
1770574563002,201615259132
1770574564002,201736534395
1770574565002,201865876105
1770574566002,202001871667
1770574567002,202118718170
1770574568003,202251635127
1770574569002,202389176096
1770574570018,202526210596
1770574571008,202659696094
1770574572011,202794916146
1770574573023,202931705713
1770574574015,203064786427
1770574575042,203203763976
1770574576008,203334549896
1770574577091,203479652674
1770574578004,203603540724
1770574579002,203738442783
1770574580013,203874959279
1770574581002,204008213638
1770574582002,204143220372
1770574583003,204278345942
1770574584002,204412776140
1770574585003,204548006934
1770574586002,204682750302
1770574587002,204817513629
1770574588002,204952750466
1770574589003,205087648863
1770574590002,205222589008
1770574591006,205357708108
1770574592004,205492288757
1770574593004,205627251180
1770574594003,205762125530
1770574595002,205896967592
1770574596114,206036280529
1770574597103,206180009287
1770574598023,206303781309
1770574599004,206436519189
1770574600008,206572545147
1770574601002,206706000128
1770574602004,206841747400
1770574603003,206976476120
1770574604003,207111018256
1770574605002,207245928006
1770574606003,207381000292
1770574607115,207521895012
1770574608037,207655455095
1770574609002,207785593372
1770574610002,207920433603
1770574611002,208055512908
1770574612002,208190577931
1770574613004,208325584238
1770574614002,208460392914
1770574615003,208595282217
1770574616002,208730140454
1770574617003,208864947543
1770574618003,208999983635
1770574619002,209134646071
1770574620002,209269439549
1770574621002,209403749813
1770574622002,209538404986
1770574623003,209673602089
1770574624002,209807529907
1770574625002,209942503744
1770574626002,210077348125
1770574627002,210212023379
1770574628002,210346028590
1770574629002,210481437118
1770574630002,210615461738
1770574631002,210748889985
1770574632002,210884137442
1770574633002,211018940686
1770574634002,211153713961
1770574635003,211288394464
1770574636002,211422019854
1770574637002,211552132436
1770574638002,211689107366
1770574639002,211820778355
1770574640002,211955617182
1770574641002,212090948745
1770574642002,212223771525
1770574643002,212356723516
1770574644002,212483884262
1770574645002,212618520941
1770574646002,212745397264
1770574647002,212876821122
1770574648002,213014552459
1770574649002,213143383855
1770574650002,213271566633
1770574651002,213401659561
1770574652002,213531868029
1770574653002,213661303611
1770574654002,213787820133
1770574655002,213904467356
1770574656002,214019940327
1770574657002,214156134131
1770574658002,214272299972
1770574659002,214389223867
1770574660002,214505079100
1770574661002,214621639409
1770574662002,214746162223
1770574663002,214873891449
1770574664002,214990049233
1770574665002,215106580002
1770574666002,215222391045
1770574667002,215343657520
1770574668002,215474273152
1770574669002,215590515713
1770574670003,215709709317
1770574671002,215830970542
1770574672002,215950672445
1770574673002,216059634874
1770574674002,216168510083
1770574675002,216277742775
1770574676002,216387522096
1770574677002,216496673916
1770574678002,216606569081
1770574679002,216737740071
1770574680002,216848063519
1770574681002,216959362551
1770574682002,217070193749
1770574683002,217189755272
1770574684002,217314145029
1770574685002,217425751860
1770574686002,217537363024
1770574687002,217649614568
1770574688002,217780709997
1770574689002,217891772090
1770574690002,218001916645
1770574691002,218112693827
1770574692002,218245552373
1770574693002,218357323083
1770574694003,218493505108
1770574695003,218632073662
1770574696034,218767505383
1770574697046,218905173854
1770574698074,219045614717
1770574699034,219172101881
1770574700081,219309107390
1770574701069,219449389929
1770574702054,219578379528
1770574703059,219716242029
1770574704051,219851452925
1770574705012,219982524367
1770574706003,220116284767
1770574707002,220251219724
1770574708003,220386032123
1770574709002,220520962381
1770574710002,220655696411
1770574711002,220791086872
1770574712003,220925863017
1770574713006,221061232909
1770574714007,221196232320
1770574715003,221330512127
1770574716002,221465230716
1770574717004,221600583763
1770574718003,221735393842
1770574719002,221870095890
1770574720002,222004915186
1770574721003,222140152816
1770574722002,222274803716
1770574723002,222409749233
1770574724002,222544662706
1770574725002,222679680060
1770574726002,222814358182
1770574727002,222949218799
1770574728002,223084210336
1770574729002,223218969146
1770574730002,223354034108
1770574731002,223488952036
1770574732002,223623692719
1770574733002,223758637198
1770574734003,223893664013
1770574735003,224028269076
1770574736002,224162934625
1770574737003,224298256178
1770574738003,224432604589
1770574739002,224567655024
1770574740002,224702576371
1770574741002,224837229224
1770574742002,224972163510
1770574743002,225107160967
1770574744003,225241893227
1770574745002,225376743773
1770574746002,225511392476
1770574747002,225646122722
1770574748003,225781215760
1770574749002,225916049949
1770574750002,226050867902
1770574751003,226185949343
1770574752003,226320210352
1770574753002,226455354415
1770574754003,226590491154
1770574755003,226725282985
1770574756002,226859889696
1770574757002,226995006476
1770574758002,227129209502
1770574759002,227264132313
1770574760002,227399076243
1770574761002,227534016022
1770574762002,227668388969
1770574763002,227803708569
1770574764002,227937482335
1770574765002,228069892518
1770574766002,228202303312
1770574767002,228335306451
1770574768002,228467270102
1770574769002,228599246205
1770574770002,228730857074
1770574771002,228862950730
1770574772002,228994661269
1770574773002,229126234785
1770574774002,229258413402
1770574775002,229390323586
1770574776002,229523418277
1770574777002,229655954132
1770574778002,229789172724
1770574779002,229921454002
1770574780002,230052065484
1770574781002,230182687952
1770574782002,230314023431
1770574783002,230445063135
1770574784002,230575458187
1770574785002,230707024989
1770574786002,230842474593
1770574787002,230977631840
1770574788002,231108020056
1770574789002,231232005395
1770574790002,231355936291
1770574791002,231479839111
1770574792002,231603084706
1770574793002,231726425394
1770574794002,231848954805
1770574795003,231971844260
1770574796002,232095132763
1770574797002,232217654361
1770574798002,232344739119
1770574799002,232470962856
1770574800002,232589399503
1770574801002,232712585589
1770574802002,232852679835
1770574803002,232971110440
1770574804002,233088013583
1770574805002,233204445048
1770574806002,233322309858
1770574807002,233438875356
1770574808002,233557905630
1770574809002,233676367729
1770574810002,233809170184
1770574811002,233940387011
1770574812002,234059433215
1770574813002,234188154016
1770574814002,234323634504
1770574815002,234447180514
1770574816002,234585205063
1770574817002,234703959947
1770574818002,234823790573
1770574819002,234954706131
1770574820002,235087877299
1770574821002,235206309674
1770574822002,235324244553
1770574823002,235442502917
1770574824002,235559929740
1770574825002,235677870356
1770574826002,235797271662
1770574827002,235914919737
1770574828002,236032389590
1770574829002,236149256296
1770574830002,236266659438
1770574831002,236385446609
1770574832002,236527147174
1770574833002,236653322266
1770574834002,236767876965
1770574835002,236885360551
1770574836002,237026709433
1770574837002,237142115815
1770574838002,237266779802
1770574839002,237400359172
1770574840002,237522319980
1770574841002,237658731496
1770574842002,237773869935
1770574843002,237903463231
1770574844002,238032575144
1770574845002,238146560753
1770574846002,238284800511
1770574847002,238405348726
1770574848002,238527070948
1770574849002,238664923256
1770574850002,238778860282
1770574851002,238910528280
1770574852002,239041643422
1770574853002,239151973462
1770574854002,239283894755
1770574855002,239406041476
1770574856002,239523852820
1770574857002,239646457426
1770574858002,239761132791
1770574859002,239886495630
1770574860002,239990025577
1770574861002,240111939083
1770574862002,240227081245
1770574863002,240332690471
1770574864002,240435223412
1770574865002,240536088327
1770574866002,240638051811
1770574867002,240738745035
1770574868002,240843573258
1770574869002,240944616517
1770574870002,241045572008
1770574871002,241147019930
1770574872002,241248784012
1770574873002,241351007567
1770574874002,241452110518
1770574875002,241555332666
1770574876002,241670403233
1770574877002,241795178854
1770574878002,241919184274
1770574879002,242038006784
1770574880002,242140449393
1770574881002,242271427085
1770574882002,242382481855
1770574883002,242504809117
1770574884002,242629334799
1770574885002,242741479410
1770574886002,242872238352
1770574887002,242978147200
1770574888002,243106766744
1770574889002,243221185518
1770574890002,243325286692
1770574891002,243455919048
1770574892002,243568429319
1770574893002,243674897247
1770574894002,243806637999
1770574895002,243916361290
1770574896002,244024923512
1770574897002,244155980549
1770574898002,244262705008
1770574899002,244372609206
1770574900002,244503906905
1770574901002,244608439596
1770574902002,244719982401
1770574903002,244852168098
1770574904002,244953107598
1770574905002,245059836512
1770574906002,245187303349
1770574907002,245285949092
1770574908002,245393901269
1770574909002,245518786753
1770574910002,245617498659
1770574911002,245729033468
1770574912002,245850197953
1770574913002,245948852547
1770574914002,246079886574
1770574915010,246223216956
1770574916006,246357323608
1770574917083,246500779112
1770574918035,246629578770
1770574919013,246763323972
1770574920183,246902596992
1770574921059,247034353125
1770574922067,247172584094
1770574923088,247310207704
1770574924003,247436953656
1770574925003,247571535587
1770574926002,247706668786
1770574927002,247841408676
1770574928002,247975950507
1770574929002,248111163906
1770574930002,248246198716
1770574931002,248380940376
1770574932002,248515744535
1770574933003,248650939684
1770574934003,248785812935
1770574935039,248920806547
1770574936003,249054519767
1770574937002,249190324839
1770574938002,249325488922
1770574939002,249459931083
1770574940002,249594209731
1770574941002,249729308323
1770574942002,249864317621
1770574943002,249998901627
1770574944002,250133598608
1770574945002,250268580929
1770574946002,250403433245
1770574947002,250538232888
1770574948002,250672951964
1770574949002,250807845112
1770574950026,250943791176
1770574951004,251078196410
1770574952015,251213996599
1770574953003,251347798015
1770574954021,251485202936
1770574955004,251617863180
1770574956006,251753216166
1770574957003,251887517763
1770574958002,252022178735
1770574959002,252157238509
1770574960003,252292499210
1770574961003,252427182214
1770574962002,252562215438
1770574963002,252697062932
1770574964003,252832065944
1770574965009,252966975510
1770574966003,253101993841
1770574967002,253236879116
1770574968003,253371638293
1770574969002,253506448861
1770574970002,253641585233
1770574971004,253776685229
1770574972003,253911509713
1770574973002,254046346526
1770574974003,254181352589
1770574975009,254317007699
1770574976002,254451219880
1770574977002,254585999137
1770574978014,254722124398
1770574979002,254855928011
1770574980002,254990646721
1770574981002,255125753919
1770574982002,255259984106
1770574983002,255395232600
1770574984003,255530338211
1770574985004,255665342443
1770574986003,255800368525
1770574987003,255935352921
1770574988003,256069999427
1770574989003,256204731748
1770574990003,256339977068
1770574991039,256477672578
1770574992003,256609886534
1770574993002,256744603779
1770574994002,256878776836
1770574995002,257014089906
1770574996002,257149424947
1770574997022,257284848978
1770574998025,257422004938
1770574999002,257553750267
1770575000002,257688960553
1770575001002,257820621349
1770575002003,257955754548
1770575003002,258090611197
1770575004002,258215993811
1770575005002,258337418549
1770575006002,258460722738
1770575007003,258598020482
1770575008004,258734283866
1770575009004,258868784498
1770575010002,259002025429
1770575011002,259137509946
1770575012019,259272951799
1770575013002,259405539960
1770575014002,259539912419
1770575015002,259654118181
1770575016002,259764881997
1770575017002,259876960995
1770575018002,259991649483
1770575019002,260113106508
1770575020002,260253716805
1770575021002,260371705761
1770575022002,260478850994
1770575023002,260583236896
1770575024002,260687303036
1770575025002,260791405309
1770575026002,260895762036
1770575027002,261000373829
1770575028002,261111197459
1770575029002,261244433202
1770575030002,261360149580
1770575031002,261466263689
1770575032002,261592836790
1770575033002,261721133886
1770575034002,261827955451
1770575035002,261942688250
1770575036002,262076613139
1770575037002,43431041
1770575038002,147837329
1770575039002,251985744
1770575040002,356058780
1770575041002,460284954
1770575042002,564766498
1770575043002,668933163
1770575044002,773640231
1770575045002,877177869
1770575046002,982484728
1770575047002,1087251122
1770575048002,1196475025
1770575049002,1329116836
1770575050002,1448706679
1770575051002,1555112962
1770575052002,1675890729
1770575053002,1811736755
1770575054004,1935047963
1770575055012,2076393732
1770575056026,2213176829
1770575057007,2345425636
1770575058011,2480731076
1770575059011,2615901628
1770575060067,2757535177
1770575061075,2892649027
1770575062012,3020304401
1770575063086,3163525592
1770575064013,3291132077
1770575065003,3424653098
1770575066003,3559671124
1770575067002,3694406924
1770575068003,3829170312
1770575069002,3963361740
1770575070002,4098595769
1770575071002,4233425075
1770575072003,4368526475
1770575073004,4503556219
1770575074011,4639370203
1770575075004,4773347460
1770575076003,4908274849
1770575077004,5043165922
1770575078023,5179129746
1770575079003,5312987863
1770575080002,5447872100
1770575081002,5582344534
1770575082083,5723814936
1770575083103,5866062375
1770575084003,5987514396
1770575085002,6122310315
1770575086002,6257200290
1770575087094,6393494252
1770575088132,6541299477
1770575089075,6670401746
1770575090063,6801462263
1770575091007,6932719007
1770575092003,7066989232
1770575093002,7201653682
1770575094002,7336633439
1770575095002,7471714759
1770575096002,7606606625
1770575097002,7741250446
1770575098002,7876506142
1770575099042,8012672602
1770575100071,8155367183
1770575101004,8281261392
1770575102005,8416288085
1770575103007,8551302876
1770575104004,8686038371
1770575105003,8820941346
1770575106003,8955793723
1770575107002,9090814373
1770575108003,9225607791
1770575109002,9360512291
1770575110003,9495620588
1770575111003,9630410465
1770575112002,9765324060
1770575113003,9900344650
1770575114003,10035284917
1770575115003,10170201747
1770575116002,10305101609
1770575117002,10439677559
1770575118002,10574711759
1770575119002,10709900622
1770575120002,10844725960
1770575121002,10979507414
1770575122002,11114656360
1770575123002,11249480356
1770575124002,11384349273
1770575125002,11519361745
1770575126002,11654170787
1770575127002,11789286652
1770575128003,11924475881
1770575129002,12058981458
1770575130002,12194082003
1770575131002,12328977959
1770575132002,12463843031
1770575133002,12598571690
1770575134002,12733605890
1770575135003,12868581192
1770575136002,13003236609
1770575137003,13138201046
1770575138002,13273385148
1770575139002,13408285193
1770575140002,13543140683
1770575141002,13678074236
1770575142002,13812960061
1770575143002,13948049009
1770575144002,14082892292
1770575145002,14217810282
1770575146002,14352808349
1770575147002,14487696676
1770575148002,14622376201
1770575149002,14757362123
1770575150002,14892287498
1770575151002,15027223004
1770575152002,15161971927
1770575153003,15297127160
1770575154003,15431886153
1770575155003,15566831425
1770575156002,15701795252
1770575157002,15836678146
1770575158003,15971503485
1770575159002,16106662380
1770575160002,16241524705
1770575161002,16376485053
1770575162002,16511321500
1770575163003,16646343493
1770575164002,16781095895
1770575165009,16916456510
1770575166002,17050970204
1770575167002,17185989389
1770575168002,17320535493
1770575169002,17455688772
1770575170002,17590308728
1770575171003,17725626863
1770575172003,17860511283
1770575173002,17995237989
1770575174002,18130401339
1770575175003,18265158685
1770575176002,18400013015
1770575177002,18534943151
1770575178003,18669906794
1770575179003,18804613542
1770575180002,18939576636
1770575181003,19074594052
1770575182002,19209304095
1770575183002,19343766947
1770575184002,19478933898
1770575185003,19614236774
1770575186002,19748985209
1770575187002,19883976745
1770575188002,20018774130
1770575189002,20153617962
1770575190002,20288534181
1770575191002,20423588401
1770575192002,20558339033
1770575193002,20693327151
1770575194002,20828317590
1770575195002,20963254195
1770575196003,21098255314
1770575197002,21233054652
1770575198002,21367823044
1770575199002,21502645758
1770575200002,21635441988
1770575201002,21769734186
1770575202002,21903090351
1770575203002,22038886329
1770575204003,22173690915
1770575205008,22309122576
1770575206003,22443543557
1770575207003,22578476622
1770575208003,22713543110
1770575209003,22848145121
1770575210002,22982852906
1770575211002,23117304589
1770575212002,23252575971
1770575213002,23387403751
1770575214002,23522392053
1770575215002,23656844284
1770575216002,23792029668
1770575217002,23926971644
1770575218002,24062011887
1770575219002,24196725287
1770575220002,24331923366
1770575221002,24466702562
1770575222003,24601699226
1770575223003,24736181487
1770575224002,24871107045
1770575225002,25003464006
1770575226002,25135736982
1770575227003,25272702269
1770575228002,25407384053
1770575229003,25542415873
1770575230006,25677598754
1770575231011,25813190631
1770575232035,25950536593
1770575233005,26082235841
1770575234003,26217099632
1770575235004,26352158429
1770575236003,26486914920
1770575237002,26621829308
1770575238002,26756673873
1770575239002,26891185186
1770575240003,27026778345
1770575241002,27161543198
1770575242003,27296563177
1770575243003,27431180935
1770575244005,27566344469
1770575245003,27701244758
1770575246002,27836204495
1770575247002,27970462575
1770575248002,28105873788
1770575249002,28240581756
1770575250002,28375623830
1770575251002,28510417308
1770575252014,28646146880
1770575253003,28780628042
1770575254002,28915436657
1770575255002,29050360811
1770575256002,29185349906
1770575257003,29320065504
1770575258003,29455306063
1770575259003,29590104669
1770575260003,29725085646
1770575261010,29860681735
1770575262004,29994767817
1770575263023,30131436840
1770575264005,30264838110
1770575265008,30400249689
1770575266004,30534777665
1770575267002,30669474159
1770575268015,30805749445
1770575269003,30939378436
1770575270015,31075792699
1770575271003,31209221862
1770575272005,31344196858
1770575273005,31479175455
1770575274008,31614580748
1770575275004,31749006429
1770575276003,31883818828
1770575277003,32018735841
1770575278004,32153770774
1770575279004,32288712323
1770575280003,32423407840
1770575281002,32558335046
1770575282002,32693286300
1770575283002,32828235661
1770575284002,32962807643
1770575285002,33098185471
1770575286003,33233141790
1770575287003,33368068264
1770575288002,33502994859
1770575289002,33637567329
1770575290004,33772921963
1770575291003,33907704822
1770575292003,34042597543
1770575293002,34177508452
1770575294003,34312589954
1770575295003,34447364756
1770575296003,34582391876
1770575297002,34717312734
1770575298017,34854128851
1770575299003,34987147371
1770575300003,35122078605
1770575301003,35256964673
1770575302004,35391952792
1770575303003,35526760247
1770575304002,35661499343
1770575305004,35796513646
1770575306003,35931738092
1770575307007,36066641677
1770575308003,36201488500
1770575309003,36336451961
1770575310004,36471388932
1770575311003,36606267188
1770575312003,36741285458
1770575313003,36876041095
1770575314003,37011071083
1770575315004,37146051756
1770575316003,37280818562
1770575317003,37415904459
1770575318004,37550798400
1770575319004,37685794271
1770575320006,37821036112
1770575321003,37955583863
1770575322003,38090583762
1770575323003,38225327313
1770575324003,38360245608
1770575325003,38495056176
1770575326003,38630097884
1770575327003,38765065067
1770575328003,38899808985
1770575329003,39035086166
1770575330002,39169903997
1770575331003,39304829433
1770575332002,39439671861
1770575333002,39574615424
1770575334003,39709579617
1770575335003,39844527026
1770575336003,39979720161
1770575337003,40114359648
1770575338003,40249493945
1770575339004,40384424508
1770575340003,40519302398
1770575341004,40654304616
1770575342004,40789141551
1770575343003,40923853974
1770575344002,41058863455
1770575345011,41193780163
1770575346003,41328759798
1770575347003,41463686089
1770575348002,41598730115
1770575349004,41733612583
1770575350004,41868544244
1770575351004,42003665175
1770575352004,42138480321
1770575353003,42273409174
1770575354003,42408158402
1770575355003,42543230932
1770575356003,42678006771
1770575357003,42813094988
1770575358004,42948057044
1770575359003,43083026059
1770575360003,43217845416
1770575361002,43352747659
1770575362004,43487679076
1770575363003,43622787007
1770575364002,43757340678
1770575365003,43892515686
1770575366004,44027481466
1770575367027,44164991368
1770575368005,44297436891
1770575369003,44432132652
1770575370016,44567875102
1770575371005,44702317263
1770575372006,44837304771
1770575373093,44984070570
1770575374005,45106968693
1770575375004,45241879419
1770575376003,45376616684
1770575377003,45511463812
1770575378003,45646450344
1770575379003,45781256578
1770575380004,45916334358
1770575381004,46051262723
1770575382004,46186188159
1770575383023,46321397041
1770575384008,46456740811
1770575385004,46591109913
1770575386030,46726663826
1770575387005,46861106963
1770575388003,46995920339
1770575389003,47130795970
1770575390003,47265860505
1770575391003,47400699759
1770575392003,47535579236
1770575393003,47670439914
1770575394004,47805497917
1770575395003,47940204360
1770575396003,48075435093
1770575397013,48211407706
1770575398003,48345240493
1770575399003,48480134435
1770575400004,48615078303
1770575401003,48749987809
1770575402003,48884777747
1770575403003,49019871640
1770575404003,49154683795
1770575405003,49289723427
1770575406004,49424647154
1770575407005,49559809833
1770575408003,49694591714
1770575409014,49830627987
1770575410003,49964438313
1770575411003,50099228679
1770575412008,50234783874
1770575413002,50368982016
1770575414002,50504076885
1770575415003,50638923525
1770575416003,50773765648
1770575417003,50908606978
1770575418003,51043770938
1770575419003,51178511377
1770575420002,51313520492
1770575421003,51448533940
1770575422003,51583150600
1770575423003,51718342332
1770575424002,51853178107
1770575425003,51988242581
1770575426003,52123178331
1770575427004,52258114265
1770575428002,52393016447
1770575429002,52527568409
1770575430003,52662785104
1770575431003,52797916777
1770575432008,52932918873
1770575433003,53067699290
1770575434002,53202656586
1770575435004,53337524588
1770575436003,53472491222
1770575437002,53607180758
1770575438002,53742115105
1770575439002,53877172926
1770575440002,54012034946
1770575441003,54147054864
1770575442003,54282186903
1770575443003,54416843297
1770575444003,54551893916
1770575445003,54686666154
1770575446002,54821775854
1770575447003,54956687008
1770575448003,55091474321
1770575449002,55226538856
1770575450002,55361341001
1770575451003,55496274555
1770575452003,55631193094
1770575453002,55766141662
1770575454003,55901123860
1770575455004,56036195170
1770575456013,56172212583
1770575457004,56306007589
1770575458003,56440867229
1770575459003,56575518862
1770575460003,56710648277
1770575461003,56845630109
1770575462003,56980302616
1770575463003,57115439965
1770575464003,57250448714
1770575465002,57385106816
1770575466002,57520152003
1770575467003,57655117844
1770575468003,57790015509
1770575469002,57925091701
1770575470003,58059754076
1770575471002,58194820686
1770575472003,58329833097
1770575473002,58464838366
1770575474020,58601769290
1770575475017,58736557947
1770575476005,58869878894
1770575477002,59004315684
1770575478002,59139347992
1770575479002,59274290945
1770575480002,59409206981
1770575481003,59544216523
1770575482002,59678948356
1770575483002,59813931897
1770575484003,59948776706
1770575485002,60083832940
1770575486002,60218669448
1770575487003,60353695591
1770575488003,60488637873
1770575489003,60623716018
1770575490003,60758474767
1770575491002,60893439815
1770575492003,61028385270
1770575493003,61163229713
1770575494002,61298184201
1770575495003,61433189837
1770575496003,61567957375
1770575497004,61703136412
1770575498003,61837988300
1770575499005,61972994058
1770575500009,62108568235
1770575501007,62243277485
1770575502005,62377855204
1770575503011,62513310607
1770575504005,62647838644
1770575505017,62784231056
1770575506007,62917860475
1770575507005,63052497764
1770575508005,63187454328
1770575509003,63322383609
1770575510004,63457447839
1770575511005,63592373885
1770575512004,63727243779
1770575513005,63862125208
1770575514008,63996945054
1770575515027,64132468877
1770575516004,64266756436
1770575517020,64403667096
1770575518003,64536648201
1770575519003,64671361235
1770575520003,64806447864
1770575521004,64941589852
1770575522003,65076323150
1770575523009,65211973071
1770575524004,65346337900
1770575525012,65481502227
1770575526017,65617794237
1770575527004,65751150829
1770575528003,65886040010
1770575529002,66020760063
1770575530003,66155778760
1770575531015,66292235381
1770575532003,66425712151
1770575533005,66560690383
1770575534003,66695456639
1770575535003,66830486384
1770575536003,66965172684
1770575537015,67101228000
1770575538003,67235011105
1770575539002,67369987078
1770575540002,67505021217
1770575541003,67639900083
1770575542002,67774835101
1770575543002,67909807900
1770575544002,68044695983
1770575545028,68180179095
1770575546002,68314497477
1770575547002,68449186463
1770575548003,68584463156
1770575549002,68719295574
1770575550002,68854259706
1770575551002,68988965538
1770575552002,69123839583
1770575553002,69258864933
1770575554002,69393780603
1770575555002,69528870772
1770575556005,69664092228
1770575557004,69799204065
1770575558002,69933713059
1770575559002,70068206428
1770575560002,70203310086
1770575561003,70338377306
1770575562003,70473379768
1770575563002,70608242399
1770575564002,70743215808
1770575565003,70878097970
1770575566002,71012949493
1770575567003,71147903004
1770575568002,71282578685
1770575569002,71417402131
1770575570002,71552527884
1770575571003,71687365857
1770575572002,71822416598
1770575573002,71957278984
1770575574002,72091839309
1770575575002,72226993321
1770575576002,72362075250
1770575577003,72497098281
1770575578002,72631848241
1770575579006,72767180597
1770575580064,72906676517
1770575581034,73040825344
1770575582003,73171682858
1770575583004,73306676653
1770575584003,73440969339
1770575585013,73577809870
1770575586003,73711168476
1770575587003,73846218973
1770575588002,73981140075
1770575589002,74116108174
1770575590003,74251172831
1770575591003,74386181519
1770575592003,74521007834
1770575593004,74655939068
1770575594004,74790799074
1770575595004,74925742943
1770575596003,75060292525
1770575597003,75195537540
1770575598003,75330396081
1770575599002,75465340072
1770575600003,75600219243
1770575601003,75735135036
1770575602002,75870134873
1770575603006,76004994635
1770575604003,76140317104
1770575605002,76274982653
1770575606002,76409925666
1770575607003,76544951627
1770575608003,76679815295
1770575609002,76814671151
1770575610002,76949534148
1770575611002,77084533498
1770575612003,77219473399
1770575613003,77354202241
1770575614003,77489350760
1770575615003,77624219860
1770575616002,77759104708
1770575617002,77894263724
1770575618002,78029028272
1770575619003,78163997958
1770575620003,78298899957
1770575621003,78433747451
1770575622003,78568696324
1770575623003,78703574580
1770575624002,78838664993
1770575625003,78973443640
1770575626002,79108488888
1770575627002,79243439836
1770575628005,79378686865
1770575629003,79513362119
1770575630003,79648222613
1770575631003,79783202187
1770575632005,79917991637
1770575633002,80052844136
1770575634002,80187808329
1770575635002,80322775330
1770575636003,80457635824
1770575637012,80593481912
1770575638008,80728366088
1770575639003,80862467063
1770575640003,80997417646
1770575641004,81132580752
1770575642003,81267495384
1770575643002,81401947921
1770575644003,81537002385
1770575645002,81671792445
1770575646002,81806904709
1770575647002,81941808538
1770575648002,82076622769
1770575649002,82211655565
1770575650003,82346543525
1770575651003,82481460111
1770575652003,82616416370
1770575653004,82751482125
1770575654004,82886454130
1770575655003,83021351429
1770575656002,83156235727
1770575657002,83291078034
1770575658002,83425552055
1770575659003,83560789684
1770575660002,83695872774
1770575661002,83830208428
1770575662002,83965609388
1770575663003,84100572971
1770575664002,84235470208
1770575665003,84370316848
1770575666002,84505395237
1770575667003,84640295283
1770575668002,84775102311
1770575669002,84910187536
1770575670002,85044982906
1770575671003,85179929399
1770575672002,85314405007
1770575673002,85449688474
1770575674002,85584388142
1770575675002,85719158304
1770575676002,85854137573
1770575677003,85989240682
1770575678003,86124250773
1770575679002,86259114747
1770575680003,86394210592
1770575681011,86529976358
1770575682005,86664132387
1770575683003,86798909630
1770575684002,86933399642
1770575685002,87068622623
1770575686002,87203437159
1770575687002,87338495712
1770575688002,87473360601
1770575689002,87608386073
1770575690002,87743275254
1770575691002,87878208563
1770575692002,88013020413
1770575693002,88147931140
1770575694002,88282608834
1770575695002,88417749602
1770575696002,88552275747
1770575697002,88686984996
1770575698002,88822392670
1770575699002,88956884147
1770575700002,89091914563
1770575701002,89226944979
1770575702002,89361957573
1770575703002,89496674696
1770575704002,89631647495
1770575705002,89766583490
1770575706002,89901401626
1770575707002,90036351720
1770575708002,90171149837
1770575709002,90305680560
1770575710002,90440951148
1770575711002,90575820859
1770575712002,90710438373
1770575713002,90845624185
1770575714002,90980666380
1770575715002,91115610676
1770575716002,91250309428
1770575717002,91385432190
1770575718002,91520193442
1770575719002,91655219097
1770575720003,91790229982
1770575721003,91924391504
1770575722002,92059622908
1770575723003,92192493356
1770575724002,92326129123
1770575725002,92459172117
1770575726002,92591946069
1770575727002,92724911366
1770575728002,92858990612
1770575729003,92994754181
1770575730002,93128208002
1770575731002,93256479585
1770575732002,93385093697
1770575733002,93514520978
1770575734002,93647098275
1770575735003,93784655296
1770575736003,93919551801
1770575737002,94054592166
1770575738002,94189406335
1770575739002,94324286788
1770575740002,94459369450
1770575741002,94594346949
1770575742002,94729113388
1770575743002,94863975775
1770575744002,94998835110
1770575745002,95133369128
1770575746002,95268594856
1770575747002,95403506071
1770575748002,95538318165
1770575749002,95672820872
1770575750002,95807468538
1770575751002,95942480827
1770575752002,96077316907
1770575753002,96211057715
1770575754002,96338907607
1770575755002,96465251522
1770575756002,96589300643
1770575757002,96715492581
1770575758002,96839669753
1770575759002,96963365969
1770575760002,97090291914
1770575761002,97222740916
1770575762002,97360546410
1770575763002,97494108873
1770575764002,97627222241
1770575765002,97756403734
1770575766002,97880213293
1770575767002,98003376491
1770575768002,98127147353
1770575769002,98250714358
1770575770002,98375992663
1770575771002,98506838275
1770575772002,98641298197
1770575773002,98778337214
1770575774002,98913022905
1770575775002,99042939076
1770575776002,99171030911
1770575777002,99299190434
1770575778002,99427813762
1770575779002,99556725847
1770575780002,99686186392
1770575781002,99817403951
1770575782002,99948258963
1770575783002,100078294824
1770575784002,100208988642
1770575785002,100340656213
1770575786002,100471097407
1770575787002,100602066493
1770575788002,100734012383
1770575789002,100871513252
1770575790004,101006338835
1770575791011,101141660876
1770575792010,101276993965
1770575793009,101411851041
1770575794003,101546134450
1770575795002,101681000316
1770575796003,101816011628
1770575797002,101950849906
1770575798002,102085863049
1770575799003,102220393222
1770575800003,102355636223
1770575801003,102490670850
1770575802002,102625404697
1770575803002,102760187616
1770575804002,102895384536
1770575805002,103030126623
1770575806003,103165217707
1770575807002,103299989213
1770575808002,103434836158
1770575809002,103569858883
1770575810002,103704890459
1770575811003,103839819191
1770575812002,103974677671
1770575813002,104109641864
1770575814002,104244569620
1770575815002,104379281738
1770575816002,104514223775
1770575817002,104649213481
1770575818002,104784214478
1770575819003,104919272726
1770575820003,105054052411
1770575821002,105189019350
1770575822002,105323768700
1770575823002,105458761335
1770575824002,105593573063
1770575825002,105728788842
1770575826002,105863433212
1770575827002,105998435247
1770575828002,106133385768
1770575829003,106268495163
1770575830003,106403194465
1770575831003,106538255276
1770575832003,106672900195
1770575833003,106808144844
1770575834002,106942870207
1770575835002,107077703358
1770575836002,107212915109
1770575837002,107347726714
1770575838002,107482631459
1770575839003,107617706309
1770575840002,107752618317
1770575841002,107887541922
1770575842003,108021861952
1770575843002,108157089206
1770575844002,108292066948
1770575845002,108426945082
1770575846002,108561628209
1770575847002,108695381285
1770575848002,108827646327
1770575849003,108963534590
1770575850002,109096296823
1770575851002,109229436741
1770575852002,109362811827
1770575853002,109495040614
1770575854002,109627472221
1770575855002,109759698384
1770575856002,109892934066
1770575857002,110024795789
1770575858002,110156396160
1770575859002,110287354626
1770575860002,110419285135
1770575861002,110552433354
1770575862002,110685113434
1770575863002,110817171568
1770575864002,110948547208
1770575865002,111081765678
1770575866002,111217931589
1770575867003,111352508638
1770575868002,111487420157
1770575869002,111622430066
1770575870002,111757159274
1770575871002,111892143670
1770575872002,112026926894
1770575873002,112161807896
1770575874002,112296541011
1770575875002,112429434408
1770575876002,112565564858
1770575877002,112700129638
1770575878002,112833580591
1770575879002,112964503595
1770575880003,113100805615
1770575881042,113236195710
1770575882006,113371354849
1770575883003,113505757398
1770575884002,113640905855
1770575885003,113775725457
1770575886002,113910580702
1770575887002,114045671055
1770575888002,114180512506
1770575889003,114315389358
1770575890003,114450392919
1770575891003,114585235774
1770575892004,114720387955
1770575893004,114855309668
1770575894004,114990322384
1770575895003,115125056719
1770575896003,115259920265
1770575897003,115394964353
1770575898003,115529770283
1770575899004,115664859536
1770575900004,115799719604
1770575901004,115934700215
1770575902004,116069660868
1770575903003,116204523865
1770575904004,116339510458
1770575905004,116474416546
1770575906004,116609434999
1770575907003,116744091637
1770575908003,116879159528
1770575909003,117014020755
1770575910004,117149076257
1770575911004,117284097212
1770575912004,117418928959
1770575913003,117553776820
1770575914003,117688536118
1770575915003,117823570380
1770575916003,117958455166
1770575917003,118093513353
1770575918003,118228448310
1770575919004,118363375089
1770575920004,118498482959
1770575921004,118633274667
1770575922004,118768266448
1770575923005,118903193043
1770575924004,119038153086
1770575925004,119173002716
1770575926003,119307860891
1770575927004,119442816784
1770575928004,119577699495
1770575929003,119712747977
1770575930004,119847668347
1770575931004,119982617465
1770575932004,120117569878
1770575933004,120252487624
1770575934004,120387405491
1770575935004,120522367548
1770575936004,120657230301
1770575937005,120792193761
1770575938004,120927145564
1770575939004,121062072282
1770575940005,121197096167
1770575941003,121331878171
1770575942003,121466674151
1770575943003,121601659157
1770575944003,121736605223
1770575945003,121871454060
1770575946004,122006525370
1770575947005,122141557678
1770575948004,122276406820
1770575949023,122412089151
1770575950004,122546246827
1770575951003,122681103904
1770575952003,122816131390
1770575953004,122950989626
1770575954004,123086070091
1770575955003,123220869429
1770575956005,123355967105
1770575957003,123490712305
1770575958003,123625752853
1770575959003,123760458318
1770575960003,123895494228
1770575961003,124030373399
1770575962003,124165256660
1770575963004,124300331936
1770575964004,124435343798
1770575965004,124570273872
1770575966004,124705233244
1770575967003,124839981678
1770575968004,124975008554
1770575969004,125109970367
1770575970004,125244943776
1770575971004,125379679576
1770575972003,125514513642
1770575973003,125649557059
1770575974004,125784490185
1770575975005,125919594759
1770575976007,126054697196
1770575977009,126190082775
1770575978055,126327029751
1770575979083,126466779027
1770575980023,126596629097
1770575981006,126729219273
1770575982039,126867095080
1770575983005,126999029679
1770575984010,127134648045
1770575985006,127269059566
1770575986004,127403733537
1770575987004,127538662696
1770575988007,127674013668
1770575989004,127808607928
1770575990003,127943264078
1770575991003,128078303100
1770575992003,128213264241
1770575993004,128348149821
1770575994004,128483127686
1770575995003,128618045126
1770575996003,128752953411
1770575997003,128887783266
1770575998004,129022805626
1770575999003,129157765973
1770576000008,129293184572
1770576001005,129427852013
1770576002028,129565609656
1770576003003,129697450932
1770576004003,129832400294
1770576005003,129967300949
1770576006004,130102246832
1770576007005,130237263149
1770576008017,130373980572
1770576009012,130507779058
1770576010005,130641910062
1770576011043,130778031296
1770576012004,130911875191
1770576013012,131047894435
1770576014004,131181814625
1770576015004,131316700998
1770576016004,131451628326
1770576017004,131586503774
1770576018004,131721519237
1770576019005,131856441133
1770576020031,131992926379
1770576021004,132126140882
1770576022003,132261084506
1770576023003,132396034417
1770576024004,132530855788
1770576025005,132666105991
1770576026004,132800863642
1770576027003,132935639176
1770576028003,133070590856
1770576029004,133205700313
1770576030003,133340531694
1770576031006,133475773718
1770576032005,133610615292
1770576033005,133745481341
1770576034009,133880956519
1770576035008,134015899899
1770576036007,134150518268
1770576037004,134285073709
1770576038003,134420041687
1770576039003,134554849447
1770576040007,134690241373
1770576041003,134824671266
1770576042003,134959648154
1770576043004,135094578351
1770576044003,135229566287
1770576045003,135364318810
1770576046004,135499410688
1770576047004,135634312260
1770576048004,135769214319
1770576049004,135904364364
1770576050003,136039180120
1770576051004,136174047450
1770576052004,136309060105
1770576053003,136443709846
1770576054002,136578549466
1770576055002,136713482165
1770576056002,136848419320
1770576057003,136983538054
1770576058003,137118467884
1770576059003,137253571420
1770576060003,137388345977
1770576061003,137523300100
1770576062004,137658206370
1770576063004,137793274628
1770576064003,137928113028
1770576065004,138062966931
1770576066003,138197972445
1770576067002,138332866875
1770576068002,138467824659
1770576069002,138602418248
1770576070002,138737503107
1770576071002,138872343704
1770576072003,139007010046
1770576073002,139142404414
1770576074002,139277310441
1770576075002,139412240760
1770576076003,139547151608
1770576077002,139681856097
1770576078002,139816521951
1770576079002,139951754576
1770576080002,140086694111
1770576081002,140221625711
1770576082002,140356373169
1770576083002,140490901450
1770576084003,140626157024
1770576085003,140761354737
1770576086004,140896079490
1770576087003,141031170819
1770576088002,141165916141
1770576089004,141300606897
1770576090004,141435754378
1770576091005,141570675725
1770576092011,141705764856
1770576093043,141845874788
1770576094005,141975790898
1770576095012,142111531152
1770576096173,142255687582
1770576097083,142384702999
1770576098123,142521271985
1770576099058,142654824561
1770576100043,142785662604
1770576101007,142920460599
1770576102003,143054863820
1770576103003,143189862192
1770576104004,143324750092
1770576105004,143459696829
1770576106004,143594685741
1770576107003,143729563264
1770576108003,143864421623
1770576109003,143999423413
1770576110004,144134286593
1770576111003,144269189263
1770576112004,144404253432
1770576113004,144539267551
1770576114003,144674022028
1770576115009,144809398085
1770576116003,144943990148
1770576117004,145078909297
1770576118002,145213717546
1770576119003,145348704688
1770576120003,145483532407
1770576121003,145618709795
1770576122003,145753460488
1770576123003,145888465452
1770576124003,146023242268
1770576125003,146158227213
1770576126003,146293292480
1770576127016,146429890824
1770576128003,146563045024
1770576129002,146697863649
1770576130002,146832636131
1770576131004,146967735761
1770576132003,147102547183
1770576133003,147237576378
1770576134003,147372657148
1770576135019,147509763914
1770576136003,147642422449
1770576137002,147777485153
1770576138002,147912093512
1770576139002,148047156581
1770576140003,148182095811
1770576141002,148316836433
1770576142002,148451667326
1770576143003,148586691455
1770576144005,148721785408
1770576145011,148857116178
1770576146003,148991721607
1770576147009,149126632456
1770576148003,149261595184
1770576149002,149396308889
1770576150003,149531380138
1770576151002,149666255403
1770576152002,149801109367
1770576153002,149936130871
1770576154003,150071006503
1770576155003,150206040337
1770576156003,150341098463
1770576157003,150475874363
1770576158003,150610760919
1770576159004,150745961318
1770576160003,150880668065
1770576161003,151015591731
1770576162002,151150432756
1770576163002,151285345984
1770576164003,151420115293
1770576165002,151555034137
1770576166006,151690505287
1770576167003,151825268125
1770576168004,151960194354
1770576169004,152095107156
1770576170004,152230019775
1770576171003,152364764791
1770576172003,152499936381
1770576173004,152634864502
1770576174003,152769724264
1770576175003,152904468732
1770576176002,153039423708
1770576177003,153174350243
1770576178003,153309339826
1770576179002,153444149601
1770576180013,153580589498
1770576181010,153714140853
1770576182003,153848938360
1770576183003,153984029566
1770576184003,154118765733
1770576185002,154253872870
1770576186003,154388829433
1770576187003,154523757128
1770576188003,154658572578
1770576189004,154793636625
1770576190004,154928603076
1770576191004,155063554513
1770576192004,155198513884
1770576193004,155333443531
1770576194004,155468334849
1770576195004,155603293976
1770576196012,155739274280
1770576197003,155872954540
1770576198004,156008100129
1770576199003,156142861686
1770576200003,156277803907
1770576201003,156412648410
1770576202003,156547658990
1770576203003,156682606154
1770576204002,156817444554
1770576205003,156952307856
1770576206003,157087183915
1770576207003,157222191626
1770576208002,157356845273
1770576209003,157492210039
1770576210003,157626799416
1770576211002,157761779417
1770576212002,157896844379
1770576213002,158031881631
1770576214003,158166811278
1770576215003,158301615498
1770576216002,158436634989
1770576217003,158571536926
1770576218003,158706560323
1770576219008,158841988199
1770576220002,158976331972
1770576221002,159111443869
1770576222002,159246217816
1770576223002,159381119754
1770576224002,159516240135
1770576225004,159651015181
1770576226027,159789140011
1770576227004,159920955835
1770576228007,160056376448
1770576229015,160191450565
1770576230004,160325892726
1770576231022,160462380230
1770576232091,160599569576
1770576233031,160733174154
1770576234166,160872053376
1770576235029,161003798888
1770576236009,161135939541
1770576237004,161270237293
1770576238003,161405234079
1770576239002,161540065033
1770576240002,161674791983
1770576241003,161810030589
1770576242027,161945220123
1770576243004,162079867911
1770576244004,162214765088
1770576245015,162349935701
1770576246005,162484808158
1770576247004,162619417372
1770576248003,162754379856
1770576249003,162889238520
1770576250004,163024291519
1770576251003,163159311986
1770576252003,163294220942
1770576253003,163429117264
1770576254004,163564099524
1770576255004,163698976315
1770576256004,163833875628
1770576257004,163968806862
1770576258004,164103841733
1770576259004,164238652729
1770576260003,164373594644
1770576261004,164508505737
1770576262005,164643573262
1770576263007,164778841714
1770576264003,164913255738
1770576265013,165049437640
1770576266003,165183159466
1770576267003,165318028261
1770576268003,165453010460
1770576269005,165587794172
1770576270004,165723027652
1770576271003,165857711816
1770576272004,165992712020
1770576273004,166127781376
1770576274036,166265238544
1770576275003,166397487290
1770576276004,166532523809
1770576277004,166667367214
1770576278004,166802436510
1770576279003,166937268745
1770576280004,167072152616
1770576281005,167207355639
1770576282003,167341958444
1770576283018,167478370631
1770576284004,167612023731
1770576285014,167747420541
1770576286004,167881792450
1770576287007,168016888723
1770576288003,168151621044
1770576289008,168286834809
1770576290026,168424660323
1770576291003,168556261365
1770576292003,168691346225
1770576293002,168826236932
1770576294003,168961092543
1770576295004,169096126133
1770576296004,169231046564
1770576297004,169366029495
1770576298024,169503176788
1770576299004,169635836971
1770576300011,169770772355
1770576301003,169905732764
1770576302020,170041810053
1770576303004,170175538531
1770576304004,170310463174
1770576305003,170445463682
1770576306003,170580280415
1770576307003,170715333597
1770576308004,170850236206
1770576309006,170985362447
1770576310007,171120512736
1770576311004,171255098756
1770576312105,171397593752
1770576313004,171524983075
1770576314004,171659689334
1770576315005,171794758507
1770576316005,171929757307
1770576317004,172064561222
1770576318005,172199599512
1770576319003,172334319015
1770576320002,172469315801
1770576321011,172604881982
1770576322004,172739206468
1770576323003,172874020332
1770576324008,173009681666
1770576325027,173146707011
1770576326004,173278835396
1770576327004,173413850309
1770576328004,173548717762
1770576329005,173683883737
1770576330004,173818693572
1770576331004,173953631337
1770576332003,174088425121
1770576333019,174224009246
1770576334005,174358502798
1770576335003,174493252514
1770576336042,174628370088
1770576337003,174763035332
1770576338003,174897943739
1770576339003,175032862644
1770576340003,175167972589
1770576341004,175302841140
1770576342004,175437756993
1770576343003,175572707271
1770576344002,175707565995
1770576345004,175842572485
1770576346003,175977403134
1770576347002,176112214862
1770576348003,176247245278
1770576349002,176381953368
1770576350003,176517088520
1770576351003,176652057168
1770576352003,176787080077
1770576353005,176922203389
1770576354004,177057016886
1770576355004,177191957154
1770576356002,177326792013
1770576357003,177461402265
1770576358002,177596394961
1770576359004,177731564232
1770576360003,177866491010
1770576361002,178001422000
1770576362002,178136360803
1770576363013,178272425274
1770576364003,178406174687
1770576365006,178541093653
1770576366003,178675971726
1770576367002,178810837103
1770576368003,178945800686
1770576369004,179080766161
1770576370003,179215796150
1770576371003,179350574796
1770576372002,179485523365
1770576373002,179620442819
1770576374002,179755552397
1770576375002,179890113881
1770576376002,180025180796
1770576377002,180159859102
1770576378002,180294883048
1770576379002,180429822034
1770576380002,180564756564
1770576381002,180699703972
1770576382002,180834694593
1770576383003,180969455174
1770576384004,181104409479
1770576385054,181241153880
1770576386044,181380002279
1770576387005,181509502070
1770576388011,181644963332
1770576389003,181779099280
1770576390002,181913861081
1770576391002,182049023760
1770576392002,182183779396
1770576393002,182318074402
1770576394002,182452658103
1770576395002,182586929243
1770576396003,182722121402
1770576397007,182857061975
1770576398003,182991697189
1770576399003,183126879643
1770576400003,183261497218
1770576401003,183395963061
1770576402002,183531121772
1770576403002,183665722441
1770576404002,183800472951
1770576405002,183935719125
1770576406002,184070416107
1770576407002,184205431692
1770576408002,184340437205
1770576409002,184474902559
1770576410002,184610326346
1770576411002,184745128613
1770576412003,184879889743
1770576413002,185014627374
1770576414003,185149928847
1770576415003,185284776035
1770576416002,185419017086
1770576417002,185553971147
1770576418002,185689040320
1770576419002,185824020016
1770576420002,185958904620
1770576421002,186092952311
1770576422002,186228241577
1770576423002,186360188444
1770576424002,186495710680
1770576425002,186630261605
1770576426002,186764336030
1770576427003,186898715019
1770576428004,187034018262
1770576429015,187170677030
1770576430061,187304503470
1770576431017,187440693185
1770576432034,187577750146
1770576433066,187717122043
1770576434026,187844377454
1770576435091,187987876476
1770576436007,188113835138
1770576437021,188250756724
1770576438018,188384988985
1770576439003,188518337338
1770576440003,188653304888
1770576441003,188788033425
1770576442003,188923084715
1770576443003,189058056964
1770576444003,189192963113
1770576445003,189327970275
1770576446002,189462487936
1770576447002,189597688823
1770576448002,189732552857
1770576449003,189867795248
1770576450003,190002414532
1770576451003,190137475771
1770576452003,190272280479
1770576453003,190407153852
1770576454002,190542161197
1770576455016,190678813618
1770576456003,190812106429
1770576457003,190946945622
1770576458002,191081508388
1770576459002,191216684190
1770576460002,191351687567
1770576461002,191486554592
1770576462002,191621541430
1770576463002,191756475288
1770576464002,191891376737
1770576465003,192026331836
1770576466002,192161289010
1770576467002,192296092071
1770576468002,192431130849
1770576469002,192566239328
1770576470002,192700893647
1770576471002,192835892386
1770576472002,192970839489
1770576473002,193105769502
1770576474003,193240769645
1770576475002,193375664380
1770576476002,193510574924
1770576477006,193645646111
1770576478003,193780614577
1770576479003,193915502110
1770576480047,194053155993
1770576481013,194186633068
1770576482046,194326011984
1770576483011,194456210076
1770576484005,194590265397
1770576485003,194725103370
1770576486004,194860019101
1770576487003,194994707843
1770576488002,195129667397
1770576489003,195264530578
1770576490006,195400019550
1770576491003,195534570292
1770576492003,195669553161
1770576493003,195804406515
1770576494003,195939368144
1770576495003,196074370851
1770576496002,196209211082
1770576497003,196344171796
1770576498003,196479100649
1770576499003,196614056664
1770576500002,196749020857
1770576501003,196883810246
1770576502003,197018727381
1770576503003,197153700241
1770576504003,197288496343
1770576505003,197423601344
1770576506019,197559236434
1770576507003,197693456427
1770576508003,197828402554
1770576509003,197963344347
1770576510004,198098357368
1770576511003,198233148100
1770576512002,198367836110
1770576513002,198502816294
1770576514003,198637868988
1770576515005,198773192494
1770576516003,198907771312
1770576517003,199042686799
1770576518002,199177578055
1770576519003,199312382215
1770576520003,199447432284
1770576521002,199582023614
1770576522003,199717422010
1770576523003,199852279331
1770576524003,199987229303
1770576525004,200122307448
1770576526003,200257075170
1770576527002,200391861202
1770576528003,200526940079
1770576529002,200661820777
1770576530002,200796756344
1770576531006,200932150895
1770576532003,201066606606
1770576533002,201201568662
1770576534003,201336463520
1770576535004,201471413064
1770576536003,201606482665
1770576537003,201741349995
1770576538012,201877122414
1770576539003,202011332703
1770576540002,202146038168
1770576541003,202281090679
1770576542003,202415968263
1770576543018,202551465353
1770576544003,202685771955
1770576545002,202820717838
1770576546018,202957328999
1770576547003,203090559798
1770576548002,203225533147
1770576549003,203360470057
1770576550003,203495381211
1770576551002,203630222906
1770576552002,203765067044
1770576553002,203900098864
1770576554002,204035014656
1770576555003,204170049527
1770576556012,204305638658
1770576557003,204439920113
1770576558003,204574792998
1770576559002,204709605397
1770576560003,204844769175
1770576561002,204979663544
1770576562002,205114387686
1770576563002,205249454601
1770576564002,205384156099
1770576565002,205519292655
1770576566003,205654267652
1770576567002,205789106784
1770576568002,205924114861
1770576569002,206059057509
1770576570003,206193891697
1770576571002,206328882746
1770576572003,206463862442
1770576573003,206598735388
1770576574002,206733651546
1770576575003,206868560930
1770576576002,207003463233
1770576577003,207138437558
1770576578003,207273485491
1770576579003,207408260537
1770576580002,207543195311
1770576581002,207678103352
1770576582003,207813185159
1770576583003,207948009338
1770576584002,208082891866
1770576585003,208217837200
1770576586002,208352644167
1770576587004,208487881858
1770576588005,208622915875
1770576589003,208757535830
1770576590003,208892473900
1770576591003,209027552107
1770576592003,209162373905
1770576593003,209297273157
1770576594002,209432278427
1770576595002,209567104742
1770576596002,209702012783
1770576597005,209837393601
1770576598002,209972008002
1770576599002,210106799649
1770576600003,210241714160
1770576601003,210376716011
1770576602004,210511649443
1770576603003,210646676868
1770576604003,210781318247
1770576605002,210916542571
1770576606003,211051423452
1770576607003,211186288829
1770576608002,211321291657
1770576609002,211456129752
1770576610012,211592364755
1770576611003,211726029085
1770576612003,211860992668
1770576613002,211995795607
1770576614003,212130790500
1770576615002,212265622003
1770576616003,212400750259
1770576617002,212535479406
1770576618003,212670425166
1770576619003,212805483048
1770576620002,212940198218
1770576621002,213075219235
1770576622003,213210084796
1770576623002,213345105934
1770576624002,213479893736
1770576625002,213614946430
1770576626002,213749954507
1770576627002,213884807983
1770576628002,214019704000
1770576629002,214154650310
1770576630002,214289654114
1770576631002,214424496115
1770576632002,214559540691
1770576633002,214694331728
1770576634002,214829092431
1770576635002,214964175886
1770576636002,215099006962
1770576637002,215233998010
1770576638002,215368827011
1770576639002,215503416754
1770576640002,215638760524
1770576641002,215773720628
1770576642002,215908462592
1770576643002,216043498379
1770576644003,216178544970
1770576645003,216313232003
1770576646003,216448203337
1770576647002,216583353626
1770576648002,216718249460
1770576649002,216852894684
1770576650002,216987782827
1770576651002,217122833995
1770576652002,217257235934
1770576653003,217392210991
1770576654002,217526870253
1770576655003,217662028416
1770576656003,217797011652
1770576657003,217932016189
1770576658004,218066751623
1770576659004,218201819148
1770576660004,218336816849
1770576661004,218471756323
1770576662004,218606492795
1770576663003,218741568377
1770576664002,218876352211
1770576665002,219011226072
1770576666002,219146064411
1770576667002,219280888834
1770576668003,219416120605
1770576669003,219549890770
1770576670002,219680309015
1770576671002,219817785409
1770576672002,219948469523
1770576673002,220084983517
1770576674002,220218637166
1770576675002,220350550830
1770576676002,220480858846
1770576677002,220606393131
1770576678002,220733970869
1770576679002,220864792738
1770576680002,220994259570
1770576681002,221120156831
1770576682002,221238551242
1770576683002,221357138036
1770576684002,221475164467
1770576685002,221597609527
1770576686002,221721540850
1770576687002,221838925743
1770576688002,221956446377
1770576689002,222070652322
1770576690002,222186614489
1770576691002,222304361563
1770576692002,222421490536
1770576693002,222536261970
1770576694002,222650763386
1770576695002,222763268774
1770576696002,222879735395
1770576697002,222999537823
1770576698002,223112269468
1770576699002,223225325514
1770576700002,223338726896
1770576701002,223451936872
1770576702002,223566430964
1770576703002,223679718760
1770576704002,223793902733
1770576705002,223911648342
1770576706003,224055441980
1770576707004,224191370526
1770576708003,224326230532
1770576709003,224461070336
1770576710002,224595679000
1770576711002,224730773503
1770576712002,224865670375
1770576713002,224999477405
1770576714002,225134458749
1770576715002,225265287149
1770576716002,225382384262
1770576717002,225498290642
1770576718002,225614041384
1770576719002,225729964244
1770576720002,225846759904
1770576721002,225963505272
1770576722002,226082073266
1770576723002,226187556029
1770576724002,226289366437
1770576725002,226390722928
1770576726002,226491966199
1770576727002,226592302673
1770576728002,226694203780
1770576729002,226794913727
1770576730002,226895429339
1770576731002,226996071232
1770576732002,227098266893
1770576733002,227199991791
1770576734002,227301024614
1770576735002,227403229125
1770576736002,227504972578
1770576737002,227606293730
1770576738002,227708229382
1770576739002,227810865838
1770576740002,227914016453
1770576741002,228025687920
1770576742002,228143291500
1770576743002,228254477251
1770576744002,228361585986
1770576745002,228468093892
1770576746002,228589846815
1770576747002,228734553537
1770576748002,228869235504
1770576749002,229003925039
1770576750002,229135838764
1770576751002,229255401996
1770576752002,229371646937
1770576753002,229487538364
1770576754002,229599654960
1770576755002,229705700404
1770576756002,229813018366
1770576757002,229919103483
1770576758002,230024978090
1770576759002,230130673254
1770576760002,230237616461
1770576761002,230344022866
1770576762002,230451478951
1770576763002,230554337025
1770576764002,230654953650
1770576765002,230756057944
1770576766002,230857974492
1770576767002,230973446243
1770576768002,231117255628
1770576769002,231254176420
1770576770002,231388923206
1770576771002,231523638804
1770576772002,231658399689
1770576773002,231793424551
1770576774002,231928378673
1770576775002,232063406038
1770576776002,232198012627
1770576777002,232331864762
1770576778002,232467175390
1770576779002,232601708371
1770576780002,232736479754
1770576781002,232869932171
1770576782002,232998873431
1770576783002,233121881477
1770576784002,233236142171
1770576785002,233346108259
1770576786002,233452097978
1770576787002,233557061333
1770576788002,233671602482
1770576789002,233814995914
1770576790002,233951612263
1770576791002,234085999432
1770576792002,234215496537
1770576793002,234333765460
1770576794002,234439626395
1770576795002,234544691617
1770576796002,234647855720
1770576797002,234747636044
1770576798002,234847262620
1770576799002,234944099774
1770576800002,235038445785
1770576801002,235133006151
1770576802002,235227114980
1770576803002,235321015618
1770576804002,235415828120
1770576805002,235509416076
1770576806002,235603734255
1770576807002,235698517765
1770576808002,235792511604
1770576809002,235888820012
1770576810002,235999140835
1770576811002,236139704013
1770576812002,236278068710
1770576813002,236413051519
1770576814002,236541850750
1770576815002,236665086091
1770576816002,236782559179
1770576817002,236895567679
1770576818002,237002970724
1770576819002,237116975193
1770576820002,237259381322
1770576821002,237396437246
1770576822002,237530726880
1770576823002,237656438167
1770576824002,237764616418
1770576825002,237869360230
1770576826002,237974040870
1770576827002,238073550259
1770576828002,238170887473
1770576829002,238265877647
1770576830002,238360172511
1770576831002,238454749356
1770576832002,238549565153
1770576833002,238643787141
1770576834002,238737685460
1770576835002,238832200172
1770576836002,238927027932
1770576837002,239020730329
1770576838002,239114978867
1770576839002,239209017017
1770576840002,239304587390
1770576841002,239399460133
1770576842002,239498312297
1770576843002,239611165158
1770576844002,239731928582
1770576845002,239863644004
1770576846002,239975374003
1770576847002,240085813235
1770576848002,240197180015
1770576849002,240298774237
1770576850002,240400848317
1770576851002,240502087743
1770576852002,240607475779
1770576853002,240723797746
1770576854002,240829315848
1770576855002,240933742705
1770576856002,241037125863
1770576857002,241144217141
1770576858002,241266354463
1770576859002,241399399288
1770576860002,241535185074
1770576861002,241644532023
1770576862002,241755758972
1770576863002,241870692454
1770576864002,241973619254
1770576865002,242074402504
1770576866002,242177051533
1770576867003,242285274340
1770576868002,242397208135
1770576869002,242503426613
1770576870002,242609445934
1770576871002,242717715066
1770576872002,242826737431
1770576873002,242934039220
1770576874002,243043981992
1770576875002,243147598731
1770576876002,243250262531
1770576877002,243355681085
1770576878002,243465863481
1770576879002,243579091767
1770576880002,243700820582
1770576881002,243809633841
1770576882002,243919693862
1770576883002,244031831697
1770576884002,244135892100
1770576885002,244241953657
1770576886002,244337070174
1770576887002,244435983251
1770576888002,244550329638
1770576889002,244648649088
1770576890002,244745069618
1770576891002,244842565950
1770576892002,244940056118
1770576893002,245034698210
1770576894002,245128224398
1770576895002,245221744117
1770576896002,245317347205
1770576897002,245410589215
1770576898002,245504126939
1770576899002,245597305900
1770576900002,245690626462
1770576901002,245785048156
1770576902002,245879599672
1770576903002,245974280765
1770576904002,246068959112
1770576905002,246162077465
1770576906002,246256168960
1770576907002,246349411519
1770576908002,246443195519
1770576909002,246536860807
1770576910002,246629871616
1770576911002,246724349219
1770576912002,246818578042
1770576913002,246912199873
1770576914002,247005859667
1770576915002,247099318840
1770576916002,247193331477
1770576917002,247286176027
1770576918002,247380405583
1770576919002,247474666512
1770576920002,247568405102
1770576921002,247662729263
1770576922002,247757481217
1770576923002,247852205096
1770576924002,247945955710
1770576925002,248039446072
1770576926002,248133330597
1770576927002,248226902013
1770576928002,248320435587
1770576929002,248413653793
1770576930002,248506776235
1770576931002,248600317133
1770576932002,248694948849
1770576933002,248790850276
1770576934002,248891573468
1770576935002,248988417641
1770576936002,249082666240
1770576937002,249175624743
1770576938002,249269157523
1770576939002,249362157529
1770576940002,249455176273
1770576941002,249549940191
1770576942002,249643602365
1770576943002,249737471266
1770576944002,249830924945
1770576945002,249924186303
1770576946002,250018270351
1770576947002,250111972809
1770576948002,250206129795
1770576949002,250300082008
1770576950002,250393193769
1770576951002,250487588059
1770576952002,250581759510
1770576953002,250675819022
1770576954002,250768931027
1770576955002,250862031863
1770576956002,250956084967
1770576957002,251049152722
1770576958002,251142330279
1770576959002,251235477196
1770576960002,251329480984
1770576961002,251423787261
1770576962002,251523828265
1770576963002,251623343574
1770576964002,251720952760
1770576965002,251816794068
1770576966002,251913230466
1770576967002,252009979303
1770576968002,252106040581
1770576969002,252201589591
1770576970002,252296973808
1770576971002,252393790149
1770576972002,252490666000
1770576973002,252586787763
1770576974002,252682450665
1770576975002,252777498395
1770576976002,252873279644
1770576977002,252969033305
1770576978002,253064981851
1770576979002,253161833959
1770576980002,253257444127
1770576981002,253353617221
1770576982002,253449544709
1770576983002,253545309052
1770576984002,253641459990
1770576985002,253736443938
1770576986002,253832146391
1770576987002,253927510283
1770576988002,254022859099
1770576989002,254118452177
1770576990002,254213800993
1770576991002,254309542569
1770576992002,254406282495
1770576993002,254502949850
1770576994002,254599280414
1770576995002,254693990315
1770576996002,254788916403
1770576997002,254889491463
1770576998002,254995784342
1770576999002,255102382397
1770577000002,255208500839
1770577001002,255315371964
1770577002002,255421394032
1770577003002,255528055746
1770577004002,255634467156
1770577005002,255740641261
1770577006002,255847083433
1770577007002,255958482928
1770577008002,256077759356
1770577009002,256190836642
1770577010002,256297493595
1770577011002,256403147805
1770577012002,256510657601
1770577013002,256624005943
1770577014002,256739205660
1770577015002,256847589843
1770577016002,256953719271
1770577017002,257061571107
1770577018002,257176193983
1770577019002,257288264680
1770577020002,257394505558
1770577021002,257503379058
1770577022002,257616534530
1770577023002,257723314225
1770577024002,257833359232
1770577025002,257948237355
1770577026002,258055309835
1770577027002,258163596850
1770577028002,258279464962
1770577029002,258386758816
1770577030002,258494384944
1770577031002,258611309144
1770577032002,258721394678
1770577033002,258828703668
1770577034002,258943188238
1770577035002,259052886627
1770577036002,259160454955
1770577037002,259275461924
1770577038002,259382402141
1770577039002,259492746951
1770577040002,259604409080
1770577041002,259711000299
1770577042002,259826542056
1770577043002,259940815079
1770577044002,260048009751
1770577045002,260159663030
1770577046002,260276489391
1770577047002,260384836098
1770577048002,260492598457
1770577049002,260601944124
1770577050002,260715255662
1770577051002,260826123970
1770577052002,260936119172
1770577053002,261048135792
1770577054002,261157378005
1770577055002,261275093402
1770577056002,261384665204
1770577057002,261495326725
1770577058002,261612611031
1770577059002,261723193817
1770577060002,261831976986
1770577061002,261941223593
1770577062002,262057864103
1770577063002,26977408
1770577064002,137878614
1770577065002,251269864
1770577066002,361919605
1770577067002,473527657
1770577068002,585170865
1770577069002,697885481
1770577070002,804499100
1770577071002,912861737
1770577072002,1023787418
1770577073002,1129190712
1770577074002,1230219323
1770577075002,1331752205
1770577076002,1433953970
1770577077002,1536101353
1770577078002,1637645526
1770577079002,1738647648
1770577080002,1840034413
1770577081003,1942149935
1770577082002,2044933851
1770577083002,2148019159
1770577084002,2250108314
1770577085002,2351522544
1770577086002,2453310675
1770577087002,2555079823
1770577088002,2652716170
1770577089002,2749591288
1770577090002,2846828710
1770577091002,2945496976
1770577092002,3046187453
1770577093002,3144409735
1770577094002,3242599914
1770577095002,3340241937
1770577096002,3438727708
1770577097002,3536670755
1770577098002,3635691254
1770577099002,3734638449
1770577100002,3832903700
1770577101002,3930876228
1770577102002,4029404296
1770577103002,4128781300
1770577104002,4227186749
1770577105002,4324967382
1770577106002,4423614407
1770577107002,4521978902
1770577108002,4620674450
1770577109002,4718917423
1770577110002,4817593257
1770577111002,4916108081
1770577112002,5015327187
1770577113002,5114299468
1770577114002,5212595847
1770577115002,5311570142
1770577116002,5410801639
1770577117002,5509172664
1770577118002,5607812426
1770577119002,5706371316
1770577120002,5804944856
1770577121002,5903848289
1770577122002,6003077893
1770577123002,6102088199
1770577124002,6200273678
1770577125002,6298212086
1770577126002,6397104411
1770577127002,6495128697
1770577128002,6594636438
1770577129002,6695063671
1770577130002,6794208864
1770577131002,6894735034
1770577132002,6994371254
1770577133002,7094562343
1770577134002,7192270833
1770577135002,7289876662
1770577136002,7388755987
1770577137002,7486562621
1770577138002,7585044669
1770577139002,7682925216
1770577140002,7781155800
1770577141002,7879850738
1770577142002,7979099080
1770577143002,8080336247
1770577144002,8180145074
1770577145002,8278899887
1770577146002,8379156588
1770577147002,8478541039
1770577148002,8577859876
1770577149002,8676272283
1770577150002,8775549128
1770577151003,8876021405
1770577152002,8976368072
1770577153002,9077110307
1770577154002,9177395206
1770577155002,9276783990
1770577156002,9376425947
1770577157002,9476219576
1770577158002,9576416524
1770577159002,9677379827
1770577160002,9777396112
1770577161002,9877925762
1770577162002,9979282680
1770577163002,10079096756
1770577164002,10180009278
1770577165002,10279159842
1770577166002,10379244913
1770577167002,10483472673
1770577168002,10585586914
1770577169002,10687681623
1770577170002,10793679582
1770577171003,10899953419
1770577172002,11007539386
1770577173002,11113686148
1770577174002,11214279030
1770577175002,11306696335
1770577176002,11400752186
1770577177002,11501996860
1770577178002,11604652970
1770577179002,11708397028
1770577180002,11811935459
1770577181002,11914911880
1770577182002,12017626888
1770577183002,12119383525
1770577184002,12221085596
1770577185002,12325108645
1770577186002,12428953228
1770577187002,12535314650
1770577188002,12649649440
1770577189002,12765475010
1770577190002,12871368355
1770577191002,12975344407
1770577192002,13080899496
1770577193002,13187570121
1770577194002,13304046874
1770577195002,13417130080
1770577196002,13521974783
1770577197002,13624410189
1770577198002,13729739082
1770577199002,13843040428
1770577200002,13953955732
1770577201002,14057797202
1770577202002,14163622066
1770577203002,14277521188
1770577204002,14382874007
1770577205002,14487211142
1770577206002,14600821447
1770577207002,14709909241
1770577208002,14815066748
1770577209002,14924484132
1770577210002,15035397727
1770577211002,15141190120
1770577212002,15249840110
1770577213002,15366446867
1770577214002,15475032832
1770577215002,15579781404
1770577216002,15692164722
1770577217002,15801241836
1770577218002,15903977779
1770577219002,16013922749
1770577220002,16120630484
1770577221002,16226137477
1770577222002,16339626444
1770577223002,16445938306
1770577224002,16553651897
1770577225002,16669578968
1770577226002,16781098519
1770577227002,16886099959
1770577228002,16996480902
1770577229002,17111587114
1770577230002,17218830004
1770577231002,17321473784
1770577232002,17428592406
1770577233002,17533234777
1770577234002,17648144029
1770577235002,17754201802
1770577236002,17867686253
1770577237002,17974213141
1770577238002,18085662074
1770577239002,18201413853
1770577240002,18307933844
1770577241002,18417779632
1770577242002,18533324258
1770577243002,18645896785
1770577244002,18749609349
1770577245002,18856151252
1770577246002,18970455158
1770577247002,19085123139
1770577248002,19190145941
1770577249002,19306384413
1770577250002,19411743945
1770577251002,19521589428
1770577252002,19632255710
1770577253002,19745360279
1770577254002,19852920001
1770577255002,19958286858
1770577256002,20065032312
1770577257002,20174975695
1770577258002,20278270170
1770577259002,20378735061
1770577260002,20479674744
1770577261002,20579249318
1770577262002,20680683202
1770577263002,20782798785
1770577264002,20883660649
1770577265002,20983743156
1770577266002,21084957130
1770577267002,21184005400
1770577268002,21282709310
1770577269002,21380698622
1770577270002,21478918463
1770577271002,21577335020
1770577272002,21676759692
1770577273002,21775680521
1770577274002,21874014925
1770577275002,21972132655
1770577276002,22070835466
1770577277002,22175256341
1770577278002,22276390665
1770577279002,22375777556
1770577280002,22475833941
1770577281002,22575465827
1770577282002,22674764706
1770577283002,22776340557
1770577284002,22875160067
1770577285002,22973364039
1770577286002,23072416459
1770577287002,23176349726
1770577288002,23309631916
1770577289002,23446230932
1770577290002,23583376638
1770577291002,23718446543
1770577292002,23853400299
1770577293002,23987891410
1770577294002,24123145947
1770577295002,24257893771
1770577296002,24392513360
1770577297002,24527598525
1770577298002,24662060461
1770577299002,24796860286
1770577300002,24931943986
1770577301002,25066489723
1770577302003,25201696591
1770577303002,25335760091
1770577304002,25471004923
1770577305002,25605719666
1770577306002,25740800497
1770577307002,25875644390
1770577308002,26010686098
1770577309002,26145520652
1770577310002,26280280744
1770577311002,26415217594
1770577312002,26550245141
1770577313002,26685038619
1770577314002,26819910710
1770577315002,26954985377
1770577316002,27089954819
1770577317002,27224859625
1770577318002,27359672940
1770577319002,27494727159
1770577320002,27629477058
1770577321002,27764310698
1770577322002,27899364490
1770577323002,28033795481
1770577324002,28169049652
1770577325002,28304019521
1770577326002,28438866832
1770577327002,28573438265
1770577328002,28708463066
1770577329002,28843406263
1770577330002,28978509494
1770577331002,29113283990
1770577332002,29248221999
1770577333002,29383096776
1770577334002,29518100336
1770577335002,29652789445
1770577336002,29787680457
1770577337002,29922784054
1770577338002,30057656572
1770577339002,30192594337
1770577340002,30327520933
1770577341002,30462205280
1770577342002,30597066202
1770577343002,30731885254
1770577344002,30866983358
1770577345002,31001943339
1770577346002,31136814027
1770577347002,31271653586
1770577348002,31406562909
1770577349002,31541602786
1770577350002,31676311364
1770577351004,31811292647
1770577352002,31946304447
1770577353002,32080809718
1770577354002,32216084457
1770577355002,32350960089
1770577356002,32485767483
1770577357002,32620740404
1770577358002,32755737556
1770577359002,32890548307
1770577360002,33025452075
1770577361002,33160103403
1770577362002,33295224517
1770577363002,33430198964
1770577364002,33565147776
1770577365002,33699719636
1770577366002,33834901358
1770577367002,33969706067
1770577368002,34104315890
1770577369002,34239563103
1770577370002,34374377760
1770577371002,34509289524
1770577372002,34644252558
1770577373002,34779027847
1770577374002,34914023534
1770577375002,35048887996
1770577376002,35183942216
1770577377002,35318796363
1770577378002,35453615415
1770577379002,35588463153
1770577380002,35723102823
1770577381002,35858310424
1770577382002,35993016744
1770577383002,36127958781
1770577384002,36262917725
1770577385002,36397818625
1770577386002,36532752667
1770577387002,36667664370
1770577388002,36802699180
1770577389002,36937570173
1770577390002,37072548282
1770577391002,37207339868
1770577392002,37342173568
1770577393002,37477175237
1770577394002,37611971889
1770577395002,37746819810
1770577396002,37881508797
1770577397002,38016387602
1770577398002,38149705437
1770577399002,38281423422
1770577400002,38414467942
1770577401002,38549586798
1770577402002,38684976771
1770577403002,38819794908
1770577404002,38954439460
1770577405002,39089674588
1770577406002,39224543566
1770577407002,39359270638
1770577408002,39494233916
1770577409002,39628909230
1770577410002,39764038889
1770577411002,39898780671
1770577412002,40033725333
1770577413002,40168461377
1770577414002,40303669771
1770577415002,40438627616
1770577416002,40573422437
1770577417002,40708297947
1770577418002,40843297906
1770577419002,40978021988
1770577420002,41113045568
1770577421002,41247986506
1770577422002,41382747941
1770577423002,41517777076
1770577424002,41652678525
1770577425002,41787334735
1770577426002,41922368691
1770577427002,42057236998
1770577428002,42191714986
1770577429002,42327095438
1770577430002,42461825623
1770577431002,42596846701
1770577432002,42731661236
1770577433002,42866308841
1770577434002,43001402306
1770577435002,43136477277
1770577436002,43271339481
1770577437002,43405827113
1770577438002,43540997970
1770577439002,43676030523
1770577440002,43810973903
1770577441002,43945820481
1770577442002,44080657172
1770577443002,44215704129
1770577444002,44350655321
1770577445003,44485393929
1770577446002,44620383452
1770577447003,44755189320
1770577448002,44890347360
1770577449002,45025167572
1770577450002,45159950064
1770577451002,45294844311
1770577452002,45429907991
1770577453002,45564498405
1770577454002,45699590345
1770577455002,45834412570
1770577456002,45969428826
1770577457002,46104256545
1770577458002,46238969640
1770577459002,46374026545
1770577460002,46508913895
1770577461002,46643931616
1770577462002,46778607785
1770577463002,46913526141
1770577464002,47048265359
1770577465002,47183418211
1770577466002,47318371662
1770577467002,47453114908
1770577468002,47588035034
1770577469002,47722899435
1770577470002,47857660687
1770577471002,47992670168
1770577472002,48127747337
1770577473002,48262281904
1770577474002,48397176273
1770577475002,48532382836
1770577476002,48667311019
1770577477002,48802180791
1770577478002,48936825710
1770577479002,49071900071
1770577480002,49206859259
1770577481002,49341690274
1770577482002,49476424792
1770577483002,49611672737
1770577484002,49746566374
1770577485002,49881284901
1770577486002,50016166208
1770577487002,50151245147
1770577488002,50285820303
1770577489002,50421054515
1770577490002,50555813692
1770577491002,50690697074
1770577492002,50825692273
1770577493002,50960283664
1770577494002,51095348260
1770577495002,51230497755
1770577496002,51365393467
1770577497002,51500075251
1770577498002,51634746965
1770577499002,51769972937
1770577500002,51904796749
1770577501002,52039546710
1770577502002,52174715553
1770577503002,52309551756
1770577504002,52444494037
1770577505002,52579186991
1770577506002,52714100464
1770577507002,52849003439
1770577508002,52984029033
1770577509002,53118565493
1770577510002,53253717185
1770577511002,53388645978
1770577512002,53523639041
1770577513002,53658469811
1770577514002,53793459151
1770577515002,53928283329
1770577516002,54063271082
1770577517002,54197965378
1770577518002,54332966925
1770577519002,54467880215
1770577520002,54602725695
1770577521002,54737691719
1770577522002,54872528654
1770577523002,55007330616
1770577524002,55142183725
1770577525002,55277233550
1770577526002,55412057851
1770577527002,55547064586
1770577528002,55681842866
1770577529002,55816763908
1770577530002,55951556409
1770577531002,56086522983
1770577532002,56221392022
1770577533002,56356147536
1770577534002,56491353916
1770577535002,56626171931
1770577536002,56760922074
1770577537002,56895922766
1770577538002,57030614194
1770577539002,57165274188
1770577540002,57300430581
1770577541002,57435325926
1770577542002,57570476032
1770577543002,57705219400
1770577544002,57839542238
1770577545002,57974820517
1770577546002,58109930705
1770577547002,58244840394
1770577548002,58379736838
1770577549002,58514632001
1770577550002,58649577456
1770577551002,58784286584
1770577552002,58919364058
1770577553002,59053877447
1770577554002,59189036830
1770577555002,59323915330
1770577556002,59458990912
1770577557002,59593453336
1770577558002,59728564928
1770577559002,59863633858
1770577560002,59998301421
1770577561002,60133299061
1770577562002,60268046458
1770577563002,60403135772
1770577564002,60538117849
1770577565002,60672958019
1770577566002,60807634432
1770577567002,60942740287
1770577568002,61077659741
1770577569002,61212342624
1770577570002,61347432305
1770577571002,61482215102
1770577572002,61617193211
1770577573002,61752209406
1770577574002,61887013138
1770577575002,62021877844
1770577576002,62156815121
1770577577002,62291708391
1770577578002,62426498268
1770577579002,62561634885
1770577580002,62696481830
1770577581002,62831481912
1770577582002,62966217285
1770577583002,63101377278
1770577584002,63236143901
1770577585002,63370851747
1770577586002,63505870627
1770577587002,63638584826
1770577588002,63770800796
1770577589002,63906344944
1770577590002,64041410821
1770577591002,64176243911
1770577592002,64311068212
1770577593002,64446121089
1770577594002,64580969376
1770577595002,64715889258
1770577596002,64850887264
1770577597002,64985593341
1770577598002,65120581642
1770577599002,65255289000
1770577600002,65390248677
1770577601002,65525410928
1770577602002,65660377807
1770577603002,65795187154
1770577604002,65930237101
1770577605002,66064778139
1770577606002,66199941184
1770577607002,66334802106
1770577608002,66469117009
1770577609002,66604482690
1770577610002,66739507552
1770577611002,66874314030
1770577612002,67009152369
1770577613002,67144157822
1770577614002,67278958502
1770577615002,67413797329
1770577616002,67548757677
1770577617002,67683834663
1770577618002,67818651273
1770577619002,67953463550
1770577620002,68088291880
1770577621002,68223235382
1770577622002,68358133413
1770577623002,68493082713
1770577624002,68627920015
1770577625002,68762843009
1770577626002,68897797864
1770577627002,69032722506
1770577628002,69167523919
1770577629002,69302173293
1770577630002,69437355015
1770577631002,69572176081
1770577632002,69706985306
1770577633002,69841944617
1770577634002,69976927914
1770577635002,70111767290
1770577636002,70246608742
1770577637002,70381406493
1770577638002,70516480304
1770577639002,70651382486
1770577640002,70786286743
1770577641002,70920582541
1770577642002,71055545270
1770577643002,71190388003
1770577644002,71325436913
1770577645002,71460202315
1770577646002,71595271732
1770577647002,71729489956
1770577648002,71865006882
1770577649002,71999714361
1770577650002,72134579678
1770577651002,72269569200
1770577652002,72404506660
1770577653002,72539246916
1770577654002,72674234912
1770577655002,72809140634
1770577656002,72943776459
1770577657002,73078903493
1770577658002,73213786876
1770577659002,73348567903
1770577660002,73483549003
1770577661002,73618490796
1770577662002,73753245761
1770577663002,73888274529
1770577664002,74023122328
1770577665002,74158083287
1770577666002,74293016352
1770577667002,74427836869
1770577668002,74562565772
1770577669002,74697746700
1770577670002,74832452898
1770577671002,74964704879
1770577672002,75099081549
1770577673002,75233223112
1770577674002,75367421255
1770577675002,75501780652
1770577676002,75635557593
1770577677002,75770000608
1770577678002,75903192833
1770577679002,76038067060
1770577680002,76173139163
1770577681002,76307526392
1770577682002,76441142261
1770577683002,76576786140
1770577684002,76711384489
1770577685002,76846482044
1770577686002,76979824171
1770577687002,77114459019
1770577688002,77249513178
1770577689002,77384372330
1770577690002,77519209448
1770577691002,77654107601
1770577692002,77788967912
1770577693002,77923760536
1770577694002,78058600523
1770577695002,78193391438
1770577696002,78328337503
1770577697002,78461879764
1770577698002,78597546897
1770577699002,78732248090
1770577700002,78866873722
1770577701002,79001973352
1770577702002,79135416126
1770577703002,79271262946
1770577704002,79403376011
1770577705002,79537770625
1770577706002,79673375564
1770577707002,79808180089
1770577708002,79943060054
1770577709002,80078023454
1770577710002,80212597877
1770577711002,80347667295
1770577712002,80482356098
1770577713002,80617518960
1770577714002,80752271667
1770577715002,80887248921
1770577716002,81022075725
1770577717002,81156920594
1770577718002,81291918662
1770577719002,81426106062
1770577720002,81560964726
1770577721002,81695859949
1770577722002,81830780747
1770577723002,81965449164
1770577724002,82099882230
1770577725002,82234988147
1770577726002,82368769665
1770577727002,82503784273
1770577728002,82638821464
1770577729002,82773195998
1770577730002,82906521767
1770577731002,83041041503
1770577732002,83176321858
1770577733002,83311097147
1770577734002,83445921936
1770577735002,83580615195
1770577736002,83712619984
1770577737002,83844798540
1770577738002,83977553083
1770577739002,84109411754
1770577740002,84241792641
1770577741002,84378187799
1770577742002,84513056778
1770577743002,84647956335
1770577744002,84781366821
1770577745002,84916482442
1770577746002,85051149028
1770577747002,85186295899
1770577748002,85320369530
1770577749002,85454521165
1770577750002,85589794256
1770577751002,85724657802
1770577752002,85859267016
1770577753002,85992956432
1770577754002,86127975312
1770577755002,86263158987
1770577756002,86397701489
1770577757002,86532580111
1770577758002,86667359124
1770577759002,86801669571
1770577760002,86936275184
1770577761002,87071297848
1770577762002,87206264056
1770577763002,87341254555
1770577764002,87476021605
1770577765002,87610850361
1770577766002,87745886148
1770577767002,87880355164
1770577768002,88015255210
1770577769002,88149766340
1770577770002,88284654972
1770577771002,88417637541
1770577772002,88550780206
1770577773002,88684759172
1770577774002,88818607401
1770577775002,88951401800
1770577776002,89081602333
1770577777002,89209387223
1770577778002,89336945369
1770577779002,89463682105
1770577780002,89596832704
1770577781002,89733392901
1770577782002,89868123452
1770577783002,90002642395
1770577784002,90137610738
1770577785002,90272648479
1770577786002,90407499879
1770577787002,90542419150
1770577788002,90676735457
1770577789002,90811585942
1770577790002,90946780237
1770577791002,91081576645
1770577792002,91216183844
1770577793002,91350472196
1770577794002,91485419483
1770577795002,91620401132
1770577796002,91755261932
1770577797002,91890338429
1770577798002,92025129222
1770577799002,92160050812
1770577800002,92294868094
1770577801002,92429613049
1770577802002,92564632968
1770577803002,92698067135
1770577804002,92831741659
1770577805002,92966954569
1770577806002,93101811890
1770577807002,93235964196
1770577808002,93369748948
1770577809002,93505461797
1770577810002,93640105617
1770577811002,93775216111
1770577812002,93910031440
1770577813002,94044912503
1770577814002,94179951342
1770577815002,94314462900
1770577816002,94449543059
1770577817002,94584368764
1770577818002,94719061107
1770577819002,94854009736
1770577820002,94988805534
1770577821002,95123739820
1770577822002,95258646701
1770577823002,95393369195
1770577824002,95528091629
1770577825002,95663110692
1770577826002,95797468564
1770577827002,95931318319
1770577828002,96065812725
1770577829002,96201079164
1770577830002,96335574120
1770577831002,96469453415
1770577832002,96600922134
1770577833002,96734374368
1770577834002,96868247927
1770577835002,97001632412
1770577836002,97134850699
1770577837002,97266066122
1770577838002,97402256997
1770577839002,97535170719
1770577840002,97664837318
1770577841002,97794943675
1770577842002,97926274027
1770577843002,98061777098
1770577844002,98197218402
1770577845002,98329680404
1770577846002,98461374281
1770577847002,98591709274
1770577848002,98723595350
1770577849002,98854452864
1770577850002,98984908829
1770577851002,99116229294
1770577852002,99247221512
1770577853002,99381416725
1770577854002,99517080684
1770577855002,99651874834
1770577856002,99786037943
1770577857002,99920325929
1770577858002,100053684718
1770577859002,100188952622
1770577860002,100323416999
1770577861002,100458596279
1770577862002,100592690480
1770577863002,100728093331
1770577864002,100862709014
1770577865002,100997682790
1770577866002,101132486827
1770577867002,101267309175
1770577868002,101402515494
1770577869002,101536505019
1770577870002,101671402440
1770577871002,101806156611
1770577872002,101940994096
1770577873002,102074302531
1770577874002,102206803657
1770577875002,102339150120
1770577876002,102474416253
1770577877002,102608906998
1770577878002,102743179786
1770577879002,102878464657
1770577880002,103012977313
1770577881002,103146311811
1770577882002,103278045177
1770577883002,103412029026
1770577884002,103547782463
1770577885002,103681821609
1770577886002,103814760234
1770577887002,103947022041
1770577888002,104082611904
1770577889002,104217504015
1770577890002,104352551460
1770577891002,104486930999
1770577892002,104621775929
1770577893002,104756910715
1770577894002,104891829315
1770577895002,105026486380
1770577896002,105161411511
1770577897002,105296519014
1770577898002,105430659601
1770577899002,105566090650
1770577900002,105698593241
1770577901002,105830812202
1770577902002,105965483793
1770577903002,106100141163
1770577904002,106234196240
1770577905002,106368973117
1770577906002,106503615655
1770577907002,106638568313
1770577908002,106773035193
1770577909002,106908146602
1770577910002,107043060807
1770577911002,107177521279
1770577912002,107312343077
1770577913002,107447315144
1770577914002,107581720317
1770577915002,107716563234
1770577916002,107851419090
1770577917002,107985731490
1770577918002,108120890140
1770577919002,108255947046
1770577920002,108390781600
1770577921002,108524982368
1770577922002,108659128875
1770577923002,108793803274
1770577924002,108926964005
1770577925002,109061986059
1770577926002,109196498044
1770577927002,109331932023
1770577928002,109466803992
1770577929002,109601689450
1770577930002,109735888814
1770577931002,109870333294
1770577932002,110001400524
1770577933002,110135312657
1770577934002,110269270932
1770577935002,110404935136
1770577936002,110539994299
1770577937002,110674868466
1770577938002,110809278156
1770577939002,110944535134
1770577940002,111079462706
1770577941002,111214345295
1770577942002,111349229898
1770577943002,111483836365
1770577944002,111618965292
1770577945002,111753672528
1770577946002,111888094242
1770577947002,112023293602
1770577948002,112158271956
1770577949002,112293132694
1770577950002,112427589626
1770577951002,112560765249
1770577952002,112689815395
1770577953002,112821509699
1770577954002,112958601206
1770577955002,113092603243
1770577956002,113227382195
1770577957002,113361477005
1770577958002,113494773295
1770577959002,113629995422
1770577960002,113765249958
1770577961002,113898510115
1770577962002,114029308120
1770577963002,114162125773
1770577964002,114295290777
1770577965002,114431125024
1770577966002,114566135665
1770577967002,114699598763
1770577968002,114833014559
1770577969003,114966424068
1770577970002,115098321680
1770577971002,115234565228
1770577972002,115365302869
1770577973002,115496201277
1770577974002,115629529427
1770577975002,115762524386
1770577976002,115895705198
1770577977002,116031796524
1770577978002,116166561011
1770577979002,116300439208
1770577980002,116435691608
1770577981002,116569826275
1770577982002,116701208934
1770577983002,116834699132
1770577984002,116967635315
1770577985002,117098127046
1770577986005,117230097290
1770577987002,117362652126
1770577988002,117493417416
1770577989002,117622890168
1770577990002,117755959652
1770577991002,117889688497
1770577992002,118023427900
1770577993002,118157517950
1770577994002,118289186863
1770577995002,118417663280
1770577996002,118546245165
1770577997002,118675321983
1770577998002,118811149944
1770577999002,118946951354
1770578000002,119081797566
1770578001002,119216739726
1770578002002,119349713873
1770578003002,119482066744
1770578004002,119616020137
1770578005002,119750390093
1770578006002,119885872717
1770578007002,120020535459
1770578008002,120155239765
1770578009002,120288506879
1770578010002,120422424261
1770578011002,120555832062
1770578012002,120687758421
1770578013002,120821382652
1770578014002,120956828960
1770578015002,121090099615
1770578016002,121221705235
1770578017002,121355654721
1770578018002,121489966633
1770578019002,121624610820
1770578020002,121757899419
1770578021002,121879644652
1770578022002,121998188050
1770578023002,122133280355
1770578024002,122268893838
1770578025002,122404804013
1770578026002,122538750570
1770578027002,122673357525
1770578028002,122808618531
1770578029002,122943418479
1770578030002,123078325482
1770578031002,123212608219
1770578032002,123346970913
1770578033002,123481563769
1770578034002,123616895454
1770578035002,123751599821
1770578036002,123885630361
1770578037002,124019914746
1770578038002,124154808383
1770578039002,124289901970
1770578040002,124423403948
1770578041002,124540194542
1770578042002,124669640439
1770578043002,124805825943
1770578044002,124940900182
1770578045002,125075904109
1770578046002,125210086138
1770578047002,125344827065
1770578048002,125478026797
1770578049002,125602138174
1770578050002,125734141193
1770578051002,125866938949
1770578052002,125997382585
1770578053002,126128727280
1770578054002,126262405222
1770578055002,126395531590
1770578056002,126531562552
1770578057002,126666430005
1770578058002,126801297458
1770578059002,126936247430
1770578060002,127070491043
1770578061002,127205173316
1770578062002,127340054074
1770578063002,127474694110
1770578064002,127609708779
1770578065002,127744616820
1770578066002,127878998251
1770578067002,128013519452
1770578068002,128148224429
1770578069002,128283239343
1770578070002,128417714828
1770578071002,128552657171
1770578072002,128687603969
1770578073002,128822556382
1770578074002,128957501777
1770578075002,129090940400
1770578076002,129226015494
1770578077002,129360956921
1770578078002,129495037266
1770578079002,129630029230
1770578080002,129764786880
1770578081002,129899723180
1770578082002,130034788936
1770578083002,130169598893
1770578084002,130304019326
1770578085002,130439084043
1770578086002,130574128009
1770578087002,130696786326
1770578088002,130830236790
1770578089002,130967990526
1770578090002,131102834602
1770578091002,131236548921
1770578092002,131371403373
1770578093002,131506372815
1770578094002,131641281832
1770578095002,131774856930
1770578096002,131906654627
1770578097002,132036717771
1770578098002,132166641999
1770578099002,132299824275
1770578100002,132434299150
1770578101002,132569983312
1770578102002,132703895018
1770578103002,132837178246
1770578104002,132971394333
1770578105002,133106669316
1770578106002,133241651332
1770578107002,133374775869
1770578108002,133509367321
1770578109002,133642060768
1770578110002,133776854918
1770578111002,133909892724
1770578112002,134042832752
1770578113002,134178489693
1770578114002,134311108066
1770578115002,134443611084
1770578116002,134579532001
1770578117002,134712287520
1770578118002,134846294563
1770578119002,134980351287
1770578120002,135115938343
1770578121002,135249940075
1770578122002,135385120759
1770578123002,135519445305
1770578124002,135652043171
1770578125002,135785888043
1770578126002,135920437076
1770578127002,136051683750
1770578128003,136185019773
1770578129002,136320450945
1770578130002,136455433632
1770578131002,136590524167
1770578132002,136725426959
1770578133002,136859645671
1770578134002,136991482308
1770578135003,137124932284
1770578136002,137259540765
1770578137002,137393029559
1770578138002,137526883220
1770578139002,137660231756
1770578140002,137794432767
1770578141002,137928530385
1770578142002,138062348402
1770578143002,138196885106
1770578144002,138330441710
1770578145002,138464051842
1770578146002,138597982895
1770578147002,138730887951
1770578148002,138863484474
1770578149002,138996904848
1770578150002,139129584806
1770578151002,139263429739
1770578152002,139397640455
1770578153002,139531122840
1770578154002,139665603697
1770578155002,139800804584
1770578156002,139935663614
1770578157002,140070231385
1770578158002,140203701807
1770578159002,140337348560
1770578160002,140468726031
1770578161002,140600326341
1770578162002,140731010760
1770578163002,140859742242
1770578164002,140990243251
1770578165002,141118760805
1770578166002,141243145374
1770578167002,141370089751
1770578168002,141493420124
1770578169002,141618670658
1770578170002,141742562919
1770578171004,141866593851
1770578172002,141987003272
1770578173002,142106947545
1770578174002,142227919159
1770578175002,142349159755
1770578176002,142471526751
1770578177002,142596878847
1770578178002,142728927581
1770578179002,142865301927
1770578180002,143000221198
1770578181002,143135490139
1770578182002,143270216296
1770578183002,143405324775
1770578184002,143540108427
1770578185002,143675000477
1770578186002,143809880564
1770578187002,143944788177
1770578188002,144079647268
1770578189002,144214496898
1770578190002,144349257784
1770578191002,144484344291
1770578192002,144619248853
1770578193002,144754157138
1770578194002,144889062066
1770578195002,145023970900
1770578196003,145158327734
1770578197002,145293666987
1770578198002,145428341752
1770578199002,145563353675
1770578200002,145698278683
1770578201002,145833222613
1770578202002,145967616068
1770578203002,146102871520
1770578204002,146237733662
1770578205002,146372633891
1770578206002,146507307130
1770578207002,146642411642
1770578208002,146777267498
1770578209002,146912266054
1770578210002,147047120994
1770578211002,147181894453
1770578212002,147316963138
1770578213002,147451544947
1770578214002,147586684677
1770578215002,147721317267
1770578216002,147856362636
1770578217002,147991194566
1770578218002,148126329291
1770578219002,148261212247
1770578220002,148395937244
1770578221002,148530444895
1770578222002,148665187836
1770578223002,148800003043
1770578224002,148935110424
1770578225002,149069449252
1770578226002,149204559502
1770578227002,149339404677
1770578228002,149473725744
1770578229002,149607985532
1770578230002,149742404805
1770578231002,149877405009
1770578232002,150009713874
1770578233002,150144982327
1770578234002,150280315720
1770578235002,150415075995
1770578236002,150549937894
1770578237002,150684523792
1770578238002,150819511300
1770578239002,150954520598
1770578240002,151088980337
1770578241002,151223919079
1770578242002,151358895601
1770578243002,151494004874
1770578244002,151628314772
1770578245002,151763880038
1770578246002,151898658562
1770578247002,152033586806
1770578248002,152167998693
1770578249002,152303255305
1770578250002,152438120316
1770578251002,152573056799
1770578252002,152707932125
1770578253002,152842653887
1770578254002,152977548378
1770578255002,153112377257
1770578256002,153247403400
1770578257002,153382311991
1770578258002,153516825867
1770578259002,153651961996
1770578260002,153786472577
1770578261002,153921341739
1770578262002,154056431786
1770578263002,154191315413
1770578264002,154326148991
1770578265002,154460973536
1770578266002,154595997360
1770578267002,154730862066
1770578268002,154865780605
1770578269002,155000831712
1770578270002,155134350413
1770578271002,155269868804
1770578272002,155404669118
1770578273002,155539282543
1770578274002,155674429170
1770578275002,155809241019
1770578276002,155944235913
1770578277002,156079027011
1770578278002,156214003411
1770578279002,156348925307
1770578280002,156483740208
1770578281002,156618732599
1770578282002,156753157182
1770578283002,156888159095
1770578284002,157023012998
1770578285002,157158166887
1770578286002,157292938088
1770578287002,157427976072
1770578288002,157562744038
1770578289002,157697789346
1770578290002,157831683657
1770578291002,157964614042
1770578292002,158099242420
1770578293002,158232263503
1770578294002,158365380289
1770578295002,158501131162
1770578296002,158635983051
1770578297002,158770692972
1770578298002,158905774474
1770578299002,159040755818
1770578300002,159175622965
1770578301002,159310477112
1770578302002,159445161704
1770578303002,159580315838
1770578304002,159715009402
1770578305002,159849911034
1770578306002,159985051435
1770578307002,160119803410
1770578308002,160254723047
1770578309002,160389561142
1770578310002,160524095710
1770578311002,160659284267
1770578312002,160794110826
1770578313002,160929057747
1770578314002,161063865751
1770578315002,161198946826
1770578316002,161333801400
1770578317002,161468234589
1770578318002,161603461110
1770578319002,161738104015
1770578320002,161872819186
1770578321002,162007334466
1770578322002,162142556532
1770578323002,162277491245
1770578324002,162411974422
1770578325002,162544490928
1770578326002,162676386831
1770578327002,162808032184
1770578328015,162945406161
1770578329002,163079015866
1770578330002,163213976397
1770578331002,163348817726
1770578332002,163483818540
1770578333002,163618303548
1770578334002,163753263102
1770578335002,163885896674
1770578336002,164017340063
1770578337002,164151032653
1770578338002,164285383078
1770578339002,164420806010
1770578340002,164555808777
1770578341002,164690770529
1770578342002,164825637005
1770578343002,164960380312
1770578344002,165095475120
1770578345002,165229992842
1770578346002,165363962592
1770578347002,165498813077
1770578348002,165633449512
1770578349002,165767621593
1770578350002,165902777985
1770578351002,166037434257
1770578352002,166172352490
1770578353002,166307266085
1770578354002,166441950006
1770578355002,166576838088
1770578356002,166711885716
1770578357002,166846478084
1770578358002,166981437272
1770578359002,167116282813
1770578360002,167251403317
1770578361002,167386164263
1770578362002,167521172157
1770578363002,167656027159
1770578364002,167790583333
1770578365002,167925769754
1770578366002,168060643555
1770578367002,168195509420
1770578368002,168330445232
1770578369002,168465437379
1770578370002,168600096031
1770578371002,168734994123
1770578372002,168869935367
1770578373002,169004871728
1770578374002,169139479599
1770578375002,169274622503
1770578376002,169409332607
1770578377002,169543068165
1770578378002,169677189526
1770578379002,169811398045
1770578380002,169943720338
1770578381002,170077278651
1770578382002,170212308518
1770578383002,170344811657
1770578384002,170478093421
1770578385002,170612121581
1770578386003,170748017840
1770578387002,170882753701
1770578388002,171017795164
1770578389002,171152610493
1770578390002,171287615701
1770578391002,171422483825
1770578392002,171557274069
1770578393002,171692055828
1770578394002,171826920839
1770578395002,171961721092
1770578396002,172096434493
1770578397002,172231799808
1770578398002,172366565149
1770578399002,172501457626
1770578400002,172636296026
1770578401002,172771225795
1770578402002,172906079942
1770578403002,173040977179
1770578404002,173175812467
1770578405002,173310702441
1770578406002,173445491647
1770578407002,173580356841
1770578408002,173715352894
1770578409002,173849891307
1770578410002,173985123749
1770578411002,174120020316
1770578412002,174254899304
1770578413002,174389668612
1770578414002,174524716972
1770578415002,174659638502
1770578416002,174794529819
1770578417002,174929238764
1770578418002,175064084122
1770578419002,175198975378
1770578420002,175334144283
1770578421002,175468834306
1770578422002,175603853797
1770578423002,175738625730
1770578424002,175873308063
1770578425002,176008382547
1770578426002,176143127258
1770578427002,176278189229
1770578428002,176413025188
1770578429002,176547827333
1770578430002,176682977255
1770578431002,176817867962
1770578432002,176952568362
1770578433002,177087532616
1770578434002,177222562910
1770578435002,177357451725
1770578436002,177492207972
1770578437002,177627295700
1770578438002,177761988287
1770578439002,177896922451
1770578440002,178031883897
1770578441002,178166617561
1770578442002,178301662870
1770578443002,178436406482
1770578444002,178571476815
1770578445002,178706271148
1770578446002,178841264027
1770578447002,178976077647
1770578448002,179110851533
1770578449002,179245777579
1770578450002,179380608472
1770578451002,179515376010
1770578452002,179650352471
1770578453002,179785441603
1770578454002,179920251622
1770578455002,180055099604
1770578456002,180189924882
1770578457002,180324554847
1770578458002,180459846310
1770578459002,180594499590
1770578460002,180729499184
1770578461002,180864158995
1770578462002,180999069356
1770578463002,181133888285
1770578464002,181269014404
1770578465002,181403841391
1770578466002,181538560833
1770578467002,181673614687
1770578468002,181808565391
1770578469002,181943360822
1770578470002,182078113834
1770578471002,182213265832
1770578472002,182348091537
1770578473002,182482910711
1770578474002,182617943446
1770578475002,182752786607
1770578476002,182887699225
1770578477002,183022551663
1770578478002,183157434680
1770578479002,183292354561
1770578480002,183427306181
1770578481002,183562098866
1770578482003,183695897474
1770578483002,183831303499
1770578484002,183966171745
1770578485002,184101119276
1770578486002,184236042148
1770578487002,184370916986
1770578488002,184505772781
1770578489002,184640629857
1770578490002,184775590938
1770578491002,184910296770
1770578492002,185045311378
1770578493002,185180142636
1770578494002,185315214983
1770578495002,185449691690
1770578496002,185584808776
1770578497002,185719526693
1770578498002,185854423808
1770578499002,185989313111
1770578500002,186124254660
1770578501002,186258751875
1770578502002,186393622501
1770578503002,186528557092
1770578504002,186663515365
1770578505002,186797421089
1770578506002,186929985447
1770578507002,187064782099
1770578508002,187200075454
1770578509002,187334779393
1770578510002,187469463680
1770578511002,187604106280
1770578512002,187738445963
1770578513002,187870604071
1770578514002,188003201327
1770578515002,188134853517
1770578516002,188267059844
1770578517002,188400212091
1770578518002,188535218215
1770578519002,188669948949
1770578520002,188804813594
1770578521002,188939851212
1770578522002,189074466895
1770578523002,189208671447
1770578524002,189340426664
1770578525002,189472917780
1770578526002,189604077112
1770578527002,189735995292
1770578528002,189868776752
1770578529002,190004701452
1770578530002,190139432797
1770578531002,190274646013
1770578532002,190408985696
1770578533002,190543278321
1770578534002,190678260519
1770578535002,190812759870
1770578536002,190947773257
1770578537002,191082788048
1770578538002,191217371993
1770578539002,191352304509
1770578540002,191487055079
1770578541002,191620903125
1770578542002,191753267411
1770578543002,191885569379
1770578544002,192017026806
1770578545002,192148317913
1770578546002,192282925967
1770578547002,192418838461
1770578548002,192553810222
1770578549002,192688718080
1770578550002,192823524620
1770578551002,192958430829
1770578552002,193093468203
1770578553002,193228193017
1770578554002,193363078719
1770578555002,193498064580
1770578556002,193632853419
1770578557002,193767563157
1770578558002,193902646125
1770578559002,194037346707
1770578560002,194172351855
1770578561002,194307175973
1770578562002,194441748626
1770578563002,194576720449
1770578564002,194711745921
1770578565002,194846103060
1770578566002,194981048698
1770578567002,195115737135
1770578568002,195250663426
1770578569002,195385511286
1770578570002,195519793840
1770578571002,195654517128
1770578572002,195789490232
1770578573002,195923554525
1770578574002,196057354048
1770578575002,196189082715
1770578576002,196321243326
1770578577002,196453146919
1770578578002,196585001990
1770578579002,196718442871
1770578580002,196853985310
1770578581002,196989021951
1770578582002,197123989318
1770578583002,197258945333
1770578584002,197393700176
1770578585002,197528373537
1770578586002,197663162071
1770578587002,197798183637
1770578588002,197933069645
1770578589002,198067873377
1770578590002,198202873275
1770578591002,198337448065
1770578592002,198472327786
1770578593002,198607396226
1770578594002,198742206306
1770578595002,198876925749
1770578596002,199011752796
1770578597002,199146896249
1770578598002,199281275361
1770578599002,199416420889
1770578600002,199551494945
1770578601002,199686281282
1770578602002,199821111137
1770578603002,199956155286
1770578604002,200090789890
1770578605002,200225927361
1770578606003,200360618484
1770578607002,200495514440
1770578608002,200630365230
1770578609002,200765121049
1770578610002,200900011329
1770578611002,201034819455
1770578612002,201169348408
1770578613002,201304421487
1770578614002,201439341796
1770578615002,201574221700
1770578616002,201708841717
1770578617002,201843956605
1770578618002,201978861289
1770578619002,202113697553
1770578620002,202248483890
1770578621002,202383517480
1770578622002,202518230880
1770578623002,202653211186
1770578624002,202788162196
1770578625002,202922934495
1770578626002,203057444954
1770578627002,203192445402
1770578628002,203327230396
1770578629002,203461617198
1770578630002,203596709198
1770578631002,203731813955
1770578632002,203866392590
1770578633002,204001199923
1770578634002,204136230888
1770578635002,204270921278
1770578636002,204405829197
1770578637002,204540664668
1770578638002,204675678299
1770578639002,204809985694
1770578640002,204944541258
1770578641002,205079111775
1770578642002,205214173380
1770578643002,205346022164
1770578644002,205477557716
1770578645002,205609637761
1770578646002,205740957737
1770578647002,205872214481
1770578648002,206002739233
1770578649002,206133886541
1770578650002,206264589087
1770578651002,206395074410
1770578652002,206527407567
1770578653002,206658379705
1770578654002,206789431860
1770578655002,206920904851
1770578656002,207055653835
1770578657002,207191311507
1770578658002,207325926153
1770578659002,207460910121
1770578660002,207595837327
1770578661002,207730463875
1770578662002,207865271818
1770578663002,208000064320
1770578664002,208134803843
1770578665002,208269796173
1770578666002,208404433463
1770578667002,208539044751
1770578668002,208674045321
1770578669002,208809046990
1770578670002,208944006239
1770578671002,209078856297
1770578672002,209213340877
1770578673002,209348236772
1770578674002,209483486914
1770578675002,209618408626
1770578676002,209753257585
1770578677002,209887954689
1770578678002,210023092710
1770578679002,210157981769
1770578680002,210291925274
1770578681007,210427527954
1770578682014,210561846092
1770578683002,210695192308
1770578684002,210830267829
1770578685002,210965214200
1770578686002,211099554066
1770578687002,211234684030
1770578688002,211369285187
1770578689002,211504365102
1770578690002,211639272533
1770578691002,211773983858
1770578692002,211909157889
1770578693002,212043996411
1770578694002,212178908541
1770578695002,212313797173
1770578696002,212448625136
1770578697002,212583395970
1770578698002,212718501764
1770578699002,212853274247
1770578700002,212988134680
1770578701002,213123075009
1770578702002,213257847796
1770578703002,213392900429
1770578704002,213527666258
1770578705002,213662593769
1770578706002,213797493326
1770578707002,213932187622
1770578708002,214067158102
1770578709002,214201980267
1770578710002,214337197144
1770578711002,214471893394
1770578712002,214606556684
1770578713002,214741522281
1770578714002,214876686913
1770578715002,215011472091
1770578716002,215146451054
1770578717002,215281432947
1770578718002,215416203843
1770578719002,215550467842
1770578720002,215685189360
1770578721002,215819812856
1770578722002,215954779856
1770578723002,216089613435
1770578724002,216224446830
1770578725002,216359443738
1770578726002,216494363009
1770578727002,216629051324
1770578728002,216763955031
1770578729002,216899137852
1770578730002,217033917475
1770578731002,217168660355
1770578732002,217303667150
1770578733002,217438622432
1770578734002,217573303118
1770578735002,217708190163
1770578736002,217842907713
1770578737002,217977456868
1770578738002,218112512858
1770578739002,218247403626
1770578740002,218381871605
1770578741002,218516820722
1770578742002,218651835635
1770578743002,218786655725
1770578744002,218921887495
1770578745002,219056725834
1770578746002,219191528956
1770578747002,219326340683
1770578748002,219460919623
1770578749002,219596273769
1770578750002,219731075670
1770578751002,219866115180
1770578752002,220000914274
1770578753002,220135833667
1770578754002,220270564645
1770578755002,220405654510
1770578756002,220540359914
1770578757002,220675371837
1770578758002,220810310822
1770578759002,220945020683
1770578760002,221079961682
1770578761002,221214924655
1770578762002,221349751092
1770578763002,221484785353
1770578764002,221619581395
1770578765002,221754296199
1770578766002,221889473099
1770578767002,222024079505
1770578768002,222159086422
1770578769002,222293987505
1770578770002,222428982887
1770578771002,222563864927
1770578772002,222698837055
1770578773002,222833740091
1770578774002,222968452514
1770578775002,223103568501
1770578776002,223238204326
1770578777002,223373243958
1770578778002,223507882835
1770578779002,223642637251
1770578780002,223776669989
1770578781002,223911039151
1770578782002,224046451036
1770578783002,224181124581
1770578784002,224316127104
1770578785002,224450929188
1770578786002,224585862680
1770578787002,224720429597
1770578788002,224855539602
1770578789002,224990537670
1770578790002,225125415987
1770578791002,225260319572
1770578792002,225395297193
1770578793002,225529936069
1770578794002,225665090508
1770578795002,225799782424
1770578796002,225934745824
1770578797002,226069498348
1770578798002,226204536210
1770578799002,226339579016
1770578800002,226474328610
1770578801002,226608921283
1770578802002,226744261024
1770578803002,226879129515
1770578804002,227013980976
1770578805003,227148840494
1770578806002,227283776977
1770578807005,227418618795
1770578808002,227553353558
1770578809002,227688327272
1770578810002,227823337791
1770578811002,227957921003
1770578812002,228093040103
1770578813002,228228053430
1770578814002,228362760238
1770578815002,228497818486
1770578816002,228632858973
1770578817002,228767439195
1770578818002,228902636358
1770578819002,229037341519
1770578820002,229172344957
1770578821002,229307330147
1770578822002,229442089079
1770578823002,229576898670
1770578824002,229711913156
1770578825002,229846782135
1770578826002,229981599111
1770578827002,230116561473
1770578828002,230251355013
1770578829002,230386424125
1770578830002,230521165662
1770578831002,230656072116
1770578832002,230790647150
1770578833002,230925995070
1770578834002,231060712743
1770578835002,231195573665
1770578836002,231330772354
1770578837002,231465652075
1770578838002,231600336178
1770578839002,231735249529
1770578840002,231868683148
1770578841002,232002990421
1770578842002,232138430748
1770578843002,232273070967
1770578844002,232408039250
1770578845002,232542988916
1770578846002,232677869858
1770578847002,232812899724
1770578848002,232947581936
1770578849002,233082596910
1770578850002,233217483650
1770578851002,233352453580
1770578852002,233487123706
1770578853002,233621846689
1770578854002,233757024017
1770578855002,233891855519
1770578856002,234026713023
1770578857002,234161571077
1770578858002,234296592582
1770578859002,234431421460
1770578860002,234566293307
1770578861002,234701320366
1770578862002,234836225416
1770578863002,234971205051
1770578864002,235105915156
1770578865002,235240596635
1770578866002,235374510720
1770578867002,235508712464
1770578868002,235643393821
1770578869002,235778299543
1770578870002,235912904850
1770578871002,236047892419
1770578872002,236182611191
1770578873002,236317727666
1770578874002,236452063077
1770578875002,236587574937
1770578876002,236722435737
1770578877002,236857166593
1770578878002,236992169055
1770578879002,237127067452
1770578880002,237261933379
1770578881002,237396852284
1770578882002,237531693553
1770578883002,237666447968
1770578884002,237801667715
1770578885002,237936467602
1770578886002,238071196322
1770578887002,238206251152
1770578888002,238341168043
1770578889002,238476035556
1770578890002,238610726862
1770578891002,238745636063
1770578892002,238880099891
1770578893002,239014320250
1770578894002,239149092000
1770578895002,239282989973
1770578896002,239418200076
1770578897002,239552785058
1770578898002,239687657272
1770578899002,239821956122
1770578900002,239956199614
1770578901002,240091580005
1770578902002,240226331918
1770578903002,240360729645
1770578904002,240495576224
1770578905002,240630415173
1770578906002,240765534395
1770578907002,240900330437
1770578908002,241035029494
1770578909002,241169925266
1770578910002,241304823359
1770578911002,241439626908
1770578912002,241574131507
1770578913002,241709231442
1770578914002,241844010577
1770578915002,241978930642
1770578916002,242113673888
1770578917002,242248705403
1770578918003,242383800516
1770578919002,242518590637
1770578920002,242653252402
1770578921002,242788237835
1770578922002,242923140871
1770578923002,243057897789
1770578924002,243192993757
1770578925002,243327877384
1770578926002,243462820337
1770578927002,243597342636
1770578928002,243732084235
1770578929002,243867326442
1770578930002,244002304002
1770578931002,244137094123
1770578932002,244272046048
1770578933002,244406727588
1770578934002,244541866341
1770578935002,244676698211
1770578936002,244811703907
1770578937002,244946516428
1770578938002,245081243012
1770578939002,245216320853
1770578940002,245351263134
1770578941002,245486150911
1770578942002,245620700433
1770578943002,245755627638
1770578944002,245890785984
1770578945002,246025637933
1770578946002,246160352615
1770578947002,246295285314
1770578948002,246430292049
1770578949002,246565232194
1770578950002,246699960853
1770578951002,246834717710
1770578952002,246969761432
1770578953002,247104640848
1770578954002,247239521606
1770578955002,247374338765
1770578956002,247509041118
1770578957002,247644179505
1770578958002,247779251181
1770578959002,247913999676
1770578960002,248048945071
1770578961002,248183609826
1770578962002,248318380599
1770578963002,248453652287
1770578964002,248588155543
1770578965002,248723241379
1770578966002,248858027716
1770578967002,248991266267
1770578968002,249125999198
1770578969002,249259693741
1770578970002,249393487832
1770578971002,249527336550
1770578972002,249661801293
1770578973002,249796409530
1770578974002,249931704350
1770578975002,250066474208
1770578976002,250201359055
1770578977002,250336257452
1770578978002,250471211941
1770578979002,250606113878
1770578980002,250740728280
1770578981002,250875821013
1770578982002,251010807056
1770578983002,251145397959
1770578984002,251280414032
1770578985002,251415290152
1770578986002,251550176281
1770578987002,251685292390
1770578988002,251820030509
1770578989002,251955001050
1770578990002,252089793369
1770578991002,252224906060
1770578992002,252359536941
1770578993002,252494547337
1770578994002,252629255183
1770578995002,252762242331
1770578996002,252896612592
1770578997002,253029234384
1770578998002,253161821081
1770578999002,253294849793
1770579000002,253428180384
1770579001002,253561367421
1770579002002,253694936232
1770579003002,253828252297
1770579004002,253962079835
1770579005002,254095685389
1770579006002,254229538867
1770579007002,254365482367
1770579008002,254500335049
1770579009002,254635182665
1770579010002,254770136544
1770579011002,254904847502
1770579012002,255039931568
1770579013002,255174666331
1770579014002,255309723846
1770579015002,255444665884
1770579016002,255579535045
1770579017002,255714276888
1770579018002,255849258354
1770579019002,255984086500
1770579020003,256118971592
1770579021002,256253819574
1770579022002,256388482742
1770579023002,256523323950
1770579024003,256657950253
1770579025002,256793313798
1770579026002,256928115882
1770579027002,257062979978
1770579028002,257197828754
1770579029002,257332587992
1770579030002,257467532775
1770579031002,257602390646
1770579032002,257737311260
1770579033002,257872161378
1770579034002,258006979026
1770579035002,258141983869
1770579036002,258276827090
1770579037002,258411806847
1770579038002,258546657149
1770579039002,258681549016
1770579040003,258816450221
1770579041002,258951305283
1770579042002,259086004401
1770579043002,259221045193
1770579044002,259355944323
1770579045002,259490943611
1770579046002,259625666472
1770579047002,259758913140
1770579048002,259893837111
1770579049002,260029012058
1770579050002,260163264949
1770579051002,260297272174
1770579052002,260432127603
1770579053002,260566786438
1770579054002,260701572348
1770579055002,260836616924
1770579056002,260971235110
1770579057002,261106020348
1770579058002,261240634750
1770579059002,261375198614
1770579060002,261509891568
1770579061002,261645108751
1770579062002,261779668587
1770579063002,261914780302
1770579064002,262049586902
1770579065002,40940141
1770579066002,175954505
1770579067002,310747556
1770579068002,445570514
1770579069002,580355447
1770579070002,715277648
1770579071002,849962667
1770579072002,984772137
1770579073002,1119313968
1770579074002,1254370629
1770579075002,1389320662
1770579076002,1523905888
1770579077002,1658690211
1770579078002,1793612962
1770579079002,1928327827
1770579080002,2063408291
1770579081002,2198253100
1770579082002,2333030648
1770579083002,2468018462
1770579084002,2602768666
1770579085002,2737721262
1770579086002,2872543610
1770579087002,3007392508
1770579088002,3142259106
1770579089002,3276892734
1770579090002,3412003045
1770579091002,3546551772
1770579092002,3681583165
1770579093002,3816323299
1770579094002,3950955034
1770579095002,4085706642
1770579096002,4220160094
1770579097002,4355009969
1770579098002,4489909587
1770579099002,4624939576
1770579100002,4759764914
1770579101002,4894431439
1770579102002,5029672304
1770579103002,5164454979
1770579104002,5299172347
1770579105002,5434202397
1770579106002,5568945155
1770579107002,5703843125
1770579108002,5838683112
1770579109002,5973527127
1770579110002,6108557787
1770579111002,6243330208
1770579112002,6378172331
1770579113002,6513022022
1770579114002,6647864878
1770579115002,6782859649
1770579116002,6917729238
1770579117002,7052604320
1770579118002,7187534395
1770579119002,7322142998
1770579120002,7457293165
1770579121002,7592090366
1770579122002,7726941949
1770579123002,7861729385
1770579124002,7996747045
1770579125002,8131575191
1770579126002,8266553117
1770579127002,8401210853
1770579128002,8536152158
1770579129002,8671087299
1770579130002,8806110451
1770579131002,8940872497
1770579132002,9075999714
1770579133002,9210806010
1770579134002,9345638977
1770579135002,9480389731
1770579136002,9615350140
1770579137002,9749796634
1770579138002,9884756250
1770579139002,10018667467
1770579140002,10152522593
1770579141002,10286672030
1770579142002,10419846555
1770579143002,10551873499
1770579144002,10683792229
1770579145002,10817146258
1770579146002,10949944624
1770579147002,11082248667
1770579148002,11214421364
1770579149002,11345800422
1770579150002,11475704264
1770579151002,11604461198
1770579152002,11732345514
1770579153002,11864493430
1770579154002,11999489666
1770579155002,12135517578
1770579156003,12270367025
1770579157002,12404885296
1770579158002,12539995180
1770579159002,12674692040
1770579160002,12809544661
1770579161002,12944281864
1770579162002,13079249048
1770579163002,13213992539
1770579164002,13348814093
1770579165002,13483667324
1770579166002,13618737718
1770579167002,13753413216
1770579168002,13888344633
1770579169002,14023149098
1770579170002,14158035227
1770579171002,14292814667
1770579172002,14427463065
1770579173002,14562380383
1770579174002,14696650547
1770579175002,14830491513
1770579176002,14964794087
1770579177002,15099304973
1770579178002,15233634707
1770579179002,15368214807
1770579180002,15502364061
1770579181002,15635337353
1770579182002,15766709515
1770579183002,15898258616
1770579184002,16030895056
1770579185002,16166325923
1770579186002,16301274919
1770579187002,16436548071
1770579188002,16571286678
1770579189002,16706140276
1770579190002,16841125648
1770579191002,16975937742
1770579192002,17110771198
1770579193002,17245720621
1770579194002,17380247986
1770579195002,17514776512
1770579196002,17650241924
1770579197002,17784945315
1770579198002,17919899620
1770579199002,18054765120
1770579200002,18189657352
1770579201002,18324546350
1770579202002,18459337936
1770579203002,18594295049
1770579204002,18728970608
1770579205002,18864122056
1770579206002,18998946601
1770579207002,19133614836
1770579208002,19268739856
1770579209002,19403388681
1770579210002,19538521331
1770579211002,19673207632
1770579212002,19808034008
1770579213002,19942856416
1770579214002,20077855094
1770579215002,20212609815
1770579216002,20347518772
1770579217002,20482464288
1770579218002,20617413955
1770579219002,20752158300
1770579220002,20886824947
1770579221002,21021844011
1770579222002,21156449745
1770579223002,21291347654
1770579224002,21425561239
1770579225002,21560890421
1770579226002,21695579529
1770579227002,21830343223
1770579228002,21965263654
1770579229002,22100086612
1770579230002,22235148461
1770579231002,22369434006
1770579232002,22504572331
1770579233002,22639484950
1770579234002,22774549668
1770579235002,22909162421
1770579236002,23043923917
1770579237002,23178770435
1770579238002,23313648874
1770579239002,23448555877
1770579240002,23583579152
1770579241002,23718243663
1770579242002,23852744356
1770579243002,23988007926
1770579244002,24122845960
1770579245002,24257544101
1770579246002,24392369257
1770579247002,24526713273
1770579248002,24661102150
1770579249002,24794917848
1770579250002,24928790002
1770579251002,25062889757
1770579252002,25196791392
1770579253002,25330562106
1770579254002,25464379452
1770579255002,25598254597
1770579256002,25731866255
1770579257002,25865733466
1770579258002,25999676238
1770579259002,26132726984
1770579260002,26264060876
1770579261002,26398739486
1770579262002,26534399112
1770579263002,26669389978
1770579264002,26804036239
1770579265002,26939191350
1770579266002,27074020534
1770579267002,27208751207
1770579268002,27343763801
1770579269002,27478636502
1770579270002,27613537219
1770579271002,27748397103
1770579272002,27881553134
1770579273002,28017542654
1770579274002,28149960284
1770579275002,28285058876
1770579276002,28420170652
1770579277002,28552922387
1770579278002,28684880973
1770579279002,28817540179
1770579280002,28952488076
1770579281002,29087992795
1770579282002,29222937640
1770579283002,29357913735
1770579284002,29492703734
1770579285002,29627601765
1770579286002,29762589334
1770579287002,29897400940
1770579288002,30032332113
1770579289002,30167077679
1770579290002,30302105653
1770579291002,30436700463
1770579292002,30571914045
1770579293002,30706747928
1770579294002,30841881554
1770579295002,30976554733
1770579296002,31111651738
1770579297002,31246338283
1770579298002,31381387375
1770579299002,31516283209
1770579300002,31650792081
1770579301002,31786012255
1770579302002,31920753609
1770579303002,32055920194
1770579304002,32190806507
1770579305002,32325564219
1770579306002,32460472687
1770579307002,32595472402
1770579308002,32730243969
1770579309002,32865116182
1770579310002,33000086112
1770579311002,33135122144
1770579312002,33269813266
1770579313002,33404390070
1770579314003,33539734389
1770579315002,33674486485
1770579316002,33809419673
1770579317002,33944216142
1770579318002,34079120765
1770579319002,34214016232
1770579320002,34349088457
1770579321002,34483516702
1770579322002,34618588927
1770579323002,34753846210
1770579324002,34888386332
1770579325002,35023446594
1770579326002,35158370565
1770579327002,35293323223
1770579328002,35428204896
1770579329002,35563252890
1770579330002,35697845441
1770579331002,35832772464
1770579332002,35967616601
1770579333002,36102575545
1770579334002,36237319036
1770579335002,36372125820
1770579336002,36506961351
1770579337002,36642145270
1770579338003,36777249538
1770579339002,36911892382
1770579340002,37046868294
1770579341002,37181727568
1770579342002,37316569935
1770579343002,37451512583
1770579344002,37586518341
1770579345002,37721295889
1770579346002,37856263622
1770579347002,37991164400
1770579348002,38126014579
1770579349002,38260873548
1770579350002,38395648349
1770579351002,38530749078
1770579352002,38665573318
1770579353002,38800379491
1770579354002,38935141475
1770579355002,39070205094
1770579356002,39205038367
1770579357002,39340007931
1770579358002,39474976824
1770579359002,39609725075
1770579360003,39744800718
1770579361002,39879704548
1770579362002,40014554300
1770579363002,40149367798
1770579364002,40284434530
1770579365002,40419173992
1770579366002,40554045290
1770579367002,40688870018
1770579368002,40823634565
1770579369002,40958677860
1770579370002,41092929652
1770579371002,41226915699
1770579372002,41360883800
1770579373002,41494444372
1770579374002,41626959230
1770579375002,41759703580
1770579376002,41892057673
1770579377002,42026429826
1770579378002,42158989057
1770579379002,42292312751
1770579380002,42424719883
1770579381002,42560764518
1770579382002,42695892651
1770579383002,42830942903
1770579384002,42965785332
1770579385003,43100666761
1770579386002,43235449863
1770579387002,43370453912
1770579388002,43505302383
1770579389002,43639995520
1770579390002,43774966732
1770579391002,43909974443
1770579392002,44044956580
1770579393002,44179558286
1770579394002,44314755938
1770579395002,44449550942
1770579396002,44584475829
1770579397002,44719408528
1770579398002,44854304850
1770579399002,44989130616
1770579400002,45124157003
1770579401002,45258091841
1770579402002,45393572695
1770579403002,45528288049
1770579404002,45663165877
1770579405002,45796494760
1770579406002,45932307705
1770579407002,46067299181
1770579408002,46202248360
1770579409002,46337355497
1770579410002,46472095630
1770579411002,46606738596
1770579412002,46741770355
1770579413002,46876737234
1770579414002,47011709971
1770579415002,47146572236
1770579416003,47281485709
1770579417002,47416236402
1770579418002,47551261630
1770579419002,47686130181
1770579420002,47820285904
1770579421002,47955826024
1770579422002,48090720271
1770579423002,48225572648
1770579424002,48360035988
1770579425002,48494772154
1770579426002,48629800312
1770579427002,48764668924
1770579428002,48898580202
1770579429002,49033487327
1770579430002,49167260789
1770579431002,49300848032
1770579432002,49435127840
1770579433002,49567858152
1770579434002,49703448930
1770579435002,49837890175
1770579436002,49973146726
1770579437002,50107862202
1770579438002,50242621012
1770579439002,50377824218
1770579440002,50512467367
1770579441002,50647496745
1770579442002,50782365297
1770579443002,50917113487
1770579444002,51051997907
1770579445002,51187033999
1770579446002,51321464441
1770579447002,51455712877
1770579448002,51589998971
1770579449002,51724390534
1770579450002,51859434805
1770579451002,51994530162
1770579452002,52129276155
1770579453002,52264310844
1770579454002,52399165296
1770579455002,52534228549
1770579456002,52668861505
1770579457002,52803985610
1770579458002,52938511327
1770579459002,53073585871
1770579460002,53208411332
1770579461002,53343516516
1770579462002,53478310482
1770579463002,53613291582
1770579464002,53747925942
1770579465002,53882694762
1770579466002,54017991535
1770579467002,54152634623
1770579468002,54287622864
1770579469002,54422342367
1770579470002,54557423198
1770579471002,54692344179
1770579472002,54827444907
1770579473002,54962265668
1770579474002,55097143679
1770579475002,55232251854
1770579476002,55366971602
1770579477002,55502127506
1770579478002,55636890772
1770579479002,55771929428
1770579480002,55906438544
1770579481002,56041692226
1770579482002,56176519273
1770579483002,56311384345
1770579484002,56446457791
1770579485002,56581489184
1770579486002,56716149117
1770579487002,56851123137
1770579488002,56986199207
1770579489003,57121178232
1770579490002,57255713532
1770579491002,57390810537
1770579492002,57525974498
1770579493002,57660808015
1770579494002,57795638602
1770579495003,57930254530
1770579496003,58065614046
1770579497002,58200213555
1770579498003,58335067336
1770579499003,58470142308
1770579500003,58605110468
1770579501003,58739917435
1770579502002,58874844458
1770579503002,59009976863
1770579504002,59144985063
1770579505002,59279815528
1770579506002,59414500303
1770579507003,59549584552
1770579508003,59684395730
1770579509002,59819304320
1770579510002,59954323933
1770579511002,60089382974
1770579512003,60224416564
1770579513003,60359352437
1770579514002,60494187053
1770579515002,60628596499
1770579516003,60763962302
1770579517002,60898650922
1770579518002,61033861758
1770579519002,61168468652
1770579520002,61303401961
1770579521002,61438540470
1770579522002,61573050258
1770579523002,61708319565
1770579524002,61842945258
1770579525002,61977725064
1770579526002,62112879442
1770579527002,62247370248
1770579528002,62382749235
1770579529002,62517376515
1770579530002,62652427377
1770579531002,62786974885
1770579532002,62921521598
1770579533002,63056993541
1770579534002,63191812654
1770579535002,63326963492
1770579536002,63461536390
1770579537002,63596604404
1770579538002,63731650811
1770579539002,63866301223
1770579540002,64001269750
1770579541002,64136002986
1770579542002,64271117020
1770579543002,64405889197
1770579544002,64540787961
1770579545002,64675951555
1770579546003,64810618019
1770579547002,64945631285
1770579548002,65080459553
1770579549002,65215044535
1770579550002,65349969605
1770579551002,65485200887
1770579552002,65619647931
1770579553002,65754634585
1770579554002,65889323449
1770579555002,66024491011
1770579556002,66157727364
1770579557002,66289439307
1770579558002,66419962105
1770579559002,66550908913
1770579560002,66684010318
1770579561003,66820897785
1770579562002,66955912149
1770579563002,67090497193
1770579564002,67225085837
1770579565002,67352811585
1770579566002,67478694136
1770579567002,67603627776
1770579568002,67728145463
1770579569002,67853454468
1770579570002,67977929186
1770579571002,68103529878
1770579572002,68232199287
1770579573002,68362214823
1770579574002,68489750752
1770579575003,68619655509
1770579576003,68758647402
1770579577003,68893489464
1770579578003,69028486006
1770579579004,69163338078
1770579580003,69298112086
1770579581002,69433013962
1770579582002,69568050909
1770579583002,69702794399
1770579584002,69837578112
1770579585002,69972509590
1770579586002,70107167998
1770579587002,70242289539
1770579588002,70377102365
1770579589002,70511845185
1770579590002,70646855459
1770579591002,70781868785
1770579592002,70914610084
1770579593002,71048117005
1770579594002,71180913357
1770579595002,71313708488
1770579596002,71446573321
1770579597002,71576018608
1770579598002,71705082669
1770579599002,71833828250
1770579600002,71963152443
1770579601002,72093005749
1770579602002,72223379255
1770579603002,72353463273
1770579604002,72482943166
1770579605002,72611927516
1770579606002,72742603756
1770579607002,72871958772
1770579608002,73001113653
1770579609002,73130039104
1770579610002,73259492081
1770579611002,73389672412
1770579612002,73520565510
1770579613002,73650164055
1770579614002,73779450406
1770579615002,73908697206
1770579616002,74038461645
1770579617002,74167908396
1770579618002,74297647627
1770579619002,74427343401
1770579620002,74557059560
1770579621002,74686827050
1770579622002,74816518735
1770579623002,74947361662
1770579624002,75076405826
1770579625002,75207150852
1770579626002,75337368842
1770579627003,75469822238
1770579628003,75607560838
1770579629004,75742583808
1770579630004,75877581753
1770579631003,76012419543
1770579632003,76147251229
1770579633003,76282424772
1770579634004,76417135243
1770579635003,76552229379
1770579636006,76687538176
1770579637003,76821897390
1770579638002,76956708324
1770579639002,77091832917
1770579640002,77226457329
1770579641002,77361239637
1770579642002,77496423617
1770579643002,77631007929
1770579644002,77766085647
1770579645002,77901145054
1770579646002,78035207822
1770579647002,78168747214
1770579648002,78302142746
1770579649002,78435635691
1770579650002,78569251315
1770579651002,78703091305
1770579652002,78838370133
1770579653002,78972719460
1770579654002,79107457823
1770579655002,79241361289
1770579656002,79373665638
1770579657002,79505562700
1770579658002,79634534355
1770579659002,79762197541
1770579660002,79890459237
1770579661002,80018585679
1770579662002,80146786767
1770579663002,80275420776
1770579664002,80403214089
1770579665002,80531252030
1770579666002,80659531975
1770579667002,80787782013
1770579668002,80913360366
1770579669002,81038820616
1770579670002,81164165082
1770579671002,81290332911
1770579672002,81416014352
1770579673002,81541713676
1770579674002,81666762307
1770579675002,81792885824
1770579676002,81919795289
1770579677002,82045218857
1770579678002,82172917749
1770579679002,82300121830
1770579680002,82425195118
1770579681002,82551209322
1770579682002,82676020343
1770579683002,82800218389
1770579684002,82927267441
1770579685002,83053884366
1770579686002,83178719190
1770579687002,83305301142
1770579688002,83429666180
1770579689002,83554632229
1770579690002,83680023693
1770579691002,83807836171
1770579692002,83947911740
1770579693002,84082968096
1770579694002,84215509627
1770579695002,84348613962
1770579696002,84479385599
1770579697002,84608397537
1770579698002,84737337515
1770579699002,84865919644
1770579700002,84994447757
1770579701002,85124431983
1770579702002,85253102125
1770579703002,85381729420
1770579704002,85509741482
1770579705002,85638078373
1770579706002,85765131514
1770579707002,85889981048
1770579708002,86015467788
1770579709002,86140243164
1770579710002,86264749315
1770579711002,86389617098
1770579712002,86518006540
1770579713002,86644466238
1770579714002,86770962191
1770579715002,86896102679
1770579716002,87022205201
1770579717002,87148343244
1770579718002,87274458888
1770579719002,87401290046
1770579720002,87526382682
1770579721002,87653272067
1770579722002,87780023024
1770579723002,87905917660
1770579724002,88031507732
1770579725002,88157332666
1770579726003,88283765264
1770579727002,88409564198
1770579728002,88535191012
1770579729002,88662411634
1770579730003,88803219074
1770579731004,88938179116
1770579732003,89073180785
1770579733003,89208110310
1770579734003,89342961344
1770579735003,89477639650
1770579736003,89612535544
1770579737003,89747401349
1770579738003,89882409426
1770579739002,90017446678
1770579740003,90152344038
1770579741003,90287254398
1770579742003,90422083033
1770579743003,90557217391
1770579744003,90692034551
1770579745002,90827003993
1770579746002,90957782345
1770579747002,91086320041
1770579748002,91212606766
1770579749002,91337149477
1770579750002,91462244982
1770579751002,91586510838
1770579752002,91707885222
1770579753002,91829449425
1770579754002,91949898213
1770579755002,92070107439
1770579756002,92190812635
1770579757002,92310924572
1770579758002,92429840100
1770579759002,92548415114
1770579760002,92665223897
1770579761002,92782487329
1770579762002,92901281459
1770579763002,93016529882
1770579764002,93133045392
1770579765002,93249714527
1770579766002,93366304926
1770579767002,93478823803
1770579768002,93589639255
1770579769002,93700933403
1770579770002,93811826003
1770579771002,93927305932
1770579772002,94042883700
1770579773002,94160400977
1770579774002,94275544359
1770579775002,94388464663
1770579776002,94498711268
1770579777002,94608453968
1770579778002,94718339307
1770579779002,94826895059
1770579780002,94943203172
1770579781002,95063248885
1770579782002,95198426884
1770579783002,95329647007
1770579784002,95458079418
1770579785002,95584789726
1770579786002,95708631633
1770579787002,95831380159
1770579788002,95954463096
1770579789002,96076935622
1770579790002,96199078558
1770579791002,96321904416
1770579792002,96445026964
1770579793002,96567623818
1770579794002,96689752900
1770579795002,96812674644
1770579796002,96933345294
1770579797002,97051979024
1770579798002,97169013270
1770579799002,97287239469
1770579800002,97405315766
1770579801002,97523829256
1770579802002,97640242838
1770579803002,97758786602
1770579804002,97877625653
1770579805002,97997144207
1770579806002,98116137310
1770579807002,98235600750
1770579808002,98355150553
1770579809002,98473991680
1770579810002,98593645182
1770579811002,98712198406
1770579812002,98831122235
1770579813002,98950187116
1770579814002,99069303999
1770579815002,99188576093
1770579816002,99307507063
1770579817002,99427401043
1770579818003,99563256042
1770579819004,99701395093
1770579820004,99836282504
1770579821004,99971292900
1770579822004,100106192274
1770579823003,100241004490
1770579824002,100375752314
1770579825002,100505850126
1770579826002,100630011124
1770579827002,100754410708
1770579828002,100875750912
1770579829002,100999289903
1770579830002,101122139625
1770579831002,101242578586
1770579832002,101361048132
1770579833002,101479737830
1770579834002,101599183814
1770579835002,101717844521
1770579836002,101836576455
1770579837002,101955191569
1770579838002,102074129070
1770579839002,102192513594
1770579840002,102310881332
1770579841002,102429842271
1770579842002,102548986619
1770579843002,102667848375
1770579844002,102784224908
1770579845002,102902205930
1770579846002,103021315305
1770579847002,103140483823
1770579848002,103258819763
1770579849002,103379240841
1770579850002,103496394106
1770579851002,103612976876
1770579852002,103731999337
1770579853002,103851120004
1770579854002,103970595834
1770579855002,104099064072
1770579856002,104228919330
1770579857002,104356390256
1770579858002,104485167942
1770579859002,104612733106
1770579860002,104741003590
1770579861002,104870400842
1770579862002,105002116630
1770579863002,105128589329
1770579864002,105256059279
1770579865002,105383220086
1770579866002,105511346467
1770579867002,105638731761
1770579868002,105767044299
1770579869002,105895730126
1770579870002,106022944889
1770579871002,106150798626
1770579872002,106277867942
1770579873002,106406383360
1770579874002,106534023536
1770579875002,106663492809
1770579876002,106790873282
1770579877002,106918131379
1770579878002,107045035107
1770579879002,107173566760
1770579880002,107301248196
1770579881002,107426795055
1770579882002,107551460141
1770579883002,107680353243
1770579884002,107809309639
1770579885002,107935353323
1770579886002,108061553439
1770579887002,108188139297
1770579888002,108314797176
1770579889002,108441933874
1770579890002,108570960766
1770579891002,108697670219
1770579892002,108824307285
1770579893002,108951783887
1770579894002,109079201774
1770579895002,109206791352
1770579896002,109334283091
1770579897003,109473856220
1770579898003,109608983194
1770579899003,109743959167
1770579900004,109878762410
1770579901003,110013614055
1770579902003,110148515077
1770579903003,110283454306
1770579904003,110418410687
1770579905004,110553409121
1770579906003,110688373436
1770579907003,110823282392
1770579908003,110958075687
1770579909002,111093095788
1770579910002,111228023910
1770579911002,111362930425
1770579912002,111497880519
1770579913002,111632661912
1770579914002,111767642340
1770579915002,111902483487
1770579916002,112037492236
1770579917002,112172095101
1770579918002,112305013035
1770579919002,112439781855
1770579920002,112574574235
1770579921002,112706553084
1770579922002,112834048119
1770579923002,112961423403
1770579924002,113087443222
1770579925002,113211128513
1770579926002,113334896446
1770579927002,113457687758
1770579928002,113580719120
1770579929002,113704122674
1770579930002,113828388469
1770579931002,113951202119
1770579932002,114074336386
1770579933002,114197531567
1770579934002,114321394470
1770579935002,114444650136
1770579936002,114570114841
1770579937002,114696194230
1770579938002,114822164733
1770579939002,114948604900
1770579940002,115074748559
1770579941002,115201287481
1770579942002,115327469714
1770579943002,115454969998
1770579944002,115580693492
1770579945002,115705495907
1770579946002,115831524088
1770579947002,115955972439
1770579948002,116081818857
1770579949002,116205451963
1770579950002,116329056566
1770579951002,116450408856
1770579952002,116571355934
1770579953002,116692367587
1770579954002,116811819796
1770579955002,116931671845
1770579956002,117050099704
1770579957003,117189646465
1770579958004,117326024839
1770579959003,117461048725
1770579960003,117595817789
1770579961003,117730840148
1770579962003,117866077534
1770579963002,118000178875
1770579964002,118135221010
1770579965002,118270463584
1770579966002,118403125659
1770579967002,118532161949
1770579968002,118655439649
1770579969002,118773382279
1770579970002,118891024373
1770579971002,119008692163
1770579972002,119126267362
1770579973002,119244220246
1770579974002,119363929657
1770579975002,119484506313
1770579976002,119603600735
1770579977002,119720182346
1770579978002,119833377429
1770579979002,119946686893
1770579980002,120061489028
1770579981002,120177351830
1770579982002,120289316631
1770579983002,120400858582
1770579984002,120510042079
1770579985002,120621877547
1770579986002,120735437620
1770579987002,120848295608
1770579988002,120961638274
1770579989002,121074889022
1770579990002,121188024718
1770579991002,121301051468
1770579992002,121414809843
1770579993002,121528169722
1770579994002,121640306092
1770579995002,121754051773
1770579996002,121868773525
1770579997002,121982931192
1770579998002,122094160460
1770579999002,122204736288
1770580000002,122315091474
1770580001002,122428321287
1770580002002,122541749036
1770580003002,122655139981
1770580004002,122768390057
1770580005002,122881572446
1770580006002,122994591627
1770580007002,123107602019
1770580008002,123220635909
1770580009002,123333375733
1770580010002,123445965715
1770580011002,123558547214
1770580012002,123670507438
1770580013002,123784072211
1770580014002,123898323688
1770580015002,124009095255
1770580016002,124122445429
1770580017002,124234736340
1770580018002,124346994903
1770580019002,124457628470
1770580020002,124570993658
1770580021002,124683563377
1770580022002,124797003883
1770580023002,124910943410
1770580024002,125022164988
1770580025002,125132459201
1770580026002,125239520023
1770580027002,125346240514
1770580028002,125453107000
1770580029002,125559905006
1770580030002,125666961189
1770580031002,125775356542
1770580032002,125884815978
1770580033002,125992670805
1770580034002,126098328676
1770580035002,126203809485
1770580036002,126308622571
1770580037002,126415340865
1770580038002,126522304153
1770580039002,126629218247
1770580040002,126735837298
1770580041002,126841399284
1770580042002,126949984577
1770580043002,127057973680
1770580044002,127167001966
1770580045002,127274955608
1770580046002,127380661209
1770580047002,127485830190
1770580048002,127589910124
1770580049002,127696229676
1770580050002,127803156221
1770580051002,127909796207
1770580052002,128016886814
1770580053002,128122057809
1770580054002,128237954546
1770580055002,128383463390
1770580056002,128519348174
1770580057002,128654172536
1770580058002,128789161448
1770580059002,128923482699
1770580060002,129055466797
1770580061002,129184034705
1770580062002,129309581503
1770580063002,129430991226
1770580064002,129551549694
1770580065002,129676524533
1770580066002,129800982344
1770580067002,129925266938
1770580068002,130046646755
1770580069002,130165711513
1770580070002,130282816743
1770580071002,130400643224
1770580072002,130518118021
1770580073002,130636296063
1770580074002,130753196459
1770580075002,130869572748
1770580076002,130987157103
1770580077002,131105384645
1770580078002,131223776004
1770580079002,131328359477
1770580080002,131435314647
1770580081002,131554256054
1770580082002,131671988175
1770580083002,131788454124
1770580084002,131905197050
1770580085002,132021853978
1770580086002,132139786599
1770580087002,132256940657
1770580088002,132373895069
1770580089002,132491878410
1770580090002,132607624879
1770580091002,132720478655
1770580092002,132833814119
1770580093002,132946660571
1770580094002,133059142094
1770580095002,133172071493
1770580096002,133285153784
1770580097002,133398050406
1770580098002,133511479315
1770580099002,133625757160
1770580100002,133738287206
1770580101002,133852797777
1770580102002,133965509647
1770580103002,134078563557
1770580104002,134191367833
1770580105002,134306124681
1770580106002,134421265072
1770580107002,134531251790
1770580108002,134642579447
1770580109002,134754659116
1770580110002,134870165717
1770580111002,134982666711
1770580112002,135096626380
1770580113002,135210997608
1770580114002,135328282892
1770580115002,135441014048
1770580116002,135553756924
1770580117002,135667501750
1770580118002,135781339227
1770580119002,135897935181
1770580120002,136016153811
1770580121002,136151431114
1770580122002,136287019451
1770580123002,136423097045
1770580124002,136557985859
1770580125002,136692519084
1770580126002,136826286137
1770580127002,136955703774
1770580128002,137084483230
1770580129002,137212810599
1770580130002,137339014439
1770580131002,137461249050
1770580132002,137581409692
1770580133002,137701643820
1770580134002,137821791950
1770580135002,137941638689
1770580136002,138062107619
1770580137002,138183311166
1770580138002,138304644596
1770580139002,138423867924
1770580140002,138540820444
1770580141002,138657030352
1770580142002,138774055748
1770580143002,138891066618
1770580144002,139006997900
1770580145002,139120979420
1770580146002,139237769465
1770580147002,139354908997
1770580148002,139467993730
1770580149002,139579496557
1770580150002,139693267018
1770580151002,139806535282
1770580152002,139920059894
1770580153002,140033538913
1770580154002,140146762378
1770580155002,140260111453
1770580156002,140371558372
1770580157002,140485332617
1770580158002,140600468980
1770580159002,140715766780
1770580160002,140827480362
1770580161002,140938179358
1770580162002,141048731504
1770580163002,141158577720
1770580164002,141272010840
1770580165002,141384861015
1770580166002,141497980293
1770580167002,141610599328
1770580168002,141723008587
1770580169002,141836239254
1770580170002,141950899422
1770580171002,142066604814
1770580172002,142197573717
1770580173002,142323794219
1770580174002,142446478536
1770580175002,142568177993
1770580176002,142687327956
1770580177002,142804207662
1770580178002,142924846941
1770580179002,143046559520
1770580180002,143168946902
1770580181002,143291342401
1770580182002,143413848313
1770580183002,143535095989
1770580184002,143655089395
1770580185002,143776170201
1770580186002,143896548677
1770580187002,144014022070
1770580188002,144130004805
1770580189002,144245946220
1770580190002,144362876706
1770580191002,144481328430
1770580192002,144595220899
1770580193002,144709679346
1770580194002,144825344150
1770580195002,144937290946
1770580196002,145048865917
1770580197002,145161873868
1770580198002,145273186571
1770580199002,145385772769
1770580200002,145498816425
1770580201002,145611987644
1770580202002,145724320487
1770580203002,145837522101
1770580204002,145953177567
1770580205002,146068683619
1770580206002,146185170015
1770580207002,146306309720
1770580208003,146445937414
1770580209003,146582390312
1770580210003,146717364942
1770580211003,146852158786
1770580212003,146987124383
1770580213002,147122066725
1770580214002,147256894200
1770580215002,147391451473
1770580216002,147525806109
1770580217002,147657717210
1770580218002,147784532437
1770580219002,147913497805
1770580220002,148041764627
1770580221002,148170509537
1770580222002,148298282953
1770580223002,148421537093
1770580224002,148543136574
1770580225002,148665075837
1770580226002,148786293178
1770580227002,148906801964
1770580228002,149027444904
1770580229002,149146182698
1770580230002,149265629414
1770580231002,149387745679
1770580232002,149510619998
1770580233002,149634074943
1770580234002,149757203046
1770580235002,149879730381
1770580236002,150002578883
1770580237002,150125076616
1770580238002,150248484808
1770580239002,150372179621
1770580240002,150494970505
1770580241002,150618493749
1770580242002,150742268212
1770580243002,150865658399
1770580244002,150990154052
1770580245002,151113862659
1770580246002,151235952434
1770580247002,151358218723
1770580248002,151479643461
1770580249002,151601699667
1770580250002,151723072891
1770580251002,151844875863
1770580252002,151964640510
1770580253002,152085083073
1770580254002,152205261842
1770580255002,152325424193
1770580256002,152445519284
1770580257002,152565573969
1770580258002,152686170096
1770580259002,152804241144
1770580260002,152924395621
1770580261002,153048494608
1770580262002,153173640101
1770580263002,153298520274
1770580264002,153403077013
1770580265002,153520030693
1770580266002,153646019140
1770580267002,153772732988
1770580268002,153896421514
1770580269002,154020890373
1770580270002,154145355875
1770580271002,154270368616
1770580272002,154397000433
1770580273002,154522907520
1770580274002,154646284219
1770580275002,154773194721
1770580276002,154900347472
1770580277002,155024758225
1770580278002,155149125339
1770580279002,155274046406
1770580280002,155397108652
1770580281002,155520346007
1770580282002,155643544788
1770580283002,155767774817
1770580284002,155892288719
1770580285002,156016494273
1770580286002,156140569578
1770580287002,156266814738
1770580288002,156392063441
1770580289002,156516797130
1770580290002,156645659044
1770580291002,156774603294
1770580292002,156905530022
1770580293002,157039535782
1770580294002,157175558200
1770580295002,157307275698
1770580296002,157440922145
1770580297003,157577008711
1770580298004,157711904911
1770580299004,157846946252
1770580300004,157981893905
1770580301004,158116809514
1770580302004,158251577663
1770580303003,158386514573
1770580304006,158521604986
1770580305002,158656446194
1770580306002,158791274218
1770580307002,158926223579
1770580308002,159060804168
1770580309002,159195575002
1770580310002,159329510145
1770580311002,159464024449
1770580312002,159598587032
1770580313002,159733563004
1770580314002,159867578775
1770580315002,159998520639
1770580316002,160128366925
1770580317002,160257548785
1770580318002,160386603264
1770580319002,160517476891
1770580320002,160645669739
1770580321002,160773202921
1770580322002,160900538960
1770580323002,161028268857
1770580324002,161159479886
1770580325002,161289832519
1770580326002,161420842926
1770580327002,161551218080
1770580328002,161683314910
1770580329002,161815051511
1770580330002,161947245020
1770580331002,162079332390
1770580332002,162212901018
1770580333002,162347585609
1770580334002,162479820805
1770580335002,162613367400
1770580336002,162749065478
1770580337002,162881331496
1770580338002,163013694561
1770580339002,163149944883
1770580340002,163284784016
1770580341002,163419299052
1770580342002,163554541565
1770580343002,163689296286
1770580344002,163823929791
1770580345002,163959003481
1770580346002,164093591882
1770580347002,164228804914
1770580348002,164362638068
1770580349002,164494271093
1770580350002,164629606806
1770580351002,164764728103
1770580352002,164897423564
1770580353002,165029140146
1770580354002,165160163858
1770580355002,165289575331
1770580356002,165418033926
1770580357002,165544840608
1770580358002,165671124831
1770580359002,165794823550
1770580360002,165919021901
1770580361002,166043871984
1770580362002,166168114403
1770580363002,166291967968
1770580364002,166416103575
1770580365002,166540265733
1770580366002,166664976839
1770580367002,166788715292
1770580368002,166912146434
1770580369002,167036244932
1770580370002,167160333726
1770580371002,167284229466
1770580372002,167409025899
1770580373002,167531608044
1770580374002,167655099671
1770580375002,167784035315
1770580376002,167911196244
1770580377002,168035754214
1770580378002,168159996816
1770580379002,168284872900
1770580380002,168413536328
1770580381003,168544997539
1770580382004,168683139031
1770580383004,168818093093
1770580384004,168953006993
1770580385004,169088111750
1770580386004,169223007705
1770580387004,169357958349
1770580388003,169492668880
1770580389002,169627514910
1770580390002,169762416481
1770580391002,169897294554
1770580392002,170032072956
1770580393002,170166742289
1770580394002,170301730469
1770580395002,170436338767
1770580396002,170571588787
1770580397002,170706287661
1770580398002,170841215233
1770580399002,170975842330
1770580400002,171109111520
1770580401002,171240554787
1770580402002,171371716377
1770580403002,171504576938
1770580404002,171636956360
1770580405002,171769590359
1770580406002,171901141413
1770580407002,172032756372
1770580408002,172159822575
1770580409002,172286769760
1770580410002,172414218896
1770580411002,172537015152
1770580412002,172659482062
1770580413002,172781421508
1770580414002,172907536115
1770580415002,173033049465
1770580416002,173158904246
1770580417002,173284557977
1770580418002,173411116979
1770580419002,173537141681
1770580420002,173662649660
1770580421002,173789043380
1770580422002,173915881922
1770580423002,174041795479
1770580424002,174172814431
1770580425002,174304074959
1770580426002,174435083291
1770580427002,174565284312
1770580428002,174695714826
1770580429002,174826566969
1770580430002,174957325728
1770580431002,175087152056
1770580432002,175216764212
1770580433002,175346611353
1770580434002,175477452082
1770580435002,175609631248
1770580436002,175743231248
1770580437002,175875082168
1770580438002,176004383289
1770580439002,176133941735
1770580440002,176262873656
1770580441002,176391463414
1770580442002,176517300311
1770580443002,176642861818
1770580444002,176768284227
1770580445002,176893066805
1770580446002,177019155106
1770580447002,177142984562
1770580448002,177264283445
1770580449002,177385887504
1770580450002,177507227526
1770580451002,177628890117
1770580452002,177750894138
1770580453002,177873032375
1770580454002,177995047688
1770580455002,178116466994
1770580456002,178238563422
1770580457002,178360719115
1770580458002,178482708183
1770580459002,178604546616
1770580460002,178726268289
1770580461002,178848962311
1770580462002,178971493186
1770580463002,179093286820
1770580464002,179215988837
1770580465002,179338213561
1770580466002,179461228444
1770580467002,179583268231
1770580468002,179706740083
1770580469002,179830298910
1770580470002,179953124279
1770580471002,180076095156
1770580472002,180199121635
1770580473002,180321982527
1770580474002,180445002598
1770580475002,180567845545
1770580476002,180691004653
1770580477002,180816202270
1770580478002,180937863824
1770580479002,181060118149
1770580480002,181183321142
1770580481002,181306059109
1770580482002,181429301042
1770580483002,181552094795
1770580484002,181674345032
1770580485002,181796526054
1770580486002,181928426473
1770580487002,182067166231
1770580488002,182201719841
1770580489002,182337097302
1770580490002,182472032809
1770580491002,182606434992
1770580492002,182741581374
1770580493002,182876527562
1770580494002,183011147273
1770580495002,183146249711
1770580496002,183281152320
1770580497002,183415474485
1770580498002,183550686298
1770580499002,183685506753
1770580500002,183820629576
1770580501002,183955396138
1770580502002,184090243449
1770580503002,184225056763
1770580504002,184359999350
1770580505002,184494973980
1770580506002,184629938539
1770580507002,184764779381
1770580508002,184899742414
1770580509002,185034609684
1770580510002,185169623132
1770580511002,185304344223
1770580512002,185436278455
1770580513002,185564956104
1770580514002,185693110317
1770580515002,185821871951
1770580516002,185947915634
1770580517002,186077740924
1770580518002,186207558951
1770580519002,186341272232
1770580520002,186474432780
1770580521002,186606720955
1770580522002,186736723612
1770580523002,186865832779
1770580524002,186993412836
1770580525002,187124263209
1770580526002,187254671932
1770580527002,187384494903
1770580528002,187513750127
1770580529002,187640893905
1770580530002,187768489770
1770580531002,187895909671
1770580532002,188022736250
1770580533002,188149760644
1770580534002,188276037726
1770580535002,188403007189
1770580536002,188529905423
1770580537002,188656006907
1770580538002,188781696160
1770580539002,188906399882
1770580540002,189031638331
1770580541002,189157177621
1770580542002,189282461663
1770580543002,189405735518
1770580544002,189528721531
1770580545002,189651094142
1770580546002,189774665542
1770580547002,189898589175
1770580548002,190024864731
1770580549002,190152934716
1770580550002,190280296450
1770580551002,190407991741
1770580552002,190535206625
1770580553002,190662878906
1770580554002,190790271585
1770580555002,190918048663
1770580556002,191043636659
1770580557002,191167456105
1770580558002,191294979643
1770580559002,191422644234
1770580560002,191550637497
1770580561002,191676583769
1770580562002,191803657724
1770580563002,191930994373
1770580564002,192057729949
1770580565002,192185958686
1770580566003,192326233351
1770580567004,192461355198
1770580568003,192596082575
1770580569002,192731067398
1770580570003,192865928564
1770580571004,193000833980
1770580572004,193135895158
1770580573002,193270676124
1770580574003,193405805294
1770580575003,193540644366
1770580576002,193675389809
1770580577002,193810062865
1770580578002,193945170430
1770580579002,194079960063
1770580580002,194214893555
1770580581002,194348269740
1770580582002,194480529106
1770580583002,194611526512
1770580584002,194739900695
1770580585002,194867720497
1770580586002,194996199294
1770580587002,195126498399
1770580588002,195256704609
1770580589002,195385668512
1770580590002,195512724644
1770580591002,195638821856
1770580592002,195764374818
1770580593002,195892632241
1770580594002,196020216082
1770580595002,196151105090
1770580596002,196283929030
1770580597002,196418612950
1770580598002,196552863888
1770580599002,196685190454
1770580600002,196817889943
1770580601002,196952696544
1770580602002,197088029816
1770580603002,197219138062
1770580604002,197349172824
1770580605002,197480724184
1770580606002,197608990152
1770580607002,197737480363
1770580608002,197867252613
1770580609003,197998721332
1770580610004,198136645173
1770580611003,198271686270
1770580612003,198406475110
1770580613004,198541437533
1770580614004,198676367913
1770580615003,198811479505
1770580616002,198945839452
1770580617002,199080646602
1770580618002,199214731036
1770580619002,199347357833
1770580620002,199480308298
1770580621002,199612744971
1770580622002,199745641603
1770580623002,199879858179
1770580624003,200012997670
1770580625002,200145109331
1770580626002,200277529585
1770580627002,200406535358
1770580628002,200534618710
1770580629002,200662033361
1770580630002,200789159440
1770580631002,200916981683
1770580632002,201044597995
1770580633002,201169832660
1770580634002,201294429692
1770580635002,201418179619
1770580636002,201542151348
1770580637002,201666248137
1770580638002,201790623978
1770580639002,201914301640
1770580640002,202036898677
1770580641002,202160243149
1770580642002,202283696629
1770580643002,202407356713
1770580644002,202530756971
1770580645002,202654542970
1770580646002,202777186333
1770580647002,202899217393
1770580648002,203019420698
1770580649002,203139069135
1770580650003,203257936018
1770580651002,203377381391
1770580652002,203496571149
1770580653002,203616067669
1770580654002,203735359478
1770580655002,203854742656
1770580656002,203973938762
1770580657002,204093019756
1770580658002,204212026227
1770580659002,204331228619
1770580660002,204451268595
1770580661002,204571277748
1770580662002,204691492712
1770580663002,204810500464
1770580664002,204930104100
1770580665002,205049621678
1770580666002,205168543858
1770580667002,205290158659
1770580668002,205409956815
1770580669002,205528582427
1770580670002,205645551548
1770580671002,205759129200
1770580672002,205874325316
1770580673002,205988472668
1770580674002,206107923656
1770580675003,206251809762
1770580676003,206386870268
1770580677004,206521793080
1770580678003,206656819590
1770580679002,206791648041
1770580680003,206926485708
1770580681002,207061307018
1770580682002,207196189974
1770580683002,207330940117
1770580684002,207465144547
1770580685002,207596943648
1770580686002,207728131666
1770580687002,207857914659
1770580688002,207986752952
1770580689002,208112486273
1770580690002,208237463920
1770580691002,208362762366
1770580692002,208488795735
1770580693002,208613791997
1770580694002,208736641292
1770580695002,208860480696
1770580696002,208985855253
1770580697002,209112156077
1770580698002,209237905755
1770580699002,209363392800
1770580700002,209489283225
1770580701002,209614977178
1770580702002,209740660145
1770580703002,209865895603
1770580704002,209990879475
1770580705002,210111789932
1770580706002,210231025222
1770580707002,210350389236
1770580708002,210468122943
1770580709002,210589235060
1770580710002,210712829714
1770580711002,210835795708
1770580712002,210959001325
1770580713002,211081706333
1770580714002,211204642603
1770580715002,211328599561
1770580716002,211455913871
1770580717002,211583585908
1770580718002,211711676522
1770580719002,211839098498
1770580720002,211966343473
1770580721002,212093279305
1770580722002,212220224903
1770580723002,212346845794
1770580724002,212472778455
1770580725002,212599548822
1770580726002,212725916479
1770580727002,212852466876
1770580728002,212978913879
1770580729002,213106382790
1770580730002,213233536029
1770580731002,213361035703
1770580732002,213487931008
1770580733003,213614797566
1770580734002,213740465274
1770580735002,213866747970
1770580736002,213993605678
1770580737002,214120383735
1770580738002,214247478746
1770580739002,214374244047
1770580740002,214501985480
1770580741002,214628537951
1770580742002,214754906097
1770580743002,214880923414
1770580744002,215006282163
1770580745002,215133255714
1770580746002,215259732075
1770580747002,215385498599
1770580748002,215511346849
1770580749002,215637204253
1770580750002,215763075574
1770580751002,215888362302
1770580752002,216012794845
1770580753002,216135101477
1770580754002,216258463771
1770580755002,216380685504
1770580756002,216503056346
1770580757002,216625343081
1770580758002,216746657834
1770580759002,216869378101
1770580760002,216991696391
1770580761002,217114336764
1770580762002,217237296471
1770580763002,217359840346
1770580764002,217481633248
1770580765002,217604210082
1770580766002,217726584281
1770580767002,217848803389
1770580768002,217971210241
1770580769002,218093458708
1770580770002,218217250444
1770580771002,218339632943
1770580772002,218461778199
1770580773002,218583459956
1770580774002,218711018833
1770580775002,218850109603
1770580776002,218985329227
1770580777002,219120298852
1770580778002,219255099289
1770580779002,219389246955
1770580780002,219523354461
1770580781002,219658123769
1770580782002,219793120982
1770580783002,219925138894
1770580784002,220049880945
1770580785002,220170507040
1770580786002,220288328516
1770580787002,220406997341
1770580788002,220524346955
1770580789002,220642496127
1770580790002,220759828896
1770580791002,220877248395
1770580792002,220995019639
1770580793002,221112440603
1770580794002,221230035212
1770580795002,221347131653
1770580796002,221464802006
1770580797002,221582161691
1770580798002,221699184157
1770580799002,221816663288
1770580800002,221933992760
1770580801002,222051086149
1770580802002,222167032691
1770580803002,222279309564
1770580804002,222392141490
1770580805002,222505811731
1770580806002,222620075476
1770580807002,222737793986
1770580808002,222855073654
1770580809002,222973111743
1770580810002,223091398183
1770580811002,223210918019
1770580812002,223329930166
1770580813002,223447975701
1770580814002,223566303035
1770580815002,223684616025
1770580816002,223803744626
1770580817002,223924780022
1770580818002,224046143115
1770580819002,224169296913
1770580820002,224292211149
1770580821002,224415056294
1770580822002,224538831184
1770580823002,224663705010
1770580824003,224805553585
1770580825004,224940667070
1770580826003,225075386390
1770580827003,225210424253
1770580828002,225345060566
1770580829003,225480153177
1770580830002,225615261717
1770580831002,225750045918
1770580832002,225884924540
1770580833002,226019425722
1770580834002,226153950707
1770580835002,226286542225
1770580836002,226419912978
1770580837002,226552645792
1770580838002,226685781560
1770580839002,226821425927
1770580840002,226951662410
1770580841002,227082711330
1770580842002,227211520082
1770580843002,227339019634
1770580844002,227466657552
1770580845002,227594125914
1770580846002,227721290567
1770580847002,227848215352
1770580848002,227974949280
1770580849002,228102799234
1770580850002,228230288531
1770580851002,228357875607
1770580852002,228485883153
1770580853002,228613384779
1770580854002,228741446463
1770580855002,228869337615
1770580856002,228996806466
1770580857002,229124161731
1770580858002,229252573146
1770580859002,229384023004
1770580860002,229516405417
1770580861002,229648963000
1770580862002,229781023758
1770580863002,229912987104
1770580864002,230045712106
1770580865002,230176787027
1770580866002,230308550240
1770580867002,230437609174
1770580868002,230566284199
1770580869002,230694943477
1770580870002,230822780552
1770580871002,230950509229
1770580872002,231078789601
1770580873002,231206508878
1770580874002,231334000495
1770580875002,231463298809
1770580876002,231591561298
1770580877002,231719496091
1770580878002,231849032014
1770580879002,231976783152
1770580880002,232103833608
1770580881002,232231106719
1770580882002,232359297736
1770580883002,232486437548
1770580884002,232614061244
1770580885002,232742456606
1770580886002,232871190957
1770580887002,232999118547
1770580888002,233127328851
1770580889002,233256536284
1770580890003,233393265060
1770580891004,233528421208
1770580892004,233663343104
1770580893004,233798229294
1770580894004,233933199713
1770580895003,234068027981
1770580896003,234202888964
1770580897003,234337883125
1770580898003,234472723906
1770580899004,234607702137
1770580900003,234742718270
1770580901003,234877635467
1770580902002,235012283620
1770580903002,235147520091
1770580904002,235282361664
1770580905002,235416782463
1770580906002,235550547135
1770580907002,235681047289
1770580908002,235811500324
1770580909002,235942482106
1770580910002,236073508382
1770580911002,236204406789
1770580912002,236335220053
1770580913002,236465143793
1770580914002,236593280061
1770580915002,236720078809
1770580916002,236847063347
1770580917002,236974748506
1770580918002,237102053173
1770580919002,237229628042
1770580920002,237357955350
1770580921002,237485572211
1770580922002,237614205182
1770580923002,237740489649
1770580924002,237866793952
1770580925002,237993389026
1770580926002,238120134246
1770580927002,238246799449
1770580928002,238373193412
1770580929002,238499245702
1770580930002,238624643269
1770580931002,238749019294
1770580932002,238871292601
1770580933002,238993840322
1770580934002,239115972761
1770580935002,239238483190
1770580936002,239360952969
1770580937002,239482862691
1770580938002,239605702830
1770580939002,239728715089
1770580940002,239851710440
1770580941002,239974869000
1770580942002,240097342197
1770580943003,240224504530
1770580944003,240365554645
1770580945003,240500515298
1770580946003,240635279418
1770580947003,240770349507
1770580948002,240905297709
1770580949002,241039880616
1770580950002,241174778770
1770580951002,241309628766
1770580952002,241441101147
1770580953002,241572652568
1770580954002,241703611766
1770580955002,241834677837
1770580956002,241966408152
1770580957002,242096536847
1770580958002,242224127829
1770580959002,242351008791
1770580960002,242478291058
1770580961002,242604757043
1770580962002,242731492070
1770580963002,242858027451
1770580964002,242983976348
1770580965002,243107614093
1770580966002,243231174811
1770580967002,243355070063
1770580968002,243475613822
1770580969002,243596061756
1770580970002,243712913324
1770580971002,243830570250
1770580972002,243947816776
1770580973002,244066125128
1770580974002,244188386961
1770580975002,244310995594
1770580976002,244433688701
1770580977002,244556443208
1770580978002,244678506922
1770580979002,244800762712
1770580980002,244923080820
1770580981002,245045104128
1770580982002,245167844597
1770580983002,245289886765
1770580984002,245412642677
1770580985002,245535564359
1770580986002,245657845723
1770580987002,245781226572
1770580988002,245902936038
1770580989002,246024828792
1770580990002,246143675046
1770580991002,246261542725
1770580992002,246380690613
1770580993002,246499425783
1770580994002,246617762760
1770580995002,246737370609
1770580996002,246858737119
1770580997002,246981126271
1770580998002,247105107765
1770580999002,247229892663
1770581000002,247354339793
1770581001002,247480309380
1770581002002,247605146768
1770581003002,247728884367
1770581004002,247852891923
1770581005002,247976593205
1770581006002,248100918631
1770581007002,248225608559
1770581008002,248365776474
1770581009002,248500812627
1770581010002,248635527370
1770581011002,248770606736
1770581012002,248905169746
1770581013002,249040366544
1770581014002,249175186389
1770581015002,249309983713
1770581016002,249444950835
1770581017002,249580060353
1770581018002,249714886790
1770581019002,249849527314
1770581020002,249984762014
1770581021002,250119620800
1770581022002,250254333834
1770581023002,250388940728
1770581024002,250523751968
1770581025002,250656834269
1770581026002,250789167060
1770581027002,250919012980
1770581028002,251050173960
1770581029002,251179346603
1770581030002,251307104393
1770581031002,251434239810
1770581032002,251558666982
1770581033002,251682430459
1770581034002,251806000272
1770581035002,251929274737
1770581036002,252052077462
1770581037002,252174626098
1770581038002,252296893913
1770581039002,252419263534
1770581040002,252541130592
1770581041002,252663202850
1770581042002,252785827048
1770581043002,252907893813
1770581044002,253030525946
1770581045002,253152201110
1770581046002,253272938899
1770581047002,253392719232
1770581048002,253515308335
1770581049002,253634880173
1770581050002,253755122052
1770581051002,253875281962
1770581052002,253995099160
1770581053002,254115541723
1770581054002,254235286533
1770581055002,254355701508
1770581056002,254475921965
1770581057002,254596119838
1770581058002,254716551109
1770581059002,254837478595
1770581060002,254956944659
1770581061002,255095479888
1770581062002,255232356124
1770581063002,255367124151
1770581064002,255501707364
1770581065002,255636322192
1770581066002,255771879463
1770581067002,255906298308
1770581068002,256040517203
1770581069002,256172513447
1770581070002,256299815855
1770581071002,256423335009
1770581072002,256546459999
1770581073002,256669987210
1770581074002,256793656937
1770581075002,256917821414
1770581076002,257042151235
1770581077002,257166070596
1770581078002,257289371610
1770581079002,257411019126
1770581080002,257531250020
1770581081002,257651650041
1770581082002,257771221390
1770581083002,257886930628
1770581084002,258002419162
1770581085002,258117441695
1770581086002,258232400202
1770581087002,258347446661
1770581088002,258462738236
1770581089002,258578303064
1770581090002,258692946264
1770581091002,258807515734
1770581092002,258922979489
1770581093002,259037636361
1770581094002,259150738488
1770581095002,259263896036
1770581096002,259377833610
1770581097002,259499123339
1770581098002,259643399764
1770581099002,259778417729
1770581100003,259913048427
1770581101002,260048225388
1770581102002,260183088568
1770581103002,260317968899
1770581104002,260452629565
1770581105002,260587658455
1770581106002,260722301055
1770581107002,260857034779
1770581108002,260991423046
1770581109002,261121823347
1770581110002,261243166359
1770581111002,261368398827
1770581112002,261494472174
1770581113002,261614270268
1770581114002,261732928533
1770581115002,261848822402
1770581116002,261963593226
1770581117002,262078116859
1770581118002,49460810
1770581119002,164664312
1770581120002,279354509
1770581121002,397201497
1770581122002,517267535
1770581123002,636524005
1770581124002,756623368
1770581125002,876627272
1770581126002,996661388
1770581127002,1117177682
1770581128002,1237385748
1770581129002,1357200993
1770581130002,1477873902
1770581131002,1597794249
1770581132002,1718178584
1770581133002,1838599297
1770581134002,1961165694
1770581135002,2080293441
1770581136002,2200044294
1770581137002,2317186572
1770581138002,2432425596
1770581139002,2549106206
1770581140002,2670764464
1770581141002,2790840389
1770581142002,2911209649
1770581143002,3030894889
1770581144002,3150145011
1770581145002,3270608875
1770581146003,3400645957
1770581147004,3540808928
1770581148003,3675615468
1770581149003,3810699473
1770581150003,3945491486
1770581151002,4080249014
1770581152002,4215270703
1770581153002,4350243624
1770581154003,4485021904
1770581155003,4620195630
1770581156003,4755098422
1770581157003,4889666132
1770581158002,5024636184
1770581159002,5159900242
1770581160002,5294347774
1770581161002,5429367875
1770581162002,5564263648
1770581163002,5699088193
1770581164002,5832473594
1770581165002,5965777879
1770581166002,6094013696
1770581167002,6220644231
1770581168002,6343466243
1770581169002,6466124682
1770581170002,6588142619
1770581171002,6706774212
1770581172002,6825583417
1770581173002,6944567182
1770581174002,7062421678
1770581175002,7180593128
1770581176002,7298442802
1770581177002,7416630732
1770581178002,7534233642
1770581179002,7653157653
1770581180002,7771089419
1770581181002,7889776616
1770581182002,8008883610
1770581183002,8127369391
1770581184002,8245665109
1770581185002,8364274058
1770581186002,8482452405
1770581187002,8600711746
1770581188002,8718270894
1770581189002,8836229881
1770581190002,8954037990
1770581191002,9072125701
1770581192002,9190797821
1770581193002,9308831027
1770581194002,9427013037
1770581195002,9544606547
1770581196002,9662725812
1770581197002,9782963847
1770581198002,9901934428
1770581199002,10019168930
1770581200002,10137204151
1770581201002,10254335321
1770581202002,10372306820
1770581203002,10491299619
1770581204002,10609524109
1770581205002,10727681033
1770581206002,10846368778
1770581207002,10964012337
1770581208002,11082159984
1770581209002,11200725476
1770581210002,11320998239
1770581211002,11438297072
1770581212002,11556016742
1770581213002,11674131063
1770581214002,11792254052
1770581215002,11911957054
1770581216002,12046328170
1770581217002,12176582597
1770581218002,12302009827
1770581219002,12427210801
1770581220002,12549880591
1770581221002,12671649567
1770581222002,12793390649
1770581223002,12914820331
1770581224002,13036868358
1770581225002,13158565374
1770581226002,13280288023
1770581227002,13401549737
1770581228002,13522458668
1770581229002,13641026907
1770581230002,13758718866
1770581231002,13877755488
1770581232002,13995968381
1770581233002,14113189395
1770581234002,14230261177
1770581235002,14347655103
1770581236002,14464534259
1770581237002,14581553369
1770581238002,14698587737
1770581239002,14816139011
1770581240002,14933273233
1770581241002,15050510664
1770581242002,15168531908
1770581243002,15285604911
1770581244002,15402354795
1770581245002,15519421634
1770581246002,15637562628
1770581247002,15756154854
1770581248002,15875021920
1770581249002,15993371105
1770581250002,16112109875
1770581251002,16232292734
1770581252002,16365564366
1770581253002,16504346969
1770581254002,16639738102
1770581255002,16774641993
1770581256002,16909530991
1770581257002,17044355292
1770581258002,17179284145
1770581259002,17314077013
1770581260002,17449037483
1770581261002,17583758452
1770581262002,17717891409
1770581263002,17849585225
1770581264002,17980977284
1770581265002,18113659744
1770581266002,18245648054
1770581267002,18378351999
1770581268002,18511214818
1770581269002,18644220886
1770581270002,18776284513
1770581271002,18905394229
1770581272002,19034842444
1770581273002,19163871960
1770581274002,19292477710
1770581275002,19419072357
1770581276002,19543820084
1770581277002,19669207764
1770581278002,19794668380
1770581279002,19920429655
1770581280002,20045588331
1770581281002,20171133725
1770581282002,20296342267
1770581283002,20421653408
1770581284002,20546445997
1770581285002,20671097472
1770581286002,20795651169
1770581287002,20920075777
1770581288002,21044932086
1770581289002,21168440010
1770581290002,21291980160
1770581291002,21415827804
1770581292002,21539594699
1770581293002,21663711325
1770581294002,21786221815
1770581295002,21906589121
1770581296002,22027635564
1770581297002,22148157350
1770581298002,22268002380
1770581299002,22388244504
1770581300002,22508092952
1770581301002,22628985343
1770581302002,22751246749
1770581303002,22871429974
1770581304002,22991883218
1770581305002,23112478185
1770581306002,23237473592
1770581307002,23366499141
1770581308002,23486727105
1770581309002,23607069021
1770581310002,23726760182
1770581311002,23846240894
1770581312002,23967028243
1770581313002,24086803510
1770581314002,24207620340
1770581315002,24341187869
1770581316002,24479860060
1770581317002,24614856480
1770581318002,24749265499
1770581319002,24873933331
1770581320002,24996433323
1770581321002,25115990146
1770581322002,25235184421
1770581323002,25354337314
1770581324002,25472727941
1770581325002,25588456343
1770581326002,25701986448
1770581327002,25815359022
1770581328003,25926471103
1770581329002,26037954766
1770581330002,26149443189
1770581331002,26265384664
1770581332002,26383671105
1770581333002,26502580651
1770581334002,26621756066
1770581335002,26739125578
1770581336002,26855157507
1770581337002,26973938942
1770581338002,27088284596
1770581339002,27202499575
1770581340002,27317670667
1770581341002,27435844314
1770581342002,27556186902
1770581343003,27683861319
1770581344003,27825339899
1770581345003,27960264664
1770581346004,28095146154
1770581347003,28230097408
1770581348003,28364983293
1770581349003,28499860755
1770581350003,28634909177
1770581351002,28769205098
1770581352002,28904725930
1770581353002,29039303833
1770581354002,29174439290
1770581355002,29307471115
1770581356002,29439347547
1770581357002,29566750053
1770581358002,29691377481
1770581359002,29815571438
1770581360002,29939390823
1770581361002,30064340332
1770581362002,30188403857
1770581363002,30312691869
1770581364002,30436689049
1770581365002,30561087962
1770581366002,30684986204
1770581367002,30810098005
1770581368002,30934543793
1770581369002,31059337785
1770581370002,31183834842
1770581371002,31308879321
1770581372002,31434496920
1770581373002,31559861345
1770581374002,31684609683
1770581375002,31809028492
1770581376002,31934035375
1770581377002,32058778769
1770581378002,32183335579
1770581379002,32308675102
1770581380002,32435533175
1770581381002,32560375385
1770581382002,32685948733
1770581383002,32811699021
1770581384002,32936553743
1770581385002,33061750688
1770581386002,33187040773
1770581387002,33318735321
1770581388002,33448267216
1770581389002,33578618750
1770581390003,33708434580
1770581391002,33837150986
1770581392002,33967823137
1770581393002,34098926439
1770581394002,34228626241
1770581395002,34357388973
1770581396002,34487094818
1770581397002,34616985843
1770581398002,34746609290
1770581399002,34875793286
1770581400002,35007206035
1770581401002,35136751602
1770581402002,35266997118
1770581403002,35397082967
1770581404002,35526234125
1770581405002,35655765532
1770581406003,35793118452
1770581407004,35928256106
1770581408003,36062985925
1770581409003,36197966842
1770581410003,36332781743
1770581411003,36467870326
1770581412002,36602528367
1770581413003,36737737188
1770581414002,36872412625
1770581415002,37007273242
1770581416002,37142250923
1770581417002,37277259062
1770581418002,37411878224
1770581419002,37546848459
1770581420002,37681937713
1770581421002,37816275321
1770581422002,37949403886
1770581423002,38083279154
1770581424002,38216838566
1770581425002,38351135463
1770581426002,38484392690
1770581427002,38617832107
1770581428002,38751462929
1770581429002,38885379029
1770581430002,39018094632
1770581431002,39151232658
1770581432002,39284604448
1770581433002,39418370463
1770581434002,39552460146
1770581435002,39686151210
1770581436002,39819559316
1770581437002,39952775345
1770581438002,40085986002
1770581439002,40219484257
1770581440002,40353150907
1770581441002,40487392018
1770581442002,40620898695
1770581443002,40754120400
1770581444002,40884515635
1770581445002,41013946883
1770581446002,41143347370
1770581447002,41272390069
1770581448002,41401542022
1770581449002,41531369875
1770581450002,41661741368
1770581451002,41791331429
1770581452002,41920972638
1770581453002,42045361296
1770581454002,42167324668
1770581455002,42287150838
1770581456002,42408136979
1770581457002,42527862502
1770581458002,42650069099
1770581459002,42774708977
1770581460002,42898950725
1770581461002,43023564358
1770581462002,43147961440
1770581463002,43267539320
1770581464002,43388534615
1770581465002,43512373288
1770581466002,43636250595
1770581467002,43760568514
1770581468002,43884111838
1770581469002,44008620675
1770581470002,44133136408
1770581471002,44257835613
1770581472002,44387699477
1770581473002,44526994409
1770581474002,44661976973
1770581475002,44793980908
1770581476002,44916911501
1770581477002,45036112185
1770581478002,45154357304
1770581479002,45272472236
1770581480002,45390180675
1770581481002,45508686231
1770581482002,45626839982
1770581483002,45745380877
1770581484002,45863373190
1770581485002,45982071433
1770581486002,46101003563
1770581487002,46230805537
1770581488002,46371190676
1770581489002,46506141991
1770581490002,46641012617
1770581491002,46775752629
1770581492002,46910793055
1770581493002,47045454087
1770581494002,47180025642
1770581495002,47313698151
1770581496002,47447513787
1770581497002,47581719621
1770581498002,47716005593
1770581499002,47849260989
1770581500002,47981866301
1770581501002,48115243584
1770581502002,48247777913
1770581503002,48379604053
1770581504002,48508787804
1770581505002,48631058731
1770581506002,48752335948
1770581507002,48873860966
1770581508002,49004371557
1770581509002,49143759445
1770581510002,49278637335
1770581511002,49401981562
1770581512002,49513213822
1770581513002,49621515607
1770581514002,49729538524
1770581515002,49837621743
1770581516002,49945558418
1770581517002,50053611791
1770581518002,50161590885
1770581519002,50270209442
1770581520002,50377835204
1770581521002,50487189050
1770581522002,50606995323
1770581523002,50752175371
1770581524003,50887081459
1770581525002,51021918455
1770581526002,51156613301
1770581527002,51291383098
1770581528002,51422605296
1770581529002,51541622386
1770581530002,51653132904
1770581531002,51761034788
1770581532002,51869189602
1770581533002,51975486388
1770581534002,52081159152
1770581535002,52190401304
1770581536002,52301854754
1770581537002,52414604770
1770581538002,52526369682
1770581539002,52652847630
1770581540002,52794940284
1770581541002,52929512998
1770581542002,53064506854
1770581543002,53199709511
1770581544002,53334122985
1770581545003,53469397663
1770581546003,53604291300
1770581547003,53739214172
1770581548003,53874342977
1770581549002,54009064129
1770581550003,54143835329
1770581551002,54278984885
1770581552002,54413833905
1770581553002,54548526676
1770581554002,54683128565
1770581555002,54818267990
1770581556002,54953293584
1770581557002,55088094936
1770581558002,55222986497
1770581559002,55357940924
1770581560002,55492516325
1770581561002,55627228260
1770581562002,55755924952
1770581563002,55880967601
1770581564002,56006231623
1770581565002,56130977398
1770581566002,56255588224
1770581567002,56380112624
1770581568002,56503794131
1770581569002,56622742374
1770581570002,56738845287
1770581571002,56852886560
1770581572002,56966000406
1770581573002,57078715084
1770581574002,57191675549
1770581575002,57304168669
1770581576002,57416992599
1770581577002,57529993469
1770581578002,57642453753
1770581579002,57755092258
1770581580002,57866486566
1770581581002,57974909445
1770581582002,58083605578
1770581583002,58192586195
1770581584002,58301297220
1770581585002,58409749518
1770581586002,58518842134
1770581587002,58628023862
1770581588002,58736277796
1770581589002,58845285696
1770581590002,58955442701
1770581591002,59074338576
1770581592002,59207760781
1770581593002,59341360292
1770581594002,59474995631
1770581595002,59609482348
1770581596002,59743991281
1770581597002,59870241263
1770581598002,59995437780
1770581599002,60118855616
1770581600002,60237087308
1770581601002,60354098789
1770581602002,60472030677
1770581603002,60589207012
1770581604002,60706712815
1770581605002,60824096304
1770581606002,60940749814
1770581607002,61054552684
1770581608002,61167870448
1770581609002,61280794841
1770581610002,61394377558
1770581611002,61516117969
1770581612002,61659789294
1770581613002,61794989814
1770581614003,61929840055
1770581615002,62064995104
1770581616002,62199981819
1770581617002,62334421295
1770581618002,62469563344
1770581619002,62604149913
1770581620002,62736036538
1770581621002,62859930447
1770581622002,62980230310
1770581623002,63097692717
1770581624002,63214605382
1770581625002,63331990701
1770581626002,63449369917
1770581627002,63566151113
1770581628002,63683951836
1770581629002,63801011961
1770581630002,63913771255
1770581631002,64026916473
1770581632002,64140122544
1770581633002,64253617797
1770581634002,64366695511
1770581635002,64479829499
1770581636002,64593028916
1770581637002,64705963136
1770581638002,64819308366
1770581639002,64932923187
1770581640002,65045307970
1770581641002,65158178043
1770581642002,65271442157
1770581643002,65391000750
1770581644002,65535697889
1770581645002,65670651462
1770581646003,65805511041
1770581647002,65940154190
1770581648002,66075025183
1770581649002,66210001278
1770581650002,66339273469
1770581651002,66462885640
1770581652002,66580649743
1770581653002,66696444430
1770581654002,66811109236
1770581655002,66922194767
1770581656002,67033060511
1770581657002,67145809002
1770581658002,67256846865
1770581659002,67368272849
1770581660002,67478951459
1770581661002,67587381175
1770581662002,67695732948
1770581663002,67803352240
1770581664002,67911015356
1770581665002,68018510991
1770581666002,68126728183
1770581667002,68237286737
1770581668002,68340431798
1770581669002,68442976030
1770581670002,68544750062
1770581671002,68646336105
1770581672002,68752209675
1770581673002,68860034167
1770581674002,68968606032
1770581675002,69076077681
1770581676002,69184121105
1770581677002,69291608623
1770581678002,69400073922
1770581679002,69507707191
1770581680002,69614028818
1770581681002,69724201998
1770581682002,69851665966
1770581683002,69994453504
1770581684002,70129139072
1770581685003,70264535820
1770581686002,70399508131
1770581687002,70534338779
1770581688002,70664860296
1770581689002,70787186643
1770581690002,70910185779
1770581691002,71029986070
1770581692002,71149543442
1770581693002,71265020197
1770581694002,71378011607
1770581695002,71491542628
1770581696002,71604879557
1770581697002,71718781609
1770581698002,71832589972
1770581699002,71946315084
1770581700002,72060830416
1770581701002,72174708970
1770581702002,72289181699
1770581703002,72403304820
1770581704002,72518683248
1770581705002,72633782257
1770581706002,72749879311
1770581707002,72865187793
1770581708002,72985689498
1770581709002,73121665286
1770581710002,73256858116
1770581711002,73392178814
1770581712002,73526291325
1770581713002,73658064120
1770581714002,73789118350
1770581715002,73920584383
1770581716002,74052178834
1770581717002,74184970181
1770581718002,74318272025
1770581719002,74452615431
1770581720002,74583420760
1770581721002,74714457778
1770581722002,74846742718
1770581723002,74977958873
1770581724002,75109605570
1770581725002,75243961000
1770581726002,75379664022
1770581727002,75511411853
1770581728002,75642516986
1770581729002,75773125051
1770581730002,75903868429
1770581731002,76034004327
1770581732002,76158791666
1770581733002,76286432452
1770581734002,76415755180
1770581735002,76539907511
1770581736002,76664463833
1770581737002,76789126356
1770581738002,76916080010
1770581739002,77044516083
1770581740002,77177011471
1770581741002,77314921763
1770581742003,77449821137
1770581743003,77584632559
1770581744002,77719646557
1770581745002,77854634920
1770581746002,77989451835
1770581747002,78124363599
1770581748004,78259698458
1770581749002,78394343377
1770581750002,78529116958
1770581751002,78664267185
1770581752002,78799114313
1770581753002,78934050552
1770581754002,79068463721
1770581755002,79203764278
1770581756002,79338621172
1770581757002,79473351296
1770581758002,79605651799
1770581759002,79738180147
1770581760002,79868521488
1770581761002,79994597825
1770581762002,80119828034
1770581763002,80244586870
1770581764002,80369921083
1770581765002,80494585315
1770581766002,80619341709
1770581767002,80744681903
1770581768002,80869455144
1770581769002,80994990101
1770581770002,81118868262
1770581771002,81243191614
1770581772002,81367992747
1770581773002,81493307428
1770581774002,81619587440
1770581775002,81759673751
1770581776002,81894277349
1770581777002,82029087551
1770581778002,82161983146
1770581779002,82285335491
1770581780002,82405295999
1770581781002,82522423995
1770581782002,82638320000
1770581783002,82753581607
1770581784002,82865034324
1770581785002,82975248581
1770581786002,83085703559
1770581787002,83195589875
1770581788002,83305088496
1770581789002,83410125214
1770581790002,83514675423
1770581791002,83623940585
1770581792002,83733838985
1770581793002,83839689849
1770581794002,83947830259
1770581795002,84057785727
1770581796002,84167807357
1770581797002,84280972655
1770581798002,84422233829
1770581799002,84548085192
1770581800002,84662435485
1770581801002,84776648999
1770581802002,84895482496
1770581803002,85015119641
1770581804002,85134728465
1770581805002,85254151377
1770581806002,85375627385
1770581807002,85493365364
1770581808002,85611284923
1770581809002,85730933787
1770581810002,85850999337
1770581811002,85971924686
1770581812002,86092900146
1770581813002,86214078424
1770581814002,86336853256
1770581815002,86458706948
1770581816002,86579883823
1770581817002,86700913054
1770581818002,86822339501
1770581819002,86946023877
1770581820003,87079266151
1770581821003,87217524464
1770581822004,87352493051
1770581823004,87487589690
1770581824004,87622493642
1770581825003,87757274547
1770581826002,87891959566
1770581827003,88027263052
1770581828002,88161875562
1770581829002,88297002291
1770581830002,88431675713
1770581831002,88566912489
1770581832002,88701697178
1770581833002,88836581415
1770581834002,88971732742
1770581835002,89106200476
1770581836002,89241424068
1770581837002,89376023394
1770581838002,89510840492
1770581839002,89645846189
1770581840002,89780414814
1770581841002,89905458318
1770581842002,90024949833
1770581843002,90145371949
1770581844002,90264881103
1770581845002,90384225891
1770581846002,90503888487
1770581847002,90623427915
1770581848002,90743028561
1770581849002,90862738032
1770581850002,90982105525
1770581851002,91105366073
1770581852002,91229539278
1770581853002,91354181782
1770581854002,91479045109
1770581855002,91602169062
1770581856002,91724440966
1770581857002,91845410199
1770581858002,91966377236
1770581859002,92086637243
1770581860002,92207643708
1770581861002,92328628017
1770581862002,92452705398
1770581863002,92578519590
1770581864002,92704071575
1770581865002,92829899256
1770581866002,92955587289
1770581867002,93081483939
1770581868002,93208295809
1770581869002,93333806352
1770581870002,93460246153
1770581871002,93589019017
1770581872002,93714613361
1770581873002,93840068423
1770581874002,93965809617
1770581875002,94091163605
1770581876002,94217817090
1770581877002,94345304190
1770581878002,94485578550
1770581879003,94620431843
1770581880003,94755344034
1770581881002,94890244995
1770581882002,95025469197
1770581883002,95160488261
1770581884002,95294930665
1770581885002,95430180685
1770581886002,95564792096
1770581887002,95700057741
1770581888002,95834973289
1770581889002,95969519393
1770581890002,96104796024
1770581891002,96239701928
1770581892002,96374331589
1770581893002,96509377874
1770581894002,96644241115
1770581895002,96778841539
1770581896002,96913921516
1770581897002,97049038785
1770581898002,97183862475
1770581899002,97318790963
1770581900002,97453510100
1770581901003,97588645741
1770581902004,97723644907
1770581903004,97858517181
1770581904005,97993501089
1770581905004,98128416271
1770581906004,98263376313
1770581907004,98398249259
1770581908003,98533152417
1770581909003,98667962619
1770581910003,98802795709
1770581911002,98937737563
1770581912002,99072881199
1770581913003,99207767694
1770581914002,99342482804
1770581915002,99477582617
1770581916002,99612034726
1770581917002,99746994769
1770581918002,99882052223
1770581919002,100016842589
1770581920002,100151904255
1770581921002,100286906167
1770581922002,100421644409
1770581923002,100556578084
1770581924002,100691525126
1770581925002,100826058290
1770581926002,100961189109
1770581927002,101096082501
1770581928002,101230898013
1770581929002,101366146385
1770581930002,101500866744
1770581931002,101635651005
1770581932002,101770666956
1770581933002,101905700119
1770581934002,102040394537
1770581935002,102175037320
1770581936002,102310142809
1770581937002,102445024666
1770581938002,102579799589
1770581939002,102714884143
1770581940002,102849753732
1770581941002,102984673065
1770581942002,103119580678
1770581943002,103254493602
1770581944002,103389231843
1770581945002,103524020866
1770581946002,103658832411
1770581947002,103793632053
1770581948002,103928888238
1770581949002,104063607070
1770581950002,104198768589
1770581951003,104333772211
1770581952004,104468762527
1770581953004,104603616186
1770581954004,104738582210
1770581955004,104873466020
1770581956004,105008408484
1770581957004,105143371579
1770581958003,105278201007
1770581959003,105413160622
1770581960002,105547986388
1770581961002,105682786458
1770581962002,105817931497
1770581963002,105952698853
1770581964002,106087661276
1770581965002,106222373699
1770581966002,106357413942
1770581967002,106492191368
1770581968002,106627332990
1770581969002,106761997623
1770581970002,106896875635
1770581971002,107031724533
1770581972002,107166534063
1770581973002,107301815577
1770581974002,107436509690
1770581975002,107571305122
1770581976002,107706089933
1770581977002,107841328966
1770581978002,107976213265
1770581979002,108111046904
1770581980002,108245773610
1770581981002,108380541026
1770581982002,108515487580
1770581983002,108648994257
1770581984002,108782691791
1770581985002,108915223556
1770581986002,109047433911
1770581987002,109179811319
1770581988002,109312050177
1770581989002,109444734896
1770581990002,109576966186
1770581991002,109708699491
1770581992002,109840877131
1770581993002,109972613061
1770581994002,110104148674
1770581995002,110235575889
1770581996002,110365407649
1770581997002,110494269074
1770581998002,110632957623
1770581999002,110767759402
1770582000002,110900442595
1770582001002,111034648306
1770582002002,111167269549
1770582003002,111298812059
1770582004002,111430330094
1770582005002,111557839411
1770582006002,111685745577
1770582007002,111814581124
1770582008002,111944041120
1770582009002,112070319849
1770582010002,112197386296
1770582011002,112324205857
1770582012002,112452184899
1770582013002,112583619927
1770582014003,112722105046
1770582015004,112856960353
1770582016004,112991894150
1770582017003,113126646063
1770582018002,113261207853
1770582019002,113395570180
1770582020002,113528795058
1770582021002,113660582929
1770582022002,113793168527
1770582023002,113924477639
1770582024002,114053735121
1770582025002,114188565525
1770582026002,114324129631
1770582027002,114453088469
1770582028002,114582923830
1770582029002,114709127242
1770582030002,114836268823
1770582031002,114964431215
1770582032002,115093171425
1770582033002,115226562135
1770582034003,115363632646
1770582035003,115498696449
1770582036003,115633591916
1770582037002,115767724874
1770582038002,115900867660
1770582039002,116033827769
1770582040002,116165261637
1770582041002,116292136922
1770582042002,116422864188
1770582043002,116556115800
1770582044002,116689278606
1770582045003,116824858642
1770582046003,116959736287
1770582047004,117094554851
1770582048004,117229470033
1770582049003,117364245689
1770582050003,117499156537
1770582051004,117634245120
1770582052003,117768993432
1770582053003,117903683212
1770582054002,118038630864
1770582055002,118173172451
1770582056002,118307642871
1770582057002,118441223034
1770582058002,118571673750
1770582059002,118704154307
1770582060002,118839801299
1770582061002,118971773617
1770582062002,119104297143
1770582063002,119233319822
1770582064002,119362995577
1770582065003,119501373335
1770582066004,119636362797
1770582067003,119771450403
1770582068003,119906130661
1770582069003,120041069464
1770582070002,120175718594
1770582071002,120310760851
1770582072002,120445788764
1770582073002,120580661588
1770582074002,120715104908
1770582075002,120850166697
1770582076002,120985242034
1770582077002,121120088857
1770582078002,121254847484
1770582079002,121389713167
1770582080002,121524622123
1770582081002,121659683057
1770582082003,121794514743
1770582083004,121929637444
1770582084003,122064503798
1770582085003,122199440952
1770582086003,122334419977
1770582087003,122469181778
1770582088002,122604119299
1770582089003,122739083675
1770582090003,122873925065
1770582091002,123008999061
1770582092002,123143637571
1770582093002,123278752337
1770582094002,123413329751
1770582095002,123548252502
1770582096002,123683100850
1770582097002,123818128825
1770582098002,123953130494
1770582099002,124087828574
1770582100002,124222809063
1770582101002,124357736636
1770582102002,124492707726
1770582103002,124627240401
1770582104002,124762546390
1770582105002,124897156092
1770582106002,125031962693
1770582107002,125167237188
1770582108002,125301980617
1770582109002,125436876695
1770582110002,125571835090
1770582111002,125706689054
1770582112002,125841547595
1770582113002,125976612374
1770582114002,126111060638
1770582115002,126246198842
1770582116004,126381208872
1770582117004,126516282135
1770582118038,126652295581
1770582119042,126790754943
1770582120025,126923879297
1770582121043,127058800033
1770582122033,127194832278
1770582123004,127325870456
1770582124005,127460898552
1770582125014,127596879161
1770582126005,127730743504
1770582127004,127865521174
1770582128005,128000575149
1770582129004,128135523595
1770582130004,128270437373
1770582131004,128405224748
1770582132004,128540205115
1770582133004,128675158322
1770582134004,128810017901
1770582135004,128945042946
1770582136004,129079851866
1770582137003,129214666951
1770582138003,129349701029
1770582139004,129484622620
1770582140004,129619533163
1770582141004,129754440715
1770582142003,129889518189
1770582143002,130024060448
1770582144002,130159154157
1770582145002,130293965701
1770582146002,130428747217
1770582147002,130563776656
1770582148002,130698589788
1770582149002,130833608546
1770582150002,130968561020
1770582151002,131103044868
1770582152002,131238253567
1770582153002,131373098071
1770582154002,131507971505
1770582155002,131643088224
1770582156002,131777581593
1770582157002,131912961069
1770582158002,132047629425
1770582159002,132182509085
1770582160002,132317528392
1770582161002,132452289583
1770582162002,132587174919
1770582163002,132722180249
1770582164002,132856880466
1770582165002,132991508906
1770582166002,133126434830
1770582167002,133261471471
1770582168002,133396257442
1770582169002,133531278398
1770582170002,133666071693
1770582171002,133801073056
1770582172002,133935842853
1770582173003,134071067482
1770582174004,134205957213
1770582175003,134341042987
1770582176002,134475784342
1770582177002,134610810729
1770582178002,134745778951
1770582179002,134880523784
1770582180003,135015273805
1770582181002,135150483176
1770582182002,135285308514
1770582183003,135419920474
1770582184002,135555346825
1770582185002,135689870162
1770582186002,135825009464
1770582187002,135959524013
1770582188002,136094787643
1770582189002,136229860601
1770582190002,136364630458
1770582191002,136499282824
1770582192002,136634310798
1770582193002,136769280362
1770582194002,136903897449
1770582195002,137039114205
1770582196002,137173952117
1770582197002,137308790212
1770582198002,137443660594
1770582199002,137577536899
1770582200002,137709253176
1770582201002,137837661783
1770582202002,137964827595
1770582203002,138090394046
1770582204002,138218129009
1770582205003,138347488847
1770582206002,138476630179
1770582207002,138605572842
1770582208002,138730928051
1770582209002,138855872128
1770582210002,138983081641
1770582211002,139110107256
1770582212002,139234902651
1770582213002,139359950000
1770582214002,139484481969
1770582215002,139609786274
1770582216002,139738868585
1770582217002,139867954009
1770582218002,139996760320
1770582219002,140125982707
1770582220002,140254503252
1770582221002,140383564018
1770582222002,140512244230
1770582223002,140641379398
1770582224002,140770884803
1770582225002,140904372926
1770582226002,141040852496
1770582227003,141176105934
1770582228004,141311057188
1770582229004,141446095355
1770582230004,141580998696
1770582231004,141716006407
1770582232003,141850776814
1770582233003,141985610392
1770582234004,142120595215
1770582235003,142255611288
1770582236003,142390587078
1770582237004,142525463869
1770582238003,142660182396
1770582239002,142794899824
1770582240002,142929786808
1770582241002,143065027856
1770582242002,143199951339
1770582243002,143334780461
1770582244002,143469461147
1770582245002,143604394884
1770582246002,143739423652
1770582247002,143874192350
1770582248002,144009100268
1770582249002,144143749704
1770582250002,144278734161
1770582251002,144413877552
1770582252002,144548888071
1770582253002,144683676911
1770582254002,144818666677
1770582255002,144953397778
1770582256002,145088422579
1770582257002,145223254509
1770582258002,145358215711
1770582259002,145493124118
1770582260002,145627786127
1770582261002,145762647232
1770582262002,145896212442
1770582263002,146029455448
1770582264002,146162878568
1770582265002,146295684319
1770582266002,146428777179
1770582267002,146562230695
1770582268002,146698200501
1770582269002,146833018881
1770582270002,146967671491
1770582271002,147102568301
1770582272002,147237255273
1770582273002,147370773913
1770582274002,147501161885
1770582275002,147629629940
1770582276002,147759283234
1770582277002,147888732854
1770582278002,148018605934
1770582279002,148149811836
1770582280002,148278950116
1770582281002,148407294697
1770582282002,148535864986
1770582283002,148663834385
1770582284002,148792724497
1770582285002,148921905380
1770582286002,149049832786
1770582287002,149177410036
1770582288002,149312397178
1770582289002,149443086540
1770582290002,149572574185
1770582291002,149703662534
1770582292002,149833307282
1770582293002,149969729296
1770582294002,150104985542
1770582295002,150239547392
1770582296002,150374402638
1770582297002,150509608529
1770582298003,150644623137
1770582299003,150779558644
1770582300004,150914439829
1770582301005,151049458466
1770582302004,151184341726
1770582303004,151319165234
1770582304004,151454186006
1770582305003,151589157829
1770582306003,151723659743
1770582307002,151858765049
1770582308002,151993484613
1770582309002,152128720290
1770582310002,152263306249
1770582311002,152398586176
1770582312002,152533171953
1770582313002,152667910316
1770582314002,152802874326
1770582315002,152937809833
1770582316002,153072506998
1770582317002,153207750365
1770582318002,153342643635
1770582319002,153477214091
1770582320002,153612089662
1770582321002,153745635462
1770582322002,153878339651
1770582323002,154010885394
1770582324002,154143476607
1770582325002,154275034681
1770582326002,154405994612
1770582327002,154535653276
1770582328002,154662894162
1770582329002,154791017491
1770582330002,154919090710
1770582331002,155047440785
1770582332002,155176802331
1770582333002,155305107239
1770582334002,155427217827
1770582335002,155549447434
1770582336002,155670753032
1770582337002,155792103368
1770582338002,155913424407
1770582339002,156038609817
1770582340002,156164548581
1770582341002,156290184612
1770582342002,156415721034
1770582343002,156541016307
1770582344002,156666444574
1770582345002,156791447428
1770582346002,156914774566
1770582347002,157038724871
1770582348002,157168309989
1770582349002,157303852244
1770582350003,157440258084
1770582351004,157575332629
1770582352004,157710376655
1770582353004,157845255766
1770582354005,157980281543
1770582355004,158115147958
1770582356004,158249967193
1770582357005,158384987660
1770582358004,158519913096
1770582359004,158654761445
1770582360003,158789583304
1770582361004,158924631054
1770582362004,159059565340
1770582363003,159194365471
1770582364003,159329315931
1770582365002,159464187962
1770582366003,159599131769
1770582367003,159733854263
1770582368002,159869163182
1770582369002,160003763607
1770582370002,160138957596
1770582371002,160273531104
1770582372002,160408377256
1770582373002,160543465289
1770582374002,160678178994
1770582375002,160813068358
1770582376002,160947268821
1770582377002,161080321886
1770582378002,161211653520
1770582379002,161343850691
1770582380002,161474213639
1770582381002,161605007615
1770582382002,161735901384
1770582383002,161866888476
1770582384002,161997636371
1770582385002,162125312069
1770582386002,162251288920
1770582387002,162374987822
1770582388002,162500817517
1770582389002,162623821596
1770582390002,162747165702
1770582391002,162870809001
1770582392002,162994759612
1770582393002,163119146683
1770582394003,163257252470
1770582395003,163392944994
1770582396004,163527695931
1770582397004,163662820401
1770582398003,163796536673
1770582399003,163932332468
1770582400003,164067312591
1770582401003,164202184988
1770582402002,164337104259
1770582403002,164472053498
1770582404002,164606823417
1770582405002,164741879224
1770582406002,164876639132
1770582407002,165011634575
1770582408002,165146238113
1770582409003,165281451695
1770582410004,165416454279
1770582411004,165551394485
1770582412004,165686322301
1770582413004,165821172298
1770582414004,165956176286
1770582415004,166091070228
1770582416003,166225953610
1770582417002,166360698199
1770582418002,166495506204
1770582419002,166630172363
1770582420002,166765210531
1770582421002,166900001506
1770582422002,167034443362
1770582423002,167169603172
1770582424002,167304363447
1770582425002,167439272648
1770582426002,167573599819
1770582427002,167707835803
1770582428002,167842515573
1770582429002,167977574248
1770582430002,168107822999
1770582431002,168239100739
1770582432002,168369701601
1770582433002,168499166541
1770582434002,168628923594
1770582435002,168759098920
1770582436002,168889492202
1770582437002,169018459584
1770582438002,169144797334
1770582439002,169271341871
1770582440002,169397476375
1770582441002,169523147928
1770582442002,169648335230
1770582443002,169772472241
1770582444002,169897718625
1770582445002,170023072064
1770582446002,170149858421
1770582447002,170273939891
1770582448002,170398505734
1770582449002,170523170576
1770582450002,170648655484
1770582451002,170776520696
1770582452002,170903346299
1770582453002,171028044711
1770582454002,171151080773
1770582455002,171274531384
1770582456002,171400466304
1770582457002,171524141829
1770582458002,171656917429
1770582459002,171794985435
1770582460002,171925313898
1770582461002,172055827785
1770582462002,172186951839
1770582463002,172317815579
1770582464002,172448778012
1770582465002,172580221767
1770582466002,172712643853
1770582467003,172849337716
1770582468003,172984459197
1770582469004,173119289418
1770582470004,173254247508
1770582471004,173389089325
1770582472004,173524077810
1770582473003,173658952282
1770582474004,173793998689
1770582475004,173928933097
1770582476003,174063815015
1770582477004,174198812106
1770582478003,174333462457
1770582479002,174468252945
1770582480002,174603430760
1770582481002,174738375178
1770582482003,174873268204
1770582483004,175008287207
1770582484004,175143273616
1770582485003,175278014482
1770582486003,175412927833
1770582487002,175547927183
1770582488003,175682824481
1770582489003,175817731424
1770582490003,175952546386
1770582491002,176087518269
1770582492002,176222163188
1770582493002,176357176637
1770582494002,176492236105
1770582495002,176627063763
1770582496002,176761670474
1770582497002,176896890892
1770582498002,177031788496
1770582499002,177166497136
1770582500002,177301571558
1770582501002,177436518600
1770582502002,177571362615
1770582503002,177706339015
1770582504002,177841144762
1770582505002,177975860969
1770582506002,178110597685
1770582507002,178245758533
1770582508002,178380793099
1770582509002,178515626494
1770582510002,178650282217
1770582511002,178785305186
1770582512002,178920089204
1770582513002,179054982658
1770582514002,179189831250
1770582515002,179324781711
1770582516002,179459298944
1770582517002,179593836625
1770582518002,179729228063
1770582519003,179864045894
1770582520003,179999122758
1770582521002,180133838721
1770582522002,180268193907
1770582523002,180403487567
1770582524002,180538333413
1770582525002,180673406981
1770582526002,180808017660
1770582527002,180942988933
1770582528002,181077882936
1770582529002,181212736106
1770582530002,181346813399
1770582531002,181477030229
1770582532002,181606738027
1770582533002,181736389612
1770582534002,181865487670
1770582535002,181994615452
1770582536002,182123020702
1770582537002,182253914532
1770582538002,182387850224
1770582539002,182521690030
1770582540002,182656994738
1770582541004,182792182868
1770582542003,182927073514
1770582543003,183062007495
1770582544004,183196952950
1770582545004,183332043974
1770582546004,183466842884
1770582547003,183601805002
1770582548003,183736744476
1770582549003,183871673208
1770582550003,184006239514
1770582551002,184141307100
1770582552002,184276283744
1770582553003,184411299695
1770582554002,184545957370
1770582555002,184680731744
1770582556003,184815716689
1770582557002,184950942601
1770582558002,185085441463
1770582559002,185220651566
1770582560002,185355308936
1770582561002,185489985166
1770582562002,185625222124
1770582563002,185760185707
1770582564002,185894802428
1770582565002,186029671834
1770582566002,186163059798
1770582567002,186294519117
1770582568002,186425085616
1770582569002,186561555787
1770582570002,186696317283
1770582571002,186831185895
1770582572002,186966170779
1770582573002,187101058495
1770582574002,187235885604
1770582575002,187370618169
1770582576002,187505251674
1770582577002,187640370957
1770582578002,187775332770
1770582579002,187910084866
1770582580002,188045113085
1770582581002,188180170967
1770582582002,188314797514
1770582583002,188449403554
1770582584002,188584262523
1770582585002,188718661898
1770582586002,188853138544
1770582587002,188987067095
1770582588002,189121784523
1770582589002,189256820005
1770582590002,189392026385
1770582591004,189527116493
1770582592004,189662056822
1770582593003,189796860188
1770582594002,189931929605
1770582595002,190066512024
1770582596002,190201685567
1770582597002,190336210797
1770582598002,190471042605
1770582599002,190605736352
1770582600002,190738133413
1770582601002,190869183431
1770582602002,190998197444
1770582603002,191126345432
1770582604002,191253609327
1770582605002,191383796372
1770582606003,191522043515
1770582607004,191657069842
1770582608004,191792002907
1770582609003,191926913328
1770582610004,192061871113
1770582611004,192196865396
1770582612006,192331701477
1770582613003,192466707906
1770582614003,192601635539
1770582615002,192736462892
1770582616002,192870722314
1770582617002,193004921616
1770582618002,193138758554
1770582619002,193269670023
1770582620002,193396635457
1770582621002,193523171876
1770582622002,193649961225
1770582623002,193777200218
1770582624002,193904175173
1770582625002,194032392313
1770582626003,194169740900
1770582627003,194304892287
1770582628003,194439923680
1770582629002,194574497310
1770582630002,194709090715
1770582631002,194841809492
1770582632002,194973429455
1770582633002,195105954873
1770582634002,195238109320
1770582635002,195370215060
1770582636002,195501950807
1770582637002,195633767791
1770582638002,195765663084
1770582639002,195898359888
1770582640002,196034705059
1770582641002,196169727723
1770582642003,196304782675
1770582643002,196439405072
1770582644002,196574403933
1770582645002,196709194543
1770582646002,196844081099
1770582647002,196977673897
1770582648002,197110753024
1770582649002,197244870295
1770582650002,197377750632
1770582651002,197512300763
1770582652003,197647757936
1770582653003,197782765647
1770582654004,197917667279
1770582655003,198052695742
1770582656005,198187595665
1770582657002,198322486311
1770582658003,198457450077
1770582659002,198592327051
1770582660002,198727169296
1770582661002,198861772772
1770582662002,198996714810
1770582663002,199131556322
1770582664002,199265938059
1770582665002,199400057527
1770582666002,199534767510
1770582667002,199669790907
1770582668002,199804092931
1770582669002,199935732975
1770582670002,200067160678
1770582671002,200198842409
1770582672002,200330554474
1770582673002,200462398191
1770582674002,200593635038
1770582675002,200725187741
1770582676002,200857122767
1770582677002,200989244926
1770582678002,201124855358
1770582679002,201259856050
1770582680002,201394617790
1770582681003,201529790723
1770582682004,201664930330
1770582683003,201799638481
1770582684002,201934489943
1770582685002,202069465794
1770582686002,202204131098
1770582687002,202338823625
1770582688002,202473999060
1770582689004,202608872372
1770582690004,202743764788
1770582691004,202878630836
1770582692004,203013546751
1770582693004,203148529437
1770582694004,203283553506
1770582695004,203418522338
1770582696004,203553425923
1770582697004,203688355997
1770582698005,203823341186
1770582699005,203958220541
1770582700004,204093130047
1770582701004,204228121156
1770582702004,204363026878
1770582703004,204497928815
1770582704004,204632877566
1770582705004,204767780846
1770582706005,204902785017
1770582707004,205037708622
1770582708004,205172596644
1770582709005,205307486191
1770582710004,205442402471
1770582711004,205577359035
1770582712004,205712256273
1770582713004,205847188544
1770582714004,205982148831
1770582715004,206117018176
1770582716004,206251967599
1770582717004,206386934965
1770582718004,206521795704
1770582719004,206656644175
1770582720004,206791688080
1770582721004,206926609975
1770582722004,207061489635
1770582723003,207196303194
1770582724003,207331142509
1770582725002,207465909803
1770582726002,207600645176
1770582727002,207735976495
1770582728002,207870868911
1770582729002,208005334326
1770582730003,208140522212
1770582731002,208275266740
1770582732002,208409906898
1770582733002,208544203918
1770582734002,208678125023
1770582735002,208811474352
1770582736002,208943613662
1770582737002,209070958124
1770582738002,209198529513
1770582739002,209323915667
1770582740002,209446180674
1770582741002,209568923463
1770582742002,209689491025
1770582743002,209808000243
1770582744002,209921894605
1770582745002,210031291053
1770582746002,210140331180
1770582747002,210247905611
1770582748002,210354527653
1770582749002,210461551304
1770582750002,210568717595
1770582751002,210676348972
1770582752002,210783890567
1770582753002,210891285068
1770582754002,211000016967
1770582755002,211111266377
1770582756002,211229106285
1770582757002,211347321010
1770582758002,211465870572
1770582759002,211584318145
1770582760002,211702210177
1770582761003,211826526692
1770582762004,211969457112
1770582763003,212104235026
1770582764003,212239123475
1770582765003,212373935325
1770582766003,212508782636
1770582767002,212644001894
1770582768002,212778232569
1770582769002,212906516847
1770582770002,213034579080
1770582771003,213174116870
1770582772004,213309137887
1770582773004,213444047209
1770582774008,213579443774
1770582775003,213713905893
1770582776003,213848657318
1770582777004,213983788625
1770582778003,214118587963
1770582779002,214253455721
1770582780002,214387583246
1770582781002,214517329618
1770582782002,214641032548
1770582783002,214763761116
1770582784002,214886575194
1770582785002,215009302235
1770582786002,215131895366
1770582787002,215254554537
1770582788002,215377171228
1770582789002,215499859329
1770582790002,215622511359
1770582791002,215745009397
1770582792002,215868027637
1770582793002,215987029469
1770582794002,216104193598
1770582795002,216220876770
1770582796002,216338130193
1770582797002,216454503797
1770582798002,216570831868
1770582799002,216688227015
1770582800002,216804846345
1770582801002,216920737100
1770582802002,217036040211
1770582803002,217151035644
1770582804002,217262967059
1770582805002,217374101846
1770582806002,217486596675
1770582807002,217598486159
1770582808002,217709389500
1770582809002,217821039056
1770582810002,217932626600
1770582811002,218041889870
1770582812002,218153549801
1770582813002,218263257833
1770582814002,218371528125
1770582815002,218479480058
1770582816002,218588048994
1770582817002,218697190866
1770582818002,218808335234
1770582819002,218919519520
1770582820002,219028167557
1770582821002,219139897618
1770582822002,219269874031
1770582823002,219399493450
1770582824003,219531499521
1770582825004,219669999166
1770582826004,219804788982
1770582827002,219939897950
1770582828003,220074660667
1770582829004,220209804913
1770582830003,220344725710
1770582831003,220479418969
1770582832002,220614135177
1770582833002,220749167851
1770582834002,220884336878
1770582835002,221019207321
1770582836002,221153997503
1770582837002,221288619717
1770582838002,221423603930
1770582839002,221557556346
1770582840002,221689796974
1770582841002,221822519718
1770582842002,221955461150
1770582843002,222087386716
1770582844002,222216435641
1770582845002,222345418709
1770582846002,222477145117
1770582847002,222606973764
1770582848002,222735675339
1770582849002,222862446133
1770582850002,222989048653
1770582851002,223114619987
1770582852002,223240336767
1770582853002,223363068142
1770582854002,223485710406
1770582855002,223608263437
1770582856002,223730584230
1770582857002,223852986200
1770582858002,223975621384
1770582859002,224099081700
1770582860002,224223176719
1770582861003,224365273523
1770582862004,224500418319
1770582863004,224635303899
1770582864003,224770135890
1770582865002,224905011644
1770582866002,225039639107
1770582867002,225174838345
1770582868002,225309444629
1770582869002,225438445886
1770582870002,225562126661
1770582871002,225685954652
1770582872002,225809179434
1770582873002,225933385048
1770582874002,226056584135
1770582875002,226179817035
1770582876002,226303655341
1770582877002,226427412531
1770582878002,226550596908
1770582879002,226674493320
1770582880002,226797302576
1770582881002,226921723644
1770582882002,227046894588
1770582883002,227172604776
1770582884002,227296501859
1770582885002,227420000994
1770582886002,227544902896
1770582887002,227670671922
1770582888002,227799111595
1770582889002,227924119515
1770582890002,228046899779
1770582891002,228170514331
1770582892002,228295020970
1770582893002,228420424519
1770582894002,228545753056
1770582895002,228680990747
1770582896003,228817434489
1770582897002,228952616638
1770582898002,229087502950
1770582899002,229222257305
1770582900002,229357402345
1770582901002,229492120018
1770582902002,229625691270
1770582903002,229757838332
1770582904002,229887214709
1770582905002,230014768094
1770582906002,230142222418
1770582907002,230270112899
1770582908002,230399389302
1770582909002,230526697142
1770582910002,230653197795
1770582911002,230779249047
1770582912002,230905464117
1770582913002,231028350521
1770582914003,231159652309
1770582915003,231298555335
1770582916003,231433493344
1770582917004,231568237383
1770582918003,231703193276
1770582919003,231838290159
1770582920002,231972659444
1770582921002,232107705607
1770582922002,232242440553
1770582923002,232377428427
1770582924002,232512269574
1770582925002,232647347109
1770582926002,232782123497
1770582927002,232912156978
1770582928003,233040785921
1770582929002,233164841634
1770582930002,233290098881
1770582931002,233416951340
1770582932002,233543589077
1770582933002,233664287010
1770582934002,233785369708
1770582935002,233905966995
1770582936002,234027103281
1770582937002,234147478766
1770582938002,234276327619
1770582939003,234416648365
1770582940002,234551645945
1770582941002,234686290253
1770582942002,234821402029
1770582943002,234954138017
1770582944002,235083688040
1770582945002,235208437415
1770582946002,235326133464
1770582947002,235438583127
1770582948002,235553583016
1770582949002,235668880633
1770582950002,235776381823
1770582951002,235883843584
1770582952002,235991715317
1770582953002,236098967179
1770582954002,236206467392
1770582955002,236313562638
1770582956002,236421254440
1770582957002,236524418543
1770582958002,236626414437
1770582959002,236728683340
1770582960002,236830258031
1770582961002,236933054887
1770582962002,237040993881
1770582963002,237149057081
1770582964002,237257694803
1770582965002,237366082526
1770582966002,237488865964
1770582967002,237633150507
1770582968002,237768153763
1770582969002,237903309178
1770582970002,238037994686
1770582971002,238171573995
1770582972002,238300688959
1770582973002,238424770795
1770582974002,238543592207
1770582975002,238662734053
1770582976002,238779613209
1770582977002,238896786860
1770582978002,239013820435
1770582979002,239131461125
1770582980002,239249662421
1770582981002,239364626238
1770582982002,239478635712
1770582983002,239591316393
1770582984002,239702425422
1770582985002,239809843421
1770582986002,239917767217
1770582987002,240027567046
1770582988002,240133694155
1770582989002,240239210608
1770582990002,240344525219
1770582991002,240478942660
1770582992002,240619840188
1770582993002,240755038694
1770582994002,240890038105
1770582995002,241025188882
1770582996003,241159934447
1770582997002,241294360129
1770582998002,241429385113
1770582999002,241562827825
1770583000002,241688152822
1770583001002,241804442319
1770583002002,241917978405
1770583003002,242032208887
1770583004002,242146941991
1770583005002,242259710379
1770583006002,242372762885
1770583007002,242485813866
1770583008002,242598063822
1770583009002,242712453483
1770583010002,242831793327
1770583011002,242949392513
1770583012002,243063717782
1770583013002,243178121358
1770583014002,243292685091
1770583015002,243408809305
1770583016002,243525817673
1770583017002,243641138239
1770583018002,243755914862
1770583019002,243870728655
1770583020002,243985752103
1770583021002,244100946572
1770583022002,244218568036
1770583023002,244333247613
1770583024002,244447067207
1770583025002,244560294700
1770583026002,244674313146
1770583027002,244789422592
1770583028003,244931588305
1770583029003,245068509952
1770583030002,245203354028
1770583031002,245338285689
1770583032003,245473103215
1770583033003,245608140101
1770583034003,245742992600
1770583035003,245877830145
1770583036002,246012171537
1770583037002,246146857777
1770583038002,246274538053
1770583039002,246394342739
1770583040002,246511113192
1770583041002,246644313230
1770583042002,246782833383
1770583043002,246917626556
1770583044002,247052403127
1770583045002,247187109814
1770583046002,247321853182
1770583047002,247456283624
1770583048002,247587640954
1770583049002,247718965508
1770583050002,247847553191
1770583051002,247971232806
1770583052002,248094188302
1770583053002,248217428770
1770583054002,248340457508
1770583055002,248463826211
1770583056002,248586938933
1770583057002,248710374774
1770583058002,248833244393
1770583059002,248953997685
1770583060002,249072843756
1770583061002,249191799872
1770583062002,249311502019
1770583063002,249430295844
1770583064002,249546479018
1770583065002,249662712668
1770583066002,249773042952
1770583067002,249883746221
1770583068002,249995560205
1770583069002,250112186493
1770583070002,250228191750
1770583071003,250369192549
1770583072002,250504710635
1770583073002,250630802841
1770583074002,250755773163
1770583075002,250880138995
1770583076002,251003772467
1770583077002,251127290950
1770583078002,251247464226
1770583079002,251368352772
1770583080002,251488568895
1770583081002,251609113020
1770583082002,251729012493
1770583083002,251849126260
1770583084002,251969402991
1770583085002,252089261082
1770583086002,252209078464
1770583087002,252329039765
1770583088002,252448826080
1770583089002,252569153714
1770583090002,252689752587
1770583091002,252810024557
1770583092002,252936759706
1770583093003,253077723518
1770583094005,253212872037
1770583095003,253347679187
1770583096003,253482528268
1770583097003,253617510466
1770583098004,253752429920
1770583099003,253887312021
1770583100003,254022243317
1770583101007,254157395436
1770583102004,254292106334
1770583103006,254427433258
1770583104004,254562082389
1770583105004,254696996716
1770583106003,254831873385
1770583107004,254966851189
1770583108003,255101693190
1770583109004,255236798374
1770583110004,255371663324
1770583111004,255506468582
1770583112003,255641369726
1770583113004,255776329524
1770583114004,255911316667
1770583115004,256046360877
1770583116003,256180694029
1770583117002,256315880206
1770583118002,256450858315
1770583119002,256585562743
1770583120002,256720597859
1770583121002,256849023250
1770583122002,256975931007
1770583123002,257104210402
1770583124002,257233087453
1770583125002,257361559597
1770583126002,257489878849
1770583127002,257617903179
1770583128002,257745693990
1770583129002,257873756223
1770583130002,258001154456
1770583131002,258128975845
1770583132002,258257045647
1770583133002,258385770171
1770583134002,258516729003
1770583135002,258646455661
1770583136002,258775400033
1770583137002,258903424424
1770583138002,259032247886
1770583139002,259158847599
1770583140002,259282853201
1770583141002,259406820474
1770583142002,259531139431
1770583143002,259655975110
1770583144002,259781554623
1770583145002,259920755377
1770583146003,260055709072
1770583147002,260190331286
1770583148002,260325437019
1770583149002,260460215117
1770583150002,260595138721
1770583151002,260730241159
1770583152002,260864754852
1770583153002,260999933339
1770583154002,261134802562
1770583155002,261269630708
1770583156002,261404579581
1770583157002,261539121412
1770583158002,261674289035
1770583159002,261809505364
1770583160002,261944299879
1770583161002,262078893895
1770583162002,70280459
1770583163002,205287865
1770583164002,336653923
1770583165002,464251558
1770583166002,592490914
1770583167002,722458843
1770583168002,851339922
1770583169002,978198118
1770583170002,1106029395
1770583171002,1233410111
1770583172002,1361690239
1770583173002,1491345913
1770583174002,1620761414
1770583175002,1747858196
1770583176002,1870545382
1770583177002,1990245515
1770583178002,2109974090
1770583179002,2232902425
1770583180002,2352062216
1770583181002,2470905295
1770583182002,2590867207
1770583183002,2710100545
1770583184002,2830110979
1770583185002,2949963578
1770583186003,3089016872
1770583187003,3225493756
1770583188002,3360325015
1770583189002,3495263696
1770583190002,3629868148
1770583191002,3765238896
1770583192002,3899563503
1770583193002,4034751755
1770583194002,4166347183
1770583195002,4295956409
1770583196002,4428782119
1770583197002,4557453176
1770583198002,4683851412
1770583199002,4810004593
1770583200002,4933055791
1770583201002,5056430720
1770583202002,5181148723
1770583203003,5320393118
1770583204003,5455266796
1770583205004,5590301362
1770583206004,5725213736
1770583207004,5859968396
1770583208002,5994721836
1770583209002,6129927178
1770583210002,6264832533
1770583211002,6398548622
1770583212002,6531408938
1770583213002,6663739776
1770583214002,6791494637
1770583215002,6918797656
1770583216002,7046528652
1770583217002,7173889898
1770583218002,7301033982
1770583219002,7429340355
1770583220002,7556249210
1770583221002,7683559675
1770583222002,7813258989
1770583223002,7935668649
1770583224002,8058372620
1770583225002,8181330129
1770583226002,8303943890
1770583227002,8426903903
1770583228002,8549301355
1770583229002,8671966691
1770583230002,8795123846
1770583231002,8917926632
1770583232002,9041893478
1770583233002,9164315528
1770583234002,9287691555
1770583235002,9409674031
1770583236002,9534196539
1770583237002,9667612457
1770583238003,9805977154
1770583239004,9941027346
1770583240004,10075982933
1770583241003,10210744795
1770583242003,10345843570
1770583243003,10480563623
1770583244003,10615787642
1770583245003,10750530217
1770583246003,10885395656
1770583247002,11020301011
1770583248002,11155214972
1770583249002,11290050137
1770583250002,11424916613
1770583251002,11559693551
1770583252002,11694723418
1770583253002,11829496388
1770583254002,11964252086
1770583255004,12099553986
1770583256005,12234518728
1770583257004,12369555064
1770583258004,12504500031
1770583259004,12639259818
1770583260004,12774203687
1770583261004,12909118991
1770583262004,13044006463
1770583263003,13179033278
1770583264003,13313763890
1770583265003,13448759577
1770583266004,13583736770
1770583267004,13718716894
1770583268004,13853663997
1770583269003,13988456499
1770583270002,14123214088
1770583271003,14258475644
1770583272003,14393151263
1770583273003,14528015176
1770583274002,14662899291
1770583275002,14797693257
1770583276002,14929990038
1770583277002,15060257710
1770583278002,15191256520
1770583279002,15319834682
1770583280002,15450967281
1770583281002,15583576866
1770583282002,15715623525
1770583283002,15847576861
1770583284002,15979297349
1770583285002,16111538283
1770583286002,16244269632
1770583287002,16380431820
1770583288002,16515336138
1770583289002,16650274208
1770583290002,16785163511
1770583291002,16920124531
1770583292002,17054959146
1770583293002,17189841675
1770583294002,17324410727
1770583295002,17459611370
1770583296002,17594403200
1770583297002,17729118919
1770583298002,17864285932
1770583299002,17998953800
1770583300002,18133043300
1770583301002,18266515127
1770583302002,18399853103
1770583303002,18532988199
1770583304002,18665132270
1770583305002,18799084137
1770583306002,18934648426
1770583307002,19069872750
1770583308002,19204293671
1770583309002,19339433401
1770583310002,19474374461
1770583311002,19609021517
1770583312002,19743789299
1770583313002,19879017835
1770583314002,20013757236
1770583315002,20148871514
1770583316002,20283434219
1770583317002,20418504918
1770583318002,20553397334
1770583319004,20688426773
1770583320005,20823482092
1770583321004,20958414608
1770583322004,21093343828
1770583323026,21229211827
1770583324004,21363233762
1770583325004,21498143450
1770583326005,21633109108
1770583327004,21768039671
1770583328004,21902763569
1770583329002,22037649577
1770583330002,22172569336
1770583331002,22307282431
1770583332002,22442566448
1770583333002,22577480165
1770583334002,22712459861
1770583335003,22847275190
1770583336002,22982122073
1770583337002,23117017297
1770583338002,23251957503
1770583339002,23386815312
1770583340002,23521755641
1770583341002,23656402574
1770583342002,23791404486
1770583343002,23926078092
1770583344002,24061180895
1770583345002,24195971261
1770583346003,24330966887
1770583347002,24465756337
1770583348002,24600706431
1770583349007,24736011260
1770583350002,24870410757
1770583351002,25005314831
1770583352002,25140185885
1770583353002,25274986260
1770583354002,25409992933
1770583355003,25544972568
1770583356004,25680060479
1770583357005,25815006484
1770583358004,25949874791
1770583359004,26084787043
1770583360004,26219734085
1770583361004,26354634192
1770583362004,26489582943
1770583363003,26624393755
1770583364003,26759268288
1770583365004,26894411130
1770583366004,27029092914
1770583367003,27164012430
1770583368004,27299066405
1770583369003,27433993794
1770583370002,27568777202
1770583371002,27703623658
1770583372002,27838681662
1770583373002,27973604717
1770583374002,28108234256
1770583375002,28243270531
1770583376002,28378213179
1770583377002,28513179142
1770583378002,28647680751
1770583379002,28780762990
1770583380002,28915382092
1770583381002,29048396766
1770583382002,29180957462
1770583383002,29313695647
1770583384002,29446602289
1770583385002,29578894736
1770583386002,29709282769
1770583387002,29839743068
1770583388002,29969749754
1770583389002,30100294769
1770583390002,30231116394
1770583391002,30361494478
1770583392002,30494723141
1770583393002,30626919580
1770583394002,30755179872
1770583395002,30881534407
1770583396002,31007088468
1770583397002,31131853163
1770583398002,31257682980
1770583399003,31395066173
1770583400003,31530778778
1770583401004,31665670278
1770583402003,31800524364
1770583403002,31935288301
1770583404002,32070028007
1770583405002,32204085648
1770583406002,32333550099
1770583407002,32459369601
1770583408002,32583582174
1770583409002,32708045417
1770583410002,32832387384
1770583411002,32957362589
1770583412002,33082128261
1770583413002,33206792798
1770583414002,33331640012
1770583415002,33455638901
1770583416002,33579338963
1770583417002,33702637292
1770583418002,33826353650
1770583419002,33949516970
1770583420002,34073615774
1770583421002,34198993688
1770583422002,34324891498
1770583423002,34448490363
1770583424002,34571615170
1770583425002,34692070428
1770583426002,34812129691
1770583427002,34933922836
1770583428003,35072960933
1770583429004,35208995008
1770583430004,35343980380
1770583431006,35479054620
1770583432004,35613744216
1770583433004,35748724889
1770583434003,35883600215
1770583435002,36018360246
1770583436002,36153286841
1770583437002,36288331845
1770583438002,36423010943
1770583439002,36557925393
1770583440002,36692670470
1770583441002,36827819477
1770583442002,36962529338
1770583443002,37097284608
1770583444002,37232373617
1770583445002,37366983319
1770583446002,37502019900
1770583447002,37636935021
1770583448002,37771688704
1770583449002,37906363225
1770583450003,38041698999
1770583451004,38176629562
1770583452011,38312618472
1770583453004,38446639674
1770583454004,38581522935
1770583455004,38716368293
1770583456004,38851232571
1770583457003,38986290636
1770583458003,39121056405
1770583459002,39256045500
1770583460002,39390966114
1770583461002,39525465525
1770583462002,39660625885
1770583463002,39795438772
1770583464002,39930152966
1770583465002,40065357088
1770583466002,40200092277
1770583467002,40334976637
1770583468002,40470095309
1770583469002,40605013543
1770583470002,40739636550
1770583471002,40874822606
1770583472002,41009359615
1770583473002,41144173784
1770583474002,41279383704
1770583475002,41414217709
1770583476002,41549085040
1770583477002,41683971474
1770583478002,41818800353
1770583479002,41953616780
1770583480002,42088546244
1770583481002,42223548645
1770583482002,42358551351
1770583483002,42493365032
1770583484002,42628260317
1770583485002,42763065330
1770583486002,42897944136
1770583487002,43032842960
1770583488002,43167603968
1770583489002,43302678146
1770583490002,43437642339
1770583491002,43572609279
1770583492002,43707381639
1770583493002,43842403510
1770583494002,43977127408
1770583495002,44111918994
1770583496002,44246981759
1770583497002,44381924223
1770583498002,44516572987
1770583499002,44651633921
1770583500002,44785885958
1770583501002,44921438406
1770583502002,45056085950
1770583503002,45190735690
1770583504002,45324438717
1770583505002,45457851889
1770583506002,45591993940
1770583507002,45727177860
1770583508002,45858436557
1770583509002,45985863599
1770583510002,46114600696
1770583511002,46241292083
1770583512002,46367178479
1770583513003,46502580782
1770583514003,46639063648
1770583515004,46774236702
1770583516004,46909081389
1770583517004,47043940846
1770583518003,47178661265
1770583519003,47313855072
1770583520004,47448688955
1770583521003,47583526135
1770583522003,47718402681
1770583523003,47853215264
1770583524004,47988329908
1770583525003,48123159336
1770583526003,48258062738
1770583527004,48393027602
1770583528004,48527833593
1770583529003,48662874446
1770583530003,48797802811
1770583531004,48932774939
1770583532003,49067527768
1770583533003,49202467425
1770583534004,49337459083
1770583535003,49472341001
1770583536003,49607194233
1770583537003,49742324197
1770583538003,49876906982
1770583539002,50011787496
1770583540002,50146899821
1770583541002,50281345400
1770583542002,50416311363
1770583543002,50550854109
1770583544002,50684042428
1770583545002,50812537033
1770583546002,50939721888
1770583547002,51066974004
1770583548002,51194086166
1770583549002,51320971279
1770583550002,51448073065
1770583551002,51575271409
1770583552002,51702629603
1770583553002,51829554754
1770583554002,51957241073
1770583555002,52084136195
1770583556002,52211748783
1770583557002,52338341538
1770583558002,52465835474
1770583559002,52593776248
1770583560002,52720534651
1770583561002,52843463597
1770583562002,52966986108
1770583563002,53094978090
1770583564002,53224155982
1770583565002,53348658226
1770583566002,53475431156
1770583567002,53598877801
1770583568002,53722000654
1770583569002,53846613373
1770583570002,53972753491
1770583571002,54097588499
1770583572002,54224837624
1770583573003,54365783674
1770583574004,54500792850
1770583575004,54635796228
1770583576004,54770752364
1770583577004,54905669438
1770583578004,55040562587
1770583579003,55175528855
1770583580003,55310242804
1770583581003,55445140896
1770583582003,55580063342
1770583583003,55715009957
1770583584002,55849696807
1770583585002,55984539174
1770583586003,56119737375
1770583587005,56254894378
1770583588004,56389690480
1770583589004,56524644298
1770583590004,56659512299
1770583591004,56794519217
1770583592004,56929376294
1770583593004,57064203951
1770583594004,57199229363
1770583595003,57334209547
1770583596002,57469063572
1770583597002,57603508357
1770583598002,57738736770
1770583599002,57873550268
1770583600002,58008483394
1770583601002,58143004473
1770583602002,58277958351
1770583603002,58413085569
1770583604002,58547924946
1770583605002,58682920511
1770583606002,58817833617
1770583607002,58952345602
1770583608002,59087446025
1770583609003,59222496949
1770583610004,59357573386
1770583611003,59492399945
1770583612003,59627339602
1770583613004,59762293541
1770583614003,59897133650
1770583615003,60032155948
1770583616004,60167177819
1770583617004,60302064559
1770583618003,60436850774
1770583619003,60571881312
1770583620003,60706831345
1770583621002,60841227729
1770583622002,60976524746
1770583623002,61111259448
1770583624002,61246400581
1770583625002,61380995146
1770583626002,61515986439
1770583627002,61651034067
1770583628002,61785997039
1770583629002,61920686880
1770583630002,62055798839
1770583631002,62190519441
1770583632002,62325681388
1770583633002,62460595715
1770583634002,62595002903
1770583635003,62730210198
1770583636003,62865305250
1770583637002,63000213291
1770583638002,63135119806
1770583639003,63269819840
1770583640003,63404618811
1770583641002,63539652950
1770583642003,63674743486
1770583643002,63809609840
1770583644002,63944562192
1770583645002,64079538226
1770583646002,64214164651
1770583647002,64349061828
1770583648002,64484052327
1770583649002,64619081156
1770583650002,64753802186
1770583651002,64888736960
1770583652002,65023603619
1770583653002,65158470584
1770583654002,65293465721
1770583655002,65428503706
1770583656002,65562750982
1770583657002,65698214319
1770583658002,65833242660
1770583659002,65967681219
1770583660002,66102924709
1770583661002,66237780931
1770583662002,66372432503
1770583663002,66507581449
1770583664002,66642001576
1770583665002,66777328500
1770583666002,66912289092
1770583667002,67047190968
1770583668002,67181997813
1770583669002,67316835358
1770583670002,67451811942
1770583671002,67586636670
1770583672002,67721473666
1770583673002,67856526787
1770583674002,67991049331
1770583675002,68126051671
1770583676002,68261221674
1770583677002,68395828202
1770583678002,68530893102
1770583679002,68665734005
1770583680002,68800176837
1770583681002,68935375038
1770583682002,69070393003
1770583683002,69205065144
1770583684002,69340022440
1770583685002,69474314332
1770583686002,69606803922
1770583687002,69741927234
1770583688002,69875424512
1770583689002,70008216103
1770583690002,70141097904
1770583691002,70273758758
1770583692002,70407360039
1770583693002,70539818685
1770583694002,70672831406
1770583695002,70808269658
1770583696002,70942941493
1770583697002,71077928452
1770583698002,71212566230
1770583699002,71344759678
1770583700002,71475480291
1770583701003,71612920064
1770583702003,71748109354
1770583703003,71882984130
1770583704003,72017902181
1770583705004,72152787273
1770583706004,72287866883
1770583707004,72422762473
1770583708004,72557691693
1770583709004,72692604677
1770583710004,72827487877
1770583711004,72962400801
1770583712004,73097460758
1770583713003,73232269922
1770583714003,73366947128
1770583715003,73502216619
1770583716003,73637050319
1770583717003,73771860887
1770583718002,73906767524
1770583719002,74041604337
1770583720002,74176272144
1770583721002,74311134531
1770583722002,74446401030
1770583723002,74581220265
1770583724002,74714380874
1770583725002,74845822554
1770583726002,74978028880
1770583727002,75109493327
1770583728002,75241481636
1770583729002,75373378149
1770583730002,75502254528
1770583731002,75632689314
1770583732002,75761887042
1770583733002,75891202385
1770583734002,76021081508
1770583735002,76150501221
1770583736002,76279381201
1770583737002,76408252819
1770583738002,76537042467
1770583739002,76666191002
1770583740002,76795302671
1770583741002,76924803621
1770583742002,77054312261
1770583743002,77183465434
1770583744002,77313099746
1770583745002,77441542471
1770583746002,77570921718
1770583747002,77701550412
1770583748002,77831890471
1770583749002,77961076603
1770583750002,78091828099
1770583751002,78221867561
1770583752003,78354519504
1770583753004,78491833911
1770583754004,78626779549
1770583755004,78761669097
1770583756008,78897259631
1770583757004,79031524607
1770583758003,79166372406
1770583759003,79301509695
1770583760003,79436303600
1770583761004,79571204988
1770583762004,79706114616
1770583763003,79841103284
1770583764006,79976288729
1770583765005,80111210808
1770583766004,80245975477
1770583767004,80380927036
1770583768003,80515777887
1770583769004,80650794815
1770583770004,80785642492
1770583771004,80920609187
1770583772004,81055635453
1770583773003,81190165077
1770583774002,81325009153
1770583775002,81459735615
1770583776002,81594996560
1770583777002,81729733337
1770583778002,81864729878
1770583779002,81999674967
1770583780002,82134518922
1770583781002,82269318869
1770583782002,82404081403
1770583783002,82538896915
1770583784002,82671870268
1770583785002,82804357722
1770583786002,82936949362
1770583787002,83069895250
1770583788002,83202545728
1770583789002,83336795324
1770583790002,83470109069
1770583791002,83602852260
1770583792002,83735976736
1770583793002,83867724507
1770583794002,83999370410
1770583795002,84132575391
1770583796002,84264476787
1770583797002,84397137641
1770583798002,84529924044
1770583799002,84661489747
1770583800002,84792751741
1770583801002,84924816710
1770583802002,85056965725
1770583803002,85190555410
1770583804003,85326847053
1770583805004,85461853177
1770583806004,85596631152
1770583807004,85731818733
1770583808004,85866692900
1770583809004,86001595081
1770583810004,86136586008
1770583811003,86271339874
1770583812003,86406343008
1770583813004,86541262584
1770583814003,86676149995
1770583815003,86811104179
1770583816002,86946168408
1770583817002,87080894137
1770583818002,87215762261
1770583819002,87350741286
1770583820002,87485872104
1770583821003,87620549250
1770583822002,87755344071
1770583823002,87890531957
1770583824002,88024740720
1770583825002,88160153459
1770583826002,88295008705
1770583827002,88429741514
1770583828002,88564752582
1770583829002,88699635843
1770583830002,88834474670
1770583831002,88969224020
1770583832002,89104014385
1770583833002,89238876345
1770583834002,89373681114
1770583835002,89508644270
1770583836002,89643554935
1770583837002,89778379602
1770583838002,89913160507
1770583839002,90047935858
1770583840002,90182892971
1770583841002,90317279407
1770583842002,90451959055
1770583843002,90587205535
1770583844002,90721926625
1770583845002,90855067337
1770583846002,90986169784
1770583847002,91117386245
1770583848002,91251319801
1770583849002,91383572331
1770583850002,91514141333
1770583851002,91642281569
1770583852002,91769392816
1770583853002,91898917570
1770583854002,92025633188
1770583855002,92152229238
1770583856002,92280746243
1770583857002,92406708201
1770583858002,92532971794
1770583859002,92659991366
1770583860002,92785755265
1770583861002,92913949273
1770583862003,93052071112
1770583863004,93187194423
1770583864003,93322004198
1770583865003,93456967536
1770583866003,93591754239
1770583867002,93726572986
1770583868002,93861097422
1770583869002,93996324005
1770583870002,94131511647
1770583871003,94266355235
1770583872004,94401401825
1770583873004,94536285757
1770583874004,94671266796
1770583875004,94806251313
1770583876004,94941098502
1770583877004,95076018140
1770583878004,95210920016
1770583879004,95345885186
1770583880003,95480817030
1770583881003,95615799168
1770583882003,95750645868
1770583883003,95885490311
1770583884003,96020559850
1770583885003,96155262081
1770583886002,96290420243
1770583887002,96425076759
1770583888002,96560242612
1770583889002,96695120745
1770583890002,96829557413
1770583891002,96964708190
1770583892002,97099520284
1770583893002,97234267986
1770583894002,97369276063
1770583895002,97504281150
1770583896002,97638726606
1770583897002,97774135134
1770583898002,97908911339
1770583899002,98043730025
1770583900002,98178813297
1770583901002,98313541285
1770583902002,98448553085
1770583903002,98583320502
1770583904002,98718116177
1770583905002,98852869616
1770583906002,98988001778
1770583907002,99122766081
1770583908002,99257631458
1770583909002,99392125926
1770583910002,99527004426
1770583911002,99661684318
1770583912002,99796636853
1770583913002,99931464206
1770583914002,100066366265
1770583915002,100201419264
1770583916002,100336441624
1770583917002,100471095271
1770583918002,100606012284
1770583919002,100738219099
1770583920002,100871006601
1770583921002,101002477822
1770583922002,101134827275
1770583923002,101267693085
1770583924002,101399995969
1770583925002,101532962670
1770583926002,101665872486
1770583927002,101797671343
1770583928002,101930448957
1770583929002,102062255016
1770583930002,102190495960
1770583931002,102320280906
1770583932002,102449563473
1770583933002,102578028903
1770583934002,102707115303
1770583935002,102835802901
1770583936002,102965787127
1770583937002,103095864797
1770583938002,103226368674
1770583939002,103357615835
1770583940002,103485897978
1770583941002,103614380498
1770583942002,103742243757
1770583943002,103871669268
1770583944002,104000224664
1770583945002,104139224308
1770583946002,104272851530
1770583947002,104403910032
1770583948002,104536460047
1770583949002,104665875548
1770583950003,104804320262
1770583951004,104939368073
1770583952003,105074227103
1770583953003,105209080334
1770583954003,105344075777
1770583955002,105478405572
1770583956002,105613578505
1770583957002,105748771518
1770583958002,105883550226
1770583959002,106018372085
1770583960002,106151127788
1770583961002,106280383500
1770583962002,106407306331
1770583963002,106533772316
1770583964002,106659707663
1770583965002,106781968458
1770583966002,106904733708
1770583967002,107027602534
1770583968002,107150390000
1770583969002,107273709753
1770583970002,107395235016
1770583971002,107515501798
1770583972002,107639658828
1770583973002,107766395687
1770583974002,107895293062
1770583975002,108024148811
1770583976002,108152907942
1770583977002,108281388204
1770583978002,108410502314
1770583979002,108539143953
1770583980002,108668160041
1770583981002,108798238260
1770583982003,108936909536
1770583983004,109071968882
1770583984003,109206804414
1770583985003,109341749930
1770583986003,109476670483
1770583987003,109611590792
1770583988004,109746636162
1770583989004,109881599744
1770583990003,110016316807
1770583991002,110151327569
1770583992002,110286203750
1770583993002,110420810644
1770583994004,110556148372
1770583995004,110691053727
1770583996004,110825970923
1770583997004,110960956844
1770583998003,111095823748
1770583999002,111230761330
1770584000002,111365247008
1770584001002,111500144734
1770584002002,111635230997
1770584003002,111770165100
1770584004002,111904798605
1770584005002,112039816082
1770584006002,112174727907
1770584007002,112308126797
1770584008002,112436726138
1770584009002,112564284161
1770584010002,112693182329
1770584011002,112820477353
1770584012002,112946122295
1770584013002,113070269987
1770584014002,113194821609
1770584015002,113323303824
1770584016003,113463084472
1770584017004,113598193501
1770584018003,113732891094
1770584019003,113867665651
1770584020003,114002874106
1770584021002,114137513654
1770584022003,114272602969
1770584023002,114407530297
1770584024002,114542425825
1770584025002,114676706182
1770584026002,114811685207
1770584027002,114946648240
1770584028002,115081437690
1770584029002,115216300687
1770584030002,115349795890
1770584031002,115482423297
1770584032002,115613099720
1770584033002,115749530401
1770584034002,115881365818
1770584035002,116009122327
1770584036002,116136929495
1770584037003,116265810696
1770584038003,116403772989
1770584039002,116533562879
1770584040002,116658916379
1770584041002,116786350623
1770584042002,116917898870
1770584043002,117049336156
1770584044002,117179344612
1770584045002,117307587204
1770584046002,117431152256
1770584047002,117562194950
1770584048002,117700742203
1770584049003,117835233924
1770584050003,117970346920
1770584051003,118104909869
1770584052002,118239257792
1770584053006,118374659423
1770584054002,118508916770
1770584055002,118642181870
1770584056002,118768492582
1770584057002,118893288711
1770584058002,119018807859
1770584059002,119145993508
1770584060002,119271336693
1770584061002,119396787544
1770584062002,119532570277
1770584063004,119668816510
1770584064002,119803953738
1770584065002,119929874314
1770584066002,120053283605
1770584067002,120177481895
1770584068003,120306482053
1770584069003,120435029148
1770584070002,120552944252
1770584071002,120682585583
1770584072002,120810279836
1770584073002,120936208774
1770584074002,121065174874
1770584075002,121192592150
1770584076003,121331982724
1770584077003,121466880450
1770584078015,121601997291
1770584079005,121737003232
1770584080018,121873717787
1770584081003,122006598856
1770584082002,122141480835
1770584083003,122276420614
1770584084002,122411316570
1770584085004,122546314332
1770584086004,122681222739
1770584087005,122816285809
1770584088004,122951124636
1770584089003,123085902245
1770584090003,123220786970
1770584091002,123355737614
1770584092002,123490968164
1770584093004,123625545151
1770584094002,123760242071
1770584095002,123895331569
1770584096002,124030439744
1770584097002,124165037300
1770584098002,124300088590
1770584099002,124434732654
1770584100003,124569548837
1770584101003,124704356720
1770584102002,124838851310
1770584103002,124969786277
1770584104002,125098118468
1770584105002,125222882614
1770584106002,125348069183
1770584107002,125470600547
1770584108002,125592306290
1770584109002,125713178600
1770584110002,125834755254
1770584111002,125952647225
1770584112002,126069690932
1770584113002,126187925310
1770584114002,126305772847
1770584115002,126426698136
1770584116002,126562460545
1770584117002,126700391222
1770584118002,126835296150
1770584119002,126970099638
1770584120002,127105420031
1770584121002,127239887399
1770584122002,127375063567
1770584123002,127507864863
1770584124002,127638119046
1770584125002,127770623773
1770584126002,127901842187
1770584127002,128032793023
1770584128002,128162297391
1770584129002,128292395630
1770584130002,128421101844
1770584131002,128546886312
1770584132002,128669707103
1770584133002,128786160296
1770584134002,128903271569
1770584135002,129014054244
1770584136002,129121661513
1770584137002,129229101118
1770584138002,129334607684
1770584139002,129437350280
1770584140002,129540176738
1770584141002,129644279987
1770584142002,129748532711
1770584143002,129850601236
1770584144002,129952691551
1770584145002,130055411686
1770584146002,130157708787
1770584147002,130261758386
1770584148002,130380173855
1770584149002,130499172635
1770584150002,130615776950
1770584151002,130732408244
1770584152002,130844751950
1770584153002,130957545118
1770584154002,131069339937
1770584155002,131178805111
1770584156002,131283671969
1770584157002,131384166585
1770584158002,131481588027
1770584159002,131580826787
1770584160002,131677677186
1770584161002,131772806764
1770584162002,131866390204
1770584163002,131959820140
1770584164002,132055650706
1770584165002,132179935971
1770584166002,132317156323
1770584167002,132453862577
1770584168002,132587432364
1770584169002,132720204730
1770584170002,132852320297
1770584171002,132989049500
1770584172002,133122987085
1770584173002,133255133414
1770584174002,133387512286
1770584175002,133518867663
1770584176002,133649708270
1770584177002,133783568707
1770584178002,133911320821
1770584179002,134040763605
1770584180003,134178719978
1770584181003,134313641324
1770584182002,134448410571
1770584183002,134583347238
1770584184007,134718460234
1770584185003,134852965505
1770584186003,134988067149
1770584187003,135122822846
1770584188002,135257485343
1770584189002,135391094437
1770584190002,135519581047
1770584191002,135639964589
1770584192002,135753057500
1770584193002,135857265668
1770584194002,135959280666
1770584195002,136060454357
1770584196002,136152213827
1770584197002,136242915560
1770584198002,136333483382
1770584199002,136424105648
1770584200002,136515209846
1770584201002,136605949299
1770584202002,136696209566
1770584203002,136785222338
1770584204002,136874474551
1770584205002,136963471088
1770584206002,137053683077
1770584207002,137142783923
1770584208002,137232184695
1770584209002,137321937517
1770584210002,137411018344
1770584211002,137501014878
1770584212002,137591154601
1770584213002,137682486277
1770584214002,137766610146
1770584215002,137851034307
1770584216002,137940913227
1770584217002,138074611310
1770584218002,138218416301
1770584219002,138353546448
1770584220002,138488310508
1770584221002,138621052416
1770584222002,138746373690
1770584223002,138866449920
1770584224002,138982024698
1770584225002,139085691364
1770584226002,139187384646
1770584227002,139289563278
1770584228002,139393617577
1770584229002,139494600046
1770584230002,139590434029
1770584231002,139687192204
1770584232002,139783568971
1770584233002,139880742551
1770584234002,139975981443
1770584235002,140064875991
1770584236002,140155980066
1770584237002,140248563203
1770584238002,140342898961
1770584239002,140423469921
1770584240002,140503442373
1770584241002,140584438625
1770584242002,140665696169
1770584243002,140749454743
1770584244002,140828586621
1770584245002,140906376583
1770584246002,140986663426
1770584247002,141069005988
1770584248002,141178071383
1770584249002,141297393770
1770584250002,141417118806
1770584251002,141536323640
1770584252002,141656439665
1770584253002,141777553430
1770584254002,141898596821
1770584255002,142017749165
1770584256002,142134016995
1770584257002,142248934059
1770584258002,142364498644
1770584259002,142499952459
1770584260002,142636154198
1770584261002,142753812039
1770584262002,142868764076
1770584263002,142983244801
1770584264002,143091336016
1770584265002,143197338125
1770584266002,143295180343
1770584267002,143387647880
1770584268002,143480498228
1770584269002,143576657528
1770584270002,143666835703
1770584271002,143757154258
1770584272002,143848324862
1770584273002,143940965189
1770584274002,144031063408
1770584275002,144120651863
1770584276002,144210563742
1770584277002,144300012976
1770584278002,144392892194
1770584279002,144514407385
1770584280002,144649687496
1770584281002,144789308049
1770584282002,144924094447
1770584283003,145059257614
1770584284003,145194257146
1770584285002,145328845242
1770584286002,145463860338
1770584287002,145586322122
1770584288002,145702830307
1770584289002,145809533525
1770584290002,145912219969
1770584291002,146010695547
1770584292002,146107298815
1770584293002,146200556145
1770584294002,146285384480
1770584295002,146365402830
1770584296002,146447200777
1770584297002,146526988049
1770584298002,146611204569
1770584299002,146695566047
1770584300002,146812935620
1770584301002,146945318948
1770584302002,147077846746
1770584303002,147208144264
1770584304003,147344805108
1770584305004,147479678603
1770584306003,147614549901
1770584307002,147749254329
1770584308002,147883481768
1770584309002,148015879806
1770584310002,148145352070
1770584311002,148269715094
1770584312002,148392861751
1770584313002,148512453791
1770584314002,148628945070
1770584315002,148745608590
1770584316002,148861107378
1770584317002,148967817554
1770584318002,149068600011
1770584319002,149167555019
1770584320002,149263113063
1770584321002,149357560575
1770584322002,149450141271
1770584323002,149562823111
1770584324002,149685688886
1770584325002,149809147005
1770584326002,149932142234
1770584327002,150055450879
1770584328002,150178238833
1770584329002,150300958246
1770584330002,150422380298
1770584331002,150541200245
1770584332002,150658447748
1770584333002,150774285647
1770584334002,150888990920
1770584335002,151004146631
1770584336002,151118755102
1770584337002,151235146528
1770584338002,151346981386
1770584339002,151454473054
1770584340002,151557448681
1770584341002,151657274964
1770584342002,151754261898
1770584343002,151847191714
1770584344002,151943555542
1770584345002,152033769178
1770584346002,152124906213
1770584347002,152215746435
1770584348002,152306053637
1770584349002,152398400020
1770584350002,152488290903
1770584351002,152580391070
1770584352002,152699383075
1770584353002,152834654091
1770584354002,152969063415
1770584355002,153098847934
1770584356002,153221967491
1770584357002,153338771086
1770584358002,153443458746
1770584359002,153536700572
1770584360002,153629325885
1770584361002,153722149683
1770584362002,153836757238
1770584363002,153965048719
1770584364002,154092270134
1770584365002,154218542638
1770584366002,154341326259
1770584367002,154463923419
1770584368002,154586518136
1770584369002,154702526934
1770584370002,154808867970
1770584371002,154912207671
1770584372002,155009472010
1770584373002,155106324606
1770584374002,155201936788
1770584375002,155298430682
1770584376002,155396886606
1770584377002,155486716454
1770584378002,155577751805
1770584379002,155667277699
1770584380002,155747267057
1770584381002,155826510751
1770584382002,155905329580
1770584383002,155985683317
1770584384002,156064952584
1770584385002,156145767074
1770584386002,156228564226
1770584387002,156308221248
1770584388015,156392060877
1770584389002,156472886720
1770584390002,156551567793
1770584391002,156631194482
1770584392002,156711030825
1770584393002,156793536412
1770584394002,156882358023
1770584395002,156963288419
1770584396002,157044598819
1770584397002,157129343841
1770584398002,157212052614
1770584399002,157291714275
1770584400002,157373884597
1770584401002,157454024223
1770584402002,157537530479
1770584403002,157629114473
1770584404002,157721852761
1770584405002,157818761815
1770584406002,157917113248
1770584407002,158015317403
1770584408002,158112614456
1770584409002,158209920909
1770584410002,158307957279
1770584411002,158405952328
1770584412002,158504111257
1770584413002,158602146162
1770584414002,158698922098
1770584415002,158797018100
1770584416002,158895582484
1770584417002,158989332854
1770584418002,159091025037
1770584419003,159225036596
1770584420004,159367222145
1770584421003,159502273435
1770584422003,159637178852
1770584423002,159772141458
1770584424002,159906878112
1770584425002,160041659200
1770584426003,160176681499
1770584427003,160311504640
1770584428003,160446303489
1770584429003,160581468732
1770584430004,160716628725
1770584431002,160850742334
1770584432002,160984877855
1770584433002,161106614909
1770584434002,161220275934
1770584435002,161330895158
1770584436002,161437608447
1770584437002,161546433302
1770584438002,161651226796
1770584439002,161754925078
1770584440002,161852790917
1770584441002,161948832663
1770584442002,162044482442
1770584443002,162139648947
1770584444002,162230678682
1770584445002,162314068544
1770584446002,162398853483
1770584447002,162482262389
1770584448002,162587781467
1770584449002,162708266876
1770584450002,162827435943
1770584451002,162944129797
1770584452002,163059467881
1770584453002,163170479682
1770584454002,163280535064
1770584455002,163386407901
1770584456002,163488464403
1770584457002,163578913756
1770584458002,163669331615
1770584459002,163758559353
1770584460002,163843028009
1770584461002,163923915497
1770584462002,164003635935
1770584463002,164086476482
1770584464002,164167705523
1770584465002,164247183957
1770584466002,164329542083
1770584467002,164411746341
1770584468002,164497133329
1770584469002,164579667908
1770584470002,164688771694
1770584471002,164808097072
1770584472002,164902855008
1770584473002,164995346897
1770584474002,165088252116
1770584475002,165178812004
1770584476002,165269834049
1770584477002,165380053005
1770584478003,165511765741
1770584479002,165642922815
1770584480002,165772990476
1770584481002,165901605136
1770584482002,166028639784
1770584483002,166149750741
1770584484002,166264106162
1770584485002,166364926033
1770584486002,166461719730
1770584487002,166561799247
1770584488002,166658330921
1770584489002,166750119200
1770584490002,166841638130
1770584491002,166935511547
1770584492002,167027810200
1770584493002,167136704453
1770584494002,167268095962
1770584495002,167393173217
1770584496002,167507990551
1770584497002,167609453242
1770584498002,167707183949
1770584499002,167801443046
1770584500002,167881782196
1770584501002,167962182381
1770584502002,168045598305
1770584503002,168129126473
1770584504002,168209186692
1770584505002,168287012177
1770584506002,168369758852
1770584507002,168474692055
1770584508002,168606044319
1770584509002,168737186745
1770584510002,168864135455
1770584511002,168986998056
1770584512002,169101298544
1770584513002,169204035342
1770584514002,169295780774
1770584515002,169385797084
1770584516002,169477608128
1770584517002,169592875167
1770584518002,169728692202
1770584519002,169863025171
1770584520002,169995157584
1770584521002,170121023229
1770584522002,170248109207
1770584523002,170374849117
1770584524002,170488560496
1770584525002,170589194943
1770584526002,170685000423
1770584527002,170776493597
1770584528002,170868913465
1770584529002,170970888119
1770584530002,171085561775
1770584531002,171199250998
1770584532002,171311204752
1770584533002,171421229922
1770584534002,171526629311
1770584535002,171631899549
1770584536002,171738220932
1770584537002,171844387652
1770584538002,171951082936
1770584539002,172069943471
1770584540002,172215162521
1770584541002,172350245793
1770584542002,172485526270
1770584543002,172620474106
1770584544002,172753007336
1770584545002,172882186204
1770584546002,173004659096
1770584547002,173120774400
1770584548002,173235413693
1770584549002,173349147594
1770584550002,173459794833
1770584551002,173564506479
1770584552002,173665049556
1770584553002,173762246146
1770584554002,173857992239
1770584555002,173949173097
1770584556002,174039397597
1770584557002,174130020168
1770584558002,174221393469
1770584559002,174320809413
1770584560002,174412339636
1770584561002,174502927111
1770584562002,174594504575
1770584563002,174686848210
1770584564002,174777593156
1770584565002,174889130041
1770584566002,175009235629
1770584567002,175106717375
1770584568002,175198117531
1770584569002,175289486621
1770584570002,175379598939
1770584571002,175470782422
1770584572002,175562087730
1770584573002,175648163803
1770584574002,175730235065
1770584575002,175811750238
1770584576002,175917366361
1770584577002,176048564634
1770584578002,176179901639
1770584579002,176308271977
1770584580002,176426173775
1770584581002,176537125700
1770584582002,176647978749
1770584583002,176758466808
1770584584002,176865862102
1770584585002,176967541041
1770584586002,177069389291
1770584587002,177174008774
1770584588002,177274022617
1770584589002,177370834992
1770584590002,177466834868
1770584591002,177563749781
1770584592002,177661510212
1770584593002,177761550727
1770584594002,177857300055
1770584595003,177949786390
1770584596002,178058914407
1770584597002,178183689600
1770584598002,178307513441
1770584599002,178441203833
1770584600003,178579719287
1770584601003,178714832039
1770584602003,178849676604
1770584603002,178984473134
1770584604002,179119218943
1770584605002,179253373202
1770584606002,179384727785
1770584607002,179513763343
1770584608002,179637769374
1770584609002,179760114519
1770584610002,179882554575
1770584611002,180003680180
1770584612002,180122243964
1770584613002,180237758194
1770584614002,180351960661
1770584615002,180462357961
1770584616002,180567882227
1770584617002,180672617860
1770584618002,180772618275
1770584619002,180867283499
1770584620002,180967947609
1770584621002,181064798802
1770584622002,181160201023
1770584623002,181256482820
1770584624002,181350337499
1770584625002,181439002128
1770584626002,181530601991
1770584627002,181619597430
1770584628002,181710916654
1770584629002,181801012859
1770584630002,181890882624
1770584631002,181982186224
1770584632002,182072536517
1770584633002,182163493804
1770584634002,182252113328
1770584635002,182340420353
1770584636002,182431199173
1770584637002,182515821942
1770584638002,182595320640
1770584639002,182675465394
1770584640002,182756456092
1770584641002,182840088507
1770584642002,182932085281
1770584643002,183022932400
1770584644002,183117736905
1770584645002,183213510708
1770584646002,183310056848
1770584647010,183420783310
1770584648002,183552272841
1770584649003,183694419999
1770584650002,183829033852
1770584651002,183964116636
1770584652002,184098735310
1770584653002,184233670267
1770584654002,184367667543
1770584655002,184497920811
1770584656002,184629328556
1770584657002,184765220481
1770584658002,184900386639
1770584659002,185034223637
1770584660002,185160665880
1770584661002,185280991316
1770584662002,185398572741
1770584663002,185501766752
1770584664002,185604066844
1770584665002,185709455429
1770584666002,185841684644
1770584667002,185975281592
1770584668002,186106442450
1770584669002,186234667036
1770584670002,186360190885
1770584671002,186492982232
1770584672002,186625654439
1770584673002,186758025255
1770584674002,186887981648
1770584675002,187011887459
1770584676002,187136069392
1770584677002,187259309128
1770584678002,187381394264
1770584679002,187490458316
1770584680002,187595971840
1770584681002,187698810139
1770584682002,187800942018
1770584683002,187902679429
1770584684002,188001394874
1770584685002,188113375545
1770584686002,188253145084
1770584687002,188388994956
1770584688002,188519182550
1770584689002,188646573887
1770584690002,188775230113
1770584691002,188907022500
1770584692010,189037979623
1770584693003,189158691655
1770584694002,189281736384
1770584695002,189387879423
1770584696002,189487348529
1770584697002,189586740730
1770584698002,189691708235
1770584699002,189785069935
1770584700002,189874895999
1770584701002,189966767468
1770584702002,190063215341
1770584703002,190178065694
1770584704002,190279902530
1770584705002,190371751111
1770584706002,190457837072
1770584707002,190549699264
1770584708002,190641486260
1770584709002,190722001557
1770584710002,190800168227
1770584711002,190883212509
1770584712002,190964637044
1770584713002,191049248766
1770584714002,191129465968
1770584715002,191213202936
1770584716002,191323716814
1770584717003,191469284068
1770584718003,191608311971
1770584719003,191743330546
1770584720004,191878146486
1770584721003,192012839378
1770584722002,192147661726
1770584723002,192282652896
1770584724002,192417694665
1770584725002,192551532335
1770584726002,192680953756
1770584727002,192800770894
1770584728002,192912956642
1770584729002,193012742275
1770584730002,193108504908
1770584731002,193203218838
1770584732002,193295072363
1770584733002,193380118104
1770584734002,193460598855
1770584735002,193542080947
1770584736002,193625253646
1770584737002,193714172364
1770584738002,193796441868
1770584739002,193877680734
1770584740002,193959151656
1770584741002,194041736650
1770584742002,194125146470
1770584743002,194206806112
1770584744002,194292265916
1770584745002,194382446654
1770584746002,194470178912
1770584747002,194551865166
1770584748002,194653298439
1770584749002,194786624697
1770584750002,194919004607
1770584751004,195051791315
1770584752002,195189837226
1770584753002,195324406889
1770584754007,195459384205
1770584755002,195593807384
1770584756002,195722096240
1770584757002,195838105525
1770584758002,195950880322
1770584759002,196064855494
1770584760002,196165865367
1770584761002,196267236629
1770584762002,196375468652
1770584763002,196478973575
1770584764002,196577794855
1770584765002,196675366504
1770584766002,196776424778
1770584767002,196874121916
1770584768002,196971173731
1770584769002,197069961808
1770584770002,197165964125
1770584771002,197257980858
1770584772002,197349973725
1770584773002,197441198833
1770584774002,197532728506
1770584775002,197624882995
1770584776002,197717902959
1770584777002,197809821303
1770584778002,197902442220
1770584779002,197994968473
1770584780002,198093614583
1770584781002,198183386203
1770584782002,198263610180
1770584783002,198346591535
1770584784002,198426453086
1770584785002,198506957885
1770584786002,198588979709
1770584787002,198667835220
1770584788002,198747154841
1770584789002,198825475624
1770584790002,198905933670
1770584791002,198985790765
1770584792002,199065320957
1770584793002,199145955028
1770584794002,199224752922
1770584795002,199303961155
1770584796002,199385426034
1770584797002,199463752860
1770584798002,199550739453
1770584799002,199632499986
1770584800002,199711285124
1770584801002,199791819464
1770584802002,199870904100
1770584803002,199950179959
1770584804002,200028463511
1770584805002,200107213981
1770584806002,200193761733
1770584807002,200284291714
1770584808002,200368995721
1770584809002,200449426606
1770584810002,200527164993
1770584811002,200618653834
1770584812002,200721931829
1770584813002,200824107471
1770584814002,200930209006
1770584815002,201022916471
1770584816002,201118286527
1770584817002,201209711464
1770584818002,201301634629
1770584819002,201393122066
1770584820002,201486104494
1770584821002,201578516550
1770584822002,201670787615
1770584823002,201763468286
1770584824002,201855012058
1770584825002,201946417708
1770584826002,202038761099
1770584827002,202131745114
1770584828002,202223153755
1770584829002,202314289447
1770584830002,202405056853
1770584831002,202497651282
1770584832002,202590501203
1770584833002,202682132865
1770584834002,202772920047
1770584835002,202864374525
1770584836002,202957409810
1770584837002,203054706496
1770584838002,203149577042
1770584839002,203230987722
1770584840002,203315258564
1770584841002,203395791317
1770584842002,203474604591
1770584843002,203553731952
1770584844002,203631959718
1770584845002,203709207201
1770584846002,203789280361
1770584847002,203867722543
1770584848002,203946553151
1770584849002,204024418980
1770584850002,204103326493
1770584851002,204183385736
1770584852002,204262818272
1770584853002,204343598949
1770584854002,204422802665
1770584855002,204500584570
1770584856002,204581135267
1770584857002,204659358089
1770584858002,204738031960
1770584859002,204816952534
1770584860002,204895567384
1770584861002,204974972821
1770584862002,205054220177
1770584863002,205132997990
1770584864002,205210936450
1770584865002,205288698946
1770584866002,205368326184
1770584867002,205447055169
1770584868002,205530758446
1770584869002,205609039252
1770584870002,205686637259
1770584871002,205766165498
1770584872002,205846162485
1770584873002,205925265493
1770584874002,206003268345
1770584875002,206080831928
1770584876002,206160579100
1770584877002,206237825423
1770584878002,206315949857
1770584879002,206393630749
1770584880002,206471820734
1770584881002,206551039099
1770584882002,206629555316
1770584883002,206710010676
1770584884002,206790383945
1770584885002,206867667011
1770584886002,206947414366
1770584887002,207024804670
1770584888002,207103538905
1770584889002,207182036873
1770584890002,207259786857
1770584891002,207339353059
1770584892002,207418769543
1770584893002,207497487970
1770584894002,207574827493
1770584895002,207652052943
1770584896002,207731980533
1770584897002,207809372181
1770584898002,207889843655
1770584899002,207969480414
1770584900002,208047216543
1770584901002,208126861480
1770584902002,208205037428
1770584903002,208284294305
1770584904002,208362932165
1770584905002,208439873313
1770584906002,208519415285
1770584907002,208597222215
1770584908002,208675253936
1770584909002,208752311539
1770584910002,208831325253
1770584911002,208910715980
1770584912002,208989252095
1770584913002,209070130794
1770584914002,209149433265
1770584915002,209226738975
1770584916002,209306147036
1770584917002,209383557543
1770584918002,209462424895
1770584919002,209540583936
1770584920002,209618579769
1770584921002,209698003393
1770584922002,209776500263
1770584923002,209855444580
1770584924002,209933178206
1770584925002,210010195404
1770584926002,210089380748
1770584927002,210167091670
1770584928002,210248206941
1770584929002,210327910777
1770584930002,210405666316
1770584931002,210485256627
1770584932002,210564408158
1770584933002,210643385678
1770584934002,210721576579
1770584935002,210799571862
1770584936002,210879331058
1770584937002,210957218920
1770584938002,211035441010
1770584939002,211112720597
1770584940002,211190515991
1770584941002,211269644634
1770584942002,211348372276
1770584943002,211428993286
1770584944002,211509431190
1770584945002,211586485619
1770584946002,211665689640
1770584947002,211743439258
1770584948002,211822436126
1770584949002,211900115554
1770584950002,211978632443
1770584951002,212057614113
1770584952002,212136470173
1770584953002,212215612061
1770584954002,212293323226
1770584955002,212371017486
1770584956002,212449971202
1770584957002,212527446162
1770584958002,212607635349
1770584959002,212687024001
1770584960002,212765154721
1770584961002,212844037881
1770584962002,212922572836
1770584963002,213002578430
1770584964002,213080803693
1770584965002,213158373807
1770584966002,213237205820
1770584967002,213314771905
1770584968002,213392902809
1770584969002,213470640891
1770584970002,213548105842
1770584971002,213627172778
1770584972002,213706651334
1770584973002,213787120611
1770584974002,213867650373
1770584975002,213945060636
1770584976002,214024579659
1770584977002,214101946953
1770584978002,214180397924
1770584979002,214258012228
1770584980002,214337098329
1770584981002,214415832197
1770584982002,214494533717
1770584983002,214574167790
1770584984002,214654599286
1770584985002,214735609455
1770584986002,214814726012
1770584987002,214892497359
1770584988002,214973087240
1770584989002,215053371764
1770584990002,215130704574
1770584991002,215210585228
1770584992002,215289878544
1770584993002,215368899826
1770584994002,215446890532
1770584995002,215524556104
1770584996002,215603654596
1770584997002,215680919352
1770584998002,215758340662
1770584999002,215836324349
1770585000002,215914223015
1770585001002,215993099033
1770585002002,216071852799
1770585003002,216152117608
1770585004002,216231313084
1770585005002,216308744710
1770585006002,216387856995
1770585007002,216465444382
1770585008002,216545020350
1770585009002,216623087411
1770585010002,216702237416
1770585011002,216781870390
1770585012002,216860692088
1770585013002,216939602653
1770585014002,217017150733
1770585015002,217094929281
1770585016002,217174374879
1770585017002,217251598619
1770585018002,217331547389
1770585019002,217411754337
1770585020002,217489694628
1770585021002,217569282193
1770585022002,217647807871
1770585023002,217726618338
1770585024002,217804938511
1770585025002,217882709919
