task_id,hash,native_id,process,name,status,exit,cpus,memory,submit,start,complete,duration,realtime,%cpu,peak_rss,peak_vmem,hostname,cpu_model
1,60/dfdbcf,nf-60dfdbcfdba8c4582d60074d41c28a46-0311c,NFCORE_ATACSEQ:ATACSEQ:INPUT_CHECK:SAMPLESHEET_CHECK,NFCORE_ATACSEQ:ATACSEQ:INPUT_CHECK:SAMPLESHEET_CHECK (samplesheet_full.csv),COMPLETED,0,1,6442450944,1780908300886,1780908301000,1780908307000,6114,0,20.2,2359296,11579392,ip-172-31-12-170,Intel(R) Xeon(R) Platinum 8275CL CPU @ 3.00GHz
2,5f/34ee0c,nf-5f34ee0c875fe58ffaf3a13112111081-ad487,NFCORE_ATACSEQ:ATACSEQ:PREPARE_GENOME:GTF2BED,NFCORE_ATACSEQ:ATACSEQ:PREPARE_GENOME:GTF2BED (genes.gtf),COMPLETED,0,16,25769803776,1780908302907,1780908303000,1780908333000,30093,24000,27.0,991690752,1023074304,ip-172-31-12-170,Intel(R) Xeon(R) Platinum 8275CL CPU @ 3.00GHz
10,af/c9f548,nf-afc9f548a3b75280a1ddd99c52335fa7-07bf3,NFCORE_ATACSEQ:ATACSEQ:PREPARE_GENOME:TSS_EXTRACT,NFCORE_ATACSEQ:ATACSEQ:PREPARE_GENOME:TSS_EXTRACT,COMPLETED,0,1,6442450944,1780908336866,1780908337000,1780908342000,5134,79,93.2,2359296,4087808,ip-172-31-12-170,Intel(R) Xeon(R) Platinum 8275CL CPU @ 3.00GHz
3,44/a0c9d0,nf-44a0c9d09af6374d6b64a16b615ddf24-01580,NFCORE_ATACSEQ:ATACSEQ:PREPARE_GENOME:CUSTOM_GETCHROMSIZES,NFCORE_ATACSEQ:ATACSEQ:PREPARE_GENOME:CUSTOM_GETCHROMSIZES (genome.fa),COMPLETED,0,1,6442450944,1780908342997,1780908343000,1780908391000,48003,43000,28.7,4718592,12554240,ip-172-31-12-170,Intel(R) Xeon(R) Platinum 8275CL CPU @ 3.00GHz
15,c5/d790f5,nf-c5d790f5aeb493fc668a1edf206861ad-a6492,NFCORE_ATACSEQ:ATACSEQ:PREPARE_GENOME:GET_AUTOSOMES,NFCORE_ATACSEQ:ATACSEQ:PREPARE_GENOME:GET_AUTOSOMES (genome.fa.fai),COMPLETED,0,1,6442450944,1780908400807,1780908401000,1780908409000,8193,0,63.1,2359296,11579392,ip-172-31-12-170,Intel(R) Xeon(R) Platinum 8275CL CPU @ 3.00GHz
4,33/1469e7,nf-331469e741aebcba043af249b02228d3-0109c,NFCORE_ATACSEQ:ATACSEQ:FASTQ_FASTQC_UMITOOLS_TRIMGALORE:FASTQC,NFCORE_ATACSEQ:ATACSEQ:FASTQ_FASTQC_UMITOOLS_TRIMGALORE:FASTQC (GM12878_FAST_REP1_T1),COMPLETED,0,32,45097156608,1780908367203,1780908367000,1780908409000,41797,33000,173.3,4755750912,11835764736,ip-172-31-12-170,Intel(R) Xeon(R) Platinum 8275CL CPU @ 3.00GHz
16,05/8e0637,nf-058e0637be2939724819189432e91225-7e9be,NFCORE_ATACSEQ:ATACSEQ:PREPARE_GENOME:GENOME_BLACKLIST_REGIONS,NFCORE_ATACSEQ:ATACSEQ:PREPARE_GENOME:GENOME_BLACKLIST_REGIONS (genome.fa.sizes),COMPLETED,0,1,6442450944,1780908400879,1780908401000,1780908409000,8121,0,47.4,2359296,11579392,ip-172-31-12-170,Intel(R) Xeon(R) Platinum 8275CL CPU @ 3.00GHz
5,2b/a2a619,nf-2ba2a61929f21c888befad254891e9eb-d3699,NFCORE_ATACSEQ:ATACSEQ:FASTQ_FASTQC_UMITOOLS_TRIMGALORE:TRIMGALORE,NFCORE_ATACSEQ:ATACSEQ:FASTQ_FASTQC_UMITOOLS_TRIMGALORE:TRIMGALORE (GM12878_FAST_REP1_T1),COMPLETED,0,48,90194313216,1780908367220,1780908367000,1780908465000,97780,92000,622.4,1243549696,3543171072,ip-172-31-1-173,Intel(R) Xeon(R) Platinum 8275CL CPU @ 3.00GHz
7,8d/61ef75,nf-8d61ef756799eb0ef78d1f8507994b82-1b332,NFCORE_ATACSEQ:ATACSEQ:FASTQ_FASTQC_UMITOOLS_TRIMGALORE:FASTQC,NFCORE_ATACSEQ:ATACSEQ:FASTQ_FASTQC_UMITOOLS_TRIMGALORE:FASTQC (GM12878_FAST_REP2_T1),COMPLETED,0,32,45097156608,1780908374417,1780908375000,1780908461000,86583,46000,203.6,5197434880,11972087808,ip-172-31-1-173,Intel(R) Xeon(R) Platinum 8275CL CPU @ 3.00GHz
6,5c/493f92,nf-5c493f92b74f989dc4bbf1fe35634cd2-a06f4,NFCORE_ATACSEQ:ATACSEQ:FASTQ_FASTQC_UMITOOLS_TRIMGALORE:TRIMGALORE,NFCORE_ATACSEQ:ATACSEQ:FASTQ_FASTQC_UMITOOLS_TRIMGALORE:TRIMGALORE (GM12878_FAST_REP2_T1),COMPLETED,0,48,90194313216,1780908374396,1780908375000,1780908578000,203604,198000,508.8,2004602880,3540021248,ip-172-31-12-170,Intel(R) Xeon(R) Platinum 8275CL CPU @ 3.00GHz
9,d0/0de64f,nf-d00de64fb95a4b29e93889f21892d37a-0726d,NFCORE_ATACSEQ:ATACSEQ:FASTQ_FASTQC_UMITOOLS_TRIMGALORE:FASTQC,NFCORE_ATACSEQ:ATACSEQ:FASTQ_FASTQC_UMITOOLS_TRIMGALORE:FASTQC (GM12878_OMNI_REP1_T1),COMPLETED,0,32,45097156608,1780908404239,1780908414000,1780908732000,327761,287000,112.1,-,-,ip-172-31-12-170,Intel(R) Xeon(R) Platinum 8275CL CPU @ 3.00GHz
11,2f/623d30,nf-2f623d30f899b82a62822995d03b4bcf-27e97,NFCORE_ATACSEQ:ATACSEQ:FASTQ_FASTQC_UMITOOLS_TRIMGALORE:FASTQC,NFCORE_ATACSEQ:ATACSEQ:FASTQ_FASTQC_UMITOOLS_TRIMGALORE:FASTQC (GM12878_OMNI_REP2_T1),COMPLETED,0,32,45097156608,1780908470346,1780908470000,1780908731000,260654,142000,199.9,5404753920,12263129088,ip-172-31-1-173,Intel(R) Xeon(R) Platinum 8275CL CPU @ 3.00GHz
14,68/af9431,nf-68af94318bd4acbf59aa255719bcaa15-dbab9,NFCORE_ATACSEQ:ATACSEQ:FASTQ_FASTQC_UMITOOLS_TRIMGALORE:FASTQC,NFCORE_ATACSEQ:ATACSEQ:FASTQ_FASTQC_UMITOOLS_TRIMGALORE:FASTQC (GM12878_STD_REP1_T1),COMPLETED,0,32,45097156608,1780908484471,1780908733000,1780908869000,384529,130000,214.4,5210943488,12108410880,ip-172-31-1-173,Intel(R) Xeon(R) Platinum 8275CL CPU @ 3.00GHz
17,f6/2ec158,nf-f62ec158fa6500b2406b3ddcfdeeb469-01388,NFCORE_ATACSEQ:ATACSEQ:FASTQ_FASTQC_UMITOOLS_TRIMGALORE:FASTQC,NFCORE_ATACSEQ:ATACSEQ:FASTQ_FASTQC_UMITOOLS_TRIMGALORE:FASTQC (GM12878_STD_REP2_T1),COMPLETED,0,32,45097156608,1780908507127,1780908738000,1780908882000,374873,133000,206.5,5436928000,12148240384,ip-172-31-12-170,Intel(R) Xeon(R) Platinum 8275CL CPU @ 3.00GHz
12,6c/8fb731,nf-6c8fb731dcfadbc9abfc6b61333872a1-1d13f,NFCORE_ATACSEQ:ATACSEQ:FASTQ_FASTQC_UMITOOLS_TRIMGALORE:TRIMGALORE,NFCORE_ATACSEQ:ATACSEQ:FASTQ_FASTQC_UMITOOLS_TRIMGALORE:TRIMGALORE (GM12878_OMNI_REP2_T1),COMPLETED,0,48,90194313216,1780908470364,1780908471000,1780909031000,560636,555000,580.2,4847104000,6210207744,ip-172-31-1-173,Intel(R) Xeon(R) Platinum 8275CL CPU @ 3.00GHz
20,d0/2f137e,nf-d02f137ec90bbd763e1a5e0507199cd9-59425,NFCORE_ATACSEQ:ATACSEQ:FASTQ_ALIGN_BWA:BWA_MEM,NFCORE_ATACSEQ:ATACSEQ:FASTQ_ALIGN_BWA:BWA_MEM (GM12878_FAST_REP2_T1),COMPLETED,0,48,90194313216,1780908599323,1780909034000,1780909150000,550677,109000,4123.7,17242267648,23813582848,ip-172-31-1-173,Intel(R) Xeon(R) Platinum 8275CL CPU @ 3.00GHz
8,ec/75d044,nf-ec75d044be9feb1fe386b077febf3060-ce366,NFCORE_ATACSEQ:ATACSEQ:FASTQ_FASTQC_UMITOOLS_TRIMGALORE:TRIMGALORE,NFCORE_ATACSEQ:ATACSEQ:FASTQ_FASTQC_UMITOOLS_TRIMGALORE:TRIMGALORE (GM12878_OMNI_REP1_T1),COMPLETED,0,48,90194313216,1780908404280,1780908580000,1780909203000,798720,618000,628.9,4854763520,6242697216,ip-172-31-12-170,Intel(R) Xeon(R) Platinum 8275CL CPU @ 3.00GHz
22,17/276804,nf-1727680436b2b7a9268ebcda4144d4a0-ce781,NFCORE_ATACSEQ:ATACSEQ:FASTQ_ALIGN_BWA:BAM_SORT_STATS_SAMTOOLS:SAMTOOLS_SORT,NFCORE_ATACSEQ:ATACSEQ:FASTQ_ALIGN_BWA:BAM_SORT_STATS_SAMTOOLS:SAMTOOLS_SORT (GM12878_FAST_REP2_T1),COMPLETED,0,32,45097156608,1780909167150,1780909167000,1780909189000,21850,17000,631.8,6337069056,30187712512,ip-172-31-12-170,Intel(R) Xeon(R) Platinum 8275CL CPU @ 3.00GHz
24,19/e78e39,nf-19e78e39e616558f195936d2e4c55522-1cd88,NFCORE_ATACSEQ:ATACSEQ:FASTQ_ALIGN_BWA:BAM_SORT_STATS_SAMTOOLS:SAMTOOLS_INDEX,NFCORE_ATACSEQ:ATACSEQ:FASTQ_ALIGN_BWA:BAM_SORT_STATS_SAMTOOLS:SAMTOOLS_INDEX (GM12878_FAST_REP2_T1),COMPLETED,0,16,25769803776,1780909206991,1780909207000,1780909214000,7009,2000,455.1,22020096,1170182144,ip-172-31-12-170,Intel(R) Xeon(R) Platinum 8275CL CPU @ 3.00GHz
13,7f/306a4e,nf-7f306a4e6d2290655a94816bba4278e6-26acc,NFCORE_ATACSEQ:ATACSEQ:FASTQ_FASTQC_UMITOOLS_TRIMGALORE:TRIMGALORE,NFCORE_ATACSEQ:ATACSEQ:FASTQ_FASTQC_UMITOOLS_TRIMGALORE:TRIMGALORE (GM12878_STD_REP1_T1),COMPLETED,0,48,90194313216,1780908484492,1780909152000,1780909578000,1093508,421000,682.2,4671627264,5991374848,ip-172-31-1-173,Intel(R) Xeon(R) Platinum 8275CL CPU @ 3.00GHz
18,d9/414ed3,nf-d9414ed3cac5b56a4cc021da4b717b79-fbdfb,NFCORE_ATACSEQ:ATACSEQ:FASTQ_FASTQC_UMITOOLS_TRIMGALORE:TRIMGALORE,NFCORE_ATACSEQ:ATACSEQ:FASTQ_FASTQC_UMITOOLS_TRIMGALORE:TRIMGALORE (GM12878_STD_REP2_T1),COMPLETED,0,48,90194313216,1780908507110,1780909206000,1780909624000,1116890,413000,669.7,4570161152,5951688704,ip-172-31-12-170,Intel(R) Xeon(R) Platinum 8275CL CPU @ 3.00GHz
19,a1/52523e,nf-a152523ebe57a2e28e36111d988a3d93-6c24d,NFCORE_ATACSEQ:ATACSEQ:FASTQ_ALIGN_BWA:BWA_MEM,NFCORE_ATACSEQ:ATACSEQ:FASTQ_ALIGN_BWA:BWA_MEM (GM12878_FAST_REP1_T1),COMPLETED,0,48,90194313216,1780908542905,1780909581000,1780909658000,1115095,71000,3538.6,16737263616,23278526464,ip-172-31-1-173,Intel(R) Xeon(R) Platinum 8275CL CPU @ 3.00GHz
27,c8/d06c78,nf-c8d06c78acee0ed5dd29f715a186636d-f4296,NFCORE_ATACSEQ:ATACSEQ:FASTQ_ALIGN_BWA:BAM_SORT_STATS_SAMTOOLS:SAMTOOLS_SORT,NFCORE_ATACSEQ:ATACSEQ:FASTQ_ALIGN_BWA:BAM_SORT_STATS_SAMTOOLS:SAMTOOLS_SORT (GM12878_FAST_REP1_T1),COMPLETED,0,32,45097156608,1780909666897,1780909667000,1780909687000,20103,15000,531.3,3644866560,29568831488,ip-172-31-12-170,Intel(R) Xeon(R) Platinum 8275CL CPU @ 3.00GHz
28,d3/f539a0,nf-d3f539a0294519df7a50f736ad43dec0-1db16,NFCORE_ATACSEQ:ATACSEQ:FASTQ_ALIGN_BWA:BAM_SORT_STATS_SAMTOOLS:SAMTOOLS_INDEX,NFCORE_ATACSEQ:ATACSEQ:FASTQ_ALIGN_BWA:BAM_SORT_STATS_SAMTOOLS:SAMTOOLS_INDEX (GM12878_FAST_REP1_T1),COMPLETED,0,16,25769803776,1780909708523,1780909709000,1780909715000,6477,1000,557.5,21233664,1178169344,ip-172-31-12-170,Intel(R) Xeon(R) Platinum 8275CL CPU @ 3.00GHz
21,ac/5985e0,nf-ac5985e0437d681751b47e39c66dc7dc-c0430,NFCORE_ATACSEQ:ATACSEQ:FASTQ_ALIGN_BWA:BWA_MEM,NFCORE_ATACSEQ:ATACSEQ:FASTQ_ALIGN_BWA:BWA_MEM (GM12878_OMNI_REP2_T1),COMPLETED,0,48,90194313216,1780909046997,1780909626000,1780909903000,856003,270000,4245.6,15536427008,20724191232,ip-172-31-12-170,Intel(R) Xeon(R) Platinum 8275CL CPU @ 3.00GHz
23,74/5338dc,nf-745338dcbd44fa424370a1fa8ce316e6-5ac03,NFCORE_ATACSEQ:ATACSEQ:FASTQ_ALIGN_BWA:BWA_MEM,NFCORE_ATACSEQ:ATACSEQ:FASTQ_ALIGN_BWA:BWA_MEM (GM12878_OMNI_REP1_T1),COMPLETED,0,48,90194313216,1780909207008,1780909660000,1780909974000,766992,308000,4611.8,15595175936,20521467904,ip-172-31-1-173,Intel(R) Xeon(R) Platinum 8275CL CPU @ 3.00GHz
29,57/53da4a,nf-5753da4a52beb0673e10cfb23dd31929-c8f18,NFCORE_ATACSEQ:ATACSEQ:FASTQ_ALIGN_BWA:BAM_SORT_STATS_SAMTOOLS:SAMTOOLS_SORT,NFCORE_ATACSEQ:ATACSEQ:FASTQ_ALIGN_BWA:BAM_SORT_STATS_SAMTOOLS:SAMTOOLS_SORT (GM12878_OMNI_REP2_T1),COMPLETED,0,32,45097156608,1780909906957,1780909907000,1780909985000,78043,73000,554.4,18702934016,32103092224,ip-172-31-12-170,Intel(R) Xeon(R) Platinum 8275CL CPU @ 3.00GHz
31,f5/9eefe6,nf-f59eefe632dec9242346554629cc3e57-85703,NFCORE_ATACSEQ:ATACSEQ:FASTQ_ALIGN_BWA:BAM_SORT_STATS_SAMTOOLS:SAMTOOLS_INDEX,NFCORE_ATACSEQ:ATACSEQ:FASTQ_ALIGN_BWA:BAM_SORT_STATS_SAMTOOLS:SAMTOOLS_INDEX (GM12878_OMNI_REP2_T1),COMPLETED,0,16,25769803776,1780909989285,1780909989000,1780910001000,11715,7000,495.2,22806528,1174147072,ip-172-31-12-170,Intel(R) Xeon(R) Platinum 8275CL CPU @ 3.00GHz
30,91/def1e8,nf-91def1e88b25efd7acb2f9fd18511941-c2e3a,NFCORE_ATACSEQ:ATACSEQ:FASTQ_ALIGN_BWA:BAM_SORT_STATS_SAMTOOLS:SAMTOOLS_SORT,NFCORE_ATACSEQ:ATACSEQ:FASTQ_ALIGN_BWA:BAM_SORT_STATS_SAMTOOLS:SAMTOOLS_SORT (GM12878_OMNI_REP1_T1),COMPLETED,0,32,45097156608,1780909986910,1780909987000,1780910082000,95090,90000,560.2,22941835264,34398769152,ip-172-31-1-173,Intel(R) Xeon(R) Platinum 8275CL CPU @ 3.00GHz
25,9f/fbf3af,nf-9ffbf3afe95b9a0a7c09add4fb194497-91344,NFCORE_ATACSEQ:ATACSEQ:FASTQ_ALIGN_BWA:BWA_MEM,NFCORE_ATACSEQ:ATACSEQ:FASTQ_ALIGN_BWA:BWA_MEM (GM12878_STD_REP1_T1),COMPLETED,0,48,90194313216,1780909586953,1780909906000,1780910093000,506047,181000,3830.9,13138157568,19589607424,ip-172-31-12-170,Intel(R) Xeon(R) Platinum 8275CL CPU @ 3.00GHz
32,c2/1d3033,nf-c21d3033c28cb16f78b53315609dbb53-85438,NFCORE_ATACSEQ:ATACSEQ:FASTQ_ALIGN_BWA:BAM_SORT_STATS_SAMTOOLS:SAMTOOLS_INDEX,NFCORE_ATACSEQ:ATACSEQ:FASTQ_ALIGN_BWA:BAM_SORT_STATS_SAMTOOLS:SAMTOOLS_INDEX (GM12878_OMNI_REP1_T1),COMPLETED,0,16,25769803776,1780910086942,1780910087000,1780910111000,24058,19000,194.7,18087936,1246404608,ip-172-31-12-170,Intel(R) Xeon(R) Platinum 8275CL CPU @ 3.00GHz
26,8d/157f6b,nf-8d157f6b0822a5aa2fe9c43b73888fbe-769d0,NFCORE_ATACSEQ:ATACSEQ:FASTQ_ALIGN_BWA:BWA_MEM,NFCORE_ATACSEQ:ATACSEQ:FASTQ_ALIGN_BWA:BWA_MEM (GM12878_STD_REP2_T1),COMPLETED,0,48,90194313216,1780909626993,1780909976000,1780910147000,520007,165000,4028.8,13111795712,19922661376,ip-172-31-1-173,Intel(R) Xeon(R) Platinum 8275CL CPU @ 3.00GHz
33,be/a3f2eb,nf-bea3f2eb5a22d6140a1b910dce1b093b-c9529,NFCORE_ATACSEQ:ATACSEQ:FASTQ_ALIGN_BWA:BAM_SORT_STATS_SAMTOOLS:SAMTOOLS_SORT,NFCORE_ATACSEQ:ATACSEQ:FASTQ_ALIGN_BWA:BAM_SORT_STATS_SAMTOOLS:SAMTOOLS_SORT (GM12878_STD_REP1_T1),COMPLETED,0,32,45097156608,1780910106975,1780910107000,1780910168000,61025,56000,503.7,19189555200,31456784384,ip-172-31-12-170,Intel(R) Xeon(R) Platinum 8275CL CPU @ 3.00GHz
35,8c/a29883,nf-8ca298831d58ad3d04d42a4408d5c777-0ca53,NFCORE_ATACSEQ:ATACSEQ:FASTQ_ALIGN_BWA:BAM_SORT_STATS_SAMTOOLS:SAMTOOLS_INDEX,NFCORE_ATACSEQ:ATACSEQ:FASTQ_ALIGN_BWA:BAM_SORT_STATS_SAMTOOLS:SAMTOOLS_INDEX (GM12878_STD_REP1_T1),COMPLETED,0,16,25769803776,1780910186925,1780910187000,1780910198000,11075,6000,374.0,15728640,1106161664,ip-172-31-12-170,Intel(R) Xeon(R) Platinum 8275CL CPU @ 3.00GHz
34,e3/f95ea2,nf-e3f95ea29bcbaaf3093b851587ce3acb-63745,NFCORE_ATACSEQ:ATACSEQ:FASTQ_ALIGN_BWA:BAM_SORT_STATS_SAMTOOLS:SAMTOOLS_SORT,NFCORE_ATACSEQ:ATACSEQ:FASTQ_ALIGN_BWA:BAM_SORT_STATS_SAMTOOLS:SAMTOOLS_SORT (GM12878_STD_REP2_T1),COMPLETED,0,32,45097156608,1780910166919,1780910167000,1780910225000,58081,53000,532.3,18795094016,32341377024,ip-172-31-1-173,Intel(R) Xeon(R) Platinum 8275CL CPU @ 3.00GHz
38,41/f509ab,nf-41f509aba33779c47e15658efac24e1d-ea150,NFCORE_ATACSEQ:ATACSEQ:PICARD_MERGESAMFILES_LIBRARY,NFCORE_ATACSEQ:ATACSEQ:PICARD_MERGESAMFILES_LIBRARY (GM12878_FAST_REP1),COMPLETED,0,32,45097156608,1780910226950,1780910227000,1780910234000,7050,1000,227.7,10223616,37855232,ip-172-31-1-173,Intel(R) Xeon(R) Platinum 8275CL CPU @ 3.00GHz
36,56/67b99d,nf-5667b99de08671e3b10623cac88158da-fcd0f,NFCORE_ATACSEQ:ATACSEQ:FASTQ_ALIGN_BWA:BAM_SORT_STATS_SAMTOOLS:SAMTOOLS_INDEX,NFCORE_ATACSEQ:ATACSEQ:FASTQ_ALIGN_BWA:BAM_SORT_STATS_SAMTOOLS:SAMTOOLS_INDEX (GM12878_STD_REP2_T1),COMPLETED,0,16,25769803776,1780910226914,1780910227000,1780910239000,12086,7000,366.3,14942208,1295921152,ip-172-31-12-170,Intel(R) Xeon(R) Platinum 8275CL CPU @ 3.00GHz
37,82/b3f9b9,nf-82b3f9b93da22a1b636daa9d55909847-54ae9,NFCORE_ATACSEQ:ATACSEQ:PICARD_MERGESAMFILES_LIBRARY,NFCORE_ATACSEQ:ATACSEQ:PICARD_MERGESAMFILES_LIBRARY (GM12878_FAST_REP2),COMPLETED,0,32,45097156608,1780910226936,1780910227000,1780910234000,7064,1000,219.1,3145728,5644288,ip-172-31-12-170,Intel(R) Xeon(R) Platinum 8275CL CPU @ 3.00GHz
39,37/390ece,nf-37390ecef181412e19112354a0ff4a8e-19bfb,NFCORE_ATACSEQ:ATACSEQ:PICARD_MERGESAMFILES_LIBRARY,NFCORE_ATACSEQ:ATACSEQ:PICARD_MERGESAMFILES_LIBRARY (GM12878_OMNI_REP2),COMPLETED,0,32,45097156608,1780910226968,1780910227000,1780910234000,7032,1000,215.9,2359296,5644288,ip-172-31-12-170,Intel(R) Xeon(R) Platinum 8275CL CPU @ 3.00GHz
40,1b/f6c9a7,nf-1bf6c9a7746f39ff4c6c4d6c1ac5bf34-fe65b,NFCORE_ATACSEQ:ATACSEQ:PICARD_MERGESAMFILES_LIBRARY,NFCORE_ATACSEQ:ATACSEQ:PICARD_MERGESAMFILES_LIBRARY (GM12878_OMNI_REP1),COMPLETED,0,32,45097156608,1780910227198,1780910229000,1780910236000,8802,1000,220.0,14942208,43499520,ip-172-31-1-173,Intel(R) Xeon(R) Platinum 8275CL CPU @ 3.00GHz
41,5d/a0fdfe,nf-5da0fdfe9273c87d250ea3a52b5b1d5b-74f79,NFCORE_ATACSEQ:ATACSEQ:PICARD_MERGESAMFILES_LIBRARY,NFCORE_ATACSEQ:ATACSEQ:PICARD_MERGESAMFILES_LIBRARY (GM12878_STD_REP1),COMPLETED,0,32,45097156608,1780910227214,1780910236000,1780910246000,18786,2000,55.2,98304000,5574647808,ip-172-31-12-170,Intel(R) Xeon(R) Platinum 8275CL CPU @ 3.00GHz
42,c0/65d47f,nf-c065d47f65e3d71a108e9084536b419b-13333,NFCORE_ATACSEQ:ATACSEQ:PICARD_MERGESAMFILES_LIBRARY,NFCORE_ATACSEQ:ATACSEQ:PICARD_MERGESAMFILES_LIBRARY (GM12878_STD_REP2),COMPLETED,0,32,45097156608,1780910227230,1780910240000,1780910247000,19770,1000,221.3,11010048,37855232,ip-172-31-1-173,Intel(R) Xeon(R) Platinum 8275CL CPU @ 3.00GHz
45,aa/30057e,nf-aa30057ee6ad751cc435abb51c1a991c-961a4,NFCORE_ATACSEQ:ATACSEQ:FASTQ_ALIGN_BWA:BAM_SORT_STATS_SAMTOOLS:BAM_STATS_SAMTOOLS:SAMTOOLS_FLAGSTAT,NFCORE_ATACSEQ:ATACSEQ:FASTQ_ALIGN_BWA:BAM_SORT_STATS_SAMTOOLS:BAM_STATS_SAMTOOLS:SAMTOOLS_FLAGSTAT (GM12878_FAST_REP2_T1),COMPLETED,0,1,6442450944,1780910247060,1780910247000,1780910262000,14940,10000,102.5,5505024,231661568,ip-172-31-12-170,Intel(R) Xeon(R) Platinum 8275CL CPU @ 3.00GHz
46,8a/def70b,nf-8adef70bc9ae97437a5701fac1f53664-7ff4b,NFCORE_ATACSEQ:ATACSEQ:FASTQ_ALIGN_BWA:BAM_SORT_STATS_SAMTOOLS:BAM_STATS_SAMTOOLS:SAMTOOLS_FLAGSTAT,NFCORE_ATACSEQ:ATACSEQ:FASTQ_ALIGN_BWA:BAM_SORT_STATS_SAMTOOLS:BAM_STATS_SAMTOOLS:SAMTOOLS_FLAGSTAT (GM12878_FAST_REP1_T1),COMPLETED,0,1,6442450944,1780910247211,1780910247000,1780910261000,13789,8000,71.3,5505024,231661568,ip-172-31-12-170,Intel(R) Xeon(R) Platinum 8275CL CPU @ 3.00GHz
48,eb/31cdec,nf-eb31cdecf792d7ed29bdb1a6c24d1f2a-182ed,NFCORE_ATACSEQ:ATACSEQ:FASTQ_ALIGN_BWA:BAM_SORT_STATS_SAMTOOLS:BAM_STATS_SAMTOOLS:SAMTOOLS_IDXSTATS,NFCORE_ATACSEQ:ATACSEQ:FASTQ_ALIGN_BWA:BAM_SORT_STATS_SAMTOOLS:BAM_STATS_SAMTOOLS:SAMTOOLS_IDXSTATS (GM12878_FAST_REP1_T1),COMPLETED,0,1,6442450944,1780910247244,1780910248000,1780910253000,5756,0,59.4,4718592,12627968,ip-172-31-1-173,Intel(R) Xeon(R) Platinum 8275CL CPU @ 3.00GHz
44,a1/0eb0e8,nf-a10eb0e89d130962e66a47d562c81bc2-101c7,NFCORE_ATACSEQ:ATACSEQ:FASTQ_ALIGN_BWA:BAM_SORT_STATS_SAMTOOLS:BAM_STATS_SAMTOOLS:SAMTOOLS_IDXSTATS,NFCORE_ATACSEQ:ATACSEQ:FASTQ_ALIGN_BWA:BAM_SORT_STATS_SAMTOOLS:BAM_STATS_SAMTOOLS:SAMTOOLS_IDXSTATS (GM12878_FAST_REP2_T1),COMPLETED,0,1,6442450944,1780910247230,1780910247000,1780910253000,5770,0,47.4,2359296,5644288,ip-172-31-12-170,Intel(R) Xeon(R) Platinum 8275CL CPU @ 3.00GHz
56,90/62ef59,nf-9062ef59f7633bc40a14bf664e023b9d-be231,NFCORE_ATACSEQ:ATACSEQ:FASTQ_ALIGN_BWA:BAM_SORT_STATS_SAMTOOLS:BAM_STATS_SAMTOOLS:SAMTOOLS_IDXSTATS,NFCORE_ATACSEQ:ATACSEQ:FASTQ_ALIGN_BWA:BAM_SORT_STATS_SAMTOOLS:BAM_STATS_SAMTOOLS:SAMTOOLS_IDXSTATS (GM12878_OMNI_REP1_T1),COMPLETED,0,1,6442450944,1780910247313,1780910248000,1780910253000,5687,0,96.7,2359296,5644288,ip-172-31-1-173,Intel(R) Xeon(R) Platinum 8275CL CPU @ 3.00GHz
51,ef/bdbfdb,nf-efbdbfdbda1021fd89ba39533c3cee06-116f5,NFCORE_ATACSEQ:ATACSEQ:FASTQ_ALIGN_BWA:BAM_SORT_STATS_SAMTOOLS:BAM_STATS_SAMTOOLS:SAMTOOLS_IDXSTATS,NFCORE_ATACSEQ:ATACSEQ:FASTQ_ALIGN_BWA:BAM_SORT_STATS_SAMTOOLS:BAM_STATS_SAMTOOLS:SAMTOOLS_IDXSTATS (GM12878_OMNI_REP2_T1),COMPLETED,0,1,6442450944,1780910247294,1780910248000,1780910253000,5706,0,54.8,2359296,5644288,ip-172-31-12-170,Intel(R) Xeon(R) Platinum 8275CL CPU @ 3.00GHz
57,bf/52db84,nf-bf52db84db8d264c83a8e001fb5bae6b-97f8d,NFCORE_ATACSEQ:ATACSEQ:FASTQ_ALIGN_BWA:BAM_SORT_STATS_SAMTOOLS:BAM_STATS_SAMTOOLS:SAMTOOLS_IDXSTATS,NFCORE_ATACSEQ:ATACSEQ:FASTQ_ALIGN_BWA:BAM_SORT_STATS_SAMTOOLS:BAM_STATS_SAMTOOLS:SAMTOOLS_IDXSTATS (GM12878_STD_REP1_T1),COMPLETED,0,1,6442450944,1780910247373,1780910248000,1780910253000,5627,0,48.7,4718592,12627968,ip-172-31-1-173,Intel(R) Xeon(R) Platinum 8275CL CPU @ 3.00GHz
59,66/384e78,nf-66384e78d83bdc263984f4a8561c3083-ee72a,NFCORE_ATACSEQ:ATACSEQ:FASTQ_ALIGN_BWA:BAM_SORT_STATS_SAMTOOLS:BAM_STATS_SAMTOOLS:SAMTOOLS_IDXSTATS,NFCORE_ATACSEQ:ATACSEQ:FASTQ_ALIGN_BWA:BAM_SORT_STATS_SAMTOOLS:BAM_STATS_SAMTOOLS:SAMTOOLS_IDXSTATS (GM12878_STD_REP2_T1),COMPLETED,0,1,6442450944,1780910247357,1780910248000,1780910253000,5643,0,92.5,2359296,5644288,ip-172-31-12-170,Intel(R) Xeon(R) Platinum 8275CL CPU @ 3.00GHz
47,94/26ae4c,nf-9426ae4c51dd70e490f6d9612e0131df-9c36a,NFCORE_ATACSEQ:ATACSEQ:FASTQ_ALIGN_BWA:BAM_SORT_STATS_SAMTOOLS:BAM_STATS_SAMTOOLS:SAMTOOLS_FLAGSTAT,NFCORE_ATACSEQ:ATACSEQ:FASTQ_ALIGN_BWA:BAM_SORT_STATS_SAMTOOLS:BAM_STATS_SAMTOOLS:SAMTOOLS_FLAGSTAT (GM12878_OMNI_REP2_T1),COMPLETED,0,1,6442450944,1780910247262,1780910247000,1780910277000,29738,25000,115.9,4718592,231661568,ip-172-31-1-173,Intel(R) Xeon(R) Platinum 8275CL CPU @ 3.00GHz
54,08/bd293a,nf-08bd293a2d97c38072a934cad6a7a2e1-61140,NFCORE_ATACSEQ:ATACSEQ:FASTQ_ALIGN_BWA:BAM_SORT_STATS_SAMTOOLS:BAM_STATS_SAMTOOLS:SAMTOOLS_FLAGSTAT,NFCORE_ATACSEQ:ATACSEQ:FASTQ_ALIGN_BWA:BAM_SORT_STATS_SAMTOOLS:BAM_STATS_SAMTOOLS:SAMTOOLS_FLAGSTAT (GM12878_OMNI_REP1_T1),COMPLETED,0,1,6442450944,1780910247277,1780910248000,1780910282000,34723,29000,119.5,4718592,231661568,ip-172-31-12-170,Intel(R) Xeon(R) Platinum 8275CL CPU @ 3.00GHz
58,ea/a50b52,nf-eaa50b52450ca4312aefea5e304bc64a-bb301,NFCORE_ATACSEQ:ATACSEQ:FASTQ_ALIGN_BWA:BAM_SORT_STATS_SAMTOOLS:BAM_STATS_SAMTOOLS:SAMTOOLS_FLAGSTAT,NFCORE_ATACSEQ:ATACSEQ:FASTQ_ALIGN_BWA:BAM_SORT_STATS_SAMTOOLS:BAM_STATS_SAMTOOLS:SAMTOOLS_FLAGSTAT (GM12878_STD_REP2_T1),COMPLETED,0,1,6442450944,1780910247327,1780910248000,1780910267000,19673,14000,147.3,6291456,231661568,ip-172-31-1-173,Intel(R) Xeon(R) Platinum 8275CL CPU @ 3.00GHz
52,be/cd7554,nf-becd75541598977968053af575bcdf15-52337,NFCORE_ATACSEQ:ATACSEQ:FASTQ_ALIGN_BWA:BAM_SORT_STATS_SAMTOOLS:BAM_STATS_SAMTOOLS:SAMTOOLS_STATS,NFCORE_ATACSEQ:ATACSEQ:FASTQ_ALIGN_BWA:BAM_SORT_STATS_SAMTOOLS:BAM_STATS_SAMTOOLS:SAMTOOLS_STATS (GM12878_FAST_REP1_T1),COMPLETED,0,1,6442450944,1780910252090,1780910252000,1780910274000,21910,17000,126.9,6291456,233213952,ip-172-31-1-173,Intel(R) Xeon(R) Platinum 8275CL CPU @ 3.00GHz
55,a3/1fb0ea,nf-a31fb0ea5e4635d402fac5a677d680c5-0a68f,NFCORE_ATACSEQ:ATACSEQ:FASTQ_ALIGN_BWA:BAM_SORT_STATS_SAMTOOLS:BAM_STATS_SAMTOOLS:SAMTOOLS_FLAGSTAT,NFCORE_ATACSEQ:ATACSEQ:FASTQ_ALIGN_BWA:BAM_SORT_STATS_SAMTOOLS:BAM_STATS_SAMTOOLS:SAMTOOLS_FLAGSTAT (GM12878_STD_REP1_T1),COMPLETED,0,1,6442450944,1780910247344,1780910248000,1780910268000,20656,15000,143.2,5505024,231661568,ip-172-31-12-170,Intel(R) Xeon(R) Platinum 8275CL CPU @ 3.00GHz
49,a6/801505,nf-a68015050ad0576683cdaff8e6e3995c-6b9df,NFCORE_ATACSEQ:ATACSEQ:FASTQ_ALIGN_BWA:BAM_SORT_STATS_SAMTOOLS:BAM_STATS_SAMTOOLS:SAMTOOLS_STATS,NFCORE_ATACSEQ:ATACSEQ:FASTQ_ALIGN_BWA:BAM_SORT_STATS_SAMTOOLS:BAM_STATS_SAMTOOLS:SAMTOOLS_STATS (GM12878_FAST_REP2_T1),COMPLETED,0,1,6442450944,1780910252108,1780910253000,1780910289000,36892,30000,120.9,7077888,233078784,ip-172-31-12-170,Intel(R) Xeon(R) Platinum 8275CL CPU @ 3.00GHz
62,32/8c0f8b,nf-328c0f8b18741ebf84cce1386f29fdba-87122,NFCORE_ATACSEQ:ATACSEQ:FASTQ_ALIGN_BWA:BAM_SORT_STATS_SAMTOOLS:BAM_STATS_SAMTOOLS:SAMTOOLS_STATS,NFCORE_ATACSEQ:ATACSEQ:FASTQ_ALIGN_BWA:BAM_SORT_STATS_SAMTOOLS:BAM_STATS_SAMTOOLS:SAMTOOLS_STATS (GM12878_STD_REP1_T1),COMPLETED,0,1,6442450944,1780910253099,1780910253000,1780910318000,64901,59000,129.5,7077888,233078784,ip-172-31-1-173,Intel(R) Xeon(R) Platinum 8275CL CPU @ 3.00GHz
65,9d/bb85fa,nf-9dbb85fa0221cd67fde30ce1fb950bac-9c0ad,NFCORE_ATACSEQ:ATACSEQ:FASTQ_ALIGN_BWA:BAM_SORT_STATS_SAMTOOLS:BAM_STATS_SAMTOOLS:SAMTOOLS_STATS,NFCORE_ATACSEQ:ATACSEQ:FASTQ_ALIGN_BWA:BAM_SORT_STATS_SAMTOOLS:BAM_STATS_SAMTOOLS:SAMTOOLS_STATS (GM12878_STD_REP2_T1),COMPLETED,0,1,6442450944,1780910253112,1780910254000,1780910313000,59888,54000,130.7,6291456,233078784,ip-172-31-1-173,Intel(R) Xeon(R) Platinum 8275CL CPU @ 3.00GHz
53,dd/cabb89,nf-ddcabb89cad97c08d331b5018702e013-cc872,NFCORE_ATACSEQ:ATACSEQ:FASTQ_ALIGN_BWA:BAM_SORT_STATS_SAMTOOLS:BAM_STATS_SAMTOOLS:SAMTOOLS_STATS,NFCORE_ATACSEQ:ATACSEQ:FASTQ_ALIGN_BWA:BAM_SORT_STATS_SAMTOOLS:BAM_STATS_SAMTOOLS:SAMTOOLS_STATS (GM12878_OMNI_REP2_T1),COMPLETED,0,1,6442450944,1780910252200,1780910253000,1780910332000,79800,73000,131.5,7077888,233078784,ip-172-31-12-170,Intel(R) Xeon(R) Platinum 8275CL CPU @ 3.00GHz
61,0b/16dbd4,nf-0b16dbd49014169401f3d3cac124f459-590be,NFCORE_ATACSEQ:ATACSEQ:FASTQ_ALIGN_BWA:BAM_SORT_STATS_SAMTOOLS:BAM_STATS_SAMTOOLS:SAMTOOLS_STATS,NFCORE_ATACSEQ:ATACSEQ:FASTQ_ALIGN_BWA:BAM_SORT_STATS_SAMTOOLS:BAM_STATS_SAMTOOLS:SAMTOOLS_STATS (GM12878_OMNI_REP1_T1),COMPLETED,0,1,6442450944,1780910252184,1780910252000,1780910346000,93816,87000,132.9,7077888,233078784,ip-172-31-12-170,Intel(R) Xeon(R) Platinum 8275CL CPU @ 3.00GHz
43,fc/dfe91a,nf-fcdfe91a993a0b32c2fd10fcd6b4cf6d-1db0a,NFCORE_ATACSEQ:ATACSEQ:MERGED_LIBRARY_MARKDUPLICATES_PICARD:PICARD_MARKDUPLICATES,NFCORE_ATACSEQ:ATACSEQ:MERGED_LIBRARY_MARKDUPLICATES_PICARD:PICARD_MARKDUPLICATES (GM12878_FAST_REP1),COMPLETED,0,32,45097156608,1780910252136,1780910252000,1780910403000,150864,144000,151.5,22112571392,48301449216,ip-172-31-1-173,Intel(R) Xeon(R) Platinum 8275CL CPU @ 3.00GHz
67,e6/520255,nf-e65202556f357cb0ebcc2bf5c04b6594-0a458,NFCORE_ATACSEQ:ATACSEQ:MERGED_LIBRARY_MARKDUPLICATES_PICARD:SAMTOOLS_INDEX,NFCORE_ATACSEQ:ATACSEQ:MERGED_LIBRARY_MARKDUPLICATES_PICARD:SAMTOOLS_INDEX (GM12878_FAST_REP1),COMPLETED,0,16,25769803776,1780910406932,1780910407000,1780910414000,7068,2000,339.2,18087936,1296429056,ip-172-31-12-170,Intel(R) Xeon(R) Platinum 8275CL CPU @ 3.00GHz
50,2e/6197cb,nf-2e6197cb9d746aba3881edad369a9b4e-c7c7a,NFCORE_ATACSEQ:ATACSEQ:MERGED_LIBRARY_MARKDUPLICATES_PICARD:PICARD_MARKDUPLICATES,NFCORE_ATACSEQ:ATACSEQ:MERGED_LIBRARY_MARKDUPLICATES_PICARD:PICARD_MARKDUPLICATES (GM12878_FAST_REP2),COMPLETED,0,32,45097156608,1780910252121,1780910252000,1780910504000,251879,244000,143.5,25214738432,48199733248,ip-172-31-12-170,Intel(R) Xeon(R) Platinum 8275CL CPU @ 3.00GHz
69,83/ed6566,nf-83ed656673c45183e16856411627266f-6b134,NFCORE_ATACSEQ:ATACSEQ:MERGED_LIBRARY_MARKDUPLICATES_PICARD:SAMTOOLS_INDEX,NFCORE_ATACSEQ:ATACSEQ:MERGED_LIBRARY_MARKDUPLICATES_PICARD:SAMTOOLS_INDEX (GM12878_FAST_REP2),COMPLETED,0,16,25769803776,1780910508023,1780910508000,1780910515000,6977,2000,528.4,15728640,1105444864,ip-172-31-12-170,Intel(R) Xeon(R) Platinum 8275CL CPU @ 3.00GHz
60,cf/5291d2,nf-cf5291d269eeb318ef258b070513c6f3-d2ce9,NFCORE_ATACSEQ:ATACSEQ:MERGED_LIBRARY_MARKDUPLICATES_PICARD:PICARD_MARKDUPLICATES,NFCORE_ATACSEQ:ATACSEQ:MERGED_LIBRARY_MARKDUPLICATES_PICARD:PICARD_MARKDUPLICATES (GM12878_OMNI_REP2),COMPLETED,0,32,45097156608,1780910252168,1780910252000,1780910968000,715832,710000,128.3,25490259968,48268947456,ip-172-31-1-173,Intel(R) Xeon(R) Platinum 8275CL CPU @ 3.00GHz
66,5d/e7f7fd,nf-5de7f7fd0520b3142b4a8fffe94ce202-ece1f,NFCORE_ATACSEQ:ATACSEQ:MERGED_LIBRARY_MARKDUPLICATES_PICARD:PICARD_MARKDUPLICATES,NFCORE_ATACSEQ:ATACSEQ:MERGED_LIBRARY_MARKDUPLICATES_PICARD:PICARD_MARKDUPLICATES (GM12878_STD_REP2),COMPLETED,0,32,45097156608,1780910266947,1780910405000,1780910972000,705053,561000,134.0,25262448640,48132624384,ip-172-31-1-173,Intel(R) Xeon(R) Platinum 8275CL CPU @ 3.00GHz
72,3a/f11180,nf-3af11180a3935552f52367d63d04910b-bb6a9,NFCORE_ATACSEQ:ATACSEQ:MERGED_LIBRARY_MARKDUPLICATES_PICARD:SAMTOOLS_INDEX,NFCORE_ATACSEQ:ATACSEQ:MERGED_LIBRARY_MARKDUPLICATES_PICARD:SAMTOOLS_INDEX (GM12878_STD_REP2),COMPLETED,0,16,25769803776,1780910986937,1780910987000,1780910997000,10063,5000,452.9,11796480,1090908160,ip-172-31-1-173,Intel(R) Xeon(R) Platinum 8275CL CPU @ 3.00GHz
71,28/63ac7f,nf-2863ac7f465c90ed4ccc62c643325d35-2b5a5,NFCORE_ATACSEQ:ATACSEQ:MERGED_LIBRARY_MARKDUPLICATES_PICARD:SAMTOOLS_INDEX,NFCORE_ATACSEQ:ATACSEQ:MERGED_LIBRARY_MARKDUPLICATES_PICARD:SAMTOOLS_INDEX (GM12878_OMNI_REP2),COMPLETED,0,16,25769803776,1780910986920,1780910987000,1780911007000,20080,15000,195.8,21233664,1296998400,ip-172-31-12-170,Intel(R) Xeon(R) Platinum 8275CL CPU @ 3.00GHz
68,7b/498452,nf-7b498452c50bfae272f9e1e42dda81df-8e51d,NFCORE_ATACSEQ:ATACSEQ:MERGED_LIBRARY_FILTER_BAM:BAMTOOLS_FILTER,NFCORE_ATACSEQ:ATACSEQ:MERGED_LIBRARY_FILTER_BAM:BAMTOOLS_FILTER (GM12878_FAST_REP1),COMPLETED,0,32,45097156608,1780910426990,1780910971000,1780911068000,641010,92000,129.3,11796480,23658496,ip-172-31-1-173,Intel(R) Xeon(R) Platinum 8275CL CPU @ 3.00GHz
63,cf/70a8f3,nf-cf70a8f3bde203ac08b8b8f10ec0df7f-741c6,NFCORE_ATACSEQ:ATACSEQ:MERGED_LIBRARY_MARKDUPLICATES_PICARD:PICARD_MARKDUPLICATES,NFCORE_ATACSEQ:ATACSEQ:MERGED_LIBRARY_MARKDUPLICATES_PICARD:PICARD_MARKDUPLICATES (GM12878_OMNI_REP1),COMPLETED,0,32,45097156608,1780910253065,1780910253000,1780911104000,850935,844000,123.3,27840851968,48336056320,ip-172-31-12-170,Intel(R) Xeon(R) Platinum 8275CL CPU @ 3.00GHz
76,df/310b48,nf-df310b48ac4c46176901a9a60353f86c-6b747,NFCORE_ATACSEQ:ATACSEQ:MERGED_LIBRARY_MARKDUPLICATES_PICARD:SAMTOOLS_INDEX,NFCORE_ATACSEQ:ATACSEQ:MERGED_LIBRARY_MARKDUPLICATES_PICARD:SAMTOOLS_INDEX (GM12878_OMNI_REP1),COMPLETED,0,16,25769803776,1780911106935,1780911107000,1780911118000,11065,6000,568.0,22020096,1246208000,ip-172-31-12-170,Intel(R) Xeon(R) Platinum 8275CL CPU @ 3.00GHz
70,dc/64b206,nf-dc64b2060a9c4dd92c112f8fc7c0263b-07724,NFCORE_ATACSEQ:ATACSEQ:MERGED_LIBRARY_FILTER_BAM:BAMTOOLS_FILTER,NFCORE_ATACSEQ:ATACSEQ:MERGED_LIBRARY_FILTER_BAM:BAMTOOLS_FILTER (GM12878_FAST_REP2),COMPLETED,0,32,45097156608,1780910527008,1780910975000,1780911135000,607992,155000,127.9,12582912,23658496,ip-172-31-1-173,Intel(R) Xeon(R) Platinum 8275CL CPU @ 3.00GHz
64,c0/a82e2e,nf-c0a82e2ead2b806fef5c964784870abb-27b4d,NFCORE_ATACSEQ:ATACSEQ:MERGED_LIBRARY_MARKDUPLICATES_PICARD:PICARD_MARKDUPLICATES,NFCORE_ATACSEQ:ATACSEQ:MERGED_LIBRARY_MARKDUPLICATES_PICARD:PICARD_MARKDUPLICATES (GM12878_STD_REP1),COMPLETED,0,32,45097156608,1780910253081,1780910506000,1780911145000,891919,633000,130.7,25772675072,48199733248,ip-172-31-12-170,Intel(R) Xeon(R) Platinum 8275CL CPU @ 3.00GHz
75,fa/647dd6,nf-fa647dd6559568aeb7746e2ecc253a8c-66fbd,NFCORE_ATACSEQ:ATACSEQ:MERGED_LIBRARY_FILTER_BAM:SAMTOOLS_SORT,NFCORE_ATACSEQ:ATACSEQ:MERGED_LIBRARY_FILTER_BAM:SAMTOOLS_SORT (GM12878_FAST_REP1),COMPLETED,0,32,45097156608,1780911086964,1780911138000,1780911152000,65036,9000,683.7,2574778368,29691514880,ip-172-31-1-173,Intel(R) Xeon(R) Platinum 8275CL CPU @ 3.00GHz
79,cf/9a9fce,nf-cf9a9fce7bbbbe41c4977958b668b94e-545a9,NFCORE_ATACSEQ:ATACSEQ:MERGED_LIBRARY_MARKDUPLICATES_PICARD:SAMTOOLS_INDEX,NFCORE_ATACSEQ:ATACSEQ:MERGED_LIBRARY_MARKDUPLICATES_PICARD:SAMTOOLS_INDEX (GM12878_STD_REP1),COMPLETED,0,16,25769803776,1780911147243,1780911147000,1780911159000,11757,7000,398.6,15728640,1173471232,ip-172-31-12-170,Intel(R) Xeon(R) Platinum 8275CL CPU @ 3.00GHz
73,6c/be0a74,nf-6cbe0a74154a449864832b47d1ddcf8e-96aac,NFCORE_ATACSEQ:ATACSEQ:MERGED_LIBRARY_FILTER_BAM:BAMTOOLS_FILTER,NFCORE_ATACSEQ:ATACSEQ:MERGED_LIBRARY_FILTER_BAM:BAMTOOLS_FILTER (GM12878_STD_REP2),COMPLETED,0,32,45097156608,1780911006970,1780911070000,1780911168000,161030,93000,125.4,11796480,23658496,ip-172-31-1-173,Intel(R) Xeon(R) Platinum 8275CL CPU @ 3.00GHz
78,c8/5e98a9,nf-c85e98a9efdd1b8c820f5a508fdf46c0-78954,NFCORE_ATACSEQ:ATACSEQ:MERGED_LIBRARY_FILTER_BAM:SAMTOOLS_SORT,NFCORE_ATACSEQ:ATACSEQ:MERGED_LIBRARY_FILTER_BAM:SAMTOOLS_SORT (GM12878_FAST_REP2),COMPLETED,0,32,45097156608,1780911146949,1780911154000,1780911178000,31051,19000,564.2,4304928768,30143913984,ip-172-31-1-173,Intel(R) Xeon(R) Platinum 8275CL CPU @ 3.00GHz
86,77/15962b,nf-7715962bea06e829811e22da2d5d4c54-374d7,NFCORE_ATACSEQ:ATACSEQ:MERGED_LIBRARY_MARKDUPLICATES_PICARD:BAM_STATS_SAMTOOLS:SAMTOOLS_IDXSTATS,NFCORE_ATACSEQ:ATACSEQ:MERGED_LIBRARY_MARKDUPLICATES_PICARD:BAM_STATS_SAMTOOLS:SAMTOOLS_IDXSTATS (GM12878_FAST_REP2),COMPLETED,0,1,6442450944,1780911167013,1780911167000,1780911172000,4987,0,67.8,3145728,5644288,ip-172-31-1-173,Intel(R) Xeon(R) Platinum 8275CL CPU @ 3.00GHz
88,bd/a584e4,nf-bda584e4a2e6a3a86a0ef10446e83caa-91186,NFCORE_ATACSEQ:ATACSEQ:MERGED_LIBRARY_MARKDUPLICATES_PICARD:BAM_STATS_SAMTOOLS:SAMTOOLS_IDXSTATS,NFCORE_ATACSEQ:ATACSEQ:MERGED_LIBRARY_MARKDUPLICATES_PICARD:BAM_STATS_SAMTOOLS:SAMTOOLS_IDXSTATS (GM12878_STD_REP2),COMPLETED,0,1,6442450944,1780911167104,1780911167000,1780911172000,4896,0,94.1,2359296,5644288,ip-172-31-1-173,Intel(R) Xeon(R) Platinum 8275CL CPU @ 3.00GHz
82,02/3abb5f,nf-023abb5f653f26f6bf6599ff9a6f6627-49889,NFCORE_ATACSEQ:ATACSEQ:MERGED_LIBRARY_MARKDUPLICATES_PICARD:BAM_STATS_SAMTOOLS:SAMTOOLS_IDXSTATS,NFCORE_ATACSEQ:ATACSEQ:MERGED_LIBRARY_MARKDUPLICATES_PICARD:BAM_STATS_SAMTOOLS:SAMTOOLS_IDXSTATS (GM12878_FAST_REP1),COMPLETED,0,1,6442450944,1780911167090,1780911168000,1780911173000,5910,0,53.1,2359296,5644288,ip-172-31-12-170,Intel(R) Xeon(R) Platinum 8275CL CPU @ 3.00GHz
83,c6/78b270,nf-c678b270afbb0e48212a459407934e08-5477f,NFCORE_ATACSEQ:ATACSEQ:MERGED_LIBRARY_MARKDUPLICATES_PICARD:BAM_STATS_SAMTOOLS:SAMTOOLS_FLAGSTAT,NFCORE_ATACSEQ:ATACSEQ:MERGED_LIBRARY_MARKDUPLICATES_PICARD:BAM_STATS_SAMTOOLS:SAMTOOLS_FLAGSTAT (GM12878_FAST_REP1),COMPLETED,0,1,6442450944,1780911167035,1780911167000,1780911180000,12965,7000,89.4,5505024,231661568,ip-172-31-12-170,Intel(R) Xeon(R) Platinum 8275CL CPU @ 3.00GHz
91,4d/354f22,nf-4d354f22d443db91673a2a04567bbbdf-57230,NFCORE_ATACSEQ:ATACSEQ:MERGED_LIBRARY_MARKDUPLICATES_PICARD:BAM_STATS_SAMTOOLS:SAMTOOLS_IDXSTATS,NFCORE_ATACSEQ:ATACSEQ:MERGED_LIBRARY_MARKDUPLICATES_PICARD:BAM_STATS_SAMTOOLS:SAMTOOLS_IDXSTATS (GM12878_OMNI_REP2),COMPLETED,0,1,6442450944,1780911167158,1780911168000,1780911173000,5842,0,88.3,10223616,17936384,ip-172-31-1-173,Intel(R) Xeon(R) Platinum 8275CL CPU @ 3.00GHz
84,bb/846042,nf-bb846042a64c8c8ff4a58318dd6814a2-becc9,NFCORE_ATACSEQ:ATACSEQ:MERGED_LIBRARY_MARKDUPLICATES_PICARD:BAM_STATS_SAMTOOLS:SAMTOOLS_FLAGSTAT,NFCORE_ATACSEQ:ATACSEQ:MERGED_LIBRARY_MARKDUPLICATES_PICARD:BAM_STATS_SAMTOOLS:SAMTOOLS_FLAGSTAT (GM12878_FAST_REP2),COMPLETED,0,1,6442450944,1780911167073,1780911167000,1780911182000,14927,10000,109.3,4718592,231661568,ip-172-31-12-170,Intel(R) Xeon(R) Platinum 8275CL CPU @ 3.00GHz
94,51/eeaa54,nf-51eeaa548a90047129a9e63f89014e7d-10236,NFCORE_ATACSEQ:ATACSEQ:MERGED_LIBRARY_MARKDUPLICATES_PICARD:BAM_STATS_SAMTOOLS:SAMTOOLS_IDXSTATS,NFCORE_ATACSEQ:ATACSEQ:MERGED_LIBRARY_MARKDUPLICATES_PICARD:BAM_STATS_SAMTOOLS:SAMTOOLS_IDXSTATS (GM12878_OMNI_REP1),COMPLETED,0,1,6442450944,1780911167173,1780911168000,1780911173000,5827,0,50.2,2359296,5644288,ip-172-31-12-170,Intel(R) Xeon(R) Platinum 8275CL CPU @ 3.00GHz
95,61/2fe1bb,nf-612fe1bb3878fba45a05ccd039f31a75-cee2f,NFCORE_ATACSEQ:ATACSEQ:MERGED_LIBRARY_MARKDUPLICATES_PICARD:BAM_STATS_SAMTOOLS:SAMTOOLS_IDXSTATS,NFCORE_ATACSEQ:ATACSEQ:MERGED_LIBRARY_MARKDUPLICATES_PICARD:BAM_STATS_SAMTOOLS:SAMTOOLS_IDXSTATS (GM12878_STD_REP1),COMPLETED,0,1,6442450944,1780911167219,1780911167000,1780911173000,5781,1000,66.6,4718592,12627968,ip-172-31-1-173,Intel(R) Xeon(R) Platinum 8275CL CPU @ 3.00GHz
85,0d/fb9158,nf-0dfb91580293855a085e240768b19c9f-df9a4,NFCORE_ATACSEQ:ATACSEQ:MERGED_LIBRARY_MARKDUPLICATES_PICARD:BAM_STATS_SAMTOOLS:SAMTOOLS_FLAGSTAT,NFCORE_ATACSEQ:ATACSEQ:MERGED_LIBRARY_MARKDUPLICATES_PICARD:BAM_STATS_SAMTOOLS:SAMTOOLS_FLAGSTAT (GM12878_STD_REP2),COMPLETED,0,1,6442450944,1780911167119,1780911167000,1780911192000,24881,18000,122.0,5505024,231661568,ip-172-31-12-170,Intel(R) Xeon(R) Platinum 8275CL CPU @ 3.00GHz
92,3d/1dc615,nf-3d1dc6153088ab327dc3473e338f3dfa-0bd28,NFCORE_ATACSEQ:ATACSEQ:MERGED_LIBRARY_MARKDUPLICATES_PICARD:BAM_STATS_SAMTOOLS:SAMTOOLS_FLAGSTAT,NFCORE_ATACSEQ:ATACSEQ:MERGED_LIBRARY_MARKDUPLICATES_PICARD:BAM_STATS_SAMTOOLS:SAMTOOLS_FLAGSTAT (GM12878_OMNI_REP2),COMPLETED,0,1,6442450944,1780911167133,1780911168000,1780911196000,28867,23000,124.0,5505024,231661568,ip-172-31-12-170,Intel(R) Xeon(R) Platinum 8275CL CPU @ 3.00GHz
87,f4/28e71b,nf-f428e71b1151b05dc956c6d34dd4f072-666f0,NFCORE_ATACSEQ:ATACSEQ:MERGED_LIBRARY_MARKDUPLICATES_PICARD:BAM_STATS_SAMTOOLS:SAMTOOLS_STATS,NFCORE_ATACSEQ:ATACSEQ:MERGED_LIBRARY_MARKDUPLICATES_PICARD:BAM_STATS_SAMTOOLS:SAMTOOLS_STATS (GM12878_FAST_REP1),COMPLETED,0,1,6442450944,1780911172098,1780911172000,1780911196000,23902,17000,127.4,6291456,233082880,ip-172-31-1-173,Intel(R) Xeon(R) Platinum 8275CL CPU @ 3.00GHz
96,b9/6ced68,nf-b96ced68113d6dc244cf195c216ba19c-6adaa,NFCORE_ATACSEQ:ATACSEQ:MERGED_LIBRARY_MARKDUPLICATES_PICARD:BAM_STATS_SAMTOOLS:SAMTOOLS_FLAGSTAT,NFCORE_ATACSEQ:ATACSEQ:MERGED_LIBRARY_MARKDUPLICATES_PICARD:BAM_STATS_SAMTOOLS:SAMTOOLS_FLAGSTAT (GM12878_STD_REP1),COMPLETED,0,1,6442450944,1780911167203,1780911168000,1780911189000,21797,16000,149.3,4718592,231661568,ip-172-31-12-170,Intel(R) Xeon(R) Platinum 8275CL CPU @ 3.00GHz
80,c4/f4aab5,nf-c4f4aab521df9937080af19ddf33b28f-13a7c,NFCORE_ATACSEQ:ATACSEQ:MERGED_LIBRARY_FILTER_BAM:BAM_REMOVE_ORPHANS,NFCORE_ATACSEQ:ATACSEQ:MERGED_LIBRARY_FILTER_BAM:BAM_REMOVE_ORPHANS (GM12878_FAST_REP1),COMPLETED,0,32,45097156608,1780911166944,1780911170000,1780911207000,40056,32000,96.0,23592960,38948864,ip-172-31-1-173,Intel(R) Xeon(R) Platinum 8275CL CPU @ 3.00GHz
93,be/9f86d7,nf-be9f86d7cb255d789c30b3ecf21be396-87e62,NFCORE_ATACSEQ:ATACSEQ:MERGED_LIBRARY_MARKDUPLICATES_PICARD:BAM_STATS_SAMTOOLS:SAMTOOLS_FLAGSTAT,NFCORE_ATACSEQ:ATACSEQ:MERGED_LIBRARY_MARKDUPLICATES_PICARD:BAM_STATS_SAMTOOLS:SAMTOOLS_FLAGSTAT (GM12878_OMNI_REP1),COMPLETED,0,1,6442450944,1780911167190,1780911167000,1780911206000,38810,34000,107.7,5505024,231661568,ip-172-31-1-173,Intel(R) Xeon(R) Platinum 8275CL CPU @ 3.00GHz
89,27/6fcadf,nf-276fcadf6ed6ec33fca722f52b0727dc-7d4ee,NFCORE_ATACSEQ:ATACSEQ:MERGED_LIBRARY_MARKDUPLICATES_PICARD:BAM_STATS_SAMTOOLS:SAMTOOLS_STATS,NFCORE_ATACSEQ:ATACSEQ:MERGED_LIBRARY_MARKDUPLICATES_PICARD:BAM_STATS_SAMTOOLS:SAMTOOLS_STATS (GM12878_FAST_REP2),COMPLETED,0,1,6442450944,1780911172080,1780911172000,1780911209000,36920,31000,124.2,6291456,233082880,ip-172-31-12-170,Intel(R) Xeon(R) Platinum 8275CL CPU @ 3.00GHz
90,d7/2d6f53,nf-d72d6f53e0ea9807ca6f7c59c4510acf-c1838,NFCORE_ATACSEQ:ATACSEQ:MERGED_LIBRARY_MARKDUPLICATES_PICARD:BAM_STATS_SAMTOOLS:SAMTOOLS_STATS,NFCORE_ATACSEQ:ATACSEQ:MERGED_LIBRARY_MARKDUPLICATES_PICARD:BAM_STATS_SAMTOOLS:SAMTOOLS_STATS (GM12878_STD_REP2),COMPLETED,0,1,6442450944,1780911172120,1780911172000,1780911237000,64880,59000,130.1,7077888,233082880,ip-172-31-12-170,Intel(R) Xeon(R) Platinum 8275CL CPU @ 3.00GHz
99,27/540492,nf-27540492ea7424b6c1f99ee551ab2eed-7a2d4,NFCORE_ATACSEQ:ATACSEQ:MERGED_LIBRARY_MARKDUPLICATES_PICARD:BAM_STATS_SAMTOOLS:SAMTOOLS_STATS,NFCORE_ATACSEQ:ATACSEQ:MERGED_LIBRARY_MARKDUPLICATES_PICARD:BAM_STATS_SAMTOOLS:SAMTOOLS_STATS (GM12878_STD_REP1),COMPLETED,0,1,6442450944,1780911172159,1780911172000,1780911240000,67841,62000,130.8,6291456,233082880,ip-172-31-12-170,Intel(R) Xeon(R) Platinum 8275CL CPU @ 3.00GHz
100,44/28d670,nf-4428d6700899fd0c89fe52268874e738-ed484,NFCORE_ATACSEQ:ATACSEQ:MERGED_LIBRARY_FILTER_BAM:SAMTOOLS_SORT,NFCORE_ATACSEQ:ATACSEQ:MERGED_LIBRARY_FILTER_BAM:SAMTOOLS_SORT (GM12878_STD_REP2),COMPLETED,0,32,45097156608,1780911186922,1780911219000,1780911231000,44078,7000,751.2,2135949312,29579735040,ip-172-31-1-173,Intel(R) Xeon(R) Platinum 8275CL CPU @ 3.00GHz
97,81/cb8607,nf-81cb86079a7d00052999e2c19360f22e-55da3,NFCORE_ATACSEQ:ATACSEQ:MERGED_LIBRARY_MARKDUPLICATES_PICARD:BAM_STATS_SAMTOOLS:SAMTOOLS_STATS,NFCORE_ATACSEQ:ATACSEQ:MERGED_LIBRARY_MARKDUPLICATES_PICARD:BAM_STATS_SAMTOOLS:SAMTOOLS_STATS (GM12878_OMNI_REP2),COMPLETED,0,1,6442450944,1780911172138,1780911172000,1780911253000,80862,75000,132.0,7077888,233082880,ip-172-31-1-173,Intel(R) Xeon(R) Platinum 8275CL CPU @ 3.00GHz
98,aa/45cd7e,nf-aa45cd7e0f39fecfa2d0b315422cd9f0-ddf17,NFCORE_ATACSEQ:ATACSEQ:MERGED_LIBRARY_MARKDUPLICATES_PICARD:BAM_STATS_SAMTOOLS:SAMTOOLS_STATS,NFCORE_ATACSEQ:ATACSEQ:MERGED_LIBRARY_MARKDUPLICATES_PICARD:BAM_STATS_SAMTOOLS:SAMTOOLS_STATS (GM12878_OMNI_REP1),COMPLETED,0,1,6442450944,1780911174241,1780911174000,1780911271000,96759,92000,131.8,7077888,233082880,ip-172-31-1-173,Intel(R) Xeon(R) Platinum 8275CL CPU @ 3.00GHz
81,08/c8ce4d,nf-08c8ce4d0cf1abc64361883eb2a7c36c-f289b,NFCORE_ATACSEQ:ATACSEQ:MERGED_LIBRARY_FILTER_BAM:BAMTOOLS_FILTER,NFCORE_ATACSEQ:ATACSEQ:MERGED_LIBRARY_FILTER_BAM:BAMTOOLS_FILTER (GM12878_STD_REP1),COMPLETED,0,32,45097156608,1780911166998,1780911187000,1780911293000,126002,101000,120.9,11796480,23658496,ip-172-31-1-173,Intel(R) Xeon(R) Platinum 8275CL CPU @ 3.00GHz
101,ea/dd5632,nf-eadd563293f825b7f54eed524f3ff08e-d413e,NFCORE_ATACSEQ:ATACSEQ:MERGED_LIBRARY_FILTER_BAM:BAM_REMOVE_ORPHANS,NFCORE_ATACSEQ:ATACSEQ:MERGED_LIBRARY_FILTER_BAM:BAM_REMOVE_ORPHANS (GM12878_FAST_REP2),COMPLETED,0,32,45097156608,1780911186941,1780911233000,1780911288000,101059,50000,100.0,24379392,38948864,ip-172-31-1-173,Intel(R) Xeon(R) Platinum 8275CL CPU @ 3.00GHz
102,e8/d6143b,nf-e8d6143bc6b6f09e8f4e0d194f2f5b2d-6c459,NFCORE_ATACSEQ:ATACSEQ:MERGED_LIBRARY_FILTER_BAM:BAM_SORT_STATS_SAMTOOLS:SAMTOOLS_SORT,NFCORE_ATACSEQ:ATACSEQ:MERGED_LIBRARY_FILTER_BAM:BAM_SORT_STATS_SAMTOOLS:SAMTOOLS_SORT (GM12878_FAST_REP1),COMPLETED,0,32,45097156608,1780911226937,1780911290000,1780911302000,75063,7000,598.0,2495352832,29166301184,ip-172-31-1-173,Intel(R) Xeon(R) Platinum 8275CL CPU @ 3.00GHz
104,6e/776219,nf-6e77621927885c73db0e9228d1c6ca57-5eb41,NFCORE_ATACSEQ:ATACSEQ:MERGED_LIBRARY_FILTER_BAM:SAMTOOLS_SORT,NFCORE_ATACSEQ:ATACSEQ:MERGED_LIBRARY_FILTER_BAM:SAMTOOLS_SORT (GM12878_STD_REP1),COMPLETED,0,32,45097156608,1780911306941,1780911307000,1780911321000,14059,9000,660.0,2224029696,29591683072,ip-172-31-1-173,Intel(R) Xeon(R) Platinum 8275CL CPU @ 3.00GHz
106,f3/a9b300,nf-f3a9b300b242b0fe2f061edd8cce71a9-47507,NFCORE_ATACSEQ:ATACSEQ:MERGED_LIBRARY_FILTER_BAM:BAM_SORT_STATS_SAMTOOLS:SAMTOOLS_INDEX,NFCORE_ATACSEQ:ATACSEQ:MERGED_LIBRARY_FILTER_BAM:BAM_SORT_STATS_SAMTOOLS:SAMTOOLS_INDEX (GM12878_FAST_REP1),COMPLETED,0,16,25769803776,1780911306971,1780911307000,1780911315000,8029,3000,152.7,18087936,1242578944,ip-172-31-12-170,Intel(R) Xeon(R) Platinum 8275CL CPU @ 3.00GHz
103,b2/5722a5,nf-b25722a5bc50cd8c924912ffce925e8e-514a6,NFCORE_ATACSEQ:ATACSEQ:MERGED_LIBRARY_FILTER_BAM:BAM_REMOVE_ORPHANS,NFCORE_ATACSEQ:ATACSEQ:MERGED_LIBRARY_FILTER_BAM:BAM_REMOVE_ORPHANS (GM12878_STD_REP2),COMPLETED,0,32,45097156608,1780911246980,1780911299000,1780911334000,87020,30000,87.3,25165824,38948864,ip-172-31-1-173,Intel(R) Xeon(R) Platinum 8275CL CPU @ 3.00GHz
105,32/c631b2,nf-32c631b27b77d52c8aeb97ecc9a7903e-47c2b,NFCORE_ATACSEQ:ATACSEQ:MERGED_LIBRARY_FILTER_BAM:BAM_SORT_STATS_SAMTOOLS:SAMTOOLS_SORT,NFCORE_ATACSEQ:ATACSEQ:MERGED_LIBRARY_FILTER_BAM:BAM_SORT_STATS_SAMTOOLS:SAMTOOLS_SORT (GM12878_FAST_REP2),COMPLETED,0,32,45097156608,1780911306955,1780911323000,1780911342000,35045,14000,487.2,4115460096,28832780288,ip-172-31-1-173,Intel(R) Xeon(R) Platinum 8275CL CPU @ 3.00GHz
112,52/4d0ad2,nf-524d0ad2a5dbd7f739eb71c90c821b6f-a95c1,NFCORE_ATACSEQ:ATACSEQ:MERGED_LIBRARY_FILTER_BAM:BAM_SORT_STATS_SAMTOOLS:SAMTOOLS_INDEX,NFCORE_ATACSEQ:ATACSEQ:MERGED_LIBRARY_FILTER_BAM:BAM_SORT_STATS_SAMTOOLS:SAMTOOLS_INDEX (GM12878_FAST_REP2),COMPLETED,0,16,25769803776,1780911346954,1780911347000,1780911355000,8046,3000,243.9,19660800,1244631040,ip-172-31-12-170,Intel(R) Xeon(R) Platinum 8275CL CPU @ 3.00GHz
107,00/545ada,nf-00545ada997d10e03665ff70f815123d-6508c,NFCORE_ATACSEQ:ATACSEQ:MERGED_LIBRARY_PICARD_COLLECTMULTIPLEMETRICS,NFCORE_ATACSEQ:ATACSEQ:MERGED_LIBRARY_PICARD_COLLECTMULTIPLEMETRICS (GM12878_FAST_REP1),COMPLETED,0,1,6442450944,1780911307015,1780911307000,1780911367000,59985,54000,158.7,1307357184,11401564160,ip-172-31-1-173,Intel(R) Xeon(R) Platinum 8275CL CPU @ 3.00GHz
108,9c/e2a403,nf-9ce2a403af590f8f07769e67af05b00b-78256,NFCORE_ATACSEQ:ATACSEQ:MERGED_LIBRARY_FILTER_BAM:BAM_REMOVE_ORPHANS,NFCORE_ATACSEQ:ATACSEQ:MERGED_LIBRARY_FILTER_BAM:BAM_REMOVE_ORPHANS (GM12878_STD_REP1),COMPLETED,0,32,45097156608,1780911326952,1780911337000,1780911371000,44048,29000,94.6,25165824,38948864,ip-172-31-1-173,Intel(R) Xeon(R) Platinum 8275CL CPU @ 3.00GHz
110,96/5d1529,nf-965d15291cda2a2c02771b7d21e561c8-19b98,NFCORE_ATACSEQ:ATACSEQ:MERGED_LIBRARY_CALL_ANNOTATE_PEAKS:MACS2_CALLPEAK,NFCORE_ATACSEQ:ATACSEQ:MERGED_LIBRARY_CALL_ANNOTATE_PEAKS:MACS2_CALLPEAK (GM12878_FAST_REP1),COMPLETED,0,32,45097156608,1780911329478,1780911345000,1780911379000,49522,29000,118.8,223301632,13612634112,ip-172-31-1-173,Intel(R) Xeon(R) Platinum 8275CL CPU @ 3.00GHz
111,68/c762a8,nf-68c762a8b53447f77c2926776b5f15de-f18e7,NFCORE_ATACSEQ:ATACSEQ:MERGED_LIBRARY_FILTER_BAM:BAM_SORT_STATS_SAMTOOLS:SAMTOOLS_SORT,NFCORE_ATACSEQ:ATACSEQ:MERGED_LIBRARY_FILTER_BAM:BAM_SORT_STATS_SAMTOOLS:SAMTOOLS_SORT (GM12878_STD_REP2),COMPLETED,0,32,45097156608,1780911346940,1780911373000,1780911385000,38060,7000,580.6,2080899072,30252867584,ip-172-31-1-173,Intel(R) Xeon(R) Platinum 8275CL CPU @ 3.00GHz
116,bf/7f696f,nf-bf7f696f948aa266d692b9ef1f56ca77-f7c97,NFCORE_ATACSEQ:ATACSEQ:MERGED_LIBRARY_FILTER_BAM:BAM_SORT_STATS_SAMTOOLS:SAMTOOLS_SORT,NFCORE_ATACSEQ:ATACSEQ:MERGED_LIBRARY_FILTER_BAM:BAM_SORT_STATS_SAMTOOLS:SAMTOOLS_SORT (GM12878_STD_REP1),COMPLETED,0,32,45097156608,1780911386942,1780911387000,1780911398000,11058,6000,608.3,2174484480,29578936320,ip-172-31-1-173,Intel(R) Xeon(R) Platinum 8275CL CPU @ 3.00GHz
120,ee/d790c7,nf-eed790c7e970acdb9652787157b04e59-32395,NFCORE_ATACSEQ:ATACSEQ:MERGED_LIBRARY_FILTER_BAM:BAM_SORT_STATS_SAMTOOLS:SAMTOOLS_INDEX,NFCORE_ATACSEQ:ATACSEQ:MERGED_LIBRARY_FILTER_BAM:BAM_SORT_STATS_SAMTOOLS:SAMTOOLS_INDEX (GM12878_STD_REP2),COMPLETED,0,16,25769803776,1780911387714,1780911388000,1780911395000,7286,2000,183.1,9437184,1164845056,ip-172-31-12-170,Intel(R) Xeon(R) Platinum 8275CL CPU @ 3.00GHz
122,87/2df58b,nf-872df58b6cd369c34b135ec957ce7443-c4916,NFCORE_ATACSEQ:ATACSEQ:MERGED_LIBRARY_FILTER_BAM:BAM_SORT_STATS_SAMTOOLS:SAMTOOLS_INDEX,NFCORE_ATACSEQ:ATACSEQ:MERGED_LIBRARY_FILTER_BAM:BAM_SORT_STATS_SAMTOOLS:SAMTOOLS_INDEX (GM12878_STD_REP1),COMPLETED,0,16,25769803776,1780911406984,1780911407000,1780911414000,7016,2000,180.3,12582912,1299894272,ip-172-31-12-170,Intel(R) Xeon(R) Platinum 8275CL CPU @ 3.00GHz
113,69/c83b94,nf-69c83b94ca14c5b123b4382e3017b948-675be,NFCORE_ATACSEQ:ATACSEQ:MERGED_LIBRARY_PICARD_COLLECTMULTIPLEMETRICS,NFCORE_ATACSEQ:ATACSEQ:MERGED_LIBRARY_PICARD_COLLECTMULTIPLEMETRICS (GM12878_FAST_REP2),COMPLETED,0,1,6442450944,1780911347347,1780911347000,1780911427000,79653,72000,152.9,1450651648,25078276096,ip-172-31-1-173,Intel(R) Xeon(R) Platinum 8275CL CPU @ 3.00GHz
115,b3/ab927b,nf-b3ab927b18ec3ec4b41c829ef0ce9be3-15c46,NFCORE_ATACSEQ:ATACSEQ:MERGED_LIBRARY_CALL_ANNOTATE_PEAKS:MACS2_CALLPEAK,NFCORE_ATACSEQ:ATACSEQ:MERGED_LIBRARY_CALL_ANNOTATE_PEAKS:MACS2_CALLPEAK (GM12878_FAST_REP2),COMPLETED,0,32,45097156608,1780911367845,1780911382000,1780911436000,68155,49000,112.5,331313152,13612634112,ip-172-31-1-173,Intel(R) Xeon(R) Platinum 8275CL CPU @ 3.00GHz
118,aa/da9c9a,nf-aada9c9abb9586adb7e969b593c3f5f1-ffe7c,NFCORE_ATACSEQ:ATACSEQ:MERGED_LIBRARY_CALL_ANNOTATE_PEAKS:FRIP_SCORE,NFCORE_ATACSEQ:ATACSEQ:MERGED_LIBRARY_CALL_ANNOTATE_PEAKS:FRIP_SCORE (GM12878_FAST_REP1),COMPLETED,0,32,45097156608,1780911386955,1780911401000,1780911433000,46045,27000,120.2,15728640,34562048,ip-172-31-1-173,Intel(R) Xeon(R) Platinum 8275CL CPU @ 3.00GHz
121,24/0618ef,nf-240618ef3670926187a1c0d68c89ba01-4ef94,NFCORE_ATACSEQ:ATACSEQ:MERGED_LIBRARY_PICARD_COLLECTMULTIPLEMETRICS,NFCORE_ATACSEQ:ATACSEQ:MERGED_LIBRARY_PICARD_COLLECTMULTIPLEMETRICS (GM12878_STD_REP2),COMPLETED,0,1,6442450944,1780911387730,1780911388000,1780911437000,49270,43000,192.3,1173204992,25488322560,ip-172-31-1-173,Intel(R) Xeon(R) Platinum 8275CL CPU @ 3.00GHz
123,69/817a37,nf-69817a37e0f79da18f81cc647abb4380-dc69d,NFCORE_ATACSEQ:ATACSEQ:MERGED_LIBRARY_PICARD_COLLECTMULTIPLEMETRICS,NFCORE_ATACSEQ:ATACSEQ:MERGED_LIBRARY_PICARD_COLLECTMULTIPLEMETRICS (GM12878_STD_REP1),COMPLETED,0,1,6442450944,1780911407020,1780911407000,1780911457000,49980,44000,182.9,1156202496,11812548608,ip-172-31-1-173,Intel(R) Xeon(R) Platinum 8275CL CPU @ 3.00GHz
131,f8/d2efbe,nf-f8d2efbecf45aed410c98f265a69f65e-e8a0c,NFCORE_ATACSEQ:ATACSEQ:MERGED_LIBRARY_CALL_ANNOTATE_PEAKS:MULTIQC_CUSTOM_PEAKS,NFCORE_ATACSEQ:ATACSEQ:MERGED_LIBRARY_CALL_ANNOTATE_PEAKS:MULTIQC_CUSTOM_PEAKS (GM12878_FAST_REP1),COMPLETED,0,1,6442450944,1780911446992,1780911447000,1780911454000,7008,1550,0.6,6291456,20213760,ip-172-31-12-170,Intel(R) Xeon(R) Platinum 8275CL CPU @ 3.00GHz
119,8a/cc854e,nf-8acc854ea63e29ac98fc384ff93d0a67-ac24d,NFCORE_ATACSEQ:ATACSEQ:MERGED_LIBRARY_ATAQV_ATAQV,NFCORE_ATACSEQ:ATACSEQ:MERGED_LIBRARY_ATAQV_ATAQV (GM12878_FAST_REP1),COMPLETED,0,32,45097156608,1780911386987,1780911440000,1780911468000,81013,23680,160.4,22020096,35622912,ip-172-31-1-173,Intel(R) Xeon(R) Platinum 8275CL CPU @ 3.00GHz
125,8d/8fe7b9,nf-8d8fe7b9642612494e089e405dad9788-0c7e4,NFCORE_ATACSEQ:ATACSEQ:MERGED_LIBRARY_CALL_ANNOTATE_PEAKS:MACS2_CALLPEAK,NFCORE_ATACSEQ:ATACSEQ:MERGED_LIBRARY_CALL_ANNOTATE_PEAKS:MACS2_CALLPEAK (GM12878_STD_REP2),COMPLETED,0,32,45097156608,1780911407329,1780911436000,1780911466000,58671,25000,118.9,181305344,13612634112,ip-172-31-1-173,Intel(R) Xeon(R) Platinum 8275CL CPU @ 3.00GHz
130,91/31e72f,nf-9131e72fca8ebbe1c125df9eeafd8bb8-37d1d,NFCORE_ATACSEQ:ATACSEQ:MERGED_LIBRARY_CALL_ANNOTATE_PEAKS:FRIP_SCORE,NFCORE_ATACSEQ:ATACSEQ:MERGED_LIBRARY_CALL_ANNOTATE_PEAKS:FRIP_SCORE (GM12878_FAST_REP2),COMPLETED,0,32,45097156608,1780911446963,1780911469000,1780911518000,71037,44000,120.4,19660800,38481920,ip-172-31-1-173,Intel(R) Xeon(R) Platinum 8275CL CPU @ 3.00GHz
135,3a/e68af8,nf-3ae68af80fe4706474cc57f7b3c91929-2962b,NFCORE_ATACSEQ:ATACSEQ:MERGED_LIBRARY_CALL_ANNOTATE_PEAKS:MULTIQC_CUSTOM_PEAKS,NFCORE_ATACSEQ:ATACSEQ:MERGED_LIBRARY_CALL_ANNOTATE_PEAKS:MULTIQC_CUSTOM_PEAKS (GM12878_FAST_REP2),COMPLETED,0,1,6442450944,1780911527012,1780911527000,1780911532000,4988,38,46.2,2359296,4087808,ip-172-31-12-170,Intel(R) Xeon(R) Platinum 8275CL CPU @ 3.00GHz
109,fb/6d2a68,nf-fb6d2a68d189419b51cf9a26007f6cae-2cb14,NFCORE_ATACSEQ:ATACSEQ:MERGED_LIBRARY_DEEPTOOLS_PLOTFINGERPRINT,NFCORE_ATACSEQ:ATACSEQ:MERGED_LIBRARY_DEEPTOOLS_PLOTFINGERPRINT (GM12878_FAST_REP1),COMPLETED,0,48,90194313216,1780911330417,1780911520000,1780911549000,218583,23000,740.4,3329040384,12331536384,ip-172-31-1-173,Intel(R) Xeon(R) Platinum 8275CL CPU @ 3.00GHz
117,ff/12b597,nf-ff12b597ebd0dfad26430eb3a767b8a4-16115,NFCORE_ATACSEQ:ATACSEQ:MERGED_LIBRARY_CALL_ANNOTATE_PEAKS:HOMER_ANNOTATEPEAKS,NFCORE_ATACSEQ:ATACSEQ:MERGED_LIBRARY_CALL_ANNOTATE_PEAKS:HOMER_ANNOTATEPEAKS (GM12878_FAST_REP1),COMPLETED,0,32,45097156608,1780911387747,1780911477000,1780911556000,168253,73000,100.1,1312112640,1359020032,ip-172-31-1-173,Intel(R) Xeon(R) Platinum 8275CL CPU @ 3.00GHz
114,54/54dcff,nf-5454dcff50d38062d9794e5052e25ce6-9ca6f,NFCORE_ATACSEQ:ATACSEQ:MERGED_LIBRARY_DEEPTOOLS_PLOTFINGERPRINT,NFCORE_ATACSEQ:ATACSEQ:MERGED_LIBRARY_DEEPTOOLS_PLOTFINGERPRINT (GM12878_FAST_REP2),COMPLETED,0,48,90194313216,1780911367860,1780911551000,1780911590000,222140,33000,877.3,3208941568,12212305920,ip-172-31-1-173,Intel(R) Xeon(R) Platinum 8275CL CPU @ 3.00GHz
134,bb/9038b3,nf-bb9038b3b0ab2a566e0ae4ab5cfe48e9-c5c63,NFCORE_ATACSEQ:ATACSEQ:MERGED_LIBRARY_CALL_ANNOTATE_PEAKS:FRIP_SCORE,NFCORE_ATACSEQ:ATACSEQ:MERGED_LIBRARY_CALL_ANNOTATE_PEAKS:FRIP_SCORE (GM12878_STD_REP2),COMPLETED,0,32,45097156608,1780911486991,1780911560000,1780911587000,100009,22000,119.8,28311552,46321664,ip-172-31-1-173,Intel(R) Xeon(R) Platinum 8275CL CPU @ 3.00GHz
136,3f/107ab9,nf-3f107ab9d149a3efbce5fdadcbb3bf17-75276,NFCORE_ATACSEQ:ATACSEQ:MERGED_LIBRARY_CALL_ANNOTATE_PEAKS:MULTIQC_CUSTOM_PEAKS,NFCORE_ATACSEQ:ATACSEQ:MERGED_LIBRARY_CALL_ANNOTATE_PEAKS:MULTIQC_CUSTOM_PEAKS (GM12878_STD_REP2),COMPLETED,0,1,6442450944,1780911607045,1780911607000,1780911612000,4955,15,95.0,2359296,4087808,ip-172-31-1-173,Intel(R) Xeon(R) Platinum 8275CL CPU @ 3.00GHz
133,4a/c038e0,nf-4ac038e0813d1740ae1727773febf828-f084a,NFCORE_ATACSEQ:ATACSEQ:MERGED_LIBRARY_ATAQV_ATAQV,NFCORE_ATACSEQ:ATACSEQ:MERGED_LIBRARY_ATAQV_ATAQV (GM12878_STD_REP2),COMPLETED,0,32,45097156608,1780911487006,1780911590000,1780911643000,155994,48394,136.6,250085376,1796124672,ip-172-31-1-173,Intel(R) Xeon(R) Platinum 8275CL CPU @ 3.00GHz
126,6a/f8fada,nf-6af8fada27452edd688e6a986e26297b-d9513,NFCORE_ATACSEQ:ATACSEQ:MERGED_LIBRARY_DEEPTOOLS_PLOTFINGERPRINT,NFCORE_ATACSEQ:ATACSEQ:MERGED_LIBRARY_DEEPTOOLS_PLOTFINGERPRINT (GM12878_STD_REP1),COMPLETED,0,48,90194313216,1780911427532,1780911646000,1780911673000,245468,21000,692.7,3376537600,12376629248,ip-172-31-1-173,Intel(R) Xeon(R) Platinum 8275CL CPU @ 3.00GHz
132,15/64cc1d,nf-1564cc1d3dd6f81d8041aa89ca1808ee-d7561,NFCORE_ATACSEQ:ATACSEQ:MERGED_LIBRARY_CALL_ANNOTATE_PEAKS:HOMER_ANNOTATEPEAKS,NFCORE_ATACSEQ:ATACSEQ:MERGED_LIBRARY_CALL_ANNOTATE_PEAKS:HOMER_ANNOTATEPEAKS (GM12878_STD_REP2),COMPLETED,0,32,45097156608,1780911487038,1780911601000,1780911679000,191962,72000,100.1,1376874496,1417183232,ip-172-31-1-173,Intel(R) Xeon(R) Platinum 8275CL CPU @ 3.00GHz
74,48/e05e5f,nf-48e05e5f4de31e3bb0a9ea3cc3af9d86-a3cef,NFCORE_ATACSEQ:ATACSEQ:MERGED_LIBRARY_FILTER_BAM:BAMTOOLS_FILTER,NFCORE_ATACSEQ:ATACSEQ:MERGED_LIBRARY_FILTER_BAM:BAMTOOLS_FILTER (GM12878_OMNI_REP2),COMPLETED,0,32,45097156608,1780911026961,1780911106000,1780911670000,643039,559000,129.8,12582912,23658496,ip-172-31-12-170,Intel(R) Xeon(R) Platinum 8275CL CPU @ 3.00GHz
127,97/f33ff0,nf-97f33ff08b86a2604556a8f4e9aa2430-046cb,NFCORE_ATACSEQ:ATACSEQ:MERGED_LIBRARY_CALL_ANNOTATE_PEAKS:MACS2_CALLPEAK,NFCORE_ATACSEQ:ATACSEQ:MERGED_LIBRARY_CALL_ANNOTATE_PEAKS:MACS2_CALLPEAK (GM12878_STD_REP1),COMPLETED,0,32,45097156608,1780911427821,1780911673000,1780911703000,275179,25000,128.1,192094208,13612634112,ip-172-31-12-170,Intel(R) Xeon(R) Platinum 8275CL CPU @ 3.00GHz
124,c3/201c02,nf-c3201c02410ec4268e57a82613ac4d37-7dec9,NFCORE_ATACSEQ:ATACSEQ:MERGED_LIBRARY_DEEPTOOLS_PLOTFINGERPRINT,NFCORE_ATACSEQ:ATACSEQ:MERGED_LIBRARY_DEEPTOOLS_PLOTFINGERPRINT (GM12878_STD_REP2),COMPLETED,0,48,90194313216,1780911407345,1780911683000,1780911708000,300655,19000,727.3,3351851008,12368539648,ip-172-31-1-173,Intel(R) Xeon(R) Platinum 8275CL CPU @ 3.00GHz
129,a2/17cbec,nf-a217cbec60f2912d69217967b97d2feb-46075,NFCORE_ATACSEQ:ATACSEQ:MERGED_LIBRARY_ATAQV_ATAQV,NFCORE_ATACSEQ:ATACSEQ:MERGED_LIBRARY_ATAQV_ATAQV (GM12878_FAST_REP2),COMPLETED,0,32,45097156608,1780911446976,1780911683000,1780911729000,282024,40901,153.3,161218560,1768198144,ip-172-31-1-173,Intel(R) Xeon(R) Platinum 8275CL CPU @ 3.00GHz
137,dc/de147f,nf-dcde147fe3cdab0daf51639d93908bb8-71806,NFCORE_ATACSEQ:ATACSEQ:MERGED_LIBRARY_FILTER_BAM:SAMTOOLS_SORT,NFCORE_ATACSEQ:ATACSEQ:MERGED_LIBRARY_FILTER_BAM:SAMTOOLS_SORT (GM12878_OMNI_REP2),COMPLETED,0,32,45097156608,1780911689307,1780911710000,1780911765000,75693,50000,789.1,15507652608,32746278912,ip-172-31-1-173,Intel(R) Xeon(R) Platinum 8275CL CPU @ 3.00GHz
128,75/ed2060,nf-75ed206011dd233b7ee6ebc75661561b-44bb5,NFCORE_ATACSEQ:ATACSEQ:MERGED_LIBRARY_CALL_ANNOTATE_PEAKS:HOMER_ANNOTATEPEAKS,NFCORE_ATACSEQ:ATACSEQ:MERGED_LIBRARY_CALL_ANNOTATE_PEAKS:HOMER_ANNOTATEPEAKS (GM12878_FAST_REP2),COMPLETED,0,32,45097156608,1780911447012,1780911705000,1780911785000,337988,74000,100.1,1326993408,1376456704,ip-172-31-12-170,Intel(R) Xeon(R) Platinum 8275CL CPU @ 3.00GHz
139,fb/be9695,nf-fbbe96957811b906d681fa11c3f468d5-83ead,NFCORE_ATACSEQ:ATACSEQ:MERGED_LIBRARY_ATAQV_ATAQV,NFCORE_ATACSEQ:ATACSEQ:MERGED_LIBRARY_ATAQV_ATAQV (GM12878_STD_REP1),COMPLETED,0,32,45097156608,1780911706975,1780911732000,1780911788000,81025,51284,134.4,258736128,1731592192,ip-172-31-1-173,Intel(R) Xeon(R) Platinum 8275CL CPU @ 3.00GHz
140,19/d0b61b,nf-19d0b61bcec808a4e0109c93b1de4331-e9c2f,NFCORE_ATACSEQ:ATACSEQ:MERGED_LIBRARY_CALL_ANNOTATE_PEAKS:FRIP_SCORE,NFCORE_ATACSEQ:ATACSEQ:MERGED_LIBRARY_CALL_ANNOTATE_PEAKS:FRIP_SCORE (GM12878_STD_REP1),COMPLETED,0,32,45097156608,1780911706988,1780911768000,1780911796000,89012,23000,120.3,28311552,46051328,ip-172-31-1-173,Intel(R) Xeon(R) Platinum 8275CL CPU @ 3.00GHz
77,37/415793,nf-37415793ed4ac5c25ded09d008d22af1-a418c,NFCORE_ATACSEQ:ATACSEQ:MERGED_LIBRARY_FILTER_BAM:BAMTOOLS_FILTER,NFCORE_ATACSEQ:ATACSEQ:MERGED_LIBRARY_FILTER_BAM:BAMTOOLS_FILTER (GM12878_OMNI_REP1),COMPLETED,0,32,45097156608,1780911128587,1780911147000,1780911821000,692413,668000,129.6,12582912,23658496,ip-172-31-12-170,Intel(R) Xeon(R) Platinum 8275CL CPU @ 3.00GHz
142,72/2e263a,nf-722e263aadc1b2839110ba35ef4f1290-218fc,NFCORE_ATACSEQ:ATACSEQ:MERGED_LIBRARY_CALL_ANNOTATE_PEAKS:MULTIQC_CUSTOM_PEAKS,NFCORE_ATACSEQ:ATACSEQ:MERGED_LIBRARY_CALL_ANNOTATE_PEAKS:MULTIQC_CUSTOM_PEAKS (GM12878_STD_REP1),COMPLETED,0,1,6442450944,1780911806951,1780911807000,1780911812000,5049,13,103.2,2359296,4087808,ip-172-31-1-173,Intel(R) Xeon(R) Platinum 8275CL CPU @ 3.00GHz
138,ce/a6886d,nf-cea6886d53f6ad4938d89c7f9d07de24-d7d0e,NFCORE_ATACSEQ:ATACSEQ:MERGED_LIBRARY_CALL_ANNOTATE_PEAKS:HOMER_ANNOTATEPEAKS,NFCORE_ATACSEQ:ATACSEQ:MERGED_LIBRARY_CALL_ANNOTATE_PEAKS:HOMER_ANNOTATEPEAKS (GM12878_STD_REP1),COMPLETED,0,32,45097156608,1780911707029,1780911787000,1780911868000,160971,75000,100.1,1361547264,1409470464,ip-172-31-12-170,Intel(R) Xeon(R) Platinum 8275CL CPU @ 3.00GHz
143,b4/bb8450,nf-b4bb845051413b6b076dd56059e04203-48b9d,NFCORE_ATACSEQ:ATACSEQ:MERGED_LIBRARY_FILTER_BAM:SAMTOOLS_SORT,NFCORE_ATACSEQ:ATACSEQ:MERGED_LIBRARY_FILTER_BAM:SAMTOOLS_SORT (GM12878_OMNI_REP1),COMPLETED,0,32,45097156608,1780911826951,1780911827000,1780911898000,71049,66000,742.2,18908184576,32985374720,ip-172-31-12-170,Intel(R) Xeon(R) Platinum 8275CL CPU @ 3.00GHz
141,3d/68ccd0,nf-3d68ccd0b5660496b16a2d194474dbb1-8ab4e,NFCORE_ATACSEQ:ATACSEQ:MERGED_LIBRARY_FILTER_BAM:BAM_REMOVE_ORPHANS,NFCORE_ATACSEQ:ATACSEQ:MERGED_LIBRARY_FILTER_BAM:BAM_REMOVE_ORPHANS (GM12878_OMNI_REP2),COMPLETED,0,32,45097156608,1780911766958,1780911792000,1780911984000,217042,187000,99.7,25165824,38948864,ip-172-31-1-173,Intel(R) Xeon(R) Platinum 8275CL CPU @ 3.00GHz
145,93/1ad58b,nf-931ad58b506220f20b228933180df047-d402b,NFCORE_ATACSEQ:ATACSEQ:MERGED_LIBRARY_FILTER_BAM:BAM_SORT_STATS_SAMTOOLS:SAMTOOLS_SORT,NFCORE_ATACSEQ:ATACSEQ:MERGED_LIBRARY_FILTER_BAM:BAM_SORT_STATS_SAMTOOLS:SAMTOOLS_SORT (GM12878_OMNI_REP2),COMPLETED,0,32,45097156608,1780911986941,1780911987000,1780912035000,48059,43000,604.2,14327812096,30618030080,ip-172-31-1-173,Intel(R) Xeon(R) Platinum 8275CL CPU @ 3.00GHz
146,8f/348893,nf-8f348893ebe7c61666445e0beaaa4e21-b1a46,NFCORE_ATACSEQ:ATACSEQ:MERGED_LIBRARY_FILTER_BAM:BAM_SORT_STATS_SAMTOOLS:SAMTOOLS_INDEX,NFCORE_ATACSEQ:ATACSEQ:MERGED_LIBRARY_FILTER_BAM:BAM_SORT_STATS_SAMTOOLS:SAMTOOLS_INDEX (GM12878_OMNI_REP2),COMPLETED,0,16,25769803776,1780912046946,1780912047000,1780912057000,10054,5000,528.4,21233664,1247236096,ip-172-31-1-173,Intel(R) Xeon(R) Platinum 8275CL CPU @ 3.00GHz
148,f3/cc1c12,nf-f3cc1c12aec86e6a77616e028ad50a8b-5886f,NFCORE_ATACSEQ:ATACSEQ:MERGED_LIBRARY_DEEPTOOLS_PLOTFINGERPRINT,NFCORE_ATACSEQ:ATACSEQ:MERGED_LIBRARY_DEEPTOOLS_PLOTFINGERPRINT (GM12878_OMNI_REP2),COMPLETED,0,48,90194313216,1780912066968,1780912067000,1780912109000,42032,36000,900.3,3182288896,12201488384,ip-172-31-12-170,Intel(R) Xeon(R) Platinum 8275CL CPU @ 3.00GHz
144,c9/85433a,nf-c985433a688fe0b0fbfb125b855ca7ab-2e6a4,NFCORE_ATACSEQ:ATACSEQ:MERGED_LIBRARY_FILTER_BAM:BAM_REMOVE_ORPHANS,NFCORE_ATACSEQ:ATACSEQ:MERGED_LIBRARY_FILTER_BAM:BAM_REMOVE_ORPHANS (GM12878_OMNI_REP1),COMPLETED,0,32,45097156608,1780911913456,1780911914000,1780912149000,235544,230000,99.7,25165824,38948864,ip-172-31-12-170,Intel(R) Xeon(R) Platinum 8275CL CPU @ 3.00GHz
150,ce/09a06e,nf-ce09a06ed22df337baa0564ce81db4b8-1516c,NFCORE_ATACSEQ:ATACSEQ:MERGED_LIBRARY_FILTER_BAM:BAM_SORT_STATS_SAMTOOLS:SAMTOOLS_SORT,NFCORE_ATACSEQ:ATACSEQ:MERGED_LIBRARY_FILTER_BAM:BAM_SORT_STATS_SAMTOOLS:SAMTOOLS_SORT (GM12878_OMNI_REP1),COMPLETED,0,32,45097156608,1780912166953,1780912167000,1780912218000,51047,46000,666.6,17582383104,30784008192,ip-172-31-12-170,Intel(R) Xeon(R) Platinum 8275CL CPU @ 3.00GHz
151,17/1784a4,nf-171784a467df51d09bf6e643ae9fbebd-bcb78,NFCORE_ATACSEQ:ATACSEQ:MERGED_LIBRARY_FILTER_BAM:BAM_SORT_STATS_SAMTOOLS:SAMTOOLS_INDEX,NFCORE_ATACSEQ:ATACSEQ:MERGED_LIBRARY_FILTER_BAM:BAM_SORT_STATS_SAMTOOLS:SAMTOOLS_INDEX (GM12878_OMNI_REP1),COMPLETED,0,16,25769803776,1780912231669,1780912232000,1780912244000,12331,7000,420.2,22806528,1296437248,ip-172-31-12-170,Intel(R) Xeon(R) Platinum 8275CL CPU @ 3.00GHz
147,8d/458101,nf-8d4581011775970b6a7d6fc4e3a5852d-8f222,NFCORE_ATACSEQ:ATACSEQ:MERGED_LIBRARY_PICARD_COLLECTMULTIPLEMETRICS,NFCORE_ATACSEQ:ATACSEQ:MERGED_LIBRARY_PICARD_COLLECTMULTIPLEMETRICS (GM12878_OMNI_REP2),COMPLETED,0,1,6442450944,1780912046993,1780912047000,1780912263000,216007,210000,121.5,1183551488,11746488320,ip-172-31-1-173,Intel(R) Xeon(R) Platinum 8275CL CPU @ 3.00GHz
159,06/2babb7,nf-062babb7efa38664dce505b3a6551b38-5a360,NFCORE_ATACSEQ:ATACSEQ:MERGED_LIBRARY_FILTER_BAM:BAM_SORT_STATS_SAMTOOLS:BAM_STATS_SAMTOOLS:SAMTOOLS_IDXSTATS,NFCORE_ATACSEQ:ATACSEQ:MERGED_LIBRARY_FILTER_BAM:BAM_SORT_STATS_SAMTOOLS:BAM_STATS_SAMTOOLS:SAMTOOLS_IDXSTATS (GM12878_FAST_REP1),COMPLETED,0,1,6442450944,1780912247069,1780912248000,1780912253000,5931,0,70.6,2359296,5644288,ip-172-31-12-170,Intel(R) Xeon(R) Platinum 8275CL CPU @ 3.00GHz
162,87/cada4d,nf-87cada4d3598d7f2235acacf12ff66ab-24313,NFCORE_ATACSEQ:ATACSEQ:MERGED_LIBRARY_FILTER_BAM:BAM_SORT_STATS_SAMTOOLS:BAM_STATS_SAMTOOLS:SAMTOOLS_FLAGSTAT,NFCORE_ATACSEQ:ATACSEQ:MERGED_LIBRARY_FILTER_BAM:BAM_SORT_STATS_SAMTOOLS:BAM_STATS_SAMTOOLS:SAMTOOLS_FLAGSTAT (GM12878_FAST_REP1),COMPLETED,0,1,6442450944,1780912247087,1780912247000,1780912255000,7913,3000,135.6,5505024,231661568,ip-172-31-12-170,Intel(R) Xeon(R) Platinum 8275CL CPU @ 3.00GHz
164,6c/658345,nf-6c658345a897d1acc22bb6862f8d1259-74dcd,NFCORE_ATACSEQ:ATACSEQ:MERGED_LIBRARY_FILTER_BAM:BAM_SORT_STATS_SAMTOOLS:BAM_STATS_SAMTOOLS:SAMTOOLS_FLAGSTAT,NFCORE_ATACSEQ:ATACSEQ:MERGED_LIBRARY_FILTER_BAM:BAM_SORT_STATS_SAMTOOLS:BAM_STATS_SAMTOOLS:SAMTOOLS_FLAGSTAT (GM12878_FAST_REP2),COMPLETED,0,1,6442450944,1780912247102,1780912248000,1780912258000,10898,5000,118.3,5505024,231661568,ip-172-31-12-170,Intel(R) Xeon(R) Platinum 8275CL CPU @ 3.00GHz
166,5a/022686,nf-5a0226862f342afa6d659d56672091d6-298ee,NFCORE_ATACSEQ:ATACSEQ:MERGED_LIBRARY_FILTER_BAM:BAM_SORT_STATS_SAMTOOLS:BAM_STATS_SAMTOOLS:SAMTOOLS_FLAGSTAT,NFCORE_ATACSEQ:ATACSEQ:MERGED_LIBRARY_FILTER_BAM:BAM_SORT_STATS_SAMTOOLS:BAM_STATS_SAMTOOLS:SAMTOOLS_FLAGSTAT (GM12878_STD_REP2),COMPLETED,0,1,6442450944,1780912247136,1780912248000,1780912255000,7864,2000,129.1,5505024,231661568,ip-172-31-1-173,Intel(R) Xeon(R) Platinum 8275CL CPU @ 3.00GHz
160,16/3416ed,nf-163416ed0c4f25acc1e94a02d848a560-08edc,NFCORE_ATACSEQ:ATACSEQ:MERGED_LIBRARY_FILTER_BAM:BAM_SORT_STATS_SAMTOOLS:BAM_STATS_SAMTOOLS:SAMTOOLS_IDXSTATS,NFCORE_ATACSEQ:ATACSEQ:MERGED_LIBRARY_FILTER_BAM:BAM_SORT_STATS_SAMTOOLS:BAM_STATS_SAMTOOLS:SAMTOOLS_IDXSTATS (GM12878_FAST_REP2),COMPLETED,0,1,6442450944,1780912247118,1780912247000,1780912252000,4882,0,101.1,2359296,5644288,ip-172-31-12-170,Intel(R) Xeon(R) Platinum 8275CL CPU @ 3.00GHz
161,a0/aa32d3,nf-a0aa32d3fcad5e8d6d4e11d1d4c3ae32-f13c0,NFCORE_ATACSEQ:ATACSEQ:MERGED_LIBRARY_FILTER_BAM:BAM_SORT_STATS_SAMTOOLS:BAM_STATS_SAMTOOLS:SAMTOOLS_IDXSTATS,NFCORE_ATACSEQ:ATACSEQ:MERGED_LIBRARY_FILTER_BAM:BAM_SORT_STATS_SAMTOOLS:BAM_STATS_SAMTOOLS:SAMTOOLS_IDXSTATS (GM12878_STD_REP2),COMPLETED,0,1,6442450944,1780912247153,1780912248000,1780912253000,5847,0,73.4,2359296,5644288,ip-172-31-12-170,Intel(R) Xeon(R) Platinum 8275CL CPU @ 3.00GHz
168,03/67744b,nf-0367744ba3ab4339462df9e8b0a3ae41-dd896,NFCORE_ATACSEQ:ATACSEQ:MERGED_LIBRARY_FILTER_BAM:BAM_SORT_STATS_SAMTOOLS:BAM_STATS_SAMTOOLS:SAMTOOLS_FLAGSTAT,NFCORE_ATACSEQ:ATACSEQ:MERGED_LIBRARY_FILTER_BAM:BAM_SORT_STATS_SAMTOOLS:BAM_STATS_SAMTOOLS:SAMTOOLS_FLAGSTAT (GM12878_STD_REP1),COMPLETED,0,1,6442450944,1780912247168,1780912248000,1780912255000,7832,2000,131.3,5505024,231661568,ip-172-31-1-173,Intel(R) Xeon(R) Platinum 8275CL CPU @ 3.00GHz
167,88/6cd86a,nf-886cd86a88bb4ea073d44b7b67bdaf4f-3de93,NFCORE_ATACSEQ:ATACSEQ:MERGED_LIBRARY_FILTER_BAM:BAM_SORT_STATS_SAMTOOLS:BAM_STATS_SAMTOOLS:SAMTOOLS_IDXSTATS,NFCORE_ATACSEQ:ATACSEQ:MERGED_LIBRARY_FILTER_BAM:BAM_SORT_STATS_SAMTOOLS:BAM_STATS_SAMTOOLS:SAMTOOLS_IDXSTATS (GM12878_STD_REP1),COMPLETED,0,1,6442450944,1780912247185,1780912248000,1780912253000,5815,0,56.0,2359296,5644288,ip-172-31-12-170,Intel(R) Xeon(R) Platinum 8275CL CPU @ 3.00GHz
170,c9/6d87b1,nf-c96d87b1a5fdd18bd00fc3423f7598a0-5a182,NFCORE_ATACSEQ:ATACSEQ:MERGED_LIBRARY_FILTER_BAM:BAM_SORT_STATS_SAMTOOLS:BAM_STATS_SAMTOOLS:SAMTOOLS_IDXSTATS,NFCORE_ATACSEQ:ATACSEQ:MERGED_LIBRARY_FILTER_BAM:BAM_SORT_STATS_SAMTOOLS:BAM_STATS_SAMTOOLS:SAMTOOLS_IDXSTATS (GM12878_OMNI_REP2),COMPLETED,0,1,6442450944,1780912247217,1780912248000,1780912253000,5783,0,58.5,2359296,5644288,ip-172-31-12-170,Intel(R) Xeon(R) Platinum 8275CL CPU @ 3.00GHz
172,5f/461b55,nf-5f461b558c1f8185a0fc6f40300fe12b-8809e,NFCORE_ATACSEQ:ATACSEQ:MERGED_LIBRARY_FILTER_BAM:BAM_SORT_STATS_SAMTOOLS:BAM_STATS_SAMTOOLS:SAMTOOLS_IDXSTATS,NFCORE_ATACSEQ:ATACSEQ:MERGED_LIBRARY_FILTER_BAM:BAM_SORT_STATS_SAMTOOLS:BAM_STATS_SAMTOOLS:SAMTOOLS_IDXSTATS (GM12878_OMNI_REP1),COMPLETED,0,1,6442450944,1780912247250,1780912248000,1780912253000,5750,0,89.4,2359296,5644288,ip-172-31-1-173,Intel(R) Xeon(R) Platinum 8275CL CPU @ 3.00GHz
158,b1/32a953,nf-b132a953a4b7f58687321105c13fb74c-1783f,NFCORE_ATACSEQ:ATACSEQ:MERGED_LIBRARY_FILTER_BAM:BAM_SORT_STATS_SAMTOOLS:BAM_STATS_SAMTOOLS:SAMTOOLS_STATS,NFCORE_ATACSEQ:ATACSEQ:MERGED_LIBRARY_FILTER_BAM:BAM_SORT_STATS_SAMTOOLS:BAM_STATS_SAMTOOLS:SAMTOOLS_STATS (GM12878_FAST_REP1),COMPLETED,0,1,6442450944,1780912247267,1780912248000,1780912266000,18733,13000,127.4,7077888,233234432,ip-172-31-1-173,Intel(R) Xeon(R) Platinum 8275CL CPU @ 3.00GHz
165,df/988335,nf-df98833547feefb0b48993ba01945be7-61024,NFCORE_ATACSEQ:ATACSEQ:MERGED_LIBRARY_FILTER_BAM:BAM_SORT_STATS_SAMTOOLS:BAM_STATS_SAMTOOLS:SAMTOOLS_STATS,NFCORE_ATACSEQ:ATACSEQ:MERGED_LIBRARY_FILTER_BAM:BAM_SORT_STATS_SAMTOOLS:BAM_STATS_SAMTOOLS:SAMTOOLS_STATS (GM12878_STD_REP2),COMPLETED,0,1,6442450944,1780912247351,1780912248000,1780912263000,15649,10000,129.1,6291456,233082880,ip-172-31-1-173,Intel(R) Xeon(R) Platinum 8275CL CPU @ 3.00GHz
173,37/f144fc,nf-37f144fc8ece81ea7ddc7c4859432bd8-5e1ed,NFCORE_ATACSEQ:ATACSEQ:MERGED_LIBRARY_FILTER_BAM:BAM_SORT_STATS_SAMTOOLS:BAM_STATS_SAMTOOLS:SAMTOOLS_STATS,NFCORE_ATACSEQ:ATACSEQ:MERGED_LIBRARY_FILTER_BAM:BAM_SORT_STATS_SAMTOOLS:BAM_STATS_SAMTOOLS:SAMTOOLS_STATS (GM12878_STD_REP1),COMPLETED,0,1,6442450944,1780912247337,1780912248000,1780912266000,18663,13000,111.4,7077888,233082880,ip-172-31-12-170,Intel(R) Xeon(R) Platinum 8275CL CPU @ 3.00GHz
149,87/ea409e,nf-87ea409e1ecc3cfac3c528d19750f3f1-17711,NFCORE_ATACSEQ:ATACSEQ:MERGED_LIBRARY_CALL_ANNOTATE_PEAKS:MACS2_CALLPEAK,NFCORE_ATACSEQ:ATACSEQ:MERGED_LIBRARY_CALL_ANNOTATE_PEAKS:MACS2_CALLPEAK (GM12878_OMNI_REP2),COMPLETED,0,32,45097156608,1780912066952,1780912067000,1780912277000,210048,205000,100.9,990003200,13822300160,ip-172-31-1-173,Intel(R) Xeon(R) Platinum 8275CL CPU @ 3.00GHz
169,de/d32ea0,nf-ded32ea05b6dabe1d46bcd46d13d4d99-4d6e4,NFCORE_ATACSEQ:ATACSEQ:MERGED_LIBRARY_FILTER_BAM:BAM_SORT_STATS_SAMTOOLS:BAM_STATS_SAMTOOLS:SAMTOOLS_FLAGSTAT,NFCORE_ATACSEQ:ATACSEQ:MERGED_LIBRARY_FILTER_BAM:BAM_SORT_STATS_SAMTOOLS:BAM_STATS_SAMTOOLS:SAMTOOLS_FLAGSTAT (GM12878_OMNI_REP2),COMPLETED,0,1,6442450944,1780912247201,1780912248000,1780912269000,21799,15000,139.1,5505024,231661568,ip-172-31-1-173,Intel(R) Xeon(R) Platinum 8275CL CPU @ 3.00GHz
171,91/13a5aa,nf-9113a5aade3ebbabf66295ae6b1042a7-3aacc,NFCORE_ATACSEQ:ATACSEQ:MERGED_LIBRARY_FILTER_BAM:BAM_SORT_STATS_SAMTOOLS:BAM_STATS_SAMTOOLS:SAMTOOLS_FLAGSTAT,NFCORE_ATACSEQ:ATACSEQ:MERGED_LIBRARY_FILTER_BAM:BAM_SORT_STATS_SAMTOOLS:BAM_STATS_SAMTOOLS:SAMTOOLS_FLAGSTAT (GM12878_OMNI_REP1),COMPLETED,0,1,6442450944,1780912247234,1780912248000,1780912271000,23766,18000,132.0,5505024,231661568,ip-172-31-12-170,Intel(R) Xeon(R) Platinum 8275CL CPU @ 3.00GHz
163,1c/e90969,nf-1ce90969ef1c1377ea35daffb28dc232-1cefd,NFCORE_ATACSEQ:ATACSEQ:MERGED_LIBRARY_FILTER_BAM:BAM_SORT_STATS_SAMTOOLS:BAM_STATS_SAMTOOLS:SAMTOOLS_STATS,NFCORE_ATACSEQ:ATACSEQ:MERGED_LIBRARY_FILTER_BAM:BAM_SORT_STATS_SAMTOOLS:BAM_STATS_SAMTOOLS:SAMTOOLS_STATS (GM12878_FAST_REP2),COMPLETED,0,1,6442450944,1780912247282,1780912248000,1780912274000,26718,21000,125.2,7864320,233082880,ip-172-31-12-170,Intel(R) Xeon(R) Platinum 8275CL CPU @ 3.00GHz
174,64/b76b0d,nf-64b76b0d0087c6cf8ea8fe7eea411bdc-454ac,NFCORE_ATACSEQ:ATACSEQ:MERGED_LIBRARY_FILTER_BAM:BAM_SORT_STATS_SAMTOOLS:BAM_STATS_SAMTOOLS:SAMTOOLS_STATS,NFCORE_ATACSEQ:ATACSEQ:MERGED_LIBRARY_FILTER_BAM:BAM_SORT_STATS_SAMTOOLS:BAM_STATS_SAMTOOLS:SAMTOOLS_STATS (GM12878_OMNI_REP2),COMPLETED,0,1,6442450944,1780912247645,1780912248000,1780912314000,66355,61000,125.7,6291456,233082880,ip-172-31-12-170,Intel(R) Xeon(R) Platinum 8275CL CPU @ 3.00GHz
156,06/8a94f3,nf-068a94f3e2c483fb31d4ce32f1b28254-a48e4,NFCORE_ATACSEQ:ATACSEQ:MERGED_LIBRARY_DEEPTOOLS_PLOTFINGERPRINT,NFCORE_ATACSEQ:ATACSEQ:MERGED_LIBRARY_DEEPTOOLS_PLOTFINGERPRINT (GM12878_OMNI_REP1),COMPLETED,0,48,90194313216,1780912247014,1780912280000,1780912336000,88986,37000,959.2,3172802560,12197478400,ip-172-31-1-173,Intel(R) Xeon(R) Platinum 8275CL CPU @ 3.00GHz
175,55/2166e2,nf-552166e24c5f5bf18f4cfb4935817304-5da99,NFCORE_ATACSEQ:ATACSEQ:MERGED_LIBRARY_FILTER_BAM:BAM_SORT_STATS_SAMTOOLS:BAM_STATS_SAMTOOLS:SAMTOOLS_STATS,NFCORE_ATACSEQ:ATACSEQ:MERGED_LIBRARY_FILTER_BAM:BAM_SORT_STATS_SAMTOOLS:BAM_STATS_SAMTOOLS:SAMTOOLS_STATS (GM12878_OMNI_REP1),COMPLETED,0,1,6442450944,1780912247659,1780912248000,1780912336000,88341,70000,131.4,6291456,233082880,ip-172-31-1-173,Intel(R) Xeon(R) Platinum 8275CL CPU @ 3.00GHz
154,ce/6cde7f,nf-ce6cde7f4e72096b841c17f8dcd54e28-29ce4,NFCORE_ATACSEQ:ATACSEQ:PICARD_MERGESAMFILES_REPLICATE,NFCORE_ATACSEQ:ATACSEQ:PICARD_MERGESAMFILES_REPLICATE (GM12878_STD),COMPLETED,0,32,45097156608,1780912231687,1780912232000,1780912357000,125313,119000,100.9,801656832,42270539776,ip-172-31-12-170,Intel(R) Xeon(R) Platinum 8275CL CPU @ 3.00GHz
153,5d/080a4a,nf-5d080a4adc16789b910e17b9d3134050-d0177,NFCORE_ATACSEQ:ATACSEQ:PICARD_MERGESAMFILES_REPLICATE,NFCORE_ATACSEQ:ATACSEQ:PICARD_MERGESAMFILES_REPLICATE (GM12878_FAST),COMPLETED,0,32,45097156608,1780912231703,1780912232000,1780912413000,181297,175000,100.5,633892864,42210725888,ip-172-31-1-173,Intel(R) Xeon(R) Platinum 8275CL CPU @ 3.00GHz
152,9c/266c4e,nf-9c266c4ea598d8b5de781703a6a27b2d-f4371,NFCORE_ATACSEQ:ATACSEQ:MERGED_LIBRARY_PICARD_COLLECTMULTIPLEMETRICS,NFCORE_ATACSEQ:ATACSEQ:MERGED_LIBRARY_PICARD_COLLECTMULTIPLEMETRICS (GM12878_OMNI_REP1),COMPLETED,0,1,6442450944,1780912231733,1780912232000,1780912496000,264267,258000,115.2,1204068352,11880710144,ip-172-31-1-173,Intel(R) Xeon(R) Platinum 8275CL CPU @ 3.00GHz
180,ae/b77940,nf-aeb77940ef6e35d6ba1152f001add86e-7cb30,NFCORE_ATACSEQ:ATACSEQ:MERGED_LIBRARY_CALL_ANNOTATE_PEAKS:HOMER_ANNOTATEPEAKS,NFCORE_ATACSEQ:ATACSEQ:MERGED_LIBRARY_CALL_ANNOTATE_PEAKS:HOMER_ANNOTATEPEAKS (GM12878_OMNI_REP2),COMPLETED,0,32,45097156608,1780912287001,1780912415000,1780912498000,210999,77000,100.2,1528713216,1576439808,ip-172-31-1-173,Intel(R) Xeon(R) Platinum 8275CL CPU @ 3.00GHz
182,31/6a9e0d,nf-316a9e0d502d5eaed29ef93b64041eb9-708f6,NFCORE_ATACSEQ:ATACSEQ:MERGED_LIBRARY_CALL_ANNOTATE_PEAKS:FRIP_SCORE,NFCORE_ATACSEQ:ATACSEQ:MERGED_LIBRARY_CALL_ANNOTATE_PEAKS:FRIP_SCORE (GM12878_OMNI_REP2),COMPLETED,0,32,45097156608,1780912286945,1780912342000,1780912507000,220055,159000,121.5,65273856,83492864,ip-172-31-1-173,Intel(R) Xeon(R) Platinum 8275CL CPU @ 3.00GHz
181,33/1bb7c0,nf-331bb7c0344206f45a63c17ab5744705-80797,NFCORE_ATACSEQ:ATACSEQ:MERGED_LIBRARY_ATAQV_ATAQV,NFCORE_ATACSEQ:ATACSEQ:MERGED_LIBRARY_ATAQV_ATAQV (GM12878_OMNI_REP2),COMPLETED,0,32,45097156608,1780912286962,1780912359000,1780912536000,249038,171704,194.0,227999744,1734209536,ip-172-31-12-170,Intel(R) Xeon(R) Platinum 8275CL CPU @ 3.00GHz
187,d5/3d9c4c,nf-d53d9c4cf0987ad494cb21033abdbc81-d7618,NFCORE_ATACSEQ:ATACSEQ:MERGED_LIBRARY_CALL_ANNOTATE_PEAKS:MULTIQC_CUSTOM_PEAKS,NFCORE_ATACSEQ:ATACSEQ:MERGED_LIBRARY_CALL_ANNOTATE_PEAKS:MULTIQC_CUSTOM_PEAKS (GM12878_OMNI_REP2),COMPLETED,0,1,6442450944,1780912527014,1780912527000,1780912532000,4986,46,76.0,2359296,4087808,ip-172-31-12-170,Intel(R) Xeon(R) Platinum 8275CL CPU @ 3.00GHz
183,49/c03174,nf-49c03174095166d52c4a1108c8bf8438-9ec31,NFCORE_ATACSEQ:ATACSEQ:MERGED_LIBRARY_BAM_TO_BIGWIG:BEDTOOLS_GENOMECOV,NFCORE_ATACSEQ:ATACSEQ:MERGED_LIBRARY_BAM_TO_BIGWIG:BEDTOOLS_GENOMECOV (GM12878_OMNI_REP2),COMPLETED,0,32,45097156608,1780912287014,1780912509000,1780912716000,428986,193000,100.0,10979278848,13623304192,ip-172-31-1-173,Intel(R) Xeon(R) Platinum 8275CL CPU @ 3.00GHz
186,2d/171179,nf-2d171179dc816f9cb99fb21f6323aa04-954b4,NFCORE_ATACSEQ:ATACSEQ:MERGED_REPLICATE_MARKDUPLICATES_PICARD:PICARD_MARKDUPLICATES,NFCORE_ATACSEQ:ATACSEQ:MERGED_REPLICATE_MARKDUPLICATES_PICARD:PICARD_MARKDUPLICATES (GM12878_FAST),COMPLETED,0,32,45097156608,1780912426997,1780912501000,1780912764000,337003,257000,144.3,23950487552,48267894784,ip-172-31-1-173,Intel(R) Xeon(R) Platinum 8275CL CPU @ 3.00GHz
176,00/54dc03,nf-0054dc035f5d9838770c3e4e1cc2db89-47d21,NFCORE_ATACSEQ:ATACSEQ:MERGED_LIBRARY_BAM_TO_BIGWIG:BEDTOOLS_GENOMECOV,NFCORE_ATACSEQ:ATACSEQ:MERGED_LIBRARY_BAM_TO_BIGWIG:BEDTOOLS_GENOMECOV (GM12878_FAST_REP1),COMPLETED,0,32,45097156608,1780912267323,1780912718000,1780912770000,502677,45000,100.2,1999896576,2030309376,ip-172-31-1-173,Intel(R) Xeon(R) Platinum 8275CL CPU @ 3.00GHz
189,4a/e75ef0,nf-4ae75ef06341d5f2eb82058d2b4ee9c4-6da7b,NFCORE_ATACSEQ:ATACSEQ:MERGED_REPLICATE_MARKDUPLICATES_PICARD:SAMTOOLS_INDEX,NFCORE_ATACSEQ:ATACSEQ:MERGED_REPLICATE_MARKDUPLICATES_PICARD:SAMTOOLS_INDEX (GM12878_FAST),COMPLETED,0,16,25769803776,1780912767020,1780912767000,1780912774000,6980,2000,537.9,15728640,1105088512,ip-172-31-1-173,Intel(R) Xeon(R) Platinum 8275CL CPU @ 3.00GHz
188,00/3af9db,nf-003af9dba9d0682a132b6d0dd960e9f5-decbf,NFCORE_ATACSEQ:ATACSEQ:MERGED_LIBRARY_BAM_TO_BIGWIG:UCSC_BEDGRAPHTOBIGWIG,NFCORE_ATACSEQ:ATACSEQ:MERGED_LIBRARY_BAM_TO_BIGWIG:UCSC_BEDGRAPHTOBIGWIG (GM12878_OMNI_REP2),COMPLETED,0,1,6442450944,1780912727014,1780912727000,1780912777000,49986,45000,94.9,116387840,135303168,ip-172-31-12-170,Intel(R) Xeon(R) Platinum 8275CL CPU @ 3.00GHz
184,67/f19bd5,nf-67f19bd5a9a2cf699271ced03f85122a-a71ed,NFCORE_ATACSEQ:ATACSEQ:MERGED_LIBRARY_BAM_TO_BIGWIG:BEDTOOLS_GENOMECOV,NFCORE_ATACSEQ:ATACSEQ:MERGED_LIBRARY_BAM_TO_BIGWIG:BEDTOOLS_GENOMECOV (GM12878_OMNI_REP1),COMPLETED,0,32,45097156608,1780912287030,1780912544000,1780912786000,498970,228000,99.5,13462032384,16679690240,ip-172-31-12-170,Intel(R) Xeon(R) Platinum 8275CL CPU @ 3.00GHz
191,2e/3f3db9,nf-2e3f3db90de4bceff2abde05eb5f27f7-adb11,NFCORE_ATACSEQ:ATACSEQ:MERGED_LIBRARY_BAM_TO_BIGWIG:UCSC_BEDGRAPHTOBIGWIG,NFCORE_ATACSEQ:ATACSEQ:MERGED_LIBRARY_BAM_TO_BIGWIG:UCSC_BEDGRAPHTOBIGWIG (GM12878_FAST_REP1),COMPLETED,0,1,6442450944,1780912786964,1780912787000,1780912799000,12036,7000,92.3,23592960,40935424,ip-172-31-12-170,Intel(R) Xeon(R) Platinum 8275CL CPU @ 3.00GHz
177,21/652d67,nf-21652d67ec131fdde95457e3d5325082-bd149,NFCORE_ATACSEQ:ATACSEQ:MERGED_LIBRARY_BAM_TO_BIGWIG:BEDTOOLS_GENOMECOV,NFCORE_ATACSEQ:ATACSEQ:MERGED_LIBRARY_BAM_TO_BIGWIG:BEDTOOLS_GENOMECOV (GM12878_FAST_REP2),COMPLETED,0,32,45097156608,1780912267338,1780912767000,1780912851000,583662,72000,91.9,3232071680,4038516736,ip-172-31-1-173,Intel(R) Xeon(R) Platinum 8275CL CPU @ 3.00GHz
190,33/f3b208,nf-33f3b208d992ac0a389d91c4e1611560-95242,NFCORE_ATACSEQ:ATACSEQ:MERGED_REPLICATE_CALL_ANNOTATE_PEAKS:MACS2_CALLPEAK,NFCORE_ATACSEQ:ATACSEQ:MERGED_REPLICATE_CALL_ANNOTATE_PEAKS:MACS2_CALLPEAK (GM12878_FAST),COMPLETED,0,32,45097156608,1780912767035,1780912773000,1780912857000,89965,79000,108.2,489693184,13612634112,ip-172-31-1-173,Intel(R) Xeon(R) Platinum 8275CL CPU @ 3.00GHz
194,66/0e8743,nf-660e874315d3939f30889fdaadc35255-990b0,NFCORE_ATACSEQ:ATACSEQ:MERGED_LIBRARY_BAM_TO_BIGWIG:UCSC_BEDGRAPHTOBIGWIG,NFCORE_ATACSEQ:ATACSEQ:MERGED_LIBRARY_BAM_TO_BIGWIG:UCSC_BEDGRAPHTOBIGWIG (GM12878_OMNI_REP1),COMPLETED,0,1,6442450944,1780912807013,1780912807000,1780912867000,59987,54000,96.7,128970752,147382272,ip-172-31-1-173,Intel(R) Xeon(R) Platinum 8275CL CPU @ 3.00GHz
193,05/8593f8,nf-058593f874deffa4548783ada55c1dc2-a0fbd,NFCORE_ATACSEQ:ATACSEQ:MERGED_LIBRARY_BIGWIG_PLOT_DEEPTOOLS:DEEPTOOLS_COMPUTEMATRIX_SCALE_REGIONS,NFCORE_ATACSEQ:ATACSEQ:MERGED_LIBRARY_BIGWIG_PLOT_DEEPTOOLS:DEEPTOOLS_COMPUTEMATRIX_SCALE_REGIONS (GM12878_OMNI_REP2),COMPLETED,0,48,90194313216,1780912787055,1780912789000,1780912896000,108945,100000,1633.1,8461201408,12440977408,ip-172-31-12-170,Intel(R) Xeon(R) Platinum 8275CL CPU @ 3.00GHz
197,39/2868c0,nf-392868c0dad6154649bc1d8785a192bb-15405,NFCORE_ATACSEQ:ATACSEQ:MERGED_LIBRARY_BAM_TO_BIGWIG:UCSC_BEDGRAPHTOBIGWIG,NFCORE_ATACSEQ:ATACSEQ:MERGED_LIBRARY_BAM_TO_BIGWIG:UCSC_BEDGRAPHTOBIGWIG (GM12878_FAST_REP2),COMPLETED,0,1,6442450944,1780912866980,1780912867000,1780912887000,20020,14000,84.1,22806528,40689664,ip-172-31-12-170,Intel(R) Xeon(R) Platinum 8275CL CPU @ 3.00GHz
178,ae/6837f5,nf-ae6837f5cbf9574d2739d6d676c07138-b3c3f,NFCORE_ATACSEQ:ATACSEQ:MERGED_LIBRARY_BAM_TO_BIGWIG:BEDTOOLS_GENOMECOV,NFCORE_ATACSEQ:ATACSEQ:MERGED_LIBRARY_BAM_TO_BIGWIG:BEDTOOLS_GENOMECOV (GM12878_STD_REP2),COMPLETED,0,32,45097156608,1780912267352,1780912865000,1780912911000,643648,39000,100.2,2000683008,2030309376,ip-172-31-1-173,Intel(R) Xeon(R) Platinum 8275CL CPU @ 3.00GHz
202,4b/1f4ebb,nf-4b1f4ebbcfcc6f42d6853ba065d75193-c23fb,NFCORE_ATACSEQ:ATACSEQ:MERGED_LIBRARY_BIGWIG_PLOT_DEEPTOOLS:DEEPTOOLS_PLOTPROFILE,NFCORE_ATACSEQ:ATACSEQ:MERGED_LIBRARY_BIGWIG_PLOT_DEEPTOOLS:DEEPTOOLS_PLOTPROFILE (GM12878_OMNI_REP2),COMPLETED,0,16,25769803776,1780912907030,1780912907000,1780912922000,14970,8000,99.6,503316480,649154560,ip-172-31-12-170,Intel(R) Xeon(R) Platinum 8275CL CPU @ 3.00GHz
192,d8/2b282f,nf-d82b282fc093e9869d663533756c8b25-03c2d,NFCORE_ATACSEQ:ATACSEQ:MERGED_LIBRARY_BIGWIG_PLOT_DEEPTOOLS:DEEPTOOLS_COMPUTEMATRIX_REFERENCE_POINT,NFCORE_ATACSEQ:ATACSEQ:MERGED_LIBRARY_BIGWIG_PLOT_DEEPTOOLS:DEEPTOOLS_COMPUTEMATRIX_REFERENCE_POINT (GM12878_OMNI_REP2),COMPLETED,0,48,90194313216,1780912787569,1780912854000,1780912935000,147431,72000,1591.9,4991569920,9003565056,ip-172-31-1-173,Intel(R) Xeon(R) Platinum 8275CL CPU @ 3.00GHz
205,44/3cf86b,nf-443cf86bdb0436594b1e9e63102557a9-fc807,NFCORE_ATACSEQ:ATACSEQ:MERGED_LIBRARY_BAM_TO_BIGWIG:UCSC_BEDGRAPHTOBIGWIG,NFCORE_ATACSEQ:ATACSEQ:MERGED_LIBRARY_BAM_TO_BIGWIG:UCSC_BEDGRAPHTOBIGWIG (GM12878_STD_REP2),COMPLETED,0,1,6442450944,1780912927001,1780912927000,1780912940000,12999,5000,98.7,23592960,40341504,ip-172-31-12-170,Intel(R) Xeon(R) Platinum 8275CL CPU @ 3.00GHz
199,86/fc8cbd,nf-86fc8cbd40f8618adf81826c77480a72-9cc00,NFCORE_ATACSEQ:ATACSEQ:MERGED_REPLICATE_CALL_ANNOTATE_PEAKS:FRIP_SCORE,NFCORE_ATACSEQ:ATACSEQ:MERGED_REPLICATE_CALL_ANNOTATE_PEAKS:FRIP_SCORE (GM12878_FAST),COMPLETED,0,32,45097156608,1780912867395,1780912898000,1780912979000,111605,75000,118.1,25952256,44158976,ip-172-31-12-170,Intel(R) Xeon(R) Platinum 8275CL CPU @ 3.00GHz
198,7d/99931e,nf-7d99931e4f0cc2707ccc36ae19cbd0b0-faabb,NFCORE_ATACSEQ:ATACSEQ:MERGED_REPLICATE_CALL_ANNOTATE_PEAKS:HOMER_ANNOTATEPEAKS,NFCORE_ATACSEQ:ATACSEQ:MERGED_REPLICATE_CALL_ANNOTATE_PEAKS:HOMER_ANNOTATEPEAKS (GM12878_FAST),COMPLETED,0,32,45097156608,1780912867455,1780912914000,1780912997000,129545,77000,100.2,1341661184,1381130240,ip-172-31-1-173,Intel(R) Xeon(R) Platinum 8275CL CPU @ 3.00GHz
206,70/48c6d9,nf-7048c6d9918aecb82b64f77b816a4b5c-e7d62,NFCORE_ATACSEQ:ATACSEQ:MERGED_LIBRARY_BIGWIG_PLOT_DEEPTOOLS:DEEPTOOLS_PLOTHEATMAP,NFCORE_ATACSEQ:ATACSEQ:MERGED_LIBRARY_BIGWIG_PLOT_DEEPTOOLS:DEEPTOOLS_PLOTHEATMAP (GM12878_OMNI_REP2),COMPLETED,0,16,25769803776,1780912947003,1780912947000,1780913004000,56997,51000,96.7,1383288832,1663455232,ip-172-31-12-170,Intel(R) Xeon(R) Platinum 8275CL CPU @ 3.00GHz
209,69/03d6c8,nf-6903d6c867c4b2c3bacafc2f02622f22-b8bc8,NFCORE_ATACSEQ:ATACSEQ:MERGED_REPLICATE_CALL_ANNOTATE_PEAKS:MULTIQC_CUSTOM_PEAKS,NFCORE_ATACSEQ:ATACSEQ:MERGED_REPLICATE_CALL_ANNOTATE_PEAKS:MULTIQC_CUSTOM_PEAKS (GM12878_FAST),COMPLETED,0,1,6442450944,1780912987023,1780912987000,1780912992000,4977,29,56.0,2359296,4087808,ip-172-31-12-170,Intel(R) Xeon(R) Platinum 8275CL CPU @ 3.00GHz
155,97/484ebf,nf-97484ebfcf495ae28b1efc566477200e-fd87e,NFCORE_ATACSEQ:ATACSEQ:PICARD_MERGESAMFILES_REPLICATE,NFCORE_ATACSEQ:ATACSEQ:PICARD_MERGESAMFILES_REPLICATE (GM12878_OMNI),COMPLETED,0,32,45097156608,1780912231719,1780912232000,1780913021000,789281,783000,97.9,620515328,42210734080,ip-172-31-12-170,Intel(R) Xeon(R) Platinum 8275CL CPU @ 3.00GHz
201,21/c79fc7,nf-21c79fc72aca49f97eaf31c550d66d04-4a421,NFCORE_ATACSEQ:ATACSEQ:MERGED_LIBRARY_BIGWIG_PLOT_DEEPTOOLS:DEEPTOOLS_COMPUTEMATRIX_REFERENCE_POINT,NFCORE_ATACSEQ:ATACSEQ:MERGED_LIBRARY_BIGWIG_PLOT_DEEPTOOLS:DEEPTOOLS_COMPUTEMATRIX_REFERENCE_POINT (GM12878_OMNI_REP1),COMPLETED,0,48,90194313216,1780912887009,1780912937000,1780913017000,129991,73000,1614.1,4985757696,9005686784,ip-172-31-1-173,Intel(R) Xeon(R) Platinum 8275CL CPU @ 3.00GHz
179,67/390ac2,nf-67390ac2e03e9e6a4674d8d09c312c97-c4940,NFCORE_ATACSEQ:ATACSEQ:MERGED_LIBRARY_BAM_TO_BIGWIG:BEDTOOLS_GENOMECOV,NFCORE_ATACSEQ:ATACSEQ:MERGED_LIBRARY_BAM_TO_BIGWIG:BEDTOOLS_GENOMECOV (GM12878_STD_REP1),COMPLETED,0,32,45097156608,1780912267376,1780912982000,1780913028000,760624,39000,100.0,2000683008,2030309376,ip-172-31-12-170,Intel(R) Xeon(R) Platinum 8275CL CPU @ 3.00GHz
212,8e/5fa197,nf-8e5fa19755e8b1e0534852a913dfc6c2-a60f3,NFCORE_ATACSEQ:ATACSEQ:MERGED_LIBRARY_BAM_TO_BIGWIG:UCSC_BEDGRAPHTOBIGWIG,NFCORE_ATACSEQ:ATACSEQ:MERGED_LIBRARY_BAM_TO_BIGWIG:UCSC_BEDGRAPHTOBIGWIG (GM12878_STD_REP1),COMPLETED,0,1,6442450944,1780913046985,1780913047000,1780913060000,13015,8000,92.1,22020096,39788544,ip-172-31-12-170,Intel(R) Xeon(R) Platinum 8275CL CPU @ 3.00GHz
208,51/e64154,nf-51e6415494dea9f664568bc64a92d424-d3a48,NFCORE_ATACSEQ:ATACSEQ:MERGED_LIBRARY_BIGWIG_PLOT_DEEPTOOLS:DEEPTOOLS_COMPUTEMATRIX_REFERENCE_POINT,NFCORE_ATACSEQ:ATACSEQ:MERGED_LIBRARY_BIGWIG_PLOT_DEEPTOOLS:DEEPTOOLS_COMPUTEMATRIX_REFERENCE_POINT (GM12878_STD_REP2),COMPLETED,0,48,90194313216,1780912947353,1780913020000,1780913089000,141647,63000,1799.7,4960616448,8996818944,ip-172-31-1-173,Intel(R) Xeon(R) Platinum 8275CL CPU @ 3.00GHz
204,49/9699ed,nf-499699edb4bee8fec34af78047821e26-9f534,NFCORE_ATACSEQ:ATACSEQ:MERGED_LIBRARY_BIGWIG_PLOT_DEEPTOOLS:DEEPTOOLS_COMPUTEMATRIX_SCALE_REGIONS,NFCORE_ATACSEQ:ATACSEQ:MERGED_LIBRARY_BIGWIG_PLOT_DEEPTOOLS:DEEPTOOLS_COMPUTEMATRIX_SCALE_REGIONS (GM12878_FAST_REP2),COMPLETED,0,48,90194313216,1780912907079,1780913026000,1780913127000,219921,95000,1714.0,8486313984,12502638592,ip-172-31-12-170,Intel(R) Xeon(R) Platinum 8275CL CPU @ 3.00GHz
211,da/757ffe,nf-da757ffec362f7435c52d138238e91eb-73145,NFCORE_ATACSEQ:ATACSEQ:MERGED_LIBRARY_BIGWIG_PLOT_DEEPTOOLS:DEEPTOOLS_PLOTHEATMAP,NFCORE_ATACSEQ:ATACSEQ:MERGED_LIBRARY_BIGWIG_PLOT_DEEPTOOLS:DEEPTOOLS_PLOTHEATMAP (GM12878_OMNI_REP1),COMPLETED,0,16,25769803776,1780913027053,1780913092000,1780913147000,119947,49000,100.2,1141129216,1287610368,ip-172-31-1-173,Intel(R) Xeon(R) Platinum 8275CL CPU @ 3.00GHz
203,22/6da5da,nf-226da5da74caed04fcc9db9b25246b4f-41950,NFCORE_ATACSEQ:ATACSEQ:MERGED_LIBRARY_BIGWIG_PLOT_DEEPTOOLS:DEEPTOOLS_COMPUTEMATRIX_REFERENCE_POINT,NFCORE_ATACSEQ:ATACSEQ:MERGED_LIBRARY_BIGWIG_PLOT_DEEPTOOLS:DEEPTOOLS_COMPUTEMATRIX_REFERENCE_POINT (GM12878_FAST_REP2),COMPLETED,0,48,90194313216,1780912907994,1780913130000,1780913205000,297006,69000,1704.2,4972179456,8990765056,ip-172-31-12-170,Intel(R) Xeon(R) Platinum 8275CL CPU @ 3.00GHz
215,60/f70461,nf-60f704616222a9988afea5a799ada960-c953e,NFCORE_ATACSEQ:ATACSEQ:MERGED_LIBRARY_BIGWIG_PLOT_DEEPTOOLS:DEEPTOOLS_PLOTHEATMAP,NFCORE_ATACSEQ:ATACSEQ:MERGED_LIBRARY_BIGWIG_PLOT_DEEPTOOLS:DEEPTOOLS_PLOTHEATMAP (GM12878_STD_REP2),COMPLETED,0,16,25769803776,1780913107031,1780913150000,1780913198000,90969,42000,100.1,1607131136,1888374784,ip-172-31-1-173,Intel(R) Xeon(R) Platinum 8275CL CPU @ 3.00GHz
216,bb/33fc8a,nf-bb33fc8a574c627c48ce8e01b48fdeef-df443,NFCORE_ATACSEQ:ATACSEQ:MERGED_LIBRARY_BIGWIG_PLOT_DEEPTOOLS:DEEPTOOLS_PLOTPROFILE,NFCORE_ATACSEQ:ATACSEQ:MERGED_LIBRARY_BIGWIG_PLOT_DEEPTOOLS:DEEPTOOLS_PLOTPROFILE (GM12878_FAST_REP2),COMPLETED,0,16,25769803776,1780913147047,1780913200000,1780913215000,67953,9000,100.1,783360000,1175199744,ip-172-31-1-173,Intel(R) Xeon(R) Platinum 8275CL CPU @ 3.00GHz
157,5a/4b1fb8,nf-5a4b1fb88ea9b8b4fab8e34f354dfe3f-53ce2,NFCORE_ATACSEQ:ATACSEQ:MERGED_LIBRARY_CALL_ANNOTATE_PEAKS:MACS2_CALLPEAK,NFCORE_ATACSEQ:ATACSEQ:MERGED_LIBRARY_CALL_ANNOTATE_PEAKS:MACS2_CALLPEAK (GM12878_OMNI_REP1),COMPLETED,0,32,45097156608,1780912246995,1780913006000,1780913253000,1006005,242000,100.9,1104297984,13937061888,ip-172-31-1-173,Intel(R) Xeon(R) Platinum 8275CL CPU @ 3.00GHz
217,b8/2cb4f1,nf-b82cb4f19df1b04322fe4cc3148f7860-ff921,NFCORE_ATACSEQ:ATACSEQ:MERGED_LIBRARY_BIGWIG_PLOT_DEEPTOOLS:DEEPTOOLS_PLOTHEATMAP,NFCORE_ATACSEQ:ATACSEQ:MERGED_LIBRARY_BIGWIG_PLOT_DEEPTOOLS:DEEPTOOLS_PLOTHEATMAP (GM12878_FAST_REP2),COMPLETED,0,16,25769803776,1780913207023,1780913207000,1780913259000,51977,45000,96.6,1378414592,1658302464,ip-172-31-12-170,Intel(R) Xeon(R) Platinum 8275CL CPU @ 3.00GHz
185,43/48f18e,nf-4348f18e2ff5947374990ed7c1e59e66-33a6f,NFCORE_ATACSEQ:ATACSEQ:MERGED_REPLICATE_MARKDUPLICATES_PICARD:PICARD_MARKDUPLICATES,NFCORE_ATACSEQ:ATACSEQ:MERGED_REPLICATE_MARKDUPLICATES_PICARD:PICARD_MARKDUPLICATES (GM12878_STD),COMPLETED,0,32,45097156608,1780912366995,1780913092000,1780913277000,910005,179000,142.5,23858708480,48142086144,ip-172-31-1-173,Intel(R) Xeon(R) Platinum 8275CL CPU @ 3.00GHz
200,8a/62f54f,nf-8a62f54f27a35dbb48e72799868e70a0-870f8,NFCORE_ATACSEQ:ATACSEQ:MERGED_LIBRARY_BIGWIG_PLOT_DEEPTOOLS:DEEPTOOLS_COMPUTEMATRIX_SCALE_REGIONS,NFCORE_ATACSEQ:ATACSEQ:MERGED_LIBRARY_BIGWIG_PLOT_DEEPTOOLS:DEEPTOOLS_COMPUTEMATRIX_SCALE_REGIONS (GM12878_OMNI_REP1),COMPLETED,0,48,90194313216,1780912887027,1780913256000,1780913360000,472973,98000,1625.5,8443695104,12430983168,ip-172-31-1-173,Intel(R) Xeon(R) Platinum 8275CL CPU @ 3.00GHz
196,5f/cd179c,nf-5fcd179c392abd7f4d0add13932f7aad-ebe69,NFCORE_ATACSEQ:ATACSEQ:MERGED_LIBRARY_BIGWIG_PLOT_DEEPTOOLS:DEEPTOOLS_COMPUTEMATRIX_SCALE_REGIONS,NFCORE_ATACSEQ:ATACSEQ:MERGED_LIBRARY_BIGWIG_PLOT_DEEPTOOLS:DEEPTOOLS_COMPUTEMATRIX_SCALE_REGIONS (GM12878_FAST_REP1),COMPLETED,0,48,90194313216,1780912813900,1780913266000,1780913360000,546100,88000,1832.1,8240488448,12224675840,ip-172-31-12-170,Intel(R) Xeon(R) Platinum 8275CL CPU @ 3.00GHz
223,6e/fd5976,nf-6efd59763e8009f09451084e76f7fc23-e92b5,NFCORE_ATACSEQ:ATACSEQ:MERGED_REPLICATE_MARKDUPLICATES_PICARD:SAMTOOLS_INDEX,NFCORE_ATACSEQ:ATACSEQ:MERGED_REPLICATE_MARKDUPLICATES_PICARD:SAMTOOLS_INDEX (GM12878_STD),COMPLETED,0,16,25769803776,1780913286971,1780913366000,1780913374000,87029,3000,227.7,19660800,1296101376,ip-172-31-12-170,Intel(R) Xeon(R) Platinum 8275CL CPU @ 3.00GHz
225,34/0cd702,nf-340cd7021153f8fdad9c0c8e86d90287-39650,NFCORE_ATACSEQ:ATACSEQ:MERGED_LIBRARY_BIGWIG_PLOT_DEEPTOOLS:DEEPTOOLS_PLOTPROFILE,NFCORE_ATACSEQ:ATACSEQ:MERGED_LIBRARY_BIGWIG_PLOT_DEEPTOOLS:DEEPTOOLS_PLOTPROFILE (GM12878_OMNI_REP1),COMPLETED,0,16,25769803776,1780913367066,1780913377000,1780913393000,25934,9000,99.7,1032073216,1177579520,ip-172-31-12-170,Intel(R) Xeon(R) Platinum 8275CL CPU @ 3.00GHz
224,bf/025fb5,nf-bf025fb512d3d83c57be4dc583b88d4e-f91cf,NFCORE_ATACSEQ:ATACSEQ:MERGED_REPLICATE_CALL_ANNOTATE_PEAKS:MACS2_CALLPEAK,NFCORE_ATACSEQ:ATACSEQ:MERGED_REPLICATE_CALL_ANNOTATE_PEAKS:MACS2_CALLPEAK (GM12878_STD),COMPLETED,0,32,45097156608,1780913286995,1780913366000,1780913423000,136005,52000,112.1,329564160,13612634112,ip-172-31-12-170,Intel(R) Xeon(R) Platinum 8275CL CPU @ 3.00GHz
226,bf/c151cb,nf-bfc151cb2d88bbfe5a5d443ee2666db6-25f57,NFCORE_ATACSEQ:ATACSEQ:MERGED_LIBRARY_BIGWIG_PLOT_DEEPTOOLS:DEEPTOOLS_PLOTPROFILE,NFCORE_ATACSEQ:ATACSEQ:MERGED_LIBRARY_BIGWIG_PLOT_DEEPTOOLS:DEEPTOOLS_PLOTPROFILE (GM12878_FAST_REP1),COMPLETED,0,16,25769803776,1780913367091,1780913395000,1780913410000,42909,9000,99.7,1026093056,1306038272,ip-172-31-12-170,Intel(R) Xeon(R) Platinum 8275CL CPU @ 3.00GHz
195,52/afc60b,nf-52afc60b582ce195e210c426ab4cf3ad-0c8f1,NFCORE_ATACSEQ:ATACSEQ:MERGED_LIBRARY_BIGWIG_PLOT_DEEPTOOLS:DEEPTOOLS_COMPUTEMATRIX_REFERENCE_POINT,NFCORE_ATACSEQ:ATACSEQ:MERGED_LIBRARY_BIGWIG_PLOT_DEEPTOOLS:DEEPTOOLS_COMPUTEMATRIX_REFERENCE_POINT (GM12878_FAST_REP1),COMPLETED,0,48,90194313216,1780912813914,1780913363000,1780913433000,619086,64000,1696.8,4909314048,8926932992,ip-172-31-1-173,Intel(R) Xeon(R) Platinum 8275CL CPU @ 3.00GHz
221,11/9c6ed9,nf-119c6ed90f17cce1b7ddf83274df31c4-a4d43,NFCORE_ATACSEQ:ATACSEQ:MERGED_LIBRARY_CALL_ANNOTATE_PEAKS:PLOT_MACS2_QC,NFCORE_ATACSEQ:ATACSEQ:MERGED_LIBRARY_CALL_ANNOTATE_PEAKS:PLOT_MACS2_QC,COMPLETED,0,32,45097156608,1780913267533,1780913435000,1780913447000,179467,6000,804.5,299524096,14145544192,ip-172-31-1-173,Intel(R) Xeon(R) Platinum 8275CL CPU @ 3.00GHz
222,bc/cc29b0,nf-bccc29b09b905bd395b127beb252e02c-5ccec,NFCORE_ATACSEQ:ATACSEQ:MERGED_LIBRARY_CONSENSUS_PEAKS:MACS2_CONSENSUS,NFCORE_ATACSEQ:ATACSEQ:MERGED_LIBRARY_CONSENSUS_PEAKS:MACS2_CONSENSUS (consensus_peaks),COMPLETED,0,32,45097156608,1780913267557,1780913450000,1780913461000,193443,5000,402.9,164716544,13681741824,ip-172-31-1-173,Intel(R) Xeon(R) Platinum 8275CL CPU @ 3.00GHz
220,57/57b5b4,nf-5757b5b44abf59ca302cd7729c11b36d-fa4df,NFCORE_ATACSEQ:ATACSEQ:MERGED_LIBRARY_CALL_ANNOTATE_PEAKS:FRIP_SCORE,NFCORE_ATACSEQ:ATACSEQ:MERGED_LIBRARY_CALL_ANNOTATE_PEAKS:FRIP_SCORE (GM12878_OMNI_REP1),COMPLETED,0,32,45097156608,1780913266989,1780913280000,1780913481000,214011,196000,122.0,66060288,85389312,ip-172-31-1-173,Intel(R) Xeon(R) Platinum 8275CL CPU @ 3.00GHz
229,10/ff939b,nf-10ff939b970a4d6a8f3637c27cfba5fd-7db2b,NFCORE_ATACSEQ:ATACSEQ:MERGED_LIBRARY_BIGWIG_PLOT_DEEPTOOLS:DEEPTOOLS_PLOTHEATMAP,NFCORE_ATACSEQ:ATACSEQ:MERGED_LIBRARY_BIGWIG_PLOT_DEEPTOOLS:DEEPTOOLS_PLOTHEATMAP (GM12878_FAST_REP1),COMPLETED,0,16,25769803776,1780913446954,1780913447000,1780913499000,52046,46000,100.1,1135837184,1654071296,ip-172-31-12-170,Intel(R) Xeon(R) Platinum 8275CL CPU @ 3.00GHz
232,ed/86d03b,nf-ed86d03b42c3faccb99c13601e173777-95bd7,NFCORE_ATACSEQ:ATACSEQ:MERGED_LIBRARY_CALL_ANNOTATE_PEAKS:MULTIQC_CUSTOM_PEAKS,NFCORE_ATACSEQ:ATACSEQ:MERGED_LIBRARY_CALL_ANNOTATE_PEAKS:MULTIQC_CUSTOM_PEAKS (GM12878_OMNI_REP1),COMPLETED,0,1,6442450944,1780913487034,1780913487000,1780913492000,4966,47,74.3,2359296,4087808,ip-172-31-12-170,Intel(R) Xeon(R) Platinum 8275CL CPU @ 3.00GHz
218,0b/ed7901,nf-0bed790184405e1e2f84fba0cb0690a5-09dca,NFCORE_ATACSEQ:ATACSEQ:MERGED_LIBRARY_CALL_ANNOTATE_PEAKS:HOMER_ANNOTATEPEAKS,NFCORE_ATACSEQ:ATACSEQ:MERGED_LIBRARY_CALL_ANNOTATE_PEAKS:HOMER_ANNOTATEPEAKS (GM12878_OMNI_REP1),COMPLETED,0,32,45097156608,1780913267582,1780913463000,1780913549000,281418,80000,100.2,1549504512,1589469184,ip-172-31-1-173,Intel(R) Xeon(R) Platinum 8275CL CPU @ 3.00GHz
207,9b/08efb2,nf-9b08efb2c5b6042aea032370308ed695-64d76,NFCORE_ATACSEQ:ATACSEQ:MERGED_LIBRARY_BIGWIG_PLOT_DEEPTOOLS:DEEPTOOLS_COMPUTEMATRIX_SCALE_REGIONS,NFCORE_ATACSEQ:ATACSEQ:MERGED_LIBRARY_BIGWIG_PLOT_DEEPTOOLS:DEEPTOOLS_COMPUTEMATRIX_SCALE_REGIONS (GM12878_STD_REP2),COMPLETED,0,48,90194313216,1780912947603,1780913483000,1780913575000,627397,85000,1891.3,8484401152,12447260672,ip-172-31-1-173,Intel(R) Xeon(R) Platinum 8275CL CPU @ 3.00GHz
231,ba/3d1160,nf-ba3d1160fda0a9231d1bfe9133e6f5d3-7e0d1,NFCORE_ATACSEQ:ATACSEQ:MERGED_LIBRARY_CONSENSUS_PEAKS:SUBREAD_FEATURECOUNTS,NFCORE_ATACSEQ:ATACSEQ:MERGED_LIBRARY_CONSENSUS_PEAKS:SUBREAD_FEATURECOUNTS (consensus_peaks),COMPLETED,0,32,45097156608,1780913467021,1780913552000,1780913571000,103979,12000,1441.1,1027117056,4111634432,ip-172-31-1-173,Intel(R) Xeon(R) Platinum 8275CL CPU @ 3.00GHz
233,f1/304053,nf-f1304053f9377db2e6a8efe282555457-415fc,NFCORE_ATACSEQ:ATACSEQ:MERGED_LIBRARY_CALL_ANNOTATE_PEAKS:PLOT_HOMER_ANNOTATEPEAKS,NFCORE_ATACSEQ:ATACSEQ:MERGED_LIBRARY_CALL_ANNOTATE_PEAKS:PLOT_HOMER_ANNOTATEPEAKS,COMPLETED,0,32,45097156608,1780913567017,1780913577000,1780913589000,21983,5000,421.1,281370624,14125780992,ip-172-31-1-173,Intel(R) Xeon(R) Platinum 8275CL CPU @ 3.00GHz
234,dc/2b926d,nf-dc2b926d6589310bdc1ee14ac35204dd-c75b0,NFCORE_ATACSEQ:ATACSEQ:MERGED_LIBRARY_BIGWIG_PLOT_DEEPTOOLS:DEEPTOOLS_PLOTPROFILE,NFCORE_ATACSEQ:ATACSEQ:MERGED_LIBRARY_BIGWIG_PLOT_DEEPTOOLS:DEEPTOOLS_PLOTPROFILE (GM12878_STD_REP2),COMPLETED,0,16,25769803776,1780913586960,1780913587000,1780913602000,15040,9000,99.5,922316800,1169563648,ip-172-31-12-170,Intel(R) Xeon(R) Platinum 8275CL CPU @ 3.00GHz
235,31/5e912d,nf-315e912d3b0576dee777a7afe0ab2182-5e6a2,NFCORE_ATACSEQ:ATACSEQ:MERGED_LIBRARY_CONSENSUS_PEAKS:DESEQ2_QC,NFCORE_ATACSEQ:ATACSEQ:MERGED_LIBRARY_CONSENSUS_PEAKS:DESEQ2_QC (consensus_peaks),COMPLETED,0,32,45097156608,1780913587036,1780913592000,1780913623000,35964,25000,813.7,690192384,14552485888,ip-172-31-1-173,Intel(R) Xeon(R) Platinum 8275CL CPU @ 3.00GHz
219,87/1b5a33,nf-871b5a33ba0ea924afbefdd5e717091b-62e51,NFCORE_ATACSEQ:ATACSEQ:MERGED_LIBRARY_ATAQV_ATAQV,NFCORE_ATACSEQ:ATACSEQ:MERGED_LIBRARY_ATAQV_ATAQV (GM12878_OMNI_REP1),COMPLETED,0,32,45097156608,1780913267013,1780913425000,1780913634000,366987,204362,197.3,195821568,1799942144,ip-172-31-12-170,Intel(R) Xeon(R) Platinum 8275CL CPU @ 3.00GHz
230,e1/a5bcce,nf-e1a5bccecebd0efed15d6e271be39b80-5e5a1,NFCORE_ATACSEQ:ATACSEQ:MERGED_LIBRARY_CONSENSUS_PEAKS:HOMER_ANNOTATEPEAKS,NFCORE_ATACSEQ:ATACSEQ:MERGED_LIBRARY_CONSENSUS_PEAKS:HOMER_ANNOTATEPEAKS (consensus_peaks),COMPLETED,0,32,45097156608,1780913467077,1780913573000,1780913664000,196923,85000,100.1,1586937856,1635020800,ip-172-31-1-173,Intel(R) Xeon(R) Platinum 8275CL CPU @ 3.00GHz
213,ce/b3f4df,nf-ceb3f4df204de15dd3879e6852104764-fa049,NFCORE_ATACSEQ:ATACSEQ:MERGED_LIBRARY_BIGWIG_PLOT_DEEPTOOLS:DEEPTOOLS_COMPUTEMATRIX_SCALE_REGIONS,NFCORE_ATACSEQ:ATACSEQ:MERGED_LIBRARY_BIGWIG_PLOT_DEEPTOOLS:DEEPTOOLS_COMPUTEMATRIX_SCALE_REGIONS (GM12878_STD_REP1),COMPLETED,0,48,90194313216,1780913067071,1780913626000,1780913717000,649929,85000,1904.0,8491474944,12515393536,ip-172-31-1-173,Intel(R) Xeon(R) Platinum 8275CL CPU @ 3.00GHz
228,a1/c06abf,nf-a1c06abf77aa45439cbb7ffe6186d65d-c8012,NFCORE_ATACSEQ:ATACSEQ:MERGED_REPLICATE_CALL_ANNOTATE_PEAKS:FRIP_SCORE,NFCORE_ATACSEQ:ATACSEQ:MERGED_REPLICATE_CALL_ANNOTATE_PEAKS:FRIP_SCORE (GM12878_STD),COMPLETED,0,32,45097156608,1780913427068,1780913666000,1780913717000,289932,46000,119.5,33030144,51458048,ip-172-31-1-173,Intel(R) Xeon(R) Platinum 8275CL CPU @ 3.00GHz
214,87/76cf06,nf-8776cf066823c0ea1f5a4867985cedec-4fa36,NFCORE_ATACSEQ:ATACSEQ:MERGED_LIBRARY_BIGWIG_PLOT_DEEPTOOLS:DEEPTOOLS_COMPUTEMATRIX_REFERENCE_POINT,NFCORE_ATACSEQ:ATACSEQ:MERGED_LIBRARY_BIGWIG_PLOT_DEEPTOOLS:DEEPTOOLS_COMPUTEMATRIX_REFERENCE_POINT (GM12878_STD_REP1),COMPLETED,0,48,90194313216,1780913067089,1780913637000,1780913713000,645911,69000,1878.0,4943126528,9006239744,ip-172-31-12-170,Intel(R) Xeon(R) Platinum 8275CL CPU @ 3.00GHz
236,a8/ab7510,nf-a8ab7510ae1546c660b56871f6e5d3e3-38648,NFCORE_ATACSEQ:ATACSEQ:MERGED_LIBRARY_ATAQV_MKARV,NFCORE_ATACSEQ:ATACSEQ:MERGED_LIBRARY_ATAQV_MKARV,COMPLETED,0,32,45097156608,1780913647315,1780913720000,1780913727000,79685,1309,190.5,479772672,840126464,ip-172-31-1-173,Intel(R) Xeon(R) Platinum 8275CL CPU @ 3.00GHz
237,68/ad78f8,nf-68ad78f87ec13e6e0937d1970fda1313-e18fa,NFCORE_ATACSEQ:ATACSEQ:MERGED_LIBRARY_BIGWIG_PLOT_DEEPTOOLS:DEEPTOOLS_PLOTPROFILE,NFCORE_ATACSEQ:ATACSEQ:MERGED_LIBRARY_BIGWIG_PLOT_DEEPTOOLS:DEEPTOOLS_PLOTPROFILE (GM12878_STD_REP1),COMPLETED,0,16,25769803776,1780913726970,1780913727000,1780913741000,14030,8000,100.1,1023844352,1303814144,ip-172-31-1-173,Intel(R) Xeon(R) Platinum 8275CL CPU @ 3.00GHz
238,85/ad7060,nf-85ad70600b83adbc9ca839fda4537827-ae346,NFCORE_ATACSEQ:ATACSEQ:MERGED_REPLICATE_CALL_ANNOTATE_PEAKS:MULTIQC_CUSTOM_PEAKS,NFCORE_ATACSEQ:ATACSEQ:MERGED_REPLICATE_CALL_ANNOTATE_PEAKS:MULTIQC_CUSTOM_PEAKS (GM12878_STD),COMPLETED,0,1,6442450944,1780913726993,1780913727000,1780913732000,5007,17,133.3,2359296,4087808,ip-172-31-1-173,Intel(R) Xeon(R) Platinum 8275CL CPU @ 3.00GHz
239,bf/b338da,nf-bfb338dacd5ce83e0a2e8812fd6a7898-0ed83,NFCORE_ATACSEQ:ATACSEQ:MERGED_LIBRARY_BIGWIG_PLOT_DEEPTOOLS:DEEPTOOLS_PLOTHEATMAP,NFCORE_ATACSEQ:ATACSEQ:MERGED_LIBRARY_BIGWIG_PLOT_DEEPTOOLS:DEEPTOOLS_PLOTHEATMAP (GM12878_STD_REP1),COMPLETED,0,16,25769803776,1780913727073,1780913727000,1780913774000,46927,41000,100.2,1128361984,1274970112,ip-172-31-1-173,Intel(R) Xeon(R) Platinum 8275CL CPU @ 3.00GHz
227,79/251858,nf-792518587868c3fe6f81f8cea6c548f3-f23db,NFCORE_ATACSEQ:ATACSEQ:MERGED_REPLICATE_CALL_ANNOTATE_PEAKS:HOMER_ANNOTATEPEAKS,NFCORE_ATACSEQ:ATACSEQ:MERGED_REPLICATE_CALL_ANNOTATE_PEAKS:HOMER_ANNOTATEPEAKS (GM12878_STD),COMPLETED,0,32,45097156608,1780913427537,1780913715000,1780913793000,365463,72000,100.1,1399595008,1439502336,ip-172-31-12-170,Intel(R) Xeon(R) Platinum 8275CL CPU @ 3.00GHz
210,4c/69c831,nf-4c69c831ef6142dedb06475ca15ed75a-8397a,NFCORE_ATACSEQ:ATACSEQ:MERGED_REPLICATE_MARKDUPLICATES_PICARD:PICARD_MARKDUPLICATES,NFCORE_ATACSEQ:ATACSEQ:MERGED_REPLICATE_MARKDUPLICATES_PICARD:PICARD_MARKDUPLICATES (GM12878_OMNI),COMPLETED,0,32,45097156608,1780913027030,1780913030000,1780914169000,1141970,1133000,124.6,33181179904,48131571712,ip-172-31-12-170,Intel(R) Xeon(R) Platinum 8275CL CPU @ 3.00GHz
241,6a/77d5e7,nf-6a77d5e727cc94c8f41c3a001904f0b9-0fa35,NFCORE_ATACSEQ:ATACSEQ:MERGED_REPLICATE_MARKDUPLICATES_PICARD:SAMTOOLS_INDEX,NFCORE_ATACSEQ:ATACSEQ:MERGED_REPLICATE_MARKDUPLICATES_PICARD:SAMTOOLS_INDEX (GM12878_OMNI),COMPLETED,0,16,25769803776,1780914186997,1780914187000,1780914202000,15003,10000,518.2,24379392,1247711232,ip-172-31-12-170,Intel(R) Xeon(R) Platinum 8275CL CPU @ 3.00GHz
245,ff/3281bd,nf-ff3281bd2bc200046421169259982712-9b1fe,NFCORE_ATACSEQ:ATACSEQ:MERGED_REPLICATE_MARKDUPLICATES_PICARD:BAM_STATS_SAMTOOLS:SAMTOOLS_IDXSTATS,NFCORE_ATACSEQ:ATACSEQ:MERGED_REPLICATE_MARKDUPLICATES_PICARD:BAM_STATS_SAMTOOLS:SAMTOOLS_IDXSTATS (GM12878_STD),COMPLETED,0,1,6442450944,1780914207470,1780914208000,1780914213000,5530,0,85.4,2359296,5644288,ip-172-31-12-170,Intel(R) Xeon(R) Platinum 8275CL CPU @ 3.00GHz
246,27/718a77,nf-27718a771621a43e627c37d3a7f3e236-56e30,NFCORE_ATACSEQ:ATACSEQ:MERGED_REPLICATE_MARKDUPLICATES_PICARD:BAM_STATS_SAMTOOLS:SAMTOOLS_FLAGSTAT,NFCORE_ATACSEQ:ATACSEQ:MERGED_REPLICATE_MARKDUPLICATES_PICARD:BAM_STATS_SAMTOOLS:SAMTOOLS_FLAGSTAT (GM12878_STD),COMPLETED,0,1,6442450944,1780914208476,1780914209000,1780914220000,11524,6000,111.8,5505024,231661568,ip-172-31-12-170,Intel(R) Xeon(R) Platinum 8275CL CPU @ 3.00GHz
242,c4/5b7c2c,nf-c45b7c2cb81cd8cb292d46fd0ee512b8-45298,NFCORE_ATACSEQ:ATACSEQ:MERGED_REPLICATE_MARKDUPLICATES_PICARD:BAM_STATS_SAMTOOLS:SAMTOOLS_FLAGSTAT,NFCORE_ATACSEQ:ATACSEQ:MERGED_REPLICATE_MARKDUPLICATES_PICARD:BAM_STATS_SAMTOOLS:SAMTOOLS_FLAGSTAT (GM12878_FAST),COMPLETED,0,1,6442450944,1780914208493,1780914209000,1780914222000,13507,8000,126.2,5505024,231661568,ip-172-31-12-170,Intel(R) Xeon(R) Platinum 8275CL CPU @ 3.00GHz
243,ce/3b6e44,nf-ce3b6e44f9cd93173ad70d5551310982-ccfff,NFCORE_ATACSEQ:ATACSEQ:MERGED_REPLICATE_MARKDUPLICATES_PICARD:BAM_STATS_SAMTOOLS:SAMTOOLS_IDXSTATS,NFCORE_ATACSEQ:ATACSEQ:MERGED_REPLICATE_MARKDUPLICATES_PICARD:BAM_STATS_SAMTOOLS:SAMTOOLS_IDXSTATS (GM12878_FAST),COMPLETED,0,1,6442450944,1780914208508,1780914209000,1780914214000,5492,0,36.0,3145728,5644288,ip-172-31-12-170,Intel(R) Xeon(R) Platinum 8275CL CPU @ 3.00GHz
248,f3/46e392,nf-f346e392c71330f61ac042bcbdc9879c-de1b6,NFCORE_ATACSEQ:ATACSEQ:MERGED_REPLICATE_MARKDUPLICATES_PICARD:BAM_STATS_SAMTOOLS:SAMTOOLS_IDXSTATS,NFCORE_ATACSEQ:ATACSEQ:MERGED_REPLICATE_MARKDUPLICATES_PICARD:BAM_STATS_SAMTOOLS:SAMTOOLS_IDXSTATS (GM12878_OMNI),COMPLETED,0,1,6442450944,1780914208523,1780914209000,1780914214000,5477,0,83.3,2359296,5644288,ip-172-31-12-170,Intel(R) Xeon(R) Platinum 8275CL CPU @ 3.00GHz
247,7e/d1dcbc,nf-7ed1dcbcf80a4fc4cc54f04eb2d842ca-565a9,NFCORE_ATACSEQ:ATACSEQ:MERGED_REPLICATE_MARKDUPLICATES_PICARD:BAM_STATS_SAMTOOLS:SAMTOOLS_STATS,NFCORE_ATACSEQ:ATACSEQ:MERGED_REPLICATE_MARKDUPLICATES_PICARD:BAM_STATS_SAMTOOLS:SAMTOOLS_STATS (GM12878_STD),COMPLETED,0,1,6442450944,1780914212544,1780914213000,1780914238000,25456,20000,128.6,6291456,233086976,ip-172-31-12-170,Intel(R) Xeon(R) Platinum 8275CL CPU @ 3.00GHz
244,34/7862a8,nf-347862a82ad14e0eb2bc71f0b1438479-3f538,NFCORE_ATACSEQ:ATACSEQ:MERGED_REPLICATE_MARKDUPLICATES_PICARD:BAM_STATS_SAMTOOLS:SAMTOOLS_STATS,NFCORE_ATACSEQ:ATACSEQ:MERGED_REPLICATE_MARKDUPLICATES_PICARD:BAM_STATS_SAMTOOLS:SAMTOOLS_STATS (GM12878_FAST),COMPLETED,0,1,6442450944,1780914212528,1780914213000,1780914253000,40472,35000,115.9,7077888,233086976,ip-172-31-12-170,Intel(R) Xeon(R) Platinum 8275CL CPU @ 3.00GHz
249,d9/04e144,nf-d904e144065e326b3704d6a51b11d7d6-a3bc3,NFCORE_ATACSEQ:ATACSEQ:MERGED_REPLICATE_MARKDUPLICATES_PICARD:BAM_STATS_SAMTOOLS:SAMTOOLS_FLAGSTAT,NFCORE_ATACSEQ:ATACSEQ:MERGED_REPLICATE_MARKDUPLICATES_PICARD:BAM_STATS_SAMTOOLS:SAMTOOLS_FLAGSTAT (GM12878_OMNI),COMPLETED,0,1,6442450944,1780914208539,1780914209000,1780914248000,39461,34000,130.4,4718592,231661568,ip-172-31-12-170,Intel(R) Xeon(R) Platinum 8275CL CPU @ 3.00GHz
251,3d/f8c05a,nf-3df8c05a185a264ab67eb562677f692a-20e22,NFCORE_ATACSEQ:ATACSEQ:MERGED_REPLICATE_BAM_TO_BIGWIG:BEDTOOLS_GENOMECOV,NFCORE_ATACSEQ:ATACSEQ:MERGED_REPLICATE_BAM_TO_BIGWIG:BEDTOOLS_GENOMECOV (GM12878_STD),COMPLETED,0,32,45097156608,1780914227043,1780914227000,1780914302000,74957,67000,98.7,3081375744,3895996416,ip-172-31-12-170,Intel(R) Xeon(R) Platinum 8275CL CPU @ 3.00GHz
254,fb/5a98d7,nf-fb5a98d7625eb8482b0c60a7cdad2b66-adf18,NFCORE_ATACSEQ:ATACSEQ:MERGED_REPLICATE_BAM_TO_BIGWIG:UCSC_BEDGRAPHTOBIGWIG,NFCORE_ATACSEQ:ATACSEQ:MERGED_REPLICATE_BAM_TO_BIGWIG:UCSC_BEDGRAPHTOBIGWIG (GM12878_STD),COMPLETED,0,1,6442450944,1780914309388,1780914310000,1780914328000,18612,12000,95.5,26738688,44072960,ip-172-31-12-170,Intel(R) Xeon(R) Platinum 8275CL CPU @ 3.00GHz
252,e0/50f5c1,nf-e050f5c1784e0dd0492eb96618668ef0-f9fee,NFCORE_ATACSEQ:ATACSEQ:MERGED_REPLICATE_BAM_TO_BIGWIG:BEDTOOLS_GENOMECOV,NFCORE_ATACSEQ:ATACSEQ:MERGED_REPLICATE_BAM_TO_BIGWIG:BEDTOOLS_GENOMECOV (GM12878_FAST),COMPLETED,0,32,45097156608,1780914227059,1780914227000,1780914361000,133941,100000,100.2,5554139136,6946611200,ip-172-31-1-173,Intel(R) Xeon(R) Platinum 8275CL CPU @ 3.00GHz
250,73/21062c,nf-7321062c5bc4e044c6a01bce1d952b68-0a8bf,NFCORE_ATACSEQ:ATACSEQ:MERGED_REPLICATE_MARKDUPLICATES_PICARD:BAM_STATS_SAMTOOLS:SAMTOOLS_STATS,NFCORE_ATACSEQ:ATACSEQ:MERGED_REPLICATE_MARKDUPLICATES_PICARD:BAM_STATS_SAMTOOLS:SAMTOOLS_STATS (GM12878_OMNI),COMPLETED,0,1,6442450944,1780914212557,1780914213000,1780914349000,136443,130000,122.7,7077888,233086976,ip-172-31-12-170,Intel(R) Xeon(R) Platinum 8275CL CPU @ 3.00GHz
255,5a/1f2fd7,nf-5a1f2fd7ea743c65860feaa1edcffbf0-b150f,NFCORE_ATACSEQ:ATACSEQ:MERGED_REPLICATE_BAM_TO_BIGWIG:UCSC_BEDGRAPHTOBIGWIG,NFCORE_ATACSEQ:ATACSEQ:MERGED_REPLICATE_BAM_TO_BIGWIG:UCSC_BEDGRAPHTOBIGWIG (GM12878_FAST),COMPLETED,0,1,6442450944,1780914366998,1780914367000,1780914398000,31002,26000,91.9,81788928,100139008,ip-172-31-12-170,Intel(R) Xeon(R) Platinum 8275CL CPU @ 3.00GHz
240,fd/474f59,nf-fd474f596b17c36a6c7e04c9f93ecbb4-5340a,NFCORE_ATACSEQ:ATACSEQ:MERGED_REPLICATE_CALL_ANNOTATE_PEAKS:MACS2_CALLPEAK,NFCORE_ATACSEQ:ATACSEQ:MERGED_REPLICATE_CALL_ANNOTATE_PEAKS:MACS2_CALLPEAK (GM12878_OMNI),COMPLETED,0,32,45097156608,1780914187028,1780914187000,1780914636000,448972,443000,100.0,2020896768,14853074944,ip-172-31-1-173,Intel(R) Xeon(R) Platinum 8275CL CPU @ 3.00GHz
259,5b/2202c6,nf-5b2202c60adaa4106cf47a17ef234141-4638e,NFCORE_ATACSEQ:ATACSEQ:MERGED_REPLICATE_CONSENSUS_PEAKS:MACS2_CONSENSUS,NFCORE_ATACSEQ:ATACSEQ:MERGED_REPLICATE_CONSENSUS_PEAKS:MACS2_CONSENSUS (consensus_peaks),COMPLETED,0,32,45097156608,1780914647029,1780914647000,1780914658000,10971,6000,390.1,153477120,13981126656,ip-172-31-1-173,Intel(R) Xeon(R) Platinum 8275CL CPU @ 3.00GHz
258,d9/ae86dd,nf-d9ae86dd97108cd846c8bfbdce5dac7f-32ba9,NFCORE_ATACSEQ:ATACSEQ:MERGED_REPLICATE_CALL_ANNOTATE_PEAKS:PLOT_MACS2_QC,NFCORE_ATACSEQ:ATACSEQ:MERGED_REPLICATE_CALL_ANNOTATE_PEAKS:PLOT_MACS2_QC,COMPLETED,0,32,45097156608,1780914647009,1780914647000,1780914663000,15991,6000,559.5,271425536,14121398272,ip-172-31-12-170,Intel(R) Xeon(R) Platinum 8275CL CPU @ 3.00GHz
253,2f/9bb965,nf-2f9bb9651648ff9e6d66691c0e53a6be-44f55,NFCORE_ATACSEQ:ATACSEQ:MERGED_REPLICATE_BAM_TO_BIGWIG:BEDTOOLS_GENOMECOV,NFCORE_ATACSEQ:ATACSEQ:MERGED_REPLICATE_BAM_TO_BIGWIG:BEDTOOLS_GENOMECOV (GM12878_OMNI),COMPLETED,0,32,45097156608,1780914267011,1780914267000,1780914677000,409989,397000,97.1,22445817856,27829919744,ip-172-31-12-170,Intel(R) Xeon(R) Platinum 8275CL CPU @ 3.00GHz
261,01/509c72,nf-01509c721a77e91c9c6f17227e6bcc8e-a9627,NFCORE_ATACSEQ:ATACSEQ:MERGED_REPLICATE_CONSENSUS_PEAKS:SUBREAD_FEATURECOUNTS,NFCORE_ATACSEQ:ATACSEQ:MERGED_REPLICATE_CONSENSUS_PEAKS:SUBREAD_FEATURECOUNTS (consensus_peaks),COMPLETED,0,32,45097156608,1780914671225,1780914671000,1780914695000,23775,16000,1187.0,1046220800,4152393728,ip-172-31-12-170,Intel(R) Xeon(R) Platinum 8275CL CPU @ 3.00GHz
256,2b/bacf5d,nf-2bbacf5d201fa01d787adf59db013245-b5678,NFCORE_ATACSEQ:ATACSEQ:MERGED_REPLICATE_CALL_ANNOTATE_PEAKS:HOMER_ANNOTATEPEAKS,NFCORE_ATACSEQ:ATACSEQ:MERGED_REPLICATE_CALL_ANNOTATE_PEAKS:HOMER_ANNOTATEPEAKS (GM12878_OMNI),COMPLETED,0,32,45097156608,1780914647048,1780914661000,1780914746000,98952,79000,100.2,1591877632,1631535104,ip-172-31-1-173,Intel(R) Xeon(R) Platinum 8275CL CPU @ 3.00GHz
263,6a/729f4b,nf-6a729f4b7149adb3108ecb71dc6ee92b-7d975,NFCORE_ATACSEQ:ATACSEQ:MERGED_REPLICATE_CONSENSUS_PEAKS:DESEQ2_QC,NFCORE_ATACSEQ:ATACSEQ:MERGED_REPLICATE_CONSENSUS_PEAKS:DESEQ2_QC (consensus_peaks),COMPLETED,0,32,45097156608,1780914707029,1780914707000,1780914739000,31971,26000,586.8,715280384,14576308224,ip-172-31-12-170,Intel(R) Xeon(R) Platinum 8275CL CPU @ 3.00GHz
264,83/6caecc,nf-836caecc49f5cc002469138415a1a292-9b6ed,NFCORE_ATACSEQ:ATACSEQ:MERGED_REPLICATE_CALL_ANNOTATE_PEAKS:PLOT_HOMER_ANNOTATEPEAKS,NFCORE_ATACSEQ:ATACSEQ:MERGED_REPLICATE_CALL_ANNOTATE_PEAKS:PLOT_HOMER_ANNOTATEPEAKS,COMPLETED,0,32,45097156608,1780914746983,1780914747000,1780914758000,11017,5000,474.0,315965440,14161195008,ip-172-31-12-170,Intel(R) Xeon(R) Platinum 8275CL CPU @ 3.00GHz
262,c9/013ca0,nf-c9013ca00a473180e256f641f72abe30-44466,NFCORE_ATACSEQ:ATACSEQ:MERGED_REPLICATE_BAM_TO_BIGWIG:UCSC_BEDGRAPHTOBIGWIG,NFCORE_ATACSEQ:ATACSEQ:MERGED_REPLICATE_BAM_TO_BIGWIG:UCSC_BEDGRAPHTOBIGWIG (GM12878_OMNI),COMPLETED,0,1,6442450944,1780914686999,1780914687000,1780914778000,91001,86000,100.2,186363904,204668928,ip-172-31-12-170,Intel(R) Xeon(R) Platinum 8275CL CPU @ 3.00GHz
260,82/9edd4b,nf-829edd4b7b5468a32c124e43dec2e601-88fd6,NFCORE_ATACSEQ:ATACSEQ:MERGED_REPLICATE_CONSENSUS_PEAKS:HOMER_ANNOTATEPEAKS,NFCORE_ATACSEQ:ATACSEQ:MERGED_REPLICATE_CONSENSUS_PEAKS:HOMER_ANNOTATEPEAKS (consensus_peaks),COMPLETED,0,32,45097156608,1780914673458,1780914680000,1780914768000,94542,81000,97.8,1589719040,1638563840,ip-172-31-12-170,Intel(R) Xeon(R) Platinum 8275CL CPU @ 3.00GHz
265,95/be349a,nf-95be349a94bee0b1a2ac7408473077b8-219a1,NFCORE_ATACSEQ:ATACSEQ:IGV,NFCORE_ATACSEQ:ATACSEQ:IGV,COMPLETED,0,1,6442450944,1780914787079,1780914787000,1780914794000,6921,0,55.4,2359296,11579392,ip-172-31-12-170,Intel(R) Xeon(R) Platinum 8275CL CPU @ 3.00GHz
266,6a/25e6e3,nf-6a25e6e352bb8d324a9cf0e68efaad01-672b1,NFCORE_ATACSEQ:ATACSEQ:CUSTOM_DUMPSOFTWAREVERSIONS,NFCORE_ATACSEQ:ATACSEQ:CUSTOM_DUMPSOFTWAREVERSIONS (1),COMPLETED,0,1,6442450944,1780914807360,1780914817000,1780914825000,17640,663,12.0,7077888,15323136,ip-172-31-12-170,Intel(R) Xeon(R) Platinum 8275CL CPU @ 3.00GHz
257,7d/6a7ace,nf-7d6a7ace0e3eb1ee055caf02ad501153-da6e1,NFCORE_ATACSEQ:ATACSEQ:MERGED_REPLICATE_CALL_ANNOTATE_PEAKS:FRIP_SCORE,NFCORE_ATACSEQ:ATACSEQ:MERGED_REPLICATE_CALL_ANNOTATE_PEAKS:FRIP_SCORE (GM12878_OMNI),COMPLETED,0,32,45097156608,1780914646991,1780914647000,1780915007000,360009,355000,120.3,76283904,94732288,ip-172-31-1-173,Intel(R) Xeon(R) Platinum 8275CL CPU @ 3.00GHz
267,0f/f49c44,nf-0ff49c447721255e35a507ff4c55f871-36f64,NFCORE_ATACSEQ:ATACSEQ:MERGED_REPLICATE_CALL_ANNOTATE_PEAKS:MULTIQC_CUSTOM_PEAKS,NFCORE_ATACSEQ:ATACSEQ:MERGED_REPLICATE_CALL_ANNOTATE_PEAKS:MULTIQC_CUSTOM_PEAKS (GM12878_OMNI),COMPLETED,0,1,6442450944,1780915026988,1780915027000,1780915032000,5012,38,91.4,2359296,4087808,ip-172-31-12-170,Intel(R) Xeon(R) Platinum 8275CL CPU @ 3.00GHz
268,8a/d4d4c8,nf-8ad4d4c8eba52a2dfaf647256797269c-7fb5b,NFCORE_ATACSEQ:ATACSEQ:MULTIQC,NFCORE_ATACSEQ:ATACSEQ:MULTIQC (1),COMPLETED,0,32,45097156608,1780915047092,1780915054000,1780915106000,58908,47290,264.1,205565952,14023942144,ip-172-31-12-170,Intel(R) Xeon(R) Platinum 8275CL CPU @ 3.00GHz
