timestamp,energy
1772829676005,117179050057
1772829677005,117219448452
1772829678006,117259513291
1772829679006,117299568364
1772829680006,117339099208
1772829681006,117379820722
1772829682006,117421489195
1772829683006,117463781384
1772829684006,117507567954
1772829685006,117549015113
1772829686007,117590219354
1772829687006,117630119459
1772829688006,117671367644
1772829689005,117711089527
1772829690006,117750626353
1772829691007,117791146696
1772829692006,117832877424
1772829693006,117874201354
1772829694006,117914589800
1772829695006,117955769687
1772829696006,117996337210
1772829697005,118035798108
1772829698007,118077573025
1772829699006,118121585669
1772829700007,118163382803
1772829701006,118202714307
1772829702006,118245518152
1772829703007,118287718728
1772829704006,118329052972
1772829705006,118368671340
1772829706006,118408885959
1772829707006,118449726247
1772829708005,118489841562
1772829709006,118529912810
1772829710006,118571866682
1772829711006,118612648377
1772829712006,118655078688
1772829713006,118697649197
1772829714006,118740780983
1772829715005,118783843678
1772829716007,118825727665
1772829717006,118866781027
1772829718006,118908476294
1772829719005,118948116878
1772829720007,118987480791
1772829721006,119028187596
1772829722007,119072177962
1772829723006,119113333252
1772829724006,119153255269
1772829725006,119194361609
1772829726006,119235402276
1772829727006,119275838573
1772829728006,119317523525
1772829729006,119360982460
1772829730006,119403309439
1772829731006,119444680060
1772829732006,119486634665
1772829733006,119528483068
1772829734006,119571000782
1772829735006,119611493659
1772829736005,119653289939
1772829737005,119695269262
1772829738006,119735595209
1772829739006,119776499828
1772829740006,119818593410
1772829741006,119860021648
1772829742006,119902083003
1772829743005,119944590890
1772829744006,119988191852
1772829745006,120030121127
1772829746006,120070596121
1772829747006,120111263254
1772829748006,120153686546
1772829749006,120193391217
1772829750005,120233437257
1772829751006,120274636310
1772829752005,120317003633
1772829753006,120359689192
1772829754006,120399841861
1772829755005,120441000202
1772829756006,120481565284
1772829757006,120521625790
1772829758006,120564426827
1772829759006,120607873921
1772829760007,120649294896
1772829761006,120688682002
1772829762006,120730093212
1772829763005,120772296229
1772829764006,120814216410
1772829765006,120855389278
1772829766006,120898200143
1772829767006,120939430018
1772829768007,120979085495
1772829769006,121018899541
1772829770006,121057982998
1772829771006,121097369128
1772829772007,121139390260
1772829773006,121181723526
1772829774006,121225529627
1772829775006,121268761694
1772829776006,121310015434
1772829777006,121351453682
1772829778006,121392890527
1772829779006,121434345316
1772829780006,121473936706
1772829781006,121513747090
1772829782006,121556448031
1772829783007,121598982956
1772829784006,121640381226
1772829785004,121682124283
1772829786005,121722174230
1772829787006,121763107475
1772829788007,121805428655
1772829789006,121848547258
1772829790006,121892891383
1772829791006,121934973185
1772829792006,121976420710
1772829793006,122019787176
1772829794006,122061560507
1772829795007,122105090791
1772829796007,122146200854
1772829797006,122187145146
1772829798006,122227244897
1772829799006,122267267988
1772829800006,122307190615
1772829801007,122349073992
1772829802006,122391095247
1772829803006,122434636700
1772829804005,122477681756
1772829805006,122519556039
1772829806006,122561751670
1772829807006,122602166057
1772829808007,122643572628
1772829809006,122683502091
1772829810006,122724817232
1772829811006,122766538439
1772829812006,122807456241
1772829813006,122848643270
1772829814006,122888682718
1772829815006,122929504574
1772829816006,122973269294
1772829817007,123013785852
1772829818006,123055219279
1772829819006,123099081716
1772829820006,123143851560
1772829821006,123185933666
1772829822006,123228897729
1772829823006,123273238252
1772829824006,123320087314
1772829825006,123367059484
1772829826006,123412423626
1772829827006,123459384565
1772829828006,123504567799
1772829829006,123548956479
1772829830006,123593267462
1772829831006,123639426463
1772829832006,123689007085
1772829833005,123748998753
1772829834005,123827483965
1772829835004,123904784731
1772829836005,123983970564
1772829837004,124063418847
1772829838006,124143061648
1772829839005,124223449321
1772829840005,124303788043
1772829841005,124382766051
1772829842005,124464379185
1772829843005,124543454239
1772829844005,124624177848
1772829845005,124704491424
1772829846005,124784082651
1772829847005,124864632616
1772829848005,124944186916
1772829849004,125025700563
1772829850006,125104761396
1772829851006,125185772419
1772829852006,125265874020
1772829853005,125348046234
1772829854003,125429291571
1772829855004,125509970075
1772829856006,125589425743
1772829857005,125669672303
1772829858006,125751221166
1772829859003,125830691422
1772829860004,125910986688
1772829861005,125989550879
1772829862004,126070266492
1772829863005,126151152760
1772829864004,126201557782
1772829865006,126250646340
1772829866006,126310533150
1772829867006,126389696644
1772829868006,126469935147
1772829869004,126549652411
1772829870005,126630031234
1772829871003,126711776691
1772829872004,126797651288
1772829873005,126881358044
1772829874005,126963355942
1772829875006,127046586381
1772829876006,127129606188
1772829877004,127211932942
1772829878005,127294105949
1772829879006,127377116906
1772829880005,127460584222
1772829881005,127543282619
1772829882004,127626296811
1772829883005,127708972624
1772829884005,127790401127
1772829885004,127873043310
1772829886005,127960904658
1772829887004,128049344800
1772829888006,128138011382
1772829889004,128227013229
1772829890005,128313460212
1772829891005,128402497826
1772829892005,128493274999
1772829893005,128585164412
1772829894005,128676054438
1772829895006,128751884749
1772829896004,128811031876
1772829897006,128895234907
1772829898005,128976459980
1772829899006,129056910275
1772829900006,129138049532
1772829901004,129218594797
1772829902006,129286731708
1772829903007,129336125197
1772829904006,129404040428
1772829905006,129484846618
1772829906006,129565838659
1772829907006,129645782607
1772829908005,129725934136
1772829909005,129806302826
1772829910005,129886854317
1772829911006,129966911912
1772829912005,130047861839
1772829913004,130129256467
1772829914005,130209496679
1772829915006,130290640637
1772829916006,130370777883
1772829917006,130450577727
1772829918006,130531476751
1772829919006,130611695479
1772829920006,130692707479
1772829921005,130772620421
1772829922005,130853557836
1772829923005,130934938182
1772829924005,131015035145
1772829925005,131095880580
1772829926005,131176248172
1772829927005,131256621990
1772829928005,131337121905
1772829929003,131418239923
1772829930003,131507337229
1772829931010,131573597741
1772829932005,131636665633
1772829933005,131722527962
1772829934004,131809063935
1772829935003,131896923085
1772829936004,131984888314
1772829937004,132072502957
1772829938006,132160750351
1772829939006,132247224434
1772829940006,132332948641
1772829941006,132420469779
1772829942005,132508063488
1772829943004,132595973663
1772829944005,132683072683
1772829945005,132770615855
1772829946005,132862081991
1772829947004,132948221907
1772829948005,133032189649
1772829949004,133114534592
1772829950005,133196019002
1772829951006,133280114063
1772829952005,133362670919
1772829953004,133440948002
1772829954006,133490408324
1772829955006,133567185838
1772829956005,133649549335
1772829957006,133731169854
1772829958006,133812740446
1772829959006,133885272487
1772829960006,133933947167
1772829961005,134010073559
1772829962004,134092264327
1772829963006,134174697405
1772829964006,134256607352
1772829965005,134338383143
1772829966003,134421411434
1772829967005,134503306305
1772829968004,134585258305
1772829969005,134667162148
1772829970006,134748814954
1772829971006,134831471053
1772829972005,134913775591
1772829973006,134996634266
1772829974006,135078365502
1772829975005,135160097470
1772829976004,135242695647
1772829977004,135324218022
1772829978004,135406437904
1772829979005,135488124157
1772829980005,135569525926
1772829981005,135651739644
1772829982004,135734199638
1772829983005,135815387236
1772829984006,135866016745
1772829985006,135928601484
1772829986004,136011273209
1772829987006,136093125172
1772829988005,136175016564
1772829989004,136256914059
1772829990006,136341080958
1772829991004,136425219231
1772829992005,136510397969
1772829993004,136593917957
1772829994005,136675857201
1772829995005,136757711911
1772829996002,136840355193
1772829997004,136922735353
1772829998004,137004873937
1772829999005,137086631540
1772830000004,137168526716
1772830001003,137250720292
1772830002004,137333461474
1772830003004,137416334004
1772830004005,137498178521
1772830005006,137580327480
1772830006003,137662305725
1772830007003,137749976155
1772830008002,137842186979
1772830009002,137931058333
1772830010005,138019968140
1772830011005,138110060072
1772830012006,138200753260
1772830013005,138290675882
1772830014004,138377929931
1772830015006,138466379717
1772830016007,138555766206
1772830017006,138644779406
1772830018006,138734832887
1772830019005,138822050742
1772830020004,138908805647
1772830021005,138996875063
1772830022004,139087277297
1772830023003,139176512359
1772830024005,139263823293
1772830025006,139350766613
1772830026006,139438408295
1772830027005,139528105758
1772830028005,139616151675
1772830029006,139675535129
1772830030007,139732166881
1772830031007,139789451098
1772830032006,139874050246
1772830033006,139965004664
1772830034006,140054896951
1772830035006,140146352833
1772830036006,140239209224
1772830037006,140328589671
1772830038002,140417117521
1772830039004,140508814246
1772830040006,140600768723
1772830041006,140691009764
1772830042006,140783012458
1772830043004,140874065753
1772830044005,140963598177
1772830045005,141053832932
1772830046004,141164834295
1772830047004,141303902665
1772830048003,141444153221
1772830049003,141578930525
1772830050004,141713967716
1772830051005,141849131250
1772830052004,141983870956
1772830053004,142119006169
1772830054004,142253925746
1772830055004,142388669297
1772830056003,142523668463
1772830057004,142658408841
1772830058006,142793642381
1772830059004,142928466438
1772830060004,143063525907
1772830061005,143198182361
1772830062005,143333114145
1772830063004,143468021820
1772830064004,143602756887
1772830065004,143737584728
1772830066005,143872618257
1772830067005,144007603629
1772830068002,144142515881
1772830069004,144277259128
1772830070004,144412243218
1772830071004,144547183180
1772830072004,144682425022
1772830073005,144817141901
1772830074003,144951661515
1772830075004,145086803442
1772830076005,145221984065
1772830077004,145356456927
1772830078004,145491678382
1772830079005,145626464536
1772830080005,145761310993
1772830081006,145896663551
1772830082006,146031230712
1772830083004,146165988729
1772830084005,146301121683
1772830085004,146436010559
1772830086004,146570846701
1772830087003,146705603741
1772830088004,146840794496
1772830089004,146975700828
1772830090005,147110625471
1772830091004,147245294681
1772830092003,147379984705
1772830093004,147515121017
1772830094004,147650308903
1772830095003,147785192591
1772830096004,147919829759
1772830097003,148054907660
1772830098004,148189807950
1772830099004,148324867052
1772830100003,148459375863
1772830101004,148594221953
1772830102002,148729392445
1772830103004,148864295847
1772830104004,148999038849
1772830105004,149134226857
1772830106004,149268927623
1772830107003,149403771211
1772830108005,149538953971
1772830109004,149673717908
1772830110003,149808577914
1772830111004,149943634820
1772830112004,150078207900
1772830113004,150213213963
1772830114004,150348439203
1772830115004,150483024735
1772830116004,150618210363
1772830117003,150752977352
1772830118004,150888195512
1772830119004,151022951270
1772830120005,151157564695
1772830121004,151292509845
1772830122003,151427446634
1772830123004,151562531432
1772830124004,151697016500
1772830125005,151832439860
1772830126004,151967200989
1772830127005,152102294943
1772830128005,152237036114
1772830129004,152371946596
1772830130003,152506789635
1772830131003,152641600020
1772830132005,152777087405
1772830133004,152911524622
1772830134004,153046711287
1772830135002,153181277166
1772830136004,153316279750
1772830137003,153451350510
1772830138003,153586012031
1772830139005,153720842801
1772830140004,153856138842
1772830141006,153990947945
1772830142003,154125670989
1772830143002,154260543751
1772830144002,154395404917
1772830145004,154530420563
1772830146006,154665270559
1772830147005,154800329296
1772830148002,154934901095
1772830149003,155069879082
1772830150004,155204879285
1772830151005,155340070101
1772830152005,155474735955
1772830153002,155609788405
1772830154003,155744581578
1772830155005,155879614741
1772830156004,156014615127
1772830157004,156149548742
1772830158002,156284430843
1772830159004,156419281450
1772830160005,156554266822
1772830161004,156688939329
1772830162006,156824024005
1772830163003,156958889138
1772830164004,157093702819
1772830165005,157228901020
1772830166004,157363351421
1772830167005,157498372132
1772830168004,157633262046
1772830169005,157768082868
1772830170006,157903252871
1772830171005,158038015099
1772830172004,158173165876
1772830173005,158307948063
1772830174005,158443070764
1772830175006,158577832443
1772830176004,158712723577
1772830177003,158847597804
1772830178004,158982516099
1772830179004,159117433905
1772830180004,159252418606
1772830181004,159387282946
1772830182004,159521913217
1772830183005,159656908721
1772830184006,159791977772
1772830185005,159926753916
1772830186005,160062024383
1772830187005,160196701833
1772830188004,160331589183
1772830189004,160466601594
1772830190005,160601362419
1772830191005,160736132032
1772830192004,160870884189
1772830193004,161006036614
1772830194004,161140864089
1772830195006,161276229282
1772830196005,161410717585
1772830197006,161545802872
1772830198005,161680788488
1772830199003,161815383664
1772830200004,161950486650
1772830201004,162085200905
1772830202006,162220466489
1772830203005,162355266498
1772830204004,162490254861
1772830205005,162624867248
1772830206004,162759785116
1772830207005,162894761516
1772830208005,163029561464
1772830209005,163164517783
1772830210005,163299271650
1772830211005,163434417361
1772830212004,163569090600
1772830213006,163704357160
1772830214004,163839262577
1772830215004,163973986719
1772830216006,164108652146
1772830217006,164244019963
1772830218005,164378604580
1772830219005,164513562975
1772830220004,164648579597
1772830221006,164783541348
1772830222006,164918435229
1772830223004,165053271615
1772830224005,165187963897
1772830225004,165322811086
1772830226005,165458235178
1772830227004,165592856598
1772830228004,165727627982
1772830229006,165862893566
1772830230004,165997731233
1772830231004,166132637138
1772830232004,166267130446
1772830233005,166402595980
1772830234006,166537375604
1772830235005,166672301955
1772830236005,166807068944
1772830237004,166941864497
1772830238005,167076922196
1772830239005,167211757056
1772830240006,167346700619
1772830241006,167481788164
1772830242006,167616710304
1772830243004,167751221190
1772830244004,167886356952
1772830245004,168021376993
1772830246005,168156083862
1772830247005,168291150716
1772830248006,168426190776
1772830249003,168560613710
1772830250006,168695979941
1772830251006,168830815167
1772830252004,168965375675
1772830253005,169100611351
1772830254004,169235353621
1772830255005,169370128545
1772830256003,169504780727
1772830257005,169639807237
1772830258004,169774826788
1772830259004,169909942898
1772830260005,170044742784
1772830261004,170179612800
1772830262005,170314730558
1772830263003,170449495899
1772830264005,170584460153
1772830265005,170719128448
1772830266005,170854175099
1772830267004,170989215586
1772830268004,171124117402
1772830269005,171259082144
1772830270005,171393832348
1772830271005,171528685702
1772830272005,171663761101
1772830273005,171798661512
1772830274005,171933597751
1772830275006,172068471918
1772830276004,172203337844
1772830277005,172338163305
1772830278003,172473136897
1772830279005,172607995988
1772830280006,172742918616
1772830281006,172878143795
1772830282004,173012573383
1772830283005,173147567300
1772830284005,173282495360
1772830285004,173417487568
1772830286004,173552011027
1772830287005,173687296265
1772830288005,173822186056
1772830289004,173956778790
1772830290004,174091944399
1772830291004,174226864585
1772830292005,174362017072
1772830293004,174496773746
1772830294004,174631347009
1772830295004,174766605086
1772830296005,174901180791
1772830297006,175036506373
1772830298004,175171271103
1772830299005,175306223273
1772830300005,175441066433
1772830301004,175575655871
1772830302005,175710601998
1772830303006,175845859464
1772830304004,175980756824
1772830305005,176115472055
1772830306005,176250343780
1772830307005,176385392385
1772830308004,176520211254
1772830309004,176655228120
1772830310004,176790075309
1772830311006,176925177685
1772830312005,177059704929
1772830313004,177194590448
1772830314004,177329630202
1772830315005,177464707249
1772830316006,177599598383
1772830317006,177734204423
1772830318003,177869018775
1772830319005,178004257930
1772830320004,178139082903
1772830321004,178273654946
1772830322004,178408658507
1772830323005,178544029864
1772830324004,178678801003
1772830325004,178813663756
1772830326006,178948658711
1772830327004,179083207073
1772830328004,179218291871
1772830329004,179353148337
1772830330004,179488051373
1772830331005,179623013064
1772830332003,179757915001
1772830333005,179892672896
1772830334003,180027464055
1772830335005,180162600367
1772830336004,180297538437
1772830337005,180432358404
1772830338005,180567430080
1772830339003,180702225633
1772830340004,180836947517
1772830341004,180971881193
1772830342004,181106921863
1772830343005,181242034676
1772830344003,181376659636
1772830345004,181511524220
1772830346004,181646368175
1772830347005,181781364411
1772830348005,181916408621
1772830349003,182051214733
1772830350004,182186156466
1772830351005,182321045708
1772830352005,182456087720
1772830353004,182590980930
1772830354002,182725916802
1772830355004,182860752700
1772830356005,182995846348
1772830357004,183130342952
1772830358003,183265453202
1772830359002,183400398474
1772830360004,183532356083
1772830361004,183668957662
1772830362004,183803991923
1772830363004,183939046204
1772830364004,184073924826
1772830365004,184208852459
1772830366005,184343606387
1772830367005,184478652794
1772830368004,184613459334
1772830369004,184748714969
1772830370005,184883489343
1772830371004,185018032273
1772830372005,185153333684
1772830373004,185288090602
1772830374004,185423040208
1772830375006,185557789924
1772830376006,185692824857
1772830377003,185827634997
1772830378005,185962618477
1772830379006,186097533781
1772830380004,186232450184
1772830381005,186367183116
1772830382005,186502412384
1772830383005,186636960257
1772830384005,186771996654
1772830385005,186906968172
1772830386004,187041583245
1772830387005,187176707532
1772830388004,187311621921
1772830389003,187446600701
1772830390004,187581479323
1772830391005,187716280492
1772830392004,187851127620
1772830393005,187986278641
1772830394004,188120914771
1772830395005,188256014401
1772830396005,188390689105
1772830397006,188525795326
1772830398005,188660685301
1772830399006,188795665790
1772830400004,188930351908
1772830401004,189065506164
1772830402004,189200140829
1772830403005,189335209087
1772830404004,189470160340
1772830405005,189605049338
1772830406005,189739827069
1772830407005,189874722293
1772830408005,190009525842
1772830409004,190144259628
1772830410005,190279639286
1772830411004,190414416407
1772830412004,190549403793
1772830413005,190684012519
1772830414004,190818872464
1772830415006,190954243943
1772830416005,191088941047
1772830417005,191223983243
1772830418005,191358724292
1772830419004,191493462900
1772830420004,191628191498
1772830421004,191763415456
1772830422005,191898328013
1772830423004,192033298066
1772830424004,192168073356
1772830425004,192302703321
1772830426004,192437884005
1772830427004,192572833062
1772830428004,192707862318
1772830429005,192842595066
1772830430004,192977594721
1772830431006,193112704116
1772830432005,193247300390
1772830433004,193382111996
1772830434005,193516971331
1772830435006,193652239234
1772830436006,193786999265
1772830437005,193922081011
1772830438004,194056648782
1772830439004,194191613463
1772830440005,194326592183
1772830441005,194461665690
1772830442005,194596603454
1772830443005,194731293845
1772830444005,194866442974
1772830445006,195001294191
1772830446005,195136122642
1772830447004,195270733320
1772830448004,195405859500
1772830449003,195540724451
1772830450005,195675833113
1772830451005,195810646428
1772830452004,195945369045
1772830453006,196080548447
1772830454005,196215539373
1772830455004,196349866971
1772830456006,196485240038
1772830457005,196620241279
1772830458004,196754803618
1772830459004,196889753956
1772830460004,197024919320
1772830461006,197159725677
1772830462005,197294440847
1772830463005,197429500743
1772830464004,197564166414
1772830465005,197699413626
1772830466006,197834404065
1772830467004,197969112155
1772830468004,198104111321
1772830469003,198238811110
1772830470004,198373865757
1772830471005,198508689204
1772830472005,198643613968
1772830473005,198778216834
1772830474004,198913358456
1772830475005,199048279070
1772830476005,199183273231
1772830477004,199317888304
1772830478005,199452825703
1772830479005,199588017007
1772830480004,199722886718
1772830481005,199857773519
1772830482004,199992381145
1772830483005,200127438417
1772830484004,200262644125
1772830485004,200397642742
1772830486004,200532279604
1772830487004,200667097069
1772830488004,200802028792
1772830489006,200937218814
1772830490006,201071915064
1772830491004,201206898300
1772830492006,201341693121
1772830493005,201476805812
1772830494005,201611758103
1772830495004,201746349006
1772830496005,201881364530
1772830497005,202016257617
1772830498004,202150980050
1772830499004,202286027129
1772830500004,202421095997
1772830501004,202556022409
1772830502004,202690805267
1772830503005,202825874013
1772830504005,202960765392
1772830505005,203095484529
1772830506004,203230395012
1772830507004,203365054030
1772830508005,203500076389
1772830509004,203635138665
1772830510005,203769947280
1772830511004,203905038731
1772830512005,204039694453
1772830513005,204174631608
1772830514005,204309748389
1772830515006,204444798702
1772830516004,204579471941
1772830517004,204714231850
1772830518005,204849182921
1772830519006,204984458575
1772830520004,205119126566
1772830521006,205254215697
1772830522004,205388978902
1772830523004,205523807781
1772830524004,205658646852
1772830525003,205793578086
1772830526005,205928481000
1772830527004,206063496829
1772830528004,206198625023
1772830529006,206333609846
1772830530003,206467899663
1772830531003,206603018519
1772830532005,206737939377
1772830533005,206872935796
1772830534004,207007571194
1772830535002,207142414416
1772830536004,207277496467
1772830537004,207412248442
1772830538005,207547597460
1772830539002,207681913889
1772830540002,207817101714
1772830541004,207952218922
1772830542005,208087017771
1772830543004,208221890839
1772830544004,208357042837
1772830545002,208491839184
1772830546004,208626625277
1772830547005,208761619133
1772830548004,208896341078
1772830549005,209031671786
1772830550003,209166246149
1772830551004,209301281875
1772830552005,209436173741
1772830553005,209571223200
1772830554004,209705947160
1772830555004,209840907569
1772830556005,209975840512
1772830557004,210110815996
1772830558004,210245492959
1772830559004,210380483641
1772830560005,210515406757
1772830561004,210650305155
1772830562005,210785294311
1772830563004,210920312459
1772830564005,211055198466
1772830565004,211189727846
1772830566004,211324954245
1772830567005,211459874005
1772830568004,211594351749
1772830569004,211729515954
1772830570004,211864515181
1772830571004,211999378911
1772830572006,212134532739
1772830573005,212269253342
1772830574005,212404074591
1772830575006,212539405177
1772830576004,212673917101
1772830577005,212809004401
1772830578005,212943926602
1772830579005,213078887072
1772830580005,213213770577
1772830581006,213348731352
1772830582005,213483532155
1772830583004,213618229258
1772830584005,213753394684
1772830585004,213888057791
1772830586004,214022732617
1772830587004,214157922579
1772830588004,214292932792
1772830589006,214427985059
1772830590005,214562501560
1772830591004,214697528619
1772830592005,214832531387
1772830593005,214967231176
1772830594004,215102019771
1772830595004,215237207170
1772830596004,215371949500
1772830597005,215506985654
1772830598004,215641964983
1772830599005,215776779458
1772830600005,215911775755
1772830601004,216046587300
1772830602005,216181645853
1772830603003,216316504516
1772830604005,216451277243
1772830605005,216586358440
1772830606004,216721067018
1772830607005,216855978477
1772830608004,216991028485
1772830609004,217125555973
1772830610005,217260922265
1772830611006,217395547347
1772830612005,217530540776
1772830613004,217665463771
1772830614005,217800266282
1772830615006,217935245123
1772830616005,218070459194
1772830617005,218205248583
1772830618004,218339972847
1772830619004,218474589324
1772830620005,218609948474
1772830621004,218744724985
1772830622005,218879497223
1772830623005,219014690541
1772830624004,219149487376
1772830625005,219284269685
1772830626004,219419395194
1772830627004,219554114758
1772830628005,219689131625
1772830629006,219823950493
1772830630006,219958795668
1772830631005,220093939426
1772830632004,220228928949
1772830633004,220363620865
1772830634005,220498693822
1772830635004,220633586909
1772830636004,220768291216
1772830637004,220903312843
1772830638004,221038127866
1772830639005,221173192340
1772830640003,221307993203
1772830641005,221442781066
1772830642005,221577880391
1772830643004,221712723795
1772830644003,221847269899
1772830645004,221981560815
1772830646003,222116471724
1772830647004,222251180852
1772830648004,222386199244
1772830649005,222521233139
1772830650004,222656317449
1772830651003,222791210903
1772830652006,222926030260
1772830653003,223060917304
1772830654003,223195874295
1772830655004,223330560596
1772830656005,223465654122
1772830657004,223600662688
1772830658005,223735658863
1772830659004,223870267466
1772830660004,224005309784
1772830661004,224139972220
1772830662004,224274955517
1772830663005,224410081087
1772830664005,224545094718
1772830665004,224679720228
1772830666005,224814634311
1772830667004,224949718804
1772830668005,225084745497
1772830669005,225219540868
1772830670005,225354067989
1772830671003,225488786333
1772830672005,225624048438
1772830673005,225759069516
1772830674006,225893956133
1772830675003,226028889687
1772830676006,226163851500
1772830677004,226298711140
1772830678005,226433392802
1772830679005,226568535034
1772830680003,226703179037
1772830681004,226838111919
1772830682004,226973396363
1772830683005,227108237754
1772830684005,227242937970
1772830685004,227377595585
1772830686005,227512722985
1772830687004,227647918867
1772830688005,227782558659
1772830689005,227917679285
1772830690004,228052464646
1772830691004,228187395819
1772830692003,228322058072
1772830693004,228456902880
1772830694004,228591972603
1772830695005,228726974699
1772830696005,228861877124
1772830697005,228996672983
1772830698005,229131565521
1772830699004,229266412099
1772830700005,229401608653
1772830701006,229536505280
1772830702005,229671408743
1772830703005,229806040906
1772830704004,229941154330
1772830705005,230076110161
1772830706005,230211035292
1772830707004,230345728306
1772830708005,230480744318
1772830709005,230615555191
1772830710004,230750537206
1772830711004,230885428096
1772830712005,231020332353
1772830713005,231155131263
1772830714003,231289800596
1772830715006,231424882343
1772830716005,231559791971
1772830717004,231694682861
1772830718005,231830011982
1772830719006,231964737772
1772830720005,232099430787
1772830721006,232234429831
1772830722004,232369474712
1772830723004,232504165652
1772830724004,232639187095
1772830725006,232774439435
1772830726004,232909025760
1772830727004,233043834924
1772830728004,233178667343
1772830729005,233313688298
1772830730005,233448428554
1772830731005,233583611436
1772830732006,233718741339
1772830733004,233853461331
1772830734005,233988337877
1772830735005,234123134346
1772830736004,234258200224
1772830737006,234393087635
1772830738006,234527916818
1772830739006,234663129058
1772830740004,234797701955
1772830741004,234932770457
1772830742004,235067256807
1772830743004,235202176384
1772830744004,235337292676
1772830745005,235470963904
1772830746004,235605714902
1772830747004,235740604022
1772830748004,235875740638
1772830749003,236010807492
1772830750003,236145694293
1772830751005,236280563455
1772830752003,236415239807
1772830753005,236550495320
1772830754004,236685265361
1772830755005,236820339172
1772830756004,236954938803
1772830757004,237090071270
1772830758005,237224880312
1772830759005,237359957359
1772830760005,237494606184
1772830761005,237629627994
1772830762005,237764567468
1772830763006,237899500106
1772830764003,238034158514
1772830765005,238169290797
1772830766005,238304137681
1772830767005,238439009650
1772830768004,238573729703
1772830769004,238708778674
1772830770004,238843709237
1772830771005,238978445647
1772830772004,239113583424
1772830773005,239248391856
1772830774005,239383248627
1772830775004,239518254507
1772830776005,239653017346
1772830777005,239787837557
1772830778004,239922893425
1772830779005,240057822645
1772830780004,240192841647
1772830781004,240327711663
1772830782005,240462776198
1772830783003,240597489232
1772830784006,240732285518
1772830785005,240867279496
1772830786006,241002342627
1772830787004,241137156246
1772830788005,241271994158
1772830789005,241406834511
1772830790004,241541605406
1772830791004,241676452351
1772830792004,241811753885
1772830793005,241946646545
1772830794004,242081334982
1772830795005,242216542216
1772830796004,242351348634
1772830797005,242486250083
1772830798004,242621081708
1772830799005,242755940860
1772830800004,242890913170
1772830801003,243025689864
1772830802005,243160484135
1772830803003,243295676660
1772830804006,243430431259
1772830805004,243565096320
1772830806003,243700321621
1772830807004,243835100695
1772830808006,243970018257
1772830809004,244105054044
1772830810004,244239798938
1772830811004,244374945626
1772830812005,244509689605
1772830813004,244644309683
1772830814005,244779674143
1772830815006,244914548554
1772830816004,245049428396
1772830817004,245184427074
1772830818005,245319154696
1772830819004,245453861992
1772830820005,245589168775
1772830821004,245723911533
1772830822004,245858823907
1772830823004,245993848830
1772830824006,246128760899
1772830825006,246263820856
1772830826006,246398399797
1772830827005,246533435645
1772830828004,246668429623
1772830829004,246803110736
1772830830005,246938104225
1772830831004,247073022276
1772830832004,247208035236
1772830833004,247342388347
1772830834004,247477653076
1772830835004,247612576010
1772830836005,247747532207
1772830837005,247882302919
1772830838004,248017293052
1772830839004,248152477826
1772830840004,248286972660
1772830841004,248422087609
1772830842004,248557140486
1772830843004,248691928471
1772830844004,248826768336
1772830845004,248961682175
1772830846004,249096554327
1772830847005,249231534145
1772830848003,249366223009
1772830849005,249501364387
1772830850005,249636200590
1772830851005,249771382556
1772830852004,249906320077
1772830853004,250041031829
1772830854004,250175806142
1772830855006,250310724315
1772830856004,250445651765
1772830857006,250580666617
1772830858005,250715556958
1772830859006,250850662202
1772830860005,250985301995
1772830861004,251120107924
1772830862004,251255165623
1772830863004,251390038080
1772830864004,251524970047
1772830865004,251659869665
1772830866005,251794833858
1772830867005,251929823502
1772830868004,252064290993
1772830869004,252199642331
1772830870004,252334252338
1772830871004,252469407692
1772830872004,252604080931
1772830873005,252738935201
1772830874005,252874008036
1772830875004,253008919922
1772830876005,253143901144
1772830877005,253278856548
1772830878005,253413799440
1772830879004,253548549827
1772830880004,253683524396
1772830881004,253818319644
1772830882002,253953098840
1772830883004,254088224776
1772830884004,254223096989
1772830885004,254357861598
1772830886004,254492647874
1772830887005,254627873297
1772830888004,254762720913
1772830889005,254897616137
1772830890004,255032602791
1772830891005,255167303679
1772830892004,255302289295
1772830893005,255437153635
1772830894005,255571999847
1772830895005,255707223744
1772830896004,255841796276
1772830897004,255976662691
1772830898004,256111708427
1772830899006,256246916638
1772830900005,256381614108
1772830901004,256516458794
1772830902006,256651536634
1772830903005,256786293858
1772830904005,256920993464
1772830905005,257056203445
1772830906006,257191272252
1772830907003,257325858333
1772830908006,257460933000
1772830909004,257595825660
1772830910005,257730561765
1772830911005,257865661212
1772830912004,258000466775
1772830913004,258135443114
1772830914004,258269999105
1772830915004,258405254862
1772830916005,258540104370
1772830917004,258674985617
1772830918004,258809819317
1772830919004,258945047731
1772830920004,259079910056
1772830921004,259214622907
1772830922004,259349742435
1772830923004,259484128199
1772830924006,259619479659
1772830925004,259754163579
1772830926005,259889237025
1772830927004,260023966111
1772830928005,260158742866
1772830929006,260294026028
1772830930004,260428640979
1772830931003,260563313547
1772830932005,260698489165
1772830933004,260833223683
1772830934004,260968388071
1772830935005,261103380767
1772830936005,261238161062
1772830937004,261372882214
1772830938004,261507735506
1772830939005,261642860771
1772830940004,261777575025
1772830941005,261912726230
1772830942004,262047861199
1772830943005,39222616
1772830944005,174220928
1772830945005,308827456
1772830946004,444015464
1772830947006,578834455
1772830948005,713741214
1772830949003,848587732
1772830950005,983737349
1772830951005,1118180487
1772830952004,1253087795
1772830953004,1388490647
1772830954006,1523360296
1772830955005,1658128323
1772830956004,1792702502
1772830957004,1927738473
1772830958004,2062537627
1772830959004,2197299550
1772830960004,2332614389
1772830961003,2467195710
1772830962004,2602434377
1772830963004,2737432689
1772830964005,2872368684
1772830965004,3007254020
1772830966005,3141889600
1772830967005,3277085299
1772830968005,3411724969
1772830969004,3546501113
1772830970004,3681695530
1772830971004,3816367976
1772830972005,3951335465
1772830973004,4086480505
1772830974004,4221013058
1772830975004,4356251787
1772830976004,4490743264
1772830977005,4626046323
1772830978005,4760777424
1772830979005,4895857949
1772830980005,5030607177
1772830981005,5165425069
1772830982004,5300311443
1772830983004,5435425050
1772830984005,5570418234
1772830985005,5705162518
1772830986004,5839935000
1772830987006,5975329185
1772830988004,6109963911
1772830989004,6245010990
1772830990005,6380005090
1772830991004,6514786972
1772830992005,6649710820
1772830993004,6784436916
1772830994004,6919233324
1772830995006,7054544806
1772830996004,7188971037
1772830997004,7324107776
1772830998003,7458944467
1772830999003,7593963591
1772831000006,7729191089
1772831001005,7863874460
1772831002005,7998819488
1772831003003,8133610891
1772831004004,8268267224
1772831005004,8403588594
1772831006005,8538458671
1772831007005,8673095533
1772831008005,8808337619
1772831009004,8942939935
1772831010004,9077942031
1772831011005,9212840306
1772831012004,9347902216
1772831013005,9482966507
1772831014004,9617613867
1772831015005,9752678646
1772831016006,9887653581
1772831017006,10022518775
1772831018006,10157460141
1772831019004,10292027668
1772831020004,10427189309
1772831021004,10561804443
1772831022005,10697132222
1772831023005,10831947184
1772831024006,10966691041
1772831025006,11101543052
1772831026006,11236498395
1772831027005,11371349002
1772831028004,11506367455
1772831029005,11641490949
1772831030005,11776380557
1772831031003,11911153101
1772831032005,12045879929
1772831033005,12180956853
1772831034005,12315823268
1772831035005,12450637498
1772831036004,12585291328
1772831037004,12720424772
1772831038004,12855339465
1772831039004,12990301400
1772831040006,13125361662
1772831041006,13260165089
1772831042005,13395360300
1772831043004,13529799958
1772831044004,13664747244
1772831045005,13799740856
1772831046004,13934844819
1772831047005,14069530754
1772831048005,14204236342
1772831049005,14339396640
1772831050004,14474285638
1772831051005,14609353591
1772831052004,14744079686
1772831053005,14879173640
1772831054006,15014074784
1772831055004,15148724036
1772831056004,15283743588
1772831057005,15418953874
1772831058004,15544041567
1772831059005,15664435973
1772831060004,15783803404
1772831061005,15903572384
1772831062004,16020849367
1772831063003,16140870239
1772831064005,16260348571
1772831065004,16380610104
1772831066004,16496387395
1772831067006,16610016316
1772831068004,16725526457
1772831069004,16840667092
1772831070004,16952188413
1772831071006,17067006540
1772831072005,17187393500
1772831073002,17302065875
1772831074002,17419308738
1772831075003,17537488856
1772831076006,17656450954
1772831077006,17772130711
1772831078004,17888692608
1772831079005,18005502917
1772831080005,18121006405
1772831081004,18236171454
1772831082005,18351357012
1772831083006,18467038356
1772831084004,18580926248
1772831085004,18695329215
1772831086005,18813371210
1772831087006,18932801934
1772831088003,19054364184
1772831089006,19177224587
1772831090004,19299527619
1772831091005,19415771035
1772831092006,19531226184
1772831093005,19648428764
1772831094005,19762038886
1772831095005,19875567038
1772831096005,19988832861
1772831097004,20100551020
1772831098005,20211801101
1772831099004,20328511984
1772831100004,20446591699
1772831101004,20563025605
1772831102005,20679788124
1772831103006,20795979415
1772831104004,20913313466
1772831105004,21031036919
1772831106004,21148005614
1772831107004,21265690249
1772831108006,21381514599
1772831109005,21494549404
1772831110005,21610498265
1772831111005,21727261760
1772831112003,21843043507
1772831113005,21959402279
1772831114005,22076225345
1772831115003,22192750498
1772831116005,22308387592
1772831117004,22424762904
1772831118004,22540833347
1772831119004,22657720804
1772831120004,22773531421
1772831121005,22889221798
1772831122004,23005995364
1772831123006,23121038283
1772831124004,23235706202
1772831125006,23352466157
1772831126004,23467965068
1772831127005,23585292709
1772831128004,23701699455
1772831129005,23818517454
1772831130004,23935241093
1772831131005,24050106888
1772831132004,24163149690
1772831133004,24279426797
1772831134005,24395889938
1772831135005,24513474415
1772831136005,24630932611
1772831137004,24747982055
1772831138004,24862175610
1772831139005,24977384849
1772831140006,25095702417
1772831141006,25212580963
1772831142003,25329295142
1772831143004,25446245160
1772831144006,25563096667
1772831145005,25680472771
1772831146005,25797694883
1772831147006,25913591253
1772831148006,26030938975
1772831149004,26147579546
1772831150005,26264053857
1772831151004,26380664032
1772831152005,26497152137
1772831153005,26613168625
1772831154004,26729012994
1772831155005,26845603089
1772831156005,26962563666
1772831157005,27079534497
1772831158005,27194648399
1772831159004,27311434355
1772831160005,27428403904
1772831161004,27543632979
1772831162006,27660677601
1772831163006,27776485410
1772831164006,27893431339
1772831165006,28011052681
1772831166006,28127646437
1772831167004,28244485066
1772831168005,28362348412
1772831169005,28481343957
1772831170004,28601795004
1772831171004,28723100785
1772831172003,28844096508
1772831173003,28964681221
1772831174004,29085867068
1772831175005,29205816102
1772831176004,29323351506
1772831177004,29439767041
1772831178006,29560672005
1772831179005,29684302486
1772831180006,29803844173
1772831181003,29922945308
1772831182005,30041897030
1772831183005,30160380736
1772831184003,30278411744
1772831185004,30401899771
1772831186004,30524372174
1772831187004,30646576268
1772831188004,30767921844
1772831189005,30887947843
1772831190005,31008433313
1772831191006,31127667688
1772831192005,31246729761
1772831193006,31369218583
1772831194006,31491291696
1772831195005,31614164428
1772831196004,31739015976
1772831197005,31862590245
1772831198005,31982516147
1772831199005,32104098599
1772831200004,32226736591
1772831201006,32349720895
1772831202005,32475451042
1772831203006,32598832928
1772831204006,32719564370
1772831205005,32840408359
1772831206004,32958923437
1772831207004,33079058811
1772831208004,33200539335
1772831209005,33324219621
1772831210006,33447245673
1772831211006,33566418098
1772831212006,33686248723
1772831213006,33807471008
1772831214004,33928413997
1772831215005,34053393719
1772831216006,34174389930
1772831217004,34295412508
1772831218004,34417646265
1772831219006,34534128755
1772831220004,34649257611
1772831221005,34767503646
1772831222005,34888313883
1772831223004,35012097380
1772831224005,35134678731
1772831225004,35258197031
1772831226005,35383880669
1772831227006,35510665806
1772831228004,35632901638
1772831229005,35756138627
1772831230004,35878687325
1772831231005,36001889707
1772831232005,36122766290
1772831233005,36246241865
1772831234004,36368399450
1772831235005,36489635712
1772831236004,36609757047
1772831237004,36728227874
1772831238005,36847945463
1772831239005,36969550316
1772831240004,37090278156
1772831241005,37211144302
1772831242004,37334159185
1772831243006,37453982486
1772831244003,37575757443
1772831245005,37696447625
1772831246005,37816463004
1772831247006,37938736860
1772831248006,38062006564
1772831249004,38183258756
1772831250004,38303669764
1772831251005,38423143152
1772831252004,38546306655
1772831253004,38666112989
1772831254005,38787064157
1772831255005,38907331793
1772831256004,39026601873
1772831257004,39149938777
1772831258004,39270391288
1772831259005,39393156782
1772831260003,39513554057
1772831261005,39633595742
1772831262005,39753545874
1772831263005,39871999550
1772831264005,39993451754
1772831265005,40115074246
1772831266006,40236561056
1772831267005,40359265210
1772831268004,40482017459
1772831269005,40602622314
1772831270006,40723611079
1772831271006,40846506089
1772831272006,40967090314
1772831273005,41086474164
1772831274005,41208019324
1772831275005,41332055200
1772831276005,41452204856
1772831277005,41570219934
1772831278003,41689935631
1772831279003,41810580952
1772831280006,41930231586
1772831281006,42050014544
1772831282005,42172623177
1772831283004,42296149778
1772831284004,42417381828
1772831285006,42540215803
1772831286006,42661282022
1772831287006,42782315892
1772831288006,42897713362
1772831289006,43014447438
1772831290004,43131186031
1772831291006,43243635267
1772831292006,43355607759
1772831293006,43469284409
1772831294005,43584488765
1772831295005,43701108766
1772831296006,43817265329
1772831297005,43933410479
1772831298004,44051185751
1772831299005,44168270412
1772831300005,44285282442
1772831301004,44401594522
1772831302005,44516983936
1772831303004,44631532593
1772831304005,44747305429
1772831305004,44864114700
1772831306006,44981564656
1772831307006,45099253991
1772831308005,45215857879
1772831309005,45332812170
1772831310005,45449690289
1772831311006,45565984730
1772831312005,45682106625
1772831313005,45798611820
1772831314004,45917213140
1772831315006,46033596142
1772831316006,46150283405
1772831317006,46266811976
1772831318006,46380925453
1772831319005,46496267932
1772831320005,46613920951
1772831321005,46730497984
1772831322004,46848356142
1772831323004,46964762948
1772831324005,47081694228
1772831325005,47198058432
1772831326005,47313948700
1772831327005,47430992590
1772831328005,47547324384
1772831329005,47660041930
1772831330003,47774872385
1772831331004,47891532060
1772831332005,48008713217
1772831333005,48124371063
1772831334004,48240686806
1772831335005,48357092025
1772831336004,48473378227
1772831337004,48590483335
1772831338004,48708108827
1772831339006,48825752752
1772831340006,48942153028
1772831341006,49058974811
1772831342005,49175049221
1772831343005,49291240452
1772831344005,49407837443
1772831345004,49523884632
1772831346005,49640905450
1772831347005,49757177430
1772831348005,49872370007
1772831349004,49987601584
1772831350005,50104888271
1772831351005,50222837920
1772831352005,50336807599
1772831353004,50452103081
1772831354005,50568359863
1772831355005,50685844548
1772831356005,50802061413
1772831357004,50918585712
1772831358004,51034451932
1772831359004,51150843296
1772831360004,51266695356
1772831361006,51382544363
1772831362006,51498778807
1772831363006,51613794443
1772831364005,51730030412
1772831365004,51847183799
1772831366004,51963016693
1772831367006,52079374427
1772831368005,52194595690
1772831369006,52311213495
1772831370006,52428079589
1772831371005,52544830023
1772831372005,52661170912
1772831373004,52777562520
1772831374005,52892750763
1772831375004,53008924904
1772831376004,53125088669
1772831377005,53241599968
1772831378006,53356207035
1772831379006,53470679520
1772831380005,53585953273
1772831381003,53702391024
1772831382005,53819011637
1772831383004,53933968068
1772831384005,54047844730
1772831385005,54164177501
1772831386005,54282029616
1772831387005,54398800191
1772831388006,54515172330
1772831389006,54632807832
1772831390006,54746271470
1772831391006,54861350643
1772831392005,54975884652
1772831393004,55090556050
1772831394004,55206203642
1772831395005,55322604711
1772831396004,55439406658
1772831397005,55557411910
1772831398004,55670014100
1772831399006,55785034863
1772831400005,55900585287
1772831401005,56017501187
1772831402005,56135221955
1772831403004,56251389992
1772831404006,56368634565
1772831405006,56486605515
1772831406006,56602127681
1772831407005,56718360598
1772831408006,56832751236
1772831409005,56947736598
1772831410005,57064300387
1772831411003,57179838543
1772831412005,57296931444
1772831413005,57413661309
1772831414005,57529696290
1772831415005,57646889960
1772831416004,57762213334
1772831417005,57878489281
1772831418005,57994343843
1772831419004,58111310646
1772831420006,58228106672
1772831421005,58345380847
1772831422005,58462392450
1772831423004,58578406252
1772831424005,58693126234
1772831425003,58809861836
1772831426005,58926810938
1772831427004,59043795075
1772831428005,59160195717
1772831429005,59278084331
1772831430005,59394302906
1772831431004,59510402035
1772831432005,59627632875
1772831433005,59745324102
1772831434004,59862339000
1772831435005,59979958145
1772831436006,60096508506
1772831437006,60213028715
1772831438005,60327198711
1772831439005,60443387683
1772831440005,60557732545
1772831441004,60673068187
1772831442004,60790029313
1772831443005,60907160483
1772831444005,61022083712
1772831445004,61139598181
1772831446004,61254956895
1772831447004,61372256766
1772831448006,61489030331
1772831449005,61604889166
1772831450005,61719483599
1772831451004,61836280175
1772831452004,61954623134
1772831453005,62070739780
1772831454004,62185608870
1772831455003,62302090994
1772831456003,62418750119
1772831457005,62536136354
1772831458005,62651094129
1772831459004,62763197907
1772831460005,62877479658
1772831461004,62992223077
1772831462006,63107962222
1772831463005,63224490122
1772831464006,63340544085
1772831465006,63458057212
1772831466006,63574217437
1772831467006,63690582374
1772831468005,63805167468
1772831469005,63921108822
1772831470004,64037740481
1772831471003,64155008370
1772831472005,64271618606
1772831473004,64388120444
1772831474004,64504440642
1772831475005,64621605930
1772831476006,64738424601
1772831477004,64855834762
1772831478005,64971535576
1772831479005,65087861633
1772831480005,65203733346
1772831481005,65320286576
1772831482006,65437247580
1772831483004,65552477815
1772831484006,65668283670
1772831485005,65783350026
1772831486005,65896928471
1772831487004,66012946362
1772831488005,66127910546
1772831489005,66244406097
1772831490006,66359002056
1772831491005,66474328604
1772831492006,66590543700
1772831493006,66706508002
1772831494005,66822532730
1772831495006,66939484029
1772831496005,67055810087
1772831497005,67169981547
1772831498006,67283588007
1772831499006,67398936345
1772831500006,67514358290
1772831501003,67632068621
1772831502003,67748084376
1772831503006,67864847933
1772831504004,67981190347
1772831505005,68097735825
1772831506004,68213471857
1772831507006,68331311643
1772831508005,68447065375
1772831509006,68562746842
1772831510006,68677845668
1772831511004,68793939243
1772831512006,68910232158
1772831513005,69025352957
1772831514004,69141194519
1772831515005,69258276433
1772831516005,69374987133
1772831517006,69491639117
1772831518005,69606156219
1772831519006,69723142614
1772831520006,69839434308
1772831521006,69955327139
1772831522006,70072172055
1772831523006,70188060125
1772831524006,70304417432
1772831525005,70420832478
1772831526005,70536499540
1772831527006,70653077123
1772831528004,70767626634
1772831529004,70881075624
1772831530005,70997494881
1772831531004,71113611710
1772831532005,71230787985
1772831533006,71347371183
1772831534004,71463351355
1772831535005,71580371563
1772831536005,71694611200
1772831537006,71810655702
1772831538006,71927460762
1772831539006,72043710709
1772831540006,72159309900
1772831541006,72274909702
1772831542006,72390626630
1772831543006,72505634941
1772831544006,72620886477
1772831545005,72737998909
1772831546005,72854087357
1772831547006,72971391745
1772831548006,73087402190
1772831549006,73204372349
1772831550006,73319718062
1772831551005,73435824760
1772831552005,73552081237
1772831553003,73668413337
1772831554004,73786727182
1772831555005,73903882094
1772831556005,74020166892
1772831557006,74137383633
1772831558004,74251897866
1772831559005,74367311267
1772831560005,74482134520
1772831561004,74599438480
1772831562004,74715788890
1772831563005,74832646623
1772831564005,74947931484
1772831565006,75062879860
1772831566004,75177067433
1772831567004,75293689693
1772831568005,75409750737
1772831569004,75525786756
1772831570006,75641061485
1772831571006,75755194127
1772831572005,75871386213
1772831573006,75986574089
1772831574005,76100697576
1772831575006,76217988108
1772831576006,76333756550
1772831577006,76450385097
1772831578006,76567468781
1772831579006,76684908788
1772831580006,76801801922
1772831581005,76916677482
1772831582005,77032235108
1772831583005,77148083994
1772831584006,77264517290
1772831585005,77381279625
1772831586004,77498828152
1772831587005,77615713351
1772831588006,77731532391
1772831589004,77848161242
1772831590005,77963841000
1772831591006,78079723577
1772831592005,78195371718
1772831593005,78310292017
1772831594005,78424456947
1772831595005,78538625661
1772831596005,78654679075
1772831597004,78771976565
1772831598005,78888087718
1772831599006,79005156755
1772831600005,79122248801
1772831601005,79238342925
1772831602005,79352663800
1772831603006,79466356685
1772831604005,79582581058
1772831605006,79698779063
1772831606006,79814629841
1772831607006,79931848169
1772831608006,80046609228
1772831609005,80163193097
1772831610005,80281118454
1772831611005,80397901114
1772831612003,80513561645
1772831613003,80627465468
1772831614002,80741091092
1772831615004,80854593182
1772831616005,80969490959
1772831617004,81084831301
1772831618006,81198199968
1772831619005,81314642358
1772831620005,81434690147
1772831621004,81553129114
1772831622005,81668891452
1772831623005,81785539224
1772831624005,81905186379
1772831625006,82022730084
1772831626006,82139653064
1772831627006,82259076098
1772831628006,82379364364
1772831629005,82495081292
1772831630005,82608943244
1772831631005,82723558734
1772831632004,82845577465
1772831633004,82966750800
1772831634004,83082126664
1772831635005,83195900787
1772831636003,83309025375
1772831637005,83427046008
1772831638005,83546954454
1772831639005,83665880663
1772831640006,83780414366
1772831641005,83894674450
1772831642004,84015310677
1772831643005,84133405345
1772831644005,84250513383
1772831645006,84368171651
1772831646006,84483346100
1772831647009,84598407878
1772831648006,84714896654
1772831649005,84830460811
1772831650005,84948817259
1772831651005,85067049927
1772831652004,85185181034
1772831653004,85304267521
1772831654005,85421802437
1772831655005,85538005875
1772831656005,85653395228
1772831657005,85769270725
1772831658005,85886329385
1772831659005,86001448292
1772831660005,86116187989
1772831661005,86228954912
1772831662005,86343933072
1772831663003,86458029521
1772831664006,86570592099
1772831665006,86684417247
1772831666006,86797524196
1772831667004,86914012484
1772831668004,87030300700
1772831669005,87147130174
1772831670003,87262619563
1772831671006,87378645633
1772831672006,87495112437
1772831673006,87609608726
1772831674006,87724829989
1772831675005,87840983683
1772831676005,87957821946
1772831677004,88071518371
1772831678005,88185367933
1772831679005,88299027921
1772831680006,88415084936
1772831681006,88531799603
1772831682005,88646650322
1772831683004,88762429200
1772831684005,88878087473
1772831685004,88993838642
1772831686005,89109875393
1772831687006,89226610690
1772831688004,89340776780
1772831689004,89456541437
1772831690005,89574449094
1772831691006,89690563787
1772831692003,89806914930
1772831693003,89922735007
1772831694004,90038182526
1772831695005,90158429472
1772831696005,90277463713
1772831697005,90397736049
1772831698006,90518455283
1772831699005,90637822593
1772831700003,90757672505
1772831701004,90877442218
1772831702006,90997346086
1772831703006,91117984999
1772831704006,91238881784
1772831705006,91359006232
1772831706005,91478643987
1772831707005,91597075386
1772831708006,91714597241
1772831709006,91832311417
1772831710005,91951785720
1772831711005,92069530658
1772831712006,92186822411
1772831713005,92301382421
1772831714006,92414731008
1772831715004,92528310429
1772831716005,92643274917
1772831717005,92760280233
1772831718005,92874955476
1772831719005,92992533483
1772831720005,93105937307
1772831721005,93222364743
1772831722003,93338639348
1772831723005,93454523756
1772831724005,93569185999
1772831725005,93686453033
1772831726005,93802501930
1772831727004,93916717397
1772831728005,94031391786
1772831729005,94149323002
1772831730005,94266127391
1772831731006,94382409381
1772831732006,94499389245
1772831733005,94615940033
1772831734006,94731987710
1772831735006,94848602279
1772831736005,94965211173
1772831737006,95082821406
1772831738005,95197239204
1772831739006,95311831806
1772831740006,95427084136
1772831741005,95542346414
1772831742006,95657410328
1772831743006,95773108030
1772831744004,95889522222
1772831745004,95973921725
1772831746003,96090828225
1772831747006,96208062361
1772831748003,96327314985
1772831749006,96448307535
1772831750005,96568524207
1772831751005,96688200536
1772831752005,96806259926
1772831753004,96923519392
1772831754005,97036687681
1772831755006,97150245191
1772831756006,97265485496
1772831757005,97380748202
1772831758005,97496351421
1772831759005,97613073413
1772831760003,97728825985
1772831761004,97846014406
1772831762006,97963386603
1772831763006,98080642650
1772831764005,98197160846
1772831765004,98314409447
1772831766004,98430393464
1772831767004,98547743444
1772831768006,98662917954
1772831769004,98778073055
1772831770004,98894932070
1772831771004,99010714061
1772831772005,99128557570
1772831773004,99246950822
1772831774004,99362158596
1772831775006,99479526825
1772831776005,99596409827
1772831777004,99713896709
1772831778004,99831533859
1772831779006,99948682790
1772831780006,100066991752
1772831781006,100184323971
1772831782006,100299052193
1772831783005,100413552083
1772831784005,100525331521
1772831785005,100642047043
1772831786004,100758790518
1772831787006,100876006283
1772831788004,100991904973
1772831789004,101108082105
1772831790004,101223411948
1772831791005,101340023039
1772831792005,101456843175
1772831793004,101572130721
1772831794006,101688538260
1772831795006,101804416870
1772831796005,101919587718
1772831797005,102035264606
1772831798005,102149160555
1772831799005,102262572008
1772831800006,102378437617
1772831801006,102494398685
1772831802005,102611309885
1772831803005,102727741044
1772831804005,102844481834
1772831805006,102962236599
1772831806005,103077762853
1772831807006,103193866011
1772831808006,103309920523
1772831809006,103426226500
1772831810006,103542890447
1772831811005,103659278821
1772831812004,103775906452
1772831813004,103891394620
1772831814006,104006658119
1772831815006,104124350140
1772831816006,104241268542
1772831817004,104355513916
1772831818005,104470430858
1772831819006,104586684222
1772831820005,104702291470
1772831821005,104818675938
1772831822006,104932541552
1772831823004,105047756955
1772831824004,105165111208
1772831825004,105282389106
1772831826006,105399956005
1772831827005,105515650228
1772831828004,105630101107
1772831829005,105745037580
1772831830005,105861006399
1772831831004,105977522092
1772831832005,106094168522
1772831833005,106210579296
1772831834005,106327727006
1772831835005,106445548299
1772831836004,106560676239
1772831837005,106677959996
1772831838006,106793961225
1772831839004,106911880174
1772831840004,107028547051
1772831841004,107145289000
1772831842005,107261962225
1772831843005,107376524370
1772831844005,107491463102
1772831845005,107609040987
1772831846004,107725157206
1772831847004,107842050522
1772831848006,107957876642
1772831849005,108075201598
1772831850004,108190856026
1772831851004,108306251971
1772831852004,108423879050
1772831853005,108541050320
1772831854005,108657872897
1772831855005,108775711035
1772831856004,108893149211
1772831857006,109010448288
1772831858005,109125690303
1772831859006,109242010439
1772831860006,109359414192
1772831861006,109476586438
1772831862004,109593449359
1772831863004,109710347558
1772831864005,109827102203
1772831865005,109943833045
1772831866005,110060159712
1772831867004,110177461109
1772831868005,110294357660
1772831869006,110412332822
1772831870006,110529174014
1772831871004,110645364818
1772831872005,110762761246
1772831873006,110878889794
1772831874006,110995061677
1772831875006,111111981360
1772831876005,111228488325
1772831877004,111346872360
1772831878005,111463024041
1772831879005,111579734191
1772831880005,111694176647
1772831881005,111807787562
1772831882004,111924999726
1772831883004,112042229406
1772831884005,112159830240
1772831885005,112276514390
1772831886004,112392846062
1772831887006,112509894224
1772831888006,112623656690
1772831889006,112737542812
1772831890005,112853981173
1772831891005,112967916123
1772831892006,113083311336
1772831893006,113200189088
1772831894006,113316654976
1772831895004,113433187271
1772831896004,113549348473
1772831897005,113666023833
1772831898004,113782488867
1772831899005,113898668196
1772831900006,114015896167
1772831901004,114132036007
1772831902005,114247402472
1772831903005,114362020586
1772831904006,114476110382
1772831905006,114593028601
1772831906005,114708680283
1772831907006,114825373648
1772831908005,114940885071
1772831909004,115057160347
1772831910005,115173663650
1772831911006,115290511068
1772831912006,115405299471
1772831913004,115519087876
1772831914006,115636072134
1772831915006,115753563533
1772831916004,115870665955
1772831917005,115987807318
1772831918006,116100773582
1772831919005,116213513588
1772831920006,116328767200
1772831921006,116446730826
1772831922004,116562084534
1772831923005,116678699470
1772831924004,116796514659
1772831925005,116916134409
1772831926004,117032907792
1772831927004,117150553914
1772831928004,117267722193
1772831929005,117384850494
1772831930005,117501531409
1772831931005,117618570355
1772831932005,117735493823
1772831933006,117851430477
1772831934004,117967301274
1772831935006,118085255196
1772831936005,118202337171
1772831937006,118318980427
1772831938004,118435163418
1772831939005,118553512786
1772831940006,118670375768
1772831941005,118787096477
1772831942005,118904062426
1772831943006,119020537225
1772831944006,119137107056
1772831945005,119254451177
1772831946005,119371593455
1772831947006,119488060198
1772831948005,119602665435
1772831949004,119720730684
1772831950005,119837150979
1772831951006,119954302047
1772831952004,120070726431
1772831953005,120186143006
1772831954004,120302891974
1772831955005,120420779734
1772831956005,120538982984
1772831957004,120656483965
1772831958004,120773112389
1772831959006,120890422087
1772831960005,121005173746
1772831961006,121121082446
1772831962006,121238588004
1772831963004,121355266722
1772831964005,121473257814
1772831965006,121590703558
1772831966005,121706981520
1772831967006,121825081315
1772831968004,121940319789
1772831969006,122054818703
1772831970004,122171380355
1772831971005,122289244128
1772831972005,122404296385
1772831973006,122520326361
1772831974006,122637427441
1772831975005,122755703872
1772831976005,122872079001
1772831977005,122987182527
1772831978004,123101103012
1772831979005,123216996697
1772831980004,123334017271
1772831981006,123450660833
1772831982005,123567312512
1772831983006,123684722123
1772831984005,123799907741
1772831985004,123914514687
1772831986006,124031438277
1772831987004,124149124499
1772831988005,124267166616
1772831989005,124384333064
1772831990006,124502076537
1772831991006,124619752872
1772831992006,124734804030
1772831993004,124849473292
1772831994005,124966327302
1772831995006,125083456579
1772831996006,125200624737
1772831997006,125318663863
1772831998006,125433587702
1772831999005,125548681035
1772832000004,125666123057
1772832001005,125782932145
1772832002004,125899992880
1772832003004,126017258083
1772832004005,126135743986
1772832005004,126255050138
1772832006006,126372234347
1772832007005,126490096533
1772832008005,126606830121
1772832009005,126723556263
1772832010005,126842443348
1772832011005,126960411247
1772832012005,127078272335
1772832013006,127196272704
1772832014006,127313139531
1772832015006,127431842047
1772832016004,127549055614
1772832017005,127665925554
1772832018004,127783296958
1772832019005,127900801296
1772832020005,128018770232
1772832021006,128136393527
1772832022005,128252389568
1772832023006,128368561756
1772832024005,128483814208
1772832025004,128601876588
1772832026005,128719881352
1772832027005,128837438302
1772832028003,128954337539
1772832029005,129072537615
1772832030004,129189816795
1772832031006,129307545192
1772832032005,129424176180
1772832033004,129541273720
1772832034006,129658872051
1772832035004,129776867782
1772832036004,129894252430
1772832037003,130011794732
1772832038005,130127436404
1772832039005,130242205641
1772832040005,130358272666
1772832041005,130474677702
1772832042005,130591504124
1772832043005,130708642985
1772832044005,130825915573
1772832045005,130943502125
1772832046004,131060038386
1772832047005,131177804198
1772832048004,131295799807
1772832049004,131414095280
1772832050005,131533044072
1772832051004,131651476203
1772832052005,131769027111
1772832053005,131883895408
1772832054005,131997645849
1772832055005,132115115763
1772832056005,132232190781
1772832057005,132348939628
1772832058005,132465195495
1772832059005,132581594977
1772832060004,132698029615
1772832061005,132814345846
1772832062006,132930784269
1772832063004,133047330479
1772832064005,133163993816
1772832065004,133281560470
1772832066005,133399117664
1772832067005,133516733757
1772832068005,133632724427
1772832069005,133749468940
1772832070005,133866927563
1772832071005,133984284440
1772832072003,134101594931
1772832073005,134218981960
1772832074005,134337666897
1772832075005,134454763399
1772832076005,134571935585
1772832077005,134689323773
1772832078005,134805632679
1772832079005,134923083612
1772832080005,135040733884
1772832081005,135157826236
1772832082004,135275049813
1772832083005,135391311539
1772832084004,135507198205
1772832085005,135623726715
1772832086005,135740050026
1772832087005,135857688519
1772832088005,135973496572
1772832089005,136090161618
1772832090005,136206593326
1772832091005,136324056160
1772832092005,136441516675
1772832093005,136559057939
1772832094004,136675089136
1772832095006,136792146820
1772832096006,136909672093
1772832097006,137027305398
1772832098005,137143554795
1772832099005,137260660635
1772832100005,137378750543
1772832101004,137496150816
1772832102005,137612811467
1772832103004,137729782664
1772832104005,137846776078
1772832105005,137964051230
1772832106005,138080963040
1772832107003,138199355681
1772832108005,138317771576
1772832109005,138436345736
1772832110005,138552944375
1772832111004,138670680585
1772832112006,138788113390
1772832113005,138904450617
1772832114006,139019780155
1772832115004,139137219003
1772832116004,139253922927
1772832117004,139370834066
1772832118005,139487494534
1772832119006,139605110444
1772832120006,139722508337
1772832121005,139839318035
1772832122005,139957157272
1772832123006,140073825003
1772832124005,140191086117
1772832125006,140308570374
1772832126005,140424225351
1772832127005,140541414993
1772832128005,140656815027
1772832129005,140773329011
1772832130005,140891098668
1772832131004,141008927651
1772832132005,141126702496
1772832133005,141244480332
1772832134005,141361521658
1772832135004,141479154963
1772832136005,141595641054
1772832137005,141713550786
1772832138005,141831259652
1772832139006,141949643504
1772832140005,142067397414
1772832141006,142185146259
1772832142005,142301598719
1772832143005,142418235750
1772832144006,142534807900
1772832145006,142651889509
1772832146006,142768933521
1772832147005,142887124137
1772832148006,143005045588
1772832149006,143122007080
1772832150003,143238375923
1772832151006,143355648694
1772832152005,143472524555
1772832153004,143589784203
1772832154005,143706346100
1772832155004,143821821512
1772832156004,143938483994
1772832157004,144056112111
1772832158005,144170932191
1772832159004,144284341446
1772832160005,144400654686
1772832161004,144518116727
1772832162005,144635315218
1772832163004,144752371498
1772832164006,144869325910
1772832165006,144986839281
1772832166005,145103340692
1772832167006,145221320310
1772832168006,145338815797
1772832169005,145457112919
1772832170004,145575336005
1772832171005,145692935924
1772832172005,145810510085
1772832173005,145926789024
1772832174004,146041050023
1772832175005,146158486673
1772832176005,146275957991
1772832177005,146393335742
1772832178005,146510989005
1772832179005,146628602596
1772832180004,146746206848
1772832181006,146863471257
1772832182004,146980526988
1772832183005,147098414381
1772832184005,147216765458
1772832185005,147333797140
1772832186005,147450621060
1772832187005,147568020784
1772832188004,147682960126
1772832189005,147800137682
1772832190005,147916999017
1772832191006,148033988585
1772832192006,148150611150
1772832193006,148267650707
1772832194004,148385862257
1772832195006,148504126237
1772832196006,148620393578
1772832197006,148737784086
1772832198005,148854451329
1772832199005,148972984533
1772832200004,149091536110
1772832201005,149209346538
1772832202005,149328449810
1772832203005,149444583424
1772832204005,149561408137
1772832205005,149677163883
1772832206006,149791683732
1772832207006,149908804098
1772832208005,150024786467
1772832209004,150142070957
1772832210005,150260515539
1772832211005,150377504803
1772832212005,150494839097
1772832213004,150612422963
1772832214006,150729906244
1772832215004,150847684690
1772832216005,150965025271
1772832217004,151082577094
1772832218005,151198245988
1772832219005,151315663290
1772832220005,151433851769
1772832221005,151551191739
1772832222004,151665301249
1772832223006,151782461411
1772832224005,151900295887
1772832225005,152017737115
1772832226006,152134964659
1772832227005,152252674135
1772832228005,152369737740
1772832229005,152487122998
1772832230006,152604365435
1772832231006,152721165856
1772832232005,152838174040
1772832233005,152953560403
1772832234005,153068283803
1772832235005,153185698602
1772832236005,153302733276
1772832237004,153420152104
1772832238004,153536189160
1772832239004,153653024982
1772832240006,153770330162
1772832241006,153887204192
1772832242006,154004715488
1772832243006,154121907815
1772832244005,154239419904
1772832245005,154356884447
1772832246005,154473125665
1772832247005,154590992917
1772832248005,154705734689
1772832249004,154821051288
1772832250005,154938904563
1772832251006,155056066312
1772832252005,155172769016
1772832253005,155290009561
1772832254004,155406287766
1772832255005,155523421805
1772832256005,155637201116
1772832257005,155754027660
1772832258005,155871361161
1772832259005,155989217243
1772832260006,156106647546
1772832261005,156224083280
1772832262004,156340479833
1772832263005,156456102462
1772832264005,156571361810
1772832265005,156688361511
1772832266006,156805623723
1772832267005,156922132702
1772832268005,157038004719
1772832269005,157154595608
1772832270006,157270795200
1772832271005,157387678812
1772832272004,157502447439
1772832273006,157616400395
1772832274005,157731619277
1772832275005,157848620503
1772832276005,157965129909
1772832277005,158081979281
1772832278005,158196999311
1772832279006,158311444453
1772832280005,158428575256
1772832281005,158546037785
1772832282005,158663300791
1772832283005,158780453994
1772832284006,158897655537
1772832285005,159014982813
1772832286006,159131702912
1772832287006,159248119057
1772832288004,159364994795
1772832289005,159482307727
1772832290005,159600694082
1772832291004,159718427179
1772832292005,159836400937
1772832293005,159951948249
1772832294005,160068037551
1772832295005,160186440202
1772832296005,160304660480
1772832297006,160421799158
1772832298006,160536561864
1772832299006,160651035204
1772832300005,160766057065
1772832301005,160881308540
1772832302004,160995762715
1772832303004,161112632350
1772832304005,161230672636
1772832305004,161348226962
1772832306005,161464993875
1772832307005,161582294905
1772832308006,161697295221
1772832309005,161813110049
1772832310005,161928930675
1772832311005,162045336383
1772832312003,162144317514
1772832313005,162261961805
1772832314006,162382833993
1772832315006,162504196842
1772832316004,162621687080
1772832317005,162739096265
1772832318002,162854956137
1772832319005,162972683008
1772832320005,163089749115
1772832321005,163207397861
1772832322006,163326165257
1772832323006,163442411908
1772832324006,163558413625
1772832325005,163676190362
1772832326006,163793106018
1772832327006,163910712040
1772832328006,164027522288
1772832329005,164146224193
1772832330006,164260905174
1772832331006,164375425938
1772832332006,164490805159
1772832333004,164606185540
1772832334005,164721992312
1772832335004,164839957159
1772832336006,164957246897
1772832337005,165074414017
1772832338005,165190318261
1772832339005,165306762665
1772832340004,165424698154
1772832341003,165543432469
1772832342005,165661308083
1772832343004,165779286541
1772832344005,165896061450
1772832345005,166014029714
1772832346006,166132836356
1772832347005,166251311700
1772832348005,166370314142
1772832349005,166489263849
1772832350004,166607042295
1772832351006,166725875854
1772832352005,166843722048
1772832353005,166960735482
1772832354005,167078561901
1772832355004,167197415662
1772832356005,167315875686
1772832357005,167433425373
1772832358006,167550120692
1772832359005,167668354154
1772832360006,167786526336
1772832361005,167904256260
1772832362003,168022620825
1772832363005,168140453592
1772832364005,168258851665
1772832365005,168377453229
1772832366005,168494786974
1772832367006,168613523609
1772832368004,168729151975
1772832369005,168845046149
1772832370005,168964024299
1772832371005,169081141247
1772832372004,169196406943
1772832373005,169311413729
1772832374005,169427452067
1772832375006,169545548933
1772832376005,169660475152
1772832377005,169775083685
1772832378004,169891482129
1772832379004,170009113359
1772832380006,170126999654
1772832381006,170245227257
1772832382005,170361589691
1772832383006,170478255469
1772832384004,170594153121
1772832385005,170709795952
1772832386005,170827360288
1772832387005,170942938422
1772832388005,171060135327
1772832389006,171177368791
1772832390005,171293682947
1772832391005,171411691800
1772832392004,171528477939
1772832393004,171646089698
1772832394004,171764102091
1772832395005,171881358566
1772832396006,171996641657
1772832397006,172111046211
1772832398006,172225943744
1772832399006,172341363980
1772832400006,172456428810
1772832401006,172568046078
1772832402002,172681413830
1772832403004,172798717790
1772832404004,172915705283
1772832405005,173033578151
1772832406004,173149509433
1772832407005,173266016948
1772832408005,173383669601
1772832409006,173500547475
1772832410004,173618355645
1772832411004,173735625975
1772832412004,173852438420
1772832413005,173968499280
1772832414005,174083628014
1772832415005,174200887723
1772832416003,174317754123
1772832417006,174435742896
1772832418005,174553195537
1772832419004,174671424238
1772832420004,174787423697
1772832421006,174904722164
1772832422005,175020470952
1772832423005,175137269176
1772832424006,175254926773
1772832425006,175371603293
1772832426005,175488379361
1772832427006,175605051853
1772832428006,175720897138
1772832429006,175837434071
1772832430005,175953741634
1772832431005,176071356140
1772832432003,176185872205
1772832433004,176302614276
1772832434005,176419802514
1772832435005,176536007844
1772832436006,176652820960
1772832437006,176769739973
1772832438006,176885969839
1772832439006,177003769220
1772832440004,177121286497
1772832441004,177238207951
1772832442005,177355907234
1772832443004,177470246663
1772832444006,177584361178
1772832445005,177703061436
1772832446006,177820077616
1772832447005,177937885054
1772832448006,178055270617
1772832449004,178173397695
1772832450003,178290793452
1772832451005,178408320434
1772832452005,178526648561
1772832453006,178643913947
1772832454005,178760876782
1772832455005,178878650773
1772832456004,178994956627
1772832457006,179112832546
1772832458006,179229428378
1772832459006,179346808021
1772832460006,179465035197
1772832461006,179583231366
1772832462003,179700233447
1772832463005,179817152032
1772832464006,179935048215
1772832465006,180052449892
1772832466006,180169986212
1772832467006,180287658579
1772832468005,180403998613
1772832469005,180520037379
1772832470004,180637575347
1772832471004,180755073337
1772832472005,180872737343
1772832473006,180990144696
1772832474005,181106907641
1772832475005,181225174551
1772832476006,181342359004
1772832477006,181460341124
1772832478006,181577033940
1772832479005,181694972970
1772832480005,181812591199
1772832481006,181929323200
1772832482005,182046839989
1772832483005,182164560207
1772832484005,182281830903
1772832485004,182399471776
1772832486005,182516066265
1772832487004,182634177291
1772832488005,182749779107
1772832489004,182865847719
1772832490005,182982964057
1772832491005,183099580092
1772832492003,183216415730
1772832493004,183334010094
1772832494005,183451076079
1772832495006,183569212861
1772832496004,183686891637
1772832497005,183804429789
1772832498005,183923207011
1772832499003,184040549545
1772832500006,184158612720
1772832501004,184275618280
1772832502005,184392709533
1772832503006,184508887885
1772832504004,184624410905
1772832505005,184741828451
1772832506006,184859848595
1772832507006,184978212611
1772832508006,185096601041
1772832509005,185212152808
1772832510004,185328704512
1772832511004,185446103137
1772832512005,185558669805
1772832513005,185673193132
1772832514005,185790785604
1772832515004,185907890895
1772832516006,186022509559
1772832517005,186139068770
1772832518005,186255099418
1772832519006,186369711674
1772832520005,186488119757
1772832521005,186605941049
1772832522005,186723761304
1772832523006,186840854999
1772832524006,186959349263
1772832525006,187076466456
1772832526005,187192814547
1772832527005,187310124488
1772832528004,187427002851
1772832529005,187544636949
1772832530006,187663755053
1772832531004,187781271720
1772832532006,187898538448
1772832533005,188013173958
1772832534006,188128727861
1772832535005,188246529989
1772832536004,188363220669
1772832537005,188481373504
1772832538004,188597838782
1772832539006,188715465251
1772832540006,188833654340
1772832541006,188949265190
1772832542004,189065758177
1772832543004,189181608711
1772832544006,189297388261
1772832545005,189413035181
1772832546005,189529109652
1772832547005,189645543497
1772832548005,189760591054
1772832549004,189876978208
1772832550004,189993106084
1772832551005,190109467298
1772832552003,190226181232
1772832553005,190343142481
1772832554005,190459702241
1772832555006,190575677713
1772832556006,190691926011
1772832557006,190809359549
1772832558006,190925935178
1772832559005,191043401430
1772832560004,191159473215
1772832561005,191275609759
1772832562005,191392880699
1772832563005,191509261993
1772832564006,191624919351
1772832565006,191741832992
1772832566005,191857349298
1772832567006,191974817259
1772832568006,192091671513
1772832569005,192208733469
1772832570005,192325924148
1772832571004,192440010220
1772832572004,192556599155
1772832573006,192674156716
1772832574005,192789556628
1772832575005,192908064198
1772832576006,193025576226
1772832577006,193143664425
1772832578006,193260471316
1772832579006,193377393441
1772832580006,193494432143
1772832581006,193610603720
1772832582005,193727786343
1772832583006,193844565951
1772832584006,193960717082
1772832585006,194079212628
1772832586004,194195935596
1772832587004,194314577931
1772832588004,194427210333
1772832589005,194541422871
1772832590005,194658278345
1772832591005,194775086762
1772832592004,194892646215
1772832593004,195005783193
1772832594005,195120557374
1772832595005,195238859196
1772832596005,195357010993
1772832597005,195475701424
1772832598006,195590284138
1772832599006,195708739523
1772832600005,195826847192
1772832601004,195944916958
1772832602004,196063864347
1772832603005,196182831449
1772832604006,196301265839
1772832605006,196420833343
1772832606005,196538742526
1772832607004,196656871801
1772832608005,196771909653
1772832609005,196886863583
1772832610005,197005441221
1772832611006,197123700623
1772832612006,197242164858
1772832613005,197359353218
1772832614005,197476828259
1772832615006,197595616834
1772832616006,197714571486
1772832617005,197833250625
1772832618004,197952760817
1772832619005,198071807449
1772832620005,198190253617
1772832621004,198308926898
1772832622004,198424898525
1772832623005,198541828462
1772832624004,198658417153
1772832625005,198775991315
1772832626005,198893337511
1772832627005,199011968555
1772832628005,199129818107
1772832629006,199248146417
1772832630005,199365657042
1772832631003,199483827699
1772832632005,199602911134
1772832633005,199721096866
1772832634005,199839400702
1772832635005,199955092239
1772832636005,200070791101
1772832637005,200189491908
1772832638005,200304796788
1772832639005,200421181683
1772832640005,200539650435
1772832641004,200657794664
1772832642005,200773900141
1772832643004,200891249633
1772832644006,201009266970
1772832645004,201128137088
1772832646004,201245278084
1772832647005,201363939646
1772832648005,201481359816
1772832649006,201600230423
1772832650005,201717699787
1772832651005,201833784390
1772832652005,201948259439
1772832653005,202062324271
1772832654004,202176429204
1772832655005,202295446966
1772832656005,202413415169
1772832657003,202531429150
1772832658005,202649274551
1772832659005,202768000138
1772832660004,202886557574
1772832661005,203004552999
1772832662004,203122309900
1772832663004,203241017604
1772832664003,203359597684
1772832665004,203479030972
1772832666004,203596457368
1772832667004,203714830783
1772832668004,203830530804
1772832669004,203946968006
1772832670005,204063876398
1772832671005,204182119992
1772832672004,204300117554
1772832673005,204416213509
1772832674006,204529361474
1772832675004,204648102930
1772832676004,204764819489
1772832677006,204884443206
1772832678004,205001349096
1772832679005,205119321084
1772832680003,205235859848
1772832681004,205352940664
1772832682005,205470764032
1772832683004,205586185062
1772832684005,205694347078
1772832685005,205743574125
1772832686006,205794498189
1772832687004,205857960367
1772832688004,205920798036
1772832689006,205969702574
1772832690006,206019020319
1772832691005,206086525212
1772832692006,206171492707
1772832693006,206241899021
1772832694006,206301674686
1772832695006,206354872609
1772832696006,206398255493
1772832697006,206450495105
1772832698010,206520074212
1772832699006,206571453353
1772832700007,206620068829
1772832701005,206661732358
1772832702006,206704761239
1772832703006,206747437705
1772832704006,206788530678
1772832705005,206828372007
1772832706006,206868728471
1772832707006,206908999425
1772832708006,206948189449
1772832709006,206987843217
1772832710006,207028461705
1772832711005,207068900322
1772832712006,207111215399
1772832713006,207153785541
1772832714006,207197773100
1772832715006,207241454262
1772832716006,207281478269
1772832717006,207322049698
1772832718006,207362468662
1772832719005,207402374444
1772832720006,207442382093
1772832721005,207484289212
1772832722006,207526722941
1772832723006,207567324705
1772832724006,207607086139
1772832725006,207646862709
1772832726006,207687339595
1772832727006,207726756853
1772832728006,207767865085
1772832729005,207810914169
1772832730007,207852680542
1772832731007,207899173465
1772832732006,207941199724
1772832733006,207983348542
1772832734006,208024252429
1772832735006,208063876046
1772832736006,208103382048
1772832737006,208142107474
1772832738006,208182641428
1772832739006,208222419341
1772832740006,208261683462
1772832741006,208302883857
1772832742006,208345311910
1772832743006,208387484837
1772832744007,208430534531
1772832745006,208475223015
1772832746006,208515653881
1772832747006,208554915072
1772832748007,208596152149
1772832749006,208635044078
1772832750005,208675193695
1772832751006,208715379383
1772832752006,208757665347
1772832753006,208799494768
1772832754006,208839083168
1772832755006,208878619322
1772832756007,208918272113
1772832757006,208957742654
1772832758006,208999431940
1772832759006,209042646734
1772832760006,209084573140
1772832761006,209124287821
1772832762006,209166010187
1772832763006,209207199169
1772832764006,209247721648
1772832765007,209286873525
1772832766006,209327087473
1772832767006,209366055696
1772832768006,209405813712
1772832769006,209445729320
1772832770006,209484184422
1772832771006,209525119620
1772832772006,209566465827
1772832773005,209608595358
1772832774006,209649672096
1772832775006,209690378047
1772832776006,209729619462
1772832777006,209770113011
1772832778006,209810590935
1772832779006,209850468335
1772832780006,209889261144
1772832781006,209929478692
1772832782006,209978539418
1772832783006,210020394841
1772832784005,210060419153
1772832785006,210101266643
1772832786006,210141426758
1772832787006,210181526387
1772832788006,210224301973
1772832789006,210268377483
1772832790006,210313912644
1772832791006,210354682498
1772832792007,210396726824
1772832793006,210444501238
1772832794006,210484882177
1772832795006,210524927363
1772832796006,210564708938
1772832797007,210603691016
1772832798006,210643580807
1772832799007,210683312211
1772832800006,210722419594
1772832801006,210763324946
1772832802006,210805274118
1772832803006,210847267846
1772832804006,210890475255
1772832805006,210934591903
1772832806007,210974218022
1772832807006,211012958279
1772832808006,211053170395
1772832809006,211093108220
1772832810006,211133428796
1772832811005,211172772994
1772832812006,211216252925
1772832813006,211258798592
1772832814006,211300430627
1772832815006,211341473368
1772832816006,211382356747
1772832817006,211421342060
1772832818006,211462443334
1772832819006,211504209585
1772832820005,211551536246
1772832821003,211600326954
1772832822006,211659939289
1772832823004,211742326407
1772832824005,211823851650
1772832825005,211905383180
1772832826005,211986961096
1772832827005,212068450694
1772832828006,212150115097
1772832829005,212229044582
1772832830007,212297362034
1772832831005,212374723897
1772832832005,212459225817
1772832833005,212541729024
1772832834006,212622903132
1772832835006,212676920328
1772832836006,212743758353
1772832837005,212824188078
1772832838004,212904825567
1772832839004,212985438703
1772832840004,213065006371
1772832841004,213150138477
1772832842004,213233909869
1772832843005,213315749381
1772832844006,213396507109
1772832845006,213477164434
1772832846006,213560979832
1772832847005,213642927193
1772832848006,213709146811
1772832849005,213758486895
1772832850006,213815356256
1772832851004,213896917571
1772832852004,213982702752
1772832853006,214037452489
1772832854006,214086075046
1772832855006,214135733061
1772832856006,214185206811
1772832857006,214261414257
1772832858006,214341707143
1772832859005,214422021024
1772832860004,214504394043
1772832861003,214586127965
1772832862004,214667340831
1772832863004,214749276290
1772832864005,214834735177
1772832865005,214917318950
1772832866006,214998588335
1772832867006,215078428645
1772832868005,215158705784
1772832869005,215238857068
1772832870006,215322715190
1772832871005,215407713874
1772832872006,215460711114
1772832873005,215514367593
1772832874004,215594672258
1772832875004,215677173450
1772832876005,215762862196
1772832877005,215843455740
1772832878005,215923996427
1772832879004,216004579045
1772832880004,216085308819
1772832881004,216171224676
1772832882005,216237950152
1772832883006,216295034906
1772832884006,216375647370
1772832885006,216456085214
1772832886003,216538027753
1772832887005,216622931344
1772832888006,216705621501
1772832889005,216786096027
1772832890005,216867404901
1772832891004,216938996575
1772832892005,217013828781
1772832893004,217096278643
1772832894006,217178400381
1772832895006,217242051524
1772832896005,217303131385
1772832897005,217384635937
1772832898005,217466137987
1772832899006,217547436912
1772832900004,217628675840
1772832901003,217710172213
1772832902004,217792938542
1772832903005,217875468116
1772832904004,217958427254
1772832905005,218042254432
1772832906005,218124042858
1772832907005,218208732643
1772832908004,218290110060
1772832909005,218371549121
1772832910006,218433921032
1772832911007,218484418095
1772832912006,218534802304
1772832913006,218584595756
1772832914005,218633758838
1772832915007,218682845932
1772832916005,218733281044
1772832917006,218784906095
1772832918005,218835069480
1772832919006,218884498919
1772832920005,218933853712
1772832921006,218982884348
1772832922006,219039238513
1772832923006,219124548841
1772832924006,219188221225
1772832925006,219238234036
1772832926006,219318833867
1772832927005,219400925270
1772832928005,219482574963
1772832929005,219563769336
1772832930005,219645213829
1772832931004,219725555482
1772832932004,219810915615
1772832933005,219894129330
1772832934006,219944236501
1772832935006,220009152168
1772832936006,220057971135
1772832937005,220119948454
1772832938006,220201294315
1772832939006,220282471231
1772832940005,220363188188
1772832941004,220444122307
1772832942004,220516929737
1772832943006,220591886150
1772832944005,220641662389
1772832945005,220722005384
1772832946006,220804552902
1772832947005,220888226455
1772832948005,220970667101
1772832949006,221051658044
1772832950006,221135596550
1772832951006,221216938688
1772832952006,221300073118
1772832953006,221381821383
1772832954005,221467102659
1772832955006,221549504181
1772832956005,221630281440
1772832957004,221711689618
1772832958005,221792664936
1772832959006,221872975399
1772832960006,221951543130
1772832961007,222004647242
1772832962006,222057947521
1772832963005,222133037478
1772832964006,222216811677
1772832965006,222298446966
1772832966006,222380403910
1772832967006,222462878369
1772832968006,222533191421
1772832969006,222585950625
1772832970004,222648765161
1772832971004,222695609707
1772832972006,222755361141
1772832973006,222801367066
1772832974006,222847729129
1772832975006,222891950269
1772832976006,222934335902
1772832977006,222973420824
1772832978006,223012734200
1772832979006,223053079617
1772832980005,223092377612
1772832981006,223132414863
1772832982006,223176200457
1772832983006,223218333283
1772832984006,223261507916
1772832985006,223304115168
1772832986007,223343911087
1772832987006,223383504003
1772832988007,223424429130
1772832989006,223464849010
1772832990006,223504576813
1772832991006,223543864188
1772832992007,223585441230
1772832993005,223627241233
1772832994006,223667100201
1772832995006,223706817445
1772832996006,223748426164
1772832997006,223788014198
1772832998006,223829325738
1772832999006,223873310916
1772833000006,223914508076
1772833001007,223953489360
1772833002006,223994323179
1772833003006,224035750319
1772833004006,224075633029
1772833005007,224115883659
1772833006006,224157232308
1772833007005,224196808684
1772833008006,224236784350
1772833009006,224276257272
1772833010006,224316489469
1772833011006,224356363817
1772833012006,224399075683
1772833013006,224441297132
1772833014006,224485101342
1772833015006,224530032257
1772833016006,224569993153
1772833017006,224610288704
1772833018006,224650629177
1772833019006,224690105394
1772833020006,224730611577
1772833021006,224772492513
1772833022006,224814239903
1772833023004,224855932301
1772833024006,224897313604
1772833025006,224937762048
1772833026006,224977840070
1772833027006,225016907780
1772833028006,225058762776
1772833029006,225099420265
1772833030006,225139147824
1772833031006,225178037922
1772833032006,225218845313
1772833033006,225262715562
1772833034005,225305850888
1772833035006,225346323136
1772833036007,225386289952
1772833037006,225425946101
1772833038006,225465366837
1772833039006,225504703101
1772833040006,225543590636
1772833041006,225582238242
1772833042006,225624180518
1772833043006,225666457570
1772833044006,225710242492
1772833045006,225750296833
1772833046006,225790422707
1772833047006,225829194397
1772833048006,225869458637
1772833049007,225908810160
1772833050006,225948183778
1772833051006,225987671348
1772833052006,226028800698
1772833053005,226069072567
1772833054006,226109826186
1772833055006,226150008456
1772833056005,226190358084
1772833057006,226229491956
1772833058006,226270391083
1772833059006,226312028977
1772833060006,226351076057
1772833061006,226390478605
1772833062005,226432092756
1772833063006,226473293212
1772833064006,226513912249
1772833065006,226554793492
1772833066006,226595061150
1772833067006,226633620683
1772833068006,226673346472
1772833069006,226712425779
1772833070006,226752369463
1772833071006,226792708898
1772833072006,226834793874
1772833073006,226877551149
1772833074006,226920365554
1772833075006,226964003016
1772833076006,227004075179
1772833077006,227044375002
1772833078006,227085514240
1772833079006,227125804786
1772833080006,227166260127
1772833081006,227205531694
1772833082006,227246688327
1772833083006,227287652822
1772833084006,227328986700
1772833085006,227368934413
1772833086006,227409375899
1772833087006,227448436224
1772833088006,227490326680
1772833089006,227531040810
1772833090006,227570783811
1772833091006,227610249896
1772833092006,227651406590
1772833093005,227693812060
1772833094006,227736190370
1772833095006,227776595601
1772833096006,227817261146
1772833097006,227856258544
1772833098006,227895859089
1772833099007,227935741434
1772833100006,227975699156
1772833101006,228015606769
1772833102005,228058426666
1772833103006,228101538556
1772833104007,228142812681
1772833105006,228183865921
1772833106005,228223514745
1772833107006,228262794368
1772833108006,228302940079
1772833109006,228342567907
1772833110006,228382380244
1772833111005,228422189590
1772833112006,228463542817
1772833113006,228505099595
1772833114006,228547059205
1772833115005,228586852072
1772833116006,228627331887
1772833117006,228666285950
1772833118006,228707875016
1772833119006,228750727690
1772833120006,228792516523
1772833121005,228832281070
1772833122006,228874429094
1772833123006,228915360874
1772833124005,228954989740
1772833125006,228994092850
1772833126005,229035145113
1772833127006,229075105643
1772833128006,229114335890
1772833129006,229154352999
1772833130006,229194147087
1772833131006,229233952588
1772833132006,229275740628
1772833133007,229318553018
1772833134006,229362120778
1772833135006,229403515081
1772833136006,229443982507
1772833137006,229484085798
1772833138005,229524432496
1772833139006,229563783042
1772833140006,229603465558
1772833141006,229643759400
1772833142006,229685546280
1772833143006,229726434848
1772833144006,229766898916
1772833145006,229806804576
1772833146005,229847588285
1772833147007,229887100513
1772833148006,229928500920
1772833149007,229971079302
1772833150006,230012589205
1772833151006,230057610208
1772833152006,230103941266
1772833153005,230150257432
1772833154006,230195799979
1772833155005,230241379330
1772833156006,230287166933
1772833157006,230332511543
1772833158006,230377668410
1772833159006,230423030476
1772833160006,230468291591
1772833161006,230513876801
1772833162006,230560383518
1772833163005,230607268652
1772833164006,230653336955
1772833165006,230698605332
1772833166006,230744305045
1772833167006,230789551083
1772833168006,230835335634
1772833169006,230880883796
1772833170006,230926644544
1772833171005,230971985248
1772833172006,231018566794
1772833173007,231064423915
1772833174004,231110353790
1772833175006,231155876562
1772833176006,231201488322
1772833177005,231246552965
1772833178006,231292004082
1772833179006,231337741514
1772833180006,231384067140
1772833181005,231429627021
1772833182006,231475973704
1772833183006,231522436231
1772833184006,231567976215
1772833185005,231613613610
1772833186007,231659745206
1772833187005,231705397860
1772833188006,231751100075
1772833189006,231796868695
1772833190006,231842543017
1772833191006,231888286674
1772833192007,231934796504
1772833193006,231981913143
1772833194006,232026703129
1772833195006,232066516564
1772833196006,232106880780
1772833197006,232145911259
1772833198007,232187710285
1772833199006,232227413736
1772833200006,232267216429
1772833201006,232307544451
1772833202007,232348677219
1772833203006,232389787038
1772833204004,232430045053
1772833205005,232470242704
1772833206006,232511448104
1772833207006,232551645327
1772833208006,232593232562
1772833209006,232635976899
1772833210006,232678762983
1772833211006,232718320194
1772833212006,232759417928
1772833213006,232801010656
1772833214005,232841430230
1772833215006,232881621961
1772833216005,232921652559
1772833217006,232961050590
1772833218006,233001172497
1772833219006,233041403290
1772833220006,233080506095
1772833221006,233119664137
1772833222006,233161377775
1772833223006,233204510050
1772833224006,233248363942
1772833225006,233290310856
1772833226005,233329785730
1772833227006,233368989426
1772833228006,233410093874
1772833229006,233449243860
1772833230006,233488849837
1772833231006,233528426274
1772833232006,233570197102
1772833233006,233610843360
1772833234006,233651085323
1772833235006,233691879408
1772833236007,233732490693
1772833237006,233772099539
1772833238006,233813088082
1772833239006,233857168963
1772833240006,233901681056
1772833241005,233941384629
1772833242006,233983639708
1772833243006,234025629225
1772833244008,234066191133
1772833245005,234105848319
1772833246005,234146660165
1772833247006,234186481901
1772833248006,234226127491
1772833249006,234267198431
1772833250006,234306879970
1772833251006,234346489426
1772833252006,234388032167
1772833253006,234430914137
1772833254005,234474224878
1772833255006,234515608867
1772833256007,234556230650
1772833257006,234595508076
1772833258006,234636311438
1772833259006,234676325618
1772833260006,234716570327
1772833261006,234756105809
1772833262006,234797643484
1772833263006,234840485476
1772833264006,234883274734
1772833265006,234925378447
1772833266005,234965540393
1772833267006,235005727302
1772833268006,235046471826
1772833269006,235086949262
1772833270006,235127576721
1772833271006,235168190143
1772833272006,235210259249
1772833273006,235252087328
1772833274007,235293360843
1772833275006,235336803969
1772833276006,235378672209
1772833277006,235417534902
1772833278005,235457950448
1772833279006,235497447540
1772833280007,235537763110
1772833281006,235577421944
1772833282006,235618910791
1772833283006,235660986061
1772833284006,235702318231
1772833285006,235743014904
1772833286006,235783908537
1772833287006,235823171498
1772833288006,235863865974
1772833289006,235903237577
1772833290006,235943055408
1772833291005,235982985420
1772833292006,236024068323
1772833293006,236065465067
1772833294006,236105392577
1772833295005,236146778092
1772833296007,236187778597
1772833297006,236227080620
1772833298005,236268594186
1772833299006,236311922505
1772833300006,236357281093
1772833301006,236402803193
1772833302006,236445008651
1772833303005,236487596311
1772833304006,236527924638
1772833305006,236567752600
1772833306006,236608465447
1772833307006,236647655960
1772833308006,236686895605
1772833309006,236727926750
1772833310006,236768755686
1772833311006,236809454984
1772833312005,236851478619
1772833313006,236894404840
1772833314005,236937872563
1772833315006,236981600173
1772833316006,237022701203
1772833317006,237061978446
1772833318006,237103385018
1772833319006,237143129179
1772833320006,237182922168
1772833321007,237224037663
1772833322006,237265376852
1772833323006,237306729590
1772833324006,237346714290
1772833325006,237387998364
1772833326006,237429406888
1772833327006,237469915512
1772833328006,237511085207
1772833329006,237553656936
1772833330006,237594895295
1772833331007,237635037770
1772833332006,237676805730
1772833333006,237718924641
1772833334006,237759624915
1772833335006,237799954218
1772833336006,237841135265
1772833337006,237880392977
1772833338006,237919167109
1772833339006,237958411637
1772833340006,237998304358
1772833341006,238038627130
1772833342006,238080614450
1772833343006,238122927879
1772833344005,238167102448
1772833345006,238208275622
1772833346005,238248794683
1772833347006,238288315517
1772833348006,238328630660
1772833349006,238367325508
1772833350006,238407317715
1772833351006,238446599536
1772833352006,238488470949
1772833353006,238529846210
1772833354006,238569949806
1772833355005,238610296016
1772833356007,238650877394
1772833357006,238691008517
1772833358006,238732722827
1772833359006,238775369385
1772833360006,238815928607
1772833361006,238856358985
1772833362006,238897988944
1772833363005,238940106207
1772833364006,238979841396
1772833365005,239020286177
1772833366006,239061388733
1772833367006,239101703999
1772833368006,239141639077
1772833369005,239181090514
1772833370004,239220603963
1772833371007,239260558572
1772833372006,239302194940
1772833373006,239344288705
1772833374005,239387750752
1772833375006,239428931249
1772833376007,239470163993
1772833377006,239509715161
1772833378006,239550979094
1772833379006,239590016286
1772833380006,239629686412
1772833381006,239669806426
1772833382006,239712359784
1772833383005,239753252685
1772833384006,239792838826
1772833385004,239834084143
1772833386006,239875288810
1772833387006,239915433422
1772833388007,239957563868
1772833389006,240001216466
1772833390006,240044057665
1772833391006,240083440865
1772833392006,240125386925
1772833393005,240167314064
1772833394006,240207512752
1772833395006,240247916885
1772833396006,240288677034
1772833397006,240327892205
1772833398006,240368208752
1772833399006,240407488315
1772833400006,240447944876
1772833401006,240488073435
1772833402006,240529986292
1772833403006,240572284462
1772833404006,240615246633
1772833405006,240657802920
1772833406006,240698657003
1772833407006,240737851666
1772833408006,240778946897
1772833409006,240818563129
1772833410006,240858149820
1772833411005,240898165098
1772833412006,240939359450
1772833413005,240979924044
1772833414006,241020014640
1772833415006,241060185557
1772833416006,241101500454
1772833417006,241142261824
1772833418006,241183255188
1772833419006,241226533154
1772833420006,241268855250
1772833421006,241308551132
1772833422006,241350494567
1772833423006,241392990430
1772833424005,241433134309
1772833425006,241473649404
1772833426006,241514150398
1772833427006,241554373013
1772833428006,241594410020
1772833429006,241634314153
1772833430005,241673790981
1772833431006,241713224596
1772833432005,241754127995
1772833433006,241796660478
1772833434006,241839403899
1772833435006,241883084635
1772833436006,241923532834
1772833437006,241962829731
1772833438006,242004154149
1772833439006,242044006220
1772833440007,242084264356
1772833441007,242124056247
1772833442007,242165080922
1772833443004,242205438546
1772833444006,242244566192
1772833445007,242284645191
1772833446006,242325973210
1772833447006,242367439230
1772833448006,242408469947
1772833449006,242451385914
1772833450007,242493116764
1772833451007,242532967309
1772833452006,242574052531
1772833453006,242616200861
1772833454006,242656353224
1772833455006,242696713411
1772833456006,242736775809
1772833457006,242776838206
1772833458006,242816359467
1772833459006,242856183706
1772833460006,242896329355
1772833461006,242936176970
1772833462005,242978469343
1772833463005,243020645016
1772833464007,243063618722
1772833465006,243107150654
1772833466006,243147453834
1772833467006,243188109187
1772833468006,243229601329
1772833469007,243269787017
1772833470006,243310484301
1772833471007,243350456611
1772833472006,243392197959
1772833473006,243433282692
1772833474006,243472700194
1772833475006,243512774982
1772833476006,243554688815
1772833477006,243595379507
1772833478006,243636814398
1772833479006,243679450825
1772833480006,243723133147
1772833481006,243763187610
1772833482006,243804824161
1772833483006,243846912005
1772833484006,243887084631
1772833485006,243927141780
1772833486005,243967874586
1772833487006,244007798739
1772833488006,244047386711
1772833489006,244086611342
1772833490006,244126467441
1772833491006,244166621941
1772833492006,244207712290
1772833493006,244249601709
1772833494006,244290281353
1772833495005,244331693845
1772833496006,244372045426
1772833497007,244412406651
1772833498006,244455450913
1772833499005,244498050413
1772833500005,244538181109
1772833501007,244578547522
1772833502005,244619967582
1772833503006,244660977975
1772833504006,244700487334
1772833505006,244739797292
1772833506004,244781071295
1772833507006,244820932705
1772833508006,244861999738
1772833509006,244904542659
1772833510006,244946540965
1772833511006,244986492828
1772833512006,245028459822
1772833513006,245070317076
1772833514006,245110531389
1772833515004,245150558203
1772833516006,245191019770
1772833517006,245230914260
1772833518005,245270818150
1772833519006,245309998774
1772833520006,245350366957
1772833521006,245390798128
1772833522005,245433107407
1772833523006,245475400878
1772833524006,245519933295
1772833525004,245562558797
1772833526006,245603345069
1772833527006,245643124142
1772833528006,245684025832
1772833529006,245723780430
1772833530006,245763687005
1772833531006,245803859754
1772833532006,245845440153
1772833533005,245886693648
1772833534006,245926362858
1772833535007,245966529686
1772833536005,246007872903
1772833537006,246048547482
1772833538006,246089858533
1772833539006,246132222561
1772833540006,246174350260
1772833541005,246214657774
1772833542006,246256607252
1772833543006,246298729947
1772833544007,246339150864
1772833545006,246379288029
1772833546006,246419274987
1772833547006,246459654889
1772833548006,246499321108
1772833549006,246538544335
1772833550006,246578634870
1772833551006,246619132752
1772833552007,246660919083
1772833553006,246703320891
1772833554005,246746480876
1772833555006,246786525390
1772833556006,246827781876
1772833557006,246868244724
1772833558007,246908646659
1772833559006,246948218946
1772833560006,246988404329
1772833561006,247029022511
1772833562006,247071465273
1772833563006,247111920309
1772833564006,247151349346
1772833565006,247191237122
1772833566004,247232763872
1772833567006,247273426365
1772833568006,247315139637
1772833569006,247355587715
1772833570006,247395300382
1772833571006,247435558030
1772833572006,247477626465
1772833573007,247519580642
1772833574006,247560025912
1772833575006,247600036430
1772833576005,247641046335
1772833577006,247682586878
1772833578006,247722170761
1772833579006,247761837712
1772833580006,247802158715
1772833581006,247842735516
1772833582007,247884959956
1772833583005,247927470406
1772833584005,247970615071
1772833585006,248016153162
1772833586006,248058308267
1772833587006,248098148985
1772833588006,248138983598
1772833589007,248178249427
1772833590006,248218710078
1772833591006,248259418714
1772833592006,248301292996
1772833593006,248342760725
1772833594005,248382699160
1772833595006,248421842004
1772833596006,248461730696
1772833597006,248503271117
1772833598006,248545036330
1772833599006,248587218290
1772833600006,248627418138
1772833601006,248667844792
1772833602006,248709413106
1772833603006,248751587803
1772833604006,248792231925
1772833605006,248831825818
1772833606007,248872653472
1772833607006,248913593126
1772833608006,248953263251
1772833609006,248992859585
1772833610005,249032020862
1772833611006,249071644601
1772833612006,249113381433
1772833613006,249155905372
1772833614006,249199239916
1772833615006,249241860291
1772833616006,249283242875
1772833617006,249323573155
1772833618006,249365517811
1772833619006,249404604747
1772833620006,249444509857
1772833621006,249484494130
1772833622006,249525779974
1772833623005,249566974388
1772833624006,249606683087
1772833625006,249646487246
1772833626006,249686366050
1772833627006,249728150794
1772833628006,249769348442
1772833629005,249811984808
1772833630006,249855857254
1772833631006,249895652135
1772833632006,249937451467
1772833633006,249979239995
1772833634006,250019825340
1772833635005,250059978558
1772833636006,250100157776
1772833637006,250139808492
1772833638006,250180395120
1772833639006,250220800229
1772833640005,250260476091
1772833641006,250300676062
1772833642006,250342283987
1772833643006,250384386480
1772833644006,250427612016
1772833645006,250469497407
1772833646007,250511090074
1772833647006,250551364568
1772833648006,250592546652
1772833649006,250632423748
1772833650007,250672225953
1772833651006,250712251790
1772833652006,250753374610
1772833653006,250794457634
1772833654005,250834814037
1772833655006,250875046173
1772833656007,250915554431
1772833657006,250957289188
1772833658006,250998480306
1772833659006,251041566926
1772833660006,251083991805
1772833661006,251123851628
1772833662006,251165947955
1772833663006,251207502903
1772833664006,251248678395
1772833665006,251288419077
1772833666006,251328416412
1772833667006,251368329578
1772833668006,251407788035
1772833669006,251447568511
1772833670006,251488140978
1772833671006,251528132636
1772833672006,251569947348
1772833673006,251612173803
1772833674006,251655029711
1772833675006,251698192748
1772833676006,251739066972
1772833677006,251778678442
1772833678006,251820149528
1772833679006,251859741895
1772833680006,251899648836
1772833681006,251940712268
1772833682006,251982214420
1772833683006,252024222553
1772833684006,252064302894
1772833685006,252104468502
1772833686006,252145169142
1772833687006,252186797027
1772833688006,252227958786
1772833689006,252272094843
1772833690006,252314873725
1772833691006,252354772488
1772833692006,252396017377
1772833693006,252438344417
1772833694006,252479519605
1772833695006,252519888276
1772833696006,252559733999
1772833697006,252599152050
1772833698006,252639199250
1772833699006,252679309132
1772833700007,252719326364
1772833701006,252759666532
1772833702006,252802226237
1772833703006,252844928398
1772833704005,252885308849
1772833705006,252925917815
1772833706004,252966958115
1772833707006,253007009404
1772833708006,253048529379
1772833709006,253088051494
1772833710006,253129175229
1772833711006,253170149490
1772833712006,253214380639
1772833713005,253258989228
1772833714006,253299080800
1772833715007,253339782967
1772833716007,253380490199
1772833717006,253421361066
1772833718006,253462885496
1772833719006,253506038461
1772833720006,253551593704
1772833721005,253596623129
1772833722006,253638369788
1772833723006,253680783803
1772833724006,253721633307
1772833725006,253761326870
1772833726006,253802369734
1772833727006,253841708745
1772833728006,253882746115
1772833729006,253922562297
1772833730007,253962243653
1772833731006,254003156207
1772833732006,254044529820
1772833733006,254086566028
1772833734006,254128987611
1772833735006,254169880085
1772833736006,254211265355
1772833737006,254252116874
1772833738007,254292803781
1772833739006,254331977387
1772833740005,254372055104
1772833741004,254412857734
1772833742006,254455236288
1772833743006,254495939614
1772833744006,254536497676
1772833745006,254577302137
1772833746006,254618284454
1772833747004,254658768054
1772833748005,254700052311
1772833749006,254742516924
1772833750006,254786118558
1772833751006,254826237169
1772833752006,254869347532
1772833753006,254912384654
1772833754006,254952795866
1772833755006,254992612537
1772833756006,255033516546
1772833757006,255073133632
1772833758006,255113729109
1772833759006,255153189274
1772833760006,255192965478
1772833761006,255233931926
1772833762006,255275418026
1772833763006,255318255868
1772833764006,255362085224
1772833765005,255405185028
1772833766006,255446395555
1772833767006,255487135868
1772833768005,255528725544
1772833769006,255567865825
1772833770006,255608403563
1772833771006,255649589676
1772833772006,255691009919
1772833773006,255732678635
1772833774006,255772841313
1772833775005,255813047265
1772833776006,255853989604
1772833777006,255893499757
1772833778006,255935341691
1772833779006,255975806309
1772833780005,256015892937
1772833781006,256056892710
1772833782006,256099199975
1772833783005,256141233742
1772833784006,256181693721
1772833785006,256222499098
1772833786007,256263093842
1772833787006,256303485157
1772833788005,256344394659
1772833789006,256383820157
1772833790006,256424146897
1772833791006,256464599308
1772833792006,256507134050
1772833793006,256549323273
1772833794006,256591923018
1772833795006,256634855830
1772833796006,256676053051
1772833797006,256716819121
1772833798005,256758732649
1772833799006,256798253544
1772833800006,256837845362
1772833801006,256878053755
1772833802006,256920088254
1772833803006,256962100659
1772833804006,257001618746
1772833805006,257041113091
1772833806006,257082341684
1772833807005,257121921722
1772833808006,257164781536
1772833809006,257208016777
1772833810005,257251352848
1772833811005,257291610252
1772833812006,257332800821
1772833813006,257375385184
1772833814006,257416110910
1772833815005,257455475983
1772833816006,257496274767
1772833817006,257536079109
1772833818004,257576508082
1772833819005,257616209458
1772833820004,257656188665
1772833821005,257696786217
1772833822006,257738917335
1772833823006,257781601674
1772833824006,257825419616
1772833825005,257868405651
1772833826006,257909237455
1772833827006,257950310470
1772833828007,257991774231
1772833829006,258031765401
1772833830006,258072648414
1772833831006,258112877620
1772833832005,258154027966
1772833833006,258196308742
1772833834006,258236031907
1772833835005,258276356022
1772833836006,258317933980
1772833837006,258358250161
1772833838006,258400789053
1772833839005,258443430668
1772833840006,258483469201
1772833841006,258523352460
1772833842007,258565101316
1772833843006,258607044934
1772833844006,258647792144
1772833845005,258688009876
1772833846006,258728833868
1772833847005,258768941553
1772833848006,258809674420
1772833849005,258849375124
1772833850006,258888606103
1772833851007,258928808637
1772833852006,258970206602
1772833853006,259012887279
1772833854006,259056154685
1772833855005,259099694674
1772833856005,259140113821
1772833857006,259181257575
1772833858005,259222493249
1772833859006,259261827865
1772833860006,259301991336
1772833861006,259342476645
1772833862006,259384459936
1772833863005,259425206841
1772833864006,259465588757
1772833865006,259506205413
1772833866007,259546599658
1772833867005,259586363411
1772833868007,259628793539
1772833869006,259671874056
1772833870006,259713480395
1772833871006,259753105049
1772833872006,259794403589
1772833873006,259836321267
1772833874006,259876794125
1772833875006,259916876725
1772833876006,259957407993
1772833877006,259996654231
1772833878005,260037325025
1772833879007,260077310152
1772833880005,260117361746
1772833881006,260157709360
1772833882006,260199554712
1772833883006,260242059425
1772833884006,260285655139
1772833885006,260326026739
1772833886006,260367058861
1772833887006,260408771950
1772833888006,260450141412
1772833889005,260490342847
1772833890006,260531413482
1772833891006,260571716784
1772833892006,260612849858
1772833893006,260654256978
1772833894006,260694837319
1772833895006,260735700129
1772833896006,260776413343
1772833897005,260816829438
1772833898005,260859508345
1772833899006,260903522575
1772833900006,260947166141
1772833901006,260988190389
1772833902006,261030355747
1772833903006,261072371570
1772833904007,261112669013
1772833905005,261153052271
1772833906007,261193907452
1772833907006,261233675356
1772833908006,261274331746
1772833909006,261314557900
1772833910006,261354764157
1772833911006,261395332718
1772833912006,261437047211
1772833913006,261479714643
1772833914006,261522070247
1772833915006,261563228894
1772833916006,261603365999
1772833917004,261643473562
1772833918006,261686280276
1772833919006,261726551474
1772833920005,261766392071
1772833921005,261807406370
1772833922006,261848622756
1772833923006,261890151153
1772833924006,261929793935
1772833925006,261970166634
1772833926006,262010739529
1772833927006,262050487535
1772833928006,262092345948
1772833929006,262135940319
1772833930006,36264677
1772833931006,76975022
1772833932006,118568727
1772833933005,160917739
1772833934006,201712008
1772833935006,241782156
1772833936006,282617928
1772833937006,322170378
1772833938005,362472155
1772833939006,402550300
1772833940007,442634548
1772833941006,483398420
1772833942006,525223997
1772833943006,567171643
1772833944006,609769740
1772833945006,654301425
1772833946006,694706168
1772833947006,734988841
1772833948006,777702843
1772833949006,817406110
1772833950006,857710755
1772833951006,898054219
1772833952006,939581701
1772833953006,981537709
1772833954006,1021115305
1772833955007,1061037811
1772833956006,1102173447
1772833957006,1142070318
1772833958006,1184112630
1772833959006,1225552221
1772833960006,1266409904
1772833961006,1306758983
1772833962006,1348970362
1772833963006,1393309726
1772833964006,1434098440
1772833965006,1473612072
1772833966006,1514513517
1772833967006,1554585864
1772833968005,1594611884
1772833969006,1634854579
1772833970005,1674723007
1772833971006,1714937443
1772833972006,1756822162
1772833973006,1799429902
1772833974006,1842805341
1772833975006,1885301264
1772833976007,1925843153
1772833977006,1965835116
1772833978006,2007915697
1772833979006,2047895636
1772833980006,2088094080
1772833981006,2128487593
1772833982006,2170743771
1772833983006,2211299209
1772833984005,2251249363
1772833985006,2291673942
1772833986006,2332653452
1772833987005,2372213165
1772833988006,2414017623
1772833989006,2458211175
1772833990006,2500449226
1772833991006,2540415798
1772833992006,2582470256
1772833993006,2624160884
1772833994006,2664213760
1772833995006,2704424961
1772833996006,2744817802
1772833997006,2785149181
1772833998006,2825549590
1772833999006,2865329090
1772834000006,2905540962
1772834001006,2945774380
1772834002006,2989044594
1772834003006,3031525747
1772834004006,3075140320
1772834005006,3117339309
1772834006005,3157606906
1772834007006,3198538686
1772834008006,3240147894
1772834009006,3280676782
1772834010006,3320603193
1772834011006,3360800600
1772834012006,3402641313
1772834013006,3443949679
1772834014006,3484193106
1772834015006,3524334300
1772834016005,3564215179
1772834017006,3604224293
1772834018006,3646549685
1772834019006,3690923839
1772834020006,3734132774
1772834021006,3774170513
1772834022005,3816677485
1772834023006,3858092967
1772834024006,3899033414
1772834025005,3938369312
1772834026006,3978539497
1772834027006,4018111234
1772834028006,4058265733
1772834029006,4098923283
1772834030006,4140428853
1772834031006,4180637796
1772834032006,4222766838
1772834033006,4265252325
1772834034006,4308849992
1772834035006,4352589077
1772834036006,4392656235
1772834037006,4432281561
1772834038006,4474338521
1772834039007,4514267679
1772834040005,4554676023
1772834041006,4594497332
1772834042006,4636407991
1772834043006,4677873461
1772834044006,4717205331
1772834045006,4757105192
1772834046006,4797985947
1772834047006,4838059697
1772834048006,4880466937
1772834049004,4923466399
1772834050006,4966592204
1772834051005,5006210511
1772834052006,5048668044
1772834053006,5091058439
1772834054005,5131687119
1772834055006,5172052067
1772834056006,5212928793
1772834057006,5252982585
1772834058006,5292631836
1772834059006,5332935017
1772834060006,5374333043
1772834061006,5414824822
1772834062006,5457003302
1772834063006,5499174154
1772834064005,5543635222
1772834065006,5585618391
1772834066006,5626002382
1772834067006,5666175252
1772834068004,5707899694
1772834069005,5748952934
1772834070006,5789516123
1772834071007,5829916227
1772834072005,5872389324
1772834073006,5914572627
1772834074006,5954023820
1772834075006,5994312962
1772834076006,6034152521
1772834077006,6073493607
1772834078006,6115403167
1772834079005,6158305767
1772834080006,6200711665
1772834081006,6240920424
1772834082006,6281840363
1772834083006,6323403917
1772834084006,6363547307
1772834085006,6403863366
1772834086006,6445045939
1772834087006,6484311708
1772834088006,6524860859
1772834089006,6564902993
1772834090006,6604642027
1772834091006,6644807330
1772834092006,6687071870
1772834093005,6729461105
1772834094005,6772958186
1772834095006,6816476751
1772834096006,6856358058
1772834097006,6895553819
1772834098005,6935998845
1772834099006,6977422933
1772834100006,7017118449
1772834101006,7056948853
1772834102006,7098981216
1772834103006,7140070039
1772834104005,7179894033
1772834105005,7219823375
1772834106006,7260009490
1772834107006,7299759815
1772834108006,7340716803
1772834109006,7383728961
1772834110007,7426007783
1772834111006,7466025381
1772834112005,7508304142
1772834113006,7550105488
1772834114005,7590649208
1772834115005,7631130610
1772834116006,7672056104
1772834117006,7711231907
1772834118006,7751380913
1772834119006,7791172437
1772834120006,7831591279
1772834121006,7872277271
1772834122005,7913693302
1772834123006,7956640031
1772834124006,7999811124
1772834125006,8041158735
1772834126006,8082314514
1772834127006,8121303855
1772834128006,8161770792
1772834129007,8203133052
1772834130007,8242775529
1772834131006,8283218663
1772834132006,8325465442
1772834133007,8366434392
1772834134007,8406276209
1772834135006,8445723618
1772834136006,8485718388
1772834137006,8525021449
1772834138006,8565531050
1772834139006,8608969721
1772834140006,8651049691
1772834141005,8691442166
1772834142006,8733586589
1772834143006,8775172848
1772834144006,8815797316
1772834145006,8855425633
1772834146006,8895863579
1772834147006,8935769116
1772834148005,8975203097
1772834149006,9015347465
1772834150006,9056325204
1772834151006,9096750882
1772834152006,9138490521
1772834153006,9180656978
1772834154006,9223261483
1772834155006,9263247160
1772834156007,9304069199
1772834157006,9344006291
1772834158006,9384974570
1772834159006,9425905984
1772834160005,9466037656
1772834161007,9507170241
1772834162006,9549121489
1772834163007,9590755171
1772834164007,9630186467
1772834165006,9670127344
1772834166007,9710408979
1772834167006,9749862186
1772834168006,9791144429
1772834169006,9833964082
1772834170006,9878831399
1772834171006,9919274533
1772834172006,9960646070
1772834173006,10002855068
1772834174006,10043709822
1772834175005,10083498905
1772834176006,10123863975
1772834177006,10163855267
1772834178006,10203580140
1772834179006,10244848590
1772834180006,10284386269
1772834181006,10324459775
1772834182006,10366741893
1772834183006,10408845789
1772834184006,10452511693
1772834185006,10495357897
1772834186006,10536262150
1772834187006,10576130334
1772834188006,10617071330
1772834189006,10657914488
1772834190006,10698195268
1772834191006,10738814793
1772834192006,10781114612
1772834193006,10822248967
1772834194006,10862446007
1772834195006,10902170576
1772834196006,10942848878
1772834197006,10982059410
1772834198006,11023834510
1772834199006,11067055286
1772834200006,11111480648
1772834201006,11152932874
1772834202006,11194852444
1772834203006,11236823955
1772834204005,11277338012
1772834205006,11317103474
1772834206006,11358071081
1772834207007,11397808162
1772834208006,11437522904
1772834209006,11477442846
1772834210005,11516848385
1772834211006,11557445083
1772834212006,11599685941
1772834213006,11642452800
1772834214006,11685297295
1772834215006,11727366157
1772834216006,11768564110
1772834217006,11808999615
1772834218006,11849858092
1772834219006,11891183547
1772834220007,11930955418
1772834221006,11971067559
1772834222006,12013395393
1772834223006,12054852013
1772834224005,12094988629
1772834225006,12135221741
1772834226006,12175847247
1772834227006,12215388223
1772834228007,12256847772
1772834229006,12297114454
1772834230005,12338304473
1772834231006,12378360401
1772834232006,12420960084
1772834233006,12465243357
1772834234007,12506336208
1772834235006,12546392380
1772834236006,12586899906
1772834237005,12626300867
1772834238006,12666584577
1772834239006,12706284427
1772834240006,12746012841
1772834241006,12785731001
1772834242006,12827575925
1772834243006,12870023754
1772834244006,12913850729
1772834245006,12957348359
1772834246006,12997945301
1772834247006,13037371226
1772834248006,13078497097
1772834249004,13119132735
1772834250006,13159152408
1772834251007,13198935937
1772834252006,13240736428
1772834253006,13281796503
1772834254005,13322130446
1772834255006,13362593172
1772834256006,13402720693
1772834257006,13442922006
1772834258006,13484226222
1772834259006,13526682717
1772834260006,13570382068
1772834261006,13611111945
1772834262006,13653185445
1772834263006,13695102635
1772834264006,13735481804
1772834265006,13775533521
1772834266006,13816404022
1772834267006,13856549610
1772834268006,13895908884
1772834269005,13935965422
1772834270006,13976274645
1772834271005,14016408087
1772834272006,14058134726
1772834273006,14100925815
1772834274006,14144686262
1772834275006,14185545166
1772834276005,14225592915
1772834277006,14265354044
1772834278007,14306611080
1772834279006,14345677264
1772834280006,14386429051
1772834281005,14427573783
1772834282006,14468437570
1772834283007,14509677698
1772834284006,14549160630
1772834285006,14589009832
1772834286006,14630034934
1772834287006,14670257182
1772834288006,14712138179
1772834289006,14755451972
1772834290007,14797433554
1772834291006,14838165871
1772834292007,14880010002
1772834293006,14921713509
1772834294006,14962568324
1772834295006,15003149397
1772834296005,15043510316
1772834297006,15083462301
1772834298006,15123421977
1772834299006,15163244629
1772834300006,15203308308
1772834301006,15243734596
1772834302006,15286107840
1772834303006,15327959600
1772834304006,15372118545
1772834305006,15413319184
1772834306006,15453907215
1772834307006,15493434640
1772834308006,15534465907
1772834309006,15574083360
1772834310005,15615471865
1772834311007,15655911214
1772834312007,15698383762
1772834313006,15739581898
1772834314006,15779854500
1772834315006,15819549589
1772834316006,15859975450
1772834317006,15899432502
1772834318006,15941261314
1772834319006,15984334324
1772834320006,16024708427
1772834321006,16065682809
1772834322006,16107452295
1772834323006,16149153360
1772834324005,16190274592
1772834325006,16230054154
1772834326006,16270843234
1772834327006,16311395132
1772834328006,16351559214
1772834329006,16390949005
1772834330005,16431203053
1772834331006,16471686042
1772834332005,16513187340
1772834333006,16555410987
1772834334006,16598605822
1772834335006,16640753908
1772834336006,16681566364
1772834337006,16721990211
1772834338006,16762760676
1772834339006,16802257828
1772834340006,16843721345
1772834341006,16884049122
1772834342006,16925764470
1772834343007,16967414449
1772834344005,17006947917
1772834345006,17047052917
1772834346006,17087597796
1772834347006,17127764258
1772834348006,17169777090
1772834349006,17213039064
1772834350006,17256081922
1772834351005,17297400786
1772834352006,17339374068
1772834353006,17380893187
1772834354006,17421777970
1772834355006,17461819738
1772834356006,17502278558
1772834357006,17542378187
1772834358006,17583078461
1772834359006,17622784414
1772834360006,17662683604
1772834361006,17703237577
1772834362006,17744992658
1772834363006,17787645808
1772834364006,17830877204
1772834365006,17872933493
1772834366006,17913306070
1772834367006,17953017028
1772834368006,17993826921
1772834369006,18032679178
1772834370006,18074332208
1772834371005,18114210951
1772834372006,18156093779
1772834373006,18197173263
1772834374007,18237075383
1772834375006,18277438317
1772834376006,18318681802
1772834377006,18358337401
1772834378006,18399775406
1772834379006,18442883877
1772834380007,18485891213
1772834381006,18527952141
1772834382006,18569553536
1772834383006,18610870141
1772834384006,18651033613
1772834385006,18690733035
1772834386005,18731690877
1772834387006,18771215068
1772834388006,18810924133
1772834389006,18851004841
1772834390006,18891440285
1772834391006,18932413141
1772834392006,18973921031
1772834393006,19015885950
1772834394006,19059398107
1772834395005,19100760061
1772834396006,19141278940
1772834397006,19180802215
1772834398006,19221928880
1772834399005,19261382819
1772834400006,19302439233
1772834401006,19342869488
1772834402005,19384712826
1772834403006,19426327343
1772834404006,19465507480
1772834405006,19504739191
1772834406006,19545955333
1772834407007,19586122405
1772834408006,19627577560
1772834409006,19670200681
1772834410006,19711635573
1772834411006,19752967071
1772834412006,19793755419
1772834413005,19834851017
1772834414006,19874792931
1772834415006,19914695417
1772834416006,19955104371
1772834417006,19994575827
1772834418007,20034368816
1772834419007,20074123292
1772834420006,20115120624
1772834421007,20155378638
1772834422006,20197536123
1772834423006,20238792121
1772834424006,20281879352
1772834425005,20325072052
1772834426006,20365479663
1772834427006,20405382454
1772834428006,20446303248
1772834429006,20486050338
1772834430004,20527236939
1772834431005,20568041706
1772834432006,20609933749
1772834433006,20651095692
1772834434005,20690735361
1772834435006,20730280731
1772834436006,20770360401
1772834437006,20810520943
1772834438006,20852429955
1772834439006,20895391820
1772834440006,20940006940
1772834441004,20980975768
1772834442006,21022386123
1772834443007,21065062162
1772834444005,21105283921
1772834445006,21144557258
1772834446006,21185209315
1772834447006,21225615340
1772834448006,21264853398
1772834449006,21304425502
1772834450006,21343750901
1772834451005,21384063115
1772834452006,21425592489
1772834453006,21467544164
1772834454006,21510986008
1772834455006,21550762151
1772834456006,21591047021
1772834457006,21630615829
1772834458006,21671396852
1772834459005,21710528466
1772834460006,21749679122
1772834461005,21791524596
1772834462006,21833463942
1772834463006,21874494294
1772834464006,21914077871
1772834465006,21953462109
1772834466006,21993464936
1772834467006,22032589714
1772834468006,22074496223
1772834469006,22117410908
1772834470006,22160273774
1772834471006,22200568410
1772834472006,22242893192
1772834473006,22284234334
1772834474006,22324442849
1772834475006,22364260679
1772834476005,22404361406
1772834477006,22443468789
1772834478007,22484214290
1772834479006,22523858598
1772834480006,22563751745
1772834481006,22604798454
1772834482006,22647125250
1772834483006,22689947467
1772834484006,22733495146
1772834485006,22775798383
1772834486006,22815790346
1772834487006,22855701926
1772834488006,22897416358
1772834489006,22937759089
1772834490007,22977084305
1772834491005,23018697053
1772834492006,23060645920
1772834493006,23101646670
1772834494006,23142128317
1772834495007,23181399334
1772834496006,23221753174
1772834497006,23261111899
1772834498006,23301964272
1772834499006,23344347281
1772834500006,23385625557
1772834501006,23426615198
1772834502006,23469092689
1772834503006,23510923881
1772834504006,23551346629
1772834505006,23591688750
1772834506006,23631747363
1772834507007,23671302011
1772834508007,23710275971
1772834509006,23750166677
1772834510006,23789709728
1772834511006,23830839627
1772834512006,23872607953
1772834513005,23914505551
1772834514005,23954827469
1772834515006,23996423188
1772834516005,24037043079
1772834517006,24076103953
1772834518006,24117509426
1772834519006,24157228989
1772834520005,24197623417
1772834521006,24239962420
1772834522006,24281954439
1772834523005,24322965687
1772834524006,24361819957
1772834525006,24401693757
1772834526006,24441907582
1772834527006,24480897289
1772834528006,24522013944
1772834529006,24564996622
1772834530006,24608658254
1772834531006,24649534309
1772834532006,24692707416
1772834533006,24734351841
1772834534006,24775212332
1772834535006,24815687448
1772834536006,24855874601
1772834537006,24896144151
1772834538006,24934949777
1772834539006,24974310577
1772834540006,25014092579
1772834541006,25054720710
1772834542006,25096723227
1772834543006,25139150609
1772834544006,25180007621
1772834545006,25220674021
1772834546006,25260463958
1772834547006,25299811880
1772834548005,25340524666
1772834549006,25380094877
1772834550006,25420477709
1772834551006,25461560245
1772834552006,25503386188
1772834553006,25544162023
1772834554006,25584134821
1772834555006,25623963089
1772834556006,25663972508
1772834557006,25703642572
1772834558006,25744685619
1772834559006,25786639125
1772834560005,25832216034
1772834561006,25874355880
1772834562006,25917102902
1772834563006,25959276378
1772834564006,25999561248
1772834565006,26039571339
1772834566006,26080304144
1772834567006,26120180385
1772834568006,26160343368
1772834569006,26199650580
1772834570006,26239481532
1772834571006,26280124556
1772834572006,26321557372
1772834573006,26363328933
1772834574005,26405899380
1772834575006,26447964580
1772834576006,26488298583
1772834577006,26529056902
1772834578005,26569206213
1772834579006,26608342527
1772834580006,26648419939
1772834581005,26690989043
1772834582006,26733468793
1772834583006,26775461239
1772834584007,26815148149
1772834585006,26855433691
1772834586006,26895240413
1772834587006,26934366716
1772834588006,26975331333
1772834589006,27017235156
1772834590006,27059055911
1772834591006,27100158650
1772834592006,27143456574
1772834593007,27185107163
1772834594005,27225301335
1772834595006,27265509362
1772834596006,27305587446
1772834597006,27344546452
1772834598006,27384021144
1772834599006,27423219713
1772834600006,27462320870
1772834601006,27503095241
1772834602005,27544579082
1772834603006,27587022577
1772834604006,27628142101
1772834605006,27668165375
1772834606006,27708940234
1772834607006,27748591561
1772834608006,27791242452
1772834609006,27832727209
1772834610006,27871870054
1772834611005,27913476087
1772834612006,27954567169
1772834613006,27995421251
1772834614006,28034990058
1772834615006,28074927761
1772834616006,28115827864
1772834617006,28155104619
1772834618006,28196469625
1772834619006,28239377291
1772834620007,28280801258
1772834621007,28321154975
1772834622006,28363734212
1772834623006,28405774510
1772834624006,28446113762
1772834625006,28486317089
1772834626006,28527147856
1772834627006,28566193349
1772834628006,28605596874
1772834629006,28645746490
1772834630006,28685193350
1772834631006,28725156260
1772834632006,28767467248
1772834633006,28809630714
1772834634006,28852731739
1772834635006,28893695624
1772834636006,28933772303
1772834637005,28972988512
1772834638007,29013836246
1772834639006,29053601098
1772834640006,29093152999
1772834641006,29133601809
1772834642006,29176051590
1772834643006,29217213045
1772834644006,29257134207
1772834645006,29296888683
1772834646006,29337257049
1772834647006,29376820425
1772834648006,29417540718
1772834649006,29460823505
1772834650005,29504420196
1772834651005,29544780810
1772834652006,29586877260
1772834653007,29629078202
1772834654006,29670027499
1772834655006,29709605889
1772834656006,29750191112
1772834657006,29790083832
1772834658006,29829535025
1772834659005,29869115551
1772834660006,29908836641
1772834661006,29949657032
1772834662006,29991375675
1772834663005,30033906206
1772834664006,30077327664
1772834665006,30120292642
1772834666006,30161167416
1772834667006,30200282733
1772834668006,30241297337
1772834669006,30280391415
1772834670005,30320037981
1772834671006,30360060705
1772834672006,30402026479
1772834673006,30444201237
1772834674006,30483681238
1772834675006,30523155808
1772834676006,30563212346
1772834677006,30603235010
1772834678006,30644998330
1772834679006,30687175835
1772834680007,30728348764
1772834681006,30768844876
1772834682005,30810678265
1772834683006,30853989922
1772834684006,30894173779
1772834685006,30934445404
1772834686006,30975257922
1772834687006,31014728219
1772834688006,31054036041
1772834689006,31093912647
1772834690006,31133126658
1772834691006,31173178192
1772834692006,31215071883
1772834693007,31257566831
1772834694006,31301447150
1772834695006,31344614459
1772834696005,31384662880
1772834697006,31424767696
1772834698006,31465669081
1772834699006,31504880956
1772834700006,31544398555
1772834701006,31583865067
1772834702006,31626683622
1772834703006,31668153487
1772834704006,31708409915
1772834705006,31748343101
1772834706006,31788337078
1772834707005,31827941713
1772834708006,31869280902
1772834709006,31911312716
1772834710006,31955125958
1772834711006,31995137513
1772834712006,32036802751
1772834713006,32079358489
1772834714006,32119753893
1772834715006,32159923346
1772834716006,32200708764
1772834717006,32240572859
1772834718006,32280341129
1772834719007,32320070824
1772834720005,32359415450
1772834721006,32399926028
1772834722006,32441149311
1772834723006,32482868259
1772834724006,32527208905
1772834725006,32567114259
1772834726006,32607764241
1772834727006,32646798076
1772834728006,32687106689
1772834729006,32726335226
1772834730006,32765526898
1772834731006,32805966065
1772834732007,32848468703
1772834733006,32889674774
1772834734005,32930021289
1772834735006,32969571115
1772834736006,33010334194
1772834737006,33049495349
1772834738006,33090113897
1772834739007,33133169695
1772834740006,33175088716
1772834741006,33215009695
1772834742006,33256894110
1772834743006,33299410175
1772834744006,33340001136
1772834745006,33380434260
1772834746007,33421218945
1772834747006,33460864230
1772834748006,33500861869
1772834749006,33540961925
1772834750006,33581024383
1772834751006,33621118885
1772834752006,33662552556
1772834753006,33705436724
1772834754006,33749072232
1772834755006,33790726727
1772834756006,33831006715
1772834757006,33870723532
1772834758006,33911374917
1772834759006,33950631958
1772834760006,33989997274
1772834761006,34030036357
1772834762006,34072692741
1772834763006,34113644114
1772834764006,34153070771
1772834765006,34192426871
1772834766006,34233432870
1772834767006,34273861416
1772834768006,34315269696
1772834769005,34358404595
1772834770006,34400354989
1772834771006,34440347684
1772834772006,34482123273
1772834773006,34524626277
1772834774006,34564790603
1772834775007,34605115390
1772834776006,34645605154
1772834777005,34685254711
1772834778006,34725366486
1772834779006,34765615467
1772834780006,34804952219
1772834781005,34845589383
1772834782006,34888412211
1772834783006,34930742547
1772834784006,34973391241
1772834785006,35016862688
1772834786006,35057479405
1772834787006,35098057365
1772834788006,35138549388
1772834789005,35178337555
1772834790006,35218606190
1772834791006,35258746407
1772834792005,35301365316
1772834793006,35342954016
1772834794006,35382026792
1772834795006,35421792803
1772834796006,35461413918
1772834797006,35501656185
1772834798006,35542991590
1772834799006,35585665370
1772834800006,35627865152
1772834801006,35667531310
1772834802006,35709510512
1772834803004,35751726041
1772834804006,35792152634
1772834805006,35832391667
1772834806006,35873706258
1772834807005,35914075112
1772834808006,35954091184
1772834809007,35993754779
1772834810006,36032942911
1772834811006,36074146724
1772834812006,36116559213
1772834813007,36159226523
1772834814006,36202487826
1772834815006,36246324506
1772834816006,36286947815
1772834817006,36326860677
1772834818006,36367615089
1772834819006,36407204221
1772834820007,36447464982
1772834821006,36488843172
1772834822006,36530803331
1772834823006,36573263855
1772834824006,36613208332
1772834825007,36652689982
1772834826006,36692869200
1772834827006,36732362019
1772834828006,36773949071
1772834829006,36817274277
1772834830006,36858561525
1772834831006,36898657187
1772834832006,36941318210
1772834833006,36983265246
1772834834006,37024005804
1772834835005,37064206568
1772834836006,37104723065
1772834837006,37144129642
1772834838006,37184659750
1772834839006,37224300274
1772834840006,37264432801
1772834841006,37304609944
1772834842006,37346599521
1772834843006,37388624255
1772834844005,37431754882
1772834845006,37474043165
1772834846006,37514626618
1772834847006,37554532339
1772834848006,37595785163
1772834849006,37635689296
1772834850006,37675129442
1772834851006,37715292425
1772834852006,37757196065
1772834853006,37799137914
1772834854006,37838962580
1772834855006,37878426773
1772834856007,37918250829
1772834857006,37958171625
1772834858006,37999432872
1772834859006,38042262169
1772834860006,38084452491
1772834861005,38124855525
1772834862005,38167293893
1772834863006,38209428428
1772834864006,38251470069
1772834865006,38290758603
1772834866006,38330916276
1772834867005,38371274144
1772834868006,38411638665
1772834869006,38451293410
1772834870006,38491277316
1772834871006,38531409171
1772834872006,38574322575
1772834873006,38616399188
1772834874006,38659128937
1772834875006,38700986130
1772834876006,38741275150
1772834877007,38781337670
1772834878006,38822916054
1772834879006,38862724851
1772834880007,38902563067
1772834881007,38943168310
1772834882006,38985211354
1772834883006,39027589114
1772834884006,39067448632
1772834885006,39107548627
1772834886006,39147953552
1772834887006,39188003194
1772834888007,39229325537
1772834889006,39272422411
1772834890006,39314500367
1772834891006,39354673726
1772834892007,39397199924
1772834893006,39439473497
1772834894006,39480705081
1772834895006,39520875693
1772834896006,39561601969
1772834897006,39601298461
1772834898006,39641551288
1772834899006,39681149331
1772834900006,39720787535
1772834901007,39760894366
1772834902006,39803273591
1772834903006,39845404343
1772834904006,39889490350
1772834905006,39932227790
1772834906005,39971643094
1772834907006,40010755665
1772834908006,40052117986
1772834909006,40092021753
1772834910006,40132621259
1772834911006,40172527590
1772834912006,40215059280
1772834913006,40257405546
1772834914006,40297313586
1772834915006,40337502570
1772834916006,40377713832
1772834917006,40417029710
1772834918006,40458469363
1772834919006,40501620985
1772834920006,40544304775
1772834921006,40584209275
1772834922006,40625977051
1772834923006,40668969068
1772834924006,40710940640
1772834925006,40751528793
1772834926006,40791901370
1772834927007,40831268335
1772834928006,40870979110
1772834929006,40910298772
1772834930006,40950005580
1772834931007,40989635056
1772834932006,41031463074
1772834933006,41073556045
1772834934006,41115538176
1772834935005,41160084754
1772834936006,41199847408
1772834937006,41239101397
1772834938006,41280326573
1772834939006,41320037714
1772834940006,41360402906
1772834941007,41400279757
1772834942007,41442159776
1772834943006,41484754882
1772834944005,41524525166
1772834945006,41563986491
1772834946006,41603895874
1772834947006,41643970478
1772834948006,41685536107
1772834949007,41728193651
1772834950006,41771204894
1772834951006,41811039691
1772834952005,41852446568
1772834953006,41894737597
1772834954006,41936594607
1772834955006,41976624656
1772834956006,42017368814
1772834957006,42057351561
1772834958006,42096969135
1772834959006,42137431007
1772834960006,42176553038
1772834961006,42217540543
1772834962006,42258844697
1772834963006,42301504500
1772834964006,42343884641
1772834965005,42384353409
1772834966006,42424505955
1772834967006,42463793392
1772834968006,42504910657
1772834969006,42544758760
1772834970005,42584648185
1772834971006,42625226145
1772834972006,42667048731
1772834973004,42709075478
1772834974006,42748971311
1772834975006,42789590409
1772834976007,42829917515
1772834977005,42870044976
1772834978006,42911465341
1772834979006,42954818197
1772834980006,42995607277
1772834981006,43037024956
1772834982006,43078471383
1772834983006,43121059653
1772834984005,43162035195
1772834985006,43202848323
1772834986007,43244643565
1772834987006,43287497826
1772834988006,43328009197
1772834989006,43367907959
1772834990006,43408472370
1772834991006,43448884253
1772834992006,43490939932
1772834993006,43534138613
1772834994006,43577457044
1772834995006,43618308258
1772834996006,43658065725
1772834997006,43697814708
1772834998006,43739570704
1772834999006,43779620162
1772835000006,43819140447
1772835001006,43858961634
1772835002006,43900853372
1772835003006,43942073970
1772835004006,43983810008
1772835005006,44023679047
1772835006006,44064345813
1772835007007,44103630319
1772835008006,44144881739
1772835009006,44187685707
1772835010006,44230648365
1772835011006,44270893013
1772835012006,44314708819
1772835013005,44357364350
1772835014006,44398369738
1772835015006,44438609015
1772835016006,44479088220
1772835017006,44519755597
1772835018006,44559308901
1772835019006,44599314536
1772835020007,44639011944
1772835021005,44684730028
1772835022006,44739971585
1772835023006,44789868491
1772835024006,44869976868
1772835025004,44952081699
1772835026005,45034165596
1772835027006,45111338005
1772835028006,45159689505
1772835029005,45229642085
1772835030006,45311366973
1772835031005,45393369205
1772835032005,45476474888
1772835033003,45569890542
1772835034003,45671809471
1772835035004,45783310467
1772835036006,45890835522
1772835037005,45976012550
1772835038005,46077577292
1772835039004,46158271238
1772835040004,46239803500
1772835041006,46321123666
1772835042006,46404086405
1772835043006,46486847912
1772835044005,46567974352
1772835045004,46649491966
1772835046004,46730956052
1772835047005,46813007599
1772835048004,46893943610
1772835049004,46974751570
1772835050005,47055822102
1772835051006,47125949913
1772835052005,47194129243
1772835053005,47276400944
1772835054005,47357439494
1772835055005,47438684525
1772835056006,47506612574
1772835057006,47579689963
1772835058005,47662276665
1772835059005,47743016815
1772835060005,47811021158
1772835061005,47879286974
1772835062005,47961051169
1772835063005,48034216021
1772835064006,48082699478
1772835065005,48137870235
1772835066005,48184602416
1772835067006,48233047482
1772835068006,48280419675
1772835069006,48327124817
1772835070006,48367054951
1772835071006,48407185159
1772835072006,48456180273
1772835073006,48499962448
1772835074006,48544900688
1772835075006,48586413887
1772835076006,48626863552
1772835077006,48668366680
1772835078006,48709197447
1772835079006,48749006549
1772835080006,48788331400
1772835081006,48828633482
1772835082006,48877565669
1772835083006,48931720986
1772835084005,48976473008
1772835085004,49025192549
1772835086006,49074084941
1772835087005,49123021156
1772835088006,49171600682
1772835089006,49226318926
1772835090005,49296694478
1772835091006,49351128421
1772835092006,49439163352
1772835093005,49522199394
1772835094003,49598769511
1772835095004,49655903703
1772835096006,49701443381
1772835097006,49758971676
1772835098006,49808642325
1772835099006,49856318290
1772835100006,49900849182
1772835101005,49941152423
1772835102006,49983882661
