185083788269
41046857910
1780908262067
185149371826
41110743957
1780908263069
185225575744
41179242736
1780908264070
185308660156
41250604309
1780908265071
185377881530
41333968933
1780908266071
185449470581
41420152648
1780908267072
185531226074
41507566833
1780908268072
185609910034
41579117370
1780908269073
185684741882
41654013244
1780908270074
185759358520
41734604858
1780908271074
185831828186
41809965820
1780908272075
185911123657
41883222351
1780908273075
185987241149
41965623474
1780908274076
186047239379
42034655273
1780908275077
186095010681
42093255310
1780908276077
186150698181
42162124450
1780908277078
186205721862
42216276977
1780908278078
186270182556
42276612792
1780908279079
186343266113
42362276123
1780908280080
186417604492
42443089416
1780908281080
186511931640
42513876342
1780908282081
186604940673
42590747375
1780908283082
186698223144
42670485290
1780908284082
186792771728
42748170593
1780908285083
186886459899
42824902526
1780908286083
186979788513
42897211547
1780908287084
187071396423
42975488159
1780908288084
187168447570
43058471130
1780908289085
187266826477
43138843139
1780908290085
187330548645
43208397155
1780908291086
187390076538
43280167053
1780908292086
187443489196
43349782653
1780908293087
187496673645
43414809631
1780908294088
187560929687
43485358093
1780908295088
187645564575
43555994873
1780908296089
187738728027
43630884521
1780908297089
187834390747
43711208618
1780908298090
187928495483
43788274719
1780908299091
188019327514
43862824279
1780908300091
188111984191
43947035888
1780908301092
188207077087
44037834106
1780908302092
188303096130
44130573547
1780908303093
188393799865
44220615783
1780908304093
188482522155
44310374755
1780908305094
188570714782
44401182189
1780908306094
188655792053
44490702026
1780908307095
188727280212
44547696777
1780908308095
188789150329
44602345886
1780908309096
188861258178
44664130187
1780908310096
188931608398
44727674987
1780908311097
189002257507
44780600463
1780908312098
189089126464
44863506958
1780908313098
189171491699
44950409179
1780908314099
189256209472
45039933410
1780908315099
189342374816
45128887023
1780908316101
189437558532
45218840087
1780908317101
189529658447
45307966125
1780908318102
189619728576
45398701477
1780908319103
189706486511
45489009399
1780908320103
189792015563
45579055664
1780908321103
189886947875
45670867065
1780908322104
189971209960
45759244201
1780908323104
190047945556
45845856323
1780908324105
190130505859
45909929992
1780908325105
190200872985
45958685729
1780908326106
190266868652
46012128295
1780908327107
190338698608
46075482971
1780908328108
190404991699
46126140258
1780908329108
190486073669
46206211975
1780908330109
190575097656
46295179809
1780908331110
190659421386
46386129333
1780908332110
190747208862
46476937927
1780908333111
190835497863
46568315979
1780908334111
190914117858
46655410339
1780908335112
190995910156
46746091369
1780908336112
191085324523
46835565429
1780908337113
191169369140
46923737792
1780908338113
191261109924
47009971130
1780908339114
191350861328
47099287109
1780908340114
191437355651
47184292968
1780908341115
191513401428
47252136352
1780908342115
191579881835
47312028625
1780908343116
191656413879
47375182434
1780908344116
191729433593
47436311096
1780908345117
191786362854
47485957336
1780908346117
191859542846
47552359191
1780908347118
191934955688
47637778564
1780908348119
192017595886
47725524414
1780908349119
192094802856
47813533752
1780908350120
192179538513
47901787475
1780908351120
192262057312
47985240112
1780908352121
192337140563
48067499328
1780908353121
192413476867
48149900756
1780908354122
192496654968
48239863464
1780908355122
192567976440
48328932922
1780908356123
192646110473
48414634948
1780908357123
192723977539
48505212158
1780908358124
192789641906
48566955383
1780908359124
192860929626
48618640808
1780908360125
192923694274
48667894104
1780908361126
192975874145
48709531921
1780908362126
193025428100
48748131652
1780908363127
193093657836
48823652954
1780908364128
193177382568
48911164978
1780908365128
193273914489
49002946533
1780908366129
193366494812
49094341125
1780908367129
193460063659
49185495605
1780908368130
193537584777
49274402099
1780908369130
193614752136
49362827575
1780908370131
193876078063
49621742126
1780908373076
193994699218
49749259948
1780908374076
194123740905
49891711181
1780908375077
194252913818
50028445251
1780908376077
194343242736
50112689331
1780908377078
194429419189
50200492980
1780908378078
194553936889
50335302978
1780908379079
194685861267
50458464965
1780908380080
194793602783
50565090332
1780908381080
194875633911
50626730346
1780908382081
195001032592
50759136474
1780908383082
195134702392
50894309509
1780908384082
195272518554
51035932189
1780908385083
195407185607
51170329345
1780908386084
195544214416
51302851135
1780908387084
195680302062
51438121398
1780908388085
195816888183
51582549743
1780908389085
195958010620
51730515869
1780908390086
196103105529
51877945434
1780908391086
196244023071
52026673034
1780908392087
196387928527
52170454772
1780908393087
196526893066
52314726867
1780908394088
196662800048
52458365173
1780908395088
196796514953
52588728637
1780908396089
196924984252
52708416992
1780908397089
197049472045
52830361511
1780908398090
197179289794
52951459472
1780908399091
197303503417
53075114624
1780908400091
197434034423
53202081787
1780908401092
197584825195
53350289672
1780908402092
197689811035
53458193786
1780908403092
197814760009
53583463378
1780908404093
197971893920
53731395935
1780908405094
198127910034
53878561767
1780908406094
198285951721
54024674682
1780908407095
198431996154
54148145874
1780908408095
198587549194
54286355041
1780908409096
198745930175
54435114440
1780908410096
198900553894
54586544860
1780908411097
199057546752
54740244018
1780908412097
199213817504
54887401916
1780908413098
199371139099
55034253417
1780908414098
199521934387
55176895263
1780908415099
199623722290
55256175903
1780908416099
199714504943
55324103454
1780908417100
199797398925
55392099365
1780908418100
199889935302
55459431884
1780908419101
199983216369
55527565429
1780908420102
200087339355
55622221191
1780908421102
200176851013
55701544555
1780908422103
200268151306
55778462463
1780908423103
200364533142
55859372863
1780908424104
200442917968
55931469848
1780908425104
201949719604
57282059753
1780908442517
202043482849
57366936584
1780908443517
202139454345
57449230346
1780908444518
202235780151
57536782653
1780908445518
202328874877
57621684143
1780908446519
202421857543
57706445373
1780908447519
202518510375
57798228576
1780908448520
202610889404
57881049072
1780908449520
202704804382
57969381164
1780908450521
202800712951
58053747802
1780908451521
202879199035
58124129760
1780908452522
202941461853
58190651000
1780908453522
203006560729
58257078369
1780908454523
203067828002
58320139465
1780908455523
203130161193
58383764465
1780908456524
203220022155
58464523925
1780908457525
203320879211
58557095153
1780908458525
203423207336
58653027343
1780908459526
203527364379
58751117370
1780908460527
203611289184
58843291564
1780908461527
203679539978
58932215209
1780908462528
203764977294
59023447509
1780908463528
203859107666
59116160644
1780908464528
203943207702
59205902221
1780908465529
204035063598
59299514465
1780908466529
204119838806
59394317749
1780908467530
204208232788
59484934875
1780908468530
204297317321
59565033935
1780908469531
204376987609
59627661743
1780908470531
204466388977
59706326477
1780908471532
204557031860
59789997375
1780908472533
204639910949
59875340393
1780908473534
204746765625
59976026733
1780908474534
204893473327
60112835571
1780908475535
205030470642
60246604736
1780908476535
205170299926
60382553222
1780908477536
205312940673
60519965454
1780908478536
205454333618
60654641479
1780908479536
205600518249
60787812377
1780908480537
205748311767
60920473205
1780908481537
205889070495
61053604919
1780908482538
206031676086
61191069763
1780908483538
206171538818
61326611083
1780908484539
206310191406
61459632080
1780908485539
206449563964
61593645324
1780908486540
206580129943
61712609069
1780908487540
206776869018
61884850036
1780908489068
206914484069
61994188049
1780908490069
207050282165
62103061889
1780908491069
207193716064
62219886535
1780908492070
207331187988
62349727416
1780908493070
207467927795
62475099243
1780908494071
207609170715
62600768310
1780908495071
207752275817
62727323547
1780908496072
207896551208
62859276428
1780908497073
208039866027
62991158569
1780908498073
208188005737
63122623962
1780908499073
208331521606
63251041381
1780908500074
208479300109
63380440124
1780908501074
208630357482
63505952087
1780908502075
208775377197
63632334045
1780908503075
208918727905
63752349365
1780908504076
209057711181
63867283813
1780908505076
209195402709
63975084899
1780908506077
209327124450
64092805908
1780908507077
209465875061
64209844177
1780908508078
209608973754
64322630554
1780908509078
209754529296
64448578063
1780908510079
209908697326
64574217590
1780908511079
210055275390
64701464965
1780908512080
210203968200
64825996154
1780908513080
210351097778
64961779663
1780908514081
210495820861
65095844116
1780908515081
210638707946
65223084960
1780908516082
210783539978
65358466308
1780908517082
210927353332
65488498718
1780908518083
211070425720
65626979919
1780908519083
211215561950
65765133239
1780908520084
211348172851
65894289001
1780908521084
211484299255
66002934326
1780908522085
211621508850
66116889282
1780908523086
211749329467
66221922912
1780908524086
211891262023
66341265258
1780908525087
212026779479
66456582397
1780908526087
212167706909
66592505310
1780908527088
212308570190
66725363647
1780908528088
212450171325
66859945739
1780908529089
212595978271
66997755310
1780908530089
212737256896
67133081237
1780908531090
212881195739
67269138427
1780908532090
213025380004
67401304138
1780908533091
213166908020
67536231506
1780908534091
213309919311
67677748657
1780908535092
213449029418
67811482360
1780908536092
213590635803
67944284912
1780908537093
213733133483
68080561767
1780908538093
213873477905
68205816894
1780908539094
214013712341
68315910949
1780908540094
214151812805
68432993286
1780908541095
214286451477
68539784545
1780908542095
214413822753
68646313293
1780908543096
214533813842
68761442504
1780908544096
214660073242
68890889038
1780908545097
214778417480
68997343505
1780908546097
214878268798
69082573852
1780908547098
214995507263
69194355468
1780908548099
215124358581
69317923767
1780908549099
215253035400
69445818176
1780908550100
215381362243
69576063293
1780908551100
215512627868
69701859252
1780908552101
215642658813
69827636230
1780908553101
215768222351
69951817321
1780908554102
215898162536
70076431457
1780908555102
216030313842
70202395263
1780908556103
216147698242
70318230102
1780908557103
216257986694
70432195983
1780908558104
216370740905
70544806945
1780908559104
216482254821
70654914916
1780908560105
216600528625
70770551574
1780908561105
216733035034
70897181335
1780908562106
216866872009
71021234924
1780908563107
216996471374
71142723571
1780908564107
217128064758
71269899169
1780908565108
217259390686
71392594482
1780908566108
217388323425
71517303710
1780908567109
217522610778
71645245666
1780908568109
217652596679
71768020507
1780908569109
217781829223
71891014770
1780908570110
217913951599
72015841308
1780908571110
218048384277
72141499755
1780908572111
218179660156
72263729248
1780908573111
218309753662
72387177490
1780908574112
218421396606
72500501892
1780908575113
218528908996
72609406311
1780908576113
218649125305
72725399841
1780908577114
218771828002
72839285827
1780908578114
218892163024
72957705322
1780908579115
219026292175
73085441711
1780908580115
219158279785
73209327819
1780908581115
219290867370
73334900268
1780908582116
219423466491
73459674499
1780908583116
219554666870
73582951171
1780908584117
219688290954
73710807922
1780908585117
219819211730
73834846374
1780908586118
219951669067
73961447631
1780908587119
220078694396
74089462707
1780908588119
220212007934
74217862487
1780908589119
220342513671
74345570434
1780908590120
220472225280
74471346740
1780908591120
220583835937
74597848937
1780908592121
220686732788
74713676391
1780908593121
220797848999
74828083068
1780908594122
220907461914
74943504150
1780908595122
221020846862
75056888488
1780908596123
221149273498
75180410156
1780908597123
221284774597
75309390686
1780908598124
221416290100
75433686706
1780908599124
221546751281
75560614196
1780908600125
221683618347
75688803894
1780908601125
221823838928
75817883666
1780908602126
221956987487
75944187500
1780908603126
222093930358
76072943908
1780908604127
222225738220
76197453979
1780908605128
222357259033
76321340454
1780908606128
222492412841
76449114807
1780908607129
222626915344
76575048522
1780908608129
222764459411
76708101196
1780908609130
222888527099
76830268310
1780908610130
223008057189
76934535034
1780908611131
223122102294
77044509582
1780908612131
223235682312
77152536621
1780908613132
223343931396
77263401794
1780908614132
223472657226
77376288146
1780908615133
223597355712
77483737976
1780908616133
223714651489
77592597351
1780908617134
223831115417
77703370605
1780908618134
223952317687
77817276306
1780908619135
224082413696
77938583801
1780908620135
224212350585
78059955627
1780908621136
224342796325
78182844726
1780908622136
224472108886
78301282592
1780908623137
224572296997
78404572265
1780908624137
224657684814
78493374511
1780908625138
224732913696
78584722900
1780908626138
224811896667
78676003234
1780908627139
224897741149
78766060974
1780908628139
224993936706
78866250305
1780908629140
225076524230
78958161926
1780908630140
225150425476
79022169006
1780908631140
225215348510
79072466247
1780908632141
225281220031
79120501647
1780908633142
225356701599
79180659606
1780908634143
225425102478
79232192016
1780908635144
225497574462
79309362731
1780908636145
225577750305
79399218627
1780908637145
225657407836
79486037170
1780908638145
225739292114
79575204223
1780908639146
225825915954
79666511657
1780908640147
225906378295
79754219421
1780908641147
225987075195
79839764892
1780908642148
226065765136
79930016174
1780908643148
226145648193
80015891540
1780908644148
226229750854
80105380493
1780908645149
226308644348
80194078735
1780908646149
226390001831
80284091857
1780908647150
226459938903
80351561889
1780908648150
226530644470
80414915283
1780908649151
226599179138
80473001953
1780908650151
226666620971
80525389709
1780908651152
226735687927
80578427490
1780908652153
226809710449
80651864135
1780908653154
226893094970
80736252868
1780908654154
226982037780
80825896789
1780908655155
227061534545
80913661560
1780908656155
227144698181
80999418212
1780908657156
227232395690
81086498779
1780908658156
227310617675
81173119079
1780908659157
227390897827
81262197387
1780908660157
227481906677
81349080688
1780908661157
227561422241
81434739196
1780908662158
227637781433
81527338195
1780908663158
227718819396
81618340637
1780908664159
227795608703
81690520935
1780908665159
227861927185
81741425720
1780908666160
227935741333
81803442382
1780908667161
228005250183
81854149597
1780908668162
228072168151
81901959106
1780908669163
228146373718
81976100891
1780908670164
228226372741
82062157836
1780908671164
228310408996
82148947753
1780908672165
228386951110
82238566406
1780908673165
228461881713
82325728332
1780908674166
228543990295
82414046325
1780908675166
228623341430
82504976257
1780908676167
228701221130
82595814392
1780908677167
228783383605
82687049377
1780908678168
228870232604
82773945190
1780908679168
228951823364
82861010620
1780908680169
229032147583
82946643310
1780908681169
229111625061
83021017578
1780908682170
229182288330
83068902648
1780908683171
229247238220
83117699829
1780908684172
229316558349
83177191101
1780908685173
229379052124
83227582763
1780908686173
229447840148
83293073913
1780908687174
229532731689
83379177368
1780908688174
229612546752
83467218322
1780908689175
229690588012
83558747985
1780908690175
229774737243
83648983947
1780908691176
229850843933
83737062622
1780908692176
229927821350
83825974731
1780908693177
230015090270
83911825134
1780908694177
230103455139
84003358154
1780908695178
230179679321
84092387939
1780908696178
230264095764
84179190795
1780908697179
230344078430
84263763610
1780908698180
230421489074
84341925964
1780908699180
230488353454
84403651245
1780908700181
230554159973
84453120483
1780908701181
230615534362
84502499206
1780908702182
230677918395
84553219604
1780908703183
230740274291
84607503112
1780908704184
230841255004
84703849853
1780908705185
230924672973
84792604187
1780908706186
231007466064
84875761901
1780908707186
231085025756
84964351257
1780908708187
231170087951
85054542358
1780908709187
231252439147
85143004638
1780908710188
231331393371
85232572082
1780908711188
231413158569
85318545776
1780908712189
231484647338
85408805114
1780908713189
231560223571
85496545776
1780908714190
231646324584
85585823730
1780908715190
231725496643
85670975524
1780908716191
231787024169
85715733764
1780908717191
231849265686
85769650817
1780908718192
231906152099
85812475646
1780908719193
231962756225
85857675720
1780908720194
232033887817
85919307739
1780908721194
232117064575
86003512878
1780908722195
232187774414
86089468994
1780908723195
232263022766
86177356933
1780908724196
232338598327
86261160888
1780908725196
232418324890
86345377136
1780908726197
232546969726
86465414733
1780908727197
232689173461
86602633117
1780908728198
232830266479
86738219055
1780908729198
232973465942
86874886169
1780908730199
233115518676
87011569152
1780908731199
233257668945
87149057861
1780908732200
233399436889
87285760986
1780908733200
233538350769
87410646789
1780908734201
233675784912
87535873291
1780908735201
233817752685
87661038818
1780908736202
233963663085
87775203735
1780908737202
234113119201
87895671142
1780908738203
234262899475
88032638671
1780908739203
234413415100
88167315490
1780908740204
234561441406
88311616943
1780908741205
234710603332
88453996032
1780908742205
234860267150
88597914733
1780908743206
235008642150
88739829772
1780908744206
235159490234
88884725952
1780908745207
235307364074
89027593811
1780908746207
235456222412
89170412536
1780908747207
235607082946
89311809143
1780908748208
235756659667
89454574645
1780908749208
235902923095
89594942443
1780908750209
236056817382
89725072753
1780908751209
236197210388
89846594970
1780908752210
236333454284
89964046691
1780908753210
236475265563
90088791992
1780908754211
236625947570
90210925231
1780908755212
236772577392
90344261413
1780908756212
236923843566
90489369689
1780908757213
237073262145
90633052368
1780908758213
237223585693
90776839233
1780908759214
237374692016
90923025085
1780908760214
237523794921
91067221984
1780908761215
237673564086
91210531677
1780908762215
237823272460
91353476440
1780908763216
237971626037
91496717773
1780908764216
238121700805
91641402099
1780908765217
238270963928
91784991882
1780908766217
238421062377
91929887390
1780908767217
238568200805
92069731445
1780908768218
238716438842
92189764892
1780908769218
238857968261
92312393249
1780908770219
238997933105
92434596191
1780908771220
239144869628
92557864624
1780908772220
239287970581
92674875000
1780908773221
239438066101
92818326354
1780908774221
239588333984
92964237731
1780908775222
239742397094
93110041687
1780908776222
239891345825
93258022338
1780908777223
240047235107
93411289367
1780908778223
240197325195
93556252441
1780908779224
240346635375
93700318725
1780908780224
240501081970
93846704040
1780908781225
240652161254
93991027465
1780908782225
240803707397
94126128112
1780908783226
240955027404
94269682006
1780908784226
241104755187
94413200256
1780908785227
241258322570
94547243835
1780908786227
241403270874
94673698425
1780908787228
241548140808
94792941894
1780908788228
241694268005
94908946411
1780908789229
241835516174
95028816345
1780908790229
241978394287
95160774414
1780908791230
242126263549
95305924133
1780908792230
242277416198
95449230529
1780908793231
242427494873
95591660705
1780908794231
242577739196
95732131896
1780908795232
242729663330
95872897216
1780908796232
242884000244
96010483276
1780908797233
243037996215
96154057312
1780908798233
243188721130
96306413757
1780908799234
243334898742
96457695617
1780908800234
243479075439
96607649108
1780908801235
243617825012
96749252746
1780908802235
243716709594
96837989624
1780908803235
243794557006
96916231140
1780908804236
243877489257
96997109375
1780908805236
243946401733
97071165466
1780908806237
244016771911
97146948791
1780908807238
244092798522
97224279724
1780908808238
244195729492
97307443176
1780908809239
244298574584
97389612609
1780908810239
244400134704
97482661682
1780908811240
244501251281
97570434265
1780908812240
244604686889
97650272521
1780908813241
244710504638
97734759338
1780908814241
244813324890
97817608581
1780908815242
244915576538
97902550109
1780908816243
245019213195
97998806030
1780908817243
245121213256
98088075805
1780908818243
245223042480
98166585815
1780908819244
245320498779
98256738098
1780908820244
245393195739
98332175354
1780908821245
245461605834
98405262512
1780908822246
245532768310
98482027038
1780908823246
245600215209
98557173217
1780908824247
245687398071
98642686767
1780908825247
245789546447
98729053588
1780908826248
245889932739
98812283142
1780908827248
245994332946
98895497253
1780908828249
246096685241
98987618652
1780908829249
246200218566
99069647705
1780908830250
246307680969
99168458068
1780908831250
246411807556
99251510253
1780908832251
246514014343
99331009338
1780908833252
246616858703
99406893127
1780908834252
246720790039
99495839294
1780908835253
246821371459
99579943176
1780908836253
246908368103
99669063842
1780908837254
246982890441
99747543457
1780908838254
247051123352
99822768249
1780908839255
247120584167
99899522155
1780908840255
247192320739
99975607238
1780908841256
247273413452
100054867614
1780908842256
247372956115
100148760437
1780908843257
247474949401
100235157348
1780908844257
247575423461
100318913452
1780908845258
247676228881
100397404052
1780908846258
247779397277
100486225402
1780908847259
247882875366
100571912902
1780908848259
247984812133
100654155578
1780908849260
248087961608
100741346435
1780908850261
248192758666
100818343627
1780908851261
248296328247
100909462341
1780908852262
248396272949
100992937866
1780908853262
248481102355
101071022094
1780908854263
248552085510
101148449157
1780908855263
248620322143
101226793395
1780908856264
248690737426
101303589660
1780908857264
248775430969
101382508605
1780908858265
248867401428
101468310363
1780908859265
248969120788
101547352844
1780908860266
249070106018
101618901428
1780908861267
249172614440
101703262573
1780908862267
249274948059
101801038513
1780908863268
249357424438
101893666381
1780908864268
249436413391
101987084716
1780908865269
249506082763
102078383422
1780908866269
249578921691
102169801635
1780908867270
249654651916
102262435791
1780908868270
249730264892
102356196777
1780908869270
249805842285
102447121704
1780908870271
249882290283
102507733093
1780908871271
249947177673
102557066345
1780908872272
250027152893
102605545593
1780908873273
250108047546
102664251892
1780908874274
250183643005
102718537353
1780908875274
250258928039
102805394165
1780908876275
250339688842
102899543151
1780908877276
250413710510
102989092285
1780908878276
250487224914
103081414062
1780908879277
250569988769
103173086059
1780908880277
250643896972
103264560974
1780908881278
250716425048
103356616333
1780908882278
250789044494
103448628173
1780908883279
250861448852
103540207885
1780908884279
250940541503
103631034484
1780908885279
251015366333
103723098876
1780908886280
251087234191
103799526062
1780908887280
251154372802
103851763183
1780908888281
251224994506
103913037658
1780908889282
251282169494
103973529296
1780908890282
251349197875
104030455200
1780908891283
251416663146
104100853271
1780908892284
251485684204
104192054626
1780908893284
251558129150
104281973571
1780908894285
251637208618
104376073486
1780908895285
251713057189
104466770446
1780908896286
251788721801
104559864440
1780908897286
251868333312
104653937927
1780908898287
251939741333
104748574768
1780908899287
252014550048
104839481567
1780908900288
252092857360
104929245239
1780908901288
252166991821
105022036315
1780908902289
252233985656
105114792236
1780908903289
252305405395
105169901733
1780908904289
252383625427
105224873291
1780908905290
252447576782
105273813415
1780908906291
252517682800
105330018432
1780908907292
252585600646
105380260803
1780908908293
252658318176
105468486877
1780908909294
252732083923
105561015014
1780908910294
252803443115
105651817260
1780908911295
252874237243
105744385498
1780908912295
252954107849
105831849975
1780908913296
253024073242
105923931152
1780908914296
253105581115
106018674621
1780908915297
253190589538
106102622924
1780908916297
253270391723
106194935607
1780908917298
253363760864
106271856262
1780908918298
253455351562
106356718505
1780908919299
253529575927
106433868713
1780908920299
253583153381
106495978637
1780908921300
253638821166
106561057128
1780908922301
253691191162
106623135009
1780908923301
253743228454
106686810974
1780908924302
253829422607
106760916870
1780908925302
253922450317
106829682250
1780908926303
254016609680
106898625061
1780908927304
254110126953
106976811889
1780908928304
254206833618
107046922607
1780908929305
254303553283
107120346862
1780908930305
254400827453
107201135009
1780908931306
254494310058
107270880249
1780908932306
254590259338
107334696899
1780908933307
254683546142
107411237182
1780908934307
254777550720
107487191528
1780908935308
254872471313
107554065063
1780908936308
254935674682
107620062866
1780908937309
254991350524
107683466003
1780908938310
255044510925
107746523193
1780908939310
255101394958
107816857727
1780908940311
255155148864
107878783569
1780908941311
255241939453
107952300964
1780908942312
255336956054
108019531005
1780908943313
255431109863
108085428161
1780908944313
255526484558
108164565246
1780908945314
255620659729
108235830688
1780908946314
255713897155
108306341613
1780908947315
255811698486
108375340332
1780908948315
255906407531
108453814636
1780908949316
255999860412
108527923400
1780908950316
256094333801
108600241577
1780908951317
256188711425
108674546691
1780908952317
256266454467
108736910095
1780908953318
256317105712
108797590759
1780908954319
256379313110
108864637817
1780908955319
256445650695
108927828002
1780908956320
256499577270
108988627746
1780908957321
256572557067
109066751831
1780908958321
256666627075
109133966491
1780908959322
256760186584
109207197753
1780908960322
256853451293
109283244018
1780908961323
256948540344
109370842590
1780908962323
257042576477
109438012939
1780908963324
257136335327
109510924072
1780908964324
257231246887
109587181274
1780908965325
257326939514
109653728088
1780908966325
257423853759
109730220947
1780908967326
257521310913
109797707275
1780908968326
257619074279
109863874633
1780908969327
257686463134
109931677307
1780908970328
257739555236
109993049133
1780908971328
257792139526
110056938964
1780908972329
257844491394
110123674621
1780908973330
257894909606
110184621093
1780908974330
257983145263
110257222351
1780908975331
258077602966
110325898254
1780908976331
258172199523
110394564758
1780908977332
258269322570
110468651000
1780908978332
258365867858
110543650329
1780908979333
258461174499
110613470520
1780908980334
258555731018
110681882568
1780908981334
258648680236
110755772766
1780908982335
258742445739
110830317626
1780908983335
258837508544
110897274902
1780908984336
258935467102
110973075683
1780908985336
259010800903
111035929382
1780908986337
259063204162
111098415832
1780908987338
259128836242
111168098876
1780908988338
259198197570
111233115173
1780908989339
259257089721
111299279663
1780908990339
259332970397
111366757202
1780908991340
259426548767
111434606567
1780908992340
259521602050
111499597412
1780908993341
259618241210
111572540222
1780908994341
259712406616
111644540649
1780908995342
259806928405
111714324890
1780908996343
259899290771
111790141479
1780908997343
259992051269
111861084960
1780908998344
260084451110
111931251647
1780908999344
260180070129
112008402038
1780909000345
260275614440
112078500488
1780909001345
260369277893
112147742553
1780909002346
260422684997
112212105712
1780909003346
260472797241
112271884887
1780909004347
260534725769
112336678649
1780909005348
260593429382
112398901977
1780909006348
260650551513
112462096191
1780909007349
260743026000
112532343017
1780909008350
260834099731
112608202026
1780909009350
260926834655
112684921630
1780909010351
261022914978
112758806823
1780909011351
261119745056
112828896850
1780909012352
261214774047
112893360595
1780909013352
261310503295
112959459411
1780909014353
261404470275
113034523132
1780909015353
261500678588
113106968322
1780909016354
261592237182
113175487243
1780909017354
261686747680
113252840820
1780909018355
261761200073
113323874938
1780909019356
261816440307
113387696899
1780909020356
261877840087
113453804382
1780909021357
261929801330
113518951293
1780909022357
261980666503
113578944335
1780909023358
262058234924
113645409545
1780909024358
10171081
113714432617
1780909025359
106325866
113797866577
1780909026359
189328674
113890911315
1780909027360
266677246
113982381103
1780909028360
348051818
114058493164
1780909029361
425387145
114140975585
1780909030361
490464965
114225399414
1780909031362
572743408
114297820007
1780909032363
654094360
114373447509
1780909033363
733079895
114449439941
1780909034364
833357360
114527969848
1780909035364
909612854
114597056152
1780909036365
965465270
114659896789
1780909037365
1030960327
114728675292
1780909038366
1103733215
114784766479
1780909039367
1169436584
114839094970
1780909040367
1237132202
114915327453
1780909041368
1314951354
115005492736
1780909042368
1387143920
115096047912
1780909043369
1464958923
115182989135
1780909044369
1557345520
115264040222
1780909045370
1708604553
115408513671
1780909046370
1903277221
115612572692
1780909047371
2098654296
115818477416
1780909048371
2295292602
116021653381
1780909049372
2489688598
116223031982
1780909050373
2685909423
116428774230
1780909051373
2883033569
116635494873
1780909052374
3076257934
116839310302
1780909053374
3272051757
117044857971
1780909054375
3470065734
117250211914
1780909055375
3665715881
117459062866
1780909056376
3861075988
117666583618
1780909057377
4054254577
117874728759
1780909058377
4249549255
118082392456
1780909059378
4450505859
118294737182
1780909060379
4644803283
118498395690
1780909061379
4837167907
118698875488
1780909062380
5035105468
118906321899
1780909063380
5231020751
119113362365
1780909064381
5429227050
119322232666
1780909065382
5628586608
119530527893
1780909066382
5826770324
119739530395
1780909067383
6024960693
119948790039
1780909068383
6169043762
120050615783
1780909069384
6434473571
120204309020
1780909070384
6681181274
120398807189
1780909071385
6921126647
120606240356
1780909072385
7161232116
120832035522
1780909073386
7401270996
121056883361
1780909074387
7636645080
121283403625
1780909075387
7769724060
121406608764
1780909076388
7988074707
121551501220
1780909077389
8203793701
121713159362
1780909078389
8409023864
121913628173
1780909079390
8612196289
122125201232
1780909080390
8812410888
122338724365
1780909081391
9014467102
122553491760
1780909082392
9215583923
122766203918
1780909083392
9417471435
122979287963
1780909084393
9618848388
123192952148
1780909085393
9821117370
123405859252
1780909086394
10024907531
123619812377
1780909087394
10226297058
123830486389
1780909088395
10425238281
124038727539
1780909089395
10625939392
124248183227
1780909090396
10825393005
124455159362
1780909091396
11023251281
124661612609
1780909092397
11220925415
124868336853
1780909093398
11418303222
125075287353
1780909094398
11615360229
125283059020
1780909095399
11816058837
125491976684
1780909096399
12016937622
125700695007
1780909097400
12218628356
125909165405
1780909098401
12422889831
126121992980
1780909099401
12523855712
126214481323
1780909100402
12625280822
126463814208
1780909101403
12748458923
126724645690
1780909102403
12885679626
126964591979
1780909103404
13041629760
127204752502
1780909104405
13226630737
127444735595
1780909105405
13414334045
127684744934
1780909106405
13615279785
127924683593
1780909107406
13789479919
128154286743
1780909108407
13927112609
128398591308
1780909109407
14075107116
128638431152
1780909110408
14208330627
128874110229
1780909111408
14348497985
129107561035
1780909112409
14495632995
129338216064
1780909113409
14651401733
129567989562
1780909114410
14811243957
129797992614
1780909115410
14992422973
130024955017
1780909116411
15180404663
130250508972
1780909117412
15374073547
130474636352
1780909118412
15561654541
130702660095
1780909119413
15750021545
130929045715
1780909120413
15937540039
131149174987
1780909121414
16131019836
131367285583
1780909122414
16325171020
131586055847
1780909123415
16518232543
131802714477
1780909124416
16715564025
132017870117
1780909125416
16914988830
132234285034
1780909126417
17114377136
132448806701
1780909127417
17313864929
132664439086
1780909128418
17513228332
132878809020
1780909129419
17708551635
133093351928
1780909130419
17787756042
133181832702
1780909131420
17849136840
133289682678
1780909132420
17911808776
133558587158
1780909133421
18019298461
133815849670
1780909134422
18139598876
134055837707
1780909135422
18266932495
134295850708
1780909136423
18407204589
134535793334
1780909137423
18555433654
134775709899
1780909138424
18705518554
135015878173
1780909139424
18858127990
135229514099
1780909140425
18979946289
135362644348
1780909141425
19103138000
135493641906
1780909142426
19216888793
135602104797
1780909143426
19306788208
135690054809
1780909144427
19349130249
135731948669
1780909145427
19386586364
135759011901
1780909146428
19433871459
135800507690
1780909147429
19480071350
135842404479
1780909148429
19515756591
135868656494
1780909149430
19585020690
135939966857
1780909150431
19650233947
136025127746
1780909151432
19734667724
136112873901
1780909152432
19809044250
136197927490
1780909153433
19890931030
136275037780
1780909154434
19985430236
136363808532
1780909155434
20111735290
136481852355
1780909156434
20237711791
136611069824
1780909157435
20361746582
136739625793
1780909158435
20494941101
136870372436
1780909159436
20618908386
136997914123
1780909160436
20749623962
137120798645
1780909161437
20856890136
137242105102
1780909162437
20961565368
137355273254
1780909163438
21064943298
137471893554
1780909164438
21166148986
137592185424
1780909165439
21265956665
137709115661
1780909166439
21390317321
137831271240
1780909167440
21522121704
137955881652
1780909168440
21650075561
138076527709
1780909169441
21783362121
138201528137
1780909170441
21912739990
138322694824
1780909171442
22045558410
138443643737
1780909172442
22172194702
138562213439
1780909173443
22304096862
138684465820
1780909174443
22436017639
138806732482
1780909175444
22564176879
138927747009
1780909176445
22696796325
139050607421
1780909177445
22827531982
139174611511
1780909178446
22950894775
139293402160
1780909179446
23063479614
139415649291
1780909180447
23172337097
139529494750
1780909181447
23285717529
139637112365
1780909182448
23397006591
139745166992
1780909183449
23511923156
139854092468
1780909184449
23642867919
139979378112
1780909185450
23770982971
140101947326
1780909186450
23898099914
140226320373
1780909187451
24026220825
140345479980
1780909188451
24159334716
140471194030
1780909189452
24291702880
140594075622
1780909190452
24421775024
140714473083
1780909191453
24553336791
140839640563
1780909192454
24681126647
140958482910
1780909193454
24817863220
141085831054
1780909194455
24952645202
141213226806
1780909195455
25080354248
141334062866
1780909196456
25199240478
141446657653
1780909197456
25305384765
141558061462
1780909198457
25410664611
141663829528
1780909199458
25531020324
141773001342
1780909200458
25653193298
141875997985
1780909201459
25772718139
141989581176
1780909202460
25901714538
142110984313
1780909203460
26029720581
142230890136
1780909204461
26160994628
142351738403
1780909205461
26291508850
142474072631
1780909206462
26424488464
142597921386
1780909207462
26556836425
142720492553
1780909208463
26687638305
142842252136
1780909209463
26820678405
142965936950
1780909210464
26950747863
143088260620
1780909211464
27081748229
143209504882
1780909212465
27210463989
143329426391
1780909213465
27343030029
143448740234
1780909214466
27466792785
143557957763
1780909215466
27596901733
143685470520
1780909216623
27691590026
143781257141
1780909217623
27792949401
143898558532
1780909218624
27904566528
144022816406
1780909219624
28036668273
144149592163
1780909220625
28161539245
144275955383
1780909221625
28293164367
144405038513
1780909222626
28415942565
144524957153
1780909223626
28546388793
144645943969
1780909224627
28677242675
144769144165
1780909225627
28808330383
144891727416
1780909226628
28937090576
145010298828
1780909227628
29066922912
145130636108
1780909228629
29197324401
145249206298
1780909229630
29333116394
145373230834
1780909230630
29464380737
145494916748
1780909231631
29573827331
145603770629
1780909232631
29677387695
145711985961
1780909233632
29784258605
145822240661
1780909234632
29895786865
145931741333
1780909235633
30009925964
146044768798
1780909236634
30140400207
146165639221
1780909237634
30271276672
146286046569
1780909238635
30403053894
146404726867
1780909239635
30537473876
146526292846
1780909240636
30668449768
146646589843
1780909241636
30802785217
146768639160
1780909242637
30935717529
146889220520
1780909243637
31063361755
147011189758
1780909244638
31197543029
147133469726
1780909245639
31296166137
147230660400
1780909246639
31429838012
147356504272
1780909247640
31560714233
147477254272
1780909248640
31684206481
147596892456
1780909249641
31797103942
147699480224
1780909250641
31900790344
147812918212
1780909251642
32010369873
147928531860
1780909252642
32108525024
148041562683
1780909253643
32216084289
148159617736
1780909254643
32341803466
148281416503
1780909255644
32474740966
148407513244
1780909256644
32603955993
148528829040
1780909257645
32736530456
148652064636
1780909258645
32868245483
148773710754
1780909259646
32995185302
148893269470
1780909260646
33127736633
149016365600
1780909261647
33264669860
149143412170
1780909262647
33394170715
149263337158
1780909263648
33524922424
149384700134
1780909264648
33652825317
149502460205
1780909265649
33785858520
149627160827
1780909266649
33901959228
149746394836
1780909267650
34011942687
149863019226
1780909268651
34116925598
149974967773
1780909269651
34226386352
150088023925
1780909270652
34331265014
150195671264
1780909271652
34457487548
150314118041
1780909272653
34587412048
150439585815
1780909273653
34714832580
150566342651
1780909274654
34843533020
150684040832
1780909275654
34973862365
150806753295
1780909276655
35104258850
150924526367
1780909277655
35236226501
151047625000
1780909278656
35371986450
151173627563
1780909279656
35500147766
151293445800
1780909280657
35633741027
151430672973
1780909281657
35782000732
151577172363
1780909282658
35889678649
151683663635
1780909283658
36033829223
151823155090
1780909284659
36169950927
151946971740
1780909285659
36307575622
152063541015
1780909286660
36444512573
152186030273
1780909287660
36580509338
152314380249
1780909288661
36706463745
152442680358
1780909289661
36846230468
152589805480
1780909290662
36985199890
152735836791
1780909291662
37122616577
152878734619
1780909292663
37263716857
153023844238
1780909293663
37406510742
153172931823
1780909294664
37544664611
153318428710
1780909295664
37684383361
153467004943
1780909296665
37822650085
153614219848
1780909297665
37967314270
153762576354
1780909298666
38112177246
153911440979
1780909299666
38251785400
154056490234
1780909300667
38391123535
154204533813
1780909301667
38531156433
154350981994
1780909302668
38677387573
154478770874
1780909303668
38811381286
154600271240
1780909304669
38944403320
154718292419
1780909305670
39079340759
154840201965
1780909306670
39218441711
154958748352
1780909307671
39361890625
155094864196
1780909308671
39506934936
155239530700
1780909309672
39648797241
155381529968
1780909310672
39789087951
155521525268
1780909311673
39933424926
155664520019
1780909312673
40075371520
155805303100
1780909313673
40221768188
155948097351
1780909314674
40367608642
156087994995
1780909315674
40511831176
156228207153
1780909316675
40656232543
156366932556
1780909317675
40799876281
156507812500
1780909318676
40949253967
156648831604
1780909319676
41091132019
156766325927
1780909320677
41228439331
156883827209
1780909321677
41367552795
157000658569
1780909322677
41504862976
157122525817
1780909323678
41629260253
157259303100
1780909324679
41778545471
157403552368
1780909325679
41926144836
157545173278
1780909326679
42074191589
157687666137
1780909327680
42226926086
157832992065
1780909328680
42373074035
157980392761
1780909329681
42515775451
158122979125
1780909330681
42659230957
158262736816
1780909331682
42802021545
158403399108
1780909332682
42951979125
158543050476
1780909333683
43101684631
158685068420
1780909334683
43248526062
158824489379
1780909335684
43395421447
158965103088
1780909336684
43520935485
159093557373
1780909337685
43639792663
159232840087
1780909338685
43760497436
159376088562
1780909339686
43892196105
159504462524
1780909340686
44025711303
159628105712
1780909341687
44166360229
159771574829
1780909342687
44306591979
159917213073
1780909343688
44402197387
160022870422
1780909344689
44482983215
160116832153
1780909345689
44555487304
160210364624
1780909346690
44630829467
160304561096
1780909347690
44710973999
160399560974
1780909348691
44782097656
160494011413
1780909349692
44860548339
160589825561
1780909350692
44949393066
160686483337
1780909351693
45023846618
160782783691
1780909352693
45091517944
160862817016
1780909353694
45174310791
160918223510
1780909354695
45243564270
160969704406
1780909355695
45311390075
161026655151
1780909356696
45392513061
161082705627
1780909357696
45470065795
161149974426
1780909358697
45547961059
161245561523
1780909359697
45625260681
161336808044
1780909360698
45703651733
161429666564
1780909361698
45773826354
161523129516
1780909362699
45850386108
161615886596
1780909363700
45928235351
161710962341
1780909364700
46009721801
161803722778
1780909365701
46088314514
161898506713
1780909366701
46165636840
161989611816
1780909367701
46244012390
162080523010
1780909368702
46324736694
162174978149
1780909369703
46391804687
162229126159
1780909370703
46459573364
162277912841
1780909371704
46532550415
162327286193
1780909372704
46601361022
162375870544
1780909373705
46668775695
162428477783
1780909374706
46740339050
162521741149
1780909375706
46812066467
162615921997
1780909376707
46884951477
162708884887
1780909377707
46967258056
162802662780
1780909378708
47037927429
162897205383
1780909379708
47113267578
162990935485
1780909380708
47189243835
163084175170
1780909381709
47257555053
163179007629
1780909382709
47345161071
163276165344
1780909383710
47429413391
163370608398
1780909384710
47500375427
163464446899
1780909385711
47567954284
163534022277
1780909386711
47632791931
163586279174
1780909387712
47708605895
163642482116
1780909388712
47783898864
163698352355
1780909389713
47854764221
163753937561
1780909390713
47924899169
163830707824
1780909391714
47994982421
163923609680
1780909392714
48065162536
164016705383
1780909393715
48143697875
164109536804
1780909394715
48214863952
164202646728
1780909395716
48299307617
164297100158
1780909396716
48369528808
164392776000
1780909397716
48445515686
164488101379
1780909398717
48526188659
164580217834
1780909399717
48597276977
164675195800
1780909400718
48673379638
164770221618
1780909401718
48745567626
164842997253
1780909402719
48808675415
164890837158
1780909403719
48877956665
164945107055
1780909404720
48943211120
165002293395
1780909405721
49007947937
165055898620
1780909406721
49077593811
165122993347
1780909407722
49151724670
165215670043
1780909408723
49223400085
165308089416
1780909409723
49302369323
165402031494
1780909410724
49378889099
165497055358
1780909411724
49448106506
165590234863
1780909412725
49515881774
165685000427
1780909413726
49590643005
165778278503
1780909414726
49659402648
165870623168
1780909415727
49747365112
165964700683
1780909416727
49820827514
166058084350
1780909417728
49900802612
166149259155
1780909418729
49968698120
166199942382
1780909419729
50035806152
166252638061
1780909420730
50104079956
166316327575
1780909421731
50184410766
166365520385
1780909422732
50251439453
166415260314
1780909423732
50324725891
166507163635
1780909424733
50398205505
166598096496
1780909425733
50474536499
166689514221
1780909426734
50549958190
166780721740
1780909427734
50626183654
166874486206
1780909428735
50701950317
166967360290
1780909429735
50773949401
167058248413
1780909430736
50850904296
167149586608
1780909431736
50929418945
167240981079
1780909432737
50997878112
167335101745
1780909433738
51073410827
167427393249
1780909434738
51140759887
167485346374
1780909435739
51206768981
167536353332
1780909436739
51274224304
167587800842
1780909437740
51341774230
167648484191
1780909438741
51407001770
167696576904
1780909439741
51479239440
167778799194
1780909440742
51553798400
167872214233
1780909441742
51621566528
167965486267
1780909442743
51696445861
168057739257
1780909443743
51778722778
168150980895
1780909444744
51846448303
168244076477
1780909445744
51921912414
168338954467
1780909446745
51999940612
168431498474
1780909447746
52075239685
168526591247
1780909448746
52152081420
168619695678
1780909449747
52224321350
168713586547
1780909450747
52293637695
168787834655
1780909451748
52365930114
168839665588
1780909452748
52441293273
168887784973
1780909453749
52512861999
168939759765
1780909454750
52579642333
168989508422
1780909455750
52650701354
169060735351
1780909456751
52719172119
169151837341
1780909457752
52795622558
169244571411
1780909458752
52874036193
169338970031
1780909459753
52955536132
169432859558
1780909460753
53049102172
169522566345
1780909461754
53143232543
169593415283
1780909462754
53239588928
169658214233
1780909463755
53336290954
169731125915
1780909464755
53430702270
169808718444
1780909465756
53527786987
169878775634
1780909466756
53613223632
169950405639
1780909467757
53669630981
170019250732
1780909468758
53721605895
170082128845
1780909469759
53782541442
170148532043
1780909470759
53837450561
170211575378
1780909471760
53899326049
170273814880
1780909472761
53993872802
170341715637
1780909473761
54086821350
170415072326
1780909474761
54182863647
170481150146
1780909475762
54274293884
170559958740
1780909476763
54368034118
170632424804
1780909477763
54453794006
170704288391
1780909478764
54547741027
170774383605
1780909479764
54642659423
170848973754
1780909480765
54733550231
170929908386
1780909481765
54829005798
171001286865
1780909482766
54925407714
171070283935
1780909483766
55009561401
171143848083
1780909484767
55061446594
171206316650
1780909485767
55118065002
171270647766
1780909486768
55172911315
171336880310
1780909487768
55233379699
171403821044
1780909488769
55303348693
171470794616
1780909489770
55399104980
171539854980
1780909490770
55492991455
171613349975
1780909491771
55587307434
171689647644
1780909492771
55683453491
171754383422
1780909493772
55779845520
171825891845
1780909494772
55874124389
171897141357
1780909495773
55970538269
171964475402
1780909496773
56067825317
172038747131
1780909497774
56159838989
172116073181
1780909498774
56255012390
172184196777
1780909499775
56351137878
172257763122
1780909500775
56408177124
172324496093
1780909501776
56464015991
172386899414
1780909502776
56519888732
172453859252
1780909503777
56580333984
172517324401
1780909504777
56637942443
172579251037
1780909505778
56725773254
172651301086
1780909506779
56821087097
172719580749
1780909507779
56915680664
172794119873
1780909508779
57007812011
172876896484
1780909509780
57101809570
172949019287
1780909510780
57194932128
173019861877
1780909511781
57288767944
173092462158
1780909512781
57385619506
173158436645
1780909513782
57480094970
173233146789
1780909514782
57574297790
173304206909
1780909515783
57665407714
173379305969
1780909516783
57742191223
173445229736
1780909517784
57800521118
173512842468
1780909518785
57863733703
173581136901
1780909519785
57917255065
173643933471
1780909520786
57974303710
173707544799
1780909521787
58046220458
173774194641
1780909522787
58141087524
173838860290
1780909523788
58236935058
173914199340
1780909524788
58326311157
173990713500
1780909525789
58419618286
174058858886
1780909526789
58514020812
174130295227
1780909527790
58607832153
174206690551
1780909528790
58704406494
174273849121
1780909529791
58800575378
174349520446
1780909530791
58897080261
174417449523
1780909531792
58992909667
174488448547
1780909532792
59083745300
174557578063
1780909533793
59141011352
174622429809
1780909534793
59194447631
174684160217
1780909535794
59251596435
174752289306
1780909536795
59305000793
174814264038
1780909537795
59365369689
174878747070
1780909538796
59461074951
174949179382
1780909539796
59556716186
175017117492
1780909540797
59651578918
175090430969
1780909541797
59746882568
175162332397
1780909542798
59840100646
175232515136
1780909543798
59932424804
175306519897
1780909544799
60025272521
175375816833
1780909545799
60119340148
175451685546
1780909546800
60211371276
175521313537
1780909547800
60309717468
175595562500
1780909548801
60402019653
175673880004
1780909549801
60469810058
175740623535
1780909550802
60526864807
175805850341
1780909551803
60582170715
175874707031
1780909552803
60635908691
175936674621
1780909553805
60694485778
176003037658
1780909554806
60776463012
176066611755
1780909555806
60870720520
176138533691
1780909556807
60966963806
176208651428
1780909557807
61064093627
176282063293
1780909558808
61159405944
176350636230
1780909559808
61255244201
176425302185
1780909560809
61349277954
176495810974
1780909561809
61443273620
176564639160
1780909562810
61538292297
176642163757
1780909563810
61631426635
176715086181
1780909564811
61722724609
176792948181
1780909565811
61809223449
176864202270
1780909566811
61862753784
176925415710
1780909567812
61923989501
176994226867
1780909568813
61979733764
177059177795
1780909569814
62033843933
177122353637
1780909570815
62099147766
177184417053
1780909571815
62195251586
177269464599
1780909572816
62267690612
177354832092
1780909573816
62354577819
177432165100
1780909574817
62428162597
177510342773
1780909575818
62504142211
177585933898
1780909576818
62581147338
177665294250
1780909577818
62663648803
177744371582
1780909578819
62745213256
177829211120
1780909579820
62828587219
177903588256
1780909580820
62915556823
177996381347
1780909581821
62993411376
178091811645
1780909582821
63060889770
178162170776
1780909583822
63133042907
178222892456
1780909584822
63207356323
178286135009
1780909585823
63272930664
178339021240
1780909586823
63339327087
178392488891
1780909587824
63410415100
178472885131
1780909588825
63481629333
178566291687
1780909589825
63562210876
178658238769
1780909590826
63634791015
178751057678
1780909591826
63704135192
178844394958
1780909592827
63823006713
178978303649
1780909593827
64025955444
179177835754
1780909594828
64225100952
179378660766
1780909595828
64424819580
179580514282
1780909596829
64624336181
179780613098
1780909597829
64825027404
179980889648
1780909598830
65025516357
180182230590
1780909599831
65226349304
180390268798
1780909600831
65417530090
180589981933
1780909601832
65614765747
180794355224
1780909602832
65810729858
180993964050
1780909603833
66011286743
181196801574
1780909604834
66211743164
181399670593
1780909605834
66415662353
181607696228
1780909606835
66617127319
181813333557
1780909607835
66814596679
182018909790
1780909608836
67012389160
182224194458
1780909609837
67207088012
182424546936
1780909610837
67403974792
182630132141
1780909611838
67602729431
182840929443
1780909612838
67801127319
183051338806
1780909613839
67999622741
183261861145
1780909614840
68197826354
183472419982
1780909615840
68351216796
183641151550
1780909616841
68531179077
183839898254
1780909617841
68767567199
184090111206
1780909618842
69005869445
184336438293
1780909619842
69240255798
184576169311
1780909620843
69477342529
184816203002
1780909621844
69711339721
185056400329
1780909622844
69868561096
185198781311
1780909623845
70091447998
185328653930
1780909624845
70302317626
185503734863
1780909625846
70508158020
185711075378
1780909626847
70715909179
185916681640
1780909627847
70929445007
186108446716
1780909628848
71141465209
186298462402
1780909629849
71353570617
186491101379
1780909630849
71563889770
186693897460
1780909631850
71769288635
186902560607
1780909632851
71973308288
187114628967
1780909633851
72179625000
187326941589
1780909634852
72378981079
187538989990
1780909635853
72578955017
187752503479
1780909636853
72778531311
187965490051
1780909637854
72977906921
188179628723
1780909638854
73175652282
188392268188
1780909639855
73270051452
188471466796
1780909640856
73338545837
188528207519
1780909641856
73522417358
188594173339
1780909642857
73793934692
188709422241
1780909643857
74040893798
188890727111
1780909644858
74280864013
189070873535
1780909645859
74520899597
189248345092
1780909646859
74688430847
189419466186
1780909647860
74781050781
189507143798
1780909648860
74889969482
189626441223
1780909649861
75011184326
189754616577
1780909650861
75111096618
189855767150
1780909651862
75194736145
189936227355
1780909652862
75274069213
190014585205
1780909653863
75356145019
190086653381
1780909654863
75409794555
190145554870
1780909655864
75445612426
190177764160
1780909656865
75486027526
190217455444
1780909657865
75527518371
190258240600
1780909658866
75564036499
190292002197
1780909659867
75630608032
190366062683
1780909660868
75709548889
190462045043
1780909661868
75794136901
190557237792
1780909662869
75869863403
190654670532
1780909663869
75959645690
190743906250
1780909664870
76050514465
190825560729
1780909665870
76145945251
190896377319
1780909666871
76242157592
190969003051
1780909667871
76339167114
191051255920
1780909668872
76433505737
191130181457
1780909669872
76527482543
191204643981
1780909670873
76621196472
191282412841
1780909671873
76760542724
191414577087
1780909672874
76962223083
191614187255
1780909673874
77165019531
191814991088
1780909674875
77366422485
192016414367
1780909675876
77569318847
192219920776
1780909676876
77771600524
192423225219
1780909677877
77973225463
192627143859
1780909678878
78175186584
192827696777
1780909679878
78379027282
193031329162
1780909680879
78580796813
193235625488
1780909681880
78778647888
193434682128
1780909682880
78979883666
193642566833
1780909683881
79183920593
193852818298
1780909684881
79385604064
194058504394
1780909685882
79588489685
194264726318
1780909686882
79795521606
194470653381
1780909687883
79993784729
194671444335
1780909688884
80197128662
194878125549
1780909689884
80394155944
195081425537
1780909690885
80561185974
195250757751
1780909691885
80756672241
195441357360
1780909692886
80996167846
195687066406
1780909693887
81236586181
195934896606
1780909694887
81477622741
196174938110
1780909695888
81655406677
196378017883
1780909696888
81844074096
196524946472
1780909697889
82061401855
196702001525
1780909698890
82279891601
196884139404
1780909699890
82486669860
197081548034
1780909700891
82692926269
197293369079
1780909701891
82896666076
197505165161
1780909702892
83101280639
197719078430
1780909703893
83305744079
197934524414
1780909704893
83510732116
198148104125
1780909705894
83714772094
198361006530
1780909706894
83920438842
198570153808
1780909707895
84123061645
198773724304
1780909708896
84324688415
198977262695
1780909709896
84525840087
199180141235
1780909710897
84725194335
199380153625
1780909711897
84924065368
199583730346
1780909712898
85121192810
199787841186
1780909713899
85317670837
199996790466
1780909714899
85516167602
200204288330
1780909715900
85719146362
200410474670
1780909716901
85836800842
200516254211
1780909717901
86107062438
200662388793
1780909718902
86357221191
200833705200
1780909719902
86597221801
201019687072
1780909720903
86837255126
201223585937
1780909721903
87077231079
201442626953
1780909722904
87237752563
201642952331
1780909723905
87392807189
201883103027
1780909724906
87557789306
202120983520
1780909725906
87733120178
202358786743
1780909726928
87922750000
202582404052
1780909727928
88110788208
202805974914
1780909728929
88299513610
203025835388
1780909729929
88491341247
203246627380
1780909730930
88686496765
203467919311
1780909731930
88879258605
203687505432
1780909732931
89081225097
203903166320
1780909733931
89282877807
204121426879
1780909734932
89482548767
204333557983
1780909735933
89683988220
204545212829
1780909736933
89883910583
204757390319
1780909737934
90084581542
204970116516
1780909738935
90283031188
205181517517
1780909739935
90483318725
205395789245
1780909740936
90681691711
205609789428
1780909741936
90880337341
205822827697
1780909742937
90986563232
205981879028
1780909743938
91089384643
206251330505
1780909744938
91203993530
206491768920
1780909745938
91326033020
206731752319
1780909746939
91455798339
206971705383
1780909747939
91575641235
207211913391
1780909748940
91690082153
207451862060
1780909749941
91847127136
207600695922
1780909750941
92062791809
207753304443
1780909751942
92261100585
207960930847
1780909752942
92461549072
208184240661
1780909753943
92662249450
208405167663
1780909754944
92859110229
208629406555
1780909755944
93059194885
208850770629
1780909756945
93258649597
209069541442
1780909757946
93460916809
209289542785
1780909758947
93661565612
209510159423
1780909759947
93860560180
209724258666
1780909760948
94059719665
209937345581
1780909761949
94258318908
210148657165
1780909762949
94455937316
210357555603
1780909763950
94656027099
210569916809
1780909764951
94853434387
210781131469
1780909765951
95052460388
210993536926
1780909766952
95252180419
211207781433
1780909767952
95452228454
211421736328
1780909768953
95648974243
211631715026
1780909769954
95811559692
211806042968
1780909770954
95873102111
212005520202
1780909771955
95927274108
212269055480
1780909772956
96012034545
212509010070
1780909773956
96133549011
212748929931
1780909774957
96272980163
212989125244
1780909775957
96421144714
213229081787
1780909776958
96568382019
213469141357
1780909777958
96694974914
213680398193
1780909778959
96834653625
213928559997
1780909779959
96984443908
214168563354
1780909780960
97142308166
214408474792
1780909781960
97312875305
214645194702
1780909782961
97483271850
214880465148
1780909783961
97663739746
215114755554
1780909784962
97845303466
215347779968
1780909785963
98023016113
215578219543
1780909786963
98197353820
215803982360
1780909787964
98387369812
216028303100
1780909788964
98574558471
216252319885
1780909789965
98760475463
216471857055
1780909790965
98955125854
216687662048
1780909791966
99154510375
216902576049
1780909792966
99353517944
217117309997
1780909793967
99554053955
217333752624
1780909794968
99754644958
217549046997
1780909795968
99954387573
217764961120
1780909796969
100154115905
217980893066
1780909797969
100284600646
218121154907
1780909798970
100393417724
218391479003
1780909799970
100516068786
218640049987
1780909800971
100643938537
218880232849
1780909801971
100769630981
219120168762
1780909802972
100907376281
219360076293
1780909803972
101064791076
219600093261
1780909804973
101202947265
219776099304
1780909805973
101418282409
219933998962
1780909806974
101626755249
220117763610
1780909807975
101828176818
220326559265
1780909808975
102029761901
220551459045
1780909809976
102230653259
220774975341
1780909810977
102430620544
220996454040
1780909811977
102634873291
221217738769
1780909812978
102835965759
221438892639
1780909813978
103037246887
221663437500
1780909814979
103237730407
221888364440
1780909815980
103438090393
222110484008
1780909816980
103638562255
222327368347
1780909817981
103837210876
222542959960
1780909818982
104034929504
222758572265
1780909819982
104231644958
222973538757
1780909820983
104429268737
223190289123
1780909821983
104626137878
223405288635
1780909822984
104824140502
223620131103
1780909823985
105021696411
223836797180
1780909824985
105218627990
224051705871
1780909825986
105322786193
224203896118
1780909826987
105430278442
224474537963
1780909827987
105528352050
224714519653
1780909828988
105650385009
224954475097
1780909829989
105781657714
225194395202
1780909830989
105918461547
225434619079
1780909831990
106079729980
225663019287
1780909832990
106253951721
225809916809
1780909833991
106460207214
226007383666
1780909834991
106666043518
226213730163
1780909835992
106869702514
226427008178
1780909836992
107072809020
226643819885
1780909837993
107277978637
226866268737
1780909838994
107487675109
227087828979
1780909839995
107695703491
227311525207
1780909840995
107899980407
227533836975
1780909841996
108100865112
227761739440
1780909842996
108299812622
227989050109
1780909843997
108498672973
228213191650
1780909844998
108698337402
228433399414
1780909845998
108896635070
228648830444
1780909846999
109096197509
228863025695
1780909848000
109296152038
229078674194
1780909849000
109495600158
229292458740
1780909850001
109696104431
229506717651
1780909851002
109896408874
229724244628
1780909852002
110093627624
229940616333
1780909853003
110290622924
230156104614
1780909854003
110460429565
230333949707
1780909855004
110565297485
230541221557
1780909856005
110682937438
230801634704
1780909857005
110812137573
231041545898
1780909858006
110950301208
231281539978
1780909859006
111089622558
231521414978
1780909860007
111235389648
231761601318
1780909861007
111389131896
232001512023
1780909862008
111528003967
232205563903
1780909863008
111672829040
232451819641
1780909864009
111821615173
232689680053
1780909865009
111993838806
232918894470
1780909866010
112181810607
233148036499
1780909867010
112368091003
233378725646
1780909868011
112555013793
233611751831
1780909869011
112749384094
233843134704
1780909870012
112946876831
234075734130
1780909871013
113143607360
234308887817
1780909872013
113344368835
234536984558
1780909873014
113543579956
234761383239
1780909874014
113740753723
234980918884
1780909875015
113938647888
235200338012
1780909876016
114134912536
235419299865
1780909877016
114332642761
235638235229
1780909878017
114532098754
235858223083
1780909879017
114732212646
236079164733
1780909880018
114931324645
236297036865
1780909881019
115130771850
236517810119
1780909882019
115331190368
236737711975
1780909883020
115506958618
236922374938
1780909884020
115593612609
237077215393
1780909885021
115679369140
237349163818
1780909886021
115781556091
237589832763
1780909887022
115917053039
237829714599
1780909888023
116056718322
238069697204
1780909889023
116213864685
238309870239
1780909890024
116381397827
238545225769
1780909891024
116507175537
238788583190
1780909892025
116639890502
239028502807
1780909893025
116787198059
239268629272
1780909894026
116953774414
239508596496
1780909895026
117135706481
239742927917
1780909896027
117325559326
239974479003
1780909897027
117514645263
240204302917
1780909898028
117698966003
240436198730
1780909899029
117884640747
240669685363
1780909900029
118068712280
240903713562
1780909901030
118254760192
241139137390
1780909902030
118435065063
241370793090
1780909903031
118611377136
241595345764
1780909904032
118798400695
241815098937
1780909905032
118992345153
242029203125
1780909906033
119191291015
242245064880
1780909907033
119391977966
242461518920
1780909908034
119594260681
242679812866
1780909909034
119795898132
242897712280
1780909910035
119958214965
243078371276
1780909911036
120058735839
243291055175
1780909912036
120180727050
243550280517
1780909913037
120329042663
243790219909
1780909914037
120501737487
244030119934
1780909915038
120691024719
244270074707
1780909916038
120895386108
244510323242
1780909917039
121074336486
244680694274
1780909918039
121277576232
244891717651
1780909919040
121480554199
245116316528
1780909920041
121683297424
245343668701
1780909921041
121881949218
245567925354
1780909922042
122079678894
245793266418
1780909923042
122279554077
246021754516
1780909924043
122480959960
246249523986
1780909925044
122683421081
246472769897
1780909926044
122888965209
246698259887
1780909927045
123091397949
246924392700
1780909928045
123291697265
247146530334
1780909929046
123492150817
247365101196
1780909930046
123691389831
247581194824
1780909931047
123892482482
247800006835
1780909932047
124092352111
248016366210
1780909933048
124290891357
248231777404
1780909934049
124491260864
248448933471
1780909935049
124691279785
248666484741
1780909936050
124886182556
248876841735
1780909937050
124990068664
249042661254
1780909938051
125110247680
249310126342
1780909939052
125232879882
249549968322
1780909940052
125361271850
249789924987
1780909941052
125488929626
250030099060
1780909942053
125610139221
250270053344
1780909943054
125746368164
250509938476
1780909944054
125859287963
250727861816
1780909945055
125976948425
250974036071
1780909946055
126110897399
251213918090
1780909947056
126259732421
251454143981
1780909948057
126404911437
251694054687
1780909949057
126550511718
251933920898
1780909950058
126702063415
252173947143
1780909951058
126855437927
252414107238
1780909952059
127005691406
252654047790
1780909953059
127158904052
252893929748
1780909954060
127321109375
253130236450
1780909955060
127499517517
253364119628
1780909956061
127683632934
253597051635
1780909957061
127858946716
253828466186
1780909958062
128004828308
253997659057
1780909959062
128092974182
254076587951
1780909960063
128165558288
254323312500
1780909961064
128263193359
254587256408
1780909962064
128383253234
254827253845
1780909963065
128510354003
255067449890
1780909964065
128642513488
255249775695
1780909965066
128766628784
255376560119
1780909966066
128889804687
255507959960
1780909967067
128993467102
255605242492
1780909968067
129078019897
255695408813
1780909969068
129154637390
255782519165
1780909970068
129226609313
255872408752
1780909971069
129308685241
255957247741
1780909972069
129382364257
256040248413
1780909973070
129456099731
256131546386
1780909974070
129542106079
256215888000
1780909975071
129622163269
256299393798
1780909976071
129707161193
256383862609
1780909977072
129775868347
256455542541
1780909978072
129845582092
256524498291
1780909979073
129906116455
256589937561
1780909980074
129972177429
256659009338
1780909981074
130042377685
256728537841
1780909982075
130138743103
256800293457
1780909983075
130234869018
256876178649
1780909984076
130315883544
256972230224
1780909985076
130388766723
257068483642
1780909986077
130472269165
257164213623
1780909987077
130573744445
257270726745
1780909988078
130776199523
257491773010
1780909989078
130986938659
257721606323
1780909990079
131189332397
257943959838
1780909991079
131389000366
258159857482
1780909992080
131600744689
258389321411
1780909993081
131806179931
258604051208
1780909994081
132005142456
258826634643
1780909995082
132211840759
259053373718
1780909996082
132416800964
259274550354
1780909997083
132623775268
259500809814
1780909998083
132833118286
259729395324
1780909999084
133042650939
259957901611
1780910000084
133244950866
260173734497
1780910001085
133366479187
260380076843
1780910002086
133497195251
260634281066
1780910003086
133640026489
260874199401
1780910004086
133785854003
261095923767
1780910005087
133971171752
261342575927
1780910006087
134158625610
261582600769
1780910007088
134356293212
261822701049
1780910008089
134558819763
262062791992
1780910009089
134773176208
157449951
1780910010090
134995304992
397294921
1780910011090
135216698059
636251525
1780910012091
135439978393
871499511
1780910013091
135663469238
1107113830
1780910014092
135885650390
1340508544
1780910015093
136110240234
1572621704
1780910016093
136327629394
1805091125
1780910017094
136449941162
1967283691
1780910018095
136607619628
2235216552
1780910019095
136804782592
2475295227
1780910020096
136966494018
2650475524
1780910021096
137098682189
2791910766
1780910022097
137214460937
2909663024
1780910023097
137325882263
3021957641
1780910024098
137437731445
3132210998
1780910025098
137552933837
3244539245
1780910026099
137696871337
3375782165
1780910027100
137915765075
3601563842
1780910028101
138130028930
3832849548
1780910029101
138344292175
4060376770
1780910030102
138557093933
4286484375
1780910031102
138770194030
4514712341
1780910032103
138984595825
4741208312
1780910033103
139199879333
4962306152
1780910034104
139411814636
5183245300
1780910035105
139620625854
5400125427
1780910036105
139833596740
5618762268
1780910037106
140054992675
5844112548
1780910038106
140278430786
6075596313
1780910039107
140418961914
6225298217
1780910040108
140610045959
6495175537
1780910041108
140831440063
6739712219
1780910042109
141038004577
6976992004
1780910043109
141253822265
7215233764
1780910044110
141470733459
7455746215
1780910045111
141690141662
7695103881
1780910046111
141909511779
7935500061
1780910047112
142129372863
8175250793
1780910048113
142350145935
8415120117
1780910049113
142568483581
8654534057
1780910050114
142787743347
8894322387
1780910051114
143004903076
9130580078
1780910052115
143224847045
9371927978
1780910053115
143440548278
9609988098
1780910054116
143607453491
9784062255
1780910055117
143756612976
10046843994
1780910056117
143930602661
10289382934
1780910057118
144096843688
10494971435
1780910058118
144234903625
10638450012
1780910059119
144358317687
10764035522
1780910060120
144471501037
10878690673
1780910061120
144588090209
10997913330
1780910062121
144749269226
11190838989
1780910063121
144949135681
11438355834
1780910064122
145150539550
11686162658
1780910065123
145348644653
11927622619
1780910066123
145550501281
12165324340
1780910067124
145757100097
12405606811
1780910068124
145965984313
12631965026
1780910069125
146177543090
12858906799
1780910070126
146387132995
13093540466
1780910071126
146598396118
13326004638
1780910072127
146810334228
13554837097
1780910073127
147020495300
13782197875
1780910074128
147230785522
14010734436
1780910075129
147392736511
14187292419
1780910076129
147521356201
14409058715
1780910077130
147679188110
14665564514
1780910078130
147844119812
14898611267
1780910079131
147993082763
15144120483
1780910080132
148156562194
15384075561
1780910081132
148330168029
15623952697
1780910082133
148502993774
15864130676
1780910083134
148675521667
16104096679
1780910084134
148853628601
16344066528
1780910085135
149027756835
16584211975
1780910086135
149199219482
16824109252
1780910087136
149384152038
17064089111
1780910088136
149569222351
17303944702
1780910089137
149754322143
17544158447
1780910090137
149916259094
17780728820
1780910091138
150063413757
17985503173
1780910092138
150133927185
18205710449
1780910093139
150210993896
18456825866
1780910094139
150300936401
18696936889
1780910095140
150400515014
18818450134
1780910096141
150501553161
18914918823
1780910097141
150619318420
19027054931
1780910098309
150725654418
19169162048
1780910099310
150872017150
19430167419
1780910100311
151026812561
19685649291
1780910101311
151197804077
19925472656
1780910102312
151383746154
20165328857
1780910103312
151574043395
20405645446
1780910104313
151763084594
20645563171
1780910105314
151952860961
20885538085
1780910106314
152143400146
21125490844
1780910107315
152325734802
21362393981
1780910108315
152501211914
21586454284
1780910109316
152686392761
21809538391
1780910110317
152881623962
22029044189
1780910111317
152997513183
22192847717
1780910112318
153083843627
22462600463
1780910113319
153190234863
22702463623
1780910114319
153317151489
22911380676
1780910115320
153453770507
23043859680
1780910116320
153585197265
23183589111
1780910117321
153739937927
23438924133
1780910118321
153909210876
23693149780
1780910119321
154076399902
23932937133
1780910120322
154249735168
24172889526
1780910121323
154428593017
24410590515
1780910122323
154618643798
24639510559
1780910123324
154818053894
24862301574
1780910124325
155023941040
25091684997
1780910125325
155230868774
25322791442
1780910126326
155433477783
25549999267
1780910127326
155643104248
25778767395
1780910128327
155843783447
26001451660
1780910129328
155903678833
26178690307
1780910130329
155980960144
26440360717
1780910131329
156099506530
26680254211
1780910132330
156240182861
26919340881
1780910133330
156397799133
27159200439
1780910134331
156555549194
27399383178
1780910135331
156713600219
27639295410
1780910136332
156843880126
27794239318
1780910137332
156970994567
28026145935
1780910138333
157103785400
28152408569
1780910139334
157230182189
28282176391
1780910140334
157331904296
28367109436
1780910141335
157406961975
28456379455
1780910142335
157486225769
28541003417
1780910143336
157532233520
28581436828
1780910144337
157580955200
28625274963
1780910145337
157640656188
28670332336
1780910146338
157682825805
28704688110
1780910147339
157740417785
28744953674
1780910148340
157811489440
28820863586
1780910149341
157898802001
28904775634
1780910150341
157979154174
28982112426
1780910151342
158056794067
29069361938
1780910152343
158129863891
29152638244
1780910153343
158199289489
29240832275
1780910154344
158276288574
29333772338
1780910155344
158350401062
29423953552
1780910156345
158420567687
29514539428
1780910157345
158496631958
29608791748
1780910158346
158570872985
29699809814
1780910159346
158646948852
29788452331
1780910160347
158701259094
29848529602
1780910161347
158734250915
29878713623
1780910162348
158761646362
29900216430
1780910163349
158796756530
29928394836
1780910164350
158831077758
29954770874
1780910165351
158904464660
30016686096
1780910166351
158985640808
30101786315
1780910167352
159076635559
30200251281
1780910168353
159159449707
30300714538
1780910169353
159246953674
30400762573
1780910170354
159329872131
30500525878
1780910171355
159425260803
30597495483
1780910172355
159525288513
30686340759
1780910173356
159624343872
30772119995
1780910174356
159722176025
30868848876
1780910175357
159814331481
30970290466
1780910176357
159899907409
31065046508
1780910177358
159985163146
31125647399
1780910178358
160071125122
31193718261
1780910179359
160152964660
31254654968
1780910180360
160231936889
31313446960
1780910181360
160315064697
31381262268
1780910182361
160465217590
31496162963
1780910183361
160586023803
31605360595
1780910184363
160685517883
31711385925
1780910185363
160778903625
31813024658
1780910186364
160875728881
31914707885
1780910187365
160981077026
32021911193
1780910188365
161077908325
32124897949
1780910189366
161173750610
32227289123
1780910190366
161274572021
32332081909
1780910191367
161369302734
32434834045
1780910192367
161464419189
32536966369
1780910193368
161558786743
32623074768
1780910194368
161647536010
32696607360
1780910195369
161735533813
32766823547
1780910196369
161826548278
32840312377
1780910197370
161918990539
32912661437
1780910198371
162017461547
33004649780
1780910199371
162117084472
33108587585
1780910200372
162212884277
33209977966
1780910201372
162310363891
33310957702
1780910202372
162408575683
33414239013
1780910203373
162501773010
33517570678
1780910204373
162600930786
33621600341
1780910205374
162700821594
33724098449
1780910206374
162800644409
33827335327
1780910207375
162904035461
33933652160
1780910208375
163007453308
34039786010
1780910209376
163109085693
34145059082
1780910210376
163199513854
34223883361
1780910211377
163293091247
34297990417
1780910212377
163381776062
34368900329
1780910213377
163477069885
34436949157
1780910214378
163579753356
34514125793
1780910215378
163680956787
34612777282
1780910216379
163785937194
34718131103
1780910217379
163895200683
34826929992
1780910218380
163999574462
34928468383
1780910219380
164102174621
35023264953
1780910220381
164182024169
35111937866
1780910221381
164255723937
35191852233
1780910222382
164329514709
35267695007
1780910223382
164398132934
35356139465
1780910224383
164469272338
35441123352
1780910225383
164542818664
35522741516
1780910226384
164624882934
35616031860
1780910227384
164725975585
35702747009
1780910228385
164824289184
35794708923
1780910229385
164934025451
35910433044
1780910230386
165004421569
35966783142
1780910231387
165059017639
36016190979
1780910232387
165125443359
36095768005
1780910233388
165197830932
36176926086
1780910234389
165266294616
36265709411
1780910235390
165349436279
36356576293
1780910236391
165435361022
36437541137
1780910237391
165508730224
36525316528
1780910238392
165588261657
36615776000
1780910239392
165665502685
36697889221
1780910240392
165784685302
36824095642
1780910241393
165881478515
36915605957
1780910242403
165958781982
36993868957
1780910243404
166029132263
37073767272
1780910244404
166083549743
37129636413
1780910245405
166112861938
37152276733
1780910246406
166167517639
37202802124
1780910247407
166256972167
37291221008
1780910248408
166337451171
37383085021
1780910249408
166426829345
37471610229
1780910250409
166526802001
37561741149
1780910251409
166628098510
37654329406
1780910252410
166745135620
37768657348
1780910253410
166926166137
37948776489
1780910254411
167051513488
38080118103
1780910255411
167187338073
38233002441
1780910256412
167310781738
38391703552
1780910257412
167425875061
38531607482
1780910258413
167543429382
38682265075
1780910259413
167659726867
38823293090
1780910260414
167775310852
38962610107
1780910261414
167894127441
39087522521
1780910262415
168010058471
39210525024
1780910263415
168098106201
39322809936
1780910264416
168195759643
39432147094
1780910265416
168282006103
39540344604
1780910266417
168367544067
39659084960
1780910267417
168457206115
39777980773
1780910268418
168575261169
39900893554
1780910269418
168690733215
40020482788
1780910270419
168795934020
40134253967
1780910271419
168902489318
40247853210
1780910272420
169006850036
40351873291
1780910273420
169112820861
40450556518
1780910274421
169221107849
40556089782
1780910275422
169326138244
40660934692
1780910276422
169432716308
40760405639
1780910277423
169541576354
40874304260
1780910278423
169650029846
40983002929
1780910279424
169759667358
41095543212
1780910280424
169867291564
41198414794
1780910281425
169947056091
41310309082
1780910282425
170016917663
41404215698
1780910283426
170097732604
41521662780
1780910284426
170177572265
41624785339
1780910285427
170251927001
41729250305
1780910286427
170360865783
41843205871
1780910287428
170468534057
41948183532
1780910288428
170577882080
42063894836
1780910289429
170686004394
42172844482
1780910290429
170791910949
42284625122
1780910291430
170904045043
42400702331
1780910292431
171007224975
42500226623
1780910293431
171116995788
42613706665
1780910294432
171226545959
42719857238
1780910295432
171334313476
42829652343
1780910296433
171450538085
42953160583
1780910297434
171557935668
43051869140
1780910298434
171670658508
43168002136
1780910299435
171754267395
43264776062
1780910300435
171835032104
43386005187
1780910301436
171932954650
43522238281
1780910302436
172023221069
43635622558
1780910303437
172097783142
43726947631
1780910304437
172204788391
43827240783
1780910305438
172315674499
43941912292
1780910306438
172422802551
44035109497
1780910307439
172530818969
44133122863
1780910308439
172635551696
44224138244
1780910309440
172748695983
44330639160
1780910310440
172852759887
44421050231
1780910311441
172953167175
44516377807
1780910312441
173056624877
44605819885
1780910313442
173163681762
44706879821
1780910314442
173258538757
44809483093
1780910315443
173345714111
44903511901
1780910316443
173437703247
44990844970
1780910317444
173508394592
45067672546
1780910318444
173588472351
45149257934
1780910319445
173653569335
45235014221
1780910320446
173711420104
45313825378
1780910321446
173769869262
45390491088
1780910322447
173871901000
45490503845
1780910323448
173966967956
45567005798
1780910324448
174064667785
45655007690
1780910325448
174162956420
45735944152
1780910326449
174261160827
45820176696
1780910327449
174363873168
45919138610
1780910328450
174462681823
46008283508
1780910329450
174561576965
46097289001
1780910330451
174657536437
46175506408
1780910331451
174754194519
46259070129
1780910332452
174855430908
46356991088
1780910333452
174950499572
46433511169
1780910334452
175027171875
46515634338
1780910335453
175087913269
46590382934
1780910336454
175141716979
46665378967
1780910337454
175216438537
46764759582
1780910338455
175272705139
46839432556
1780910339455
175361731201
46926469726
1780910340456
175459316833
47010125305
1780910341457
175557054687
47088563476
1780910342457
175653526123
47167185668
1780910343458
175750276611
47247193176
1780910344458
175847710632
47330289306
1780910345458
175945452941
47410493713
1780910346459
176046380065
47495097473
1780910347459
176144271179
47574770019
1780910348460
176243171142
47656680541
1780910349460
176341414367
47744290039
1780910350461
176437998229
47824936584
1780910351461
176504972106
47903988647
1780910352462
176561768310
47985357177
1780910353462
176612927551
48060271789
1780910354463
176672829711
48139407226
1780910355464
176731320678
48216639282
1780910356464
176819473632
48297345458
1780910357465
176915421081
48387286132
1780910358465
177013394592
48473751770
1780910359466
177111934936
48557095642
1780910360466
177208738159
48637314208
1780910361467
177306387207
48718853637
1780910362467
177403846191
48802645874
1780910363468
177500131103
48879677246
1780910364468
177598793090
48965859436
1780910365469
177695765625
49044312683
1780910366469
177792209716
49125310485
1780910367470
177891902282
49206128051
1780910368470
177964927490
49289487426
1780910369471
178026642639
49367746643
1780910370472
178097233520
49447057556
1780910371472
178156036376
49525011474
1780910372473
178207793579
49599103210
1780910373473
178289814819
49682612915
1780910374474
178386043395
49763352233
1780910375475
178483873901
49842764953
1780910376475
178581018737
49927127502
1780910377476
178676949584
50005525634
1780910378476
178772354553
50086094970
1780910379477
178870393859
50178015258
1780910380477
178968328186
50256394226
1780910381477
179065380859
50337122497
1780910382478
179162225036
50418547363
1780910383478
179259502197
50497347534
1780910384479
179356289428
50580014465
1780910385479
179439227355
50660953857
1780910386480
179494793945
50737654296
1780910387480
179551446105
50815121582
1780910388481
179620666992
50893487182
1780910389482
179686586181
50973615783
1780910390482
179776406677
51052459167
1780910391483
179871975830
51135126220
1780910392483
179966077026
51214363769
1780910393484
180062762634
51293042419
1780910394484
180160675781
51377064819
1780910395485
180260103393
51460169433
1780910396485
180365763122
51562496154
1780910397486
180468380371
51654259582
1780910398486
180565226440
51727141174
1780910399486
180660453674
51805903442
1780910400487
180756718627
51883692382
1780910401487
180852033081
51956677978
1780910402488
180927861450
52024981323
1780910403488
180983555053
52095118774
1780910404489
181053497619
52171825195
1780910405489
181170158264
52286454162
1780910406490
181240882873
52371888000
1780910407490
181332940795
52475105163
1780910408491
181431004333
52565893005
1780910409491
181530865112
52663135314
1780910410492
181623485534
52751155456
1780910411492
181713889343
52848931396
1780910412493
181803724975
52942521362
1780910413493
181891012145
53036597961
1780910414493
181980827331
53128008972
1780910415494
182081123413
53219520751
1780910416494
182171098022
53314311889
1780910417495
182258689697
53417611633
1780910418495
182352428039
53517680786
1780910419496
182448840881
53605944458
1780910420496
182518379821
53677742797
1780910421496
182595200012
53754537353
1780910422497
182668124816
53825531372
1780910423497
182735089599
53894121337
1780910424498
182806445007
53966699951
1780910425498
182902183471
54055156799
1780910426499
182990392333
54149173645
1780910427499
183092412414
54238232055
1780910428500
183184768066
54328922973
1780910429500
183281204040
54422840515
1780910430500
183383745422
54547374084
1780910431501
183472119995
54645584899
1780910432501
183558000000
54736758117
1780910433502
183652744750
54828556213
1780910434502
183744343811
54914836364
1780910435503
183836446533
55017561706
1780910436503
183935693298
55106702697
1780910437504
184015802795
55200243103
1780910438505
184083331604
55268560119
1780910439505
184164699462
55363536499
1780910440506
184231792114
55434338195
1780910441506
184301477905
55506279418
1780910442507
184383247070
55594546875
1780910443508
184473267272
55686092956
1780910444508
184567020324
55779462951
1780910445509
184666109863
55866883483
1780910446509
184762193359
55970949645
1780910447510
184851298767
56064872436
1780910448510
184949810485
56156245239
1780910449511
185050122070
56261657714
1780910450511
185148869323
56347004455
1780910451512
185247330993
56432232910
1780910452512
185346685485
56536164062
1780910453513
185437951354
56627001464
1780910454513
185535109130
56715664367
1780910455514
185616093322
56816202087
1780910456514
185685049987
56885089599
1780910457515
185753677062
56966203674
1780910458515
185821865173
57037712280
1780910459516
185894648010
57128650817
1780910460516
185980551818
57219026733
1780910461517
186068037292
57314895324
1780910462517
186163742309
57419766174
1780910463518
186252973327
57516312438
1780910464518
186341231811
57609251831
1780910465519
186425164062
57707681884
1780910466519
186525618408
57817047790
1780910467520
186615639099
57906521057
1780910468520
186710330322
57994385375
1780910469521
186810292724
58083169006
1780910470521
186906217773
58215201293
1780910471522
186997137390
58351378723
1780910472522
187085274353
58450126464
1780910473523
187148870849
58517499328
1780910474523
187218756713
58613875671
1780910475524
187289063293
58683021606
1780910476525
187358306091
58752828430
1780910477525
187485934387
58845469238
1780910478526
187616782287
58985306762
1780910479526
187709807983
59076784667
1780910480527
187800894958
59166275817
1780910481527
187934264282
59283245544
1780910482528
188028594421
59394193359
1780910483529
188123489685
59482189025
1780910484529
188214157104
59582133239
1780910485530
188291534545
59680379150
1780910486531
188378921691
59790477783
1780910487531
188479140258
59878453308
1780910488532
188577068847
59962754028
1780910489532
188668889221
60054384582
1780910490533
188751681152
60139423278
1780910491533
188823117858
60240883972
1780910492534
188887896484
60308901367
1780910493534
188962005615
60387196044
1780910494535
189030164306
60453642700
1780910495535
189104546691
60529327758
1780910496536
189204158691
60636096740
1780910497537
189288477050
60729310974
1780910498537
189373423339
60823600524
1780910499538
189465912719
60919653076
1780910500538
189548140563
61015650634
1780910501539
189633134521
61109587036
1780910502539
189720591125
61198097167
1780910503540
189807311645
61287291198
1780910504540
189899459106
61376353332
1780910505541
189991672302
61465732482
1780910506541
190081482482
61555289550
1780910507542
190172222167
61649653503
1780910508542
190249370422
61735857604
1780910509543
190324358276
61803940429
1780910510543
190399530822
61870913085
1780910511544
190469535644
61940551818
1780910512545
190536666992
62011071350
1780910513545
190613861389
62093204284
1780910514546
190698577636
62192616210
1780910515546
190788721862
62285502746
1780910516547
190868967529
62382676086
1780910517548
190959181030
62474235839
1780910518548
191044971435
62568115173
1780910519549
191132146057
62660404724
1780910520549
191220974975
62754721740
1780910521550
191309768859
62849422729
1780910522550
191397066528
62939918762
1780910523551
191481388916
63037374511
1780910524551
191573153747
63126277160
1780910525551
191661715820
63212983032
1780910526552
191748286499
63285631652
1780910527552
191818679382
63356786071
1780910528553
191885395507
63423140625
1780910529553
191960553527
63495187500
1780910530554
192028874084
63565342346
1780910531555
192122689147
63650048034
1780910532555
192214615722
63740716247
1780910533556
192301758972
63828794372
1780910534556
192384032470
63923188720
1780910535557
192474366516
64016277465
1780910536557
192553653991
64113888671
1780910537558
192637719055
64212181274
1780910538558
192730818115
64307000061
1780910539558
192816501953
64408513549
1780910540559
192905450195
64498678771
1780910541559
193000042358
64586807495
1780910542560
193088538879
64681911132
1780910543560
193163499572
64766036621
1780910544561
193234917175
64836043090
1780910545561
193304791015
64904706542
1780910546562
193372933593
64971665649
1780910547562
193444684936
65047825012
1780910548563
193524397277
65129189697
1780910549563
193612312011
65223236999
1780910550564
193696386535
65324261169
1780910551564
193781606933
65417063415
1780910552565
193861768005
65516686462
1780910553565
193952196289
65613734436
1780910554566
194039982482
65706304016
1780910555566
194125781005
65799597717
1780910556567
194218681579
65891130432
1780910557567
194307672058
65985306396
1780910558567
194403519592
66066136535
1780910559568
194497685241
66157848449
1780910560568
194587739685
66253273803
1780910561569
194660702087
66324182312
1780910562570
194731258483
66397385009
1780910563570
194798897521
66463127868
1780910564571
194867349914
66537678955
1780910565571
194934456481
66607817504
1780910566572
195020345581
66694677917
1780910567572
195110828735
66786408569
1780910568573
195205253479
66879082031
1780910569573
195294724548
66973393676
1780910570574
195384037841
67064191955
1780910571574
195473941101
67157482666
1780910572575
195569279174
67241364807
1780910573575
195659749755
67329027648
1780910574576
195749642395
67418598388
1780910575576
195844551025
67505703674
1780910576577
195932446716
67595930358
1780910577577
196033554931
67679860229
1780910578578
196121479064
67762441040
1780910579578
196189803283
67833226013
1780910580579
196263722045
67905304870
1780910581579
196333055969
67977240112
1780910582580
196398853149
68047290771
1780910583580
196471777893
68120812744
1780910584581
196556021240
68215318969
1780910585581
196648116394
68299757812
1780910586582
196734813049
68400285217
1780910587582
196819186401
68497274902
1780910588583
196904608337
68587682189
1780910589583
197002757873
68676641601
1780910590584
197095899658
68761208801
1780910591584
197187470825
68851505859
1780910592585
197284479248
68934963134
1780910593585
197374310913
69022140197
1780910594585
197463225585
69109802429
1780910595586
197554676513
69198870910
1780910596587
197631034057
69284652221
1780910597587
197701575012
69361388732
1780910598588
197776804931
69437995849
1780910599588
197848715454
69507593811
1780910600589
197924330261
69657603393
1780910601589
198001912353
69741013000
1780910602590
198093923400
69831972717
1780910603590
198178073852
69928982177
1780910604590
198265329467
70015610107
1780910605591
198366046447
70187343200
1780910606591
198467321777
70290152282
1780910607592
198556943969
70385294372
1780910608592
198641120910
70480011962
1780910609593
198731722656
70566423217
1780910610593
198821679199
70658373535
1780910611594
198909317199
70748121032
1780910612594
198998201538
70846206665
1780910613595
199092503662
70938935302
1780910614595
199159883422
71002980041
1780910615596
199226496154
71067013916
1780910616596
199295423645
71136613891
1780910617597
199370929809
71207804443
1780910618597
199440288085
71273722839
1780910619598
199527088500
71365121765
1780910620598
199638471496
71498993041
1780910621599
199726931640
71584922668
1780910622599
199810092590
71682513977
1780910623600
199895918273
71776179260
1780910624600
199988990600
71868103454
1780910625601
200082637878
71956879882
1780910626601
200170123657
72044529357
1780910627602
200264081787
72130896057
1780910628602
200358540832
72221354797
1780910629603
200446673278
72314246643
1780910630604
200537403198
72400916870
1780910631604
200612669555
72471231262
1780910632605
200680457580
72536510742
1780910633605
200750767456
72603348754
1780910634606
200817297668
72669973083
1780910635606
200884235534
72739444702
1780910636607
200967560729
72825116088
1780910637608
201063706909
72913446166
1780910638608
201156392761
73001170104
1780910639609
201247357543
73088673156
1780910640609
201339741577
73182622924
1780910641610
201432731872
73266165100
1780910642610
201525783996
73347962829
1780910643610
201617187622
73439774353
1780910644611
201706212524
73524058776
1780910645612
201794472961
73612973388
1780910646612
201883313537
73707678710
1780910647613
201971863159
73798790283
1780910648613
202049181274
73874148681
1780910649614
202121355468
73942557250
1780910650614
202187804077
74006013488
1780910651615
202259780395
74071212585
1780910652616
202331739257
74137320495
1780910653616
202413596008
74218369384
1780910654617
202496370971
74308319702
1780910655617
202585736755
74400778747
1780910656618
202667320800
74495720153
1780910657618
202758562744
74587421203
1780910658619
202847465270
74682917114
1780910659619
202936197875
74771139770
1780910660620
203020351196
74862770385
1780910661620
203117768371
74950913085
1780910662621
203205208435
75041970458
1780910663621
203290735778
75136143920
1780910664622
203376883300
75229357360
1780910665622
203455523864
75311935241
1780910666623
203523662719
75375919128
1780910667623
203598859619
75445973266
1780910668624
203672460632
75518518981
1780910669625
203739320800
75584705871
1780910670625
203814861755
75656555053
1780910671626
203903342041
75742628112
1780910672626
203992256469
75828442504
1780910673627
204086651123
75920469848
1780910674627
204169827697
76009623901
1780910675628
204251127868
76103257568
1780910676628
204339059509
76202194274
1780910677629
204423799743
76300480773
1780910678629
204512612426
76390266418
1780910679630
204605401062
76479201477
1780910680630
204695010742
76563059997
1780910681631
204786550292
76649337829
1780910682631
204876841308
76736773071
1780910683632
204947830566
76808692199
1780910684632
205019562561
76873437255
1780910685633
205086022338
76940948791
1780910686634
205152988037
77005631835
1780910687634
205223009033
77073395690
1780910688635
205316746765
77164616210
1780910689635
205407174926
77259365295
1780910690636
205493100646
77349946228
1780910691636
205588422302
77434491638
1780910692637
205681059753
77515514282
1780910693637
205772623657
77603199462
1780910694638
205859166259
77693505798
1780910695638
205955073120
77775080261
1780910696639
206045866577
77857956481
1780910697639
206132766174
77947080322
1780910698640
206213361022
78043484008
1780910699640
206299896423
78134797607
1780910700641
206378292663
78223003784
1780910701641
206440476318
78293122863
1780910702642
206494101074
78364825439
1780910703642
206551676025
78443841247
1780910704643
206608847900
78517668090
1780910705643
206676907165
78594240844
1780910706644
206770468566
78676177246
1780910707644
206868121459
78754264099
1780910708645
206963906677
78834318725
1780910709645
207058664489
78915700683
1780910710646
207155272155
78990401672
1780910711647
207251719055
79070939697
1780910712647
207347788208
79151917480
1780910713648
207445121704
79230428588
1780910714648
207540752929
79305883789
1780910715649
207637772644
79385091125
1780910716649
207734011291
79460498718
1780910717650
207803789184
79536407348
1780910718650
207881547119
79616920471
1780910719651
207936230346
79692103698
1780910720651
207987884704
79764967102
1780910721652
208058751159
79842419250
1780910722652
208148698059
79920021667
1780910723653
208245776916
79998790283
1780910724653
208345110229
80081388732
1780910725654
208441181701
80158210693
1780910726654
208538159667
80234104125
1780910727655
208637413696
80315314514
1780910728655
208736048828
80396132385
1780910729656
208833654113
80474969604
1780910730656
208929783508
80553268798
1780910731657
209025288208
80630428222
1780910732657
209120195251
80706108154
1780910733658
209213618164
80787821960
1780910734659
209271774658
80860976013
1780910735659
209327874023
80936017639
1780910736660
209383781738
81009322631
1780910737660
209441820251
81084778442
1780910738661
209505848693
81160999145
1780910739661
209605080871
81243038635
1780910740662
209700135803
81320218566
1780910741662
209795621704
81396064758
1780910742663
209892174438
81474891113
1780910743663
209989061096
81553443603
1780910744664
210089901367
81636300292
1780910745664
210187708312
81717197753
1780910746665
210283757873
81791098999
1780910747665
210381534912
81869038757
1780910748666
210481276245
81951734924
1780910749666
210580307556
82031774841
1780910750667
210659995971
82113555297
1780910751667
210719492919
82191666625
1780910752668
210771660705
82265477355
1780910753668
210828343688
82340892333
1780910754669
210884046691
82417149047
1780910755669
210969307128
82495519775
1780910756670
211065047912
82571081237
1780910757670
211163609924
82649963928
1780910758671
211260445434
82726926940
1780910759671
211357037536
82806495910
1780910760672
211452992187
82886129882
1780910761673
211549674804
82962601440
1780910762673
211645092529
83039402221
1780910763674
211741886596
83120768920
1780910764674
211839056518
83196158691
1780910765674
211935302246
83273132873
1780910766675
212033255859
83356598937
1780910767675
212094498596
83432798950
1780910768676
212149362060
83509474914
1780910769676
212208587890
83586156433
1780910770677
212267791503
83660819396
1780910771678
212327495788
83738441223
1780910772678
212419555480
83817566345
1780910773679
212515641662
83896001159
1780910774679
212613155090
83970692443
1780910775680
212711098083
84053084228
1780910776680
212808718811
84134289611
1780910777681
212915277709
84224010864
1780910778778
213013069091
84307191955
1780910779779
213112549072
84385901184
1780910780779
213208586181
84464552551
1780910781780
213304406372
84540044738
1780910782780
213402536804
84622695922
1780910783781
213494280029
84702179931
1780910784781
213552345825
84775827331
1780910785782
213606739868
84848798400
1780910786782
213661174011
84923458068
1780910787783
213720361022
85000192138
1780910788783
213786120849
85077033813
1780910789784
213884018981
85158120239
1780910790784
213979991394
85233338928
1780910791785
214075904235
85308045349
1780910792785
214172475891
85386758300
1780910793786
214269432495
85470015258
1780910794786
214364899536
85545436523
1780910795787
214461585449
85623129089
1780910796787
214557484924
85705495666
1780910797787
214775932678
85899961364
1780910800455
214871425781
85974249572
1780910801456
214960447875
86049338317
1780910802456
215022530822
86126735229
1780910803457
215075630554
86198771301
1780910804457
215135987609
86275960998
1780910805458
215190324829
86348550415
1780910806458
215252781127
86422405334
1780910807459
215349728027
86498682250
1780910808459
215447974121
86578233581
1780910809460
215545612060
86659362976
1780910810460
215643734802
86736884826
1780910811461
215738204589
86817327880
1780910812461
215832646850
86894150512
1780910813462
215928393737
86967670898
1780910814462
216024764343
87049643310
1780910815463
216123179809
87126438110
1780910816464
216220104919
87203692749
1780910817464
216320422973
87292247802
1780910818465
216390050048
87351733032
1780910819465
216512566101
87485453857
1780910821477
216565649414
87561440002
1780910822478
216618863769
87633991149
1780910823478
216673960449
87709405578
1780910824479
216731608337
87781648498
1780910825479
216820601196
87857836853
1780910826480
216918878295
87937902770
1780910827480
217015044311
88015332641
1780910828481
217111482482
88088649169
1780910829481
217210347717
88170481750
1780910830482
217305231628
88246921691
1780910831482
217403081604
88321493774
1780910832483
217499236450
88402143188
1780910833483
217594740417
88476394958
1780910834484
217689346679
88552324951
1780910835484
217784947143
88631894348
1780910836485
217860805480
88706307678
1780910837486
217921679504
88784085021
1780910838486
217994860534
88861636352
1780910839487
218053841857
88937222534
1780910840487
218107477050
89007841674
1780910841488
218183449157
89082314758
1780910842488
218281573120
89160777465
1780910843489
218378998596
89238108093
1780910844489
218478854248
89324794860
1780910845490
218575349731
89402017700
1780910846490
218671644714
89476650634
1780910847491
218770710510
89555367492
1780910848491
218868656738
89635617492
1780910849492
218966584533
89715580871
1780910850492
219064679931
89796114135
1780910851493
219161422119
89871159851
1780910852493
219256835144
89947996337
1780910853494
219326572204
90029190490
1780910854494
219381659179
90103861022
1780910855495
219437114379
90177158020
1780910856495
219491489440
90251357666
1780910857496
219547722839
90324160034
1780910858496
219636621276
90397840881
1780910859497
219735026733
90485093994
1780910860497
219831947998
90560402343
1780910861498
219928850708
90635757080
1780910862499
220026972900
90715305236
1780910863499
220127483398
90797057312
1780910864499
220223599182
90878464538
1780910865500
220321911071
90957429199
1780910866500
220418225219
91032522888
1780910867501
220514523315
91110115905
1780910868501
220612147888
91193368591
1780910869502
220697310485
91272048522
1780910870502
220765228759
91349862243
1780910871503
220827201477
91424403076
1780910872503
220879185424
91496696533
1780910873504
220934580200
91570909301
1780910874505
221003985351
91647194335
1780910875505
221100086914
91728185363
1780910876506
221199938232
91814694030
1780910877506
221298769226
91894305114
1780910878507
221395929138
91969024414
1780910879507
221493759948
92049588256
1780910880508
221593623168
92127304199
1780910881508
221689898498
92204252990
1780910882509
221785587463
92279791625
1780910883509
221883269042
92360546630
1780910884510
221983006713
92440001647
1780910885510
222079298217
92515379516
1780910886511
222142076354
92595640563
1780910887511
222197743041
92668402709
1780910888512
222252109436
92740682556
1780910889513
222314504150
92817730834
1780910890513
222366535888
92890036682
1780910891514
222459713378
92966088928
1780910892514
222556059326
93044167358
1780910893515
222652596984
93119428955
1780910894515
222748845947
93196059631
1780910895516
222846505432
93274059204
1780910896516
222941933593
93349012634
1780910897517
223042164367
93430901550
1780910898517
223139917541
93512819763
1780910899518
223236421142
93591044067
1780910900518
223333113647
93667494812
1780910901519
223429061218
93747294860
1780910902519
223515297790
93822847106
1780910903520
223581430908
93897836425
1780910904521
223659420104
93975420898
1780910905521
223713594421
94047592834
1780910906522
223768165588
94120041687
1780910907522
223845064147
94196414184
1780910908523
223942617553
94275266540
1780910909523
224040132873
94354231079
1780910910524
224137654785
94434100524
1780910911525
224235116027
94508577392
1780910912525
224331222229
94582499267
1780910913525
224429093872
94666244384
1780910914526
224525525146
94744055969
1780910915526
224623158386
94819416259
1780910916527
224719827636
94903920898
1780910917527
224817939331
94981565429
1780910918528
224914061706
95055580688
1780910919528
224980421691
95132697326
1780910920529
225035097595
95204695983
1780910921530
225088614196
95277326110
1780910922530
225142146301
95351269958
1780910923531
225209459594
95424296386
1780910924531
225307991516
95502478881
1780910925532
225408850402
95590066223
1780910926532
225505338500
95665134399
1780910927533
225602322082
95740259216
1780910928533
225699826782
95821078308
1780910929534
225797984985
95903453063
1780910930534
225895054016
95981088317
1780910931535
225995156250
96061577026
1780910932535
226091489990
96136722167
1780910933536
226187994384
96210799255
1780910934536
226285229858
96290272277
1780910935537
226357253112
96367325378
1780910936537
226410506042
96439741821
1780910937538
226465135742
96519103210
1780910938538
226518518554
96591261230
1780910939539
226576947082
96665338012
1780910940539
226659739257
96741313598
1780910941540
226754967285
96817002929
1780910942541
226849762207
96889022644
1780910943541
226946395019
96969226806
1780910944542
227042580444
97044468566
1780910945542
227138450012
97118607604
1780910946543
227237207214
97201838684
1780910947543
227335686767
97277252502
1780910948544
227433295288
97350209899
1780910949544
227534606567
97434911437
1780910950545
227636340454
97514759033
1780910951545
227734432189
97598515625
1780910952546
227791485290
97673511657
1780910953546
227846214111
97745320861
1780910954547
227901166931
97818680908
1780910955547
227962710144
97892468322
1780910956548
228020158508
97964848999
1780910957548
228117947326
98046056152
1780910958549
228214880310
98128572387
1780910959549
228310974609
98206777465
1780910960550
228407014648
98281460754
1780910961550
228513513854
98377196472
1780910962551
228616005737
98459051269
1780910963551
228711746032
98525669067
1780910964552
228802085510
98612651367
1780910965552
228898130187
98693317138
1780910966553
228999864562
98785792358
1780910967554
229083682067
98871414733
1780910968554
229149831542
98934469665
1780910969555
229191931640
98972171020
1780910970555
229260979675
99032857055
1780910971556
229328529479
99084130432
1780910972557
229395990356
99136006408
1780910973558
229476779235
99211708679
1780910974559
229566919189
99305328125
1780910975559
229658666137
99395595458
1780910976560
229749606567
99472219421
1780910977560
229898252258
99611646301
1780910979370
229994237060
99709960693
1780910980370
230093033203
99795764526
1780910981371
230188646179
99883416992
1780910982372
230286227111
99968678466
1780910983372
230381717529
100052743286
1780910984373
230476438293
100147297851
1780910985373
230574329528
100233035095
1780910986374
230665542785
100324964355
1780910987374
230756463378
100419752624
1780910988375
230850798339
100517697631
1780910989375
230940469787
100613323242
1780910990376
231027848388
100713637939
1780910991376
231117174133
100817094482
1780910992377
231201176208
100905268188
1780910993377
231284337585
100998706359
1780910994378
231379210449
101094002929
1780910995378
231475440246
101186806640
1780910996379
231563540222
101280649841
1780910997379
231654890686
101365159973
1780910998380
231938259033
101650461242
1780911001779
232020711608
101744864624
1780911002779
232103158630
101838320373
1780911003780
232185385253
101932173828
1780911004780
232262920776
102024829650
1780911005781
232343190734
102084948547
1780911006781
232427903564
102148772277
1780911007781
232498459777
102218956542
1780911008782
232567563354
102289037841
1780911009783
232637764770
102357597229
1780911010783
232728830810
102440402526
1780911011784
232826231201
102528230346
1780911012784
232905898193
102620424133
1780911013785
232987682312
102714888916
1780911014785
233068586242
102807087646
1780911015786
233152068786
102901340148
1780911016786
233232769836
102996147583
1780911017787
233326488342
103094213806
1780911018787
233416344055
103161833007
1780911019788
233522515869
103280587097
1780911021102
233606218017
103377279357
1780911022102
233685793884
103471205139
1780911023103
233766702392
103538058105
1780911024103
233847928466
103595418395
1780911025104
233927402709
103645016784
1780911026105
234004845275
103712943359
1780911027105
234077567199
103783468261
1780911028106
234156820617
103870419555
1780911029106
234239373657
103963659179
1780911030107
234324617126
104057981628
1780911031107
234405977722
104151150146
1780911032108
234485356872
104245079345
1780911033108
234571928955
104338610961
1780911034109
234664036437
104432641418
1780911035109
234755529479
104521406738
1780911036109
234848530273
104616985839
1780911037110
234939249938
104710291076
1780911038110
235030879821
104800918945
1780911039111
235130245178
104898527465
1780911040111
235206239379
104970970703
1780911041112
235276378967
105039198730
1780911042112
235349277038
105107946960
1780911043113
235425909973
105173625244
1780911044113
235505298400
105244371704
1780911045114
235591117248
105335689575
1780911046114
235682433288
105427413940
1780911047115
235770193115
105523037719
1780911048115
235861560546
105619533081
1780911049116
235949903442
105714468139
1780911050116
236042481323
105809518615
1780911051117
236134181579
105903016540
1780911052117
236222751098
105999728088
1780911053118
236313615539
106089054504
1780911054118
236409924377
106179708984
1780911055119
236503190429
106269510803
1780911056119
236598098266
106359134765
1780911057119
236686276245
106444320800
1780911058120
236756646545
106509895568
1780911059121
236826598327
106576775329
1780911060121
236899243957
106647117248
1780911061121
236976835388
106715611755
1780911062122
237056728027
106789834716
1780911063123
237149609191
106867052185
1780911064123
237245718261
106952832458
1780911065124
237339301330
107028466613
1780911066124
237433466918
107107992431
1780911067125
237529276306
107180577697
1780911068125
237622812072
107251220520
1780911069126
237720386169
107327681518
1780911070126
237818817138
107409998474
1780911071127
237914512390
107495471557
1780911072127
238006973815
107585433959
1780911073128
238101887329
107667895202
1780911074128
238191231811
107748820983
1780911075129
238252356445
107825620666
1780911076129
238310534362
107902234558
1780911077130
238369419494
107980649047
1780911078131
238439778808
108054042053
1780911079131
238513271301
108125873413
1780911080132
238609154479
108205899780
1780911081132
238706780700
108290877258
1780911082133
238801383483
108366377441
1780911083133
238896923645
108448533996
1780911084134
238998621582
108535855407
1780911085134
239096581115
108619043334
1780911086135
239196879333
108701846252
1780911087135
239295802795
108783624145
1780911088136
239394665466
108863029052
1780911089137
239490029235
108942589477
1780911090137
239588675659
109026107604
1780911091137
239687601867
109111320007
1780911092138
239757125549
109178129089
1780911093138
239825947021
109248121093
1780911094139
239903247924
109317485046
1780911095140
239973735473
109383067321
1780911096140
240051057373
109454582214
1780911097141
240147541625
109557785156
1780911098239
240239233703
109647601989
1780911099239
240333222473
109739128662
1780911100240
240429117065
109819795959
1780911101240
240524485473
109900747558
1780911102241
240620372070
109981454467
1780911103242
240715066650
110058910583
1780911104242
240808785034
110149785522
1780911105243
240909412658
110236981689
1780911106243
241005341247
110317627746
1780911107244
241100397216
110398367675
1780911108244
241198796386
110481464782
1780911109245
241268513549
110559676574
1780911110245
241329872924
110635859130
1780911111246
241393252990
110714186279
1780911112246
241454529846
110790459228
1780911113247
241506196350
110864997253
1780911114248
241586604858
110950740905
1780911115248
241680226562
111039563720
1780911116249
241775689270
111122263122
1780911117249
241872408630
111205361328
1780911118250
241968168884
111283032165
1780911119250
242062740112
111363799621
1780911120250
242159288085
111447472412
1780911121251
242255893981
111534373596
1780911122252
242351219604
111612181030
1780911123252
242447787231
111692327758
1780911124253
242543694458
111772936645
1780911125253
242639194824
111852126037
1780911126254
242732765869
111935792846
1780911127254
242789793701
112013206298
1780911128255
242856462951
112091104370
1780911129255
242914827636
112168698303
1780911130256
242982171386
112235268371
1780911131256
243056524047
112305273864
1780911132257
243151435058
112379720886
1780911133258
243246154418
112446538330
1780911134258
243340261657
112518033325
1780911135259
243435096313
112593099731
1780911136259
243531142333
112669424560
1780911137260
243631213806
112756670227
1780911138260
243726313598
112861384094
1780911139261
243826353027
112955405029
1780911140261
243967105468
113102932739
1780911141262
244073786437
113211166687
1780911142262
244176569580
113319505676
1780911143263
244284632324
113426033142
1780911144263
244377488647
113516713928
1780911145264
244466518005
113605689758
1780911146264
244549747192
113689925964
1780911147265
244618182739
113762298828
1780911148265
244680134948
113827286132
1780911149266
244772480590
113899697265
1780911150266
244866656860
113974250610
1780911151267
244961513000
114047078369
1780911152268
245056511657
114115375183
1780911153268
245152456848
114195009521
1780911154269
245254863708
114291129882
1780911155269
245354573547
114387727600
1780911156270
245456967773
114491326416
1780911157270
245563477416
114603466796
1780911158271
245715642700
114771437377
1780911159271
245833858886
114884184875
1780911160272
245939358398
114987394958
1780911161272
246039213073
115086878845
1780911162273
246128735961
115173123718
1780911163273
246214638732
115254895507
1780911164274
246307996032
115332582214
1780911165274
246401273254
115411598876
1780911166275
246500119689
115495373962
1780911167275
246619544433
115614482482
1780911168276
246725034851
115719896789
1780911169276
246818952209
115813046997
1780911170277
246918724670
115909044555
1780911171278
247018007080
116011398925
1780911172278
247113966613
116107811340
1780911173278
247221441406
116209959777
1780911174279
247340252929
116324425048
1780911175279
247458423828
116439372741
1780911176280
247572221191
116550249450
1780911177280
247686163940
116662666992
1780911178281
247798049194
116769548095
1780911179282
247899936218
116872980468
1780911180282
247994099060
116973826293
1780911181283
248083172302
117072222839
1780911182283
248170140930
117166635009
1780911183284
248259755126
117261078247
1780911184284
248359671020
117360977966
1780911185285
248471444702
117466844787
1780911186285
248590408630
117584879028
1780911187286
248705385131
117700152404
1780911188286
248819698364
117814737365
1780911189287
248935312805
117930023986
1780911190287
249043223693
118034560485
1780911191366
249154378295
118140546997
1780911192366
249263962646
118246486450
1780911193367
249368876220
118340853088
1780911194367
249477309143
118446534179
1780911195368
249588218200
118552804565
1780911196369
249694488464
118652691833
1780911197369
249806683349
118762716125
1780911198370
249905741333
118870745666
1780911199370
249989133911
118968071044
1780911200371
250075547485
119054273315
1780911201371
250159995117
119136883605
1780911202372
250241026977
119217451110
1780911203372
250326205261
119303014709
1780911204373
250429667419
119395082336
1780911205373
250533820922
119483094665
1780911206374
250638348510
119571618286
1780911207374
250748135253
119670873779
1780911208375
250853987731
119769691040
1780911209375
250944314147
119873634338
1780911210376
251038342773
119975963623
1780911211376
251128505004
120078435852
1780911212377
251220253051
120182015625
1780911213377
251311611022
120284395385
1780911214378
251417269836
120375977661
1780911215378
251523813354
120463217773
1780911216379
251605769470
120547606811
1780911217379
251690013366
120622943542
1780911218380
251785712646
120699423522
1780911219380
251889508789
120792488830
1780911220381
252028092041
120919956604
1780911221381
252143849365
121031311218
1780911222382
252263703674
121148332702
1780911223382
252383048339
121266200439
1780911224383
252505042907
121387099853
1780911225383
252618307861
121498183959
1780911226384
252719908813
121591177368
1780911227384
252824614807
121681137084
1780911228385
252930835144
121777243408
1780911229385
253036091491
121865627807
1780911230386
253140566345
121958321228
1780911231386
253245312866
122050532958
1780911232387
253352322875
122145870239
1780911233387
253457216735
122247979492
1780911234388
253552873779
122343449462
1780911235388
253635392211
122428881225
1780911236389
253718016052
122511857604
1780911237389
253797659240
122601784423
1780911238390
253880661743
122691018310
1780911239390
253971236206
122785404174
1780911240391
254079035461
122879311828
1780911241391
254186473510
122974234375
1780911242392
254294284729
123065679687
1780911243392
254402061462
123159399719
1780911244393
254507522705
123252799560
1780911245393
254614562011
123343064086
1780911246394
254726840454
123450666564
1780911247395
254835797546
123544665100
1780911248395
254942138366
123632151367
1780911249396
255046350097
123725413146
1780911250396
255151022277
123809087341
1780911251397
255253147949
123896991394
1780911252397
255342789611
123986445434
1780911253398
255416586975
124064454101
1780911254399
255493851135
124143485229
1780911255399
255570795166
124222236633
1780911256400
255644963317
124300802551
1780911257400
255748779724
124389364562
1780911258401
255851437744
124489538208
1780911259401
255957990417
124582891723
1780911260402
256063671142
124666211425
1780911261402
256168394409
124753484924
1780911262403
256274609741
124837206787
1780911263403
256378900146
124923138671
1780911264404
256482327331
125013022644
1780911265404
256585300170
125096911315
1780911266405
256681436584
125175827941
1780911267405
256777677856
125259444091
1780911268406
256877961853
125342157409
1780911269406
256945443237
125420410827
1780911270407
257002131896
125497234436
1780911271408
257061011413
125572904113
1780911272408
257118409362
125650482421
1780911273409
257185981750
125728217102
1780911274409
257276795837
125810386718
1780911275410
257373368408
125886534545
1780911276410
257472055175
125967998962
1780911277411
257568836853
126046728820
1780911278411
257668670532
126126738891
1780911279412
257777477783
126228719543
1780911280413
257872114624
126308552429
1780911281413
257965401611
126388361511
1780911282414
258060651062
126469187866
1780911283414
258158533996
126543116699
1780911284415
258253328308
126617001037
1780911285415
258349183410
126690709716
1780911286416
258414526428
126757465087
1780911287416
258469927307
126819784973
1780911288417
258522455383
126869206604
1780911289418
258569220458
126909884826
1780911290419
258631005798
126977332946
1780911291420
258723209350
127069354614
1780911292420
258823373291
127176642578
1780911293421
258925173400
127277763793
1780911294421
259032449401
127385402587
1780911295422
259134291442
127491128845
1780911296422
259238218383
127596130798
1780911297423
259329675109
127681581665
1780911298423
259416156066
127759923767
1780911299424
259494125000
127851904235
1780911300424
259575673156
127940808044
1780911301425
259657866088
128030003967
1780911302425
259729059020
128121710998
1780911303426
259796864440
128181154907
1780911304426
259866974914
128238986511
1780911305427
259931613647
128287999084
1780911306428
260012959289
128356731445
1780911307428
260124651245
128463111328
1780911308428
260262718566
128602708740
1780911309429
260405510131
128745074523
1780911310430
260502815063
128840151428
1780911311430
260620180175
128961024902
1780911312431
260734074462
129076027832
1780911313431
260845242858
129188575500
1780911314432
260959021850
129302515502
1780911315432
261065950622
129404349060
1780911316433
261161812011
129484161376
1780911317433
261257949951
129566752746
1780911318434
261356858276
129655616027
1780911319434
261454712158
129739005981
1780911320435
261549705383
129817176879
1780911321435
261616024230
129893445739
1780911322436
261690587097
129962312011
1780911323437
261777043395
130043459106
1780911324437
261877729797
130120857543
1780911325437
261976430603
130194144348
1780911326438
262086285461
130306899414
1780911327439
23431518
130393489379
1780911328439
105811096
130480446716
1780911329440
210038208
130583755371
1780911330440
316186645
130693442565
1780911331440
421596130
130803509399
1780911332441
532134155
130912058959
1780911333441
642786682
131024543884
1780911334442
756493225
131138094116
1780911335442
867343383
131247660095
1780911336443
986054809
131366764343
1780911337443
1087768249
131456237915
1780911338444
1176945800
131548773986
1780911339444
1256948669
131623632202
1780911340445
1323282958
131692291320
1780911341445
1399004882
131773585327
1780911342446
1458981689
131851355285
1780911343446
1517722106
131919187011
1780911344447
1614860473
132011131408
1780911345447
1730561828
132119606384
1780911346448
1828485534
132222525817
1780911347448
1935074768
132329701965
1780911348448
2072803894
132467306030
1780911349449
2190466125
132581798522
1780911350450
2298428894
132690532165
1780911351450
2397119934
132790847167
1780911352451
2494166076
132886312988
1780911353451
2593768127
132979581726
1780911354452
2694381103
133079829650
1780911355453
2792108520
133174338684
1780911356453
2892376953
133271243652
1780911357454
2960044128
133368730163
1780911358455
3019326477
133461729614
1780911359455
3083113647
133554990905
1780911360456
3165111877
133698854431
1780911361456
3265583251
133801265197
1780911362458
3361541748
133890781555
1780911363458
3456332214
133978095153
1780911364459
3557150756
134075964538
1780911365459
3652362731
134157099731
1780911366460
3751700805
134248456420
1780911367460
3848870300
134336507507
1780911368461
3948399658
134434155273
1780911369461
4047434814
134526225952
1780911370462
4144634399
134605474975
1780911371462
4242115600
134685592834
1780911372463
4340798339
134774787963
1780911373464
4440332885
134868055297
1780911374464
4537974060
134968014526
1780911375465
4639641052
135050327453
1780911376465
4740682617
135128118103
1780911377466
4844870971
135213111145
1780911378466
4944770812
135304932128
1780911379467
5029654479
135385838989
1780911380468
5126080017
135455137878
1780911381468
5225086853
135544314208
1780911382469
5333939331
135639397033
1780911383469
5430834655
135718746948
1780911384470
5528269409
135804699523
1780911385470
5623449401
135882911682
1780911386471
5723442687
135976646240
1780911387471
5835723876
136087729980
1780911388471
5976765563
136234986633
1780911389472
6111333740
136371570068
1780911390472
6228963439
136494467529
1780911391473
6351496765
136627657531
1780911392474
6457531188
136753062500
1780911393474
6532948974
136851577331
1780911394475
6606964904
136937926879
1780911395475
6675795837
137015639099
1780911396476
6745460266
137098292968
1780911397476
6820246215
137184131225
1780911398477
6916618591
137271199890
1780911399477
7022838439
137378073974
1780911400478
7120962890
137469146972
1780911401478
7226461914
137562821228
1780911402479
7332241882
137658489440
1780911403479
7438647155
137748374328
1780911404480
7545681030
137843672302
1780911405480
7647905151
137945272033
1780911406481
7750879882
138045854492
1780911407481
7881168457
138176408020
1780911408482
8026364929
138320606079
1780911409482
8135767089
138428466064
1780911410483
8253507324
138541476196
1780911411483
8332223449
138645021789
1780911412484
8415885070
138737245178
1780911413484
8496334350
138827992736
1780911414485
8579346069
138922082641
1780911415485
8661836608
139012731201
1780911416486
8769652343
139112593078
1780911417486
8881488830
139215845520
1780911418487
8999061950
139364741516
1780911419488
9117733276
139504209106
1780911420488
9227775390
139613225585
1780911421489
9332406738
139711902404
1780911422489
9439106323
139802488403
1780911423490
9545309265
139896569946
1780911424491
9644805419
139991718994
1780911425491
9749324523
140078799438
1780911426492
9856000793
140173451721
1780911427492
9963944641
140274137451
1780911428493
10071383728
140365284545
1780911429493
10159022827
140484936767
1780911430494
10255668762
140619400756
1780911431494
10326560241
140691595031
1780911432495
10385282470
140761842834
1780911433496
10440024353
140827275634
1780911434496
10528709960
140897594238
1780911435497
10622690002
140981019531
1780911436497
10728760009
141081292419
1780911437498
10821507568
141171685546
1780911438498
10923001098
141268791748
1780911439498
11024727294
141356479125
1780911440499
11124169189
141440649963
1780911441499
11230267761
141543328430
1780911442500
11327008361
141630775939
1780911443501
11423217285
141720142150
1780911444501
11520914916
141809937255
1780911445501
11618698120
141895189392
1780911446502
11703712524
141983298522
1780911447502
11769046447
142069980895
1780911448503
11836650329
142155285522
1780911449504
11897699829
142242120239
1780911450504
11970756164
142379252929
1780911451505
12063348876
142500658386
1780911452505
12152804931
142587378723
1780911453506
12240497680
142678158508
1780911454506
12330905334
142767793212
1780911455507
12425925781
142845816833
1780911456507
12518237670
142934250488
1780911457508
12608996704
143023685607
1780911458508
12697899719
143113530090
1780911459509
12795045410
143204700561
1780911460510
12891106262
143283225097
1780911461510
13002841064
143385396423
1780911462511
13110524780
143500727600
1780911463511
13192231750
143574653320
1780911464512
13234333068
143610555908
1780911465512
13278866699
143653363464
1780911466513
13328245056
143697624572
1780911467514
13375178955
143737717651
1780911468515
13450334228
143798353454
1780911469516
13540180358
143873336608
1780911470516
13635212463
143955315612
1780911471517
13733167236
144030964843
1780911472517
13828958618
144101412841
1780911473518
13925465026
144175542541
1780911474518
14021472045
144256367309
1780911475519
14116773071
144328033813
1780911476519
14214448852
144412457885
1780911477520
14312786254
144503704162
1780911478521
14398448181
144599211486
1780911479521
14487034118
144694093444
1780911480522
14577631408
144783495727
1780911481522
14666252319
144867528930
1780911482523
14736525329
144933435729
1780911483524
14809418518
145002109130
1780911484524
14883321228
145069766174
1780911485525
14938707641
145144041442
1780911486525
15017106262
145220711608
1780911487526
15109864624
145310793823
1780911488526
15193239746
145405684509
1780911489527
15287336914
145499740600
1780911490528
15362464599
145597293090
1780911491528
15445167480
145690880310
1780911492528
15540066528
145780722595
1780911493529
15617585937
145878687072
1780911494529
15701178894
145973329956
1780911495530
15780777221
146072569213
1780911496530
15867843688
146164506774
1780911497531
15961999145
146256280944
1780911498531
16048902587
146356655883
1780911499532
16115693969
146436198791
1780911500533
16172000122
146512822753
1780911501533
16231136291
146590001647
1780911502534
16284835388
146665336791
1780911503534
16344705993
146741791442
1780911504535
16436874023
146818706237
1780911505535
16530108703
146904439453
1780911506536
16617432495
146996524597
1780911507536
16708099182
147090476257
1780911508537
16797380371
147177390563
1780911509537
16887177734
147273554992
1780911510538
16964218200
147372294311
1780911511538
17061031005
147449730957
1780911512539
17156139099
147523715759
1780911513539
17247727416
147597355041
1780911514540
17340693542
147675822509
1780911515540
17432481933
147744776977
1780911516541
17516172729
147817703857
1780911517542
17576343566
147884392883
1780911518542
17629939636
147943958251
1780911519543
17695673583
148022512084
1780911520544
17757137939
148091690246
1780911521544
17965934265
148185309692
1780911522545
18165610717
148317860534
1780911523545
18332084289
148472154541
1780911524546
18485583312
148633763427
1780911525547
18628970336
148785311218
1780911526547
18759893493
148921116455
1780911527548
18888297241
149057973266
1780911528548
19012125488
149191581665
1780911529549
19120221679
149306216613
1780911530549
19237653259
149417238952
1780911531550
19345016967
149517082092
1780911532551
19446613464
149599412170
1780911533551
19550728088
149695893920
1780911534552
19648699523
149788665039
1780911535552
19717651550
149857617675
1780911536553
19789372497
149926367614
1780911537553
19860189147
149997921142
1780911538554
19926838928
150064682983
1780911539555
20006570922
150144155700
1780911540555
20105612426
150224895446
1780911541556
20204461975
150302172241
1780911542556
20300574157
150375777954
1780911543557
20396598876
150449475952
1780911544558
20492009094
150515950927
1780911545558
20586763732
150579037597
1780911546559
20680481811
150660652404
1780911547559
20776111145
150733162109
1780911548559
20871274047
150803453125
1780911549560
20960522277
150882963562
1780911550560
21045712280
150967801391
1780911551561
21124924926
151099524597
1780911552574
21213077697
151330423889
1780911553575
21314096130
151542735656
1780911554575
21422948974
151726884582
1780911555576
21541277160
151900599365
1780911556576
21682814514
152063768432
1780911557577
21833658996
152226049560
1780911558577
21985847595
152386509155
1780911559578
22126374816
152533362609
1780911560578
22262085754
152668307800
1780911561579
22399562133
152804657104
1780911562579
22536862304
152938201965
1780911563580
22667926696
153069632873
1780911564580
22793388549
153201103393
1780911565581
22918302978
153317131469
1780911566581
23035395263
153424456909
1780911567582
23153117248
153531855834
1780911568582
23261352905
153631124023
1780911569583
23346692993
153719140502
1780911570583
23435931152
153805257324
1780911571583
23523541931
153888002075
1780911572584
23607222045
153961703430
1780911573584
23689291503
154033029113
1780911574585
23773239318
154133223693
1780911575585
23855037353
154234213073
1780911576586
23956332397
154337935729
1780911577586
24040231689
154436238220
1780911578586
24124384826
154530951477
1780911579587
24213984802
154629507080
1780911580587
24294887207
154723552429
1780911581588
24378394958
154815985900
1780911582588
24472567077
154892958007
1780911583589
24568349975
154963106689
1780911584589
24646673522
155039416748
1780911585590
24717743591
155114622192
1780911586590
24764202575
155153535583
1780911587591
24800905700
155188508483
1780911588591
24852840698
155235258605
1780911589592
24909305603
155295028747
1780911590593
24979060546
155359623718
1780911591594
25059768310
155454145507
1780911592594
25137233032
155546957031
1780911593595
25212287841
155636068237
1780911594595
25292548767
155728373901
1780911595596
25365277770
155820628173
1780911596597
25441811218
155914326232
1780911597597
25522591735
156008291931
1780911598598
25596769775
156100037109
1780911599598
25673021484
156189202941
1780911600599
25760358947
156282104980
1780911601599
25855990417
156369961547
1780911602600
25926027282
156445923645
1780911603600
25988696228
156523437744
1780911604601
26057429382
156590264953
1780911605601
26124663635
156656346435
1780911606602
26204518432
156730015441
1780911607602
26289496154
156814307067
1780911608603
26379959716
156901209167
1780911609603
26475642456
156987460693
1780911610604
26565801635
157072713806
1780911611604
26644088867
157169406555
1780911612605
26731255432
157267456176
1780911613606
26819705993
157363032043
1780911614606
26908683166
157451248046
1780911615606
26992992065
157545017700
1780911616607
27076853698
157637486450
1780911617607
27171190002
157724524475
1780911618608
27264905578
157818804687
1780911619608
27348553283
157900629272
1780911620608
27415053039
157965874694
1780911621609
27484203796
158036493713
1780911622609
27549588134
158100453247
1780911623610
27621403076
158172648498
1780911624611
27694344299
158247678161
1780911625611
27785310180
158335210021
1780911626611
27873266052
158429838928
1780911627612
27964392883
158516030639
1780911628613
28061928100
158599054992
1780911629613
28154106079
158685603149
1780911630614
28234745666
158781715698
1780911631614
28314889892
158878401916
1780911632615
28398961730
158971957397
1780911633615
28491923217
159068772827
1780911634616
28603740234
159154632080
1780911635616
28775660827
159255902587
1780911636617
28860350158
159343060485
1780911637617
28931437133
159408975463
1780911638618
28989888488
159475997558
1780911639618
29055985717
159541685607
1780911640619
29107335510
159602375427
1780911641620
29175405639
159665246093
1780911642620
29268408630
159740546875
1780911643621
29362808898
159815086059
1780911644621
29456310913
159883573669
1780911645621
29551582214
159961942077
1780911646622
29638710571
160055404052
1780911647622
29844665649
160166179626
1780911648623
30050134033
160297732666
1780911649623
30213976684
160445577331
1780911650624
30369434814
160593131347
1780911651624
30516185241
160716846801
1780911652625
30652928100
160834949157
1780911653625
30774737487
160937508300
1780911654625
30890566345
161026278198
1780911655626
30983632751
161098129455
1780911656626
31074335632
161183431823
1780911657627
31162218688
161271899841
1780911658628
31245139282
161355964965
1780911659628
31334761535
161444749938
1780911660628
31432056884
161541273010
1780911661629
31518766052
161640040527
1780911662629
31601837036
161732543945
1780911663630
31684970031
161824548339
1780911664630
31765783569
161918712158
1780911665631
31842193298
162012495239
1780911666631
31933711059
162106010192
1780911667632
32009599792
162198467712
1780911668632
32080716552
162293706970
1780911669632
32159579956
162388466552
1780911670633
32224692260
162463233520
1780911671633
32291345336
162511842651
1780911672634
32355894348
162569343811
1780911673635
32390167907
162601432434
1780911674635
32420549011
162626725158
1780911675636
32488456237
162688451171
1780911676637
32563366088
162763727416
1780911677637
32649445373
162838370056
1780911678638
32729525024
162919151489
1780911679638
32812367614
162991616271
1780911680639
32888394348
163069512390
1780911681639
32961146057
163152165954
1780911682640
33049061401
163237159057
1780911683640
33208106689
163335823669
1780911684641
33427599853
163450146728
1780911685642
33612920349
163584538452
1780911686642
33774474731
163724030700
1780911687642
33916437561
163844444396
1780911688643
34044710754
163961337829
1780911689643
34157969848
164067442565
1780911690644
34257794250
164154180603
1780911691644
34354674377
164249833129
1780911692645
34446914367
164338803222
1780911693645
34542088256
164442814270
1780911694646
34636610900
164545789794
1780911695646
34724682983
164639668212
1780911696646
34832429870
164743149902
1780911697647
34920266418
164833584533
1780911698647
35017186279
164913038452
1780911699648
35115109313
165002728515
1780911700648
35205181762
165087847351
1780911701649
35296170898
165164710937
1780911702649
35388712951
165238107727
1780911703650
35484340820
165309721923
1780911704651
35548173583
165375121765
1780911705651
35610359069
165444406188
1780911706652
35665498291
165510848937
1780911707652
35720460205
165578381042
1780911708653
35778822631
165648046569
1780911709654
35866210571
165732961608
1780911710654
35970009582
165828303527
1780911711655
36073601257
165926541992
1780911712655
36174634643
166023140502
1780911713656
36277240600
166124131469
1780911714656
36372453491
166225476196
1780911715657
36466712036
166329193359
1780911716657
36559391967
166432392272
1780911717658
36661644409
166532370483
1780911718658
36762369934
166624190673
1780911719659
36864984436
166736036682
1780911720659
36984075622
166966024963
1780911721660
37196381042
167170257385
1780911722660
37322197143
167361219360
1780911723661
37422296875
167548480346
1780911724662
37505955322
167662370849
1780911725662
37572280639
167740278991
1780911726663
37664474975
167841006164
1780911727663
37770415954
167941868286
1780911728664
37870895202
168043528808
1780911729664
37975747985
168147269470
1780911730665
38082184020
168250822875
1780911731665
38191879821
168357772399
1780911732666
38307102233
168468584350
1780911733667
38416988891
168576605407
1780911734667
38526358581
168681788940
1780911735667
38637048461
168791544799
1780911736668
38741573242
168896423339
1780911737668
38854020263
169005825927
1780911738669
38957552673
169111869384
1780911739669
39043008300
169208824462
1780911740670
39126448547
169303390502
1780911741670
39212849792
169397230712
1780911742671
39293967102
169490607238
1780911743671
39392963134
169593312377
1780911744672
39500740844
169695892944
1780911745672
39609744384
169799635131
1780911746673
39719874023
169902677124
1780911747673
39831734741
170011048156
1780911748674
39940716186
170116059692
1780911749674
40051208251
170221154968
1780911750675
40160444091
170326036193
1780911751675
40262181823
170424359863
1780911752675
40367225341
170525112060
1780911753676
40475333923
170630025573
1780911754677
40587846618
170734417419
1780911755677
40686317138
170833742492
1780911756678
40773201965
170925116638
1780911757678
40859557250
171015540832
1780911758679
40942169982
171104781799
1780911759679
41019234863
171177875305
1780911760680
41086290832
171239902526
1780911761681
41156070007
171334038879
1780911762681
41228320983
171426313659
1780911763682
41303102416
171519843933
1780911764682
41374313415
171613133728
1780911765683
41453008972
171707446166
1780911766683
41530186523
171801276550
1780911767684
41629500732
171890367553
1780911768684
41725930419
171980720581
1780911769685
41824515014
172063854125
1780911770686
41922105895
172151497192
1780911771686
42018542053
172237882141
1780911772687
42101239685
172321193481
1780911773687
42173427978
172390728637
1780911774688
42245189575
172460014465
1780911775688
42317779235
172527308593
1780911776689
42387024841
172598544372
1780911777689
42477752136
172680778320
1780911778690
42573232971
172769020507
1780911779690
42730630004
172900063903
1780911780691
42829176452
172998781188
1780911781691
42925528015
173080425048
1780911782691
43024003479
173161187072
1780911783692
43120252624
173238102783
1780911784693
43215181396
173307189941
1780911785693
43311057861
173380169982
1780911786694
43395774475
173469952087
1780911787694
43477781188
173561236877
1780911788695
43552563781
173654292968
1780911789695
43626679626
173719520568
1780911790696
43677098937
173759961730
1780911791696
43726712036
173812875244
1780911792697
43785318176
173883466308
1780911793697
43841136718
173950095092
1780911794698
43926245361
174015889038
1780911795699
44020004882
174094787597
1780911796699
44112715270
174162852416
1780911797700
44211022033
174243679016
1780911798700
44306527954
174321736511
1780911799700
44403208801
174393971191
1780911800701
44498672668
174463042419
1780911801701
44595356079
174532695007
1780911802702
44691961669
174600576782
1780911803702
44781536499
174682041931
1780911804702
44877776245
174752585998
1780911805703
44972911437
174820378784
1780911806704
45040471740
174895483215
1780911807704
45100631896
174965296630
1780911808705
45155137268
175032647888
1780911809706
45209450683
175099820922
1780911810706
45269990356
175162923522
1780911811707
45362065979
175233938293
1780911812707
45455151428
175315701538
1780911813708
45546598388
175395751342
1780911814708
45634693908
175481129211
1780911815708
45724884216
175561784179
1780911816709
45821037658
175631260620
1780911817709
45918217773
175701711425
1780911818710
46013557495
175769883911
1780911819710
46107829956
175849689025
1780911820711
46201870727
175920112976
1780911821711
46295204345
175992210876
1780911822711
46376929199
176060906433
1780911823712
46438902587
176126393554
1780911824713
46493790954
176189332092
1780911825714
46557050781
176254330078
1780911826714
46613155029
176317916137
1780911827715
46684104797
176386286437
1780911828716
46776600524
176462110656
1780911829716
46870187744
176534057800
1780911830717
46965424194
176610861083
1780911831717
47059697326
176681187683
1780911832717
47155244384
176747265625
1780911833718
47249958923
176822916076
1780911834719
47343318847
176893379455
1780911835719
47438298095
176967366027
1780911836719
47533909423
177037843322
1780911837720
47623500976
177119979797
1780911838720
47717655700
177204838745
1780911839721
47798104064
177274194885
1780911840721
47854799194
177341405639
1780911841722
47910337219
177407913452
1780911842723
47962783203
177471533264
1780911843723
48019789794
177537174560
1780911844724
48087152893
177599327819
1780911845724
48181145507
177670748840
1780911846725
48272710815
177750846069
1780911847725
48365963867
177831042602
1780911848726
48460028442
177907579895
1780911849726
48553461242
177984929931
1780911850727
48643541748
178061438476
1780911851727
48735941345
178135762329
1780911852728
48829160339
178213032287
1780911853728
48914909057
178297726806
1780911854729
48988601135
178390084533
1780911855729
49068523559
178480773315
1780911856730
49139395996
178545611816
1780911857730
49214050781
178610494628
1780911858731
49287155822
178669872253
1780911859731
49349459228
178735381530
1780911860732
49411337036
178798387695
1780911861733
49491931518
178866503479
1780911862733
49585098327
178938876647
1780911863734
49680351013
179024966918
1780911864734
49766986511
179117638305
1780911865735
49841176940
179210795410
1780911866735
49914757080
179304580444
1780911867736
49997122314
179398578552
1780911868737
50077124694
179491810974
1780911869737
50153372070
179583991333
1780911870738
50235137084
179674955932
1780911871739
50308649597
179765776611
1780911872739
50381745178
179857533935
1780911873740
50455963134
179916645568
1780911874740
50524945312
179968508361
1780911875741
50602321228
180020337036
1780911876741
50664464233
180082488769
1780911877742
50725894531
180150590576
1780911878743
50819208374
180224689392
1780911879743
50908734436
180310903686
1780911880744
50985436462
180403485534
1780911881744
51061005981
180497443420
1780911882745
51134846801
180590611816
1780911883746
51212110595
180682491088
1780911884746
51287004455
180777087768
1780911885746
51370158752
180869324157
1780911886747
51442463500
180962565002
1780911887747
51524679992
181053539550
1780911888748
51607650817
181145723754
1780911889749
51679178405
181220583312
1780911890749
51763118164
181279562988
1780911891750
51833140075
181332084899
1780911892750
51897464416
181380992614
1780911893751
51966108337
181436009338
1780911894751
52031909912
181503486206
1780911895752
52108794616
181596276855
1780911896752
52180466674
181689634704
1780911897753
52258058044
181780254577
1780911898753
52329934387
181870847106
1780911899754
52401453796
181962894409
1780911900754
52475189208
182054194213
1780911901756
52549206848
182146065307
1780911902756
52619858276
182239926025
1780911903757
52693926147
182331681945
1780911904757
52761557250
182424684631
1780911905758
52832936096
182517608398
1780911906759
52901097778
182577028747
1780911907759
52972650085
182627211120
1780911908760
53038846618
182678655456
1780911909760
53104542541
182729049560
1780911910761
53169192993
182782412475
1780911911762
53253429260
182872088928
1780911912762
53337208984
182965829223
1780911913763
53412440612
183057883972
1780911914763
53487130310
183151350585
1780911915764
53558974426
183244513793
1780911916764
53626654602
183338359191
1780911917764
53706839355
183432199584
1780911918765
53788789978
183521802185
1780911919765
53858903625
183615938171
1780911920766
53933575012
183709395080
1780911921766
54013507629
183800762939
1780911922766
54081137390
183873190246
1780911923767
54152174743
183928231750
1780911924767
54216230285
183978537475
1780911925768
54292181884
184026891235
1780911926768
54356646057
184080598632
1780911927769
54429735900
184151675720
1780911928770
54506758544
184241200500
1780911929770
54580196594
184333915588
1780911930770
54659503601
184422490356
1780911931771
54728499450
184514136779
1780911932771
54800040954
184605945678
1780911933772
54878142700
184697178283
1780911934772
54947759094
184789751525
1780911935773
55022598999
184880661743
1780911936773
55103666015
184971812561
1780911937774
55178488708
185064526855
1780911938774
55250957275
185155190734
1780911939774
55320883178
185215089111
1780911940775
55387061950
185266030761
1780911941775
55451316223
185316489685
1780911942776
55522439392
185366053283
1780911943776
55588776489
185418780456
1780911944777
55663395446
185508639526
1780911945777
55741830993
185597709899
1780911946778
55810889221
185688663146
1780911947778
55895119140
185785973876
1780911948779
55977389038
185878181579
1780911949779
56047245056
185970552062
1780911950780
56133342529
186062031066
1780911951780
56204756713
186154394531
1780911952780
56273182922
186246416931
1780911953781
56351093811
186338044616
1780911954781
56420913452
186430418823
1780911955782
56493851440
186508937927
1780911956783
56559371032
186558095275
1780911957783
56628292968
186611116577
1780911958784
56693093872
186663222534
1780911959785
56762857482
186721762756
1780911960785
56833583557
186791411926
1780911961786
56912990539
186878822326
1780911962786
56985369567
186969101623
1780911963787
57062179321
187059869628
1780911964787
57130729431
187151265808
1780911965788
57202698059
187243177856
1780911966788
57281492553
187332184265
1780911967789
57358976257
187422498596
1780911968789
57437397827
187504866821
1780911969790
57519981018
187597949584
1780911970790
57588069152
187691385070
1780911971791
57668680114
187783897460
1780911972791
57740199157
187849023132
1780911973792
57806830627
187901677001
1780911974793
57872269287
187951689697
1780911975793
57938803771
188000299072
1780911976794
58006216918
188048474182
1780911977794
58097953063
188123619384
1780911978794
58180787292
188205231079
1780911979795
58264769653
188274364868
1780911980795
58345579711
188346050781
1780911981796
58412433105
188429432556
1780911982796
58479487304
188512308776
1780911983797
58557215332
188595966735
1780911984798
58624710510
188676772705
1780911985798
58697950683
188759334350
1780911986799
58784435058
188844014526
1780911987799
58884607604
188942502502
1780911988800
58978081237
189042252075
1780911989801
59066582092
189123274902
1780911990801
59153902954
189186093566
1780911991802
59238588012
189243067443
1780911992802
59318191955
189309591735
1780911993803
59401569519
189379183105
1780911994803
59482827087
189463244995
1780911995804
59568426086
189567031738
1780911996804
59687463806
189694563903
1780911997805
59809037658
189809074951
1780911998806
59915585754
189909354736
1780911999806
60025754150
190011769104
1780912000807
60130950988
190114605590
1780912001807
60237436218
190219954162
1780912002808
60342477783
190320224487
1780912003808
60430241577
190411505920
1780912004809
60540637939
190517326293
1780912005809
60648837097
190623178527
1780912006810
60747027893
190709139953
1780912007810
60840510131
190793553527
1780912008811
60925608032
190878514343
1780912009811
61011607604
190956869201
1780912010811
61100763732
191040088134
1780912011812
61193724243
191129714355
1780912012812
61292978698
191227734741
1780912013813
61402322387
191333037292
1780912014813
61514589416
191441517822
1780912015814
61618242553
191546550781
1780912016814
61729652526
191654513366
1780912017815
61836657958
191760077636
1780912018815
61940293090
191861071228
1780912019816
62046173950
191965688659
1780912020816
62149712219
192066488830
1780912021817
62255637390
192170178344
1780912022817
62360828491
192273359252
1780912023818
62455313537
192360617553
1780912024818
62526008972
192421546142
1780912025819
62621747802
192502321899
1780912026820
62723229797
192578200439
1780912027820
62823414428
192658440246
1780912028821
62901210693
192733527832
1780912029821
62999465942
192833623535
1780912030822
63075192626
192911685668
1780912031822
63153564697
192986425048
1780912032823
63228671752
193067430541
1780912033824
63298173034
193150440551
1780912034824
63378330200
193222578613
1780912035825
63461721557
193293934814
1780912036825
63533713562
193376021484
1780912037826
63623025085
193451990539
1780912038826
63704110961
193530617187
1780912039827
63784847167
193600467590
1780912040827
63859186767
193673074584
1780912041828
63892545898
193705648193
1780912042828
63920514465
193729766174
1780912043829
63971116455
193783644531
1780912044830
63996073059
193803911743
1780912045831
64031421386
193834029968
1780912046832
64133469360
193926445129
1780912047832
64279472595
194076204162
1780912048833
64409696899
194206906127
1780912049833
64526746520
194320159362
1780912050834
64649361755
194443091064
1780912051834
64748935424
194529638610
1780912052835
64844040344
194602097045
1780912053835
64940540405
194679277893
1780912054836
65034325256
194752370727
1780912055837
65130750610
194826937927
1780912056837
65222508728
194913805358
1780912057838
65321534362
195011764648
1780912058838
65388590942
195087751770
1780912059839
65458128234
195156189636
1780912060840
65513735778
195221597045
1780912061840
65569193969
195287127136
1780912062841
65620846984
195350730102
1780912063842
65710168518
195423280517
1780912064843
65806685058
195496119445
1780912065843
65897976257
195570960083
1780912066844
65993822937
195656015136
1780912067844
66099475769
195752208007
1780912068845
66195718444
195842924865
1780912069845
66290376953
195927339477
1780912070846
66381181884
196019597412
1780912071846
66479401611
196098696899
1780912072847
66573470458
196183733459
1780912073847
66664926269
196276498168
1780912074848
66753450561
196366038513
1780912075848
66824846374
196439619140
1780912076849
66897374023
196507778259
1780912077850
66969049987
196576266662
1780912078850
67038440429
196643349792
1780912079851
67106211791
196711839050
1780912080852
67196671508
196805709228
1780912081852
67283759216
196900437744
1780912082853
67378621459
196984702636
1780912083853
67465242065
197079892150
1780912084853
67555301330
197165311828
1780912085854
67646479980
197256723632
1780912086854
67738620483
197344335388
1780912087855
67835850952
197427467590
1780912088855
67925131469
197521616271
1780912089856
68015379638
197620922607
1780912090856
68100672302
197718036682
1780912091856
68197188354
197799008850
1780912092857
68273846069
197880814270
1780912093857
68344715148
197950877258
1780912094858
68412642456
198016569335
1780912095858
68484821777
198081525695
1780912096859
68550234924
198145431518
1780912097859
68635193237
198227254272
1780912098860
68728869323
198316728759
1780912099860
68815206604
198407292907
1780912100861
68910933227
198499178161
1780912101861
68999262878
198587494262
1780912102862
69093175781
198674172180
1780912103862
69192246093
198765668029
1780912104863
69279297912
198855161621
1780912105863
69365864135
198944017578
1780912106864
69450743652
199039081726
1780912107864
69538411560
199131110656
1780912108864
69631241455
199220156494
1780912109865
69714989624
199303408935
1780912110865
69785524414
199370692321
1780912111866
69850210510
199435470520
1780912112866
69920426269
199504213623
1780912113867
69993934814
199574026062
1780912114867
70070583435
199650390686
1780912115868
70164401245
199747740661
1780912116868
70249347473
199846645690
1780912117869
70343004394
199934364074
1780912118869
70430475341
200033528076
1780912119870
70526130065
200130275939
1780912120870
70609319519
200228132629
1780912121871
70697574768
200316313781
1780912122871
70787140014
200402552551
1780912123872
70874392517
200493971557
1780912124872
70967758056
200583253906
1780912125872
71058455932
200670376342
1780912126873
71140755065
200748425231
1780912127873
71213357604
200821377746
1780912128874
71285457946
200890061218
1780912129874
71353797363
200958297912
1780912130875
71423830078
201032696655
1780912131875
71497414184
201105497436
1780912132876
71585227600
201193665222
1780912133876
71678511047
201283981689
1780912134877
71765887695
201374919799
1780912135877
71854917053
201467657409
1780912136878
71948280639
201552496337
1780912137878
72046626159
201635199829
1780912138879
72128906311
201731260009
1780912139879
72217997192
201825902465
1780912140880
72310958496
201926541259
1780912141880
72404031372
202022295593
1780912142880
72494419006
202119768432
1780912143881
72584590026
202213676208
1780912144881
72649342224
202280431945
1780912145882
72719058715
202349838500
1780912146882
72787714721
202420255249
1780912147883
72858222290
202487836608
1780912148883
72928919921
202553618591
1780912149884
73019578735
202640227966
1780912150884
73117166931
202718133850
1780912151885
73217226013
202795957214
1780912152885
73311571166
202882857971
1780912153886
73405775390
202967266723
1780912154886
73499907653
203052086242
1780912155887
73593837463
203134377197
1780912156887
73683781433
203219717163
1780912157888
73770994201
203319626892
1780912158888
73859653930
203411446350
1780912159889
73954513305
203493911621
1780912160889
74049153747
203577354187
1780912161890
74115123962
203642448181
1780912162890
74183685852
203711283630
1780912163891
74255956237
203785676879
1780912164891
74321284912
203851625183
1780912165892
74386363830
203918764831
1780912166893
74476017089
204006377136
1780912167893
74560314270
204097866210
1780912168894
74643611267
204195569213
1780912169895
74738861999
204281822692
1780912170895
74832766479
204366485534
1780912171896
74921298645
204451239624
1780912172896
75012962585
204541753112
1780912173897
75109941162
204630316833
1780912174897
75205827758
204710802734
1780912175898
75297807495
204797668518
1780912176898
75392138000
204877165893
1780912177899
75481870422
204964919189
1780912178899
75556357788
205040349731
1780912179900
75637815856
205112274841
1780912180901
75708209350
205179740356
1780912181901
75777651855
205247066040
1780912182902
75844719055
205313873352
1780912183903
75931511596
205403491271
1780912184903
76019469299
205500838623
1780912185904
76107188537
205595598693
1780912186904
76194089782
205694000122
1780912187905
76280271789
205791795898
1780912188905
76371027160
205887337768
1780912189906
76459897155
205984259521
1780912190906
76558303894
206073891174
1780912191907
76639527648
206170889770
1780912192907
76723156860
206267464477
1780912193908
76815866149
206363158874
1780912194908
76900510925
206460024108
1780912195909
76978395751
206541900939
1780912196909
77052337463
206610562500
1780912197910
77125856323
206679435363
1780912198910
77199583251
206746006347
1780912199911
77275104248
206816970581
1780912200911
77355710815
206902482788
1780912201912
77442847290
206997656799
1780912202913
77529508911
207096640869
1780912203913
77619295471
207191410461
1780912204914
77703467529
207288072570
1780912205914
77787301574
207387798278
1780912206915
77878414245
207482116821
1780912207915
77965899047
207577546569
1780912208916
78055963989
207675271057
1780912209917
78143741638
207770155212
1780912210917
78227347961
207865614379
1780912211918
78315614562
207955310791
1780912212918
78395472961
208031228881
1780912213919
78465159606
208102602539
1780912214919
78535033874
208171362304
1780912215920
78603023620
208235908752
1780912216921
78668606994
208301468811
1780912217921
78746629455
208387683288
1780912218922
78832882812
208480357849
1780912219922
78926181518
208566042480
1780912220923
79015232360
208657979248
1780912221923
79100378601
208747142700
1780912222924
79182850952
208841537048
1780912223924
79276050537
208934788940
1780912224925
79359222595
209030877197
1780912225926
79436550720
209129869384
1780912226926
79525014282
209217769104
1780912227927
79611096679
209308950317
1780912228927
79693662048
209406544555
1780912229928
79776760314
209491064697
1780912230928
79850682312
209560421142
1780912231929
79946210083
209647880004
1780912232929
80107306091
209805568664
1780912233930
80225966857
209927222351
1780912234930
80316478332
210023199157
1780912235931
80429098266
210129916870
1780912236931
80629561889
210319290771
1780912239065
80731009765
210427717102
1780912240065
80834936462
210538222045
1780912241066
80935805419
210644785705
1780912242066
81039565185
210748091064
1780912243067
81140586730
210850908508
1780912244067
81245245971
210948856384
1780912245068
81346401855
211050589965
1780912246068
81441196777
211153315124
1780912247069
81550284545
211266534057
1780912248069
81685892517
211401709106
1780912249070
81813654663
211525647216
1780912250070
81933224121
211642050964
1780912251071
82035650573
211758841918
1780912252071
82126248291
211873679809
1780912253072
82223892089
211985415954
1780912254072
82339390991
212113994873
1780912255073
82463222534
212236116943
1780912256074
82611331054
212401547729
1780912257074
82761735961
212556999023
1780912258075
82883472412
212675151062
1780912259075
82994902526
212784204528
1780912260076
83107870300
212894693664
1780912261076
83217953125
212995756774
1780912262077
83327503601
213104622619
1780912263077
83437426025
213217685058
1780912264078
83543949401
213320337463
1780912265078
83648707214
213419658264
1780912266079
83748104675
213525820068
1780912267079
83854516845
213633289978
1780912268080
83938043029
213711903503
1780912269080
84022106140
213796913879
1780912270081
84100597839
213878921142
1780912271082
84179492919
213963790466
1780912272082
84253099548
214047684631
1780912273082
84354444335
214131190551
1780912274083
84459208007
214224227355
1780912275083
84564769409
214321064208
1780912276084
84666441223
214414315429
1780912277084
84766232971
214509941467
1780912278085
84866916259
214610950927
1780912279085
84971696350
214704016540
1780912280086
85074658386
214801734252
1780912281086
85250179077
214921722290
1780912282087
85473640869
215052792297
1780912283087
85681658386
215204658752
1780912284087
85876466003
215374764831
1780912285088
86053322937
215520669616
1780912286088
86222809509
215677898681
1780912287089
86393304382
215832146301
1780912288089
86557225341
215967612487
1780912289090
86723010498
216130551879
1780912290090
86885742492
216291000732
1780912291091
87029829345
216441376342
1780912292091
87176740478
216592384338
1780912293091
87322511779
216743017822
1780912294092
87468562133
216889853210
1780912295092
87612691772
217031663940
1780912296093
87758517395
217172130920
1780912297093
87887744995
217299497009
1780912298094
88011498779
217419469055
1780912299094
88133511169
217538222961
1780912300094
88257581909
217663395629
1780912301095
88379302734
217784952819
1780912302095
88494667907
217895289306
1780912303096
88596813781
217995490051
1780912304096
88683063232
218100351806
1780912305097
88764412597
218196186462
1780912306097
88853250488
218291706115
1780912307098
88931220397
218377384765
1780912308098
89023238342
218470017578
1780912309099
89124605590
218570187561
1780912310099
89232213317
218663076293
1780912311100
89340198669
218762885314
1780912312100
89431028076
218866940307
1780912313101
89524176086
218969924072
1780912314101
89629309997
219072722900
1780912315101
89734556518
219183428833
1780912316126
89836054504
219287078735
1780912317127
89943034973
219383544372
1780912318127
90033587036
219469264282
1780912319128
90220786743
219668261352
1780912321601
90318859985
219764380554
1780912322602
90407250061
219866236389
1780912323602
90494051025
219942557861
1780912324603
90576192321
220011085327
1780912325604
90652750061
220076799072
1780912326604
90730880126
220145460937
1780912327605
90811332275
220218546020
1780912328605
90893336608
220309436096
1780912329606
90985983398
220405978332
1780912330606
91073577697
220502296264
1780912331607
91163233398
220589749267
1780912332607
91251031799
220683184997
1780912333608
91341146057
220771774475
1780912334608
91428160949
220866682006
1780912335609
91520381713
220956752502
1780912336609
91609834228
221051793090
1780912337609
91706985412
221151261779
1780912338610
91800603698
221249554260
1780912339610
91896455688
221335210937
1780912340611
91979478881
221413678588
1780912341611
92053466308
221481928100
1780912342612
92135976806
221551585937
1780912343612
92218650146
221627358642
1780912344613
92303327331
221703631225
1780912345613
92384061096
221785791992
1780912346614
92471685058
221889026062
1780912347614
92563885925
221993920349
1780912348615
92650496643
222097960205
1780912349615
92739696105
222199902648
1780912350616
92827863769
222302791137
1780912351616
92909533874
222405966735
1780912352617
92989953735
222508093017
1780912353617
93078008239
222611599792
1780912354617
93180056884
222715102783
1780912355618
93283532287
222795419738
1780912356618
93386078369
222882764648
1780912357619
93477698181
222969089599
1780912358619
93552248474
223051195251
1780912359620
93630588867
223133341674
1780912360620
93699719726
223211821777
1780912361621
93772735351
223290721008
1780912362621
93857669921
223371653076
1780912363621
93961433410
223461231872
1780912364622
94064254272
223546326965
1780912365622
94168034301
223635463317
1780912366623
94271286193
223717328308
1780912367623
94376307739
223803550354
1780912368624
94469290405
223907041809
1780912369624
94554292480
224009237487
1780912370625
94638160522
224114024353
1780912371625
94725173950
224216038208
1780912372626
94804755310
224317359130
1780912373626
94890912475
224418761901
1780912374627
94981178955
224508835937
1780912375627
95054635742
224587046752
1780912376628
95123925109
224668754455
1780912377628
95195018005
224754027587
1780912378629
95273931457
224833579162
1780912379629
95357034973
224916474304
1780912380630
95460815185
225001043334
1780912381630
95563781127
225085058349
1780912382631
95666363830
225166203857
1780912383631
95771251220
225253758239
1780912384631
95872490722
225336283691
1780912385632
95975999145
225419356567
1780912386632
96079435485
225504633605
1780912387633
96184167236
225591203918
1780912388633
96289599670
225675231079
1780912389634
96392277465
225763046813
1780912390634
96494692932
225845542846
1780912391635
96577820739
225926214599
1780912392635
96652148925
226005873352
1780912393636
96729383300
226085258361
1780912394636
96798707336
226165245117
1780912395637
96871569335
226246952636
1780912396637
96958323242
226328045837
1780912397638
97062841491
226411589843
1780912398638
97166716125
226506506835
1780912399639
97269438659
226591072753
1780912400639
97372924438
226673449707
1780912401640
97476068786
226761685241
1780912402640
97577653076
226842262695
1780912403641
97680737060
226932260070
1780912404641
97784854553
227019156616
1780912405642
97887473205
227102236877
1780912406642
97987688903
227190644409
1780912407643
98090126770
227281585205
1780912408643
98168581542
227361971313
1780912409644
98231301879
227442071838
1780912410644
98290945922
227519908386
1780912411645
98346676879
227596868896
1780912412645
98400766479
227674323486
1780912413647
98488384521
227761505126
1780912414647
98591102539
227853509887
1780912415648
98693294311
227938821899
1780912416648
98794234130
228030429321
1780912417649
98898531127
228117213867
1780912418649
99005019348
228202789245
1780912419650
99111040954
228292959350
1780912420650
99216000549
228379148986
1780912421651
99321568359
228462185485
1780912422651
99426468688
228557355224
1780912423652
99532181579
228640526245
1780912424652
99638380981
228728574523
1780912425653
99729486450
228817265380
1780912426655
99803085266
228896013305
1780912427655
99876745178
228974997680
1780912428656
99952342773
229056533996
1780912429656
100026258972
229137786193
1780912430657
100115346008
229223832946
1780912431657
100218008422
229308598266
1780912432658
100319957092
229389607971
1780912433659
100422237792
229472346618
1780912434659
100527167175
229559305786
1780912435660
100630870544
229645251708
1780912436660
100734707885
229730800598
1780912437661
100838284484
229820548522
1780912438661
100938379211
229908891784
1780912439662
101038887268
229999998474
1780912440662
101138625732
230091726013
1780912441663
101236538574
230181631103
1780912442663
101308882629
230267109252
1780912443664
101381757873
230348936767
1780912444664
101453066223
230428373107
1780912445665
101525044189
230509673645
1780912446665
101595148376
230590358215
1780912447666
101687211608
230677636169
1780912448666
101789793701
230760535034
1780912449667
101895248413
230848521362
1780912450667
101998569030
230931861206
1780912451668
102102081481
231014423522
1780912452668
102204719726
231103752014
1780912453669
102307852233
231186119628
1780912454669
102410728210
231270292358
1780912455670
102515550964
231365221801
1780912456670
102618326843
231448339965
1780912457671
102721661926
231536495178
1780912458671
102823835266
231636418457
1780912459672
102911055114
231718966857
1780912460673
102982701232
231799650085
1780912461673
103051347717
231878077941
1780912462673
103118711242
231955671875
1780912463674
103190502746
232040220275
1780912464674
103276171752
232124322937
1780912465675
103381578430
232209035217
1780912466675
103486016662
232295026184
1780912467676
103589822082
232384018737
1780912468676
103695186645
232467271850
1780912469677
103799267456
232555851806
1780912470677
103904923034
232646164367
1780912471678
104008194946
232726976257
1780912472678
104112037902
232807713623
1780912473679
104215184875
232895021545
1780912474680
104317261901
232982648132
1780912475680
104420872070
233071056091
1780912476681
104508118591
233153082092
1780912477681
104575601501
233234975646
1780912478682
104647917480
233316960571
1780912479683
104723750671
233397656860
1780912480683
104796939697
233476415039
1780912481684
104880062255
233557038513
1780912482684
104980312622
233639100341
1780912483685
105080768859
233731584228
1780912484686
105181549560
233816381469
1780912485686
105285679077
233911869812
1780912486687
105387881896
233992489379
1780912487687
105491202392
234073530517
1780912488687
105607102233
234185323974
1780912489688
105745723510
234284404724
1780912490688
105838685974
234383798339
1780912491689
105931160461
234464636840
1780912492689
106026921752
234532763916
1780912493690
106110284729
234603349609
1780912494690
106168134704
234667674499
1780912495691
106223596374
234732585998
1780912496692
106280769714
234799897216
1780912497692
106343557922
234871648071
1780912498693
106413105529
234942674194
1780912499694
106507826721
235016253723
1780912500694
106600585510
235091310241
1780912501695
106721999023
235210123474
1780912502696
106823718017
235297217407
1780912503701
106926669372
235387676452
1780912504702
107006670166
235483111755
1780912505702
107097550231
235563834289
1780912506703
107192033325
235655099609
1780912507703
107288169433
235740456359
1780912508704
107387856506
235832806762
1780912509704
107487306701
235929886718
1780912510705
107573465759
236006883911
1780912511705
107642720092
236076946838
1780912512706
107712846130
236149174438
1780912513706
107783620971
236224441711
1780912514707
107849592468
236295247009
1780912515708
107926225463
236373911010
1780912516708
108013073425
236466882324
1780912517709
108106009765
236567814025
1780912518709
108205466674
236661676452
1780912519710
108295650817
236750628601
1780912520710
108382530822
236844692199
1780912521711
108482191467
236929403076
1780912522711
108575380432
237017207580
1780912523712
108671857788
237107881591
1780912524712
108766889770
237193569396
1780912525713
108857633422
237281792114
1780912526713
108952310607
237369764831
1780912527714
109042352416
237462806152
1780912528714
109110626464
237528975097
1780912529715
109181181762
237611608703
1780912530715
109249092590
237679575988
1780912531716
109318074035
237748107849
1780912532716
109390053710
237817552856
1780912533717
109486076965
237906756408
1780912534717
109575808959
237997982666
1780912535718
109669375244
238084359619
1780912536718
109753604858
238182036010
1780912537719
109850417358
238267916564
1780912538720
109945685241
238358249389
1780912539720
110036539184
238450970275
1780912540721
110143712524
238549519348
1780912541721
110238737060
238638777526
1780912542722
110332581848
238728436279
1780912543722
110416710571
238823447387
1780912544723
110510686645
238927418395
1780912545723
110585201904
239003513427
1780912546724
110657215209
239072514160
1780912547724
110736786926
239142527404
1780912548725
110814642761
239235525939
1780912549726
110886433593
239308815917
1780912550726
110974331359
239399772827
1780912551727
111068418701
239490789428
1780912552727
111159370849
239588288818
1780912553728
111251824279
239679812255
1780912554728
111344458496
239770647399
1780912555729
111448589660
239868296875
1780912556730
111545546203
239959080871
1780912557730
111632821411
240057032714
1780912558731
111719205932
240148973083
1780912559731
111818469116
240252173034
1780912560732
111905338989
240344070800
1780912561732
111998112426
240434779968
1780912562733
112075971069
240503729064
1780912563733
112152240417
240596911376
1780912564734
112218928955
240664705017
1780912565734
112285690856
240736972900
1780912566735
112352182983
240804053955
1780912567735
112455603332
240908891723
1780912568736
112539748779
241004453186
1780912569737
112625546752
241100794494
1780912570737
112711039184
241191384521
1780912571738
112811177429
241310940368
1780912572738
112913948120
241394451049
1780912573739
113006571838
241482430480
1780912574739
113100203430
241569967407
1780912575740
113185278625
241667061523
1780912576740
113295511596
241819793273
1780912577741
113406733459
241945668151
1780912578741
113501758544
242044010437
1780912579742
113570448181
242110617736
1780912580742
113641688659
242173566650
1780912581743
113710629333
242237009460
1780912582743
113776282165
242299798034
1780912583744
113857265136
242374609008
1780912584745
113941242004
242464906188
1780912585745
114024364135
242556154541
1780912586746
114105605590
242650222351
1780912587746
114197136169
242738852600
1780912588747
114285737670
242834520385
1780912589747
114377082214
242926845520
1780912590748
114456432678
243022331909
1780912591748
114533340820
243119216003
1780912592749
114620921752
243207741210
1780912593749
114714263488
243295500000
1780912594750
114804413208
243389515991
1780912595750
114897863891
243483584472
1780912596751
114966993896
243553208984
1780912597751
115033914306
243620918640
1780912598752
115102486328
243689138000
1780912599753
115174731201
243757442749
1780912600753
115248302795
243820922485
1780912601754
115343096008
243898755737
1780912602754
115426721984
243992754394
1780912603755
115515252441
244081708801
1780912604755
115597488220
244180730041
1780912605756
115692032592
244267444458
1780912606756
115777307250
244361706848
1780912607757
115865833129
244453015319
1780912608757
115957637390
244549341857
1780912609758
116045460571
244640536865
1780912610758
116134316894
244731733215
1780912611759
116218548400
244824771667
1780912612759
116298124450
244917663330
1780912613759
116370579589
244988162536
1780912614760
116447553527
245053172180
1780912615761
116514553894
245116261474
1780912616761
116586939636
245186351928
1780912617762
116655240600
245254028015
1780912618762
116742191589
245339328979
1780912619763
116830294250
245436969787
1780912620763
116912251464
245530191650
1780912621764
117000094543
245624111877
1780912622764
117088685119
245710938720
1780912623765
117184122375
245795870239
1780912624765
117270809814
245884268188
1780912625766
117359346008
245977452880
1780912626766
117449302490
246073499633
1780912627767
117540671325
246165335327
1780912628767
117637194824
246248518127
1780912629767
117721926391
246340897460
1780912630768
117791492919
246411781372
1780912631768
117858725830
246475913452
1780912632769
117926825866
246543579895
1780912633769
117997755493
246610936035
1780912634770
118065489562
246676125366
1780912635771
118145388549
246768525878
1780912636771
118228418823
246861677673
1780912637771
118322833923
246950821716
1780912638772
118414420654
247045048339
1780912639772
118503678344
247133879577
1780912640773
118596292480
247224152221
1780912641773
118688285217
247313678222
1780912642774
118768239624
247407131103
1780912643774
118862065368
247497131469
1780912644774
118955134948
247586202697
1780912645775
119046592773
247669701904
1780912646775
119132857116
247761825927
1780912647776
119213560363
247836857421
1780912648776
119285462036
247903798278
1780912649777
119359500061
247972840393
1780912650778
119428257324
248035366638
1780912651778
119493895690
248097636718
1780912652779
119582893981
248177669372
1780912653779
119667704956
248276522338
1780912654780
119755069213
248367008422
1780912655780
119846229797
248453645690
1780912656781
119936508117
248540873291
1780912657781
120024356750
248634328186
1780912658782
120112053405
248726159484
1780912659782
120211471313
248808966064
1780912660783
120305361572
248894500549
1780912661783
120393559509
248987304565
1780912662784
120483553833
249078502624
1780912663784
120583361633
249163020690
1780912664785
120661523437
249231851379
1780912665785
120745080993
249304030212
1780912666786
120818151611
249366306579
1780912667786
120890005981
249435812805
1780912668787
120967918212
249503207580
1780912669787
121046494689
249587842346
1780912670788
121139683837
249682350830
1780912671788
121227040405
249770381408
1780912672789
121307835754
249864773376
1780912673789
121401594055
249953182678
1780912674790
121490199768
250039888000
1780912675790
121582178344
250123307250
1780912676791
121673678771
250212466796
1780912677791
121769859008
250295851196
1780912678792
121857572509
250383454650
1780912679792
121948545043
250474387939
1780912680793
122036661682
250565303527
1780912681794
122119332763
250644548706
1780912682794
122201702880
250708633911
1780912683795
122274646911
250777059265
1780912684796
122346284912
250841517578
1780912685796
122422678527
250909054138
1780912686797
122499933959
250982146362
1780912687797
122596158508
251071901062
1780912688798
122690558227
251157716430
1780912689798
122778763122
251248685607
1780912690799
122877697570
251323056091
1780912691799
122977681213
251397639953
1780912692800
123076147033
251474360351
1780912693800
123172327087
251553484436
1780912694801
123270674072
251631815490
1780912695801
123369696655
251709803283
1780912696802
123466422912
251785400817
1780912697802
123567821777
251866867126
1780912698802
123642985961
251946061035
1780912699803
123706269470
252022545532
1780912700803
123777517578
252099583129
1780912701804
123834265075
252167323242
1780912702805
123895390991
252228949645
1780912703805
123986340515
252309422363
1780912704806
124528990661
252840319030
1780912711158
124623204406
252909791198
1780912712159
124718492370
252973577087
1780912713159
124813164611
253044649169
1780912714160
124908759826
253118861755
1780912715160
125003909118
253186199340
1780912716161
125060560180
253257136474
1780912717162
125116050964
253327579895
1780912718162
125178340209
253402915832
1780912719163
125249008422
253473162475
1780912720163
125324334594
253539004150
1780912721164
125418869323
253624927246
1780912722164
125506414123
253716592956
1780912723165
125598450500
253798884521
1780912724165
125691272460
253890546752
1780912725165
125789739501
253975621337
1780912726166
125883051086
254067139770
1780912727167
125973396179
254164421936
1780912728167
126063761291
254259090209
1780912729168
126154455139
254354479492
1780912730168
126244954895
254451273925
1780912731169
126336075927
254549131530
1780912732169
126420117614
254644578430
1780912733169
126490319152
254712325500
1780912734170
126560353881
254782324035
1780912735170
126635159912
254845032287
1780912736171
126703192138
254915493225
1780912737171
126772509887
254985947753
1780912738172
126859533264
255067935607
1780912739172
126943391967
255163121887
1780912740173
127035180236
255256012634
1780912741173
127128334594
255339316467
1780912742174
127215884643
255434599731
1780912743174
127311691040
255517016357
1780912744175
127402453369
255604840332
1780912745175
127492865478
255692817321
1780912746175
127587101867
255783813232
1780912747176
127681959350
255875417724
1780912748176
127778172058
255958179931
1780912749177
127869257690
256048222900
1780912750177
127954146728
256121518188
1780912751178
128030701782
256187037597
1780912752178
128100984558
256253015991
1780912753179
128165739318
256320995849
1780912754179
128236356750
256385675109
1780912755180
128319470153
256463179931
1780912756180
128414790283
256541698486
1780912757181
128516450683
256629889709
1780912758182
128622035156
256724968627
1780912759182
128717784545
256798454040
1780912760182
128812430786
256869381347
1780912761183
128907229370
256944906127
1780912762183
129003116577
257010118652
1780912763184
129087108093
257078617858
1780912764184
129172554077
257145832275
1780912765333
129266035949
257247048400
1780912766617
129366199707
257337633178
1780912767618
129475188049
257445539794
1780912768618
129565142150
257537790527
1780912769619
129634795837
257596558837
1780912770619
129710774414
257652361816
1780912771620
129787168151
257709365295
1780912772620
129866850463
257785020812
1780912773621
129978056945
257893389526
1780912774641
130069705627
257987688476
1780912775641
130152205017
258083944885
1780912776642
130241404602
258177163330
1780912777642
130323283996
258270704467
1780912778643
130402283630
258365269897
1780912779643
130490588928
258457944030
1780912780644
130569369812
258550273010
1780912781644
130650247253
258646389709
1780912782645
130728802001
258739933776
1780912783645
130806528808
258833056945
1780912784645
130887298645
258902812377
1780912785646
130966591552
258965775024
1780912786647
131051062011
259024512878
1780912787648
131136022888
259082964660
1780912788648
131212884887
259147108825
1780912789649
131288079833
259216474792
1780912790649
131380982788
259311625305
1780912791650
131467843139
259406263854
1780912792650
131544934326
259498452209
1780912793650
131625114990
259591830383
1780912794651
131703785522
259686760498
1780912795651
131779002502
259780149108
1780912796652
131864107604
259875735534
1780912797652
131947005371
259972114807
1780912798653
132027747070
260066394226
1780912799653
132107974426
260162276000
1780912800653
132190946533
260257273132
1780912801654
132266798950
260314759887
1780912802654
132339050048
260362963806
1780912803655
132414566589
260420407958
1780912804655
132491928894
260469178039
1780912805656
132573094299
260520192443
1780912806656
132662823547
260615439147
1780912807657
132757044006
260716383361
1780912808657
132846224914
260819962524
1780912809658
132934422485
260923261901
1780912810658
133015010253
261027235961
1780912811659
133112828247
261125651184
1780912812660
133206347167
261217172241
1780912813660
133307030151
261306991027
1780912814661
133407795166
261386450927
1780912815661
133510520263
261468924743
1780912816662
133615757873
261549252380
1780912817662
133718610290
261635044433
1780912818663
133797328979
261716143981
1780912819663
133866628723
261789547363
1780912820664
133932465637
261861859252
1780912821664
134019689086
261938752990
1780912822665
134095045776
262012611145
1780912823665
134198881713
262098411499
1780912824666
134301835266
33526367
1780912825666
134404363098
117730834
1780912826667
134508156127
200369934
1780912827667
134612710327
285547363
1780912828668
134717016784
367927795
1780912829668
134818802001
451224853
1780912830669
134916343017
536242431
1780912831669
135018432250
615763366
1780912832670
135121802124
692518981
1780912833670
135220999633
777615356
1780912834671
135314901428
857821655
1780912835671
135376449829
934146972
1780912836672
135447607788
1013219055
1780912837672
135518366760
1091151672
1780912838673
135590334045
1167029663
1780912839673
135670404113
1241270935
1780912840674
135758409118
1316314208
1780912841674
136110036682
1634672363
1780912846084
136204246520
1727515014
1780912847084
136292509582
1816149108
1780912848085
136383527954
1916099304
1780912849085
136471998107
2005797607
1780912850086
136564899719
2088325683
1780912851086
136653212890
2185140563
1780912852087
136742497680
2269035095
1780912853087
136837498657
2345552246
1780912854088
136937568237
2453319519
1780912855088
137072703308
2726896179
1780912856089
137219980651
2987747619
1780912857089
137378499572
3227721801
1780912858090
137554315673
3467857849
1780912859090
137745964111
3707825683
1780912860091
137950881530
3947861816
1780912861092
138174189147
4187970214
1780912862092
138399315490
4427929870
1780912863093
138626903991
4667940979
1780912864094
138862099304
4907920104
1780912865094
139100476135
5148051757
1780912866095
139334136047
5387848083
1780912867095
139572263427
5628004577
1780912868096
139808624938
5867913696
1780912869096
140049186157
6107922668
1780912870097
140289180847
6347978759
1780912871098
140529305603
6588009033
1780912872098
140762296875
6828080078
1780912873099
140993844848
7068193420
1780912874099
141235178894
7308077453
1780912875100
141454820617
7548193176
1780912876101
141654341125
7775925231
1780912877101
141829570922
7953804138
1780912878102
141972730346
8095039855
1780912879103
142074198852
8198718383
1780912880103
142167574157
8293151306
1780912881104
142256808959
8385877136
1780912882104
142348923950
8469669250
1780912883104
142441251098
8555451660
1780912884105
142536075866
8648956726
1780912885106
142626059631
8739981750
1780912886106
142710369384
8836346435
1780912887107
142809224060
8928708251
1780912888107
142908118957
9039165466
1780912889244
143006948730
9125422241
1780912890244
143103662414
9227523803
1780912891245
143190554565
9319665832
1780912892245
143265413574
9390441772
1780912893246
143340839477
9459632629
1780912894247
143413116699
9528984924
1780912895247
143482484802
9596888916
1780912896248
143548927734
9665223693
1780912897248
143629214538
9748267211
1780912898249
143717877380
9836244812
1780912899249
143816907470
9919163208
1780912900250
143906286254
10012671325
1780912901251
143993093505
10102154235
1780912902251
144085921752
10184785827
1780912903252
144166386657
10279913269
1780912904252
144259810668
10363676269
1780912905253
144355008972
10443626037
1780912906253
144448029785
10522426086
1780912907254
144538523559
10608183105
1780912908254
144631456054
10695341003
1780912909255
144714719360
10769915039
1780912910255
144767886169
10833944396
1780912911256
144832688842
10900837646
1780912912257
144887707214
10963937622
1780912913257
144959515930
11036098327
1780912914258
145038767761
11114332824
1780912915258
145128174682
11208031127
1780912916259
145214605834
11306775024
1780912917259
145309888061
11393735717
1780912918259
145403531066
11478044677
1780912919260
145494431274
11567695007
1780912920260
145579353515
11664773620
1780912921261
145661937377
11762595764
1780912922261
145759655029
11843150939
1780912923262
145848707946
11933850952
1780912924262
145938693603
12022260314
1780912925263
146021543395
12116676696
1780912926263
146113037719
12201454711
1780912927263
146196832153
12260729064
1780912928264
146373193420
12388992309
1780912930613
146441884765
12438087341
1780912931613
146512750061
12510256103
1780912932614
146593334228
12601978759
1780912933614
146667210937
12695134582
1780912934615
146738723571
12786651000
1780912935615
146814975708
12881295715
1780912936616
146900693054
12972208496
1780912937616
147019156066
13068787963
1780912938617
147292506347
13216193420
1780912939617
147551458007
13363094665
1780912940618
147791251159
13518782531
1780912941618
148031397155
13696726562
1780912942619
148271229248
13876957153
1780912943619
148511343505
14053070800
1780912944619
148751309326
14243785705
1780912945620
148991334167
14442016418
1780912946621
149231129455
14655259643
1780912947621
149471323181
14885299438
1780912948621
149711166442
15129560913
1780912949622
149951280151
15372688049
1780912950622
150191299499
15612490173
1780912951623
150431336181
15852375427
1780912952624
150671420959
16092692199
1780912953624
150911268615
16332526306
1780912954625
151151612915
16572520507
1780912955626
151391443237
16812691284
1780912956627
151631482360
17052623352
1780912957627
151871769836
17292774108
1780912958628
152111710632
17532819885
1780912959629
152350772277
17767771179
1780912960629
152567707702
17975303588
1780912961630
152750463745
18146249145
1780912962630
152877463928
18272157897
1780912963631
152969169555
18357776794
1780912964631
153043226074
18422215759
1780912965632
153134023071
18492758666
1780912966632
153228450988
18563650085
1780912967633
153306862854
18638133789
1780912968633
153398060302
18732084716
1780912969634
153485754638
18832170349
1780912970634
153567071777
18930473449
1780912971635
153654669494
19027040039
1780912972635
153742955505
19114228637
1780912973636
153827885131
19208877624
1780912974636
153921183410
19294191955
1780912975637
154012736083
19376858581
1780912976637
154099846801
19471111572
1780912977638
154187031188
19566284790
1780912978638
154275411987
19657211608
1780912979639
154362975769
19748098083
1780912980640
154434474914
19812904663
1780912981640
154505159301
19875561706
1780912982641
154573746276
19943253601
1780912983641
154649884033
20011367370
1780912984642
154717753906
20075933593
1780912985642
154810316955
20158629882
1780912986643
154903834777
20244312072
1780912987643
154998974609
20332031677
1780912988644
155086579040
20421275634
1780912989644
155178886962
20508871704
1780912990645
155258940856
20600512756
1780912991645
155330234497
20693877807
1780912992646
155404527404
20787944519
1780912993646
155483253540
20882744567
1780912994647
155553871826
20976050659
1780912995647
155628056213
21069082885
1780912996648
155699060852
21162191894
1780912997649
155770304748
21217797363
1780912998649
155851774230
21283677551
1780912999650
155927665039
21337237060
1780913000650
155992822570
21385735778
1780913001651
156060895080
21437053771
1780913002652
156128515197
21527514770
1780913003653
156209439636
21623177490
1780913004654
156289566406
21713487304
1780913005654
156387660888
21814703552
1780913006654
156477428710
21908683227
1780913007655
156571122070
22003682128
1780913008656
156659870788
22095857421
1780913009656
156752448608
22185654846
1780913010657
156844616699
22263771728
1780913011657
156937092956
22334171447
1780913012658
157032951232
22402476379
1780913013658
157129811584
22477751220
1780913014659
157188660888
22545334594
1780913015659
157242466918
22610174804
1780913016660
157302768798
22676002319
1780913017660
157360817810
22742925231
1780913018661
157420142944
22809705139
1780913019662
157517694580
22895615295
1780913020662
157645768554
23130229187
1780913021663
157791845703
23402505615
1780913022663
157958844299
23642463745
1780913023664
158137429199
23882451843
1780913024664
158326557800
24122321777
1780913025665
158524498168
24362464233
1780913026665
158723671081
24602347595
1780913027666
158936154174
24842424011
1780913028667
159165240112
25082523742
1780913029667
159401450195
25322697509
1780913030668
159641510742
25562593383
1780913031669
159879070739
25802732482
1780913032669
160115697631
26042595703
1780913033670
160346442626
26282444030
1780913034670
160587191894
26522547973
1780913035671
160828423400
26762664794
1780913036671
161068524414
27002766662
1780913037672
161308506347
27242761657
1780913038673
161548557067
27482780700
1780913039674
161788700012
27722760131
1780913040674
162028544738
27962811584
1780913041675
162263148864
28187504943
1780913042676
162474086486
28374399108
1780913043677
162644475219
28545928283
1780913044677
162777983459
28682777282
1780913045678
162884474914
28783177124
1780913046678
162977456970
28878285339
1780913047679
163076599731
28965502746
1780913048679
163175885864
29045906738
1780913049680
163274369995
29129532470
1780913050681
163337262512
29204034423
1780913051682
163393695007
29276827636
1780913052682
163451284118
29353399475
1780913053682
163511411071
29430994689
1780913054683
163565736511
29505681579
1780913055684
163656127197
29584451232
1780913056684
163752438842
29662411376
1780913057685
163851505065
29742642883
1780913058685
163951141296
29828248168
1780913059686
164050338439
29908446411
1780913060686
164150011657
29988087951
1780913061687
164248528137
30069049621
1780913062687
164346385742
30145398193
1780913063688
164441926513
30224526062
1780913064688
164539941101
30307564880
1780913065688
164638221008
30385652832
1780913066689
164724547241
30463906188
1780913067689
164786804931
30542748413
1780913068690
164844024536
30616874938
1780913069691
164907864929
30692401672
1780913070692
164964525390
30769798278
1780913071692
165032799316
30843942260
1780913072693
165130179504
30920913391
1780913073693
165228088928
31002201660
1780913074694
165324136291
31077930358
1780913075694
165424264160
31157783081
1780913076695
165522175598
31238339965
1780913077695
165620922729
31317508361
1780913078696
165718363403
31394985778
1780913079696
165815608276
31476931213
1780913080697
165912112487
31560893737
1780913081697
166009796081
31638813476
1780913082697
166106546386
31716475341
1780913083698
166172733459
31783562194
1780913084698
166232898742
31846327941
1780913085699
166288213256
31912354248
1780913086700
166344372070
31978573059
1780913087701
166402715087
32046966674
1780913088701
166485920898
32125381164
1780913089702
166580742614
32196036376
1780913090702
166678007629
32280955139
1780913091702
166782116516
32379457763
1780913092703
166916572814
32507916870
1780913093703
167020120056
32600566040
1780913094704
167126513061
32713257934
1780913095704
167211489624
32813885498
1780913096704
167309105529
32922613708
1780913097705
167414033325
33023601684
1780913098705
167521541442
33114506896
1780913099706
167626304565
33198706787
1780913100706
167705069641
33279026550
1780913101707
167780587219
33357767333
1780913102707
167856279663
33436124145
1780913103707
167928056396
33517445495
1780913104708
167997309997
33595717163
1780913105708
168095624206
33678414245
1780913106709
168197980346
33764928588
1780913107709
168303734436
33853262451
1780913108709
168406759216
33940182250
1780913109710
168508700439
34025100036
1780913110710
168613095458
34103699096
1780913111711
168726206359
34196081604
1780913112711
168830868286
34276426147
1780913113712
168937970031
34363853881
1780913114712
169043944763
34443363342
1780913115713
169143914123
34530671875
1780913116713
169248884582
34614810974
1780913117714
169337373168
34696024780
1780913118714
169419849731
34773781311
1780913119715
169501944824
34843331726
1780913120715
169589538391
34916988342
1780913121716
169672511474
34985887023
1780913122716
169755462707
35066791809
1780913123716
169863714599
35155888122
1780913124717
169965756286
35240698242
1780913125718
170070056396
35321793029
1780913126718
170176686584
35410964660
1780913127719
170281068908
35498772460
1780913128719
170386864990
35579457153
1780913129720
170492599975
35668040222
1780913130720
170593878906
35756585571
1780913131721
170696455444
35839727172
1780913132721
170804807800
35923898681
1780913133722
170912380615
36008629150
1780913134722
171003778198
36086940612
1780913135723
171074561218
36167005920
1780913136723
171149107482
36240713378
1780913137724
171233892150
36312806701
1780913138724
171314763427
36379879455
1780913139725
171404384399
36464962890
1780913140725
171512753173
36573482666
1780913141726
171621085205
36666150085
1780913142726
171711284484
36758748168
1780913143727
171806738403
36854262695
1780913144727
171893997985
36952877319
1780913145728
172014218200
37074787292
1780913146728
172140017456
37179290100
1780913147729
172245110839
37276737365
1780913148729
172344377746
37365723876
1780913149730
172438268310
37462968566
1780913150730
172521757507
37561804992
1780913151731
172614720336
37661320800
1780913152731
172691302734
37726469970
1780913153731
172771734680
37795183471
1780913154732
172842488098
37872907714
1780913155732
172910118591
37948902954
1780913156733
172981293884
38027120605
1780913157733
173084394165
38115317016
1780913158733
173186980041
38196497558
1780913159734
173288444152
38280324584
1780913160734
173387832397
38366812561
1780913161735
173486601745
38451570190
1780913162735
173586299255
38541202331
1780913163736
173687250244
38627635253
1780913164736
173786813842
38708292541
1780913165736
173886424560
38794876586
1780913166737
173988590637
38879219360
1780913167737
174090594726
38972349121
1780913168738
174201404418
39063462646
1780913169808
174290795715
39143362854
1780913170809
174358970275
39220545471
1780913171809
174426473999
39298296081
1780913172810
174496243957
39373601440
1780913173810
174572066223
39452457702
1780913174811
174650820556
39533255798
1780913175811
174752322875
39613478027
1780913176812
174853523742
39689739135
1780913177812
174956807189
39775575988
1780913178813
175060580993
39863962829
1780913179814
175162741149
39943986389
1780913180814
175266247985
40030147644
1780913181815
175368380676
40108671630
1780913182815
175472294006
40187197448
1780913183816
175576507629
40272055664
1780913184816
175678428466
40361511657
1780913185817
175779339050
40442926574
1780913186818
175880620361
40524549743
1780913187818
175963505737
40605815246
1780913188819
176034250793
40683126403
1780913189819
176105713317
40764197265
1780913190820
176176364501
40842167114
1780913191820
176242658813
40906085021
1780913192821
176330875732
40982929443
1780913193822
176425325500
41067106933
1780913194822
176520796203
41148461547
1780913195823
176610286132
41243000488
1780913196823
176701888610
41322460327
1780913197824
176797686035
41408349121
1780913198824
176889561706
41496682189
1780913199825
176984899475
41589665161
1780913200825
177080918273
41686659545
1780913201826
177183445983
41768810119
1780913202826
177287410949
41847122741
1780913203827
177387190002
41933277160
1780913204827
177483534240
42020365905
1780913205828
177556746154
42100846679
1780913206828
177632875549
42179609130
1780913207829
177715549743
42258808227
1780913208830
177789190917
42327076721
1780913209830
177861153747
42398579772
1780913210831
177955156066
42475607666
1780913211832
178051051513
42556690429
1780913212832
178147479614
42634314514
1780913213833
178244919128
42715000244
1780913214833
178340487548
42792855590
1780913215834
178437343627
42873576171
1780913216834
178533923156
42953320617
1780913217835
178630405029
43037063598
1780913218836
178726894165
43113611999
1780913219836
178825267761
43194577087
1780913220837
178921570739
43272691040
1780913221837
179017238891
43349121032
1780913222838
179092817260
43428128234
1780913223838
179148113098
43502931152
1780913224839
179200782165
43575072509
1780913225839
179261817932
43651758911
1780913226840
179318137939
43722945007
1780913227841
179406904541
43800493103
1780913228841
179503371643
43880599914
1780913229842
179602769714
43957105468
1780913230842
179702056518
44034618408
1780913231843
179799322570
44112792358
1780913232843
179894943237
44187383544
1780913233844
179992473510
44267909057
1780913234845
180091616638
44346083740
1780913235845
180189504394
44421772766
1780913236846
180285114685
44495474304
1780913237846
180383419494
44578690307
1780913238847
180480551330
44662437316
1780913239847
180561966979
44739394165
1780913240848
180620054931
44812440429
1780913241848
180675994018
44885149780
1780913242849
180728045776
44956077941
1780913243850
180788750549
45030726074
1780913244850
180858036132
45106655334
1780913245851
180957959350
45186458679
1780913246851
181056613098
45264714843
1780913247852
181157207946
45344659851
1780913248852
181251260131
45413550903
1780913249853
181346110778
45494510986
1780913250853
181437531188
45566465759
1780913251854
181532809631
45633105834
1780913252855
181627984619
45705500549
1780913253855
181723700134
45777013122
1780913254856
181821805847
45851540405
1780913255856
181920648742
45939680725
1780913256857
182022718322
46132380065
1780913257858
182147414794
46405794128
1780913258859
182313549926
46651250244
1780913259860
182521663208
46891302246
1780913260860
182751057800
47131268798
1780913261861
183033815795
47400242492
1780913262982
183273713989
47640157470
1780913263983
183513795532
47880146484
1780913264983
183753452514
48120151367
1780913265984
183993600219
48360347595
1780913266985
184233852905
48600346191
1780913267985
184473931457
48840590637
1780913268986
184713916870
49080492553
1780913269987
184953653686
49320523864
1780913270988
185193785461
49560393310
1780913271988
185433445007
49800472106
1780913272989
185673444702
50040596435
1780913273989
185913625854
50280596984
1780913274990
186153560546
50520702941
1780913275991
186393564514
50760622253
1780913276991
186633493652
51000585144
1780913277992
186873615478
51240651794
1780913278992
187113661376
51480729980
1780913279993
187353770996
51720722045
1780913280994
187593752746
51960932006
1780913281994
187833779296
52200750122
1780913282995
188073841552
52440899841
1780913283996
188313795959
52681005737
1780913284997
188553857788
52921093444
1780913285997
188793305725
53161092834
1780913286998
189019848144
53393617126
1780913287999
189213710754
53604248779
1780913288999
189381590393
53773536071
1780913290000
189513035949
53904292236
1780913291000
189624784301
54008504760
1780913292001
189716136901
54113870300
1780913293001
189811553527
54200264221
1780913294030
189904219238
54296352783
1780913295030
189998321166
54383021484
1780913296031
190092298461
54469631469
1780913297031
190176043029
54563280578
1780913298032
190263544128
54649143249
1780913299032
190338932006
54718690979
1780913300033
190410626342
54788445129
1780913301033
190485684387
54856749328
1780913302034
190556369750
54920736511
1780913303034
190629143554
54994389953
1780913304035
190718081298
55089053405
1780913305035
190810040954
55178971496
1780913306035
190895088378
55276893310
1780913307036
190985204223
55374283020
1780913308036
191066934875
55470031311
1780913309037
191151916442
55565812255
1780913310037
191245540649
55659132263
1780913311037
191338505493
55750309875
1780913312038
191421449279
55844664245
1780913313038
191509105895
55938856872
1780913314039
191606053344
56046093505
1780913315172
191683211303
56136709655
1780913316172
191765410766
56206606628
1780913317172
191838959045
56271804016
1780913318173
191911620300
56336624389
1780913319173
192001321166
56409906005
1780913320174
192078820129
56483355285
1780913321174
192170701293
56580255798
1780913322175
192261668395
56672420471
1780913323175
192344885314
56764124816
1780913324176
192429041503
56859510620
1780913325176
192518695373
56952276550
1780913326176
192610940002
57045020202
1780913327177
192703396606
57136388183
1780913328177
192791847778
57234264099
1780913329178
192872940002
57332453125
1780913330178
192954613891
57428871459
1780913331178
193044229858
57524739074
1780913332179
193136260803
57613201538
1780913333179
193204476806
57677149719
1780913334180
193285089660
57749903076
1780913335180
193355875061
57813242126
1780913336181
193426183105
57878975463
1780913337181
193503064819
57950356384
1780913338181
193587244628
58045944030
1780913339182
193669014953
58142736999
1780913340182
193760651977
58235268371
1780913341183
193843730224
58327900207
1780913342183
193928139038
58424260559
1780913343184
194022344299
58518484802
1780913344184
194108318603
58611508361
1780913345185
194191417724
58705576354
1780913346185
194279573364
58800498107
1780913347186
194369317077
58893221069
1780913348186
194456494018
58987154785
1780913349187
194545855407
59084131286
1780913350187
194621946228
59153549926
1780913351188
194692047546
59217662292
1780913352188
194766343200
59285303588
1780913353189
194841694946
59350188171
1780913354189
194911515441
59410989440
1780913355190
194994904296
59492020019
1780913356191
195066939697
59586658874
1780913357191
195142829223
59682406921
1780913358192
195224779724
59775190002
1780913359192
195305672119
59868575622
1780913360193
195381173461
59961456359
1780913361193
195459871093
60055249328
1780913362193
195540329589
60148810668
1780913363194
195627035278
60242975585
1780913364194
195768556396
60485787719
1780913365195
195968214599
60753216491
1780913366195
196214270690
60993047424
1780913367196
196456327514
61233142517
1780913368196
196691162353
61473009338
1780913369197
196915862792
61713122375
1780913370198
197148076843
61953186279
1780913371198
197375253234
62193042724
1780913372199
197621472045
62433122924
1780913373199
197861318908
62673209350
1780913374200
198094924560
62913090026
1780913375200
198330748657
63153132324
1780913376201
198573624267
63392942749
1780913377201
198813522399
63633143188
1780913378201
199052613220
63873084472
1780913379202
199293047180
64112913269
1780913380202
199533070495
64353101989
1780913381203
199772947204
64592883544
1780913382203
200013112182
64832995849
1780913383204
200253022583
65073187683
1780913384205
200460269592
65311439392
1780913385205
200626195312
65533238159
1780913386206
200741375732
65689556823
1780913387206
200844884887
65802433044
1780913388207
200934569458
65877586669
1780913389208
201012607910
65945187561
1780913390208
201084552062
66009498413
1780913391209
201170941528
66098257019
1780913392209
201255220031
66197216430
1780913393210
201339096252
66293572021
1780913394210
201427315612
66390523254
1780913395211
201512566955
66491305114
1780913396211
201593224182
66588592224
1780913397212
201686931335
66683909606
1780913398212
201776960021
66777064941
1780913399213
201860965698
66873471130
1780913400213
201952626525
66967144409
1780913401214
202040307250
67058520141
1780913402214
202125268859
67152166870
1780913403215
202214870056
67237272521
1780913404215
202289041992
67303754943
1780913405216
202361368347
67367730346
1780913406216
202436479736
67435621093
1780913407217
202509143615
67502178710
1780913408217
202590006774
67587291259
1780913409218
202685502075
67678221679
1780913410218
202763731872
67777156555
1780913411219
202846343811
67870667114
1780913412219
202933791809
67968629333
1780913413219
203018706115
68065403381
1780913414220
203106765502
68163058837
1780913415220
203194489501
68258801818
1780913416221
203275459838
68354908508
1780913417221
203356690368
68453210571
1780913418221
203450058593
68549710876
1780913419222
203536216796
68647504943
1780913420222
203617199707
68726828796
1780913421223
203689485107
68795976806
1780913422223
203758152404
68860515258
1780913423224
203830845153
68928482971
1780913424224
203903555297
68999804260
1780913425225
203986244506
69082697143
1780913426225
204072235900
69179966552
1780913427226
204162204345
69271950012
1780913428226
204240174072
69363093994
1780913429227
204316620422
69455128356
1780913430227
204397907592
69549966247
1780913431227
204477813720
69641120910
1780913432228
204547966308
69733021606
1780913433228
204629598205
69826385314
1780913434229
204710443054
69921010192
1780913435229
204817464477
70031543029
1780913436229
204911558715
70126667663
1780913437230
204989043762
70206419982
1780913438231
205086382629
70299688903
1780913439231
205193402954
70402922180
1780913440243
205282541625
70489284301
1780913441244
205356571472
70558381591
1780913442244
205429065124
70635230529
1780913443245
205504253784
70728460327
1780913444245
205581177246
70820987304
1780913445246
205661513977
70913522827
1780913446246
205741504516
71007032409
1780913447247
205825470886
71102235778
1780913448247
205912785827
71197622009
1780913449248
206004773864
71292696838
1780913450248
206091606567
71388429138
1780913451248
206185036865
71480536682
1780913452249
206276677734
71573367126
1780913453249
206358956848
71669548339
1780913454250
206460436767
71757781433
1780913455250
206560196960
71834256713
1780913456250
206637123413
71884648803
1780913457251
206710436828
71941038513
1780913458251
206764557922
72009684326
1780913459252
206851153076
72079839965
1780913460253
206944366455
72157857604
1780913461254
207037766967
72227755981
1780913462254
207132775634
72303072753
1780913463255
207229653381
72395527404
1780913464255
207323056579
72484109497
1780913465256
207405155578
72578439758
1780913466256
207495550842
72673782165
1780913467257
207583943603
72771858886
1780913468258
207675266235
72863824157
1780913469258
207776429809
72946889282
1780913470259
207856870117
73038524780
1780913471259
207935064880
73102695068
1780913472260
208009487609
73157487731
1780913473260
208079238891
73217453369
1780913474261
208151279113
73291915405
1780913475261
208219563171
73355556213
1780913476262
208296861328
73441770568
1780913477262
208371038330
73535936340
1780913478263
208457815429
73625708374
1780913479264
208538377868
73715199707
1780913480264
208632657836
73787847045
1780913481264
208727387145
73863220031
1780913482265
208821872802
73933837829
1780913483265
208915982849
74020490478
1780913484266
209079099914
74127732482
1780913485266
209352448669
74262810668
1780913486267
209602413696
74431634521
1780913487267
209842327026
74619240295
1780913488268
210082249816
74775191955
1780913489268
210322294921
74963111022
1780913490269
210562447326
75177817565
1780913491269
210802415100
75390599304
1780913492270
211042376525
75616670715
1780913493270
211282431396
75866797363
1780913494271
211522466247
76107282592
1780913495272
211762493103
76347266052
1780913496272
212002663452
76587409179
1780913497273
212242559143
76827422424
1780913498274
212482577575
77067416564
1780913499275
212722697692
77307495178
1780913500275
212962803527
77547486328
1780913501276
213202749328
77787629516
1780913502277
213442839111
78027463562
1780913503277
213682862670
78267490173
1780913504278
213922866333
78507548950
1780913505279
214162995361
78747829406
1780913506279
214402917968
78987891540
1780913507280
214642907836
79227747375
1780913508281
214883207214
79467861877
1780913509282
215123218811
79707888732
1780913510282
215363110778
79947899108
1780913511283
215603279113
80188096374
1780913512284
215843302673
80427987609
1780913513284
216083418457
80668176086
1780913514285
216322132446
80906141540
1780913515286
216545165771
81124104370
1780913516287
216740296081
81318415344
1780913517287
216904968933
81488566162
1780913518288
217041636901
81620880004
1780913519289
217156881225
81738792419
1780913520289
217263255554
81829601989
1780913521290
217353698120
81921373657
1780913522290
217442945983
82006836914
1780913523291
217538410705
82091004882
1780913524291
217631912414
82187948913
1780913525292
217713468750
82285216186
1780913526292
217807488891
82377161254
1780913527293
217877688781
82445796691
1780913528293
217946294677
82509386657
1780913529294
218023210266
82582477355
1780913530295
218091199218
82647736633
1780913531295
218164519775
82715322326
1780913532296
218249927673
82807765625
1780913533296
218339078674
82895475097
1780913534297
218430279785
82984993103
1780913535298
218526016601
83074937683
1780913536298
218606750915
83171727600
1780913537299
218688466064
83266966735
1780913538299
218776190734
83362626342
1780913539300
218868411865
83454362976
1780913540300
218954326171
83548900024
1780913541301
219046632324
83640274841
1780913542301
219136465393
83724342346
1780913543301
219210979919
83815569824
1780913544302
219288719482
83886101989
1780913545302
219361466796
83937029968
1780913546303
219432739929
83993715637
1780913547304
219501434936
84049784912
1780913548304
219572466430
84099579711
1780913549305
219646326904
84182977966
1780913550305
219723014648
84275562500
1780913551306
219816246032
84368923034
1780913552306
219917130187
84511436767
1780913553307
220065640075
84653950378
1780913554307
220200734436
84777084167
1780913555308
220324391113
84892683776
1780913556308
220466432922
85026016052
1780913557309
220597719482
85148553649
1780913558309
220718560607
85263141723
1780913559309
220854048095
85392240112
1780913560310
220988967407
85524690673
1780913561310
221093387634
85614447753
1780913562311
221271250244
85811717956
1780913563311
221447797180
86002302368
1780913564312
221548664184
86084419616
1780913565312
221624801025
86138611572
1780913566313
221701232788
86219995727
1780913567313
221781555114
86314469787
1780913568314
221871426574
86398493408
1780913569314
221953811950
86475728454
1780913570315
222036937744
86543916076
1780913571316
222124272766
86614145690
1780913572316
222196720153
86698111938
1780913573317
222290880187
86774551696
1780913574318
222384244384
86861125793
1780913575318
222457174499
86955433959
1780913576319
222534999389
87049669494
1780913577319
222648008422
87165156188
1780913578319
222726362426
87235551452
1780913579320
222805315734
87293906860
1780913580320
222883659790
87349103027
1780913581321
222957264343
87407927795
1780913582322
223045387634
87495750610
1780913583322
223133656677
87568582214
1780913584323
223232754333
87643580993
1780913585324
223329423400
87712396545
1780913586324
223427704895
87790409240
1780913587324
223523820800
87861791137
1780913588325
223622031555
87931738220
1780913589325
223714860473
88018615173
1780913590326
223787726867
88112143920
1780913591326
223879552062
88200278076
1780913592327
223994916992
88301910827
1780913593327
224094762512
88380470336
1780913594327
224193269531
88463202697
1780913595328
224273583984
88544909667
1780913596328
224348327514
88612005126
1780913597329
224419116394
88678933349
1780913598330
224494838012
88745069824
1780913599330
224590009948
88825517089
1780913600331
224688003479
88929013122
1780913601331
224771450256
89023554687
1780913602332
224849993591
89116426940
1780913603332
224934870544
89204520812
1780913604333
225022240173
89299252929
1780913605333
225101943054
89391514892
1780913606334
225199163085
89499341918
1780913607334
225387756164
89690058227
1780913608363
225635008789
89930137878
1780913609408
225717307739
90025066528
1780913610409
225821367797
90134434326
1780913611409
225921703918
90239107666
1780913612410
226020096618
90337577209
1780913613423
226103163513
90419861389
1780913614424
226174569213
90487325134
1780913615425
226245171386
90551165527
1780913616425
226317357299
90618624267
1780913617426
226383016113
90676696716
1780913618426
226449688903
90739147155
1780913619427
226532437805
90829512451
1780913620427
226604058715
90920636657
1780913621428
226677136352
91010450317
1780913622428
226757580688
91102067749
1780913623429
226826533386
91195770690
1780913624429
226899560974
91286847045
1780913625430
226991353820
91380576416
1780913626430
227087902893
91509889221
1780913627431
227220216491
91783154357
1780913628431
227370855773
92039225219
1780913629432
227525330749
92279368530
1780913630433
227694010925
92519265686
1780913631433
227871768554
92759354125
1780913632434
228048515808
92999471252
1780913633434
228237600952
93239361511
1780913634435
228443116760
93479491821
1780913635435
228652824035
93719463256
1780913636436
228890035217
93959425659
1780913637437
229131853942
94199509948
1780913638437
229373571533
94439441894
1780913639438
229611981811
94679334106
1780913640438
229849676818
94919428405
1780913641439
230090633117
95159522521
1780913642439
230330609497
95399507629
1780913643440
230570760192
95639479187
1780913644441
230810730102
95879419311
1780913645441
231050552612
96119628723
1780913646442
231290835693
96359541564
1780913647442
231530741577
96599728942
1780913648443
231770765747
96839703491
1780913649444
232010781372
97079516967
1780913650444
232250824462
97319635620
1780913651445
232490813354
97559516784
1780913652445
232730865844
97799690917
1780913653446
232970920898
98039650695
1780913654447
233210992309
98279795959
1780913655447
233451020874
98519907409
1780913656448
233691015319
98759746582
1780913657449
233914179992
98993505249
1780913658449
234094630920
99188645385
1780913659450
234262416442
99362477661
1780913660451
234399476623
99511286437
1780913661451
234523095214
99634568481
1780913662452
234635608276
99733049011
1780913663452
234737899169
99812666992
1780913664453
234838793273
99891252868
1780913665453
234936434692
99968974243
1780913666454
235034837707
100059737854
1780913667454
235127837158
100156434875
1780913668455
235218207031
100250598327
1780913669455
235297898986
100328302368
1780913670456
235371178039
100399047546
1780913671456
235443099487
100466965515
1780913672457
235516221130
100539431579
1780913673458
235590766967
100609119323
1780913674458
235671311279
100700314453
1780913675459
235755901916
100797040161
1780913676463
235841862976
100897109924
1780913677464
235935028991
100992008483
1780913678464
236016510131
101090640075
1780913679465
236111247375
101191973632
1780913680465
236194359252
101287511352
1780913681466
236276124572
101384819396
1780913682466
236365895507
101481279052
1780913683467
236456059997
101575727722
1780913684467
236538038085
101677650390
1780913685468
236630768920
101768030761
1780913686468
236713205749
101843253417
1780913687469
236789416748
101909889282
1780913688469
236870868408
101984301025
1780913689470
236947860168
102051633544
1780913690471
237017030212
102115461364
1780913691471
237095763977
102203453552
1780913692472
237180792114
102298780517
1780913693472
237263069335
102395966857
1780913694473
237358815612
102493464599
1780913695473
237443215087
102590097412
1780913696474
237523496582
102688434020
1780913697474
237616482177
102782257080
1780913698475
237704359558
102877028686
1780913699475
237796235961
102976065124
1780913700476
237885937500
103070175598
1780913701476
237966215881
103169739013
1780913702477
238049107177
103267556335
1780913703477
238129271972
103351994140
1780913704478
238205913818
103417616088
1780913705478
238280113830
103487639221
1780913706479
238353356079
103555685546
1780913707479
238429330017
103625421691
1780913708480
238503529663
103705841552
1780913709480
238596638488
103794347961
1780913710481
238690782043
103877841003
1780913711481
238764551086
103965924438
1780913712481
238847915588
104038657653
1780913713482
238926914306
104109431457
1780913714483
239012649475
104178095825
1780913715483
239100986938
104252609436
1780913716483
239177847290
104329334533
1780913717484
239256351318
104408141235
1780913718484
239339932434
104498927490
1780913719485
239425815979
104579823242
1780913720485
239506589355
104663370727
1780913721486
239576995544
104726716613
1780913722487
239602358642
104747415466
1780913723488
239628795166
104769020751
1780913724489
239670779357
104807715148
1780913725490
239707814086
104841265319
1780913726490
239794332763
104933570251
1780913727491
239897262268
105031149536
1780913728492
239989463928
105131628723
1780913729492
240077116699
105226738403
1780913730493
240165998779
105321313293
1780913731493
240256770935
105407834289
1780913732494
240357369384
105491870056
1780913733494
240447635009
105588134704
1780913734495
240539155883
105682263488
1780913735495
240611347412
105774670471
1780913736496
240691013061
105870367614
1780913737496
240766627319
105957251831
1780913738497
240832599060
106007846862
1780913739498
240906060607
106064742797
1780913740499
240971339843
106113281738
1780913741499
241036920288
106164069641
1780913742500
241109187072
106233874694
1780913743501
241192098388
106326411193
1780913744501
241265362426
106420589355
1780913745502
241340273437
106514855163
1780913746502
241417313903
106604973266
1780913747503
241492037170
106697908569
1780913748503
241581012023
106789521667
1780913749504
241657747497
106882755615
1780913750504
241725778320
106976907226
1780913751505
241801700744
107070573242
1780913752505
241871302246
107163973449
1780913753505
241944586975
107259085754
1780913754506
242018395751
107325210571
1780913755506
242082371643
107374897644
1780913756508
242149745849
107426622192
1780913757508
242219459411
107484377990
1780913758509
242289463256
107534113586
1780913759510
242375834960
107618021179
1780913760511
242450067749
107711852539
1780913761511
242521273315
107803818603
1780913762512
242591673522
107896077453
1780913763512
242669582092
107989461608
1780913764513
242749187744
108081214355
1780913765513
242827001342
108173109130
1780913766514
242903595153
108265841369
1780913767514
242979651245
108357802551
1780913768515
243050828796
108438247314
1780913769515
243134351074
108518299072
1780913770516
243210804138
108597984680
1780913771516
243248017944
108626756042
1780913772517
243289728576
108659820983
1780913773518
243319450500
108682228088
1780913774518
243355215454
108710235900
1780913775519
243418075805
108762452087
1780913776520
243496435058
108839409545
1780913777520
243568673767
108920226501
1780913778521
243645775268
109006263000
1780913779521
243732417358
109076051940
1780913780522
243820287170
109138407714
1780913781522
243903434082
109216674255
1780913782523
243980207702
109287501220
1780913783524
244054237487
109363905029
1780913784524
244129610595
109450546447
1780913785525
244201013549
109532921203
1780913786525
244279905151
109621681701
1780913787526
244354332336
109707330261
1780913788527
244402278381
109748436218
1780913789527
244441892456
109781024658
1780913790528
244476552307
109813912597
1780913791529
244507758666
109841768310
1780913792530
244542630981
109877769226
1780913793531
244606453247
109941098449
1780913794532
244675857788
110022354919
1780913795532
244748307189
110098291198
1780913796533
244833431274
110172434875
1780913797533
244914267150
110249751220
1780913798533
244985674255
110329075073
1780913799534
245064237548
110413177307
1780913800534
245142868652
110481802612
1780913801535
245223231628
110552637634
1780913802535
245294640808
110636837463
1780913803536
245364118164
110722057800
1780913804536
245446243957
110792520568
1780913805537
245509757690
110852461425
1780913806537
245558437744
110890915588
1780913807538
245598515686
110922277587
1780913808539
245656141052
110971291076
1780913809540
245708445251
111011168090
1780913810541
245756518188
111048691650
1780913811542
245827163574
111131783996
1780913812543
245902618713
111202284912
1780913813544
245980790283
111275947692
1780913814544
246064464904
111353025695
1780913815545
246144195434
111421987976
1780913816545
246226082397
111492568969
1780913817546
246314874145
111566714355
1780913818546
246389602905
111640934753
1780913819547
246476234497
111716763366
1780913820547
246559819030
111803554321
1780913821548
246642845642
111873065734
1780913822548
246717744079
111934177551
1780913823549
246759198974
111967972900
1780913824549
246811109069
112013373474
1780913825550
246855938720
112053320129
1780913826551
246895781555
112088900817
1780913827552
246937934875
112125036437
1780913828552
247016957580
112195748962
1780913829553
247093369812
112280778564
1780913830553
247173237854
112354695068
1780913831554
247243983520
112434859985
1780913832554
247316944641
112516145080
1780913833555
247383547180
112599056457
1780913834555
247457760498
112675725219
1780913835556
247538114807
112759138854
1780913836556
247611466735
112840999084
1780913837557
247682267395
112923403686
1780913838557
247764392333
113003183715
1780913839558
247842657043
113082173767
1780913840558
247872848510
113106252807
1780913841559
247914517333
113149121032
1780913842560
247939682861
113169738586
1780913843561
247969729736
113194697387
1780913844561
248020890991
113235122436
1780913845562
248096147705
113305548767
1780913846562
248179416503
113381494812
1780913847563
248267285644
113453197448
1780913848564
248344824218
113524943359
1780913849565
248418050781
113608078002
1780913850565
248493486511
113688100952
1780913851566
248571711242
113760737915
1780913852566
248644780944
113840132995
1780913853567
248724903869
113917660278
1780913854567
248801903869
113992474975
1780913855567
248878188537
114066167968
1780913856568
248951724304
114150967468
1780913857569
249010830444
114209579589
1780913858569
249042742797
114237662353
1780913859570
249096545593
114282385437
1780913860571
249121140319
114301727355
1780913861572
249156991638
114330459960
1780913862573
249225529235
114395891540
1780913863574
249311154846
114461262695
1780913864574
249386827453
114534921630
1780913865574
249462527099
114619277770
1780913866575
249536032592
114701484313
1780913867575
249620116027
114771564453
1780913868576
249703494506
114855090515
1780913869576
249783357421
114930003906
1780913870577
249870517639
114989340820
1780913871577
249944906188
115072385620
1780913872578
250015640502
115148211425
1780913873578
250095543151
115224228637
1780913874579
250153709106
115283681457
1780913875579
250181410095
115304119445
1780913876580
250216714050
115330723388
1780913877581
250263793212
115378797729
1780913878582
250291985656
115404419006
1780913879583
250357019165
115470449279
1780913880583
250436505432
115545039245
1780913881583
250512302001
115633522216
1780913882584
250576004943
115716978271
1780913883584
250653367126
115796987915
1780913884585
250733919738
115870963256
1780913885585
250806366943
115951762756
1780913886586
250887950622
116026680358
1780913887586
250959828247
116110894897
1780913888587
251033366882
116186911743
1780913889587
251108741760
116275211730
1780913890588
251181888671
116357570861
1780913891588
251237585510
116415724487
1780913892588
251279294189
116449260498
1780913893589
251310480895
116476065856
1780913894590
251344734924
116502585998
1780913895590
251393806335
116550664123
1780913896591
251456233764
116602065673
1780913897592
251545985717
116667621887
1780913898592
251626936096
116749195495
1780913899593
251708459655
116820048767
1780913900593
251780423522
116895484069
1780913901594
251859021118
116975854553
1780913902594
251927976745
117054638305
1780913903595
252005031616
117128080627
1780913904595
252084482177
117204102783
1780913905596
252159370178
117278054931
1780913906596
252239973449
117352389953
1780913907597
252313979553
117440439575
1780913908597
252382946655
117513425842
1780913909598
252422447570
117546424926
1780913910598
252462504577
117578549499
1780913911599
252519768615
117623067443
1780913912600
252554446655
117649840698
1780913913601
252593666198
117685643920
1780913914602
252662898620
117764148315
1780913915602
252740448669
117834452392
1780913916603
252815756774
117914931823
1780913917603
252898467102
117992722900
1780913918604
252964968017
118076498046
1780913919605
253045053161
118155674316
1780913920605
253114825805
118233844604
1780913921606
253182095397
118314974304
1780913922606
253259856567
118396557922
1780913923607
253336291015
118472333801
1780913924607
253409236206
118547899597
1780913925608
253483111328
118630565856
1780913926608
253516617675
118657740478
1780913927609
253558355834
118691250732
1780913928609
253609166992
118747592529
1780913929610
253645466430
118775262634
1780913930610
253674157836
118799050598
1780913931611
253748939819
118872971740
1780913932612
253820796386
118955437988
1780913933613
253897482421
119034425170
1780913934613
253975253479
119108321960
1780913935613
254048964111
119182476867
1780913936614
254119550109
119260473083
1780913937614
254198529113
119342445251
1780913938615
254277700744
119413408630
1780913939615
254355952331
119492280639
1780913940616
254436619018
119567334167
1780913941616
254505159179
119655519897
1780913942616
254577381225
119735769348
1780913943617
254621784851
119784450256
1780913944617
254658623596
119820292114
1780913945618
254697373107
119850412109
1780913946619
254736617126
119883014160
1780913947619
254778328369
119917152587
1780913948620
254854467590
119976351379
1780913949621
254929602783
120059407775
1780913950621
255002232421
120141079406
1780913951622
255081032531
120210265808
1780913952622
255156452514
120296021362
1780913953622
255238674682
120365771606
1780913954623
255307723449
120443299438
1780913955624
255387024414
120529369262
1780913956624
255460787780
120610104492
1780913957624
255531604980
120695723510
1780913958625
255611063171
120780408020
1780913959626
255686472167
120855520874
1780913960626
255735980834
120898331481
1780913961627
255774319335
120934465576
1780913962628
255798638977
120954017517
1780913963629
255830197082
120980060180
1780913964629
255865647583
121008343688
1780913965630
255922394714
121076479003
1780913966631
256004215881
121150689514
1780913967631
256087656066
121228050170
1780913968632
256171260192
121299466186
1780913969632
256256914978
121364236022
1780913970633
256330126037
121446647399
1780913971633
256408504333
121522433959
1780913972634
256491710205
121587206115
1780913973634
256581274169
121656766113
1780913974635
256658503967
121725727111
1780913975635
256741399414
121794377441
1780913976636
256823717041
121865720642
1780913977637
256889532592
121923400695
1780913978637
256920235290
121949968383
1780913979638
256962461975
121988614624
1780913980639
256994583496
122015406005
1780913981640
257026777832
122041237121
1780913982641
257085019592
122102548583
1780913983641
257166017150
122173843688
1780913984642
257246480712
122239189575
1780913985642
257322645935
122317898986
1780913986643
257400994323
122388429748
1780913987643
257481438842
122466445129
1780913988644
257567108825
122554728027
1780913989645
257642401550
122629686645
1780913990645
257715350708
122706714660
1780913991646
257791035461
122787317016
1780913992646
257863925476
122859665527
1780913993647
257945458740
122936995117
1780913994648
258004503479
122991824279
1780913995648
258032532531
123013144042
1780913996649
258065458801
123038934387
1780913997650
258114430053
123086486145
1780913998651
258144377380
123111686889
1780913999651
258204691162
123170950988
1780914000652
258272441955
123254818542
1780914001653
258348160156
123327734008
1780914002654
258421743103
123418725402
1780914003654
258497101501
123503135986
1780914004655
258578256530
123576188293
1780914005655
258657306213
123648947204
1780914006656
258739342163
123723617187
1780914007657
258822787475
123796131225
1780914008657
258903600646
123866764892
1780914009657
258985071960
123945961669
1780914010658
259061843872
124020419616
1780914011658
259122422058
124084033020
1780914012659
259163071044
124115788085
1780914013659
259197597106
124143664367
1780914014660
259224403442
124165240661
1780914015661
259276864318
124206787353
1780914016662
259319708862
124246115295
1780914017662
259405234985
124314807373
1780914018663
259486151123
124394834533
1780914019663
259562621032
124474641601
1780914020663
259641528503
124548927551
1780914021664
259723575683
124625493896
1780914022664
259804395507
124691155822
1780914023665
259888405395
124759327148
1780914024665
259972683532
124826084228
1780914025666
260047898254
124901660156
1780914026666
260134188720
124972800476
1780914027667
260207895446
125057100097
1780914028668
260289064636
125128465698
1780914029668
260326286865
125160497985
1780914030669
260369029602
125192859680
1780914031670
260410093139
125232269470
1780914032670
260439178039
125255312438
1780914033671
260477695190
125287924743
1780914034672
260542580871
125367797973
1780914035672
260617212707
125451560424
1780914036673
260690798339
125528036865
1780914037673
260775820495
125604066345
1780914038674
260854939208
125677520874
1780914039674
260931881652
125751269592
1780914040675
261005710754
125830040527
1780914041676
261074625549
125908465087
1780914042676
261147882202
125993875915
1780914043677
261227689697
126066425354
1780914044677
261303546203
126137531860
1780914045678
261381583374
126215634033
1780914046679
261420429931
126249025939
1780914047679
261471588623
126288189331
1780914048680
261528143737
126335040954
1780914049682
261561865478
126362983337
1780914050682
261603247436
126391190612
1780914051683
261674239196
126460986511
1780914052684
261749882263
126532230773
1780914053684
261822824890
126618616027
1780914054685
261899447387
126693892211
1780914055685
261976630126
126763338195
1780914056686
262056459716
126835443725
1780914057686
262138966735
126909330383
1780914058687
73779113
126985417846
1780914059687
155519470
127060367065
1780914060688
226411560
127142154357
1780914061688
293886962
127221765014
1780914062689
374971191
127288620727
1780914063689
447705627
127353627685
1780914064690
482845214
127389418151
1780914065691
518707092
127418944458
1780914066691
567008300
127457083679
1780914067692
603502075
127494570678
1780914068693
667668212
127542915649
1780914069694
750468322
127618404235
1780914070694
826340759
127693106628
1780914071695
903665710
127768266174
1780914072695
983145812
127837458312
1780914073696
1059117004
127911529846
1780914074696
1140074584
127979935729
1780914075697
1218861267
128062036804
1780914076697
1295580871
128132803649
1780914077697
1374591857
128208021728
1780914078698
1456922851
128287138977
1780914079699
1527475769
128368379211
1780914080699
1599018371
128440070556
1780914081700
1644450012
128475437316
1780914082700
1669188415
128495131408
1780914083701
1702174011
128526796508
1780914084702
1733051208
128553679260
1780914085703
1781623229
128590284240
1780914086704
1866197570
128663169738
1780914087705
1952879638
128730544067
1780914088705
2024816772
128810319396
1780914089706
2101391662
128887905395
1780914090706
2173187072
128969850524
1780914091706
2254619384
129043409362
1780914092707
2334998596
129117260253
1780914093707
2411427551
129197206542
1780914094708
2483341430
129270224060
1780914095709
2556508789
129347767578
1780914096710
2635555114
129424269470
1780914097710
2710016113
129498624877
1780914098711
2749808715
129531398254
1780914099712
2791600891
129564308715
1780914100713
2825125122
129590282897
1780914101714
2859458679
129615822448
1780914102714
2908484252
129669626098
1780914103715
2978141052
129750028076
1780914104715
3052930603
129823841308
1780914105716
3125894165
129904565002
1780914106716
3200234191
129979199707
1780914107717
3287308776
130053222106
1780914108717
3364427856
130138490295
1780914109718
3437534179
130214710876
1780914110718
3518701049
130284487182
1780914111719
3595252441
130362027404
1780914112719
3669654052
130439135559
1780914113720
3754475097
130515662719
1780914114720
3835958007
130579282775
1780914115721
3864269409
130603902465
1780914116722
3898818908
130633879150
1780914117722
3946889465
130673912231
1780914118723
3988161315
130705198852
1780914119724
4033239318
130741431701
1780914120724
4096037109
130827749389
1780914121725
4161461669
130910294433
1780914122725
4237749633
130984552856
1780914123726
4312035034
131067235107
1780914124726
4397440979
131139256042
1780914125727
4481215515
131206700927
1780914126727
4554517944
131288143127
1780914127728
4627157470
131373548034
1780914128728
4703226867
131453270202
1780914129729
4780614196
131534996459
1780914130729
4854787048
131608979309
1780914131730
4934592041
131680133178
1780914132730
4968366149
131712039733
1780914133731
5000314880
131740229370
1780914134732
5028990844
131766303649
1780914135733
5072505065
131813691406
1780914136733
5104182128
131840431640
1780914137734
5184958801
131910811706
1780914138735
5267460998
131990230957
1780914139735
5351918945
132056501770
1780914140736
5434604858
132131711120
1780914141737
5512602172
132204805175
1780914142737
5594873229
132269894653
1780914143738
5680219421
132343227539
1780914144738
5766633666
132407368957
1780914145739
5845869812
132478345336
1780914146739
5927702331
132552756652
1780914147740
6017361083
132620433898
1780914148740
6102757812
132687032287
1780914149741
6146488281
132725536987
1780914150742
6188074890
132760137023
1780914151742
6228107482
132799318298
1780914152743
6256259582
132823704833
1780914153743
6291274475
132855362304
1780914154744
6365783691
132916537048
1780914155745
6439483581
132995932434
1780914156746
6519135620
133070570983
1780914157746
6598651489
133147990600
1780914158747
6677269348
133225703247
1780914159747
6759845153
133298940368
1780914160748
6835929809
133371547912
1780914161748
6911666870
133445044128
1780914162749
6991913879
133521434997
1780914163749
7067382690
133597324523
1780914164750
7147990722
133668189880
1780914165751
7223541076
133746143737
1780914166751
7267393371
133785155029
1780914167752
7316665405
133829761596
1780914168752
7366495544
133872170227
1780914169753
7401377807
133903479919
1780914170754
7436221740
133935460449
1780914171755
7500673400
133993139831
1780914172755
7582435668
134056066101
1780914173756
7665079162
134136823852
1780914174756
7739461242
134209082824
1780914175757
7819687866
134278051635
1780914176757
7894395202
134354803100
1780914177758
7976867675
134428126586
1780914178758
8061428771
134498780395
1780914179759
8135887756
134580612854
1780914180759
8220339843
134649820861
1780914181760
8292067932
134724992675
1780914182760
8370454833
134793572326
1780914183761
8436987304
134858946960
1780914184762
8498266845
134913147338
1780914185763
8534420043
134944441284
1780914186764
8605576110
135012121093
1780914187764
8698265808
135086683959
1780914188765
8777765258
135159610412
1780914189765
8862867187
135250671020
1780914190766
8941390014
135341748046
1780914191766
9030723083
135425626464
1780914192767
9111405029
135518351135
1780914193767
9192027648
135610749084
1780914194768
9269327819
135704453430
1780914195768
9350006408
135801568176
1780914196769
9428469604
135893890747
1780914197769
9510769226
135989528930
1780914198770
9593811340
136082941650
1780914199771
9674434753
136177324157
1780914200771
9749255371
136250071838
1780914201772
9818274841
136306923461
1780914202772
9886413085
136360463806
1780914203773
9957479248
136419975830
1780914204773
10025273010
136472301818
1780914205774
10104032043
136556529418
1780914206774
10186938598
136649317382
1780914207775
10270508666
136740935180
1780914208776
10346309204
136830861816
1780914209776
10423296752
136923424987
1780914210777
10505359802
137014969909
1780914211778
10589283935
137106460754
1780914212778
10667402832
137198260192
1780914213779
10749144714
137278317932
1780914214779
10818062316
137367549926
1780914215780
10889935424
137458153625
1780914216780
10968346374
137545161865
1780914217781
11038318786
137599963867
1780914218781
11106785583
137653595825
1780914219782
11188592712
137705593627
1780914220782
11254740234
137757516174
1780914221783
11320504882
137810499328
1780914222783
11396570068
137900134582
1780914223784
11468054199
137992724426
1780914224784
11537291076
138085550903
1780914225785
11607772583
138177386962
1780914226785
11689136840
138269340515
1780914227786
11789326477
138357241271
1780914228786
11874984191
138452692199
1780914229787
11960841918
138543250061
1780914230787
12043634216
138634610900
1780914231788
12135236450
138719007995
1780914232788
12219184997
138811457885
1780914233789
12300482238
138896017761
1780914234789
12369550598
138961098144
1780914235790
12435759338
139026609985
1780914236791
12503178894
139092569152
1780914237791
12575476684
139161942321
1780914238791
12657648620
139238771789
1780914239792
12750541992
139332361145
1780914240792
12841164611
139420254882
1780914241793
12919805053
139511947387
1780914242793
13014119506
139597578002
1780914243793
13107494445
139682362609
1780914244794
13196684570
139773202209
1780914245795
13299666748
139873776550
1780914246795
13389702575
139963630615
1780914247796
13482808532
140060125732
1780914248796
13569776794
140155982238
1780914249796
13660498107
140250358154
1780914250797
13735133300
140326920410
1780914251798
13802361328
140392212585
1780914252798
13869862060
140457294677
1780914253799
13940758728
140523929748
1780914254799
14008386901
140590897705
1780914255800
14086022949
140668311340
1780914256800
14173597473
140751598449
1780914257801
14263659240
140845829711
1780914258802
14356306457
140939170288
1780914259802
14441161437
141030412963
1780914260802
14533048217
141119746215
1780914261803
14625794006
141200556396
1780914262803
14714258178
141284971313
1780914263804
14804140686
141373934509
1780914264804
14887848693
141464918334
1780914265805
14978028869
141556441162
1780914266805
15068200134
141644682739
1780914267806
15149288269
141724245056
1780914268806
15217663635
141789434997
1780914269807
15286784606
141859664428
1780914270807
15352252807
141925081298
1780914271808
15425897033
141993038940
1780914272809
15500307128
142071872802
1780914273809
15595130004
142156075622
1780914274810
15678652160
142248364196
1780914275810
15772743591
142336824340
1780914276811
15860252807
142425174987
1780914277811
15956605590
142522510314
1780914278811
16046538452
142618755126
1780914279812
16132021545
142714379455
1780914280812
16219831848
142803185974
1780914281813
16311481140
142886715820
1780914282813
16405470886
142970641479
1780914283814
16497922729
143058139709
1780914284814
16576039855
143138836975
1780914285815
16643726684
143202541137
1780914286815
16712872924
143266706665
1780914287816
16788638305
143342728881
1780914288816
16862100280
143408829101
1780914289817
16941156860
143489336853
1780914290817
17027535034
143581393859
1780914291818
17110198242
143674521484
1780914292818
17195990966
143763199890
1780914293818
17295049011
143847830810
1780914294819
17387850158
143934601501
1780914295819
17474438049
144031981933
1780914296820
17560664733
144125736450
1780914297820
17651413879
144216519348
1780914298821
17734815856
144312632873
1780914299821
17826170959
144405086059
1780914300822
17918001770
144491554992
1780914301822
17994865844
144574487243
1780914302822
18064370300
144640092163
1780914303823
18142674560
144710076599
1780914304824
18207641723
144776903930
1780914305824
18279655212
144843980041
1780914306825
18361623596
144910814880
1780914307825
18446865539
145007354980
1780914308825
18534414916
145100827331
1780914309826
18632036743
145201032470
1780914310826
18714892822
145297576660
1780914311827
18800364624
145388246765
1780914312827
18888336242
145473732788
1780914313828
18978928344
145561055358
1780914314828
19069490112
145651791320
1780914315828
19154841308
145743765075
1780914316829
19243738708
145834864501
1780914317829
19339622314
145922815063
1780914318830
19421185668
146009796508
1780914319830
19492106933
146077629089
1780914320831
19563946166
146152559448
1780914321831
19629251892
146218404052
1780914322832
19695652343
146283442749
1780914323832
19773734985
146358200317
1780914324833
19867736022
146436528015
1780914325833
19958366699
146525592529
1780914326834
20041458007
146622307861
1780914327834
20128413696
146705259399
1780914328835
20235526489
146779234497
1780914330145
20317196044
146850069885
1780914331145
20401804992
146942511901
1780914332146
20481630249
147035840515
1780914333146
20566550109
147127773193
1780914334147
20649275085
147222165527
1780914335147
20726217468
147317125793
1780914336148
20811536193
147411744201
1780914337148
20898134460
147505608520
1780914338149
20976009277
147564753295
1780914339149
21056500488
147620692016
1780914340150
21135866394
147673587097
1780914341150
21214465270
147724491271
1780914342150
21292433837
147779857666
1780914343151
21373548706
147864335693
1780914344151
21459114990
147957645446
1780914345152
21542343933
148050104064
1780914346152
21624476867
148142084228
1780914347153
21710201965
148231602233
1780914348153
21803820373
148326794372
1780914349153
21888198181
148419540039
1780914350154
21970151550
148512964416
1780914351154
22060947692
148607722351
1780914352155
22137237426
148701497741
1780914353155
22216555786
148795656921
1780914354156
22302838439
148876124511
1780914355156
22373688842
148924310241
1780914356157
22448647949
148973792846
1780914357158
22520182434
149028928588
1780914358159
22586404235
149077977783
1780914359159
22655678466
149147946411
1780914360160
22733331726
149237451477
1780914361161
22809881958
149328998168
1780914362161
22882223388
149412457092
1780914363161
22962066955
149501113830
1780914364162
23041996032
149592404235
1780914365163
23113122436
149686606628
1780914366163
23192996643
149775097412
1780914367164
23272996459
149867650085
1780914368164
23348032897
149959151672
1780914369165
23431371398
150050073547
1780914370165
23504336914
150142220520
1780914371166
23575394775
150202818359
1780914372166
23642162963
150252992370
1780914373167
23705653686
150300774353
1780914374168
23773556945
150353728149
1780914375169
23841882995
150409887634
1780914376170
23911700683
150489538208
1780914377170
23982253356
150582650207
1780914378171
24059073974
150675288024
1780914379171
24131302124
150769415893
1780914380172
24207023071
150857005310
1780914381172
24291177490
150943599853
1780914382173
24359472961
151035971801
1780914383173
24428463012
151126407531
1780914384174
24512659179
151217132263
1780914385174
24584352539
151311115173
1780914386175
24661429077
151403824218
1780914387175
24743200256
151489695068
1780914388176
24808200195
151538375793
1780914389176
24878028808
151589581237
1780914390177
24944300231
151643834106
1780914391178
25011881042
151699821716
1780914392179
25062094238
151745392028
1780914393179
25133409790
151837681335
1780914394180
25208142272
151928808349
1780914395180
25275695373
152021585937
1780914396181
25349816284
152115336242
1780914397181
25426063964
152208771362
1780914398182
25496628845
152302208068
1780914399182
25576238220
152394331848
1780914400183
25648229675
152486635803
1780914401183
25719295166
152578565002
1780914402184
25802961608
152664616516
1780914403185
25870910705
152754805480
1780914404185
25940137390
152823185913
1780914405186
26007932861
152877468566
1780914406187
26073058105
152929407714
1780914407187
26139914001
152978960327
1780914408188
26209130187
153042318298
1780914409189
26283006591
153122082092
1780914410189
26358761291
153213676757
1780914411190
26442109741
153307140075
1780914412190
26515807495
153393197509
1780914413191
26591010498
153482612121
1780914414192
26670387329
153574364807
1780914415192
26737583923
153666445068
1780914416193
26809719055
153758966857
1780914417193
26887037902
153851128784
1780914418194
26958874938
153942712585
1780914419194
27034839782
154035597106
1780914420195
27108970214
154126993713
1780914421195
27175420715
154175989440
1780914422196
27239610412
154224307922
1780914423197
27306002563
154273025634
1780914424197
27378364807
154326729125
1780914425199
27441397949
154375998046
1780914426199
27515403076
154466770385
1780914427200
27588922607
154559975402
1780914428200
27668728515
154652701171
1780914429201
27749150573
154745860412
1780914430201
27820160278
154840477661
1780914431202
27895095825
154933807861
1780914432202
27971928649
155018648681
1780914433203
28040009094
155110885192
1780914434203
28115400756
155201686828
1780914435204
28194361999
155295856872
1780914436204
28263547058
155390536376
1780914437205
28336194885
155458202819
1780914438205
28406434082
155516206665
1780914439206
28473715820
155570277832
1780914440207
28539488769
155624425109
1780914441207
28608203247
155680368774
1780914442208
28674434570
155753458923
1780914443209
28742088928
155844601989
1780914444209
28822741516
155934998107
1780914445210
28890849182
156026868347
1780914446210
28971725341
156113275268
1780914447211
29049689392
156202792663
1780914448212
29118793518
156296043579
1780914449212
29190155212
156388556884
1780914450212
29263445800
156480871398
1780914451213
29340571838
156574578979
1780914452213
29410418945
156666511291
1780914453214
29487003295
156750302185
1780914454214
29553480590
156803349121
1780914455215
29617477416
156852841369
1780914456216
29688496582
156907826232
1780914457217
29759791137
156961763671
1780914458218
29820655151
157016896301
1780914459219
29899230957
157106161254
1780914460219
29969512145
157198405944
1780914461220
30041668395
157291326904
1780914462220
30121418029
157380263488
1780914463221
30188620666
157474652526
1780914464221
30266471252
157567475830
1780914465222
30343474304
157654326721
1780914466222
30413948181
157746311706
1780914467223
30488607788
157837257995
1780914468223
30580475524
157927936462
1780914469224
30655588256
158017986267
1780914470225
30724076293
158079545959
1780914471225
30792438659
158134762145
1780914472226
30856473022
158183776123
1780914473226
30916234619
158237020446
1780914474227
30984677551
158294648986
1780914475228
31051289123
158370434082
1780914476228
31123473083
158461019165
1780914477229
31201246704
158552609191
1780914478229
31272671752
158644282287
1780914479230
31351732910
158732842163
1780914480231
31426480468
158826922180
1780914481231
31497308593
158918864257
1780914482232
31569438415
159009714172
1780914483232
31642055236
159101770141
1780914484233
31718627563
159195901489
1780914485233
31788016479
159289498840
1780914486234
31860444335
159377542419
1780914487234
31922562255
159429894775
1780914488235
31997798217
159478313903
1780914489236
32073922363
159538195617
1780914490237
32140122680
159589834045
1780914491237
32207300781
159645528015
1780914492238
32282894287
159735119628
1780914493238
32351107849
159827136413
1780914494239
32424707458
159919231018
1780914495239
32503058410
160012605590
1780914496240
32573386474
160104780273
1780914497240
32649449096
160193117004
1780914498241
32731297851
160283139221
1780914499241
32804614257
160375622375
1780914500242
32882753967
160466188842
1780914501242
32961052246
160560507141
1780914502243
33031824279
160652631591
1780914503243
33097169738
160715901367
1780914504244
33167167175
160771258850
1780914505245
33232909606
160821302490
1780914506246
33301243408
160873028381
1780914507247
33367092651
160930037048
1780914508247
33435996582
161005837707
1780914509248
33511860351
161098929077
1780914510249
33589501403
161193489929
1780914511249
33664817687
161285702148
1780914512250
33734989013
161378244873
1780914513250
33809732788
161470415771
1780914514251
33881852722
161563414184
1780914515251
33951651611
161655340454
1780914516252
34027568054
161746412414
1780914517252
34103730651
161839460632
1780914518253
34175629211
161931174438
1780914519254
34254633239
162015443420
1780914520255
34324885253
162067084350
1780914521255
34388543640
162116749755
1780914522256
34457530578
162177870300
1780914523256
34520456115
162225801818
1780914524257
34589472717
162282620117
1780914525258
34667068420
162371378723
1780914526258
34741363281
162458253417
1780914527258
34814337707
162550850402
1780914528259
34903458923
162639384887
1780914529259
34974385803
162731672119
1780914530260
35045697753
162824611328
1780914531260
35120190124
162916544006
1780914532261
35189909790
163009549072
1780914533261
35264608520
163100293823
1780914534262
35345000183
163187735534
1780914535262
35419818969
163280973083
1780914536262
35486702636
163342455627
1780914537263
35555284240
163398778808
1780914538263
35621319091
163450446899
1780914539264
35688246582
163504474365
1780914540264
35754601745
163557503417
1780914541265
35822912048
163634750427
1780914542265
35893286926
163726185180
1780914543266
35966904113
163817166503
1780914544266
36043280761
163908001464
1780914545267
36115636474
163999425720
1780914546268
36191818237
164092591674
1780914547269
36264986572
164184985351
1780914548269
36333638183
164276841796
1780914549270
36422825073
164372488342
1780914550270
36495956481
164464311584
1780914551270
36567455383
164553165466
1780914552271
36640474304
164632375427
1780914553271
36703881652
164679725891
1780914554272
36770331481
164729734436
1780914555272
36840905700
164786049499
1780914556273
36910377136
164833973693
1780914557273
36980614379
164897062988
1780914558274
37057802429
164989933166
1780914559274
37128466979
165083634399
1780914560275
37203497253
165175714965
1780914561275
37280917114
165263769775
1780914562276
37352793701
165355093017
1780914563276
37420546142
165447228332
1780914564277
37500342773
165536172180
1780914565277
37570074279
165627845520
1780914566277
37647868835
165715963867
1780914567278
37725858276
165808847595
1780914568278
37796099914
165898098937
1780914569279
37863248779
165954399475
1780914570279
37930422058
166009513916
1780914571280
37995957580
166066455261
1780914572280
38062122375
166117482910
1780914573281
38126663452
166168116577
1780914574281
38197987854
166253232055
1780914575282
38268975463
166346101867
1780914576282
38348807006
166437186462
1780914577283
38423970397
166528332031
1780914578283
38496930664
166617319091
1780914579284
38577172119
166707236816
1780914580284
38649682556
166798901367
1780914581285
38720853210
166890703918
1780914582285
38800089233
166982684020
1780914583286
38868183898
167073465332
1780914584286
38940408691
167165300659
1780914585287
39015977478
167239146972
1780914586287
39079714599
167289710998
1780914587288
39146571838
167346159851
1780914588289
39217227600
167407149353
1780914589290
39282193786
167458573059
1780914590291
39350321228
167525361206
1780914591292
39424645202
167618486083
1780914592292
39499742248
167709183715
1780914593293
39573204040
167799946899
1780914594293
39649811706
167892249267
1780914595294
39718926818
167984306884
1780914596294
39787932189
168077490051
1780914597295
39864574829
168171034606
1780914598295
39940400024
168262454101
1780914599296
40013324951
168355349975
1780914600296
40090415100
168447220947
1780914601296
40159063537
168536947204
1780914602297
40222380004
168585644836
1780914603298
40290682067
168634696166
1780914604298
40359666687
168689848205
1780914605300
40424766845
168740756896
1780914606301
40493714416
168792201660
1780914607301
40565718322
168884534545
1780914608302
40634702941
168977192321
1780914609302
40720887573
169066902526
1780914610303
40798378784
169159583312
1780914611303
40870447265
169249133300
1780914612304
40946303588
169340030273
1780914613304
41015445800
169432425964
1780914614305
41088385681
169525262145
1780914615305
41174703063
169612690551
1780914616306
41247745788
169702175842
1780914617306
41321913452
169791976623
1780914618307
41392521484
169866915588
1780914619307
41458229736
169920108459
1780914620309
41524890258
169977591369
1780914621309
41590869018
170032050720
1780914622310
41653744873
170080621337
1780914623311
41722627868
170159478759
1780914624312
41799342224
170251849609
1780914625313
41870235412
170345254943
1780914626313
41946946899
170434646484
1780914627314
42025709655
170527325317
1780914628314
42096090148
170620218139
1780914629315
42168729553
170714351745
1780914630315
42249519836
170809340270
1780914631316
42330808288
170887108520
1780914632316
42397925598
170967543334
1780914633317
42472952331
171048368408
1780914634317
42549229064
171124667175
1780914635318
42581368347
171148949890
1780914636319
42633326110
171196747436
1780914637319
42683125122
171245302368
1780914638320
42712374267
171271793640
1780914639321
42756843872
171310086364
1780914640322
42829059082
171384213806
1780914641323
42897890808
171465524597
1780914642323
42976429870
171545795593
1780914643324
43048989074
171623713195
1780914644324
43122799072
171701655456
1780914645325
43196596313
171781137023
1780914646326
43275993041
171861976196
1780914647326
43372408142
171956494689
1780914648327
43472731933
172049885559
1780914649328
43570420227
172136680114
1780914650328
43685548156
172237502746
1780914651329
43798730529
172340749389
1780914652329
43932060363
172474173583
1780914654157
44011770812
172544720642
1780914655157
44073956054
172611637695
1780914656158
44138438964
172679297485
1780914657158
44209020629
172748352966
1780914658159
44284708129
172824322814
1780914659160
44360424621
172916028564
1780914660160
44445335021
173009326843
1780914661160
44535605529
173098392272
1780914662161
44634463195
173175122619
1780914663161
44735235717
173258697875
1780914664162
44836045776
173343454101
1780914665162
44930222473
173443065490
1780914666163
45026105957
173540480712
1780914667164
45115570007
173624297485
1780914668164
45521458251
173986205200
1780914672935
45616241577
174078175292
1780914673935
45706620788
174164844970
1780914674936
45788784118
174223626647
1780914675937
45870632690
174275980468
1780914676937
45951778991
174325820617
1780914677938
46037301696
174379638488
1780914678939
46118045898
174438033325
1780914679939
46203294921
174531585876
1780914680940
46291137939
174626259399
1780914681940
46373413818
174720280151
1780914682941
46462129821
174802910583
1780914683941
46550497802
174896461791
1780914684942
46630030090
174988603332
1780914685942
46712090637
175087004150
1780914686943
46801602600
175180812683
1780914687943
46891741027
175273688659
1780914688943
46970384338
175370195617
1780914689944
47058438354
175465793823
1780914690945
47146927368
175558280029
1780914691945
47216164794
175623379516
1780914692946
47288711547
175693345886
1780914693946
47361484252
175759643371
1780914694947
47430037292
175821458007
1780914695947
47503129455
175888902282
1780914696948
47588480407
175985597351
1780914697948
47670646667
176080641845
1780914698949
47753233337
176178565612
1780914699949
47836097167
176272585083
1780914700950
47922747375
176362187683
1780914701950
48013610534
176457892639
1780914702951
48092506103
176549649658
1780914703951
48175459594
176643326965
1780914704952
48255317443
176735072387
1780914705952
48334083129
176828527526
1780914706953
48419518249
176921426818
1780914707953
48505404357
177011879394
1780914708954
48581031188
177080648315
1780914709954
48651047607
177142790405
1780914710955
48723780273
177209651916
1780914711955
48792913452
177273963989
1780914712956
48865016601
177346829467
1780914713957
48955561706
177441374633
1780914714957
49035162536
177536289367
1780914715957
49121672607
177626142944
1780914716958
49206872314
177725422790
1780914717958
49289687866
177821292358
1780914718959
49372114196
177919280761
1780914719959
49460933593
178009277587
1780914720960
49544563476
178101055480
1780914721960
49625052429
178194826171
1780914722961
49710334716
178288285217
1780914723961
49799257019
178384945678
1780914724962
49878776062
178477346862
1780914725962
49960391906
178549935485
1780914726963
50032591308
178617271545
1780914727963
50105681640
178683988891
1780914728964
50185930847
178753112976
1780914729965
50261837341
178817055419
1780914730965
50348198120
178902225402
1780914731966
50434573974
178998016662
1780914732966
50513244445
179092443542
1780914733967
50600368164
179187002624
1780914734967
50694137634
179277406677
1780914735968
50776636474
179368515930
1780914736968
50858742797
179460666137
1780914737969
50943110839
179556278564
1780914738969
51027174804
179650919860
1780914739970
51110589050
179741008728
1780914740970
51191293701
179832050048
1780914741971
51261658569
179925355957
1780914742972
51329709167
179982323730
1780914743972
51402335632
180041715087
1780914744973
51469023925
180089111389
1780914745974
51544413452
180141785339
1780914746975
51625827453
180201190368
1780914747975
51703221740
180287043151
1780914748976
51777479675
180380144104
1780914749976
51853228515
180473695251
1780914750977
51929768798
180566232421
1780914751977
52001104431
180656354370
1780914752978
52083800415
180747169006
1780914753978
52161290466
180839440002
1780914754979
52230852966
180931470397
1780914755979
52308292358
181027007934
1780914756980
52386658020
181119218505
1780914757980
52460835754
181209729858
1780914758981
52537767272
181288380859
1780914759981
52604640563
181340011108
1780914760982
52672802185
181390908935
1780914761983
52743766601
181447584289
1780914762984
52814188903
181495729553
1780914763985
52891515930
181563953735
1780914764985
52965916198
181654783325
1780914765986
53039580688
181747030700
1780914766986
53120521423
181842250671
1780914767987
53202065734
181935911071
1780914768987
53278339843
182026762878
1780914769988
53351912658
182120076965
1780914770988
53428150878
182212688415
1780914771989
53498083801
182303865417
1780914772989
53575331054
182396148498
1780914773990
53659081481
182489431884
1780914774990
53731473327
182583144348
1780914775991
53800225158
182636962890
1780914776991
53870674377
182692829467
1780914777992
53938741149
182749428466
1780914778993
54009105895
182803473205
1780914779993
54080198120
182861487548
1780914780994
54151793334
182947771606
1780914781995
54221881835
183040342529
1780914782995
54297293212
183133873779
1780914783996
54376533386
183227517089
1780914784996
54449502563
183320472106
1780914785997
54527180236
183414572204
1780914786997
54609473815
183513021301
1780914787998
54687469848
183597691467
1780914788998
54771518554
183687438720
1780914789999
54850515441
183782358398
1780914790999
54921622741
183876569946
1780914792000
55002023498
183968244201
1780914793000
55080886840
184018392517
1780914794001
55160044372
184072858154
1780914795002
55230524780
184132651611
1780914796003
55299608093
184182510559
1780914797003
55368687194
184236595214
1780914798004
55446183410
184328224304
1780914799005
55521596435
184423125549
1780914800005
55600948242
184517571105
1780914801006
55676354309
184611323730
1780914802006
55747936401
184704449218
1780914803007
55819781799
184797579711
1780914804007
55899709716
184891991210
1780914805008
55973537353
184986361450
1780914806008
56053714355
185078091125
1780914807009
56153825073
185172881103
1780914808009
56236333923
185271022094
1780914809009
56307560546
185339006591
1780914810010
56378984069
185395449279
1780914811010
56447851806
185451561462
1780914812011
56514269592
185499344360
1780914813011
56582451232
185551760925
1780914814012
56656300842
185624290405
1780914815012
56729220397
185716357666
1780914816013
56810671630
185809571960
1780914817013
56887220764
185901736206
1780914818013
56960132568
185993698425
1780914819014
57045914855
186083839294
1780914820014
57122740356
186176949218
1780914821015
57194475585
186270644287
1780914822015
57275179870
186363527893
1780914823016
57344519714
186456899597
1780914824016
57421421447
186551376220
1780914825016
57511370117
186642585144
1780914826017
57579981445
186693449340
1780914827017
57651276977
186744388793
1780914828018
57727493652
186798818115
1780914829018
57798647338
186848408508
1780914830019
57868122802
186907357727
1780914831019
57943861816
186999006591
1780914832020
58013664794
187092947875
1780914833020
58087949462
187186579650
1780914834021
58168354064
187280517150
1780914835021
58240801635
187374755371
1780914836021
58313728515
187469192932
1780914837022
58390688415
187563081420
1780914838022
58469121643
187655312377
1780914839023
58542090270
187746490844
1780914840023
58621310668
187839066040
1780914841024
58695411682
187929652709
1780914842024
58762964172
187989630004
1780914843024
58832616699
188043540161
1780914844025
58904119689
188101335266
1780914845025
58974645263
188151018371
1780914846026
59050002014
188207808044
1780914847026
59127826110
188285327087
1780914848027
59202096313
188377324523
1780914849027
59281329467
188471754821
1780914850028
59359068542
188564314880
1780914851028
59450776306
188658891662
1780914852029
59529314453
188751367980
1780914853029
59611403625
188844460754
1780914854030
59685235839
188937572937
1780914855030
59764475402
189030798645
1780914856031
59839719604
189123771301
1780914857031
59912445312
189217085510
1780914858032
59990308105
189302001892
1780914859032
60059319641
189356334716
1780914860033
60129149902
189414741577
1780914861033
60202669311
189467506958
1780914862034
60269135070
189515180908
1780914863034
60337182556
189575840087
1780914864035
60417612731
189669932739
1780914865035
60491215820
189763701599
1780914866036
60568755676
189858033081
1780914867036
60649694580
189950039001
1780914868037
60724548767
190040745361
1780914869037
60798040649
190130355468
1780914870037
60877026550
190223223571
1780914871038
60955038024
190317745727
1780914872038
61025461425
190410943115
1780914873039
61103637390
190504067260
1780914874039
61177256225
190598363464
1780914875039
61245774475
190655324523
1780914876040
61319762451
190715835510
1780914877041
61395251708
190770149841
1780914878041
61463766967
190821703186
1780914879042
61535565734
190872252258
1780914880043
61606765075
190957642822
1780914881044
61682071777
191051031372
1780914882044
61775915100
191146828063
1780914883045
61851596435
191238819396
1780914884045
61926165344
191329395385
1780914885046
62002701721
191420773193
1780914886046
62078820373
191514035217
1780914887047
62153906616
191608743164
1780914888047
62237455078
191700473632
1780914889047
62314780822
191791449951
1780914890048
62387736511
191883388793
1780914891048
62466449218
191963640747
1780914892049
62533120239
192011199584
1780914893050
62605583007
192060614257
1780914894051
62679649841
192113794372
1780914895051
62747146911
192164172424
1780914896053
62817064941
192229083801
1780914897053
62894954528
192320286865
1780914898054
62973428588
192412676879
1780914899054
63045597656
192504350952
1780914900055
63124533020
192596609069
1780914901055
63202368286
192689143920
1780914902056
63271792053
192779819885
1780914903056
63347557495
192871842407
1780914904057
63427063354
192963963684
1780914905057
63497723510
193055109252
1780914906058
63579981445
193147924682
1780914907059
63654584533
193241867004
1780914908059
63729640319
193297548645
1780914909060
63804007080
193355613464
1780914910060
63874612731
193408109497
1780914911062
63946970458
193460372253
1780914912062
64017082092
193510962341
1780914913063
64102425109
193601663330
1780914914064
64193265075
193697273986
1780914915064
64273193847
193790962585
1780914916065
64346418212
193884640563
1780914917065
64423525024
193976665405
1780914918066
64502848876
194069747314
1780914919066
64579082275
194161473999
1780914920067
64658681091
194254515747
1780914921067
64737844299
194347882934
1780914922068
64809505493
194442755554
1780914923068
64881627441
194535777099
1780914924069
64955401489
194614025268
1780914925070
65023479248
194666877197
1780914926070
65090508728
194722133666
1780914927071
65165101684
194776663574
1780914928072
65235702087
194826137451
1780914929073
65306697937
194895622985
1780914930074
65383065551
194988085449
1780914931074
65459174499
195081072448
1780914932074
65531560485
195174014526
1780914933075
65608358093
195266172790
1780914934075
65682432434
195358167785
1780914935076
65753370971
195450495910
1780914936076
65834982238
195544121276
1780914937077
65911013549
195637050476
1780914938077
65983066040
195728407348
1780914939078
66065536560
195817953491
1780914940078
66138269165
195909822814
1780914941079
66206845703
195963057434
1780914942079
66279971374
196023115295
1780914943080
66347148315
196071172119
1780914944080
66416940185
196125102294
1780914945081
66500406677
196181225036
1780914946081
66574522277
196268488159
1780914947082
66655228759
196360560546
1780914948082
66737347351
196453177429
1780914949082
66813268066
196546574707
1780914950083
66884395812
196640646057
1780914951083
66959977722
196734715148
1780914952084
67031805297
196826719726
1780914953084
67108340576
196918184020
1780914954084
67186000427
197010716613
1780914955085
67264191589
197103930786
1780914956085
67338086608
197196709167
1780914957086
67414007629
197279457641
1780914958086
67488360656
197331831604
1780914959087
67555925048
197382299682
1780914960087
67625758666
197434873413
1780914961088
67695059448
197484335266
1780914962088
67765897766
197553589782
1780914963088
67843333435
197644380859
1780914964089
67922380126
197736000549
1780914965089
67992315795
197828789611
1780914966090
68080558898
197918485351
1780914967090
68156076477
198011870849
1780914968091
68228601562
198103093627
1780914969091
68312578796
198191128967
1780914970092
68385529541
198282045715
1780914971092
68465643981
198371819458
1780914972093
68560672973
198457612487
1780914973093
68653730163
198530460144
1780914974093
68721394958
198599547058
1780914975094
68783063232
198666753784
1780914976094
68839324157
198728224609
1780914977095
68895432922
198791517822
1780914978096
68954285583
198857902160
1780914979096
69042504211
198922746154
1780914980097
69133370117
198998690429
1780914981097
69226338195
199070694091
1780914982098
69320674194
199134802856
1780914983099
69413724304
199201069702
1780914984099
69505268981
199279124450
1780914985100
69601341918
199346491882
1780914986100
69694394287
199418351989
1780914987101
69786547607
199495886291
1780914988101
69879866882
199564258850
1780914989102
69975784851
199630451477
1780914990102
70058080383
199701017028
1780914991103
70118511169
199762354370
1780914992103
70169973571
199822654785
1780914993104
70224438598
199886251831
1780914994104
70278677246
199950590026
1780914995105
70346282531
200011285095
1780914996105
70441573852
200090191284
1780914997106
70536274108
200157966308
1780914998106
70629778808
200231983093
1780914999107
70724344360
200305796569
1780915000107
70814149719
200382316650
1780915001108
70909153015
200448464233
1780915002108
70993054748
200529346923
1780915003109
71064805114
200612013977
1780915004110
71135317993
200695690124
1780915005111
71215756652
200769801757
1780915006111
71296040527
200844033691
1780915007112
71365158874
200911444396
1780915008112
71420856018
200954319641
1780915009113
71470792663
200995404174
1780915010114
71504494812
201022292114
1780915011115
71540267272
201053154052
1780915012116
71586570617
201098924255
1780915013117
71660382019
201174521301
1780915014117
71739137573
201256052429
1780915015118
71814352233
201328047729
1780915016118
71890528442
201405285766
1780915017119
71973689270
201478780395
1780915018120
72052843627
201555207702
1780915019120
72133248779
201626108276
1780915020121
72213717163
201702350036
1780915021121
72299267150
201767184509
1780915022122
72376199035
201835857421
1780915023122
72458826904
201910605346
1780915024123
72528881103
201972734130
1780915025123
72554027709
201991914855
1780915026124
72604769409
202033533691
1780915027125
72649633422
202069764221
1780915028126
72682772033
202096991027
1780915029127
72744010864
202147836975
1780915030127
72826648864
202216185485
1780915031128
72900850341
202295573242
1780915032129
72979658996
202371814697
1780915033129
73048941101
202447885681
1780915034130
73128360412
202525691040
1780915035131
73211871276
202605670654
1780915036131
73293916992
202676712341
1780915037132
73369209533
202751823852
1780915038132
73452461608
202829022705
1780915039133
73525268188
202908143432
1780915040133
73607678710
202982259521
1780915041134
73680848327
203046963745
1780915042135
73707741882
203067886535
1780915043135
73732984375
203087470275
1780915044136
73779789428
203124190612
1780915045137
73819111877
203160635742
1780915046138
73877695312
203211829101
1780915047139
73951862731
203294628662
1780915048140
74030003784
203366799072
1780915049140
74106980590
203438831420
1780915050141
74186610778
203515782958
1780915051142
74262628112
203596263366
1780915052142
74330731872
203672992614
1780915053143
74412349853
203742840820
1780915054143
74489458129
203819936096
1780915055144
74565319091
203889747314
1780915056145
74656338134
203962232299
1780915057146
74741376525
204030330810
1780915058146
74815546691
204091757446
1780915059147
74855975219
204130278076
1780915060148
74886892272
204157756958
1780915061149
74922592590
204188554565
1780915062150
74962974670
204230138977
1780915063150
74995509582
204254272766
1780915064152
75071909423
204329837890
1780915065152
75149106140
204404926574
1780915066153
75218583312
204489272338
1780915067154
75291875915
204576295227
1780915068154
75375513671
204652981811
1780915069155
75449200866
204732517578
1780915070155
75520264099
204811804138
1780915071156
75607202758
204882762634
1780915072157
75685139831
204954840515
1780915073157
75762033935
205026448242
1780915074158
75844665893
205105301086
1780915075158
75920180053
205172783203
1780915076159
75957844116
205207773132
1780915077160
76002221740
205247952026
1780915078160
76042419616
205290145812
1780915079161
76074972717
205316299926
1780915080162
76115364013
205354361999
1780915081162
76187886779
205430069580
1780915082163
76259713745
205502357604
1780915083164
76342899230
205575715515
1780915084165
76418137390
205655651855
1780915085165
76487075805
205734634826
1780915086166
76564474121
205815569458
1780915087166
76642987365
205888498413
1780915088167
76731514282
205949685729
1780915089167
76815030395
206031248107
1780915090168
76894870117
206101611816
1780915091168
76973388549
206182926635
1780915092169
77044737060
206266836120
1780915093169
77074411010
206293027221
1780915094170
77120772827
206337278930
1780915095171
77160006652
206370003173
1780915096171
77221044433
206419099487
1780915097172
77254681457
206449837158
1780915098173
77332693420
206522799133
1780915099173
77410157470
206597819335
1780915100174
77490160461
206672286132
1780915101174
77570083129
206748926757
1780915102175
77655122680
206809882812
1780915103176
77731870361
206879375183
1780915104176
77805103332
206962555114
1780915105177
77883618652
207038918640
1780915106178
77953779724
207121125305
1780915107178
78027968261
207204569641
1780915108179
78104577575
207276044982
1780915109179
78184076538
207347072204
1780915110180
78244645568
207398643127
1780915111180
78291272094
207435021728
1780915112181
78316225341
207453853576
1780915113182
78348136413
207482683044
1780915114183
78383790588
207511046936
1780915115184
78441410217
207574917053
1780915116185
78518568908
207657170471
1780915117185
78595846191
207733676391
1780915118186
78671057617
207806264343
1780915119186
78746543457
207887585510
1780915120187
78828739440
207955037414
1780915121187
78900847412
208035428955
1780915122188
78984627197
208109450622
1780915123188
79058005004
208181458435
1780915124189
79131864135
208259408264
1780915125189
79203529296
208342222045
1780915126190
79274739929
208422583740
1780915127190
79351103027
208495223327
1780915128191
79413816833
208543232055
1780915129192
79449234619
208573932800
1780915130193
79486757629
208603216308
1780915131193
79521758544
208633042602
1780915132194
79567151428
208681493103
1780915133195
79636983825
208756650451
1780915134195
79717895690
208833449157
1780915135196
79797979492
208900661804
1780915136197
79876984985
208976777343
1780915137197
79960420776
209056448791
1780915138198
80040002990
209131313659
1780915139198
80107855895
209215169067
1780915140199
80179864624
209298784423
1780915141199
80250551025
209378494506
1780915142200
80315952331
209459161254
1780915143200
80403350952
209530551757
1780915144201
80463107604
209594068603
1780915145202
80493190307
209617728271
1780915146202
80540271057
209665859558
1780915147203
80599911010
209738236816
1780915148203
80655603759
209786931030
1780915149204
80721043945
209853913452
1780915150204
80799924377
209927247863
1780915151205
80874282958
210009245544
1780915152205
80955329650
210082682128
1780915153206
