43550649228
1760501403014
43556704234
1760501404010
43562830721
1760501405010
43569041802
1760501406010
43575174409
1760501407009
43581280364
1760501408009
43587350532
1760501409009
43593513295
1760501410010
43599786463
1760501411007
43606129430
1760501412009
43612168952
1760501413010
43618336260
1760501414009
43624533739
1760501415009
43630808147
1760501416008
43637120146
1760501417010
43643261964
1760501418009
43649275660
1760501419010
43655714726
1760501420008
43662048467
1760501421008
43668505113
1760501422010
43675144150
1760501423006
43682212551
1760501424006
43697817251
1760501425043
43712838913
1760501426007
43724992560
1760501427004
43736917655
1760501428008
43749315781
1760501429006
43760761665
1760501430007
43772023949
1760501431005
43781032987
1760501432005
43792941925
1760501433006
43805265555
1760501434005
43816193488
1760501435006
43831159398
1760501436004
43845498603
1760501437003
43860575499
1760501438003
43874224812
1760501439003
43888307652
1760501440003
43903432191
1760501441013
43920645670
1760501442008
43935183700
1760501443003
43949807317
1760501444003
43963359889
1760501445003
43977821418
1760501446009
43992674460
1760501447004
44006744707
1760501448003
44020422953
1760501449003
44034460137
1760501450003
44048951516
1760501451003
44063766567
1760501452003
44078451890
1760501453003
44092757329
1760501454004
44107943634
1760501455003
44122173461
1760501456003
44139056001
1760501457004
44156099053
1760501458007
44172553041
1760501459005
44188717460
1760501460003
44204423323
1760501461003
44221120335
1760501462023
44239234878
1760501463003
44255730542
1760501464004
44272542014
1760501465005
44289259972
1760501466005
44306982436
1760501467004
44325117939
1760501468005
44342383622
1760501469004
44360429941
1760501470005
44378287306
1760501471005
44395753250
1760501472004
44412691360
1760501473031
44428308483
1760501474006
44443988290
1760501475022
44459757771
1760501476012
44475862122
1760501477042
44490590591
1760501478017
44506633452
1760501479003
44523647618
1760501480003
44540345686
1760501481003
44557054464
1760501482003
44574064285
1760501483003
44590945861
1760501484003
44607425828
1760501485004
44624688313
1760501486003
44641672705
1760501487003
44658718420
1760501488003
44676263450
1760501489003
44693808955
1760501490004
44711882768
1760501491004
44731176879
1760501492004
44749641608
1760501493003
44768398734
1760501494004
44787440242
1760501495003
44806602483
1760501496005
44826092862
1760501497004
44845877934
1760501498005
44864616793
1760501499004
44882666310
1760501500003
44900271133
1760501501003
44917278689
1760501502004
44935273188
1760501503003
44953175718
1760501504005
44971438104
1760501505003
44990078308
1760501506004
45008829513
1760501507004
45026308019
1760501508003
45043409334
1760501509005
45061463304
1760501510006
45078841931
1760501511004
45096454342
1760501512004
45114861681
1760501513004
45133604915
1760501514004
45151697609
1760501515006
45168845175
1760501516005
45185957797
1760501517006
45203954529
1760501518004
45222720056
1760501519007
45241200360
1760501520004
45258117493
1760501521004
45275160010
1760501522004
45292465825
1760501523003
45310415616
1760501524005
45329074012
1760501525004
45346788261
1760501526005
45363726248
1760501527005
45380774778
1760501528004
45398024824
1760501529005
45415552963
1760501530004
45433364611
1760501531004
45450940119
1760501532005
45468000598
1760501533004
45485358494
1760501534004
45502658739
1760501535005
45519867108
1760501536006
45537728665
1760501537004
45555416261
1760501538004
45572681408
1760501539005
45589991262
1760501540003
45606688488
1760501541003
45625401704
1760501542003
45643828887
1760501543003
45661436096
1760501544006
45678498763
1760501545004
45696796706
1760501546003
45715196165
1760501547004
45733999896
1760501548005
45751955195
1760501549004
45769211775
1760501550004
45786698802
1760501551003
45804359700
1760501552003
45821933983
1760501553004
45839402070
1760501554003
45857037997
1760501555005
45874420955
1760501556005
45891624565
1760501557005
45909540774
1760501558005
45927080923
1760501559005
45944235314
1760501560005
45962011481
1760501561004
45979552074
1760501562005
45997041887
1760501563006
46015090088
1760501564004
46032670935
1760501565005
46050318430
1760501566004
46068060402
1760501567004
46085829867
1760501568004
46103337275
1760501569003
46121231344
1760501570003
46138782678
1760501571003
46156132404
1760501572004
46173561536
1760501573005
46190907238
1760501574004
46208122155
1760501575005
46225946472
1760501576003
46243568400
1760501577005
46261110921
1760501578005
46278933814
1760501579004
46296714679
1760501580005
46314154521
1760501581003
46332257879
1760501582004
46349845964
1760501583005
46367182256
1760501584005
46385160077
1760501585006
46402613001
1760501586004
46420139534
1760501587003
46437865976
1760501588003
46455272694
1760501589003
46472635043
1760501590005
46489947804
1760501591004
46507347423
1760501592007
46524620373
1760501593005
46542064729
1760501594003
46559375180
1760501595006
46576770729
1760501596003
46594442106
1760501597004
46611898963
1760501598005
46629775743
1760501599004
46647649203
1760501600004
46664727308
1760501601004
46681633548
1760501602004
46699005902
1760501603004
46716305903
1760501604006
46733390571
1760501605004
46750760982
1760501606004
46767937206
1760501607005
46784915494
1760501608004
46803776462
1760501609006
46820584613
1760501610003
46837244508
1760501611004
46854438954
1760501612004
46871524785
1760501613005
46888458167
1760501614006
46905790420
1760501615004
46922660996
1760501616004
46939520265
1760501617004
46956455712
1760501618004
46972895930
1760501619005
46989700715
1760501620004
47006621536
1760501621004
47023336373
1760501622006
47040047844
1760501623006
47057159838
1760501624005
47074001956
1760501625004
47091325427
1760501626005
47108560356
1760501627004
47125512374
1760501628004
47142253007
1760501629005
47159662770
1760501630005
47176704047
1760501631003
47193955868
1760501632003
47211729052
1760501633003
47230281970
1760501634003
47248293512
1760501635003
47264530821
1760501636004
47281051501
1760501637004
47298178872
1760501638018
47316484434
1760501639004
47333879586
1760501640004
47350856527
1760501641003
47369165792
1760501642004
47387495727
1760501643004
47406568401
1760501644003
47424104955
1760501645005
47441532910
1760501646004
47460138628
1760501647006
47477880783
1760501648003
47495285176
1760501649004
47513008252
1760501650004
47530979724
1760501651003
47547208740
1760501652004
47563756776
1760501653004
47580616810
1760501654004
47598460405
1760501655043
47616644715
1760501656004
47634960498
1760501657005
47652814710
1760501658005
47671089214
1760501659003
47690265010
1760501660003
47709057648
1760501661003
47727226964
1760501662003
47745930755
1760501663003
47764337833
1760501664005
47783764381
1760501665005
47803480252
1760501666004
47822044338
1760501667005
47840104290
1760501668005
47859209905
1760501669004
47877979379
1760501670003
47897058127
1760501671005
47916212013
1760501672005
47934701696
1760501673004
47953782051
1760501674004
47973138341
1760501675005
47992913836
1760501676007
48011726563
1760501677005
48030813144
1760501678005
48049779636
1760501679004
48068748194
1760501680005
48087810785
1760501681004
48106756852
1760501682005
48125451906
1760501683005
48144512922
1760501684004
48162687379
1760501685005
48181613785
1760501686007
48201230420
1760501687004
48220551428
1760501688005
48240571034
1760501689003
48260033445
1760501690005
48278992654
1760501691004
48298895797
1760501692004
48320326920
1760501693003
48340547171
1760501694003
48359593391
1760501695003
48378636505
1760501696003
48397991510
1760501697003
48416866784
1760501698003
48436381429
1760501699003
48455917326
1760501700005
48474920033
1760501701003
48494084644
1760501702003
48512851089
1760501703004
48532136785
1760501704004
48551888412
1760501705003
48571076295
1760501706003
48590043705
1760501707003
48609496201
1760501708003
48628904802
1760501709004
48648382865
1760501710005
48667571712
1760501711003
48686771682
1760501712006
48705748455
1760501713005
48725630820
1760501714004
48744664250
1760501715003
48764227717
1760501716004
48784194600
1760501717004
48803372308
1760501718004
48821969474
1760501719005
48840842008
1760501720003
48860104540
1760501721004
48879442134
1760501722003
48899613592
1760501723004
48919287159
1760501724004
48938085886
1760501725004
48957285535
1760501726005
48976395372
1760501727005
48995621337
1760501728005
49015239380
1760501729005
49034625061
1760501730003
49053770135
1760501731004
49073278767
1760501732003
49092074863
1760501733003
49111154437
1760501734005
49130810439
1760501735003
49149619555
1760501736004
49168701990
1760501737004
49187963176
1760501738004
49206871206
1760501739006
49226282714
1760501740006
49246377275
1760501741004
49265495895
1760501742005
49284494563
1760501743004
49303441119
1760501744004
49323088767
1760501745008
49343783899
1760501746006
49363438524
1760501747004
49382355015
1760501748004
49402429029
1760501749014
49423552759
1760501750005
49443147974
1760501751004
49462357981
1760501752004
49481936473
1760501753004
49501336766
1760501754004
49520655112
1760501755004
49540144558
1760501756005
49559205222
1760501757004
49578450939
1760501758005
49598419076
1760501759004
49618179775
1760501760003
49637687780
1760501761003
49657321245
1760501762005
49676313150
1760501763005
49695867606
1760501764005
49715597124
1760501765005
49735406295
1760501766006
49754964070
1760501767005
49774726683
1760501768005
49793788708
1760501769005
49812923377
1760501770004
49832649897
1760501771004
49852509312
1760501772005
49872143527
1760501773005
49892045522
1760501774004
49911161786
1760501775005
49930326214
1760501776004
49950245161
1760501777004
49970078720
1760501778004
49989879077
1760501779004
50009737207
1760501780004
50029021312
1760501781003
50049898514
1760501782004
50069801702
1760501783003
50089310702
1760501784004
50109080994
1760501785005
50128733278
1760501786005
50148236525
1760501787005
50167876293
1760501788003
50187364898
1760501789004
50207526504
1760501790004
50227081097
1760501791004
50247577314
1760501792004
50267598144
1760501793005
50286998391
1760501794004
50306933694
1760501795004
50326762754
1760501796005
50346625505
1760501797005
50366208403
1760501798003
50385720019
1760501799004
50405157782
1760501800003
50424725763
1760501801003
50444043497
1760501802004
50463264152
1760501803004
50482697325
1760501804005
50502603405
1760501805004
50522338661
1760501806005
50542852534
1760501807003
50562772170
1760501808004
50581745226
1760501809003
50600870118
1760501810004
50619928135
1760501811004
50639004741
1760501812004
50658106898
1760501813004
50676897869
1760501814003
50696017911
1760501815005
50715643635
1760501816005
50735190823
1760501817006
50754230005
1760501818005
50774059708
1760501819005
50793468324
1760501820005
50813273072
1760501821005
50833493476
1760501822004
50853389305
1760501823006
50872735864
1760501824005
50892409981
1760501825006
50912484668
1760501826004
50932702746
1760501827004
50953378293
1760501828006
50972642355
1760501829004
50991582363
1760501830003
51010822694
1760501831004
51030135089
1760501832003
51049564038
1760501833004
51069711476
1760501834004
51089447834
1760501835004
51108967191
1760501836005
51128171552
1760501837003
51147351846
1760501838004
51166793373
1760501839005
51186705053
1760501840004
51206455593
1760501841004
51227174364
1760501842005
51246825041
1760501843003
51265316667
1760501844004
51284509997
1760501845004
51304551651
1760501846003
51324103872
1760501847003
51344158715
1760501848005
51362662167
1760501849004
51380938293
1760501850005
51399509020
1760501851004
51418923297
1760501852003
51438136547
1760501853004
51457101570
1760501854004
51475973769
1760501855003
51494605711
1760501856007
51513814402
1760501857004
51533085257
1760501858004
51551947433
1760501859004
51571236388
1760501860004
51590934909
1760501861004
51609942603
1760501862004
51629045357
1760501863004
51648536609
1760501864004
51667684559
1760501865003
51686936595
1760501866003
51706512868
1760501867004
51725645334
1760501868004
51744623485
1760501869004
51764002067
1760501870005
51783154301
1760501871004
51802192443
1760501872003
51821688728
1760501873004
51840859368
1760501874004
51859932180
1760501875004
51879430148
1760501876005
51898774198
1760501877003
51917908317
1760501878004
51937803534
1760501879004
51957229914
1760501880005
51976626993
1760501881003
51996792730
1760501882004
52017268812
1760501883003
52036806820
1760501884006
52056971822
1760501885004
52076176092
1760501886004
52095691073
1760501887003
52115512392
1760501888003
52135041725
1760501889009
52154890721
1760501890004
52175017641
1760501891003
52194250552
1760501892004
52212500438
1760501893004
52231112490
1760501894003
52250254121
1760501895003
52269355743
1760501896003
52289093844
1760501897005
52309290564
1760501898004
52329206619
1760501899004
52349095977
1760501900006
52368072995
1760501901005
52386793570
1760501902006
52406123437
1760501903005
52424993830
1760501904004
52444169045
1760501905004
52463845365
1760501906004
52483515121
1760501907003
52503211989
1760501908003
52522987362
1760501909005
52542180508
1760501910005
52561027369
1760501911003
52580634717
1760501912004
52600140366
1760501913005
52619715186
1760501914006
52639359713
1760501915004
52658631929
1760501916005
52677608764
1760501917005
52696824187
1760501918004
52715797824
1760501919003
52736012414
1760501920007
52756259332
1760501921004
52776156936
1760501922004
52795190182
1760501923003
52814982813
1760501924003
52834168569
1760501925004
52853776085
1760501926005
52874359497
1760501927004
52894347753
1760501928004
52913718532
1760501929003
52932822755
1760501930004
52951820643
1760501931004
52970699022
1760501932004
52990587400
1760501933005
53010339868
1760501934005
53029801178
1760501935004
53049333249
1760501936003
53068286645
1760501937005
53087502496
1760501938004
53107446276
1760501939005
53126991276
1760501940004
53146374938
1760501941004
53166029608
1760501942004
53185123764
1760501943004
53205230733
1760501944004
53225120978
1760501945004
53246212181
1760501946005
53266220526
1760501947007
53285771050
1760501948005
53305071327
1760501949003
53324796224
1760501950004
53344978806
1760501951005
53364643850
1760501952005
53384300066
1760501953004
53404160384
1760501954003
53423391337
1760501955005
53442937347
1760501956004
53463028634
1760501957004
53483192871
1760501958005
53503905674
1760501959005
53524515906
1760501960005
53543708242
1760501961005
53562957723
1760501962004
53582938390
1760501963010
53603231071
1760501964005
53623283649
1760501965005
53643486335
1760501966004
53662731700
1760501967004
53682332056
1760501968004
53702490448
1760501969005
53722429607
1760501970004
53742334693
1760501971004
53762256180
1760501972004
53781676914
1760501973004
53801241850
1760501974004
53821467945
1760501975004
53841487598
1760501976003
53861652187
1760501977005
53882030211
1760501978005
53902265486
1760501979006
53922155670
1760501980004
53942147154
1760501981004
53962992425
1760501982004
53983233606
1760501983003
54003778676
1760501984004
54023857325
1760501985004
54044332856
1760501986005
54064824865
1760501987010
54084805257
1760501988005
54104425610
1760501989005
54124613317
1760501990005
54144745991
1760501991005
54164880531
1760501992005
54185445857
1760501993004
54205457676
1760501994005
54225294830
1760501995005
54245386973
1760501996005
54266087797
1760501997005
54286341371
1760501998004
54306640845
1760501999004
54327019159
1760502000004
54346873281
1760502001003
54367562124
1760502002004
54387547887
1760502003005
54407466590
1760502004004
54428199299
1760502005004
54448848209
1760502006006
54469605337
1760502007004
54489462717
1760502008003
54508809016
1760502009005
54528377410
1760502010004
54548825508
1760502011004
54569620136
1760502012005
54589564038
1760502013004
54609941114
1760502014004
54629550435
1760502015005
54650362459
1760502016004
54671429886
1760502017004
54691626146
1760502018004
54711947468
1760502019004
54732038235
1760502020004
54751682318
1760502021005
54771526372
1760502022005
54791574911
1760502023004
54811255760
1760502024004
54831083764
1760502025003
54851410533
1760502026005
54871362437
1760502027004
54891489220
1760502028003
54911134374
1760502029004
54930741477
1760502030004
54950663393
1760502031003
54970356681
1760502032004
54989689653
1760502033004
55009192395
1760502034004
55028622875
1760502035003
55047361443
1760502036014
55067154579
1760502037040
55085261195
1760502038004
55103777225
1760502039006
55122503553
1760502040004
55141539201
1760502041004
55160488235
1760502042005
55179275549
1760502043005
55198421250
1760502044005
55217469214
1760502045004
55236253973
1760502046005
55255737681
1760502047004
55275629410
1760502048005
55294647968
1760502049004
55313654607
1760502050004
55332837962
1760502051004
55351230581
1760502052004
55370768987
1760502053019
55389734592
1760502054005
55409317720
1760502055005
55428841407
1760502056003
55447897833
1760502057005
55466796637
1760502058004
55485674588
1760502059004
55504392547
1760502060005
55523654497
1760502061004
55543125400
1760502062003
55562471240
1760502063004
55582099686
1760502064005
55601336560
1760502065004
55620951099
1760502066003
55641063744
1760502067004
55661660054
1760502068005
55681915280
1760502069003
55701298437
1760502070003
55720819753
1760502071003
55740789787
1760502072005
55760582999
1760502073003
55780683986
1760502074003
55800194806
1760502075024
55819303466
1760502076004
55838584036
1760502077003
55857570770
1760502078003
55876992957
1760502079003
55896894800
1760502080003
55916343180
1760502081004
55935909387
1760502082003
55955691782
1760502083003
55975426089
1760502084004
55995215935
1760502085004
56015425093
1760502086004
56035634802
1760502087003
56055514107
1760502088004
56075687739
1760502089004
56095440605
1760502090003
56115553204
1760502091004
56136144113
1760502092003
56155644697
1760502093004
56175674616
1760502094003
56196318584
1760502095003
56216533036
1760502096003
56236420190
1760502097003
56256272001
1760502098003
56275461843
1760502099003
56295098245
1760502100003
56315023282
1760502101003
56334549861
1760502102004
56354058371
1760502103003
56373908561
1760502104004
56393889519
1760502105004
56413575402
1760502106004
56433949938
1760502107004
56453734521
1760502108003
56474768609
1760502109004
56495278427
1760502110005
56515533607
1760502111004
56536186083
1760502112004
56556500826
1760502113004
56575357816
1760502114004
56594223297
1760502115003
56613837530
1760502116004
56633114811
1760502117005
56652678493
1760502118004
56672338656
1760502119005
56692077599
1760502120032
56711595840
1760502121004
56730570058
1760502122004
56749362253
1760502123005
56768342025
1760502124004
56788005478
1760502125003
56807564799
1760502126005
56827343507
1760502127005
56847472814
1760502128004
56866869909
1760502129003
56886279780
1760502130003
56905843416
1760502131004
56925495593
1760502132004
56945077313
1760502133004
56965443434
1760502134005
56985254394
1760502135005
57005472365
1760502136004
57024878808
1760502137003
57043980170
1760502138004
57063204972
1760502139005
57082811570
1760502140005
57102340260
1760502141004
57122247947
1760502142003
57141911323
1760502143004
57160780982
1760502144004
57179298725
1760502145003
57198260152
1760502146003
57217754632
1760502147004
57237410389
1760502148004
57257811072
1760502149005
57277414427
1760502150004
57296570333
1760502151004
57315836445
1760502152003
57334600120
1760502153005
57353842440
1760502154004
57373880070
1760502155005
57393650394
1760502156004
57413896853
1760502157003
57433955031
1760502158003
57453419385
1760502159003
57473999950
1760502160004
57494843125
1760502161003
57514925859
1760502162004
57534242813
1760502163004
57554284344
1760502164004
57574437366
1760502165004
57594489454
1760502166003
57614640794
1760502167003
57634344241
1760502168004
57653546200
1760502169003
57673802849
1760502170003
57694625797
1760502171004
57714824811
1760502172004
57735103018
1760502173005
57754341942
1760502174003
57774116029
1760502175003
57793802463
1760502176003
57813285758
1760502177004
57832748368
1760502178003
57852176185
1760502179003
57871338533
1760502180004
57891150441
1760502181004
57911192126
1760502182003
57930542127
1760502183004
57949953635
1760502184005
57969713738
1760502185005
57989558573
1760502186003
58009801743
1760502187004
58030250391
1760502188004
58049989518
1760502189003
58069873689
1760502190004
58089883427
1760502191003
58109479820
1760502192005
58129160577
1760502193004
58149387238
1760502194005
58169258939
1760502195005
58189000927
1760502196003
58208683321
1760502197004
58228273350
1760502198004
58249156916
1760502199004
58270148608
1760502200004
58290298417
1760502201004
58310438328
1760502202005
58330595221
1760502203004
58350325014
1760502204004
58370162352
1760502205005
58390509562
1760502206004
58410602134
1760502207005
58431045168
1760502208004
58451272227
1760502209005
58471395368
1760502210004
58491254676
1760502211005
58511746961
1760502212004
58532370198
1760502213004
58552734513
1760502214004
58573090689
1760502215003
58592979098
1760502216005
58612817521
1760502217004
58633621834
1760502218004
58654055780
1760502219004
58674948037
1760502220003
58696706565
1760502221003
58716678328
1760502222005
58736090050
1760502223003
58755647504
1760502224004
58775937094
1760502225004
58796731906
1760502226004
58817367352
1760502227003
58837814946
1760502228006
58858143826
1760502229005
58879144621
1760502230005
58899301744
1760502231005
58919639361
1760502232005
58939910545
1760502233005
58960091383
1760502234004
58980471273
1760502235004
59001149805
1760502236003
59021401206
1760502237005
59041533635
1760502238005
59061953673
1760502239004
59082097469
1760502240005
59102119095
1760502241004
59122583289
1760502242005
59142495933
1760502243005
59162428405
1760502244004
59182681352
1760502245004
59202874139
1760502246003
59222873947
1760502247003
59243473301
1760502248005
59263733530
1760502249004
59283916403
1760502250004
59303940125
1760502251004
59323665971
1760502252005
59343317689
1760502253003
59363506054
1760502254005
59383637274
1760502255004
59403785018
1760502256003
59424795391
1760502257005
59444696637
1760502258003
59464180911
1760502259004
59484266323
1760502260004
59504165059
1760502261004
59522674877
1760502262004
59542004315
1760502263005
59561636541
1760502264019
59581200697
1760502265005
59600525897
1760502266004
59619516257
1760502267005
59638748036
1760502268005
59658225823
1760502269005
59677742840
1760502270004
59697503325
1760502271003
59717086056
1760502272003
59735479731
1760502273004
59754246818
1760502274005
59773761356
1760502275003
59793081064
1760502276004
59812796552
1760502277004
59832280444
1760502278030
59851671970
1760502279014
59870409651
1760502280004
59889483120
1760502281005
59909537243
1760502282004
59929295128
1760502283003
59949824714
1760502284005
59968974393
1760502285004
59988304979
1760502286004
60008379741
1760502287005
60028031398
1760502288005
60047707519
1760502289005
60067512054
1760502290004
60087212502
1760502291004
60107255058
1760502292004
60126939304
1760502293004
60145909881
1760502294005
60164931208
1760502295006
60184357725
1760502296004
60203740239
1760502297005
60223240028
1760502298003
60242321194
1760502299003
60261372387
1760502300003
60280535682
1760502301004
60299914540
1760502302003
60319231953
1760502303004
60338765034
1760502304004
60358627831
1760502305004
60378393488
1760502306005
60397844837
1760502307004
60418298673
1760502308003
60438518938
1760502309005
60458951966
1760502310005
60478613690
1760502311004
60498338909
1760502312004
60517809796
1760502313004
60537928623
1760502314004
60558252148
1760502315004
60577856589
1760502316004
60597901869
1760502317004
60617961607
1760502318006
60637868483
1760502319004
60657537107
1760502320003
60676854642
1760502321004
60696311591
1760502322003
60717383118
1760502323005
60737567276
1760502324005
60756688421
1760502325004
60776187322
1760502326003
60795379244
1760502327005
60814525435
1760502328003
60833594544
1760502329004
60853496922
1760502330003
60872309771
1760502331023
60891470955
1760502332005
60910624184
1760502333004
60929938858
1760502334005
60949991421
1760502335005
60969785337
1760502336004
60989408214
1760502337003
61009640414
1760502338005
61029435508
1760502339003
61049614800
1760502340003
61069811657
1760502341003
61089752070
1760502342005
61109661930
1760502343004
61129480662
1760502344005
61148814462
1760502345005
61167715408
1760502346004
61187408314
1760502347003
61206629444
1760502348003
61226168661
1760502349003
61245829941
1760502350003
61264754970
1760502351004
61283481619
1760502352003
61302735552
1760502353004
61321830855
1760502354004
61341066214
1760502355004
61360654039
1760502356003
61380002342
1760502357003
61399052816
1760502358003
61418121282
1760502359005
61436759941
1760502360004
61455427165
1760502361004
61474574167
1760502362003
61493751523
1760502363004
61512875055
1760502364003
61532502751
1760502365003
61551547962
1760502366004
61570485246
1760502367005
61590629379
1760502368003
61609715395
1760502369003
61629155330
1760502370003
61649444063
1760502371004
61668537714
1760502372004
61687587942
1760502373004
61708323237
1760502374003
61728217123
1760502375004
61747921136
1760502376004
61767772749
1760502377005
61787620888
1760502378005
61807003509
1760502379003
61825540071
1760502380005
61844135768
1760502381004
61863385095
1760502382003
61883013634
1760502383003
61902938931
1760502384003
61922368080
1760502385020
61941986688
1760502386005
61961109271
1760502387004
61979567068
1760502388005
61999076083
1760502389003
62018567258
1760502390004
62038933991
1760502391005
62060249415
1760502392003
62080815033
1760502393004
62100059571
1760502394004
62119265417
1760502395003
62138382828
1760502396003
62158077324
1760502397005
62178731927
1760502398004
62199268612
1760502399004
62219337408
1760502400004
62238949055
1760502401004
62257646833
1760502402005
62276660326
1760502403003
62296533343
1760502404003
62316794766
1760502405003
62337370099
1760502406003
62357796609
1760502407003
62377486684
1760502408003
62396172222
1760502409003
62415652534
1760502410003
62435180689
1760502411003
62454970367
1760502412003
62475257952
1760502413004
62495042811
1760502414004
62514635884
1760502415003
62534307843
1760502416003
62553342405
1760502417003
62573045286
1760502418005
62594092548
1760502419004
62614374656
1760502420003
62634330630
1760502421003
62654571107
1760502422004
62675539359
1760502423004
62696112075
1760502424003
62717006949
1760502425005
62737295713
1760502426004
62757591300
1760502427004
62777588094
1760502428004
62797082559
1760502429005
62816482944
1760502430005
62835792247
1760502431004
62855720130
1760502432004
62875924637
1760502433004
62895805732
1760502434005
62915819234
1760502435005
62935394651
1760502436005
62955091259
1760502437004
62974531913
1760502438004
62993741277
1760502439004
63013649025
1760502440003
63033037262
1760502441005
63052612648
1760502442005
63072393712
1760502443005
63092590767
1760502444004
63112274432
1760502445003
63132440964
1760502446005
63152324844
1760502447004
63172327284
1760502448005
63192387083
1760502449005
63211986230
1760502450004
63231846043
1760502451004
63251885386
1760502452005
63271739691
1760502453005
63291402976
1760502454005
63311723549
1760502455003
63332114639
1760502456003
63353081621
1760502457004
63374055137
1760502458004
63394393197
1760502459003
63413593871
1760502460003
63433486273
1760502461004
63453155922
1760502462003
63472627437
1760502463004
63491967341
1760502464003
63511179627
1760502465004
63530191530
1760502466003
63549956544
1760502467005
63569767397
1760502468004
63589444880
1760502469004
63608898019
1760502470003
63628152182
1760502471003
63647688889
1760502472003
63668051629
1760502473003
63687789746
1760502474003
63707448639
1760502475003
63727533316
1760502476005
63746599641
1760502477004
63766165526
1760502478003
63786014919
1760502479005
63805453998
1760502480005
63825132934
1760502481005
63845114688
1760502482005
63864707501
1760502483004
63883738789
1760502484004
63903096395
1760502485003
63922450114
1760502486003
63941643781
1760502487003
63961502508
1760502488005
63981044478
1760502489004
64000586786
1760502490005
64020077226
1760502491003
64039331389
1760502492003
64058672241
1760502493004
64079118075
1760502494003
64099352937
1760502495004
64120458553
1760502496003
64140212184
1760502497003
64159710060
1760502498003
64179305428
1760502499004
64199504488
1760502500005
64219240922
1760502501005
64239085649
1760502502005
64258797068
1760502503004
64278563015
1760502504004
64299060333
1760502505004
64320215919
1760502506003
64340226544
1760502507003
64359180031
1760502508003
64378281423
1760502509005
64397709623
1760502510004
64417174360
1760502511004
64436937966
1760502512003
64456985740
1760502513026
64476923736
1760502514006
64497038019
1760502515004
64515215781
1760502516005
64533415069
1760502517003
64552155733
1760502518004
64571404464
1760502519004
64590574691
1760502520006
64609985602
1760502521003
64629237026
1760502522003
64647949967
1760502523005
64666914913
1760502524004
64685484401
1760502525003
64704545141
1760502526003
64724228836
1760502527003
64743176631
1760502528004
64762308103
1760502529004
64781879557
1760502530006
64801108628
1760502531005
64820598074
1760502532004
64840695725
1760502533004
64860325962
1760502534003
64880693980
1760502535004
64901766624
1760502536004
64922591836
1760502537003
64941889788
1760502538006
64961260551
1760502539003
64980133392
1760502540005
64999133391
1760502541003
65018699704
1760502542004
65038134927
1760502543004
65057086915
1760502544003
65077146041
1760502545060
65096072003
1760502546008
65115046543
1760502547004
65134293025
1760502548003
65153535085
1760502549003
65172781139
1760502550004
65192344790
1760502551003
65211595816
1760502552005
65231035063
1760502553004
65250853076
1760502554004
65270363055
1760502555005
65289384688
1760502556003
65309566842
1760502557004
65329273379
1760502558005
65348662197
1760502559005
65368069865
1760502560004
65387702916
1760502561005
65406691746
1760502562005
65426185905
1760502563005
65445429663
1760502564006
65464990300
1760502565003
65484807732
1760502566004
65503706721
1760502567004
65522571636
1760502568005
65541693744
1760502569003
65560470700
1760502570003
65579607879
1760502571004
65598525809
1760502572003
65618106274
1760502573004
65637327986
1760502574005
65656793472
1760502575007
65676680672
1760502576004
65695390965
1760502577005
1920303
1760502578004
22387801
1760502579003
42872175
1760502580003
61268452
1760502581003
78744418
1760502582004
96174254
1760502583007
115035008
1760502584015
135059449
1760502585071
156384421
1760502586075
176409290
1760502587039
197339751
1760502588034
219336669
1760502589035
241645002
1760502590025
264254026
1760502591042
286857879
1760502592015
311787576
1760502593007
329059379
1760502594004
345429094
1760502595006
362175066
1760502596004
378435249
1760502597006
395662743
1760502598004
412621676
1760502599005
429431464
1760502600006
445828214
1760502601004
462823837
1760502602005
479244179
1760502603004
495813865
1760502604005
512988222
1760502605006
529213413
1760502606006
545606522
1760502607006
562063293
1760502608004
578615002
1760502609003
596319840
1760502610004
613612206
1760502611003
630650791
1760502612005
648052017
1760502613004
665576698
1760502614004
683967267
1760502615005
701169180
1760502616006
718148187
1760502617004
734994833
1760502618004
752231033
1760502619006
769760044
1760502620004
787068521
1760502621003
803240896
1760502622007
819184261
1760502623007
835292300
1760502624005
851814540
1760502625006
869259830
1760502626005
885032661
1760502627005
901818092
1760502628008
919368355
1760502629006
937095746
1760502630004
952996439
1760502631004
970458375
1760502632031
989157469
1760502633024
1007686595
1760502634023
1026159127
1760502635028
1046003502
1760502636034
1067282008
1760502637046
1089415998
1760502638037
1112433012
1760502639034
1135981731
1760502640031
1156659773
1760502641004
1171886914
1760502642006
1187543083
1760502643004
1203449300
1760502644005
1219224854
1760502645004
1234982095
1760502646003
1250564487
1760502647004
1266306626
1760502648004
1282149164
1760502649005
1298041611
1760502650004
1313586227
1760502651004
1329243849
1760502652004
1345062183
1760502653004
1360710304
1760502654005
1376551052
1760502655005
1392098805
1760502656007
1407769325
1760502657003
1423486540
1760502658004
1439397347
1760502659007
1455207908
1760502660005
1470615819
1760502661004
1486708925
1760502662004
1502586775
1760502663003
1518647201
1760502664007
1534802272
1760502665005
1551069308
1760502666007
1568098881
1760502667005
1584830059
1760502668006
1600885940
1760502669006
1616355005
1760502670007
1631556289
1760502671004
1646444138
1760502672006
1661421384
1760502673004
1676775057
1760502674003
1691970282
1760502675007
1706876415
1760502676006
1721900525
1760502677007
1737404153
1760502678005
1752851155
1760502679006
1769176515
1760502680007
1785832508
1760502681003
1801096966
1760502682005
1816376418
1760502683007
1831069146
1760502684007
1846213729
1760502685004
1861734814
1760502686005
1877033926
1760502687004
1892488716
1760502688004
1908182554
1760502689007
1923625119
1760502690005
1938606910
1760502691004
1953899443
1760502692003
1969265310
1760502693004
1984740571
1760502694006
2000406211
1760502695004
2015301572
1760502696003
2030274320
1760502697005
2045852183
1760502698006
2061134527
1760502699005
2076646860
1760502700005
2091710169
1760502701004
2106763947
1760502702003
2122109831
1760502703006
2137714653
1760502704005
2153138859
1760502705004
2168101478
1760502706003
2183320251
1760502707006
2198809802
1760502708008
2214352889
1760502709005
2232110849
1760502710006
2247310542
1760502711003
2262305001
1760502712004
2277970549
1760502713003
2297362335
1760502714017
2319943926
1760502715170
2337636188
1760502716023
2358506949
1760502717039
2381088372
1760502718051
2403364866
1760502719031
2426088242
1760502720034
2449820317
1760502721031
2471439110
1760502722014
2490218345
1760502723022
2509064227
1760502724015
2529092386
1760502725045
2549850218
1760502726031
2571002177
1760502727030
2593197214
1760502728025
2616540898
1760502729024
2639583402
1760502730004
2656537179
1760502731003
2671939857
1760502732005
2687232238
1760502733005
2702741940
1760502734005
2718604964
1760502735006
2734136208
1760502736003
2749321948
1760502737005
2764962327
1760502738006
2780276434
1760502739006
2795925396
1760502740005
2811538266
1760502741003
2827167904
1760502742006
2842686756
1760502743006
2857674636
1760502744005
2872936845
1760502745005
2888652469
1760502746003
2904324534
1760502747003
2920097978
1760502748006
2936515734
1760502749006
2952524323
1760502750008
2968870124
1760502751003
2985429880
1760502752003
3001671014
1760502753005
3020026087
1760502754005
3038060442
1760502755004
3054878401
1760502756005
3071981062
1760502757004
3088734731
1760502758003
3105759729
1760502759005
3123101376
1760502760004
3141253924
1760502761003
3158304672
1760502762003
3175564862
1760502763005
3192834768
1760502764004
3209797235
1760502765004
3226851334
1760502766004
3244428923
1760502767006
3262527155
1760502768006
3279733092
1760502769004
3297136536
1760502770005
3313847180
1760502771004
3330773448
1760502772004
3348308870
1760502773005
3364914204
1760502774003
3381672708
1760502775004
3398367058
1760502776005
3414998479
1760502777005
3431865352
1760502778004
3448924286
1760502779004
3465782040
1760502780005
3482568619
1760502781004
3499832986
1760502782005
3516662282
1760502783003
3533470694
1760502784004
3550666777
1760502785005
3567755928
1760502786003
3584590396
1760502787004
3601378719
1760502788004
3618486414
1760502789004
3635276113
1760502790006
3652427077
1760502791003
3669269332
1760502792003
3686300879
1760502793005
3703505668
1760502794005
3720095794
1760502795004
3736545498
1760502796004
3753628651
1760502797006
3770291943
1760502798004
3787173764
1760502799006
3805907328
1760502800006
3824100696
1760502801003
3840814737
1760502802005
3857400381
1760502803004
3874537207
1760502804005
3891802783
1760502805006
3909327786
1760502806004
3926441509
1760502807007
3943094075
1760502808006
3960130135
1760502809003
3978864710
1760502810004
3996668815
1760502811004
4013695068
1760502812004
4030636268
1760502813005
4048058118
1760502814006
4066480160
1760502815004
4084546874
1760502816003
4102175228
1760502817005
4120191651
1760502818004
4137964758
1760502819005
4155708918
1760502820003
4174021259
1760502821004
4191365186
1760502822004
4208721108
1760502823004
4226405506
1760502824003
4244533650
1760502825004
4262624431
1760502826004
4280980590
1760502827003
4298588045
1760502828005
4316745151
1760502829005
4336273398
1760502830004
4354715880
1760502831003
4372799899
1760502832004
4391023775
1760502833003
4408610788
1760502834003
4426046959
1760502835004
4443744653
1760502836003
4461691430
1760502837003
4480100191
1760502838004
4499303451
1760502839004
4517644831
1760502840004
4535830487
1760502841003
4554408543
1760502842003
4573187442
1760502843003
4592972468
1760502844003
4612767302
1760502845003
4631578056
1760502846004
4649434043
1760502847003
4667183573
1760502848003
4685694890
1760502849004
4704250240
1760502850003
4723512665
1760502851003
4742510262
1760502852004
4761189986
1760502853003
4779385863
1760502854004
4797579078
1760502855004
4816112962
1760502856003
4835120764
1760502857004
4853410491
1760502858004
4871199801
1760502859004
4889622914
1760502860004
4907925523
1760502861004
4926626117
1760502862004
4945698240
1760502863003
4963728418
1760502864003
4981652016
1760502865004
4999565608
1760502866003
5017930244
1760502867003
5037851823
1760502868004
5057158113
1760502869004
5075837913
1760502870003
5093671088
1760502871003
5112391679
1760502872004
5132068014
1760502873004
5151474626
1760502874005
5171006575
1760502875004
5189756297
1760502876003
5208609584
1760502877004
5228745394
1760502878003
5248064000
1760502879003
5267284931
1760502880004
5286828096
1760502881004
5306232565
1760502882003
5325321457
1760502883003
5344660382
1760502884004
5363458100
1760502885004
5382435149
1760502886004
5401922789
1760502887003
5420866132
1760502888004
5439927699
1760502889004
5458717292
1760502890003
5477179251
1760502891005
5495996874
1760502892004
5515366644
1760502893005
5534464930
1760502894005
5553514562
1760502895004
5572639944
1760502896004
5591168076
1760502897004
5609760101
1760502898004
5629749597
1760502899004
5649557604
1760502900003
5668771772
1760502901004
5688323061
1760502902005
5707410331
1760502903003
5726420520
1760502904004
5745655619
1760502905005
5764601563
1760502906004
5783463709
1760502907004
5802822386
1760502908003
5821851256
1760502909003
5841045718
1760502910003
5860446638
1760502911003
5879121068
1760502912003
5897872641
1760502913005
5916850731
1760502914004
5935831344
1760502915005
5955257785
1760502916005
5974229234
1760502917005
5993161026
1760502918004
6011849410
1760502919005
6030730191
1760502920005
6049556336
1760502921003
6068833235
1760502922004
6087898167
1760502923003
6107355039
1760502924004
6126318364
1760502925004
6145139889
1760502926003
6163613430
1760502927004
6182205011
1760502928004
6200964035
1760502929004
6219756902
1760502930004
6238364028
1760502931004
6257098143
1760502932003
6275824731
1760502933004
6294369066
1760502934005
6313196389
1760502935005
6331496551
1760502936005
6350246762
1760502937004
6369576476
1760502938004
6388638547
1760502939005
6407644023
1760502940004
6426936880
1760502941008
6445788515
1760502942003
6464188264
1760502943004
6483085661
1760502944004
6501994855
1760502945004
6520741057
1760502946004
6539859723
1760502947004
6558974671
1760502948004
6578060962
1760502949004
6597547578
1760502950005
6616630319
1760502951004
6636098666
1760502952003
6656219360
1760502953005
6676640851
1760502954003
6696369696
1760502955003
6715774839
1760502956004
6734326793
1760502957004
6752612557
1760502958003
6772052278
1760502959003
6792493338
1760502960011
6811348905
1760502961003
6829966098
1760502962003
6848056880
1760502963003
6867228545
1760502964004
6886289591
1760502965003
6905426953
1760502966004
6924084278
1760502967026
6943292785
1760502968008
6962349960
1760502969005
6981360547
1760502970003
7000710289
1760502971005
7019914757
1760502972004
7038565396
1760502973003
7057818013
1760502974003
7077115016
1760502975005
7096476615
1760502976004
7116301529
1760502977003
7135644569
1760502978004
7154428654
1760502979004
7174824748
1760502980003
7194269870
1760502981004
7213478928
1760502982005
7232770774
1760502983003
7251669732
1760502984003
7270376369
1760502985003
7289367678
1760502986003
7308238407
1760502987003
7326696556
1760502988004
7345418845
1760502989004
7364138166
1760502990004
7382534809
1760502991005
7401497216
1760502992005
7420080948
1760502993005
7439213904
1760502994004
7458474798
1760502995004
7477826743
1760502996004
7497773828
1760502997003
7518265179
1760502998003
7537243896
1760502999005
7555274869
1760503000005
7574255712
1760503001003
7593350464
1760503002005
7612482258
1760503003003
7631210268
1760503004004
7648938180
1760503005003
7667318360
1760503006003
7686738191
1760503007003
7705223804
1760503008005
7723914682
1760503009004
7742681096
1760503010003
7761016738
1760503011003
7779834820
1760503012003
7798842882
1760503013003
7817696109
1760503014003
7837170056
1760503015004
7856544308
1760503016003
7875322289
1760503017004
7893985887
1760503018004
7912748200
1760503019005
7931275934
1760503020006
7950235373
1760503021004
7969031530
1760503022004
7987707536
1760503023003
8006401887
1760503024003
8025587368
1760503025004
8044411891
1760503026004
8062923759
1760503027004
8081629631
1760503028003
8100179779
1760503029003
8118768116
1760503030003
8138037028
1760503031003
8156932467
1760503032004
8175448206
1760503033004
8194358409
1760503034003
8213201170
1760503035004
8232359799
1760503036003
8251745037
1760503037003
8270832812
1760503038003
8290076693
1760503039003
8309428133
1760503040004
8327636801
1760503041003
8346814983
1760503042003
8366079428
1760503043004
8385102897
1760503044006
8403474204
1760503045004
8422194503
1760503046004
8440749808
1760503047004
8459062072
1760503048004
8478250551
1760503049005
8497170715
1760503050004
8516179190
1760503051003
8535698838
1760503052004
8554273115
1760503053005
8572271331
1760503054005
8590300683
1760503055004
8608682791
1760503056004
8627191217
1760503057004
8646155903
1760503058004
8664921200
1760503059004
8683989147
1760503060006
8703146965
1760503061003
8721564508
1760503062003
8739757861
1760503063003
8759389367
1760503064006
8778255032
1760503065005
8797199416
1760503066004
8816341368
1760503067003
8835452904
1760503068003
8855457639
1760503069006
8875682908
1760503070012
8894638185
1760503071003
8913527244
1760503072005
8932894963
1760503073003
8952249616
1760503074008
8971439993
1760503075004
8990893392
1760503076004
9009973777
1760503077004
9029008385
1760503078004
9048655604
1760503079003
9067927561
1760503080005
9086523869
1760503081003
9105773580
1760503082004
9124667534
1760503083005
9143510739
1760503084005
9163192062
1760503085004
9182338819
1760503086003
9201346269
1760503087004
9220673152
1760503088005
9239605525
1760503089005
9259170691
1760503090005
9279011456
1760503091004
9298552371
1760503092004
9317827143
1760503093004
9337377804
1760503094004
9356219922
1760503095003
9376299489
1760503096004
9397152884
1760503097003
9417112515
1760503098003
9436713498
1760503099004
9456299379
1760503100004
9475637860
1760503101003
9495161487
1760503102004
9514935069
1760503103003
9534457058
1760503104003
9554097178
1760503105005
9574334886
1760503106005
9594200758
1760503107005
9613589239
1760503108003
9633339183
1760503109003
9652839033
1760503110003
9672303800
1760503111004
9692336335
1760503112005
9712033601
1760503113005
9731521027
1760503114004
9751682954
1760503115004
9771730621
1760503116004
9791829297
1760503117004
9812154016
1760503118005
9831896295
1760503119004
9851834337
1760503120003
9871731635
1760503121003
9891350794
1760503122003
9911136494
1760503123005
9931586245
1760503124004
9951615459
1760503125003
9971487314
1760503126005
9991543166
1760503127004
10011070265
1760503128005
10030366717
1760503129004
10050178855
1760503130004
10069814768
1760503131004
10089315123
1760503132005
10109338141
1760503133003
10129027772
1760503134004
10148509323
1760503135003
10168849312
1760503136003
10188750068
1760503137003
10208345007
1760503138004
10227976835
1760503139006
10247604119
1760503140005
10266984369
1760503141004
10287520763
1760503142003
10307715585
1760503143003
10327873029
1760503144004
10348666157
1760503145004
10368252590
1760503146004
10388319718
1760503147004
10408914436
1760503148004
10429625312
1760503149004
10449664839
1760503150003
10469509596
1760503151003
10489165797
1760503152003
10508398938
1760503153003
10527994275
1760503154004
10547706489
1760503155004
10567004272
1760503156005
10586667587
1760503157004
10606014559
1760503158004
10625325133
1760503159005
10644885342
1760503160004
10663768663
1760503161003
10682674781
1760503162003
10702318191
1760503163003
10721942874
1760503164006
10741580699
1760503165004
10761377507
1760503166004
10780760740
1760503167003
10800401534
1760503168008
10820671616
1760503169007
10840558893
1760503170005
10860584650
1760503171004
10880845200
1760503172005
10900856637
1760503173004
10921019145
1760503174005
10941332588
1760503175003
10961071730
1760503176004
10980683836
1760503177004
11000628946
1760503178004
11020304532
1760503179003
11040258960
1760503180005
11060667998
1760503181006
11080890513
1760503182009
11100601931
1760503183003
11120379292
1760503184003
11140597049
1760503185004
11161181516
1760503186005
11181495953
1760503187003
11201482496
1760503188005
11222030672
1760503189004
11242961332
1760503190005
11263915860
1760503191004
11285020359
1760503192003
11305252467
1760503193003
11325000987
1760503194004
11344229507
1760503195003
11364446637
1760503196003
11384864487
1760503197005
11405568125
1760503198004
11424804280
1760503199003
11444128669
1760503200012
11463622705
1760503201004
11483276412
1760503202004
11502706341
1760503203005
11522048081
1760503204004
11542220488
1760503205004
11562143383
1760503206005
11582101866
1760503207004
11602409847
1760503208005
11622151712
1760503209005
11641917063
1760503210005
11662001450
1760503211004
11681642672
1760503212004
11701321333
1760503213004
11721091977
1760503214004
11740636932
1760503215003
11760350615
1760503216004
11780683550
1760503217005
11800781140
1760503218004
11820567238
1760503219004
11840454423
1760503220004
11859960699
1760503221005
11879777901
1760503222005
11900103966
1760503223004
11920031421
1760503224004
11939418158
1760503225005
11958952984
1760503226003
11978353690
1760503227004
11998077455
1760503228004
12018399099
1760503229005
12038077592
1760503230004
12057551799
1760503231005
12077133121
1760503232003
12096868163
1760503233003
12117457970
1760503234004
12138716815
1760503235004
12158554290
1760503236004
12177971183
1760503237003
12198086981
1760503238004
12217434075
1760503239003
12237119010
1760503240003
12256902170
1760503241003
12276472690
1760503242003
12295951564
1760503243003
12315067568
1760503244005
12334317416
1760503245004
12353650389
1760503246003
12373258180
1760503247004
12392572303
1760503248005
12412121756
1760503249004
12431660499
1760503250004
12451929296
1760503251004
12471898519
1760503252003
12492041612
1760503253003
12511686919
1760503254004
12531266589
1760503255003
12551312695
1760503256006
12571187839
1760503257005
12590878556
1760503258004
12610698069
1760503259004
12629854863
1760503260003
12649439536
1760503261005
12669632369
1760503262004
12689867277
1760503263005
12710570074
1760503264005
12730768430
1760503265004
12749850452
1760503266003
12768591483
1760503267003
12787812047
1760503268004
12806770767
1760503269004
12825855543
1760503270004
12845379965
1760503271003
12864072235
1760503272003
12883263102
1760503273004
12903089775
1760503274006
12923510073
1760503275003
12942599393
1760503276004
12961204958
1760503277004
12980218008
1760503278003
12999153747
1760503279004
13018981338
1760503280006
13038401506
1760503281003
13057570876
1760503282003
13075905386
1760503283005
13093959019
1760503284004
13112495413
1760503285003
13131334716
1760503286004
13149852964
1760503287007
13168515123
1760503288005
13187141558
1760503289004
13205260491
1760503290003
13223841499
1760503291004
13243047528
1760503292004
13261867676
1760503293004
13280330033
1760503294005
13298695403
1760503295003
13317236157
1760503296005
13335502399
1760503297005
13353961941
1760503298003
13373311346
1760503299004
13392563412
1760503300006
13411948084
1760503301004
13430671566
1760503302004
13449940172
1760503303003
13469065661
1760503304004
13487832733
1760503305004
13506721807
1760503306003
13525680236
1760503307003
13544255063
1760503308004
13562939240
1760503309005
13582371326
1760503310004
13601183211
1760503311004
13619702133
1760503312003
13638251394
1760503313004
13656707906
1760503314004
13675612953
1760503315003
13694349884
1760503316004
13712279877
1760503317004
13730754826
1760503318003
13750669199
1760503319004
13769620896
1760503320007
13788524826
1760503321004
13807900548
1760503322003
13827309072
1760503323006
13845970574
1760503324003
13864828543
1760503325003
13883494665
1760503326003
13902337258
1760503327004
13921420749
1760503328003
13940258920
1760503329004
13959333047
1760503330005
13978682651
1760503331004
13998092461
1760503332004
14016957376
1760503333005
14036141817
1760503334003
14055185084
1760503335004
14074337303
1760503336003
14094560016
1760503337004
14113379047
1760503338004
14132324777
1760503339003
14151605225
1760503340003
14170260255
1760503341004
14188957375
1760503342005
14207534375
1760503343004
14226194454
1760503344005
14244096188
1760503345004
14262563579
1760503346003
14280520898
1760503347004
14298718917
1760503348005
14316274917
1760503349005
14334132909
1760503350004
14352283161
1760503351003
14370247289
1760503352004
14387786919
1760503353003
14406060351
1760503354004
14424169554
1760503355003
14442501830
1760503356005
14460631611
1760503357005
14478869440
1760503358003
14496222807
1760503359004
14514098670
1760503360005
14533191050
1760503361004
14551367924
1760503362004
14569454177
1760503363004
14588377936
1760503364004
14606769056
1760503365003
14625119585
1760503366005
14643601327
1760503367004
14661409518
1760503368005
14679200541
1760503369003
14697217928
1760503370003
14715248060
1760503371005
14733527490
1760503372004
14752880399
1760503373003
14771921020
1760503374003
14790119865
1760503375003
14808637440
1760503376003
14827219672
1760503377005
14845945786
1760503378005
14865880875
1760503379003
14885309412
1760503380003
14903372347
1760503381003
14921343329
1760503382003
14939514481
1760503383004
14958407181
1760503384004
14977157392
1760503385003
14994953649
1760503386010
15013515823
1760503387004
15033618477
1760503388004
15052507230
1760503389003
15071320018
1760503390004
15090269390
1760503391004
15109335347
1760503392003
15128082575
1760503393003
15147299191
1760503394005
15166238740
1760503395004
15185673917
1760503396005
15205118641
1760503397004
15223653321
1760503398005
15242037556
1760503399004
15261315449
1760503400003
15280135979
1760503401004
15300317107
1760503402003
15320721539
1760503403003
15339586133
1760503404003
15358050770
1760503405005
15377154962
1760503406006
15396256339
1760503407003
15415507457
1760503408005
15435081726
1760503409004
15454159709
1760503410004
15472479317
1760503411003
15491062376
1760503412003
15509940709
1760503413003
15529204863
1760503414004
15548826531
1760503415005
15568000935
1760503416003
15586583183
1760503417004
15606347478
1760503418004
15625248914
1760503419004
15644569632
1760503420003
15664364206
1760503421003
15684224677
1760503422003
15703346188
1760503423005
15723373858
1760503424004
15742826492
1760503425004
15761888043
1760503426005
15780844467
1760503427003
15799869620
1760503428005
15819060991
1760503429004
15838974737
1760503430005
15857940510
1760503431004
15877129142
1760503432003
15896279142
1760503433003
15914826629
1760503434004
15933829060
1760503435003
15954075260
1760503436003
15973164396
1760503437003
15992005536
1760503438003
16010869686
1760503439003
16029670571
1760503440004
16048423077
1760503441004
16067499606
1760503442005
16085974540
1760503443003
16105230738
1760503444003
16124434961
1760503445003
16143406487
1760503446005
16162515774
1760503447004
16181714259
1760503448006
16200731517
1760503449004
16219487710
1760503450003
16238690786
1760503451003
16257853026
1760503452003
16276602763
1760503453005
16295849215
1760503454006
16315511979
1760503455004
16334960544
1760503456003
16354077098
1760503457003
16372449154
1760503458003
16391111329
1760503459004
16410671905
1760503460005
16429945881
1760503461004
16448874154
1760503462005
16468049124
1760503463005
16486119846
1760503464004
16504269288
1760503465003
16522857288
1760503466003
16541477205
1760503467005
16560234576
1760503468005
16579244918
1760503469004
16598180565
1760503470004
16616662889
1760503471004
16635395413
1760503472004
16654217932
1760503473004
16672997673
1760503474005
16692214870
1760503475004
16711109330
1760503476004
16729634937
1760503477005
16748749931
1760503478004
16766757664
1760503479004
16785409450
1760503480004
16804464192
1760503481004
16822922021
1760503482003
16841444400
1760503483004
16859842466
1760503484005
16878025996
1760503485003
16896507386
1760503486003
16915395848
1760503487004
16934168657
1760503488003
16952366493
1760503489004
16971578840
1760503490004
16990613907
1760503491003
17009754176
1760503492004
17029198640
1760503493004
17048901613
1760503494004
17069236797
1760503495003
17089433623
1760503496005
17108399595
1760503497004
17126835162
1760503498003
17144960047
1760503499003
17163119448
1760503500003
17182224849
1760503501005
17201156931
1760503502004
17219732998
1760503503004
17238309661
1760503504005
17256702832
1760503505004
17274864100
1760503506009
17293728266
1760503507006
17312555313
1760503508004
17331228902
1760503509004
17350501042
1760503510007
17369875922
1760503511004
17389516425
1760503512004
17408388240
1760503513004
17427497252
1760503514003
17446173472
1760503515004
17465236155
1760503516004
17485083652
1760503517005
17504987820
1760503518003
17525054565
1760503519004
17545133199
1760503520003
17563724244
1760503521003
17581792320
1760503522003
17600092054
1760503523003
17618615886
1760503524003
17637226500
1760503525004
17656558020
1760503526005
17674618231
1760503527005
17692914522
1760503528005
17711321248
1760503529006
17730302704
1760503530003
17748916974
1760503531003
17767741926
1760503532003
17786455035
1760503533004
17805303396
1760503534003
17826066138
1760503535004
17845947907
1760503536003
17864970106
1760503537003
17884518794
1760503538003
17904235292
1760503539003
17923960755
1760503540010
17944295649
1760503541004
17963916093
1760503542004
17984692331
1760503543005
18004983925
1760503544004
18024634587
1760503545004
18043309109
1760503546005
18062496181
1760503547006
18081065225
1760503548004
18100217459
1760503549006
18119726260
1760503550003
18139070493
1760503551009
18157948184
1760503552005
18178209485
1760503553003
18197707682
1760503554004
18217071485
1760503555003
18236488164
1760503556003
18254966234
1760503557003
18273578852
1760503558004
18293055048
1760503559004
18311507200
1760503560004
18329929058
1760503561004
18348852114
1760503562005
18367905586
1760503563005
18387454457
1760503564005
18407209771
1760503565005
18426176585
1760503566005
18445469563
1760503567004
18465299281
1760503568004
18484668179
1760503569004
18503804684
1760503570004
18523197740
1760503571003
18541936033
1760503572004
18560282982
1760503573004
18579079261
1760503574004
18598538781
1760503575005
18617686669
1760503576004
18637570106
1760503577004
18657115259
1760503578004
18676892942
1760503579006
18696242041
1760503580003
18714839283
1760503581003
18733492293
1760503582003
18753322608
1760503583003
18772309739
1760503584003
18791246060
1760503585003
18809812227
1760503586004
18828632772
1760503587005
18847641814
1760503588006
18866528623
1760503589004
18885430702
1760503590003
18904252074
1760503591004
18923552810
1760503592005
18942507612
1760503593005
18961129166
1760503594004
18980491331
1760503595005
18999394099
1760503596004
19018060497
1760503597006
19037149297
1760503598004
19057604142
1760503599004
19077131716
1760503600004
19096867966
1760503601004
19116436911
1760503602003
19136223391
1760503603004
19155870702
1760503604004
19175253875
1760503605003
19194286845
1760503606003
19213632058
1760503607003
19232740549
1760503608004
19251865871
1760503609004
19271598311
1760503610005
19291148452
1760503611004
19310477065
1760503612004
19329238062
1760503613004
19348211776
1760503614003
19367284190
1760503615004
19386924310
1760503616005
19406519020
1760503617003
19425316095
1760503618004
19444107984
1760503619003
19464644898
1760503620004
19484331332
1760503621005
19504687064
1760503622004
19524291291
1760503623004
19544141694
1760503624004
19564104078
1760503625004
19583527857
1760503626005
19603887949
1760503627005
19624594235
1760503628005
19644263701
1760503629004
19663671965
1760503630004
19683468497
1760503631003
19702990823
1760503632003
19722891778
1760503633004
19742848180
1760503634004
19762468961
1760503635007
19782252106
1760503636003
19802116570
1760503637005
19821939510
1760503638006
19841342526
1760503639005
19861821469
1760503640005
19881579996
1760503641005
19900505439
1760503642004
19920247564
1760503643004
19940341865
1760503644005
19960591859
1760503645005
19980729810
1760503646005
19999715458
1760503647004
20018886052
1760503648004
20038464146
1760503649005
20057853928
1760503650005
20077398592
1760503651004
20097451491
1760503652004
20116675084
1760503653004
20135901217
1760503654004
20155695179
1760503655003
20174719046
1760503656004
20194014717
1760503657004
20213325888
1760503658005
20232567382
1760503659004
20251917904
1760503660003
20271286526
1760503661004
20290142659
1760503662005
20309071574
1760503663003
20328422265
1760503664004
20347587580
1760503665003
20366920737
1760503666004
20385960041
1760503667004
20404447444
1760503668004
20423189057
1760503669005
20442254280
1760503670004
20460950666
1760503671003
20479813240
1760503672004
20498700447
1760503673005
20516693814
1760503674004
20535059016
1760503675003
20554123473
1760503676003
20573004270
1760503677003
20592263222
1760503678004
20611786955
1760503679003
20630806630
1760503680004
20648990205
1760503681004
20667694700
1760503682004
20687333719
1760503683004
20706140923
1760503684003
20725426053
1760503685004
20744416168
1760503686005
20763391182
1760503687005
20783397125
1760503688005
20803314573
1760503689003
20821829012
1760503690006
20840709487
1760503691003
20859728382
1760503692004
20878825077
1760503693003
20897760418
1760503694003
20916142863
1760503695005
20935157427
1760503696004
20954668064
1760503697004
20973761745
1760503698004
20993144274
1760503699004
21013125524
1760503700004
21033599112
1760503701004
21053603969
1760503702006
21072330251
1760503703004
21090797014
1760503704003
21109082870
1760503705003
21129370257
1760503706043
21148300029
1760503707005
21167449662
1760503708004
21186559530
1760503709004
21204920938
1760503710004
21223715305
1760503711003
21243311958
1760503712003
21262372622
1760503713004
21281120492
1760503714004
21300495785
1760503715003
21320362330
1760503716005
21339737087
1760503717003
21359563653
1760503718005
21378716132
1760503719005
21398081005
1760503720005
21417484986
1760503721005
21436602183
1760503722004
21456165130
1760503723004
21476024591
1760503724004
21495266070
1760503725003
21514809678
1760503726004
21534723225
1760503727004
21554130234
1760503728004
21573674592
1760503729003
21593474077
1760503730005
21612932755
1760503731005
21633049700
1760503732004
21652836486
1760503733004
21672567412
1760503734003
21692463838
1760503735003
21712600810
1760503736003
21732669866
1760503737003
21753070764
1760503738014
21772716561
1760503739003
21792683703
1760503740003
21811807892
1760503741003
21831567001
1760503742003
21851227042
1760503743003
21870903362
1760503744003
21890722554
1760503745003
21910356126
1760503746025
21930117101
1760503747004
21949707909
1760503748004
21969379915
1760503749004
21988834446
1760503750004
22008593585
1760503751004
22028425506
1760503752004
22048869871
1760503753005
22069343934
1760503754004
22089384378
1760503755004
22109419300
1760503756005
22129734242
1760503757005
22150360432
1760503758004
22170139966
1760503759003
22190564472
1760503760004
22210669697
1760503761005
22230696096
1760503762005
22250800694
1760503763005
22270035196
1760503764005
22289251874
1760503765004
22308976634
1760503766005
22328429146
1760503767005
22348109107
1760503768005
22368303195
1760503769004
22388180144
1760503770004
22407918307
1760503771004
22427980600
1760503772004
22448265983
1760503773004
22468041661
1760503774003
22487102523
1760503775003
22505818631
1760503776003
22525288325
1760503777003
22544639688
1760503778005
22563218065
1760503779003
22581900344
1760503780005
22600547097
1760503781004
22619373196
1760503782005
22638151437
1760503783003
22657444982
1760503784005
22676266965
1760503785006
22695171890
1760503786004
22714714871
1760503787005
22733715405
1760503788004
22752930170
1760503789004
22773122238
1760503790003
22792276293
1760503791003
22811038132
1760503792003
22830963307
1760503793003
22849646152
1760503794004
22868688287
1760503795004
22888344350
1760503796004
22907304600
1760503797004
22926562037
1760503798003
22945715556
1760503799003
22964368275
1760503800004
22982829959
1760503801003
23001685006
1760503802003
23020227872
1760503803004
23038952670
1760503804004
23057977225
1760503805004
23076652864
1760503806004
23095162269
1760503807003
23114254006
1760503808004
23133029661
1760503809003
23151661527
1760503810003
23170783727
1760503811004
23190134494
1760503812003
23209168581
1760503813004
23228982785
1760503814004
23248333782
1760503815004
23268125525
1760503816005
23287103936
1760503817004
23306625787
1760503818005
23325804842
1760503819003
23345303361
1760503820022
23364198172
1760503821010
23382882303
1760503822003
23401816542
1760503823004
23419760994
1760503824003
23437798715
1760503825006
23456287220
1760503826006
23474787062
1760503827004
23492997856
1760503828004
23512071861
1760503829003
23530998053
1760503830003
23550210998
1760503831004
23570084015
1760503832005
23588724877
1760503833003
23607511701
1760503834006
23626813385
1760503835004
23645961779
1760503836004
23665360588
1760503837003
23685024530
1760503838003
23704580960
1760503839004
23723300311
1760503840003
23742621426
1760503841003
23761463040
1760503842004
23780836435
1760503843005
23800868633
1760503844004
23819727413
1760503845005
23838856621
1760503846004
23857748464
1760503847003
23876713227
1760503848004
23895778833
1760503849004
23915018430
1760503850003
23933705941
1760503851004
23952434809
1760503852004
23971732271
1760503853003
23990943792
1760503854003
24010046362
1760503855004
24029242232
1760503856004
24047737805
1760503857003
24066365219
1760503858006
24085719596
1760503859004
24104917669
1760503860004
24124290483
1760503861004
24143985270
1760503862003
24163098382
1760503863004
24181958524
1760503864004
24202500472
1760503865004
24223102749
1760503866005
24243248014
1760503867005
24262969316
1760503868003
24282137447
1760503869004
24301590448
1760503870003
24321800968
1760503871003
24341487279
1760503872004
24360621092
1760503873005
24380576499
1760503874004
24400572528
1760503875004
24420243585
1760503876003
24440169035
1760503877004
24459377956
1760503878004
24478374726
1760503879005
24497329208
1760503880004
24515580471
1760503881003
24533914140
1760503882003
24552558108
1760503883003
24571212434
1760503884004
24589761741
1760503885004
24608192488
1760503886004
24626132426
1760503887004
24644451040
1760503888006
24663246585
1760503889004
24681671717
1760503890005
24699848178
1760503891003
24718598328
1760503892003
24737467864
1760503893003
24756192371
1760503894003
24775137321
1760503895006
24793559439
1760503896003
24812055272
1760503897005
24830967618
1760503898003
24849253520
1760503899003
24867520159
1760503900003
24886161664
1760503901003
24904411565
1760503902003
24922697069
1760503903003
24941224467
1760503904004
24959790236
1760503905005
24978126674
1760503906004
24996757714
1760503907003
25015080596
1760503908003
25033287718
1760503909003
25052138389
1760503910003
25070633045
1760503911004
25088809567
1760503912004
25106898650
1760503913005
25125112137
1760503914003
25143469337
1760503915006
25162247655
1760503916003
25180937140
1760503917005
25199461890
1760503918003
25218519586
1760503919006
25237320624
1760503920005
25256050088
1760503921005
25274722560
1760503922005
25293334949
1760503923003
25312600785
1760503924004
25331246528
1760503925005
25349574046
1760503926003
25368783380
1760503927004
25387642986
1760503928003
25406033295
1760503929004
25423998662
1760503930004
25442425278
1760503931004
25460851849
1760503932005
25479459648
1760503933003
25498173797
1760503934006
25515709096
1760503935005
25533479556
1760503936004
25551812659
1760503937004
25570009745
1760503938003
25588304704
1760503939003
25606630953
1760503940003
25624324102
1760503941003
25642291489
1760503942003
25661245802
1760503943003
25679691421
1760503944004
25697985141
1760503945004
25717132525
1760503946003
25736344291
1760503947004
25754410730
1760503948003
25773232500
1760503949005
25791330518
1760503950003
25809613666
1760503951003
25828616633
1760503952004
25847166001
1760503953004
25865336602
1760503954003
25883556439
1760503955003
25901847635
1760503956003
25920437441
1760503957004
25940182167
1760503958005
25959665279
1760503959005
25977455691
1760503960004
25995154241
1760503961003
26013326755
1760503962003
26032637971
1760503963003
26052554655
1760503964003
26072371169
1760503965003
26089835813
1760503966005
26107601178
1760503967004
26125800957
1760503968003
26143993223
1760503969004
26162280410
1760503970004
26179907509
1760503971003
26197943562
1760503972003
26217130145
1760503973003
26236143700
1760503974005
26255089812
1760503975003
26273490464
1760503976004
26291496024
1760503977004
26309942699
1760503978003
26329159728
1760503979014
26348487775
1760503980005
26367341475
1760503981004
26386189989
1760503982004
26405817012
1760503983004
26425747282
1760503984003
26445702996
1760503985004
26465077187
1760503986004
26484580953
1760503987004
26504620756
1760503988004
26523958747
1760503989004
26543129142
1760503990005
26562456531
1760503991004
26581424813
1760503992003
26600943329
1760503993004
26620598673
1760503994003
26639717920
1760503995003
26658863942
1760503996003
26678139525
1760503997003
26697649381
1760503998004
26717169457
1760503999003
26737284306
1760504000003
26757795134
1760504001005
26777600464
1760504002003
26797637987
1760504003003
26816811534
1760504004004
26836956783
1760504005004
26857344278
1760504006004
26877657721
1760504007004
26897492809
1760504008003
26917405209
1760504009004
26937233198
1760504010005
26956796956
1760504011005
26976753847
1760504012004
26996705889
1760504013004
27016302267
1760504014003
27036514775
1760504015004
27056838025
1760504016004
27077130553
1760504017005
27096755679
1760504018004
27115815195
1760504019005
27136014225
1760504020004
27156456800
1760504021003
27176279097
1760504022004
27196072569
1760504023003
27216253866
1760504024004
27235766997
1760504025004
27255177219
1760504026005
27274972160
1760504027003
27294461208
1760504028004
27313845513
1760504029004
27333245928
1760504030005
27352650551
1760504031004
27372091986
1760504032004
27391931572
1760504033004
27411260536
1760504034004
27430307736
1760504035004
27449829465
1760504036003
27469364612
1760504037003
27489951206
1760504038003
27510899155
1760504039004
27529939699
1760504040004
27548815523
1760504041004
27568329051
1760504042005
27587979927
1760504043006
27607537550
1760504044005
27627715037
1760504045005
27647247568
1760504046003
27666053502
1760504047003
27685642383
1760504048004
27705159307
1760504049004
27725037435
1760504050006
27744744294
1760504051004
27764217307
1760504052004
27783310973
1760504053004
27802578401
1760504054003
27821570260
1760504055003
27841120355
1760504056003
27860803407
1760504057003
27880483874
1760504058005
27899792122
1760504059004
27919245123
1760504060003
27937831181
1760504061003
27956692440
1760504062003
27976051101
1760504063003
27994964196
1760504064003
28014258123
1760504065004
28033899223
1760504066004
28053070368
1760504067005
28071936584
1760504068003
28090881594
1760504069003
28109913341
1760504070004
28129947115
1760504071003
28149972275
1760504072005
28169803845
1760504073004
28189320693
1760504074005
28208740034
1760504075003
28228578687
1760504076003
28247591737
1760504077003
28266843636
1760504078004
28285886857
1760504079003
28305127372
1760504080003
28324663223
1760504081004
28343883114
1760504082005
28363120538
1760504083005
28383375259
1760504084005
28403149806
1760504085003
28423560312
1760504086004
28443554000
1760504087003
28462434383
1760504088004
28481314568
1760504089003
28500930713
1760504090004
28519920247
1760504091004
28539602978
1760504092004
28558624841
1760504093003
28577081996
1760504094004
28595608873
1760504095005
28614700228
1760504096003
28633748713
1760504097003
28652829282
1760504098003
28671970622
1760504099003
28691136886
1760504100004
28710288692
1760504101003
28729754178
1760504102003
28749020672
1760504103003
28768122034
1760504104003
28787383816
1760504105003
28807071320
1760504106003
28826008023
1760504107003
28844668454
1760504108003
28863556579
1760504109018
28883005266
1760504110004
28902294420
1760504111003
28921633589
1760504112005
28940756998
1760504113003
28960189620
1760504114004
28979133070
1760504115003
28998231035
1760504116003
29017407978
1760504117003
29036230100
1760504118003
29055383481
1760504119004
29074984877
1760504120003
29094348098
1760504121004
29113518249
1760504122004
29133118023
1760504123003
29152694633
1760504124004
29171976014
1760504125003
29191369881
1760504126003
29210626859
1760504127003
29229874550
1760504128003
29250402422
1760504129004
29269612459
1760504130005
29289189467
1760504131004
29309940674
1760504132003
29329544610
1760504133003
29349039349
1760504134003
29368851182
1760504135003
29388875868
1760504136003
29408089455
1760504137005
29427441384
1760504138004
29446540068
1760504139003
29466087318
1760504140003
29485643625
1760504141003
29505195678
1760504142004
29524799828
1760504143003
29544749498
1760504144004
29563479988
1760504145003
29582754805
1760504146003
29602878543
1760504147003
29622530950
1760504148003
29642121789
1760504149003
29662061759
1760504150003
29681783321
1760504151003
29701681537
1760504152005
29721065994
1760504153004
29740654493
1760504154003
29760454284
1760504155003
29781558783
1760504156003
29802282694
1760504157003
29822177483
1760504158004
29841881052
1760504159003
29860900987
1760504160003
29880508488
1760504161003
29900894116
1760504162004
29920663583
1760504163005
29940273455
1760504164004
29959960715
1760504165003
29979156217
1760504166003
29998576568
1760504167004
30018293892
1760504168003
30038004026
1760504169003
30057951232
1760504170003
30077887392
1760504171005
30097400921
1760504172005
30116515991
1760504173004
30136229720
1760504174003
30156382467
1760504175007
30176677228
1760504176004
30197285701
1760504177004
30217710375
1760504178005
30236559179
1760504179003
30255541736
1760504180004
30274210230
1760504181003
30293367926
1760504182004
30313096128
1760504183013
30332596361
1760504184004
30351997220
1760504185003
30371257717
1760504186003
30389987548
1760504187004
30410080120
1760504188003
30430738838
1760504189004
30450295497
1760504190004
30469800044
1760504191003
30489376440
1760504192004
30508618822
1760504193005
30527963820
1760504194005
30547643277
1760504195004
30567156362
1760504196004
30586197258
1760504197004
30605648056
1760504198004
30624889734
1760504199004
30644436279
1760504200004
30664064511
1760504201004
30683421934
1760504202004
30702764913
1760504203004
30722949407
1760504204003
30742587126
1760504205005
30762495333
1760504206005
30782509660
1760504207005
30801971949
1760504208003
30821403561
1760504209004
30841485270
1760504210004
30861292084
1760504211004
30881263755
1760504212004
30901699078
1760504213004
30921564123
1760504214004
30940930818
1760504215005
30960728635
1760504216004
30981089401
1760504217004
31001303409
1760504218004
31021358710
1760504219005
31041122959
1760504220005
31060763325
1760504221004
31081229109
1760504222004
31101766116
1760504223004
31121734100
1760504224003
31142143183
1760504225004
31162318329
1760504226004
31182236466
1760504227004
31202400198
1760504228003
31221827037
1760504229003
31241630607
1760504230005
31261701866
1760504231004
31281659890
1760504232004
31300942204
1760504233004
31320762972
1760504234003
31340640564
1760504235004
31360873834
1760504236005
31381093978
1760504237005
31401028715
1760504238004
31420536597
1760504239003
31440480270
1760504240004
31459824060
1760504241003
31480003536
1760504242004
31500649555
1760504243003
31520488315
1760504244004
31540017969
1760504245003
31559708060
1760504246003
31578347575
1760504247003
31597475941
1760504248004
31617544860
1760504249005
31637006903
1760504250003
31657143708
1760504251005
31677203935
1760504252005
31696622695
1760504253004
31716055547
1760504254004
31736061949
1760504255004
31755773107
1760504256004
31775444348
1760504257003
31795003547
1760504258004
31814333811
1760504259004
31833981658
1760504260004
31854081773
1760504261003
31873865071
1760504262005
31893390671
1760504263004
31912921702
1760504264005
31932307736
1760504265004
31951983276
1760504266005
31971987245
1760504267004
31991756391
1760504268004
32011206271
1760504269003
32030930036
1760504270004
32050642235
1760504271003
32070440404
1760504272004
32090487321
1760504273004
32110186576
1760504274004
32129418783
1760504275004
32150457385
1760504276005
32170659444
1760504277006
32190462019
1760504278004
32210656306
1760504279003
32230977949
1760504280007
32251755579
1760504281003
32273382098
1760504282004
32293510977
1760504283004
32312351994
1760504284003
32331255909
1760504285005
32349702843
1760504286004
32368305226
1760504287004
32387342435
1760504288004
32405456196
1760504289005
32423857093
1760504290026
32442618825
1760504291004
32461459551
1760504292004
32480742264
1760504293006
32500637389
1760504294004
32520464613
1760504295003
32540322560
1760504296009
32560527908
1760504297004
32580025968
1760504298003
32599614941
1760504299005
32619741800
1760504300004
32639583330
1760504301004
32659194472
1760504302004
32679139383
1760504303005
32698950833
1760504304004
32719006655
1760504305004
32739512832
1760504306004
32759608035
1760504307004
32779596996
1760504308004
32799923994
1760504309004
32820117822
1760504310004
32840151473
1760504311004
32860588249
1760504312003
32880388178
1760504313004
32899972392
1760504314004
32919868895
1760504315004
32939607104
1760504316004
32959281297
1760504317004
32979669511
1760504318003
32999581069
1760504319004
33019590439
1760504320004
33039704906
1760504321003
33059449586
1760504322003
33079170843
1760504323003
33099413110
1760504324003
33119569452
1760504325003
33139783506
1760504326005
33159717769
1760504327003
33180300936
1760504328004
33201051239
1760504329003
33221640021
1760504330003
33241395519
1760504331004
33261235289
1760504332005
33281757944
1760504333004
33302160509
1760504334004
33321682590
1760504335003
33341673891
1760504336003
33360940370
1760504337005
33380694537
1760504338003
33400901247
1760504339003
33419592660
1760504340003
33438114198
1760504341003
33457491311
1760504342006
33477301032
1760504343003
33496492495
1760504344005
33516296004
1760504345005
33535676116
1760504346004
33555077266
1760504347003
33574764618
1760504348005
33593094706
1760504349006
33610854732
1760504350004
33629306440
1760504351004
33648087909
1760504352005
33667646894
1760504353008
33687904384
1760504354004
33706988105
1760504355004
33726291411
1760504356003
33745740297
1760504357004
33765055353
1760504358004
33784443590
1760504359005
33804120063
1760504360003
33823008678
1760504361004
33842118623
1760504362003
33861987050
1760504363005
33881641583
1760504364004
33901238358
1760504365003
33920919406
1760504366003
33939862030
1760504367004
33958790777
1760504368004
33978277469
1760504369003
33997548431
1760504370004
34017405414
1760504371004
34038330321
1760504372004
34057496784
1760504373004
34075722175
1760504374004
34094678217
1760504375003
34113627542
1760504376006
34133045002
1760504377005
34152698816
1760504378003
34171259659
1760504379005
34189990317
1760504380004
34209190088
1760504381022
34228585775
1760504382008
34248257077
1760504383003
34268449558
1760504384003
34288339130
1760504385003
34307468919
1760504386003
34326827794
1760504387005
34347184704
1760504388004
34366490076
1760504389003
34386235369
1760504390004
34405692425
1760504391004
34425078534
1760504392003
34444669695
1760504393003
34464805137
1760504394003
34484577756
1760504395003
34504654722
1760504396004
34524263844
1760504397003
34544437430
1760504398006
34564549693
1760504399003
34583827815
1760504400004
34602611840
1760504401004
34622336018
1760504402004
34642030744
1760504403004
34662102753
1760504404005
34682666504
1760504405004
34702730220
1760504406004
34721755388
1760504407003
34740970612
1760504408004
34760452392
1760504409004
34780354311
1760504410004
34800585930
1760504411004
34820708535
1760504412005
34840509459
1760504413004
34859827285
1760504414003
34879370235
1760504415003
34899126345
1760504416005
34919375191
1760504417005
34940133359
1760504418004
34960263569
1760504419006
34980669668
1760504420004
35000662882
1760504421004
35020625465
1760504422003
35040743313
1760504423004
35059979819
1760504424003
35079668073
1760504425004
35100116202
1760504426005
35119685652
1760504427004
35139495312
1760504428004
35159951794
1760504429005
35179404260
1760504430005
35198943217
1760504431004
35218979485
1760504432004
35238794989
1760504433005
35258440954
1760504434005
35278435652
1760504435005
35297956325
1760504436003
35318831125
1760504437004
35339911450
1760504438006
35360456137
1760504439006
35379999714
1760504440004
35399453588
1760504441005
35418855487
1760504442003
35438307249
1760504443004
35458273504
1760504444004
35477932046
1760504445005
35498656340
1760504446005
35519531445
1760504447004
35539912943
1760504448006
35560025894
1760504449005
35580177800
1760504450005
35600307306
1760504451005
35620841237
1760504452005
35641454040
1760504453005
35661422376
1760504454005
35681636690
1760504455005
35701699182
1760504456004
35721687194
1760504457005
35742733843
1760504458004
35763602661
1760504459003
35784259099
1760504460003
35804748017
1760504461005
35824973929
1760504462006
35844942892
1760504463005
35865059913
1760504464004
35885459556
1760504465004
35905851427
1760504466005
35926356640
1760504467004
35946829478
1760504468004
35967084169
1760504469004
35987205536
1760504470004
36007530239
1760504471005
36027570990
1760504472005
36047766118
1760504473003
36068445292
1760504474004
36088506086
1760504475004
36109036620
1760504476003
36129751795
1760504477003
36149930659
1760504478004
36170518186
1760504479003
36191359663
1760504480005
36211939892
1760504481004
36232051482
1760504482003
36252646230
1760504483035
36272132937
1760504484010
36291179326
1760504485005
36310902372
1760504486004
36330209045
1760504487003
36349327435
1760504488003
36368538008
1760504489004
36387544968
1760504490004
36406787809
1760504491003
36426069144
1760504492003
36445386756
1760504493003
36464685059
1760504494003
36484026615
1760504495006
36503503821
1760504496004
36522500990
1760504497004
36541788231
1760504498004
36561194797
1760504499004
36580426683
1760504500005
36599883525
1760504501004
36618743452
1760504502005
36638171683
1760504503004
36657295245
1760504504004
36676229148
1760504505004
36695144400
1760504506003
36714265024
1760504507003
36733121448
1760504508003
36751923801
1760504509004
36771022424
1760504510004
36789765521
1760504511004
36808544741
1760504512005
36827555220
1760504513004
36846409977
1760504514005
36865125931
1760504515004
36884044871
1760504516004
36902579398
1760504517005
36920858292
1760504518004
36939594978
1760504519004
36958450423
1760504520008
36977327410
1760504521004
36996577931
1760504522004
37015510534
1760504523004
37034064737
1760504524005
37053216160
1760504525004
37072303751
1760504526004
37091267107
1760504527006
37110393009
1760504528005
37128838077
1760504529005
37148214349
1760504530004
37166601017
1760504531003
37184989383
1760504532004
37203503975
1760504533004
37222372654
1760504534004
37240840901
1760504535004
37259939371
1760504536005
37279250557
1760504537004
37298834572
1760504538003
37317162534
1760504539004
37334963763
1760504540004
37352571859
1760504541003
37369881193
1760504542003
37387440621
1760504543004
37404922691
1760504544004
37422534445
1760504545004
37440689624
1760504546004
37458628292
1760504547004
37476660995
1760504548004
37495311052
1760504549003
37513465191
1760504550005
37532279340
1760504551004
37550868596
1760504552004
37569125826
1760504553004
37588530448
1760504554004
37605966191
1760504555003
37623197403
1760504556003
37640479043
1760504557004
37658472792
1760504558005
37676803997
1760504559005
37694160302
1760504560003
37713259980
1760504561004
37731956672
1760504562004
37748856471
1760504563004
37765941950
1760504564006
37782513105
1760504565005
37799555071
1760504566005
37817306315
1760504567004
37835108079
1760504568004
37853146197
1760504569004
37871796270
1760504570003
37889156476
1760504571003
37907464946
1760504572027
37925670370
1760504573005
37943215385
1760504574006
37961004037
1760504575004
37979167004
1760504576003
37997682972
1760504577003
38015861131
1760504578003
38033984456
1760504579004
38052245954
1760504580006
38070135938
1760504581004
38088292907
1760504582004
38106409056
1760504583004
38124083417
1760504584005
38142296935
1760504585005
38160655680
1760504586006
38179019322
1760504587005
38197511192
1760504588004
38216210699
1760504589005
38234985758
1760504590004
38253369014
1760504591003
38272071015
1760504592003
38289625776
1760504593003
38307774437
1760504594003
38325571228
1760504595003
38343984381
1760504596004
38362287694
1760504597004
38380401594
1760504598003
38399210817
1760504599004
38418663405
1760504600006
38437415667
1760504601004
38456096844
1760504602004
38474784922
1760504603004
38493661068
1760504604003
38512946289
1760504605006
38532729862
1760504606008
38551272422
1760504607005
38571110402
1760504608004
38591334768
1760504609005
38610801341
1760504610004
38628791708
1760504611003
38647714121
1760504612003
38666112401
1760504613005
38684539920
1760504614004
38703270394
1760504615003
38721752228
1760504616003
38740293732
1760504617007
38759533375
1760504618004
38777997721
1760504619005
38796350209
1760504620003
38815480640
1760504621004
38833870077
1760504622003
38852204557
1760504623003
38871301007
1760504624005
38889414968
1760504625003
38907521401
1760504626004
38926336117
1760504627003
38945389865
1760504628004
38964974553
1760504629004
38983780594
1760504630003
39002142553
1760504631003
39020321508
1760504632004
39039185628
1760504633005
39058619259
1760504634004
39077709222
1760504635004
39096675729
1760504636004
39114437928
1760504637004
39133376283
1760504638004
39152097868
1760504639005
39170619161
1760504640004
39189801536
1760504641005
39209128802
1760504642003
39227601853
1760504643003
39245866963
1760504644006
39264372925
1760504645005
39283288927
1760504646004
39302676245
1760504647007
39321845309
1760504648006
39340161475
1760504649003
39358881346
1760504650003
39378260005
1760504651004
39397587087
1760504652003
39417546672
1760504653004
39437146737
1760504654004
39455648583
1760504655004
39474101637
1760504656003
39492991140
1760504657004
39512117578
1760504658004
39531157219
1760504659005
39550267394
1760504660004
39568816456
1760504661003
39587846978
1760504662003
39607479923
1760504663004
39626768235
1760504664005
39646109669
1760504665003
39665553429
1760504666005
39684337683
1760504667005
39703242118
1760504668004
39722271799
1760504669005
39740900697
1760504670004
39759112822
1760504671003
39778830085
1760504672003
39798293965
1760504673004
39817383668
1760504674005
39836437507
1760504675004
39855159444
1760504676004
39873984503
1760504677004
39893010405
1760504678003
39911729205
1760504679003
39930635553
1760504680005
39949770605
1760504681003
39968523203
1760504682004
39987255330
1760504683003
40006295828
1760504684005
40025108493
1760504685003
40044183799
1760504686003
40063291525
1760504687003
40082205003
1760504688003
40100849001
1760504689004
40119997640
1760504690003
40138563716
1760504691003
40157064216
1760504692003
40176360285
1760504693005
40195179132
1760504694004
40213757157
1760504695005
40232858641
1760504696005
40251618108
1760504697003
40270286862
1760504698003
40289193440
1760504699004
40307959838
1760504700004
40327129606
1760504701004
40346004558
1760504702003
40364348983
1760504703003
40383166407
1760504704003
40401754209
1760504705005
40419804613
1760504706004
40438283708
1760504707003
40456928610
1760504708003
40475426784
1760504709003
40493968242
1760504710005
40512538999
1760504711004
40530845174
1760504712004
40548845884
1760504713003
40567741812
1760504714004
40585946303
1760504715006
40603758242
1760504716004
40622884803
1760504717005
40640664810
1760504718004
40658372112
1760504719004
40676619611
1760504720004
40694365500
1760504721004
40712490308
1760504722003
40731153753
1760504723004
40749467654
1760504724003
40767635532
1760504725004
40786036414
1760504726006
40803785424
1760504727004
40821443689
1760504728004
40839768147
1760504729005
40858015753
1760504730005
40876002234
1760504731004
40894462128
1760504732004
40913095203
1760504733004
40931918578
1760504734004
40949908487
1760504735003
40967580629
1760504736003
40986025116
1760504737003
41005246368
1760504738003
41024688751
1760504739004
41044123836
1760504740004
41061843455
1760504741003
41078466645
1760504742003
41095847353
1760504743003
41113883850
1760504744004
41131279521
1760504745005
41148429429
1760504746003
41164590069
1760504747009
41181737254
1760504748005
41199127938
1760504749006
41216566373
1760504750004
41233922157
1760504751003
41251210851
1760504752003
41270883178
1760504753050
41288690802
1760504754004
41307388917
1760504755004
41325906767
1760504756004
41343674473
1760504757004
41361070558
1760504758004
41379005692
1760504759004
41396748138
1760504760004
41414632507
1760504761003
41433449274
1760504762004
41451772645
1760504763003
41470056115
1760504764006
41488212196
1760504765005
41506623222
1760504766004
41526194615
1760504767013
41546135319
1760504768004
41565994719
1760504769015
41584148551
1760504770003
41601830195
1760504771003
41619268324
1760504772004
41636758611
1760504773003
41654203151
1760504774005
41671420011
1760504775005
41688638234
1760504776004
41706133661
1760504777004
41723740075
1760504778003
41741629585
1760504779003
41759742092
1760504780003
41778666494
1760504781008
41797290755
1760504782004
41815905975
1760504783005
41833535445
1760504784004
41851972420
1760504785004
41871294208
1760504786004
41889505860
1760504787005
41908013902
1760504788004
41927301358
1760504789004
41946091609
1760504790004
41965217757
1760504791004
41984704020
1760504792005
42004593806
1760504793005
42024003478
1760504794003
42043549656
1760504795005
42063254067
1760504796003
42081775008
1760504797003
42100728648
1760504798005
42118819016
1760504799005
42136872511
1760504800005
42155167425
1760504801003
42173436742
1760504802003
42191792611
1760504803003
42210369458
1760504804003
42228563866
1760504805004
42246302089
1760504806004
42264483110
1760504807004
42282653420
1760504808004
42301303875
1760504809003
42320293348
1760504810003
42339091127
1760504811004
42357304033
1760504812004
42376666489
1760504813004
42395889485
1760504814004
42415402356
1760504815004
42435298567
1760504816004
42454557473
1760504817003
42473185605
1760504818003
42492163725
1760504819004
42510443569
1760504820003
42529124150
1760504821004
42548276674
1760504822003
42566780953
1760504823004
42585339563
1760504824004
42603983653
1760504825003
42622531109
1760504826004
42641033062
1760504827005
42659803622
1760504828003
42678115993
1760504829003
42696113720
1760504830003
42714650664
1760504831003
42733295290
1760504832004
42752097782
1760504833004
42771060724
1760504834003
42789514146
1760504835003
42807685374
1760504836003
42826986416
1760504837003
42846445752
1760504838003
42865219663
1760504839004
42884497693
1760504840005
42903266509
1760504841004
42921592543
1760504842003
42940562417
1760504843003
42959370156
1760504844003
42978192782
1760504845003
42997280526
1760504846004
43015870623
1760504847003
43034545558
1760504848004
43053490508
1760504849004
43072384616
1760504850003
43091928254
1760504851004
43112055374
1760504852003
43132126587
1760504853012
43152323444
1760504854003
43171835289
1760504855005
43190232208
1760504856004
43208510368
1760504857003
43227466074
1760504858004
43246718125
1760504859003
43265410318
1760504860004
43284582289
1760504861003
43303151150
1760504862003
43321863096
1760504863003
43341054773
1760504864003
43359760905
1760504865004
43378772532
1760504866004
43398246341
1760504867006
43417441675
1760504868006
43436095619
1760504869004
43455321125
1760504870005
43474378713
1760504871003
43493411806
1760504872004
43512692606
1760504873004
43531879035
1760504874003
43551369093
1760504875003
43571123474
1760504876004
43589951822
1760504877005
43608882956
1760504878004
43628403277
1760504879003
43647971518
1760504880003
43667107519
1760504881003
43686235181
1760504882003
43704942858
1760504883005
43723644400
1760504884004
43742997845
1760504885004
43762129500
1760504886005
43781342552
1760504887005
43800287318
1760504888004
43818811012
1760504889003
43837632552
1760504890004
43857030152
1760504891004
43876486198
1760504892006
43895542991
1760504893005
43914309068
1760504894004
43932876307
1760504895003
43951937445
1760504896003
43971376140
1760504897004
43990217555
1760504898004
44008691157
1760504899004
44027735756
1760504900004
44046555659
1760504901005
44066606202
1760504902003
44086081419
1760504903003
44105949035
1760504904003
44125973568
1760504905005
44145180101
1760504906004
44163580478
1760504907003
44182915547
1760504908003
44202723156
1760504909004
44222014085
1760504910004
44241245037
1760504911003
44260842257
1760504912003
44280509106
1760504913003
44299437853
1760504914004
44319075480
1760504915004
44338380882
1760504916004
44357852656
1760504917005
44377374401
1760504918004
44396440587
1760504919005
44415288413
1760504920004
44434316426
1760504921003
44453509389
1760504922003
44472905535
1760504923003
44492506549
1760504924004
44511664138
1760504925004
44530824756
1760504926003
44550450403
1760504927004
44570444244
1760504928003
44590734630
1760504929003
44610660753
1760504930004
44628884323
1760504931003
44647425046
1760504932003
44665679675
1760504933003
44684121025
1760504934004
44702884395
1760504935003
44721801911
1760504936006
44740777889
1760504937005
44759159172
1760504938003
44777381043
1760504939003
44795988704
1760504940006
44814980824
1760504941003
44834072944
1760504942004
44853533534
1760504943004
44873149450
1760504944003
44892273471
1760504945004
44911361583
1760504946003
44930389351
1760504947004
44949915349
1760504948003
44969114508
1760504949006
44987735862
1760504950004
45006738003
1760504951003
45025933429
1760504952004
45044969077
1760504953003
45064284256
1760504954004
45083466432
1760504955004
45102153837
1760504956004
45121158962
1760504957003
45141019540
1760504958003
45160875405
1760504959005
45180804359
1760504960005
45199966630
1760504961005
45219251882
1760504962004
45238734688
1760504963003
45257806811
1760504964004
45276717489
1760504965004
45296205787
1760504966004
45315263085
1760504967004
45334941792
1760504968004
45354348266
1760504969003
45373276233
1760504970005
45392132060
1760504971003
45411577472
1760504972003
45430911822
1760504973003
45449893323
1760504974004
45469264638
1760504975004
45488592623
1760504976005
45508143560
1760504977004
45527458586
1760504978003
45546698841
1760504979004
45566337248
1760504980004
45586723626
1760504981004
45606471167
1760504982006
45625407870
1760504983004
45645057339
1760504984003
45664258456
1760504985004
45683629434
1760504986004
45702878976
1760504987003
45721835784
1760504988003
45740840510
1760504989003
45760218985
1760504990004
45778984129
1760504991004
45798142575
1760504992004
45817530781
1760504993004
45836495146
1760504994003
45855500883
1760504995003
45875087514
1760504996003
45894095684
1760504997004
45912937144
1760504998004
45932153516
1760504999003
45951335707
1760505000005
45970182706
1760505001004
45989448114
1760505002003
46008213916
1760505003004
46027679968
1760505004003
46048269714
1760505005004
46068115849
1760505006004
46085957515
1760505007005
46104342301
1760505008005
46122939666
1760505009005
46141479135
1760505010003
46160336002
1760505011004
46179511370
1760505012003
46198209790
1760505013004
46217013521
1760505014003
46235577348
1760505015004
46254338697
1760505016005
46273770477
1760505017003
46292127494
1760505018003
46310555457
1760505019003
46329248828
1760505020004
46347819953
1760505021003
46366502278
1760505022005
46385645837
1760505023004
46404316228
1760505024003
46423084095
1760505025005
46442483256
1760505026003
46461475575
1760505027004
46479957745
1760505028003
46498808171
1760505029003
46517823792
1760505030004
46537010726
1760505031003
46556538743
1760505032036
46575366495
1760505033004
46594345120
1760505034004
46613602434
1760505035004
46632464366
1760505036004
46651639382
1760505037003
46671057943
1760505038004
46690210972
1760505039003
46709386401
1760505040003
46729096871
1760505041003
46748698313
1760505042003
46767931163
1760505043003
46787469354
1760505044004
46806611552
1760505045004
46826213820
1760505046005
46845901967
1760505047003
46865203835
1760505048003
46884677323
1760505049004
46904428139
1760505050004
46924634558
1760505051004
46944305309
1760505052005
46964612800
1760505053003
46984707713
1760505054003
47004613671
1760505055003
47024836875
1760505056004
47045137695
1760505057012
47065288162
1760505058004
47086061140
1760505059004
47104873730
1760505060004
47123584696
1760505061004
47142985846
1760505062003
47162104022
1760505063003
47181337300
1760505064006
47201806512
1760505065005
47220340825
1760505066005
47239259505
1760505067003
47259301908
1760505068006
47278403300
1760505069003
47297355716
1760505070004
47317203840
1760505071003
47337288517
1760505072004
47356855917
1760505073003
47376901564
1760505074003
47395996178
1760505075004
47414858538
1760505076004
47434224528
1760505077004
47453871320
1760505078003
47473315462
1760505079003
47493481551
1760505080003
47512694388
1760505081004
47532000081
1760505082003
47552018647
1760505083003
47571501621
1760505084005
47590742014
1760505085003
47609980402
1760505086003
47628947720
1760505087003
47647677322
1760505088003
47666802384
1760505089003
47686217778
1760505090003
47706107227
1760505091004
47726645289
1760505092004
47746310241
1760505093004
47764997753
1760505094004
47783958400
1760505095004
47802983874
1760505096005
47822452282
1760505097004
47843054130
1760505098004
47863568661
1760505099004
47883269767
1760505100003
47902355752
1760505101003
47920919655
1760505102004
47940328149
1760505103005
47960228293
1760505104003
47980316030
1760505105003
48000448902
1760505106003
48020725579
1760505107004
48040339506
1760505108003
48060312967
1760505109003
48079955291
1760505110003
48100430286
1760505111003
48121159614
1760505112004
48141749206
1760505113003
48161278218
1760505114005
48180651751
1760505115003
48200160368
1760505116003
48219517944
1760505117004
48238907664
1760505118004
48258714830
1760505119003
48278490784
1760505120003
48298812902
1760505121004
48318441363
1760505122003
48337698923
1760505123004
48357516615
1760505124004
48378665866
1760505125004
48398774350
1760505126003
48418767809
1760505127003
48439045633
1760505128004
48459142688
1760505129004
48478816927
1760505130004
48498411041
1760505131003
48518003731
1760505132003
48539110953
1760505133003
48559966827
1760505134003
48580343199
1760505135003
48600422873
1760505136004
48620282472
1760505137003
48640158288
1760505138004
48660367462
1760505139004
48680975475
1760505140004
48701097531
1760505141004
48721244219
1760505142003
48741168429
1760505143003
48760846203
1760505144004
48780715502
1760505145004
48801043098
1760505146004
48821152882
1760505147003
48841050792
1760505148003
48861316453
1760505149005
48881037526
1760505150004
48900825949
1760505151003
48921052916
1760505152003
48941128016
1760505153003
48961373802
1760505154004
48981931326
1760505155003
49002190882
1760505156004
49021723673
1760505157005
49041750042
1760505158004
49061565332
1760505159003
49081351077
1760505160004
49101940410
1760505161004
49121673631
1760505162003
49141695241
1760505163005
49161610364
1760505164004
49181181466
1760505165004
49200909286
1760505166003
49221344394
1760505167003
49241477940
1760505168003
49261604677
1760505169003
49282197666
1760505170003
49301908549
1760505171003
49321465345
1760505172004
49342385571
1760505173003
49363022287
1760505174003
49383181552
1760505175004
49403296845
1760505176004
49422868329
1760505177003
49442796931
1760505178004
49462625088
1760505179004
49482195165
1760505180005
49501762259
1760505181003
49521651081
1760505182003
49540930045
1760505183003
49560410219
1760505184003
49580307043
1760505185003
49599858484
1760505186003
49619254769
1760505187003
49638986857
1760505188004
49658236231
1760505189004
49677509733
1760505190003
49697520251
1760505191004
49716789805
1760505192004
49735618965
1760505193003
49755969969
1760505194004
49775161876
1760505195004
49794288957
1760505196004
49813746839
1760505197006
49832884170
1760505198004
49851751840
1760505199004
49870889891
1760505200004
49890124668
1760505201004
49909156675
1760505202003
49928284138
1760505203003
49947552346
1760505204003
49966785777
1760505205005
49986509451
1760505206004
50005678071
1760505207003
50024631589
1760505208003
50043815218
1760505209003
50063053744
1760505210003
50082954102
1760505211004
50103626835
1760505212005
50124329173
1760505213004
50144068713
1760505214004
50162745897
1760505215003
50181280317
1760505216004
50200158024
1760505217003
50219718079
1760505218004
50239135477
1760505219005
50258229525
1760505220004
50277424095
1760505221021
50295747726
1760505222005
50314653753
1760505223005
50334173187
1760505224004
50354112636
1760505225004
50372650178
1760505226003
50391360441
1760505227029
50407494964
1760505228009
50426195220
1760505229007
50445402764
1760505230004
50465854565
1760505231016
50485266822
1760505232003
50503410756
1760505233003
50521175050
1760505234005
50539103253
1760505235006
50557806463
1760505236004
50576219523
1760505237004
50594399626
1760505238003
50614176375
1760505239003
50633396817
1760505240006
50652581915
1760505241004
50671291627
1760505242013
50689868275
1760505243004
50708660990
1760505244005
50727657393
1760505245004
50746513970
1760505246004
50765343894
1760505247003
50784428701
1760505248005
50803563769
1760505249005
50822502078
1760505250003
50842247799
1760505251003
50861488100
1760505252005
50880607776
1760505253006
50900340690
1760505254004
50919840433
1760505255005
50939479422
1760505256004
50958931719
1760505257004
50978361556
1760505258003
50998131742
1760505259004
51018363422
1760505260004
51037465502
1760505261003
51056480817
1760505262003
51076176139
1760505263004
51095213027
1760505264005
51114545648
1760505265004
51133859113
1760505266003
51153001509
1760505267004
51172885083
1760505268004
51192575785
1760505269004
51212395818
1760505270004
51232359473
1760505271005
51252657218
1760505272004
51272349618
1760505273005
51291949423
1760505274005
51312126007
1760505275003
51331555034
1760505276004
51351496396
1760505277004
51372402882
1760505278005
51392653579
1760505279003
51412244480
1760505280005
51431949304
1760505281004
51452000321
1760505282003
51471868488
1760505283003
51492031792
1760505284004
51510975624
1760505285004
51529562294
1760505286004
51548764253
1760505287021
51568214699
1760505288007
51587547121
1760505289004
51607403645
1760505290003
51626968535
1760505291003
51646808076
1760505292003
51666728951
1760505293004
51685894129
1760505294004
51704739965
1760505295005
51723365053
1760505296003
51742529145
1760505297003
51761974649
1760505298004
51781886620
1760505299004
51801108316
1760505300004
51820655978
1760505301004
51840918273
1760505302003
51860637326
1760505303005
51880234010
1760505304004
51899667137
1760505305003
51918644736
1760505306006
51937603793
1760505307003
51957277527
1760505308004
51976429669
1760505309004
51995659780
1760505310006
52015010914
1760505311003
52033917293
1760505312003
52052300334
1760505313003
52071331545
1760505314003
52090117268
1760505315003
52109378683
1760505316004
52129177770
1760505317003
52148209823
1760505318003
52168002239
1760505319003
52187677825
1760505320003
52207116521
1760505321003
52226976931
1760505322003
52246948113
1760505323004
52266369948
1760505324003
52286233984
1760505325004
52305985764
1760505326003
52325762666
1760505327004
52344427473
1760505328004
52363385136
1760505329004
52383163079
1760505330004
52403026717
1760505331004
52423332082
1760505332004
52442830723
1760505333006
52462394649
1760505334004
52482138795
1760505335004
52501721632
1760505336005
52521596806
1760505337004
52542668624
1760505338004
52562413274
1760505339003
52580926182
1760505340003
52600224225
1760505341003
52618822125
1760505342004
52637165433
1760505343007
52656934991
1760505344004
52675381742
1760505345004
52694566902
1760505346004
52714409839
1760505347004
52733536751
1760505348003
52752678780
1760505349004
52771894280
1760505350003
52791163207
1760505351003
52810595951
1760505352003
52830578057
1760505353003
52850221941
1760505354005
52869587702
1760505355003
52889201154
1760505356003
52907806551
1760505357003
52926906153
1760505358003
52946895848
1760505359003
52966814841
1760505360003
52987227948
1760505361004
53007758146
1760505362003
53027260047
1760505363004
53046241181
1760505364007
53066352143
1760505365006
53086330241
1760505366004
53106284133
1760505367003
53126633042
1760505368006
53146579759
1760505369006
53166593352
1760505370006
53186814995
1760505371004
53206305665
1760505372003
53225905271
1760505373006
53245700962
1760505374004
53265275216
1760505375004
53284941117
1760505376004
53305116385
1760505377004
53325246289
1760505378004
53345119842
1760505379004
53365200021
1760505380004
53384648264
1760505381004
53404064208
1760505382003
53423686642
1760505383004
53443363069
1760505384003
53463203390
1760505385007
53483644251
1760505386004
53503732126
1760505387006
53523965305
1760505388004
53544393666
1760505389004
53563956491
1760505390005
53583698204
1760505391005
53604531051
1760505392004
53625240534
1760505393006
53646242859
1760505394005
53666234650
1760505395004
53687188796
1760505396005
53707619085
1760505397004
53728102327
1760505398004
53747893076
1760505399004
53767861733
1760505400004
53788141072
1760505401004
53807868005
1760505402004
53827578582
1760505403005
53847417969
1760505404004
53867031208
1760505405004
53886657451
1760505406005
53906966793
1760505407004
53926754742
1760505408005
53946923585
1760505409005
53967257101
1760505410003
53987120143
1760505411003
54006843113
1760505412004
54027297239
1760505413004
54046843218
1760505414004
54066010554
1760505415004
54085940242
1760505416004
54105582336
1760505417005
54125236119
1760505418004
54145329808
1760505419005
54165375837
1760505420005
54185518593
1760505421005
54205639149
1760505422005
54225461860
1760505423004
54244937796
1760505424004
54264761210
1760505425004
54284162941
1760505426003
54304125326
1760505427005
54324504008
1760505428005
54344269221
1760505429004
54364225684
1760505430006
54384130403
1760505431004
54404040951
1760505432004
54424838944
1760505433004
54444916247
1760505434004
54464447676
1760505435005
54483916972
1760505436005
54503564620
1760505437003
54523086471
1760505438004
54542338752
1760505439005
54562197402
1760505440004
54581819102
1760505441004
54601352979
1760505442004
54621092886
1760505443004
54640731522
1760505444005
54660413840
1760505445005
54680355202
1760505446004
54699712701
1760505447005
54719247986
1760505448005
54739434637
1760505449005
54759076946
1760505450004
54778690689
1760505451004
54798548482
1760505452004
54818720262
1760505453004
54839342352
1760505454003
54858971365
1760505455004
54877146862
1760505456004
54895722118
1760505457005
54914661758
1760505458005
54933402988
1760505459005
54953123939
1760505460011
54972783551
1760505461004
54991481345
1760505462003
55010592100
1760505463003
55029786639
1760505464003
55049296602
1760505465004
55068505461
1760505466004
55088291850
1760505467004
55107730500
1760505468004
55126916424
1760505469005
55145575249
1760505470003
55164592613
1760505471003
55184434510
1760505472003
55204416264
1760505473003
55224430133
1760505474003
55243254825
1760505475003
55262665108
1760505476022
55281879873
1760505477006
55300639418
1760505478004
55319833451
1760505479004
55338796654
1760505480003
55358285518
1760505481004
55377896125
1760505482003
55397219933
1760505483004
55416797553
1760505484005
55436611114
1760505485004
55456047316
1760505486005
55475476740
1760505487004
55495331352
1760505488004
55514784812
1760505489005
55534402640
1760505490004
55554171939
1760505491003
55573169719
1760505492003
55591701094
1760505493003
55611084833
1760505494004
55630565573
1760505495004
55649816783
1760505496004
55668932190
1760505497003
55688308752
1760505498005
55707709902
1760505499004
55727243825
1760505500003
55746289464
1760505501004
55765627455
1760505502003
55785768345
1760505503004
55805269587
1760505504004
55824956908
1760505505004
55844980431
1760505506004
55864490058
1760505507003
55883840748
1760505508003
55904021693
1760505509003
55923251987
1760505510003
55942759457
1760505511004
55962181736
1760505512003
55981573751
1760505513004
56001457096
1760505514004
56021291955
1760505515005
56040093375
1760505516005
56059232313
1760505517004
56078745918
1760505518004
56097556044
1760505519003
56116420118
1760505520003
56135386992
1760505521003
56153808712
1760505522004
56172365593
1760505523003
56190760446
1760505524004
56209598678
1760505525003
56228629415
1760505526004
56247829461
1760505527003
56266019876
1760505528005
56283853617
1760505529004
56302948002
1760505530004
56321370304
1760505531003
56339841474
1760505532005
56359014148
1760505533004
56378475886
1760505534005
56397334590
1760505535003
56417110130
1760505536007
56436550586
1760505537004
56455161689
1760505538004
56473724246
1760505539003
56492199853
1760505540003
56511280881
1760505541003
56530531157
1760505542004
56549600388
1760505543004
56568266817
1760505544003
56587171298
1760505545004
56605984851
1760505546004
56624761424
1760505547003
56643615691
1760505548004
56662525343
1760505549004
56681291359
1760505550006
56700574653
1760505551004
56719681278
1760505552004
56738620123
1760505553004
56758323371
1760505554003
56777999370
1760505555005
56796884420
1760505556005
56815422084
1760505557003
56834057147
1760505558005
56852989061
1760505559004
56871675089
1760505560003
56890310856
1760505561003
56908861142
1760505562003
56927828169
1760505563019
56946944969
1760505564004
56967330536
1760505565005
56987302253
1760505566004
57005515143
1760505567004
57023603125
1760505568003
57042570764
1760505569004
57061325826
1760505570003
57080372841
1760505571004
57099157156
1760505572003
57116810847
1760505573003
57135548604
1760505574004
57154635997
1760505575004
57173489422
1760505576004
57192456969
1760505577004
57212165450
1760505578003
57231627463
1760505579004
57250771160
1760505580003
57270359322
1760505581003
57289221146
1760505582004
57308401471
1760505583003
57327872878
1760505584004
57346774605
1760505585004
57365943394
1760505586004
57385677273
1760505587005
57405842000
1760505588004
57425700007
1760505589003
57445833706
1760505590004
57464770133
1760505591005
57483628225
1760505592003
57502904970
1760505593004
57522203640
1760505594004
57541617397
1760505595004
57561848679
1760505596004
57581391231
1760505597004
57600690590
1760505598003
57620329441
1760505599003
57640202106
1760505600003
57659683259
1760505601003
57679408188
1760505602004
57699853027
1760505603003
57719524696
1760505604003
57739074531
1760505605003
57757828001
1760505606004
57776829729
1760505607003
57796269802
1760505608004
57816178667
1760505609004
57835638339
1760505610003
57855485346
1760505611003
57875218154
1760505612004
57895773658
1760505613003
57915967455
1760505614005
57935919450
1760505615004
57955690890
1760505616004
57975520027
1760505617004
57995234199
1760505618004
58014762921
1760505619004
58034402995
1760505620005
58054158921
1760505621003
58074272118
1760505622004
58094321161
1760505623005
58114144912
1760505624004
58134015144
1760505625005
58154116560
1760505626004
58173606587
1760505627004
58193001755
1760505628004
58213262810
1760505629005
58233615926
1760505630005
58253932597
1760505631005
58273984058
1760505632004
58292866920
1760505633003
58311980690
1760505634006
58331454484
1760505635004
58350766098
1760505636005
58370833211
1760505637005
58391222006
1760505638004
58411203944
1760505639004
58430380551
1760505640004
58449914489
1760505641003
58470070388
1760505642005
58489538139
1760505643005
58509807150
1760505644004
58529765281
1760505645004
58549315590
1760505646005
58568767965
1760505647003
58587773472
1760505648004
58607149759
1760505649004
58627241183
1760505650003
58647110008
1760505651005
58667078099
1760505652004
58687174665
1760505653003
58706448319
1760505654003
58725582193
1760505655004
58745149057
1760505656004
58764822088
1760505657004
58784760972
1760505658004
58805246050
1760505659004
58825292293
1760505660004
58844505789
1760505661004
58863858468
1760505662003
58884606828
1760505663003
58904953916
1760505664004
58925902446
1760505665003
58946567346
1760505666005
58966482667
1760505667004
58986791290
1760505668005
59006853431
1760505669005
59026768767
1760505670004
59047170491
1760505671003
59067447306
1760505672004
59088564427
1760505673007
59109995244
1760505674004
59130249507
1760505675003
59149950858
1760505676004
59170094134
1760505677004
59190105815
1760505678004
59210269945
1760505679004
59230744145
1760505680003
59250542054
1760505681004
59270233368
1760505682020
59291977453
1760505683009
59310613679
1760505684005
59329311365
1760505685004
59348383412
1760505686003
59367199398
1760505687003
59386129705
1760505688003
59405674537
1760505689004
59424916995
1760505690005
59444183765
1760505691004
59463517350
1760505692004
59482598669
1760505693004
59501579344
1760505694004
59520702033
1760505695005
59539556223
1760505696004
59558463076
1760505697004
59577766474
1760505698004
59596506098
1760505699003
59615354244
1760505700004
59634570616
1760505701003
59653341298
1760505702004
59672493471
1760505703004
59691794299
1760505704004
59710618210
1760505705004
59729533034
1760505706004
59748932960
1760505707005
59767996821
1760505708004
59787027542
1760505709004
59806189079
1760505710005
59824719658
1760505711004
59843449123
1760505712003
59862384357
1760505713003
59881558669
1760505714003
59900725790
1760505715004
59919944013
1760505716006
59939084511
1760505717003
59957817694
1760505718003
59978480833
1760505719004
59999066662
1760505720004
60018678799
1760505721003
60038197376
1760505722004
60057646109
1760505723003
60076792467
1760505724004
60095806573
1760505725005
60114340855
1760505726004
60132842778
1760505727005
60151410491
1760505728005
60169101667
1760505729003
60187478589
1760505730003
60206212980
1760505731003
60224788618
1760505732003
60243716860
1760505733004
60262836627
1760505734004
60281339697
1760505735014
60299889662
1760505736004
60318459578
1760505737003
60337396954
1760505738004
60356415834
1760505739004
60375959977
1760505740004
60395149528
1760505741003
60413913249
1760505742004
60433176821
1760505743004
60452087269
1760505744005
60471455187
1760505745004
60491144941
1760505746003
60509996117
1760505747004
60528488844
1760505748004
60547485171
1760505749003
60566678516
1760505750005
60585784743
1760505751003
60605158139
1760505752003
60623526141
1760505753005
60642002482
1760505754005
60661159902
1760505755004
60680736038
1760505756004
60699548934
1760505757003
60718119829
1760505758003
60735758112
1760505759003
60754441707
1760505760005
60773711094
1760505761004
60792546709
1760505762003
60811152381
1760505763003
60830431667
1760505764005
60849936719
1760505765003
60869762091
1760505766005
60888674850
1760505767003
60906446351
1760505768004
60924644262
1760505769004
60943144426
1760505770034
60960940177
1760505771003
60980529563
1760505772004
60999575661
1760505773005
61018159331
1760505774004
61037696299
1760505775004
61056756305
1760505776003
61075313812
1760505777004
61093737292
1760505778003
61112503675
1760505779003
61130383638
1760505780008
61148272459
1760505781003
61167022318
1760505782003
61185263560
1760505783004
61203602079
1760505784005
61222200927
1760505785004
61240662351
1760505786004
61258765632
1760505787003
61277133603
1760505788003
61295344933
1760505789004
61313782122
1760505790004
61332523658
1760505791003
61350736257
1760505792006
61368949974
1760505793003
61387735008
1760505794003
61406055412
1760505795004
61424814130
1760505796004
61444003053
1760505797004
61463170679
1760505798005
61482138380
1760505799004
61500371298
1760505800003
61519271709
1760505801003
61538463999
1760505802005
61557647934
1760505803004
61576641109
1760505804003
61595411976
1760505805004
61614145418
1760505806004
61633246963
1760505807004
61652519149
1760505808005
61673348370
1760505809004
61693769999
1760505810004
61712954822
1760505811004
61732169235
1760505812004
61750731486
1760505813004
61769324398
1760505814005
61788288396
1760505815006
61807001092
1760505816006
61825381563
1760505817004
61844418114
1760505818004
61863066305
1760505819004
61881683253
1760505820004
61900640519
1760505821004
61918978640
1760505822004
61937268398
1760505823004
61956287721
1760505824003
61974928261
1760505825004
61993739214
1760505826004
62012664472
1760505827004
62030763072
1760505828005
62049325414
1760505829007
62069622822
1760505830003
62088040305
1760505831004
62106776409
1760505832004
62125672169
1760505833003
62144257508
1760505834003
62163105761
1760505835003
62182159142
1760505836004
62200222980
1760505837004
62218661071
1760505838004
62237715492
1760505839003
62256617602
1760505840004
62275316068
1760505841005
62294723001
1760505842005
62313653064
1760505843004
62332293605
1760505844004
62350787847
1760505845004
62369107333
1760505846004
62388083969
1760505847004
62407057560
1760505848003
62426056258
1760505849004
62444567300
1760505850005
62463077010
1760505851005
62482542221
1760505852004
62501916244
1760505853004
62521514106
1760505854004
62540719125
1760505855004
62559582066
1760505856005
62578278774
1760505857005
62596740916
1760505858004
62615516755
1760505859003
62635267250
1760505860004
62654885200
1760505861003
62674635236
1760505862003
62692807780
1760505863005
62710610830
1760505864005
62728478491
1760505865004
62746729111
1760505866003
62764628490
1760505867003
62781834824
1760505868004
62799498827
1760505869004
62817192726
1760505870007
62835692292
1760505871003
62853687005
1760505872004
62871031942
1760505873005
62888477063
1760505874004
62906905026
1760505875005
62925706308
1760505876004
62943320862
1760505877003
62961669341
1760505878028
62979485609
1760505879005
62997291520
1760505880004
63015388146
1760505881003
63033314635
1760505882004
63051480540
1760505883005
63069868875
1760505884004
63088076365
1760505885004
63106241917
1760505886005
63124675816
1760505887004
63143069063
1760505888003
63161719335
1760505889004
63179920658
1760505890004
63197905563
1760505891004
63215855462
1760505892004
63233954781
1760505893005
63251887819
1760505894004
63269760223
1760505895005
63288079678
1760505896004
63305813419
1760505897004
63323699302
1760505898005
63342433862
1760505899004
63360467084
1760505900004
63378314733
1760505901004
63396534279
1760505902005
63414283763
1760505903003
63432491574
1760505904004
63451318637
1760505905005
63470283247
1760505906005
63487822800
1760505907003
63505356952
1760505908004
63523034144
1760505909003
63540753915
1760505910004
63558682516
1760505911004
63577339535
1760505912003
63595778055
1760505913003
63614314296
1760505914003
63632032078
1760505915003
63650486831
1760505916003
63669151607
1760505917004
63687419180
1760505918005
63705321235
1760505919003
63723734694
1760505920005
63741665115
1760505921004
63760310200
1760505922003
63780396958
1760505923005
63799912200
1760505924004
63818667369
1760505925004
63836615860
1760505926004
63854012052
1760505927005
63871775673
1760505928007
63889538254
1760505929006
63906668608
1760505930004
63925176483
1760505931004
63944592657
1760505932009
63963322137
1760505933003
63980291198
1760505934005
63998182758
1760505935004
64016001689
1760505936006
64033588412
1760505937004
64051409377
1760505938004
64068785220
1760505939003
64086159181
1760505940003
64103761418
1760505941003
64121404904
1760505942003
64139789812
1760505943003
64158535724
1760505944003
64177183532
1760505945003
64195972789
1760505946004
64215011849
1760505947004
64234180867
1760505948003
64252673686
1760505949003
64271713328
1760505950004
64291422145
1760505951005
64310673355
1760505952003
64329756968
1760505953003
64348652223
1760505954003
64367757364
1760505955003
64387376554
1760505956005
64406494424
1760505957004
64425614314
1760505958004
64445279282
1760505959004
64464373330
1760505960004
64483336471
1760505961004
64502642654
1760505962003
64521669627
1760505963004
64540885815
1760505964004
64560454576
1760505965003
64580036204
1760505966003
64599007240
1760505967003
64618450679
1760505968007
64637994456
1760505969004
64656859371
1760505970004
64676018842
1760505971005
64694882411
1760505972003
64714081769
1760505973003
64732728445
1760505974004
64751336320
1760505975005
64770594874
1760505976004
64790326014
1760505977018
64810104890
1760505978005
64829449858
1760505979004
64848991921
1760505980003
64869298968
1760505981006
64889235557
1760505982004
64909387967
1760505983003
64929588649
1760505984004
64949811179
1760505985004
64970039187
1760505986003
64989280849
1760505987005
65009134267
1760505988003
65029421822
1760505989004
65049234756
1760505990003
65068610508
1760505991005
65088523901
1760505992004
65108202012
1760505993004
65127922227
1760505994003
65148469133
1760505995003
65168046187
1760505996004
65187502554
1760505997004
65207587446
1760505998004
65227222563
1760505999004
65246967121
1760506000003
65267164789
1760506001004
65286623313
1760506002003
65305712527
1760506003004
65325406182
1760506004003
65344819220
1760506005004
65364498401
1760506006003
65384467028
1760506007004
65404179242
1760506008004
65424241642
1760506009004
65444389738
1760506010004
65463986284
1760506011003
65483104598
1760506012003
65502980277
1760506013004
65523222911
1760506014004
65543290544
1760506015003
65563940495
1760506016005
65584245202
1760506017004
65604305996
1760506018003
65624040349
1760506019003
65643361617
1760506020003
65663375868
1760506021003
65683880485
1760506022003
65704165424
1760506023004
11356164
1760506024004
31334170
1760506025003
50670509
1760506026004
69723461
1760506027003
89266886
1760506028003
108787850
1760506029004
128928601
1760506030003
149227953
1760506031003
168913698
1760506032003
188840357
1760506033003
209621612
1760506034003
230011050
1760506035003
250574602
1760506036004
270630362
1760506037004
290225654
1760506038004
310245000
1760506039003
330560095
1760506040003
350319632
1760506041003
370894842
1760506042003
391562082
1760506043004
411824377
1760506044003
431734267
1760506045003
452157671
1760506046003
471729630
1760506047003
491436581
1760506048004
511452714
1760506049003
531365419
1760506050003
552246156
1760506051004
573915270
1760506052004
594363292
1760506053003
613938188
1760506054004
633572449
1760506055003
653304767
1760506056003
673320747
1760506057003
693928638
1760506058005
714455317
1760506059003
734852956
1760506060003
755288080
1760506061004
774664918
1760506062004
794142323
1760506063003
814220482
1760506064003
834273519
1760506065003
854351311
1760506066003
875274903
1760506067005
895690519
1760506068004
915730642
1760506069003
935788330
1760506070003
955276246
1760506071004
974850087
1760506072004
995152101
1760506073003
1015128531
1760506074004
1035313147
1760506075004
1055922247
1760506076003
1075783789
1760506077004
1095689028
1760506078004
1115865964
1760506079004
1136555649
1760506080004
1157522892
1760506081003
1179844597
1760506082005
1200604968
1760506083003
1219812405
1760506084003
1239823168
1760506085003
1260531702
1760506086004
1280112780
1760506087003
1300160829
1760506088003
1319675413
1760506089003
1339214722
1760506090003
1358868551
1760506091003
1378280472
1760506092003
1397738369
1760506093003
1417440699
1760506094003
1436939907
1760506095004
1456388211
1760506096003
1476099798
1760506097003
1495723563
1760506098003
1515093286
1760506099003
1535497519
1760506100003
1555190011
1760506101003
1574475049
1760506102004
1594017770
1760506103003
1613169453
1760506104003
1632651984
1760506105004
1652100854
1760506106003
1671381378
1760506107003
1690986447
1760506108003
1710022508
1760506109005
1728997644
1760506110003
1748061429
1760506111004
1767403781
1760506112003
1786420135
1760506113003
1805339580
1760506114003
1824486566
1760506115004
1843538447
1760506116004
1862675764
1760506117004
1881890774
1760506118003
1900865589
1760506119004
1919917103
1760506120004
1939014762
1760506121004
1958034222
1760506122004
1976864942
1760506123003
1996313889
1760506124003
2015234267
1760506125004
2034384129
1760506126004
2053816216
1760506127004
2072651449
1760506128004
2091410550
1760506129003
2110679645
1760506130003
2129633591
1760506131003
2148467447
1760506132004
2167719759
1760506133003
2186557914
1760506134003
2205170670
1760506135003
2224272353
1760506136004
2243806184
1760506137003
2263484631
1760506138003
2284164356
1760506139005
2304038582
1760506140005
2322497466
1760506141004
2339657716
1760506142003
2356272950
1760506143003
2372567940
1760506144006
2389161662
1760506145006
2405210337
1760506146005
2421547447
1760506147007
2438006575
1760506148004
2454184627
1760506149004
2470337066
1760506150004
2486709198
1760506151004
2502983640
1760506152006
2519280007
1760506153007
2535801620
1760506154005
2552030483
1760506155006
2568282372
1760506156005
2584802196
1760506157005
2601100980
1760506158006
2617471628
1760506159005
2633963207
1760506160007
2650192422
1760506161004
2666530909
1760506162006
2682897549
1760506163005
2699600620
1760506164006
2716989774
1760506165005
2734227381
1760506166006
2748958481
1760506167008
2763796008
1760506168006
2778474094
1760506169005
2792806889
1760506170004
2807222304
1760506171004
2822191947
1760506172004
2837585980
1760506173005
2853559486
1760506174006
2869925636
1760506175004
2883244347
1760506176007
2894575803
1760506177009
2906397837
1760506178008
2916864690
1760506179005
2927600027
1760506180008
2939238201
1760506181004
2951003320
1760506182006
2962317425
1760506183007
2973470574
1760506184007
2985086151
1760506185008
2995914022
1760506186007
3006791771
1760506187006
3016732349
1760506188009
3025795228
1760506189007
3035914617
1760506190007
3045812432
1760506191007
3056599269
1760506192007
3068360149
1760506193008
3079423900
1760506194007
3090406776
1760506195007
3101652567
1760506196009
3113508934
1760506197004
3124125467
1760506198006
3134539901
1760506199006
3145268231
1760506200006
3156199821
1760506201009
3166679647
1760506202007
3176377644
1760506203010
3186551012
1760506204006
3196552148
1760506205007
3206993694
1760506206008
3217321286
1760506207010
3227373370
1760506208007
3236669467
1760506209006
3246580975
1760506210008
3256989443
1760506211005
3268334010
1760506212007
3277849570
1760506213007
3287941679
1760506214007
3299397539
1760506215009
3310535097
1760506216009
3321420864
1760506217008
3330874642
1760506218008
3340590356
1760506219007
3350181850
1760506220010
3359446061
1760506221005
3369759454
1760506222008
3380410733
1760506223008
3389986299
1760506224009
3399698540
1760506225010
3410261966
1760506226007
3420247052
1760506227007
3430296582
1760506228009
3440069487
1760506229006
3450293177
1760506230006
3460286678
1760506231005
3472935127
1760506232004
3490040695
1760506233004
3514296688
1760506234061
3538646072
1760506235082
3561626304
1760506236098
3582711999
1760506237022
3608149259
1760506238136
3631764656
1760506239085
3658296493
1760506240040
3694982986
1760506241249
3718074312
1760506242012
3752988086
1760506243235
3776217617
1760506244184
3798154268
1760506245013
3824332568
1760506246098
3850501841
1760506247129
3875314218
1760506248135
3897903857
1760506249010
3937578119
1760506250430
3955469495
1760506251019
3998523420
1760506252709
4030644546
1760506253550
4055489619
1760506254506
4076901938
1760506255331
4107078771
1760506256751
4128846326
1760506257610
4215624514
1760506261017
4301461492
1760506263607
4343186657
1760506265188
4423856305
1760506268907
4481717493
1760506270763
4539864990
1760506272698
4564266547
1760506273472
4581762434
1760506274120
4748625886
1760506280778
4761611776
1760506281966
4852696012
1760506284539
4898689541
1760506286056
4925440642
1760506287162
4968007522
1760506289072
5006014282
1760506292542
5114964037
1760506295390
5221052493
1760506298251
5244346758
1760506299042
5276116443
1760506300762
5362882452
1760506303714
5413290995
1760506305226
5452715117
1760506306638
5465782511
1760506307230
5491724625
1760506308082
5518823694
1760506309147
5553166242
1760506310492
5572402290
1760506311396
5597081496
1760506312176
5622613585
1760506313096
5652656910
1760506314125
5678862046
1760506315007
5724003640
1760506316910
5780822087
1760506318721
5792431375
1760506319190
5815166670
1760506320011
5842739382
1760506321178
5869306761
1760506322067
5896209271
1760506323186
5930576605
1760506324327
5950994991
1760506325006
5980420838
1760506326032
6006799614
1760506327006
6034027311
1760506328009
6060197808
1760506329044
6084879156
1760506330033
6109837862
1760506331037
6134436911
1760506332007
6161931531
1760506333014
6192501482
1760506334114
6218224730
1760506335031
6245915328
1760506336008
6275118927
1760506337042
6303048542
1760506338035
6333855138
1760506339279
6356291823
1760506340112
6380230019
1760506341020
6406401572
1760506342025
6435236441
1760506343071
6464822724
1760506344127
6489713988
1760506345010
6517793451
1760506346011
6546810727
1760506347031
6575266341
1760506348027
6601079812
1760506349014
6631615567
1760506350189
6653793330
1760506351066
6706374932
1760506353190
6741407511
1760506355050
6800088580
1760506357272
6852614076
1760506358374
6882488321
1760506359334
6903259020
1760506360140
6946756369
1760506361778
6958882078
1760506362222
6980354465
1760506363013
7008862527
1760506364015
7036527114
1760506365009
7072544814
1760506366350
7111304105
1760506367718
7124301057
1760506368219
7147254668
1760506369115
7173808598
1760506370084
7197756480
1760506371007
7223438876
1760506372007
7248674023
1760506373007
7273883129
1760506374007
7299584941
1760506375006
7325347035
1760506376004
7359219185
1760506377247
7378596252
1760506378005
7404299074
1760506379006
7429241211
1760506380004
7454361271
1760506381006
7486479873
1760506382236
7510082448
1760506383128
7536963492
1760506384139
7560597265
1760506385006
7589633544
1760506386126
7611230519
1760506387006
7635808989
1760506388005
7660689436
1760506389009
7686738222
1760506390009
7713179284
1760506391015
7741741752
1760506392067
7769081736
1760506393103
7796223308
1760506394128
7821808167
1760506395128
7854647796
1760506396383
7871372058
1760506397037
7896518572
1760506398017
7925376116
1760506399103
7953568967
1760506400163
7980560738
1760506401163
8005878382
1760506402111
8031159230
1760506403080
8060125664
1760506404211
8095152643
1760506405587
8112165156
1760506406243
8133563063
1760506407063
8161707765
1760506408135
8190317526
1760506409207
8214753263
1760506410123
8240409160
1760506411112
8263885327
1760506412032
8291145765
1760506413120
8323748275
1760506414428
8341312690
1760506415144
8367444601
1760506416187
8417524760
1760506418195
8455045837
1760506419564
8474211428
1760506420306
8536089034
1760506422743
8564226408
1760506423866
8584673236
1760506424645
8594936338
1760506425047
8621322504
1760506426103
8646114670
1760506427087
8673593607
1760506428200
8698107818
1760506429201
8725148350
1760506430309
8748660579
1760506431220
8773887800
1760506432172
8800851663
1760506433207
8826324863
1760506434182
8848874630
1760506435089
8875741400
1760506436167
8907699978
1760506437396
8935180691
1760506438460
8954278931
1760506439200
8978940206
1760506440139
9007088580
1760506441251
9030779084
1760506442168
9058499823
1760506443218
9093997231
1760506444627
9109057648
1760506445216
9134053319
1760506446170
9167824397
1760506447451
9193349953
1760506448405
9215293137
1760506449249
9241056241
1760506450264
9265623344
1760506451203
9287971105
1760506452054
9316265395
1760506453137
9341685243
1760506454132
9364320033
1760506455032
9391913231
1760506456130
9421572709
1760506457322
9470803259
1760506459218
9517326168
1760506460947
9525758595
1760506461263
9554958798
1760506462332
9576263421
1760506463111
9606010032
1760506464224
9637446361
1760506465446
9667939016
1760506466641
9688734822
1760506467448
9713222350
1760506468360
9730791309
1760506469027
9759035339
1760506470111
9790623749
1760506471310
9813457469
1760506472147
9843137373
1760506473215
9866240190
1760506474066
9897537242
1760506475269
9920180538
1760506476140
9944681423
1760506477100
9971117467
1760506478137
10003750286
1760506479364
10027413006
1760506480249
10058042015
1760506481375
10077235773
1760506482087
10102656570
1760506483027
10130434332
1760506484070
10158831224
1760506485174
10230784905
1760506488047
10287377830
1760506490222
10327419001
1760506491746
10344605139
1760506492358
10365134863
1760506493125
10391725988
1760506494175
10418388364
1760506495240
10439429429
1760506496071
10469380770
1760506497267
10496178246
1760506498291
10523702502
1760506499312
10551383905
1760506500308
10574633464
1760506501155
10602247103
1760506502191
10627642502
1760506503185
10657829325
1760506504359
10677376697
1760506505144
10700686721
1760506506108
10731341618
1760506507327
10752602314
1760506508175
10779111767
1760506509200
10805570271
1760506510199
10828519093
1760506511096
10854022342
1760506512075
10880545397
1760506513111
10908376173
1760506514229
10930872391
1760506515111
10955124727
1760506516072
10987929059
1760506517339
11012113279
1760506518256
11038878900
1760506519281
11062830943
1760506520203
11088438064
1760506521197
11114499028
1760506522179
11140278625
1760506523191
11165497172
1760506524183
11190666590
1760506525180
11219421150
1760506526338
11243798379
1760506527319
11266136012
1760506528196
11287949651
1760506529044
11317534970
1760506530211
11340039771
1760506531091
11366085221
1760506532093
11391342705
1760506533083
11420880488
1760506534263
11443943555
1760506535198
11483801233
1760506536723
11497520850
1760506537269
11526016840
1760506538409
11543355779
1760506539098
11570836797
1760506540178
11599927881
1760506541296
11621927338
1760506542130
11650016394
1760506543235
11673162570
1760506544117
11699609247
1760506545103
11724589925
1760506546051
11752762549
1760506547123
11776155469
1760506548032
11804818443
1760506549160
11830007583
1760506550119
11862070691
1760506551351
11891032076
1760506552463
11907798382
1760506553124
11942347465
1760506554487
11956223387
1760506555023
11981784026
1760506556009
12008529161
1760506557007
12035773503
1760506558012
12062269952
1760506559005
12091666255
1760506560104
12115696741
1760506561014
12142067576
1760506562007
12168688352
1760506563007
12194697832
1760506564006
12220576971
1760506565006
12246175462
1760506566011
12272007615
1760506567007
12297528703
1760506568007
12323726388
1760506569006
12349473795
1760506570007
12375238321
1760506571008
12401932262
1760506572030
12432904893
1760506573263
12454130889
1760506574022
12479759323
1760506575023
12512563777
1760506576630
12535596963
1760506577155
12566860601
1760506578320
12592433970
1760506579379
12614313643
1760506580111
12637761719
1760506581058
12670631780
1760506582272
12692774628
1760506583097
12717894015
1760506584039
12743117856
1760506585008
12770556845
1760506586110
12795376949
1760506587008
12821929793
1760506588010
12848092777
1760506589017
12874384741
1760506590007
12902047447
1760506591074
12926218081
1760506592007
12953568483
1760506593129
12979229200
1760506594046
13006303070
1760506595146
13031324904
1760506596080
13078675773
1760506597971
13079741295
1760506598063
13109089939
1760506599180
13130450758
1760506600011
13157004061
1760506601012
13182912775
1760506602008
13209664428
1760506603006
13244050275
1760506604783
13261277662
1760506605050
13286909461
1760506606026
13314218661
1760506607070
13338976570
1760506608023
13365727732
1760506609011
13392060486
1760506610009
13419235015
1760506611031
13446050621
1760506612019
13479173254
1760506613328
13500301223
1760506614075
13535023181
1760506615391
13551549751
1760506616014
13577661772
1760506617006
13603529558
1760506618012
13630147397
1760506619051
13654646017
1760506620009
13680638728
1760506621008
13719427181
1760506622475
13735841495
1760506623271
13765454920
1760506624190
13788174196
1760506625042
13814240485
1760506626093
13840472381
1760506627031
13865711888
1760506628006
13891358819
1760506629006
13917162300
1760506630006
13942925021
1760506631023
13967838562
1760506632011
13992693550
1760506633007
14018448346
1760506634007
14044192126
1760506635011
14070860653
1760506636009
14096229369
1760506637010
14121844338
1760506638007
14150136991
1760506639147
14175312728
1760506640114
14201195371
1760506641055
14226888278
1760506642013
14254232071
1760506643079
14278917871
1760506644008
14304882736
1760506645007
14331551478
1760506646032
14357117059
1760506647047
14383091777
1760506648079
14408799097
1760506649008
14435208029
1760506650008
14461538335
1760506651007
14487648290
1760506652011
14516108768
1760506653154
14540785756
1760506654011
14567481594
1760506655006
14597729755
1760506656204
14618591550
1760506657006
14645116609
1760506658022
14670641109
1760506659006
14696378494
1760506660012
14722018830
1760506661009
14747440010
1760506662012
14773851436
1760506663034
14799235788
1760506664054
14824545538
1760506665007
14851625345
1760506666034
14877151222
1760506667007
14903121794
1760506668005
14928809484
1760506669009
14954486740
1760506670008
14979643428
1760506671006
15005302354
1760506672039
15031694380
1760506673038
15057150872
1760506674031
15082585072
1760506675009
15108373359
1760506676005
15134346915
1760506677006
15159949093
1760506678007
15184987880
1760506679011
15210659061
1760506680008
15237048104
1760506681029
15266470784
1760506682123
15289475818
1760506683010
15316138669
1760506684007
15346417675
1760506685158
15368974557
1760506686010
15393979163
1760506687006
15419996094
1760506688019
15445367028
1760506689007
15471514606
1760506690007
15497014779
1760506691008
15524268593
1760506692045
15556564980
1760506693271
15576040274
1760506694006
15603684146
1760506695075
15627736893
1760506696005
15654061140
1760506697006
15680558720
1760506698006
15706736225
1760506699010
15732224755
1760506700012
15763946826
1760506701259
15783235184
1760506702018
15809788120
1760506703041
15836383177
1760506704044
15861678713
1760506705007
15887644358
1760506706006
15913121000
1760506707010
15938603242
1760506708006
15965272840
1760506709096
15991690937
1760506710135
16014005161
1760506711019
16040087040
1760506712041
16064940360
1760506713013
16090592294
1760506714010
16116659134
1760506715044
16140694393
1760506716019
16165263057
1760506717006
16190659481
1760506718006
16215714654
1760506719006
16241238389
1760506720016
16266939895
1760506721034
16292081406
1760506722022
16317795045
1760506723033
16343624352
1760506724006
16369077769
1760506725006
16394690152
1760506726006
16420101968
1760506727006
16445948350
1760506728017
16471357045
1760506729016
16497162055
1760506730013
16523215385
1760506731014
16549538637
1760506732012
16575192744
1760506733013
16600626561
1760506734006
16628203679
1760506735074
16652032725
1760506736008
16677998738
1760506737014
16704233418
1760506738005
16730462208
1760506739005
16756502686
1760506740008
16781770620
1760506741006
16807104177
1760506742014
16832264491
1760506743057
16856908247
1760506744006
16882724167
1760506745005
16907778452
1760506746011
16932988752
1760506747008
16958279897
1760506748008
16982528071
1760506749013
17007494963
1760506750019
17032443296
1760506751009
17058204747
1760506752006
17083570893
1760506753005
17108958351
1760506754006
17134309120
1760506755027
17159551672
1760506756042
17184072370
1760506757004
17209630852
1760506758004
17234763672
1760506759004
17260046356
1760506760005
17285138463
1760506761004
17309606835
1760506762004
17335399407
1760506763005
17361063734
1760506764004
17386698318
1760506765004
17412080345
1760506766006
17437481955
1760506767009
17461935976
1760506768004
17486944836
1760506769004
17511865093
1760506770004
17536679735
1760506771007
17562140205
1760506772006
17587421451
1760506773006
17612629027
1760506774006
17637460957
1760506775004
17662466727
1760506776004
17687583069
1760506777004
17712793980
1760506778006
17738015755
1760506779007
17763727512
1760506780051
17787034721
1760506781005
17812039175
1760506782004
17836891684
1760506783005
17861493625
1760506784006
17885723990
1760506785004
17909763105
1760506786005
17934556740
1760506787004
17959086924
1760506788004
17983711601
1760506789006
18008507760
1760506790004
18032942258
1760506791004
18056670492
1760506792010
18081231659
1760506793004
18106142813
1760506794005
18130832928
1760506795006
18155673564
1760506796004
18179730748
1760506797006
18202933948
1760506798007
18227253589
1760506799005
18251951889
1760506800004
18277113703
1760506801004
18301659921
1760506802004
18325217760
1760506803004
18349615828
1760506804005
18373998000
1760506805003
18398474389
1760506806006
18422565417
1760506807003
18446530634
1760506808003
18469646073
1760506809004
18493859378
1760506810006
18518275225
1760506811003
18542458314
1760506812003
18566548164
1760506813004
18589702556
1760506814005
18612792582
1760506815003
18635910928
1760506816006
18658635513
1760506817004
18681840855
1760506818006
18705297239
1760506819005
18728777996
1760506820005
18752501579
1760506821003
18776471110
1760506822004
18800032406
1760506823004
18823463316
1760506824004
18846360837
1760506825003
18869315319
1760506826007
18891711046
1760506827005
18913769332
1760506828004
18936506937
1760506829003
18958690560
1760506830004
18980918278
1760506831003
19002794187
1760506832004
19024557886
1760506833006
19046537667
1760506834005
19069161563
1760506835006
19090717580
1760506836007
19111794784
1760506837007
19132632955
1760506838004
19153586428
1760506839006
19174306208
1760506840004
19195032460
1760506841003
19215909111
1760506842008
19237101906
1760506843004
19258336042
1760506844006
19279342177
1760506845003
19300344716
1760506846003
19321484068
1760506847003
19342126369
1760506848004
19362606628
1760506849008
19383302709
1760506850004
19403997978
1760506851004
19425002262
1760506852007
19445344224
1760506853007
19465952360
1760506854008
19486724818
1760506855003
19507479849
1760506856004
19528162634
1760506857004
19549340405
1760506858005
19570656059
1760506859007
19591908141
1760506860005
19613518794
1760506861004
19634586940
1760506862004
19655373459
1760506863005
19675909593
1760506864008
19696258655
1760506865005
19717149168
1760506866005
19738192696
1760506867005
19760030355
1760506868005
19781521347
1760506869005
19803071734
1760506870006
19824659116
1760506871004
19845098401
1760506872005
19865288449
1760506873009
19885154796
1760506874005
19905657805
1760506875007
19925870391
1760506876004
19946385288
1760506877003
19967094680
1760506878004
19987670946
1760506879004
20008601438
1760506880007
20029711001
1760506881005
20051024681
1760506882003
20072285561
1760506883003
20093505590
1760506884004
20114557641
1760506885005
20135830286
1760506886003
20156649210
1760506887005
20177164170
1760506888005
20198020257
1760506889003
20218787896
1760506890006
20239521966
1760506891003
20260857006
1760506892005
20282212715
1760506893009
20302945837
1760506894006
20323439223
1760506895003
20344004595
1760506896007
20364276361
1760506897009
20384522270
1760506898003
20404977819
1760506899003
20425367976
1760506900005
20445970864
1760506901003
20466721841
1760506902003
20487554474
1760506903006
20508816807
1760506904004
20530190448
1760506905006
20551673178
1760506906004
20572882865
1760506907005
20594129409
1760506908005
20614774448
1760506909004
20634707564
1760506910006
20654286377
1760506911004
20674397646
1760506912007
20694590004
1760506913008
20714484992
1760506914004
20734334233
1760506915004
20754047120
1760506916007
20773762256
1760506917006
20792456699
1760506918006
20811345390
1760506919007
20830041792
1760506920004
20849132504
1760506921004
20867764462
1760506922003
20885910338
1760506923008
20904006582
1760506924007
20922435462
1760506925003
20941098769
1760506926007
20959875863
1760506927007
20978659428
1760506928007
20996996340
1760506929006
21015251520
1760506930004
21033426971
1760506931005
21051456828
1760506932008
21069661931
1760506933006
21087626915
1760506934005
21104769938
1760506935004
21121956765
1760506936005
21139243102
1760506937006
21156595827
1760506938008
21173998001
1760506939003
21191697821
1760506940007
21209603304
1760506941005
21227639648
1760506942007
21245318767
1760506943005
21262452365
1760506944005
21279634235
1760506945008
21296380406
1760506946004
21313716851
1760506947004
21331127318
1760506948006
21348588657
1760506949005
21365993080
1760506950004
21383330796
1760506951005
21400740528
1760506952004
21418019690
1760506953007
21435509395
1760506954007
21453181201
1760506955005
21470432563
1760506956004
21487535531
1760506957006
21505033008
1760506958007
21522412600
1760506959007
21539935843
1760506960005
21557368051
1760506961004
21574873668
1760506962007
21592053350
1760506963006
21609840395
1760506964008
21627525803
1760506965004
21644495936
1760506966004
21661759415
1760506967006
21678955911
1760506968008
21696200924
1760506969008
21713926265
1760506970007
21731565849
1760506971004
21749189506
1760506972007
21766444463
1760506973007
21783283506
1760506974006
21800531915
1760506975007
21817909899
1760506976004
21835101821
1760506977006
21852489475
1760506978007
21870123536
1760506979008
21887730455
1760506980007
21905404663
1760506981004
21923218193
1760506982004
21940315331
1760506983006
21957417778
1760506984006
21974608353
1760506985007
21991830676
1760506986007
22009457469
1760506987004
22026527771
1760506988007
22043442059
1760506989006
22060602921
1760506990008
22077924831
1760506991003
22095386645
1760506992005
22112906369
1760506993007
22130589344
1760506994006
22148356591
1760506995006
22165924327
1760506996005
22183481337
1760506997004
22200812626
1760506998006
22218326169
1760506999007
22236139913
1760507000004
22253597106
1760507001004
22270926054
1760507002004
22287941934
1760507003004
22304515353
1760507004006
22320980647
1760507005004
22338367001
1760507006006
22355745123
1760507007004
22373179550
1760507008004
22390848862
1760507009006
22408332753
1760507010006
22425778364
1760507011004
22443434166
1760507012004
22461155636
1760507013004
22478537645
1760507014007
22496147317
1760507015007
22513931532
1760507016006
22532034462
1760507017006
22549447897
1760507018008
22566172067
1760507019007
22582751636
1760507020007
22600202480
1760507021004
22617596774
1760507022006
22634959398
1760507023004
22652570907
1760507024007
22669479212
1760507025007
22686407622
1760507026007
22703494876
1760507027007
22720660512
1760507028005
22738371440
1760507029008
22755829168
1760507030007
22773323754
1760507031006
22790851251
1760507032006
22808664995
1760507033005
22826173841
1760507034006
22843672864
1760507035006
22861238534
1760507036008
22878514865
1760507037007
22896231944
1760507038004
22914132255
1760507039004
22930953565
1760507040006
22947438917
1760507041004
22963736447
1760507042007
22980749710
1760507043007
22997862760
1760507044005
23015083048
1760507045006
23032326423
1760507046006
23050005038
1760507047006
23067772484
1760507048006
23085309252
1760507049006
23102706546
1760507050008
23120223577
1760507051004
23137566004
1760507052007
23154878352
1760507053006
23172405619
1760507054004
23190094133
1760507055004
23207441854
1760507056004
23224758562
1760507057007
23241886989
1760507058005
23258942465
1760507059004
23276194424
1760507060004
23293349625
1760507061003
23310182853
1760507062007
23326969891
1760507063007
23343893022
1760507064004
23361299434
1760507065004
23378922173
1760507066008
23396065058
1760507067006
23413402758
1760507068007
23430966439
1760507069004
23448697884
1760507070004
23466490316
1760507071004
23484358115
1760507072006
23501919531
1760507073006
23519746969
1760507074004
23537759781
1760507075006
23554988407
1760507076007
23571622124
1760507077005
23588241672
1760507078008
23605271964
1760507079009
23622629264
1760507080006
23639492449
1760507081005
23656890630
1760507082006
23673974886
1760507083009
23691111345
1760507084007
23708310610
1760507085005
23725898985
1760507086004
23743534530
1760507087007
23761106213
1760507088007
23778376654
1760507089007
23796034063
1760507090006
23813744945
1760507091005
23831136348
1760507092007
23848233960
1760507093005
23865368476
1760507094009
23882565171
1760507095009
23899822301
1760507096005
23917099750
1760507097004
23934222194
1760507098008
23951069422
1760507099008
23968059383
1760507100008
23985311265
1760507101004
24002964666
1760507102006
24019785807
1760507103005
24036775065
1760507104006
24053970964
1760507105005
24071420828
1760507106006
24088762996
1760507107004
24106184555
1760507108007
24123843249
1760507109008
24141574602
1760507110007
24159077527
1760507111004
24176864848
1760507112006
24194087660
1760507113008
24210800554
1760507114006
24227482511
1760507115006
24244132384
1760507116009
24260932458
1760507117004
24278352211
1760507118007
24295346962
1760507119006
24312858638
1760507120006
24330287327
1760507121005
24347673283
1760507122004
24365564736
1760507123007
24382692030
1760507124006
24400037793
1760507125004
24417303889
1760507126004
24434693104
1760507127008
24452162950
1760507128004
24469860628
1760507129007
24487342730
1760507130004
24504922889
1760507131005
24522354668
1760507132006
24539480478
1760507133004
24556931199
1760507134007
24574512338
1760507135007
24591607288
1760507136007
24608517230
1760507137006
24625833082
1760507138006
24642916190
1760507139007
24660455941
1760507140008
24678101003
1760507141005
24695885448
1760507142007
24713412684
1760507143005
24731165060
1760507144007
24748738793
1760507145009
24766160260
1760507146005
24782558525
1760507147008
24797901227
1760507148004
24813179180
1760507149007
24828491588
1760507150007
24843649191
1760507151004
24858967459
1760507152005
24873817348
1760507153007
24888484112
1760507154004
24903099559
1760507155007
24917550516
1760507156008
24930267249
1760507157006
24942124611
1760507158008
24954922006
1760507159006
24966856235
1760507160006
24978614913
1760507161006
24989765507
1760507162005
25004207651
1760507163004
25019921088
1760507164003
25035554934
1760507165003
25050481797
1760507166003
25063957012
1760507167004
25079682995
1760507168003
25098021146
1760507169016
25117508098
1760507170420
25131029779
1760507171031
25144863810
1760507172012
25160252045
1760507173013
25174383416
1760507174009
25189019411
1760507175071
25203151623
1760507176024
25219707646
1760507177005
25237091445
1760507178014
25254355689
1760507179071
25269889994
1760507180011
25288274749
1760507181086
25304962138
1760507182066
25323767735
1760507183060
25344225625
1760507184347
25357829222
1760507185060
25377888960
1760507186235
25397492070
1760507187439
25412831330
1760507188346
25429100248
1760507189279
25450142859
1760507190602
25460358516
1760507191230
25476227064
1760507192262
25494240947
1760507193407
25508439791
1760507194215
25526879825
1760507195358
25544609358
1760507196399
25557988626
1760507197226
25572115392
1760507198125
25595452757
1760507199536
25605812647
1760507200214
25623919096
1760507201314
25635952347
1760507202047
25652561063
1760507203020
25670440046
1760507204028
25686785495
1760507205005
25703228681
1760507206003
25721062804
1760507207061
25736621283
1760507208004
25751815605
1760507209006
25768080133
1760507210008
25784245730
1760507211010
25800840217
1760507212004
25819074207
1760507213010
25835977050
1760507214004
25852970989
1760507215010
25872475644
1760507216007
25888561360
1760507217003
25904144792
1760507218003
25919856638
1760507219003
25935442013
1760507220003
25950086775
1760507221003
25965006693
1760507222003
25979273790
1760507223003
25993823967
1760507224003
26012906433
1760507225068
26032896725
1760507226279
26047638260
1760507227005
26063415650
1760507228004
26078951637
1760507229004
26095074380
1760507230003
26113564414
1760507231006
26132261886
1760507232026
26152179564
1760507233211
26166638661
1760507234007
26184794651
1760507235039
26202102424
1760507236026
26218896362
1760507237138
26236109214
1760507238033
26256095711
1760507239181
26272148012
1760507240165
26286821982
1760507241005
26306924361
1760507242230
26321950277
1760507243047
26338318767
1760507244032
26354353060
1760507245005
26373640118
1760507246120
26389226304
1760507247042
26405786367
1760507248022
26422506773
1760507249008
26439903408
1760507250073
26457985774
1760507251166
26473829307
1760507252046
26489921204
1760507253010
26506502197
1760507254004
26523677518
1760507255047
26540233434
1760507256006
26556824692
1760507257004
26577631132
1760507258225
26591069565
1760507259003
26607906909
1760507260010
26623887163
1760507261003
26639683954
1760507262005
26655808440
1760507263003
26672041954
1760507264003
26688818358
1760507265010
26707256756
1760507266004
26722504950
1760507267003
26737641393
1760507268003
26752102096
1760507269003
26766955550
1760507270003
26784368893
1760507271029
26807026128
1760507272087
26825032575
1760507273004
26839942135
1760507274003
26855754073
1760507275003
26870266612
1760507276004
26886390349
1760507277003
26901797801
1760507278003
26917405759
1760507279004
26931433870
1760507280003
26945849025
1760507281003
26960790669
1760507282003
26975968636
1760507283003
26990570528
1760507284003
27006365957
1760507285003
27020544146
1760507286003
27036113716
1760507287004
27051340582
1760507288004
27066784739
1760507289003
27081338619
1760507290003
27096586018
1760507291004
27112275219
1760507292003
27130873226
1760507293003
27145615755
1760507294004
27159682024
1760507295003
27175724671
1760507296004
27191263443
1760507297003
27207010035
1760507298038
27221317187
1760507299004
27236521837
1760507300004
27252704938
1760507301018
27270454575
1760507302132
27284640827
1760507303013
27301752944
1760507304014
27322693885
1760507305027
27343302786
1760507306128
27357202622
1760507307005
27372757168
1760507308003
27389587979
1760507309007
27407387326
1760507310003
27425763406
1760507311003
27441779859
1760507312003
27457317055
1760507313003
27473827132
1760507314003
27491682615
1760507315004
27509551148
1760507316075
27524411564
1760507317004
27541365020
1760507318004
27558039526
1760507319004
27574334485
1760507320003
27591362788
1760507321015
27611122141
1760507322010
27629825443
1760507323003
27646789532
1760507324003
27663210395
1760507325003
27679231422
1760507326003
27695516299
1760507327003
27715497150
1760507328014
27731966560
1760507329013
27749829172
1760507330009
27769550903
1760507331031
27789295996
1760507332034
27807379418
1760507333067
27824289560
1760507334004
27841257030
1760507335004
27858896247
1760507336004
27876361748
1760507337005
27897980082
1760507338137
27917008830
1760507339015
27939243249
1760507340302
27950422653
1760507341013
27970846225
1760507342244
27987767352
1760507343394
28004533137
1760507344323
28018101575
1760507345180
28035458568
1760507346342
28048151785
1760507347131
28064418653
1760507348138
28083717125
1760507349273
28100406839
1760507350312
28118996278
1760507351546
28132029445
1760507352327
28153289453
1760507353734
28164345187
1760507354399
28184055611
1760507355793
28193793831
1760507356330
28212968908
1760507357513
28227429474
1760507358378
28239246306
1760507359150
28257026804
1760507360351
28279151338
1760507361650
28288827180
1760507362243
28305298778
1760507363232
28320953524
1760507364230
28335098205
1760507365140
28367749844
1760507367274
28380689650
1760507368091
28395396576
1760507369031
28410535605
1760507370051
28436738859
1760507371643
28443979768
1760507372054
28460377497
1760507373003
28477903081
1760507374003
28494260280
1760507375003
28509790974
1760507376003
28528970029
1760507377255
28547268813
1760507378235
28562262171
1760507379092
28578510235
1760507380019
28594793903
1760507381021
28610545590
1760507382004
28637153514
1760507383482
28652180806
1760507384434
28664193999
1760507385201
28680259519
1760507386230
28694258208
1760507387098
28715683089
1760507388425
28726736146
1760507389121
28745342460
1760507390315
28757591855
1760507391004
28775080856
1760507392080
28791597757
1760507393085
28807697259
1760507394005
28823774223
1760507395005
28842281822
1760507396196
28855824311
1760507397007
28874228758
1760507398009
28891803684
1760507399049
28910823925
1760507400010
28927407901
1760507401003
28943820180
1760507402029
28960297561
1760507403003
28976257144
1760507404003
28993580279
1760507405014
29011573767
1760507406003
29029049167
1760507407003
29044540784
1760507408003
29060096401
1760507409003
29075210782
1760507410003
29092439668
1760507411004
29109554661
1760507412019
29132193444
1760507413006
29148368497
1760507414003
29164590597
1760507415003
29180273923
1760507416003
29195771737
1760507417003
29210637171
1760507418003
29226863586
1760507419003
29241701480
1760507420003
29256925761
1760507421003
29272132415
1760507422003
29287740083
1760507423004
29302880733
1760507424003
29317344634
1760507425003
29333104583
1760507426003
29348141423
1760507427003
29362669614
1760507428005
29380433542
1760507429004
29397356612
1760507430003
29412320425
1760507431003
29427859701
1760507432029
29441768518
1760507433004
29457270585
1760507434003
29472528388
1760507435003
29488361761
1760507436003
29503165720
1760507437003
29517408551
1760507438003
29533069845
1760507439003
29548978357
1760507440003
29563961387
1760507441003
29579471150
1760507442003
29593972872
1760507443003
29608690692
1760507444003
29627374042
1760507445003
29642233066
1760507446003
29657257222
1760507447003
29671752763
1760507448003
29685926653
1760507449003
29702086038
1760507450018
29718868088
1760507451003
29734724672
1760507452003
29749236844
1760507453003
29763879602
1760507454004
29779196019
1760507455024
29796559912
1760507456003
29811312310
1760507457003
29827084254
1760507458003
29842041916
1760507459003
29856561723
1760507460003
29872305821
1760507461003
29886981199
1760507462003
29901685860
1760507463003
29915727237
1760507464003
29930976150
1760507465003
29946461586
1760507466005
29963114228
1760507467004
29977759128
1760507468003
29991886659
1760507469003
30005558983
1760507470004
30020158886
1760507471003
30039471204
1760507472014
30056839687
1760507473003
30071999784
1760507474003
30086432519
1760507475003
30101182729
1760507476003
30117517299
1760507477005
30134672639
1760507478003
30148744615
1760507479003
30163589960
1760507480003
30178699521
1760507481003
30193642480
1760507482005
30213173313
1760507483004
30229645752
1760507484003
30244580036
1760507485003
30259418450
1760507486003
30274069210
1760507487003
30288910669
1760507488003
30304511253
1760507489003
30319195137
1760507490003
30333356847
1760507491003
30348241085
1760507492003
30363334275
1760507493023
30382550937
1760507494004
30399064380
1760507495003
30413973833
1760507496003
30428277940
1760507497004
30443048958
1760507498003
30457956697
1760507499003
30472042336
1760507500003
30487897925
1760507501003
30503456724
1760507502003
30518285086
1760507503003
30536354325
1760507504005
30552591389
1760507505003
30567623945
1760507506003
30583558971
1760507507029
30597999632
1760507508004
30614276690
1760507509006
30633686361
1760507510018
30653884718
1760507511004
30669512535
1760507512003
30684530097
1760507513003
30699336917
1760507514003
30716752984
1760507515021
30736000124
1760507516008
30751383723
1760507517003
30767563121
1760507518003
30782601659
1760507519003
30798192543
1760507520003
30813670390
1760507521003
30829229373
1760507522003
30843779918
1760507523003
30858212668
1760507524003
30873962197
1760507525003
30892989063
1760507526004
30910440564
1760507527003
30925238097
1760507528003
30940530753
1760507529003
30955077947
1760507530003
30971584260
1760507531003
30987045599
1760507532003
31001560801
1760507533003
31016474476
1760507534003
31031672226
1760507535003
31046814513
1760507536003
31062281941
1760507537030
31076632592
1760507538003
31091798457
1760507539003
31106808216
1760507540004
31121936427
1760507541003
31137657131
1760507542003
31153288529
1760507543003
31168217979
1760507544004
31183513251
1760507545003
31199615399
1760507546003
31216527101
1760507547010
31232767393
1760507548004
31247792284
1760507549003
31263038321
1760507550003
31277739295
1760507551003
31293561530
1760507552004
31308296930
1760507553003
31323397877
1760507554003
31338483279
1760507555003
31353975156
1760507556003
31368998547
1760507557004
31384897236
1760507558003
31399436612
1760507559003
31414066380
1760507560003
31428843947
1760507561003
31444223201
1760507562003
31459584171
1760507563003
31475587145
1760507564004
31491249495
1760507565004
31506203256
1760507566003
31521454587
1760507567003
31537370090
1760507568070
31555136588
1760507569003
31573830357
1760507570004
31589825666
1760507571003
31604649178
1760507572003
31618862297
1760507573003
31635386235
1760507574003
31651292651
1760507575003
31668191639
1760507576003
31683110347
1760507577003
31697023112
1760507578003
31713668915
1760507579010
31752675041
1760507581163
31771612310
1760507582175
31791230092
1760507583111
31818054970
1760507584262
31839438465
1760507585146
31863888553
1760507586126
31888448159
1760507587031
31910165866
1760507588042
31929968626
1760507589010
31944949835
1760507590003
31959799128
1760507591003
31975704503
1760507592003
31990883342
1760507593003
32008748234
1760507594012
32030772783
1760507595056
32055920444
1760507596016
32070635678
1760507597003
32085837682
1760507598003
32102810232
1760507599038
32128008659
1760507600411
32148604019
1760507601481
32161265871
1760507602043
32187771346
1760507603099
32212388373
1760507604005
32229815348
1760507605080
32257265690
1760507606651
32273910040
1760507607510
32293144466
1760507608387
32309600778
1760507609106
32335516806
1760507610170
32361189686
1760507611070
32387181157
1760507612366
32417308693
1760507614082
32459588086
1760507616214
32480463926
1760507617142
32504058408
1760507618122
32530663043
1760507619182
32558607238
1760507620153
32577406868
1760507621004
32593940584
1760507622006
32616036048
1760507623186
32653999693
1760507625199
32679052495
1760507626395
32695895806
1760507627114
32722589058
1760507628254
32741299137
1760507629021
32767429854
1760507630058
32795995459
1760507631055
32818507160
1760507632050
32858274369
1760507634266
32883966894
1760507635591
32895183982
1760507636122
32921790116
1760507637319
32941338528
1760507638154
32964406353
1760507639058
32992089301
1760507640118
33017170515
1760507641036
33042662258
1760507642046
33060688534
1760507643007
33076713693
1760507644003
33090510101
1760507645003
33105102721
1760507646003
33119911193
1760507647003
33135316227
1760507648003
33151715150
1760507649024
33171666625
1760507650004
33188580607
1760507651003
33203713210
1760507652003
33218737259
1760507653003
33232971476
1760507654004
33247842770
1760507655003
33266377374
1760507656003
33282390813
1760507657003
33297147112
1760507658003
33311248816
1760507659003
33325684137
1760507660003
33339715767
1760507661003
33353846525
1760507662003
33368796737
1760507663004
33383098794
1760507664003
33398396591
1760507665007
33414125312
1760507666004
33428907621
1760507667003
33443710402
1760507668003
33458885707
1760507669005
33473473461
1760507670003
33488313727
1760507671004
33503438481
1760507672003
33517942621
1760507673003
33532612796
1760507674003
33547728217
1760507675003
33562590453
1760507676003
33576839420
1760507677003
33591502206
1760507678003
33605804753
1760507679003
33620458710
1760507680003
33635260190
1760507681004
33649649045
1760507682003
33664663424
1760507683003
33679485085
1760507684003
33693021316
1760507685003
33706795065
1760507686003
33722364437
1760507687003
33737179182
1760507688003
33751499033
1760507689004
33765556352
1760507690003
33780500505
1760507691003
33795346875
1760507692004
33809458050
1760507693003
33823351811
1760507694003
33837113396
1760507695003
33852150313
1760507696003
33868506059
1760507697004
33882866195
1760507698003
33897655741
1760507699003
33912073987
1760507700003
33927340296
1760507701004
33943723674
1760507702003
33958130184
1760507703003
33972954110
1760507704003
33987070196
1760507705004
34000419186
1760507706003
34013868436
1760507707003
34027418927
1760507708004
34042209651
1760507709003
34057160842
1760507710003
34071695597
1760507711004
34085214371
1760507712003
34099650426
1760507713003
34116577581
1760507714004
34136045286
1760507715004
34153075945
1760507716003
34167628433
1760507717003
34182295136
1760507718003
34197827221
1760507719003
34215726018
1760507720003
34233952051
1760507721004
34249213342
1760507722003
34263541685
1760507723003
34278144265
1760507724003
34293518700
1760507725003
34312108797
1760507726003
34330078096
1760507727003
34345305574
1760507728003
34360301961
1760507729004
34374159981
1760507730003
34389718475
1760507731004
34407102580
1760507732004
34424351892
1760507733004
34440127507
1760507734004
34454763610
1760507735003
34468904834
1760507736003
34484213080
1760507737003
34499884977
1760507738003
34513716376
1760507739003
34527242984
1760507740003
34540825131
1760507741003
34553992632
1760507742004
34567213285
1760507743004
34580419358
1760507744003
34593613711
1760507745003
34606962104
1760507746005
34620036505
1760507747005
34633273545
1760507748004
34646426388
1760507749004
34657291148
1760507750007
34667940300
1760507751006
34678516716
1760507752007
34689050934
1760507753008
34699273950
1760507754009
34709854359
1760507755007
34720695465
1760507756007
34732056556
1760507757008
34742856276
1760507758008
34754645155
1760507759008
34765818546
1760507760006
34776006112
1760507761005
34787083481
1760507762007
34797438245
1760507763010
34807984979
1760507764008
34818067924
1760507765009
34827742404
1760507766008
34837168245
1760507767009
34846543718
1760507768010
34856999814
1760507769006
34867832444
1760507770008
34877705748
1760507771006
34887216473
1760507772007
34896536269
1760507773006
34907434137
1760507774009
34916743621
1760507775007
34926700234
1760507776007
34937099537
1760507777007
34947409595
1760507778009
34956209160
1760507779010
34965993587
1760507780008
34975859945
1760507781004
34985333996
1760507782007
34994821572
1760507783008
35005304244
1760507784007
35015104215
1760507785007
35025189746
1760507786009
35034828486
1760507787008
35044122700
1760507788008
35053028310
1760507789007
35062765353
1760507790007
35072264862
1760507791005
35081294035
1760507792007
35090843530
1760507793010
35100593945
1760507794009
35110517280
1760507795007
35119973690
1760507796008
35129823723
1760507797008
35139455042
1760507798006
35148965017
1760507799005
35158750193
1760507800007
35168280762
1760507801005
35177861224
1760507802008
35186502006
1760507803007
35195402078
1760507804009
35204513656
1760507805009
35214563905
1760507806010
35224719647
1760507807009
35233812223
1760507808009
35243942521
1760507809008
35256610370
1760507810005
35267691013
1760507811004
35279067680
1760507812003
35290579614
1760507813004
35302297440
1760507814005
35313780366
1760507815005
35325494612
1760507816004
35336343306
1760507817004
35347262258
1760507818004
35358379713
1760507819004
35369820119
1760507820004
35381264596
1760507821004
35392710281
1760507822004
35403949921
1760507823004
35415418556
1760507824004
35427629134
1760507825004
35439030312
1760507826004
35450025703
1760507827004
35461331087
1760507828005
35473095318
1760507829004
35484731381
1760507830004
35496204698
1760507831004
35507494492
1760507832004
35518862407
1760507833004
35530192455
1760507834004
35541792578
1760507835004
35553337300
1760507836004
35564888265
1760507837005
35575981943
1760507838004
35587841753
1760507839004
35599703598
1760507840004
35610803442
1760507841004
35622338954
1760507842004
35633905234
1760507843004
35644596292
1760507844004
35655383634
1760507845004
35666699223
1760507846005
35677896972
1760507847004
35688401279
1760507848005
35700009894
1760507849004
35711664286
1760507850004
35721249384
1760507851005
35730501860
1760507852010
35739969883
1760507853010
35748997097
1760507854009
35757523022
1760507855009
35765741065
1760507856009
35775015818
1760507857008
35783971505
1760507858008
35793245737
1760507859009
35802716560
1760507860007
35812394850
1760507861004
35821662550
1760507862007
35830600810
1760507863009
35840039395
1760507864007
35848907183
1760507865009
35858373783
1760507866009
35867623949
1760507867009
35876850139
1760507868009
35885763261
1760507869007
35895077458
1760507870007
35904381525
1760507871004
35913956189
1760507872007
35923229244
1760507873010
35932333799
1760507874009
35941120773
1760507875007
35950933443
1760507876007
35959631004
1760507877007
35968951779
1760507878007
35978043987
1760507879007
35987414427
1760507880007
35996803899
1760507881005
36006241122
1760507882007
36015647838
1760507883010
36024764603
1760507884008
36034531817
1760507885008
36043547495
1760507886008
36052419292
1760507887008
36061932082
1760507888009
36071142254
1760507889008
36081150703
1760507890007
36090803886
1760507891005
36100792261
1760507892007
36110296071
1760507893007
36119687731
1760507894007
36128653745
1760507895009
36138663938
1760507896008
36148007786
1760507897009
36158222571
1760507898007
36167767721
1760507899007
36177393731
1760507900007
36187423998
1760507901005
36196688882
1760507902007
36206590752
1760507903008
36215867463
1760507904006
36225122081
1760507905009
36234599850
1760507906009
36243827723
1760507907009
36254078081
1760507908009
36264067787
1760507909005
36273464099
1760507910006
36282788240
1760507911005
36292604536
1760507912007
36301851520
1760507913009
36311230619
1760507914009
36320243589
1760507915009
36329089804
1760507916007
36337968883
1760507917009
36346955323
1760507918009
36355808530
1760507919009
36364777283
1760507920005
36374151517
1760507921004
36383270913
1760507922007
36392026476
1760507923007
36400524601
1760507924007
36408898260
1760507925007
36418018988
1760507926007
36426730013
1760507927009
36435337165
1760507928010
36443783469
1760507929008
36453620818
1760507930006
36462194097
1760507931006
36470710704
1760507932007
36479424942
1760507933009
36487563256
1760507934010
36496100121
1760507935007
36505052197
1760507936009
36513588036
1760507937008
36521904412
1760507938008
36530582496
1760507939009
36539363824
1760507940009
36547883476
1760507941005
36556573233
1760507942010
36565184134
1760507943010
36574841617
1760507944008
36583730182
1760507945007
36592516896
1760507946008
36601497843
1760507947007
36611246590
1760507948008
36620582986
1760507949009
36629750532
1760507950006
36639430368
1760507951006
36648337095
1760507952010
36656701941
1760507953010
36665444208
1760507954009
36674378689
1760507955007
36683786231
1760507956010
36693314566
1760507957007
36702006282
1760507958007
36711372743
1760507959007
36720214429
1760507960008
36730441454
1760507961005
36739394325
1760507962007
36748488615
1760507963009
36756351560
1760507964009
36764479670
1760507965008
36773717305
1760507966007
36782032809
1760507967007
36790801989
1760507968008
36799201964
1760507969008
36808406245
1760507970006
36817386030
1760507971004
36826583028
1760507972006
36835248504
1760507973009
36844634213
1760507974009
36853258195
1760507975008
36861590086
1760507976008
36870098630
1760507977009
36878724250
1760507978009
36887227638
1760507979008
36896153490
1760507980006
36905056514
1760507981007
36913584795
1760507982006
36922497764
1760507983009
36931784589
1760507984008
36941015048
1760507985007
36950154289
1760507986006
36959766315
1760507987009
36968512789
1760507988007
36976923781
1760507989010
36985683979
1760507990009
36994102116
1760507991005
37003164107
1760507992007
37012240113
1760507993009
37020913377
1760507994008
37029808246
1760507995008
37038814866
1760507996009
37047470841
1760507997009
37055610441
1760507998009
37063648618
1760507999008
37072536464
1760508000007
37081405675
1760508001007
37091084654
1760508002009
37099970695
1760508003007
37108770399
1760508004009
37117453699
1760508005009
37126565523
1760508006009
37134843633
1760508007008
37143700650
1760508008007
37152017883
1760508009007
37161178422
1760508010007
37170242280
1760508011006
37179033522
1760508012007
37187539236
1760508013008
37196507728
1760508014010
37204952808
1760508015009
37214206952
1760508016008
37223645017
1760508017009
37232144458
1760508018010
37241284770
1760508019009
37250644193
1760508020010
37260205836
1760508021004
37269212594
1760508022007
37277822914
1760508023009
37286668808
1760508024009
37295227995
1760508025008
37304159722
1760508026009
37312463812
1760508027008
37320820534
1760508028008
37329806836
1760508029009
37338422389
1760508030009
37347282680
1760508031005
37356805369
1760508032007
37365956896
1760508033010
37374600386
1760508034009
37382891227
1760508035007
37391243099
1760508036008
37400421676
1760508037009
37409334538
1760508038009
37417999800
1760508039008
37426574609
1760508040007
37435757087
1760508041005
37444539486
1760508042009
37453061035
1760508043009
37461313075
1760508044010
37470147984
1760508045008
37479141721
1760508046007
