📊 Aggregated Task Energy Report
🕒 Generated at: Wed Oct 15 08:03:57 UTC 2025
===================================
🔍 Processing node directory: /private-data/energy-attribution/data_node37/
🔍 Processing node directory: /private-data/energy-attribution/data_node38/
🧪 Task: NFCORE_RANGELAND_RANGELAND_PREPROCESSING_MERGE_BOA_X0106_Y0102
  • Total Package Energy (J): 332.0319
  • Total DRAM Energy (J):    88.70367
  • Total Combined Energy (J): 420.73557
  • Pods involved:  nf-85ba8a7eda9223a9f88a628d154bcf14-cd6a3
  • Per-PID Energy Breakdown:
    - PID 2404167 → pkg: 57.2847 J, dram: 16.3259 J, total: 73.6106 J
    - PID 2404175 → pkg: 83.8724 J, dram: 23.6234 J, total: 107.4958 J
    - PID 2404672 → pkg: 62.3008 J, dram: 15.9093 J, total: 78.2101 J
    - PID 2421442 → pkg: 32.3096 J, dram: 8.19975 J, total: 40.50935 J
    - PID 2421472 → pkg: 32.208 J, dram: 8.04288 J, total: 40.25088 J
    - PID 2421997 → pkg: 0 J, dram: 0 J, total: 0 J
    - PID 2422013 → pkg: 32.5648 J, dram: 8.20946 J, total: 40.77426 J
    - PID 2442755 → pkg: 0 J, dram: 0 J, total: 0 J
    - PID 2442779 → pkg: 31.4916 J, dram: 8.39298 J, total: 39.88458 J
    - PID 2602911 → pkg: 0 J, dram: 0 J, total: 0 J

🧪 Task: NFCORE_RANGELAND_RANGELAND_PREPROCESSING_MERGE_BOA_X0106_Y0103
  • Total Package Energy (J): 134.3511
  • Total DRAM Energy (J):    1256.80332
  • Total Combined Energy (J): 1391.15442
  • Pods involved:  nf-dc232f0126273cd8cc15a0c6111a1181-ad09a
  • Per-PID Energy Breakdown:
    - PID 1907988 → pkg: 37.0252 J, dram: 374.155 J, total: 411.1802 J
    - PID 1907993 → pkg: 0 J, dram: 331.504 J, total: 331.504 J
    - PID 1907996 → pkg: 65.2282 J, dram: 331.88 J, total: 397.1082 J
    - PID 1907997 → pkg: 0 J, dram: 210.368 J, total: 210.368 J
    - PID 2030174 → pkg: 32.0977 J, dram: 8.89632 J, total: 40.99402 J
    - PID 2030205 → pkg: 0 J, dram: 0 J, total: 0 J

🧪 Task: NFCORE_RANGELAND_RANGELAND_PREPROCESSING_MERGE_BOA_X0106_Y0101
  • Total Package Energy (J): 0
  • Total DRAM Energy (J):    257.2303
  • Total Combined Energy (J): 257.2303
  • Pods involved:  nf-7b8438ed7afedf458801cd50a0da9796-e2780
  • Per-PID Energy Breakdown:
    - PID 2101542 → pkg: 0 J, dram: 131.703 J, total: 131.703 J
    - PID 2102697 → pkg: 0 J, dram: 73.0413 J, total: 73.0413 J
    - PID 2102747 → pkg: 0 J, dram: 52.486 J, total: 52.486 J
    - PID 2102856 → pkg: 0 J, dram: 0 J, total: 0 J

🧪 Task: NFCORE_RANGELAND_RANGELAND_HIGHER_LEVEL_FORCE_PYRAMID_X0104_Y0
  • Total Package Energy (J): 357.1748
  • Total DRAM Energy (J):    34.061764
  • Total Combined Energy (J): 391.236564
  • Pods involved:  nf-1094492e08620d9491a16b846bb3b65c-21904 nf-112b6e241fa6db1598881e92efaaa659-efa66 nf-161ec0bdec634f6198aa1ad4bd5a8ab1-3300e nf-1f0759c1ddc763aca5583b976c01cb85-ecdd3 nf-251aba7cd96192aff7716e4a2aef59db-487dc nf-38e658cf5e4057d0180c2737f84eb185-18acf nf-5a3d6c5b25c20b3dba23e7d1b7fa91b1-9ef7d nf-5d8d331e8bc641ea03db20bddf3e2932-4f3cb nf-791e88f1579816c48c56c2cd793ff86e-89122 nf-870a28af09a2c13abcca8a73367547ed-afc7f nf-8dc5b19861cbd934fba7267c4dc0347a-35d03 nf-bb9b9fef059390b16b47030f26242685-289b6 nf-bfda114de3d7d3e7a4b74b4b77ccc8a4-fffb3 nf-c15b85b87b4f0ec3511e057a5f1b4978-6c5e5 nf-c1a347c8066bfbfe52a6a3afa61ae2bd-a3970 nf-c4bfc9304edbf57d82e6baf10a825753-ce7a2 nf-ca163980c212a7ee3eb606a0210f22d9-2a8ce nf-cdb2eea12ede3ccb2cdaf662ac7262db-259e5 nf-e9c04556930e9af94b37839ea49e6739-af367 nf-f2f3faf5f412f0b72f841e048028f6c4-a2f1b nf-f6049d718f9100238ac443c078c3dcce-f78ef nf-ffcf838108155fa44c4463ea870e7617-7224a
  • Per-PID Energy Breakdown:
    - PID 3542752 → pkg: 0 J, dram: 0 J, total: 0 J
    - PID 3551105 → pkg: 0 J, dram: 0 J, total: 0 J
    - PID 3553982 → pkg: 0 J, dram: 0 J, total: 0 J
    - PID 3578453 → pkg: 0 J, dram: 0 J, total: 0 J
    - PID 3579047 → pkg: 0 J, dram: 0 J, total: 0 J
    - PID 3579179 → pkg: 0 J, dram: 0 J, total: 0 J
    - PID 3615678 → pkg: 0 J, dram: 0 J, total: 0 J
    - PID 4155209 → pkg: 0 J, dram: 0 J, total: 0 J
    - PID 4155400 → pkg: 0 J, dram: 0 J, total: 0 J
    - PID 4168278 → pkg: 0 J, dram: 0 J, total: 0 J
    - PID 4168435 → pkg: 0 J, dram: 0 J, total: 0 J
    - PID 4168604 → pkg: 0 J, dram: 0 J, total: 0 J
    - PID 4168605 → pkg: 0 J, dram: 2.3038 J, total: 2.3038 J
    - PID 4168606 → pkg: 0 J, dram: 0 J, total: 0 J
    - PID 4168607 → pkg: 0 J, dram: 0 J, total: 0 J
    - PID 4168608 → pkg: 0 J, dram: 0 J, total: 0 J
    - PID 4168609 → pkg: 0 J, dram: 0 J, total: 0 J
    - PID 4168662 → pkg: 0 J, dram: 0 J, total: 0 J
    - PID 4168668 → pkg: 0 J, dram: 0 J, total: 0 J
    - PID 4168715 → pkg: 0 J, dram: 0 J, total: 0 J
    - PID 4168764 → pkg: 0 J, dram: 0 J, total: 0 J
    - PID 4168786 → pkg: 0 J, dram: 0 J, total: 0 J
    - PID 4168902 → pkg: 0 J, dram: 2.48612 J, total: 2.48612 J
    - PID 4169099 → pkg: 0 J, dram: 0 J, total: 0 J
    - PID 4169110 → pkg: 0 J, dram: 0 J, total: 0 J
    - PID 4169134 → pkg: 0 J, dram: 0 J, total: 0 J
    - PID 4169135 → pkg: 0 J, dram: 0 J, total: 0 J
    - PID 4169136 → pkg: 0 J, dram: 0 J, total: 0 J
    - PID 4169137 → pkg: 0 J, dram: 0 J, total: 0 J
    - PID 4169138 → pkg: 0 J, dram: 0 J, total: 0 J
    - PID 4169139 → pkg: 0 J, dram: 0 J, total: 0 J
    - PID 4169261 → pkg: 0 J, dram: 0 J, total: 0 J
    - PID 4169264 → pkg: 0 J, dram: 0 J, total: 0 J
    - PID 4169294 → pkg: 0 J, dram: 0 J, total: 0 J
    - PID 4169316 → pkg: 0 J, dram: 0 J, total: 0 J
    - PID 4169980 → pkg: 0 J, dram: 0 J, total: 0 J
    - PID 4169992 → pkg: 0 J, dram: 0 J, total: 0 J
    - PID 4170331 → pkg: 0 J, dram: 0 J, total: 0 J
    - PID 4185746 → pkg: 0 J, dram: 0 J, total: 0 J
    - PID 4185886 → pkg: 39.4188 J, dram: 2.63554 J, total: 42.05434 J
    - PID 4186128 → pkg: 39.4599 J, dram: 2.60346 J, total: 42.06336 J
    - PID 4186129 → pkg: 39.4539 J, dram: 2.60806 J, total: 42.06196 J
    - PID 4186130 → pkg: 0 J, dram: 1.20332 J, total: 1.20332 J
    - PID 4186131 → pkg: 11.6377 J, dram: 1.77625 J, total: 13.41395 J
    - PID 4186132 → pkg: 0 J, dram: 1.21254 J, total: 1.21254 J
    - PID 4186133 → pkg: 39.6053 J, dram: 2.54291 J, total: 42.14821 J
    - PID 4186344 → pkg: 0 J, dram: 0 J, total: 0 J
    - PID 4186346 → pkg: 0 J, dram: 1.26135 J, total: 1.26135 J
    - PID 4186400 → pkg: 39.5363 J, dram: 2.47646 J, total: 42.01276 J
    - PID 4186411 → pkg: 39.5691 J, dram: 2.45375 J, total: 42.02285 J
    - PID 4186556 → pkg: 39.4982 J, dram: 2.37504 J, total: 41.87324 J
    - PID 4186560 → pkg: 0 J, dram: 0 J, total: 0 J
    - PID 16254 → pkg: 0 J, dram: 0 J, total: 0 J
    - PID 3382158 → pkg: 0 J, dram: 0 J, total: 0 J
    - PID 3382282 → pkg: 0 J, dram: 0 J, total: 0 J
    - PID 3382437 → pkg: 36.0982 J, dram: 3.09676 J, total: 39.19496 J
    - PID 3399339 → pkg: 0 J, dram: 0 J, total: 0 J
    - PID 3405070 → pkg: 0 J, dram: 0 J, total: 0 J
    - PID 4091866 → pkg: 0 J, dram: 0 J, total: 0 J
    - PID 4093149 → pkg: 0 J, dram: 0 J, total: 0 J
    - PID 4107077 → pkg: 0 J, dram: 0 J, total: 0 J
    - PID 4107201 → pkg: 0 J, dram: 0 J, total: 0 J
    - PID 4107480 → pkg: 0 J, dram: 0 J, total: 0 J
    - PID 4107481 → pkg: 0 J, dram: 0 J, total: 0 J
    - PID 4107482 → pkg: 0 J, dram: 0 J, total: 0 J
    - PID 4107483 → pkg: 0 J, dram: 0 J, total: 0 J
    - PID 4107484 → pkg: 0 J, dram: 0 J, total: 0 J
    - PID 4107485 → pkg: 0 J, dram: 0 J, total: 0 J
    - PID 4107732 → pkg: 0 J, dram: 0 J, total: 0 J
    - PID 4107743 → pkg: 0 J, dram: 0 J, total: 0 J
    - PID 4107748 → pkg: 0 J, dram: 0 J, total: 0 J
    - PID 4107796 → pkg: 0 J, dram: 0 J, total: 0 J
    - PID 4108403 → pkg: 0 J, dram: 0 J, total: 0 J
    - PID 4108408 → pkg: 0 J, dram: 0 J, total: 0 J
    - PID 4130766 → pkg: 0 J, dram: 0 J, total: 0 J
    - PID 4130864 → pkg: 0 J, dram: 0 J, total: 0 J
    - PID 4130913 → pkg: 0 J, dram: 0 J, total: 0 J
    - PID 4131368 → pkg: 32.8974 J, dram: 2.08062 J, total: 34.97802 J
    - PID 4131369 → pkg: 0 J, dram: 0 J, total: 0 J
    - PID 4131370 → pkg: 0 J, dram: 0.945784 J, total: .945784 J
    - PID 4131376 → pkg: 0 J, dram: 0 J, total: 0 J
    - PID 4131382 → pkg: 0 J, dram: 0 J, total: 0 J
    - PID 4131393 → pkg: 0 J, dram: 0 J, total: 0 J
    - PID 4131788 → pkg: 0 J, dram: 0 J, total: 0 J
    - PID 4131791 → pkg: 0 J, dram: 0 J, total: 0 J
    - PID 4131803 → pkg: 0 J, dram: 0 J, total: 0 J
    - PID 4131835 → pkg: 0 J, dram: 0 J, total: 0 J
    - PID 112489 → pkg: 0 J, dram: 0 J, total: 0 J

🧪 Task: NFCORE_RANGELAND_RANGELAND_HIGHER_LEVEL_FORCE_PYRAMID_X0105_Y0
  • Total Package Energy (J): 0
  • Total DRAM Energy (J):    0
  • Total Combined Energy (J): 0
  • Pods involved:  nf-0009722e45d817ef14e01da7cda0564f-56a8b nf-0d5135ecdcbccede60c53d14e5791efd-22073 nf-0fe8660e649f9412bce266738d1b7d35-781ae nf-1063eaa9c2982725e3f85d335b8ad2b9-b47ad nf-1758cfe4c2f9c3d74904e4345f8afeff-4f4fe nf-1ae8c1e05f2ffd15a6748a9fc0ca7b17-859b6 nf-1b5d2359cc624f6c3339bc53d5b0ccd2-22d65 nf-3aa28cece6b6e29fb35abc52faf95411-b98be nf-440e1105616c66c826abcc411d930046-0761b nf-58bcd48c46837f895221b6e7d7633f3b-96c32 nf-58fae12e5ce09a85f17e40fd9f80541b-e626b nf-7c5b5bbd9a438d90ecb1fbb93303e2bf-8133c nf-88b9403b5a0462ad9554cc803d6f118b-533f9 nf-8a1ce3b3ff95b20df4780053f3108f62-c445a nf-8cfdf5a1252f6f80e8bf9f4b9a2f3183-7cd19 nf-977973441e34572e6a1505e189b0cfb8-bb11c nf-9ffaf8c7521ea2b5bb072c70a89e09bd-19ea5 nf-a013f9717059231e5e5bee17e7d3fd61-9a2bc nf-a18897dc53d13c72570c022ba66f9faa-0325f nf-a91b2bc3c98a5cf565cca58ae130f0a2-accad nf-b278d0df670376e0b4b5fb43ecb13d43-20d8b nf-bbe2b0ddc5ad5579034847ba032efbbf-2f87a nf-c6e6832ee10b189caefdce20b77a53ac-c450f nf-cc27df56c3738f925723fbef736db7c8-8a4db nf-d49d0d4f0ace4cec5907500b4111673b-755ea nf-d972aaa334a2b7b109a57c426bbc4855-3c3a7 nf-df1e671761531c66efb5d9d1acec8930-6b20d nf-f6ecb24426a332f65cd1fb63a5f0fb78-77ec7 nf-f8db9b10eba8661f61339225315c8f7e-f14c7 nf-fdbdd046d0d004ab75af36bab50bb8a9-c8e5c nf-ffb82aa47a21966187d67d168279bd1a-5cd78
  • Per-PID Energy Breakdown:
    - PID 3504755 → pkg: 0 J, dram: 0 J, total: 0 J
    - PID 3505151 → pkg: 0 J, dram: 0 J, total: 0 J
    - PID 3516445 → pkg: 0 J, dram: 0 J, total: 0 J
    - PID 3516611 → pkg: 0 J, dram: 0 J, total: 0 J
    - PID 3516929 → pkg: 0 J, dram: 0 J, total: 0 J
    - PID 3580797 → pkg: 0 J, dram: 0 J, total: 0 J
    - PID 3815730 → pkg: 0 J, dram: 0 J, total: 0 J
    - PID 3843777 → pkg: 0 J, dram: 0 J, total: 0 J
    - PID 3843870 → pkg: 0 J, dram: 0 J, total: 0 J
    - PID 3844283 → pkg: 0 J, dram: 0 J, total: 0 J
    - PID 3844284 → pkg: 0 J, dram: 0 J, total: 0 J
    - PID 3844285 → pkg: 0 J, dram: 0 J, total: 0 J
    - PID 3844286 → pkg: 0 J, dram: 0 J, total: 0 J
    - PID 3844288 → pkg: 0 J, dram: 0 J, total: 0 J
    - PID 3844289 → pkg: 0 J, dram: 0 J, total: 0 J
    - PID 3844404 → pkg: 0 J, dram: 0 J, total: 0 J
    - PID 3844406 → pkg: 0 J, dram: 0 J, total: 0 J
    - PID 3844426 → pkg: 0 J, dram: 0 J, total: 0 J
    - PID 3844472 → pkg: 0 J, dram: 0 J, total: 0 J
    - PID 3844698 → pkg: 0 J, dram: 0 J, total: 0 J
    - PID 3844706 → pkg: 0 J, dram: 0 J, total: 0 J
    - PID 3856285 → pkg: 0 J, dram: 0 J, total: 0 J
    - PID 3859568 → pkg: 0 J, dram: 0 J, total: 0 J
    - PID 3859784 → pkg: 0 J, dram: 0 J, total: 0 J
    - PID 3869913 → pkg: 0 J, dram: 0 J, total: 0 J
    - PID 3871969 → pkg: 0 J, dram: 0 J, total: 0 J
    - PID 3904973 → pkg: 0 J, dram: 0 J, total: 0 J
    - PID 3917876 → pkg: 0 J, dram: 0 J, total: 0 J
    - PID 164269 → pkg: 0 J, dram: 0 J, total: 0 J
    - PID 164371 → pkg: 0 J, dram: 0 J, total: 0 J
    - PID 3360320 → pkg: 0 J, dram: 0 J, total: 0 J
    - PID 3380305 → pkg: 0 J, dram: 0 J, total: 0 J
    - PID 3403887 → pkg: 0 J, dram: 0 J, total: 0 J
    - PID 3404301 → pkg: 0 J, dram: 0 J, total: 0 J
    - PID 3405707 → pkg: 0 J, dram: 0 J, total: 0 J
    - PID 3414792 → pkg: 0 J, dram: 0 J, total: 0 J
    - PID 3707765 → pkg: 0 J, dram: 0 J, total: 0 J
    - PID 3707885 → pkg: 0 J, dram: 0 J, total: 0 J
    - PID 3707992 → pkg: 0 J, dram: 0 J, total: 0 J
    - PID 3707993 → pkg: 0 J, dram: 0 J, total: 0 J
    - PID 3707994 → pkg: 0 J, dram: 0 J, total: 0 J
    - PID 3707995 → pkg: 0 J, dram: 0 J, total: 0 J
    - PID 3707996 → pkg: 0 J, dram: 0 J, total: 0 J
    - PID 3707998 → pkg: 0 J, dram: 0 J, total: 0 J
    - PID 3708029 → pkg: 0 J, dram: 0 J, total: 0 J
    - PID 3708033 → pkg: 0 J, dram: 0 J, total: 0 J
    - PID 3708054 → pkg: 0 J, dram: 0 J, total: 0 J
    - PID 3708095 → pkg: 0 J, dram: 0 J, total: 0 J
    - PID 3708232 → pkg: 0 J, dram: 0 J, total: 0 J
    - PID 3708237 → pkg: 0 J, dram: 0 J, total: 0 J
    - PID 3750205 → pkg: 0 J, dram: 0 J, total: 0 J
    - PID 3750694 → pkg: 0 J, dram: 0 J, total: 0 J
    - PID 3763595 → pkg: 0 J, dram: 0 J, total: 0 J
    - PID 3765235 → pkg: 0 J, dram: 0 J, total: 0 J
    - PID 3807656 → pkg: 0 J, dram: 0 J, total: 0 J
    - PID 3880909 → pkg: 0 J, dram: 0 J, total: 0 J
    - PID 3881758 → pkg: 0 J, dram: 0 J, total: 0 J
    - PID 3893945 → pkg: 0 J, dram: 0 J, total: 0 J
    - PID 3894706 → pkg: 0 J, dram: 0 J, total: 0 J

🧪 Task: NFCORE_RANGELAND_RANGELAND_PREPROCESSING_MERGE_QAI_X0105_Y0102
  • Total Package Energy (J): 16024.412
  • Total DRAM Energy (J):    1994.16375
  • Total Combined Energy (J): 18018.57575
  • Pods involved:  nf-bc95549b39f118fb5f6ce77cf4907101-fd7a9
  • Per-PID Energy Breakdown:
    - PID 2198670 → pkg: 0 J, dram: 0 J, total: 0 J
    - PID 2198713 → pkg: 0 J, dram: 0 J, total: 0 J
    - PID 2263734 → pkg: 0 J, dram: 3.22035 J, total: 3.22035 J
    - PID 2263925 → pkg: 0 J, dram: 0 J, total: 0 J
    - PID 2265056 → pkg: 0 J, dram: 0 J, total: 0 J
    - PID 2265089 → pkg: 0 J, dram: 0 J, total: 0 J
    - PID 2384329 → pkg: 195.06 J, dram: 32.3164 J, total: 227.3764 J
    - PID 2384454 → pkg: 171.056 J, dram: 26.2939 J, total: 197.3499 J
    - PID 2426625 → pkg: 1045.94 J, dram: 158.132 J, total: 1204.072 J
    - PID 2426639 → pkg: 1058.48 J, dram: 158.277 J, total: 1216.757 J
    - PID 2475576 → pkg: 863.697 J, dram: 135.018 J, total: 998.715 J
    - PID 2475598 → pkg: 912.651 J, dram: 136.574 J, total: 1049.225 J
    - PID 2520215 → pkg: 881.856 J, dram: 133.665 J, total: 1015.521 J
    - PID 2520253 → pkg: 828.791 J, dram: 127.502 J, total: 956.293 J
    - PID 2572983 → pkg: 1048.03 J, dram: 159.153 J, total: 1207.183 J
    - PID 2609436 → pkg: 1031.35 J, dram: 144.928 J, total: 1176.278 J
    - PID 2609462 → pkg: 1040.35 J, dram: 141.511 J, total: 1181.861 J
    - PID 2665422 → pkg: 818.834 J, dram: 90.1348 J, total: 908.9688 J
    - PID 2665439 → pkg: 820.528 J, dram: 89.0506 J, total: 909.5786 J
    - PID 2701680 → pkg: 714.817 J, dram: 68.7326 J, total: 783.5496 J
    - PID 2701710 → pkg: 712.376 J, dram: 67.9439 J, total: 780.3199 J
    - PID 2732963 → pkg: 645.17 J, dram: 56.7278 J, total: 701.8978 J
    - PID 2732975 → pkg: 645.322 J, dram: 56.1124 J, total: 701.4344 J
    - PID 2753387 → pkg: 767.675 J, dram: 63.294 J, total: 830.969 J
    - PID 2753400 → pkg: 767.887 J, dram: 62.6331 J, total: 830.5201 J
    - PID 2772951 → pkg: 527.934 J, dram: 41.6748 J, total: 569.6088 J
    - PID 2772956 → pkg: 526.608 J, dram: 41.2691 J, total: 567.8771 J

🧪 Task: NFCORE_RANGELAND_RANGELAND_PREPROCESSING_MERGE_QAI_X0105_Y0103
  • Total Package Energy (J): 10818.234
  • Total DRAM Energy (J):    1417.8690
  • Total Combined Energy (J): 12236.1030
  • Pods involved:  nf-dd3d739266e9b7b43f5817c277ac7eb8-de373
  • Per-PID Energy Breakdown:
    - PID 2175747 → pkg: 579.731 J, dram: 98.4991 J, total: 678.2301 J
    - PID 2299220 → pkg: 0 J, dram: 0 J, total: 0 J
    - PID 2304313 → pkg: 0 J, dram: 0 J, total: 0 J
    - PID 2385785 → pkg: 356.806 J, dram: 61.0305 J, total: 417.8365 J
    - PID 2387458 → pkg: 659.595 J, dram: 104.483 J, total: 764.078 J
    - PID 2446856 → pkg: 1055.17 J, dram: 159.679 J, total: 1214.849 J
    - PID 2446898 → pkg: 1009.04 J, dram: 153.692 J, total: 1162.732 J
    - PID 2553766 → pkg: 1013.01 J, dram: 155.428 J, total: 1168.438 J
    - PID 2625317 → pkg: 894.101 J, dram: 115.796 J, total: 1009.897 J
    - PID 2625344 → pkg: 903.224 J, dram: 116.485 J, total: 1019.709 J
    - PID 2642130 → pkg: 819.063 J, dram: 99.1722 J, total: 918.2352 J
    - PID 2642158 → pkg: 854.552 J, dram: 102.914 J, total: 957.466 J
    - PID 2707684 → pkg: 714.676 J, dram: 68.8307 J, total: 783.5067 J
    - PID 2707696 → pkg: 713.46 J, dram: 68.1875 J, total: 781.6475 J
    - PID 2719626 → pkg: 623.743 J, dram: 57.1248 J, total: 680.8678 J
    - PID 2719646 → pkg: 622.063 J, dram: 56.5472 J, total: 678.6102 J
    - PID 2761295 → pkg: 0 J, dram: 0 J, total: 0 J
    - PID 2761389 → pkg: 0 J, dram: 0 J, total: 0 J

🧪 Task: NFCORE_RANGELAND_RANGELAND_HIGHER_LEVEL_FORCE_PYRAMID_X0108_Y0
  • Total Package Energy (J): 36.3614
  • Total DRAM Energy (J):    3.94913
  • Total Combined Energy (J): 40.31053
  • Pods involved:  nf-05ed20b59b37c3f3fae4f36caa44468f-4e426 nf-05f5b333a5822fea9c61df309f7a6dc7-ad9d6 nf-1c68fb4693f3f3015bd00a1815ccda49-ae82b nf-2f6b4566863efca5d4568d5b73ba6302-e0d7c nf-382cdd6907a6d4e13bda246418170e97-cb736 nf-5a58db5b74ad4e67793d064725191524-ab859 nf-5b04a865c2798dfb55204ab6ab7832fb-8df0c nf-5d89d47af7f0831efb2e133e38e0560c-1b2a2 nf-60aa7a36cceaa413a7b1cad79ed9dd7d-a8b3e nf-63d0f63ddd2717c97b937e3dcdf6963d-78e75 nf-6c4760f7fe5a9b1ac1b76e14bb517d87-012bc nf-765664bc44bd868c76e776548f671195-d33f9 nf-78cbd571a1aadabb70fd6ef6a3556722-ec359 nf-7b6a824834db1ca36182fdc7353ef81b-2ce8b nf-8079aa183df84db143c3ad2735f8a926-b01b5 nf-8a494c1a4cb000d485032d12e08eb0d9-35b5c nf-8be0ace730f00e35e5ea1f0b39b409e9-5eb7e nf-8eb3f06bc09671c085a9e6bf8ccac827-2ba6a nf-9359250f9a8579449a84a53175564c8f-de60e nf-96bedadabd79afba06044bad6a284fc7-304cb nf-ac9d39f80ce7778f9f197642ab020225-08f76 nf-b6f031c0e1f7e0d46145afcc841e63af-6686f nf-ba63495aa6fe3960537a3dc7bbcdd9bf-228d7 nf-bc852601f25744b5c67781d729cd312c-e891e nf-cdea389f38961fd3b752c8376bf17caa-9f506 nf-d07bb997378ae05ba9035409e977dee9-ebcf0 nf-d578af136127f7e5552ef2f9e8176e50-989a0 nf-eb1ef79ba75b0fcc22ae9e024155fa4c-a9525 nf-f62e7815fa9264e3183339cf1edf8fff-edf57 nf-f75cec279ffaf71e920e2b4b82031d28-d8164
  • Per-PID Energy Breakdown:
    - PID 3588044 → pkg: 0 J, dram: 0 J, total: 0 J
    - PID 3588731 → pkg: 0 J, dram: 0 J, total: 0 J
    - PID 3589210 → pkg: 0 J, dram: 0 J, total: 0 J
    - PID 3589211 → pkg: 0 J, dram: 0 J, total: 0 J
    - PID 3589212 → pkg: 0 J, dram: 0 J, total: 0 J
    - PID 3589213 → pkg: 0 J, dram: 0 J, total: 0 J
    - PID 3589214 → pkg: 0 J, dram: 0 J, total: 0 J
    - PID 3589292 → pkg: 0 J, dram: 0 J, total: 0 J
    - PID 3589334 → pkg: 0 J, dram: 0 J, total: 0 J
    - PID 3589366 → pkg: 0 J, dram: 0 J, total: 0 J
    - PID 3589847 → pkg: 0 J, dram: 0 J, total: 0 J
    - PID 3589853 → pkg: 0 J, dram: 0 J, total: 0 J
    - PID 3626046 → pkg: 0 J, dram: 0 J, total: 0 J
    - PID 3626167 → pkg: 0 J, dram: 0 J, total: 0 J
    - PID 3626538 → pkg: 0 J, dram: 0 J, total: 0 J
    - PID 3626541 → pkg: 0 J, dram: 0 J, total: 0 J
    - PID 3626543 → pkg: 0 J, dram: 0 J, total: 0 J
    - PID 3626546 → pkg: 0 J, dram: 0 J, total: 0 J
    - PID 3626554 → pkg: 0 J, dram: 0 J, total: 0 J
    - PID 3626555 → pkg: 0 J, dram: 0 J, total: 0 J
    - PID 3626669 → pkg: 0 J, dram: 0 J, total: 0 J
    - PID 3626675 → pkg: 0 J, dram: 0 J, total: 0 J
    - PID 3626738 → pkg: 0 J, dram: 0 J, total: 0 J
    - PID 3626767 → pkg: 0 J, dram: 0 J, total: 0 J
    - PID 3626995 → pkg: 0 J, dram: 0 J, total: 0 J
    - PID 3627001 → pkg: 0 J, dram: 0 J, total: 0 J
    - PID 3672469 → pkg: 0 J, dram: 0 J, total: 0 J
    - PID 3672679 → pkg: 0 J, dram: 0 J, total: 0 J
    - PID 3829604 → pkg: 0 J, dram: 0 J, total: 0 J
    - PID 3939244 → pkg: 0 J, dram: 0 J, total: 0 J
    - PID 3939326 → pkg: 0 J, dram: 0 J, total: 0 J
    - PID 3939427 → pkg: 0 J, dram: 0 J, total: 0 J
    - PID 3939428 → pkg: 0 J, dram: 0 J, total: 0 J
    - PID 3939429 → pkg: 0 J, dram: 0 J, total: 0 J
    - PID 3939432 → pkg: 0 J, dram: 0 J, total: 0 J
    - PID 3939433 → pkg: 0 J, dram: 0 J, total: 0 J
    - PID 3939711 → pkg: 0 J, dram: 0 J, total: 0 J
    - PID 3939714 → pkg: 0 J, dram: 0 J, total: 0 J
    - PID 3939765 → pkg: 0 J, dram: 0 J, total: 0 J
    - PID 3939792 → pkg: 0 J, dram: 0 J, total: 0 J
    - PID 3940025 → pkg: 0 J, dram: 0 J, total: 0 J
    - PID 3961361 → pkg: 0 J, dram: 0 J, total: 0 J
    - PID 4079784 → pkg: 0 J, dram: 0 J, total: 0 J
    - PID 4090777 → pkg: 0 J, dram: 0 J, total: 0 J
    - PID 4104562 → pkg: 0 J, dram: 0 J, total: 0 J
    - PID 4105700 → pkg: 0 J, dram: 0 J, total: 0 J
    - PID 4130099 → pkg: 0 J, dram: 0 J, total: 0 J
    - PID 12059 → pkg: 0 J, dram: 0 J, total: 0 J
    - PID 12294 → pkg: 0 J, dram: 0 J, total: 0 J
    - PID 15763 → pkg: 0 J, dram: 0 J, total: 0 J
    - PID 3468245 → pkg: 0 J, dram: 0 J, total: 0 J
    - PID 3468685 → pkg: 0 J, dram: 0 J, total: 0 J
    - PID 3468971 → pkg: 0 J, dram: 0 J, total: 0 J
    - PID 3469169 → pkg: 36.3614 J, dram: 3.94913 J, total: 40.31053 J
    - PID 3851023 → pkg: 0 J, dram: 0 J, total: 0 J
    - PID 3880354 → pkg: 0 J, dram: 0 J, total: 0 J
    - PID 3917931 → pkg: 0 J, dram: 0 J, total: 0 J
    - PID 3918026 → pkg: 0 J, dram: 0 J, total: 0 J
    - PID 3919090 → pkg: 0 J, dram: 0 J, total: 0 J
    - PID 3979101 → pkg: 0 J, dram: 0 J, total: 0 J
    - PID 3991690 → pkg: 0 J, dram: 0 J, total: 0 J
    - PID 3992044 → pkg: 0 J, dram: 0 J, total: 0 J
    - PID 4015227 → pkg: 0 J, dram: 0 J, total: 0 J
    - PID 4104807 → pkg: 0 J, dram: 0 J, total: 0 J
    - PID 4145231 → pkg: 0 J, dram: 0 J, total: 0 J
    - PID 4145536 → pkg: 0 J, dram: 0 J, total: 0 J

🧪 Task: NFCORE_RANGELAND_RANGELAND_PREPROCESSING_MERGE_BOA_X0109_Y0101
  • Total Package Energy (J): 360.02069
  • Total DRAM Energy (J):    662.71805
  • Total Combined Energy (J): 1022.73874
  • Pods involved:  nf-ce13414bc4557e1b24f0bc1ab582f60e-b119f
  • Per-PID Energy Breakdown:
    - PID 2094133 → pkg: 0 J, dram: 0 J, total: 0 J
    - PID 2094333 → pkg: 0 J, dram: 4.75235 J, total: 4.75235 J
    - PID 2094958 → pkg: 155.109 J, dram: 146.752 J, total: 301.861 J
    - PID 2094959 → pkg: 118.553 J, dram: 100.771 J, total: 219.324 J
    - PID 2094960 → pkg: 0 J, dram: 95.2038 J, total: 95.2038 J
    - PID 2094965 → pkg: 80.6339 J, dram: 71.2919 J, total: 151.9258 J
    - PID 2095210 → pkg: 0 J, dram: 125.875 J, total: 125.875 J
    - PID 2095213 → pkg: 5.72479 J, dram: 118.072 J, total: 123.79679 J

🧪 Task: NFCORE_RANGELAND_RANGELAND_PREPROCESSING_MERGE_BOA_X0109_Y0102
  • Total Package Energy (J): 181.3434
  • Total DRAM Energy (J):    577.6524
  • Total Combined Energy (J): 758.9958
  • Pods involved:  nf-7ca257bf15b2d3e0d2c6d6880b5cc4e6-9909a
  • Per-PID Energy Breakdown:
    - PID 1905173 → pkg: 0 J, dram: 69.5936 J, total: 69.5936 J
    - PID 1906743 → pkg: 117.98 J, dram: 107.947 J, total: 225.927 J
    - PID 1906746 → pkg: 0 J, dram: 102.554 J, total: 102.554 J
    - PID 1906747 → pkg: 0 J, dram: 61.3938 J, total: 61.3938 J
    - PID 1906866 → pkg: 63.3634 J, dram: 110.65 J, total: 174.0134 J
    - PID 1907095 → pkg: 0 J, dram: 125.514 J, total: 125.514 J
    - PID 2029463 → pkg: 0 J, dram: 0 J, total: 0 J

🧪 Task: NFCORE_RANGELAND_RANGELAND_PREPROCESSING_MERGE_QAI_X0110_Y0102
  • Total Package Energy (J): 7520.6441
  • Total DRAM Energy (J):    1139.26124
  • Total Combined Energy (J): 8659.90534
  • Pods involved:  nf-0fd2ff3e0d0fddfddbf6df4d78b947a8-ad21c
  • Per-PID Energy Breakdown:
    - PID 2185084 → pkg: 32.9293 J, dram: 9.3727 J, total: 42.3020 J
    - PID 2191093 → pkg: 31.8198 J, dram: 8.72734 J, total: 40.54714 J
    - PID 2191157 → pkg: 0 J, dram: 0 J, total: 0 J
    - PID 2265298 → pkg: 0 J, dram: 0 J, total: 0 J
    - PID 2298083 → pkg: 0 J, dram: 0 J, total: 0 J
    - PID 2335050 → pkg: 106.97 J, dram: 17.8714 J, total: 124.8414 J
    - PID 2384123 → pkg: 398.073 J, dram: 64.0225 J, total: 462.0955 J
    - PID 2384358 → pkg: 423.834 J, dram: 65.6404 J, total: 489.4744 J
    - PID 2385242 → pkg: 228.15 J, dram: 34.939 J, total: 263.089 J
    - PID 2385429 → pkg: 326.312 J, dram: 51.4739 J, total: 377.7859 J
    - PID 2435444 → pkg: 781.153 J, dram: 117.038 J, total: 898.191 J
    - PID 2441051 → pkg: 932.353 J, dram: 139.781 J, total: 1072.134 J
    - PID 2522025 → pkg: 779.375 J, dram: 117.038 J, total: 896.413 J
    - PID 2529109 → pkg: 954.945 J, dram: 146.159 J, total: 1101.104 J
    - PID 2529124 → pkg: 913.492 J, dram: 136.763 J, total: 1050.255 J
    - PID 2606151 → pkg: 804.302 J, dram: 113.579 J, total: 917.881 J
    - PID 2606168 → pkg: 806.936 J, dram: 116.856 J, total: 923.792 J

🧪 Task: NFCORE_RANGELAND_RANGELAND_PREPROCESSING_MERGE_QAI_X0110_Y0101
  • Total Package Energy (J): 7848.121
  • Total DRAM Energy (J):    9487.05464
  • Total Combined Energy (J): 17335.17564
  • Pods involved:  nf-cccae0e563593421739469eddcac77f7-93a05
  • Per-PID Energy Breakdown:
    - PID 2102018 → pkg: 0 J, dram: 8298.8 J, total: 8298.8 J
    - PID 2192040 → pkg: 0 J, dram: 0 J, total: 0 J
    - PID 2192103 → pkg: 0 J, dram: 0 J, total: 0 J
    - PID 2264113 → pkg: 0 J, dram: 0 J, total: 0 J
    - PID 2264280 → pkg: 0 J, dram: 0 J, total: 0 J
    - PID 2304258 → pkg: 0 J, dram: 0 J, total: 0 J
    - PID 2315686 → pkg: 346.096 J, dram: 79.303 J, total: 425.399 J
    - PID 2315740 → pkg: 184 J, dram: 63.1295 J, total: 247.1295 J
    - PID 2348163 → pkg: 0 J, dram: 0 J, total: 0 J
    - PID 2348296 → pkg: 0 J, dram: 0 J, total: 0 J
    - PID 2380769 → pkg: 203.647 J, dram: 30.3657 J, total: 234.0127 J
    - PID 2381054 → pkg: 204.721 J, dram: 29.975 J, total: 234.696 J
    - PID 2408647 → pkg: 781.296 J, dram: 118.358 J, total: 899.654 J
    - PID 2473096 → pkg: 1052.54 J, dram: 165.519 J, total: 1218.059 J
    - PID 2497113 → pkg: 940.04 J, dram: 142.419 J, total: 1082.459 J
    - PID 2566880 → pkg: 957.427 J, dram: 149.42 J, total: 1106.847 J
    - PID 2599428 → pkg: 875.337 J, dram: 127.118 J, total: 1002.455 J
    - PID 2599460 → pkg: 862.826 J, dram: 123.638 J, total: 986.464 J
    - PID 2660446 → pkg: 662.519 J, dram: 73.7826 J, total: 736.3016 J
    - PID 2660488 → pkg: 698.815 J, dram: 77.3038 J, total: 776.1188 J
    - PID 2724641 → pkg: 39.541 J, dram: 3.98639 J, total: 43.52739 J
    - PID 2724710 → pkg: 39.316 J, dram: 3.93665 J, total: 43.25265 J

🧪 Task: NFCORE_RANGELAND_RANGELAND_HIGHER_LEVEL_FORCE_PYRAMID_X0107_Y0
  • Total Package Energy (J): 383.6632
  • Total DRAM Energy (J):    33.71936
  • Total Combined Energy (J): 417.38256
  • Pods involved:  nf-04f057bb18984f05faa7cefb534114d6-2e0dc nf-0769634a2a6df94894eec1fd38005f0c-d2857 nf-158b3bf9029783ee6a3ff2cbd6f06acb-bc414 nf-1885dd0df46d0f7c6230179f04986233-5ef66 nf-19fa2db02b3e6c909d49e307f3450922-a1982 nf-1d24c59dba4eb07ca2a7de3e02f02244-6321f nf-1d3b1d659aa02267e6dcd005cfa1df5f-0d80b nf-31f22d402235c296e767e94749a0eb8e-c39ad nf-325924b4a2e91a59ccd5be1844a0f8f3-66197 nf-385d336d354cff58a1bedc207a5d3f15-ad395 nf-548dcfef3d1ccbbafc4ce66a0097b44b-c6433 nf-5b55275eac7d2274191ada3bf2bb43de-b20bc nf-619815af87ed0c2dd0a7f1ca58e79c6a-60b89 nf-655c1d1ef63ea91f506062309a4d7e28-d9763 nf-6781f2be31a42cb5c2ef3961203c3e4f-68968 nf-7079ab8a93c540a68bce4bbeadbe9d8e-fc785 nf-714abe77b1483e7a82b380a5b6f0c80c-c6a71 nf-935d226462c9a3314ef7e25274e774b3-8949a nf-a41cff07d152ed540437c77152905e77-2a1ee nf-b06b67136cb75270caaaeae238b61600-0dab6 nf-b5d5bda576180af6dca93ed7c4c8b7d3-9329b nf-bcacf3098986c08571ea59bcea18cbc9-f4954 nf-ce285150613e865b3fb299160b764730-3d140 nf-e0f282a82a7e10072f5f914c3e51fbe1-b4590 nf-f25b5e9e80c822af7d76c941fb5a422e-a8ca8 nf-f4dae47c811e1bb1729d62e5835d8378-af6df
  • Per-PID Energy Breakdown:
    - PID 3475534 → pkg: 0 J, dram: 0 J, total: 0 J
    - PID 3542373 → pkg: 0 J, dram: 0 J, total: 0 J
    - PID 3568125 → pkg: 0 J, dram: 0 J, total: 0 J
    - PID 4033627 → pkg: 0 J, dram: 0 J, total: 0 J
    - PID 4033702 → pkg: 39.3009 J, dram: 2.8529 J, total: 42.1538 J
    - PID 4034024 → pkg: 37.8707 J, dram: 3.02252 J, total: 40.89322 J
    - PID 4034025 → pkg: 38.5252 J, dram: 2.8845 J, total: 41.4097 J
    - PID 4034026 → pkg: 0 J, dram: 1.478 J, total: 1.478 J
    - PID 4034027 → pkg: 39.001 J, dram: 2.93452 J, total: 41.93552 J
    - PID 4034028 → pkg: 0 J, dram: 1.44508 J, total: 1.44508 J
    - PID 4034029 → pkg: 37.087 J, dram: 3.39796 J, total: 40.48496 J
    - PID 4034234 → pkg: 38.6846 J, dram: 2.89774 J, total: 41.58234 J
    - PID 4034238 → pkg: 0 J, dram: 1.42253 J, total: 1.42253 J
    - PID 4034289 → pkg: 38.5759 J, dram: 2.88862 J, total: 41.46452 J
    - PID 4034338 → pkg: 38.4429 J, dram: 2.88195 J, total: 41.32485 J
    - PID 4034562 → pkg: 39.2007 J, dram: 2.52863 J, total: 41.72933 J
    - PID 4034566 → pkg: 36.9743 J, dram: 3.08441 J, total: 40.05871 J
    - PID 4035050 → pkg: 0 J, dram: 0 J, total: 0 J
    - PID 4040314 → pkg: 0 J, dram: 0 J, total: 0 J
    - PID 4091181 → pkg: 0 J, dram: 0 J, total: 0 J
    - PID 4142663 → pkg: 0 J, dram: 0 J, total: 0 J
    - PID 38960 → pkg: 0 J, dram: 0 J, total: 0 J
    - PID 58051 → pkg: 0 J, dram: 0 J, total: 0 J
    - PID 62587 → pkg: 0 J, dram: 0 J, total: 0 J
    - PID 63176 → pkg: 0 J, dram: 0 J, total: 0 J
    - PID 74874 → pkg: 0 J, dram: 0 J, total: 0 J
    - PID 134372 → pkg: 0 J, dram: 0 J, total: 0 J
    - PID 134956 → pkg: 0 J, dram: 0 J, total: 0 J
    - PID 3334684 → pkg: 0 J, dram: 0 J, total: 0 J
    - PID 3334796 → pkg: 0 J, dram: 0 J, total: 0 J
    - PID 3335123 → pkg: 0 J, dram: 0 J, total: 0 J
    - PID 3369659 → pkg: 0 J, dram: 0 J, total: 0 J
    - PID 3369730 → pkg: 0 J, dram: 0 J, total: 0 J
    - PID 3390819 → pkg: 0 J, dram: 0 J, total: 0 J
    - PID 3953280 → pkg: 0 J, dram: 0 J, total: 0 J
    - PID 3953437 → pkg: 0 J, dram: 0 J, total: 0 J
    - PID 3953640 → pkg: 0 J, dram: 0 J, total: 0 J
    - PID 3953641 → pkg: 0 J, dram: 0 J, total: 0 J
    - PID 3953642 → pkg: 0 J, dram: 0 J, total: 0 J
    - PID 3953643 → pkg: 0 J, dram: 0 J, total: 0 J
    - PID 3953644 → pkg: 0 J, dram: 0 J, total: 0 J
    - PID 3953645 → pkg: 0 J, dram: 0 J, total: 0 J
    - PID 3953677 → pkg: 0 J, dram: 0 J, total: 0 J
    - PID 3953679 → pkg: 0 J, dram: 0 J, total: 0 J
    - PID 3953683 → pkg: 0 J, dram: 0 J, total: 0 J
    - PID 3953714 → pkg: 0 J, dram: 0 J, total: 0 J
    - PID 3954364 → pkg: 0 J, dram: 0 J, total: 0 J
    - PID 3954375 → pkg: 0 J, dram: 0 J, total: 0 J
    - PID 3967977 → pkg: 0 J, dram: 0 J, total: 0 J
    - PID 4128655 → pkg: 0 J, dram: 0 J, total: 0 J
    - PID 4128751 → pkg: 0 J, dram: 0 J, total: 0 J
    - PID 4128848 → pkg: 0 J, dram: 0 J, total: 0 J
    - PID 4128849 → pkg: 0 J, dram: 0 J, total: 0 J
    - PID 4128850 → pkg: 0 J, dram: 0 J, total: 0 J
    - PID 4128851 → pkg: 0 J, dram: 0 J, total: 0 J
    - PID 4128852 → pkg: 0 J, dram: 0 J, total: 0 J
    - PID 4128853 → pkg: 0 J, dram: 0 J, total: 0 J
    - PID 4128909 → pkg: 0 J, dram: 0 J, total: 0 J
    - PID 4128912 → pkg: 0 J, dram: 0 J, total: 0 J
    - PID 4128945 → pkg: 0 J, dram: 0 J, total: 0 J
    - PID 4129000 → pkg: 0 J, dram: 0 J, total: 0 J
    - PID 4129422 → pkg: 0 J, dram: 0 J, total: 0 J
    - PID 4129469 → pkg: 0 J, dram: 0 J, total: 0 J
    - PID 4149844 → pkg: 0 J, dram: 0 J, total: 0 J
    - PID 4151697 → pkg: 0 J, dram: 0 J, total: 0 J
    - PID 58737 → pkg: 0 J, dram: 0 J, total: 0 J

🧪 Task: NFCORE_RANGELAND_RANGELAND_HIGHER_LEVEL_FORCE_PYRAMID_X0106_Y0
  • Total Package Energy (J): 433.0377
  • Total DRAM Energy (J):    45.33000
  • Total Combined Energy (J): 478.36770
  • Pods involved:  nf-05b62bef747ca8b6ed1a7d7bae9fa13c-7fbd0 nf-0b8875c899ea3eb0b9f8f1756ec49f48-7117d nf-17697548f2e79818a36807b9e0991a4e-4324a nf-1b31149806d9a997d28374815bf50fd7-40f45 nf-203c1b63864963db0e62993cce01adee-70952 nf-25cb0378c2193f863fd766334d5f26d2-1ed36 nf-3920144d7539d7de26fdcaad21f501ad-9babe nf-3d6c50dc8a730a783447e0f77c6bd8c7-3327d nf-4011080da70df8d49161aa3319921d90-a97a0 nf-41bc1ab0bd9dbe21cb589a51a106d1a0-15a03 nf-437e5c72fcf581cc7bd1e5098dc7368b-0de15 nf-44e0bc290b637b5bd8587517279d6986-dec25 nf-466e06f548ad27f14b1b74314e0eed3d-9e1b6 nf-58ae3d6d8eb4fd2877100862216a7771-7b13c nf-67437e9302e8e5e301a87bec7c5ac0ab-8ba44 nf-71c8d6b49950f2dedb898deeb1e1b0ed-bee0a nf-74aec977452797f6d0d9a9c7891e210f-f9f8d nf-7b999430c83198353abff0c4f542cb3b-0aa2a nf-8bc1fb13c688af658bb481293aaaf6df-a8462 nf-ab972aa4c162335bee5060481938bccf-5e9fb nf-b0dfc942c0993191f79a5bb8df2bb6df-10dad nf-b9c7a45f94757b27199197fde0409c11-1b211 nf-bda49570b3791178831d2826de7f570d-3a75a nf-d7abf9515ea7a2102a0b6d1819e79fb4-3df2e nf-f2b3a47de28de381dd03e912fe81f9f5-c23e7
  • Per-PID Energy Breakdown:
    - PID 3762595 → pkg: 0 J, dram: 0 J, total: 0 J
    - PID 3777759 → pkg: 0 J, dram: 0 J, total: 0 J
    - PID 3778166 → pkg: 0 J, dram: 1.46112 J, total: 1.46112 J
    - PID 3778590 → pkg: 38.3527 J, dram: 2.92916 J, total: 41.28186 J
    - PID 3778591 → pkg: 38.7287 J, dram: 2.88237 J, total: 41.61107 J
    - PID 3778592 → pkg: 0 J, dram: 0 J, total: 0 J
    - PID 3778593 → pkg: 0 J, dram: 2.70283 J, total: 2.70283 J
    - PID 3778594 → pkg: 0 J, dram: 0 J, total: 0 J
    - PID 3778595 → pkg: 0 J, dram: 0 J, total: 0 J
    - PID 3778676 → pkg: 0 J, dram: 0 J, total: 0 J
    - PID 3778678 → pkg: 0 J, dram: 0 J, total: 0 J
    - PID 3778816 → pkg: 0 J, dram: 0 J, total: 0 J
    - PID 3778827 → pkg: 0 J, dram: 0 J, total: 0 J
    - PID 3779099 → pkg: 0 J, dram: 0 J, total: 0 J
    - PID 3779112 → pkg: 0 J, dram: 0 J, total: 0 J
    - PID 3795395 → pkg: 0 J, dram: 0 J, total: 0 J
    - PID 3799122 → pkg: 0 J, dram: 0 J, total: 0 J
    - PID 3799414 → pkg: 36.4093 J, dram: 3.1182 J, total: 39.5275 J
    - PID 3799773 → pkg: 37.3943 J, dram: 2.85031 J, total: 40.24461 J
    - PID 3799774 → pkg: 38.1905 J, dram: 2.73428 J, total: 40.92478 J
    - PID 3799775 → pkg: 0 J, dram: 1.56915 J, total: 1.56915 J
    - PID 3799776 → pkg: 39.3115 J, dram: 2.57705 J, total: 41.88855 J
    - PID 3799777 → pkg: 0 J, dram: 1.6314 J, total: 1.6314 J
    - PID 3799778 → pkg: 32.3574 J, dram: 3.42129 J, total: 35.77869 J
    - PID 3799858 → pkg: 0 J, dram: 0 J, total: 0 J
    - PID 3799933 → pkg: 38.9257 J, dram: 2.51456 J, total: 41.44026 J
    - PID 3799936 → pkg: 0 J, dram: 1.66341 J, total: 1.66341 J
    - PID 3800005 → pkg: 32.3396 J, dram: 3.67882 J, total: 36.01842 J
    - PID 3800100 → pkg: 32.6549 J, dram: 3.63868 J, total: 36.29358 J
    - PID 3800606 → pkg: 35.5484 J, dram: 2.9211 J, total: 38.4695 J
    - PID 3800631 → pkg: 32.8247 J, dram: 3.03627 J, total: 35.86097 J
    - PID 3805692 → pkg: 0 J, dram: 0 J, total: 0 J
    - PID 3926176 → pkg: 0 J, dram: 0 J, total: 0 J
    - PID 3926796 → pkg: 0 J, dram: 0 J, total: 0 J
    - PID 3938903 → pkg: 0 J, dram: 0 J, total: 0 J
    - PID 3938989 → pkg: 0 J, dram: 0 J, total: 0 J
    - PID 3938991 → pkg: 0 J, dram: 0 J, total: 0 J
    - PID 3938992 → pkg: 0 J, dram: 0 J, total: 0 J
    - PID 3939021 → pkg: 0 J, dram: 0 J, total: 0 J
    - PID 3972605 → pkg: 0 J, dram: 0 J, total: 0 J
    - PID 4137686 → pkg: 0 J, dram: 0 J, total: 0 J
    - PID 4141947 → pkg: 0 J, dram: 0 J, total: 0 J
    - PID 4156221 → pkg: 0 J, dram: 0 J, total: 0 J
    - PID 4157129 → pkg: 0 J, dram: 0 J, total: 0 J
    - PID 4158320 → pkg: 0 J, dram: 0 J, total: 0 J
    - PID 4158462 → pkg: 0 J, dram: 0 J, total: 0 J
    - PID 132381 → pkg: 0 J, dram: 0 J, total: 0 J
    - PID 3665203 → pkg: 0 J, dram: 0 J, total: 0 J
    - PID 3673333 → pkg: 0 J, dram: 0 J, total: 0 J
    - PID 3749501 → pkg: 0 J, dram: 0 J, total: 0 J
    - PID 4037536 → pkg: 0 J, dram: 0 J, total: 0 J
    - PID 4038038 → pkg: 0 J, dram: 0 J, total: 0 J
    - PID 4077908 → pkg: 0 J, dram: 0 J, total: 0 J
    - PID 4078794 → pkg: 0 J, dram: 0 J, total: 0 J
    - PID 4079590 → pkg: 0 J, dram: 0 J, total: 0 J

🧪 Task: NFCORE_RANGELAND_RANGELAND_PREPROCESSING_MERGE_BOA_X0110_Y0102
  • Total Package Energy (J): 419.284
  • Total DRAM Energy (J):    321.58
  • Total Combined Energy (J): 740.864
  • Pods involved:  nf-539371a2f68a353d4c84f586a4af9f9e-0db42
  • Per-PID Energy Breakdown:
    - PID 2050089 → pkg: 419.284 J, dram: 321.58 J, total: 740.864 J

🧪 Task: NFCORE_RANGELAND_RANGELAND_PREPROCESSING_MERGE_BOA_X0110_Y0101
  • Total Package Energy (J): 213.42018
  • Total DRAM Energy (J):    428.81904
  • Total Combined Energy (J): 642.23922
  • Pods involved:  nf-49f532a5d5eb912d901ad6bd0e5a8e56-b35a7
  • Per-PID Energy Breakdown:
    - PID 2100407 → pkg: 51.4594 J, dram: 61.9635 J, total: 113.4229 J
    - PID 2100408 → pkg: 6.12708 J, dram: 4.40774 J, total: 10.53482 J
    - PID 2100409 → pkg: 0 J, dram: 84.3292 J, total: 84.3292 J
    - PID 2100410 → pkg: 86.709 J, dram: 73.9268 J, total: 160.6358 J
    - PID 2100547 → pkg: 0 J, dram: 107.951 J, total: 107.951 J
    - PID 2100553 → pkg: 69.1247 J, dram: 96.2408 J, total: 165.3655 J

🧪 Task: NFCORE_RANGELAND_RANGELAND_PREPROCESSING_MERGE_QAI_X0109_Y0101
  • Total Package Energy (J): 8757.9258
  • Total DRAM Energy (J):    1277.75245
  • Total Combined Energy (J): 10035.67825
  • Pods involved:  nf-750c96ed47e3d53ba5938e1c79fa5fee-0ca38
  • Per-PID Energy Breakdown:
    - PID 2185318 → pkg: 37.8506 J, dram: 8.51225 J, total: 46.36285 J
    - PID 2264998 → pkg: 0 J, dram: 0 J, total: 0 J
    - PID 2265069 → pkg: 0 J, dram: 0 J, total: 0 J
    - PID 2299858 → pkg: 0 J, dram: 0 J, total: 0 J
    - PID 2299923 → pkg: 0 J, dram: 0 J, total: 0 J
    - PID 2341166 → pkg: 0 J, dram: 0 J, total: 0 J
    - PID 2379086 → pkg: 67.399 J, dram: 9.74257 J, total: 77.14157 J
    - PID 2379251 → pkg: 33.5219 J, dram: 4.72115 J, total: 38.24305 J
    - PID 2389540 → pkg: 737.406 J, dram: 116.64 J, total: 854.046 J
    - PID 2389582 → pkg: 701.175 J, dram: 105.892 J, total: 807.067 J
    - PID 2468564 → pkg: 1064.65 J, dram: 166.156 J, total: 1230.806 J
    - PID 2483286 → pkg: 980.065 J, dram: 152.358 J, total: 1132.423 J
    - PID 2483294 → pkg: 932.867 J, dram: 143.862 J, total: 1076.729 J
    - PID 2566837 → pkg: 957.206 J, dram: 143.367 J, total: 1100.573 J
    - PID 2580510 → pkg: 885.075 J, dram: 133.202 J, total: 1018.277 J
    - PID 2580560 → pkg: 958.946 J, dram: 138.279 J, total: 1097.225 J
    - PID 2659577 → pkg: 659.842 J, dram: 73.9002 J, total: 733.7422 J
    - PID 2659601 → pkg: 661.095 J, dram: 73.1822 J, total: 734.2772 J
    - PID 2724937 → pkg: 40.1377 J, dram: 3.99639 J, total: 44.13409 J
    - PID 2725126 → pkg: 40.6896 J, dram: 3.94169 J, total: 44.63129 J

🧪 Task: NFCORE_RANGELAND_RANGELAND_PREPROCESSING_MERGE_QAI_X0109_Y0102
  • Total Package Energy (J): 7210.0988
  • Total DRAM Energy (J):    1044.32955
  • Total Combined Energy (J): 8254.42835
  • Pods involved:  nf-3fb9a65f123bdb9e9f79c2ad99447637-569b5
  • Per-PID Energy Breakdown:
    - PID 2180375 → pkg: 0 J, dram: 0 J, total: 0 J
    - PID 2305827 → pkg: 174.869 J, dram: 41.9534 J, total: 216.8224 J
    - PID 2305909 → pkg: 41.1518 J, dram: 7.35915 J, total: 48.51095 J
    - PID 2412915 → pkg: 893.736 J, dram: 137.783 J, total: 1031.519 J
    - PID 2412986 → pkg: 919.31 J, dram: 137.472 J, total: 1056.782 J
    - PID 2467995 → pkg: 1112.24 J, dram: 165.961 J, total: 1278.201 J
    - PID 2566637 → pkg: 814.127 J, dram: 123.756 J, total: 937.883 J
    - PID 2599148 → pkg: 767.531 J, dram: 111.779 J, total: 879.310 J
    - PID 2599159 → pkg: 769.492 J, dram: 110.661 J, total: 880.153 J
    - PID 2646492 → pkg: 856.13 J, dram: 105.892 J, total: 962.022 J
    - PID 2646524 → pkg: 861.512 J, dram: 101.713 J, total: 963.225 J

🧪 Task: NFCORE_RANGELAND_RANGELAND_PREPROCESSING_MERGE_QAI_X0106_Y0103
  • Total Package Energy (J): 13444.0026
  • Total DRAM Energy (J):    2094.18534
  • Total Combined Energy (J): 15538.18794
  • Pods involved:  nf-7ddc1813d90bc419e0acfb834204163a-bcadb
  • Per-PID Energy Breakdown:
    - PID 1984007 → pkg: 64.1001 J, dram: 19.1662 J, total: 83.2663 J
    - PID 1984022 → pkg: 57.7023 J, dram: 11.4097 J, total: 69.1120 J
    - PID 2082230 → pkg: 38.011 J, dram: 7.72534 J, total: 45.73634 J
    - PID 2082308 → pkg: 38.7908 J, dram: 6.1422 J, total: 44.9330 J
    - PID 2242290 → pkg: 49.2569 J, dram: 36.5103 J, total: 85.7672 J
    - PID 2246419 → pkg: 71.0725 J, dram: 38.5504 J, total: 109.6229 J
    - PID 2400061 → pkg: 1067.69 J, dram: 181.547 J, total: 1249.237 J
    - PID 2400116 → pkg: 1051.32 J, dram: 177.806 J, total: 1229.126 J
    - PID 2484637 → pkg: 943.401 J, dram: 156.804 J, total: 1100.205 J
    - PID 2570453 → pkg: 867.342 J, dram: 146.495 J, total: 1013.837 J
    - PID 2570493 → pkg: 876.274 J, dram: 146.222 J, total: 1022.496 J
    - PID 2589262 → pkg: 960.328 J, dram: 152.267 J, total: 1112.595 J
    - PID 2589320 → pkg: 985.594 J, dram: 153.355 J, total: 1138.949 J
    - PID 2676621 → pkg: 778.353 J, dram: 113.97 J, total: 892.323 J
    - PID 2676656 → pkg: 780.093 J, dram: 112.877 J, total: 892.970 J
    - PID 2698329 → pkg: 784.407 J, dram: 116.034 J, total: 900.441 J
    - PID 2698356 → pkg: 827.8 J, dram: 116.791 J, total: 944.591 J
    - PID 2766001 → pkg: 810.011 J, dram: 103.95 J, total: 913.961 J
    - PID 2766028 → pkg: 812.725 J, dram: 102.811 J, total: 915.536 J
    - PID 2784186 → pkg: 783.751 J, dram: 97.5218 J, total: 881.2728 J
    - PID 2784194 → pkg: 795.98 J, dram: 96.2304 J, total: 892.2104 J

🧪 Task: NFCORE_RANGELAND_RANGELAND_PREPROCESSING_MERGE_QAI_X0106_Y0102
  • Total Package Energy (J): 53085.5733
  • Total DRAM Energy (J):    5546.3832
  • Total Combined Energy (J): 58631.9565
  • Pods involved:  nf-5995d981a715f6faa89c40f9dab5f64c-7d9e1
  • Per-PID Energy Breakdown:
    - PID 2231440 → pkg: 0 J, dram: 0 J, total: 0 J
    - PID 2231459 → pkg: 62.5073 J, dram: 36.9173 J, total: 99.4246 J
    - PID 2293410 → pkg: 622.958 J, dram: 113.596 J, total: 736.554 J
    - PID 2364119 → pkg: 626.334 J, dram: 111.15 J, total: 737.484 J
    - PID 2440428 → pkg: 535.788 J, dram: 104.6 J, total: 640.388 J
    - PID 2440437 → pkg: 573.028 J, dram: 101.671 J, total: 674.699 J
    - PID 2504413 → pkg: 1007.51 J, dram: 169.089 J, total: 1176.599 J
    - PID 2518238 → pkg: 608.78 J, dram: 103.304 J, total: 712.084 J
    - PID 2518270 → pkg: 570.045 J, dram: 97.122 J, total: 667.167 J
    - PID 2596205 → pkg: 1052.83 J, dram: 168.507 J, total: 1221.337 J
    - PID 2596242 → pkg: 1064.77 J, dram: 166.273 J, total: 1231.043 J
    - PID 2614879 → pkg: 637.523 J, dram: 112.271 J, total: 749.794 J
    - PID 2614908 → pkg: 720.335 J, dram: 112.539 J, total: 832.874 J
    - PID 2694466 → pkg: 768.785 J, dram: 109.563 J, total: 878.348 J
    - PID 2694519 → pkg: 793.365 J, dram: 112.038 J, total: 905.403 J
    - PID 2705877 → pkg: 868.824 J, dram: 123.686 J, total: 992.510 J
    - PID 2705891 → pkg: 858.13 J, dram: 121.77 J, total: 979.90 J
    - PID 2781280 → pkg: 588.219 J, dram: 75.2354 J, total: 663.4544 J
    - PID 2781293 → pkg: 583.83 J, dram: 74.4933 J, total: 658.3233 J
    - PID 2788510 → pkg: 824.826 J, dram: 101.63 J, total: 926.456 J
    - PID 2788531 → pkg: 830.947 J, dram: 100.599 J, total: 931.546 J
    - PID 2833754 → pkg: 528.655 J, dram: 53.8574 J, total: 582.5124 J
    - PID 2833777 → pkg: 529.108 J, dram: 53.2395 J, total: 582.3475 J
    - PID 2846799 → pkg: 748.453 J, dram: 72.0597 J, total: 820.5127 J
    - PID 2846826 → pkg: 747.461 J, dram: 71.2996 J, total: 818.7606 J
    - PID 2868922 → pkg: 585.262 J, dram: 55.8721 J, total: 641.1341 J
    - PID 2868936 → pkg: 584.699 J, dram: 55.4014 J, total: 640.1004 J
    - PID 2889249 → pkg: 589.237 J, dram: 57.1599 J, total: 646.3969 J
    - PID 2889293 → pkg: 588.719 J, dram: 56.4998 J, total: 645.2188 J
    - PID 2901561 → pkg: 451.318 J, dram: 43.786 J, total: 495.104 J
    - PID 2901593 → pkg: 452.334 J, dram: 43.3481 J, total: 495.6821 J
    - PID 2920202 → pkg: 624.161 J, dram: 59.6916 J, total: 683.8526 J
    - PID 2920230 → pkg: 665.207 J, dram: 62.8971 J, total: 728.1041 J
    - PID 2933110 → pkg: 458.319 J, dram: 44.2698 J, total: 502.5888 J
    - PID 2933123 → pkg: 458.995 J, dram: 43.8162 J, total: 502.8112 J
    - PID 2952419 → pkg: 585.062 J, dram: 55.7431 J, total: 640.8051 J
    - PID 2952436 → pkg: 585.528 J, dram: 55.1479 J, total: 640.6759 J
    - PID 2963514 → pkg: 540.363 J, dram: 51.4402 J, total: 591.8032 J
    - PID 2963536 → pkg: 540.616 J, dram: 50.9006 J, total: 591.5166 J
    - PID 2987596 → pkg: 686.214 J, dram: 60.0671 J, total: 746.2811 J
    - PID 2987612 → pkg: 685.621 J, dram: 59.4184 J, total: 745.0394 J
    - PID 2995455 → pkg: 718.157 J, dram: 61.382 J, total: 779.539 J
    - PID 2995467 → pkg: 716.669 J, dram: 60.7584 J, total: 777.4274 J
    - PID 3018686 → pkg: 501.246 J, dram: 41.014 J, total: 542.260 J
    - PID 3018699 → pkg: 500.719 J, dram: 40.566 J, total: 541.285 J
    - PID 3026545 → pkg: 535.947 J, dram: 43.254 J, total: 579.201 J
    - PID 3026564 → pkg: 536.292 J, dram: 42.7294 J, total: 579.0214 J
    - PID 3039949 → pkg: 533.629 J, dram: 43.1674 J, total: 576.7964 J
    - PID 3039960 → pkg: 532.692 J, dram: 42.7476 J, total: 575.4396 J
    - PID 3046881 → pkg: 754.959 J, dram: 63.4793 J, total: 818.4383 J
    - PID 3046904 → pkg: 754.503 J, dram: 61.0929 J, total: 815.5959 J
    - PID 3060338 → pkg: 793.324 J, dram: 64.7461 J, total: 858.0701 J
    - PID 3060343 → pkg: 792.015 J, dram: 64.0573 J, total: 856.0723 J
    - PID 3075469 → pkg: 673.082 J, dram: 55.4008 J, total: 728.4828 J
    - PID 3075474 → pkg: 673.572 J, dram: 54.8042 J, total: 728.3762 J
    - PID 3087916 → pkg: 488.394 J, dram: 40.241 J, total: 528.635 J
    - PID 3087942 → pkg: 488.085 J, dram: 39.8325 J, total: 527.9175 J
    - PID 3102035 → pkg: 758.779 J, dram: 61.9309 J, total: 820.7099 J
    - PID 3102048 → pkg: 759.083 J, dram: 61.2801 J, total: 820.3631 J
    - PID 3108221 → pkg: 530.876 J, dram: 43.1835 J, total: 574.0595 J
    - PID 3108234 → pkg: 529.531 J, dram: 42.7607 J, total: 572.2917 J
    - PID 3129250 → pkg: 591.553 J, dram: 49.554 J, total: 641.107 J
    - PID 3129267 → pkg: 592.102 J, dram: 49.0038 J, total: 641.1058 J
    - PID 3130002 → pkg: 409.57 J, dram: 33.7975 J, total: 443.3675 J
    - PID 3130007 → pkg: 409.065 J, dram: 33.4269 J, total: 442.4919 J
    - PID 3148814 → pkg: 708.24 J, dram: 57.9789 J, total: 766.2189 J
    - PID 3148819 → pkg: 708.741 J, dram: 57.3374 J, total: 766.0784 J
    - PID 3153958 → pkg: 456.591 J, dram: 37.1578 J, total: 493.7488 J
    - PID 3153980 → pkg: 455.383 J, dram: 36.7948 J, total: 492.1778 J
    - PID 3173780 → pkg: 534.788 J, dram: 43.1206 J, total: 577.9086 J
    - PID 3173796 → pkg: 534.531 J, dram: 42.7051 J, total: 577.2361 J
    - PID 3174665 → pkg: 761.296 J, dram: 61.236 J, total: 822.532 J
    - PID 3174685 → pkg: 761.034 J, dram: 60.5849 J, total: 821.6189 J
    - PID 3195650 → pkg: 414.021 J, dram: 33.8862 J, total: 447.9072 J
    - PID 3195656 → pkg: 412.359 J, dram: 33.5157 J, total: 445.8747 J
    - PID 3199863 → pkg: 744.948 J, dram: 61.0356 J, total: 805.9836 J
    - PID 3199880 → pkg: 745.699 J, dram: 60.3775 J, total: 806.0765 J
    - PID 3215653 → pkg: 522.541 J, dram: 42.7251 J, total: 565.2661 J
    - PID 3215684 → pkg: 523.159 J, dram: 42.2859 J, total: 565.4449 J
    - PID 3225859 → pkg: 595.629 J, dram: 48.9273 J, total: 644.5563 J
    - PID 3225864 → pkg: 594.286 J, dram: 48.408 J, total: 642.694 J
    - PID 3236565 → pkg: 412.658 J, dram: 33.8447 J, total: 446.5027 J
    - PID 3236582 → pkg: 412.619 J, dram: 33.4656 J, total: 446.0846 J
    - PID 3249725 → pkg: 632.75 J, dram: 52.5092 J, total: 685.2592 J
    - PID 3249730 → pkg: 633.734 J, dram: 51.9686 J, total: 685.7026 J
    - PID 3255907 → pkg: 555.871 J, dram: 45.43 J, total: 601.301 J
    - PID 3255912 → pkg: 556.185 J, dram: 44.9085 J, total: 601.0935 J

🧪 Task: NFCORE_RANGELAND_RANGELAND_PREPROCESSING_MERGE_QAI_X0106_Y0101
  • Total Package Energy (J): 691.460
  • Total DRAM Energy (J):    129.21706
  • Total Combined Energy (J): 820.67706
  • Pods involved:  nf-b28c560f6aa52ae77ee3fb2a00ce5b11-b40cf
  • Per-PID Energy Breakdown:
    - PID 2083255 → pkg: 0 J, dram: 3.03946 J, total: 3.03946 J
    - PID 2239390 → pkg: 225.733 J, dram: 42.3264 J, total: 268.0594 J
    - PID 2239412 → pkg: 0 J, dram: 0 J, total: 0 J
    - PID 2267236 → pkg: 465.727 J, dram: 83.8512 J, total: 549.5782 J

🧪 Task: NFCORE_RANGELAND_RANGELAND_PREPROCESSING_MERGE_QAI_X0111_Y0102
  • Total Package Energy (J): 3706.435
  • Total DRAM Energy (J):    639.3714
  • Total Combined Energy (J): 4345.8064
  • Pods involved:  nf-2b7e62d78bbb3b5ffdfa5f0da6532170-0d38d
  • Per-PID Energy Breakdown:
    - PID 1957709 → pkg: 101.099 J, dram: 19.4454 J, total: 120.5444 J
    - PID 2130500 → pkg: 0 J, dram: 0 J, total: 0 J
    - PID 2130593 → pkg: 0 J, dram: 0 J, total: 0 J
    - PID 2503830 → pkg: 890.573 J, dram: 150.21 J, total: 1040.783 J
    - PID 2503864 → pkg: 858.488 J, dram: 148.664 J, total: 1007.152 J
    - PID 2507103 → pkg: 928.875 J, dram: 162.399 J, total: 1091.274 J
    - PID 2507116 → pkg: 927.4 J, dram: 158.653 J, total: 1086.053 J

🧪 Task: NFCORE_RANGELAND_RANGELAND_PREPROCESSING_MERGE_QAI_X0111_Y0101
  • Total Package Energy (J): 9245.9642
  • Total DRAM Energy (J):    1432.87408
  • Total Combined Energy (J): 10678.83828
  • Pods involved:  nf-2957c7ee9d0f5ce428bd5e0540d89e90-ba3b1
  • Per-PID Energy Breakdown:
    - PID 2093869 → pkg: 0 J, dram: 0 J, total: 0 J
    - PID 2183698 → pkg: 0 J, dram: 0 J, total: 0 J
    - PID 2189007 → pkg: 0 J, dram: 0 J, total: 0 J
    - PID 2233861 → pkg: 0 J, dram: 0 J, total: 0 J
    - PID 2233903 → pkg: 0 J, dram: 0 J, total: 0 J
    - PID 2307827 → pkg: 48.6213 J, dram: 7.61229 J, total: 56.23359 J
    - PID 2378787 → pkg: 0 J, dram: 0 J, total: 0 J
    - PID 2378912 → pkg: 32.7669 J, dram: 4.62289 J, total: 37.38979 J
    - PID 2380029 → pkg: 171.119 J, dram: 25.409 J, total: 196.528 J
    - PID 2380102 → pkg: 171.083 J, dram: 25.1259 J, total: 196.2089 J
    - PID 2397174 → pkg: 863.435 J, dram: 137.198 J, total: 1000.633 J
    - PID 2397191 → pkg: 822.351 J, dram: 136.652 J, total: 959.003 J
    - PID 2405642 → pkg: 722.492 J, dram: 115.173 J, total: 837.665 J
    - PID 2405669 → pkg: 758.644 J, dram: 116.228 J, total: 874.872 J
    - PID 2478856 → pkg: 950.017 J, dram: 145.82 J, total: 1095.837 J
    - PID 2478898 → pkg: 939.879 J, dram: 146.887 J, total: 1086.766 J
    - PID 2493590 → pkg: 1100.67 J, dram: 164.443 J, total: 1265.113 J
    - PID 2579241 → pkg: 1083.4 J, dram: 166.416 J, total: 1249.816 J
    - PID 2588864 → pkg: 791.083 J, dram: 122.424 J, total: 913.507 J
    - PID 2588880 → pkg: 790.403 J, dram: 118.863 J, total: 909.266 J
    - PID 2666643 → pkg: 0 J, dram: 0 J, total: 0 J
    - PID 2666751 → pkg: 0 J, dram: 0 J, total: 0 J

🧪 Task: NFCORE_RANGELAND_RANGELAND_PREPROCESSING_MERGE_QAI_X0104_Y0103
  • Total Package Energy (J): 8878.4185
  • Total DRAM Energy (J):    1530.01546
  • Total Combined Energy (J): 10408.43396
  • Pods involved:  nf-564cf850fb18be0ca5d467fe487b4fcc-88d25
  • Per-PID Energy Breakdown:
    - PID 1957452 → pkg: 63.0616 J, dram: 26.6392 J, total: 89.7008 J
    - PID 2081004 → pkg: 36.341 J, dram: 7.7286 J, total: 44.0696 J
    - PID 2081029 → pkg: 37.1448 J, dram: 7.39678 J, total: 44.54158 J
    - PID 2231367 → pkg: 0 J, dram: 0 J, total: 0 J
    - PID 2418200 → pkg: 978.912 J, dram: 170.113 J, total: 1149.025 J
    - PID 2418222 → pkg: 987.538 J, dram: 175.169 J, total: 1162.707 J
    - PID 2449321 → pkg: 1086.76 J, dram: 192.155 J, total: 1278.915 J
    - PID 2449383 → pkg: 1124.09 J, dram: 195.078 J, total: 1319.168 J
    - PID 2501042 → pkg: 920.092 J, dram: 160.431 J, total: 1080.523 J
    - PID 2543700 → pkg: 979.688 J, dram: 164.822 J, total: 1144.510 J
    - PID 2543728 → pkg: 1034.26 J, dram: 166.253 J, total: 1200.513 J
    - PID 2609213 → pkg: 753.077 J, dram: 127.594 J, total: 880.671 J
    - PID 2609256 → pkg: 844.587 J, dram: 131.607 J, total: 976.194 J
    - PID 2704208 → pkg: 32.8671 J, dram: 5.02888 J, total: 37.89598 J
    - PID 2704395 → pkg: 0 J, dram: 0 J, total: 0 J

🧪 Task: NFCORE_RANGELAND_RANGELAND_PREPROCESSING_MERGE_QAI_X0104_Y0102
  • Total Package Energy (J): 8611.0269
  • Total DRAM Energy (J):    1499.70385
  • Total Combined Energy (J): 10110.73075
  • Pods involved:  nf-a6e588e6994b9e8bfb4042df240431ef-8bcf3
  • Per-PID Energy Breakdown:
    - PID 1957430 → pkg: 50.1495 J, dram: 11.2742 J, total: 61.4237 J
    - PID 1957444 → pkg: 47.7104 J, dram: 11.2258 J, total: 58.9362 J
    - PID 2137040 → pkg: 64.8508 J, dram: 14.6239 J, total: 79.4747 J
    - PID 2137331 → pkg: 39.6642 J, dram: 6.39895 J, total: 46.06315 J
    - PID 2262841 → pkg: 906.788 J, dram: 162.999 J, total: 1069.787 J
    - PID 2326180 → pkg: 963.457 J, dram: 168.536 J, total: 1131.993 J
    - PID 2335757 → pkg: 1076.69 J, dram: 191.173 J, total: 1267.863 J
    - PID 2504394 → pkg: 998.759 J, dram: 170.284 J, total: 1169.043 J
    - PID 2504433 → pkg: 987.582 J, dram: 171.395 J, total: 1158.977 J
    - PID 2516595 → pkg: 875.521 J, dram: 153.026 J, total: 1028.547 J
    - PID 2516644 → pkg: 844.489 J, dram: 145.114 J, total: 989.603 J
    - PID 2614111 → pkg: 879.473 J, dram: 145.711 J, total: 1025.184 J
    - PID 2619059 → pkg: 875.893 J, dram: 147.943 J, total: 1023.836 J
    - PID 2716110 → pkg: 0 J, dram: 0 J, total: 0 J
    - PID 2716166 → pkg: 0 J, dram: 0 J, total: 0 J

🧪 Task: NFCORE_RANGELAND_RANGELAND_PREPROCESSING_PREPROCESS_CONFIG_LT0
  • Total Package Energy (J): 0
  • Total DRAM Energy (J):    0
  • Total Combined Energy (J): 0
  • Pods involved:  nf-11ed8de35f11297960957c16f01d1950-d77fe nf-2114b5dd50e0fbb0c4b60c01bcfc050e-2a930 nf-28771b69149db04620ccf8f9be206e85-a27a1 nf-2ccca464e4687e7afb058cbff737e800-7a223 nf-2f4003e5e5879638afb7a3f55ec3fc53-918fd nf-419a9a6383afe6ef4d6c90fa9f6ed60c-703a0 nf-563c76623a0b3948b2e82598a02079db-e32b6 nf-5baca7ab2617867d8f739816335d10c4-81f1a nf-5cf1666030c05970a8007401fe8fc966-99a13 nf-622279b0f7ce1f5e4b5baf0ba60324e0-e1b14 nf-6ff684024afdcae8b35c3831b8f277c9-3d75a nf-78ca2463cf101c462fd8efd104fa5ef4-1a70f nf-7d2753727e1f2106a1358b123504c08f-f558a nf-83fe312778826bc300f5555296ea064d-3fba7 nf-848b2432de964d553c7dbab2a7f7e4a4-14f80 nf-8871adae491b9f13baf82142fdddf460-7b4db nf-8edcd174ae80758974ec89dcc21439e8-3e814 nf-a48ee8aafcdcb5914fdc86bbd98b2198-d96d6 nf-a8d8f368a538bf70443562bb7348450c-2c2df nf-badc0a2682e37dcc33a9b9060660e773-030ee nf-c05d5d0bd0e211e72053478ce23200ef-4feef nf-c08b7554f933a77de5cc68fdb2172ad8-32676 nf-ce56edcea162089bfb83cc98e8a7c494-72434 nf-cee1d04f351e0de78ddb144a4c0b4f26-46701 nf-d1957e02ce8a0b0aa2f71e7c685ce7b6-705fb nf-e04f001ef0d11fe6e67be0df4523c7f5-ac121 nf-e0e451935cfc99e3e5c21fd3e8c53a0b-015b9 nf-e2c36a794681c4dc5ba63964fb5d04f5-e8264 nf-e475d9afcb6a40a9e6847ff17dd52739-4d5a8 nf-e8f62b14e8f2d0bcfb57251b93334fb0-3e11c nf-f22142eb5a9adb4e6fc17c14c3b11478-edabf nf-fb263e2c76ed396ddcc3ad1cfff292a7-2dda0
  • Per-PID Energy Breakdown:
    - PID 616251 → pkg: 0 J, dram: 0 J, total: 0 J
    - PID 616378 → pkg: 0 J, dram: 0 J, total: 0 J
    - PID 616958 → pkg: 0 J, dram: 0 J, total: 0 J
    - PID 617033 → pkg: 0 J, dram: 0 J, total: 0 J
    - PID 617169 → pkg: 0 J, dram: 0 J, total: 0 J
    - PID 618313 → pkg: 0 J, dram: 0 J, total: 0 J
    - PID 618719 → pkg: 0 J, dram: 0 J, total: 0 J
    - PID 618890 → pkg: 0 J, dram: 0 J, total: 0 J
    - PID 628053 → pkg: 0 J, dram: 0 J, total: 0 J
    - PID 628197 → pkg: 0 J, dram: 0 J, total: 0 J
    - PID 628684 → pkg: 0 J, dram: 0 J, total: 0 J
    - PID 628691 → pkg: 0 J, dram: 0 J, total: 0 J
    - PID 637519 → pkg: 0 J, dram: 0 J, total: 0 J
    - PID 637860 → pkg: 0 J, dram: 0 J, total: 0 J
    - PID 645909 → pkg: 0 J, dram: 0 J, total: 0 J
    - PID 646007 → pkg: 0 J, dram: 0 J, total: 0 J
    - PID 646318 → pkg: 0 J, dram: 0 J, total: 0 J
    - PID 647222 → pkg: 0 J, dram: 0 J, total: 0 J
    - PID 655129 → pkg: 0 J, dram: 0 J, total: 0 J
    - PID 655133 → pkg: 0 J, dram: 0 J, total: 0 J
    - PID 2062401 → pkg: 0 J, dram: 0 J, total: 0 J
    - PID 2071538 → pkg: 0 J, dram: 0 J, total: 0 J
    - PID 2072171 → pkg: 0 J, dram: 0 J, total: 0 J
    - PID 2072670 → pkg: 0 J, dram: 0 J, total: 0 J
    - PID 2081492 → pkg: 0 J, dram: 0 J, total: 0 J
    - PID 2082644 → pkg: 0 J, dram: 0 J, total: 0 J
    - PID 2082967 → pkg: 0 J, dram: 0 J, total: 0 J
    - PID 2090864 → pkg: 0 J, dram: 0 J, total: 0 J
    - PID 2091085 → pkg: 0 J, dram: 0 J, total: 0 J
    - PID 2092336 → pkg: 0 J, dram: 0 J, total: 0 J
    - PID 2093285 → pkg: 0 J, dram: 0 J, total: 0 J
    - PID 2113251 → pkg: 0 J, dram: 0 J, total: 0 J

🧪 Task: NFCORE_RANGELAND_RANGELAND_PREPROCESSING_MERGE_QAI_X0108_Y0101
  • Total Package Energy (J): 12491.4295
  • Total DRAM Energy (J):    9977.95406
  • Total Combined Energy (J): 22469.38356
  • Pods involved:  nf-e25d59552af009f6abff665a483b0a8e-b7cc6
  • Per-PID Energy Breakdown:
    - PID 2097627 → pkg: 0 J, dram: 8303.26 J, total: 8303.26 J
    - PID 2179836 → pkg: 0 J, dram: 0 J, total: 0 J
    - PID 2264818 → pkg: 65.6151 J, dram: 10.6273 J, total: 76.2424 J
    - PID 2264906 → pkg: 74.2117 J, dram: 14.2103 J, total: 88.4220 J
    - PID 2379381 → pkg: 133.208 J, dram: 20.4942 J, total: 153.7022 J
    - PID 2379505 → pkg: 168.851 J, dram: 25.0768 J, total: 193.9278 J
    - PID 2387250 → pkg: 532.34 J, dram: 90.0408 J, total: 622.3808 J
    - PID 2387307 → pkg: 627.242 J, dram: 95.3605 J, total: 722.6025 J
    - PID 2405087 → pkg: 1149.66 J, dram: 174.141 J, total: 1323.801 J
    - PID 2460315 → pkg: 940.588 J, dram: 150.894 J, total: 1091.482 J
    - PID 2493678 → pkg: 1261.22 J, dram: 191.203 J, total: 1452.423 J
    - PID 2557565 → pkg: 1108.94 J, dram: 166.976 J, total: 1275.916 J
    - PID 2596475 → pkg: 850.088 J, dram: 120.995 J, total: 971.083 J
    - PID 2596501 → pkg: 802.107 J, dram: 115.784 J, total: 917.891 J
    - PID 2648482 → pkg: 858.803 J, dram: 102.926 J, total: 961.729 J
    - PID 2648518 → pkg: 859.787 J, dram: 102.832 J, total: 962.619 J
    - PID 2685201 → pkg: 755.4 J, dram: 77.7448 J, total: 833.1448 J
    - PID 2685221 → pkg: 758.484 J, dram: 76.8969 J, total: 835.3809 J
    - PID 2720950 → pkg: 698.033 J, dram: 63.7401 J, total: 761.7731 J
    - PID 2720959 → pkg: 697.969 J, dram: 63.0494 J, total: 761.0184 J
    - PID 2764457 → pkg: 74.5503 J, dram: 5.86313 J, total: 80.41343 J
    - PID 2764485 → pkg: 74.3324 J, dram: 5.83883 J, total: 80.17123 J

🧪 Task: NFCORE_RANGELAND_RANGELAND_PREPROCESSING_MERGE_QAI_X0108_Y0103
  • Total Package Energy (J): 13899.819
  • Total DRAM Energy (J):    2313.1011
  • Total Combined Energy (J): 16212.9201
  • Pods involved:  nf-a44e9c5f352fd6e322a0cec799ea88d9-22029
  • Per-PID Energy Breakdown:
    - PID 2247110 → pkg: 211.225 J, dram: 42.263 J, total: 253.488 J
    - PID 2247120 → pkg: 242.539 J, dram: 45.0622 J, total: 287.6012 J
    - PID 2247401 → pkg: 0 J, dram: 0 J, total: 0 J
    - PID 2247413 → pkg: 186.302 J, dram: 42.9369 J, total: 229.2389 J
    - PID 2289016 → pkg: 493.542 J, dram: 96.8989 J, total: 590.4409 J
    - PID 2290323 → pkg: 434.394 J, dram: 83.9248 J, total: 518.3188 J
    - PID 2347162 → pkg: 599.492 J, dram: 104.907 J, total: 704.399 J
    - PID 2348003 → pkg: 649.098 J, dram: 114.484 J, total: 763.582 J
    - PID 2406001 → pkg: 517.202 J, dram: 89.9135 J, total: 607.1155 J
    - PID 2406025 → pkg: 514.13 J, dram: 88.6259 J, total: 602.7559 J
    - PID 2411258 → pkg: 596.579 J, dram: 100.364 J, total: 696.943 J
    - PID 2463739 → pkg: 677.348 J, dram: 118.47 J, total: 795.818 J
    - PID 2463770 → pkg: 680.788 J, dram: 117.918 J, total: 798.706 J
    - PID 2467969 → pkg: 485.47 J, dram: 81.8865 J, total: 567.3565 J
    - PID 2530325 → pkg: 697.878 J, dram: 119.424 J, total: 817.302 J
    - PID 2530346 → pkg: 665.717 J, dram: 113.228 J, total: 778.945 J
    - PID 2601586 → pkg: 741.963 J, dram: 117.441 J, total: 859.404 J
    - PID 2601610 → pkg: 700.768 J, dram: 111.128 J, total: 811.896 J
    - PID 2604213 → pkg: 498.541 J, dram: 87.7076 J, total: 586.2486 J
    - PID 2604239 → pkg: 497.195 J, dram: 85.7598 J, total: 582.9548 J
    - PID 2678428 → pkg: 430.973 J, dram: 64.6994 J, total: 495.6724 J
    - PID 2678466 → pkg: 436.242 J, dram: 63.9932 J, total: 500.2352 J
    - PID 2682106 → pkg: 430.247 J, dram: 64.8596 J, total: 495.1066 J
    - PID 2682126 → pkg: 438.97 J, dram: 64.4762 J, total: 503.4462 J
    - PID 2738063 → pkg: 483.87 J, dram: 68.7846 J, total: 552.6546 J
    - PID 2738096 → pkg: 482.132 J, dram: 67.9518 J, total: 550.0838 J
    - PID 2738250 → pkg: 554.67 J, dram: 78.3635 J, total: 633.0335 J
    - PID 2738276 → pkg: 552.544 J, dram: 77.6297 J, total: 630.1737 J

🧪 Task: NFCORE_RANGELAND_RANGELAND_PREPROCESSING_MERGE_QAI_X0108_Y0102
  • Total Package Energy (J): 54583.9952
  • Total DRAM Energy (J):    5842.66362
  • Total Combined Energy (J): 60426.65882
  • Pods involved:  nf-d5fba6354e9ca1c7102525456a18c234-32611
  • Per-PID Energy Breakdown:
    - PID 2236930 → pkg: 103.166 J, dram: 31.9974 J, total: 135.1634 J
    - PID 2241624 → pkg: 0 J, dram: 0 J, total: 0 J
    - PID 2357989 → pkg: 561.522 J, dram: 102.023 J, total: 663.545 J
    - PID 2358031 → pkg: 630.923 J, dram: 110.238 J, total: 741.161 J
    - PID 2421706 → pkg: 803.728 J, dram: 142.911 J, total: 946.639 J
    - PID 2427695 → pkg: 577.553 J, dram: 111.808 J, total: 689.361 J
    - PID 2491376 → pkg: 1005.29 J, dram: 169.12 J, total: 1174.41 J
    - PID 2491414 → pkg: 1021.86 J, dram: 169.493 J, total: 1191.353 J
    - PID 2503174 → pkg: 618.927 J, dram: 105.906 J, total: 724.833 J
    - PID 2503203 → pkg: 632.77 J, dram: 108.27 J, total: 741.04 J
    - PID 2581811 → pkg: 973.853 J, dram: 159.04 J, total: 1132.893 J
    - PID 2581830 → pkg: 926.998 J, dram: 156.466 J, total: 1083.464 J
    - PID 2595617 → pkg: 667.929 J, dram: 107.759 J, total: 775.688 J
    - PID 2595654 → pkg: 704.256 J, dram: 111.674 J, total: 815.930 J
    - PID 2674023 → pkg: 729.387 J, dram: 109.834 J, total: 839.221 J
    - PID 2674042 → pkg: 687.006 J, dram: 103.696 J, total: 790.702 J
    - PID 2682069 → pkg: 843.72 J, dram: 123.778 J, total: 967.498 J
    - PID 2682085 → pkg: 834.289 J, dram: 122.41 J, total: 956.699 J
    - PID 2742893 → pkg: 675.682 J, dram: 92.6472 J, total: 768.3292 J
    - PID 2742910 → pkg: 676.679 J, dram: 91.7722 J, total: 768.4512 J
    - PID 2771920 → pkg: 806.989 J, dram: 104.088 J, total: 911.077 J
    - PID 2771936 → pkg: 810.646 J, dram: 102.897 J, total: 913.543 J
    - PID 2801217 → pkg: 538.437 J, dram: 64.1462 J, total: 602.5832 J
    - PID 2801244 → pkg: 539.045 J, dram: 63.3813 J, total: 602.4263 J
    - PID 2834680 → pkg: 777.749 J, dram: 78.0615 J, total: 855.8105 J
    - PID 2834698 → pkg: 777.902 J, dram: 77.2156 J, total: 855.1176 J
    - PID 2841207 → pkg: 625.406 J, dram: 60.3608 J, total: 685.7668 J
    - PID 2841252 → pkg: 625.198 J, dram: 59.7389 J, total: 684.9369 J
    - PID 2880525 → pkg: 839.11 J, dram: 80.7671 J, total: 919.8771 J
    - PID 2880533 → pkg: 837.254 J, dram: 79.9753 J, total: 917.2293 J
    - PID 2883372 → pkg: 709.605 J, dram: 68.8516 J, total: 778.4566 J
    - PID 2883386 → pkg: 708.658 J, dram: 68.1173 J, total: 776.7753 J
    - PID 2921833 → pkg: 460.59 J, dram: 44.4406 J, total: 505.0306 J
    - PID 2921848 → pkg: 459.706 J, dram: 43.9814 J, total: 503.6874 J
    - PID 2924857 → pkg: 754.917 J, dram: 72.4318 J, total: 827.3488 J
    - PID 2924862 → pkg: 752.204 J, dram: 71.686 J, total: 823.890 J
    - PID 2952920 → pkg: 501.124 J, dram: 47.5496 J, total: 548.6736 J
    - PID 2952933 → pkg: 501.327 J, dram: 47.035 J, total: 548.362 J
    - PID 2965953 → pkg: 744.837 J, dram: 70.2986 J, total: 815.1356 J
    - PID 2965970 → pkg: 742.071 J, dram: 69.5703 J, total: 811.6413 J
    - PID 2983988 → pkg: 445.578 J, dram: 40.1111 J, total: 485.6891 J
    - PID 2984015 → pkg: 446.117 J, dram: 39.6513 J, total: 485.7683 J
    - PID 3004397 → pkg: 518.125 J, dram: 43.6845 J, total: 561.8095 J
    - PID 3004417 → pkg: 518.167 J, dram: 43.2063 J, total: 561.3733 J
    - PID 3010579 → pkg: 700.698 J, dram: 58.0352 J, total: 758.7332 J
    - PID 3010591 → pkg: 700.969 J, dram: 57.4068 J, total: 758.3758 J
    - PID 3026741 → pkg: 720.393 J, dram: 58.6388 J, total: 779.0318 J
    - PID 3026750 → pkg: 720.905 J, dram: 58.031 J, total: 778.936 J
    - PID 3039203 → pkg: 720.079 J, dram: 58.7613 J, total: 778.8403 J
    - PID 3039212 → pkg: 720.295 J, dram: 58.0828 J, total: 778.3778 J
    - PID 3053359 → pkg: 567.364 J, dram: 46.2815 J, total: 613.6455 J
    - PID 3053371 → pkg: 532.089 J, dram: 42.6268 J, total: 574.7158 J
    - PID 3066869 → pkg: 531.271 J, dram: 43.0148 J, total: 574.2858 J
    - PID 3066876 → pkg: 341.252 J, dram: 27.3776 J, total: 368.6296 J
    - PID 3074484 → pkg: 373.835 J, dram: 30.8942 J, total: 404.7292 J
    - PID 3074493 → pkg: 374.652 J, dram: 30.5645 J, total: 405.2165 J
    - PID 3084593 → pkg: 712.733 J, dram: 58.3889 J, total: 771.1219 J
    - PID 3084602 → pkg: 712.004 J, dram: 57.7462 J, total: 769.7502 J
    - PID 3092504 → pkg: 377.313 J, dram: 31.1167 J, total: 408.4297 J
    - PID 3092518 → pkg: 378.268 J, dram: 30.9152 J, total: 409.1832 J
    - PID 3109589 → pkg: 762.786 J, dram: 61.3556 J, total: 824.1416 J
    - PID 3109603 → pkg: 762.856 J, dram: 60.6913 J, total: 823.5473 J
    - PID 3111319 → pkg: 346.145 J, dram: 28.2915 J, total: 374.4365 J
    - PID 3111329 → pkg: 346.071 J, dram: 27.9862 J, total: 374.0572 J
    - PID 3129209 → pkg: 557.992 J, dram: 46.3017 J, total: 604.2937 J
    - PID 3129229 → pkg: 556.961 J, dram: 45.7958 J, total: 602.7568 J
    - PID 3134500 → pkg: 375.399 J, dram: 33.0698 J, total: 408.4688 J
    - PID 3134518 → pkg: 376.086 J, dram: 31.0504 J, total: 407.1364 J
    - PID 3153419 → pkg: 603.476 J, dram: 50.9815 J, total: 654.4575 J
    - PID 3153424 → pkg: 604.732 J, dram: 48.7762 J, total: 653.5082 J
    - PID 3153873 → pkg: 380.461 J, dram: 30.9409 J, total: 411.4019 J
    - PID 3153886 → pkg: 381.328 J, dram: 30.6122 J, total: 411.9402 J
    - PID 3171866 → pkg: 574.069 J, dram: 46.304 J, total: 620.373 J
    - PID 3171879 → pkg: 573.095 J, dram: 45.8004 J, total: 618.8954 J
    - PID 3178571 → pkg: 421.286 J, dram: 34.4696 J, total: 455.7556 J
    - PID 3178601 → pkg: 421.72 J, dram: 34.0915 J, total: 455.8115 J
    - PID 3196505 → pkg: 561.259 J, dram: 46.0124 J, total: 607.2714 J
    - PID 3196517 → pkg: 559.956 J, dram: 45.4882 J, total: 605.4442 J
    - PID 3197118 → pkg: 340.189 J, dram: 27.7533 J, total: 367.9423 J
    - PID 3197133 → pkg: 340.319 J, dram: 27.4526 J, total: 367.7716 J
    - PID 3213452 → pkg: 596.469 J, dram: 48.9082 J, total: 645.3772 J
    - PID 3213477 → pkg: 596.896 J, dram: 48.3973 J, total: 645.2933 J
    - PID 3219640 → pkg: 339.121 J, dram: 27.623 J, total: 366.744 J
    - PID 3219645 → pkg: 337.985 J, dram: 27.3381 J, total: 365.3231 J
    - PID 3237467 → pkg: 524.531 J, dram: 43.2786 J, total: 567.8096 J
    - PID 3237473 → pkg: 524.392 J, dram: 42.8301 J, total: 567.2221 J
    - PID 3238971 → pkg: 633.874 J, dram: 52.4595 J, total: 686.3335 J
    - PID 3238976 → pkg: 634.339 J, dram: 51.909 J, total: 686.248 J
    - PID 3259044 → pkg: 486.391 J, dram: 40.0404 J, total: 526.4314 J
    - PID 3259065 → pkg: 486.109 J, dram: 39.6791 J, total: 525.7881 J
    - PID 3262725 → pkg: 616.572 J, dram: 47.1791 J, total: 663.7511 J
    - PID 3262735 → pkg: 617.464 J, dram: 46.7237 J, total: 664.1877 J
    - PID 3283883 → pkg: 21.6041 J, dram: 1.55357 J, total: 23.15767 J
    - PID 3283903 → pkg: 21.6421 J, dram: 1.54665 J, total: 23.18875 J

🧪 Task: NFCORE_RANGELAND_RANGELAND_HIGHER_LEVEL_FORCE_PYRAMID_X0103_Y0
  • Total Package Energy (J): 723.92296
  • Total DRAM Energy (J):    51.41214
  • Total Combined Energy (J): 775.33510
  • Pods involved:  nf-0ef0cddb5be764f80fd51aba5b9f866c-08b18 nf-148a40b842f2271afebc50d33f9dd6fe-bc272 nf-1b06e4866d5ea75065bea81d00bc15ac-9fc4d nf-5ce73488b25b2fba87af6504c7d5d78e-42b49 nf-5db6f4ad82c104b3b5a43576e233a198-58afc nf-5df55e77e91f5ee8091afe744dc26034-06e8d nf-60e4c3a9b56d3c9cd12d4ec2984a8e7a-e0335 nf-661e3d49936f1142e9a1dfbcd619f712-0c3ca nf-97dbd25041e06530fe5102855b1c0f4c-7f67a nf-a9a8c40e6272bc18d38cc8cbd9d16fc0-3cecb nf-aba67c4793075aec9862a187c1627675-3c519 nf-c09dfb7be28a7f8a66c2d0af6ffff9a5-c570b nf-e38f02b4a19405bf7d84069113cfb73b-24f9c nf-e57801a2ce24cfd9cedf30a720b305b1-bdb4f nf-e67076cc164bf893130136c9531a3637-7dcce nf-efeefddec2fb926256031d32e4769060-53b42 nf-f1fa6c16027d2ca438a1632caff01c0e-5fbda nf-fbe84c84f3c84f48c96e5f97e7b94370-84692
  • Per-PID Energy Breakdown:
    - PID 3504610 → pkg: 0 J, dram: 0 J, total: 0 J
    - PID 3842840 → pkg: 0 J, dram: 0 J, total: 0 J
    - PID 3842974 → pkg: 0 J, dram: 0 J, total: 0 J
    - PID 3869087 → pkg: 0 J, dram: 0 J, total: 0 J
    - PID 3904869 → pkg: 0 J, dram: 0 J, total: 0 J
    - PID 3905008 → pkg: 9.36348 J, dram: 1.761 J, total: 11.12448 J
    - PID 3905098 → pkg: 38.2535 J, dram: 2.31407 J, total: 40.56757 J
    - PID 3905099 → pkg: 37.9855 J, dram: 2.30366 J, total: 40.28916 J
    - PID 3905100 → pkg: 0 J, dram: 1.06822 J, total: 1.06822 J
    - PID 3905101 → pkg: 37.8423 J, dram: 2.25022 J, total: 40.09252 J
    - PID 3905102 → pkg: 0 J, dram: 1.14191 J, total: 1.14191 J
    - PID 3905103 → pkg: 37.6198 J, dram: 2.33222 J, total: 39.95202 J
    - PID 3905238 → pkg: 37.9045 J, dram: 2.19253 J, total: 40.09703 J
    - PID 3905241 → pkg: 9.36402 J, dram: 1.28522 J, total: 10.64924 J
    - PID 3905325 → pkg: 37.6199 J, dram: 2.29864 J, total: 39.91854 J
    - PID 3905341 → pkg: 37.7783 J, dram: 2.14465 J, total: 39.92295 J
    - PID 3905557 → pkg: 38.1086 J, dram: 2.10121 J, total: 40.20981 J
    - PID 3905569 → pkg: 37.4342 J, dram: 2.12215 J, total: 39.55635 J
    - PID 3928938 → pkg: 0 J, dram: 0 J, total: 0 J
    - PID 3929161 → pkg: 0 J, dram: 0 J, total: 0 J
    - PID 3951614 → pkg: 0 J, dram: 0 J, total: 0 J
    - PID 150485 → pkg: 0 J, dram: 0 J, total: 0 J
    - PID 150565 → pkg: 0 J, dram: 0 J, total: 0 J
    - PID 164137 → pkg: 0 J, dram: 0 J, total: 0 J
    - PID 3289070 → pkg: 0 J, dram: 0 J, total: 0 J
    - PID 3289330 → pkg: 0 J, dram: 0 J, total: 0 J
    - PID 3289498 → pkg: 0 J, dram: 0 J, total: 0 J
    - PID 3289500 → pkg: 0 J, dram: 0 J, total: 0 J
    - PID 3289501 → pkg: 0 J, dram: 0 J, total: 0 J
    - PID 3289527 → pkg: 0 J, dram: 0 J, total: 0 J
    - PID 3289530 → pkg: 0 J, dram: 0 J, total: 0 J
    - PID 3723240 → pkg: 0 J, dram: 0 J, total: 0 J
    - PID 3724185 → pkg: 0 J, dram: 0 J, total: 0 J
    - PID 3737143 → pkg: 0 J, dram: 0 J, total: 0 J
    - PID 3834741 → pkg: 0 J, dram: 0 J, total: 0 J
    - PID 3835880 → pkg: 0 J, dram: 0 J, total: 0 J
    - PID 3836105 → pkg: 35.7607 J, dram: 2.36811 J, total: 38.12881 J
    - PID 3836251 → pkg: 35.4256 J, dram: 2.29127 J, total: 37.71687 J
    - PID 3836252 → pkg: 35.8684 J, dram: 2.34047 J, total: 38.20887 J
    - PID 3836253 → pkg: 0 J, dram: 1.0901 J, total: 1.0901 J
    - PID 3836254 → pkg: 35.16 J, dram: 2.23065 J, total: 37.39065 J
    - PID 3836255 → pkg: 0 J, dram: 1.143 J, total: 1.143 J
    - PID 3836256 → pkg: 35.752 J, dram: 2.36271 J, total: 38.11471 J
    - PID 3836319 → pkg: 35.3793 J, dram: 2.25259 J, total: 37.63189 J
    - PID 3836321 → pkg: 9.02996 J, dram: 1.17851 J, total: 10.20847 J
    - PID 3836326 → pkg: 35.8309 J, dram: 2.23576 J, total: 38.06666 J
    - PID 3836367 → pkg: 35.7343 J, dram: 2.32997 J, total: 38.06427 J
    - PID 3836665 → pkg: 35.6317 J, dram: 2.23126 J, total: 37.86296 J
    - PID 3836670 → pkg: 35.076 J, dram: 2.04204 J, total: 37.11804 J

🧪 Task: NFCORE_RANGELAND_RANGELAND_PREPROCESSING_MERGE_BOA_X0103_Y0103
  • Total Package Energy (J): 197.4866
  • Total DRAM Energy (J):    767.251
  • Total Combined Energy (J): 964.7376
  • Pods involved:  nf-65bceb6ea97b644fd5d5189c306ed036-4b985
  • Per-PID Energy Breakdown:
    - PID 2096905 → pkg: 0 J, dram: 0 J, total: 0 J
    - PID 2098146 → pkg: 29.6186 J, dram: 273.296 J, total: 302.9146 J
    - PID 2098147 → pkg: 167.868 J, dram: 322.603 J, total: 490.471 J
    - PID 2098152 → pkg: 0 J, dram: 171.352 J, total: 171.352 J

🧪 Task: NFCORE_RANGELAND_RANGELAND_PREPROCESSING_MERGE_BOA_X0103_Y0102
  • Total Package Energy (J): 68.1492
  • Total DRAM Energy (J):    941.221
  • Total Combined Energy (J): 1009.3702
  • Pods involved:  nf-ddb2864ba83d9522e4b3e54aacc5a690-e0bbc
  • Per-PID Energy Breakdown:
    - PID 1902476 → pkg: 0 J, dram: 0 J, total: 0 J
    - PID 1903806 → pkg: 0 J, dram: 191.01 J, total: 191.01 J
    - PID 1903808 → pkg: 68.1492 J, dram: 269.684 J, total: 337.8332 J
    - PID 1903812 → pkg: 0 J, dram: 229.342 J, total: 229.342 J
    - PID 1903930 → pkg: 0 J, dram: 251.185 J, total: 251.185 J

🧪 Task: NFCORE_RANGELAND_RANGELAND_PREPROCESSING_FORCE_PREPROCESS_LT05
  • Total Package Energy (J): 21242126.0459
  • Total DRAM Energy (J):    4118902.5139
  • Total Combined Energy (J): 25361028.5598
  • Pods involved:  nf-001cc2b54d3152fc908d796719d9771e-b0412 nf-08a1d59ad88ae2bed45b2b1a90e391bb-6700f nf-0a1080301c26a96c5757bd58b2cb5945-6ce00 nf-0b4bfd34e0a03b6f8f323f35e69759f6-b13d9 nf-0c9390b5d6200bec7c441984010d0f97-8f79b nf-0ce25af5460f607dec4184911f74b5b9-5c32f nf-0d441255535f23fb48013ce208aa3bff-0617d nf-0d93c77eaf75319431f283e0ed6aa606-7d261 nf-0e41c6c594271fa2f0862e6994cc12e5-fa2be nf-10af49aedea603fb6e95172d2d3dfea4-ace31 nf-119d2103818afee005c8c03c3e4561c9-8a76c nf-11c3eb11b95b00bda713b613d7af72be-3fae4 nf-15ffe2b07f5962aff89ba5b1b0e46c6e-59f8d nf-184fef60f78ef9c8c6cdafba4aa7725e-71471 nf-18ac4ea062e5bf03f9d410f1cb3328bf-22e4e nf-1abf9b9467260c204d3865d444bbb598-e528f nf-1fe21a284cc44ad293bb95f679b99633-7e9d5 nf-1ff1dffefb43f6aed677ff1873c1f400-9c44e nf-2017a346fdfc9827b8b6c4ce46d92e17-96e88 nf-20318be23f914c16cbe2bed86efb1f4e-8f65f nf-2041e0bc482245b50a112a31fb19bff9-3cf7e nf-2370037efea6cc3ee48c7f6b8ed5890c-fe3eb nf-2371aadccbd89a4a83324d1c57414c2d-94bd9 nf-242de0e874a54e47ff7a8474a2350c16-b6241 nf-252e23c69c122b108369a9236e42cb68-17610 nf-265ea1695f4ef1f440a2e0ea3c201187-82679 nf-282ac64744cec45747ae383e867fe687-e0395 nf-2bae2218d7d33fe5b99b2a8967d830f8-c64f8 nf-300f08e7b1212420fcd4f984efbace63-38825 nf-338464f3efbb897b89a8792783332db8-30431 nf-3588e06a6e15e423639626d07c965786-86b78 nf-36f532157347767a723df63fa9e8ef74-3cb5b nf-380ea0ef70805de6c9c776a1ca877a52-1885c nf-39255937887ffefa88aa82c6badd6e5b-d2bba nf-39b465e05eb6e3482636b2f7b935c9cf-f5367 nf-3ab7bbc2b8c213125aa9bee8c8e8d07c-819e9 nf-3dd34b7c07c38419635f7fd5de10c204-e2095 nf-3efd08edeea7543c1cbd94bb0ae62892-b308c nf-416daef59b40c21b3f0abbeed58cc604-f6eb9 nf-42cf5e1f593dbfc8a44aff91408caffa-78abf nf-42ef341658eafcdac023be6f98a4cd55-1670f nf-43e12b0489eaa54d927d535ff1d37d4d-3774b nf-44680d1fa2f28f6349ca0406185100a2-cf471 nf-450f4b5d06d18263d82971650040bb50-54650 nf-47655e99539fa246bfa562ee78bf9f47-5fd23 nf-4dcbe7f3cd42f32aa3933d440592734c-eea1b nf-4efa252ccd93aead2a0d476505b5c74f-af9cf nf-4f4a6714455499fcb4cedf7dbbb9c466-3c4b2 nf-4f90594a70b0498ac6ae76814000ce47-626f7 nf-4fdc78705d6f7d826d03edbce20d7f50-8a0e4 nf-501d133733a9e2f1fd49ab63073d7966-0c416 nf-50d66531ea149dbad4cce6c580a770ba-6e329 nf-55fa90ac4617cccf31149aef86ed37b9-dd7f7 nf-56979a792a15d3505550acee5f6b9f57-c3baa nf-5884d05e11233cdcc4f2488c68d4cbde-1ab1f nf-5981fb6af2eeabcd274a321eb5f475d9-cf5c1 nf-5a252433cee59e0b2b60f1e0afbbcec8-2bf32 nf-5a56a444525e0336def727e63e9b6fed-f227a nf-5a7cdf40ae9b780821d39d44968f67c9-db68b nf-5ac7ec61569a5aba2a173354aa876c86-52309 nf-5ce6980cce0d3ce2e373b195a5bdaa12-debd6 nf-5d1767f6879ae7a3cc1e21df4244bc05-9e3f2 nf-613e60d3de6d4cb1377a0b8e19246679-461fa nf-62fba7d5565f97ccf5248114a7152dbb-c0843 nf-637d3c708980013fbd504ab6944282b1-be914 nf-63a8eaac2fe302404947fd5c8c4dd7ea-c021c nf-64ff4f66610be96ba8fdc5cb9c8f3724-d1f59 nf-656fb4604412d8a0a21a291c949ef1d8-f0b7c nf-65dd68b2653c044d1fb07e949f9b774e-c11f3 nf-65df56fd52cbe9a1d69fbd5562558ca2-6c111 nf-6958f372121364a7ba08a32ff1207e2a-6f135 nf-69d8413dfc4d14d32381f238771e3da3-2b6cd nf-6a09fede18b909245397c524f2e1b732-bbeca nf-6a57400aa3e14cd34a3cfbef05d4bc2d-27357 nf-6a5a9e4933026e742d2ce86c4fb4f718-f9a43 nf-6b3e2ff35bf0c93675aef5716959fe0c-34543 nf-6cd2a1bfef6d02f1c65afb80000a7434-f1810 nf-6d505d6fdfa4053871944eddc4d206e8-dfde5 nf-6d772aa8091894152dac98d76cf67a08-2da23 nf-6dcf444fae883e746736a4dd965fc338-a20fe nf-6f01f2791f030d124c7a1ab7216e5ba4-494a4 nf-7011b6c70340abc0b07ddf1c7b34a61d-545e4 nf-73769f9463eb8a57b021bba9b01c7e1e-5c695 nf-749604f9b0d7ed8365a44b0336839e3b-50fce nf-760a5548cb42eed2c81548de21a49657-a1021 nf-76fd8916b1c2003fd978a3ada7887ef5-63cd8 nf-786bffff3f603bd2f506311c90ed5238-51eab nf-78b0333f0aa167cf29d2d84aa93ed5da-b23dd nf-7920a0c73c3c1d94d4c720b03a19009d-ea2da nf-7ab54e6d8426a6368389260a08969a10-c539a nf-7b9d26db886291e12844093e49c9f3e6-9d914 nf-7cf0d257e60bab0420f88f505606ee0a-32afd nf-7fb8e70669ef9b1b1bfc4194387159fb-2838d nf-80ebfef37afaeb61d9687fbccfa9b364-c3efa nf-833499d6535cd288951ad0388cdd6d43-b26fe nf-8596722fd4cb0a686bc8f86d72f0f3b7-ed410 nf-85b648f3bbd478ab7565c29ef6ce312f-94d63 nf-87f8e416a2a3a2a75ffc14d8b5bfef87-f71eb nf-88e77c0fc992b31876b46ebe54733070-470ff nf-8a373f4fad1fe154bfeb0843226e7e50-a1216 nf-8a62a3df2b9df1d94bff9f384120aaeb-4d5b5 nf-8bffe18bf946799d80d670385e449c65-17cde nf-8d150409283a06550ad1a7f1acd091ae-3921c nf-905519d0779f6304d04f5eb8a966f363-fd50b nf-916c982ca0aabd2793e405c98aab2774-64fe4 nf-9297eaf82737be8b58900b04724eb8b7-a4042 nf-955a5ec70cef188e1d82b2240c5f0ba4-2ea29 nf-95c7fdf4241f9f1d21e9c9ee222ee777-e9f22 nf-969434472545b23d81b03ac89c611502-becc2 nf-979da7edd1505d3db9b764e4b389194e-5c704 nf-98fee4b7234f875d065ef47ce4926feb-344e9 nf-991e5eed95749292ffa58e9832406c94-3d2d6 nf-992a7496f41a74296f6e54139bb5c228-52ced nf-9af9c5ae175fd9812c733d4d95b569d4-dae24 nf-9c2479a7b6a431f98cc8a25f292e4ab2-05e3e nf-9e5b56c83bbeb6041c64aebfec74b48d-789d3 nf-a07ce4029a3099fa6e243a5202b61b1a-8cb1a nf-a18cbd168c4bec12f38e070a2c823d74-83c50 nf-a240daa3f7c197479dde79abdfc5c048-9b4b7 nf-a2e72ec1c6ecd4fecbc46bbb954557f1-c5079 nf-a2fac575271b4d71c17e028ee30a49b7-e5270 nf-a3855c1e5dfbe95176d11f2a7057aa5d-52fa0 nf-a54b0c39b11e7855903638dae6e6edf3-e6e78 nf-a56f76b72700c160ab188866ef3f0e87-5306f nf-a719c329df34c374d486e4125bc918d7-e33e7 nf-a76c35deae54376584b377224c4077db-6feca nf-a83a09801d78a4db60c4b930db8d5d38-8af90 nf-a844bb0db6ad803ff051e3eaa90cbe6b-76cf4 nf-a8cbdb7f72efeda73152eeadae19e797-4ffa4 nf-a8e441ad39931e31ad8714d48b506ccd-e1c36 nf-aab25c414a86071bfe86bf54c369781c-ebc84 nf-aab6d514a9e1cc272ee96b64c4d863cd-83e94 nf-ab0a0a2c18ba547268c8b1d824be0c58-aaf9d nf-abadc151583c244fcc39137bd2fa29d6-f61dd nf-add0df559fb9005acb2d5144a666c764-d649a nf-adf4bed713e3dfc7546331bd14831685-4b891 nf-aed06a2b14ad1f24a0cf266c8b904be7-39164 nf-af38dd90ba6b7d11a8c5ae9593ff64cd-77d2d nf-af78182058ef5c4b5d699ab16987f421-1ce16 nf-b016f405cfb08e0da1b4987a0c2f60c7-f20db nf-b2415a443dcda5efd8377c67b6ad2bc4-3d973 nf-b25217692fc2436a688dbc45156b3b79-73548 nf-b34ca84aacf3ae9d01c2bf450255e9f0-c583f nf-b4021f5618c383effbd508a178acf1c9-0476e nf-b4c343b94accd7b8b285bb6f435ca6ae-3b27e nf-b6e3930b3b66f309c7d25d825e66d81f-f84f5 nf-b840032b85ddfd6c544f76289abfaa64-1f70d nf-b906c4b88311a2a6831e73b63f0740a4-3b6cd nf-b94f267c2f88bdde33deb850cdbbaa57-ea5f6 nf-b9e41c240933f74f761716263781f1ef-a2ff5 nf-bc2b980b03372e7ac5632b09148adcf7-b0dcc nf-bd0af56509ef40f02a34a162c967e041-c9b15 nf-bd4c36ab07b764f12fb02e78814f9758-76bbc nf-bedb3e1dab2ded1ad0dd7933cfa0611b-f4a53 nf-bf0dac75258f8949ed0023540acf1914-14e5f nf-c0f4fe36fa6040fa080c0ba9e79ec8a7-db5ea nf-c13ec06bb7454fdfc77b19c89adcd677-aefea nf-c27cf73f3c811cd4e0ab702f22a2c44b-5d702 nf-c2b08d244e350b83a83fd611889ef145-d3a0c nf-c328fe58aeb6d4f288ce402c8b49a099-f0fce nf-c3a038c59ce7ec50cfa3439022fb5e3a-69d9b nf-c5837b67fdf52d467f27634876c43f64-7a813 nf-c6cb0cfcacfd0246e6424265596f9512-a1019 nf-c8e75aa49d90a77610dc5ca9d0057a05-abf5f nf-c963ba7f3380d50c82a6c6585bf1f959-27c20 nf-c9d9f581f81fe839224be627c3c9a4c1-b6389 nf-cd82d404ac77a8a4457ea300a9a956a6-0ff92 nf-cd93b47720ef5305fd6826a13d8ecf97-09664 nf-cdce17a1f88a4562c0b4a7ee9c4bad88-7bc85 nf-cff936bd4b53f1b44cb7271bcbd7904b-8fa96 nf-d03024e2cb5dbde985581ecb15a69813-64055 nf-d0592089553c627f30d21af20983ee8c-b6897 nf-d0908d41c4321e1a47cb991756935926-4fbff nf-d208d5b7d562be93e7ce3f0216295513-73bc6 nf-d5f873095dab13709b84c8f1642af8be-90b54 nf-d62fb31b73b80a8d95e6a3e72a00af5e-11ceb nf-d67e6a7416a773e5d92d6990a3cd235a-5ddd3 nf-d79a6a97d16ddf60305d1c8f3b3913ee-5ff2e nf-d8ac6b5248b6323a41e2f8d046f61be2-36fc9 nf-da08f8908e20e3bcd99d99b7aed46293-5c043 nf-da4a461f8a60c073b8f9d60bc5936ca5-75aec nf-db1c4f4ceb0b777a8f18d4270508c8ba-bbc35 nf-dd13de0d99aff46638414a2b6abf82fd-62125 nf-dd20d199d95aa0b9d1d4e57402f3d743-065c3 nf-e36975a129bb34c35eec3810bd6cc219-67722 nf-e5d3f87ba3b668429b1bed969f0243e2-af888 nf-e64de258457aa4de8e5945e35eb36a14-db7e0 nf-ea805ed5960c289bb14e01b452eb838e-4fac3 nf-eab8941d7cea445d28c8d318c7e1dbb0-5d3df nf-ebfa78c4e6312c57fe36d74288f9e2ad-2955e nf-ececa8dcfc33a332f154a887e1b34166-ed8f3 nf-eda7abdb8a4a5966a26c54ceb281c296-6c3c5 nf-efb58447efe49f86d83bfeceded48131-83a34 nf-f0d3eefe96ac99a98341eb5bb9cc36d8-35d16 nf-f28ac9ef7eb9243b60b1e1a6d95dfbdd-5faea nf-f538ce3a012a0f287c07a38a8f634cbf-aaded nf-f57fe383090f4924677c3a1489359b35-e3056 nf-f58eddc10f3f4953da567d0bf5db7c8f-f93c2 nf-f62a96cd2a46ae0d2754fec846e96171-78659 nf-f82ec17f1311f94a74ed600a3a9aef52-072af nf-f932829bcdda5bf6274178f45baffeba-f3de5 nf-fdda060f03dd4898b4b3a13eca12338f-c5d63
  • Per-PID Energy Breakdown:
    - PID 649698 → pkg: 0 J, dram: 0 J, total: 0 J
    - PID 649824 → pkg: 13466.5 J, dram: 2431.17 J, total: 15897.67 J
    - PID 649897 → pkg: 13537.6 J, dram: 2434.75 J, total: 15972.35 J
    - PID 649899 → pkg: 0 J, dram: 558.599 J, total: 558.599 J
    - PID 649900 → pkg: 13586.4 J, dram: 2432.12 J, total: 16018.52 J
    - PID 649901 → pkg: 0 J, dram: 565.701 J, total: 565.701 J
    - PID 649976 → pkg: 267.722 J, dram: 605.556 J, total: 873.278 J
    - PID 650106 → pkg: 13511.4 J, dram: 2430.78 J, total: 15942.18 J
    - PID 654398 → pkg: 0 J, dram: 0 J, total: 0 J
    - PID 654562 → pkg: 0 J, dram: 315.535 J, total: 315.535 J
    - PID 654564 → pkg: 0 J, dram: 317.547 J, total: 317.547 J
    - PID 654601 → pkg: 8527.28 J, dram: 1378.42 J, total: 9905.70 J
    - PID 654603 → pkg: 179.24 J, dram: 332.372 J, total: 511.612 J
    - PID 654759 → pkg: 8516.8 J, dram: 1384.49 J, total: 9901.29 J
    - PID 656234 → pkg: 11801.1 J, dram: 2111.41 J, total: 13912.51 J
    - PID 656354 → pkg: 0 J, dram: 482.921 J, total: 482.921 J
    - PID 656357 → pkg: 0 J, dram: 486.295 J, total: 486.295 J
    - PID 656358 → pkg: 11870.2 J, dram: 2109.96 J, total: 13980.16 J
    - PID 656429 → pkg: 219.567 J, dram: 512.364 J, total: 731.931 J
    - PID 656565 → pkg: 11822.7 J, dram: 2106.24 J, total: 13928.94 J
    - PID 658408 → pkg: 0 J, dram: 0 J, total: 0 J
    - PID 658728 → pkg: 8212.03 J, dram: 1306.27 J, total: 9518.30 J
    - PID 658730 → pkg: 0 J, dram: 302.357 J, total: 302.357 J
    - PID 658732 → pkg: 0 J, dram: 293.732 J, total: 293.732 J
    - PID 658921 → pkg: 136.67 J, dram: 317.314 J, total: 453.984 J
    - PID 659135 → pkg: 8347.47 J, dram: 1318.61 J, total: 9666.08 J
    - PID 661660 → pkg: 0 J, dram: 0 J, total: 0 J
    - PID 661859 → pkg: 7851.88 J, dram: 1239.65 J, total: 9091.53 J
    - PID 661956 → pkg: 4530.76 J, dram: 739.215 J, total: 5269.975 J
    - PID 661964 → pkg: 0 J, dram: 287.249 J, total: 287.249 J
    - PID 662136 → pkg: 129.529 J, dram: 299.089 J, total: 428.618 J
    - PID 662352 → pkg: 4608.33 J, dram: 715.805 J, total: 5324.135 J
    - PID 1234434 → pkg: 0 J, dram: 0 J, total: 0 J
    - PID 1234581 → pkg: 9877.81 J, dram: 1999.22 J, total: 11877.03 J
    - PID 1234736 → pkg: 9930.6 J, dram: 1999.29 J, total: 11929.89 J
    - PID 1234738 → pkg: 0 J, dram: 455.493 J, total: 455.493 J
    - PID 1234739 → pkg: 3902.85 J, dram: 761.839 J, total: 4664.689 J
    - PID 1234740 → pkg: 0 J, dram: 452.301 J, total: 452.301 J
    - PID 1234741 → pkg: 9834.7 J, dram: 1998.03 J, total: 11832.73 J
    - PID 1234928 → pkg: 9791.95 J, dram: 1996.72 J, total: 11788.67 J
    - PID 1234932 → pkg: 228.711 J, dram: 490.555 J, total: 719.266 J
    - PID 1235069 → pkg: 9801.98 J, dram: 1996.85 J, total: 11798.83 J
    - PID 1271642 → pkg: 0 J, dram: 0 J, total: 0 J
    - PID 1271856 → pkg: 7562.39 J, dram: 1536.47 J, total: 9098.86 J
    - PID 1272048 → pkg: 7592.9 J, dram: 1535.23 J, total: 9128.13 J
    - PID 1272050 → pkg: 4109.74 J, dram: 787.807 J, total: 4897.547 J
    - PID 1272052 → pkg: 0 J, dram: 353.214 J, total: 353.214 J
    - PID 1272053 → pkg: 7567.05 J, dram: 1535.11 J, total: 9102.16 J
    - PID 1272054 → pkg: 0 J, dram: 352.043 J, total: 352.043 J
    - PID 1272055 → pkg: 7606.97 J, dram: 1534.21 J, total: 9141.18 J
    - PID 1272262 → pkg: 7737.52 J, dram: 1535.44 J, total: 9272.96 J
    - PID 1272266 → pkg: 135.859 J, dram: 375.031 J, total: 510.890 J
    - PID 1272720 → pkg: 7659.36 J, dram: 1532.38 J, total: 9191.74 J
    - PID 1278963 → pkg: 0 J, dram: 0 J, total: 0 J
    - PID 1279195 → pkg: 0 J, dram: 360.989 J, total: 360.989 J
    - PID 1279196 → pkg: 7939.09 J, dram: 1588.35 J, total: 9527.44 J
    - PID 1279197 → pkg: 0 J, dram: 361.385 J, total: 361.385 J
    - PID 1279198 → pkg: 7956.81 J, dram: 1589.6 J, total: 9546.41 J
    - PID 1279403 → pkg: 8076.65 J, dram: 1596.16 J, total: 9672.81 J
    - PID 1279407 → pkg: 161.985 J, dram: 383.103 J, total: 545.088 J
    - PID 1279717 → pkg: 7939.96 J, dram: 1595.5 J, total: 9535.46 J
    - PID 1662364 → pkg: 0 J, dram: 0 J, total: 0 J
    - PID 1662568 → pkg: 3957.31 J, dram: 785.864 J, total: 4743.174 J
    - PID 1662695 → pkg: 3940.64 J, dram: 784.936 J, total: 4725.576 J
    - PID 1662696 → pkg: 8419.65 J, dram: 1745.01 J, total: 10164.66 J
    - PID 1662697 → pkg: 0 J, dram: 388.965 J, total: 388.965 J
    - PID 1662698 → pkg: 8584.69 J, dram: 1745.34 J, total: 10330.03 J
    - PID 1662699 → pkg: 0 J, dram: 392.401 J, total: 392.401 J
    - PID 1662700 → pkg: 8555.57 J, dram: 1745.06 J, total: 10300.63 J
    - PID 1662787 → pkg: 3935.28 J, dram: 783.878 J, total: 4719.158 J
    - PID 1662789 → pkg: 206.74 J, dram: 426.021 J, total: 632.761 J
    - PID 1663047 → pkg: 8453.92 J, dram: 1747.06 J, total: 10200.98 J
    - PID 1802129 → pkg: 0 J, dram: 0 J, total: 0 J
    - PID 1802484 → pkg: 10990.3 J, dram: 2281.38 J, total: 13271.68 J
    - PID 1802488 → pkg: 11185.7 J, dram: 2281.11 J, total: 13466.81 J
    - PID 1802489 → pkg: 0 J, dram: 531.972 J, total: 531.972 J
    - PID 1802492 → pkg: 10922 J, dram: 2278.6 J, total: 13200.6 J
    - PID 1802494 → pkg: 0 J, dram: 539.023 J, total: 539.023 J
    - PID 1802495 → pkg: 11161.7 J, dram: 2285.03 J, total: 13446.73 J
    - PID 1802697 → pkg: 7949.2 J, dram: 1604.23 J, total: 9553.43 J
    - PID 1802703 → pkg: 232.009 J, dram: 558.885 J, total: 790.894 J
    - PID 1802873 → pkg: 11048.9 J, dram: 2282.49 J, total: 13331.39 J
    - PID 2025429 → pkg: 0 J, dram: 0 J, total: 0 J
    - PID 2025719 → pkg: 4104.68 J, dram: 792.883 J, total: 4897.563 J
    - PID 2025873 → pkg: 7409.25 J, dram: 1497.15 J, total: 8906.40 J
    - PID 2025875 → pkg: 7411.89 J, dram: 1493.54 J, total: 8905.43 J
    - PID 2025877 → pkg: 0 J, dram: 342.79 J, total: 342.79 J
    - PID 2025880 → pkg: 7430.29 J, dram: 1493.33 J, total: 8923.62 J
    - PID 2025881 → pkg: 0 J, dram: 342.189 J, total: 342.189 J
    - PID 2025882 → pkg: 7422.79 J, dram: 1494.02 J, total: 8916.81 J
    - PID 2026052 → pkg: 7326.12 J, dram: 1493.04 J, total: 8819.16 J
    - PID 2026057 → pkg: 145.541 J, dram: 369.085 J, total: 514.626 J
    - PID 2026271 → pkg: 7356.95 J, dram: 1492.51 J, total: 8849.46 J
    - PID 2045250 → pkg: 0 J, dram: 0 J, total: 0 J
    - PID 2045377 → pkg: 4213.82 J, dram: 799.201 J, total: 5013.021 J
    - PID 2045514 → pkg: 4101.52 J, dram: 799.553 J, total: 4901.073 J
    - PID 2045516 → pkg: 0 J, dram: 369.021 J, total: 369.021 J
    - PID 2045518 → pkg: 0 J, dram: 371.323 J, total: 371.323 J
    - PID 2045519 → pkg: 8095.69 J, dram: 1611.7 J, total: 9707.39 J
    - PID 2045694 → pkg: 7900.13 J, dram: 1611.63 J, total: 9511.76 J
    - PID 2045697 → pkg: 164.385 J, dram: 385.234 J, total: 549.619 J
    - PID 2045877 → pkg: 7901.37 J, dram: 1610.68 J, total: 9512.05 J
    - PID 2189046 → pkg: 0 J, dram: 0 J, total: 0 J
    - PID 2189331 → pkg: 8906.42 J, dram: 1854.88 J, total: 10761.30 J
    - PID 2189606 → pkg: 8939.39 J, dram: 1855.5 J, total: 10794.89 J
    - PID 2189607 → pkg: 0 J, dram: 418.591 J, total: 418.591 J
    - PID 2189608 → pkg: 3928.4 J, dram: 789.792 J, total: 4718.192 J
    - PID 2189609 → pkg: 0 J, dram: 424.782 J, total: 424.782 J
    - PID 2189610 → pkg: 9064.77 J, dram: 1854.94 J, total: 10919.71 J
    - PID 2189939 → pkg: 8900.61 J, dram: 1853.33 J, total: 10753.94 J
    - PID 2189947 → pkg: 182.52 J, dram: 451.464 J, total: 633.984 J
    - PID 2190493 → pkg: 8908.23 J, dram: 1852.07 J, total: 10760.30 J
    - PID 2507025 → pkg: 0 J, dram: 0 J, total: 0 J
    - PID 2507438 → pkg: 8486.33 J, dram: 1744.09 J, total: 10230.42 J
    - PID 2507443 → pkg: 3937.35 J, dram: 788.191 J, total: 4725.541 J
    - PID 2507444 → pkg: 0 J, dram: 396.536 J, total: 396.536 J
    - PID 2507447 → pkg: 0 J, dram: 399.296 J, total: 399.296 J
    - PID 2507450 → pkg: 8396.66 J, dram: 1744.08 J, total: 10140.74 J
    - PID 2507712 → pkg: 8335.52 J, dram: 1744.81 J, total: 10080.33 J
    - PID 2507714 → pkg: 148.846 J, dram: 423.362 J, total: 572.208 J
    - PID 2507953 → pkg: 8390.96 J, dram: 1742.44 J, total: 10133.40 J
    - PID 2779873 → pkg: 0 J, dram: 0 J, total: 0 J
    - PID 2780103 → pkg: 10169.7 J, dram: 2111.34 J, total: 12281.04 J
    - PID 2780267 → pkg: 8007.95 J, dram: 1646.05 J, total: 9654.00 J
    - PID 2780269 → pkg: 0 J, dram: 484.906 J, total: 484.906 J
    - PID 2780272 → pkg: 10187.1 J, dram: 2106.94 J, total: 12294.04 J
    - PID 2780274 → pkg: 0 J, dram: 484.711 J, total: 484.711 J
    - PID 2780276 → pkg: 10336.3 J, dram: 2107.6 J, total: 12443.9 J
    - PID 2780511 → pkg: 10198.7 J, dram: 2107.14 J, total: 12305.84 J
    - PID 2780515 → pkg: 207.128 J, dram: 516.274 J, total: 723.402 J
    - PID 2780671 → pkg: 10325.1 J, dram: 2106.64 J, total: 12431.74 J
    - PID 2842849 → pkg: 0 J, dram: 0 J, total: 0 J
    - PID 2843542 → pkg: 8469.55 J, dram: 1729.02 J, total: 10198.57 J
    - PID 2843744 → pkg: 4038.76 J, dram: 784.846 J, total: 4823.606 J
    - PID 2843745 → pkg: 8248.21 J, dram: 1729.2 J, total: 9977.41 J
    - PID 2843746 → pkg: 0 J, dram: 394.808 J, total: 394.808 J
    - PID 2843747 → pkg: 8332.22 J, dram: 1727.43 J, total: 10059.65 J
    - PID 2843748 → pkg: 0 J, dram: 395.227 J, total: 395.227 J
    - PID 2843749 → pkg: 8286.11 J, dram: 1727.13 J, total: 10013.24 J
    - PID 2843898 → pkg: 8270.41 J, dram: 1726.77 J, total: 9997.18 J
    - PID 2843901 → pkg: 186.485 J, dram: 420.57 J, total: 607.055 J
    - PID 2844049 → pkg: 8322.04 J, dram: 1727.04 J, total: 10049.08 J
    - PID 2919761 → pkg: 0 J, dram: 0 J, total: 0 J
    - PID 2920166 → pkg: 7943.12 J, dram: 1637.73 J, total: 9580.85 J
    - PID 2920167 → pkg: 0 J, dram: 373.42 J, total: 373.42 J
    - PID 2920168 → pkg: 7956.22 J, dram: 1636.91 J, total: 9593.13 J
    - PID 2920170 → pkg: 0 J, dram: 371.521 J, total: 371.521 J
    - PID 2920171 → pkg: 8008.77 J, dram: 1633.31 J, total: 9642.08 J
    - PID 2920359 → pkg: 8009.18 J, dram: 1636.34 J, total: 9645.52 J
    - PID 2920363 → pkg: 167.669 J, dram: 397.573 J, total: 565.242 J
    - PID 3108207 → pkg: 0 J, dram: 0 J, total: 0 J
    - PID 3108638 → pkg: 8313.11 J, dram: 1688.39 J, total: 10001.50 J
    - PID 3108646 → pkg: 0 J, dram: 387.347 J, total: 387.347 J
    - PID 3108647 → pkg: 8379.51 J, dram: 1703.42 J, total: 10082.93 J
    - PID 3108649 → pkg: 0 J, dram: 389.922 J, total: 389.922 J
    - PID 3108650 → pkg: 8319.37 J, dram: 1706.48 J, total: 10025.85 J
    - PID 3108756 → pkg: 8099.08 J, dram: 1694.72 J, total: 9793.80 J
    - PID 3108758 → pkg: 170.812 J, dram: 410.362 J, total: 581.174 J
    - PID 3108972 → pkg: 8136.8 J, dram: 1692.37 J, total: 9829.17 J
    - PID 3359218 → pkg: 0 J, dram: 0 J, total: 0 J
    - PID 3359397 → pkg: 4005.4 J, dram: 790.703 J, total: 4796.103 J
    - PID 3359525 → pkg: 8033.66 J, dram: 1651.88 J, total: 9685.54 J
    - PID 3359526 → pkg: 0 J, dram: 189.663 J, total: 189.663 J
    - PID 3359527 → pkg: 4017.84 J, dram: 789.47 J, total: 4807.31 J
    - PID 3359530 → pkg: 0 J, dram: 379.38 J, total: 379.38 J
    - PID 3359532 → pkg: 8077.63 J, dram: 1651.32 J, total: 9728.95 J
    - PID 3359809 → pkg: 4075.02 J, dram: 788.58 J, total: 4863.60 J
    - PID 3359811 → pkg: 185.938 J, dram: 405.665 J, total: 591.603 J
    - PID 3360072 → pkg: 4040.04 J, dram: 788.251 J, total: 4828.291 J
    - PID 3688434 → pkg: 0 J, dram: 0 J, total: 0 J
    - PID 3689116 → pkg: 128963 J, dram: 2004.46 J, total: 130967.46 J
    - PID 3689117 → pkg: 0 J, dram: 462.465 J, total: 462.465 J
    - PID 3689118 → pkg: 133041 J, dram: 2003.09 J, total: 135044.09 J
    - PID 3689119 → pkg: 0 J, dram: 462.983 J, total: 462.983 J
    - PID 3689120 → pkg: 7800.66 J, dram: 1616.16 J, total: 9416.82 J
    - PID 3689315 → pkg: 131926 J, dram: 2004.53 J, total: 133930.53 J
    - PID 3689317 → pkg: 213.487 J, dram: 501.82 J, total: 715.307 J
    - PID 3689554 → pkg: 133060 J, dram: 2009.29 J, total: 135069.29 J
    - PID 3729975 → pkg: 0 J, dram: 0 J, total: 0 J
    - PID 3730212 → pkg: 4118.49 J, dram: 783.858 J, total: 4902.348 J
    - PID 3730407 → pkg: 4052.07 J, dram: 786.063 J, total: 4838.133 J
    - PID 3730409 → pkg: 0 J, dram: 337.432 J, total: 337.432 J
    - PID 3730410 → pkg: 4151.27 J, dram: 782.658 J, total: 4933.928 J
    - PID 3730411 → pkg: 0 J, dram: 343.177 J, total: 343.177 J
    - PID 3730415 → pkg: 4147.48 J, dram: 783.907 J, total: 4931.387 J
    - PID 3730730 → pkg: 4085.08 J, dram: 783.708 J, total: 4868.788 J
    - PID 3730737 → pkg: 142.715 J, dram: 360.684 J, total: 503.399 J
    - PID 3730927 → pkg: 4157.49 J, dram: 783.614 J, total: 4941.104 J
    - PID 3809233 → pkg: 0 J, dram: 0 J, total: 0 J
    - PID 3809423 → pkg: 131166 J, dram: 1666.33 J, total: 132832.33 J
    - PID 3809614 → pkg: 131254 J, dram: 1665.58 J, total: 132919.58 J
    - PID 3809615 → pkg: 130214 J, dram: 1666.61 J, total: 131880.61 J
    - PID 3809616 → pkg: 0 J, dram: 384.568 J, total: 384.568 J
    - PID 3809617 → pkg: 131639 J, dram: 1664.54 J, total: 133303.54 J
    - PID 3809618 → pkg: 0 J, dram: 380.791 J, total: 380.791 J
    - PID 3809619 → pkg: 132273 J, dram: 1664.28 J, total: 133937.28 J
    - PID 3809837 → pkg: 3954.5 J, dram: 778.024 J, total: 4732.524 J
    - PID 3809839 → pkg: 25648.9 J, dram: 405.62 J, total: 26054.52 J
    - PID 3810079 → pkg: 131956 J, dram: 1663.78 J, total: 133619.78 J
    - PID 3931388 → pkg: 0 J, dram: 0 J, total: 0 J
    - PID 3931655 → pkg: 131862 J, dram: 1693.61 J, total: 133555.61 J
    - PID 3931656 → pkg: 0 J, dram: 390.555 J, total: 390.555 J
    - PID 3931657 → pkg: 3872.89 J, dram: 787.661 J, total: 4660.551 J
    - PID 3931659 → pkg: 0 J, dram: 391.948 J, total: 391.948 J
    - PID 3931662 → pkg: 131506 J, dram: 1658.11 J, total: 133164.11 J
    - PID 3931893 → pkg: 132444 J, dram: 1692.01 J, total: 134136.01 J
    - PID 3931897 → pkg: 171.822 J, dram: 406.593 J, total: 578.415 J
    - PID 3932155 → pkg: 3917.14 J, dram: 787.641 J, total: 4704.781 J
    - PID 4143563 → pkg: 0 J, dram: 0 J, total: 0 J
    - PID 4143803 → pkg: 3979.5 J, dram: 774.207 J, total: 4753.707 J
    - PID 4143960 → pkg: 4017.89 J, dram: 773.391 J, total: 4791.281 J
    - PID 4143961 → pkg: 129985 J, dram: 36602 J, total: 166587 J
    - PID 4143962 → pkg: 0 J, dram: 9629.19 J, total: 9629.19 J
    - PID 4143963 → pkg: 117061 J, dram: 1555.59 J, total: 118616.59 J
    - PID 4143964 → pkg: 0 J, dram: 9727.16 J, total: 9727.16 J
    - PID 4143966 → pkg: 4011.56 J, dram: 772.914 J, total: 4784.474 J
    - PID 4144152 → pkg: 127970 J, dram: 1554.75 J, total: 129524.75 J
    - PID 4144157 → pkg: 172.07 J, dram: 10297.1 J, total: 10469.17 J
    - PID 4144397 → pkg: 130616 J, dram: 36506.5 J, total: 167122.5 J
    - PID 263943 → pkg: 0 J, dram: 0 J, total: 0 J
    - PID 264291 → pkg: 126863 J, dram: 780.851 J, total: 127643.851 J
    - PID 264405 → pkg: 111521 J, dram: 780.833 J, total: 112301.833 J
    - PID 264406 → pkg: 126377 J, dram: 780.433 J, total: 127157.433 J
    - PID 264408 → pkg: 0 J, dram: 186.257 J, total: 186.257 J
    - PID 264411 → pkg: 127433 J, dram: 780.801 J, total: 128213.801 J
    - PID 264412 → pkg: 0 J, dram: 183.769 J, total: 183.769 J
    - PID 264413 → pkg: 126382 J, dram: 780.084 J, total: 127162.084 J
    - PID 264598 → pkg: 125651 J, dram: 780.016 J, total: 126431.016 J
    - PID 264600 → pkg: 25411.1 J, dram: 200.625 J, total: 25611.725 J
    - PID 264770 → pkg: 123044 J, dram: 779.537 J, total: 123823.537 J
    - PID 451839 → pkg: 0 J, dram: 0 J, total: 0 J
    - PID 452255 → pkg: 4128.27 J, dram: 40085.3 J, total: 44213.57 J
    - PID 452256 → pkg: 0 J, dram: 9458.03 J, total: 9458.03 J
    - PID 452259 → pkg: 0 J, dram: 9604.71 J, total: 9604.71 J
    - PID 452442 → pkg: 179.208 J, dram: 10164.4 J, total: 10343.608 J
    - PID 452658 → pkg: 4105.78 J, dram: 40065.2 J, total: 44170.98 J
    - PID 487904 → pkg: 0 J, dram: 0 J, total: 0 J
    - PID 488346 → pkg: 1827.99 J, dram: 339.538 J, total: 2167.528 J
    - PID 488348 → pkg: 0 J, dram: 84.9946 J, total: 84.9946 J
    - PID 488349 → pkg: 1828.66 J, dram: 339.003 J, total: 2167.663 J
    - PID 488350 → pkg: 0 J, dram: 80.7892 J, total: 80.7892 J
    - PID 488351 → pkg: 1855.57 J, dram: 338.813 J, total: 2194.383 J
    - PID 488584 → pkg: 1833.91 J, dram: 338.991 J, total: 2172.901 J
    - PID 488591 → pkg: 54.2931 J, dram: 89.0652 J, total: 143.3583 J
    - PID 488792 → pkg: 1810.89 J, dram: 331.176 J, total: 2142.066 J
    - PID 713282 → pkg: 0 J, dram: 0 J, total: 0 J
    - PID 748129 → pkg: 0 J, dram: 0 J, total: 0 J
    - PID 748301 → pkg: 1538.43 J, dram: 216.608 J, total: 1755.038 J
    - PID 748431 → pkg: 1649.39 J, dram: 254.548 J, total: 1903.938 J
    - PID 748433 → pkg: 1583.6 J, dram: 232.357 J, total: 1815.957 J
    - PID 748435 → pkg: 0 J, dram: 63.5925 J, total: 63.5925 J
    - PID 748436 → pkg: 1604.82 J, dram: 231.273 J, total: 1836.093 J
    - PID 748438 → pkg: 0 J, dram: 60.6415 J, total: 60.6415 J
    - PID 748441 → pkg: 1693.19 J, dram: 260.778 J, total: 1953.968 J
    - PID 748745 → pkg: 1499.64 J, dram: 196.474 J, total: 1696.114 J
    - PID 748750 → pkg: 30.037 J, dram: 52.271 J, total: 82.308 J
    - PID 748933 → pkg: 1623.49 J, dram: 230.639 J, total: 1854.129 J
    - PID 853163 → pkg: 0 J, dram: 0 J, total: 0 J
    - PID 984708 → pkg: 0 J, dram: 311.136 J, total: 311.136 J
    - PID 984710 → pkg: 0 J, dram: 309.065 J, total: 309.065 J
    - PID 984711 → pkg: 8491.19 J, dram: 1368.45 J, total: 9859.64 J
    - PID 984762 → pkg: 8212.29 J, dram: 1319.95 J, total: 9532.24 J
    - PID 984764 → pkg: 157.888 J, dram: 336.528 J, total: 494.416 J
    - PID 984839 → pkg: 8214.65 J, dram: 1318.56 J, total: 9533.21 J
    - PID 988057 → pkg: 0 J, dram: 0 J, total: 0 J
    - PID 989044 → pkg: 4367.88 J, dram: 640.806 J, total: 5008.686 J
    - PID 989046 → pkg: 0 J, dram: 370.586 J, total: 370.586 J
    - PID 989047 → pkg: 8654.95 J, dram: 1439.34 J, total: 10094.29 J
    - PID 989048 → pkg: 0 J, dram: 385.885 J, total: 385.885 J
    - PID 989345 → pkg: 170.261 J, dram: 399.942 J, total: 570.203 J
    - PID 989634 → pkg: 8642.62 J, dram: 1434.72 J, total: 10077.34 J
    - PID 1051918 → pkg: 0 J, dram: 0 J, total: 0 J
    - PID 1052038 → pkg: 4211.82 J, dram: 650.418 J, total: 4862.238 J
    - PID 1052101 → pkg: 4259 J, dram: 650.342 J, total: 4909.342 J
    - PID 1052102 → pkg: 4190.99 J, dram: 650.875 J, total: 4841.865 J
    - PID 1052103 → pkg: 0 J, dram: 333.878 J, total: 333.878 J
    - PID 1052104 → pkg: 4263.98 J, dram: 649.72 J, total: 4913.70 J
    - PID 1052105 → pkg: 0 J, dram: 336.022 J, total: 336.022 J
    - PID 1052106 → pkg: 8248.78 J, dram: 1415.88 J, total: 9664.66 J
    - PID 1052212 → pkg: 4216.85 J, dram: 649.838 J, total: 4866.688 J
    - PID 1052214 → pkg: 148.533 J, dram: 356.611 J, total: 505.144 J
    - PID 1052406 → pkg: 8297.92 J, dram: 1414.55 J, total: 9712.47 J
    - PID 1186854 → pkg: 0 J, dram: 0 J, total: 0 J
    - PID 1187045 → pkg: 7653.93 J, dram: 1409.64 J, total: 9063.57 J
    - PID 1187134 → pkg: 4236.38 J, dram: 714.695 J, total: 4951.075 J
    - PID 1187138 → pkg: 4181.64 J, dram: 714.595 J, total: 4896.235 J
    - PID 1187139 → pkg: 0 J, dram: 322.822 J, total: 322.822 J
    - PID 1187141 → pkg: 7801.47 J, dram: 1418.29 J, total: 9219.76 J
    - PID 1187143 → pkg: 0 J, dram: 327.216 J, total: 327.216 J
    - PID 1187145 → pkg: 4248.4 J, dram: 714.885 J, total: 4963.285 J
    - PID 1187372 → pkg: 4250.45 J, dram: 713.66 J, total: 4964.11 J
    - PID 1187377 → pkg: 155.169 J, dram: 347.078 J, total: 502.247 J
    - PID 1187619 → pkg: 7705.1 J, dram: 1407.75 J, total: 9112.85 J
    - PID 1309385 → pkg: 0 J, dram: 0 J, total: 0 J
    - PID 1309832 → pkg: 0 J, dram: 388.787 J, total: 388.787 J
    - PID 1309833 → pkg: 9250.67 J, dram: 1695.8 J, total: 10946.47 J
    - PID 1309834 → pkg: 0 J, dram: 398.168 J, total: 398.168 J
    - PID 1309836 → pkg: 4042.15 J, dram: 711.516 J, total: 4753.666 J
    - PID 1310048 → pkg: 4023.22 J, dram: 710.174 J, total: 4733.394 J
    - PID 1310053 → pkg: 175.044 J, dram: 415.197 J, total: 590.241 J
    - PID 1310253 → pkg: 4032.76 J, dram: 710.707 J, total: 4743.467 J
    - PID 1553255 → pkg: 0 J, dram: 0 J, total: 0 J
    - PID 1553418 → pkg: 13839.2 J, dram: 2679.05 J, total: 16518.25 J
    - PID 1553602 → pkg: 12132.4 J, dram: 2316.06 J, total: 14448.46 J
    - PID 1553604 → pkg: 0 J, dram: 612.271 J, total: 612.271 J
    - PID 1553605 → pkg: 13857.7 J, dram: 2677.14 J, total: 16534.84 J
    - PID 1553606 → pkg: 0 J, dram: 625.624 J, total: 625.624 J
    - PID 1553607 → pkg: 13886 J, dram: 2680.91 J, total: 16566.91 J
    - PID 1553782 → pkg: 13932.5 J, dram: 2677.15 J, total: 16609.65 J
    - PID 1553787 → pkg: 290.018 J, dram: 666.423 J, total: 956.441 J
    - PID 1554101 → pkg: 13840.8 J, dram: 2673.51 J, total: 16514.31 J
    - PID 1708842 → pkg: 0 J, dram: 0 J, total: 0 J
    - PID 1709008 → pkg: 3789.99 J, dram: 725.02 J, total: 4515.01 J
    - PID 1709177 → pkg: 10472.6 J, dram: 2092.95 J, total: 12565.55 J
    - PID 1709179 → pkg: 0 J, dram: 498.888 J, total: 498.888 J
    - PID 1709181 → pkg: 10485 J, dram: 2090.7 J, total: 12575.7 J
    - PID 1709183 → pkg: 0 J, dram: 493.819 J, total: 493.819 J
    - PID 1709186 → pkg: 10450.9 J, dram: 2090.56 J, total: 12541.46 J
    - PID 1709409 → pkg: 10489.6 J, dram: 2089.19 J, total: 12578.79 J
    - PID 1709412 → pkg: 174.777 J, dram: 519.952 J, total: 694.729 J
    - PID 1709611 → pkg: 10502 J, dram: 2094.45 J, total: 12596.45 J
    - PID 1731238 → pkg: 0 J, dram: 0 J, total: 0 J
    - PID 1731512 → pkg: 4149.18 J, dram: 721.022 J, total: 4870.202 J
    - PID 1731516 → pkg: 4025.47 J, dram: 722.297 J, total: 4747.767 J
    - PID 1731517 → pkg: 0 J, dram: 327.943 J, total: 327.943 J
    - PID 1731518 → pkg: 7419.29 J, dram: 1380.73 J, total: 8800.02 J
    - PID 1731519 → pkg: 0 J, dram: 316.518 J, total: 316.518 J
    - PID 1731521 → pkg: 7315.51 J, dram: 1379.07 J, total: 8694.58 J
    - PID 1731773 → pkg: 4066.26 J, dram: 720.527 J, total: 4786.787 J
    - PID 1731779 → pkg: 147.623 J, dram: 342.951 J, total: 490.574 J
    - PID 1732005 → pkg: 7390.87 J, dram: 1378.14 J, total: 8769.01 J
    - PID 1881097 → pkg: 0 J, dram: 0 J, total: 0 J
    - PID 1881390 → pkg: 7313.86 J, dram: 1428.84 J, total: 8742.70 J
    - PID 1881671 → pkg: 4125.86 J, dram: 737.25 J, total: 4863.11 J
    - PID 1881672 → pkg: 4195.65 J, dram: 737.003 J, total: 4932.653 J
    - PID 1881673 → pkg: 0 J, dram: 324.858 J, total: 324.858 J
    - PID 1881674 → pkg: 7378.72 J, dram: 1426.89 J, total: 8805.61 J
    - PID 1881675 → pkg: 0 J, dram: 324.929 J, total: 324.929 J
    - PID 1881677 → pkg: 4200.52 J, dram: 736.964 J, total: 4937.484 J
    - PID 1881952 → pkg: 7477.03 J, dram: 1426.23 J, total: 8903.26 J
    - PID 1881955 → pkg: 129.701 J, dram: 349.736 J, total: 479.437 J
    - PID 1882281 → pkg: 7394.61 J, dram: 1426.32 J, total: 8820.93 J
    - PID 2178582 → pkg: 0 J, dram: 0 J, total: 0 J
    - PID 2178771 → pkg: 7913.2 J, dram: 1568.39 J, total: 9481.59 J
    - PID 2179063 → pkg: 8100.81 J, dram: 1577.76 J, total: 9678.57 J
    - PID 2179064 → pkg: 0 J, dram: 368.175 J, total: 368.175 J
    - PID 2179065 → pkg: 7880.63 J, dram: 1567.52 J, total: 9448.15 J
    - PID 2179066 → pkg: 0 J, dram: 365.389 J, total: 365.389 J
    - PID 2179067 → pkg: 7968.32 J, dram: 1566.66 J, total: 9534.98 J
    - PID 2179320 → pkg: 3902.86 J, dram: 744.509 J, total: 4647.369 J
    - PID 2179326 → pkg: 185.734 J, dram: 394.237 J, total: 579.971 J
    - PID 2179570 → pkg: 4004.92 J, dram: 743.896 J, total: 4748.816 J
    - PID 2517340 → pkg: 0 J, dram: 0 J, total: 0 J
    - PID 2517618 → pkg: 7319.69 J, dram: 1407.04 J, total: 8726.73 J
    - PID 2517820 → pkg: 7291.73 J, dram: 1405.55 J, total: 8697.28 J
    - PID 2517822 → pkg: 0 J, dram: 326.499 J, total: 326.499 J
    - PID 2517823 → pkg: 7278.42 J, dram: 1405.95 J, total: 8684.37 J
    - PID 2517824 → pkg: 0 J, dram: 326.441 J, total: 326.441 J
    - PID 2517825 → pkg: 7325.09 J, dram: 1406.61 J, total: 8731.70 J
    - PID 2518021 → pkg: 7357.87 J, dram: 1404.11 J, total: 8761.98 J
    - PID 2518025 → pkg: 143.539 J, dram: 344.946 J, total: 488.485 J
    - PID 2518259 → pkg: 7296.19 J, dram: 1404.31 J, total: 8700.50 J
    - PID 2697509 → pkg: 0 J, dram: 0 J, total: 0 J
    - PID 2697912 → pkg: 7293.76 J, dram: 1350.45 J, total: 8644.21 J
    - PID 2697913 → pkg: 0 J, dram: 313.343 J, total: 313.343 J
    - PID 2697914 → pkg: 7434.73 J, dram: 1349.41 J, total: 8784.14 J
    - PID 2697915 → pkg: 0 J, dram: 307.597 J, total: 307.597 J
    - PID 2698034 → pkg: 7294.89 J, dram: 1348.56 J, total: 8643.45 J
    - PID 2698039 → pkg: 142.677 J, dram: 335.106 J, total: 477.783 J
    - PID 2698256 → pkg: 7413.99 J, dram: 1347.42 J, total: 8761.41 J
    - PID 2865102 → pkg: 0 J, dram: 0 J, total: 0 J
    - PID 2865621 → pkg: 1869.16 J, dram: 341.392 J, total: 2210.552 J
    - PID 2865623 → pkg: 1836.4 J, dram: 341.313 J, total: 2177.713 J
    - PID 2865625 → pkg: 0 J, dram: 85.4253 J, total: 85.4253 J
    - PID 2865627 → pkg: 1866.63 J, dram: 341.607 J, total: 2208.237 J
    - PID 2865628 → pkg: 0 J, dram: 84.6328 J, total: 84.6328 J
    - PID 2865858 → pkg: 1821.15 J, dram: 334.309 J, total: 2155.459 J
    - PID 2865860 → pkg: 46.3417 J, dram: 90.9651 J, total: 137.3068 J
    - PID 2866147 → pkg: 1864.7 J, dram: 340.917 J, total: 2205.617 J
    - PID 2991223 → pkg: 0 J, dram: 0 J, total: 0 J
    - PID 2991626 → pkg: 1660.46 J, dram: 285.447 J, total: 1945.907 J
    - PID 2991949 → pkg: 1646.65 J, dram: 280.23 J, total: 1926.88 J
    - PID 2991951 → pkg: 1631.59 J, dram: 278.787 J, total: 1910.377 J
    - PID 2991953 → pkg: 0 J, dram: 68.0932 J, total: 68.0932 J
    - PID 2991955 → pkg: 1619.23 J, dram: 279.002 J, total: 1898.232 J
    - PID 2991958 → pkg: 0 J, dram: 70.7818 J, total: 70.7818 J
    - PID 2991963 → pkg: 1622.06 J, dram: 278.993 J, total: 1901.053 J
    - PID 2992272 → pkg: 1616.87 J, dram: 278.737 J, total: 1895.607 J
    - PID 2992276 → pkg: 45.6026 J, dram: 73.2426 J, total: 118.8452 J
    - PID 2992600 → pkg: 1670.03 J, dram: 285.109 J, total: 1955.139 J
    - PID 3031094 → pkg: 0 J, dram: 0 J, total: 0 J
    - PID 3031354 → pkg: 8975.58 J, dram: 1602.59 J, total: 10578.17 J
    - PID 3031653 → pkg: 0 J, dram: 352.348 J, total: 352.348 J
    - PID 3031656 → pkg: 0 J, dram: 363.882 J, total: 363.882 J
    - PID 3031657 → pkg: 8611.8 J, dram: 1564.05 J, total: 10175.85 J
    - PID 3031984 → pkg: 162.545 J, dram: 382.886 J, total: 545.431 J
    - PID 3032283 → pkg: 8612.71 J, dram: 1563.41 J, total: 10176.12 J
    - PID 3077124 → pkg: 0 J, dram: 0 J, total: 0 J
    - PID 3077491 → pkg: 8237.65 J, dram: 1484.8 J, total: 9722.45 J
    - PID 3077493 → pkg: 0 J, dram: 340.948 J, total: 340.948 J
    - PID 3077496 → pkg: 0 J, dram: 330.097 J, total: 330.097 J
    - PID 3077497 → pkg: 8214.76 J, dram: 1486.09 J, total: 9700.85 J
    - PID 3077782 → pkg: 4251.34 J, dram: 713.596 J, total: 4964.936 J
    - PID 3077788 → pkg: 170.975 J, dram: 356.186 J, total: 527.161 J
    - PID 3178573 → pkg: 0 J, dram: 0 J, total: 0 J
    - PID 3178726 → pkg: 4173.22 J, dram: 704.47 J, total: 4877.69 J
    - PID 3178871 → pkg: 4121.91 J, dram: 702.66 J, total: 4824.57 J
    - PID 3178873 → pkg: 8260.68 J, dram: 1487.26 J, total: 9747.94 J
    - PID 3178874 → pkg: 0 J, dram: 345.022 J, total: 345.022 J
    - PID 3178875 → pkg: 4051.24 J, dram: 702.324 J, total: 4753.564 J
    - PID 3178876 → pkg: 0 J, dram: 344.1 J, total: 344.1 J
    - PID 3178877 → pkg: 4050.32 J, dram: 702.308 J, total: 4752.628 J
    - PID 3179068 → pkg: 3995.46 J, dram: 702.129 J, total: 4697.589 J
    - PID 3179073 → pkg: 167.484 J, dram: 361.55 J, total: 529.034 J
    - PID 3179273 → pkg: 4161.09 J, dram: 700.755 J, total: 4861.845 J
    - PID 3262611 → pkg: 0 J, dram: 0 J, total: 0 J
    - PID 3262797 → pkg: 8077.48 J, dram: 1435.26 J, total: 9512.74 J
    - PID 3263026 → pkg: 0 J, dram: 324.969 J, total: 324.969 J
    - PID 3263028 → pkg: 0 J, dram: 329.018 J, total: 329.018 J
    - PID 3263236 → pkg: 7823.55 J, dram: 1433.44 J, total: 9256.99 J
    - PID 3263246 → pkg: 146.425 J, dram: 346.627 J, total: 493.052 J
    - PID 3263425 → pkg: 4024.62 J, dram: 701.508 J, total: 4726.128 J
    - PID 3415578 → pkg: 0 J, dram: 0 J, total: 0 J
    - PID 3415709 → pkg: 7989.08 J, dram: 1437.81 J, total: 9426.89 J
    - PID 3415842 → pkg: 4117.55 J, dram: 697.983 J, total: 4815.533 J
    - PID 3415843 → pkg: 8041.79 J, dram: 1431.24 J, total: 9473.03 J
    - PID 3415844 → pkg: 0 J, dram: 326.09 J, total: 326.09 J
    - PID 3415845 → pkg: 7965.2 J, dram: 1433.22 J, total: 9398.42 J
    - PID 3415846 → pkg: 0 J, dram: 327.028 J, total: 327.028 J
    - PID 3415847 → pkg: 8042.33 J, dram: 1429.52 J, total: 9471.85 J
    - PID 3416083 → pkg: 8045.48 J, dram: 1435.8 J, total: 9481.28 J
    - PID 3416085 → pkg: 155.757 J, dram: 353.908 J, total: 509.665 J
    - PID 3416332 → pkg: 8033.23 J, dram: 1429.35 J, total: 9462.58 J
    - PID 3843420 → pkg: 0 J, dram: 0 J, total: 0 J
    - PID 3843818 → pkg: 7707.38 J, dram: 1423.31 J, total: 9130.69 J
    - PID 3843928 → pkg: 7685.15 J, dram: 1428.69 J, total: 9113.84 J
    - PID 3843929 → pkg: 3997.22 J, dram: 722.313 J, total: 4719.533 J
    - PID 3843930 → pkg: 0 J, dram: 325.168 J, total: 325.168 J
    - PID 3843932 → pkg: 7712.33 J, dram: 1421.67 J, total: 9134.00 J
    - PID 3843933 → pkg: 0 J, dram: 325.226 J, total: 325.226 J
    - PID 3843934 → pkg: 4006.23 J, dram: 722.55 J, total: 4728.78 J
    - PID 3844105 → pkg: 3993.91 J, dram: 722.654 J, total: 4716.564 J
    - PID 3844110 → pkg: 169.268 J, dram: 347.685 J, total: 516.953 J
    - PID 3844280 → pkg: 7764.15 J, dram: 1425.71 J, total: 9189.86 J
    - PID 3849729 → pkg: 0 J, dram: 0 J, total: 0 J
    - PID 3850243 → pkg: 0 J, dram: 534.781 J, total: 534.781 J
    - PID 3850244 → pkg: 12284.8 J, dram: 2351.71 J, total: 14636.51 J
    - PID 3850245 → pkg: 0 J, dram: 533.206 J, total: 533.206 J
    - PID 3850247 → pkg: 12283 J, dram: 2352.34 J, total: 14635.34 J
    - PID 3850604 → pkg: 12136.7 J, dram: 2344.59 J, total: 14481.29 J
    - PID 3850612 → pkg: 238.931 J, dram: 582.407 J, total: 821.338 J
    - PID 3850916 → pkg: 12196 J, dram: 2348.68 J, total: 14544.68 J
    - PID 3932471 → pkg: 0 J, dram: 0 J, total: 0 J
    - PID 3932725 → pkg: 6844.03 J, dram: 1281.48 J, total: 8125.51 J
    - PID 3932910 → pkg: 4098.73 J, dram: 738.36 J, total: 4837.09 J
    - PID 3932912 → pkg: 7080.83 J, dram: 1288.06 J, total: 8368.89 J
    - PID 3932914 → pkg: 0 J, dram: 302.565 J, total: 302.565 J
    - PID 3932916 → pkg: 4106.21 J, dram: 738.156 J, total: 4844.366 J
    - PID 3932918 → pkg: 0 J, dram: 298.619 J, total: 298.619 J
    - PID 3932919 → pkg: 6858.49 J, dram: 1279.99 J, total: 8138.48 J
    - PID 3933142 → pkg: 7001.45 J, dram: 1280.18 J, total: 8281.63 J
    - PID 3933144 → pkg: 136.911 J, dram: 318.157 J, total: 455.068 J
    - PID 3933398 → pkg: 4115.91 J, dram: 737.903 J, total: 4853.813 J
    - PID 3989581 → pkg: 0 J, dram: 0 J, total: 0 J
    - PID 3990021 → pkg: 0 J, dram: 348.19 J, total: 348.19 J
    - PID 3990023 → pkg: 0 J, dram: 350.34 J, total: 350.34 J
    - PID 3990024 → pkg: 4065.41 J, dram: 722.614 J, total: 4788.024 J
    - PID 3990163 → pkg: 7865.69 J, dram: 1483.83 J, total: 9349.52 J
    - PID 3990168 → pkg: 164.771 J, dram: 369.852 J, total: 534.623 J
    - PID 4171000 → pkg: 0 J, dram: 0 J, total: 0 J
    - PID 4171174 → pkg: 7597.78 J, dram: 1409.22 J, total: 9007.00 J
    - PID 4171356 → pkg: 4032.27 J, dram: 719.558 J, total: 4751.828 J
    - PID 4171357 → pkg: 7566.2 J, dram: 1409.45 J, total: 8975.65 J
    - PID 4171359 → pkg: 0 J, dram: 325.448 J, total: 325.448 J
    - PID 4171362 → pkg: 4041.06 J, dram: 717.69 J, total: 4758.75 J
    - PID 4171363 → pkg: 0 J, dram: 333.38 J, total: 333.38 J
    - PID 4171364 → pkg: 7717.5 J, dram: 1414.64 J, total: 9132.14 J
    - PID 4171587 → pkg: 4067.58 J, dram: 716.175 J, total: 4783.755 J
    - PID 4171590 → pkg: 160.013 J, dram: 350.375 J, total: 510.388 J
    - PID 4171848 → pkg: 7537.49 J, dram: 1407.99 J, total: 8945.48 J
    - PID 408457 → pkg: 0 J, dram: 0 J, total: 0 J
    - PID 408683 → pkg: 3996.31 J, dram: 729.328 J, total: 4725.638 J
    - PID 408840 → pkg: 7605.6 J, dram: 1380.72 J, total: 8986.32 J
    - PID 408841 → pkg: 7592.25 J, dram: 1380.65 J, total: 8972.90 J
    - PID 408842 → pkg: 0 J, dram: 324.159 J, total: 324.159 J
    - PID 408843 → pkg: 7605.73 J, dram: 1380.36 J, total: 8986.09 J
    - PID 408844 → pkg: 0 J, dram: 314.322 J, total: 314.322 J
    - PID 408845 → pkg: 7557.89 J, dram: 1381.26 J, total: 8939.15 J
    - PID 409027 → pkg: 7596.54 J, dram: 1379.34 J, total: 8975.88 J
    - PID 409030 → pkg: 152.837 J, dram: 340.487 J, total: 493.324 J
    - PID 409227 → pkg: 7638.33 J, dram: 1378.91 J, total: 9017.24 J
    - PID 456917 → pkg: 0 J, dram: 0 J, total: 0 J
    - PID 457133 → pkg: 3919.42 J, dram: 730.532 J, total: 4649.952 J
    - PID 457276 → pkg: 4028.85 J, dram: 730.649 J, total: 4759.499 J
    - PID 457278 → pkg: 3986.52 J, dram: 729.915 J, total: 4716.435 J
    - PID 457279 → pkg: 0 J, dram: 429.946 J, total: 429.946 J
    - PID 457280 → pkg: 10552 J, dram: 1859.6 J, total: 12411.6 J
    - PID 457282 → pkg: 0 J, dram: 431.124 J, total: 431.124 J
    - PID 457283 → pkg: 10348.9 J, dram: 1859.08 J, total: 12207.98 J
    - PID 457547 → pkg: 10556.1 J, dram: 1858.35 J, total: 12414.45 J
    - PID 457549 → pkg: 200.59 J, dram: 452.97 J, total: 653.56 J
    - PID 457743 → pkg: 10452 J, dram: 1857.63 J, total: 12309.63 J
    - PID 611450 → pkg: 0 J, dram: 0 J, total: 0 J
    - PID 611749 → pkg: 11939.2 J, dram: 2163.14 J, total: 14102.34 J
    - PID 611983 → pkg: 11777.3 J, dram: 2156.49 J, total: 13933.79 J
    - PID 611984 → pkg: 0 J, dram: 491.656 J, total: 491.656 J
    - PID 611987 → pkg: 0 J, dram: 488.761 J, total: 488.761 J
    - PID 611988 → pkg: 11823.9 J, dram: 2155.59 J, total: 13979.49 J
    - PID 612237 → pkg: 242.323 J, dram: 529.065 J, total: 771.388 J
    - PID 756389 → pkg: 0 J, dram: 0 J, total: 0 J
    - PID 756882 → pkg: 0 J, dram: 307.227 J, total: 307.227 J
    - PID 756884 → pkg: 0 J, dram: 306.87 J, total: 306.87 J
    - PID 757131 → pkg: 7793.15 J, dram: 1342.07 J, total: 9135.22 J
    - PID 757134 → pkg: 148.125 J, dram: 329.371 J, total: 477.496 J
    - PID 757430 → pkg: 4077.01 J, dram: 717.318 J, total: 4794.328 J
    - PID 919616 → pkg: 0 J, dram: 0 J, total: 0 J
    - PID 919818 → pkg: 8213.82 J, dram: 1451.52 J, total: 9665.34 J
    - PID 920008 → pkg: 3905.47 J, dram: 704.045 J, total: 4609.515 J
    - PID 920011 → pkg: 3959.82 J, dram: 704.019 J, total: 4663.839 J
    - PID 920012 → pkg: 0 J, dram: 440.522 J, total: 440.522 J
    - PID 920013 → pkg: 8113.46 J, dram: 1466.92 J, total: 9580.38 J
    - PID 920014 → pkg: 0 J, dram: 432.21 J, total: 432.21 J
    - PID 920015 → pkg: 8077.19 J, dram: 1467 J, total: 9544.19 J
    - PID 920326 → pkg: 8048.63 J, dram: 1467.61 J, total: 9516.24 J
    - PID 920332 → pkg: 194.643 J, dram: 471.697 J, total: 666.340 J
    - PID 920739 → pkg: 8037.28 J, dram: 1465.01 J, total: 9502.29 J
    - PID 1164654 → pkg: 0 J, dram: 0 J, total: 0 J
    - PID 1165338 → pkg: 0 J, dram: 362.783 J, total: 362.783 J
    - PID 1165339 → pkg: 8795.36 J, dram: 1589.46 J, total: 10384.82 J
    - PID 1165340 → pkg: 0 J, dram: 368.775 J, total: 368.775 J
    - PID 1165342 → pkg: 3926.48 J, dram: 674.129 J, total: 4600.609 J
    - PID 1165577 → pkg: 8655.14 J, dram: 1588.72 J, total: 10243.86 J
    - PID 1165581 → pkg: 176.31 J, dram: 386.347 J, total: 562.657 J
    - PID 1165911 → pkg: 8779.02 J, dram: 1587.28 J, total: 10366.30 J
    - PID 1456322 → pkg: 0 J, dram: 0 J, total: 0 J
    - PID 1456544 → pkg: 14547 J, dram: 2880.87 J, total: 17427.87 J
    - PID 1456647 → pkg: 14385.9 J, dram: 2874.98 J, total: 17260.88 J
    - PID 1456648 → pkg: 7345.54 J, dram: 1488.93 J, total: 8834.47 J
    - PID 1456650 → pkg: 0 J, dram: 650.635 J, total: 650.635 J
    - PID 1456651 → pkg: 14722.6 J, dram: 2879.56 J, total: 17602.16 J
    - PID 1456652 → pkg: 0 J, dram: 663.857 J, total: 663.857 J
    - PID 1456653 → pkg: 14545.4 J, dram: 2879.34 J, total: 17424.74 J
    - PID 1456905 → pkg: 14669.6 J, dram: 2873.09 J, total: 17542.69 J
    - PID 1456908 → pkg: 306.151 J, dram: 694.404 J, total: 1000.555 J
    - PID 1457073 → pkg: 11404 J, dram: 2248.8 J, total: 13652.8 J
    - PID 1491552 → pkg: 0 J, dram: 0 J, total: 0 J
    - PID 1491884 → pkg: 3991.34 J, dram: 738.146 J, total: 4729.486 J
    - PID 1492150 → pkg: 4090.98 J, dram: 736.442 J, total: 4827.422 J
    - PID 1492157 → pkg: 0 J, dram: 342.624 J, total: 342.624 J
    - PID 1492160 → pkg: 0 J, dram: 343.373 J, total: 343.373 J
    - PID 1492163 → pkg: 4126.85 J, dram: 736.404 J, total: 4863.254 J
    - PID 1492508 → pkg: 8214.09 J, dram: 1514.41 J, total: 9728.50 J
    - PID 1492511 → pkg: 160.995 J, dram: 368.454 J, total: 529.449 J
    - PID 1492835 → pkg: 8081.83 J, dram: 1506.58 J, total: 9588.41 J
    - PID 1769111 → pkg: 0 J, dram: 0 J, total: 0 J
    - PID 1769475 → pkg: 8167.77 J, dram: 1530.92 J, total: 9698.69 J
    - PID 1769476 → pkg: 0 J, dram: 416.452 J, total: 416.452 J
    - PID 1769480 → pkg: 0 J, dram: 422.358 J, total: 422.358 J
    - PID 1769896 → pkg: 8245.28 J, dram: 1534.24 J, total: 9779.52 J
    - PID 1769900 → pkg: 174.84 J, dram: 433.817 J, total: 608.657 J
    - PID 1770299 → pkg: 8303.79 J, dram: 1535.09 J, total: 9838.88 J
    - PID 1962332 → pkg: 0 J, dram: 0 J, total: 0 J
    - PID 1962472 → pkg: 7747.43 J, dram: 1449.14 J, total: 9196.57 J
    - PID 1962630 → pkg: 0 J, dram: 329.03 J, total: 329.03 J
    - PID 1962631 → pkg: 7771.08 J, dram: 1447.21 J, total: 9218.29 J
    - PID 1962632 → pkg: 0 J, dram: 333.346 J, total: 333.346 J
    - PID 1962634 → pkg: 7783.14 J, dram: 1447.08 J, total: 9230.22 J
    - PID 1962908 → pkg: 7605.49 J, dram: 1437.8 J, total: 9043.29 J
    - PID 1962911 → pkg: 152.743 J, dram: 353.913 J, total: 506.656 J
    - PID 1963107 → pkg: 7659.73 J, dram: 1446.14 J, total: 9105.87 J
    - PID 2033590 → pkg: 0 J, dram: 0 J, total: 0 J
    - PID 2033854 → pkg: 135100 J, dram: 3239.98 J, total: 138339.98 J
    - PID 2034034 → pkg: 130309 J, dram: 3062.43 J, total: 133371.43 J
    - PID 2034035 → pkg: 132824 J, dram: 3238 J, total: 136062 J
    - PID 2034036 → pkg: 0 J, dram: 743.76 J, total: 743.76 J
    - PID 2034037 → pkg: 136307 J, dram: 3063.44 J, total: 139370.44 J
    - PID 2034038 → pkg: 0 J, dram: 745.273 J, total: 745.273 J
    - PID 2034040 → pkg: 131133 J, dram: 3236.69 J, total: 134369.69 J
    - PID 2034261 → pkg: 126012 J, dram: 3236.5 J, total: 129248.5 J
    - PID 2034268 → pkg: 309.254 J, dram: 798.982 J, total: 1108.236 J
    - PID 2034554 → pkg: 10885.7 J, dram: 2244.8 J, total: 13130.5 J
    - PID 2342319 → pkg: 0 J, dram: 0 J, total: 0 J
    - PID 2342645 → pkg: 7573.24 J, dram: 1448.85 J, total: 9022.09 J
    - PID 2342649 → pkg: 0 J, dram: 333.71 J, total: 333.71 J
    - PID 2342651 → pkg: 0 J, dram: 329.27 J, total: 329.27 J
    - PID 2342652 → pkg: 7731.34 J, dram: 1443.18 J, total: 9174.52 J
    - PID 2342913 → pkg: 7835.64 J, dram: 1450.81 J, total: 9286.45 J
    - PID 2342916 → pkg: 142.704 J, dram: 349.753 J, total: 492.457 J
    - PID 2343131 → pkg: 7644.58 J, dram: 1449.97 J, total: 9094.55 J
    - PID 2783217 → pkg: 0 J, dram: 0 J, total: 0 J
    - PID 2783362 → pkg: 132328 J, dram: 1457.62 J, total: 133785.62 J
    - PID 2783507 → pkg: 3986.31 J, dram: 739.471 J, total: 4725.781 J
    - PID 2783511 → pkg: 131283 J, dram: 1456.97 J, total: 132739.97 J
    - PID 2783513 → pkg: 0 J, dram: 328.107 J, total: 328.107 J
    - PID 2783515 → pkg: 133659 J, dram: 1455.38 J, total: 135114.38 J
    - PID 2783516 → pkg: 0 J, dram: 338.513 J, total: 338.513 J
    - PID 2783517 → pkg: 132467 J, dram: 1455.33 J, total: 133922.33 J
    - PID 2783769 → pkg: 133896 J, dram: 1462.67 J, total: 135358.67 J
    - PID 2783773 → pkg: 152.684 J, dram: 353.904 J, total: 506.588 J
    - PID 2783945 → pkg: 132936 J, dram: 1453.76 J, total: 134389.76 J
    - PID 2807474 → pkg: 0 J, dram: 0 J, total: 0 J
    - PID 2807686 → pkg: 1613.55 J, dram: 291.203 J, total: 1904.753 J
    - PID 2807844 → pkg: 1596.62 J, dram: 291.599 J, total: 1888.219 J
    - PID 2807846 → pkg: 1635.99 J, dram: 291.192 J, total: 1927.182 J
    - PID 2807847 → pkg: 0 J, dram: 74.793 J, total: 74.793 J
    - PID 2807848 → pkg: 1592.69 J, dram: 291.249 J, total: 1883.939 J
    - PID 2807849 → pkg: 0 J, dram: 74.1881 J, total: 74.1881 J
    - PID 2807850 → pkg: 1631.14 J, dram: 291.379 J, total: 1922.519 J
    - PID 2808172 → pkg: 1631.49 J, dram: 290.891 J, total: 1922.381 J
    - PID 2808181 → pkg: 52.2206 J, dram: 78.5474 J, total: 130.7680 J
    - PID 2808531 → pkg: 1621.87 J, dram: 291.2 J, total: 1913.07 J
    - PID 3026252 → pkg: 0 J, dram: 0 J, total: 0 J
    - PID 3026827 → pkg: 130968 J, dram: 1584.15 J, total: 132552.15 J
    - PID 3027018 → pkg: 134846 J, dram: 1583.67 J, total: 136429.67 J
    - PID 3027019 → pkg: 124250 J, dram: 1583.42 J, total: 125833.42 J
    - PID 3027020 → pkg: 0 J, dram: 363.675 J, total: 363.675 J
    - PID 3027021 → pkg: 134263 J, dram: 1582.45 J, total: 135845.45 J
    - PID 3027022 → pkg: 0 J, dram: 357.658 J, total: 357.658 J
    - PID 3027023 → pkg: 128390 J, dram: 1583.24 J, total: 129973.24 J
    - PID 3027299 → pkg: 133149 J, dram: 1581.78 J, total: 134730.78 J
    - PID 3027308 → pkg: 174.55 J, dram: 390.066 J, total: 564.616 J
    - PID 3027660 → pkg: 135049 J, dram: 1551.47 J, total: 136600.47 J
    - PID 3075170 → pkg: 0 J, dram: 0 J, total: 0 J
    - PID 3075430 → pkg: 135306 J, dram: 1564.72 J, total: 136870.72 J
    - PID 3075600 → pkg: 127246 J, dram: 728.883 J, total: 127974.883 J
    - PID 3075601 → pkg: 0 J, dram: 355.353 J, total: 355.353 J
    - PID 3075602 → pkg: 133796 J, dram: 1554.36 J, total: 135350.36 J
    - PID 3075603 → pkg: 0 J, dram: 357.708 J, total: 357.708 J
    - PID 3075606 → pkg: 133539 J, dram: 1515.11 J, total: 135054.11 J
    - PID 3075927 → pkg: 133656 J, dram: 1558.66 J, total: 135214.66 J
    - PID 3075930 → pkg: 187.563 J, dram: 380.908 J, total: 568.471 J
    - PID 3076228 → pkg: 132670 J, dram: 1559.58 J, total: 134229.58 J
    - PID 3183073 → pkg: 0 J, dram: 0 J, total: 0 J
    - PID 3183684 → pkg: 0 J, dram: 303.024 J, total: 303.024 J
    - PID 3183686 → pkg: 0 J, dram: 305.054 J, total: 305.054 J
    - PID 3183689 → pkg: 117453 J, dram: 736.023 J, total: 118189.023 J
    - PID 3184051 → pkg: 126.265 J, dram: 321.937 J, total: 448.202 J
    - PID 3184328 → pkg: 127753 J, dram: 735.708 J, total: 128488.708 J
    - PID 3623394 → pkg: 0 J, dram: 0 J, total: 0 J
    - PID 3623690 → pkg: 0 J, dram: 453.418 J, total: 453.418 J
    - PID 3623693 → pkg: 0 J, dram: 448.61 J, total: 448.61 J
    - PID 3623695 → pkg: 11628.1 J, dram: 1969.37 J, total: 13597.47 J
    - PID 3624018 → pkg: 11866.9 J, dram: 1974.75 J, total: 13841.65 J
    - PID 3624022 → pkg: 234.463 J, dram: 485.322 J, total: 719.785 J
    - PID 3624232 → pkg: 11618.4 J, dram: 1968.16 J, total: 13586.56 J
    - PID 3848673 → pkg: 0 J, dram: 0 J, total: 0 J
    - PID 3848847 → pkg: 12451.8 J, dram: 2077.66 J, total: 14529.46 J
    - PID 3849017 → pkg: 8081.68 J, dram: 1345.13 J, total: 9426.81 J
    - PID 3849022 → pkg: 0 J, dram: 492.562 J, total: 492.562 J
    - PID 3849023 → pkg: 7956.07 J, dram: 1342.51 J, total: 9298.58 J
    - PID 3849024 → pkg: 0 J, dram: 491.856 J, total: 491.856 J
    - PID 3849025 → pkg: 12314.9 J, dram: 2087.1 J, total: 14402.0 J
    - PID 3849141 → pkg: 8044.99 J, dram: 1341.22 J, total: 9386.21 J
    - PID 3849145 → pkg: 235.573 J, dram: 516.836 J, total: 752.409 J
    - PID 3849381 → pkg: 12251.3 J, dram: 2072.79 J, total: 14324.09 J
    - PID 3885414 → pkg: 0 J, dram: 0 J, total: 0 J
    - PID 3885577 → pkg: 4314.92 J, dram: 685.856 J, total: 5000.776 J
    - PID 3885751 → pkg: 4307.86 J, dram: 684.99 J, total: 4992.85 J
    - PID 3885755 → pkg: 4249.85 J, dram: 685.246 J, total: 4935.096 J
    - PID 3885757 → pkg: 0 J, dram: 284.949 J, total: 284.949 J
    - PID 3885759 → pkg: 7684.47 J, dram: 1246.43 J, total: 8930.90 J
    - PID 3885760 → pkg: 0 J, dram: 282.451 J, total: 282.451 J
    - PID 3885984 → pkg: 4354.89 J, dram: 684.253 J, total: 5039.143 J
    - PID 3885986 → pkg: 147.824 J, dram: 302.655 J, total: 450.479 J
    - PID 3886188 → pkg: 7560.36 J, dram: 1238.72 J, total: 8799.08 J
    - PID 3917526 → pkg: 0 J, dram: 0 J, total: 0 J
    - PID 3917841 → pkg: 0 J, dram: 0 J, total: 0 J
    - PID 3917879 → pkg: 0 J, dram: 277.813 J, total: 277.813 J
    - PID 3917881 → pkg: 7296.54 J, dram: 1186.56 J, total: 8483.10 J
    - PID 3917882 → pkg: 0 J, dram: 277.841 J, total: 277.841 J
    - PID 3918127 → pkg: 4184.75 J, dram: 683.013 J, total: 4867.763 J
    - PID 3918222 → pkg: 7307.26 J, dram: 1183.5 J, total: 8490.76 J
    - PID 3918225 → pkg: 165.72 J, dram: 294.797 J, total: 460.517 J
    - PID 3918319 → pkg: 0 J, dram: 276.317 J, total: 276.317 J
    - PID 3918321 → pkg: 0 J, dram: 285.021 J, total: 285.021 J
    - PID 3918324 → pkg: 7314.58 J, dram: 1223.17 J, total: 8537.75 J
    - PID 3918411 → pkg: 7476.29 J, dram: 1215.93 J, total: 8692.22 J
    - PID 3918413 → pkg: 149.554 J, dram: 299.652 J, total: 449.206 J
    - PID 3918472 → pkg: 7196.66 J, dram: 1188.52 J, total: 8385.18 J
    - PID 353852 → pkg: 0 J, dram: 0 J, total: 0 J
    - PID 354081 → pkg: 4177.89 J, dram: 675.564 J, total: 4853.454 J
    - PID 354218 → pkg: 7680.95 J, dram: 1285.42 J, total: 8966.37 J
    - PID 354220 → pkg: 4253.1 J, dram: 674.51 J, total: 4927.61 J
    - PID 354222 → pkg: 0 J, dram: 299.215 J, total: 299.215 J
    - PID 354224 → pkg: 7643.52 J, dram: 1293.75 J, total: 8937.27 J
    - PID 354225 → pkg: 0 J, dram: 291.25 J, total: 291.25 J
    - PID 354226 → pkg: 4206.63 J, dram: 674.014 J, total: 4880.644 J
    - PID 354441 → pkg: 7707.52 J, dram: 1291.25 J, total: 8998.77 J
    - PID 354443 → pkg: 118.69 J, dram: 316.794 J, total: 435.484 J
    - PID 378126 → pkg: 0 J, dram: 0 J, total: 0 J
    - PID 378318 → pkg: 0 J, dram: 0 J, total: 0 J
    - PID 378479 → pkg: 0 J, dram: 805.783 J, total: 805.783 J
    - PID 378480 → pkg: 18129.4 J, dram: 3490.48 J, total: 21619.88 J
    - PID 378481 → pkg: 0 J, dram: 807.323 J, total: 807.323 J
    - PID 378482 → pkg: 17937.2 J, dram: 3493.27 J, total: 21430.47 J
    - PID 378514 → pkg: 10659 J, dram: 1793.21 J, total: 12452.21 J
    - PID 378683 → pkg: 0 J, dram: 414.695 J, total: 414.695 J
    - PID 378685 → pkg: 10539.1 J, dram: 1789.14 J, total: 12328.24 J
    - PID 378687 → pkg: 0 J, dram: 417.394 J, total: 417.394 J
    - PID 378689 → pkg: 10592.8 J, dram: 1784.82 J, total: 12377.62 J
    - PID 378802 → pkg: 17984.4 J, dram: 3485.35 J, total: 21469.75 J
    - PID 378807 → pkg: 367.913 J, dram: 851.151 J, total: 1219.064 J
    - PID 378954 → pkg: 10626.8 J, dram: 1791.94 J, total: 12418.74 J
    - PID 378958 → pkg: 187.446 J, dram: 436.635 J, total: 624.081 J
    - PID 379008 → pkg: 18227.3 J, dram: 3483.69 J, total: 21710.99 J
    - PID 379167 → pkg: 10683.4 J, dram: 1790.39 J, total: 12473.79 J
    - PID 479938 → pkg: 0 J, dram: 0 J, total: 0 J
    - PID 480309 → pkg: 0 J, dram: 405.065 J, total: 405.065 J
    - PID 480311 → pkg: 0 J, dram: 407.877 J, total: 407.877 J
    - PID 480312 → pkg: 9996.88 J, dram: 1729.97 J, total: 11726.85 J
    - PID 480565 → pkg: 10178.7 J, dram: 1726.9 J, total: 11905.6 J
    - PID 480570 → pkg: 218.462 J, dram: 426.856 J, total: 645.318 J
    - PID 480796 → pkg: 4179.61 J, dram: 677.113 J, total: 4856.723 J
    - PID 774965 → pkg: 0 J, dram: 0 J, total: 0 J
    - PID 775216 → pkg: 4186.21 J, dram: 683.837 J, total: 4870.047 J
    - PID 775315 → pkg: 4103.22 J, dram: 684.17 J, total: 4787.39 J
    - PID 775316 → pkg: 8399.85 J, dram: 1441.05 J, total: 9840.90 J
    - PID 775317 → pkg: 0 J, dram: 330.934 J, total: 330.934 J
    - PID 775318 → pkg: 4116.94 J, dram: 685.255 J, total: 4802.195 J
    - PID 775320 → pkg: 0 J, dram: 331.554 J, total: 331.554 J
    - PID 775539 → pkg: 4208.46 J, dram: 684.074 J, total: 4892.534 J
    - PID 775542 → pkg: 168.489 J, dram: 350.857 J, total: 519.346 J
    - PID 775844 → pkg: 4150.62 J, dram: 683.321 J, total: 4833.941 J
    - PID 1074043 → pkg: 0 J, dram: 0 J, total: 0 J
    - PID 1074304 → pkg: 11067.1 J, dram: 2153.91 J, total: 13221.01 J
    - PID 1074521 → pkg: 14956.1 J, dram: 2909.42 J, total: 17865.52 J
    - PID 1074522 → pkg: 15025.6 J, dram: 2909.45 J, total: 17935.05 J
    - PID 1074523 → pkg: 0 J, dram: 672.65 J, total: 672.65 J
    - PID 1074524 → pkg: 15170.3 J, dram: 2906.9 J, total: 18077.2 J
    - PID 1074526 → pkg: 0 J, dram: 668.462 J, total: 668.462 J
    - PID 1074527 → pkg: 15282.8 J, dram: 2912.24 J, total: 18195.04 J
    - PID 1074885 → pkg: 11237.8 J, dram: 2148.72 J, total: 13386.52 J
    - PID 1074894 → pkg: 330.348 J, dram: 711.69 J, total: 1042.038 J
    - PID 1075227 → pkg: 15169.2 J, dram: 2902.53 J, total: 18071.73 J
    - PID 1352781 → pkg: 0 J, dram: 0 J, total: 0 J
    - PID 1352966 → pkg: 4110.66 J, dram: 706.646 J, total: 4817.306 J
    - PID 1353101 → pkg: 4079.36 J, dram: 706.435 J, total: 4785.795 J
    - PID 1353103 → pkg: 8104.58 J, dram: 1502.85 J, total: 9607.43 J
    - PID 1353104 → pkg: 0 J, dram: 336.33 J, total: 336.33 J
    - PID 1353105 → pkg: 8082.03 J, dram: 1498.58 J, total: 9580.61 J
    - PID 1353106 → pkg: 0 J, dram: 339.758 J, total: 339.758 J
    - PID 1353108 → pkg: 8088.4 J, dram: 1503.41 J, total: 9591.81 J
    - PID 1353388 → pkg: 8121.34 J, dram: 1500.91 J, total: 9622.25 J
    - PID 1353391 → pkg: 195.099 J, dram: 370.573 J, total: 565.672 J
    - PID 1353674 → pkg: 4104.16 J, dram: 705.462 J, total: 4809.622 J
    - PID 1435463 → pkg: 0 J, dram: 0 J, total: 0 J
    - PID 1435679 → pkg: 7908.31 J, dram: 1423.89 J, total: 9332.20 J
    - PID 1435838 → pkg: 4047.52 J, dram: 707.944 J, total: 4755.464 J
    - PID 1435839 → pkg: 7832.85 J, dram: 1421.5 J, total: 9254.35 J
    - PID 1435840 → pkg: 0 J, dram: 329.293 J, total: 329.293 J
    - PID 1435841 → pkg: 7893.84 J, dram: 1421.99 J, total: 9315.83 J
    - PID 1435842 → pkg: 0 J, dram: 330.229 J, total: 330.229 J
    - PID 1435843 → pkg: 7907.22 J, dram: 1421.11 J, total: 9328.33 J
    - PID 1436120 → pkg: 7737.1 J, dram: 1420.01 J, total: 9157.11 J
    - PID 1436123 → pkg: 161.397 J, dram: 349.939 J, total: 511.336 J
    - PID 1436361 → pkg: 7741.88 J, dram: 1426.37 J, total: 9168.25 J
    - PID 1585757 → pkg: 0 J, dram: 0 J, total: 0 J
    - PID 1586015 → pkg: 3964.09 J, dram: 710.745 J, total: 4674.835 J
    - PID 1586176 → pkg: 8515.7 J, dram: 1579.83 J, total: 10095.53 J
    - PID 1586177 → pkg: 8470.86 J, dram: 1579.15 J, total: 10050.01 J
    - PID 1586180 → pkg: 0 J, dram: 354.828 J, total: 354.828 J
    - PID 1586182 → pkg: 8577.12 J, dram: 1582.2 J, total: 10159.32 J
    - PID 1586184 → pkg: 0 J, dram: 363.585 J, total: 363.585 J
    - PID 1586188 → pkg: 3907.92 J, dram: 710.619 J, total: 4618.539 J
    - PID 1586503 → pkg: 170.319 J, dram: 386.164 J, total: 556.483 J
    - PID 1586763 → pkg: 3923.66 J, dram: 709.215 J, total: 4632.875 J
    - PID 2261231 → pkg: 0 J, dram: 0 J, total: 0 J
    - PID 2261795 → pkg: 4078.03 J, dram: 693.699 J, total: 4771.729 J
    - PID 2262006 → pkg: 10092.5 J, dram: 1820.42 J, total: 11912.92 J
    - PID 2262008 → pkg: 4088.91 J, dram: 692.561 J, total: 4781.471 J
    - PID 2262010 → pkg: 0 J, dram: 408.63 J, total: 408.63 J
    - PID 2262013 → pkg: 10040.3 J, dram: 1817.23 J, total: 11857.53 J
    - PID 2262014 → pkg: 0 J, dram: 416.828 J, total: 416.828 J
    - PID 2262116 → pkg: 10180.6 J, dram: 1819.26 J, total: 11999.86 J
    - PID 2262124 → pkg: 191.09 J, dram: 445.835 J, total: 636.925 J
    - PID 2262357 → pkg: 10046.3 J, dram: 1812.92 J, total: 11859.22 J
    - PID 2305695 → pkg: 0 J, dram: 0 J, total: 0 J
    - PID 2306658 → pkg: 12328.7 J, dram: 2313.21 J, total: 14641.91 J
    - PID 2308326 → pkg: 12640.6 J, dram: 2320.28 J, total: 14960.88 J
    - PID 2308327 → pkg: 0 J, dram: 542.329 J, total: 542.329 J
    - PID 2308329 → pkg: 12593.8 J, dram: 2317.93 J, total: 14911.73 J
    - PID 2308330 → pkg: 0 J, dram: 540.962 J, total: 540.962 J
    - PID 2308331 → pkg: 11498.9 J, dram: 2164.49 J, total: 13663.39 J
    - PID 2308585 → pkg: 7269.86 J, dram: 1416.02 J, total: 8685.88 J
    - PID 2308593 → pkg: 215.48 J, dram: 574.994 J, total: 790.474 J
    - PID 2308806 → pkg: 11486.3 J, dram: 2162.68 J, total: 13648.98 J
    - PID 2338934 → pkg: 0 J, dram: 0 J, total: 0 J
    - PID 2339288 → pkg: 8483.72 J, dram: 1583.92 J, total: 10067.64 J
    - PID 2339597 → pkg: 8382.07 J, dram: 1577.12 J, total: 9959.19 J
    - PID 2339599 → pkg: 8458.65 J, dram: 1581.08 J, total: 10039.73 J
    - PID 2339601 → pkg: 0 J, dram: 350.992 J, total: 350.992 J
    - PID 2339602 → pkg: 8496.66 J, dram: 1581.44 J, total: 10078.10 J
    - PID 2339603 → pkg: 0 J, dram: 350.897 J, total: 350.897 J
    - PID 2339604 → pkg: 8480.61 J, dram: 1580.34 J, total: 10060.95 J
    - PID 2340017 → pkg: 8562.02 J, dram: 1579.16 J, total: 10141.18 J
    - PID 2340019 → pkg: 167.027 J, dram: 380.459 J, total: 547.486 J
    - PID 2340360 → pkg: 8470.43 J, dram: 1578.55 J, total: 10048.98 J
    - PID 2529801 → pkg: 0 J, dram: 0 J, total: 0 J
    - PID 2530067 → pkg: 8111.56 J, dram: 1494.77 J, total: 9606.33 J
    - PID 2530250 → pkg: 8124.89 J, dram: 1493.25 J, total: 9618.14 J
    - PID 2530252 → pkg: 0 J, dram: 337.97 J, total: 337.97 J
    - PID 2530253 → pkg: 3996.02 J, dram: 696.859 J, total: 4692.879 J
    - PID 2530255 → pkg: 0 J, dram: 346.779 J, total: 346.779 J
    - PID 2530259 → pkg: 8039.07 J, dram: 1494.13 J, total: 9533.20 J
    - PID 2530396 → pkg: 3973.76 J, dram: 697.062 J, total: 4670.822 J
    - PID 2530402 → pkg: 142.49 J, dram: 367.35 J, total: 509.84 J
    - PID 2530642 → pkg: 8026.29 J, dram: 1493.04 J, total: 9519.33 J
    - PID 2831230 → pkg: 0 J, dram: 0 J, total: 0 J
    - PID 2831609 → pkg: 3942.97 J, dram: 711.597 J, total: 4654.567 J
    - PID 2831610 → pkg: 3964.46 J, dram: 711.492 J, total: 4675.952 J
    - PID 2831612 → pkg: 0 J, dram: 361.365 J, total: 361.365 J
    - PID 2831613 → pkg: 3918.6 J, dram: 711.254 J, total: 4629.854 J
    - PID 2831614 → pkg: 0 J, dram: 359.208 J, total: 359.208 J
    - PID 2831616 → pkg: 8673.17 J, dram: 1569.54 J, total: 10242.71 J
    - PID 2831751 → pkg: 8708.66 J, dram: 1565.63 J, total: 10274.29 J
    - PID 2831755 → pkg: 161.677 J, dram: 383.521 J, total: 545.198 J
    - PID 2832070 → pkg: 8659.87 J, dram: 1564.55 J, total: 10224.42 J
    - PID 3297050 → pkg: 0 J, dram: 0 J, total: 0 J
    - PID 3297438 → pkg: 7812.62 J, dram: 1429.67 J, total: 9242.29 J
    - PID 3297669 → pkg: 3772.6 J, dram: 683.932 J, total: 4456.532 J
    - PID 3297670 → pkg: 7836.44 J, dram: 1430.24 J, total: 9266.68 J
    - PID 3297672 → pkg: 0 J, dram: 424.535 J, total: 424.535 J
    - PID 3297675 → pkg: 7893.83 J, dram: 1429.1 J, total: 9322.93 J
    - PID 3297677 → pkg: 0 J, dram: 421.615 J, total: 421.615 J
    - PID 3297678 → pkg: 10306.6 J, dram: 1871.56 J, total: 12178.16 J
    - PID 3297855 → pkg: 7907.05 J, dram: 1427.99 J, total: 9335.04 J
    - PID 3297857 → pkg: 206.412 J, dram: 454.925 J, total: 661.337 J
    - PID 3298075 → pkg: 7844.75 J, dram: 1427.59 J, total: 9272.34 J
    - PID 3355157 → pkg: 0 J, dram: 0 J, total: 0 J
    - PID 3355346 → pkg: 1727.89 J, dram: 292.777 J, total: 2020.667 J
    - PID 3355515 → pkg: 1700.39 J, dram: 289.599 J, total: 1989.989 J
    - PID 3355518 → pkg: 1718.33 J, dram: 289.641 J, total: 2007.971 J
    - PID 3355519 → pkg: 0 J, dram: 71.7048 J, total: 71.7048 J
    - PID 3355520 → pkg: 1716.57 J, dram: 296.576 J, total: 2013.146 J
    - PID 3355521 → pkg: 0 J, dram: 72.2804 J, total: 72.2804 J
    - PID 3355523 → pkg: 1733.79 J, dram: 289.593 J, total: 2023.383 J
    - PID 3355759 → pkg: 1766.46 J, dram: 295.612 J, total: 2062.072 J
    - PID 3355763 → pkg: 27.4962 J, dram: 75.6445 J, total: 103.1407 J
    - PID 3356069 → pkg: 1720.11 J, dram: 289.267 J, total: 2009.377 J
    - PID 3443758 → pkg: 0 J, dram: 0 J, total: 0 J
    - PID 3444153 → pkg: 0 J, dram: 293.305 J, total: 293.305 J
    - PID 3444157 → pkg: 0 J, dram: 294.504 J, total: 294.504 J
    - PID 3444159 → pkg: 4134.97 J, dram: 686.018 J, total: 4820.988 J
    - PID 3444424 → pkg: 3980.24 J, dram: 685.514 J, total: 4665.754 J
    - PID 3444428 → pkg: 142.278 J, dram: 312.565 J, total: 454.843 J
    - PID 3444734 → pkg: 7097.29 J, dram: 1259.83 J, total: 8357.12 J
    - PID 3562025 → pkg: 0 J, dram: 0 J, total: 0 J
    - PID 3562166 → pkg: 3809.2 J, dram: 683.152 J, total: 4492.352 J
    - PID 3562324 → pkg: 3842.91 J, dram: 683.193 J, total: 4526.103 J
    - PID 3562328 → pkg: 9238.82 J, dram: 1661.15 J, total: 10899.97 J
    - PID 3562330 → pkg: 0 J, dram: 384.141 J, total: 384.141 J
    - PID 3562331 → pkg: 9212.63 J, dram: 1662.04 J, total: 10874.67 J
    - PID 3562332 → pkg: 0 J, dram: 383.771 J, total: 383.771 J
    - PID 3562333 → pkg: 9147.31 J, dram: 1659.98 J, total: 10807.29 J
    - PID 3562533 → pkg: 9130.56 J, dram: 1657.35 J, total: 10787.91 J
    - PID 3562535 → pkg: 181.247 J, dram: 402.84 J, total: 584.087 J
    - PID 3562832 → pkg: 9361.72 J, dram: 1657.98 J, total: 11019.70 J
    - PID 3703734 → pkg: 0 J, dram: 0 J, total: 0 J
    - PID 3703944 → pkg: 4083.69 J, dram: 701.662 J, total: 4785.352 J
    - PID 3704142 → pkg: 8090.89 J, dram: 1470.49 J, total: 9561.38 J
    - PID 3704144 → pkg: 8322.53 J, dram: 1477.76 J, total: 9800.29 J
    - PID 3704146 → pkg: 0 J, dram: 341.501 J, total: 341.501 J
    - PID 3704148 → pkg: 8172.7 J, dram: 1473.58 J, total: 9646.28 J
    - PID 3704150 → pkg: 0 J, dram: 339.318 J, total: 339.318 J
    - PID 3704151 → pkg: 8180.21 J, dram: 1468.63 J, total: 9648.84 J
    - PID 3704263 → pkg: 8294.29 J, dram: 1467.99 J, total: 9762.28 J
    - PID 3704267 → pkg: 149.192 J, dram: 360.899 J, total: 510.091 J
    - PID 3704536 → pkg: 4071.61 J, dram: 699.521 J, total: 4771.131 J
    - PID 3742476 → pkg: 0 J, dram: 0 J, total: 0 J
    - PID 3742788 → pkg: 7820.28 J, dram: 1407.78 J, total: 9228.06 J
    - PID 3743026 → pkg: 11462.4 J, dram: 2037.62 J, total: 13500.02 J
    - PID 3743030 → pkg: 0 J, dram: 474.373 J, total: 474.373 J
    - PID 3743031 → pkg: 3751.18 J, dram: 711.692 J, total: 4462.872 J
    - PID 3743032 → pkg: 0 J, dram: 470.632 J, total: 470.632 J
    - PID 3743035 → pkg: 11265.2 J, dram: 2028.3 J, total: 13293.5 J
    - PID 3743459 → pkg: 11278.7 J, dram: 2028.18 J, total: 13306.88 J
    - PID 3743461 → pkg: 219.649 J, dram: 501.989 J, total: 721.638 J
    - PID 3743811 → pkg: 11231.5 J, dram: 2027.24 J, total: 13258.74 J
    - PID 30878 → pkg: 0 J, dram: 0 J, total: 0 J
    - PID 31306 → pkg: 9213.15 J, dram: 1531.02 J, total: 10744.17 J
    - PID 31307 → pkg: 0 J, dram: 356.301 J, total: 356.301 J
    - PID 31308 → pkg: 9265.95 J, dram: 1531.22 J, total: 10797.17 J
    - PID 31309 → pkg: 0 J, dram: 349.077 J, total: 349.077 J
    - PID 31310 → pkg: 8294.1 J, dram: 1388.69 J, total: 9682.79 J
    - PID 31384 → pkg: 4079.02 J, dram: 666.301 J, total: 4745.321 J
    - PID 31391 → pkg: 166.183 J, dram: 369.787 J, total: 535.970 J
    - PID 31597 → pkg: 9162.25 J, dram: 1522.42 J, total: 10684.67 J
    - PID 230894 → pkg: 0 J, dram: 0 J, total: 0 J
    - PID 231293 → pkg: 0 J, dram: 297.284 J, total: 297.284 J
    - PID 231295 → pkg: 0 J, dram: 287.647 J, total: 287.647 J
    - PID 231297 → pkg: 8014.77 J, dram: 1277.6 J, total: 9292.37 J
    - PID 231580 → pkg: 7788.82 J, dram: 1270.97 J, total: 9059.79 J
    - PID 231583 → pkg: 158.249 J, dram: 312.909 J, total: 471.158 J
    - PID 231783 → pkg: 7749.48 J, dram: 1270.06 J, total: 9019.54 J
    - PID 343316 → pkg: 0 J, dram: 0 J, total: 0 J
    - PID 343916 → pkg: 7268.29 J, dram: 1124.63 J, total: 8392.92 J
    - PID 343917 → pkg: 0 J, dram: 263.199 J, total: 263.199 J
    - PID 343918 → pkg: 7089.08 J, dram: 1118.67 J, total: 8207.75 J
    - PID 343920 → pkg: 0 J, dram: 258.644 J, total: 258.644 J
    - PID 344146 → pkg: 140.153 J, dram: 279.849 J, total: 420.002 J
    - PID 383560 → pkg: 0 J, dram: 0 J, total: 0 J
    - PID 383967 → pkg: 8180.47 J, dram: 1313.9 J, total: 9494.37 J
    - PID 383968 → pkg: 8277.14 J, dram: 1314.36 J, total: 9591.50 J
    - PID 383969 → pkg: 0 J, dram: 302.703 J, total: 302.703 J
    - PID 383972 → pkg: 4060.74 J, dram: 642.035 J, total: 4702.775 J
    - PID 383973 → pkg: 0 J, dram: 306.523 J, total: 306.523 J
    - PID 384193 → pkg: 8159.4 J, dram: 1314.33 J, total: 9473.73 J
    - PID 384195 → pkg: 164.007 J, dram: 321.12 J, total: 485.127 J
    - PID 384377 → pkg: 4169.19 J, dram: 641.817 J, total: 4811.007 J
    - PID 736474 → pkg: 0 J, dram: 0 J, total: 0 J
    - PID 736685 → pkg: 8150.9 J, dram: 40878.3 J, total: 49029.2 J
    - PID 736801 → pkg: 8229.85 J, dram: 40858.9 J, total: 49088.75 J
    - PID 736802 → pkg: 8197.77 J, dram: 40890.8 J, total: 49088.57 J
    - PID 736803 → pkg: 0 J, dram: 8281.32 J, total: 8281.32 J
    - PID 736805 → pkg: 0 J, dram: 8556.59 J, total: 8556.59 J
    - PID 736911 → pkg: 8201.03 J, dram: 40870.5 J, total: 49071.53 J
    - PID 736916 → pkg: 176.948 J, dram: 8900.43 J, total: 9077.378 J
    - PID 737131 → pkg: 8457.43 J, dram: 40845.6 J, total: 49303.03 J
    - PID 852731 → pkg: 0 J, dram: 0 J, total: 0 J
    - PID 852954 → pkg: 8189.52 J, dram: 35023.5 J, total: 43213.02 J
    - PID 853086 → pkg: 9072.96 J, dram: 35177.4 J, total: 44250.36 J
    - PID 853087 → pkg: 9109.07 J, dram: 35166.1 J, total: 44275.17 J
    - PID 853088 → pkg: 0 J, dram: 8598.93 J, total: 8598.93 J
    - PID 853089 → pkg: 9092.76 J, dram: 35153.9 J, total: 44246.66 J
    - PID 853090 → pkg: 0 J, dram: 8611.38 J, total: 8611.38 J
    - PID 853091 → pkg: 9075.56 J, dram: 35148.8 J, total: 44224.36 J
    - PID 853279 → pkg: 9207.4 J, dram: 35134.3 J, total: 44341.7 J
    - PID 853285 → pkg: 185.34 J, dram: 9024.45 J, total: 9209.79 J
    - PID 853523 → pkg: 9182.22 J, dram: 35852.5 J, total: 45034.72 J
    - PID 945844 → pkg: 0 J, dram: 0 J, total: 0 J
    - PID 946032 → pkg: 8025.05 J, dram: 35060.8 J, total: 43085.85 J
    - PID 946260 → pkg: 3817.42 J, dram: 34029.3 J, total: 37846.72 J
    - PID 946263 → pkg: 3832.77 J, dram: 34521.4 J, total: 38354.17 J
    - PID 946265 → pkg: 0 J, dram: 8351.19 J, total: 8351.19 J
    - PID 946267 → pkg: 3829.88 J, dram: 34350.5 J, total: 38180.38 J
    - PID 946268 → pkg: 0 J, dram: 8371.6 J, total: 8371.6 J
    - PID 946269 → pkg: 9484.05 J, dram: 35305.7 J, total: 44789.75 J
    - PID 946386 → pkg: 8080.57 J, dram: 35323 J, total: 43403.57 J
    - PID 946392 → pkg: 164.483 J, dram: 9027.08 J, total: 9191.563 J
    - PID 946694 → pkg: 9601.35 J, dram: 35078.8 J, total: 44680.15 J
    - PID 982716 → pkg: 0 J, dram: 0 J, total: 0 J
    - PID 982987 → pkg: 7808.58 J, dram: 36533.1 J, total: 44341.68 J
    - PID 983206 → pkg: 0 J, dram: 8501.12 J, total: 8501.12 J
    - PID 983207 → pkg: 7675 J, dram: 36457.9 J, total: 44132.9 J
    - PID 983208 → pkg: 0 J, dram: 8253.9 J, total: 8253.9 J
    - PID 983209 → pkg: 7746.8 J, dram: 36471.6 J, total: 44218.4 J
    - PID 983511 → pkg: 7815.27 J, dram: 36442.1 J, total: 44257.37 J
    - PID 983518 → pkg: 126.283 J, dram: 8940.06 J, total: 9066.343 J
    - PID 983814 → pkg: 3904.82 J, dram: 35778.7 J, total: 39683.52 J
    - PID 1101420 → pkg: 0 J, dram: 0 J, total: 0 J
    - PID 1101643 → pkg: 7554.2 J, dram: 35279.7 J, total: 42833.9 J
    - PID 1101820 → pkg: 7759.48 J, dram: 35266.7 J, total: 43026.18 J
    - PID 1101822 → pkg: 3913.61 J, dram: 34683.9 J, total: 38597.51 J
    - PID 1101824 → pkg: 0 J, dram: 8502.65 J, total: 8502.65 J
    - PID 1101827 → pkg: 3922.41 J, dram: 34655.4 J, total: 38577.81 J
    - PID 1101828 → pkg: 0 J, dram: 8372.93 J, total: 8372.93 J
    - PID 1101829 → pkg: 7746.4 J, dram: 35234.6 J, total: 42981.0 J
    - PID 1102081 → pkg: 7648.91 J, dram: 35263.3 J, total: 42912.21 J
    - PID 1102083 → pkg: 151.856 J, dram: 8908.14 J, total: 9059.996 J
    - PID 1102407 → pkg: 7774.76 J, dram: 35116.2 J, total: 42890.96 J
    - PID 2099044 → pkg: 0 J, dram: 0 J, total: 0 J
    - PID 2099088 → pkg: 7035.56 J, dram: 930.939 J, total: 7966.499 J
    - PID 2099118 → pkg: 6964.99 J, dram: 929.431 J, total: 7894.421 J
    - PID 2099120 → pkg: 0 J, dram: 217.887 J, total: 217.887 J
    - PID 2099122 → pkg: 0 J, dram: 215.183 J, total: 215.183 J
    - PID 2099154 → pkg: 6964.96 J, dram: 930.952 J, total: 7895.912 J
    - PID 2099156 → pkg: 112.6 J, dram: 226.663 J, total: 339.263 J
    - PID 2099324 → pkg: 0 J, dram: 0 J, total: 0 J
    - PID 2099430 → pkg: 7787.84 J, dram: 1064 J, total: 8851.84 J
    - PID 2099431 → pkg: 0 J, dram: 244.051 J, total: 244.051 J
    - PID 2099433 → pkg: 0 J, dram: 244.234 J, total: 244.234 J
    - PID 2099457 → pkg: 7781.19 J, dram: 1062.72 J, total: 8843.91 J
    - PID 2099528 → pkg: 7698.91 J, dram: 1059.74 J, total: 8758.65 J
    - PID 2101761 → pkg: 0 J, dram: 0 J, total: 0 J
    - PID 2100810 → pkg: 0 J, dram: 239.205 J, total: 239.205 J
    - PID 2100811 → pkg: 7793.29 J, dram: 1068.55 J, total: 8861.84 J
    - PID 2100812 → pkg: 0 J, dram: 245.334 J, total: 245.334 J
    - PID 2100833 → pkg: 7692.29 J, dram: 1065.66 J, total: 8757.95 J
    - PID 2100835 → pkg: 146.823 J, dram: 258.681 J, total: 405.504 J
    - PID 2102044 → pkg: 8036.92 J, dram: 1082.47 J, total: 9119.39 J
    - PID 2102122 → pkg: 8039.05 J, dram: 1081.71 J, total: 9120.76 J
    - PID 2102124 → pkg: 0 J, dram: 247.738 J, total: 247.738 J
    - PID 2102126 → pkg: 0 J, dram: 251.681 J, total: 251.681 J
    - PID 2102127 → pkg: 8094.25 J, dram: 1081.41 J, total: 9175.66 J
    - PID 2102176 → pkg: 150.39 J, dram: 267.695 J, total: 418.085 J
    - PID 2102275 → pkg: 8054.76 J, dram: 1079.96 J, total: 9134.72 J
    - PID 2103935 → pkg: 0 J, dram: 600.603 J, total: 600.603 J
    - PID 2103937 → pkg: 0 J, dram: 599.937 J, total: 599.937 J
    - PID 2104045 → pkg: 310.435 J, dram: 650.489 J, total: 960.924 J
    - PID 2549668 → pkg: 0 J, dram: 0 J, total: 0 J
    - PID 2549841 → pkg: 4090.42 J, dram: 660.658 J, total: 4751.078 J
    - PID 2549906 → pkg: 5746.88 J, dram: 974.753 J, total: 6721.633 J
    - PID 2549908 → pkg: 5742.16 J, dram: 975.202 J, total: 6717.362 J
    - PID 2549910 → pkg: 0 J, dram: 224.435 J, total: 224.435 J
    - PID 2549911 → pkg: 5754.45 J, dram: 974.473 J, total: 6728.923 J
    - PID 2549912 → pkg: 0 J, dram: 228.435 J, total: 228.435 J
    - PID 2549914 → pkg: 5794.11 J, dram: 974.132 J, total: 6768.242 J
    - PID 2550060 → pkg: 5737.21 J, dram: 974.184 J, total: 6711.394 J
    - PID 2550062 → pkg: 128.531 J, dram: 242.46 J, total: 370.991 J
    - PID 2550180 → pkg: 5732.73 J, dram: 972.977 J, total: 6705.707 J
    - PID 2604064 → pkg: 0 J, dram: 0 J, total: 0 J
    - PID 2604230 → pkg: 8152.46 J, dram: 1276.35 J, total: 9428.81 J
    - PID 2604313 → pkg: 8039.23 J, dram: 1277.79 J, total: 9317.02 J
    - PID 2604317 → pkg: 8161.31 J, dram: 1275.37 J, total: 9436.68 J
    - PID 2604318 → pkg: 0 J, dram: 294.089 J, total: 294.089 J
    - PID 2604319 → pkg: 8108.21 J, dram: 1277.25 J, total: 9385.46 J
    - PID 2604320 → pkg: 0 J, dram: 287.422 J, total: 287.422 J
    - PID 2604437 → pkg: 8126.01 J, dram: 1274.15 J, total: 9400.16 J
    - PID 2604439 → pkg: 152.71 J, dram: 309.263 J, total: 461.973 J
    - PID 2604560 → pkg: 8017.54 J, dram: 1275.06 J, total: 9292.60 J
    - PID 2624220 → pkg: 0 J, dram: 0 J, total: 0 J
    - PID 2624375 → pkg: 10436.3 J, dram: 1596.1 J, total: 12032.4 J
    - PID 2624505 → pkg: 10339.6 J, dram: 1592.84 J, total: 11932.44 J
    - PID 2624509 → pkg: 10416.1 J, dram: 1593.1 J, total: 12009.2 J
    - PID 2624512 → pkg: 0 J, dram: 366.779 J, total: 366.779 J
    - PID 2624517 → pkg: 10526.4 J, dram: 1594.71 J, total: 12121.11 J
    - PID 2624519 → pkg: 0 J, dram: 371.72 J, total: 371.72 J
    - PID 2624520 → pkg: 10413.8 J, dram: 1592.77 J, total: 12006.57 J
    - PID 2624785 → pkg: 10514.4 J, dram: 1593.73 J, total: 12108.13 J
    - PID 2624790 → pkg: 201.531 J, dram: 388.403 J, total: 589.934 J
    - PID 2625009 → pkg: 10407.4 J, dram: 1591.62 J, total: 11999.02 J
    - PID 2643522 → pkg: 0 J, dram: 0 J, total: 0 J
    - PID 2643780 → pkg: 4280.99 J, dram: 671.991 J, total: 4952.981 J
    - PID 2643885 → pkg: 4206.05 J, dram: 669.638 J, total: 4875.688 J
    - PID 2643886 → pkg: 4248.14 J, dram: 670.306 J, total: 4918.446 J
    - PID 2643887 → pkg: 0 J, dram: 377.573 J, total: 377.573 J
    - PID 2643889 → pkg: 0 J, dram: 388.858 J, total: 388.858 J
    - PID 2643890 → pkg: 10817.3 J, dram: 1663.13 J, total: 12480.43 J
    - PID 2644179 → pkg: 10583.4 J, dram: 1663.76 J, total: 12247.16 J
    - PID 2644181 → pkg: 204.324 J, dram: 409.578 J, total: 613.902 J
    - PID 2644407 → pkg: 10557.1 J, dram: 1662.03 J, total: 12219.13 J
    - PID 3131869 → pkg: 0 J, dram: 0 J, total: 0 J
    - PID 3132126 → pkg: 0 J, dram: 301.698 J, total: 301.698 J
    - PID 3132127 → pkg: 8398.55 J, dram: 1301.73 J, total: 9700.28 J
    - PID 3132128 → pkg: 0 J, dram: 301.757 J, total: 301.757 J
    - PID 3132276 → pkg: 162.585 J, dram: 319.609 J, total: 482.194 J
    - PID 3132390 → pkg: 4267.21 J, dram: 626.516 J, total: 4893.726 J
    - PID 3308981 → pkg: 0 J, dram: 0 J, total: 0 J
    - PID 3309080 → pkg: 7821.49 J, dram: 1236.9 J, total: 9058.39 J
    - PID 3309160 → pkg: 7822.9 J, dram: 1236.3 J, total: 9059.2 J
    - PID 3309162 → pkg: 0 J, dram: 281.862 J, total: 281.862 J
    - PID 3309163 → pkg: 7851.68 J, dram: 1236.15 J, total: 9087.83 J
    - PID 3309164 → pkg: 0 J, dram: 278.077 J, total: 278.077 J
    - PID 3309165 → pkg: 7748.63 J, dram: 1229.91 J, total: 8978.54 J
    - PID 3309276 → pkg: 7811.62 J, dram: 1235.44 J, total: 9047.06 J
    - PID 3309281 → pkg: 156.207 J, dram: 303.071 J, total: 459.278 J
    - PID 3309406 → pkg: 7731.86 J, dram: 1228.23 J, total: 8960.09 J
    - PID 3474377 → pkg: 0 J, dram: 0 J, total: 0 J
    - PID 3474705 → pkg: 0 J, dram: 292.975 J, total: 292.975 J
    - PID 3474708 → pkg: 7928.9 J, dram: 1269.44 J, total: 9198.34 J
    - PID 3474711 → pkg: 0 J, dram: 289.443 J, total: 289.443 J
    - PID 3474863 → pkg: 7925.26 J, dram: 1268.65 J, total: 9193.91 J
    - PID 3474866 → pkg: 146.368 J, dram: 306.482 J, total: 452.850 J
    - PID 3475047 → pkg: 7952.32 J, dram: 1267.6 J, total: 9219.92 J
    - PID 3503453 → pkg: 0 J, dram: 0 J, total: 0 J
    - PID 3503682 → pkg: 7728.63 J, dram: 1262.77 J, total: 8991.40 J
    - PID 3503825 → pkg: 7768.66 J, dram: 1262.42 J, total: 9031.08 J
    - PID 3503826 → pkg: 0 J, dram: 284.748 J, total: 284.748 J
    - PID 3503827 → pkg: 7664.13 J, dram: 1263.12 J, total: 8927.25 J
    - PID 3503828 → pkg: 0 J, dram: 292.952 J, total: 292.952 J
    - PID 3503829 → pkg: 7640.84 J, dram: 1262.5 J, total: 8903.34 J
    - PID 3504047 → pkg: 7830.39 J, dram: 1261.44 J, total: 9091.83 J
    - PID 3504052 → pkg: 161.455 J, dram: 305.035 J, total: 466.490 J
    - PID 3504197 → pkg: 7742.16 J, dram: 1259.99 J, total: 9002.15 J
    - PID 3563959 → pkg: 0 J, dram: 0 J, total: 0 J
    - PID 3564560 → pkg: 9551.35 J, dram: 1643.33 J, total: 11194.68 J
    - PID 3564562 → pkg: 0 J, dram: 537.365 J, total: 537.365 J
    - PID 3564564 → pkg: 0 J, dram: 605.713 J, total: 605.713 J
    - PID 3564565 → pkg: 7653.89 J, dram: 1381.37 J, total: 9035.26 J
    - PID 3564757 → pkg: 287.862 J, dram: 630.726 J, total: 918.588 J
    - PID 3565152 → pkg: 7653.96 J, dram: 1379.38 J, total: 9033.34 J
    - PID 3802198 → pkg: 0 J, dram: 0 J, total: 0 J
    - PID 3802554 → pkg: 7966.22 J, dram: 1358.17 J, total: 9324.39 J
    - PID 3802557 → pkg: 7898.31 J, dram: 1356.77 J, total: 9255.08 J
    - PID 3802558 → pkg: 0 J, dram: 313.156 J, total: 313.156 J
    - PID 3802559 → pkg: 7952.41 J, dram: 1356.67 J, total: 9309.08 J
    - PID 3802560 → pkg: 0 J, dram: 310.029 J, total: 310.029 J
    - PID 3802561 → pkg: 4221.75 J, dram: 689.274 J, total: 4911.024 J
    - PID 3802652 → pkg: 7927.03 J, dram: 1350.21 J, total: 9277.24 J
    - PID 3802661 → pkg: 160.959 J, dram: 327.992 J, total: 488.951 J
    - PID 3802788 → pkg: 4212.26 J, dram: 688.822 J, total: 4901.082 J
    - PID 3952913 → pkg: 0 J, dram: 0 J, total: 0 J
    - PID 3953232 → pkg: 4252.34 J, dram: 685.204 J, total: 4937.544 J
    - PID 3953390 → pkg: 4265.22 J, dram: 684.266 J, total: 4949.486 J
    - PID 3953391 → pkg: 4248.13 J, dram: 685.64 J, total: 4933.77 J
    - PID 3953392 → pkg: 0 J, dram: 292.698 J, total: 292.698 J
    - PID 3953394 → pkg: 0 J, dram: 286.741 J, total: 286.741 J
    - PID 3953395 → pkg: 4261.3 J, dram: 684.306 J, total: 4945.606 J
    - PID 3953539 → pkg: 4318.16 J, dram: 684.267 J, total: 5002.427 J
    - PID 3953542 → pkg: 177.009 J, dram: 308.251 J, total: 485.260 J
    - PID 3953828 → pkg: 4228.91 J, dram: 684.585 J, total: 4913.495 J
    - PID 4168287 → pkg: 0 J, dram: 0 J, total: 0 J
    - PID 4168470 → pkg: 4247.06 J, dram: 691.95 J, total: 4939.01 J
    - PID 4168590 → pkg: 4274.94 J, dram: 692.016 J, total: 4966.956 J
    - PID 4168592 → pkg: 0 J, dram: 167.167 J, total: 167.167 J
    - PID 4168593 → pkg: 4144.62 J, dram: 693.269 J, total: 4837.889 J
    - PID 4168594 → pkg: 0 J, dram: 164.2 J, total: 164.2 J
    - PID 4168764 → pkg: 4193.52 J, dram: 691.621 J, total: 4885.141 J
    - PID 4168768 → pkg: 188.357 J, dram: 300.83 J, total: 489.187 J
    - PID 4168972 → pkg: 4286.18 J, dram: 691.383 J, total: 4977.563 J
    - PID 4182186 → pkg: 0 J, dram: 0 J, total: 0 J
    - PID 4182524 → pkg: 0 J, dram: 164.721 J, total: 164.721 J
    - PID 4182527 → pkg: 0 J, dram: 259.563 J, total: 259.563 J
    - PID 4182592 → pkg: 4230.58 J, dram: 701.306 J, total: 4931.886 J
    - PID 4182597 → pkg: 101.979 J, dram: 174.382 J, total: 276.361 J
    - PID 327990 → pkg: 0 J, dram: 0 J, total: 0 J
    - PID 328706 → pkg: 0 J, dram: 148.705 J, total: 148.705 J
    - PID 328708 → pkg: 0 J, dram: 243.713 J, total: 243.713 J
    - PID 403799 → pkg: 0 J, dram: 0 J, total: 0 J
    - PID 403974 → pkg: 0 J, dram: 141.687 J, total: 141.687 J
    - PID 404133 → pkg: 177.555 J, dram: 289.74 J, total: 467.295 J
    - PID 537275 → pkg: 0 J, dram: 0 J, total: 0 J
    - PID 537597 → pkg: 1134.48 J, dram: 127.915 J, total: 1262.395 J
    - PID 537724 → pkg: 1206.57 J, dram: 146.345 J, total: 1352.915 J
    - PID 537726 → pkg: 0 J, dram: 42.0629 J, total: 42.0629 J
    - PID 537727 → pkg: 1398.23 J, dram: 183.514 J, total: 1581.744 J
    - PID 537728 → pkg: 0 J, dram: 39.9199 J, total: 39.9199 J
    - PID 537794 → pkg: 17.5988 J, dram: 42.8916 J, total: 60.4904 J
    - PID 537932 → pkg: 1279.57 J, dram: 161.254 J, total: 1440.824 J
    - PID 540625 → pkg: 0 J, dram: 0 J, total: 0 J
    - PID 540808 → pkg: 0 J, dram: 194.175 J, total: 194.175 J
    - PID 855998 → pkg: 0 J, dram: 53.6272 J, total: 53.6272 J
    - PID 856000 → pkg: 0 J, dram: 59.1431 J, total: 59.1431 J
    - PID 885666 → pkg: 0 J, dram: 223.946 J, total: 223.946 J
    - PID 885668 → pkg: 0 J, dram: 238.994 J, total: 238.994 J
    - PID 920494 → pkg: 0 J, dram: 0 J, total: 0 J
    - PID 920612 → pkg: 0 J, dram: 238.574 J, total: 238.574 J
    - PID 941872 → pkg: 0 J, dram: 0 J, total: 0 J
    - PID 941992 → pkg: 4250.78 J, dram: 540.082 J, total: 4790.862 J
    - PID 942054 → pkg: 8584.14 J, dram: 1236.89 J, total: 9821.03 J
    - PID 942055 → pkg: 8750.12 J, dram: 1279.16 J, total: 10029.28 J
    - PID 942056 → pkg: 0 J, dram: 282.897 J, total: 282.897 J
    - PID 942058 → pkg: 0 J, dram: 291.155 J, total: 291.155 J
    - PID 942145 → pkg: 8462.24 J, dram: 1228.12 J, total: 9690.36 J
    - PID 942148 → pkg: 154.269 J, dram: 301.252 J, total: 455.521 J
    - PID 942230 → pkg: 4313.04 J, dram: 530.605 J, total: 4843.645 J
    - PID 1021231 → pkg: 0 J, dram: 0 J, total: 0 J
    - PID 1021394 → pkg: 7486.6 J, dram: 1151.09 J, total: 8637.69 J
    - PID 1021395 → pkg: 0 J, dram: 256.252 J, total: 256.252 J
    - PID 1021396 → pkg: 7533.98 J, dram: 1151.81 J, total: 8685.79 J
    - PID 1021397 → pkg: 0 J, dram: 264.382 J, total: 264.382 J
    - PID 1021398 → pkg: 7553.63 J, dram: 1150.75 J, total: 8704.38 J
    - PID 1021489 → pkg: 7541.12 J, dram: 1145.69 J, total: 8686.81 J
    - PID 1021494 → pkg: 121.261 J, dram: 277.706 J, total: 398.967 J
    - PID 1021613 → pkg: 7550.43 J, dram: 1150.9 J, total: 8701.33 J
    - PID 1092974 → pkg: 0 J, dram: 0 J, total: 0 J
    - PID 1093111 → pkg: 7727.74 J, dram: 1234.1 J, total: 8961.84 J
    - PID 1093181 → pkg: 7607.11 J, dram: 1234.35 J, total: 8841.46 J
    - PID 1093185 → pkg: 4388.45 J, dram: 652.795 J, total: 5041.245 J
    - PID 1093186 → pkg: 0 J, dram: 280.571 J, total: 280.571 J
    - PID 1093187 → pkg: 7708.8 J, dram: 1235.9 J, total: 8944.7 J
    - PID 1093188 → pkg: 0 J, dram: 282.96 J, total: 282.96 J
    - PID 1093189 → pkg: 7675.67 J, dram: 1233.09 J, total: 8908.76 J
    - PID 1093402 → pkg: 151.055 J, dram: 300.249 J, total: 451.304 J
    - PID 1263193 → pkg: 0 J, dram: 0 J, total: 0 J
    - PID 1263545 → pkg: 13589.4 J, dram: 2395.89 J, total: 15985.29 J
    - PID 1263546 → pkg: 12455.5 J, dram: 2183.19 J, total: 14638.69 J
    - PID 1263547 → pkg: 0 J, dram: 565.059 J, total: 565.059 J
    - PID 1263548 → pkg: 13568.3 J, dram: 2394.54 J, total: 15962.84 J
    - PID 1263549 → pkg: 0 J, dram: 559.241 J, total: 559.241 J
    - PID 1263550 → pkg: 13458.4 J, dram: 2393.15 J, total: 15851.55 J
    - PID 1263598 → pkg: 13632.8 J, dram: 2393.36 J, total: 16026.16 J
    - PID 1263603 → pkg: 284.492 J, dram: 597.891 J, total: 882.383 J
    - PID 1263739 → pkg: 13538.4 J, dram: 2391.74 J, total: 15930.14 J
    - PID 1336193 → pkg: 0 J, dram: 0 J, total: 0 J
    - PID 1336426 → pkg: 3727.21 J, dram: 703.851 J, total: 4431.061 J
    - PID 1336539 → pkg: 141392 J, dram: 37592.1 J, total: 178984.1 J
    - PID 1336541 → pkg: 141150 J, dram: 37587.3 J, total: 178737.3 J
    - PID 1336542 → pkg: 0 J, dram: 8754.81 J, total: 8754.81 J
    - PID 1336543 → pkg: 140650 J, dram: 37573.4 J, total: 178223.4 J
    - PID 1336546 → pkg: 0 J, dram: 8791.99 J, total: 8791.99 J
    - PID 1336548 → pkg: 142033 J, dram: 37554 J, total: 179587 J
    - PID 1336654 → pkg: 7349.32 J, dram: 1446.5 J, total: 8795.82 J
    - PID 1336656 → pkg: 315.414 J, dram: 9272.02 J, total: 9587.434 J
    - PID 1336803 → pkg: 142082 J, dram: 37542 J, total: 179624 J
    - PID 1523926 → pkg: 0 J, dram: 0 J, total: 0 J
    - PID 1524174 → pkg: 9603.29 J, dram: 1654.16 J, total: 11257.45 J
    - PID 1524300 → pkg: 4192.62 J, dram: 690.915 J, total: 4883.535 J
    - PID 1524301 → pkg: 9538.18 J, dram: 1652.67 J, total: 11190.85 J
    - PID 1524302 → pkg: 0 J, dram: 373.963 J, total: 373.963 J
    - PID 1524303 → pkg: 9569.02 J, dram: 1652.43 J, total: 11221.45 J
    - PID 1524304 → pkg: 0 J, dram: 382.763 J, total: 382.763 J
    - PID 1524305 → pkg: 9578.81 J, dram: 1652.03 J, total: 11230.84 J
    - PID 1524442 → pkg: 9541.5 J, dram: 1651.62 J, total: 11193.12 J
    - PID 1524447 → pkg: 205.006 J, dram: 410.036 J, total: 615.042 J
    - PID 1524636 → pkg: 9542.82 J, dram: 1651.59 J, total: 11194.41 J
    - PID 1614938 → pkg: 0 J, dram: 0 J, total: 0 J
    - PID 1615241 → pkg: 130024 J, dram: 36184.4 J, total: 166208.4 J
    - PID 1615371 → pkg: 136212 J, dram: 37323.8 J, total: 173535.8 J
    - PID 1615372 → pkg: 131051 J, dram: 36527 J, total: 167578 J
    - PID 1615373 → pkg: 0 J, dram: 8668.27 J, total: 8668.27 J
    - PID 1615375 → pkg: 123221 J, dram: 36800.2 J, total: 160021.2 J
    - PID 1615377 → pkg: 0 J, dram: 8667.57 J, total: 8667.57 J
    - PID 1615380 → pkg: 132873 J, dram: 36706.8 J, total: 169579.8 J
    - PID 1615563 → pkg: 135486 J, dram: 36032 J, total: 171518 J
    - PID 1615565 → pkg: 351.93 J, dram: 9228.11 J, total: 9580.04 J
    - PID 1615716 → pkg: 122723 J, dram: 37063.4 J, total: 159786.4 J
    - PID 1764353 → pkg: 0 J, dram: 0 J, total: 0 J
    - PID 1764602 → pkg: 4184.36 J, dram: 698.168 J, total: 4882.528 J
    - PID 1764744 → pkg: 8599.72 J, dram: 1464.68 J, total: 10064.40 J
    - PID 1764745 → pkg: 0 J, dram: 371.852 J, total: 371.852 J
    - PID 1764746 → pkg: 8540.6 J, dram: 1463.35 J, total: 10003.95 J
    - PID 1764747 → pkg: 0 J, dram: 362.429 J, total: 362.429 J
    - PID 1764749 → pkg: 9311.2 J, dram: 1573.61 J, total: 10884.81 J
    - PID 1764988 → pkg: 9295.32 J, dram: 1568.85 J, total: 10864.17 J
    - PID 1764993 → pkg: 205.325 J, dram: 392.181 J, total: 597.506 J
    - PID 1765159 → pkg: 4204.13 J, dram: 695.458 J, total: 4899.588 J
    - PID 2520319 → pkg: 0 J, dram: 0 J, total: 0 J
    - PID 2520850 → pkg: 135458 J, dram: 35190.1 J, total: 170648.1 J
    - PID 2520960 → pkg: 135167 J, dram: 35178.2 J, total: 170345.2 J
    - PID 2520961 → pkg: 130164 J, dram: 34439.4 J, total: 164603.4 J
    - PID 2520962 → pkg: 0 J, dram: 8363.81 J, total: 8363.81 J
    - PID 2520963 → pkg: 134251 J, dram: 35153.5 J, total: 169404.5 J
    - PID 2520964 → pkg: 0 J, dram: 8230.42 J, total: 8230.42 J
    - PID 2520965 → pkg: 133335 J, dram: 35150.2 J, total: 168485.2 J
    - PID 2521168 → pkg: 134950 J, dram: 35194.3 J, total: 170144.3 J
    - PID 2521170 → pkg: 185.275 J, dram: 8914.05 J, total: 9099.325 J
    - PID 2521342 → pkg: 135032 J, dram: 35113 J, total: 170145 J
    - PID 2660298 → pkg: 0 J, dram: 0 J, total: 0 J
    - PID 2660730 → pkg: 142759 J, dram: 37297.5 J, total: 180056.5 J
    - PID 2660732 → pkg: 0 J, dram: 8677.51 J, total: 8677.51 J
    - PID 2660733 → pkg: 140152 J, dram: 36875.8 J, total: 177027.8 J
    - PID 2660734 → pkg: 0 J, dram: 8798.85 J, total: 8798.85 J
    - PID 2660735 → pkg: 131801 J, dram: 36922 J, total: 168723 J
    - PID 2660875 → pkg: 329.539 J, dram: 9225.22 J, total: 9554.759 J
    - PID 2661049 → pkg: 142412 J, dram: 37203.5 J, total: 179615.5 J
    - PID 2713617 → pkg: 0 J, dram: 0 J, total: 0 J
    - PID 2713929 → pkg: 114767 J, dram: 33985.7 J, total: 148752.7 J
    - PID 2714066 → pkg: 109105 J, dram: 33981.9 J, total: 143086.9 J
    - PID 2714068 → pkg: 0 J, dram: 8305.43 J, total: 8305.43 J
    - PID 2714069 → pkg: 105188 J, dram: 33422.9 J, total: 138610.9 J
    - PID 2714071 → pkg: 0 J, dram: 8303.08 J, total: 8303.08 J
    - PID 2714072 → pkg: 107747 J, dram: 33390.3 J, total: 141137.3 J
    - PID 2714296 → pkg: 110808 J, dram: 33917.2 J, total: 144725.2 J
    - PID 2714298 → pkg: 26305.5 J, dram: 8814.22 J, total: 35119.72 J
    - PID 2714448 → pkg: 106559 J, dram: 33365.1 J, total: 139924.1 J
    - PID 2978837 → pkg: 0 J, dram: 0 J, total: 0 J
    - PID 2979523 → pkg: 4150.39 J, dram: 681.48 J, total: 4831.87 J
    - PID 2979525 → pkg: 0 J, dram: 321.562 J, total: 321.562 J
    - PID 2979527 → pkg: 4129.79 J, dram: 680.234 J, total: 4810.024 J
    - PID 2979529 → pkg: 0 J, dram: 312.144 J, total: 312.144 J
    - PID 2979532 → pkg: 4135.41 J, dram: 679.931 J, total: 4815.341 J
    - PID 2979587 → pkg: 8408.34 J, dram: 1364.52 J, total: 9772.86 J
    - PID 2979593 → pkg: 158.029 J, dram: 339.717 J, total: 497.746 J
    - PID 2979756 → pkg: 8299.44 J, dram: 1365.33 J, total: 9664.77 J
    - PID 3258428 → pkg: 0 J, dram: 0 J, total: 0 J
    - PID 3258753 → pkg: 0 J, dram: 261.799 J, total: 261.799 J
    - PID 3258754 → pkg: 7401 J, dram: 1118.74 J, total: 8519.74 J
    - PID 3258755 → pkg: 0 J, dram: 261.458 J, total: 261.458 J
    - PID 3258938 → pkg: 7356.87 J, dram: 1118.48 J, total: 8475.35 J
    - PID 3258940 → pkg: 160.991 J, dram: 274.581 J, total: 435.572 J
    - PID 3259056 → pkg: 4291.46 J, dram: 648.078 J, total: 4939.538 J
    - PID 3380607 → pkg: 0 J, dram: 0 J, total: 0 J
    - PID 3380990 → pkg: 0 J, dram: 319.835 J, total: 319.835 J
    - PID 3380992 → pkg: 0 J, dram: 314.519 J, total: 314.519 J
    - PID 3381146 → pkg: 8655.81 J, dram: 1318.92 J, total: 9974.73 J
    - PID 3381152 → pkg: 164.058 J, dram: 336.42 J, total: 500.478 J
    - PID 3381310 → pkg: 9040.01 J, dram: 1367.13 J, total: 10407.14 J
    - PID 3421683 → pkg: 0 J, dram: 0 J, total: 0 J
    - PID 3421932 → pkg: 4328.82 J, dram: 628.923 J, total: 4957.743 J
    - PID 3422037 → pkg: 4322.12 J, dram: 628.627 J, total: 4950.747 J
    - PID 3422040 → pkg: 8503.34 J, dram: 1283.13 J, total: 9786.47 J
    - PID 3422041 → pkg: 0 J, dram: 298.239 J, total: 298.239 J
    - PID 3422042 → pkg: 4336.36 J, dram: 628.372 J, total: 4964.732 J
    - PID 3422043 → pkg: 0 J, dram: 297.561 J, total: 297.561 J
    - PID 3422044 → pkg: 4359.86 J, dram: 627.981 J, total: 4987.841 J
    - PID 3422187 → pkg: 8497.26 J, dram: 1279.14 J, total: 9776.40 J
    - PID 3422190 → pkg: 170.726 J, dram: 312.65 J, total: 483.376 J
    - PID 3422323 → pkg: 4339.47 J, dram: 627.041 J, total: 4966.511 J
    - PID 3702965 → pkg: 0 J, dram: 0 J, total: 0 J
    - PID 3703283 → pkg: 4218.49 J, dram: 623.037 J, total: 4841.527 J
    - PID 3703401 → pkg: 8607.27 J, dram: 1373.89 J, total: 9981.16 J
    - PID 3703404 → pkg: 4206.43 J, dram: 622.364 J, total: 4828.794 J
    - PID 3703405 → pkg: 0 J, dram: 375.712 J, total: 375.712 J
    - PID 3703406 → pkg: 8570.46 J, dram: 1371.15 J, total: 9941.61 J
    - PID 3703407 → pkg: 0 J, dram: 389.453 J, total: 389.453 J
    - PID 3703408 → pkg: 8577.33 J, dram: 1371.86 J, total: 9949.19 J
    - PID 3703482 → pkg: 8559.81 J, dram: 1370.62 J, total: 9930.43 J
    - PID 3703487 → pkg: 189.13 J, dram: 407.314 J, total: 596.444 J
    - PID 3703665 → pkg: 8593.67 J, dram: 1369.81 J, total: 9963.48 J
    - PID 3838587 → pkg: 0 J, dram: 0 J, total: 0 J
    - PID 3838919 → pkg: 0 J, dram: 275.993 J, total: 275.993 J
    - PID 3838920 → pkg: 7516.45 J, dram: 1241.22 J, total: 8757.67 J
    - PID 3838921 → pkg: 0 J, dram: 281.835 J, total: 281.835 J
    - PID 3839116 → pkg: 7564.97 J, dram: 1234.42 J, total: 8799.39 J
    - PID 3839118 → pkg: 159.805 J, dram: 298.441 J, total: 458.246 J
    - PID 3839269 → pkg: 7512.89 J, dram: 1239.37 J, total: 8752.26 J
    - PID 4037482 → pkg: 0 J, dram: 0 J, total: 0 J
    - PID 4037778 → pkg: 7554 J, dram: 1297.07 J, total: 8851.07 J
    - PID 4037933 → pkg: 7462.34 J, dram: 1292.98 J, total: 8755.32 J
    - PID 4037938 → pkg: 7400.23 J, dram: 1292.8 J, total: 8693.03 J
    - PID 4037939 → pkg: 0 J, dram: 298.684 J, total: 298.684 J
    - PID 4037940 → pkg: 7574.29 J, dram: 1296.26 J, total: 8870.55 J
    - PID 4037941 → pkg: 0 J, dram: 296.984 J, total: 296.984 J
    - PID 4037942 → pkg: 7454.4 J, dram: 1296.87 J, total: 8751.27 J
    - PID 4038175 → pkg: 7518.45 J, dram: 1291.87 J, total: 8810.32 J
    - PID 4038179 → pkg: 138.432 J, dram: 317.323 J, total: 455.755 J
    - PID 4038316 → pkg: 7447.92 J, dram: 1292.14 J, total: 8740.06 J
    - PID 4060794 → pkg: 0 J, dram: 0 J, total: 0 J
    - PID 4061036 → pkg: 10081.4 J, dram: 1763.86 J, total: 11845.26 J
    - PID 4061139 → pkg: 10224.5 J, dram: 1763.98 J, total: 11988.48 J
    - PID 4061140 → pkg: 3967.77 J, dram: 684.276 J, total: 4652.046 J
    - PID 4061141 → pkg: 0 J, dram: 408.361 J, total: 408.361 J
    - PID 4061142 → pkg: 10112.7 J, dram: 1761.72 J, total: 11874.42 J
    - PID 4061143 → pkg: 0 J, dram: 399.353 J, total: 399.353 J
    - PID 4061144 → pkg: 10204.8 J, dram: 1768.67 J, total: 11973.47 J
    - PID 4061330 → pkg: 10110.6 J, dram: 1761.04 J, total: 11871.64 J
    - PID 4061334 → pkg: 203.435 J, dram: 433.306 J, total: 636.741 J
    - PID 4061515 → pkg: 10209.3 J, dram: 1767.14 J, total: 11976.44 J
    - PID 4066952 → pkg: 0 J, dram: 0 J, total: 0 J
    - PID 4067205 → pkg: 7952.65 J, dram: 1385.52 J, total: 9338.17 J
    - PID 4067206 → pkg: 0 J, dram: 317.459 J, total: 317.459 J
    - PID 4067207 → pkg: 4069.99 J, dram: 678.48 J, total: 4748.47 J
    - PID 4067208 → pkg: 0 J, dram: 311.464 J, total: 311.464 J
    - PID 4067210 → pkg: 7962.7 J, dram: 1381.93 J, total: 9344.63 J
    - PID 4067345 → pkg: 8039.71 J, dram: 1379.15 J, total: 9418.86 J
    - PID 4067348 → pkg: 168.054 J, dram: 338.484 J, total: 506.538 J
    - PID 4067478 → pkg: 7951.36 J, dram: 1379.26 J, total: 9330.62 J
    - PID 322068 → pkg: 0 J, dram: 0 J, total: 0 J
    - PID 322608 → pkg: 8686.46 J, dram: 1454.92 J, total: 10141.38 J
    - PID 322704 → pkg: 4119.88 J, dram: 676.989 J, total: 4796.869 J
    - PID 322705 → pkg: 4109.41 J, dram: 675.531 J, total: 4784.941 J
    - PID 322706 → pkg: 0 J, dram: 339.807 J, total: 339.807 J
    - PID 322707 → pkg: 8565.26 J, dram: 1454.55 J, total: 10019.81 J
    - PID 322708 → pkg: 0 J, dram: 342.386 J, total: 342.386 J
    - PID 322709 → pkg: 8430.47 J, dram: 1419.53 J, total: 9850.00 J
    - PID 322889 → pkg: 8720.63 J, dram: 1454.5 J, total: 10175.13 J
    - PID 322895 → pkg: 185.65 J, dram: 365.805 J, total: 551.455 J
    - PID 323105 → pkg: 8484.12 J, dram: 1418.93 J, total: 9903.05 J
    - PID 403740 → pkg: 0 J, dram: 0 J, total: 0 J
    - PID 403937 → pkg: 11610.2 J, dram: 2109.86 J, total: 13720.06 J
    - PID 404125 → pkg: 14680.9 J, dram: 2676.96 J, total: 17357.86 J
    - PID 404128 → pkg: 11625.1 J, dram: 2107.5 J, total: 13732.6 J
    - PID 404130 → pkg: 0 J, dram: 631.356 J, total: 631.356 J
    - PID 404132 → pkg: 0 J, dram: 632.797 J, total: 632.797 J
    - PID 404350 → pkg: 14716.2 J, dram: 2673.64 J, total: 17389.84 J
    - PID 404352 → pkg: 290.732 J, dram: 670.31 J, total: 961.042 J
    - PID 404474 → pkg: 14738.1 J, dram: 2672.15 J, total: 17410.25 J
    - PID 583795 → pkg: 0 J, dram: 0 J, total: 0 J
    - PID 584014 → pkg: 8070.14 J, dram: 1327.38 J, total: 9397.52 J
    - PID 584146 → pkg: 0 J, dram: 302.935 J, total: 302.935 J
    - PID 584150 → pkg: 0 J, dram: 303.858 J, total: 303.858 J
    - PID 584152 → pkg: 7947.71 J, dram: 1326.88 J, total: 9274.59 J
    - PID 584406 → pkg: 4177.74 J, dram: 667.425 J, total: 4845.165 J
    - PID 584411 → pkg: 177.693 J, dram: 326.629 J, total: 504.322 J
    - PID 584567 → pkg: 4187.8 J, dram: 668.912 J, total: 4856.712 J
    - PID 649002 → pkg: 0 J, dram: 0 J, total: 0 J
    - PID 649187 → pkg: 4265.3 J, dram: 672.222 J, total: 4937.522 J
    - PID 649352 → pkg: 4147.78 J, dram: 672.14 J, total: 4819.92 J
    - PID 649353 → pkg: 4265.99 J, dram: 671.51 J, total: 4937.50 J
    - PID 649355 → pkg: 0 J, dram: 305.74 J, total: 305.74 J
    - PID 649357 → pkg: 4245.96 J, dram: 671.2 J, total: 4917.16 J
    - PID 649358 → pkg: 0 J, dram: 308.534 J, total: 308.534 J
    - PID 649361 → pkg: 7962.13 J, dram: 1310.7 J, total: 9272.83 J
    - PID 649605 → pkg: 7727.32 J, dram: 1304.43 J, total: 9031.75 J
    - PID 649607 → pkg: 168.891 J, dram: 325.617 J, total: 494.508 J
    - PID 649807 → pkg: 4116.92 J, dram: 670.503 J, total: 4787.423 J
    - PID 873978 → pkg: 0 J, dram: 0 J, total: 0 J
    - PID 874165 → pkg: 15358.9 J, dram: 2685.76 J, total: 18044.66 J
    - PID 874251 → pkg: 15243.6 J, dram: 2685.45 J, total: 17929.05 J
    - PID 874252 → pkg: 15307.6 J, dram: 2685.59 J, total: 17993.19 J
    - PID 874253 → pkg: 0 J, dram: 626.459 J, total: 626.459 J
    - PID 874255 → pkg: 15398 J, dram: 2684.92 J, total: 18082.92 J
    - PID 874256 → pkg: 0 J, dram: 614.242 J, total: 614.242 J
    - PID 874257 → pkg: 12178.8 J, dram: 2146.31 J, total: 14325.11 J
    - PID 874478 → pkg: 15375.6 J, dram: 2681.72 J, total: 18057.32 J
    - PID 874481 → pkg: 299.733 J, dram: 658.915 J, total: 958.648 J
    - PID 874615 → pkg: 15255.1 J, dram: 2681.91 J, total: 17937.01 J
    - PID 1181568 → pkg: 0 J, dram: 0 J, total: 0 J
    - PID 1182179 → pkg: 9189.45 J, dram: 1606.45 J, total: 10795.90 J
    - PID 1182180 → pkg: 4168.79 J, dram: 691.053 J, total: 4859.843 J
    - PID 1182181 → pkg: 0 J, dram: 361.819 J, total: 361.819 J
    - PID 1182184 → pkg: 9038.27 J, dram: 1598.66 J, total: 10636.93 J
    - PID 1182185 → pkg: 0 J, dram: 364.707 J, total: 364.707 J
    - PID 1182186 → pkg: 4171.56 J, dram: 690.447 J, total: 4862.007 J
    - PID 1182561 → pkg: 8398.8 J, dram: 1483.7 J, total: 9882.5 J
    - PID 1182573 → pkg: 144.662 J, dram: 388.441 J, total: 533.103 J
    - PID 1182834 → pkg: 8518.74 J, dram: 1486.5 J, total: 10005.24 J
    - PID 1380328 → pkg: 0 J, dram: 0 J, total: 0 J
    - PID 1380750 → pkg: 8545.9 J, dram: 1477.14 J, total: 10023.04 J
    - PID 1380880 → pkg: 8497.49 J, dram: 1475.3 J, total: 9972.79 J
    - PID 1380881 → pkg: 4177.17 J, dram: 698.456 J, total: 4875.626 J
    - PID 1380882 → pkg: 0 J, dram: 353.769 J, total: 353.769 J
    - PID 1380883 → pkg: 8390.08 J, dram: 1474.85 J, total: 9864.93 J
    - PID 1380884 → pkg: 0 J, dram: 347.098 J, total: 347.098 J
    - PID 1380887 → pkg: 4162.93 J, dram: 697.709 J, total: 4860.639 J
    - PID 1381110 → pkg: 8421.67 J, dram: 1474.42 J, total: 9896.09 J
    - PID 1381115 → pkg: 200.554 J, dram: 381.64 J, total: 582.194 J
    - PID 1381238 → pkg: 4254.95 J, dram: 696.753 J, total: 4951.703 J
    - PID 1446617 → pkg: 0 J, dram: 0 J, total: 0 J
    - PID 1446872 → pkg: 4113.08 J, dram: 702.266 J, total: 4815.346 J
    - PID 1447004 → pkg: 8479.5 J, dram: 1467.72 J, total: 9947.22 J
    - PID 1447006 → pkg: 8447.01 J, dram: 1468.12 J, total: 9915.13 J
    - PID 1447007 → pkg: 0 J, dram: 348.563 J, total: 348.563 J
    - PID 1447008 → pkg: 8380.37 J, dram: 1466.73 J, total: 9847.10 J
    - PID 1447009 → pkg: 0 J, dram: 347.65 J, total: 347.65 J
    - PID 1447010 → pkg: 8849 J, dram: 1523.82 J, total: 10372.82 J
    - PID 1447250 → pkg: 8417.96 J, dram: 1466.29 J, total: 9884.25 J
    - PID 1447257 → pkg: 169.054 J, dram: 373.035 J, total: 542.089 J
    - PID 1447409 → pkg: 4136.53 J, dram: 700.418 J, total: 4836.948 J
    - PID 2013945 → pkg: 0 J, dram: 0 J, total: 0 J
    - PID 2014451 → pkg: 7883.67 J, dram: 1261.42 J, total: 9145.09 J
    - PID 2014556 → pkg: 0 J, dram: 293.672 J, total: 293.672 J
    - PID 2014558 → pkg: 0 J, dram: 291.783 J, total: 291.783 J
    - PID 2014561 → pkg: 7763.65 J, dram: 1259.65 J, total: 9023.30 J
    - PID 2014739 → pkg: 7823.41 J, dram: 1259.65 J, total: 9083.06 J
    - PID 2014745 → pkg: 142.205 J, dram: 310.345 J, total: 452.550 J
    - PID 2014869 → pkg: 7896.99 J, dram: 1259.48 J, total: 9156.47 J
    - PID 2153887 → pkg: 0 J, dram: 0 J, total: 0 J
    - PID 2154144 → pkg: 11776 J, dram: 2017.54 J, total: 13793.54 J
    - PID 2154299 → pkg: 8042.01 J, dram: 1355.37 J, total: 9397.38 J
    - PID 2154300 → pkg: 0 J, dram: 453.785 J, total: 453.785 J
    - PID 2154301 → pkg: 11819.4 J, dram: 2020.21 J, total: 13839.61 J
    - PID 2154302 → pkg: 0 J, dram: 465.47 J, total: 465.47 J
    - PID 2154303 → pkg: 11820.7 J, dram: 2021.66 J, total: 13842.36 J
    - PID 2154441 → pkg: 11842.2 J, dram: 2019.55 J, total: 13861.75 J
    - PID 2154447 → pkg: 235.525 J, dram: 494.63 J, total: 730.155 J
    - PID 2154557 → pkg: 11978.6 J, dram: 2018.75 J, total: 13997.35 J
    - PID 2296218 → pkg: 0 J, dram: 0 J, total: 0 J
    - PID 2296490 → pkg: 4315.12 J, dram: 660 J, total: 4975.12 J
    - PID 2296624 → pkg: 0 J, dram: 312.881 J, total: 312.881 J
    - PID 2296626 → pkg: 8294.15 J, dram: 1369.52 J, total: 9663.67 J
    - PID 2296630 → pkg: 0 J, dram: 316.75 J, total: 316.75 J
    - PID 2296633 → pkg: 8285.79 J, dram: 1372.68 J, total: 9658.47 J
    - PID 2296869 → pkg: 8378.41 J, dram: 1375.88 J, total: 9754.29 J
    - PID 2296871 → pkg: 161.752 J, dram: 331.463 J, total: 493.215 J
    - PID 2297014 → pkg: 8215.38 J, dram: 1368.85 J, total: 9584.23 J
    - PID 2349895 → pkg: 0 J, dram: 0 J, total: 0 J
    - PID 2350334 → pkg: 12276 J, dram: 2038.6 J, total: 14314.6 J
    - PID 2350337 → pkg: 0 J, dram: 469.288 J, total: 469.288 J
    - PID 2350338 → pkg: 7978.75 J, dram: 1354.5 J, total: 9333.25 J
    - PID 2350340 → pkg: 0 J, dram: 464.624 J, total: 464.624 J
    - PID 2350341 → pkg: 12213.1 J, dram: 2044.57 J, total: 14257.67 J
    - PID 2350496 → pkg: 8032.89 J, dram: 1351.33 J, total: 9384.22 J
    - PID 2350498 → pkg: 245.919 J, dram: 501.448 J, total: 747.367 J
    - PID 2350637 → pkg: 8025.94 J, dram: 1350.62 J, total: 9376.56 J
    - PID 2454607 → pkg: 0 J, dram: 0 J, total: 0 J
    - PID 2454810 → pkg: 8540.72 J, dram: 1448.17 J, total: 9988.89 J
    - PID 2454919 → pkg: 8698.96 J, dram: 1451.27 J, total: 10150.23 J
    - PID 2454920 → pkg: 4158.28 J, dram: 659.013 J, total: 4817.293 J
    - PID 2454921 → pkg: 0 J, dram: 335.104 J, total: 335.104 J
    - PID 2454922 → pkg: 8468.16 J, dram: 1447.77 J, total: 9915.93 J
    - PID 2454923 → pkg: 0 J, dram: 331.296 J, total: 331.296 J
    - PID 2454925 → pkg: 4172.98 J, dram: 658.737 J, total: 4831.717 J
    - PID 2455145 → pkg: 8580.53 J, dram: 1447.65 J, total: 10028.18 J
    - PID 2455148 → pkg: 194.599 J, dram: 349.45 J, total: 544.049 J
    - PID 2455247 → pkg: 8579.01 J, dram: 1445.52 J, total: 10024.53 J
    - PID 2728786 → pkg: 0 J, dram: 0 J, total: 0 J
    - PID 2729079 → pkg: 4141.52 J, dram: 687.224 J, total: 4828.744 J
    - PID 2729197 → pkg: 8390.85 J, dram: 1391.33 J, total: 9782.18 J
    - PID 2729198 → pkg: 4080.64 J, dram: 687.322 J, total: 4767.962 J
    - PID 2729199 → pkg: 0 J, dram: 334.184 J, total: 334.184 J
    - PID 2729200 → pkg: 4081.35 J, dram: 686.146 J, total: 4767.496 J
    - PID 2729201 → pkg: 0 J, dram: 344.778 J, total: 344.778 J
    - PID 2729202 → pkg: 4154.49 J, dram: 686.142 J, total: 4840.632 J
    - PID 2729355 → pkg: 8518.85 J, dram: 1390.01 J, total: 9908.86 J
    - PID 2729360 → pkg: 185.254 J, dram: 360.668 J, total: 545.922 J
    - PID 2729509 → pkg: 9068.36 J, dram: 1474.47 J, total: 10542.83 J
    - PID 3067427 → pkg: 0 J, dram: 0 J, total: 0 J
    - PID 3067592 → pkg: 1796.56 J, dram: 280.179 J, total: 2076.739 J
    - PID 3067726 → pkg: 1764.31 J, dram: 279.646 J, total: 2043.956 J
    - PID 3067727 → pkg: 1785.96 J, dram: 279.644 J, total: 2065.604 J
    - PID 3067729 → pkg: 0 J, dram: 71.5456 J, total: 71.5456 J
    - PID 3067730 → pkg: 1802.35 J, dram: 279.523 J, total: 2081.873 J
    - PID 3067731 → pkg: 0 J, dram: 72.3454 J, total: 72.3454 J
    - PID 3067732 → pkg: 1804.62 J, dram: 286.199 J, total: 2090.819 J
    - PID 3067922 → pkg: 1787.93 J, dram: 279.326 J, total: 2067.256 J
    - PID 3067925 → pkg: 29.9793 J, dram: 75.2988 J, total: 105.2781 J
    - PID 3068106 → pkg: 1812.34 J, dram: 279.152 J, total: 2091.492 J
    - PID 3253046 → pkg: 0 J, dram: 0 J, total: 0 J
    - PID 3253296 → pkg: 4277.59 J, dram: 633.861 J, total: 4911.451 J
    - PID 3253297 → pkg: 11517.8 J, dram: 1791.22 J, total: 13309.02 J
    - PID 3253298 → pkg: 0 J, dram: 422.222 J, total: 422.222 J
    - PID 3253299 → pkg: 11737.6 J, dram: 1789.48 J, total: 13527.08 J
    - PID 3253300 → pkg: 0 J, dram: 408.319 J, total: 408.319 J
    - PID 3253302 → pkg: 11487.5 J, dram: 1788.99 J, total: 13276.49 J
    - PID 3253446 → pkg: 11556.1 J, dram: 1788.26 J, total: 13344.36 J
    - PID 3253451 → pkg: 231.442 J, dram: 439.516 J, total: 670.958 J
    - PID 3253602 → pkg: 11530.2 J, dram: 1786.77 J, total: 13316.97 J
    - PID 3279640 → pkg: 0 J, dram: 0 J, total: 0 J
    - PID 3279844 → pkg: 0 J, dram: 0 J, total: 0 J
    - PID 3279947 → pkg: 0 J, dram: 349.199 J, total: 349.199 J
    - PID 3279948 → pkg: 4021.36 J, dram: 637.267 J, total: 4658.627 J
    - PID 3279949 → pkg: 0 J, dram: 359.664 J, total: 359.664 J
    - PID 3279950 → pkg: 9501.05 J, dram: 1529.67 J, total: 11030.72 J
    - PID 3280088 → pkg: 7968.53 J, dram: 1271.56 J, total: 9240.09 J
    - PID 3280132 → pkg: 9340.87 J, dram: 1529.33 J, total: 10870.20 J
    - PID 3280136 → pkg: 161.918 J, dram: 334.529 J, total: 496.447 J
    - PID 3280300 → pkg: 8013.2 J, dram: 1268.04 J, total: 9281.24 J
    - PID 3280301 → pkg: 0 J, dram: 285.99 J, total: 285.99 J
    - PID 3280303 → pkg: 0 J, dram: 288.078 J, total: 288.078 J
    - PID 3280304 → pkg: 8048.44 J, dram: 1274.71 J, total: 9323.15 J
    - PID 3280356 → pkg: 4035.15 J, dram: 636.09 J, total: 4671.24 J
    - PID 3280412 → pkg: 4192.22 J, dram: 650.903 J, total: 4843.123 J
    - PID 3280414 → pkg: 170.083 J, dram: 304.813 J, total: 474.896 J
    - PID 3280469 → pkg: 7874.05 J, dram: 1265.94 J, total: 9139.99 J
    - PID 3474473 → pkg: 0 J, dram: 0 J, total: 0 J
    - PID 3474665 → pkg: 8578.06 J, dram: 1390.31 J, total: 9968.37 J
    - PID 3474822 → pkg: 8657.79 J, dram: 1378.27 J, total: 10036.06 J
    - PID 3474823 → pkg: 4215.46 J, dram: 661.775 J, total: 4877.235 J
    - PID 3474824 → pkg: 0 J, dram: 321.811 J, total: 321.811 J
    - PID 3474825 → pkg: 4143.32 J, dram: 661.869 J, total: 4805.189 J
    - PID 3474826 → pkg: 0 J, dram: 318.831 J, total: 318.831 J
    - PID 3474827 → pkg: 8872.16 J, dram: 1389.32 J, total: 10261.48 J
    - PID 3475065 → pkg: 4224.85 J, dram: 660.671 J, total: 4885.521 J
    - PID 3475068 → pkg: 158.55 J, dram: 338.135 J, total: 496.685 J
    - PID 3475241 → pkg: 4282.63 J, dram: 660.206 J, total: 4942.836 J
    - PID 3549403 → pkg: 0 J, dram: 0 J, total: 0 J
    - PID 3549903 → pkg: 7817.88 J, dram: 1258.05 J, total: 9075.93 J
    - PID 3549904 → pkg: 0 J, dram: 291.98 J, total: 291.98 J
    - PID 3549906 → pkg: 7734.09 J, dram: 1253.15 J, total: 8987.24 J
    - PID 3549909 → pkg: 0 J, dram: 294.727 J, total: 294.727 J
    - PID 3549911 → pkg: 4179.32 J, dram: 669.802 J, total: 4849.122 J
    - PID 3549962 → pkg: 7746.35 J, dram: 1257.63 J, total: 9003.98 J
    - PID 3549965 → pkg: 164.665 J, dram: 308.412 J, total: 473.077 J
    - PID 3550198 → pkg: 7825.05 J, dram: 1257.04 J, total: 9082.09 J
    - PID 3986649 → pkg: 0 J, dram: 0 J, total: 0 J
    - PID 3987040 → pkg: 9253.56 J, dram: 1319.36 J, total: 10572.92 J
    - PID 3987041 → pkg: 0 J, dram: 301.804 J, total: 301.804 J
    - PID 3987043 → pkg: 0 J, dram: 304.312 J, total: 304.312 J
    - PID 3987171 → pkg: 181.567 J, dram: 318.656 J, total: 500.223 J
    - PID 3987280 → pkg: 9254.93 J, dram: 1316.91 J, total: 10571.84 J
    - PID 4113100 → pkg: 0 J, dram: 0 J, total: 0 J
    - PID 4113397 → pkg: 0 J, dram: 359.792 J, total: 359.792 J
    - PID 4113399 → pkg: 0 J, dram: 362.261 J, total: 362.261 J
    - PID 4113499 → pkg: 220.446 J, dram: 382.339 J, total: 602.785 J
    - PID 20298 → pkg: 0 J, dram: 0 J, total: 0 J
    - PID 20396 → pkg: 4427.27 J, dram: 596.253 J, total: 5023.523 J
    - PID 20457 → pkg: 4430.56 J, dram: 596.586 J, total: 5027.146 J
    - PID 20458 → pkg: 7824.05 J, dram: 1079.27 J, total: 8903.32 J
    - PID 20459 → pkg: 0 J, dram: 249.438 J, total: 249.438 J
    - PID 20461 → pkg: 0 J, dram: 250.136 J, total: 250.136 J
    - PID 20567 → pkg: 163.89 J, dram: 261.35 J, total: 425.24 J
    - PID 20659 → pkg: 7891.32 J, dram: 1081.99 J, total: 8973.31 J
    - PID 42281 → pkg: 0 J, dram: 0 J, total: 0 J
    - PID 42492 → pkg: 0 J, dram: 0 J, total: 0 J
    - PID 42589 → pkg: 12284.1 J, dram: 1917.11 J, total: 14201.21 J
    - PID 42590 → pkg: 13907.9 J, dram: 2222.95 J, total: 16130.85 J
    - PID 42591 → pkg: 0 J, dram: 514.667 J, total: 514.667 J
    - PID 42592 → pkg: 12252.5 J, dram: 1915.36 J, total: 14167.86 J
    - PID 42593 → pkg: 0 J, dram: 507.118 J, total: 507.118 J
    - PID 42684 → pkg: 7778.81 J, dram: 1073.15 J, total: 8851.96 J
    - PID 42742 → pkg: 12187.1 J, dram: 1915.8 J, total: 14102.9 J
    - PID 42749 → pkg: 274.734 J, dram: 550.232 J, total: 824.966 J
    - PID 42854 → pkg: 0 J, dram: 246.445 J, total: 246.445 J
    - PID 42856 → pkg: 7795.12 J, dram: 1076.92 J, total: 8872.04 J
    - PID 42858 → pkg: 0 J, dram: 247.427 J, total: 247.427 J
    - PID 42860 → pkg: 7770.16 J, dram: 1069.07 J, total: 8839.23 J
    - PID 42967 → pkg: 12338.3 J, dram: 1914.08 J, total: 14252.38 J
    - PID 43099 → pkg: 132.767 J, dram: 258.549 J, total: 391.316 J
    - PID 43207 → pkg: 7849.03 J, dram: 1081.39 J, total: 8930.42 J
    - PID 452242 → pkg: 0 J, dram: 0 J, total: 0 J
    - PID 452433 → pkg: 4389.23 J, dram: 613.819 J, total: 5003.049 J
    - PID 452516 → pkg: 0 J, dram: 291.766 J, total: 291.766 J
    - PID 452517 → pkg: 4325.47 J, dram: 611.999 J, total: 4937.469 J
    - PID 452518 → pkg: 0 J, dram: 298.11 J, total: 298.11 J
    - PID 452519 → pkg: 8365.98 J, dram: 1309.96 J, total: 9675.94 J
    - PID 452637 → pkg: 4323.68 J, dram: 612.196 J, total: 4935.876 J
    - PID 452639 → pkg: 141.072 J, dram: 315.626 J, total: 456.698 J
    - PID 452731 → pkg: 4297.61 J, dram: 611.485 J, total: 4909.095 J
    - PID 579031 → pkg: 0 J, dram: 0 J, total: 0 J
    - PID 579228 → pkg: 7965.87 J, dram: 1314.53 J, total: 9280.40 J
    - PID 579381 → pkg: 8102.86 J, dram: 1314.42 J, total: 9417.28 J
    - PID 579382 → pkg: 0 J, dram: 293.832 J, total: 293.832 J
    - PID 579384 → pkg: 8050.84 J, dram: 1313.39 J, total: 9364.23 J
    - PID 579385 → pkg: 0 J, dram: 295.148 J, total: 295.148 J
    - PID 579386 → pkg: 8081.8 J, dram: 1316.65 J, total: 9398.45 J
    - PID 579559 → pkg: 7967.36 J, dram: 1311.95 J, total: 9279.31 J
    - PID 579561 → pkg: 177.795 J, dram: 321.732 J, total: 499.527 J
    - PID 579839 → pkg: 8107.76 J, dram: 1313.27 J, total: 9421.03 J
    - PID 624355 → pkg: 0 J, dram: 0 J, total: 0 J
    - PID 624665 → pkg: 8006.05 J, dram: 1301.89 J, total: 9307.94 J
    - PID 624875 → pkg: 7925.93 J, dram: 1302.16 J, total: 9228.09 J
    - PID 624879 → pkg: 0 J, dram: 297.239 J, total: 297.239 J
    - PID 624881 → pkg: 7915.63 J, dram: 1301.35 J, total: 9216.98 J
    - PID 624882 → pkg: 0 J, dram: 301.225 J, total: 301.225 J
    - PID 624883 → pkg: 4170.78 J, dram: 659.102 J, total: 4829.882 J
    - PID 625150 → pkg: 8033.28 J, dram: 1306.3 J, total: 9339.58 J
    - PID 625158 → pkg: 131.038 J, dram: 314.874 J, total: 445.912 J
    - PID 625390 → pkg: 7865.36 J, dram: 1300.78 J, total: 9166.14 J
    - PID 765822 → pkg: 0 J, dram: 0 J, total: 0 J
    - PID 766090 → pkg: 128932 J, dram: 3912.79 J, total: 132844.79 J
    - PID 766233 → pkg: 122661 J, dram: 2749.61 J, total: 125410.61 J
    - PID 766234 → pkg: 121901 J, dram: 2750.65 J, total: 124651.65 J
    - PID 766235 → pkg: 0 J, dram: 897.527 J, total: 897.527 J
    - PID 766236 → pkg: 130610 J, dram: 3908.24 J, total: 134518.24 J
    - PID 766237 → pkg: 0 J, dram: 901.704 J, total: 901.704 J
    - PID 766238 → pkg: 126843 J, dram: 3907.75 J, total: 130750.75 J
    - PID 766354 → pkg: 127394 J, dram: 3904.72 J, total: 131298.72 J
    - PID 766357 → pkg: 406.496 J, dram: 957.255 J, total: 1363.751 J
    - PID 766579 → pkg: 128460 J, dram: 3904.31 J, total: 132364.31 J
    - PID 1195167 → pkg: 0 J, dram: 0 J, total: 0 J
    - PID 1195648 → pkg: 1860.72 J, dram: 275.606 J, total: 2136.326 J
    - PID 1195751 → pkg: 1811.14 J, dram: 269.311 J, total: 2080.451 J
    - PID 1195752 → pkg: 1849.86 J, dram: 275.014 J, total: 2124.874 J
    - PID 1195753 → pkg: 0 J, dram: 69.4813 J, total: 69.4813 J
    - PID 1195754 → pkg: 1814 J, dram: 269.305 J, total: 2083.305 J
    - PID 1195755 → pkg: 0 J, dram: 68.9491 J, total: 68.9491 J
    - PID 1195756 → pkg: 1812.02 J, dram: 269.121 J, total: 2081.141 J
    - PID 1195995 → pkg: 1839.25 J, dram: 274.891 J, total: 2114.141 J
    - PID 1195998 → pkg: 58.244 J, dram: 73.752 J, total: 131.996 J
    - PID 1285717 → pkg: 0 J, dram: 0 J, total: 0 J
    - PID 1286119 → pkg: 132142 J, dram: 648.028 J, total: 132790.028 J
    - PID 1286122 → pkg: 0 J, dram: 405.308 J, total: 405.308 J
    - PID 1286124 → pkg: 145028 J, dram: 1780.41 J, total: 146808.41 J
    - PID 1286126 → pkg: 0 J, dram: 400.107 J, total: 400.107 J
    - PID 1286128 → pkg: 138794 J, dram: 1782.97 J, total: 140576.97 J
    - PID 1286347 → pkg: 141734 J, dram: 1781.7 J, total: 143515.7 J
    - PID 1286352 → pkg: 197.459 J, dram: 432.884 J, total: 630.343 J
    - PID 1286565 → pkg: 109833 J, dram: 646.692 J, total: 110479.692 J
    - PID 1335343 → pkg: 0 J, dram: 0 J, total: 0 J
    - PID 1335866 → pkg: 0 J, dram: 290.825 J, total: 290.825 J
    - PID 1335867 → pkg: 121458 J, dram: 662.815 J, total: 122120.815 J
    - PID 1335868 → pkg: 0 J, dram: 291.274 J, total: 291.274 J
    - PID 1335869 → pkg: 128069 J, dram: 1262 J, total: 129331 J
    - PID 1336155 → pkg: 128458 J, dram: 1260.91 J, total: 129718.91 J
    - PID 1336157 → pkg: 146.957 J, dram: 308.344 J, total: 455.301 J
    - PID 1336437 → pkg: 126432 J, dram: 662.034 J, total: 127094.034 J
    - PID 1391260 → pkg: 0 J, dram: 0 J, total: 0 J
    - PID 1391391 → pkg: 143113 J, dram: 1696.3 J, total: 144809.3 J
    - PID 1391508 → pkg: 139757 J, dram: 1342.08 J, total: 141099.08 J
    - PID 1391509 → pkg: 135873 J, dram: 649.685 J, total: 136522.685 J
    - PID 1391510 → pkg: 0 J, dram: 404.069 J, total: 404.069 J
    - PID 1391511 → pkg: 141417 J, dram: 1696.92 J, total: 143113.92 J
    - PID 1391512 → pkg: 0 J, dram: 397.885 J, total: 397.885 J
    - PID 1391513 → pkg: 139478 J, dram: 1340.84 J, total: 140818.84 J
    - PID 1391635 → pkg: 142553 J, dram: 1686.21 J, total: 144239.21 J
    - PID 1391640 → pkg: 27372.9 J, dram: 421.59 J, total: 27794.49 J
    - PID 1391814 → pkg: 143418 J, dram: 1694.13 J, total: 145112.13 J
    - PID 1404911 → pkg: 0 J, dram: 0 J, total: 0 J
    - PID 1405136 → pkg: 110174 J, dram: 661.256 J, total: 110835.256 J
    - PID 1405335 → pkg: 117919 J, dram: 1542.14 J, total: 119461.14 J
    - PID 1405338 → pkg: 110166 J, dram: 660.493 J, total: 110826.493 J
    - PID 1405340 → pkg: 0 J, dram: 354.123 J, total: 354.123 J
    - PID 1405341 → pkg: 110262 J, dram: 660.169 J, total: 110922.169 J
    - PID 1405342 → pkg: 0 J, dram: 355.675 J, total: 355.675 J
    - PID 1405343 → pkg: 110801 J, dram: 659.7 J, total: 111460.7 J
    - PID 1405597 → pkg: 114368 J, dram: 1390.92 J, total: 115758.92 J
    - PID 1405599 → pkg: 197.728 J, dram: 374.846 J, total: 572.574 J
    - PID 1405743 → pkg: 117122 J, dram: 1532.86 J, total: 118654.86 J
    - PID 2123043 → pkg: 0 J, dram: 0 J, total: 0 J
    - PID 2123267 → pkg: 4262.63 J, dram: 661.586 J, total: 4924.216 J
    - PID 2123413 → pkg: 4259.61 J, dram: 661.407 J, total: 4921.017 J
    - PID 2123414 → pkg: 4276.4 J, dram: 661.064 J, total: 4937.464 J
    - PID 2123415 → pkg: 0 J, dram: 158.494 J, total: 158.494 J
    - PID 2123416 → pkg: 4263.57 J, dram: 661.312 J, total: 4924.882 J
    - PID 2123418 → pkg: 0 J, dram: 317.96 J, total: 317.96 J
    - PID 2123420 → pkg: 4187.28 J, dram: 661.513 J, total: 4848.793 J
    - PID 2123632 → pkg: 4191.39 J, dram: 661.439 J, total: 4852.829 J
    - PID 2123640 → pkg: 174.804 J, dram: 342.665 J, total: 517.469 J
    - PID 2123817 → pkg: 4206.24 J, dram: 660.94 J, total: 4867.18 J
    - PID 2328410 → pkg: 0 J, dram: 0 J, total: 0 J
    - PID 2328805 → pkg: 8250.05 J, dram: 1395.76 J, total: 9645.81 J
    - PID 2328972 → pkg: 3933.75 J, dram: 683.134 J, total: 4616.884 J
    - PID 2328977 → pkg: 3933.45 J, dram: 682.175 J, total: 4615.625 J
    - PID 2328978 → pkg: 0 J, dram: 389.267 J, total: 389.267 J
    - PID 2328979 → pkg: 10337.9 J, dram: 1720.67 J, total: 12058.57 J
    - PID 2328980 → pkg: 0 J, dram: 396.597 J, total: 396.597 J
    - PID 2328982 → pkg: 10341.2 J, dram: 1721.25 J, total: 12062.45 J
    - PID 2329167 → pkg: 10271.2 J, dram: 1716.44 J, total: 11987.64 J
    - PID 2329173 → pkg: 196.83 J, dram: 422.743 J, total: 619.573 J
    - PID 2329313 → pkg: 8191.21 J, dram: 1393.63 J, total: 9584.84 J
    - PID 2365786 → pkg: 0 J, dram: 0 J, total: 0 J
    - PID 2366378 → pkg: 4233.65 J, dram: 679.859 J, total: 4913.509 J
    - PID 2366381 → pkg: 4172.8 J, dram: 679.444 J, total: 4852.244 J
    - PID 2366383 → pkg: 0 J, dram: 160.672 J, total: 160.672 J
    - PID 2366385 → pkg: 4191.26 J, dram: 679.575 J, total: 4870.835 J
    - PID 2366388 → pkg: 0 J, dram: 163.875 J, total: 163.875 J
    - PID 2366389 → pkg: 4156.33 J, dram: 679.739 J, total: 4836.069 J
    - PID 2366681 → pkg: 4261.93 J, dram: 679.345 J, total: 4941.275 J
    - PID 2366684 → pkg: 75.2666 J, dram: 175.627 J, total: 250.8936 J
    - PID 2366947 → pkg: 4137.1 J, dram: 678.55 J, total: 4815.65 J
    - PID 2424560 → pkg: 0 J, dram: 0 J, total: 0 J
    - PID 2424822 → pkg: 14013.2 J, dram: 2386.36 J, total: 16399.56 J
    - PID 2424955 → pkg: 14130.2 J, dram: 2392.48 J, total: 16522.68 J
    - PID 2424956 → pkg: 0 J, dram: 544.056 J, total: 544.056 J
    - PID 2424957 → pkg: 7641.69 J, dram: 1356.4 J, total: 8998.09 J
    - PID 2424958 → pkg: 0 J, dram: 541.048 J, total: 541.048 J
    - PID 2424959 → pkg: 7604.62 J, dram: 1355.95 J, total: 8960.57 J
    - PID 2425254 → pkg: 7618.39 J, dram: 1355.73 J, total: 8974.12 J
    - PID 2425259 → pkg: 301.009 J, dram: 587.016 J, total: 888.025 J
    - PID 2425466 → pkg: 14011.1 J, dram: 2388.77 J, total: 16399.87 J
    - PID 2959262 → pkg: 0 J, dram: 0 J, total: 0 J
    - PID 2959563 → pkg: 4227.58 J, dram: 643.865 J, total: 4871.445 J
    - PID 2959718 → pkg: 7785.37 J, dram: 1235.17 J, total: 9020.54 J
    - PID 2959719 → pkg: 0 J, dram: 287.664 J, total: 287.664 J
    - PID 2959721 → pkg: 7837.08 J, dram: 1234.8 J, total: 9071.88 J
    - PID 2959722 → pkg: 0 J, dram: 282.333 J, total: 282.333 J
    - PID 2959725 → pkg: 7721.34 J, dram: 1235.06 J, total: 8956.40 J
    - PID 2959883 → pkg: 7708.97 J, dram: 1233.79 J, total: 8942.76 J
    - PID 2959885 → pkg: 151.228 J, dram: 300.797 J, total: 452.025 J
    - PID 2959978 → pkg: 7812.51 J, dram: 1233.31 J, total: 9045.82 J
    - PID 3032280 → pkg: 0 J, dram: 0 J, total: 0 J
    - PID 3032503 → pkg: 7249.22 J, dram: 1150.07 J, total: 8399.29 J
    - PID 3032505 → pkg: 0 J, dram: 265.919 J, total: 265.919 J
    - PID 3032506 → pkg: 7303.09 J, dram: 1149.32 J, total: 8452.41 J
    - PID 3032507 → pkg: 0 J, dram: 258.259 J, total: 258.259 J
    - PID 3032508 → pkg: 7296.95 J, dram: 1148.71 J, total: 8445.66 J
    - PID 3032665 → pkg: 7185.45 J, dram: 1148.27 J, total: 8333.72 J
    - PID 3032668 → pkg: 133.418 J, dram: 282.174 J, total: 415.592 J
    - PID 3032814 → pkg: 7196.08 J, dram: 1148.53 J, total: 8344.61 J
    - PID 3199861 → pkg: 0 J, dram: 0 J, total: 0 J
    - PID 3200212 → pkg: 11626.9 J, dram: 1974.05 J, total: 13600.95 J
    - PID 3200214 → pkg: 0 J, dram: 598.256 J, total: 598.256 J
    - PID 3200215 → pkg: 4097.51 J, dram: 667.166 J, total: 4764.676 J
    - PID 3200217 → pkg: 0 J, dram: 609.115 J, total: 609.115 J
    - PID 3200478 → pkg: 11725.8 J, dram: 1972.48 J, total: 13698.28 J
    - PID 3200481 → pkg: 296.225 J, dram: 644.663 J, total: 940.888 J
    - PID 3200676 → pkg: 11687.4 J, dram: 1972.34 J, total: 13659.74 J
    - PID 3358661 → pkg: 0 J, dram: 0 J, total: 0 J
    - PID 3358848 → pkg: 7741.45 J, dram: 1188.67 J, total: 8930.12 J
    - PID 3359030 → pkg: 7621.81 J, dram: 1188.43 J, total: 8810.24 J
    - PID 3359033 → pkg: 7748.95 J, dram: 1187.79 J, total: 8936.74 J
    - PID 3359034 → pkg: 0 J, dram: 272.858 J, total: 272.858 J
    - PID 3359035 → pkg: 7727.24 J, dram: 1188.64 J, total: 8915.88 J
    - PID 3359036 → pkg: 0 J, dram: 270.084 J, total: 270.084 J
    - PID 3359037 → pkg: 7717.52 J, dram: 1188.03 J, total: 8905.55 J
    - PID 3359293 → pkg: 7648.26 J, dram: 1187.04 J, total: 8835.30 J
    - PID 3359297 → pkg: 146.343 J, dram: 290.804 J, total: 437.147 J
    - PID 3704149 → pkg: 0 J, dram: 0 J, total: 0 J
    - PID 3704458 → pkg: 4344.56 J, dram: 631.49 J, total: 4976.05 J
    - PID 3704616 → pkg: 4334.51 J, dram: 629.954 J, total: 4964.464 J
    - PID 3704617 → pkg: 0 J, dram: 292.371 J, total: 292.371 J
    - PID 3704618 → pkg: 8592.81 J, dram: 1299.95 J, total: 9892.76 J
    - PID 3704619 → pkg: 0 J, dram: 296.141 J, total: 296.141 J
    - PID 3704620 → pkg: 4322.92 J, dram: 629.728 J, total: 4952.648 J
    - PID 3704816 → pkg: 8373.61 J, dram: 1293.41 J, total: 9667.02 J
    - PID 3704820 → pkg: 154.046 J, dram: 312.446 J, total: 466.492 J
    - PID 3704935 → pkg: 8390.18 J, dram: 1292.77 J, total: 9682.95 J
    - PID 3744112 → pkg: 0 J, dram: 0 J, total: 0 J
    - PID 3744447 → pkg: 8574.26 J, dram: 1276.52 J, total: 9850.78 J
    - PID 3744448 → pkg: 8664.23 J, dram: 1281.77 J, total: 9946.00 J
    - PID 3744449 → pkg: 0 J, dram: 289.008 J, total: 289.008 J
    - PID 3744450 → pkg: 8549.55 J, dram: 1276.46 J, total: 9826.01 J
    - PID 3744451 → pkg: 0 J, dram: 288.145 J, total: 288.145 J
    - PID 3744452 → pkg: 4229.5 J, dram: 623.701 J, total: 4853.201 J
    - PID 3744618 → pkg: 8386.63 J, dram: 1281.12 J, total: 9667.75 J
    - PID 3744620 → pkg: 172.062 J, dram: 313.031 J, total: 485.093 J
    - PID 3744796 → pkg: 8353.08 J, dram: 1279.74 J, total: 9632.82 J
    - PID 3841449 → pkg: 0 J, dram: 0 J, total: 0 J
    - PID 3841889 → pkg: 13279 J, dram: 2057.69 J, total: 15336.69 J
    - PID 3841891 → pkg: 0 J, dram: 476.693 J, total: 476.693 J
    - PID 3841894 → pkg: 8208.63 J, dram: 1271.55 J, total: 9480.18 J
    - PID 3841895 → pkg: 0 J, dram: 481.796 J, total: 481.796 J
    - PID 3841896 → pkg: 13020.6 J, dram: 2058.12 J, total: 15078.72 J
    - PID 3842014 → pkg: 12956.3 J, dram: 2063.54 J, total: 15019.84 J
    - PID 3842022 → pkg: 246.714 J, dram: 504.133 J, total: 750.847 J
    - PID 3842234 → pkg: 13374.4 J, dram: 2062.18 J, total: 15436.58 J
    - PID 4095370 → pkg: 0 J, dram: 0 J, total: 0 J
    - PID 4095653 → pkg: 7809.95 J, dram: 1179.66 J, total: 8989.61 J
    - PID 4095768 → pkg: 0 J, dram: 269.323 J, total: 269.323 J
    - PID 4095769 → pkg: 7795.39 J, dram: 1178.69 J, total: 8974.08 J
    - PID 4095771 → pkg: 0 J, dram: 268.914 J, total: 268.914 J
    - PID 4095772 → pkg: 7920.87 J, dram: 1178.09 J, total: 9098.96 J
    - PID 4095971 → pkg: 7616.49 J, dram: 1177.69 J, total: 8794.18 J
    - PID 4095974 → pkg: 143.35 J, dram: 289.58 J, total: 432.93 J
    - PID 4096115 → pkg: 7641.7 J, dram: 1176.44 J, total: 8818.14 J
    - PID 282332 → pkg: 0 J, dram: 0 J, total: 0 J
    - PID 282535 → pkg: 19287.8 J, dram: 3227.18 J, total: 22514.98 J
    - PID 282633 → pkg: 19231.7 J, dram: 3227.12 J, total: 22458.82 J
    - PID 282634 → pkg: 19369.4 J, dram: 3224.87 J, total: 22594.27 J
    - PID 282635 → pkg: 0 J, dram: 758.609 J, total: 758.609 J
    - PID 282636 → pkg: 19558.7 J, dram: 3228.74 J, total: 22787.44 J
    - PID 282638 → pkg: 0 J, dram: 744.209 J, total: 744.209 J
    - PID 282640 → pkg: 19263.4 J, dram: 3224.11 J, total: 22487.51 J
    - PID 282801 → pkg: 19223.1 J, dram: 3222.01 J, total: 22445.11 J
    - PID 282803 → pkg: 411.103 J, dram: 799.632 J, total: 1210.735 J
    - PID 282976 → pkg: 19243 J, dram: 3222.08 J, total: 22465.08 J
    - PID 316732 → pkg: 0 J, dram: 0 J, total: 0 J
    - PID 317159 → pkg: 4244.49 J, dram: 651.589 J, total: 4896.079 J
    - PID 317161 → pkg: 0 J, dram: 304.18 J, total: 304.18 J
    - PID 317162 → pkg: 4342.22 J, dram: 652.087 J, total: 4994.307 J
    - PID 317163 → pkg: 0 J, dram: 306.574 J, total: 306.574 J
    - PID 317164 → pkg: 4260.53 J, dram: 651.258 J, total: 4911.788 J
    - PID 317330 → pkg: 4259.67 J, dram: 652.109 J, total: 4911.779 J
    - PID 317334 → pkg: 167.991 J, dram: 328.17 J, total: 496.161 J
    - PID 317533 → pkg: 4269.32 J, dram: 651.712 J, total: 4921.032 J
    - PID 551409 → pkg: 0 J, dram: 0 J, total: 0 J
    - PID 551691 → pkg: 4070.18 J, dram: 670.295 J, total: 4740.475 J
    - PID 551692 → pkg: 8260.8 J, dram: 1378.96 J, total: 9639.76 J
    - PID 551693 → pkg: 0 J, dram: 318.068 J, total: 318.068 J
    - PID 551694 → pkg: 8274.96 J, dram: 1377.83 J, total: 9652.79 J
    - PID 551695 → pkg: 0 J, dram: 309.684 J, total: 309.684 J
    - PID 551696 → pkg: 8222.3 J, dram: 1379.7 J, total: 9602.0 J
    - PID 551903 → pkg: 4131.33 J, dram: 670.292 J, total: 4801.622 J
    - PID 551905 → pkg: 180.434 J, dram: 332.446 J, total: 512.880 J
    - PID 552107 → pkg: 4187.53 J, dram: 670.21 J, total: 4857.74 J
    - PID 592638 → pkg: 0 J, dram: 0 J, total: 0 J
    - PID 592914 → pkg: 15277.8 J, dram: 2517.37 J, total: 17795.17 J
    - PID 593057 → pkg: 11347.8 J, dram: 2004.05 J, total: 13351.85 J
    - PID 593062 → pkg: 11470.6 J, dram: 2005.2 J, total: 13475.8 J
    - PID 593064 → pkg: 0 J, dram: 582.846 J, total: 582.846 J
    - PID 593066 → pkg: 11523.4 J, dram: 2003.15 J, total: 13526.55 J
    - PID 593067 → pkg: 0 J, dram: 585.467 J, total: 585.467 J
    - PID 593068 → pkg: 15139.8 J, dram: 2514.8 J, total: 17654.6 J
    - PID 593288 → pkg: 15079.1 J, dram: 2514.1 J, total: 17593.2 J
    - PID 593295 → pkg: 298.69 J, dram: 614.003 J, total: 912.693 J
    - PID 593494 → pkg: 15276.9 J, dram: 2512.98 J, total: 17789.88 J
    - PID 876879 → pkg: 0 J, dram: 0 J, total: 0 J
    - PID 877206 → pkg: 8353.48 J, dram: 1333.91 J, total: 9687.39 J
    - PID 877210 → pkg: 4175.9 J, dram: 675.33 J, total: 4851.23 J
    - PID 877212 → pkg: 0 J, dram: 410.148 J, total: 410.148 J
    - PID 877214 → pkg: 11682.2 J, dram: 1823.96 J, total: 13506.16 J
    - PID 877215 → pkg: 0 J, dram: 422.935 J, total: 422.935 J
    - PID 877217 → pkg: 11583.9 J, dram: 1823.96 J, total: 13407.86 J
    - PID 877443 → pkg: 11533.5 J, dram: 1822.91 J, total: 13356.41 J
    - PID 877449 → pkg: 238.962 J, dram: 443.728 J, total: 682.690 J
    - PID 877629 → pkg: 11526.6 J, dram: 1822.64 J, total: 13349.24 J
    - PID 1147751 → pkg: 0 J, dram: 0 J, total: 0 J
    - PID 1147989 → pkg: 4272.57 J, dram: 656.563 J, total: 4929.133 J
    - PID 1148157 → pkg: 0 J, dram: 260.099 J, total: 260.099 J
    - PID 1148161 → pkg: 0 J, dram: 257.953 J, total: 257.953 J
    - PID 1148364 → pkg: 7419.02 J, dram: 1150.12 J, total: 8569.14 J
    - PID 1148369 → pkg: 169.251 J, dram: 278.037 J, total: 447.288 J
    - PID 1148490 → pkg: 4269.56 J, dram: 654.798 J, total: 4924.358 J

🧪 Task: NFCORE_RANGELAND_RANGELAND_PREPROCESSING_FORCE_GENERATE_ANALYSI
  • Total Package Energy (J): 0
  • Total DRAM Energy (J):    0
  • Total Combined Energy (J): 0
  • Pods involved:  nf-6e6637cb24abfcb22032c4471da6b8e1-3bfb9
  • Per-PID Energy Breakdown:
    - PID 2046390 → pkg: 0 J, dram: 0 J, total: 0 J

🧪 Task: NFCORE_RANGELAND_RANGELAND_HIGHER_LEVEL_FORCE_PYRAMID_X0110_Y0
  • Total Package Energy (J): 0
  • Total DRAM Energy (J):    0
  • Total Combined Energy (J): 0
  • Pods involved:  nf-1d5243b984e4cea66eab5709b1d7aa8b-43cf3 nf-1eaf1b70e556ca178f4a339e53b0951c-1d10d nf-1ef67c6b4ddc081cd24f7c1ad9527aeb-f57c6 nf-2738026b34107f52eb71db68b6426b01-4cf96 nf-318f609e2cf6944cf90796e4cc606bf0-fa688 nf-3b7cbcdbc2eb384725ac8488db94c3d4-79398 nf-42f12dc8eb0856b848dbb75dee65e25f-70621 nf-50cdfe3751a07ea660196f396b141590-99479 nf-7f6f55006b8277a54e2568697d4e7daa-44254 nf-83259ac88155fc4988cf8258d4561761-a20d4 nf-8706cbe6b24dd4d8cc71f1f057c79bc2-8b13f nf-b2264817cdc70a890370e27dd209de0c-cfafc nf-c33c71b3e55960f9d62520f6e9299015-2e76a nf-ceb9a0e8add1f05eb0f6940d2c5acace-12669 nf-e0c1d97146321f04211926e0781d5a49-64b5c nf-e99636dd6f37345e97898ee220bfae4c-ea11b nf-efe637e560032df341abc6cea779822d-926d5 nf-f36a997092cf92353fb062bfd881ed11-135a1
  • Per-PID Energy Breakdown:
    - PID 3960363 → pkg: 0 J, dram: 0 J, total: 0 J
    - PID 3972830 → pkg: 0 J, dram: 0 J, total: 0 J
    - PID 3983342 → pkg: 0 J, dram: 0 J, total: 0 J
    - PID 3983703 → pkg: 0 J, dram: 0 J, total: 0 J
    - PID 3983765 → pkg: 0 J, dram: 0 J, total: 0 J
    - PID 3984049 → pkg: 0 J, dram: 0 J, total: 0 J
    - PID 3984050 → pkg: 0 J, dram: 0 J, total: 0 J
    - PID 3984051 → pkg: 0 J, dram: 0 J, total: 0 J
    - PID 3984052 → pkg: 0 J, dram: 0 J, total: 0 J
    - PID 3984053 → pkg: 0 J, dram: 0 J, total: 0 J
    - PID 3984054 → pkg: 0 J, dram: 0 J, total: 0 J
    - PID 3984210 → pkg: 0 J, dram: 0 J, total: 0 J
    - PID 3984212 → pkg: 0 J, dram: 0 J, total: 0 J
    - PID 3984337 → pkg: 0 J, dram: 0 J, total: 0 J
    - PID 3984349 → pkg: 0 J, dram: 0 J, total: 0 J
    - PID 3984510 → pkg: 0 J, dram: 0 J, total: 0 J
    - PID 4020225 → pkg: 0 J, dram: 0 J, total: 0 J
    - PID 4034777 → pkg: 0 J, dram: 0 J, total: 0 J
    - PID 4063846 → pkg: 0 J, dram: 0 J, total: 0 J
    - PID 4064095 → pkg: 0 J, dram: 0 J, total: 0 J
    - PID 4064320 → pkg: 0 J, dram: 0 J, total: 0 J
    - PID 4064321 → pkg: 0 J, dram: 0 J, total: 0 J
    - PID 4064322 → pkg: 0 J, dram: 0 J, total: 0 J
    - PID 4064323 → pkg: 0 J, dram: 0 J, total: 0 J
    - PID 4064324 → pkg: 0 J, dram: 0 J, total: 0 J
    - PID 4064325 → pkg: 0 J, dram: 0 J, total: 0 J
    - PID 4064555 → pkg: 0 J, dram: 0 J, total: 0 J
    - PID 4064558 → pkg: 0 J, dram: 0 J, total: 0 J
    - PID 4064577 → pkg: 0 J, dram: 0 J, total: 0 J
    - PID 4064622 → pkg: 0 J, dram: 0 J, total: 0 J
    - PID 4064972 → pkg: 0 J, dram: 0 J, total: 0 J
    - PID 4064976 → pkg: 0 J, dram: 0 J, total: 0 J
    - PID 3678574 → pkg: 0 J, dram: 0 J, total: 0 J
    - PID 3678747 → pkg: 0 J, dram: 0 J, total: 0 J
    - PID 3708591 → pkg: 0 J, dram: 0 J, total: 0 J
    - PID 3708705 → pkg: 0 J, dram: 0 J, total: 0 J
    - PID 3736515 → pkg: 0 J, dram: 0 J, total: 0 J
    - PID 3761024 → pkg: 0 J, dram: 0 J, total: 0 J
    - PID 3879204 → pkg: 0 J, dram: 0 J, total: 0 J
    - PID 3928866 → pkg: 0 J, dram: 0 J, total: 0 J
    - PID 3954752 → pkg: 0 J, dram: 0 J, total: 0 J
    - PID 3966870 → pkg: 0 J, dram: 0 J, total: 0 J
    - PID 3977947 → pkg: 0 J, dram: 0 J, total: 0 J
    - PID 3978283 → pkg: 0 J, dram: 0 J, total: 0 J

🧪 Task: NFCORE_RANGELAND_RANGELAND_PREPROCESSING_MERGE_BOA_X0107_Y0103
  • Total Package Energy (J): 445.5614
  • Total DRAM Energy (J):    1436.243
  • Total Combined Energy (J): 1881.8044
  • Pods involved:  nf-25214f9a2fff8c673f4a153853c1f859-d91ca
  • Per-PID Energy Breakdown:
    - PID 1903836 → pkg: 0 J, dram: 0 J, total: 0 J
    - PID 1905203 → pkg: 0 J, dram: 290.608 J, total: 290.608 J
    - PID 1905206 → pkg: 292.901 J, dram: 356.885 J, total: 649.786 J
    - PID 1905208 → pkg: 0 J, dram: 200.437 J, total: 200.437 J
    - PID 1905214 → pkg: 107.349 J, dram: 351.546 J, total: 458.895 J
    - PID 1905638 → pkg: 45.3114 J, dram: 236.767 J, total: 282.0784 J
    - PID 2029303 → pkg: 0 J, dram: 0 J, total: 0 J
    - PID 2029316 → pkg: 0 J, dram: 0 J, total: 0 J

🧪 Task: NFCORE_RANGELAND_RANGELAND_PREPROCESSING_MERGE_BOA_X0107_Y0102
  • Total Package Energy (J): 1221.0181
  • Total DRAM Energy (J):    253.33093
  • Total Combined Energy (J): 1474.34903
  • Pods involved:  nf-4f24de543ba276a3fdafdc690f474ce5-09bf8
  • Per-PID Energy Breakdown:
    - PID 2401518 → pkg: 69.281 J, dram: 17.7952 J, total: 87.0762 J
    - PID 2401525 → pkg: 32.6917 J, dram: 7.81061 J, total: 40.50231 J
    - PID 2404745 → pkg: 163.603 J, dram: 33.3421 J, total: 196.9451 J
    - PID 2404762 → pkg: 65.8893 J, dram: 15.5173 J, total: 81.4066 J
    - PID 2439459 → pkg: 0 J, dram: 0 J, total: 0 J
    - PID 2442034 → pkg: 0 J, dram: 0 J, total: 0 J
    - PID 2442050 → pkg: 0 J, dram: 0 J, total: 0 J
    - PID 2462862 → pkg: 0 J, dram: 0 J, total: 0 J
    - PID 2518234 → pkg: 163.015 J, dram: 31.8581 J, total: 194.8731 J
    - PID 2518250 → pkg: 168.206 J, dram: 30.51 J, total: 198.716 J
    - PID 2539080 → pkg: 163.801 J, dram: 32.4742 J, total: 196.2752 J
    - PID 2539101 → pkg: 165.139 J, dram: 30.1631 J, total: 195.3021 J
    - PID 2585142 → pkg: 0 J, dram: 0 J, total: 0 J
    - PID 2603642 → pkg: 0 J, dram: 0 J, total: 0 J
    - PID 2603660 → pkg: 0 J, dram: 0 J, total: 0 J
    - PID 2620050 → pkg: 0 J, dram: 0 J, total: 0 J
    - PID 2620071 → pkg: 0 J, dram: 0 J, total: 0 J
    - PID 2622584 → pkg: 32.8106 J, dram: 7.63654 J, total: 40.44714 J
    - PID 2622596 → pkg: 34.7949 J, dram: 8.62884 J, total: 43.42374 J
    - PID 2640952 → pkg: 31.9498 J, dram: 7.60173 J, total: 39.55153 J
    - PID 2640990 → pkg: 64.3776 J, dram: 15.0729 J, total: 79.4505 J
    - PID 2642628 → pkg: 32.8085 J, dram: 7.47416 J, total: 40.28266 J
    - PID 2642639 → pkg: 32.6507 J, dram: 7.44615 J, total: 40.09685 J
    - PID 2664736 → pkg: 0 J, dram: 0 J, total: 0 J
    - PID 2664799 → pkg: 0 J, dram: 0 J, total: 0 J

🧪 Task: NFCORE_RANGELAND_RANGELAND_PREPROCESSING_MERGE_BOA_X0107_Y0101
  • Total Package Energy (J): 0
  • Total DRAM Energy (J):    483.1228
  • Total Combined Energy (J): 483.1228
  • Pods involved:  nf-974df6a96b9758cefa68b4a140716176-a3c47
  • Per-PID Energy Breakdown:
    - PID 1905863 → pkg: 0 J, dram: 0 J, total: 0 J
    - PID 1905864 → pkg: 0 J, dram: 95.8309 J, total: 95.8309 J
    - PID 1905866 → pkg: 0 J, dram: 102.206 J, total: 102.206 J
    - PID 1905868 → pkg: 0 J, dram: 62.6564 J, total: 62.6564 J
    - PID 1906202 → pkg: 0 J, dram: 96.2055 J, total: 96.2055 J
    - PID 1906651 → pkg: 0 J, dram: 126.224 J, total: 126.224 J

🧪 Task: NFCORE_RANGELAND_RANGELAND_HIGHER_LEVEL_FORCE_PYRAMID_X0109_Y0
  • Total Package Energy (J): 366.8364
  • Total DRAM Energy (J):    25.54788
  • Total Combined Energy (J): 392.38428
  • Pods involved:  nf-044a59d8f437431fa7108b61546119f5-aa9b3 nf-0497bdf7efd0cf6d26dee8072b184063-19b67 nf-093a6b0d298f7c690c39b3bea5222879-d2a01 nf-13b5648e057f0e2507c0b412faf66fa7-20f94 nf-15c8efd389b6002280f84fd989bdd984-ea218 nf-17370ef0e8071cbc7fc0b88ddd500d87-4aa19 nf-1c3881b53db6ad53392b0cb82c01aa26-e7917 nf-315fcc6cc80df0da07f1a51abff8f2cf-ce412 nf-39679524a4c7b9857d68340caa6924a4-30917 nf-4562543ad7bfcc62c1329344b8dcb3cb-6cccf nf-547b055e035fb781fcba70909c67b1be-91626 nf-54b5605e9f5fb3d93cf378ccf66f5ce4-9ec6d nf-5e5af386beeee8450843f2a63294d2ee-cf71d nf-62383d944608e70a665b2ffac5cf5442-bf5d8 nf-6b17902523de9271c5933d0a24fdd08c-5f8c5 nf-6df3a98882ca07c0f7946b41bc1989b5-ac2f2 nf-75fdc6746d5affc67e6d9c0e24a70582-28bfd nf-93d9143fb54b077bf3ac89f62623c8a9-d3b64 nf-a917461b4220262bdf54a3cda2d86154-5826d nf-aaed904fa80926b4f5f567124412c11c-07da2 nf-adfabf3fdf9a595ad8c7f8fd4438d401-7b3e9 nf-b4f15b1521107b493bc0ab912a4ad2f5-ed31e nf-bb57ddb7cc71f576bbdf7f04cf914c19-832cd nf-c3e99e3ff6870d133478516eb466d81f-e0af2 nf-c66fa0737620640224525523ef2613b2-a2882 nf-ca734447f08d5d7610c91f952f76d6e4-8018b nf-eaed9a704e5e3b8ef674517363ef51fc-d24a5 nf-f03db25bd641d777446267fa145008ef-df817
  • Per-PID Energy Breakdown:
    - PID 3382460 → pkg: 0 J, dram: 0 J, total: 0 J
    - PID 3490004 → pkg: 0 J, dram: 0 J, total: 0 J
    - PID 3490704 → pkg: 0 J, dram: 0 J, total: 0 J
    - PID 3516228 → pkg: 0 J, dram: 0 J, total: 0 J
    - PID 3816833 → pkg: 0 J, dram: 0 J, total: 0 J
    - PID 3829924 → pkg: 0 J, dram: 0 J, total: 0 J
    - PID 4005732 → pkg: 0 J, dram: 0 J, total: 0 J
    - PID 4005901 → pkg: 0 J, dram: 0 J, total: 0 J
    - PID 4016171 → pkg: 0 J, dram: 0 J, total: 0 J
    - PID 4017649 → pkg: 0 J, dram: 0 J, total: 0 J
    - PID 4017892 → pkg: 0 J, dram: 0 J, total: 0 J
    - PID 4017893 → pkg: 0 J, dram: 0 J, total: 0 J
    - PID 4017894 → pkg: 0 J, dram: 0 J, total: 0 J
    - PID 4017895 → pkg: 0 J, dram: 0 J, total: 0 J
    - PID 4017896 → pkg: 0 J, dram: 0 J, total: 0 J
    - PID 4017969 → pkg: 0 J, dram: 0 J, total: 0 J
    - PID 4018403 → pkg: 0 J, dram: 0 J, total: 0 J
    - PID 4018652 → pkg: 0 J, dram: 0 J, total: 0 J
    - PID 4018656 → pkg: 0 J, dram: 0 J, total: 0 J
    - PID 4020694 → pkg: 0 J, dram: 0 J, total: 0 J
    - PID 4065260 → pkg: 0 J, dram: 0 J, total: 0 J
    - PID 4111194 → pkg: 0 J, dram: 0 J, total: 0 J
    - PID 74733 → pkg: 0 J, dram: 0 J, total: 0 J
    - PID 134226 → pkg: 0 J, dram: 0 J, total: 0 J
    - PID 134438 → pkg: 0 J, dram: 0 J, total: 0 J
    - PID 134441 → pkg: 0 J, dram: 0 J, total: 0 J
    - PID 134498 → pkg: 0 J, dram: 0 J, total: 0 J
    - PID 134508 → pkg: 0 J, dram: 0 J, total: 0 J
    - PID 134547 → pkg: 0 J, dram: 0 J, total: 0 J
    - PID 3305752 → pkg: 0 J, dram: 0 J, total: 0 J
    - PID 3307029 → pkg: 0 J, dram: 0 J, total: 0 J
    - PID 3307154 → pkg: 0 J, dram: 0 J, total: 0 J
    - PID 3307395 → pkg: 0 J, dram: 0 J, total: 0 J
    - PID 3595267 → pkg: 0 J, dram: 0 J, total: 0 J
    - PID 3658011 → pkg: 0 J, dram: 0 J, total: 0 J
    - PID 3686033 → pkg: 0 J, dram: 0 J, total: 0 J
    - PID 3929015 → pkg: 0 J, dram: 0 J, total: 0 J
    - PID 3929218 → pkg: 0 J, dram: 0 J, total: 0 J
    - PID 3941547 → pkg: 0 J, dram: 0 J, total: 0 J
    - PID 3941638 → pkg: 36.344 J, dram: 2.45473 J, total: 38.79873 J
    - PID 3941776 → pkg: 36.6615 J, dram: 2.2005 J, total: 38.8620 J
    - PID 3941777 → pkg: 37.0873 J, dram: 2.26859 J, total: 39.35589 J
    - PID 3941778 → pkg: 0 J, dram: 1.12212 J, total: 1.12212 J
    - PID 3941779 → pkg: 36.7602 J, dram: 2.20896 J, total: 38.96916 J
    - PID 3941780 → pkg: 0 J, dram: 1.01141 J, total: 1.01141 J
    - PID 3941781 → pkg: 37.1552 J, dram: 2.29951 J, total: 39.45471 J
    - PID 3941914 → pkg: 36.6324 J, dram: 2.36479 J, total: 38.99719 J
    - PID 3941918 → pkg: 0 J, dram: 1.13244 J, total: 1.13244 J
    - PID 3941928 → pkg: 36.6916 J, dram: 2.26511 J, total: 38.95671 J
    - PID 3941965 → pkg: 36.5485 J, dram: 2.05844 J, total: 38.60694 J
    - PID 3942213 → pkg: 36.7058 J, dram: 2.21025 J, total: 38.91605 J
    - PID 3942230 → pkg: 36.2499 J, dram: 1.95103 J, total: 38.20093 J
    - PID 3978471 → pkg: 0 J, dram: 0 J, total: 0 J
    - PID 3980296 → pkg: 0 J, dram: 0 J, total: 0 J
    - PID 4175362 → pkg: 0 J, dram: 0 J, total: 0 J

🧪 Task: NFCORE_RANGELAND_RANGELAND_PREPROCESSING_FORCE_GENERATE_TILE_AL
  • Total Package Energy (J): 95.4796
  • Total DRAM Energy (J):    11.97182
  • Total Combined Energy (J): 107.45142
  • Pods involved:  nf-bcda77affee0ddd5d37692ffb5d1a074-80a1e
  • Per-PID Energy Breakdown:
    - PID 600605 → pkg: 0 J, dram: 0 J, total: 0 J
    - PID 600639 → pkg: 15.3501 J, dram: 1.91849 J, total: 17.26859 J
    - PID 600657 → pkg: 15.9216 J, dram: 1.7566 J, total: 17.6782 J
    - PID 600658 → pkg: 16.3964 J, dram: 1.65653 J, total: 18.05293 J
    - PID 600659 → pkg: 0 J, dram: 1.18122 J, total: 1.18122 J
    - PID 600660 → pkg: 16.1013 J, dram: 1.57208 J, total: 17.67338 J
    - PID 600661 → pkg: 0 J, dram: 1.1524 J, total: 1.1524 J
    - PID 600662 → pkg: 16.0999 J, dram: 1.47978 J, total: 17.57968 J
    - PID 600682 → pkg: 0 J, dram: 0 J, total: 0 J
    - PID 600684 → pkg: 15.6103 J, dram: 1.25472 J, total: 16.86502 J

🧪 Task: NFCORE_RANGELAND_RANGELAND_PREPROCESSING_MERGE_QAI_X0107_Y0102
  • Total Package Energy (J): 48510.219
  • Total DRAM Energy (J):    4104.4622
  • Total Combined Energy (J): 52614.6812
  • Pods involved:  nf-add83acf8800175ba5c568fbeb370e2b-9b85f
  • Per-PID Energy Breakdown:
    - PID 2310142 → pkg: 206.725 J, dram: 52.314 J, total: 259.039 J
    - PID 2310162 → pkg: 143.521 J, dram: 33.5629 J, total: 177.0839 J
    - PID 2310195 → pkg: 245.503 J, dram: 56.9897 J, total: 302.4927 J
    - PID 2310227 → pkg: 252.487 J, dram: 54.608 J, total: 307.095 J
    - PID 2348383 → pkg: 0 J, dram: 0 J, total: 0 J
    - PID 2389522 → pkg: 769.29 J, dram: 123.979 J, total: 893.269 J
    - PID 2390026 → pkg: 615.772 J, dram: 105.253 J, total: 721.025 J
    - PID 2474796 → pkg: 711.586 J, dram: 110.426 J, total: 822.012 J
    - PID 2474824 → pkg: 681.377 J, dram: 105.882 J, total: 787.259 J
    - PID 2567588 → pkg: 978.609 J, dram: 143.721 J, total: 1122.330 J
    - PID 2645147 → pkg: 749.16 J, dram: 90.6083 J, total: 839.7683 J
    - PID 2645179 → pkg: 776.792 J, dram: 94.1758 J, total: 870.9678 J
    - PID 2659894 → pkg: 855.326 J, dram: 94.2091 J, total: 949.5351 J
    - PID 2659915 → pkg: 821.714 J, dram: 89.3065 J, total: 911.0205 J
    - PID 2716840 → pkg: 620.182 J, dram: 57.3274 J, total: 677.5094 J
    - PID 2716857 → pkg: 618.888 J, dram: 56.7218 J, total: 675.6098 J
    - PID 2733666 → pkg: 645.176 J, dram: 56.7775 J, total: 701.9535 J
    - PID 2733685 → pkg: 645.177 J, dram: 56.1773 J, total: 701.3543 J
    - PID 2760844 → pkg: 609.334 J, dram: 48.7929 J, total: 658.1269 J
    - PID 2760863 → pkg: 608.511 J, dram: 48.1855 J, total: 656.6965 J
    - PID 2773024 → pkg: 626.793 J, dram: 49.5053 J, total: 676.2983 J
    - PID 2773029 → pkg: 625.598 J, dram: 48.9554 J, total: 674.5534 J
    - PID 2790010 → pkg: 602.219 J, dram: 43.8994 J, total: 646.1184 J
    - PID 2790036 → pkg: 601.3 J, dram: 43.4192 J, total: 644.7192 J
    - PID 2797410 → pkg: 601.792 J, dram: 42.2748 J, total: 644.0668 J
    - PID 2797421 → pkg: 601.97 J, dram: 41.8301 J, total: 643.8001 J
    - PID 2810491 → pkg: 434.334 J, dram: 30.7285 J, total: 465.0625 J
    - PID 2810507 → pkg: 435.096 J, dram: 30.4004 J, total: 465.4964 J
    - PID 2814218 → pkg: 431.313 J, dram: 30.8113 J, total: 462.1243 J
    - PID 2814229 → pkg: 430.214 J, dram: 30.4811 J, total: 460.6951 J
    - PID 2826679 → pkg: 494.335 J, dram: 35.1344 J, total: 529.4694 J
    - PID 2826711 → pkg: 494.235 J, dram: 34.7601 J, total: 528.9951 J
    - PID 2830896 → pkg: 525.091 J, dram: 37.5518 J, total: 562.6428 J
    - PID 2830904 → pkg: 525.275 J, dram: 37.1529 J, total: 562.4279 J
    - PID 2842734 → pkg: 580.364 J, dram: 42.0084 J, total: 622.3724 J
    - PID 2842753 → pkg: 580.217 J, dram: 41.5714 J, total: 621.7884 J
    - PID 2849313 → pkg: 510.112 J, dram: 37.779 J, total: 547.891 J
    - PID 2849322 → pkg: 510.775 J, dram: 37.3556 J, total: 548.1306 J
    - PID 2860326 → pkg: 573.228 J, dram: 42.0583 J, total: 615.2863 J
    - PID 2860338 → pkg: 573.044 J, dram: 41.582 J, total: 614.626 J
    - PID 2868156 → pkg: 514.678 J, dram: 37.598 J, total: 552.276 J
    - PID 2868161 → pkg: 515.353 J, dram: 37.2024 J, total: 552.5554 J
    - PID 2878770 → pkg: 581.888 J, dram: 42.2609 J, total: 624.1489 J
    - PID 2878780 → pkg: 581.458 J, dram: 41.8587 J, total: 623.3167 J
    - PID 2886366 → pkg: 546.097 J, dram: 39.7297 J, total: 585.8267 J
    - PID 2886382 → pkg: 547.306 J, dram: 39.3187 J, total: 586.6247 J
    - PID 2896968 → pkg: 610.077 J, dram: 44.0278 J, total: 654.1048 J
    - PID 2896973 → pkg: 610.049 J, dram: 43.5351 J, total: 653.5841 J
    - PID 2905633 → pkg: 614.805 J, dram: 43.998 J, total: 658.803 J
    - PID 2905645 → pkg: 614.907 J, dram: 43.5187 J, total: 658.4257 J
    - PID 2916219 → pkg: 619.258 J, dram: 43.9391 J, total: 663.1971 J
    - PID 2916224 → pkg: 618.424 J, dram: 43.4503 J, total: 661.8743 J
    - PID 2925533 → pkg: 623.969 J, dram: 45.3839 J, total: 669.3529 J
    - PID 2925552 → pkg: 658.004 J, dram: 45.9366 J, total: 703.9406 J
    - PID 2935159 → pkg: 625.233 J, dram: 44.2456 J, total: 669.4786 J
    - PID 2935168 → pkg: 623.752 J, dram: 43.7614 J, total: 667.5134 J
    - PID 2945037 → pkg: 487.277 J, dram: 34.8942 J, total: 522.1712 J
    - PID 2945054 → pkg: 485.424 J, dram: 34.5283 J, total: 519.9523 J
    - PID 2952926 → pkg: 620.911 J, dram: 43.8812 J, total: 664.7922 J
    - PID 2952931 → pkg: 621.202 J, dram: 43.4294 J, total: 664.6314 J
    - PID 2964509 → pkg: 528.468 J, dram: 38.6392 J, total: 567.1072 J
    - PID 2964514 → pkg: 529.44 J, dram: 36.9316 J, total: 566.3716 J
    - PID 2971116 → pkg: 622.981 J, dram: 44.0491 J, total: 667.0301 J
    - PID 2971123 → pkg: 623.41 J, dram: 43.5699 J, total: 666.9799 J
    - PID 2983778 → pkg: 592.061 J, dram: 41.4951 J, total: 633.5561 J
    - PID 2983797 → pkg: 591.907 J, dram: 41.049 J, total: 632.956 J
    - PID 2989706 → pkg: 654.209 J, dram: 45.8596 J, total: 700.0686 J
    - PID 2989715 → pkg: 653.291 J, dram: 45.3787 J, total: 698.6697 J
    - PID 3003222 → pkg: 636.561 J, dram: 45.6488 J, total: 682.2098 J
    - PID 3003235 → pkg: 638.866 J, dram: 45.1716 J, total: 684.0376 J
    - PID 3009726 → pkg: 510.426 J, dram: 36.6254 J, total: 547.0514 J
    - PID 3009731 → pkg: 508.881 J, dram: 36.2287 J, total: 545.1097 J
    - PID 3022934 → pkg: 522.044 J, dram: 36.7418 J, total: 558.7858 J
    - PID 3022939 → pkg: 522.486 J, dram: 36.3471 J, total: 558.8331 J
    - PID 3027668 → pkg: 486.979 J, dram: 34.5582 J, total: 521.5372 J
    - PID 3027673 → pkg: 487.02 J, dram: 34.2033 J, total: 521.2233 J
    - PID 3041522 → pkg: 588.546 J, dram: 41.183 J, total: 629.729 J
    - PID 3041538 → pkg: 591.039 J, dram: 40.7468 J, total: 631.7858 J
    - PID 3045010 → pkg: 492.228 J, dram: 34.5765 J, total: 526.8045 J
    - PID 3045022 → pkg: 492.498 J, dram: 34.2035 J, total: 526.7015 J
    - PID 3060553 → pkg: 617.903 J, dram: 43.2954 J, total: 661.1984 J
    - PID 3060562 → pkg: 618.073 J, dram: 42.8175 J, total: 660.8905 J
    - PID 3062463 → pkg: 485.55 J, dram: 34.5555 J, total: 520.1055 J
    - PID 3062471 → pkg: 486.432 J, dram: 34.1807 J, total: 520.6127 J
    - PID 3078681 → pkg: 498.226 J, dram: 30.9804 J, total: 529.2064 J
    - PID 3078693 → pkg: 498.187 J, dram: 30.6507 J, total: 528.8377 J
    - PID 3092536 → pkg: 0 J, dram: 0 J, total: 0 J
    - PID 3092593 → pkg: 0 J, dram: 0 J, total: 0 J

🧪 Task: NFCORE_RANGELAND_RANGELAND_PREPROCESSING_MERGE_QAI_X0107_Y0103
  • Total Package Energy (J): 30762.4689
  • Total DRAM Energy (J):    4147.32225
  • Total Combined Energy (J): 34909.79115
  • Pods involved:  nf-aab4750463286213c2bcba9f124b34b2-f921c
  • Per-PID Energy Breakdown:
    - PID 2070368 → pkg: 0 J, dram: 0 J, total: 0 J
    - PID 2070370 → pkg: 0 J, dram: 0 J, total: 0 J
    - PID 2070382 → pkg: 0 J, dram: 0 J, total: 0 J
    - PID 2104191 → pkg: 69.9228 J, dram: 12.9941 J, total: 82.9169 J
    - PID 2144070 → pkg: 157.558 J, dram: 31.8794 J, total: 189.4374 J
    - PID 2144089 → pkg: 126.747 J, dram: 25.1319 J, total: 151.8789 J
    - PID 2221207 → pkg: 0 J, dram: 0 J, total: 0 J
    - PID 2233083 → pkg: 139.307 J, dram: 36.8374 J, total: 176.1444 J
    - PID 2270204 → pkg: 832.46 J, dram: 153.148 J, total: 985.608 J
    - PID 2353520 → pkg: 1057.18 J, dram: 184.942 J, total: 1242.122 J
    - PID 2353543 → pkg: 1070.54 J, dram: 184.059 J, total: 1254.599 J
    - PID 2438041 → pkg: 864.504 J, dram: 164.035 J, total: 1028.539 J
    - PID 2463882 → pkg: 1048.47 J, dram: 184.769 J, total: 1233.239 J
    - PID 2463911 → pkg: 1051.18 J, dram: 179.96 J, total: 1231.14 J
    - PID 2528532 → pkg: 969.231 J, dram: 165.883 J, total: 1135.114 J
    - PID 2528554 → pkg: 998.423 J, dram: 171.107 J, total: 1169.530 J
    - PID 2561598 → pkg: 1058.52 J, dram: 174.845 J, total: 1233.365 J
    - PID 2561629 → pkg: 1092.19 J, dram: 175.072 J, total: 1267.262 J
    - PID 2631010 → pkg: 939.517 J, dram: 146.689 J, total: 1086.206 J
    - PID 2631029 → pkg: 955.669 J, dram: 145.02 J, total: 1100.689 J
    - PID 2670674 → pkg: 910.948 J, dram: 135.23 J, total: 1046.178 J
    - PID 2670701 → pkg: 891.656 J, dram: 133.284 J, total: 1024.940 J
    - PID 2729252 → pkg: 767.129 J, dram: 107.094 J, total: 874.223 J
    - PID 2729277 → pkg: 778.353 J, dram: 106.141 J, total: 884.494 J
    - PID 2757106 → pkg: 915.657 J, dram: 119.476 J, total: 1035.133 J
    - PID 2757132 → pkg: 915.372 J, dram: 118.116 J, total: 1033.488 J
    - PID 2808256 → pkg: 747.656 J, dram: 83.8372 J, total: 831.4932 J
    - PID 2808273 → pkg: 745.151 J, dram: 82.8713 J, total: 828.0223 J
    - PID 2828844 → pkg: 889.791 J, dram: 92.2756 J, total: 982.0666 J
    - PID 2828866 → pkg: 887.273 J, dram: 91.3672 J, total: 978.6402 J
    - PID 2860900 → pkg: 917.644 J, dram: 88.3931 J, total: 1006.0371 J
    - PID 2860908 → pkg: 919.828 J, dram: 87.4582 J, total: 1007.2862 J
    - PID 2877351 → pkg: 838.567 J, dram: 80.7442 J, total: 919.3112 J
    - PID 2877362 → pkg: 836.101 J, dram: 79.9166 J, total: 916.0176 J
    - PID 2905692 → pkg: 746.529 J, dram: 72.1056 J, total: 818.6346 J
    - PID 2905701 → pkg: 747.224 J, dram: 71.3428 J, total: 818.5668 J
    - PID 2920397 → pkg: 917.598 J, dram: 87.5626 J, total: 1005.1606 J
    - PID 2920410 → pkg: 712.92 J, dram: 67.8372 J, total: 780.7572 J
    - PID 2947938 → pkg: 837.51 J, dram: 79.9417 J, total: 917.4517 J
    - PID 2947963 → pkg: 839.169 J, dram: 79.1475 J, total: 918.3165 J
    - PID 2963515 → pkg: 745.184 J, dram: 70.2747 J, total: 815.4587 J
    - PID 2963535 → pkg: 742.207 J, dram: 69.5411 J, total: 811.7481 J
    - PID 3003690 → pkg: 40.8728 J, dram: 3.5135 J, total: 44.3863 J
    - PID 3003772 → pkg: 40.7103 J, dram: 3.47935 J, total: 44.18965 J

🧪 Task: NFCORE_RANGELAND_RANGELAND_PREPROCESSING_MERGE_QAI_X0107_Y0101
  • Total Package Energy (J): 8819.7865
  • Total DRAM Energy (J):    1488.93391
  • Total Combined Energy (J): 10308.72041
  • Pods involved:  nf-a906b6e95319feda55828d297a4e4a79-8a097
  • Per-PID Energy Breakdown:
    - PID 1957627 → pkg: 102.98 J, dram: 17.9975 J, total: 120.9775 J
    - PID 2102565 → pkg: 57.5008 J, dram: 8.84527 J, total: 66.34607 J
    - PID 2147563 → pkg: 118.639 J, dram: 36.0467 J, total: 154.6857 J
    - PID 2217402 → pkg: 28.1177 J, dram: 5.42324 J, total: 33.54094 J
    - PID 2245953 → pkg: 492.985 J, dram: 86.5499 J, total: 579.5349 J
    - PID 2302696 → pkg: 899.812 J, dram: 159.785 J, total: 1059.597 J
    - PID 2350783 → pkg: 1018.24 J, dram: 179.912 J, total: 1198.152 J
    - PID 2436334 → pkg: 975.904 J, dram: 176.535 J, total: 1152.439 J
    - PID 2436427 → pkg: 1009.75 J, dram: 169.78 J, total: 1179.53 J
    - PID 2584494 → pkg: 995.348 J, dram: 171.123 J, total: 1166.471 J
    - PID 2584518 → pkg: 1055.42 J, dram: 166.937 J, total: 1222.357 J
    - PID 2642060 → pkg: 928.463 J, dram: 140.662 J, total: 1069.125 J
    - PID 2642087 → pkg: 935.038 J, dram: 139.852 J, total: 1074.890 J
    - PID 2743361 → pkg: 100.476 J, dram: 14.8094 J, total: 115.2854 J
    - PID 2743446 → pkg: 101.113 J, dram: 14.6759 J, total: 115.7889 J

🧪 Task: NFCORE_RANGELAND_RANGELAND_PREPROCESSING_MERGE_BOA_X0105_Y0103
  • Total Package Energy (J): 256.8509
  • Total DRAM Energy (J):    897.727
  • Total Combined Energy (J): 1154.5779
  • Pods involved:  nf-48e4ef82db8440cecb250c6b91b51a6f-071cb
  • Per-PID Energy Breakdown:
    - PID 2098637 → pkg: 0 J, dram: 277.184 J, total: 277.184 J
    - PID 2099861 → pkg: 74.7449 J, dram: 227.371 J, total: 302.1159 J
    - PID 2099864 → pkg: 182.106 J, dram: 249.382 J, total: 431.488 J
    - PID 2099994 → pkg: 0 J, dram: 143.79 J, total: 143.79 J

🧪 Task: NFCORE_RANGELAND_RANGELAND_PREPROCESSING_MERGE_BOA_X0105_Y0102
  • Total Package Energy (J): 667.5475
  • Total DRAM Energy (J):    1104.92559
  • Total Combined Energy (J): 1772.47309
  • Pods involved:  nf-6f442f1688568af257cce59f6f2c155e-6625c
  • Per-PID Energy Breakdown:
    - PID 2095549 → pkg: 93.1855 J, dram: 251.143 J, total: 344.3285 J
    - PID 2096549 → pkg: 128.462 J, dram: 267.01 J, total: 395.472 J
    - PID 2096554 → pkg: 0 J, dram: 147.579 J, total: 147.579 J
    - PID 2096555 → pkg: 356.182 J, dram: 269.564 J, total: 625.746 J
    - PID 2096656 → pkg: 57.738 J, dram: 162.96 J, total: 220.698 J
    - PID 2218572 → pkg: 31.98 J, dram: 6.66959 J, total: 38.64959 J

🧪 Task: NFCORE_RANGELAND_RANGELAND_PREPROCESSING_MERGE_BOA_X0111_Y0102
  • Total Package Energy (J): 2363.2958
  • Total DRAM Energy (J):    1992.539
  • Total Combined Energy (J): 4355.8348
  • Pods involved:  nf-1627387c117eada6f5a59699c14c44e8-af7fc
  • Per-PID Energy Breakdown:
    - PID 2056618 → pkg: 68.4148 J, dram: 331.227 J, total: 399.6418 J
    - PID 2058850 → pkg: 850.337 J, dram: 438.723 J, total: 1289.060 J
    - PID 2058851 → pkg: 222.009 J, dram: 331.444 J, total: 553.453 J
    - PID 2058853 → pkg: 486.25 J, dram: 349.004 J, total: 835.254 J
    - PID 2058854 → pkg: 0 J, dram: 184.788 J, total: 184.788 J
    - PID 2058855 → pkg: 736.285 J, dram: 357.353 J, total: 1093.638 J

🧪 Task: NFCORE_RANGELAND_RANGELAND_PREPROCESSING_MERGE_BOA_X0111_Y0101
  • Total Package Energy (J): 734.1167
  • Total DRAM Energy (J):    762.518
  • Total Combined Energy (J): 1496.6347
  • Pods involved:  nf-416d56300f71cb467f7a457e5e1384c1-297be
  • Per-PID Energy Breakdown:
    - PID 2281666 → pkg: 0 J, dram: 0 J, total: 0 J
    - PID 2293797 → pkg: 121.274 J, dram: 200.365 J, total: 321.639 J
    - PID 2293801 → pkg: 0 J, dram: 115.274 J, total: 115.274 J
    - PID 2293882 → pkg: 231.847 J, dram: 142.47 J, total: 374.317 J
    - PID 2293884 → pkg: 86.2167 J, dram: 122.727 J, total: 208.9437 J
    - PID 2293924 → pkg: 294.779 J, dram: 181.682 J, total: 476.461 J

🧪 Task: NFCORE_RANGELAND_RANGELAND_PREPROCESSING_MERGE_BOA_X0104_Y0102
  • Total Package Energy (J): 6.62447
  • Total DRAM Energy (J):    402.98265
  • Total Combined Energy (J): 409.60712
  • Pods involved:  nf-205f10bdac9c195543aa4bd37404c9f3-f9a1d
  • Per-PID Energy Breakdown:
    - PID 2099347 → pkg: 0 J, dram: 63.467 J, total: 63.467 J
    - PID 2099352 → pkg: 0 J, dram: 94.0969 J, total: 94.0969 J
    - PID 2099354 → pkg: 6.62447 J, dram: 4.33475 J, total: 10.95922 J
    - PID 2099480 → pkg: 0 J, dram: 124.498 J, total: 124.498 J
    - PID 2099483 → pkg: 0 J, dram: 116.586 J, total: 116.586 J

🧪 Task: NFCORE_RANGELAND_RANGELAND_PREPROCESSING_MERGE_BOA_X0104_Y0103
  • Total Package Energy (J): 98.23623
  • Total DRAM Energy (J):    274.74616
  • Total Combined Energy (J): 372.98239
  • Pods involved:  nf-cdd077f58cc9e3ab90d2bb6e6db38c92-d34f6
  • Per-PID Energy Breakdown:
    - PID 1902776 → pkg: 0 J, dram: 0 J, total: 0 J
    - PID 1902993 → pkg: 44.9981 J, dram: 68.1157 J, total: 113.1138 J
    - PID 1903999 → pkg: 46.4412 J, dram: 68.8274 J, total: 115.2686 J
    - PID 1904005 → pkg: 6.79693 J, dram: 4.92206 J, total: 11.71899 J
    - PID 1904248 → pkg: 0 J, dram: 132.881 J, total: 132.881 J

🧪 Task: NFCORE_RANGELAND_RANGELAND_PREPROCESSING_MERGE_BOA_X0108_Y0101
  • Total Package Energy (J): 138.7796
  • Total DRAM Energy (J):    389.2110
  • Total Combined Energy (J): 527.9906
  • Pods involved:  nf-9ec7c63e83dc73eec6ef9b2948db6b74-d104d
  • Per-PID Energy Breakdown:
    - PID 1901137 → pkg: 0 J, dram: 0 J, total: 0 J
    - PID 1901308 → pkg: 74.3751 J, dram: 123.796 J, total: 198.1711 J
    - PID 1902199 → pkg: 0 J, dram: 91.1838 J, total: 91.1838 J
    - PID 1902200 → pkg: 0 J, dram: 87.6683 J, total: 87.6683 J
    - PID 1902201 → pkg: 64.4045 J, dram: 86.5629 J, total: 150.9674 J

🧪 Task: NFCORE_RANGELAND_RANGELAND_PREPROCESSING_MERGE_BOA_X0108_Y0102
  • Total Package Energy (J): 1547.8205
  • Total DRAM Energy (J):    393.73380
  • Total Combined Energy (J): 1941.55430
  • Pods involved:  nf-efc1754d5db70f35fc5d030dbaa2bb58-e12f5
  • Per-PID Energy Breakdown:
    - PID 2266327 → pkg: 31.5174 J, dram: 8.09334 J, total: 39.61074 J
    - PID 2266357 → pkg: 0 J, dram: 0 J, total: 0 J
    - PID 2279266 → pkg: 0 J, dram: 0 J, total: 0 J
    - PID 2294932 → pkg: 29.8892 J, dram: 8.3022 J, total: 38.1914 J
    - PID 2294974 → pkg: 0 J, dram: 0 J, total: 0 J
    - PID 2314024 → pkg: 33.6108 J, dram: 10.2301 J, total: 43.8409 J
    - PID 2314045 → pkg: 0 J, dram: 0 J, total: 0 J
    - PID 2333017 → pkg: 61.9084 J, dram: 17.4111 J, total: 79.3195 J
    - PID 2346279 → pkg: 0 J, dram: 0 J, total: 0 J
    - PID 2346334 → pkg: 0 J, dram: 0 J, total: 0 J
    - PID 2352585 → pkg: 86.9151 J, dram: 23.0765 J, total: 109.9916 J
    - PID 2363690 → pkg: 31.9681 J, dram: 9.18826 J, total: 41.15636 J
    - PID 2363698 → pkg: 30.7303 J, dram: 8.59 J, total: 39.3203 J
    - PID 2382017 → pkg: 62.6347 J, dram: 15.9097 J, total: 78.5444 J
    - PID 2382066 → pkg: 62.5406 J, dram: 16.0153 J, total: 78.5559 J
    - PID 2400671 → pkg: 99.4248 J, dram: 24.2994 J, total: 123.7242 J
    - PID 2400710 → pkg: 62.2871 J, dram: 15.0254 J, total: 77.3125 J
    - PID 2411095 → pkg: 0 J, dram: 0 J, total: 0 J
    - PID 2411122 → pkg: 26.4787 J, dram: 8.64663 J, total: 35.12533 J
    - PID 2419112 → pkg: 119.372 J, dram: 28.6178 J, total: 147.9898 J
    - PID 2419133 → pkg: 63.1709 J, dram: 15.8493 J, total: 79.0202 J
    - PID 2429652 → pkg: 63.1801 J, dram: 16.1825 J, total: 79.3626 J
    - PID 2429674 → pkg: 60.8792 J, dram: 16.3033 J, total: 77.1825 J
    - PID 2448384 → pkg: 147.403 J, dram: 36.1233 J, total: 183.5263 J
    - PID 2448413 → pkg: 122.107 J, dram: 28.8388 J, total: 150.9458 J
    - PID 2470995 → pkg: 0 J, dram: 0 J, total: 0 J
    - PID 2473089 → pkg: 29.5718 J, dram: 8.40191 J, total: 37.97371 J
    - PID 2473144 → pkg: 0 J, dram: 0 J, total: 0 J
    - PID 2491340 → pkg: 28.6613 J, dram: 9.45098 J, total: 38.11228 J
    - PID 2491348 → pkg: 30.3913 J, dram: 8.54758 J, total: 38.93888 J
    - PID 2494267 → pkg: 60.4862 J, dram: 19.1074 J, total: 79.5936 J
    - PID 2494309 → pkg: 60.9765 J, dram: 16.1517 J, total: 77.1282 J
    - PID 2514426 → pkg: 82.7956 J, dram: 15.2818 J, total: 98.0774 J
    - PID 2514586 → pkg: 58.9204 J, dram: 10.0895 J, total: 69.0099 J

🧪 Task: NFCORE_RANGELAND_RANGELAND_PREPROCESSING_MERGE_BOA_X0108_Y0103
  • Total Package Energy (J): 320.5231
  • Total DRAM Energy (J):    1457.8457
  • Total Combined Energy (J): 1778.3688
  • Pods involved:  nf-a8e60755920bc150429cc25d80f8c1df-1db2f
  • Per-PID Energy Breakdown:
    - PID 1906976 → pkg: 0 J, dram: 259.275 J, total: 259.275 J
    - PID 1908386 → pkg: 49.7219 J, dram: 65.6217 J, total: 115.3436 J
    - PID 1908388 → pkg: 66.9713 J, dram: 270.195 J, total: 337.1663 J
    - PID 1908389 → pkg: 0 J, dram: 185.037 J, total: 185.037 J
    - PID 1908391 → pkg: 174.028 J, dram: 154.508 J, total: 328.536 J
    - PID 1908393 → pkg: 0 J, dram: 176.86 J, total: 176.86 J
    - PID 1908395 → pkg: 29.8019 J, dram: 346.349 J, total: 376.1509 J

🧪 Task: NFCORE_RANGELAND_RANGELAND_PREPROCESSING_MERGE_QAI_X0103_Y0102
  • Total Package Energy (J): 16129.8194
  • Total DRAM Energy (J):    2545.43089
  • Total Combined Energy (J): 18675.25029
  • Pods involved:  nf-78ad3edb6fb62b57f14b806267d0c92c-9aeb2
  • Per-PID Energy Breakdown:
    - PID 1908418 → pkg: 0 J, dram: 0 J, total: 0 J
    - PID 1954893 → pkg: 0 J, dram: 0 J, total: 0 J
    - PID 1990181 → pkg: 0 J, dram: 0 J, total: 0 J
    - PID 2102306 → pkg: 0 J, dram: 0 J, total: 0 J
    - PID 2140921 → pkg: 46.5834 J, dram: 6.78939 J, total: 53.37279 J
    - PID 2140951 → pkg: 130.41 J, dram: 31.2575 J, total: 161.6675 J
    - PID 2251726 → pkg: 745.436 J, dram: 132.248 J, total: 877.684 J
    - PID 2267642 → pkg: 740.686 J, dram: 133.722 J, total: 874.408 J
    - PID 2320997 → pkg: 788.044 J, dram: 138.075 J, total: 926.119 J
    - PID 2406555 → pkg: 973.49 J, dram: 165.74 J, total: 1139.23 J
    - PID 2496526 → pkg: 1057.1 J, dram: 177.67 J, total: 1234.77 J
    - PID 2496539 → pkg: 1037.96 J, dram: 171.074 J, total: 1209.034 J
    - PID 2522559 → pkg: 1028.39 J, dram: 178.29 J, total: 1206.68 J
    - PID 2522577 → pkg: 1016.48 J, dram: 174.598 J, total: 1191.078 J
    - PID 2598625 → pkg: 982.01 J, dram: 157.102 J, total: 1139.112 J
    - PID 2598652 → pkg: 1001.85 J, dram: 156.49 J, total: 1158.34 J
    - PID 2634523 → pkg: 1016.63 J, dram: 156.409 J, total: 1173.039 J
    - PID 2634542 → pkg: 1020.96 J, dram: 154.643 J, total: 1175.603 J
    - PID 2702685 → pkg: 900.537 J, dram: 127.95 J, total: 1028.487 J
    - PID 2702698 → pkg: 939.546 J, dram: 131.449 J, total: 1070.995 J
    - PID 2735893 → pkg: 743.49 J, dram: 105.153 J, total: 848.643 J
    - PID 2735917 → pkg: 731.473 J, dram: 101.47 J, total: 832.943 J
    - PID 2792067 → pkg: 614.392 J, dram: 73.0047 J, total: 687.3967 J
    - PID 2792107 → pkg: 614.352 J, dram: 72.2963 J, total: 686.6483 J

🧪 Task: NFCORE_RANGELAND_RANGELAND_PREPROCESSING_MERGE_QAI_X0103_Y0103
  • Total Package Energy (J): 29468.6355
  • Total DRAM Energy (J):    3836.57558
  • Total Combined Energy (J): 33305.21108
  • Pods involved:  nf-118dd6a1f98f077357d35299f4b26201-ccc56
  • Per-PID Energy Breakdown:
    - PID 2103657 → pkg: 60.3161 J, dram: 11.4936 J, total: 71.8097 J
    - PID 2103771 → pkg: 73.9035 J, dram: 14.6619 J, total: 88.5654 J
    - PID 2139964 → pkg: 156.287 J, dram: 29.8622 J, total: 186.1492 J
    - PID 2145094 → pkg: 201.573 J, dram: 42.9818 J, total: 244.5548 J
    - PID 2145247 → pkg: 173.821 J, dram: 40.6037 J, total: 214.4247 J
    - PID 2186561 → pkg: 0 J, dram: 0 J, total: 0 J
    - PID 2186604 → pkg: 47.7969 J, dram: 6.97348 J, total: 54.77038 J
    - PID 2189153 → pkg: 0 J, dram: 0 J, total: 0 J
    - PID 2189360 → pkg: 0 J, dram: 0 J, total: 0 J
    - PID 2226115 → pkg: 0 J, dram: 0 J, total: 0 J
    - PID 2226386 → pkg: 0 J, dram: 0 J, total: 0 J
    - PID 2226410 → pkg: 0 J, dram: 0 J, total: 0 J
    - PID 2356459 → pkg: 759.344 J, dram: 135.041 J, total: 894.385 J
    - PID 2431810 → pkg: 929.883 J, dram: 162.081 J, total: 1091.964 J
    - PID 2443602 → pkg: 1054.98 J, dram: 179.069 J, total: 1234.049 J
    - PID 2511203 → pkg: 1059.73 J, dram: 177.393 J, total: 1237.123 J
    - PID 2511229 → pkg: 1061.43 J, dram: 181.831 J, total: 1243.261 J
    - PID 2537473 → pkg: 1006.64 J, dram: 173.621 J, total: 1180.261 J
    - PID 2537515 → pkg: 990.278 J, dram: 166.283 J, total: 1156.561 J
    - PID 2617979 → pkg: 1007.97 J, dram: 167.524 J, total: 1175.494 J
    - PID 2618008 → pkg: 1017.41 J, dram: 165.611 J, total: 1183.021 J
    - PID 2649972 → pkg: 1044.26 J, dram: 160.797 J, total: 1205.057 J
    - PID 2650005 → pkg: 1053.23 J, dram: 159.192 J, total: 1212.422 J
    - PID 2726019 → pkg: 957.625 J, dram: 132.008 J, total: 1089.633 J
    - PID 2726039 → pkg: 956.435 J, dram: 130.363 J, total: 1086.798 J
    - PID 2755265 → pkg: 878.227 J, dram: 114.624 J, total: 992.851 J
    - PID 2755293 → pkg: 878.93 J, dram: 113.646 J, total: 992.576 J
    - PID 2806525 → pkg: 703.202 J, dram: 79.8148 J, total: 783.0168 J
    - PID 2806540 → pkg: 704.093 J, dram: 79.0009 J, total: 783.0939 J
    - PID 2826073 → pkg: 847.993 J, dram: 88.3486 J, total: 936.3416 J
    - PID 2826087 → pkg: 847.87 J, dram: 87.3651 J, total: 935.2351 J
    - PID 2858849 → pkg: 876.793 J, dram: 84.3233 J, total: 961.1163 J
    - PID 2858858 → pkg: 876.323 J, dram: 83.424 J, total: 959.747 J
    - PID 2875111 → pkg: 754.696 J, dram: 72.5576 J, total: 827.2536 J
    - PID 2875162 → pkg: 754.622 J, dram: 71.65 J, total: 826.272 J
    - PID 2905419 → pkg: 745.687 J, dram: 74.4325 J, total: 820.1195 J
    - PID 2905442 → pkg: 745.608 J, dram: 71.4047 J, total: 817.0127 J
    - PID 2917091 → pkg: 834.49 J, dram: 79.8147 J, total: 914.3047 J
    - PID 2917106 → pkg: 836.047 J, dram: 78.8335 J, total: 914.8805 J
    - PID 2948083 → pkg: 837.307 J, dram: 79.8419 J, total: 917.1489 J
    - PID 2948096 → pkg: 837.686 J, dram: 78.8867 J, total: 916.5727 J
    - PID 2959872 → pkg: 661.626 J, dram: 62.8301 J, total: 724.4561 J
    - PID 2959904 → pkg: 622.119 J, dram: 58.434 J, total: 680.553 J
    - PID 2988346 → pkg: 806.775 J, dram: 70.3619 J, total: 877.1369 J
    - PID 2988373 → pkg: 805.629 J, dram: 69.5906 J, total: 875.2196 J

🧪 Task: NFCORE_RANGELAND_RANGELAND_HIGHER_LEVEL_FORCE_HIGHER_LEVEL_X01
  • Total Package Energy (J): 3873.36886
  • Total DRAM Energy (J):    1282.36405
  • Total Combined Energy (J): 5155.73291
  • Pods involved:  nf-0b64c4195110611aeed73ce100e24579-019da nf-0c5ed1cb72276e386fdc144ac0dbe4d9-7deb6 nf-42732b22fa39ec168856ae7540cf1c06-524a4 nf-50b882ac7a4181d9095dbc5034645ff1-f4ab5 nf-6441f50f6d1681bb1c0411195a2f5bfb-0312b nf-7def91827fa947c4ce3033cda9a5174d-1dad1 nf-7ef7405374b236805af3501d77887113-12a11 nf-7fb836f98a1e2280d62f496cdcbed67d-1123e nf-8c06cd994e93929dc064030184c43897-f4cc3 nf-976ae489d5edf9a8ae522b986959dba1-ed640 nf-9d5f57ce07516e13dc2c804c022e8454-023ce nf-a33130b73a3716f8d6287a3d5db1d7f6-68384 nf-a661b6bc2f6a55d451ac5dc4e11bbc5b-7c628 nf-ad29f6f4dc7f2a51443e4d2417f7e490-8075c nf-b72b943cffb12dd2bdcc6314cfcab02f-eecde nf-b7a75026fd308eaf4b3acf076388e056-f737c nf-c323fa7857ecebbd074fea675585de7f-e3f72 nf-cf2631c40fac4d6ac2847966337876c9-c9eb6 nf-e38c517b6ae58befd26bb5243b6019cc-46f68 nf-e53336e0ee5dd34b0bfb56eaa89627a8-02d1a nf-f2453fc3dd69d58d4d690391fa9b65d8-6dcde
  • Per-PID Energy Breakdown:
    - PID 3305981 → pkg: 9.65741 J, dram: 50.8975 J, total: 60.55491 J
    - PID 3306882 → pkg: 0 J, dram: 0 J, total: 0 J
    - PID 3307333 → pkg: 0 J, dram: 4.0354 J, total: 4.0354 J
    - PID 3307485 → pkg: 0 J, dram: 5.12182 J, total: 5.12182 J
    - PID 3307486 → pkg: 0 J, dram: 3.63383 J, total: 3.63383 J
    - PID 3307487 → pkg: 0 J, dram: 0 J, total: 0 J
    - PID 3307489 → pkg: 0 J, dram: 6.34244 J, total: 6.34244 J
    - PID 3307490 → pkg: 39.1443 J, dram: 6.01248 J, total: 45.15678 J
    - PID 3307625 → pkg: 0 J, dram: 0 J, total: 0 J
    - PID 3307627 → pkg: 8.39776 J, dram: 4.382 J, total: 12.77976 J
    - PID 3307739 → pkg: 0 J, dram: 12.1151 J, total: 12.1151 J
    - PID 3311111 → pkg: 0 J, dram: 0 J, total: 0 J
    - PID 3311395 → pkg: 42.2984 J, dram: 13.2144 J, total: 55.5128 J
    - PID 3311465 → pkg: 0 J, dram: 9.52842 J, total: 9.52842 J
    - PID 3311466 → pkg: 0 J, dram: 4.47507 J, total: 4.47507 J
    - PID 3311468 → pkg: 0 J, dram: 11.313 J, total: 11.313 J
    - PID 3311469 → pkg: 0 J, dram: 3.25954 J, total: 3.25954 J
    - PID 3311564 → pkg: 83.595 J, dram: 31.2788 J, total: 114.8738 J
    - PID 3311567 → pkg: 0 J, dram: 4.6424 J, total: 4.6424 J
    - PID 3311885 → pkg: 0 J, dram: 0 J, total: 0 J
    - PID 3545086 → pkg: 0 J, dram: 0 J, total: 0 J
    - PID 3564349 → pkg: 0 J, dram: 0 J, total: 0 J
    - PID 3570198 → pkg: 0 J, dram: 0 J, total: 0 J
    - PID 3570533 → pkg: 759.912 J, dram: 107.548 J, total: 867.460 J
    - PID 3570534 → pkg: 0 J, dram: 25.5572 J, total: 25.5572 J
    - PID 3570535 → pkg: 777.771 J, dram: 107.775 J, total: 885.546 J
    - PID 3570536 → pkg: 0 J, dram: 25.4338 J, total: 25.4338 J
    - PID 3570628 → pkg: 769.846 J, dram: 108.454 J, total: 878.300 J
    - PID 3570634 → pkg: 19.6394 J, dram: 27.317 J, total: 46.9564 J
    - PID 3570806 → pkg: 760.284 J, dram: 108.03 J, total: 868.314 J
    - PID 3648422 → pkg: 0 J, dram: 0 J, total: 0 J
    - PID 3648536 → pkg: 0 J, dram: 37.7919 J, total: 37.7919 J
    - PID 3727765 → pkg: 0 J, dram: 0 J, total: 0 J
    - PID 3728073 → pkg: 0 J, dram: 17.4237 J, total: 17.4237 J
    - PID 3728133 → pkg: 0 J, dram: 17.8814 J, total: 17.8814 J
    - PID 3142594 → pkg: 0 J, dram: 0 J, total: 0 J
    - PID 3143458 → pkg: 0 J, dram: 64.3997 J, total: 64.3997 J
    - PID 3143461 → pkg: 0 J, dram: 65.5565 J, total: 65.5565 J
    - PID 3143511 → pkg: 34.3806 J, dram: 68.7161 J, total: 103.0967 J
    - PID 3144589 → pkg: 0 J, dram: 0 J, total: 0 J
    - PID 3144996 → pkg: 0 J, dram: 0 J, total: 0 J
    - PID 3143953 → pkg: 0 J, dram: 0 J, total: 0 J
    - PID 3167647 → pkg: 0 J, dram: 0 J, total: 0 J
    - PID 3168282 → pkg: 0 J, dram: 31.5306 J, total: 31.5306 J
    - PID 3168284 → pkg: 0 J, dram: 31.2671 J, total: 31.2671 J
    - PID 3346839 → pkg: 0 J, dram: 0 J, total: 0 J
    - PID 3347189 → pkg: 0 J, dram: 2.7856 J, total: 2.7856 J
    - PID 3347321 → pkg: 9.48979 J, dram: 2.12879 J, total: 11.61858 J
    - PID 3347322 → pkg: 0 J, dram: 0 J, total: 0 J
    - PID 3347323 → pkg: 0 J, dram: 1.31916 J, total: 1.31916 J
    - PID 3347324 → pkg: 0 J, dram: 0 J, total: 0 J
    - PID 3347325 → pkg: 0 J, dram: 0 J, total: 0 J
    - PID 3347327 → pkg: 0 J, dram: 0 J, total: 0 J
    - PID 3347363 → pkg: 0 J, dram: 0 J, total: 0 J
    - PID 3347365 → pkg: 0 J, dram: 0 J, total: 0 J
    - PID 3347459 → pkg: 0 J, dram: 0 J, total: 0 J
    - PID 3410547 → pkg: 0 J, dram: 0 J, total: 0 J
    - PID 3436640 → pkg: 532.777 J, dram: 91.8925 J, total: 624.6695 J
    - PID 3436642 → pkg: 0 J, dram: 21.3435 J, total: 21.3435 J
    - PID 3436644 → pkg: 0 J, dram: 21.7451 J, total: 21.7451 J
    - PID 3436678 → pkg: 26.1762 J, dram: 22.621 J, total: 48.7972 J
    - PID 3475483 → pkg: 0 J, dram: 0 J, total: 0 J
    - PID 3475790 → pkg: 0 J, dram: 22.5468 J, total: 22.5468 J
    - PID 3591478 → pkg: 0 J, dram: 28.9854 J, total: 28.9854 J
    - PID 3591480 → pkg: 0 J, dram: 28.5765 J, total: 28.5765 J
    - PID 3618379 → pkg: 0 J, dram: 0 J, total: 0 J
    - PID 3635505 → pkg: 0 J, dram: 23.4855 J, total: 23.4855 J
    - PID 4005831 → pkg: 0 J, dram: 0 J, total: 0 J

🧪 Task: NFCORE_RANGELAND_RANGELAND_HIGHER_LEVEL_FORCE_PYRAMID_X0111_Y0
  • Total Package Energy (J): 0
  • Total DRAM Energy (J):    0
  • Total Combined Energy (J): 0
  • Pods involved:  nf-0091825f9031fe84d50d07f7a79d3c33-87875 nf-03e8c2178056a173d9a0a939c10b835e-b58c9 nf-0d9f820bccadd254e360bf4876060b1a-b21d8 nf-1abd3aaef335ee860738fc5761322b27-06f15 nf-1c895b9be181f6928dc8591bc649ccff-54765 nf-38a27915372dc47ebeb74ae0c79fcdf9-41263 nf-466ad64ddeddcce80fc9f31b7295e08b-78e25 nf-4e2498d9126cc02075e752bd472f7c6d-8d334 nf-5169038fbfabd6dd136d1450c4ffb2a5-b45d3 nf-51e0234044f3224df0148cfb21e9bd5b-3acf7 nf-76de6a42413838863ab76016027c6cea-6dc39 nf-787d1e5b4c5178ca947b0025ed7ffe1a-60390 nf-bcf953ad83216ef3466d11e00e22b495-af515 nf-bd43f91659fa0e680e7f07f15065659f-a8424 nf-c85e33d4bcf8a89c26c6b4bedd1b7d60-69494 nf-d60156e69d7ffd279fe7aa3d13213fcc-a1836 nf-db64547c00237df96183468e6a353859-b9b74
  • Per-PID Energy Breakdown:
    - PID 3883221 → pkg: 0 J, dram: 0 J, total: 0 J
    - PID 3883948 → pkg: 0 J, dram: 0 J, total: 0 J
    - PID 3891524 → pkg: 0 J, dram: 0 J, total: 0 J
    - PID 3892142 → pkg: 0 J, dram: 0 J, total: 0 J
    - PID 3892143 → pkg: 0 J, dram: 0 J, total: 0 J
    - PID 3892163 → pkg: 0 J, dram: 0 J, total: 0 J
    - PID 3892165 → pkg: 0 J, dram: 0 J, total: 0 J
    - PID 3892264 → pkg: 0 J, dram: 0 J, total: 0 J
    - PID 3892528 → pkg: 0 J, dram: 0 J, total: 0 J
    - PID 3899743 → pkg: 0 J, dram: 0 J, total: 0 J
    - PID 3919359 → pkg: 0 J, dram: 0 J, total: 0 J
    - PID 3959775 → pkg: 0 J, dram: 0 J, total: 0 J
    - PID 3960048 → pkg: 0 J, dram: 0 J, total: 0 J
    - PID 3960133 → pkg: 0 J, dram: 0 J, total: 0 J
    - PID 3960134 → pkg: 0 J, dram: 0 J, total: 0 J
    - PID 3960135 → pkg: 0 J, dram: 0 J, total: 0 J
    - PID 3960136 → pkg: 0 J, dram: 0 J, total: 0 J
    - PID 3960137 → pkg: 0 J, dram: 0 J, total: 0 J
    - PID 3960138 → pkg: 0 J, dram: 0 J, total: 0 J
    - PID 3960186 → pkg: 0 J, dram: 0 J, total: 0 J
    - PID 3960188 → pkg: 0 J, dram: 0 J, total: 0 J
    - PID 3960196 → pkg: 0 J, dram: 0 J, total: 0 J
    - PID 3960227 → pkg: 0 J, dram: 0 J, total: 0 J
    - PID 3960573 → pkg: 0 J, dram: 0 J, total: 0 J
    - PID 3960582 → pkg: 0 J, dram: 0 J, total: 0 J
    - PID 4101480 → pkg: 0 J, dram: 0 J, total: 0 J
    - PID 4115841 → pkg: 0 J, dram: 0 J, total: 0 J
    - PID 4116644 → pkg: 0 J, dram: 0 J, total: 0 J
    - PID 3448436 → pkg: 0 J, dram: 0 J, total: 0 J
    - PID 3503848 → pkg: 0 J, dram: 0 J, total: 0 J
    - PID 3774518 → pkg: 0 J, dram: 0 J, total: 0 J
    - PID 3790676 → pkg: 0 J, dram: 0 J, total: 0 J
    - PID 3790828 → pkg: 0 J, dram: 0 J, total: 0 J
    - PID 3791000 → pkg: 0 J, dram: 0 J, total: 0 J
    - PID 3791013 → pkg: 0 J, dram: 0 J, total: 0 J
    - PID 3791016 → pkg: 0 J, dram: 0 J, total: 0 J
    - PID 3791017 → pkg: 0 J, dram: 0 J, total: 0 J
    - PID 3791019 → pkg: 0 J, dram: 0 J, total: 0 J
    - PID 3791023 → pkg: 0 J, dram: 0 J, total: 0 J
    - PID 3791348 → pkg: 0 J, dram: 0 J, total: 0 J
    - PID 3791353 → pkg: 0 J, dram: 0 J, total: 0 J
    - PID 3791402 → pkg: 0 J, dram: 0 J, total: 0 J
    - PID 3792037 → pkg: 0 J, dram: 0 J, total: 0 J
    - PID 3794702 → pkg: 0 J, dram: 0 J, total: 0 J
    - PID 3821372 → pkg: 0 J, dram: 0 J, total: 0 J
    - PID 3822070 → pkg: 0 J, dram: 0 J, total: 0 J
    - PID 4064220 → pkg: 0 J, dram: 0 J, total: 0 J

===================================
🧾 Total Summary Across All Tasks:
  • Total Package Energy (J): 21628610.84139
  • Total DRAM Energy (J):    4199030.399084
  • Total Combined Energy (J): 25827641.240474
