id,name,start,end,cpu_count,avg_cpu_usage,cpu_model,memory,rapl_timeseries,cpu_usage_timeseries,core_kwh,mem_kwh,average_co2e,marginal_co2e,embodied_co2e,avg_ci,ci_timeseries
1,NFCORE_RANGELAND:RANGELAND:PREPROCESSING:FORCE_GENERATE_TILE_ALLOW_LIST,1763860705000,1763860708000,1,1635.6,,6442450944.0,,,3.84874543560606e-05,1.9600000000000003e-06,4.04474543560606e-05,4.04474543560606e-05,0.0,1.0,
2,NFCORE_RANGELAND:RANGELAND:PREPROCESSING:FORCE_GENERATE_ANALYSIS_MASK,1763860710000,1763860713000,1,1153.5,,6442450944.0,,,2.7805157552083334e-05,1.9600000000000003e-06,2.9765157552083336e-05,2.9765157552083336e-05,0.0,1.0,
30,NFCORE_RANGELAND:RANGELAND:PREPROCESSING:PREPROCESS_CONFIG,1763860714000,1763860715000,1,59.4,,6442450944.0,,,4.5462656249999996e-07,6.533333333333335e-07,1.1079598958333334e-06,1.1079598958333334e-06,0.0,1.0,
4,NFCORE_RANGELAND:RANGELAND:PREPROCESSING:PREPROCESS_CONFIG,1763860725000,1763860725000,1,91.4,,6442450944.0,,,0.0,0.0,0.0,0.0,0.0,1.0,
8,NFCORE_RANGELAND:RANGELAND:PREPROCESSING:PREPROCESS_CONFIG,1763860725000,1763860726000,1,103.6,,6442450944.0,,,8.126070496632995e-07,6.533333333333335e-07,1.465940382996633e-06,1.465940382996633e-06,0.0,1.0,
32,NFCORE_RANGELAND:RANGELAND:PREPROCESSING:PREPROCESS_CONFIG,1763860721000,1763860721000,1,73.7,,6442450944.0,,,0.0,0.0,0.0,0.0,0.0,1.0,
5,NFCORE_RANGELAND:RANGELAND:PREPROCESSING:PREPROCESS_CONFIG,1763860725000,1763860725000,1,101.2,,6442450944.0,,,0.0,0.0,0.0,0.0,0.0,1.0,
19,NFCORE_RANGELAND:RANGELAND:PREPROCESSING:PREPROCESS_CONFIG,1763860729000,1763860729000,1,103.2,,6442450944.0,,,0.0,0.0,0.0,0.0,0.0,1.0,
33,NFCORE_RANGELAND:RANGELAND:PREPROCESSING:PREPROCESS_CONFIG,1763860726000,1763860726000,1,95.5,,6442450944.0,,,0.0,0.0,0.0,0.0,0.0,1.0,
27,NFCORE_RANGELAND:RANGELAND:PREPROCESSING:PREPROCESS_CONFIG,1763860721000,1763860721000,1,70.3,,6442450944.0,,,0.0,0.0,0.0,0.0,0.0,1.0,
11,NFCORE_RANGELAND:RANGELAND:PREPROCESSING:PREPROCESS_CONFIG,1763860729000,1763860730000,1,98.1,,6442450944.0,,,7.586260653409092e-07,6.533333333333335e-07,1.4119593986742426e-06,1.4119593986742426e-06,0.0,1.0,
34,NFCORE_RANGELAND:RANGELAND:PREPROCESSING:PREPROCESS_CONFIG,1763860726000,1763860726000,1,102.8,,6442450944.0,,,0.0,0.0,0.0,0.0,0.0,1.0,
28,NFCORE_RANGELAND:RANGELAND:PREPROCESSING:PREPROCESS_CONFIG,1763860725000,1763860725000,1,86.8,,6442450944.0,,,0.0,0.0,0.0,0.0,0.0,1.0,
9,NFCORE_RANGELAND:RANGELAND:PREPROCESSING:PREPROCESS_CONFIG,1763860722000,1763860722000,1,60.7,,6442450944.0,,,0.0,0.0,0.0,0.0,0.0,1.0,
12,NFCORE_RANGELAND:RANGELAND:PREPROCESSING:PREPROCESS_CONFIG,1763860726000,1763860726000,1,96.2,,6442450944.0,,,0.0,0.0,0.0,0.0,0.0,1.0,
21,NFCORE_RANGELAND:RANGELAND:PREPROCESSING:PREPROCESS_CONFIG,1763860725000,1763860725000,1,83.0,,6442450944.0,,,0.0,0.0,0.0,0.0,0.0,1.0,
10,NFCORE_RANGELAND:RANGELAND:PREPROCESSING:PREPROCESS_CONFIG,1763860730000,1763860730000,1,96.2,,6442450944.0,,,0.0,0.0,0.0,0.0,0.0,1.0,
7,NFCORE_RANGELAND:RANGELAND:PREPROCESSING:PREPROCESS_CONFIG,1763860721000,1763860721000,1,71.3,,6442450944.0,,,0.0,0.0,0.0,0.0,0.0,1.0,
31,NFCORE_RANGELAND:RANGELAND:PREPROCESSING:PREPROCESS_CONFIG,1763860730000,1763860730000,1,94.1,,6442450944.0,,,0.0,0.0,0.0,0.0,0.0,1.0,
22,NFCORE_RANGELAND:RANGELAND:PREPROCESSING:PREPROCESS_CONFIG,1763860725000,1763860725000,1,97.7,,6442450944.0,,,0.0,0.0,0.0,0.0,0.0,1.0,
18,NFCORE_RANGELAND:RANGELAND:PREPROCESSING:PREPROCESS_CONFIG,1763860725000,1763860725000,1,103.6,,6442450944.0,,,0.0,0.0,0.0,0.0,0.0,1.0,
16,NFCORE_RANGELAND:RANGELAND:PREPROCESSING:PREPROCESS_CONFIG,1763860721000,1763860721000,1,77.4,,6442450944.0,,,0.0,0.0,0.0,0.0,0.0,1.0,
29,NFCORE_RANGELAND:RANGELAND:PREPROCESSING:PREPROCESS_CONFIG,1763860721000,1763860722000,1,86.8,,6442450944.0,,,6.974390046296296e-07,6.533333333333335e-07,1.3507723379629631e-06,1.3507723379629631e-06,0.0,1.0,
6,NFCORE_RANGELAND:RANGELAND:PREPROCESSING:PREPROCESS_CONFIG,1763860725000,1763860726000,1,92.2,,6442450944.0,,,7.056661458333331e-07,6.533333333333335e-07,1.3589994791666666e-06,1.3589994791666666e-06,0.0,1.0,
13,NFCORE_RANGELAND:RANGELAND:PREPROCESSING:PREPROCESS_CONFIG,1763860729000,1763860729000,1,87.2,,6442450944.0,,,0.0,0.0,0.0,0.0,0.0,1.0,
24,NFCORE_RANGELAND:RANGELAND:PREPROCESSING:PREPROCESS_CONFIG,1763860726000,1763860726000,1,90.7,,6442450944.0,,,0.0,0.0,0.0,0.0,0.0,1.0,
23,NFCORE_RANGELAND:RANGELAND:PREPROCESSING:PREPROCESS_CONFIG,1763860730000,1763860730000,1,94.1,,6442450944.0,,,0.0,0.0,0.0,0.0,0.0,1.0,
20,NFCORE_RANGELAND:RANGELAND:PREPROCESSING:PREPROCESS_CONFIG,1763860725000,1763860726000,1,91.1,,6442450944.0,,,6.972471354166665e-07,6.533333333333335e-07,1.35058046875e-06,1.35058046875e-06,0.0,1.0,
14,NFCORE_RANGELAND:RANGELAND:PREPROCESSING:PREPROCESS_CONFIG,1763860725000,1763860725000,1,94.1,,6442450944.0,,,0.0,0.0,0.0,0.0,0.0,1.0,
25,NFCORE_RANGELAND:RANGELAND:PREPROCESSING:PREPROCESS_CONFIG,1763860721000,1763860721000,1,74.0,,6442450944.0,,,0.0,0.0,0.0,0.0,0.0,1.0,
3,NFCORE_RANGELAND:RANGELAND:PREPROCESSING:PREPROCESS_CONFIG,1763860725000,1763860725000,1,100.0,,6442450944.0,,,0.0,0.0,0.0,0.0,0.0,1.0,
17,NFCORE_RANGELAND:RANGELAND:PREPROCESSING:PREPROCESS_CONFIG,1763860725000,1763860725000,1,89.8,,6442450944.0,,,0.0,0.0,0.0,0.0,0.0,1.0,
15,NFCORE_RANGELAND:RANGELAND:PREPROCESSING:PREPROCESS_CONFIG,1763860729000,1763860729000,1,86.5,,6442450944.0,,,0.0,0.0,0.0,0.0,0.0,1.0,
35,NFCORE_RANGELAND:RANGELAND:PREPROCESSING:PREPROCESS_CONFIG,1763860721000,1763860721000,1,66.7,,6442450944.0,,,0.0,0.0,0.0,0.0,0.0,1.0,
36,NFCORE_RANGELAND:RANGELAND:PREPROCESSING:PREPROCESS_CONFIG,1763860729000,1763860729000,1,94.5,,6442450944.0,,,0.0,0.0,0.0,0.0,0.0,1.0,
37,NFCORE_RANGELAND:RANGELAND:PREPROCESSING:PREPROCESS_CONFIG,1763860725000,1763860725000,1,101.1,,6442450944.0,,,0.0,0.0,0.0,0.0,0.0,1.0,
38,NFCORE_RANGELAND:RANGELAND:PREPROCESSING:PREPROCESS_CONFIG,1763860721000,1763860722000,1,74.6,,6442450944.0,,,5.994118634259259e-07,6.533333333333335e-07,1.2527451967592595e-06,1.2527451967592595e-06,0.0,1.0,
39,NFCORE_RANGELAND:RANGELAND:PREPROCESSING:PREPROCESS_CONFIG,1763860725000,1763860726000,1,91.8,,6442450944.0,,,7.200514204545453e-07,6.533333333333335e-07,1.3733847537878786e-06,1.3733847537878786e-06,0.0,1.0,
40,NFCORE_RANGELAND:RANGELAND:PREPROCESSING:PREPROCESS_CONFIG,1763860726000,1763860726000,1,104.1,,6442450944.0,,,0.0,0.0,0.0,0.0,0.0,1.0,
41,NFCORE_RANGELAND:RANGELAND:PREPROCESSING:PREPROCESS_CONFIG,1763860725000,1763860725000,1,86.5,,6442450944.0,,,0.0,0.0,0.0,0.0,0.0,1.0,
42,NFCORE_RANGELAND:RANGELAND:PREPROCESSING:PREPROCESS_CONFIG,1763860729000,1763860729000,1,104.9,,6442450944.0,,,0.0,0.0,0.0,0.0,0.0,1.0,
43,NFCORE_RANGELAND:RANGELAND:PREPROCESSING:PREPROCESS_CONFIG,1763860721000,1763860721000,1,72.2,,6442450944.0,,,0.0,0.0,0.0,0.0,0.0,1.0,
44,NFCORE_RANGELAND:RANGELAND:PREPROCESSING:PREPROCESS_CONFIG,1763860726000,1763860726000,1,105.3,,6442450944.0,,,0.0,0.0,0.0,0.0,0.0,1.0,
45,NFCORE_RANGELAND:RANGELAND:PREPROCESSING:PREPROCESS_CONFIG,1763860730000,1763860731000,1,92.1,,6442450944.0,,,7.400245659722222e-07,6.533333333333335e-07,1.3933578993055556e-06,1.3933578993055556e-06,0.0,1.0,
46,NFCORE_RANGELAND:RANGELAND:PREPROCESSING:PREPROCESS_CONFIG,1763860731000,1763860731000,1,93.8,,6442450944.0,,,0.0,0.0,0.0,0.0,0.0,1.0,
47,NFCORE_RANGELAND:RANGELAND:PREPROCESSING:PREPROCESS_CONFIG,1763860732000,1763860732000,1,92.4,,6442450944.0,,,0.0,0.0,0.0,0.0,0.0,1.0,
48,NFCORE_RANGELAND:RANGELAND:PREPROCESSING:PREPROCESS_CONFIG,1763860732000,1763860732000,1,89.6,,6442450944.0,,,0.0,0.0,0.0,0.0,0.0,1.0,
49,NFCORE_RANGELAND:RANGELAND:PREPROCESSING:PREPROCESS_CONFIG,1763860731000,1763860731000,1,88.3,,6442450944.0,,,0.0,0.0,0.0,0.0,0.0,1.0,
50,NFCORE_RANGELAND:RANGELAND:PREPROCESSING:PREPROCESS_CONFIG,1763860732000,1763860732000,1,91.8,,6442450944.0,,,0.0,0.0,0.0,0.0,0.0,1.0,
51,NFCORE_RANGELAND:RANGELAND:PREPROCESSING:PREPROCESS_CONFIG,1763860731000,1763860731000,1,100.0,,6442450944.0,,,0.0,0.0,0.0,0.0,0.0,1.0,
52,NFCORE_RANGELAND:RANGELAND:PREPROCESSING:PREPROCESS_CONFIG,1763860732000,1763860732000,1,90.3,,6442450944.0,,,0.0,0.0,0.0,0.0,0.0,1.0,
53,NFCORE_RANGELAND:RANGELAND:PREPROCESSING:PREPROCESS_CONFIG,1763860731000,1763860731000,1,97.3,,6442450944.0,,,0.0,0.0,0.0,0.0,0.0,1.0,
54,NFCORE_RANGELAND:RANGELAND:PREPROCESSING:PREPROCESS_CONFIG,1763860731000,1763860731000,1,83.0,,6442450944.0,,,0.0,0.0,0.0,0.0,0.0,1.0,
55,NFCORE_RANGELAND:RANGELAND:PREPROCESSING:PREPROCESS_CONFIG,1763860726000,1763860727000,1,70.7,,6442450944.0,,,5.54549405513468e-07,6.533333333333335e-07,1.2078827388468015e-06,1.2078827388468015e-06,0.0,1.0,
56,NFCORE_RANGELAND:RANGELAND:PREPROCESSING:PREPROCESS_CONFIG,1763860730000,1763860730000,1,74.4,,6442450944.0,,,0.0,0.0,0.0,0.0,0.0,1.0,
57,NFCORE_RANGELAND:RANGELAND:PREPROCESSING:PREPROCESS_CONFIG,1763860731000,1763860732000,1,101.6,,6442450944.0,,,8.163571759259258e-07,6.533333333333335e-07,1.4696905092592593e-06,1.4696905092592593e-06,0.0,1.0,
58,NFCORE_RANGELAND:RANGELAND:PREPROCESSING:PREPROCESS_CONFIG,1763860729000,1763860729000,1,83.4,,6442450944.0,,,0.0,0.0,0.0,0.0,0.0,1.0,
59,NFCORE_RANGELAND:RANGELAND:PREPROCESSING:PREPROCESS_CONFIG,1763860726000,1763860727000,1,70.6,,6442450944.0,,,5.537650357744107e-07,6.533333333333335e-07,1.207098369107744e-06,1.207098369107744e-06,0.0,1.0,
60,NFCORE_RANGELAND:RANGELAND:PREPROCESSING:PREPROCESS_CONFIG,1763860726000,1763860727000,1,73.8,,6442450944.0,,,5.648390624999997e-07,6.533333333333335e-07,1.2181723958333332e-06,1.2181723958333332e-06,0.0,1.0,
61,NFCORE_RANGELAND:RANGELAND:PREPROCESSING:PREPROCESS_CONFIG,1763860731000,1763860731000,1,89.6,,6442450944.0,,,0.0,0.0,0.0,0.0,0.0,1.0,
62,NFCORE_RANGELAND:RANGELAND:PREPROCESSING:PREPROCESS_CONFIG,1763860730000,1763860731000,1,93.3,,6442450944.0,,,7.21506747159091e-07,6.533333333333335e-07,1.3748400804924244e-06,1.3748400804924244e-06,0.0,1.0,
63,NFCORE_RANGELAND:RANGELAND:PREPROCESSING:PREPROCESS_CONFIG,1763860726000,1763860727000,1,79.1,,6442450944.0,,,6.054033854166665e-07,6.533333333333335e-07,1.25873671875e-06,1.25873671875e-06,0.0,1.0,
64,NFCORE_RANGELAND:RANGELAND:PREPROCESSING:PREPROCESS_CONFIG,1763860727000,1763860727000,1,76.0,,6442450944.0,,,0.0,0.0,0.0,0.0,0.0,1.0,
65,NFCORE_RANGELAND:RANGELAND:PREPROCESSING:PREPROCESS_CONFIG,1763860731000,1763860731000,1,90.0,,6442450944.0,,,0.0,0.0,0.0,0.0,0.0,1.0,
66,NFCORE_RANGELAND:RANGELAND:PREPROCESSING:PREPROCESS_CONFIG,1763860726000,1763860727000,1,66.9,,6442450944.0,,,5.247433554292929e-07,6.533333333333335e-07,1.1780766887626265e-06,1.1780766887626265e-06,0.0,1.0,
67,NFCORE_RANGELAND:RANGELAND:PREPROCESSING:PREPROCESS_CONFIG,1763860729000,1763860729000,1,69.8,,6442450944.0,,,0.0,0.0,0.0,0.0,0.0,1.0,
68,NFCORE_RANGELAND:RANGELAND:PREPROCESSING:PREPROCESS_CONFIG,1763860732000,1763860732000,1,107.1,,6442450944.0,,,0.0,0.0,0.0,0.0,0.0,1.0,
69,NFCORE_RANGELAND:RANGELAND:PREPROCESSING:PREPROCESS_CONFIG,1763860726000,1763860727000,1,75.3,,6442450944.0,,,5.763195312499999e-07,6.533333333333335e-07,1.2296528645833333e-06,1.2296528645833333e-06,0.0,1.0,
70,NFCORE_RANGELAND:RANGELAND:PREPROCESSING:PREPROCESS_CONFIG,1763860730000,1763860730000,1,77.6,,6442450944.0,,,0.0,0.0,0.0,0.0,0.0,1.0,
71,NFCORE_RANGELAND:RANGELAND:PREPROCESSING:PREPROCESS_CONFIG,1763860727000,1763860727000,1,82.1,,6442450944.0,,,0.0,0.0,0.0,0.0,0.0,1.0,
72,NFCORE_RANGELAND:RANGELAND:PREPROCESSING:PREPROCESS_CONFIG,1763860727000,1763860727000,1,72.3,,6442450944.0,,,0.0,0.0,0.0,0.0,0.0,1.0,
73,NFCORE_RANGELAND:RANGELAND:PREPROCESSING:PREPROCESS_CONFIG,1763860732000,1763860732000,1,102.8,,6442450944.0,,,0.0,0.0,0.0,0.0,0.0,1.0,
74,NFCORE_RANGELAND:RANGELAND:PREPROCESSING:PREPROCESS_CONFIG,1763860727000,1763860727000,1,74.4,,6442450944.0,,,0.0,0.0,0.0,0.0,0.0,1.0,
75,NFCORE_RANGELAND:RANGELAND:PREPROCESSING:PREPROCESS_CONFIG,1763860730000,1763860730000,1,90.8,,6442450944.0,,,0.0,0.0,0.0,0.0,0.0,1.0,
76,NFCORE_RANGELAND:RANGELAND:PREPROCESSING:PREPROCESS_CONFIG,1763860727000,1763860727000,1,71.1,,6442450944.0,,,0.0,0.0,0.0,0.0,0.0,1.0,
77,NFCORE_RANGELAND:RANGELAND:PREPROCESSING:PREPROCESS_CONFIG,1763860732000,1763860732000,1,91.8,,6442450944.0,,,0.0,0.0,0.0,0.0,0.0,1.0,
78,NFCORE_RANGELAND:RANGELAND:PREPROCESSING:PREPROCESS_CONFIG,1763860727000,1763860727000,1,77.6,,6442450944.0,,,0.0,0.0,0.0,0.0,0.0,1.0,
79,NFCORE_RANGELAND:RANGELAND:PREPROCESSING:PREPROCESS_CONFIG,1763860730000,1763860730000,1,74.0,,6442450944.0,,,0.0,0.0,0.0,0.0,0.0,1.0,
80,NFCORE_RANGELAND:RANGELAND:PREPROCESSING:PREPROCESS_CONFIG,1763860727000,1763860727000,1,76.0,,6442450944.0,,,0.0,0.0,0.0,0.0,0.0,1.0,
81,NFCORE_RANGELAND:RANGELAND:PREPROCESSING:PREPROCESS_CONFIG,1763860732000,1763860732000,1,104.1,,6442450944.0,,,0.0,0.0,0.0,0.0,0.0,1.0,
82,NFCORE_RANGELAND:RANGELAND:PREPROCESSING:PREPROCESS_CONFIG,1763860729000,1763860730000,1,83.4,,6442450944.0,,,6.449481534090911e-07,6.533333333333335e-07,1.2982814867424247e-06,1.2982814867424247e-06,0.0,1.0,
83,NFCORE_RANGELAND:RANGELAND:PREPROCESSING:PREPROCESS_CONFIG,1763860727000,1763860727000,1,84.8,,6442450944.0,,,0.0,0.0,0.0,0.0,0.0,1.0,
84,NFCORE_RANGELAND:RANGELAND:PREPROCESSING:PREPROCESS_CONFIG,1763860727000,1763860727000,1,75.1,,6442450944.0,,,0.0,0.0,0.0,0.0,0.0,1.0,
85,NFCORE_RANGELAND:RANGELAND:PREPROCESSING:PREPROCESS_CONFIG,1763860732000,1763860732000,1,97.3,,6442450944.0,,,0.0,0.0,0.0,0.0,0.0,1.0,
26,NFCORE_RANGELAND:RANGELAND:PREPROCESSING:PREPROCESS_CONFIG,1763860730000,1763860730000,1,92.6,,6442450944.0,,,0.0,0.0,0.0,0.0,0.0,1.0,
86,NFCORE_RANGELAND:RANGELAND:PREPROCESSING:PREPROCESS_CONFIG,1763860736000,1763860736000,1,77.3,,6442450944.0,,,0.0,0.0,0.0,0.0,0.0,1.0,
87,NFCORE_RANGELAND:RANGELAND:PREPROCESSING:PREPROCESS_CONFIG,1763860735000,1763860735000,1,70.9,,6442450944.0,,,0.0,0.0,0.0,0.0,0.0,1.0,
88,NFCORE_RANGELAND:RANGELAND:PREPROCESSING:PREPROCESS_CONFIG,1763860735000,1763860735000,1,44.8,,6442450944.0,,,0.0,0.0,0.0,0.0,0.0,1.0,
89,NFCORE_RANGELAND:RANGELAND:PREPROCESSING:PREPROCESS_CONFIG,1763860735000,1763860736000,1,88.6,,6442450944.0,,,6.949515888047138e-07,6.533333333333335e-07,1.3482849221380473e-06,1.3482849221380473e-06,0.0,1.0,
90,NFCORE_RANGELAND:RANGELAND:PREPROCESSING:PREPROCESS_CONFIG,1763860736000,1763860736000,1,80.0,,6442450944.0,,,0.0,0.0,0.0,0.0,0.0,1.0,
91,NFCORE_RANGELAND:RANGELAND:PREPROCESSING:PREPROCESS_CONFIG,1763860736000,1763860736000,1,71.1,,6442450944.0,,,0.0,0.0,0.0,0.0,0.0,1.0,
92,NFCORE_RANGELAND:RANGELAND:PREPROCESSING:PREPROCESS_CONFIG,1763860737000,1763860737000,1,84.5,,6442450944.0,,,0.0,0.0,0.0,0.0,0.0,1.0,
93,NFCORE_RANGELAND:RANGELAND:PREPROCESSING:PREPROCESS_CONFIG,1763860735000,1763860736000,1,78.0,,6442450944.0,,,5.969843749999998e-07,6.533333333333335e-07,1.2503177083333333e-06,1.2503177083333333e-06,0.0,1.0,
94,NFCORE_RANGELAND:RANGELAND:PREPROCESSING:PREPROCESS_CONFIG,1763860735000,1763860736000,1,78.0,,6442450944.0,,,5.969843749999998e-07,6.533333333333335e-07,1.2503177083333333e-06,1.2503177083333333e-06,0.0,1.0,
95,NFCORE_RANGELAND:RANGELAND:PREPROCESSING:PREPROCESS_CONFIG,1763860736000,1763860736000,1,70.2,,6442450944.0,,,0.0,0.0,0.0,0.0,0.0,1.0,
96,NFCORE_RANGELAND:RANGELAND:PREPROCESSING:PREPROCESS_CONFIG,1763860737000,1763860737000,1,73.9,,6442450944.0,,,0.0,0.0,0.0,0.0,0.0,1.0,
97,NFCORE_RANGELAND:RANGELAND:PREPROCESSING:PREPROCESS_CONFIG,1763860736000,1763860736000,1,79.8,,6442450944.0,,,0.0,0.0,0.0,0.0,0.0,1.0,
98,NFCORE_RANGELAND:RANGELAND:PREPROCESSING:PREPROCESS_CONFIG,1763860736000,1763860736000,1,79.0,,6442450944.0,,,0.0,0.0,0.0,0.0,0.0,1.0,
99,NFCORE_RANGELAND:RANGELAND:PREPROCESSING:PREPROCESS_CONFIG,1763860736000,1763860736000,1,84.2,,6442450944.0,,,0.0,0.0,0.0,0.0,0.0,1.0,
100,NFCORE_RANGELAND:RANGELAND:PREPROCESSING:PREPROCESS_CONFIG,1763860736000,1763860736000,1,83.9,,6442450944.0,,,0.0,0.0,0.0,0.0,0.0,1.0,
101,NFCORE_RANGELAND:RANGELAND:PREPROCESSING:PREPROCESS_CONFIG,1763860736000,1763860737000,1,84.8,,6442450944.0,,,6.651455387205385e-07,6.533333333333335e-07,1.318478872053872e-06,1.318478872053872e-06,0.0,1.0,
102,NFCORE_RANGELAND:RANGELAND:PREPROCESSING:PREPROCESS_CONFIG,1763860736000,1763860736000,1,82.1,,6442450944.0,,,0.0,0.0,0.0,0.0,0.0,1.0,
103,NFCORE_RANGELAND:RANGELAND:PREPROCESSING:PREPROCESS_CONFIG,1763860736000,1763860737000,1,69.1,,6442450944.0,,,5.288669270833332e-07,6.533333333333335e-07,1.1822002604166667e-06,1.1822002604166667e-06,0.0,1.0,
104,NFCORE_RANGELAND:RANGELAND:PREPROCESSING:PREPROCESS_CONFIG,1763860735000,1763860735000,1,81.5,,6442450944.0,,,0.0,0.0,0.0,0.0,0.0,1.0,
105,NFCORE_RANGELAND:RANGELAND:PREPROCESSING:PREPROCESS_CONFIG,1763860736000,1763860736000,1,80.0,,6442450944.0,,,0.0,0.0,0.0,0.0,0.0,1.0,
106,NFCORE_RANGELAND:RANGELAND:PREPROCESSING:PREPROCESS_CONFIG,1763860736000,1763860736000,1,90.1,,6442450944.0,,,0.0,0.0,0.0,0.0,0.0,1.0,
107,NFCORE_RANGELAND:RANGELAND:PREPROCESSING:PREPROCESS_CONFIG,1763860733000,1763860733000,1,69.6,,6442450944.0,,,0.0,0.0,0.0,0.0,0.0,1.0,
108,NFCORE_RANGELAND:RANGELAND:PREPROCESSING:PREPROCESS_CONFIG,1763860733000,1763860734000,1,73.8,,6442450944.0,,,5.707095170454548e-07,6.533333333333335e-07,1.2240428503787883e-06,1.2240428503787883e-06,0.0,1.0,
109,NFCORE_RANGELAND:RANGELAND:PREPROCESSING:PREPROCESS_CONFIG,1763860737000,1763860737000,1,97.7,,6442450944.0,,,0.0,0.0,0.0,0.0,0.0,1.0,
110,NFCORE_RANGELAND:RANGELAND:PREPROCESSING:PREPROCESS_CONFIG,1763860733000,1763860733000,1,75.5,,6442450944.0,,,0.0,0.0,0.0,0.0,0.0,1.0,
111,NFCORE_RANGELAND:RANGELAND:PREPROCESSING:PREPROCESS_CONFIG,1763860733000,1763860734000,1,89.8,,6442450944.0,,,6.944405776515154e-07,6.533333333333335e-07,1.3477739109848489e-06,1.3477739109848489e-06,0.0,1.0,
112,NFCORE_RANGELAND:RANGELAND:PREPROCESSING:PREPROCESS_CONFIG,1763860736000,1763860736000,1,94.8,,6442450944.0,,,0.0,0.0,0.0,0.0,0.0,1.0,
113,NFCORE_RANGELAND:RANGELAND:PREPROCESSING:PREPROCESS_CONFIG,1763860736000,1763860736000,1,93.1,,6442450944.0,,,0.0,0.0,0.0,0.0,0.0,1.0,
114,NFCORE_RANGELAND:RANGELAND:PREPROCESSING:PREPROCESS_CONFIG,1763860736000,1763860736000,1,82.1,,6442450944.0,,,0.0,0.0,0.0,0.0,0.0,1.0,
115,NFCORE_RANGELAND:RANGELAND:PREPROCESSING:PREPROCESS_CONFIG,1763860733000,1763860734000,1,79.5,,6442450944.0,,,6.14788707386364e-07,6.533333333333335e-07,1.2681220407196973e-06,1.2681220407196973e-06,0.0,1.0,
116,NFCORE_RANGELAND:RANGELAND:PREPROCESSING:PREPROCESS_CONFIG,1763860737000,1763860737000,1,93.1,,6442450944.0,,,0.0,0.0,0.0,0.0,0.0,1.0,
117,NFCORE_RANGELAND:RANGELAND:PREPROCESSING:PREPROCESS_CONFIG,1763860737000,1763860737000,1,104.1,,6442450944.0,,,0.0,0.0,0.0,0.0,0.0,1.0,
118,NFCORE_RANGELAND:RANGELAND:PREPROCESSING:PREPROCESS_CONFIG,1763860734000,1763860734000,1,75.3,,6442450944.0,,,0.0,0.0,0.0,0.0,0.0,1.0,
119,NFCORE_RANGELAND:RANGELAND:PREPROCESSING:PREPROCESS_CONFIG,1763860736000,1763860737000,1,84.2,,6442450944.0,,,6.444369791666666e-07,6.533333333333335e-07,1.2977703125000001e-06,1.2977703125000001e-06,0.0,1.0,
120,NFCORE_RANGELAND:RANGELAND:PREPROCESSING:PREPROCESS_CONFIG,1763860736000,1763860736000,1,69.8,,6442450944.0,,,0.0,0.0,0.0,0.0,0.0,1.0,
121,NFCORE_RANGELAND:RANGELAND:PREPROCESSING:PREPROCESS_CONFIG,1763860736000,1763860736000,1,73.4,,6442450944.0,,,0.0,0.0,0.0,0.0,0.0,1.0,
122,NFCORE_RANGELAND:RANGELAND:PREPROCESSING:PREPROCESS_CONFIG,1763860734000,1763860734000,1,72.6,,6442450944.0,,,0.0,0.0,0.0,0.0,0.0,1.0,
123,NFCORE_RANGELAND:RANGELAND:PREPROCESSING:PREPROCESS_CONFIG,1763860736000,1763860737000,1,76.0,,6442450944.0,,,5.816770833333333e-07,6.533333333333335e-07,1.2350104166666667e-06,1.2350104166666667e-06,0.0,1.0,
124,NFCORE_RANGELAND:RANGELAND:PREPROCESSING:PREPROCESS_CONFIG,1763860734000,1763860734000,1,75.5,,6442450944.0,,,0.0,0.0,0.0,0.0,0.0,1.0,
125,NFCORE_RANGELAND:RANGELAND:PREPROCESSING:PREPROCESS_CONFIG,1763860741000,1763860741000,1,81.5,,6442450944.0,,,0.0,0.0,0.0,0.0,0.0,1.0,
126,NFCORE_RANGELAND:RANGELAND:PREPROCESSING:FORCE_PREPROCESS,1763860739000,1763860773000,6,173.6,,38654705664.0,,,4.5644388257575774e-05,0.00013328000000000002,0.00017892438825757579,0.00017892438825757579,0.0,1.0,
127,NFCORE_RANGELAND:RANGELAND:PREPROCESSING:PREPROCESS_CONFIG,1763860741000,1763860741000,1,77.8,,6442450944.0,,,0.0,0.0,0.0,0.0,0.0,1.0,
128,NFCORE_RANGELAND:RANGELAND:PREPROCESSING:PREPROCESS_CONFIG,1763860741000,1763860742000,1,76.4,,6442450944.0,,,6.138748842592593e-07,6.533333333333335e-07,1.2672082175925927e-06,1.2672082175925927e-06,0.0,1.0,
129,NFCORE_RANGELAND:RANGELAND:PREPROCESSING:PREPROCESS_CONFIG,1763860741000,1763860741000,1,71.1,,6442450944.0,,,0.0,0.0,0.0,0.0,0.0,1.0,
130,NFCORE_RANGELAND:RANGELAND:PREPROCESSING:PREPROCESS_CONFIG,1763860741000,1763860742000,1,80.2,,6442450944.0,,,6.444079282407407e-07,6.533333333333335e-07,1.2977412615740742e-06,1.2977412615740742e-06,0.0,1.0,
131,NFCORE_RANGELAND:RANGELAND:PREPROCESSING:PREPROCESS_CONFIG,1763860741000,1763860742000,1,71.7,,6442450944.0,,,5.761103298611111e-07,6.533333333333335e-07,1.2294436631944446e-06,1.2294436631944446e-06,0.0,1.0,
132,NFCORE_RANGELAND:RANGELAND:PREPROCESSING:PREPROCESS_CONFIG,1763860739000,1763860739000,1,30.7,,6442450944.0,,,0.0,0.0,0.0,0.0,0.0,1.0,
133,NFCORE_RANGELAND:RANGELAND:PREPROCESSING:PREPROCESS_CONFIG,1763860741000,1763860742000,1,88.3,,6442450944.0,,,7.094915219907408e-07,6.533333333333335e-07,1.3628248553240743e-06,1.3628248553240743e-06,0.0,1.0,
134,NFCORE_RANGELAND:RANGELAND:PREPROCESSING:PREPROCESS_CONFIG,1763860739000,1763860739000,1,76.4,,6442450944.0,,,0.0,0.0,0.0,0.0,0.0,1.0,
135,NFCORE_RANGELAND:RANGELAND:PREPROCESSING:PREPROCESS_CONFIG,1763860741000,1763860742000,1,75.5,,6442450944.0,,,6.066433738425926e-07,6.533333333333335e-07,1.259976707175926e-06,1.259976707175926e-06,0.0,1.0,
136,NFCORE_RANGELAND:RANGELAND:PREPROCESSING:PREPROCESS_CONFIG,1763860739000,1763860739000,1,78.8,,6442450944.0,,,0.0,0.0,0.0,0.0,0.0,1.0,
137,NFCORE_RANGELAND:RANGELAND:PREPROCESSING:PREPROCESS_CONFIG,1763860742000,1763860742000,1,77.8,,6442450944.0,,,0.0,0.0,0.0,0.0,0.0,1.0,
138,NFCORE_RANGELAND:RANGELAND:PREPROCESSING:PREPROCESS_CONFIG,1763860739000,1763860739000,1,92.8,,6442450944.0,,,0.0,0.0,0.0,0.0,0.0,1.0,
139,NFCORE_RANGELAND:RANGELAND:PREPROCESSING:PREPROCESS_CONFIG,1763860740000,1763860740000,1,71.3,,6442450944.0,,,0.0,0.0,0.0,0.0,0.0,1.0,
140,NFCORE_RANGELAND:RANGELAND:PREPROCESSING:PREPROCESS_CONFIG,1763860739000,1763860739000,1,92.4,,6442450944.0,,,0.0,0.0,0.0,0.0,0.0,1.0,
141,NFCORE_RANGELAND:RANGELAND:PREPROCESSING:PREPROCESS_CONFIG,1763860739000,1763860739000,1,70.7,,6442450944.0,,,0.0,0.0,0.0,0.0,0.0,1.0,
142,NFCORE_RANGELAND:RANGELAND:PREPROCESSING:PREPROCESS_CONFIG,1763860740000,1763860740000,1,65.2,,6442450944.0,,,0.0,0.0,0.0,0.0,0.0,1.0,
143,NFCORE_RANGELAND:RANGELAND:PREPROCESSING:PREPROCESS_CONFIG,1763860739000,1763860740000,1,74.2,,6442450944.0,,,5.679005208333331e-07,6.533333333333335e-07,1.2212338541666665e-06,1.2212338541666665e-06,0.0,1.0,
144,NFCORE_RANGELAND:RANGELAND:PREPROCESSING:PREPROCESS_CONFIG,1763860740000,1763860741000,1,71.3,,6442450944.0,,,5.457049479166665e-07,6.533333333333335e-07,1.19903828125e-06,1.19903828125e-06,0.0,1.0,
145,NFCORE_RANGELAND:RANGELAND:PREPROCESSING:PREPROCESS_CONFIG,1763860742000,1763860742000,1,80.5,,6442450944.0,,,0.0,0.0,0.0,0.0,0.0,1.0,
146,NFCORE_RANGELAND:RANGELAND:PREPROCESSING:PREPROCESS_CONFIG,1763860739000,1763860740000,1,71.6,,6442450944.0,,,5.536964962121213e-07,6.533333333333335e-07,1.2070298295454546e-06,1.2070298295454546e-06,0.0,1.0,
147,NFCORE_RANGELAND:RANGELAND:PREPROCESSING:PREPROCESS_CONFIG,1763860740000,1763860740000,1,70.3,,6442450944.0,,,0.0,0.0,0.0,0.0,0.0,1.0,
148,NFCORE_RANGELAND:RANGELAND:PREPROCESSING:PREPROCESS_CONFIG,1763860740000,1763860740000,1,72.9,,6442450944.0,,,0.0,0.0,0.0,0.0,0.0,1.0,
149,NFCORE_RANGELAND:RANGELAND:PREPROCESSING:PREPROCESS_CONFIG,1763860740000,1763860740000,1,89.2,,6442450944.0,,,0.0,0.0,0.0,0.0,0.0,1.0,
150,NFCORE_RANGELAND:RANGELAND:PREPROCESSING:PREPROCESS_CONFIG,1763860742000,1763860742000,1,67.7,,6442450944.0,,,0.0,0.0,0.0,0.0,0.0,1.0,
151,NFCORE_RANGELAND:RANGELAND:PREPROCESSING:PREPROCESS_CONFIG,1763860739000,1763860740000,1,71.3,,6442450944.0,,,5.592556239478113e-07,6.533333333333335e-07,1.2125889572811447e-06,1.2125889572811447e-06,0.0,1.0,
152,NFCORE_RANGELAND:RANGELAND:PREPROCESSING:PREPROCESS_CONFIG,1763860739000,1763860740000,1,67.7,,6442450944.0,,,5.235370501893941e-07,6.533333333333335e-07,1.1768703835227277e-06,1.1768703835227277e-06,0.0,1.0,
153,NFCORE_RANGELAND:RANGELAND:PREPROCESSING:PREPROCESS_CONFIG,1763860740000,1763860740000,1,70.3,,6442450944.0,,,0.0,0.0,0.0,0.0,0.0,1.0,
154,NFCORE_RANGELAND:RANGELAND:PREPROCESSING:PREPROCESS_CONFIG,1763860740000,1763860741000,1,70.6,,6442450944.0,,,5.403473958333332e-07,6.533333333333335e-07,1.1936807291666666e-06,1.1936807291666666e-06,0.0,1.0,
155,NFCORE_RANGELAND:RANGELAND:PREPROCESSING:PREPROCESS_CONFIG,1763860740000,1763860741000,1,67.7,,6442450944.0,,,5.310183133417507e-07,6.533333333333335e-07,1.1843516466750842e-06,1.1843516466750842e-06,0.0,1.0,
156,NFCORE_RANGELAND:RANGELAND:PREPROCESSING:PREPROCESS_CONFIG,1763860740000,1763860741000,1,79.2,,6442450944.0,,,6.212208333333334e-07,6.533333333333335e-07,1.2745541666666668e-06,1.2745541666666668e-06,0.0,1.0,
157,NFCORE_RANGELAND:RANGELAND:PREPROCESSING:PREPROCESS_CONFIG,1763860740000,1763860740000,1,70.4,,6442450944.0,,,0.0,0.0,0.0,0.0,0.0,1.0,
158,NFCORE_RANGELAND:RANGELAND:PREPROCESSING:PREPROCESS_CONFIG,1763860742000,1763860742000,1,85.9,,6442450944.0,,,0.0,0.0,0.0,0.0,0.0,1.0,
159,NFCORE_RANGELAND:RANGELAND:PREPROCESSING:FORCE_PREPROCESS,1763860740000,1763860874000,6,188.2,,38654705664.0,,,0.00019780863575336694,0.0005252799999999999,0.0007230886357533668,0.0007230886357533668,0.0,1.0,
160,NFCORE_RANGELAND:RANGELAND:PREPROCESSING:PREPROCESS_CONFIG,1763860740000,1763860740000,1,73.9,,6442450944.0,,,0.0,0.0,0.0,0.0,0.0,1.0,
161,NFCORE_RANGELAND:RANGELAND:PREPROCESSING:PREPROCESS_CONFIG,1763860739000,1763860740000,1,92.1,,6442450944.0,,,7.122269176136366e-07,6.533333333333335e-07,1.36556025094697e-06,1.36556025094697e-06,0.0,1.0,
162,NFCORE_RANGELAND:RANGELAND:PREPROCESSING:PREPROCESS_CONFIG,1763860740000,1763860740000,1,76.0,,6442450944.0,,,0.0,0.0,0.0,0.0,0.0,1.0,
163,NFCORE_RANGELAND:RANGELAND:PREPROCESSING:PREPROCESS_CONFIG,1763860741000,1763860741000,1,67.1,,6442450944.0,,,0.0,0.0,0.0,0.0,0.0,1.0,
164,NFCORE_RANGELAND:RANGELAND:PREPROCESSING:PREPROCESS_CONFIG,1763860745000,1763860745000,1,81.8,,6442450944.0,,,0.0,0.0,0.0,0.0,0.0,1.0,
165,NFCORE_RANGELAND:RANGELAND:PREPROCESSING:PREPROCESS_CONFIG,1763860745000,1763860746000,1,76.6,,6442450944.0,,,5.862692708333332e-07,6.533333333333335e-07,1.2396026041666665e-06,1.2396026041666665e-06,0.0,1.0,
166,NFCORE_RANGELAND:RANGELAND:PREPROCESSING:PREPROCESS_CONFIG,1763860745000,1763860745000,1,82.8,,6442450944.0,,,0.0,0.0,0.0,0.0,0.0,1.0,
167,NFCORE_RANGELAND:RANGELAND:PREPROCESSING:PREPROCESS_CONFIG,1763860745000,1763860745000,1,81.8,,6442450944.0,,,0.0,0.0,0.0,0.0,0.0,1.0,
168,NFCORE_RANGELAND:RANGELAND:PREPROCESSING:PREPROCESS_CONFIG,1763860745000,1763860745000,1,73.4,,6442450944.0,,,0.0,0.0,0.0,0.0,0.0,1.0,
169,NFCORE_RANGELAND:RANGELAND:PREPROCESSING:PREPROCESS_CONFIG,1763860745000,1763860746000,1,76.2,,6442450944.0,,,5.832078124999999e-07,6.533333333333335e-07,1.2365411458333335e-06,1.2365411458333335e-06,0.0,1.0,
170,NFCORE_RANGELAND:RANGELAND:PREPROCESSING:PREPROCESS_CONFIG,1763860745000,1763860745000,1,77.8,,6442450944.0,,,0.0,0.0,0.0,0.0,0.0,1.0,
171,NFCORE_RANGELAND:RANGELAND:PREPROCESSING:PREPROCESS_CONFIG,1763860745000,1763860746000,1,79.0,,6442450944.0,,,6.347659143518518e-07,6.533333333333335e-07,1.2880992476851852e-06,1.2880992476851852e-06,0.0,1.0,
172,NFCORE_RANGELAND:RANGELAND:PREPROCESSING:PREPROCESS_CONFIG,1763860746000,1763860746000,1,73.8,,6442450944.0,,,0.0,0.0,0.0,0.0,0.0,1.0,
173,NFCORE_RANGELAND:RANGELAND:PREPROCESSING:PREPROCESS_CONFIG,1763860745000,1763860745000,1,86.7,,6442450944.0,,,0.0,0.0,0.0,0.0,0.0,1.0,
174,NFCORE_RANGELAND:RANGELAND:PREPROCESSING:PREPROCESS_CONFIG,1763860746000,1763860746000,1,81.5,,6442450944.0,,,0.0,0.0,0.0,0.0,0.0,1.0,
175,NFCORE_RANGELAND:RANGELAND:PREPROCESSING:PREPROCESS_CONFIG,1763860745000,1763860745000,1,73.8,,6442450944.0,,,0.0,0.0,0.0,0.0,0.0,1.0,
176,NFCORE_RANGELAND:RANGELAND:PREPROCESSING:PREPROCESS_CONFIG,1763860745000,1763860745000,1,75.3,,6442450944.0,,,0.0,0.0,0.0,0.0,0.0,1.0,
177,NFCORE_RANGELAND:RANGELAND:PREPROCESSING:PREPROCESS_CONFIG,1763860745000,1763860746000,1,76.4,,6442450944.0,,,5.847385416666665e-07,6.533333333333335e-07,1.238071875e-06,1.238071875e-06,0.0,1.0,
178,NFCORE_RANGELAND:RANGELAND:PREPROCESSING:PREPROCESS_CONFIG,1763860745000,1763860745000,1,77.3,,6442450944.0,,,0.0,0.0,0.0,0.0,0.0,1.0,
179,NFCORE_RANGELAND:RANGELAND:PREPROCESSING:PREPROCESS_CONFIG,1763860746000,1763860746000,1,82.8,,6442450944.0,,,0.0,0.0,0.0,0.0,0.0,1.0,
180,NFCORE_RANGELAND:RANGELAND:PREPROCESSING:PREPROCESS_CONFIG,1763860745000,1763860745000,1,86.5,,6442450944.0,,,0.0,0.0,0.0,0.0,0.0,1.0,
181,NFCORE_RANGELAND:RANGELAND:PREPROCESSING:PREPROCESS_CONFIG,1763860746000,1763860746000,1,82.6,,6442450944.0,,,0.0,0.0,0.0,0.0,0.0,1.0,
182,NFCORE_RANGELAND:RANGELAND:PREPROCESSING:PREPROCESS_CONFIG,1763860745000,1763860745000,1,83.9,,6442450944.0,,,0.0,0.0,0.0,0.0,0.0,1.0,
183,NFCORE_RANGELAND:RANGELAND:PREPROCESSING:PREPROCESS_CONFIG,1763860745000,1763860746000,1,70.2,,6442450944.0,,,5.640578124999999e-07,6.533333333333335e-07,1.2173911458333334e-06,1.2173911458333334e-06,0.0,1.0,
184,NFCORE_RANGELAND:RANGELAND:PREPROCESSING:PREPROCESS_CONFIG,1763860745000,1763860745000,1,77.1,,6442450944.0,,,0.0,0.0,0.0,0.0,0.0,1.0,
185,NFCORE_RANGELAND:RANGELAND:PREPROCESSING:PREPROCESS_CONFIG,1763860746000,1763860746000,1,81.3,,6442450944.0,,,0.0,0.0,0.0,0.0,0.0,1.0,
186,NFCORE_RANGELAND:RANGELAND:PREPROCESSING:PREPROCESS_CONFIG,1763860745000,1763860745000,1,79.3,,6442450944.0,,,0.0,0.0,0.0,0.0,0.0,1.0,
187,NFCORE_RANGELAND:RANGELAND:PREPROCESSING:PREPROCESS_CONFIG,1763860746000,1763860747000,1,60.1,,6442450944.0,,,4.5998411458333324e-07,6.533333333333335e-07,1.1133174479166668e-06,1.1133174479166668e-06,0.0,1.0,
188,NFCORE_RANGELAND:RANGELAND:PREPROCESSING:PREPROCESS_CONFIG,1763860746000,1763860746000,1,79.0,,6442450944.0,,,0.0,0.0,0.0,0.0,0.0,1.0,
189,NFCORE_RANGELAND:RANGELAND:PREPROCESSING:PREPROCESS_CONFIG,1763860745000,1763860746000,1,80.3,,6442450944.0,,,6.298489004629629e-07,6.533333333333335e-07,1.2831822337962964e-06,1.2831822337962964e-06,0.0,1.0,
190,NFCORE_RANGELAND:RANGELAND:PREPROCESSING:PREPROCESS_CONFIG,1763860745000,1763860746000,1,75.7,,6442450944.0,,,5.854025804924245e-07,6.533333333333335e-07,1.2387359138257578e-06,1.2387359138257578e-06,0.0,1.0,
191,NFCORE_RANGELAND:RANGELAND:PREPROCESSING:PREPROCESS_CONFIG,1763860746000,1763860746000,1,77.8,,6442450944.0,,,0.0,0.0,0.0,0.0,0.0,1.0,
192,NFCORE_RANGELAND:RANGELAND:PREPROCESSING:FORCE_PREPROCESS,1763860746000,1763860880000,6,187.4,,38654705664.0,,,0.0002017719966435185,0.0005252799999999999,0.0007270519966435184,0.0007270519966435184,0.0,1.0,
193,NFCORE_RANGELAND:RANGELAND:PREPROCESSING:PREPROCESS_CONFIG,1763860745000,1763860746000,1,47.3,,6442450944.0,,,3.71006886574074e-07,6.533333333333335e-07,1.0243402199074075e-06,1.0243402199074075e-06,0.0,1.0,
194,NFCORE_RANGELAND:RANGELAND:PREPROCESSING:PREPROCESS_CONFIG,1763860745000,1763860746000,1,64.6,,6442450944.0,,,4.995641571969698e-07,6.533333333333335e-07,1.1528974905303032e-06,1.1528974905303032e-06,0.0,1.0,
195,NFCORE_RANGELAND:RANGELAND:PREPROCESSING:PREPROCESS_CONFIG,1763860746000,1763860746000,1,78.0,,6442450944.0,,,0.0,0.0,0.0,0.0,0.0,1.0,
196,NFCORE_RANGELAND:RANGELAND:PREPROCESSING:PREPROCESS_CONFIG,1763860746000,1763860747000,1,74.9,,6442450944.0,,,5.732580729166666e-07,6.533333333333335e-07,1.22659140625e-06,1.22659140625e-06,0.0,1.0,
197,NFCORE_RANGELAND:RANGELAND:PREPROCESSING:PREPROCESS_CONFIG,1763860746000,1763860746000,1,83.6,,6442450944.0,,,0.0,0.0,0.0,0.0,0.0,1.0,
198,NFCORE_RANGELAND:RANGELAND:PREPROCESSING:PREPROCESS_CONFIG,1763860746000,1763860746000,1,87.1,,6442450944.0,,,0.0,0.0,0.0,0.0,0.0,1.0,
199,NFCORE_RANGELAND:RANGELAND:PREPROCESSING:PREPROCESS_CONFIG,1763860746000,1763860746000,1,82.6,,6442450944.0,,,0.0,0.0,0.0,0.0,0.0,1.0,
200,NFCORE_RANGELAND:RANGELAND:PREPROCESSING:PREPROCESS_CONFIG,1763860746000,1763860746000,1,76.0,,6442450944.0,,,0.0,0.0,0.0,0.0,0.0,1.0,
201,NFCORE_RANGELAND:RANGELAND:PREPROCESSING:PREPROCESS_CONFIG,1763860746000,1763860746000,1,66.9,,6442450944.0,,,0.0,0.0,0.0,0.0,0.0,1.0,
202,NFCORE_RANGELAND:RANGELAND:PREPROCESSING:PREPROCESS_CONFIG,1763860746000,1763860747000,1,45.3,,6442450944.0,,,3.4671015624999997e-07,6.533333333333335e-07,1.0000434895833334e-06,1.0000434895833334e-06,0.0,1.0,
203,NFCORE_RANGELAND:RANGELAND:PREPROCESSING:PREPROCESS_CONFIG,1763860756000,1763860756000,1,97.3,,6442450944.0,,,0.0,0.0,0.0,0.0,0.0,1.0,
204,NFCORE_RANGELAND:RANGELAND:PREPROCESSING:PREPROCESS_CONFIG,1763860755000,1763860756000,1,95.2,,6442450944.0,,,7.286270833333332e-07,6.533333333333335e-07,1.3819604166666666e-06,1.3819604166666666e-06,0.0,1.0,
205,NFCORE_RANGELAND:RANGELAND:PREPROCESSING:PREPROCESS_CONFIG,1763860756000,1763860756000,1,102.0,,6442450944.0,,,0.0,0.0,0.0,0.0,0.0,1.0,
206,NFCORE_RANGELAND:RANGELAND:PREPROCESSING:PREPROCESS_CONFIG,1763860756000,1763860757000,1,87.5,,6442450944.0,,,6.696940104166665e-07,6.533333333333335e-07,1.3230273437499999e-06,1.3230273437499999e-06,0.0,1.0,
207,NFCORE_RANGELAND:RANGELAND:PREPROCESSING:PREPROCESS_CONFIG,1763860757000,1763860757000,1,102.0,,6442450944.0,,,0.0,0.0,0.0,0.0,0.0,1.0,
208,NFCORE_RANGELAND:RANGELAND:PREPROCESSING:PREPROCESS_CONFIG,1763860756000,1763860756000,1,96.6,,6442450944.0,,,0.0,0.0,0.0,0.0,0.0,1.0,
209,NFCORE_RANGELAND:RANGELAND:PREPROCESSING:PREPROCESS_CONFIG,1763860751000,1763860751000,1,100.0,,6442450944.0,,,0.0,0.0,0.0,0.0,0.0,1.0,
210,NFCORE_RANGELAND:RANGELAND:PREPROCESSING:PREPROCESS_CONFIG,1763860756000,1763860756000,1,83.6,,6442450944.0,,,0.0,0.0,0.0,0.0,0.0,1.0,
211,NFCORE_RANGELAND:RANGELAND:PREPROCESSING:PREPROCESS_CONFIG,1763860751000,1763860751000,1,70.9,,6442450944.0,,,0.0,0.0,0.0,0.0,0.0,1.0,
212,NFCORE_RANGELAND:RANGELAND:PREPROCESSING:PREPROCESS_CONFIG,1763860751000,1763860752000,1,81.5,,6442450944.0,,,6.54853443287037e-07,6.533333333333335e-07,1.3081867766203704e-06,1.3081867766203704e-06,0.0,1.0,
213,NFCORE_RANGELAND:RANGELAND:PREPROCESSING:PREPROCESS_CONFIG,1763860755000,1763860756000,1,89.2,,6442450944.0,,,6.827052083333332e-07,6.533333333333335e-07,1.3360385416666665e-06,1.3360385416666665e-06,0.0,1.0,
214,NFCORE_RANGELAND:RANGELAND:PREPROCESSING:PREPROCESS_CONFIG,1763860751000,1763860752000,1,79.2,,6442450944.0,,,6.212208333333334e-07,6.533333333333335e-07,1.2745541666666668e-06,1.2745541666666668e-06,0.0,1.0,
215,NFCORE_RANGELAND:RANGELAND:PREPROCESSING:PREPROCESS_CONFIG,1763860751000,1763860752000,1,80.3,,6442450944.0,,,6.209752604166668e-07,6.533333333333335e-07,1.2743085937500002e-06,1.2743085937500002e-06,0.0,1.0,
216,NFCORE_RANGELAND:RANGELAND:PREPROCESSING:PREPROCESS_CONFIG,1763860752000,1763860752000,1,53.4,,6442450944.0,,,0.0,0.0,0.0,0.0,0.0,1.0,
217,NFCORE_RANGELAND:RANGELAND:PREPROCESSING:PREPROCESS_CONFIG,1763860751000,1763860752000,1,89.2,,6442450944.0,,,6.996578072390573e-07,6.533333333333335e-07,1.3529911405723906e-06,1.3529911405723906e-06,0.0,1.0,
218,NFCORE_RANGELAND:RANGELAND:PREPROCESSING:PREPROCESS_CONFIG,1763860756000,1763860756000,1,92.8,,6442450944.0,,,0.0,0.0,0.0,0.0,0.0,1.0,
219,NFCORE_RANGELAND:RANGELAND:PREPROCESSING:PREPROCESS_CONFIG,1763860752000,1763860752000,1,68.8,,6442450944.0,,,0.0,0.0,0.0,0.0,0.0,1.0,
220,NFCORE_RANGELAND:RANGELAND:PREPROCESSING:PREPROCESS_CONFIG,1763860752000,1763860752000,1,66.3,,6442450944.0,,,0.0,0.0,0.0,0.0,0.0,1.0,
221,NFCORE_RANGELAND:RANGELAND:PREPROCESSING:PREPROCESS_CONFIG,1763860752000,1763860752000,1,92.4,,6442450944.0,,,0.0,0.0,0.0,0.0,0.0,1.0,
222,NFCORE_RANGELAND:RANGELAND:PREPROCESSING:PREPROCESS_CONFIG,1763860752000,1763860752000,1,51.5,,6442450944.0,,,0.0,0.0,0.0,0.0,0.0,1.0,
223,NFCORE_RANGELAND:RANGELAND:PREPROCESSING:PREPROCESS_CONFIG,1763860756000,1763860757000,1,82.7,,6442450944.0,,,6.329565104166665e-07,6.533333333333335e-07,1.28628984375e-06,1.28628984375e-06,0.0,1.0,
224,NFCORE_RANGELAND:RANGELAND:PREPROCESSING:PREPROCESS_CONFIG,1763860757000,1763860757000,1,90.7,,6442450944.0,,,0.0,0.0,0.0,0.0,0.0,1.0,
225,NFCORE_RANGELAND:RANGELAND:PREPROCESSING:FORCE_PREPROCESS,1763860752000,1763860923000,6,177.5,,38654705664.0,,,0.00024388268880208333,0.0006703200000000001,0.0009142026888020834,0.0009142026888020834,0.0,1.0,
226,NFCORE_RANGELAND:RANGELAND:PREPROCESSING:PREPROCESS_CONFIG,1763860752000,1763860752000,1,45.8,,6442450944.0,,,0.0,0.0,0.0,0.0,0.0,1.0,
227,NFCORE_RANGELAND:RANGELAND:PREPROCESSING:PREPROCESS_CONFIG,1763860752000,1763860752000,1,79.8,,6442450944.0,,,0.0,0.0,0.0,0.0,0.0,1.0,
228,NFCORE_RANGELAND:RANGELAND:PREPROCESSING:PREPROCESS_CONFIG,1763860757000,1763860757000,1,100.0,,6442450944.0,,,0.0,0.0,0.0,0.0,0.0,1.0,
229,NFCORE_RANGELAND:RANGELAND:PREPROCESSING:PREPROCESS_CONFIG,1763860752000,1763860752000,1,48.9,,6442450944.0,,,0.0,0.0,0.0,0.0,0.0,1.0,
230,NFCORE_RANGELAND:RANGELAND:PREPROCESSING:PREPROCESS_CONFIG,1763860752000,1763860752000,1,82.1,,6442450944.0,,,0.0,0.0,0.0,0.0,0.0,1.0,
231,NFCORE_RANGELAND:RANGELAND:PREPROCESSING:PREPROCESS_CONFIG,1763860757000,1763860757000,1,90.7,,6442450944.0,,,0.0,0.0,0.0,0.0,0.0,1.0,
232,NFCORE_RANGELAND:RANGELAND:PREPROCESSING:PREPROCESS_CONFIG,1763860752000,1763860752000,1,82.8,,6442450944.0,,,0.0,0.0,0.0,0.0,0.0,1.0,
233,NFCORE_RANGELAND:RANGELAND:PREPROCESSING:PREPROCESS_CONFIG,1763860752000,1763860752000,1,70.0,,6442450944.0,,,0.0,0.0,0.0,0.0,0.0,1.0,
234,NFCORE_RANGELAND:RANGELAND:PREPROCESSING:PREPROCESS_CONFIG,1763860752000,1763860752000,1,72.0,,6442450944.0,,,0.0,0.0,0.0,0.0,0.0,1.0,
235,NFCORE_RANGELAND:RANGELAND:PREPROCESSING:PREPROCESS_CONFIG,1763860752000,1763860753000,1,66.3,,6442450944.0,,,5.200371369949494e-07,6.533333333333335e-07,1.1733704703282827e-06,1.1733704703282827e-06,0.0,1.0,
236,NFCORE_RANGELAND:RANGELAND:PREPROCESSING:PREPROCESS_CONFIG,1763860757000,1763860757000,1,92.6,,6442450944.0,,,0.0,0.0,0.0,0.0,0.0,1.0,
237,NFCORE_RANGELAND:RANGELAND:PREPROCESSING:PREPROCESS_CONFIG,1763860752000,1763860752000,1,78.8,,6442450944.0,,,0.0,0.0,0.0,0.0,0.0,1.0,
238,NFCORE_RANGELAND:RANGELAND:PREPROCESSING:PREPROCESS_CONFIG,1763860752000,1763860752000,1,75.2,,6442450944.0,,,0.0,0.0,0.0,0.0,0.0,1.0,
239,NFCORE_RANGELAND:RANGELAND:PREPROCESSING:PREPROCESS_CONFIG,1763860756000,1763860756000,1,73.8,,6442450944.0,,,0.0,0.0,0.0,0.0,0.0,1.0,
240,NFCORE_RANGELAND:RANGELAND:PREPROCESSING:PREPROCESS_CONFIG,1763860752000,1763860753000,1,64.0,,6442450944.0,,,4.949242424242426e-07,6.533333333333335e-07,1.1482575757575761e-06,1.1482575757575761e-06,0.0,1.0,
241,NFCORE_RANGELAND:RANGELAND:PREPROCESSING:PREPROCESS_CONFIG,1763860752000,1763860752000,1,87.5,,6442450944.0,,,0.0,0.0,0.0,0.0,0.0,1.0,
242,NFCORE_RANGELAND:RANGELAND:PREPROCESSING:PREPROCESS_CONFIG,1763860756000,1763860756000,1,90.6,,6442450944.0,,,0.0,0.0,0.0,0.0,0.0,1.0,
243,NFCORE_RANGELAND:RANGELAND:PREPROCESSING:PREPROCESS_CONFIG,1763860752000,1763860753000,1,59.5,,6442450944.0,,,4.780831886574074e-07,6.533333333333335e-07,1.131416521990741e-06,1.131416521990741e-06,0.0,1.0,
244,NFCORE_RANGELAND:RANGELAND:PREPROCESSING:PREPROCESS_CONFIG,1763860758000,1763860758000,1,70.0,,6442450944.0,,,0.0,0.0,0.0,0.0,0.0,1.0,
245,NFCORE_RANGELAND:RANGELAND:PREPROCESSING:PREPROCESS_CONFIG,1763860758000,1763860758000,1,73.2,,6442450944.0,,,0.0,0.0,0.0,0.0,0.0,1.0,
246,NFCORE_RANGELAND:RANGELAND:PREPROCESSING:PREPROCESS_CONFIG,1763860758000,1763860758000,1,91.8,,6442450944.0,,,0.0,0.0,0.0,0.0,0.0,1.0,
247,NFCORE_RANGELAND:RANGELAND:PREPROCESSING:PREPROCESS_CONFIG,1763860758000,1763860758000,1,77.8,,6442450944.0,,,0.0,0.0,0.0,0.0,0.0,1.0,
248,NFCORE_RANGELAND:RANGELAND:PREPROCESSING:PREPROCESS_CONFIG,1763860758000,1763860758000,1,73.3,,6442450944.0,,,0.0,0.0,0.0,0.0,0.0,1.0,
249,NFCORE_RANGELAND:RANGELAND:PREPROCESSING:PREPROCESS_CONFIG,1763860758000,1763860758000,1,78.3,,6442450944.0,,,0.0,0.0,0.0,0.0,0.0,1.0,
250,NFCORE_RANGELAND:RANGELAND:PREPROCESSING:PREPROCESS_CONFIG,1763860758000,1763860758000,1,74.4,,6442450944.0,,,0.0,0.0,0.0,0.0,0.0,1.0,
251,NFCORE_RANGELAND:RANGELAND:PREPROCESSING:PREPROCESS_CONFIG,1763860758000,1763860758000,1,79.0,,6442450944.0,,,0.0,0.0,0.0,0.0,0.0,1.0,
252,NFCORE_RANGELAND:RANGELAND:PREPROCESSING:PREPROCESS_CONFIG,1763860758000,1763860758000,1,78.7,,6442450944.0,,,0.0,0.0,0.0,0.0,0.0,1.0,
253,NFCORE_RANGELAND:RANGELAND:PREPROCESSING:PREPROCESS_CONFIG,1763860758000,1763860758000,1,54.0,,6442450944.0,,,0.0,0.0,0.0,0.0,0.0,1.0,
254,NFCORE_RANGELAND:RANGELAND:PREPROCESSING:PREPROCESS_CONFIG,1763860758000,1763860758000,1,68.5,,6442450944.0,,,0.0,0.0,0.0,0.0,0.0,1.0,
255,NFCORE_RANGELAND:RANGELAND:PREPROCESSING:PREPROCESS_CONFIG,1763860759000,1763860759000,1,88.6,,6442450944.0,,,0.0,0.0,0.0,0.0,0.0,1.0,
256,NFCORE_RANGELAND:RANGELAND:PREPROCESSING:PREPROCESS_CONFIG,1763860758000,1763860759000,1,71.1,,6442450944.0,,,5.498299005681819e-07,6.533333333333335e-07,1.2031632339015155e-06,1.2031632339015155e-06,0.0,1.0,
257,NFCORE_RANGELAND:RANGELAND:PREPROCESSING:PREPROCESS_CONFIG,1763860758000,1763860758000,1,89.8,,6442450944.0,,,0.0,0.0,0.0,0.0,0.0,1.0,
258,NFCORE_RANGELAND:RANGELAND:PREPROCESSING:FORCE_PREPROCESS,1763860758000,1763860981000,6,166.4,,38654705664.0,,,0.0002910576478114478,0.00087416,0.0011652176478114478,0.0011652176478114478,0.0,1.0,
259,NFCORE_RANGELAND:RANGELAND:PREPROCESSING:PREPROCESS_CONFIG,1763860759000,1763860759000,1,70.0,,6442450944.0,,,0.0,0.0,0.0,0.0,0.0,1.0,
260,NFCORE_RANGELAND:RANGELAND:PREPROCESSING:PREPROCESS_CONFIG,1763860758000,1763860759000,1,56.0,,6442450944.0,,,4.4996064814814814e-07,6.533333333333335e-07,1.1032939814814817e-06,1.1032939814814817e-06,0.0,1.0,
261,NFCORE_RANGELAND:RANGELAND:PREPROCESSING:PREPROCESS_CONFIG,1763860758000,1763860759000,1,75.5,,6442450944.0,,,5.838559422348488e-07,6.533333333333335e-07,1.2371892755681822e-06,1.2371892755681822e-06,0.0,1.0,
262,NFCORE_RANGELAND:RANGELAND:PREPROCESSING:PREPROCESS_CONFIG,1763860758000,1763860759000,1,74.4,,6442450944.0,,,5.6943125e-07,6.533333333333335e-07,1.2227645833333334e-06,1.2227645833333334e-06,0.0,1.0,
263,NFCORE_RANGELAND:RANGELAND:PREPROCESSING:PREPROCESS_CONFIG,1763860758000,1763860759000,1,88.0,,6442450944.0,,,7.070810185185185e-07,6.533333333333335e-07,1.360414351851852e-06,1.360414351851852e-06,0.0,1.0,
264,NFCORE_RANGELAND:RANGELAND:PREPROCESSING:PREPROCESS_CONFIG,1763860760000,1763860761000,1,94.5,,6442450944.0,,,7.232695312499999e-07,6.533333333333335e-07,1.3766028645833333e-06,1.3766028645833333e-06,0.0,1.0,
265,NFCORE_RANGELAND:RANGELAND:PREPROCESSING:PREPROCESS_CONFIG,1763860759000,1763860759000,1,92.4,,6442450944.0,,,0.0,0.0,0.0,0.0,0.0,1.0,
266,NFCORE_RANGELAND:RANGELAND:PREPROCESSING:PREPROCESS_CONFIG,1763860758000,1763860759000,1,76.2,,6442450944.0,,,6.122678819444445e-07,6.533333333333335e-07,1.265601215277778e-06,1.265601215277778e-06,0.0,1.0,
267,NFCORE_RANGELAND:RANGELAND:PREPROCESSING:PREPROCESS_CONFIG,1763860758000,1763860759000,1,86.5,,6442450944.0,,,6.950285011574075e-07,6.533333333333335e-07,1.348361834490741e-06,1.348361834490741e-06,0.0,1.0,
268,NFCORE_RANGELAND:RANGELAND:PREPROCESSING:PREPROCESS_CONFIG,1763860760000,1763860760000,1,65.5,,6442450944.0,,,0.0,0.0,0.0,0.0,0.0,1.0,
269,NFCORE_RANGELAND:RANGELAND:PREPROCESSING:PREPROCESS_CONFIG,1763860759000,1763860759000,1,71.1,,6442450944.0,,,0.0,0.0,0.0,0.0,0.0,1.0,
270,NFCORE_RANGELAND:RANGELAND:PREPROCESSING:PREPROCESS_CONFIG,1763860760000,1763860760000,1,77.5,,6442450944.0,,,0.0,0.0,0.0,0.0,0.0,1.0,
271,NFCORE_RANGELAND:RANGELAND:PREPROCESSING:PREPROCESS_CONFIG,1763860760000,1763860761000,1,76.2,,6442450944.0,,,5.832078124999999e-07,6.533333333333335e-07,1.2365411458333335e-06,1.2365411458333335e-06,0.0,1.0,
272,NFCORE_RANGELAND:RANGELAND:PREPROCESSING:PREPROCESS_CONFIG,1763860759000,1763860759000,1,74.9,,6442450944.0,,,0.0,0.0,0.0,0.0,0.0,1.0,
273,NFCORE_RANGELAND:RANGELAND:PREPROCESSING:PREPROCESS_CONFIG,1763860759000,1763860759000,1,71.4,,6442450944.0,,,0.0,0.0,0.0,0.0,0.0,1.0,
274,NFCORE_RANGELAND:RANGELAND:PREPROCESSING:PREPROCESS_CONFIG,1763860760000,1763860760000,1,82.8,,6442450944.0,,,0.0,0.0,0.0,0.0,0.0,1.0,
275,NFCORE_RANGELAND:RANGELAND:PREPROCESSING:PREPROCESS_CONFIG,1763860759000,1763860759000,1,70.9,,6442450944.0,,,0.0,0.0,0.0,0.0,0.0,1.0,
276,NFCORE_RANGELAND:RANGELAND:PREPROCESSING:PREPROCESS_CONFIG,1763860759000,1763860759000,1,80.0,,6442450944.0,,,0.0,0.0,0.0,0.0,0.0,1.0,
277,NFCORE_RANGELAND:RANGELAND:PREPROCESSING:PREPROCESS_CONFIG,1763860760000,1763860760000,1,76.4,,6442450944.0,,,0.0,0.0,0.0,0.0,0.0,1.0,
278,NFCORE_RANGELAND:RANGELAND:PREPROCESSING:PREPROCESS_CONFIG,1763860760000,1763860761000,1,70.0,,6442450944.0,,,5.357552083333331e-07,6.533333333333335e-07,1.1890885416666666e-06,1.1890885416666666e-06,0.0,1.0,
279,NFCORE_RANGELAND:RANGELAND:PREPROCESSING:PREPROCESS_CONFIG,1763860760000,1763860760000,1,72.1,,6442450944.0,,,0.0,0.0,0.0,0.0,0.0,1.0,
280,NFCORE_RANGELAND:RANGELAND:PREPROCESSING:PREPROCESS_CONFIG,1763860759000,1763860759000,1,67.1,,6442450944.0,,,0.0,0.0,0.0,0.0,0.0,1.0,
281,NFCORE_RANGELAND:RANGELAND:PREPROCESSING:PREPROCESS_CONFIG,1763860759000,1763860759000,1,65.5,,6442450944.0,,,0.0,0.0,0.0,0.0,0.0,1.0,
282,NFCORE_RANGELAND:RANGELAND:PREPROCESSING:PREPROCESS_CONFIG,1763860759000,1763860759000,1,79.7,,6442450944.0,,,0.0,0.0,0.0,0.0,0.0,1.0,
283,NFCORE_RANGELAND:RANGELAND:PREPROCESSING:PREPROCESS_CONFIG,1763860759000,1763860760000,1,69.6,,6442450944.0,,,5.326937499999998e-07,6.533333333333335e-07,1.1860270833333331e-06,1.1860270833333331e-06,0.0,1.0,
284,NFCORE_RANGELAND:RANGELAND:PREPROCESSING:PREPROCESS_CONFIG,1763860759000,1763860759000,1,80.5,,6442450944.0,,,0.0,0.0,0.0,0.0,0.0,1.0,
285,NFCORE_RANGELAND:RANGELAND:PREPROCESSING:PREPROCESS_CONFIG,1763860766000,1763860766000,1,75.8,,6442450944.0,,,0.0,0.0,0.0,0.0,0.0,1.0,
286,NFCORE_RANGELAND:RANGELAND:PREPROCESSING:PREPROCESS_CONFIG,1763860766000,1763860766000,1,74.8,,6442450944.0,,,0.0,0.0,0.0,0.0,0.0,1.0,
287,NFCORE_RANGELAND:RANGELAND:PREPROCESSING:PREPROCESS_CONFIG,1763860766000,1763860766000,1,88.3,,6442450944.0,,,0.0,0.0,0.0,0.0,0.0,1.0,
288,NFCORE_RANGELAND:RANGELAND:PREPROCESSING:PREPROCESS_CONFIG,1763860766000,1763860766000,1,84.5,,6442450944.0,,,0.0,0.0,0.0,0.0,0.0,1.0,
289,NFCORE_RANGELAND:RANGELAND:PREPROCESSING:PREPROCESS_CONFIG,1763860766000,1763860766000,1,79.3,,6442450944.0,,,0.0,0.0,0.0,0.0,0.0,1.0,
290,NFCORE_RANGELAND:RANGELAND:PREPROCESSING:PREPROCESS_CONFIG,1763860764000,1763860765000,1,74.2,,6442450944.0,,,5.738027935606063e-07,6.533333333333335e-07,1.2271361268939398e-06,1.2271361268939398e-06,0.0,1.0,
291,NFCORE_RANGELAND:RANGELAND:PREPROCESSING:FORCE_PREPROCESS,1763860766000,1763860894000,6,190.1,,38654705664.0,,,0.00018623463333333328,0.00050176,0.0006879946333333332,0.0006879946333333332,0.0,1.0,
292,NFCORE_RANGELAND:RANGELAND:PREPROCESSING:PREPROCESS_CONFIG,1763860764000,1763860765000,1,76.1,,6442450944.0,,,5.884958570075759e-07,6.533333333333335e-07,1.2418291903409095e-06,1.2418291903409095e-06,0.0,1.0,
293,NFCORE_RANGELAND:RANGELAND:PREPROCESSING:PREPROCESS_CONFIG,1763860764000,1763860765000,1,73.4,,6442450944.0,,,5.676162405303032e-07,6.533333333333335e-07,1.2209495738636367e-06,1.2209495738636367e-06,0.0,1.0,
294,NFCORE_RANGELAND:RANGELAND:PREPROCESSING:PREPROCESS_CONFIG,1763860765000,1763860765000,1,76.9,,6442450944.0,,,0.0,0.0,0.0,0.0,0.0,1.0,
295,NFCORE_RANGELAND:RANGELAND:PREPROCESSING:PREPROCESS_CONFIG,1763860765000,1763860765000,1,83.4,,6442450944.0,,,0.0,0.0,0.0,0.0,0.0,1.0,
296,NFCORE_RANGELAND:RANGELAND:PREPROCESSING:PREPROCESS_CONFIG,1763860766000,1763860767000,1,76.0,,6442450944.0,,,5.816770833333333e-07,6.533333333333335e-07,1.2350104166666667e-06,1.2350104166666667e-06,0.0,1.0,
297,NFCORE_RANGELAND:RANGELAND:PREPROCESSING:PREPROCESS_CONFIG,1763860765000,1763860765000,1,74.0,,6442450944.0,,,0.0,0.0,0.0,0.0,0.0,1.0,
298,NFCORE_RANGELAND:RANGELAND:PREPROCESSING:PREPROCESS_CONFIG,1763860765000,1763860765000,1,94.5,,6442450944.0,,,0.0,0.0,0.0,0.0,0.0,1.0,
299,NFCORE_RANGELAND:RANGELAND:PREPROCESSING:PREPROCESS_CONFIG,1763860766000,1763860766000,1,85.5,,6442450944.0,,,0.0,0.0,0.0,0.0,0.0,1.0,
300,NFCORE_RANGELAND:RANGELAND:PREPROCESSING:PREPROCESS_CONFIG,1763860765000,1763860765000,1,80.9,,6442450944.0,,,0.0,0.0,0.0,0.0,0.0,1.0,
301,NFCORE_RANGELAND:RANGELAND:PREPROCESSING:PREPROCESS_CONFIG,1763860765000,1763860765000,1,79.3,,6442450944.0,,,0.0,0.0,0.0,0.0,0.0,1.0,
302,NFCORE_RANGELAND:RANGELAND:PREPROCESSING:PREPROCESS_CONFIG,1763860765000,1763860765000,1,79.7,,6442450944.0,,,0.0,0.0,0.0,0.0,0.0,1.0,
303,NFCORE_RANGELAND:RANGELAND:PREPROCESSING:PREPROCESS_CONFIG,1763860767000,1763860767000,1,65.5,,6442450944.0,,,0.0,0.0,0.0,0.0,0.0,1.0,
304,NFCORE_RANGELAND:RANGELAND:PREPROCESSING:PREPROCESS_CONFIG,1763860765000,1763860765000,1,85.6,,6442450944.0,,,0.0,0.0,0.0,0.0,0.0,1.0,
305,NFCORE_RANGELAND:RANGELAND:PREPROCESSING:PREPROCESS_CONFIG,1763860765000,1763860765000,1,83.7,,6442450944.0,,,0.0,0.0,0.0,0.0,0.0,1.0,
306,NFCORE_RANGELAND:RANGELAND:PREPROCESSING:PREPROCESS_CONFIG,1763860767000,1763860767000,1,73.4,,6442450944.0,,,0.0,0.0,0.0,0.0,0.0,1.0,
307,NFCORE_RANGELAND:RANGELAND:PREPROCESSING:PREPROCESS_CONFIG,1763860765000,1763860765000,1,80.0,,6442450944.0,,,0.0,0.0,0.0,0.0,0.0,1.0,
308,NFCORE_RANGELAND:RANGELAND:PREPROCESSING:PREPROCESS_CONFIG,1763860765000,1763860765000,1,65.5,,6442450944.0,,,0.0,0.0,0.0,0.0,0.0,1.0,
309,NFCORE_RANGELAND:RANGELAND:PREPROCESSING:PREPROCESS_CONFIG,1763860765000,1763860765000,1,81.8,,6442450944.0,,,0.0,0.0,0.0,0.0,0.0,1.0,
310,NFCORE_RANGELAND:RANGELAND:PREPROCESSING:PREPROCESS_CONFIG,1763860766000,1763860766000,1,73.6,,6442450944.0,,,0.0,0.0,0.0,0.0,0.0,1.0,
311,NFCORE_RANGELAND:RANGELAND:PREPROCESSING:PREPROCESS_CONFIG,1763860770000,1763860770000,1,93.7,,6442450944.0,,,0.0,0.0,0.0,0.0,0.0,1.0,
312,NFCORE_RANGELAND:RANGELAND:PREPROCESSING:PREPROCESS_CONFIG,1763860780000,1763860780000,1,83.6,,6442450944.0,,,0.0,0.0,0.0,0.0,0.0,1.0,
313,NFCORE_RANGELAND:RANGELAND:PREPROCESSING:PREPROCESS_CONFIG,1763860781000,1763860782000,1,69.2,,6442450944.0,,,5.351368371212123e-07,6.533333333333335e-07,1.1884701704545458e-06,1.1884701704545458e-06,0.0,1.0,
314,NFCORE_RANGELAND:RANGELAND:PREPROCESSING:PREPROCESS_CONFIG,1763860790000,1763860791000,1,64.9,,6442450944.0,,,5.018841145833336e-07,6.533333333333335e-07,1.155217447916667e-06,1.155217447916667e-06,0.0,1.0,
315,NFCORE_RANGELAND:RANGELAND:PREPROCESSING:PREPROCESS_CONFIG,1763860791000,1763860792000,1,68.7,,6442450944.0,,,5.312702414772729e-07,6.533333333333335e-07,1.1846035748106064e-06,1.1846035748106064e-06,0.0,1.0,
316,NFCORE_RANGELAND:RANGELAND:PREPROCESSING:PREPROCESS_CONFIG,1763860800000,1763860801000,1,35.8,,6442450944.0,,,2.7684824810606064e-07,6.533333333333335e-07,9.301815814393941e-07,9.301815814393941e-07,0.0,1.0,
317,NFCORE_RANGELAND:RANGELAND:PREPROCESSING:PREPROCESS_CONFIG,1763860802000,1763860802000,1,69.0,,6442450944.0,,,0.0,0.0,0.0,0.0,0.0,1.0,
318,NFCORE_RANGELAND:RANGELAND:PREPROCESSING:PREPROCESS_CONFIG,1763860811000,1763860811000,1,59.6,,6442450944.0,,,0.0,0.0,0.0,0.0,0.0,1.0,
319,NFCORE_RANGELAND:RANGELAND:PREPROCESSING:PREPROCESS_CONFIG,1763860812000,1763860813000,1,48.4,,6442450944.0,,,3.742864583333334e-07,6.533333333333335e-07,1.0276197916666668e-06,1.0276197916666668e-06,0.0,1.0,
320,NFCORE_RANGELAND:RANGELAND:PREPROCESSING:PREPROCESS_CONFIG,1763860821000,1763860821000,1,66.9,,6442450944.0,,,0.0,0.0,0.0,0.0,0.0,1.0,
321,NFCORE_RANGELAND:RANGELAND:PREPROCESSING:PREPROCESS_CONFIG,1763860823000,1763860823000,1,91.8,,6442450944.0,,,0.0,0.0,0.0,0.0,0.0,1.0,
322,NFCORE_RANGELAND:RANGELAND:PREPROCESSING:PREPROCESS_CONFIG,1763860831000,1763860831000,1,68.1,,6442450944.0,,,0.0,0.0,0.0,0.0,0.0,1.0,
323,NFCORE_RANGELAND:RANGELAND:PREPROCESSING:PREPROCESS_CONFIG,1763860839000,1763860839000,1,87.2,,6442450944.0,,,0.0,0.0,0.0,0.0,0.0,1.0,
325,NFCORE_RANGELAND:RANGELAND:PREPROCESSING:PREPROCESS_CONFIG,1763860844000,1763860844000,1,91.8,,6442450944.0,,,0.0,0.0,0.0,0.0,0.0,1.0,
324,NFCORE_RANGELAND:RANGELAND:PREPROCESSING:FORCE_PREPROCESS,1763860833000,1763860967000,6,188.0,,38654705664.0,,,0.00019481455492424246,0.0005252799999999999,0.0007200945549242424,0.0007200945549242424,0.0,1.0,
326,NFCORE_RANGELAND:RANGELAND:PREPROCESSING:PREPROCESS_CONFIG,1763860849000,1763860849000,1,88.9,,6442450944.0,,,0.0,0.0,0.0,0.0,0.0,1.0,
327,NFCORE_RANGELAND:RANGELAND:PREPROCESSING:PREPROCESS_CONFIG,1763860854000,1763860854000,1,98.8,,6442450944.0,,,0.0,0.0,0.0,0.0,0.0,1.0,
328,NFCORE_RANGELAND:RANGELAND:PREPROCESSING:PREPROCESS_CONFIG,1763860859000,1763860860000,1,88.2,,6442450944.0,,,6.750515624999999e-07,6.533333333333335e-07,1.3283848958333333e-06,1.3283848958333333e-06,0.0,1.0,
329,NFCORE_RANGELAND:RANGELAND:PREPROCESSING:PREPROCESS_CONFIG,1763860864000,1763860865000,1,66.4,,6442450944.0,,,5.082020833333333e-07,6.533333333333335e-07,1.1615354166666668e-06,1.1615354166666668e-06,0.0,1.0,
330,NFCORE_RANGELAND:RANGELAND:PREPROCESSING:PREPROCESS_CONFIG,1763860870000,1763860870000,1,91.1,,6442450944.0,,,0.0,0.0,0.0,0.0,0.0,1.0,
331,NFCORE_RANGELAND:RANGELAND:PREPROCESSING:PREPROCESS_CONFIG,1763860875000,1763860875000,1,67.3,,6442450944.0,,,0.0,0.0,0.0,0.0,0.0,1.0,
332,NFCORE_RANGELAND:RANGELAND:PREPROCESSING:PREPROCESS_CONFIG,1763860880000,1763860881000,1,69.8,,6442450944.0,,,5.397767518939396e-07,6.533333333333335e-07,1.193110085227273e-06,1.193110085227273e-06,0.0,1.0,
333,NFCORE_RANGELAND:RANGELAND:PREPROCESSING:PREPROCESS_CONFIG,1763860885000,1763860886000,1,90.3,,6442450944.0,,,6.911242187499999e-07,6.533333333333335e-07,1.3444575520833334e-06,1.3444575520833334e-06,0.0,1.0,
334,NFCORE_RANGELAND:RANGELAND:PREPROCESSING:PREPROCESS_CONFIG,1763860890000,1763860891000,1,89.2,,6442450944.0,,,6.898006628787881e-07,6.533333333333335e-07,1.3431339962121216e-06,1.3431339962121216e-06,0.0,1.0,
335,NFCORE_RANGELAND:RANGELAND:PREPROCESSING:PREPROCESS_CONFIG,1763860896000,1763860896000,1,62.9,,6442450944.0,,,0.0,0.0,0.0,0.0,0.0,1.0,
336,NFCORE_RANGELAND:RANGELAND:PREPROCESSING:PREPROCESS_CONFIG,1763860909000,1763860909000,1,90.5,,6442450944.0,,,0.0,0.0,0.0,0.0,0.0,1.0,
337,NFCORE_RANGELAND:RANGELAND:PREPROCESSING:PREPROCESS_CONFIG,1763860909000,1763860910000,1,73.7,,6442450944.0,,,5.640736979166666e-07,6.533333333333335e-07,1.21740703125e-06,1.21740703125e-06,0.0,1.0,
338,NFCORE_RANGELAND:RANGELAND:PREPROCESSING:PREPROCESS_CONFIG,1763860911000,1763860911000,1,100.8,,6442450944.0,,,0.0,0.0,0.0,0.0,0.0,1.0,
339,NFCORE_RANGELAND:RANGELAND:PREPROCESSING:PREPROCESS_CONFIG,1763860919000,1763860920000,1,60.0,,6442450944.0,,,4.592187499999999e-07,6.533333333333335e-07,1.1125520833333334e-06,1.1125520833333334e-06,0.0,1.0,
340,NFCORE_RANGELAND:RANGELAND:PREPROCESSING:PREPROCESS_CONFIG,1763860921000,1763860922000,1,82.1,,6442450944.0,,,6.283643229166666e-07,6.533333333333335e-07,1.28169765625e-06,1.28169765625e-06,0.0,1.0,
341,NFCORE_RANGELAND:RANGELAND:PREPROCESSING:PREPROCESS_CONFIG,1763860930000,1763860930000,1,59.4,,6442450944.0,,,0.0,0.0,0.0,0.0,0.0,1.0,
342,NFCORE_RANGELAND:RANGELAND:PREPROCESSING:PREPROCESS_CONFIG,1763860935000,1763860936000,1,64.0,,6442450944.0,,,5.142407407407407e-07,6.533333333333335e-07,1.1675740740740741e-06,1.1675740740740741e-06,0.0,1.0,
343,NFCORE_RANGELAND:RANGELAND:PREPROCESSING:PREPROCESS_CONFIG,1763860940000,1763860940000,1,59.7,,6442450944.0,,,0.0,0.0,0.0,0.0,0.0,1.0,
344,NFCORE_RANGELAND:RANGELAND:PREPROCESSING:PREPROCESS_CONFIG,1763860945000,1763860946000,1,46.2,,6442450944.0,,,3.7121753472222223e-07,6.533333333333335e-07,1.0245508680555556e-06,1.0245508680555556e-06,0.0,1.0,
345,NFCORE_RANGELAND:RANGELAND:PREPROCESSING:PREPROCESS_CONFIG,1763860950000,1763860951000,1,55.9,,6442450944.0,,,4.278388020833332e-07,6.533333333333335e-07,1.0811721354166667e-06,1.0811721354166667e-06,0.0,1.0,
346,NFCORE_RANGELAND:RANGELAND:PREPROCESSING:PREPROCESS_CONFIG,1763860956000,1763860956000,1,69.1,,6442450944.0,,,0.0,0.0,0.0,0.0,0.0,1.0,
347,NFCORE_RANGELAND:RANGELAND:PREPROCESSING:PREPROCESS_CONFIG,1763860960000,1763860961000,1,96.2,,6442450944.0,,,7.362807291666666e-07,6.533333333333335e-07,1.3896140625e-06,1.3896140625e-06,0.0,1.0,
348,NFCORE_RANGELAND:RANGELAND:PREPROCESSING:PREPROCESS_CONFIG,1763860960000,1763860961000,1,90.5,,6442450944.0,,,6.926549479166666e-07,6.533333333333335e-07,1.3459882812500001e-06,1.3459882812500001e-06,0.0,1.0,
349,NFCORE_RANGELAND:RANGELAND:PREPROCESSING:PREPROCESS_CONFIG,1763860956000,1763860956000,1,70.9,,6442450944.0,,,0.0,0.0,0.0,0.0,0.0,1.0,
350,NFCORE_RANGELAND:RANGELAND:PREPROCESSING:PREPROCESS_CONFIG,1763860961000,1763860961000,1,92.2,,6442450944.0,,,0.0,0.0,0.0,0.0,0.0,1.0,
351,NFCORE_RANGELAND:RANGELAND:PREPROCESSING:PREPROCESS_CONFIG,1763860956000,1763860956000,1,64.3,,6442450944.0,,,0.0,0.0,0.0,0.0,0.0,1.0,
352,NFCORE_RANGELAND:RANGELAND:PREPROCESSING:PREPROCESS_CONFIG,1763860961000,1763860961000,1,108.5,,6442450944.0,,,0.0,0.0,0.0,0.0,0.0,1.0,
353,NFCORE_RANGELAND:RANGELAND:PREPROCESSING:PREPROCESS_CONFIG,1763860956000,1763860957000,1,68.5,,6442450944.0,,,5.50398292824074e-07,6.533333333333335e-07,1.2037316261574075e-06,1.2037316261574075e-06,0.0,1.0,
354,NFCORE_RANGELAND:RANGELAND:PREPROCESSING:PREPROCESS_CONFIG,1763860961000,1763860961000,1,74.4,,6442450944.0,,,0.0,0.0,0.0,0.0,0.0,1.0,
355,NFCORE_RANGELAND:RANGELAND:PREPROCESSING:PREPROCESS_CONFIG,1763860957000,1763860958000,1,65.3,,6442450944.0,,,5.24686255787037e-07,6.533333333333335e-07,1.1780195891203704e-06,1.1780195891203704e-06,0.0,1.0,
356,NFCORE_RANGELAND:RANGELAND:PREPROCESSING:PREPROCESS_CONFIG,1763860958000,1763860958000,1,66.0,,6442450944.0,,,0.0,0.0,0.0,0.0,0.0,1.0,
358,NFCORE_RANGELAND:RANGELAND:PREPROCESSING:PREPROCESS_CONFIG,1763860958000,1763860959000,1,62.2,,6442450944.0,,,4.997777199074075e-07,6.533333333333335e-07,1.153111053240741e-06,1.153111053240741e-06,0.0,1.0,
359,NFCORE_RANGELAND:RANGELAND:PREPROCESSING:PREPROCESS_CONFIG,1763860958000,1763860959000,1,68.4,,6442450944.0,,,5.289502840909094e-07,6.533333333333335e-07,1.1822836174242429e-06,1.1822836174242429e-06,0.0,1.0,
360,NFCORE_RANGELAND:RANGELAND:PREPROCESSING:PREPROCESS_CONFIG,1763860959000,1763860959000,1,59.3,,6442450944.0,,,0.0,0.0,0.0,0.0,0.0,1.0,
361,NFCORE_RANGELAND:RANGELAND:PREPROCESSING:PREPROCESS_CONFIG,1763860959000,1763860960000,1,64.9,,6442450944.0,,,5.214722511574075e-07,6.533333333333335e-07,1.174805584490741e-06,1.174805584490741e-06,0.0,1.0,
362,NFCORE_RANGELAND:RANGELAND:PREPROCESSING:PREPROCESS_CONFIG,1763860960000,1763860960000,1,72.6,,6442450944.0,,,0.0,0.0,0.0,0.0,0.0,1.0,
363,NFCORE_RANGELAND:RANGELAND:PREPROCESSING:PREPROCESS_CONFIG,1763860960000,1763860960000,1,69.3,,6442450944.0,,,0.0,0.0,0.0,0.0,0.0,1.0,
364,NFCORE_RANGELAND:RANGELAND:PREPROCESSING:PREPROCESS_CONFIG,1763860960000,1763860961000,1,66.5,,6442450944.0,,,5.343282696759259e-07,6.533333333333335e-07,1.1876616030092594e-06,1.1876616030092594e-06,0.0,1.0,
365,NFCORE_RANGELAND:RANGELAND:PREPROCESSING:PREPROCESS_CONFIG,1763860961000,1763860961000,1,73.1,,6442450944.0,,,0.0,0.0,0.0,0.0,0.0,1.0,
366,NFCORE_RANGELAND:RANGELAND:PREPROCESSING:PREPROCESS_CONFIG,1763860961000,1763860961000,1,70.0,,6442450944.0,,,0.0,0.0,0.0,0.0,0.0,1.0,
367,NFCORE_RANGELAND:RANGELAND:PREPROCESSING:PREPROCESS_CONFIG,1763860961000,1763860962000,1,73.6,,6442450944.0,,,5.913768518518518e-07,6.533333333333335e-07,1.2447101851851852e-06,1.2447101851851852e-06,0.0,1.0,
368,NFCORE_RANGELAND:RANGELAND:PREPROCESSING:PREPROCESS_CONFIG,1763860962000,1763860963000,1,70.0,,6442450944.0,,,5.490588173400673e-07,6.533333333333335e-07,1.2023921506734007e-06,1.2023921506734007e-06,0.0,1.0,
369,NFCORE_RANGELAND:RANGELAND:PREPROCESSING:PREPROCESS_CONFIG,1763860962000,1763860962000,1,64.9,,6442450944.0,,,0.0,0.0,0.0,0.0,0.0,1.0,
370,NFCORE_RANGELAND:RANGELAND:PREPROCESSING:PREPROCESS_CONFIG,1763860962000,1763860963000,1,73.8,,6442450944.0,,,5.929838541666667e-07,6.533333333333335e-07,1.2463171875000002e-06,1.2463171875000002e-06,0.0,1.0,
371,NFCORE_RANGELAND:RANGELAND:PREPROCESSING:PREPROCESS_CONFIG,1763860963000,1763860963000,1,69.6,,6442450944.0,,,0.0,0.0,0.0,0.0,0.0,1.0,
372,NFCORE_RANGELAND:RANGELAND:PREPROCESSING:PREPROCESS_CONFIG,1763860963000,1763860963000,1,80.8,,6442450944.0,,,0.0,0.0,0.0,0.0,0.0,1.0,
373,NFCORE_RANGELAND:RANGELAND:PREPROCESSING:PREPROCESS_CONFIG,1763860963000,1763860964000,1,62.7,,6442450944.0,,,5.037952256944445e-07,6.533333333333335e-07,1.1571285590277779e-06,1.1571285590277779e-06,0.0,1.0,
374,NFCORE_RANGELAND:RANGELAND:PREPROCESSING:PREPROCESS_CONFIG,1763860964000,1763860964000,1,65.7,,6442450944.0,,,0.0,0.0,0.0,0.0,0.0,1.0,
375,NFCORE_RANGELAND:RANGELAND:PREPROCESSING:PREPROCESS_CONFIG,1763860964000,1763860964000,1,64.6,,6442450944.0,,,0.0,0.0,0.0,0.0,0.0,1.0,
376,NFCORE_RANGELAND:RANGELAND:PREPROCESSING:PREPROCESS_CONFIG,1763860964000,1763860965000,1,62.9,,6442450944.0,,,5.054022280092592e-07,6.533333333333335e-07,1.1587355613425928e-06,1.1587355613425928e-06,0.0,1.0,
377,NFCORE_RANGELAND:RANGELAND:PREPROCESSING:PREPROCESS_CONFIG,1763860965000,1763860965000,1,62.7,,6442450944.0,,,0.0,0.0,0.0,0.0,0.0,1.0,
378,NFCORE_RANGELAND:RANGELAND:PREPROCESSING:PREPROCESS_CONFIG,1763860965000,1763860965000,1,70.7,,6442450944.0,,,0.0,0.0,0.0,0.0,0.0,1.0,
379,NFCORE_RANGELAND:RANGELAND:PREPROCESSING:PREPROCESS_CONFIG,1763860965000,1763860966000,1,68.8,,6442450944.0,,,5.528087962962963e-07,6.533333333333335e-07,1.2061421296296297e-06,1.2061421296296297e-06,0.0,1.0,
380,NFCORE_RANGELAND:RANGELAND:PREPROCESSING:PREPROCESS_CONFIG,1763860966000,1763860966000,1,70.8,,6442450944.0,,,0.0,0.0,0.0,0.0,0.0,1.0,
381,NFCORE_RANGELAND:RANGELAND:PREPROCESSING:PREPROCESS_CONFIG,1763860966000,1763860966000,1,70.3,,6442450944.0,,,0.0,0.0,0.0,0.0,0.0,1.0,
382,NFCORE_RANGELAND:RANGELAND:PREPROCESSING:PREPROCESS_CONFIG,1763860966000,1763860967000,1,62.8,,6442450944.0,,,5.045987268518518e-07,6.533333333333335e-07,1.1579320601851853e-06,1.1579320601851853e-06,0.0,1.0,
383,NFCORE_RANGELAND:RANGELAND:PREPROCESSING:PREPROCESS_CONFIG,1763860967000,1763860967000,1,59.4,,6442450944.0,,,0.0,0.0,0.0,0.0,0.0,1.0,
384,NFCORE_RANGELAND:RANGELAND:PREPROCESSING:PREPROCESS_CONFIG,1763860967000,1763860967000,1,74.6,,6442450944.0,,,0.0,0.0,0.0,0.0,0.0,1.0,
385,NFCORE_RANGELAND:RANGELAND:PREPROCESSING:PREPROCESS_CONFIG,1763860967000,1763860968000,1,61.8,,6442450944.0,,,4.965637152777778e-07,6.533333333333335e-07,1.1498970486111113e-06,1.1498970486111113e-06,0.0,1.0,
386,NFCORE_RANGELAND:RANGELAND:PREPROCESSING:PREPROCESS_CONFIG,1763860968000,1763860968000,1,70.3,,6442450944.0,,,0.0,0.0,0.0,0.0,0.0,1.0,
387,NFCORE_RANGELAND:RANGELAND:PREPROCESSING:PREPROCESS_CONFIG,1763860968000,1763860968000,1,74.0,,6442450944.0,,,0.0,0.0,0.0,0.0,0.0,1.0,
388,NFCORE_RANGELAND:RANGELAND:PREPROCESSING:PREPROCESS_CONFIG,1763860969000,1763860969000,1,67.3,,6442450944.0,,,0.0,0.0,0.0,0.0,0.0,1.0,
389,NFCORE_RANGELAND:RANGELAND:PREPROCESSING:PREPROCESS_CONFIG,1763860969000,1763860970000,1,65.8,,6442450944.0,,,5.28703761574074e-07,6.533333333333335e-07,1.1820370949074075e-06,1.1820370949074075e-06,0.0,1.0,
391,NFCORE_RANGELAND:RANGELAND:PREPROCESSING:PREPROCESS_CONFIG,1763860970000,1763860970000,1,64.2,,6442450944.0,,,0.0,0.0,0.0,0.0,0.0,1.0,
392,NFCORE_RANGELAND:RANGELAND:PREPROCESSING:PREPROCESS_CONFIG,1763860970000,1763860970000,1,65.5,,6442450944.0,,,0.0,0.0,0.0,0.0,0.0,1.0,
393,NFCORE_RANGELAND:RANGELAND:PREPROCESSING:PREPROCESS_CONFIG,1763860970000,1763860971000,1,64.6,,6442450944.0,,,4.995641571969698e-07,6.533333333333335e-07,1.1528974905303032e-06,1.1528974905303032e-06,0.0,1.0,
394,NFCORE_RANGELAND:RANGELAND:PREPROCESSING:PREPROCESS_CONFIG,1763860971000,1763860971000,1,66.7,,6442450944.0,,,0.0,0.0,0.0,0.0,0.0,1.0,
395,NFCORE_RANGELAND:RANGELAND:PREPROCESSING:PREPROCESS_CONFIG,1763860971000,1763860971000,1,74.4,,6442450944.0,,,0.0,0.0,0.0,0.0,0.0,1.0,
396,NFCORE_RANGELAND:RANGELAND:PREPROCESSING:PREPROCESS_CONFIG,1763860971000,1763860972000,1,67.7,,6442450944.0,,,5.439702835648148e-07,6.533333333333335e-07,1.1973036168981484e-06,1.1973036168981484e-06,0.0,1.0,
397,NFCORE_RANGELAND:RANGELAND:PREPROCESSING:PREPROCESS_CONFIG,1763860972000,1763860972000,1,69.6,,6442450944.0,,,0.0,0.0,0.0,0.0,0.0,1.0,
398,NFCORE_RANGELAND:RANGELAND:PREPROCESSING:PREPROCESS_CONFIG,1763860972000,1763860972000,1,71.1,,6442450944.0,,,0.0,0.0,0.0,0.0,0.0,1.0,
399,NFCORE_RANGELAND:RANGELAND:PREPROCESSING:PREPROCESS_CONFIG,1763860972000,1763860972000,1,73.4,,6442450944.0,,,0.0,0.0,0.0,0.0,0.0,1.0,
400,NFCORE_RANGELAND:RANGELAND:PREPROCESSING:PREPROCESS_CONFIG,1763860972000,1763860973000,1,76.5,,6442450944.0,,,6.146783854166666e-07,6.533333333333335e-07,1.2680117187500002e-06,1.2680117187500002e-06,0.0,1.0,
401,NFCORE_RANGELAND:RANGELAND:PREPROCESSING:PREPROCESS_CONFIG,1763860973000,1763860973000,1,75.7,,6442450944.0,,,0.0,0.0,0.0,0.0,0.0,1.0,
402,NFCORE_RANGELAND:RANGELAND:PREPROCESSING:PREPROCESS_CONFIG,1763860973000,1763860973000,1,72.5,,6442450944.0,,,0.0,0.0,0.0,0.0,0.0,1.0,
403,NFCORE_RANGELAND:RANGELAND:PREPROCESSING:PREPROCESS_CONFIG,1763860974000,1763860975000,1,67.6,,6442450944.0,,,5.431667824074074e-07,6.533333333333335e-07,1.196500115740741e-06,1.196500115740741e-06,0.0,1.0,
404,NFCORE_RANGELAND:RANGELAND:PREPROCESSING:PREPROCESS_CONFIG,1763860974000,1763860974000,1,67.4,,6442450944.0,,,0.0,0.0,0.0,0.0,0.0,1.0,
405,NFCORE_RANGELAND:RANGELAND:PREPROCESSING:PREPROCESS_CONFIG,1763860974000,1763860975000,1,66.1,,6442450944.0,,,5.11163944128788e-07,6.533333333333335e-07,1.1644972774621215e-06,1.1644972774621215e-06,0.0,1.0,
406,NFCORE_RANGELAND:RANGELAND:PREPROCESSING:PREPROCESS_CONFIG,1763860974000,1763860975000,1,85.5,,6442450944.0,,,6.611878551136366e-07,6.533333333333335e-07,1.31452118844697e-06,1.31452118844697e-06,0.0,1.0,
407,NFCORE_RANGELAND:RANGELAND:PREPROCESSING:PREPROCESS_CONFIG,1763860975000,1763860975000,1,73.0,,6442450944.0,,,0.0,0.0,0.0,0.0,0.0,1.0,
408,NFCORE_RANGELAND:RANGELAND:PREPROCESSING:PREPROCESS_CONFIG,1763860975000,1763860976000,1,79.3,,6442450944.0,,,6.13242069128788e-07,6.533333333333335e-07,1.2665754024621215e-06,1.2665754024621215e-06,0.0,1.0,
409,NFCORE_RANGELAND:RANGELAND:PREPROCESSING:PREPROCESS_CONFIG,1763860975000,1763860976000,1,44.0,,6442450944.0,,,3.5354050925925923e-07,6.533333333333335e-07,1.0068738425925927e-06,1.0068738425925927e-06,0.0,1.0,
410,NFCORE_RANGELAND:RANGELAND:PREPROCESSING:PREPROCESS_CONFIG,1763860976000,1763860976000,1,44.2,,6442450944.0,,,0.0,0.0,0.0,0.0,0.0,1.0,
411,NFCORE_RANGELAND:RANGELAND:PREPROCESSING:PREPROCESS_CONFIG,1763860976000,1763860976000,1,63.5,,6442450944.0,,,0.0,0.0,0.0,0.0,0.0,1.0,
412,NFCORE_RANGELAND:RANGELAND:PREPROCESSING:PREPROCESS_CONFIG,1763860976000,1763860977000,1,86.2,,6442450944.0,,,6.666010890151518e-07,6.533333333333335e-07,1.3199344223484852e-06,1.3199344223484852e-06,0.0,1.0,
413,NFCORE_RANGELAND:RANGELAND:PREPROCESSING:PREPROCESS_CONFIG,1763860977000,1763860977000,1,78.9,,6442450944.0,,,0.0,0.0,0.0,0.0,0.0,1.0,
414,NFCORE_RANGELAND:RANGELAND:PREPROCESSING:PREPROCESS_CONFIG,1763860977000,1763860978000,1,72.3,,6442450944.0,,,5.591097301136366e-07,6.533333333333335e-07,1.21244306344697e-06,1.21244306344697e-06,0.0,1.0,
415,NFCORE_RANGELAND:RANGELAND:PREPROCESSING:PREPROCESS_CONFIG,1763860978000,1763860978000,1,69.0,,6442450944.0,,,0.0,0.0,0.0,0.0,0.0,1.0,
416,NFCORE_RANGELAND:RANGELAND:PREPROCESSING:PREPROCESS_CONFIG,1763860978000,1763860978000,1,71.1,,6442450944.0,,,0.0,0.0,0.0,0.0,0.0,1.0,
417,NFCORE_RANGELAND:RANGELAND:PREPROCESSING:PREPROCESS_CONFIG,1763860978000,1763860979000,1,64.2,,6442450944.0,,,5.158477430555556e-07,6.533333333333335e-07,1.169181076388889e-06,1.169181076388889e-06,0.0,1.0,
418,NFCORE_RANGELAND:RANGELAND:PREPROCESSING:PREPROCESS_CONFIG,1763860979000,1763860979000,1,76.2,,6442450944.0,,,0.0,0.0,0.0,0.0,0.0,1.0,
419,NFCORE_RANGELAND:RANGELAND:PREPROCESSING:PREPROCESS_CONFIG,1763860979000,1763860979000,1,65.3,,6442450944.0,,,0.0,0.0,0.0,0.0,0.0,1.0,
420,NFCORE_RANGELAND:RANGELAND:PREPROCESSING:PREPROCESS_CONFIG,1763860980000,1763860980000,1,67.4,,6442450944.0,,,0.0,0.0,0.0,0.0,0.0,1.0,
421,NFCORE_RANGELAND:RANGELAND:PREPROCESSING:PREPROCESS_CONFIG,1763860980000,1763860980000,1,85.3,,6442450944.0,,,0.0,0.0,0.0,0.0,0.0,1.0,
422,NFCORE_RANGELAND:RANGELAND:PREPROCESSING:PREPROCESS_CONFIG,1763860980000,1763860981000,1,74.9,,6442450944.0,,,6.018223668981481e-07,6.533333333333335e-07,1.2551557002314815e-06,1.2551557002314815e-06,0.0,1.0,
424,NFCORE_RANGELAND:RANGELAND:PREPROCESSING:PREPROCESS_CONFIG,1763860981000,1763860981000,1,69.7,,6442450944.0,,,0.0,0.0,0.0,0.0,0.0,1.0,
425,NFCORE_RANGELAND:RANGELAND:PREPROCESSING:PREPROCESS_CONFIG,1763860981000,1763860982000,1,54.6,,6442450944.0,,,4.3871163194444447e-07,6.533333333333335e-07,1.092044965277778e-06,1.092044965277778e-06,0.0,1.0,
426,NFCORE_RANGELAND:RANGELAND:PREPROCESSING:PREPROCESS_CONFIG,1763860981000,1763860982000,1,47.1,,6442450944.0,,,3.7844904513888887e-07,6.533333333333335e-07,1.0317823784722224e-06,1.0317823784722224e-06,0.0,1.0,
427,NFCORE_RANGELAND:RANGELAND:PREPROCESSING:PREPROCESS_CONFIG,1763860982000,1763860982000,1,73.1,,6442450944.0,,,0.0,0.0,0.0,0.0,0.0,1.0,
428,NFCORE_RANGELAND:RANGELAND:PREPROCESSING:PREPROCESS_CONFIG,1763860982000,1763860982000,1,67.7,,6442450944.0,,,0.0,0.0,0.0,0.0,0.0,1.0,
429,NFCORE_RANGELAND:RANGELAND:PREPROCESSING:PREPROCESS_CONFIG,1763860982000,1763860983000,1,66.0,,6442450944.0,,,5.303107638888889e-07,6.533333333333335e-07,1.1836440972222222e-06,1.1836440972222222e-06,0.0,1.0,
430,NFCORE_RANGELAND:RANGELAND:PREPROCESSING:PREPROCESS_CONFIG,1763860983000,1763860983000,1,69.6,,6442450944.0,,,0.0,0.0,0.0,0.0,0.0,1.0,
431,NFCORE_RANGELAND:RANGELAND:PREPROCESSING:PREPROCESS_CONFIG,1763860983000,1763860983000,1,75.4,,6442450944.0,,,0.0,0.0,0.0,0.0,0.0,1.0,
432,NFCORE_RANGELAND:RANGELAND:PREPROCESSING:PREPROCESS_CONFIG,1763860983000,1763860984000,1,62.7,,6442450944.0,,,5.037952256944445e-07,6.533333333333335e-07,1.1571285590277779e-06,1.1571285590277779e-06,0.0,1.0,
433,NFCORE_RANGELAND:RANGELAND:PREPROCESSING:PREPROCESS_CONFIG,1763860984000,1763860984000,1,64.6,,6442450944.0,,,0.0,0.0,0.0,0.0,0.0,1.0,
434,NFCORE_RANGELAND:RANGELAND:PREPROCESSING:PREPROCESS_CONFIG,1763860984000,1763860984000,1,69.2,,6442450944.0,,,0.0,0.0,0.0,0.0,0.0,1.0,
435,NFCORE_RANGELAND:RANGELAND:PREPROCESSING:PREPROCESS_CONFIG,1763860984000,1763860985000,1,72.5,,6442450944.0,,,5.825383391203705e-07,6.533333333333335e-07,1.235871672453704e-06,1.235871672453704e-06,0.0,1.0,
436,NFCORE_RANGELAND:RANGELAND:PREPROCESSING:PREPROCESS_CONFIG,1763860985000,1763860985000,1,66.5,,6442450944.0,,,0.0,0.0,0.0,0.0,0.0,1.0,
437,NFCORE_RANGELAND:RANGELAND:PREPROCESSING:PREPROCESS_CONFIG,1763860985000,1763860986000,1,59.9,,6442450944.0,,,4.812971932870371e-07,6.533333333333335e-07,1.1346305266203704e-06,1.1346305266203704e-06,0.0,1.0,
438,NFCORE_RANGELAND:RANGELAND:PREPROCESSING:PREPROCESS_CONFIG,1763860985000,1763860986000,1,79.2,,6442450944.0,,,6.363729166666667e-07,6.533333333333335e-07,1.2897062500000001e-06,1.2897062500000001e-06,0.0,1.0,
439,NFCORE_RANGELAND:RANGELAND:PREPROCESSING:PREPROCESS_CONFIG,1763860986000,1763860986000,1,58.9,,6442450944.0,,,0.0,0.0,0.0,0.0,0.0,1.0,
440,NFCORE_RANGELAND:RANGELAND:PREPROCESSING:PREPROCESS_CONFIG,1763860986000,1763860986000,1,77.3,,6442450944.0,,,0.0,0.0,0.0,0.0,0.0,1.0,
441,NFCORE_RANGELAND:RANGELAND:PREPROCESSING:PREPROCESS_CONFIG,1763860986000,1763860987000,1,62.4,,6442450944.0,,,5.013847222222222e-07,6.533333333333335e-07,1.1547180555555557e-06,1.1547180555555557e-06,0.0,1.0,
442,NFCORE_RANGELAND:RANGELAND:PREPROCESSING:PREPROCESS_CONFIG,1763860987000,1763860987000,1,63.5,,6442450944.0,,,0.0,0.0,0.0,0.0,0.0,1.0,
443,NFCORE_RANGELAND:RANGELAND:PREPROCESSING:PREPROCESS_CONFIG,1763860987000,1763860987000,1,77.0,,6442450944.0,,,0.0,0.0,0.0,0.0,0.0,1.0,
444,NFCORE_RANGELAND:RANGELAND:PREPROCESSING:PREPROCESS_CONFIG,1763860987000,1763860988000,1,68.5,,6442450944.0,,,5.50398292824074e-07,6.533333333333335e-07,1.2037316261574075e-06,1.2037316261574075e-06,0.0,1.0,
445,NFCORE_RANGELAND:RANGELAND:PREPROCESSING:PREPROCESS_CONFIG,1763860988000,1763860988000,1,42.4,,6442450944.0,,,0.0,0.0,0.0,0.0,0.0,1.0,
446,NFCORE_RANGELAND:RANGELAND:PREPROCESSING:PREPROCESS_CONFIG,1763860989000,1763860989000,1,76.0,,6442450944.0,,,0.0,0.0,0.0,0.0,0.0,1.0,
447,NFCORE_RANGELAND:RANGELAND:PREPROCESSING:PREPROCESS_CONFIG,1763860989000,1763860989000,1,79.8,,6442450944.0,,,0.0,0.0,0.0,0.0,0.0,1.0,
448,NFCORE_RANGELAND:RANGELAND:PREPROCESSING:PREPROCESS_CONFIG,1763860989000,1763860989000,1,40.7,,6442450944.0,,,0.0,0.0,0.0,0.0,0.0,1.0,
449,NFCORE_RANGELAND:RANGELAND:PREPROCESSING:PREPROCESS_CONFIG,1763860989000,1763860989000,1,72.9,,6442450944.0,,,0.0,0.0,0.0,0.0,0.0,1.0,
450,NFCORE_RANGELAND:RANGELAND:PREPROCESSING:PREPROCESS_CONFIG,1763860989000,1763860990000,1,66.1,,6442450944.0,,,5.059059895833332e-07,6.533333333333335e-07,1.1592393229166667e-06,1.1592393229166667e-06,0.0,1.0,
451,NFCORE_RANGELAND:RANGELAND:PREPROCESSING:PREPROCESS_CONFIG,1763860990000,1763860990000,1,69.1,,6442450944.0,,,0.0,0.0,0.0,0.0,0.0,1.0,
452,NFCORE_RANGELAND:RANGELAND:PREPROCESSING:PREPROCESS_CONFIG,1763860990000,1763860990000,1,80.0,,6442450944.0,,,0.0,0.0,0.0,0.0,0.0,1.0,
453,NFCORE_RANGELAND:RANGELAND:PREPROCESSING:PREPROCESS_CONFIG,1763860991000,1763860991000,1,86.2,,6442450944.0,,,0.0,0.0,0.0,0.0,0.0,1.0,
454,NFCORE_RANGELAND:RANGELAND:PREPROCESSING:PREPROCESS_CONFIG,1763860991000,1763860991000,1,73.4,,6442450944.0,,,0.0,0.0,0.0,0.0,0.0,1.0,
455,NFCORE_RANGELAND:RANGELAND:PREPROCESSING:PREPROCESS_CONFIG,1763860992000,1763860992000,1,67.1,,6442450944.0,,,0.0,0.0,0.0,0.0,0.0,1.0,
457,NFCORE_RANGELAND:RANGELAND:PREPROCESSING:PREPROCESS_CONFIG,1763860992000,1763860992000,1,75.7,,6442450944.0,,,0.0,0.0,0.0,0.0,0.0,1.0,
458,NFCORE_RANGELAND:RANGELAND:PREPROCESSING:PREPROCESS_CONFIG,1763860992000,1763860993000,1,80.5,,6442450944.0,,,6.161184895833332e-07,6.533333333333335e-07,1.2694518229166667e-06,1.2694518229166667e-06,0.0,1.0,
459,NFCORE_RANGELAND:RANGELAND:PREPROCESSING:PREPROCESS_CONFIG,1763860992000,1763860993000,1,68.1,,6442450944.0,,,5.212132812499999e-07,6.533333333333335e-07,1.1745466145833332e-06,1.1745466145833332e-06,0.0,1.0,
460,NFCORE_RANGELAND:RANGELAND:PREPROCESSING:PREPROCESS_CONFIG,1763860993000,1763860993000,1,44.7,,6442450944.0,,,0.0,0.0,0.0,0.0,0.0,1.0,
461,NFCORE_RANGELAND:RANGELAND:PREPROCESSING:PREPROCESS_CONFIG,1763860993000,1763860994000,1,68.3,,6442450944.0,,,5.281769649621214e-07,6.533333333333335e-07,1.1815102982954547e-06,1.1815102982954547e-06,0.0,1.0,
462,NFCORE_RANGELAND:RANGELAND:PREPROCESSING:PREPROCESS_CONFIG,1763860994000,1763860994000,1,70.5,,6442450944.0,,,0.0,0.0,0.0,0.0,0.0,1.0,
463,NFCORE_RANGELAND:RANGELAND:PREPROCESSING:PREPROCESS_CONFIG,1763860994000,1763860994000,1,71.6,,6442450944.0,,,0.0,0.0,0.0,0.0,0.0,1.0,
464,NFCORE_RANGELAND:RANGELAND:PREPROCESSING:PREPROCESS_CONFIG,1763860994000,1763860994000,1,75.5,,6442450944.0,,,0.0,0.0,0.0,0.0,0.0,1.0,
465,NFCORE_RANGELAND:RANGELAND:PREPROCESSING:PREPROCESS_CONFIG,1763860995000,1763860995000,1,67.7,,6442450944.0,,,0.0,0.0,0.0,0.0,0.0,1.0,
466,NFCORE_RANGELAND:RANGELAND:PREPROCESSING:PREPROCESS_CONFIG,1763860995000,1763860995000,1,69.6,,6442450944.0,,,0.0,0.0,0.0,0.0,0.0,1.0,
467,NFCORE_RANGELAND:RANGELAND:PREPROCESSING:PREPROCESS_CONFIG,1763860995000,1763860996000,1,73.5,,6442450944.0,,,5.6254296875e-07,6.533333333333335e-07,1.2158763020833335e-06,1.2158763020833335e-06,0.0,1.0,
468,NFCORE_RANGELAND:RANGELAND:PREPROCESSING:PREPROCESS_CONFIG,1763860996000,1763860996000,1,68.5,,6442450944.0,,,0.0,0.0,0.0,0.0,0.0,1.0,
469,NFCORE_RANGELAND:RANGELAND:PREPROCESSING:PREPROCESS_CONFIG,1763860996000,1763860996000,1,71.1,,6442450944.0,,,0.0,0.0,0.0,0.0,0.0,1.0,
470,NFCORE_RANGELAND:RANGELAND:PREPROCESSING:PREPROCESS_CONFIG,1763860996000,1763860996000,1,77.2,,6442450944.0,,,0.0,0.0,0.0,0.0,0.0,1.0,
471,NFCORE_RANGELAND:RANGELAND:PREPROCESSING:PREPROCESS_CONFIG,1763860996000,1763860997000,1,62.7,,6442450944.0,,,5.037952256944445e-07,6.533333333333335e-07,1.1571285590277779e-06,1.1571285590277779e-06,0.0,1.0,
472,NFCORE_RANGELAND:RANGELAND:PREPROCESSING:PREPROCESS_CONFIG,1763860997000,1763860997000,1,75.7,,6442450944.0,,,0.0,0.0,0.0,0.0,0.0,1.0,
473,NFCORE_RANGELAND:RANGELAND:PREPROCESSING:PREPROCESS_CONFIG,1763860997000,1763860998000,1,64.4,,6442450944.0,,,4.928947916666666e-07,6.533333333333335e-07,1.146228125e-06,1.146228125e-06,0.0,1.0,
474,NFCORE_RANGELAND:RANGELAND:PREPROCESSING:PREPROCESS_CONFIG,1763860997000,1763860998000,1,69.1,,6442450944.0,,,5.552192997685185e-07,6.533333333333335e-07,1.208552633101852e-06,1.208552633101852e-06,0.0,1.0,
475,NFCORE_RANGELAND:RANGELAND:PREPROCESSING:PREPROCESS_CONFIG,1763860998000,1763860998000,1,81.5,,6442450944.0,,,0.0,0.0,0.0,0.0,0.0,1.0,
476,NFCORE_RANGELAND:RANGELAND:PREPROCESSING:PREPROCESS_CONFIG,1763860998000,1763860998000,1,66.3,,6442450944.0,,,0.0,0.0,0.0,0.0,0.0,1.0,
477,NFCORE_RANGELAND:RANGELAND:PREPROCESSING:PREPROCESS_CONFIG,1763860998000,1763860999000,1,70.7,,6442450944.0,,,5.411127604166665e-07,6.533333333333335e-07,1.19444609375e-06,1.19444609375e-06,0.0,1.0,
478,NFCORE_RANGELAND:RANGELAND:PREPROCESSING:PREPROCESS_CONFIG,1763860999000,1763860999000,1,69.2,,6442450944.0,,,0.0,0.0,0.0,0.0,0.0,1.0,
479,NFCORE_RANGELAND:RANGELAND:PREPROCESSING:PREPROCESS_CONFIG,1763860999000,1763860999000,1,80.6,,6442450944.0,,,0.0,0.0,0.0,0.0,0.0,1.0,
480,NFCORE_RANGELAND:RANGELAND:PREPROCESSING:PREPROCESS_CONFIG,1763861000000,1763861000000,1,76.5,,6442450944.0,,,0.0,0.0,0.0,0.0,0.0,1.0,
481,NFCORE_RANGELAND:RANGELAND:PREPROCESSING:PREPROCESS_CONFIG,1763861000000,1763861000000,1,67.0,,6442450944.0,,,0.0,0.0,0.0,0.0,0.0,1.0,
482,NFCORE_RANGELAND:RANGELAND:PREPROCESSING:PREPROCESS_CONFIG,1763861000000,1763861001000,1,74.9,,6442450944.0,,,5.732580729166666e-07,6.533333333333335e-07,1.22659140625e-06,1.22659140625e-06,0.0,1.0,
483,NFCORE_RANGELAND:RANGELAND:PREPROCESSING:PREPROCESS_CONFIG,1763861001000,1763861001000,1,65.9,,6442450944.0,,,0.0,0.0,0.0,0.0,0.0,1.0,
484,NFCORE_RANGELAND:RANGELAND:PREPROCESSING:PREPROCESS_CONFIG,1763861001000,1763861001000,1,66.5,,6442450944.0,,,0.0,0.0,0.0,0.0,0.0,1.0,
485,NFCORE_RANGELAND:RANGELAND:PREPROCESSING:PREPROCESS_CONFIG,1763861001000,1763861002000,1,75.7,,6442450944.0,,,5.793809895833333e-07,6.533333333333335e-07,1.2327143229166668e-06,1.2327143229166668e-06,0.0,1.0,
486,NFCORE_RANGELAND:RANGELAND:PREPROCESSING:PREPROCESS_CONFIG,1763861002000,1763861002000,1,75.1,,6442450944.0,,,0.0,0.0,0.0,0.0,0.0,1.0,
487,NFCORE_RANGELAND:RANGELAND:PREPROCESSING:PREPROCESS_CONFIG,1763861002000,1763861002000,1,91.4,,6442450944.0,,,0.0,0.0,0.0,0.0,0.0,1.0,
488,NFCORE_RANGELAND:RANGELAND:PREPROCESSING:PREPROCESS_CONFIG,1763861003000,1763861003000,1,71.0,,6442450944.0,,,0.0,0.0,0.0,0.0,0.0,1.0,
490,NFCORE_RANGELAND:RANGELAND:PREPROCESSING:PREPROCESS_CONFIG,1763861003000,1763861003000,1,66.2,,6442450944.0,,,0.0,0.0,0.0,0.0,0.0,1.0,
491,NFCORE_RANGELAND:RANGELAND:PREPROCESSING:PREPROCESS_CONFIG,1763861003000,1763861004000,1,59.9,,6442450944.0,,,4.584533854166666e-07,6.533333333333335e-07,1.11178671875e-06,1.11178671875e-06,0.0,1.0,
492,NFCORE_RANGELAND:RANGELAND:PREPROCESSING:PREPROCESS_CONFIG,1763861004000,1763861004000,1,69.7,,6442450944.0,,,0.0,0.0,0.0,0.0,0.0,1.0,
493,NFCORE_RANGELAND:RANGELAND:PREPROCESSING:PREPROCESS_CONFIG,1763861004000,1763861004000,1,65.5,,6442450944.0,,,0.0,0.0,0.0,0.0,0.0,1.0,
494,NFCORE_RANGELAND:RANGELAND:PREPROCESSING:PREPROCESS_CONFIG,1763861004000,1763861005000,1,75.2,,6442450944.0,,,5.815359848484851e-07,6.533333333333335e-07,1.2348693181818187e-06,1.2348693181818187e-06,0.0,1.0,
495,NFCORE_RANGELAND:RANGELAND:PREPROCESSING:PREPROCESS_CONFIG,1763861005000,1763861005000,1,78.9,,6442450944.0,,,0.0,0.0,0.0,0.0,0.0,1.0,
496,NFCORE_RANGELAND:RANGELAND:PREPROCESSING:PREPROCESS_CONFIG,1763861005000,1763861005000,1,65.3,,6442450944.0,,,0.0,0.0,0.0,0.0,0.0,1.0,
497,NFCORE_RANGELAND:RANGELAND:PREPROCESSING:PREPROCESS_CONFIG,1763861005000,1763861006000,1,71.6,,6442450944.0,,,5.536964962121213e-07,6.533333333333335e-07,1.2070298295454546e-06,1.2070298295454546e-06,0.0,1.0,
498,NFCORE_RANGELAND:RANGELAND:PREPROCESSING:PREPROCESS_CONFIG,1763861006000,1763861006000,1,69.4,,6442450944.0,,,0.0,0.0,0.0,0.0,0.0,1.0,
499,NFCORE_RANGELAND:RANGELAND:PREPROCESSING:PREPROCESS_CONFIG,1763861006000,1763861006000,1,69.0,,6442450944.0,,,0.0,0.0,0.0,0.0,0.0,1.0,
500,NFCORE_RANGELAND:RANGELAND:PREPROCESSING:PREPROCESS_CONFIG,1763861006000,1763861007000,1,61.2,,6442450944.0,,,4.800342803030303e-07,6.533333333333335e-07,1.1333676136363637e-06,1.1333676136363637e-06,0.0,1.0,
501,NFCORE_RANGELAND:RANGELAND:PREPROCESSING:PREPROCESS_CONFIG,1763861007000,1763861007000,1,62.9,,6442450944.0,,,0.0,0.0,0.0,0.0,0.0,1.0,
502,NFCORE_RANGELAND:RANGELAND:PREPROCESSING:PREPROCESS_CONFIG,1763861007000,1763861007000,1,69.8,,6442450944.0,,,0.0,0.0,0.0,0.0,0.0,1.0,
503,NFCORE_RANGELAND:RANGELAND:PREPROCESSING:PREPROCESS_CONFIG,1763861007000,1763861008000,1,72.5,,6442450944.0,,,5.606563683712123e-07,6.533333333333335e-07,1.2139897017045459e-06,1.2139897017045459e-06,0.0,1.0,
504,NFCORE_RANGELAND:RANGELAND:PREPROCESSING:PREPROCESS_CONFIG,1763861008000,1763861008000,1,72.6,,6442450944.0,,,0.0,0.0,0.0,0.0,0.0,1.0,
505,NFCORE_RANGELAND:RANGELAND:PREPROCESSING:PREPROCESS_CONFIG,1763861008000,1763861008000,1,75.5,,6442450944.0,,,0.0,0.0,0.0,0.0,0.0,1.0,
506,NFCORE_RANGELAND:RANGELAND:PREPROCESSING:PREPROCESS_CONFIG,1763861008000,1763861009000,1,68.5,,6442450944.0,,,5.297236032196971e-07,6.533333333333335e-07,1.1830569365530306e-06,1.1830569365530306e-06,0.0,1.0,
507,NFCORE_RANGELAND:RANGELAND:PREPROCESSING:PREPROCESS_CONFIG,1763861009000,1763861009000,1,66.9,,6442450944.0,,,0.0,0.0,0.0,0.0,0.0,1.0,
508,NFCORE_RANGELAND:RANGELAND:PREPROCESSING:PREPROCESS_CONFIG,1763861009000,1763861009000,1,73.9,,6442450944.0,,,0.0,0.0,0.0,0.0,0.0,1.0,
509,NFCORE_RANGELAND:RANGELAND:PREPROCESSING:PREPROCESS_CONFIG,1763861009000,1763861010000,1,65.8,,6442450944.0,,,5.161152882996633e-07,6.533333333333335e-07,1.1694486216329969e-06,1.1694486216329969e-06,0.0,1.0,
510,NFCORE_RANGELAND:RANGELAND:PREPROCESSING:PREPROCESS_CONFIG,1763861010000,1763861010000,1,61.2,,6442450944.0,,,0.0,0.0,0.0,0.0,0.0,1.0,
511,NFCORE_RANGELAND:RANGELAND:PREPROCESSING:PREPROCESS_CONFIG,1763861010000,1763861011000,1,75.7,,6442450944.0,,,5.854025804924245e-07,6.533333333333335e-07,1.2387359138257578e-06,1.2387359138257578e-06,0.0,1.0,
512,NFCORE_RANGELAND:RANGELAND:PREPROCESSING:PREPROCESS_CONFIG,1763861011000,1763861011000,1,66.7,,6442450944.0,,,0.0,0.0,0.0,0.0,0.0,1.0,
513,NFCORE_RANGELAND:RANGELAND:PREPROCESSING:PREPROCESS_CONFIG,1763861011000,1763861011000,1,66.5,,6442450944.0,,,0.0,0.0,0.0,0.0,0.0,1.0,
514,NFCORE_RANGELAND:RANGELAND:PREPROCESSING:PREPROCESS_CONFIG,1763861011000,1763861012000,1,70.7,,6442450944.0,,,5.467366240530306e-07,6.533333333333335e-07,1.200069957386364e-06,1.200069957386364e-06,0.0,1.0,
515,NFCORE_RANGELAND:RANGELAND:PREPROCESSING:PREPROCESS_CONFIG,1763861012000,1763861012000,1,72.1,,6442450944.0,,,0.0,0.0,0.0,0.0,0.0,1.0,
516,NFCORE_RANGELAND:RANGELAND:PREPROCESSING:PREPROCESS_CONFIG,1763861012000,1763861012000,1,67.3,,6442450944.0,,,0.0,0.0,0.0,0.0,0.0,1.0,
517,NFCORE_RANGELAND:RANGELAND:PREPROCESSING:PREPROCESS_CONFIG,1763861012000,1763861013000,1,68.4,,6442450944.0,,,5.365089015151515e-07,6.533333333333335e-07,1.1898422348484849e-06,1.1898422348484849e-06,0.0,1.0,
518,NFCORE_RANGELAND:RANGELAND:PREPROCESSING:PREPROCESS_CONFIG,1763861013000,1763861013000,1,72.2,,6442450944.0,,,0.0,0.0,0.0,0.0,0.0,1.0,
519,NFCORE_RANGELAND:RANGELAND:PREPROCESSING:PREPROCESS_CONFIG,1763861013000,1763861013000,1,88.9,,6442450944.0,,,0.0,0.0,0.0,0.0,0.0,1.0,
520,NFCORE_RANGELAND:RANGELAND:PREPROCESSING:PREPROCESS_CONFIG,1763861013000,1763861014000,1,88.3,,6442450944.0,,,6.828407907196971e-07,6.533333333333335e-07,1.3361741240530306e-06,1.3361741240530306e-06,0.0,1.0,
521,NFCORE_RANGELAND:RANGELAND:PREPROCESSING:PREPROCESS_CONFIG,1763861014000,1763861014000,1,71.1,,6442450944.0,,,0.0,0.0,0.0,0.0,0.0,1.0,
523,NFCORE_RANGELAND:RANGELAND:PREPROCESSING:PREPROCESS_CONFIG,1763861014000,1763861015000,1,70.7,,6442450944.0,,,5.467366240530306e-07,6.533333333333335e-07,1.200069957386364e-06,1.200069957386364e-06,0.0,1.0,
524,NFCORE_RANGELAND:RANGELAND:PREPROCESSING:PREPROCESS_CONFIG,1763861015000,1763861015000,1,71.1,,6442450944.0,,,0.0,0.0,0.0,0.0,0.0,1.0,
525,NFCORE_RANGELAND:RANGELAND:PREPROCESSING:PREPROCESS_CONFIG,1763861015000,1763861015000,1,69.3,,6442450944.0,,,0.0,0.0,0.0,0.0,0.0,1.0,
526,NFCORE_RANGELAND:RANGELAND:PREPROCESSING:PREPROCESS_CONFIG,1763861015000,1763861015000,1,75.7,,6442450944.0,,,0.0,0.0,0.0,0.0,0.0,1.0,
527,NFCORE_RANGELAND:RANGELAND:PREPROCESSING:PREPROCESS_CONFIG,1763861016000,1763861016000,1,77.6,,6442450944.0,,,0.0,0.0,0.0,0.0,0.0,1.0,
528,NFCORE_RANGELAND:RANGELAND:PREPROCESSING:PREPROCESS_CONFIG,1763861016000,1763861016000,1,66.1,,6442450944.0,,,0.0,0.0,0.0,0.0,0.0,1.0,
529,NFCORE_RANGELAND:RANGELAND:PREPROCESSING:PREPROCESS_CONFIG,1763861016000,1763861016000,1,58.5,,6442450944.0,,,0.0,0.0,0.0,0.0,0.0,1.0,
530,NFCORE_RANGELAND:RANGELAND:PREPROCESSING:PREPROCESS_CONFIG,1763861016000,1763861017000,1,77.1,,6442450944.0,,,6.047490688131312e-07,6.533333333333335e-07,1.2580824021464647e-06,1.2580824021464647e-06,0.0,1.0,
531,NFCORE_RANGELAND:RANGELAND:PREPROCESSING:PREPROCESS_CONFIG,1763861017000,1763861017000,1,74.0,,6442450944.0,,,0.0,0.0,0.0,0.0,0.0,1.0,
532,NFCORE_RANGELAND:RANGELAND:PREPROCESSING:PREPROCESS_CONFIG,1763861017000,1763861017000,1,68.7,,6442450944.0,,,0.0,0.0,0.0,0.0,0.0,1.0,
533,NFCORE_RANGELAND:RANGELAND:PREPROCESSING:PREPROCESS_CONFIG,1763861017000,1763861018000,1,62.2,,6442450944.0,,,4.810044981060607e-07,6.533333333333335e-07,1.134337831439394e-06,1.134337831439394e-06,0.0,1.0,
534,NFCORE_RANGELAND:RANGELAND:PREPROCESSING:PREPROCESS_CONFIG,1763861018000,1763861018000,1,73.8,,6442450944.0,,,0.0,0.0,0.0,0.0,0.0,1.0,
535,NFCORE_RANGELAND:RANGELAND:PREPROCESSING:PREPROCESS_CONFIG,1763861018000,1763861018000,1,49.2,,6442450944.0,,,0.0,0.0,0.0,0.0,0.0,1.0,
536,NFCORE_RANGELAND:RANGELAND:PREPROCESSING:PREPROCESS_CONFIG,1763861018000,1763861019000,1,75.0,,6442450944.0,,,5.799893465909093e-07,6.533333333333335e-07,1.2333226799242429e-06,1.2333226799242429e-06,0.0,1.0,
537,NFCORE_RANGELAND:RANGELAND:PREPROCESSING:PREPROCESS_CONFIG,1763861019000,1763861019000,1,66.3,,6442450944.0,,,0.0,0.0,0.0,0.0,0.0,1.0,
538,NFCORE_RANGELAND:RANGELAND:PREPROCESSING:PREPROCESS_CONFIG,1763861019000,1763861019000,1,54.4,,6442450944.0,,,0.0,0.0,0.0,0.0,0.0,1.0,
539,NFCORE_RANGELAND:RANGELAND:PREPROCESSING:PREPROCESS_CONFIG,1763861019000,1763861020000,1,72.5,,6442450944.0,,,5.686680608164983e-07,6.533333333333335e-07,1.2220013941498317e-06,1.2220013941498317e-06,0.0,1.0,
540,NFCORE_RANGELAND:RANGELAND:PREPROCESSING:PREPROCESS_CONFIG,1763861020000,1763861020000,1,76.9,,6442450944.0,,,0.0,0.0,0.0,0.0,0.0,1.0,
541,NFCORE_RANGELAND:RANGELAND:PREPROCESSING:PREPROCESS_CONFIG,1763861020000,1763861020000,1,75.5,,6442450944.0,,,0.0,0.0,0.0,0.0,0.0,1.0,
542,NFCORE_RANGELAND:RANGELAND:PREPROCESSING:PREPROCESS_CONFIG,1763861020000,1763861020000,1,72.3,,6442450944.0,,,0.0,0.0,0.0,0.0,0.0,1.0,
543,NFCORE_RANGELAND:RANGELAND:PREPROCESSING:PREPROCESS_CONFIG,1763861020000,1763861021000,1,73.8,,6442450944.0,,,5.707095170454548e-07,6.533333333333335e-07,1.2240428503787883e-06,1.2240428503787883e-06,0.0,1.0,
544,NFCORE_RANGELAND:RANGELAND:PREPROCESSING:PREPROCESS_CONFIG,1763861021000,1763861021000,1,57.3,,6442450944.0,,,0.0,0.0,0.0,0.0,0.0,1.0,
545,NFCORE_RANGELAND:RANGELAND:PREPROCESSING:PREPROCESS_CONFIG,1763861021000,1763861021000,1,70.7,,6442450944.0,,,0.0,0.0,0.0,0.0,0.0,1.0,
546,NFCORE_RANGELAND:RANGELAND:PREPROCESSING:PREPROCESS_CONFIG,1763861021000,1763861021000,1,65.7,,6442450944.0,,,0.0,0.0,0.0,0.0,0.0,1.0,
547,NFCORE_RANGELAND:RANGELAND:PREPROCESSING:PREPROCESS_CONFIG,1763861021000,1763861022000,1,71.2,,6442450944.0,,,5.506032196969699e-07,6.533333333333335e-07,1.2039365530303034e-06,1.2039365530303034e-06,0.0,1.0,
548,NFCORE_RANGELAND:RANGELAND:PREPROCESSING:PREPROCESS_CONFIG,1763861022000,1763861022000,1,46.0,,6442450944.0,,,0.0,0.0,0.0,0.0,0.0,1.0,
549,NFCORE_RANGELAND:RANGELAND:PREPROCESSING:PREPROCESS_CONFIG,1763861022000,1763861022000,1,64.9,,6442450944.0,,,0.0,0.0,0.0,0.0,0.0,1.0,
550,NFCORE_RANGELAND:RANGELAND:PREPROCESSING:PREPROCESS_CONFIG,1763861022000,1763861022000,1,79.0,,6442450944.0,,,0.0,0.0,0.0,0.0,0.0,1.0,
551,NFCORE_RANGELAND:RANGELAND:PREPROCESSING:PREPROCESS_CONFIG,1763861022000,1763861022000,1,69.6,,6442450944.0,,,0.0,0.0,0.0,0.0,0.0,1.0,
552,NFCORE_RANGELAND:RANGELAND:PREPROCESSING:PREPROCESS_CONFIG,1763861022000,1763861023000,1,74.9,,6442450944.0,,,5.792160274621214e-07,6.533333333333335e-07,1.232549360795455e-06,1.232549360795455e-06,0.0,1.0,
553,NFCORE_RANGELAND:RANGELAND:PREPROCESSING:PREPROCESS_CONFIG,1763861023000,1763861023000,1,69.8,,6442450944.0,,,0.0,0.0,0.0,0.0,0.0,1.0,
554,NFCORE_RANGELAND:RANGELAND:PREPROCESSING:PREPROCESS_CONFIG,1763861023000,1763861023000,1,76.4,,6442450944.0,,,0.0,0.0,0.0,0.0,0.0,1.0,
556,NFCORE_RANGELAND:RANGELAND:PREPROCESSING:PREPROCESS_CONFIG,1763861023000,1763861024000,1,89.8,,6442450944.0,,,6.944405776515154e-07,6.533333333333335e-07,1.3477739109848489e-06,1.3477739109848489e-06,0.0,1.0,
557,NFCORE_RANGELAND:RANGELAND:PREPROCESSING:PREPROCESS_CONFIG,1763861024000,1763861024000,1,71.4,,6442450944.0,,,0.0,0.0,0.0,0.0,0.0,1.0,
558,NFCORE_RANGELAND:RANGELAND:PREPROCESSING:PREPROCESS_CONFIG,1763861024000,1763861024000,1,75.4,,6442450944.0,,,0.0,0.0,0.0,0.0,0.0,1.0,
559,NFCORE_RANGELAND:RANGELAND:PREPROCESSING:PREPROCESS_CONFIG,1763861024000,1763861024000,1,67.8,,6442450944.0,,,0.0,0.0,0.0,0.0,0.0,1.0,
560,NFCORE_RANGELAND:RANGELAND:PREPROCESSING:PREPROCESS_CONFIG,1763861024000,1763861025000,1,64.4,,6442450944.0,,,4.980175189393942e-07,6.533333333333335e-07,1.1513508522727278e-06,1.1513508522727278e-06,0.0,1.0,
561,NFCORE_RANGELAND:RANGELAND:PREPROCESSING:PREPROCESS_CONFIG,1763861024000,1763861025000,1,77.5,,6442450944.0,,,5.993223248106063e-07,6.533333333333335e-07,1.2526556581439399e-06,1.2526556581439399e-06,0.0,1.0,
562,NFCORE_RANGELAND:RANGELAND:PREPROCESSING:PREPROCESS_CONFIG,1763861025000,1763861025000,1,79.3,,6442450944.0,,,0.0,0.0,0.0,0.0,0.0,1.0,
563,NFCORE_RANGELAND:RANGELAND:PREPROCESSING:PREPROCESS_CONFIG,1763861025000,1763861025000,1,49.4,,6442450944.0,,,0.0,0.0,0.0,0.0,0.0,1.0,
564,NFCORE_RANGELAND:RANGELAND:PREPROCESSING:PREPROCESS_CONFIG,1763861025000,1763861025000,1,68.5,,6442450944.0,,,0.0,0.0,0.0,0.0,0.0,1.0,
565,NFCORE_RANGELAND:RANGELAND:PREPROCESSING:PREPROCESS_CONFIG,1763861025000,1763861026000,1,69.1,,6442450944.0,,,5.343635179924244e-07,6.533333333333335e-07,1.1876968513257578e-06,1.1876968513257578e-06,0.0,1.0,
566,NFCORE_RANGELAND:RANGELAND:PREPROCESSING:PREPROCESS_CONFIG,1763861026000,1763861026000,1,68.5,,6442450944.0,,,0.0,0.0,0.0,0.0,0.0,1.0,
567,NFCORE_RANGELAND:RANGELAND:PREPROCESSING:PREPROCESS_CONFIG,1763861026000,1763861026000,1,73.4,,6442450944.0,,,0.0,0.0,0.0,0.0,0.0,1.0,
568,NFCORE_RANGELAND:RANGELAND:PREPROCESSING:PREPROCESS_CONFIG,1763861026000,1763861027000,1,78.3,,6442450944.0,,,6.055088778409093e-07,6.533333333333335e-07,1.2588422111742428e-06,1.2588422111742428e-06,0.0,1.0,
569,NFCORE_RANGELAND:RANGELAND:PREPROCESSING:PREPROCESS_CONFIG,1763861026000,1763861027000,1,74.5,,6442450944.0,,,5.761227509469698e-07,6.533333333333335e-07,1.2294560842803033e-06,1.2294560842803033e-06,0.0,1.0,
570,NFCORE_RANGELAND:RANGELAND:PREPROCESSING:PREPROCESS_CONFIG,1763861026000,1763861027000,1,80.8,,6442450944.0,,,6.248418560606063e-07,6.533333333333335e-07,1.2781751893939398e-06,1.2781751893939398e-06,0.0,1.0,
571,NFCORE_RANGELAND:RANGELAND:PREPROCESSING:PREPROCESS_CONFIG,1763861027000,1763861027000,1,70.3,,6442450944.0,,,0.0,0.0,0.0,0.0,0.0,1.0,
572,NFCORE_RANGELAND:RANGELAND:PREPROCESSING:PREPROCESS_CONFIG,1763861027000,1763861028000,1,75.4,,6442450944.0,,,5.830826231060607e-07,6.533333333333335e-07,1.236415956439394e-06,1.236415956439394e-06,0.0,1.0,
573,NFCORE_RANGELAND:RANGELAND:PREPROCESSING:PREPROCESS_CONFIG,1763861028000,1763861028000,1,78.3,,6442450944.0,,,0.0,0.0,0.0,0.0,0.0,1.0,
574,NFCORE_RANGELAND:RANGELAND:PREPROCESSING:PREPROCESS_CONFIG,1763861028000,1763861028000,1,70.2,,6442450944.0,,,0.0,0.0,0.0,0.0,0.0,1.0,
575,NFCORE_RANGELAND:RANGELAND:PREPROCESSING:PREPROCESS_CONFIG,1763861028000,1763861028000,1,70.9,,6442450944.0,,,0.0,0.0,0.0,0.0,0.0,1.0,
576,NFCORE_RANGELAND:RANGELAND:PREPROCESSING:PREPROCESS_CONFIG,1763861029000,1763861029000,1,63.3,,6442450944.0,,,0.0,0.0,0.0,0.0,0.0,1.0,
577,NFCORE_RANGELAND:RANGELAND:PREPROCESSING:PREPROCESS_CONFIG,1763861029000,1763861029000,1,71.5,,6442450944.0,,,0.0,0.0,0.0,0.0,0.0,1.0,
578,NFCORE_RANGELAND:RANGELAND:PREPROCESSING:PREPROCESS_CONFIG,1763861029000,1763861030000,1,74.1,,6442450944.0,,,5.730294744318184e-07,6.533333333333335e-07,1.2263628077651519e-06,1.2263628077651519e-06,0.0,1.0,
579,NFCORE_RANGELAND:RANGELAND:PREPROCESSING:PREPROCESS_CONFIG,1763861030000,1763861030000,1,64.9,,6442450944.0,,,0.0,0.0,0.0,0.0,0.0,1.0,
580,NFCORE_RANGELAND:RANGELAND:PREPROCESSING:PREPROCESS_CONFIG,1763861030000,1763861030000,1,75.6,,6442450944.0,,,0.0,0.0,0.0,0.0,0.0,1.0,
581,NFCORE_RANGELAND:RANGELAND:PREPROCESSING:PREPROCESS_CONFIG,1763861030000,1763861031000,1,80.2,,6442450944.0,,,6.202019412878789e-07,6.533333333333335e-07,1.2735352746212123e-06,1.2735352746212123e-06,0.0,1.0,
582,NFCORE_RANGELAND:RANGELAND:PREPROCESSING:PREPROCESS_CONFIG,1763861031000,1763861031000,1,69.8,,6442450944.0,,,0.0,0.0,0.0,0.0,0.0,1.0,
583,NFCORE_RANGELAND:RANGELAND:PREPROCESSING:PREPROCESS_CONFIG,1763861031000,1763861031000,1,74.7,,6442450944.0,,,0.0,0.0,0.0,0.0,0.0,1.0,
584,NFCORE_RANGELAND:RANGELAND:PREPROCESSING:PREPROCESS_CONFIG,1763861031000,1763861032000,1,67.5,,6442450944.0,,,5.219904119318184e-07,6.533333333333335e-07,1.1753237452651519e-06,1.1753237452651519e-06,0.0,1.0,
585,NFCORE_RANGELAND:RANGELAND:PREPROCESSING:PREPROCESS_CONFIG,1763861032000,1763861032000,1,74.4,,6442450944.0,,,0.0,0.0,0.0,0.0,0.0,1.0,
586,NFCORE_RANGELAND:RANGELAND:PREPROCESSING:PREPROCESS_CONFIG,1763861032000,1763861032000,1,62.7,,6442450944.0,,,0.0,0.0,0.0,0.0,0.0,1.0,
587,NFCORE_RANGELAND:RANGELAND:PREPROCESSING:PREPROCESS_CONFIG,1763861033000,1763861033000,1,78.7,,6442450944.0,,,0.0,0.0,0.0,0.0,0.0,1.0,
589,NFCORE_RANGELAND:RANGELAND:PREPROCESSING:PREPROCESS_CONFIG,1763861033000,1763861033000,1,66.7,,6442450944.0,,,0.0,0.0,0.0,0.0,0.0,1.0,
590,NFCORE_RANGELAND:RANGELAND:PREPROCESSING:PREPROCESS_CONFIG,1763861033000,1763861034000,1,84.2,,6442450944.0,,,6.765479745370371e-07,6.533333333333335e-07,1.3298813078703706e-06,1.3298813078703706e-06,0.0,1.0,
591,NFCORE_RANGELAND:RANGELAND:PREPROCESSING:PREPROCESS_CONFIG,1763861033000,1763861034000,1,64.2,,6442450944.0,,,5.035653724747475e-07,6.533333333333335e-07,1.156898705808081e-06,1.156898705808081e-06,0.0,1.0,
592,NFCORE_RANGELAND:RANGELAND:PREPROCESSING:PREPROCESS_CONFIG,1763861034000,1763861034000,1,67.9,,6442450944.0,,,0.0,0.0,0.0,0.0,0.0,1.0,
593,NFCORE_RANGELAND:RANGELAND:PREPROCESSING:PREPROCESS_CONFIG,1763861034000,1763861034000,1,66.5,,6442450944.0,,,0.0,0.0,0.0,0.0,0.0,1.0,
594,NFCORE_RANGELAND:RANGELAND:PREPROCESSING:PREPROCESS_CONFIG,1763861035000,1763861035000,1,51.1,,6442450944.0,,,0.0,0.0,0.0,0.0,0.0,1.0,
595,NFCORE_RANGELAND:RANGELAND:PREPROCESSING:PREPROCESS_CONFIG,1763861035000,1763861035000,1,69.6,,6442450944.0,,,0.0,0.0,0.0,0.0,0.0,1.0,
596,NFCORE_RANGELAND:RANGELAND:PREPROCESSING:PREPROCESS_CONFIG,1763861035000,1763861035000,1,69.1,,6442450944.0,,,0.0,0.0,0.0,0.0,0.0,1.0,
597,NFCORE_RANGELAND:RANGELAND:PREPROCESSING:PREPROCESS_CONFIG,1763861035000,1763861036000,1,64.9,,6442450944.0,,,5.214722511574075e-07,6.533333333333335e-07,1.174805584490741e-06,1.174805584490741e-06,0.0,1.0,
598,NFCORE_RANGELAND:RANGELAND:PREPROCESSING:PREPROCESS_CONFIG,1763861036000,1763861036000,1,61.9,,6442450944.0,,,0.0,0.0,0.0,0.0,0.0,1.0,
599,NFCORE_RANGELAND:RANGELAND:PREPROCESSING:PREPROCESS_CONFIG,1763861036000,1763861036000,1,74.2,,6442450944.0,,,0.0,0.0,0.0,0.0,0.0,1.0,
600,NFCORE_RANGELAND:RANGELAND:PREPROCESSING:PREPROCESS_CONFIG,1763861037000,1763861037000,1,73.4,,6442450944.0,,,0.0,0.0,0.0,0.0,0.0,1.0,
601,NFCORE_RANGELAND:RANGELAND:PREPROCESSING:PREPROCESS_CONFIG,1763861037000,1763861037000,1,76.6,,6442450944.0,,,0.0,0.0,0.0,0.0,0.0,1.0,
602,NFCORE_RANGELAND:RANGELAND:PREPROCESSING:PREPROCESS_CONFIG,1763861037000,1763861037000,1,63.3,,6442450944.0,,,0.0,0.0,0.0,0.0,0.0,1.0,
603,NFCORE_RANGELAND:RANGELAND:PREPROCESSING:PREPROCESS_CONFIG,1763861038000,1763861038000,1,74.9,,6442450944.0,,,0.0,0.0,0.0,0.0,0.0,1.0,
604,NFCORE_RANGELAND:RANGELAND:PREPROCESSING:PREPROCESS_CONFIG,1763861038000,1763861038000,1,64.3,,6442450944.0,,,0.0,0.0,0.0,0.0,0.0,1.0,
605,NFCORE_RANGELAND:RANGELAND:PREPROCESSING:PREPROCESS_CONFIG,1763861038000,1763861039000,1,74.1,,6442450944.0,,,5.812179766414141e-07,6.533333333333335e-07,1.2345513099747476e-06,1.2345513099747476e-06,0.0,1.0,
606,NFCORE_RANGELAND:RANGELAND:PREPROCESSING:PREPROCESS_CONFIG,1763861038000,1763861039000,1,71.5,,6442450944.0,,,5.745033275462963e-07,6.533333333333335e-07,1.2278366608796297e-06,1.2278366608796297e-06,0.0,1.0,
607,NFCORE_RANGELAND:RANGELAND:PREPROCESSING:PREPROCESS_CONFIG,1763861039000,1763861039000,1,75.7,,6442450944.0,,,0.0,0.0,0.0,0.0,0.0,1.0,
608,NFCORE_RANGELAND:RANGELAND:PREPROCESSING:PREPROCESS_CONFIG,1763861039000,1763861039000,1,73.9,,6442450944.0,,,0.0,0.0,0.0,0.0,0.0,1.0,
609,NFCORE_RANGELAND:RANGELAND:PREPROCESSING:PREPROCESS_CONFIG,1763861040000,1763861040000,1,76.5,,6442450944.0,,,0.0,0.0,0.0,0.0,0.0,1.0,
610,NFCORE_RANGELAND:RANGELAND:PREPROCESSING:PREPROCESS_CONFIG,1763861040000,1763861040000,1,73.4,,6442450944.0,,,0.0,0.0,0.0,0.0,0.0,1.0,
611,NFCORE_RANGELAND:RANGELAND:PREPROCESSING:PREPROCESS_CONFIG,1763861040000,1763861040000,1,70.1,,6442450944.0,,,0.0,0.0,0.0,0.0,0.0,1.0,
612,NFCORE_RANGELAND:RANGELAND:PREPROCESSING:PREPROCESS_CONFIG,1763861040000,1763861041000,1,70.5,,6442450944.0,,,5.451899857954546e-07,6.533333333333335e-07,1.198523319128788e-06,1.198523319128788e-06,0.0,1.0,
613,NFCORE_RANGELAND:RANGELAND:PREPROCESSING:PREPROCESS_CONFIG,1763861040000,1763861041000,1,84.2,,6442450944.0,,,6.511347064393941e-07,6.533333333333335e-07,1.3044680397727276e-06,1.3044680397727276e-06,0.0,1.0,
614,NFCORE_RANGELAND:RANGELAND:PREPROCESSING:PREPROCESS_CONFIG,1763861041000,1763861041000,1,76.6,,6442450944.0,,,0.0,0.0,0.0,0.0,0.0,1.0,
615,NFCORE_RANGELAND:RANGELAND:PREPROCESSING:PREPROCESS_CONFIG,1763861041000,1763861041000,1,67.7,,6442450944.0,,,0.0,0.0,0.0,0.0,0.0,1.0,
616,NFCORE_RANGELAND:RANGELAND:PREPROCESSING:PREPROCESS_CONFIG,1763861041000,1763861041000,1,76.6,,6442450944.0,,,0.0,0.0,0.0,0.0,0.0,1.0,
617,NFCORE_RANGELAND:RANGELAND:PREPROCESSING:PREPROCESS_CONFIG,1763861041000,1763861042000,1,73.0,,6442450944.0,,,5.645229640151518e-07,6.533333333333335e-07,1.2178562973484852e-06,1.2178562973484852e-06,0.0,1.0,
618,NFCORE_RANGELAND:RANGELAND:PREPROCESSING:PREPROCESS_CONFIG,1763861042000,1763861042000,1,69.6,,6442450944.0,,,0.0,0.0,0.0,0.0,0.0,1.0,
619,NFCORE_RANGELAND:RANGELAND:PREPROCESSING:PREPROCESS_CONFIG,1763861042000,1763861042000,1,72.3,,6442450944.0,,,0.0,0.0,0.0,0.0,0.0,1.0,
620,NFCORE_RANGELAND:RANGELAND:PREPROCESSING:PREPROCESS_CONFIG,1763861042000,1763861043000,1,70.7,,6442450944.0,,,5.411127604166665e-07,6.533333333333335e-07,1.19444609375e-06,1.19444609375e-06,0.0,1.0,
622,NFCORE_RANGELAND:RANGELAND:PREPROCESSING:PREPROCESS_CONFIG,1763861042000,1763861043000,1,53.2,,6442450944.0,,,4.114057765151517e-07,6.533333333333335e-07,1.0647391098484852e-06,1.0647391098484852e-06,0.0,1.0,
623,NFCORE_RANGELAND:RANGELAND:PREPROCESSING:PREPROCESS_CONFIG,1763861043000,1763861043000,1,70.6,,6442450944.0,,,0.0,0.0,0.0,0.0,0.0,1.0,
624,NFCORE_RANGELAND:RANGELAND:PREPROCESSING:PREPROCESS_CONFIG,1763861043000,1763861043000,1,65.5,,6442450944.0,,,0.0,0.0,0.0,0.0,0.0,1.0,
625,NFCORE_RANGELAND:RANGELAND:PREPROCESSING:PREPROCESS_CONFIG,1763861043000,1763861043000,1,65.9,,6442450944.0,,,0.0,0.0,0.0,0.0,0.0,1.0,
626,NFCORE_RANGELAND:RANGELAND:PREPROCESSING:PREPROCESS_CONFIG,1763861043000,1763861044000,1,84.2,,6442450944.0,,,6.511347064393941e-07,6.533333333333335e-07,1.3044680397727276e-06,1.3044680397727276e-06,0.0,1.0,
627,NFCORE_RANGELAND:RANGELAND:PREPROCESSING:PREPROCESS_CONFIG,1763861044000,1763861044000,1,78.5,,6442450944.0,,,0.0,0.0,0.0,0.0,0.0,1.0,
628,NFCORE_RANGELAND:RANGELAND:PREPROCESSING:PREPROCESS_CONFIG,1763861044000,1763861044000,1,80.0,,6442450944.0,,,0.0,0.0,0.0,0.0,0.0,1.0,
629,NFCORE_RANGELAND:RANGELAND:PREPROCESSING:PREPROCESS_CONFIG,1763861044000,1763861044000,1,62.4,,6442450944.0,,,0.0,0.0,0.0,0.0,0.0,1.0,
630,NFCORE_RANGELAND:RANGELAND:PREPROCESSING:PREPROCESS_CONFIG,1763861044000,1763861044000,1,72.5,,6442450944.0,,,0.0,0.0,0.0,0.0,0.0,1.0,
631,NFCORE_RANGELAND:RANGELAND:PREPROCESSING:PREPROCESS_CONFIG,1763861044000,1763861045000,1,65.3,,6442450944.0,,,4.997830729166666e-07,6.533333333333335e-07,1.1531164062500001e-06,1.1531164062500001e-06,0.0,1.0,
632,NFCORE_RANGELAND:RANGELAND:PREPROCESSING:PREPROCESS_CONFIG,1763861045000,1763861045000,1,68.1,,6442450944.0,,,0.0,0.0,0.0,0.0,0.0,1.0,
633,NFCORE_RANGELAND:RANGELAND:PREPROCESSING:PREPROCESS_CONFIG,1763861045000,1763861045000,1,78.4,,6442450944.0,,,0.0,0.0,0.0,0.0,0.0,1.0,
634,NFCORE_RANGELAND:RANGELAND:PREPROCESSING:PREPROCESS_CONFIG,1763861045000,1763861045000,1,78.0,,6442450944.0,,,0.0,0.0,0.0,0.0,0.0,1.0,
635,NFCORE_RANGELAND:RANGELAND:PREPROCESSING:PREPROCESS_CONFIG,1763861045000,1763861046000,1,77.3,,6442450944.0,,,5.977756865530305e-07,6.533333333333335e-07,1.251109019886364e-06,1.251109019886364e-06,0.0,1.0,
636,NFCORE_RANGELAND:RANGELAND:PREPROCESSING:PREPROCESS_CONFIG,1763861046000,1763861046000,1,70.4,,6442450944.0,,,0.0,0.0,0.0,0.0,0.0,1.0,
637,NFCORE_RANGELAND:RANGELAND:PREPROCESSING:PREPROCESS_CONFIG,1763861046000,1763861046000,1,63.6,,6442450944.0,,,0.0,0.0,0.0,0.0,0.0,1.0,
638,NFCORE_RANGELAND:RANGELAND:PREPROCESSING:PREPROCESS_CONFIG,1763861046000,1763861046000,1,69.0,,6442450944.0,,,0.0,0.0,0.0,0.0,0.0,1.0,
639,NFCORE_RANGELAND:RANGELAND:PREPROCESSING:PREPROCESS_CONFIG,1763861046000,1763861047000,1,67.7,,6442450944.0,,,5.235370501893941e-07,6.533333333333335e-07,1.1768703835227277e-06,1.1768703835227277e-06,0.0,1.0,
640,NFCORE_RANGELAND:RANGELAND:PREPROCESSING:PREPROCESS_CONFIG,1763861046000,1763861047000,1,70.5,,6442450944.0,,,5.664683159722222e-07,6.533333333333335e-07,1.2198016493055558e-06,1.2198016493055558e-06,0.0,1.0,
641,NFCORE_RANGELAND:RANGELAND:PREPROCESSING:PREPROCESS_CONFIG,1763861047000,1763861047000,1,63.7,,6442450944.0,,,0.0,0.0,0.0,0.0,0.0,1.0,
642,NFCORE_RANGELAND:RANGELAND:PREPROCESSING:PREPROCESS_CONFIG,1763861047000,1763861047000,1,60.7,,6442450944.0,,,0.0,0.0,0.0,0.0,0.0,1.0,
643,NFCORE_RANGELAND:RANGELAND:PREPROCESSING:PREPROCESS_CONFIG,1763861047000,1763861047000,1,73.9,,6442450944.0,,,0.0,0.0,0.0,0.0,0.0,1.0,
644,NFCORE_RANGELAND:RANGELAND:PREPROCESSING:PREPROCESS_CONFIG,1763861047000,1763861048000,1,78.6,,6442450944.0,,,6.078288352272729e-07,6.533333333333335e-07,1.2611621685606065e-06,1.2611621685606065e-06,0.0,1.0,
645,NFCORE_RANGELAND:RANGELAND:PREPROCESSING:PREPROCESS_CONFIG,1763861048000,1763861048000,1,76.2,,6442450944.0,,,0.0,0.0,0.0,0.0,0.0,1.0,
646,NFCORE_RANGELAND:RANGELAND:PREPROCESSING:PREPROCESS_CONFIG,1763861048000,1763861048000,1,66.7,,6442450944.0,,,0.0,0.0,0.0,0.0,0.0,1.0,
647,NFCORE_RANGELAND:RANGELAND:PREPROCESSING:PREPROCESS_CONFIG,1763861048000,1763861049000,1,64.9,,6442450944.0,,,5.214722511574075e-07,6.533333333333335e-07,1.174805584490741e-06,1.174805584490741e-06,0.0,1.0,
648,NFCORE_RANGELAND:RANGELAND:PREPROCESSING:PREPROCESS_CONFIG,1763861049000,1763861049000,1,44.4,,6442450944.0,,,0.0,0.0,0.0,0.0,0.0,1.0,
649,NFCORE_RANGELAND:RANGELAND:PREPROCESSING:PREPROCESS_CONFIG,1763861049000,1763861049000,1,83.1,,6442450944.0,,,0.0,0.0,0.0,0.0,0.0,1.0,
650,NFCORE_RANGELAND:RANGELAND:PREPROCESSING:PREPROCESS_CONFIG,1763861049000,1763861050000,1,73.1,,6442450944.0,,,5.652962831439395e-07,6.533333333333335e-07,1.218629616477273e-06,1.218629616477273e-06,0.0,1.0,
651,NFCORE_RANGELAND:RANGELAND:PREPROCESSING:PREPROCESS_CONFIG,1763861050000,1763861050000,1,69.3,,6442450944.0,,,0.0,0.0,0.0,0.0,0.0,1.0,
652,NFCORE_RANGELAND:RANGELAND:PREPROCESSING:PREPROCESS_CONFIG,1763861050000,1763861050000,1,65.1,,6442450944.0,,,0.0,0.0,0.0,0.0,0.0,1.0,
653,NFCORE_RANGELAND:RANGELAND:PREPROCESSING:PREPROCESS_CONFIG,1763861050000,1763861051000,1,63.8,,6442450944.0,,,4.883026041666665e-07,6.533333333333335e-07,1.1416359375e-06,1.1416359375e-06,0.0,1.0,
655,NFCORE_RANGELAND:RANGELAND:PREPROCESSING:PREPROCESS_CONFIG,1763861051000,1763861051000,1,64.9,,6442450944.0,,,0.0,0.0,0.0,0.0,0.0,1.0,
656,NFCORE_RANGELAND:RANGELAND:PREPROCESSING:PREPROCESS_CONFIG,1763861051000,1763861052000,1,70.2,,6442450944.0,,,5.372859374999999e-07,6.533333333333335e-07,1.1906192708333334e-06,1.1906192708333334e-06,0.0,1.0,
657,NFCORE_RANGELAND:RANGELAND:PREPROCESSING:PREPROCESS_CONFIG,1763861052000,1763861052000,1,91.7,,6442450944.0,,,0.0,0.0,0.0,0.0,0.0,1.0,
658,NFCORE_RANGELAND:RANGELAND:PREPROCESSING:PREPROCESS_CONFIG,1763861052000,1763861052000,1,65.1,,6442450944.0,,,0.0,0.0,0.0,0.0,0.0,1.0,
660,NFCORE_RANGELAND:RANGELAND:PREPROCESSING:PREPROCESS_CONFIG,1763861052000,1763861053000,1,68.1,,6442450944.0,,,5.212132812499999e-07,6.533333333333335e-07,1.1745466145833332e-06,1.1745466145833332e-06,0.0,1.0,
659,NFCORE_RANGELAND:RANGELAND:PREPROCESSING:PREPROCESS_CONFIG,1763861052000,1763861053000,1,70.7,,6442450944.0,,,5.467366240530306e-07,6.533333333333335e-07,1.200069957386364e-06,1.200069957386364e-06,0.0,1.0,
661,NFCORE_RANGELAND:RANGELAND:PREPROCESSING:PREPROCESS_CONFIG,1763861053000,1763861053000,1,74.5,,6442450944.0,,,0.0,0.0,0.0,0.0,0.0,1.0,
662,NFCORE_RANGELAND:RANGELAND:PREPROCESSING:PREPROCESS_CONFIG,1763861053000,1763861054000,1,65.5,,6442450944.0,,,5.013138020833332e-07,6.533333333333335e-07,1.1546471354166666e-06,1.1546471354166666e-06,0.0,1.0,
663,NFCORE_RANGELAND:RANGELAND:PREPROCESSING:PREPROCESS_CONFIG,1763861053000,1763861054000,1,74.4,,6442450944.0,,,5.75349431818182e-07,6.533333333333335e-07,1.2286827651515154e-06,1.2286827651515154e-06,0.0,1.0,
664,NFCORE_RANGELAND:RANGELAND:PREPROCESSING:PREPROCESS_CONFIG,1763861054000,1763861054000,1,69.1,,6442450944.0,,,0.0,0.0,0.0,0.0,0.0,1.0,
665,NFCORE_RANGELAND:RANGELAND:PREPROCESSING:PREPROCESS_CONFIG,1763861054000,1763861054000,1,72.3,,6442450944.0,,,0.0,0.0,0.0,0.0,0.0,1.0,
666,NFCORE_RANGELAND:RANGELAND:PREPROCESSING:PREPROCESS_CONFIG,1763861054000,1763861055000,1,74.6,,6442450944.0,,,5.768960700757577e-07,6.533333333333335e-07,1.2302294034090912e-06,1.2302294034090912e-06,0.0,1.0,
667,NFCORE_RANGELAND:RANGELAND:PREPROCESSING:PREPROCESS_CONFIG,1763861055000,1763861055000,1,73.8,,6442450944.0,,,0.0,0.0,0.0,0.0,0.0,1.0,
668,NFCORE_RANGELAND:RANGELAND:PREPROCESSING:PREPROCESS_CONFIG,1763861055000,1763861055000,1,58.9,,6442450944.0,,,0.0,0.0,0.0,0.0,0.0,1.0,
669,NFCORE_RANGELAND:RANGELAND:PREPROCESSING:PREPROCESS_CONFIG,1763861055000,1763861056000,1,75.3,,6442450944.0,,,5.823093039772728e-07,6.533333333333335e-07,1.2356426373106062e-06,1.2356426373106062e-06,0.0,1.0,
670,NFCORE_RANGELAND:RANGELAND:PREPROCESSING:PREPROCESS_CONFIG,1763861056000,1763861056000,1,59.7,,6442450944.0,,,0.0,0.0,0.0,0.0,0.0,1.0,
671,NFCORE_RANGELAND:RANGELAND:PREPROCESSING:PREPROCESS_CONFIG,1763861056000,1763861056000,1,58.0,,6442450944.0,,,0.0,0.0,0.0,0.0,0.0,1.0,
672,NFCORE_RANGELAND:RANGELAND:PREPROCESSING:PREPROCESS_CONFIG,1763861056000,1763861057000,1,69.0,,6442450944.0,,,5.335901988636366e-07,6.533333333333335e-07,1.1869235321969701e-06,1.1869235321969701e-06,0.0,1.0,
673,NFCORE_RANGELAND:RANGELAND:PREPROCESSING:PREPROCESS_CONFIG,1763861057000,1763861057000,1,76.7,,6442450944.0,,,0.0,0.0,0.0,0.0,0.0,1.0,
674,NFCORE_RANGELAND:RANGELAND:PREPROCESSING:PREPROCESS_CONFIG,1763861057000,1763861058000,1,67.0,,6442450944.0,,,5.127942708333332e-07,6.533333333333335e-07,1.1661276041666668e-06,1.1661276041666668e-06,0.0,1.0,
675,NFCORE_RANGELAND:RANGELAND:PREPROCESSING:PREPROCESS_CONFIG,1763861057000,1763861058000,1,59.6,,6442450944.0,,,4.608982007575759e-07,6.533333333333335e-07,1.1142315340909094e-06,1.1142315340909094e-06,0.0,1.0,
676,NFCORE_RANGELAND:RANGELAND:PREPROCESSING:PREPROCESS_CONFIG,1763861058000,1763861058000,1,72.7,,6442450944.0,,,0.0,0.0,0.0,0.0,0.0,1.0,
677,NFCORE_RANGELAND:RANGELAND:PREPROCESSING:PREPROCESS_CONFIG,1763861058000,1763861058000,1,65.9,,6442450944.0,,,0.0,0.0,0.0,0.0,0.0,1.0,
678,NFCORE_RANGELAND:RANGELAND:PREPROCESSING:PREPROCESS_CONFIG,1763861058000,1763861059000,1,61.0,,6442450944.0,,,4.717246685606062e-07,6.533333333333335e-07,1.1250580018939396e-06,1.1250580018939396e-06,0.0,1.0,
679,NFCORE_RANGELAND:RANGELAND:PREPROCESSING:PREPROCESS_CONFIG,1763861059000,1763861059000,1,66.7,,6442450944.0,,,0.0,0.0,0.0,0.0,0.0,1.0,
680,NFCORE_RANGELAND:RANGELAND:PREPROCESSING:PREPROCESS_CONFIG,1763861059000,1763861059000,1,63.7,,6442450944.0,,,0.0,0.0,0.0,0.0,0.0,1.0,
681,NFCORE_RANGELAND:RANGELAND:PREPROCESSING:PREPROCESS_CONFIG,1763861059000,1763861060000,1,67.4,,6442450944.0,,,5.158557291666666e-07,6.533333333333335e-07,1.1691890625e-06,1.1691890625e-06,0.0,1.0,
682,NFCORE_RANGELAND:RANGELAND:PREPROCESSING:PREPROCESS_CONFIG,1763861060000,1763861060000,1,71.1,,6442450944.0,,,0.0,0.0,0.0,0.0,0.0,1.0,
357,NFCORE_RANGELAND:RANGELAND:PREPROCESSING:FORCE_PREPROCESS,1763860961000,1763861111000,6,183.2,,38654705664.0,,,0.00021032218749999994,0.000588,0.0007983221874999999,0.0007983221874999999,0.0,1.0,
390,NFCORE_RANGELAND:RANGELAND:PREPROCESSING:FORCE_PREPROCESS,1763860969000,1763861109000,6,187.1,,38654705664.0,,,0.0002054578094486532,0.0005488000000000001,0.0007542578094486533,0.0007542578094486533,0.0,1.0,
423,NFCORE_RANGELAND:RANGELAND:PREPROCESSING:FORCE_PREPROCESS,1763860980000,1763861126000,6,191.6,,38654705664.0,,,0.00021632519981060612,0.00057232,0.0007886451998106061,0.0007886451998106061,0.0,1.0,
456,NFCORE_RANGELAND:RANGELAND:PREPROCESSING:FORCE_PREPROCESS,1763860991000,1763861139000,6,188.6,,38654705664.0,,,0.0002242796710648148,0.00058016,0.0008044396710648148,0.0008044396710648148,0.0,1.0,
489,NFCORE_RANGELAND:RANGELAND:PREPROCESSING:FORCE_PREPROCESS,1763861002000,1763861139000,6,189.8,,38654705664.0,,,0.00020893119195601853,0.0005370400000000001,0.0007459711919560187,0.0007459711919560187,0.0,1.0,
683,NFCORE_RANGELAND:RANGELAND:PREPROCESSING:PREPROCESS_CONFIG,1763861060000,1763861060000,1,60.2,,6442450944.0,,,0.0,0.0,0.0,0.0,0.0,1.0,
684,NFCORE_RANGELAND:RANGELAND:PREPROCESSING:PREPROCESS_CONFIG,1763861060000,1763861061000,1,82.3,,6442450944.0,,,6.364416429924245e-07,6.533333333333335e-07,1.289774976325758e-06,1.289774976325758e-06,0.0,1.0,
685,NFCORE_RANGELAND:RANGELAND:PREPROCESSING:PREPROCESS_CONFIG,1763861061000,1763861061000,1,72.9,,6442450944.0,,,0.0,0.0,0.0,0.0,0.0,1.0,
686,NFCORE_RANGELAND:RANGELAND:PREPROCESSING:PREPROCESS_CONFIG,1763861061000,1763861062000,1,87.4,,6442450944.0,,,6.758809185606063e-07,6.533333333333335e-07,1.3292142518939398e-06,1.3292142518939398e-06,0.0,1.0,
688,NFCORE_RANGELAND:RANGELAND:PREPROCESSING:PREPROCESS_CONFIG,1763861062000,1763861062000,1,72.3,,6442450944.0,,,0.0,0.0,0.0,0.0,0.0,1.0,
689,NFCORE_RANGELAND:RANGELAND:PREPROCESSING:PREPROCESS_CONFIG,1763861062000,1763861062000,1,76.5,,6442450944.0,,,0.0,0.0,0.0,0.0,0.0,1.0,
690,NFCORE_RANGELAND:RANGELAND:PREPROCESSING:PREPROCESS_CONFIG,1763861062000,1763861063000,1,76.2,,6442450944.0,,,5.892691761363638e-07,6.533333333333335e-07,1.2426025094696974e-06,1.2426025094696974e-06,0.0,1.0,
691,NFCORE_RANGELAND:RANGELAND:PREPROCESSING:PREPROCESS_CONFIG,1763861063000,1763861063000,1,56.4,,6442450944.0,,,0.0,0.0,0.0,0.0,0.0,1.0,
692,NFCORE_RANGELAND:RANGELAND:PREPROCESSING:PREPROCESS_CONFIG,1763861063000,1763861063000,1,70.9,,6442450944.0,,,0.0,0.0,0.0,0.0,0.0,1.0,
693,NFCORE_RANGELAND:RANGELAND:PREPROCESSING:PREPROCESS_CONFIG,1763861063000,1763861064000,1,71.3,,6442450944.0,,,5.513765388257577e-07,6.533333333333335e-07,1.2047098721590913e-06,1.2047098721590913e-06,0.0,1.0,
694,NFCORE_RANGELAND:RANGELAND:PREPROCESSING:PREPROCESS_CONFIG,1763861064000,1763861064000,1,73.0,,6442450944.0,,,0.0,0.0,0.0,0.0,0.0,1.0,
695,NFCORE_RANGELAND:RANGELAND:PREPROCESSING:PREPROCESS_CONFIG,1763861064000,1763861065000,1,68.1,,6442450944.0,,,5.266303267045456e-07,6.533333333333335e-07,1.179963660037879e-06,1.179963660037879e-06,0.0,1.0,
696,NFCORE_RANGELAND:RANGELAND:PREPROCESSING:PREPROCESS_CONFIG,1763861065000,1763861065000,1,77.3,,6442450944.0,,,0.0,0.0,0.0,0.0,0.0,1.0,
697,NFCORE_RANGELAND:RANGELAND:PREPROCESSING:PREPROCESS_CONFIG,1763861065000,1763861065000,1,74.6,,6442450944.0,,,0.0,0.0,0.0,0.0,0.0,1.0,
698,NFCORE_RANGELAND:RANGELAND:PREPROCESSING:PREPROCESS_CONFIG,1763861065000,1763861065000,1,61.1,,6442450944.0,,,0.0,0.0,0.0,0.0,0.0,1.0,
699,NFCORE_RANGELAND:RANGELAND:PREPROCESSING:PREPROCESS_CONFIG,1763861066000,1763861066000,1,77.1,,6442450944.0,,,0.0,0.0,0.0,0.0,0.0,1.0,
700,NFCORE_RANGELAND:RANGELAND:PREPROCESSING:PREPROCESS_CONFIG,1763861066000,1763861066000,1,62.4,,6442450944.0,,,0.0,0.0,0.0,0.0,0.0,1.0,
701,NFCORE_RANGELAND:RANGELAND:PREPROCESSING:PREPROCESS_CONFIG,1763861066000,1763861066000,1,77.1,,6442450944.0,,,0.0,0.0,0.0,0.0,0.0,1.0,
702,NFCORE_RANGELAND:RANGELAND:PREPROCESSING:PREPROCESS_CONFIG,1763861066000,1763861067000,1,80.8,,6442450944.0,,,6.248418560606063e-07,6.533333333333335e-07,1.2781751893939398e-06,1.2781751893939398e-06,0.0,1.0,
703,NFCORE_RANGELAND:RANGELAND:PREPROCESSING:PREPROCESS_CONFIG,1763861067000,1763861067000,1,65.6,,6442450944.0,,,0.0,0.0,0.0,0.0,0.0,1.0,
704,NFCORE_RANGELAND:RANGELAND:PREPROCESSING:PREPROCESS_CONFIG,1763861067000,1763861067000,1,71.6,,6442450944.0,,,0.0,0.0,0.0,0.0,0.0,1.0,
705,NFCORE_RANGELAND:RANGELAND:PREPROCESSING:PREPROCESS_CONFIG,1763861068000,1763861068000,1,67.4,,6442450944.0,,,0.0,0.0,0.0,0.0,0.0,1.0,
706,NFCORE_RANGELAND:RANGELAND:PREPROCESSING:PREPROCESS_CONFIG,1763861068000,1763861068000,1,44.5,,6442450944.0,,,0.0,0.0,0.0,0.0,0.0,1.0,
707,NFCORE_RANGELAND:RANGELAND:PREPROCESSING:PREPROCESS_CONFIG,1763861068000,1763861069000,1,75.7,,6442450944.0,,,5.854025804924245e-07,6.533333333333335e-07,1.2387359138257578e-06,1.2387359138257578e-06,0.0,1.0,
708,NFCORE_RANGELAND:RANGELAND:PREPROCESSING:PREPROCESS_CONFIG,1763861068000,1763861069000,1,74.6,,6442450944.0,,,5.768960700757577e-07,6.533333333333335e-07,1.2302294034090912e-06,1.2302294034090912e-06,0.0,1.0,
709,NFCORE_RANGELAND:RANGELAND:PREPROCESSING:PREPROCESS_CONFIG,1763861069000,1763861069000,1,76.4,,6442450944.0,,,0.0,0.0,0.0,0.0,0.0,1.0,
710,NFCORE_RANGELAND:RANGELAND:PREPROCESSING:PREPROCESS_CONFIG,1763861069000,1763861069000,1,65.1,,6442450944.0,,,0.0,0.0,0.0,0.0,0.0,1.0,
711,NFCORE_RANGELAND:RANGELAND:PREPROCESSING:PREPROCESS_CONFIG,1763861069000,1763861069000,1,63.6,,6442450944.0,,,0.0,0.0,0.0,0.0,0.0,1.0,
712,NFCORE_RANGELAND:RANGELAND:PREPROCESSING:PREPROCESS_CONFIG,1763861069000,1763861070000,1,70.8,,6442450944.0,,,5.475099431818183e-07,6.533333333333335e-07,1.2008432765151518e-06,1.2008432765151518e-06,0.0,1.0,
713,NFCORE_RANGELAND:RANGELAND:PREPROCESSING:PREPROCESS_CONFIG,1763861070000,1763861070000,1,69.6,,6442450944.0,,,0.0,0.0,0.0,0.0,0.0,1.0,
714,NFCORE_RANGELAND:RANGELAND:PREPROCESSING:PREPROCESS_CONFIG,1763861070000,1763861070000,1,84.5,,6442450944.0,,,0.0,0.0,0.0,0.0,0.0,1.0,
715,NFCORE_RANGELAND:RANGELAND:PREPROCESSING:PREPROCESS_CONFIG,1763861070000,1763861071000,1,81.8,,6442450944.0,,,6.260682291666665e-07,6.533333333333335e-07,1.2794015625e-06,1.2794015625e-06,0.0,1.0,
716,NFCORE_RANGELAND:RANGELAND:PREPROCESSING:PREPROCESS_CONFIG,1763861070000,1763861071000,1,72.1,,6442450944.0,,,5.575630918560607e-07,6.533333333333335e-07,1.2108964251893942e-06,1.2108964251893942e-06,0.0,1.0,
717,NFCORE_RANGELAND:RANGELAND:PREPROCESSING:PREPROCESS_CONFIG,1763861071000,1763861071000,1,70.7,,6442450944.0,,,0.0,0.0,0.0,0.0,0.0,1.0,
718,NFCORE_RANGELAND:RANGELAND:PREPROCESSING:PREPROCESS_CONFIG,1763861071000,1763861071000,1,69.8,,6442450944.0,,,0.0,0.0,0.0,0.0,0.0,1.0,
719,NFCORE_RANGELAND:RANGELAND:PREPROCESSING:PREPROCESS_CONFIG,1763861071000,1763861072000,1,73.1,,6442450944.0,,,5.652962831439395e-07,6.533333333333335e-07,1.218629616477273e-06,1.218629616477273e-06,0.0,1.0,
721,NFCORE_RANGELAND:RANGELAND:PREPROCESSING:PREPROCESS_CONFIG,1763861072000,1763861072000,1,72.1,,6442450944.0,,,0.0,0.0,0.0,0.0,0.0,1.0,
722,NFCORE_RANGELAND:RANGELAND:PREPROCESSING:PREPROCESS_CONFIG,1763861072000,1763861072000,1,69.3,,6442450944.0,,,0.0,0.0,0.0,0.0,0.0,1.0,
723,NFCORE_RANGELAND:RANGELAND:PREPROCESSING:PREPROCESS_CONFIG,1763861072000,1763861072000,1,78.0,,6442450944.0,,,0.0,0.0,0.0,0.0,0.0,1.0,
724,NFCORE_RANGELAND:RANGELAND:PREPROCESSING:PREPROCESS_CONFIG,1763861072000,1763861073000,1,67.7,,6442450944.0,,,5.310183133417507e-07,6.533333333333335e-07,1.1843516466750842e-06,1.1843516466750842e-06,0.0,1.0,
725,NFCORE_RANGELAND:RANGELAND:PREPROCESSING:PREPROCESS_CONFIG,1763861073000,1763861073000,1,71.6,,6442450944.0,,,0.0,0.0,0.0,0.0,0.0,1.0,
726,NFCORE_RANGELAND:RANGELAND:PREPROCESSING:PREPROCESS_CONFIG,1763861073000,1763861073000,1,69.6,,6442450944.0,,,0.0,0.0,0.0,0.0,0.0,1.0,
727,NFCORE_RANGELAND:RANGELAND:PREPROCESSING:PREPROCESS_CONFIG,1763861073000,1763861074000,1,84.2,,6442450944.0,,,6.444369791666666e-07,6.533333333333335e-07,1.2977703125000001e-06,1.2977703125000001e-06,0.0,1.0,
728,NFCORE_RANGELAND:RANGELAND:PREPROCESSING:PREPROCESS_CONFIG,1763861074000,1763861074000,1,67.0,,6442450944.0,,,0.0,0.0,0.0,0.0,0.0,1.0,
729,NFCORE_RANGELAND:RANGELAND:PREPROCESSING:PREPROCESS_CONFIG,1763861074000,1763861074000,1,89.2,,6442450944.0,,,0.0,0.0,0.0,0.0,0.0,1.0,
730,NFCORE_RANGELAND:RANGELAND:PREPROCESSING:PREPROCESS_CONFIG,1763861074000,1763861074000,1,65.7,,6442450944.0,,,0.0,0.0,0.0,0.0,0.0,1.0,
731,NFCORE_RANGELAND:RANGELAND:PREPROCESSING:PREPROCESS_CONFIG,1763861074000,1763861075000,1,66.3,,6442450944.0,,,5.127105823863637e-07,6.533333333333335e-07,1.1660439157196973e-06,1.1660439157196973e-06,0.0,1.0,
732,NFCORE_RANGELAND:RANGELAND:PREPROCESSING:PREPROCESS_CONFIG,1763861075000,1763861075000,1,72.1,,6442450944.0,,,0.0,0.0,0.0,0.0,0.0,1.0,
733,NFCORE_RANGELAND:RANGELAND:PREPROCESSING:PREPROCESS_CONFIG,1763861075000,1763861076000,1,81.8,,6442450944.0,,,6.325750473484851e-07,6.533333333333335e-07,1.2859083806818185e-06,1.2859083806818185e-06,0.0,1.0,
734,NFCORE_RANGELAND:RANGELAND:PREPROCESSING:PREPROCESS_CONFIG,1763861075000,1763861076000,1,65.9,,6442450944.0,,,5.096173058712123e-07,6.533333333333335e-07,1.1629506392045457e-06,1.1629506392045457e-06,0.0,1.0,
735,NFCORE_RANGELAND:RANGELAND:PREPROCESSING:PREPROCESS_CONFIG,1763861076000,1763861076000,1,67.2,,6442450944.0,,,0.0,0.0,0.0,0.0,0.0,1.0,
736,NFCORE_RANGELAND:RANGELAND:PREPROCESSING:PREPROCESS_CONFIG,1763861076000,1763861076000,1,67.9,,6442450944.0,,,0.0,0.0,0.0,0.0,0.0,1.0,
737,NFCORE_RANGELAND:RANGELAND:PREPROCESSING:PREPROCESS_CONFIG,1763861077000,1763861077000,1,74.2,,6442450944.0,,,0.0,0.0,0.0,0.0,0.0,1.0,
738,NFCORE_RANGELAND:RANGELAND:PREPROCESSING:PREPROCESS_CONFIG,1763861077000,1763861077000,1,42.7,,6442450944.0,,,0.0,0.0,0.0,0.0,0.0,1.0,
739,NFCORE_RANGELAND:RANGELAND:PREPROCESSING:PREPROCESS_CONFIG,1763861077000,1763861077000,1,61.7,,6442450944.0,,,0.0,0.0,0.0,0.0,0.0,1.0,
740,NFCORE_RANGELAND:RANGELAND:PREPROCESSING:PREPROCESS_CONFIG,1763861078000,1763861078000,1,82.6,,6442450944.0,,,0.0,0.0,0.0,0.0,0.0,1.0,
741,NFCORE_RANGELAND:RANGELAND:PREPROCESSING:PREPROCESS_CONFIG,1763861078000,1763861078000,1,65.7,,6442450944.0,,,0.0,0.0,0.0,0.0,0.0,1.0,
742,NFCORE_RANGELAND:RANGELAND:PREPROCESSING:PREPROCESS_CONFIG,1763861078000,1763861079000,1,50.3,,6442450944.0,,,3.8897952178030315e-07,6.533333333333335e-07,1.0423128551136366e-06,1.0423128551136366e-06,0.0,1.0,
743,NFCORE_RANGELAND:RANGELAND:PREPROCESSING:PREPROCESS_CONFIG,1763861078000,1763861079000,1,62.6,,6442450944.0,,,4.791182291666666e-07,6.533333333333335e-07,1.1324515625000002e-06,1.1324515625000002e-06,0.0,1.0,
744,NFCORE_RANGELAND:RANGELAND:PREPROCESSING:PREPROCESS_CONFIG,1763861079000,1763861079000,1,68.6,,6442450944.0,,,0.0,0.0,0.0,0.0,0.0,1.0,
745,NFCORE_RANGELAND:RANGELAND:PREPROCESSING:PREPROCESS_CONFIG,1763861080000,1763861080000,1,74.0,,6442450944.0,,,0.0,0.0,0.0,0.0,0.0,1.0,
746,NFCORE_RANGELAND:RANGELAND:PREPROCESSING:PREPROCESS_CONFIG,1763861080000,1763861080000,1,66.8,,6442450944.0,,,0.0,0.0,0.0,0.0,0.0,1.0,
747,NFCORE_RANGELAND:RANGELAND:PREPROCESSING:PREPROCESS_CONFIG,1763861080000,1763861080000,1,41.4,,6442450944.0,,,0.0,0.0,0.0,0.0,0.0,1.0,
748,NFCORE_RANGELAND:RANGELAND:PREPROCESSING:PREPROCESS_CONFIG,1763861080000,1763861081000,1,80.3,,6442450944.0,,,6.209752604166668e-07,6.533333333333335e-07,1.2743085937500002e-06,1.2743085937500002e-06,0.0,1.0,
749,NFCORE_RANGELAND:RANGELAND:PREPROCESSING:PREPROCESS_CONFIG,1763861081000,1763861081000,1,71.1,,6442450944.0,,,0.0,0.0,0.0,0.0,0.0,1.0,
750,NFCORE_RANGELAND:RANGELAND:PREPROCESSING:PREPROCESS_CONFIG,1763861081000,1763861081000,1,80.7,,6442450944.0,,,0.0,0.0,0.0,0.0,0.0,1.0,
751,NFCORE_RANGELAND:RANGELAND:PREPROCESSING:PREPROCESS_CONFIG,1763861081000,1763861082000,1,62.7,,6442450944.0,,,4.917998263888889e-07,6.533333333333335e-07,1.1451331597222224e-06,1.1451331597222224e-06,0.0,1.0,
752,NFCORE_RANGELAND:RANGELAND:PREPROCESSING:PREPROCESS_CONFIG,1763861082000,1763861082000,1,72.6,,6442450944.0,,,0.0,0.0,0.0,0.0,0.0,1.0,
754,NFCORE_RANGELAND:RANGELAND:PREPROCESSING:PREPROCESS_CONFIG,1763861082000,1763861083000,1,64.5,,6442450944.0,,,4.987908380681819e-07,6.533333333333335e-07,1.1521241714015153e-06,1.1521241714015153e-06,0.0,1.0,
755,NFCORE_RANGELAND:RANGELAND:PREPROCESSING:PREPROCESS_CONFIG,1763861083000,1763861083000,1,86.5,,6442450944.0,,,0.0,0.0,0.0,0.0,0.0,1.0,
756,NFCORE_RANGELAND:RANGELAND:PREPROCESSING:PREPROCESS_CONFIG,1763861083000,1763861084000,1,67.3,,6442450944.0,,,5.204437736742427e-07,6.533333333333335e-07,1.173777107007576e-06,1.173777107007576e-06,0.0,1.0,
757,NFCORE_RANGELAND:RANGELAND:PREPROCESSING:PREPROCESS_CONFIG,1763861083000,1763861083000,1,64.0,,6442450944.0,,,0.0,0.0,0.0,0.0,0.0,1.0,
758,NFCORE_RANGELAND:RANGELAND:PREPROCESSING:PREPROCESS_CONFIG,1763861084000,1763861084000,1,65.8,,6442450944.0,,,0.0,0.0,0.0,0.0,0.0,1.0,
759,NFCORE_RANGELAND:RANGELAND:PREPROCESSING:PREPROCESS_CONFIG,1763861084000,1763861084000,1,81.3,,6442450944.0,,,0.0,0.0,0.0,0.0,0.0,1.0,
760,NFCORE_RANGELAND:RANGELAND:PREPROCESSING:PREPROCESS_CONFIG,1763861084000,1763861085000,1,66.3,,6442450944.0,,,5.127105823863637e-07,6.533333333333335e-07,1.1660439157196973e-06,1.1660439157196973e-06,0.0,1.0,
761,NFCORE_RANGELAND:RANGELAND:PREPROCESSING:PREPROCESS_CONFIG,1763861085000,1763861085000,1,48.9,,6442450944.0,,,0.0,0.0,0.0,0.0,0.0,1.0,
762,NFCORE_RANGELAND:RANGELAND:PREPROCESSING:PREPROCESS_CONFIG,1763861085000,1763861085000,1,83.1,,6442450944.0,,,0.0,0.0,0.0,0.0,0.0,1.0,
763,NFCORE_RANGELAND:RANGELAND:PREPROCESSING:PREPROCESS_CONFIG,1763861085000,1763861085000,1,76.2,,6442450944.0,,,0.0,0.0,0.0,0.0,0.0,1.0,
764,NFCORE_RANGELAND:RANGELAND:PREPROCESSING:PREPROCESS_CONFIG,1763861086000,1763861086000,1,62.2,,6442450944.0,,,0.0,0.0,0.0,0.0,0.0,1.0,
765,NFCORE_RANGELAND:RANGELAND:PREPROCESSING:PREPROCESS_CONFIG,1763861086000,1763861086000,1,68.1,,6442450944.0,,,0.0,0.0,0.0,0.0,0.0,1.0,
766,NFCORE_RANGELAND:RANGELAND:PREPROCESSING:PREPROCESS_CONFIG,1763861086000,1763861086000,1,67.9,,6442450944.0,,,0.0,0.0,0.0,0.0,0.0,1.0,
767,NFCORE_RANGELAND:RANGELAND:PREPROCESSING:PREPROCESS_CONFIG,1763861086000,1763861087000,1,74.9,,6442450944.0,,,5.874929345538721e-07,6.533333333333335e-07,1.2408262678872055e-06,1.2408262678872055e-06,0.0,1.0,
768,NFCORE_RANGELAND:RANGELAND:PREPROCESSING:PREPROCESS_CONFIG,1763861087000,1763861087000,1,71.6,,6442450944.0,,,0.0,0.0,0.0,0.0,0.0,1.0,
769,NFCORE_RANGELAND:RANGELAND:PREPROCESSING:PREPROCESS_CONFIG,1763861087000,1763861088000,1,75.3,,6442450944.0,,,5.823093039772728e-07,6.533333333333335e-07,1.2356426373106062e-06,1.2356426373106062e-06,0.0,1.0,
770,NFCORE_RANGELAND:RANGELAND:PREPROCESSING:PREPROCESS_CONFIG,1763861087000,1763861088000,1,70.0,,6442450944.0,,,5.490588173400673e-07,6.533333333333335e-07,1.2023921506734007e-06,1.2023921506734007e-06,0.0,1.0,
771,NFCORE_RANGELAND:RANGELAND:PREPROCESSING:PREPROCESS_CONFIG,1763861088000,1763861088000,1,72.9,,6442450944.0,,,0.0,0.0,0.0,0.0,0.0,1.0,
773,NFCORE_RANGELAND:RANGELAND:PREPROCESSING:PREPROCESS_CONFIG,1763861089000,1763861089000,1,75.6,,6442450944.0,,,0.0,0.0,0.0,0.0,0.0,1.0,
772,NFCORE_RANGELAND:RANGELAND:PREPROCESSING:PREPROCESS_CONFIG,1763861088000,1763861089000,1,76.2,,6442450944.0,,,5.892691761363638e-07,6.533333333333335e-07,1.2426025094696974e-06,1.2426025094696974e-06,0.0,1.0,
774,NFCORE_RANGELAND:RANGELAND:PREPROCESSING:PREPROCESS_CONFIG,1763861089000,1763861089000,1,57.3,,6442450944.0,,,0.0,0.0,0.0,0.0,0.0,1.0,
775,NFCORE_RANGELAND:RANGELAND:PREPROCESSING:PREPROCESS_CONFIG,1763861089000,1763861090000,1,64.5,,6442450944.0,,,4.987908380681819e-07,6.533333333333335e-07,1.1521241714015153e-06,1.1521241714015153e-06,0.0,1.0,
776,NFCORE_RANGELAND:RANGELAND:PREPROCESSING:PREPROCESS_CONFIG,1763861090000,1763861090000,1,59.6,,6442450944.0,,,0.0,0.0,0.0,0.0,0.0,1.0,
777,NFCORE_RANGELAND:RANGELAND:PREPROCESSING:PREPROCESS_CONFIG,1763861090000,1763861090000,1,76.7,,6442450944.0,,,0.0,0.0,0.0,0.0,0.0,1.0,
778,NFCORE_RANGELAND:RANGELAND:PREPROCESSING:PREPROCESS_CONFIG,1763861090000,1763861091000,1,87.7,,6442450944.0,,,6.782008759469699e-07,6.533333333333335e-07,1.3315342092803033e-06,1.3315342092803033e-06,0.0,1.0,
779,NFCORE_RANGELAND:RANGELAND:PREPROCESSING:PREPROCESS_CONFIG,1763861091000,1763861091000,1,70.4,,6442450944.0,,,0.0,0.0,0.0,0.0,0.0,1.0,
780,NFCORE_RANGELAND:RANGELAND:PREPROCESSING:PREPROCESS_CONFIG,1763861091000,1763861091000,1,69.8,,6442450944.0,,,0.0,0.0,0.0,0.0,0.0,1.0,
781,NFCORE_RANGELAND:RANGELAND:PREPROCESSING:PREPROCESS_CONFIG,1763861091000,1763861092000,1,75.7,,6442450944.0,,,5.854025804924245e-07,6.533333333333335e-07,1.2387359138257578e-06,1.2387359138257578e-06,0.0,1.0,
782,NFCORE_RANGELAND:RANGELAND:PREPROCESSING:PREPROCESS_CONFIG,1763861092000,1763861092000,1,74.2,,6442450944.0,,,0.0,0.0,0.0,0.0,0.0,1.0,
783,NFCORE_RANGELAND:RANGELAND:PREPROCESSING:PREPROCESS_CONFIG,1763861092000,1763861092000,1,75.8,,6442450944.0,,,0.0,0.0,0.0,0.0,0.0,1.0,
784,NFCORE_RANGELAND:RANGELAND:PREPROCESSING:PREPROCESS_CONFIG,1763861092000,1763861093000,1,64.7,,6442450944.0,,,5.003374763257577e-07,6.533333333333335e-07,1.1536708096590911e-06,1.1536708096590911e-06,0.0,1.0,
785,NFCORE_RANGELAND:RANGELAND:PREPROCESSING:PREPROCESS_CONFIG,1763861093000,1763861093000,1,64.4,,6442450944.0,,,0.0,0.0,0.0,0.0,0.0,1.0,
787,NFCORE_RANGELAND:RANGELAND:PREPROCESSING:PREPROCESS_CONFIG,1763861093000,1763861094000,1,70.2,,6442450944.0,,,5.428700284090911e-07,6.533333333333335e-07,1.1962033617424247e-06,1.1962033617424247e-06,0.0,1.0,
788,NFCORE_RANGELAND:RANGELAND:PREPROCESSING:PREPROCESS_CONFIG,1763861094000,1763861094000,1,74.7,,6442450944.0,,,0.0,0.0,0.0,0.0,0.0,1.0,
789,NFCORE_RANGELAND:RANGELAND:PREPROCESSING:PREPROCESS_CONFIG,1763861094000,1763861094000,1,72.7,,6442450944.0,,,0.0,0.0,0.0,0.0,0.0,1.0,
790,NFCORE_RANGELAND:RANGELAND:PREPROCESSING:PREPROCESS_CONFIG,1763861094000,1763861095000,1,73.6,,6442450944.0,,,5.691628787878788e-07,6.533333333333335e-07,1.2224962121212123e-06,1.2224962121212123e-06,0.0,1.0,
791,NFCORE_RANGELAND:RANGELAND:PREPROCESSING:PREPROCESS_CONFIG,1763861095000,1763861095000,1,85.9,,6442450944.0,,,0.0,0.0,0.0,0.0,0.0,1.0,
792,NFCORE_RANGELAND:RANGELAND:PREPROCESSING:PREPROCESS_CONFIG,1763861095000,1763861095000,1,69.3,,6442450944.0,,,0.0,0.0,0.0,0.0,0.0,1.0,
793,NFCORE_RANGELAND:RANGELAND:PREPROCESSING:PREPROCESS_CONFIG,1763861095000,1763861096000,1,84.5,,6442450944.0,,,6.534546638257577e-07,6.533333333333335e-07,1.3067879971590913e-06,1.3067879971590913e-06,0.0,1.0,
794,NFCORE_RANGELAND:RANGELAND:PREPROCESSING:PREPROCESS_CONFIG,1763861096000,1763861096000,1,79.8,,6442450944.0,,,0.0,0.0,0.0,0.0,0.0,1.0,
795,NFCORE_RANGELAND:RANGELAND:PREPROCESSING:PREPROCESS_CONFIG,1763861096000,1763861096000,1,66.9,,6442450944.0,,,0.0,0.0,0.0,0.0,0.0,1.0,
796,NFCORE_RANGELAND:RANGELAND:PREPROCESSING:PREPROCESS_CONFIG,1763861096000,1763861097000,1,69.3,,6442450944.0,,,5.359101562500002e-07,6.533333333333335e-07,1.1892434895833337e-06,1.1892434895833337e-06,0.0,1.0,
797,NFCORE_RANGELAND:RANGELAND:PREPROCESSING:PREPROCESS_CONFIG,1763861097000,1763861097000,1,75.7,,6442450944.0,,,0.0,0.0,0.0,0.0,0.0,1.0,
798,NFCORE_RANGELAND:RANGELAND:PREPROCESSING:PREPROCESS_CONFIG,1763861097000,1763861097000,1,81.3,,6442450944.0,,,0.0,0.0,0.0,0.0,0.0,1.0,
799,NFCORE_RANGELAND:RANGELAND:PREPROCESSING:PREPROCESS_CONFIG,1763861098000,1763861098000,1,70.9,,6442450944.0,,,0.0,0.0,0.0,0.0,0.0,1.0,
800,NFCORE_RANGELAND:RANGELAND:PREPROCESSING:PREPROCESS_CONFIG,1763861098000,1763861098000,1,53.1,,6442450944.0,,,0.0,0.0,0.0,0.0,0.0,1.0,
801,NFCORE_RANGELAND:RANGELAND:PREPROCESSING:PREPROCESS_CONFIG,1763861098000,1763861098000,1,74.2,,6442450944.0,,,0.0,0.0,0.0,0.0,0.0,1.0,
802,NFCORE_RANGELAND:RANGELAND:PREPROCESSING:PREPROCESS_CONFIG,1763861099000,1763861099000,1,73.8,,6442450944.0,,,0.0,0.0,0.0,0.0,0.0,1.0,
803,NFCORE_RANGELAND:RANGELAND:PREPROCESSING:PREPROCESS_CONFIG,1763861099000,1763861099000,1,81.5,,6442450944.0,,,0.0,0.0,0.0,0.0,0.0,1.0,
804,NFCORE_RANGELAND:RANGELAND:PREPROCESSING:PREPROCESS_CONFIG,1763861099000,1763861099000,1,67.5,,6442450944.0,,,0.0,0.0,0.0,0.0,0.0,1.0,
805,NFCORE_RANGELAND:RANGELAND:PREPROCESSING:PREPROCESS_CONFIG,1763861100000,1763861100000,1,68.1,,6442450944.0,,,0.0,0.0,0.0,0.0,0.0,1.0,
806,NFCORE_RANGELAND:RANGELAND:PREPROCESSING:PREPROCESS_CONFIG,1763861100000,1763861100000,1,92.0,,6442450944.0,,,0.0,0.0,0.0,0.0,0.0,1.0,
807,NFCORE_RANGELAND:RANGELAND:PREPROCESSING:PREPROCESS_CONFIG,1763861100000,1763861101000,1,65.7,,6442450944.0,,,5.080706676136366e-07,6.533333333333335e-07,1.16140400094697e-06,1.16140400094697e-06,0.0,1.0,
808,NFCORE_RANGELAND:RANGELAND:PREPROCESSING:PREPROCESS_CONFIG,1763861101000,1763861101000,1,64.9,,6442450944.0,,,0.0,0.0,0.0,0.0,0.0,1.0,
809,NFCORE_RANGELAND:RANGELAND:PREPROCESSING:PREPROCESS_CONFIG,1763861101000,1763861101000,1,66.0,,6442450944.0,,,0.0,0.0,0.0,0.0,0.0,1.0,
810,NFCORE_RANGELAND:RANGELAND:PREPROCESSING:PREPROCESS_CONFIG,1763861101000,1763861102000,1,80.8,,6442450944.0,,,6.248418560606063e-07,6.533333333333335e-07,1.2781751893939398e-06,1.2781751893939398e-06,0.0,1.0,
811,NFCORE_RANGELAND:RANGELAND:PREPROCESSING:PREPROCESS_CONFIG,1763861102000,1763861102000,1,74.9,,6442450944.0,,,0.0,0.0,0.0,0.0,0.0,1.0,
812,NFCORE_RANGELAND:RANGELAND:PREPROCESSING:PREPROCESS_CONFIG,1763861102000,1763861102000,1,75.4,,6442450944.0,,,0.0,0.0,0.0,0.0,0.0,1.0,
813,NFCORE_RANGELAND:RANGELAND:PREPROCESSING:PREPROCESS_CONFIG,1763861102000,1763861103000,1,66.5,,6442450944.0,,,5.142572206439395e-07,6.533333333333335e-07,1.167590553977273e-06,1.167590553977273e-06,0.0,1.0,
814,NFCORE_RANGELAND:RANGELAND:PREPROCESSING:PREPROCESS_CONFIG,1763861103000,1763861103000,1,86.2,,6442450944.0,,,0.0,0.0,0.0,0.0,0.0,1.0,
815,NFCORE_RANGELAND:RANGELAND:PREPROCESSING:PREPROCESS_CONFIG,1763861103000,1763861103000,1,63.5,,6442450944.0,,,0.0,0.0,0.0,0.0,0.0,1.0,
816,NFCORE_RANGELAND:RANGELAND:PREPROCESSING:PREPROCESS_CONFIG,1763861103000,1763861104000,1,72.7,,6442450944.0,,,5.622030066287881e-07,6.533333333333335e-07,1.2155363399621217e-06,1.2155363399621217e-06,0.0,1.0,
817,NFCORE_RANGELAND:RANGELAND:PREPROCESSING:PREPROCESS_CONFIG,1763861104000,1763861104000,1,81.1,,6442450944.0,,,0.0,0.0,0.0,0.0,0.0,1.0,
818,NFCORE_RANGELAND:RANGELAND:PREPROCESSING:PREPROCESS_CONFIG,1763861104000,1763861104000,1,69.9,,6442450944.0,,,0.0,0.0,0.0,0.0,0.0,1.0,
820,NFCORE_RANGELAND:RANGELAND:PREPROCESSING:PREPROCESS_CONFIG,1763861105000,1763861105000,1,61.9,,6442450944.0,,,0.0,0.0,0.0,0.0,0.0,1.0,
821,NFCORE_RANGELAND:RANGELAND:PREPROCESSING:PREPROCESS_CONFIG,1763861105000,1763861105000,1,59.9,,6442450944.0,,,0.0,0.0,0.0,0.0,0.0,1.0,
822,NFCORE_RANGELAND:RANGELAND:PREPROCESSING:PREPROCESS_CONFIG,1763861105000,1763861105000,1,63.3,,6442450944.0,,,0.0,0.0,0.0,0.0,0.0,1.0,
823,NFCORE_RANGELAND:RANGELAND:PREPROCESSING:PREPROCESS_CONFIG,1763861106000,1763861106000,1,68.3,,6442450944.0,,,0.0,0.0,0.0,0.0,0.0,1.0,
824,NFCORE_RANGELAND:RANGELAND:PREPROCESSING:PREPROCESS_CONFIG,1763861106000,1763861106000,1,63.5,,6442450944.0,,,0.0,0.0,0.0,0.0,0.0,1.0,
825,NFCORE_RANGELAND:RANGELAND:PREPROCESSING:PREPROCESS_CONFIG,1763861106000,1763861106000,1,88.9,,6442450944.0,,,0.0,0.0,0.0,0.0,0.0,1.0,
826,NFCORE_RANGELAND:RANGELAND:PREPROCESSING:PREPROCESS_CONFIG,1763861106000,1763861107000,1,72.1,,6442450944.0,,,5.575630918560607e-07,6.533333333333335e-07,1.2108964251893942e-06,1.2108964251893942e-06,0.0,1.0,
827,NFCORE_RANGELAND:RANGELAND:PREPROCESSING:PREPROCESS_CONFIG,1763861107000,1763861107000,1,76.9,,6442450944.0,,,0.0,0.0,0.0,0.0,0.0,1.0,
828,NFCORE_RANGELAND:RANGELAND:PREPROCESSING:PREPROCESS_CONFIG,1763861107000,1763861108000,1,72.9,,6442450944.0,,,5.637496448863638e-07,6.533333333333335e-07,1.2170829782196973e-06,1.2170829782196973e-06,0.0,1.0,
829,NFCORE_RANGELAND:RANGELAND:PREPROCESSING:PREPROCESS_CONFIG,1763861108000,1763861108000,1,51.7,,6442450944.0,,,0.0,0.0,0.0,0.0,0.0,1.0,
830,NFCORE_RANGELAND:RANGELAND:PREPROCESSING:PREPROCESS_CONFIG,1763861108000,1763861108000,1,81.8,,6442450944.0,,,0.0,0.0,0.0,0.0,0.0,1.0,
831,NFCORE_RANGELAND:RANGELAND:PREPROCESSING:PREPROCESS_CONFIG,1763861108000,1763861108000,1,66.5,,6442450944.0,,,0.0,0.0,0.0,0.0,0.0,1.0,
832,NFCORE_RANGELAND:RANGELAND:PREPROCESSING:PREPROCESS_CONFIG,1763861109000,1763861109000,1,76.4,,6442450944.0,,,0.0,0.0,0.0,0.0,0.0,1.0,
833,NFCORE_RANGELAND:RANGELAND:PREPROCESSING:PREPROCESS_CONFIG,1763861109000,1763861109000,1,65.7,,6442450944.0,,,0.0,0.0,0.0,0.0,0.0,1.0,
834,NFCORE_RANGELAND:RANGELAND:PREPROCESSING:PREPROCESS_CONFIG,1763861109000,1763861109000,1,70.9,,6442450944.0,,,0.0,0.0,0.0,0.0,0.0,1.0,
835,NFCORE_RANGELAND:RANGELAND:PREPROCESSING:PREPROCESS_CONFIG,1763861110000,1763861110000,1,71.9,,6442450944.0,,,0.0,0.0,0.0,0.0,0.0,1.0,
836,NFCORE_RANGELAND:RANGELAND:PREPROCESSING:PREPROCESS_CONFIG,1763861110000,1763861110000,1,81.5,,6442450944.0,,,0.0,0.0,0.0,0.0,0.0,1.0,
837,NFCORE_RANGELAND:RANGELAND:PREPROCESSING:PREPROCESS_CONFIG,1763861110000,1763861110000,1,79.8,,6442450944.0,,,0.0,0.0,0.0,0.0,0.0,1.0,
838,NFCORE_RANGELAND:RANGELAND:PREPROCESSING:PREPROCESS_CONFIG,1763861110000,1763861111000,1,72.3,,6442450944.0,,,5.591097301136366e-07,6.533333333333335e-07,1.21244306344697e-06,1.21244306344697e-06,0.0,1.0,
839,NFCORE_RANGELAND:RANGELAND:PREPROCESSING:PREPROCESS_CONFIG,1763861111000,1763861111000,1,65.7,,6442450944.0,,,0.0,0.0,0.0,0.0,0.0,1.0,
840,NFCORE_RANGELAND:RANGELAND:PREPROCESSING:PREPROCESS_CONFIG,1763861111000,1763861111000,1,67.7,,6442450944.0,,,0.0,0.0,0.0,0.0,0.0,1.0,
841,NFCORE_RANGELAND:RANGELAND:PREPROCESSING:PREPROCESS_CONFIG,1763861111000,1763861112000,1,79.0,,6442450944.0,,,6.196520938552188e-07,6.533333333333335e-07,1.2729854271885522e-06,1.2729854271885522e-06,0.0,1.0,
842,NFCORE_RANGELAND:RANGELAND:PREPROCESSING:PREPROCESS_CONFIG,1763861112000,1763861112000,1,83.4,,6442450944.0,,,0.0,0.0,0.0,0.0,0.0,1.0,
843,NFCORE_RANGELAND:RANGELAND:PREPROCESSING:PREPROCESS_CONFIG,1763861112000,1763861112000,1,80.6,,6442450944.0,,,0.0,0.0,0.0,0.0,0.0,1.0,
844,NFCORE_RANGELAND:RANGELAND:PREPROCESSING:PREPROCESS_CONFIG,1763861112000,1763861113000,1,67.1,,6442450944.0,,,5.263120949074074e-07,6.533333333333335e-07,1.1796454282407409e-06,1.1796454282407409e-06,0.0,1.0,
845,NFCORE_RANGELAND:RANGELAND:PREPROCESSING:PREPROCESS_CONFIG,1763861113000,1763861113000,1,81.2,,6442450944.0,,,0.0,0.0,0.0,0.0,0.0,1.0,
846,NFCORE_RANGELAND:RANGELAND:PREPROCESSING:PREPROCESS_CONFIG,1763861113000,1763861114000,1,66.3,,6442450944.0,,,5.127105823863637e-07,6.533333333333335e-07,1.1660439157196973e-06,1.1660439157196973e-06,0.0,1.0,
847,NFCORE_RANGELAND:RANGELAND:PREPROCESSING:PREPROCESS_CONFIG,1763861114000,1763861114000,1,70.9,,6442450944.0,,,0.0,0.0,0.0,0.0,0.0,1.0,
848,NFCORE_RANGELAND:RANGELAND:PREPROCESSING:PREPROCESS_CONFIG,1763861114000,1763861114000,1,70.8,,6442450944.0,,,0.0,0.0,0.0,0.0,0.0,1.0,
849,NFCORE_RANGELAND:RANGELAND:PREPROCESSING:PREPROCESS_CONFIG,1763861114000,1763861115000,1,67.0,,6442450944.0,,,5.127942708333332e-07,6.533333333333335e-07,1.1661276041666668e-06,1.1661276041666668e-06,0.0,1.0,
850,NFCORE_RANGELAND:RANGELAND:PREPROCESSING:PREPROCESS_CONFIG,1763861115000,1763861115000,1,68.6,,6442450944.0,,,0.0,0.0,0.0,0.0,0.0,1.0,
851,NFCORE_RANGELAND:RANGELAND:PREPROCESSING:PREPROCESS_CONFIG,1763861115000,1763861116000,1,73.8,,6442450944.0,,,5.707095170454548e-07,6.533333333333335e-07,1.2240428503787883e-06,1.2240428503787883e-06,0.0,1.0,
853,NFCORE_RANGELAND:RANGELAND:PREPROCESSING:PREPROCESS_CONFIG,1763861116000,1763861116000,1,67.2,,6442450944.0,,,0.0,0.0,0.0,0.0,0.0,1.0,
854,NFCORE_RANGELAND:RANGELAND:PREPROCESSING:PREPROCESS_CONFIG,1763861116000,1763861116000,1,69.8,,6442450944.0,,,0.0,0.0,0.0,0.0,0.0,1.0,
855,NFCORE_RANGELAND:RANGELAND:PREPROCESSING:PREPROCESS_CONFIG,1763861116000,1763861117000,1,76.0,,6442450944.0,,,5.877225378787881e-07,6.533333333333335e-07,1.2410558712121216e-06,1.2410558712121216e-06,0.0,1.0,
856,NFCORE_RANGELAND:RANGELAND:PREPROCESSING:PREPROCESS_CONFIG,1763861117000,1763861117000,1,72.9,,6442450944.0,,,0.0,0.0,0.0,0.0,0.0,1.0,
857,NFCORE_RANGELAND:RANGELAND:PREPROCESSING:PREPROCESS_CONFIG,1763861117000,1763861117000,1,49.3,,6442450944.0,,,0.0,0.0,0.0,0.0,0.0,1.0,
858,NFCORE_RANGELAND:RANGELAND:PREPROCESSING:PREPROCESS_CONFIG,1763861117000,1763861118000,1,68.8,,6442450944.0,,,5.320435606060607e-07,6.533333333333335e-07,1.1853768939393943e-06,1.1853768939393943e-06,0.0,1.0,
859,NFCORE_RANGELAND:RANGELAND:PREPROCESSING:PREPROCESS_CONFIG,1763861118000,1763861118000,1,75.2,,6442450944.0,,,0.0,0.0,0.0,0.0,0.0,1.0,
860,NFCORE_RANGELAND:RANGELAND:PREPROCESSING:PREPROCESS_CONFIG,1763861118000,1763861118000,1,79.0,,6442450944.0,,,0.0,0.0,0.0,0.0,0.0,1.0,
861,NFCORE_RANGELAND:RANGELAND:PREPROCESSING:PREPROCESS_CONFIG,1763861118000,1763861119000,1,69.6,,6442450944.0,,,5.382301136363637e-07,6.533333333333335e-07,1.1915634469696972e-06,1.1915634469696972e-06,0.0,1.0,
862,NFCORE_RANGELAND:RANGELAND:PREPROCESSING:PREPROCESS_CONFIG,1763861119000,1763861119000,1,67.0,,6442450944.0,,,0.0,0.0,0.0,0.0,0.0,1.0,
863,NFCORE_RANGELAND:RANGELAND:PREPROCESSING:PREPROCESS_CONFIG,1763861119000,1763861119000,1,68.8,,6442450944.0,,,0.0,0.0,0.0,0.0,0.0,1.0,
864,NFCORE_RANGELAND:RANGELAND:PREPROCESSING:PREPROCESS_CONFIG,1763861119000,1763861120000,1,62.0,,6442450944.0,,,4.79457859848485e-07,6.533333333333335e-07,1.1327911931818185e-06,1.1327911931818185e-06,0.0,1.0,
865,NFCORE_RANGELAND:RANGELAND:PREPROCESSING:PREPROCESS_CONFIG,1763861119000,1763861120000,1,71.6,,6442450944.0,,,5.536964962121213e-07,6.533333333333335e-07,1.2070298295454546e-06,1.2070298295454546e-06,0.0,1.0,
866,NFCORE_RANGELAND:RANGELAND:PREPROCESSING:PREPROCESS_CONFIG,1763861120000,1763861120000,1,94.7,,6442450944.0,,,0.0,0.0,0.0,0.0,0.0,1.0,
867,NFCORE_RANGELAND:RANGELAND:PREPROCESSING:PREPROCESS_CONFIG,1763861120000,1763861120000,1,72.5,,6442450944.0,,,0.0,0.0,0.0,0.0,0.0,1.0,
868,NFCORE_RANGELAND:RANGELAND:PREPROCESSING:PREPROCESS_CONFIG,1763861120000,1763861120000,1,83.7,,6442450944.0,,,0.0,0.0,0.0,0.0,0.0,1.0,
869,NFCORE_RANGELAND:RANGELAND:PREPROCESSING:PREPROCESS_CONFIG,1763861121000,1763861121000,1,82.3,,6442450944.0,,,0.0,0.0,0.0,0.0,0.0,1.0,
870,NFCORE_RANGELAND:RANGELAND:PREPROCESSING:PREPROCESS_CONFIG,1763861121000,1763861121000,1,64.6,,6442450944.0,,,0.0,0.0,0.0,0.0,0.0,1.0,
871,NFCORE_RANGELAND:RANGELAND:PREPROCESSING:PREPROCESS_CONFIG,1763861121000,1763861121000,1,66.0,,6442450944.0,,,0.0,0.0,0.0,0.0,0.0,1.0,
872,NFCORE_RANGELAND:RANGELAND:PREPROCESSING:PREPROCESS_CONFIG,1763861121000,1763861121000,1,80.4,,6442450944.0,,,0.0,0.0,0.0,0.0,0.0,1.0,
873,NFCORE_RANGELAND:RANGELAND:PREPROCESSING:PREPROCESS_CONFIG,1763861121000,1763861122000,1,75.3,,6442450944.0,,,5.823093039772728e-07,6.533333333333335e-07,1.2356426373106062e-06,1.2356426373106062e-06,0.0,1.0,
874,NFCORE_RANGELAND:RANGELAND:PREPROCESSING:PREPROCESS_CONFIG,1763861122000,1763861122000,1,70.5,,6442450944.0,,,0.0,0.0,0.0,0.0,0.0,1.0,
875,NFCORE_RANGELAND:RANGELAND:PREPROCESSING:PREPROCESS_CONFIG,1763861122000,1763861122000,1,80.0,,6442450944.0,,,0.0,0.0,0.0,0.0,0.0,1.0,
876,NFCORE_RANGELAND:RANGELAND:PREPROCESSING:PREPROCESS_CONFIG,1763861122000,1763861122000,1,67.2,,6442450944.0,,,0.0,0.0,0.0,0.0,0.0,1.0,
877,NFCORE_RANGELAND:RANGELAND:PREPROCESSING:PREPROCESS_CONFIG,1763861122000,1763861123000,1,73.5,,6442450944.0,,,5.683895596590911e-07,6.533333333333335e-07,1.2217228929924246e-06,1.2217228929924246e-06,0.0,1.0,
878,NFCORE_RANGELAND:RANGELAND:PREPROCESSING:PREPROCESS_CONFIG,1763861123000,1763861123000,1,70.6,,6442450944.0,,,0.0,0.0,0.0,0.0,0.0,1.0,
879,NFCORE_RANGELAND:RANGELAND:PREPROCESSING:PREPROCESS_CONFIG,1763861123000,1763861123000,1,71.3,,6442450944.0,,,0.0,0.0,0.0,0.0,0.0,1.0,
880,NFCORE_RANGELAND:RANGELAND:PREPROCESSING:PREPROCESS_CONFIG,1763861123000,1763861123000,1,67.7,,6442450944.0,,,0.0,0.0,0.0,0.0,0.0,1.0,
881,NFCORE_RANGELAND:RANGELAND:PREPROCESSING:PREPROCESS_CONFIG,1763861123000,1763861124000,1,85.0,,6442450944.0,,,6.573212594696971e-07,6.533333333333335e-07,1.3106545928030305e-06,1.3106545928030305e-06,0.0,1.0,
882,NFCORE_RANGELAND:RANGELAND:PREPROCESSING:PREPROCESS_CONFIG,1763861124000,1763861124000,1,69.6,,6442450944.0,,,0.0,0.0,0.0,0.0,0.0,1.0,
883,NFCORE_RANGELAND:RANGELAND:PREPROCESSING:PREPROCESS_CONFIG,1763861124000,1763861124000,1,60.5,,6442450944.0,,,0.0,0.0,0.0,0.0,0.0,1.0,
884,NFCORE_RANGELAND:RANGELAND:PREPROCESSING:PREPROCESS_CONFIG,1763861124000,1763861124000,1,76.2,,6442450944.0,,,0.0,0.0,0.0,0.0,0.0,1.0,
886,NFCORE_RANGELAND:RANGELAND:PREPROCESSING:PREPROCESS_CONFIG,1763861124000,1763861125000,1,83.3,,6442450944.0,,,6.441748342803032e-07,6.533333333333335e-07,1.2975081676136368e-06,1.2975081676136368e-06,0.0,1.0,
887,NFCORE_RANGELAND:RANGELAND:PREPROCESSING:PREPROCESS_CONFIG,1763861125000,1763861125000,1,83.7,,6442450944.0,,,0.0,0.0,0.0,0.0,0.0,1.0,
888,NFCORE_RANGELAND:RANGELAND:PREPROCESSING:PREPROCESS_CONFIG,1763861125000,1763861125000,1,72.3,,6442450944.0,,,0.0,0.0,0.0,0.0,0.0,1.0,
889,NFCORE_RANGELAND:RANGELAND:PREPROCESSING:PREPROCESS_CONFIG,1763861125000,1763861125000,1,83.7,,6442450944.0,,,0.0,0.0,0.0,0.0,0.0,1.0,
890,NFCORE_RANGELAND:RANGELAND:PREPROCESSING:PREPROCESS_CONFIG,1763861125000,1763861126000,1,76.2,,6442450944.0,,,5.892691761363638e-07,6.533333333333335e-07,1.2426025094696974e-06,1.2426025094696974e-06,0.0,1.0,
891,NFCORE_RANGELAND:RANGELAND:PREPROCESSING:PREPROCESS_CONFIG,1763861126000,1763861126000,1,80.6,,6442450944.0,,,0.0,0.0,0.0,0.0,0.0,1.0,
892,NFCORE_RANGELAND:RANGELAND:PREPROCESSING:PREPROCESS_CONFIG,1763861126000,1763861126000,1,71.7,,6442450944.0,,,0.0,0.0,0.0,0.0,0.0,1.0,
893,NFCORE_RANGELAND:RANGELAND:PREPROCESSING:PREPROCESS_CONFIG,1763861126000,1763861126000,1,77.3,,6442450944.0,,,0.0,0.0,0.0,0.0,0.0,1.0,
894,NFCORE_RANGELAND:RANGELAND:PREPROCESSING:PREPROCESS_CONFIG,1763861126000,1763861126000,1,74.3,,6442450944.0,,,0.0,0.0,0.0,0.0,0.0,1.0,
895,NFCORE_RANGELAND:RANGELAND:PREPROCESSING:PREPROCESS_CONFIG,1763861126000,1763861127000,1,76.2,,6442450944.0,,,5.892691761363638e-07,6.533333333333335e-07,1.2426025094696974e-06,1.2426025094696974e-06,0.0,1.0,
896,NFCORE_RANGELAND:RANGELAND:PREPROCESSING:PREPROCESS_CONFIG,1763861127000,1763861127000,1,73.8,,6442450944.0,,,0.0,0.0,0.0,0.0,0.0,1.0,
897,NFCORE_RANGELAND:RANGELAND:PREPROCESSING:PREPROCESS_CONFIG,1763861127000,1763861127000,1,67.3,,6442450944.0,,,0.0,0.0,0.0,0.0,0.0,1.0,
898,NFCORE_RANGELAND:RANGELAND:PREPROCESSING:PREPROCESS_CONFIG,1763861127000,1763861127000,1,63.6,,6442450944.0,,,0.0,0.0,0.0,0.0,0.0,1.0,
899,NFCORE_RANGELAND:RANGELAND:PREPROCESSING:PREPROCESS_CONFIG,1763861128000,1763861128000,1,81.3,,6442450944.0,,,0.0,0.0,0.0,0.0,0.0,1.0,
900,NFCORE_RANGELAND:RANGELAND:PREPROCESSING:PREPROCESS_CONFIG,1763861128000,1763861128000,1,72.1,,6442450944.0,,,0.0,0.0,0.0,0.0,0.0,1.0,
901,NFCORE_RANGELAND:RANGELAND:PREPROCESSING:PREPROCESS_CONFIG,1763861128000,1763861128000,1,77.4,,6442450944.0,,,0.0,0.0,0.0,0.0,0.0,1.0,
902,NFCORE_RANGELAND:RANGELAND:PREPROCESSING:PREPROCESS_CONFIG,1763861128000,1763861128000,1,67.9,,6442450944.0,,,0.0,0.0,0.0,0.0,0.0,1.0,
903,NFCORE_RANGELAND:RANGELAND:PREPROCESSING:PREPROCESS_CONFIG,1763861128000,1763861129000,1,51.2,,6442450944.0,,,3.959393939393941e-07,6.533333333333335e-07,1.0492727272727276e-06,1.0492727272727276e-06,0.0,1.0,
904,NFCORE_RANGELAND:RANGELAND:PREPROCESSING:PREPROCESS_CONFIG,1763861129000,1763861129000,1,73.4,,6442450944.0,,,0.0,0.0,0.0,0.0,0.0,1.0,
905,NFCORE_RANGELAND:RANGELAND:PREPROCESSING:PREPROCESS_CONFIG,1763861129000,1763861129000,1,81.0,,6442450944.0,,,0.0,0.0,0.0,0.0,0.0,1.0,
906,NFCORE_RANGELAND:RANGELAND:PREPROCESSING:PREPROCESS_CONFIG,1763861129000,1763861129000,1,75.3,,6442450944.0,,,0.0,0.0,0.0,0.0,0.0,1.0,
907,NFCORE_RANGELAND:RANGELAND:PREPROCESSING:PREPROCESS_CONFIG,1763861129000,1763861130000,1,74.4,,6442450944.0,,,5.75349431818182e-07,6.533333333333335e-07,1.2286827651515154e-06,1.2286827651515154e-06,0.0,1.0,
908,NFCORE_RANGELAND:RANGELAND:PREPROCESSING:PREPROCESS_CONFIG,1763861130000,1763861130000,1,80.0,,6442450944.0,,,0.0,0.0,0.0,0.0,0.0,1.0,
909,NFCORE_RANGELAND:RANGELAND:PREPROCESSING:PREPROCESS_CONFIG,1763861130000,1763861130000,1,86.2,,6442450944.0,,,0.0,0.0,0.0,0.0,0.0,1.0,
910,NFCORE_RANGELAND:RANGELAND:PREPROCESSING:PREPROCESS_CONFIG,1763861130000,1763861130000,1,67.2,,6442450944.0,,,0.0,0.0,0.0,0.0,0.0,1.0,
911,NFCORE_RANGELAND:RANGELAND:PREPROCESSING:PREPROCESS_CONFIG,1763861130000,1763861130000,1,66.3,,6442450944.0,,,0.0,0.0,0.0,0.0,0.0,1.0,
912,NFCORE_RANGELAND:RANGELAND:PREPROCESSING:PREPROCESS_CONFIG,1763861131000,1763861131000,1,76.4,,6442450944.0,,,0.0,0.0,0.0,0.0,0.0,1.0,
913,NFCORE_RANGELAND:RANGELAND:PREPROCESSING:PREPROCESS_CONFIG,1763861131000,1763861131000,1,71.7,,6442450944.0,,,0.0,0.0,0.0,0.0,0.0,1.0,
914,NFCORE_RANGELAND:RANGELAND:PREPROCESSING:PREPROCESS_CONFIG,1763861131000,1763861131000,1,62.7,,6442450944.0,,,0.0,0.0,0.0,0.0,0.0,1.0,
915,NFCORE_RANGELAND:RANGELAND:PREPROCESSING:PREPROCESS_CONFIG,1763861131000,1763861132000,1,76.4,,6442450944.0,,,5.908158143939397e-07,6.533333333333335e-07,1.2441491477272732e-06,1.2441491477272732e-06,0.0,1.0,
916,NFCORE_RANGELAND:RANGELAND:PREPROCESSING:PREPROCESS_CONFIG,1763861132000,1763861132000,1,67.0,,6442450944.0,,,0.0,0.0,0.0,0.0,0.0,1.0,
917,NFCORE_RANGELAND:RANGELAND:PREPROCESSING:PREPROCESS_CONFIG,1763861132000,1763861132000,1,63.4,,6442450944.0,,,0.0,0.0,0.0,0.0,0.0,1.0,
919,NFCORE_RANGELAND:RANGELAND:PREPROCESSING:PREPROCESS_CONFIG,1763861132000,1763861133000,1,70.4,,6442450944.0,,,5.521962962962962e-07,6.533333333333335e-07,1.2055296296296296e-06,1.2055296296296296e-06,0.0,1.0,
920,NFCORE_RANGELAND:RANGELAND:PREPROCESSING:PREPROCESS_CONFIG,1763861133000,1763861133000,1,81.0,,6442450944.0,,,0.0,0.0,0.0,0.0,0.0,1.0,
921,NFCORE_RANGELAND:RANGELAND:PREPROCESSING:PREPROCESS_CONFIG,1763861133000,1763861133000,1,57.1,,6442450944.0,,,0.0,0.0,0.0,0.0,0.0,1.0,
922,NFCORE_RANGELAND:RANGELAND:PREPROCESSING:PREPROCESS_CONFIG,1763861133000,1763861134000,1,76.0,,6442450944.0,,,5.877225378787881e-07,6.533333333333335e-07,1.2410558712121216e-06,1.2410558712121216e-06,0.0,1.0,
923,NFCORE_RANGELAND:RANGELAND:PREPROCESSING:PREPROCESS_CONFIG,1763861134000,1763861134000,1,67.3,,6442450944.0,,,0.0,0.0,0.0,0.0,0.0,1.0,
924,NFCORE_RANGELAND:RANGELAND:PREPROCESSING:PREPROCESS_CONFIG,1763861134000,1763861134000,1,78.5,,6442450944.0,,,0.0,0.0,0.0,0.0,0.0,1.0,
925,NFCORE_RANGELAND:RANGELAND:PREPROCESSING:PREPROCESS_CONFIG,1763861135000,1763861135000,1,64.0,,6442450944.0,,,0.0,0.0,0.0,0.0,0.0,1.0,
926,NFCORE_RANGELAND:RANGELAND:PREPROCESSING:PREPROCESS_CONFIG,1763861135000,1763861135000,1,80.8,,6442450944.0,,,0.0,0.0,0.0,0.0,0.0,1.0,
927,NFCORE_RANGELAND:RANGELAND:PREPROCESSING:PREPROCESS_CONFIG,1763861135000,1763861135000,1,71.1,,6442450944.0,,,0.0,0.0,0.0,0.0,0.0,1.0,
928,NFCORE_RANGELAND:RANGELAND:PREPROCESSING:PREPROCESS_CONFIG,1763861135000,1763861136000,1,64.6,,6442450944.0,,,5.067028514309763e-07,6.533333333333335e-07,1.1600361847643099e-06,1.1600361847643099e-06,0.0,1.0,
929,NFCORE_RANGELAND:RANGELAND:PREPROCESSING:PREPROCESS_CONFIG,1763861136000,1763861136000,1,30.7,,6442450944.0,,,0.0,0.0,0.0,0.0,0.0,1.0,
930,NFCORE_RANGELAND:RANGELAND:PREPROCESSING:PREPROCESS_CONFIG,1763861136000,1763861136000,1,69.8,,6442450944.0,,,0.0,0.0,0.0,0.0,0.0,1.0,
931,NFCORE_RANGELAND:RANGELAND:PREPROCESSING:PREPROCESS_CONFIG,1763861136000,1763861137000,1,69.8,,6442450944.0,,,5.397767518939396e-07,6.533333333333335e-07,1.193110085227273e-06,1.193110085227273e-06,0.0,1.0,
932,NFCORE_RANGELAND:RANGELAND:PREPROCESSING:PREPROCESS_CONFIG,1763861137000,1763861137000,1,81.8,,6442450944.0,,,0.0,0.0,0.0,0.0,0.0,1.0,
933,NFCORE_RANGELAND:RANGELAND:PREPROCESSING:PREPROCESS_CONFIG,1763861138000,1763861138000,1,66.1,,6442450944.0,,,0.0,0.0,0.0,0.0,0.0,1.0,
934,NFCORE_RANGELAND:RANGELAND:PREPROCESSING:PREPROCESS_CONFIG,1763861137000,1763861138000,1,65.7,,6442450944.0,,,5.080706676136366e-07,6.533333333333335e-07,1.16140400094697e-06,1.16140400094697e-06,0.0,1.0,
935,NFCORE_RANGELAND:RANGELAND:PREPROCESSING:PREPROCESS_CONFIG,1763861138000,1763861138000,1,65.0,,6442450944.0,,,0.0,0.0,0.0,0.0,0.0,1.0,
936,NFCORE_RANGELAND:RANGELAND:PREPROCESSING:PREPROCESS_CONFIG,1763861138000,1763861138000,1,73.1,,6442450944.0,,,0.0,0.0,0.0,0.0,0.0,1.0,
937,NFCORE_RANGELAND:RANGELAND:PREPROCESSING:PREPROCESS_CONFIG,1763861138000,1763861139000,1,74.9,,6442450944.0,,,5.874929345538721e-07,6.533333333333335e-07,1.2408262678872055e-06,1.2408262678872055e-06,0.0,1.0,
938,NFCORE_RANGELAND:RANGELAND:PREPROCESSING:PREPROCESS_CONFIG,1763861139000,1763861139000,1,72.9,,6442450944.0,,,0.0,0.0,0.0,0.0,0.0,1.0,
939,NFCORE_RANGELAND:RANGELAND:PREPROCESSING:PREPROCESS_CONFIG,1763861139000,1763861139000,1,75.5,,6442450944.0,,,0.0,0.0,0.0,0.0,0.0,1.0,
940,NFCORE_RANGELAND:RANGELAND:PREPROCESSING:PREPROCESS_CONFIG,1763861139000,1763861140000,1,46.0,,6442450944.0,,,3.557267992424244e-07,6.533333333333335e-07,1.009060132575758e-06,1.009060132575758e-06,0.0,1.0,
941,NFCORE_RANGELAND:RANGELAND:PREPROCESSING:PREPROCESS_CONFIG,1763861140000,1763861140000,1,70.7,,6442450944.0,,,0.0,0.0,0.0,0.0,0.0,1.0,
942,NFCORE_RANGELAND:RANGELAND:PREPROCESSING:PREPROCESS_CONFIG,1763861140000,1763861141000,1,64.5,,6442450944.0,,,4.936601562499999e-07,6.533333333333335e-07,1.1469934895833334e-06,1.1469934895833334e-06,0.0,1.0,
943,NFCORE_RANGELAND:RANGELAND:PREPROCESSING:PREPROCESS_CONFIG,1763861140000,1763861141000,1,75.0,,6442450944.0,,,5.799893465909093e-07,6.533333333333335e-07,1.2333226799242429e-06,1.2333226799242429e-06,0.0,1.0,
944,NFCORE_RANGELAND:RANGELAND:PREPROCESSING:PREPROCESS_CONFIG,1763861141000,1763861141000,1,71.3,,6442450944.0,,,0.0,0.0,0.0,0.0,0.0,1.0,
945,NFCORE_RANGELAND:RANGELAND:PREPROCESSING:PREPROCESS_CONFIG,1763861141000,1763861141000,1,44.8,,6442450944.0,,,0.0,0.0,0.0,0.0,0.0,1.0,
946,NFCORE_RANGELAND:RANGELAND:PREPROCESSING:PREPROCESS_CONFIG,1763861142000,1763861142000,1,69.8,,6442450944.0,,,0.0,0.0,0.0,0.0,0.0,1.0,
947,NFCORE_RANGELAND:RANGELAND:PREPROCESSING:PREPROCESS_CONFIG,1763861142000,1763861142000,1,71.3,,6442450944.0,,,0.0,0.0,0.0,0.0,0.0,1.0,
948,NFCORE_RANGELAND:RANGELAND:PREPROCESSING:PREPROCESS_CONFIG,1763861142000,1763861142000,1,60.9,,6442450944.0,,,0.0,0.0,0.0,0.0,0.0,1.0,
949,NFCORE_RANGELAND:RANGELAND:PREPROCESSING:PREPROCESS_CONFIG,1763861143000,1763861143000,1,69.0,,6442450944.0,,,0.0,0.0,0.0,0.0,0.0,1.0,
950,NFCORE_RANGELAND:RANGELAND:PREPROCESSING:PREPROCESS_CONFIG,1763861143000,1763861143000,1,71.3,,6442450944.0,,,0.0,0.0,0.0,0.0,0.0,1.0,
952,NFCORE_RANGELAND:RANGELAND:PREPROCESSING:PREPROCESS_CONFIG,1763861144000,1763861144000,1,92.1,,6442450944.0,,,0.0,0.0,0.0,0.0,0.0,1.0,
953,NFCORE_RANGELAND:RANGELAND:PREPROCESSING:PREPROCESS_CONFIG,1763861144000,1763861144000,1,74.4,,6442450944.0,,,0.0,0.0,0.0,0.0,0.0,1.0,
954,NFCORE_RANGELAND:RANGELAND:PREPROCESSING:PREPROCESS_CONFIG,1763861144000,1763861145000,1,71.3,,6442450944.0,,,5.513765388257577e-07,6.533333333333335e-07,1.2047098721590913e-06,1.2047098721590913e-06,0.0,1.0,
955,NFCORE_RANGELAND:RANGELAND:PREPROCESSING:PREPROCESS_CONFIG,1763861145000,1763861145000,1,63.1,,6442450944.0,,,0.0,0.0,0.0,0.0,0.0,1.0,
956,NFCORE_RANGELAND:RANGELAND:PREPROCESSING:PREPROCESS_CONFIG,1763861145000,1763861145000,1,67.1,,6442450944.0,,,0.0,0.0,0.0,0.0,0.0,1.0,
957,NFCORE_RANGELAND:RANGELAND:PREPROCESSING:PREPROCESS_CONFIG,1763861145000,1763861146000,1,72.0,,6442450944.0,,,5.785208333333333e-07,6.533333333333335e-07,1.2318541666666668e-06,1.2318541666666668e-06,0.0,1.0,
958,NFCORE_RANGELAND:RANGELAND:PREPROCESSING:PREPROCESS_CONFIG,1763861146000,1763861146000,1,70.7,,6442450944.0,,,0.0,0.0,0.0,0.0,0.0,1.0,
959,NFCORE_RANGELAND:RANGELAND:PREPROCESSING:PREPROCESS_CONFIG,1763861146000,1763861147000,1,70.3,,6442450944.0,,,5.436433475378789e-07,6.533333333333335e-07,1.1969766808712124e-06,1.1969766808712124e-06,0.0,1.0,
960,NFCORE_RANGELAND:RANGELAND:PREPROCESSING:PREPROCESS_CONFIG,1763861147000,1763861147000,1,70.3,,6442450944.0,,,0.0,0.0,0.0,0.0,0.0,1.0,
961,NFCORE_RANGELAND:RANGELAND:PREPROCESSING:PREPROCESS_CONFIG,1763861147000,1763861147000,1,72.1,,6442450944.0,,,0.0,0.0,0.0,0.0,0.0,1.0,
962,NFCORE_RANGELAND:RANGELAND:PREPROCESSING:PREPROCESS_CONFIG,1763861147000,1763861147000,1,70.2,,6442450944.0,,,0.0,0.0,0.0,0.0,0.0,1.0,
963,NFCORE_RANGELAND:RANGELAND:PREPROCESSING:PREPROCESS_CONFIG,1763861147000,1763861148000,1,75.5,,6442450944.0,,,5.838559422348488e-07,6.533333333333335e-07,1.2371892755681822e-06,1.2371892755681822e-06,0.0,1.0,
964,NFCORE_RANGELAND:RANGELAND:PREPROCESSING:PREPROCESS_CONFIG,1763861148000,1763861148000,1,65.9,,6442450944.0,,,0.0,0.0,0.0,0.0,0.0,1.0,
965,NFCORE_RANGELAND:RANGELAND:PREPROCESSING:PREPROCESS_CONFIG,1763861148000,1763861148000,1,85.9,,6442450944.0,,,0.0,0.0,0.0,0.0,0.0,1.0,
966,NFCORE_RANGELAND:RANGELAND:PREPROCESSING:PREPROCESS_CONFIG,1763861148000,1763861149000,1,73.9,,6442450944.0,,,5.93787355324074e-07,6.533333333333335e-07,1.2471206886574074e-06,1.2471206886574074e-06,0.0,1.0,
967,NFCORE_RANGELAND:RANGELAND:PREPROCESSING:PREPROCESS_CONFIG,1763861149000,1763861149000,1,75.1,,6442450944.0,,,0.0,0.0,0.0,0.0,0.0,1.0,
968,NFCORE_RANGELAND:RANGELAND:PREPROCESSING:PREPROCESS_CONFIG,1763861149000,1763861150000,1,71.0,,6442450944.0,,,5.704858217592592e-07,6.533333333333335e-07,1.2238191550925927e-06,1.2238191550925927e-06,0.0,1.0,
969,NFCORE_RANGELAND:RANGELAND:PREPROCESSING:PREPROCESS_CONFIG,1763861150000,1763861150000,1,82.3,,6442450944.0,,,0.0,0.0,0.0,0.0,0.0,1.0,
970,NFCORE_RANGELAND:RANGELAND:PREPROCESSING:PREPROCESS_CONFIG,1763861150000,1763861150000,1,76.9,,6442450944.0,,,0.0,0.0,0.0,0.0,0.0,1.0,
588,NFCORE_RANGELAND:RANGELAND:PREPROCESSING:FORCE_PREPROCESS,1763861032000,1763861198000,6,186.7,,38654705664.0,,,0.00023966861103219704,0.00065072,0.000890388611032197,0.000890388611032197,0.0,1.0,
971,NFCORE_RANGELAND:RANGELAND:PREPROCESSING:PREPROCESS_CONFIG,1763861150000,1763861151000,1,77.6,,6442450944.0,,,6.00095643939394e-07,6.533333333333335e-07,1.2534289772727274e-06,1.2534289772727274e-06,0.0,1.0,
654,NFCORE_RANGELAND:RANGELAND:PREPROCESSING:FORCE_PREPROCESS,1763861050000,1763861219000,6,190.7,,38654705664.0,,,0.00025895476351273143,0.00066248,0.0009214347635127314,0.0009214347635127314,0.0,1.0,
687,NFCORE_RANGELAND:RANGELAND:PREPROCESSING:FORCE_PREPROCESS,1763861061000,1763861201000,6,190.4,,38654705664.0,,,0.0002040155833333333,0.0005488000000000001,0.0007528155833333335,0.0007528155833333335,0.0,1.0,
972,NFCORE_RANGELAND:RANGELAND:PREPROCESSING:PREPROCESS_CONFIG,1763861151000,1763861151000,1,70.1,,6442450944.0,,,0.0,0.0,0.0,0.0,0.0,1.0,
973,NFCORE_RANGELAND:RANGELAND:PREPROCESSING:PREPROCESS_CONFIG,1763861151000,1763861151000,1,70.3,,6442450944.0,,,0.0,0.0,0.0,0.0,0.0,1.0,
974,NFCORE_RANGELAND:RANGELAND:PREPROCESSING:PREPROCESS_CONFIG,1763861151000,1763861151000,1,60.5,,6442450944.0,,,0.0,0.0,0.0,0.0,0.0,1.0,
975,NFCORE_RANGELAND:RANGELAND:PREPROCESSING:PREPROCESS_CONFIG,1763861151000,1763861151000,1,70.4,,6442450944.0,,,0.0,0.0,0.0,0.0,0.0,1.0,
976,NFCORE_RANGELAND:RANGELAND:PREPROCESSING:PREPROCESS_CONFIG,1763861151000,1763861151000,1,74.3,,6442450944.0,,,0.0,0.0,0.0,0.0,0.0,1.0,
977,NFCORE_RANGELAND:RANGELAND:PREPROCESSING:PREPROCESS_CONFIG,1763861151000,1763861151000,1,65.9,,6442450944.0,,,0.0,0.0,0.0,0.0,0.0,1.0,
978,NFCORE_RANGELAND:RANGELAND:PREPROCESSING:PREPROCESS_CONFIG,1763861152000,1763861152000,1,45.3,,6442450944.0,,,0.0,0.0,0.0,0.0,0.0,1.0,
979,NFCORE_RANGELAND:RANGELAND:PREPROCESSING:PREPROCESS_CONFIG,1763861152000,1763861152000,1,81.3,,6442450944.0,,,0.0,0.0,0.0,0.0,0.0,1.0,
980,NFCORE_RANGELAND:RANGELAND:PREPROCESSING:PREPROCESS_CONFIG,1763861152000,1763861153000,1,49.6,,6442450944.0,,,3.83566287878788e-07,6.533333333333335e-07,1.0368996212121216e-06,1.0368996212121216e-06,0.0,1.0,
981,NFCORE_RANGELAND:RANGELAND:PREPROCESSING:PREPROCESS_CONFIG,1763861153000,1763861153000,1,88.9,,6442450944.0,,,0.0,0.0,0.0,0.0,0.0,1.0,
982,NFCORE_RANGELAND:RANGELAND:PREPROCESSING:PREPROCESS_CONFIG,1763861153000,1763861153000,1,60.4,,6442450944.0,,,0.0,0.0,0.0,0.0,0.0,1.0,
983,NFCORE_RANGELAND:RANGELAND:PREPROCESSING:PREPROCESS_CONFIG,1763861154000,1763861154000,1,63.6,,6442450944.0,,,0.0,0.0,0.0,0.0,0.0,1.0,
985,NFCORE_RANGELAND:RANGELAND:PREPROCESSING:PREPROCESS_CONFIG,1763861154000,1763861154000,1,65.8,,6442450944.0,,,0.0,0.0,0.0,0.0,0.0,1.0,
986,NFCORE_RANGELAND:RANGELAND:PREPROCESSING:PREPROCESS_CONFIG,1763861155000,1763861155000,1,77.6,,6442450944.0,,,0.0,0.0,0.0,0.0,0.0,1.0,
987,NFCORE_RANGELAND:RANGELAND:PREPROCESSING:PREPROCESS_CONFIG,1763861155000,1763861155000,1,79.3,,6442450944.0,,,0.0,0.0,0.0,0.0,0.0,1.0,
988,NFCORE_RANGELAND:RANGELAND:PREPROCESSING:PREPROCESS_CONFIG,1763861155000,1763861155000,1,72.5,,6442450944.0,,,0.0,0.0,0.0,0.0,0.0,1.0,
989,NFCORE_RANGELAND:RANGELAND:PREPROCESSING:PREPROCESS_CONFIG,1763861155000,1763861156000,1,65.5,,6442450944.0,,,5.137621790824916e-07,6.533333333333335e-07,1.167095512415825e-06,1.167095512415825e-06,0.0,1.0,
990,NFCORE_RANGELAND:RANGELAND:PREPROCESSING:PREPROCESS_CONFIG,1763861156000,1763861156000,1,53.1,,6442450944.0,,,0.0,0.0,0.0,0.0,0.0,1.0,
991,NFCORE_RANGELAND:RANGELAND:PREPROCESSING:PREPROCESS_CONFIG,1763861156000,1763861157000,1,65.4,,6442450944.0,,,5.254897569444445e-07,6.533333333333335e-07,1.1788230902777778e-06,1.1788230902777778e-06,0.0,1.0,
992,NFCORE_RANGELAND:RANGELAND:PREPROCESSING:PREPROCESS_CONFIG,1763861156000,1763861157000,1,62.2,,6442450944.0,,,4.760567708333333e-07,6.533333333333335e-07,1.1293901041666667e-06,1.1293901041666667e-06,0.0,1.0,
993,NFCORE_RANGELAND:RANGELAND:PREPROCESSING:PREPROCESS_CONFIG,1763861157000,1763861157000,1,67.0,,6442450944.0,,,0.0,0.0,0.0,0.0,0.0,1.0,
994,NFCORE_RANGELAND:RANGELAND:PREPROCESSING:PREPROCESS_CONFIG,1763861157000,1763861157000,1,76.3,,6442450944.0,,,0.0,0.0,0.0,0.0,0.0,1.0,
995,NFCORE_RANGELAND:RANGELAND:PREPROCESSING:PREPROCESS_CONFIG,1763861158000,1763861158000,1,47.6,,6442450944.0,,,0.0,0.0,0.0,0.0,0.0,1.0,
996,NFCORE_RANGELAND:RANGELAND:PREPROCESSING:PREPROCESS_CONFIG,1763861158000,1763861158000,1,68.6,,6442450944.0,,,0.0,0.0,0.0,0.0,0.0,1.0,
997,NFCORE_RANGELAND:RANGELAND:PREPROCESSING:PREPROCESS_CONFIG,1763861158000,1763861158000,1,53.7,,6442450944.0,,,0.0,0.0,0.0,0.0,0.0,1.0,
998,NFCORE_RANGELAND:RANGELAND:PREPROCESSING:PREPROCESS_CONFIG,1763861159000,1763861159000,1,67.9,,6442450944.0,,,0.0,0.0,0.0,0.0,0.0,1.0,
999,NFCORE_RANGELAND:RANGELAND:PREPROCESSING:PREPROCESS_CONFIG,1763861159000,1763861159000,1,73.8,,6442450944.0,,,0.0,0.0,0.0,0.0,0.0,1.0,
1000,NFCORE_RANGELAND:RANGELAND:PREPROCESSING:PREPROCESS_CONFIG,1763861159000,1763861159000,1,70.7,,6442450944.0,,,0.0,0.0,0.0,0.0,0.0,1.0,
1001,NFCORE_RANGELAND:RANGELAND:PREPROCESSING:PREPROCESS_CONFIG,1763861159000,1763861160000,1,69.5,,6442450944.0,,,5.319283854166666e-07,6.533333333333335e-07,1.18526171875e-06,1.18526171875e-06,0.0,1.0,
1002,NFCORE_RANGELAND:RANGELAND:PREPROCESSING:PREPROCESS_CONFIG,1763861160000,1763861160000,1,77.5,,6442450944.0,,,0.0,0.0,0.0,0.0,0.0,1.0,
1003,NFCORE_RANGELAND:RANGELAND:PREPROCESSING:PREPROCESS_CONFIG,1763861160000,1763861160000,1,65.6,,6442450944.0,,,0.0,0.0,0.0,0.0,0.0,1.0,
1004,NFCORE_RANGELAND:RANGELAND:PREPROCESSING:PREPROCESS_CONFIG,1763861161000,1763861161000,1,71.3,,6442450944.0,,,0.0,0.0,0.0,0.0,0.0,1.0,
1005,NFCORE_RANGELAND:RANGELAND:PREPROCESSING:PREPROCESS_CONFIG,1763861161000,1763861161000,1,71.9,,6442450944.0,,,0.0,0.0,0.0,0.0,0.0,1.0,
1006,NFCORE_RANGELAND:RANGELAND:PREPROCESSING:PREPROCESS_CONFIG,1763861161000,1763861161000,1,70.5,,6442450944.0,,,0.0,0.0,0.0,0.0,0.0,1.0,
1007,NFCORE_RANGELAND:RANGELAND:PREPROCESSING:PREPROCESS_CONFIG,1763861162000,1763861162000,1,65.9,,6442450944.0,,,0.0,0.0,0.0,0.0,0.0,1.0,
1008,NFCORE_RANGELAND:RANGELAND:PREPROCESSING:PREPROCESS_CONFIG,1763861162000,1763861162000,1,63.5,,6442450944.0,,,0.0,0.0,0.0,0.0,0.0,1.0,
1009,NFCORE_RANGELAND:RANGELAND:PREPROCESSING:PREPROCESS_CONFIG,1763861162000,1763861162000,1,84.5,,6442450944.0,,,0.0,0.0,0.0,0.0,0.0,1.0,
1010,NFCORE_RANGELAND:RANGELAND:PREPROCESSING:PREPROCESS_CONFIG,1763861163000,1763861163000,1,70.8,,6442450944.0,,,0.0,0.0,0.0,0.0,0.0,1.0,
1011,NFCORE_RANGELAND:RANGELAND:PREPROCESSING:PREPROCESS_CONFIG,1763861163000,1763861163000,1,79.5,,6442450944.0,,,0.0,0.0,0.0,0.0,0.0,1.0,
1012,NFCORE_RANGELAND:RANGELAND:PREPROCESSING:PREPROCESS_CONFIG,1763861163000,1763861164000,1,64.0,,6442450944.0,,,5.142407407407407e-07,6.533333333333335e-07,1.1675740740740741e-06,1.1675740740740741e-06,0.0,1.0,
1013,NFCORE_RANGELAND:RANGELAND:PREPROCESSING:PREPROCESS_CONFIG,1763861163000,1763861164000,1,72.3,,6442450944.0,,,5.533585937499999e-07,6.533333333333335e-07,1.2066919270833335e-06,1.2066919270833335e-06,0.0,1.0,
1014,NFCORE_RANGELAND:RANGELAND:PREPROCESSING:PREPROCESS_CONFIG,1763861164000,1763861164000,1,63.5,,6442450944.0,,,0.0,0.0,0.0,0.0,0.0,1.0,
1015,NFCORE_RANGELAND:RANGELAND:PREPROCESSING:PREPROCESS_CONFIG,1763861164000,1763861164000,1,71.4,,6442450944.0,,,0.0,0.0,0.0,0.0,0.0,1.0,
1016,NFCORE_RANGELAND:RANGELAND:PREPROCESSING:PREPROCESS_CONFIG,1763861165000,1763861165000,1,83.7,,6442450944.0,,,0.0,0.0,0.0,0.0,0.0,1.0,
1018,NFCORE_RANGELAND:RANGELAND:PREPROCESSING:PREPROCESS_CONFIG,1763861165000,1763861165000,1,91.1,,6442450944.0,,,0.0,0.0,0.0,0.0,0.0,1.0,
1019,NFCORE_RANGELAND:RANGELAND:PREPROCESSING:PREPROCESS_CONFIG,1763861166000,1763861166000,1,69.9,,6442450944.0,,,0.0,0.0,0.0,0.0,0.0,1.0,
1020,NFCORE_RANGELAND:RANGELAND:PREPROCESSING:PREPROCESS_CONFIG,1763861166000,1763861166000,1,69.0,,6442450944.0,,,0.0,0.0,0.0,0.0,0.0,1.0,
1021,NFCORE_RANGELAND:RANGELAND:PREPROCESSING:PREPROCESS_CONFIG,1763861166000,1763861167000,1,72.9,,6442450944.0,,,5.718055397727272e-07,6.533333333333335e-07,1.2251388731060606e-06,1.2251388731060606e-06,0.0,1.0,
1022,NFCORE_RANGELAND:RANGELAND:PREPROCESSING:PREPROCESS_CONFIG,1763861167000,1763861167000,1,76.9,,6442450944.0,,,0.0,0.0,0.0,0.0,0.0,1.0,
1023,NFCORE_RANGELAND:RANGELAND:PREPROCESSING:PREPROCESS_CONFIG,1763861167000,1763861167000,1,60.7,,6442450944.0,,,0.0,0.0,0.0,0.0,0.0,1.0,
1024,NFCORE_RANGELAND:RANGELAND:PREPROCESSING:PREPROCESS_CONFIG,1763861167000,1763861167000,1,68.6,,6442450944.0,,,0.0,0.0,0.0,0.0,0.0,1.0,
1025,NFCORE_RANGELAND:RANGELAND:PREPROCESSING:PREPROCESS_CONFIG,1763861168000,1763861168000,1,78.5,,6442450944.0,,,0.0,0.0,0.0,0.0,0.0,1.0,
1026,NFCORE_RANGELAND:RANGELAND:PREPROCESSING:PREPROCESS_CONFIG,1763861168000,1763861168000,1,72.1,,6442450944.0,,,0.0,0.0,0.0,0.0,0.0,1.0,
1027,NFCORE_RANGELAND:RANGELAND:PREPROCESSING:PREPROCESS_CONFIG,1763861168000,1763861169000,1,71.5,,6442450944.0,,,5.472356770833332e-07,6.533333333333335e-07,1.2005690104166665e-06,1.2005690104166665e-06,0.0,1.0,
1028,NFCORE_RANGELAND:RANGELAND:PREPROCESSING:PREPROCESS_CONFIG,1763861169000,1763861169000,1,68.4,,6442450944.0,,,0.0,0.0,0.0,0.0,0.0,1.0,
1029,NFCORE_RANGELAND:RANGELAND:PREPROCESSING:PREPROCESS_CONFIG,1763861169000,1763861170000,1,74.1,,6442450944.0,,,5.730294744318184e-07,6.533333333333335e-07,1.2263628077651519e-06,1.2263628077651519e-06,0.0,1.0,
1030,NFCORE_RANGELAND:RANGELAND:PREPROCESSING:PREPROCESS_CONFIG,1763861169000,1763861169000,1,66.3,,6442450944.0,,,0.0,0.0,0.0,0.0,0.0,1.0,
1031,NFCORE_RANGELAND:RANGELAND:PREPROCESSING:PREPROCESS_CONFIG,1763861170000,1763861170000,1,59.4,,6442450944.0,,,0.0,0.0,0.0,0.0,0.0,1.0,
1032,NFCORE_RANGELAND:RANGELAND:PREPROCESSING:PREPROCESS_CONFIG,1763861170000,1763861170000,1,75.8,,6442450944.0,,,0.0,0.0,0.0,0.0,0.0,1.0,
1033,NFCORE_RANGELAND:RANGELAND:PREPROCESSING:PREPROCESS_CONFIG,1763861170000,1763861171000,1,62.9,,6442450944.0,,,5.054022280092592e-07,6.533333333333335e-07,1.1587355613425928e-06,1.1587355613425928e-06,0.0,1.0,
1034,NFCORE_RANGELAND:RANGELAND:PREPROCESSING:PREPROCESS_CONFIG,1763861171000,1763861171000,1,49.4,,6442450944.0,,,0.0,0.0,0.0,0.0,0.0,1.0,
1035,NFCORE_RANGELAND:RANGELAND:PREPROCESSING:PREPROCESS_CONFIG,1763861171000,1763861171000,1,70.7,,6442450944.0,,,0.0,0.0,0.0,0.0,0.0,1.0,
1036,NFCORE_RANGELAND:RANGELAND:PREPROCESSING:PREPROCESS_CONFIG,1763861171000,1763861171000,1,70.9,,6442450944.0,,,0.0,0.0,0.0,0.0,0.0,1.0,
1037,NFCORE_RANGELAND:RANGELAND:PREPROCESSING:PREPROCESS_CONFIG,1763861171000,1763861172000,1,69.6,,6442450944.0,,,5.326937499999998e-07,6.533333333333335e-07,1.1860270833333331e-06,1.1860270833333331e-06,0.0,1.0,
1038,NFCORE_RANGELAND:RANGELAND:PREPROCESSING:PREPROCESS_CONFIG,1763861172000,1763861172000,1,72.2,,6442450944.0,,,0.0,0.0,0.0,0.0,0.0,1.0,
1039,NFCORE_RANGELAND:RANGELAND:PREPROCESSING:PREPROCESS_CONFIG,1763861172000,1763861172000,1,77.3,,6442450944.0,,,0.0,0.0,0.0,0.0,0.0,1.0,
1040,NFCORE_RANGELAND:RANGELAND:PREPROCESSING:PREPROCESS_CONFIG,1763861172000,1763861172000,1,73.8,,6442450944.0,,,0.0,0.0,0.0,0.0,0.0,1.0,
1041,NFCORE_RANGELAND:RANGELAND:PREPROCESSING:PREPROCESS_CONFIG,1763861172000,1763861173000,1,74.2,,6442450944.0,,,5.679005208333331e-07,6.533333333333335e-07,1.2212338541666665e-06,1.2212338541666665e-06,0.0,1.0,
1042,NFCORE_RANGELAND:RANGELAND:PREPROCESSING:PREPROCESS_CONFIG,1763861173000,1763861173000,1,68.3,,6442450944.0,,,0.0,0.0,0.0,0.0,0.0,1.0,
1043,NFCORE_RANGELAND:RANGELAND:PREPROCESSING:PREPROCESS_CONFIG,1763861173000,1763861173000,1,64.0,,6442450944.0,,,0.0,0.0,0.0,0.0,0.0,1.0,
1044,NFCORE_RANGELAND:RANGELAND:PREPROCESSING:PREPROCESS_CONFIG,1763861173000,1763861173000,1,67.4,,6442450944.0,,,0.0,0.0,0.0,0.0,0.0,1.0,
1045,NFCORE_RANGELAND:RANGELAND:PREPROCESSING:PREPROCESS_CONFIG,1763861173000,1763861174000,1,66.3,,6442450944.0,,,5.327212673611112e-07,6.533333333333335e-07,1.1860546006944446e-06,1.1860546006944446e-06,0.0,1.0,
1046,NFCORE_RANGELAND:RANGELAND:PREPROCESSING:PREPROCESS_CONFIG,1763861174000,1763861174000,1,82.1,,6442450944.0,,,0.0,0.0,0.0,0.0,0.0,1.0,
1047,NFCORE_RANGELAND:RANGELAND:PREPROCESSING:PREPROCESS_CONFIG,1763861174000,1763861174000,1,84.5,,6442450944.0,,,0.0,0.0,0.0,0.0,0.0,1.0,
1048,NFCORE_RANGELAND:RANGELAND:PREPROCESSING:PREPROCESS_CONFIG,1763861174000,1763861174000,1,72.7,,6442450944.0,,,0.0,0.0,0.0,0.0,0.0,1.0,
1049,NFCORE_RANGELAND:RANGELAND:PREPROCESSING:PREPROCESS_CONFIG,1763861174000,1763861175000,1,73.8,,6442450944.0,,,5.788648674242424e-07,6.533333333333335e-07,1.2321982007575758e-06,1.2321982007575758e-06,0.0,1.0,
1051,NFCORE_RANGELAND:RANGELAND:PREPROCESSING:PREPROCESS_CONFIG,1763861175000,1763861175000,1,80.0,,6442450944.0,,,0.0,0.0,0.0,0.0,0.0,1.0,
1052,NFCORE_RANGELAND:RANGELAND:PREPROCESSING:PREPROCESS_CONFIG,1763861175000,1763861175000,1,71.3,,6442450944.0,,,0.0,0.0,0.0,0.0,0.0,1.0,
1053,NFCORE_RANGELAND:RANGELAND:PREPROCESSING:PREPROCESS_CONFIG,1763861175000,1763861175000,1,75.2,,6442450944.0,,,0.0,0.0,0.0,0.0,0.0,1.0,
1054,NFCORE_RANGELAND:RANGELAND:PREPROCESSING:PREPROCESS_CONFIG,1763861175000,1763861176000,1,73.9,,6442450944.0,,,5.796492371632996e-07,6.533333333333335e-07,1.2329825704966332e-06,1.2329825704966332e-06,0.0,1.0,
1055,NFCORE_RANGELAND:RANGELAND:PREPROCESSING:PREPROCESS_CONFIG,1763861176000,1763861176000,1,76.2,,6442450944.0,,,0.0,0.0,0.0,0.0,0.0,1.0,
1056,NFCORE_RANGELAND:RANGELAND:PREPROCESSING:PREPROCESS_CONFIG,1763861176000,1763861176000,1,62.9,,6442450944.0,,,0.0,0.0,0.0,0.0,0.0,1.0,
1057,NFCORE_RANGELAND:RANGELAND:PREPROCESSING:PREPROCESS_CONFIG,1763861176000,1763861176000,1,75.3,,6442450944.0,,,0.0,0.0,0.0,0.0,0.0,1.0,
1058,NFCORE_RANGELAND:RANGELAND:PREPROCESSING:PREPROCESS_CONFIG,1763861176000,1763861177000,1,66.0,,6442450944.0,,,5.303107638888889e-07,6.533333333333335e-07,1.1836440972222222e-06,1.1836440972222222e-06,0.0,1.0,
1059,NFCORE_RANGELAND:RANGELAND:PREPROCESSING:PREPROCESS_CONFIG,1763861176000,1763861177000,1,73.1,,6442450944.0,,,5.733742792508416e-07,6.533333333333335e-07,1.226707612584175e-06,1.226707612584175e-06,0.0,1.0,
1060,NFCORE_RANGELAND:RANGELAND:PREPROCESSING:PREPROCESS_CONFIG,1763861177000,1763861177000,1,72.0,,6442450944.0,,,0.0,0.0,0.0,0.0,0.0,1.0,
1061,NFCORE_RANGELAND:RANGELAND:PREPROCESSING:PREPROCESS_CONFIG,1763861177000,1763861177000,1,77.6,,6442450944.0,,,0.0,0.0,0.0,0.0,0.0,1.0,
1062,NFCORE_RANGELAND:RANGELAND:PREPROCESSING:PREPROCESS_CONFIG,1763861177000,1763861177000,1,85.9,,6442450944.0,,,0.0,0.0,0.0,0.0,0.0,1.0,
1063,NFCORE_RANGELAND:RANGELAND:PREPROCESSING:PREPROCESS_CONFIG,1763861177000,1763861178000,1,77.2,,6442450944.0,,,5.970023674242426e-07,6.533333333333335e-07,1.2503357007575761e-06,1.2503357007575761e-06,0.0,1.0,
1064,NFCORE_RANGELAND:RANGELAND:PREPROCESSING:PREPROCESS_CONFIG,1763861178000,1763861178000,1,68.3,,6442450944.0,,,0.0,0.0,0.0,0.0,0.0,1.0,
1065,NFCORE_RANGELAND:RANGELAND:PREPROCESSING:PREPROCESS_CONFIG,1763861178000,1763861178000,1,68.9,,6442450944.0,,,0.0,0.0,0.0,0.0,0.0,1.0,
1066,NFCORE_RANGELAND:RANGELAND:PREPROCESSING:PREPROCESS_CONFIG,1763861178000,1763861179000,1,73.6,,6442450944.0,,,5.913768518518518e-07,6.533333333333335e-07,1.2447101851851852e-06,1.2447101851851852e-06,0.0,1.0,
1067,NFCORE_RANGELAND:RANGELAND:PREPROCESSING:PREPROCESS_CONFIG,1763861178000,1763861180000,1,70.8,,6442450944.0,,,1.1106675505050502e-06,1.306666666666667e-06,2.417334217171717e-06,2.417334217171717e-06,0.0,1.0,
1068,NFCORE_RANGELAND:RANGELAND:PREPROCESSING:PREPROCESS_CONFIG,1763861179000,1763861179000,1,86.5,,6442450944.0,,,0.0,0.0,0.0,0.0,0.0,1.0,
1069,NFCORE_RANGELAND:RANGELAND:PREPROCESSING:PREPROCESS_CONFIG,1763861179000,1763861179000,1,75.1,,6442450944.0,,,0.0,0.0,0.0,0.0,0.0,1.0,
1070,NFCORE_RANGELAND:RANGELAND:PREPROCESSING:PREPROCESS_CONFIG,1763861179000,1763861180000,1,71.7,,6442450944.0,,,5.761103298611111e-07,6.533333333333335e-07,1.2294436631944446e-06,1.2294436631944446e-06,0.0,1.0,
1071,NFCORE_RANGELAND:RANGELAND:PREPROCESSING:PREPROCESS_CONFIG,1763861180000,1763861180000,1,62.7,,6442450944.0,,,0.0,0.0,0.0,0.0,0.0,1.0,
1072,NFCORE_RANGELAND:RANGELAND:PREPROCESSING:PREPROCESS_CONFIG,1763861180000,1763861180000,1,69.2,,6442450944.0,,,0.0,0.0,0.0,0.0,0.0,1.0,
1073,NFCORE_RANGELAND:RANGELAND:PREPROCESSING:PREPROCESS_CONFIG,1763861180000,1763861180000,1,64.9,,6442450944.0,,,0.0,0.0,0.0,0.0,0.0,1.0,
1074,NFCORE_RANGELAND:RANGELAND:PREPROCESSING:PREPROCESS_CONFIG,1763861180000,1763861181000,1,74.4,,6442450944.0,,,5.75349431818182e-07,6.533333333333335e-07,1.2286827651515154e-06,1.2286827651515154e-06,0.0,1.0,
1075,NFCORE_RANGELAND:RANGELAND:PREPROCESSING:PREPROCESS_CONFIG,1763861181000,1763861181000,1,84.8,,6442450944.0,,,0.0,0.0,0.0,0.0,0.0,1.0,
1076,NFCORE_RANGELAND:RANGELAND:PREPROCESSING:PREPROCESS_CONFIG,1763861181000,1763861181000,1,72.3,,6442450944.0,,,0.0,0.0,0.0,0.0,0.0,1.0,
1077,NFCORE_RANGELAND:RANGELAND:PREPROCESSING:PREPROCESS_CONFIG,1763861181000,1763861181000,1,75.7,,6442450944.0,,,0.0,0.0,0.0,0.0,0.0,1.0,
1078,NFCORE_RANGELAND:RANGELAND:PREPROCESSING:PREPROCESS_CONFIG,1763861181000,1763861182000,1,65.5,,6442450944.0,,,5.262932581018518e-07,6.533333333333335e-07,1.1796265914351853e-06,1.1796265914351853e-06,0.0,1.0,
1079,NFCORE_RANGELAND:RANGELAND:PREPROCESSING:PREPROCESS_CONFIG,1763861182000,1763861182000,1,67.9,,6442450944.0,,,0.0,0.0,0.0,0.0,0.0,1.0,
1080,NFCORE_RANGELAND:RANGELAND:PREPROCESSING:PREPROCESS_CONFIG,1763861182000,1763861182000,1,72.9,,6442450944.0,,,0.0,0.0,0.0,0.0,0.0,1.0,
1081,NFCORE_RANGELAND:RANGELAND:PREPROCESSING:PREPROCESS_CONFIG,1763861182000,1763861183000,1,67.2,,6442450944.0,,,5.270964646464646e-07,6.533333333333335e-07,1.180429797979798e-06,1.180429797979798e-06,0.0,1.0,
1082,NFCORE_RANGELAND:RANGELAND:PREPROCESSING:PREPROCESS_CONFIG,1763861183000,1763861183000,1,63.3,,6442450944.0,,,0.0,0.0,0.0,0.0,0.0,1.0,
1084,NFCORE_RANGELAND:RANGELAND:PREPROCESSING:PREPROCESS_CONFIG,1763861183000,1763861184000,1,70.2,,6442450944.0,,,5.640578124999999e-07,6.533333333333335e-07,1.2173911458333334e-06,1.2173911458333334e-06,0.0,1.0,
1085,NFCORE_RANGELAND:RANGELAND:PREPROCESSING:PREPROCESS_CONFIG,1763861184000,1763861184000,1,63.5,,6442450944.0,,,0.0,0.0,0.0,0.0,0.0,1.0,
1086,NFCORE_RANGELAND:RANGELAND:PREPROCESSING:PREPROCESS_CONFIG,1763861184000,1763861184000,1,58.8,,6442450944.0,,,0.0,0.0,0.0,0.0,0.0,1.0,
1087,NFCORE_RANGELAND:RANGELAND:PREPROCESSING:PREPROCESS_CONFIG,1763861185000,1763861185000,1,65.8,,6442450944.0,,,0.0,0.0,0.0,0.0,0.0,1.0,
1088,NFCORE_RANGELAND:RANGELAND:PREPROCESSING:PREPROCESS_CONFIG,1763861185000,1763861185000,1,78.5,,6442450944.0,,,0.0,0.0,0.0,0.0,0.0,1.0,
1089,NFCORE_RANGELAND:RANGELAND:PREPROCESSING:PREPROCESS_CONFIG,1763861185000,1763861185000,1,68.3,,6442450944.0,,,0.0,0.0,0.0,0.0,0.0,1.0,
1090,NFCORE_RANGELAND:RANGELAND:PREPROCESSING:PREPROCESS_CONFIG,1763861186000,1763861186000,1,71.3,,6442450944.0,,,0.0,0.0,0.0,0.0,0.0,1.0,
1091,NFCORE_RANGELAND:RANGELAND:PREPROCESSING:PREPROCESS_CONFIG,1763861186000,1763861186000,1,72.1,,6442450944.0,,,0.0,0.0,0.0,0.0,0.0,1.0,
1092,NFCORE_RANGELAND:RANGELAND:PREPROCESSING:PREPROCESS_CONFIG,1763861186000,1763861187000,1,67.5,,6442450944.0,,,5.4236328125e-07,6.533333333333335e-07,1.1956966145833334e-06,1.1956966145833334e-06,0.0,1.0,
1093,NFCORE_RANGELAND:RANGELAND:PREPROCESSING:PREPROCESS_CONFIG,1763861186000,1763861187000,1,81.8,,6442450944.0,,,6.416144465488215e-07,6.533333333333335e-07,1.294947779882155e-06,1.294947779882155e-06,0.0,1.0,
1094,NFCORE_RANGELAND:RANGELAND:PREPROCESSING:PREPROCESS_CONFIG,1763861187000,1763861187000,1,77.5,,6442450944.0,,,0.0,0.0,0.0,0.0,0.0,1.0,
1095,NFCORE_RANGELAND:RANGELAND:PREPROCESSING:PREPROCESS_CONFIG,1763861187000,1763861187000,1,62.9,,6442450944.0,,,0.0,0.0,0.0,0.0,0.0,1.0,
1096,NFCORE_RANGELAND:RANGELAND:PREPROCESSING:PREPROCESS_CONFIG,1763861187000,1763861188000,1,81.0,,6442450944.0,,,6.353394886363635e-07,6.533333333333335e-07,1.288672821969697e-06,1.288672821969697e-06,0.0,1.0,
1097,NFCORE_RANGELAND:RANGELAND:PREPROCESSING:PREPROCESS_CONFIG,1763861188000,1763861188000,1,74.9,,6442450944.0,,,0.0,0.0,0.0,0.0,0.0,1.0,
1098,NFCORE_RANGELAND:RANGELAND:PREPROCESSING:PREPROCESS_CONFIG,1763861188000,1763861188000,1,75.8,,6442450944.0,,,0.0,0.0,0.0,0.0,0.0,1.0,
1099,NFCORE_RANGELAND:RANGELAND:PREPROCESSING:PREPROCESS_CONFIG,1763861188000,1763861189000,1,79.1,,6442450944.0,,,6.116954308712123e-07,6.533333333333335e-07,1.2650287642045457e-06,1.2650287642045457e-06,0.0,1.0,
1100,NFCORE_RANGELAND:RANGELAND:PREPROCESSING:PREPROCESS_CONFIG,1763861189000,1763861189000,1,74.2,,6442450944.0,,,0.0,0.0,0.0,0.0,0.0,1.0,
1101,NFCORE_RANGELAND:RANGELAND:PREPROCESSING:PREPROCESS_CONFIG,1763861189000,1763861189000,1,72.6,,6442450944.0,,,0.0,0.0,0.0,0.0,0.0,1.0,
1102,NFCORE_RANGELAND:RANGELAND:PREPROCESSING:PREPROCESS_CONFIG,1763861189000,1763861189000,1,67.7,,6442450944.0,,,0.0,0.0,0.0,0.0,0.0,1.0,
1103,NFCORE_RANGELAND:RANGELAND:PREPROCESSING:PREPROCESS_CONFIG,1763861189000,1763861190000,1,42.3,,6442450944.0,,,3.3178839962121206e-07,6.533333333333335e-07,9.851217329545455e-07,9.851217329545455e-07,0.0,1.0,
1104,NFCORE_RANGELAND:RANGELAND:PREPROCESSING:PREPROCESS_CONFIG,1763861190000,1763861190000,1,76.4,,6442450944.0,,,0.0,0.0,0.0,0.0,0.0,1.0,
1105,NFCORE_RANGELAND:RANGELAND:PREPROCESSING:PREPROCESS_CONFIG,1763861190000,1763861190000,1,75.3,,6442450944.0,,,0.0,0.0,0.0,0.0,0.0,1.0,
1106,NFCORE_RANGELAND:RANGELAND:PREPROCESSING:PREPROCESS_CONFIG,1763861190000,1763861190000,1,70.5,,6442450944.0,,,0.0,0.0,0.0,0.0,0.0,1.0,
1107,NFCORE_RANGELAND:RANGELAND:PREPROCESSING:PREPROCESS_CONFIG,1763861190000,1763861191000,1,69.6,,6442450944.0,,,5.592368055555555e-07,6.533333333333335e-07,1.212570138888889e-06,1.212570138888889e-06,0.0,1.0,
1108,NFCORE_RANGELAND:RANGELAND:PREPROCESSING:PREPROCESS_CONFIG,1763861190000,1763861191000,1,75.3,,6442450944.0,,,5.906304135101009e-07,6.533333333333335e-07,1.2439637468434344e-06,1.2439637468434344e-06,0.0,1.0,
1109,NFCORE_RANGELAND:RANGELAND:PREPROCESSING:PREPROCESS_CONFIG,1763861191000,1763861191000,1,82.8,,6442450944.0,,,0.0,0.0,0.0,0.0,0.0,1.0,
1110,NFCORE_RANGELAND:RANGELAND:PREPROCESSING:PREPROCESS_CONFIG,1763861191000,1763861191000,1,75.4,,6442450944.0,,,0.0,0.0,0.0,0.0,0.0,1.0,
1111,NFCORE_RANGELAND:RANGELAND:PREPROCESSING:PREPROCESS_CONFIG,1763861191000,1763861191000,1,67.7,,6442450944.0,,,0.0,0.0,0.0,0.0,0.0,1.0,
1112,NFCORE_RANGELAND:RANGELAND:PREPROCESSING:PREPROCESS_CONFIG,1763861191000,1763861192000,1,71.7,,6442450944.0,,,5.761103298611111e-07,6.533333333333335e-07,1.2294436631944446e-06,1.2294436631944446e-06,0.0,1.0,
1113,NFCORE_RANGELAND:RANGELAND:PREPROCESSING:PREPROCESS_CONFIG,1763861192000,1763861192000,1,56.3,,6442450944.0,,,0.0,0.0,0.0,0.0,0.0,1.0,
1114,NFCORE_RANGELAND:RANGELAND:PREPROCESSING:PREPROCESS_CONFIG,1763861192000,1763861192000,1,69.2,,6442450944.0,,,0.0,0.0,0.0,0.0,0.0,1.0,
1115,NFCORE_RANGELAND:RANGELAND:PREPROCESSING:PREPROCESS_CONFIG,1763861193000,1763861193000,1,80.0,,6442450944.0,,,0.0,0.0,0.0,0.0,0.0,1.0,
1117,NFCORE_RANGELAND:RANGELAND:PREPROCESSING:PREPROCESS_CONFIG,1763861193000,1763861193000,1,73.5,,6442450944.0,,,0.0,0.0,0.0,0.0,0.0,1.0,
1118,NFCORE_RANGELAND:RANGELAND:PREPROCESSING:PREPROCESS_CONFIG,1763861193000,1763861193000,1,59.7,,6442450944.0,,,0.0,0.0,0.0,0.0,0.0,1.0,
1119,NFCORE_RANGELAND:RANGELAND:PREPROCESSING:PREPROCESS_CONFIG,1763861193000,1763861193000,1,61.9,,6442450944.0,,,0.0,0.0,0.0,0.0,0.0,1.0,
1120,NFCORE_RANGELAND:RANGELAND:PREPROCESSING:PREPROCESS_CONFIG,1763861194000,1763861194000,1,63.8,,6442450944.0,,,0.0,0.0,0.0,0.0,0.0,1.0,
1121,NFCORE_RANGELAND:RANGELAND:PREPROCESSING:PREPROCESS_CONFIG,1763861194000,1763861194000,1,67.3,,6442450944.0,,,0.0,0.0,0.0,0.0,0.0,1.0,
1122,NFCORE_RANGELAND:RANGELAND:PREPROCESSING:PREPROCESS_CONFIG,1763861194000,1763861194000,1,73.7,,6442450944.0,,,0.0,0.0,0.0,0.0,0.0,1.0,
1123,NFCORE_RANGELAND:RANGELAND:PREPROCESSING:PREPROCESS_CONFIG,1763861194000,1763861195000,1,69.9,,6442450944.0,,,5.616473090277778e-07,6.533333333333335e-07,1.2149806423611114e-06,1.2149806423611114e-06,0.0,1.0,
1124,NFCORE_RANGELAND:RANGELAND:PREPROCESSING:PREPROCESS_CONFIG,1763861194000,1763861195000,1,75.1,,6442450944.0,,,5.807626657196971e-07,6.533333333333335e-07,1.2340959990530306e-06,1.2340959990530306e-06,0.0,1.0,
1125,NFCORE_RANGELAND:RANGELAND:PREPROCESSING:PREPROCESS_CONFIG,1763861195000,1763861195000,1,76.4,,6442450944.0,,,0.0,0.0,0.0,0.0,0.0,1.0,
1126,NFCORE_RANGELAND:RANGELAND:PREPROCESSING:PREPROCESS_CONFIG,1763861195000,1763861195000,1,72.7,,6442450944.0,,,0.0,0.0,0.0,0.0,0.0,1.0,
1127,NFCORE_RANGELAND:RANGELAND:PREPROCESSING:PREPROCESS_CONFIG,1763861195000,1763861196000,1,74.0,,6442450944.0,,,5.722561553030305e-07,6.533333333333335e-07,1.225589488636364e-06,1.225589488636364e-06,0.0,1.0,
1128,NFCORE_RANGELAND:RANGELAND:PREPROCESSING:PREPROCESS_CONFIG,1763861195000,1763861196000,1,73.8,,6442450944.0,,,5.788648674242424e-07,6.533333333333335e-07,1.2321982007575758e-06,1.2321982007575758e-06,0.0,1.0,
1129,NFCORE_RANGELAND:RANGELAND:PREPROCESSING:PREPROCESS_CONFIG,1763861196000,1763861196000,1,68.5,,6442450944.0,,,0.0,0.0,0.0,0.0,0.0,1.0,
1130,NFCORE_RANGELAND:RANGELAND:PREPROCESSING:PREPROCESS_CONFIG,1763861196000,1763861196000,1,77.8,,6442450944.0,,,0.0,0.0,0.0,0.0,0.0,1.0,
1131,NFCORE_RANGELAND:RANGELAND:PREPROCESSING:PREPROCESS_CONFIG,1763861196000,1763861196000,1,74.7,,6442450944.0,,,0.0,0.0,0.0,0.0,0.0,1.0,
1132,NFCORE_RANGELAND:RANGELAND:PREPROCESSING:PREPROCESS_CONFIG,1763861196000,1763861197000,1,48.9,,6442450944.0,,,3.929120659722222e-07,6.533333333333335e-07,1.0462453993055556e-06,1.0462453993055556e-06,0.0,1.0,
1133,NFCORE_RANGELAND:RANGELAND:PREPROCESSING:PREPROCESS_CONFIG,1763861197000,1763861197000,1,84.8,,6442450944.0,,,0.0,0.0,0.0,0.0,0.0,1.0,
1134,NFCORE_RANGELAND:RANGELAND:PREPROCESSING:PREPROCESS_CONFIG,1763861197000,1763861197000,1,73.3,,6442450944.0,,,0.0,0.0,0.0,0.0,0.0,1.0,
1135,NFCORE_RANGELAND:RANGELAND:PREPROCESSING:PREPROCESS_CONFIG,1763861197000,1763861197000,1,73.1,,6442450944.0,,,0.0,0.0,0.0,0.0,0.0,1.0,
1136,NFCORE_RANGELAND:RANGELAND:PREPROCESSING:PREPROCESS_CONFIG,1763861197000,1763861198000,1,61.2,,6442450944.0,,,4.917427083333334e-07,6.533333333333335e-07,1.1450760416666669e-06,1.1450760416666669e-06,0.0,1.0,
1137,NFCORE_RANGELAND:RANGELAND:PREPROCESSING:PREPROCESS_CONFIG,1763861198000,1763861198000,1,72.0,,6442450944.0,,,0.0,0.0,0.0,0.0,0.0,1.0,
1138,NFCORE_RANGELAND:RANGELAND:PREPROCESSING:PREPROCESS_CONFIG,1763861198000,1763861199000,1,74.8,,6442450944.0,,,5.784427083333335e-07,6.533333333333335e-07,1.231776041666667e-06,1.231776041666667e-06,0.0,1.0,
1139,NFCORE_RANGELAND:RANGELAND:PREPROCESSING:PREPROCESS_CONFIG,1763861199000,1763861199000,1,78.3,,6442450944.0,,,0.0,0.0,0.0,0.0,0.0,1.0,
1140,NFCORE_RANGELAND:RANGELAND:PREPROCESSING:PREPROCESS_CONFIG,1763861199000,1763861199000,1,64.5,,6442450944.0,,,0.0,0.0,0.0,0.0,0.0,1.0,
1141,NFCORE_RANGELAND:RANGELAND:PREPROCESSING:PREPROCESS_CONFIG,1763861199000,1763861201000,1,70.8,,6442450944.0,,,1.1106675505050502e-06,1.306666666666667e-06,2.417334217171717e-06,2.417334217171717e-06,0.0,1.0,
1142,NFCORE_RANGELAND:RANGELAND:PREPROCESSING:PREPROCESS_CONFIG,1763861200000,1763861200000,1,77.6,,6442450944.0,,,0.0,0.0,0.0,0.0,0.0,1.0,
1143,NFCORE_RANGELAND:RANGELAND:PREPROCESSING:PREPROCESS_CONFIG,1763861200000,1763861200000,1,77.2,,6442450944.0,,,0.0,0.0,0.0,0.0,0.0,1.0,
1144,NFCORE_RANGELAND:RANGELAND:PREPROCESSING:PREPROCESS_CONFIG,1763861200000,1763861201000,1,54.0,,6442450944.0,,,4.175923295454547e-07,6.533333333333335e-07,1.0709256628787881e-06,1.0709256628787881e-06,0.0,1.0,
1145,NFCORE_RANGELAND:RANGELAND:PREPROCESSING:PREPROCESS_CONFIG,1763861201000,1763861201000,1,55.1,,6442450944.0,,,0.0,0.0,0.0,0.0,0.0,1.0,
1146,NFCORE_RANGELAND:RANGELAND:PREPROCESSING:PREPROCESS_CONFIG,1763861201000,1763861201000,1,68.7,,6442450944.0,,,0.0,0.0,0.0,0.0,0.0,1.0,
1147,NFCORE_RANGELAND:RANGELAND:PREPROCESSING:PREPROCESS_CONFIG,1763861201000,1763861202000,1,76.4,,6442450944.0,,,5.908158143939397e-07,6.533333333333335e-07,1.2441491477272732e-06,1.2441491477272732e-06,0.0,1.0,
1148,NFCORE_RANGELAND:RANGELAND:PREPROCESSING:PREPROCESS_CONFIG,1763861202000,1763861202000,1,62.6,,6442450944.0,,,0.0,0.0,0.0,0.0,0.0,1.0,
1150,NFCORE_RANGELAND:RANGELAND:PREPROCESSING:PREPROCESS_CONFIG,1763861202000,1763861203000,1,63.8,,6442450944.0,,,5.004278935185184e-07,6.533333333333335e-07,1.1537612268518517e-06,1.1537612268518517e-06,0.0,1.0,
1151,NFCORE_RANGELAND:RANGELAND:PREPROCESSING:PREPROCESS_CONFIG,1763861203000,1763861203000,1,66.3,,6442450944.0,,,0.0,0.0,0.0,0.0,0.0,1.0,
1152,NFCORE_RANGELAND:RANGELAND:PREPROCESSING:PREPROCESS_CONFIG,1763861203000,1763861203000,1,67.5,,6442450944.0,,,0.0,0.0,0.0,0.0,0.0,1.0,
1153,NFCORE_RANGELAND:RANGELAND:PREPROCESSING:PREPROCESS_CONFIG,1763861203000,1763861204000,1,70.1,,6442450944.0,,,5.498431870791245e-07,6.533333333333335e-07,1.203176520412458e-06,1.203176520412458e-06,0.0,1.0,
1154,NFCORE_RANGELAND:RANGELAND:PREPROCESSING:PREPROCESS_CONFIG,1763861204000,1763861204000,1,64.7,,6442450944.0,,,0.0,0.0,0.0,0.0,0.0,1.0,
1155,NFCORE_RANGELAND:RANGELAND:PREPROCESSING:PREPROCESS_CONFIG,1763861204000,1763861204000,1,69.9,,6442450944.0,,,0.0,0.0,0.0,0.0,0.0,1.0,
1156,NFCORE_RANGELAND:RANGELAND:PREPROCESSING:PREPROCESS_CONFIG,1763861204000,1763861205000,1,75.2,,6442450944.0,,,5.755541666666666e-07,6.533333333333335e-07,1.2288875000000002e-06,1.2288875000000002e-06,0.0,1.0,
1157,NFCORE_RANGELAND:RANGELAND:PREPROCESSING:PREPROCESS_CONFIG,1763861205000,1763861205000,1,74.4,,6442450944.0,,,0.0,0.0,0.0,0.0,0.0,1.0,
1158,NFCORE_RANGELAND:RANGELAND:PREPROCESSING:PREPROCESS_CONFIG,1763861205000,1763861205000,1,68.1,,6442450944.0,,,0.0,0.0,0.0,0.0,0.0,1.0,
1159,NFCORE_RANGELAND:RANGELAND:PREPROCESSING:PREPROCESS_CONFIG,1763861205000,1763861206000,1,74.7,,6442450944.0,,,5.776693892045458e-07,6.533333333333335e-07,1.2310027225378791e-06,1.2310027225378791e-06,0.0,1.0,
1160,NFCORE_RANGELAND:RANGELAND:PREPROCESSING:PREPROCESS_CONFIG,1763861206000,1763861206000,1,70.0,,6442450944.0,,,0.0,0.0,0.0,0.0,0.0,1.0,
1161,NFCORE_RANGELAND:RANGELAND:PREPROCESSING:PREPROCESS_CONFIG,1763861206000,1763861206000,1,69.9,,6442450944.0,,,0.0,0.0,0.0,0.0,0.0,1.0,
1162,NFCORE_RANGELAND:RANGELAND:PREPROCESSING:PREPROCESS_CONFIG,1763861206000,1763861207000,1,46.0,,6442450944.0,,,3.696105324074074e-07,6.533333333333335e-07,1.0229438657407409e-06,1.0229438657407409e-06,0.0,1.0,
1163,NFCORE_RANGELAND:RANGELAND:PREPROCESSING:PREPROCESS_CONFIG,1763861207000,1763861207000,1,62.7,,6442450944.0,,,0.0,0.0,0.0,0.0,0.0,1.0,
1164,NFCORE_RANGELAND:RANGELAND:PREPROCESSING:PREPROCESS_CONFIG,1763861207000,1763861207000,1,66.9,,6442450944.0,,,0.0,0.0,0.0,0.0,0.0,1.0,
1165,NFCORE_RANGELAND:RANGELAND:PREPROCESSING:PREPROCESS_CONFIG,1763861207000,1763861208000,1,71.6,,6442450944.0,,,5.61608733164983e-07,6.533333333333335e-07,1.2149420664983166e-06,1.2149420664983166e-06,0.0,1.0,
1166,NFCORE_RANGELAND:RANGELAND:PREPROCESSING:PREPROCESS_CONFIG,1763861208000,1763861208000,1,64.2,,6442450944.0,,,0.0,0.0,0.0,0.0,0.0,1.0,
1167,NFCORE_RANGELAND:RANGELAND:PREPROCESSING:PREPROCESS_CONFIG,1763861208000,1763861208000,1,72.0,,6442450944.0,,,0.0,0.0,0.0,0.0,0.0,1.0,
1168,NFCORE_RANGELAND:RANGELAND:PREPROCESSING:PREPROCESS_CONFIG,1763861208000,1763861209000,1,68.7,,6442450944.0,,,5.2580546875e-07,6.533333333333335e-07,1.1791388020833334e-06,1.1791388020833334e-06,0.0,1.0,
1169,NFCORE_RANGELAND:RANGELAND:PREPROCESSING:PREPROCESS_CONFIG,1763861209000,1763861209000,1,73.4,,6442450944.0,,,0.0,0.0,0.0,0.0,0.0,1.0,
1170,NFCORE_RANGELAND:RANGELAND:PREPROCESSING:PREPROCESS_CONFIG,1763861209000,1763861209000,1,65.3,,6442450944.0,,,0.0,0.0,0.0,0.0,0.0,1.0,
1171,NFCORE_RANGELAND:RANGELAND:PREPROCESSING:PREPROCESS_CONFIG,1763861209000,1763861210000,1,67.1,,6442450944.0,,,5.135596354166666e-07,6.533333333333335e-07,1.16689296875e-06,1.16689296875e-06,0.0,1.0,
1172,NFCORE_RANGELAND:RANGELAND:PREPROCESSING:PREPROCESS_CONFIG,1763861210000,1763861210000,1,57.3,,6442450944.0,,,0.0,0.0,0.0,0.0,0.0,1.0,
1173,NFCORE_RANGELAND:RANGELAND:PREPROCESSING:PREPROCESS_CONFIG,1763861210000,1763861211000,1,58.9,,6442450944.0,,,4.7326218171296295e-07,6.533333333333335e-07,1.1265955150462964e-06,1.1265955150462964e-06,0.0,1.0,
1174,NFCORE_RANGELAND:RANGELAND:PREPROCESSING:PREPROCESS_CONFIG,1763861211000,1763861211000,1,66.7,,6442450944.0,,,0.0,0.0,0.0,0.0,0.0,1.0,
1175,NFCORE_RANGELAND:RANGELAND:PREPROCESSING:PREPROCESS_CONFIG,1763861211000,1763861211000,1,73.9,,6442450944.0,,,0.0,0.0,0.0,0.0,0.0,1.0,
1176,NFCORE_RANGELAND:RANGELAND:PREPROCESSING:PREPROCESS_CONFIG,1763861211000,1763861211000,1,68.1,,6442450944.0,,,0.0,0.0,0.0,0.0,0.0,1.0,
1177,NFCORE_RANGELAND:RANGELAND:PREPROCESSING:PREPROCESS_CONFIG,1763861212000,1763861212000,1,70.1,,6442450944.0,,,0.0,0.0,0.0,0.0,0.0,1.0,
1178,NFCORE_RANGELAND:RANGELAND:PREPROCESSING:PREPROCESS_CONFIG,1763861212000,1763861212000,1,67.2,,6442450944.0,,,0.0,0.0,0.0,0.0,0.0,1.0,
1179,NFCORE_RANGELAND:RANGELAND:PREPROCESSING:PREPROCESS_CONFIG,1763861212000,1763861213000,1,65.9,,6442450944.0,,,5.295072627314815e-07,6.533333333333335e-07,1.182840596064815e-06,1.182840596064815e-06,0.0,1.0,
1180,NFCORE_RANGELAND:RANGELAND:PREPROCESSING:PREPROCESS_CONFIG,1763861213000,1763861213000,1,59.1,,6442450944.0,,,0.0,0.0,0.0,0.0,0.0,1.0,
1181,NFCORE_RANGELAND:RANGELAND:PREPROCESSING:PREPROCESS_CONFIG,1763861213000,1763861213000,1,69.8,,6442450944.0,,,0.0,0.0,0.0,0.0,0.0,1.0,
1183,NFCORE_RANGELAND:RANGELAND:PREPROCESSING:PREPROCESS_CONFIG,1763861214000,1763861214000,1,66.8,,6442450944.0,,,0.0,0.0,0.0,0.0,0.0,1.0,
1184,NFCORE_RANGELAND:RANGELAND:PREPROCESSING:PREPROCESS_CONFIG,1763861214000,1763861214000,1,74.4,,6442450944.0,,,0.0,0.0,0.0,0.0,0.0,1.0,
1185,NFCORE_RANGELAND:RANGELAND:PREPROCESSING:PREPROCESS_CONFIG,1763861214000,1763861215000,1,70.9,,6442450944.0,,,5.561181449915824e-07,6.533333333333335e-07,1.2094514783249159e-06,1.2094514783249159e-06,0.0,1.0,
1186,NFCORE_RANGELAND:RANGELAND:PREPROCESSING:PREPROCESS_CONFIG,1763861215000,1763861215000,1,79.0,,6442450944.0,,,0.0,0.0,0.0,0.0,0.0,1.0,
1187,NFCORE_RANGELAND:RANGELAND:PREPROCESSING:PREPROCESS_CONFIG,1763861215000,1763861215000,1,70.3,,6442450944.0,,,0.0,0.0,0.0,0.0,0.0,1.0,
1188,NFCORE_RANGELAND:RANGELAND:PREPROCESSING:PREPROCESS_CONFIG,1763861215000,1763861215000,1,66.1,,6442450944.0,,,0.0,0.0,0.0,0.0,0.0,1.0,
1189,NFCORE_RANGELAND:RANGELAND:PREPROCESSING:PREPROCESS_CONFIG,1763861216000,1763861216000,1,62.6,,6442450944.0,,,0.0,0.0,0.0,0.0,0.0,1.0,
1190,NFCORE_RANGELAND:RANGELAND:PREPROCESSING:PREPROCESS_CONFIG,1763861216000,1763861216000,1,60.4,,6442450944.0,,,0.0,0.0,0.0,0.0,0.0,1.0,
1191,NFCORE_RANGELAND:RANGELAND:PREPROCESSING:PREPROCESS_CONFIG,1763861216000,1763861217000,1,69.3,,6442450944.0,,,5.3039765625e-07,6.533333333333335e-07,1.1837309895833334e-06,1.1837309895833334e-06,0.0,1.0,
1192,NFCORE_RANGELAND:RANGELAND:PREPROCESSING:PREPROCESS_CONFIG,1763861217000,1763861217000,1,66.3,,6442450944.0,,,0.0,0.0,0.0,0.0,0.0,1.0,
1193,NFCORE_RANGELAND:RANGELAND:PREPROCESSING:PREPROCESS_CONFIG,1763861217000,1763861217000,1,83.7,,6442450944.0,,,0.0,0.0,0.0,0.0,0.0,1.0,
1194,NFCORE_RANGELAND:RANGELAND:PREPROCESSING:PREPROCESS_CONFIG,1763861217000,1763861218000,1,77.2,,6442450944.0,,,5.908614583333333e-07,6.533333333333335e-07,1.2441947916666667e-06,1.2441947916666667e-06,0.0,1.0,
1195,NFCORE_RANGELAND:RANGELAND:PREPROCESSING:PREPROCESS_CONFIG,1763861218000,1763861218000,1,67.9,,6442450944.0,,,0.0,0.0,0.0,0.0,0.0,1.0,
1196,NFCORE_RANGELAND:RANGELAND:PREPROCESSING:PREPROCESS_CONFIG,1763861218000,1763861218000,1,65.3,,6442450944.0,,,0.0,0.0,0.0,0.0,0.0,1.0,
1197,NFCORE_RANGELAND:RANGELAND:PREPROCESSING:PREPROCESS_CONFIG,1763861218000,1763861218000,1,69.0,,6442450944.0,,,0.0,0.0,0.0,0.0,0.0,1.0,
1198,NFCORE_RANGELAND:RANGELAND:PREPROCESSING:PREPROCESS_CONFIG,1763861219000,1763861219000,1,55.9,,6442450944.0,,,0.0,0.0,0.0,0.0,0.0,1.0,
1199,NFCORE_RANGELAND:RANGELAND:PREPROCESSING:PREPROCESS_CONFIG,1763861219000,1763861219000,1,80.3,,6442450944.0,,,0.0,0.0,0.0,0.0,0.0,1.0,
1200,NFCORE_RANGELAND:RANGELAND:PREPROCESSING:PREPROCESS_CONFIG,1763861219000,1763861219000,1,61.5,,6442450944.0,,,0.0,0.0,0.0,0.0,0.0,1.0,
1201,NFCORE_RANGELAND:RANGELAND:PREPROCESSING:PREPROCESS_CONFIG,1763861220000,1763861220000,1,63.5,,6442450944.0,,,0.0,0.0,0.0,0.0,0.0,1.0,
1202,NFCORE_RANGELAND:RANGELAND:PREPROCESSING:PREPROCESS_CONFIG,1763861220000,1763861220000,1,68.1,,6442450944.0,,,0.0,0.0,0.0,0.0,0.0,1.0,
1203,NFCORE_RANGELAND:RANGELAND:PREPROCESSING:PREPROCESS_CONFIG,1763861220000,1763861221000,1,79.5,,6442450944.0,,,6.235739425505051e-07,6.533333333333335e-07,1.2769072758838385e-06,1.2769072758838385e-06,0.0,1.0,
1204,NFCORE_RANGELAND:RANGELAND:PREPROCESSING:PREPROCESS_CONFIG,1763861221000,1763861221000,1,73.8,,6442450944.0,,,0.0,0.0,0.0,0.0,0.0,1.0,
1205,NFCORE_RANGELAND:RANGELAND:PREPROCESSING:PREPROCESS_CONFIG,1763861221000,1763861221000,1,65.3,,6442450944.0,,,0.0,0.0,0.0,0.0,0.0,1.0,
1206,NFCORE_RANGELAND:RANGELAND:PREPROCESSING:PREPROCESS_CONFIG,1763861221000,1763861221000,1,72.6,,6442450944.0,,,0.0,0.0,0.0,0.0,0.0,1.0,
1207,NFCORE_RANGELAND:RANGELAND:PREPROCESSING:PREPROCESS_CONFIG,1763861221000,1763861222000,1,79.8,,6442450944.0,,,6.107609374999999e-07,6.533333333333335e-07,1.2640942708333333e-06,1.2640942708333333e-06,0.0,1.0,
1208,NFCORE_RANGELAND:RANGELAND:PREPROCESSING:PREPROCESS_CONFIG,1763861221000,1763861222000,1,72.7,,6442450944.0,,,5.841453414351852e-07,6.533333333333335e-07,1.2374786747685187e-06,1.2374786747685187e-06,0.0,1.0,
1209,NFCORE_RANGELAND:RANGELAND:PREPROCESSING:PREPROCESS_CONFIG,1763861222000,1763861222000,1,61.5,,6442450944.0,,,0.0,0.0,0.0,0.0,0.0,1.0,
1210,NFCORE_RANGELAND:RANGELAND:PREPROCESSING:PREPROCESS_CONFIG,1763861222000,1763861222000,1,69.8,,6442450944.0,,,0.0,0.0,0.0,0.0,0.0,1.0,
1211,NFCORE_RANGELAND:RANGELAND:PREPROCESSING:PREPROCESS_CONFIG,1763861222000,1763861222000,1,65.3,,6442450944.0,,,0.0,0.0,0.0,0.0,0.0,1.0,
1212,NFCORE_RANGELAND:RANGELAND:PREPROCESSING:PREPROCESS_CONFIG,1763861222000,1763861223000,1,77.8,,6442450944.0,,,5.954536458333333e-07,6.533333333333335e-07,1.2487869791666668e-06,1.2487869791666668e-06,0.0,1.0,
1213,NFCORE_RANGELAND:RANGELAND:PREPROCESSING:PREPROCESS_CONFIG,1763861223000,1763861223000,1,81.4,,6442450944.0,,,0.0,0.0,0.0,0.0,0.0,1.0,
1214,NFCORE_RANGELAND:RANGELAND:PREPROCESSING:PREPROCESS_CONFIG,1763861223000,1763861223000,1,60.9,,6442450944.0,,,0.0,0.0,0.0,0.0,0.0,1.0,
1216,NFCORE_RANGELAND:RANGELAND:PREPROCESSING:PREPROCESS_CONFIG,1763861223000,1763861224000,1,80.8,,6442450944.0,,,6.337707491582491e-07,6.533333333333335e-07,1.2871040824915825e-06,1.2871040824915825e-06,0.0,1.0,
1217,NFCORE_RANGELAND:RANGELAND:PREPROCESSING:PREPROCESS_CONFIG,1763861224000,1763861224000,1,65.3,,6442450944.0,,,0.0,0.0,0.0,0.0,0.0,1.0,
1218,NFCORE_RANGELAND:RANGELAND:PREPROCESSING:PREPROCESS_CONFIG,1763861224000,1763861224000,1,69.1,,6442450944.0,,,0.0,0.0,0.0,0.0,0.0,1.0,
1219,NFCORE_RANGELAND:RANGELAND:PREPROCESSING:PREPROCESS_CONFIG,1763861224000,1763861224000,1,64.2,,6442450944.0,,,0.0,0.0,0.0,0.0,0.0,1.0,
1220,NFCORE_RANGELAND:RANGELAND:PREPROCESSING:PREPROCESS_CONFIG,1763861224000,1763861225000,1,64.4,,6442450944.0,,,4.928947916666666e-07,6.533333333333335e-07,1.146228125e-06,1.146228125e-06,0.0,1.0,
1221,NFCORE_RANGELAND:RANGELAND:PREPROCESSING:PREPROCESS_CONFIG,1763861225000,1763861225000,1,72.7,,6442450944.0,,,0.0,0.0,0.0,0.0,0.0,1.0,
1222,NFCORE_RANGELAND:RANGELAND:PREPROCESSING:PREPROCESS_CONFIG,1763861225000,1763861225000,1,74.2,,6442450944.0,,,0.0,0.0,0.0,0.0,0.0,1.0,
1223,NFCORE_RANGELAND:RANGELAND:PREPROCESSING:PREPROCESS_CONFIG,1763861225000,1763861225000,1,67.9,,6442450944.0,,,0.0,0.0,0.0,0.0,0.0,1.0,
1224,NFCORE_RANGELAND:RANGELAND:PREPROCESSING:PREPROCESS_CONFIG,1763861226000,1763861226000,1,63.3,,6442450944.0,,,0.0,0.0,0.0,0.0,0.0,1.0,
1225,NFCORE_RANGELAND:RANGELAND:PREPROCESSING:PREPROCESS_CONFIG,1763861226000,1763861226000,1,62.9,,6442450944.0,,,0.0,0.0,0.0,0.0,0.0,1.0,
1226,NFCORE_RANGELAND:RANGELAND:PREPROCESSING:PREPROCESS_CONFIG,1763861226000,1763861226000,1,84.5,,6442450944.0,,,0.0,0.0,0.0,0.0,0.0,1.0,
1227,NFCORE_RANGELAND:RANGELAND:PREPROCESSING:PREPROCESS_CONFIG,1763861226000,1763861226000,1,64.6,,6442450944.0,,,0.0,0.0,0.0,0.0,0.0,1.0,
1228,NFCORE_RANGELAND:RANGELAND:PREPROCESSING:PREPROCESS_CONFIG,1763861226000,1763861227000,1,53.4,,6442450944.0,,,4.290696180555555e-07,6.533333333333335e-07,1.082402951388889e-06,1.082402951388889e-06,0.0,1.0,
1229,NFCORE_RANGELAND:RANGELAND:PREPROCESSING:PREPROCESS_CONFIG,1763861226000,1763861227000,1,48.8,,6442450944.0,,,3.7349791666666656e-07,6.533333333333335e-07,1.0268312500000001e-06,1.0268312500000001e-06,0.0,1.0,
1230,NFCORE_RANGELAND:RANGELAND:PREPROCESSING:PREPROCESS_CONFIG,1763861227000,1763861227000,1,61.7,,6442450944.0,,,0.0,0.0,0.0,0.0,0.0,1.0,
1231,NFCORE_RANGELAND:RANGELAND:PREPROCESSING:PREPROCESS_CONFIG,1763861227000,1763861227000,1,73.3,,6442450944.0,,,0.0,0.0,0.0,0.0,0.0,1.0,
1232,NFCORE_RANGELAND:RANGELAND:PREPROCESSING:PREPROCESS_CONFIG,1763861227000,1763861228000,1,72.7,,6442450944.0,,,5.841453414351852e-07,6.533333333333335e-07,1.2374786747685187e-06,1.2374786747685187e-06,0.0,1.0,
1233,NFCORE_RANGELAND:RANGELAND:PREPROCESSING:PREPROCESS_CONFIG,1763861228000,1763861228000,1,81.5,,6442450944.0,,,0.0,0.0,0.0,0.0,0.0,1.0,
1234,NFCORE_RANGELAND:RANGELAND:PREPROCESSING:PREPROCESS_CONFIG,1763861228000,1763861228000,1,65.5,,6442450944.0,,,0.0,0.0,0.0,0.0,0.0,1.0,
1235,NFCORE_RANGELAND:RANGELAND:PREPROCESSING:PREPROCESS_CONFIG,1763861228000,1763861229000,1,70.7,,6442450944.0,,,5.411127604166665e-07,6.533333333333335e-07,1.19444609375e-06,1.19444609375e-06,0.0,1.0,
1236,NFCORE_RANGELAND:RANGELAND:PREPROCESSING:PREPROCESS_CONFIG,1763861229000,1763861229000,1,70.5,,6442450944.0,,,0.0,0.0,0.0,0.0,0.0,1.0,
1237,NFCORE_RANGELAND:RANGELAND:PREPROCESSING:PREPROCESS_CONFIG,1763861229000,1763861229000,1,74.9,,6442450944.0,,,0.0,0.0,0.0,0.0,0.0,1.0,
1238,NFCORE_RANGELAND:RANGELAND:PREPROCESSING:PREPROCESS_CONFIG,1763861229000,1763861230000,1,66.3,,6442450944.0,,,5.327212673611112e-07,6.533333333333335e-07,1.1860546006944446e-06,1.1860546006944446e-06,0.0,1.0,
1239,NFCORE_RANGELAND:RANGELAND:PREPROCESSING:PREPROCESS_CONFIG,1763861230000,1763861230000,1,84.5,,6442450944.0,,,0.0,0.0,0.0,0.0,0.0,1.0,
1240,NFCORE_RANGELAND:RANGELAND:PREPROCESSING:PREPROCESS_CONFIG,1763861230000,1763861231000,1,70.4,,6442450944.0,,,5.521962962962962e-07,6.533333333333335e-07,1.2055296296296296e-06,1.2055296296296296e-06,0.0,1.0,
1241,NFCORE_RANGELAND:RANGELAND:PREPROCESSING:PREPROCESS_CONFIG,1763861230000,1763861231000,1,71.5,,6442450944.0,,,5.745033275462963e-07,6.533333333333335e-07,1.2278366608796297e-06,1.2278366608796297e-06,0.0,1.0,
1242,NFCORE_RANGELAND:RANGELAND:PREPROCESSING:PREPROCESS_CONFIG,1763861231000,1763861231000,1,74.2,,6442450944.0,,,0.0,0.0,0.0,0.0,0.0,1.0,
1243,NFCORE_RANGELAND:RANGELAND:PREPROCESSING:PREPROCESS_CONFIG,1763861231000,1763861231000,1,66.8,,6442450944.0,,,0.0,0.0,0.0,0.0,0.0,1.0,
1244,NFCORE_RANGELAND:RANGELAND:PREPROCESSING:PREPROCESS_CONFIG,1763861231000,1763861232000,1,60.5,,6442450944.0,,,4.630455729166666e-07,6.533333333333335e-07,1.11637890625e-06,1.11637890625e-06,0.0,1.0,
1245,NFCORE_RANGELAND:RANGELAND:PREPROCESSING:PREPROCESS_CONFIG,1763861232000,1763861232000,1,82.3,,6442450944.0,,,0.0,0.0,0.0,0.0,0.0,1.0,
1246,NFCORE_RANGELAND:RANGELAND:PREPROCESSING:PREPROCESS_CONFIG,1763861232000,1763861232000,1,68.1,,6442450944.0,,,0.0,0.0,0.0,0.0,0.0,1.0,
1247,NFCORE_RANGELAND:RANGELAND:PREPROCESSING:PREPROCESS_CONFIG,1763861233000,1763861233000,1,69.8,,6442450944.0,,,0.0,0.0,0.0,0.0,0.0,1.0,
1249,NFCORE_RANGELAND:RANGELAND:PREPROCESSING:PREPROCESS_CONFIG,1763861233000,1763861233000,1,68.9,,6442450944.0,,,0.0,0.0,0.0,0.0,0.0,1.0,
1250,NFCORE_RANGELAND:RANGELAND:PREPROCESSING:PREPROCESS_CONFIG,1763861234000,1763861234000,1,79.7,,6442450944.0,,,0.0,0.0,0.0,0.0,0.0,1.0,
1251,NFCORE_RANGELAND:RANGELAND:PREPROCESSING:PREPROCESS_CONFIG,1763861234000,1763861234000,1,69.8,,6442450944.0,,,0.0,0.0,0.0,0.0,0.0,1.0,
1252,NFCORE_RANGELAND:RANGELAND:PREPROCESSING:PREPROCESS_CONFIG,1763861234000,1763861234000,1,62.6,,6442450944.0,,,0.0,0.0,0.0,0.0,0.0,1.0,
1253,NFCORE_RANGELAND:RANGELAND:PREPROCESSING:PREPROCESS_CONFIG,1763861235000,1763861235000,1,67.4,,6442450944.0,,,0.0,0.0,0.0,0.0,0.0,1.0,
1254,NFCORE_RANGELAND:RANGELAND:PREPROCESSING:PREPROCESS_CONFIG,1763861235000,1763861235000,1,69.2,,6442450944.0,,,0.0,0.0,0.0,0.0,0.0,1.0,
1255,NFCORE_RANGELAND:RANGELAND:PREPROCESSING:PREPROCESS_CONFIG,1763861235000,1763861236000,1,61.9,,6442450944.0,,,4.737606770833332e-07,6.533333333333335e-07,1.1270940104166668e-06,1.1270940104166668e-06,0.0,1.0,
621,NFCORE_RANGELAND:RANGELAND:PREPROCESSING:FORCE_PREPROCESS,1763861042000,1763861255000,6,180.2,,38654705664.0,,,0.0003010614994633837,0.00083496,0.0011360214994633837,0.0011360214994633837,0.0,1.0,
522,NFCORE_RANGELAND:RANGELAND:PREPROCESSING:FORCE_PREPROCESS,1763861014000,1763861259000,6,159.5,,38654705664.0,,,0.00029908534505208325,0.0009603999999999999,0.0012594853450520831,0.0012594853450520831,0.0,1.0,
1256,NFCORE_RANGELAND:RANGELAND:PREPROCESSING:PREPROCESS_CONFIG,1763861235000,1763861236000,1,74.0,,6442450944.0,,,5.804336069023568e-07,6.533333333333335e-07,1.2337669402356902e-06,1.2337669402356902e-06,0.0,1.0,
720,NFCORE_RANGELAND:RANGELAND:PREPROCESSING:FORCE_PREPROCESS,1763861071000,1763861266000,6,167.1,,38654705664.0,,,0.00026181683463541666,0.0007644000000000001,0.0010262168346354167,0.0010262168346354167,0.0,1.0,
1257,NFCORE_RANGELAND:RANGELAND:PREPROCESSING:PREPROCESS_CONFIG,1763861236000,1763861236000,1,68.3,,6442450944.0,,,0.0,0.0,0.0,0.0,0.0,1.0,
753,NFCORE_RANGELAND:RANGELAND:PREPROCESSING:FORCE_PREPROCESS,1763861082000,1763861309000,6,165.9,,38654705664.0,,,0.00028823094453125,0.0008898400000000001,0.0011780709445312501,0.0011780709445312501,0.0,1.0,
1258,NFCORE_RANGELAND:RANGELAND:PREPROCESSING:PREPROCESS_CONFIG,1763861236000,1763861236000,1,73.6,,6442450944.0,,,0.0,0.0,0.0,0.0,0.0,1.0,
786,NFCORE_RANGELAND:RANGELAND:PREPROCESSING:FORCE_PREPROCESS,1763861093000,1763861246000,6,183.7,,38654705664.0,,,0.00022045574322916665,0.0005997600000000001,0.0008202157432291667,0.0008202157432291667,0.0,1.0,
819,NFCORE_RANGELAND:RANGELAND:PREPROCESSING:FORCE_PREPROCESS,1763861104000,1763861248000,6,190.1,,38654705664.0,,,0.00021169147159090916,0.00056448,0.0007761714715909092,0.0007761714715909092,0.0,1.0,
885,NFCORE_RANGELAND:RANGELAND:PREPROCESSING:FORCE_PREPROCESS,1763861124000,1763861267000,6,189.2,,38654705664.0,,,0.00020707398020833328,0.00056056,0.0007676339802083333,0.0007676339802083333,0.0,1.0,
852,NFCORE_RANGELAND:RANGELAND:PREPROCESSING:FORCE_PREPROCESS,1763861115000,1763861263000,6,190.0,,38654705664.0,,,0.00022056477062289563,0.00058016,0.0008007247706228956,0.0008007247706228956,0.0,1.0,
918,NFCORE_RANGELAND:RANGELAND:PREPROCESSING:FORCE_PREPROCESS,1763861132000,1763861293000,6,184.1,,38654705664.0,,,0.0002292125630918561,0.0006311199999999999,0.000860332563091856,0.000860332563091856,0.0,1.0,
951,NFCORE_RANGELAND:RANGELAND:PREPROCESSING:FORCE_PREPROCESS,1763861143000,1763861319000,6,174.1,,38654705664.0,,,0.00024620561064814814,0.0006899200000000001,0.0009361256106481483,0.0009361256106481483,0.0,1.0,
1260,NFCORE_RANGELAND:RANGELAND:PREPROCESSING:PREPROCESS_CONFIG,1763861236000,1763861237000,1,63.4,,6442450944.0,,,4.972904145622895e-07,6.533333333333335e-07,1.1506237478956229e-06,1.1506237478956229e-06,0.0,1.0,
1259,NFCORE_RANGELAND:RANGELAND:PREPROCESSING:PREPROCESS_CONFIG,1763861236000,1763861236000,1,77.6,,6442450944.0,,,0.0,0.0,0.0,0.0,0.0,1.0,
1017,NFCORE_RANGELAND:RANGELAND:PREPROCESSING:FORCE_PREPROCESS,1763861165000,1763861317000,6,185.8,,38654705664.0,,,0.00022692158287037037,0.00059584,0.0008227615828703704,0.0008227615828703704,0.0,1.0,
1261,NFCORE_RANGELAND:RANGELAND:PREPROCESSING:PREPROCESS_CONFIG,1763861237000,1763861238000,1,65.0,,6442450944.0,,,4.974869791666666e-07,6.533333333333335e-07,1.1508203125000002e-06,1.1508203125000002e-06,0.0,1.0,
1262,NFCORE_RANGELAND:RANGELAND:PREPROCESSING:PREPROCESS_CONFIG,1763861237000,1763861237000,1,75.4,,6442450944.0,,,0.0,0.0,0.0,0.0,0.0,1.0,
1263,NFCORE_RANGELAND:RANGELAND:PREPROCESSING:PREPROCESS_CONFIG,1763861238000,1763861238000,1,67.5,,6442450944.0,,,0.0,0.0,0.0,0.0,0.0,1.0,
1264,NFCORE_RANGELAND:RANGELAND:PREPROCESSING:PREPROCESS_CONFIG,1763861238000,1763861238000,1,71.5,,6442450944.0,,,0.0,0.0,0.0,0.0,0.0,1.0,
1265,NFCORE_RANGELAND:RANGELAND:PREPROCESSING:PREPROCESS_CONFIG,1763861238000,1763861238000,1,79.0,,6442450944.0,,,0.0,0.0,0.0,0.0,0.0,1.0,
1266,NFCORE_RANGELAND:RANGELAND:PREPROCESSING:PREPROCESS_CONFIG,1763861238000,1763861239000,1,65.7,,6442450944.0,,,5.15330918560606e-07,6.533333333333335e-07,1.1686642518939395e-06,1.1686642518939395e-06,0.0,1.0,
1267,NFCORE_RANGELAND:RANGELAND:PREPROCESSING:PREPROCESS_CONFIG,1763861239000,1763861239000,1,71.9,,6442450944.0,,,0.0,0.0,0.0,0.0,0.0,1.0,
1268,NFCORE_RANGELAND:RANGELAND:PREPROCESSING:PREPROCESS_CONFIG,1763861239000,1763861239000,1,65.3,,6442450944.0,,,0.0,0.0,0.0,0.0,0.0,1.0,
1269,NFCORE_RANGELAND:RANGELAND:PREPROCESSING:PREPROCESS_CONFIG,1763861239000,1763861240000,1,68.4,,6442450944.0,,,5.23509375e-07,6.533333333333335e-07,1.1768427083333335e-06,1.1768427083333335e-06,0.0,1.0,
1270,NFCORE_RANGELAND:RANGELAND:PREPROCESSING:PREPROCESS_CONFIG,1763861240000,1763861240000,1,68.3,,6442450944.0,,,0.0,0.0,0.0,0.0,0.0,1.0,
1271,NFCORE_RANGELAND:RANGELAND:PREPROCESSING:PREPROCESS_CONFIG,1763861240000,1763861240000,1,71.1,,6442450944.0,,,0.0,0.0,0.0,0.0,0.0,1.0,
1272,NFCORE_RANGELAND:RANGELAND:PREPROCESSING:PREPROCESS_CONFIG,1763861241000,1763861241000,1,64.0,,6442450944.0,,,0.0,0.0,0.0,0.0,0.0,1.0,
1273,NFCORE_RANGELAND:RANGELAND:PREPROCESSING:PREPROCESS_CONFIG,1763861241000,1763861241000,1,66.5,,6442450944.0,,,0.0,0.0,0.0,0.0,0.0,1.0,
1274,NFCORE_RANGELAND:RANGELAND:PREPROCESSING:PREPROCESS_CONFIG,1763861241000,1763861241000,1,71.5,,6442450944.0,,,0.0,0.0,0.0,0.0,0.0,1.0,
1275,NFCORE_RANGELAND:RANGELAND:PREPROCESSING:PREPROCESS_CONFIG,1763861241000,1763861242000,1,64.9,,6442450944.0,,,5.090559606481481e-07,6.533333333333335e-07,1.1623892939814815e-06,1.1623892939814815e-06,0.0,1.0,
1276,NFCORE_RANGELAND:RANGELAND:PREPROCESSING:PREPROCESS_CONFIG,1763861242000,1763861242000,1,72.3,,6442450944.0,,,0.0,0.0,0.0,0.0,0.0,1.0,
1277,NFCORE_RANGELAND:RANGELAND:PREPROCESSING:PREPROCESS_CONFIG,1763861242000,1763861242000,1,78.8,,6442450944.0,,,0.0,0.0,0.0,0.0,0.0,1.0,
1278,NFCORE_RANGELAND:RANGELAND:PREPROCESSING:PREPROCESS_CONFIG,1763861242000,1763861242000,1,61.2,,6442450944.0,,,0.0,0.0,0.0,0.0,0.0,1.0,
1279,NFCORE_RANGELAND:RANGELAND:PREPROCESSING:PREPROCESS_CONFIG,1763861242000,1763861243000,1,65.2,,6442450944.0,,,4.990177083333334e-07,6.533333333333335e-07,1.152351041666667e-06,1.152351041666667e-06,0.0,1.0,
1280,NFCORE_RANGELAND:RANGELAND:PREPROCESSING:PREPROCESS_CONFIG,1763861243000,1763861243000,1,67.9,,6442450944.0,,,0.0,0.0,0.0,0.0,0.0,1.0,
1282,NFCORE_RANGELAND:RANGELAND:PREPROCESSING:PREPROCESS_CONFIG,1763861243000,1763861243000,1,86.8,,6442450944.0,,,0.0,0.0,0.0,0.0,0.0,1.0,
1283,NFCORE_RANGELAND:RANGELAND:PREPROCESSING:PREPROCESS_CONFIG,1763861243000,1763861243000,1,68.5,,6442450944.0,,,0.0,0.0,0.0,0.0,0.0,1.0,
1284,NFCORE_RANGELAND:RANGELAND:PREPROCESSING:PREPROCESS_CONFIG,1763861243000,1763861244000,1,82.6,,6442450944.0,,,6.478894044612793e-07,6.533333333333335e-07,1.3012227377946128e-06,1.3012227377946128e-06,0.0,1.0,
1285,NFCORE_RANGELAND:RANGELAND:PREPROCESSING:PREPROCESS_CONFIG,1763861244000,1763861244000,1,41.0,,6442450944.0,,,0.0,0.0,0.0,0.0,0.0,1.0,
1286,NFCORE_RANGELAND:RANGELAND:PREPROCESSING:PREPROCESS_CONFIG,1763861244000,1763861244000,1,73.8,,6442450944.0,,,0.0,0.0,0.0,0.0,0.0,1.0,
1287,NFCORE_RANGELAND:RANGELAND:PREPROCESSING:PREPROCESS_CONFIG,1763861244000,1763861245000,1,70.7,,6442450944.0,,,5.54549405513468e-07,6.533333333333335e-07,1.2078827388468015e-06,1.2078827388468015e-06,0.0,1.0,
1288,NFCORE_RANGELAND:RANGELAND:PREPROCESSING:PREPROCESS_CONFIG,1763861244000,1763861245000,1,77.1,,6442450944.0,,,6.047490688131312e-07,6.533333333333335e-07,1.2580824021464647e-06,1.2580824021464647e-06,0.0,1.0,
1289,NFCORE_RANGELAND:RANGELAND:PREPROCESSING:PREPROCESS_CONFIG,1763861244000,1763861245000,1,76.6,,6442450944.0,,,5.862692708333332e-07,6.533333333333335e-07,1.2396026041666665e-06,1.2396026041666665e-06,0.0,1.0,
1290,NFCORE_RANGELAND:RANGELAND:PREPROCESSING:PREPROCESS_CONFIG,1763861245000,1763861245000,1,64.2,,6442450944.0,,,0.0,0.0,0.0,0.0,0.0,1.0,
1291,NFCORE_RANGELAND:RANGELAND:PREPROCESSING:PREPROCESS_CONFIG,1763861245000,1763861245000,1,85.6,,6442450944.0,,,0.0,0.0,0.0,0.0,0.0,1.0,
1292,NFCORE_RANGELAND:RANGELAND:PREPROCESSING:PREPROCESS_CONFIG,1763861245000,1763861246000,1,70.5,,6442450944.0,,,5.395820312499999e-07,6.533333333333335e-07,1.1929153645833333e-06,1.1929153645833333e-06,0.0,1.0,
1293,NFCORE_RANGELAND:RANGELAND:PREPROCESSING:PREPROCESS_CONFIG,1763861245000,1763861246000,1,64.9,,6442450944.0,,,5.018841145833336e-07,6.533333333333335e-07,1.155217447916667e-06,1.155217447916667e-06,0.0,1.0,
1294,NFCORE_RANGELAND:RANGELAND:PREPROCESSING:PREPROCESS_CONFIG,1763861246000,1763861246000,1,66.1,,6442450944.0,,,0.0,0.0,0.0,0.0,0.0,1.0,
1295,NFCORE_RANGELAND:RANGELAND:PREPROCESSING:PREPROCESS_CONFIG,1763861246000,1763861246000,1,77.0,,6442450944.0,,,0.0,0.0,0.0,0.0,0.0,1.0,
1296,NFCORE_RANGELAND:RANGELAND:PREPROCESSING:PREPROCESS_CONFIG,1763861246000,1763861246000,1,63.3,,6442450944.0,,,0.0,0.0,0.0,0.0,0.0,1.0,
1297,NFCORE_RANGELAND:RANGELAND:PREPROCESSING:PREPROCESS_CONFIG,1763861246000,1763861247000,1,85.7,,6442450944.0,,,6.722048663720538e-07,6.533333333333335e-07,1.3255381997053873e-06,1.3255381997053873e-06,0.0,1.0,
1298,NFCORE_RANGELAND:RANGELAND:PREPROCESSING:PREPROCESS_CONFIG,1763861247000,1763861247000,1,72.7,,6442450944.0,,,0.0,0.0,0.0,0.0,0.0,1.0,
1299,NFCORE_RANGELAND:RANGELAND:PREPROCESSING:PREPROCESS_CONFIG,1763861247000,1763861247000,1,64.7,,6442450944.0,,,0.0,0.0,0.0,0.0,0.0,1.0,
1300,NFCORE_RANGELAND:RANGELAND:PREPROCESSING:PREPROCESS_CONFIG,1763861247000,1763861248000,1,62.4,,6442450944.0,,,4.775875e-07,6.533333333333335e-07,1.1309208333333334e-06,1.1309208333333334e-06,0.0,1.0,
1301,NFCORE_RANGELAND:RANGELAND:PREPROCESSING:PREPROCESS_CONFIG,1763861248000,1763861248000,1,64.4,,6442450944.0,,,0.0,0.0,0.0,0.0,0.0,1.0,
1302,NFCORE_RANGELAND:RANGELAND:PREPROCESSING:PREPROCESS_CONFIG,1763861248000,1763861248000,1,70.7,,6442450944.0,,,0.0,0.0,0.0,0.0,0.0,1.0,
1303,NFCORE_RANGELAND:RANGELAND:PREPROCESSING:PREPROCESS_CONFIG,1763861248000,1763861249000,1,76.1,,6442450944.0,,,5.969053714225589e-07,6.533333333333335e-07,1.2502387047558923e-06,1.2502387047558923e-06,0.0,1.0,
1304,NFCORE_RANGELAND:RANGELAND:PREPROCESSING:PREPROCESS_CONFIG,1763861249000,1763861249000,1,77.0,,6442450944.0,,,0.0,0.0,0.0,0.0,0.0,1.0,
1305,NFCORE_RANGELAND:RANGELAND:PREPROCESSING:PREPROCESS_CONFIG,1763861249000,1763861249000,1,71.5,,6442450944.0,,,0.0,0.0,0.0,0.0,0.0,1.0,
1306,NFCORE_RANGELAND:RANGELAND:PREPROCESSING:PREPROCESS_CONFIG,1763861249000,1763861250000,1,61.0,,6442450944.0,,,4.6687239583333325e-07,6.533333333333335e-07,1.1202057291666667e-06,1.1202057291666667e-06,0.0,1.0,
1307,NFCORE_RANGELAND:RANGELAND:PREPROCESSING:PREPROCESS_CONFIG,1763861250000,1763861250000,1,69.8,,6442450944.0,,,0.0,0.0,0.0,0.0,0.0,1.0,
1308,NFCORE_RANGELAND:RANGELAND:PREPROCESSING:PREPROCESS_CONFIG,1763861250000,1763861250000,1,70.1,,6442450944.0,,,0.0,0.0,0.0,0.0,0.0,1.0,
1309,NFCORE_RANGELAND:RANGELAND:PREPROCESSING:PREPROCESS_CONFIG,1763861250000,1763861250000,1,69.4,,6442450944.0,,,0.0,0.0,0.0,0.0,0.0,1.0,
1310,NFCORE_RANGELAND:RANGELAND:PREPROCESSING:PREPROCESS_CONFIG,1763861250000,1763861251000,1,67.4,,6442450944.0,,,5.158557291666666e-07,6.533333333333335e-07,1.1691890625e-06,1.1691890625e-06,0.0,1.0,
1311,NFCORE_RANGELAND:RANGELAND:PREPROCESSING:PREPROCESS_CONFIG,1763861251000,1763861251000,1,62.6,,6442450944.0,,,0.0,0.0,0.0,0.0,0.0,1.0,
1312,NFCORE_RANGELAND:RANGELAND:PREPROCESSING:PREPROCESS_CONFIG,1763861251000,1763861251000,1,83.4,,6442450944.0,,,0.0,0.0,0.0,0.0,0.0,1.0,
1313,NFCORE_RANGELAND:RANGELAND:PREPROCESSING:PREPROCESS_CONFIG,1763861251000,1763861252000,1,74.5,,6442450944.0,,,5.84355455597643e-07,6.533333333333335e-07,1.2376887889309765e-06,1.2376887889309765e-06,0.0,1.0,
1315,NFCORE_RANGELAND:RANGELAND:PREPROCESSING:PREPROCESS_CONFIG,1763861253000,1763861253000,1,72.3,,6442450944.0,,,0.0,0.0,0.0,0.0,0.0,1.0,
1316,NFCORE_RANGELAND:RANGELAND:PREPROCESSING:PREPROCESS_CONFIG,1763861253000,1763861253000,1,71.1,,6442450944.0,,,0.0,0.0,0.0,0.0,0.0,1.0,
1317,NFCORE_RANGELAND:RANGELAND:PREPROCESSING:PREPROCESS_CONFIG,1763861253000,1763861253000,1,64.8,,6442450944.0,,,0.0,0.0,0.0,0.0,0.0,1.0,
1318,NFCORE_RANGELAND:RANGELAND:PREPROCESSING:PREPROCESS_CONFIG,1763861253000,1763861254000,1,69.1,,6442450944.0,,,5.419994896885521e-07,6.533333333333335e-07,1.1953328230218856e-06,1.1953328230218856e-06,0.0,1.0,
1319,NFCORE_RANGELAND:RANGELAND:PREPROCESSING:PREPROCESS_CONFIG,1763861254000,1763861254000,1,66.9,,6442450944.0,,,0.0,0.0,0.0,0.0,0.0,1.0,
1320,NFCORE_RANGELAND:RANGELAND:PREPROCESSING:PREPROCESS_CONFIG,1763861254000,1763861254000,1,56.4,,6442450944.0,,,0.0,0.0,0.0,0.0,0.0,1.0,
1321,NFCORE_RANGELAND:RANGELAND:PREPROCESSING:PREPROCESS_CONFIG,1763861254000,1763861255000,1,73.1,,6442450944.0,,,5.594815104166666e-07,6.533333333333335e-07,1.21281484375e-06,1.21281484375e-06,0.0,1.0,
1322,NFCORE_RANGELAND:RANGELAND:PREPROCESSING:PREPROCESS_CONFIG,1763861255000,1763861255000,1,73.9,,6442450944.0,,,0.0,0.0,0.0,0.0,0.0,1.0,
1323,NFCORE_RANGELAND:RANGELAND:PREPROCESSING:PREPROCESS_CONFIG,1763861255000,1763861255000,1,60.8,,6442450944.0,,,0.0,0.0,0.0,0.0,0.0,1.0,
1324,NFCORE_RANGELAND:RANGELAND:PREPROCESSING:PREPROCESS_CONFIG,1763861255000,1763861256000,1,48.3,,6442450944.0,,,3.788505839646464e-07,6.533333333333335e-07,1.0321839172979799e-06,1.0321839172979799e-06,0.0,1.0,
1325,NFCORE_RANGELAND:RANGELAND:PREPROCESSING:PREPROCESS_CONFIG,1763861256000,1763861256000,1,73.5,,6442450944.0,,,0.0,0.0,0.0,0.0,0.0,1.0,
1326,NFCORE_RANGELAND:RANGELAND:PREPROCESSING:PREPROCESS_CONFIG,1763861256000,1763861257000,1,61.7,,6442450944.0,,,4.839561289983165e-07,6.533333333333335e-07,1.13728946233165e-06,1.13728946233165e-06,0.0,1.0,
1327,NFCORE_RANGELAND:RANGELAND:PREPROCESSING:PREPROCESS_CONFIG,1763861257000,1763861257000,1,72.7,,6442450944.0,,,0.0,0.0,0.0,0.0,0.0,1.0,
1328,NFCORE_RANGELAND:RANGELAND:PREPROCESSING:PREPROCESS_CONFIG,1763861257000,1763861257000,1,66.9,,6442450944.0,,,0.0,0.0,0.0,0.0,0.0,1.0,
1329,NFCORE_RANGELAND:RANGELAND:PREPROCESSING:PREPROCESS_CONFIG,1763861257000,1763861257000,1,65.0,,6442450944.0,,,0.0,0.0,0.0,0.0,0.0,1.0,
1330,NFCORE_RANGELAND:RANGELAND:PREPROCESSING:PREPROCESS_CONFIG,1763861257000,1763861258000,1,61.4,,6442450944.0,,,4.816030197811447e-07,6.533333333333335e-07,1.1349363531144782e-06,1.1349363531144782e-06,0.0,1.0,
1331,NFCORE_RANGELAND:RANGELAND:PREPROCESSING:PREPROCESS_CONFIG,1763861258000,1763861258000,1,65.6,,6442450944.0,,,0.0,0.0,0.0,0.0,0.0,1.0,
1332,NFCORE_RANGELAND:RANGELAND:PREPROCESSING:PREPROCESS_CONFIG,1763861258000,1763861258000,1,64.7,,6442450944.0,,,0.0,0.0,0.0,0.0,0.0,1.0,
1333,NFCORE_RANGELAND:RANGELAND:PREPROCESSING:PREPROCESS_CONFIG,1763861258000,1763861259000,1,68.6,,6442450944.0,,,5.250401041666666e-07,6.533333333333335e-07,1.1783734375e-06,1.1783734375e-06,0.0,1.0,
1334,NFCORE_RANGELAND:RANGELAND:PREPROCESSING:PREPROCESS_CONFIG,1763861259000,1763861259000,1,81.0,,6442450944.0,,,0.0,0.0,0.0,0.0,0.0,1.0,
1335,NFCORE_RANGELAND:RANGELAND:PREPROCESSING:PREPROCESS_CONFIG,1763861259000,1763861259000,1,79.4,,6442450944.0,,,0.0,0.0,0.0,0.0,0.0,1.0,
1336,NFCORE_RANGELAND:RANGELAND:PREPROCESSING:PREPROCESS_CONFIG,1763861260000,1763861260000,1,66.7,,6442450944.0,,,0.0,0.0,0.0,0.0,0.0,1.0,
1337,NFCORE_RANGELAND:RANGELAND:PREPROCESSING:PREPROCESS_CONFIG,1763861260000,1763861260000,1,72.7,,6442450944.0,,,0.0,0.0,0.0,0.0,0.0,1.0,
1338,NFCORE_RANGELAND:RANGELAND:PREPROCESSING:PREPROCESS_CONFIG,1763861260000,1763861261000,1,69.4,,6442450944.0,,,5.443525989057239e-07,6.533333333333335e-07,1.1976859322390575e-06,1.1976859322390575e-06,0.0,1.0,
1339,NFCORE_RANGELAND:RANGELAND:PREPROCESSING:PREPROCESS_CONFIG,1763861261000,1763861261000,1,69.4,,6442450944.0,,,0.0,0.0,0.0,0.0,0.0,1.0,
1340,NFCORE_RANGELAND:RANGELAND:PREPROCESSING:PREPROCESS_CONFIG,1763861261000,1763861261000,1,75.3,,6442450944.0,,,0.0,0.0,0.0,0.0,0.0,1.0,
1341,NFCORE_RANGELAND:RANGELAND:PREPROCESSING:PREPROCESS_CONFIG,1763861261000,1763861261000,1,60.4,,6442450944.0,,,0.0,0.0,0.0,0.0,0.0,1.0,
1342,NFCORE_RANGELAND:RANGELAND:PREPROCESSING:PREPROCESS_CONFIG,1763861262000,1763861262000,1,68.7,,6442450944.0,,,0.0,0.0,0.0,0.0,0.0,1.0,
1343,NFCORE_RANGELAND:RANGELAND:PREPROCESSING:PREPROCESS_CONFIG,1763861262000,1763861262000,1,76.6,,6442450944.0,,,0.0,0.0,0.0,0.0,0.0,1.0,
1344,NFCORE_RANGELAND:RANGELAND:PREPROCESSING:PREPROCESS_CONFIG,1763861262000,1763861262000,1,71.9,,6442450944.0,,,0.0,0.0,0.0,0.0,0.0,1.0,
1345,NFCORE_RANGELAND:RANGELAND:PREPROCESSING:PREPROCESS_CONFIG,1763861262000,1763861262000,1,75.5,,6442450944.0,,,0.0,0.0,0.0,0.0,0.0,1.0,
1346,NFCORE_RANGELAND:RANGELAND:PREPROCESSING:PREPROCESS_CONFIG,1763861263000,1763861263000,1,69.0,,6442450944.0,,,0.0,0.0,0.0,0.0,0.0,1.0,
1348,NFCORE_RANGELAND:RANGELAND:PREPROCESSING:PREPROCESS_CONFIG,1763861263000,1763861263000,1,73.6,,6442450944.0,,,0.0,0.0,0.0,0.0,0.0,1.0,
1349,NFCORE_RANGELAND:RANGELAND:PREPROCESSING:PREPROCESS_CONFIG,1763861263000,1763861263000,1,70.4,,6442450944.0,,,0.0,0.0,0.0,0.0,0.0,1.0,
1350,NFCORE_RANGELAND:RANGELAND:PREPROCESSING:PREPROCESS_CONFIG,1763861263000,1763861264000,1,68.1,,6442450944.0,,,5.341557922979797e-07,6.533333333333335e-07,1.187489125631313e-06,1.187489125631313e-06,0.0,1.0,
1351,NFCORE_RANGELAND:RANGELAND:PREPROCESSING:PREPROCESS_CONFIG,1763861264000,1763861264000,1,75.4,,6442450944.0,,,0.0,0.0,0.0,0.0,0.0,1.0,
1352,NFCORE_RANGELAND:RANGELAND:PREPROCESSING:PREPROCESS_CONFIG,1763861264000,1763861264000,1,73.4,,6442450944.0,,,0.0,0.0,0.0,0.0,0.0,1.0,
1353,NFCORE_RANGELAND:RANGELAND:PREPROCESSING:PREPROCESS_CONFIG,1763861264000,1763861264000,1,75.1,,6442450944.0,,,0.0,0.0,0.0,0.0,0.0,1.0,
1354,NFCORE_RANGELAND:RANGELAND:PREPROCESSING:PREPROCESS_CONFIG,1763861264000,1763861265000,1,85.3,,6442450944.0,,,6.690673874158249e-07,6.533333333333335e-07,1.3224007207491584e-06,1.3224007207491584e-06,0.0,1.0,
1355,NFCORE_RANGELAND:RANGELAND:PREPROCESSING:PREPROCESS_CONFIG,1763861265000,1763861265000,1,84.2,,6442450944.0,,,0.0,0.0,0.0,0.0,0.0,1.0,
1356,NFCORE_RANGELAND:RANGELAND:PREPROCESSING:PREPROCESS_CONFIG,1763861265000,1763861265000,1,72.9,,6442450944.0,,,0.0,0.0,0.0,0.0,0.0,1.0,
1357,NFCORE_RANGELAND:RANGELAND:PREPROCESSING:PREPROCESS_CONFIG,1763861265000,1763861265000,1,75.3,,6442450944.0,,,0.0,0.0,0.0,0.0,0.0,1.0,
1358,NFCORE_RANGELAND:RANGELAND:PREPROCESSING:PREPROCESS_CONFIG,1763861265000,1763861265000,1,80.3,,6442450944.0,,,0.0,0.0,0.0,0.0,0.0,1.0,
1359,NFCORE_RANGELAND:RANGELAND:PREPROCESSING:PREPROCESS_CONFIG,1763861266000,1763861266000,1,67.4,,6442450944.0,,,0.0,0.0,0.0,0.0,0.0,1.0,
1360,NFCORE_RANGELAND:RANGELAND:PREPROCESSING:PREPROCESS_CONFIG,1763861266000,1763861266000,1,88.6,,6442450944.0,,,0.0,0.0,0.0,0.0,0.0,1.0,
1361,NFCORE_RANGELAND:RANGELAND:PREPROCESSING:PREPROCESS_CONFIG,1763861266000,1763861267000,1,49.0,,6442450944.0,,,3.8434117213804713e-07,6.533333333333335e-07,1.0376745054713806e-06,1.0376745054713806e-06,0.0,1.0,
1362,NFCORE_RANGELAND:RANGELAND:PREPROCESSING:PREPROCESS_CONFIG,1763861266000,1763861266000,1,48.0,,6442450944.0,,,0.0,0.0,0.0,0.0,0.0,1.0,
1363,NFCORE_RANGELAND:RANGELAND:PREPROCESSING:PREPROCESS_CONFIG,1763861267000,1763861267000,1,67.5,,6442450944.0,,,0.0,0.0,0.0,0.0,0.0,1.0,
1364,NFCORE_RANGELAND:RANGELAND:PREPROCESSING:PREPROCESS_CONFIG,1763861267000,1763861267000,1,62.4,,6442450944.0,,,0.0,0.0,0.0,0.0,0.0,1.0,
1365,NFCORE_RANGELAND:RANGELAND:PREPROCESSING:PREPROCESS_CONFIG,1763861267000,1763861267000,1,75.8,,6442450944.0,,,0.0,0.0,0.0,0.0,0.0,1.0,
1366,NFCORE_RANGELAND:RANGELAND:PREPROCESSING:PREPROCESS_CONFIG,1763861267000,1763861268000,1,75.3,,6442450944.0,,,5.906304135101009e-07,6.533333333333335e-07,1.2439637468434344e-06,1.2439637468434344e-06,0.0,1.0,
1367,NFCORE_RANGELAND:RANGELAND:PREPROCESSING:PREPROCESS_CONFIG,1763861268000,1763861268000,1,67.7,,6442450944.0,,,0.0,0.0,0.0,0.0,0.0,1.0,
1368,NFCORE_RANGELAND:RANGELAND:PREPROCESSING:PREPROCESS_CONFIG,1763861268000,1763861268000,1,61.4,,6442450944.0,,,0.0,0.0,0.0,0.0,0.0,1.0,
1369,NFCORE_RANGELAND:RANGELAND:PREPROCESSING:PREPROCESS_CONFIG,1763861268000,1763861269000,1,65.8,,6442450944.0,,,5.161152882996633e-07,6.533333333333335e-07,1.1694486216329969e-06,1.1694486216329969e-06,0.0,1.0,
1370,NFCORE_RANGELAND:RANGELAND:PREPROCESSING:PREPROCESS_CONFIG,1763861269000,1763861270000,1,64.5,,6442450944.0,,,4.936601562499999e-07,6.533333333333335e-07,1.1469934895833334e-06,1.1469934895833334e-06,0.0,1.0,
1371,NFCORE_RANGELAND:RANGELAND:PREPROCESSING:PREPROCESS_CONFIG,1763861270000,1763861270000,1,69.8,,6442450944.0,,,0.0,0.0,0.0,0.0,0.0,1.0,
1372,NFCORE_RANGELAND:RANGELAND:PREPROCESSING:PREPROCESS_CONFIG,1763861270000,1763861270000,1,69.9,,6442450944.0,,,0.0,0.0,0.0,0.0,0.0,1.0,
1373,NFCORE_RANGELAND:RANGELAND:PREPROCESSING:PREPROCESS_CONFIG,1763861270000,1763861270000,1,64.9,,6442450944.0,,,0.0,0.0,0.0,0.0,0.0,1.0,
1374,NFCORE_RANGELAND:RANGELAND:PREPROCESSING:PREPROCESS_CONFIG,1763861270000,1763861271000,1,64.3,,6442450944.0,,,5.043497422138046e-07,6.533333333333335e-07,1.157683075547138e-06,1.157683075547138e-06,0.0,1.0,
1375,NFCORE_RANGELAND:RANGELAND:PREPROCESSING:PREPROCESS_CONFIG,1763861271000,1763861271000,1,69.1,,6442450944.0,,,0.0,0.0,0.0,0.0,0.0,1.0,
1376,NFCORE_RANGELAND:RANGELAND:PREPROCESSING:PREPROCESS_CONFIG,1763861271000,1763861271000,1,62.2,,6442450944.0,,,0.0,0.0,0.0,0.0,0.0,1.0,
1377,NFCORE_RANGELAND:RANGELAND:PREPROCESSING:PREPROCESS_CONFIG,1763861271000,1763861272000,1,70.0,,6442450944.0,,,5.357552083333331e-07,6.533333333333335e-07,1.1890885416666666e-06,1.1890885416666666e-06,0.0,1.0,
1378,NFCORE_RANGELAND:RANGELAND:PREPROCESSING:PREPROCESS_CONFIG,1763861272000,1763861272000,1,70.1,,6442450944.0,,,0.0,0.0,0.0,0.0,0.0,1.0,
1379,NFCORE_RANGELAND:RANGELAND:PREPROCESSING:PREPROCESS_CONFIG,1763861272000,1763861273000,1,67.7,,6442450944.0,,,5.310183133417507e-07,6.533333333333335e-07,1.1843516466750842e-06,1.1843516466750842e-06,0.0,1.0,
1381,NFCORE_RANGELAND:RANGELAND:PREPROCESSING:PREPROCESS_CONFIG,1763861273000,1763861273000,1,73.9,,6442450944.0,,,0.0,0.0,0.0,0.0,0.0,1.0,
1382,NFCORE_RANGELAND:RANGELAND:PREPROCESSING:PREPROCESS_CONFIG,1763861273000,1763861273000,1,73.8,,6442450944.0,,,0.0,0.0,0.0,0.0,0.0,1.0,
1383,NFCORE_RANGELAND:RANGELAND:PREPROCESSING:PREPROCESS_CONFIG,1763861273000,1763861274000,1,66.3,,6442450944.0,,,5.200371369949494e-07,6.533333333333335e-07,1.1733704703282827e-06,1.1733704703282827e-06,0.0,1.0,
1384,NFCORE_RANGELAND:RANGELAND:PREPROCESSING:PREPROCESS_CONFIG,1763861274000,1763861274000,1,64.6,,6442450944.0,,,0.0,0.0,0.0,0.0,0.0,1.0,
1385,NFCORE_RANGELAND:RANGELAND:PREPROCESSING:PREPROCESS_CONFIG,1763861274000,1763861274000,1,64.9,,6442450944.0,,,0.0,0.0,0.0,0.0,0.0,1.0,
1386,NFCORE_RANGELAND:RANGELAND:PREPROCESSING:PREPROCESS_CONFIG,1763861274000,1763861275000,1,79.2,,6442450944.0,,,6.212208333333334e-07,6.533333333333335e-07,1.2745541666666668e-06,1.2745541666666668e-06,0.0,1.0,
1387,NFCORE_RANGELAND:RANGELAND:PREPROCESSING:PREPROCESS_CONFIG,1763861275000,1763861275000,1,71.8,,6442450944.0,,,0.0,0.0,0.0,0.0,0.0,1.0,
1388,NFCORE_RANGELAND:RANGELAND:PREPROCESSING:PREPROCESS_CONFIG,1763861275000,1763861275000,1,61.7,,6442450944.0,,,0.0,0.0,0.0,0.0,0.0,1.0,
1389,NFCORE_RANGELAND:RANGELAND:PREPROCESSING:PREPROCESS_CONFIG,1763861275000,1763861276000,1,71.3,,6442450944.0,,,5.592556239478113e-07,6.533333333333335e-07,1.2125889572811447e-06,1.2125889572811447e-06,0.0,1.0,
1390,NFCORE_RANGELAND:RANGELAND:PREPROCESSING:PREPROCESS_CONFIG,1763861276000,1763861276000,1,63.8,,6442450944.0,,,0.0,0.0,0.0,0.0,0.0,1.0,
1391,NFCORE_RANGELAND:RANGELAND:PREPROCESSING:PREPROCESS_CONFIG,1763861276000,1763861276000,1,64.9,,6442450944.0,,,0.0,0.0,0.0,0.0,0.0,1.0,
1392,NFCORE_RANGELAND:RANGELAND:PREPROCESSING:PREPROCESS_CONFIG,1763861276000,1763861277000,1,63.8,,6442450944.0,,,5.004278935185184e-07,6.533333333333335e-07,1.1537612268518517e-06,1.1537612268518517e-06,0.0,1.0,
1393,NFCORE_RANGELAND:RANGELAND:PREPROCESSING:PREPROCESS_CONFIG,1763861277000,1763861277000,1,74.0,,6442450944.0,,,0.0,0.0,0.0,0.0,0.0,1.0,
1394,NFCORE_RANGELAND:RANGELAND:PREPROCESSING:PREPROCESS_CONFIG,1763861277000,1763861277000,1,73.6,,6442450944.0,,,0.0,0.0,0.0,0.0,0.0,1.0,
1395,NFCORE_RANGELAND:RANGELAND:PREPROCESSING:PREPROCESS_CONFIG,1763861278000,1763861278000,1,60.9,,6442450944.0,,,0.0,0.0,0.0,0.0,0.0,1.0,
1396,NFCORE_RANGELAND:RANGELAND:PREPROCESSING:PREPROCESS_CONFIG,1763861278000,1763861278000,1,65.1,,6442450944.0,,,0.0,0.0,0.0,0.0,0.0,1.0,
1397,NFCORE_RANGELAND:RANGELAND:PREPROCESSING:PREPROCESS_CONFIG,1763861278000,1763861278000,1,70.7,,6442450944.0,,,0.0,0.0,0.0,0.0,0.0,1.0,
1398,NFCORE_RANGELAND:RANGELAND:PREPROCESSING:PREPROCESS_CONFIG,1763861279000,1763861279000,1,66.1,,6442450944.0,,,0.0,0.0,0.0,0.0,0.0,1.0,
1399,NFCORE_RANGELAND:RANGELAND:PREPROCESSING:PREPROCESS_CONFIG,1763861279000,1763861279000,1,68.8,,6442450944.0,,,0.0,0.0,0.0,0.0,0.0,1.0,
1400,NFCORE_RANGELAND:RANGELAND:PREPROCESSING:PREPROCESS_CONFIG,1763861279000,1763861280000,1,79.2,,6442450944.0,,,6.212208333333334e-07,6.533333333333335e-07,1.2745541666666668e-06,1.2745541666666668e-06,0.0,1.0,
1401,NFCORE_RANGELAND:RANGELAND:PREPROCESSING:PREPROCESS_CONFIG,1763861280000,1763861280000,1,71.9,,6442450944.0,,,0.0,0.0,0.0,0.0,0.0,1.0,
1402,NFCORE_RANGELAND:RANGELAND:PREPROCESSING:PREPROCESS_CONFIG,1763861280000,1763861281000,1,69.1,,6442450944.0,,,5.288669270833332e-07,6.533333333333335e-07,1.1822002604166667e-06,1.1822002604166667e-06,0.0,1.0,
1403,NFCORE_RANGELAND:RANGELAND:PREPROCESSING:PREPROCESS_CONFIG,1763861280000,1763861281000,1,64.0,,6442450944.0,,,5.01996632996633e-07,6.533333333333335e-07,1.1553299663299666e-06,1.1553299663299666e-06,0.0,1.0,
1404,NFCORE_RANGELAND:RANGELAND:PREPROCESSING:PREPROCESS_CONFIG,1763861281000,1763861281000,1,78.8,,6442450944.0,,,0.0,0.0,0.0,0.0,0.0,1.0,
1405,NFCORE_RANGELAND:RANGELAND:PREPROCESSING:PREPROCESS_CONFIG,1763861281000,1763861281000,1,69.8,,6442450944.0,,,0.0,0.0,0.0,0.0,0.0,1.0,
1406,NFCORE_RANGELAND:RANGELAND:PREPROCESSING:PREPROCESS_CONFIG,1763861281000,1763861282000,1,70.9,,6442450944.0,,,5.561181449915824e-07,6.533333333333335e-07,1.2094514783249159e-06,1.2094514783249159e-06,0.0,1.0,
1407,NFCORE_RANGELAND:RANGELAND:PREPROCESSING:PREPROCESS_CONFIG,1763861282000,1763861282000,1,84.2,,6442450944.0,,,0.0,0.0,0.0,0.0,0.0,1.0,
1408,NFCORE_RANGELAND:RANGELAND:PREPROCESSING:PREPROCESS_CONFIG,1763861282000,1763861282000,1,74.2,,6442450944.0,,,0.0,0.0,0.0,0.0,0.0,1.0,
1409,NFCORE_RANGELAND:RANGELAND:PREPROCESSING:PREPROCESS_CONFIG,1763861282000,1763861283000,1,85.6,,6442450944.0,,,6.714204966329966e-07,6.533333333333335e-07,1.32475382996633e-06,1.32475382996633e-06,0.0,1.0,
1410,NFCORE_RANGELAND:RANGELAND:PREPROCESSING:PREPROCESS_CONFIG,1763861283000,1763861283000,1,76.6,,6442450944.0,,,0.0,0.0,0.0,0.0,0.0,1.0,
1411,NFCORE_RANGELAND:RANGELAND:PREPROCESSING:PREPROCESS_CONFIG,1763861283000,1763861284000,1,78.0,,6442450944.0,,,6.118083964646465e-07,6.533333333333335e-07,1.26514172979798e-06,1.26514172979798e-06,0.0,1.0,
1412,NFCORE_RANGELAND:RANGELAND:PREPROCESSING:PREPROCESS_CONFIG,1763861284000,1763861284000,1,68.7,,6442450944.0,,,0.0,0.0,0.0,0.0,0.0,1.0,
1414,NFCORE_RANGELAND:RANGELAND:PREPROCESSING:PREPROCESS_CONFIG,1763861284000,1763861285000,1,70.9,,6442450944.0,,,5.426434895833333e-07,6.533333333333335e-07,1.1959768229166667e-06,1.1959768229166667e-06,0.0,1.0,
1415,NFCORE_RANGELAND:RANGELAND:PREPROCESSING:PREPROCESS_CONFIG,1763861284000,1763861285000,1,57.7,,6442450944.0,,,4.416153645833333e-07,6.533333333333335e-07,1.0949486979166667e-06,1.0949486979166667e-06,0.0,1.0,
1416,NFCORE_RANGELAND:RANGELAND:PREPROCESSING:PREPROCESS_CONFIG,1763861285000,1763861285000,1,65.3,,6442450944.0,,,0.0,0.0,0.0,0.0,0.0,1.0,
1417,NFCORE_RANGELAND:RANGELAND:PREPROCESSING:PREPROCESS_CONFIG,1763861285000,1763861286000,1,75.5,,6442450944.0,,,5.921991529882155e-07,6.533333333333335e-07,1.245532486321549e-06,1.245532486321549e-06,0.0,1.0,
1418,NFCORE_RANGELAND:RANGELAND:PREPROCESSING:PREPROCESS_CONFIG,1763861285000,1763861286000,1,78.0,,6442450944.0,,,6.118083964646465e-07,6.533333333333335e-07,1.26514172979798e-06,1.26514172979798e-06,0.0,1.0,
1419,NFCORE_RANGELAND:RANGELAND:PREPROCESSING:PREPROCESS_CONFIG,1763861286000,1763861286000,1,74.2,,6442450944.0,,,0.0,0.0,0.0,0.0,0.0,1.0,
1420,NFCORE_RANGELAND:RANGELAND:PREPROCESSING:PREPROCESS_CONFIG,1763861286000,1763861286000,1,70.9,,6442450944.0,,,0.0,0.0,0.0,0.0,0.0,1.0,
1421,NFCORE_RANGELAND:RANGELAND:PREPROCESSING:PREPROCESS_CONFIG,1763861286000,1763861287000,1,78.5,,6442450944.0,,,6.157302451599326e-07,6.533333333333335e-07,1.2690635784932661e-06,1.2690635784932661e-06,0.0,1.0,
1422,NFCORE_RANGELAND:RANGELAND:PREPROCESSING:PREPROCESS_CONFIG,1763861287000,1763861287000,1,71.8,,6442450944.0,,,0.0,0.0,0.0,0.0,0.0,1.0,
1423,NFCORE_RANGELAND:RANGELAND:PREPROCESSING:PREPROCESS_CONFIG,1763861287000,1763861287000,1,65.3,,6442450944.0,,,0.0,0.0,0.0,0.0,0.0,1.0,
1424,NFCORE_RANGELAND:RANGELAND:PREPROCESSING:PREPROCESS_CONFIG,1763861287000,1763861288000,1,66.3,,6442450944.0,,,5.074367187499998e-07,6.533333333333335e-07,1.1607700520833334e-06,1.1607700520833334e-06,0.0,1.0,
1425,NFCORE_RANGELAND:RANGELAND:PREPROCESSING:PREPROCESS_CONFIG,1763861288000,1763861288000,1,58.8,,6442450944.0,,,0.0,0.0,0.0,0.0,0.0,1.0,
1426,NFCORE_RANGELAND:RANGELAND:PREPROCESSING:PREPROCESS_CONFIG,1763861288000,1763861288000,1,61.2,,6442450944.0,,,0.0,0.0,0.0,0.0,0.0,1.0,
1427,NFCORE_RANGELAND:RANGELAND:PREPROCESSING:PREPROCESS_CONFIG,1763861288000,1763861289000,1,67.3,,6442450944.0,,,5.278808343855219e-07,6.533333333333335e-07,1.1812141677188553e-06,1.1812141677188553e-06,0.0,1.0,
1428,NFCORE_RANGELAND:RANGELAND:PREPROCESSING:PREPROCESS_CONFIG,1763861289000,1763861289000,1,60.1,,6442450944.0,,,0.0,0.0,0.0,0.0,0.0,1.0,
1429,NFCORE_RANGELAND:RANGELAND:PREPROCESSING:PREPROCESS_CONFIG,1763861289000,1763861290000,1,69.3,,6442450944.0,,,5.3039765625e-07,6.533333333333335e-07,1.1837309895833334e-06,1.1837309895833334e-06,0.0,1.0,
1430,NFCORE_RANGELAND:RANGELAND:PREPROCESSING:PREPROCESS_CONFIG,1763861289000,1763861290000,1,66.5,,6442450944.0,,,5.216058764730639e-07,6.533333333333335e-07,1.1749392098063974e-06,1.1749392098063974e-06,0.0,1.0,
1431,NFCORE_RANGELAND:RANGELAND:PREPROCESSING:PREPROCESS_CONFIG,1763861290000,1763861290000,1,68.9,,6442450944.0,,,0.0,0.0,0.0,0.0,0.0,1.0,
1432,NFCORE_RANGELAND:RANGELAND:PREPROCESSING:PREPROCESS_CONFIG,1763861290000,1763861291000,1,71.4,,6442450944.0,,,5.464703124999999e-07,6.533333333333335e-07,1.1998036458333334e-06,1.1998036458333334e-06,0.0,1.0,
1433,NFCORE_RANGELAND:RANGELAND:PREPROCESSING:PREPROCESS_CONFIG,1763861291000,1763861291000,1,69.3,,6442450944.0,,,0.0,0.0,0.0,0.0,0.0,1.0,
1434,NFCORE_RANGELAND:RANGELAND:PREPROCESSING:PREPROCESS_CONFIG,1763861291000,1763861291000,1,59.3,,6442450944.0,,,0.0,0.0,0.0,0.0,0.0,1.0,
1435,NFCORE_RANGELAND:RANGELAND:PREPROCESSING:PREPROCESS_CONFIG,1763861291000,1763861292000,1,69.2,,6442450944.0,,,5.296322916666666e-07,6.533333333333335e-07,1.182965625e-06,1.182965625e-06,0.0,1.0,
1436,NFCORE_RANGELAND:RANGELAND:PREPROCESSING:PREPROCESS_CONFIG,1763861292000,1763861292000,1,64.2,,6442450944.0,,,0.0,0.0,0.0,0.0,0.0,1.0,
1437,NFCORE_RANGELAND:RANGELAND:PREPROCESSING:PREPROCESS_CONFIG,1763861292000,1763861292000,1,72.4,,6442450944.0,,,0.0,0.0,0.0,0.0,0.0,1.0,
1438,NFCORE_RANGELAND:RANGELAND:PREPROCESSING:PREPROCESS_CONFIG,1763861292000,1763861293000,1,60.5,,6442450944.0,,,4.7454369212962956e-07,6.533333333333335e-07,1.127877025462963e-06,1.127877025462963e-06,0.0,1.0,
1439,NFCORE_RANGELAND:RANGELAND:PREPROCESSING:PREPROCESS_CONFIG,1763861293000,1763861293000,1,66.7,,6442450944.0,,,0.0,0.0,0.0,0.0,0.0,1.0,
1440,NFCORE_RANGELAND:RANGELAND:PREPROCESSING:PREPROCESS_CONFIG,1763861293000,1763861293000,1,68.9,,6442450944.0,,,0.0,0.0,0.0,0.0,0.0,1.0,
1441,NFCORE_RANGELAND:RANGELAND:PREPROCESSING:PREPROCESS_CONFIG,1763861293000,1763861294000,1,45.3,,6442450944.0,,,3.5531949179292924e-07,6.533333333333335e-07,1.0086528251262626e-06,1.0086528251262626e-06,0.0,1.0,
1442,NFCORE_RANGELAND:RANGELAND:PREPROCESSING:PREPROCESS_CONFIG,1763861294000,1763861294000,1,74.6,,6442450944.0,,,0.0,0.0,0.0,0.0,0.0,1.0,
1443,NFCORE_RANGELAND:RANGELAND:PREPROCESSING:PREPROCESS_CONFIG,1763861294000,1763861294000,1,65.5,,6442450944.0,,,0.0,0.0,0.0,0.0,0.0,1.0,
1444,NFCORE_RANGELAND:RANGELAND:PREPROCESSING:PREPROCESS_CONFIG,1763861294000,1763861295000,1,71.6,,6442450944.0,,,5.61608733164983e-07,6.533333333333335e-07,1.2149420664983166e-06,1.2149420664983166e-06,0.0,1.0,
1445,NFCORE_RANGELAND:RANGELAND:PREPROCESSING:PREPROCESS_CONFIG,1763861295000,1763861295000,1,62.6,,6442450944.0,,,0.0,0.0,0.0,0.0,0.0,1.0,
1447,NFCORE_RANGELAND:RANGELAND:PREPROCESSING:PREPROCESS_CONFIG,1763861295000,1763861296000,1,77.8,,6442450944.0,,,6.016422821969699e-07,6.533333333333335e-07,1.2549756155303034e-06,1.2549756155303034e-06,0.0,1.0,
1448,NFCORE_RANGELAND:RANGELAND:PREPROCESSING:PREPROCESS_CONFIG,1763861296000,1763861296000,1,63.5,,6442450944.0,,,0.0,0.0,0.0,0.0,0.0,1.0,
1449,NFCORE_RANGELAND:RANGELAND:PREPROCESSING:PREPROCESS_CONFIG,1763861296000,1763861297000,1,67.3,,6442450944.0,,,5.204437736742427e-07,6.533333333333335e-07,1.173777107007576e-06,1.173777107007576e-06,0.0,1.0,
1450,NFCORE_RANGELAND:RANGELAND:PREPROCESSING:PREPROCESS_CONFIG,1763861296000,1763861297000,1,75.5,,6442450944.0,,,5.921991529882155e-07,6.533333333333335e-07,1.245532486321549e-06,1.245532486321549e-06,0.0,1.0,
1451,NFCORE_RANGELAND:RANGELAND:PREPROCESSING:PREPROCESS_CONFIG,1763861297000,1763861297000,1,65.5,,6442450944.0,,,0.0,0.0,0.0,0.0,0.0,1.0,
1452,NFCORE_RANGELAND:RANGELAND:PREPROCESSING:PREPROCESS_CONFIG,1763861297000,1763861297000,1,74.6,,6442450944.0,,,0.0,0.0,0.0,0.0,0.0,1.0,
1453,NFCORE_RANGELAND:RANGELAND:PREPROCESSING:PREPROCESS_CONFIG,1763861297000,1763861298000,1,61.0,,6442450944.0,,,4.784655408249158e-07,6.533333333333335e-07,1.1317988741582493e-06,1.1317988741582493e-06,0.0,1.0,
1454,NFCORE_RANGELAND:RANGELAND:PREPROCESSING:PREPROCESS_CONFIG,1763861298000,1763861298000,1,71.5,,6442450944.0,,,0.0,0.0,0.0,0.0,0.0,1.0,
1455,NFCORE_RANGELAND:RANGELAND:PREPROCESSING:PREPROCESS_CONFIG,1763861298000,1763861298000,1,58.0,,6442450944.0,,,0.0,0.0,0.0,0.0,0.0,1.0,
1456,NFCORE_RANGELAND:RANGELAND:PREPROCESSING:PREPROCESS_CONFIG,1763861298000,1763861299000,1,69.4,,6442450944.0,,,5.366834753787881e-07,6.533333333333335e-07,1.1900168087121216e-06,1.1900168087121216e-06,0.0,1.0,
1457,NFCORE_RANGELAND:RANGELAND:PREPROCESSING:PREPROCESS_CONFIG,1763861299000,1763861299000,1,70.1,,6442450944.0,,,0.0,0.0,0.0,0.0,0.0,1.0,
1458,NFCORE_RANGELAND:RANGELAND:PREPROCESSING:PREPROCESS_CONFIG,1763861299000,1763861299000,1,61.2,,6442450944.0,,,0.0,0.0,0.0,0.0,0.0,1.0,
1459,NFCORE_RANGELAND:RANGELAND:PREPROCESSING:PREPROCESS_CONFIG,1763861299000,1763861300000,1,77.8,,6442450944.0,,,6.102396569865319e-07,6.533333333333335e-07,1.2635729903198654e-06,1.2635729903198654e-06,0.0,1.0,
1460,NFCORE_RANGELAND:RANGELAND:PREPROCESSING:PREPROCESS_CONFIG,1763861300000,1763861300000,1,65.9,,6442450944.0,,,0.0,0.0,0.0,0.0,0.0,1.0,
1461,NFCORE_RANGELAND:RANGELAND:PREPROCESSING:PREPROCESS_CONFIG,1763861300000,1763861300000,1,73.7,,6442450944.0,,,0.0,0.0,0.0,0.0,0.0,1.0,
1462,NFCORE_RANGELAND:RANGELAND:PREPROCESSING:PREPROCESS_CONFIG,1763861300000,1763861301000,1,70.4,,6442450944.0,,,5.521962962962962e-07,6.533333333333335e-07,1.2055296296296296e-06,1.2055296296296296e-06,0.0,1.0,
1463,NFCORE_RANGELAND:RANGELAND:PREPROCESSING:PREPROCESS_CONFIG,1763861301000,1763861301000,1,61.7,,6442450944.0,,,0.0,0.0,0.0,0.0,0.0,1.0,
1464,NFCORE_RANGELAND:RANGELAND:PREPROCESSING:PREPROCESS_CONFIG,1763861301000,1763861301000,1,63.8,,6442450944.0,,,0.0,0.0,0.0,0.0,0.0,1.0,
1465,NFCORE_RANGELAND:RANGELAND:PREPROCESSING:PREPROCESS_CONFIG,1763861301000,1763861302000,1,69.9,,6442450944.0,,,5.405500710227275e-07,6.533333333333335e-07,1.193883404356061e-06,1.193883404356061e-06,0.0,1.0,
1466,NFCORE_RANGELAND:RANGELAND:PREPROCESSING:PREPROCESS_CONFIG,1763861302000,1763861302000,1,74.0,,6442450944.0,,,0.0,0.0,0.0,0.0,0.0,1.0,
1467,NFCORE_RANGELAND:RANGELAND:PREPROCESSING:PREPROCESS_CONFIG,1763861302000,1763861302000,1,73.4,,6442450944.0,,,0.0,0.0,0.0,0.0,0.0,1.0,
1468,NFCORE_RANGELAND:RANGELAND:PREPROCESSING:PREPROCESS_CONFIG,1763861302000,1763861303000,1,63.1,,6442450944.0,,,4.949373053451178e-07,6.533333333333335e-07,1.1482706386784512e-06,1.1482706386784512e-06,0.0,1.0,
1469,NFCORE_RANGELAND:RANGELAND:PREPROCESSING:PREPROCESS_CONFIG,1763861303000,1763861303000,1,67.5,,6442450944.0,,,0.0,0.0,0.0,0.0,0.0,1.0,
1470,NFCORE_RANGELAND:RANGELAND:PREPROCESSING:PREPROCESS_CONFIG,1763861303000,1763861303000,1,65.0,,6442450944.0,,,0.0,0.0,0.0,0.0,0.0,1.0,
1471,NFCORE_RANGELAND:RANGELAND:PREPROCESSING:PREPROCESS_CONFIG,1763861303000,1763861304000,1,54.5,,6442450944.0,,,4.2748150778619526e-07,6.533333333333335e-07,1.0808148411195287e-06,1.0808148411195287e-06,0.0,1.0,
1472,NFCORE_RANGELAND:RANGELAND:PREPROCESSING:PREPROCESS_CONFIG,1763861304000,1763861304000,1,72.5,,6442450944.0,,,0.0,0.0,0.0,0.0,0.0,1.0,
1473,NFCORE_RANGELAND:RANGELAND:PREPROCESSING:PREPROCESS_CONFIG,1763861304000,1763861305000,1,89.8,,6442450944.0,,,6.872973958333332e-07,6.533333333333335e-07,1.3406307291666668e-06,1.3406307291666668e-06,0.0,1.0,
1474,NFCORE_RANGELAND:RANGELAND:PREPROCESSING:PREPROCESS_CONFIG,1763861305000,1763861305000,1,72.2,,6442450944.0,,,0.0,0.0,0.0,0.0,0.0,1.0,
1475,NFCORE_RANGELAND:RANGELAND:PREPROCESSING:PREPROCESS_CONFIG,1763861305000,1763861305000,1,76.5,,6442450944.0,,,0.0,0.0,0.0,0.0,0.0,1.0,
1476,NFCORE_RANGELAND:RANGELAND:PREPROCESSING:PREPROCESS_CONFIG,1763861305000,1763861306000,1,73.1,,6442450944.0,,,5.652962831439395e-07,6.533333333333335e-07,1.218629616477273e-06,1.218629616477273e-06,0.0,1.0,
1477,NFCORE_RANGELAND:RANGELAND:PREPROCESSING:PREPROCESS_CONFIG,1763861305000,1763861306000,1,62.4,,6442450944.0,,,4.894467171717172e-07,6.533333333333335e-07,1.1427800505050507e-06,1.1427800505050507e-06,0.0,1.0,
1478,NFCORE_RANGELAND:RANGELAND:PREPROCESSING:PREPROCESS_CONFIG,1763861306000,1763861307000,1,64.9,,6442450944.0,,,5.018841145833336e-07,6.533333333333335e-07,1.155217447916667e-06,1.155217447916667e-06,0.0,1.0,
1480,NFCORE_RANGELAND:RANGELAND:PREPROCESSING:PREPROCESS_CONFIG,1763861307000,1763861307000,1,73.2,,6442450944.0,,,0.0,0.0,0.0,0.0,0.0,1.0,
1481,NFCORE_RANGELAND:RANGELAND:PREPROCESSING:PREPROCESS_CONFIG,1763861307000,1763861307000,1,87.4,,6442450944.0,,,0.0,0.0,0.0,0.0,0.0,1.0,
1482,NFCORE_RANGELAND:RANGELAND:PREPROCESSING:PREPROCESS_CONFIG,1763861307000,1763861308000,1,85.0,,6442450944.0,,,6.505598958333333e-07,6.533333333333335e-07,1.3038932291666667e-06,1.3038932291666667e-06,0.0,1.0,
1483,NFCORE_RANGELAND:RANGELAND:PREPROCESSING:PREPROCESS_CONFIG,1763861308000,1763861308000,1,73.0,,6442450944.0,,,0.0,0.0,0.0,0.0,0.0,1.0,
1484,NFCORE_RANGELAND:RANGELAND:PREPROCESSING:PREPROCESS_CONFIG,1763861308000,1763861308000,1,67.9,,6442450944.0,,,0.0,0.0,0.0,0.0,0.0,1.0,
1485,NFCORE_RANGELAND:RANGELAND:PREPROCESSING:PREPROCESS_CONFIG,1763861308000,1763861309000,1,75.6,,6442450944.0,,,5.786156249999999e-07,6.533333333333335e-07,1.2319489583333332e-06,1.2319489583333332e-06,0.0,1.0,
1486,NFCORE_RANGELAND:RANGELAND:PREPROCESSING:PREPROCESS_CONFIG,1763861309000,1763861309000,1,73.2,,6442450944.0,,,0.0,0.0,0.0,0.0,0.0,1.0,
1487,NFCORE_RANGELAND:RANGELAND:PREPROCESSING:PREPROCESS_CONFIG,1763861309000,1763861309000,1,74.7,,6442450944.0,,,0.0,0.0,0.0,0.0,0.0,1.0,
1488,NFCORE_RANGELAND:RANGELAND:PREPROCESSING:PREPROCESS_CONFIG,1763861309000,1763861310000,1,63.5,,6442450944.0,,,4.980747843013466e-07,6.533333333333335e-07,1.15140811763468e-06,1.15140811763468e-06,0.0,1.0,
1489,NFCORE_RANGELAND:RANGELAND:PREPROCESSING:PREPROCESS_CONFIG,1763861309000,1763861310000,1,72.5,,6442450944.0,,,5.606563683712123e-07,6.533333333333335e-07,1.2139897017045459e-06,1.2139897017045459e-06,0.0,1.0,
1490,NFCORE_RANGELAND:RANGELAND:PREPROCESSING:PREPROCESS_CONFIG,1763861310000,1763861310000,1,72.7,,6442450944.0,,,0.0,0.0,0.0,0.0,0.0,1.0,
1491,NFCORE_RANGELAND:RANGELAND:PREPROCESSING:PREPROCESS_CONFIG,1763861310000,1763861310000,1,64.2,,6442450944.0,,,0.0,0.0,0.0,0.0,0.0,1.0,
1492,NFCORE_RANGELAND:RANGELAND:PREPROCESSING:PREPROCESS_CONFIG,1763861310000,1763861310000,1,78.0,,6442450944.0,,,0.0,0.0,0.0,0.0,0.0,1.0,
1493,NFCORE_RANGELAND:RANGELAND:PREPROCESSING:PREPROCESS_CONFIG,1763861310000,1763861311000,1,74.9,,6442450944.0,,,5.874929345538721e-07,6.533333333333335e-07,1.2408262678872055e-06,1.2408262678872055e-06,0.0,1.0,
1494,NFCORE_RANGELAND:RANGELAND:PREPROCESSING:PREPROCESS_CONFIG,1763861311000,1763861311000,1,74.4,,6442450944.0,,,0.0,0.0,0.0,0.0,0.0,1.0,
1495,NFCORE_RANGELAND:RANGELAND:PREPROCESSING:PREPROCESS_CONFIG,1763861311000,1763861311000,1,77.1,,6442450944.0,,,0.0,0.0,0.0,0.0,0.0,1.0,
1496,NFCORE_RANGELAND:RANGELAND:PREPROCESSING:PREPROCESS_CONFIG,1763861311000,1763861311000,1,69.7,,6442450944.0,,,0.0,0.0,0.0,0.0,0.0,1.0,
1497,NFCORE_RANGELAND:RANGELAND:PREPROCESSING:PREPROCESS_CONFIG,1763861311000,1763861312000,1,68.7,,6442450944.0,,,5.2580546875e-07,6.533333333333335e-07,1.1791388020833334e-06,1.1791388020833334e-06,0.0,1.0,
1498,NFCORE_RANGELAND:RANGELAND:PREPROCESSING:PREPROCESS_CONFIG,1763861312000,1763861312000,1,49.5,,6442450944.0,,,0.0,0.0,0.0,0.0,0.0,1.0,
1499,NFCORE_RANGELAND:RANGELAND:PREPROCESSING:PREPROCESS_CONFIG,1763861312000,1763861312000,1,66.3,,6442450944.0,,,0.0,0.0,0.0,0.0,0.0,1.0,
1500,NFCORE_RANGELAND:RANGELAND:PREPROCESSING:PREPROCESS_CONFIG,1763861312000,1763861313000,1,70.7,,6442450944.0,,,5.411127604166665e-07,6.533333333333335e-07,1.19444609375e-06,1.19444609375e-06,0.0,1.0,
1501,NFCORE_RANGELAND:RANGELAND:PREPROCESSING:PREPROCESS_CONFIG,1763861313000,1763861313000,1,68.1,,6442450944.0,,,0.0,0.0,0.0,0.0,0.0,1.0,
1502,NFCORE_RANGELAND:RANGELAND:PREPROCESSING:PREPROCESS_CONFIG,1763861313000,1763861313000,1,78.0,,6442450944.0,,,0.0,0.0,0.0,0.0,0.0,1.0,
1503,NFCORE_RANGELAND:RANGELAND:PREPROCESSING:PREPROCESS_CONFIG,1763861313000,1763861313000,1,66.8,,6442450944.0,,,0.0,0.0,0.0,0.0,0.0,1.0,
1504,NFCORE_RANGELAND:RANGELAND:PREPROCESSING:PREPROCESS_CONFIG,1763861313000,1763861314000,1,71.3,,6442450944.0,,,5.457049479166665e-07,6.533333333333335e-07,1.19903828125e-06,1.19903828125e-06,0.0,1.0,
1505,NFCORE_RANGELAND:RANGELAND:PREPROCESSING:PREPROCESS_CONFIG,1763861313000,1763861314000,1,67.4,,6442450944.0,,,5.286652041245791e-07,6.533333333333335e-07,1.1819985374579125e-06,1.1819985374579125e-06,0.0,1.0,
1506,NFCORE_RANGELAND:RANGELAND:PREPROCESSING:PREPROCESS_CONFIG,1763861313000,1763861314000,1,73.1,,6442450944.0,,,5.652962831439395e-07,6.533333333333335e-07,1.218629616477273e-06,1.218629616477273e-06,0.0,1.0,
1507,NFCORE_RANGELAND:RANGELAND:PREPROCESSING:PREPROCESS_CONFIG,1763861314000,1763861314000,1,66.9,,6442450944.0,,,0.0,0.0,0.0,0.0,0.0,1.0,
1508,NFCORE_RANGELAND:RANGELAND:PREPROCESSING:PREPROCESS_CONFIG,1763861314000,1763861314000,1,77.8,,6442450944.0,,,0.0,0.0,0.0,0.0,0.0,1.0,
1509,NFCORE_RANGELAND:RANGELAND:PREPROCESSING:PREPROCESS_CONFIG,1763861315000,1763861315000,1,62.9,,6442450944.0,,,0.0,0.0,0.0,0.0,0.0,1.0,
1510,NFCORE_RANGELAND:RANGELAND:PREPROCESSING:PREPROCESS_CONFIG,1763861315000,1763861315000,1,74.9,,6442450944.0,,,0.0,0.0,0.0,0.0,0.0,1.0,
1511,NFCORE_RANGELAND:RANGELAND:PREPROCESSING:PREPROCESS_CONFIG,1763861316000,1763861316000,1,76.6,,6442450944.0,,,0.0,0.0,0.0,0.0,0.0,1.0,
1513,NFCORE_RANGELAND:RANGELAND:PREPROCESSING:PREPROCESS_CONFIG,1763861316000,1763861316000,1,83.1,,6442450944.0,,,0.0,0.0,0.0,0.0,0.0,1.0,
1514,NFCORE_RANGELAND:RANGELAND:PREPROCESSING:PREPROCESS_CONFIG,1763861316000,1763861316000,1,76.9,,6442450944.0,,,0.0,0.0,0.0,0.0,0.0,1.0,
1515,NFCORE_RANGELAND:RANGELAND:PREPROCESSING:PREPROCESS_CONFIG,1763861316000,1763861317000,1,61.0,,6442450944.0,,,4.6687239583333325e-07,6.533333333333335e-07,1.1202057291666667e-06,1.1202057291666667e-06,0.0,1.0,
1516,NFCORE_RANGELAND:RANGELAND:PREPROCESSING:PREPROCESS_CONFIG,1763861317000,1763861317000,1,64.7,,6442450944.0,,,0.0,0.0,0.0,0.0,0.0,1.0,
1517,NFCORE_RANGELAND:RANGELAND:PREPROCESSING:PREPROCESS_CONFIG,1763861317000,1763861317000,1,73.9,,6442450944.0,,,0.0,0.0,0.0,0.0,0.0,1.0,
1518,NFCORE_RANGELAND:RANGELAND:PREPROCESSING:PREPROCESS_CONFIG,1763861317000,1763861318000,1,81.0,,6442450944.0,,,6.199453124999999e-07,6.533333333333335e-07,1.2732786458333333e-06,1.2732786458333333e-06,0.0,1.0,
1519,NFCORE_RANGELAND:RANGELAND:PREPROCESSING:PREPROCESS_CONFIG,1763861318000,1763861318000,1,60.5,,6442450944.0,,,0.0,0.0,0.0,0.0,0.0,1.0,
1531,NFCORE_RANGELAND:RANGELAND:PREPROCESSING:FORCE_PREPROCESS,1763861322000,1763861356000,6,171.4,,38654705664.0,,,4.6824833449074076e-05,0.00013328000000000002,0.0001801048334490741,0.0001801048334490741,0.0,1.0,
1083,NFCORE_RANGELAND:RANGELAND:PREPROCESSING:FORCE_PREPROCESS,1763861208000,1763861375000,6,120.2,,38654705664.0,,,0.00015523144199810612,0.0006546400000000001,0.0008098714419981062,0.0008098714419981062,0.0,1.0,
1050,NFCORE_RANGELAND:RANGELAND:PREPROCESSING:FORCE_PREPROCESS,1763861174000,1763861396000,6,178.7,,38654705664.0,,,0.00030363084531249995,0.00087024,0.0011738708453125,0.0011738708453125,0.0,1.0,
1116,NFCORE_RANGELAND:RANGELAND:PREPROCESSING:FORCE_PREPROCESS,1763861258000,1763861399000,6,189.6,,38654705664.0,,,0.00020969026856060602,0.00055272,0.0007624102685606061,0.0007624102685606061,0.0,1.0,
1182,NFCORE_RANGELAND:RANGELAND:PREPROCESSING:FORCE_PREPROCESS,1763861222000,1763861394000,6,189.9,,38654705664.0,,,0.0002624459760416667,0.0006742400000000001,0.0009366859760416668,0.0009366859760416668,0.0,1.0,
1248,NFCORE_RANGELAND:RANGELAND:PREPROCESSING:FORCE_PREPROCESS,1763861234000,1763861376000,6,187.4,,38654705664.0,,,0.00021381808599537036,0.00055664,0.0007704580859953703,0.0007704580859953703,0.0,1.0,
1314,NFCORE_RANGELAND:RANGELAND:PREPROCESSING:FORCE_PREPROCESS,1763861251000,1763861390000,6,190.0,,38654705664.0,,,0.00020423358191287884,0.0005448800000000001,0.0007491135819128789,0.0007491135819128789,0.0,1.0,
555,NFCORE_RANGELAND:RANGELAND:PREPROCESSING:FORCE_PREPROCESS,1763861023000,1763861409000,6,136.1,,38654705664.0,,,0.0004120655049347642,0.00151312,0.0019251855049347642,0.0019251855049347642,0.0,1.0,
1347,NFCORE_RANGELAND:RANGELAND:PREPROCESSING:FORCE_PREPROCESS,1763861262000,1763861404000,6,188.8,,38654705664.0,,,0.0002051911833333333,0.00055664,0.0007618311833333332,0.0007618311833333332,0.0,1.0,
1380,NFCORE_RANGELAND:RANGELAND:PREPROCESSING:FORCE_PREPROCESS,1763861272000,1763861412000,6,189.8,,38654705664.0,,,0.0002033726770833333,0.0005488000000000001,0.0007521726770833334,0.0007521726770833334,0.0,1.0,
1215,NFCORE_RANGELAND:RANGELAND:PREPROCESSING:FORCE_PREPROCESS,1763861249000,1763861405000,6,186.3,,38654705664.0,,,0.00022795980852272728,0.00061152,0.0008394798085227274,0.0008394798085227274,0.0,1.0,
1281,NFCORE_RANGELAND:RANGELAND:PREPROCESSING:FORCE_PREPROCESS,1763861269000,1763861405000,6,190.1,,38654705664.0,,,0.0002077339752314815,0.0005331200000000001,0.0007408539752314816,0.0007408539752314816,0.0,1.0,
1725,NFCORE_RANGELAND:RANGELAND:PREPROCESSING:FORCE_PREPROCESS,1763861396000,1763861430000,6,172.6,,38654705664.0,,,4.71526619212963e-05,0.00013328000000000002,0.00018043266192129632,0.00018043266192129632,0.0,1.0,
1413,NFCORE_RANGELAND:RANGELAND:PREPROCESSING:FORCE_PREPROCESS,1763861283000,1763861424000,6,188.3,,38654705664.0,,,0.00020825251882891413,0.00055272,0.0007609725188289141,0.0007609725188289141,0.0,1.0,
1764,NFCORE_RANGELAND:RANGELAND:PREPROCESSING:FORCE_PREPROCESS,1763861398000,1763861435000,6,169.4,,38654705664.0,,,4.7971521354166665e-05,0.00014504,0.00019301152135416667,0.00019301152135416667,0.0,1.0,
1520,NFCORE_RANGELAND:RANGELAND:PREPROCESSING:FORCE_PREPROCESS,1763861320000,1763861459000,6,188.8,,38654705664.0,,,0.00021086441574074075,0.0005448800000000001,0.0007557444157407408,0.0007557444157407408,0.0,1.0,
1522,NFCORE_RANGELAND:RANGELAND:PREPROCESSING:FORCE_PREPROCESS,1763861319000,1763861466000,6,188.0,,38654705664.0,,,0.00021371447443181823,0.00057624,0.0007899544744318182,0.0007899544744318182,0.0,1.0,
1525,NFCORE_RANGELAND:RANGELAND:PREPROCESSING:FORCE_PREPROCESS,1763861320000,1763861461000,6,188.0,,38654705664.0,,,0.00020792073042929292,0.00055272,0.0007606407304292929,0.0007606407304292929,0.0,1.0,
1512,NFCORE_RANGELAND:RANGELAND:PREPROCESSING:FORCE_PREPROCESS,1763861315000,1763861477000,6,184.7,,38654705664.0,,,0.00022900779843749994,0.0006350399999999999,0.0008640477984374999,0.0008640477984374999,0.0,1.0,
1479,NFCORE_RANGELAND:RANGELAND:PREPROCESSING:FORCE_PREPROCESS,1763861359000,1763861498000,6,189.5,,38654705664.0,,,0.00021164622236689813,0.0005448800000000001,0.0007565262223668982,0.0007565262223668982,0.0,1.0,
1526,NFCORE_RANGELAND:RANGELAND:PREPROCESSING:FORCE_PREPROCESS,1763861377000,1763861517000,6,188.7,,38654705664.0,,,0.00020429544744318188,0.0005488000000000001,0.000753095447443182,0.000753095447443182,0.0,1.0,
1721,NFCORE_RANGELAND:RANGELAND:PREPROCESSING:FORCE_PREPROCESS,1763861379000,1763861525000,6,190.4,,38654705664.0,,,0.00022336046574074074,0.00057232,0.0007956804657407407,0.0007956804657407407,0.0,1.0,
1521,NFCORE_RANGELAND:RANGELAND:PREPROCESSING:FORCE_PREPROCESS,1763861320000,1763861541000,6,186.0,,38654705664.0,,,0.0003146107656249999,0.00086632,0.0011809307656249998,0.0011809307656249998,0.0,1.0,
1524,NFCORE_RANGELAND:RANGELAND:PREPROCESSING:FORCE_PREPROCESS,1763861408000,1763861548000,6,189.7,,38654705664.0,,,0.00021339383738425925,0.0005488000000000001,0.0007621938373842594,0.0007621938373842594,0.0,1.0,
1523,NFCORE_RANGELAND:RANGELAND:PREPROCESSING:FORCE_PREPROCESS,1763861408000,1763861547000,6,190.3,,38654705664.0,,,0.0002074791302662037,0.0005448800000000001,0.0007523591302662038,0.0007523591302662038,0.0,1.0,
1665,NFCORE_RANGELAND:RANGELAND:PREPROCESSING:FORCE_PREPROCESS,1763861412000,1763861548000,6,188.3,,38654705664.0,,,0.00020086767773569024,0.0005331200000000001,0.0007339876777356903,0.0007339876777356903,0.0,1.0,
1777,NFCORE_RANGELAND:RANGELAND:PREPROCESSING:FORCE_PREPROCESS,1763861406000,1763861560000,6,189.4,,38654705664.0,,,0.00022323848020833328,0.00060368,0.0008269184802083332,0.0008269184802083332,0.0,1.0,
1821,NFCORE_RANGELAND:RANGELAND:PREPROCESSING:FORCE_PREPROCESS,1763861528000,1763861565000,6,169.8,,38654705664.0,,,5.0480763715277784e-05,0.00014504,0.00019552076371527778,0.00019552076371527778,0.0,1.0,
1810,NFCORE_RANGELAND:RANGELAND:PREPROCESSING:FORCE_PREPROCESS,1763861415000,1763861570000,6,188.6,,38654705664.0,,,0.00022373902864583327,0.0006076,0.0008313390286458333,0.0008313390286458333,0.0,1.0,
1823,NFCORE_RANGELAND:RANGELAND:PREPROCESSING:FORCE_PREPROCESS,1763861550000,1763861587000,6,168.1,,38654705664.0,,,4.997536148726852e-05,0.00014504,0.00019501536148726852,0.00019501536148726852,0.0,1.0,
1812,NFCORE_RANGELAND:RANGELAND:PREPROCESSING:FORCE_PREPROCESS,1763861433000,1763861589000,6,188.8,,38654705664.0,,,0.00023665358888888893,0.00061152,0.000848173588888889,0.000848173588888889,0.0,1.0,
1149,NFCORE_RANGELAND:RANGELAND:PREPROCESSING:FORCE_PREPROCESS,1763861202000,1763861581000,6,133.1,,38654705664.0,,,0.00039010006119791674,0.0014856799999999999,0.0018757800611979166,0.0018757800611979166,0.0,1.0,
1813,NFCORE_RANGELAND:RANGELAND:PREPROCESSING:FORCE_PREPROCESS,1763861437000,1763861591000,6,190.6,,38654705664.0,,,0.0002246528739583333,0.00060368,0.0008283328739583333,0.0008283328739583333,0.0,1.0,
1776,NFCORE_RANGELAND:RANGELAND:PREPROCESSING:FORCE_PREPROCESS,1763861401000,1763861609000,6,188.3,,38654705664.0,,,0.00030720938947811444,0.00081536,0.0011225693894781144,0.0011225693894781144,0.0,1.0,
1814,NFCORE_RANGELAND:RANGELAND:PREPROCESSING:FORCE_PREPROCESS,1763861461000,1763861608000,6,188.1,,38654705664.0,,,0.00022217369453125,0.00057624,0.00079841369453125,0.00079841369453125,0.0,1.0,
1815,NFCORE_RANGELAND:RANGELAND:PREPROCESSING:FORCE_PREPROCESS,1763861469000,1763861625000,6,186.9,,38654705664.0,,,0.00022547201846590917,0.00061152,0.0008369920184659092,0.0008369920184659092,0.0,1.0,
1818,NFCORE_RANGELAND:RANGELAND:PREPROCESSING:FORCE_PREPROCESS,1763861479000,1763861638000,6,186.3,,38654705664.0,,,0.00022671400078125,0.00062328,0.00084999400078125,0.00084999400078125,0.0,1.0,
1819,NFCORE_RANGELAND:RANGELAND:PREPROCESSING:FORCE_PREPROCESS,1763861500000,1763861653000,6,189.7,,38654705664.0,,,0.00023320897942708332,0.0005997600000000001,0.0008329689794270834,0.0008329689794270834,0.0,1.0,
1820,NFCORE_RANGELAND:RANGELAND:PREPROCESSING:FORCE_PREPROCESS,1763861519000,1763861668000,6,190.8,,38654705664.0,,,0.00021984844176136374,0.0005840800000000001,0.0008039284417613638,0.0008039284417613638,0.0,1.0,
1835,NFCORE_RANGELAND:RANGELAND:PREPROCESSING:FORCE_PREPROCESS,1763861640000,1763861677000,6,169.2,,38654705664.0,,,4.791488437499999e-05,0.00014504,0.000192954884375,0.000192954884375,0.0,1.0,
1822,NFCORE_RANGELAND:RANGELAND:PREPROCESSING:FORCE_PREPROCESS,1763861543000,1763861691000,6,191.1,,38654705664.0,,,0.00021646653437499994,0.00058016,0.0007966265343749999,0.0007966265343749999,0.0,1.0,
1817,NFCORE_RANGELAND:RANGELAND:PREPROCESSING:FORCE_PREPROCESS,1763861464000,1763861698000,6,166.1,,38654705664.0,,,0.0003048641239583333,0.00091728,0.0012221441239583333,0.0012221441239583333,0.0,1.0,
1824,NFCORE_RANGELAND:RANGELAND:PREPROCESSING:FORCE_PREPROCESS,1763861550000,1763861699000,6,190.3,,38654705664.0,,,0.00022240568640046295,0.0005840800000000001,0.000806485686400463,0.000806485686400463,0.0,1.0,
1826,NFCORE_RANGELAND:RANGELAND:PREPROCESSING:FORCE_PREPROCESS,1763861563000,1763861715000,6,189.3,,38654705664.0,,,0.00022022294374999998,0.00059584,0.00081606294375,0.00081606294375,0.0,1.0,
1825,NFCORE_RANGELAND:RANGELAND:PREPROCESSING:FORCE_PREPROCESS,1763861551000,1763861710000,6,185.7,,38654705664.0,,,0.00023159536226325755,0.00062328,0.0008548753622632575,0.0008548753622632575,0.0,1.0,
1828,NFCORE_RANGELAND:RANGELAND:PREPROCESSING:FORCE_PREPROCESS,1763861573000,1763861725000,6,189.5,,38654705664.0,,,0.0002204556145833333,0.00059584,0.0008162956145833333,0.0008162956145833333,0.0,1.0,
984,NFCORE_RANGELAND:RANGELAND:PREPROCESSING:FORCE_PREPROCESS,1763861154000,1763861725000,6,126.0,,38654705664.0,,,0.0005563721803977275,0.0022383200000000002,0.0027946921803977277,0.0027946921803977277,0.0,1.0,
1827,NFCORE_RANGELAND:RANGELAND:PREPROCESSING:FORCE_PREPROCESS,1763861568000,1763861732000,6,189.1,,38654705664.0,,,0.00024918499293981485,0.00064288,0.0008920649929398148,0.0008920649929398148,0.0,1.0,
1830,NFCORE_RANGELAND:RANGELAND:PREPROCESSING:FORCE_PREPROCESS,1763861590000,1763861740000,6,190.7,,38654705664.0,,,0.00022984150607638888,0.000588,0.0008178415060763888,0.0008178415060763888,0.0,1.0,
1719,NFCORE_RANGELAND:RANGELAND:PREPROCESSING:FORCE_PREPROCESS,1763861393000,1763861753000,6,135.4,,38654705664.0,,,0.0003769466761363638,0.0014112,0.001788146676136364,0.001788146676136364,0.0,1.0,
1832,NFCORE_RANGELAND:RANGELAND:PREPROCESSING:FORCE_PREPROCESS,1763861592000,1763861744000,6,190.2,,38654705664.0,,,0.0002322953986111111,0.00059584,0.0008281353986111112,0.0008281353986111112,0.0,1.0,
1833,NFCORE_RANGELAND:RANGELAND:PREPROCESSING:FORCE_PREPROCESS,1763861594000,1763861753000,6,190.7,,38654705664.0,,,0.00023206849140624994,0.00062328,0.00085534849140625,0.00085534849140625,0.0,1.0,
1836,NFCORE_RANGELAND:RANGELAND:PREPROCESSING:FORCE_PREPROCESS,1763861611000,1763861765000,6,189.2,,38654705664.0,,,0.00022854024212962956,0.00060368,0.0008322202421296295,0.0008322202421296295,0.0,1.0,
1837,NFCORE_RANGELAND:RANGELAND:PREPROCESSING:FORCE_PREPROCESS,1763861627000,1763861788000,6,189.9,,38654705664.0,,,0.00023643381711647735,0.0006311199999999999,0.0008675538171164772,0.0008675538171164772,0.0,1.0,
1834,NFCORE_RANGELAND:RANGELAND:PREPROCESSING:FORCE_PREPROCESS,1763861610000,1763861761000,6,190.7,,38654705664.0,,,0.0002313737827835648,0.00059192,0.0008232937827835649,0.0008232937827835649,0.0,1.0,
1811,NFCORE_RANGELAND:RANGELAND:PREPROCESSING:FORCE_PREPROCESS,1763861427000,1763861793000,6,144.1,,38654705664.0,,,0.00041368130659722216,0.00143472,0.0018484013065972222,0.0018484013065972222,0.0,1.0,
1838,NFCORE_RANGELAND:RANGELAND:PREPROCESSING:FORCE_PREPROCESS,1763861655000,1763861806000,6,190.2,,38654705664.0,,,0.00023076713940972218,0.00059192,0.0008226871394097222,0.0008226871394097222,0.0,1.0,
1829,NFCORE_RANGELAND:RANGELAND:PREPROCESSING:FORCE_PREPROCESS,1763861584000,1763861821000,6,193.7,,38654705664.0,,,0.00035500683913352275,0.0009290399999999999,0.0012840468391335227,0.0012840468391335227,0.0,1.0,
1446,NFCORE_RANGELAND:RANGELAND:PREPROCESSING:FORCE_PREPROCESS,1763861671000,1763861812000,6,188.3,,38654705664.0,,,0.0002053185486505683,0.00055272,0.0007580385486505683,0.0007580385486505683,0.0,1.0,
1840,NFCORE_RANGELAND:RANGELAND:PREPROCESSING:FORCE_PREPROCESS,1763861694000,1763861849000,6,189.2,,38654705664.0,,,0.0002244508177083333,0.0006076,0.0008320508177083333,0.0008320508177083333,0.0,1.0,
1841,NFCORE_RANGELAND:RANGELAND:PREPROCESSING:FORCE_PREPROCESS,1763861700000,1763861852000,6,191.0,,38654705664.0,,,0.0002277182226430976,0.00059584,0.0008235582226430976,0.0008235582226430976,0.0,1.0,
1843,NFCORE_RANGELAND:RANGELAND:PREPROCESSING:FORCE_PREPROCESS,1763861703000,1763861853000,6,189.8,,38654705664.0,,,0.00022331006470959595,0.000588,0.000811310064709596,0.000811310064709596,0.0,1.0,
1845,NFCORE_RANGELAND:RANGELAND:PREPROCESSING:FORCE_PREPROCESS,1763861718000,1763861871000,6,188.7,,38654705664.0,,,0.00022096917421874995,0.0005997600000000001,0.00082072917421875,0.00082072917421875,0.0,1.0,
1839,NFCORE_RANGELAND:RANGELAND:PREPROCESSING:FORCE_PREPROCESS,1763861679000,1763861875000,6,180.7,,38654705664.0,,,0.0002710707052083333,0.0007683200000000001,0.0010393907052083334,0.0010393907052083334,0.0,1.0,
1844,NFCORE_RANGELAND:RANGELAND:PREPROCESSING:FORCE_PREPROCESS,1763861712000,1763861865000,6,189.4,,38654705664.0,,,0.00022729623172348484,0.0005997600000000001,0.0008270562317234849,0.0008270562317234849,0.0,1.0,
1849,NFCORE_RANGELAND:RANGELAND:PREPROCESSING:FORCE_PREPROCESS,1763861734000,1763861887000,6,187.9,,38654705664.0,,,0.00023099613723958335,0.0005997600000000001,0.0008307561372395834,0.0008307561372395834,0.0,1.0,
1748,NFCORE_RANGELAND:RANGELAND:PREPROCESSING:FORCE_PREPROCESS,1763861746000,1763861909000,6,189.7,,38654705664.0,,,0.0002484513963831018,0.0006389599999999999,0.0008874113963831017,0.0008874113963831017,0.0,1.0,
1846,NFCORE_RANGELAND:RANGELAND:PREPROCESSING:FORCE_PREPROCESS,1763861727000,1763861926000,6,176.7,,38654705664.0,,,0.00026912744453124995,0.00078008,0.00104920744453125,0.00104920744453125,0.0,1.0,
1853,NFCORE_RANGELAND:RANGELAND:PREPROCESSING:FORCE_PREPROCESS,1763861768000,1763861926000,6,187.2,,38654705664.0,,,0.0002319977439393939,0.00061936,0.0008513577439393939,0.0008513577439393939,0.0,1.0,
1854,NFCORE_RANGELAND:RANGELAND:PREPROCESSING:FORCE_PREPROCESS,1763861790000,1763861940000,6,190.8,,38654705664.0,,,0.00022132393465909098,0.000588,0.0008093239346590909,0.0008093239346590909,0.0,1.0,
1856,NFCORE_RANGELAND:RANGELAND:PREPROCESSING:FORCE_PREPROCESS,1763861809000,1763861957000,6,190.8,,38654705664.0,,,0.00022689587083333336,0.00058016,0.0008070558708333334,0.0008070558708333334,0.0,1.0,
1855,NFCORE_RANGELAND:RANGELAND:PREPROCESSING:FORCE_PREPROCESS,1763861796000,1763861959000,6,185.6,,38654705664.0,,,0.00023729380841750838,0.0006389599999999999,0.0008762538084175083,0.0008762538084175083,0.0,1.0,
1858,NFCORE_RANGELAND:RANGELAND:PREPROCESSING:FORCE_PREPROCESS,1763861823000,1763861974000,6,190.4,,38654705664.0,,,0.00022233234280303037,0.00059192,0.0008142523428030304,0.0008142523428030304,0.0,1.0,
1851,NFCORE_RANGELAND:RANGELAND:PREPROCESSING:FORCE_PREPROCESS,1763861755000,1763861977000,6,184.9,,38654705664.0,,,0.00031416532343749997,0.00087024,0.0011844053234375,0.0011844053234375,0.0,1.0,
1857,NFCORE_RANGELAND:RANGELAND:PREPROCESSING:FORCE_PREPROCESS,1763861814000,1763861971000,6,189.8,,38654705664.0,,,0.00023043827391098495,0.0006154400000000001,0.000845878273910985,0.000845878273910985,0.0,1.0,
1734,NFCORE_RANGELAND:RANGELAND:PREPROCESSING:FORCE_PREPROCESS,1763861755000,1763861976000,6,192.4,,38654705664.0,,,0.00032881838683712134,0.00086632,0.0011951383868371212,0.0011951383868371212,0.0,1.0,
1860,NFCORE_RANGELAND:RANGELAND:PREPROCESSING:FORCE_PREPROCESS,1763861855000,1763862005000,6,189.2,,38654705664.0,,,0.0002226041319444444,0.000588,0.0008106041319444444,0.0008106041319444444,0.0,1.0,
1852,NFCORE_RANGELAND:RANGELAND:PREPROCESSING:FORCE_PREPROCESS,1763861764000,1763862010000,6,158.4,,38654705664.0,,,0.00031309547499999994,0.00096432,0.001277415475,0.001277415475,0.0,1.0,
1859,NFCORE_RANGELAND:RANGELAND:PREPROCESSING:FORCE_PREPROCESS,1763861852000,1763862022000,6,185.7,,38654705664.0,,,0.00024161794531249995,0.0006664,0.0009080179453125,0.0009080179453125,0.0,1.0,
1864,NFCORE_RANGELAND:RANGELAND:PREPROCESSING:FORCE_PREPROCESS,1763861873000,1763862023000,6,191.0,,38654705664.0,,,0.00021927695312499995,0.000588,0.0008072769531249999,0.0008072769531249999,0.0,1.0,
1850,NFCORE_RANGELAND:RANGELAND:PREPROCESSING:FORCE_PREPROCESS,1763861743000,1763862033000,6,154.3,,38654705664.0,,,0.00035954266290509266,0.0011368,0.0014963426629050927,0.0014963426629050927,0.0,1.0,
1866,NFCORE_RANGELAND:RANGELAND:PREPROCESSING:FORCE_PREPROCESS,1763861890000,1763862044000,6,188.9,,38654705664.0,,,0.00023374330769675925,0.00060368,0.0008374233076967592,0.0008374233076967592,0.0,1.0,
1865,NFCORE_RANGELAND:RANGELAND:PREPROCESSING:FORCE_PREPROCESS,1763861877000,1763862066000,6,182.3,,38654705664.0,,,0.00026370407109374994,0.00074088,0.00100458407109375,0.00100458407109375,0.0,1.0,
1869,NFCORE_RANGELAND:RANGELAND:PREPROCESSING:FORCE_PREPROCESS,1763861930000,1763862089000,6,189.7,,38654705664.0,,,0.00023658395380366158,0.00062328,0.0008598639538036616,0.0008598639538036616,0.0,1.0,
1872,NFCORE_RANGELAND:RANGELAND:PREPROCESSING:FORCE_PREPROCESS,1763861962000,1763862119000,6,188.7,,38654705664.0,,,0.00023237659452335853,0.0006154400000000001,0.0008478165945233586,0.0008478165945233586,0.0,1.0,
1870,NFCORE_RANGELAND:RANGELAND:PREPROCESSING:FORCE_PREPROCESS,1763861973000,1763862122000,6,190.5,,38654705664.0,,,0.00021950276811079554,0.0005840800000000001,0.0008035827681107956,0.0008035827681107956,0.0,1.0,
1868,NFCORE_RANGELAND:RANGELAND:PREPROCESSING:FORCE_PREPROCESS,1763861980000,1763862133000,6,189.8,,38654705664.0,,,0.0002222572828125,0.0005997600000000001,0.0008220172828125001,0.0008220172828125001,0.0,1.0,
1863,NFCORE_RANGELAND:RANGELAND:PREPROCESSING:FORCE_PREPROCESS,1763861868000,1763862134000,6,172.9,,38654705664.0,,,0.0003607426241687711,0.00104272,0.0014034626241687712,0.0014034626241687712,0.0,1.0,
1862,NFCORE_RANGELAND:RANGELAND:PREPROCESSING:FORCE_PREPROCESS,1763861857000,1763862130000,6,161.6,,38654705664.0,,,0.000346038829040404,0.0010701600000000001,0.001416198829040404,0.001416198829040404,0.0,1.0,
1653,NFCORE_RANGELAND:RANGELAND:PREPROCESSING:FORCE_PREPROCESS,1763861960000,1763862144000,6,174.9,,38654705664.0,,,0.00025857952847222225,0.00072128,0.0009798595284722222,0.0009798595284722222,0.0,1.0,
1875,NFCORE_RANGELAND:RANGELAND:PREPROCESSING:FORCE_PREPROCESS,1763861979000,1763862132000,6,189.8,,38654705664.0,,,0.0002245672350852274,0.0005997600000000001,0.0008243272350852275,0.0008243272350852275,0.0,1.0,
1861,NFCORE_RANGELAND:RANGELAND:PREPROCESSING:FORCE_PREPROCESS,1763861912000,1763862142000,6,175.9,,38654705664.0,,,0.0003250724632523148,0.0009016,0.0012266724632523148,0.0012266724632523148,0.0,1.0,
1618,NFCORE_RANGELAND:RANGELAND:PREPROCESSING:FORCE_PREPROCESS,1763862008000,1763862144000,6,190.2,,38654705664.0,,,0.00020289448914141413,0.0005331200000000001,0.0007360144891414142,0.0007360144891414142,0.0,1.0,
1626,NFCORE_RANGELAND:RANGELAND:PREPROCESSING:FORCE_PREPROCESS,1763861942000,1763862155000,6,159.0,,38654705664.0,,,0.000261899989346591,0.00083496,0.0010968599893465911,0.0010968599893465911,0.0,1.0,
1873,NFCORE_RANGELAND:RANGELAND:PREPROCESSING:FORCE_PREPROCESS,1763861977000,1763862144000,6,190.1,,38654705664.0,,,0.0002455033038589016,0.0006546400000000001,0.0009001433038589016,0.0009001433038589016,0.0,1.0,
1877,NFCORE_RANGELAND:RANGELAND:PREPROCESSING:FORCE_PREPROCESS,1763862013000,1763862163000,6,191.1,,38654705664.0,,,0.00023032360677083334,0.000588,0.0008183236067708334,0.0008183236067708334,0.0,1.0,
1867,NFCORE_RANGELAND:RANGELAND:PREPROCESSING:FORCE_PREPROCESS,1763861928000,1763862177000,6,156.9,,38654705664.0,,,0.0002990134007812499,0.00097608,0.00127509340078125,0.00127509340078125,0.0,1.0,
1876,NFCORE_RANGELAND:RANGELAND:PREPROCESSING:FORCE_PREPROCESS,1763862027000,1763862190000,6,183.3,,38654705664.0,,,0.00022867486484374997,0.0006389599999999999,0.0008676348648437499,0.0008676348648437499,0.0,1.0,
1880,NFCORE_RANGELAND:RANGELAND:PREPROCESSING:FORCE_PREPROCESS,1763862035000,1763862186000,6,190.5,,38654705664.0,,,0.00023113112543402775,0.00059192,0.0008230511254340277,0.0008230511254340277,0.0,1.0,
1878,NFCORE_RANGELAND:RANGELAND:PREPROCESSING:FORCE_PREPROCESS,1763862024000,1763862182000,6,188.8,,38654705664.0,,,0.0002283113166666666,0.00061936,0.0008476713166666666,0.0008476713166666666,0.0,1.0,
1882,NFCORE_RANGELAND:RANGELAND:PREPROCESSING:FORCE_PREPROCESS,1763862068000,1763862220000,6,189.2,,38654705664.0,,,0.0002201066083333333,0.00059584,0.0008159466083333334,0.0008159466083333334,0.0,1.0,
1883,NFCORE_RANGELAND:RANGELAND:PREPROCESSING:FORCE_PREPROCESS,1763862091000,1763862251000,6,190.4,,38654705664.0,,,0.00023895039730639732,0.0006272,0.0008661503973063973,0.0008661503973063973,0.0,1.0,
1631,NFCORE_RANGELAND:RANGELAND:PREPROCESSING:FORCE_PREPROCESS,1763862223000,1763862257000,6,172.7,,38654705664.0,,,4.494067760416666e-05,0.00013328000000000002,0.0001782206776041667,0.0001782206776041667,0.0,1.0,
1848,NFCORE_RANGELAND:RANGELAND:PREPROCESSING:FORCE_PREPROCESS,1763861728000,1763862264000,6,131.0,,38654705664.0,,,0.0005429937594696971,0.0021011199999999997,0.002644113759469697,0.002644113759469697,0.0,1.0,
1881,NFCORE_RANGELAND:RANGELAND:PREPROCESSING:FORCE_PREPROCESS,1763862046000,1763862264000,6,180.9,,38654705664.0,,,0.0003168703234375,0.00085456,0.0011714303234375,0.0011714303234375,0.0,1.0,
1888,NFCORE_RANGELAND:RANGELAND:PREPROCESSING:FORCE_PREPROCESS,1763862135000,1763862285000,6,190.6,,38654705664.0,,,0.0002210919389204546,0.000588,0.0008090919389204546,0.0008090919389204546,0.0,1.0,
1893,NFCORE_RANGELAND:RANGELAND:PREPROCESSING:FORCE_PREPROCESS,1763862149000,1763862300000,6,188.5,,38654705664.0,,,0.00022011369022253795,0.00059192,0.000812033690222538,0.000812033690222538,0.0,1.0,
1889,NFCORE_RANGELAND:RANGELAND:PREPROCESSING:FORCE_PREPROCESS,1763862144000,1763862295000,6,191.0,,38654705664.0,,,0.00023173776880787037,0.00059192,0.0008236577688078704,0.0008236577688078704,0.0,1.0,
1884,NFCORE_RANGELAND:RANGELAND:PREPROCESSING:FORCE_PREPROCESS,1763862140000,1763862318000,6,180.8,,38654705664.0,,,0.00025242900690235687,0.0006977600000000001,0.0009501890069023569,0.0009501890069023569,0.0,1.0,
1896,NFCORE_RANGELAND:RANGELAND:PREPROCESSING:FORCE_PREPROCESS,1763862166000,1763862321000,6,189.1,,38654705664.0,,,0.00023551020674189812,0.0006076,0.0008431102067418981,0.0008431102067418981,0.0,1.0,
1628,NFCORE_RANGELAND:RANGELAND:PREPROCESSING:FORCE_PREPROCESS,1763862193000,1763862330000,6,190.0,,38654705664.0,,,0.00019922440104166663,0.0005370400000000001,0.0007362644010416668,0.0007362644010416668,0.0,1.0,
1899,NFCORE_RANGELAND:RANGELAND:PREPROCESSING:FORCE_PREPROCESS,1763862188000,1763862338000,6,190.7,,38654705664.0,,,0.00022984150607638888,0.000588,0.0008178415060763888,0.0008178415060763888,0.0,1.0,
1897,NFCORE_RANGELAND:RANGELAND:PREPROCESSING:FORCE_PREPROCESS,1763862180000,1763862338000,6,189.0,,38654705664.0,,,0.00022855317187499996,0.00061936,0.000847913171875,0.000847913171875,0.0,1.0,
1898,NFCORE_RANGELAND:RANGELAND:PREPROCESSING:FORCE_PREPROCESS,1763862185000,1763862336000,6,191.0,,38654705664.0,,,0.00022073879947916663,0.00059192,0.0008126587994791666,0.0008126587994791666,0.0,1.0,
1887,NFCORE_RANGELAND:RANGELAND:PREPROCESSING:FORCE_PREPROCESS,1763862132000,1763862355000,6,168.8,,38654705664.0,,,0.00029525559465488216,0.00087416,0.0011694155946548822,0.0011694155946548822,0.0,1.0,
1890,NFCORE_RANGELAND:RANGELAND:PREPROCESSING:FORCE_PREPROCESS,1763862146000,1763862381000,6,161.9,,38654705664.0,,,0.0003057040678530093,0.0009212000000000001,0.0012269040678530093,0.0012269040678530093,0.0,1.0,
1894,NFCORE_RANGELAND:RANGELAND:PREPROCESSING:FORCE_PREPROCESS,1763862151000,1763862386000,6,163.5,,38654705664.0,,,0.00030137446298926767,0.0009212000000000001,0.0012225744629892677,0.0012225744629892677,0.0,1.0,
1885,NFCORE_RANGELAND:RANGELAND:PREPROCESSING:FORCE_PREPROCESS,1763862140000,1763862373000,6,164.9,,38654705664.0,,,0.0002940660841145833,0.0009133600000000001,0.0012074260841145835,0.0012074260841145835,0.0,1.0,
1632,NFCORE_RANGELAND:RANGELAND:PREPROCESSING:FORCE_PREPROCESS,1763862253000,1763862395000,6,188.7,,38654705664.0,,,0.00021017500905934336,0.00055664,0.0007668150090593433,0.0007668150090593433,0.0,1.0,
1903,NFCORE_RANGELAND:RANGELAND:PREPROCESSING:FORCE_PREPROCESS,1763862260000,1763862416000,6,188.0,,38654705664.0,,,0.000224466125,0.00061152,0.0008359861250000001,0.0008359861250000001,0.0,1.0,
1904,NFCORE_RANGELAND:RANGELAND:PREPROCESSING:FORCE_PREPROCESS,1763862267000,1763862425000,6,187.7,,38654705664.0,,,0.00023829112424768515,0.00061936,0.0008576511242476851,0.0008576511242476851,0.0,1.0,
1900,NFCORE_RANGELAND:RANGELAND:PREPROCESSING:FORCE_PREPROCESS,1763862287000,1763862438000,6,189.7,,38654705664.0,,,0.00022151494448390156,0.00059192,0.0008134349444839016,0.0008134349444839016,0.0,1.0,
1901,NFCORE_RANGELAND:RANGELAND:PREPROCESSING:FORCE_PREPROCESS,1763862298000,1763862448000,6,191.0,,38654705664.0,,,0.0002302030815972222,0.000588,0.0008182030815972222,0.0008182030815972222,0.0,1.0,
1886,NFCORE_RANGELAND:RANGELAND:PREPROCESSING:FORCE_PREPROCESS,1763862125000,1763862444000,6,158.2,,38654705664.0,,,0.00039026168489583344,0.00125048,0.0016407416848958334,0.0016407416848958334,0.0,1.0,
1895,NFCORE_RANGELAND:RANGELAND:PREPROCESSING:FORCE_PREPROCESS,1763862157000,1763862444000,6,173.8,,38654705664.0,,,0.0003857362213541668,0.0011250400000000001,0.001510776221354167,0.001510776221354167,0.0,1.0,
1906,NFCORE_RANGELAND:RANGELAND:PREPROCESSING:FORCE_PREPROCESS,1763862303000,1763862446000,6,187.2,,38654705664.0,,,0.00020701443750000003,0.00056056,0.0007675744375,0.0007675744375,0.0,1.0,
1907,NFCORE_RANGELAND:RANGELAND:PREPROCESSING:FORCE_PREPROCESS,1763862321000,1763862470000,6,190.9,,38654705664.0,,,0.00022310691294718016,0.0005840800000000001,0.0008071869129471802,0.0008071869129471802,0.0,1.0,
1637,NFCORE_RANGELAND:RANGELAND:PREPROCESSING:FORCE_PREPROCESS,1763862342000,1763862481000,6,190.1,,38654705664.0,,,0.00020223917213541662,0.0005448800000000001,0.0007471191721354167,0.0007471191721354167,0.0,1.0,
1905,NFCORE_RANGELAND:RANGELAND:PREPROCESSING:FORCE_PREPROCESS,1763862267000,1763862468000,6,176.7,,38654705664.0,,,0.0002746574350142046,0.00078792,0.0010625774350142047,0.0010625774350142047,0.0,1.0,
1910,NFCORE_RANGELAND:RANGELAND:PREPROCESSING:FORCE_PREPROCESS,1763862332000,1763862484000,6,189.9,,38654705664.0,,,0.00022092095624999997,0.00059584,0.00081676095625,0.00081676095625,0.0,1.0,
1913,NFCORE_RANGELAND:RANGELAND:PREPROCESSING:FORCE_PREPROCESS,1763862341000,1763862489000,6,190.2,,38654705664.0,,,0.00022618236180555555,0.00058016,0.0008063423618055556,0.0008063423618055556,0.0,1.0,
1911,NFCORE_RANGELAND:RANGELAND:PREPROCESSING:FORCE_PREPROCESS,1763862338000,1763862491000,6,190.6,,38654705664.0,,,0.0002231940890625,0.0005997600000000001,0.0008229540890625001,0.0008229540890625001,0.0,1.0,
1925,NFCORE_RANGELAND:RANGELAND:PREPROCESSING:FORCE_PREPROCESS,1763862473000,1763862510000,6,167.3,,38654705664.0,,,4.855327121738216e-05,0.00014504,0.00019359327121738217,0.00019359327121738217,0.0,1.0,
1638,NFCORE_RANGELAND:RANGELAND:PREPROCESSING:FORCE_PREPROCESS,1763862358000,1763862512000,6,181.3,,38654705664.0,,,0.00021899759988425923,0.00060368,0.0008226775998842592,0.0008226775998842592,0.0,1.0,
1640,NFCORE_RANGELAND:RANGELAND:PREPROCESSING:FORCE_PREPROCESS,1763862375000,1763862511000,6,190.5,,38654705664.0,,,0.00019829065624999995,0.0005331200000000001,0.00073141065625,0.00073141065625,0.0,1.0,
1917,NFCORE_RANGELAND:RANGELAND:PREPROCESSING:FORCE_PREPROCESS,1763862389000,1763862538000,6,190.3,,38654705664.0,,,0.00022240568640046295,0.0005840800000000001,0.000806485686400463,0.000806485686400463,0.0,1.0,
1914,NFCORE_RANGELAND:RANGELAND:PREPROCESSING:FORCE_PREPROCESS,1763862384000,1763862547000,6,191.6,,38654705664.0,,,0.0002509398394675926,0.0006389599999999999,0.0008898998394675925,0.0008898998394675925,0.0,1.0,
1918,NFCORE_RANGELAND:RANGELAND:PREPROCESSING:FORCE_PREPROCESS,1763862397000,1763862549000,6,189.9,,38654705664.0,,,0.00022640675643939394,0.00059584,0.000822246756439394,0.000822246756439394,0.0,1.0,
1651,NFCORE_RANGELAND:RANGELAND:PREPROCESSING:FORCE_PREPROCESS,1763862451000,1763862591000,6,188.9,,38654705664.0,,,0.00020451197679924253,0.0005488000000000001,0.0007533119767992426,0.0007533119767992426,0.0,1.0,
1920,NFCORE_RANGELAND:RANGELAND:PREPROCESSING:FORCE_PREPROCESS,1763862428000,1763862578000,6,190.5,,38654705664.0,,,0.00022960045572916667,0.000588,0.0008176004557291667,0.0008176004557291667,0.0,1.0,
1650,NFCORE_RANGELAND:RANGELAND:PREPROCESSING:FORCE_PREPROCESS,1763862451000,1763862589000,6,190.3,,38654705664.0,,,0.0002110106529513889,0.00054096,0.000751970652951389,0.000751970652951389,0.0,1.0,
1924,NFCORE_RANGELAND:RANGELAND:PREPROCESSING:FORCE_PREPROCESS,1763862449000,1763862599000,6,189.8,,38654705664.0,,,0.00022016395596590916,0.000588,0.0008081639559659092,0.0008081639559659092,0.0,1.0,
1879,NFCORE_RANGELAND:RANGELAND:PREPROCESSING:FORCE_PREPROCESS,1763862121000,1763862642000,6,131.2,,38654705664.0,,,0.0005361575038720538,0.0020423200000000002,0.002578477503872054,0.002578477503872054,0.0,1.0,
1926,NFCORE_RANGELAND:RANGELAND:PREPROCESSING:FORCE_PREPROCESS,1763862483000,1763862643000,6,189.3,,38654705664.0,,,0.00023181362499999998,0.0006272,0.0008590136249999999,0.0008590136249999999,0.0,1.0,
1929,NFCORE_RANGELAND:RANGELAND:PREPROCESSING:FORCE_PREPROCESS,1763862486000,1763862635000,6,190.3,,38654705664.0,,,0.00021701683151041664,0.0005840800000000001,0.0008010968315104167,0.0008010968315104167,0.0,1.0,
1585,NFCORE_RANGELAND:RANGELAND:PREPROCESSING:FORCE_PREPROCESS,1763862492000,1763862637000,6,188.7,,38654705664.0,,,0.00021984996918402778,0.0005684,0.0007882499691840278,0.0007882499691840278,0.0,1.0,
1922,NFCORE_RANGELAND:RANGELAND:PREPROCESSING:FORCE_PREPROCESS,1763862447000,1763862646000,6,172.2,,38654705664.0,,,0.00026499945241477283,0.00078008,0.001045079452414773,0.001045079452414773,0.0,1.0,
1909,NFCORE_RANGELAND:RANGELAND:PREPROCESSING:FORCE_PREPROCESS,1763862324000,1763862655000,6,151.0,,38654705664.0,,,0.0004015979134837963,0.0012975200000000001,0.0016991179134837964,0.0016991179134837964,0.0,1.0,
1654,NFCORE_RANGELAND:RANGELAND:PREPROCESSING:FORCE_PREPROCESS,1763862514000,1763862662000,6,189.6,,38654705664.0,,,0.0002201004237373737,0.00058016,0.0008002604237373738,0.0008002604237373738,0.0,1.0,
1933,NFCORE_RANGELAND:RANGELAND:PREPROCESSING:FORCE_PREPROCESS,1763862512000,1763862669000,6,188.2,,38654705664.0,,,0.00023176086427819861,0.0006154400000000001,0.0008472008642781987,0.0008472008642781987,0.0,1.0,
1921,NFCORE_RANGELAND:RANGELAND:PREPROCESSING:FORCE_PREPROCESS,1763862440000,1763862686000,6,193.2,,38654705664.0,,,0.00036753692897727283,0.00096432,0.001331856928977273,0.001331856928977273,0.0,1.0,
1935,NFCORE_RANGELAND:RANGELAND:PREPROCESSING:FORCE_PREPROCESS,1763862541000,1763862691000,6,190.7,,38654705664.0,,,0.00022436896385732318,0.000588,0.0008123689638573231,0.0008123689638573231,0.0,1.0,
1770,NFCORE_RANGELAND:RANGELAND:PREPROCESSING:FORCE_PREPROCESS,1763862552000,1763862717000,6,189.9,,38654705664.0,,,0.0002457704921875,0.0006467999999999999,0.0008925704921874998,0.0008925704921874998,0.0,1.0,
1772,NFCORE_RANGELAND:RANGELAND:PREPROCESSING:FORCE_PREPROCESS,1763862591000,1763862744000,6,188.5,,38654705664.0,,,0.00023173375130208332,0.0005997600000000001,0.0008314937513020834,0.0008314937513020834,0.0,1.0,
1932,NFCORE_RANGELAND:RANGELAND:PREPROCESSING:FORCE_PREPROCESS,1763862495000,1763862734000,6,157.6,,38654705664.0,,,0.0002882852854166666,0.00093688,0.0012251652854166665,0.0012251652854166665,0.0,1.0,
1936,NFCORE_RANGELAND:RANGELAND:PREPROCESSING:FORCE_PREPROCESS,1763862549000,1763862740000,6,184.7,,38654705664.0,,,0.0002834567278067129,0.00074872,0.001032176727806713,0.001032176727806713,0.0,1.0,
1941,NFCORE_RANGELAND:RANGELAND:PREPROCESSING:FORCE_PREPROCESS,1763862594000,1763862744000,6,189.1,,38654705664.0,,,0.00021935197088068187,0.000588,0.0008073519708806818,0.0008073519708806818,0.0,1.0,
1771,NFCORE_RANGELAND:RANGELAND:PREPROCESSING:FORCE_PREPROCESS,1763862581000,1763862748000,6,181.4,,38654705664.0,,,0.0002434110336226852,0.0006546400000000001,0.0008980510336226852,0.0008980510336226852,0.0,1.0,
1942,NFCORE_RANGELAND:RANGELAND:PREPROCESSING:FORCE_PREPROCESS,1763862602000,1763862751000,6,188.3,,38654705664.0,,,0.0002169678280066289,0.0005840800000000001,0.000801047828006629,0.000801047828006629,0.0,1.0,
1652,NFCORE_RANGELAND:RANGELAND:PREPROCESSING:FORCE_PREPROCESS,1763862470000,1763862788000,6,143.1,,38654705664.0,,,0.00035190505610795467,0.00124656,0.0015984650561079547,0.0015984650561079547,0.0,1.0,
1943,NFCORE_RANGELAND:RANGELAND:PREPROCESSING:FORCE_PREPROCESS,1763862637000,1763862786000,6,190.1,,38654705664.0,,,0.0002167887528645833,0.0005840800000000001,0.0008008687528645833,0.0008008687528645833,0.0,1.0,
1944,NFCORE_RANGELAND:RANGELAND:PREPROCESSING:FORCE_PREPROCESS,1763862640000,1763862808000,6,190.9,,38654705664.0,,,0.00025769246319444445,0.0006585600000000001,0.0009162524631944446,0.0009162524631944446,0.0,1.0,
1934,NFCORE_RANGELAND:RANGELAND:PREPROCESSING:FORCE_PREPROCESS,1763862515000,1763862795000,6,152.8,,38654705664.0,,,0.00032745358333333325,0.0010976000000000002,0.0014250535833333334,0.0014250535833333334,0.0,1.0,
1951,NFCORE_RANGELAND:RANGELAND:PREPROCESSING:FORCE_PREPROCESS,1763862672000,1763862822000,6,189.6,,38654705664.0,,,0.0002230747537878787,0.000588,0.0008110747537878786,0.0008110747537878786,0.0,1.0,
1950,NFCORE_RANGELAND:RANGELAND:PREPROCESSING:FORCE_PREPROCESS,1763862665000,1763862841000,6,182.8,,38654705664.0,,,0.0002523537074074074,0.0006899200000000001,0.0009422737074074076,0.0009422737074074076,0.0,1.0,
1948,NFCORE_RANGELAND:RANGELAND:PREPROCESSING:FORCE_PREPROCESS,1763862648000,1763862833000,6,175.0,,38654705664.0,,,0.0002503620679450759,0.0007252,0.0009755620679450759,0.0009755620679450759,0.0,1.0,
1947,NFCORE_RANGELAND:RANGELAND:PREPROCESSING:FORCE_PREPROCESS,1763862646000,1763862849000,6,173.2,,38654705664.0,,,0.0002690991260416666,0.0007957600000000001,0.0010648591260416667,0.0010648591260416667,0.0,1.0,
1919,NFCORE_RANGELAND:RANGELAND:PREPROCESSING:FORCE_PREPROCESS,1763862419000,1763862856000,6,139.8,,38654705664.0,,,0.0004675811234374999,0.00171304,0.0021806211234375,0.0021806211234375,0.0,1.0,
1532,NFCORE_RANGELAND:RANGELAND:PREPROCESSING:FORCE_PREPROCESS,1763862747000,1763862891000,6,189.1,,38654705664.0,,,0.00021057789204545463,0.00056448,0.0007750578920454547,0.0007750578920454547,0.0,1.0,
1773,NFCORE_RANGELAND:RANGELAND:PREPROCESSING:FORCE_PREPROCESS,1763862736000,1763862890000,6,187.9,,38654705664.0,,,0.00022147048802083328,0.00060368,0.0008251504880208332,0.0008251504880208332,0.0,1.0,
1955,NFCORE_RANGELAND:RANGELAND:PREPROCESSING:FORCE_PREPROCESS,1763862742000,1763862894000,6,188.8,,38654705664.0,,,0.00023058554814814818,0.00059584,0.0008264255481481482,0.0008264255481481482,0.0,1.0,
1957,NFCORE_RANGELAND:RANGELAND:PREPROCESSING:FORCE_PREPROCESS,1763862751000,1763862903000,6,190.1,,38654705664.0,,,0.00023217326643518518,0.00059584,0.0008280132664351852,0.0008280132664351852,0.0,1.0,
1949,NFCORE_RANGELAND:RANGELAND:PREPROCESSING:FORCE_PREPROCESS,1763862657000,1763862925000,6,183.1,,38654705664.0,,,0.000394284445949074,0.0010505599999999999,0.001444844445949074,0.001444844445949074,0.0,1.0,
1958,NFCORE_RANGELAND:RANGELAND:PREPROCESSING:FORCE_PREPROCESS,1763862753000,1763862920000,6,189.9,,38654705664.0,,,0.0002452450152698865,0.0006546400000000001,0.0008998850152698865,0.0008998850152698865,0.0,1.0,
1956,NFCORE_RANGELAND:RANGELAND:PREPROCESSING:FORCE_PREPROCESS,1763862746000,1763862928000,6,181.7,,38654705664.0,,,0.0002657130117476851,0.00071344,0.000979153011747685,0.000979153011747685,0.0,1.0,
1966,NFCORE_RANGELAND:RANGELAND:PREPROCESSING:FORCE_PREPROCESS,1763862851000,1763862933000,6,170.1,,38654705664.0,,,0.00010675458281249999,0.00032144,0.0004281945828125,0.0004281945828125,0.0,1.0,
1959,NFCORE_RANGELAND:RANGELAND:PREPROCESSING:FORCE_PREPROCESS,1763862789000,1763862939000,6,189.7,,38654705664.0,,,0.00021778449218749996,0.000588,0.0008057844921874999,0.0008057844921874999,0.0,1.0,
1953,NFCORE_RANGELAND:RANGELAND:PREPROCESSING:FORCE_PREPROCESS,1763862698000,1763862940000,6,173.1,,38654705664.0,,,0.00032857405243055555,0.00094864,0.0012772140524305556,0.0012772140524305556,0.0,1.0,
1954,NFCORE_RANGELAND:RANGELAND:PREPROCESSING:FORCE_PREPROCESS,1763862719000,1763862949000,6,182.9,,38654705664.0,,,0.00032996081812920877,0.0009016,0.0012315608181292087,0.0012315608181292087,0.0,1.0,
1973,NFCORE_RANGELAND:RANGELAND:PREPROCESSING:FORCE_PREPROCESS,1763862928000,1763862964000,6,172.3,,38654705664.0,,,4.983956979166667e-05,0.00014112,0.0001909595697916667,0.0001909595697916667,0.0,1.0,
1961,NFCORE_RANGELAND:RANGELAND:PREPROCESSING:FORCE_PREPROCESS,1763862798000,1763862944000,6,187.7,,38654705664.0,,,0.00020974204114583325,0.00057232,0.0007820620411458332,0.0007820620411458332,0.0,1.0,
1962,NFCORE_RANGELAND:RANGELAND:PREPROCESSING:FORCE_PREPROCESS,1763862811000,1763862968000,6,191.0,,38654705664.0,,,0.00024094589207175927,0.0006154400000000001,0.0008563858920717593,0.0008563858920717593,0.0,1.0,
1960,NFCORE_RANGELAND:RANGELAND:PREPROCESSING:FORCE_PREPROCESS,1763862791000,1763862997000,6,185.3,,38654705664.0,,,0.0002951898312026516,0.00080752,0.0011027098312026517,0.0011027098312026517,0.0,1.0,
1965,NFCORE_RANGELAND:RANGELAND:PREPROCESSING:FORCE_PREPROCESS,1763862843000,1763862996000,6,188.8,,38654705664.0,,,0.00022657618030303033,0.0005997600000000001,0.0008263361803030304,0.0008263361803030304,0.0,1.0,
1952,NFCORE_RANGELAND:RANGELAND:PREPROCESSING:FORCE_PREPROCESS,1763862689000,1763862995000,6,183.7,,38654705664.0,,,0.00043469969531250016,0.0011995200000000001,0.0016342196953125004,0.0016342196953125004,0.0,1.0,
1967,NFCORE_RANGELAND:RANGELAND:PREPROCESSING:FORCE_PREPROCESS,1763862859000,1763863012000,6,189.9,,38654705664.0,,,0.00022237438359374998,0.0005997600000000001,0.00082213438359375,0.00082213438359375,0.0,1.0,
1946,NFCORE_RANGELAND:RANGELAND:PREPROCESSING:FORCE_PREPROCESS,1763862644000,1763863053000,6,142.7,,38654705664.0,,,0.00045779190761258403,0.0016032800000000001,0.0020610719076125843,0.0020610719076125843,0.0,1.0,
1970,NFCORE_RANGELAND:RANGELAND:PREPROCESSING:FORCE_PREPROCESS,1763862895000,1763863057000,6,192.3,,38654705664.0,,,0.0002409090149147728,0.0006350399999999999,0.0008759490149147728,0.0008759490149147728,0.0,1.0,
1969,NFCORE_RANGELAND:RANGELAND:PREPROCESSING:FORCE_PREPROCESS,1763862897000,1763863045000,6,192.0,,38654705664.0,,,0.0002283228888888889,0.00058016,0.0008084828888888889,0.0008084828888888889,0.0,1.0,
1968,NFCORE_RANGELAND:RANGELAND:PREPROCESSING:FORCE_PREPROCESS,1763862893000,1763863063000,6,190.3,,38654705664.0,,,0.0002476030963541666,0.0006664,0.0009140030963541667,0.0009140030963541667,0.0,1.0,
1971,NFCORE_RANGELAND:RANGELAND:PREPROCESSING:FORCE_PREPROCESS,1763862906000,1763863054000,6,193.0,,38654705664.0,,,0.00022951207060185186,0.00058016,0.0008096720706018518,0.0008096720706018518,0.0,1.0,
1544,NFCORE_RANGELAND:RANGELAND:PREPROCESSING:FORCE_PREPROCESS,1763862943000,1763863081000,6,189.2,,38654705664.0,,,0.00020479580138888884,0.00054096,0.0007457558013888889,0.0007457558013888889,0.0,1.0,
1963,NFCORE_RANGELAND:RANGELAND:PREPROCESSING:FORCE_PREPROCESS,1763862824000,1763863085000,6,188.1,,38654705664.0,,,0.0003850792640624999,0.00102312,0.0014081992640625,0.0014081992640625,0.0,1.0,
1972,NFCORE_RANGELAND:RANGELAND:PREPROCESSING:FORCE_PREPROCESS,1763862922000,1763863073000,6,191.7,,38654705664.0,,,0.00022385036825284097,0.00059192,0.0008157703682528409,0.0008157703682528409,0.0,1.0,
1550,NFCORE_RANGELAND:RANGELAND:PREPROCESSING:FORCE_PREPROCESS,1763862947000,1763863091000,6,187.2,,38654705664.0,,,0.00020631779999999997,0.00056448,0.0007707978,0.0007707978,0.0,1.0,
1975,NFCORE_RANGELAND:RANGELAND:PREPROCESSING:FORCE_PREPROCESS,1763862931000,1763863081000,6,191.2,,38654705664.0,,,0.00023044413194444442,0.000588,0.0008184441319444444,0.0008184441319444444,0.0,1.0,
1976,NFCORE_RANGELAND:RANGELAND:PREPROCESSING:FORCE_PREPROCESS,1763862936000,1763863103000,6,187.2,,38654705664.0,,,0.00023927133749999997,0.0006546400000000001,0.0008939113375,0.0008939113375,0.0,1.0,
1980,NFCORE_RANGELAND:RANGELAND:PREPROCESSING:FORCE_PREPROCESS,1763862952000,1763863100000,6,193.8,,38654705664.0,,,0.0002249760660353535,0.00058016,0.0008051360660353535,0.0008051360660353535,0.0,1.0,
1982,NFCORE_RANGELAND:RANGELAND:PREPROCESSING:FORCE_PREPROCESS,1763862971000,1763863121000,6,193.3,,38654705664.0,,,0.0002329751605902778,0.000588,0.0008209751605902778,0.0008209751605902778,0.0,1.0,
1981,NFCORE_RANGELAND:RANGELAND:PREPROCESSING:FORCE_PREPROCESS,1763862967000,1763863125000,6,188.3,,38654705664.0,,,0.00023905284334490743,0.00061936,0.0008584128433449074,0.0008584128433449074,0.0,1.0,
1985,NFCORE_RANGELAND:RANGELAND:PREPROCESSING:FORCE_PREPROCESS,1763863001000,1763863154000,6,192.2,,38654705664.0,,,0.00023065647168560606,0.0005997600000000001,0.0008304164716856061,0.0008304164716856061,0.0,1.0,
1986,NFCORE_RANGELAND:RANGELAND:PREPROCESSING:FORCE_PREPROCESS,1763863015000,1763863168000,6,192.2,,38654705664.0,,,0.00022506770156249998,0.0005997600000000001,0.0008248277015625,0.0008248277015625,0.0,1.0,
1533,NFCORE_RANGELAND:RANGELAND:PREPROCESSING:FORCE_PREPROCESS,1763862836000,1763863179000,6,145.9,,38654705664.0,,,0.0003869975048532198,0.00134456,0.0017315575048532199,0.0017315575048532199,0.0,1.0,
1977,NFCORE_RANGELAND:RANGELAND:PREPROCESSING:FORCE_PREPROCESS,1763862941000,1763863195000,6,159.7,,38654705664.0,,,0.00031046095885416656,0.00099568,0.0013061409588541665,0.0013061409588541665,0.0,1.0,
1984,NFCORE_RANGELAND:RANGELAND:PREPROCESSING:FORCE_PREPROCESS,1763863000000,1763863196000,6,173.6,,38654705664.0,,,0.0002631264734848485,0.0007683200000000001,0.0010314464734848486,0.0010314464734848486,0.0,1.0,
1557,NFCORE_RANGELAND:RANGELAND:PREPROCESSING:FORCE_PREPROCESS,1763863057000,1763863199000,6,188.1,,38654705664.0,,,0.00021461676614583332,0.00055664,0.0007712567661458333,0.0007712567661458333,0.0,1.0,
1988,NFCORE_RANGELAND:RANGELAND:PREPROCESSING:FORCE_PREPROCESS,1763863055000,1763863200000,6,193.5,,38654705664.0,,,0.00022007453953598483,0.0005684,0.0008211010722064394,0.0008211010722064394,0.0,1.0,
1987,NFCORE_RANGELAND:RANGELAND:PREPROCESSING:FORCE_PREPROCESS,1763863047000,1763863200000,6,190.7,,38654705664.0,,,0.00023443833619791665,0.0005997600000000001,0.0008505551663194445,0.0008505551663194445,0.0,1.0,
1990,NFCORE_RANGELAND:RANGELAND:PREPROCESSING:FORCE_PREPROCESS,1763863061000,1763863200000,6,191.6,,38654705664.0,,,0.00020595344365530307,0.0005448800000000001,0.0008210552765151516,0.0008210552765151516,0.0,1.0,
1991,NFCORE_RANGELAND:RANGELAND:PREPROCESSING:FORCE_PREPROCESS,1763863065000,1763863200000,6,187.5,,38654705664.0,,,0.00019373291015624996,0.0005292,0.0008460992578125,0.0008460992578125,0.0,1.0,
1995,NFCORE_RANGELAND:RANGELAND:PREPROCESSING:FORCE_PREPROCESS,1763863084000,1763863200000,6,193.0,,38654705664.0,,,0.00017988783912037038,0.00045472000000000004,0.0008260843423032408,0.0008260843423032408,0.0,1.0,
1983,NFCORE_RANGELAND:RANGELAND:PREPROCESSING:FORCE_PREPROCESS,1763862998000,1763863200000,6,163.6,,38654705664.0,,,0.00025556031912878796,0.00079184,0.0011770290714962124,0.0011770290714962124,0.0,1.0,
1996,NFCORE_RANGELAND:RANGELAND:PREPROCESSING:FORCE_PREPROCESS,1763863094000,1763863200000,6,193.0,,38654705664.0,,,0.00015657828645833328,0.00041552,0.0008095730468749999,0.0008095730468749999,0.0,1.0,
1803,NFCORE_RANGELAND:RANGELAND:PREPROCESSING:FORCE_PREPROCESS,1763863124000,1763863200000,6,190.7,,38654705664.0,,,0.00011645302974537037,0.00029792,0.0008341983361979167,0.0008341983361979167,0.0,1.0,
1993,NFCORE_RANGELAND:RANGELAND:PREPROCESSING:FORCE_PREPROCESS,1763863083000,1763863200000,6,174.6,,38654705664.0,,,0.0001602326190340909,0.00045864,0.0011160865180871212,0.0011160865180871212,0.0,1.0,
1999,NFCORE_RANGELAND:RANGELAND:PREPROCESSING:FORCE_PREPROCESS,1763863127000,1763863200000,6,182.4,,38654705664.0,,,0.00010698778611111111,0.00028616,0.000926320811111111,0.000926320811111111,0.0,1.0,
2001,NFCORE_RANGELAND:RANGELAND:PREPROCESSING:FORCE_PREPROCESS,1763863170000,1763863200000,6,192.6,,38654705664.0,,,4.422276562499999e-05,0.0001176,0.000787537459375,0.000787537459375,0.0,1.0,
1562,NFCORE_RANGELAND:RANGELAND:PREPROCESSING:FORCE_PREPROCESS,1763863181000,1763863200000,6,186.8,,38654705664.0,,,2.7446642518939405e-05,7.448e-05,0.000734944738162879,0.000734944738162879,0.0,1.0,
1997,NFCORE_RANGELAND:RANGELAND:PREPROCESSING:FORCE_PREPROCESS,1763863103000,1763863200000,6,183.2,,38654705664.0,,,0.00013938564010942758,0.00038024,0.001076750037752525,0.001076750037752525,0.0,1.0,
2000,NFCORE_RANGELAND:RANGELAND:PREPROCESSING:FORCE_PREPROCESS,1763863156000,1763863200000,6,193.1,,38654705664.0,,,6.664319050925925e-05,0.00017248000000000003,0.0007988888410195708,0.0007988888410195708,0.0,1.0,
1964,NFCORE_RANGELAND:RANGELAND:PREPROCESSING:FORCE_PREPROCESS,1763863087000,1763863200000,6,165.3,,38654705664.0,,,0.00014651163918876262,0.00044296000000000006,0.0012571917260574496,0.0012571917260574496,0.0,1.0,
1992,NFCORE_RANGELAND:RANGELAND:PREPROCESSING:FORCE_PREPROCESS,1763863075000,1763863200000,6,162.3,,38654705664.0,,,0.00015688711825284098,0.0004900000000000001,0.0013610504968039777,0.0013610504968039777,0.0,1.0,
2006,NFCORE_RANGELAND:RANGELAND:PREPROCESSING:FORCE_PREPROCESS,1763863199000,1763863200000,6,192.0,,38654705664.0,,,1.4847727272727277e-06,3.92e-06,0.0007999063636363637,0.0007999063636363637,0.0,1.0,
1998,NFCORE_RANGELAND:RANGELAND:PREPROCESSING:FORCE_PREPROCESS,1763863106000,1763863200000,6,167.3,,38654705664.0,,,0.00012036276510416665,0.00036848,0.00157573784921875,0.00157573784921875,0.0,1.0,
1534,NFCORE_RANGELAND:RANGELAND:PREPROCESSING:FORCE_PREPROCESS,1763863197000,1763863200000,6,155.2,,38654705664.0,,,3.563537499999999e-06,1.1760000000000001e-05,0.0012207751541666667,0.0012207751541666667,0.0,1.0,
1537,NFCORE_RANGELAND:RANGELAND:PREPROCESSING:FORCE_PREPROCESS,1763863318000,1763863352000,6,173.0,,38654705664.0,,,4.5018744791666656e-05,0.00013328000000000002,0.00017829874479166667,0.00017829874479166667,0.0,1.0,
2007,NFCORE_RANGELAND:RANGELAND:PREPROCESSING:FORCE_PREPROCESS,1763863202000,1763863354000,6,193.3,,38654705664.0,,,0.00023608149606481481,0.00059584,0.0008319214960648149,0.0008319214960648149,0.0,1.0,
2008,NFCORE_RANGELAND:RANGELAND:PREPROCESSING:FORCE_PREPROCESS,1763863205000,1763863363000,6,190.1,,38654705664.0,,,0.00024133800063657409,0.00061936,0.0008606980006365741,0.0008606980006365741,0.0,1.0,
1538,NFCORE_RANGELAND:RANGELAND:PREPROCESSING:FORCE_PREPROCESS,1763863208000,1763863364000,6,186.5,,38654705664.0,,,0.00022820453188131313,0.00061152,0.0008397245318813132,0.0008397245318813132,0.0,1.0,
2010,NFCORE_RANGELAND:RANGELAND:PREPROCESSING:FORCE_PREPROCESS,1763863226000,1763863379000,6,190.9,,38654705664.0,,,0.00022354539140624998,0.0005997600000000001,0.0008233053914062501,0.0008233053914062501,0.0,1.0,
2011,NFCORE_RANGELAND:RANGELAND:PREPROCESSING:FORCE_PREPROCESS,1763863237000,1763863389000,6,192.2,,38654705664.0,,,0.00023473804212962963,0.00059584,0.0008305780421296296,0.0008305780421296296,0.0,1.0,
1791,NFCORE_RANGELAND:RANGELAND:PREPROCESSING:FORCE_PREPROCESS,1763863228000,1763863382000,6,188.3,,38654705664.0,,,0.00022424862760416677,0.00060368,0.0008279286276041668,0.0008279286276041668,0.0,1.0,
2009,NFCORE_RANGELAND:RANGELAND:PREPROCESSING:FORCE_PREPROCESS,1763863216000,1763863427000,6,169.7,,38654705664.0,,,0.00027690006048768946,0.0008271200000000001,0.0011040200604876896,0.0011040200604876896,0.0,1.0,
2013,NFCORE_RANGELAND:RANGELAND:PREPROCESSING:FORCE_PREPROCESS,1763863279000,1763863452000,6,183.0,,38654705664.0,,,0.00025438043142361104,0.00067816,0.0009325404314236111,0.0009325404314236111,0.0,1.0,
2017,NFCORE_RANGELAND:RANGELAND:PREPROCESSING:FORCE_PREPROCESS,1763863305000,1763863452000,6,193.2,,38654705664.0,,,0.0002227641433712121,0.00057624,0.0007990041433712121,0.0007990041433712121,0.0,1.0,
2014,NFCORE_RANGELAND:RANGELAND:PREPROCESSING:FORCE_PREPROCESS,1763863297000,1763863462000,6,185.6,,38654705664.0,,,0.00024020538888888885,0.0006467999999999999,0.0008870053888888887,0.0008870053888888887,0.0,1.0,
2020,NFCORE_RANGELAND:RANGELAND:PREPROCESSING:FORCE_PREPROCESS,1763863330000,1763863478000,6,193.3,,38654705664.0,,,0.00022439563242845114,0.00058016,0.0008045556324284512,0.0008045556324284512,0.0,1.0,
2015,NFCORE_RANGELAND:RANGELAND:PREPROCESSING:FORCE_PREPROCESS,1763863302000,1763863480000,6,192.0,,38654705664.0,,,0.0002746045555555555,0.0006977600000000001,0.0009723645555555556,0.0009723645555555556,0.0,1.0,
2036,NFCORE_RANGELAND:RANGELAND:PREPROCESSING:FORCE_PREPROCESS,1763863456000,1763863492000,6,172.1,,38654705664.0,,,4.85964115530303e-05,0.00014112,0.0001897164115530303,0.0001897164115530303,0.0,1.0,
2019,NFCORE_RANGELAND:RANGELAND:PREPROCESSING:FORCE_PREPROCESS,1763863321000,1763863478000,6,193.2,,38654705664.0,,,0.00023456625142045462,0.0006154400000000001,0.0008500062514204547,0.0008500062514204547,0.0,1.0,
2024,NFCORE_RANGELAND:RANGELAND:PREPROCESSING:FORCE_PREPROCESS,1763863367000,1763863519000,6,186.0,,38654705664.0,,,0.0002217570126262626,0.00059584,0.0008175970126262627,0.0008175970126262627,0.0,1.0,
2021,NFCORE_RANGELAND:RANGELAND:PREPROCESSING:FORCE_PREPROCESS,1763863340000,1763863496000,6,188.3,,38654705664.0,,,0.00022716094744318192,0.00061152,0.0008386809474431819,0.0008386809474431819,0.0,1.0,
2026,NFCORE_RANGELAND:RANGELAND:PREPROCESSING:FORCE_PREPROCESS,1763863366000,1763863526000,6,188.5,,38654705664.0,,,0.00024233594907407404,0.0006272,0.0008695359490740739,0.0008695359490740739,0.0,1.0,
2023,NFCORE_RANGELAND:RANGELAND:PREPROCESSING:FORCE_PREPROCESS,1763863354000,1763863555000,6,167.7,,38654705664.0,,,0.00025798679765624995,0.00078792,0.00104590679765625,0.00104590679765625,0.0,1.0,
2029,NFCORE_RANGELAND:RANGELAND:PREPROCESSING:FORCE_PREPROCESS,1763863391000,1763863541000,6,191.8,,38654705664.0,,,0.0002311672829861111,0.000588,0.0008191672829861111,0.0008191672829861111,0.0,1.0,
2028,NFCORE_RANGELAND:RANGELAND:PREPROCESSING:FORCE_PREPROCESS,1763863385000,1763863536000,6,192.9,,38654705664.0,,,0.00022525162251420462,0.00059192,0.0008171716225142047,0.0008171716225142047,0.0,1.0,
1795,NFCORE_RANGELAND:RANGELAND:PREPROCESSING:FORCE_PREPROCESS,1763863382000,1763863579000,6,176.8,,38654705664.0,,,0.00026657342291666657,0.0007722400000000001,0.0010388134229166667,0.0010388134229166667,0.0,1.0,
2031,NFCORE_RANGELAND:RANGELAND:PREPROCESSING:FORCE_PREPROCESS,1763863430000,1763863578000,6,192.8,,38654705664.0,,,0.00022066197348484857,0.00058016,0.0008008219734848486,0.0008008219734848486,0.0,1.0,
2032,NFCORE_RANGELAND:RANGELAND:PREPROCESSING:FORCE_PREPROCESS,1763863438000,1763863586000,6,193.0,,38654705664.0,,,0.00021861873958333328,0.00058016,0.0007987787395833334,0.0007987787395833334,0.0,1.0,
2033,NFCORE_RANGELAND:RANGELAND:PREPROCESSING:FORCE_PREPROCESS,1763863454000,1763863613000,6,190.5,,38654705664.0,,,0.00024337648307291667,0.00062328,0.0008666564830729167,0.0008666564830729167,0.0,1.0,
2037,NFCORE_RANGELAND:RANGELAND:PREPROCESSING:FORCE_PREPROCESS,1763863464000,1763863618000,6,191.5,,38654705664.0,,,0.00023131847974537033,0.00060368,0.0008349984797453704,0.0008349984797453704,0.0,1.0,
2025,NFCORE_RANGELAND:RANGELAND:PREPROCESSING:FORCE_PREPROCESS,1763863357000,1763863620000,6,170.1,,38654705664.0,,,0.00035945668828124994,0.0010309599999999998,0.0013904166882812497,0.0013904166882812497,0.0,1.0,
2012,NFCORE_RANGELAND:RANGELAND:PREPROCESSING:FORCE_PREPROCESS,1763863247000,1763863620000,6,141.6,,38654705664.0,,,0.0004042410812499999,0.0014621600000000001,0.00186640108125,0.00186640108125,0.0,1.0,
1536,NFCORE_RANGELAND:RANGELAND:PREPROCESSING:FORCE_PREPROCESS,1763863306000,1763863627000,6,146.4,,38654705664.0,,,0.00036860985265151514,0.00125832,0.0016269298526515152,0.0016269298526515152,0.0,1.0,
2039,NFCORE_RANGELAND:RANGELAND:PREPROCESSING:FORCE_PREPROCESS,1763863483000,1763863633000,6,192.7,,38654705664.0,,,0.0002322520095486111,0.000588,0.0008202520095486111,0.0008202520095486111,0.0,1.0,
2040,NFCORE_RANGELAND:RANGELAND:PREPROCESSING:FORCE_PREPROCESS,1763863483000,1763863636000,6,191.2,,38654705664.0,,,0.00022622368465909098,0.0005997600000000001,0.0008259836846590911,0.0008259836846590911,0.0,1.0,
1559,NFCORE_RANGELAND:RANGELAND:PREPROCESSING:FORCE_PREPROCESS,1763863501000,1763863639000,6,188.3,,38654705664.0,,,0.00020095006889204553,0.00054096,0.0007419100688920456,0.0007419100688920456,0.0,1.0,
2030,NFCORE_RANGELAND:RANGELAND:PREPROCESSING:FORCE_PREPROCESS,1763863412000,1763863655000,6,163.3,,38654705664.0,,,0.00030371120859375,0.0009525600000000001,0.0012562712085937501,0.0012562712085937501,0.0,1.0,
2035,NFCORE_RANGELAND:RANGELAND:PREPROCESSING:FORCE_PREPROCESS,1763863480000,1763863653000,6,180.6,,38654705664.0,,,0.0002450669125315656,0.00067816,0.0009232269125315656,0.0009232269125315656,0.0,1.0,
2041,NFCORE_RANGELAND:RANGELAND:PREPROCESSING:FORCE_PREPROCESS,1763863495000,1763863658000,6,185.5,,38654705664.0,,,0.00023716595615004205,0.0006389599999999999,0.000876125956150042,0.000876125956150042,0.0,1.0,
2043,NFCORE_RANGELAND:RANGELAND:PREPROCESSING:FORCE_PREPROCESS,1763863538000,1763863691000,6,191.2,,38654705664.0,,,0.00022622368465909098,0.0005997600000000001,0.0008259836846590911,0.0008259836846590911,0.0,1.0,
2018,NFCORE_RANGELAND:RANGELAND:PREPROCESSING:FORCE_PREPROCESS,1763863521000,1763863678000,6,190.2,,38654705664.0,,,0.00023422378525883835,0.0006154400000000001,0.0008496637852588385,0.0008496637852588385,0.0,1.0,
2045,NFCORE_RANGELAND:RANGELAND:PREPROCESSING:FORCE_PREPROCESS,1763863557000,1763863705000,6,193.1,,38654705664.0,,,0.00021873201354166664,0.00058016,0.0007988920135416666,0.0007988920135416666,0.0,1.0,
2042,NFCORE_RANGELAND:RANGELAND:PREPROCESSING:FORCE_PREPROCESS,1763863529000,1763863712000,6,184.1,,38654705664.0,,,0.0002707019504340278,0.00071736,0.0009880619504340279,0.0009880619504340279,0.0,1.0,
2044,NFCORE_RANGELAND:RANGELAND:PREPROCESSING:FORCE_PREPROCESS,1763863544000,1763863714000,6,192.5,,38654705664.0,,,0.0002629457537615741,0.0006664,0.0009293457537615741,0.0009293457537615741,0.0,1.0,
2046,NFCORE_RANGELAND:RANGELAND:PREPROCESSING:FORCE_PREPROCESS,1763863580000,1763863729000,6,192.7,,38654705664.0,,,0.0002220377082149622,0.0005840800000000001,0.0008061177082149622,0.0008061177082149622,0.0,1.0,
2047,NFCORE_RANGELAND:RANGELAND:PREPROCESSING:FORCE_PREPROCESS,1763863585000,1763863736000,6,191.9,,38654705664.0,,,0.00022177892994791664,0.00059192,0.0008136989299479167,0.0008136989299479167,0.0,1.0,
2050,NFCORE_RANGELAND:RANGELAND:PREPROCESSING:FORCE_PREPROCESS,1763863615000,1763863765000,6,193.5,,38654705664.0,,,0.0002332162109375,0.000588,0.0008212162109374999,0.0008212162109374999,0.0,1.0,
2022,NFCORE_RANGELAND:RANGELAND:PREPROCESSING:FORCE_PREPROCESS,1763863350000,1763863787000,6,142.1,,38654705664.0,,,0.0004802133926373108,0.00171304,0.0021932533926373107,0.0021932533926373107,0.0,1.0,
2053,NFCORE_RANGELAND:RANGELAND:PREPROCESSING:FORCE_PREPROCESS,1763863629000,1763863782000,6,192.9,,38654705664.0,,,0.00023149653167613634,0.0005997600000000001,0.0008312565316761364,0.0008312565316761364,0.0,1.0,
2051,NFCORE_RANGELAND:RANGELAND:PREPROCESSING:FORCE_PREPROCESS,1763863621000,1763863791000,6,183.1,,38654705664.0,,,0.00024415076867634675,0.0006664,0.0009105507686763467,0.0009105507686763467,0.0,1.0,
2057,NFCORE_RANGELAND:RANGELAND:PREPROCESSING:FORCE_PREPROCESS,1763863642000,1763863793000,6,191.1,,38654705664.0,,,0.00022314974112215915,0.00059192,0.0008150697411221592,0.0008150697411221592,0.0,1.0,
2059,NFCORE_RANGELAND:RANGELAND:PREPROCESSING:FORCE_PREPROCESS,1763863658000,1763863813000,6,188.7,,38654705664.0,,,0.00022385766015624992,0.0006076,0.0008314576601562499,0.0008314576601562499,0.0,1.0,
2058,NFCORE_RANGELAND:RANGELAND:PREPROCESSING:FORCE_PREPROCESS,1763863655000,1763863803000,6,192.9,,38654705664.0,,,0.00022393128554292928,0.00058016,0.0008040912855429293,0.0008040912855429293,0.0,1.0,
2052,NFCORE_RANGELAND:RANGELAND:PREPROCESSING:FORCE_PREPROCESS,1763863624000,1763863848000,6,165.5,,38654705664.0,,,0.0002837359583333333,0.0008780799999999999,0.0011618159583333333,0.0011618159583333333,0.0,1.0,
2063,NFCORE_RANGELAND:RANGELAND:PREPROCESSING:FORCE_PREPROCESS,1763863714000,1763863867000,6,192.2,,38654705664.0,,,0.00023628237135416667,0.0005997600000000001,0.0008360423713541668,0.0008360423713541668,0.0,1.0,
2060,NFCORE_RANGELAND:RANGELAND:PREPROCESSING:FORCE_PREPROCESS,1763863662000,1763863881000,6,162.3,,38654705664.0,,,0.00027879402694128787,0.00085848,0.001137274026941288,0.001137274026941288,0.0,1.0,
1994,NFCORE_RANGELAND:RANGELAND:PREPROCESSING:FORCE_PREPROCESS,1763863695000,1763863892000,6,170.5,,38654705664.0,,,0.0002597462955729167,0.0007722400000000001,0.0010319862955729168,0.0010319862955729168,0.0,1.0,
2054,NFCORE_RANGELAND:RANGELAND:PREPROCESSING:FORCE_PREPROCESS,1763863635000,1763863900000,6,181.9,,38654705664.0,,,0.00038731568041087966,0.0010387999999999999,0.0014261156804108795,0.0014261156804108795,0.0,1.0,
2065,NFCORE_RANGELAND:RANGELAND:PREPROCESSING:FORCE_PREPROCESS,1763863717000,1763863896000,6,181.5,,38654705664.0,,,0.00026104547352430555,0.00070168,0.0009627254735243055,0.0009627254735243055,0.0,1.0,
1539,NFCORE_RANGELAND:RANGELAND:PREPROCESSING:FORCE_PREPROCESS,1763863626000,1763863899000,6,166.0,,38654705664.0,,,0.00036413065451388894,0.0010701600000000001,0.001434290654513889,0.001434290654513889,0.0,1.0,
2067,NFCORE_RANGELAND:RANGELAND:PREPROCESSING:FORCE_PREPROCESS,1763863767000,1763863917000,6,192.3,,38654705664.0,,,0.00023176990885416665,0.000588,0.0008197699088541667,0.0008197699088541667,0.0,1.0,
1541,NFCORE_RANGELAND:RANGELAND:PREPROCESSING:FORCE_PREPROCESS,1763863731000,1763863938000,6,160.9,,38654705664.0,,,0.00025756398899147735,0.0008114400000000001,0.0010690039889914775,0.0010690039889914775,0.0,1.0,
2073,NFCORE_RANGELAND:RANGELAND:PREPROCESSING:FORCE_PREPROCESS,1763863793000,1763863945000,6,192.3,,38654705664.0,,,0.00022926813724747475,0.00059584,0.0008251081372474748,0.0008251081372474748,0.0,1.0,
1774,NFCORE_RANGELAND:RANGELAND:PREPROCESSING:FORCE_PREPROCESS,1763863796000,1763863949000,6,190.4,,38654705664.0,,,0.00022527714204545465,0.0005997600000000001,0.0008250371420454548,0.0008250371420454548,0.0,1.0,
2068,NFCORE_RANGELAND:RANGELAND:PREPROCESSING:FORCE_PREPROCESS,1763863785000,1763863933000,6,193.2,,38654705664.0,,,0.00022427954570707068,0.00058016,0.0008044395457070707,0.0008044395457070707,0.0,1.0,
2049,NFCORE_RANGELAND:RANGELAND:PREPROCESSING:FORCE_PREPROCESS,1763863589000,1763863967000,6,137.9,,38654705664.0,,,0.0003989554734374999,0.00148176,0.0018807154734375,0.0018807154734375,0.0,1.0,
2072,NFCORE_RANGELAND:RANGELAND:PREPROCESSING:FORCE_PREPROCESS,1763863815000,1763863965000,6,192.1,,38654705664.0,,,0.00022053980468749994,0.000588,0.0008085398046875,0.0008085398046875,0.0,1.0,
2069,NFCORE_RANGELAND:RANGELAND:PREPROCESSING:FORCE_PREPROCESS,1763863790000,1763863991000,6,178.8,,38654705664.0,,,0.0002779216150568183,0.00078792,0.0010658416150568183,0.0010658416150568183,0.0,1.0,
2071,NFCORE_RANGELAND:RANGELAND:PREPROCESSING:FORCE_PREPROCESS,1763863805000,1763863993000,6,185.3,,38654705664.0,,,0.000273246179776936,0.00073696,0.001010206179776936,0.001010206179776936,0.0,1.0,
1775,NFCORE_RANGELAND:RANGELAND:PREPROCESSING:FORCE_PREPROCESS,1763863883000,1763864042000,6,189.5,,38654705664.0,,,0.0002363345242266414,0.00062328,0.0008596145242266415,0.0008596145242266415,0.0,1.0,
1794,NFCORE_RANGELAND:RANGELAND:PREPROCESSING:FORCE_PREPROCESS,1763863895000,1763864043000,6,188.7,,38654705664.0,,,0.00021596947301136368,0.00058016,0.0007961294730113637,0.0007961294730113637,0.0,1.0,
2079,NFCORE_RANGELAND:RANGELAND:PREPROCESSING:FORCE_PREPROCESS,1763863899000,1763864049000,6,191.7,,38654705664.0,,,0.00023104675781249998,0.000588,0.0008190467578125,0.0008190467578125,0.0,1.0,
2075,NFCORE_RANGELAND:RANGELAND:PREPROCESSING:FORCE_PREPROCESS,1763863870000,1763864056000,6,189.0,,38654705664.0,,,0.000282462796875,0.00072912,0.001011582796875,0.001011582796875,0.0,1.0,
2061,NFCORE_RANGELAND:RANGELAND:PREPROCESSING:FORCE_PREPROCESS,1763863681000,1763864063000,6,138.9,,38654705664.0,,,0.00041618501480429295,0.00149744,0.001913625014804293,0.001913625014804293,0.0,1.0,
2081,NFCORE_RANGELAND:RANGELAND:PREPROCESSING:FORCE_PREPROCESS,1763863919000,1763864068000,6,192.2,,38654705664.0,,,0.00023010505445601853,0.0005840800000000001,0.0008141850544560186,0.0008141850544560186,0.0,1.0,
1545,NFCORE_RANGELAND:RANGELAND:PREPROCESSING:FORCE_PREPROCESS,1763863936000,1763864072000,6,189.0,,38654705664.0,,,0.00020161439772727272,0.0005331200000000001,0.0007347343977272728,0.0007347343977272728,0.0,1.0,
2056,NFCORE_RANGELAND:RANGELAND:PREPROCESSING:FORCE_PREPROCESS,1763863638000,1763864080000,6,132.5,,38654705664.0,,,0.00045289434777462135,0.00173264,0.0021855343477746214,0.0021855343477746214,0.0,1.0,
2084,NFCORE_RANGELAND:RANGELAND:PREPROCESSING:FORCE_PREPROCESS,1763863947000,1763864095000,6,192.6,,38654705664.0,,,0.00022358302537878785,0.00058016,0.0008037430253787878,0.0008037430253787878,0.0,1.0,
1540,NFCORE_RANGELAND:RANGELAND:PREPROCESSING:FORCE_PREPROCESS,1763863707000,1763864094000,6,146.1,,38654705664.0,,,0.0004327424929687499,0.0015170399999999999,0.0019497824929687498,0.0019497824929687498,0.0,1.0,
2077,NFCORE_RANGELAND:RANGELAND:PREPROCESSING:FORCE_PREPROCESS,1763863903000,1763864106000,6,180.8,,38654705664.0,,,0.0002949042087962963,0.0007957600000000001,0.0010906642087962963,0.0010906642087962963,0.0,1.0,
2082,NFCORE_RANGELAND:RANGELAND:PREPROCESSING:FORCE_PREPROCESS,1763863940000,1763864095000,6,188.5,,38654705664.0,,,0.00022594451645359856,0.0006076,0.0008335445164535986,0.0008335445164535986,0.0,1.0,
2066,NFCORE_RANGELAND:RANGELAND:PREPROCESSING:FORCE_PREPROCESS,1763863738000,1763864134000,6,139.3,,38654705664.0,,,0.00042219653437499993,0.00155232,0.001974516534375,0.001974516534375,0.0,1.0,
2088,NFCORE_RANGELAND:RANGELAND:PREPROCESSING:FORCE_PREPROCESS,1763863970000,1763864136000,6,187.1,,38654705664.0,,,0.00023771152447916663,0.00065072,0.0008884315244791667,0.0008884315244791667,0.0,1.0,
2086,NFCORE_RANGELAND:RANGELAND:PREPROCESSING:FORCE_PREPROCESS,1763863968000,1763864157000,6,180.5,,38654705664.0,,,0.00026110030078124995,0.00074088,0.00100198030078125,0.00100198030078125,0.0,1.0,
2074,NFCORE_RANGELAND:RANGELAND:PREPROCESSING:FORCE_PREPROCESS,1763863850000,1763864171000,6,145.8,,38654705664.0,,,0.00035820440156249993,0.00125832,0.0016165244015625,0.0016165244015625,0.0,1.0,
2080,NFCORE_RANGELAND:RANGELAND:PREPROCESSING:FORCE_PREPROCESS,1763863903000,1763864194000,6,155.6,,38654705664.0,,,0.0003638221100694444,0.00114072,0.0015045421100694444,0.0015045421100694444,0.0,1.0,
2085,NFCORE_RANGELAND:RANGELAND:PREPROCESSING:FORCE_PREPROCESS,1763863951000,1763864205000,6,168.6,,38654705664.0,,,0.00033116927698863643,0.00099568,0.0013268492769886366,0.0013268492769886366,0.0,1.0,
2003,NFCORE_RANGELAND:RANGELAND:PREPROCESSING:FORCE_PREPROCESS,1763864045000,1763864207000,6,190.3,,38654705664.0,,,0.0002384034609375001,0.0006350399999999999,0.0008734434609375,0.0008734434609375,0.0,1.0,
2091,NFCORE_RANGELAND:RANGELAND:PREPROCESSING:FORCE_PREPROCESS,1763864045000,1763864209000,6,186.2,,38654705664.0,,,0.00023952141847643097,0.00064288,0.0008824014184764309,0.0008824014184764309,0.0,1.0,
2093,NFCORE_RANGELAND:RANGELAND:PREPROCESSING:FORCE_PREPROCESS,1763864051000,1763864220000,6,187.0,,38654705664.0,,,0.0002539304707754629,0.00066248,0.000916410470775463,0.000916410470775463,0.0,1.0,
2089,NFCORE_RANGELAND:RANGELAND:PREPROCESSING:FORCE_PREPROCESS,1763863993000,1763864233000,6,157.2,,38654705664.0,,,0.000291757840909091,0.0009408,0.001232557840909091,0.001232557840909091,0.0,1.0,
2098,NFCORE_RANGELAND:RANGELAND:PREPROCESSING:FORCE_PREPROCESS,1763864082000,1763864233000,6,191.9,,38654705664.0,,,0.00022408391062973492,0.00059192,0.000816003910629735,0.000816003910629735,0.0,1.0,
1561,NFCORE_RANGELAND:RANGELAND:PREPROCESSING:FORCE_PREPROCESS,1763864097000,1763864234000,6,188.9,,38654705664.0,,,0.0002029893978798401,0.0005370400000000001,0.0007400293978798402,0.0007400293978798402,0.0,1.0,
1563,NFCORE_RANGELAND:RANGELAND:PREPROCESSING:FORCE_PREPROCESS,1763864097000,1763864239000,6,187.3,,38654705664.0,,,0.00020567659540719706,0.00055664,0.000762316595407197,0.000762316595407197,0.0,1.0,
2096,NFCORE_RANGELAND:RANGELAND:PREPROCESSING:FORCE_PREPROCESS,1763864071000,1763864230000,6,191.3,,38654705664.0,,,0.0002443985365451389,0.00062328,0.0008676785365451389,0.0008676785365451389,0.0,1.0,
2099,NFCORE_RANGELAND:RANGELAND:PREPROCESSING:FORCE_PREPROCESS,1763864097000,1763864247000,6,193.1,,38654705664.0,,,0.00022168785156249997,0.000588,0.0008096878515624999,0.0008096878515624999,0.0,1.0,
1565,NFCORE_RANGELAND:RANGELAND:PREPROCESSING:FORCE_PREPROCESS,1763864109000,1763864244000,6,189.3,,38654705664.0,,,0.00020533873828125002,0.0005292,0.00073453873828125,0.00073453873828125,0.0,1.0,
2090,NFCORE_RANGELAND:RANGELAND:PREPROCESSING:FORCE_PREPROCESS,1763863997000,1763864253000,6,162.1,,38654705664.0,,,0.0003254946168350168,0.00100352,0.0013290146168350168,0.0013290146168350168,0.0,1.0,
2097,NFCORE_RANGELAND:RANGELAND:PREPROCESSING:FORCE_PREPROCESS,1763864075000,1763864254000,6,179.7,,38654705664.0,,,0.0002523027233743686,0.00070168,0.0009539827233743686,0.0009539827233743686,0.0,1.0,
2094,NFCORE_RANGELAND:RANGELAND:PREPROCESSING:FORCE_PREPROCESS,1763864058000,1763864258000,6,194.6,,38654705664.0,,,0.00031272265046296293,0.000784,0.0010967226504629629,0.0010967226504629629,0.0,1.0,
1566,NFCORE_RANGELAND:RANGELAND:PREPROCESSING:FORCE_PREPROCESS,1763864136000,1763864278000,6,189.8,,38654705664.0,,,0.00020627800104166662,0.00055664,0.0007629180010416666,0.0007629180010416666,0.0,1.0,
2101,NFCORE_RANGELAND:RANGELAND:PREPROCESSING:FORCE_PREPROCESS,1763864160000,1763864307000,6,193.0,,38654705664.0,,,0.00021714158593749995,0.00057624,0.0007933815859374999,0.0007933815859374999,0.0,1.0,
2095,NFCORE_RANGELAND:RANGELAND:PREPROCESSING:FORCE_PREPROCESS,1763864065000,1763864339000,6,160.5,,38654705664.0,,,0.00034494228014520195,0.0010740800000000003,0.0014190222801452022,0.0014190222801452022,0.0,1.0,
2102,NFCORE_RANGELAND:RANGELAND:PREPROCESSING:FORCE_PREPROCESS,1763864174000,1763864322000,6,193.0,,38654705664.0,,,0.00021861873958333328,0.00058016,0.0007987787395833334,0.0007987787395833334,0.0,1.0,
2108,NFCORE_RANGELAND:RANGELAND:PREPROCESSING:FORCE_PREPROCESS,1763864212000,1763864360000,6,192.6,,38654705664.0,,,0.00022358302537878785,0.00058016,0.0008037430253787878,0.0008037430253787878,0.0,1.0,
2105,NFCORE_RANGELAND:RANGELAND:PREPROCESSING:FORCE_PREPROCESS,1763864208000,1763864357000,6,192.8,,38654705664.0,,,0.0002221529327651516,0.0005840800000000001,0.0008062329327651516,0.0008062329327651516,0.0,1.0,
2111,NFCORE_RANGELAND:RANGELAND:PREPROCESSING:FORCE_PREPROCESS,1763864232000,1763864380000,6,193.1,,38654705664.0,,,0.00022963098877314814,0.00058016,0.0008097909887731481,0.0008097909887731481,0.0,1.0,
1581,NFCORE_RANGELAND:RANGELAND:PREPROCESSING:FORCE_PREPROCESS,1763864237000,1763864374000,6,189.9,,38654705664.0,,,0.0002040639844223485,0.0005370400000000001,0.0007411039844223487,0.0007411039844223487,0.0,1.0,
2110,NFCORE_RANGELAND:RANGELAND:PREPROCESSING:FORCE_PREPROCESS,1763864209000,1763864374000,6,185.6,,38654705664.0,,,0.00023682125000000005,0.0006467999999999999,0.0008836212499999999,0.0008836212499999999,0.0,1.0,
2107,NFCORE_RANGELAND:RANGELAND:PREPROCESSING:FORCE_PREPROCESS,1763864236000,1763864383000,6,193.6,,38654705664.0,,,0.00022008043750000006,0.00057624,0.0007963204375000001,0.0007963204375000001,0.0,1.0,
1609,NFCORE_RANGELAND:RANGELAND:PREPROCESSING:FORCE_PREPROCESS,1763864257000,1763864396000,6,189.2,,38654705664.0,,,0.00020627982893518514,0.0005448800000000001,0.0007511598289351852,0.0007511598289351852,0.0,1.0,
2113,NFCORE_RANGELAND:RANGELAND:PREPROCESSING:FORCE_PREPROCESS,1763864236000,1763864384000,6,192.6,,38654705664.0,,,0.00022043307102272733,0.00058016,0.0008005930710227274,0.0008005930710227274,0.0,1.0,
1599,NFCORE_RANGELAND:RANGELAND:PREPROCESSING:FORCE_PREPROCESS,1763864261000,1763864398000,6,189.5,,38654705664.0,,,0.00020860095298032408,0.0005370400000000001,0.0007456409529803242,0.0007456409529803242,0.0,1.0,
2114,NFCORE_RANGELAND:RANGELAND:PREPROCESSING:FORCE_PREPROCESS,1763864246000,1763864393000,6,193.4,,38654705664.0,,,0.0002284337720486111,0.00057624,0.0008046737720486111,0.0008046737720486111,0.0,1.0,
2118,NFCORE_RANGELAND:RANGELAND:PREPROCESSING:FORCE_PREPROCESS,1763864255000,1763864417000,6,188.7,,38654705664.0,,,0.00023977712301136357,0.0006350399999999999,0.0008748171230113634,0.0008748171230113634,0.0,1.0,
2117,NFCORE_RANGELAND:RANGELAND:PREPROCESSING:FORCE_PREPROCESS,1763864250000,1763864395000,6,193.2,,38654705664.0,,,0.00021440923437499997,0.0005684,0.0007828092343750001,0.0007828092343750001,0.0,1.0,
2103,NFCORE_RANGELAND:RANGELAND:PREPROCESSING:FORCE_PREPROCESS,1763864196000,1763864404000,6,173.0,,38654705664.0,,,0.0002891318564814815,0.00081536,0.0011044918564814814,0.0011044918564814814,0.0,1.0,
2104,NFCORE_RANGELAND:RANGELAND:PREPROCESSING:FORCE_PREPROCESS,1763864139000,1763864434000,6,150.7,,38654705664.0,,,0.00034025430598958324,0.0011564000000000001,0.0014966543059895833,0.0014966543059895833,0.0,1.0,
1601,NFCORE_RANGELAND:RANGELAND:PREPROCESSING:FORCE_PREPROCESS,1763864309000,1763864453000,6,188.2,,38654705664.0,,,0.00020741992499999996,0.00056448,0.0007718999249999999,0.0007718999249999999,0.0,1.0,
2109,NFCORE_RANGELAND:RANGELAND:PREPROCESSING:FORCE_PREPROCESS,1763864222000,1763864439000,6,192.3,,38654705664.0,,,0.0003352938014756944,0.00085064,0.0011859338014756943,0.0011859338014756943,0.0,1.0,
2116,NFCORE_RANGELAND:RANGELAND:PREPROCESSING:FORCE_PREPROCESS,1763864241000,1763864483000,6,161.7,,38654705664.0,,,0.0003026106015625001,0.00094864,0.0012512506015625,0.0012512506015625,0.0,1.0,
1605,NFCORE_RANGELAND:RANGELAND:PREPROCESSING:FORCE_PREPROCESS,1763864359000,1763864497000,6,190.2,,38654705664.0,,,0.00020297771164772734,0.00054096,0.0007439377116477274,0.0007439377116477274,0.0,1.0,
1600,NFCORE_RANGELAND:RANGELAND:PREPROCESSING:FORCE_PREPROCESS,1763864280000,1763864507000,6,154.7,,38654705664.0,,,0.0002687723153645833,0.0008898400000000001,0.0011586123153645835,0.0011586123153645835,0.0,1.0,
2128,NFCORE_RANGELAND:RANGELAND:PREPROCESSING:FORCE_PREPROCESS,1763864376000,1763864527000,6,191.8,,38654705664.0,,,0.00022716759508627945,0.00059192,0.0008190875950862794,0.0008190875950862794,0.0,1.0,
2125,NFCORE_RANGELAND:RANGELAND:PREPROCESSING:FORCE_PREPROCESS,1763864378000,1763864529000,6,191.8,,38654705664.0,,,0.00022396713944128796,0.00059192,0.000815887139441288,0.000815887139441288,0.0,1.0,
2130,NFCORE_RANGELAND:RANGELAND:PREPROCESSING:FORCE_PREPROCESS,1763864383000,1763864537000,6,189.1,,38654705664.0,,,0.00023399078605324073,0.00060368,0.0008376707860532407,0.0008376707860532407,0.0,1.0,
1608,NFCORE_RANGELAND:RANGELAND:PREPROCESSING:FORCE_PREPROCESS,1763864402000,1763864542000,6,189.3,,38654705664.0,,,0.00021294387673611114,0.0005488000000000001,0.0007617438767361113,0.0007617438767361113,0.0,1.0,
2133,NFCORE_RANGELAND:RANGELAND:PREPROCESSING:FORCE_PREPROCESS,1763864398000,1763864548000,6,191.1,,38654705664.0,,,0.0002193917578124999,0.000588,0.0008073917578124999,0.0008073917578124999,0.0,1.0,
2132,NFCORE_RANGELAND:RANGELAND:PREPROCESSING:FORCE_PREPROCESS,1763864396000,1763864545000,6,192.4,,38654705664.0,,,0.00023034449780092594,0.0005840800000000001,0.000814424497800926,0.000814424497800926,0.0,1.0,
2136,NFCORE_RANGELAND:RANGELAND:PREPROCESSING:FORCE_PREPROCESS,1763864420000,1763864567000,6,193.5,,38654705664.0,,,0.00022311005042613633,0.00057624,0.0007993500504261364,0.0007993500504261364,0.0,1.0,
2126,NFCORE_RANGELAND:RANGELAND:PREPROCESSING:FORCE_PREPROCESS,1763864387000,1763864579000,6,172.6,,38654705664.0,,,0.0002562717727272728,0.0007526400000000001,0.001008911772727273,0.001008911772727273,0.0,1.0,
2119,NFCORE_RANGELAND:RANGELAND:PREPROCESSING:FORCE_PREPROCESS,1763864550000,1763864587000,6,173.7,,38654705664.0,,,4.918921640624999e-05,0.00014504,0.00019422921640625,0.00019422921640625,0.0,1.0,
2135,NFCORE_RANGELAND:RANGELAND:PREPROCESSING:FORCE_PREPROCESS,1763864407000,1763864576000,6,186.5,,38654705664.0,,,0.00025325151229745366,0.00066248,0.0009157315122974537,0.0009157315122974537,0.0,1.0,
2127,NFCORE_RANGELAND:RANGELAND:PREPROCESSING:FORCE_PREPROCESS,1763864362000,1763864575000,6,165.8,,38654705664.0,,,0.00027700331082702016,0.00083496,0.0011119633108270203,0.0011119633108270203,0.0,1.0,
2131,NFCORE_RANGELAND:RANGELAND:PREPROCESSING:FORCE_PREPROCESS,1763864387000,1763864571000,6,181.1,,38654705664.0,,,0.0002576884933712122,0.00072128,0.0009789684933712121,0.0009789684933712121,0.0,1.0,
2139,NFCORE_RANGELAND:RANGELAND:PREPROCESSING:FORCE_PREPROCESS,1763864442000,1763864599000,6,188.5,,38654705664.0,,,0.00023779215002893517,0.0006154400000000001,0.0008532321500289352,0.0008532321500289352,0.0,1.0,
1602,NFCORE_RANGELAND:RANGELAND:PREPROCESSING:FORCE_PREPROCESS,1763864325000,1763864595000,6,155.3,,38654705664.0,,,0.0003209250234374999,0.0010584,0.0013793250234374998,0.0013793250234374998,0.0,1.0,
1606,NFCORE_RANGELAND:RANGELAND:PREPROCESSING:FORCE_PREPROCESS,1763864400000,1763864607000,6,183.3,,38654705664.0,,,0.0002976141944602273,0.0008114400000000001,0.0011090541944602274,0.0011090541944602274,0.0,1.0,
2140,NFCORE_RANGELAND:RANGELAND:PREPROCESSING:FORCE_PREPROCESS,1763864455000,1763864614000,6,190.1,,38654705664.0,,,0.00023133833359374994,0.00062328,0.00085461833359375,0.00085461833359375,0.0,1.0,
2137,NFCORE_RANGELAND:RANGELAND:PREPROCESSING:FORCE_PREPROCESS,1763864437000,1763864642000,6,170.3,,38654705664.0,,,0.00026720025651041663,0.0008036,0.0010708002565104166,0.0010708002565104166,0.0,1.0,
2142,NFCORE_RANGELAND:RANGELAND:PREPROCESSING:FORCE_PREPROCESS,1763864500000,1763864650000,6,191.8,,38654705664.0,,,0.0002224839133522728,0.000588,0.0008104839133522728,0.0008104839133522728,0.0,1.0,
2141,NFCORE_RANGELAND:RANGELAND:PREPROCESSING:FORCE_PREPROCESS,1763864486000,1763864648000,6,187.2,,38654705664.0,,,0.0002345198522727273,0.0006350399999999999,0.0008695598522727272,0.0008695598522727272,0.0,1.0,
2138,NFCORE_RANGELAND:RANGELAND:PREPROCESSING:FORCE_PREPROCESS,1763864510000,1763864663000,6,190.8,,38654705664.0,,,0.000223428290625,0.0005997600000000001,0.0008231882906250001,0.0008231882906250001,0.0,1.0,
1607,NFCORE_RANGELAND:RANGELAND:PREPROCESSING:FORCE_PREPROCESS,1763864530000,1763864667000,6,189.3,,38654705664.0,,,0.00020341923249684343,0.0005370400000000001,0.0007404592324968436,0.0007404592324968436,0.0,1.0,
2147,NFCORE_RANGELAND:RANGELAND:PREPROCESSING:FORCE_PREPROCESS,1763864540000,1763864691000,6,192.4,,38654705664.0,,,0.00023343637025462967,0.00059192,0.0008253563702546297,0.0008253563702546297,0.0,1.0,
2148,NFCORE_RANGELAND:RANGELAND:PREPROCESSING:FORCE_PREPROCESS,1763864544000,1763864694000,6,193.5,,38654705664.0,,,0.0002332162109375,0.000588,0.0008212162109374999,0.0008212162109374999,0.0,1.0,
2146,NFCORE_RANGELAND:RANGELAND:PREPROCESSING:FORCE_PREPROCESS,1763864532000,1763864688000,6,190.5,,38654705664.0,,,0.00022981497869318187,0.00061152,0.000841334978693182,0.000841334978693182,0.0,1.0,
2149,NFCORE_RANGELAND:RANGELAND:PREPROCESSING:FORCE_PREPROCESS,1763864548000,1763864699000,6,193.4,,38654705664.0,,,0.0002346496570023148,0.00059192,0.0008265696570023148,0.0008265696570023148,0.0,1.0,
1603,NFCORE_RANGELAND:RANGELAND:PREPROCESSING:FORCE_PREPROCESS,1763864341000,1763864735000,6,138.0,,38654705664.0,,,0.000426477514520202,0.0015444800000000002,0.0019709575145202022,0.0019709575145202022,0.0,1.0,
2151,NFCORE_RANGELAND:RANGELAND:PREPROCESSING:FORCE_PREPROCESS,1763864574000,1763864724000,6,191.7,,38654705664.0,,,0.0002223679154829546,0.000588,0.0008103679154829546,0.0008103679154829546,0.0,1.0,
2154,NFCORE_RANGELAND:RANGELAND:PREPROCESSING:FORCE_PREPROCESS,1763864598000,1763864747000,6,193.5,,38654705664.0,,,0.00022066608984374998,0.0005840800000000001,0.00080474608984375,0.00080474608984375,0.0,1.0,
2156,NFCORE_RANGELAND:RANGELAND:PREPROCESSING:FORCE_PREPROCESS,1763864581000,1763864729000,6,192.6,,38654705664.0,,,0.00022043307102272733,0.00058016,0.0008005930710227274,0.0008005930710227274,0.0,1.0,
2159,NFCORE_RANGELAND:RANGELAND:PREPROCESSING:FORCE_PREPROCESS,1763864609000,1763864758000,6,191.7,,38654705664.0,,,0.00022404188167613633,0.0005840800000000001,0.0008081218816761364,0.0008081218816761364,0.0,1.0,
2158,NFCORE_RANGELAND:RANGELAND:PREPROCESSING:FORCE_PREPROCESS,1763864601000,1763864749000,6,192.7,,38654705664.0,,,0.00022915531608796297,0.00058016,0.000809315316087963,0.000809315316087963,0.0,1.0,
2157,NFCORE_RANGELAND:RANGELAND:PREPROCESSING:FORCE_PREPROCESS,1763864589000,1763864758000,6,188.4,,38654705664.0,,,0.00024368902187499994,0.00066248,0.0009061690218749999,0.0009061690218749999,0.0,1.0,
2160,NFCORE_RANGELAND:RANGELAND:PREPROCESSING:FORCE_PREPROCESS,1763864617000,1763864767000,6,193.2,,38654705664.0,,,0.00022180265624999995,0.000588,0.00080980265625,0.00080980265625,0.0,1.0,
2161,NFCORE_RANGELAND:RANGELAND:PREPROCESSING:FORCE_PREPROCESS,1763864645000,1763864802000,6,191.1,,38654705664.0,,,0.00022963003984374997,0.0006154400000000001,0.0008450700398437501,0.0008450700398437501,0.0,1.0,
2165,NFCORE_RANGELAND:RANGELAND:PREPROCESSING:FORCE_PREPROCESS,1763864669000,1763864823000,6,193.4,,38654705664.0,,,0.0002336135456018518,0.00060368,0.0008372935456018518,0.0008372935456018518,0.0,1.0,
2162,NFCORE_RANGELAND:RANGELAND:PREPROCESSING:FORCE_PREPROCESS,1763864651000,1763864826000,6,179.9,,38654705664.0,,,0.00024346019472064402,0.0006860000000000001,0.0009294601947206441,0.0009294601947206441,0.0,1.0,
2164,NFCORE_RANGELAND:RANGELAND:PREPROCESSING:FORCE_PREPROCESS,1763864666000,1763864834000,6,184.8,,38654705664.0,,,0.00023761814999999998,0.0006585600000000001,0.0008961781500000001,0.0008961781500000001,0.0,1.0,
2121,NFCORE_RANGELAND:RANGELAND:PREPROCESSING:FORCE_PREPROCESS,1763864580000,1763864852000,6,156.8,,38654705664.0,,,0.00034269002962962963,0.0010662400000000002,0.0014089300296296298,0.0014089300296296298,0.0,1.0,
2168,NFCORE_RANGELAND:RANGELAND:PREPROCESSING:FORCE_PREPROCESS,1763864696000,1763864849000,6,192.8,,38654705664.0,,,0.00023701998541666668,0.0005997600000000001,0.0008367799854166667,0.0008367799854166667,0.0,1.0,
2171,NFCORE_RANGELAND:RANGELAND:PREPROCESSING:FORCE_PREPROCESS,1763864737000,1763864885000,6,192.7,,38654705664.0,,,0.00022369911210016834,0.00058016,0.0008038591121001684,0.0008038591121001684,0.0,1.0,
2170,NFCORE_RANGELAND:RANGELAND:PREPROCESSING:FORCE_PREPROCESS,1763864731000,1763864898000,6,182.7,,38654705664.0,,,0.000235946626065341,0.0006546400000000001,0.000890586626065341,0.000890586626065341,0.0,1.0,
2153,NFCORE_RANGELAND:RANGELAND:PREPROCESSING:FORCE_PREPROCESS,1763864578000,1763864909000,6,144.7,,38654705664.0,,,0.00037567937710963797,0.0012975200000000001,0.001673199377109638,0.001673199377109638,0.0,1.0,
2172,NFCORE_RANGELAND:RANGELAND:PREPROCESSING:FORCE_PREPROCESS,1763864749000,1763864901000,6,190.4,,38654705664.0,,,0.00022150263333333328,0.00059584,0.0008173426333333334,0.0008173426333333334,0.0,1.0,
2163,NFCORE_RANGELAND:RANGELAND:PREPROCESSING:FORCE_PREPROCESS,1763864652000,1763864909000,6,161.1,,38654705664.0,,,0.0003201749989346592,0.00100744,0.0013276149989346593,0.0013276149989346593,0.0,1.0,
2169,NFCORE_RANGELAND:RANGELAND:PREPROCESSING:FORCE_PREPROCESS,1763864701000,1763864927000,6,159.7,,38654705664.0,,,0.00029000124473379623,0.0008859200000000001,0.0011759212447337963,0.0011759212447337963,0.0,1.0,
2173,NFCORE_RANGELAND:RANGELAND:PREPROCESSING:FORCE_PREPROCESS,1763864762000,1763864910000,6,192.5,,38654705664.0,,,0.00021805236979166665,0.00058016,0.0007982123697916667,0.0007982123697916667,0.0,1.0,
2166,NFCORE_RANGELAND:RANGELAND:PREPROCESSING:FORCE_PREPROCESS,1763864691000,1763864911000,6,176.4,,38654705664.0,,,0.00030010968750000014,0.0008623999999999999,0.0011625096875,0.0011625096875,0.0,1.0,
2167,NFCORE_RANGELAND:RANGELAND:PREPROCESSING:FORCE_PREPROCESS,1763864693000,1763864959000,6,182.3,,38654705664.0,,,0.0003896321742476853,0.00104272,0.0014323521742476853,0.0014323521742476853,0.0,1.0,
2122,NFCORE_RANGELAND:RANGELAND:PREPROCESSING:FORCE_PREPROCESS,1763864727000,1763864942000,6,193.1,,38654705664.0,,,0.0003210550361032198,0.0008428,0.00116385503610322,0.00116385503610322,0.0,1.0,
2180,NFCORE_RANGELAND:RANGELAND:PREPROCESSING:FORCE_PREPROCESS,1763864828000,1763864978000,6,190.9,,38654705664.0,,,0.00022143993252840915,0.000588,0.0008094399325284091,0.0008094399325284091,0.0,1.0,
2177,NFCORE_RANGELAND:RANGELAND:PREPROCESSING:FORCE_PREPROCESS,1763864805000,1763864954000,6,193.5,,38654705664.0,,,0.00022066608984374998,0.0005840800000000001,0.00080474608984375,0.00080474608984375,0.0,1.0,
2181,NFCORE_RANGELAND:RANGELAND:PREPROCESSING:FORCE_PREPROCESS,1763864836000,1763864987000,6,192.0,,38654705664.0,,,0.00022189449999999994,0.00059192,0.0008138144999999999,0.0008138144999999999,0.0,1.0,
2178,NFCORE_RANGELAND:RANGELAND:PREPROCESSING:FORCE_PREPROCESS,1763864825000,1763864982000,6,189.6,,38654705664.0,,,0.00023348490896464645,0.0006154400000000001,0.0008489249089646465,0.0008489249089646465,0.0,1.0,
2179,NFCORE_RANGELAND:RANGELAND:PREPROCESSING:FORCE_PREPROCESS,1763864852000,1763864999000,6,192.6,,38654705664.0,,,0.00022748885468749997,0.00057624,0.0008037288546875,0.0008037288546875,0.0,1.0,
2120,NFCORE_RANGELAND:RANGELAND:PREPROCESSING:FORCE_PREPROCESS,1763864570000,1763864989000,6,136.4,,38654705664.0,,,0.000448279855787037,0.00164248,0.002090759855787037,0.002090759855787037,0.0,1.0,
2176,NFCORE_RANGELAND:RANGELAND:PREPROCESSING:FORCE_PREPROCESS,1763864770000,1763865008000,6,167.7,,38654705664.0,,,0.0003054769046874999,0.0009329599999999999,0.0012384369046874997,0.0012384369046874997,0.0,1.0,
2182,NFCORE_RANGELAND:RANGELAND:PREPROCESSING:FORCE_PREPROCESS,1763864854000,1763865005000,6,193.1,,38654705664.0,,,0.00023428567097800925,0.00059192,0.0008262056709780093,0.0008262056709780093,0.0,1.0,
2186,NFCORE_RANGELAND:RANGELAND:PREPROCESSING:FORCE_PREPROCESS,1763864903000,1763865057000,6,192.0,,38654705664.0,,,0.00022630299999999994,0.00060368,0.000829983,0.000829983,0.0,1.0,
1871,NFCORE_RANGELAND:RANGELAND:PREPROCESSING:FORCE_PREPROCESS,1763864900000,1763865053000,6,190.0,,38654705664.0,,,0.00022480387073863645,0.0005997600000000001,0.0008245638707386365,0.0008245638707386365,0.0,1.0,
2184,NFCORE_RANGELAND:RANGELAND:PREPROCESSING:FORCE_PREPROCESS,1763864913000,1763865069000,6,191.1,,38654705664.0,,,0.00023053880539772735,0.00061152,0.0008420588053977274,0.0008420588053977274,0.0,1.0,
2187,NFCORE_RANGELAND:RANGELAND:PREPROCESSING:FORCE_PREPROCESS,1763864911000,1763865066000,6,188.9,,38654705664.0,,,0.0002296595377472643,0.0006076,0.0008372595377472644,0.0008372595377472644,0.0,1.0,
2185,NFCORE_RANGELAND:RANGELAND:PREPROCESSING:FORCE_PREPROCESS,1763864913000,1763865064000,6,193.0,,38654705664.0,,,0.00022305020052083328,0.00059192,0.0008149702005208333,0.0008149702005208333,0.0,1.0,
2183,NFCORE_RANGELAND:RANGELAND:PREPROCESSING:FORCE_PREPROCESS,1763864887000,1763865089000,6,190.6,,38654705664.0,,,0.0003019917619739057,0.00079184,0.0010938317619739058,0.0010938317619739058,0.0,1.0,
2188,NFCORE_RANGELAND:RANGELAND:PREPROCESSING:FORCE_PREPROCESS,1763864914000,1763865111000,6,179.2,,38654705664.0,,,0.00027300021212121216,0.0007722400000000001,0.0010452402121212123,0.0010452402121212123,0.0,1.0,
2189,NFCORE_RANGELAND:RANGELAND:PREPROCESSING:FORCE_PREPROCESS,1763864956000,1763865107000,6,193.0,,38654705664.0,,,0.00022305020052083328,0.00059192,0.0008149702005208333,0.0008149702005208333,0.0,1.0,
2195,NFCORE_RANGELAND:RANGELAND:PREPROCESSING:FORCE_PREPROCESS,1763864981000,1763865128000,6,193.5,,38654705664.0,,,0.00021996675958806824,0.00057624,0.0007962067595880683,0.0007962067595880683,0.0,1.0,
2194,NFCORE_RANGELAND:RANGELAND:PREPROCESSING:FORCE_PREPROCESS,1763864961000,1763865150000,6,175.2,,38654705664.0,,,0.00026606173124999995,0.00074088,0.00100694173125,0.00100694173125,0.0,1.0,
2175,NFCORE_RANGELAND:RANGELAND:PREPROCESSING:FORCE_PREPROCESS,1763864760000,1763865154000,6,136.6,,38654705664.0,,,0.0004221509310395622,0.0015444800000000002,0.0019666309310395623,0.0019666309310395623,0.0,1.0,
2196,NFCORE_RANGELAND:RANGELAND:PREPROCESSING:FORCE_PREPROCESS,1763864985000,1763865158000,6,190.8,,38654705664.0,,,0.0002589079009469697,0.00067816,0.0009370679009469698,0.0009370679009469698,0.0,1.0,
2197,NFCORE_RANGELAND:RANGELAND:PREPROCESSING:FORCE_PREPROCESS,1763864989000,1763865153000,6,185.8,,38654705664.0,,,0.00023321577291666665,0.00064288,0.0008760957729166666,0.0008760957729166666,0.0,1.0,
2198,NFCORE_RANGELAND:RANGELAND:PREPROCESSING:FORCE_PREPROCESS,1763864992000,1763865183000,6,181.2,,38654705664.0,,,0.0002714640917297979,0.00074872,0.001020184091729798,0.001020184091729798,0.0,1.0,
2201,NFCORE_RANGELAND:RANGELAND:PREPROCESSING:FORCE_PREPROCESS,1763865011000,1763865220000,6,187.9,,38654705664.0,,,0.0003005670908854166,0.00081928,0.0011198470908854166,0.0011198470908854166,0.0,1.0,
2204,NFCORE_RANGELAND:RANGELAND:PREPROCESSING:FORCE_PREPROCESS,1763865067000,1763865220000,6,188.2,,38654705664.0,,,0.00022038367031249997,0.0005997600000000001,0.0008201436703125,0.0008201436703125,0.0,1.0,
2203,NFCORE_RANGELAND:RANGELAND:PREPROCESSING:FORCE_PREPROCESS,1763865059000,1763865225000,6,187.1,,38654705664.0,,,0.00023771152447916663,0.00065072,0.0008884315244791667,0.0008884315244791667,0.0,1.0,
2174,NFCORE_RANGELAND:RANGELAND:PREPROCESSING:FORCE_PREPROCESS,1763864751000,1763865227000,6,133.3,,38654705664.0,,,0.0005098279123842593,0.0018659199999999999,0.0023757479123842594,0.0023757479123842594,0.0,1.0,
2199,NFCORE_RANGELAND:RANGELAND:PREPROCESSING:FORCE_PREPROCESS,1763865002000,1763865269000,6,162.6,,38654705664.0,,,0.0003488335994791667,0.00104664,0.0013954735994791668,0.0013954735994791668,0.0,1.0,
2207,NFCORE_RANGELAND:RANGELAND:PREPROCESSING:FORCE_PREPROCESS,1763865109000,1763865263000,6,189.7,,38654705664.0,,,0.00022359207864583328,0.00060368,0.0008272720786458333,0.0008272720786458333,0.0,1.0,
2209,NFCORE_RANGELAND:RANGELAND:PREPROCESSING:FORCE_PREPROCESS,1763865130000,1763865276000,6,193.3,,38654705664.0,,,0.00021824457788825763,0.00057232,0.0007905645778882575,0.0007905645778882575,0.0,1.0,
2206,NFCORE_RANGELAND:RANGELAND:PREPROCESSING:FORCE_PREPROCESS,1763865092000,1763865282000,6,171.4,,38654705664.0,,,0.00025543784922138046,0.0007448,0.0010002378492213805,0.0010002378492213805,0.0,1.0,
1621,NFCORE_RANGELAND:RANGELAND:PREPROCESSING:FORCE_PREPROCESS,1763864930000,1763865275000,6,146.9,,38654705664.0,,,0.00040721840407986114,0.0013524000000000001,0.0017596184040798613,0.0017596184040798613,0.0,1.0,
2212,NFCORE_RANGELAND:RANGELAND:PREPROCESSING:FORCE_PREPROCESS,1763865158000,1763865305000,6,193.6,,38654705664.0,,,0.00022322535277777774,0.00057624,0.0007994653527777778,0.0007994653527777778,0.0,1.0,
2200,NFCORE_RANGELAND:RANGELAND:PREPROCESSING:FORCE_PREPROCESS,1763865007000,1763865286000,6,157.6,,38654705664.0,,,0.0003533026729166666,0.00109368,0.0014469826729166667,0.0014469826729166667,0.0,1.0,
1928,NFCORE_RANGELAND:RANGELAND:PREPROCESSING:FORCE_PREPROCESS,1763864945000,1763865295000,6,155.1,,38654705664.0,,,0.0004197962890625002,0.0013720000000000002,0.0017917962890625003,0.0017917962890625003,0.0,1.0,
2202,NFCORE_RANGELAND:RANGELAND:PREPROCESSING:FORCE_PREPROCESS,1763865056000,1763865332000,6,150.3,,38654705664.0,,,0.00032079442755681824,0.00108192,0.0014027144275568183,0.0014027144275568183,0.0,1.0,
2210,NFCORE_RANGELAND:RANGELAND:PREPROCESSING:FORCE_PREPROCESS,1763865152000,1763865317000,6,186.2,,38654705664.0,,,0.0002468596605902778,0.0006467999999999999,0.0008936596605902777,0.0008936596605902777,0.0,1.0,
2533,NFCORE_RANGELAND:RANGELAND:PREPROCESSING:FORCE_PREPROCESS,1763865070000,1763865359000,6,146.1,,38654705664.0,,,0.000331183650552399,0.0011328800000000002,0.001464063650552399,0.001464063650552399,0.0,1.0,
2214,NFCORE_RANGELAND:RANGELAND:PREPROCESSING:FORCE_PREPROCESS,1763865185000,1763865365000,6,175.5,,38654705664.0,,,0.0002477824005681818,0.0007056,0.0009533824005681818,0.0009533824005681818,0.0,1.0,
2211,NFCORE_RANGELAND:RANGELAND:PREPROCESSING:FORCE_PREPROCESS,1763865155000,1763865377000,6,168.8,,38654705664.0,,,0.00028680966249999997,0.00087024,0.0011570496625,0.0011570496625,0.0,1.0,
2216,NFCORE_RANGELAND:RANGELAND:PREPROCESSING:FORCE_PREPROCESS,1763865228000,1763865381000,6,192.2,,38654705664.0,,,0.00022506770156249998,0.0005997600000000001,0.0008248277015625,0.0008248277015625,0.0,1.0,
2215,NFCORE_RANGELAND:RANGELAND:PREPROCESSING:FORCE_PREPROCESS,1763865223000,1763865396000,6,186.0,,38654705664.0,,,0.00024627901562499996,0.00067816,0.000924439015625,0.000924439015625,0.0,1.0,
2217,NFCORE_RANGELAND:RANGELAND:PREPROCESSING:FORCE_PREPROCESS,1763865230000,1763865380000,6,193.7,,38654705664.0,,,0.00023345726128472222,0.000588,0.0008214572612847222,0.0008214572612847222,0.0,1.0,
2208,NFCORE_RANGELAND:RANGELAND:PREPROCESSING:FORCE_PREPROCESS,1763865114000,1763865399000,6,150.3,,38654705664.0,,,0.00033125511541193194,0.0011172,0.001448455115411932,0.001448455115411932,0.0,1.0,
1678,NFCORE_RANGELAND:RANGELAND:PREPROCESSING:FORCE_PREPROCESS,1763865223000,1763865410000,6,175.1,,38654705664.0,,,0.0002506086830729166,0.00073304,0.0009836486830729165,0.0009836486830729165,0.0,1.0,
2220,NFCORE_RANGELAND:RANGELAND:PREPROCESSING:FORCE_PREPROCESS,1763865277000,1763865425000,6,190.2,,38654705664.0,,,0.00022618236180555555,0.00058016,0.0008063423618055556,0.0008063423618055556,0.0,1.0,
1672,NFCORE_RANGELAND:RANGELAND:PREPROCESSING:FORCE_PREPROCESS,1763865398000,1763865432000,6,171.5,,38654705664.0,,,4.4628408854166655e-05,0.00013328000000000002,0.00017790840885416667,0.00017790840885416667,0.0,1.0,
2218,NFCORE_RANGELAND:RANGELAND:PREPROCESSING:FORCE_PREPROCESS,1763865265000,1763865414000,6,189.8,,38654705664.0,,,0.00021644663489583333,0.0005840800000000001,0.0008005266348958334,0.0008005266348958334,0.0,1.0,
2222,NFCORE_RANGELAND:RANGELAND:PREPROCESSING:FORCE_PREPROCESS,1763865284000,1763865431000,6,189.8,,38654705664.0,,,0.000218843863415404,0.00057624,0.000795083863415404,0.000795083863415404,0.0,1.0,
1655,NFCORE_RANGELAND:RANGELAND:PREPROCESSING:FORCE_PREPROCESS,1763865307000,1763865444000,6,189.5,,38654705664.0,,,0.0002036341498053451,0.0005370400000000001,0.0007406741498053452,0.0007406741498053452,0.0,1.0,
1789,NFCORE_RANGELAND:RANGELAND:PREPROCESSING:FORCE_PREPROCESS,1763865297000,1763865446000,6,191.1,,38654705664.0,,,0.0002201941154119319,0.0005840800000000001,0.000804274115411932,0.000804274115411932,0.0,1.0,
2223,NFCORE_RANGELAND:RANGELAND:PREPROCESSING:FORCE_PREPROCESS,1763865288000,1763865444000,6,188.7,,38654705664.0,,,0.0002365282427083333,0.00061152,0.0008480482427083334,0.0008480482427083334,0.0,1.0,
1656,NFCORE_RANGELAND:RANGELAND:PREPROCESSING:FORCE_PREPROCESS,1763865319000,1763865463000,6,189.1,,38654705664.0,,,0.0002187965791666667,0.00056448,0.0007832765791666667,0.0007832765791666667,0.0,1.0,
1657,NFCORE_RANGELAND:RANGELAND:PREPROCESSING:FORCE_PREPROCESS,1763865334000,1763865475000,6,186.7,,38654705664.0,,,0.00020357394069602278,0.00055272,0.0007562939406960228,0.0007562939406960228,0.0,1.0,
2213,NFCORE_RANGELAND:RANGELAND:PREPROCESSING:FORCE_PREPROCESS,1763865162000,1763865494000,6,146.6,,38654705664.0,,,0.0003817621644360269,0.00130144,0.001683202164436027,0.001683202164436027,0.0,1.0,
2205,NFCORE_RANGELAND:RANGELAND:PREPROCESSING:FORCE_PREPROCESS,1763865072000,1763865494000,6,133.8,,38654705664.0,,,0.00043664381960227295,0.0016542400000000002,0.002090883819602273,0.002090883819602273,0.0,1.0,
1658,NFCORE_RANGELAND:RANGELAND:PREPROCESSING:FORCE_PREPROCESS,1763865361000,1763865498000,6,190.2,,38654705664.0,,,0.00020438636038510097,0.0005370400000000001,0.0007414263603851011,0.0007414263603851011,0.0,1.0,
1670,NFCORE_RANGELAND:RANGELAND:PREPROCESSING:FORCE_PREPROCESS,1763865383000,1763865520000,6,189.9,,38654705664.0,,,0.00020904127161458337,0.0005370400000000001,0.0007460812716145835,0.0007460812716145835,0.0,1.0,
2219,NFCORE_RANGELAND:RANGELAND:PREPROCESSING:FORCE_PREPROCESS,1763865271000,1763865540000,6,155.3,,38654705664.0,,,0.0003356682330150463,0.0010544799999999998,0.001390148233015046,0.001390148233015046,0.0,1.0,
2229,NFCORE_RANGELAND:RANGELAND:PREPROCESSING:FORCE_PREPROCESS,1763865368000,1763865567000,6,191.7,,38654705664.0,,,0.0002992237211647727,0.00078008,0.0010793037211647726,0.0010793037211647726,0.0,1.0,
1685,NFCORE_RANGELAND:RANGELAND:PREPROCESSING:FORCE_PREPROCESS,1763865434000,1763865568000,6,189.8,,38654705664.0,,,0.0001946567052083333,0.0005252799999999999,0.0007199367052083333,0.0007199367052083333,0.0,1.0,
2230,NFCORE_RANGELAND:RANGELAND:PREPROCESSING:FORCE_PREPROCESS,1763865380000,1763865574000,6,183.9,,38654705664.0,,,0.0002730560609375,0.00076048,0.0010335360609375,0.0010335360609375,0.0,1.0,
2236,NFCORE_RANGELAND:RANGELAND:PREPROCESSING:FORCE_PREPROCESS,1763865417000,1763865577000,6,188.2,,38654705664.0,,,0.0002304665833333333,0.0006272,0.0008576665833333332,0.0008576665833333332,0.0,1.0,
1705,NFCORE_RANGELAND:RANGELAND:PREPROCESSING:FORCE_PREPROCESS,1763865446000,1763865583000,6,188.2,,38654705664.0,,,0.00020716991741898146,0.0005370400000000001,0.0007442099174189816,0.0007442099174189816,0.0,1.0,
2243,NFCORE_RANGELAND:RANGELAND:PREPROCESSING:FORCE_PREPROCESS,1763865447000,1763865595000,6,189.6,,38654705664.0,,,0.0002201004237373737,0.00058016,0.0008002604237373738,0.0008002604237373738,0.0,1.0,
2234,NFCORE_RANGELAND:RANGELAND:PREPROCESSING:FORCE_PREPROCESS,1763865412000,1763865584000,6,189.3,,38654705664.0,,,0.000249199646875,0.0006742400000000001,0.000923439646875,0.000923439646875,0.0,1.0,
1698,NFCORE_RANGELAND:RANGELAND:PREPROCESSING:FORCE_PREPROCESS,1763865496000,1763865629000,6,190.7,,38654705664.0,,,0.00019613770395359857,0.00052136,0.0007174977039535986,0.0007174977039535986,0.0,1.0,
2238,NFCORE_RANGELAND:RANGELAND:PREPROCESSING:FORCE_PREPROCESS,1763865433000,1763865627000,6,191.5,,38654705664.0,,,0.0002914012017571548,0.00076048,0.0010518812017571548,0.0010518812017571548,0.0,1.0,
1671,NFCORE_RANGELAND:RANGELAND:PREPROCESSING:FORCE_PREPROCESS,1763865383000,1763865637000,6,149.7,,38654705664.0,,,0.0002910206984374999,0.00099568,0.0012867006984375,0.0012867006984375,0.0,1.0,
2221,NFCORE_RANGELAND:RANGELAND:PREPROCESSING:FORCE_PREPROCESS,1763865280000,1763865652000,6,137.7,,38654705664.0,,,0.0003961280838068183,0.00145824,0.0018543680838068182,0.0018543680838068182,0.0,1.0,
2233,NFCORE_RANGELAND:RANGELAND:PREPROCESSING:FORCE_PREPROCESS,1763865402000,1763865646000,6,172.3,,38654705664.0,,,0.0003251126415719698,0.0009564800000000001,0.0012815926415719698,0.0012815926415719698,0.0,1.0,
2247,NFCORE_RANGELAND:RANGELAND:PREPROCESSING:FORCE_PREPROCESS,1763865500000,1763865655000,6,190.2,,38654705664.0,,,0.0002312400427714646,0.0006076,0.0008388400427714646,0.0008388400427714646,0.0,1.0,
2244,NFCORE_RANGELAND:RANGELAND:PREPROCESSING:FORCE_PREPROCESS,1763865450000,1763865659000,6,186.0,,38654705664.0,,,0.0003006200781250001,0.00081928,0.001119900078125,0.001119900078125,0.0,1.0,
1697,NFCORE_RANGELAND:RANGELAND:PREPROCESSING:FORCE_PREPROCESS,1763865477000,1763865669000,6,166.3,,38654705664.0,,,0.00024691770454545467,0.0007526400000000001,0.0009995577045454548,0.0009995577045454548,0.0,1.0,
2237,NFCORE_RANGELAND:RANGELAND:PREPROCESSING:FORCE_PREPROCESS,1763865427000,1763865692000,6,164.0,,38654705664.0,,,0.00034920160300925927,0.0010387999999999999,0.001388001603009259,0.001388001603009259,0.0,1.0,
2248,NFCORE_RANGELAND:RANGELAND:PREPROCESSING:FORCE_PREPROCESS,1763865542000,1763865695000,6,190.3,,38654705664.0,,,0.00023394659348958336,0.0005997600000000001,0.0008337065934895835,0.0008337065934895835,0.0,1.0,
2260,NFCORE_RANGELAND:RANGELAND:PREPROCESSING:FORCE_PREPROCESS,1763865649000,1763865688000,6,160.1,,38654705664.0,,,4.828527308238637e-05,0.00015288,0.00020116527308238638,0.00020116527308238638,0.0,1.0,
1750,NFCORE_RANGELAND:RANGELAND:PREPROCESSING:FORCE_PREPROCESS,1763865496000,1763865687000,6,177.4,,38654705664.0,,,0.00026577113616372053,0.00074872,0.0010144911361637207,0.0010144911361637207,0.0,1.0,
2265,NFCORE_RANGELAND:RANGELAND:PREPROCESSING:FORCE_PREPROCESS,1763865671000,1763865708000,6,166.1,,38654705664.0,,,4.752587369791668e-05,0.00014504,0.00019256587369791668,0.00019256587369791668,0.0,1.0,
2249,NFCORE_RANGELAND:RANGELAND:PREPROCESSING:FORCE_PREPROCESS,1763865570000,1763865719000,6,189.6,,38654705664.0,,,0.00022158758876262625,0.0005840800000000001,0.0008056675887626263,0.0008056675887626263,0.0,1.0,
2255,NFCORE_RANGELAND:RANGELAND:PREPROCESSING:FORCE_PREPROCESS,1763865586000,1763865731000,6,190.5,,38654705664.0,,,0.0002219471072048611,0.0005684,0.0007903471072048611,0.0007903471072048611,0.0,1.0,
2256,NFCORE_RANGELAND:RANGELAND:PREPROCESSING:FORCE_PREPROCESS,1763865597000,1763865746000,6,187.6,,38654705664.0,,,0.00021925016694023569,0.0005840800000000001,0.0008033301669402357,0.0008033301669402357,0.0,1.0,
2252,NFCORE_RANGELAND:RANGELAND:PREPROCESSING:FORCE_PREPROCESS,1763865572000,1763865764000,6,174.0,,38654705664.0,,,0.000255693,0.0007526400000000001,0.0010083330000000001,0.0010083330000000001,0.0,1.0,
2259,NFCORE_RANGELAND:RANGELAND:PREPROCESSING:FORCE_PREPROCESS,1763865632000,1763865780000,6,187.1,,38654705664.0,,,0.000214138253314394,0.00058016,0.000794298253314394,0.000794298253314394,0.0,1.0,
1831,NFCORE_RANGELAND:RANGELAND:PREPROCESSING:FORCE_PREPROCESS,1763865639000,1763865788000,6,190.7,,38654705664.0,,,0.0002174729888020833,0.0005840800000000001,0.0008015529888020834,0.0008015529888020834,0.0,1.0,
2253,NFCORE_RANGELAND:RANGELAND:PREPROCESSING:FORCE_PREPROCESS,1763865577000,1763865782000,6,192.6,,38654705664.0,,,0.0003021888984374999,0.0008036,0.0011057888984374999,0.0011057888984374999,0.0,1.0,
1696,NFCORE_RANGELAND:RANGELAND:PREPROCESSING:FORCE_PREPROCESS,1763865465000,1763865797000,6,144.2,,38654705664.0,,,0.00038467135810185183,0.00130144,0.001686111358101852,0.001686111358101852,0.0,1.0,
2246,NFCORE_RANGELAND:RANGELAND:PREPROCESSING:FORCE_PREPROCESS,1763865523000,1763865809000,6,148.0,,38654705664.0,,,0.00034010596990740737,0.00112112,0.0014612259699074075,0.0014612259699074075,0.0,1.0,
2257,NFCORE_RANGELAND:RANGELAND:PREPROCESSING:FORCE_PREPROCESS,1763865629000,1763865812000,6,186.7,,38654705664.0,,,0.00026798854941603533,0.00071736,0.0009853485494160353,0.0009853485494160353,0.0,1.0,
2263,NFCORE_RANGELAND:RANGELAND:PREPROCESSING:FORCE_PREPROCESS,1763865658000,1763865807000,6,189.8,,38654705664.0,,,0.00022182133094486535,0.0005840800000000001,0.0008059013309448654,0.0008059013309448654,0.0,1.0,
2264,NFCORE_RANGELAND:RANGELAND:PREPROCESSING:FORCE_PREPROCESS,1763865662000,1763865810000,6,186.2,,38654705664.0,,,0.00021310819223484853,0.00058016,0.0007932681922348486,0.0007932681922348486,0.0,1.0,
2268,NFCORE_RANGELAND:RANGELAND:PREPROCESSING:FORCE_PREPROCESS,1763865696000,1763865846000,6,190.8,,38654705664.0,,,0.00022996203125,0.000588,0.00081796203125,0.00081796203125,0.0,1.0,
2267,NFCORE_RANGELAND:RANGELAND:PREPROCESSING:FORCE_PREPROCESS,1763865691000,1763865837000,6,190.1,,38654705664.0,,,0.00021463163091856065,0.00057232,0.0007869516309185606,0.0007869516309185606,0.0,1.0,
2266,NFCORE_RANGELAND:RANGELAND:PREPROCESSING:FORCE_PREPROCESS,1763865689000,1763865857000,6,190.8,,38654705664.0,,,0.0002514250136363637,0.0006585600000000001,0.0009099850136363638,0.0009099850136363638,0.0,1.0,
1639,NFCORE_RANGELAND:RANGELAND:PREPROCESSING:FORCE_PREPROCESS,1763865722000,1763865859000,6,190.2,,38654705664.0,,,0.00020438636038510097,0.0005370400000000001,0.0007414263603851011,0.0007414263603851011,0.0,1.0,
1768,NFCORE_RANGELAND:RANGELAND:PREPROCESSING:FORCE_PREPROCESS,1763865699000,1763865867000,6,183.1,,38654705664.0,,,0.0002471633840277778,0.0006585600000000001,0.0009057233840277779,0.0009057233840277779,0.0,1.0,
1769,NFCORE_RANGELAND:RANGELAND:PREPROCESSING:FORCE_PREPROCESS,1763865710000,1763865868000,6,189.3,,38654705664.0,,,0.0002312951115056819,0.00061936,0.0008506551115056819,0.0008506551115056819,0.0,1.0,
2261,NFCORE_RANGELAND:RANGELAND:PREPROCESSING:FORCE_PREPROCESS,1763865655000,1763865874000,6,183.1,,38654705664.0,,,0.00031009246413352283,0.00085848,0.001168572464133523,0.001168572464133523,0.0,1.0,
2250,NFCORE_RANGELAND:RANGELAND:PREPROCESSING:FORCE_PREPROCESS,1763865588000,1763865876000,6,164.5,,38654705664.0,,,0.0003625991249999999,0.00112896,0.0014915591249999999,0.0014915591249999999,0.0,1.0,
1939,NFCORE_RANGELAND:RANGELAND:PREPROCESSING:FORCE_PREPROCESS,1763865734000,1763865886000,6,189.3,,38654705664.0,,,0.00023119620902777783,0.00059584,0.0008270362090277779,0.0008270362090277779,0.0,1.0,
2291,NFCORE_RANGELAND:RANGELAND:PREPROCESSING:FORCE_PREPROCESS,1763865888000,1763865904000,6,118.1,,38654705664.0,,,1.518295787037037e-05,6.272e-05,7.790295787037037e-05,7.790295787037037e-05,0.0,1.0,
1543,NFCORE_RANGELAND:RANGELAND:PREPROCESSING:FORCE_PREPROCESS,1763865767000,1763865902000,6,190.2,,38654705664.0,,,0.00019652266406249995,0.0005292,0.0007257226640624999,0.0007257226640624999,0.0,1.0,
2254,NFCORE_RANGELAND:RANGELAND:PREPROCESSING:FORCE_PREPROCESS,1763865579000,1763865948000,6,138.5,,38654705664.0,,,0.00039115105078124993,0.00144648,0.00183763105078125,0.00183763105078125,0.0,1.0,
2276,NFCORE_RANGELAND:RANGELAND:PREPROCESSING:FORCE_PREPROCESS,1763865785000,1763865940000,6,187.2,,38654705664.0,,,0.00022207818749999994,0.0006076,0.0008296781874999999,0.0008296781874999999,0.0,1.0,
2277,NFCORE_RANGELAND:RANGELAND:PREPROCESSING:FORCE_PREPROCESS,1763865791000,1763865940000,6,188.8,,38654705664.0,,,0.00021530624166666662,0.0005840800000000001,0.0007993862416666667,0.0007993862416666667,0.0,1.0,
1989,NFCORE_RANGELAND:RANGELAND:PREPROCESSING:FORCE_PREPROCESS,1763865783000,1763865946000,6,188.3,,38654705664.0,,,0.00023735406687973496,0.0006389599999999999,0.0008763140668797349,0.0008763140668797349,0.0,1.0,
2278,NFCORE_RANGELAND:RANGELAND:PREPROCESSING:FORCE_PREPROCESS,1763865800000,1763865955000,6,184.4,,38654705664.0,,,0.0002296567008101852,0.0006076,0.0008372567008101853,0.0008372567008101853,0.0,1.0,
1940,NFCORE_RANGELAND:RANGELAND:PREPROCESSING:FORCE_PREPROCESS,1763865748000,1763865963000,6,163.8,,38654705664.0,,,0.00027623149100378786,0.0008428,0.001119031491003788,0.001119031491003788,0.0,1.0,
2279,NFCORE_RANGELAND:RANGELAND:PREPROCESSING:FORCE_PREPROCESS,1763865810000,1763865959000,6,189.1,,38654705664.0,,,0.0002210032333070286,0.0005840800000000001,0.0008050832333070287,0.0008050832333070287,0.0,1.0,
2280,NFCORE_RANGELAND:RANGELAND:PREPROCESSING:FORCE_PREPROCESS,1763865812000,1763865966000,6,189.3,,38654705664.0,,,0.00023423826440972223,0.00060368,0.0008379182644097222,0.0008379182644097222,0.0,1.0,
1720,NFCORE_RANGELAND:RANGELAND:PREPROCESSING:FORCE_PREPROCESS,1763865839000,1763865976000,6,188.2,,38654705664.0,,,0.000199387964251894,0.0005370400000000001,0.0007364279642518942,0.0007364279642518942,0.0,1.0,
2283,NFCORE_RANGELAND:RANGELAND:PREPROCESSING:FORCE_PREPROCESS,1763865814000,1763865997000,6,184.8,,38654705664.0,,,0.00026526129583333334,0.00071736,0.0009826212958333335,0.0009826212958333335,0.0,1.0,
2281,NFCORE_RANGELAND:RANGELAND:PREPROCESSING:FORCE_PREPROCESS,1763865848000,1763865999000,6,188.0,,38654705664.0,,,0.00022809790856481482,0.00059192,0.0008200179085648149,0.0008200179085648149,0.0,1.0,
2286,NFCORE_RANGELAND:RANGELAND:PREPROCESSING:FORCE_PREPROCESS,1763865861000,1763866010000,6,186.2,,38654705664.0,,,0.00021761397166456228,0.0005840800000000001,0.0008016939716645623,0.0008016939716645623,0.0,1.0,
2287,NFCORE_RANGELAND:RANGELAND:PREPROCESSING:FORCE_PREPROCESS,1763865869000,1763866034000,6,187.9,,38654705664.0,,,0.0002491134813368055,0.0006467999999999999,0.0008959134813368054,0.0008959134813368054,0.0,1.0,
2289,NFCORE_RANGELAND:RANGELAND:PREPROCESSING:FORCE_PREPROCESS,1763865876000,1763866036000,6,188.7,,38654705664.0,,,0.00023348051136363643,0.0006272,0.0008606805113636364,0.0008606805113636364,0.0,1.0,
1530,NFCORE_RANGELAND:RANGELAND:PREPROCESSING:FORCE_PREPROCESS,1763865870000,1763866037000,6,174.2,,38654705664.0,,,0.00022496936103219702,0.0006546400000000001,0.0008796093610321971,0.0008796093610321971,0.0,1.0,
2292,NFCORE_RANGELAND:RANGELAND:PREPROCESSING:FORCE_PREPROCESS,1763865905000,1763866057000,6,188.6,,38654705664.0,,,0.00021940859583333329,0.00059584,0.0008152485958333334,0.0008152485958333334,0.0,1.0,
2293,NFCORE_RANGELAND:RANGELAND:PREPROCESSING:FORCE_PREPROCESS,1763865908000,1763866057000,6,189.4,,38654705664.0,,,0.00022675284762731484,0.0005840800000000001,0.000810832847627315,0.000810832847627315,0.0,1.0,
2284,NFCORE_RANGELAND:RANGELAND:PREPROCESSING:FORCE_PREPROCESS,1763865859000,1763866083000,6,169.9,,38654705664.0,,,0.0002985122978114478,0.0008780799999999999,0.0011765922978114478,0.0011765922978114478,0.0,1.0,
1594,NFCORE_RANGELAND:RANGELAND:PREPROCESSING:FORCE_PREPROCESS,1763865943000,1763866089000,6,189.1,,38654705664.0,,,0.0002113064463541666,0.00057232,0.0007836264463541666,0.0007836264463541666,0.0,1.0,
2297,NFCORE_RANGELAND:RANGELAND:PREPROCESSING:FORCE_PREPROCESS,1763865958000,1763866105000,6,189.6,,38654705664.0,,,0.00022394541458333335,0.00057624,0.0008001854145833333,0.0008001854145833333,0.0,1.0,
2294,NFCORE_RANGELAND:RANGELAND:PREPROCESSING:FORCE_PREPROCESS,1763865943000,1763866098000,6,187.7,,38654705664.0,,,0.00022267134505208328,0.0006076,0.0008302713450520833,0.0008302713450520833,0.0,1.0,
2295,NFCORE_RANGELAND:RANGELAND:PREPROCESSING:FORCE_PREPROCESS,1763865950000,1763866115000,6,182.2,,38654705664.0,,,0.00023248292968750005,0.0006467999999999999,0.0008792829296875,0.0008792829296875,0.0,1.0,
2299,NFCORE_RANGELAND:RANGELAND:PREPROCESSING:FORCE_PREPROCESS,1763865961000,1763866110000,6,188.0,,38654705664.0,,,0.0002197176513047138,0.0005840800000000001,0.0008037976513047139,0.0008037976513047139,0.0,1.0,
2301,NFCORE_RANGELAND:RANGELAND:PREPROCESSING:FORCE_PREPROCESS,1763865969000,1763866124000,6,186.5,,38654705664.0,,,0.00023227209707754628,0.0006076,0.0008398720970775463,0.0008398720970775463,0.0,1.0,
2302,NFCORE_RANGELAND:RANGELAND:PREPROCESSING:FORCE_PREPROCESS,1763865978000,1763866128000,6,188.9,,38654705664.0,,,0.00021911997514204555,0.000588,0.0008071199751420455,0.0008071199751420455,0.0,1.0,
2314,NFCORE_RANGELAND:RANGELAND:PREPROCESSING:FORCE_PREPROCESS,1763866107000,1763866144000,6,169.4,,38654705664.0,,,5.0361845543981485e-05,0.00014504,0.0001954018455439815,0.0001954018455439815,0.0,1.0,
2296,NFCORE_RANGELAND:RANGELAND:PREPROCESSING:FORCE_PREPROCESS,1763865951000,1763866143000,6,171.2,,38654705664.0,,,0.00025157839999999994,0.0007526400000000001,0.0010042184,0.0010042184,0.0,1.0,
2304,NFCORE_RANGELAND:RANGELAND:PREPROCESSING:FORCE_PREPROCESS,1763866002000,1763866152000,6,188.9,,38654705664.0,,,0.00022767205295138888,0.000588,0.0008156720529513889,0.0008156720529513889,0.0,1.0,
2303,NFCORE_RANGELAND:RANGELAND:PREPROCESSING:FORCE_PREPROCESS,1763865999000,1763866153000,6,187.8,,38654705664.0,,,0.0002268491409722222,0.00060368,0.0008305291409722222,0.0008305291409722222,0.0,1.0,
2305,NFCORE_RANGELAND:RANGELAND:PREPROCESSING:FORCE_PREPROCESS,1763866012000,1763866161000,6,189.9,,38654705664.0,,,0.00022193820203598487,0.0005840800000000001,0.0008060182020359849,0.0008060182020359849,0.0,1.0,
2306,NFCORE_RANGELAND:RANGELAND:PREPROCESSING:FORCE_PREPROCESS,1763866037000,1763866186000,6,188.8,,38654705664.0,,,0.00022603451759259263,0.0005840800000000001,0.0008101145175925927,0.0008101145175925927,0.0,1.0,
2290,NFCORE_RANGELAND:RANGELAND:PREPROCESSING:FORCE_PREPROCESS,1763865879000,1763866187000,6,172.8,,38654705664.0,,,0.0004073453999999999,0.00120736,0.0016147053999999998,0.0016147053999999998,0.0,1.0,
2300,NFCORE_RANGELAND:RANGELAND:PREPROCESSING:FORCE_PREPROCESS,1763865965000,1763866187000,6,160.4,,38654705664.0,,,0.0002793046516414142,0.00087024,0.0011495446516414142,0.0011495446516414142,0.0,1.0,
2307,NFCORE_RANGELAND:RANGELAND:PREPROCESSING:FORCE_PREPROCESS,1763866040000,1763866193000,6,189.4,,38654705664.0,,,0.0002240939637784092,0.0005997600000000001,0.0008238539637784093,0.0008238539637784093,0.0,1.0,
2282,NFCORE_RANGELAND:RANGELAND:PREPROCESSING:FORCE_PREPROCESS,1763865813000,1763866198000,6,150.9,,38654705664.0,,,0.00044927134765625014,0.0015091999999999998,0.00195847134765625,0.00195847134765625,0.0,1.0,
2308,NFCORE_RANGELAND:RANGELAND:PREPROCESSING:FORCE_PREPROCESS,1763866046000,1763866197000,6,187.7,,38654705664.0,,,0.00021917952071496215,0.00059192,0.0008110995207149622,0.0008110995207149622,0.0,1.0,
2323,NFCORE_RANGELAND:RANGELAND:PREPROCESSING:FORCE_PREPROCESS,1763866163000,1763866199000,6,167.1,,38654705664.0,,,4.7184546022727264e-05,0.00014112,0.00018830454602272728,0.00018830454602272728,0.0,1.0,
2309,NFCORE_RANGELAND:RANGELAND:PREPROCESSING:FORCE_PREPROCESS,1763866059000,1763866208000,6,186.2,,38654705664.0,,,0.0002123412192708333,0.0005840800000000001,0.0007964212192708333,0.0007964212192708333,0.0,1.0,
2310,NFCORE_RANGELAND:RANGELAND:PREPROCESSING:FORCE_PREPROCESS,1763866062000,1763866213000,6,186.0,,38654705664.0,,,0.00022567133506944445,0.00059192,0.0008175913350694445,0.0008175913350694445,0.0,1.0,
2332,NFCORE_RANGELAND:RANGELAND:PREPROCESSING:FORCE_PREPROCESS,1763866215000,1763866253000,6,168.0,,38654705664.0,,,5.129551388888889e-05,0.00014896,0.0002002555138888889,0.0002002555138888889,0.0,1.0,
2315,NFCORE_RANGELAND:RANGELAND:PREPROCESSING:FORCE_PREPROCESS,1763866113000,1763866261000,6,189.6,,38654705664.0,,,0.0002201004237373737,0.00058016,0.0008002604237373738,0.0008002604237373738,0.0,1.0,
2316,NFCORE_RANGELAND:RANGELAND:PREPROCESSING:FORCE_PREPROCESS,1763866117000,1763866275000,6,189.0,,38654705664.0,,,0.00023092855823863642,0.00061936,0.0008502885582386365,0.0008502885582386365,0.0,1.0,
2318,NFCORE_RANGELAND:RANGELAND:PREPROCESSING:FORCE_PREPROCESS,1763866126000,1763866290000,6,187.9,,38654705664.0,,,0.00024760370266203706,0.00064288,0.000890483702662037,0.000890483702662037,0.0,1.0,
2319,NFCORE_RANGELAND:RANGELAND:PREPROCESSING:FORCE_PREPROCESS,1763866146000,1763866294000,6,189.5,,38654705664.0,,,0.0002146541510416666,0.00058016,0.0007948141510416666,0.0007948141510416666,0.0,1.0,
2317,NFCORE_RANGELAND:RANGELAND:PREPROCESSING:FORCE_PREPROCESS,1763866130000,1763866281000,6,189.0,,38654705664.0,,,0.00022069754616477278,0.00059192,0.0008126175461647728,0.0008126175461647728,0.0,1.0,
2322,NFCORE_RANGELAND:RANGELAND:PREPROCESSING:FORCE_PREPROCESS,1763866155000,1763866312000,6,190.2,,38654705664.0,,,0.00023422378525883835,0.0006154400000000001,0.0008496637852588385,0.0008496637852588385,0.0,1.0,
2298,NFCORE_RANGELAND:RANGELAND:PREPROCESSING:FORCE_PREPROCESS,1763866157000,1763866303000,6,188.6,,38654705664.0,,,0.00022124886469907404,0.00057232,0.000793568864699074,0.000793568864699074,0.0,1.0,
2324,NFCORE_RANGELAND:RANGELAND:PREPROCESSING:FORCE_PREPROCESS,1763866188000,1763866338000,6,187.0,,38654705664.0,,,0.00022538207465277777,0.000588,0.0008133820746527777,0.0008133820746527777,0.0,1.0,
2325,NFCORE_RANGELAND:RANGELAND:PREPROCESSING:FORCE_PREPROCESS,1763866191000,1763866345000,6,188.0,,38654705664.0,,,0.0002215883541666666,0.00060368,0.0008252683541666666,0.0008252683541666666,0.0,1.0,
2327,NFCORE_RANGELAND:RANGELAND:PREPROCESSING:FORCE_PREPROCESS,1763866197000,1763866348000,6,188.8,,38654705664.0,,,0.00022046400378787886,0.00059192,0.0008123840037878788,0.0008123840037878788,0.0,1.0,
2330,NFCORE_RANGELAND:RANGELAND:PREPROCESSING:FORCE_PREPROCESS,1763866207000,1763866357000,6,189.5,,38654705664.0,,,0.0002229570983270202,0.000588,0.0008109570983270202,0.0008109570983270202,0.0,1.0,
2331,NFCORE_RANGELAND:RANGELAND:PREPROCESSING:FORCE_PREPROCESS,1763866210000,1763866358000,6,189.8,,38654705664.0,,,0.00021499397291666666,0.00058016,0.0007951539729166667,0.0007951539729166667,0.0,1.0,
2313,NFCORE_RANGELAND:RANGELAND:PREPROCESSING:FORCE_PREPROCESS,1763866100000,1763866367000,6,159.3,,38654705664.0,,,0.00032553328359375,0.00104664,0.00137217328359375,0.00137217328359375,0.0,1.0,
2321,NFCORE_RANGELAND:RANGELAND:PREPROCESSING:FORCE_PREPROCESS,1763866148000,1763866365000,6,191.8,,38654705664.0,,,0.00033442200271990743,0.00085064,0.0011850620027199074,0.0011850620027199074,0.0,1.0,
2329,NFCORE_RANGELAND:RANGELAND:PREPROCESSING:FORCE_PREPROCESS,1763866202000,1763866366000,6,182.8,,38654705664.0,,,0.00023183488825757585,0.00064288,0.0008747148882575759,0.0008747148882575759,0.0,1.0,
2312,NFCORE_RANGELAND:RANGELAND:PREPROCESSING:FORCE_PREPROCESS,1763866091000,1763866369000,6,149.1,,38654705664.0,,,0.0003172420890624999,0.0010897600000000002,0.0014070020890625,0.0014070020890625,0.0,1.0,
2346,NFCORE_RANGELAND:RANGELAND:PREPROCESSING:FORCE_PREPROCESS,1763866360000,1763866397000,6,169.0,,38654705664.0,,,4.785824739583333e-05,0.00014504,0.00019289824739583333,0.00019289824739583333,0.0,1.0,
2333,NFCORE_RANGELAND:RANGELAND:PREPROCESSING:FORCE_PREPROCESS,1763866255000,1763866401000,6,190.5,,38654705664.0,,,0.0002234777769097222,0.00057232,0.0007957977769097222,0.0007957977769097222,0.0,1.0,
2328,NFCORE_RANGELAND:RANGELAND:PREPROCESSING:FORCE_PREPROCESS,1763866200000,1763866418000,6,174.6,,38654705664.0,,,0.0002943469133522728,0.00085456,0.0011489069133522728,0.0011489069133522728,0.0,1.0,
2335,NFCORE_RANGELAND:RANGELAND:PREPROCESSING:FORCE_PREPROCESS,1763866278000,1763866429000,6,190.2,,38654705664.0,,,0.00022209880042613645,0.00059192,0.0008140188004261365,0.0008140188004261365,0.0,1.0,
2336,NFCORE_RANGELAND:RANGELAND:PREPROCESSING:FORCE_PREPROCESS,1763866284000,1763866439000,6,188.7,,38654705664.0,,,0.0002261842453835228,0.0006076,0.0008337842453835228,0.0008337842453835228,0.0,1.0,
2338,NFCORE_RANGELAND:RANGELAND:PREPROCESSING:FORCE_PREPROCESS,1763866297000,1763866446000,6,190.4,,38654705664.0,,,0.0002171308708333333,0.0005840800000000001,0.0008012108708333333,0.0008012108708333333,0.0,1.0,
2339,NFCORE_RANGELAND:RANGELAND:PREPROCESSING:FORCE_PREPROCESS,1763866305000,1763866450000,6,186.8,,38654705664.0,,,0.0002176363234953704,0.0005684,0.0007860363234953704,0.0007860363234953704,0.0,1.0,
2337,NFCORE_RANGELAND:RANGELAND:PREPROCESSING:FORCE_PREPROCESS,1763866292000,1763866446000,6,185.4,,38654705664.0,,,0.00022941243645833333,0.00060368,0.0008330924364583334,0.0008330924364583334,0.0,1.0,
2340,NFCORE_RANGELAND:RANGELAND:PREPROCESSING:FORCE_PREPROCESS,1763866314000,1763866475000,6,186.9,,38654705664.0,,,0.0002360239138099747,0.0006311199999999999,0.0008671439138099746,0.0008671439138099746,0.0,1.0,
2341,NFCORE_RANGELAND:RANGELAND:PREPROCESSING:FORCE_PREPROCESS,1763866340000,1763866499000,6,188.8,,38654705664.0,,,0.00024120461944444446,0.00062328,0.0008644846194444445,0.0008644846194444445,0.0,1.0,
2344,NFCORE_RANGELAND:RANGELAND:PREPROCESSING:FORCE_PREPROCESS,1763866351000,1763866502000,6,188.9,,38654705664.0,,,0.00022058077497632585,0.00059192,0.0008125007749763258,0.0008125007749763258,0.0,1.0,
2320,NFCORE_RANGELAND:RANGELAND:PREPROCESSING:FORCE_PREPROCESS,1763866371000,1763866515000,6,190.4,,38654705664.0,,,0.00020984459999999998,0.00056448,0.0007743246,0.0007743246,0.0,1.0,
2343,NFCORE_RANGELAND:RANGELAND:PREPROCESSING:FORCE_PREPROCESS,1763866370000,1763866517000,6,190.5,,38654705664.0,,,0.00021432887109374993,0.00057624,0.0007905688710937499,0.0007905688710937499,0.0,1.0,
2345,NFCORE_RANGELAND:RANGELAND:PREPROCESSING:FORCE_PREPROCESS,1763866359000,1763866516000,6,189.8,,38654705664.0,,,0.00023373120106271044,0.0006154400000000001,0.0008491712010627106,0.0008491712010627106,0.0,1.0,
2347,NFCORE_RANGELAND:RANGELAND:PREPROCESSING:FORCE_PREPROCESS,1763866367000,1763866518000,6,187.7,,38654705664.0,,,0.00022773392254050922,0.00059192,0.0008196539225405092,0.0008196539225405092,0.0,1.0,
2311,NFCORE_RANGELAND:RANGELAND:PREPROCESSING:FORCE_PREPROCESS,1763866086000,1763866522000,6,134.2,,38654705664.0,,,0.00045894414675925923,0.00170912,0.002168064146759259,0.002168064146759259,0.0,1.0,
2348,NFCORE_RANGELAND:RANGELAND:PREPROCESSING:FORCE_PREPROCESS,1763866369000,1763866514000,6,190.1,,38654705664.0,,,0.00021316155125473494,0.0005684,0.000781561551254735,0.000781561551254735,0.0,1.0,
1723,NFCORE_RANGELAND:RANGELAND:PREPROCESSING:FORCE_PREPROCESS,1763866400000,1763866539000,6,189.1,,38654705664.0,,,0.00020117531536458327,0.0005448800000000001,0.0007460553153645833,0.0007460553153645833,0.0,1.0,
2326,NFCORE_RANGELAND:RANGELAND:PREPROCESSING:FORCE_PREPROCESS,1763866191000,1763866554000,6,141.2,,38654705664.0,,,0.00040203341597222215,0.00142296,0.0018249934159722222,0.0018249934159722222,0.0,1.0,
2351,NFCORE_RANGELAND:RANGELAND:PREPROCESSING:FORCE_PREPROCESS,1763866404000,1763866564000,6,185.7,,38654705664.0,,,0.00023873626388888888,0.0006272,0.0008659362638888888,0.0008659362638888888,0.0,1.0,
2349,NFCORE_RANGELAND:RANGELAND:PREPROCESSING:FORCE_PREPROCESS,1763866431000,1763866577000,6,189.8,,38654705664.0,,,0.0002142929171401516,0.00057232,0.0007866129171401516,0.0007866129171401516,0.0,1.0,
2356,NFCORE_RANGELAND:RANGELAND:PREPROCESSING:FORCE_PREPROCESS,1763866451000,1763866597000,6,188.7,,38654705664.0,,,0.00021085947343749993,0.00057232,0.0007831794734374999,0.0007831794734374999,0.0,1.0,
2353,NFCORE_RANGELAND:RANGELAND:PREPROCESSING:FORCE_PREPROCESS,1763866441000,1763866590000,6,189.1,,38654705664.0,,,0.00021788962440814403,0.0005840800000000001,0.0008019696244081441,0.0008019696244081441,0.0,1.0,
2350,NFCORE_RANGELAND:RANGELAND:PREPROCESSING:FORCE_PREPROCESS,1763866452000,1763866599000,6,190.2,,38654705664.0,,,0.00022465410260416664,0.00057624,0.0008008941026041666,0.0008008941026041666,0.0,1.0,
2354,NFCORE_RANGELAND:RANGELAND:PREPROCESSING:FORCE_PREPROCESS,1763866449000,1763866600000,6,188.7,,38654705664.0,,,0.0002289472092881944,0.00059192,0.0008208672092881944,0.0008208672092881944,0.0,1.0,
2367,NFCORE_RANGELAND:RANGELAND:PREPROCESSING:FORCE_PREPROCESS,1763866579000,1763866616000,6,166.4,,38654705664.0,,,4.761171212121214e-05,0.00014504,0.00019265171212121216,0.00019265171212121216,0.0,1.0,
2334,NFCORE_RANGELAND:RANGELAND:PREPROCESSING:FORCE_PREPROCESS,1763866263000,1763866602000,6,150.5,,38654705664.0,,,0.0004001815190183081,0.00132888,0.001729061519018308,0.001729061519018308,0.0,1.0,
2357,NFCORE_RANGELAND:RANGELAND:PREPROCESSING:FORCE_PREPROCESS,1763866477000,1763866630000,6,189.2,,38654705664.0,,,0.0002270562145833333,0.0005997600000000001,0.0008268162145833334,0.0008268162145833334,0.0,1.0,
2358,NFCORE_RANGELAND:RANGELAND:PREPROCESSING:FORCE_PREPROCESS,1763866502000,1763866651000,6,189.8,,38654705664.0,,,0.00022723173431712964,0.0005840800000000001,0.0008113117343171297,0.0008113117343171297,0.0,1.0,
1782,NFCORE_RANGELAND:RANGELAND:PREPROCESSING:FORCE_PREPROCESS,1763866522000,1763866674000,6,190.9,,38654705664.0,,,0.00022759899844276095,0.00059584,0.000823438998442761,0.000823438998442761,0.0,1.0,
2360,NFCORE_RANGELAND:RANGELAND:PREPROCESSING:FORCE_PREPROCESS,1763866505000,1763866675000,6,184.5,,38654705664.0,,,0.00024255154474431826,0.0006664,0.0009089515447443183,0.0009089515447443183,0.0,1.0,
1780,NFCORE_RANGELAND:RANGELAND:PREPROCESSING:FORCE_PREPROCESS,1763866522000,1763866684000,6,187.6,,38654705664.0,,,0.00024419364374999995,0.0006350399999999999,0.0008792336437499998,0.0008792336437499998,0.0,1.0,
2342,NFCORE_RANGELAND:RANGELAND:PREPROCESSING:FORCE_PREPROCESS,1763866347000,1763866699000,6,148.4,,38654705664.0,,,0.0003998019666666666,0.0013798400000000002,0.0017796419666666668,0.0017796419666666668,0.0,1.0,
2363,NFCORE_RANGELAND:RANGELAND:PREPROCESSING:FORCE_PREPROCESS,1763866524000,1763866682000,6,189.3,,38654705664.0,,,0.00023460028273358582,0.00061936,0.0008539602827335859,0.0008539602827335859,0.0,1.0,
2366,NFCORE_RANGELAND:RANGELAND:PREPROCESSING:FORCE_PREPROCESS,1763866566000,1763866714000,6,188.5,,38654705664.0,,,0.0002241607528935185,0.00058016,0.0008043207528935185,0.0008043207528935185,0.0,1.0,
1727,NFCORE_RANGELAND:RANGELAND:PREPROCESSING:FORCE_PREPROCESS,1763866687000,1763866724000,6,170.8,,38654705664.0,,,5.077805914351853e-05,0.00014504,0.00019581805914351853,0.00019581805914351853,0.0,1.0,
2362,NFCORE_RANGELAND:RANGELAND:PREPROCESSING:FORCE_PREPROCESS,1763866520000,1763866723000,6,190.1,,38654705664.0,,,0.00029535648880208326,0.0007957600000000001,0.0010911164888020833,0.0010911164888020833,0.0,1.0,
2368,NFCORE_RANGELAND:RANGELAND:PREPROCESSING:FORCE_PREPROCESS,1763866592000,1763866742000,6,189.5,,38654705664.0,,,0.00021981596235795458,0.000588,0.0008078159623579545,0.0008078159623579545,0.0,1.0,
2373,NFCORE_RANGELAND:RANGELAND:PREPROCESSING:FORCE_PREPROCESS,1763866602000,1763866751000,6,189.8,,38654705664.0,,,0.00022723173431712964,0.0005840800000000001,0.0008113117343171297,0.0008113117343171297,0.0,1.0,
2371,NFCORE_RANGELAND:RANGELAND:PREPROCESSING:FORCE_PREPROCESS,1763866599000,1763866745000,6,190.8,,38654705664.0,,,0.00021320608124999996,0.00057232,0.0007855260812499999,0.0007855260812499999,0.0,1.0,
2365,NFCORE_RANGELAND:RANGELAND:PREPROCESSING:FORCE_PREPROCESS,1763866556000,1763866752000,6,176.5,,38654705664.0,,,0.00027134486752946127,0.0007683200000000001,0.0010396648675294613,0.0010396648675294613,0.0,1.0,
2361,NFCORE_RANGELAND:RANGELAND:PREPROCESSING:FORCE_PREPROCESS,1763866517000,1763866757000,6,177.3,,38654705664.0,,,0.0003290627556818183,0.0009408,0.0012698627556818184,0.0012698627556818184,0.0,1.0,
2369,NFCORE_RANGELAND:RANGELAND:PREPROCESSING:FORCE_PREPROCESS,1763866603000,1763866767000,6,189.7,,38654705664.0,,,0.0002499756380787037,0.00064288,0.0008928556380787037,0.0008928556380787037,0.0,1.0,
2352,NFCORE_RANGELAND:RANGELAND:PREPROCESSING:FORCE_PREPROCESS,1763866421000,1763866771000,6,143.0,,38654705664.0,,,0.0003870462239583335,0.0013720000000000002,0.0017590462239583337,0.0017590462239583337,0.0,1.0,
2375,NFCORE_RANGELAND:RANGELAND:PREPROCESSING:FORCE_PREPROCESS,1763866618000,1763866765000,6,189.7,,38654705664.0,,,0.00021564699893465914,0.00057624,0.0007918869989346592,0.0007918869989346592,0.0,1.0,
2374,NFCORE_RANGELAND:RANGELAND:PREPROCESSING:FORCE_PREPROCESS,1763866608000,1763866790000,6,179.1,,38654705664.0,,,0.0002556747288825758,0.00071344,0.0009691147288825757,0.0009691147288825757,0.0,1.0,
2364,NFCORE_RANGELAND:RANGELAND:PREPROCESSING:FORCE_PREPROCESS,1763866542000,1763866791000,6,159.3,,38654705664.0,,,0.00030358721953124997,0.00097608,0.00127966721953125,0.00127966721953125,0.0,1.0,
2376,NFCORE_RANGELAND:RANGELAND:PREPROCESSING:FORCE_PREPROCESS,1763866633000,1763866787000,6,187.0,,38654705664.0,,,0.0002258827974537037,0.00060368,0.0008295627974537037,0.0008295627974537037,0.0,1.0,
2377,NFCORE_RANGELAND:RANGELAND:PREPROCESSING:FORCE_PREPROCESS,1763866653000,1763866800000,6,189.5,,38654705664.0,,,0.00022382729991319441,0.00057624,0.0008055099346064814,0.0008055099346064814,0.0,1.0,
1528,NFCORE_RANGELAND:RANGELAND:PREPROCESSING:FORCE_PREPROCESS,1763866522000,1763866800000,6,149.1,,38654705664.0,,,0.0003172420890624999,0.0010897600000000002,0.0014474913578125,0.0014474913578125,0.0,1.0,
2381,NFCORE_RANGELAND:RANGELAND:PREPROCESSING:FORCE_PREPROCESS,1763866679000,1763866800000,6,189.6,,38654705664.0,,,0.00017741178125000006,0.00047432,0.0008294768125,0.0008294768125,0.0,1.0,
2382,NFCORE_RANGELAND:RANGELAND:PREPROCESSING:FORCE_PREPROCESS,1763866685000,1763866800000,6,189.7,,38654705664.0,,,0.00017111418042403193,0.0004508,0.0007949685610637626,0.0007949685610637626,0.0,1.0,
1760,NFCORE_RANGELAND:RANGELAND:PREPROCESSING:FORCE_PREPROCESS,1763866701000,1763866800000,6,190.7,,38654705664.0,,,0.00014449547578124997,0.00038808,0.0008123120893229166,0.0008123120893229166,0.0,1.0,
2370,NFCORE_RANGELAND:RANGELAND:PREPROCESSING:FORCE_PREPROCESS,1763866716000,1763866800000,6,190.5,,38654705664.0,,,0.00012857625520833332,0.00032928000000000005,0.0007957977769097223,0.0007957977769097223,0.0,1.0,
2383,NFCORE_RANGELAND:RANGELAND:PREPROCESSING:FORCE_PREPROCESS,1763866725000,1763866800000,6,189.3,,38654705664.0,,,0.00010866263671874999,0.000294,0.0007999564382812499,0.0007999564382812499,0.0,1.0,
2387,NFCORE_RANGELAND:RANGELAND:PREPROCESSING:FORCE_PREPROCESS,1763866748000,1763866800000,6,188.3,,38654705664.0,,,7.494143854166666e-05,0.00020384,0.0008041772265625,0.0008041772265625,0.0,1.0,
2391,NFCORE_RANGELAND:RANGELAND:PREPROCESSING:FORCE_PREPROCESS,1763866768000,1763866800000,6,189.3,,38654705664.0,,,4.684457954545456e-05,0.00012544,0.000780664501065341,0.000780664501065341,0.0,1.0,
2388,NFCORE_RANGELAND:RANGELAND:PREPROCESSING:FORCE_PREPROCESS,1763866753000,1763866800000,6,189.9,,38654705664.0,,,7.171488880208334e-05,0.00018424,0.0007842022125,0.0007842022125,0.0,1.0,
2394,NFCORE_RANGELAND:RANGELAND:PREPROCESSING:FORCE_PREPROCESS,1763866774000,1763866800000,6,187.8,,38654705664.0,,,3.775962642045456e-05,0.00010192,0.0008004717052556818,0.0008004717052556818,0.0,1.0,
2396,NFCORE_RANGELAND:RANGELAND:PREPROCESSING:FORCE_PREPROCESS,1763866793000,1763866800000,6,189.7,,38654705664.0,,,1.0415645764941076e-05,2.7439999999999998e-05,0.0007949685610637627,0.0007949685610637627,0.0,1.0,
2395,NFCORE_RANGELAND:RANGELAND:PREPROCESSING:FORCE_PREPROCESS,1763866789000,1763866800000,6,190.3,,38654705664.0,,,1.6419211747685185e-05,4.312000000000001e-05,0.0010067539440972223,0.0010067539440972223,0.0,1.0,
2397,NFCORE_RANGELAND:RANGELAND:PREPROCESSING:FORCE_PREPROCESS,1763866794000,1763866800000,6,180.1,,38654705664.0,,,8.270529687499998e-06,2.3520000000000002e-05,0.0010119985283854166,0.0010119985283854166,0.0,1.0,
2389,NFCORE_RANGELAND:RANGELAND:PREPROCESSING:FORCE_PREPROCESS,1763866754000,1763866800000,6,168.5,,38654705664.0,,,6.079649847432659e-05,0.00018032,0.001226549144412879,0.001226549144412879,0.0,1.0,
2386,NFCORE_RANGELAND:RANGELAND:PREPROCESSING:FORCE_PREPROCESS,1763866727000,1763866800000,6,152.9,,38654705664.0,,,8.968438868634258e-05,0.00028616,0.0013798122762731482,0.0013798122762731482,0.0,1.0,
1927,NFCORE_RANGELAND:RANGELAND:PREPROCESSING:FORCE_PREPROCESS,1763866744000,1763866800000,6,161.6,,38654705664.0,,,6.998228787878791e-05,0.00021951999999999999,0.0012510634583333335,0.0012510634583333335,0.0,1.0,
2390,NFCORE_RANGELAND:RANGELAND:PREPROCESSING:FORCE_PREPROCESS,1763866760000,1763866800000,6,166.4,,38654705664.0,,,5.147212121212124e-05,0.0001568,0.0012496327272727274,0.0012496327272727274,0.0,1.0,
2378,NFCORE_RANGELAND:RANGELAND:PREPROCESSING:FORCE_PREPROCESS,1763866677000,1763866800000,6,144.6,,38654705664.0,,,0.0001395064330492424,0.00048216,0.0017083191412247474,0.0017083191412247474,0.0,1.0,
2392,NFCORE_RANGELAND:RANGELAND:PREPROCESSING:FORCE_PREPROCESS,1763866770000,1763866800000,6,153.1,,38654705664.0,,,3.690480815972222e-05,0.0001176,0.0015810992035011574,0.0015810992035011574,0.0,1.0,
2399,NFCORE_RANGELAND:RANGELAND:PREPROCESSING:FORCE_PREPROCESS,1763866810000,1763866957000,6,189.2,,38654705664.0,,,0.00021286625937499994,0.00057624,0.0007891062593749999,0.0007891062593749999,0.0,1.0,
2402,NFCORE_RANGELAND:RANGELAND:PREPROCESSING:FORCE_PREPROCESS,1763866835000,1763866981000,6,189.5,,38654705664.0,,,0.00021701157570496628,0.00057232,0.0007893315757049662,0.0007893315757049662,0.0,1.0,
2398,NFCORE_RANGELAND:RANGELAND:PREPROCESSING:FORCE_PREPROCESS,1763866804000,1763867003000,6,171.4,,38654705664.0,,,0.00027406299577546295,0.00078008,0.001054142995775463,0.001054142995775463,0.0,1.0,
2400,NFCORE_RANGELAND:RANGELAND:PREPROCESSING:FORCE_PREPROCESS,1763866864000,1763867016000,6,188.8,,38654705664.0,,,0.00023058554814814818,0.00059584,0.0008264255481481482,0.0008264255481481482,0.0,1.0,
1677,NFCORE_RANGELAND:RANGELAND:PREPROCESSING:FORCE_PREPROCESS,1763866900000,1763867038000,6,188.2,,38654705664.0,,,0.00020868210659722217,0.00054096,0.0007496421065972222,0.0007496421065972222,0.0,1.0,
2404,NFCORE_RANGELAND:RANGELAND:PREPROCESSING:FORCE_PREPROCESS,1763866900000,1763867048000,6,188.3,,38654705664.0,,,0.00021329486354166666,0.00058016,0.0007934548635416666,0.0007934548635416666,0.0,1.0,
2401,NFCORE_RANGELAND:RANGELAND:PREPROCESSING:FORCE_PREPROCESS,1763866877000,1763867050000,6,187.2,,38654705664.0,,,0.0002478679124999999,0.00067816,0.0009260279124999999,0.0009260279124999999,0.0,1.0,
1679,NFCORE_RANGELAND:RANGELAND:PREPROCESSING:FORCE_PREPROCESS,1763866926000,1763867059000,6,190.3,,38654705664.0,,,0.00019572629817708344,0.00052136,0.0007170862981770834,0.0007170862981770834,0.0,1.0,
1680,NFCORE_RANGELAND:RANGELAND:PREPROCESSING:FORCE_PREPROCESS,1763866942000,1763867080000,6,189.9,,38654705664.0,,,0.00020555350255681816,0.00054096,0.0007465135025568182,0.0007465135025568182,0.0,1.0,
1681,NFCORE_RANGELAND:RANGELAND:PREPROCESSING:FORCE_PREPROCESS,1763866960000,1763867101000,6,187.8,,38654705664.0,,,0.00020266701093749997,0.00055272,0.0007553870109375,0.0007553870109375,0.0,1.0,
1683,NFCORE_RANGELAND:RANGELAND:PREPROCESSING:FORCE_PREPROCESS,1763866977000,1763867123000,6,189.5,,38654705664.0,,,0.00021701157570496628,0.00057232,0.0007893315757049662,0.0007893315757049662,0.0,1.0,
2411,NFCORE_RANGELAND:RANGELAND:PREPROCESSING:FORCE_PREPROCESS,1763866984000,1763867131000,6,189.6,,38654705664.0,,,0.00021861325871212119,0.00057624,0.0007948532587121212,0.0007948532587121212,0.0,1.0,
1619,NFCORE_RANGELAND:RANGELAND:PREPROCESSING:FORCE_PREPROCESS,1763866988000,1763867130000,6,185.7,,38654705664.0,,,0.00020391961434659096,0.00055664,0.0007605596143465909,0.0007605596143465909,0.0,1.0,
2413,NFCORE_RANGELAND:RANGELAND:PREPROCESSING:FORCE_PREPROCESS,1763866998000,1763867143000,6,189.6,,38654705664.0,,,0.00022089853819444447,0.0005684,0.0007892985381944445,0.0007892985381944445,0.0,1.0,
1573,NFCORE_RANGELAND:RANGELAND:PREPROCESSING:FORCE_PREPROCESS,1763866988000,1763867140000,6,186.1,,38654705664.0,,,0.00021650021041666663,0.00059584,0.0008123402104166667,0.0008123402104166667,0.0,1.0,
1722,NFCORE_RANGELAND:RANGELAND:PREPROCESSING:FORCE_PREPROCESS,1763866990000,1763867164000,6,176.2,,38654705664.0,,,0.00024047834955808077,0.0006820800000000001,0.0009225583495580808,0.0009225583495580808,0.0,1.0,
2403,NFCORE_RANGELAND:RANGELAND:PREPROCESSING:FORCE_PREPROCESS,1763866854000,1763867168000,6,149.5,,38654705664.0,,,0.00035928509635416666,0.0012308800000000002,0.0015901650963541668,0.0015901650963541668,0.0,1.0,
2416,NFCORE_RANGELAND:RANGELAND:PREPROCESSING:FORCE_PREPROCESS,1763867017000,1763867165000,6,190.2,,38654705664.0,,,0.00022079694406565653,0.00058016,0.0008009569440656566,0.0008009569440656566,0.0,1.0,
1706,NFCORE_RANGELAND:RANGELAND:PREPROCESSING:FORCE_PREPROCESS,1763867019000,1763867169000,6,184.5,,38654705664.0,,,0.00022236894531249999,0.000588,0.0008103689453124999,0.0008103689453124999,0.0,1.0,
1659,NFCORE_RANGELAND:RANGELAND:PREPROCESSING:FORCE_PREPROCESS,1763866835000,1763867173000,6,137.7,,38654705664.0,,,0.0003599228288352274,0.00132496,0.0016848828288352274,0.0016848828288352274,0.0,1.0,
1713,NFCORE_RANGELAND:RANGELAND:PREPROCESSING:FORCE_PREPROCESS,1763867051000,1763867185000,6,188.2,,38654705664.0,,,0.0001930157635416666,0.0005252799999999999,0.0007182957635416665,0.0007182957635416665,0.0,1.0,
2405,NFCORE_RANGELAND:RANGELAND:PREPROCESSING:FORCE_PREPROCESS,1763866916000,1763867195000,6,148.8,,38654705664.0,,,0.0003210449829545456,0.00109368,0.0014147249829545457,0.0014147249829545457,0.0,1.0,
2414,NFCORE_RANGELAND:RANGELAND:PREPROCESSING:FORCE_PREPROCESS,1763867006000,1763867202000,6,175.0,,38654705664.0,,,0.0002756008969907407,0.0007683200000000001,0.0010439208969907408,0.0010439208969907408,0.0,1.0,
2423,NFCORE_RANGELAND:RANGELAND:PREPROCESSING:FORCE_PREPROCESS,1763867053000,1763867202000,6,188.5,,38654705664.0,,,0.00021496412369791663,0.0005840800000000001,0.0007990441236979167,0.0007990441236979167,0.0,1.0,
2415,NFCORE_RANGELAND:RANGELAND:PREPROCESSING:FORCE_PREPROCESS,1763867002000,1763867203000,6,188.6,,38654705664.0,,,0.0002931544552556819,0.00078792,0.001081074455255682,0.001081074455255682,0.0,1.0,
2425,NFCORE_RANGELAND:RANGELAND:PREPROCESSING:FORCE_PREPROCESS,1763867080000,1763867232000,6,188.8,,38654705664.0,,,0.00023058554814814818,0.00059584,0.0008264255481481482,0.0008264255481481482,0.0,1.0,
1715,NFCORE_RANGELAND:RANGELAND:PREPROCESSING:FORCE_PREPROCESS,1763867103000,1763867247000,6,187.5,,38654705664.0,,,0.00020664843749999996,0.00056448,0.0007711284375,0.0007711284375,0.0,1.0,
2424,NFCORE_RANGELAND:RANGELAND:PREPROCESSING:FORCE_PREPROCESS,1763867062000,1763867234000,6,182.5,,38654705664.0,,,0.00024274487452651523,0.0006742400000000001,0.0009169848745265154,0.0009169848745265154,0.0,1.0,
2427,NFCORE_RANGELAND:RANGELAND:PREPROCESSING:FORCE_PREPROCESS,1763867133000,1763867279000,6,190.1,,38654705664.0,,,0.00021463163091856065,0.00057232,0.0007869516309185606,0.0007869516309185606,0.0,1.0,
2430,NFCORE_RANGELAND:RANGELAND:PREPROCESSING:FORCE_PREPROCESS,1763867134000,1763867282000,6,190.0,,38654705664.0,,,0.00022056477062289563,0.00058016,0.0008007247706228956,0.0008007247706228956,0.0,1.0,
2431,NFCORE_RANGELAND:RANGELAND:PREPROCESSING:FORCE_PREPROCESS,1763867143000,1763867288000,6,190.6,,38654705664.0,,,0.00021152380989583331,0.0005684,0.0007799238098958334,0.0007799238098958334,0.0,1.0,
2432,NFCORE_RANGELAND:RANGELAND:PREPROCESSING:FORCE_PREPROCESS,1763867145000,1763867291000,6,188.8,,38654705664.0,,,0.00022148348703703705,0.00057232,0.000793803487037037,0.000793803487037037,0.0,1.0,
1717,NFCORE_RANGELAND:RANGELAND:PREPROCESSING:FORCE_PREPROCESS,1763867125000,1763867318000,6,168.5,,38654705664.0,,,0.00025508096099010935,0.00075656,0.0010116409609901094,0.0010116409609901094,0.0,1.0,
2437,NFCORE_RANGELAND:RANGELAND:PREPROCESSING:FORCE_PREPROCESS,1763867172000,1763867321000,6,190.2,,38654705664.0,,,0.00022771062100694446,0.0005840800000000001,0.0008117906210069445,0.0008117906210069445,0.0,1.0,
1765,NFCORE_RANGELAND:RANGELAND:PREPROCESSING:FORCE_PREPROCESS,1763867178000,1763867328000,6,189.5,,38654705664.0,,,0.00021981596235795458,0.000588,0.0008078159623579545,0.0008078159623579545,0.0,1.0,
1711,NFCORE_RANGELAND:RANGELAND:PREPROCESSING:FORCE_PREPROCESS,1763867041000,1763867345000,6,147.3,,38654705664.0,,,0.0003598013902777778,0.00119168,0.001551481390277778,0.001551481390277778,0.0,1.0,
2272,NFCORE_RANGELAND:RANGELAND:PREPROCESSING:FORCE_PREPROCESS,1763867188000,1763867332000,6,184.3,,38654705664.0,,,0.00020312163749999998,0.00056448,0.0007676016375,0.0007676016375,0.0,1.0,
2438,NFCORE_RANGELAND:RANGELAND:PREPROCESSING:FORCE_PREPROCESS,1763867197000,1763867348000,6,189.2,,38654705664.0,,,0.0002209310885416667,0.00059192,0.0008128510885416667,0.0008128510885416667,0.0,1.0,
2441,NFCORE_RANGELAND:RANGELAND:PREPROCESSING:FORCE_PREPROCESS,1763867205000,1763867355000,6,187.7,,38654705664.0,,,0.00022622575086805551,0.000588,0.0008142257508680555,0.0008142257508680555,0.0,1.0,
2444,NFCORE_RANGELAND:RANGELAND:PREPROCESSING:FORCE_PREPROCESS,1763867236000,1763867384000,6,190.0,,38654705664.0,,,0.00021745733901515157,0.00058016,0.0007976173390151516,0.0007976173390151516,0.0,1.0,
2443,NFCORE_RANGELAND:RANGELAND:PREPROCESSING:FORCE_PREPROCESS,1763867234000,1763867384000,6,190.0,,38654705664.0,,,0.00022899782986111108,0.000588,0.0008169978298611111,0.0008169978298611111,0.0,1.0,
2439,NFCORE_RANGELAND:RANGELAND:PREPROCESSING:FORCE_PREPROCESS,1763867204000,1763867395000,6,182.0,,38654705664.0,,,0.00026605603645833334,0.00074872,0.0010147760364583333,0.0010147760364583333,0.0,1.0,
2445,NFCORE_RANGELAND:RANGELAND:PREPROCESSING:FORCE_PREPROCESS,1763867250000,1763867398000,6,188.0,,38654705664.0,,,0.00021295504166666664,0.00058016,0.0007931150416666667,0.0007931150416666667,0.0,1.0,
1718,NFCORE_RANGELAND:RANGELAND:PREPROCESSING:FORCE_PREPROCESS,1763867167000,1763867399000,6,164.9,,38654705664.0,,,0.00030007476233164985,0.0009094400000000001,0.00120951476233165,0.00120951476233165,0.0,1.0,
2442,NFCORE_RANGELAND:RANGELAND:PREPROCESSING:FORCE_PREPROCESS,1763867206000,1763867404000,6,176.4,,38654705664.0,,,0.0002700987187500001,0.00077616,0.00104625871875,0.00104625871875,0.0,1.0,
2446,NFCORE_RANGELAND:RANGELAND:PREPROCESSING:FORCE_PREPROCESS,1763867281000,1763867431000,6,189.5,,38654705664.0,,,0.00021981596235795458,0.000588,0.0008078159623579545,0.0008078159623579545,0.0,1.0,
2447,NFCORE_RANGELAND:RANGELAND:PREPROCESSING:FORCE_PREPROCESS,1763867284000,1763867431000,6,189.1,,38654705664.0,,,0.0002180367469539141,0.00057624,0.0007942767469539141,0.0007942767469539141,0.0,1.0,
2426,NFCORE_RANGELAND:RANGELAND:PREPROCESSING:FORCE_PREPROCESS,1763867082000,1763867442000,6,147.4,,38654705664.0,,,0.0004162179583333333,0.0014112,0.0018274179583333333,0.0018274179583333333,0.0,1.0,
2460,NFCORE_RANGELAND:RANGELAND:PREPROCESSING:FORCE_PREPROCESS,1763867405000,1763867442000,6,166.3,,38654705664.0,,,4.826305441393097e-05,0.00014504,0.00019330305441393096,0.00019330305441393096,0.0,1.0,
2433,NFCORE_RANGELAND:RANGELAND:PREPROCESSING:FORCE_PREPROCESS,1763867170000,1763867455000,6,147.3,,38654705664.0,,,0.0003292823383049242,0.0011172,0.0014464823383049242,0.0014464823383049242,0.0,1.0,
2451,NFCORE_RANGELAND:RANGELAND:PREPROCESSING:FORCE_PREPROCESS,1763867323000,1763867472000,6,189.5,,38654705664.0,,,0.00022687256929976852,0.0005840800000000001,0.0008109525692997686,0.0008109525692997686,0.0,1.0,
2453,NFCORE_RANGELAND:RANGELAND:PREPROCESSING:FORCE_PREPROCESS,1763867334000,1763867487000,6,188.9,,38654705664.0,,,0.00022120337578125,0.0005997600000000001,0.00082096337578125,0.00082096337578125,0.0,1.0,
2454,NFCORE_RANGELAND:RANGELAND:PREPROCESSING:FORCE_PREPROCESS,1763867347000,1763867493000,6,189.9,,38654705664.0,,,0.00022277390989583332,0.00057232,0.0007950939098958333,0.0007950939098958333,0.0,1.0,
2455,NFCORE_RANGELAND:RANGELAND:PREPROCESSING:FORCE_PREPROCESS,1763867350000,1763867498000,6,188.6,,38654705664.0,,,0.0002158550217803031,0.00058016,0.0007960150217803031,0.0007960150217803031,0.0,1.0,
2452,NFCORE_RANGELAND:RANGELAND:PREPROCESSING:FORCE_PREPROCESS,1763867330000,1763867502000,6,184.3,,38654705664.0,,,0.0002451390705492425,0.0006742400000000001,0.0009193790705492426,0.0009193790705492426,0.0,1.0,
2456,NFCORE_RANGELAND:RANGELAND:PREPROCESSING:FORCE_PREPROCESS,1763867357000,1763867514000,6,186.1,,38654705664.0,,,0.00023476455766782407,0.0006154400000000001,0.0008502045576678242,0.0008502045576678242,0.0,1.0,
2436,NFCORE_RANGELAND:RANGELAND:PREPROCESSING:FORCE_PREPROCESS,1763867171000,1763867509000,6,144.5,,38654705664.0,,,0.00037381171614583327,0.00132496,0.0016987717161458334,0.0016987717161458334,0.0,1.0,
2450,NFCORE_RANGELAND:RANGELAND:PREPROCESSING:FORCE_PREPROCESS,1763867321000,1763867530000,6,190.9,,38654705664.0,,,0.0003129486228587963,0.00081928,0.0011322286228587963,0.0011322286228587963,0.0,1.0,
2420,NFCORE_RANGELAND:RANGELAND:PREPROCESSING:FORCE_PREPROCESS,1763867386000,1763867551000,6,186.1,,38654705664.0,,,0.00023745923828125004,0.0006467999999999999,0.00088425923828125,0.00088425923828125,0.0,1.0,
2459,NFCORE_RANGELAND:RANGELAND:PREPROCESSING:FORCE_PREPROCESS,1763867400000,1763867551000,6,188.1,,38654705664.0,,,0.00021738726796874996,0.00059192,0.0008093072679687499,0.0008093072679687499,0.0,1.0,
2457,NFCORE_RANGELAND:RANGELAND:PREPROCESSING:FORCE_PREPROCESS,1763867386000,1763867569000,6,175.8,,38654705664.0,,,0.00025849757135416667,0.00071736,0.0009758575713541667,0.0009758575713541667,0.0,1.0,
2417,NFCORE_RANGELAND:RANGELAND:PREPROCESSING:FORCE_PREPROCESS,1763867397000,1763867580000,6,181.1,,38654705664.0,,,0.00025365177265624994,0.00071736,0.0009710117726562499,0.0009710117726562499,0.0,1.0,
2462,NFCORE_RANGELAND:RANGELAND:PREPROCESSING:FORCE_PREPROCESS,1763867433000,1763867586000,6,189.3,,38654705664.0,,,0.00022397564595170462,0.0005997600000000001,0.0008237356459517047,0.0008237356459517047,0.0,1.0,
2466,NFCORE_RANGELAND:RANGELAND:PREPROCESSING:FORCE_PREPROCESS,1763867444000,1763867591000,6,188.4,,38654705664.0,,,0.00021722963049242424,0.00057624,0.0007934696304924242,0.0007934696304924242,0.0,1.0,
2467,NFCORE_RANGELAND:RANGELAND:PREPROCESSING:FORCE_PREPROCESS,1763867445000,1763867610000,6,183.3,,38654705664.0,,,0.00023722870572916667,0.0006467999999999999,0.0008840287057291665,0.0008840287057291665,0.0,1.0,
2465,NFCORE_RANGELAND:RANGELAND:PREPROCESSING:FORCE_PREPROCESS,1763867436000,1763867603000,6,186.3,,38654705664.0,,,0.00024403389758522725,0.0006546400000000001,0.0008986738975852273,0.0008986738975852273,0.0,1.0,
1766,NFCORE_RANGELAND:RANGELAND:PREPROCESSING:FORCE_PREPROCESS,1763867475000,1763867624000,6,190.9,,38654705664.0,,,0.0002285486727141204,0.0005840800000000001,0.0008126286727141204,0.0008126286727141204,0.0,1.0,
2448,NFCORE_RANGELAND:RANGELAND:PREPROCESSING:FORCE_PREPROCESS,1763867290000,1763867637000,6,144.8,,38654705664.0,,,0.00038456202708333327,0.00136024,0.0017448020270833331,0.0017448020270833331,0.0,1.0,
2469,NFCORE_RANGELAND:RANGELAND:PREPROCESSING:FORCE_PREPROCESS,1763867496000,1763867644000,6,189.7,,38654705664.0,,,0.00022558777094907408,0.00058016,0.0008057477709490741,0.0008057477709490741,0.0,1.0,
2482,NFCORE_RANGELAND:RANGELAND:PREPROCESSING:FORCE_PREPROCESS,1763867612000,1763867646000,6,174.7,,38654705664.0,,,4.658999376052188e-05,0.00013328000000000002,0.0001798699937605219,0.0001798699937605219,0.0,1.0,
1737,NFCORE_RANGELAND:RANGELAND:PREPROCESSING:FORCE_PREPROCESS,1763867489000,1763867647000,6,190.5,,38654705664.0,,,0.0002303670859374999,0.00061936,0.0008497270859374999,0.0008497270859374999,0.0,1.0,
2470,NFCORE_RANGELAND:RANGELAND:PREPROCESSING:FORCE_PREPROCESS,1763867501000,1763867649000,6,189.4,,38654705664.0,,,0.00021677063162878798,0.00058016,0.0007969306316287881,0.0007969306316287881,0.0,1.0,
2473,NFCORE_RANGELAND:RANGELAND:PREPROCESSING:FORCE_PREPROCESS,1763867517000,1763867664000,6,190.7,,38654705664.0,,,0.00022524467595486108,0.00057624,0.0008014846759548611,0.0008014846759548611,0.0,1.0,
2471,NFCORE_RANGELAND:RANGELAND:PREPROCESSING:FORCE_PREPROCESS,1763867504000,1763867654000,6,189.7,,38654705664.0,,,0.00022004795809659096,0.000588,0.0008080479580965909,0.0008080479580965909,0.0,1.0,
2474,NFCORE_RANGELAND:RANGELAND:PREPROCESSING:FORCE_PREPROCESS,1763867532000,1763867681000,6,188.0,,38654705664.0,,,0.0002197176513047138,0.0005840800000000001,0.0008037976513047139,0.0008037976513047139,0.0,1.0,
2449,NFCORE_RANGELAND:RANGELAND:PREPROCESSING:FORCE_PREPROCESS,1763867293000,1763867706000,6,142.5,,38654705664.0,,,0.0004728805186631945,0.00161896,0.0020918405186631946,0.0020918405186631946,0.0,1.0,
2472,NFCORE_RANGELAND:RANGELAND:PREPROCESSING:FORCE_PREPROCESS,1763867511000,1763867717000,6,184.4,,38654705664.0,,,0.0002907344520833333,0.00080752,0.0010982544520833333,0.0010982544520833333,0.0,1.0,
2477,NFCORE_RANGELAND:RANGELAND:PREPROCESSING:FORCE_PREPROCESS,1763867556000,1763867708000,6,188.5,,38654705664.0,,,0.0002215713967803031,0.00059584,0.0008174113967803032,0.0008174113967803032,0.0,1.0,
2478,NFCORE_RANGELAND:RANGELAND:PREPROCESSING:FORCE_PREPROCESS,1763867583000,1763867732000,6,191.5,,38654705664.0,,,0.00021838530338541665,0.0005840800000000001,0.0008024653033854167,0.0008024653033854167,0.0,1.0,
2480,NFCORE_RANGELAND:RANGELAND:PREPROCESSING:FORCE_PREPROCESS,1763867593000,1763867745000,6,186.3,,38654705664.0,,,0.00022211468522727272,0.00059584,0.0008179546852272728,0.0008179546852272728,0.0,1.0,
2461,NFCORE_RANGELAND:RANGELAND:PREPROCESSING:FORCE_PREPROCESS,1763867407000,1763867780000,6,136.8,,38654705664.0,,,0.00039459691193181835,0.0014621600000000001,0.0018567569119318185,0.0018567569119318185,0.0,1.0,
2483,NFCORE_RANGELAND:RANGELAND:PREPROCESSING:FORCE_PREPROCESS,1763867627000,1763867786000,6,182.7,,38654705664.0,,,0.00023341146171874998,0.00062328,0.00085669146171875,0.00085669146171875,0.0,1.0,
2484,NFCORE_RANGELAND:RANGELAND:PREPROCESSING:FORCE_PREPROCESS,1763867640000,1763867784000,6,191.3,,38654705664.0,,,0.00021083651249999996,0.00056448,0.0007753165125,0.0007753165125,0.0,1.0,
1783,NFCORE_RANGELAND:RANGELAND:PREPROCESSING:FORCE_PREPROCESS,1763867652000,1763867800000,6,189.2,,38654705664.0,,,0.0002165417291666667,0.00058016,0.0007967017291666667,0.0007967017291666667,0.0,1.0,
2485,NFCORE_RANGELAND:RANGELAND:PREPROCESSING:FORCE_PREPROCESS,1763867646000,1763867797000,6,187.4,,38654705664.0,,,0.0002273699365162037,0.00059192,0.0008192899365162037,0.0008192899365162037,0.0,1.0,
2488,NFCORE_RANGELAND:RANGELAND:PREPROCESSING:FORCE_PREPROCESS,1763867656000,1763867813000,6,182.2,,38654705664.0,,,0.000221211030066288,0.0006154400000000001,0.0008366510300662881,0.0008366510300662881,0.0,1.0,
1931,NFCORE_RANGELAND:RANGELAND:PREPROCESSING:FORCE_PREPROCESS,1763867650000,1763867814000,6,186.4,,38654705664.0,,,0.00023396889166666664,0.00064288,0.0008768488916666667,0.0008768488916666667,0.0,1.0,
2487,NFCORE_RANGELAND:RANGELAND:PREPROCESSING:FORCE_PREPROCESS,1763867648000,1763867821000,6,192.4,,38654705664.0,,,0.00026107903638468004,0.00067816,0.0009392390363846801,0.0009392390363846801,0.0,1.0,
2481,NFCORE_RANGELAND:RANGELAND:PREPROCESSING:FORCE_PREPROCESS,1763867605000,1763867832000,6,190.5,,38654705664.0,,,0.0003391889281092171,0.0008898400000000001,0.0012290289281092171,0.0012290289281092171,0.0,1.0,
2475,NFCORE_RANGELAND:RANGELAND:PREPROCESSING:FORCE_PREPROCESS,1763867553000,1763867825000,6,152.4,,38654705664.0,,,0.00031726504999999997,0.0010662400000000002,0.0013835050500000002,0.0013835050500000002,0.0,1.0,
2490,NFCORE_RANGELAND:RANGELAND:PREPROCESSING:FORCE_PREPROCESS,1763867684000,1763867842000,6,190.6,,38654705664.0,,,0.00023621137817760938,0.00061936,0.0008555713781776094,0.0008555713781776094,0.0,1.0,
2479,NFCORE_RANGELAND:RANGELAND:PREPROCESSING:FORCE_PREPROCESS,1763867589000,1763867866000,6,152.4,,38654705664.0,,,0.00032645512357954554,0.00108584,0.0014122951235795455,0.0014122951235795455,0.0,1.0,
2496,NFCORE_RANGELAND:RANGELAND:PREPROCESSING:FORCE_PREPROCESS,1763867735000,1763867878000,6,191.3,,38654705664.0,,,0.00020937237005208328,0.00056056,0.0007699323700520832,0.0007699323700520832,0.0,1.0,
2494,NFCORE_RANGELAND:RANGELAND:PREPROCESSING:FORCE_PREPROCESS,1763867712000,1763867882000,6,182.2,,38654705664.0,,,0.00023952786695075764,0.0006664,0.0009059278669507577,0.0009059278669507577,0.0,1.0,
2463,NFCORE_RANGELAND:RANGELAND:PREPROCESSING:FORCE_PREPROCESS,1763867747000,1763867894000,6,189.8,,38654705664.0,,,0.000218843863415404,0.00057624,0.000795083863415404,0.000795083863415404,0.0,1.0,
2509,NFCORE_RANGELAND:RANGELAND:PREPROCESSING:FORCE_PREPROCESS,1763867869000,1763867904000,6,173.9,,38654705664.0,,,4.706806877367426e-05,0.00013720000000000003,0.00018426806877367427,0.00018426806877367427,0.0,1.0,
2495,NFCORE_RANGELAND:RANGELAND:PREPROCESSING:FORCE_PREPROCESS,1763867720000,1763867919000,6,184.4,,38654705664.0,,,0.0002808551260416666,0.00078008,0.0010609351260416667,0.0010609351260416667,0.0,1.0,
2468,NFCORE_RANGELAND:RANGELAND:PREPROCESSING:FORCE_PREPROCESS,1763867457000,1763867920000,6,132.8,,38654705664.0,,,0.00048228071523569025,0.0018149600000000002,0.0022972407152356904,0.0022972407152356904,0.0,1.0,
2500,NFCORE_RANGELAND:RANGELAND:PREPROCESSING:FORCE_PREPROCESS,1763867789000,1763867932000,6,191.9,,38654705664.0,,,0.00022049437711226853,0.00056056,0.0007810543771122685,0.0007810543771122685,0.0,1.0,
2499,NFCORE_RANGELAND:RANGELAND:PREPROCESSING:FORCE_PREPROCESS,1763867787000,1763867933000,6,188.4,,38654705664.0,,,0.00021052424374999997,0.00057232,0.00078284424375,0.00078284424375,0.0,1.0,
2502,NFCORE_RANGELAND:RANGELAND:PREPROCESSING:FORCE_PREPROCESS,1763867802000,1763867949000,6,188.9,,38654705664.0,,,0.00021473757563920463,0.00057624,0.0007909775756392046,0.0007909775756392046,0.0,1.0,
2501,NFCORE_RANGELAND:RANGELAND:PREPROCESSING:FORCE_PREPROCESS,1763867799000,1763867940000,6,191.8,,38654705664.0,,,0.00021729724600694445,0.00055272,0.0007700172460069444,0.0007700172460069444,0.0,1.0,
2505,NFCORE_RANGELAND:RANGELAND:PREPROCESSING:FORCE_PREPROCESS,1763867817000,1763867962000,6,190.5,,38654705664.0,,,0.00021141283203124996,0.0005684,0.0007798128320312501,0.0007798128320312501,0.0,1.0,
2507,NFCORE_RANGELAND:RANGELAND:PREPROCESSING:FORCE_PREPROCESS,1763867835000,1763867980000,6,190.2,,38654705664.0,,,0.00021632133033459594,0.0005684,0.000784721330334596,0.000784721330334596,0.0,1.0,
2506,NFCORE_RANGELAND:RANGELAND:PREPROCESSING:FORCE_PREPROCESS,1763867828000,1763867976000,6,190.9,,38654705664.0,,,0.00021623998645833333,0.00058016,0.0007963999864583334,0.0007963999864583334,0.0,1.0,
2489,NFCORE_RANGELAND:RANGELAND:PREPROCESSING:FORCE_PREPROCESS,1763867666000,1763867989000,6,173.5,,38654705664.0,,,0.00045028606611689813,0.00126616,0.001716446066116898,0.001716446066116898,0.0,1.0,
2491,NFCORE_RANGELAND:RANGELAND:PREPROCESSING:FORCE_PREPROCESS,1763867709000,1763867993000,6,172.5,,38654705664.0,,,0.0003936352170138889,0.00111328,0.0015069152170138888,0.0015069152170138888,0.0,1.0,
2027,NFCORE_RANGELAND:RANGELAND:PREPROCESSING:FORCE_PREPROCESS,1763867815000,1763867972000,6,193.0,,38654705664.0,,,0.00023432342921401525,0.0006154400000000001,0.0008497634292140154,0.0008497634292140154,0.0,1.0,
2508,NFCORE_RANGELAND:RANGELAND:PREPROCESSING:FORCE_PREPROCESS,1763867845000,1763867994000,6,189.3,,38654705664.0,,,0.00022123697548926769,0.0005840800000000001,0.0008053169754892677,0.0008053169754892677,0.0,1.0,
1726,NFCORE_RANGELAND:RANGELAND:PREPROCESSING:FORCE_PREPROCESS,1763867783000,1763867986000,6,186.4,,38654705664.0,,,0.00029261777178030314,0.0007957600000000001,0.0010883777717803033,0.0010883777717803033,0.0,1.0,
2503,NFCORE_RANGELAND:RANGELAND:PREPROCESSING:FORCE_PREPROCESS,1763867824000,1763868016000,6,169.4,,38654705664.0,,,0.0002551146888888889,0.0007526400000000001,0.0010077546888888889,0.0010077546888888889,0.0,1.0,
2476,NFCORE_RANGELAND:RANGELAND:PREPROCESSING:FORCE_PREPROCESS,1763867572000,1763868048000,6,135.8,,38654705664.0,,,0.0005193895761574075,0.0018659199999999999,0.0023853095761574073,0.0023853095761574073,0.0,1.0,
2511,NFCORE_RANGELAND:RANGELAND:PREPROCESSING:FORCE_PREPROCESS,1763867897000,1763868049000,6,184.9,,38654705664.0,,,0.00022044554642255891,0.00059584,0.0008162855464225589,0.0008162855464225589,0.0,1.0,
2512,NFCORE_RANGELAND:RANGELAND:PREPROCESSING:FORCE_PREPROCESS,1763867906000,1763868054000,6,185.2,,38654705664.0,,,0.00021196367992424247,0.00058016,0.0007921236799242425,0.0007921236799242425,0.0,1.0,
1744,NFCORE_RANGELAND:RANGELAND:PREPROCESSING:FORCE_PREPROCESS,1763867880000,1763868061000,6,178.4,,38654705664.0,,,0.0002471392854166666,0.0007095199999999999,0.0009566592854166665,0.0009566592854166665,0.0,1.0,
2384,NFCORE_RANGELAND:RANGELAND:PREPROCESSING:FORCE_PREPROCESS,1763867922000,1763868072000,6,189.5,,38654705664.0,,,0.0002229570983270202,0.000588,0.0008109570983270202,0.0008109570983270202,0.0,1.0,
2513,NFCORE_RANGELAND:RANGELAND:PREPROCESSING:FORCE_PREPROCESS,1763867921000,1763868067000,6,191.2,,38654705664.0,,,0.00021365305416666658,0.00057232,0.0007859730541666665,0.0007859730541666665,0.0,1.0,
2516,NFCORE_RANGELAND:RANGELAND:PREPROCESSING:FORCE_PREPROCESS,1763867937000,1763868083000,6,191.8,,38654705664.0,,,0.00021432351354166662,0.00057232,0.0007866435135416666,0.0007866435135416666,0.0,1.0,
2372,NFCORE_RANGELAND:RANGELAND:PREPROCESSING:FORCE_PREPROCESS,1763867934000,1763868082000,6,189.8,,38654705664.0,,,0.00022570668912037038,0.00058016,0.0008058666891203704,0.0008058666891203704,0.0,1.0,
2518,NFCORE_RANGELAND:RANGELAND:PREPROCESSING:FORCE_PREPROCESS,1763867952000,1763868103000,6,188.9,,38654705664.0,,,0.00022058077497632585,0.00059192,0.0008125007749763258,0.0008125007749763258,0.0,1.0,
2517,NFCORE_RANGELAND:RANGELAND:PREPROCESSING:FORCE_PREPROCESS,1763867942000,1763868092000,6,188.9,,38654705664.0,,,0.00022767205295138888,0.000588,0.0008156720529513889,0.0008156720529513889,0.0,1.0,
2519,NFCORE_RANGELAND:RANGELAND:PREPROCESSING:FORCE_PREPROCESS,1763867964000,1763868132000,6,180.2,,38654705664.0,,,0.00023170341249999997,0.0006585600000000001,0.0008902634125000001,0.0008902634125000001,0.0,1.0,
2524,NFCORE_RANGELAND:RANGELAND:PREPROCESSING:FORCE_PREPROCESS,1763867989000,1763868131000,6,189.8,,38654705664.0,,,0.00020842187831439398,0.00055664,0.0007650618783143939,0.0007650618783143939,0.0,1.0,
2523,NFCORE_RANGELAND:RANGELAND:PREPROCESSING:FORCE_PREPROCESS,1763867982000,1763868126000,6,189.8,,38654705664.0,,,0.00021437766212121213,0.00056448,0.0007788576621212121,0.0007788576621212121,0.0,1.0,
2526,NFCORE_RANGELAND:RANGELAND:PREPROCESSING:FORCE_PREPROCESS,1763867995000,1763868142000,6,189.6,,38654705664.0,,,0.00022394541458333335,0.00057624,0.0008001854145833333,0.0008001854145833333,0.0,1.0,
2005,NFCORE_RANGELAND:RANGELAND:PREPROCESSING:FORCE_PREPROCESS,1763867974000,1763868142000,6,185.7,,38654705664.0,,,0.00024125700852272732,0.0006585600000000001,0.0008998170085227275,0.0008998170085227275,0.0,1.0,
2525,NFCORE_RANGELAND:RANGELAND:PREPROCESSING:FORCE_PREPROCESS,1763867991000,1763868137000,6,190.1,,38654705664.0,,,0.00022300853223379628,0.00057232,0.0007953285322337962,0.0007953285322337962,0.0,1.0,
1743,NFCORE_RANGELAND:RANGELAND:PREPROCESSING:FORCE_PREPROCESS,1763867996000,1763868161000,6,188.0,,38654705664.0,,,0.00024331149305555552,0.0006467999999999999,0.0008901114930555554,0.0008901114930555554,0.0,1.0,
2224,NFCORE_RANGELAND:RANGELAND:PREPROCESSING:FORCE_PREPROCESS,1763868018000,1763868172000,6,189.2,,38654705664.0,,,0.00022854024212962956,0.00060368,0.0008322202421296295,0.0008322202421296295,0.0,1.0,
2510,NFCORE_RANGELAND:RANGELAND:PREPROCESSING:FORCE_PREPROCESS,1763867884000,1763868187000,6,147.4,,38654705664.0,,,0.00034538133593750017,0.00118776,0.0015331413359375,0.0015331413359375,0.0,1.0,
2532,NFCORE_RANGELAND:RANGELAND:PREPROCESSING:FORCE_PREPROCESS,1763868057000,1763868203000,6,187.4,,38654705664.0,,,0.00021158320691287884,0.00057232,0.0007839032069128788,0.0007839032069128788,0.0,1.0,
2531,NFCORE_RANGELAND:RANGELAND:PREPROCESSING:FORCE_PREPROCESS,1763868052000,1763868203000,6,191.7,,38654705664.0,,,0.0002270491552556818,0.00059192,0.0008189691552556818,0.0008189691552556818,0.0,1.0,
2534,NFCORE_RANGELAND:RANGELAND:PREPROCESSING:FORCE_PREPROCESS,1763868064000,1763868208000,6,190.7,,38654705664.0,,,0.00021017523749999994,0.00056448,0.0007746552375,0.0007746552375,0.0,1.0,
2535,NFCORE_RANGELAND:RANGELAND:PREPROCESSING:FORCE_PREPROCESS,1763868071000,1763868212000,6,191.4,,38654705664.0,,,0.0002065520015625,0.00055272,0.0007592720015625,0.0007592720015625,0.0,1.0,
2537,NFCORE_RANGELAND:RANGELAND:PREPROCESSING:FORCE_PREPROCESS,1763868085000,1763868229000,6,190.6,,38654705664.0,,,0.0002205321416666667,0.00056448,0.0007850121416666668,0.0007850121416666668,0.0,1.0,
2536,NFCORE_RANGELAND:RANGELAND:PREPROCESSING:FORCE_PREPROCESS,1763868075000,1763868241000,6,186.0,,38654705664.0,,,0.0002421820006313131,0.00065072,0.0008929020006313131,0.0008929020006313131,0.0,1.0,
2522,NFCORE_RANGELAND:RANGELAND:PREPROCESSING:FORCE_PREPROCESS,1763867978000,1763868243000,6,157.2,,38654705664.0,,,0.00031883557812499997,0.0010387999999999999,0.001357635578125,0.001357635578125,0.0,1.0,
2539,NFCORE_RANGELAND:RANGELAND:PREPROCESSING:FORCE_PREPROCESS,1763868106000,1763868251000,6,188.3,,38654705664.0,,,0.00021114318832859857,0.0005684,0.0007795431883285986,0.0007795431883285986,0.0,1.0,
1793,NFCORE_RANGELAND:RANGELAND:PREPROCESSING:FORCE_PREPROCESS,1763868051000,1763868247000,6,191.4,,38654705664.0,,,0.00030142863819444446,0.0007683200000000001,0.0010697486381944445,0.0010697486381944445,0.0,1.0,
2530,NFCORE_RANGELAND:RANGELAND:PREPROCESSING:FORCE_PREPROCESS,1763868128000,1763868272000,6,191.6,,38654705664.0,,,0.00021641074848484845,0.00056448,0.0007808907484848484,0.0007808907484848484,0.0,1.0,
2538,NFCORE_RANGELAND:RANGELAND:PREPROCESSING:FORCE_PREPROCESS,1763868095000,1763868263000,6,183.6,,38654705664.0,,,0.000247838325,0.0006585600000000001,0.0009063983250000001,0.0009063983250000001,0.0,1.0,
2543,NFCORE_RANGELAND:RANGELAND:PREPROCESSING:FORCE_PREPROCESS,1763868134000,1763868278000,6,189.6,,38654705664.0,,,0.00020896289999999996,0.00056448,0.0007734428999999999,0.0007734428999999999,0.0,1.0,
2544,NFCORE_RANGELAND:RANGELAND:PREPROCESSING:FORCE_PREPROCESS,1763868140000,1763868283000,6,190.5,,38654705664.0,,,0.0002188857677951389,0.00056056,0.0007794457677951389,0.0007794457677951389,0.0,1.0,
2542,NFCORE_RANGELAND:RANGELAND:PREPROCESSING:FORCE_PREPROCESS,1763868144000,1763868301000,6,191.0,,38654705664.0,,,0.0002318952071496213,0.0006154400000000001,0.0008473352071496214,0.0008473352071496214,0.0,1.0,
1745,NFCORE_RANGELAND:RANGELAND:PREPROCESSING:FORCE_PREPROCESS,1763868091000,1763868313000,6,165.8,,38654705664.0,,,0.000281712334375,0.00087024,0.001151952334375,0.001151952334375,0.0,1.0,
2546,NFCORE_RANGELAND:RANGELAND:PREPROCESSING:FORCE_PREPROCESS,1763868163000,1763868316000,6,190.5,,38654705664.0,,,0.00022861632599431816,0.0005997600000000001,0.0008283763259943183,0.0008283763259943183,0.0,1.0,
2541,NFCORE_RANGELAND:RANGELAND:PREPROCESSING:FORCE_PREPROCESS,1763868174000,1763868317000,6,188.8,,38654705664.0,,,0.0002117672796296296,0.00056056,0.0007723272796296296,0.0007723272796296296,0.0,1.0,
2540,NFCORE_RANGELAND:RANGELAND:PREPROCESSING:FORCE_PREPROCESS,1763868133000,1763868323000,6,174.7,,38654705664.0,,,0.0002566878184185607,0.0007448,0.0010014878184185607,0.0010014878184185607,0.0,1.0,
1746,NFCORE_RANGELAND:RANGELAND:PREPROCESSING:FORCE_PREPROCESS,1763868190000,1763868342000,6,190.0,,38654705664.0,,,0.00022333456439393946,0.00059584,0.0008191745643939396,0.0008191745643939396,0.0,1.0,
2551,NFCORE_RANGELAND:RANGELAND:PREPROCESSING:FORCE_PREPROCESS,1763868208000,1763868351000,6,191.2,,38654705664.0,,,0.00021143782291666672,0.00056056,0.0007719978229166667,0.0007719978229166667,0.0,1.0,
2552,NFCORE_RANGELAND:RANGELAND:PREPROCESSING:FORCE_PREPROCESS,1763868210000,1763868355000,6,190.2,,38654705664.0,,,0.00021107989843749994,0.0005684,0.0007794798984375,0.0007794798984375,0.0,1.0,
1753,NFCORE_RANGELAND:RANGELAND:PREPROCESSING:FORCE_PREPROCESS,1763868216000,1763868369000,6,189.0,,38654705664.0,,,0.0002213204765625,0.0005997600000000001,0.0008210804765625,0.0008210804765625,0.0,1.0,
2556,NFCORE_RANGELAND:RANGELAND:PREPROCESSING:FORCE_PREPROCESS,1763868250000,1763868393000,6,191.1,,38654705664.0,,,0.00021957517178819444,0.00056056,0.0007801351717881944,0.0007801351717881944,0.0,1.0,
2555,NFCORE_RANGELAND:RANGELAND:PREPROCESSING:FORCE_PREPROCESS,1763868246000,1763868391000,6,188.6,,38654705664.0,,,0.00020930425260416664,0.0005684,0.0007777042526041667,0.0007777042526041667,0.0,1.0,
1752,NFCORE_RANGELAND:RANGELAND:PREPROCESSING:FORCE_PREPROCESS,1763868205000,1763868393000,6,184.4,,38654705664.0,,,0.00027191902617845114,0.00073696,0.0010088790261784512,0.0010088790261784512,0.0,1.0,
2557,NFCORE_RANGELAND:RANGELAND:PREPROCESSING:FORCE_PREPROCESS,1763868253000,1763868400000,6,190.6,,38654705664.0,,,0.00021667010014204553,0.00057624,0.0007929101001420456,0.0007929101001420456,0.0,1.0,
2559,NFCORE_RANGELAND:RANGELAND:PREPROCESSING:FORCE_PREPROCESS,1763868281000,1763868423000,6,191.1,,38654705664.0,,,0.00020769086406249992,0.00055664,0.0007643308640624998,0.0007643308640624998,0.0,1.0,
2560,NFCORE_RANGELAND:RANGELAND:PREPROCESSING:FORCE_PREPROCESS,1763868285000,1763868433000,6,185.0,,38654705664.0,,,0.00021999861689814816,0.00058016,0.0008001586168981482,0.0008001586168981482,0.0,1.0,
2558,NFCORE_RANGELAND:RANGELAND:PREPROCESSING:FORCE_PREPROCESS,1763868275000,1763868428000,6,188.4,,38654705664.0,,,0.00022609614602272726,0.0005997600000000001,0.0008258561460227274,0.0008258561460227274,0.0,1.0,
2573,NFCORE_RANGELAND:RANGELAND:PREPROCESSING:FORCE_PREPROCESS,1763868396000,1763868430000,6,174.2,,38654705664.0,,,4.758976655092592e-05,0.00013328000000000002,0.00018086976655092593,0.00018086976655092593,0.0,1.0,
1754,NFCORE_RANGELAND:RANGELAND:PREPROCESSING:FORCE_PREPROCESS,1763868232000,1763868449000,6,161.5,,38654705664.0,,,0.00028159099811921295,0.00085064,0.0011322309981192128,0.0011322309981192128,0.0,1.0,
2564,NFCORE_RANGELAND:RANGELAND:PREPROCESSING:FORCE_PREPROCESS,1763868318000,1763868459000,6,191.5,,38654705664.0,,,0.00021179159509154038,0.00055272,0.0007645115950915404,0.0007645115950915404,0.0,1.0,
2561,NFCORE_RANGELAND:RANGELAND:PREPROCESSING:FORCE_PREPROCESS,1763868303000,1763868459000,6,184.6,,38654705664.0,,,0.00022269734943181825,0.00061152,0.0008342173494318183,0.0008342173494318183,0.0,1.0,
1755,NFCORE_RANGELAND:RANGELAND:PREPROCESSING:FORCE_PREPROCESS,1763868266000,1763868472000,6,169.4,,38654705664.0,,,0.0002803929778935185,0.00080752,0.0010879129778935187,0.0010879129778935187,0.0,1.0,
2562,NFCORE_RANGELAND:RANGELAND:PREPROCESSING:FORCE_PREPROCESS,1763868316000,1763868489000,6,176.7,,38654705664.0,,,0.0002339650648437499,0.00067816,0.0009121250648437499,0.0009121250648437499,0.0,1.0,
2566,NFCORE_RANGELAND:RANGELAND:PREPROCESSING:FORCE_PREPROCESS,1763868325000,1763868488000,6,187.0,,38654705664.0,,,0.00023571540364583342,0.0006389599999999999,0.0008746754036458333,0.0008746754036458333,0.0,1.0,
1790,NFCORE_RANGELAND:RANGELAND:PREPROCESSING:FORCE_PREPROCESS,1763868462000,1763868499000,6,169.8,,38654705664.0,,,4.85845475852273e-05,0.00014504,0.0001936245475852273,0.0001936245475852273,0.0,1.0,
2569,NFCORE_RANGELAND:RANGELAND:PREPROCESSING:FORCE_PREPROCESS,1763868358000,1763868503000,6,186.8,,38654705664.0,,,0.00020730665104166666,0.0005684,0.0007757066510416667,0.0007757066510416667,0.0,1.0,
2568,NFCORE_RANGELAND:RANGELAND:PREPROCESSING:FORCE_PREPROCESS,1763868353000,1763868507000,6,186.2,,38654705664.0,,,0.0002217477135416667,0.00060368,0.0008254277135416667,0.0008254277135416667,0.0,1.0,
2545,NFCORE_RANGELAND:RANGELAND:PREPROCESSING:FORCE_PREPROCESS,1763868145000,1763868521000,6,149.7,,38654705664.0,,,0.00045226830347222226,0.00147392,0.0019261883034722223,0.0019261883034722223,0.0,1.0,
2570,NFCORE_RANGELAND:RANGELAND:PREPROCESSING:FORCE_PREPROCESS,1763868372000,1763868528000,6,183.1,,38654705664.0,,,0.00021861567812499997,0.00061152,0.000830135678125,0.000830135678125,0.0,1.0,
2567,NFCORE_RANGELAND:RANGELAND:PREPROCESSING:FORCE_PREPROCESS,1763868344000,1763868519000,6,187.8,,38654705664.0,,,0.00025415133167613647,0.0006860000000000001,0.0009401513316761366,0.0009401513316761366,0.0,1.0,
2574,NFCORE_RANGELAND:RANGELAND:PREPROCESSING:FORCE_PREPROCESS,1763868396000,1763868539000,6,188.4,,38654705664.0,,,0.00021131862013888886,0.00056056,0.0007718786201388888,0.0007718786201388888,0.0,1.0,
2571,NFCORE_RANGELAND:RANGELAND:PREPROCESSING:FORCE_PREPROCESS,1763868393000,1763868541000,6,190.1,,38654705664.0,,,0.00021533379479166662,0.00058016,0.0007954937947916667,0.0007954937947916667,0.0,1.0,
2575,NFCORE_RANGELAND:RANGELAND:PREPROCESSING:FORCE_PREPROCESS,1763868402000,1763868542000,6,190.4,,38654705664.0,,,0.00020613594696969705,0.0005488000000000001,0.0007549359469696972,0.0007549359469696972,0.0,1.0,
2576,NFCORE_RANGELAND:RANGELAND:PREPROCESSING:FORCE_PREPROCESS,1763868431000,1763868575000,6,191.3,,38654705664.0,,,0.00021607190075757576,0.00056448,0.0007805519007575757,0.0007805519007575757,0.0,1.0,
2578,NFCORE_RANGELAND:RANGELAND:PREPROCESSING:FORCE_PREPROCESS,1763868435000,1763868580000,6,190.3,,38654705664.0,,,0.00022171409186921297,0.0005684,0.000790114091869213,0.000790114091869213,0.0,1.0,
1757,NFCORE_RANGELAND:RANGELAND:PREPROCESSING:FORCE_PREPROCESS,1763868425000,1763868598000,6,191.0,,38654705664.0,,,0.0002528994192708333,0.00067816,0.0009310594192708333,0.0009310594192708333,0.0,1.0,
2580,NFCORE_RANGELAND:RANGELAND:PREPROCESSING:FORCE_PREPROCESS,1763868461000,1763868604000,6,191.0,,38654705664.0,,,0.00021423490682870368,0.00056056,0.0007747949068287037,0.0007747949068287037,0.0,1.0,
2579,NFCORE_RANGELAND:RANGELAND:PREPROCESSING:FORCE_PREPROCESS,1763868451000,1763868600000,6,185.4,,38654705664.0,,,0.0002219639807291667,0.0005840800000000001,0.0008060439807291667,0.0008060439807291667,0.0,1.0,
2258,NFCORE_RANGELAND:RANGELAND:PREPROCESSING:FORCE_PREPROCESS,1763868244000,1763868620000,6,144.6,,38654705664.0,,,0.0004264586896464646,0.00147392,0.0019003786896464648,0.0019003786896464648,0.0,1.0,
1792,NFCORE_RANGELAND:RANGELAND:PREPROCESSING:FORCE_PREPROCESS,1763868493000,1763868646000,6,186.7,,38654705664.0,,,0.00021862715859374997,0.0005997600000000001,0.0008183871585937501,0.0008183871585937501,0.0,1.0,
1758,NFCORE_RANGELAND:RANGELAND:PREPROCESSING:FORCE_PREPROCESS,1763868474000,1763868651000,6,187.6,,38654705664.0,,,0.0002668041663194444,0.00069384,0.0009606441663194444,0.0009606441663194444,0.0,1.0,
2589,NFCORE_RANGELAND:RANGELAND:PREPROCESSING:FORCE_PREPROCESS,1763868524000,1763868665000,6,191.5,,38654705664.0,,,0.00021695736501736113,0.00055272,0.0007696773650173611,0.0007696773650173611,0.0,1.0,
2585,NFCORE_RANGELAND:RANGELAND:PREPROCESSING:FORCE_PREPROCESS,1763868505000,1763868658000,6,190.3,,38654705664.0,,,0.00022284278671874997,0.0005997600000000001,0.00082260278671875,0.00082260278671875,0.0,1.0,
2565,NFCORE_RANGELAND:RANGELAND:PREPROCESSING:FORCE_PREPROCESS,1763868320000,1763868671000,6,138.4,,38654705664.0,,,0.0003810342693181818,0.00137592,0.001756954269318182,0.001756954269318182,0.0,1.0,
2590,NFCORE_RANGELAND:RANGELAND:PREPROCESSING:FORCE_PREPROCESS,1763868531000,1763868675000,6,189.2,,38654705664.0,,,0.00020852204999999996,0.00056448,0.00077300205,0.00077300205,0.0,1.0,
2584,NFCORE_RANGELAND:RANGELAND:PREPROCESSING:FORCE_PREPROCESS,1763868501000,1763868672000,6,190.6,,38654705664.0,,,0.00025204481036931824,0.0006703200000000001,0.0009223648103693183,0.0009223648103693183,0.0,1.0,
2586,NFCORE_RANGELAND:RANGELAND:PREPROCESSING:FORCE_PREPROCESS,1763868509000,1763868683000,6,177.0,,38654705664.0,,,0.000238166825284091,0.0006820800000000001,0.0009202468252840911,0.0009202468252840911,0.0,1.0,
1759,NFCORE_RANGELAND:RANGELAND:PREPROCESSING:FORCE_PREPROCESS,1763868490000,1763868688000,6,191.2,,38654705664.0,,,0.0002927600625000001,0.00077616,0.0010689200625,0.0010689200625,0.0,1.0,
2092,NFCORE_RANGELAND:RANGELAND:PREPROCESSING:FORCE_PREPROCESS,1763868545000,1763868691000,6,193.5,,38654705664.0,,,0.00021847038707386373,0.00057232,0.0007907903870738637,0.0007907903870738637,0.0,1.0,
2592,NFCORE_RANGELAND:RANGELAND:PREPROCESSING:FORCE_PREPROCESS,1763868543000,1763868688000,6,190.8,,38654705664.0,,,0.000211745765625,0.0005684,0.000780145765625,0.000780145765625,0.0,1.0,
2587,NFCORE_RANGELAND:RANGELAND:PREPROCESSING:FORCE_PREPROCESS,1763868521000,1763868695000,6,183.4,,38654705664.0,,,0.00024677850710227284,0.0006820800000000001,0.0009288585071022729,0.0009288585071022729,0.0,1.0,
2593,NFCORE_RANGELAND:RANGELAND:PREPROCESSING:FORCE_PREPROCESS,1763868583000,1763868731000,6,188.5,,38654705664.0,,,0.0002241607528935185,0.00058016,0.0008043207528935185,0.0008043207528935185,0.0,1.0,
2591,NFCORE_RANGELAND:RANGELAND:PREPROCESSING:FORCE_PREPROCESS,1763868541000,1763868725000,6,179.8,,38654705664.0,,,0.0002594946095117845,0.00072128,0.0009807746095117846,0.0009807746095117846,0.0,1.0,
2594,NFCORE_RANGELAND:RANGELAND:PREPROCESSING:FORCE_PREPROCESS,1763868601000,1763868746000,6,191.7,,38654705664.0,,,0.00021274456640624995,0.0005684,0.00078114456640625,0.00078114456640625,0.0,1.0,
2087,NFCORE_RANGELAND:RANGELAND:PREPROCESSING:FORCE_PREPROCESS,1763868577000,1763868724000,6,193.4,,38654705664.0,,,0.00022299474807449491,0.00057624,0.0007992347480744949,0.0007992347480744949,0.0,1.0,
2599,NFCORE_RANGELAND:RANGELAND:PREPROCESSING:FORCE_PREPROCESS,1763868607000,1763868757000,6,190.4,,38654705664.0,,,0.00022401599747474746,0.000588,0.0008120159974747475,0.0008120159974747475,0.0,1.0,
2577,NFCORE_RANGELAND:RANGELAND:PREPROCESSING:FORCE_PREPROCESS,1763868433000,1763868789000,6,144.7,,38654705664.0,,,0.0004139091582175925,0.0013955200000000001,0.0018094291582175927,0.0018094291582175927,0.0,1.0,
2597,NFCORE_RANGELAND:RANGELAND:PREPROCESSING:FORCE_PREPROCESS,1763868648000,1763868799000,6,188.8,,38654705664.0,,,0.00021819625833333328,0.00059192,0.0008101162583333333,0.0008101162583333333,0.0,1.0,
2602,NFCORE_RANGELAND:RANGELAND:PREPROCESSING:FORCE_PREPROCESS,1763868660000,1763868804000,6,191.8,,38654705664.0,,,0.00021138757499999998,0.00056448,0.000775867575,0.000775867575,0.0,1.0,
2603,NFCORE_RANGELAND:RANGELAND:PREPROCESSING:FORCE_PREPROCESS,1763868668000,1763868816000,6,186.6,,38654705664.0,,,0.00022190130763888888,0.00058016,0.0008020613076388889,0.0008020613076388889,0.0,1.0,
1570,NFCORE_RANGELAND:RANGELAND:PREPROCESSING:FORCE_PREPROCESS,1763868692000,1763868825000,6,190.6,,38654705664.0,,,0.00019603485250946977,0.00052136,0.0007173948525094698,0.0007173948525094698,0.0,1.0,
2606,NFCORE_RANGELAND:RANGELAND:PREPROCESSING:FORCE_PREPROCESS,1763868678000,1763868827000,6,191.3,,38654705664.0,,,0.0002181572247395833,0.0005840800000000001,0.0008022372247395834,0.0008022372247395834,0.0,1.0,
2607,NFCORE_RANGELAND:RANGELAND:PREPROCESSING:FORCE_PREPROCESS,1763868686000,1763868830000,6,191.3,,38654705664.0,,,0.00021302776704545462,0.00056448,0.0007775077670454547,0.0007775077670454547,0.0,1.0,
2609,NFCORE_RANGELAND:RANGELAND:PREPROCESSING:FORCE_PREPROCESS,1763868693000,1763868838000,6,190.4,,38654705664.0,,,0.0002134979450757577,0.0005684,0.0007818979450757577,0.0007818979450757577,0.0,1.0,
2610,NFCORE_RANGELAND:RANGELAND:PREPROCESSING:FORCE_PREPROCESS,1763868697000,1763868845000,6,190.5,,38654705664.0,,,0.00021802959517045462,0.00058016,0.0007981895951704546,0.0007981895951704546,0.0,1.0,
2600,NFCORE_RANGELAND:RANGELAND:PREPROCESSING:FORCE_PREPROCESS,1763868622000,1763868860000,6,159.0,,38654705664.0,,,0.0002968211966540404,0.0009329599999999999,0.0012297811966540404,0.0012297811966540404,0.0,1.0,
2608,NFCORE_RANGELAND:RANGELAND:PREPROCESSING:FORCE_PREPROCESS,1763868690000,1763868842000,6,189.4,,38654705664.0,,,0.00022033927916666662,0.00059584,0.0008161792791666667,0.0008161792791666667,0.0,1.0,
2604,NFCORE_RANGELAND:RANGELAND:PREPROCESSING:FORCE_PREPROCESS,1763868673000,1763868852000,6,183.9,,38654705664.0,,,0.000258199615072601,0.00070168,0.000959879615072601,0.000959879615072601,0.0,1.0,
2612,NFCORE_RANGELAND:RANGELAND:PREPROCESSING:FORCE_PREPROCESS,1763868729000,1763868880000,6,188.5,,38654705664.0,,,0.00022325908067655724,0.00059192,0.0008151790806765573,0.0008151790806765573,0.0,1.0,
2614,NFCORE_RANGELAND:RANGELAND:PREPROCESSING:FORCE_PREPROCESS,1763868748000,1763868892000,6,191.6,,38654705664.0,,,0.00021116714999999998,0.00056448,0.00077564715,0.00077564715,0.0,1.0,
2601,NFCORE_RANGELAND:RANGELAND:PREPROCESSING:FORCE_PREPROCESS,1763868654000,1763868893000,6,162.3,,38654705664.0,,,0.0003116756884548611,0.00093688,0.001248555688454861,0.001248555688454861,0.0,1.0,
2605,NFCORE_RANGELAND:RANGELAND:PREPROCESSING:FORCE_PREPROCESS,1763868676000,1763868905000,6,158.4,,38654705664.0,,,0.0002805106875000001,0.00089768,0.0011781906875,0.0011781906875,0.0,1.0,
2613,NFCORE_RANGELAND:RANGELAND:PREPROCESSING:FORCE_PREPROCESS,1763868734000,1763868909000,6,179.2,,38654705664.0,,,0.00025197796296296297,0.0006860000000000001,0.000937977962962963,0.000937977962962963,0.0,1.0,
2615,NFCORE_RANGELAND:RANGELAND:PREPROCESSING:FORCE_PREPROCESS,1763868760000,1763868905000,6,190.6,,38654705664.0,,,0.00021677626478324913,0.0005684,0.0007851762647832492,0.0007851762647832492,0.0,1.0,
2616,NFCORE_RANGELAND:RANGELAND:PREPROCESSING:FORCE_PREPROCESS,1763868792000,1763868936000,6,190.1,,38654705664.0,,,0.00021995362083333334,0.00056448,0.0007844336208333334,0.0007844336208333334,0.0,1.0,
2633,NFCORE_RANGELAND:RANGELAND:PREPROCESSING:FORCE_PREPROCESS,1763868910000,1763868946000,6,175.0,,38654705664.0,,,4.9415293560606054e-05,0.00014112,0.00019053529356060606,0.00019053529356060606,0.0,1.0,
2618,NFCORE_RANGELAND:RANGELAND:PREPROCESSING:FORCE_PREPROCESS,1763868807000,1763868957000,6,187.9,,38654705664.0,,,0.00021571800781249994,0.000588,0.0008037180078124999,0.0008037180078124999,0.0,1.0,
2620,NFCORE_RANGELAND:RANGELAND:PREPROCESSING:FORCE_PREPROCESS,1763868828000,1763868972000,6,190.3,,38654705664.0,,,0.00021191418750000007,0.00056448,0.0007763941875,0.0007763941875,0.0,1.0,
2617,NFCORE_RANGELAND:RANGELAND:PREPROCESSING:FORCE_PREPROCESS,1763868801000,1763868968000,6,191.0,,38654705664.0,,,0.0002441283411458333,0.0006546400000000001,0.0008987683411458334,0.0008987683411458334,0.0,1.0,
2611,NFCORE_RANGELAND:RANGELAND:PREPROCESSING:FORCE_PREPROCESS,1763868727000,1763868987000,6,160.5,,38654705664.0,,,0.0003273174921085858,0.0010191999999999998,0.0013465174921085856,0.0013465174921085856,0.0,1.0,
2625,NFCORE_RANGELAND:RANGELAND:PREPROCESSING:FORCE_PREPROCESS,1763868845000,1763868993000,6,191.0,,38654705664.0,,,0.00021635326041666663,0.00058016,0.0007965132604166666,0.0007965132604166666,0.0,1.0,
2622,NFCORE_RANGELAND:RANGELAND:PREPROCESSING:FORCE_PREPROCESS,1763868831000,1763869004000,6,188.5,,38654705664.0,,,0.0002495892174479166,0.00067816,0.0009277492174479166,0.0009277492174479166,0.0,1.0,
2621,NFCORE_RANGELAND:RANGELAND:PREPROCESSING:FORCE_PREPROCESS,1763868851000,1763868999000,6,188.9,,38654705664.0,,,0.00021619837547348495,0.00058016,0.000796358375473485,0.000796358375473485,0.0,1.0,
2627,NFCORE_RANGELAND:RANGELAND:PREPROCESSING:FORCE_PREPROCESS,1763868863000,1763869009000,6,186.1,,38654705664.0,,,0.00021311796432028617,0.00057232,0.0007854379643202861,0.0007854379643202861,0.0,1.0,
2624,NFCORE_RANGELAND:RANGELAND:PREPROCESSING:FORCE_PREPROCESS,1763868840000,1763869017000,6,175.3,,38654705664.0,,,0.00023994623259943187,0.00069384,0.0009337862325994319,0.0009337862325994319,0.0,1.0,
2598,NFCORE_RANGELAND:RANGELAND:PREPROCESSING:FORCE_PREPROCESS,1763868603000,1763869030000,6,140.7,,38654705664.0,,,0.00048273465685763883,0.00167384,0.0021565746568576387,0.0021565746568576387,0.0,1.0,
2631,NFCORE_RANGELAND:RANGELAND:PREPROCESSING:FORCE_PREPROCESS,1763868899000,1763869043000,6,191.4,,38654705664.0,,,0.00022145777500000004,0.00056448,0.0007859377750000001,0.0007859377750000001,0.0,1.0,
1978,NFCORE_RANGELAND:RANGELAND:PREPROCESSING:FORCE_PREPROCESS,1763868834000,1763869052000,6,172.6,,38654705664.0,,,0.00029097524195075767,0.00085456,0.0011455352419507576,0.0011455352419507576,0.0,1.0,
2632,NFCORE_RANGELAND:RANGELAND:PREPROCESSING:FORCE_PREPROCESS,1763868907000,1763869051000,6,191.3,,38654705664.0,,,0.00021302776704545462,0.00056448,0.0007775077670454547,0.0007775077670454547,0.0,1.0,
2634,NFCORE_RANGELAND:RANGELAND:PREPROCESSING:FORCE_PREPROCESS,1763868912000,1763869056000,6,190.0,,38654705664.0,,,0.00021983791666666666,0.00056448,0.0007843179166666667,0.0007843179166666667,0.0,1.0,
2595,NFCORE_RANGELAND:RANGELAND:PREPROCESSING:FORCE_PREPROCESS,1763868895000,1763869063000,6,185.8,,38654705664.0,,,0.00023890396249999998,0.0006585600000000001,0.0008974639625000001,0.0008974639625000001,0.0,1.0,
2635,NFCORE_RANGELAND:RANGELAND:PREPROCESSING:FORCE_PREPROCESS,1763868938000,1763869086000,6,190.7,,38654705664.0,,,0.00022677695266203702,0.00058016,0.000806936952662037,0.000806936952662037,0.0,1.0,
2619,NFCORE_RANGELAND:RANGELAND:PREPROCESSING:FORCE_PREPROCESS,1763868818000,1763869078000,6,164.7,,38654705664.0,,,0.00034407526562499997,0.0010191999999999998,0.0013632752656249998,0.0013632752656249998,0.0,1.0,
2637,NFCORE_RANGELAND:RANGELAND:PREPROCESSING:FORCE_PREPROCESS,1763868959000,1763869107000,6,190.9,,38654705664.0,,,0.00021623998645833333,0.00058016,0.0007963999864583334,0.0007963999864583334,0.0,1.0,
2638,NFCORE_RANGELAND:RANGELAND:PREPROCESSING:FORCE_PREPROCESS,1763868970000,1763869117000,6,188.6,,38654705664.0,,,0.00021219120781249993,0.00057624,0.0007884312078124999,0.0007884312078124999,0.0,1.0,
2639,NFCORE_RANGELAND:RANGELAND:PREPROCESSING:FORCE_PREPROCESS,1763868974000,1763869131000,6,182.8,,38654705664.0,,,0.00022193949668560615,0.0006154400000000001,0.0008373794966856062,0.0008373794966856062,0.0,1.0,
2641,NFCORE_RANGELAND:RANGELAND:PREPROCESSING:FORCE_PREPROCESS,1763868995000,1763869145000,6,188.1,,38654705664.0,,,0.00021594761718749994,0.000588,0.0008039476171875,0.0008039476171875,0.0,1.0,
2636,NFCORE_RANGELAND:RANGELAND:PREPROCESSING:FORCE_PREPROCESS,1763868948000,1763869145000,6,174.0,,38654705664.0,,,0.0002688662591540404,0.0007722400000000001,0.0010411062591540404,0.0010411062591540404,0.0,1.0,
2640,NFCORE_RANGELAND:RANGELAND:PREPROCESSING:FORCE_PREPROCESS,1763868989000,1763869143000,6,186.9,,38654705664.0,,,0.00022576200451388887,0.00060368,0.0008294420045138888,0.0008294420045138888,0.0,1.0,
2643,NFCORE_RANGELAND:RANGELAND:PREPROCESSING:FORCE_PREPROCESS,1763869007000,1763869149000,6,191.6,,38654705664.0,,,0.0002082342729166666,0.00055664,0.0007648742729166665,0.0007648742729166665,0.0,1.0,
2642,NFCORE_RANGELAND:RANGELAND:PREPROCESSING:FORCE_PREPROCESS,1763869001000,1763869162000,6,182.2,,38654705664.0,,,0.000226846979876894,0.0006311199999999999,0.0008579669798768939,0.0008579669798768939,0.0,1.0,
2644,NFCORE_RANGELAND:RANGELAND:PREPROCESSING:FORCE_PREPROCESS,1763869011000,1763869150000,6,189.3,,38654705664.0,,,0.00020638885632891414,0.0005448800000000001,0.0007512688563289143,0.0007512688563289143,0.0,1.0,
2648,NFCORE_RANGELAND:RANGELAND:PREPROCESSING:FORCE_PREPROCESS,1763869053000,1763869199000,6,189.5,,38654705664.0,,,0.0002139542033617425,0.00057232,0.0007862742033617425,0.0007862742033617425,0.0,1.0,
2646,NFCORE_RANGELAND:RANGELAND:PREPROCESSING:FORCE_PREPROCESS,1763869032000,1763869192000,6,189.0,,38654705664.0,,,0.00024297875,0.0006272,0.0008701787499999999,0.0008701787499999999,0.0,1.0,
2651,NFCORE_RANGELAND:RANGELAND:PREPROCESSING:FORCE_PREPROCESS,1763869066000,1763869209000,6,189.5,,38654705664.0,,,0.00020740232161458328,0.00056056,0.0007679623216145832,0.0007679623216145832,0.0,1.0,
2628,NFCORE_RANGELAND:RANGELAND:PREPROCESSING:FORCE_PREPROCESS,1763868883000,1763869227000,6,158.2,,38654705664.0,,,0.0004268602869528619,0.0013484800000000002,0.0017753402869528621,0.0017753402869528621,0.0,1.0,
2653,NFCORE_RANGELAND:RANGELAND:PREPROCESSING:FORCE_PREPROCESS,1763869088000,1763869229000,6,191.7,,38654705664.0,,,0.00021718395234375,0.00055272,0.00076990395234375,0.00076990395234375,0.0,1.0,
1560,NFCORE_RANGELAND:RANGELAND:PREPROCESSING:FORCE_PREPROCESS,1763869045000,1763869240000,6,172.2,,38654705664.0,,,0.0002698076536458333,0.0007644000000000001,0.0010342076536458335,0.0010342076536458335,0.0,1.0,
1629,NFCORE_RANGELAND:RANGELAND:PREPROCESSING:FORCE_PREPROCESS,1763869058000,1763869242000,6,172.7,,38654705664.0,,,0.0002553269557870371,0.00072128,0.000976606955787037,0.000976606955787037,0.0,1.0,
2652,NFCORE_RANGELAND:RANGELAND:PREPROCESSING:FORCE_PREPROCESS,1763869081000,1763869250000,6,174.5,,38654705664.0,,,0.00023695650882523146,0.00066248,0.0008994365088252315,0.0008994365088252315,0.0,1.0,
2655,NFCORE_RANGELAND:RANGELAND:PREPROCESSING:FORCE_PREPROCESS,1763869120000,1763869265000,6,191.4,,38654705664.0,,,0.00021241163281250002,0.0005684,0.0007808116328125001,0.0007808116328125001,0.0,1.0,
2650,NFCORE_RANGELAND:RANGELAND:PREPROCESSING:FORCE_PREPROCESS,1763869055000,1763869280000,6,186.1,,38654705664.0,,,0.00032380805220170463,0.000882,0.0012058080522017046,0.0012058080522017046,0.0,1.0,
2659,NFCORE_RANGELAND:RANGELAND:PREPROCESSING:FORCE_PREPROCESS,1763869148000,1763869291000,6,189.0,,38654705664.0,,,0.00021199160937499997,0.00056056,0.0007725516093749999,0.0007725516093749999,0.0,1.0,
1556,NFCORE_RANGELAND:RANGELAND:PREPROCESSING:FORCE_PREPROCESS,1763869149000,1763869289000,6,186.6,,38654705664.0,,,0.00019994384374999997,0.0005488000000000001,0.0007487438437500001,0.0007487438437500001,0.0,1.0,
1572,NFCORE_RANGELAND:RANGELAND:PREPROCESSING:FORCE_PREPROCESS,1763869154000,1763869290000,6,190.3,,38654705664.0,,,0.0002030011634259259,0.0005331200000000001,0.000736121163425926,0.000736121163425926,0.0,1.0,
2626,NFCORE_RANGELAND:RANGELAND:PREPROCESSING:FORCE_PREPROCESS,1763868855000,1763869298000,6,133.4,,38654705664.0,,,0.0004635327097327441,0.00173656,0.002200092709732744,0.002200092709732744,0.0,1.0,
1597,NFCORE_RANGELAND:RANGELAND:PREPROCESSING:FORCE_PREPROCESS,1763869133000,1763869324000,6,165.1,,38654705664.0,,,0.00024385922739109857,0.00074872,0.0009925792273910985,0.0009925792273910985,0.0,1.0,
2656,NFCORE_RANGELAND:RANGELAND:PREPROCESSING:FORCE_PREPROCESS,1763869194000,1763869336000,6,191.3,,38654705664.0,,,0.0002182678754050926,0.00055664,0.0007749078754050925,0.0007749078754050925,0.0,1.0,
2660,NFCORE_RANGELAND:RANGELAND:PREPROCESSING:FORCE_PREPROCESS,1763869152000,1763869355000,6,174.6,,38654705664.0,,,0.00027127429218749995,0.0007957600000000001,0.0010670342921875,0.0010670342921875,0.0,1.0,
2663,NFCORE_RANGELAND:RANGELAND:PREPROCESSING:FORCE_PREPROCESS,1763869211000,1763869353000,6,191.3,,38654705664.0,,,0.0002079082276041666,0.00055664,0.0007645482276041665,0.0007645482276041665,0.0,1.0,
2664,NFCORE_RANGELAND:RANGELAND:PREPROCESSING:FORCE_PREPROCESS,1763869229000,1763869375000,6,191.3,,38654705664.0,,,0.00021907289937920873,0.00057232,0.0007913928993792087,0.0007913928993792087,0.0,1.0,
2667,NFCORE_RANGELAND:RANGELAND:PREPROCESSING:FORCE_PREPROCESS,1763869232000,1763869375000,6,190.0,,38654705664.0,,,0.00021831126446759258,0.00056056,0.0007788712644675926,0.0007788712644675926,0.0,1.0,
2669,NFCORE_RANGELAND:RANGELAND:PREPROCESSING:FORCE_PREPROCESS,1763869244000,1763869389000,6,190.7,,38654705664.0,,,0.00022218012254050925,0.0005684,0.0007905801225405094,0.0007905801225405094,0.0,1.0,
2668,NFCORE_RANGELAND:RANGELAND:PREPROCESSING:FORCE_PREPROCESS,1763869242000,1763869386000,6,189.0,,38654705664.0,,,0.00021868087500000001,0.00056448,0.0007831608750000001,0.0007831608750000001,0.0,1.0,
2666,NFCORE_RANGELAND:RANGELAND:PREPROCESSING:FORCE_PREPROCESS,1763869267000,1763869411000,6,189.0,,38654705664.0,,,0.00020830162499999998,0.00056448,0.000772781625,0.000772781625,0.0,1.0,
2670,NFCORE_RANGELAND:RANGELAND:PREPROCESSING:FORCE_PREPROCESS,1763869252000,1763869396000,6,191.3,,38654705664.0,,,0.00022134207083333336,0.00056448,0.0007858220708333334,0.0007858220708333334,0.0,1.0,
2629,NFCORE_RANGELAND:RANGELAND:PREPROCESSING:FORCE_PREPROCESS,1763869145000,1763869419000,6,154.9,,38654705664.0,,,0.00033290691086910773,0.0010740800000000003,0.001406986910869108,0.001406986910869108,0.0,1.0,
1586,NFCORE_RANGELAND:RANGELAND:PREPROCESSING:FORCE_PREPROCESS,1763869164000,1763869415000,6,153.8,,38654705664.0,,,0.0002985305698390153,0.00098392,0.0012824505698390155,0.0012824505698390155,0.0,1.0,
2671,NFCORE_RANGELAND:RANGELAND:PREPROCESSING:FORCE_PREPROCESS,1763869283000,1763869433000,6,189.8,,38654705664.0,,,0.00022016395596590916,0.000588,0.0008081639559659092,0.0008081639559659092,0.0,1.0,
2675,NFCORE_RANGELAND:RANGELAND:PREPROCESSING:FORCE_PREPROCESS,1763869293000,1763869437000,6,191.6,,38654705664.0,,,0.00021641074848484845,0.00056448,0.0007808907484848484,0.0007808907484848484,0.0,1.0,
2676,NFCORE_RANGELAND:RANGELAND:PREPROCESSING:FORCE_PREPROCESS,1763869294000,1763869442000,6,188.8,,38654705664.0,,,0.00021917172996632997,0.00058016,0.00079933172996633,0.00079933172996633,0.0,1.0,
2672,NFCORE_RANGELAND:RANGELAND:PREPROCESSING:FORCE_PREPROCESS,1763869291000,1763869448000,6,186.7,,38654705664.0,,,0.0002243429013020833,0.0006154400000000001,0.0008397829013020834,0.0008397829013020834,0.0,1.0,
2677,NFCORE_RANGELAND:RANGELAND:PREPROCESSING:FORCE_PREPROCESS,1763869301000,1763869450000,6,189.2,,38654705664.0,,,0.0002211201043981481,0.0005840800000000001,0.0008052001043981482,0.0008052001043981482,0.0,1.0,
2674,NFCORE_RANGELAND:RANGELAND:PREPROCESSING:FORCE_PREPROCESS,1763869327000,1763869467000,6,191.3,,38654705664.0,,,0.00020711032907196977,0.0005488000000000001,0.0007559103290719699,0.0007559103290719699,0.0,1.0,
1612,NFCORE_RANGELAND:RANGELAND:PREPROCESSING:FORCE_PREPROCESS,1763869358000,1763869494000,6,190.1,,38654705664.0,,,0.0001978742979166666,0.0005331200000000001,0.0007309942979166667,0.0007309942979166667,0.0,1.0,
2665,NFCORE_RANGELAND:RANGELAND:PREPROCESSING:FORCE_PREPROCESS,1763869355000,1763869499000,6,190.9,,38654705664.0,,,0.00021039566249999998,0.00056448,0.0007748756625,0.0007748756625,0.0,1.0,
2654,NFCORE_RANGELAND:RANGELAND:PREPROCESSING:FORCE_PREPROCESS,1763869109000,1763869518000,6,146.7,,38654705664.0,,,0.0004592210460937498,0.0016032800000000001,0.00206250104609375,0.00206250104609375,0.0,1.0,
2645,NFCORE_RANGELAND:RANGELAND:PREPROCESSING:FORCE_PREPROCESS,1763869019000,1763869529000,6,127.1,,38654705664.0,,,0.0005012731924715911,0.0019992,0.002500473192471591,0.002500473192471591,0.0,1.0,
2680,NFCORE_RANGELAND:RANGELAND:PREPROCESSING:FORCE_PREPROCESS,1763869377000,1763869524000,6,189.8,,38654705664.0,,,0.000218843863415404,0.00057624,0.000795083863415404,0.000795083863415404,0.0,1.0,
2678,NFCORE_RANGELAND:RANGELAND:PREPROCESSING:FORCE_PREPROCESS,1763869338000,1763869529000,6,185.6,,38654705664.0,,,0.0002848379462962963,0.00074872,0.0010335579462962964,0.0010335579462962964,0.0,1.0,
2683,NFCORE_RANGELAND:RANGELAND:PREPROCESSING:FORCE_PREPROCESS,1763869391000,1763869533000,6,191.2,,38654705664.0,,,0.00021815377824074071,0.00055664,0.0007747937782407407,0.0007747937782407407,0.0,1.0,
2684,NFCORE_RANGELAND:RANGELAND:PREPROCESSING:FORCE_PREPROCESS,1763869399000,1763869547000,6,190.6,,38654705664.0,,,0.00022665803449074075,0.00058016,0.0008068180344907407,0.0008068180344907407,0.0,1.0,
2682,NFCORE_RANGELAND:RANGELAND:PREPROCESSING:FORCE_PREPROCESS,1763869388000,1763869543000,6,188.8,,38654705664.0,,,0.0002351365787037037,0.0006076,0.0008427365787037037,0.0008427365787037037,0.0,1.0,
2685,NFCORE_RANGELAND:RANGELAND:PREPROCESSING:FORCE_PREPROCESS,1763869414000,1763869558000,6,191.4,,38654705664.0,,,0.00021094672499999997,0.00056448,0.000775426725,0.000775426725,0.0,1.0,
2681,NFCORE_RANGELAND:RANGELAND:PREPROCESSING:FORCE_PREPROCESS,1763869379000,1763869553000,6,181.3,,38654705664.0,,,0.0002534740821180556,0.0006820800000000001,0.0009355540821180556,0.0009355540821180556,0.0,1.0,
2687,NFCORE_RANGELAND:RANGELAND:PREPROCESSING:FORCE_PREPROCESS,1763869422000,1763869565000,6,190.0,,38654705664.0,,,0.00021311325810185184,0.00056056,0.0007736732581018519,0.0007736732581018519,0.0,1.0,
2688,NFCORE_RANGELAND:RANGELAND:PREPROCESSING:FORCE_PREPROCESS,1763869436000,1763869577000,6,191.6,,38654705664.0,,,0.00020891680255681825,0.00055272,0.0007616368025568183,0.0007616368025568183,0.0,1.0,
2686,NFCORE_RANGELAND:RANGELAND:PREPROCESSING:FORCE_PREPROCESS,1763869418000,1763869584000,6,183.2,,38654705664.0,,,0.00023517562689393947,0.00065072,0.0008858956268939395,0.0008858956268939395,0.0,1.0,
2692,NFCORE_RANGELAND:RANGELAND:PREPROCESSING:FORCE_PREPROCESS,1763869453000,1763869597000,6,190.9,,38654705664.0,,,0.0002156201037878788,0.00056448,0.0007801001037878788,0.0007801001037878788,0.0,1.0,
2705,NFCORE_RANGELAND:RANGELAND:PREPROCESSING:FORCE_PREPROCESS,1763869567000,1763869605000,6,161.5,,38654705664.0,,,4.8136770885942755e-05,0.00014896,0.00019709677088594277,0.00019709677088594277,0.0,1.0,
2689,NFCORE_RANGELAND:RANGELAND:PREPROCESSING:FORCE_PREPROCESS,1763869439000,1763869619000,6,182.5,,38654705664.0,,,0.000257665459280303,0.0007056,0.0009632654592803031,0.0009632654592803031,0.0,1.0,
2693,NFCORE_RANGELAND:RANGELAND:PREPROCESSING:FORCE_PREPROCESS,1763869469000,1763869627000,6,184.1,,38654705664.0,,,0.00022494152154356066,0.00061936,0.0008443015215435607,0.0008443015215435607,0.0,1.0,
1615,NFCORE_RANGELAND:RANGELAND:PREPROCESSING:FORCE_PREPROCESS,1763869497000,1763869635000,6,190.4,,38654705664.0,,,0.00020110107499999994,0.00054096,0.0007420610749999999,0.0007420610749999999,0.0,1.0,
2690,NFCORE_RANGELAND:RANGELAND:PREPROCESSING:FORCE_PREPROCESS,1763869444000,1763869627000,6,191.9,,38654705664.0,,,0.000275452611852904,0.00071736,0.0009928126118529039,0.0009928126118529039,0.0,1.0,
2695,NFCORE_RANGELAND:RANGELAND:PREPROCESSING:FORCE_PREPROCESS,1763869521000,1763869664000,6,190.8,,38654705664.0,,,0.00020882513437499997,0.00056056,0.000769385134375,0.000769385134375,0.0,1.0,
2697,NFCORE_RANGELAND:RANGELAND:PREPROCESSING:FORCE_PREPROCESS,1763869526000,1763869669000,6,191.4,,38654705664.0,,,0.00021468356631944443,0.00056056,0.0007752435663194444,0.0007752435663194444,0.0,1.0,
2699,NFCORE_RANGELAND:RANGELAND:PREPROCESSING:FORCE_PREPROCESS,1763869531000,1763869678000,6,188.0,,38654705664.0,,,0.00021371447443181823,0.00057624,0.0007899544744318182,0.0007899544744318182,0.0,1.0,
2694,NFCORE_RANGELAND:RANGELAND:PREPROCESSING:FORCE_PREPROCESS,1763869502000,1763869680000,6,175.5,,38654705664.0,,,0.00023909224218749995,0.0006977600000000001,0.0009368522421875,0.0009368522421875,0.0,1.0,
2701,NFCORE_RANGELAND:RANGELAND:PREPROCESSING:FORCE_PREPROCESS,1763869545000,1763869688000,6,191.9,,38654705664.0,,,0.00022049437711226853,0.00056056,0.0007810543771122685,0.0007810543771122685,0.0,1.0,
2702,NFCORE_RANGELAND:RANGELAND:PREPROCESSING:FORCE_PREPROCESS,1763869549000,1763869692000,6,191.6,,38654705664.0,,,0.0002201496751157407,0.00056056,0.0007807096751157407,0.0007807096751157407,0.0,1.0,
2662,NFCORE_RANGELAND:RANGELAND:PREPROCESSING:FORCE_PREPROCESS,1763869202000,1763869699000,6,130.5,,38654705664.0,,,0.0005015631871448865,0.0019482399999999997,0.0024498031871448864,0.0024498031871448864,0.0,1.0,
2704,NFCORE_RANGELAND:RANGELAND:PREPROCESSING:FORCE_PREPROCESS,1763869560000,1763869710000,6,191.9,,38654705664.0,,,0.00022031019531249996,0.000588,0.0008083101953124999,0.0008083101953124999,0.0,1.0,
2716,NFCORE_RANGELAND:RANGELAND:PREPROCESSING:FORCE_PREPROCESS,1763869680000,1763869714000,6,173.9,,38654705664.0,,,4.572326680871214e-05,0.00013328000000000002,0.00017900326680871218,0.00017900326680871218,0.0,1.0,
2703,NFCORE_RANGELAND:RANGELAND:PREPROCESSING:FORCE_PREPROCESS,1763869556000,1763869701000,6,189.4,,38654705664.0,,,0.00022066552285879631,0.0005684,0.0007890655228587963,0.0007890655228587963,0.0,1.0,
2698,NFCORE_RANGELAND:RANGELAND:PREPROCESSING:FORCE_PREPROCESS,1763869537000,1763869721000,6,178.3,,38654705664.0,,,0.000263606231712963,0.00072128,0.000984886231712963,0.000984886231712963,0.0,1.0,
2707,NFCORE_RANGELAND:RANGELAND:PREPROCESSING:FORCE_PREPROCESS,1763869586000,1763869732000,6,185.4,,38654705664.0,,,0.00020932511505681822,0.00057232,0.0007816451150568182,0.0007816451150568182,0.0,1.0,
2706,NFCORE_RANGELAND:RANGELAND:PREPROCESSING:FORCE_PREPROCESS,1763869579000,1763869749000,6,179.4,,38654705664.0,,,0.00023584686789772732,0.0006664,0.0009022468678977274,0.0009022468678977274,0.0,1.0,
2709,NFCORE_RANGELAND:RANGELAND:PREPROCESSING:FORCE_PREPROCESS,1763869607000,1763869749000,6,191.4,,38654705664.0,,,0.00021318228263888888,0.00055664,0.0007698222826388888,0.0007698222826388888,0.0,1.0,
2710,NFCORE_RANGELAND:RANGELAND:PREPROCESSING:FORCE_PREPROCESS,1763869621000,1763869770000,6,183.6,,38654705664.0,,,0.00021457532329545453,0.0005840800000000001,0.0007986553232954545,0.0007986553232954545,0.0,1.0,
2711,NFCORE_RANGELAND:RANGELAND:PREPROCESSING:FORCE_PREPROCESS,1763869629000,1763869769000,6,190.8,,38654705664.0,,,0.0002095208446969697,0.0005488000000000001,0.0007583208446969698,0.0007583208446969698,0.0,1.0,
1691,NFCORE_RANGELAND:RANGELAND:PREPROCESSING:FORCE_PREPROCESS,1763869751000,1763869786000,6,168.7,,38654705664.0,,,4.566062795928032e-05,0.00013720000000000003,0.00018286062795928035,0.00018286062795928035,0.0,1.0,
2691,NFCORE_RANGELAND:RANGELAND:PREPROCESSING:FORCE_PREPROCESS,1763869451000,1763869795000,6,179.2,,38654705664.0,,,0.0004718074666666665,0.0013484800000000002,0.0018202874666666668,0.0018202874666666668,0.0,1.0,
2235,NFCORE_RANGELAND:RANGELAND:PREPROCESSING:FORCE_PREPROCESS,1763869631000,1763869807000,6,187.3,,38654705664.0,,,0.00025492310416666683,0.0006899200000000001,0.0009448431041666669,0.0009448431041666669,0.0,1.0,
2708,NFCORE_RANGELAND:RANGELAND:PREPROCESSING:FORCE_PREPROCESS,1763869600000,1763869782000,6,169.6,,38654705664.0,,,0.00024211297609427607,0.00071344,0.0009555529760942761,0.0009555529760942761,0.0,1.0,
2715,NFCORE_RANGELAND:RANGELAND:PREPROCESSING:FORCE_PREPROCESS,1763869672000,1763869816000,6,187.7,,38654705664.0,,,0.00021200572803030298,0.00056448,0.000776485728030303,0.000776485728030303,0.0,1.0,
2718,NFCORE_RANGELAND:RANGELAND:PREPROCESSING:FORCE_PREPROCESS,1763869683000,1763869822000,6,186.6,,38654705664.0,,,0.00019851567343749996,0.0005448800000000001,0.0007433956734375,0.0007433956734375,0.0,1.0,
2720,NFCORE_RANGELAND:RANGELAND:PREPROCESSING:FORCE_PREPROCESS,1763869695000,1763869836000,6,189.5,,38654705664.0,,,0.0002146914917534722,0.00055272,0.0007674114917534722,0.0007674114917534722,0.0,1.0,
2713,NFCORE_RANGELAND:RANGELAND:PREPROCESSING:FORCE_PREPROCESS,1763869638000,1763869853000,6,182.3,,38654705664.0,,,0.0002999808216145833,0.0008428,0.0011427808216145834,0.0011427808216145834,0.0,1.0,
1733,NFCORE_RANGELAND:RANGELAND:PREPROCESSING:FORCE_PREPROCESS,1763869531000,1763869856000,6,188.4,,38654705664.0,,,0.0004919837586805555,0.001274,0.0017659837586805555,0.0017659837586805555,0.0,1.0,
2723,NFCORE_RANGELAND:RANGELAND:PREPROCESSING:FORCE_PREPROCESS,1763869712000,1763869849000,6,190.6,,38654705664.0,,,0.00019985353072916664,0.0005370400000000001,0.0007368935307291667,0.0007368935307291667,0.0,1.0,
2722,NFCORE_RANGELAND:RANGELAND:PREPROCESSING:FORCE_PREPROCESS,1763869704000,1763869847000,6,187.2,,38654705664.0,,,0.00021509404583333334,0.00056056,0.0007756540458333333,0.0007756540458333333,0.0,1.0,
2714,NFCORE_RANGELAND:RANGELAND:PREPROCESSING:FORCE_PREPROCESS,1763869666000,1763869861000,6,169.6,,38654705664.0,,,0.00025312137499999994,0.0007644000000000001,0.0010175213750000002,0.0010175213750000002,0.0,1.0,
2725,NFCORE_RANGELAND:RANGELAND:PREPROCESSING:FORCE_PREPROCESS,1763869724000,1763869863000,6,190.9,,38654705664.0,,,0.00021320983561921297,0.0005448800000000001,0.000758089835619213,0.000758089835619213,0.0,1.0,
2726,NFCORE_RANGELAND:RANGELAND:PREPROCESSING:FORCE_PREPROCESS,1763869734000,1763869872000,6,192.4,,38654705664.0,,,0.00020532550852272734,0.00054096,0.0007462855085227274,0.0007462855085227274,0.0,1.0,
2721,NFCORE_RANGELAND:RANGELAND:PREPROCESSING:FORCE_PREPROCESS,1763869701000,1763869859000,6,189.9,,38654705664.0,,,0.0002320282180397728,0.00061936,0.0008513882180397728,0.0008513882180397728,0.0,1.0,
2719,NFCORE_RANGELAND:RANGELAND:PREPROCESSING:FORCE_PREPROCESS,1763869691000,1763869859000,6,176.7,,38654705664.0,,,0.00023852413958333333,0.0006585600000000001,0.0008970841395833334,0.0008970841395833334,0.0,1.0,
1555,NFCORE_RANGELAND:RANGELAND:PREPROCESSING:FORCE_PREPROCESS,1763869785000,1763869921000,6,188.6,,38654705664.0,,,0.00020118770058922557,0.0005331200000000001,0.0007343077005892256,0.0007343077005892256,0.0,1.0,
1692,NFCORE_RANGELAND:RANGELAND:PREPROCESSING:FORCE_PREPROCESS,1763869771000,1763869923000,6,183.1,,38654705664.0,,,0.0002182995108164983,0.00059584,0.0008141395108164983,0.0008141395108164983,0.0,1.0,
2727,NFCORE_RANGELAND:RANGELAND:PREPROCESSING:FORCE_PREPROCESS,1763869751000,1763869932000,6,177.3,,38654705664.0,,,0.0002517144460700758,0.0007095199999999999,0.0009612344460700757,0.0009612344460700757,0.0,1.0,
2731,NFCORE_RANGELAND:RANGELAND:PREPROCESSING:FORCE_PREPROCESS,1763869789000,1763869934000,6,189.7,,38654705664.0,,,0.00021271302616003793,0.0005684,0.000781113026160038,0.000781113026160038,0.0,1.0,
2724,NFCORE_RANGELAND:RANGELAND:PREPROCESSING:FORCE_PREPROCESS,1763869716000,1763869929000,6,165.1,,38654705664.0,,,0.0002719477247869319,0.00083496,0.001106907724786932,0.001106907724786932,0.0,1.0,
2733,NFCORE_RANGELAND:RANGELAND:PREPROCESSING:FORCE_PREPROCESS,1763869809000,1763869953000,6,190.4,,38654705664.0,,,0.00021202554545454556,0.00056448,0.0007765055454545456,0.0007765055454545456,0.0,1.0,
2732,NFCORE_RANGELAND:RANGELAND:PREPROCESSING:FORCE_PREPROCESS,1763869798000,1763869937000,6,190.5,,38654705664.0,,,0.00020266471484374992,0.0005448800000000001,0.00074754471484375,0.00074754471484375,0.0,1.0,
2240,NFCORE_RANGELAND:RANGELAND:PREPROCESSING:FORCE_PREPROCESS,1763869773000,1763869962000,6,171.6,,38654705664.0,,,0.00025438993124999996,0.00074088,0.0009952699312499999,0.0009952699312499999,0.0,1.0,
2734,NFCORE_RANGELAND:RANGELAND:PREPROCESSING:FORCE_PREPROCESS,1763869819000,1763869969000,6,186.4,,38654705664.0,,,0.000219309779040404,0.000588,0.000807309779040404,0.000807309779040404,0.0,1.0,
2735,NFCORE_RANGELAND:RANGELAND:PREPROCESSING:FORCE_PREPROCESS,1763869825000,1763869965000,6,189.7,,38654705664.0,,,0.00020326552604166663,0.0005488000000000001,0.0007520655260416667,0.0007520655260416667,0.0,1.0,
2736,NFCORE_RANGELAND:RANGELAND:PREPROCESSING:FORCE_PREPROCESS,1763869838000,1763869981000,6,188.8,,38654705664.0,,,0.0002169324564814815,0.00056056,0.0007774924564814815,0.0007774924564814815,0.0,1.0,
2745,NFCORE_RANGELAND:RANGELAND:PREPROCESSING:FORCE_PREPROCESS,1763869865000,1763870001000,6,187.8,,38654705664.0,,,0.00020522062361111112,0.0005331200000000001,0.0007383406236111112,0.0007383406236111112,0.0,1.0,
2737,NFCORE_RANGELAND:RANGELAND:PREPROCESSING:FORCE_PREPROCESS,1763869849000,1763869987000,6,192.2,,38654705664.0,,,0.00021311743298611108,0.00054096,0.0007540774329861111,0.0007540774329861111,0.0,1.0,
1708,NFCORE_RANGELAND:RANGELAND:PREPROCESSING:FORCE_PREPROCESS,1763869862000,1763869998000,6,188.8,,38654705664.0,,,0.00020631338518518522,0.0005331200000000001,0.0007394333851851853,0.0007394333851851853,0.0,1.0,
2743,NFCORE_RANGELAND:RANGELAND:PREPROCESSING:FORCE_PREPROCESS,1763869861000,1763870000000,6,190.3,,38654705664.0,,,0.0002045560559895834,0.0005448800000000001,0.0007494360559895834,0.0007494360559895834,0.0,1.0,
2270,NFCORE_RANGELAND:RANGELAND:PREPROCESSING:FORCE_PREPROCESS,1763869864000,1763870025000,6,178.5,,38654705664.0,,,0.0002199543007812499,0.0006311199999999999,0.0008510743007812498,0.0008510743007812498,0.0,1.0,
2746,NFCORE_RANGELAND:RANGELAND:PREPROCESSING:FORCE_PREPROCESS,1763869875000,1763870041000,6,180.8,,38654705664.0,,,0.00023209472348484855,0.00065072,0.0008828147234848486,0.0008828147234848486,0.0,1.0,
2747,NFCORE_RANGELAND:RANGELAND:PREPROCESSING:FORCE_PREPROCESS,1763869923000,1763870062000,6,191.7,,38654705664.0,,,0.00020900551377840904,0.0005448800000000001,0.0007538855137784091,0.0007538855137784091,0.0,1.0,
2740,NFCORE_RANGELAND:RANGELAND:PREPROCESSING:FORCE_PREPROCESS,1763869857000,1763870065000,6,182.0,,38654705664.0,,,0.00028973641666666663,0.00081536,0.0011050964166666667,0.0011050964166666667,0.0,1.0,
2751,NFCORE_RANGELAND:RANGELAND:PREPROCESSING:FORCE_PREPROCESS,1763869937000,1763870076000,6,191.2,,38654705664.0,,,0.00020552347821969701,0.0005448800000000001,0.0007504034782196971,0.0007504034782196971,0.0,1.0,
2749,NFCORE_RANGELAND:RANGELAND:PREPROCESSING:FORCE_PREPROCESS,1763869931000,1763870069000,6,190.6,,38654705664.0,,,0.00020340458380681823,0.00054096,0.0007443645838068183,0.0007443645838068183,0.0,1.0,
2750,NFCORE_RANGELAND:RANGELAND:PREPROCESSING:FORCE_PREPROCESS,1763869935000,1763870073000,6,191.5,,38654705664.0,,,0.0002072853909406565,0.00054096,0.0007482453909406566,0.0007482453909406566,0.0,1.0,
2748,NFCORE_RANGELAND:RANGELAND:PREPROCESSING:FORCE_PREPROCESS,1763869926000,1763870101000,6,172.0,,38654705664.0,,,0.00023609529145622894,0.0006860000000000001,0.000922095291456229,0.000922095291456229,0.0,1.0,
2739,NFCORE_RANGELAND:RANGELAND:PREPROCESSING:FORCE_PREPROCESS,1763869852000,1763870109000,6,167.4,,38654705664.0,,,0.0003292736203124999,0.00100744,0.0013367136203125,0.0013367136203125,0.0,1.0,
2755,NFCORE_RANGELAND:RANGELAND:PREPROCESSING:FORCE_PREPROCESS,1763869970000,1763870116000,6,187.7,,38654705664.0,,,0.00020974204114583325,0.00057232,0.0007820620411458332,0.0007820620411458332,0.0,1.0,
2756,NFCORE_RANGELAND:RANGELAND:PREPROCESSING:FORCE_PREPROCESS,1763869973000,1763870113000,6,189.6,,38654705664.0,,,0.00020820310353535348,0.0005488000000000001,0.0007570031035353536,0.0007570031035353536,0.0,1.0,
2761,NFCORE_RANGELAND:RANGELAND:PREPROCESSING:FORCE_PREPROCESS,1763870006000,1763870138000,6,188.4,,38654705664.0,,,0.00019982109583333333,0.00051744,0.0007172610958333333,0.0007172610958333333,0.0,1.0,
2759,NFCORE_RANGELAND:RANGELAND:PREPROCESSING:FORCE_PREPROCESS,1763870001000,1763870140000,6,188.5,,38654705664.0,,,0.00021052935575810184,0.0005448800000000001,0.0007554093557581019,0.0007554093557581019,0.0,1.0,
2753,NFCORE_RANGELAND:RANGELAND:PREPROCESSING:FORCE_PREPROCESS,1763869956000,1763870124000,6,183.8,,38654705664.0,,,0.00023878857386363644,0.0006585600000000001,0.0008973485738636366,0.0008973485738636366,0.0,1.0,
2762,NFCORE_RANGELAND:RANGELAND:PREPROCESSING:FORCE_PREPROCESS,1763870027000,1763870178000,6,188.3,,38654705664.0,,,0.00021761840807291665,0.00059192,0.0008095384080729167,0.0008095384080729167,0.0,1.0,
2744,NFCORE_RANGELAND:RANGELAND:PREPROCESSING:FORCE_PREPROCESS,1763870043000,1763870184000,6,190.9,,38654705664.0,,,0.00020815353657670463,0.00055272,0.0007608735365767046,0.0007608735365767046,0.0,1.0,
2757,NFCORE_RANGELAND:RANGELAND:PREPROCESSING:FORCE_PREPROCESS,1763869983000,1763870191000,6,164.1,,38654705664.0,,,0.0002742574430555555,0.00081536,0.0010896174430555555,0.0010896174430555555,0.0,1.0,
2752,NFCORE_RANGELAND:RANGELAND:PREPROCESSING:FORCE_PREPROCESS,1763869939000,1763870197000,6,152.9,,38654705664.0,,,0.0003019225515625,0.00101136,0.0013132825515625,0.0013132825515625,0.0,1.0,
2275,NFCORE_RANGELAND:RANGELAND:PREPROCESSING:FORCE_PREPROCESS,1763869859000,1763870197000,6,120.8,,38654705664.0,,,0.00032807273657407403,0.00132496,0.0016530327365740741,0.0016530327365740741,0.0,1.0,
2760,NFCORE_RANGELAND:RANGELAND:PREPROCESSING:FORCE_PREPROCESS,1763870004000,1763870212000,6,165.0,,38654705664.0,,,0.0002654031250000001,0.00081536,0.0010807631250000001,0.0010807631250000001,0.0,1.0,
2768,NFCORE_RANGELAND:RANGELAND:PREPROCESSING:FORCE_PREPROCESS,1763870079000,1763870216000,6,191.5,,38654705664.0,,,0.000202884140033144,0.0005370400000000001,0.0007399241400331441,0.0007399241400331441,0.0,1.0,
2766,NFCORE_RANGELAND:RANGELAND:PREPROCESSING:FORCE_PREPROCESS,1763870071000,1763870218000,6,186.3,,38654705664.0,,,0.00021178194992897738,0.00057624,0.0007880219499289774,0.0007880219499289774,0.0,1.0,
2245,NFCORE_RANGELAND:RANGELAND:PREPROCESSING:FORCE_PREPROCESS,1763870075000,1763870228000,6,189.4,,38654705664.0,,,0.00022729623172348484,0.0005997600000000001,0.0008270562317234849,0.0008270562317234849,0.0,1.0,
1641,NFCORE_RANGELAND:RANGELAND:PREPROCESSING:FORCE_PREPROCESS,1763870064000,1763870232000,6,185.0,,38654705664.0,,,0.00024378211489898988,0.0006585600000000001,0.0009023421148989899,0.0009023421148989899,0.0,1.0,
2765,NFCORE_RANGELAND:RANGELAND:PREPROCESSING:FORCE_PREPROCESS,1763870068000,1763870212000,6,190.6,,38654705664.0,,,0.00021006502499999996,0.00056448,0.000774545025,0.000774545025,0.0,1.0,
2770,NFCORE_RANGELAND:RANGELAND:PREPROCESSING:FORCE_PREPROCESS,1763870112000,1763870252000,6,190.9,,38654705664.0,,,0.00020455133854166662,0.0005488000000000001,0.0007533513385416667,0.0007533513385416667,0.0,1.0,
2771,NFCORE_RANGELAND:RANGELAND:PREPROCESSING:FORCE_PREPROCESS,1763870116000,1763870251000,6,191.7,,38654705664.0,,,0.00020299096661931815,0.0005292,0.0007321909666193181,0.0007321909666193181,0.0,1.0,
2774,NFCORE_RANGELAND:RANGELAND:PREPROCESSING:FORCE_PREPROCESS,1763870126000,1763870266000,6,190.9,,38654705664.0,,,0.00020667727035984858,0.0005488000000000001,0.0007554772703598487,0.0007554772703598487,0.0,1.0,
2773,NFCORE_RANGELAND:RANGELAND:PREPROCESSING:FORCE_PREPROCESS,1763870119000,1763870259000,6,189.6,,38654705664.0,,,0.00020315837499999996,0.0005488000000000001,0.0007519583750000001,0.0007519583750000001,0.0,1.0,
2769,NFCORE_RANGELAND:RANGELAND:PREPROCESSING:FORCE_PREPROCESS,1763870104000,1763870267000,6,175.4,,38654705664.0,,,0.00022425287713594274,0.0006389599999999999,0.0008632128771359427,0.0008632128771359427,0.0,1.0,
2775,NFCORE_RANGELAND:RANGELAND:PREPROCESSING:FORCE_PREPROCESS,1763870143000,1763870281000,6,190.8,,38654705664.0,,,0.00021156506874999998,0.00054096,0.00075252506875,0.00075252506875,0.0,1.0,
2772,NFCORE_RANGELAND:RANGELAND:PREPROCESSING:FORCE_PREPROCESS,1763870141000,1763870311000,6,174.5,,38654705664.0,,,0.00023835861834490738,0.0006664,0.0009047586183449075,0.0009047586183449075,0.0,1.0,
2754,NFCORE_RANGELAND:RANGELAND:PREPROCESSING:FORCE_PREPROCESS,1763869965000,1763870317000,6,142.8,,38654705664.0,,,0.00039426815555555555,0.0013798400000000002,0.0017741081555555558,0.0017741081555555558,0.0,1.0,
2777,NFCORE_RANGELAND:RANGELAND:PREPROCESSING:FORCE_PREPROCESS,1763870194000,1763870333000,6,191.4,,38654705664.0,,,0.0002137682689236111,0.0005448800000000001,0.0007586482689236112,0.0007586482689236112,0.0,1.0,
2780,NFCORE_RANGELAND:RANGELAND:PREPROCESSING:FORCE_PREPROCESS,1763870200000,1763870337000,6,191.5,,38654705664.0,,,0.00020079722526041667,0.0005370400000000001,0.0007378372252604167,0.0007378372252604167,0.0,1.0,
2781,NFCORE_RANGELAND:RANGELAND:PREPROCESSING:FORCE_PREPROCESS,1763870214000,1763870351000,6,191.6,,38654705664.0,,,0.0002009020802083333,0.0005370400000000001,0.0007379420802083335,0.0007379420802083335,0.0,1.0,
2758,NFCORE_RANGELAND:RANGELAND:PREPROCESSING:FORCE_PREPROCESS,1763869989000,1763870345000,6,137.0,,38654705664.0,,,0.0003918835844907407,0.0013955200000000001,0.0017874035844907409,0.0017874035844907409,0.0,1.0,
2785,NFCORE_RANGELAND:RANGELAND:PREPROCESSING:FORCE_PREPROCESS,1763870223000,1763870361000,6,190.9,,38654705664.0,,,0.00020372473792613645,0.00054096,0.0007446847379261364,0.0007446847379261364,0.0,1.0,
2778,NFCORE_RANGELAND:RANGELAND:PREPROCESSING:FORCE_PREPROCESS,1763870199000,1763870360000,6,182.3,,38654705664.0,,,0.0002358300002025463,0.0006311199999999999,0.0008669500002025462,0.0008669500002025462,0.0,1.0,
2782,NFCORE_RANGELAND:RANGELAND:PREPROCESSING:FORCE_PREPROCESS,1763870217000,1763870364000,6,187.3,,38654705664.0,,,0.00021291872904829554,0.00057624,0.0007891587290482956,0.0007891587290482956,0.0,1.0,
2784,NFCORE_RANGELAND:RANGELAND:PREPROCESSING:FORCE_PREPROCESS,1763870230000,1763870369000,6,190.3,,38654705664.0,,,0.0002074791302662037,0.0005448800000000001,0.0007523591302662038,0.0007523591302662038,0.0,1.0,
2789,NFCORE_RANGELAND:RANGELAND:PREPROCESSING:FORCE_PREPROCESS,1763870255000,1763870393000,6,191.8,,38654705664.0,,,0.00020761012001262625,0.00054096,0.0007485701200126263,0.0007485701200126263,0.0,1.0,
2783,NFCORE_RANGELAND:RANGELAND:PREPROCESSING:FORCE_PREPROCESS,1763870222000,1763870377000,6,193.1,,38654705664.0,,,0.0002314582818418561,0.0006076,0.0008390582818418561,0.0008390582818418561,0.0,1.0,
2786,NFCORE_RANGELAND:RANGELAND:PREPROCESSING:FORCE_PREPROCESS,1763870234000,1763870377000,6,189.8,,38654705664.0,,,0.00021288892835648148,0.00056056,0.0007734489283564815,0.0007734489283564815,0.0,1.0,
2776,NFCORE_RANGELAND:RANGELAND:PREPROCESSING:FORCE_PREPROCESS,1763870186000,1763870400000,6,173.9,,38654705664.0,,,0.0002877876205018941,0.0008388800000000001,0.0011951100460464018,0.0011951100460464018,0.0,1.0,
2790,NFCORE_RANGELAND:RANGELAND:PREPROCESSING:FORCE_PREPROCESS,1763870261000,1763870399000,6,190.2,,38654705664.0,,,0.00020088983437499994,0.00054096,0.000741849834375,0.000741849834375,0.0,1.0,
2787,NFCORE_RANGELAND:RANGELAND:PREPROCESSING:FORCE_PREPROCESS,1763870254000,1763870400000,6,181.5,,38654705664.0,,,0.00020281396093749997,0.00057232,0.00089193496875,0.00089193496875,0.0,1.0,
2791,NFCORE_RANGELAND:RANGELAND:PREPROCESSING:FORCE_PREPROCESS,1763870268000,1763870400000,6,192.4,,38654705664.0,,,0.00019639831250000005,0.00051744,0.0007516933745265152,0.0007516933745265152,0.0,1.0,
2792,NFCORE_RANGELAND:RANGELAND:PREPROCESSING:FORCE_PREPROCESS,1763870283000,1763870400000,6,188.7,,38654705664.0,,,0.00017739618203124998,0.00045864,0.0007936861758680555,0.0007936861758680555,0.0,1.0,
2464,NFCORE_RANGELAND:RANGELAND:PREPROCESSING:FORCE_PREPROCESS,1763870274000,1763870400000,6,189.7,,38654705664.0,,,0.00018748162376893936,0.00049392,0.0008274162574337121,0.0008274162574337121,0.0,1.0,
2795,NFCORE_RANGELAND:RANGELAND:PREPROCESSING:FORCE_PREPROCESS,1763870335000,1763870400000,6,190.0,,38654705664.0,,,9.92323929398148e-05,0.00025479999999999996,0.0007570846556712962,0.0007570846556712962,0.0,1.0,
2763,NFCORE_RANGELAND:RANGELAND:PREPROCESSING:FORCE_PREPROCESS,1763870181000,1763870400000,6,142.5,,38654705664.0,,,0.00023885115234374997,0.00085848,0.0015583104492187501,0.0015583104492187501,0.0,1.0,
2796,NFCORE_RANGELAND:RANGELAND:PREPROCESSING:FORCE_PREPROCESS,1763870339000,1763870400000,6,191.3,,38654705664.0,,,8.931268932291666e-05,0.00023912000000000003,0.0008076213671875,0.0008076213671875,0.0,1.0,
2794,NFCORE_RANGELAND:RANGELAND:PREPROCESSING:FORCE_PREPROCESS,1763870319000,1763870400000,6,174.0,,38654705664.0,,,0.00011054907102272727,0.00031751999999999996,0.0009037013721590909,0.0009037013721590909,0.0,1.0,
2799,NFCORE_RANGELAND:RANGELAND:PREPROCESSING:FORCE_PREPROCESS,1763870362000,1763870400000,6,192.3,,38654705664.0,,,5.871504357638889e-05,0.00014896,0.0007487231834201389,0.0007487231834201389,0.0,1.0,
2798,NFCORE_RANGELAND:RANGELAND:PREPROCESSING:FORCE_PREPROCESS,1763870353000,1763870400000,6,190.7,,38654705664.0,,,6.859886223958332e-05,0.00018424,0.0007638961369791666,0.0007638961369791666,0.0,1.0,
2802,NFCORE_RANGELAND:RANGELAND:PREPROCESSING:FORCE_PREPROCESS,1763870372000,1763870400000,6,189.9,,38654705664.0,,,4.1706507765151516e-05,0.00010975999999999999,0.0007465135025568181,0.0007465135025568181,0.0,1.0,
2800,NFCORE_RANGELAND:RANGELAND:PREPROCESSING:FORCE_PREPROCESS,1763870364000,1763870400000,6,190.5,,38654705664.0,,,5.3034225852272743e-05,0.00014112,0.0008521213245738637,0.0008521213245738637,0.0,1.0,
2803,NFCORE_RANGELAND:RANGELAND:PREPROCESSING:FORCE_PREPROCESS,1763870380000,1763870400000,6,191.5,,38654705664.0,,,2.9618122632575766e-05,7.84e-05,0.0007723295768229167,0.0007723295768229167,0.0,1.0,
2793,NFCORE_RANGELAND:RANGELAND:PREPROCESSING:FORCE_PREPROCESS,1763870313000,1763870400000,6,164.3,,38654705664.0,,,0.00011485325894097221,0.00034104000000000003,0.0010637509375289352,0.0010637509375289352,0.0,1.0,
2805,NFCORE_RANGELAND:RANGELAND:PREPROCESSING:FORCE_PREPROCESS,1763870396000,1763870400000,6,183.6,,38654705664.0,,,5.760411363636362e-06,1.568e-05,0.0008040154261363635,0.0008040154261363635,0.0,1.0,
2797,NFCORE_RANGELAND:RANGELAND:PREPROCESSING:FORCE_PREPROCESS,1763870348000,1763870400000,6,186.5,,38654705664.0,,,7.792354224537037e-05,0.00020384,0.0011270541689814815,0.0011270541689814815,0.0,1.0,
2801,NFCORE_RANGELAND:RANGELAND:PREPROCESSING:FORCE_PREPROCESS,1763870367000,1763870400000,6,169.7,,38654705664.0,,,4.330664453125001e-05,0.00012936,0.001009838254379735,0.001009838254379735,0.0,1.0,
2804,NFCORE_RANGELAND:RANGELAND:PREPROCESSING:FORCE_PREPROCESS,1763870382000,1763870400000,6,177.3,,38654705664.0,,,2.5032375852272726e-05,7.056e-05,0.0012320795109848487,0.0012320795109848487,0.0,1.0,
2807,NFCORE_RANGELAND:RANGELAND:PREPROCESSING:FORCE_PREPROCESS,1763870410000,1763870546000,6,191.2,,38654705664.0,,,0.00020108771969696977,0.0005331200000000001,0.0007342077196969698,0.0007342077196969698,0.0,1.0,
2806,NFCORE_RANGELAND:RANGELAND:PREPROCESSING:FORCE_PREPROCESS,1763870401000,1763870539000,6,191.4,,38654705664.0,,,0.00020215727812499998,0.00054096,0.000743117278125,0.000743117278125,0.0,1.0,
2810,NFCORE_RANGELAND:RANGELAND:PREPROCESSING:FORCE_PREPROCESS,1763870429000,1763870577000,6,191.3,,38654705664.0,,,0.00022207389800084178,0.00058016,0.0008022338980008418,0.0008022338980008418,0.0,1.0,
2809,NFCORE_RANGELAND:RANGELAND:PREPROCESSING:FORCE_PREPROCESS,1763870424000,1763870580000,6,191.3,,38654705664.0,,,0.00022840622187499996,0.00061152,0.000839926221875,0.000839926221875,0.0,1.0,
1568,NFCORE_RANGELAND:RANGELAND:PREPROCESSING:FORCE_PREPROCESS,1763870492000,1763870627000,6,190.3,,38654705664.0,,,0.00019662598828124996,0.0005292,0.00072582598828125,0.00072582598828125,0.0,1.0,
1788,NFCORE_RANGELAND:RANGELAND:PREPROCESSING:FORCE_PREPROCESS,1763870477000,1763870628000,6,190.6,,38654705664.0,,,0.00023125245410879632,0.00059192,0.0008231724541087963,0.0008231724541087963,0.0,1.0,
2814,NFCORE_RANGELAND:RANGELAND:PREPROCESSING:FORCE_PREPROCESS,1763870495000,1763870634000,6,191.9,,38654705664.0,,,0.00020922356856586697,0.0005448800000000001,0.000754103568565867,0.000754103568565867,0.0,1.0,
2816,NFCORE_RANGELAND:RANGELAND:PREPROCESSING:FORCE_PREPROCESS,1763870497000,1763870638000,6,189.2,,38654705664.0,,,0.00020417784062499997,0.00055272,0.000756897840625,0.000756897840625,0.0,1.0,
2520,NFCORE_RANGELAND:RANGELAND:PREPROCESSING:FORCE_PREPROCESS,1763870513000,1763870658000,6,190.2,,38654705664.0,,,0.00021632133033459594,0.0005684,0.000784721330334596,0.000784721330334596,0.0,1.0,
2817,NFCORE_RANGELAND:RANGELAND:PREPROCESSING:FORCE_PREPROCESS,1763870501000,1763870639000,6,192.3,,38654705664.0,,,0.00021322831614583332,0.00054096,0.0007541883161458334,0.0007541883161458334,0.0,1.0,
2819,NFCORE_RANGELAND:RANGELAND:PREPROCESSING:FORCE_PREPROCESS,1763870525000,1763870669000,6,188.4,,38654705664.0,,,0.00020979838636363642,0.00056448,0.0007742783863636364,0.0007742783863636364,0.0,1.0,
2818,NFCORE_RANGELAND:RANGELAND:PREPROCESSING:FORCE_PREPROCESS,1763870518000,1763870662000,6,188.7,,38654705664.0,,,0.0002183337625,0.00056448,0.0007828137625,0.0007828137625,0.0,1.0,
2822,NFCORE_RANGELAND:RANGELAND:PREPROCESSING:FORCE_PREPROCESS,1763870549000,1763870691000,6,190.4,,38654705664.0,,,0.00020908074621212128,0.00055664,0.0007657207462121213,0.0007657207462121213,0.0,1.0,
2824,NFCORE_RANGELAND:RANGELAND:PREPROCESSING:FORCE_PREPROCESS,1763870551000,1763870690000,6,190.2,,38654705664.0,,,0.00020737010287247471,0.0005448800000000001,0.0007522501028724747,0.0007522501028724747,0.0,1.0,
2582,NFCORE_RANGELAND:RANGELAND:PREPROCESSING:FORCE_PREPROCESS,1763870527000,1763870694000,6,181.4,,38654705664.0,,,0.00023426775023674252,0.0006546400000000001,0.0008889077502367426,0.0008889077502367426,0.0,1.0,
2825,NFCORE_RANGELAND:RANGELAND:PREPROCESSING:FORCE_PREPROCESS,1763870558000,1763870696000,6,192.1,,38654705664.0,,,0.00021300654982638883,0.00054096,0.0007539665498263889,0.0007539665498263889,0.0,1.0,
2808,NFCORE_RANGELAND:RANGELAND:PREPROCESSING:FORCE_PREPROCESS,1763870416000,1763870716000,6,151.6,,38654705664.0,,,0.00035170553977272734,0.001176,0.0015277055397727272,0.0015277055397727272,0.0,1.0,
1546,NFCORE_RANGELAND:RANGELAND:PREPROCESSING:FORCE_PREPROCESS,1763870579000,1763870719000,6,190.4,,38654705664.0,,,0.00020908159764309765,0.0005488000000000001,0.0007578815976430977,0.0007578815976430977,0.0,1.0,
2815,NFCORE_RANGELAND:RANGELAND:PREPROCESSING:FORCE_PREPROCESS,1763870495000,1763870718000,6,158.4,,38654705664.0,,,0.0002703512625,0.00087416,0.0011445112625,0.0011445112625,0.0,1.0,
2811,NFCORE_RANGELAND:RANGELAND:PREPROCESSING:FORCE_PREPROCESS,1763870431000,1763870722000,6,146.1,,38654705664.0,,,0.0003416093205729166,0.00114072,0.0014823293205729166,0.0014823293205729166,0.0,1.0,
2840,NFCORE_RANGELAND:RANGELAND:PREPROCESSING:FORCE_PREPROCESS,1763870697000,1763870732000,6,173.2,,38654705664.0,,,4.687860558712123e-05,0.00013720000000000003,0.00018407860558712126,0.00018407860558712126,0.0,1.0,
2826,NFCORE_RANGELAND:RANGELAND:PREPROCESSING:FORCE_PREPROCESS,1763870562000,1763870733000,6,173.9,,38654705664.0,,,0.00022996113600852282,0.0006703200000000001,0.0009002811360085229,0.0009002811360085229,0.0,1.0,
2827,NFCORE_RANGELAND:RANGELAND:PREPROCESSING:FORCE_PREPROCESS,1763870583000,1763870722000,6,190.8,,38654705664.0,,,0.00020298387187499996,0.0005448800000000001,0.000747863871875,0.000747863871875,0.0,1.0,
2829,NFCORE_RANGELAND:RANGELAND:PREPROCESSING:FORCE_PREPROCESS,1763870630000,1763870767000,6,192.6,,38654705664.0,,,0.00020195062968749998,0.0005370400000000001,0.0007389906296875001,0.0007389906296875001,0.0,1.0,
2847,NFCORE_RANGELAND:RANGELAND:PREPROCESSING:FORCE_PREPROCESS,1763870736000,1763870771000,6,173.4,,38654705664.0,,,4.6932737926136385e-05,0.00013720000000000003,0.00018413273792613642,0.00018413273792613642,0.0,1.0,
2833,NFCORE_RANGELAND:RANGELAND:PREPROCESSING:FORCE_PREPROCESS,1763870636000,1763870775000,6,190.5,,38654705664.0,,,0.0002076971850536616,0.0005448800000000001,0.0007525771850536617,0.0007525771850536617,0.0,1.0,
2821,NFCORE_RANGELAND:RANGELAND:PREPROCESSING:FORCE_PREPROCESS,1763870541000,1763870782000,6,153.6,,38654705664.0,,,0.0002833195999999999,0.00094472,0.0012280396,0.0012280396,0.0,1.0,
2828,NFCORE_RANGELAND:RANGELAND:PREPROCESSING:FORCE_PREPROCESS,1763870616000,1763870802000,6,172.4,,38654705664.0,,,0.0002515191380050505,0.00072912,0.0009806391380050505,0.0009806391380050505,0.0,1.0,
2835,NFCORE_RANGELAND:RANGELAND:PREPROCESSING:FORCE_PREPROCESS,1763870665000,1763870803000,6,191.4,,38654705664.0,,,0.00021223036770833334,0.00054096,0.0007531903677083333,0.0007531903677083333,0.0,1.0,
2832,NFCORE_RANGELAND:RANGELAND:PREPROCESSING:FORCE_PREPROCESS,1763870660000,1763870798000,6,191.3,,38654705664.0,,,0.00020706890489267674,0.00054096,0.0007480289048926768,0.0007480289048926768,0.0,1.0,
2836,NFCORE_RANGELAND:RANGELAND:PREPROCESSING:FORCE_PREPROCESS,1763870671000,1763870809000,6,190.6,,38654705664.0,,,0.00020340458380681823,0.00054096,0.0007443645838068183,0.0007443645838068183,0.0,1.0,
2830,NFCORE_RANGELAND:RANGELAND:PREPROCESSING:FORCE_PREPROCESS,1763870642000,1763870830000,6,171.4,,38654705664.0,,,0.0002589137849537037,0.00073696,0.0009958737849537038,0.0009958737849537038,0.0,1.0,
2834,NFCORE_RANGELAND:RANGELAND:PREPROCESSING:FORCE_PREPROCESS,1763870641000,1763870835000,6,169.0,,38654705664.0,,,0.00025093243229166664,0.00076048,0.0010114124322916666,0.0010114124322916666,0.0,1.0,
1804,NFCORE_RANGELAND:RANGELAND:PREPROCESSING:FORCE_PREPROCESS,1763870693000,1763870853000,6,190.2,,38654705664.0,,,0.00023869939898989894,0.0006272,0.0008658993989898989,0.0008658993989898989,0.0,1.0,
2842,NFCORE_RANGELAND:RANGELAND:PREPROCESSING:FORCE_PREPROCESS,1763870721000,1763870858000,6,191.7,,38654705664.0,,,0.00020599824019886364,0.0005370400000000001,0.0007430382401988637,0.0007430382401988637,0.0,1.0,
2838,NFCORE_RANGELAND:RANGELAND:PREPROCESSING:FORCE_PREPROCESS,1763870699000,1763870838000,6,192.4,,38654705664.0,,,0.00021488513553240743,0.0005448800000000001,0.0007597651355324075,0.0007597651355324075,0.0,1.0,
2837,NFCORE_RANGELAND:RANGELAND:PREPROCESSING:FORCE_PREPROCESS,1763870693000,1763870876000,6,191.0,,38654705664.0,,,0.0002702982350852273,0.00071736,0.0009876582350852273,0.0009876582350852273,0.0,1.0,
2839,NFCORE_RANGELAND:RANGELAND:PREPROCESSING:FORCE_PREPROCESS,1763870719000,1763870875000,6,184.6,,38654705664.0,,,0.00022269734943181825,0.00061152,0.0008342173494318183,0.0008342173494318183,0.0,1.0,
2843,NFCORE_RANGELAND:RANGELAND:PREPROCESSING:FORCE_PREPROCESS,1763870721000,1763870890000,6,181.9,,38654705664.0,,,0.00023528149192708327,0.00066248,0.0008977614919270832,0.0008977614919270832,0.0,1.0,
2844,NFCORE_RANGELAND:RANGELAND:PREPROCESSING:FORCE_PREPROCESS,1763870727000,1763870891000,6,184.3,,38654705664.0,,,0.0002428598318287037,0.00064288,0.0008857398318287037,0.0008857398318287037,0.0,1.0,
2848,NFCORE_RANGELAND:RANGELAND:PREPROCESSING:FORCE_PREPROCESS,1763870770000,1763870910000,6,190.1,,38654705664.0,,,0.0002036941302083333,0.0005488000000000001,0.0007524941302083334,0.0007524941302083334,0.0,1.0,
2845,NFCORE_RANGELAND:RANGELAND:PREPROCESSING:FORCE_PREPROCESS,1763870727000,1763870914000,6,173.7,,38654705664.0,,,0.00024860495859375,0.00073304,0.00098164495859375,0.00098164495859375,0.0,1.0,
2850,NFCORE_RANGELAND:RANGELAND:PREPROCESSING:FORCE_PREPROCESS,1763870777000,1763870917000,6,190.1,,38654705664.0,,,0.00020875216235269355,0.0005488000000000001,0.0007575521623526937,0.0007575521623526937,0.0,1.0,
2846,NFCORE_RANGELAND:RANGELAND:PREPROCESSING:FORCE_PREPROCESS,1763870734000,1763870924000,6,175.4,,38654705664.0,,,0.0002577163328598486,0.0007448,0.0010025163328598486,0.0010025163328598486,0.0,1.0,
2852,NFCORE_RANGELAND:RANGELAND:PREPROCESSING:FORCE_PREPROCESS,1763870800000,1763870940000,6,190.4,,38654705664.0,,,0.00020908159764309765,0.0005488000000000001,0.0007578815976430977,0.0007578815976430977,0.0,1.0,
2851,NFCORE_RANGELAND:RANGELAND:PREPROCESSING:FORCE_PREPROCESS,1763870784000,1763870930000,6,188.6,,38654705664.0,,,0.00021074773020833326,0.00057232,0.0007830677302083332,0.0007830677302083332,0.0,1.0,
2856,NFCORE_RANGELAND:RANGELAND:PREPROCESSING:FORCE_PREPROCESS,1763870811000,1763870950000,6,191.1,,38654705664.0,,,0.00020541598686079553,0.0005448800000000001,0.0007502959868607956,0.0007502959868607956,0.0,1.0,
2854,NFCORE_RANGELAND:RANGELAND:PREPROCESSING:FORCE_PREPROCESS,1763870804000,1763870943000,6,189.3,,38654705664.0,,,0.00020638885632891414,0.0005448800000000001,0.0007512688563289143,0.0007512688563289143,0.0,1.0,
2855,NFCORE_RANGELAND:RANGELAND:PREPROCESSING:FORCE_PREPROCESS,1763870806000,1763870955000,6,184.4,,38654705664.0,,,0.00022076676400462967,0.0005840800000000001,0.0008048467640046298,0.0008048467640046298,0.0,1.0,
2858,NFCORE_RANGELAND:RANGELAND:PREPROCESSING:FORCE_PREPROCESS,1763870837000,1763870977000,6,191.8,,38654705664.0,,,0.00020551569791666662,0.0005488000000000001,0.0007543156979166667,0.0007543156979166667,0.0,1.0,
2857,NFCORE_RANGELAND:RANGELAND:PREPROCESSING:FORCE_PREPROCESS,1763870832000,1763870976000,6,189.6,,38654705664.0,,,0.00021937509999999999,0.00056448,0.0007838551,0.0007838551,0.0,1.0,
2872,NFCORE_RANGELAND:RANGELAND:PREPROCESSING:FORCE_PREPROCESS,1763870946000,1763870980000,6,173.3,,38654705664.0,,,4.621663376473064e-05,0.00013328000000000002,0.00017949663376473065,0.00017949663376473065,0.0,1.0,
2859,NFCORE_RANGELAND:RANGELAND:PREPROCESSING:FORCE_PREPROCESS,1763870841000,1763870975000,6,192.5,,38654705664.0,,,0.00020726312355324073,0.0005252799999999999,0.0007325431235532407,0.0007325431235532407,0.0,1.0,
2860,NFCORE_RANGELAND:RANGELAND:PREPROCESSING:FORCE_PREPROCESS,1763870855000,1763870995000,6,190.9,,38654705664.0,,,0.00020963065646043772,0.0005488000000000001,0.0007584306564604378,0.0007584306564604378,0.0,1.0,
2831,NFCORE_RANGELAND:RANGELAND:PREPROCESSING:FORCE_PREPROCESS,1763870632000,1763871027000,6,135.4,,38654705664.0,,,0.0004297365240162037,0.0015484000000000001,0.001978136524016204,0.001978136524016204,0.0,1.0,
2861,NFCORE_RANGELAND:RANGELAND:PREPROCESSING:FORCE_PREPROCESS,1763870861000,1763871028000,6,181.4,,38654705664.0,,,0.00023761540001052188,0.0006546400000000001,0.0008922554000105219,0.0008922554000105219,0.0,1.0,
2865,NFCORE_RANGELAND:RANGELAND:PREPROCESSING:FORCE_PREPROCESS,1763870893000,1763871034000,6,186.6,,38654705664.0,,,0.00020137201406249998,0.00055272,0.0007540920140625,0.0007540920140625,0.0,1.0,
2862,NFCORE_RANGELAND:RANGELAND:PREPROCESSING:FORCE_PREPROCESS,1763870877000,1763871035000,6,189.3,,38654705664.0,,,0.0002312951115056819,0.00061936,0.0008506551115056819,0.0008506551115056819,0.0,1.0,
2588,NFCORE_RANGELAND:RANGELAND:PREPROCESSING:FORCE_PREPROCESS,1763870898000,1763871041000,6,191.7,,38654705664.0,,,0.00022026457578124998,0.00056056,0.00078082457578125,0.00078082457578125,0.0,1.0,
2864,NFCORE_RANGELAND:RANGELAND:PREPROCESSING:FORCE_PREPROCESS,1763870878000,1763871055000,6,172.5,,38654705664.0,,,0.00023611366299715913,0.00069384,0.0009299536629971592,0.0009299536629971592,0.0,1.0,
2038,NFCORE_RANGELAND:RANGELAND:PREPROCESSING:FORCE_PREPROCESS,1763870912000,1763871064000,6,192.5,,38654705664.0,,,0.0002239456770833333,0.00059584,0.0008197856770833334,0.0008197856770833334,0.0,1.0,
2882,NFCORE_RANGELAND:RANGELAND:PREPROCESSING:FORCE_PREPROCESS,1763871031000,1763871066000,6,172.6,,38654705664.0,,,4.7383775936447815e-05,0.00013720000000000003,0.00018458377593644784,0.00018458377593644784,0.0,1.0,
2869,NFCORE_RANGELAND:RANGELAND:PREPROCESSING:FORCE_PREPROCESS,1763870926000,1763871073000,6,186.2,,38654705664.0,,,0.0002116682720170455,0.00057624,0.0007879082720170455,0.0007879082720170455,0.0,1.0,
2868,NFCORE_RANGELAND:RANGELAND:PREPROCESSING:FORCE_PREPROCESS,1763870920000,1763871080000,6,186.9,,38654705664.0,,,0.00023455792676767677,0.0006272,0.0008617579267676767,0.0008617579267676767,0.0,1.0,
2870,NFCORE_RANGELAND:RANGELAND:PREPROCESSING:FORCE_PREPROCESS,1763870933000,1763871073000,6,188.6,,38654705664.0,,,0.0002020868645833333,0.0005488000000000001,0.0007508868645833334,0.0007508868645833334,0.0,1.0,
2873,NFCORE_RANGELAND:RANGELAND:PREPROCESSING:FORCE_PREPROCESS,1763870952000,1763871099000,6,187.2,,38654705664.0,,,0.00021280505113636366,0.00057624,0.0007890450511363636,0.0007890450511363636,0.0,1.0,
2874,NFCORE_RANGELAND:RANGELAND:PREPROCESSING:FORCE_PREPROCESS,1763870957000,1763871104000,6,184.2,,38654705664.0,,,0.00021756722239583333,0.00057624,0.0007938072223958333,0.0007938072223958333,0.0,1.0,
2871,NFCORE_RANGELAND:RANGELAND:PREPROCESSING:FORCE_PREPROCESS,1763870943000,1763871086000,6,189.2,,38654705664.0,,,0.0002122159391203703,0.00056056,0.0007727759391203703,0.0007727759391203703,0.0,1.0,
1633,NFCORE_RANGELAND:RANGELAND:PREPROCESSING:FORCE_PREPROCESS,1763870978000,1763871121000,6,186.7,,38654705664.0,,,0.00021451954250578705,0.00056056,0.0007750795425057871,0.0007750795425057871,0.0,1.0,
2878,NFCORE_RANGELAND:RANGELAND:PREPROCESSING:FORCE_PREPROCESS,1763870983000,1763871133000,6,183.6,,38654705664.0,,,0.0002160154261363636,0.000588,0.0008040154261363635,0.0008040154261363635,0.0,1.0,
2867,NFCORE_RANGELAND:RANGELAND:PREPROCESSING:FORCE_PREPROCESS,1763870978000,1763871117000,6,190.9,,38654705664.0,,,0.00021320983561921297,0.0005448800000000001,0.000758089835619213,0.000758089835619213,0.0,1.0,
2879,NFCORE_RANGELAND:RANGELAND:PREPROCESSING:FORCE_PREPROCESS,1763870998000,1763871138000,6,190.1,,38654705664.0,,,0.00020875216235269355,0.0005488000000000001,0.0007575521623526937,0.0007575521623526937,0.0,1.0,
2877,NFCORE_RANGELAND:RANGELAND:PREPROCESSING:FORCE_PREPROCESS,1763870980000,1763871175000,6,164.9,,38654705664.0,,,0.00024610680859374996,0.0007644000000000001,0.00101050680859375,0.00101050680859375,0.0,1.0,
2884,NFCORE_RANGELAND:RANGELAND:PREPROCESSING:FORCE_PREPROCESS,1763871040000,1763871182000,6,188.7,,38654705664.0,,,0.0002072139538352273,0.00055664,0.0007638539538352273,0.0007638539538352273,0.0,1.0,
2866,NFCORE_RANGELAND:RANGELAND:PREPROCESSING:FORCE_PREPROCESS,1763870917000,1763871192000,6,161.7,,38654705664.0,,,0.00034033849609374994,0.0010780000000000002,0.0014183384960937502,0.0014183384960937502,0.0,1.0,
2885,NFCORE_RANGELAND:RANGELAND:PREPROCESSING:FORCE_PREPROCESS,1763871043000,1763871203000,6,187.0,,38654705664.0,,,0.00024040754629629633,0.0006272,0.0008676075462962962,0.0008676075462962962,0.0,1.0,
2883,NFCORE_RANGELAND:RANGELAND:PREPROCESSING:FORCE_PREPROCESS,1763871037000,1763871203000,6,187.9,,38654705664.0,,,0.00023872792864583327,0.00065072,0.0008894479286458333,0.0008894479286458333,0.0,1.0,
2881,NFCORE_RANGELAND:RANGELAND:PREPROCESSING:FORCE_PREPROCESS,1763871058000,1763871203000,6,186.8,,38654705664.0,,,0.00020946121922348497,0.0005684,0.000777861219223485,0.000777861219223485,0.0,1.0,
2849,NFCORE_RANGELAND:RANGELAND:PREPROCESSING:FORCE_PREPROCESS,1763870773000,1763871212000,6,131.0,,38654705664.0,,,0.0004447280977746214,0.00172088,0.002165608097774621,0.002165608097774621,0.0,1.0,
2889,NFCORE_RANGELAND:RANGELAND:PREPROCESSING:FORCE_PREPROCESS,1763871079000,1763871216000,6,192.5,,38654705664.0,,,0.0002018457747395833,0.0005370400000000001,0.0007388857747395835,0.0007388857747395835,0.0,1.0,
2891,NFCORE_RANGELAND:RANGELAND:PREPROCESSING:FORCE_PREPROCESS,1763871089000,1763871225000,6,189.8,,38654705664.0,,,0.000202467792003367,0.0005331200000000001,0.0007355877920033671,0.0007355877920033671,0.0,1.0,
2887,NFCORE_RANGELAND:RANGELAND:PREPROCESSING:FORCE_PREPROCESS,1763871069000,1763871220000,6,191.4,,38654705664.0,,,0.00022669383576388887,0.00059192,0.0008186138357638889,0.0008186138357638889,0.0,1.0,
2888,NFCORE_RANGELAND:RANGELAND:PREPROCESSING:FORCE_PREPROCESS,1763871075000,1763871220000,6,189.0,,38654705664.0,,,0.00021192810724431828,0.0005684,0.0007803281072443183,0.0007803281072443183,0.0,1.0,
2898,NFCORE_RANGELAND:RANGELAND:PREPROCESSING:FORCE_PREPROCESS,1763871206000,1763871241000,6,172.9,,38654705664.0,,,4.6316037760416655e-05,0.00013720000000000003,0.0001835160377604167,0.0001835160377604167,0.0,1.0,
2893,NFCORE_RANGELAND:RANGELAND:PREPROCESSING:FORCE_PREPROCESS,1763871106000,1763871243000,6,191.6,,38654705664.0,,,0.00021091262581018517,0.0005370400000000001,0.0007479526258101853,0.0007479526258101853,0.0,1.0,
2896,NFCORE_RANGELAND:RANGELAND:PREPROCESSING:FORCE_PREPROCESS,1763871140000,1763871280000,6,192.6,,38654705664.0,,,0.0002114974564393939,0.0005488000000000001,0.000760297456439394,0.000760297456439394,0.0,1.0,
2894,NFCORE_RANGELAND:RANGELAND:PREPROCESSING:FORCE_PREPROCESS,1763871119000,1763871259000,6,190.0,,38654705664.0,,,0.00021373130787037038,0.0005488000000000001,0.0007625313078703705,0.0007625313078703705,0.0,1.0,
2078,NFCORE_RANGELAND:RANGELAND:PREPROCESSING:FORCE_PREPROCESS,1763871083000,1763871265000,6,192.4,,38654705664.0,,,0.00027466118278619524,0.00071344,0.0009881011827861952,0.0009881011827861952,0.0,1.0,
2875,NFCORE_RANGELAND:RANGELAND:PREPROCESSING:FORCE_PREPROCESS,1763871029000,1763871269000,6,192.3,,38654705664.0,,,0.00037083185416666667,0.0009408,0.0013116318541666666,0.0013116318541666666,0.0,1.0,
1616,NFCORE_RANGELAND:RANGELAND:PREPROCESSING:FORCE_PREPROCESS,1763871135000,1763871277000,6,190.5,,38654705664.0,,,0.0002121798581123737,0.00055664,0.0007688198581123737,0.0007688198581123737,0.0,1.0,
2897,NFCORE_RANGELAND:RANGELAND:PREPROCESSING:FORCE_PREPROCESS,1763871178000,1763871313000,6,192.1,,38654705664.0,,,0.00019848582421874995,0.0005292,0.0007276858242187499,0.0007276858242187499,0.0,1.0,
2899,NFCORE_RANGELAND:RANGELAND:PREPROCESSING:FORCE_PREPROCESS,1763871184000,1763871316000,6,189.9,,38654705664.0,,,0.0001938463593750001,0.00051744,0.000711286359375,0.000711286359375,0.0,1.0,
2895,NFCORE_RANGELAND:RANGELAND:PREPROCESSING:FORCE_PREPROCESS,1763871123000,1763871316000,6,166.3,,38654705664.0,,,0.0002578909279803241,0.00075656,0.0010144509279803242,0.0010144509279803242,0.0,1.0,
2917,NFCORE_RANGELAND:RANGELAND:PREPROCESSING:FORCE_PREPROCESS,1763871319000,1763871354000,6,173.8,,38654705664.0,,,4.88769754050926e-05,0.00013720000000000003,0.00018607697540509263,0.00018607697540509263,0.0,1.0,
2904,NFCORE_RANGELAND:RANGELAND:PREPROCESSING:FORCE_PREPROCESS,1763871214000,1763871354000,6,190.6,,38654705664.0,,,0.00020635247632575765,0.0005488000000000001,0.0007551524763257577,0.0007551524763257577,0.0,1.0,
2903,NFCORE_RANGELAND:RANGELAND:PREPROCESSING:FORCE_PREPROCESS,1763871207000,1763871345000,6,190.9,,38654705664.0,,,0.00021167595190972223,0.00054096,0.0007526359519097222,0.0007526359519097222,0.0,1.0,
2905,NFCORE_RANGELAND:RANGELAND:PREPROCESSING:FORCE_PREPROCESS,1763871219000,1763871367000,6,189.6,,38654705664.0,,,0.00021476742499999994,0.00058016,0.000794927425,0.000794927425,0.0,1.0,
2918,NFCORE_RANGELAND:RANGELAND:PREPROCESSING:FORCE_PREPROCESS,1763871347000,1763871383000,6,172.7,,38654705664.0,,,4.995527395833333e-05,0.00014112,0.00019107527395833334,0.00019107527395833334,0.0,1.0,
2900,NFCORE_RANGELAND:RANGELAND:PREPROCESSING:FORCE_PREPROCESS,1763871195000,1763871383000,6,168.9,,38654705664.0,,,0.00024302774687499996,0.00073696,0.000979987746875,0.000979987746875,0.0,1.0,
1553,NFCORE_RANGELAND:RANGELAND:PREPROCESSING:FORCE_PREPROCESS,1763871244000,1763871387000,6,189.5,,38654705664.0,,,0.00020740232161458328,0.00056056,0.0007679623216145832,0.0007679623216145832,0.0,1.0,
2906,NFCORE_RANGELAND:RANGELAND:PREPROCESSING:FORCE_PREPROCESS,1763871222000,1763871368000,6,186.5,,38654705664.0,,,0.00021056706557765156,0.00057232,0.0007828870655776515,0.0007828870655776515,0.0,1.0,
2892,NFCORE_RANGELAND:RANGELAND:PREPROCESSING:FORCE_PREPROCESS,1763871101000,1763871377000,6,147.8,,38654705664.0,,,0.0003154585255681819,0.00108192,0.001397378525568182,0.001397378525568182,0.0,1.0,
2907,NFCORE_RANGELAND:RANGELAND:PREPROCESSING:FORCE_PREPROCESS,1763871246000,1763871389000,6,189.0,,38654705664.0,,,0.0002171622578125,0.00056056,0.0007777222578125,0.0007777222578125,0.0,1.0,
2886,NFCORE_RANGELAND:RANGELAND:PREPROCESSING:FORCE_PREPROCESS,1763871066000,1763871391000,6,176.0,,38654705664.0,,,0.0004377885416666666,0.001274,0.0017117885416666665,0.0017117885416666665,0.0,1.0,
2912,NFCORE_RANGELAND:RANGELAND:PREPROCESSING:FORCE_PREPROCESS,1763871272000,1763871409000,6,191.1,,38654705664.0,,,0.00021036222751736114,0.0005370400000000001,0.0007474022275173613,0.0007474022275173613,0.0,1.0,
2876,NFCORE_RANGELAND:RANGELAND:PREPROCESSING:FORCE_PREPROCESS,1763871228000,1763871407000,6,178.2,,38654705664.0,,,0.000250196690625,0.00070168,0.000951876690625,0.000951876690625,0.0,1.0,
2914,NFCORE_RANGELAND:RANGELAND:PREPROCESSING:FORCE_PREPROCESS,1763871282000,1763871419000,6,192.4,,38654705664.0,,,0.00020675045077861952,0.0005370400000000001,0.0007437904507786197,0.0007437904507786197,0.0,1.0,
2927,NFCORE_RANGELAND:RANGELAND:PREPROCESSING:FORCE_PREPROCESS,1763871396000,1763871431000,6,173.6,,38654705664.0,,,4.6503552083333326e-05,0.00013720000000000003,0.00018370355208333335,0.00018370355208333335,0.0,1.0,
2911,NFCORE_RANGELAND:RANGELAND:PREPROCESSING:FORCE_PREPROCESS,1763871267000,1763871412000,6,188.2,,38654705664.0,,,0.00021404665809132993,0.0005684,0.0007824466580913299,0.0007824466580913299,0.0,1.0,
2908,NFCORE_RANGELAND:RANGELAND:PREPROCESSING:FORCE_PREPROCESS,1763871262000,1763871434000,6,176.8,,38654705664.0,,,0.000244341487962963,0.0006742400000000001,0.0009185814879629631,0.0009185814879629631,0.0,1.0,
2901,NFCORE_RANGELAND:RANGELAND:PREPROCESSING:FORCE_PREPROCESS,1763871205000,1763871458000,6,148.9,,38654705664.0,,,0.0002913224622395834,0.00099176,0.0012830824622395835,0.0012830824622395835,0.0,1.0,
2921,NFCORE_RANGELAND:RANGELAND:PREPROCESSING:FORCE_PREPROCESS,1763871357000,1763871494000,6,192.3,,38654705664.0,,,0.00020373169779829554,0.0005370400000000001,0.0007407716977982957,0.0007407716977982957,0.0,1.0,
2913,NFCORE_RANGELAND:RANGELAND:PREPROCESSING:FORCE_PREPROCESS,1763871279000,1763871519000,6,166.7,,38654705664.0,,,0.00031381064520202015,0.0009408,0.00125461064520202,0.00125461064520202,0.0,1.0,
2923,NFCORE_RANGELAND:RANGELAND:PREPROCESSING:FORCE_PREPROCESS,1763871371000,1763871509000,6,192.1,,38654705664.0,,,0.00020500535440340915,0.00054096,0.0007459653544034092,0.0007459653544034092,0.0,1.0,
2915,NFCORE_RANGELAND:RANGELAND:PREPROCESSING:FORCE_PREPROCESS,1763871316000,1763871528000,6,163.9,,38654705664.0,,,0.0002659397010416666,0.00083104,0.0010969797010416667,0.0010969797010416667,0.0,1.0,
2924,NFCORE_RANGELAND:RANGELAND:PREPROCESSING:FORCE_PREPROCESS,1763871379000,1763871520000,6,190.5,,38654705664.0,,,0.00020771738458806824,0.00055272,0.0007604373845880683,0.0007604373845880683,0.0,1.0,
2550,NFCORE_RANGELAND:RANGELAND:PREPROCESSING:FORCE_PREPROCESS,1763871391000,1763871543000,6,189.1,,38654705664.0,,,0.00023095194467592594,0.00059584,0.0008267919446759259,0.0008267919446759259,0.0,1.0,
2925,NFCORE_RANGELAND:RANGELAND:PREPROCESSING:FORCE_PREPROCESS,1763871385000,1763871556000,6,173.5,,38654705664.0,,,0.00023838674088541667,0.0006703200000000001,0.0009087067408854167,0.0009087067408854167,0.0,1.0,
2930,NFCORE_RANGELAND:RANGELAND:PREPROCESSING:FORCE_PREPROCESS,1763871412000,1763871556000,6,187.4,,38654705664.0,,,0.00021682960833333334,0.00056448,0.0007813096083333334,0.0007813096083333334,0.0,1.0,
2916,NFCORE_RANGELAND:RANGELAND:PREPROCESSING:FORCE_PREPROCESS,1763871320000,1763871548000,6,194.7,,38654705664.0,,,0.0003432887343750001,0.0008937600000000002,0.0012370487343750002,0.0012370487343750002,0.0,1.0,
2933,NFCORE_RANGELAND:RANGELAND:PREPROCESSING:FORCE_PREPROCESS,1763871421000,1763871563000,6,190.2,,38654705664.0,,,0.0002118457166035353,0.00055664,0.0007684857166035353,0.0007684857166035353,0.0,1.0,
2919,NFCORE_RANGELAND:RANGELAND:PREPROCESSING:FORCE_PREPROCESS,1763871356000,1763871567000,6,163.8,,38654705664.0,,,0.00027770446302083335,0.0008271200000000001,0.0011048244630208334,0.0011048244630208334,0.0,1.0,
2928,NFCORE_RANGELAND:RANGELAND:PREPROCESSING:FORCE_PREPROCESS,1763871410000,1763871574000,6,187.4,,38654705664.0,,,0.00024106505812289563,0.00064288,0.0008839450581228956,0.0008839450581228956,0.0,1.0,
2947,NFCORE_RANGELAND:RANGELAND:PREPROCESSING:FORCE_PREPROCESS,1763871566000,1763871600000,6,173.4,,38654705664.0,,,4.624330233585858e-05,0.00013328000000000002,0.00017952330233585861,0.00017952330233585861,0.0,1.0,
2935,NFCORE_RANGELAND:RANGELAND:PREPROCESSING:FORCE_PREPROCESS,1763871460000,1763871607000,6,187.2,,38654705664.0,,,0.00021280505113636366,0.00057624,0.0007890450511363636,0.0007890450511363636,0.0,1.0,
2934,NFCORE_RANGELAND:RANGELAND:PREPROCESSING:FORCE_PREPROCESS,1763871436000,1763871585000,6,187.7,,38654705664.0,,,0.00022471757919560184,0.0005840800000000001,0.0008087975791956018,0.0008087975791956018,0.0,1.0,
2922,NFCORE_RANGELAND:RANGELAND:PREPROCESSING:FORCE_PREPROCESS,1763871369000,1763871589000,6,194.7,,38654705664.0,,,0.0003278362656249999,0.0008623999999999999,0.0011902362656249998,0.0011902362656249998,0.0,1.0,
2936,NFCORE_RANGELAND:RANGELAND:PREPROCESSING:FORCE_PREPROCESS,1763871496000,1763871634000,6,192.2,,38654705664.0,,,0.00020511207244318188,0.00054096,0.000746072072443182,0.000746072072443182,0.0,1.0,
2926,NFCORE_RANGELAND:RANGELAND:PREPROCESSING:FORCE_PREPROCESS,1763871388000,1763871638000,6,160.3,,38654705664.0,,,0.0003067198567708333,0.0009800000000000002,0.0012867198567708335,0.0012867198567708335,0.0,1.0,
1784,NFCORE_RANGELAND:RANGELAND:PREPROCESSING:FORCE_PREPROCESS,1763871389000,1763871648000,6,173.0,,38654705664.0,,,0.00034293690885416663,0.0010152800000000001,0.0013582169088541668,0.0013582169088541668,0.0,1.0,
2902,NFCORE_RANGELAND:RANGELAND:PREPROCESSING:FORCE_PREPROCESS,1763871223000,1763871657000,6,131.3,,38654705664.0,,,0.0004469668208438552,0.00170128,0.002148246820843855,0.002148246820843855,0.0,1.0,
2932,NFCORE_RANGELAND:RANGELAND:PREPROCESSING:FORCE_PREPROCESS,1763871415000,1763871658000,6,159.1,,38654705664.0,,,0.0003032475379261363,0.0009525600000000001,0.0012558075379261364,0.0012558075379261364,0.0,1.0,
2929,NFCORE_RANGELAND:RANGELAND:PREPROCESSING:FORCE_PREPROCESS,1763871511000,1763871649000,6,192.0,,38654705664.0,,,0.0002048986363636364,0.00054096,0.0007458586363636364,0.0007458586363636364,0.0,1.0,
2940,NFCORE_RANGELAND:RANGELAND:PREPROCESSING:FORCE_PREPROCESS,1763871524000,1763871663000,6,191.2,,38654705664.0,,,0.00020552347821969701,0.0005448800000000001,0.0007504034782196971,0.0007504034782196971,0.0,1.0,
2942,NFCORE_RANGELAND:RANGELAND:PREPROCESSING:FORCE_PREPROCESS,1763871546000,1763871685000,6,190.5,,38654705664.0,,,0.00021276308897569444,0.0005448800000000001,0.0007576430889756946,0.0007576430889756946,0.0,1.0,
2941,NFCORE_RANGELAND:RANGELAND:PREPROCESSING:FORCE_PREPROCESS,1763871530000,1763871669000,6,189.5,,38654705664.0,,,0.00020160085807291662,0.0005448800000000001,0.0007464808580729166,0.0007464808580729166,0.0,1.0,
2943,NFCORE_RANGELAND:RANGELAND:PREPROCESSING:FORCE_PREPROCESS,1763871550000,1763871703000,6,185.6,,38654705664.0,,,0.0002195978863636364,0.0005997600000000001,0.0008193578863636365,0.0008193578863636365,0.0,1.0,
2948,NFCORE_RANGELAND:RANGELAND:PREPROCESSING:FORCE_PREPROCESS,1763871569000,1763871710000,6,190.0,,38654705664.0,,,0.00021525796006944447,0.00055272,0.0007679779600694445,0.0007679779600694445,0.0,1.0,
2949,NFCORE_RANGELAND:RANGELAND:PREPROCESSING:FORCE_PREPROCESS,1763871591000,1763871727000,6,192.2,,38654705664.0,,,0.00020006017916666664,0.0005331200000000001,0.0007331801791666667,0.0007331801791666667,0.0,1.0,
1635,NFCORE_RANGELAND:RANGELAND:PREPROCESSING:FORCE_PREPROCESS,1763871610000,1763871745000,6,190.3,,38654705664.0,,,0.00019866955078125007,0.0005292,0.0007278695507812501,0.0007278695507812501,0.0,1.0,
2355,NFCORE_RANGELAND:RANGELAND:PREPROCESSING:FORCE_PREPROCESS,1763871587000,1763871752000,6,182.8,,38654705664.0,,,0.00024235201909722222,0.0006467999999999999,0.0008891520190972221,0.0008891520190972221,0.0,1.0,
2950,NFCORE_RANGELAND:RANGELAND:PREPROCESSING:FORCE_PREPROCESS,1763871603000,1763871765000,6,189.5,,38654705664.0,,,0.0002407936661931818,0.0006350399999999999,0.0008758336661931817,0.0008758336661931817,0.0,1.0,
1806,NFCORE_RANGELAND:RANGELAND:PREPROCESSING:FORCE_PREPROCESS,1763871637000,1763871785000,6,190.8,,38654705664.0,,,0.00021837294886363647,0.00058016,0.0007985329488636366,0.0007985329488636366,0.0,1.0,
2661,NFCORE_RANGELAND:RANGELAND:PREPROCESSING:FORCE_PREPROCESS,1763871657000,1763871798000,6,191.6,,38654705664.0,,,0.00020676783437499995,0.00055272,0.000759487834375,0.000759487834375,0.0,1.0,
2679,NFCORE_RANGELAND:RANGELAND:PREPROCESSING:FORCE_PREPROCESS,1763871657000,1763871801000,6,191.7,,38654705664.0,,,0.00021347319886363644,0.00056448,0.0007779531988636365,0.0007779531988636365,0.0,1.0,
2944,NFCORE_RANGELAND:RANGELAND:PREPROCESSING:FORCE_PREPROCESS,1763871558000,1763871802000,6,159.8,,38654705664.0,,,0.0003132947432870371,0.0009564800000000001,0.0012697747432870372,0.0012697747432870372,0.0,1.0,
1785,NFCORE_RANGELAND:RANGELAND:PREPROCESSING:FORCE_PREPROCESS,1763871522000,1763871809000,6,111.5,,38654705664.0,,,0.00025100223834701173,0.0011250400000000001,0.001376042238347012,0.001376042238347012,0.0,1.0,
2630,NFCORE_RANGELAND:RANGELAND:PREPROCESSING:FORCE_PREPROCESS,1763871667000,1763871813000,6,190.7,,38654705664.0,,,0.00021838579148779455,0.00057232,0.0007907057914877945,0.0007907057914877945,0.0,1.0,
2938,NFCORE_RANGELAND:RANGELAND:PREPROCESSING:FORCE_PREPROCESS,1763871560000,1763871797000,6,158.6,,38654705664.0,,,0.00030202162204861105,0.0009290399999999999,0.0012310616220486108,0.0012310616220486108,0.0,1.0,
2623,NFCORE_RANGELAND:RANGELAND:PREPROCESSING:FORCE_PREPROCESS,1763871688000,1763871829000,6,191.4,,38654705664.0,,,0.0002168440713541667,0.00055272,0.0007695640713541667,0.0007695640713541667,0.0,1.0,
1552,NFCORE_RANGELAND:RANGELAND:PREPROCESSING:FORCE_PREPROCESS,1763871706000,1763871842000,6,189.0,,38654705664.0,,,0.00019877394886363641,0.0005331200000000001,0.0007318939488636365,0.0007318939488636365,0.0,1.0,
2083,NFCORE_RANGELAND:RANGELAND:PREPROCESSING:FORCE_PREPROCESS,1763871433000,1763871830000,6,139.3,,38654705664.0,,,0.00042326268723958326,0.0015562400000000002,0.0019795026872395836,0.0019795026872395836,0.0,1.0,
1786,NFCORE_RANGELAND:RANGELAND:PREPROCESSING:FORCE_PREPROCESS,1763871577000,1763871864000,6,153.0,,38654705664.0,,,0.00034442459611742416,0.0011250400000000001,0.0014694645961174243,0.0014694645961174243,0.0,1.0,
1579,NFCORE_RANGELAND:RANGELAND:PREPROCESSING:FORCE_PREPROCESS,1763871717000,1763871871000,6,189.1,,38654705664.0,,,0.00023399078605324073,0.00060368,0.0008376707860532407,0.0008376707860532407,0.0,1.0,
1798,NFCORE_RANGELAND:RANGELAND:PREPROCESSING:FORCE_PREPROCESS,1763871667000,1763871867000,6,168.5,,38654705664.0,,,0.0002606085464015152,0.000784,0.0010446085464015152,0.0010446085464015152,0.0,1.0,
1576,NFCORE_RANGELAND:RANGELAND:PREPROCESSING:FORCE_PREPROCESS,1763871730000,1763871875000,6,184.0,,38654705664.0,,,0.00020419927083333331,0.0005684,0.0007725992708333333,0.0007725992708333333,0.0,1.0,
1604,NFCORE_RANGELAND:RANGELAND:PREPROCESSING:FORCE_PREPROCESS,1763871748000,1763871884000,6,190.7,,38654705664.0,,,0.000200561862689394,0.0005331200000000001,0.0007336818626893941,0.0007336818626893941,0.0,1.0,
1548,NFCORE_RANGELAND:RANGELAND:PREPROCESSING:FORCE_PREPROCESS,1763871677000,1763871902000,6,191.6,,38654705664.0,,,0.00032994867187499996,0.000882,0.0012119486718749999,0.0012119486718749999,0.0,1.0,
1578,NFCORE_RANGELAND:RANGELAND:PREPROCESSING:FORCE_PREPROCESS,1763871768000,1763871903000,6,188.3,,38654705664.0,,,0.00019939070951704543,0.0005292,0.0007285907095170454,0.0007285907095170454,0.0,1.0,
1542,NFCORE_RANGELAND:RANGELAND:PREPROCESSING:FORCE_PREPROCESS,1763871667000,1763871914000,6,151.5,,38654705664.0,,,0.0002935150782039141,0.00096824,0.001261755078203914,0.001261755078203914,0.0,1.0,
1567,NFCORE_RANGELAND:RANGELAND:PREPROCESSING:FORCE_PREPROCESS,1763871810000,1763871946000,6,189.9,,38654705664.0,,,0.00020751542291666666,0.0005331200000000001,0.0007406354229166668,0.0007406354229166668,0.0,1.0,
1598,NFCORE_RANGELAND:RANGELAND:PREPROCESSING:FORCE_PREPROCESS,1763871808000,1763871944000,6,190.1,,38654705664.0,,,0.0001999308342803031,0.0005331200000000001,0.0007330508342803032,0.0007330508342803032,0.0,1.0,
2106,NFCORE_RANGELAND:RANGELAND:PREPROCESSING:FORCE_PREPROCESS,1763871800000,1763871948000,6,193.6,,38654705664.0,,,0.0002302255796296296,0.00058016,0.0008103855796296296,0.0008103855796296296,0.0,1.0,
1569,NFCORE_RANGELAND:RANGELAND:PREPROCESSING:FORCE_PREPROCESS,1763871820000,1763871965000,6,184.9,,38654705664.0,,,0.00021029344888994107,0.0005684,0.0007786934488899411,0.0007786934488899411,0.0,1.0,
1778,NFCORE_RANGELAND:RANGELAND:PREPROCESSING:FORCE_PREPROCESS,1763871808000,1763871969000,6,189.4,,38654705664.0,,,0.00023338568385416662,0.0006311199999999999,0.0008645056838541664,0.0008645056838541664,0.0,1.0,
1584,NFCORE_RANGELAND:RANGELAND:PREPROCESSING:FORCE_PREPROCESS,1763871820000,1763871976000,6,185.1,,38654705664.0,,,0.0002264914683712121,0.00061152,0.0008380114683712121,0.0008380114683712121,0.0,1.0,
1589,NFCORE_RANGELAND:RANGELAND:PREPROCESSING:FORCE_PREPROCESS,1763871852000,1763871988000,6,189.4,,38654705664.0,,,0.00019919463446969705,0.0005331200000000001,0.0007323146344696971,0.0007323146344696971,0.0,1.0,
1590,NFCORE_RANGELAND:RANGELAND:PREPROCESSING:FORCE_PREPROCESS,1763871866000,1763872003000,6,189.9,,38654705664.0,,,0.0002040639844223485,0.0005370400000000001,0.0007411039844223487,0.0007411039844223487,0.0,1.0,
2100,NFCORE_RANGELAND:RANGELAND:PREPROCESSING:FORCE_PREPROCESS,1763871832000,1763871980000,6,193.3,,38654705664.0,,,0.0002189585614583333,0.00058016,0.0007991185614583333,0.0007991185614583333,0.0,1.0,
1587,NFCORE_RANGELAND:RANGELAND:PREPROCESSING:FORCE_PREPROCESS,1763871842000,1763872012000,6,181.7,,38654705664.0,,,0.00024819347251157404,0.0006664,0.0009145934725115741,0.0009145934725115741,0.0,1.0,
2937,NFCORE_RANGELAND:RANGELAND:PREPROCESSING:FORCE_PREPROCESS,1763871758000,1763872048000,6,143.8,,38654705664.0,,,0.0003350760526620371,0.0011368,0.0014718760526620373,0.0014718760526620373,0.0,1.0,
1660,NFCORE_RANGELAND:RANGELAND:PREPROCESSING:FORCE_PREPROCESS,1763871909000,1763872044000,6,190.5,,38654705664.0,,,0.00020172028764204542,0.0005292,0.0007309202876420454,0.0007309202876420454,0.0,1.0,
1912,NFCORE_RANGELAND:RANGELAND:PREPROCESSING:FORCE_PREPROCESS,1763871905000,1763872054000,6,188.1,,38654705664.0,,,0.00021450796640624999,0.0005840800000000001,0.0007985879664062501,0.0007985879664062501,0.0,1.0,
2115,NFCORE_RANGELAND:RANGELAND:PREPROCESSING:FORCE_PREPROCESS,1763871887000,1763872048000,6,189.4,,38654705664.0,,,0.00023338568385416662,0.0006311199999999999,0.0008645056838541664,0.0008645056838541664,0.0,1.0,
2124,NFCORE_RANGELAND:RANGELAND:PREPROCESSING:FORCE_PREPROCESS,1763871887000,1763872063000,6,184.3,,38654705664.0,,,0.0002508399791666668,0.0006899200000000001,0.0009407599791666669,0.0009407599791666669,0.0,1.0,
1610,NFCORE_RANGELAND:RANGELAND:PREPROCESSING:FORCE_PREPROCESS,1763871947000,1763872085000,6,186.6,,38654705664.0,,,0.00019913586221590913,0.00054096,0.0007400958622159092,0.0007400958622159092,0.0,1.0,
2123,NFCORE_RANGELAND:RANGELAND:PREPROCESSING:FORCE_PREPROCESS,1763871957000,1763872107000,6,192.3,,38654705664.0,,,0.00023176990885416665,0.000588,0.0008197699088541667,0.0008197699088541667,0.0,1.0,
1595,NFCORE_RANGELAND:RANGELAND:PREPROCESSING:FORCE_PREPROCESS,1763871877000,1763872111000,6,190.1,,38654705664.0,,,0.0003574246338541667,0.00091728,0.0012747046338541668,0.0012747046338541668,0.0,1.0,
1592,NFCORE_RANGELAND:RANGELAND:PREPROCESSING:FORCE_PREPROCESS,1763871647000,1763872129000,6,132.5,,38654705664.0,,,0.0004888000911458332,0.00188944,0.0023782400911458333,0.0023782400911458333,0.0,1.0,
2144,NFCORE_RANGELAND:RANGELAND:PREPROCESSING:FORCE_PREPROCESS,1763871988000,1763872145000,6,190.3,,38654705664.0,,,0.00022866874192708331,0.0006154400000000001,0.0008441087419270835,0.0008441087419270835,0.0,1.0,
2152,NFCORE_RANGELAND:RANGELAND:PREPROCESSING:FORCE_PREPROCESS,1763871998000,1763872146000,6,192.2,,38654705664.0,,,0.00021997526609848493,0.00058016,0.0008001352660984849,0.0008001352660984849,0.0,1.0,
2673,NFCORE_RANGELAND:RANGELAND:PREPROCESSING:FORCE_PREPROCESS,1763872008000,1763872154000,6,191.3,,38654705664.0,,,0.00021907289937920873,0.00057232,0.0007913928993792087,0.0007913928993792087,0.0,1.0,
1730,NFCORE_RANGELAND:RANGELAND:PREPROCESSING:FORCE_PREPROCESS,1763871925000,1763872166000,6,168.3,,38654705664.0,,,0.0003181427192708333,0.00094472,0.0012628627192708334,0.0012628627192708334,0.0,1.0,
1779,NFCORE_RANGELAND:RANGELAND:PREPROCESSING:FORCE_PREPROCESS,1763871968000,1763872198000,6,181.4,,38654705664.0,,,0.0003272547425294612,0.0009016,0.0012288547425294612,0.0012288547425294612,0.0,1.0,
2145,NFCORE_RANGELAND:RANGELAND:PREPROCESSING:FORCE_PREPROCESS,1763871978000,1763872195000,6,193.0,,38654705664.0,,,0.00032054234114583326,0.00085064,0.0011711823411458331,0.0011711823411458331,0.0,1.0,
1749,NFCORE_RANGELAND:RANGELAND:PREPROCESSING:FORCE_PREPROCESS,1763872047000,1763872204000,6,189.4,,38654705664.0,,,0.0002332386168665825,0.0006154400000000001,0.0008486786168665826,0.0008486786168665826,0.0,1.0,
1728,NFCORE_RANGELAND:RANGELAND:PREPROCESSING:FORCE_PREPROCESS,1763871958000,1763872212000,6,152.8,,38654705664.0,,,0.0003118484412037037,0.00099568,0.0013075284412037039,0.0013075284412037039,0.0,1.0,
2129,NFCORE_RANGELAND:RANGELAND:PREPROCESSING:FORCE_PREPROCESS,1763872058000,1763872206000,6,192.3,,38654705664.0,,,0.000217825821875,0.00058016,0.000797985821875,0.000797985821875,0.0,1.0,
2112,NFCORE_RANGELAND:RANGELAND:PREPROCESSING:FORCE_PREPROCESS,1763871788000,1763872216000,6,134.3,,38654705664.0,,,0.000444506928503788,0.0016777600000000001,0.002122266928503788,0.002122266928503788,0.0,1.0,
2192,NFCORE_RANGELAND:RANGELAND:PREPROCESSING:FORCE_PREPROCESS,1763872068000,1763872219000,6,189.8,,38654705664.0,,,0.00022163171567234858,0.00059192,0.0008135517156723486,0.0008135517156723486,0.0,1.0,
1591,NFCORE_RANGELAND:RANGELAND:PREPROCESSING:FORCE_PREPROCESS,1763871877000,1763872216000,6,140.1,,38654705664.0,,,0.0003672794137073864,0.00132888,0.0016961594137073863,0.0016961594137073863,0.0,1.0,
1642,NFCORE_RANGELAND:RANGELAND:PREPROCESSING:FORCE_PREPROCESS,1763872087000,1763872226000,6,190.9,,38654705664.0,,,0.0002052010041429925,0.0005448800000000001,0.0007500810041429926,0.0007500810041429926,0.0,1.0,
2155,NFCORE_RANGELAND:RANGELAND:PREPROCESSING:FORCE_PREPROCESS,1763872018000,1763872249000,6,166.4,,38654705664.0,,,0.00030885298888888883,0.00090552,0.0012143729888888888,0.0012143729888888888,0.0,1.0,
2150,NFCORE_RANGELAND:RANGELAND:PREPROCESSING:FORCE_PREPROCESS,1763871988000,1763872229000,6,160.9,,38654705664.0,,,0.0003041542693444865,0.00094472,0.0012488742693444865,0.0012488742693444865,0.0,1.0,
2700,NFCORE_RANGELAND:RANGELAND:PREPROCESSING:FORCE_PREPROCESS,1763872109000,1763872259000,6,189.5,,38654705664.0,,,0.00022839520399305552,0.000588,0.0008163952039930554,0.0008163952039930554,0.0,1.0,
2134,NFCORE_RANGELAND:RANGELAND:PREPROCESSING:FORCE_PREPROCESS,1763872058000,1763872262000,6,170.2,,38654705664.0,,,0.00026574070624999993,0.00079968,0.00106542070625,0.00106542070625,0.0,1.0,
1623,NFCORE_RANGELAND:RANGELAND:PREPROCESSING:FORCE_PREPROCESS,1763872132000,1763872273000,6,187.7,,38654705664.0,,,0.00020255909453124996,0.00055272,0.00075527909453125,0.00075527909453125,0.0,1.0,
1620,NFCORE_RANGELAND:RANGELAND:PREPROCESSING:FORCE_PREPROCESS,1763872147000,1763872283000,6,189.8,,38654705664.0,,,0.00019756202916666664,0.0005331200000000001,0.0007306820291666668,0.0007306820291666668,0.0,1.0,
1617,NFCORE_RANGELAND:RANGELAND:PREPROCESSING:FORCE_PREPROCESS,1763872120000,1763872280000,6,190.8,,38654705664.0,,,0.00024529283333333336,0.0006272,0.0008724928333333333,0.0008724928333333333,0.0,1.0,
1614,NFCORE_RANGELAND:RANGELAND:PREPROCESSING:FORCE_PREPROCESS,1763872058000,1763872286000,6,167.7,,38654705664.0,,,0.00030722348854166667,0.0008937600000000002,0.0012009834885416668,0.0012009834885416668,0.0,1.0,
2228,NFCORE_RANGELAND:RANGELAND:PREPROCESSING:FORCE_PREPROCESS,1763872151000,1763872298000,6,189.4,,38654705664.0,,,0.00021530596519886373,0.00057624,0.0007915459651988637,0.0007915459651988637,0.0,1.0,
1646,NFCORE_RANGELAND:RANGELAND:PREPROCESSING:FORCE_PREPROCESS,1763872158000,1763872296000,6,188.0,,38654705664.0,,,0.0002034968851010101,0.00054096,0.0007444568851010102,0.0007444568851010102,0.0,1.0,
1716,NFCORE_RANGELAND:RANGELAND:PREPROCESSING:FORCE_PREPROCESS,1763872168000,1763872305000,6,189.0,,38654705664.0,,,0.0002030968565340909,0.0005370400000000001,0.000740136856534091,0.000740136856534091,0.0,1.0,
2191,NFCORE_RANGELAND:RANGELAND:PREPROCESSING:FORCE_PREPROCESS,1763872208000,1763872356000,6,192.8,,38654705664.0,,,0.00022381519882154884,0.00058016,0.0008039751988215488,0.0008039751988215488,0.0,1.0,
1624,NFCORE_RANGELAND:RANGELAND:PREPROCESSING:FORCE_PREPROCESS,1763872239000,1763872377000,6,189.3,,38654705664.0,,,0.00020490404441287876,0.00054096,0.0007458640444128788,0.0007458640444128788,0.0,1.0,
1630,NFCORE_RANGELAND:RANGELAND:PREPROCESSING:FORCE_PREPROCESS,1763872218000,1763872376000,6,178.4,,38654705664.0,,,0.00022648447824074073,0.00061936,0.0008458444782407407,0.0008458444782407407,0.0,1.0,
1891,NFCORE_RANGELAND:RANGELAND:PREPROCESSING:FORCE_PREPROCESS,1763872228000,1763872378000,6,191.1,,38654705664.0,,,0.00022167192826704553,0.000588,0.0008096719282670456,0.0008096719282670456,0.0,1.0,
1908,NFCORE_RANGELAND:RANGELAND:PREPROCESSING:FORCE_PREPROCESS,1763872251000,1763872401000,6,189.6,,38654705664.0,,,0.00022851572916666665,0.000588,0.0008165157291666666,0.0008165157291666666,0.0,1.0,
1627,NFCORE_RANGELAND:RANGELAND:PREPROCESSING:FORCE_PREPROCESS,1763872228000,1763872396000,6,176.7,,38654705664.0,,,0.00022956442329545462,0.0006585600000000001,0.0008881244232954547,0.0008881244232954547,0.0,1.0,
1634,NFCORE_RANGELAND:RANGELAND:PREPROCESSING:FORCE_PREPROCESS,1763872272000,1763872408000,6,189.1,,38654705664.0,,,0.0001968334020833333,0.0005331200000000001,0.0007299534020833334,0.0007299534020833334,0.0,1.0,
1636,NFCORE_RANGELAND:RANGELAND:PREPROCESSING:FORCE_PREPROCESS,1763872282000,1763872416000,6,189.1,,38654705664.0,,,0.0001939387932291666,0.0005252799999999999,0.0007192187932291666,0.0007192187932291666,0.0,1.0,
1648,NFCORE_RANGELAND:RANGELAND:PREPROCESSING:FORCE_PREPROCESS,1763872283000,1763872420000,6,190.1,,38654705664.0,,,0.00020926143093171298,0.0005370400000000001,0.000746301430931713,0.000746301430931713,0.0,1.0,
1902,NFCORE_RANGELAND:RANGELAND:PREPROCESSING:FORCE_PREPROCESS,1763872262000,1763872412000,6,189.8,,38654705664.0,,,0.00022875677951388887,0.000588,0.0008167567795138888,0.0008167567795138888,0.0,1.0,
2712,NFCORE_RANGELAND:RANGELAND:PREPROCESSING:FORCE_PREPROCESS,1763872228000,1763872434000,6,168.5,,38654705664.0,,,0.0002684268027935607,0.00080752,0.0010759468027935607,0.0010759468027935607,0.0,1.0,
1740,NFCORE_RANGELAND:RANGELAND:PREPROCESSING:FORCE_PREPROCESS,1763872197000,1763872422000,6,162.0,,38654705664.0,,,0.00027897539062499995,0.000882,0.0011609753906249999,0.0011609753906249999,0.0,1.0,
1731,NFCORE_RANGELAND:RANGELAND:PREPROCESSING:FORCE_PREPROCESS,1763872292000,1763872439000,6,189.8,,38654705664.0,,,0.00021354131093749998,0.00057624,0.0007897813109375,0.0007897813109375,0.0,1.0,
1667,NFCORE_RANGELAND:RANGELAND:PREPROCESSING:FORCE_PREPROCESS,1763872420000,1763872453000,6,171.9,,38654705664.0,,,4.3416836718749996e-05,0.00012936,0.00017277683671874998,0.00017277683671874998,0.0,1.0,
1937,NFCORE_RANGELAND:RANGELAND:PREPROCESSING:FORCE_PREPROCESS,1763872420000,1763872457000,6,169.5,,38654705664.0,,,5.0391575086805555e-05,0.00014504,0.00019543157508680558,0.00019543157508680558,0.0,1.0,
1915,NFCORE_RANGELAND:RANGELAND:PREPROCESSING:FORCE_PREPROCESS,1763872302000,1763872457000,6,189.1,,38654705664.0,,,0.000229902692366372,0.0006076,0.0008375026923663721,0.0008375026923663721,0.0,1.0,
1916,NFCORE_RANGELAND:RANGELAND:PREPROCESSING:FORCE_PREPROCESS,1763872302000,1763872487000,6,184.7,,38654705664.0,,,0.0002642392797111743,0.0007252,0.0009894392797111743,0.0009894392797111743,0.0,1.0,
2649,NFCORE_RANGELAND:RANGELAND:PREPROCESSING:FORCE_PREPROCESS,1763872358000,1763872501000,6,191.5,,38654705664.0,,,0.0002147957311921296,0.00056056,0.0007753557311921296,0.0007753557311921296,0.0,1.0,
1649,NFCORE_RANGELAND:RANGELAND:PREPROCESSING:FORCE_PREPROCESS,1763872292000,1763872503000,6,180.3,,38654705664.0,,,0.00030567835581597226,0.0008271200000000001,0.0011327983558159724,0.0011327983558159724,0.0,1.0,
1892,NFCORE_RANGELAND:RANGELAND:PREPROCESSING:FORCE_PREPROCESS,1763872229000,1763872511000,6,174.5,,38654705664.0,,,0.0003805426100852274,0.00110544,0.0014859826100852274,0.0014859826100852274,0.0,1.0,
1644,NFCORE_RANGELAND:RANGELAND:PREPROCESSING:FORCE_PREPROCESS,1763872379000,1763872525000,6,184.4,,38654705664.0,,,0.00021632179560185187,0.00057232,0.0007886417956018518,0.0007886417956018518,0.0,1.0,
1529,NFCORE_RANGELAND:RANGELAND:PREPROCESSING:FORCE_PREPROCESS,1763872400000,1763872539000,6,189.0,,38654705664.0,,,0.0002031586683238637,0.0005448800000000001,0.0007480386683238638,0.0007480386683238638,0.0,1.0,
1923,NFCORE_RANGELAND:RANGELAND:PREPROCESSING:FORCE_PREPROCESS,1763872390000,1763872541000,6,189.5,,38654705664.0,,,0.00022128140210700764,0.00059192,0.0008132014021070077,0.0008132014021070077,0.0,1.0,
1668,NFCORE_RANGELAND:RANGELAND:PREPROCESSING:FORCE_PREPROCESS,1763872411000,1763872551000,6,188.6,,38654705664.0,,,0.0002020868645833333,0.0005488000000000001,0.0007508868645833334,0.0007508868645833334,0.0,1.0,
2190,NFCORE_RANGELAND:RANGELAND:PREPROCESSING:FORCE_PREPROCESS,1763872208000,1763872537000,6,148.8,,38654705664.0,,,0.0003839897744949495,0.00128968,0.0016736697744949495,0.0016736697744949495,0.0,1.0,
1751,NFCORE_RANGELAND:RANGELAND:PREPROCESSING:FORCE_PREPROCESS,1763872410000,1763872562000,6,190.4,,38654705664.0,,,0.00023253966296296296,0.00059584,0.000828379662962963,0.000828379662962963,0.0,1.0,
2730,NFCORE_RANGELAND:RANGELAND:PREPROCESSING:FORCE_PREPROCESS,1763872423000,1763872559000,6,191.8,,38654705664.0,,,0.0002095916699074074,0.0005331200000000001,0.0007427116699074075,0.0007427116699074075,0.0,1.0,
1682,NFCORE_RANGELAND:RANGELAND:PREPROCESSING:FORCE_PREPROCESS,1763872430000,1763872569000,6,189.3,,38654705664.0,,,0.00020138808671874998,0.0005448800000000001,0.00074626808671875,0.00074626808671875,0.0,1.0,
1662,NFCORE_RANGELAND:RANGELAND:PREPROCESSING:FORCE_PREPROCESS,1763872442000,1763872579000,6,190.3,,38654705664.0,,,0.00019953896588541665,0.0005370400000000001,0.0007365789658854168,0.0007365789658854168,0.0,1.0,
1712,NFCORE_RANGELAND:RANGELAND:PREPROCESSING:FORCE_PREPROCESS,1763872440000,1763872587000,6,186.3,,38654705664.0,,,0.00021178194992897738,0.00057624,0.0007880219499289774,0.0007880219499289774,0.0,1.0,
2717,NFCORE_RANGELAND:RANGELAND:PREPROCESSING:FORCE_PREPROCESS,1763872461000,1763872601000,6,189.8,,38654705664.0,,,0.00020842272706228957,0.0005488000000000001,0.0007572227270622897,0.0007572227270622897,0.0,1.0,
1767,NFCORE_RANGELAND:RANGELAND:PREPROCESSING:FORCE_PREPROCESS,1763872573000,1763872610000,6,169.3,,38654705664.0,,,4.794320286458333e-05,0.00014504,0.00019298320286458335,0.00019298320286458335,0.0,1.0,
2239,NFCORE_RANGELAND:RANGELAND:PREPROCESSING:FORCE_PREPROCESS,1763872461000,1763872607000,6,190.6,,38654705664.0,,,0.0002235950880787037,0.00057232,0.0007959150880787036,0.0007959150880787036,0.0,1.0,
1663,NFCORE_RANGELAND:RANGELAND:PREPROCESSING:FORCE_PREPROCESS,1763872456000,1763872625000,6,184.5,,38654705664.0,,,0.0002386445039062499,0.00066248,0.00090112450390625,0.00090112450390625,0.0,1.0,
2410,NFCORE_RANGELAND:RANGELAND:PREPROCESSING:FORCE_PREPROCESS,1763872503000,1763872650000,6,189.8,,38654705664.0,,,0.000218843863415404,0.00057624,0.000795083863415404,0.000795083863415404,0.0,1.0,
1974,NFCORE_RANGELAND:RANGELAND:PREPROCESSING:FORCE_PREPROCESS,1763872489000,1763872656000,6,188.3,,38654705664.0,,,0.00024317870655776524,0.0006546400000000001,0.0008978187065577653,0.0008978187065577653,0.0,1.0,
1643,NFCORE_RANGELAND:RANGELAND:PREPROCESSING:FORCE_PREPROCESS,1763872312000,1763872663000,6,144.2,,38654705664.0,,,0.00039700246846590905,0.00137592,0.0017729224684659092,0.0017729224684659092,0.0,1.0,
1664,NFCORE_RANGELAND:RANGELAND:PREPROCESSING:FORCE_PREPROCESS,1763872543000,1763872684000,6,189.1,,38654705664.0,,,0.00020619085262784097,0.00055272,0.000758910852627841,0.000758910852627841,0.0,1.0,
2422,NFCORE_RANGELAND:RANGELAND:PREPROCESSING:FORCE_PREPROCESS,1763872520000,1763872672000,6,189.2,,38654705664.0,,,0.00022239420833333339,0.00059584,0.0008182342083333334,0.0008182342083333334,0.0,1.0,
2241,NFCORE_RANGELAND:RANGELAND:PREPROCESSING:FORCE_PREPROCESS,1763872543000,1763872691000,6,188.3,,38654705664.0,,,0.0002185912963594276,0.00058016,0.0007987512963594277,0.0007987512963594277,0.0,1.0,
1647,NFCORE_RANGELAND:RANGELAND:PREPROCESSING:FORCE_PREPROCESS,1763872218000,1763872694000,6,130.4,,38654705664.0,,,0.00047506485833333326,0.0018659199999999999,0.002340984858333333,0.002340984858333333,0.0,1.0,
1673,NFCORE_RANGELAND:RANGELAND:PREPROCESSING:FORCE_PREPROCESS,1763872510000,1763872692000,6,184.1,,38654705664.0,,,0.00026922270480324073,0.00071344,0.0009826627048032408,0.0009826627048032408,0.0,1.0,
1690,NFCORE_RANGELAND:RANGELAND:PREPROCESSING:FORCE_PREPROCESS,1763872554000,1763872692000,6,188.1,,38654705664.0,,,0.00019867180781249993,0.00054096,0.0007396318078125,0.0007396318078125,0.0,1.0,
1676,NFCORE_RANGELAND:RANGELAND:PREPROCESSING:FORCE_PREPROCESS,1763872544000,1763872717000,6,177.5,,38654705664.0,,,0.00023746697147253795,0.00067816,0.0009156269714725379,0.0009156269714725379,0.0,1.0,
2380,NFCORE_RANGELAND:RANGELAND:PREPROCESSING:FORCE_PREPROCESS,1763872590000,1763872738000,6,190.4,,38654705664.0,,,0.00021791514393939404,0.00058016,0.0007980751439393941,0.0007980751439393941,0.0,1.0,
1645,NFCORE_RANGELAND:RANGELAND:PREPROCESSING:FORCE_PREPROCESS,1763872390000,1763872738000,6,143.1,,38654705664.0,,,0.00039060671761363626,0.0013641600000000001,0.0017547667176136363,0.0017547667176136363,0.0,1.0,
1661,NFCORE_RANGELAND:RANGELAND:PREPROCESSING:FORCE_PREPROCESS,1763872533000,1763872745000,6,163.1,,38654705664.0,,,0.000277828202199074,0.00083104,0.001108868202199074,0.001108868202199074,0.0,1.0,
1747,NFCORE_RANGELAND:RANGELAND:PREPROCESSING:FORCE_PREPROCESS,1763872603000,1763872753000,6,189.9,,38654705664.0,,,0.00022342772017045455,0.000588,0.0008114277201704545,0.0008114277201704545,0.0,1.0,
2242,NFCORE_RANGELAND:RANGELAND:PREPROCESSING:FORCE_PREPROCESS,1763872563000,1763872765000,6,187.8,,38654705664.0,,,0.0003048129850694445,0.00079184,0.0010966529850694445,0.0010966529850694445,0.0,1.0,
2016,NFCORE_RANGELAND:RANGELAND:PREPROCESSING:FORCE_PREPROCESS,1763872613000,1763872763000,6,193.1,,38654705664.0,,,0.00022168785156249997,0.000588,0.0008096878515624999,0.0008096878515624999,0.0,1.0,
2498,NFCORE_RANGELAND:RANGELAND:PREPROCESSING:FORCE_PREPROCESS,1763872627000,1763872770000,6,190.0,,38654705664.0,,,0.00020794955729166661,0.00056056,0.0007685095572916666,0.0007685095572916666,0.0,1.0,
2729,NFCORE_RANGELAND:RANGELAND:PREPROCESSING:FORCE_PREPROCESS,1763872583000,1763872770000,6,186.9,,38654705664.0,,,0.00026749721796874993,0.00073304,0.00100053721796875,0.00100053721796875,0.0,1.0,
2434,NFCORE_RANGELAND:RANGELAND:PREPROCESSING:FORCE_PREPROCESS,1763872565000,1763872774000,6,179.0,,38654705664.0,,,0.0003005978179976852,0.00081928,0.0011198778179976852,0.0011198778179976852,0.0,1.0,
2497,NFCORE_RANGELAND:RANGELAND:PREPROCESSING:FORCE_PREPROCESS,1763872653000,1763872797000,6,190.9,,38654705664.0,,,0.0002156201037878788,0.00056448,0.0007801001037878788,0.0007801001037878788,0.0,1.0,
2504,NFCORE_RANGELAND:RANGELAND:PREPROCESSING:FORCE_PREPROCESS,1763872663000,1763872805000,6,191.3,,38654705664.0,,,0.00021006904805871219,0.00055664,0.0007667090480587121,0.0007667090480587121,0.0,1.0,
1781,NFCORE_RANGELAND:RANGELAND:PREPROCESSING:FORCE_PREPROCESS,1763872683000,1763872853000,6,189.2,,38654705664.0,,,0.00024873036458333337,0.0006664,0.0009151303645833335,0.0009151303645833335,0.0,1.0,
1613,NFCORE_RANGELAND:RANGELAND:PREPROCESSING:FORCE_PREPROCESS,1763872719000,1763872856000,6,190.0,,38654705664.0,,,0.00020129496922348492,0.0005370400000000001,0.0007383349692234851,0.0007383349692234851,0.0,1.0,
2514,NFCORE_RANGELAND:RANGELAND:PREPROCESSING:FORCE_PREPROCESS,1763872673000,1763872859000,6,190.7,,38654705664.0,,,0.00027821751518308075,0.00072912,0.0010073375151830807,0.0010073375151830807,0.0,1.0,
2440,NFCORE_RANGELAND:RANGELAND:PREPROCESSING:FORCE_PREPROCESS,1763872693000,1763872871000,6,174.7,,38654705664.0,,,0.0002404759562026516,0.0006977600000000001,0.0009382359562026517,0.0009382359562026517,0.0,1.0,
1714,NFCORE_RANGELAND:RANGELAND:PREPROCESSING:FORCE_PREPROCESS,1763872740000,1763872880000,6,189.0,,38654705664.0,,,0.00020754423295454546,0.0005488000000000001,0.0007563442329545456,0.0007563442329545456,0.0,1.0,
2741,NFCORE_RANGELAND:RANGELAND:PREPROCESSING:FORCE_PREPROCESS,1763872751000,1763872887000,6,193.0,,38654705664.0,,,0.0002109029837962963,0.0005331200000000001,0.0007440229837962964,0.0007440229837962964,0.0,1.0,
2486,NFCORE_RANGELAND:RANGELAND:PREPROCESSING:FORCE_PREPROCESS,1763872771000,1763872910000,6,191.8,,38654705664.0,,,0.0002040477286458333,0.0005448800000000001,0.0007489277286458334,0.0007489277286458334,0.0,1.0,
2227,NFCORE_RANGELAND:RANGELAND:PREPROCESSING:FORCE_PREPROCESS,1763872773000,1763872918000,6,189.6,,38654705664.0,,,0.00021041403124999995,0.0005684,0.00077881403125,0.00077881403125,0.0,1.0,
2409,NFCORE_RANGELAND:RANGELAND:PREPROCESSING:FORCE_PREPROCESS,1763872761000,1763872914000,6,189.3,,38654705664.0,,,0.0002271762231534091,0.0005997600000000001,0.0008269362231534092,0.0008269362231534092,0.0,1.0,
2492,NFCORE_RANGELAND:RANGELAND:PREPROCESSING:FORCE_PREPROCESS,1763872610000,1763872918000,6,158.4,,38654705664.0,,,0.0003920057166666666,0.00120736,0.0015993657166666667,0.0015993657166666667,0.0,1.0,
2742,NFCORE_RANGELAND:RANGELAND:PREPROCESSING:FORCE_PREPROCESS,1763872751000,1763872910000,6,182.3,,38654705664.0,,,0.00022415196271306827,0.00062328,0.0008474319627130683,0.0008474319627130683,0.0,1.0,
1847,NFCORE_RANGELAND:RANGELAND:PREPROCESSING:FORCE_PREPROCESS,1763872781000,1763872931000,6,190.0,,38654705664.0,,,0.00022899782986111108,0.000588,0.0008169978298611111,0.0008169978298611111,0.0,1.0,
2779,NFCORE_RANGELAND:RANGELAND:PREPROCESSING:FORCE_PREPROCESS,1763872810000,1763872948000,6,190.8,,38654705664.0,,,0.0002036180198863637,0.00054096,0.0007445780198863637,0.0007445780198863637,0.0,1.0,
2788,NFCORE_RANGELAND:RANGELAND:PREPROCESSING:FORCE_PREPROCESS,1763872773000,1763872940000,6,174.0,,38654705664.0,,,0.00022239964062499996,0.0006546400000000001,0.000877039640625,0.000877039640625,0.0,1.0,
2288,NFCORE_RANGELAND:RANGELAND:PREPROCESSING:FORCE_PREPROCESS,1763872856000,1763873002000,6,189.7,,38654705664.0,,,0.0002141800125473485,0.00057232,0.0007865000125473484,0.0007865000125473484,0.0,1.0,
2428,NFCORE_RANGELAND:RANGELAND:PREPROCESSING:FORCE_PREPROCESS,1763872866000,1763873012000,6,190.5,,38654705664.0,,,0.00021815675552398984,0.00057232,0.0007904767555239898,0.0007904767555239898,0.0,1.0,
2407,NFCORE_RANGELAND:RANGELAND:PREPROCESSING:FORCE_PREPROCESS,1763872693000,1763873031000,6,142.9,,38654705664.0,,,0.0003788521527041245,0.00132496,0.0017038121527041246,0.0017038121527041246,0.0,1.0,
1816,NFCORE_RANGELAND:RANGELAND:PREPROCESSING:FORCE_PREPROCESS,1763872886000,1763873037000,6,189.0,,38654705664.0,,,0.00022385127982954545,0.00059192,0.0008157712798295455,0.0008157712798295455,0.0,1.0,
2435,NFCORE_RANGELAND:RANGELAND:PREPROCESSING:FORCE_PREPROCESS,1763872896000,1763873041000,6,190.0,,38654705664.0,,,0.00022136456886574074,0.0005684,0.0007897645688657408,0.0007897645688657408,0.0,1.0,
1596,NFCORE_RANGELAND:RANGELAND:PREPROCESSING:FORCE_PREPROCESS,1763872922000,1763873056000,6,190.1,,38654705664.0,,,0.0001949643817708333,0.0005252799999999999,0.0007202443817708332,0.0007202443817708332,0.0,1.0,
1547,NFCORE_RANGELAND:RANGELAND:PREPROCESSING:FORCE_PREPROCESS,1763872934000,1763873070000,6,190.2,,38654705664.0,,,0.00020784325138888888,0.0005331200000000001,0.000740963251388889,0.000740963251388889,0.0,1.0,
1756,NFCORE_RANGELAND:RANGELAND:PREPROCESSING:FORCE_PREPROCESS,1763872922000,1763873070000,6,189.0,,38654705664.0,,,0.00021408778124999998,0.00058016,0.00079424778125,0.00079424778125,0.0,1.0,
1735,NFCORE_RANGELAND:RANGELAND:PREPROCESSING:FORCE_PREPROCESS,1763872922000,1763873075000,6,189.0,,38654705664.0,,,0.0002323484296875,0.0005997600000000001,0.0008321084296875,0.0008321084296875,0.0,1.0,
2493,NFCORE_RANGELAND:RANGELAND:PREPROCESSING:FORCE_PREPROCESS,1763872922000,1763873075000,6,190.5,,38654705664.0,,,0.00022861632599431816,0.0005997600000000001,0.0008283763259943183,0.0008283763259943183,0.0,1.0,
1741,NFCORE_RANGELAND:RANGELAND:PREPROCESSING:FORCE_PREPROCESS,1763872696000,1763873079000,6,137.0,,38654705664.0,,,0.0004015944505208333,0.00150136,0.0019029544505208332,0.0019029544505208332,0.0,1.0,
1738,NFCORE_RANGELAND:RANGELAND:PREPROCESSING:FORCE_PREPROCESS,1763872695000,1763873097000,6,148.5,,38654705664.0,,,0.0004796660859375,0.00157584,0.0020555060859375,0.0020555060859375,0.0,1.0,
1551,NFCORE_RANGELAND:RANGELAND:PREPROCESSING:FORCE_PREPROCESS,1763872696000,1763873098000,6,136.8,,38654705664.0,,,0.0004209015374999999,0.00157584,0.0019967415375,0.0019967415375,0.0,1.0,
2385,NFCORE_RANGELAND:RANGELAND:PREPROCESSING:FORCE_PREPROCESS,1763872953000,1763873112000,6,188.7,,38654705664.0,,,0.00023202125816761368,0.00062328,0.0008553012581676137,0.0008553012581676137,0.0,1.0,
2764,NFCORE_RANGELAND:RANGELAND:PREPROCESSING:FORCE_PREPROCESS,1763872799000,1763873113000,6,141.8,,38654705664.0,,,0.00034924219505471385,0.0012308800000000002,0.001580122195054714,0.001580122195054714,0.0,1.0,
2406,NFCORE_RANGELAND:RANGELAND:PREPROCESSING:FORCE_PREPROCESS,1763872876000,1763873118000,6,191.4,,38654705664.0,,,0.00035819214062500016,0.00094864,0.0013068321406250003,0.0013068321406250003,0.0,1.0,
2429,NFCORE_RANGELAND:RANGELAND:PREPROCESSING:FORCE_PREPROCESS,1763872866000,1763873126000,6,164.4,,38654705664.0,,,0.00033054752840909105,0.0010191999999999998,0.0013497475284090909,0.0013497475284090909,0.0,1.0,
1762,NFCORE_RANGELAND:RANGELAND:PREPROCESSING:FORCE_PREPROCESS,1763872771000,1763873133000,6,156.0,,38654705664.0,,,0.00045375317361111105,0.0014190399999999999,0.001872793173611111,0.001872793173611111,0.0,1.0,
2553,NFCORE_RANGELAND:RANGELAND:PREPROCESSING:FORCE_PREPROCESS,1763873004000,1763873147000,6,192.0,,38654705664.0,,,0.00021232250000000007,0.00056056,0.0007728825000000001,0.0007728825000000001,0.0,1.0,
1693,NFCORE_RANGELAND:RANGELAND:PREPROCESSING:FORCE_PREPROCESS,1763872943000,1763873163000,6,162.7,,38654705664.0,,,0.00027395459895833326,0.0008623999999999999,0.0011363545989583332,0.0011363545989583332,0.0,1.0,
2458,NFCORE_RANGELAND:RANGELAND:PREPROCESSING:FORCE_PREPROCESS,1763872912000,1763873172000,6,165.1,,38654705664.0,,,0.0003319549692234849,0.0010191999999999998,0.0013511549692234847,0.0013511549692234847,0.0,1.0,
2048,NFCORE_RANGELAND:RANGELAND:PREPROCESSING:FORCE_PREPROCESS,1763873034000,1763873183000,6,193.0,,38654705664.0,,,0.00022556120586069022,0.0005840800000000001,0.0008096412058606903,0.0008096412058606903,0.0,1.0,
2813,NFCORE_RANGELAND:RANGELAND:PREPROCESSING:FORCE_PREPROCESS,1763873015000,1763873211000,6,193.7,,38654705664.0,,,0.0002977875401725589,0.0007683200000000001,0.001066107540172559,0.001066107540172559,0.0,1.0,
2880,NFCORE_RANGELAND:RANGELAND:PREPROCESSING:FORCE_PREPROCESS,1763873079000,1763873229000,6,187.8,,38654705664.0,,,0.00022095695549242424,0.000588,0.0008089569554924242,0.0008089569554924242,0.0,1.0,
1787,NFCORE_RANGELAND:RANGELAND:PREPROCESSING:FORCE_PREPROCESS,1763873075000,1763873230000,6,187.5,,38654705664.0,,,0.00022243408203124996,0.0006076,0.00083003408203125,0.00083003408203125,0.0,1.0,
2408,NFCORE_RANGELAND:RANGELAND:PREPROCESSING:FORCE_PREPROCESS,1763873082000,1763873231000,6,189.5,,38654705664.0,,,0.0002161045169270833,0.0005840800000000001,0.0008001845169270834,0.0008001845169270834,0.0,1.0,
2002,NFCORE_RANGELAND:RANGELAND:PREPROCESSING:FORCE_PREPROCESS,1763873059000,1763873232000,6,184.0,,38654705664.0,,,0.00024363085416666662,0.00067816,0.0009217908541666667,0.0009217908541666667,0.0,1.0,
1797,NFCORE_RANGELAND:RANGELAND:PREPROCESSING:FORCE_PREPROCESS,1763873079000,1763873235000,6,189.9,,38654705664.0,,,0.00023803239687500004,0.00061152,0.000849552396875,0.000849552396875,0.0,1.0,
2528,NFCORE_RANGELAND:RANGELAND:PREPROCESSING:FORCE_PREPROCESS,1763873103000,1763873245000,6,191.7,,38654705664.0,,,0.00020834295468749996,0.00055664,0.0007649829546874999,0.0007649829546874999,0.0,1.0,
1796,NFCORE_RANGELAND:RANGELAND:PREPROCESSING:FORCE_PREPROCESS,1763873099000,1763873255000,6,190.8,,38654705664.0,,,0.00023916051250000002,0.00061152,0.0008506805125,0.0008506805125,0.0,1.0,
1979,NFCORE_RANGELAND:RANGELAND:PREPROCESSING:FORCE_PREPROCESS,1763873119000,1763873268000,6,192.9,,38654705664.0,,,0.0002254443347695707,0.0005840800000000001,0.0008095243347695707,0.0008095243347695707,0.0,1.0,
2527,NFCORE_RANGELAND:RANGELAND:PREPROCESSING:FORCE_PREPROCESS,1763873044000,1763873272000,6,180.4,,38654705664.0,,,0.0003304896680555556,0.0008937600000000002,0.0012242496680555557,0.0012242496680555557,0.0,1.0,
2379,NFCORE_RANGELAND:RANGELAND:PREPROCESSING:FORCE_PREPROCESS,1763873139000,1763873285000,6,190.2,,38654705664.0,,,0.00022312584340277775,0.00057232,0.0007954458434027777,0.0007954458434027777,0.0,1.0,
1742,NFCORE_RANGELAND:RANGELAND:PREPROCESSING:FORCE_PREPROCESS,1763873120000,1763873291000,6,183.2,,38654705664.0,,,0.00024225923011363644,0.0006703200000000001,0.0009125792301136365,0.0009125792301136365,0.0,1.0,
1739,NFCORE_RANGELAND:RANGELAND:PREPROCESSING:FORCE_PREPROCESS,1763873150000,1763873301000,6,191.0,,38654705664.0,,,0.00022303296993371217,0.00059192,0.0008149529699337122,0.0008149529699337122,0.0,1.0,
2274,NFCORE_RANGELAND:RANGELAND:PREPROCESSING:FORCE_PREPROCESS,1763873044000,1763873303000,6,162.3,,38654705664.0,,,0.0003297153104008838,0.0010152800000000001,0.001344995310400884,0.001344995310400884,0.0,1.0,
2359,NFCORE_RANGELAND:RANGELAND:PREPROCESSING:FORCE_PREPROCESS,1763873175000,1763873303000,6,130.2,,38654705664.0,,,0.00012887827272727275,0.00050176,0.0006306382727272727,0.0006306382727272727,0.0,1.0,
2515,NFCORE_RANGELAND:RANGELAND:PREPROCESSING:FORCE_PREPROCESS,1763873165000,1763873307000,6,191.9,,38654705664.0,,,0.00020856031822916662,0.00055664,0.0007652003182291666,0.0007652003182291666,0.0,1.0,
1763,NFCORE_RANGELAND:RANGELAND:PREPROCESSING:FORCE_PREPROCESS,1763873281000,1763873319000,6,169.0,,38654705664.0,,,5.16008443287037e-05,0.00014896,0.0002005608443287037,0.0002005608443287037,0.0,1.0,
1535,NFCORE_RANGELAND:RANGELAND:PREPROCESSING:FORCE_PREPROCESS,1763873186000,1763873324000,6,188.0,,38654705664.0,,,0.0002034968851010101,0.00054096,0.0007444568851010102,0.0007444568851010102,0.0,1.0,
2064,NFCORE_RANGELAND:RANGELAND:PREPROCESSING:FORCE_PREPROCESS,1763873115000,1763873333000,6,170.3,,38654705664.0,,,0.0002870978198390153,0.00085456,0.0011416578198390152,0.0011416578198390152,0.0,1.0,
2226,NFCORE_RANGELAND:RANGELAND:PREPROCESSING:FORCE_PREPROCESS,1763873129000,1763873355000,6,159.5,,38654705664.0,,,0.0002787583463541668,0.0008859200000000001,0.0011646783463541669,0.0011646783463541669,0.0,1.0,
1729,NFCORE_RANGELAND:RANGELAND:PREPROCESSING:FORCE_PREPROCESS,1763873214000,1763873367000,6,189.3,,38654705664.0,,,0.0002271762231534091,0.0005997600000000001,0.0008269362231534092,0.0008269362231534092,0.0,1.0,
1802,NFCORE_RANGELAND:RANGELAND:PREPROCESSING:FORCE_PREPROCESS,1763873234000,1763873385000,6,190.2,,38654705664.0,,,0.00021981423906249995,0.00059192,0.0008117342390625,0.0008117342390625,0.0,1.0,
2529,NFCORE_RANGELAND:RANGELAND:PREPROCESSING:FORCE_PREPROCESS,1763873241000,1763873386000,6,190.5,,38654705664.0,,,0.00021141283203124996,0.0005684,0.0007798128320312501,0.0007798128320312501,0.0,1.0,
1574,NFCORE_RANGELAND:RANGELAND:PREPROCESSING:FORCE_PREPROCESS,1763873241000,1763873388000,6,185.5,,38654705664.0,,,0.00021910271310763887,0.00057624,0.0007953427131076389,0.0007953427131076389,0.0,1.0,
1799,NFCORE_RANGELAND:RANGELAND:PREPROCESSING:FORCE_PREPROCESS,1763873234000,1763873392000,6,190.2,,38654705664.0,,,0.00023000430312499992,0.00061936,0.000849364303125,0.000849364303125,0.0,1.0,
2547,NFCORE_RANGELAND:RANGELAND:PREPROCESSING:FORCE_PREPROCESS,1763873251000,1763873394000,6,191.3,,38654705664.0,,,0.00020937237005208328,0.00056056,0.0007699323700520832,0.0007699323700520832,0.0,1.0,
1800,NFCORE_RANGELAND:RANGELAND:PREPROCESSING:FORCE_PREPROCESS,1763873261000,1763873416000,6,188.7,,38654705664.0,,,0.00023501203602430552,0.0006076,0.0008426120360243056,0.0008426120360243056,0.0,1.0,
1736,NFCORE_RANGELAND:RANGELAND:PREPROCESSING:FORCE_PREPROCESS,1763873231000,1763873410000,6,176.2,,38654705664.0,,,0.00024738864695917506,0.00070168,0.000949068646959175,0.000949068646959175,0.0,1.0,
2931,NFCORE_RANGELAND:RANGELAND:PREPROCESSING:FORCE_PREPROCESS,1763873293000,1763873431000,6,192.0,,38654705664.0,,,0.0002048986363636364,0.00054096,0.0007458586363636364,0.0007458586363636364,0.0,1.0,
1564,NFCORE_RANGELAND:RANGELAND:PREPROCESSING:FORCE_PREPROCESS,1763873303000,1763873443000,6,188.4,,38654705664.0,,,0.00020397065340909095,0.0005488000000000001,0.0007527706534090911,0.0007527706534090911,0.0,1.0,
1582,NFCORE_RANGELAND:RANGELAND:PREPROCESSING:FORCE_PREPROCESS,1763873305000,1763873442000,6,189.9,,38654705664.0,,,0.00020118902450284103,0.0005370400000000001,0.0007382290245028411,0.0007382290245028411,0.0,1.0,
1732,NFCORE_RANGELAND:RANGELAND:PREPROCESSING:FORCE_PREPROCESS,1763873291000,1763873443000,6,189.8,,38654705664.0,,,0.0002318068699074074,0.00059584,0.0008276468699074074,0.0008276468699074074,0.0,1.0,
2823,NFCORE_RANGELAND:RANGELAND:PREPROCESSING:FORCE_PREPROCESS,1763873311000,1763873448000,6,192.0,,38654705664.0,,,0.00020132149999999997,0.0005370400000000001,0.0007383615,0.0007383615,0.0,1.0,
1805,NFCORE_RANGELAND:RANGELAND:PREPROCESSING:FORCE_PREPROCESS,1763873271000,1763873452000,6,191.7,,38654705664.0,,,0.0002721582589488636,0.0007095199999999999,0.0009816782589488636,0.0009816782589488636,0.0,1.0,
1874,NFCORE_RANGELAND:RANGELAND:PREPROCESSING:FORCE_PREPROCESS,1763873306000,1763873457000,6,191.1,,38654705664.0,,,0.00022633851627209593,0.00059192,0.0008182585162720959,0.0008182585162720959,0.0,1.0,
2554,NFCORE_RANGELAND:RANGELAND:PREPROCESSING:FORCE_PREPROCESS,1763873072000,1763873462000,6,145.6,,38654705664.0,,,0.00045626009722222224,0.0015288000000000003,0.0019850600972222228,0.0019850600972222228,0.0,1.0,
1588,NFCORE_RANGELAND:RANGELAND:PREPROCESSING:FORCE_PREPROCESS,1763873327000,1763873465000,6,189.5,,38654705664.0,,,0.00020512053046085858,0.00054096,0.0007460805304608586,0.0007460805304608586,0.0,1.0,
1554,NFCORE_RANGELAND:RANGELAND:PREPROCESSING:FORCE_PREPROCESS,1763873357000,1763873493000,6,190.4,,38654705664.0,,,0.00020024634848484857,0.0005331200000000001,0.0007333663484848487,0.0007333663484848487,0.0,1.0,
1625,NFCORE_RANGELAND:RANGELAND:PREPROCESSING:FORCE_PREPROCESS,1763873476000,1763873510000,6,172.3,,38654705664.0,,,4.594994805345118e-05,0.00013328000000000002,0.00017922994805345122,0.00017922994805345122,0.0,1.0,
1577,NFCORE_RANGELAND:RANGELAND:PREPROCESSING:FORCE_PREPROCESS,1763873369000,1763873514000,6,188.5,,38654705664.0,,,0.00021438785892781987,0.0005684,0.0007827878589278199,0.0007827878589278199,0.0,1.0,
1593,NFCORE_RANGELAND:RANGELAND:PREPROCESSING:FORCE_PREPROCESS,1763873387000,1763873529000,6,189.0,,38654705664.0,,,0.00020540854687499995,0.00055664,0.0007620485468749999,0.0007620485468749999,0.0,1.0,
2563,NFCORE_RANGELAND:RANGELAND:PREPROCESSING:FORCE_PREPROCESS,1763873322000,1763873542000,6,166.1,,38654705664.0,,,0.00029361539293981475,0.0008623999999999999,0.0011560153929398146,0.0011560153929398146,0.0,1.0,
1801,NFCORE_RANGELAND:RANGELAND:PREPROCESSING:FORCE_PREPROCESS,1763873398000,1763873552000,6,188.9,,38654705664.0,,,0.00022264914947916665,0.00060368,0.0008263291494791667,0.0008263291494791667,0.0,1.0,
1571,NFCORE_RANGELAND:RANGELAND:PREPROCESSING:FORCE_PREPROCESS,1763873398000,1763873565000,6,179.6,,38654705664.0,,,0.0002295573302083333,0.0006546400000000001,0.0008841973302083333,0.0008841973302083333,0.0,1.0,
2143,NFCORE_RANGELAND:RANGELAND:PREPROCESSING:FORCE_PREPROCESS,1763873412000,1763873566000,6,191.4,,38654705664.0,,,0.00023119768680555556,0.00060368,0.0008348776868055555,0.0008348776868055555,0.0,1.0,
1707,NFCORE_RANGELAND:RANGELAND:PREPROCESSING:FORCE_PREPROCESS,1763873445000,1763873581000,6,189.0,,38654705664.0,,,0.00019877394886363641,0.0005331200000000001,0.0007318939488636365,0.0007318939488636365,0.0,1.0,
2658,NFCORE_RANGELAND:RANGELAND:PREPROCESSING:FORCE_PREPROCESS,1763873456000,1763873599000,6,191.4,,38654705664.0,,,0.00021468356631944443,0.00056056,0.0007752435663194444,0.0007752435663194444,0.0,1.0,
2393,NFCORE_RANGELAND:RANGELAND:PREPROCESSING:FORCE_PREPROCESS,1763873434000,1763873604000,6,187.0,,38654705664.0,,,0.0002458381510416667,0.0006664,0.0009122381510416667,0.0009122381510416667,0.0,1.0,
2596,NFCORE_RANGELAND:RANGELAND:PREPROCESSING:FORCE_PREPROCESS,1763873456000,1763873605000,6,188.6,,38654705664.0,,,0.0002150781630208333,0.0005840800000000001,0.0007991581630208334,0.0007991581630208334,0.0,1.0,
2193,NFCORE_RANGELAND:RANGELAND:PREPROCESSING:FORCE_PREPROCESS,1763873390000,1763873610000,6,172.4,,38654705664.0,,,0.0002902874791666666,0.0008623999999999999,0.0011526874791666665,0.0011526874791666665,0.0,1.0,
1669,NFCORE_RANGELAND:RANGELAND:PREPROCESSING:FORCE_PREPROCESS,1763873466000,1763873623000,6,188.4,,38654705664.0,,,0.00023200715637626264,0.0006154400000000001,0.0008474471563762627,0.0008474471563762627,0.0,1.0,
1583,NFCORE_RANGELAND:RANGELAND:PREPROCESSING:FORCE_PREPROCESS,1763873335000,1763873614000,6,146.8,,38654705664.0,,,0.0003167298622159092,0.00109368,0.0014104098622159094,0.0014104098622159094,0.0,1.0,
2647,NFCORE_RANGELAND:RANGELAND:PREPROCESSING:FORCE_PREPROCESS,1763873398000,1763873694000,6,144.5,,38654705664.0,,,0.00034367351504629637,0.00116032,0.0015039935150462963,0.0015039935150462963,0.0,1.0,
1674,NFCORE_RANGELAND:RANGELAND:PREPROCESSING:FORCE_PREPROCESS,1763873554000,1763873689000,6,189.6,,38654705664.0,,,0.00019590271874999994,0.0005292,0.0007251027187499999,0.0007251027187499999,0.0,1.0,
1930,NFCORE_RANGELAND:RANGELAND:PREPROCESSING:FORCE_PREPROCESS,1763873512000,1763873699000,6,175.1,,38654705664.0,,,0.00025683167424768514,0.00073304,0.0009898716742476853,0.0009898716742476853,0.0,1.0,
2696,NFCORE_RANGELAND:RANGELAND:PREPROCESSING:FORCE_PREPROCESS,1763873466000,1763873703000,6,173.2,,38654705664.0,,,0.0003298243690972221,0.0009290399999999999,0.0012588643690972221,0.0012588643690972221,0.0,1.0,
1761,NFCORE_RANGELAND:RANGELAND:PREPROCESSING:FORCE_PREPROCESS,1763873517000,1763873708000,6,184.2,,38654705664.0,,,0.00027595853033459593,0.00074872,0.001024678530334596,0.001024678530334596,0.0,1.0,
1622,NFCORE_RANGELAND:RANGELAND:PREPROCESSING:FORCE_PREPROCESS,1763873455000,1763873722000,6,159.2,,38654705664.0,,,0.0003415394159722222,0.00104664,0.0013881794159722222,0.0013881794159722222,0.0,1.0,
2273,NFCORE_RANGELAND:RANGELAND:PREPROCESSING:FORCE_PREPROCESS,1763873544000,1763873725000,6,178.3,,38654705664.0,,,0.0002593083040219907,0.0007095199999999999,0.0009688283040219907,0.0009688283040219907,0.0,1.0,
2232,NFCORE_RANGELAND:RANGELAND:PREPROCESSING:FORCE_PREPROCESS,1763873419000,1763873733000,6,145.3,,38654705664.0,,,0.0003665909750578704,0.0012308800000000002,0.0015974709750578705,0.0015974709750578705,0.0,1.0,
1695,NFCORE_RANGELAND:RANGELAND:PREPROCESSING:FORCE_PREPROCESS,1763873613000,1763873747000,6,189.2,,38654705664.0,,,0.00019404135208333327,0.0005252799999999999,0.0007193213520833332,0.0007193213520833332,0.0,1.0,
1709,NFCORE_RANGELAND:RANGELAND:PREPROCESSING:FORCE_PREPROCESS,1763873613000,1763873748000,6,190.6,,38654705664.0,,,0.00019693596093749995,0.0005292,0.0007261359609374999,0.0007261359609374999,0.0,1.0,
2225,NFCORE_RANGELAND:RANGELAND:PREPROCESSING:FORCE_PREPROCESS,1763873602000,1763873754000,6,189.6,,38654705664.0,,,0.0002260490838383838,0.00059584,0.0008218890838383838,0.0008218890838383838,0.0,1.0,
1724,NFCORE_RANGELAND:RANGELAND:PREPROCESSING:FORCE_PREPROCESS,1763873533000,1763873817000,6,153.7,,38654705664.0,,,0.0003340877635416666,0.00111328,0.0014473677635416665,0.0014473677635416665,0.0,1.0,
2269,NFCORE_RANGELAND:RANGELAND:PREPROCESSING:FORCE_PREPROCESS,1763873456000,1763873830000,6,154.9,,38654705664.0,,,0.0004480038776041669,0.00146608,0.0019140838776041669,0.0019140838776041669,0.0,1.0,
2418,NFCORE_RANGELAND:RANGELAND:PREPROCESSING:FORCE_PREPROCESS,1763873633000,1763873835000,6,188.7,,38654705664.0,,,0.00029898135091540397,0.00079184,0.001090821350915404,0.001090821350915404,0.0,1.0,
1694,NFCORE_RANGELAND:RANGELAND:PREPROCESSING:FORCE_PREPROCESS,1763873613000,1763873839000,6,155.8,,38654705664.0,,,0.00027229185179924255,0.0008859200000000001,0.0011582118517992426,0.0011582118517992426,0.0,1.0,
1688,NFCORE_RANGELAND:RANGELAND:PREPROCESSING:FORCE_PREPROCESS,1763873703000,1763873840000,6,189.7,,38654705664.0,,,0.00020384906711384677,0.0005370400000000001,0.0007408890671138469,0.0007408890671138469,0.0,1.0,
1558,NFCORE_RANGELAND:RANGELAND:PREPROCESSING:FORCE_PREPROCESS,1763873585000,1763873846000,6,154.8,,38654705664.0,,,0.00031244258096590924,0.00102312,0.0013355625809659093,0.0013355625809659093,0.0,1.0,
2728,NFCORE_RANGELAND:RANGELAND:PREPROCESSING:FORCE_PREPROCESS,1763873713000,1763873850000,6,191.6,,38654705664.0,,,0.00020589078154461277,0.0005370400000000001,0.0007429307815446129,0.0007429307815446129,0.0,1.0,
1699,NFCORE_RANGELAND:RANGELAND:PREPROCESSING:FORCE_PREPROCESS,1763873820000,1763873854000,6,171.4,,38654705664.0,,,4.460238645833332e-05,0.00013328000000000002,0.00017788238645833335,0.00017788238645833335,0.0,1.0,
1686,NFCORE_RANGELAND:RANGELAND:PREPROCESSING:FORCE_PREPROCESS,1763873575000,1763873861000,6,191.3,,38654705664.0,,,0.0004291428028935185,0.00112112,0.0015502628028935185,0.0015502628028935185,0.0,1.0,
1689,NFCORE_RANGELAND:RANGELAND:PREPROCESSING:FORCE_PREPROCESS,1763873713000,1763873875000,6,182.5,,38654705664.0,,,0.00023755511718749996,0.0006350399999999999,0.0008725951171874998,0.0008725951171874998,0.0,1.0,
1945,NFCORE_RANGELAND:RANGELAND:PREPROCESSING:FORCE_PREPROCESS,1763873724000,1763873878000,6,186.7,,38654705664.0,,,0.00023102104577546297,0.00060368,0.0008347010457754629,0.0008347010457754629,0.0,1.0,
2004,NFCORE_RANGELAND:RANGELAND:PREPROCESSING:FORCE_PREPROCESS,1763873623000,1763873870000,6,160.6,,38654705664.0,,,0.00030676177864583337,0.00096824,0.0012750017786458334,0.0012750017786458334,0.0,1.0,
2738,NFCORE_RANGELAND:RANGELAND:PREPROCESSING:FORCE_PREPROCESS,1763873750000,1763873899000,6,187.9,,38654705664.0,,,0.00021427988776041664,0.0005840800000000001,0.0007983598877604167,0.0007983598877604167,0.0,1.0,
1808,NFCORE_RANGELAND:RANGELAND:PREPROCESSING:FORCE_PREPROCESS,1763873756000,1763873907000,6,188.6,,38654705664.0,,,0.0002179651182291666,0.00059192,0.0008098851182291666,0.0008098851182291666,0.0,1.0,
2251,NFCORE_RANGELAND:RANGELAND:PREPROCESSING:FORCE_PREPROCESS,1763873735000,1763873906000,6,184.3,,38654705664.0,,,0.0002532258002604167,0.0006703200000000001,0.0009235458002604168,0.0009235458002604168,0.0,1.0,
1527,NFCORE_RANGELAND:RANGELAND:PREPROCESSING:FORCE_PREPROCESS,1763873496000,1763873910000,6,137.0,,38654705664.0,,,0.00043861114346590923,0.0016228800000000002,0.0020614911434659092,0.0020614911434659092,0.0,1.0,
2262,NFCORE_RANGELAND:RANGELAND:PREPROCESSING:FORCE_PREPROCESS,1763873761000,1763873913000,6,189.0,,38654705664.0,,,0.00022533373863636364,0.00059584,0.0008211737386363637,0.0008211737386363637,0.0,1.0,
2419,NFCORE_RANGELAND:RANGELAND:PREPROCESSING:FORCE_PREPROCESS,1763873692000,1763873938000,6,169.5,,38654705664.0,,,0.0003191340703124999,0.00096432,0.0012834540703124998,0.0012834540703124998,0.0,1.0,
1675,NFCORE_RANGELAND:RANGELAND:PREPROCESSING:FORCE_PREPROCESS,1763873567000,1763873947000,6,140.2,,38654705664.0,,,0.00040775563541666654,0.0014896,0.0018973556354166666,0.0018973556354166666,0.0,1.0,
1710,NFCORE_RANGELAND:RANGELAND:PREPROCESSING:FORCE_PREPROCESS,1763873735000,1763873947000,6,157.9,,38654705664.0,,,0.00026897040543981475,0.00083104,0.0011000104054398148,0.0011000104054398148,0.0,1.0,
1700,NFCORE_RANGELAND:RANGELAND:PREPROCESSING:FORCE_PREPROCESS,1763873833000,1763873972000,6,188.7,,38654705664.0,,,0.00020283619424715912,0.0005448800000000001,0.0007477161942471592,0.0007477161942471592,0.0,1.0,
1703,NFCORE_RANGELAND:RANGELAND:PREPROCESSING:FORCE_PREPROCESS,1763873844000,1763873984000,6,189.8,,38654705664.0,,,0.00020548635890151523,0.0005488000000000001,0.0007542863589015153,0.0007542863589015153,0.0,1.0,
1701,NFCORE_RANGELAND:RANGELAND:PREPROCESSING:FORCE_PREPROCESS,1763873844000,1763873995000,6,182.1,,38654705664.0,,,0.00021567893151830804,0.00059192,0.0008075989315183081,0.0008075989315183081,0.0,1.0,
1809,NFCORE_RANGELAND:RANGELAND:PREPROCESSING:FORCE_PREPROCESS,1763873841000,1763874000000,6,183.9,,38654705664.0,,,0.00022935049607007571,0.00062328,0.0008633554079703282,0.0008633554079703282,0.0,1.0,
2285,NFCORE_RANGELAND:RANGELAND:PREPROCESSING:FORCE_PREPROCESS,1763873865000,1763874000000,6,189.1,,38654705664.0,,,0.00020023782883522723,0.0005292,0.0007996799901304713,0.0007996799901304713,0.0,1.0,
2271,NFCORE_RANGELAND:RANGELAND:PREPROCESSING:FORCE_PREPROCESS,1763873864000,1763874000000,6,186.6,,38654705664.0,,,0.00019423116249999998,0.0005331200000000001,0.0008129218875000001,0.0008129218875000001,0.0,1.0,
2863,NFCORE_RANGELAND:RANGELAND:PREPROCESSING:FORCE_PREPROCESS,1763873877000,1763874000000,6,190.7,,38654705664.0,,,0.00018847003498263887,0.00048216,0.0007687710157118055,0.0007687710157118055,0.0,1.0,
2549,NFCORE_RANGELAND:RANGELAND:PREPROCESSING:FORCE_PREPROCESS,1763873885000,1763874000000,6,189.9,,38654705664.0,,,0.00017547260026041668,0.0004508,0.0007842022125,0.0007842022125,0.0,1.0,
2070,NFCORE_RANGELAND:RANGELAND:PREPROCESSING:FORCE_PREPROCESS,1763873851000,1763874000000,6,176.8,,38654705664.0,,,0.00020371700473484854,0.0005840800000000001,0.0009834244488636365,0.0009834244488636365,0.0,1.0,
2909,NFCORE_RANGELAND:RANGELAND:PREPROCESSING:FORCE_PREPROCESS,1763873901000,1763874000000,6,190.9,,38654705664.0,,,0.00014464701796875,0.00038808,0.0007479702575520833,0.0007479702575520833,0.0,1.0,
2548,NFCORE_RANGELAND:RANGELAND:PREPROCESSING:FORCE_PREPROCESS,1763873922000,1763874000000,6,191.0,,38654705664.0,,,0.00011520908380681822,0.00030576,0.0007987618513257578,0.0007987618513257578,0.0,1.0,
2853,NFCORE_RANGELAND:RANGELAND:PREPROCESSING:FORCE_PREPROCESS,1763873912000,1763874000000,6,192.6,,38654705664.0,,,0.00012972011249999998,0.00034496000000000006,0.0007443847218749999,0.0007443847218749999,0.0,1.0,
2062,NFCORE_RANGELAND:RANGELAND:PREPROCESSING:FORCE_PREPROCESS,1763873922000,1763874000000,6,190.2,,38654705664.0,,,0.00011636595700757574,0.00030576,0.0008496637852588383,0.0008496637852588383,0.0,1.0,
1704,NFCORE_RANGELAND:RANGELAND:PREPROCESSING:FORCE_PREPROCESS,1763873702000,1763874000000,6,139.7,,38654705664.0,,,0.0003345023528356481,0.0011681600000000001,0.0019514440622395834,0.0019514440622395834,0.0,1.0,
1687,NFCORE_RANGELAND:RANGELAND:PREPROCESSING:FORCE_PREPROCESS,1763873952000,1763874000000,6,190.5,,38654705664.0,,,6.998493749999998e-05,0.00018816000000000001,0.0007152765976562499,0.0007152765976562499,0.0,1.0,
2521,NFCORE_RANGELAND:RANGELAND:PREPROCESSING:FORCE_PREPROCESS,1763873941000,1763874000000,6,190.9,,38654705664.0,,,8.620377838541667e-05,0.00023128000000000002,0.0008233053914062501,0.0008233053914062501,0.0,1.0,
2841,NFCORE_RANGELAND:RANGELAND:PREPROCESSING:FORCE_PREPROCESS,1763873975000,1763874000000,6,191.7,,38654705664.0,,,3.70613192471591e-05,9.8e-05,0.0007455384822443184,0.0007455384822443184,0.0,1.0,
2572,NFCORE_RANGELAND:RANGELAND:PREPROCESSING:FORCE_PREPROCESS,1763873987000,1763874000000,6,191.0,,38654705664.0,,,1.9201513967803035e-05,5.096e-05,0.0007663796141098485,0.0007663796141098485,0.0,1.0,
2421,NFCORE_RANGELAND:RANGELAND:PREPROCESSING:FORCE_PREPROCESS,1763873854000,1763874000000,6,167.0,,38654705664.0,,,0.00019124502977693598,0.00057232,0.0014591413925189394,0.0014591413925189394,0.0,1.0,
2581,NFCORE_RANGELAND:RANGELAND:PREPROCESSING:FORCE_PREPROCESS,1763873997000,1763874000000,6,191.8,,38654705664.0,,,4.513263478535354e-06,1.1760000000000001e-05,0.0007756922258101852,0.0007756922258101852,0.0,1.0,
2767,NFCORE_RANGELAND:RANGELAND:PREPROCESSING:FORCE_PREPROCESS,1763873874000,1763874000000,6,152.7,,38654705664.0,,,0.0001487881470170455,0.00049392,0.0016322746590909092,0.0016322746590909092,0.0,1.0,
2812,NFCORE_RANGELAND:RANGELAND:PREPROCESSING:FORCE_PREPROCESS,1763873952000,1763874000000,6,172.2,,38654705664.0,,,6.641419166666666e-05,0.00018816000000000001,0.0014054616831597221,0.0014054616831597221,0.0,1.0,
2820,NFCORE_RANGELAND:RANGELAND:PREPROCESSING:FORCE_PREPROCESS,1763873912000,1763874000000,6,146.5,,38654705664.0,,,0.00010358736921296295,0.00034496000000000006,0.0016922468929398149,0.0016922468929398149,0.0,1.0,
1666,NFCORE_RANGELAND:RANGELAND:PREPROCESSING:FORCE_PREPROCESS,1763874005000,1763874150000,6,188.0,,38654705664.0,,,0.00021381919086700335,0.0005684,0.0007822191908670034,0.0007822191908670034,0.0,1.0,
2055,NFCORE_RANGELAND:RANGELAND:PREPROCESSING:FORCE_PREPROCESS,1763874017000,1763874165000,6,194.0,,38654705664.0,,,0.00022520823947811447,0.00058016,0.0008053682394781145,0.0008053682394781145,0.0,1.0,
1842,NFCORE_RANGELAND:RANGELAND:PREPROCESSING:FORCE_PREPROCESS,1763874040000,1763874194000,6,188.3,,38654705664.0,,,0.00022424862760416677,0.00060368,0.0008279286276041668,0.0008279286276041668,0.0,1.0,
2412,NFCORE_RANGELAND:RANGELAND:PREPROCESSING:FORCE_PREPROCESS,1763874161000,1763874198000,6,166.9,,38654705664.0,,,4.8437184496001685e-05,0.00014504,0.0001934771844960017,0.0001934771844960017,0.0,1.0,
1575,NFCORE_RANGELAND:RANGELAND:PREPROCESSING:FORCE_PREPROCESS,1763874019000,1763874199000,6,168.0,,38654705664.0,,,0.00023144624999999996,0.0007056,0.00093704625,0.00093704625,0.0,1.0,
2583,NFCORE_RANGELAND:RANGELAND:PREPROCESSING:FORCE_PREPROCESS,1763874048000,1763874205000,6,186.2,,38654705664.0,,,0.00022374209010416667,0.0006154400000000001,0.0008391820901041667,0.0008391820901041667,0.0,1.0,
1702,NFCORE_RANGELAND:RANGELAND:PREPROCESSING:FORCE_PREPROCESS,1763874171000,1763874205000,6,172.5,,38654705664.0,,,4.600328519570707e-05,0.00013328000000000002,0.00017928328519570708,0.00017928328519570708,0.0,1.0,
1549,NFCORE_RANGELAND:RANGELAND:PREPROCESSING:FORCE_PREPROCESS,1763874038000,1763874207000,6,171.3,,38654705664.0,,,0.00023261117456597222,0.00066248,0.0008950911745659722,0.0008950911745659722,0.0,1.0,
2920,NFCORE_RANGELAND:RANGELAND:PREPROCESSING:FORCE_PREPROCESS,1763874073000,1763874211000,6,191.5,,38654705664.0,,,0.00020436504616477274,0.00054096,0.0007453250461647728,0.0007453250461647728,0.0,1.0,
2657,NFCORE_RANGELAND:RANGELAND:PREPROCESSING:FORCE_PREPROCESS,1763874083000,1763874227000,6,190.3,,38654705664.0,,,0.00021494240833333335,0.00056448,0.0007794224083333334,0.0007794224083333334,0.0,1.0,
2939,NFCORE_RANGELAND:RANGELAND:PREPROCESSING:FORCE_PREPROCESS,1763874093000,1763874229000,6,191.6,,38654705664.0,,,0.00020937311759259257,0.0005331200000000001,0.0007424931175925927,0.0007424931175925927,0.0,1.0,
2945,NFCORE_RANGELAND:RANGELAND:PREPROCESSING:FORCE_PREPROCESS,1763874093000,1763874235000,6,188.8,,38654705664.0,,,0.0002051911833333333,0.00055664,0.0007618311833333332,0.0007618311833333332,0.0,1.0,
2910,NFCORE_RANGELAND:RANGELAND:PREPROCESSING:FORCE_PREPROCESS,1763874058000,1763874256000,6,176.4,,38654705664.0,,,0.00026732041874999993,0.00077616,0.00104348041875,0.00104348041875,0.0,1.0,
1580,NFCORE_RANGELAND:RANGELAND:PREPROCESSING:FORCE_PREPROCESS,1763874131000,1763874272000,6,187.5,,38654705664.0,,,0.00020444624467329554,0.00055272,0.0007571662446732956,0.0007571662446732956,0.0,1.0,
2034,NFCORE_RANGELAND:RANGELAND:PREPROCESSING:FORCE_PREPROCESS,1763874103000,1763874249000,6,193.7,,38654705664.0,,,0.00021644663489583325,0.00057232,0.0007887666348958332,0.0007887666348958332,0.0,1.0,
2076,NFCORE_RANGELAND:RANGELAND:PREPROCESSING:FORCE_PREPROCESS,1763874141000,1763874288000,6,192.6,,38654705664.0,,,0.00022207232926136361,0.00057624,0.0007983123292613636,0.0007983123292613636,0.0,1.0,
2231,NFCORE_RANGELAND:RANGELAND:PREPROCESSING:FORCE_PREPROCESS,1763874151000,1763874295000,6,190.0,,38654705664.0,,,0.0002146035606060606,0.00056448,0.0007790835606060606,0.0007790835606060606,0.0,1.0,
1807,NFCORE_RANGELAND:RANGELAND:PREPROCESSING:FORCE_PREPROCESS,1763874206000,1763874349000,6,189.5,,38654705664.0,,,0.00020740232161458328,0.00056056,0.0007679623216145832,0.0007679623216145832,0.0,1.0,
1611,NFCORE_RANGELAND:RANGELAND:PREPROCESSING:FORCE_PREPROCESS,1763874206000,1763874356000,6,189.5,,38654705664.0,,,0.00021981596235795458,0.000588,0.0008078159623579545,0.0008078159623579545,0.0,1.0,
2946,NFCORE_RANGELAND:RANGELAND:PREPROCESSING:FORCE_PREPROCESS,1763874206000,1763874380000,6,180.5,,38654705664.0,,,0.00024634700394570705,0.0006820800000000001,0.0009284270039457072,0.0009284270039457072,0.0,1.0,
2890,NFCORE_RANGELAND:RANGELAND:PREPROCESSING:FORCE_PREPROCESS,1763874116000,1763874422000,6,148.1,,38654705664.0,,,0.00035045740269886377,0.0011995200000000001,0.001549977402698864,0.001549977402698864,0.0,1.0,
1938,NFCORE_RANGELAND:RANGELAND:PREPROCESSING:FORCE_PREPROCESS,1763874028000,1763874472000,6,131.2,,38654705664.0,,,0.00046806192222222223,0.00174048,0.0022085419222222223,0.0022085419222222223,0.0,1.0,
1684,NFCORE_RANGELAND:RANGELAND:PREPROCESSING:FORCE_PREPROCESS,1763874196000,1763874627000,6,129.8,,38654705664.0,,,0.0004326241067708335,0.00168952,0.0021221441067708333,0.0021221441067708333,0.0,1.0,
2965,NFCORE_RANGELAND:RANGELAND:PREPROCESSING:MERGE_QAI,1763874637000,1763875132000,2,100.4,,12884901888.0,,,0.00038432414062500016,0.0006468000000000002,0.0010311241406250004,0.0010311241406250004,0.0,1.0,
2991,NFCORE_RANGELAND:RANGELAND:PREPROCESSING:MERGE_QAI,1763874635000,1763875132000,2,100.4,,12884901888.0,,,0.0004009374355324074,0.0006494133333333334,0.0010503507688657408,0.0010503507688657408,0.0,1.0,
2968,NFCORE_RANGELAND:RANGELAND:PREPROCESSING:MERGE_QAI,1763874635000,1763875129000,2,100.3,,12884901888.0,,,0.00039812036047453696,0.0006454933333333334,0.0010436136938078704,0.0010436136938078704,0.0,1.0,
2958,NFCORE_RANGELAND:RANGELAND:PREPROCESSING:MERGE_QAI,1763874642000,1763875133000,2,100.4,,12884901888.0,,,0.00038666604404461277,0.0006415733333333335,0.0010282393773779462,0.0010282393773779462,0.0,1.0,
2994,NFCORE_RANGELAND:RANGELAND:PREPROCESSING:MERGE_QAI,1763874635000,1763875130000,2,100.4,,12884901888.0,,,0.0003993240052083334,0.0006468000000000002,0.0010461240052083336,0.0010461240052083336,0.0,1.0,
2998,NFCORE_RANGELAND:RANGELAND:PREPROCESSING:MERGE_QAI,1763874636000,1763875130000,2,100.4,,12884901888.0,,,0.0003985172900462963,0.0006454933333333334,0.0010440106233796298,0.0010440106233796298,0.0,1.0,
3010,NFCORE_RANGELAND:RANGELAND:PREPROCESSING:MERGE_QAI,1763874635000,1763875133000,2,100.3,,12884901888.0,,,0.00040134400711805553,0.0006507200000000001,0.0010520640071180556,0.0010520640071180556,0.0,1.0,
2975,NFCORE_RANGELAND:RANGELAND:PREPROCESSING:MERGE_QAI,1763874641000,1763875137000,2,100.4,,12884901888.0,,,0.00039060358013468004,0.0006481066666666667,0.0010387102468013467,0.0010387102468013467,0.0,1.0,
2972,NFCORE_RANGELAND:RANGELAND:PREPROCESSING:MERGE_QAI,1763874642000,1763875139000,2,100.4,,12884901888.0,,,0.00039139108735269354,0.0006494133333333334,0.001040804420686027,0.001040804420686027,0.0,1.0,
2984,NFCORE_RANGELAND:RANGELAND:PREPROCESSING:MERGE_QAI,1763874637000,1763875143000,2,100.4,,12884901888.0,,,0.0003888235770833332,0.0006611733333333334,0.0010499969104166666,0.0010499969104166666,0.0,1.0,
2981,NFCORE_RANGELAND:RANGELAND:PREPROCESSING:MERGE_QAI,1763874637000,1763875141000,2,100.4,,12884901888.0,,,0.00038728672499999995,0.0006585600000000002,0.0010458467250000002,0.0010458467250000002,0.0,1.0,
2954,NFCORE_RANGELAND:RANGELAND:PREPROCESSING:MERGE_QAI,1763874636000,1763875142000,2,100.4,,12884901888.0,,,0.00039286467708333345,0.0006611733333333334,0.0010540380104166669,0.0010540380104166669,0.0,1.0,
2960,NFCORE_RANGELAND:RANGELAND:PREPROCESSING:MERGE_QAI,1763874643000,1763875136000,2,100.4,,12884901888.0,,,0.0003882410584806397,0.0006441866666666668,0.0010324277251473066,0.0010324277251473066,0.0,1.0,
2964,NFCORE_RANGELAND:RANGELAND:PREPROCESSING:MERGE_QAI,1763874637000,1763875143000,2,100.4,,12884901888.0,,,0.00039286467708333345,0.0006611733333333334,0.0010540380104166669,0.0010540380104166669,0.0,1.0,
2990,NFCORE_RANGELAND:RANGELAND:PREPROCESSING:MERGE_QAI,1763874636000,1763875142000,2,100.3,,12884901888.0,,,0.00039247337760416675,0.0006611733333333334,0.0010536467109375002,0.0010536467109375002,0.0,1.0,
2976,NFCORE_RANGELAND:RANGELAND:PREPROCESSING:MERGE_QAI,1763874638000,1763875141000,2,100.1,,12884901888.0,,,0.00038536336380208324,0.0006572533333333334,0.0010426166971354166,0.0010426166971354166,0.0,1.0,
2987,NFCORE_RANGELAND:RANGELAND:PREPROCESSING:MERGE_QAI,1763874641000,1763875144000,2,100.4,,12884901888.0,,,0.00039611613066077437,0.0006572533333333334,0.0010533694639941076,0.0010533694639941076,0.0,1.0,
2956,NFCORE_RANGELAND:RANGELAND:PREPROCESSING:MERGE_QAI,1763874636000,1763875143000,2,100.4,,12884901888.0,,,0.0003936410894886365,0.0006624800000000001,0.0010561210894886367,0.0010561210894886367,0.0,1.0,
2974,NFCORE_RANGELAND:RANGELAND:PREPROCESSING:MERGE_QAI,1763874642000,1763875143000,2,100.4,,12884901888.0,,,0.0003945411162247474,0.0006546400000000002,0.0010491811162247476,0.0010491811162247476,0.0,1.0,
2973,NFCORE_RANGELAND:RANGELAND:PREPROCESSING:MERGE_QAI,1763874636000,1763875141000,2,100.4,,12884901888.0,,,0.00039208826467803043,0.0006598666666666667,0.001051954931344697,0.001051954931344697,0.0,1.0,
2952,NFCORE_RANGELAND:RANGELAND:PREPROCESSING:MERGE_QAI,1763874636000,1763875141000,2,100.4,,12884901888.0,,,0.0004073911568287038,0.0006598666666666667,0.0010672578234953705,0.0010672578234953705,0.0,1.0,
2978,NFCORE_RANGELAND:RANGELAND:PREPROCESSING:MERGE_QAI,1763874642000,1763875146000,2,100.4,,12884901888.0,,,0.00039690363787878787,0.0006585600000000002,0.001055463637878788,0.001055463637878788,0.0,1.0,
2970,NFCORE_RANGELAND:RANGELAND:PREPROCESSING:MERGE_QAI,1763874642000,1763875146000,2,100.4,,12884901888.0,,,0.00039690363787878787,0.0006585600000000002,0.001055463637878788,0.001055463637878788,0.0,1.0,
2966,NFCORE_RANGELAND:RANGELAND:PREPROCESSING:MERGE_QAI,1763874637000,1763875148000,2,100.4,,12884901888.0,,,0.00039266570729166664,0.0006677066666666668,0.0010603723739583334,0.0010603723739583334,0.0,1.0,
2985,NFCORE_RANGELAND:RANGELAND:PREPROCESSING:MERGE_QAI,1763874638000,1763875148000,2,100.5,,12884901888.0,,,0.00039228761718749995,0.0006664000000000002,0.0010586876171875,0.0010586876171875,0.0,1.0,
2988,NFCORE_RANGELAND:RANGELAND:PREPROCESSING:MERGE_QAI,1763874642000,1763875146000,2,100.4,,12884901888.0,,,0.00039690363787878787,0.0006585600000000002,0.001055463637878788,0.001055463637878788,0.0,1.0,
2996,NFCORE_RANGELAND:RANGELAND:PREPROCESSING:MERGE_QAI,1763874642000,1763875145000,2,100.4,,12884901888.0,,,0.00039611613066077437,0.0006572533333333334,0.0010533694639941076,0.0010533694639941076,0.0,1.0,
2986,NFCORE_RANGELAND:RANGELAND:PREPROCESSING:MERGE_QAI,1763874636000,1763875145000,2,100.3,,12884901888.0,,,0.00041020903538773146,0.0006650933333333334,0.001075302368721065,0.001075302368721065,0.0,1.0,
2971,NFCORE_RANGELAND:RANGELAND:PREPROCESSING:MERGE_QAI,1763874637000,1763875146000,2,100.5,,12884901888.0,,,0.00039151842578125,0.0006650933333333334,0.0010566117591145835,0.0010566117591145835,0.0,1.0,
2977,NFCORE_RANGELAND:RANGELAND:PREPROCESSING:MERGE_QAI,1763874638000,1763875151000,2,100.4,,12884901888.0,,,0.0003942025593749999,0.0006703200000000001,0.001064522559375,0.001064522559375,0.0,1.0,
3019,NFCORE_RANGELAND:RANGELAND:PREPROCESSING:MERGE_QAI,1763875137000,1763875151000,2,100.6,,12884901888.0,,,1.0891426609848487e-05,1.8293333333333337e-05,2.9184759943181826e-05,2.9184759943181826e-05,0.0,1.0,
3020,NFCORE_RANGELAND:RANGELAND:PREPROCESSING:MERGE_QAI,1763875146000,1763875155000,2,100.5,,12884901888.0,,,6.9946715198863665e-06,1.1760000000000001e-05,1.8754671519886366e-05,1.8754671519886366e-05,0.0,1.0,
3021,NFCORE_RANGELAND:RANGELAND:PREPROCESSING:MERGE_QAI,1763875146000,1763875155000,2,100.6,,12884901888.0,,,7.001631392045456e-06,1.1760000000000001e-05,1.8761631392045457e-05,1.8761631392045457e-05,0.0,1.0,
3028,NFCORE_RANGELAND:RANGELAND:PREPROCESSING:MERGE_BOA,1763875146000,1763875158000,2,102.8,,12884901888.0,,,9.539664772727276e-06,1.5680000000000002e-05,2.521966477272728e-05,2.521966477272728e-05,0.0,1.0,
3024,NFCORE_RANGELAND:RANGELAND:PREPROCESSING:MERGE_BOA,1763875146000,1763875166000,2,101.4,,12884901888.0,,,1.552159375e-05,2.613333333333334e-05,4.165492708333334e-05,4.165492708333334e-05,0.0,1.0,
3029,NFCORE_RANGELAND:RANGELAND:PREPROCESSING:MERGE_BOA,1763875157000,1763875169000,2,102.8,,12884901888.0,,,9.6759851010101e-06,1.5680000000000002e-05,2.53559851010101e-05,2.53559851010101e-05,0.0,1.0,
3047,NFCORE_RANGELAND:RANGELAND:PREPROCESSING:MERGE_QAI,1763875178000,1763875207000,2,100.5,,12884901888.0,,,2.286045604482323e-05,3.789333333333333e-05,6.075378937815656e-05,6.075378937815656e-05,0.0,1.0,
3045,NFCORE_RANGELAND:RANGELAND:PREPROCESSING:MERGE_QAI,1763875168000,1763875212000,2,100.5,,12884901888.0,,,3.4196171875000014e-05,5.749333333333334e-05,9.168950520833336e-05,9.168950520833336e-05,0.0,1.0,
3046,NFCORE_RANGELAND:RANGELAND:PREPROCESSING:MERGE_QAI,1763875178000,1763875213000,2,100.4,,12884901888.0,,,2.6894911458333328e-05,4.5733333333333345e-05,7.262824479166667e-05,7.262824479166667e-05,0.0,1.0,
3044,NFCORE_RANGELAND:RANGELAND:PREPROCESSING:MERGE_QAI,1763875168000,1763875216000,2,100.5,,12884901888.0,,,3.730491477272729e-05,6.272000000000001e-05,0.0001000249147727273,0.0001000249147727273,0.0,1.0,
3051,NFCORE_RANGELAND:RANGELAND:PREPROCESSING:MERGE_QAI,1763875220000,1763875239000,2,100.6,,12884901888.0,,,1.4629178645833329e-05,2.482666666666667e-05,3.94558453125e-05,3.94558453125e-05,0.0,1.0,
3049,NFCORE_RANGELAND:RANGELAND:PREPROCESSING:MERGE_QAI,1763875220000,1763875244000,2,100.4,,12884901888.0,,,1.8633897727272734e-05,3.1360000000000005e-05,4.9993897727272735e-05,4.9993897727272735e-05,0.0,1.0,
3053,NFCORE_RANGELAND:RANGELAND:PREPROCESSING:MERGE_QAI,1763875252000,1763875271000,2,100.5,,12884901888.0,,,1.4766528764204551e-05,2.482666666666667e-05,3.959319543087122e-05,3.959319543087122e-05,0.0,1.0,
2959,NFCORE_RANGELAND:RANGELAND:PREPROCESSING:MERGE_BOA,1763874636000,1763875425000,2,103.0,,12884901888.0,,,0.0006529812855902778,0.00103096,0.001683941285590278,0.001683941285590278,0.0,1.0,
2962,NFCORE_RANGELAND:RANGELAND:PREPROCESSING:MERGE_BOA,1763874637000,1763875429000,2,103.1,,12884901888.0,,,0.0006314552812500001,0.0010348800000000002,0.0016663352812500004,0.0016663352812500004,0.0,1.0,
2957,NFCORE_RANGELAND:RANGELAND:PREPROCESSING:MERGE_BOA,1763874636000,1763875432000,2,103.0,,12884901888.0,,,0.0006587745289351851,0.0010401066666666668,0.001698881195601852,0.001698881195601852,0.0,1.0,
3006,NFCORE_RANGELAND:RANGELAND:PREPROCESSING:MERGE_BOA,1763874637000,1763875434000,2,103.0,,12884901888.0,,,0.0006348254060132577,0.0010414133333333335,0.0016762387393465914,0.0016762387393465914,0.0,1.0,
3012,NFCORE_RANGELAND:RANGELAND:PREPROCESSING:MERGE_BOA,1763874642000,1763875432000,2,103.1,,12884901888.0,,,0.0006388613087647305,0.001032266666666667,0.0016711279754313974,0.0016711279754313974,0.0,1.0,
2967,NFCORE_RANGELAND:RANGELAND:PREPROCESSING:MERGE_BOA,1763874636000,1763875430000,2,103.0,,12884901888.0,,,0.0006571193165509259,0.0010374933333333336,0.0016946126498842595,0.0016946126498842595,0.0,1.0,
2963,NFCORE_RANGELAND:RANGELAND:PREPROCESSING:MERGE_BOA,1763874636000,1763875438000,2,103.1,,12884901888.0,,,0.0006394282014678031,0.0010479466666666669,0.0016873748681344699,0.0016873748681344699,0.0,1.0,
3004,NFCORE_RANGELAND:RANGELAND:PREPROCESSING:MERGE_BOA,1763874636000,1763875439000,2,103.1,,12884901888.0,,,0.0006402254934895835,0.0010492533333333336,0.001689478826822917,0.001689478826822917,0.0,1.0,
2953,NFCORE_RANGELAND:RANGELAND:PREPROCESSING:MERGE_BOA,1763874635000,1763875438000,2,102.7,,12884901888.0,,,0.0006626321379918982,0.0010492533333333336,0.0017118854713252317,0.0017118854713252317,0.0,1.0,
2982,NFCORE_RANGELAND:RANGELAND:PREPROCESSING:MERGE_BOA,1763874641000,1763875439000,2,103.1,,12884901888.0,,,0.0006453307903724747,0.00104272,0.0016880507903724747,0.0016880507903724747,0.0,1.0,
3036,NFCORE_RANGELAND:RANGELAND:PREPROCESSING:MERGE_QAI,1763875157000,1763875436000,2,100.4,,12884901888.0,,,0.00021439086562499997,0.00036456000000000005,0.000578950865625,0.000578950865625,0.0,1.0,
2979,NFCORE_RANGELAND:RANGELAND:PREPROCESSING:MERGE_BOA,1763874636000,1763875435000,2,103.0,,12884901888.0,,,0.000661257347511574,0.001044026666666667,0.001705284014178241,0.001705284014178241,0.0,1.0,
2980,NFCORE_RANGELAND:RANGELAND:PREPROCESSING:MERGE_BOA,1763874637000,1763875437000,2,103.1,,12884901888.0,,,0.0006378336174242425,0.0010453333333333334,0.0016831669507575758,0.0016831669507575758,0.0,1.0,
2992,NFCORE_RANGELAND:RANGELAND:PREPROCESSING:MERGE_BOA,1763874637000,1763875435000,2,103.0,,12884901888.0,,,0.0006356219247159093,0.00104272,0.0016783419247159092,0.0016783419247159092,0.0,1.0,
2997,NFCORE_RANGELAND:RANGELAND:PREPROCESSING:MERGE_BOA,1763874635000,1763875435000,2,103.1,,12884901888.0,,,0.0006627277546296295,0.0010453333333333334,0.001708061087962963,0.001708061087962963,0.0,1.0,
2955,NFCORE_RANGELAND:RANGELAND:PREPROCESSING:MERGE_BOA,1763874637000,1763875442000,2,102.9,,12884901888.0,,,0.0006405750337357957,0.001051866666666667,0.0016924417004024628,0.0016924417004024628,0.0,1.0,
3005,NFCORE_RANGELAND:RANGELAND:PREPROCESSING:MERGE_BOA,1763874637000,1763875442000,2,103.0,,12884901888.0,,,0.0006346020442708333,0.001051866666666667,0.0016864687109375003,0.0016864687109375003,0.0,1.0,
2961,NFCORE_RANGELAND:RANGELAND:PREPROCESSING:MERGE_BOA,1763874637000,1763875441000,2,103.3,,12884901888.0,,,0.0006422662826704547,0.00105056,0.0016928262826704549,0.0016928262826704549,0.0,1.0,
3003,NFCORE_RANGELAND:RANGELAND:PREPROCESSING:MERGE_BOA,1763874635000,1763875440000,2,103.0,,12884901888.0,,,0.0006662229846643519,0.001051866666666667,0.001718089651331019,0.001718089651331019,0.0,1.0,
2993,NFCORE_RANGELAND:RANGELAND:PREPROCESSING:MERGE_BOA,1763874635000,1763875440000,2,102.8,,12884901888.0,,,0.000664929347800926,0.001051866666666667,0.001716796014467593,0.001716796014467593,0.0,1.0,
2999,NFCORE_RANGELAND:RANGELAND:PREPROCESSING:MERGE_BOA,1763874637000,1763875447000,2,103.2,,12884901888.0,,,0.0006397835624999999,0.0010584000000000004,0.0016981835625000004,0.0016981835625000004,0.0,1.0,
2983,NFCORE_RANGELAND:RANGELAND:PREPROCESSING:MERGE_BOA,1763874638000,1763875448000,2,103.3,,12884901888.0,,,0.0006404035078125,0.0010584000000000004,0.0016988035078125004,0.0016988035078125004,0.0,1.0,
3011,NFCORE_RANGELAND:RANGELAND:PREPROCESSING:MERGE_BOA,1763874643000,1763875449000,2,102.6,,12884901888.0,,,0.0006486392619318181,0.0010531733333333335,0.0017018125952651517,0.0017018125952651517,0.0,1.0,
3002,NFCORE_RANGELAND:RANGELAND:PREPROCESSING:MERGE_BOA,1763874643000,1763875447000,2,103.0,,12884901888.0,,,0.0006495522683080807,0.00105056,0.0017001122683080808,0.0017001122683080808,0.0,1.0,
3000,NFCORE_RANGELAND:RANGELAND:PREPROCESSING:MERGE_BOA,1763874637000,1763875447000,2,103.3,,12884901888.0,,,0.0006404035078125,0.0010584000000000004,0.0016988035078125004,0.0016988035078125004,0.0,1.0,
2951,NFCORE_RANGELAND:RANGELAND:PREPROCESSING:MERGE_BOA,1763874636000,1763875445000,2,103.1,,12884901888.0,,,0.0006450092456202653,0.0010570933333333334,0.0017021025789535986,0.0017021025789535986,0.0,1.0,
2969,NFCORE_RANGELAND:RANGELAND:PREPROCESSING:MERGE_BOA,1763874642000,1763875445000,2,103.3,,12884901888.0,,,0.0006506339141782407,0.0010492533333333336,0.0016998872475115744,0.0016998872475115744,0.0,1.0,
3001,NFCORE_RANGELAND:RANGELAND:PREPROCESSING:MERGE_BOA,1763874637000,1763875445000,2,102.5,,12884901888.0,,,0.0006338749479166666,0.001055786666666667,0.0016896616145833335,0.0016896616145833335,0.0,1.0,
2995,NFCORE_RANGELAND:RANGELAND:PREPROCESSING:MERGE_BOA,1763874638000,1763875453000,2,103.1,,12884901888.0,,,0.0006431090716145832,0.0010649333333333335,0.0017080424049479167,0.0017080424049479167,0.0,1.0,
3007,NFCORE_RANGELAND:RANGELAND:PREPROCESSING:MERGE_BOA,1763874638000,1763875452000,2,103.2,,12884901888.0,,,0.0006429429874999999,0.001063626666666667,0.0017065696541666668,0.0017065696541666668,0.0,1.0,
2989,NFCORE_RANGELAND:RANGELAND:PREPROCESSING:MERGE_BOA,1763874638000,1763875449000,2,103.2,,12884901888.0,,,0.0006405734187499998,0.0010597066666666669,0.0017002800854166666,0.0017002800854166666,0.0,1.0,
3061,NFCORE_RANGELAND:RANGELAND:PREPROCESSING:MERGE_BOA,1763875439000,1763875467000,2,103.1,,12884901888.0,,,2.3195471412037035e-05,3.658666666666667e-05,5.978213807870371e-05,5.978213807870371e-05,0.0,1.0,
3060,NFCORE_RANGELAND:RANGELAND:PREPROCESSING:MERGE_BOA,1763875439000,1763875473000,2,103.1,,12884901888.0,,,2.710792874053031e-05,4.442666666666667e-05,7.153459540719699e-05,7.153459540719699e-05,0.0,1.0,
3062,NFCORE_RANGELAND:RANGELAND:PREPROCESSING:MERGE_BOA,1763875439000,1763875466000,2,103.0,,12884901888.0,,,2.1813322443181814e-05,3.528000000000001e-05,5.709332244318182e-05,5.709332244318182e-05,0.0,1.0,
3018,NFCORE_RANGELAND:RANGELAND:PREPROCESSING:MERGE_QAI,1763875146000,1763875482000,2,100.4,,12884901888.0,,,0.00025819115,0.0004390400000000001,0.00069723115,0.00069723115,0.0,1.0,
3059,NFCORE_RANGELAND:RANGELAND:PREPROCESSING:MERGE_BOA,1763875439000,1763875481000,2,103.1,,12884901888.0,,,3.479320711805556e-05,5.488000000000001e-05,8.967320711805557e-05,8.967320711805557e-05,0.0,1.0,
3058,NFCORE_RANGELAND:RANGELAND:PREPROCESSING:MERGE_BOA,1763875439000,1763875487000,2,103.2,,12884901888.0,,,3.8307136363636384e-05,6.272000000000001e-05,0.0001010271363636364,0.0001010271363636364,0.0,1.0,
3041,NFCORE_RANGELAND:RANGELAND:PREPROCESSING:MERGE_QAI,1763875168000,1763875499000,2,100.4,,12884901888.0,,,0.0002569925061553031,0.00043250666666666673,0.0006894991728219698,0.0006894991728219698,0.0,1.0,
3057,NFCORE_RANGELAND:RANGELAND:PREPROCESSING:MERGE_BOA,1763875439000,1763875503000,2,103.0,,12884901888.0,,,5.29667962962963e-05,8.362666666666668e-05,0.00013659346296296298,0.00013659346296296298,0.0,1.0,
3056,NFCORE_RANGELAND:RANGELAND:PREPROCESSING:MERGE_BOA,1763875439000,1763875508000,2,103.2,,12884901888.0,,,5.5066508522727295e-05,9.016e-05,0.0001452265085227273,0.0001452265085227273,0.0,1.0,
3035,NFCORE_RANGELAND:RANGELAND:PREPROCESSING:MERGE_QAI,1763875157000,1763875518000,2,100.4,,12884901888.0,,,0.00028028487831439404,0.0004717066666666667,0.0007519915449810607,0.0007519915449810607,0.0,1.0,
3037,NFCORE_RANGELAND:RANGELAND:PREPROCESSING:MERGE_QAI,1763875157000,1763875525000,2,100.5,,12884901888.0,,,0.0002900913042929293,0.00048085333333333343,0.0007709446376262627,0.0007709446376262627,0.0,1.0,
3039,NFCORE_RANGELAND:RANGELAND:PREPROCESSING:MERGE_QAI,1763875157000,1763875524000,2,100.3,,12884901888.0,,,0.0002957695795428241,0.00047954666666666677,0.0007753162462094908,0.0007753162462094908,0.0,1.0,
3034,NFCORE_RANGELAND:RANGELAND:PREPROCESSING:MERGE_QAI,1763875157000,1763875547000,2,100.4,,12884901888.0,,,0.00029968615624999993,0.0005096,0.0008092861562499999,0.0008092861562499999,0.0,1.0,
3030,NFCORE_RANGELAND:RANGELAND:PREPROCESSING:MERGE_QAI,1763875157000,1763875551000,2,100.5,,12884901888.0,,,0.0003105868855744949,0.0005148266666666668,0.0008254135522411616,0.0008254135522411616,0.0,1.0,
3027,NFCORE_RANGELAND:RANGELAND:PREPROCESSING:MERGE_QAI,1763875157000,1763875589000,2,100.5,,12884901888.0,,,0.00034054196590909086,0.0005644800000000001,0.000905021965909091,0.000905021965909091,0.0,1.0,
3025,NFCORE_RANGELAND:RANGELAND:PREPROCESSING:MERGE_QAI,1763875146000,1763875595000,2,100.4,,12884901888.0,,,0.00036221510775462964,0.0005866933333333334,0.0009489084410879631,0.0009489084410879631,0.0,1.0,
3026,NFCORE_RANGELAND:RANGELAND:PREPROCESSING:MERGE_QAI,1763875146000,1763875604000,2,100.5,,12884901888.0,,,0.00036103754719065653,0.0005984533333333334,0.0009594908805239899,0.0009594908805239899,0.0,1.0,
3023,NFCORE_RANGELAND:RANGELAND:PREPROCESSING:MERGE_QAI,1763875146000,1763875614000,2,100.4,,12884901888.0,,,0.00035962338749999997,0.00061152,0.0009711433875,0.0009711433875,0.0,1.0,
3022,NFCORE_RANGELAND:RANGELAND:PREPROCESSING:MERGE_QAI,1763875146000,1763875617000,2,100.4,,12884901888.0,,,0.0003656902428977274,0.0006154400000000001,0.0009811302428977275,0.0009811302428977275,0.0,1.0,
3009,NFCORE_RANGELAND:RANGELAND:PREPROCESSING:MERGE_QAI,1763875133000,1763875623000,2,100.5,,12884901888.0,,,0.0003956841449652778,0.0006402666666666667,0.0010359508116319445,0.0010359508116319445,0.0,1.0,
3015,NFCORE_RANGELAND:RANGELAND:PREPROCESSING:MERGE_QAI,1763875137000,1763875619000,2,100.4,,12884901888.0,,,0.0003888367081018519,0.0006298133333333335,0.0010186500414351854,0.0010186500414351854,0.0,1.0,
3016,NFCORE_RANGELAND:RANGELAND:PREPROCESSING:MERGE_QAI,1763875137000,1763875627000,2,100.5,,12884901888.0,,,0.00038626287799873725,0.0006402666666666667,0.001026529544665404,0.001026529544665404,0.0,1.0,
3050,NFCORE_RANGELAND:RANGELAND:PREPROCESSING:MERGE_BOA,1763875242000,1763875645000,2,102.3,,12884901888.0,,,0.00031553609140624997,0.0005265866666666668,0.0008421227580729168,0.0008421227580729168,0.0,1.0,
3017,NFCORE_RANGELAND:RANGELAND:PREPROCESSING:MERGE_BOA,1763875146000,1763875651000,2,101.6,,12884901888.0,,,0.0004024444257154881,0.0006598666666666667,0.0010623110923821547,0.0010623110923821547,0.0,1.0,
3042,NFCORE_RANGELAND:RANGELAND:PREPROCESSING:MERGE_BOA,1763875157000,1763875745000,2,103.4,,12884901888.0,,,0.0004653355437499999,0.0007683200000000002,0.00123365554375,0.00123365554375,0.0,1.0,
3048,NFCORE_RANGELAND:RANGELAND:PREPROCESSING:MERGE_BOA,1763875220000,1763875751000,2,103.5,,12884901888.0,,,0.00042500459339488644,0.00069384,0.0011188445933948865,0.0011188445933948865,0.0,1.0,
3052,NFCORE_RANGELAND:RANGELAND:PREPROCESSING:MERGE_BOA,1763875274000,1763875793000,2,102.8,,12884901888.0,,,0.0004125905014204547,0.0006781600000000001,0.0010907505014204548,0.0010907505014204548,0.0,1.0,
3040,NFCORE_RANGELAND:RANGELAND:PREPROCESSING:MERGE_BOA,1763875157000,1763875799000,2,103.4,,12884901888.0,,,0.0005133508906250002,0.0008388800000000002,0.0013522308906250002,0.0013522308906250002,0.0,1.0,
3043,NFCORE_RANGELAND:RANGELAND:PREPROCESSING:MERGE_BOA,1763875209000,1763875801000,2,103.4,,12884901888.0,,,0.00048013467962962965,0.0007735466666666668,0.0012536813462962965,0.0012536813462962965,0.0,1.0,
3033,NFCORE_RANGELAND:RANGELAND:PREPROCESSING:MERGE_BOA,1763875141000,1763875821000,2,103.4,,12884901888.0,,,0.0005515060509259259,0.0008885333333333334,0.0014400393842592593,0.0014400393842592593,0.0,1.0,
3032,NFCORE_RANGELAND:RANGELAND:PREPROCESSING:MERGE_BOA,1763875157000,1763875851000,2,103.5,,12884901888.0,,,0.0005497537265624999,0.0009068266666666668,0.0014565803932291665,0.0014565803932291665,0.0,1.0,
3008,NFCORE_RANGELAND:RANGELAND:PREPROCESSING:MERGE_BOA,1763875137000,1763875868000,2,103.2,,12884901888.0,,,0.0006061548451388889,0.0009551733333333334,0.0015613281784722223,0.0015613281784722223,0.0,1.0,
3038,NFCORE_RANGELAND:RANGELAND:PREPROCESSING:MERGE_BOA,1763875157000,1763875855000,2,103.3,,12884901888.0,,,0.0005655572504313971,0.0009120533333333335,0.0014776105837647306,0.0014776105837647306,0.0,1.0,
3031,NFCORE_RANGELAND:RANGELAND:PREPROCESSING:MERGE_BOA,1763875157000,1763875877000,2,103.4,,12884901888.0,,,0.0005839475833333333,0.0009408000000000002,0.0015247475833333334,0.0015247475833333334,0.0,1.0,
3014,NFCORE_RANGELAND:RANGELAND:PREPROCESSING:MERGE_BOA,1763875137000,1763875877000,2,103.4,,12884901888.0,,,0.0006148069456018518,0.0009669333333333335,0.0015817402789351852,0.0015817402789351852,0.0,1.0,
3013,NFCORE_RANGELAND:RANGELAND:PREPROCESSING:MERGE_BOA,1763875137000,1763875874000,2,103.3,,12884901888.0,,,0.0006117223046585647,0.0009630133333333336,0.0015747356379918983,0.0015747356379918983,0.0,1.0,
3055,NFCORE_RANGELAND:RANGELAND:PREPROCESSING:MERGE_BOA,1763875439000,1763875900000,2,103.5,,12884901888.0,,,0.00038337852473958336,0.0006023733333333334,0.0009857518580729167,0.0009857518580729167,0.0,1.0,
3054,NFCORE_RANGELAND:RANGELAND:PREPROCESSING:MERGE_BOA,1763875428000,1763875934000,2,102.7,,12884901888.0,,,0.0004175490184606481,0.0006611733333333334,0.0010787223517939816,0.0010787223517939816,0.0,1.0,
3074,NFCORE_RANGELAND:RANGELAND:HIGHER_LEVEL:HIGHER_LEVEL_CONFIG,1763875944000,1763875946000,1,72.5,,6442450944.0,,,1.1097786458333331e-06,1.306666666666667e-06,2.4164453125e-06,2.4164453125e-06,0.0,1.0,
3082,NFCORE_RANGELAND:RANGELAND:HIGHER_LEVEL:HIGHER_LEVEL_CONFIG,1763875946000,1763875947000,1,44.1,,6442450944.0,,,3.543440104166667e-07,6.533333333333335e-07,1.0076773437500002e-06,1.0076773437500002e-06,0.0,1.0,
3080,NFCORE_RANGELAND:RANGELAND:HIGHER_LEVEL:HIGHER_LEVEL_CONFIG,1763875944000,1763875946000,1,83.7,,6442450944.0,,,1.2812203124999996e-06,1.306666666666667e-06,2.5878869791666666e-06,2.5878869791666666e-06,0.0,1.0,
3094,NFCORE_RANGELAND:RANGELAND:HIGHER_LEVEL:HIGHER_LEVEL_CONFIG,1763875946000,1763875948000,1,45.5,,6442450944.0,,,7.311860532407407e-07,1.306666666666667e-06,2.0378527199074075e-06,2.0378527199074075e-06,0.0,1.0,
3065,NFCORE_RANGELAND:RANGELAND:HIGHER_LEVEL:HIGHER_LEVEL_CONFIG,1763875944000,1763875946000,1,51.4,,6442450944.0,,,7.867947916666665e-07,1.306666666666667e-06,2.0934614583333334e-06,2.0934614583333334e-06,0.0,1.0,
3069,NFCORE_RANGELAND:RANGELAND:HIGHER_LEVEL:HIGHER_LEVEL_CONFIG,1763875945000,1763875948000,1,48.9,,6442450944.0,,,1.1787361979166666e-06,1.9600000000000003e-06,3.1387361979166667e-06,3.1387361979166667e-06,0.0,1.0,
3093,NFCORE_RANGELAND:RANGELAND:HIGHER_LEVEL:HIGHER_LEVEL_CONFIG,1763875944000,1763875945000,1,67.6,,6442450944.0,,,5.173864583333332e-07,6.533333333333335e-07,1.1707197916666666e-06,1.1707197916666666e-06,0.0,1.0,
3092,NFCORE_RANGELAND:RANGELAND:HIGHER_LEVEL:HIGHER_LEVEL_CONFIG,1763875946000,1763875948000,1,45.6,,6442450944.0,,,7.327930555555556e-07,1.306666666666667e-06,2.0394597222222224e-06,2.0394597222222224e-06,0.0,1.0,
3073,NFCORE_RANGELAND:RANGELAND:HIGHER_LEVEL:HIGHER_LEVEL_CONFIG,1763875944000,1763875948000,1,68.1,,6442450944.0,,,2.0848531249999994e-06,2.613333333333334e-06,4.698186458333333e-06,4.698186458333333e-06,0.0,1.0,
3084,NFCORE_RANGELAND:RANGELAND:HIGHER_LEVEL:HIGHER_LEVEL_CONFIG,1763875946000,1763875949000,1,24.9,,6442450944.0,,,6.002153645833333e-07,1.9600000000000003e-06,2.5602153645833337e-06,2.5602153645833337e-06,0.0,1.0,
3085,NFCORE_RANGELAND:RANGELAND:HIGHER_LEVEL:HIGHER_LEVEL_CONFIG,1763875945000,1763875948000,1,45.5,,6442450944.0,,,1.04472265625e-06,1.9600000000000003e-06,3.0047226562500003e-06,3.0047226562500003e-06,0.0,1.0,
3075,NFCORE_RANGELAND:RANGELAND:HIGHER_LEVEL:HIGHER_LEVEL_CONFIG,1763875946000,1763875949000,1,31.1,,6442450944.0,,,7.496665798611112e-07,1.9600000000000003e-06,2.7096665798611116e-06,2.7096665798611116e-06,0.0,1.0,
3063,NFCORE_RANGELAND:RANGELAND:HIGHER_LEVEL:HIGHER_LEVEL_CONFIG,1763875944000,1763875948000,1,79.8,,6442450944.0,,,2.4430437499999994e-06,2.613333333333334e-06,5.056377083333333e-06,5.056377083333333e-06,0.0,1.0,
3089,NFCORE_RANGELAND:RANGELAND:HIGHER_LEVEL:HIGHER_LEVEL_CONFIG,1763875946000,1763875949000,1,41.4,,6442450944.0,,,9.979484375e-07,1.9600000000000003e-06,2.9579484375000005e-06,2.9579484375000005e-06,0.0,1.0,
3088,NFCORE_RANGELAND:RANGELAND:HIGHER_LEVEL:HIGHER_LEVEL_CONFIG,1763875944000,1763875948000,1,59.8,,6442450944.0,,,1.830752083333333e-06,2.613333333333334e-06,4.4440854166666666e-06,4.4440854166666666e-06,0.0,1.0,
3087,NFCORE_RANGELAND:RANGELAND:HIGHER_LEVEL:HIGHER_LEVEL_CONFIG,1763875945000,1763875949000,1,41.3,,6442450944.0,,,1.327383912037037e-06,2.613333333333334e-06,3.940717245370371e-06,3.940717245370371e-06,0.0,1.0,
3096,NFCORE_RANGELAND:RANGELAND:HIGHER_LEVEL:HIGHER_LEVEL_CONFIG,1763875946000,1763875949000,1,24.4,,6442450944.0,,,5.881628472222222e-07,1.9600000000000003e-06,2.5481628472222225e-06,2.5481628472222225e-06,0.0,1.0,
3098,NFCORE_RANGELAND:RANGELAND:HIGHER_LEVEL:HIGHER_LEVEL_CONFIG,1763875944000,1763875948000,1,70.5,,6442450944.0,,,2.1583281249999996e-06,2.613333333333334e-06,4.771661458333333e-06,4.771661458333333e-06,0.0,1.0,
3100,NFCORE_RANGELAND:RANGELAND:HIGHER_LEVEL:HIGHER_LEVEL_CONFIG,1763875945000,1763875948000,1,49.6,,6442450944.0,,,1.1388625e-06,1.9600000000000003e-06,3.0988625e-06,3.0988625e-06,0.0,1.0,
3102,NFCORE_RANGELAND:RANGELAND:HIGHER_LEVEL:HIGHER_LEVEL_CONFIG,1763875946000,1763875949000,1,35.7,,6442450944.0,,,8.605497395833335e-07,1.9600000000000003e-06,2.820549739583334e-06,2.820549739583334e-06,0.0,1.0,
3105,NFCORE_RANGELAND:RANGELAND:HIGHER_LEVEL:HIGHER_LEVEL_CONFIG,1763875945000,1763875946000,1,55.2,,6442450944.0,,,4.2248124999999994e-07,6.533333333333335e-07,1.0758145833333333e-06,1.0758145833333333e-06,0.0,1.0,
3106,NFCORE_RANGELAND:RANGELAND:HIGHER_LEVEL:HIGHER_LEVEL_CONFIG,1763875946000,1763875948000,1,30.0,,6442450944.0,,,4.821006944444444e-07,1.306666666666667e-06,1.7887673611111115e-06,1.7887673611111115e-06,0.0,1.0,
3083,NFCORE_RANGELAND:RANGELAND:HIGHER_LEVEL:HIGHER_LEVEL_CONFIG,1763875952000,1763875953000,1,85.0,,6442450944.0,,,6.667142781986532e-07,6.533333333333335e-07,1.3200476115319868e-06,1.3200476115319868e-06,0.0,1.0,
3077,NFCORE_RANGELAND:RANGELAND:HIGHER_LEVEL:HIGHER_LEVEL_CONFIG,1763875950000,1763875951000,1,84.0,,6442450944.0,,,6.495880681818185e-07,6.533333333333335e-07,1.302921401515152e-06,1.302921401515152e-06,0.0,1.0,
3078,NFCORE_RANGELAND:RANGELAND:HIGHER_LEVEL:HIGHER_LEVEL_CONFIG,1763875952000,1763875954000,1,64.3,,6442450944.0,,,1.0086994844276091e-06,1.306666666666667e-06,2.315366151094276e-06,2.315366151094276e-06,0.0,1.0,
3066,NFCORE_RANGELAND:RANGELAND:HIGHER_LEVEL:HIGHER_LEVEL_CONFIG,1763875950000,1763875951000,1,92.0,,6442450944.0,,,7.114535984848488e-07,6.533333333333335e-07,1.3647869318181823e-06,1.3647869318181823e-06,0.0,1.0,
3072,NFCORE_RANGELAND:RANGELAND:HIGHER_LEVEL:HIGHER_LEVEL_CONFIG,1763875950000,1763875953000,1,65.3,,6442450944.0,,,1.514932173295455e-06,1.9600000000000003e-06,3.4749321732954554e-06,3.4749321732954554e-06,0.0,1.0,
3071,NFCORE_RANGELAND:RANGELAND:HIGHER_LEVEL:HIGHER_LEVEL_CONFIG,1763875952000,1763875954000,1,63.9,,6442450944.0,,,1.0024245265151514e-06,1.306666666666667e-06,2.3090911931818183e-06,2.3090911931818183e-06,0.0,1.0,
3064,NFCORE_RANGELAND:RANGELAND:HIGHER_LEVEL:HIGHER_LEVEL_CONFIG,1763875950000,1763875952000,1,89.4,,6442450944.0,,,1.382694602272728e-06,1.306666666666667e-06,2.689361268939395e-06,2.689361268939395e-06,0.0,1.0,
3076,NFCORE_RANGELAND:RANGELAND:HIGHER_LEVEL:HIGHER_LEVEL_CONFIG,1763875950000,1763875953000,1,62.1,,6442450944.0,,,1.4406935369318187e-06,1.9600000000000003e-06,3.400693536931819e-06,3.400693536931819e-06,0.0,1.0,
3079,NFCORE_RANGELAND:RANGELAND:HIGHER_LEVEL:HIGHER_LEVEL_CONFIG,1763875952000,1763875955000,1,67.9,,6442450944.0,,,1.597761158459596e-06,1.9600000000000003e-06,3.5577611584595962e-06,3.5577611584595962e-06,0.0,1.0,
3070,NFCORE_RANGELAND:RANGELAND:HIGHER_LEVEL:HIGHER_LEVEL_CONFIG,1763875951000,1763875953000,1,75.1,,6442450944.0,,,1.1615253314393942e-06,1.306666666666667e-06,2.468191998106061e-06,2.468191998106061e-06,0.0,1.0,
3081,NFCORE_RANGELAND:RANGELAND:HIGHER_LEVEL:HIGHER_LEVEL_CONFIG,1763875952000,1763875955000,1,33.2,,6442450944.0,,,7.8123226010101e-07,1.9600000000000003e-06,2.74123226010101e-06,2.74123226010101e-06,0.0,1.0,
3068,NFCORE_RANGELAND:RANGELAND:HIGHER_LEVEL:HIGHER_LEVEL_CONFIG,1763875950000,1763875952000,1,88.9,,6442450944.0,,,1.3749614109848492e-06,1.306666666666667e-06,2.681628077651516e-06,2.681628077651516e-06,0.0,1.0,
3067,NFCORE_RANGELAND:RANGELAND:HIGHER_LEVEL:HIGHER_LEVEL_CONFIG,1763875952000,1763875955000,1,76.6,,6442450944.0,,,1.8024816603535353e-06,1.9600000000000003e-06,3.7624816603535354e-06,3.7624816603535354e-06,0.0,1.0,
3091,NFCORE_RANGELAND:RANGELAND:HIGHER_LEVEL:HIGHER_LEVEL_CONFIG,1763875950000,1763875953000,1,81.6,,6442450944.0,,,1.8930852272727277e-06,1.9600000000000003e-06,3.853085227272728e-06,3.853085227272728e-06,0.0,1.0,
3090,NFCORE_RANGELAND:RANGELAND:HIGHER_LEVEL:HIGHER_LEVEL_CONFIG,1763875952000,1763875955000,1,43.3,,6442450944.0,,,1.0188962910353533e-06,1.9600000000000003e-06,2.9788962910353536e-06,2.9788962910353536e-06,0.0,1.0,
3095,NFCORE_RANGELAND:RANGELAND:HIGHER_LEVEL:HIGHER_LEVEL_CONFIG,1763875952000,1763875954000,1,74.2,,6442450944.0,,,1.1640046927609427e-06,1.306666666666667e-06,2.4706713594276096e-06,2.4706713594276096e-06,0.0,1.0,
3097,NFCORE_RANGELAND:RANGELAND:HIGHER_LEVEL:HIGHER_LEVEL_CONFIG,1763875950000,1763875953000,1,67.3,,6442450944.0,,,1.5613313210227278e-06,1.9600000000000003e-06,3.521331321022728e-06,3.521331321022728e-06,0.0,1.0,
3099,NFCORE_RANGELAND:RANGELAND:HIGHER_LEVEL:HIGHER_LEVEL_CONFIG,1763875950000,1763875953000,1,79.0,,6442450944.0,,,1.8327663352272738e-06,1.9600000000000003e-06,3.792766335227274e-06,3.792766335227274e-06,0.0,1.0,
3101,NFCORE_RANGELAND:RANGELAND:HIGHER_LEVEL:HIGHER_LEVEL_CONFIG,1763875953000,1763875955000,1,71.7,,6442450944.0,,,1.124786205808081e-06,1.306666666666667e-06,2.431452872474748e-06,2.431452872474748e-06,0.0,1.0,
3103,NFCORE_RANGELAND:RANGELAND:HIGHER_LEVEL:HIGHER_LEVEL_CONFIG,1763875952000,1763875954000,1,48.9,,6442450944.0,,,7.671136047979797e-07,1.306666666666667e-06,2.0737802714646468e-06,2.0737802714646468e-06,0.0,1.0,
3104,NFCORE_RANGELAND:RANGELAND:HIGHER_LEVEL:HIGHER_LEVEL_CONFIG,1763875951000,1763875952000,1,95.7,,6442450944.0,,,7.400664062500003e-07,6.533333333333335e-07,1.3933997395833339e-06,1.3933997395833339e-06,0.0,1.0,
3107,NFCORE_RANGELAND:RANGELAND:HIGHER_LEVEL:HIGHER_LEVEL_CONFIG,1763875950000,1763875952000,1,85.0,,6442450944.0,,,1.3146425189393942e-06,1.306666666666667e-06,2.621309185606061e-06,2.621309185606061e-06,0.0,1.0,
3108,NFCORE_RANGELAND:RANGELAND:HIGHER_LEVEL:FORCE_HIGHER_LEVEL,1763875951000,1763875951000,6,103.6,,38654705664.0,,,0.0,0.0,0.0,0.0,0.0,1.0,
3109,NFCORE_RANGELAND:RANGELAND:HIGHER_LEVEL:FORCE_HIGHER_LEVEL,1763875950000,1763875951000,6,102.6,,38654705664.0,,,8.243921875e-07,3.92e-06,4.7443921875e-06,4.7443921875e-06,0.0,1.0,
3110,NFCORE_RANGELAND:RANGELAND:HIGHER_LEVEL:FORCE_HIGHER_LEVEL,1763875951000,1763875951000,6,110.0,,38654705664.0,,,0.0,0.0,0.0,0.0,0.0,1.0,
3111,NFCORE_RANGELAND:RANGELAND:HIGHER_LEVEL:FORCE_HIGHER_LEVEL,1763875953000,1763875953000,6,62.3,,38654705664.0,,,0.0,0.0,0.0,0.0,0.0,1.0,
3112,NFCORE_RANGELAND:RANGELAND:HIGHER_LEVEL:FORCE_HIGHER_LEVEL,1763875951000,1763875951000,6,84.4,,38654705664.0,,,0.0,0.0,0.0,0.0,0.0,1.0,
3113,NFCORE_RANGELAND:RANGELAND:HIGHER_LEVEL:FORCE_HIGHER_LEVEL,1763875951000,1763875951000,6,76.6,,38654705664.0,,,0.0,0.0,0.0,0.0,0.0,1.0,
3114,NFCORE_RANGELAND:RANGELAND:HIGHER_LEVEL:FORCE_HIGHER_LEVEL,1763875951000,1763875951000,6,93.0,,38654705664.0,,,0.0,0.0,0.0,0.0,0.0,1.0,
3115,NFCORE_RANGELAND:RANGELAND:HIGHER_LEVEL:FORCE_HIGHER_LEVEL,1763875952000,1763875953000,6,96.7,,38654705664.0,,,7.584855376683502e-07,3.92e-06,4.67848553766835e-06,4.67848553766835e-06,0.0,1.0,
3116,NFCORE_RANGELAND:RANGELAND:HIGHER_LEVEL:FORCE_HIGHER_LEVEL,1763875951000,1763875951000,6,82.1,,38654705664.0,,,0.0,0.0,0.0,0.0,0.0,1.0,
3117,NFCORE_RANGELAND:RANGELAND:HIGHER_LEVEL:FORCE_HIGHER_LEVEL,1763875951000,1763875952000,6,85.9,,38654705664.0,,,6.642811316287881e-07,3.92e-06,4.584281131628788e-06,4.584281131628788e-06,0.0,1.0,
3118,NFCORE_RANGELAND:RANGELAND:HIGHER_LEVEL:FORCE_HIGHER_LEVEL,1763875951000,1763875952000,6,78.7,,38654705664.0,,,6.323554108796296e-07,3.92e-06,4.552355410879629e-06,4.552355410879629e-06,0.0,1.0,
3119,NFCORE_RANGELAND:RANGELAND:HIGHER_LEVEL:FORCE_HIGHER_LEVEL,1763875951000,1763875952000,6,88.2,,38654705664.0,,,7.086880208333334e-07,3.92e-06,4.6286880208333335e-06,4.6286880208333335e-06,0.0,1.0,
3120,NFCORE_RANGELAND:RANGELAND:HIGHER_LEVEL:FORCE_HIGHER_LEVEL,1763875953000,1763875953000,6,35.8,,38654705664.0,,,0.0,0.0,0.0,0.0,0.0,1.0,
3121,NFCORE_RANGELAND:RANGELAND:HIGHER_LEVEL:FORCE_HIGHER_LEVEL,1763875952000,1763875952000,6,65.8,,38654705664.0,,,0.0,0.0,0.0,0.0,0.0,1.0,
3122,NFCORE_RANGELAND:RANGELAND:HIGHER_LEVEL:FORCE_HIGHER_LEVEL,1763875952000,1763875952000,6,75.1,,38654705664.0,,,0.0,0.0,0.0,0.0,0.0,1.0,
3123,NFCORE_RANGELAND:RANGELAND:HIGHER_LEVEL:FORCE_HIGHER_LEVEL,1763875955000,1763875956000,6,92.5,,38654705664.0,,,7.153201941287881e-07,3.92e-06,4.635320194128788e-06,4.635320194128788e-06,0.0,1.0,
3124,NFCORE_RANGELAND:RANGELAND:HIGHER_LEVEL:FORCE_HIGHER_LEVEL,1763875956000,1763875956000,6,99.1,,38654705664.0,,,0.0,0.0,0.0,0.0,0.0,1.0,
3125,NFCORE_RANGELAND:RANGELAND:HIGHER_LEVEL:FORCE_HIGHER_LEVEL,1763875952000,1763875953000,6,94.7,,38654705664.0,,,7.609155960648149e-07,3.92e-06,4.680915596064815e-06,4.680915596064815e-06,0.0,1.0,
3126,NFCORE_RANGELAND:RANGELAND:HIGHER_LEVEL:FORCE_HIGHER_LEVEL,1763875954000,1763875954000,6,82.7,,38654705664.0,,,0.0,0.0,0.0,0.0,0.0,1.0,
3127,NFCORE_RANGELAND:RANGELAND:HIGHER_LEVEL:FORCE_HIGHER_LEVEL,1763875954000,1763875955000,6,63.6,,38654705664.0,,,4.867718749999999e-07,3.92e-06,4.406771875e-06,4.406771875e-06,0.0,1.0,
3128,NFCORE_RANGELAND:RANGELAND:HIGHER_LEVEL:FORCE_HIGHER_LEVEL,1763875954000,1763875955000,6,73.6,,38654705664.0,,,5.913768518518518e-07,3.92e-06,4.511376851851851e-06,4.511376851851851e-06,0.0,1.0,
3129,NFCORE_RANGELAND:RANGELAND:HIGHER_LEVEL:FORCE_HIGHER_LEVEL,1763875953000,1763875953000,6,80.0,,38654705664.0,,,0.0,0.0,0.0,0.0,0.0,1.0,
3086,NFCORE_RANGELAND:RANGELAND:HIGHER_LEVEL:HIGHER_LEVEL_CONFIG,1763875952000,1763875955000,1,45.6,,6442450944.0,,,1.073017803030303e-06,1.9600000000000003e-06,3.0330178030303034e-06,3.0330178030303034e-06,0.0,1.0,
3130,NFCORE_RANGELAND:RANGELAND:HIGHER_LEVEL:FORCE_HIGHER_LEVEL,1763875955000,1763875956000,6,97.0,,38654705664.0,,,7.793961226851852e-07,3.92e-06,4.699396122685185e-06,4.699396122685185e-06,0.0,1.0,
3131,NFCORE_RANGELAND:RANGELAND:HIGHER_LEVEL:FORCE_HIGHER_LEVEL,1763875956000,1763875956000,6,113.2,,38654705664.0,,,0.0,0.0,0.0,0.0,0.0,1.0,
3132,NFCORE_RANGELAND:RANGELAND:HIGHER_LEVEL:FORCE_HIGHER_LEVEL,1763875956000,1763875956000,6,92.0,,38654705664.0,,,0.0,0.0,0.0,0.0,0.0,1.0,
3133,NFCORE_RANGELAND:RANGELAND:HIGHER_LEVEL:FORCE_HIGHER_LEVEL,1763875956000,1763875956000,6,105.7,,38654705664.0,,,0.0,0.0,0.0,0.0,0.0,1.0,
3134,NFCORE_RANGELAND:RANGELAND:HIGHER_LEVEL:FORCE_HIGHER_LEVEL,1763875956000,1763875957000,6,90.6,,38654705664.0,,,7.279720486111111e-07,3.92e-06,4.647972048611111e-06,4.647972048611111e-06,0.0,1.0,
3135,NFCORE_RANGELAND:RANGELAND:HIGHER_LEVEL:FORCE_HIGHER_LEVEL,1763875956000,1763875956000,6,106.3,,38654705664.0,,,0.0,0.0,0.0,0.0,0.0,1.0,
3136,NFCORE_RANGELAND:RANGELAND:HIGHER_LEVEL:FORCE_HIGHER_LEVEL,1763875956000,1763875957000,6,63.3,,38654705664.0,,,4.844757812499999e-07,3.92e-06,4.404475781249999e-06,4.404475781249999e-06,0.0,1.0,
3137,NFCORE_RANGELAND:RANGELAND:HIGHER_LEVEL:FORCE_HIGHER_LEVEL,1763875956000,1763875957000,6,99.0,,38654705664.0,,,7.954661458333333e-07,3.92e-06,4.715466145833333e-06,4.715466145833333e-06,0.0,1.0,
3138,NFCORE_RANGELAND:RANGELAND:HIGHER_LEVEL:FORCE_HIGHER_LEVEL,1763875957000,1763875957000,6,104.6,,38654705664.0,,,0.0,0.0,0.0,0.0,0.0,1.0,
3139,NFCORE_RANGELAND:RANGELAND:HIGHER_LEVEL:FORCE_HIGHER_LEVEL,1763875957000,1763875957000,6,92.9,,38654705664.0,,,0.0,0.0,0.0,0.0,0.0,1.0,
3140,NFCORE_RANGELAND:RANGELAND:HIGHER_LEVEL:FORCE_HIGHER_LEVEL,1763875957000,1763875957000,6,113.9,,38654705664.0,,,0.0,0.0,0.0,0.0,0.0,1.0,
3141,NFCORE_RANGELAND:RANGELAND:HIGHER_LEVEL:FORCE_HIGHER_LEVEL,1763875957000,1763875957000,6,75.2,,38654705664.0,,,0.0,0.0,0.0,0.0,0.0,1.0,
3142,NFCORE_RANGELAND:RANGELAND:HIGHER_LEVEL:FORCE_HIGHER_LEVEL,1763875957000,1763875958000,6,35.3,,38654705664.0,,,2.8363590856481475e-07,3.92e-06,4.203635908564814e-06,4.203635908564814e-06,0.0,1.0,
3143,NFCORE_RANGELAND:RANGELAND:HIGHER_LEVEL:FORCE_HIGHER_LEVEL,1763875957000,1763875958000,6,99.7,,38654705664.0,,,7.820166298400672e-07,3.92e-06,4.702016629840067e-06,4.702016629840067e-06,0.0,1.0,
3144,NFCORE_RANGELAND:RANGELAND:HIGHER_LEVEL:FORCE_HIGHER_LEVEL,1763875958000,1763875958000,6,82.2,,38654705664.0,,,0.0,0.0,0.0,0.0,0.0,1.0,
3145,NFCORE_RANGELAND:RANGELAND:HIGHER_LEVEL:FORCE_HIGHER_LEVEL,1763875958000,1763875958000,6,100.7,,38654705664.0,,,0.0,0.0,0.0,0.0,0.0,1.0,
3146,NFCORE_RANGELAND:RANGELAND:HIGHER_LEVEL:FORCE_HIGHER_LEVEL,1763875958000,1763875958000,6,98.5,,38654705664.0,,,0.0,0.0,0.0,0.0,0.0,1.0,
3147,NFCORE_RANGELAND:RANGELAND:HIGHER_LEVEL:FORCE_HIGHER_LEVEL,1763875958000,1763875958000,6,93.5,,38654705664.0,,,0.0,0.0,0.0,0.0,0.0,1.0,
3148,NFCORE_RANGELAND:RANGELAND:HIGHER_LEVEL:FORCE_HIGHER_LEVEL,1763875958000,1763875959000,6,94.7,,38654705664.0,,,7.323332149621215e-07,3.92e-06,4.652333214962121e-06,4.652333214962121e-06,0.0,1.0,
3149,NFCORE_RANGELAND:RANGELAND:HIGHER_LEVEL:FORCE_HIGHER_LEVEL,1763875959000,1763875959000,6,74.2,,38654705664.0,,,0.0,0.0,0.0,0.0,0.0,1.0,
3150,NFCORE_RANGELAND:RANGELAND:HIGHER_LEVEL:FORCE_HIGHER_LEVEL,1763875959000,1763875959000,6,118.9,,38654705664.0,,,0.0,0.0,0.0,0.0,0.0,1.0,
3151,NFCORE_RANGELAND:RANGELAND:HIGHER_LEVEL:FORCE_HIGHER_LEVEL,1763875959000,1763875959000,6,79.0,,38654705664.0,,,0.0,0.0,0.0,0.0,0.0,1.0,
3152,NFCORE_RANGELAND:RANGELAND:HIGHER_LEVEL:FORCE_HIGHER_LEVEL,1763875964000,1763875964000,6,66.5,,38654705664.0,,,0.0,0.0,0.0,0.0,0.0,1.0,
3153,NFCORE_RANGELAND:RANGELAND:CUSTOM_DUMPSOFTWAREVERSIONS,1763875972000,1763875972000,1,66.9,,6442450944.0,,,0.0,0.0,0.0,0.0,0.0,1.0,
3154,NFCORE_RANGELAND:RANGELAND:MULTIQC,1763875976000,1763875979000,1,326.0,,6442450944.0,,,7.858241319444445e-06,1.9600000000000003e-06,9.818241319444445e-06,9.818241319444445e-06,0.0,1.0,
