timestamp,energy_1,energy_2
1772212069006,37839065793,46130667025
1772212070006,37864487376,46155615640
1772212071005,37891212526,46180949886
1772212072005,37915934285,46206120978
1772212073005,37940562726,46231302293
1772212074005,37967998838,46258469895
1772212075005,37994023661,46283936366
1772212076005,38019302673,46308932632
1772212077005,38044468379,46339231984
1772212078006,38069306648,46365249025
1772212079005,38094169391,46390419644
1772212080005,38118951786,46415572244
1772212081005,38145847002,46440926127
1772212082005,38170640489,46466107060
1772212083005,38195319220,46491194905
1772212084005,38222291123,46518135970
1772212085006,38247235954,46544227761
1772212086005,38272665181,46569315071
1772212087006,38297805467,46594898465
1772212088005,38322665418,46619908661
1772212089005,38347454755,46644973024
1772212090005,38372275950,46669993062
1772212091005,38399169610,46695255366
1772212092005,38423999930,46720290357
1772212093005,38448987422,46751521698
1772212094005,38478238656,46780434524
1772212095005,38504354127,46806765987
1772212096005,38530523718,46831984364
1772212097005,38556183737,46857340566
1772212098005,38583240169,46883115310
1772212099005,38608672401,46913950004
1772212100005,38634476060,46938958278
1772212101005,38661623688,46964199069
1772212102005,38686815684,46989485954
1772212103005,38711760637,47014513331
1772212104005,38738538961,47041875868
1772212105005,38763985842,47067416769
1772212106005,38789307484,47092536182
1772212107005,38814239499,47117785700
1772212108005,38839405556,47145215266
1772212109005,38864461618,47174007372
1772212110005,38889376437,47198936090
1772212111005,38915587361,47225586796
1772212112006,38942083702,47253537087
1772212113005,38971457061,47280266204
1772212114005,38998468512,47307861793
1772212115005,39025128556,47335065510
1772212116006,39054503532,47360925851
1772212117005,39080974026,47386730288
1772212118005,39106481847,47412520122
1772212119005,39131769510,47437849242
1772212120005,39157205924,47463096868
1772212121006,39186101524,47494648688
1772212122005,39212764544,47528181911
1772212123005,39238041923,47558809508
1772212124006,39265345504,47590478479
1772212125005,39291390315,47618216287
1772212126005,39337896683,47669542918
1772212127005,39392506316,47722035717
1772212128005,39448975122,47778817357
1772212129005,39487468981,47823682453
1772212130005,39512701364,47848592389
1772212131005,39540905838,47875108642
1772212132005,39566137276,47900062735
1772212133005,39591017977,47924993284
1772212134006,39617494254,47952583105
1772212135005,39663104581,48001014393
1772212136005,39717422924,48059311671
1772212137006,39754074013,48097814150
1772212138005,39801303382,48146644084
1772212139006,39828968196,48172793900
1772212140005,39855826716,48204057283
1772212155219,39894403167,48608717935
1772212156005,40319078165,48646772349
1772212157006,40345561079,48672164117
1772212158005,40373053066,48698656033
1772212159005,40399085731,48729483922
1772212160005,40425353675,48754397337
1772212161005,40452739268,48779444992
1772212162005,40478944379,48804381553
1772212163005,40506162393,48830708790
1772212164006,40533972829,48857485115
1772212165005,40559740433,48883253344
1772212166005,40585544457,48908146649
1772212167005,40618242137,48933259837
1772212168005,40647715085,48959803524
1772212169005,40674658837,48985140897
1772212170005,40700253598,49010066000
1772212171005,40727303514,49041238430
1772212185677,40753486868,49421732028
1772212186005,41135780040,49430047256
1772212187006,41161938859,49460891349
1772212188005,41193039210,49486552467
1772212189005,41222116838,49517692031
1772212190005,41249535647,49543992444
1772212191005,41276746947,49569267611
1772212192006,41303515064,49594362276
1772212193006,41331413935,49619623283
1772212194005,41360069893,49646775962
1772212195005,41388009733,49673377110
1772212196005,41413693723,49698190418
1772212197005,41439778036,49723162332
1772212198005,41465799075,49748543771
1772212199005,41491545425,49773486756
1772212200005,41517860165,49799192107
1772212201005,41545308101,49825007010
1772212202005,41570963086,49853214093
1772212203005,41597333747,49881042976
1772212204005,41625560085,49908257572
1772212205006,41652426860,49933687333
1772212206006,41680045991,49960119316
1772212207006,41706170220,49985248098
1772212209319,41735658655,50044100538
1772212210005,41800949330,50061523038
1772212211005,41831818141,50088446130
1772212212006,41859780166,50113842216
1772212213006,41889303312,50139299610
1772212214005,41919730190,50166719456
1772212215006,41948512210,50192632560
1772212216005,41977729007,50218756484
1772212217006,42006302663,50245588806
1772212218006,42033795916,50277706087
1772212221005,42119007833,50359717212
1772212222005,42146597791,50386039840
1772212223005,42172638193,50411010015
1772212224006,42200268661,50438130118
1772212225005,42226566831,50463483513
1772212226005,42252120273,50488330739
1772212227005,42279220770,50514568472
1772212228005,42305984721,50539638617
1772212229005,42331801791,50564533066
1772212230005,42357363686,50589397274
1772212231005,42384522804,50614492976
1772212232005,42410045471,50639520887
1772212233005,42437331337,50665821422
1772212234005,42465043741,50698707676
1772212235005,42491507613,50723913908
1772212236006,42517422136,50748945221
1772212237005,42543163755,50773981234
1772212238005,42570638774,50800491551
1772212239005,42598095210,50825517006
1772212240005,42623978332,50850488920
1772212241005,42651158506,50875718603
1772212242005,42676890283,50900536198
1772212254208,42704344735,51228006842
1772212255005,43037529500,51248207061
1772212256005,43063049299,51273111489
1772212257005,43088332400,51298066665
1772212258005,43114973936,51323842660
1772212259005,43163441339,51365468224
1772212260005,43218128376,51418933736
1772212261005,43271701106,51475737714
1772212262005,43318868162,51530014646
1772212263005,43345421277,51557071932
1772212264005,43373332447,51584346934
1772212265005,43401070408,51616961032
1772212266005,43426665260,51641816436
1772212267005,43452046104,51666841951
1772212268005,43478216320,51692241944
1772212269006,43504176175,51717172066
1772212270006,43533699550,51743669307
1772212271006,43562438710,51770340612
1772212272005,43588094763,51795346490
1772212273005,43613033872,51820416254
1772212276612,43641034286,51915017548
1772212277005,43726022032,51924977589
1772212278005,43757581054,51950493633
1772212279005,43786542477,51981532861
1772212280005,43815211817,52007081375
1772212281007,43846399978,52038970366
1772212282005,43874723189,52064175392
1772212283005,43903302903,52089357210
1772212284006,43932885648,52117681658
1772212285005,43962157846,52143829842
1772212286005,43993116649,52170300626
1772212287005,44021580020,52195659971
1772212288005,44049981796,52221167212
1772212289005,44077146773,52246431012
1772212292005,44160302354,52324812227
1772212293005,44190464536,52350100943
1772212294005,44219450555,52378498706
1772212295005,44245351224,52404035059
1772212296005,44270669647,52432643061
1772212297005,44297816330,52461619560
1772212298005,44323474885,52486811967
1772212299006,44349356054,52511896150
1772212300006,44375021642,52536999359
1772212301006,44401619662,52562137067
1772212302005,44428951684,52588369871
1772212303006,44455241066,52613389482
1772212304005,44482814469,52640466039
1772212326375,44508803985,53217085725
1772212327005,45096434957,53233412212
1772212328005,45126812750,53263818675
1772212329005,45156930715,53290814822
1772212330005,45184123202,53316102379
1772212331005,45211059889,53341422740
1772212332005,45236321690,53366549248
1772212333005,45261257763,53391540784
1772212334005,45289047173,53419650551
1772212335005,45315667150,53445294855
1772212336875,45340734854,53492107604
1772212337005,45366720509,53495407040
1772212338005,45392279078,53520475583
1772212339005,45418416917,53551822976
1772212340005,45445544177,53578407173
1772212341854,45477141969,53649120130
1772212342005,45531600227,53657144754
1772212343006,45588550026,53712539290
1772212344005,45643172399,53768404687
1772212345005,45698378925,53824329071
1772212346006,45754451084,53879983130
1772212347006,45790945641,53910580821
1772212348005,45816260479,53935683389
1772212349005,45861160882,53983434887
1772212350005,45894165889,54021456343
1772212351005,45921895198,54047131056
1772212352005,45947581477,54072206679
1772212353005,45973162094,54097298674
1772212354005,46000659558,54124599081
1772212355006,46027249934,54150484690
1772212356005,46054398127,54176960615
1772212357005,46080157888,54202098491
1772212358005,46105908708,54227088775
1772212359005,46133965500,54256728524
1772212360006,46162796849,54283560525
1772212361005,46191334786,54310158256
1772212362005,46216645550,54334987508
1772212363005,46241788216,54359787739
1772212364005,46270623059,54387096812
1772212365006,46300954071,54412352098
1772212366005,46327625055,54437876749
1772212367005,46353872264,54463823328
1772212368005,46379067998,54488796173
1772212369005,46405128631,54519732684
1772212370005,46431139554,54544713249
1772212371005,46458889568,54570024593
1772212373020,46486803622,54622015053
1772212374005,46547788078,54652283721
1772212375005,46603377168,54708250477
1772212376005,46633051155,54745333108
1772212377005,46660121716,54771823117
1772212378005,46685644276,54796806169
1772212379005,46711393890,54822332361
1772212380005,46737519141,54847278977
1772212381005,46764304682,54872652314
1772212382005,46790772063,54897988162
1772212383005,46818145297,54923841897
1772212384005,46846283978,54950511767
1772212385005,46872831586,54975591967
1772212386005,46899044449,55000489804
1772212387005,46924444319,55025502045
1772212389103,46952033453,55079498261
1772212390005,47005351283,55102930231
1772212391006,47036994850,55147689009
1772212392005,47085860670,55200503066
1772212393005,47141195836,55254356863
1772212394006,47195049206,55308943472
1772212395005,47249034864,55364965172
1772212396005,47303783970,55420839358
1772212397005,47358060674,55475640982
1772212398005,47412035498,55531114554
1772212399005,47468730137,55586082720
1772212400005,47524018415,55639026225
1772212401005,47578068522,55693869916
1772212402006,47631194757,55749158652
1772212403006,47684552212,55804228589
1772212404005,47729693356,55853981555
1772212405005,47776425604,55896459567
1772212406006,47829780664,55951829354
1772212407005,47884244735,56008075255
1772212408005,47936797209,56064772366
1772212409005,47989641308,56122050348
1772212410005,48042862784,56177573585
1772212411005,48090675863,56224505896
1772212412005,48144621620,56274583567
1772212413005,48200784793,56327898529
1772212414004,48255123932,56379221436
1772212415005,48310096156,56431801420
1772212416006,48365031044,56486521383
1772212417005,48419262081,56539900505
1772212418006,48474446986,56594948973
1772212419005,48528013293,56650983703
1772212420006,48583458027,56699209878
1772212421005,48637753848,56754269652
1772212422006,48691090140,56810150643
1772212423005,48746077318,56865553662
1772212424005,48800282583,56918497075
1772212425005,48855796466,56971674761
1772212426005,48911451288,57022627417
1772212427005,48965947035,57071842310
1772212428006,49021053057,57124943812
1772212429005,49077717271,57177503914
1772212430005,49133209443,57230043403
1772212431005,49188641879,57281787233
1772212432005,49231580042,57319452567
1772212433006,49259460985,57353453098
1772212434005,49287302655,57388924316
1772212435322,49320853303,57435059961
1772212436006,49348382412,57458536271
1772212437005,49374484624,57492861385
1772212438005,49400018475,57529242423
1772212439006,49425585649,57564006586
1772212440005,49451649014,57598509425
1772212441005,49478109727,57632997097
1772212442005,49503518020,57667163284
1772212443006,49528839144,57701555884
1772212444005,49556214468,57737038668
1772212445006,49581963259,57771926085
1772212446005,49607552756,57806294272
1772212447005,49633104840,57840463679
1772212448005,49662248734,57874906676
1772212449005,49689778713,57909377397
1772212450005,49714929130,57943462670
1772212451005,49742111761,57978058186
1772212452005,49767756019,58012139950
1772212453005,49793818163,58046287095
1772212454005,49821962764,58083433200
1772212455005,49847807528,58117865730
1772212456005,49874005910,58152211503
1772212457005,49900282567,58186553401
1772212458005,49925942800,58220727400
1772212459005,49951682161,58257575012
1772212460005,49977701033,58291659889
1772212461005,50005653262,58326142801
1772212462005,50031690413,58360436727
1772212463005,50057083204,58394598199
1772212464005,50085100813,58430561275
1772212465006,50112124761,58470944837
1772212466006,50140051737,58508144176
1772212467006,50172230447,58539797950
1772212468006,50204350368,58567252524
1772212469005,50237067228,58595095429
1772212470005,50269842663,58624655012
1772212471005,50303152067,58652131939
1772212472006,50335960338,58677704988
1772212473006,50368634231,58703213572
1772212474005,50402559158,58730992485
1772212475006,50435679485,58756730000
1772212476005,50469049921,58782672078
1772212477006,50502251009,58808078983
1772212478005,50535298738,58833371513
1772212479005,50569241181,58859098149
1772212480005,50602351118,58884270309
1772212481005,50636099708,58909909807
1772212482029,50669369136,58935888840
1772212484005,50735841651,58988249475
1772212485005,50769033599,59019544014
1772212486005,50802039155,59045400221
1772212487005,50835457944,59071372572
1772212488005,50868440369,59096619695
1772212489006,50904156967,59128120492
1772212490006,50937966406,59153386290
1772212491006,50971474164,59178953831
1772212492005,51004669759,59204709579
1772212493005,51037768694,59229761445
1772212494614,51071732071,59273987201
1772212495005,51105091858,59283816892
1772212496005,51138169706,59308924725
1772212497005,51171312157,59334756580
1772212498005,51204456272,59359882356
1772212499005,51237389673,59385276779
1772212500005,51271130390,59410831595
1772212501006,51310476561,59443689835
1772212502005,51343931496,59470354136
1772212503005,51370108349,59498023817
1772212504005,51397134448,59525496441
1772212505006,51424794013,59553064412
1772212506006,51452689925,59580336104
1772212507006,51478804541,59606473790
1772212508005,51504655194,59631729229
1772212509006,51530837952,59665652554
1772212510006,51561218461,59702516645
1772212513847,51588815484,59803573445
1772212514005,51667971714,59809184163
1772212515005,51711541620,59861737323
1772212516006,51762413272,59914940153
1772212517006,51816514158,59971858230
1772212518005,51869491231,60028933068
1772212519006,51921532042,60086585879
1772212520005,51974774391,60143467428
1772212521005,52028807989,60200673835
1772212522005,52079810936,60257489073
1772212523005,52133716855,60311339087
1772212524005,52187609759,60368471310
1772212525005,52240133944,60424949423
1772212526005,52295903383,60483641822
1772212527005,52343163558,60538426281
1772212528005,52390166056,60585100305
1772212529005,52441984970,60641517279
1772212530006,52497626990,60697731916
1772212568115,52551408328,61744018048
1772212570006,53628929722,61793703254
1772212571005,53657841862,61820423536
1772212572005,53685547582,61845710177
1772212580005,53908604086,62062195289
1772212581005,53937904832,62088905456
1772212582005,53963389125,62113935320
1772212583005,53989301756,62139110714
1772212584006,54016942050,62166066703
1772212585005,54045100033,62192995730
1772212586005,54070346698,62218139602
1772212587005,54096401732,62243669333
1772212588005,54121459671,62268825030
1772212604011,54146970192,62688911627
1772212605651,54563639913,62743183006
1772212606004,54612181364,62764204822
1772212607005,54665538574,62819958607
1772212608005,54717439165,62874809347
1772212609005,54749748621,62909676959
1772212610006,54778081857,62936262132
1772212638547,54807478301,63775150558
1772212639005,55657719716,63786664779
1772212640005,55683586817,63812003144
1772212641006,55710324387,63837350558
1772212642005,55735552178,63868230385
1772212643005,55761035739,63893105121
1772212644005,55789708267,63921643028
1772212645005,55815908359,63946931759
1772212646005,55840988528,63971883853
1772212647006,55866033208,63996840006
1772212648005,55890903031,64021742908
1772212649005,55917369390,64048036592
1772212650005,55943016760,64073455657
1772212651005,55969479930,64098856062
1772212652005,55995141674,64124647666
1772212653005,56020802685,64149891981
1772212654005,56048593225,64177031844
1772212655005,56076782609,64203550767
1772212656005,56102147081,64228716061
1772212657005,56127745321,64255629281
1772212658005,56153388892,64285196965
1772212659005,56180131970,64310343950
1772212660005,56208099197,64337117574
1772212661005,56234530097,64362528980
1772212662005,56259504406,64387508630
1772212663006,56284771502,64412578607
1772212664005,56312061060,64439887437
1772212665006,56339763333,64466288461
1772212666005,56365569570,64491664468
1772212667006,56390714876,64516852451
1772212668005,56415708761,64541857536
1772212669005,56441186707,64572918734
1772212672062,56467369115,64678536136
1772212673005,56597294051,64732185934
1772212674005,56651811633,64785257576
1772212675005,56704140409,64842052827
1772212676005,56758019809,64897853286
1772212677005,56809659656,64954317757
1772212678006,56862749577,65010527573
1772212679006,56911500077,65061984065
1772212680005,56937764252,65088122758
1772212681005,56965456561,65114778362
1772212682005,56991317162,65140457820
1772212683005,57016605115,65165443726
1772212684005,57043846337,65193164063
1772212685006,57069801766,65219740021
1772212687436,57097140486,65284067855
1772212688005,57148810116,65298677253
1772212689005,57174247674,65329999272
1772212690005,57199684087,65355488188
1772212691005,57225922980,65382331695
1772212692005,57261772826,65420028949
1772212693005,57312528639,65477208838
1772212694006,57365446297,2679106
1772212695005,57418415299,58873145
1772212696005,57471585630,113000870
1772212697005,57524341385,169544988
1772212698005,57578393003,223556248
1772212699005,57632384275,280401179
1772212700005,57684972254,336026644
1772212701005,57738377207,392319326
1772212702005,57790501296,449086547
1772212703005,57843676769,506159142
1772212704006,57898594614,562817543
1772212705005,57951246188,620588206
1772212706005,58003343820,677165191
1772212707005,58056945968,731425492
1772212708005,58100417047,777589532
1772212709005,58125694945,802612301
1772212710005,58151432521,827761880
1772212711005,58199991808,878294438
1772212713411,58249587159,967241361
1772212714005,58305899493,983992417
1772212715006,58332737415,1009270697
1772212716005,58378792803,1057168183
1772212717005,58430923744,1114667636
1772212718006,58482906163,1172324581
1772212719006,58535063851,1229788345
1772212720005,58587355321,1287291948
1772212721005,58640285597,1345823391
1772212722005,58693999189,1401522659
1772212723005,58746115497,1458753830
1772212724005,58799011672,1516887268
1772212725005,58851259062,1573345957
1772212726005,58903977573,1629968532
1772212727005,58955967651,1687479489
1772212728005,59008144168,1743886347
1772212729005,59061422281,1802385183
1772212730005,59112065215,1859722962
1772212731005,59165099765,1916612491
1772212732005,59216361961,1974591213
1772212733005,59269734231,2030515613
1772212734005,59323893036,2087926828
1772212735005,59377884934,2144795012
1772212736006,59430868507,2203123157
1772212737005,59483259078,2261902649
1772212738005,59536299334,2318006208
1772212739005,59587592946,2375272747
1772212740005,59639170982,2433150339
1772212741005,59692320623,2491377247
1772212742005,59745901623,2549043927
1772212753232,59793295367,2884680363
1772212754005,60117895310,2928967029
1772212755005,60171117670,2985676285
1772212756005,60225354673,3041733795
1772212757006,60275586603,3099947078
1772212758007,60326696249,3156235610
1772212759005,60381871923,3212736945
1772212760005,60434548932,3266870727
1772212761005,60487747185,3324934176
1772212762005,60538591388,3381777199
1772212763005,60592128903,3438790212
1772212764005,60644743522,3496654147
1772212765005,60697342044,3553500420
1772212766005,60747898603,3611130863
1772212767005,60802320883,3669188346
1772212768005,60856011603,3727549616
1772212769005,60907840481,3784709823
1772212770006,60960559587,3841713314
1772212771005,61013625004,3899263408
1772212772006,61066798401,3955998923
1772212773005,61120025202,4013077789
1772212780213,61174773866,4309695109
1772212781005,61424546365,4330398628
1772212782005,61459262999,4364121219
1772212783005,61512100019,4421462904
1772212784005,61565408434,4480248331
1772212785005,61615933226,4536532865
1772212786005,61649824860,4582935159
1772212787005,61706030969,4624110108
1772212788005,61758256234,4679923033
1772212789005,61809331245,4736698799
1772212790005,61860132512,4792692714
1772212791005,61912874489,4849979790
1772212792005,61964998701,4905456582
1772212793005,62018105681,4961851401
1772212794005,62069682405,5018627258
1772212795005,62121606859,5074589436
1772212796005,62173235003,5130765395
1772212797005,62223462263,5188127922
1772212798005,62275816078,5244095624
1772212799005,62328921196,5300840431
1772212800005,62380777019,5357313097
1772212801005,62431733811,5416140072
1772212802005,62483079743,5472387331
1772212803005,62535393016,5528570170
1772212804005,62589560534,5585532679
1772212810889,62644639671,5802276154
1772212811005,62813982537,5805405982
1772212812005,62843883639,5841976219
1772212813005,62898060662,5894151332
1772212814005,62950383106,5950311879
1772212815005,63003481587,6006581659
1772212816005,63058596000,6058470761
1772212817006,63112032537,6111514267
1772212818005,63165483020,6165439441
1772212819005,63218632524,6222299919
1772212820005,63270021849,6274342714
1772212821005,63299040765,6302826288
1772212822005,63350700523,6356430449
1772212823005,63404467076,6411622969
1772212824005,63457651627,6468401481
1772212825005,63500756179,6506609969
1772212826005,63526669206,6532184117
1772212827005,63553097756,6557696881
1772212828005,63597244017,6609494373
1772212829005,63649337393,6664028556
1772212830005,63700181336,6721290472
1772212831005,63755027514,6779408423
1772212832005,63806433928,6836254390
1772212833005,63857985813,6892738362
1772212834005,63910559067,6950354904
1772212835006,63962890376,7006023305
1772212839437,64014156112,7195646602
1772212840005,64168825847,7210256793
1772212841005,64209262111,7260959493
1772212842005,64262024793,7316050485
1772212843005,64315031253,7372063122
1772212844005,64368248106,7427743638
1772212845005,64420311758,7484652011
1772212846005,64471363821,7542523026
1772212847004,64523685334,7601887037
1772212848005,64575827977,7656896903
1772212849005,64629352141,7713014530
1772212850005,64680068650,7770984127
1772212851005,64724489189,7817090645
1772212852005,64753794009,7843944328
1772212853005,64801980436,7890299994
1772212854005,64854689304,7947294879
1772212855005,64906140668,8004479819
1772212856005,64957123444,8059942237
1772212857005,65004468728,8111632496
1772212858005,65054660133,8170456724
1772212859005,65106249033,8227349931
1772212860005,65157520048,8284220326
1772212861005,65208048853,8331932031
1772212862006,65234118733,8361080213
1772212863005,65271425138,8405632352
1772212864005,65324367972,8461778786
1772212865005,65376513804,8519341773
1772212866006,65429354684,8575541656
1772212867005,65482232855,8631706827
1772212868005,3477969,8688818162
1772212869005,57945428,8741535712
1772212870005,99051304,8778883634
1772212871014,125497690,8807697039
1772212872005,174049791,8860925747
1772212873005,226350644,8918140760
1772212874005,277364364,8976491685
1772212875005,328242943,9034495659
1772212876005,379580849,9090941394
1772212877005,431782937,9147861653
1772212878005,483975993,9206520301
1772212879006,538690403,9267159759
1772212880006,592060019,9323071571
1772212881006,643316538,9380774275
1772212882005,679207169,9418259870
1772212883005,707429785,9443779409
1772212884005,736402926,9472843992
1772212885005,763122980,9498465760
1772212886005,788554465,9523575591
1772212887005,813891869,9548680478
1772212888005,859008127,9601136567
1772212889005,910250961,9659100992
1772212890005,961728996,9717511667
1772212891005,1013819778,9775514344
1772212892005,1064070292,9834788638
1772212893005,1115962567,9892080521
1772212894005,1170966467,9950322076
1772212895005,1223028975,10006812991
1772212896005,1274247701,10063017817
1772212897006,1326169134,10121035218
1772212898005,1376177748,10179476943
1772212899005,1428509132,10228011528
1772212900005,1458955297,10256425494
1772212901005,1504318902,10312287717
1772212902005,1556496242,10368678768
1772212903005,1609951028,10424085647
1772212904005,1662428050,10482564556
1772212905005,1714365581,10540574251
1772212906005,1767032168,10597824693
1772212907005,1819844974,10652256311
1772212908005,1872702958,10708815963
1772212909006,1925750920,10767545103
1772212910005,1979822556,10826020122
1772212911005,2034602529,10881360812
1772212916623,2087712118,11094499890
1772212917005,2269692544,11113823933
1772212918005,2322534294,11169865560
1772212919005,2375905435,11226041458
1772212920005,2428212163,11282753659
1772212921005,2481616659,11340327799
1772212922005,2533997205,11396254426
1772212923005,2587392957,11452985044
1772212924005,2641586215,11502049935
1772212925005,2670466405,11529018786
1772212926006,2697098038,11560368528
1772212927005,2725643422,11585974580
1772212928005,2753174469,11611154308
1772212929006,2778821839,11636318977
1772212930005,2804270993,11661505815
1772212931005,2830325295,11688539802
1772212932006,2856136582,11714105161
1772212933006,2882223749,11739345326
1772212934005,2909696571,11766492283
1772212935006,2946687410,11805148152
1772212936006,2997002222,11858570667
1772212937005,3049304052,11916939139
1772212938006,3102631052,11973021749
1772212939006,3157182201,12030732174
1772212940005,3204708628,12087255389
1772212941005,3255698698,12144934886
1772212942005,3307525989,12202827049
1772212944888,3354038140,12318886889
1772212945004,3428902631,12325604513
1772212946004,3478722793,12383532120
1772212947005,3528958080,12441189112
1772212948006,3580328958,12498646452
1772212949006,3633712260,12556542155
1772212950006,3687258685,12614280670
1772212951005,3739779666,12670924469
1772212952005,3790553896,12729389234
1772212953005,3839544008,12784139668
1772212954005,3892700377,12839604879
1772212955006,3942961999,12896868244
1772212956006,3993772390,12955851430
1772212957005,4043376393,13014835074
1772212958005,4093909668,13073739102
1772212959005,4143391347,13131539732
1772212960005,4193993100,13190282086
1772212961004,4243815444,13247415149
1772212962005,4295462981,13304581962
1772212963005,4345531391,13362217165
1772212964005,4396568912,13420790399
1772212965006,4447463558,13479508645
1772212966006,4502696374,13536950774
1772212967007,4557473814,13594465332
1772212968005,4611150284,13652455481
1772212969005,4661796636,13710110581
1772212970005,4709759457,13766839825
1772212971005,4761116939,13825396153
1772212972005,4812612887,13883303925
1772212973005,4862318859,13942165643
1772212975198,4905835071,14015998998
1772212976005,4964140162,14036548350
1772212977006,4990747184,14061815034
1772212978005,5016649028,14087821547
1772212979005,5042095939,14113110431
1772212980005,5067396541,14138351725
1772212981005,5094043005,14164138630
1772212982005,5119915812,14189752418
1772212983005,5158894311,14233390877
1772212984005,5198440881,14273769252
1772212985005,5226693433,14299641037
1772212986005,5255731878,14325482413
1772212987005,5283605605,14351128700
1772212988005,5309662973,14376525062
1772212989005,5335560605,14408265028
1772212990005,5360846544,14434084387
1772212991005,5387842554,14459849747
1772212992006,5413860694,14485266630
1772212993005,5439057481,14510215154
1772212994005,5466793443,14538600161
1772212995006,5492758225,14564536243
1772212996005,5517889723,14589423598
1772212997005,5543611415,14614534405
1772212998006,5569489639,14639435965
1772212999005,5618667363,14693836273
1772213000005,5668239522,14751948121
1772213001005,5717349257,14808247563
1772213002006,5769652719,14865461324
1772213003006,5823384758,14922375343
1772213004005,5878286368,14979844218
1772213005005,5918312375,15026300739
1772213006006,5969984995,15084000209
1772213007007,6023881317,15140021680
1772213008006,6078753525,15196602128
1772213009007,6132064519,15253271744
1772213010006,6187367507,15309448633
1772213011007,6242597759,15366539018
1772213012006,6298366802,15423031672
1772213013006,6353158676,15480152619
1772213014006,6407763274,15536704474
1772213015005,6452704874,15580441073
1772213016005,6478940685,15606460525
1772213017006,6519491154,15647771453
1772213018006,6574902168,15704706818
1772213019006,6629545811,15761583744
1772213020006,6683140299,15816373788
1772213021006,6738012980,15872667812
1772213022005,6792967978,15929337001
1772213023007,6848264298,15986254819
1772213024006,6903637945,16043607855
1772213025006,6959662834,16100627337
1772213026006,7015165975,16157413097
1772213027006,7064338847,16213567389
1772213028006,7119636235,16270653212
1772213029006,7173929768,16327478261
1772213030006,7228224476,16381311018
1772213031006,7273912329,16426808299
1772213032006,7314045676,16465342698
1772213033005,7341135217,16491011842
1772213034005,7368975284,16518676274
1772213046886,7395522267,16860476500
1772213047005,7708682189,16863591253
1772213048005,7734456796,16888754838
1772213049005,7759970216,16914087970
1772213050006,7785382598,16939304302
1772213051005,7816891070,16969112804
1772213052005,7842198157,17000942914
1772213053006,7867770046,17026578567
1772213054005,7907466876,17066534173
1772213055006,7962133956,17122773162
1772213056006,8012792957,17175076823
1772213057005,8038166614,17201049158
1772213058006,8090926566,17257303314
1772213059005,8144577752,17313664779
1772213060006,8199372786,17369699998
1772213061006,8255020024,17425936713
1772213062005,8304898533,17475919160
1772213063005,8331405691,17501918090
1772213064006,8374320846,17544024174
1772213065006,8429573543,17600033911
1772213066006,8484207268,17655491309
1772213067005,8539457051,17711295644
1772213068006,8594634846,17768126995
1772213069005,8649966015,17823490907
1772213070007,8705443416,17879708230
1772213071007,8760576093,17936712240
1772213072006,8814543914,17993908577
1772213073006,8868437123,18050867698
1772213074005,8921845280,18107051728
1772213075006,8976246138,18163939014
1772213076007,9032246248,18220808739
1772213077006,9088047989,18277883698
1772213078006,9143747593,18334582503
1772213079005,9199579559,18390940611
1772213080005,9255698682,18446543983
1772213081006,9312212330,18503196143
1772213090118,9350914735,18948078761
1772213091005,9804502545,18997468174
1772213092006,9848384462,19040795905
1772213093005,9877447504,19067703693
1772213094006,9908829548,19095932565
1772213095005,9935327948,19122163920
1772213096005,9960717733,19147462294
1772213097005,9986194642,19172803345
1772213098005,10012436281,19198735918
1772213099006,10038634114,19229659246
1772213100005,10064055895,19254893231
1772213101005,10091162312,19280350838
1772213102005,10117458849,19306420108
1772213103006,10171615091,19362847686
1772213104005,10225199860,19418736321
1772213105006,10278772590,19475016156
1772213106006,10333765549,19531090450
1772213107006,10386089015,19587864308
1772213108006,10440877381,19644397823
1772213109005,10495719195,19699879039
1772213110005,10549256221,19755134711
1772213111006,10605178485,19811666303
1772213112006,10659847380,19869118944
1772213113917,10695450855,19927644558
1772213114005,10725033020,19930743625
1772213115005,10751860368,19961460329
1772213116005,10777093941,19986975382
1772213117005,10802321229,20012626293
1772213118005,10852301951,20062697464
1772213119006,10889862920,20104961087
1772213120006,10945609778,20161150838
1772213121006,11001331261,20217944319
1772213122005,11040468047,20253157891
1772213123006,11071326802,20286939286
1772213124005,11101883389,20321369527
1772213125006,11128729153,20355727080
1772213126006,11154246022,20389802481
1772213127006,11180311523,20423895200
1772213128005,11205719266,20458037661
1772213129005,11231535070,20492190665
1772213130006,11257591965,20527946979
1772213131005,11284619254,20562902492
1772213132005,11309940592,20597141994
1772213133005,11336202799,20631751410
1772213134005,11364065631,20666989303
1772213135005,11392643880,20701397634
1772213136005,11417922724,20735717087
1772213137005,11442975567,20770148504
1772213138005,11468092951,20804486480
1772213139005,11493160456,20838726317
1772213140005,11518645009,20872719600
1772213141005,11544105743,20907862741
1772213142005,11569144152,20942192722
1772213144189,11594596739,21018573065
1772213145006,11650049499,21046703294
1772213146006,11676032316,21083259219
1772213147006,11701294605,21117649896
1772213148005,11726464584,21151735154
1772213149005,11752046619,21188422878
1772213150006,11777658607,21222714501
1772213151005,11804516425,21257072908
1772213152006,11829689592,21291329361
1772213153005,11859010921,21325871504
1772213154005,11889457268,21361516618
1772213155005,11919520991,21396329759
1772213156005,11947798673,21430663448
1772213157005,11975052711,21465147612
1772213158005,12000605451,21499536367
1772213159005,12025686307,21533982324
1772213160005,12051066373,21568365327
1772213161005,12077546418,21603322168
1772213162005,12102606783,21639363135
1772213163005,12127737823,21674008789
1772213167269,12155533138,21821246445
1772213168005,12258919592,21846627868
1772213169005,12284363039,21880950327
1772213170679,12309811186,21938430814
1772213171005,12337280575,21949759269
1772213172005,12362296204,21984039051
1772213173005,12387482478,22018419903
1772213174005,12414716451,22053609001
1772213175005,12440474381,22088042508
1772213176006,12465876617,22122295497
1772213177005,12491211107,22158206741
1772213178005,12516656782,22193015823
1772213179005,12546845727,22227330623
1772213180005,12572017093,22261529828
1772213181005,12597952413,22296395502
1772213182005,12623072757,22330595485
1772213183005,12648376365,22365114650
1772213184005,12675985838,22400136033
1772213185005,12701796209,22434628328
1772213186005,12729876178,22469053581
1772213187005,12756424122,22503646091
1772213190860,12782044013,22636137835
1772213191005,12859063726,22641260602
1772213192006,12884454427,22675658222
1772213193006,12910291088,22712589631
1772213194006,12938016980,22748061308
1772213195006,12963350005,22782864821
1772213196006,12988954379,22817138241
1772213197005,13014173381,22851526675
1772213198005,13039174804,22885612971
1772213199005,13064465961,22919903587
1772213200005,13089561084,22954176472
1772213201005,13116610130,22988478654
1772213202005,13141598127,23022817790
1772213203005,13166706585,23057350229
1772213204005,13193685582,23092670912
1772213205006,13219387011,23127038169
1772213206006,13244900859,23161069444
1772213207006,13270316278,23195292162
1772213208005,13295613767,23229898481
1772213209005,13325979521,23266168562
1772213210005,13351246434,23300427731
1772213211006,13378912514,23334732903
1772213212005,13404124513,23368896480
1772213213005,13429528778,23403380628
1772213214006,13457076120,23438113360
1772213215006,13483025523,23472422972
1772213216005,13508457878,23506603516
1772213217005,13537269056,23540969262
1772213220598,13563075887,23663917097
1772213221005,13641308551,23677916998
1772213222006,13670190282,23711968506
1772213223005,13698257831,23746319177
1772213227412,13726174600,23900758792
1772213228005,13827807879,23921042289
1772213229006,13853616145,23955310872
1772213230005,13878665097,23989340072
1772213231005,13905337545,24023694969
1772213232005,13930629710,24057955130
1772213233005,13955665036,24092325545
1772213234005,13982842204,24127563240
1772213235005,14008682817,24161743326
1772213236006,14033993139,24195973764
1772213237005,14059661092,24230268149
1772213238005,14084886549,24264310059
1772213239005,14110284832,24300858965
1772213240005,14135509755,24337391988
1772213241005,14162119081,24371901098
1772213242005,14187477572,24406127874
1772213243005,14212916915,24440494444
1772213244006,14240373396,24475390330
1772213245005,14266024520,24509805313
1772213246005,14290891566,24543839274
1772213247005,14317489540,24578093026
1772213248005,14345685150,24612377950
1772213249005,14370624396,24646627888
1772213250005,14395747090,24680918092
1772213251005,14422143110,24715336280
1772213252005,14447451173,24749677460
1772213253005,14475673926,24784226150
1772213254005,14504119720,24819647444
1772213255005,14529796402,24854530894
1772213256005,14555121233,24890536890
1772213257006,14580707755,24924847463
1772213258005,14605630569,24958963192
1772213259006,14630564002,24993307134
1772213260005,14655499450,25027470879
1772213261005,14681811962,25062009117
1772213262005,14707418319,25096164898
1772213263006,14732607477,25130292542
1772213264006,14760350625,25165279838
1772213265005,14786115986,25199606325
1772213266005,14811173070,25233804706
1772213267006,14836769998,25268036136
1772213268005,14862195594,25302277926
1772213269005,14892524622,25336576903
1772213270005,14917641853,25370763352
1772213271005,14944359649,25406949347
1772213272006,14970015579,25441717569
1772213273006,14995242287,25476056400
1772213274006,15023006659,25511066277
1772213275005,15048969794,25545438935
1772213276005,15074068243,25579748288
1772213277005,15099652506,25614142597
1772213278005,15126020390,25648435211
1772213279005,15151958624,25682640077
1772213280005,15177064152,25716988001
1772213281005,15203805521,25751387483
1772213282005,15229312106,25785571643
1772213283005,15255011812,25819967920
1772213284005,15283212303,25855594801
1772213285006,15308958882,25890128995
1772213286005,15334171048,25924400218
1772213287005,15363251057,25961576976
1772213288005,15388801936,26002173738
1772213289005,15416651951,26032204763
1772213290006,15450581807,26061864590
1772213291005,15484162956,26087870143
1772213292005,15517114712,26113132523
1772213293005,15549934655,26138289639
1772213294005,15583830287,26166294722
1772213295005,15616904641,26191748026
1772213296005,15649685753,26216758146
1772213297005,15682747428,26241886134
1772213298005,15715700817,26267016289
1772213299005,15748657807,26297832170
1772213300005,15781489086,26322834737
1772213301005,15814882562,26348477866
1772213302005,15847793656,26375058553
1772213303005,15880886793,26404820991
1772213304005,15914330285,26433271622
1772213305005,15947778293,26458717191
1772213306005,15980903243,26483764296
1772213307005,16014381675,26509114883
1772213308005,16047628659,26534325738
1772213309005,16080772102,26559720405
1772213310005,16113907717,26584882465
1772213311005,16147112085,26611817321
1772213312005,16180349212,26636880828
1772213313005,16213710860,26662059580
1772213314005,16248310434,26690330472
1772213315005,16281872450,26716272841
1772213316005,16314995600,26741339446
1772213317005,16348224320,26766552055
1772213318005,16381753714,26796525755
1772213319005,16415147555,26822899498
1772213320005,16448390999,26847828599
1772213321005,16482355353,26873176973
1772213322005,16515615871,26898155921
1772213323005,16549167312,26923197214
1772213324005,16583396713,26950956078
1772213325005,16616726029,26976504561
1772213326005,16649962316,27001591155
1772213327005,16683291251,27026908784
1772213328005,16716814145,27052069913
1772213329005,16750289770,27083157905
1772213330005,16783555627,27108164272
1772213331005,16817509362,27133732240
1772213332005,16850700974,27158791216
1772213333005,16884185052,27183877321
1772213334005,16918436363,27216419370
1772213335005,16952075950,27241937230
1772213336005,16985331631,27266946618
1772213337006,17018639936,27292253964
1772213338005,17052052637,27317288238
1772213339005,17085291747,27342462427
1772213340005,17118518041,27367582619
1772213341005,17152557022,27393018834
1772213342005,17185650205,27418109287
1772213343005,17219046580,27443243226
1772213344005,17253475478,27471544299
1772213345005,17286862576,27497586638
1772213346009,17320399157,27522776207
1772213347005,17353359076,27547821055
1772213348005,17386603634,27572877620
1772213349005,17419687220,27599649887
1772213350005,17452535710,27628886000
1772213351005,17485910861,27655690095
1772213352005,17519002183,27680883097
1772213353005,17552323839,27706070851
1772213354005,17586298736,27734051750
1772213355006,17619581378,27759975687
1772213356005,17652681366,27785060342
1772213357006,17685758039,27810156945
1772213358005,17719025805,27835068315
1772213359005,17752270271,27866080734
1772213360005,17785288003,27891137803
1772213361005,17819031650,27916778704
1772213362005,17852068973,27941841450
1772213363005,17885431399,27966824365
1772213364005,17919832681,27994563683
1772213365005,17953495445,28025273551
1772213366005,17986579473,28050868312
1772213367005,18019457503,28076065572
1772213368005,18052446657,28101165394
1772213369005,18085635263,28126488471
1772213370005,18118715141,28151872763
1772213371005,18152408086,28177367142
1772213372005,18185434469,28202584740
1772213373005,18218391810,28227884137
1772213374005,18252864362,28256275521
1772213375005,18286266520,28282391663
1772213376005,18319239485,28307518568
1772213377005,18352253784,28332732474
1772213378005,18385304581,28357921723
1772213379005,18418764062,28383115107
1772213380005,18451921024,28408306218
1772213381005,18485797995,28439683258
1772213382005,18518976028,28464977680
1772213383005,18552139184,28490149138
1772213384005,18586625514,28517953441
1772213385005,18620172394,28543435918
1772213386005,18653462817,28568477927
1772213387005,18686659464,28593761517
1772213388005,18720065085,28618979985
1772213389005,18753731344,28650074492
1772213390005,18786883941,28675300727
1772213391005,18820384360,28702078837
1772213392005,18853570419,28727326784
1772213393005,18886870637,28752423691
1772213394005,18921516581,28779948940
1772213395005,18955121808,28805287367
1772213396005,18988437300,28832678620
1772213397005,19021757949,28861403254
1772213398005,19055021716,28886615787
1772213399005,19088588706,28911961705
1772213400005,19121798720,28937186979
1772213401005,19155367540,28962943703
1772213402005,19188476042,28988182465
1772213403005,19221705754,29013460409
1772213404005,19255736968,29041843096
1772213405006,19289767938,29068156555
1772213406005,19323104578,29093335108
1772213407005,19356215186,29118715540
1772213408005,19389439862,29143917514
1772213409005,19422856896,29169147441
1772213410005,19455988148,29194386309
1772213411005,19490057294,29219735920
1772213412005,19525409835,29244986994
1772213413005,19558735947,29270247178
1772213414005,19593159841,29297879324
1772213415005,19626650510,29323542380
1772213416005,19659911806,29348705172
1772213417005,19693157020,29373989524
1772213418005,19726186226,29399237928
1772213419005,19759867422,29430296289
1772213420005,19793073407,29455551560
1772213421006,19826465784,29482488964
1772213422005,19859674516,29507674764
1772213423005,19892859629,29532850495
1772213424005,19927515841,29560442147
1772213425005,19961343666,29586230669
1772213426005,19994504961,29611196617
1772213427005,20027681560,29636461699
1772213428005,20063025679,29661701970
1772213429005,20096479119,29687044593
1772213430005,20129737103,29712513781
1772213431005,20163120570,29739602864
1772213432005,20196307361,29764870463
1772213433005,20229535424,29790093158
1772213434005,20263784706,29817911208
1772213435005,20297763128,29844093280
1772213436005,20331007884,29869249327
1772213437005,20364262466,29894674831
1772213438005,20397371822,29919858328
1772213439005,20430540853,29944994983
1772213440008,20464046368,29970301154
1772213441005,20497913010,29995807953
1772213442005,20531080179,30020931333
1772213443005,20565296762,30046205310
1772213444005,20600406733,30073968019
1772213445005,20633908662,30099963028
1772213446005,20667001693,30125150507
1772213447005,20700022248,30150599493
1772213448005,20733100752,30175831297
1772213449005,20766297491,30206949179
1772213450005,20799548000,30232284874
1772213451005,20832815398,30259259309
1772213452005,20866030844,30284619524
1772213453005,20899145602,30309926016
1772213454005,20933316427,30338233756
1772213455005,20967279850,30363662632
1772213456005,21000673081,30388726873
1772213457005,21033958195,30413947874
1772213458006,21067263784,30439045407
1772213459005,21102587595,30464168360
1772213460005,21136188809,30489300315
1772213461005,21170170969,30514639352
1772213462005,21208538217,30539857210
1772213463005,21246729128,30565105279
1772213464005,21276361919,30595111722
1772213465005,21302293393,30620794064
1772213466005,21328012141,30647522602
1772213467005,21354951986,30675539173
1772213468005,21383244865,30702256267
1772213469005,21410070428,30727990669
1772213470005,21437918353,30753736713
1772213471005,21474129935,30780963653
1772213472005,21513403936,30806473808
1772213473005,21559461063,30862678192
1772213474005,21610180486,30921051181
1772213475006,21660632757,30966767505
1772213476005,21706489150,31025842575
1772213477005,21756827855,31083808679
1772213478005,21809564111,31139860010
1772213479005,21865568325,31196019230
1772213480005,21920456554,31252007012
1772213481005,21974032809,31310059750
1772213482005,22028058244,31366347336
1772213483005,22081953238,31421722020
1772213484006,22136442333,31479397672
1772213485006,22192085207,31535348514
1772213486005,22246531549,31590090922
1772213487006,22300942661,31645477783
1772213488005,22353569303,31701827438
1772213489005,22408158094,31757695933
1772213490005,22462381395,31814266097
1772213491010,22517290786,31871037377
1772213492005,22572823330,31927344157
1772213493005,22626647222,31982099916
1772213494005,22681241872,32038549801
1772213496196,22735669843,32119672040
1772213497005,22791600712,32140842973
1772213498005,22816730898,32166361841
1772213499006,22842135651,32191893495
1772213500005,22887835268,32241113377
1772213501005,22941587722,32297752293
1772213502005,22994542503,32354918938
1772213503006,23049684854,32407931624
1772213504005,23104857309,32465115983
1772213505005,23157038265,32519343449
1772213506005,23210777094,32575663596
1772213507005,23267373914,32633857745
1772213508006,23321045424,32691370289
1772213509005,23375874147,32749568711
1772213510005,23430664465,32807126678
1772213511005,23484928230,32862935391
1772213512005,23540275984,32920387758
1772213513005,23594852279,32974781444
1772213514006,23650564852,33031562016
1772213515005,23704768713,33085810782
1772213516005,23761818894,33141402390
1772213517005,23815648767,33197925483
1772213518005,23870019735,33254442092
1772213519005,23924367281,33310173142
1772213520005,23977980888,33366350199
1772213521005,24029760635,33423516478
1772213522006,24084049499,33481947462
1772213523005,24138925033,33539803967
1772213524005,24193724445,33597568329
1772213525005,24248883382,33654471148
1772213527775,24298548523,33772039165
1772213528005,24380710762,33784023179
1772213529005,24407407136,33810560595
1772213530005,24432951820,33835526039
1772213531005,24459770852,33861544378
1772213532005,24485935271,33886448821
1772213533005,24518607546,33916018688
1772213534006,24573178928,33973909111
1772213535006,24627820343,34031675731
1772213536007,24681150075,34088857436
1772213537005,24731905735,34146362000
1772213538005,24787031424,34201414970
1772213539005,24841997149,34259640108
1772213540005,24896983563,34314201785
1772213541005,24953787510,34369196271
1772213542006,25009477181,34425762926
1772213543006,25065305165,34483627136
1772213544005,25120555955,34541016716
1772213545005,25175370488,34598956957
1772213546007,25228530031,34655733073
1772213547006,25284534001,34711125732
1772213548005,25335525566,34766381114
1772213549005,25391489621,34822776437
1772213550005,25446319305,34877995368
1772213551005,25500832203,34933989115
1772213552005,25555717121,34989153285
1772213553005,25610684096,35045954730
1772213554005,25664365311,35103211656
1772213555005,25719677392,35160306818
1772213556005,25775369870,35217537867
1772213557005,25830993519,35271442596
1772213558005,25860938946,35298427894
1772213559005,25902600412,35339986857
1772213560005,25959139449,35392427840
1772213561005,26000082034,35444491004
1772213562005,26043289379,35484572840
1772213563005,26095144440,35540460391
1772213564005,26151159075,35595760067
1772213565005,26205947105,35650391306
1772213566005,26262540110,35704257508
1772213567006,26317593263,35757655138
1772213568006,26372820555,35813257868
1772213569005,26429104617,35869778581
1772213570005,26484545201,35925116448
1772213571005,26539906244,35978674530
1772213572005,26596077244,36033353023
1772213573005,26652699728,36088790479
1772213574005,26709356023,36143923187
1772213575005,26766066683,36200575820
1772213576005,26821363277,36253506021
1772213577005,26851537330,36304074893
1772213578005,26908869769,36351178139
1772213579005,26965710533,36403309446
1772213580005,27022709798,36456487711
1772213581005,27077209955,36512849024
1772213582005,27133632208,36567802526
1772213583005,27189210389,36621505743
1772213584005,27243340432,36678951121
1772213585005,27298676529,36736794840
1772213586005,27352475246,36794469912
1772213587005,27408309623,36850919004
1772213588006,27457352589,36898949097
1772213589005,27484684412,36924983533
1772213590005,27510335002,36950509663
1772213591005,27537241600,36976454199
1772213592005,27579563218,37019966978
1772213593005,27632849296,37076068905
1772213594005,27688167694,37134152998
1772213595005,27742189940,37191766321
1772213596006,27794736050,37249077658
1772213597005,27850521785,37305928814
1772213598005,27902845007,37364431495
1772213599005,27957475361,37423358883
1772213600006,28011732977,37479851689
1772213601005,28067250140,37537346930
1772213602006,28121964886,37595764029
1772213603005,28176628487,37654471931
1772213604005,28231979704,37713711024
1772213605005,28283158546,37772106579
1772213606005,28336977143,37830616157
1772213607005,28390915974,37886474246
1772213608005,28444605626,37944490715
1772213609005,28498565695,38002746187
1772213610005,28553170904,38059154433
1772213611005,28607245362,38113587333
1772213612005,28661286025,38171177814
1772213613005,28715247437,38226642704
1772213614005,28771331207,38285443054
1772213615005,28824473661,38342376725
1772213616005,28877895352,38401347521
1772213617005,28931038508,38459537688
1772213618005,28983845195,38516552059
1772213619006,29035341876,38567539732
1772213620005,29063397539,38592878846
1772213621005,29090726997,38618283324
1772213622005,29116625117,38643711636
1772213623006,29159274767,38688684301
1772213624005,29202064531,38733974256
1772213625006,29233385192,38767463216
1772213626005,29286943580,38826274277
1772213627005,29341698820,38884405411
1772213628005,29396271956,38941773828
1772213629005,29450514940,38997920933
1772213630005,29503925599,39053837032
1772213631005,29558696982,39110892889
1772213632005,29613735960,39168853561
1772213633005,29669417544,39227774723
1772213634005,29724622117,39287608253
1772213635006,29778526007,39347074248
1772213636005,29832977399,39405634376
1772213637005,29887156574,39465101912
1772213638006,29940597200,39525208972
1772213639005,29994269016,39584666408
1772213640005,30047212216,39642610845
1772213641005,30100849640,39700333354
1772213642006,30155101778,39760956409
1772213643006,30208254760,39821118138
1772213644005,30262912624,39881276877
1772213645005,30316273878,39941824420
1772213646005,30370505967,40000716349
1772213647005,30423026338,40059011231
1772213648005,30478629724,40111754536
1772213649005,30530859338,40169895542
1772213650467,30573769885,40228871954
1772213651005,30605251548,40243596855
1772213652005,30630789489,40268943017
1772213653005,30656039007,40294188492
1772213654005,30683585007,40321703731
1772213655006,30730169359,40370733133
1772213656005,30785228218,40430435260
1772213657005,30839842398,40485554602
1772213658005,30892932655,40542064665
1772213659005,30948183109,40600736161
1772213660006,31003127777,40656953820
1772213661006,31057357776,40715427450
1772213662005,31111324727,40773874592
1772213663006,31165886679,40833207492
1772213664006,31220555864,40893398303
1772213665005,31273429396,40952908348
1772213666005,31327571539,41011047690
1772213667005,31382727684,41072021023
1772213668005,31435531533,41130992797
1772213669006,31489460674,41189862570
1772213670005,31543145642,41247311397
1772213671005,31596424625,41306634913
1772213672005,31651265615,41366488476
1772213673005,31706257202,41423664398
1772213674005,31761058399,41481348229
1772213675006,31813604739,41540252088
1772213676005,31867657928,41598702710
1772213677005,31922208314,41654553749
1772213678005,31976511918,41710756821
1772213679005,32031016103,41769547146
1772213680005,32085905797,41828908502
1772213681638,32124961226,41886102245
1772213682005,32158012770,41900582102
1772213683006,32211962449,41958382504
1772213684005,32259961889,42006408066
1772213685005,32289894713,42037230278
1772213686005,32315801928,42063076690
1772213687005,32354788238,42108456820
1772213688005,32404749858,42167739612
1772213689005,32454742969,42223945445
1772213690005,32508543013,42282427071
1772213691005,32562379905,42339935449
1772213692006,32616322000,42397292301
1772213693005,32670730701,42454479956
1772213694005,32724926644,42509725314
1772213695005,32778503417,42562183386
1772213696006,32832942237,42618089644
1772213697005,32888614498,42672311205
1772213698005,32944247669,42724485707
1772213699005,32999994221,42778994958
1772213700005,33055504900,42830344872
1772213701005,33111337752,42883800558
1772213702005,33165745324,42937291429
1772213703005,33220774262,42990819178
1772213704005,33276561141,43037342865
1772213705005,33330992271,43089697152
1772213706005,33386178000,43140879487
1772213707005,33440899856,43194587342
1772213708005,33495908715,43247338902
1772213709006,33550807258,43303053489
1772213710006,33605131430,43355561363
1772213713510,33661819050,43511799758
1772213714006,33783168777,43527442550
1772213715005,33830954682,43573669621
1772213716010,33885348857,43626214129
1772213717005,33918134515,43654065030
1772213718005,33946469033,43679807122
1772213719005,33973926811,43712030111
1772213720005,33999289238,43737699422
1772213721005,34026600112,43763731691
1772213722005,34051849233,43789287498
1772213723005,34076949025,43814720799
1772213724006,34107545328,43845573803
1772213725005,34161810542,43900808465
1772213726005,34215497051,43956974688
1772213727006,34269642948,44013306172
1772213728005,34323324910,44069283684
1772213729005,34377701507,44125893123
1772213730005,34432270600,44180226784
1772213731006,34485942065,44233403890
1772213732005,34541763259,44287101567
1772213733005,34596113690,44339190930
1772213734005,34649755523,44391320467
1772213735005,34704004747,44443424599
1772213736005,34758894029,44495767305
1772213737006,34813750948,44551377589
1772213738006,34868823128,44604788614
1772213739006,34922677292,44657512633
1772213740005,34976418363,44709442229
1772213741005,35030838919,44761852498
1772213742006,35085061304,44817484829
1772213743005,35138131237,44869932800
1772213744005,35192669249,44926286667
1772213745004,35246547811,44979568534
1772213746006,35300653808,45033198954
1772213747005,35354172631,45088792179
1772213748005,35386295421,45115168821
1772213749005,35414711355,45147232455
1772213750005,35440650200,45173016873
1772213751006,35494734469,45225727786
1772213752005,35549766718,45278873826
1772213753006,35591313291,45318921407
1772213754006,35618782513,45346629980
1772213755005,35644565512,45373165519
1772213756005,35688105252,45414555194
1772213757006,35742650527,45468553195
1772213758005,35796314485,45523414326
1772213759005,35851354500,45578086105
1772213760005,35905208649,45633766773
1772213761006,35959828764,45687444097
1772213762006,36014530678,45740575687
1772213763005,36068351274,45791747876
1772213764005,36122767985,45844612055
1772213765005,36176239066,45896593864
1772213766005,36229140429,45947004389
1772213767005,36282538104,45999519602
1772213768005,36336962490,46052871274
1772213769005,36391745927,46106857252
1772213770005,36447020320,46160634210
1772213771005,36502088777,46215299871
1772213772005,36557524280,46269575720
1772213773005,36611166617,46323032794
1772213774005,36665696557,46378779026
1772213775005,36718638705,46433387515
1772213776005,36773488117,46489930077
1772213777006,36828000710,46544621295
1772213785691,36878960690,46797790087
1772213786005,37099855883,46806232385
1772213787005,37127172967,46833146734
1772213788005,37179754720,46888383196
1772213789005,37231599787,46942690232
1772213790005,37285471604,46995159992
1772213791006,37340067444,47050968217
1772213792005,37393769318,47104235177
1772213793005,37447588571,47156353637
1772213794005,37502253667,47209288475
1772213795006,37555656347,47262704964
1772213796005,37610650695,47317210446
1772213797004,37664716732,47370343043
1772213798006,37719755221,47424987221
1772213799005,37773867215,47477121365
1772213800005,37828159680,47529352993
1772213801005,37880270923,47583234057
1772213802005,37933762129,47637495655
1772213803005,37987322103,47690616306
1772213804005,38041780667,47745193760
1772213805005,38094979179,47796818303
1772213806005,38149178800,47849226283
1772213807005,38202554686,47901479333
1772213808005,38257753080,47956045588
1772213812981,38309132960,48153052657
1772213813005,38455959397,48153746805
1772213814005,38482979057,48181583393
1772213815005,38508950554,48207698284
1772213816005,38534359976,48233743782
1772213817006,38559866133,48259552338
1772213818006,38610373043,48309233164
1772213819006,38665785369,48363352191
1772213820005,38714333960,48410497626
1772213821005,38750544551,48441156349
1772213822005,38784939043,48466501184
1772213823005,38819212890,48497626253
1772213824005,38853951694,48525518716
1772213825005,38887554479,48551572377
1772213826005,38920902287,48576935537
1772213827005,38954380750,48602985825
1772213828005,38988215243,48628943742
1772213829005,39021602646,48654163736
1772213830005,39054804863,48679350406
1772213831005,39088831622,48705036639
1772213832005,39122252333,48730285349
1772213833005,39156157455,48755973061
1772213834005,39190689818,48783754858
1772213835006,39224558596,48809469974
1772213836005,39257942902,48834805319
1772213837005,39291416726,48860415750
1772213838005,39324853245,48885593708
1772213839005,39360767388,48917938928
1772213841076,39395343511,48971188204
1772213842005,39462956058,48994672219
1772213843005,39496851003,49019979565
1772213844005,39531495131,49048033778
1772213845006,39565315693,49073615799
1772213846005,39598967700,49098770473
1772213847005,39632195856,49124454677
1772213848005,39665707398,49149699282
1772213849005,39699369353,49175484081
1772213850005,39732672746,49200663123
1772213851005,39766168053,49227513602
1772213852005,39799369172,49252669863
1772213853005,39832795315,49277822478
1772213854005,39867502763,49307607147
1772213855005,39900949657,49336826232
1772213856005,39934223480,49362002191
1772213857005,39967365351,49387908078
1772213858005,40000613159,49413102790
1772213859005,40034080239,49438955426
1772213860005,40067109232,49464049831
1772213861005,40101011485,49489417157
1772213862005,40133988357,49514634160
1772213863006,40167030746,49540052386
1772213864005,40201206743,49568137344
1772213865005,40234652325,49593747683
1772213866005,40267402401,49618893829
1772213867006,40300415358,49644630626
1772213868005,40333543543,49669709453
1772213869005,40366884195,49701299708
1772213870005,40399776583,49732111042
1772213871005,40432992822,49758882057
1772213872005,40465858065,49784101182
1772213873005,40499045024,49809279689
1772213874005,40533390477,49836948653
1772213875005,40567125411,49862921156
1772213876005,40600142777,49888015867
1772213877005,40633587017,49913699018
1772213878006,40667016364,49939088345
1772213879005,40700001093,49964347506
1772213880006,40733012432,49990100355
1772213881005,40766002212,50017049676
1772213882005,40798785703,50041986557
1772213883005,40832114881,50067179758
1772213884005,40866669460,50094705831
1772213885005,40900518235,50120993351
1772213886005,40933668132,50152036134
1772213887005,40966688641,50177776593
1772213888006,40999593784,50203238381
1772213889005,41032711014,50228399021
1772213890005,41065955480,50254230617
1772213891005,41099640078,50279661537
1772213892005,41132451782,50304821811
1772213893005,41165221831,50329948869
1772213894005,41199517115,50357299200
1772213895005,41233148814,50383404936
1772213896005,41265959740,50408609886
1772213897005,41298970468,50434241556
1772213898005,41331857195,50459321970
1772213899005,41365172962,50490322121
1772213900005,41398408075,50515989251
1772213901065,41432149403,50544329094
1772213902005,41465039059,50572896052
1772213903005,41498006791,50598124209
1772213904005,41532297971,50625590043
1772213905005,41565344236,50652291086
1772213906005,41598229406,50677426871
1772213907006,41631315021,50703112173
1772213908005,41664193112,50728225162
1772213909005,41697228956,50753302326
1772213910005,41730456196,50778815106
1772213911006,41763973521,50804363742
1772213912006,41797052468,50829785111
1772213913005,41829754863,50855036857
1772213914005,41863848498,50882474311
1772213915005,41897051432,50908189671
1772213916005,41930279495,50933862996
1772213917005,41963326874,50965205537
1772213918005,41996584187,50990962506
1772213919005,42029744459,51016323056
1772213920005,42062531857,51041643021
1772213921005,42096283804,51067641859
1772213922005,42129046148,51092902089
1772213923005,42161855914,51118074264
1772213924005,42196046879,51145556074
1772213925005,42229172562,51171567027
1772213926005,42262486955,51197339727
1772213927005,42295411049,51222962288
1772213928005,42328104869,51248232984
1772213929005,42361228538,51279469009
1772213930005,42393755359,51304724417
1772213931005,42427699023,51330642403
1772213932005,42460484635,51356099720
1772213933005,42493404747,51386938503
1772213934005,42527694691,51414401911
1772213935005,42560715688,51440337002
1772213936005,42593812609,51466224961
1772213937005,42626765999,51491764198
1772213938005,42659424512,51516949343
1772213939005,42692403717,51542150798
1772213940005,42725161209,51567369312
1772213941005,42759001943,51593425383
1772213942005,42791752187,51618683736
1772213943005,42824500249,51643972116
1772213944005,42858465930,51671364605
1772213945005,42891640225,51696799524
1772213946005,42924533177,51722667830
1772213947006,42957378296,51748585725
1772213948005,42990108155,51777198640
1772213949005,43022654080,51804993712
1772213950005,43055603181,51830390286
1772213951005,43089268417,51856609542
1772213952005,43121849511,51881971451
1772213953005,43154519346,51907344986
1772213954005,43188092912,51935030535
1772213955005,43221105685,51961195015
1772213956005,43253855136,51986748564
1772213957006,43286948471,52012665604
1772213958005,43319619008,52037789824
1772213959005,43352635260,52068911017
1772213960005,43385827971,52094099214
1772213961005,43418890912,52120835029
1772213962005,43451917784,52146612809
1772213963005,43485131902,52171967394
1772213964005,43519395923,52204488646
1772213965006,43552736408,52230235804
1772213966006,43585653819,52255619791
1772213967006,43618952054,52282098997
1772213968005,43651895785,52307396533
1772213969005,43684573828,52332453739
1772213970005,43717619131,52357709711
1772213971005,43750911401,52383079661
1772213972005,43783904018,52408709271
1772213973005,43816439674,52433738113
1772213974005,43849787666,52461464767
1772213975005,43883195713,52486887067
1772213976005,43915981783,52512054848
1772213977005,43949210045,52538228162
1772213978005,43981834441,52563363795
1772213979005,44014402871,52588865665
1772213980005,44047298783,52619268481
1772213981005,44080303348,52645668010
1772213982005,44113530160,52671425223
1772213983005,44146120165,52696574069
1772213984005,44180004841,52723923317
1772213985005,44213055317,52749946293
1772213986005,44245736382,52775128798
1772213987005,44278992917,52801214074
1772213988005,44312630551,52826474608
1772213989005,44346920724,52852004553
1772213990005,44379439978,52877189225
1772213991005,44413122135,52904055420
1772213992005,44453428888,52930211919
1772213993005,44490372626,52957673435
1772213994005,44524957568,52987647593
1772213995005,44558999341,53017574482
1772213996005,44592020003,53045086655
1772213997005,44625564563,53071314165
1772213998005,44658526024,53096786313
1772213999005,44691386400,53122036975
1772214000005,44724572947,53147217985
1772214001006,44758351519,53173171065
1772214002006,44791546992,53198817428
1772214003006,44825035968,53225045717
1772214004005,44859022247,53252637063
1772214005005,44892401640,53278432604
1772214006006,44925433730,53303829423
1772214007006,44958244701,53329658822
1772214008005,44991249830,53355478714
1772214009005,45023797677,53380713997
1772214010005,45056661730,53405985639
1772214011006,45090455362,53437425786
1772214012005,45123091828,53462765189
1772214013005,45156173125,53488816683
1772214014005,45189926842,53516065136
1772214015005,45223287757,53541563116
1772214016006,45256361287,53566899711
1772214017005,45289296047,53592655246
1772214018005,45322454015,53618464107
1772214019005,45355414454,53649515785
1772214020005,45388206825,53674724122
1772214021005,45422484639,53700457959
1772214022005,45455352629,53725714847
1772214023005,45488613757,53751614661
1772214024005,45522614883,53778994669
1772214025005,45555974058,53804759282
1772214026005,45589100565,53830949563
1772214027005,45622128139,53861437061
1772214028005,45655382721,53887313225
1772214029005,45688231226,53912564285
1772214030006,45721214704,53937901460
1772214031005,45754873669,53963623854
1772214032005,45787718910,53988873952
1772214033005,45820992671,54014790840
1772214034005,45854764652,54042700591
1772214035005,45887992533,54068509818
1772214036006,45921013637,54094369778
1772214037005,45953759716,54120221850
1772214038006,45986844049,54146435598
1772214039005,46019639793,54171916336
1772214040005,46052527145,54197201527
1772214041005,46086159653,54223082543
1772214042005,46119234511,54252483641
1772214043005,46152269149,54279411662
1772214044005,46186319283,54307863361
1772214045005,46219439305,54334151171
1772214046005,46252744559,54359588454
1772214047005,46285939284,54385204225
1772214048005,46319081399,54411099111
1772214049005,46352613616,54442737841
1772214050005,46385578846,54468034308
1772214051006,46419478277,54494004278
1772214052005,46452441446,54519332634
1772214053006,46485443783,54544667948
1772214054005,46519435815,54572750236
1772214055005,46552532461,54598946315
1772214056005,46585780452,54624319103
1772214057005,46618774962,54649799642
1772214058005,46651900812,54681367086
1772214059005,46684957666,54706759999
1772214060005,46717959102,54732103720
1772214061006,46751313914,54759187036
1772214062005,46784159216,54784368550
1772214063005,46817218038,54809682975
1772214064005,46851261016,54837251221
1772214065005,46884697702,54862656753
1772214066005,46917947570,54887910375
1772214067005,46951165258,54913163845
1772214068005,46984457054,54938436510
1772214069005,47017711118,54963637324
1772214070006,47051166251,54989193895
1772214071005,47084660018,55016337144
1772214072006,47117877416,55041709962
1772214073006,47151194327,55068315856
1772214074005,47185279890,55100312141
1772214075005,47218725472,55125783679
1772214076005,47252159732,55150950224
1772214077005,47285229174,55176126854
1772214078005,47318324997,55201468012
1772214079005,47351311160,55232326005
1772214080005,47384255349,55257444915
1772214081005,47418169977,55283096435
1772214082005,47451120955,55308237347
1772214083005,47483949534,55333340801
1772214084005,47517981084,55361179418
1772214085005,47551287085,55386657898
1772214086005,47584029167,55411664021
1772214087005,47617158679,55436979774
1772214088006,47650153356,55462720172
1772214089005,47683101939,55492725045
1772214090005,47716204964,55519074253
1772214091005,47750167242,55544865842
1772214092006,47783434107,55570023080
1772214093005,47816243598,55595065928
1772214094005,47850287065,55622590231
1772214095005,47883291706,55648324603
1772214096005,47916013661,55673346716
1772214097005,47949172713,55698438833
1772214098006,47982329598,55723956403
1772214099005,48015363779,55748914387
1772214100005,48048435692,55773953894
1772214101005,48081516028,55800297685
1772214102005,48114510003,55825252465
1772214103005,48147120332,55850338021
1772214104005,48181061875,55877663359
1772214105005,48213910228,55909212433
1772214106005,48246794864,55934418008
1772214107005,48279936583,55959755900
1772214108005,48312868794,55985169579
1772214109005,48346055417,56016015778
1772214110005,48378651205,56041039035
1772214111005,48411782106,56067499718
1772214112005,48444822450,56092743896
1772214113005,48477502263,56117934411
1772214114005,48511519044,56145606839
1772214115005,48544652279,56171156207
1772214116005,48577464608,56196136224
1772214117005,48610715375,56221141904
1772214118005,48643797939,56246580682
1772214119005,48676569132,56271568678
1772214120005,48709429753,56298382355
1772214121005,48742398171,56329130261
1772214122005,48775394191,56354082859
1772214123005,48808174662,56379186297
1772214124005,48841961183,56406414824
1772214125005,48875142207,56431599068
1772214126005,48908102294,56456629573
1772214127005,48941291267,56481809332
1772214128005,48974267101,56507319304
1772214129005,49007146626,56532297977
1772214130005,49039975479,56557355412
1772214131005,49074220367,56582723287
1772214132005,49107931194,56607878465
1772214133005,49141230787,56632854636
1772214134005,49175427077,56660152815
1772214135005,49209299425,56685501663
1772214136005,49242461010,56715654584
1772214137005,49275960117,56741513674
1772214138005,49308980611,56766964156
1772214139005,49344493118,56792647108
1772214140005,49377830810,56817832390
1772214141005,49411920310,56843509208
1772214142005,49445784525,56868772947
1772214143005,49479240025,56893940454
1772214144005,49513833680,56921685769
1772214145005,49547320717,56947221237
1772214146005,49580529144,56972335783
1772214147005,49613881805,56997548560
1772214148005,49647096029,57022994311
1772214149005,49680207049,57048219859
1772214150005,49713131219,57073468874
1772214151005,49746327928,57100140316
1772214152005,49781846675,57125535883
1772214153005,49814918375,57150735004
1772214154005,49848989092,57178112907
1772214155005,49882212578,57203542225
1772214156005,49915145567,57228865195
1772214157005,49948093342,57254274358
1772214158006,49981371879,57280003573
1772214159005,50014313947,57305192394
1772214160005,50047249850,57330334176
1772214161005,50080425625,57357213844
1772214162005,50113312199,57382347309
1772214163005,50146813732,57407648003
1772214164005,50180234886,57435071664
1772214165005,50212525910,57460497382
1772214166005,50244771160,57485662310
1772214167005,50282574381,57511247000
1772214168006,50320182040,57542989682
1772214169005,50352342517,57568952222
1772214170005,50378399534,57595743607
1772214171005,50405974783,57624001057
1772214172005,50432723125,57649778792
1772214173006,50462884362,57676814442
1772214174005,50491907534,57708474639
1772214175005,50523969521,57736887477
1772214176005,50551699181,57769089394
1772214177005,50580180130,57797238527
1772214178006,50608258786,57825375073
1772214179006,50636155125,57853265766
1772214180006,50663982559,57881322207
1772214181006,50693247662,57909854545
1772214182006,50721404348,57937880226
1772214183006,50753229851,57965584405
1772214184005,50783002603,57995839997
1772214185005,50811480500,58024352240
1772214186005,50839461216,58052502457
1772214187006,50867341396,58080737615
1772214188005,50895940259,58109400530
1772214189006,50923268878,58137209624
1772214190006,50950613747,58164929840
1772214191005,50979147733,58194249017
1772214192005,51006836273,58221961436
1772214193005,51034645336,58250284953
1772214194005,51064204522,58279251961
1772214195005,51092896748,58307490201
1772214196005,51121351469,58335694660
1772214197006,51149257085,58363423633
1772214198006,51178917218,58392179425
1772214199005,51211592743,58424990380
1772214200005,51239471001,58452737313
1772214201006,51270390163,58481174136
1772214202006,51301402186,58510577156
1772214203005,51328062153,58543532300
1772214204005,51356171418,58578616866
1772214205006,51382465743,58612636133
1772214206005,51421263754,58657020556
1772214207005,51468640302,58708622029
1772214208005,51514310670,58756702917
1772214209005,51557821695,58807488117
1772214210005,51599091304,58862752089
1772214211005,51642913043,58916110887
1772214212005,51686256383,58967074773
1772214213005,51730898132,59016389575
1772214214005,51777961723,59067582881
1772214215005,51822838706,59120644804
1772214216005,51867232742,59172628413
1772214217005,51911352347,59224580271
1772214218005,51955566323,59276421035
1772214219005,51999997894,59327724137
1772214220005,52043683608,59378435016
1772214221005,52088328516,59429500444
1772214222006,52133001956,59478380164
1772214223005,52179824608,59526640761
1772214224005,52228054978,59576316048
1772214225005,52275476934,59624892561
1772214226005,52321884766,59672608966
1772214227005,52368713537,59721037888
1772214228005,52415531504,59768769734
1772214229005,52462925141,59820078817
1772214230005,52511908036,59867886953
1772214231005,52560659879,59916488764
1772214232005,52607922312,59964807051
1772214233005,52655242908,60013255519
1772214234006,52703683107,60063273867
1772214235005,52742463160,60108060323
1772214236005,52767690340,60169253967
1772214237005,52802964837,60229423371
1772214238005,52839727478,60289367704
1772214239005,52883679291,60346313993
1772214240005,52930034865,60401480208
1772214241005,52976834477,60456701366
1772214242005,53022319521,60511974799
1772214243005,53059716513,60563626013
1772214244005,53102037979,60621523440
1772214245005,53140016758,60678404196
1772214246005,53185368447,60734994073
1772214247005,53227490704,60791286725
1772214248005,53274491386,60847215656
1772214249006,53317954135,60902754898
1772214250006,53363760177,60958618022
1772214251005,53406093055,61015880853
1772214252005,53447731909,61072863975
1772214253005,53490047591,61129299625
1772214254005,53533947161,61185642124
1772214255005,53575384258,61241621971
1772214256005,53616251163,61297544571
1772214257005,53657277285,61353701136
1772214258005,53697804258,61409764079
1772214259005,53742182624,61465852334
1772214260005,53782890022,61521964346
1772214261005,53824593141,61578157226
1772214262005,53868041227,61634526503
1772214263005,53908705262,61691309394
1772214264005,53951553373,61747861157
1772214265005,53994920286,61802392685
1772214266005,54038525041,61855472764
1772214267005,54082492310,61908738290
1772214268005,54126499998,61962034819
1772214269005,54170961658,62015105515
1772214270005,54215350079,62067604113
1772214271005,54256147545,62115556772
1772214272006,54281972610,62175644714
1772214273005,54315147134,62236561745
1772214274005,54358409590,62295077411
1772214275005,54405257891,62351409352
1772214276005,54455266016,62402647348
1772214277005,54504945714,62455031144
1772214278005,54554591675,62509283237
1772214279006,54602189632,62559353523
1772214280007,54643443983,62616543757
1772214281006,54691031717,62673171551
1772214282005,54734958828,62729700946
1772214283006,54780314392,62785944939
1772214284005,54827179934,62842444993
1772214285005,54869254464,62899250985
1772214286005,54909220491,62957157383
1772214287005,54942432199,63015579426
1772214288005,54976021007,63073903268
1772214289005,55017457799,63131811895
1772214290005,55055813542,63189637243
1772214291005,55097724308,63246584310
1772214292005,55138794160,63303241048
1772214293005,55180096330,63360463629
1772214294006,55223623773,63417728597
1772214295005,55266651058,63473646268
1772214296005,55310936579,63526886679
1772214297005,55355062456,63580163129
1772214298005,55399525748,63633373939
1772214299005,55443874605,63686553806
1772214300005,55488537700,63739811672
1772214301005,55533339155,63792995048
1772214302005,55577530550,63846230210
1772214303005,55621715673,63899466745
1772214304005,55667460530,63953016421
1772214305005,55712294271,64006372929
1772214306005,55755856929,64059445823
1772214307005,55783506546,64114894692
1772214308005,55816104851,64176623738
1772214309005,55852131873,64237715748
1772214310027,55891460818,64299543452
1772214311005,55931484810,64356695694
1772214312005,55972776635,64415172284
1772214313005,56020705034,64468414556
1772214314005,56071848523,64521579516
1772214315005,56114635494,64575175194
1772214316006,56155008132,64632982385
1772214317005,56198293369,64690142637
1772214318005,56238114384,64746919181
1772214319005,56282490934,64803902166
1772214320005,56327108988,64860053116
1772214321005,56374193208,64914352753
1772214322005,56421129730,64968759470
1772214323005,56467047186,65024979341
1772214324005,56512874055,65081996991
1772214325005,56558048049,65139003473
1772214326005,56605111015,65193218046
1772214327005,56651806812,65243340378
1772214328005,56698441195,65293244856
1772214329005,56746147987,65343069534
1772214330005,56793642509,65392726329
1772214331005,56841471777,65442281719
1772214332005,56888487870,65491821272
1772214333005,56935303778,8660898
1772214334005,56983213455,59264513
1772214335005,57030367831,109237560
1772214336005,57077435450,158607642
1772214337005,57124074915,207861214
1772214338005,57169635638,258676426
1772214339005,57216197760,308915039
1772214340005,57263366082,359092391
1772214341005,57310799236,411192022
1772214342005,57348373694,459989197
1772214343005,57374232693,522265441
1772214344005,57402664527,584586055
1772214345005,57437268892,644622562
1772214346138,57474140124,713943165
1772214347005,57511134900,765908740
1772214348005,57555402920,823430957
1772214349005,57605285930,878746807
1772214350007,57652941928,932045274
1772214351006,57700264493,989237370
1772214352005,57746474307,1046272110
1772214353005,57791303226,1104107543
1772214354005,57834908653,1161792396
1772214355005,57877299405,1219493986
1772214356005,57921674506,1277472571
1772214357005,57957208358,1336516789
1772214358005,57992662015,1395358183
1772214359005,58032262292,1452757436
1772214360005,58073304558,1510318149
1772214361005,58115022661,1567869525
1772214362005,58155495971,1624612867
1772214363005,58196138339,1681340097
1772214364005,58239122078,1738137026
1772214365005,58281299401,1795018773
1772214366005,58322001337,1851818418
1772214367005,58363158342,1908683595
1772214368005,58404299281,1965600391
1772214369005,58445522125,2022446786
1772214370005,58486625071,2079236818
1772214371005,58528444228,2136015131
1772214372005,58569471678,2192895796
1772214373005,58611532339,2249872479
1772214374005,58657162441,2304540413
1772214375005,58701339492,2358228157
1772214376005,58744834695,2411455507
1772214377005,58779720128,2457691825
1772214378005,58810441196,2519348655
1772214379005,58851539412,2579688186
1772214380005,58898373477,2635777036
1772214381005,58946014690,2691792664
1772214382005,58992512636,2746976120
1772214383005,59038991388,2802779875
1772214384005,59088876427,2856534846
1772214385007,59132515513,2913756969
1772214386006,59174819996,2971315257
1772214387005,59220417339,3029649993
1772214388005,59266666992,3087594003
1772214389005,59311304805,3145543521
1772214390005,59354078151,3203835062
1772214391005,59396576427,3261484867
1772214392005,59438380234,3319236641
1772214393005,59480345059,3376899446
1772214394005,59526741616,3433878738
1772214395005,59571010460,3487402841
1772214396005,59615316854,3540827232
1772214397005,59659501688,3594278341
1772214398005,59703323396,3647739977
1772214399005,59747642851,3701102421
1772214400005,59792310036,3754448952
1772214401005,59838206420,3807658267
1772214402005,59883490592,3860606288
1772214403005,59928287043,3913462792
1772214404005,59974220230,3967057784
1772214405005,60020556502,4021197120
1772214406005,60068519247,4071455614
1772214407006,60116537760,4120643469
1772214408005,60164702322,4169871880
1772214409005,60214089859,4221229317
1772214410005,60259783343,4272242883
1772214411005,60305032132,4325358529
1772214412005,60344392142,4369822081
1772214413005,60376957733,4429182979
1772214414005,60412672332,4490999759
1772214415005,60451566241,4551987007
1772214416005,60494612355,4610930751
1772214417005,60541144372,4667681433
1772214418005,60590344586,4719748626
1772214419005,60640578347,4772037303
1772214420005,60684115235,4827955936
1772214421005,60729713661,4886036825
1772214422005,60774343067,4943447827
1772214423005,60823637530,4999308753
1772214424006,60872766093,5056301549
1772214425005,60920017921,5111821245
1772214426005,60967204019,5165360957
1772214427005,61014630018,5218927736
1772214428005,61062729917,5271293543
1772214429005,61110348578,5320980274
1772214430005,61157963136,5370964124
1772214431005,61205867091,5422005735
1772214432005,61253229525,5471768649
1772214433005,61300823118,5521559272
1772214434005,61349285044,5572389499
1772214435005,61397100580,5622560152
1772214436005,61444640220,5672632224
1772214437005,61492122612,5725395609
1772214438005,61539559170,5775088809
1772214439005,61589513267,5825371518
1772214440005,61636921597,5875359686
1772214441006,61684683821,5926359047
1772214442005,61732303170,5976388992
1772214443005,61779854238,6026430776
1772214444005,61827972157,6077574768
1772214445005,61875411461,6128072767
1772214446005,61922669256,6178337532
1772214447005,61951025089,6226516758
1772214448005,61986558225,6286700626
1772214449005,62030194380,6343757689
1772214450005,62076363364,6399454561
1772214451005,62123926456,6455100640
1772214452005,62170653013,6509510210
1772214453005,62217890622,6567740719
1772214454005,62262696944,6624774909
1772214455005,62305754623,6683300081
1772214456005,62354024069,6739132307
1772214457006,62403292044,6795892052
1772214458007,62454567316,6850896974
1772214459006,62501044054,6906814355
1772214460007,62547329121,6960853919
1772214461005,62594940703,7014759151
1772214462005,62642198162,7065669482
1772214463005,62689229329,7115174796
1772214464005,62737059543,7165887566
1772214465005,62784638916,7215868120
1772214466005,62831619991,7265606149
1772214467005,62878607674,7315550771
1772214468005,62925690825,7366434171
1772214469005,62975751667,7418346663
1772214470005,63023119838,7468153169
1772214471005,63070858306,7518743204
1772214472005,63118450998,7568558820
1772214473005,63166084994,7618311236
1772214474005,63214889721,7669206432
1772214475005,63262108410,7719142158
1772214476005,63309005444,7768949290
1772214477005,63356463577,7818943531
1772214478005,63403745937,7868643475
1772214479005,63451110614,7918554209
1772214480005,63498445217,7968487204
1772214481045,63533196899,8017143699
1772214482005,63566947885,8075911382
1772214483005,63610167574,8134564049
1772214484005,63658668941,8191567403
1772214485005,63708842036,8244446489
1772214486005,63759074256,8296558159
1772214487005,63802976618,8354468143
1772214488005,63847473691,8410120722
1772214489005,63891026401,8468895438
1772214490007,63933571595,8525850287
1772214491006,63982358302,8583636544
1772214492005,64032106996,8639371134
1772214493005,64081339237,8695625473
1772214494005,64127935048,8752640820
1772214495005,64174155131,8807882836
1772214496005,64224235228,8858675802
1772214497005,64274768626,8907734575
1772214498006,64321786534,8957967451
1772214499005,64369569204,9011208045
1772214500005,64413972776,9067452634
1772214501005,64461209683,9117850708
1772214502005,64508080870,9168129571
1772214503005,64554645052,9218128496
1772214504006,64602925163,9269290401
1772214505005,64650217044,9319551962
1772214506005,64697335854,9369452473
1772214507005,64744661135,9419736082
1772214508005,64791840106,9469570266
1772214509005,64839263176,9519451018
1772214510005,64886599000,9569580399
1772214511005,64934619191,9619737595
1772214512005,64982256056,9669712565
1772214513005,65029656223,9719477630
1772214514005,65078018590,9770272046
1772214515006,65123967187,9819326928
1772214516005,65149852232,9871795315
1772214517005,65177460347,9933898121
1772214518005,65216786453,9993284393
1772214519005,65259953029,10052117151
1772214520005,65309634114,10105205180
1772214521005,65359913085,10157617936
1772214522005,65409704150,10210160461
1772214523005,65456734646,10264005104
1772214524005,65501432622,10321987030
1772214525006,15586230,10378943557
1772214526006,63409089,10436281107
1772214527005,112195766,10492410803
1772214528005,159777564,10549271693
1772214529005,206809281,10605959939
1772214530005,253856851,10659958062
1772214531005,303032378,10711594170
1772214532005,350915614,10762361015
1772214533005,398406688,10812144543
1772214534006,447017791,10863007665
1772214535005,495060991,10913265931
1772214536005,542208776,10963029089
1772214537005,589775026,11013337400
1772214538005,636934132,11063203626
1772214539005,684524750,11112922781
1772214540005,731953663,11163404072
1772214541005,777191909,11216831286
1772214542005,824458492,11267194359
1772214543005,872083303,11316732370
1772214544005,920236788,11367480295
1772214545005,968213524,11417517273
1772214546005,1015782430,11467012120
1772214547006,1063811013,11520030694
1772214548005,1111394581,11569663488
1772214549006,1158097320,11618677891
1772214550005,1187884568,11671306532
1772214551005,1224651175,11731938879
1772214552005,1263904501,11791688765
1772214553005,1306833265,11850560095
1772214554005,1352090340,11910701348
1772214555005,1398785419,11967224807
1772214556005,1446042665,12021858487
1772214557006,1490596360,12077648189
1772214558006,1537815217,12134626840
1772214559005,1585848194,12192039979
1772214560006,1633407334,12250333015
1772214561005,1679171493,12307636097
1772214562005,1722276808,12364413297
1772214563005,1766547529,12421660092
1772214564005,1814670604,12476086416
1772214565005,1862582693,12529833942
1772214566005,1910064795,12580674635
1772214567005,1957552559,12630825087
1772214568005,2005642799,12680977889
1772214569006,2053312926,12731130584
1772214570005,2100780564,12781395822
1772214571005,2148392436,12832097195
1772214572005,2195720051,12882095754
1772214573005,2242336858,12933109580
1772214574005,2288290475,12986931290
1772214575005,2335535499,13037812539
1772214576005,2383037986,13087764866
1772214577005,2430246924,13137640354
1772214578005,2477803059,13188779036
1772214579005,2526562958,13239243452
1772214580005,2574003360,13289354081
1772214581005,2622102649,13339258299
1772214582005,2669291218,13389046511
1772214583006,2716709390,13439098046
1772214584005,2751437376,13490256869
1772214585005,2790181207,13550599085
1772214586005,2834460502,13607641820
1772214587005,2881349862,13663313929
1772214588005,2931524865,13715532557
1772214589005,2983621658,13767858159
1772214590005,3032808796,13820985554
1772214591005,3080373566,13874708728
1772214592005,3125875989,13930814530
1772214593005,3172397936,13987454179
1772214594005,3218771316,14045408503
1772214595005,3269179080,14102441900
1772214596005,3310618770,14160381988
1772214597005,3348667263,14218451297
1772214598005,3390300913,14275638967
1772214599005,3434259181,14331769777
1772214600005,3478804012,14385207276
1772214601005,3525770577,14436666162
1772214602005,3572894422,14486712158
1772214603005,3620177072,14537070531
1772214604005,3668279854,14588421284
1772214605005,3715791222,14638939363
1772214606005,3763704363,14689065951
1772214607005,3811287656,14739275482
1772214608005,3859022630,14789657780
1772214609005,3906226564,14839826557
1772214610005,3953329993,14892010000
1772214611005,4001296034,14943397510
1772214612005,4048517362,14993522664
1772214613005,4095984634,15043963903
1772214614006,4144277775,15095141402
1772214615005,4191479802,15145543596
1772214616005,4238641151,15195627233
1772214617005,4285974153,15245596436
1772214618006,4333357505,15295901467
1772214619005,4367019705,15347923999
1772214620005,4400589060,15408715197
1772214621005,4438679558,15468659790
1772214622005,4480398256,15527089355
1772214623005,4528399940,15581509377
1772214624005,4578833092,15635849523
1772214625005,4625332671,15690706916
1772214626005,4668033588,15751214178
1772214627005,4708231612,15803636546
1772214628005,4750723128,15862776295
1772214629005,4790375832,15921226809
1772214630005,4837125093,15979194866
1772214631006,4886345387,16033827294
1772214632006,4930997466,16090677992
1772214633005,4977983150,16144967695
1772214634005,5026393656,16199702551
1772214635005,5074104064,16252098401
1772214636005,5121532749,16302461977
1772214637005,5167059249,16355314438
1772214638005,5211939023,16408986818
1772214639005,5256490293,16462560555
1772214640005,5300815195,16516155897
1772214641005,5346146484,16570087404
1772214642005,5393310152,16624202632
1772214643005,5437829120,16677675162
1772214644005,5483867053,16731425785
1772214645005,5528799330,16785001735
1772214646005,5573295702,16838257388
1772214647005,5618102360,16891555398
1772214648005,5662920934,16944861372
1772214649005,5710356668,16998357980
1772214650005,5754880885,17051514411
1772214651005,5802281403,17102490443
1772214652005,5850173839,17152151220
1772214653006,5897274873,17201917293
1772214654005,5946250139,17253181701
1772214655006,5982465978,17300938249
1772214656005,6015661131,17361585091
1772214657005,6057479723,17421118405
1772214658005,6102749507,17479004251
1772214659005,6149943035,17534771677
1772214660005,6196175691,17590845239
1772214661005,6243521448,17645906188
1772214662005,6290023590,17701682707
1772214663005,6331605332,17752080156
1772214664006,6375624433,17810241012
1772214665005,6423029544,17868333208
1772214666005,6464461789,17925741845
1772214667007,6508268651,17983234980
1772214668005,6546965365,18041428550
1772214669005,6589123753,18098080878
1772214670005,6635815903,18152084021
1772214671005,6683982220,18206015528
1772214672005,6731335195,18256748927
1772214673005,6778623994,18307722655
1772214674005,6826934071,18360696860
1772214675005,6875024587,18410907932
1772214676005,6922735651,18460646250
1772214677005,6970525340,18510432890
1772214678005,7018502717,18560056286
1772214679005,7067039941,18612657264
1772214680005,7114781658,18662186197
1772214681005,7163153073,18712216904
1772214682005,7210945081,18761818495
1772214683005,7258884039,18811446865
1772214684006,7307648317,18862779476
1772214685005,7355519193,18913069753
1772214686005,7403118340,18962978548
1772214687006,7450677419,19012825992
1772214688005,7498484822,19062544765
1772214689005,7546248511,19115324781
1772214690005,7593184377,19165722397
1772214691005,7627040003,19219162199
1772214692005,7669741560,19277433646
1772214693005,7715086917,19335059755
1772214694005,7763198443,19391195295
1772214695005,7809684045,19447518707
1772214696005,7858494555,19499667575
1772214697005,7908541451,19551887302
1772214698006,7955101482,19605308215
1772214699005,7997049798,19663843137
1772214700006,8040297180,19720831446
1772214701006,8088685959,19778737952
1772214702007,8133154805,19835928277
1772214703006,8181199974,19893849583
1772214704005,8224420059,19951475463
1772214705005,8269924374,20008840462
1772214706005,8314177609,20065891879
1772214707005,8360697573,20118414554
1772214708006,8407846212,20168216894
1772214709005,8457300121,20218806212
1772214710005,8504043233,20268368881
1772214711005,8551231039,20318951210
1772214712005,8597764491,20368716398
1772214713005,8644891295,20418267821
1772214714005,8692914386,20469049665
1772214715006,8740133120,20519029364
1772214716005,8787014820,20568687899
1772214717005,8834018111,20618461341
1772214718005,8881225173,20668056493
1772214719005,8928579612,20717969409
1772214720005,8976269895,20767832110
1772214721005,9024972653,20820324254
1772214722051,9072467557,20872140605
1772214723005,9120266019,20919344386
1772214724006,9169065665,20970544055
1772214725005,9211035144,21016813894
1772214726005,9245067350,21074163284
1772214727005,9283395247,21134306490
1772214728005,9323272488,21194152135
1772214729005,9363458063,21254564950
1772214730005,9402792454,21314946639
1772214731005,9443536380,21375706162
1772214732005,9482940638,21436228392
1772214733005,9521917946,21495615854
1772214734005,9563450848,21554304652
1772214735007,9607554784,21611786986
1772214736005,9653906268,21667565717
1772214737006,9702179224,21725102949
1772214738007,9749140327,21781094453
1772214739006,9797920656,21838597461
1772214740005,9842256330,21895771170
1772214741005,9887552541,21953138489
1772214742005,9932019739,22010552954
1772214743005,9975930081,22064662811
1772214744005,10022071921,22118860540
1772214745005,10066645254,22172834784
1772214746005,10110066287,22226473078
1772214747005,10151048665,22283135217
1772214748005,10194181139,22337334181
1772214749005,10238179642,22390709579
1772214750005,10281884504,22444136397
1772214751005,10326405106,22498126494
1772214752005,10371014081,22552421965
1772214753005,10415862012,22605285274
1772214754005,10462136017,22658664609
1772214755005,10507106271,22712466316
1772214756005,10551501558,22766000398
1772214757005,10596156841,22819641865
1772214758005,10640617601,22873047260
1772214759005,10685216597,22926547774
1772214760005,10729866128,22980041773
1772214761005,10765507825,23025899890
1772214762005,10795044627,23087378034
1772214763111,10832247141,23155245786
1772214764005,10876659227,23208218297
1772214765005,10926762806,23261552743
1772214766005,10976884406,23313367446
1772214767005,11026416253,23365390863
1772214768005,11076404467,23420255702
1772214769005,11122624687,23477330250
1772214770006,11157908415,23535350778
1772214771005,11205158260,23593149974
1772214772005,11249038422,23650241916
1772214773005,11296259689,23708223232
1772214774005,11336416823,23766488544
1772214775005,11372578756,23824702697
1772214776005,11407845410,23882947854
1772214777005,11445356074,23940629517
1772214778005,11484695379,23997208180
1772214779005,11527754187,24052139604
1772214780005,11571704322,24105558412
1772214781005,11616460949,24159285507
1772214782005,11660515693,24212921268
1772214783004,11705216888,24266509545
1772214784005,11753181006,24320487192
1772214785005,11798198774,24374073227
1772214786005,11842494319,24427481690
1772214787005,11887342418,24480893722
1772214788005,11932161221,24534212071
1772214789005,11976635164,24587533715
1772214790005,12021439609,24640931055
1772214791005,12066686171,24694426945
1772214792005,12111472841,24747997051
1772214793005,12156252187,24801520406
1772214794005,12202345171,24855423182
1772214795005,12247421056,24909092541
1772214796005,12280233294,24954841395
1772214797005,12313723215,25015029262
1772214798005,12353062199,25075812251
1772214799005,12397199138,25136601695
1772214800005,12441278920,25196306615
1772214801005,12488087336,25252671147
1772214802005,12535143192,25309035603
1772214803005,12580936523,25365363623
1772214804005,12622916011,25423811253
1772214805006,12666587581,25480606549
1772214806006,12714247104,25536975002
1772214807005,12762724653,25593460637
1772214808005,12809709116,25650032281
1772214809005,12854301552,25706038876
1772214810005,12901572621,25759998137
1772214811005,12949418734,25813849569
1772214812005,12996858862,25866737825
1772214813005,13043618773,25917005825
1772214814006,13091323367,25968516146
1772214815005,13139603067,26021105743
1772214816005,13186760479,26071006513
1772214817005,13233751671,26121025548
1772214818005,13281069674,26170843299
1772214819005,13328225255,26220171894
1772214820005,13374701520,26269907085
1772214821005,13421550537,26320252366
1772214822005,13468914635,26369882872
1772214823005,13515956559,26419228968
1772214824005,13564598163,26469323789
1772214825005,13612103305,26519450668
1772214826005,13659168422,26568800197
1772214827005,13706546953,26618462759
1772214828005,13753880382,26667787296
1772214829005,13801628050,26720313083
1772214830005,13849078828,26770221223
1772214831137,13887300377,26823216529
1772214832005,13915700031,26877301287
1772214833005,13950304840,26938843179
1772214834005,13991858172,26998726541
1772214835005,14033100973,27058684104
1772214836005,14074765398,27117333964
1772214837005,14121666415,27171694876
1772214838005,14170208110,27225088950
1772214839006,14215678323,27280274695
1772214840007,14263588535,27338728749
1772214841006,14311570077,27396445552
1772214842005,14357939658,27453691554
1772214843005,14404459347,27510749226
1772214844005,14448272236,27567896219
1772214845005,14487397898,27625608536
1772214846005,14530778773,27683147568
1772214847005,14576179684,27739925759
1772214848005,14621059550,27794183177
1772214849005,14666353472,27847748415
1772214850005,14708213963,27903125770
1772214851005,14750066291,27959920181
1772214852005,14792051516,28016615155
1772214853005,14834102793,28073383872
1772214854005,14877839133,28130063436
1772214855005,14920480116,28186857435
1772214856005,14962644149,28243497297
1772214857005,15004462330,28300022343
1772214858005,15045844208,28356582254
1772214859005,15090486308,28413360781
1772214860005,15134347474,28466720388
1772214861005,15179817672,28519839482
1772214862005,15225067834,28574905574
1772214863005,15266378793,28631545650
1772214864005,15309735285,28688242226
1772214865005,15354352072,28742140501
1772214866005,15402274811,28791898640
1772214867005,15434974414,28837330555
1772214868005,15477807953,28895914485
1772214869005,15523818833,28952259472
1772214870005,15569915921,29006682729
1772214871005,15617251776,29062885419
1772214872005,15665698383,29116760990
1772214873005,15715395520,29167985224
1772214874005,15765905923,29221395395
1772214875006,15809572412,29278466144
1772214876005,15855559582,29335330695
1772214877005,15903527087,29392120758
1772214878007,15948467451,29449215797
1772214879006,15992209833,29507026406
1772214880005,16033452802,29564619482
1772214881005,16070666484,29623098681
1772214882005,16108106580,29681158377
1772214883005,16146647632,29739160626
1772214884005,16187154036,29796136638
1772214885005,16228074497,29852920445
1772214886005,16272036167,29906333362
1772214887005,16316644608,29959521179
1772214888005,16361135410,30012603715
1772214889005,16408246850,30065988588
1772214890005,16452454647,30119130707
1772214891005,16497754779,30172275649
1772214892005,16542581288,30225667403
1772214893005,16587819946,30278875483
1772214894005,16635702800,30332961736
1772214895005,16680836956,30386638464
1772214896005,16725077817,30440114199
1772214897005,16772246733,30490409846
1772214898005,16819006293,30540257732
1772214899005,16866193764,30590025316
1772214900005,16913483189,30639791053
1772214901005,16961035005,30689279018
1772214902005,16991864282,30739987836
1772214903005,17033442668,30800083636
1772214904005,17079474726,30859356892
1772214905005,17126813602,30916094604
1772214906005,17175988473,30968704341
1772214907005,17226431330,31020923503
1772214908005,17276434710,31072031837
1772214909006,17320784253,31129685869
1772214910005,17362917252,31187788516
1772214911005,17409163548,31244735552
1772214912005,17454167355,31302273669
1772214913005,17493719738,31359426322
1772214914005,17539194833,31417055041
1772214915006,17577596702,31476066317
1772214916005,17613149444,31534791856
1772214917005,17650932570,31593064920
1772214918005,17688762843,31650944373
1772214919005,17731924475,31707557595
1772214920005,17772850780,31764745586
1772214921005,17814975356,31821851718
1772214922005,17856705055,31878954448
1772214923005,17897962519,31936004796
1772214924005,17941219209,31993171167
1772214925005,17984186012,32049986725
1772214926005,18028159095,32105443727
1772214927005,18072623928,32159106647
1772214928005,18116790665,32212713814
1772214929005,18161063476,32266260682
1772214930005,18205436334,32319826683
1772214931005,18250421480,32373511803
1772214932005,18295053892,32427106520
1772214933005,18339223803,32480620232
1772214934005,18385765082,32534065863
1772214935006,18433178921,32584522864
1772214936005,18471221387,32628355817
1772214937005,18497302512,32689262701
1772214938005,18530867548,32750504987
1772214939027,18567259145,32813146477
1772214940005,18604248168,32872626159
1772214941005,18649142941,32932679358
1772214942005,18696334989,32989896080
1772214943005,18743317133,33046082948
1772214944005,18786599349,33102498518
1772214945005,18829700025,33159953448
1772214946006,18868896286,33217982353
1772214947006,18909511206,33275385314
1772214948006,18953874893,33332904129
1772214949005,18998756132,33391647108
1772214950005,19046545775,33448827318
1772214951005,19091902088,33505716832
1772214952005,19134100787,33563799079
1772214953005,19179293991,33620925443
1772214954005,19225712062,33678268318
1772214955005,19270987309,33732063571
1772214956005,19314904791,33785580731
1772214957005,19358703430,33841942471
1772214958005,19402753627,33895378001
1772214959005,19446705822,33948771251
1772214960005,19490659206,34002177455
1772214961005,19535531153,34055453432
1772214962005,19579487743,34108764778
1772214963005,19623908968,34161952319
1772214964005,19670010710,34215322652
1772214965005,19714756626,34268517350
1772214966005,19759914996,34321513404
1772214967005,19805004385,34374577356
1772214968005,19850156973,34427553864
1772214969005,19895116287,34480641710
1772214970005,19939934648,34533902139
1772214971005,19985865195,34587319146
1772214972005,20024256184,34633748767
1772214973005,20053154867,34693246270
1772214974005,20089256577,34755173350
1772214975005,20123992970,34815249803
1772214976005,20161730734,34874144691
1772214977005,20201579229,34933520664
1772214978005,20245085569,34992583131
1772214979005,20294712458,35048837958
1772214980005,20342394426,35103239106
1772214981005,20383995622,35160567073
1772214982006,20429371770,35218165795
1772214983006,20479732935,35274787866
1772214984005,20527702622,35331813024
1772214985006,20572850968,35389149689
1772214986005,20616866910,35445226257
1772214987005,20658761839,35502651678
1772214988005,20703801502,35560080898
1772214989005,20748203975,35618392335
1772214990005,20792628222,35672686311
1772214991005,20838040363,35726154035
1772214992005,20882164439,35779615916
1772214993005,20926656706,35833094031
1772214994005,20974566170,35884817781
1772214995005,21022250411,35935370831
1772214996005,21069955067,35985536022
1772214997005,21118003073,36035770195
1772214998005,21165791801,36086124677
1772214999005,21213551309,36136277464
1772215000006,21261060708,36186505106
1772215001005,21308562753,36237646886
1772215002006,21355825583,36287812627
1772215003005,21403309013,36338057037
1772215004005,21449645239,36392111707
1772215005005,21496332919,36445915016
1772215006130,21540572147,36506279158
1772215007005,21584702159,36553113695
1772215008005,21628714852,36606386377
1772215009005,21663909305,36654931291
1772215010005,21697986965,36715632116
1772215011005,21733875078,36777445097
1772215012005,21770871898,36838464020
1772215013005,21808540879,36899668909
1772215014005,21848659242,36960532445
1772215015005,21893705603,37018848033
1772215016005,21944165915,37071092707
1772215017008,21992150585,37125577148
1772215018005,22032373511,37183847236
1772215019005,22078154667,37241198549
1772215020005,22124105950,37299218421
1772215021005,22169893072,37357744875
1772215022005,22213217522,37414733810
1772215023005,22253933159,37472858200
1772215024005,22291934704,37531320691
1772215025005,22330278714,37589106094
1772215026005,22369851893,37647141148
1772215027005,22413225718,37703160651
1772215028005,22457937929,37756458554
1772215029005,22503173108,37809726582
1772215030005,22547593815,37863041131
1772215031005,22592497209,37916586992
1772215032005,22636850292,37970104549
1772215033005,22681393231,38023632283
1772215034005,22727083678,38077907827
1772215035005,22772207077,38131579276
1772215036006,22817868183,38186457862
1772215037005,22862594020,38241494735
1772215038005,22907433589,38294861344
1772215039005,22955148682,38348249605
1772215040005,23000331663,38401314091
1772215041005,23046111934,38454469850
1772215042005,23090633496,38507719126
1772215043005,23135852548,38560989290
1772215044005,23182750421,38614582405
1772215045006,23213765450,38660737336
1772215046006,23239464285,38723517903
1772215047005,23265593671,38785860077
1772215048006,23292041202,38848538110
1772215049005,23324273101,38910768534
1772215050005,23357960248,38970925839
1772215051005,23397102114,39031684308
1772215052005,23441382753,39091214158
1772215053005,23485442577,39150473728
1772215054006,23526099181,39208059480
1772215055006,23572253670,39264424012
1772215056005,23615235838,39320595652
1772215057005,23663080714,39378073408
1772215058005,23708613318,39435474324
1772215059006,23755442454,39491398419
1772215060005,23803573601,39545111736
1772215061005,23851890515,39598706422
1772215062005,23901968568,39649139926
1772215063006,23950313159,39699824957
1772215064005,23996376848,39753247091
1772215065005,24041825456,39806346746
1772215066005,24086474300,39859316633
1772215067005,24131499819,39912503564
1772215068005,24179446940,39965584788
1772215069005,24227478071,40018808339
1772215070005,24272109155,40071652850
1772215071005,24318064863,40124747471
1772215072005,24362881988,40177524283
1772215073005,24408328658,40230403048
1772215074005,24454718562,40283483372
1772215075005,24500346543,40336506265
1772215076005,24544648177,40389288417
1772215077005,24589086888,40442180640
1772215078005,24634245625,40495143508
1772215079005,24679130861,40548236694
1772215080005,24723859261,40601765832
1772215081005,24769543193,40655356643
1772215082005,24814182501,40708658436
1772215083005,24850215031,40752402298
1772215084202,24890411180,40824045902
1772215085005,24934377457,40871479392
1772215086005,24980455824,40928568771
1772215087005,25027123989,40984817281
1772215088005,25074464390,41041014357
1772215089005,25121547710,41095468862
1772215090005,25167214293,41152394552
1772215091005,25211508099,41210899339
1772215092005,25254040553,41269151408
1772215093006,25303891994,41326845827
1772215094005,25349506578,41384878135
1772215095005,25392836475,41442589857
1772215096005,25440002127,41499667441
1772215097005,25482567324,41557329758
1772215098005,25524183031,41615401980
1772215099005,25571469465,41673422112
1772215100005,25614603571,41730842330
1772215101005,25658147782,41788153773
1772215102005,25700486993,41845648526
1772215103005,25743070103,41903031316
1772215104006,25787273292,41960511284
1772215105005,25830458802,42017777641
1772215106005,25874219799,42072854794
1772215107005,25919686915,42125905762
1772215108005,25964683871,42179020645
1772215109009,26009979639,42232342640
1772215110005,26055021591,42285105231
1772215111005,26101077895,42338455881
1772215112005,26145923216,42391650182
1772215113005,26189773274,42446205146
1772215114005,26233384025,42502997085
1772215115005,26278254691,42559670805
1772215116005,26322479485,42613597582
1772215117005,26367056876,42666775542
1772215118005,26411802045,42719994088
1772215119005,26456631529,42772966675
1772215120005,26501634893,42826120664
1772215121005,26547666189,42879114383
1772215122005,26592438501,42932088023
1772215123005,26637485900,42984996939
1772215124005,26683700154,43038652535
1772215125005,26723474113,43086804159
1772215126005,26754530430,43145698437
1772215127005,26790506001,43205958656
1772215128005,26830613226,43266221440
1772215129005,26876045416,43325526005
1772215130006,26922263546,43382002302
1772215131005,26972702375,43437663913
1772215132005,27022869229,43489386870
1772215133005,27073746740,43541642255
1772215134005,27124414332,43595073269
1772215135005,27167953431,43653433928
1772215136005,27212689109,43711160542
1772215137005,27260973187,43768506926
1772215138005,27309528523,43824694832
1772215139006,27355712505,43880438699
1772215140006,27395443223,43938819637
1772215141005,27434468625,43997200437
1772215142005,27475201183,44055008605
1772215143005,27517724406,44112492769
1772215144005,27561375041,44169187682
1772215145005,27603437136,44226099916
1772215146005,27647175337,44283022555
1772215147005,27690603893,44339119843
1772215148005,27735348436,44392633631
1772215149005,27780609599,44446097862
1772215150005,27825405073,44499533361
1772215151005,27871433317,44552976474
1772215152005,27915954925,44606195173
1772215153005,27961256141,44659451605
1772215154005,28007657504,44712758891
1772215155005,28052880400,44765327218
1772215156006,28097900182,44817901754
1772215157005,28143226024,44870388572
1772215158005,28187791987,44922802671
1772215159006,28235597636,44975138587
1772215160006,28283222461,45024663827
1772215161005,28330930520,45074982942
1772215162005,28379128894,45127818619
1772215163006,28415649863,45169454634
1772215164005,28452948700,45228970278
1772215165005,28497089758,45288406002
1772215166005,28540397898,45347541493
1772215167005,28584408653,45406952407
1772215168005,28631275980,45461641153
1772215169005,28678195383,45516811640
1772215170005,28724882605,45572438341
1772215171005,28770991930,45627890643
1772215172006,28813388632,45687333583
1772215173005,28855965090,45745242194
1772215174005,28896429672,45803023737
1772215175005,28938562854,45860377735
1772215176005,28984186379,45917921527
1772215177005,29026318966,45976063570
1772215178005,29066238960,46034731465
1772215179005,29108229510,46091784087
1772215180005,29151052765,46148624104
1772215181005,29193361383,46205440655
1772215182005,29235356724,46262081799
1772215183005,29279273688,46315908361
1772215184005,29325339925,46370049711
1772215185005,29369812479,46423501460
1772215186005,29414050944,46476750507
1772215187005,29458662895,46530029246
1772215188005,29503079101,46583365416
1772215189005,29550855820,46636967380
1772215190005,29595195034,46690398333
1772215191005,29640660776,46743936152
1772215192005,29685741621,46797293104
1772215193005,29730769306,46851052027
1772215194005,29777908546,46907074231
1772215195005,29823729129,46960387117
1772215196005,29868467767,47013594219
1772215197005,29913103200,47066868305
1772215198005,29950927782,47115720408
1772215199005,29985661764,47177087977
1772215200005,30022682600,47236297516
1772215201005,30062771149,47296218153
1772215202005,30102618103,47356919238
1772215203005,30142159164,47417125246
1772215204005,30183969273,47477157283
1772215205005,30226981987,47536901950
1772215206005,30269553165,47595478098
1772215207005,30310998303,47653120671
1772215208005,30357267287,47711780632
1772215209005,30402201914,47770656463
1772215210005,30446933121,47828892236
1772215211005,30490736688,47886931913
1772215212005,30531712688,47944570885
1772215213005,30573130926,48002440405
1772215214005,30618745998,48058873583
1772215215005,30663092322,48112218053
1772215216005,30706873780,48165458693
1772215217005,30750791263,48218758579
1772215218005,30795345325,48272253753
1772215219005,30841946736,48326345804
1772215220005,30886251375,48379590823
1772215221005,30931682406,48432935354
1772215222005,30975675080,48486206907
1772215223005,31020422903,48539454107
1772215224005,31066420448,48593575469
1772215225005,31112432641,48647229707
1772215226005,31158444254,48700504281
1772215227005,31203390263,48753579539
1772215228005,31249183015,48806484335
1772215229005,31294133648,48859313283
1772215230005,31339022806,48912113439
1772215231005,31384665190,48964979220
1772215232005,31429398412,49017857833
1772215233005,31475678489,49070766245
1772215234005,31521661569,49124275212
1772215235005,31553603567,49171669108
1772215236005,31585877227,49233610943
1772215237005,31624162616,49294511587
1772215238005,31664228232,49353576434
1772215239005,31707699769,49413348138
1772215240005,31751291936,49473400895
1772215241005,31797693590,49532698808
1772215242005,31844859363,49588184327
1772215243005,31884558406,49645234462
1772215244005,31922971809,49704217404
1772215245005,31970389416,49762237795
1772215246005,32014140022,49819629526
1772215247005,32058441427,49877730007
1772215248005,32103338336,49936244330
1772215249005,32143837997,49994607202
1772215250005,32181291809,50052854877
1772215251005,32221745039,50110699007
1772215252005,32264093344,50167772014
1772215253005,32305917994,50224813574
1772215254005,32349527845,50282074819
1772215255005,32391516869,50339177258
1772215256005,32434289742,50396327318
1772215257005,32479216450,50452452116
1772215258005,32523797748,50506078188
1772215259005,32569141762,50559562956
1772215260005,32614364811,50612687192
1772215261005,32659782186,50666047195
1772215262005,32704538447,50719145798
1772215263005,32749720879,50772445806
1772215264005,32796265102,50826893323
1772215265005,32842184832,50880598005
1772215266005,32887743343,50933720959
1772215267005,32933604451,50986630973
1772215268005,32978803041,51040086552
1772215269005,33024004164,51093712884
1772215270005,33068448811,51147406564
1772215271005,33113481806,51200846305
1772215272005,33157593844,51254784998
1772215273005,33189032602,51306925429
1772215274005,33229174889,51367312184
1772215275005,33269169983,51425339304
1772215276005,33308816309,51484757312
1772215277005,33352039400,51543946238
1772215278005,33395412157,51603643788
1772215279005,33442849188,51663621415
1772215280005,33485830745,51723628794
1772215281007,33529334522,51782748539
1772215282006,33571412699,51841134436
1772215283005,33614904499,51899357484
1772215284005,33661960842,51957695699
1772215285007,33706535670,52016463992
1772215286005,33749262144,52075021861
1772215287005,33787086757,52133360855
1772215288005,33827469022,52191897501
1772215289005,33871987517,52250134708
1772215290005,33917089799,52307768477
1772215291005,33962552399,52361547693
1772215292005,34008248079,52415634648
1772215293005,34052872343,52469474790
1772215294005,34099047507,52524160805
1772215295005,34144892792,52577989198
1772215296005,34191049081,52631403092
1772215297005,34236208474,52684893566
1772215298005,34281222412,52738497560
1772215299005,34326631212,52792110235
1772215300005,34371297252,52845655745
1772215301005,34417006436,52899371214
1772215302005,34461199448,52952893028
1772215303005,34505476348,53006351506
1772215304005,34552184565,53060657047
1772215305005,34598430022,53115232807
1772215306005,34642757304,53169100291
1772215307005,34687073585,53223004623
1772215308005,34731420489,53276868278
1772215309005,34779033383,53330718795
1772215310005,34816719606,53380623563
1772215311005,34846388955,53442851286
1772215312005,34884675167,53503718576
1772215313005,34924248820,53564400497
1772215314005,34967637537,53623691803
1772215315005,35011992741,53683077953
1772215316005,35055487242,53741866768
1772215317005,35101999179,53797171479
1772215318005,35144564865,53853503969
1772215319005,35185351894,53910616571
1772215320005,35233151668,53968601105
1772215321005,35278373374,54026545054
1772215322005,35323406064,54084396936
1772215323005,35364480387,54142207469
1772215324005,35410601171,54199386732
1772215325005,35459116255,54254133794
1772215326005,35506054120,54308206132
1772215327005,35553706563,54362300670
1772215328005,35599652032,54414802808
1772215329005,35643616937,54468728470
1772215330005,35687892662,54522624044
1772215331005,35733176164,54576655064
1772215332005,35777372914,54630514934
1772215333005,35821383196,54684377642
1772215334005,35867602470,54738887869
1772215335005,35912360714,54792859718
1772215336005,35956579909,54848578089
1772215337005,36001199351,54903281727
1772215338005,36045904513,54956935507
1772215339005,36093275217,55010558146
1772215340005,36138012634,55064011070
1772215341005,36183669193,55117618451
1772215342005,36228335798,55171112908
1772215343005,36273076450,55224603916
1772215344005,36319753648,55278678848
1772215345262,36365794479,55346011135
1772215346005,36411794191,55385824430
1772215347006,36457575591,55439381246
1772215348005,36497028949,55487372538
1772215349005,36526541370,55543500403
1772215350005,36562588639,55603964913
1772215351005,36600369842,55664723276
1772215352005,36637210680,55726250764
1772215353005,36678552307,55785485967
1772215354005,36724104731,55843472973
1772215355005,36768433172,55901143056
1772215356005,36812162890,55959666534
1772215357005,36855349515,56016505956
1772215358005,36898427976,56074286522
1772215359005,36943257948,56131197443
1772215360005,36990173429,56187609412
1772215361005,37038161945,56245913480
1772215362005,37083551215,56304066219
1772215363005,37125718757,56361545837
1772215364005,37167238888,56419272084
1772215365005,37211023611,56476434945
1772215366005,37253613678,56533530351
1772215367005,37295645349,56590792053
1772215368005,37338527698,56649090765
1772215369005,37383664906,56706518338
1772215370005,37426893459,56762143848
1772215371005,37472691323,56815817785
1772215372005,37517428023,56869360685
1772215373005,37562215364,56922901160
1772215374005,37608992624,56976769742
1772215375005,37655025659,57030291129
1772215376005,37700622742,57083590192
1772215377005,37745597071,57136853795
1772215378005,37790275012,57190081648
1772215379005,37834902602,57243427949
1772215380005,37879871529,57296736380
1772215381006,37925932807,57350106148
1772215382005,37970896088,57402735080
1772215383005,38018664965,57452383101
1772215384006,38063982095,57503988876
1772215385005,38090972017,57558048703
1772215386005,38120310221,57620585248
1772215387005,38155623702,57681495169
1772215388005,38195789579,57742201686
1772215389005,38239396058,57802481085
1772215390005,38282826002,57861813389
1772215391005,38327389859,57921142093
1772215392005,38371364636,57980646782
1772215393005,38415256379,58039222809
1772215394005,38461513905,58097881473
1772215395006,38504905917,58155065573
1772215396005,38550630573,58212300467
1772215397005,38597557009,58269793633
1772215398005,38645174451,58327796798
1772215399005,38692159112,58385459603
1772215400005,38735709350,58443416689
1772215401005,38780986275,58501145195
1772215402005,38825390244,58558192385
1772215403005,38869989042,58611677122
1772215404005,38916711556,58665693936
1772215405005,38959848592,58722126885
1772215406005,39002162215,58779324794
1772215407005,39043428422,58836546795
1772215408005,39084584878,58893778164
1772215409005,39125991306,58950948807
1772215410005,39167510796,59008167314
1772215411005,39210234462,59065343312
1772215412005,39252799811,59120822056
1772215413005,39296944104,59174299897
1772215414005,39343430226,59228093547
1772215415005,39389784594,59281806956
1772215416005,39435974711,59335294714
1772215417005,39480486340,59388724751
1772215418005,39525195103,59441973127
1772215419005,39560996367,59490724008
1772215420005,39594540988,59552568558
1772215421005,39630168663,59614327358
1772215422005,39667255642,59675818623
1772215423005,39706887718,59735760760
1772215424005,39750054858,59796011626
1772215425005,39794004321,59854921117
1772215426005,39837557870,59913797451
1772215427005,39881267280,59972946309
1772215428006,39923528385,60031818905
1772215429005,39973113711,60089945004
1772215430005,40017823557,60148083522
1772215431007,40060657829,60206579566
1772215432006,40105857731,60265363620
1772215433005,40144555010,60323213381
1772215434005,40185558093,60381253929
1772215435005,40225447006,60438967741
1772215436005,40264835609,60496407214
1772215437005,40304237029,60553744611
1772215438005,40342570313,60610992292
1772215439005,40383914442,60667397212
1772215440005,40428021765,60721079143
1772215441005,40473030302,60774702789
1772215442005,40517193271,60827981070
1772215443005,40561303889,60881222366
1772215444005,40607441793,60934745492
1772215445005,40652361986,60988336425
1772215446005,40696750696,61041811550
1772215447005,40743021344,61095280647
1772215448005,40788637134,61148895016
1772215449006,40833425086,61202475009
1772215450005,40878123382,61255755838
1772215451005,40923714225,61309089033
1772215452005,40968407150,61362310341
1772215453005,41011303460,61413966284
1772215454005,41043373579,61465621221
1772215455005,41078100192,61527458737
1772215456005,41112364869,61589146693
1772215457005,41148612003,61650615744
1772215458005,41188210770,61711036325
1772215459005,41231004913,61771606252
1772215460005,41274986189,61831382701
1772215461005,41319645440,61891177995
1772215462005,41360529281,61949939681
1772215463005,41402946476,62008180489
1772215464005,41444122721,62066569498
1772215465005,41489551936,62124223880
1772215466005,41531782495,62181224152
1772215467005,41577186549,62239372177
1772215468006,41622311276,62296905029
1772215469005,41666596659,62353913647
1772215470005,41710884851,62410989858
1772215471005,41756140475,62467772093
1772215472005,41800883370,62521853647
1772215473005,41845200903,62575679538
1772215474005,41891748788,62629954746
1772215475005,41937516868,62684085583
1772215476005,41982430454,62737705781
1772215477005,42027277058,62791201107
1772215478005,42072141650,62844833221
1772215479005,42120001022,62898477648
1772215480005,42165214916,62951952300
1772215481005,42211478134,63005573764
1772215482005,42256289293,63058853937
1772215483005,42301306588,63112022071
1772215484005,42347574581,63165476002
1772215485005,42392365599,63218887485
1772215486005,42437120960,63272112440
1772215487005,42481664478,63325286066
1772215488005,42526762442,63378509098
1772215489005,42561811716,63423216701
1772215490005,42594099673,63484565335
1772215491005,42629042355,63546135607
1772215492005,42665965174,63607409324
1772215493005,42706018675,63667737061
1772215494005,42749292850,63727975126
1772215495005,42793080960,63788085146
1772215496005,42836792933,63847235957
1772215497005,42878057599,63906421723
1772215498005,42919409342,63964533189
1772215499005,42963449484,64022241448
1772215500005,43006147563,64079067534
1772215501005,43052870458,64136844240
1772215502005,43098296011,64194277946
1772215503005,43141557583,64252055796
1772215504005,43185520062,64309594263
1772215505005,43228246887,64367110088
1772215506005,43269985329,64423998274
1772215507005,43311500913,64480718531
1772215508005,43353422405,64536987716
1772215509005,43397987285,64589566601
1772215510005,43444895519,64642152550
1772215511005,43491386111,64694876707
1772215512006,43536100824,64747428188
1772215513005,43581511241,64799870377
1772215514005,43628307481,64853039090
1772215515005,43673953604,64906499735
1772215516005,43719111684,64959463579
1772215517006,43764224814,65012495108
1772215518005,43808751381,65065491070
1772215519005,43856268196,65118578931
1772215520005,43901202502,65171584476
1772215521005,43947082378,65224587396
1772215522005,43991775120,65277413094
1772215523005,44037063152,65330301121
1772215524005,44071525573,65377758750
1772215525815,44099529740,65489940372
1772215526005,44132656613,65501582913
1772215527005,44168757468,29810622
1772215528005,44209543185,89822350
1772215529005,44253358638,149761618
1772215530005,44297019512,209712879
1772215531005,44341557308,269324710
1772215532005,44383763073,328625415
1772215533005,44427816382,386030878
1772215534005,44472021844,443139253
1772215535006,44518488863,499646173
1772215536006,44567528883,556065328
1772215537008,44613632594,613329960
1772215538005,44655747252,671058176
1772215539005,44696136551,728449938
1772215540005,44738018892,785761030
1772215541005,44780782107,842897083
1772215542005,44822423478,900216217
1772215543005,44864058470,957169006
1772215544005,44907915272,1014207636
1772215545005,44949894089,1071172647
1772215546005,44991807479,1128208836
1772215547005,45033401077,1185357568
1772215548005,45078904873,1238303042
1772215549006,45127729237,1291967732
1772215550005,45172405821,1345405520
1772215551005,45218139250,1399037649
1772215552005,45262732204,1452609510
1772215553005,45306929260,1506086206
1772215554005,45353209688,1559850241
1772215555005,45398009602,1613486505
1772215556005,45443148991,1667289371
1772215557005,45487936470,1722952356
1772215558005,45532372908,1777286719
1772215559005,45562575981,1824955626
1772215560005,45588568457,1886559801
1772215561007,45620064128,1948460850
1772215562005,45657777967,2009123943
1772215563005,45697191731,2069583264
1772215564005,45739368642,2130104075
1772215565005,45779626372,2190678122
1772215566005,45821695943,2250524285
1772215567005,45862664482,2309361407
1772215568005,45903853804,2368005682
1772215569006,45945924519,2424985920
1772215570006,45991692691,2481832849
1772215571005,46037094639,2539985420
1772215572005,46080844437,2597084290
1772215573005,46129132391,2655082633
1772215574005,46174682022,2712408770
1772215575005,46216213672,2770195210
1772215576005,46257544848,2828065997
1772215577005,46299138751,2885740489
1772215578005,46342009566,2942852511
1772215579005,46389892755,2996340849
1772215580005,46434846088,3049563636
1772215581005,46480540426,3103035236
1772215582005,46525469774,3156468584
1772215583005,46570188866,3209760933
1772215584005,46616875249,3263246342
1772215585005,46661999685,3316853158
1772215586005,46707085367,3370256708
1772215587005,46751681037,3423241516
1772215588005,46796371383,3475960973
1772215589005,46841095251,3532376711
1772215590005,46885913795,3585115164
1772215591005,46931118672,3638050995
1772215592005,46975558848,3691439316
1772215593005,47020266070,3744720207
1772215594005,47052128817,3792835806
1772215595005,47079073194,3854900284
1772215596005,47110532383,3916169943
1772215597005,47145716278,3977368118
1772215598005,47182369824,4038411561
1772215599005,47222051335,4098454736
1772215600005,47261821830,4159281913
1772215601005,47302392242,4220072089
1772215602005,47342887905,4280129194
1772215603005,47383452381,4338948906
1772215604005,47429348094,4397344660
1772215605005,47477479181,4455595630
1772215606005,47520326681,4513220198
1772215607005,47554543784,4571349485
1772215608005,47591450551,4629731232
1772215609005,47632649287,4688150055
1772215610005,47671090796,4745368440
1772215611005,47713059908,4802715084
1772215612005,47753889325,4859874207
1772215613005,47795324010,4917014745
1772215614005,47841503187,4971496150
1772215615005,47886643003,5025196819
1772215616005,47931747452,5079105774
1772215617005,47976220204,5132769106
1772215618005,48020513949,5186336282
1772215619005,48064859281,5240026727
1772215620005,48109363220,5294941795
1772215621005,48154391776,5350331219
1772215622005,48198295999,5403863088
1772215623005,48242254572,5457469279
1772215624005,48287444526,5512013638
1772215625005,48332239146,5565769556
1772215626005,48376688644,5619501412
1772215627005,48421009717,5673149440
1772215628005,48465652046,5726875574
1772215629005,48497719464,5773384231
1772215630005,48523944167,5835602266
1772215631005,48551303516,5897727181
1772215632005,48576853662,5960158508
1772215633005,48602416458,6022244286
1772215634005,48631219686,6084300159
1772215635005,48658694431,6146146753
1772215636005,48691945489,6208065640
1772215637005,48729240603,6269219109
1772215638005,48768356698,6328701720
1772215639005,48817356850,6387197825
1772215640007,48863169147,6445204026
1772215641005,48910385135,6503213874
1772215642005,48954218379,6560472494
1772215643005,48992332420,6618055408
1772215644005,49032707438,6675885502
1772215645005,49074799835,6733036523
1772215646005,49115756259,6790771894
1772215647005,49154205793,6848316877
1772215648005,49192959893,6905327295
1772215649005,49234261712,6962513257
1772215650005,49275310004,7019812814
1772215651005,49317675626,7077027202
1772215652005,49358859013,7134518568
1772215653005,49399857091,7192306946
1772215654005,49445121550,7246845767
1772215655005,49490093269,7299717437
1772215656005,49535593068,7352541900
1772215657005,49580309963,7405357207
1772215658005,49624571224,7458064320
1772215659005,49669150461,7510732129
1772215660005,49713606246,7563308176
1772215661005,49759973249,7616100245
1772215662005,49804844799,7668561445
1772215663005,49849601701,7721038254
1772215664005,49896199068,7774070378
1772215665005,49935233930,7820919899
1772215666005,49967123333,7879377951
1772215667005,50000800028,7941364675
1772215668005,50034631927,8003517344
1772215669005,50072313724,8064942436
1772215670005,50105738677,8125981348
1772215671005,50141339635,8187462620
1772215672005,50183035583,8247279289
1772215673005,50228863932,8302993724
1772215674005,50275425871,8359174870
1772215675005,50322520237,8415816274
1772215676005,50369007869,8473531215
1772215677005,50414157603,8530927905
1772215678005,50457091631,8588127690
1772215679005,50495623605,8646009692
1772215680005,50533570831,8703834719
1772215681005,50574320295,8761064288
1772215682005,50615584824,8817747560
1772215683005,50656891281,8874410600
1772215684005,50700461553,8931794992
1772215685005,50743847203,8988728601
1772215686005,50786011832,9045540544
1772215687005,50828813710,9100991442
1772215688005,50870701818,9157261344
1772215689005,50912340122,9213945195
1772215690005,50953883903,9270654253
1772215691005,50997502436,9325859375
1772215692005,51041604754,9379051510
1772215693005,51085367749,9432307301
1772215694005,51130467331,9486405531
1772215695005,51175037902,9539752656
1772215696005,51219736472,9592984523
1772215697005,51263718664,9646247393
1772215698005,51307320642,9699193584
1772215699032,51354949679,9753811914
1772215700005,51392861888,9800550144
1772215701005,51425878277,9861037570
1772215702005,51460728068,9922390705
1772215703005,51497362175,9983598035
1772215704005,51537769647,10043899390
1772215705005,51579711539,10102766189
1772215706005,51626660176,10158872525
1772215707005,51673596958,10214863495
1772215708005,51718926095,10270281909
1772215709005,51766239231,10328968343
1772215710005,51812249516,10386368313
1772215711006,51859609311,10444172849
1772215712006,51906206266,10502072413
1772215713005,51947823544,10559244642
1772215714005,51988389470,10616723054
1772215715005,52029683935,10673620243
1772215716005,52073352423,10731205674
1772215717005,52115701322,10788111224
1772215718005,52157810473,10844997214
1772215719005,52199523434,10901857829
1772215720005,52241527731,10958482876
1772215721005,52283809206,11015289402
1772215722005,52325941365,11072100368
1772215723005,52367488853,11128911074
1772215724005,52411104518,11185790320
1772215725005,52452761101,11242691003
1772215726005,52493934875,11299509994
1772215727005,52535600185,11356341772
1772215728005,52576850112,11413213739
1772215729005,52620710560,11470102323
1772215730005,52650771872,11512441609
1772215731005,52678504630,11574367469
1772215732005,52709277345,11637010225
1772215733005,52742842413,11698817744
1772215734006,52778999661,11760384582
1772215735005,52815744618,11820728843
1772215736005,52852867195,11881897326
1772215737005,52890487029,11931962730
1772215738005,52925629438,11962059654
1772215739005,52961841967,11992767035
1772215740005,52999870884,12024165039
1772215741006,53030509756,12057380820
1772215742006,53056844668,12084789116
1772215743005,53083162551,12110384106
1772215744005,53111136736,12137952718
1772215745006,53138201132,12164997035
1772215746005,53163992035,12190267487
1772215747006,53190386132,12215598300
1772215748005,53216402426,12246795417
1772215749006,53242655829,12272083401
1772215750006,53268806256,12297370149
1772215751005,53296423632,12322635993
1772215752005,53322525829,12347860900
1772215753005,53348416763,12373251005
1772215754005,53376179914,12400706342
1772215755006,53402922779,12426245427
1772215756005,53428989958,12451741209
1772215757006,53455599284,12477656006
1772215758005,53480911437,12502948445
1772215759006,53507569238,12534697978
1772215760006,53533584036,12560197316
1772215761006,53561301261,12585718320
1772215762005,53587690308,12610936040
1772215763005,53613642701,12637098826
1772215764005,53642825701,12669325248
1772215765005,53669042165,12695441741
1772215766005,53694706182,12720674567
1772215767068,53720994541,12747950363
1772215768005,53747432001,12771766865
1772215769005,53773275956,12797090399
1772215770005,53798699934,12822359448
1772215771005,53825409719,12849309501
1772215772005,53851451600,12874482347
1772215773005,53877686312,12899709131
1772215774005,53906957809,12927155588
1772215775005,53934187343,12952799861
1772215776005,53960215904,12977953773
1772215777005,53986673016,13003256434
1772215778006,54012817676,13028500231
1772215779005,54038599759,13057726030
1772215780005,54064489335,13084619567
1772215781005,54090732225,13111033530
1772215782005,54116069736,13135918656
1772215783006,54142218058,13161028121
1772215784005,54170062687,13188195235
1772215785005,54196517465,13214289634
1772215786005,54222022296,13239349480
1772215787006,54247837474,13264902098
1772215788005,54274099635,13290033367
1772215789006,54304949342,13315711849
1772215790005,54330438426,13340880332
1772215791006,54357767717,13366677673
1772215792005,54383104892,13392177331
1772215793005,54408871947,13417538309
1772215794006,54436126473,13445002633
1772215795006,54462365427,13476542002
1772215796006,54487938689,13501864789
1772215797006,54514192916,13527714786
1772215798006,54540125871,13552869689
1772215799006,54565931879,13578048166
1772215800006,54591467240,13603119974
1772215801006,54618526983,13628573217
1772215802006,54644545138,13654137600
1772215803006,54671535685,13679584297
1772215804005,54700806297,13707584817
1772215805005,54727149371,13733805965
1772215806006,54752923215,13759409484
1772215807005,54778877028,13785235892
1772215808005,54805057635,13810811931
1772215809006,54831380477,13836462094
1772215810005,54857217718,13863364176
1772215811005,54884082555,13893492867
1772215812005,54909605268,13918753951
1772215813005,54935660378,13944178066
1772215814005,54963781207,13971244965
1772215815005,54989694922,13997460513
1772215816006,55015579081,14022848711
1772215817006,55041028372,14048705833
1772215818005,55067003546,14073890718
1772215819005,55093384292,14104804006
1772215820005,55119062926,14130266312
1772215821006,55146255154,14155986479
1772215822006,55172096973,14181422038
1772215823006,55198079271,14206929126
1772215824005,55225784824,14234337560
1772215825005,55252245324,14259868665
1772215826005,55277858135,14289665036
1772215827005,55304226187,14316811521
1772215828005,55329941852,14342182981
1772215829005,55355608478,14367327432
1772215830005,55381130718,14392653469
1772215831005,55408095831,14417982726
1772215832005,55433787953,14443324387
1772215833005,55459428442,14468518183
1772215834005,55487696374,14495610578
1772215835006,55514449614,14521211518
1772215836005,55540624713,14546463371
1772215837005,55566444774,14571947145
1772215838005,55592384564,14597277027
1772215839006,55619001031,14622533702
1772215840005,55645120377,14647798356
1772215841005,55672024244,14673393285
1772215842005,55697815421,14704509107
1772215843005,55723296022,14729894956
1772215844005,55751471017,14757119423
1772215845005,55777517186,14782564061
1772215846005,55803004043,14807742492
1772215847005,55828816871,14833660830
1772215848006,55854468819,14859428540
1772215849005,55881240048,14890979658
1772215850005,55906742223,14916360044
1772215851005,55933667787,14941994186
1772215852005,55959306094,14967312930
1772215853005,55984703936,14992540186
1772215854005,56012467026,15019780385
1772215855005,56038752364,15045216677
1772215856005,56064567603,15070292315
1772215857005,56090624407,15097531766
1772215858006,56116293261,15127134651
1772215859006,56142492498,15152513252
1772215860006,56167912189,15177633504
1772215861007,56195294531,15203339481
1772215862005,56220451891,15228526869
1772215863006,56246131136,15253843186
1772215864005,56274100347,15280822718
1772215865006,56300147339,15306768489
1772215866005,56325599423,15331996783
1772215867005,56351354881,15357643498
1772215868005,56377130953,15382971320
1772215869005,56403829798,15408277628
1772215870005,56429191737,15433752690
1772215871005,56455932511,15459391455
1772215872006,56481444986,15484979030
1772215873005,56506818780,15515250352
1772215874005,56533715232,15543807012
1772215875005,56560066240,15569314848
1772215876005,56585747606,15594535376
1772215877005,56612069548,15620002168
1772215878005,56637800410,15645197124
1772215879005,56668873464,15670693135
1772215880005,56694293201,15695852738
1772215881005,56720261630,15722293188
1772215882005,56746332380,15747493088
1772215883005,56771953323,15772702782
1772215884005,56800106225,15799808696
1772215885005,56826426199,15825303013
1772215886005,56851719340,15850460892
1772215887005,56877553438,15876170317
1772215888005,56902946412,15901351510
1772215889005,56928674619,15932355277
1772215890005,56953991624,15957541841
1772215891005,56981299095,15982931382
1772215892005,57006585004,16008074567
1772215893005,57032520064,16033271171
1772215894005,57060540130,16060242981
1772215895005,57087153347,16085782737
1772215896005,57112854425,16110913731
1772215897005,57138492565,16136343340
1772215898005,57163998418,16161498533
1772215899005,57189748612,16186478778
1772215900005,57216216329,16211463066
1772215901005,57241962830,16238357733
1772215902005,57267266743,16263568679
1772215903005,57292754668,16288648787
1772215904005,57320382878,16317329082
1772215905005,57346876198,16346671025
1772215906005,57372311101,16371753681
1772215907005,57398386092,16397355003
1772215908005,57423457427,16422384699
1772215909005,57449518610,16453321057
1772215910005,57475522270,16478645492
1772215911005,57501333634,16505571544
1772215912005,57526658740,16530791691
1772215913005,57551859966,16555932114
1772215914006,57579753833,16583005742
1772215915009,57606352494,16608570170
1772215916005,57632352264,16633650980
1772215917005,57657910543,16659178667
1772215918005,57682947563,16684213200
1772215919005,57708671254,16709352983
1772215920005,57735253559,16740111661
1772215921005,57760789408,16767144428
1772215922005,57786547399,16792353634
1772215923005,57812256336,16817610461
1772215924005,57839610238,16844507218
1772215925005,57867006877,16870142779
1772215926005,57892671062,16895459203
1772215927005,57918534150,16921070290
1772215928005,57944204545,16946273882
1772215929005,57970366491,16971498438
1772215930005,57996298683,16996827252
1772215931005,58023603561,17022749007
1772215932005,58049451482,17047864926
1772215933005,58075161792,17073040123
1772215934005,58103061274,17099327246
1772215935005,58129234115,17125324681
1772215936005,58154938947,17156270712
1772215937005,58180381540,17181557857
1772215938005,58205902742,17206853500
1772215939005,58231782156,17237575132
1772215940005,58258006462,17263078024
1772215941005,58283840194,17289616462
1772215942005,58309448641,17314734273
1772215943005,58335001580,17339726221
1772215944006,58362786856,17367180429
1772215945005,58389546413,17393060896
1772215946005,58415913457,17418040683
1772215947005,58442254075,17443149065
1772215948005,58468220048,17468377725
1772215949005,58493847400,17493458231
1772215950005,58519920362,17518482632
1772215951005,58547056272,17546308388
1772215952006,58572744275,17574767060
1772215953006,58598363357,17599938488
1772215954005,58625225432,17627639234
1772215955006,58651461945,17653380899
1772215956006,58677907080,17678514624
1772215957005,58703810129,17703521540
1772215958006,58729341829,17728841718
1772215959005,58754756652,17753820483
1772215960006,58780497493,17778816231
1772215961005,58808623114,17804258137
1772215962005,58834214289,17829318166
1772215963005,58860216927,17854300990
1772215964005,58888259071,17881100461
1772215965006,58915262801,17906612417
1772215966005,58940853580,17931649742
1772215967005,58966871949,17962353644
1772215968005,58992400948,17987791324
1772215969006,59023302304,18013290341
1772215970005,59048773963,18038386364
1772215971005,59076559529,18063990219
1772215972005,59102247226,18089179819
1772215973005,59128155524,18114335668
1772215974006,59155817546,18141423989
1772215975005,59181830208,18167048625
1772215976005,59207875004,18192170190
1772215977005,59233282015,18217372744
1772215978005,59258818216,18242881084
1772215979005,59284249426,18268236126
1772215980005,59309806576,18293560332
1772215981005,59336855058,18319189256
1772215982005,59362403725,18344378078
1772215983005,59388581158,18375440558
1772215984005,59415566793,18402687852
1772215985005,59442247527,18428238548
1772215986005,59468571361,18453522519
1772215987005,59494100955,18478850356
1772215988005,59519896877,18504452594
1772215989005,59545132907,18529628934
1772215990005,59570398507,18554815086
1772215991005,59598112437,18580513693
1772215992005,59624174413,18605857445
1772215993005,59650474918,18631108947
1772215994005,59679385089,18659204112
1772215995006,59707422183,18687601280
1772215996005,59742367611,18713205378
1772215997005,59777730772,18739044008
1772215998006,59810732926,18770102766
1772215999005,59845453375,18804197331
1772216000005,59880592320,18829512245
1772216001005,59915670950,18856604914
1772216002005,59950533787,18882353156
1772216003005,59985463865,18907895093
1772216004005,60021057956,18935718026
1772216005005,60056284742,18961870085
1772216006005,60091967482,18987396323
1772216007005,60127443263,19012781042
1772216008005,60162874719,19038093759
1772216009005,60198167739,19063230871
1772216010005,60233280303,19088260262
1772216011005,60268924548,19115450308
1772216012005,60304134443,19140479440
1772216013005,60339057395,19165594444
1772216014005,60375126712,19198219633
1772216015005,60411264477,19223736121
1772216016005,60446702128,19249094627
1772216017005,60481760328,19274344145
1772216018006,60516370644,19299963654
1772216019005,60551060485,19325027971
1772216020005,60585728370,19350081607
1772216021005,60620565680,19377103311
1772216022005,60655007914,19402106794
1772216023005,60682987821,19427631765
1772216024005,60710482523,19454630567
1772216025005,60737521134,19480454381
1772216026005,60764740063,19506251006
1772216027005,60790569538,19531708277
1772216028005,60816245578,19557189015
1772216029005,60841999190,19587939545
1772216030005,60867502922,19618783882
1772216031005,60894474397,19644182410
1772216032005,60920488905,19669186183
1772216033005,60945711264,19694323875
1772216034005,60973321104,19721266604
1772216035005,60999706000,19746423537
1772216036005,61025659293,19771443621
1772216037005,61051910423,19796461873
1772216038005,61077353550,19821703717
1772216039005,61102663261,19846735763
1772216040005,61128283060,19871665687
1772216041005,61154240885,19898100263
1772216042005,61180199901,19923065769
1772216043005,61205789535,19948040918
1772216044005,61233006481,19975117490
1772216045006,61259208846,20003670884
1772216046005,61285120897,20031486157
1772216047005,61311339588,20056646630
1772216048005,61336750780,20082096135
1772216049005,61362601463,20107129706
1772216050005,61387910701,20132209967
1772216051005,61414707198,20157772717
1772216052005,61440578800,20182834837
1772216053005,61466250888,20207863144
1772216054005,61493590096,20234778653
1772216055005,61519761183,20260169415
1772216056005,61545383271,20285123492
1772216057005,61571218681,20310326183
1772216058005,61596868905,20335631195
1772216059005,61622655611,20366331542
1772216060005,61647986058,20391286734
1772216061005,61673721879,20422492914
1772216062005,61699514979,20447578409
1772216063005,61725234840,20472479755
1772216064006,61752718190,20499368241
1772216065005,61778520475,20525247625
1772216066005,61803889494,20550349904
1772216067005,61829668663,20575504792
1772216068005,61855033212,20600917097
1772216069005,61880698007,20625944596
1772216070005,61905892795,20650862024
1772216071005,61931522100,20677503118
1772216072005,61957289429,20702500467
1772216073005,61982872105,20727647787
1772216074005,62010500498,20754580217
1772216075005,62037344508,20781254009
1772216076005,62062653807,20806965661
1772216077005,62088978633,20837812897
1772216078005,62114601896,20863310083
1772216079005,62139931152,20888499317
1772216080005,62165289674,20913812903
1772216081005,62190575582,20940500748
1772216082005,62215577860,20965686518
1772216083005,62241131134,20990866002
1772216084005,62268422097,21018028324
1772216085005,62294438528,21043678090
1772216086005,62319665098,21068827729
1772216087005,62344907552,21094149754
1772216088005,62371313596,21119628233
1772216089005,62396881121,21150648800
1772216090005,62421848732,21175809715
1772216091005,62448266693,21201487739
1772216092005,62473950713,21230155736
1772216093005,62500057914,21257925006
1772216094005,62527264835,21285368747
1772216095005,62553219990,21310954109
1772216096005,62578426862,21336031776
1772216097005,62603431429,21361204867
1772216098005,62629513698,21386532430
1772216099005,62654630350,21411787654
1772216100005,62679893035,21436894190
1772216101005,62706378162,21462622474
1772216102005,62731800187,21487729467
1772216103005,62757168107,21512920791
1772216104005,62784249547,21539944403
1772216105005,62810000107,21565391054
1772216106005,62835438031,21590534453
1772216107005,62860981434,21615912688
1772216108005,62886961306,21647438493
1772216109005,62911999410,21672619914
1772216110005,62936640744,21697815557
1772216111005,62963388125,21723277573
1772216112005,62988603099,21748341645
1772216113005,63014036079,21773377308
1772216114005,63041300386,21800385127
1772216115005,63066914357,21825947511
1772216116005,63092317737,21851115338
1772216117005,63117798658,21876367419
1772216118005,63143757398,21901641289
1772216119005,63169567419,21932457872
1772216120005,63194822369,21957608137
1772216121005,63220283455,21984436690
1772216122005,63245436375,22009502563
1772216123005,63271178940,22035047171
1772216124005,63298405956,22067793616
1772216125005,63324340970,22093461279
1772216126005,63349782129,22118586781
1772216127005,63375243199,22143785825
1772216128005,63400893103,22169236963
1772216129005,63425804061,22194419865
1772216130005,63450797855,22219565354
1772216131005,63477072909,22245235733
1772216132005,63502097616,22270411662
1772216133005,63527786321,22295806253
1772216134005,63555036254,22322942057
1772216135005,63581066006,22348644677
1772216136005,63606184458,22373923262
1772216137005,63631371311,22399478779
1772216138005,63656976219,22425049371
1772216139005,63683212212,22453604703
1772216140005,63708819073,22481363521
1772216141005,63735369275,22506685439
1772216142005,63760426344,22531676853
1772216143005,63785738877,22556816849
1772216144005,63813676520,22582799926
1772216145006,63839952154,22608522793
1772216146005,63865156691,22633605358
1772216147005,63890481309,22658794241
1772216148005,63916037208,22684002960
1772216149006,63947114046,22709503579
1772216150005,63972417090,22734521313
1772216151005,63999097381,22760046146
1772216152005,64024459335,22785248319
1772216153005,64050020514,22810318083
1772216154005,64078175079,22837310537
1772216155005,64104054767,22868436140
1772216156005,64129290248,22893430774
1772216157005,64155126604,22918627896
1772216158005,64180305142,22943823477
1772216159005,64206128423,22969502462
1772216160005,64232051627,22994556281
1772216161005,64257486744,23021138494
1772216162005,64282439631,23046152841
1772216163005,64307888709,23071176617
1772216164005,64335784635,23098006910
1772216165005,64361934299,23123484001
1772216166005,64387124556,23148564399
1772216167005,64412851466,23173698445
1772216168005,64439767021,23198800724
1772216169005,64467394071,23224253280
1772216170005,64496025876,23251298894
1772216171005,64527833359,23278243545
1772216172005,64553471422,23303537571
1772216173005,64580095426,23330296075
1772216174005,64610211148,23358610696
1772216175006,64638826367,23384961705
1772216176006,64666375327,23411826374
1772216177005,64693817389,23439272083
1772216178005,64719952436,23466752977
1772216179005,64749127975,23498357238
1772216180005,64779109625,23524032073
1772216181005,64810001002,23550160468
1772216182005,64838378410,23575624513
1772216183005,64867126389,23601141092
1772216184005,64896705533,23630374154
1772216185005,64925725059,23657816491
1772216186005,64955704313,23684759525
1772216187005,64984953426,23712025006
1772216188006,65011642796,23739105698
1772216189005,65041147282,23766884077
1772216190005,65066389492,23792609676
1772216191005,65092896254,23821488935
1772216192005,65119503169,23854142947
1772216193005,65153147044,23879229189
1772216194005,65185709874,23909421689
1772216195005,65216566845,23939098209
1772216196005,65245901632,23969517321
1772216197006,65271392516,24004090804
1772216198006,65296652822,24038715784
1772216199006,65323378902,24073636936
1772216200005,65355120318,24101256037
1772216201005,65384644945,24132463072
1772216202005,65409924643,24169276705
1772216203005,65441997203,24196124864
1772216204005,65476428544,24223835574
1772216205005,65502423385,24258500133
1772216206005,65527535764,24293150410
1772216207005,20235235,24327859858
1772216208005,45446807,24362601347
1772216209005,71606190,24399591713
1772216210005,97530448,24434281173
1772216211005,124662071,24468854657
1772216212005,150067983,24503662183
1772216213005,175554260,24538661716
1772216214006,202975846,24574152037
1772216215005,231317245,24603756555
1772216216005,267713297,24636502176
1772216217005,301165013,24668830933
1772216218005,334447532,24701130364
1772216219005,360164937,24727992028
1772216220005,386113821,24753786913
1772216221005,412733736,24779738802
1772216222005,438733582,24805162399
1772216223005,464494670,24830482440
1772216224005,491741751,24858803958
1772216227005,568483967,24936408190
1772216228005,593642853,24961589521
1772216229005,619569048,24988833885
1772216230005,645132210,25014056397
1772216231005,671841888,25039912527
1772216232006,698357179,25068379759
1772216233006,732104839,25097702980
1772216234092,772550196,25139227154
1772216235005,802532349,25168315677
1772216236005,829350192,25194883715
1772216237005,854856487,25220018096
1772216238005,881160912,25246712959
1772216239005,909283192,25280849942
1772216240005,942083497,25309135680
1772216241005,971347639,25343595080
1772216242006,998535229,25380025370
1772216243005,1024810619,25415145747
1772216244005,1054556395,25453011037
1772216245006,1085650444,25489405029
1772216246005,1119265909,25526273621
1772216247006,1148754603,25565404394
1772216248006,1177362483,25606219789
1772216249005,1208216966,25648549860
1772216250006,1238541753,25687838035
1772216251005,1269637572,25726283602
1772216252005,1297878742,25761152709
1772216253006,1323542713,25787051059
1772216254005,1354288041,25819426170
1772216255005,1386771438,25851290321
1772216256005,1421615782,25878129097
1772216257006,1456243584,25906201895
1772216258005,1490471123,25933857340
1772216259005,1525816738,25962710752
1772216260005,1561438186,25990782543
1772216261005,1596048381,26019264102
1772216262005,1631270619,26047232138
1772216263006,1665398112,26073585969
1772216264005,1701382792,26104777654
1772216265005,1739679838,26138535217
1772216266006,1779135623,26167327444
1772216267006,1817786288,26195355276
1772216268006,1855917113,26223898569
1772216269006,1895891273,26256466023
1772216270006,1933801193,26285714113
1772216271005,1972940389,26316676852
1772216272005,2011431013,26345519096
1772216273005,2050530584,26373078370
1772216274005,2089581787,26404590183
1772216275006,2127664474,26434664922
1772216276006,2168487085,26461977840
1772216277006,2208164690,26488459503
1772216278006,2247673099,26514805263
1772216279006,2287556336,26541568680
1772216280005,2327687043,26570237836
1772216281005,2368275383,26602592929
1772216282006,2408308163,26629264493
1772216283006,2447119618,26655628837
1772216284005,2484064866,26684487619
1772216285005,2518177161,26710579181
1772216286005,2553080034,26736963864
1772216287005,2587589419,26762315977
1772216288005,2622635352,26789714401
1772216289005,2658843455,26817366108
1772216290005,2694191862,26844688395
1772216291005,2729528994,26871912375
1772216292005,2764425504,26898876816
1772216293005,2799165819,26923991850
1772216294005,2835337914,26954416058
1772216295005,2871750704,26987295644
1772216296006,2908522712,27024445686
1772216297005,2944007022,27060766927
1772216298005,2979353827,27096254792
1772216299005,3018046223,27132805942
1772216300005,3053338801,27168618909
1772216301005,3089098884,27205414232
1772216302005,3119776375,27241533977
1772216303005,3145243457,27277398577
1772216304005,3172905143,27314043822
1772216305005,3198934848,27349726044
1772216306005,3225181996,27386112422
1772216307005,3251425893,27422742150
1772216308006,3277495040,27457608435
1772216309006,3305314753,27494180045
1772216310005,3332662231,27530865923
1772216311005,3360179638,27566593476
1772216312005,3387060053,27606000144
1772216313006,3412835331,27641273268
1772216314005,3442814357,27678496517
1772216315005,3471190880,27718045574
1772216316005,3504983291,27758106444
1772216317005,3540939455,27797635101
1772216318005,3575699239,27835116897
1772216319005,3610589311,27870418690
1772216320005,3645008231,27906725147
1772216321017,3680318889,27940411180
1772216322005,3714870173,27965422963
1772216323005,3749541826,27993117042
1772216324005,3785757711,28023614595
1772216325005,3821320341,28053884483
1772216326005,3855590663,28080671398
1772216327005,3890134668,28109460574
1772216328005,3924084512,28141548895
1772216329005,3959292881,28175625349
1772216330005,3994605126,28204128041
1772216331006,4031006396,28239334549
1772216332005,4066324791,28274603141
1772216333005,4101149909,28310041891
1772216334005,4137611113,28346378207
1772216335005,4172795939,28382211483
1772216336005,4207362984,28417439367
1772216337005,4242461098,28452982481
1772216338005,4277221386,28488366043
1772216339005,4312204394,28524107450
1772216340005,4347218300,28559351614
1772216341005,4383116986,28595096073
1772216342005,4418269862,28630304656
1772216343005,4453113550,28666887236
1772216344005,4489024611,28704136683
1772216345005,4523849012,28739636785
1772216346005,4558828725,28775238307
1772216347005,4593939824,28810581572
1772216348005,4628465413,28845720456
1772216349005,4663118528,28880987492
1772216350005,4697898330,28916242307
1772216351005,4733705576,28952121997
1772216352005,4768677705,28987306015
1772216353006,4803357278,29022422042
1772216354005,4839604274,29058006277
1772216355006,4874457986,29093635782
1772216356005,4909136872,29129308666
1772216357006,4943709944,29164666716
1772216358006,4978076056,29199812740
1772216359005,5015671402,29237894832
1772216360006,5041325150,29273329980
1772216361006,5069289921,29309122349
1772216362005,5096028559,29338049290
1772216363005,5121791478,29363461016
1772216364005,5150507965,29393301254
1772216365005,5181347954,29422231475
1772216366005,5215846505,29448394505
1772216367006,5250408027,29473907788
1772216368005,5284788527,29499326106
1772216369005,5319563630,29526488214
1772216370005,5355281372,29557365462
1772216371005,5390547340,29593554433
1772216372005,5425218566,29629024247
1772216373005,5459766890,29664417299
1772216374005,5495491193,29701137111
1772216375006,5531811534,29738059823
1772216376005,5567440810,29772388614
1772216377005,5602096168,29807631390
1772216378005,5637730220,29844341421
1772216379005,5673685377,29880732559
1772216380005,5709878421,29915291502
1772216381005,5744912147,29951455785
1772216382005,5779393564,29986613497
1772216383005,5813690069,30021789428
1772216384005,5848896241,30058323015
1772216385006,5883585258,30093822049
1772216386005,5918196902,30129217481
1772216387006,5952798445,30164541262
1772216388005,5987148765,30199244804
1772216389005,6021660958,30236577682
1772216390006,6056190834,30273171203
1772216391006,6091162033,30310355300
1772216392006,6125554251,30345470702
1772216393005,6159745903,30380525286
1772216394005,6195244281,30416711616
1772216395005,6229692253,30452154989
1772216396005,6264242498,30487915896
1772216397005,6298528521,30523358063
1772216398006,6332784089,30558603723
1772216399005,6367170449,30593818012
1772216400005,6401941386,30629181295
1772216401005,6437592436,30664845085
1772216402005,6472295826,30699445759
1772216403006,6506690623,30734815573
1772216404005,6541966936,30771356224
1772216405006,6576486254,30806971265
1772216406005,6611271198,30845033658
1772216407005,6645454412,30880315082
1772216408006,6679949562,30915523650
1772216409005,6714218221,30950700877
1772216410005,6748614452,30986133981
1772216411005,6784000196,31022261385
1772216412005,6818084859,31057449721
1772216413006,6852274894,31092918559
1772216414006,6888172024,31128846862
1772216415005,6922757683,31164518647
1772216416005,6957510418,31200258299
1772216417005,6991751521,31235599626
1772216418005,7025872346,31271169412
1772216419006,7057536282,31309471447
1772216420005,7082906552,31344955955
1772216421005,7110228472,31381216821
1772216422006,7141218493,31416497803
1772216423006,7166644119,31451985699
1772216424006,7195699532,31489293248
1772216425006,7223810947,31527034094
1772216426006,7250849130,31565917444
1772216427005,7276531411,31604733094
1772216428005,7302368347,31645101337
1772216429005,7328122462,31685904067
1772216430005,7354139031,31726697109
1772216431006,7383112996,31765304365
1772216432005,7410058365,31803516058
1772216433006,7435532633,31844019471
1772216434005,7464845220,31883240893
1772216435005,7491119862,31923845116
1772216436005,7517015938,31964424332
1772216437006,7545393209,32003794381
1772216438005,7574984055,32042499960
1772216439006,7603112148,32081456426
1772216440006,7630943136,32119720393
1772216441006,7659653398,32158135444
1772216442006,7686703741,32196075926
1772216443005,7713215279,32235342847
1772216444006,7742621046,32274779025
1772216445006,7770431681,32313256847
1772216446005,7796289291,32353643217
1772216447005,7822066721,32394025925
1772216448005,7848552244,32433049282
1772216449005,7880733914,32471353026
1772216450005,7908267387,32510292831
1772216451005,7936023718,32550259377
1772216452005,7961350213,32590403983
1772216453005,7991814458,32631222734
1772216454006,8020329768,32672709725
1772216455005,8046651207,32712903706
1772216456005,8072714144,32753301626
1772216457005,8098133819,32793446385
1772216458006,8123533827,32833657669
1772216459006,8149098072,32873328317
1772216460005,8174844894,32913208670
1772216461005,8201892690,32952852509
1772216462006,8227622973,32992802180
1772216463005,8252921622,33033268105
1772216464005,8281008029,33074026083
1772216465005,8307061964,33114446585
1772216466005,8333566255,33154379929
1772216467005,8359233506,33194566801
1772216468005,8384733164,33234936600
1772216469005,8415289934,33275459620
1772216470006,8440882574,33315701695
1772216471005,8468184735,33355980435
1772216472005,8494028980,33396289126
1772216473005,8519308816,33436521375
1772216474005,8547231612,33477368307
1772216475006,8573458497,33517530125
1772216476005,8599085391,33557797772
1772216477005,8624914194,33597750891
1772216478005,8650250882,33637384690
1772216479005,8680803379,33678356052
1772216480005,8706488009,33718406120
1772216481005,8733883687,33757890436
1772216482005,8759744807,33796939976
1772216483005,8785191474,33836458059
1772216484005,8814603176,33877080089
1772216485005,8843536235,33917246652
1772216486005,8870205190,33956014498
1772216487005,8896152090,33995488714
1772216488005,8921489891,34035178495
1772216489005,8947004715,34075159811
1772216490006,8972698607,34115077043
1772216491005,8999918391,34155612331
1772216492006,9025481187,34195472437
1772216493005,9050863572,34235686101
1772216494005,9079083487,34276264401
1772216495005,9105371586,34316733576
1772216496005,9131310949,34356752334
1772216497005,9157170803,34396853303
1772216498005,9182569712,34436721649
1772216499006,9208004600,34477514324
1772216500005,9238886105,34517869308
1772216501005,9266336895,34558332562
1772216502005,9291963454,34598978928
1772216503005,9317302780,34639529337
1772216504005,9345123378,34680907904
1772216505006,9371187903,34721032934
1772216506006,9397354442,34761741843
1772216507376,9423488741,34817360213
1772216508005,9449154025,34842874946
1772216509005,9480259594,34883302848
1772216510005,9506055333,34923916485
1772216511005,9533462577,34964193486
1772216512006,9559850570,35001134675
1772216513006,9585564252,35036776005
1772216514005,9617374970,35073987551
1772216515005,9651002457,35109745788
1772216516005,9692915482,35152457965
1772216517006,9721078713,35191901253
1772216518006,9751187477,35231684138
1772216519005,9784683197,35275096185
1772216520005,9818974682,35314453891
1772216521005,9853260461,35354151087
1772216522005,9879140989,35394594857
1772216523006,9905108304,35433842706
1772216524006,9937475191,35475264742
1772216525005,9973687918,35514495639
1772216526005,10002089419,35552883562
1772216527005,10028209879,35592243587
1772216528005,10053961492,35631385636
1772216529006,10079460677,35669871942
1772216530006,10105341465,35708614903
1772216531005,10133501248,35747291782
1772216532006,10164479886,35785653445
1772216533006,10190113890,35824547842
1772216534005,10218864250,35865424543
1772216535006,10245763676,35904937667
1772216536006,10271369362,35944029502
1772216537005,10297527708,35984184896
1772216538006,10323386371,36023224244
1772216539005,10354117509,36062690647
1772216540005,10380099640,36101577797
1772216541006,10410214111,36141549759
1772216542006,10435955425,36179737497
1772216543005,10462086169,36218568740
1772216544005,10490879510,36258523339
1772216545005,10517395213,36297602739
1772216546006,10542998000,36336270433
1772216547005,10568983350,36377203603
1772216548005,10596572256,36418452767
1772216549005,10621995502,36457171712
1772216550005,10647908773,36495855853
1772216551005,10675633765,36535371357
1772216552005,10701384432,36574345492
1772216553006,10727205652,36613447428
1772216554005,10755376375,36652622633
1772216555005,10781904377,36691526871
1772216556005,10808818787,36731247657
1772216557006,10834489350,36770015366
1772216558005,10862499833,36808873479
1772216559006,10889549429,36847684521
1772216560006,10916599086,36887643514
1772216561005,10943930208,36926711578
1772216562005,10969535924,36965483926
1772216563005,10995342756,37007359079
1772216564005,11024812683,37047522179
1772216565005,11051703245,37086801748
1772216566006,11077239033,37125797000
1772216567005,11102883963,37164822463
1772216568005,11129509585,37204764322
1772216569005,11160284925,37244325752
1772216570006,11186150454,37283271721
1772216571005,11213629609,37322542594
1772216572005,11239384686,37361511632
1772216573005,11265239916,37400774556
1772216574006,11294507857,37442084111
1772216575005,11321582476,37478671696
1772216576005,11347344297,37513698937
1772216577005,11373946941,37549579818
1772216578005,11400565986,37586280068
1772216579005,11426291096,37623155267
1772216580005,11452278522,37657933666
1772216581005,11479345009,37693419990
1772216582005,11504540895,37728290592
1772216583005,11531730071,37764502068
1772216584005,11559729218,37800031282
1772216585005,11586302978,37834859041
1772216586005,11611678802,37869633747
1772216587006,11637118740,37904770922
1772216588005,11662856118,37940044214
1772216589006,11687969153,37975025300
1772216590005,11713412677,38011418651
1772216591005,11740987590,38046670963
1772216592005,11766117791,38081667825
1772216593005,11791541861,38116782571
1772216594005,11819538231,38153249252
1772216595005,11845837332,38189101219
1772216596005,11871767219,38226924092
1772216597005,11897295639,38261934626
1772216598005,11922798424,38297075814
1772216599005,11948556065,38334229273
1772216600005,11973824594,38370200588
1772216601005,12001344762,38406094072
1772216602005,12026882458,38441040323
1772216603005,12052362113,38476054214
1772216604005,12080094367,38512078749
1772216605005,12106089696,38547184737
1772216606006,12131633633,38582110787
1772216607005,12156913545,38619110247
1772216608005,12182050047,38654154989
1772216609005,12209427995,38689148449
1772216610005,12234873716,38726103157
1772216611005,12262586822,38761105116
1772216612005,12287762842,38796123767
1772216613005,12313448220,38833269383
1772216614005,12341280445,38869349747
1772216615005,12367325881,38904439302
1772216616006,12393242647,38939392756
1772216617005,12418872807,38974531411
1772216618005,12444533253,39011053127
1772216619005,12470151145,39046231789
1772216620005,12497280388,39081229247
1772216621005,12525105442,39116303437
1772216622005,12550136374,39151137970
1772216623005,12575311967,39186266402
1772216624006,12604218156,39230675025
1772216625006,12630616358,39267531456
1772216626005,12656410053,39303847358
1772216627005,12681693901,39338275127
1772216628005,12706744959,39372623250
1772216629005,12737673779,39407390450
1772216630005,12763495442,39460122510
1772216631005,12797932427,39505002482
1772216632005,12828454790,39549777282
1772216633005,12859966222,39588825677
1772216634005,12888775294,39626678227
1772216635005,12915820984,39661923017
1772216636005,12941652153,39696706710
1772216637005,12966959697,39731554655
1772216638005,12992015500,39767123631
1772216639005,13017539418,39802674176
1772216640005,13042686066,39837376895
1772216641005,13070146225,39873427964
1772216642005,13095333994,39908907559
1772216643006,13120663922,39943488351
1772216644005,13148331451,39978997608
1772216645005,13173823633,40014023918
1772216646006,13199773005,40048595617
1772216647005,13224994143,40083174258
1772216648005,13250199368,40117750640
1772216649005,13276055529,40152531114
1772216650005,13301497191,40187070145
1772216651005,13328583360,40221940061
1772216652005,13354079707,40256195034
1772216653012,13379407926,40291569151
1772216654008,13407883199,40326701932
1772216655006,13435281089,40360875305
1772216656005,13460482118,40387475400
1772216657005,13486418215,40424390041
1772216658005,13512636983,40459242700
1772216659006,13543618504,40494216554
1772216660006,13568874126,40528830807
1772216661005,13596333185,40563757040
1772216662005,13622145068,40598444501
1772216663005,13647358013,40633230605
1772216664005,13675778235,40668527638
1772216665005,13701886244,40703295631
1772216666006,13729015746,40736150682
1772216667005,13755377222,40765901585
1772216668006,13780703106,40800583553
1772216669006,13806097850,40835213858
1772216670006,13831756054,40870099489
1772216671005,13857874103,40905387490
1772216672006,13883590059,40940183161
1772216673005,13909115243,40976815849
1772216674005,13936448150,41012250662
1772216675008,13963695840,41047177627
1772216676005,13989227631,41081869223
1772216677005,14014718241,41116767580
1772216678005,14039715240,41151554966
1772216679006,14064936241,41186261240
1772216680005,14090684039,41221056117
1772216681005,14117788366,41255997364
1772216682005,14143530748,41290643506
1772216683008,14168781121,41325453367
1772216684005,14195986287,41360819000
1772216685006,14222198646,41395919648
1772216686006,14247534738,41430603508
1772216687005,14273383621,41465248155
1772216688006,14298936652,41501173360
1772216689005,14329282128,41536999007
1772216690005,14354771792,41571760713
1772216691005,14382011549,41606644621
1772216692006,14407717739,41641213496
1772216693005,14433372494,41675740626
1772216694005,14460773085,41711127743
1772216695005,14487143044,41745977564
1772216696005,14513631527,41780699554
1772216697005,14541149269,41811135770
1772216698005,14566159954,41836161804
1772216699005,14592174356,41861796877
1772216700005,14617775952,41896542196
1772216701005,14644557724,41931595849
1772216702005,14670089272,41966149665
1772216703005,14695199667,42000725437
1772216704005,14723235754,42038093622
1772216705005,14749931090,42073076981
1772216706005,14775170416,42107677441
1772216707005,14800704419,42142296927
1772216708005,14825900809,42176880207
1772216709005,14851054904,42211438661
1772216710006,14876703602,42246299026
1772216711005,14903603563,42280977835
1772216712005,14929241565,42315354552
1772216713006,14954489694,42349749471
1772216714005,14981755801,42385035809
1772216715005,15007902185,42420018344
1772216716005,15034060836,42454374523
1772216717005,15059563988,42488795320
1772216718006,15085239601,42523179910
1772216719005,15116772531,42558779189
1772216720005,15147013689,42596236617
1772216721005,15181317899,42631614838
1772216722006,15215447589,42666600120
1772216723005,15249836100,42701432868
1772216724005,15285375415,42737167195
1772216725005,15320083138,42772378479
1772216726005,15354423098,42807140444
1772216727005,15388810984,42842032134
1772216728005,15424691681,42874998431
1772216729005,15459033899,42909694437
1772216730005,15493524364,42944651171
1772216731005,15528123359,42980236672
1772216732005,15562567058,43014728220
1772216733005,15596953738,43049173735
1772216734005,15632101106,43084863433
1772216735005,15666663634,43121013708
1772216736005,15701208387,43156873121
1772216737005,15735543938,43191383467
1772216738005,15769928649,43225872696
1772216739005,15804181898,43260310323
1772216740005,15838235984,43294800116
1772216741005,15873269222,43330267947
1772216742005,15908001297,43364855224
1772216743005,15936083478,43399403273
1772216744005,15971306846,43434877467
1772216745005,16005671844,43469532794
1772216746005,16040142962,43504498698
1772216747005,16074273124,43538997082
1772216748005,16108907274,43573159317
1772216749005,16143222501,43609903205
1772216750005,16177328265,43644428825
1772216751005,16212421009,43681591621
1772216752005,16246796932,43716093423
1772216753005,16281131735,43750340660
1772216754005,16316663955,43785838534
1772216755006,16351139803,43820703217
1772216756005,16385755780,43855573545
1772216757005,16419910966,43890140590
1772216758006,16454428010,43924505817
1772216759005,16490157745,43952980220
1772216760005,16524274618,43987461927
1772216761005,16558975231,44022891461
1772216762005,16593226130,44057480691
1772216763005,16627561955,44091833757
1772216764005,16662457306,44127840684
1772216765005,16696925098,44162462383
1772216766005,16731530226,44197357597
1772216767005,16765618704,44234224968
1772216768005,16799884480,44268761299
1772216769005,16834255459,44303241434
1772216770005,16868224192,44337657745
1772216771005,16903307079,44372702289
1772216772005,16937515027,44407285751
1772216773005,16971675309,44442073473
1772216774005,17007086014,44477410604
1772216775005,17041572435,44512216406
1772216776005,17075884199,44547135254
1772216777005,17110088851,44581632295
1772216778005,17144156333,44616092885
1772216779005,17180682521,44651238925
1772216780005,17214823821,44685630274
1772216781005,17250000728,44720598711
1772216782005,17284299965,44756307756
1772216783005,17318758311,44792027589
1772216784868,17354999098,44848840904
1772216785005,17389531782,44852510087
1772216786005,17424057599,44887243764
1772216787005,17458391090,44921941341
1772216788005,17492544078,44956339846
1772216789005,17526932894,44990860919
1772216790005,17561200272,45025344838
1772216791005,17596033340,45060865599
1772216792005,17630428061,45095592761
1772216793005,17664666723,45130168961
1772216794005,17699935148,45165929914
1772216795005,17734565284,45200599080
1772216796005,17769327814,45235600093
1772216797005,17803561685,45270097607
1772216798005,17837921450,45306662031
1772216799005,17872496246,45341219692
1772216800005,17906331136,45375714887
1772216801005,17941084099,45411259222
1772216802005,17975505461,45445931837
1772216803005,18009800837,45480327122
1772216804005,18045296773,45515786150
1772216805005,18079551884,45551534576
1772216806005,18113914181,45587352410
1772216807005,18148088714,45622071013
1772216808005,18183183029,45655422727
1772216809006,18217828058,45686736690
1772216810005,18253445173,45713109945
1772216811005,18288722692,45741303418
1772216812005,18322913261,45766788794
1772216813006,18356898854,45791970918
1772216814006,18392846167,45827132933
1772216815005,18428432264,45860303947
1772216816006,18469557548,45900337933
1772216817005,18504809783,45934052361
1772216818005,18542684991,45965976796
1772216819006,18582055529,46002729092
1772216820005,18621523718,46032674931
1772216821005,18660600265,46066343234
1772216822005,18698643448,46095288850
1772216823005,18737148858,46123008119
1772216824005,18774587611,46162835146
1772216825005,18809501912,46198662593
1772216826005,18844138839,46233936572
1772216827005,18878934326,46269781840
1772216828005,18913284250,46304816299
1772216829005,18948437079,46341011372
1772216830005,18983039508,46377012089
1772216831005,19017748467,46412397069
1772216832005,19052956546,46448672812
1772216833005,19087531845,46483904617
1772216834005,19123486834,46520598917
1772216835005,19158364150,46555522999
1772216836005,19192629499,46590210094
1772216837005,19227788157,46626288108
1772216838005,19262597667,46661663231
1772216839005,19298436786,46698942035
1772216840005,19332905448,46734107208
1772216841005,19367646617,46769899425
1772216842005,19402607821,46806096329
1772216843005,19437277781,46841495011
1772216844005,19472866853,46877735980
1772216845005,19508231311,46915917249
1772216846005,19542689749,46951136420
1772216847005,19577196769,46986381988
1772216848005,19611892698,47022812127
1772216849005,19647425651,47057582408
1772216850005,19682102263,47092340223
1772216851005,19716992350,47127716507
1772216852005,19751717788,47163113541
1772216853005,19786458790,47199571983
1772216854005,19822081612,47235524683
1772216855005,19856648641,47270799638
1772216856005,19890758404,47305616837
1772216857005,19925099188,47342297848
1772216858005,19959884941,47377695980
1772216859005,19994034481,47412709123
1772216860005,20029071075,47448307700
1772216861005,20064183059,47487295995
1772216862005,20098564414,47522727390
1772216863005,20132873614,47558010538
1772216864005,20168056518,47593827274
1772216865005,20202989159,47628884116
1772216866005,20237181513,47665901596
1772216867005,20271529987,47701324035
1772216868005,20306065509,47736680086
1772216869005,20340471826,47773860902
1772216870005,20374946102,47810210539
1772216871005,20409501063,47846683568
1772216872005,20443999492,47881995126
1772216873005,20478456893,47917172445
1772216874005,20513656519,47955232489
1772216875005,20550045018,47990707247
1772216876005,20584380797,48026813306
1772216877005,20618829318,48063304369
1772216878005,20653073198,48098673801
1772216879005,20687238988,48134983050
1772216880005,20721721656,48169654048
1772216881005,20756629504,48204499231
1772216882005,20791020807,48239628060
1772216883005,20825249872,48275058509
1772216884005,20861489651,48311020593
1772216885005,20896503297,48346342497
1772216886005,20930890542,48383732149
1772216887005,20965196309,48418956860
1772216888005,20999667350,48454088298
1772216889005,21033738022,48489152677
1772216890005,21068111137,48524300365
1772216891005,21102663977,48561983200
1772216892005,21137194631,48599717714
1772216893005,21171431295,48635124178
1772216894005,21206422909,48671788877
1772216895005,21242220847,48707141877
1772216896005,21276481084,48743753387
1772216897005,21311026401,48779179350
1772216898005,21345419520,48814463124
1772216899005,21380100893,48852028534
1772216900005,21414516868,48887100817
1772216901005,21449028145,48922530015
1772216902005,21483752271,48957935410
1772216903005,21516604194,48996154946
1772216904005,21545756602,49033882639
1772216905005,21572328165,49068943998
1772216906005,21599339082,49104404749
1772216907005,21624422700,49139725310
1772216908029,21649551009,49177856059
1772216909005,21676060502,49213473663
1772216910005,21706458496,49249479537
1772216911005,21741856782,49286355713
1772216912005,21776766842,49321864634
1772216913005,21810835072,49357377659
1772216914005,21847355278,49394014681
1772216915005,21882493735,49429806760
1772216916005,21917683565,49465169952
1772216917005,21952267974,49501957600
1772216918005,21986619591,49537254832
1772216919005,22021365627,49572673120
1772216920005,22055904079,49608850723
1772216921005,22092404983,49644123100
1772216922005,22120416093,49679222526
1772216923005,22155060801,49717423249
1772216924005,22184501920,49754748452
1772216925005,22211314590,49789738494
1772216926006,22236921420,49824814729
1772216927005,22262423397,49860279600
1772216928005,22287456023,49895330827
1772216929005,22319776724,49933100327
1772216930006,22346033484,49968166736
1772216931005,22372273353,50003810599
1772216932005,22398018268,50039166299
1772216933005,22423337637,50074146759
1772216934006,22451315377,50111573306
1772216935005,22477311714,50146749648
1772216936005,22503205394,50181657938
1772216937005,22528735400,50216685714
1772216938005,22554527844,50251666433
1772216939006,22580588233,50289296690
1772216940005,22605783463,50325309674
1772216941005,22631754731,50360919832
1772216942005,22657149704,50396046265
1772216943005,22682226120,50430941250
1772216944005,22710404625,50466564668
1772216945006,22737180492,50503230969
1772216946006,22764403312,50538148551
1772216947005,22789788260,50573029590
1772216948005,22815259386,50607814275
1772216949005,22840932359,50642912161
1772216950005,22866183327,50679715220
1772216951005,22893265438,50714825114
1772216952005,22918447653,50749782824
1772216953005,22943732997,50784992170
1772216954005,22971218361,50821054148
1772216955005,23000842394,50861198693
1772216956005,23034290188,50899153716
1772216957005,23066933016,50936824040
1772216958006,23092146449,50971799999
1772216959005,23122819362,51007298773
1772216960005,23148347522,51044237491
1772216961005,23174046633,51080006210
1772216962005,23199274393,51115049610
1772216963005,23224633509,51150312618
1772216964005,23252335598,51186380928
1772216965005,23285368345,51224570923
1772216966005,23318980544,51261923347
1772216967005,23351090394,51298814597
1772216968005,23376343742,51333638144
1772216969005,23401723716,51368401818
1772216970005,23427314281,51406198997
1772216971005,23455235369,51442784752
1772216972005,23482574012,51477749115
1772216973005,23507959845,51512804507
1772216974005,23535166980,51548648921
1772216975005,23561387853,51584005689
1772216976005,23590554893,51621605063
1772216977005,23623811505,51659331475
1772216978005,23654243891,51696052034
1772216979005,23679367348,51731069144
1772216980005,23705500670,51766367017
1772216981005,23732199988,51802998362
1772216982005,23757859596,51838960110
1772216983005,23783377792,51874089748
1772216984005,23809898073,51910379146
1772216985006,23836145495,51945811518
1772216986005,23861381693,51983234738
1772216987005,23887978813,52023682064
1772216988005,23913308497,52063350651
1772216989005,23943987650,52102649476
1772216990006,23969585921,52137860607
1772216991005,23995605464,52173481171
1772216992005,24021248319,52210197244
1772216993005,24046579925,52245274181
1772216994005,24073903661,52281192565
1772216995005,24100280379,52316492070
1772216996005,24125317216,52351513193
1772216997005,24150942066,52387057666
1772216998005,24177399591,52421878176
1772216999005,24202581760,52456702257
1772217000005,24228135477,52491679086
1772217001005,24253731230,52526956360
1772217002005,24279525489,52563847733
1772217003005,24304844782,52598850607
1772217004005,24332049705,52634474665
1772217005005,24358136261,52669522901
1772217006005,24383251860,52704360531
1772217007005,24408889466,52739282508
1772217008005,24434234102,52774136754
1772217009005,24459402890,52808922964
1772217010005,24484859765,52843894514
1772217011005,24511350949,52878838508
1772217012005,24537777728,52913804336
1772217013005,24563199891,52948927718
1772217014005,24590409574,52984632384
1772217015005,24616117671,53020006638
1772217016005,24641323841,53057689107
1772217017005,24667126035,53093557781
1772217018005,24692422624,53130057923
1772217019005,24718036412,53167346552
1772217020005,24743595774,53202533285
1772217021005,24769157593,53238217033
1772217022005,24794885999,53273301888
1772217023005,24821543510,53308234972
1772217024006,24848990333,53343821587
1772217025005,24875293050,53379532799
1772217026006,24900491713,53416436942
1772217027005,24926026891,53451602878
1772217028005,24951042413,53486716038
1772217029005,24976120645,53521809727
1772217030005,25001810173,53556913427
1772217031005,25028646645,53591944940
1772217032005,25055115583,53626867679
1772217033005,25080583581,53663849913
1772217034005,25107568345,53700077684
1772217035005,25133458608,53738535733
1772217036005,25158764504,53773649914
1772217037005,25183736525,53808763256
1772217038005,25208887645,53843819854
1772217039005,25233918852,53878877077
1772217040005,25258978682,53913975894
1772217041006,25285937188,53949325140
1772217042005,25310961529,53984254318
1772217043006,25336841919,54019386443
1772217044005,25364331236,54057414139
1772217045005,25389662537,54092702872
1772217046005,25415080747,54127851674
1772217047006,25440262444,54162805616
1772217048005,25465971243,54197766500
1772217049005,25497969146,54235163553
1772217050005,25522960300,54270197508
1772217051005,25549784063,54305572098
1772217052005,25574820793,54340587209
1772217053005,25600701229,54378344412
1772217054005,25627934425,54414086872
1772217055005,25654136378,54449226549
1772217056005,25679466077,54484476878
1772217057005,25704469148,54519610071
1772217058005,25731263584,54554695811
1772217059005,25756349888,54589739775
1772217060006,25781819701,54625681825
1772217061005,25809574537,54662215626
1772217062005,25834655088,54697233682
1772217063005,25860433723,54732471499
1772217064005,25889299799,54768371864
1772217065005,25918500438,54803549610
1772217066005,25944102889,54838742752
1772217067005,25969357137,54873878539
1772217068005,25994852568,54908899188
1772217069005,26019912887,54943919564
1772217070005,26044949923,54978903777
1772217071005,26071835114,55014112757
1772217072006,26098140104,55050524601
1772217073005,26123919319,55085710525
1772217074006,26152038730,55121666597
1772217075006,26178064941,55156845656
1772217076005,26203780988,55192060006
1772217077005,26229041019,55227056563
1772217078006,26255099043,55262011115
1772217079005,26285952657,55296952973
1772217080005,26315758458,55331870463
1772217081006,26342518259,55367619210
1772217082005,26367595865,55402540545
1772217083006,26395288906,55439782211
1772217084005,26422448345,55475501143
1772217085006,26448311677,55510736809
1772217086005,26473739729,55545868384
1772217087005,26498872829,55580856901
1772217088006,26524401492,55615970136
1772217089005,26549601315,55651122005
1772217090006,26574781165,55686254328
1772217091005,26600602477,55722033315
1772217092005,26627940937,55759240818
1772217093005,26653525567,55794483075
1772217094005,26680748082,55830501018
1772217095006,26706411565,55866008307
1772217096005,26737284694,55901229111
1772217097005,26762573028,55936611452
1772217098005,26787802696,55972052277
1772217099005,26814489136,56007143632
1772217100005,26841149272,56041969941
1772217101005,26868038643,56076878414
1772217102005,26893415017,56111854190
1772217103005,26918644761,56146926900
1772217104005,26948678013,56184689245
1772217105005,26974002829,56220131321
1772217106005,26998932830,56255181876
1772217107005,27026082335,56292068473
1772217108005,27051126557,56327127176
1772217109005,27077117400,56364540555
1772217110006,27102349036,56399539691
1772217111005,27130493607,56434268394
1772217112005,27159506084,56469351602
1772217113005,27184955100,56504412075
1772217114005,27212751102,56540263843
1772217115005,27238516814,56575513180
1772217116005,27263712716,56610529268
1772217117006,27289870161,56645773432
1772217118006,27316637774,56682238099
1772217119005,27343092934,56717308749
1772217120005,27369102117,56752342735
1772217121005,27394631147,56787897521
1772217122005,27420287611,56823155982
1772217123005,27445536732,56858425658
1772217124005,27473206124,56894329395
1772217125005,27498869088,56929563337
1772217126005,27524059115,56964728053
1772217127005,27549753862,57002124892
1772217128005,27575965946,57038753613
1772217129005,27601471906,57073820983
1772217130005,27626993581,57109560818
1772217131005,27654173373,57145399190
1772217132005,27679882142,57180669736
1772217133006,27705259675,57215823542
1772217134005,27732905431,57251747725
1772217135005,27758776774,57286895184
1772217136005,27783974400,57321952194
1772217137005,27809494046,57357245550
1772217138005,27834631036,57392279550
1772217139005,27865319650,57427357326
1772217140006,27890980768,57463349468
1772217141005,27917779141,57498526543
1772217142005,27943279272,57533791672
1772217143005,27972731164,57569496170
1772217144005,28000333527,57605534361
1772217145005,28026964748,57640916488
1772217146005,28052703499,57676003052
1772217147005,28078378532,57711281822
1772217148005,28103346922,57746426366
1772217149005,28129032163,57781588641
1772217150005,28154995847,57818122656
1772217151005,28180696727,57853855961
1772217152005,28206154929,57889079603
1772217153005,28231094466,57924286919
1772217154005,28258874355,57960323203
1772217155005,28284705356,57995436911
1772217156005,28309721351,58030497659
1772217157005,28335258314,58065863124
1772217158005,28360486547,58101811354
1772217159006,28387062871,58140283760
1772217160005,28412214143,58175295514
1772217161005,28437430002,58210992811
1772217162005,28462892415,58246154536
1772217163006,28488098890,58281235745
1772217164005,28515563519,58317286905
1772217165341,28542822943,58352479848
1772217166005,28568021057,58387468258
1772217167005,28593422927,58422795990
1772217168005,28619527991,58459606251
1772217169005,28649961598,58494664329
1772217170006,28675624700,58529747887
1772217171005,28702245119,58564830957
1772217172006,28729100312,58599998038
1772217173005,28754446093,58635467777
1772217174006,28782687843,58673245639
1772217175006,28808960791,58708733580
1772217176005,28834177230,58743729772
1772217177006,28860372393,58780369921
1772217178005,28885683234,58815584179
1772217179005,28910678599,58850747797
1772217180006,28936193530,58885781218
1772217181005,28961593203,58921452255
1772217182005,28986804545,58956498645
1772217183005,29012283803,58991683974
1772217184005,29040037235,59027487955
1772217185005,29067489322,59064666208
1772217186005,29093650002,59099684020
1772217187005,29118692851,59134670736
1772217188005,29144264878,59169885666
1772217189005,29169374755,59204855781
1772217190005,29195197913,59241962367
1772217191005,29221654781,59276958223
1772217192005,29246659759,59311737858
1772217193005,29273235961,59348249977
1772217194005,29300657486,59384218896
1772217195005,29327055534,59419417607
1772217196005,29352245302,59454375195
1772217197005,29379422013,59489229930
1772217198005,29405205179,59524189334
1772217199005,29431554754,59561673663
1772217200005,29457270831,59596708106
1772217201005,29482906255,59632269942
1772217202005,29509253189,59669080691
1772217203005,29534642242,59704260771
1772217204005,29562023806,59740269895
1772217205005,29588326187,59776190233
1772217206005,29614807301,59812431615
1772217207005,29640113213,59847399853
1772217208005,29665656386,59882553278
1772217209005,29690752760,59917512606
1772217210005,29717511233,59954575738
1772217211005,29744291800,59989517595
1772217212005,29769366431,60024412733
1772217213005,29795060369,60059492019
1772217214005,29822628051,60095308725
1772217215006,29848436713,60130581482
1772217216005,29873744334,60165530938
1772217217005,29898980166,60202656765
1772217218005,29926415057,60237914417
1772217219005,29951613278,60272977866
1772217220005,29977146488,60308095053
1772217221005,30005872129,60344169054
1772217222005,30031362678,60379215292
1772217223005,30056762228,60414506878
1772217224005,30084088620,60450575630
1772217225005,30110146370,60487280870
1772217226005,30135347581,60522349354
1772217227005,30160447922,60557391182
1772217228005,30185928110,60592496315
1772217229005,30211505553,60629649805
1772217230005,30236656169,60664642899
1772217231005,30263988710,60699743073
1772217232005,30290143683,60736263356
1772217233005,30315673842,60771428163
1772217234006,30343186152,60807405535
1772217235005,30369041535,60842348217
1772217236005,30394643482,60877315708
1772217237005,30419831236,60914440695
1772217238006,30446079330,60949560797
1772217239005,30471331670,60986335216
1772217240005,30496431370,61021283574
1772217241005,30523686156,61056292826
1772217242005,30548770705,61091206365
1772217243005,30573917887,61126079164
1772217244005,30601897703,61162094743
1772217245005,30628025197,61198748502
1772217246005,30653884058,61233692999
1772217247005,30679202787,61268601976
1772217248005,30704512193,61303563455
1772217249005,30730134098,61338635967
1772217250005,30755342984,61373556677
1772217251005,30781406883,61409056031
1772217252005,30807471300,61445636033
1772217253005,30832736885,61481833807
1772217254005,30860819982,61517967315
1772217255005,30886662410,61553041780
1772217256005,30912212755,61588034965
1772217257005,30937318635,61623120843
1772217258005,30962815760,61658975693
1772217259005,30989298231,61696212949
1772217260005,31014352355,61731160757
1772217261005,31041499084,61766349428
1772217262005,31066521899,61801375846
1772217263005,31093473081,61839584639
1772217264005,31129049946,61887984862
1772217265005,31162657964,61935684360
1772217266005,31188757795,61970784336
1772217267005,31214059313,62005172588
1772217268005,31239400272,62041493174
1772217269005,31264969186,62076279674
1772217270005,31290014125,62110613455
1772217271005,31318436727,62163119742
1772217272005,31351189047,62211233175
1772217273005,31384847600,62255859117
1772217274005,31416555616,62298290181
1772217275005,31442583994,62338494980
1772217276005,31468488446,62376141257
1772217277005,31493875866,62411020588
1772217278006,31519264232,62445893296
1772217279005,31544786350,62480882652
1772217280005,31569984693,62515636302
1772217281005,31597267736,62550431484
1772217282005,31622439317,62585135698
1772217283006,31647818131,62619956758
1772217284005,31677206809,62657884713
1772217285005,31703314956,62692707879
1772217286006,31728958100,62727538536
1772217287005,31754328034,62762213623
1772217288005,31785238072,62807983595
1772217289006,31820957767,62857326303
1772217290006,31847488927,62893057854
1772217291005,31874575875,62927674472
1772217292005,31900221368,62963181989
1772217293682,31926241690,62997556158
1772217294005,31954204310,63033031115
1772217295005,31979959753,63067448539
1772217296005,32005725419,63106334743
1772217297005,32031462293,63141757837
1772217298005,32056771500,63176327293
1772217299005,32083941756,63211158011
1772217300005,32113189496,63245741275
1772217301005,32139911564,63280567492
1772217302005,32165599322,63315234325
1772217303005,32190591728,63349804268
1772217304005,32218610649,63385555731
1772217305005,32245281160,63420474289
1772217306005,32270691941,63454959612
1772217307005,32296410169,63489515091
1772217308005,32321527187,63524081892
1772217309005,32347039387,63558717796
1772217310005,32372508880,63593413679
1772217311005,32400051828,63628630196
1772217312005,32425527409,63663207891
1772217313005,32450498865,63697778216
1772217314005,32478560677,63733434850
1772217315005,32509130446,63768278522
1772217316005,32535239752,63802810062
1772217317005,32560821376,63837451703
1772217318005,32585736485,63872029352
1772217319005,32611202117,63908785538
1772217320005,32636578292,63943573626
1772217321005,32662064142,63978806255
1772217322005,32687556079,64013426794
1772217323005,32712658449,64048156901
1772217324005,32740145446,64083740083
1772217325005,32767669337,64118757956
1772217326005,32792750880,64153355090
1772217327006,32818557330,64188199891
1772217328005,32843701141,64222862771
1772217329006,32871256448,64256568883
1772217330005,32897143781,64281952916
1772217331005,32928681564,64310866323
1772217332005,32954108380,64345691487
1772217333005,32979000770,64380480780
1772217334005,33006156561,64416286744
1772217335005,33032196566,64451386079
1772217336005,33057258365,64486166919
1772217337005,33082739072,64521094373
1772217338005,33107781051,64555887343
1772217339006,33134000078,64590732449
1772217340005,33159625233,64625716312
1772217341005,33185068055,64661105107
1772217342005,33210591698,64695850838
1772217343005,33235651163,64730646509
1772217344005,33263337826,64766305081
1772217345005,33289627894,64801405789
1772217346005,33317182209,64836184249
1772217347005,33346271220,64871005644
1772217348005,33371279326,64905765733
1772217349005,33396696789,64942618442
1772217350005,33422236820,64977582073
1772217351005,33447779917,65013118946
1772217352005,33473185845,65047932011
1772217353005,33498249826,65082789385
1772217354005,33525713311,65118532028
1772217355005,33553410105,65149360527
1772217356005,33578686493,65184102566
1772217357005,33603822705,65218910107
1772217358005,33629234065,65253622424
1772217359005,33654322489,65288366934
1772217360005,33681313052,65323313705
1772217361005,33708084220,65358124725
1772217362005,33737938053,65392797569
1772217363005,33764122124,65427560831
1772217364005,33791774625,65462948207
1772217365005,33818174138,65498046276
1772217366005,33843870029,40738
1772217367005,33868968417,34740985
1772217368005,33894574576,69427485
1772217369005,33919810026,104269799
1772217370005,33945275369,139173070
1772217371005,33971951403,174060441
1772217372005,33997013141,208713449
1772217373009,34022573068,243393662
1772217374005,34049904647,278928202
1772217375143,34077215521,317456223
1772217376005,34103217610,346286245
1772217377005,34128306904,380994060
1772217378005,34159096754,415657474
1772217379005,34184716599,452415156
1772217380006,34211283905,487069125
1772217381005,34238429520,521933152
1772217382005,34263692404,556559459
1772217383005,34289244748,591343457
1772217384005,34316591493,626857245
1772217385005,34342404505,661890483
1772217386005,34367927828,696704952
1772217387005,34393039017,731496548
1772217388005,34418626332,766155095
1772217389005,34443736896,800851665
1772217390005,34468909269,835518681
1772217391005,34495394060,870280814
1772217392006,34522685511,905013362
1772217393005,34550126825,939664097
1772217394005,34580947283,975079334
1772217395005,34606652802,1010356029
1772217396084,34633391349,1044683462
1772217397005,34658664242,1076679732
1772217398005,34684315259,1111222990
1772217399005,34709398923,1145790339
1772217400005,34734819117,1180326746
1772217401005,34760435041,1215512472
1772217402005,34785507963,1250170455
1772217403005,34810990288,1284826347
1772217404005,34838559053,1320528587
1772217405005,34864508013,1355490173
1772217406005,34891504923,1390324950
1772217407005,34916464859,1425117111
1772217408005,34941865707,1459881549
1772217409005,34972002240,1496938699
1772217410005,34997362882,1531872241
1772217411005,35024125277,1566740708
1772217412006,35050509624,1601474339
1772217413005,35076214441,1636250907
1772217414005,35103222718,1671887629
1772217415005,35130216302,1706969006
1772217416005,35155667516,1741842797
1772217417005,35180639293,1776719671
1772217418005,35205663664,1811324006
1772217419005,35231053068,1846166275
1772217420005,35255866802,1880913562
1772217421066,35282362762,1915848706
1772217422005,35309363822,1941446260
1772217423005,35334319913,1974322901
1772217424005,35361649799,2010193238
1772217425005,35387652650,2047491435
1772217426005,35412566096,2082264264
1772217427005,35437515810,2117041640
1772217428005,35462365904,2151882093
1772217429005,35487870963,2186690321
1772217430005,35512933708,2221465012
1772217431005,35540422948,2256382503
1772217432005,35565804082,2291128768
1772217433005,35592231151,2326023127
1772217434005,35619804005,2361816381
1772217435005,35645812762,2396838999
1772217436005,35670697812,2431703987
1772217437005,35695645527,2466514733
1772217438005,35720540999,2501380163
1772217439005,35746394123,2538329043
1772217440005,35771427832,2574053407
1772217441005,35798185711,2610608492
1772217442005,35823194351,2645333366
1772217443005,35848233995,2680187872
1772217444006,35876004120,2715887380
1772217445005,35901904681,2750868649
1772217446005,35927120922,2785837056
1772217447292,35954023736,2830686696
1772217448005,35979020231,2855338863
1772217449005,36004312792,2889887186
1772217450005,36029061146,2924440331
1772217451005,36055440153,2959218363
1772217452005,36081569981,2993887484
1772217453005,36106708147,3028415102
1772217454005,36134222578,3063941753
1772217455005,36160570290,3098738934
1772217456006,36185991995,3135378321
1772217457005,36211201949,3169977178
1772217458006,36237927221,3204512761
1772217459005,36263770245,3238988807
1772217460005,36289027942,3273461863
1772217461005,36316084419,3308031913
1772217462005,36341152153,3342495250
1772217463005,36366244423,3376996532
1772217464005,36393881543,3412224050
1772217465006,36420133603,3446953074
1772217466005,36446170358,3481513191
1772217467005,36471384264,3516102482
1772217468051,36498062496,3543492256
1772217469005,36524068551,3576545234
1772217470005,36549171852,3611126072
1772217471005,36575901778,3645752730
1772217472005,36601330166,3682357221
1772217473005,36626501059,3716875882
1772217474006,36654197671,3752157856
1772217475006,36680251499,3786988345
1772217476005,36705426497,3821637890
1772217477005,36730652366,3856240044
1772217478005,36757267124,3890809103
1772217479005,36784334221,3925502560
1772217480005,36809630200,3960073404
1772217481005,36836223765,3994658331
1772217482005,36861014582,4029272264
1772217483005,36885836479,4063828597
1772217484005,36912756428,4099374016
1772217485005,36938745379,4134325989
1772217486006,36963699152,4168926830
1772217487005,36988715512,4204604932
1772217488005,37013667622,4240331799
1772217489005,37038488100,4274831403
1772217490006,37063739846,4309349775
1772217491005,37089073207,4344564628
1772217492005,37114534201,4379198915
1772217493920,37140571047,4436430483
1772217494005,37168040574,4439414231
1772217495005,37194010666,4474507799
1772217496005,37218961113,4508989338
1772217497005,37243856309,4543526324
1772217498005,37268685638,4578150281
1772217499005,37295740315,4614931796
1772217500006,37321468705,4649606196
1772217501006,37348165948,4684353132
1772217502006,37373142302,4719067432
1772217503006,37399815239,4755903418
1772217504005,37426883160,4791308493
1772217505005,37453115339,4826326549
1772217506005,37478427248,4861088698
1772217507005,37503433965,4895777242
1772217508005,37529175493,4930369325
1772217509005,37553943301,4965013499
1772217510005,37579268758,4999666401
1772217511005,37605863101,5034569716
1772217512005,37630836953,5069247977
1772217513005,37655745379,5103968548
1772217514295,37684444960,5140812589
1772217515006,37710483454,5159769144
1772217516005,37735596108,5194277857
1772217517005,37760516465,5228920170
1772217518005,37785488928,5263473528
1772217519005,37811076732,5300311269
1772217520005,37838319082,5335086936
1772217521005,37865051708,5369650395
1772217522005,37890046052,5404112724
1772217523005,37914975900,5438661231
1772217524005,37942073986,5474202285
1772217525006,37968319180,5509335234
1772217526005,37993417232,5543868375
1772217527005,38018545403,5578398923
1772217528005,38043608209,5612871643
1772217529005,38069587121,5649622901
1772217530005,38095115555,5684100595
1772217531005,38121932680,5718599253
1772217532005,38147130260,5753044127
1772217533005,38172095797,5787543045
1772217534006,38200601159,5822776757
1772217535005,38228029000,5858663146
1772217536005,38253600539,5893319465
1772217537006,38278919328,5927852699
1772217538005,38303964054,5962409444
1772217539005,38330057156,5997014664
1772217540006,38356103981,6031606961
1772217541005,38382756228,6066129727
1772217542005,38407824008,6100625944
1772217543005,38432983657,6135180783
1772217544005,38460404831,6170538833
1772217545005,38487231904,6205953170
1772217546005,38512893617,6240535335
1772217547005,38538023757,6275211276
1772217548005,38563213815,6309821684
1772217549005,38588378682,6344346159
1772217550005,38619095584,6378948023
1772217551005,38646295761,6413506233
1772217552005,38671489526,6447992349
1772217553005,38696697375,6482565833
1772217554005,38723866792,6517977255
1772217555005,38749831178,6552816213
1772217556006,38775319835,6587285332
1772217557005,38800380276,6621909198
1772217558005,38825393799,6656391637
1772217559005,38852361978,6693087905
1772217560801,38879755611,6741113742
1772217561005,38906870268,6746245846
1772217562005,38932084158,6773682065
1772217563005,38957074245,6808139053
1772217564005,38984187299,6843557998
1772217565005,39010051333,6878304477
1772217566006,39042592085,6913082311
1772217567005,39067810828,6947667559
1772217568005,39092960330,6982042169
1772217569005,39118133634,7016506253
1772217570005,39143246410,7050975189
1772217571005,39169154982,7085962515
1772217572006,39194421101,7120421244
1772217573005,39219492818,7154848052
1772217574005,39246888221,7190073190
1772217575006,39272927738,7224908028
1772217576005,39298983168,7259520190
1772217577006,39324203620,7293989706
1772217578005,39349425537,7328423152
1772217579005,39374733493,7362883406
1772217581175,39402025035,7424495149
1772217582005,39459703235,7452812624
1772217583005,39484615628,7487355530
1772217584005,39511907246,7522715793
1772217585005,39537773996,7557312133
1772217586005,39564719334,7592002386
1772217587005,39589835391,7626559147
1772217588005,39614944535,7661049612
1772217589005,39645486932,7695567587
1772217590005,39671142343,7730011820
1772217591005,39698381550,7764590705
1772217592005,39723682183,7799001050
1772217593005,39748718181,7833428667
1772217594006,39775794265,7868885177
1772217595005,39801735321,7903404495
1772217596005,39827954516,7938182802
1772217597006,39858616047,7972642583
1772217598005,39883861140,8007253647
1772217599005,39908984459,8041815565
1772217600005,39935667314,8076402338
1772217601793,39964464226,8135512532
1772217602005,39989657610,8142871832
1772217603005,40014807569,8177406484
1772217604006,40042063469,8212761589
1772217605005,40067887878,8247497326
1772217606005,40093606259,8282152318
1772217607005,40120244484,8316609078
1772217608005,40146056321,8351140434
1772217609005,40171631933,8385753162
1772217610005,40196716466,8420361907
1772217611005,40222011057,8455531658
1772217612005,40247380808,8490084406
1772217613005,40277742183,8524630104
1772217614005,40305312855,8560000086
1772217615005,40330724200,8594984147
1772217616005,40356155700,8629696982
1772217617005,40381609981,8664252156
1772217618005,40406717386,8698817660
1772217619005,40436996460,8733656419
1772217620005,40462139508,8768134693
1772217621005,40490101242,8802739425
1772217622005,40515590540,8837342479
1772217623005,40540795459,8871902017
1772217624006,40569318215,8907305291
1772217625005,40595239955,8942000580
1772217626006,40622535357,8975297686
1772217627005,40649844553,9000753660
1772217628005,40678076430,9029159250
1772217629005,40705897135,9063718894
1772217630005,40730868012,9098236579
1772217631005,40757429535,9132708018
1772217632005,40782865536,9167232401
1772217633005,40807811329,9201897158
1772217634005,40835066572,9237152369
1772217635005,40860819818,9271748648
1772217636005,40886356812,9306445600
1772217637005,40911579278,9341188325
1772217638005,40936602749,9375777524
1772217639005,40961580034,9410332134
1772217640005,40986638827,9444855419
1772217641005,41013011364,9480064398
1772217642005,41038414149,9514863486
1772217643005,41063321110,9549374840
1772217644005,41095748403,9584730982
1772217645005,41121839934,9619485990
1772217646005,41147337059,9654197589
1772217647157,41174011141,9686685121
1772217648005,41199188489,9712181331
1772217649005,41224537489,9748946428
1772217650005,41249434212,9783536924
1772217651005,41276081515,9818378094
1772217652005,41301277127,9853137130
1772217653005,41327723788,9887808647
1772217654005,41354908082,9923211647
1772217655005,41380641233,9957922514
1772217656005,41406389428,9992909718
1772217657005,41431366286,10027740985
1772217658005,41456220301,10062426173
1772217659005,41481667701,10097040304
1772217660005,41512052268,10131612719
1772217661005,41538893394,10166368277
1772217662005,41565362164,10201110621
1772217663005,41590474604,10235618678
1772217664005,41617772524,10271147038
1772217665005,41644744426,10305823315
1772217666005,41670310441,10340582931
1772217667833,41696844515,10394766454
1772217668005,41722309354,10399283722
1772217669005,41747654281,10433818755
1772217670006,41772760969,10468411312
1772217671006,41799512713,10502980462
1772217672006,41824632951,10537690261
1772217673006,41849723160,10572103795
1772217674006,41877146165,10607429788
1772217675005,41906096206,10642153868
1772217676005,41933854826,10676835210
1772217677005,41958957288,10711342611
1772217678007,41984271393,10746092157
1772217679006,42010199541,10782907651
1772217680005,42035607941,10817436719
1772217681005,42062485183,10851958325
1772217682006,42088755492,10886447569
1772217683006,42114074830,10921142217
1772217684006,42141386010,10956541021
1772217685005,42167312006,10991230679
1772217686005,42193040473,11026054241
1772217687005,42218370447,11060676459
1772217689472,42245128234,11125631016
1772217690005,42297148157,11144075451
1772217691005,42323676158,11181264354
1772217692005,42348777979,11215810999
1772217693005,42374157129,11250443791
1772217694005,42401253934,11286005627
1772217695005,42426816973,11320737580
1772217696005,42452026500,11355547761
1772217697005,42477004334,11390217583
1772217698006,42502346545,11424893937
1772217699005,42529277617,11460382931
1772217700005,42556029743,11497026330
1772217701005,42583693260,11537067426
1772217702006,42609958701,11575602283
1772217703005,42639774268,11611287190
1772217704005,42672065200,11649359745
1772217705005,42699354637,11684397011
1772217706005,42725873071,11723406758
1772217707005,42752223073,11765234017
1772217708569,42779940832,11822232626
1772217709006,42811457100,11838196598
1772217710005,42837560075,11877638330
1772217711006,42865605500,11917041077
1772217712006,42891696786,11956362179
1772217713006,42918056965,11995555511
1772217714006,42946533275,12035411268
1772217715005,42973090725,12075201783
1772217716005,42999815371,12114622931
1772217717005,43025710150,12153432524
1772217718006,43051913690,12192923295
1772217719005,43078007006,12232313882
1772217720006,43104063581,12270926387
1772217721006,43131876535,12309404133
1772217722005,43157798793,12348025778
1772217723005,43185359899,12389007759
1772217724006,43214112928,12429204487
1772217725006,43241578640,12468371330
1772217726006,43268130398,12507436235
1772217727005,43294250187,12546661425
1772217728005,43320748863,12586090401
1772217729006,43348641829,12622641337
1772217730006,43375744081,12661933769
1772217731005,43403323282,12697444460
1772217732005,43429313011,12736267175
1772217733005,43455725403,12775393829
1772217734005,43484456964,12814095791
1772217735005,43511018762,12853114449
1772217736006,43537764556,12892610530
1772217737005,43563977495,12931891717
1772217738005,43590603422,12973090056
1772217739005,43618322310,13015184651
1772217740005,43644231874,13054664329
1772217741005,43672267244,13092794910
1772217742005,43697171550,13127505273
1772217743005,43722089786,13162265362
1772217744005,43750516478,13198175111
1772217745005,43776107928,13233132120
1772217746005,43802377993,13268996247
1772217747006,43827884395,13303803392
1772217748006,43853163803,13338284717
1772217749005,43878872969,13372824816
1772217750006,43905767559,13407353197
1772217751005,43933674136,13442163393
1772217752005,43959146955,13476623815
1772217753005,43984260173,13511035427
1772217754658,44013333209,13563620262
1772217755005,44040099296,13575584564
1772217756005,44066035363,13610243996
1772217757005,44091225024,13644734827
1772217758005,44116406339,13679277108
1772217759006,44141895530,13713782159
1772217760006,44167078325,13748361777
1772217761005,44194704719,13783722680
1772217762005,44219896242,13818248848
1772217763005,44245024215,13852737742
1772217764005,44273205756,13888216483
1772217765005,44298641376,13923211850
1772217766005,44324105620,13957896168
1772217767005,44349405779,13992409352
1772217768005,44374714148,14026908758
1772217769005,44400701299,14063982951
1772217770005,44426068166,14100343513
1772217771006,44453379574,14135485739
1772217772005,44478626087,14170019368
1772217773005,44503821027,14204600023
1772217774006,44531689398,14239959630
1772217775005,44558572895,14268695265
1772217776005,44583701173,14301677644
1772217777005,44609059451,14336601650
1772217778005,44633856981,14371304796
1772217779005,44659171453,14405924939
1772217780005,44684076521,14440507867
1772217781005,44710550311,14475345375
1772217782005,44735478206,14510814259
1772217783005,44760385777,14545343022
1772217784005,44788232314,14580801698
1772217785005,44813934338,14617132812
1772217786005,44839648234,14652340708
1772217787006,44865153415,14687103696
1772217788005,44890569200,14721770696
1772217789006,44916343852,14756293706
1772217790005,44942780474,14790758355
1772217791005,44970685021,14825416520
1772217792005,44995808981,14859944337
1772217793005,45020852516,14894451356
1772217794006,45048656117,14929747428
1772217795813,45075664394,14982509943
1772217796005,45101436774,14987296851
1772217797005,45127905620,15021940201
1772217798006,45153045753,15056538159
1772217799006,45179184172,15093201332
1772217800006,45204575040,15127687433
1772217801005,45236367281,15162363801
1772217802006,45261724612,15197029886
1772217803006,45287060948,15231606497
1772217804005,45314273728,15267159880
1772217805005,45340479404,15301961212
1772217806005,45365597383,15336662756
1772217807005,45391383861,15371697016
1772217808005,45416606983,15406293188
1772217809005,45441755035,15440943160
1772217810005,45467376498,15475533794
1772217811006,45493067094,15510765782
1772217812006,45519305804,15545212884
1772217813006,45544518886,15579707896
1772217814005,45571792637,15615129770
1772217815005,45598140716,15649822754
1772217816005,45624293356,15684390699
1772217817006,45654555920,15719314949
1772217818005,45680273920,15754170156
1772217819005,45705399711,15788817107
1772217820005,45730900941,15823419474
1772217821858,45758255941,15885559190
1772217822005,45783170042,15890650800
1772217823005,45808162311,15925306966
1772217824005,45835383208,15960711630
1772217825006,45861203849,15995738032
1772217826005,45886427169,16030283181
1772217827005,45911842755,16064853491
1772217828006,45937212232,16099289546
1772217829005,45962759647,16135813704
1772217830005,45988380911,16170178733
1772217831005,46015327851,16204565230
1772217832005,46045618597,16238897484
1772217833005,46072721124,16273348996
1772217834006,46100458611,16308354632
1772217835005,46126654781,16342892381
1772217836005,46151670379,16377323950
1772217837005,46177294756,16412039470
1772217838005,46203371151,16446511717
1772217839005,46228606067,16480841561
1772217840005,46254175592,16515192888
1772217841977,46282196329,16580586799
1772217842004,46307727311,16581587892
1772217843005,46333167112,16616024527
1772217844005,46360741309,16651022274
1772217845005,46387043171,16685484268
1772217846005,46412196823,16719943698
1772217847005,46437598555,16754593929
1772217848005,46468471669,16788934912
1772217849005,46493726298,16823394830
1772217850005,46519454491,16857794739
1772217851005,46545909635,16892445473
1772217852005,46570994748,16926918605
1772217853005,46597203949,16961311434
1772217854005,46624166330,16996646338
1772217855005,46650383968,17031058529
1772217856005,46675495707,17065407339
1772217857005,46700803205,17100049712
1772217858005,46728189317,17134521364
1772217859005,46758977138,17168925255
1772217860005,46784395425,17203307419
1772217861005,46809966246,17238444762
1772217862434,46836682363,17278163853
1772217863005,46862389423,17292474011
1772217864005,46894225408,17325921027
1772217865005,46920026610,17360458105
1772217866005,46945275044,17394850369
1772217867005,46971066481,17429544346
1772217868005,46996336262,17464088351
1772217869005,47021748308,17498445094
1772217870005,47046959498,17532823535
1772217871005,47074009293,17567350284
1772217872005,47099114730,17601824239
1772217873005,47124049369,17636375843
1772217874005,47151071042,17671604124
1772217875005,47176755841,17705997227
1772217876005,47202231650,17740351469
1772217877005,47227327032,17774907238
1772217878005,47253856681,17809322710
1772217879005,47283240996,17843801258
1772217880005,47310146892,17878061174
1772217881005,47337198792,17912443506
1772217882690,47363220731,17962358710
1772217883005,47388971673,17970202589
1772217884005,47416179296,18004613117
1772217885005,47441844961,18039048256
1772217886005,47467070982,18073512111
1772217887005,47492287299,18108157353
1772217888005,47517431933,18142652868
1772217889005,47542942974,18179225821
1772217890005,47567983488,18213641461
1772217891006,47594063590,18248649142
1772217892005,47619087809,18283027308
1772217893006,47644184167,18317484861
1772217894006,47671299663,18352735281
1772217895005,47702257046,18387294498
1772217896005,47727833208,18421590195
1772217897005,47753524155,18456266517
1772217898005,47778530537,18490587359
1772217899006,47805544292,18524918256
1772217900005,47830804369,18559214258
1772217901005,47857563712,18593599366
1772217902005,47882695957,18627995109
1772217903415,47909295717,18666362815
1772217904005,47938017757,18683191275
1772217905005,47964160418,18717663430
1772217906005,47989798389,18751989795
1772217907005,48015198306,18786510975
1772217908006,48040227819,18820930032
1772217909005,48065231485,18855504813
1772217910005,48091631822,18890114977
1772217911005,48123266402,18924595966
1772217912005,48148356321,18958827106
1772217913005,48173343219,18993102464
1772217914005,48200591169,19028262389
1772217915005,48226023676,19062956487
1772217916006,48253081984,19097316938
1772217917005,48278357945,19131900675
1772217918005,48303429127,19166289018
1772217919005,48328911879,19202780799
1772217920006,48354698800,19237199108
1772217921005,48381920491,19271541479
1772217922005,48406968420,19305812641
1772217923005,48432137742,19340124084
1772217924005,48459490911,19375354317
1772217925005,48484982635,19410114681
1772217926006,48510579944,19445816158
1772217927005,48536343428,19481276543
1772217929163,48563054037,19548775845
1772217930005,48615275885,19577751230
1772217931006,48642145284,19612079639
1772217932006,48667589220,19646327243
1772217933005,48692549812,19680605667
1772217934005,48720349019,19715506511
1772217935006,48746015355,19750161259
1772217936005,48771194305,19784529492
1772217937005,48796843811,19819111367
1772217938005,48821949065,19853584865
1772217939006,48847001664,19887966739
1772217940005,48872885320,19922389397
1772217941005,48899419897,19957034288
1772217942005,48924879838,19993618990
1772217943005,48949764172,20028111484
1772217944005,48977548395,20063318526
1772217945005,49003013051,20097906261
1772217946005,49027780782,20132288256
1772217947005,49053547577,20166904508
1772217948005,49078557499,20201388549
1772217949005,49105871287,20235406565
1772217950005,49130956324,20261965174
1772217951005,49157721038,20296443433
1772217952005,49183227440,20330948042
1772217953005,49208153183,20365426560
1772217954005,49235242008,20400690300
1772217955005,49261575714,20435570180
1772217956005,49286414837,20470012414
1772217957006,49312849658,20505101236
1772217958006,49338520923,20541513141
1772217959005,49364356669,20576843895
1772217960006,49390150150,20611597209
1772217961005,49417573933,20644810808
1772217962005,49446184895,20679747081
1772217963005,49471410275,20704582848
1772217964005,49498604304,20732363120
1772217965005,49525214378,20758620795
1772217966005,49552997471,20785606704
1772217967005,49581288977,20818170251
1772217968005,49616596966,20851882116
1772217969532,49652133702,20903769081
1772217970005,49688564039,20920654713
1772217971005,49730221751,20960163641
1772217972005,49768858806,20998440287
1772217973006,49806905438,21037893385
1772217974005,49845360236,21074383228
1772217975005,49876315666,21103127896
1772217976005,49906740866,21133776748
1772217977005,49938414872,21166025355
1772217978005,49969537759,21197513762
1772217979005,50003464303,21228700977
1772217980005,50034673947,21263042127
1772217981005,50066014749,21293665192
1772217982005,50092028159,21318746506
1772217983005,50121047670,21346502243
1772217984005,50148777025,21373373900
1772217985006,50182041875,21407675700
1772217986005,50211156199,21436364829
1772217987005,50242152781,21466848573
1772217988005,50272513973,21497528399
1772217989005,50303261162,21532428037
1772217990005,50336538082,21564856322
1772217991005,50367987215,21595232757
1772217992005,50396532477,21622806069
1772217993006,50430012633,21654915004
1772217994005,50463342880,21685957009
1772217995005,50492220583,21713767033
1772217996005,50523385093,21743319002
1772217997006,50556648022,21775164035
1772217998005,50587987664,21805009323
1772217999005,50619035848,21834291272
1772218000157,50649973884,21867746847
1772218001005,50684102414,21898095116
1772218002005,50713265594,21925220361
1772218003005,50742357244,21951177195
1772218004005,50770239988,21977738626
1772218005005,50796263926,22008516209
1772218006005,50822213664,22034320249
1772218007006,50847877010,22060460133
1772218008005,50875725728,22088927014
1772218009006,50908763082,22118764933
1772218010005,50946487984,22148272639
1772218011005,50983358544,22189178818
1772218012006,51020762707,22223455549
1772218013005,51064325381,22264988664
1772218014005,51107109606,22311644759
1772218015005,51147412560,22354543572
1772218016005,51183655467,22400553278
1772218017005,51215583733,22443969368
1772218018005,51251781888,22482506346
1772218019006,51288153329,22520919566
1772218020006,51325437427,22560782571
1772218021005,51361823606,22602078638
1772218022005,51394857405,22639899238
1772218023005,51422146170,22668874607
1772218024005,51452532187,22697949489
1772218025006,51482210813,22729386431
1772218026006,51513862191,22768528251
1772218027006,51546494430,22806614340
1772218028006,51579308270,22846030515
1772218029005,51611809397,22883880440
1772218030005,51647341968,22924658208
1772218031005,51683520822,22965453645
1772218032006,51718086326,23005221669
1772218033005,51753308228,23045883827
1772218034005,51789302613,23087571796
1772218035005,51824006873,23127025383
1772218036005,51857275630,23167175436
1772218037005,51891394883,23205172205
1772218038005,51924486403,23241397306
1772218039005,51956747918,23277498512
1772218040006,51982508106,23312775146
1772218041005,52011911142,23348398700
1772218042005,52037632758,23380180839
1772218043005,52066014027,23406125619
1772218044005,52093457142,23433546351
1772218045005,52119547421,23460998788
1772218046005,52146095090,23488515264
1772218047005,52173460512,23515045539
1772218048005,52206340510,23540894818
1772218049005,52239898116,23566159228
1772218050005,52273454410,23591599075
1772218051005,52307432419,23618804150
1772218052005,52341189814,23649511928
1772218053005,52376404133,23674776093
1772218054005,52410723525,23702429601
1772218055005,52444856114,23727654737
1772218056005,52478538118,23752789713
1772218057005,52512024241,23778011477
1772218058005,52546058003,23803606971
1772218059005,52579643592,23828555815
1772218060005,52613280479,23853593857
1772218061005,52647166910,23881198600
1772218062169,52684224015,23912803182
1772218063005,52718459564,23933927837
1772218064005,52753748846,23959944879
1772218065006,52787718540,23985220076
1772218066005,52821258966,24010241701
1772218067005,52854842388,24039079962
1772218068005,52888558678,24066826879
1772218069005,52922565403,24097798635
1772218070005,52956141837,24122711531
1772218071005,52990056313,24149328182
1772218072005,53023634547,24174180549
1772218073005,53057370489,24199570518
1772218074005,53092092540,24226789264
1772218075005,53125817709,24252573453
1772218076005,53159355907,24277537875
1772218077005,53192863467,24302505593
1772218078005,53226607861,24328157343
1772218079005,53262529191,24353229533
1772218080005,53296184707,24378124776
1772218081005,53329942529,24404666067
1772218082005,53363664937,24429643611
1772218083005,53397560294,24461034932
1772218084005,53432826674,24488741766
1772218085005,53466921926,24514100135
1772218086005,53493457556,24547273911
1772218087005,53518612124,24581743228
1772218088005,53552517505,24612452287
1772218089005,53586438496,24637527376
1772218090006,53616074857,24667305637
1772218091005,53642811160,24696098703
1772218092005,53667896350,24730691824
1772218093005,53695211145,24765536305
1772218094005,53722873014,24801047805
1772218095005,53748698644,24835897306
1772218096005,53773803028,24870491555
1772218097005,53799019848,24905122058
1772218098006,53824644012,24940595779
1772218099006,53855811131,24977274989
1772218100005,53882804090,25011825265
1772218101005,53909950376,25046410787
1772218102006,53935557053,25081051437
1772218103005,53961231415,25115755758
1772218104006,53989742667,25151328701
1772218105006,54015988349,25185995808
1772218106005,54041521986,25220505589
1772218107005,54066825960,25255032323
1772218108005,54092712058,25290025386
1772218109005,54118552686,25324608467
1772218110005,54143875504,25359210544
1772218111005,54170701570,25393871777
1772218112005,54195950173,25428452172
1772218114265,54221710803,25510097181
1772218115005,54281289982,25535834131
1772218116005,54307272907,25570455235
1772218117005,54333029006,25605127743
1772218118005,54358546836,25640238674
1772218119005,54384310564,25674811777
1772218120005,54409911047,25709481965
1772218121005,54436657070,25744146845
1772218122005,54461899493,25778812959
1772218123005,54487352507,25813520073
1772218124005,54515221244,25848900308
1772218125005,54543177989,25883504262
1772218126005,54568800199,25918029072
1772218127006,54594112809,25952520575
1772218128006,54619985495,25987399600
1772218129005,54645416324,26024319062
1772218130006,54672232427,26061191881
1772218131005,54697814890,26096446786
1772218132006,54722942741,26131124208
1772218133005,54748467071,26166022443
1772218134005,54775680538,26201578404
1772218135005,54802013084,26236394185
1772218136006,54827087486,26271081142
1772218137005,54852075879,26305703024
1772218138005,54877624744,26340742869
1772218139006,54902714709,26375390964
1772218140005,54931874029,26407049162
1772218141005,54959544015,26432512110
1772218142005,54984599085,26457848873
1772218143005,55009591491,26483421525
1772218144005,55037049406,26510937833
1772218145005,55063714318,26537489545
1772218146005,55089066217,26567699485
1772218147005,55116106719,26594304646
1772218148005,55143739232,26623065335
1772218149005,55171426399,26648289754
1772218150692,55197216157,26690591918
1772218151005,55223658515,26699236902
1772218152005,55249450669,26724634255
1772218153005,55282601023,26749814563
1772218154005,55317438501,26777008149
1772218155005,55351285353,26803268983
1772218156005,55384880463,26828693388
1772218157005,55418406012,26854192466
1772218158005,55452219632,26879958132
1772218159005,55486093185,26911262772
1772218160005,55519909170,26936699064
1772218161005,55553888828,26966755950
1772218162005,55587419946,26994137713
1772218163005,55621103797,27019633602
1772218164005,55655476973,27047107844
1772218165005,55689433164,27072455425
1772218166005,55722802548,27097603401
1772218167005,55756209664,27122690132
1772218168005,55790562883,27148623056
1772218169005,55823999432,27173783681
1772218172217,55859781639,27256690740
1772218173005,55961449737,27276875472
1772218174005,55995785501,27304168738
1772218175005,56029617705,27329961639
1772218176005,56063128057,27355050918
1772218177005,56096582778,27386169518
1772218178005,56130240171,27412178121
1772218179005,56163791567,27437456263
1772218180005,56197583826,27462553919
1772218181005,56231672868,27488203883
1772218182005,56265251622,27515003309
1772218183005,56298930163,27540550663
1772218184005,56333370246,27567884043
1772218185005,56367482602,27593249522
1772218186005,56401003253,27618408652
1772218187005,56434521845,27643524357
1772218188005,56468309511,27669249361
1772218189005,56503332770,27696257470
1772218190005,56536726673,27721381964
1772218191005,56570982866,27746860169
1772218192005,56604383406,27773268746
1772218193005,56637891607,27803276792
1772218194005,56671725429,27832379337
1772218195005,56697121637,27867229097
1772218196006,56723867233,27901816405
1772218197005,56749175281,27936235691
1772218198005,56774724222,27970860060
1772218199005,56800200566,28005527472
1772218200005,56828104320,28040070760
1772218205510,56857599437,28189035941
1772218206005,56988461322,28201712181
1772218207005,57014336739,28227432714
1772218208005,57044338590,28254709654
1772218209005,57073931832,28281813523
1772218210006,57110229683,28308802895
1772218211005,57149993588,28337805317
1772218212005,57191235870,28364657245
1772218213005,57227384117,28400736511
1772218214006,57259702315,28436652607
1772218215005,57287161848,28462666947
1772218216005,57318085359,28495401583
1772218217005,57347721369,28523354757
1772218218005,57377193004,28551618066
1772218219006,57409420586,28586305802
1772218220005,57443297496,28617735832
1772218221005,57476430029,28647577108
1772218222005,57508349781,28678018893
1772218223005,57540432808,28707876953
1772218224006,57577660283,28739910300
1772218225005,57611974396,28772910059
1772218226005,57645883592,28804807594
1772218227005,57678609469,28836381996
1772218228005,57709403150,28866719706
1772218229005,57743369869,28899592655
1772218230006,57778175289,28932399095
1772218231005,57809379699,28962853056
1772218232005,57841708060,28993739428
1772218233005,57873147520,29023495732
1772218234005,57908043619,29056333405
1772218235006,57941718070,29088437137
1772218236006,57971669006,29117462202
1772218237006,57998874874,29144029233
1772218238005,58025142788,29171004736
1772218239005,58053400070,29199342016
1772218240005,58088113133,29226115228
1772218241005,58121971536,29255561521
1772218242005,58153607458,29283646265
1772218243006,58190562074,29318490212
1772218244006,58227787688,29355084206
1772218245005,58262609755,29390762765
1772218246005,58302657794,29422646569
1772218247005,58343707169,29453252332
1772218248005,58378809038,29483770513
1772218249005,58416541629,29519604583
1772218250005,58446611745,29545253830
1772218251005,58474876915,29571104559
1772218252005,58503348206,29598012485
1772218253005,58528446822,29623350865
1772218254006,58555823641,29650625090
1772218255005,58585405058,29677012946
1772218256005,58612687049,29702263075
1772218257005,58644694534,29730684884
1772218258005,58673934950,29757614521
1772218259006,58702355904,29785003623
1772218260005,58736551630,29815245910
1772218261005,58767426575,29843018170
1772218262005,58801634461,29873277760
1772218263005,58834804606,29903966496
1772218264005,58867346670,29935540455
1772218265005,58900322107,29967968252
1772218266005,58930817951,29997669658
1772218267006,58963939422,30029303840
1772218268006,58997016508,30061509648
1772218269005,59030534764,30093548366
1772218270006,59063459163,30125173516
1772218271006,59099338808,30158101668
1772218272005,59129934668,30190385293
1772218273005,59159333294,30222735640
1772218274005,59190695533,30253271841
1772218275005,59222764645,30282780188
1772218276006,59257995367,30315013216
1772218277005,59290582854,30345083484
1772218278005,59324319513,30376257455
1772218279006,59353598623,30409804625
1772218280005,59383470034,30437246305
1772218281005,59413335616,30464590015
1772218282005,59440657521,30491232558
1772218283005,59465656076,30516663677
1772218284005,59499971104,30550456073
1772218285005,59533605076,30582125440
1772218286011,59573715673,30623064623
1772218287005,59609853102,30656244593
1772218288005,59645296627,30689424335
1772218289005,59684176345,30728989687
1772218290006,59719377284,30764112397
1772218291006,59753226531,30795455610
1772218292005,59781565779,30822941981
1772218293005,59809093302,30849659334
1772218294005,59842148843,30883240514
1772218295005,59878217306,30922516788
1772218296005,59915256421,30961281629
1772218297005,59952600040,30995215757
1772218298005,59989405006,31029941576
1772218299005,60025043087,31058815174
1772218300005,60059005411,31083936846
1772218301005,60095564006,31116875328
1772218302005,60130210820,31148593475
1772218303006,60163363021,31178399765
1772218304005,60196799982,31207732812
1772218305006,60229296577,31236636728
1772218306005,60263785592,31262691869
1772218307005,60298881968,31291239205
1772218308005,60333965007,31320158043
1772218309005,60368347629,31352352790
1772218310005,60405555193,31387710290
1772218311005,60439701025,31422916569
1772218312005,60475528701,31457632776
1772218313005,60505845935,31492463357
1772218314005,60536909697,31527974857
1772218315005,60566516580,31554465842
1772218316005,60593650491,31580132697
1772218317005,60620206217,31605955443
1772218318005,60646498680,31637593745
1772218319005,60673786926,31664134334
1772218320005,60698978769,31689253748
1772218321005,60725659824,31714812820
1772218322005,60750717564,31739954586
1772218323005,60776508970,31765333111
1772218329478,60804296794,31934273105
1772218330005,60959080461,31947700221
1772218331005,60986052821,31973321531
1772218332005,61012143254,31998488809
1772218333005,61039228187,32030806717
1772218334006,61073184561,32068875351
1772218335005,61105848720,32104322248
1772218336005,61140451224,32138701498
1772218337005,61174942421,32173184059
1772218338005,61209435190,32207592878
1772218339005,61244598960,32244800732
1772218340005,61276651837,32279458501
1772218341005,61310119818,32314034014
1772218342005,61340909149,32349556316
1772218343005,61375294853,32384046842
1772218344005,61410595487,32419988922
1772218345005,61446019925,32454628122
1772218346005,61479684459,32487461721
1772218347005,61512607073,32521985219
1772218348005,61544687491,32557286922
1772218349005,61579136927,32593157122
1772218350005,61613064020,32628307846
1772218351005,61647581812,32662909984
1772218352005,61680733433,32697439738
1772218353005,61712483134,32731931317
1772218354005,61745199201,32768391742
1772218355005,61779448864,32803136970
1772218356005,61813194082,32837562115
1772218357005,61846882159,32872048644
1772218358005,61879121306,32906619732
1772218359005,61912642751,32941781549
1772218360005,61944906127,32976854122
1772218361005,61979400498,33011314330
1772218362005,62013101163,33045658776
1772218363005,62047142112,33080699520
1772218364006,62079217465,33116015702
1772218365005,62111986354,33153597896
1772218366005,62145735082,33187975070
1772218367005,62179401340,33222393883
1772218368005,62213380815,33256837491
1772218369005,62249611073,33292300836
1772218370005,62281458532,33327581330
1772218371005,62315285975,33362684709
1772218372005,62348982445,33397138661
1772218373005,62381369915,33431909263
1772218374005,62415506089,33468250508
1772218375005,62449838008,33502998421
1772218376005,62483744030,33532471781
1772218377006,62516572624,33558039611
1772218378005,62547007436,33587501345
1772218379005,62581667143,33614533730
1772218380005,62615961375,33639921104
1772218381006,62650386078,33671040985
1772218382006,62682850631,33697147850
1772218383006,62713241103,33725652571
1772218384005,62748264606,33753572407
1772218385006,62782468755,33779723276
1772218386005,62816702077,33804937640
1772218387005,62844141393,33830396163
1772218388005,62875225921,33858514276
1772218389005,62909701113,33884007373
1772218390006,62942455904,33909530803
1772218391005,62973994830,33937750962
1772218392005,63007447141,33962886305
1772218393005,63040397631,33988228760
1772218394006,63074006397,34019044610
1772218395005,63108659665,34051396941
1772218396012,63144867357,34091253354
1772218397019,63181702992,34124345683
1772218398005,63215682588,34150821227
1772218399005,63253370779,34191804352
1772218400005,63288079601,34225830318
1772218401005,63322566953,34260588225
1772218402005,63358305507,34296038189
1772218403005,63394875424,34330953406
1772218404005,63430496949,34367113569
1772218405005,63463929882,34402928841
1772218406005,63497543027,34438144762
1772218407005,63529700925,34473897628
1772218408005,63564261165,34507878842
1772218409005,63597347512,34543044214
1772218410005,63629316928,34578723476
1772218411005,63664268993,34613822765
1772218412005,63694529819,34650567859
1772218413005,63728794618,34685793912
1772218414005,63764166476,34720230333
1772218415005,63798815044,34754745531
1772218416005,63834491376,34790918709
1772218417005,63873329486,34831284969
1772218418005,63911406634,34870671940
1772218419005,63945123656,34905944758
1772218420005,63975051765,34941935085
1772218421005,64001488950,34977377664
1772218422005,64027321767,35013371271
1772218423005,64052710880,35048606280
1772218424006,64082991770,35086249246
1772218425005,64110109767,35122509975
1772218426005,64137659765,35154844057
1772218427005,64172566407,35187154779
1772218428005,64207140242,35225152219
1772218429005,64241289278,35263953481
1772218430005,64276334737,35303658779
1772218431005,64314352242,35346809273
1772218432005,64346883762,35385659528
1772218433005,64377008807,35421025772
1772218434005,64416944791,35462304063
1772218435005,64450743580,35497893196
1772218436005,64485789100,35528527125
1772218437005,64521904145,35564530039
1772218438005,64556679004,35601816151
1772218439005,64592257944,35637094829
1772218440005,64626015491,35672324437
1772218441005,64660558978,35707534027
1772218442005,64694448521,35742686734
1772218443005,64728768615,35778778694
1772218444005,64763936032,35815802445
1772218445005,64798683106,35849497281
1772218446005,64832544514,35884462072
1772218447005,64866450735,35919475550
1772218448005,64900405049,35954905313
1772218449005,64934432128,35990087911
1772218450006,64968581378,36025243457
1772218451005,65002734733,36059987143
1772218452005,65038834780,36091841529
1772218454929,65073779567,36194317828
1772218455005,65143611603,36197024506
1772218456005,65176971007,36231920681
1772218457005,65211405521,36266829886
1772218458005,65245603902,36302053055
1772218459005,65280176287,36340975283
1772218460005,65315638458,36373709201
1772218461005,65349536851,36409322395
1772218462005,65382919509,36444321897
1772218463005,65416856139,36479531670
1772218464005,65452867766,36517100208
1772218465005,65487835363,36553305427
1772218466005,65521900466,36591463855
1772218467005,23665173,36629457205
1772218468005,57998434,36668430257
1772218469005,92922181,36707578455
1772218470005,127792616,36746629277
1772218471005,162247209,36785658722
1772218472005,196417714,36824239994
1772218473005,231838443,36862110732
1772218474005,268121006,36902413365
1772218475005,305635973,36941517697
1772218476005,343202664,36976692727
1772218477005,380999004,37011982269
1772218478005,421345535,37046096212
1772218479005,461329154,37077950583
1772218480005,498956114,37113209547
1772218481005,536588400,37148920301
1772218482155,574406284,37189707346
1772218483005,612632410,37219528252
1772218484005,652596591,37257782469
1772218485006,692006144,37290087576
1772218486005,729307300,37325109508
1772218487005,766771564,37360702531
1772218488005,804146951,37395954691
1772218489005,842347734,37433914276
1772218490005,880358082,37469806020
1772218491005,918244261,37506685277
1772218492005,956563049,37540551873
1772218493005,994140086,37575687522
1772218494005,1033196339,37612485348
1772218495005,1071234136,37648023381
1772218496005,1108674369,37683049997
1772218497005,1146465964,37717231670
1772218498005,1184755060,37751920733
1772218499005,1222233667,37787353517
1772218500005,1259919569,37822896433
1772218501005,1298494082,37856004569
1772218502006,1335913961,37891738545
1772218503005,1373281123,37926678206
1772218504005,1411496279,37963546996
1772218505005,1450196671,37996323377
1772218506005,1487694182,38032994714
1772218507005,1525096560,38069120241
1772218508005,1562504843,38103771907
1772218509005,1600581594,38137480598
1772218510005,1638066899,38173081464
1772218511005,1676086570,38208784222
1772218512005,1713637194,38244049992
1772218513005,1751883614,38277314461
1772218514005,1790479915,38313901909
1772218515005,1826703002,38351057733
1772218516005,1861078147,38388786953
1772218517006,1895899604,38426016106
1772218518005,1934764629,38468874242
1772218520005,2000894006,38552661138
1772218521005,2036973851,38591506144
1772218522005,2070284644,38629481170
1772218523005,2096311603,38665901971
1772218524005,2127948654,38702181054
1772218525005,2156035138,38738323122
1772218526005,2188413224,38773518598
1772218527005,2222790978,38807399353
1772218528005,2257170487,38841586763
1772218529005,2291284888,38877128275
1772218530005,2325682157,38911360056
1772218531005,2360184111,38946406996
1772218532005,2394089370,38981673437
1772218533005,2428112864,39016896087
1772218534005,2463531229,39053227597
1772218535005,2498034312,39087901494
1772218536005,2536098018,39128034505
1772218537005,2574026430,39165714990
1772218538005,2610980315,39203439327
1772218539005,2645265361,39238438265
1772218540093,2679404785,39266821395
1772218541005,2714243346,39290448209
1772218542005,2747801715,39317448476
1772218543005,2780736840,39342665571
1772218544005,2815307700,39370435207
1772218545005,2849551900,39398557563
1772218546005,2883453544,39424012530
1772218547005,2916580416,39448903577
1772218548005,2950255723,39473856861
1772218549005,2983783255,39504925506
1772218550005,3017433172,39530142875
1772218551005,3051865916,39557332921
1772218552005,3085526956,39582499878
1772218553005,3119180199,39611103929
1772218554005,3154441376,39639800214
1772218555005,3188366761,39665048817
1772218556005,3222535785,39690554013
1772218557005,3256146352,39715707788
1772218558005,3289866212,39740805473
1772218559005,3323422475,39765833003
1772218560005,3357620246,39791080629
1772218561005,3392246247,39816887232
1772218562005,3425984386,39841926419
1772218563005,3459482928,39866930695
1772218564005,3494403623,39893208587
1772218565005,3528357189,39918391291
1772218566005,3562320414,39943923662
1772218567005,3595959696,39969136317
1772218568005,3629525633,39994194622
1772218569005,3663171766,40025025501
1772218570005,3696855754,40050380101
1772218571005,3730750989,40077500235
1772218572005,3764076307,40102411544
1772218573005,3796891596,40127464722
1772218574005,3831602341,40154674497
1772218575006,3865631968,40179940341
1772218576005,3899474472,40205246772
1772218577005,3933328373,40230184050
1772218578005,3966920675,40255135687
1772218579005,4000597050,40286000988
1772218580005,4034984706,40310948291
1772218581005,4069675326,40336425031
1772218582005,4101649227,40364055682
1772218583005,4126864003,40398680052
1772218584005,4154419768,40434454828
1772218585005,4180725476,40471058007
1772218586005,4206057280,40505668568
1772218587005,4232156669,40540495243
1772218588005,4257541709,40575025638
1772218589005,4282756134,40609083111
1772218590005,4307915843,40643091026
1772218591005,4334599430,40677905586
1772218592005,4360603151,40712590698
1772218593005,4385715012,40747116164
1772218594005,4412897429,40782208557
1772218595005,4438433858,40817055815
1772218596005,4463576067,40851493610
1772218597005,4489574677,40886148662
1772218598005,4514719067,40920500737
1772218599005,4541314982,40955021916
1772218600005,4566407907,40990823837
1772218601005,4597158896,41021329858
1772218602006,4631168474,41046713098
1772218603005,4664493152,41071702726
1772218604005,4698847256,41098821197
1772218605005,4732162077,41126406013
1772218606005,4764913725,41151512091
1772218607005,4798293071,41176794841
1772218608005,4831534440,41201828855
1772218609005,4864988322,41232791228
1772218610005,4898207384,41257663248
1772218611005,4931429482,41284993255
1772218612005,4965102972,41310402265
1772218613005,4997897098,41335512554
1772218614005,5032262936,41362919340
1772218615005,5066066012,41388278152
1772218616005,5099586618,41419370553
1772218617005,5133434202,41444813024
1772218618005,5167050201,41470024168
1772218619005,5200866292,41495038835
1772218620006,5234681362,41520057210
1772218621006,5269619298,41545811692
1772218622005,5303738353,41571258236
1772218623005,5337451316,41596424202
1772218624005,5371330606,41625473328
1772218625005,5397140779,41660405863
1772218626005,5422231172,41695300772
1772218627005,5448219208,41730398383
1772218628005,5473424127,41765492042
1772218629005,5498676544,41800074681
1772218630005,5523793928,41834342150
1772218631005,5549180356,41870094330
1772218632006,5575077973,41906629687
1772218633005,5600038627,41941183686
1772218634006,5627870760,41976954892
1772218635005,5653960781,42011319189
1772218636005,5678967529,42045772744
1772218637006,5704382718,42080472122
1772218638006,5730012527,42115062435
1772218639005,5755510323,42151679056
1772218640005,5780719911,42186163342
1772218641005,5806473493,42221495682
1772218642005,5837028523,42251290009
1772218643005,5870420930,42276537468
1772218644005,5905156271,42305807713
1772218645006,5937680605,42336990076
1772218646005,5963049883,42371174953
1772218647005,5990371758,42407132322
1772218648005,6026155186,42441955137
1772218649006,6060875635,42475417457
1772218650005,6095494938,42509441515
1772218651005,6130658159,42544595932
1772218652005,6165391272,42578917353
1772218653005,6200696514,42613159387
1772218654005,6237480439,42647930752
1772218655005,6272718683,42682429700
1772218656005,6307962314,42712155900
1772218657006,6343129761,42737926784
1772218658005,6378618984,42764092912
1772218659005,6414221894,42791482990
1772218660005,6448961019,42816955000
1772218661005,6482989044,42844234397
1772218662005,6517996236,42869340948
1772218663005,6552775840,42901086453
1772218664005,6589293147,42930191225
1772218665005,6625488084,42959487073
1772218666005,6660169319,42993411283
1772218667005,6695375415,43029170985
1772218668005,6731035695,43065171565
1772218669005,6766602734,43103281319
1772218670005,6801089720,43139091936
1772218671005,6836055777,43176167564
1772218672005,6868138026,43211923375
1772218673005,6903674457,43247945819
1772218674006,6939852091,43284987773
1772218675005,6975327536,43320861726
1772218676006,7010109367,43356580796
1772218677005,7045165263,43392426537
1772218678005,7080046974,43428537722
1772218679005,7114914113,43465662374
1772218680005,7149512986,43500747000
1772218681005,7184263950,43536663676
1772218682005,7219051168,43572447608
1772218683005,7253608707,43608077067
1772218684005,7287266802,43644487705
1772218685005,7321771930,43680382349
1772218686005,7356385970,43715833564
1772218687006,7391209456,43751655503
1772218688005,7426219913,43787485254
1772218689005,7460993689,43822501586
1772218690005,7495597429,43857470389
1772218691005,7530560495,43893484228
1772218692005,7565225267,43929217060
1772218693005,7599721088,43964597112
1772218694005,7636005664,44002593789
1772218695005,7668059884,44039072783
1772218696005,7693414622,44074701510
1772218697005,7719334958,44110220029
1772218698005,7744736064,44146654302
1772218699005,7775943221,44182463546
1772218700006,7805720353,44217729041
1772218701006,7834925309,44253335934
1772218702005,7860728784,44288951554
1772218703005,7886216922,44324240501
1772218704006,7914082608,44360344346
1772218705006,7940454626,44395752244
1772218706006,7965748255,44430940076
1772218707005,7991312149,44466282471
1772218708005,8016363344,44501520807
1772218709006,8042050202,44536775789
1772218710005,8067184370,44574089610
1772218711005,8093842629,44609733900
1772218712005,8119355897,44645111190
1772218713005,8144389057,44680329675
1772218714005,8172172975,44716461672
1772218715006,8199099545,44751756920
1772218716005,8224356082,44786987978
1772218717005,8249689123,44822195370
1772218718005,8275511152,44857781161
1772218719005,8301179792,44893190173
1772218720005,8326410710,44928427990
1772218721006,8353246466,44964100492
1772218722005,8378360600,44999268824
1772218723006,8404171963,45034791661
1772218724006,8433112376,45070827029
1772218725005,8458942385,45106194813
1772218726006,8484828833,45144707180
1772218727005,8510267139,45179601890
1772218728005,8536145744,45215117555
1772218729005,8562162496,45252582796
1772218730006,8587370756,45287695482
1772218731006,8614508177,45323088656
1772218732006,8639737219,45358316739
1772218733005,8665718908,45393766215
1772218734006,8693402901,45429765284
1772218735006,8719681388,45464999912
1772218736005,8744911132,45500141878
1772218737006,8770228793,45535406137
1772218738005,8795941010,45570897969
1772218739006,8821618423,45606126265
1772218740005,8846728849,45641286221
1772218741005,8873693626,45677807495
1772218742005,8898892244,45714129332
1772218743005,8924472967,45749622812
1772218744005,8953126973,45785420262
1772218745005,8979252559,45820682064
1772218746005,9004628093,45856062513
1772218747005,9029787635,45891201931
1772218748005,9055770102,45926616161
1772218749005,9081396249,45961530676
1772218750005,9106720821,45995809177
1772218751005,9132292222,46030873755
1772218752005,9157213617,46065073082
1772218753005,9182601510,46099420762
1772218754005,9209973812,46134399513
1772218755005,9236219083,46168695469
1772218756005,9261487994,46202923649
1772218757005,9286677320,46239149910
1772218758005,9312403025,46267813192
1772218759005,9338365397,46299263699
1772218760005,9365872305,46327387229
1772218761005,9392632427,46359935152
1772218762006,9418396155,46395550910
1772218763005,9443906936,46431067216
1772218764005,9471794486,46467276555
1772218765005,9499736293,46502837903
1772218766005,9524899390,46538242688
1772218767005,9550564811,46573861818
1772218768006,9576121793,46609564622
1772218769005,9601598259,46645159400
1772218770005,9627463071,46680758084
1772218771005,9654589873,46716729338
1772218772005,9679976896,46752292929
1772218773005,9705110911,46789674449
1772218774005,9732447007,46825682505
1772218775005,9758548669,46861144477
1772218776005,9783562161,46896544914
1772218777005,9808964671,46932100387
1772218778005,9833944291,46967439746
1772218779006,9859539982,47002736154
1772218780006,9885017806,47038083325
1772218781006,9911533189,47073825037
1772218782005,9937036524,47109364779
1772218783005,9962034422,47144640925
1772218784006,9989417345,47180590756
1772218785005,10015550210,47216052713
1772218786005,10045009547,47248201456
1772218787005,10078837525,47273308709
1772218788005,10113084564,47301570690
1772218789005,10149804223,47333559621
1772218790005,10184861095,47364283130
1772218791005,10220861507,47399185393
1772218792005,10255588684,47434601500
1772218793005,10290899816,47468808471
1772218794005,10327050565,47504548719
1772218795005,10361696020,47532482653
1772218796005,10395830348,47557862627
1772218797006,10430057735,47584747986
1772218798005,10464142642,47610658878
1772218799005,10498719345,47638079945
1772218800005,10533069390,47670048369
1772218801005,10573007541,47712246535
1772218802005,10609774698,47740754353
1772218803005,10649708210,47775297428
1772218804005,10686087768,47812049311
1772218805005,10721786789,47845586914
1772218806005,10757818586,47879707006
1772218807005,10792195974,47916229348
1772218808005,10826979438,47951992987
1772218809005,10860261073,47987304484
1772218810005,10893559995,48022530538
1772218811005,10924655371,48057940922
1772218812005,10951293352,48093389086
1772218813006,10979479212,48125489630
1772218814005,11008798771,48161198842
1772218815005,11034768085,48196626820
1772218816005,11061472210,48233915770
1772218817006,11087492303,48270505796
1772218818005,11119924646,48306344260
1772218819005,11156391144,48341741737
1772218820005,11193730339,48373804608
1772218821005,11229435676,48406663336
1772218822005,11263848401,48442415638
1772218823005,11297927480,48478118687
1772218824005,11333027868,48514586710
1772218825005,11367317034,48550134951
1772218826006,11402806303,48580631177
1772218827005,11438258281,48609851910
1772218828005,11472555092,48645070334
1772218829005,11506314500,48680314681
1772218830005,11540087046,48715374621
1772218831005,11574524870,48750650171
1772218832005,11609848514,48781276272
1772218833005,11645448632,48812856823
1772218834005,11680331075,48849059464
1772218835005,11714980528,48884562938
1772218836005,11750806556,48919763221
1772218837005,11785308037,48952557927
1772218838005,11820955211,48983912216
1772218839005,11855170284,49018006355
1772218840005,11888890449,49053254501
1772218841005,11923258774,49088825584
1772218842005,11957845196,49122608886
1772218843005,11989801414,49157148360
1772218844006,12018087244,49195732866
1772218845005,12044155201,49234484860
1772218846006,12071333330,49273159862
1772218847005,12103746556,49307785055
1772218848005,12130109679,49344072973
1772218849005,12162882108,49381523002
1772218850005,12189836754,49420006577
1772218851005,12219864254,49458993162
1772218852005,12247600612,49497387417
1772218853006,12274666855,49535256507
1772218854006,12303148216,49574155450
1772218855005,12328931459,49612818932
1772218856006,12355244078,49651069106
1772218857005,12381608514,49688672386
1772218858005,12407172560,49727238567
1772218859005,12433543297,49765907817
1772218860005,12459222969,49803821582
1772218861005,12488974299,49841085524
1772218862005,12515072361,49879534494
1772218863005,12540588573,49918229240
1772218864005,12569149932,49957208242
1772218865005,12597054693,49994712986
1772218866005,12624118571,50032726447
1772218867005,12654868400,50071162142
1772218868006,12681209139,50109396279
1772218869005,12709601119,50146527523
1772218870005,12735393791,50184969016
1772218871005,12763147437,50222871719
1772218872005,12790330419,50260811270
1772218873005,12818427751,50298664583
1772218874005,12852176647,50335255128
1772218875005,12886039825,50370852042
1772218876006,12914049332,50408039801
1772218877006,12940960675,50446081108
1772218878005,12966445304,50484731422
1772218879005,12999771950,50522750208
1772218880005,13026184066,50560508189
1772218881005,13055074586,50599283985
1772218882005,13083532221,50636108802
1772218883005,13113362847,50674272783
1772218884006,13142363865,50713229463
1772218885006,13169667247,50751398479
1772218886005,13194755595,50789672149
1772218887005,13222312641,50827228664
1772218888005,13247912743,50865646629
1772218889006,13275639565,50903862533
1772218890005,13301686039,50941665022
1772218891006,13330614581,50979338733
1772218892006,13359477392,51016754751
1772218893005,13384927813,51055023219
1772218894005,13413680705,51094123156
1772218895005,13443195246,51134771078
1772218896005,13479701308,51178410576
1772218897005,13513858752,51220262568
1772218898005,13549697673,51256605888
1772218899005,13584733169,51292842402
1772218900006,13611651195,51328021491
1772218901005,13640305460,51363772251
1772218902006,13666325171,51398982833
1772218903006,13692143691,51434075180
1772218904005,13720631826,51469718875
1772218905005,13746611821,51504904723
1772218906005,13772175029,51539903997
1772218907005,13798216254,51576114008
1772218908005,13824132013,51611243722
1772218909005,13856031120,51646464450
1772218910005,13881901761,51681570270
1772218911005,13909122308,51716691363
1772218912005,13937394313,51751952174
1772218913006,13962808237,51786986205
1772218914005,13994668741,51822985076
1772218915006,14020957466,51858618746
1772218916006,14046528761,51893661596
1772218917005,14072631155,51928759177
1772218918006,14098356525,51963867637
1772218919006,14124396316,51998827422
1772218920005,14150420177,52034002620
1772218921005,14178571447,52069120693
1772218922006,14205357552,52104280557
1772218923006,14230955334,52139303007
1772218924006,14259290371,52174804635
1772218925006,14285900827,52210200402
1772218926006,14311349096,52245293802
1772218927006,14337299414,52280328902
1772218928006,14363091522,52315363879
1772218929005,14389583758,52350319896
1772218930005,14419905127,52385548985
1772218931005,14446903334,52420575631
1772218932006,14473044438,52455631664
1772218933006,14498484666,52490640184
1772218934005,14526664331,52526393813
1772218935005,14553436643,52561790069
1772218936006,14579171503,52596950253
1772218937005,14605380689,52632006195
1772218938006,14631010390,52667139663
1772218939006,14662171727,52702263365
1772218940005,14688146062,52737560444
1772218941005,14715237251,52772850810
1772218942005,14742924113,52808018073
1772218943005,14768936149,52843170217
1772218944005,14796817032,52879017896
1772218945005,14826816289,52914312091
1772218946005,14854244985,52949329491
1772218947005,14879618933,52984379864
1772218948005,14905484081,53019444365
1772218949006,14930866115,53054437978
1772218950006,14956654332,53089761545
1772218951005,14983602843,53124945608
1772218952005,15009167256,53160116717
1772218953006,15035173144,53195169530
1772218954005,15062835990,53231024808
1772218955006,15089051660,53266555853
1772218956006,15114900466,53301597254
1772218957006,15140276962,53336669491
1772218958006,15166020015,53371762403
1772218959006,15191260775,53406791948
1772218960005,15217115120,53442020580
1772218961005,15248738088,53477140208
1772218962006,15274550779,53512302636
1772218963006,15300450655,53547515902
1772218964005,15328190614,53583328870
1772218965005,15354459489,53618621860
1772218966005,15380096530,53653709385
1772218967006,15405473483,53688802205
1772218968197,15433253784,53730703176
1772218969005,15463621980,53759095857
1772218970005,15489530888,53794388908
1772218971005,15516459305,53829615587
1772218972005,15542370990,53864919791
1772218973006,15568111938,53900000970
1772218974005,15595974358,53935862412
1772218975005,15622448758,53971185826
1772218976005,15648881610,54006319827
1772218977005,15679158472,54041703648
1772218978005,15704839501,54076793615
1772218979005,15730061967,54111828470
1772218980005,15755319892,54146830795
1772218981006,15782557803,54182346460
1772218982005,15807892827,54217486916
1772218983005,15833456751,54252516370
1772218984005,15861376435,54288149003
1772218985005,15887344010,54323459341
1772218986005,15913016251,54358608051
1772218987006,15938202906,54393568539
1772218988005,15963944983,54428617309
1772218989006,15989066349,54463699403
1772218990005,16014148563,54498793703
1772218991005,16040937492,54534109031
1772218992005,16069370500,54569219413
1772218993005,16096954660,54604412890
1772218994064,16125948095,54642766223
1772218995005,16152035765,54676168823
1772218996006,16177415373,54711516024
1772218997005,16202269008,54746626224
1772218998005,16227724432,54781794800
1772218999005,16257991025,54816793509
1772219000006,16283120173,54851877693
1772219001005,16310141038,54887289771
1772219002005,16335325588,54922490130
1772219003005,16360929122,54957803947
1772219004005,16388132824,54993849507
1772219005005,16413851465,55029097990
1772219006005,16439347964,55064318840
1772219007005,16464393773,55099476369
1772219008006,16494667705,55134653657
1772219009005,16520179584,55169764009
1772219010005,16545312913,55204837726
1772219011006,16572264171,55240328261
1772219012005,16597189106,55275442748
1772219013005,16622442820,55310735509
1772219014005,16649997318,55346768756
1772219015005,16675887642,55382029979
1772219016005,16701449598,55417413372
1772219017006,16726686605,55452442231
1772219018005,16751811389,55487442481
1772219019949,16778956653,55555653400
1772219020005,16804340624,55557584041
1772219021005,16831283658,55592946241
1772219022005,16856331161,55627943241
1772219023005,16882391520,55663172819
1772219024005,16914331900,55699086489
1772219025006,16940161496,55734464954
1772219026005,16965843136,55769724468
1772219027006,16990974420,55804728471
1772219028005,17016274015,55839752661
1772219029005,17042247221,55876920859
1772219030005,17067551500,55911886580
1772219031005,17094838358,55947252869
1772219032006,17120120330,55982250571
1772219033005,17145556972,56017397740
1772219034006,17173176439,56053223738
1772219035006,17199110904,56088515004
1772219036005,17224651881,56123791759
1772219037005,17249829579,56158849379
1772219038005,17275007797,56193869800
1772219039005,17303723994,56228871149
1772219040005,17332045512,56264059835
1772219041005,17358756777,56299409722
1772219042006,17383835436,56334531548
1772219043005,17409067041,56369752855
1772219044005,17436804255,56405539808
1772219045005,17462672637,56440798208
1772219046005,17488035568,56475994004
1772219047005,17513321034,56511092333
1772219048005,17538512191,56546307232
1772219049006,17563916593,56581455118
1772219050006,17589188281,56616641699
1772219051006,17615662665,56651875335
1772219052005,17641037406,56687102014
1772219053005,17666539688,56722382553
1772219054005,17694422737,56757901117
1772219055005,17725602842,56793197876
1772219056005,17750860203,56828208166
1772219057005,17776210408,56863443938
1772219058006,17801367738,56898599453
1772219059005,17827196678,56935832162
1772219060006,17853302125,56970913905
1772219061005,17879938061,57006104407
1772219062005,17905511842,57041321687
1772219063005,17931008723,57076500516
1772219064005,17958723171,57112329962
1772219065005,17984196601,57147848130
1772219066006,18009522409,57182831397
1772219067006,18035041521,57218131604
1772219068005,18060302452,57253113514
1772219069005,18085885067,57288106349
1772219070005,18111859157,57323106644
1772219071005,18143310351,57358114859
1772219072005,18168896201,57393298037
1772219073005,18194317479,57428492140
1772219074005,18221818895,57464152390
1772219075005,18248041904,57499310240
1772219076005,18273437273,57534436185
1772219077005,18299039297,57569627312
1772219078005,18324204637,57604674511
1772219079005,18349400325,57639707810
1772219080005,18375766454,57674701133
1772219081005,18403236652,57709937760
1772219082005,18428873983,57745155619
1772219083005,18454328599,57780360174
1772219084005,18481875529,57815816516
1772219085006,18508298022,57850968583
1772219086005,18536735760,57885928857
1772219087005,18564435896,57921072455
1772219088005,18590035509,57956117549
1772219089006,18620646383,57991230906
1772219090005,18646017462,58026373315
1772219091006,18672548210,58061730739
1772219092005,18697903985,58096950994
1772219093005,18722936931,58132245052
1772219094006,18750275315,58168372975
1772219095005,18776397270,58203536089
1772219096005,18801462182,58238609699
1772219097005,18826845803,58273825957
1772219098005,18851916024,58308932677
1772219099005,18877451950,58344040618
1772219100005,18903331777,58379028463
1772219101129,18931012428,58418812752
1772219102005,18962755400,58449740382
1772219103005,18988153882,58485036958
1772219104006,19016105440,58520606209
1772219105005,19042556709,58555728904
1772219106005,19067831921,58590761303
1772219107005,19093737930,58625979834
1772219108005,19119425841,58661103017
1772219109006,19144952979,58696110942
1772219110005,19170874017,58731133911
1772219111005,19197420434,58766230500
1772219112005,19222873128,58801435863
1772219113005,19247921164,58836801756
1772219114006,19275013910,58872745988
1772219115005,19301221875,58907906904
1772219116005,19326231568,58943079982
1772219117005,19351770729,58978299123
1772219118005,19381726150,59013617044
1772219119005,19411911875,59048833058
1772219120005,19437434145,59083900717
1772219121005,19462581221,59119751830
1772219122005,19488495424,59155026952
1772219123005,19514424533,59190617305
1772219124005,19542380485,59226194033
1772219125006,19569241462,59261490593
1772219126006,19595579913,59296588083
1772219127006,19621141381,59331623380
1772219128005,19647397286,59366797770
1772219129006,19673106894,59401781602
1772219130006,19699304163,59436877016
1772219131005,19726339279,59472127497
1772219132005,19751549355,59507154235
1772219133005,19781284253,59542572035
1772219134005,19811250003,59578489245
1772219135006,19837702645,59613419629
1772219136005,19863825089,59648498976
1772219137005,19889488450,59683560716
1772219138005,19915741868,59718905064
1772219139006,19941086032,59753965583
1772219140006,19966764819,59789004344
1772219141006,19994269957,59824335250
1772219142434,20020645165,59874628822
1772219143005,20046390156,59894849563
1772219144005,20073966489,59930731970
1772219145006,20099532977,59966440191
1772219146005,20125141775,60001513847
1772219147005,20150857319,60036596917
1772219148005,20176424981,60071850938
1772219149006,20210153187,60107162009
1772219150006,20235550235,60142351916
1772219151005,20262829662,60177640206
1772219152005,20288472699,60212734842
1772219153006,20314550437,60248140756
1772219154006,20341980629,60284062437
1772219155005,20368083100,60319276131
1772219156005,20393994876,60354402259
1772219157005,20419551187,60389524497
1772219158006,20445643175,60424868891
1772219159005,20471018008,60460066366
1772219160005,20496707811,60495249300
1772219161005,20524196517,60530604176
1772219162006,20549543732,60565670066
1772219163006,20575666160,60601145862
1772219164005,20604036565,60637191834
1772219165005,20634819199,60672544986
1772219166005,20661126615,60707749602
1772219167006,20686287667,60742794710
1772219168237,20713804906,60786444308
1772219169005,20739290847,60813457301
1772219170005,20765006573,60848492873
1772219171005,20792540290,60883643032
1772219172005,20817967396,60918659639
1772219173005,20844634718,60954009572
1772219174005,20872342453,60989708791
1772219175006,20898635466,61024974041
1772219176005,20924424537,61060100963
1772219177006,20950175586,61095253076
1772219178006,20976227293,61130600064
1772219179006,21007200988,61165915422
1772219180005,21035869259,61200985737
1772219181005,21065128198,61236250576
1772219182006,21090312565,61271298232
1772219183005,21116086012,61306799662
1772219184006,21143648781,61342550102
1772219185006,21169464310,61377731845
1772219186006,21195246546,61412790076
1772219187006,21220273648,61447881248
1772219188005,21246400440,61483093538
1772219189005,21272218899,61518428839
1772219190005,21297088874,61553561101
1772219191005,21324091384,61588828122
1772219192005,21349002190,61623908980
1772219193006,21374497484,61659119912
1772219194005,21402566131,61695118264
1772219195005,21429574912,61730269003
1772219196005,21461625684,61765312830
1772219197005,21488018499,61800430948
1772219198006,21513436557,61835512066
1772219199006,21539302895,61870720984
1772219200005,21565591758,61905786218
1772219201005,21591713835,61941430813
1772219202005,21617570637,61976504515
1772219203005,21643327759,62011595519
1772219204005,21671733791,62047539080
1772219205006,21698533552,62082810983
1772219206005,21724422060,62117888484
1772219207005,21750633717,62152897080
1772219208005,21776529214,62187988359
1772219209005,21804060550,62225468202
1772219210006,21829690771,62260586503
1772219211005,21857292356,62295857949
1772219212005,21887777367,62330848647
1772219213005,21913461540,62366038707
1772219214005,21941965650,62402375130
1772219215006,21967998468,62437709698
1772219216005,21993918835,62472869058
1772219217006,22020441343,62508012444
1772219218005,22045965033,62543158819
1772219219006,22072074766,62578623431
1772219220006,22097967943,62613724811
1772219221005,22125395297,62648838901
1772219222006,22151612004,62683925588
1772219223005,22177229118,62718961007
1772219224005,22205521387,62755198544
1772219225006,22231988600,62790549300
1772219226005,22257859485,62825640320
1772219227005,22286785800,62860706072
1772219228005,22315003442,62895805820
1772219229445,22341659626,62946691067
1772219230005,22367215234,62966366975
1772219231005,22394181888,63001757967
1772219232006,22419959318,63036869219
1772219233006,22445506687,63072003998
1772219234006,22474296916,63108095775
1772219235005,22500320640,63143346088
1772219236006,22526435623,63178502779
1772219237006,22552674180,63213648819
1772219238006,22578108152,63248821606
1772219239006,22604764290,63286291531
1772219240006,22630300994,63321590197
1772219241005,22657361713,63357050552
1772219242005,22683136153,63392325003
1772219243005,22713983205,63427596891
1772219244005,22742401825,63464001228
1772219245005,22768214623,63499664011
1772219246006,22793746155,63534805108
1772219247005,22819947895,63569986882
1772219248006,22845355226,63605136065
1772219249005,22871369186,63640479498
1772219250005,22898408849,63675801051
1772219251005,22925214774,63711034168
1772219252006,22951093410,63746195054
1772219253005,22976640002,63781295183
1772219254006,23004723068,63817105801
1772219255006,23030967988,63852574181
1772219256006,23056460322,63887711082
1772219257006,23082151269,63922696577
1772219258005,23107727049,63957822202
1772219259005,23137897013,63992850191
1772219260006,23163508863,64027983796
1772219261005,23190288804,64063016607
1772219262005,23215421080,64098026347
1772219263005,23241820426,64133089658
1772219264005,23270197483,64168784056
1772219265006,23297462018,64204140366
1772219266005,23323150402,64239090112
1772219267006,23349392377,64274251258
1772219268005,23375695201,64309278590
1772219269006,23407250439,64344318679
1772219270093,23434849048,64382627260
1772219271006,23462057343,64414792802
1772219272005,23487753966,64449764077
1772219273005,23514077418,64484739487
1772219274005,23544274541,64520819531
1772219275005,23573473639,64556144486
1772219276006,23599360972,64591213885
1772219277006,23625086860,64626294224
1772219278006,23650868043,64661428424
1772219279005,23676673471,64696423334
1772219280006,23702676476,64731710419
1772219281005,23729553183,64766760639
1772219282006,23755109540,64801555287
1772219283006,23781824375,64836587594
1772219284006,23810510956,64872430925
1772219285005,23837183619,64907718925
1772219286006,23862825939,64942874532
1772219287006,23888557228,64977897394
1772219288006,23914914172,65012960660
1772219289005,23942302786,65048928481
1772219290005,23976139888,65085188233
1772219291283,24004700011,65130384107
1772219292005,24032016835,65155965456
1772219293006,24058241538,65191126739
1772219294005,24086286703,65227185360
1772219295005,24112622057,65262528778
1772219296005,24138457101,65297636902
1772219297005,24163939487,65332733369
1772219298005,24190068995,65367939128
1772219299006,24220884464,65403197956
1772219300005,24246556903,65438478327
1772219301005,24272709069,65474455898
1772219302005,24298537217,65509795425
1772219303004,24324449680,12227837
1772219304005,24352730795,48076798
1772219305005,24379235863,83613656
1772219306005,24404812604,121046245
1772219307006,24430485181,156173320
1772219308006,24456421019,191277400
1772219309005,24482281453,226421472
1772219310005,24508586016,261744139
1772219311254,24536399946,305960068
1772219312005,24561603767,332339746
1772219313006,24587366900,367529455
1772219314005,24615534007,403651808
1772219315005,24641925067,439082563
1772219316005,24667688704,474231014
1772219317006,24693200172,509220049
1772219318006,24719100688,544207665
1772219319005,24745244569,579304086
1772219320005,24770790565,614470542
1772219321005,24798747676,651152620
1772219322006,24824456750,687408344
1772219323006,24850248217,722469672
1772219324005,24878542225,758480413
1772219325006,24904525486,793609013
1772219326006,24930050121,828864468
1772219327006,24956289395,864890163
1772219328006,24982075751,900079352
1772219329005,25013394077,935459420
1772219330005,25038911511,970517421
1772219331005,25065887273,1005951746
1772219332005,25092810747,1041057093
1772219333006,25118181673,1076113691
1772219334006,25146542282,1112327394
1772219335006,25172881847,1147505003
1772219336005,25198828274,1182774221
1772219337005,25224681216,1219983219
1772219338005,25250239129,1255059530
1772219339005,25276206032,1290023359
1772219340006,25301949086,1325028018
1772219341005,25329104267,1360278851
1772219342005,25354231996,1395274340
1772219343005,25379861408,1430359882
1772219344005,25407840384,1466102006
1772219345006,25434864713,1501335063
1772219346006,25460301691,1536772302
1772219347005,25485820330,1571741044
1772219348005,25511575940,1606776464
1772219349005,25537415211,1641776775
1772219350005,25563012886,1676736057
1772219351005,25590729958,1711981579
1772219352189,25618069334,1753775209
1772219353006,25643887396,1784178346
1772219354005,25672557117,1820040322
1772219355006,25698687297,1855125834
1772219356005,25724461583,1890349232
1772219357005,25750113287,1925385490
1772219358006,25776186127,1960467111
1772219359005,25807004998,1995632575
1772219360005,25832511629,2030667903
1772219361005,25860128929,2066013182
1772219362005,25885265264,2100981558
1772219363005,25910785184,2135941710
1772219364005,25939165964,2172130894
1772219365006,25965305390,2207332244
1772219366005,25991004623,2242516734
1772219367005,26016066391,2277595898
1772219368005,26041398745,2313590604
1772219369005,26067301794,2350093156
1772219370005,26092823973,2385165439
1772219371006,26119704144,2420623521
1772219372351,26145656934,2467957270
1772219373004,26171482838,2490882934
1772219374005,26199725320,2527095996
1772219375005,26224902241,2562551865
1772219376005,26250880054,2597896641
1772219377006,26276614578,2633068803
1772219378006,26302433967,2668415989
1772219379006,26328814103,2703647138
1772219380005,26354716679,2738664919
1772219381005,26382098838,2774170728
1772219382006,26407478782,2809248717
1772219383005,26432956865,2844315706
1772219384005,26462307703,2881839141
1772219385006,26488364995,2917471026
1772219386005,26513687767,2952586794
1772219387005,26539469545,2987782331
1772219388005,26565303491,3023009452
1772219389006,26596401965,3058433035
1772219390006,26623203862,3093559454
1772219391005,26650087665,3128774506
1772219392005,26675711676,3163842730
1772219393111,26702489542,3202773944
1772219394006,26730296682,3235010375
1772219395005,26756560293,3270005605
1772219396005,26782787849,3304947905
1772219397006,26809657507,3339948140
1772219398005,26835470275,3374831788
1772219399005,26860878796,3409733533
1772219400005,26887546088,3446828569
1772219401005,26914274854,3481866918
1772219402005,26939393138,3516757096
1772219403005,26964538933,3551760245
1772219404005,26992077288,3587666897
1772219405006,27018175700,3623167624
1772219406005,27043548274,3658489238
1772219407005,27068761448,3693475542
1772219408005,27094068275,3728563297
1772219409005,27119168051,3763499036
1772219410005,27144681167,3798376489
1772219411005,27171561414,3833478648
1772219412005,27196769248,3868482269
1772219413328,27222613385,3914842024
1772219414006,27250663174,3938956957
1772219415005,27276881377,3975133080
1772219416005,27302158146,4011425118
1772219417005,27327726953,4046699753
1772219418005,27352983200,4081783540
1772219419005,27383585011,4116933807
1772219420005,27409196540,4151930303
1772219421005,27435763449,4187140229
1772219422005,27461082453,4222177388
1772219423005,27486136501,4257125623
1772219424005,27513647880,4293043108
1772219425005,27540443354,4328353949
1772219426005,27565628392,4363272874
1772219427005,27590732913,4398223368
1772219428005,27615914594,4433194032
1772219429005,27641057276,4468114834
1772219430005,27666798102,4503125505
1772219431005,27693504240,4540373731
1772219432005,27723026166,4575532710
1772219433006,27749509111,4610446630
1772219438831,27778136796,4815017411
1772219439005,27907622302,4821129857
1772219440005,27933211464,4856076628
1772219441005,27960925897,4891183272
1772219442005,27985978678,4926128654
1772219443005,28011241547,4961135862
1772219444005,28038861212,4996846493
1772219445006,28065363794,5032020364
1772219446005,28090349944,5067033171
1772219447005,28116029051,5104359290
1772219448005,28141245322,5139546893
1772219449006,28171749177,5174763882
1772219450005,28197075458,5209734913
1772219451005,28224070217,5244726832
1772219452005,28249292270,5279700838
1772219453005,28274356862,5314613950
1772219454005,28301710092,5350661784
1772219455005,28328115404,5385788049
1772219456006,28353959557,5420754198
1772219457005,28379237195,5455743309
1772219458005,28404462926,5490789730
1772219459005,28429595309,5525816498
1772219460269,28456364447,5570132688
1772219461005,28483774804,5595981632
1772219462005,28509047682,5631747925
1772219463006,28537594881,5668045593
1772219464005,28565274816,5703544047
1772219465006,28591370146,5738946986
1772219466005,28616892446,5773917559
1772219467005,28642124250,5808884074
1772219468005,28667426912,5843953793
1772219469005,28692643305,5878903326
1772219470005,28717912216,5913901745
1772219471005,28744879205,5949010998
1772219472005,28770130448,5983961354
1772219473005,28795542891,6018979486
1772219474005,28822887958,6054710014
1772219475005,28848724711,6090076609
1772219476005,28874224994,6125057588
1772219477005,28899769282,6160370352
1772219478006,28925151743,6197193399
1772219479005,28955834696,6232685308
1772219480005,28981725661,6267696086
1772219481005,29009130020,6302701462
1772219482005,29034415257,6337721746
1772219483005,29059388011,6372788246
1772219484005,29086793957,6408630905
1772219485271,29113959072,6453409931
1772219486005,29139829941,6478919507
1772219487005,29165040872,6513734570
1772219488006,29190365124,6548816771
1772219489005,29215688598,6583814808
1772219490005,29240849192,6618760419
1772219491005,29267864687,6653951730
1772219492005,29293042691,6688937424
1772219493005,29321027404,6723942816
1772219494005,29350573468,6762050388
1772219495006,29376849667,6797276563
1772219496005,29402717988,6832238775
1772219497005,29427979820,6864964942
1772219498005,29453139300,6899701228
1772219499005,29478091516,6934699433
1772219500005,29503101911,6969710837
1772219501005,29529823399,7004809074
1772219502005,29554943194,7039755646
1772219503005,29580200951,7074713753
1772219504005,29607376365,7110630948
1772219505006,29633314187,7145949220
1772219506017,29660196937,7181441114
1772219507005,29685736677,7216269238
1772219508005,29711008426,7251317490
1772219509005,29736807385,7288955329
1772219510005,29761887112,7325614291
1772219511005,29789019696,7360782150
1772219512005,29814106549,7395755470
1772219513005,29839191342,7430739058
1772219514005,29866529177,7466832544
1772219515005,29892592725,7502031132
1772219516005,29917707515,7537000515
1772219517005,29943208119,7571973759
1772219518005,29968407316,7607011757
1772219519005,29993586296,7642005766
1772219520005,30018833770,7676953773
1772219521005,30045686660,7711925215
1772219522006,30071313585,7746870292
1772219523004,30096395952,7781763111
1772219524006,30126234832,7817828384
1772219525005,30153681243,7854633198
1772219528008,30179704937,7951160951
1772219529006,30256686338,7981670070
1772219530005,30281746352,8016619648
1772219531005,30308338833,8051609584
1772219532005,30333978559,8086553181
1772219533005,30359236668,8121557199
1772219534005,30386494307,8157359776
1772219535005,30412451125,8192592664
1772219536005,30437477800,8227539771
1772219537006,30463385090,8262841046
1772219538005,30488564681,8297903441
1772219539005,30514207352,8335072280
1772219540006,30539597778,8370065542
1772219541005,30566402102,8407333802
1772219542005,30591865430,8442424547
1772219543006,30617047249,8477392511
1772219544005,30644401211,8513235659
1772219545005,30670310989,8548520516
1772219546006,30695522454,8583589183
1772219547005,30722442052,8618730127
1772219548005,30747729913,8653733535
1772219549005,30772930896,8688693779
1772219550005,30798071548,8723626970
1772219551005,30824678525,8758811017
1772219552006,30850292145,8793841692
1772219553005,30875565145,8828731337
1772219554005,30903051211,8864551582
1772219555005,30932383831,8900008443
1772219556005,30958293487,8935732502
1772219557005,30983961242,8972463100
1772219558005,31009490516,9007548780
1772219559005,31034826150,9042537617
1772219560005,31059946570,9077502346
1772219561005,31086951094,9112532135
1772219562006,31112465217,9147409986
1772219563005,31137574514,9182572428
1772219564005,31165139556,9218625022
1772219565006,31191300922,9254093418
1772219566005,31216575738,9289340237
1772219567501,31243456200,9342283392
1772219568005,31268801568,9360017429
1772219569005,31294584278,9397312620
1772219570005,31319833750,9432527412
1772219571005,31345862677,9468250922
1772219572005,31371651306,9505150457
1772219573005,31397042541,9540883381
1772219574005,31424205595,9577116416
1772219575006,31450416185,9612657639
1772219576006,31475853727,9647937232
1772219577005,31501230985,9683193771
1772219578005,31526792224,9718529834
1772219579005,31551990079,9753752805
1772219580005,31577257937,9788955635
1772219581005,31604216794,9824291592
1772219582005,31629292508,9859464760
1772219583005,31655054161,9894667118
1772219584005,31683024913,9930197553
1772219585006,31710124159,9965812898
1772219586005,31738296774,10001066584
1772219587008,31763679998,10036518928
1772219589483,31790767861,10125949667
1772219590004,31841685379,10144405194
1772219591005,31868408820,10179837658
1772219592005,31893630797,10215180953
1772219593005,31919113107,10250406533
1772219594005,31946139373,10286652355
1772219595005,31971891109,10322363170
1772219596005,31997053885,10357566153
1772219597005,32022411323,10393107467
1772219598005,32048288968,10428416630
1772219599005,32078529545,10463924758
1772219600005,32103641482,10499238483
1772219601005,32130258010,10534615072
1772219602006,32155234136,10569941599
1772219603005,32180932346,10605908275
1772219604005,32208748290,10643198018
1772219605005,32235021193,10678595358
1772219606005,32260179606,10713772478
1772219607005,32285410936,10748918167
1772219608240,32312527225,10792477866
1772219609005,32337873998,10819400607
1772219610005,32363119778,10854593595
1772219611005,32389969402,10889596271
1772219612005,32415286590,10924765931
1772219613005,32440826605,10959888748
1772219614005,32468120863,10995837283
1772219615006,32494354141,11031216572
1772219616006,32522438718,11066421722
1772219617005,32550557228,11101512040
1772219618005,32576263830,11136641555
1772219619005,32601580087,11171892952
1772219620005,32626781115,11203616348
1772219621005,32653505609,11238842904
1772219622005,32678544155,11273962075
1772219623005,32704186780,11309213594
1772219624005,32731321913,11345231934
1772219625005,32757110389,11380539175
1772219626006,32782366743,11415904854
1772219627005,32807689179,11451210920
1772219628380,32833558706,11499651988
1772219629005,32865013638,11521670563
1772219630005,32890067411,11556852841
1772219631006,32916765829,11592252591
1772219632005,32941630845,11627382504
1772219633005,32967188102,11662625585
1772219634005,32994161561,11698861626
1772219635006,33020017401,11736323464
1772219636005,33045378395,11771766486
1772219637005,33070291321,11806876044
1772219638005,33095534950,11842069155
1772219639005,33120510862,11877300625
1772219640005,33145442434,11912563236
1772219641006,33172035709,11947897789
1772219642005,33199529785,11983125413
1772219643005,33225791901,12018352016
1772219644005,33253600308,12054213671
1772219645005,33279508941,12089768183
1772219646005,33304671321,12125308688
1772219647005,33329717709,12160557461
1772219648005,33354704225,12195781027
1772219649006,33380986954,12231164512
1772219650006,33406127774,12267043897
1772219651006,33432796561,12303833498
1772219652005,33457642139,12338984955
1772219653005,33482655586,12374148572
1772219654005,33510088447,12410120864
1772219655006,33535941725,12445566479
1772219656005,33561208728,12480826253
1772219657006,33586492364,12516238591
1772219658006,33611671024,12551573784
1772219659005,33641204836,12587471311
1772219660005,33666139337,12622674050
1772219661006,33692961360,12657895632
1772219662005,33717844625,12693061462
1772219663005,33742867791,12728399356
1772219664006,33770695377,12764395832
1772219665005,33796389010,12799712456
1772219666005,33822582403,12836639700
1772219667006,33847882929,12872182433
1772219668005,33873169829,12907342480
1772219669623,33899474759,12964328348
1772219670005,33925086700,12977783692
1772219671006,33951354385,13013180619
1772219672005,33976353595,13048307068
1772219673005,34003370249,13083569282
1772219674005,34032892282,13119432937
1772219675006,34058471221,13154879346
1772219676006,34083948236,13190145024
1772219677005,34109427066,13225333603
1772219678005,34134465933,13260431749
1772219679006,34160076287,13295572570
1772219680005,34185209051,13330639010
1772219681005,34211721062,13365929345
1772219682005,34242021284,13401125782
1772219683006,34267097776,13436307556
1772219684005,34294476197,13472267290
1772219685005,34321207710,13507471829
1772219686005,34346286231,13542785433
1772219687005,34371694585,13577754785
1772219688005,34396814014,13612751816
1772219689006,34427494098,13647742407
1772219690332,34453940576,13694205825
1772219691006,34481069102,13717746203
1772219692005,34506274402,13752673413
1772219693005,34531382098,13787614065
1772219694006,34558147406,13823804744
1772219695005,34583987806,13858793459
1772219696005,34609583910,13893932984
1772219697005,34636152619,13928941778
1772219698005,34664867428,13964023353
1772219699005,34690244640,13999066890
1772219700006,34715921230,14034087540
1772219701005,34742491938,14069389227
1772219702005,34767614388,14104356138
1772219703005,34792726950,14139347142
1772219704005,34822351578,14174980965
1772219705005,34851059383,14210009808
1772219706006,34876436412,14245212898
1772219707006,34901249750,14280289453
1772219708005,34926147861,14315367381
1772219709005,34951252504,14350421385
1772219710036,34977974252,14386507364
1772219711005,35004711440,14420580767
1772219712005,35029725909,14455584099
1772219713005,35059276810,14490550918
1772219714005,35087581529,14526370096
1772219715006,35113301512,14561742473
1772219716005,35138648377,14597006290
1772219717006,35164002595,14632274439
1772219718005,35188904780,14667301925
1772219719005,35215422040,14704084340
1772219720006,35240949971,14739159522
1772219721006,35266234644,14774861868
1772219722005,35291167680,14809810912
1772219723005,35316151770,14844833500
1772219724006,35343301657,14880716868
1772219725005,35369645555,14915857522
1772219726005,35395009478,14951066440
1772219727005,35420091662,14986013867
1772219728005,35445270002,15020985584
1772219729005,35475829380,15055973918
1772219730006,35501276337,15090929034
1772219731041,35529192602,15127240633
1772219732005,35554220224,15161003368
1772219733005,35579125689,15196003572
1772219734005,35606366605,15231886192
1772219735005,35634885501,15267284462
1772219736006,35662115202,15302449651
1772219737005,35687364812,15337485391
1772219738005,35712483951,15372487991
1772219739006,35737648650,15407359692
1772219740005,35763234988,15442384751
1772219741005,35789923549,15477495408
1772219742005,35814869952,15512534017
1772219743005,35839889380,15547434769
1772219744005,35868581316,15582900922
1772219745005,35898711243,15618055415
1772219746005,35923947655,15653135220
1772219747005,35949330207,15688369848
1772219748005,35974467259,15723650845
1772219749005,36004708203,15759053616
1772219750006,36030144922,15794155485
1772219751228,36058002642,15837117390
1772219752005,36083380373,15864329132
1772219753006,36108428181,15899644353
1772219754006,36135648834,15935623572
1772219755006,36161644652,15970813585
1772219756005,36186964296,16006033382
1772219757005,36211817060,16041085449
1772219758005,36236773625,16076317681
1772219759005,36261803352,16111382747
1772219760005,36294503458,16146446012
1772219761005,36323159050,16181674324
1772219762005,36347952201,16216615373
1772219763006,36373182540,16251731324
1772219764005,36400818272,16287349050
1772219765005,36426832232,16322528993
1772219766006,36452197863,16357867391
1772219767005,36477223394,16392947806
1772219768005,36502156751,16428032357
1772219769005,36527187973,16463157234
1772219770006,36552126900,16498163770
1772219771006,36579045887,16533374138
1772219772006,36604857952,16568634705
1772219773005,36629783986,16603815014
1772219774005,36656942188,16639806515
1772219775006,36683343518,16674847458
1772219776006,36714901914,16710075495
1772219777005,36740820037,16745268316
1772219778005,36766133319,16780353110
1772219779006,36791901731,16817511009
1772219780006,36817373589,16852576747
1772219781006,36844575734,16887601577
1772219782005,36869624274,16922546486
1772219783006,36896021835,16957564268
1772219784006,36924150507,16992883913
1772219785006,36950183386,17027952809
1772219786006,36976232027,17063029822
1772219787006,37002036997,17097971115
1772219788006,37027973110,17133041445
1772219789005,37053383951,17167971279
1772219790005,37079072046,17202952121
1772219791005,37107827242,17238019826
1772219792362,37138599134,17285525014
1772219793005,37163753000,17308027162
1772219794005,37191542578,17343909019
1772219795005,37217845844,17379060201
1772219796005,37244721392,17414281295
1772219797006,37270600074,17449379868
1772219798006,37296084077,17484514037
1772219799005,37321825437,17519542850
1772219800006,37347322822,17554511485
1772219801005,37374406168,17589772952
1772219802005,37399969528,17624688566
1772219803006,37426089561,17659756287
1772219804006,37454032879,17695541866
1772219805006,37479829641,17730731483
1772219806006,37505728112,17766040692
1772219807005,37531347317,17802842027
1772219808005,37557370003,17838775349
1772219809005,37587885927,17874138312
1772219810005,37613117700,17909269842
1772219811006,37640544825,17944486008
1772219812006,37666210353,17979608718
1772219813005,37692391555,18014766629
1772219814006,37719995093,18050541223
1772219815006,37745714450,18085929377
1772219816006,37772171029,18121155643
1772219817005,37797254830,18156327042
1772219818006,37822717533,18191525265
1772219819005,37848541225,18226692300
1772219820005,37873815415,18261888874
1772219821005,37901044613,18297097487
1772219822005,37926165430,18332111683
1772219823005,37951645817,18369552633
1772219824005,37979210401,18405513161
1772219825006,38004888074,18440991474
1772219826006,38030625421,18476393147
1772219827005,38055586746,18511492757
1772219828005,38081223375,18546662996
1772219829006,38106560596,18581847029
1772219830005,38131995392,18616939132
1772219831005,38158122383,18652534139
1772219832005,38183927704,18687706667
1772219833170,38210505431,18728674870
1772219834005,38238451435,18758282561
1772219835005,38264110737,18793800637
1772219836006,38289502719,18828892969
1772219837005,38315462726,18864167115
1772219838006,38341175600,18899737831
1772219839005,38371863145,18936952261
1772219840006,38397502948,18972288385
1772219841005,38424537469,19007379023
1772219842006,38450403227,19042470470
1772219843006,38476023881,19077636331
1772219844006,38504192117,19113569149
1772219845006,38531424123,19148793906
1772219846006,38556682079,19183894614
1772219847006,38582680841,19219043782
1772219848005,38608643060,19254176105
1772219849005,38634526365,19289412030
1772219850006,38660174346,19324515363
1772219851005,38687324828,19359771627
1772219852005,38712931933,19394807352
1772219853005,38738321840,19429903269
1772219854005,38767863266,19467034726
1772219855005,38794266624,19503011931
1772219856006,38819708622,19537971182
1772219857006,38846503120,19573095846
1772219858006,38872599686,19608127512
1772219859005,38898005537,19643189725
1772219860006,38923623414,19678255172
1772219861005,38950756456,19713393461
1772219862005,38977237341,19748375569
1772219863005,39003675198,19783376384
1772219864006,39031354568,19819284759
1772219865006,39057663281,19854266959
1772219866005,39083599287,19889245329
1772219867005,39109993720,19924342223
1772219868006,39135800079,19959572014
1772219869005,39166806334,19994885267
1772219870005,39192242213,20032051466
1772219871005,39219592148,20067604971
1772219872005,39245586546,20102665215
1772219873005,39271114691,20137748408
1772219875089,39299923046,20211974046
1772219876005,39352032839,20244095951
1772219877006,39378350936,20279178472
1772219878005,39404042555,20314280340
1772219879005,39429476161,20349338143
1772219880006,39455610688,20384357893
1772219881005,39482232938,20419432983
1772219882005,39507922452,20454454594
1772219883006,39534097490,20489486779
1772219884005,39561946818,20525241934
1772219885006,39587794649,20560843700
1772219886005,39616981707,20596520276
1772219887006,39643445961,20631761602
1772219888005,39668881428,20666825264
1772219889006,39694551213,20701864209
1772219890006,39720123712,20736826130
1772219891005,39747060475,20771849283
1772219892005,39772827392,20806797793
1772219893005,39798508224,20841832510
1772219894005,39826034312,20877612993
1772219895492,39853098693,20929925199
1772219896005,39878626349,20947982935
1772219897006,39904329198,20983368861
1772219898005,39930608768,21018586675
1772219899006,39961713605,21053746814
1772219900005,39987663542,21088691906
1772219901006,40014416537,21125087347
1772219902006,40040466139,21161036431
1772219903005,40066500727,21195588371
1772219904006,40094327566,21231089083
1772219905006,40120456128,21266212236
1772219906005,40146153362,21301293719
1772219907005,40171925146,21336489485
1772219908005,40197707336,21371605925
1772219909005,40223233314,21406635409
1772219910005,40249163766,21441767412
1772219911005,40276175004,21476911423
1772219912006,40301841874,21511914114
1772219913006,40327810197,21546938990
1772219914005,40355671442,21582542374
1772219915190,40383747169,21624278313
1772219916005,40409467976,21652776016
1772219917005,40435354257,21690047663
1772219918006,40461660040,21725301455
1772219919006,40487178878,21760385105
1772219920005,40512607067,21795399942
1772219921005,40539564184,21830554618
1772219922006,40565044297,21865618067
1772219923006,40591197088,21900702953
1772219924005,40617853577,21937208358
1772219925005,40643752476,21972493170
1772219926005,40669135242,22007571785
1772219927005,40694675410,22042838485
1772219928005,40721007239,22078141988
1772219929005,40751864378,22113376784
1772219930006,40777597376,22148387348
1772219931006,40803604698,22184125353
1772219932006,40829455275,22219258119
1772219933005,40860740003,22254501047
1772219934006,40888212612,22290488703
1772219935006,40914250298,22325649193
1772219936198,40941555526,22367430403
1772219937005,40967234649,22395750243
1772219938006,40993722994,22430802156
1772219939005,41019296119,22465745478
1772219940005,41044762866,22500703403
1772219941005,41071129666,22536370305
1772219942005,41096524441,22571445167
1772219943006,41122658129,22606523904
1772219944005,41150374988,22642162731
1772219945006,41176249673,22677706929
1772219946005,41201963904,22712850040
1772219947005,41228190666,22747816478
1772219948005,41256878056,22782836990
1772219949005,41285441261,22817846487
1772219950005,41311203204,22852849254
1772219951006,41338144666,22888022286
1772219952005,41363445558,22923066021
1772219953005,41389203290,22958085725
1772219954005,41416476934,22994158063
1772219955006,41443130723,23029237273
1772219956457,41469649355,23068042730
1772219957006,41496256241,23082628020
1772219958005,41523470882,23109040839
1772219959005,41550073511,23139857956
1772219960005,41575871706,23164806876
1772219961005,41601768438,23191502349
1772219962005,41627637508,23216486531
1772219963005,41654177883,23241457926
1772219964005,41686419914,23268679327
1772219965005,41713889547,23293924497
1772219966005,41739639330,23318984419
1772219967005,41765334778,23344266864
1772219968005,41790914174,23369344028
1772219969005,41817074870,23394342918
1772219970005,41842608675,23419338543
1772219971005,41869869778,23444712231
1772219972005,41895309517,23469629690
1772219973005,41920789035,23494614985
1772219974005,41948844804,23521422345
1772219975005,41974819306,23546606528
1772219976005,42000348778,23571582303
1772219977005,42026828137,23596913375
1772219978005,42052460860,23622104303
1772219979005,42078946017,23647140499
1772219980005,42109422910,23672975009
1772219981005,42136412237,23698006444
1772219982005,42161899750,23723036980
1772219983005,42187890410,23748219775
1772219984005,42215791601,23775142073
1772219985005,42242645193,23800506072
1772219986005,42268852135,23825607801
1772219987005,42295474476,23852267189
1772219988006,42321893337,23878198984
1772219989005,42352539595,23905339365
1772219990005,42380948160,23932887059
1772219991006,42410093122,23964260223
1772219992006,42436803319,23999061081
1772219993006,42463889748,24034290964
1772219994006,42494229319,24070199294
1772219995005,42523981779,24105437431
1772219996005,42554014649,24140367692
1772219997006,42580862168,24175676444
1772219998006,42608340041,24210856235
1772219999006,42635314537,24245750319
1772220000006,42662381680,24280809328
1772220001005,42690398038,24315286152
1772220002006,42716629287,24349655301
1772220003006,42742807697,24384326756
1772220004006,42771686116,24419666237
1772220005006,42804212221,24449279986
1772220006005,42838544948,24475836519
1772220037446,42867326373,25294985060
1772220039227,43695528736,25340289861
1772220040005,43746667861,25359801303
1772220041005,43773335885,25385265807
1772220042005,43800364517,25410740045
1772220043005,43829032483,25435964036
1772220044005,43856515025,25463073749
1772220045005,43882344255,25489478679
1772220046005,43907520978,25514796187
1772220047005,43933234263,25542307032
1772220048005,43959543174,25576238032
1772220049006,43990555548,25611369775
1772220050006,44017041269,25645029869
1772220051005,44044767450,25679980897
1772220052006,44070970792,25714473208
1772220053006,44097032295,25749200706
1772220054006,44126930194,25784431001
1772220055005,44154277061,25819019056
1772220056006,44180656495,25853473970
1772220057005,44207349390,25888008042
1772220058005,44234262778,25925761262
1772220059005,44260691068,25960833194
1772220060005,44287260037,25995226679
1772220061005,44314668303,26025640725
1772220062005,44340594971,26050899230
1772220063005,44366253480,26076072504
1772220064005,44394576768,26104958523
1772220065005,44422269138,26133649025
1772220066005,44448762595,26161322994
1772220067005,44482383720,26189416054
1772220068005,44516372944,26214905260
1772220069005,44550102096,26240245960
1772220070005,44583662189,26265447614
1772220071005,44618266677,26291054597
1772220072005,44651953564,26316447784
1772220073005,44685619227,26341741871
1772220074005,44720530035,26374341320
1772220075005,44754510898,26400114661
1772220076005,44787759956,26425551913
1772220077005,44821161839,26451138298
1772220078005,44854504597,26476782922
1772220079005,44887808203,26507948043
1772220080005,44921200932,26533133630
1772220081005,44949466331,26565916527
1772220082005,44974580633,26600423928
1772220083005,44999697986,26634871396
1772220084005,45026726022,26670212372
1772220085005,45052402261,26704731674
1772220086005,45077862019,26739145697
1772220087005,45103089017,26773614938
1772220088005,45128563178,26808183478
1772220089005,45153817854,26843246133
1772220090005,45179421602,26879138213
1772220091005,45205194271,26914297024
1772220092006,45231510919,26948750366
1772220093006,45257481316,26983143775
1772220094005,45285123167,27018331454
1772220095006,45311287600,27052801137
1772220096006,45337637129,27087166883
1772220097005,45363475011,27121626741
1772220098005,45388923249,27156246426
1772220099005,45414859835,27190561973
1772220100006,45440481938,27224844868
1772220101005,45468019684,27259201200
1772220102005,45493372453,27293665543
1772220103006,45518697818,27328031319
1772220104005,45545992534,27363303497
1772220105005,45572142458,27399633162
1772220106005,45598157698,27434397050
1772220107006,45624141661,27468869632
1772220108006,45650749705,27504425212
1772220109006,45676849674,27540991833
1772220110005,45702508427,27575368580
1772220111005,45730491217,27610184925
1772220112005,45756355709,27644485306
1772220113005,45781962906,27679022018
1772220114005,45810060467,27714143569
1772220115005,45836312558,27748474985
1772220116005,45862807129,27782775701
1772220117005,45888240765,27817101547
1772220118006,45914423066,27851649123
1772220119005,45940113815,27885955698
1772220120005,45965653159,27920241065
1772220121005,45993458423,27956899112
1772220122006,46018870805,27991196182
1772220123005,46044579192,28025650424
1772220124006,46072444038,28060830459
1772220125006,46098581297,28095288745
1772220126005,46124387519,28129739173
1772220127005,46149564577,28164235909
1772220128005,46175707649,28199015146
1772220129005,46201609233,28233422867
1772220130005,46226938978,28267941758
1772220131005,46254019884,28302432375
1772220132005,46279390459,28336832192
1772220133005,46305369584,28371310054
1772220134005,46333469144,28406723445
1772220135005,46359442899,28441252421
1772220136005,46385660934,28476364298
1772220137006,46411143701,28512251816
1772220138006,46437524310,28546998325
1772220139005,46463222657,28583697264
1772220140006,46488546680,28618078588
1772220141006,46515836315,28652524973
1772220142005,46540893262,28686854099
1772220143005,46566301677,28721434922
1772220144006,46593751277,28756673365
1772220145005,46619883394,28791159679
1772220146005,46645266939,28825494864
1772220147005,46670543753,28859810380
1772220148005,46696117809,28894686155
1772220149005,46721351780,28929037925
1772220150005,46746482636,28963388138
1772220151005,46773000186,28997807669
1772220152006,46798634358,29033964460
1772220153005,46824828637,29068840342
1772220154005,46852595542,29103991921
1772220155005,46879251100,29138368500
1772220156005,46905249755,29172774969
1772220157005,46931097189,29207143019
1772220158006,46957243862,29241896654
1772220159006,46983008002,29276288339
1772220160005,47009141966,29310706160
1772220161005,47036452916,29345087744
1772220162005,47062508301,29379497082
1772220163005,47088378606,29414183490
1772220164005,47115856250,29449356323
1772220165005,47141871918,29484034523
1772220166005,47167391686,29518491100
1772220167005,47193341943,29552889467
1772220168005,47219905266,29589841581
1772220169005,47245797894,29626305958
1772220170005,47271038120,29660698147
1772220171005,47298062754,29695195615
1772220172005,47324655220,29729700560
1772220173005,47350408344,29764321755
1772220174005,47378501542,29799243396
1772220175005,47404592447,29833828735
1772220176005,47430075504,29868365996
1772220177005,47455908214,29902672068
1772220178005,47482465571,29937175121
1772220179005,47508224356,29971394558
1772220180005,47533989762,30005555404
1772220181005,47561522350,30039817319
1772220182005,47587468015,30074112558
1772220183005,47613187235,30109250847
1772220184006,47641561042,30145592931
1772220185006,47668329983,30179925934
1772220186005,47694086128,30214167006
1772220187005,47719907119,30248321399
1772220188005,47745929760,30282769706
1772220189005,47771642679,30317031896
1772220190005,47797060447,30351283771
1772220191005,47824008913,30385468801
1772220192005,47850017303,30419622186
1772220193005,47875504968,30454180717
1772220194005,47902951318,30486997273
1772220195005,47928351372,30521896377
1772220196005,47953953853,30556378099
1772220197005,47979826615,30590863956
1772220198005,48005353997,30625524227
1772220199005,48030947827,30664128036
1772220200006,48056925197,30698798209
1772220201005,48083981064,30733342413
1772220202005,48110452153,30767636370
1772220203005,48136239196,30802059593
1772220204006,48164724768,30837284196
1772220205005,48190867932,30871841079
1772220206006,48216257198,30906225119
1772220207005,48241792651,30940546785
1772220208006,48267729436,30975289510
1772220209006,48293337761,31009875918
1772220210006,48318624722,31044223552
1772220211006,48343960967,31079332744
1772220212006,48369655530,31113597437
1772220213006,48395174963,31147988496
1772220214006,48422603369,31183327275
1772220215005,48448679596,31219994202
1772220216006,48474381178,31254252409
1772220217006,48499871285,31288126527
1772220218006,48526170706,31322617694
1772220219005,48552077066,31357060844
1772220220006,48577608415,31389641114
1772220221005,48602925800,31424698963
1772220222005,48628592381,31458948046
1772220223005,48654748636,31493311183
1772220224005,48683028591,31528524358
1772220225005,48709227234,31563073231
1772220226006,48735218291,31597439557
1772220227005,48760509875,31631701777
1772220228006,48786597714,31666042591
1772220229005,48817386740,31700877521
1772220230006,48842999765,31735776931
1772220231006,48868759480,31772235235
1772220232005,48894576398,31806427757
1772220233005,48921492150,31840942146
1772220234005,48949482555,31876213134
1772220235005,48975560048,31910873344
1772220236005,49001056563,31945171253
1772220237005,49026423369,31979426089
1772220238005,49052695570,32013702896
1772220239005,49078596987,32048362938
1772220240005,49103835962,32081473836
1772220241005,49130602430,32115808761
1772220242005,49155632020,32150196127
1772220243006,49181583452,32184551315
1772220244005,49209289080,32219989912
1772220245006,49235224873,32254417742
1772220246006,49261003172,32290610146
1772220247005,49286661895,32325398309
1772220248005,49313187699,32360057696
1772220249006,49339238140,32394576739
1772220250006,49364780582,32428712547
1772220251005,49391481502,32463296131
1772220252005,49416874048,32497800282
1772220253005,49442326910,32532319676
1772220254006,49469738655,32567835326
1772220255006,49495877806,32602307176
1772220256006,49521584805,32636495304
1772220257006,49546986613,32670940956
1772220258006,49573101870,32705458595
1772220259005,49604043904,32740433990
1772220260005,49630341906,32774746348
1772220261005,49657256484,32809149293
1772220262005,49683324930,32845801100
1772220263005,49709534527,32880334287
1772220264006,49737171831,32915806391
1772220265005,49763000344,32950234710
1772220266005,49788717001,32984319144
1772220267006,49814032022,33018738247
1772220268006,49840203124,33052986079
1772220269005,49866676883,33087529596
1772220270005,49893003799,33121833074
1772220271005,49920026022,33156115389
1772220272005,49945848081,33190319553
1772220273006,49971430407,33224632308
1772220274005,49999536345,33260028656
1772220275005,50025848674,33294440420
1772220276005,50051703264,33328596338
1772220277005,50077110565,33363685252
1772220278005,50102697224,33399497395
1772220279005,50129667158,33434099472
1772220280005,50155521045,33468327423
1772220281005,50182312232,33502900449
1772220282005,50208305028,33537219018
1772220283005,50233763307,33571457054
1772220284005,50262214731,33607022262
1772220285005,50288429562,33641532974
1772220286005,50313614447,33675847087
1772220287005,50339024373,33710025923
1772220288005,50365385864,33744188432
1772220289005,50392097129,33780772737
1772220290005,50418005671,33814997530
1772220291005,50445197044,33849403770
1772220292005,50471052885,33883753358
1772220293005,50497131812,33920048081
1772220294006,50525518803,33955422290
1772220295005,50552170592,33989709640
1772220296005,50577725301,34023870654
1772220297005,50603122150,34058258219
1772220298005,50628603468,34092750652
1772220299005,50654895108,34127037667
1772220300006,50680577007,34161383944
1772220301005,50707566486,34195705945
1772220302005,50733433114,34230040565
1772220303005,50759262971,34264268714
1772220304005,50787512898,34299381339
1772220305006,50813635235,34334213400
1772220306006,50839165058,34368565109
1772220307006,50864915557,34402836423
1772220308006,50890518192,34437083858
1772220309005,50922550318,34471582379
1772220310005,50948594336,34505890938
1772220311005,50975209750,34540380228
1772220312005,51000522696,34574706853
1772220313005,51026160560,34608941441
1772220314005,51053735688,34644471357
1772220315005,51079756406,34679151464
1772220316005,51105577565,34713342414
1772220317005,51130975437,34747889028
1772220318005,51157174980,34782243651
1772220319005,51184226315,34818936883
1772220320005,51209757404,34853346236
1772220321005,51236769405,34887885756
1772220322005,51262213554,34922261389
1772220323005,51288004868,34956654874
1772220324005,51315826214,34992536319
1772220325005,51342528126,35028647321
1772220326005,51368345349,35063000449
1772220327005,51394301831,35097295016
1772220328006,51419656797,35131536852
1772220329006,51446083775,35165982855
1772220330005,51472424408,35200364835
1772220331006,51499269593,35234733343
1772220332006,51524616518,35269114133
1772220333005,51550437723,35303647565
1772220334006,51578876255,35338500590
1772220335005,51605241209,35373117712
1772220336005,51631268824,35407591957
1772220337006,51656963220,35441927431
1772220338005,51682295345,35476310068
1772220339005,51708059241,35510730255
1772220340006,51734749358,35546904699
1772220341005,51762543728,35581682594
1772220342005,51788088351,35616017717
1772220343005,51813389457,35650419884
1772220344005,51841365610,35685753979
1772220345006,51868246651,35720274609
1772220346006,51893477707,35754558694
1772220347006,51919071720,35788986678
1772220348006,51944723378,35823526761
1772220349005,51970761033,35860199654
1772220350006,51996821697,35894566346
1772220351005,52022647907,35929487987
1772220352005,52048179729,35963969373
1772220353005,52073651083,35998380451
1772220354006,52100585374,36033513690
1772220355006,52127369176,36068041216
1772220356006,52153843270,36104638002
1772220357006,52180017866,36139052894
1772220358005,52206573011,36173484494
1772220359005,52233260367,36208026576
1772220360005,52258963231,36242454666
1772220361005,52285383602,36277005965
1772220362005,52310286703,36311496811
1772220363005,52335648352,36345896293
1772220364005,52363166964,36381079257
1772220365005,52389407031,36416091363
1772220366005,52414880568,36450626167
1772220367006,52439960066,36484895223
1772220368006,52465343931,36519153431
1772220369005,52490642290,36553598335
1772220370005,52516484459,36588194126
1772220371005,52543100728,36623244926
1772220372006,52568086710,36659312854
1772220373005,52593000217,36693796087
1772220374005,52620228942,36729301346
1772220375005,52647614137,36761218122
1772220376005,52672744902,36786506212
1772220377006,52697904566,36812286694
1772220378005,52724058213,36838797026
1772220379005,52751456301,36870263951
1772220380005,52779260253,36897614022
1772220381005,52806363313,36928300683
1772220382005,52832799812,36963905684
1772220383006,52858791357,36999644314
1772220384005,52886623078,37036143327
1772220385005,52913557934,37071777806
1772220386005,52945198113,37100454134
1772220387005,52979426522,37130646298
1772220388005,53013468447,37157114366
1772220389005,53047904655,37183053591
1772220390005,53083870629,37208762436
1772220391006,53120125254,37236598598
1772220392005,53154484821,37262430865
1772220393005,53188514189,37287555069
1772220394005,53223641691,37314871695
1772220395005,53258517588,37340338731
1772220396005,53292691037,37365588906
1772220397005,53327274957,37391588980
1772220398005,53361310932,37416785523
1772220399005,53395668653,37442303704
1772220400005,53429788501,37467435293
1772220401005,53464530188,37494305638
1772220402005,53498631101,37520064773
1772220403006,53532675209,37550940114
1772220404005,53567707256,37578283747
1772220405005,53601903471,37604105349
1772220406005,53636184413,37629079765
1772220407005,53670364057,37654743874
1772220408005,53704798815,37681247005
1772220409005,53739284519,37712620169
1772220410005,53773499699,37737827087
1772220411005,53808248207,37764526298
1772220412005,53842644729,37790318177
1772220413005,53876494602,37815657199
1772220414006,53911404372,37843184965
1772220415005,53945502416,37868901836
1772220416005,53979592999,37894088354
1772220417005,54013575724,37919373484
1772220418005,54047838005,37947023406
1772220419006,54082182664,37976547163
1772220420005,54116197965,38001772467
1772220421005,54152209896,38028409487
1772220422005,54187851425,38053702704
1772220423005,54222040712,38079453859
1772220424005,54256565660,38107294750
1772220425006,54290726994,38133176194
1772220426005,54324933249,38158351726
1772220427005,54358896504,38183593402
1772220428005,54393099584,38209578355
1772220429005,54427214626,38235166418
1772220430005,54461170527,38260409009
1772220431005,54495576371,38287368995
1772220432005,54529464007,38312707803
1772220433005,54563727220,38338684884
1772220434005,54598766271,38370245706
1772220435005,54633077317,38397050624
1772220436005,54667275469,38422297762
1772220437006,54701483279,38447696031
1772220438005,54735921028,38473671845
1772220439005,54770355831,38504942002
1772220440005,54804401114,38530239293
1772220441005,54839090161,38557140643
1772220442005,54873063502,38582412819
1772220443005,54907382253,38608205232
1772220444005,54941898947,38636050884
1772220445005,54976048899,38661873324
1772220446005,55010402713,38687006577
1772220447005,55044235055,38712266638
1772220448005,55077978717,38738046433
1772220449005,55112419959,38763648655
1772220450005,55146780762,38794511515
1772220451006,55181482367,38821578841
1772220452005,55218320702,38846663878
1772220453005,55253112818,38872389598
1772220454005,55287913127,38900131496
1772220455006,55322343612,38925947101
1772220456005,55357048696,38951135816
1772220457005,55391477900,38976328132
1772220458005,55425792471,39001703727
1772220459005,55460139297,39027589397
1772220460006,55494373534,39052858018
1772220461005,55529187667,39079502804
1772220462005,55563431380,39104492936
1772220463005,55597638473,39129475150
1772220464005,55633119792,39157494407
1772220465005,55667658228,39185419934
1772220466005,55701821531,39214005446
1772220467005,55736169135,39239148326
1772220468005,55770385383,39264305106
1772220469005,55805381056,39295730926
1772220470006,55839734153,39321161297
1772220471005,55874692794,39346853831
1772220472005,55909020792,39372123902
1772220473005,55943171690,39397405325
1772220474005,55978327556,39426051151
1772220475005,56012469162,39452310566
1772220476005,56046646808,39477715762
1772220477005,56081034129,39502985604
1772220478005,56115086048,39528363274
1772220479005,56149469676,39554250378
1772220480005,56183442376,39579842087
1772220481005,56220017938,39606962923
1772220482005,56254606237,39632278829
1772220483005,56290445433,39657579217
1772220484005,56326646701,39685522642
1772220485006,56360562916,39711644369
1772220486006,56394318205,39737054828
1772220487005,56428366783,39762423054
1772220488005,56462148117,39787785695
1772220489005,56496233192,39813809923
1772220490005,56530404353,39839414204
1772220491006,56564629557,39866153682
1772220492005,56598812634,39891442337
1772220493005,56632642321,39916710729
1772220494005,56667629937,39944701744
1772220495005,56701635656,39970772783
1772220496006,56735430554,39996129046
1772220497005,56771939866,40021532930
1772220498005,56805489889,40047007686
1772220499005,56839261122,40078091223
1772220500005,56873591668,40104028160
1772220501005,56907702544,40131159188
1772220502005,56941995525,40156775661
1772220503005,56975749547,40182142299
1772220504005,57010493920,40209907480
1772220505006,57044865891,40236587955
1772220506005,57078738300,40261965945
1772220507005,57112857569,40287491084
1772220508005,57146741391,40312852947
1772220509005,57180648176,40338258433
1772220510006,57215057896,40364389299
1772220511005,57249597506,40389828825
1772220512005,57284215360,40415156449
1772220513005,57319969600,40440442418
1772220514005,57356956578,40468320905
1772220515005,57392925238,40495305319
1772220516005,57427009337,40520550519
1772220517005,57461048257,40545561829
1772220518005,57495176741,40570797386
1772220519005,57529117521,40595903739
1772220520005,57563407251,40621993256
1772220521005,57598067202,40647401533
1772220522005,57632269245,40672736832
1772220523005,57666566116,40697899746
1772220524005,57701847388,40725468953
1772220525005,57736453112,40751851576
1772220526005,57770590720,40777013132
1772220527005,57804703122,40802336682
1772220528006,57840637742,40827778222
1772220529005,57877444508,40854601954
1772220530005,57912017489,40880486220
1772220531005,57946332013,40907133402
1772220532005,57980329691,40932325779
1772220533005,58014661594,40957578562
1772220534005,58049839859,40984866870
1772220535005,58084907092,41010730751
1772220536005,58119248593,41035926042
1772220537005,58153338718,41060973118
1772220538005,58187758920,41086177319
1772220539005,58221782551,41111235762
1772220540005,58256021366,41136622617
1772220541005,58290630477,41163751753
1772220542005,58324609723,41188989309
1772220543005,58358878229,41214039009
1772220544005,58395812797,41241842670
1772220545006,58432726827,41267674418
1772220546005,58468097099,41293408912
1772220547005,58502078450,41318552357
1772220548005,58536235558,41343865836
1772220549005,58569943059,41368883708
1772220550005,58605208386,41394120440
1772220551005,58639851049,41421574632
1772220552005,58673869859,41446642717
1772220553005,58708247415,41471691211
1772220554005,58743065286,41499055855
1772220555005,58777338171,41524321195
1772220556005,58811614948,41549964889
1772220557006,58845712565,41575213781
1772220558005,58879990547,41600288535
1772220559005,58914294971,41631780924
1772220560005,58948519459,41662074768
1772220561006,58983223581,41689483202
1772220562005,59017174661,41714509297
1772220563005,59051500644,41739644441
1772220564006,59086433164,41767175412
1772220565005,59120674466,41792784607
1772220566005,59155068042,41818515286
1772220567005,59188957693,41843663628
1772220568005,59223302200,41868767280
1772220569005,59257443668,41893701721
1772220570005,59291464629,41918995762
1772220571005,59325987868,41946062233
1772220572005,59360044670,41970968370
1772220573005,59394238642,41996008060
1772220574005,59429200045,42023197221
1772220575005,59463448152,42053018463
1772220576005,59500051621,42080752869
1772220577005,59534567963,42105778827
1772220578005,59568792206,42130819936
1772220579005,59602797772,42155826379
1772220580006,59636935258,42181191934
1772220581005,59671679906,42206575158
1772220582005,59706025161,42232186657
1772220583005,59740309719,42257227431
1772220584005,59774794996,42285136663
1772220585006,59809066463,42310653349
1772220586005,59842603501,42335638568
1772220587005,59877809749,42361299426
1772220588005,59912185626,42386467894
1772220589005,59946493209,42416968605
1772220590005,59980767315,42442379294
1772220591005,60014948867,42473918144
1772220592005,60049158767,42499434449
1772220593005,60083123945,42524461872
1772220594006,60118207748,42551782190
1772220595005,60152471738,42577481606
1772220596005,60186517753,42602492153
1772220597005,60220921751,42628127699
1772220598005,60255175915,42653221494
1772220599005,60289507132,42678238831
1772220600006,60323783191,42703734003
1772220601005,60358598682,42729176749
1772220602005,60393085912,42754789987
1772220603005,60427020727,42779842036
1772220604005,60462425344,42807713001
1772220605006,60496968342,42833351278
1772220606005,60531123314,42859509990
1772220607006,60568076497,42890038349
1772220608005,60603121697,42915154786
1772220609005,60637422184,42940247040
1772220610005,60671732620,42965482094
1772220611005,60706365717,42990802577
1772220612005,60740596689,43016516656
1772220613005,60774625568,43041579767
1772220614005,60809357003,43069523482
1772220615006,60843652638,43095098179
1772220616005,60877638170,43119993452
1772220617005,60911994838,43145491660
1772220618005,60947127863,43170631717
1772220619005,60981556487,43201508844
1772220620005,61015589548,43226765411
1772220621005,61049839256,43253153527
1772220622005,61084177584,43282483752
1772220623005,61118406755,43309511498
1772220624005,61153692299,43336932688
1772220625005,61188296680,43362185547
1772220626005,61222413095,43387086313
1772220627005,61256499452,43412121624
1772220628005,61290839229,43437765379
1772220629005,61325182393,43462720143
1772220630005,61359526641,43488031349
1772220631005,61394411143,43513405541
1772220632005,61428412650,43538347717
1772220633005,61462835065,43563891318
1772220634005,61497884171,43591322593
1772220635006,61532252083,43617048588
1772220636006,61566368376,43642358894
1772220637005,61600385996,43667568573
1772220638006,61636990243,43699223064
1772220639005,61673077747,43724602047
1772220640005,61707867223,43750005533
1772220641005,61742137363,43776942022
1772220642005,61776327840,43802142898
1772220643005,61810700345,43827944114
1772220644005,61846078902,43855439259
1772220645005,61880630902,43880991679
1772220646005,61914765963,43906136558
1772220647005,61948850504,43931381606
1772220648005,61983280364,43957236958
1772220649005,62017964346,43988305374
1772220650005,62052271013,44013653032
1772220651006,62086736470,44040506547
1772220652005,62120963460,44065597230
1772220653005,62155542940,44092566233
1772220654006,62191494480,44123773573
1772220655005,62225858395,44149983964
1772220656005,62260037642,44175254248
1772220657005,62294168003,44200490095
1772220658005,62328631675,44226327306
1772220659005,62362757703,44251581462
1772220660005,62397128728,44277108157
1772220661005,62431936895,44302791720
1772220662005,62466119804,44328045297
1772220663005,62500492721,44353667781
1772220664005,62535863252,44381151345
1772220665005,62570674074,44406555275
1772220666005,62604890231,44431877970
1772220667005,62639011620,44457033591
1772220668006,62673282202,44482516343
1772220669005,62710309202,44512642745
1772220670005,62745151028,44539689457
1772220671005,62780007228,44565238093
1772220672005,62814377673,44590415395
1772220673005,62848672363,44615603683
1772220674005,62884040849,44643914307
1772220675005,62918689310,44669999582
1772220676005,62952944024,44695196933
1772220677005,62987120464,44720486855
1772220678005,63021363749,44745649784
1772220679005,63056106169,44776938571
1772220680005,63090685985,44802044816
1772220681005,63125321050,44828922333
1772220682005,63159768960,44854167136
1772220683005,63193991510,44879180476
1772220684006,63228896733,44907509654
1772220685006,63262793570,44938954164
1772220686005,63296164144,44964077941
1772220687005,63329448815,44989277565
1772220688005,63362698987,45014560163
1772220689005,63396171652,45040042839
1772220690005,63429535146,45065298414
1772220691005,63463546509,45091204789
1772220692005,63496698787,45116344282
1772220693005,63529951904,45141480494
1772220694005,63564092137,45169197460
1772220695005,63598048388,45194389364
1772220696005,63631490873,45219602309
1772220697005,63664939796,45244776041
1772220698005,63698114854,45269882118
1772220699005,63731490889,45295127013
1772220700005,63767221708,45321819664
1772220701005,63801421828,45351578135
1772220702005,63834367466,45376610730
1772220703005,63867288218,45401670194
1772220704005,63901058552,45429506829
1772220705005,63934684010,45454965778
1772220706005,63967773424,45480214900
1772220707005,64000729850,45505423465
1772220708005,64033742623,45530640270
1772220709005,64069113810,45556430517
1772220710005,64102318239,45581530491
1772220711005,64136326856,45607562089
1772220712005,64169335785,45632749248
1772220713005,64202377991,45658117580
1772220714006,64232264583,45686106840
1772220715006,64258845636,45712792700
1772220716005,64284964494,45743238315
1772220717005,64310051545,45768981964
1772220718005,64335064382,45794098173
1772220719005,64360336558,45819225810
1772220720005,64385380414,45844151019
1772220721005,64412625831,45869928068
1772220722005,64437587736,45894952180
1772220723006,64462936294,45921220505
1772220724005,64492071109,45951177772
1772220725006,64519596846,45976540581
1772220726005,64548886667,46003065836
1772220727005,64574545237,46029079688
1772220728006,64599825943,46054167868
1772220729005,64625351844,46079281880
1772220730005,64650326703,46104462585
1772220731005,64677096788,46130250405
1772220732005,64702182451,46161012502
1772220733005,64727226657,46186011697
1772220734006,64754677462,46212259470
1772220735005,64780179088,46237629359
1772220736005,64805463151,46262992686
1772220737005,64830283416,46288446036
1772220738006,64855183236,46313842001
1772220739005,64885315604,46339276019
1772220740005,64910099311,46364484645
1772220741005,64936909036,46390417615
1772220742005,64961781178,46415738297
1772220743005,64986440974,46440973716
1772220744006,65013655555,46467319034
1772220745005,65039053137,46492766128
1772220746005,65064476291,46518024175
1772220747005,65089511953,46545254563
1772220748005,65114392151,46574162187
1772220749005,65139338402,46599377436
1772220750005,65164085886,46624601427
1772220751005,65191023519,46650505666
1772220752005,65215635161,46675714476
1772220753005,65240439313,46701107206
1772220754005,65267000867,46728272366
1772220755005,65292279909,46753778539
1772220756005,65319212019,46779024182
1772220757005,65347361152,46804353225
1772220758006,65372558290,46829647235
1772220759005,65397286839,46854855923
1772220760005,65422249018,46879984796
1772220761005,65448512964,46906993424
1772220762005,65473249112,46932059267
1772220763006,65498150855,46962577418
1772220764005,65525208110,46989913147
1772220765005,17529977,47015855013
1772220766006,42953741,47040927233
1772220767005,67819414,47065941900
1772220768005,92910814,47092937818
1772220769005,123212271,47120348373
1772220770005,148185818,47145252572
1772220771005,175152837,47171002751
1772220772005,200168756,47195988092
1772220773005,224929346,47221082696
1772220774006,251955262,47247985769
1772220775005,277610231,47273411151
1772220776005,303043242,47298422294
1772220777005,328091507,47323497062
1772220778005,353247845,47348495922
1772220779005,378452291,47379078630
1772220780005,403447016,47403993464
1772220781039,430116489,47430301719
1772220782005,455444891,47454407528
1772220783005,480312288,47479245874
1772220784005,507443072,47506031568
1772220785005,535819214,47531368728
1772220786005,561758927,47556509670
1772220787005,587251857,47581499055
1772220788005,612307293,47606556124
1772220789005,637378140,47631455791
1772220790005,662519540,47656401401
1772220791005,689058100,47681982658
1772220792005,714667920,47706907669
1772220793005,739679475,47731919956
1772220794005,768661741,47759080996
1772220795005,797547286,47784848234
1772220796005,823056740,47809729424
1772220797006,849048743,47834716230
1772220798005,874510225,47859717119
1772220799006,900483552,47890242289
1772220800006,925919645,47915167392
1772220801005,953045150,47940901962
1772220802005,979022413,47965794214
1772220803005,1004284291,47990669240
1772220804006,1032670396,48016818095
1772220805005,1059001722,48042054445
1772220806005,1083929662,48066998682
1772220807005,1110150840,48092139029
1772220808005,1136026486,48117284549
1772220809005,1161365340,48142351734
1772220810005,1186379961,48173029224
1772220811005,1213656245,48198863872
1772220812005,1239673744,48223920117
1772220813005,1265225813,48248974485
1772220814005,1292604601,48275798141
1772220815005,1318846362,48301028647
1772220816005,1344486531,48326159580
1772220817005,1370595562,48351281832
1772220818005,1396180024,48376375444
1772220819005,1421905562,48401584833
1772220820005,1447029308,48426665720
1772220821005,1474141309,48452152210
1772220822005,1499725344,48477211782
1772220823005,1525317114,48502308445
1772220824005,1552850297,48529199877
1772220825005,1578477085,48554575548
1772220826005,1603926620,48585326765
1772220827005,1629609511,48610335406
1772220828005,1655096963,48635421327
1772220829005,1685959136,48660747883
1772220830005,1711163293,48685808477
1772220831005,1738010628,48711528048
1772220832005,1763648524,48736574513
1772220833005,1788947554,48761708299
1772220834006,1816152400,48789102162
1772220835005,1841961490,48814407585
1772220836005,1867826394,48839387983
1772220837005,1893850760,48864377520
1772220838005,1919240346,48889464067
1772220839005,1944618978,48914521609
1772220840005,1969984777,48939471079
1772220841005,1997023738,48967690674
1772220842005,2022602204,48995795864
1772220843005,2048264619,49020915201
1772220844005,2075905447,49048011349
1772220845005,2101687240,49073447610
1772220846006,2126941977,49098778942
1772220847005,2151765232,49124034349
1772220848005,2177829665,49149361455
1772220849005,2203885523,49174471332
1772220850005,2229188383,49199610717
1772220851005,2255792277,49225408913
1772220852005,2281204248,49250615740
1772220853005,2306627020,49275911764
1772220854005,2333855105,49303231900
1772220855005,2359878325,49328838883
1772220856005,2386069064,49353881395
1772220857005,2411251279,49384839450
1772220858005,2436502338,49410091379
1772220859005,2461767938,49441108971
1772220860005,2487508047,49466274738
1772220861005,2514952154,49492091182
1772220862005,2540205212,49517294377
1772220863005,2566222360,49542469421
1772220864006,2593486133,49569617599
1772220865005,2618442529,49595719154
1772220866005,2644083339,49620926301
1772220867005,2669702284,49646019928
1772220868005,2694948095,49671528848
1772220869005,2720196056,49696745821
1772220870005,2745813323,49722021567
1772220871005,2773286649,49747990775
1772220872005,2798229985,49773201980
1772220873006,2823835899,49804460404
1772220874006,2850659479,49831636931
1772220875005,2875973080,49857527041
1772220876005,2901199040,49882807808
1772220877006,2926781229,49908028290
1772220878006,2952155756,49933682252
1772220879006,2978051343,49959060472
1772220880005,3003095489,49984151566
1772220881005,3029060088,50010963046
1772220882005,3054269600,50036131941
1772220883006,3079511123,50061794722
1772220884005,3106646545,50088751992
1772220885005,3132598740,50114286621
1772220886006,3157764538,50139515541
1772220887005,3183134213,50164861642
1772220888006,3208461226,50193203331
1772220889005,3234252160,50226375139
1772220890006,3260031405,50251404301
1772220891005,3286893404,50277062810
1772220892005,3312501943,50302052240
1772220893006,3338135123,50327558169
1772220894006,3364637369,50354956151
1772220895006,3391614566,50380281120
1772220896005,3416894966,50405378531
1772220897005,3442436431,50430495091
1772220898005,3467524901,50455891040
1772220899005,3493073217,50480996203
1772220900006,3519154906,50506029469
1772220901005,3546161749,50531385122
1772220902005,3571672607,50556906813
1772220903005,3597306169,50582001950
1772220904005,3624750398,50614194850
1772220905005,3650164260,50639948920
1772220906005,3675782549,50665306572
1772220907005,3701377584,50690497682
1772220908005,3726569595,50715871263
1772220909268,3752514252,50741329099
1772220910005,3777833805,50766656509
1772220911005,3804754990,50792246372
1772220912005,3830419174,50817805002
1772220913005,3855429585,50843102065
1772220914005,3882605974,50870481188
1772220915005,3908617386,50895930418
1772220916005,3934387019,50921099526
1772220917005,3959985167,50946257283
1772220918005,3985119121,50971415482
1772220919006,4011161445,51002491130
1772220920006,4036703291,51033293691
1772220921005,4063562254,51058665166
1772220922005,4089264690,51084183408
1772220923005,4114542573,51109268933
1772220924005,4142151314,51136368988
1772220925005,4168435187,51161675784
1772220926006,4194146183,51186816727
1772220927005,4219462211,51211947614
1772220928005,4244790995,51237221987
1772220929005,4270596240,51262303866
1772220930005,4295824626,51287557702
1772220931005,4322499546,51312721303
1772220932005,4348442327,51338006402
1772220933005,4373531453,51362982101
1772220934005,4400301019,51390322819
1772220935005,4429249549,51415801055
1772220936005,4457288657,51441216046
1772220937005,4482874736,51466525543
1772220938005,4508687382,51491917526
1772220939005,4534215816,51517080241
1772220940005,4559778032,51542201745
1772220941005,4586767435,51567590141
1772220942005,4612111431,51592907908
1772220943005,4637457547,51617874528
1772220944005,4665546213,51645281497
1772220945005,4691299627,51671063519
1772220946005,4716628456,51696120283
1772220947005,4741742621,51721178542
1772220948005,4767212663,51746283979
1772220949005,4792872957,51776927017
1772220950005,4817797724,51802091579
1772220951005,4849305936,51827827919
1772220952005,4874473290,51853385710
1772220953006,4899574455,51878620641
1772220954006,4926861374,51905732673
1772220955006,4952280652,51931756794
1772220956005,4977561083,51956969937
1772220957005,5002741406,51982201146
1772220958005,5027858745,52007515526
1772220959005,5053767012,52032764113
1772220960005,5079375352,52058022542
1772220961005,5106314648,52083785980
1772220962005,5131726267,52109291528
1772220963005,5156865089,52134470356
1772220964005,5184485944,52161522027
1772220965005,5210505992,52187000354
1772220966005,5235602106,52212389986
1772220967005,5261104937,52243436889
1772220968005,5286768954,52268683126
1772220969005,5312194229,52293945858
1772220970005,5338041434,52319094841
1772220971005,5364438186,52344504797
1772220972005,5389686117,52369897558
1772220973005,5415220441,52395098647
1772220974005,5442635024,52422134984
1772220975005,5468594558,52448080496
1772220976005,5494225343,52473236284
1772220977005,5519781791,52498455835
1772220978005,5545236713,52523844232
1772220979005,5574882686,52550056545
1772220980005,5600732485,52575206932
1772220981005,5627523503,52600847635
1772220982005,5653333799,52629431911
1772220983005,5678387374,52657368546
1772220984005,5705548765,52684623591
1772220985005,5731361258,52710710682
1772220986005,5756536836,52735790592
1772220987005,5781950271,52761035991
1772220988005,5806750929,52786389645
1772220989005,5832449185,52811691651
1772220990005,5858267216,52836981023
1772220991005,5883992677,52863458886
1772220992005,5909367570,52889021346
1772220993005,5934774200,52914283071
1772220994005,5962300548,52941326533
1772220995005,5988470047,52966772498
1772220996005,6013570022,52992183095
1772220997005,6038728709,53017436229
1772220998005,6063992341,53048559620
1772220999005,6089317890,53073727828
1772221000005,6114507429,53098873668
1772221001005,6141011597,53124398990
1772221002005,6166144041,53150015127
1772221003005,6191202239,53175146411
1772221004005,6218204092,53202265477
1772221005005,6244844057,53227850930
1772221006005,6270095589,53253087540
1772221007005,6295289629,53278287134
1772221008005,6320512644,53303547715
1772221009005,6346328005,53334723257
1772221010005,6371985919,53359938674
1772221011005,6398428171,53385637387
1772221012005,6423618076,53411343852
1772221013005,6448656439,53436958876
1772221014005,6476026697,53469609134
1772221015005,6502245693,53495160883
1772221016005,6527433111,53520449416
1772221017005,6552641204,53545787491
1772221018005,6577790889,53571067770
1772221019005,6602781433,53596469868
1772221020005,6628424486,53621649520
1772221021005,6654552895,53647322142
1772221022005,6679453646,53672961930
1772221023005,6704738349,53698223624
1772221024005,6732023330,53725293986
1772221025005,6758025846,53750854950
1772221026005,6783467630,53776192294
1772221027005,6808639348,53801540272
1772221028005,6833868298,53826920520
1772221029005,6859583430,53855469871
1772221030005,6884804843,53883431529
1772221031005,6911652514,53908980165
1772221032005,6936783112,53934467052
1772221033005,6961874649,53959677800
1772221034005,6989213231,53987029916
1772221035006,7015416786,54012724327
1772221036006,7041053003,54037766306
1772221037134,7066648863,54066150931
1772221038005,7092053601,54088068087
1772221039006,7118064524,54119101135
1772221040006,7143272235,54144154649
1772221041006,7169622099,54170851449
1772221042005,7195080057,54196327579
1772221043005,7220256810,54221602273
1772221044006,7247460847,54248794440
1772221045005,7273958500,54279883698
1772221046005,7299748396,54305048230
1772221047005,7324806945,54330368316
1772221048005,7349586105,54355817546
1772221049005,7374570927,54381121795
1772221050005,7399479200,54406347831
1772221051005,7426234652,54432130525
1772221052005,7451544852,54457664864
1772221053005,7476871560,54482945982
1772221054005,7504077367,54510004442
1772221055005,7528886952,54536044432
1772221056005,7553999926,54561370301
1772221057005,7579979402,54586680210
1772221058005,7606393976,54612119508
1772221059005,7632910823,54637627496
1772221060005,7660064860,54664356842
1772221061005,7690431286,54696477496
1772221062005,7722101371,54734983622
1772221063005,7754063310,54766069783
1772221064005,7786510210,54803018022
1772221065005,7817822586,54829514027
1772221066005,7846894096,54854810067
1772221067005,7873433449,54880098905
1772221077878,7899016584,55186105617
1772221078005,8158539280,55190637563
1772221079005,8183536904,55218013436
1772221080005,8209469019,55246942650
1772221081006,8242857902,55273954040
1772221082005,8276732020,55299985073
1772221083005,8302737466,55334487714
1772221084005,8330650069,55369871397
1772221085005,8357098546,55404543936
1772221086005,8383252086,55439233625
1772221087005,8409340138,55473797755
1772221088005,8435179881,55508396430
1772221089005,8461108426,55542710344
1772221090005,8486167677,55577054042
1772221091006,8513150397,55611631310
1772221092006,8538907152,55648237922
1772221093005,8564622696,55682691554
1772221094005,8591554851,55718032653
1772221095005,8622143921,55752428518
1772221096005,8654429346,55786755966
1772221097005,8682851567,55821233263
1772221098005,8711747350,55855802887
1772221122392,8740428133,56560764706
1772221123005,9365831582,56583411408
1772221124005,9393160369,56619679506
1772221125006,9419319432,56654006100
1772221127005,9470290642,56722721769
1772221128005,9495983283,56757218597
1772221129005,9526737979,56791785306
1772221130537,9552355749,56844313992
1772221131005,9579311875,56860391224
1772221132005,9604861472,56894836709
1772221133005,9631039089,56929493608
1772221134005,9658382950,56964741022
1772221135006,9684268361,56999146347
1772221136006,9709593330,57033414152
1772221137006,9734942361,57067853594
1772221138005,9760473969,57102431472
1772221139005,9785882201,57139032912
1772221140005,9811057748,57173300274
1772221141006,9837796859,57207673786
1772221142005,9863075764,57242020399
1772221143006,9889975237,57276533797
1772221144005,9917930105,57311849658
1772221145005,9943382692,57346540079
1772221146005,9968791168,57380851827
1772221147005,9994099140,57415367407
1772221148005,10019254776,57449665773
1772221149006,10045747562,57484132680
1772221150005,10073682366,57515779649
1772221151005,10100552192,57541319237
1772221152005,10126068725,57568429270
1772221153005,10151233989,57602884549
1772221154005,10178896132,57638518723
1772221155005,10204777469,57674769839
1772221156005,10229976560,57709113004
1772221157005,10255718850,57743418191
1772221158005,10281127174,57777714726
1772221159005,10306964872,57814378266
1772221160005,10331980348,57848595231
1772221161005,10358392511,57882950907
1772221162005,10383952697,57917244147
1772221163006,10409540958,57951649671
1772221164006,10437687955,57987220951
1772221165033,10463074002,58022737013
1772221166005,10488172848,58056031891
1772221167005,10513597406,58090338574
1772221168005,10539076099,58124599406
1772221169005,10564545225,58159102077
1772221170005,10589699717,58194830744
1772221171005,10616474150,58229931529
1772221172006,10641775744,58264180887
1772221173006,10667531507,58298655514
1772221174005,10695022761,58333893041
1772221175006,10722698958,58368599498
1772221176005,10747840541,58402930868
1772221177005,10773042790,58437223970
1772221178005,10798674002,58471550518
1772221179005,10824207166,58505994614
1772221180005,10849180652,58540329768
1772221182203,10877954417,58600671435
1772221183005,10929387961,58628097034
1772221184006,10958158216,58663375269
1772221185005,10984338198,58697758989
1772221186005,11014844631,58732062894
1772221187005,11039944652,58766329143
1772221188005,11065601024,58800624473
1772221189005,11091527708,58837334458
1772221190005,11116612653,58871572846
1772221191005,11143227045,58906116287
1772221192005,11168327813,58940475487
1772221193005,11194184707,58975021445
1772221194005,11222125248,59010132773
1772221195005,11247946361,59044644279
1772221196005,11273000241,59078993104
1772221197005,11298093792,59113368600
1772221198005,11323659563,59147811978
1772221199005,11349157588,59182446112
1772221200005,11374423631,59216804779
1772221201005,11404630733,59251373899
1772221202005,11433918052,59285719519
1772221203005,11459709977,59320438488
1772221204005,11487415346,59355825788
1772221205005,11512931757,59390691706
1772221207087,11538249555,59452128302
1772221208005,11591199881,59477072035
1772221209005,11616330265,59511477681
1772221210006,11644177320,59545970419
1772221211005,11671147956,59580325271
1772221212005,11696286609,59614624416
1772221213005,11722168846,59649224997
1772221214006,11749402591,59684413089
1772221215005,11775573830,59719014006
1772221216005,11800751803,59753299388
1772221217005,11829558861,59787781309
1772221218005,11856651195,59822234101
1772221219005,11882152058,59858920360
1772221220005,11907499853,59893454585
1772221221005,11933950863,59928008005
1772221222005,11959005369,59962488506
1772221223005,11984582217,59997215378
1772221224005,12011878870,60032499595
1772221225005,12037649495,60067342458
1772221226005,12064442177,60101862326
1772221227005,12089651063,60136265560
1772221228005,12114750793,60170656711
1772221229005,12140484890,60205006238
1772221230005,12166472667,60239611565
1772221231005,12193535095,60274111566
1772221232951,12220742504,60336074502
1772221233004,12251506599,60337976000
1772221234005,12279267584,60373221736
1772221235005,12305595919,60407854588
1772221236005,12331424814,60442321342
1772221237005,12356536126,60476679169
1772221238005,12381616463,60511082130
1772221239005,12407319373,60545458907
1772221240005,12432725026,60580014829
1772221241005,12459138684,60614668631
1772221242005,12484131471,60648983537
1772221243005,12509446812,60683432790
1772221244005,12537066218,60718576908
1772221245005,12563385215,60753149293
1772221246005,12588438928,60787382523
1772221247005,12613591237,60821619842
1772221248005,12639848455,60855960672
1772221249005,12670144572,60892527598
1772221250005,12695461866,60927076043
1772221251005,12723408465,60961683720
1772221252005,12749826486,60996055707
1772221253005,12775362565,61030654351
1772221254005,12803156660,61065963804
1772221255005,12829253195,61100660725
1772221256005,12854303627,61135072474
1772221257005,12879364389,61169407109
1772221258734,12907625409,61223228010
1772221259005,12933122839,61232658354
1772221260005,12958499166,61267206937
1772221261005,12984738227,61301761104
1772221262005,13009712033,61336081137
1772221263005,13034888862,61370657733
1772221264005,13065300665,61406185025
1772221265005,13093022254,61441173724
1772221266005,13118069207,61475704211
1772221267005,13143063810,61510062572
1772221268005,13168178570,61544528395
1772221269005,13193687550,61578865182
1772221270005,13219023947,61613341670
1772221271005,13246631299,61647847195
1772221272005,13271943635,61682187521
1772221273005,13297237539,61716803300
1772221274005,13324705509,61752187990
1772221275005,13350332525,61786955052
1772221276005,13375776781,61821392389
1772221277006,13402382156,61855673422
1772221278005,13427923621,61890055723
1772221279005,13453935703,61926761802
1772221280005,13484345462,61961075518
1772221281005,13511338344,61995662475
1772221282006,13536560260,62030097584
1772221283005,13563508086,62063010890
1772221284006,13592048220,62094060829
1772221285005,13617812070,62128460569
1772221286005,13643186048,62162970656
1772221287005,13668279584,62197361135
1772221288005,13693398219,62231757809
1772221289005,13718656007,62266109228
1772221290005,13743976521,62300518200
1772221291005,13770599915,62335227266
1772221292005,13795598607,62369630425
1772221293005,13820727251,62404252368
1772221294005,13847985165,62439448271
1772221295005,13874569102,62473890246
1772221296005,13904891035,62508652227
1772221297005,13931503886,62543331998
1772221298005,13956413182,62577761217
1772221299005,13981501835,62612108516
1772221300005,14007011548,62646368158
1772221301005,14033956535,62681156032
1772221302005,14058982905,62715488057
1772221303005,14085399355,62750208918
1772221304005,14112551301,62785428899
1772221305005,14138852126,62819831996
1772221306005,14164340417,62854336819
1772221307005,14189600646,62888635994
1772221308005,14215264709,62923005036
1772221309376,14247448759,62967171941
1772221310005,14273260581,62988839583
1772221311005,14300399955,63024897060
1772221312006,14325649763,63060080802
1772221313006,14350918354,63094566735
1772221314006,14378449446,63129802462
1772221315006,14404369721,63164491906
1772221316005,14430263707,63198893860
1772221317006,14455426926,63233096696
1772221318005,14482060452,63267421917
1772221319005,14507270391,63301776479
1772221320005,14532900016,63336112716
1772221321005,14558823618,63371103246
1772221322005,14583877345,63405462904
1772221323005,14609221921,63439940842
1772221324005,14636559725,63475289310
1772221325006,14662402245,63509975444
1772221326005,14687862873,63544538643
1772221327006,14713356245,63581061566
1772221328006,14738776485,63615447742
1772221330229,14765735570,63679164738
1772221331005,14818858296,63706074876
1772221332006,14843955845,63740399685
1772221333005,14869067797,63774738561
1772221334005,14896897336,63809785302
1772221335005,14923351046,63844129275
1772221336005,14948856990,63878536202
1772221337005,14974314505,63912794380
1772221338005,15001300918,63947201841
1772221339005,15028471006,63983077641
1772221340005,15054301046,64017370774
1772221341005,15080952316,64051845141
1772221342006,15106378416,64086565010
1772221343005,15131608297,64122928578
1772221344006,15159233470,64158361926
1772221345005,15185575721,64192780053
1772221346005,15210818220,64227109149
1772221347006,15236606910,64261627536
1772221348005,15262053058,64295956297
1772221349005,15287543500,64330200955
1772221350082,15314648529,64360519349
1772221351005,15341456926,64392241326
1772221352005,15366844834,64426738855
1772221353005,15392003293,64461044637
1772221354005,15419552421,64496509371
1772221355005,15445443065,64530910180
1772221356005,15471058943,64565249148
1772221357006,15496721693,64599696753
1772221358008,15522985792,64635434361
1772221359005,15549072319,64670527029
1772221360005,15574530856,64704819308
1772221361005,15601665012,64739253730
1772221362005,15627130706,64773825825
1772221363005,15652200896,64808114244
1772221364005,15679679868,64843485949
1772221365005,15705614669,64877935080
1772221366005,15731132285,64912183416
1772221367005,15756622681,64946698614
1772221368005,15781698518,64981048736
1772221369005,15807231804,65017766701
1772221370005,15832279627,65052182463
1772221371005,15859224141,65086629259
1772221372005,15884810052,65121188110
1772221373005,15909822202,65155624287
1772221374005,15937797867,65193054236
1772221376690,15965657907,65269988795
1772221377005,16017981068,65280746570
1772221378005,16043291252,65315010515
1772221379005,16068513855,65349358363
1772221380005,16094122348,65383652427
1772221381005,16120971546,65418130304
1772221382005,16152066022,65448204371
1772221383005,16182386628,65474156124
1772221384005,16210882011,65502508234
1772221385005,16237799442,65529647349
1772221386005,16263498400,22245721
1772221387005,16288539677,47262967
1772221388005,16313665545,72509082
1772221389005,16338795242,97995222
1772221390005,16364096408,128061050
1772221391005,16391160896,153774762
1772221392005,16417233156,182262043
1772221393005,16443963418,208799809
1772221394005,16471824892,236119930
1772221395005,16499137642,262396876
1772221396005,16524508294,287608661
1772221397005,16549537029,312664143
1772221398005,16574659463,337840972
1772221399005,16599957822,368598857
1772221400005,16624996307,393849337
1772221401006,16652443847,420838099
1772221402005,16679393122,448535352
1772221403005,16704978423,474297829
1772221404006,16735064834,502465134
1772221405005,16764375894,532626294
1772221406042,16790207475,560840472
1772221407005,16815796758,591288101
1772221408005,16841319745,626353014
1772221409005,16866865314,661442997
1772221410005,16892423456,696364729
1772221411005,16919897423,731385226
1772221412005,16945308737,766242631
1772221413005,16970775804,801003269
1772221414006,16998789538,837333650
1772221415005,17025514993,865376634
1772221416005,17051258077,890573222
1772221417005,17078737765,916477400
1772221418006,17104010918,941592098
1772221419005,17130618474,967200576
1772221420005,17158228649,994089170
1772221421005,17185438958,1026060859
1772221422005,17212033667,1053000338
1772221423005,17237337244,1078229762
1772221424005,17264051760,1106642858
1772221425006,17291463550,1135225014
1772221426005,17316542468,1160480254
1772221427005,17343639166,1186282142
1772221428005,17377715941,1211904428
1772221429005,17413930895,1245343953
1772221430005,17450334408,1278010385
1772221431005,17486904752,1313276124
1772221432005,17516635056,1347525070
1772221433005,17544661836,1382123302
1772221434006,17574185593,1419339425
1772221435005,17601130687,1447916011
1772221436005,17626505656,1473709660
1772221437005,17653226198,1505353776
1772221438005,17678490730,1530374027
1772221439006,17705620980,1556251687
1772221440005,17733735844,1583669550
1772221441005,17759361823,1610654284
1772221442005,17785600243,1637299788
1772221443005,17810961449,1662448160
1772221444006,17839713777,1690316943
1772221445006,17867352362,1720576975
1772221446005,17894614060,1753610301
1772221447005,17921040931,1787770888
1772221448005,17947260660,1822730719
1772221449005,17973535470,1857567907
1772221450005,17999592487,1892111912
1772221451006,18027422499,1927033705
1772221452006,18054066767,1963725198
1772221453005,18080445743,1999356152
1772221454006,18109149810,2034993058
1772221455005,18136128990,2070003713
1772221456005,18162793261,2104682905
1772221457006,18189621158,2139194883
1772221458005,18215482568,2173852896
1772221459006,18246372099,2208933510
1772221460006,18272013152,2243538868
1772221461006,18299977008,2278639042
1772221462005,18326324415,2313413474
1772221463006,18352335247,2347852305
1772221464005,18380464026,2383667455
1772221465006,18407150085,2418501118
1772221466005,18433211496,2453177456
1772221467005,18459563329,2487942793
1772221468006,18485432413,2526044400
1772221469006,18511451087,2560510696
1772221470005,18537118522,2594988710
1772221471006,18565408136,2630085238
1772221472006,18591105720,2658405749
1772221473005,18616349395,2684422699
1772221474005,18644492715,2720416702
1772221475007,18670839771,2755750568
1772221476006,18696976069,2790486657
1772221477005,18723343358,2825282526
1772221478005,18749025685,2860061596
1772221479005,18774751802,2894830534
1772221480006,18800506009,2929501471
1772221481005,18827695719,2958246902
1772221482005,18852754131,2983504461
1772221483005,18878519522,3011221289
1772221484005,18906902454,3044872595
1772221485005,18934536126,3076235475
1772221486005,18961305921,3110641899
1772221487006,18987975074,3145236164
1772221488005,19014024523,3180526483
1772221489005,19044447800,3216096787
1772221490005,19069800127,3251563352
1772221491005,19098999560,3290027977
1772221492222,19126687795,3332446697
1772221493006,19152143830,3360143278
1772221494006,19179706766,3396680329
1772221495006,19205783665,3432217264
1772221496006,19231270811,3467611155
1772221497006,19256427469,3502795050
1772221498006,19281823891,3538060041
1772221499005,19307124539,3574730157
1772221500005,19332372119,3610497229
1772221501005,19359379771,3645763120
1772221502005,19384651413,3680891934
1772221503006,19410106869,3716035365
1772221504006,19437577448,3752208787
1772221505005,19463508404,3782088712
1772221506006,19489229364,3807977372
1772221507005,19515330340,3833825416
1772221508005,19541216040,3859410961
1772221509005,19567111155,3886259625
1772221510006,19593572112,3917581537
1772221511005,19620471341,3952989465
1772221512006,19647674173,3988364833
1772221513005,19673620158,4023772060
1772221514006,19701893980,4060093836
1772221515005,19728342532,4098083036
1772221516005,19753665197,4132809603
1772221517005,19778861694,4168006666
1772221518005,19804285916,4203424726
1772221519006,19834561008,4238991566
1772221520006,19859824365,4274302256
1772221521006,19886647303,4309756980
1772221522005,19911718242,4344776776
1772221523005,19936800822,4380090745
1772221524006,19964736176,4415858839
1772221525005,19990927998,4451136616
1772221526006,20016473964,4486385297
1772221527005,20041546458,4521323981
1772221528006,20066968896,4556637935
1772221529005,20091993038,4590084753
1772221530005,20117224948,4615558732
1772221531005,20143330395,4647632406
1772221532006,20168954069,4673779949
1772221533670,20196810981,4716512129
1772221534005,20224099640,4726846723
1772221535006,20252281715,4753720608
1772221536006,20284381892,4780151462
1772221537005,20318510285,4805686808
1772221538005,20352835567,4831128516
1772221539005,20386906314,4856692319
1772221540005,20420885590,4882231754
1772221541005,20455729949,4908292861
1772221542005,20489737972,4933847478
1772221543005,20524043143,4959477027
1772221544005,20559498326,4987154490
1772221545005,20594199031,5013531528
1772221546005,20628463112,5042451175
1772221547005,20662557724,5069718320
1772221548005,20696921090,5094828273
1772221549005,20732035530,5127926705
1772221550005,20768725894,5155974571
1772221551023,20811061900,5196337169
1772221552005,20848760222,5227489702
1772221553005,20886531966,5258422383
1772221554005,20926178658,5295516701
1772221555005,20963286816,5327385171
1772221556005,21001475713,5354487102
1772221557006,21041732054,5386957438
1772221558005,21079020516,5412751026
1772221559005,21116914003,5438591761
1772221560005,21155166068,5469130648
1772221561005,21193962371,5505923942
1772221562005,21232004044,5539662065
1772221563005,21269425891,5565066772
1772221564005,21307629192,5596014818
1772221565005,21345546604,5622221440
1772221566006,21383691726,5647409789
1772221567006,21421241603,5675368472
1772221568005,21458841236,5701500040
1772221569005,21495171861,5732334398
1772221570005,21531715229,5760689026
1772221571005,21569476567,5791886143
1772221572005,21607341415,5817749872
1772221573005,21645254890,5844278636
1772221574005,21681043917,5879272996
1772221575005,21715396541,5914629002
1772221576005,21749738698,5949390113
1772221577005,21785079644,5986399552
1772221578005,21821819016,6021679206
1772221579005,21857570295,6058428343
1772221580005,21891835079,6092915726
1772221581005,21926331159,6128174599
1772221582005,21960713796,6162915875
1772221583005,21995116298,6197916888
1772221584005,22030458098,6234041988
1772221585005,22065275680,6269090255
1772221586005,22099471345,6306229768
1772221587005,22133855156,6341344483
1772221588005,22168422781,6377196435
1772221589006,22203122616,6412232785
1772221590005,22237539415,6447125954
1772221591005,22272551002,6482241417
1772221592005,22306940336,6517303340
1772221593005,22342993282,6552496238
1772221594005,22379771684,6589088828
1772221595005,22414424402,6624439874
1772221596005,22448892148,6659296104
1772221597005,22483309603,6694378350
1772221598005,22517752051,6729527366
1772221599005,22552932544,6765273213
1772221600005,22587333734,6800020867
1772221601005,22622058791,6835437065
1772221602005,22656515444,6870335117
1772221603005,22690849392,6905312831
1772221604005,22726384175,6941545057
1772221605005,22761448906,6979623380
1772221606005,22795626978,7014300053
1772221607005,22830024507,7049270047
1772221608005,22864562439,7084385403
1772221609005,22901522091,7121734515
1772221610005,22935867025,7157713505
1772221611005,22970871761,7192745384
1772221612005,23004903616,7227664096
1772221613005,23039060526,7262759296
1772221614005,23074399534,7298352548
1772221615005,23108887908,7333733897
1772221616005,23143146635,7371530099
1772221617005,23177591707,7406470355
1772221618005,23211909924,7441638061
1772221619005,23246145916,7476364476
1772221620005,23281844876,7511386575
1772221621005,23316392466,7546788446
1772221622005,23350631235,7581649055
1772221623005,23384936987,7616719629
1772221624005,23420693149,7655538880
1772221625005,23458201280,7692284431
1772221626005,23492333502,7726904910
1772221627005,23526581624,7761738832
1772221628005,23560869295,7796558473
1772221629005,23595083834,7831247536
1772221630005,23629295062,7866085349
1772221631005,23664368596,7901039352
1772221632005,23698813959,7936117403
1772221633005,23732372892,7971034206
1772221634005,23767650197,8007191135
1772221635005,23802347880,8044053837
1772221636006,23836475983,8078856237
1772221637005,23870857155,8113885294
1772221638005,23905065194,8148690165
1772221639005,23939605110,8185876856
1772221640928,23976140315,8253356398
1772221641005,24011916953,8256091837
1772221642005,24046159002,8291098923
1772221643005,24080391149,8325836857
1772221644005,24116113759,8362032770
1772221645034,24150975298,8402353454
1772221646005,24185203905,8436084177
1772221647005,24219479766,8471100143
1772221648005,24253596303,8505966397
1772221649005,24288186510,8541024719
1772221650005,24322634451,8575872984
1772221651005,24357036862,8611188418
1772221652005,24391341987,8646176690
1772221653005,24425413620,8683236709
1772221654005,24459203407,8719587231
1772221655005,24485609284,8755177004
1772221656005,24518186960,8790428599
1772221657006,24543670902,8825167953
1772221658005,24568837798,8860028043
1772221659006,24594873958,8895035662
1772221660005,24620793165,8929671353
1772221661005,24647831287,8964491634
1772221662005,24673222170,9002879832
1772221663005,24698444453,9037732628
1772221664005,24726726071,9073456016
1772221665005,24753551558,9108491008
1772221666005,24781098656,9143365425
1772221667005,24806709255,9178174981
1772221668005,24831938602,9213109942
1772221669005,24858322507,9250402615
1772221670005,24884538207,9286166192
1772221671005,24910649040,9321611457
1772221672005,24942216179,9357077945
1772221673005,24967455367,9391961914
1772221674005,24995131365,9427884113
1772221675005,25021611243,9462879282
1772221676005,25047409393,9497656948
1772221677006,25072676763,9532554115
1772221678005,25098519100,9568499598
1772221679005,25127191430,9608069467
1772221680005,25154471376,9645828042
1772221681005,25180839901,9680548415
1772221682005,25206041478,9714820553
1772221683005,25231248778,9749169439
1772221684005,25259221239,9784581548
1772221685005,25285996938,9834700325
1772221686005,25315273699,9881808820
1772221687288,25346458884,9949763771
1772221688005,25377603544,9979082079
1772221689005,25403587720,10015290930
1772221690005,25428908859,10049813193
1772221691005,25456212806,10084181777
1772221692005,25482133981,10114416633
1772221693005,25507626270,10148642555
1772221694005,25535529276,10183797032
1772221695005,25562066341,10218195019
1772221696005,25588131964,10252484673
1772221697005,25613717066,10286756781
1772221698005,25639568009,10320959632
1772221699005,25665624080,10357654222
1772221700005,25691049203,10392168276
1772221701005,25719184177,10426675112
1772221702005,25744596025,10461111228
1772221703005,25770125878,10497041621
1772221704006,25797466063,10532839773
1772221705005,25824157248,10567700412
1772221706005,25849940553,10602040113
1772221708482,25877495234,10670788114
1772221709005,25928871529,10687709968
1772221710005,25954675432,10722284993
1772221711005,25982384097,10757128848
1772221712005,26007536330,10791469144
1772221713005,26032880631,10826479571
1772221714005,26061447177,10861802360
1772221715005,26087686711,10896860559
1772221716005,26113389819,10931349529
1772221717005,26138578732,10965726917
1772221718005,26164055274,11000223027
1772221719005,26189757986,11036746117
1772221720005,26215329402,11071322225
1772221721005,26242261069,11105947281
1772221722005,26267434892,11140435060
1772221723005,26293147903,11174875189
1772221724005,26320514194,11210102020
1772221725005,26347132354,11245008967
1772221726006,26372563336,11279440506
1772221727005,26399117032,11313816200
1772221728005,26424509090,11348260799
1772221729005,26454653085,11383028594
1772221730005,26480217421,11417557265
1772221731005,26507284335,11452107022
1772221732005,26532524027,11486568771
1772221733005,26560233318,11516425305
1772221734006,26587191534,11552421552
1772221735005,26613942470,11588781869
1772221736005,26639506578,11623184829
1772221737005,26665009608,11657609410
1772221738005,26690456244,11691919968
1772221739005,26715817329,11726218625
1772221740005,26742223754,11760827614
1772221741005,26769503654,11795132282
1772221742005,26794955311,11829458937
1772221743005,26820042484,11863869923
1772221744005,26847927409,11898686665
1772221745005,26874057650,11933424202
1772221746005,26899815885,11967856748
1772221747005,26925632528,12002238713
1772221748005,26950882992,12036530076
1772221749005,26976061454,12070798797
1772221750005,27001746344,12106958533
1772221751005,27027785082,12142427386
1772221752005,27053485901,12176765912
1772221753006,27080666625,12211118719
1772221754005,27108192514,12246237737
1772221755005,27137294311,12277527440
1772221756006,27170755716,12302799876
1772221757005,27204400918,12327835614
1772221759271,27238171876,12391026880
1772221760005,27291412440,12409772569
1772221761005,27325426641,12435347922
1772221762005,27358753287,12460338344
1772221763005,27392040048,12485343124
1772221764005,27426027945,12512930214
1772221765005,27459508712,12538394870
1772221766006,27494104686,12569970736
1772221767005,27527638367,12594976523
1772221768005,27560944232,12620041114
1772221769005,27594176049,12644988967
1772221770005,27627413161,12669994967
1772221771005,27661601776,12695735335
1772221772005,27694835699,12720758486
1772221773005,27728835131,12745802616
1772221774005,27763153272,12772862542
1772221775005,27796806881,12798212671
1772221776006,27830351472,12825576155
1772221777005,27863839929,12850852725
1772221778005,27896980046,12876093546
1772221779005,27930133238,12901309039
1772221780005,27963333655,12926638448
1772221781005,27997392013,12953797963
1772221782005,28030846460,12983332965
1772221783005,28064072403,13008408664
1772221784005,28098336622,13035752526
1772221785005,28132012569,13061195180
1772221786005,28165555787,13087153463
1772221787005,28201238695,13112359389
1772221788005,28236357942,13137678102
1772221795281,28269329168,13331479664
1772221796005,28503729033,13350217648
1772221797005,28537099835,13380156514
1772221798005,28570332125,13406208191
1772221799005,28603494214,13431082881
1772221800005,28636731814,13455985341
1772221801005,28670407028,13482979566
1772221802005,28703531078,13507918248
1772221803005,28736801223,13532970968
1772221804005,28770719056,13560412771
1772221805005,28804245062,13585734750
1772221806005,28837695481,13611738654
1772221807006,28870969959,13636920213
1772221808005,28904273092,13662096462
1772221809005,28937408922,13687232003
1772221810005,28970559185,13712167802
1772221811005,29004028096,13739145700
1772221812005,29038184350,13764160703
1772221813005,29071722441,13794857449
1772221814005,29106629998,13822212984
1772221815005,29140176985,13847457390
1772221816005,29173908532,13873206990
1772221817005,29206928065,13898391249
1772221818005,29241005968,13923592064
1772221819005,29274174526,13954814845
1772221820900,29304844067,14003152387
1772221821005,29338796520,14006057251
1772221822005,29371989170,14031319312
1772221823005,29405244576,14056507889
1772221824005,29439278720,14083895954
1772221825005,29472723294,14109260944
1772221826005,29506173453,14135107004
1772221827005,29539369506,14160316715
1772221828005,29572729490,14187840499
1772221829005,29605895256,14216432404
1772221830005,29638988027,14241353524
1772221831005,29672350468,14268084991
1772221832005,29705607674,14293371372
1772221833005,29738967231,14318361398
1772221834005,29773139933,14345612888
1772221835005,29806559240,14370838909
1772221836005,29840179816,14396162108
1772221837005,29874591474,14421588802
1772221838005,29908060263,14446640454
1772221839005,29942390351,14471672439
1772221840005,29976778740,14496618766
1772221841005,30010677804,14521805100
1772221842005,30043973949,14547220961
1772221843005,30077317089,14572385203
1772221844005,30111615913,14604285271
1772221845290,30145767910,14637048057
1772221846005,30172955087,14655326333
1772221847005,30206172898,14680712959
1772221848005,30239543822,14705671462
1772221849005,30272820483,14736604035
1772221850005,30305933089,14761642093
1772221851005,30339366800,14787399199
1772221852005,30372677043,14812863199
1772221853005,30406164768,14837964623
1772221854005,30440330130,14864971619
1772221855005,30473900721,14890306780
1772221856005,30507240595,14915711671
1772221857005,30540492309,14941185985
1772221858005,30573902721,14966307717
1772221859005,30607032188,14991273437
1772221860005,30641221917,15022227463
1772221861005,30674740585,15048646278
1772221862005,30709316159,15074014122
1772221863005,30743102543,15099032085
1772221864005,30777318242,15126039676
1772221865005,30811761834,15151609124
1772221866006,30845413872,15176952586
1772221867005,30878881822,15202430211
1772221868005,30912311841,15227479987
1772221869005,30945611251,15252749874
1772221870005,30978720272,15277849391
1772221871019,31014354629,15303739715
1772221872005,31047762935,15328854490
1772221873005,31081092144,15353865220
1772221874005,31115593610,15381087735
1772221875005,31149261486,15409258779
1772221876005,31180909126,15437833992
1772221877005,31214186854,15463241323
1772221878005,31247337408,15488372653
1772221879005,31280939597,15519333302
1772221880005,31314075030,15544322030
1772221881005,31349907787,15571130748
1772221882005,31383263621,15596496853
1772221883005,31416335519,15621658180
1772221884005,31451601060,15649103980
1772221885005,31485211199,15674391552
1772221886005,31519939384,15699851203
1772221887005,31553201305,15725342332
1772221888005,31587667204,15750613196
1772221889005,31621375407,15775573087
1772221890005,31654394192,15800582002
1772221891005,31688293363,15831940060
1772221892005,31721527866,15857449254
1772221893005,31754723781,15882553486
1772221894005,31788970362,15910199136
1772221895005,31822468859,15935714326
1772221896006,31855759846,15961326908
1772221897005,31889052116,15986662497
1772221898005,31922553404,16011950771
1772221899005,31951346364,16044233403
1772221900005,31976770373,16078344539
1772221901005,32005236018,16110573768
1772221902005,32032585495,16135627602
1772221903005,32059069950,16161361562
1772221904005,32089552001,16189837384
1772221905006,32116779871,16217033167
1772221906005,32143085152,16242773489
1772221907005,32169220061,16277602300
1772221908005,32195080494,16311964873
1772221909005,32221790371,16348422689
1772221910005,32247006657,16383008699
1772221911005,32275449965,16417896513
1772221912005,32305083549,16452380112
1772221913005,32334980425,16487095571
1772221914005,32364709402,16514520087
1772221915005,32392104882,16540076062
1772221916005,32419571052,16565934664
1772221917005,32445632112,16594025329
1772221918005,32470590371,16619220330
1772221919005,32495877362,16644201506
1772221920005,32520935774,16669127173
1772221921005,32547418551,16694581026
1772221922005,32572611172,16723145940
1772221923006,32597590028,16751072154
1772221924005,32624736467,16778572532
1772221925005,32650360661,16804177959
1772221926005,32675794297,16830206123
1772221927005,32701002558,16856384960
1772221928524,32726631405,16895328778
1772221929005,32752165668,16911375235
1772221930005,32777013016,16945901297
1772221931005,32803361339,16980609722
1772221932005,32828429165,17015078658
1772221933005,32853280312,17049052975
1772221934005,32882431713,17084409545
1772221935005,32908591432,17119051812
1772221936005,32933987900,17153398165
1772221937005,32966919577,17178728612
1772221938005,33000147823,17209842893
1772221939005,33033440703,17241096190
1772221940005,33066820950,17266254862
1772221941005,33100397949,17292728118
1772221942005,33134611817,17318086761
1772221943005,33168069941,17343263773
1772221944016,33202916695,17371169068
1772221945005,33236657596,17396913510
1772221946005,33269870493,17422234558
1772221947005,33303691681,17447655805
1772221948005,33337210608,17472881155
1772221949005,33370317828,17497970128
1772221950005,33404302780,17523178724
1772221951005,33438795702,17548801316
1772221952005,33472207319,17574174226
1772221953005,33505778840,17599637264
1772221954005,33540198020,17632506124
1772221955005,33574166570,17658071925
1772221956005,33607692683,17683194665
1772221957005,33641117896,17708992403
1772221958005,33674824481,17734154798
1772221959005,33708634942,17759404881
1772221960005,33742784345,17784662379
1772221961005,33776859747,17810325526
1772221962005,33809796749,17835739861
1772221963005,33843047501,17860878408
1772221964525,33878391209,17901705948
1772221965005,33908218234,17913836149
1772221966005,33941431360,17938986552
1772221967005,33974799080,17964748464
1772221968005,34008715096,17989966703
1772221969005,34041980329,18023547379
1772221970006,34075280120,18051232364
1772221971006,34109321039,18076912402
1772221972005,34142526002,18102314394
1772221973005,34175488851,18127617620
1772221974005,34209835921,18154835466
1772221975005,34243643178,18180295972
1772221976005,34276755419,18205381039
1772221977005,34310154662,18231042188
1772221978005,34343367147,18256224876
1772221979005,34378093043,18281389178
1772221980005,34411713527,18306430547
1772221981006,34441540049,18337468553
1772221982005,34466700292,18372237324
1772221983005,34491694804,18406971505
1772221984005,34519227331,18442386681
1772221985005,34547202294,18479334538
1772221986005,34572748550,18513942093
1772221987005,34598257713,18548846874
1772221988005,34624895435,18583556840
1772221989005,34650094220,18618149244
1772221990005,34676543078,18653259611
1772221991005,34703247843,18687830775
1772221992005,34728476031,18720292964
1772221993005,34753749504,18745669703
1772221994005,34781093442,18772557763
1772221995005,34807092632,18798674851
1772221996005,34834339392,18826021245
1772221997005,34865537851,18853159734
1772221998005,34898629356,18878797904
1772221999005,34931443470,18910085990
1772222000005,34964537294,18935989374
1772222001005,34998106923,18967959355
1772222002005,35031101860,18993447462
1772222003005,35064163078,19018887431
1772222004005,35098176959,19046402915
1772222005005,35133015382,19072050926
1772222006005,35166541099,19097400476
1772222007005,35201791718,19123034618
1772222008005,35231469947,19148186469
1772222009005,35262486974,19173217447
1772222010005,35295503272,19198202392
1772222011005,35331014603,19223651042
1772222012004,35363652503,19249055917
1772222013005,35395510307,19276030856
1772222014005,35430733278,19303227829
1772222015005,35464275778,19328536075
1772222016005,35497940373,19357139393
1772222017005,35531493127,19384959335
1772222018005,35564934727,19410365614
1772222019005,35598139080,19435350803
1772222020005,35631298116,19460396062
1772222021005,35665336746,19485753195
1772222022005,35698522713,19510840994
1772222023005,35731800014,19536053740
1772222024006,35765950866,19563514036
1772222025005,35799624159,19588915096
1772222026005,35833223602,19613964323
1772222027005,35866851746,19639406687
1772222028005,35900260952,19664638201
1772222029005,35933617061,19695664398
1772222030005,35966722390,19720668491
1772222031005,36001719756,19747264283
1772222036577,36033792438,19898099424
1772222037005,36201008079,19908834770
1772222038005,36234029474,19934029573
1772222039005,36267002256,19959009467
1772222040005,36299981248,19983851871
1772222041005,36334252928,20009178275
1772222042005,36367420647,20034234840
1772222043005,36400787009,20059501340
1772222044005,36434909695,20086804662
1772222045005,36468568110,20112154669
1772222046005,36502126479,20137293231
1772222047005,36535509763,20163542393
1772222048005,36569077668,20193602361
1772222049005,36602265084,20218765351
1772222050005,36635578974,20243799915
1772222051005,36669344699,20270303336
1772222052005,36702662617,20295272397
1772222053005,36736043246,20320347180
1772222054005,36770256473,20347495129
1772222055005,36804985008,20372962867
1772222056005,36838547695,20398010034
1772222057005,36874579020,20423545441
1772222061134,36909676967,20534028589
1772222062005,37043218248,20555768065
1772222063005,37076301773,20585351328
1772222064005,37110079872,20614275721
1772222065005,37143101007,20639887296
1772222066005,37176652754,20664930389
1772222067005,37210076639,20690234042
1772222068005,37243493566,20715589527
1772222069005,37276757486,20740581795
1772222070005,37309920810,20765501390
1772222071005,37343919860,20790651411
1772222072005,37377346370,20815667161
1772222073005,37410802067,20840977421
1772222074005,37444876218,20868220886
1772222075005,37479602907,20894112811
1772222076005,37512975418,20919247773
1772222077005,37546721461,20944547856
1772222078005,37580051677,20969914632
1772222079005,37613215611,21000865958
1772222080005,37646200722,21025802458
1772222081005,37679284048,21052189582
1772222082005,37712952595,21077108048
1772222083005,37747333858,21102461488
1772222085487,37782129529,21168292144
1772222086005,37844324661,21181366679
1772222087005,37870279450,21206907350
1772222088005,37903533239,21232282655
1772222089005,37936959123,21263356991
1772222090005,37970126963,21288225624
1772222091005,38004098473,21313715303
1772222092005,38037509739,21338757114
1772222093005,38070784615,21364012690
1772222094005,38105404711,21391835546
1772222095005,38138790680,21421442612
1772222096005,38172037084,21446542037
1772222097005,38205712131,21472123218
1772222098005,38238830215,21497572479
1772222099005,38271711800,21522652725
1772222100005,38304296510,21547763594
1772222101005,38339036947,21573326435
1772222102005,38372077459,21598268260
1772222103005,38404936447,21623464299
1772222104005,38438611509,21650803156
1772222105005,38471678113,21676598652
1772222106005,38504931657,21701862741
1772222107005,38538494833,21727269905
1772222108005,38573146819,21752614786
1772222109005,38607963027,21777795277
1772222112732,38640598073,21878145129
1772222113005,38718694483,21885242494
1772222114005,38748131864,21912639957
1772222115005,38781674288,21938253272
1772222116005,38814822675,21963308632
1772222117005,38848227091,21988782290
1772222118005,38881394351,22014196275
1772222119005,38915191111,22045348945
1772222120005,38948543604,22070798801
1772222121005,38983318737,22096447270
1772222122005,39016558550,22121786185
1772222123005,39049771996,22147323438
1772222124005,39083978662,22174714203
1772222125005,39117575481,22200358949
1772222126005,39150982933,22231380691
1772222127005,39184439943,22256984500
1772222128005,39217257445,22282451414
1772222129005,39250308378,22307671866
1772222130005,39283377866,22332925672
1772222131005,39317209856,22358476413
1772222132005,39350526172,22383694210
1772222133005,39383699628,22409210606
1772222134005,39417618497,22436912832
1772222135005,39453387262,22462454587
1772222154315,39488467617,22974998256
1772222155005,40098832826,22992434778
1772222156005,40132103383,23017612859
1772222157005,40165788317,23048438489
1772222158005,40199594156,23074344208
1772222159005,40233128509,23099643651
1772222160005,40266468520,23124709295
1772222161005,40300399764,23150057029
1772222162005,40333440292,23175052318
1772222163005,40366715320,23200182885
1772222164005,40400697647,23227659003
1772222165005,40434066207,23252900129
1772222166005,40467044802,23278099098
1772222167005,40500091906,23303078473
1772222168005,40533593073,23328494914
1772222169005,40566955300,23353902642
1772222170005,40600257945,23378857513
1772222171005,40634447629,23404343256
1772222172006,40669661491,23429631544
1772222173005,40701463435,23460639783
1772222174005,40736087041,23488079114
1772222175005,40769926203,23513517328
1772222176005,40803363652,23538705417
1772222177005,40836811172,23563781879
1772222178005,40870592933,23589238616
1772222179005,40904058869,23620269543
1772222180005,40937034306,23645228687
1772222181005,40970654928,23670707899
1772222182005,41003690863,23695695803
1772222183005,41036858077,23720662774
1772222184005,41071317553,23748035534
1772222185005,41104947879,23773763482
1772222186005,41138374556,23798954059
1772222187005,41171769771,23824113814
1772222188005,41205640639,23851973976
1772222189005,41239220385,23880601158
1772222190005,41272504781,23905638926
1772222191005,41306447010,23932627032
1772222192005,41339707345,23957825649
1772222193005,41373633859,23983189175
1772222194005,41407526241,24010970453
1772222195005,41440861553,24036392830
1772222196005,41473783602,24061725351
1772222197005,41507792616,24087117059
1772222199494,41538847605,24151170005
1772222200005,41589064902,24164158134
1772222201005,41621281284,24189929064
1772222202005,41654628894,24215092939
1772222203005,41688093778,24240301382
1772222204005,41722702889,24272173330
1772222205005,41756579524,24298122199
1772222206005,41789942377,24323388928
1772222207005,41823319328,24348686311
1772222208005,41856777651,24374266622
1772222209005,41890610526,24405408033
1772222210005,41923851864,24430466978
1772222211005,41956904797,24457362133
1772222212005,41989663082,24482482553
1772222213005,42022467309,24507749618
1772222214005,42057644857,24535194946
1772222215005,42090825667,24560689583
1772222216005,42123736516,24585967695
1772222217005,42156988962,24611310302
1772222218005,42190341135,24636883519
1772222219005,42224025397,24662318941
1772222220005,42257294414,24693427928
1772222221005,42291312308,24718659304
1772222222005,42324486541,24743691259
1772222223005,42358861198,24768901930
1772222225069,42393637582,24822745566
1772222226006,42460765108,24846412921
1772222227005,42493764378,24871462849
1772222228005,42526679103,24897076103
1772222229005,42559818289,24922636808
1772222230005,42592597294,24947771861
1772222231005,42626019684,24973295885
1772222232005,42658761582,24998433517
1772222233005,42691797548,25023537626
1772222234005,42726212730,25050973890
1772222235005,42759783885,25078923129
1772222236005,42792975192,25107502751
1772222237005,42826158199,25132701247
1772222238005,42859653171,25158160684
1772222239005,42894607479,25189393322
1772222240005,42927797489,25214634555
1772222241005,42961878490,25240371673
1772222242005,42995019293,25265688189
1772222243005,43028180268,25290954064
1772222244005,43062199306,25318519472
1772222245005,43095191680,25344163989
1772222246005,43127869906,25369508992
1772222247005,43160978576,25394827416
1772222248005,43194323775,25420566700
1772222249005,43229209087,25446069547
1772222251460,43261812717,25514591669
1772222252005,43314781047,25528436335
1772222253005,43347887703,25553571159
1772222254005,43382168492,25581384250
1772222255005,43415457023,25606858977
1772222256005,43448297610,25632132770
1772222257005,43481051501,25657441306
1772222258005,43513940776,25683105934
1772222259005,43547441210,25708561038
1772222260005,43580678810,25733735609
1772222261005,43614496413,25759442105
1772222262005,43647591778,25784587243
1772222263005,43680870818,25809905788
1772222264005,43715310779,25837331463
1772222265006,43749891800,25863590237
1772222266005,43782713376,25888908539
1772222267005,43815482814,25919930601
1772222268005,43848292534,25945415397
1772222269005,43881374869,25976558104
1772222270005,43914518251,26001967297
1772222271005,43948266261,26027843111
1772222272005,43981302135,26053085626
1772222273005,44014326810,26078424983
1772222274005,44048004206,26106364792
1772222275005,44082854241,26132344771
1772222277306,44117360483,26190937124
1772222278005,44182938146,26208899772
1772222279005,44215632165,26234131149
1772222280005,44248855559,26259688695
1772222281005,44282598230,26285366460
1772222282005,44315780733,26313313089
1772222283005,44349018028,26341681007
1772222284005,44383181071,26369093835
1772222285005,44417819051,26395366341
1772222286005,44450987700,26420661206
1772222287005,44484048276,26445908527
1772222288005,44516890358,26471602968
1772222289005,44549672263,26497052916
1772222290005,44582725409,26522408782
1772222291005,44616136203,26547960866
1772222292005,44648987241,26573065815
1772222293005,44682114800,26598184542
1772222294005,44716281307,26625608462
1772222295005,44749998817,26651298509
1772222296005,44783172166,26676435897
1772222297005,44816355447,26701730639
1772222298005,44849739051,26733144283
1772222299005,44882940139,26764389432
1772222300005,44916409447,26789729934
1772222301005,44950311319,26815502649
1772222302405,44984659900,26851269934
1772222303005,45014628000,26866471006
1772222304005,45046507531,26893955348
1772222305005,45080239109,26919805177
1772222306005,45113254385,26945011820
1772222307005,45146312764,26970190542
1772222308005,45179417238,26995846167
1772222309005,45212181703,27020894447
1772222310005,45245179523,27046272209
1772222311005,45279816129,27072067933
1772222312005,45312400870,27097391224
1772222313005,45345491993,27122672387
1772222314005,45379590663,27155760550
1772222315005,45413203305,27182360783
1772222316005,45446333031,27207931604
1772222317005,45479324855,27233291971
1772222318006,45512455069,27259193769
1772222319005,45545401378,27284358178
1772222320005,45578381057,27309722787
1772222321005,45611785854,27335318372
1772222322005,45644527447,27360321748
1772222323005,45677643288,27385359409
1772222324005,45711713487,27412746177
1772222325005,45745518257,27438562026
1772222326005,45778712524,27463721064
1772222327005,45811821988,27489035643
1772222328005,45846192174,27515032299
1772222329005,45872017102,27548581742
1772222330005,45900777013,27576783119
1772222331005,45934651985,27603976659
1772222332005,45967632717,27629367207
1772222333005,46000523685,27654895397
1772222334005,46034120520,27682326092
1772222335005,46067597945,27708803940
1772222336005,46100662885,27734078512
1772222337005,46133644242,27759517169
1772222338005,46166661807,27785163410
1772222339005,46199468994,27810517934
1772222340005,46232194459,27835953050
1772222341006,46265438177,27861811851
1772222342005,46298119044,27887181846
1772222343005,46331044999,27912531976
1772222344005,46365033674,27940285027
1772222345005,46398377042,27972561251
1772222346005,46431719465,27997974731
1772222347005,46464803661,28023125164
1772222348006,46498139522,28048774915
1772222349005,46531388551,28074085724
1772222350005,46564863168,28099440248
1772222351005,46599021543,28125091891
1772222352005,46633366721,28150284390
1772222353005,46666718268,28175483252
1772222354005,46702413977,28203209738
1772222355005,46736359564,28229153084
1772222356005,46769930536,28254443844
1772222357005,46803241923,28279710818
1772222358005,46836831602,28305303748
1772222359005,46870306952,28336517252
1772222360005,46903883783,28362248099
1772222361005,46938160712,28393609148
1772222362005,46971477654,28418907141
1772222363005,47004984023,28444136900
1772222364005,47039050514,28471828263
1772222365005,47072887601,28497691015
1772222366005,47106495406,28522959285
1772222367005,47139942651,28548297620
1772222368006,47173452011,28573745218
1772222369005,47206856304,28599302460
1772222370005,47240306616,28624674622
1772222371005,47273478561,28652357791
1772222372006,47299957462,28686704006
1772222373005,47324925058,28721109149
1772222374005,47351857412,28756455175
1772222375005,47377628586,28791213372
1772222376005,47403116312,28826922372
1772222377005,47428017658,28862299647
1772222378005,47452915433,28896720230
1772222379005,47478044779,28931308071
1772222380005,47503274157,28965874429
1772222381006,47530105625,29000468008
1772222382005,47554870198,29035024311
1772222383005,47579550135,29069432032
1772222384005,47606565690,29104796261
1772222385005,47632279204,29139495929
1772222386006,47657969694,29173957678
1772222387005,47682880607,29208287796
1772222388005,47711785804,29242909114
1772222389005,47737172248,29279905537
1772222390005,47762016727,29314360848
1772222391005,47789020305,29349125697
1772222392005,47814192831,29385926040
1772222393005,47839134443,29420475111
1772222394005,47866016842,29455878844
1772222395005,47891201590,29490568837
1772222396005,47916647555,29525275478
1772222397005,47941347373,29559674837
1772222398005,47967427644,29594219132
1772222399005,47992578366,29628950811
1772222400005,48017511235,29663572098
1772222401005,48044390171,29698204813
1772222402005,48069017010,29732698833
1772222403005,48093663105,29767196728
1772222404005,48120558915,29802815278
1772222405005,48146046352,29837456294
1772222406005,48171298372,29872056494
1772222407005,48196219263,29906726164
1772222408005,48221122425,29943262513
1772222409006,48246311338,29978049731
1772222410005,48271259130,30012377576
1772222411005,48297981503,30046989724
1772222412005,48323429070,30081511467
1772222413005,48358078691,30107601900
1772222414005,48394355196,30137039388
1772222415005,48423499654,30171724286
1772222426927,48450435945,30590049179
1772222427004,48730586892,30592786663
1772222428005,48755708457,30627519974
1772222429005,48781346337,30662326783
1772222430005,48806481283,30696956996
1772222431005,48833082187,30731788599
1772222432005,48858312099,30766339135
1772222433005,48883101985,30800975115
1772222434005,48909682123,30836619344
1772222435005,48935084023,30871350458
1772222436005,48960244693,30906158778
1772222437005,48985528344,30940833437
1772222438005,49010602288,30975526360
1772222439005,49035937938,31012499561
1772222440005,49060764413,31046973151
1772222441005,49087444765,31081725550
1772222442005,49112755529,31116282616
1772222443005,49137561940,31150893985
1772222444005,49164590937,31186324358
1772222445005,49190309578,31220940732
1772222446005,49215452550,31255625675
1772222447005,49240789084,31290920145
1772222448005,49265855384,31326269773
1772222449005,49297780567,31361884020
1772222450224,49322877063,31404937640
1772222451005,49349752413,31432884987
1772222452006,49375260371,31467951670
1772222453005,49400273466,31503050212
1772222454005,49427243828,31539347560
1772222455005,49453301486,31576555474
1772222456005,49478597251,31611715262
1772222457005,49504069033,31647242874
1772222458005,49529219587,31682691618
1772222459006,49554633877,31718189446
1772222460005,49579788841,31752230838
1772222461005,49606441088,31787075212
1772222462006,49636244662,31821715052
1772222463005,49661270299,31856246210
1772222464005,49688402105,31891777668
1772222465005,49714104237,31926363007
1772222466005,49739194202,31961065878
1772222467005,49764488930,31995752897
1772222468005,49789717804,32030281293
1772222469006,49815101181,32064993456
1772222470005,49840345908,32100763503
1772222471005,49867217001,32136327551
1772222472005,49892249138,32170806847
1772222473005,49917740190,32205285472
1772222474005,49944665846,32240658459
1772222475005,49972640595,32267319495
1772222476005,49998335494,32292744130
1772222477005,50023555748,32317865694
1772222478005,50050077036,32345842183
1772222479006,50087550775,32379151740
1772222480006,50119354749,32405023083
1772222481005,50147263797,32432465496
1772222482005,50174493789,32457888360
1772222483005,50201179527,32483685503
1772222484006,50228873285,32511232602
1772222485005,50259168029,32543031998
1772222486005,50284566603,32578020377
1772222487005,50309655668,32609973757
1772222488005,50334804758,32636133674
1772222489005,50359966359,32662611766
1772222490005,50385002861,32688565899
1772222491005,50411705459,32715151484
1772222492005,50436528349,32740716324
1772222493005,50462261164,32766929019
1772222494005,50489348752,32794679964
1772222495005,50515772603,32820525109
1772222496005,50541266569,32845975712
1772222497384,50566840625,32890150811
1772222498005,50593009529,32911241929
1772222499005,50618515534,32944621322
1772222500005,50648095410,32982479655
1772222501005,50679798361,33020601523
1772222502005,50709380083,33060494785
1772222503005,50734976644,33094910379
1772222504005,50766789178,33133360661
1772222505005,50793143985,33163283888
1772222506005,50818821017,33188642470
1772222507005,50844135931,33213753293
1772222508005,50871022480,33240201114
1772222509005,50897982848,33272060703
1772222510006,50924415288,33298639925
1772222511005,50951525382,33324456736
1772222512005,50983341120,33350716898
1772222513005,51011785983,33381140282
1772222514006,51041253911,33415796281
1772222515005,51070913724,33450414592
1772222516006,51098475089,33486701855
1772222517005,51124594297,33524437147
1772222518005,51150441105,33561906904
1772222519005,51177185175,33598486845
1772222520005,51202994876,33634959706
1772222521005,51230125461,33671573855
1772222522005,51255894056,33707940154
1772222523005,51283402003,33744553236
1772222524005,51311703151,33782046429
1772222525005,51337837222,33819188597
1772222526005,51363993813,33855985904
1772222527005,51389490648,33891072422
1772222528005,51415299036,33925189020
1772222529006,51443200303,33961217293
1772222530005,51473825840,33996335930
1772222531005,51508074252,34031850802
1772222532005,51541894983,34066975191
1772222533006,51575520548,34101636850
1772222534005,51610381767,34131980557
1772222535005,51644246104,34159685469
1772222536005,51678663193,34188218646
1772222537005,51712353590,34215011923
1772222538005,51745566685,34242074671
1772222539005,51778928867,34274989580
1772222540005,51806302146,34303573795
1772222541005,51835204964,34332771336
1772222542005,51871499306,34363375725
1772222543005,51904741315,34388839985
1772222544005,51939240233,34416936203
1772222545005,51972825486,34442777549
1772222546005,52006022729,34468160254
1772222547005,52039247604,34493654785
1772222548005,52072763464,34519803091
1772222549005,52106401830,34551180848
1772222550005,52139800402,34576618680
1772222551005,52173572307,34602605877
1772222552005,52206751209,34628310267
1772222553005,52239717812,34653634885
1772222554005,52274040836,34681073422
1772222555005,52307455779,34706392395
1772222556005,52340566814,34731512312
1772222557005,52373843231,34756885984
1772222558005,52406926252,34781983823
1772222559005,52441563117,34808202239
1772222560005,52476507050,34838099436
1772222561005,52511885561,34872489030
1772222562005,52545514650,34906900016
1772222563005,52578808018,34941177784
1772222564005,52613671053,34977959375
1772222565005,52647830175,35013291365
1772222566005,52681104806,35047662573
1772222567005,52714553287,35082409952
1772222568005,52748088052,35117029088
1772222569005,52782042931,35150583138
1772222570005,52815385445,35175896862
1772222571005,52850012377,35202995269
1772222572005,52883295690,35228716610
1772222573005,52916373615,35253945316
1772222574005,52951483707,35286321526
1772222575005,52985386434,35311716331
1772222576005,53018920787,35337034342
1772222577005,53052356390,35362596771
1772222578005,53085400854,35387827507
1772222579005,53118699379,35413254018
1772222580005,53151716196,35444587969
1772222581005,53185340235,35471222318
1772222582005,53218771352,35496778095
1772222583005,53252042276,35522002102
1772222584005,53286508480,35549681121
1772222585005,53319985829,35575660002
1772222586005,53353549493,35600886084
1772222587005,53387291721,35626404631
1772222588005,53420597554,35651737382
1772222589005,53454350524,35677371203
1772222590005,53488029111,35702850278
1772222591005,53522047493,35728700214
1772222592005,53555300275,35754251490
1772222593005,53588411355,35779497788
1772222594005,53621310319,35809081509
1772222595005,53646979005,35843835632
1772222596006,53675926132,35876759391
1772222597005,53709684411,35902251328
1772222598005,53742112315,35927655730
1772222599005,53775746394,35958809072
1772222600005,53809424050,35984682444
1772222601005,53843165026,36011439087
1772222602005,53876976602,36037200221
1772222603005,53910429462,36062378698
1772222604005,53944637043,36089851688
1772222605006,53978191186,36116361410
1772222606005,54011684952,36141556900
1772222607005,54045034088,36166922394
1772222608005,54078485926,36192313918
1772222609005,54111751677,36217742306
1772222610005,54145116483,36243901323
1772222611005,54179126031,36273009223
1772222612005,54212455453,36300668132
1772222613005,54245897846,36326359263
1772222614005,54280092321,36353870673
1772222615005,54313820817,36379673690
1772222616005,54347206114,36404958149
1772222617005,54380523956,36430236337
1772222618005,54413983956,36455789627
1772222619005,54447180848,36480946041
1772222620005,54480679146,36506738515
1772222621005,54514543041,36532433140
1772222622005,54547673942,36557667598
1772222623005,54580810229,36583256927
1772222624005,54614775407,36610768352
1772222625005,54648562951,36636262578
1772222626005,54681809095,36661445511
1772222627005,54717142641,36692761381
1772222628005,54750509583,36718319248
1772222629005,54778650965,36749852529
1772222630005,54804691336,36777032429
1772222631005,54831689513,36802845516
1772222632005,54857007936,36828182600
1772222633005,54881889416,36853379356
1772222634005,54909677652,36881532991
1772222635006,54937653958,36912301602
1772222636006,54965232884,36946288797
1772222637005,54992374532,36979643929
1772222638005,55019517735,37013048788
1772222639005,55046898964,37046718555
1772222640005,55074741305,37080061985
1772222641005,55102021113,37113862193
1772222642006,55129131131,37147651888
1772222643005,55155795859,37182901896
1772222644005,55184250763,37217745401
1772222645005,55210637292,37252082569
1772222646005,55235977046,37286249976
1772222647005,55260912585,37320338698
1772222648005,55286120724,37354380562
1772222649005,55311542367,37388613075
1772222650005,55337172817,37422878973
1772222651005,55364368295,37457129338
1772222652005,55389457604,37491036398
1772222653005,55414529793,37525112562
1772222654005,55441455723,37560172013
1772222655005,55467651466,37594260094
1772222656005,55492837984,37628432826
1772222657005,55518706321,37662439933
1772222658005,55544809265,37698127190
1772222659005,55575113835,37733106002
1772222660006,55600474782,37767281618
1772222661005,55627791485,37801568373
1772222662005,55652758623,37835510725
1772222663005,55677802952,37869556099
1772222664005,55706325372,37904643686
1772222665006,55732040443,37938794797
1772222666005,55757851608,37972878911
1772222667005,55782909653,38006917068
1772222668005,55807990113,38040914486
1772222669005,55835414491,38074516111
1772222670005,55869309635,38103014073
1772222671005,55905530570,38146443055
1772222672005,55941148205,38193444302
1772222673005,55975475699,38237658797
1772222674005,56010328328,38290583199
1772222675004,56043773024,38341509567
1772222676005,56077236290,38392596021
1772222677005,56110013831,38443694498
1772222678005,56143167802,38488270379
1772222679005,56176319270,38538919539
1772222680005,56209630261,38585801331
1772222681005,56244226830,38628800480
1772222682005,56276957895,38679234609
1772222683005,56309768500,38725427151
1772222685210,56345604888,38839067332
1772222686005,56414854695,38879619983
1772222687005,56447545128,38930673388
1772222688005,56480354237,38981745134
1772222689005,56516044713,39033111115
1772222690005,56551162465,39084393405
1772222691005,56585520536,39135752672
1772222692005,56618477053,39186968804
1772222693005,56651271622,39238172577
1772222694005,56686439801,39289712102
1772222695005,56720207113,39341589150
1772222696005,56753648453,39392754457
1772222697005,56786840539,39444036809
1772222698005,56820103360,39495247372
1772222699005,56853403365,39544371250
1772222700005,56886814189,39593233683
1772222701005,56923490378,39642708801
1772222702005,56962275115,39686281987
1772222703005,57001136250,39729879174
1772222704005,57041549321,39774630186
1772222705005,57082640702,39818454824
1772222706005,57123799187,39862592892
1772222707005,57162701381,39906239423
1772222708005,57201750555,39950123277
1772222709005,57240781144,39993902339
1772222710401,57281325419,40055110936
1772222711005,57321474893,40082581622
1772222712005,57360196188,40126244540
1772222713005,57398883808,40169930315
1772222714005,57439004032,40214741779
1772222715005,57478492484,40258785797
1772222716005,57518418367,40302747558
1772222717005,57557506296,40346590872
1772222718005,57596474938,40390346300
1772222719005,57636596704,40431858557
1772222720005,57670293936,40459269859
1772222721005,57706377778,40486645992
1772222722005,57739555475,40512355676
1772222723005,57768220375,40538174730
1772222724005,57797857621,40567126617
1772222725006,57825574190,40594010786
1772222726005,57853031693,40620696188
1772222727005,57881527961,40646795928
1772222728005,57910112909,40672292321
1772222729005,57943777061,40697702613
1772222730005,57991662616,40730208561
1772222731005,58045167539,40776060697
1772222732004,58098024013,40826234860
1772222733005,58147585674,40879133095
1772222734005,58196949699,40933859955
1772222735005,58242805176,40990570554
1772222736005,58288039165,41049141073
1772222737005,58337477664,41104829736
1772222738005,58384284417,41160842236
1772222739005,58431104795,41216127997
1772222740005,58477263251,41271479718
1772222741005,58524633375,41327773209
1772222742005,58571107732,41383097618
1772222743005,58617405570,41438877097
1772222744005,58665123012,41494549649
1772222745005,58712156774,41551097383
1772222746005,58759030525,41607555981
1772222747005,58805895090,41663372034
1772222748005,58852271674,41719200186
1772222749005,58901550040,41774295023
1772222750005,58948505467,41830346858
1772222751005,58995201996,41885220256
1772222752005,59042973482,41941147021
1772222753005,59090583965,41997082437
1772222754005,59138987850,42052736175
1772222755005,59186629108,42108787201
1772222756005,59232384021,42163731946
1772222757005,59278919456,42219880882
1772222758005,59325290135,42276143720
1772222759005,59371178784,42332068836
1772222760005,59418835179,42387453912
1772222761005,59466467023,42444000395
1772222762005,59513496741,42500502860
1772222763005,59559732601,42556331851
1772222764005,59608169946,42612005852
1772222765005,59656344685,42667574511
1772222766005,59703318636,42723654939
1772222767006,59749960236,42779550792
1772222768005,59798862721,42835465991
1772222769005,59845220797,42890827660
1772222770005,59890725310,42947755045
1772222771005,59936585366,43006042680
1772222772005,59983030855,43062137435
1772222773005,60029021137,43118184860
1772222774005,60077125903,43174200014
1772222775005,60125437293,43230277833
1772222776005,60172212783,43286762064
1772222777005,60219804331,43342886268
1772222778005,60266443811,43398798079
1772222779005,60315602462,43454651240
1772222780004,60362628457,43511456972
1772222781005,60407943771,43570357704
1772222782005,60454108575,43626931225
1772222783005,60499813715,43683375327
1772222784005,60547921152,43741217597
1772222785005,60591326820,43801690803
1772222786005,60638628588,43857678249
1772222787005,60683889553,43914836792
1772222788005,60726467460,43974705522
1772222789005,60769538612,44034787376
1772222790005,60811988367,44093785606
1772222791005,60856048589,44152355133
1772222792005,60898789359,44212964746
1772222793005,60943071615,44271864990
1772222794005,60991040387,44329032245
1772222795005,61037747505,44384834978
1772222796005,61083967145,44441820266
1772222797005,61127088161,44501470685
1772222798005,61170601032,44562040291
1772222799005,61216910420,44619685747
1772222800005,61265180034,44676129255
1772222801005,61313205733,44732497372
1772222802005,61356367457,44791143876
1772222803005,61399584719,44849258821
1772222804005,61447339009,44907217722
1772222805005,61490910151,44968244473
1772222806005,61534252621,45028956040
1772222807005,61579109035,45089253932
1772222808005,61621805832,45148170822
1772222809005,61668194806,45207953528
1772222810005,61710562915,45267745190
1772222811005,61754308990,45328325767
1772222812005,61799659122,45389139791
1772222813005,61843266181,45449775464
1772222814005,61887885074,45509373655
1772222815005,61931225316,45570069704
1772222816005,61974188503,45630108820
1772222817005,62018600635,45689945417
1772222818005,62063090628,45750103820
1772222819005,62105971635,45810373210
1772222820005,62152324127,45867033381
1772222821005,62199759403,45922573905
1772222822005,62247050765,45977719735
1772222823005,62295195324,46031612913
1772222824005,62343523102,46087566425
1772222825005,62390814327,46143340671
1772222826005,62438148442,46199117129
1772222827005,62482248441,46259146205
1772222828005,62526984897,46318258139
1772222829005,62570025808,46377371369
1772222830005,62616374912,46434811148
1772222831005,62667041253,46491190205
1772222832005,62713899013,46547551213
1772222833005,62764344708,46602062706
1772222834005,62813343013,46657958955
1772222835005,62860790739,46715175433
1772222836005,62907021976,46771798649
1772222837005,62953873145,46828113776
1772222838005,63002014362,46884734398
1772222839005,63051128689,46940493172
1772222840005,63097686493,46997222706
1772222841005,63145386297,47053014270
1772222842005,63192205180,47109456190
1772222843005,63239957944,47165868922
1772222844005,63288656506,47222734512
1772222845005,63335167238,47278185456
1772222846005,63382049244,47334101860
1772222847005,63429622101,47392817391
1772222848005,63477234690,47449361799
1772222849005,63524616181,47506089395
1772222850005,63572040609,47562072706
1772222851005,63620299511,47618037784
1772222852005,63670847328,47670071760
1772222853005,63721746413,47722849426
1772222854005,63771513646,47778238743
1772222855005,63818315547,47833371268
1772222856005,63865260934,47890066258
1772222857005,63912272251,47946731403
1772222858005,63959420066,48002941371
1772222859005,64009609411,48056712562
1772222860005,64060505536,48109086959
1772222861005,64111132832,48162378820
1772222862005,64161022570,48215604339
1772222863005,64210911134,48270011987
1772222864005,64263137544,48324127611
1772222865005,64314053215,48376646716
1772222866005,64365361368,48429436588
1772222867005,64416306442,48481983111
1772222868005,64466381687,48534475895
1772222869005,64517479646,48589610891
1772222870005,64568597440,48641150722
1772222871005,64620048438,48694076940
1772222872006,64670792747,48746426039
1772222873005,64721414031,48798630340
1772222874005,64771714377,48851330511
1772222875006,64822302444,48904601941
1772222876005,64872971058,48957128903
1772222877005,64923246931,49008632725
1772222878005,64973302509,49062826943
1772222879005,65024481625,49115816742
1772222880005,65076050384,49169370887
1772222881005,65127180400,49221817592
1772222882005,65177596769,49273637636
1772222883005,65228397395,49326042900
1772222884005,65280694083,49379074718
1772222885005,65332081516,49432158216
1772222886005,65382852282,49484422191
1772222887006,65433581287,49537020164
1772222888005,65483939614,49589500650
1772222889005,2072494,49641714258
1772222890005,53093171,49694076510
1772222891005,103918972,49748797755
1772222892005,153681124,49800788322
1772222893005,203809879,49852766866
1772222894005,254657652,49907666081
1772222895005,304903253,49959821022
1772222896005,355979072,50012198913
1772222897005,406483983,50064742873
1772222898005,456604682,50116704999
1772222899005,509371027,50170207054
1772222900005,560348753,50222637310
1772222901005,611962462,50276141288
1772222902005,663171514,50329051317
1772222903005,714382260,50381887406
1772222904006,766030544,50435284120
1772222905005,817135751,50488094514
1772222906005,868526541,50541450230
1772222907005,920066844,50594017671
1772222908005,970610419,50645874776
1772222909005,1021389851,50698592173
1772222910005,1071419613,50753603168
1772222911005,1122715513,50807132291
1772222912005,1173861581,50860691853
1772222913005,1224765412,50912764584
1772222914005,1276634662,50965764163
1772222915005,1327766875,51018954726
1772222916005,1378099004,51071182661
1772222917005,1429473270,51124101266
1772222918005,1479928241,51176581798
1772222919005,1529885756,51227220674
1772222920005,1580928466,51279569071
1772222921005,1632201586,51331720762
1772222922005,1683355847,51384114019
1772222923005,1733296929,51435482730
1772222924005,1784079489,51488933595
1772222925005,1834711286,51543495623
1772222926005,1884885769,51596471857
1772222927005,1934947206,51648719613
1772222928005,1985917165,51700766634
1772222929005,2036798476,51756078044
1772222930005,2087638559,51808249921
1772222931005,2138574661,51860476606
1772222932005,2189139093,51912696668
1772222933005,2239669774,51964483053
1772222934005,2290269331,52017118865
1772222935005,2340615131,52068886162
1772222936005,2391281776,52121118690
1772222937005,2442296487,52173261990
1772222938005,2491780394,52226282289
1772222939005,2542385443,52278604793
1772222940005,2593389321,52330837184
1772222941005,2645012216,52386428227
1772222942005,2695453241,52438713335
1772222943005,2746860159,52491167028
1772222944005,2798399822,52544216134
1772222945005,2849380889,52595697205
1772222946005,2900382066,52648150303
1772222947005,2951070698,52700312096
1772222948005,3002495621,52753225604
1772222949005,3053856398,52805951332
1772222950005,3104576920,52858248462
1772222951005,3156458850,52910465824
1772222952005,3206454052,52962501509
1772222953005,3257121140,53014463238
1772222954005,3309278919,53067708776
1772222955005,3360436674,53120305665
1772222956005,3411549021,53172910122
1772222957005,3461150582,53228624450
1772222958005,3508434117,53284585347
1772222959005,3559051357,53341316849
1772222960005,3608599957,53394224635
1772222961005,3660373647,53447541306
1772222962005,3710929718,53499696033
1772222963005,3761587788,53552236514
1772222964005,3810653931,53608959273
1772222965005,3858009819,53664747846
1772222966005,3905390212,53721138500
1772222967005,3952634396,53777526194
1772222968005,4000313663,53834051759
1772222969005,4047819598,53890530421
1772222970005,4095912296,53946783279
1772222971005,4143945426,54003514736
1772222972005,4190594228,54060875951
1772222973005,4237369229,54118176103
1772222974005,4285911702,54174301283
1772222975005,4334216332,54230884279
1772222976005,4382115634,54287291549
1772222977005,4429755657,54344319850
1772222978005,4477217268,54400613188
1772222979005,4524291876,54456083250
1772222980005,4570993852,54509016731
1772222981005,4618824890,54561864614
1772222982005,4664400032,54614281551
1772222983005,4707735499,54664184457
1772222984005,4752187759,54713811407
1772222985008,4795430426,54762668683
1772222986005,4835108977,54810443449
1772222987005,4874687024,54857981442
1772222988005,4914620063,54905512630
1772222989005,4957846817,54950039547
1772222990005,4997125562,54993700665
1772222991005,5038750790,55037629393
1772222992005,5078907618,55073725183
1772222993005,5118899248,55108742125
1772222994005,5160173908,55144976869
1772222995005,5197440108,55180023748
1772222996005,5234593186,55208748046
1772222997005,5270614059,55234194515
1772222998005,5304111090,55259635918
1772222999005,5337623441,55285007561
1772223000005,5371081809,55310224503
1772223001005,5406086850,55337163479
1772223002005,5439713224,55362762161
1772223003005,5473214497,55387967309
1772223004005,5507838454,55421282221
1772223005005,5541729173,55446760320
1772223006005,5575646456,55472931268
1772223007005,5610005702,55499142148
1772223008005,5643873869,55524341269
1772223009005,5677543515,55549869581
1772223010005,5711234079,55575009303
1772223011005,5745731730,55600435691
1772223012005,5779837678,55626210878
1772223013005,5813609064,55651362059
1772223014005,5848337264,55678709598
1772223015005,5882390496,55704059498
1772223016005,5916052970,55729253660
1772223017005,5950002005,55754710932
1772223018005,5983807568,55780007322
1772223019005,6017573812,55813739541
1772223020005,6051274386,55841772851
1772223021005,6085632121,55867441628
1772223022005,6119839291,55893235399
1772223023005,6153542809,55918387083
1772223024005,6188219803,55945686819
1772223025005,6222346761,55970957668
1772223026005,6256139859,55996055933
1772223027005,6290225377,56021597734
1772223028005,6324049662,56046825570
1772223029005,6357814686,56071934044
1772223030005,6391601360,56096995736
1772223031005,6425604622,56123593726
1772223032005,6459796823,56149310963
1772223033005,6493472587,56174378590
1772223034005,6528186414,56201665784
1772223035005,6562474420,56232905730
1772223036005,6596286499,56258074396
1772223037005,6630509446,56283545598
1772223038005,6664207273,56308757627
1772223039005,6697903757,56333817916
1772223040005,6731636815,56358778844
1772223041005,6766072824,56384152776
1772223042005,6800333259,56410058709
1772223043005,6834041553,56435191534
1772223044005,6868727610,56462438736
1772223045005,6902687463,56488574179
1772223046005,6936408864,56513886561
1772223047005,6970406159,56539239375
1772223048005,7004085509,56564355539
1772223049005,7037845955,56595501526
1772223050005,7071535069,56621117130
1772223051005,7105989632,56652013435
1772223052005,7140195047,56677687828
1772223053005,7173908590,56702850528
1772223054005,7208520753,56730135601
1772223055005,7242615913,56755569359
1772223056005,7276359255,56780743869
1772223057005,7310469307,56806270183
1772223058005,7344199344,56831430548
1772223059005,7377910201,56856523779
1772223060005,7411591977,56881533487
1772223061005,7446150737,56906926553
1772223062005,7480363903,56932653555
1772223063005,7514032236,56957825028
1772223064005,7548890556,56984958330
1772223065005,7582710752,57010457713
1772223066005,7616679363,57039564926
1772223067005,7650832275,57066780179
1772223068005,7684588754,57092027759
1772223069006,7717191774,57117630805
1772223070005,7750903272,57142774692
1772223071005,7785398436,57168220520
1772223072005,7819500493,57193957363
1772223073005,7853043482,57218947465
1772223074005,7881489673,57246011922
1772223075005,7907604961,57272061189
1772223076005,7933385259,57297802121
1772223077005,7960127758,57325660315
1772223078005,7986855898,57355787633
1772223079005,8013082477,57392720751
1772223080005,8042495751,57434539175
1772223081005,8081690609,57494084222
1772223082005,8124114669,57554704088
1772223083005,8172118122,57610900248
1772223084005,8221683018,57666407815
1772223085005,8270190122,57723735081
1772223086005,8319569893,57777796433
1772223087005,8370158021,57830314133
1772223088005,8419951710,57883190183
1772223089005,8470597269,57936423941
1772223090005,8521474491,57989087310
1772223091005,8572375636,58041973994
1772223092005,8622861795,58094408187
1772223093005,8673491333,58146653914
1772223094005,8724642496,58200171685
1772223095005,8776565547,58252432700
1772223096005,8830363332,58300861378
1772223097006,8884200926,58350006419
1772223098005,8936690948,58403218878
1772223099005,8990799905,58451909963
1772223100004,9046424531,58499446079
1772223101005,9103840156,58545605115
1772223102005,9158926526,58592410037
1772223103005,9211344271,58642445657
1772223104005,9263610550,58694958276
1772223105005,9315090859,58746902535
1772223106005,9368522361,58797379783
1772223107005,9422704434,58845412044
1772223108005,9476525686,58893401917
1772223109005,9530728129,58944899788
1772223110005,9584872927,58993220074
1772223111005,9639200700,59044460542
1772223112006,9692861484,59094453486
1772223113005,9744736532,59147786803
1772223114005,9799105119,59199758251
1772223115005,9853208568,59248770731
1772223116005,9907657611,59299668780
1772223117005,9958745957,59352069787
1772223118005,10009486879,59404130464
1772223119005,10059702055,59456463787
1772223120005,10110262078,59509061012
1772223121005,10161698841,59562614532
1772223122005,10211738657,59615001303
1772223123005,10262538490,59667875858
1772223124005,10313486569,59721747843
1772223125005,10364035621,59774734651
1772223126006,10414679029,59827491856
1772223127005,10466619610,59880824654
1772223128005,10516938526,59933051414
1772223129005,10569451939,59986094524
1772223130005,10623462360,60035333066
1772223131005,10675077565,60088670198
1772223132005,10728256608,60139929525
1772223133005,10782270630,60188307104
1772223134005,10834945091,60241085488
1772223135005,10889510048,60290026881
1772223136005,10944235581,60338535145
1772223137005,10998591276,60388445573
1772223138005,11053179563,60437414904
1772223139005,11107576103,60489258185
1772223140005,11161748304,60538110181
1772223141005,11216404429,60587736048
1772223142005,11270745109,60638076935
1772223143005,11325567011,60687429806
1772223144005,11378736213,60740406192
1772223145005,11432816775,60791971931
1772223146005,11486951045,60840948906
1772223147004,11540750616,60891474369
1772223148005,11594771107,60942008788
1772223149005,11646928414,60993815512
1772223150005,11700199310,61043744570
1772223151005,11753478354,61094826432
1772223152005,11805470584,61146415439
1772223153005,11857110553,61200344977
1772223154005,11909386536,61253818286
1772223155005,11960608862,61307091379
1772223156005,12011699604,61359850599
1772223157005,12062839308,61412689495
1772223158005,12113669672,61466319992
1772223159005,12164866640,61519467634
1772223160005,12215948349,61574226246
1772223161005,12267302902,61629585108
1772223162005,12319434437,61680839309
1772223163005,12371051183,61734496095
1772223164005,12422508529,61787103741
1772223165005,12480056700,61832023476
1772223166005,12538321357,61876554865
1772223167005,12594341149,61923925950
1772223168004,12649121275,61973002361
1772223169005,12703991881,62025997240
1772223170005,12755637679,62077436887
1772223171005,12806364258,62131338091
1772223172005,12856934427,62183729134
1772223173005,12908054098,62236857353
1772223174005,12961064265,62291700739
1772223175005,13011875267,62344981232
1772223176005,13062991001,62400159241
1772223177005,13114240487,62453986444
1772223178005,13165317038,62506952058
1772223179005,13217544455,62560234444
1772223180005,13268128616,62613189133
1772223181005,13319030693,62666312119
1772223182005,13369335540,62719290580
1772223183005,13419891001,62772414298
1772223184005,13472367062,62827232492
1772223185005,13523625657,62880540176
1772223186005,13574674180,62933033372
1772223187005,13625848474,62985858078
1772223188005,13677201562,63038693847
1772223189005,13728424087,63091237562
1772223190005,13780258473,63144237613
1772223191005,13831185069,63197664385
1772223192005,13883648710,63251196834
1772223193005,13934687682,63304437230
1772223194005,13986690180,63358706747
1772223195005,14038841917,63412337335
1772223196005,14090036017,63464700731
1772223197005,14141055732,63517085580
1772223198005,14192294919,63569374166
1772223199005,14245479425,63623049323
1772223200005,14297009978,63676596847
1772223201005,14347906852,63730197164
1772223202005,14398519209,63782543929
1772223203005,14448626496,63834718492
1772223204005,14499809305,63888955585
1772223205005,14551863132,63942650151
1772223206005,14603096291,63995712195
1772223207005,14654861620,64048580463
1772223208005,14707960421,64101017129
1772223209005,14758731111,64153394348
1772223210005,14810097610,64205866946
1772223211005,14862066785,64260010768
1772223212005,14914054652,64311719382
1772223213005,14966906334,64362968807
1772223214005,15021688551,64413752298
1772223215005,15076628047,64463362266
1772223216005,15131288779,64513773951
1772223217005,15186240207,64562662215
1772223218005,15239633274,64613064058
1772223219005,15292348916,64664048330
1772223220005,15346707814,64712727849
1772223221005,15401239906,64763599090
1772223222005,15455879308,64812400536
1772223223005,15511487821,64862826838
1772223224005,15566466515,64913991153
1772223225005,15621108251,64964226776
1772223226005,15675527342,65013703190
1772223227005,15730355180,65063328996
1772223228005,15784957962,65112052596
1772223229005,15839527055,65163804742
1772223230005,15894208034,65212698393
1772223231005,15949192999,65262433141
1772223232005,16002975527,65312961884
1772223233005,16057569124,65361797600
1772223234005,16112442354,65411970817
1772223235005,16167278019,65461258674
1772223236005,16222341425,65510168147
1772223237005,16276948251,27828669
1772223238005,16332351239,76124832
1772223239005,16388646027,125142301
1772223240005,16443550490,174093886
1772223241005,16497592877,225261345
1772223242005,16552047290,275484166
1772223243005,16607114526,324163533
1772223244005,16660977768,374351535
1772223245005,16715474553,423312886
1772223246005,16770334189,471915765
1772223247005,16824754440,521541174
1772223248005,16877999504,570477974
1772223249005,16933765297,617586576
1772223250005,16988330484,666304546
1772223251005,17042655326,716777446
1772223252005,17095037551,768009126
1772223253005,17148953448,818913720
1772223254005,17204220289,869404700
1772223255005,17259466807,918341225
1772223256005,17314592191,967498778
1772223257005,17366761658,1018968895
1772223258005,17417990347,1072359185
1772223259005,17471989279,1124586144
1772223260005,17526676133,1173141540
1772223261005,17581187199,1222401566
1772223262005,17635462819,1270709950
1772223263005,17690021155,1320874837
1772223264005,17744789945,1371304190
1772223265005,17799237507,1420043628
1772223266005,17854060310,1468495651
1772223267005,17908570873,1517400882
1772223268005,17963156566,1567258137
1772223269005,18018057200,1616434122
1772223270005,18073372195,1665110926
1772223271005,18129582957,1714608549
1772223272005,18183995167,1762934648
1772223273005,18238583454,1811722271
1772223274005,18292937684,1864431337
1772223275005,18348020971,1913742370
1772223276005,18399648809,1966140097
1772223277037,18454149119,2016591284
1772223278005,18507310341,2065515085
1772223279005,18559019581,2119199961
1772223280005,18610228496,2171965054
1772223281005,18663789462,2222274647
1772223282005,18716524085,2272490587
1772223283005,18767499186,2325273883
1772223284005,18819440287,2379817983
1772223285005,18870903888,2432763991
1772223286005,18924045305,2485379861
1772223287005,18975986177,2538041139
1772223288005,19027338822,2590581757
1772223289005,19079635678,2646058396
1772223290005,19130471062,2699050452
1772223291005,19181497292,2752696451
1772223292006,19233387050,2805557548
1772223293005,19284052002,2858324137
1772223294005,19335807580,2912454958
1772223295005,19387842243,2965730417
1772223296005,19438432003,3018676806
1772223297005,19489482036,3071653482
1772223298005,19540510693,3124892901
1772223299005,19591605692,3177377522
1772223300006,19643498394,3231163086
1772223301005,19694660330,3284635830
1772223302005,19748697681,3337485575
1772223303005,19799332742,3390244092
1772223304005,19850244462,3444442614
1772223305005,19902237653,3498257321
1772223306005,19953282835,3551003998
1772223307005,20004427330,3603877652
1772223308006,20055652937,3656571399
1772223309005,20106519051,3709319419
1772223310005,20157396531,3762146933
1772223311005,20208226849,3816542695
1772223312005,20258964017,3868951483
1772223313005,20309841513,3921442818
1772223314005,20362295740,3975645322
1772223315005,20413351953,4028757718
1772223316005,20465043127,4082856407
1772223317005,20516494034,4135549894
1772223318005,20567895505,4191424339
1772223319005,20621059671,4244882299
1772223320008,20672311950,4297781586
1772223321005,20724701269,4351814315
1772223322005,20776276834,4404757087
1772223323005,20827886210,4457602011
1772223324005,20880302872,4512063687
1772223325005,20931850667,4565749204
1772223326005,20983942318,4619428633
1772223327005,21036027668,4673210322
1772223328005,21087158355,4726097418
1772223329005,21138605432,4779474785
1772223330005,21189851820,4832367740
1772223331005,21242089536,4885762043
1772223332005,21293548545,4939463459
1772223333005,21345252933,4994504360
1772223334005,21397644068,5050052558
1772223335005,21449069250,5103175483
1772223336006,21500343988,5155716177
1772223337005,21552113527,5209205766
1772223338005,21603255795,5262215628
1772223339005,21654342127,5315705889
1772223340005,21705613859,5368600294
1772223341005,21757336496,5422488605
1772223342005,21808759328,5475909518
1772223343005,21859787344,5528725268
1772223344005,21911960198,5583198479
1772223345005,21963142930,5636391316
1772223346005,22013950361,5689803959
1772223347005,22064394164,5743230670
1772223348005,22115890936,5796372498
1772223349005,22167689344,5854905833
1772223350005,22219063076,5908032419
1772223351005,22270205588,5961687344
1772223352005,22320843640,6013764149
1772223353005,22372512598,6067514513
1772223354005,22425052133,6121675622
1772223355005,22476567123,6175139349
1772223356005,22527651762,6228228064
1772223357005,22578809944,6281057257
1772223358005,22630622877,6335281046
1772223359005,22681309617,6388284652
1772223360005,22732009129,6440577053
1772223361005,22783162123,6494129261
1772223362005,22833967250,6547032363
1772223363005,22884768853,6601112498
1772223364005,22936575027,6655174186
1772223365005,22987540668,6711049653
1772223366005,23037832486,6763868165
1772223367005,23088502137,6817040235
1772223368005,23139644832,6869904429
1772223369006,23191415897,6923869641
1772223370005,23242498644,6976609437
1772223371005,23293466696,7029815212
1772223372005,23344000078,7082982598
1772223373005,23394980016,7136115684
1772223374005,23447783834,7189992765
1772223375005,23499299725,7243604265
1772223376005,23550291015,7296565409
1772223377005,23600804897,7349409508
1772223378005,23651679967,7402532295
1772223379005,23704527286,7458134019
1772223380005,23755811698,7512012657
1772223381005,23807895827,7567181267
1772223382005,23859230437,7620400194
1772223383005,23910252380,7673263778
1772223384005,23962738847,7727304257
1772223385005,24013732045,7780618929
1772223386005,24064540941,7833757889
1772223387005,24115595063,7886727028
1772223388005,24166607226,7939439298
1772223389005,24218426934,7992349800
1772223390005,24270851347,8046288310
1772223391005,24322411974,8096283863
1772223392005,24373277965,8145170221
1772223393005,24424548690,8194253650
1772223394005,24476563410,8244692921
1772223395005,24528136366,8295533859
1772223396005,24579332983,8347447358
1772223397005,24630888453,8397020722
1772223398005,24681924677,8446104456
1772223399005,24733106738,8493751696
1772223400005,24784114308,8540287589
1772223401005,24833647300,8586276147
1772223402005,24877692950,8630977235
1772223403005,24921208232,8675360774
1772223404005,24966163594,8720006750
1772223405005,25009986569,8762405787
1772223406005,25053078976,8803684277
1772223407005,25096421125,8844252552
1772223408005,25139988040,8881831236
1772223409005,25184071133,8922209107
1772223410005,25224964572,8959906422
1772223411005,25265774870,8996242602
1772223412005,25305444907,9033068197
1772223413005,25344763659,9067778758
1772223414005,25385250656,9104123375
1772223415005,25425036745,9139271963
1772223416005,25465051369,9175221261
1772223417005,25504771086,9209666501
1772223418005,25544560196,9244162596
1772223419005,25584437590,9278571278
1772223420005,25621139030,9313189849
1772223421005,25658505598,9349511076
1772223422005,25694936484,9384297378
1772223423005,25731450205,9418824645
1772223424005,25767303545,9455070573
1772223425005,25801420097,9487684396
1772223426005,25830543316,9519243784
1772223427005,25856078205,9555254540
1772223428005,25881541457,9591841744
1772223429005,25907098745,9626664803
1772223430005,25932359722,9661675993
1772223431005,25959240961,9696687030
1772223432005,25984527129,9731404611
1772223433005,26009774786,9766269400
1772223434005,26037825703,9801848630
1772223435005,26065195626,9836889039
1772223436005,26091069379,9871858330
1772223437005,26116622959,9906839599
1772223438005,26141944662,9941641724
1772223439005,26167765577,9978864668
1772223440005,26193546837,10013730006
1772223441005,26220807695,10048720796
1772223442006,26246344552,10083805393
1772223443005,26276344679,10118769481
1772223444005,26304859882,10154685074
1772223445005,26331179642,10189817229
1772223446005,26356492039,10224668835
1772223447005,26382105720,10259648823
1772223448005,26407510839,10294619808
1772223449006,26432917988,10329639756
1772223450006,26458644837,10364513685
1772223451005,26485191514,10399557786
1772223452005,26510712472,10434499079
1772223453005,26536118705,10469346337
1772223454005,26563275504,10504970776
1772223455006,26589659592,10540147409
1772223456005,26614882576,10575007300
1772223457006,26640400971,10610054926
1772223458005,26665607630,10644943244
1772223459005,26696242657,10679941495
1772223460005,26721933238,10714814584
1772223461006,26748677842,10749768572
1772223462005,26774766779,10784722148
1772223463005,26799893959,10819609016
1772223464005,26827027352,10855510388
1772223465005,26853194730,10890836671
1772223466005,26878449741,10925934831
1772223467005,26904026101,10961052125
1772223468005,26929007765,10995876893
1772223469005,26959517052,11030868171
1772223470005,26984536891,11065881573
1772223471005,27010011785,11101448551
1772223472005,27035457491,11136500526
1772223473005,27060565537,11171368000
1772223474005,27089159685,11207423280
1772223475005,27118376985,11242992562
1772223476005,27144426908,11277818169
1772223477005,27169968479,11312723178
1772223478005,27195108918,11347437996
1772223479005,27220386587,11382188534
1772223480005,27245626981,11417121893
1772223481006,27271400535,11452548299
1772223482005,27296813787,11487347280
1772223483005,27321928211,11521951661
1772223484005,27349044423,11557655595
1772223485005,27375041797,11592822737
1772223486006,27400399952,11627600632
1772223487005,27425818346,11662357090
1772223488005,27450886035,11696971007
1772223489005,27476178077,11731606133
1772223490005,27506126937,11766287292
1772223491005,27532126279,11801900136
1772223492005,27557411165,11836597301
1772223493005,27582460743,11871223897
1772223494005,27609604984,11906786725
1772223495005,27635620591,11941790255
1772223496005,27660795147,11976615923
1772223497006,27686221658,12011733660
1772223498005,27711327888,12046504994
1772223499005,27736806536,12083443651
1772223500006,27762003979,12118142967
1772223501006,27789289768,12153841759
1772223502005,27814997805,12188678748
1772223503005,27840052905,12223362074
1772223504005,27867368647,12258895408
1772223505005,27893157993,12294101046
1772223506006,27923565295,12328895694
1772223507005,27948820169,12363626671
1772223508005,27973989399,12398449592
1772223509005,27999203336,12433180279
1772223510005,28024297436,12467863651
1772223511005,28049701045,12503356078
1772223512005,28074998046,12538205243
1772223513005,28100206551,12572963501
1772223514005,28127477983,12608492700
1772223515005,28153338355,12643532056
1772223516005,28178816911,12674747849
1772223517005,28204235168,12700655399
1772223518005,28229361325,12725794556
1772223519005,28255782032,12754100237
1772223520005,28286590619,12782084660
1772223521005,28316709270,12811820152
1772223522005,28353048669,12837469064
1772223523005,28408412215,12875358187
1772223524005,28460006227,12926042761
1772223525005,28510590388,12979364344
1772223526005,28560893313,13029916997
1772223527005,28611903859,13082534531
1772223528005,28662936422,13135411557
1772223529005,28711874168,13190606563
1772223530005,28759198274,13245651065
1772223531005,28806310141,13300678645
1772223532005,28853871433,13356490837
1772223533005,28900922146,13411592068
1772223534005,28949178378,13467286560
1772223535005,28995557327,13522987506
1772223536005,29042840161,13578053522
1772223537005,29091643835,13633216364
1772223538005,29139579100,13687236306
1772223539005,29186006570,13742943325
1772223540005,29232423481,13798399609
1772223541005,29280321562,13854338047
1772223542005,29327340966,13909733314
1772223543005,29375287202,13964518750
1772223544005,29423510355,14020320414
1772223545005,29470505300,14075807566
1772223546005,29517725880,14131772048
1772223547005,29564576714,14187606792
1772223548005,29612143986,14243513080
1772223549005,29660142237,14299917070
1772223550005,29706738231,14356061337
1772223551005,29754236339,14412185022
1772223552005,29800729082,14468018316
1772223553005,29849942251,14523296097
1772223554005,29899616562,14580074777
1772223555005,29947801097,14634234207
1772223556005,29997472829,14686355673
1772223557005,30043800802,14741638702
1772223558005,30090097007,14797234903
1772223559005,30139460772,14852584366
1772223560005,30186431045,14908483925
1772223561005,30234536360,14965015548
1772223562005,30281455977,15020288523
1772223563005,30328219076,15075959563
1772223564005,30376415253,15132135354
1772223565005,30423752802,15188146892
1772223566005,30469963364,15243778720
1772223567005,30514618205,15302543259
1772223568005,30561421753,15358705470
1772223569005,30609689628,15416974109
1772223570005,30655798861,15472301554
1772223571005,30703280201,15528989419
1772223572005,30749966843,15585151919
1772223573005,30796200475,15640748684
1772223574005,30843396444,15696893364
1772223575005,30892995793,15751957746
1772223576005,30940182622,15808048885
1772223577005,30986675564,15863848078
1772223578005,31033218232,15919446491
1772223579005,31080287651,15976082127
1772223580005,31127706997,16031925842
1772223581005,31175296211,16087631229
1772223582005,31223141241,16143704074
1772223583005,31270678272,16200133498
1772223584005,31319064793,16257734187
1772223585005,31368049289,16314551790
1772223586005,31415117336,16370836706
1772223587005,31462219667,16427270326
1772223588005,31511567105,16481011795
1772223589005,31560283763,16537453364
1772223590005,31607248025,16593402955
1772223591005,31655168871,16650025118
1772223592005,31702542871,16706260415
1772223593005,31748545710,16762455019
1772223594005,31796144597,16819222972
1772223595005,31842347729,16874893815
1772223596005,31889349143,16931106133
1772223597005,31936171993,16987411738
1772223598005,31982192593,17043436185
1772223599005,32028867883,17099748184
1772223600005,32075696867,17159154963
1772223601005,32123693149,17217637458
1772223602005,32169221068,17275128732
1772223603005,32216003103,17331270222
1772223604005,32263361265,17387414841
1772223605005,32311206371,17443496245
1772223606005,32359404256,17500388216
1772223607005,32406510082,17557090957
1772223608005,32453303407,17613655964
1772223609005,32500143209,17670167736
1772223610005,32546897566,17726432358
1772223611005,32594890903,17783474406
1772223612005,32641284119,17838820589
1772223613005,32687969739,17895148487
1772223614005,32735498103,17951190510
1772223615005,32783539274,18007852619
1772223616005,32830769223,18066540121
1772223617005,32879148069,18122337223
1772223618005,32926817753,18178760544
1772223619005,32977017809,18234658883
1772223620005,33024294341,18291118869
1772223621005,33072004871,18347246154
1772223622005,33120563761,18403310134
1772223623005,33167350618,18459379149
1772223624005,33216025759,18515698182
1772223625005,33262375321,18570955975
1772223626005,33309315444,18627211535
1772223627007,33357057436,18682636815
1772223628005,33404374035,18738496642
1772223629005,33451428685,18794423972
1772223630005,33498320196,18850104747
1772223631005,33546213166,18907243912
1772223632005,33597620877,18963463600
1772223633005,33645364029,19019975708
1772223634005,33694105390,19077435551
1772223635005,33741409920,19133047634
1772223636005,33788327369,19189361037
1772223637005,33836438361,19245256340
1772223638005,33888037072,19298619989
1772223639005,33935952349,19354220645
1772223640005,33983429249,19410520391
1772223641005,34029997473,19465939065
1772223642005,34077615006,19521493610
1772223643005,34125759230,19577266452
1772223644005,34173896206,19634075358
1772223645005,34220914053,19689724046
1772223646005,34268310253,19745690817
1772223647005,34318650484,19800324299
1772223648005,34370103161,19854603276
1772223649005,34421390898,19909264359
1772223650005,34467244606,19964659703
1772223651005,34514444207,20021416426
1772223652005,34561520081,20078419185
1772223653005,34610141193,20132999081
1772223654005,34664233839,20182865704
1772223655005,34714640885,20235318801
1772223656005,34764001797,20289306580
1772223657005,34811122697,20344484878
1772223658005,34858986310,20400189960
1772223659005,34905769719,20455585258
1772223660005,34952077123,20511603571
1772223661005,34999084412,20567904049
1772223662005,35045488201,20624376456
1772223663006,35093569821,20682044936
1772223664005,35142898584,20738134641
1772223665005,35189542427,20793862747
1772223666005,35236445916,20849997020
1772223667005,35283224686,20905645815
1772223668005,35330240870,20961730057
1772223669005,35377735500,21016951613
1772223670005,35424492130,21073490376
1772223671005,35471682729,21129196174
1772223672005,35518386551,21184827025
1772223673005,35565265444,21241266962
1772223674005,35614103449,21298026539
1772223675005,35660632979,21354133974
1772223676005,35707347818,21410457035
1772223677005,35754052815,21466583496
1772223678005,35801180063,21523180713
1772223679005,35851517562,21582645762
1772223680005,35898230799,21638141717
1772223681005,35946304088,21694984526
1772223682005,35993494580,21750798702
1772223683005,36041605007,21806451510
1772223684005,36090905878,21863421250
1772223685005,36139350044,21919444583
1772223686005,36186243966,21975526369
1772223687005,36233083264,22031743631
1772223688005,36280094260,22087753506
1772223689005,36327709428,22143520534
1772223690005,36373917869,22200365556
1772223691005,36417746062,22260953442
1772223692005,36460705434,22321927614
1772223693005,36506055491,22379427051
1772223694005,36555365425,22436609656
1772223695005,36604408849,22492328531
1772223696005,36651542382,22548808886
1772223697005,36698728663,22605102499
1772223698005,36745569380,22661812304
1772223699005,36792207807,22717307863
1772223700005,36838551617,22772377082
1772223701005,36887007332,22828617887
1772223702005,36934251547,22885090919
1772223703005,36980842049,22940240868
1772223704005,37029552252,22996862787
1772223705005,37076825626,23052772814
1772223706005,37124994384,23109589196
1772223707006,37171954388,23165933008
1772223708006,37218729038,23221384532
1772223709005,37269625317,23277621049
1772223710005,37319338002,23333129730
1772223711005,37368457623,23388182165
1772223712005,37415827381,23444550573
1772223713005,37462952019,23500744871
1772223714005,37511793808,23556007364
1772223715005,37559117624,23611165095
1772223716005,37608500157,23668252001
1772223717005,37656788858,23723377996
1772223718005,37707239954,23774669884
1772223719005,37758481155,23827270740
1772223720005,37807495328,23880936544
1772223721005,37856240122,23936547468
1772223722005,37903612901,23990929879
1772223723005,37949967132,24046751745
1772223724005,37998365676,24102669523
1772223725005,38046147201,24158924243
1772223726005,38095528895,24215187325
1772223727005,38143969657,24271301549
1772223728005,38191182105,24327347342
1772223729005,38238625742,24383337763
1772223730005,38286296144,24439429711
1772223731005,38334846123,24496334773
1772223732005,38383821313,24552650494
1772223733005,38431225066,24608724148
1772223734005,38479388987,24665060117
1772223735005,38526730457,24720816175
1772223736005,38573575614,24777007132
1772223737005,38622020100,24832457267
1772223738005,38668844415,24887629356
1772223739005,38719107898,24944685305
1772223740005,38766511514,25000904779
1772223741005,38815701032,25057587013
1772223742005,38864556202,25114431043
1772223743005,38911757878,25171058882
1772223744005,38960507264,25227630923
1772223745005,39008597032,25283879845
1772223746005,39056428055,25340325870
1772223747005,39103829442,25397079802
1772223748005,39152534153,25453365938
1772223749005,39199849059,25509289972
1772223750005,39247243107,25565461475
1772223751005,39295159910,25622147493
1772223752005,39342057479,25678250228
1772223753005,39390438888,25734465628
1772223754005,39438941354,25791334498
1772223755005,39486289598,25847539142
1772223756005,39533583692,25904406272
1772223757005,39582734867,25959920323
1772223758005,39631321710,26016701689
1772223759005,39677964454,26072894721
1772223760005,39725369519,26129452556
1772223761005,39772668923,26185674685
1772223762005,39819377109,26242184611
1772223763005,39867623927,26298562067
1772223764005,39915248952,26355789027
1772223765005,39962926723,26412379163
1772223766005,40009729615,26469064922
1772223767005,40056468486,26525298617
1772223768005,40103488103,26581627216
1772223769005,40153889610,26637020714
1772223770005,40199994358,26694004034
1772223771005,40245133747,26749647473
1772223772005,40288708978,26804865046
1772223773005,40335501999,26857738044
1772223774005,40381949197,26911893431
1772223775005,40426083786,26964649675
1772223776005,40467023029,27016903580
1772223777005,40507070534,27069559090
1772223778005,40547097318,27120043510
1772223779005,40588586185,27164626379
1772223780005,40625939753,27208778163
1772223781005,40663853930,27249325246
1772223782005,40700602914,27289426687
1772223783005,40734736647,27327883866
1772223784005,40763967893,27366409553
1772223785005,40790211897,27404392254
1772223786005,40816579308,27440665509
1772223787005,40842065142,27475420258
1772223788005,40869946757,27510108039
1772223789005,40905096764,27538171682
1772223790005,40939747285,27563672057
1772223791005,40974703272,27590375113
1772223792005,41009191784,27615542910
1772223793005,41043408550,27640664230
1772223794005,41078622000,27668121978
1772223795005,41113377893,27694099287
1772223796005,41148211465,27719431839
1772223797005,41182368542,27744677741
1772223798005,41216576246,27769798436
1772223799005,41250891839,27801111514
1772223800005,41285214680,27826504870
1772223801005,41319550276,27853237954
1772223802005,41353245646,27878610299
1772223803005,41386913888,27903855072
1772223804005,41423064713,27931963191
1772223805006,41457852740,27957811357
1772223806005,41491950479,27983076332
1772223807005,41525796141,28008318465
1772223808005,41559562934,28033343157
1772223809005,41594589488,28058655538
1772223810005,41628376727,28084024053
1772223811005,41662474772,28110635806
1772223812005,41696229786,28135694156
1772223813005,41729982343,28160751744
1772223814005,41764862772,28188192006
1772223815005,41799080775,28213834967
1772223816005,41833194276,28238790174
1772223817005,41867325659,28264159269
1772223818005,41901154170,28289101415
1772223819005,41935044767,28314304167
1772223820005,41969126684,28345708824
1772223821005,42003465652,28372116317
1772223822005,42037925723,28397171830
1772223823005,42071706172,28422298430
1772223824005,42106541803,28449578025
1772223825005,42140844991,28475210244
1772223826005,42174772680,28500163055
1772223827005,42208710638,28525434545
1772223828005,42242519757,28550567187
1772223829005,42276489237,28581602554
1772223830005,42310310318,28606845740
1772223831005,42344576353,28633437947
1772223832005,42378406314,28658501470
1772223833005,42412209757,28683698608
1772223834005,42446775551,28711295783
1772223835005,42480991967,28738986062
1772223836005,42515012745,28768187845
1772223837005,42548990205,28793630743
1772223838005,42582670577,28818727452
1772223839005,42616362728,28844035622
1772223840005,42650261472,28869391519
1772223841005,42684707064,28894999250
1772223842005,42719269455,28920210546
1772223843005,42752992778,28945341922
1772223844005,42787663440,28972705222
1772223845005,42821746745,28998483064
1772223846005,42855418298,29023508946
1772223847005,42889542021,29048933428
1772223848005,42923190809,29074007753
1772223849005,42956877208,29099144637
1772223850005,42990665652,29124474031
1772223851005,43024651840,29155459596
1772223852005,43058284576,29181443085
1772223853005,43083563665,29209212874
1772223854005,43111103256,29236892625
1772223855005,43137061127,29262329573
1772223856006,43163700740,29290127741
1772223857005,43193985200,29317030189
1772223858005,43227264455,29342587614
1772223859005,43275489988,29377301197
1772223860004,43331044244,29419533693
1772223861005,43382493610,29471743227
1772223862005,43434815016,29521242422
1772223863005,43484152308,29574917289
1772223864005,43533089368,29630008755
1772223865005,43579961623,29685241235
1772223866005,43627544749,29739001089
1772223867005,43675342067,29797340006
1772223868005,43723064101,29852749296
1772223869005,43770874419,29907882965
1772223870005,43817394337,29963484154
1772223871005,43864793008,30019050235
1772223872005,43911746665,30075128664
1772223873005,43958461397,30131337306
1772223874005,44007607583,30187798909
1772223875005,44054901189,30243245108
1772223876005,44100985475,30298717596
1772223877005,44148122625,30354688029
1772223878005,44193023791,30412770978
1772223879005,44235673502,30472706218
1772223880005,44279667977,30532097708
1772223881005,44323268871,30591795106
1772223882005,44365701339,30651217326
1772223883005,44407729591,30712218627
1772223884005,44452060825,30771836165
1772223885005,44496014073,30829023286
1772223886005,44538296112,30887769714
1772223887005,44581433072,30945664181
1772223888005,44623702935,31004770118
1772223889005,44669013717,31062378543
1772223890005,44712723142,31121004021
1772223891005,44757247237,31180304253
1772223892005,44800299240,31240011080
1772223893005,44843257331,31299684905
1772223894005,44887586917,31358516167
1772223895005,44934595014,31415955030
1772223896005,44981252758,31472040951
1772223897005,45028494760,31528527944
1772223898005,45071607948,31588063790
1772223899005,45114750554,31648827570
1772223900005,45158002360,31708250415
1772223901005,45202169174,31767779884
1772223902005,45244824485,31827971382
1772223903005,45288450372,31888450111
1772223904005,45333070516,31946178724
1772223905005,45379599101,32003227669
1772223906005,45424571445,32062480357
1772223907005,45467160826,32121994232
1772223908005,45511220666,32182655005
1772223909005,45553666591,32241794936
1772223910005,45596792886,32301320011
1772223911005,45642208948,32360856559
1772223912005,45684924680,32420723992
1772223913005,45728265686,32480677785
1772223914005,45773101837,32540365327
1772223915005,45816273296,32600973322
1772223916005,45860793698,32660597512
1772223917005,45903841338,32720535300
1772223918005,45946924605,32780561813
1772223919005,45993027613,32839846040
1772223920005,46035846367,32899870905
1772223921005,46080962351,32959501335
1772223922005,46121661860,33019457494
1772223923005,46164645493,33079878731
1772223924005,46211304869,33138538997
1772223925005,46258583078,33195562705
1772223926005,46305999007,33251325294
1772223927005,46354256582,33305765777
1772223928005,46400246071,33361432713
1772223929005,46446423966,33416916325
1772223930005,46492559565,33474964043
1772223931005,46540246369,33532712232
1772223932005,46585411132,33591643480
1772223933005,46628197280,33651794925
1772223934005,46673441065,33711209150
1772223935005,46717045957,33771381865
1772223936005,46759675237,33830865590
1772223937005,46806273322,33890716270
1772223938005,46849614922,33951020463
1772223939005,46893122270,34011351389
1772223940005,46936611049,34072098385
1772223941005,46980935767,34131526082
1772223942005,47025143610,34189331946
1772223943005,47068667452,34249855870
1772223944005,47114208294,34308901721
1772223945005,47158680451,34368749181
1772223946005,47205312927,34429029069
1772223947005,47253597326,34486090723
1772223948005,47301802520,34542675260
1772223949005,47348830514,34602229386
1772223950005,47391626138,34661802507
1772223951005,47435051046,34721126557
1772223952005,47478193682,34781494087
1772223953005,47522541120,34841708639
1772223954005,47568412298,34901697114
1772223955005,47615601310,34957811079
1772223956005,47662807838,35013963693
1772223957005,47710147767,35070543027
1772223958005,47757969131,35126146872
1772223959005,47805590920,35182825474
1772223960005,47851236585,35242793519
1772223961005,47898391541,35300856358
1772223962005,47947655244,35356435164
1772223963005,47996209877,35412833233
1772223964005,48043594847,35468189471
1772223965005,48086697461,35527804491
1772223966005,48132765498,35584727511
1772223967005,48179513920,35640720282
1772223968005,48227221444,35696173576
1772223969005,48274134271,35752292256
1772223970005,48321088279,35808352925
1772223971005,48368465345,35864358222
1772223972005,48414954640,35920191684
1772223973005,48461360398,35975665683
1772223974005,48511100349,36030318435
1772223975005,48558498212,36085596049
1772223976005,48605410169,36141845718
1772223977005,48652276276,36197742028
1772223978005,48701562469,36253724744
1772223979005,48750707892,36310648436
1772223980005,48797391940,36366477397
1772223981005,48844859822,36421606412
1772223982005,48891702630,36478448398
1772223983005,48938109913,36533863959
1772223984005,48986431083,36590511969
1772223985005,49034668549,36646740552
1772223986005,49081792576,36703366713
1772223987005,49128764650,36759768337
1772223988005,49175948886,36816191475
1772223989005,49224110137,36872278968
1772223990005,49271361432,36928278162
1772223991005,49319504069,36984281690
1772223992005,49366777259,37038868055
1772223993005,49418089928,37092621790
1772223994005,49468112884,37149173218
1772223995005,49516269207,37205035411
1772223996005,49563081590,37260777554
1772223997005,49610459359,37317337388
1772223998005,49657387962,37373904363
1772223999005,49704605705,37430120099
1772224000005,49752277922,37486263024
1772224001005,49800048218,37543017917
1772224002005,49846653687,37599275826
1772224003005,49893529711,37655704304
1772224004005,49941224129,37712539835
1772224005005,49990031358,37769476924
1772224006005,50036836525,37825861154
1772224007005,50083592056,37882007863
1772224008005,50130550749,37938250483
1772224009005,50183538182,37995292028
1772224010005,50231572181,38052015276
1772224011005,50280934680,38108936252
1772224012005,50329909107,38164256328
1772224013005,50380800060,38217193013
1772224014005,50429917225,38273965117
1772224015005,50477264676,38330012130
1772224016005,50525467154,38384892989
1772224017006,50572287395,38440211585
1772224018005,50619593558,38496521417
1772224019005,50665953480,38551108667
1772224020005,50713002195,38607091337
1772224021005,50761970198,38663735853
1772224022005,50808087182,38719432207
1772224023005,50854637937,38774937302
1772224024005,50903557312,38832041404
1772224025005,50952937815,38890283982
1772224026005,51001474841,38947048305
1772224027005,51048385195,39003175331
1772224028005,51095580539,39059932405
1772224029005,51142211932,39116365995
1772224030005,51189499022,39173210376
1772224031005,51238577462,39229781349
1772224032005,51285410612,39285911792
1772224033005,51331950990,39341959690
1772224034005,51379111561,39398400604
1772224035005,51426223947,39454868402
1772224036005,51469827756,39512505238
1772224037005,51514211325,39571403010
1772224038005,51558989832,39629983217
1772224039005,51608299919,39687211153
1772224040005,51656951288,39742792096
1772224041005,51705910075,39798776658
1772224042005,51753471672,39854762181
1772224043005,51800884061,39910744210
1772224044005,51849607280,39966938097
1772224045005,51897217977,40022981188
1772224046005,51943710766,40078482285
1772224047005,51991660709,40134098718
1772224048005,52039316112,40190967191
1772224049005,52086385028,40247339962
1772224050005,52134186633,40303502768
1772224051005,52182562595,40360043118
1772224052005,52231337005,40415762313
1772224053005,52278046320,40471723302
1772224054005,52326303651,40527783269
1772224055005,52374497066,40584445042
1772224056005,52424319655,40641083745
1772224057005,52471879512,40697112265
1772224058005,52519278138,40752181088
1772224059005,52566237593,40808481750
1772224060005,52613910726,40865066867
1772224061005,52661792268,40921493621
1772224062005,52709533497,40977239258
1772224063005,52759365453,41032437041
1772224064005,52810358101,41086700104
1772224065005,52857618246,41143252706
1772224066005,52905326991,41199606756
1772224067005,52952363606,41255870509
1772224068005,53001366397,41312919561
1772224069005,53052141145,41369296940
1772224070005,53098665640,41423568425
1772224071005,53147041663,41479641148
1772224072005,53195843995,41536320071
1772224073005,53243975051,41592220608
1772224074005,53292621781,41649297246
1772224075005,53340437912,41705239177
1772224076005,53388357706,41762117888
1772224077005,53436055846,41818492735
1772224078005,53483017895,41873838566
1772224079005,53531614656,41930016615
1772224080005,53578219240,41985644445
1772224081005,53625686329,42041651696
1772224082005,53673228578,42097733619
1772224083005,53721058350,42153570316
1772224084005,53771441761,42208716054
1772224085005,53818600135,42264812976
1772224086005,53865967543,42321268370
1772224087005,53913235347,42377974925
1772224088005,53962130630,42434676949
1772224089005,54008233699,42492400282
1772224090005,54052627430,42550289561
1772224091005,54100317667,42607112627
1772224092005,54143687266,42667069258
1772224093005,54187357203,42727171069
1772224094005,54233908613,42787190548
1772224095005,54277908718,42847442743
1772224096005,54321828520,42908483348
1772224097005,54365114246,42968171393
1772224098005,54408512071,43027508504
1772224099005,54454929166,43087377463
1772224100005,54499104982,43147228951
1772224101005,54543720701,43206797022
1772224102004,54588391304,43267107990
1772224103005,54632720218,43326780533
1772224104005,54677793922,43387154471
1772224105005,54722487656,43445973237
1772224106005,54766156052,43503488970
1772224107005,54809931833,43560149385
1772224108005,54853146579,43616166080
1772224109005,54896883620,43672533221
1772224110005,54939930314,43731001984
1772224111005,54983606369,43789045766
1772224112005,55027172933,43845944206
1772224113005,55070232459,43902395800
1772224114005,55115004558,43959486628
1772224115005,55160273319,44015633230
1772224116005,55204085232,44071990896
1772224117005,55247641375,44128487013
1772224118005,55290452058,44185046649
1772224119005,55331164384,44242121868
1772224120005,55372052986,44293741651
1772224121005,55412962339,44343150869
1772224122005,55451127449,44385505109
1772224123005,55486729505,44426126284
1772224124005,55521978094,44467556469
1772224125005,55556042479,44505609661
1772224126005,55590892285,44544015527
1772224127005,55621212007,44581725964
1772224128005,55647117634,44616836926
1772224129005,55678137011,44651533145
1772224130005,55712148619,44676466655
1772224131005,55746264744,44703720769
1772224132005,55780269806,44728815388
1772224133005,55814075568,44753915408
1772224134005,55848727462,44781587226
1772224135005,55882845449,44813189550
1772224136005,55917120303,44838556829
1772224137005,55951124755,44863701784
1772224138005,55985066893,44889011602
1772224139005,56018819191,44914169267
1772224140005,56052551715,44939240221
1772224141005,56086742451,44966022512
1772224142005,56120679799,44991145862
1772224143005,56154366670,45016309493
1772224144005,56189181581,45043753004
1772224145005,56223115373,45069302342
1772224146005,56256899530,45094678349
1772224147005,56290740584,45119825380
1772224148005,56324409757,45145189958
1772224149005,56358185048,45170671215
1772224150005,56391795188,45196606489
1772224151005,56426310569,45227548080
1772224152005,56460075531,45252826848
1772224153005,56493557839,45278062344
1772224154005,56528247085,45305577477
1772224155005,56562056097,45331403168
1772224156005,56596587194,45356909036
1772224157005,56630601609,45382289574
1772224158005,56664188389,45407543121
1772224159005,56698144198,45439361009
1772224160005,56731868971,45464539258
1772224161005,56765777953,45491846103
1772224162005,56800396509,45517251421
1772224163005,56834411809,45542604282
1772224164005,56869408122,45570291845
1772224165005,56903701240,45595733157
1772224166005,56937876811,45624822518
1772224167005,56972101679,45652109269
1772224168005,57006074181,45677301814
1772224169005,57040239910,45702775686
1772224170005,57074209970,45727891941
1772224171005,57108342314,45755125884
1772224172005,57142519823,45780231977
1772224173005,57176390172,45805445746
1772224174005,57211162437,45833143212
1772224175005,57245372658,45858697966
1772224176005,57279553431,45884044800
1772224177005,57313722013,45909112870
1772224178005,57347584199,45933981350
1772224179005,57381679741,45959246462
1772224180005,57415675481,45984218040
1772224181005,57449917500,46011144367
1772224182005,57484171084,46042236326
1772224183005,57519083250,46067278534
1772224184005,57553845398,46094933094
1772224185005,57587840207,46120843330
1772224186005,57621616750,46146162150
1772224187005,57655584476,46171215542
1772224188005,57689570756,46196249968
1772224189005,57723731037,46227506881
1772224190005,57757516949,46252512439
1772224191005,57791571660,46279493298
1772224192005,57825418619,46304509567
1772224193005,57858234442,46330918144
1772224194005,57885407552,46360334607
1772224195006,57911478088,46386862959
1772224196005,57936842834,46412108327
1772224197005,57963420943,46440812592
1772224198005,57991487805,46473908094
1772224199005,58026451954,46500260369
1772224200005,58060176819,46526337695
1772224201005,58091364705,46553615459
1772224202005,58140532618,46588492806
1772224203005,58189413116,46634081009
1772224204005,58236904221,46683044023
1772224205005,58284024175,46728634713
1772224206005,58334459097,46780522990
1772224207005,58385591768,46833097694
1772224208005,58436427503,46885675374
1772224209005,58487483426,46939055228
1772224210005,58538784773,46992104425
1772224211005,58587596687,47046803134
1772224212005,58634325334,47103068779
1772224213005,58683488701,47158793238
1772224214005,58735062526,47212960084
1772224215005,58786003983,47265067299
1772224216005,58836572001,47318324081
1772224217005,58885332175,47372883058
1772224218005,58932396055,47428967606
1772224219005,58981990964,47485781684
1772224220005,59028828126,47542306608
1772224221005,59076496575,47598138392
1772224222005,59122959382,47654151914
1772224223005,59169730889,47710078526
1772224224005,59217572058,47765652403
1772224225005,59264675960,47822065715
1772224226005,59312365724,47877665852
1772224227005,59358998643,47933988348
1772224228005,59406290585,47990145799
1772224229005,59453280587,48048968166
1772224230005,59500338318,48105146932
1772224231005,59548152481,48161264009
1772224232005,59594425524,48216529187
1772224233005,59641385254,48272774203
1772224234005,59689864192,48329572780
1772224235005,59736582845,48386410127
1772224236005,59783635863,48443157253
1772224237005,59831501246,48499715409
1772224238005,59878423716,48555731799
1772224239005,59925662865,48612177611
1772224240005,59972650746,48668263852
1772224241005,60020442449,48724571334
1772224242005,60069704534,48781109136
1772224243005,60116921132,48837426765
1772224244005,60165944980,48894430211
1772224245005,60213532927,48953294171
1772224246005,60260063876,49009323225
1772224247005,60307769432,49065457484
1772224248005,60354943720,49121898733
1772224249005,60405465918,49178861485
1772224250005,60452464968,49235056654
1772224251005,60501122287,49291853231
1772224252005,60549905638,49349007548
1772224253005,60596729449,49405561920
1772224254005,60645315483,49461306046
1772224255005,60693024716,49517348619
1772224256005,60740557537,49573370258
1772224257005,60789235302,49629520171
1772224258005,60837248825,49685254227
1772224259005,60884631552,49741962537
1772224260005,60931434674,49800113781
1772224261005,60979589685,49858070180
1772224262005,61025755068,49914577543
1772224263005,61073713830,49970062878
1772224264005,61123240368,50026819510
1772224265005,61170809502,50083174445
1772224266005,61217694116,50139661178
1772224267005,61263867510,50195736312
1772224268005,61312241732,50251273830
1772224269005,61359998311,50307643839
1772224270005,61407090724,50364518706
1772224271005,61454668083,50421184660
1772224272005,61501966952,50478035144
1772224273005,61549830795,50535277026
1772224274005,61599538154,50592167852
1772224275005,61647109303,50648671858
1772224276005,61694570242,50708102851
1772224277005,61742567211,50765350608
1772224278005,61790554124,50821920924
1772224279006,61840902030,50878152544
1772224280005,61887950012,50934536850
1772224281005,61935831951,50991495315
1772224282005,61983321484,51048307532
1772224283005,62030860178,51104986196
1772224284005,62080965269,51162065092
1772224285005,62127865538,51218621616
1772224286005,62174800428,51274894768
1772224287005,62221272206,51331366258
1772224288005,62267487056,51388843663
1772224289005,62315959250,51446509946
1772224290005,62362953066,51503335117
1772224291005,62410905313,51560109327
1772224292005,62458326323,51619504021
1772224293005,62505757326,51675949619
1772224294005,62554965918,51733500766
1772224295005,62602616133,51789382275
1772224296005,62650102004,51846003294
1772224297005,62697479086,51902600831
1772224298005,62744513183,51959353313
1772224299005,62792656766,52016229293
1772224300005,62840664308,52072514865
1772224301005,62888674658,52129172870
1772224302005,62936700586,52186171143
1772224303005,62983549588,52242646951
1772224304005,63033235953,52298940549
1772224305005,63084815958,52351906285
1772224306005,63133820611,52406868042
1772224307005,63180897766,52463965966
1772224308005,63227636163,52522619106
1772224309005,63277415403,52579508574
1772224310005,63325620582,52635822038
1772224311005,63372927706,52692453005
1772224312005,63419912245,52748414466
1772224313005,63467407348,52804986599
1772224314005,63516665756,52861623425
1772224315005,63566254073,52917816930
1772224316005,63613185011,52974108407
1772224317005,63660388869,53030531316
1772224318005,63707492985,53087178655
1772224319005,63754628700,53144265928
1772224320005,63803351767,53200901427
1772224321005,63851823106,53257671562
1772224322005,63898869257,53314542172
1772224323005,63945658723,53373523832
1772224324005,63994241721,53431081662
1772224325005,64042314888,53488088632
1772224326005,64089809090,53543842249
1772224327005,64136901183,53600432508
1772224328005,64185282211,53656738007
1772224329005,64232346671,53713062212
1772224330005,64280295592,53769750946
1772224331005,64329812334,53826615269
1772224332005,64377083830,53883597597
1772224333005,64426792594,53937556141
1772224334005,64475830249,53994375850
1772224335005,64524045591,54051129415
1772224336005,64572242393,54107337308
1772224337005,64619783712,54164283567
1772224338005,64667432081,54220836047
1772224339005,64720199204,54277234253
1772224340005,64767863746,54333379406
1772224341005,64817008834,54390493091
1772224342005,64864494827,54446398692
1772224343005,64911816614,54503553604
1772224344005,64960572729,54561190211
1772224345005,65008585993,54618185737
1772224346005,65055956285,54674586858
1772224347005,65104181162,54731472207
1772224348005,65151290313,54788232592
1772224349005,65198908990,54845026988
1772224350005,65246635526,54902078405
1772224351005,65294209543,54958766971
1772224352005,65343920549,55013669283
1772224353005,65391920753,55069620949
1772224354005,65441833043,55126927388
1772224355005,65491783920,55183367355
1772224356005,6761948,55239782559
1772224357005,55278788,55296505669
1772224358005,103155187,55353092709
1772224359005,150752167,55409615909
1772224360005,198464193,55466301667
1772224361005,246860509,55523080714
1772224362005,295391004,55579615739
1772224363005,343215191,55636686853
1772224364005,391418066,55694851143
1772224365005,435602656,55755280314
1772224366005,481694861,55813708888
1772224367005,529099194,55870707039
1772224368005,578424966,55927069862
1772224369005,629141261,55984184340
1772224370005,678424708,56041435514
1772224371005,728419346,56098717525
1772224372005,775984726,56155376857
1772224373005,825080042,56212475024
1772224374005,874269484,56268659390
1772224375005,922092023,56325843871
1772224376005,970025702,56383090377
1772224377005,1017878864,56440510228
1772224378005,1065694857,56497930828
1772224379005,1113543029,56553905457
1772224380005,1161544621,56609892506
1772224381005,1210232197,56666652342
1772224382005,1257842726,56723233004
1772224383005,1306540236,56779632217
1772224384005,1355469376,56836118172
1772224385005,1402667878,56892230963
1772224386005,1452965677,56948947695
1772224387005,1499674901,57005521872
1772224388005,1547580733,57062553667
1772224389005,1596352351,57118504936
1772224390005,1644141765,57175666256
1772224391005,1692676730,57232699653
1772224392005,1740101997,57289637153
1772224393005,1787327216,57346619634
1772224394005,1837142160,57403852743
1772224395005,1884457126,57460669446
1772224396005,1931938176,57516958970
1772224397005,1978994061,57573708660
1772224398005,2026016730,57630525744
1772224399005,2076765876,57687938592
1772224400005,2123966209,57744663076
1772224401005,2171913192,57801098176
1772224402005,2220275651,57860525980
1772224403005,2267689871,57917172389
1772224404005,2317472453,57974762107
1772224405005,2366146525,58032403170
1772224406005,2413270095,58088682577
1772224407005,2460485061,58145064488
1772224408005,2507869512,58201364341
1772224409005,2555443071,58257421059
1772224410005,2604747467,58314616267
1772224411004,2653091052,58371041388
1772224412005,2700781548,58427382881
1772224413005,2748109743,58484332282
1772224414005,2797648975,58541958102
1772224415005,2846371263,58597954504
1772224416005,2893785437,58654845376
1772224417005,2942449623,58711693129
1772224418005,2990489634,58769116093
1772224419005,3037732049,58825966074
1772224420005,3086203343,58883208932
1772224421005,3134128584,58940018296
1772224422005,3182223890,58997178045
1772224423005,3229639788,59054148167
1772224424005,3278692702,59111005593
1772224425005,3327704785,59167423101
1772224426005,3374759603,59224029396
1772224427005,3422304461,59280748478
1772224428005,3469595976,59337509428
1772224429005,3517275228,59396747057
1772224431363,3566349274,59531024933
1772224432005,3663425598,59567687588
1772224433005,3713150733,59625005928
1772224434005,3761779826,59682392395
1772224435005,3808549425,59738462707
1772224436005,3857043759,59795056994
1772224437005,3904008600,59851861140
1772224438005,3950981482,59908185528
1772224439005,3998487204,59964554851
1772224440005,4046730727,60021473920
1772224441005,4096220019,60077420627
1772224442005,4143857143,60133820084
1772224443005,4191089091,60190533323
1772224444005,4239866338,60247571450
1772224445005,4285210917,60307203635
1772224446005,4334134702,60364406762
1772224447005,4381529331,60421522751
1772224448005,4428932351,60478326576
1772224449005,4478241080,60536176352
1772224450005,4525978678,60593481662
1772224451005,4574602720,60650349265
1772224452005,4623460087,60707052510
1772224453005,4671007997,60764022891
1772224454005,4720118296,60821083905
1772224455005,4768125045,60878120140
1772224456005,4817534279,60932353206
1772224457006,4866204751,60989375251
1772224458005,4913614363,61046188704
1772224459005,4965654335,61100094119
1772224460005,5016845017,61153254959
1772224461005,5067986323,61206540869
1772224462005,5117280054,61260184213
1772224463005,5164913379,61316938053
1772224464005,5215043995,61374212771
1772224465005,5265124947,61431062828
1772224466005,5313167156,61487110070
1772224467005,5364332952,61540906192
1772224468005,5415321144,61593668554
1772224469005,5465708034,61645968981
1772224470005,5516801904,61698893826
1772224471005,5570170238,61749562104
1772224472005,5622598267,61800978939
1772224473005,5673764535,61854635649
1772224474005,5726047766,61908520390
1772224475005,5777255781,61961869285
1772224476005,5828431403,62014516267
1772224477005,5879738976,62067616472
1772224478005,5931682258,62121392270
1772224479005,5982840593,62174396976
1772224480005,6035405822,62227560700
1772224481005,6089211877,62280434400
1772224482005,6140153258,62333084432
1772224483005,6191639380,62385781369
1772224484005,6243308538,62439641300
1772224485005,6294112383,62492615016
1772224486005,6344803579,62545152796
1772224487005,6395917024,62597352596
1772224488005,6447951931,62650745937
1772224489005,6500737485,62703450976
1772224490005,6552153177,62756008942
1772224491005,6603914553,62809447523
1772224492005,6654964709,62861970915
1772224493005,6706015581,62914367329
1772224494005,6758743445,62969234319
1772224495005,6810198182,63022037604
1772224496005,6863856677,63074779062
1772224497005,6915651041,63127777603
1772224498005,6967201171,63180264254
1772224499005,7019271888,63234321181
1772224500005,7070769362,63287034260
1772224501006,7124305885,63340779573
1772224502005,7175237791,63393899324
1772224503005,7226331981,63447299669
1772224504005,7278759506,63501802908
1772224505005,7329877468,63555107906
1772224506005,7380841553,63608043813
1772224507005,7432226179,63660967788
1772224508005,7483331492,63714127652
1772224509005,7535080098,63767677845
1772224510006,7586433109,63821262919
1772224511005,7638686480,63873510843
1772224512005,7691212068,63928225268
1772224513005,7742440514,63980597849
1772224514005,7794514786,64034379446
1772224515005,7846121706,64087930342
1772224516005,7896851275,64140356220
1772224517005,7947723538,64193082054
1772224518005,7999664074,64245988818
1772224519005,8051350564,64301264692
1772224520005,8103087238,64355147160
1772224521005,8154179597,64408921753
1772224522005,8205423544,64459070420
1772224523005,8256252061,64508001346
1772224524005,8308311167,64558424184
1772224525005,8359298551,64608409819
1772224526005,8410246707,64656896356
1772224527005,8461697278,64705501966
1772224528005,8514958974,64754231776
1772224529005,8566127104,64802928538
1772224530005,8617334691,64851278363
1772224531005,8668505629,64901768214
1772224532006,8712212063,64950263356
1772224533005,8754505561,64998863488
1772224534005,8796594937,65047941883
1772224535005,8836875828,65095016658
1772224536005,8877821114,65140178095
1772224537005,8917773057,65182890394
1772224538005,8957614823,65223474157
1772224539005,8997065450,65264266420
1772224540005,9030988180,65303510926
1772224541005,9066595287,65342332207
1772224542005,9095466474,65380172962
1772224543005,9124384733,65415886814
1772224544005,9153954081,65451495324
1772224545005,9179893795,65486167572
1772224546005,9206133099,65521195989
1772224547006,9231838084,23513539
1772224548005,9257178647,58120743
1772224549005,9283275274,95254885
1772224550005,9308617057,129885586
1772224551005,9334652652,165225647
1772224552005,9361287292,200619217
1772224553005,9393909567,227606851
1772224554005,9429256631,255137776
1772224555005,9463463419,280596161
1772224556005,9497490407,305626574
1772224557005,9531858381,331069991
1772224558005,9566827657,356217997
1772224559233,9603151752,387231332
1772224560005,9636869445,406772436
1772224561005,9671328265,432664499
1772224562005,9704929799,458149982
1772224563005,9738288517,483287476
1772224564005,9772633985,510809765
1772224565005,9806722554,536253609
1772224566005,9840183531,561605691
1772224567005,9873717823,587071507
1772224568005,9907181745,612228333
1772224569005,9940672627,637492911
1772224570005,9974434309,662546409
1772224571005,10008183510,689873060
1772224572005,10041815743,715131931
1772224573005,10075377529,740146492
1772224574005,10110185696,768225042
1772224575005,10144158854,798858314
1772224576005,10177654207,823896876
1772224577005,10211159265,849177963
1772224578005,10244554373,874128699
1772224579005,10278137216,905241409
1772224580005,10311832083,930189459
1772224581005,10346150346,956242189
1772224582005,10379993490,981527533
1772224583005,10413419771,1006536967
1772224584005,10448623684,1034199461
1772224585006,10482758867,1059907314
1772224586005,10516408616,1085023493
1772224587005,10550094313,1110328581
1772224588005,10583673783,1135605823
1772224589005,10617266925,1160911872
1772224590005,10651140784,1190428778
1772224591005,10685055656,1219592111
1772224592005,10718869535,1244996253
1772224593005,10752438234,1270082450
1772224594005,10787040265,1297462046
1772224595005,10821222717,1322645344
1772224596005,10854825700,1347709737
1772224597005,10888518263,1373094838
1772224598005,10922122742,1398213488
1772224599005,10955671696,1423401013
1772224600005,10989488887,1448570564
1772224601005,11023714427,1474305241
1772224602005,11057305326,1499586756
1772224603005,11090747948,1524603940
1772224604005,11125259743,1551959978
1772224605005,11159767328,1577344880
1772224606006,11193248400,1608491905
1772224607005,11226790610,1633911123
1772224608005,11260292341,1658997259
1772224609005,11295002491,1690164714
1772224610005,11328937656,1715226910
1772224611005,11362741206,1742366192
1772224612005,11396383494,1767613727
1772224613005,11429835942,1792636435
1772224614005,11464440857,1820015299
1772224615005,11498451564,1845254091
1772224616005,11531979936,1870206291
1772224617005,11565535086,1895652546
1772224618005,11599022200,1920784730
1772224619005,11632537129,1945956738
1772224620005,11666126182,1971025281
1772224621005,11700251706,1997992804
1772224622005,11733687553,2027914612
1772224623005,11766967601,2053039594
1772224624005,11801301717,2080354039
1772224625005,11835109844,2105605678
1772224626005,11869311963,2130671688
1772224627005,11902879212,2156081064
1772224628005,11936318386,2181253575
1772224629005,11969699563,2206266778
1772224630005,12003113500,2231220993
1772224631006,12037001777,2258290546
1772224632005,12070351600,2283431992
1772224633005,12103760608,2308582562
1772224634005,12138126080,2335797097
1772224635005,12171598439,2361635330
1772224636005,12205216238,2386638675
1772224637005,12238568914,2416512848
1772224638005,12272108561,2442899545
1772224639005,12305614458,2473966557
1772224640005,12338972443,2498968209
1772224641005,12373021998,2525669190
1772224642006,12406436057,2550820111
1772224643005,12439899307,2576088320
1772224644006,12474301413,2603509571
1772224645005,12508140193,2628703870
1772224646005,12542123055,2653708147
1772224647006,12575536565,2678969734
1772224648005,12609015760,2704298227
1772224649005,12642415430,2729368342
1772224650005,12675751917,2754382078
1772224651005,12711149836,2780221166
1772224652005,12744695434,2805288839
1772224653005,12778316086,2836481760
1772224654005,12808608236,2866013421
1772224655005,12834841926,2891682519
1772224656006,12860699079,2916910737
1772224657005,12887018335,2943908974
1772224658005,12913578745,2972863333
1772224659005,12947327045,2998176233
1772224660010,12990027809,3026241158
1772224661005,13024398987,3055740716
1772224662005,13069634532,3097260541
1772224663005,13121236860,3145457542
1772224664005,13150132262,3173685010
1772224665005,13191726561,3217601730
1772224666005,13240583486,3272209883
1772224667005,13289321261,3327672118
1772224668005,13336647473,3382760074
1772224669005,13387761620,3441033672
1772224670005,13428889986,3501588936
1772224671005,13474132794,3558219308
1772224672005,13516628003,3617168255
1772224673005,13559640091,3675199556
1772224674005,13600612581,3735087999
1772224675005,13640468369,3794584556
1772224676005,13681589778,3855219177
1772224677005,13722288510,3915088059
1772224678005,13765771689,3975523578
1772224679005,13808660798,4034758949
1772224680005,13851228069,4093576235
1772224681005,13896468299,4151849680
1772224682005,13938727054,4211652679
1772224683005,13980856665,4271452809
1772224684005,14025617946,4330863585
1772224685005,14068990291,4389727088
1772224686005,14113426180,4447845069
1772224687005,14156332073,4507390452
1772224688005,14198714662,4566226078
1772224689005,14245044068,4621932334
1772224690005,14291419752,4678159513
1772224691005,14338744453,4734008173
1772224692005,14381711103,4793337059
1772224693005,14424716707,4853588506
1772224694005,14469130548,4912744977
1772224695005,14512184550,4971170011
1772224696005,14555891655,5031241855
1772224697005,14598885694,5089741958
1772224698005,14641507086,5149007844
1772224699005,14686929694,5206644894
1772224700005,14729797808,5266455048
1772224701005,14773392645,5326230964
1772224702005,14817919151,5384967840
1772224703005,14860102745,5444120192
1772224704004,14904587154,5503803812
1772224705005,14950477497,5560417599
1772224706005,14996551560,5616313100
1772224707005,15044056275,5672055701
1772224708005,15089902659,5727587176
1772224709005,15137295808,5784064816
1772224710005,15183580127,5839640464
1772224711005,15229917696,5895964257
1772224712005,15277995746,5951887604
1772224713005,15324596745,6007720745
1772224714005,15372485168,6063666522
1772224715005,15419802118,6119889032
1772224716005,15466302170,6177788092
1772224717005,15513447116,6233372406
1772224718005,15560338246,6289508144
1772224719005,15606924094,6346244010
1772224720005,15653191019,6402243891
1772224721005,15700044354,6458159029
1772224722005,15746434396,6514340526
1772224723005,15793554472,6570414363
1772224724005,15841270022,6625891612
1772224725005,15887536062,6681565857
1772224726005,15934213290,6737742242
1772224727005,15980771551,6793508386
1772224728005,16028360689,6849076313
1772224729005,16077267797,6904870105
1772224730005,16123227487,6960420180
1772224731005,16170654843,7016204206
1772224732005,16217999761,7074881622
1772224733005,16265301209,7130727962
1772224734005,16313594336,7187161460
1772224735005,16359458129,7242768585
1772224736005,16406162745,7299216868
1772224737005,16452395919,7355291345
1772224738005,16500116413,7411561308
1772224739005,16546557248,7467603881
1772224740005,16595112324,7521788076
1772224741005,16641637765,7577450633
1772224742005,16687737630,7632973320
1772224743005,16734382862,7688592865
1772224744005,16783070286,7741430663
1772224745005,16832566841,7792592553
1772224746005,16882589584,7844604801
1772224747005,16929826536,7901389188
1772224748005,16976415817,7959075062
1772224749005,17024505615,8015397925
1772224750005,17071331578,8071694864
1772224751005,17118589906,8128044596
1772224752005,17164820395,8184370296
1772224753005,17211733466,8240848653
1772224754005,17260872603,8297090175
1772224755005,17307402942,8353126049
1772224756005,17353840726,8409050602
1772224757005,17400531701,8464722634
1772224758005,17447560046,8519728396
1772224759005,17498052643,8575513764
1772224760005,17548227234,8627654745
1772224761005,17598494684,8680859009
1772224762005,17645542910,8736748133
1772224763005,17692556577,8794388767
1772224764005,17740997096,8851763867
1772224765005,17791470117,8905066714
1772224766005,17840629715,8956772826
1772224767005,17890510741,9008789576
1772224768005,17939642691,9060149880
1772224769005,17988867578,9111839941
1772224770005,18039271496,9165029420
1772224771005,18090557036,9216991882
1772224772005,18140931125,9268781715
1772224773005,18190619992,9320275268
1772224774005,18241413539,9373088851
1772224775005,18291690922,9426149034
1772224776005,18341681775,9478372713
1772224777005,18392388763,9530490745
1772224778005,18443305747,9582820788
1772224779005,18494020775,9637725999
1772224780005,18545085777,9690684991
1772224781005,18594356422,9743827323
1772224782005,18644568959,9795332228
1772224783005,18694378898,9846869236
1772224784005,18744851294,9898906385
1772224785005,18795472410,9951276327
1772224786005,18846520582,10004431354
1772224787005,18896383436,10056163573
1772224788005,18945825444,10107010049
1772224789005,18998497692,10160098398
1772224790005,19050152446,10210990420
1772224791005,19100641168,10265182075
1772224792005,19151224200,10317936122
1772224793005,19201112245,10369748231
1772224794005,19252853542,10423832471
1772224795005,19303278379,10478988554
1772224796005,19352955558,10531722582
1772224797005,19398725545,10587505662
1772224798005,19446459802,10640437724
1772224799005,19497133969,10692695306
1772224800005,19543882513,10747195204
1772224801005,19591986745,10803273862
1772224802005,19635346060,10862423772
1772224803005,19681474076,10918828250
1772224804005,19729082744,10976664004
1772224805005,19772521492,11037372733
1772224806005,19815605750,11097604603
1772224807005,19861082891,11155626062
1772224808005,19907087378,11211686777
1772224809005,19954006216,11267803260
1772224810005,20000520534,11324528033
1772224811005,20048288221,11382950991
1772224812005,20096937271,11439336076
1772224813005,20145114207,11494833130
1772224814005,20193634617,11550529895
1772224815005,20239645924,11606039522
1772224816005,20285937278,11661862761
1772224817005,20334203138,11716684206
1772224818005,20382633357,11770812098
1772224819005,20432441008,11827153636
1772224820005,20479439966,11883312033
1772224821005,20527219172,11939315240
1772224822005,20575893779,11996056202
1772224823005,20625044252,12053134076
1772224824005,20674239935,12109421097
1772224825005,20721043194,12165067588
1772224826005,20772194083,12218975491
1772224827005,20819835937,12275305417
1772224828005,20868591396,12331955701
1772224829005,20916355588,12387939455
1772224830005,20963031839,12443593025
1772224831005,21010421936,12499716252
1772224832005,21058779802,12556077168
1772224833006,21108660325,12611785209
1772224834005,21158070169,12667818810
1772224835005,21205331336,12723257670
1772224836005,21251929024,12779228957
1772224837005,21298463635,12834297612
1772224838005,21345823414,12890546428
1772224839005,21393078997,12946643136
1772224840005,21440190025,13002005904
1772224841005,21487941126,13058021836
1772224842005,21536156864,13117957381
1772224843005,21584581590,13174054288
1772224844035,21636286665,13232212215
1772224845005,21685368797,13287714182
1772224859027,21734735904,14061972145
1772224860005,22415583171,14115911403
1772224861005,22463722741,14172130923
1772224862005,22510796493,14227995511
1772224863005,22557964418,14283886343
1772224864005,22607504978,14339372839
1772224865005,22656161107,14395259444
1772224866005,22704064056,14451930876
1772224867005,22753922378,14503752704
1772224868005,22801025564,14559861360
1772224869005,22847992724,14615721829
1772224870005,22896742309,14670602947
1772224871005,22947117252,14723055496
1772224872005,22998343164,14775372676
1772224873005,23048631716,14829918851
1772224874005,23100084378,14884514508
1772224875005,23151272282,14937566619
1772224876005,23204611092,14990135709
1772224884614,23255862729,15443638440
1772224885005,23661792512,15465068789
1772224886005,23711747830,15516508222
1772224887005,23759574076,15568916416
1772224888005,23806618503,15624921774
1772224889005,23856831132,15681294790
1772224890005,23907679225,15732812527
1772224891005,23958926300,15786334417
1772224892005,24010434577,15838771402
1772224893005,24061464577,15891264797
1772224894005,24114323202,15944585480
1772224895006,24168303458,15997491786
1772224896005,24219384739,16049928802
1772224897005,24270341501,16102071110
1772224898005,24322146790,16155056926
1772224899005,24372738198,16208018466
1772224900005,24423472406,16260650479
1772224901005,24475335721,16314141274
1772224902005,24525987124,16366410726
1772224903005,24574272759,16418596214
1772224904005,24622274793,16472019446
1772224905005,24669593497,16527530965
1772224906005,24717631312,16579897809
1772224907005,24765472160,16632890781
1772224914729,24812240082,17002637620
1772224915005,25147123337,17014966863
1772224916005,25194310060,17056721646
1772224917005,25239096623,17102233925
1772224918005,25282390039,17146640168
1772224919005,25326093604,17191295650
1772224920006,25367779971,17236143092
1772224921005,25409436050,17278317242
1772224922005,25450206006,17319962412
1772224923005,25492081801,17359229714
1772224924005,25536615631,17398962339
1772224925005,25581181716,17435726017
1772224926005,25627594416,17470591265
1772224927005,25672183678,17505807751
1772224928005,25715379747,17541833933
1772224929005,25756784726,17577083377
1772224930005,25788813129,17612073602
1772224931005,25816573199,17647132947
1772224932005,25843373723,17681129983
1772224933005,25877688080,17707293272
1772224934005,25912358757,17735463675
1772224935005,25946044134,17761617276
1772224936005,25979972478,17792896237
1772224937005,26013669390,17818212066
1772224938005,26047387434,17843651485
1772224939005,26081361614,17874811236
1772224940005,26115019816,17899921815
1772224941005,26149145233,17926770402
1772224942005,26182801085,17951753057
1772224943005,26216842553,17977455921
1772224944005,26251516541,18005118919
1772224945005,26285480605,18030635102
1772224946005,26319459164,18055757643
1772224947005,26353165322,18080848554
1772224948005,26387010541,18106223615
1772224949005,26420792013,18131353480
1772224950005,26454476413,18156391736
1772224951006,26488629355,18183053245
1772224952005,26523007384,18213408807
1772224953005,26556941084,18239133261
1772224954005,26591458403,18266578039
1772224955005,26625435436,18291912911
1772224956005,26659300705,18316975351
1772224957005,26693227295,18342157550
1772224958005,26726999703,18367556368
1772224959005,26760669776,18392487543
1772224960005,26794324545,18417428621
1772224961005,26828676009,18443110170
1772224962005,26862694117,18468111181
1772224963005,26896665032,18493708047
1772224964005,26931238760,18521014115
1772224965005,26965182835,18546369310
1772224966005,26998906174,18571301279
1772224967005,27034029052,18596381067
1772224968005,27068930354,18621711849
1772224969005,27102732576,18652714534
1772224970005,27136375856,18677578406
1772224971005,27170821005,18703123792
1772224972005,27204695626,18728127382
1772224973005,27238756731,18753573622
1772224974006,27275649339,18781397347
1772224977968,27310136172,18881466712
1772224978005,27411381715,18882469483
1772224979005,27445551411,18907720054
1772224980005,27479460454,18932712795
1772224981005,27513324578,18959448717
1772224982005,27547291739,18984495304
1772224983005,27583348484,19010309429
1772224984005,27621191833,19037412810
1772224985006,27655659823,19062882348
1772224986005,27689347488,19087923671
1772224987005,27723182698,19112951261
1772224988005,27757002376,19138306075
1772224989005,27790923198,19163450847
1772224990005,27824624809,19188648275
1772224991005,27858547524,19215390895
1772224992005,27892623612,19240403884
1772224993005,27926598112,19266178414
1772224994005,27961453244,19293653586
1772224995005,27995349043,19319534786
1772224996005,28029134222,19344565642
1772224997005,28063046165,19369625579
1772224998005,28096823989,19395033384
1772224999005,28133087098,19425859594
1772225000005,28166841700,19451040894
1772225001005,28201040814,19476701722
1772225002005,28235062705,19502044406
1772225003005,28269007392,19527638816
1772225004006,28303846761,19554790396
1772225005005,28337904280,19580720421
1772225006005,28371448215,19605791924
1772225007005,28405361332,19630821132
1772225008005,28439119169,19656161741
1772225009005,28472786129,19681470399
1772225010005,28506599383,19706487965
1772225011005,28537841862,19732175937
1772225012005,28564102284,19757596238
1772225013005,28589603056,19783295440
1772225014005,28619590290,19812207656
1772225015005,28653654995,19839855824
1772225016005,28682426365,19866129383
1772225017005,28709390806,19891672877
1772225018005,28734805767,19916753352
1772225019005,28760608174,19943109426
1772225020005,28791068589,19969253765
1772225021005,28823568327,19996374860
1772225022005,28857293054,20021645388
1772225023005,28890958153,20047312029
1772225024005,28925587542,20075002370
1772225025005,28959350582,20100874140
1772225026005,28992979855,20126096987
1772225027005,29026523057,20151328791
1772225028005,29060444078,20176659039
1772225029005,29096369420,20202721519
1772225030005,29131887542,20228012813
1772225031005,29167461508,20254979101
1772225032005,29201287075,20280142213
1772225033005,29235282876,20305674187
1772225034005,29270104302,20333191410
1772225035005,29303945722,20359085060
1772225036005,29337371377,20384243122
1772225037005,29371064199,20410271256
1772225038005,29404769609,20435695555
1772225039005,29438204343,20461228978
1772225040005,29471701313,20486765362
1772225041005,29505284568,20513809526
1772225042005,29538793104,20538900453
1772225043005,29572705077,20564387294
1772225044005,29607141071,20591802838
1772225045005,29640908933,20617380022
1772225046005,29676476948,20642537992
1772225047005,29709928846,20667740744
1772225048005,29743659112,20692971770
1772225049005,29776970698,20718141168
1772225050005,29810595927,20743489925
1772225051005,29844570321,20768757081
1772225052005,29877855419,20793726584
1772225053005,29911676805,20818837224
1772225054005,29946684852,20846845847
1772225055005,29982160694,20875208027
1772225056005,30015855195,20900441479
1772225057005,30050466350,20926499778
1772225058005,30083930471,20951676729
1772225059005,30117788369,20983790821
1772225060005,30152224287,21012545056
1772225061005,30186461698,21039938293
1772225062005,30221856672,21066923683
1772225063006,30255546519,21092290154
1772225064005,30290249208,21120940345
1772225065005,30324586559,21151727510
1772225066005,30358261682,21186775472
1772225067005,30391803999,21221712767
1772225068005,30425532891,21256526503
1772225069005,30459125515,21291444818
1772225070005,30492857535,21326680255
1772225071006,30526632247,21362686236
1772225072005,30560212542,21397502627
1772225073005,30594111942,21432504875
1772225074005,30628879355,21463369368
1772225075005,30663038569,21489854204
1772225076005,30696921597,21517230123
1772225077005,30731039080,21547684450
1772225078005,30764799602,21573643694
1772225079005,30798497963,21599827643
1772225080005,30833052283,21628206211
1772225081005,30866786882,21655650364
1772225082005,30900680637,21682654765
1772225083005,30934321796,21707856785
1772225084005,30969373679,21735943010
1772225085005,31004591065,21765631569
1772225086005,31041537122,21793620081
1772225087005,31075757047,21828925048
1772225088005,31109550283,21864294771
1772225089005,31145571949,21900130900
1772225090005,31179344037,21935622442
1772225091005,31213879772,21971173277
1772225092005,31247734787,22006575819
1772225093005,31281771235,22044190420
1772225094005,31317066971,22080910979
1772225095005,31351377834,22116713312
1772225096005,31385248717,22151998169
1772225097005,31418815951,22187081926
1772225098005,31453414382,22225028313
1772225099005,31487599885,22261221418
1772225100005,31521511003,22296365490
1772225101005,31556230918,22331868735
1772225102005,31589736983,22367071245
1772225103005,31623336563,22402300044
1772225104005,31658614509,22439147092
1772225105005,31693050426,22475103164
1772225106005,31727056404,22510562222
1772225107005,31760711798,22545840824
1772225108005,31794672033,22581568743
1772225109005,31828129378,22619002110
1772225110005,31862215643,22654504760
1772225111005,31895059648,22691102095
1772225112006,31920743989,22726632713
1772225113006,31947286714,22762141802
1772225114006,31976720586,22798956564
1772225115005,32003218712,22833806812
1772225116006,32029269642,22869108835
1772225117006,32054684999,22904325748
1772225118006,32080248954,22939575634
1772225119005,32111496819,22975298610
1772225120006,32137036774,23010551548
1772225121006,32164356390,23046081891
1772225122006,32189769337,23081309943
1772225123005,32215239150,23116666025
1772225124005,32243871230,23154292253
1772225125006,32269947838,23190644605
1772225126006,32295697636,23226024673
1772225127005,32320847443,23261354358
1772225128006,32345942337,23296582059
1772225129006,32371569002,23331995724
1772225130006,32396787653,23367281345
1772225131006,32423886380,23402857157
1772225132006,32449227736,23438212888
1772225133006,32474463797,23473605314
1772225134005,32503401555,23510692904
1772225135005,32534335060,23547428416
1772225136005,32569101923,23583188194
1772225137005,32603878903,23618811870
1772225138005,32638651092,23654432190
1772225139005,32673752883,23690028646
1772225140005,32708709755,23728091955
1772225141005,32744119087,23764154238
1772225142005,32778635368,23796401029
1772225143005,32813244052,23821729294
1772225144005,32848665377,23850367324
1772225145006,32883516373,23876753823
1772225146005,32917965031,23902947048
1772225147005,32952345440,23928129385
1772225148005,32986973380,23954864972
1772225149005,33022148654,23987714805
1772225150005,33057641692,24016032386
1772225151005,33092599326,24043730722
1772225152005,33127111976,24069439415
1772225153005,33161531506,24095093956
1772225154005,33197077642,24126940332
1772225155005,33231836937,24161908754
1772225156005,33266662544,24198404227
1772225157005,33301039352,24232651128
1772225158005,33335399865,24266959870
1772225159005,33370324160,24303391565
1772225160005,33404950955,24338166057
1772225161005,33440290955,24373357001
1772225162005,33474574094,24407933369
1772225163005,33508731965,24442470172
1772225164005,33544701785,24478197268
1772225165005,33579221576,24513247609
1772225166005,33613650352,24548303505
1772225167005,33647681429,24582807443
1772225168005,33681806618,24617138294
1772225169005,33716131381,24651309973
1772225170005,33750712463,24685487878
1772225171005,33785721990,24721983732
1772225172005,33820139918,24757199746
1772225173005,33854372507,24791682734
1772225174005,33889879125,24827604369
1772225175005,33924866008,24862389344
1772225176005,33959371869,24897331247
1772225177005,33993642206,24931870019
1772225178005,34027908730,24966397942
1772225179005,34064746958,25001380538
1772225180005,34099347433,25035864244
1772225181005,34134176855,25071057538
1772225182005,34168507095,25105098334
1772225183005,34202844553,25139156769
1772225184005,34238338765,25175060766
1772225185005,34274319921,25210003615
1772225186005,34308931733,25244972708
1772225187005,34343181045,25281725995
1772225188005,34377412780,25316321801
1772225189005,34411646056,25350949848
1772225190006,34448459323,25377141929
1772225191005,34483120555,25410060682
1772225192005,34517292616,25444312329
1772225193005,34551509292,25478503325
1772225194005,34586871751,25514225935
1772225195005,34621661105,25548763592
1772225196005,34656372826,25583793687
1772225197005,34690627112,25618474862
1772225198005,34724857825,25653129716
1772225199005,34760320148,25687917712
1772225201388,34792017392,25770625990
1772225202005,34860889319,25791715536
1772225203005,34897657101,25825855662
1772225204005,34933464560,25861574305
1772225205005,34968272742,25896456091
1772225206005,35003437779,25931399475
1772225207005,35037993914,25966004115
1772225208005,35072326764,26000591453
1772225209005,35107027820,26037513448
1772225210005,35141858797,26071687401
1772225211005,35178077581,26106458049
1772225212005,35212662615,26140587997
1772225213005,35247484377,26175230523
1772225214005,35282878711,26211279181
1772225215005,35317525204,26245980695
1772225216005,35352278518,26281085218
1772225217005,35386671912,26315660334
1772225218005,35422302821,26350044374
1772225219005,35457980770,26384206731
1772225220005,35492305884,26418241897
1772225221005,35527071161,26453979444
1772225222005,35561618324,26488631781
1772225223005,35596031034,26523251222
1772225224005,35631952349,26559096475
1772225225005,35667928104,26593991109
1772225226005,35703865698,26628790350
1772225227005,35738211761,26663085925
1772225228005,35772585258,26697306262
1772225229005,35807083795,26731940686
1772225230005,35841535764,26766515818
1772225231005,35876832065,26802147489
1772225232005,35914477457,26836879442
1772225233005,35949003961,26871081623
1772225234005,35986679198,26907224941
1772225235005,36021709262,26941876439
1772225236005,36056482961,26976969045
1772225237005,36091090653,27011827136
1772225238005,36125436334,27046318807
1772225239005,36160111558,27082993195
1772225240005,36194571416,27116993939
1772225241005,36229392613,27152368986
1772225242005,36263951769,27187116579
1772225243005,36298338419,27221699309
1772225244005,36333934234,27257568350
1772225245005,36368792387,27292391805
1772225246005,36403501666,27326954761
1772225247005,36437901529,27361293286
1772225248005,36472149010,27395658361
1772225249005,36506442189,27430308836
1772225250005,36543147673,27464902018
1772225251005,36577662124,27500751773
1772225252005,36611927777,27535604874
1772225253005,36646262992,27569942408
1772225254005,36681518783,27605442129
1772225255005,36716254810,27639857601
1772225256004,36750541214,27674812794
1772225257005,36784645789,27709630543
1772225258005,36819935728,27744241179
1772225259005,36849910725,27778904807
1772225260005,36884046578,27813141822
1772225261005,36920590801,27847223143
1772225262005,36957179652,27872884032
1772225263005,36991353743,27898489321
1772225264005,37026212276,27926729545
1772225265005,37059909813,27953004019
1772225267239,37088303517,28010522941
1772225268005,37145483833,28035296074
1772225269005,37180101611,28072276400
1772225270005,37214411223,28106827760
1772225271005,37249556225,28141149929
1772225272005,37284134881,28175724465
1772225273005,37318373788,28210261376
1772225274006,37353321687,28246554588
1772225275005,37387913267,28281424276
1772225276005,37422305409,28315598702
1772225277005,37456944228,28350689523
1772225278005,37491117204,28385252128
1772225279005,37527168379,28419716196
1772225280005,37561523658,28453786837
1772225281005,37598205675,28488983900
1772225282005,37633142345,28524168802
1772225283005,37664457132,28558686030
1772225284005,37699786848,28594033201
1772225285005,37734196903,28629014943
1772225286005,37768443942,28663612702
1772225287005,37802880073,28698816463
1772225288005,37837075113,28733385384
1772225289005,37871245358,28767707844
1772225290005,37905490550,28802288010
1772225291005,37939906434,28837723800
1772225292005,37974480498,28872472781
1772225293005,38010217800,28906979022
1772225294005,38043946555,28943162866
1772225295005,38077021276,28978172530
1772225296005,38111282886,29012233421
1772225297005,38146059210,29049661921
1772225298005,38180328357,29084203836
1772225299005,38214971173,29120840338
1772225300005,38249268609,29155228254
1772225301005,38283789987,29190243167
1772225302005,38320417030,29225677034
1772225303005,38354900094,29260022197
1772225304005,38386879336,29295082014
1772225305006,38420342450,29330107546
1772225306005,38454727909,29364749844
1772225307005,38489280291,29400005879
1772225308005,38523514513,29434529926
1772225309005,38557817808,29469302710
1772225310005,38593497344,29504026729
1772225311005,38627823389,29539467615
1772225312006,38662616343,29575586719
1772225313005,38696955693,29611630234
1772225314005,38732367924,29647488716
1772225315005,38767084802,29682645040
1772225316005,38801453646,29717283752
1772225317005,38835957965,29752698836
1772225318005,38870162083,29787427753
1772225319005,38904930381,29822283128
1772225320005,38937206422,29857094667
1772225321005,38972045196,29891875278
1772225322005,39006588789,29927255544
1772225323005,39040747560,29961974711
1772225324005,39076025750,29997886642
1772225325005,39110941669,30033033109
1772225326005,39145157658,30067742496
1772225327005,39179440950,30103037911
1772225328005,39213618686,30139835035
1772225329005,39248120763,30177104043
1772225330005,39282363453,30211757936
1772225331005,39316914950,30247190125
1772225332005,39351252560,30282421961
1772225333005,39386136956,30317285133
1772225334005,39421423568,30353130905
1772225335005,39455848393,30388502671
1772225336005,39490352788,30423079649
1772225337005,39524809441,30458241573
1772225338005,39559256452,30493029874
1772225339005,39593527232,30527648292
1772225340005,39629685076,30562291948
1772225341005,39663983030,30597696809
1772225342005,39698229901,30632774478
1772225343005,39732488978,30667677428
1772225344005,39768244637,30705379213
1772225345005,39802710872,30740855498
1772225346005,39836800662,30775586764
1772225347005,39871068787,30810587487
1772225348005,39905619811,30845679895
1772225349006,39940072176,30880488474
1772225350005,39974389036,30916038119
1772225351005,40008820818,30952363145
1772225352005,40043646944,30988058519
1772225353005,40078223357,31023961401
1772225354005,40112344380,31059748140
1772225355005,40147045222,31095406727
1772225356005,40181317666,31130216511
1772225357005,40216096430,31165198696
1772225358005,40250682197,31200464587
1772225359005,40286039316,31238585495
1772225360006,40320451172,31269028577
1772225361005,40354963669,31296785732
1772225362006,40389534193,31322159023
1772225363006,40424650571,31349993048
1772225364005,40464735275,31378195402
1772225365006,40495128540,31404491374
1772225366005,40522953181,31429685079
1772225367006,40556723819,31456955626
1772225368005,40585228235,31484255545
1772225369005,40611697585,31509565805
1772225370005,40637919388,31534821655
1772225371005,40665866918,31560391134
1772225372005,40692602229,31585774175
1772225373005,40719768335,31611438756
1772225374005,40751191607,31641302446
1772225375005,40787252074,31677472619
1772225376005,40822566059,31712074803
1772225377005,40857149842,31746396331
1772225378005,40891607563,31780920058
1772225379005,40926350532,31815835489
1772225380005,40963636446,31846789149
1772225381006,40999899601,31883803379
1772225382006,41035689421,31920324089
1772225383005,41071758113,31956959905
1772225384005,41108197955,31995021260
1772225385005,41143134030,32032030409
1772225386005,41177587479,32068410501
1772225387005,41212105072,32104925214
1772225388005,41247122365,32141928183
1772225389005,41284393494,32179320659
1772225390005,41318953856,32216206111
1772225391006,41354303911,32255529684
1772225392005,41389550577,32291427730
1772225393005,41424437155,32325732109
1772225394393,41461290504,32375925985
1772225395005,41496072702,32397061214
1772225396005,41530579188,32431346795
1772225397005,41565116968,32465434631
1772225398005,41599650338,32499698652
1772225399005,41633722627,32534302209
1772225400005,41668330533,32569732948
1772225401005,41703262915,32604152830
1772225402005,41737284822,32638166696
1772225403005,41771809877,32672474675
1772225404005,41806501854,32708094568
1772225405005,41834820321,32742852231
1772225406005,41860355362,32777903122
1772225407005,41886404781,32814741228
1772225408005,41911931338,32849063748
1772225409005,41937388670,32883358041
1772225410005,41962590248,32917644873
1772225411005,41988162656,32952904860
1772225412005,42013349464,32987176616
1772225413005,42039036490,33021433481
1772225414005,42066570299,33056442855
1772225415005,42095417470,33091001661
1772225416006,42121104740,33125453401
1772225417005,42146401421,33159596350
1772225418006,42174012588,33193595781
1772225419005,42199994322,33227208515
1772225420005,42225378599,33252855015
1772225421006,42251115625,33279906626
1772225422005,42276998351,33311200188
1772225423005,42302031633,33338008967
1772225424005,42330574407,33365545065
1772225425005,42356863025,33391257679
1772225426005,42382175498,33416255348
1772225427005,42407310047,33441473313
1772225428005,42432256450,33466422218
1772225429005,42459849383,33491678007
1772225430005,42485110238,33516728302
1772225431005,42511726110,33542365114
1772225432005,42536917084,33567600396
1772225433005,42561840401,33592834580
1772225434005,42589396670,33619898732
1772225435005,42614643869,33646265045
1772225436005,42639872850,33671296740
1772225437005,42664824165,33696389451
1772225438005,42689915168,33726995000
1772225439005,42715226115,33752225065
1772225440005,42740441089,33777271987
1772225441005,42766881571,33802500571
1772225442005,42791912152,33827643284
1772225443005,42816753900,33852622155
1772225444005,42844648835,33880184939
1772225445005,42870979428,33905985775
1772225446221,42896135110,33936446861
1772225447005,42921259940,33956144161
1772225448005,42946369115,33981226924
1772225449005,42972093767,34011963189
1772225450005,42996993892,34036986065
1772225451005,43022436287,34063509534
1772225452005,43047466731,34088712653
1772225453005,43072565454,34115459454
1772225454005,43099772253,34147095406
1772225455005,43125019147,34173435475
1772225456005,43149920325,34198470283
1772225457005,43174790926,34223590550
1772225458005,43199708461,34248699191
1772225459005,43224880987,34274356342
1772225460005,43250990873,34302141160
1772225461005,43276288119,34328960742
1772225462005,43301252617,34354007130
1772225463005,43326323907,34379002359
1772225464005,43353921250,34405395327
1772225465006,43380835889,34431382249
1772225466005,43406184996,34456658789
1772225467005,43431208635,34481595884
1772225468005,43456115001,34506581103
1772225469005,43481249855,34536887840
1772225470005,43506225339,34562819788
1772225471005,43532634862,34588172892
1772225472005,43557561857,34613198103
1772225473005,43582510808,34638237259
1772225474005,43609665181,34665302754
1772225475005,43635323827,34690732408
1772225476005,43660615442,34715986580
1772225477006,43685893737,34741134922
1772225478005,43710881321,34766003784
1772225479005,43736304978,34796786265
1772225480005,43761428847,34822125424
1772225481005,43787956635,34847410646
1772225482005,43813087888,34872354302
1772225483005,43838038914,34897315795
1772225484006,43864992476,34924162063
1772225485005,43890835225,34955447737
1772225486005,43918136914,34980665168
1772225487005,43943358846,35005591537
1772225488005,43968468860,35030449871
1772225489005,43993560870,35055393084
1772225490005,44018403915,35080726216
1772225491005,44043705616,35107148297
1772225492005,44068644557,35132161560
1772225493005,44093686811,35157202974
1772225494005,44120864681,35183595988
1772225495005,44146401172,35209341239
1772225496005,44171625407,35234699165
1772225497005,44196328079,35259712596
1772225498005,44221082246,35284872413
1772225499005,44246035255,35310075516
1772225500005,44271631008,35337009929
1772225501005,44298026219,35366467879
1772225502005,44323275173,35391382728
1772225503005,44348101602,35416394938
1772225504005,44374932734,35443649129
1772225505005,44400995153,35468869306
1772225506005,44426402149,35494033807
1772225507005,44453122553,35519047909
1772225508005,44478182933,35543980519
1772225509005,44503624595,35574783384
1772225510005,44528990105,35599695716
1772225511005,44555571250,35625033578
1772225512005,44580614541,35649963334
1772225513005,44605558457,35674864375
1772225514005,44632476849,35702041177
1772225515005,44658184260,35727448326
1772225516005,44683467300,35757978775
1772225517032,44708514528,35783375670
1772225518005,44733561481,35808381930
1772225519005,44758695908,35833530990
1772225520005,44784013385,35858497304
1772225521005,44809016761,35885120332
1772225522005,44834003460,35910030894
1772225523005,44858896048,35934953342
1772225524006,44885918668,35961827242
1772225525006,44911754765,35987483615
1772225526005,44937188508,36012761558
1772225527005,44962098582,36037707763
1772225528006,44989279366,36062733812
1772225529509,45014254377,36100415045
1772225530005,45039760352,36112983121
1772225531005,45065323834,36139330498
1772225532005,45090502067,36170082448
1772225533005,45115414673,36195054850
1772225534005,45141403823,36222345111
1772225535006,45167027879,36247789291
1772225536005,45192381305,36272965891
1772225537005,45217515640,36297970289
1772225538005,45242643003,36322906912
1772225539005,45267915805,36353746595
1772225540005,45292765823,36378752229
1772225541005,45319297226,36404248774
1772225542005,45344237770,36429246642
1772225543005,45369112704,36454232838
1772225544005,45395968585,36481392612
1772225545005,45421636813,36506701423
1772225546005,45446969655,36532251127
1772225547005,45471971429,36560012295
1772225548005,45497084739,36588181218
1772225549005,45524734677,36613192650
1772225550005,45549727220,36638061298
1772225551005,45576393962,36663515365
1772225552005,45601305363,36688432747
1772225553005,45626293252,36713498346
1772225554005,45653216268,36740589596
1772225555005,45678685562,36765861955
1772225556005,45704361862,36791237383
1772225557005,45729250086,36816306704
1772225558005,45754240386,36841445586
1772225559005,45779147637,36866569058
1772225560005,45803977041,36891596496
1772225561005,45830739939,36917041546
1772225562005,45855588386,36941965199
1772225563005,45880536223,36972600303
1772225564005,45907467722,36999417290
1772225565005,45933296998,37024563131
1772225566005,45959006393,37049702639
1772225567005,45983898248,37074707952
1772225568005,46008830751,37099616302
1772225569005,46034305630,37130418313
1772225570006,46060923379,37155397871
1772225571236,46087935806,37186429561
1772225572005,46113134164,37205612377
1772225573005,46138096817,37230480216
1772225574006,46165093452,37257434373
1772225575005,46190444116,37282684547
1772225576005,46215822213,37308017176
1772225577005,46240718249,37333142784
1772225578005,46265970865,37358287983
1772225579005,46296106315,37383466765
1772225580005,46321132334,37408475863
1772225581006,46346712524,37434945640
1772225582005,46371673528,37460004632
1772225583005,46396665064,37485106254
1772225584005,46423407746,37512236641
1772225585005,46448959128,37537483062
1772225586005,46474828380,37562847503
1772225587005,46499862303,37587988079
1772225588005,46524781302,37612930683
1772225589005,46549867636,37638039751
1772225590005,46574901696,37662970148
1772225591005,46601495124,37688355036
1772225592005,46626473752,37713355086
1772225593005,46651301539,37738375963
1772225594005,46680079134,37765828294
1772225595005,46708013450,37791082176
1772225596005,46734909672,37816902373
1772225597005,46759960775,37841847632
1772225598005,46784813250,37866751328
1772225599005,46809972044,37897695131
1772225600005,46835062620,37922634332
1772225601005,46861643398,37948179947
1772225602005,46886636597,37973811160
1772225603005,46911411866,37998893389
1772225604005,46938432365,38025815428
1772225605005,46964107323,38051172805
1772225606005,46989062178,38076477771
1772225607005,47014034901,38102015299
1772225608005,47038984340,38126929721
1772225609005,47064138664,38151936683
1772225610005,47094449230,38176902692
1772225611005,47120692166,38202234009
1772225612005,47145538125,38227622481
1772225613005,47170375357,38252597676
1772225614005,47197053009,38279669610
1772225615005,47222572029,38304971631
1772225616005,47248500300,38330533099
1772225617005,47273690128,38355771402
1772225618005,47298527070,38380854914
1772225619005,47323609513,38405931116
1772225620005,47348838327,38430911773
1772225621005,47375178349,38456231265
1772225622005,47402508281,38481685423
1772225623005,47427639931,38506606665
1772225624005,47454030671,38533847353
1772225625005,47479645481,38559168461
1772225626005,47509848463,38584568805
1772225627005,47534761481,38610002380
1772225628005,47559577703,38634989934
1772225629005,47584847560,38665858668
1772225630005,47609601056,38690889082
1772225631005,47636035465,38716372307
1772225632005,47660941800,38741845248
1772225633005,47685755504,38766905872
1772225634005,47712261427,38794346683
1772225635005,47737781927,38819601481
1772225636005,47762692794,38844949489
1772225637005,47787698154,38870374337
1772225638005,47812489550,38895308564
1772225639005,47837492209,38920398422
1772225640005,47862425994,38945373251
1772225641005,47890244868,38972104931
1772225642005,47918052191,38997337284
1772225643005,47942864232,39022382147
1772225644005,47969748874,39049179559
1772225645005,47995127932,39074526301
1772225646005,48020135886,39099960853
1772225647005,48045275730,39125169998
1772225648005,48071817082,39150257644
1772225649005,48096947542,39175447351
1772225650005,48121908989,39200505732
1772225651005,48148173774,39226208200
1772225652005,48173341433,39251227963
1772225653005,48198074117,39276178638
1772225654005,48224918860,39303120009
1772225655005,48250498210,39328541088
1772225656005,48275762071,39353726935
1772225657005,48306374639,39378739954
1772225658005,48331414939,39403972459
1772225659005,48356558735,39434857321
1772225660005,48381443617,39459831463
1772225661005,48408046886,39485280922
1772225662005,48433093152,39510720876
1772225663005,48458123047,39535778982
1772225664005,48485410942,39562576058
1772225665005,48510892718,39587688697
1772225666005,48536071058,39612817112
1772225667005,48561140791,39637758648
1772225668005,48586021432,39663151835
1772225669005,48610970108,39688204373
1772225670005,48635750107,39713071571
1772225671005,48661741881,39738701258
1772225672005,48686675665,39763740796
1772225673005,48716850954,39789235433
1772225674005,48745252272,39816878795
1772225675005,48770857805,39842238933
1772225676005,48795964813,39867451863
1772225677005,48821028748,39892629699
1772225678005,48846002997,39918138252
1772225679006,48871078391,39943216118
1772225680005,48896111597,39968168166
1772225681005,48922667535,39993418737
1772225682005,48947669889,40018582780
1772225683005,48973032591,40043526467
1772225684005,49000024359,40070164326
1772225685005,49025846831,40095278124
1772225686005,49050787237,40120065767
1772225687005,49075990844,40145372732
1772225688005,49104293366,40170246964
1772225689005,49132177636,40201098274
1772225690005,49157317159,40225920919
1772225691005,49182765840,40252329771
1772225692005,49207923978,40277208077
1772225693005,49233342692,40302058263
1772225694006,49260442807,40328881461
1772225695005,49286103361,40353957206
1772225696005,49311103502,40378819796
1772225697005,49337094056,40404139089
1772225698006,49362479553,40429176720
1772225699005,49387734305,40454295462
1772225700005,49414630726,40479408131
1772225701005,49440199594,40505693515
1772225702005,49465855433,40530749104
1772225703005,49491018255,40556135272
1772225704005,49522285498,40583541112
1772225705005,49547400028,40609402141
1772225706005,49572365427,40634396759
1772225707005,49597382444,40659924979
1772225708005,49622130462,40685467924
1772225709005,49646967160,40710570340
1772225710005,49672040845,40735598175
1772225711006,49698242112,40760920611
1772225712005,49723065382,40785822506
1772225713005,49748100999,40811260278
1772225714005,49775255753,40837995055
1772225715005,49800638763,40864009030
1772225716005,49825819086,40888883873
1772225717005,49851042742,40914120574
1772225718005,49875886291,40939516233
1772225719005,49902593803,40970280176
1772225720005,49934338255,40995957620
1772225721006,49963145252,41026656304
1772225722005,49989721423,41054812242
1772225723008,50017292858,41090408454
1772225724006,50047236469,41127061161
1772225725005,50075384763,41163018164
1772225726005,50102410953,41199150771
1772225727006,50129870501,41234603283
1772225728005,50156182022,41270020366
1772225729006,50183214575,41305599963
1772225730005,50210549328,41340980335
1772225731005,50238841718,41377010164
1772225732006,50266042841,41412463394
1772225733005,50292127445,41447968058
1772225734006,50321490673,41484131822
1772225735005,50352384003,41519631283
1772225736005,50381605316,41555227480
1772225737006,50407399865,41591265289
1772225738005,50435183051,41627266921
1772225739005,50461642467,41662664429
1772225740006,50488563972,41697809065
1772225741005,50516248149,41733082067
1772225742005,50543832202,41768834399
1772225743005,50570443283,41804537402
1772225744006,50598862315,41841811612
1772225745006,50626846387,41877508833
1772225746005,50653879886,41913143159
1772225747006,50680355491,41948592772
1772225748005,50706748353,41983753460
1772225749005,50742825756,42019799005
1772225750006,50769839206,42057159210
1772225751005,50801111103,42095318095
1772225752005,50830118132,42132032795
1772225753005,50862498614,42167620600
1772225754005,50894123230,42205689310
1772225755005,50924852888,42242200696
1772225756005,50955647285,42278433366
1772225757005,50981169281,42316912043
1772225758005,51013858401,42352477876
1772225759005,51045962179,42388830000
1772225760005,51071400729,42426938900
1772225761006,51098294998,42465593776
1772225762005,51129913755,42501495225
1772225763006,51156410920,42539576858
1772225764005,51185652785,42578339762
1772225765005,51211483694,42616840181
1772225766005,51236821846,42655171588
1772225767005,51267327135,42693748344
1772225768005,51292431336,42731950317
1772225769005,51318785473,42770340727
1772225770005,51345340130,42808110579
1772225771005,51378136071,42844494622
1772225772005,51411875171,42879662985
1772225773005,51445528643,42914917937
1772225774005,51477192091,42952125302
1772225775005,51503796001,42989302716
1772225776005,51529589375,43027601044
1772225777005,51561574919,43063809712
1772225778005,51595427492,43099162742
1772225779005,51630145561,43137329317
1772225780005,51663652327,43172687397
1772225781005,51697159506,43208503691
1772225782005,51735119930,43247570381
1772225783005,51772979330,43286478815
1772225784005,51804557516,43323088723
1772225785005,51830617692,43358815345
1772225786005,51856042997,43394096281
1772225787006,51881923068,43429852351
1772225788005,51907229956,43465259944
1772225789005,51932651539,43500867279
1772225790006,51959069041,43536665263
1772225791006,51985476260,43572605223
1772225792005,52011297084,43607900227
1772225793005,52038424206,43643399367
1772225794005,52066008473,43679359849
1772225795005,52092046326,43715263632
1772225796006,52117425629,43750384390
1772225797005,52142649010,43785757270
1772225798005,52172831760,43820982423
1772225799005,52198320508,43856112900
1772225800005,52224211625,43891749058
1772225801005,52249853457,43927575284
1772225802006,52275285110,43962737254
1772225803006,52301778064,43997927252
1772225804005,52329416848,44033938604
1772225805005,52355813783,44069666203
1772225806005,52381001109,44104842438
1772225807006,52406900100,44140268249
1772225808005,52432186725,44175456966
1772225809005,52462597247,44210884424
1772225810005,52488783118,44246318871
1772225811006,52515728212,44281618544
1772225812006,52541737822,44316954043
1772225813005,52567036655,44351640787
1772225814005,52599260620,44387433705
1772225815005,52625697104,44422854618
1772225816005,52650719308,44457620459
1772225817005,52676283553,44493199323
1772225818005,52701398633,44528479771
1772225819005,52726592749,44563777384
1772225820005,52752409774,44599551474
1772225821005,52779343500,44635634279
1772225822006,52804617904,44671005069
1772225823005,52829771099,44706311242
1772225824005,52857481839,44742216337
1772225825005,52883845069,44778043860
1772225826005,52909108122,44813421258
1772225827005,52934636190,44848936267
1772225828005,52960292791,44884246651
1772225829005,52987846695,44919569607
1772225830005,53016910774,44955147357
1772225831006,53042866799,44991477372
1772225832005,53068013661,45026677533
1772225833005,53093290445,45062033507
1772225834005,53120717906,45098083508
1772225835005,53146818591,45133710877
1772225836006,53172545746,45169393556
1772225837005,53198016521,45204828842
1772225838005,53223181021,45240131444
1772225839005,53253526376,45275679014
1772225840006,53279033174,45311141398
1772225841005,53306491151,45346962269
1772225842005,53331730171,45382256022
1772225843005,53356827903,45417717201
1772225844005,53384342426,45453703850
1772225845005,53415231301,45489174763
1772225846005,53441746943,45524809685
1772225847006,53467363340,45560256003
1772225848005,53492525369,45595563213
1772225849005,53518933854,45630925611
1772225850006,53544664762,45666369350
1772225851006,53571814115,45702219456
1772225852005,53597034505,45737580313
1772225853005,53622171160,45772909754
1772225854005,53650058817,45808665275
1772225855005,53676405416,45844136814
1772225856005,53702373250,45879694561
1772225857006,53727606565,45915283907
1772225858005,53752597765,45950582787
1772225859005,53777922505,45985733145
1772225860005,53803142331,46020580372
1772225861005,53830887845,46058164992
1772225862005,53856173295,46093491091
1772225863005,53881214847,46128786049
1772225864005,53908360660,46164950531
1772225865006,53934205576,46200113919
1772225866005,53960384749,46235566599
1772225867006,53986227132,46271170562
1772225868005,54011470501,46306485478
1772225869006,54042101760,46342047787
1772225870006,54068998303,46377410979
1772225871006,54096411116,46412946235
1772225872005,54122120510,46448552197
1772225873005,54147473493,46483927412
1772225874006,54175538585,46519869813
1772225875006,54201469419,46555261370
1772225876005,54227210061,46591202932
1772225877006,54253421062,46628243588
1772225878006,54278612402,46663644772
1772225879005,54303902598,46699061688
1772225880005,54329295557,46734400101
1772225881005,54356444452,46770002981
1772225882006,54382050809,46805610056
1772225883005,54407149151,46841028055
1772225884005,54434388693,46877217086
1772225885006,54460326119,46912867922
1772225886006,54485497806,46948422236
1772225887005,54511270597,46984151589
1772225888006,54536449776,47019762785
1772225889005,54561527794,47055122010
1772225890005,54586559474,47090484439
1772225891006,54613068616,47126403953
1772225892005,54638829247,47163553154
1772225893005,54664011660,47199243524
1772225894005,54691308055,47235364062
1772225895006,54716727074,47271003149
1772225896005,54741818184,47306517624
1772225897005,54767596758,47342108480
1772225898005,54792975648,47377671476
1772225899005,54823318272,47413272052
1772225900005,54848421145,47448552225
1772225901006,54875206351,47484154495
1772225902005,54901530826,47519820741
1772225903005,54926878804,47555133566
1772225904005,54954159940,47591398659
1772225905006,54980118955,47626969710
1772225906005,55005150375,47662415738
1772225907005,55030965904,47697998203
1772225908005,55056502975,47735863783
1772225909005,55081847413,47771250014
1772225910006,55106987638,47806551671
1772225911005,55133628183,47842239889
1772225912005,55158869080,47877589882
1772225913006,55184505251,47913077671
1772225914005,55211993072,47949080814
1772225915005,55238240906,47984289122
1772225916005,55263449930,48019389831
1772225917005,55288678956,48054616403
1772225918006,55314917590,48090479248
1772225919005,55340296694,48125844195
1772225920005,55365544503,48161134850
1772225921005,55392146765,48196644153
1772225922005,55417225943,48232107956
1772225923005,55443023269,48268338230
1772225924005,55470354436,48306292154
1772225925006,55496177716,48341824542
1772225926005,55521310007,48377173025
1772225927005,55546447440,48412777324
1772225928005,55572410194,48448690887
1772225929005,55602758875,48484224297
1772225930005,55627979631,48519521788
1772225931006,55654657543,48555080359
1772225932005,55679869312,48590639586
1772225933005,55705455346,48626415857
1772225934005,55732638907,48662723993
1772225935005,55758456420,48698185080
1772225936005,55783311458,48733627339
1772225937005,55808242953,48769338123
1772225938005,55834136237,48805229517
1772225939005,55859489601,48842116891
1772225940006,55885238056,48878087230
1772225941005,55911850907,48913258522
1772225942006,55936712841,48948908579
1772225943005,55961994997,48984635964
1772225944005,55989101169,49020830260
1772225945006,56014565978,49056581936
1772225946005,56039674222,49091938048
1772225947005,56064680787,49127479804
1772225948005,56090285435,49163351393
1772225949005,56115241649,49198722397
1772225950006,56140189227,49234079852
1772225951006,56166771592,49269836395
1772225952005,56192071920,49305226639
1772225953005,56217369104,49340754511
1772225954006,56245014586,49376816428
1772225955005,56270780740,49414666841
1772225956005,56295629293,49450001226
1772225957006,56321189128,49485433827
1772225958005,56346343711,49520998440
1772225959005,56377287790,49556939391
1772225960005,56402189090,49592348082
1772225961005,56428950142,49627966754
1772225962006,56458554217,49663386889
1772225963006,56485271616,49698803362
1772225964005,56512965908,49735347645
1772225965006,56538865585,49770893048
1772225966006,56564112601,49806304898
1772225967006,56589396450,49841754877
1772225968005,56614518396,49877373488
1772225969005,56640198952,49913222937
1772225970006,56665310996,49949100370
1772225971006,56691964540,49986255141
1772225972005,56716950797,50021813574
1772225973005,56741793521,50057190925
1772225974005,56769552370,50093742899
1772225975006,56795280807,50129301866
1772225976005,56820329240,50164706072
1772225977005,56845301825,50200345647
1772225978006,56870489197,50235965051
1772225979005,56896275019,50271265273
1772225980006,56921298170,50306599689
1772225981005,56948350054,50342051911
1772225982005,56973351477,50377500502
1772225983005,56998152609,50412858018
1772225984005,57025512797,50449593423
1772225985005,57051161113,50484937863
1772225986005,57076243556,50521722734
1772225987005,57101245376,50557719057
1772225988006,57126549304,50593394946
1772225989005,57156785671,50631382102
1772225990005,57190428935,50666738718
1772225991006,57221672452,50702483452
1772225992005,57250065912,50737929052
1772225993005,57279714189,50773480543
1772225994005,57310885993,50809975253
1772225995006,57341053577,50845813014
1772225996006,57370466744,50881147918
1772225997005,57396753852,50916637416
1772225998005,57422325055,50952327220
1772225999005,57447365935,50987663665
1772226000005,57472844567,51023291034
1772226001005,57501026780,51058718706
1772226002006,57526316015,51096351816
1772226003005,57551306040,51131910600
1772226019485,57578922547,51720421196
1772226020005,57999925921,51739116915
1772226021005,58026908825,51774682886
1772226022006,58052312159,51809997191
1772226023006,58077701532,51845552695
1772226024005,58105296342,51881836417
1772226025005,58131937619,51917615268
1772226026006,58157064432,51952963522
1772226027006,58182271747,51988282832
1772226028006,58207847222,52023818043
1772226029005,58233447277,52059163719
1772226030005,58259547108,52094768979
1772226031006,58287061005,52130354968
1772226032005,58312583108,52165597225
1772226033005,58338408081,52202186626
1772226034005,58366000160,52239346707
1772226035005,58392412567,52274823891
1772226036006,58418432492,52310336093
1772226037006,58444588229,52345586498
1772226038005,58470638334,52381094565
1772226039006,58496342907,52416381665
1772226040006,58521858494,52451665942
1772226041006,58549661454,52487327428
1772226042006,58575724696,52522550781
1772226043005,58601967114,52557762125
1772226044005,58629849278,52593561421
1772226045005,58655431100,52629282383
1772226046005,58681147101,52664803892
1772226047005,58706321947,52700068593
1772226048005,58732020019,52735566315
1772226049005,58762560890,52773288012
1772226050006,58787865780,52808691821
1772226051005,58815156177,52844361043
1772226052005,58840171317,52879659297
1772226053005,58865270178,52914923617
1772226054005,58893632939,52951200412
1772226055005,58919483210,52986658158
1772226056005,58945060623,53022311664
1772226057005,58970280617,53057554867
1772226058005,58997406304,53091065448
1772226059006,59031749789,53116173921
1772226060005,59059402015,53148170343
1772226061005,59093702106,53175476716
1772226062005,59127469753,53200385600
1772226063005,59161394619,53225496560
1772226064005,59196270684,53253280554
1772226065005,59230601871,53284619922
1772226066005,59264942930,53310207877
1772226067005,59298906734,53335267571
1772226068005,59332923346,53360599681
1772226069005,59367038983,53386307336
1772226070005,59400959104,53411257248
1772226071005,59435217998,53438510202
1772226072005,59469080658,53463483200
1772226073005,59502999512,53488374018
1772226074005,59537913478,53516516910
1772226075006,59572541845,53542347514
1772226076005,59606439780,53567326172
1772226077006,59640587581,53593080364
1772226078005,59674450927,53618557074
1772226079005,59708527946,53650142965
1772226080005,59742415552,53678328656
1772226081005,59776418829,53707882594
1772226082005,59810535030,53733618781
1772226083005,59844251502,53758808427
1772226084005,59878764793,53786797061
1772226085005,59912763828,53812648935
1772226086005,59946536023,53837624480
1772226087005,59980680421,53863410790
1772226088005,60014637451,53888884281
1772226089005,60048557541,53914498145
1772226090005,60082396749,53939597738
1772226091006,60116579170,53966258255
1772226092005,60150817146,53991879382
1772226093005,60184947964,54016967928
1772226094005,60219718215,54044595360
1772226095005,60254915690,54070114563
1772226096006,60288958851,54101060625
1772226097005,60323094262,54126799894
1772226098006,60357081335,54152117372
1772226099006,60391204433,54177824508
1772226100005,60425188210,54202828525
1772226101005,60459354214,54229370030
1772226102005,60493567410,54255011449
1772226103005,60527481520,54280142794
1772226104005,60561911044,54308532699
1772226105005,60595999461,54334447863
1772226106005,60629995856,54359437476
1772226107005,60664493508,54385188967
1772226108005,60698498570,54410233510
1772226109005,60732863339,54441709756
1772226110005,60766762373,54466692870
1772226111005,60800881687,54494237252
1772226112005,60835079489,54525073121
1772226113005,60869017400,54550140444
1772226114005,60903719143,54578179963
1772226115005,60938064992,54603761938
1772226116005,60971897654,54628636216
1772226117005,61005822368,54653745681
1772226118005,61039889713,54679173016
1772226119005,61074002527,54704527189
1772226120006,61107886700,54729965540
1772226121006,61142972135,54756494991
1772226122005,61177075428,54781654090
1772226123005,61211445203,54807196608
1772226124005,61246413792,54834535038
1772226125005,61281073209,54860653286
1772226126005,61315361490,54885792885
1772226127005,61349692677,54914810153
1772226128005,61384257509,54942548648
1772226129005,61418530822,54967955445
1772226130006,61452799527,54993638336
1772226131005,61487390023,55019289781
1772226132005,61521127903,55044382935
1772226133005,61555331014,55070060211
1772226134006,61589735942,55097861981
1772226135005,61623881057,55124010089
1772226136005,61657692435,55148978478
1772226137005,61691593483,55174030741
1772226138005,61725760737,55199673259
1772226139005,61759956097,55231083943
1772226140005,61793808869,55256582411
1772226141005,61827815137,55283218835
1772226142005,61861616428,55308258403
1772226143005,61895920898,55339784223
1772226144006,61930389651,55367539929
1772226145005,61964596012,55393779905
1772226146005,61998488424,55418652490
1772226147005,62032378822,55443618469
1772226148005,62066592217,55469185933
1772226149005,62100592488,55494721173
1772226150005,62134485023,55520289537
1772226151005,62168874724,55546772176
1772226152005,62202795638,55571720807
1772226153005,62237013809,55597320832
1772226154005,62271936578,55624820447
1772226155006,62306376066,55650853555
1772226156005,62340289687,55676005758
1772226157005,62374171831,55701070242
1772226158005,62408123643,55727358464
1772226159005,62442532782,55757970773
1772226160005,62476614409,55783296047
1772226161006,62510868756,55810017977
1772226162005,62544835384,55835013419
1772226163005,62578698226,55859981260
1772226164005,62613759584,55888325177
1772226165006,62647876976,55914584851
1772226166005,62681810691,55939502416
1772226167005,62715752540,55964515115
1772226168005,62749644494,55989506208
1772226169005,62784665175,56021417873
1772226170006,62818756414,56046960146
1772226171006,62853453289,56073623837
1772226172005,62890463079,56098847111
1772226173005,62925283788,56124044066
1772226174005,62960845105,56155062267
1772226175005,62995196127,56182703889
1772226176005,63029071755,56207663841
1772226177005,63062937558,56232678233
1772226178005,63096852460,56257835242
1772226179006,63131273852,56284017986
1772226180005,63165090035,56309081265
1772226181005,63198991618,56336353749
1772226182005,63233025212,56361349634
1772226183005,63266980640,56386282945
1772226184005,63302858423,56412909239
1772226185005,63337162817,56438262420
1772226186005,63371141696,56463743463
1772226187005,63405239664,56488756619
1772226188005,63439316958,56513851818
1772226189005,63473862413,56539918646
1772226190005,63507828491,56570947468
1772226191005,63541921195,56598126940
1772226192006,63575831993,56623336177
1772226193005,63609707255,56648232564
1772226194005,63644702348,56676361389
1772226195005,63679267775,56702219320
1772226196005,63713255886,56727609700
1772226197005,63747305532,56752684819
1772226198005,63781295824,56777671625
1772226199005,63815874511,56809071002
1772226200005,63850042696,56834365287
1772226201005,63884289140,56861437526
1772226202005,63918509584,56886717194
1772226203005,63953427044,56911710546
1772226204005,63988147493,56939243927
1772226205005,64022968430,56966599629
1772226206005,64057043359,56996594965
1772226207005,64091136460,57021633984
1772226208005,64125039492,57046651382
1772226209005,64159381420,57071994539
1772226210005,64193539581,57097614201
1772226211005,64227736161,57124737981
1772226212005,64261578802,57149685193
1772226213005,64295456582,57174742964
1772226214006,64330088336,57202511441
1772226215005,64364703840,57228765362
1772226216005,64398972988,57254177836
1772226217005,64433043034,57279118502
1772226218005,64467114514,57304154973
1772226219006,64501441459,57329488120
1772226220005,64535735645,57355165671
1772226221005,64569815440,57385952699
1772226222005,64603711576,57412119100
1772226223005,64637715768,57437064710
1772226224005,64672605779,57464411104
1772226225005,64707172717,57490605261
1772226226005,64741237987,57516002568
1772226227005,64775285421,57540995309
1772226228005,64809310105,57565960083
1772226229005,64843726034,57597313930
1772226230005,64877946112,57622855196
1772226231005,64912264573,57649877221
1772226232005,64946240035,57674880033
1772226233005,64982103705,57700001674
1772226234005,65021638739,57728262419
1772226235005,65061247897,57755275427
1772226236005,65098126605,57780698733
1772226237005,65135139156,57811626364
1772226238005,65172255370,57836894161
1772226239006,65209345645,57862581401
1772226240005,65245855522,57888124635
1772226247005,65496612650,58072292617
1772226248005,65531254611,58097570377
1772226249005,33144159,58123292360
1772226250005,66934969,58148364610
1772226251005,101398213,58175687233
1772226252005,135342716,58203141136
1772226253005,169236410,58232320809
1772226254005,204023857,58259857334
1772226255005,238013478,58285788808
1772226256005,272072264,58311549180
1772226257006,305991194,58337270597
1772226258005,339838809,58362282655
1772226259005,374102250,58393387034
1772226281692,407896035,58987493182
1772226282005,1158154538,58995404302
1772226283005,1192444360,59020527545
1772226284005,1227749449,59053560947
1772226285005,1262354715,59079073346
1772226286005,1296374242,59104089157
1772226287006,1330797511,59130273167
1772226288005,1364934860,59155441283
1772226289005,1399179366,59186763272
1772226290006,1433322940,59211855007
1772226292615,1468087164,59279079863
1772226293005,1536450785,59289014759
1772226294005,1571181869,59316523956
1772226295005,1605206950,59342527495
1772226296005,1639044204,59367610655
1772226297005,1673130103,59393844299
1772226298005,1706820164,59419019602
1772226299005,1740747288,59447371438
1772226300005,1774478973,59475855118
1772226301006,1808360018,59502755704
1772226302006,1842142862,59528587041
1772226303005,1875880391,59553603508
1772226304005,1910624901,59581061042
1772226305005,1944588629,59606960948
1772226306005,1978323289,59632007245
1772226307005,2012087122,59657322006
1772226308005,2045859637,59682629428
1772226309005,2079811083,59707944480
1772226310005,2113648185,59733309013
1772226311005,2148140099,59758852141
1772226312005,2182108832,59783890458
1772226313006,2216049292,59809572021
1772226314005,2250502726,59837315154
1772226315005,2284618927,59869118731
1772226316005,2318512178,59894124274
1772226317005,2352413334,59919229986
1772226318006,2386258324,59944851357
1772226319005,2420230368,59975696517
1772226320005,2454152457,60000880213
1772226321005,2488370429,60027455773
1772226322005,2522322790,60052562202
1772226323005,2556163966,60078053941
1772226324006,2590583207,60105794587
1772226325005,2624669151,60131187179
1772226326005,2658461044,60156257096
1772226327005,2692552466,60182042337
1772226328005,2726349608,60207622680
1772226329005,2760257797,60232747830
1772226330006,2794258297,60258130230
1772226331005,2828243173,60290783830
1772226332005,2862067458,60315963619
1772226333005,2895870901,60341448477
1772226334005,2930240507,60369038313
1772226335005,2964263772,60394833365
1772226336005,2998082854,60419986255
1772226337005,3031892858,60445290793
1772226338005,3065795707,60470899637
1772226339005,3099518298,60496128740
1772226340006,3133437091,60521847198
1772226341006,3167974902,60547152713
1772226342005,3201615999,60572305022
1772226343005,3235376415,60597784982
1772226344005,3269750125,60625719222
1772226345006,3303531521,60651731930
1772226346005,3338436057,60676918555
1772226347005,3373409117,60702171216
1772226348006,3407098690,60727951682
1772226349005,3440910891,60759069687
1772226350006,3474736152,60784708802
1772226351006,3508668312,60811625181
1772226352005,3542416704,60836796609
1772226353005,3576354875,60862398083
1772226354005,3611145190,60889904214
1772226355005,3645368915,60915238399
1772226356006,3679159907,60940387016
1772226357005,3713212284,60965986430
1772226358005,3746934982,60991484349
1772226359005,3780850647,61016636139
1772226360005,3814734851,61042082532
1772226361005,3848417679,61068958156
1772226362005,3884311270,61094026836
1772226363006,3918177377,61119538929
1772226364005,3952728187,61147117826
1772226365005,3986607173,61172899543
1772226366006,4020476042,61198209239
1772226367005,4054186075,61223303812
1772226368005,4087932819,61248779682
1772226369005,4121714550,61274043574
1772226370006,4155682505,61299575502
1772226371005,4189802673,61326307320
1772226372005,4223510571,61351297955
1772226373005,4257547110,61376513906
1772226374005,4292033577,61404596865
1772226375005,4326113022,61430725183
1772226376005,4359833645,61455904942
1772226377005,4393693710,61480979970
1772226378005,4427460030,61512073500
1772226379005,4461404289,61543528813
1772226380005,4495202483,61569110773
1772226381005,4529417740,61595647410
1772226382005,4563144282,61620850666
1772226383005,4596965135,61645986787
1772226384005,4631710851,61673958210
1772226385005,4665652897,61699812189
1772226386005,4698982518,61724914971
1772226387005,4732034230,61750302101
1772226388005,4764859971,61775414847
1772226389005,4797859775,61801049019
1772226390005,4830796990,61826411340
1772226391005,4864304260,61851832007
1772226392005,4897118573,61876857874
1772226393005,4930011418,61904838070
1772226394005,4963962971,61935676518
1772226395005,4997213509,61961086870
1772226396005,5030113724,61986114049
1772226397005,5063011834,62011244753
1772226398005,5095960035,62036372894
1772226399006,5129027875,62061925131
1772226400005,5162146035,62087296774
1772226401005,5195193810,62114014341
1772226402005,5228122955,62139024598
1772226403005,5261179305,62164094850
1772226404005,5295078187,62191867996
1772226405005,5328371799,62217214921
1772226406005,5361196426,62242169792
1772226407005,5394174884,62267411025
1772226408005,5427135292,62292469986
1772226409005,5460542011,62327263704
1772226410005,5493679458,62352450420
1772226411005,5527382793,62377881615
1772226412005,5560421367,62403003928
1772226413005,5593350252,62428056740
1772226414005,5627277300,62455873554
1772226415005,5660332338,62481764350
1772226416005,5693381944,62506877050
1772226417005,5726569056,62532295474
1772226418005,5759424962,62557285179
1772226419005,5792446646,62582996359
1772226420005,5825489935,62608404041
1772226421005,5859147481,62633745504
1772226422005,5891990799,62658725688
1772226423005,5924827098,62683769346
1772226424005,5958584279,62711664143
1772226425006,5992021118,62742808041
1772226426005,6025015261,62767800538
1772226427005,6058083131,62792828754
1772226428005,6091037482,62817701308
1772226429005,6124142032,62843040299
1772226430006,6157262191,62868238795
1772226431005,6191142580,62893605784
1772226432005,6224181048,62918530536
1772226433005,6257278335,62943555014
1772226434005,6290953641,62971072786
1772226435005,6324188129,62997038042
1772226436005,6357196538,63022094211
1772226437005,6390266666,63047170947
1772226438005,6423236717,63072197012
1772226439005,6456249308,63103275926
1772226440005,6489271846,63132210968
1772226441005,6522154453,63161796916
1772226442005,6554974732,63186890116
1772226443005,6587819408,63212000299
1772226444005,6621451458,63239494681
1772226445005,6654683839,63265477651
1772226446005,6687584115,63290481836
1772226447005,6720606288,63315875908
1772226448005,6753450918,63340894832
1772226449005,6786474143,63366025048
1772226450005,6819556889,63391749288
1772226451006,6852464642,63418477337
1772226452005,6878726208,63444248191
1772226453005,6903846247,63469533688
1772226454005,6932019732,63497628060
1772226455005,6957532451,63523775389
1772226456005,6987590680,63548789187
1772226457005,7012649412,63573956479
1772226458005,7037662782,63599198536
1772226459005,7062944495,63624387862
1772226460005,7088310722,63650050246
1772226461005,7114765881,63675599218
1772226462005,7139592280,63700618127
1772226463005,7164450476,63725791157
1772226464005,7191385057,63753122522
1772226465005,7217439435,63778866079
1772226466005,7242557521,63803890832
1772226467005,7267943034,63828988228
1772226468005,7293005962,63854093848
1772226469005,7318256136,63885075476
1772226470005,7343476481,63910899290
1772226471005,7369231481,63937480664
1772226472005,7398952723,63962633614
1772226473005,7423783989,63987799839
1772226474005,7450659735,64015162239
1772226475005,7476295296,64040835060
1772226476005,7501243041,64065709384
1772226477005,7526335417,64090670404
1772226478005,7551287740,64115744425
1772226479005,7576406681,64140737899
1772226480005,7601691307,64166348009
1772226481005,7628129195,64193794267
1772226482005,7652971920,64218680233
1772226483005,7677943834,64243633533
1772226484005,7704976676,64270459614
1772226485005,7730457491,64296539869
1772226486006,7755670313,64321543322
1772226487005,7783695994,64346556631
1772226488005,7810854792,64371608222
1772226489005,7835893887,64396744526
1772226490005,7861072608,64422543851
1772226491005,7887540996,64447936627
1772226492005,7912352106,64473006009
1772226493005,7937215338,64497997560
1772226494005,7964018548,64525305947
1772226495005,7989160512,64551385012
1772226496005,8014148630,64576478075
1772226497005,8039161131,64601440026
1772226498005,8064069511,64626348146
1772226499006,8089331433,64657033800
1772226500005,8114246710,64682281075
1772226501005,8140881883,64708001211
1772226502005,8166074733,64733170136
1772226503005,8196523278,64758100427
1772226504006,8223523133,64785068927
1772226505005,8248581117,64811038226
1772226506005,8273471981,64836317939
1772226507005,8298355628,64861284971
1772226508005,8323234376,64886262546
1772226509005,8348309206,64911484081
1772226510005,8373271141,64936901178
1772226511005,8398269940,64964202683
1772226512005,8422984986,64989234607
1772226513005,8447875086,65014336230
1772226514005,8474852939,65041312175
1772226515005,8500345075,65066583161
1772226516005,8525299137,65092083521
1772226517005,8550164444,65117300570
1772226518005,8575487872,65142414353
1772226519005,8605088056,65167773104
1772226520005,8629934214,65193063544
1772226521005,8655004603,65220376371
1772226522005,8679832070,65245337818
1772226523005,8704709338,65270367880
1772226524005,8731074110,65297608964
1772226525005,8756902638,65322878501
1772226526005,8781986302,65348191492
1772226527005,8806877913,65372996515
1772226528005,8831920854,65397878437
1772226529005,8857214864,65428607271
1772226530005,8882172268,65453419724
1772226531005,8908924577,65479377564
1772226532005,8933874733,65504312920
1772226533005,8958806717,65529205538
1772226534005,8988209921,23920439
1772226535005,9015791975,49603101
1772226536005,9040616711,75070885
1772226537005,9065444360,100081601
1772226538005,9090273689,125028461
1772226539005,9115233579,150091664
1772226540005,9139963700,175109703
1772226541005,9166338145,201352151
1772226542005,9191156701,226234027
1772226543005,9216170864,251225884
1772226544005,9243194995,278013820
1772226545005,9268874041,303189963
1772226546005,9293889074,328651399
1772226547005,9318634102,353719210
1772226548005,9343462026,378834977
1772226549005,9368420101,404127995
1772226550005,9398501035,429315429
1772226551005,9424931705,455651545
1772226552005,9449645988,480893221
1772226553005,9474157630,506045622
1772226554005,9501089022,533122637
1772226555005,9526153949,559167402
1772226556005,9550877096,584836057
1772226557005,9575642295,610030738
1772226558005,9600276748,635169316
1772226559005,9626292096,666270551
1772226560005,9651047270,691362378
1772226561005,9676573599,718250026
1772226562005,9701557994,743717352
1772226563005,9726302427,768733758
1772226564005,9753559455,795811185
1772226565005,9779149166,821278237
1772226566005,9808916471,846518844
1772226567005,9833632219,872339103
1772226568005,9858456023,897551453
1772226569005,9883184649,922855900
1772226570005,9907946827,948043577
1772226571005,9934122139,974099878
1772226572005,9958782607,999651016
1772226573005,9983453237,1024774915
1772226574005,10009898372,1052390217
1772226575005,10035366217,1077830750
1772226576005,10060297606,1103023783
1772226577005,10085318773,1128611373
1772226578005,10110215099,1153629976
1772226579005,10135087485,1178699862
1772226580005,10159817361,1203808305
1772226581005,10186456380,1233071424
1772226582005,10211349380,1260872736
1772226583005,10236196773,1285948512
1772226584005,10263222567,1312684647
1772226585005,10288648162,1338166133
1772226586005,10313524149,1363125856
1772226587005,10338476121,1388636393
1772226588005,10363414514,1413554492
1772226589005,10388653458,1444794866
1772226590005,10413302620,1469914584
1772226591005,10439390718,1496205217
1772226592005,10464265286,1521806767
1772226593005,10488981003,1546938280
1772226594005,10515964745,1574257332
1772226595005,10541658027,1599515746
1772226596005,10566733192,1624482244
1772226597005,10591836478,1655483189
1772226598005,10616787839,1680487053
1772226599005,10641911387,1705549768
1772226600005,10666837299,1730601344
1772226601005,10693334250,1756590997
1772226602005,10718262374,1782035757
1772226603005,10743215673,1807217636
1772226604005,10770044272,1834206887
1772226605005,10795572966,1859423478
1772226606005,10820629181,1884417913
1772226607005,10845613103,1909959683
1772226608005,10871061814,1934976227
1772226609005,10895903349,1960072494
1772226610005,10920671614,1985019186
1772226611005,10947469972,2010824157
1772226612005,10972383860,2037043794
1772226613005,10997320193,2067103091
1772226614005,11024257734,2094072171
1772226615005,11049708978,2119532219
1772226616005,11074471934,2144429262
1772226617005,11099570062,2169848938
1772226618005,11124368386,2194791419
1772226619005,11149543461,2225625213
1772226620005,11174308354,2250616764
1772226621005,11199867808,2277883756
1772226622006,11225030218,2303306483
1772226623005,11250041864,2328454017
1772226624006,11277236579,2355254877
1772226625005,11302785612,2380443897
1772226626005,11327824417,2405364453
1772226627005,11352935179,2430282674
1772226628006,11378872238,2459602203
1772226629554,11403954697,2500199362
1772226630005,11429108333,2511483293
1772226631006,11455152488,2538527992
1772226632006,11481026272,2563655629
1772226633005,11506113979,2588931742
