timestamp,energy
1763845069002,140289891833
1763845070002,140366451024
1763845071002,140443280051
1763845072002,140520294258
1763845073002,140598349662
1763845074002,140674588114
1763845075002,140753204001
1763845076002,140830616828
1763845077002,140907760307
1763845078002,140985178139
1763845079002,141062146997
1763845080002,141148282092
1763845081002,141265613151
1763845082002,141358207763
1763845083002,141435977217
1763845084002,141513720426
1763845085002,141594155401
1763845086002,141671913930
1763845087002,141750090732
1763845088002,141829333205
1763845089002,141909763541
1763845090002,141998237252
1763845091002,142103668989
1763845092002,142192562560
1763845093002,142279732198
1763845094002,142367207011
1763845095002,142446226706
1763845096002,142527413388
1763845097002,142605532695
1763845098002,142684374106
1763845099002,142762567205
1763845100002,142841988510
1763845101002,142940950293
1763845102002,143036776891
1763845103002,143139621537
1763845104002,143241707885
1763845105002,143329733599
1763845106002,143416065593
1763845107002,143499466624
1763845108002,143578041008
1763845109002,143659815823
1763845110002,143740814700
1763845111002,143841163320
1763845112002,143947407738
1763845113002,144040176971
1763845114002,144131343608
1763845115002,144221818535
1763845116002,144327716396
1763845117002,144427403946
1763845118002,144520356711
1763845119002,144609064431
1763845120002,144693166205
1763845121002,144773207565
1763845122002,144854847249
1763845123002,144934993162
1763845124002,145014038614
1763845125002,145093260274
1763845126002,145172049379
1763845127002,145250344832
1763845128002,145328729336
1763845129002,145409307377
1763845130002,145487371142
1763845131002,145572111892
1763845132002,145678952622
1763845133002,145787190016
1763845134002,145883609996
1763845135002,145979582040
1763845136002,146084517441
1763845137002,146182515969
1763845138002,146277526102
1763845139002,146373860023
1763845140002,146464854419
1763845141002,146557427546
1763845142002,146649658206
1763845143002,146742533456
1763845144002,146838329476
1763845145002,146932091077
1763845146002,147025010944
1763845147002,147120312580
1763845148002,147213685815
1763845149002,147307882839
1763845150002,147400924044
1763845151002,147493857766
1763845152002,147586136277
1763845153002,147678216547
1763845154002,147770098514
1763845155002,147861956311
1763845156002,147954354207
1763845157002,148048155785
1763845158002,148145356708
1763845159002,148237621243
1763845160002,148331278840
1763845161002,148420812424
1763845162002,148516630477
1763845163002,148611791671
1763845164002,148704091118
1763845165002,148796101624
1763845166002,148890338627
1763845167002,148981476333
1763845168002,149073849021
1763845169002,149165830597
1763845170002,149255317734
1763845171002,149343205815
1763845172002,149434524306
1763845173002,149527548666
1763845174002,149620554470
1763845175002,149710471232
1763845176002,149803785751
1763845177002,149895197322
1763845178002,149988392029
1763845179002,150083586671
1763845180002,150178774537
1763845181002,150275335692
1763845182002,150371125913
1763845183002,150466658017
1763845184002,150560511536
1763845185002,150655389711
1763845186002,150750809816
1763845187002,150846704346
1763845188002,150940182561
1763845189002,151034794563
1763845190002,151132700013
1763845191002,151229038389
1763845192002,151324332030
1763845193002,151418664918
1763845194002,151513439028
1763845195002,151612462640
1763845196002,151709714283
1763845197002,151805589281
1763845198002,151900858508
1763845199002,151997196457
1763845200002,152090859486
1763845201002,152185475455
1763845202002,152280785880
1763845203002,152376882375
1763845204002,152470584161
1763845205002,152567409658
1763845206002,152662184318
1763845207002,152749807445
1763845208002,152842110920
1763845209002,152936044884
1763845210002,153030839624
1763845211002,153127749593
1763845212002,153221174830
1763845213002,153316308986
1763845214002,153410069488
1763845215002,153504640901
1763845216002,153601230253
1763845217002,153695777680
1763845218002,153791072541
1763845219002,153884881932
1763845220002,153979077431
1763845221002,154075939060
1763845222002,154170608190
1763845223002,154266291600
1763845224002,154360122781
1763845225002,154454090131
1763845226002,154550803750
1763845227002,154645621928
1763845228002,154740968730
1763845229002,154834823775
1763845230002,154928762500
1763845231002,155023636219
1763845232002,155119433459
1763845233002,155213660513
1763845234002,155308814200
1763845235002,155402872248
1763845236002,155497292538
1763845237002,155593646601
1763845238002,155687583982
1763845239002,155783180051
1763845240002,155876745668
1763845241002,155970270331
1763845242002,156065603950
1763845243002,156159400096
1763845244002,156251821063
1763845245002,156344793664
1763845246002,156437092623
1763845247002,156531367772
1763845248002,156626897312
1763845249002,156720019816
1763845250002,156814463483
1763845251002,156907339893
1763845252002,157000391351
1763845253002,157093387146
1763845254002,157186110541
1763845255002,157279256238
1763845256002,157372331317
1763845257002,157467583515
1763845258002,157560422083
1763845259002,157652821810
1763845260002,157745141642
1763845261002,157837431994
1763845262002,157930188288
1763845263002,158022589540
1763845264002,158115071847
1763845265002,158207148455
1763845266002,158300170373
1763845267002,158390555334
1763845268002,158476635314
1763845269002,158557638097
1763845270002,158638117750
1763845271002,158716614802
1763845272002,158793499554
1763845273002,158870985134
1763845274002,158949328623
1763845275002,159027148614
1763845276002,159104397867
1763845277002,159182635765
1763845278002,159259721932
1763845279002,159337190728
1763845280002,159414475076
1763845281002,159491933618
1763845282002,159569895943
1763845283002,159647634513
1763845284002,159725022072
1763845285002,159813020076
1763845286002,159897017054
1763845287002,159979770748
1763845288002,160059509069
1763845289002,160136570762
1763845290002,160213843574
1763845291002,160290831231
1763845292002,160367960184
1763845293002,160445225977
1763845294002,160521874646
1763845295002,160601174370
1763845296002,160678948157
1763845297002,160756105064
1763845298002,160834594060
1763845299002,160913030932
1763845300002,160992561368
1763845301002,161070393872
1763845302002,161147076109
1763845303002,161224442366
1763845304002,161301843841
1763845305002,161379967298
1763845306002,161458574946
1763845307002,161537045021
1763845308002,161614893576
1763845309002,161691972358
1763845310002,161768881524
1763845311002,161845963480
1763845312002,161923309901
1763845313002,162001017283
1763845314002,162077206052
1763845315002,162160486052
1763845316002,162243031006
1763845317002,162327769254
1763845318002,162407146553
1763845319002,162485208365
1763845320002,162562323463
1763845321002,162639348412
1763845322002,162717913030
1763845323002,162795033316
1763845324002,162871103007
1763845325002,162952430191
1763845326002,163039973485
1763845327002,163118108234
1763845328002,163199306757
1763845329002,163278788975
1763845330002,163358799573
1763845331002,163437612726
1763845332002,163515965370
1763845333002,163595506121
1763845334002,163674051086
1763845335002,163755059301
1763845336002,163856212362
1763845337002,163958094487
1763845338002,164053274419
1763845339002,164148914921
1763845340002,164243242927
1763845341002,164334931230
1763845342002,164427448937
1763845343002,164523000206
1763845344002,164615986907
1763845345002,164711942899
1763845346002,164806262726
1763845347002,164901412201
1763845348002,164991153732
1763845349002,165088546000
1763845350002,165183393596
1763845351002,165271409545
1763845352002,165369173699
1763845353002,165467340074
1763845354002,165559731805
1763845355002,165661198770
1763845356002,165759088839
1763845357002,165857560205
1763845358002,165954249350
1763845359002,166051784562
1763845360002,166147136246
1763845361002,166241790972
1763845362002,166338392043
1763845363002,166434875317
1763845364002,166533234501
1763845365002,166630225281
1763845366002,166728676078
1763845367002,166826108690
1763845368002,166920928089
1763845369002,167022152012
1763845370002,167121715477
1763845371002,167217764487
1763845372002,167317902231
1763845373002,167415989260
1763845374002,167514327876
1763845375002,167614535383
1763845376002,167714136019
1763845377002,167813216087
1763845378002,167916469607
1763845379002,168018595811
1763845380002,168124166341
1763845381002,168230399651
1763845382002,168335370818
1763845383002,168439574164
1763845384002,168546504188
1763845385002,168651803907
1763845386002,168756138722
1763845387002,168858808198
1763845388002,168959328510
1763845389002,169064608941
1763845390002,169169229462
1763845391002,169273752204
1763845392002,169376170888
1763845393002,169481458765
1763845394002,169585428347
1763845395002,169688703291
1763845396002,169793543965
1763845397002,169899118035
1763845398002,170000206827
1763845399002,170103604145
1763845400002,170210480641
1763845401002,170314796659
1763845402002,170420924744
1763845403002,170526289953
1763845404002,170632027292
1763845405002,170733872246
1763845406002,170835798438
1763845407002,170937779256
1763845408002,171041135619
1763845409002,171142755599
1763845410002,171244876675
1763845411002,171348292670
1763845412002,171452546126
1763845413002,171554509671
1763845414002,171660085329
1763845415002,171765083412
1763845416002,171869185624
1763845417002,171973889701
1763845418002,172080045008
1763845419002,172185175965
1763845420002,172290489477
1763845421002,172394974805
1763845422002,172499404713
1763845423002,172603592374
1763845424002,172709308046
1763845425002,172816568574
1763845426002,172925188902
1763845427002,173031207002
1763845428002,173139259338
1763845429002,173244521641
1763845430002,173352129215
1763845431002,173459436008
1763845432002,173567661073
1763845433002,173673811619
1763845434002,173781016850
1763845435002,173889838166
1763845436002,174000433708
1763845437002,174111564649
1763845438002,174222282688
1763845439002,174332099973
1763845440002,174443201922
1763845441002,174551924788
1763845442002,174663509464
1763845443002,174777353472
1763845444002,174889462010
1763845445002,175000449702
1763845446002,175117634034
1763845447002,175234384894
1763845448002,175351029554
1763845449002,175466432091
1763845450002,175582448212
1763845451002,175700916842
1763845452002,175816977214
1763845453002,175931302849
1763845454002,176044817085
1763845455002,176158234824
1763845456002,176271471290
1763845457002,176384371819
1763845458002,176496183056
1763845459002,176609501125
1763845460002,176722651287
1763845461002,176834820434
1763845462002,176945396872
1763845463002,177056013959
1763845464002,177163985606
1763845465002,177270729108
1763845466002,177381917788
1763845467002,177491249661
1763845468002,177602075061
1763845469002,177712385936
1763845470002,177823743317
1763845471002,177933741326
1763845472002,178048879093
1763845473002,178160043848
1763845474002,178271245162
1763845475002,178386653497
1763845476002,178500113656
1763845477002,178612300685
1763845478002,178725076520
1763845479002,178839239924
1763845480002,178951915783
1763845481002,179064613736
1763845482002,179177397688
1763845483002,179288842960
1763845484002,179404695446
1763845485002,179522094499
1763845486002,179635741059
1763845487002,179753802402
1763845488002,179871646094
1763845489002,179989867899
1763845490002,180107829816
1763845491002,180222593194
1763845492002,180340489865
1763845493002,180454969857
1763845494002,180570653155
1763845495002,180685980374
1763845496002,180802638645
1763845497002,180919267131
1763845498002,181035771532
1763845499002,181153661001
1763845500002,181269180603
1763845501002,181385397285
1763845502002,181499532674
1763845503002,181615657377
1763845504002,181732283116
1763845505002,181849189921
1763845506002,181963481010
1763845507002,182080983944
1763845508002,182198368592
1763845509002,182313222791
1763845510002,182428743125
1763845511002,182544927337
1763845512002,182659333416
1763845513002,182772492550
1763845514002,182883822404
1763845515002,182997163484
1763845516002,183110927902
1763845517002,183226319696
1763845518002,183338845897
1763845519002,183453907126
1763845520002,183566827492
1763845521002,183681084462
1763845522002,183802279220
1763845523002,183924682838
1763845524002,184042377544
1763845525002,184161827677
1763845526002,184277777088
1763845527002,184396466969
1763845528002,184513075191
1763845529002,184632054379
1763845530002,184750750059
1763845531002,184859114466
1763845532002,184974775242
1763845533002,185091204326
1763845534002,185208701523
1763845535002,185327495470
1763845536002,185442684201
1763845537002,185558917240
1763845538002,185672632525
1763845539002,185788146390
1763845540002,185906720061
1763845541002,186019581161
1763845542002,186134579585
1763845543002,186255460745
1763845544002,186374378532
1763845545002,186490409302
1763845546002,186607675298
1763845547002,186726668890
1763845548002,186843183789
1763845549002,186961041275
1763845550002,187079249591
1763845551002,187196886924
1763845552002,187312626435
1763845553002,187432315948
1763845554002,187550914399
1763845555002,187669305270
1763845556002,187788586886
1763845557002,187907692294
1763845558002,188031993185
1763845559002,188155861947
1763845560002,188278019838
1763845561002,188401530691
1763845562002,188521600940
1763845563002,188644044108
1763845564002,188768954738
1763845565002,188893293531
1763845566002,189019634028
1763845567002,189148008455
1763845568002,189273526933
1763845569002,189398344911
1763845570002,189523597154
1763845571002,189648230685
1763845572002,189775328260
1763845573002,189901742060
1763845574002,190024250780
1763845575002,190148873325
1763845576002,190274762407
1763845577002,190399834230
1763845578002,190526228193
1763845579002,190653588890
1763845580002,190780793399
1763845581002,190909953774
1763845582002,191038198379
1763845583002,191164462766
1763845584002,191289335615
1763845585002,191416250268
1763845586002,191548319144
1763845587002,191677187894
1763845588002,191804354316
1763845589002,191933478924
1763845590002,192065721994
1763845591002,192197195534
1763845592002,192320852628
1763845593002,192435172159
1763845594002,192549688223
1763845595002,192664523379
1763845596002,192783548648
1763845597002,192901668951
1763845598002,193021470646
1763845599002,193143812862
1763845600002,193264172478
1763845601002,193384918019
1763845602002,193503680776
1763845603002,193622715994
1763845604002,193744758955
1763845605002,193867003271
1763845606002,193987819918
1763845607002,194104331033
1763845608002,194217220148
1763845609002,194331533027
1763845610002,194445521871
1763845611002,194558427466
1763845612002,194675603740
1763845613002,194793025376
1763845614002,194909557182
1763845615002,195025024538
1763845616002,195142999089
1763845617002,195259675854
1763845618002,195378158277
1763845619002,195494065207
1763845620002,195610498015
1763845621002,195730337979
1763845622002,195851914267
1763845623002,195972434710
1763845624002,196092858840
1763845625002,196212035232
1763845626002,196334141548
1763845627002,196452983163
1763845628002,196572728584
1763845629002,196692419622
1763845630002,196811472540
1763845631002,196922932826
1763845632002,197035641705
1763845633002,197149283931
1763845634002,197264893987
1763845635002,197380508193
1763845636002,197495813928
1763845637002,197611277072
1763845638002,197727010907
1763845639002,197842654288
1763845640002,197957634401
1763845641002,198081603993
1763845642002,198202914840
1763845643002,198323389995
1763845644002,198444140602
1763845645002,198568509302
1763845646002,198687102382
1763845647002,198808338522
1763845648002,198925702174
1763845649002,199043074371
1763845650002,199159850562
1763845651002,199277500041
1763845652002,199395344527
1763845653002,199514948346
1763845654002,199636075600
1763845655002,199753688397
1763845656002,199869263601
1763845657002,199985054015
1763845658002,200101211006
1763845659002,200214839011
1763845660002,200334487264
1763845661002,200457926462
1763845662002,200578238166
1763845663002,200691461448
1763845664002,200805027563
1763845665002,200919364612
1763845666002,201036449029
1763845667002,201153841734
1763845668002,201271621767
1763845669002,201387494761
1763845670002,201503125691
1763845671002,201623078081
1763845672002,201743430495
1763845673002,201864924447
1763845674002,201989633112
1763845675002,202111093983
1763845676002,202230776782
1763845677002,202348932302
1763845678002,202462898075
1763845679002,202577801101
1763845680002,202695720904
1763845681002,202816826917
1763845682002,202935457473
1763845683002,203055270155
1763845684002,203173755508
1763845685002,203294862315
1763845686002,203413417553
1763845687002,203532857067
1763845688002,203656208680
1763845689002,203776926388
1763845690002,203896364681
1763845691002,204022643777
1763845692002,204147183558
1763845693002,204267965720
1763845694002,204390325636
1763845695002,204512996159
1763845696002,204634656126
1763845697002,204757444020
1763845698002,204879937420
1763845699002,205000564064
1763845700002,205129559278
1763845701002,205254947263
1763845702002,205375373102
1763845703002,205498970137
1763845704002,205620561805
1763845705002,205741717013
1763845706002,205868913037
1763845707002,205994872248
1763845708002,206118446944
1763845709002,206242458712
1763845710002,206367287128
1763845711002,206493198609
1763845712002,206620164410
1763845713002,206742947299
1763845714002,206867866168
1763845715002,206995195921
1763845716002,207121013836
1763845717002,207248334677
1763845718002,207373567510
1763845719002,207500415635
1763845720002,207627058683
1763845721002,207753901132
1763845722002,207882083787
1763845723002,208009259914
1763845724002,208133410780
1763845725002,208261866445
1763845726002,208392155906
1763845727002,208520669188
1763845728002,208650289828
1763845729002,208778944467
1763845730002,208908421186
1763845731002,209040642466
1763845732002,209170486555
1763845733002,209298658346
1763845734002,209427575802
1763845735002,209562347674
1763845736002,209698355138
1763845737002,209829714421
1763845738002,209958940592
1763845739002,210089890147
1763845740002,210222552038
1763845741002,210356113708
1763845742002,210484611243
1763845743002,210614916573
1763845744002,210745322734
1763845745002,210872883259
1763845746002,210998189762
1763845747002,211124110949
1763845748002,211252025904
1763845749002,211381607970
1763845750002,211509197670
1763845751002,211636207782
1763845752002,211762926025
1763845753002,211891327612
1763845754002,212020846751
1763845755002,212149337206
1763845756002,212275999968
1763845757002,212403327034
1763845758002,212529761586
1763845759002,212654033485
1763845760002,212780451252
1763845761002,212906480958
1763845762002,213034195658
1763845763002,213162061664
1763845764002,213289161314
1763845765002,213415798014
1763845766002,213541972984
1763845767002,213669525270
1763845768002,213795892622
1763845769002,213916819314
1763845770003,214037361059
1763845771002,214152750839
1763845772002,214264920230
1763845773002,214383679142
1763845774002,214504835875
1763845775002,214626776359
1763845776002,214749312117
1763845777002,214870998756
1763845778002,214993904081
1763845779002,215119028334
1763845780002,215242938966
1763845781002,215367758349
1763845782002,215495169461
1763845783002,215621520151
1763845784002,215746574518
1763845785002,215871687357
1763845786002,215995669644
1763845787002,216121118847
1763845788002,216245466979
1763845789002,216370625227
1763845790002,216496324918
1763845791002,216621136000
1763845792002,216745771728
1763845793002,216870997176
1763845794002,216996942289
1763845795002,217121978895
1763845796002,217246109131
1763845797002,217371532394
1763845798002,217495360629
1763845799002,217616180388
1763845800002,217738782431
1763845801002,217864465275
1763845802002,217988824271
1763845803002,218116994292
1763845804002,218244030954
1763845805002,218373651350
1763845806002,218499717006
1763845807002,218626766546
1763845808002,218753527758
1763845809002,218878076328
1763845810002,219003395038
1763845811002,219127656561
1763845812002,219246650519
1763845813002,219365219368
1763845814002,219485063666
1763845815002,219606988463
1763845816002,219723734930
1763845817002,219842340217
1763845818002,219957888200
1763845819002,220073644373
1763845820002,220188823094
1763845821002,220305093854
1763845822002,220425019206
1763845823002,220547650362
1763845824002,220668531949
1763845825002,220785603122
1763845826002,220899904404
1763845827002,221013651488
1763845828002,221131126773
1763845829002,221249141852
1763845830002,221369097539
1763845831002,221491007505
1763845832002,221613528248
1763845833002,221735828595
1763845834002,221856246865
1763845835002,221976598608
1763845836002,222100101161
1763845837002,222224519665
1763845838002,222340918049
1763845839002,222455831817
1763845840002,222575486357
1763845841002,222698812274
1763845842002,222822579047
1763845843002,222944232422
1763845844002,223066556877
1763845845002,223193413669
1763845846002,223319506547
1763845847002,223448155327
1763845848002,223575161838
1763845849002,223703967599
1763845850002,223831599780
1763845851002,223960683128
1763845852002,224088840027
1763845853002,224214898725
1763845854002,224341946496
1763845855002,224466344493
1763845856002,224592744254
1763845857002,224719104466
1763845858002,224847748240
1763845859002,224974867178
1763845860002,225099631201
1763845861002,225223961999
1763845862002,225351502566
1763845863002,225478319990
1763845864002,225601807772
1763845865002,225727134966
1763845866002,225853336364
1763845867002,225976308645
1763845868002,226097486618
1763845869002,226223217558
1763845870002,226352435611
1763845871002,226481577127
1763845872002,226609107867
1763845873002,226736038755
1763845874002,226865477999
1763845875002,226992621778
1763845876002,227119176630
1763845877002,227244327798
1763845878002,227368428128
1763845879002,227488307826
1763845880002,227609289389
1763845881002,227735258243
1763845882002,227862142867
1763845883002,227988937281
1763845884002,228114753854
1763845885002,228241458852
1763845886002,228371121117
1763845887002,228497028754
1763845888002,228621382928
1763845889002,228747360389
1763845890002,228873515034
1763845891002,229000669799
1763845892002,229126108626
1763845893002,229252851831
1763845894002,229381616822
1763845895002,229510680151
1763845896002,229639200330
1763845897002,229768339892
1763845898002,229894716765
1763845899002,230018354449
1763845900002,230143175053
1763845901002,230271937785
1763845902002,230399434345
1763845903002,230527876766
1763845904002,230655250280
1763845905002,230781283954
1763845906002,230908730832
1763845907002,231035224832
1763845908002,231162059285
1763845909002,231288782716
1763845910002,231417165077
1763845911002,231545892409
1763845912002,231672121822
1763845913002,231798196878
1763845914002,231926542924
1763845915002,232054660699
1763845916002,232181684910
1763845917002,232309214002
1763845918002,232435550715
1763845919002,232562921422
1763845920002,232687863423
1763845921002,232812677069
1763845922002,232937062432
1763845923002,233057917835
1763845924002,233177243091
1763845925002,233299271160
1763845926002,233421165379
1763845927002,233544205164
1763845928002,233665646504
1763845929002,233788056042
1763845930002,233910565494
1763845931002,234033137629
1763845932002,234155636949
1763845933002,234278810889
1763845934002,234400545562
1763845935002,234520116545
1763845936002,234634726726
1763845937002,234750140065
1763845938002,234867592829
1763845939002,234986211116
1763845940002,235106760551
1763845941002,235226947805
1763845942002,235345920828
1763845943002,235463247981
1763845944002,235583861930
1763845945002,235708857033
1763845946002,235835320637
1763845947002,235961895752
1763845948002,236086132007
1763845949002,236210779820
1763845950002,236334521935
1763845951002,236459194223
1763845952002,236582481261
1763845953002,236707428512
1763845954002,236827033857
1763845955002,236946406904
1763845956002,237069109715
1763845957002,237192535546
1763845958002,237316275281
1763845959002,237440680114
1763845960002,237564766222
1763845961002,237690155000
1763845962002,237813865499
1763845963002,237938439460
1763845964002,238065309252
1763845965002,238191264069
1763845966002,238314181662
1763845967002,238437226146
1763845968002,238563554131
1763845969002,238690642246
1763845970002,238819694467
1763845971002,238944429560
1763845972002,239070863623
1763845973002,239194634059
1763845974002,239320230783
1763845975002,239441351139
1763845976002,239559877630
1763845977002,239678040353
1763845978002,239798044318
1763845979002,239921456661
1763845980002,240043920153
1763845981002,240167984045
1763845982002,240289857512
1763845983002,240408627350
1763845984002,240527726593
1763845985002,240654676036
1763845986002,240784859419
1763845987002,240914234576
1763845988002,241039864564
1763845989002,241166677106
1763845990002,241295927324
1763845991002,241421807007
1763845992002,241547916486
1763845993002,241674314661
1763845994002,241801664250
1763845995002,241929724103
1763845996002,242057535177
1763845997002,242187870292
1763845998002,242314768100
1763845999002,242437055568
1763846000002,242556719507
1763846001002,242674798184
1763846002002,242793862149
1763846003002,242914375513
1763846004002,243036356829
1763846005003,243159677009
1763846006002,243279830021
1763846007002,243401903256
1763846008002,243528227945
1763846009002,243653002101
1763846010002,243785424247
1763846011002,243914738003
1763846012002,244043797365
1763846013002,244173852940
1763846014002,244296824061
1763846015002,244423519965
1763846016002,244550585313
1763846017002,244680393208
1763846018002,244808425107
1763846019002,244934826639
1763846020002,245059254909
1763846021002,245185867500
1763846022002,245312108449
1763846023002,245439620696
1763846024002,245567017159
1763846025002,245695725021
1763846026002,245825548724
1763846027002,245955974049
1763846028002,246083291900
1763846029002,246208086807
1763846030002,246333476806
1763846031002,246462357336
1763846032002,246595605774
1763846033002,246726381928
1763846034002,246854502816
1763846035002,246982561204
1763846036002,247113320513
1763846037002,247242620902
1763846038002,247369429415
1763846039002,247496243788
1763846040002,247624112296
1763846041002,247748938515
1763846042002,247874814657
1763846043002,248001836549
1763846044002,248128229780
1763846045002,248256151999
1763846046002,248382122379
1763846047002,248509625776
1763846048002,248637223167
1763846049002,248764748231
1763846050002,248892789834
1763846051002,249021341324
1763846052002,249149601189
1763846053002,249276626071
1763846054002,249401234761
1763846055002,249525258613
1763846056002,249652035266
1763846057002,249779272062
1763846058002,249901805196
1763846059002,250023096206
1763846060002,250143167310
1763846061002,250266363772
1763846062002,250389987967
1763846063002,250516833040
1763846064002,250642755813
1763846065002,250767293703
1763846066002,250893161850
1763846067002,251018800261
1763846068002,251148312564
1763846069002,251277226235
1763846070002,251404262470
1763846071002,251530085878
1763846072002,251658597695
1763846073002,251787145340
1763846074002,251914362849
1763846075002,252040527259
1763846076002,252167128254
1763846077002,252294730283
1763846078002,252422718969
1763846079002,252548760883
1763846080002,252675250000
1763846081002,252801910015
1763846082002,252930929704
1763846083002,253058890009
1763846084002,253185379004
1763846085002,253311860186
1763846086002,253434459299
1763846087002,253557309570
1763846088002,253680828297
1763846089002,253803448589
1763846090002,253925885592
1763846091002,254047542690
1763846092002,254168613853
1763846093002,254289421344
1763846094002,254411515941
1763846095002,254534646241
1763846096002,254659247240
1763846097002,254781973794
1763846098002,254904813323
1763846099002,255027856404
1763846100002,255151009897
1763846101002,255277306205
1763846102002,255403745273
1763846103002,255528091207
1763846104002,255652633552
1763846105002,255777489495
1763846106002,255901511699
1763846107002,256028006737
1763846108002,256154070440
1763846109002,256280914842
1763846110002,256407919033
1763846111002,256534716621
1763846112002,256660345755
1763846113002,256785833532
1763846114002,256912163103
1763846115002,257041434562
1763846116002,257161991626
1763846117002,257283005050
1763846118002,257402574079
1763846119002,257523197733
1763846120002,257645566682
1763846121002,257766069487
1763846122002,257887601341
1763846123002,258014336551
1763846124002,258142288739
1763846125002,258271223833
1763846126002,258395538456
1763846127002,258522441269
1763846128002,258647798003
1763846129002,258772935745
1763846130002,258892408095
1763846131002,259009181844
1763846132002,259128923725
1763846133002,259251133251
1763846134002,259374763000
1763846135002,259501007367
1763846136002,259624294283
1763846137002,259749287554
1763846138002,259868968278
1763846139002,259988285294
1763846140002,260113408082
1763846141002,260241207438
1763846142002,260369072894
1763846143002,260494882814
1763846144002,260620894149
1763846145002,260747134426
1763846146002,260874583441
1763846147002,260999793386
1763846148002,261123980690
1763846149002,261250081137
1763846150002,261378990780
1763846151002,261507992464
1763846152002,261637063788
1763846153002,261763708850
1763846154002,261891559353
1763846155002,262016197583
1763846156002,262141437497
1763846157002,122681509
1763846158002,248735142
1763846159002,374670183
1763846160002,499174930
1763846161002,620614011
1763846162002,743318958
1763846163002,868858371
1763846164002,990477505
1763846165002,1115861340
1763846166002,1240079589
1763846167002,1369263950
1763846168002,1493477560
1763846169002,1618482551
1763846170002,1740109070
1763846171002,1862542228
1763846172002,1987786659
1763846173002,2114743426
1763846174002,2242459347
1763846175002,2369442420
1763846176002,2495274312
1763846177002,2621936280
1763846178002,2748177168
1763846179002,2875972801
1763846180002,3002420231
1763846181002,3128736558
1763846182002,3255102872
1763846183002,3382532905
1763846184002,3507698844
1763846185002,3633978001
1763846186002,3758115012
1763846187002,3882326975
1763846188002,4007422846
1763846189002,4132031108
1763846190002,4254597262
1763846191002,4376150723
1763846192002,4497503439
1763846193002,4619656325
1763846194002,4745312375
1763846195002,4871163616
1763846196002,4996132839
1763846197002,5117428793
1763846198002,5237888446
1763846199002,5361383613
1763846200002,5481815983
1763846201002,5602522583
1763846202002,5726156117
1763846203002,5849540017
1763846204002,5971769380
1763846205002,6095020102
1763846206002,6219672493
1763846207002,6344040705
1763846208002,6467150131
1763846209002,6590073522
1763846210002,6714949606
1763846211002,6839167062
1763846212002,6964088250
1763846213002,7086054491
1763846214002,7210945956
1763846215002,7328534034
1763846216002,7447427528
1763846217002,7570471403
1763846218002,7695041763
1763846219002,7817678961
1763846220002,7942678153
1763846221002,8068329198
1763846222002,8193510579
1763846223002,8319475833
1763846224002,8443396536
1763846225002,8570468721
1763846226002,8699246040
1763846227002,8830472083
1763846228002,8960625070
1763846229002,9089158006
1763846230002,9215981228
1763846231002,9343352912
1763846232002,9473107401
1763846233002,9603605358
1763846234002,9730912222
1763846235002,9857388461
1763846236002,9985771433
1763846237002,10116325420
1763846238002,10245573685
1763846239002,10372019407
1763846240002,10498178202
1763846241002,10623367518
1763846242002,10747629102
1763846243002,10873754633
1763846244002,10996270860
1763846245002,11113093376
1763846246002,11231573603
1763846247002,11354456406
1763846248002,11479400178
1763846249002,11604183122
1763846250002,11729988281
1763846251002,11857096476
1763846252002,11984704609
1763846253002,12106851025
1763846254002,12231143798
1763846255002,12354409778
1763846256002,12477074992
1763846257002,12601958278
1763846258002,12723447957
1763846259002,12845759473
1763846260002,12967584478
1763846261002,13090104245
1763846262002,13212959766
1763846263002,13335551554
1763846264002,13458083772
1763846265002,13580536522
1763846266002,13705480538
1763846267002,13832566090
1763846268002,13959385406
1763846269002,14085636364
1763846270002,14212726676
1763846271004,14337327126
1763846272002,14460458220
1763846273002,14580143582
1763846274002,14700183925
1763846275002,14822172199
1763846276002,14943362135
1763846277002,15072192066
1763846278002,15201757348
1763846279002,15330185791
1763846280002,15456870464
1763846281002,15582732202
1763846282002,15712708859
1763846283002,15841316318
1763846284002,15966456989
1763846285002,16091448673
1763846286002,16216689808
1763846287002,16344335966
1763846288002,16470735849
1763846289002,16595568110
1763846290002,16721368081
1763846291002,16845893214
1763846292002,16969795668
1763846293002,17091854377
1763846294002,17214861325
1763846295002,17336916432
1763846296002,17460944862
1763846297002,17584489834
1763846298002,17707611223
1763846299002,17830283394
1763846300002,17950623418
1763846301002,18074133356
1763846302002,18198434063
1763846303002,18320912876
1763846304002,18448007277
1763846305002,18573641416
1763846306002,18697561448
1763846307002,18822498933
1763846308002,18948074234
1763846309002,19073390380
1763846310002,19200053997
1763846311002,19327414816
1763846312002,19455004394
1763846313002,19582049296
1763846314002,19709456013
1763846315002,19836056824
1763846316002,19962216352
1763846317002,20085061436
1763846318002,20207208401
1763846319002,20329090779
1763846320002,20453134163
1763846321002,20578324516
1763846322002,20706584198
1763846323002,20832803967
1763846324002,20958234554
1763846325002,21085459876
1763846326002,21212498125
1763846327002,21342617848
1763846328002,21471996362
1763846329004,21600833129
1763846330002,21724116688
1763846331002,21847941932
1763846332002,21970718107
1763846333002,22095018631
1763846334002,22218584111
1763846335002,22346592267
1763846336002,22475268146
1763846337002,22601915527
1763846338002,22727120468
1763846339002,22853511685
1763846340002,22979541269
1763846341002,23105386223
1763846342002,23231068213
1763846343002,23356914937
1763846344002,23485080380
1763846345002,23613361302
1763846346002,23739836015
1763846347002,23864357303
1763846348002,23986890802
1763846349002,24111043927
1763846350002,24236923243
1763846351002,24364314214
1763846352002,24490772081
1763846353002,24616440826
1763846354002,24742645887
1763846355002,24866742859
1763846356002,24990528736
1763846357002,25113945168
1763846358002,25240128256
1763846359002,25365381475
1763846360002,25488759577
1763846361002,25613240582
1763846362002,25738694850
1763846363002,25867792603
1763846364002,25996568031
1763846365002,26124411453
1763846366002,26251389217
1763846367002,26381239775
1763846368002,26507747081
1763846369002,26636131762
1763846370002,26764516077
1763846371002,26891719548
1763846372002,27018968306
1763846373002,27147863301
1763846374002,27276984308
1763846375002,27403961583
1763846376002,27531887709
1763846377002,27659360344
1763846378002,27789239467
1763846379002,27919408384
1763846380002,28048970613
1763846381002,28172814657
1763846382002,28295756236
1763846383002,28418996216
1763846384002,28544356857
1763846385002,28670419462
1763846386002,28796225109
1763846387002,28922229120
1763846388002,29047977089
1763846389002,29174916950
1763846390002,29301611389
1763846391002,29429091470
1763846392002,29558177138
1763846393002,29685886711
1763846394002,29811888891
1763846395002,29940308057
1763846396002,30067967581
1763846397002,30191289043
1763846398002,30314141694
1763846399002,30442141672
1763846400002,30569053578
1763846401002,30695724763
1763846402003,30822247755
1763846403002,30948141170
1763846404002,31074887305
1763846405002,31201797686
1763846406002,31327867981
1763846407002,31453832991
1763846408002,31578387664
1763846409002,31699689844
1763846410002,31822772354
1763846411002,31946067753
1763846412002,32069287104
1763846413002,32197008700
1763846414002,32325451548
1763846415002,32452313467
1763846416002,32579500580
1763846417002,32700620387
1763846418002,32821127037
1763846419002,32939710351
1763846420002,33061473467
1763846421002,33183722361
1763846422002,33306103273
1763846423002,33431845749
1763846424002,33554771521
1763846425002,33671650860
1763846426002,33790069014
1763846427002,33910397136
1763846428002,34034330169
1763846429002,34160724254
1763846430002,34286473749
1763846431002,34413062537
1763846432002,34538118247
1763846433002,34663111701
1763846434002,34788506033
1763846435002,34918017299
1763846436002,35046476992
1763846437002,35173041304
1763846438002,35299711512
1763846439002,35428037660
1763846440002,35555332195
1763846441002,35681361597
1763846442002,35806412485
1763846443002,35931864496
1763846444002,36058959202
1763846445002,36185695267
1763846446002,36311778867
1763846447002,36434873035
1763846448002,36557637186
1763846449002,36683512840
1763846450002,36813441523
1763846451002,36940636877
1763846452002,37068256789
1763846453002,37193967100
1763846454002,37319708660
1763846455002,37443997221
1763846456002,37568671646
1763846457002,37698070118
1763846458002,37820895670
1763846459002,37943208468
1763846460002,38067234639
1763846461002,38192966861
1763846462002,38317153799
1763846463002,38440916300
1763846464002,38565410244
1763846465002,38690080762
1763846466002,38813060672
1763846467002,38937953541
1763846468002,39063077732
1763846469002,39186437219
1763846470002,39311474313
1763846471002,39434676390
1763846472002,39561524149
1763846473002,39681566871
1763846474002,39802974642
1763846475002,39926133506
1763846476002,40049044629
1763846477002,40173075379
1763846478002,40297433581
1763846479002,40424040923
1763846480002,40549412672
1763846481002,40673807556
1763846482002,40800285443
1763846483002,40928041097
1763846484002,41055312744
1763846485002,41175297484
1763846486002,41295025632
1763846487002,41412975342
1763846488002,41532074158
1763846489002,41653722284
1763846490002,41776155687
1763846491002,41897124859
1763846492002,42017793068
1763846493002,42139692720
1763846494002,42261549525
1763846495002,42385647718
1763846496002,42509345277
1763846497002,42631999199
1763846498002,42755482403
1763846499002,42880355435
1763846500002,43003844743
1763846501002,43124296706
1763846502002,43248810547
1763846503002,43369365170
1763846504002,43488455807
1763846505002,43610604665
1763846506002,43733778361
1763846507002,43854683263
1763846508002,43975555940
1763846509002,44098082543
1763846510002,44219315387
1763846511002,44342633003
1763846512002,44466115353
1763846513002,44588386036
1763846514002,44710019758
1763846515002,44829014265
1763846516002,44949217144
1763846517002,45077100056
1763846518002,45204625120
1763846519002,45330942118
1763846520002,45452919284
1763846521002,45577074911
1763846522002,45701287179
1763846523002,45826287347
1763846524002,45949695295
1763846525002,46071852209
1763846526002,46194247526
1763846527002,46318801284
1763846528002,46441880437
1763846529002,46565399224
1763846530002,46688275863
1763846531002,46810879370
1763846532002,46936214132
1763846533003,47062188541
1763846534002,47180431280
1763846535002,47296409682
1763846536002,47412666648
1763846537002,47530365931
1763846538002,47648883938
1763846539002,47767942411
1763846540002,47886267364
1763846541002,48009375325
1763846542002,48131471387
1763846543002,48251982980
1763846544002,48370534862
1763846545002,48485299095
1763846546002,48601106171
1763846547002,48720131135
1763846548002,48835720988
1763846549002,48954677776
1763846550002,49072713912
1763846551002,49190706896
1763846552002,49309016590
1763846553002,49427025810
1763846554002,49544900874
1763846555002,49663474179
1763846556002,49781223633
1763846557002,49900950378
1763846558002,50018011602
1763846559002,50137452458
1763846560002,50255992926
1763846561002,50374246774
1763846562002,50492330028
1763846563002,50610616102
1763846564002,50729498183
1763846565002,50846222189
1763846566002,50961035921
1763846567002,51077611062
1763846568002,51198578037
1763846569002,51320260953
1763846570002,51440017788
1763846571002,51556470004
1763846572002,51676190584
1763846573002,51796020416
1763846574002,51916067656
1763846575002,52032969334
1763846576002,52150347085
1763846577002,52269406412
1763846578002,52384794910
1763846579002,52495815317
1763846580002,52606723541
1763846581002,52716891899
1763846582002,52827632644
1763846583002,52941735501
1763846584002,53054551191
1763846585002,53169102900
1763846586002,53283179695
1763846587002,53398760149
1763846588002,53513263762
1763846589002,53628588601
1763846590002,53744986374
1763846591002,53863656115
1763846592002,53981642873
1763846593002,54097621092
1763846594002,54214976809
1763846595002,54331695810
1763846596002,54448141068
1763846597002,54565830648
1763846598002,54684291099
1763846599002,54806411392
1763846600002,54928090890
1763846601002,55049222721
1763846602002,55169129274
1763846603002,55289863950
1763846604002,55409896175
1763846605002,55531252431
1763846606002,55651701281
1763846607002,55772679914
1763846608002,55893767311
1763846609002,56013670325
1763846610002,56128928453
1763846611002,56243254027
1763846612002,56360982119
1763846613002,56481636229
1763846614002,56602664239
1763846615002,56726487409
1763846616002,56848090308
1763846617002,56968104771
1763846618002,57088669038
1763846619002,57210720727
1763846620002,57333943984
1763846621002,57457918092
1763846622002,57582069325
1763846623002,57707286595
1763846624002,57830338098
1763846625002,57952451311
1763846626002,58075217660
1763846627002,58200656547
1763846628002,58324999247
1763846629002,58450739037
1763846630002,58575260630
1763846631002,58699062925
1763846632002,58824123213
1763846633002,58948176301
1763846634002,59071716024
1763846635002,59191279744
1763846636002,59310693867
1763846637002,59433352366
1763846638002,59556506714
1763846639002,59678499932
1763846640002,59798864126
1763846641002,59920471847
1763846642002,60045988798
1763846643002,60171760754
1763846644002,60296318236
1763846645002,60419036733
1763846646002,60543905859
1763846647002,60666506070
1763846648002,60790439529
1763846649002,60915044191
1763846650002,61037047663
1763846651002,61159466050
1763846652002,61285613555
1763846653002,61408498982
1763846654002,61528993303
1763846655002,61649988660
1763846656002,61770676400
1763846657002,61888770519
1763846658002,62008733957
1763846659002,62130551394
1763846660002,62251313658
1763846661002,62371276730
1763846662002,62492081535
1763846663002,62614124070
1763846664002,62735382915
1763846665002,62855015726
1763846666002,62975226783
1763846667002,63097281524
1763846668002,63218750452
1763846669002,63339932636
1763846670002,63460052202
1763846671002,63579788895
1763846672002,63702146309
1763846673002,63823715517
1763846674002,63943727661
1763846675002,64064272579
1763846676002,64184581414
1763846677002,64306775803
1763846678002,64427385236
1763846679002,64545057359
1763846680002,64663888231
1763846681002,64784643354
1763846682002,64905392801
1763846683002,65025748267
1763846684002,65144860755
1763846685002,65263310281
1763846686002,65379661240
1763846687002,65496374992
1763846688002,65615263115
1763846689002,65734368645
1763846690002,65854640005
1763846691002,65973869314
1763846692002,66094022144
1763846693002,66213216113
1763846694002,66333634750
1763846695002,66453345381
1763846696002,66573089521
1763846697002,66692748028
1763846698002,66811403852
1763846699002,66930659162
1763846700002,67049720808
1763846701002,67166101919
1763846702002,67284050957
1763846703002,67402550166
1763846704002,67520012756
1763846705002,67637703800
1763846706002,67756539616
1763846707002,67875032538
1763846708002,67992154613
1763846709002,68112922859
1763846710002,68224016874
1763846711002,68336468368
1763846712002,68452889518
1763846713002,68571277826
1763846714002,68689679805
1763846715002,68808615780
1763846716002,68928367549
1763846717002,69048280206
1763846718002,69167116083
1763846719002,69285296811
1763846720002,69408743699
1763846721002,69532623082
1763846722002,69655816431
1763846723002,69778837967
1763846724002,69902094975
1763846725002,70025221064
1763846726002,70148091904
1763846727002,70271602391
1763846728002,70395628380
1763846729002,70517934280
1763846730002,70638736766
1763846731002,70760985782
1763846732002,70882446348
1763846733002,70998807378
1763846734002,71114404006
1763846735002,71229773644
1763846736002,71347951992
1763846737002,71468731956
1763846738002,71590406999
1763846739002,71709514787
1763846740002,71827100729
1763846741002,71946237631
1763846742002,72070288522
1763846743002,72193985104
1763846744002,72319155804
1763846745002,72441241857
1763846746002,72565769370
1763846747002,72689355601
1763846748002,72811333744
1763846749002,72928069712
1763846750002,73043276997
1763846751002,73163174579
1763846752002,73285327647
1763846753002,73405158762
1763846754002,73526470341
1763846755002,73648004026
1763846756002,73768364863
1763846757002,73891310776
1763846758002,74012921427
1763846759002,74135700470
1763846760002,74258244041
1763846761002,74374795561
1763846762002,74490539467
1763846763002,74605420459
1763846764002,74720000610
1763846765002,74841121882
1763846766002,74965558026
1763846767002,75091136623
1763846768002,75212136435
1763846769002,75334495253
1763846770002,75456713263
1763846771002,75577874086
1763846772002,75701956287
1763846773002,75824474773
1763846774002,75947443574
1763846775002,76071144856
1763846776002,76195257454
1763846777002,76317048524
1763846778002,76439270806
1763846779002,76563066571
1763846780002,76687879240
1763846781002,76811076190
1763846782002,76933679453
1763846783002,77056524597
1763846784002,77180655444
1763846785002,77305136632
1763846786002,77427824977
1763846787002,77550152789
1763846788002,77669920671
1763846789002,77789873184
1763846790002,77910135144
1763846791002,78031084419
1763846792002,78150932745
1763846793002,78271619936
1763846794002,78395390066
1763846795002,78520702856
1763846796002,78646674091
1763846797002,78769848214
1763846798002,78892892394
1763846799002,79016420153
1763846800002,79140409582
1763846801002,79263951990
1763846802002,79385848651
1763846803002,79508551218
1763846804002,79629239752
1763846805002,79754244498
1763846806002,79878146768
1763846807002,80000939362
1763846808002,80123145409
1763846809002,80247257518
1763846810002,80370956481
1763846811002,80494105458
1763846812002,80616220868
1763846813002,80738621921
1763846814002,80864307452
1763846815002,80990552612
1763846816002,81114949754
1763846817002,81240502167
1763846818002,81365029864
1763846819002,81491097961
1763846820002,81616398361
1763846821002,81741102937
1763846822002,81865726092
1763846823002,81986377577
1763846824002,82108521124
1763846825002,82226630136
1763846826002,82344627148
1763846827002,82461547320
1763846828002,82583211804
1763846829002,82707373717
1763846830002,82833218488
1763846831002,82960029626
1763846832002,83082584915
1763846833002,83205673528
1763846834002,83329921074
1763846835002,83456197423
1763846836002,83585842233
1763846837002,83714043442
1763846838002,83841372157
1763846839002,83968249762
1763846840002,84098214944
1763846841002,84227492629
1763846842002,84354728509
1763846843002,84480839819
1763846844002,84607075153
1763846845002,84731345404
1763846846002,84857629931
1763846847002,84984342803
1763846848002,85110250073
1763846849002,85238098989
1763846850002,85365400299
1763846851002,85492455394
1763846852002,85619808156
1763846853002,85746800263
1763846854002,85874548288
1763846855002,85998887447
1763846856002,86123461530
1763846857002,86252205768
1763846858002,86382816823
1763846859002,86513597799
1763846860002,86641367675
1763846861002,86768525125
1763846862002,86897412185
1763846863002,87018316417
1763846864002,87139255926
1763846865002,87259894228
1763846866002,87381744502
1763846867002,87501148982
1763846868002,87620093013
1763846869002,87743176316
1763846870002,87866205054
1763846871002,87988533904
1763846872002,88110809775
1763846873002,88235080575
1763846874002,88362943101
1763846875002,88491297326
1763846876002,88618591251
1763846877002,88746317913
1763846878002,88872590356
1763846879002,88999127935
1763846880002,89126848738
1763846881002,89254654686
1763846882002,89381431827
1763846883002,89508142989
1763846884002,89634713466
1763846885002,89762869266
1763846886002,89890809002
1763846887002,90017259179
1763846888002,90143516241
1763846889002,90267828911
1763846890002,90394764621
1763846891002,90521642836
1763846892002,90644961673
1763846893002,90772926006
1763846894002,90901326740
1763846895002,91031472769
1763846896002,91159314300
1763846897002,91286514535
1763846898002,91412064690
1763846899002,91533155567
1763846900002,91655539409
1763846901002,91777391086
1763846902002,91893876689
1763846903002,92011455978
1763846904002,92127612968
1763846905002,92242299198
1763846906002,92360231269
1763846907002,92478549570
1763846908002,92599036322
1763846909002,92720536194
1763846910002,92843374075
1763846911002,92964577012
1763846912002,93086501016
1763846913002,93208708528
1763846914002,93330058498
1763846915002,93453145708
1763846916002,93578049196
1763846917002,93702661121
1763846918002,93826303505
1763846919002,93949869412
1763846920002,94076538887
1763846921002,94196925603
1763846922002,94315170722
1763846923002,94434014107
1763846924002,94552161876
1763846925002,94672117990
1763846926002,94793279606
1763846927002,94914725157
1763846928002,95037902698
1763846929002,95160907815
1763846930002,95283600067
1763846931002,95406163108
1763846932002,95529605419
1763846933002,95653785399
1763846934002,95778177963
1763846935002,95900077554
1763846936002,96019912635
1763846937002,96144807274
1763846938002,96268306531
1763846939002,96392677489
1763846940002,96513717340
1763846941002,96634343740
1763846942002,96749954651
1763846943002,96864110120
1763846944002,96981042926
1763846945002,97098551475
1763846946002,97217691185
1763846947002,97336504174
1763846948002,97455176417
1763846949002,97570297765
1763846950002,97684670702
1763846951002,97800618648
1763846952002,97916819217
1763846953002,98032820202
1763846954002,98148022422
1763846955002,98268212055
1763846956002,98387643451
1763846957002,98508560256
1763846958002,98630170235
1763846959002,98752408631
1763846960002,98873887018
1763846961002,98996879929
1763846962002,99119609412
1763846963002,99241546478
1763846964002,99362048549
1763846965002,99483343893
1763846966002,99603824786
1763846967002,99726853402
1763846968002,99849401977
1763846969002,99972679494
1763846970002,100095625529
1763846971002,100215404336
1763846972002,100334598611
1763846973002,100459066371
1763846974002,100585372200
1763846975002,100710999747
1763846976002,100832974838
1763846977002,100956939059
1763846978002,101081822040
1763846979002,101201840654
1763846980002,101316453641
1763846981002,101430926615
1763846982002,101545136345
1763846983002,101660850099
1763846984002,101778534124
1763846985002,101896788704
1763846986002,102014213513
1763846987002,102135737005
1763846988002,102257080750
1763846989002,102378187557
1763846990002,102495026796
1763846991002,102614597474
1763846992002,102739296496
1763846993002,102863952548
1763846994002,102988266805
1763846995002,103110942212
1763846996002,103229636793
1763846997002,103348872022
1763846998002,103467638503
1763846999002,103587335340
1763847000002,103710452884
1763847001002,103832871027
1763847002002,103957998332
1763847003002,104082072782
1763847004002,104205314166
1763847005002,104328660347
1763847006002,104451491026
1763847007002,104576941632
1763847008002,104700969147
1763847009002,104824381246
1763847010002,104946859509
1763847011002,105070326173
1763847012002,105191691218
1763847013002,105312840078
1763847014002,105436739175
1763847015002,105561850976
1763847016002,105689284793
1763847017002,105815214280
1763847018002,105938559363
1763847019002,106061821803
1763847020002,106185421218
1763847021002,106308310796
1763847022002,106431794611
1763847023002,106551201471
1763847024002,106670586968
1763847025002,106791175954
1763847026002,106911902879
1763847027002,107032154097
1763847028002,107150827438
1763847029002,107269980759
1763847030002,107385632745
1763847031002,107502443787
1763847032002,107621790161
1763847033002,107740513246
1763847034002,107860110779
1763847035002,107977445378
1763847036002,108092473526
1763847037002,108207359768
1763847038002,108322216896
1763847039002,108438103501
1763847040002,108552445554
1763847041002,108665466322
1763847042002,108779792873
1763847043002,108894259010
1763847044002,109008888783
1763847045002,109124288023
1763847046002,109239009104
1763847047002,109354002889
1763847048002,109468693209
1763847049002,109584343059
1763847050002,109699430777
1763847051002,109813820804
1763847052002,109928724258
1763847053002,110043191738
1763847054002,110157718788
1763847055002,110273259020
1763847056002,110387229248
1763847057002,110501560193
1763847058002,110615200894
1763847059002,110730325965
1763847060002,110844559132
1763847061002,110959359375
1763847062002,111073780408
1763847063002,111188555993
1763847064002,111302876685
1763847065002,111417504504
1763847066002,111532085876
1763847067002,111646713756
1763847068002,111760086391
1763847069002,111876751863
1763847070002,111987093988
1763847071002,112094157435
1763847072002,112201138667
1763847073002,112309895469
1763847074002,112418762866
1763847075002,112529404978
1763847076002,112641423673
1763847077002,112753190477
1763847078002,112864953130
1763847079002,112976472376
1763847080002,113086982652
1763847081002,113200297120
1763847082002,113315450146
1763847083002,113430277427
1763847084002,113543685401
1763847085002,113658237598
1763847086002,113772277162
1763847087002,113887135328
1763847088002,114000462186
1763847089002,114114798685
1763847090002,114229074943
1763847091002,114342664679
1763847092002,114456602192
1763847093002,114570757845
1763847094002,114685429488
1763847095002,114799572018
1763847096002,114913549753
1763847097002,115027975303
1763847098002,115141820165
1763847099002,115255976794
1763847100002,115367720404
1763847101002,115478353544
1763847102002,115589493762
1763847103006,115709807602
1763847104002,115820134224
1763847105002,115928797887
1763847106002,116036583682
1763847107002,116148717734
1763847108002,116260198711
1763847109002,116373984735
1763847110002,116484858170
1763847111002,116596274815
1763847112002,116707608210
1763847113002,116819063552
1763847114002,116934132044
1763847115002,117049653660
1763847116002,117162997913
1763847117002,117277860046
1763847118002,117390368669
1763847119002,117500903359
1763847120002,117611611267
1763847121002,117722237875
1763847122002,117832810590
1763847123002,117943470952
1763847124002,118054186305
1763847125002,118164683032
1763847126002,118275285532
1763847127002,118385989289
1763847128002,118496401238
1763847129002,118607178054
1763847130002,118717651770
1763847131002,118828124693
1763847132002,118937806175
1763847133002,119045188346
1763847134002,119152449729
1763847135002,119264528361
1763847136002,119378232049
1763847137002,119490513256
1763847138002,119601795320
1763847139002,119713537526
1763847140002,119825865791
1763847141002,119935082552
1763847142002,120045108882
1763847143002,120155019489
1763847144002,120265674479
1763847145002,120376088564
1763847146002,120487197533
1763847147002,120601634374
1763847148002,120716610825
1763847149002,120829952820
1763847150002,120944888439
1763847151002,121056545563
1763847152002,121167717702
1763847153002,121279274851
1763847154002,121391123014
1763847155002,121503018175
1763847156002,121615120244
1763847157002,121728264546
1763847158002,121842215671
1763847159002,121958629923
1763847160002,122071980402
1763847161002,122185915352
1763847162002,122302983961
1763847163002,122418751304
1763847164002,122533511997
1763847165002,122650864662
1763847166002,122770807959
1763847167002,122892466583
1763847168002,123010633639
1763847169002,123132240933
1763847170002,123255655534
1763847171002,123377291392
1763847172002,123499771486
1763847173002,123621465510
1763847174002,123743853075
1763847175002,123867446387
1763847176002,123991677758
1763847177002,124115634533
1763847178002,124237590947
1763847179002,124358893859
1763847180002,124480463433
1763847181002,124604295086
1763847182002,124725708899
1763847183002,124843320414
1763847184002,124961183089
1763847185002,125083801366
1763847186002,125206230862
1763847187002,125327721457
1763847188002,125447723286
1763847189002,125568454605
1763847190002,125692980410
1763847191002,125816252372
1763847192002,125937880906
1763847193002,126059232646
1763847194002,126180603429
1763847195002,126303469325
1763847196002,126425259114
1763847197002,126545679460
1763847198002,126662958762
1763847199002,126780941064
1763847200002,126903222917
1763847201002,127024189038
1763847202002,127144800912
1763847203002,127264051034
1763847204002,127379871782
1763847205002,127497864156
1763847206002,127617823260
1763847207002,127738595168
1763847208002,127857686294
1763847209002,127977873913
1763847210002,128098454293
1763847211002,128219437809
1763847212002,128340874876
1763847213002,128462886954
1763847214002,128583119556
1763847215002,128704494795
1763847216002,128825579019
1763847217002,128946697971
1763847218002,129066698519
1763847219002,129186982573
1763847220002,129306296599
1763847221002,129426898463
1763847222002,129546498072
1763847223002,129666985861
1763847224002,129786434713
1763847225002,129905330100
1763847226002,130022333584
1763847227002,130141535489
1763847228002,130260424222
1763847229002,130380502589
1763847230002,130500367456
1763847231002,130620034691
1763847232002,130738606897
1763847233002,130857223720
1763847234002,130976578822
1763847235002,131095475612
1763847236002,131214450589
1763847237002,131333591824
1763847238002,131453150173
1763847239002,131572732386
1763847240002,131692742272
1763847241002,131814915360
1763847242002,131937722541
1763847243002,132060403928
1763847244002,132183591235
1763847245002,132304990888
1763847246002,132426535315
1763847247002,132546711582
1763847248002,132665920323
1763847249002,132787589201
1763847250002,132909881795
1763847251002,133032351758
1763847252002,133154783512
1763847253002,133278161553
1763847254002,133399718066
1763847255002,133520064803
1763847256002,133644124361
1763847257002,133760779031
1763847258002,133876514514
1763847259002,133992303402
1763847260002,134107453498
1763847261002,134224032423
1763847262002,134341760271
1763847263002,134460243915
1763847264002,134578063743
1763847265002,134699305193
1763847266002,134820673351
1763847267002,134940193004
1763847268002,135059288158
1763847269002,135178597118
1763847270002,135302105224
1763847271002,135425090566
1763847272002,135540509704
1763847273002,135655266613
1763847274002,135771882769
1763847275002,135891319475
1763847276002,136009369527
1763847277002,136130489883
1763847278002,136245388942
1763847279002,136353605645
1763847280002,136465947216
1763847281002,136580729270
1763847282002,136695991182
1763847283002,136817235684
1763847284002,136937785668
1763847285002,137057381126
1763847286002,137176932151
1763847287002,137297780535
1763847288002,137419124646
1763847289002,137542486513
1763847290002,137662647887
1763847291002,137781590027
1763847292002,137904185233
1763847293002,138028050028
1763847294002,138152193387
1763847295002,138274626545
1763847296002,138397170787
1763847297002,138519999574
1763847298002,138641039975
1763847299002,138761743584
1763847300002,138883582140
1763847301002,139005592081
1763847302002,139127021153
1763847303002,139247999237
1763847304002,139368806728
1763847305002,139492519057
1763847306002,139615550053
1763847307002,139738371394
1763847308002,139857795588
1763847309002,139978164787
1763847310002,140100861738
1763847311002,140224665621
1763847312002,140348426412
1763847313002,140470188918
1763847314002,140593462711
1763847315002,140715166135
1763847316002,140834628476
1763847317002,140953209532
1763847318002,141070379154
1763847319002,141191701353
1763847320002,141311725521
1763847321002,141432577506
1763847322002,141552743092
1763847323002,141672195606
1763847324002,141789856743
1763847325002,141906802183
1763847326002,142022265084
1763847327002,142137804522
1763847328002,142253034879
1763847329002,142369486607
1763847330002,142485626935
1763847331002,142605436381
1763847332002,142729282927
1763847333002,142853393754
1763847334002,142977575016
1763847335002,143100398615
1763847336002,143224070174
1763847337002,143346411108
1763847338002,143471394370
1763847339002,143596998784
1763847340002,143721511344
1763847341002,143846830176
1763847342002,143974267777
1763847343002,144100871030
1763847344002,144220895075
1763847345002,144338953245
1763847346002,144456137454
1763847347002,144577330198
1763847348002,144700442310
1763847349002,144822307781
1763847350002,144944110814
1763847351002,145066162260
1763847352002,145193167672
1763847353002,145319081290
1763847354002,145441164656
1763847355002,145564836825
1763847356002,145690477312
1763847357002,145814293889
1763847358002,145936723630
1763847359002,146059960375
1763847360002,146184126744
1763847361002,146309604206
1763847362002,146434477360
1763847363002,146558859305
1763847364002,146682322185
1763847365002,146806622953
1763847366002,146932212963
1763847367002,147056938901
1763847368002,147181217941
1763847369002,147305346286
1763847370002,147424118076
1763847371002,147542940770
1763847372002,147663613862
1763847373002,147785793054
1763847374002,147907215289
1763847375002,148028858349
1763847376002,148149049509
1763847377002,148272662596
1763847378002,148397085251
1763847379002,148523321561
1763847380002,148647095963
1763847381002,148772172731
1763847382002,148897510606
1763847383002,149021638584
1763847384002,149139165505
1763847385002,149255738143
1763847386002,149371928703
1763847387002,149491878652
1763847388002,149615222086
1763847389002,149741179588
1763847390002,149866104684
1763847391002,149989969479
1763847392002,150115206707
1763847393002,150239098541
1763847394002,150363848404
1763847395002,150492205498
1763847396002,150617261818
1763847397002,150745624344
1763847398002,150874081962
1763847399002,151002767728
1763847400002,151131448856
1763847401002,151259041608
1763847402002,151384912563
1763847403002,151512208624
1763847404002,151640451276
1763847405002,151769687701
1763847406002,151897640376
1763847407002,152025307042
1763847408002,152153635388
1763847409002,152281952930
1763847410002,152409548795
1763847411002,152536454537
1763847412002,152663352833
1763847413002,152789238375
1763847414002,152914944901
1763847415002,153037214241
1763847416002,153164327441
1763847417002,153292303737
1763847418002,153421961181
1763847419002,153548920634
1763847420002,153675028526
1763847421002,153800576606
1763847422002,153926479482
1763847423002,154052957246
1763847424002,154178487260
1763847425002,154304254760
1763847426002,154429727095
1763847427002,154550780374
1763847428002,154673530304
1763847429002,154797514667
1763847430002,154923813843
1763847431002,155049911970
1763847432002,155175239652
1763847433002,155296859519
1763847434002,155416232748
1763847435002,155539067273
1763847436002,155662009158
1763847437002,155789257611
1763847438002,155914115324
1763847439002,156038356033
1763847440002,156163312012
1763847441002,156289095626
1763847442004,156416672204
1763847443003,156545558043
1763847444002,156666829156
1763847445002,156785282649
1763847446002,156901916201
1763847447002,157018763985
1763847448002,157136112562
1763847449002,157254465652
1763847450002,157374941113
1763847451002,157497214054
1763847452002,157622329701
1763847453002,157744570477
1763847454002,157868056977
1763847455002,157994015822
1763847456002,158120273372
1763847457002,158247277258
1763847458002,158375300490
1763847459002,158501793147
1763847460002,158626337201
1763847461002,158748204260
1763847462002,158872060632
1763847463002,158995515883
1763847464002,159121885737
1763847465002,159250052951
1763847466002,159377580944
1763847467002,159504977286
1763847468002,159630874302
1763847469002,159756362629
1763847470002,159879241403
1763847471002,160003121335
1763847472002,160125782154
1763847473002,160249636756
1763847474002,160375311300
1763847475002,160500302619
1763847476002,160625882742
1763847477002,160755798425
1763847478002,160879787304
1763847479002,161008136707
1763847480002,161135924527
1763847481002,161264703677
1763847482002,161393681374
1763847483002,161521354814
1763847484002,161649595392
1763847485002,161774799966
1763847486002,161899532374
1763847487002,162025472420
1763847488002,162150065302
1763847489002,162276444007
1763847490002,162401832419
1763847491002,162527519231
1763847492002,162655237959
1763847493002,162783505209
1763847494002,162909706668
1763847495002,163035235704
1763847496002,163162790065
1763847497002,163290807682
1763847498002,163417741012
1763847499002,163546047751
1763847500002,163672655337
1763847501002,163798547898
1763847502002,163923372774
1763847503002,164041595250
1763847504002,164159895240
1763847505002,164279287512
1763847506002,164399858188
1763847507002,164521862880
1763847508002,164643343831
1763847509002,164766396495
1763847510002,164886236398
1763847511002,165002713822
1763847512002,165123335522
1763847513002,165248117002
1763847514002,165373226423
1763847515002,165495580236
1763847516002,165618563747
1763847517002,165741337358
1763847518002,165865498356
1763847519002,165990532704
1763847520002,166113212383
1763847521002,166236508637
1763847522002,166360242146
1763847523002,166485062627
1763847524002,166610984912
1763847525002,166734084695
1763847526002,166857989651
1763847527002,166979587789
1763847528002,167097689843
1763847529002,167220691970
1763847530002,167342612251
1763847531002,167463465274
1763847532002,167585335628
1763847533002,167704795100
1763847534002,167829716411
1763847535002,167955555689
1763847536002,168076762349
1763847537002,168197262834
1763847538002,168315778888
1763847539002,168437992198
1763847540002,168560063236
1763847541002,168681529477
1763847542002,168804296131
1763847543002,168925301803
1763847544002,169047636878
1763847545002,169171355982
1763847546002,169299054813
1763847547002,169427675333
1763847548002,169554321860
1763847549002,169680779666
1763847550002,169808120771
1763847551002,169937465715
1763847552002,170064332334
1763847553002,170190482707
1763847554002,170317312887
1763847555002,170446676997
1763847556002,170575283052
1763847557002,170701796766
1763847558002,170829266899
1763847559002,170957263642
1763847560002,171085781257
1763847561002,171213025194
1763847562002,171339948331
1763847563002,171467972173
1763847564002,171595502181
1763847565002,171721328336
1763847566002,171847808786
1763847567002,171973486992
1763847568002,172100581821
1763847569002,172229948311
1763847570002,172358197799
1763847571002,172480534400
1763847572002,172605949729
1763847573002,172733241761
1763847574002,172861795814
1763847575002,172988593647
1763847576002,173107232869
1763847577002,173226422078
1763847578002,173347549210
1763847579002,173471053227
1763847580002,173594707268
1763847581002,173719191752
1763847582002,173843534085
1763847583002,173967149247
1763847584002,174081747281
1763847585002,174196303201
1763847586002,174314978129
1763847587002,174436134069
1763847588002,174557287079
1763847589002,174679604698
1763847590002,174804271188
1763847591002,174928171201
1763847592002,175051734910
1763847593002,175176598055
1763847594002,175299906028
1763847595002,175427598389
1763847596002,175554468731
1763847597002,175680039515
1763847598002,175805603708
1763847599002,175931376823
1763847600003,176057592321
1763847601005,176183905230
1763847602002,176307307136
1763847603002,176426291938
1763847604002,176545582771
1763847605002,176664572945
1763847606002,176784058967
1763847607002,176901619701
1763847608002,177025678954
1763847609002,177150126389
1763847610002,177276558194
1763847611002,177400522477
1763847612002,177525644654
1763847613002,177648694082
1763847614002,177768096975
1763847615002,177890933330
1763847616002,178014490631
1763847617002,178142039377
1763847618002,178268422659
1763847619002,178396173309
1763847620002,178520902177
1763847621002,178646522705
1763847622002,178773013653
1763847623002,178898250393
1763847624002,179023052258
1763847625002,179148291257
1763847626002,179272069931
1763847627002,179395169897
1763847628002,179518021145
1763847629002,179640980242
1763847630002,179764595160
1763847631002,179887981868
1763847632002,180010791368
1763847633002,180130891707
1763847634002,180250960675
1763847635002,180371444681
1763847636002,180489594341
1763847637002,180613822295
1763847638002,180735801475
1763847639002,180858291884
1763847640002,180978010694
1763847641002,181099548896
1763847642002,181222400693
1763847643002,181347281111
1763847644002,181467547038
1763847645002,181583483326
1763847646002,181700845147
1763847647002,181818239805
1763847648002,181935699465
1763847649002,182052358407
1763847650002,182173353215
1763847651002,182292174199
1763847652002,182411846745
1763847653002,182533534482
1763847654002,182655033500
1763847655002,182775488209
1763847656002,182894373769
1763847657002,183017211833
1763847658002,183142005398
1763847659002,183259593476
1763847660002,183373775251
1763847661002,183489055291
1763847662002,183605805175
1763847663002,183724887573
1763847664002,183843899597
1763847665002,183964211545
1763847666002,184085265556
1763847667002,184208514570
1763847668002,184333189299
1763847669002,184456626300
1763847670002,184581115789
1763847671002,184708864119
1763847672002,184836395103
1763847673002,184961482857
1763847674002,185088461169
1763847675002,185216644313
1763847676002,185345608033
1763847677002,185472910686
1763847678002,185599580649
1763847679002,185724875556
1763847680002,185850766042
1763847681002,185974088785
1763847682002,186101899371
1763847683002,186226489506
1763847684002,186351323720
1763847685002,186474427165
1763847686002,186595757543
1763847687002,186719286279
1763847688002,186843251294
1763847689002,186966368105
1763847690002,187088102168
1763847691002,187208774101
1763847692002,187335973299
1763847693002,187461407304
1763847694002,187586623902
1763847695002,187708644220
1763847696002,187832230207
1763847697002,187956137971
1763847698002,188075445344
1763847699002,188193972506
1763847700002,188308648238
1763847701002,188429940225
1763847702002,188552609345
1763847703002,188672986966
1763847704002,188794095726
1763847705002,188913848898
1763847706002,189029660247
1763847707002,189147449802
1763847708002,189267112154
1763847709002,189388332608
1763847710002,189508715723
1763847711002,189630013935
1763847712002,189752198498
1763847713002,189872020274
1763847714002,189991972420
1763847715002,190112045538
1763847716002,190233664733
1763847717002,190355451470
1763847718002,190474723137
1763847719002,190595000845
1763847720002,190716840315
1763847721002,190838171426
1763847722002,190958674352
1763847723002,191077209266
1763847724002,191195471658
1763847725002,191317321932
1763847726002,191437875030
1763847727002,191557520353
1763847728002,191675840485
1763847729002,191795843474
1763847730002,191916251735
1763847731002,192036773277
1763847732002,192157604327
1763847733002,192276365010
1763847734002,192397469314
1763847735002,192518921762
1763847736002,192637841318
1763847737002,192757277658
1763847738002,192873907425
1763847739002,192988579800
1763847740002,193106586578
1763847741002,193225352143
1763847742002,193344259676
1763847743002,193462069982
1763847744002,193579462992
1763847745002,193701059727
1763847746002,193822296904
1763847747002,193945695697
1763847748002,194066154617
1763847749002,194187772897
1763847750002,194310478455
1763847751002,194431781122
1763847752002,194553710864
1763847753005,194680084076
1763847754002,194800093473
1763847755002,194917501131
1763847756002,195036028355
1763847757002,195153155313
1763847758002,195272384500
1763847759002,195391746194
1763847760002,195514600921
1763847761002,195636560936
1763847762002,195758506547
1763847763002,195879305859
1763847764002,196000595710
1763847765002,196124608210
1763847766002,196249093487
1763847767002,196371845370
1763847768002,196494274011
1763847769002,196624154599
1763847770002,196750505655
1763847771002,196877152487
1763847772002,197003277469
1763847773002,197130080916
1763847774002,197258613302
1763847775002,197384708011
1763847776002,197510724107
1763847777006,197638155421
1763847778002,197766376285
1763847779002,197892788620
1763847780002,198015541907
1763847781002,198138298855
1763847782002,198254766514
1763847783002,198373252966
1763847784002,198495613126
1763847785002,198621473888
1763847786002,198744542421
1763847787002,198872600137
1763847788002,198997438319
1763847789002,199124493169
1763847790002,199250838244
1763847791002,199378715358
1763847792002,199505121101
1763847793002,199630023735
1763847794002,199756354528
1763847795002,199884206068
1763847796002,200010783076
1763847797002,200136036234
1763847798002,200263185078
1763847799002,200391031492
1763847800002,200516999187
1763847801002,200643910727
1763847802002,200770270267
1763847803002,200899098795
1763847804002,201025827352
1763847805002,201151805789
1763847806002,201278206528
1763847807002,201403431305
1763847808002,201526385458
1763847809002,201653900634
1763847810002,201781447061
1763847811002,201906531946
1763847812002,202034615663
1763847813002,202159023792
1763847814002,202283750096
1763847815002,202404656098
1763847816002,202528452351
1763847817002,202654237551
1763847818002,202780913313
1763847819002,202906874844
1763847820002,203031095229
1763847821002,203157033322
1763847822002,203284024513
1763847823002,203412075027
1763847824002,203539670160
1763847825002,203667639376
1763847826002,203794773572
1763847827002,203922525930
1763847828002,204048729770
1763847829002,204174833695
1763847830002,204301391293
1763847831002,204428442360
1763847832002,204554921711
1763847833002,204680712832
1763847834002,204806884262
1763847835002,204934197413
1763847836002,205062605775
1763847837002,205190126811
1763847838002,205316098962
1763847839002,205441270455
1763847840002,205563816650
1763847841002,205687432423
1763847842002,205812555699
1763847843002,205937734150
1763847844002,206061384346
1763847845002,206189799606
1763847846002,206316717799
1763847847002,206442894417
1763847848002,206566738887
1763847849002,206693742347
1763847850002,206819823445
1763847851002,206943277535
1763847852002,207067296505
1763847853002,207191097397
1763847854002,207314289342
1763847855002,207435340668
1763847856002,207558840657
1763847857002,207675253506
1763847858002,207790742590
1763847859002,207909740332
1763847860002,208032450223
1763847861002,208152386256
1763847862002,208276046462
1763847863002,208398961065
1763847864002,208521031736
1763847865002,208644891404
1763847866002,208766929483
1763847867002,208892552513
1763847868002,209018501166
1763847869002,209145270983
1763847870002,209270129916
1763847871002,209393133080
1763847872002,209513686299
1763847873002,209637040110
1763847874002,209760720518
1763847875002,209883729725
1763847876002,210003851487
1763847877002,210128248203
1763847878002,210252171714
1763847879002,210376401620
1763847880002,210499154358
1763847881002,210616369939
1763847882002,210734303719
1763847883002,210848679708
1763847884002,210965065701
1763847885002,211083389495
1763847886002,211202160981
1763847887002,211325402731
1763847888002,211444558798
1763847889002,211567189404
1763847890002,211689073125
1763847891002,211811208982
1763847892002,211931626337
1763847893002,212051179681
1763847894002,212168625975
1763847895002,212289328425
1763847896002,212411607531
1763847897002,212536394015
1763847898002,212658715174
1763847899002,212781655533
1763847900002,212904003853
1763847901002,213027402341
1763847902002,213150751451
1763847903002,213276359101
1763847904002,213401129656
1763847905002,213524899297
1763847906002,213647889766
1763847907002,213771388534
1763847908002,213896266205
1763847909002,214020134235
1763847910002,214143028696
1763847911002,214265192446
1763847912005,214389361134
1763847913002,214511929119
1763847914002,214631252300
1763847915002,214749545515
1763847916002,214867890183
1763847917002,214989561991
1763847918002,215110929234
1763847919002,215232712003
1763847920002,215353193140
1763847921002,215474227986
1763847922002,215597424997
1763847923002,215718128790
1763847924002,215841287166
1763847925002,215964341600
1763847926002,216088311741
1763847927002,216213784992
1763847928002,216336550791
1763847929002,216460198484
1763847930002,216582083548
1763847931002,216700626946
1763847932002,216821825305
1763847933002,216944254557
1763847934002,217066731600
1763847935002,217188122707
1763847936002,217306374114
1763847937002,217425175384
1763847938002,217542820591
1763847939002,217662081394
1763847940002,217780981724
1763847941002,217898656472
1763847942002,218018138222
1763847943002,218137110085
1763847944002,218255429301
1763847945002,218373313704
1763847946002,218496328221
1763847947002,218617700774
1763847948002,218737413053
1763847949002,218858449913
1763847950002,218979487872
1763847951002,219097519858
1763847952002,219211883335
1763847953002,219323622245
1763847954002,219434856153
1763847955002,219548946315
1763847956002,219663907629
1763847957002,219781036236
1763847958002,219896642934
1763847959002,220012550596
1763847960002,220128878424
1763847961002,220244292557
1763847962002,220362997453
1763847963002,220482068376
1763847964002,220600090474
1763847965002,220718806052
1763847966002,220836051174
1763847967002,220959471878
1763847968002,221073893033
1763847969002,221185386827
1763847970002,221294535169
1763847971002,221404290015
1763847972002,221514318786
1763847973002,221626188861
1763847974002,221739908479
1763847975002,221854798261
1763847976002,221971174306
1763847977002,222087206906
1763847978002,222203599980
1763847979002,222318792617
1763847980002,222434005396
1763847981002,222553837670
1763847982002,222672419703
1763847983002,222787510717
1763847984002,222908554352
1763847985002,223028369658
1763847986002,223149771630
1763847987002,223268713831
1763847988002,223388271752
1763847989002,223506650905
1763847990002,223623614716
1763847991002,223741611607
1763847992002,223860598302
1763847993002,223978556496
1763847994002,224096359783
1763847995002,224214345748
1763847996002,224330748648
1763847997002,224443275094
1763847998002,224555065030
1763847999002,224669872170
1763848000002,224785123828
1763848001002,224900948727
1763848002002,225021115961
1763848003002,225140481561
1763848004002,225258733455
1763848005002,225376514892
1763848006002,225496903805
1763848007002,225619473987
1763848008002,225737699148
1763848009002,225855927727
1763848010002,225976358083
1763848011002,226094430291
1763848012002,226210445741
1763848013002,226325990550
1763848014002,226442631731
1763848015002,226567437564
1763848016002,226691893483
1763848017002,226814628276
1763848018002,226936490513
1763848019002,227061805255
1763848020002,227185050973
1763848021002,227308780514
1763848022002,227432607590
1763848023002,227557188448
1763848024002,227684775401
1763848025002,227812832019
1763848026002,227939749724
1763848027002,228063815752
1763848028002,228187570013
1763848029002,228312188712
1763848030002,228440383819
1763848031002,228566915294
1763848032002,228692740350
1763848033002,228818704505
1763848034002,228943933311
1763848035002,229070918215
1763848036002,229195899157
1763848037002,229319719031
1763848038002,229446301593
1763848039002,229573155089
1763848040002,229698268233
1763848041002,229823069610
1763848042002,229946201375
1763848043002,230074105833
1763848044002,230204227570
1763848045002,230332052865
1763848046002,230458835316
1763848047002,230587084256
1763848048002,230714817876
1763848049002,230842649641
1763848050002,230970245445
1763848051002,231097649599
1763848052002,231219594599
1763848053002,231338203365
1763848054002,231460905932
1763848055002,231586080600
1763848056002,231712082840
1763848057002,231837403931
1763848058002,231960964833
1763848059002,232085386572
1763848060002,232210958639
1763848061002,232337131777
1763848062002,232463558212
1763848063002,232588173249
1763848064002,232713755996
1763848065002,232839300719
1763848066002,232964562239
1763848067002,233090454129
1763848068002,233214630324
1763848069002,233340221495
1763848070002,233465470991
1763848071002,233589235384
1763848072002,233713253132
1763848073002,233836210337
1763848074002,233955822824
1763848075002,234077711550
1763848076002,234201788747
1763848077002,234325270303
1763848078002,234448182648
1763848079002,234571069357
1763848080002,234693989513
1763848081002,234817507203
1763848082002,234941201649
1763848083002,235065018288
1763848084002,235188774868
1763848085002,235312068864
1763848086002,235435520025
1763848087002,235558581843
1763848088002,235680786548
1763848089002,235803597513
1763848090002,235925906282
1763848091002,236048841392
1763848092002,236171219801
1763848093002,236293850469
1763848094002,236416490475
1763848095002,236537553031
1763848096002,236657389638
1763848097002,236779647016
1763848098002,236900591775
1763848099002,237022754975
1763848100006,237143509793
1763848101002,237268383924
1763848102002,237386613358
1763848103002,237501092190
1763848104002,237615677713
1763848105002,237733110029
1763848106002,237850736986
1763848107002,237969842577
1763848108002,238088540211
1763848109002,238208039233
1763848110002,238332728794
1763848111002,238455251430
1763848112002,238578223771
1763848113002,238704525755
1763848114002,238829653303
1763848115002,238954021760
1763848116002,239079345657
1763848117002,239203750185
1763848118002,239329732956
1763848119002,239456857020
1763848120002,239581884837
1763848121002,239707896417
1763848122002,239833414345
1763848123002,239957438258
1763848124002,240084939946
1763848125002,240209722158
1763848126002,240330366503
1763848127002,240442534245
1763848128002,240556533038
1763848129002,240671724332
1763848130002,240789215304
1763848131002,240907308873
1763848132002,241023727338
1763848133002,241141447007
1763848134002,241260898544
1763848135002,241386151459
1763848136002,241512846264
1763848137002,241639342583
1763848138002,241762656049
1763848139002,241889984580
1763848140002,242015745184
1763848141002,242139844170
1763848142002,242262148484
1763848143002,242385306249
1763848144002,242512315018
1763848145002,242638212584
1763848146002,242763507063
1763848147002,242889538662
1763848148002,243010837790
1763848149002,243127073271
1763848150002,243245743011
1763848151002,243364712983
1763848152002,243483445528
1763848153002,243606361229
1763848154002,243728902846
1763848155002,243854592222
1763848156002,243978704148
1763848157002,244103944794
1763848158002,244230329602
1763848159002,244357625236
1763848160002,244486378874
1763848161002,244612596873
1763848162002,244740948046
1763848163002,244868095914
1763848164002,244997859437
1763848165002,245127397252
1763848166002,245255283277
1763848167002,245384256092
1763848168002,245512099148
1763848169002,245637629649
1763848170002,245765563160
1763848171002,245892706206
1763848172002,246020032357
1763848173002,246147723131
1763848174002,246278520099
1763848175002,246407814445
1763848176002,246533641394
1763848177002,246661630995
1763848178002,246790086721
1763848179002,246921255209
1763848180002,247050019466
1763848181002,247175024701
1763848182002,247303845599
1763848183002,247427761724
1763848184002,247552249443
1763848185002,247676440836
1763848186002,247801851038
1763848187002,247927182260
1763848188002,248050947202
1763848189002,248175024155
1763848190002,248298888706
1763848191002,248421693323
1763848192002,248545256972
1763848193002,248670409178
1763848194002,248796539898
1763848195002,248921783046
1763848196002,249044539629
1763848197002,249169635866
1763848198002,249294266956
1763848199002,249419791964
1763848200002,249544642536
1763848201002,249669580265
1763848202002,249792020015
1763848203002,249914025013
1763848204002,250039106785
1763848205002,250162821312
1763848206002,250287838570
1763848207002,250413460319
1763848208002,250536256147
1763848209002,250660348481
1763848210002,250784777178
1763848211002,250909881716
1763848212002,251036059494
1763848213002,251159908420
1763848214002,251283954184
1763848215002,251410440677
1763848216002,251534835073
1763848217002,251658368448
1763848218002,251781852324
1763848219002,251904794636
1763848220002,252030621279
1763848221002,252148940251
1763848222002,252265584728
1763848223002,252383618788
1763848224002,252503359876
1763848225002,252624550484
1763848226002,252747189818
1763848227002,252867659358
1763848228002,252987940789
1763848229002,253106862054
1763848230002,253225038204
1763848231002,253347702197
1763848232002,253471505469
1763848233002,253593207306
1763848234002,253715419944
1763848235002,253838657788
1763848236002,253961779055
1763848237002,254085106498
1763848238002,254206614671
1763848239002,254329033242
1763848240002,254451176179
1763848241002,254572957605
1763848242002,254695129472
1763848243002,254817082102
1763848244002,254939563600
1763848245002,255061024349
1763848246002,255181816581
1763848247002,255303616135
1763848248002,255424595745
1763848249002,255546199071
1763848250002,255668692044
1763848251002,255788371120
1763848252002,255911480607
1763848253002,256035949221
1763848254002,256159278251
1763848255002,256282842632
1763848256002,256405646151
1763848257002,256522002603
1763848258002,256637995898
1763848259002,256753245908
1763848260002,256870226565
1763848261002,256988185004
1763848262002,257109011660
1763848263002,257228523866
1763848264002,257347565736
1763848265002,257466933534
1763848266002,257586318421
1763848267002,257708658074
1763848268002,257830171129
1763848269002,257950894087
1763848270002,258072057534
1763848271002,258192953343
1763848272002,258313526764
1763848273002,258432267488
1763848274002,258554010890
1763848275002,258677176529
1763848276002,258792360927
1763848277002,258906668373
1763848278002,259021506947
1763848279002,259138755243
1763848280002,259255613098
1763848281002,259374231324
1763848282002,259492500492
1763848283002,259610369575
1763848284002,259725415118
1763848285002,259840451750
1763848286002,259957534275
1763848287002,260076710910
1763848288002,260191135239
1763848289002,260312283672
1763848290002,260432936744
1763848291002,260553274571
1763848292002,260671107277
1763848293002,260791244237
1763848294002,260910676793
1763848295002,261027077191
1763848296002,261145037887
1763848297002,261263975632
1763848298002,261381617482
1763848299002,261499600395
1763848300002,261617313595
1763848301002,261734776002
1763848302004,261855489316
1763848303002,261970494514
1763848304002,262080741547
1763848305002,48037413
1763848306002,159711322
1763848307002,270492166
1763848308002,386108203
1763848309002,504160574
1763848310002,621874323
1763848311002,737104558
1763848312002,853169568
1763848313002,969769245
1763848314002,1085639188
1763848315002,1206650658
1763848316002,1328193255
1763848317002,1448462173
1763848318002,1565083212
1763848319002,1683918113
1763848320002,1801092740
1763848321002,1918746308
1763848322002,2037841462
1763848323002,2156801058
1763848324002,2276320588
1763848325002,2395513215
1763848326002,2515282257
1763848327002,2632163427
1763848328002,2747236558
1763848329002,2862703364
1763848330002,2979599977
1763848331002,3096915106
1763848332002,3211933855
1763848333002,3327194607
1763848334002,3443097447
1763848335002,3562450474
1763848336002,3683610320
1763848337002,3805415612
1763848338002,3925689413
1763848339002,4046954300
1763848340002,4165889603
1763848341002,4287136607
1763848342002,4405392286
1763848343002,4526577523
1763848344002,4648311586
1763848345002,4768790770
1763848346002,4889893121
1763848347002,5010882374
1763848348002,5132493879
1763848349002,5251993634
1763848350002,5372551797
1763848351002,5491548258
1763848352002,5607200672
1763848353002,5725029350
1763848354002,5843528436
1763848355002,5964039541
1763848356002,6084206958
1763848357002,6203610644
1763848358002,6322065053
1763848359002,6442003894
1763848360002,6562129319
1763848361002,6681118638
1763848362002,6800595688
1763848363002,6920378829
1763848364002,7039645186
1763848365002,7156508839
1763848366002,7271851501
1763848367002,7387552071
1763848368002,7506414133
1763848369002,7623849745
1763848370002,7740746663
1763848371002,7856585722
1763848372002,7971526834
1763848373002,8083707333
1763848374002,8197421458
1763848375002,8313087544
1763848376002,8428625090
1763848377002,8544619177
1763848378002,8660264755
1763848379002,8775826349
1763848380002,8892072023
1763848381002,9007726024
1763848382002,9123845600
1763848383002,9239604276
1763848384002,9355080360
1763848385002,9470870774
1763848386002,9586176020
1763848387002,9701876835
1763848388002,9817404860
1763848389002,9933094566
1763848390002,10048559907
1763848391002,10163971966
1763848392002,10279510610
1763848393002,10394777039
1763848394002,10508343459
1763848395002,10622904079
1763848396002,10737518715
1763848397002,10852591296
1763848398002,10968424313
1763848399002,11088770440
1763848400002,11207344539
1763848401002,11326129391
1763848402002,11444820310
1763848403002,11563400878
1763848404002,11681694582
1763848405002,11799898625
1763848406002,11920319947
1763848407002,12040712034
1763848408002,12160484799
1763848409002,12280774225
1763848410002,12400097711
1763848411002,12519547661
1763848412002,12639072685
1763848413002,12760362536
1763848414002,12880256149
1763848415002,12996813468
1763848416002,13114672969
1763848417002,13233758418
1763848418002,13353324274
1763848419002,13472460139
1763848420002,13590921933
1763848421002,13709517821
1763848422002,13832433399
1763848423002,13946942506
1763848424002,14058470846
1763848425002,14170497048
1763848426002,14284814016
1763848427002,14401002317
1763848428002,14518848573
1763848429002,14635199594
1763848430002,14751720231
1763848431002,14868282798
1763848432002,14985842129
1763848433002,15105551661
1763848434002,15225220788
1763848435002,15343405300
1763848436002,15459021276
1763848437002,15576218120
1763848438002,15694820050
1763848439002,15813549360
1763848440002,15932726057
1763848441002,16051465194
1763848442002,16169114856
1763848443002,16288176563
1763848444002,16410914652
1763848445002,16527278796
1763848446002,16640055484
1763848447002,16751990501
1763848448002,16865492773
1763848449002,16980036487
1763848450002,17095048216
1763848451002,17212706423
1763848452002,17329274911
1763848453002,17445282183
1763848454002,17559023835
1763848455002,17676993198
1763848456002,17797819366
1763848457002,17919742943
1763848458002,18037018949
1763848459002,18157259059
1763848460002,18278663899
1763848461002,18398287983
1763848462002,18517768085
1763848463002,18635711752
1763848464002,18753375025
1763848465002,18872070095
1763848466002,18990377348
1763848467002,19108525789
1763848468002,19227206576
1763848469002,19345873936
1763848470002,19464472692
1763848471002,19581863810
1763848472002,19699386581
1763848473002,19818264633
1763848474002,19936658678
1763848475002,20054646719
1763848476002,20170985593
1763848477002,20290825008
1763848478002,20410821649
1763848479002,20530884879
1763848480002,20648540157
1763848481002,20771501695
1763848482002,20895990207
1763848483002,21019005212
1763848484002,21140547076
1763848485002,21266718933
1763848486002,21389511465
1763848487002,21513878762
1763848488002,21639104821
1763848489002,21767928771
1763848490002,21896335913
1763848491002,22023342973
1763848492002,22150895075
1763848493002,22280123931
1763848494002,22409563908
1763848495002,22537599835
1763848496002,22666283038
1763848497002,22797680285
1763848498002,22927216757
1763848499002,23055510557
1763848500002,23182721474
1763848501002,23312200025
1763848502002,23443918560
1763848503002,23573453811
1763848504002,23700419246
1763848505002,23826586830
1763848506002,23954427262
1763848507002,24082309992
1763848508003,24207103007
1763848509002,24330410980
1763848510002,24447844212
1763848511002,24563928754
1763848512002,24679081047
1763848513002,24799085073
1763848514002,24919506457
1763848515002,25043612279
1763848516002,25167610192
1763848517002,25290147293
1763848518002,25412404182
1763848519002,25532752934
1763848520002,25652867983
1763848521002,25778392564
1763848522002,25902297764
1763848523002,26025338648
1763848524002,26148196732
1763848525002,26267699905
1763848526002,26390240607
1763848527002,26514141230
1763848528002,26636868088
1763848529002,26761154635
1763848530002,26884717185
1763848531002,27008182445
1763848532002,27132240294
1763848533002,27256542344
1763848534002,27380190465
1763848535002,27504474693
1763848536002,27628510996
1763848537002,27753125485
1763848538002,27877132125
1763848539002,28000464390
1763848540002,28123013698
1763848541002,28245436541
1763848542002,28371676880
1763848543002,28496567185
1763848544002,28620802646
1763848545002,28743648034
1763848546002,28869170052
1763848547002,28993286189
1763848548002,29115570483
1763848549002,29239034278
1763848550002,29363161829
1763848551002,29486799696
1763848552002,29608929327
1763848553002,29729332278
1763848554002,29855734909
1763848555002,29977583535
1763848556002,30100466399
1763848557002,30224518938
1763848558002,30348153387
1763848559002,30472663811
1763848560002,30597066629
1763848561002,30721715785
1763848562002,30845529616
1763848563002,30966423167
1763848564002,31090142882
1763848565002,31214756576
1763848566002,31337727636
1763848567002,31460817226
1763848568002,31581238060
1763848569002,31705424388
1763848570002,31828983336
1763848571002,31950844292
1763848572002,32072071154
1763848573002,32194398600
1763848574002,32318004790
1763848575002,32441612750
1763848576002,32562522291
1763848577002,32684020576
1763848578002,32807625362
1763848579002,32931120408
1763848580002,33053775977
1763848581002,33175137971
1763848582003,33299542743
1763848583002,33422647531
1763848584002,33539890150
1763848585002,33654497401
1763848586002,33771706451
1763848587002,33888996434
1763848588002,34002614430
1763848589002,34126996191
1763848590002,34248875213
1763848591002,34371702779
1763848592002,34496861638
1763848593002,34615972357
1763848594002,34735631962
1763848595002,34855137516
1763848596002,34973831731
1763848597002,35095019958
1763848598002,35214808836
1763848599002,35332625429
1763848600002,35451314945
1763848601002,35572994015
1763848602002,35695080373
1763848603002,35817146161
1763848604002,35939551121
1763848605002,36066348526
1763848606002,36193759760
1763848607002,36317764753
1763848608002,36442399688
1763848609002,36570326789
1763848610002,36699918804
1763848611002,36826951865
1763848612002,36953294315
1763848613002,37079388535
1763848614002,37205413542
1763848615002,37331360058
1763848616002,37460637498
1763848617002,37588366786
1763848618002,37715929936
1763848619002,37843788617
1763848620002,37972166462
1763848621002,38099062561
1763848622002,38225131269
1763848623002,38349963896
1763848624002,38476809519
1763848625002,38602221978
1763848626002,38726134930
1763848627002,38854598530
1763848628002,38978795172
1763848629002,39102096614
1763848630002,39227229961
1763848631002,39354206442
1763848632002,39479454352
1763848633002,39604640311
1763848634002,39729563941
1763848635002,39851977019
1763848636002,39973538292
1763848637002,40097393016
1763848638002,40219322331
1763848639002,40341502072
1763848640002,40465611434
1763848641002,40591937527
1763848642002,40714775591
1763848643002,40839043828
1763848644002,40963293449
1763848645002,41088132423
1763848646002,41213061730
1763848647002,41341017518
1763848648002,41467493452
1763848649002,41592686369
1763848650002,41716965225
1763848651002,41842092224
1763848652002,41968654522
1763848653002,42094571986
1763848654002,42218149245
1763848655002,42341658511
1763848656002,42466752429
1763848657002,42594078703
1763848658002,42718734145
1763848659002,42841674993
1763848660005,42968336472
1763848661002,43091993138
1763848662002,43213056305
1763848663002,43331497347
1763848664002,43450807344
1763848665002,43571870938
1763848666002,43696176223
1763848667002,43820245363
1763848668002,43942741998
1763848669002,44065973006
1763848670002,44188493688
1763848671002,44309579377
1763848672002,44430915858
1763848673002,44553731523
1763848674002,44674972667
1763848675002,44793885754
1763848676002,44915073859
1763848677002,45037961118
1763848678002,45160237355
1763848679002,45282952495
1763848680002,45405335055
1763848681002,45527915430
1763848682002,45650093889
1763848683002,45772138987
1763848684002,45894443239
1763848685002,46017049066
1763848686002,46139981856
1763848687002,46262247107
1763848688002,46384312225
1763848689002,46507342427
1763848690002,46630037731
1763848691002,46752700442
1763848692002,46873652036
1763848693002,46999404705
1763848694002,47125685815
1763848695002,47250364695
1763848696002,47372978517
1763848697002,47498118394
1763848698002,47621523474
1763848699002,47743167144
1763848700002,47865252464
1763848701002,47990908820
1763848702002,48109861701
1763848703002,48225680680
1763848704002,48342254722
1763848705002,48461291893
1763848706002,48580813437
1763848707002,48699925132
1763848708002,48821994949
1763848709002,48944570502
1763848710002,49068322016
1763848711002,49190815172
1763848712002,49311900677
1763848713002,49435609040
1763848714002,49559624103
1763848715002,49682338144
1763848716002,49805694823
1763848717002,49928046073
1763848718002,50047522451
1763848719002,50170108624
1763848720002,50293103732
1763848721002,50415765161
1763848722002,50537387408
1763848723002,50659338817
1763848724002,50782510926
1763848725002,50905977163
1763848726002,51028648541
1763848727002,51150273107
1763848728002,51272097624
1763848729002,51395197834
1763848730002,51518709481
1763848731002,51638964544
1763848732002,51761861080
1763848733002,51887819254
1763848734002,52013341332
1763848735002,52137403271
1763848736002,52260405580
1763848737002,52382954827
1763848738002,52500785763
1763848739002,52619920041
1763848740002,52741195853
1763848741002,52861937243
1763848742002,52983233259
1763848743002,53104298012
1763848744002,53227816312
1763848745004,53346594938
1763848746002,53465662199
1763848747002,53581580482
1763848748002,53687537303
1763848749002,53791967028
1763848750002,53898168905
1763848751002,54004923392
1763848752002,54111882652
1763848753002,54221479661
1763848754002,54330187696
1763848755002,54438907205
1763848756002,54548008305
1763848757002,54656046054
1763848758002,54770743941
1763848759002,54886623344
1763848760002,55002845886
1763848761002,55118669503
1763848762002,55234344805
1763848763002,55350690333
1763848764002,55465954503
1763848765002,55584599341
1763848766002,55704921665
1763848767002,55824614229
1763848768002,55947978293
1763848769002,56071994822
1763848770002,56195144592
1763848771002,56317739432
1763848772002,56440147749
1763848773002,56562451269
1763848774002,56685420009
1763848775002,56808377519
1763848776002,56932330632
1763848777002,57056092034
1763848778002,57179718365
1763848779002,57303466706
1763848780002,57428326737
1763848781002,57551408820
1763848782002,57677344472
1763848783002,57801277016
1763848784002,57924727505
1763848785002,58048764969
1763848786002,58167938675
1763848787002,58292706055
1763848788002,58417353686
1763848789002,58540173439
1763848790002,58661017368
1763848791002,58783370205
1763848792002,58907640455
1763848793002,59029061531
1763848794002,59149422490
1763848795002,59269835390
1763848796002,59393122306
1763848797002,59516743632
1763848798002,59638085973
1763848799002,59760377469
1763848800002,59882389242
1763848801002,60005100781
1763848802002,60127218754
1763848803002,60248350219
1763848804002,60369737176
1763848805002,60487279173
1763848806002,60602151987
1763848807002,60720291699
1763848808002,60837407976
1763848809002,60956198627
1763848810002,61076717910
1763848811002,61191903101
1763848812002,61303251693
1763848813002,61414513554
1763848814002,61526291466
1763848815002,61640194190
1763848816002,61755063708
1763848817002,61871649225
1763848818002,61987313846
1763848819002,62104389657
1763848820002,62220249468
1763848821002,62335815883
1763848822002,62455738794
1763848823002,62574930628
1763848824002,62692948880
1763848825002,62811703215
1763848826002,62930263031
1763848827002,63049261628
1763848828002,63168150667
1763848829002,63287288118
1763848830002,63406060397
1763848831002,63525504549
1763848832002,63643746678
1763848833002,63762344397
1763848834002,63881337378
1763848835002,63999970070
1763848836002,64118829446
1763848837002,64237269817
1763848838002,64355795514
1763848839002,64474630415
1763848840002,64592426622
1763848841002,64714298381
1763848842002,64834161416
1763848843002,64955325046
1763848844002,65080399494
1763848845002,65204636542
1763848846002,65328534784
1763848847002,65449525075
1763848848002,65570573471
1763848849002,65693097572
1763848850002,65811110881
1763848851002,65933922517
1763848852002,66056647850
1763848853002,66177318988
1763848854002,66297700272
1763848855002,66420647467
1763848856002,66544241145
1763848857002,66666493029
1763848858002,66789865699
1763848859002,66912421599
1763848860002,67035782977
1763848861002,67161706239
1763848862002,67288240827
1763848863002,67413633939
1763848864002,67538417311
1763848865002,67664510494
1763848866002,67792715244
1763848867002,67919793837
1763848868002,68043920533
1763848869002,68169178147
1763848870002,68294888336
1763848871002,68422796516
1763848872002,68548217887
1763848873002,68672668924
1763848874002,68799298360
1763848875002,68927769406
1763848876003,69054072244
1763848877002,69177162017
1763848878002,69293203834
1763848879002,69409475387
1763848880002,69527462878
1763848881002,69649369670
1763848882002,69769198221
1763848883002,69892242095
1763848884002,70017610427
1763848885002,70145211296
1763848886002,70271307226
1763848887002,70395859947
1763848888002,70523256227
1763848889002,70651187601
1763848890003,70774503692
1763848891002,70900806774
1763848892002,71025677731
1763848893002,71150143416
1763848894002,71276381252
1763848895002,71404377262
1763848896002,71532389569
1763848897002,71660019919
1763848898002,71788055785
1763848899002,71916757909
1763848900002,72046460763
1763848901002,72175392134
1763848902002,72303428245
1763848903002,72431604552
1763848904002,72559964636
1763848905002,72689660105
1763848906002,72817283496
1763848907002,72945187283
1763848908002,73072856451
1763848909002,73201160077
1763848910002,73332484326
1763848911002,73462686874
1763848912002,73591195700
1763848913002,73720083431
1763848914002,73849409394
1763848915002,73978816351
1763848916002,74105410082
1763848917002,74233688440
1763848918002,74362229981
1763848919002,74489233196
1763848920002,74615404687
1763848921002,74741280646
1763848922002,74866402457
1763848923002,74986728016
1763848924002,75109305583
1763848925002,75231945223
1763848926002,75354892845
1763848927002,75479389291
1763848928002,75603022886
1763848929002,75725837086
1763848930002,75848690836
1763848931002,75971509980
1763848932002,76093158228
1763848933002,76214327107
1763848934002,76336040785
1763848935002,76457369271
1763848936002,76576842414
1763848937002,76697935671
1763848938002,76818680235
1763848939002,76940508781
1763848940002,77062522507
1763848941002,77183493510
1763848942002,77305489841
1763848943002,77427913478
1763848944002,77549141195
1763848945002,77664437897
1763848946002,77779557658
1763848947002,77894248038
1763848948002,78012399897
1763848949002,78130605282
1763848950002,78250591853
1763848951002,78369812251
1763848952002,78489525445
1763848953002,78608992363
1763848954002,78727974176
1763848955002,78849549243
1763848956002,78971797282
1763848957002,79093958895
1763848958002,79215542691
1763848959002,79336783164
1763848960002,79456864583
1763848961002,79577003984
1763848962004,79700548163
1763848963002,79818307627
1763848964002,79931557398
1763848965002,80050056118
1763848966002,80164504617
1763848967002,80273732548
1763848968002,80385719505
1763848969002,80500047947
1763848970002,80614440660
1763848971002,80730619012
1763848972002,80848778805
1763848973002,80968736994
1763848974002,81089871938
1763848975002,81214874914
1763848976002,81340694111
1763848977002,81468288877
1763848978002,81593915386
1763848979002,81719498622
1763848980002,81843759290
1763848981002,81968664549
1763848982002,82094282819
1763848983002,82219909755
1763848984002,82342208148
1763848985002,82464307811
1763848986002,82585525763
1763848987002,82708981990
1763848988002,82831809190
1763848989002,82954094033
1763848990002,83074798253
1763848991002,83196122344
1763848992002,83319460773
1763848993002,83441053419
1763848994002,83560953685
1763848995004,83687323601
1763848996002,83816854092
1763848997002,83941710157
1763848998002,84062977303
1763848999002,84184238223
1763849000002,84308742054
1763849001002,84433739232
1763849002002,84557372033
1763849003002,84682307077
1763849004002,84806465023
1763849005002,84929450670
1763849006002,85053170630
1763849007002,85177541100
1763849008002,85300830030
1763849009002,85425173095
1763849010002,85551012434
1763849011002,85676503995
1763849012002,85802208690
1763849013002,85928673515
1763849014002,86054683508
1763849015002,86182860548
1763849016002,86309106318
1763849017002,86434198344
1763849018002,86562191791
1763849019002,86693493457
1763849020002,86825145219
1763849021002,86955991625
1763849022002,87086103291
1763849023002,87217182729
1763849024002,87346966149
1763849025002,87476363340
1763849026002,87607317472
1763849027002,87737586914
1763849028002,87865433022
1763849029002,87995432140
1763849030002,88129336277
1763849031002,88262385803
1763849032002,88391402623
1763849033002,88515966574
1763849034002,88648071217
1763849035002,88777694054
1763849036002,88905424867
1763849037002,89034301368
1763849038002,89162799086
1763849039002,89293749068
1763849040002,89422804829
1763849041002,89551575251
1763849042002,89678938817
1763849043002,89810405338
1763849044002,89939910256
1763849045002,90070179148
1763849046002,90200605084
1763849047002,90327463707
1763849048002,90450590650
1763849049002,90577275384
1763849050002,90704400913
1763849051002,90832779979
1763849052002,90961489855
1763849053002,91092030475
1763849054002,91220259822
1763849055002,91346313149
1763849056002,91474308549
1763849057002,91604141286
1763849058002,91732224454
1763849059002,91859382148
1763849060002,91986070423
1763849061002,92114760767
1763849062002,92245235531
1763849063002,92374021395
1763849064002,92501125134
1763849065002,92628264580
1763849066002,92757498624
1763849067002,92887373718
1763849068002,93014411906
1763849069002,93141037315
1763849070002,93269200805
1763849071002,93398325596
1763849072002,93527546335
1763849073002,93653330620
1763849074002,93778423195
1763849075002,93902087307
1763849076002,94024620563
1763849077002,94151014465
1763849078002,94276320602
1763849079002,94402251310
1763849080002,94527653272
1763849081002,94653513606
1763849082002,94780409155
1763849083002,94906917193
1763849084003,95033106018
1763849085002,95158825362
1763849086002,95277818710
1763849087002,95396343370
1763849088002,95515008715
1763849089002,95636343244
1763849090002,95758804417
1763849091002,95880565458
1763849092002,96002716390
1763849093002,96125370495
1763849094002,96248610780
1763849095002,96370991753
1763849096002,96493666122
1763849097002,96619058623
1763849098002,96743776077
1763849099002,96862989273
1763849100002,96980820515
1763849101002,97099898518
1763849102002,97220853347
1763849103002,97342350168
1763849104002,97464543886
1763849105002,97587926687
1763849106002,97710920452
1763849107002,97834188508
1763849108002,97956831261
1763849109002,98079396743
1763849110002,98205630367
1763849111002,98331056926
1763849112002,98451779945
1763849113002,98570360574
1763849114002,98688529461
1763849115002,98809396766
1763849116002,98930361605
1763849117002,99050608124
1763849118002,99173689718
1763849119002,99296229260
1763849120002,99420345214
1763849121002,99546024397
1763849122002,99663745409
1763849123002,99784211165
1763849124002,99901485950
1763849125002,100020964526
1763849126002,100141365463
1763849127002,100263580177
1763849128002,100384421237
1763849129002,100506198147
1763849130002,100629479021
1763849131002,100749833998
1763849132002,100876203182
1763849133002,101004496066
1763849134002,101131780774
1763849135002,101256763487
1763849136002,101383973061
1763849137002,101510269674
1763849138002,101633435008
1763849139002,101756900085
1763849140002,101882223311
1763849141002,102006806488
1763849142002,102131128436
1763849143002,102257398986
1763849144002,102383629681
1763849145002,102509166775
1763849146002,102634491771
1763849147002,102759973139
1763849148002,102885442911
1763849149002,103012416707
1763849150002,103132307635
1763849151002,103248753321
1763849152002,103363661291
1763849153002,103483073217
1763849154002,103607779929
1763849155002,103733500615
1763849156002,103857092096
1763849157002,103980465315
1763849158002,104104456209
1763849159002,104228801105
1763849160002,104352973517
1763849161002,104478073966
1763849162002,104600989178
1763849163002,104719571883
1763849164002,104837774339
1763849165002,104958519696
1763849166002,105078505229
1763849167002,105199027869
1763849168002,105318175025
1763849169002,105439458773
1763849170002,105559063874
1763849171002,105679110991
1763849172002,105799118496
1763849173002,105919836754
1763849174002,106040112691
1763849175002,106159126364
1763849176002,106278160361
1763849177002,106398705462
1763849178002,106518691056
1763849179002,106639858043
1763849180002,106758200270
1763849181002,106878996164
1763849182002,107003340694
1763849183002,107124646231
1763849184002,107244647144
1763849185002,107365701705
1763849186002,107487126809
1763849187002,107607767980
1763849188002,107727338353
1763849189002,107847410189
1763849190002,107966167880
1763849191002,108086502838
1763849192002,108206212066
1763849193002,108326024808
1763849194002,108445400418
1763849195002,108565565882
1763849196002,108685790977
1763849197002,108808353713
1763849198002,108928292676
1763849199002,109051232302
1763849200002,109172156004
1763849201002,109292212703
1763849202002,109412511712
1763849203002,109532665091
1763849204002,109654931379
1763849205002,109774531903
1763849206002,109892468613
1763849207002,110011674240
1763849208002,110131951643
1763849209002,110253443641
1763849210002,110372907691
1763849211002,110491716041
1763849212002,110611940160
1763849213002,110732798127
1763849214002,110853391202
1763849215002,110973638819
1763849216002,111092072231
1763849217002,111213231711
1763849218002,111334433305
1763849219002,111454152603
1763849220002,111572935686
1763849221002,111692737259
1763849222002,111812489638
1763849223002,111932506970
1763849224002,112052648203
1763849225002,112171587901
1763849226002,112287508929
1763849227002,112401727143
1763849228002,112517299052
1763849229002,112635636761
1763849230002,112753773239
1763849231002,112871997668
1763849232002,112990490467
1763849233002,113108978750
1763849234002,113228333120
1763849235002,113350623212
1763849236002,113463930478
1763849237002,113576035172
1763849238002,113687168554
1763849239002,113797976803
1763849240002,113909014605
1763849241002,114022209384
1763849242002,114136044358
1763849243002,114253670278
1763849244002,114371594659
1763849245002,114492755420
1763849246002,114612905381
1763849247002,114732731307
1763849248002,114853125591
1763849249002,114976499726
1763849250002,115098957115
1763849251002,115220243975
1763849252002,115344883549
1763849253002,115467788569
1763849254002,115586372066
1763849255002,115704464415
1763849256002,115821658451
1763849257002,115939011239
1763849258002,116054984880
1763849259002,116174615983
1763849260002,116295786144
1763849261002,116416741034
1763849262002,116538040468
1763849263002,116658214049
1763849264002,116780435965
1763849265002,116902179062
1763849266002,117021901900
1763849267002,117148255641
1763849268002,117276273929
1763849269002,117400970204
1763849270002,117527761445
1763849271002,117655793771
1763849272002,117781770560
1763849273002,117909170502
1763849274002,118037182992
1763849275002,118164983141
1763849276002,118291618376
1763849277002,118418326975
1763849278002,118546036853
1763849279002,118672708159
1763849280002,118798213637
1763849281002,118924752375
1763849282002,119049672526
1763849283002,119172593782
1763849284002,119298315872
1763849285002,119422544680
1763849286002,119548924849
1763849287002,119674630155
1763849288002,119800552074
1763849289002,119927970449
1763849290002,120055404449
1763849291002,120183226692
1763849292002,120307297237
1763849293002,120428318228
1763849294002,120547756033
1763849295002,120671072550
1763849296002,120792847446
1763849297002,120915036770
1763849298002,121035507042
1763849299002,121155553122
1763849300002,121277962476
1763849301002,121399784186
1763849302002,121523451594
1763849303002,121649990821
1763849304002,121771806000
1763849305002,121890293733
1763849306002,122011732204
1763849307002,122134976152
1763849308002,122256668284
1763849309002,122379323854
1763849310002,122502651114
1763849311002,122626044169
1763849312002,122750446744
1763849313002,122874461563
1763849314002,122999156556
1763849315002,123123698169
1763849316002,123246654458
1763849317002,123371061793
1763849318002,123495052137
1763849319002,123620356809
1763849320002,123744999618
1763849321002,123865784038
1763849322002,123986989843
1763849323002,124111178185
1763849324002,124239403931
1763849325002,124365070418
1763849326002,124487378210
1763849327002,124611601037
1763849328002,124736720956
1763849329002,124860229429
1763849330002,124982446828
1763849331002,125104249007
1763849332002,125228208894
1763849333002,125351924947
1763849334002,125473790785
1763849335002,125596946415
1763849336002,125719642329
1763849337002,125844196331
1763849338002,125968253631
1763849339002,126090883444
1763849340002,126212151017
1763849341002,126332498548
1763849342002,126450119951
1763849343002,126570353957
1763849344002,126691529184
1763849345002,126813550356
1763849346002,126934544614
1763849347002,127056283560
1763849348002,127175217887
1763849349002,127296840501
1763849350002,127417473859
1763849351002,127538645118
1763849352002,127660354218
1763849353002,127781804774
1763849354002,127901996666
1763849355002,128023536455
1763849356002,128138778409
1763849357002,128254066138
1763849358002,128368647510
1763849359002,128484239560
1763849360002,128599550728
1763849361002,128716019790
1763849362002,128833810260
1763849363002,128953254168
1763849364002,129072235919
1763849365002,129192253861
1763849366002,129310567645
1763849367002,129429921649
1763849368002,129555250552
1763849369002,129682825970
1763849370002,129811882829
1763849371002,129937719238
1763849372002,130063972516
1763849373002,130190016566
1763849374002,130316684271
1763849375002,130443741624
1763849376002,130570141386
1763849377002,130698430425
1763849378002,130820621275
1763849379002,130944164476
1763849380002,131067312538
1763849381002,131189680266
1763849382002,131313086078
1763849383002,131438201481
1763849384002,131566145733
1763849385002,131690673430
1763849386002,131814584428
1763849387002,131939914918
1763849388002,132064518176
1763849389002,132190523651
1763849390002,132316514052
1763849391002,132445003652
1763849392002,132574819054
1763849393002,132703154541
1763849394002,132830559916
1763849395002,132959643875
1763849396002,133088286368
1763849397002,133214469455
1763849398002,133338094322
1763849399002,133461432812
1763849400002,133587648188
1763849401002,133714667760
1763849402002,133840779864
1763849403002,133964079780
1763849404002,134084751407
1763849405002,134210256945
1763849406002,134333766700
1763849407002,134458693626
1763849408002,134581636854
1763849409002,134704216069
1763849410002,134833166422
1763849411002,134963140455
1763849412002,135093389267
1763849413002,135221743553
1763849414002,135348882143
1763849415002,135477425393
1763849416002,135599038546
1763849417002,135717987155
1763849418002,135836734715
1763849419002,135955258215
1763849420002,136071801679
1763849421002,136189600450
1763849422002,136308746873
1763849423002,136426556569
1763849424002,136543754756
1763849425002,136663792351
1763849426002,136786490584
1763849427002,136911083161
1763849428002,137033882773
1763849429002,137160565310
1763849430002,137287845319
1763849431002,137415333091
1763849432002,137545982598
1763849433002,137676670740
1763849434002,137805043336
1763849435002,137934488744
1763849436002,138064605660
1763849437002,138195036417
1763849438002,138323280596
1763849439002,138450814144
1763849440002,138576189494
1763849441002,138703352621
1763849442002,138831026305
1763849443002,138956296126
1763849444002,139085333210
1763849445002,139213973323
1763849446002,139339600504
1763849447002,139465908896
1763849448002,139592076969
1763849449002,139721743629
1763849450002,139850025100
1763849451002,139977506585
1763849452002,140102020732
1763849453002,140231053910
1763849454002,140361050403
1763849455002,140489557521
1763849456002,140616444952
1763849457002,140744219344
1763849458002,140873004354
1763849459002,141000746275
1763849460002,141127927285
1763849461002,141256124650
1763849462002,141383413753
1763849463002,141510939549
1763849464002,141639396801
1763849465002,141764963130
1763849466002,141891196327
1763849467002,142016734092
1763849468002,142142168219
1763849469002,142270501204
1763849470002,142398701315
1763849471002,142526443969
1763849472002,142652682354
1763849473002,142779772117
1763849474002,142901228410
1763849475002,143023341195
1763849476002,143147781978
1763849477002,143265091309
1763849478002,143381563911
1763849479002,143503044557
1763849480002,143623360716
1763849481002,143742982786
1763849482002,143863307368
1763849483002,143980627258
1763849484002,144104595751
1763849485002,144230235689
1763849486002,144354866412
1763849487002,144477782967
1763849488002,144601249631
1763849489002,144729779026
1763849490002,144858038403
1763849491002,144983395870
1763849492002,145109379129
1763849493002,145236960834
1763849494002,145365069331
1763849495002,145492142431
1763849496002,145618151386
1763849497002,145744427552
1763849498002,145866491326
1763849499002,145990666546
1763849500002,146115538968
1763849501002,146241008434
1763849502002,146365907162
1763849503002,146491216961
1763849504002,146615981412
1763849505002,146739417009
1763849506002,146864986512
1763849507002,146992400553
1763849508002,147118724876
1763849509002,147243884346
1763849510002,147366532591
1763849511002,147494374122
1763849512002,147620866352
1763849513002,147745651128
1763849514002,147869626701
1763849515002,147991341966
1763849516002,148107678338
1763849517002,148225666500
1763849518002,148344198668
1763849519002,148464000973
1763849520002,148584396844
1763849521002,148708618084
1763849522002,148830061621
1763849523002,148954221703
1763849524002,149075840593
1763849525002,149199016670
1763849526002,149325860827
1763849527002,149453057889
1763849528002,149580622382
1763849529002,149707530077
1763849530002,149832828341
1763849531002,149958672074
1763849532002,150085729243
1763849533002,150213491062
1763849534002,150339457659
1763849535002,150464174686
1763849536002,150590977706
1763849537002,150717775233
1763849538002,150842148450
1763849539002,150966230529
1763849540002,151091243515
1763849541002,151217576810
1763849542002,151337993982
1763849543002,151456956751
1763849544002,151574148040
1763849545002,151695858422
1763849546002,151820802744
1763849547002,151946292657
1763849548002,152070094891
1763849549002,152194153228
1763849550002,152319183182
1763849551002,152439289502
1763849552002,152561836857
1763849553002,152683532530
1763849554002,152801577332
1763849555002,152918928778
1763849556002,153039300723
1763849557002,153160559812
1763849558002,153281279901
1763849559002,153401956655
1763849560002,153522631150
1763849561002,153643639203
1763849562002,153764633766
1763849563002,153885789095
1763849564002,154007373135
1763849565002,154127891381
1763849566002,154248395406
1763849567002,154369712539
1763849568002,154487637652
1763849569002,154604491906
1763849570004,154725092184
1763849571002,154844431600
1763849572002,154958472201
1763849573002,155072338426
1763849574002,155182995003
1763849575002,155296479210
1763849576002,155406615036
1763849577002,155518384769
1763849578002,155632683854
1763849579002,155746920378
1763849580002,155865179231
1763849581002,155983376926
1763849582002,156099243817
1763849583002,156216557359
1763849584002,156332045467
1763849585002,156451739130
1763849586002,156573717090
1763849587002,156694774031
1763849588002,156815343607
1763849589002,156935733802
1763849590002,157054940589
1763849591002,157175553623
1763849592002,157297270047
1763849593002,157418632773
1763849594002,157539185993
1763849595002,157658511798
1763849596002,157777770465
1763849597002,157896228291
1763849598002,158015227010
1763849599002,158134974079
1763849600002,158254622455
1763849601002,158379071416
1763849602002,158502693841
1763849603002,158625263534
1763849604002,158746205364
1763849605002,158869205781
1763849606002,158992997762
1763849607002,159118754886
1763849608002,159243744373
1763849609002,159369342440
1763849610002,159495756118
1763849611002,159624029471
1763849612002,159747498455
1763849613002,159871928495
1763849614002,159992878014
1763849615002,160113277914
1763849616002,160237610115
1763849617002,160362772392
1763849618002,160485177779
1763849619002,160608847141
1763849620002,160732859824
1763849621002,160858925785
1763849622002,160984144337
1763849623002,161110053194
1763849624002,161235779923
1763849625002,161358693427
1763849626002,161486301071
1763849627002,161610741854
1763849628002,161730482880
1763849629002,161849419282
1763849630002,161968393404
1763849631002,162087310153
1763849632002,162206296420
1763849633002,162326051241
1763849634002,162448982567
1763849635002,162570660173
1763849636002,162693301094
1763849637002,162817268611
1763849638002,162938726918
1763849639002,163058517383
1763849640002,163182755163
1763849641002,163310533034
1763849642002,163440939439
1763849643002,163569222497
1763849644002,163699076229
1763849645002,163827750949
1763849646002,163955627147
1763849647002,164084878342
1763849648002,164214240865
1763849649002,164342459409
1763849650002,164471409579
1763849651002,164599039196
1763849652002,164724975214
1763849653002,164851484473
1763849654002,164977727741
1763849655002,165105680599
1763849656002,165233146948
1763849657002,165359249164
1763849658002,165484779238
1763849659002,165613093058
1763849660002,165741210039
1763849661002,165868726192
1763849662002,165993884136
1763849663002,166122870317
1763849664002,166253036549
1763849665002,166382731957
1763849666002,166510547914
1763849667002,166639159645
1763849668002,166767913832
1763849669002,166896393605
1763849670002,167023931304
1763849671002,167148289811
1763849672002,167271267890
1763849673002,167396252494
1763849674002,167520599405
1763849675002,167644723782
1763849676002,167767572650
1763849677002,167889219006
1763849678002,168007420729
1763849679002,168128520395
1763849680002,168244530230
1763849681002,168360418971
1763849682002,168477685395
1763849683002,168596402254
1763849684004,168716569976
1763849685002,168836767117
1763849686002,168957184717
1763849687002,169077540610
1763849688002,169197837909
1763849689002,169320042308
1763849690002,169443804565
1763849691002,169566767812
1763849692002,169688935712
1763849693002,169810451758
1763849694002,169932135895
1763849695002,170052873501
1763849696002,170174500631
1763849697002,170295980850
1763849698002,170416874705
1763849699002,170539940858
1763849700002,170664385363
1763849701002,170790333466
1763849702002,170915258561
1763849703002,171040166506
1763849704002,171165740342
1763849705002,171284503710
1763849706002,171403636461
1763849707002,171521406546
1763849708002,171640080802
1763849709002,171765511573
1763849710002,171892028461
1763849711002,172018671386
1763849712002,172143044298
1763849713002,172267840365
1763849714002,172392058797
1763849715002,172516792669
1763849716002,172644021714
1763849717002,172769918303
1763849718002,172896124645
1763849719002,173024677417
1763849720002,173151255279
1763849721002,173277645153
1763849722002,173405521290
1763849723002,173533303800
1763849724002,173664041441
1763849725002,173788473130
1763849726002,173908246383
1763849727002,174028567852
1763849728002,174152123749
1763849729002,174277912184
1763849730002,174403388670
1763849731002,174527598374
1763849732002,174652750763
1763849733002,174779558910
1763849734002,174905090510
1763849735002,175028633102
1763849736002,175154339201
1763849737002,175281972358
1763849738002,175409035692
1763849739002,175534971222
1763849740002,175661773327
1763849741002,175788895743
1763849742002,175917941128
1763849743002,176045689397
1763849744002,176170003410
1763849745002,176296281895
1763849746002,176424793956
1763849747002,176552221303
1763849748002,176677739903
1763849749002,176803243000
1763849750002,176928721255
1763849751002,177051372369
1763849752002,177169849788
1763849753002,177289080013
1763849754002,177407322508
1763849755002,177523523871
1763849756002,177641663217
1763849757002,177764601928
1763849758002,177886828544
1763849759002,178009703961
1763849760002,178129487896
1763849761002,178251697544
1763849762002,178374819909
1763849763002,178497978651
1763849764002,178619622078
1763849765002,178741321839
1763849766002,178863456964
1763849767002,178983715689
1763849768002,179106083662
1763849769002,179230181001
1763849770002,179352993125
1763849771002,179475510573
1763849772002,179598114751
1763849773002,179722257256
1763849774002,179844171006
1763849775002,179967412268
1763849776002,180090871668
1763849777002,180216129771
1763849778002,180339351745
1763849779002,180464471115
1763849780002,180586689247
1763849781002,180707953341
1763849782002,180831997396
1763849783002,180957569767
1763849784002,181083587084
1763849785002,181208444796
1763849786002,181331879234
1763849787002,181455095227
1763849788002,181578439210
1763849789002,181703086840
1763849790002,181824876324
1763849791002,181946755711
1763849792002,182071358603
1763849793002,182196202888
1763849794002,182317151186
1763849795002,182438398129
1763849796002,182560632375
1763849797002,182684782997
1763849798002,182808954798
1763849799002,182933013257
1763849800002,183058017820
1763849801002,183182856795
1763849802002,183306924531
1763849803002,183430134421
1763849804002,183553557628
1763849805002,183677868467
1763849806002,183799116631
1763849807002,183919903492
1763849808002,184042061443
1763849809002,184166650663
1763849810002,184290891861
1763849811002,184415225771
1763849812002,184534503237
1763849813002,184650151806
1763849814002,184768579237
1763849815002,184887111282
1763849816002,185001564846
1763849817002,185114644879
1763849818002,185231140797
1763849819002,185350355885
1763849820002,185468850943
1763849821002,185588884693
1763849822002,185707345999
1763849823002,185830976175
1763849824002,185954400298
1763849825002,186075198573
1763849826002,186198976515
1763849827002,186323537781
1763849828002,186441870974
1763849829002,186563017697
1763849830002,186685299489
1763849831002,186807641094
1763849832002,186930155002
1763849833002,187052456935
1763849834002,187174537494
1763849835002,187296667186
1763849836002,187418068670
1763849837002,187540048094
1763849838002,187661613274
1763849839002,187784050460
1763849840002,187907058202
1763849841002,188028367889
1763849842002,188147576934
1763849843002,188266330414
1763849844002,188390002217
1763849845002,188511300673
1763849846002,188634262517
1763849847002,188757981744
1763849848002,188883555763
1763849849002,189005356355
1763849850002,189126409572
1763849851002,189248226216
1763849852002,189371608713
1763849853002,189492463384
1763849854002,189614453794
1763849855002,189735749077
1763849856002,189857349718
1763849857002,189978077619
1763849858002,190098754678
1763849859002,190219816563
1763849860002,190340904327
1763849861002,190461308499
1763849862002,190582968283
1763849863002,190703935319
1763849864002,190824755505
1763849865002,190946939946
1763849866002,191067943115
1763849867002,191189627374
1763849868002,191310285268
1763849869002,191430989732
1763849870002,191552310650
1763849871002,191671320965
1763849872002,191790429547
1763849873002,191910743204
1763849874002,192028036849
1763849875002,192148575786
1763849876002,192266109482
1763849877002,192382867850
1763849878002,192500944879
1763849879002,192612610426
1763849880002,192724049593
1763849881002,192836051626
1763849882002,192949936161
1763849883002,193066044140
1763849884002,193186078867
1763849885002,193305211070
1763849886002,193427669191
1763849887003,193549143917
1763849888002,193669308465
1763849889002,193790312916
1763849890002,193913251383
1763849891002,194038494471
1763849892002,194163484141
1763849893002,194287262083
1763849894002,194412066573
1763849895002,194536316988
1763849896002,194659311302
1763849897002,194784001778
1763849898002,194907326719
1763849899002,195031146531
1763849900002,195150243395
1763849901002,195267419913
1763849902002,195386494499
1763849903002,195507778063
1763849904002,195628926251
1763849905002,195752054232
1763849906002,195873796962
1763849907002,195996604936
1763849908002,196118865182
1763849909002,196241147645
1763849910002,196363093500
1763849911002,196486460555
1763849912002,196609144018
1763849913002,196731419828
1763849914002,196855856765
1763849915002,196980475648
1763849916002,197105209154
1763849917002,197231564177
1763849918002,197352982201
1763849919002,197476060255
1763849920002,197595455152
1763849921002,197715596202
1763849922002,197839839170
1763849923002,197961085137
1763849924002,198082457629
1763849925002,198203055831
1763849926002,198326393528
1763849927002,198447602385
1763849928002,198568128871
1763849929002,198690636126
1763849930002,198812948190
1763849931002,198941352891
1763849932002,199069399072
1763849933002,199195010445
1763849934002,199318387509
1763849935002,199444312236
1763849936002,199570950339
1763849937002,199695628060
1763849938002,199819828303
1763849939002,199944084943
1763849940002,200069840908
1763849941002,200195095592
1763849942002,200320363887
1763849943002,200443711899
1763849944002,200567116002
1763849945002,200692031820
1763849946002,200816517829
1763849947002,200940684443
1763849948002,201063157701
1763849949002,201188474397
1763849950002,201312525471
1763849951002,201436005318
1763849952002,201559387449
1763849953002,201682619982
1763849954002,201807334751
1763849955002,201931205711
1763849956002,202051543964
1763849957002,202174065379
1763849958002,202293814279
1763849959002,202412934763
1763849960002,202533881902
1763849961002,202656087461
1763849962002,202778607411
1763849963002,202897959339
1763849964002,203017930956
1763849965002,203138564802
1763849966002,203258898662
1763849967002,203379426490
1763849968002,203499564244
1763849969002,203621295012
1763849970002,203742980125
1763849971002,203868606513
1763849972002,203993782278
1763849973002,204118763221
1763849974002,204244191305
1763849975002,204368182992
1763849976002,204492456661
1763849977002,204617004255
1763849978002,204740953461
1763849979002,204867203688
1763849980002,204993576106
1763849981002,205119643410
1763849982002,205246006856
1763849983002,205372992737
1763849984002,205497132556
1763849985002,205616857408
1763849986002,205734073722
1763849987002,205852025019
1763849988002,205971567376
1763849989002,206090768976
1763849990002,206212250659
1763849991002,206333852033
1763849992002,206456194615
1763849993002,206571082626
1763849994002,206688462453
1763849995002,206808984849
1763849996002,206931897804
1763849997002,207051795080
1763849998002,207173924894
1763849999002,207296341878
1763850000002,207420052865
1763850001002,207544822870
1763850002002,207668534224
1763850003002,207792958344
1763850004002,207917007770
1763850005002,208046742728
1763850006002,208176628443
1763850007002,208303507818
1763850008002,208429144520
1763850009002,208554305943
1763850010002,208677920373
1763850011002,208802851510
1763850012002,208928517753
1763850013002,209053267373
1763850014002,209177367153
1763850015002,209301322097
1763850016002,209424777286
1763850017002,209553300822
1763850018002,209681119770
1763850019002,209811084342
1763850020002,209937906893
1763850021002,210065460399
1763850022002,210191257136
1763850023002,210316056377
1763850024002,210443422872
1763850025002,210571828183
1763850026002,210699886449
1763850027002,210827356093
1763850028002,210952471068
1763850029002,211077074448
1763850030002,211200270422
1763850031002,211323748316
1763850032002,211437379678
1763850033002,211548784910
1763850034002,211669022029
1763850035002,211792106065
1763850036002,211917694732
1763850037002,212042145891
1763850038002,212167640565
1763850039002,212295978737
1763850040002,212423318926
1763850041002,212551230525
1763850042002,212681519376
1763850043002,212810330021
1763850044002,212939062235
1763850045002,213069754100
1763850046002,213200243756
1763850047002,213329220965
1763850048002,213456998958
1763850049002,213585527499
1763850050002,213716739504
1763850051002,213846426306
1763850052002,213974344314
1763850053002,214100500119
1763850054002,214230136811
1763850055002,214360594423
1763850056002,214489434548
1763850057002,214616908159
1763850058002,214744888117
1763850059002,214876201685
1763850060002,215004486452
1763850061002,215129687791
1763850062002,215256464872
1763850063002,215387797421
1763850064002,215520777672
1763850065002,215651657769
1763850066002,215779045077
1763850067002,215906987926
1763850068002,216033212883
1763850069002,216158123330
1763850070002,216284769368
1763850071002,216411180666
1763850072002,216536803269
1763850073002,216659665320
1763850074002,216784350609
1763850075002,216908136608
1763850076002,217031147767
1763850077002,217156143114
1763850078002,217281250826
1763850079002,217406995926
1763850080002,217531798341
1763850081002,217655684682
1763850082002,217779513039
1763850083002,217898142313
1763850084002,218017026286
1763850085002,218136700968
1763850086002,218255335613
1763850087002,218375131204
1763850088002,218494006510
1763850089002,218616184786
1763850090002,218738533594
1763850091002,218863049999
1763850092002,218987060119
1763850093002,219111254686
1763850094002,219234477088
1763850095002,219358286036
1763850096002,219485094610
1763850097002,219612427048
1763850098002,219737370881
1763850099002,219862769486
1763850100002,219987822388
1763850101002,220112634325
1763850102002,220237825105
1763850103002,220362598040
1763850104002,220488244691
1763850105002,220608775999
1763850106002,220727264160
1763850107002,220845570498
1763850108002,220963946843
1763850109002,221085066833
1763850110002,221205663448
1763850111002,221328600633
1763850112002,221449851360
1763850113002,221570680092
1763850114002,221691609836
1763850115002,221809926061
1763850116002,221931154144
1763850117002,222057429456
1763850118002,222183122982
1763850119002,222308415874
1763850120002,222432122161
1763850121002,222556328325
1763850122002,222679347908
1763850123002,222802675046
1763850124002,222926003526
1763850125002,223049726232
1763850126002,223173438318
1763850127002,223297492932
1763850128002,223424153435
1763850129002,223548731974
1763850130002,223672492643
1763850131002,223797423292
1763850132002,223922932737
1763850133002,224048524945
1763850134002,224175277794
1763850135002,224299170055
1763850136002,224422429261
1763850137002,224548032882
1763850138002,224673864591
1763850139002,224798604323
1763850140002,224919800729
1763850141002,225040893620
1763850142002,225159283209
1763850143002,225277979073
1763850144002,225400702940
1763850145002,225519440796
1763850146002,225637326785
1763850147002,225756535465
1763850148002,225882756577
1763850149002,226008309967
1763850150002,226134638501
1763850151002,226257989442
1763850152002,226385412395
1763850153002,226514900161
1763850154002,226641643123
1763850155002,226770132845
1763850156002,226899968084
1763850157002,227031187170
1763850158002,227160587534
1763850159002,227290029281
1763850160002,227418330161
1763850161002,227545352174
1763850162002,227670507677
1763850163002,227797106901
1763850164002,227925534001
1763850165002,228053953655
1763850166002,228179452297
1763850167002,228303874708
1763850168002,228428599852
1763850169002,228554491925
1763850170002,228681639427
1763850171002,228811460383
1763850172002,228939582858
1763850173002,229068895637
1763850174002,229194896230
1763850175002,229319773291
1763850176002,229444691123
1763850177002,229577281238
1763850178002,229707461752
1763850179002,229836839777
1763850180002,229964631198
1763850181002,230093576181
1763850182002,230221139209
1763850183002,230343748026
1763850184002,230468549342
1763850185002,230596480716
1763850186002,230723478194
1763850187002,230851586325
1763850188002,230980308652
1763850189002,231109032749
1763850190002,231236414930
1763850191002,231363112970
1763850192002,231490480136
1763850193002,231619749215
1763850194002,231747624070
1763850195002,231874287442
1763850196002,232000907235
1763850197002,232128004139
1763850198002,232256198208
1763850199002,232384378910
1763850200002,232511230270
1763850201002,232638173670
1763850202002,232767213135
1763850203002,232895691932
1763850204002,233022918779
1763850205002,233149509520
1763850206002,233275837321
1763850207002,233404669999
1763850208002,233532455255
1763850209002,233659147924
1763850210002,233784163595
1763850211002,233909595708
1763850212002,234037950727
1763850213002,234164811669
1763850214002,234290983709
1763850215002,234415823661
1763850216002,234540939917
1763850217002,234664181911
1763850218002,234788623243
1763850219002,234913475402
1763850220002,235038422164
1763850221002,235162889863
1763850222002,235287268146
1763850223002,235412138127
1763850224002,235536539969
1763850225002,235661187721
1763850226002,235784179227
1763850227002,235907995866
1763850228002,236032269962
1763850229002,236156334525
1763850230002,236280922218
1763850231002,236405544519
1763850232002,236530337779
1763850233002,236654544309
1763850234002,236778377793
1763850235002,236903894195
1763850236002,237022612397
1763850237002,237141337923
1763850238002,237261727386
1763850239002,237384153403
1763850240002,237501353176
1763850241002,237618682588
1763850242002,237735334755
1763850243002,237853194927
1763850244002,237972210430
1763850245002,238090718855
1763850246002,238214083712
1763850247002,238338185873
1763850248002,238460398939
1763850249002,238584032167
1763850250002,238706023249
1763850251002,238831197245
1763850252002,238956885888
1763850253002,239081604868
1763850254002,239205891354
1763850255002,239330188887
1763850256002,239448300585
1763850257002,239566423756
1763850258002,239685923450
1763850259002,239806762863
1763850260002,239926806562
1763850261002,240043665454
1763850262002,240162282033
1763850263002,240281127554
1763850264002,240398999994
1763850265002,240516001464
1763850266002,240635180908
1763850267002,240755422727
1763850268002,240878465075
1763850269002,241001309914
1763850270002,241120471047
1763850271002,241238781230
1763850272002,241362856596
1763850273002,241487392349
1763850274002,241610484624
1763850275002,241730336796
1763850276002,241852285214
1763850277002,241973964712
1763850278002,242096161970
1763850279002,242216536601
1763850280002,242334712690
1763850281002,242454447491
1763850282002,242574329813
1763850283002,242694480629
1763850284002,242812712077
1763850285002,242929642563
1763850286002,243046417106
1763850287002,243169925701
1763850288002,243291858677
1763850289002,243414368862
1763850290002,243534787132
1763850291002,243649025670
1763850292002,243762569996
1763850293002,243878016844
1763850294002,243994761297
1763850295002,244111433544
1763850296002,244230096998
1763850297002,244348712600
1763850298002,244468405775
1763850299002,244586262956
1763850300002,244705190386
1763850301002,244825990248
1763850302002,244949714235
1763850303002,245072941215
1763850304002,245195937787
1763850305002,245318649387
1763850306002,245440829372
1763850307002,245564295975
1763850308002,245685202648
1763850309002,245808810791
1763850310002,245931715811
1763850311002,246051392506
1763850312002,246171065601
1763850313002,246291350510
1763850314002,246411731305
1763850315002,246529938461
1763850316002,246648125232
1763850317002,246766416921
1763850318002,246885509389
1763850319002,247005644092
1763850320002,247121545162
1763850321002,247237079840
1763850322002,247356511724
1763850323002,247476080693
1763850324002,247594853765
1763850325002,247710341628
1763850326002,247826065026
1763850327002,247944974451
1763850328002,248060538059
1763850329002,248176974711
1763850330002,248292697926
1763850331002,248406078312
1763850332002,248517322717
1763850333002,248630448160
1763850334002,248745024465
1763850335002,248859820497
1763850336002,248974073928
1763850337002,249089277551
1763850338002,249203972876
1763850339002,249319223313
1763850340002,249433829709
1763850341002,249548624947
1763850342002,249663307637
1763850343002,249778139741
1763850344002,249892663251
1763850345002,250007539483
1763850346002,250122716800
1763850347002,250238215772
1763850348002,250352647547
1763850349002,250467288733
1763850350002,250581761707
1763850351002,250696313354
1763850352002,250810599805
1763850353002,250925499047
1763850354002,251039988073
1763850355002,251153623524
1763850356002,251263677442
1763850357002,251375574250
1763850358002,251486540152
1763850359002,251598082347
1763850360002,251709115815
1763850361002,251820290397
1763850362002,251932177134
1763850363002,252043241120
1763850364002,252154567007
1763850365002,252266469064
1763850366002,252377398712
1763850367002,252488842030
1763850368002,252599853525
1763850369002,252711405608
1763850370002,252822979968
1763850371002,252934383248
1763850372002,253045119658
1763850373002,253156348927
1763850374002,253266278272
1763850375002,253376008094
1763850376002,253485864380
1763850377002,253596267906
1763850378002,253707054915
1763850379002,253817627507
1763850380002,253927872648
1763850381002,254037962026
1763850382002,254148211012
1763850383002,254258719396
1763850384002,254368989011
1763850385002,254479155416
1763850386002,254589128584
1763850387002,254699356390
1763850388002,254809484465
1763850389002,254920281057
1763850390002,255030690625
1763850391002,255141285740
1763850392002,255252279657
1763850393002,255362661333
1763850394002,255472855326
1763850395002,255582663821
1763850396002,255692256375
1763850397002,255802863209
1763850398002,255912462843
1763850399002,256022779089
1763850400002,256132783873
1763850401002,256242248131
1763850402002,256352931991
1763850403002,256460334731
1763850404002,256563419489
1763850405002,256666877965
1763850406002,256773220161
1763850407002,256882211947
1763850408002,256993255852
1763850409002,257105464611
1763850410002,257217192962
1763850411002,257328587330
1763850412002,257440808845
1763850413002,257552128506
1763850414002,257667909704
1763850415002,257791061366
1763850416002,257911066796
1763850417002,258031505758
1763850418002,258152032976
1763850419002,258270847125
1763850420002,258389557454
1763850421002,258509060627
1763850422002,258630208083
1763850423002,258750385570
1763850424002,258871112617
1763850425002,258991346990
1763850426002,259113592038
1763850427002,259236162586
1763850428002,259355093434
1763850429002,259474725208
1763850430002,259595938948
1763850431002,259718945347
1763850432002,259839151582
1763850433002,259956770299
1763850434002,260074616555
1763850435002,260196188815
1763850436002,260320066977
1763850437002,260443405345
1763850438002,260565222355
1763850439002,260688544183
1763850440002,260813026591
1763850441002,260932238383
1763850442002,261051846659
1763850443002,261168626816
1763850444002,261283977534
1763850445002,261399972232
1763850446002,261515460950
1763850447002,261631685018
1763850448002,261748548488
1763850449002,261865348116
1763850450002,261981918985
1763850451002,262096830922
1763850452002,64963761
1763850453002,178855987
1763850454002,294609353
1763850455002,410630540
1763850456002,526687067
1763850457002,643013429
1763850458002,758726695
1763850459002,878263071
1763850460002,998289863
1763850461002,1118218145
1763850462002,1238916933
1763850463002,1360210324
1763850464002,1482977526
1763850465002,1602453051
1763850466002,1722262924
1763850467002,1843476542
1763850468002,1964000709
1763850469002,2085221407
1763850470002,2207671228
1763850471002,2329335772
1763850472002,2450203871
1763850473002,2570941233
1763850474002,2693390138
1763850475002,2815798638
1763850476002,2936505177
1763850477002,3058818768
1763850478002,3179208352
1763850479002,3301060580
1763850480002,3423034938
1763850481002,3543204125
1763850482002,3664089435
1763850483002,3784815811
1763850484002,3905858897
1763850485002,4025330576
1763850486002,4145082894
1763850487002,4265249212
1763850488002,4385730044
1763850489002,4507226803
1763850490002,4627128962
1763850491002,4746313716
1763850492002,4865839044
1763850493002,4987394886
1763850494002,5107239855
1763850495002,5225712208
1763850496002,5344396230
1763850497002,5462230340
1763850498002,5576483099
1763850499002,5693329052
1763850500002,5812001112
1763850501002,5932555247
1763850502002,6057339412
1763850503002,6179185719
1763850504002,6301194562
1763850505002,6423605198
1763850506002,6545121489
1763850507002,6666921958
1763850508002,6788384599
1763850509002,6910490976
1763850510002,7034819149
1763850511002,7158811202
1763850512002,7282105137
1763850513002,7405673363
1763850514002,7527809830
1763850515002,7644724203
1763850516002,7761138822
1763850517002,7879923613
1763850518002,7998692841
1763850519003,8118347564
1763850520002,8239979393
1763850521002,8361842424
1763850522002,8483725962
1763850523002,8599950091
1763850524002,8713617646
1763850525002,8829997048
1763850526002,8948661112
1763850527002,9066534834
1763850528002,9181706719
1763850529002,9297871644
1763850530002,9415569340
1763850531002,9533335640
1763850532002,9649867080
1763850533002,9768421159
1763850534002,9887533098
1763850535002,10010756659
1763850536002,10132859069
1763850537002,10253469417
1763850538002,10373680535
1763850539002,10491159116
1763850540002,10611919854
1763850541002,10734107896
1763850542002,10853832992
1763850543002,10974151654
1763850544002,11093352155
1763850545002,11211997359
1763850546002,11333154641
1763850547002,11458564843
1763850548002,11580754166
1763850549002,11702661081
1763850550002,11825747741
1763850551002,11948392507
1763850552002,12069916549
1763850553002,12191020426
1763850554002,12313133456
1763850555002,12434141020
1763850556002,12554317531
1763850557002,12676684771
1763850558002,12796181169
1763850559002,12914931659
1763850560002,13036183485
1763850561002,13162343013
1763850562002,13286678937
1763850563002,13409239903
1763850564002,13531847560
1763850565002,13654247820
1763850566002,13775118422
1763850567002,13896643867
1763850568002,14020367611
1763850569002,14145295880
1763850570004,14269099274
1763850571002,14390349207
1763850572002,14504820716
1763850573002,14618998647
1763850574002,14737566519
1763850575002,14856975943
1763850576002,14979005049
1763850577002,15104360746
1763850578002,15227313801
1763850579002,15352527714
1763850580002,15472387087
1763850581002,15594268428
1763850582002,15718495710
1763850583002,15841912508
1763850584002,15965370566
1763850585002,16091978396
1763850586002,16217687486
1763850587002,16343516510
1763850588002,16468706497
1763850589002,16593950073
1763850590002,16722056434
1763850591002,16850753859
1763850592002,16977702447
1763850593002,17105872651
1763850594002,17234353585
1763850595002,17361068287
1763850596002,17489474086
1763850597002,17615979561
1763850598002,17738020020
1763850599002,17862418078
1763850600002,17988846282
1763850601002,18113934524
1763850602002,18237037114
1763850603002,18365009137
1763850604002,18494544267
1763850605002,18624210866
1763850606002,18751865630
1763850607002,18879711311
1763850608002,19005607412
1763850609002,19128699626
1763850610002,19247164594
1763850611002,19368334083
1763850612002,19491334623
1763850613002,19612487084
1763850614002,19734045183
1763850615002,19857260505
1763850616002,19982041375
1763850617002,20106555277
1763850618002,20232748252
1763850619002,20361382017
1763850620002,20488546670
1763850621002,20616672135
1763850622002,20745116325
1763850623002,20870202309
1763850624002,20996303854
1763850625002,21125049374
1763850626002,21251803932
1763850627002,21380529677
1763850628002,21508919973
1763850629002,21639451560
1763850630002,21770674735
1763850631002,21898376984
1763850632002,22026013620
1763850633002,22155727460
1763850634002,22285797013
1763850635002,22416105212
1763850636002,22543277555
1763850637002,22671897098
1763850638002,22801257424
1763850639002,22932112680
1763850640002,23059966662
1763850641002,23183401526
1763850642002,23307957543
1763850643002,23439962576
1763850644002,23573282364
1763850645002,23703126819
1763850646002,23830944668
1763850647002,23960504395
1763850648002,24088518960
1763850649002,24214977926
1763850650002,24342864561
1763850651002,24462777707
1763850652002,24583959281
1763850653002,24705334764
1763850654002,24824470811
1763850655002,24945082258
1763850656002,25067199011
1763850657002,25187686434
1763850658002,25308735075
1763850659002,25433382094
1763850660002,25557303713
1763850661002,25681069021
1763850662002,25805122903
1763850663002,25931620382
1763850664002,26057399113
1763850665002,26183443651
1763850666002,26308836457
1763850667002,26434761672
1763850668002,26560311216
1763850669002,26685988507
1763850670002,26806827614
1763850671002,26925756936
1763850672002,27044383097
1763850673002,27163181987
1763850674002,27282372478
1763850675002,27400942182
1763850676002,27521326151
1763850677002,27643456271
1763850678002,27766842796
1763850679002,27890799998
1763850680002,28014582335
1763850681002,28138977585
1763850682002,28260236979
1763850683002,28377644027
1763850684002,28497901837
1763850685002,28621119844
1763850686002,28743504175
1763850687002,28866037675
1763850688002,28988589058
1763850689002,29114473318
1763850690002,29239372961
1763850691002,29362967433
1763850692002,29484111349
1763850693002,29607565195
1763850694002,29733881949
1763850695002,29858771034
1763850696002,29981659086
1763850697002,30106400222
1763850698002,30230868592
1763850699002,30355675890
1763850700002,30480388644
1763850701002,30603095239
1763850702002,30725482194
1763850703002,30846300916
1763850704002,30967465156
1763850705002,31092778068
1763850706002,31218859532
1763850707002,31344100911
1763850708002,31467482187
1763850709002,31592926629
1763850710002,31717858499
1763850711002,31840169709
1763850712002,31962270959
1763850713002,32083278218
1763850714002,32205021741
1763850715002,32330933406
1763850716002,32455966778
1763850717002,32581838526
1763850718002,32701479394
1763850719002,32828199589
1763850720002,32953345815
1763850721002,33074922224
1763850722002,33189906610
1763850723002,33308066647
1763850724002,33427947200
1763850725002,33548065789
1763850726002,33669514025
1763850727002,33792964332
1763850728002,33915887784
1763850729002,34039785233
1763850730002,34163729129
1763850731002,34282900638
1763850732002,34402025455
1763850733002,34522065492
1763850734002,34640941348
1763850735002,34760596376
1763850736002,34878135565
1763850737002,34996872382
1763850738002,35118600342
1763850739002,35241481558
1763850740002,35365652322
1763850741002,35488348785
1763850742002,35610997092
1763850743002,35732598465
1763850744002,35853138745
1763850745002,35975634525
1763850746002,36098413813
1763850747002,36221883223
1763850748002,36344912388
1763850749002,36466405852
1763850750002,36587221155
1763850751002,36708122579
1763850752002,36829272660
1763850753002,36953301822
1763850754002,37078620471
1763850755002,37199682905
1763850756002,37316551014
1763850757002,37438353620
1763850758002,37560667394
1763850759002,37678788429
1763850760002,37796788738
1763850761002,37919552400
1763850762002,38041697107
1763850763002,38163731219
1763850764002,38281537985
1763850765002,38400647482
1763850766002,38520787311
1763850767002,38641550491
1763850768002,38761863904
1763850769002,38881519359
1763850770002,39002310493
1763850771002,39122043524
1763850772002,39246712455
1763850773002,39371123758
1763850774002,39494587248
1763850775002,39617116414
1763850776002,39742020757
1763850777002,39865894158
1763850778002,39988160264
1763850779002,40111399267
1763850780002,40235583153
1763850781002,40363365541
1763850782002,40491170207
1763850783002,40619112750
1763850784002,40746301878
1763850785002,40872719584
1763850786002,40998830711
1763850787002,41125175419
1763850788002,41252842512
1763850789002,41380694236
1763850790002,41506881657
1763850791002,41631982777
1763850792002,41758962310
1763850793002,41886635506
1763850794002,42013288869
1763850795002,42139113864
1763850796002,42264971086
1763850797002,42391738950
1763850798002,42513989369
1763850799002,42636302105
1763850800002,42758922580
1763850801002,42883863361
1763850802002,43010992491
1763850803002,43137185527
1763850804002,43261478788
1763850805002,43384793658
1763850806002,43509650822
1763850807002,43637564129
1763850808002,43763428980
1763850809002,43887372267
1763850810002,44010805056
1763850811002,44128873357
1763850812002,44247551887
1763850813002,44369832030
1763850814002,44493393237
1763850815002,44616229776
1763850816002,44739195220
1763850817002,44861980917
1763850818002,44984830151
1763850819002,45109795895
1763850820002,45233231614
1763850821002,45356113990
1763850822002,45479060270
1763850823002,45602754838
1763850824002,45726349431
1763850825002,45850051568
1763850826002,45973731428
1763850827002,46097850250
1763850828002,46221238057
1763850829002,46338812524
1763850830002,46455120698
1763850831002,46571525185
1763850832002,46689831035
1763850833002,46809435770
1763850834002,46928996011
1763850835002,47051021028
1763850836002,47171526701
1763850837002,47292657189
1763850838002,47413319966
1763850839002,47534167496
1763850840002,47658174930
1763850841002,47780981134
1763850842002,47902588001
1763850843002,48024854167
1763850844002,48147770845
1763850845002,48269614771
1763850846002,48391605182
1763850847002,48513349438
1763850848002,48634811651
1763850849002,48756044190
1763850850002,48877617060
1763850851002,48999310047
1763850852002,49120901349
1763850853002,49242528357
1763850854002,49362499974
1763850855002,49482315280
1763850856002,49602547455
1763850857002,49723044339
1763850858002,49842644008
1763850859002,49960718230
1763850860002,50078682711
1763850861002,50201418847
1763850862002,50324856580
1763850863002,50447292546
1763850864002,50567726564
1763850865002,50688925594
1763850866002,50810494436
1763850867002,50930953112
1763850868002,51050940232
1763850869002,51170761214
1763850870002,51291359904
1763850871002,51405061456
1763850872002,51518903938
1763850873002,51634364336
1763850874002,51750589075
1763850875002,51867315705
1763850876002,51986202608
1763850877002,52104786472
1763850878002,52222693580
1763850879002,52340739542
1763850880002,52458322249
1763850881002,52579549294
1763850882002,52701307100
1763850883002,52820286898
1763850884002,52935692182
1763850885002,53044178659
1763850886002,53151626321
1763850887002,53258321727
1763850888002,53370473051
1763850889002,53484310711
1763850890002,53601448107
1763850891002,53717730463
1763850892002,53833768923
1763850893002,53952567935
1763850894002,54068939158
1763850895002,54191265017
1763850896002,54317081712
1763850897002,54439549416
1763850898002,54560095555
1763850899002,54682829494
1763850900002,54803808249
1763850901002,54927498423
1763850902002,55050700012
1763850903002,55175213243
1763850904002,55299058141
1763850905002,55422070826
1763850906002,55544292498
1763850907002,55666177928
1763850908002,55788425479
1763850909002,55911447015
1763850910002,56034036362
1763850911002,56157443760
1763850912002,56279395047
1763850913002,56401501852
1763850914002,56518630824
1763850915002,56636346831
1763850916002,56756354886
1763850917002,56883220345
1763850918002,57007471675
1763850919002,57126374019
1763850920002,57245272213
1763850921002,57368648362
1763850922002,57489334699
1763850923002,57606698595
1763850924002,57725110463
1763850925002,57845706345
1763850926002,57966679851
1763850927002,58086772256
1763850928002,58207858433
1763850929002,58328138582
1763850930002,58447297762
1763850931002,58569118678
1763850932002,58688367396
1763850933002,58809071128
1763850934002,58931663099
1763850935002,59053664435
1763850936002,59176950008
1763850937002,59301335370
1763850938002,59423557408
1763850939002,59542238379
1763850940002,59662748141
1763850941002,59786335777
1763850942002,59910741891
1763850943002,60033658935
1763850944002,60156377432
1763850945002,60279712077
1763850946002,60403633024
1763850947002,60526694294
1763850948002,60649531809
1763850949002,60773527341
1763850950002,60898648176
1763850951002,61023022125
1763850952002,61146974688
1763850953002,61270942938
1763850954002,61396276663
1763850955002,61521053992
1763850956002,61642234041
1763850957002,61763905665
1763850958002,61883929528
1763850959002,62006554214
1763850960002,62127192638
1763850961002,62247013987
1763850962002,62367319221
1763850963002,62483852919
1763850964002,62599410301
1763850965002,62719953389
1763850966002,62841618910
1763850967002,62961230115
1763850968002,63080470288
1763850969002,63200222240
1763850970002,63321139533
1763850971002,63440942510
1763850972002,63561493288
1763850973002,63680579164
1763850974002,63801980648
1763850975002,63923085929
1763850976002,64043152882
1763850977002,64162416554
1763850978002,64278908199
1763850979002,64394584294
1763850980002,64513337714
1763850981002,64633136723
1763850982002,64752934390
1763850983002,64871612614
1763850984002,64990191229
1763850985002,65107960947
1763850986002,65227065806
1763850987002,65346447336
1763850988002,65465475291
1763850989002,65583592603
1763850990002,65703685924
1763850991002,65816008329
1763850992002,65928000291
1763850993002,66041387574
1763850994002,66156459301
1763850995002,66271272483
1763850996002,66386780000
1763850997002,66507535733
1763850998002,66628619591
1763850999002,66749452778
1763851000002,66870304458
1763851001002,66989823927
1763851002002,67113500613
1763851003002,67236665092
1763851004002,67358529649
1763851005002,67481349647
1763851006002,67602681978
1763851007002,67724918481
1763851008002,67847648575
1763851009002,67971133732
1763851010002,68094185297
1763851011002,68217142685
1763851012002,68340340307
1763851013002,68464730735
1763851014002,68588274914
1763851015002,68716029591
1763851016002,68841901645
1763851017002,68969471142
1763851018002,69095496210
1763851019002,69221820106
1763851020002,69346343285
1763851021002,69469179580
1763851022002,69593524965
1763851023002,69721239298
1763851024002,69850673110
1763851025002,69979582204
1763851026002,70107692350
1763851027002,70239155514
1763851028002,70366679418
1763851029002,70491487510
1763851030002,70616792059
1763851031002,70745299787
1763851032002,70873248129
1763851033002,70998971928
1763851034002,71123589956
1763851035002,71248310767
1763851036002,71365146650
1763851037002,71484554853
1763851038002,71603869916
1763851039002,71726129613
1763851040002,71849913781
1763851041002,71976177190
1763851042002,72100042535
1763851043002,72223042586
1763851044002,72347349763
1763851045002,72472529435
1763851046002,72598646239
1763851047002,72725784341
1763851048002,72850839990
1763851049002,72975992380
1763851050002,73099133788
1763851051002,73218678038
1763851052002,73338181638
1763851053002,73455625673
1763851054002,73569409806
1763851055002,73687977190
1763851056002,73808904615
1763851057002,73932389040
1763851058002,74055609733
1763851059002,74179040325
1763851060002,74301398777
1763851061002,74424678429
1763851062002,74549880318
1763851063002,74675305717
1763851064002,74798723859
1763851065002,74923102507
1763851066002,75052032536
1763851067002,75179345870
1763851068002,75305285855
1763851069002,75431912911
1763851070002,75560344895
1763851071002,75684939852
1763851072002,75810490800
1763851073002,75935193300
1763851074002,76060038623
1763851075002,76180530380
1763851076002,76302044900
1763851077002,76423221348
1763851078002,76544422881
1763851079002,76665500574
1763851080002,76785814292
1763851081002,76904205895
1763851082002,77021261870
1763851083002,77141561306
1763851084002,77263981952
1763851085002,77383913407
1763851086002,77502296344
1763851087002,77621341755
1763851088002,77740446186
1763851089002,77857785241
1763851090002,77976196193
1763851091002,78094665799
1763851092002,78212503205
1763851093002,78331481111
1763851094002,78450926545
1763851095002,78571891567
1763851096002,78694085774
1763851097002,78810424587
1763851098002,78929289822
1763851099002,79051326741
1763851100002,79173461255
1763851101002,79291582535
1763851102002,79409139912
1763851103002,79526483789
1763851104002,79644089201
1763851105002,79765764121
1763851106002,79888011062
1763851107002,80012413392
1763851108002,80133355832
1763851109002,80257277756
1763851110002,80381494601
1763851111002,80503938196
1763851112002,80629706001
1763851113002,80754371393
1763851114002,80877854414
1763851115002,81002690398
1763851116002,81126009357
1763851117002,81249164255
1763851118002,81373408443
1763851119002,81497286178
1763851120002,81621488375
1763851121002,81745338399
1763851122002,81869115060
1763851123002,81998100448
1763851124002,82125506249
1763851125002,82253519227
1763851126002,82379608321
1763851127002,82508235433
1763851128002,82629816909
1763851129002,82746578085
1763851130002,82860561619
1763851131002,82982715420
1763851132002,83105707597
1763851133002,83231934386
1763851134002,83357902814
1763851135002,83485352866
1763851136002,83609462717
1763851137002,83733550961
1763851138002,83859365641
1763851139002,83988228287
1763851140002,84116767082
1763851141002,84244303560
1763851142002,84372495797
1763851143002,84503083415
1763851144002,84633452222
1763851145002,84762915147
1763851146002,84890981470
1763851147002,85020364683
1763851148002,85149340977
1763851149002,85279488837
1763851150002,85408943156
1763851151002,85536252218
1763851152002,85664903988
1763851153002,85794284638
1763851154002,85923833623
1763851155002,86053717873
1763851156002,86181578080
1763851157002,86310590933
1763851158002,86438446868
1763851159002,86566423958
1763851160002,86697322182
1763851161002,86825196306
1763851162002,86951369200
1763851163002,87080829074
1763851164002,87209848763
1763851165002,87337769639
1763851166002,87462951997
1763851167002,87588926223
1763851168002,87717185782
1763851169002,87845010711
1763851170002,87971234754
1763851171002,88096693844
1763851172002,88219928819
1763851173002,88342531594
1763851174002,88466925806
1763851175002,88592034922
1763851176002,88716599667
1763851177002,88841659039
1763851178002,88966145659
1763851179002,89090348588
1763851180002,89214885745
1763851181002,89340066760
1763851182002,89465642305
1763851183002,89591402054
1763851184002,89716386841
1763851185002,89840989549
1763851186002,89963946571
1763851187002,90086529021
1763851188002,90208720847
1763851189002,90330676711
1763851190002,90452744880
1763851191002,90574867920
1763851192002,90697860281
1763851193002,90821360087
1763851194002,90943707002
1763851195002,91065980798
1763851196002,91187105671
1763851197002,91304639916
1763851198002,91420264742
1763851199002,91536212749
1763851200002,91653684921
1763851201002,91772085070
1763851202002,91891932846
1763851203002,92006581112
1763851204002,92118690933
1763851205002,92230699069
1763851206002,92346053815
1763851207002,92461563224
1763851208002,92582214343
1763851209002,92702411607
1763851210002,92820238392
1763851211002,92939194264
1763851212002,93055536069
1763851213002,93175617426
1763851214002,93297780444
1763851215002,93417835312
1763851216002,93537171371
1763851217002,93657356366
1763851218002,93777872598
1763851219002,93897992286
1763851220002,94017222633
1763851221002,94137034277
1763851222002,94257450289
1763851223002,94376608431
1763851224002,94495852877
1763851225002,94615656464
1763851226002,94734084933
1763851227002,94851021951
1763851228002,94967110826
1763851229002,95089147013
1763851230002,95211988617
1763851231002,95335102377
1763851232002,95453798301
1763851233002,95573182578
1763851234002,95685199686
1763851235002,95801093615
1763851236002,95918701102
1763851237002,96037100091
1763851238002,96149763316
1763851239002,96262272610
1763851240002,96372815662
1763851241002,96486622561
1763851242002,96598231833
1763851243002,96714584075
1763851244002,96835777124
1763851245002,96956138815
1763851246002,97074632164
1763851247002,97194212913
1763851248002,97317330639
1763851249002,97439475896
1763851250002,97560982543
1763851251002,97683739919
1763851252002,97807985755
1763851253002,97933293296
1763851254002,98059021246
1763851255002,98182727228
1763851256002,98305020677
1763851257002,98427791969
1763851258002,98553088462
1763851259002,98679057805
1763851260002,98802288569
1763851261002,98925230332
1763851262002,99047549233
1763851263002,99172549401
1763851264002,99296461193
1763851265002,99423558890
1763851266002,99545521041
1763851267002,99674975300
1763851268002,99804462151
1763851269002,99932783905
1763851270002,100056254597
1763851271002,100180482550
1763851272002,100308485763
1763851273002,100434380948
1763851274002,100557996660
1763851275002,100681829228
1763851276002,100803957761
1763851277002,100932157872
1763851278002,101057315450
1763851279002,101182895390
1763851280002,101307799306
1763851281002,101427147145
1763851282002,101548227157
1763851283002,101672432711
1763851284002,101796841145
1763851285002,101922078068
1763851286002,102047907030
1763851287002,102176599022
1763851288002,102303250065
1763851289002,102430095078
1763851290002,102556348172
1763851291002,102683134469
1763851292002,102811093553
1763851293002,102936662262
1763851294002,103062133316
1763851295002,103188671444
1763851296002,103316500218
1763851297002,103444108961
1763851298002,103569184752
1763851299002,103694130965
1763851300002,103821147181
1763851301002,103948337407
1763851302002,104074317187
1763851303002,104199151950
1763851304002,104324214801
1763851305002,104452174374
1763851306002,104579045326
1763851307002,104703690453
1763851308002,104827957286
1763851309002,104951479614
1763851310002,105075504626
1763851311002,105200008397
1763851312002,105324478415
1763851313002,105448678475
1763851314002,105570586000
1763851315002,105691800839
1763851316002,105814924913
1763851317002,105939565036
1763851318002,106063990926
1763851319002,106187827096
1763851320002,106311225218
1763851321002,106435608383
1763851322002,106559498081
1763851323002,106682190943
1763851324002,106805995863
1763851325002,106928033453
1763851326002,107050009947
1763851327002,107173021168
1763851328002,107295713054
1763851329002,107418421602
1763851330002,107541259422
1763851331002,107664109083
1763851332002,107786584722
1763851333002,107909272945
1763851334002,108031636463
1763851335002,108153952495
1763851336002,108275758457
1763851337002,108399000390
1763851338002,108521076006
1763851339002,108643182199
1763851340002,108765877686
1763851341002,108888480400
1763851342002,109011129622
1763851343002,109134212620
1763851344002,109257518212
1763851345002,109380092239
1763851346002,109502301643
1763851347002,109624637267
1763851348002,109747299734
1763851349002,109871116190
1763851350002,109993491059
1763851351002,110114701382
1763851352002,110235733359
1763851353002,110347413188
1763851354003,110463183766
1763851355002,110571624345
1763851356002,110681105449
1763851357002,110791157413
1763851358002,110905857987
1763851359002,111023341084
1763851360002,111145990978
1763851361002,111266436836
1763851362002,111387095585
1763851363002,111507856629
1763851364002,111631444691
1763851365002,111756578526
1763851366002,111881939533
1763851367002,112007447391
1763851368002,112132034535
1763851369002,112258446016
1763851370002,112385730480
1763851371002,112511799127
1763851372002,112636457743
1763851373002,112761320461
1763851374002,112887336007
1763851375002,113013274161
1763851376002,113137272440
1763851377002,113262204310
1763851378002,113386935741
1763851379002,113506766917
1763851380002,113625501476
1763851381002,113745725167
1763851382002,113859783957
1763851383002,113973080481
1763851384002,114084986200
1763851385002,114196779860
1763851386002,114316935619
1763851387002,114438897404
1763851388002,114562889640
1763851389002,114685002792
1763851390002,114811197293
1763851391002,114935306778
1763851392002,115057836188
1763851393002,115183277334
1763851394002,115305756391
1763851395002,115430036224
1763851396002,115555681044
1763851397002,115677777228
1763851398002,115799403870
1763851399002,115922045157
1763851400002,116045317669
1763851401002,116169566374
1763851402002,116292478596
1763851403002,116418065982
1763851404002,116543576525
1763851405002,116669902374
1763851406002,116796412121
1763851407002,116922456659
1763851408002,117046180524
1763851409002,117169671724
1763851410002,117294326495
1763851411002,117422157162
1763851412002,117550275913
1763851413002,117677715773
1763851414002,117803047544
1763851415002,117927630599
1763851416002,118050334326
1763851417002,118175867390
1763851418002,118299442025
1763851419002,118425567557
1763851420002,118548905376
1763851421002,118672441314
1763851422002,118796838823
1763851423002,118918960398
1763851424002,119042412413
1763851425002,119163145686
1763851426002,119283153984
1763851427002,119402071466
1763851428002,119522300467
1763851429002,119643832321
1763851430002,119764818889
1763851431002,119883855144
1763851432002,120002965923
1763851433002,120117692070
1763851434002,120235739131
1763851435002,120354167783
1763851436002,120472384888
1763851437002,120590531802
1763851438002,120708203498
1763851439002,120826552133
1763851440002,120943643935
1763851441002,121060262533
1763851442002,121178082727
1763851443002,121296163785
1763851444002,121413125033
1763851445002,121531580479
1763851446002,121650024878
1763851447002,121768845375
1763851448002,121886246075
1763851449002,122004505172
1763851450002,122122322864
1763851451002,122240726186
1763851452002,122359270255
1763851453002,122478449088
1763851454002,122597023675
1763851455002,122715308833
1763851456002,122833388243
1763851457002,122951262758
1763851458002,123068645819
1763851459002,123187804755
1763851460002,123306358163
1763851461002,123423766920
1763851462002,123542098038
1763851463002,123660546038
1763851464002,123779176593
1763851465002,123897564962
1763851466002,124015303308
1763851467002,124133675686
1763851468002,124252480008
1763851469002,124364934676
1763851470002,124475794195
1763851471002,124586535122
1763851472002,124697824693
1763851473002,124811773925
1763851474002,124927116159
1763851475002,125041161094
1763851476002,125154670753
1763851477002,125270707382
1763851478002,125384616758
1763851479002,125499862252
1763851480002,125618665842
1763851481002,125736224073
1763851482002,125851795433
1763851483002,125969646755
1763851484002,126086995392
1763851485002,126203703590
1763851486002,126320586408
1763851487002,126437168690
1763851488002,126553737972
1763851489002,126670452883
1763851490002,126788058478
1763851491002,126905213696
1763851492002,127022832108
1763851493002,127140657734
1763851494002,127258830039
1763851495002,127376220180
1763851496002,127493154695
1763851497002,127610424048
1763851498002,127724975208
1763851499002,127839976195
1763851500002,127956307135
1763851501002,128076553531
1763851502002,128194886358
1763851503002,128310835585
1763851504002,128429136003
1763851505002,128540766637
1763851506002,128648774906
1763851507002,128760215172
1763851508002,128873375039
1763851509002,128986042841
1763851510002,129102028201
1763851511002,129216951735
1763851512002,129332735679
1763851513002,129447416660
1763851514002,129559087029
1763851515002,129674515627
1763851516002,129790575511
1763851517002,129910641182
1763851518002,130032095705
1763851519002,130151552187
1763851520002,130270689272
1763851521002,130389731448
1763851522002,130509925598
1763851523002,130627736637
1763851524002,130747852906
1763851525002,130864644416
1763851526002,130986818664
1763851527002,131108478143
1763851528002,131229290700
1763851529002,131351122602
1763851530002,131472540809
1763851531002,131593705233
1763851532002,131713706024
1763851533002,131834252286
1763851534002,131953818264
1763851535002,132072170683
1763851536002,132194578756
1763851537002,132317655040
1763851538002,132440764100
1763851539002,132563246574
1763851540002,132684461291
1763851541002,132805851300
1763851542002,132926751686
1763851543002,133043357039
1763851544002,133158498774
1763851545002,133275906920
1763851546002,133395464964
1763851547002,133515795466
1763851548002,133634716854
1763851549002,133753971492
1763851550002,133874810172
1763851551002,133997874799
1763851552002,134120286656
1763851553002,134245673053
1763851554002,134371556276
1763851555002,134495590443
1763851556002,134619200845
1763851557002,134745368918
1763851558002,134870768438
1763851559002,134996288014
1763851560002,135123374603
1763851561002,135251052132
1763851562002,135378525073
1763851563002,135507641624
1763851564002,135636663389
1763851565002,135763570718
1763851566002,135890419148
1763851567002,136019448053
1763851568002,136148530243
1763851569002,136276831245
1763851570002,136404379807
1763851571002,136530903714
1763851572002,136660829529
1763851573002,136790166723
1763851574002,136916839738
1763851575002,137044111202
1763851576002,137173393036
1763851577002,137303407962
1763851578002,137431293499
1763851579002,137558072472
1763851580002,137684665165
1763851581002,137813611673
1763851582002,137943267164
1763851583002,138070297906
1763851584002,138198048067
1763851585002,138323536027
1763851586002,138450094480
1763851587002,138574596847
1763851588002,138697838169
1763851589002,138821490136
1763851590002,138939512355
1763851591002,139058617519
1763851592002,139180958515
1763851593002,139303505503
1763851594002,139426393433
1763851595002,139548903618
1763851596002,139672120770
1763851597002,139794901645
1763851598002,139917594935
1763851599002,140038174643
1763851600002,140159797440
1763851601002,140282821661
1763851602002,140405502865
1763851603002,140528309802
1763851604002,140652170263
1763851605002,140775707667
1763851606002,140900317272
1763851607002,141023232363
1763851608002,141146051873
1763851609002,141268242417
1763851610002,141391342932
1763851611002,141514576686
1763851612002,141638035171
1763851613002,141760357185
1763851614002,141883351743
1763851615002,142004662285
1763851616002,142125961351
1763851617002,142242636407
1763851618002,142359676268
1763851619002,142478094056
1763851620002,142597067506
1763851621002,142717751157
1763851622002,142838166681
1763851623002,142958515433
1763851624002,143079451281
1763851625002,143199009569
1763851626002,143320682475
1763851627002,143444646513
1763851628002,143567574970
1763851629002,143683815273
1763851630002,143798341775
1763851631002,143913801074
1763851632002,144028752257
1763851633002,144142134596
1763851634002,144253621920
1763851635002,144367156053
1763851636002,144484308341
1763851637002,144601756832
1763851638002,144721243465
1763851639002,144839685666
1763851640002,144957429384
1763851641002,145075406315
1763851642002,145192459910
1763851643002,145313197882
1763851644002,145435476133
1763851645002,145560355269
1763851646002,145681521768
1763851647002,145803526522
1763851648002,145926235863
1763851649002,146053157902
1763851650002,146178593738
1763851651002,146303250462
1763851652002,146427847616
1763851653002,146554500796
1763851654002,146679722948
1763851655002,146803867040
1763851656002,146930266618
1763851657002,147057249936
1763851658002,147181941755
1763851659002,147308452479
1763851660002,147435907475
1763851661002,147563032332
1763851662002,147686520481
1763851663002,147803536966
1763851664002,147917359550
1763851665002,148036606926
1763851666002,148154306881
1763851667002,148270284550
1763851668002,148384732255
1763851669002,148502767414
1763851670002,148621600850
1763851671002,148741760150
1763851672002,148862921400
1763851673002,148982306592
1763851674002,149103817023
1763851675002,149228128595
1763851676002,149356608918
1763851677002,149483816844
1763851678002,149607566527
1763851679002,149733784038
1763851680002,149861670308
1763851681002,149990186458
1763851682002,150121187038
1763851683002,150248875493
1763851684002,150372436639
1763851685002,150500786530
1763851686002,150627675488
1763851687002,150755708607
1763851688002,150882795928
1763851689002,151009150097
1763851690002,151137310963
1763851691002,151265396145
1763851692002,151394170108
1763851693002,151522820474
1763851694002,151645741424
1763851695002,151766199185
1763851696002,151890966382
1763851697002,152019776355
1763851698002,152149768820
1763851699002,152277874144
1763851700002,152404120769
1763851701002,152530803123
1763851702002,152657139042
1763851703002,152786872597
1763851704002,152917884286
1763851705002,153047388104
1763851706002,153175627888
1763851707002,153305603386
1763851708002,153432789156
1763851709002,153556854635
1763851710002,153681586249
1763851711002,153805090266
1763851712002,153930691324
1763851713002,154058673968
1763851714002,154185733213
1763851715002,154315038485
1763851716002,154443402963
1763851717002,154570705372
1763851718002,154697167084
1763851719002,154825253670
1763851720002,154953109727
1763851721002,155080754542
1763851722002,155208050481
1763851723002,155334881516
1763851724002,155463775656
1763851725002,155593216792
1763851726002,155720154394
1763851727002,155846321796
1763851728002,155973905027
1763851729002,156102180394
1763851730002,156230229627
1763851731002,156356794732
1763851732002,156483773228
1763851733002,156612041088
1763851734002,156739533255
1763851735002,156865950472
1763851736002,156991997513
1763851737002,157117686095
1763851738002,157244112163
1763851739002,157371502889
1763851740002,157496705449
1763851741002,157621809011
1763851742002,157744866435
1763851743002,157864861428
1763851744002,157986938875
1763851745002,158108655848
1763851746002,158230894610
1763851747002,158353053416
1763851748002,158474499943
1763851749002,158596704709
1763851750002,158718681874
1763851751002,158840640241
1763851752002,158963212376
1763851753002,159085677029
1763851754002,159206389915
1763851755002,159326463949
1763851756002,159441294221
1763851757002,159555972944
1763851758002,159670796563
1763851759002,159785968510
1763851760002,159901039687
1763851761002,160016000697
1763851762002,160130930151
1763851763002,160245713793
1763851764002,160360062560
1763851765002,160478590211
1763851766002,160597110843
1763851767002,160714182747
1763851768002,160826551173
1763851769002,160940127481
1763851770002,161053679620
1763851771002,161167946234
1763851772002,161286530342
1763851773002,161406289130
1763851774002,161523913340
1763851775002,161645036016
1763851776002,161766491638
1763851777002,161890557238
1763851778002,162013476357
1763851779002,162137305935
1763851780002,162260216753
1763851781002,162383832892
1763851782002,162511096848
1763851783002,162638978906
1763851784002,162761743912
1763851785002,162879770160
1763851786002,162997766135
1763851787002,163120763867
1763851788002,163243427432
1763851789002,163366548638
1763851790002,163489360640
1763851791002,163611770544
1763851792002,163734677945
1763851793002,163856337057
1763851794002,163984587827
1763851795002,164112853551
1763851796002,164242028330
1763851797002,164368432059
1763851798002,164494357274
1763851799002,164618647178
1763851800002,164744840153
1763851801002,164868986930
1763851802002,164992223309
1763851803002,165119215477
1763851804002,165247978148
1763851805002,165378726897
1763851806002,165506528816
1763851807002,165633052540
1763851808002,165759102877
1763851809002,165882964437
1763851810002,166006319590
1763851811002,166133757130
1763851812002,166260266084
1763851813002,166383623007
1763851814002,166508700201
1763851815002,166630264099
1763851816002,166750628476
1763851817002,166869765073
1763851818002,166993241868
1763851819002,167113667646
1763851820002,167240785119
1763851821002,167367865726
1763851822002,167494140855
1763851823002,167618593722
1763851824002,167741364282
1763851825002,167869634766
1763851826002,167998900732
1763851827002,168128699533
1763851828002,168256739244
1763851829002,168387041767
1763851830002,168514725583
1763851831002,168641673622
1763851832002,168770857313
1763851833002,168896902949
1763851834002,169026923979
1763851835002,169158236753
1763851836002,169288414032
1763851837002,169419904235
1763851838002,169549382724
1763851839002,169674083211
1763851840002,169799224004
1763851841002,169929908056
1763851842002,170060326424
1763851843002,170188865706
1763851844002,170315572230
1763851845002,170440614818
1763851846002,170569523668
1763851847002,170702269360
1763851848002,170832394271
1763851849002,170962909745
1763851850002,171090523860
1763851851002,171217238562
1763851852002,171344713883
1763851853002,171470965146
1763851854002,171598380042
1763851855002,171725010089
1763851856002,171853818292
1763851857002,171981361545
1763851858002,172107452958
1763851859002,172234697078
1763851860002,172363753083
1763851861002,172491471994
1763851862002,172618939258
1763851863002,172746947781
1763851864002,172872321727
1763851865002,172996710386
1763851866002,173122457623
1763851867002,173247873012
1763851868002,173373038890
1763851869002,173500642263
1763851870002,173628009429
1763851871002,173755205515
1763851872002,173880998100
1763851873002,174007500584
1763851874002,174133945634
1763851875002,174259897582
1763851876002,174386204449
1763851877002,174513126609
1763851878002,174639439579
1763851879002,174765689927
1763851880002,174892324003
1763851881002,175017476575
1763851882002,175140424564
1763851883002,175258750433
1763851884002,175378164495
1763851885002,175497930545
1763851886002,175617846986
1763851887002,175737965575
1763851888002,175860370108
1763851889002,175981898179
1763851890002,176105169286
1763851891002,176228540491
1763851892002,176351710098
1763851893002,176475280033
1763851894002,176598041438
1763851895002,176721734053
1763851896002,176847085478
1763851897002,176973181896
1763851898002,177096998839
1763851899002,177221269212
1763851900002,177343353556
1763851901002,177465349886
1763851902002,177586979519
1763851903002,177708464498
1763851904002,177828604511
1763851905002,177948274370
1763851906002,178068246170
1763851907002,178189273997
1763851908002,178309933479
1763851909002,178430848025
1763851910002,178552137082
1763851911002,178672433100
1763851912002,178789714172
1763851913002,178903822705
1763851914002,179017172024
1763851915002,179129883589
1763851916002,179244176387
1763851917002,179362239134
1763851918002,179484248526
1763851919002,179605027453
1763851920002,179724021350
1763851921002,179843295215
1763851922002,179964408857
1763851923002,180084804362
1763851924002,180201885117
1763851925002,180313598393
1763851926002,180428470047
1763851927002,180545500876
1763851928002,180662745021
1763851929002,180782163112
1763851930002,180899406647
1763851931002,181010577444
1763851932002,181122707711
1763851933002,181233740019
1763851934002,181349114724
1763851935002,181467126629
1763851936002,181585022873
1763851937002,181703848801
1763851938002,181822193103
1763851939002,181941751757
1763851940002,182060440113
1763851941002,182178587942
1763851942002,182299194933
1763851943002,182418195483
1763851944002,182540698588
1763851945002,182663287446
1763851946002,182786630758
1763851947002,182907551225
1763851948002,183029309092
1763851949002,183149915290
1763851950002,183270113468
1763851951002,183389936770
1763851952002,183510236755
1763851953002,183626430427
1763851954002,183745955329
1763851955002,183868532408
1763851956002,183992297655
1763851957002,184116655125
1763851958002,184236900117
1763851959002,184359719871
1763851960002,184478445519
1763851961002,184596623805
1763851962002,184714366241
1763851963002,184832275973
1763851964002,184949010293
1763851965002,185066798810
1763851966002,185183695545
1763851967002,185302485280
1763851968002,185418651974
1763851969002,185537450376
1763851970002,185654674319
1763851971002,185770529003
1763851972002,185891049020
1763851973002,186012881471
1763851974002,186133885190
1763851975002,186254452325
1763851976002,186374463492
1763851977002,186495807847
1763851978002,186616911663
1763851979002,186736425701
1763851980002,186853930588
1763851981002,186971809436
1763851982002,187094158244
1763851983002,187212036666
1763851984002,187333170816
1763851985002,187453490271
1763851986002,187575264984
1763851987002,187698484822
1763851988002,187819320511
1763851989002,187939348280
1763851990002,188057508683
1763851991002,188172904567
1763851992002,188289824678
1763851993002,188410602689
1763851994002,188532874288
1763851995002,188654723097
1763851996002,188775784310
1763851997002,188898363403
1763851998002,189018775082
1763851999002,189137567930
1763852000002,189258637017
1763852001002,189378669669
1763852002002,189497938956
1763852003002,189616675102
1763852004002,189736185904
1763852005002,189857587449
1763852006002,189975774769
1763852007002,190091967342
1763852008002,190207181830
1763852009002,190325174387
1763852010002,190442889906
1763852011002,190558837119
1763852012002,190675540983
1763852013002,190790868446
1763852014002,190902061887
1763852015002,191017151925
1763852016002,191132496722
1763852017002,191249124658
1763852018002,191364287571
1763852019002,191480023847
1763852020002,191595572807
1763852021002,191713576533
1763852022002,191834766042
1763852023002,191954592091
1763852024002,192074067310
1763852025002,192193888353
1763852026002,192313253892
1763852027002,192432959152
1763852028002,192552738631
1763852029002,192673724954
1763852030002,192794527684
1763852031002,192915130281
1763852032002,193037316614
1763852033002,193157455588
1763852034002,193275061550
1763852035002,193394103176
1763852036002,193515372946
1763852037002,193636811783
1763852038002,193755860734
1763852039002,193875731887
1763852040002,193995581617
1763852041002,194116658272
1763852042002,194237934207
1763852043002,194358020264
1763852044002,194477604675
1763852045002,194598876642
1763852046002,194720627551
1763852047002,194842003705
1763852048002,194960628218
1763852049002,195080331525
1763852050002,195201155679
1763852051002,195322777194
1763852052002,195443184905
1763852053002,195563256925
1763852054002,195682919582
1763852055002,195803932883
1763852056002,195923551351
1763852057002,196041512963
1763852058002,196160278895
1763852059002,196276076633
1763852060002,196390616257
1763852061002,196509319200
1763852062002,196628508836
1763852063002,196740519780
1763852064002,196851694239
1763852065002,196963378584
1763852066002,197074784122
1763852067002,197185769983
1763852068002,197296824203
1763852069002,197407951848
1763852070002,197519504358
1763852071002,197633354164
1763852072002,197749095445
1763852073002,197865263116
1763852074002,197982524291
1763852075002,198099355352
1763852076002,198216739145
1763852077002,198333515092
1763852078002,198451212544
1763852079002,198571761369
1763852080002,198689967365
1763852081002,198808149252
1763852082002,198928054097
1763852083002,199046718954
1763852084002,199163956691
1763852085002,199281349945
1763852086002,199393203053
1763852087002,199504659432
1763852088002,199619021994
1763852089002,199733503451
1763852090002,199850340249
1763852091002,199965743640
1763852092002,200082294916
1763852093002,200197871891
1763852094002,200312556412
1763852095002,200430079732
1763852096002,200549052022
1763852097002,200667332420
1763852098002,200788165729
1763852099002,200908843154
1763852100002,201027579240
1763852101002,201147041702
1763852102002,201266641799
1763852103002,201380853909
1763852104002,201497747775
1763852105002,201614528787
1763852106002,201732816875
1763852107002,201852447062
1763852108002,201968461658
1763852109002,202085894890
1763852110002,202204859673
1763852111002,202322187193
1763852112002,202440539062
1763852113002,202557537725
1763852114002,202677406010
1763852115002,202801144218
1763852116002,202928470186
1763852117002,203053833574
1763852118002,203177726201
1763852119002,203301773735
1763852120002,203424151229
1763852121002,203546044960
1763852122002,203670229457
1763852123002,203793051042
1763852124002,203914801585
1763852125002,204038493163
1763852126002,204165531900
1763852127002,204291646872
1763852128002,204415337291
1763852129002,204537626345
1763852130002,204662428577
1763852131002,204787437046
1763852132002,204911576071
1763852133002,205027668487
1763852134002,205143794776
1763852135002,205261415508
1763852136002,205381590188
1763852137002,205500544412
1763852138002,205617833663
1763852139002,205736158677
1763852140002,205855721787
1763852141002,205976624126
1763852142002,206094863814
1763852143002,206213745162
1763852144002,206331733264
1763852145002,206450849902
1763852146002,206570333239
1763852147002,206691512128
1763852148002,206810835675
1763852149002,206931453530
1763852150002,207053316499
1763852151002,207172472261
1763852152002,207292098420
1763852153002,207407894510
1763852154002,207524219224
1763852155002,207643731736
1763852156002,207762441820
1763852157002,207882040574
1763852158002,208001179795
1763852159002,208120201036
1763852160002,208239365038
1763852161002,208357924976
1763852162002,208476758656
1763852163002,208599121868
1763852164002,208720747228
1763852165002,208842784819
1763852166002,208962604702
1763852167002,209083920249
1763852168002,209201214382
1763852169002,209317731662
1763852170002,209433657268
1763852171002,209550145435
1763852172002,209667335015
1763852173002,209782672610
1763852174002,209898700389
1763852175002,210014617634
1763852176002,210130038786
1763852177002,210245960609
1763852178002,210367733857
1763852179002,210489058680
1763852180002,210612429702
1763852181002,210735693974
1763852182002,210859628471
1763852183002,210980366444
1763852184002,211101088852
1763852185002,211222246501
1763852186002,211340779583
1763852187002,211462117652
1763852188002,211585101224
1763852189002,211708116289
1763852190002,211829898509
1763852191002,211956182000
1763852192002,212080873758
1763852193002,212204922940
1763852194002,212329910230
1763852195002,212455257931
1763852196002,212578513719
1763852197002,212702308263
1763852198002,212825942651
1763852199002,212951624581
1763852200002,213075593929
1763852201002,213199157883
1763852202002,213321983130
1763852203002,213446952841
1763852204002,213572825749
1763852205002,213696440362
1763852206002,213820449993
1763852207002,213944776945
1763852208002,214070042494
1763852209002,214194797363
1763852210002,214318081227
1763852211002,214440455486
1763852212002,214565993495
1763852213002,214692026986
1763852214002,214814574707
1763852215002,214931307196
1763852216002,215046545670
1763852217002,215164287251
1763852218002,215281756250
1763852219002,215402121542
1763852220002,215522488483
1763852221002,215640350303
1763852222002,215758025355
1763852223002,215876170011
1763852224002,215993034031
1763852225002,216109656352
1763852226002,216226019885
1763852227002,216341295652
1763852228002,216456335152
1763852229002,216571538226
1763852230002,216686540801
1763852231002,216805013703
1763852232002,216923128024
1763852233002,217044150603
1763852234002,217163931729
1763852235002,217284484949
1763852236002,217404902487
1763852237002,217524360677
1763852238002,217647349498
1763852239002,217772179135
1763852240002,217893662954
1763852241002,218015182419
1763852242002,218136516825
1763852243002,218257098731
1763852244002,218381057703
1763852245002,218505699901
1763852246002,218629685179
1763852247002,218751433342
1763852248002,218873751144
1763852249002,218997556857
1763852250002,219118764371
1763852251002,219239325220
1763852252002,219360916156
1763852253002,219482005263
1763852254002,219604307501
1763852255002,219730535693
1763852256002,219854783056
1763852257002,219981262957
1763852258002,220108533871
1763852259002,220235691688
1763852260002,220360807029
1763852261002,220484112500
1763852262002,220610315363
1763852263002,220736666419
1763852264002,220860908105
1763852265002,220985026806
1763852266002,221111076288
1763852267002,221237616979
1763852268002,221361755944
1763852269002,221487046517
1763852270002,221614045398
1763852271002,221740497650
1763852272002,221866268873
1763852273002,221988662359
1763852274002,222111597896
1763852275002,222235038315
1763852276002,222358460362
1763852277002,222480718655
1763852278002,222602932149
1763852279002,222726732552
1763852280002,222850631527
1763852281002,222973691759
1763852282002,223095723062
1763852283002,223218415864
1763852284002,223342062459
1763852285002,223464868236
1763852286002,223586001654
1763852287002,223707992979
1763852288002,223830573659
1763852289002,223952750715
1763852290002,224078999293
1763852291002,224199898214
1763852292002,224315999296
1763852293002,224422995910
1763852294002,224534763690
1763852295002,224649051789
1763852296002,224767221042
1763852297002,224888326200
1763852298002,225010667135
1763852299002,225131073687
1763852300002,225253252390
1763852301002,225375384219
1763852302002,225495292908
1763852303002,225620762802
1763852304002,225745641450
1763852305002,225867793297
1763852306002,225991103162
1763852307002,226115390381
1763852308002,226239938768
1763852309002,226363206946
1763852310002,226486276638
1763852311002,226610296707
1763852312002,226734757997
1763852313002,226858775929
1763852314002,226980924054
1763852315002,227103422397
1763852316002,227226683251
1763852317002,227352558845
1763852318002,227475085936
1763852319002,227597820851
1763852320002,227720144207
1763852321002,227843883148
1763852322002,227969992139
1763852323002,228097752616
1763852324002,228224240756
1763852325002,228347750572
1763852326002,228473088508
1763852327002,228597885613
1763852328002,228720175888
1763852329002,228843519810
1763852330002,228963266208
1763852331002,229084795011
1763852332002,229210894785
1763852333002,229334426391
1763852334002,229458316210
1763852335002,229581183694
1763852336002,229706346764
1763852337002,229833507938
1763852338002,229960655683
1763852339002,230086989100
1763852340002,230210916762
1763852341002,230335853026
1763852342002,230461311689
1763852343002,230587373134
1763852344002,230712616466
1763852345002,230836739622
1763852346002,230961423385
1763852347002,231089672630
1763852348002,231215675054
1763852349002,231340780263
1763852350002,231465068519
1763852351002,231590811728
1763852352002,231717267764
1763852353002,231843528000
1763852354002,231967775972
1763852355002,232091127585
1763852356002,232217005620
1763852357002,232343117175
1763852358002,232467514928
1763852359002,232591133996
1763852360002,232715372203
1763852361002,232842187369
1763852362002,232967791052
1763852363002,233088082736
1763852364002,233205955359
1763852365002,233319796620
1763852366002,233428120806
1763852367002,233542969816
1763852368002,233658537025
1763852369002,233774571335
1763852370002,233893704209
1763852371002,234013016769
1763852372002,234134030131
1763852373002,234253655985
1763852374002,234374064551
1763852375002,234493983495
1763852376002,234613718051
1763852377002,234737308006
1763852378002,234860334180
1763852379002,234982320990
1763852380002,235104443663
1763852381002,235226349845
1763852382002,235348461043
1763852383002,235471258825
1763852384002,235592918853
1763852385002,235715061729
1763852386002,235838180371
1763852387002,235959830145
1763852388002,236081280701
1763852389002,236203836417
1763852390002,236327220562
1763852391002,236449878512
1763852392002,236571945765
1763852393002,236694208148
1763852394002,236815617688
1763852395002,236938184940
1763852396002,237061272149
1763852397002,237188094518
1763852398002,237311009791
1763852399002,237434143082
1763852400002,237558296512
1763852401002,237679265746
1763852402002,237798668028
1763852403002,237912488659
1763852404002,238024202363
1763852405002,238136808703
1763852406002,238253039423
1763852407002,238369630738
1763852408002,238485055553
1763852409002,238599802390
1763852410002,238716007415
1763852411002,238832744421
1763852412002,238950915505
1763852413002,239073297638
1763852414002,239194334072
1763852415002,239319288830
1763852416002,239443379516
1763852417002,239568442794
1763852418002,239692596407
1763852419002,239816481344
1763852420002,239941247137
1763852421002,240065445550
1763852422002,240189859355
1763852423002,240312436739
1763852424002,240437135639
1763852425002,240562583743
1763852426002,240688569016
1763852427002,240816262781
1763852428002,240940781017
1763852429002,241065791195
1763852430002,241190239485
1763852431002,241312249304
1763852432002,241437686971
1763852433002,241566678157
1763852434002,241694958102
1763852435002,241822652783
1763852436002,241949402214
1763852437004,242071030443
1763852438002,242185702940
1763852439002,242299929637
1763852440002,242413951012
1763852441002,242527100137
1763852442002,242642426319
1763852443002,242761509571
1763852444002,242881456957
1763852445002,243006200046
1763852446002,243128890466
1763852447002,243254380379
1763852448002,243380340140
1763852449002,243508644194
1763852450002,243641993218
1763852451002,243770675689
1763852452002,243898090402
1763852453002,244024813771
1763852454002,244152251738
1763852455002,244280709051
1763852456002,244407222033
1763852457002,244534825161
1763852458002,244663189151
1763852459002,244793328893
1763852460002,244921170119
1763852461002,245047788569
1763852462002,245176707245
1763852463002,245306923404
1763852464002,245435641275
1763852465002,245563179950
1763852466002,245689730773
1763852467002,245819142368
1763852468002,245947672496
1763852469002,246079681435
1763852470002,246211065010
1763852471002,246343148534
1763852472002,246474769474
1763852473002,246605949619
1763852474002,246733557752
1763852475002,246856629703
1763852476002,246976739014
1763852477002,247099952383
1763852478002,247223110210
1763852479002,247350233053
1763852480002,247478511778
1763852481002,247605815773
1763852482002,247736416818
1763852483002,247863763599
1763852484002,247993629477
1763852485002,248121212159
1763852486002,248249378762
1763852487002,248379759715
1763852488002,248511060282
1763852489002,248644103520
1763852490002,248775678806
1763852491002,248905217537
1763852492002,249035748331
1763852493002,249164971083
1763852494002,249294736559
1763852495002,249425047383
1763852496002,249553454952
1763852497002,249682327059
1763852498002,249811672003
1763852499002,249941475260
1763852500002,250070258561
1763852501002,250199571706
1763852502002,250328834376
1763852503002,250459042477
1763852504002,250587694858
1763852505002,250715918407
1763852506002,250845592147
1763852507002,250976216752
1763852508002,251106051807
1763852509002,251235849937
1763852510002,251363602723
1763852511002,251492783239
1763852512002,251622831551
1763852513002,251751669051
1763852514002,251880147299
1763852515002,252005921086
1763852516002,252130099784
1763852517002,252254813515
1763852518002,252380229454
1763852519002,252505636909
1763852520002,252630047967
1763852521002,252756151526
1763852522002,252880343896
1763852523002,253005361826
1763852524002,253130384455
1763852525002,253254989055
1763852526002,253374085613
1763852527002,253494001261
1763852528002,253613175028
1763852529002,253735681489
1763852530002,253857641382
1763852531002,253982192577
1763852532002,254106151061
1763852533002,254229620715
1763852534002,254354147618
1763852535002,254477523157
1763852536002,254603677985
1763852537002,254731504746
1763852538002,254856525849
1763852539002,254981205705
1763852540002,255105708255
1763852541002,255230303517
1763852542002,255355079016
1763852543002,255479545128
1763852544002,255604473519
1763852545002,255730679006
1763852546002,255855312171
1763852547002,255980824423
1763852548002,256104716562
1763852549002,256223600474
1763852550002,256342910960
1763852551002,256463800421
1763852552002,256580012648
1763852553002,256696468221
1763852554002,256814020899
1763852555002,256933284876
1763852556002,257055484453
1763852557002,257179576420
1763852558002,257298504888
1763852559002,257422065240
1763852560002,257545875348
1763852561002,257665443463
1763852562002,257790514432
1763852563002,257916219859
1763852564002,258039558777
1763852565002,258163379261
1763852566002,258288166966
1763852567002,258411332850
1763852568002,258534621841
1763852569002,258660279905
1763852570002,258784536484
1763852571002,258908952975
1763852572002,259035104446
1763852573002,259160593077
1763852574002,259284543810
1763852575002,259408614537
1763852576002,259533941975
1763852577002,259660323182
1763852578002,259784540150
1763852579002,259912611904
1763852580002,260039051583
1763852581002,260165901295
1763852582002,260296071006
1763852583002,260424614317
1763852584002,260550838847
1763852585002,260676416040
1763852586002,260804651308
1763852587002,260924140198
1763852588002,261037293839
1763852589002,261150531282
1763852590002,261265964824
1763852591002,261383076096
1763852592002,261506338232
1763852593002,261628126006
1763852594002,261749141871
1763852595002,261873975902
1763852596002,261998913326
1763852597002,262125979346
1763852598002,108520901
1763852599002,234604624
1763852600002,360012689
1763852601002,486255896
1763852602002,613943069
1763852603002,741170343
1763852604002,869741853
1763852605002,996922069
1763852606002,1122467890
1763852607002,1250480136
1763852608002,1378676097
1763852609002,1506915392
1763852610002,1634496609
1763852611002,1760832345
1763852612002,1888591051
1763852613002,2017766196
1763852614002,2145438416
1763852615002,2271908368
1763852616002,2399336692
1763852617002,2530192131
1763852618002,2658789580
1763852619002,2789807616
1763852620002,2920055634
1763852621002,3051261170
1763852622002,3179743263
1763852623002,3309913096
1763852624002,3436098869
1763852625002,3564392303
1763852626002,3693884647
1763852627002,3820752242
1763852628002,3944617465
1763852629002,4074585760
1763852630002,4202819013
1763852631002,4325561253
1763852632002,4453249341
1763852633002,4581718190
1763852634002,4710671595
1763852635002,4840832944
1763852636002,4972364040
1763852637002,5103340817
1763852638002,5231431248
1763852639002,5360252268
1763852640002,5492099038
1763852641002,5623500923
1763852642002,5753622538
1763852643002,5882800857
1763852644002,6010801445
1763852645002,6142279380
1763852646002,6273641776
1763852647002,6402778774
1763852648002,6530687749
1763852649002,6662042027
1763852650002,6792798467
1763852651002,6922956703
1763852652002,7053927986
1763852653002,7185099281
1763852654002,7316683234
1763852655002,7447434364
1763852656002,7575106828
1763852657002,7703396050
1763852658002,7833079617
1763852659002,7965096552
1763852660002,8095041959
1763852661002,8223812137
1763852662002,8352800821
1763852663002,8474649996
1763852664002,8598189597
1763852665002,8724164250
1763852666002,8850556016
1763852667002,8976748015
1763852668002,9102668652
1763852669002,9228959833
1763852670002,9355130652
1763852671002,9478847560
1763852672002,9597678371
1763852673002,9717182216
1763852674002,9834183198
1763852675002,9956007776
1763852676002,10077970172
1763852677002,10201190193
1763852678002,10324952266
1763852679002,10448254746
1763852680002,10571382788
1763852681002,10695095911
1763852682002,10819123975
1763852683002,10946159660
1763852684002,11073803377
1763852685002,11199991896
1763852686002,11325837399
1763852687002,11451454937
1763852688002,11576575527
1763852689002,11701984691
1763852690002,11828266289
1763852691002,11954253698
1763852692002,12079178916
1763852693002,12204461188
1763852694002,12330060903
1763852695002,12455088110
1763852696002,12580258565
1763852697002,12705730656
1763852698002,12830541433
1763852699002,12954999427
1763852700002,13079598718
1763852701002,13198204859
1763852702002,13317903528
1763852703002,13430143719
1763852704002,13545501273
1763852705002,13660456545
1763852706002,13776770029
1763852707002,13896521675
1763852708002,14014074414
1763852709002,14133367871
1763852710002,14251636184
1763852711002,14373678535
1763852712002,14496825925
1763852713002,14618228995
1763852714002,14740867536
1763852715002,14864556917
1763852716002,14990260086
1763852717002,15114146122
1763852718002,15236426631
1763852719002,15360659895
1763852720002,15485747587
1763852721002,15609694536
1763852722002,15735053712
1763852723002,15860637375
1763852724002,15987237087
1763852725002,16113849251
1763852726002,16239143852
1763852727002,16364255226
1763852728002,16486478363
1763852729002,16601547770
1763852730002,16713940000
1763852731002,16828911873
1763852732002,16942750266
1763852733002,17058467987
1763852734002,17175964025
1763852735002,17296109774
1763852736002,17419582847
1763852737002,17543766367
1763852738002,17668203853
1763852739002,17790867602
1763852740002,17913932716
1763852741002,18041679338
1763852742002,18171848804
1763852743002,18296688695
1763852744002,18420907371
1763852745002,18547694094
1763852746002,18673423997
1763852747002,18801180750
1763852748002,18929914490
1763852749002,19055810042
1763852750002,19182794153
1763852751002,19306608839
1763852752002,19429459781
1763852753002,19553323234
1763852754002,19676161970
1763852755002,19798041296
1763852756002,19921372524
1763852757002,20045419203
1763852758002,20169118655
1763852759002,20291552240
1763852760002,20416469828
1763852761002,20543379903
1763852762002,20672256344
1763852763002,20798588173
1763852764002,20923458642
1763852765002,21049221687
1763852766002,21174501579
1763852767002,21297063033
1763852768002,21419121558
1763852769002,21540615937
1763852770002,21666007401
1763852771002,21790422060
1763852772002,21914170828
1763852773002,22038139505
1763852774002,22158222510
1763852775002,22276075602
1763852776002,22398739778
1763852777002,22521433861
1763852778002,22645664072
1763852779002,22769850705
1763852780002,22895374004
1763852781002,23020607326
1763852782002,23144162003
1763852783002,23268483828
1763852784002,23392892323
1763852785002,23518689669
1763852786002,23642005089
1763852787002,23764400466
1763852788002,23886795844
1763852789002,24011319817
1763852790002,24136436013
1763852791002,24260183438
1763852792002,24384712233
1763852793002,24508981202
1763852794002,24632678212
1763852795002,24756825172
1763852796002,24879678190
1763852797002,25003278337
1763852798002,25127011663
1763852799002,25251794302
1763852800002,25376296547
1763852801002,25499417021
1763852802002,25622538532
1763852803002,25747214482
1763852804002,25871838919
1763852805002,25995882974
1763852806002,26119623807
1763852807002,26241312826
1763852808002,26359132410
1763852809002,26479282554
1763852810002,26600521502
1763852811002,26722310924
1763852812002,26845005007
1763852813002,26967602105
1763852814002,27086815179
1763852815002,27205165095
1763852816002,27322889342
1763852817002,27441408570
1763852818002,27559237614
1763852819002,27677161018
1763852820002,27795775766
1763852821002,27913630933
1763852822002,28031216569
1763852823002,28143563938
1763852824002,28253804745
1763852825002,28364640154
1763852826003,28478287874
1763852827002,28593015790
1763852828002,28709180715
1763852829002,28825365476
1763852830002,28941574407
1763852831002,29057932386
1763852832002,29173315452
1763852833002,29290655789
1763852834002,29409574430
1763852835002,29527711640
1763852836002,29645291539
1763852837002,29764180761
1763852838002,29882051553
1763852839002,29999196212
1763852840002,30110748416
1763852841002,30221947533
1763852842002,30335071084
1763852843002,30449222831
1763852844002,30564470582
1763852845002,30679945384
1763852846002,30795314230
1763852847002,30911274016
1763852848002,31026433694
1763852849002,31142584215
1763852850002,31260758656
1763852851002,31377234554
1763852852002,31491684212
1763852853002,31610916268
1763852854002,31730052743
1763852855002,31848279308
1763852856002,31965001177
1763852857002,32084363237
1763852858002,32200095485
1763852859002,32316875215
1763852860002,32433736976
1763852861002,32551041180
1763852862002,32668470567
1763852863002,32786039175
1763852864002,32904958670
1763852865002,33021362242
1763852866002,33139735108
1763852867002,33255747567
1763852868002,33372711623
1763852869002,33494783454
1763852870002,33616894592
1763852871002,33740116566
1763852872002,33859962573
1763852873002,33979873826
1763852874002,34099497849
1763852875002,34218637009
1763852876002,34338509505
1763852877002,34457980696
1763852878002,34575489855
1763852879002,34691944025
1763852880002,34805585152
1763852881002,34919134178
1763852882002,35031400614
1763852883002,35143102721
1763852884002,35257952525
1763852885002,35374525590
1763852886002,35492300130
1763852887002,35609642847
1763852888002,35726123811
1763852889002,35844214085
1763852890002,35961024760
1763852891002,36081149880
1763852892002,36200728370
1763852893002,36319546487
1763852894002,36439841772
1763852895002,36558437782
1763852896002,36675158491
1763852897002,36791756887
1763852898002,36903291696
1763852899002,37014074677
1763852900002,37128674542
1763852901002,37242474666
1763852902002,37356386239
1763852903002,37473959791
1763852904002,37592445144
1763852905002,37712003554
1763852906002,37830015032
1763852907002,37948076985
1763852908002,38065531030
1763852909002,38183448331
1763852910002,38302457792
1763852911002,38424455405
1763852912002,38546959547
1763852913002,38668487373
1763852914002,38789760866
1763852915002,38911446406
1763852916002,39030415889
1763852917002,39150268671
1763852918002,39271178152
1763852919002,39392164231
1763852920002,39513624369
1763852921002,39635096470
1763852922002,39757043790
1763852923002,39876195524
1763852924002,39997389122
1763852925002,40116615929
1763852926002,40238255022
1763852927002,40360985664
1763852928002,40483568908
1763852929002,40606796253
1763852930002,40728816449
1763852931002,40849699318
1763852932002,40971726838
1763852933002,41094605246
1763852934002,41217209180
1763852935002,41338080880
1763852936002,41459549014
1763852937002,41581734126
1763852938002,41702274040
1763852939002,41824662887
1763852940002,41944638043
1763852941002,42060946889
1763852942002,42179563589
1763852943002,42300244799
1763852944002,42420171311
1763852945002,42539220872
1763852946002,42658319810
1763852947002,42780319498
1763852948002,42900810278
1763852949002,43021099399
1763852950002,43140661654
1763852951002,43259452976
1763852952002,43379927948
1763852953002,43500764919
1763852954002,43620456812
1763852955002,43739548609
1763852956002,43857276030
1763852957002,43972580301
1763852958002,44090741009
1763852959002,44210219219
1763852960002,44329105145
1763852961002,44448469524
1763852962002,44567120038
1763852963002,44684375170
1763852964002,44796285894
1763852965002,44908049097
1763852966002,45020927714
1763852967002,45135970511
1763852968002,45253786859
1763852969002,45372943964
1763852970002,45491770442
1763852971002,45610919185
1763852972002,45731845389
1763852973002,45854634870
1763852974002,45978560944
1763852975002,46101211082
1763852976003,46222734879
1763852977002,46346189764
1763852978002,46470021783
1763852979002,46593608014
1763852980002,46717163728
1763852981002,46841484577
1763852982002,46963365857
1763852983002,47083815195
1763852984002,47206241212
1763852985002,47329615469
1763852986002,47453030253
1763852987002,47575942109
1763852988002,47698023705
1763852989002,47821333692
1763852990002,47945142518
1763852991002,48067271478
1763852992002,48189801865
1763852993002,48314642366
1763852994002,48441184278
1763852995002,48563989140
1763852996002,48686348751
1763852997002,48809529222
1763852998002,48931184306
1763852999002,49053526461
1763853000002,49175865381
1763853001002,49296958089
1763853002002,49418912488
1763853003002,49542198916
1763853004002,49665459587
1763853005002,49787892257
1763853006002,49911424167
1763853007002,50033220669
1763853008002,50152960292
1763853009002,50277929637
1763853010002,50400719484
1763853011002,50524123404
1763853012002,50644142750
1763853013002,50766277447
1763853014002,50888045141
1763853015002,51008844331
1763853016002,51128312531
1763853017002,51248213774
1763853018002,51371942278
1763853019002,51495871466
1763853020002,51622051685
1763853021002,51749424711
1763853022002,51878073978
1763853023002,52006586284
1763853024002,52131015531
1763853025002,52257786690
1763853026002,52388396586
1763853027002,52519880075
1763853028003,52647784960
1763853029002,52769523417
1763853030002,52891035924
1763853031002,53014317774
1763853032002,53136848039
1763853033002,53256801528
1763853034002,53378283822
1763853035002,53499533817
1763853036002,53622174738
1763853037002,53745866194
1763853038002,53870530365
1763853039002,53994698015
1763853040002,54120488404
1763853041002,54246017196
1763853042002,54373294153
1763853043002,54500439458
1763853044002,54627130234
1763853045002,54755754600
1763853046002,54883814819
1763853047002,55011515481
1763853048002,55135931971
1763853049002,55259707594
1763853050002,55385566159
1763853051002,55509325608
1763853052002,55634177278
1763853053002,55758812152
1763853054002,55883803836
1763853055002,56008500172
1763853056002,56132934485
1763853057002,56258063193
1763853058002,56383676458
1763853059002,56509361622
1763853060002,56633924902
1763853061002,56761436416
1763853062002,56889167595
1763853063002,57016162509
1763853064002,57142829666
1763853065002,57270116388
1763853066002,57395623452
1763853067002,57520796288
1763853068002,57644802013
1763853069002,57770177974
1763853070002,57895422343
1763853071002,58021021509
1763853072002,58143946976
1763853073002,58266123116
1763853074002,58388538024
1763853075002,58513928206
1763853076002,58640176113
1763853077002,58762945086
1763853078002,58887482426
1763853079004,59011416313
1763853080002,59131731556
1763853081002,59250771779
1763853082002,59370819690
1763853083002,59489988208
1763853084002,59613636512
1763853085002,59737435206
1763853086002,59864284308
1763853087002,59989937428
1763853088002,60115158726
1763853089002,60240887592
1763853090002,60367399475
1763853091002,60497953279
1763853092002,60626544136
1763853093002,60752576162
1763853094002,60878763278
1763853095002,61007546518
1763853096002,61136628401
1763853097002,61261243683
1763853098002,61386799758
1763853099002,61514248406
1763853100002,61642611298
1763853101002,61769147107
1763853102002,61894861812
1763853103002,62020027873
1763853104002,62148192828
1763853105002,62276052059
1763853106002,62396423028
1763853107002,62517382374
1763853108002,62639135969
1763853109002,62765105251
1763853110002,62888728774
1763853111002,63015777705
1763853112002,63142982762
1763853113002,63268454182
1763853114002,63389983473
1763853115002,63514905882
1763853116002,63640786786
1763853117002,63763834322
1763853118002,63885727260
1763853119002,64009749952
1763853120002,64127977616
1763853121002,64246426715
1763853122002,64364678182
1763853123002,64486171218
1763853124002,64607443002
1763853125002,64730351013
1763853126002,64852762565
1763853127002,64975868085
1763853128002,65097938756
1763853129002,65218572358
1763853130002,65339633145
1763853131002,65463297562
1763853132002,65585528572
1763853133002,65707482484
1763853134002,65829538934
1763853135002,65949891165
1763853136002,66075336461
1763853137002,66199972556
1763853138002,66321894912
1763853139002,66448886103
1763853140002,66576368748
1763853141002,66703040116
1763853142002,66828988158
1763853143002,66954835064
1763853144002,67080300991
1763853145002,67206868172
1763853146002,67332790518
1763853147002,67460185760
1763853148002,67586438245
1763853149002,67711957455
1763853150002,67841562287
1763853151002,67971386539
1763853152002,68100080240
1763853153002,68226332969
1763853154002,68354986937
1763853155002,68485685332
1763853156002,68609852007
1763853157002,68729882461
1763853158002,68848851456
1763853159002,68970058299
1763853160002,69088772839
1763853161002,69208922250
1763853162002,69328137399
1763853163002,69448026619
1763853164002,69569585634
1763853165002,69691839349
1763853166002,69815971844
1763853167002,69942455468
1763853168002,70065731580
1763853169002,70192291681
1763853170002,70317402689
1763853171002,70442231959
1763853172002,70566437879
1763853173002,70693225885
1763853174002,70821312349
1763853175002,70948422070
1763853176002,71075949575
1763853177002,71202833284
1763853178002,71324669642
1763853179002,71448810254
1763853180002,71575165766
1763853181002,71701212135
1763853182002,71827879230
1763853183002,71953666750
1763853184002,72079424484
1763853185002,72199602338
1763853186002,72320292398
1763853187002,72443398650
1763853188002,72566755756
1763853189002,72685104514
1763853190002,72801452177
1763853191002,72921572231
1763853192002,73039004853
1763853193002,73156484288
1763853194002,73273721110
1763853195002,73394470495
1763853196002,73518988853
1763853197002,73644590705
1763853198002,73766807494
1763853199002,73885645569
1763853200002,74005267211
1763853201002,74127193229
1763853202002,74251492593
1763853203002,74378542988
1763853204002,74503964542
1763853205002,74628314139
1763853206002,74752157510
1763853207002,74876944545
1763853208002,75000731825
1763853209002,75125171692
1763853210002,75249142078
1763853211002,75370954083
1763853212002,75492707128
1763853213002,75613996002
1763853214002,75734381192
1763853215002,75857058307
1763853216002,75980673836
1763853217002,76105728813
1763853218002,76228457869
1763853219002,76351638645
1763853220002,76472472748
1763853221002,76592567045
1763853222002,76719212106
1763853223002,76843444027
1763853224002,76965940234
1763853225002,77089794043
1763853226002,77214059289
1763853227002,77334763631
1763853228002,77456805189
1763853229002,77576432080
1763853230002,77699907044
1763853231002,77823881031
1763853232002,77945355818
1763853233002,78066134622
1763853234002,78186402625
1763853235002,78305775855
1763853236002,78425374792
1763853237002,78545304416
1763853238002,78665453034
1763853239002,78784374666
1763853240002,78903301058
1763853241002,79023712676
1763853242002,79144632655
1763853243002,79263863307
1763853244002,79382694423
1763853245002,79502157008
1763853246002,79622513206
1763853247002,79743282795
1763853248002,79861560385
1763853249002,79980533103
1763853250002,80093481056
1763853251002,80206050897
1763853252002,80317808729
1763853253002,80432870263
1763853254002,80547450170
1763853255002,80666191809
1763853256002,80783299541
1763853257002,80900026965
1763853258002,81016395930
1763853259002,81129780527
1763853260002,81244597067
1763853261002,81363506247
1763853262002,81481130335
1763853263002,81594654154
1763853264002,81704938295
1763853265002,81815182276
1763853266002,81929045632
1763853267002,82042636833
1763853268002,82157739870
1763853269002,82273428417
1763853270002,82388718893
1763853271002,82505066191
1763853272002,82620800269
1763853273002,82738443889
1763853274002,82857881511
1763853275002,82976123212
1763853276002,83094873519
1763853277002,83213557724
1763853278002,83327737974
1763853279002,83446773009
1763853280002,83566509213
1763853281002,83685953426
1763853282002,83802616153
1763853283002,83920937932
1763853284002,84039935430
1763853285002,84157888253
1763853286002,84275523511
1763853287002,84397902654
1763853288002,84518279787
1763853289002,84639294126
1763853290002,84760295159
1763853291002,84879782218
1763853292002,85000721118
1763853293002,85125855807
1763853294002,85250286885
1763853295002,85372192701
1763853296002,85496051820
1763853297002,85619754262
1763853298002,85741644514
1763853299002,85863813635
1763853300002,85985524444
1763853301002,86108640889
1763853302002,86229931960
1763853303002,86353846865
1763853304002,86475596981
1763853305002,86597385670
1763853306002,86718619491
1763853307002,86843663910
1763853308002,86967977373
1763853309002,87092581668
1763853310002,87218980698
1763853311002,87347490989
1763853312002,87475692443
1763853313002,87602718302
1763853314002,87731065813
1763853315002,87858406307
1763853316002,87984340860
1763853317002,88116058968
1763853318002,88243896470
1763853319002,88373203146
1763853320002,88501037963
1763853321002,88631016573
1763853322002,88762494019
1763853323002,88889928996
1763853324002,89014414395
1763853325002,89133476956
1763853326002,89253396022
1763853327002,89375785723
1763853328002,89495509782
1763853329002,89619871829
1763853330002,89745164844
1763853331002,89871925811
1763853332002,89997542066
1763853333002,90119420111
1763853334002,90239431950
1763853335002,90362733270
1763853336002,90490799226
1763853337002,90619026071
1763853338002,90745489126
1763853339002,90873376921
1763853340002,91000454355
1763853341002,91127571522
1763853342002,91254792937
1763853343002,91381572947
1763853344002,91509900682
1763853345002,91638208215
1763853346002,91764778143
1763853347002,91891162646
1763853348002,92013497416
1763853349002,92134171667
1763853350002,92257351833
1763853351002,92381183364
1763853352002,92505799134
1763853353002,92629698292
1763853354002,92753867529
1763853355002,92878112084
1763853356002,93003836494
1763853357002,93129313163
1763853358002,93252640361
1763853359002,93377054228
1763853360002,93500094867
1763853361002,93622111095
1763853362002,93744885561
1763853363002,93868163627
1763853364002,93990464522
1763853365002,94115367279
1763853366002,94240036027
1763853367002,94360948010
1763853368002,94482834051
1763853369002,94606610711
1763853370002,94734412020
1763853371002,94861128187
1763853372002,94987055721
1763853373002,95115716219
1763853374002,95242641065
1763853375002,95368285336
1763853376002,95493552899
1763853377002,95620030785
1763853378002,95749242613
1763853379002,95877037635
1763853380002,96005200332
1763853381002,96133163200
1763853382002,96261510344
1763853383002,96390293584
1763853384002,96518597211
1763853385002,96647041889
1763853386002,96774690488
1763853387002,96902797460
1763853388002,97029942520
1763853389002,97159264089
1763853390002,97286418914
1763853391002,97413404856
1763853392002,97540273977
1763853393002,97667717621
1763853394002,97794751292
1763853395002,97921522513
1763853396002,98048546175
1763853397002,98174420547
1763853398002,98292151325
1763853399002,98407437529
1763853400002,98519304552
1763853401002,98628108229
1763853402002,98739495700
1763853403002,98857183570
1763853404002,98977250584
1763853405002,99097868318
1763853406002,99219699793
1763853407002,99338958643
1763853408002,99457664760
1763853409002,99579271321
1763853410002,99703015755
1763853411002,99829338064
1763853412002,99956237702
1763853413002,100082620008
1763853414002,100209279169
1763853415002,100334169291
1763853416002,100458856594
1763853417002,100583923595
1763853418002,100708794552
1763853419002,100833350447
1763853420002,100954743874
1763853421002,101073504739
1763853422002,101192594950
1763853423002,101313096838
1763853424002,101435117705
1763853425002,101558589130
1763853426002,101681746346
1763853427002,101804781737
1763853428002,101927635182
1763853429002,102051583656
1763853430002,102179456559
1763853431002,102309433826
1763853432002,102438412317
1763853433002,102567068360
1763853434002,102694673319
1763853435002,102820052575
1763853436002,102946224860
1763853437002,103072975085
1763853438002,103197242650
1763853439002,103322581440
1763853440002,103450946468
1763853441002,103575161543
1763853442002,103700495451
1763853443002,103824739334
1763853444002,103949763551
1763853445002,104076169599
1763853446002,104203726096
1763853447002,104330352481
1763853448002,104453809746
1763853449002,104578049906
1763853450002,104706994461
1763853451002,104836702076
1763853452002,104962551485
1763853453002,105087952897
1763853454002,105214368589
1763853455002,105340035870
1763853456002,105466420068
1763853457002,105592143074
1763853458002,105716747247
1763853459002,105842944800
1763853460002,105968980183
1763853461002,106094423710
1763853462002,106220407518
1763853463002,106344739841
1763853464002,106471766921
1763853465002,106599540642
1763853466002,106727122041
1763853467002,106855004160
1763853468002,106981137565
1763853469002,107110117337
1763853470002,107238265996
1763853471002,107365926436
1763853472002,107489225925
1763853473002,107600502435
1763853474002,107709875751
1763853475002,107824873381
1763853476002,107945909448
1763853477002,108066383322
1763853478002,108189031568
1763853479002,108311061651
1763853480002,108435102776
1763853481002,108558559674
1763853482002,108680293555
1763853483002,108807960586
1763853484002,108936377799
1763853485002,109063381075
1763853486002,109189829421
1763853487002,109315679928
1763853488002,109440514570
1763853489002,109567631432
1763853490002,109693261726
1763853491002,109818784842
1763853492002,109944605503
1763853493002,110069731404
1763853494002,110191849499
1763853495002,110315894836
1763853496002,110440390184
1763853497002,110565952057
1763853498002,110690148273
1763853499002,110815740114
1763853500002,110940665331
1763853501002,111065609836
1763853502002,111194279611
1763853503002,111324560040
1763853504002,111454283584
1763853505002,111579625549
1763853506002,111706744547
1763853507002,111831998804
1763853508002,111952708517
1763853509002,112074990064
1763853510002,112195354991
1763853511002,112314681223
1763853512002,112435128608
1763853513002,112554734991
1763853514002,112673674445
1763853515002,112792907294
1763853516002,112910693919
1763853517002,113027987075
1763853518002,113146102679
1763853519002,113264186544
1763853520002,113381831201
1763853521002,113500227444
1763853522002,113617740265
1763853523002,113736337313
1763853524002,113857529263
1763853525002,113978805381
1763853526002,114100309709
1763853527002,114222101633
1763853528002,114343643741
1763853529002,114461548835
1763853530002,114580177865
1763853531002,114699380685
1763853532002,114818875984
1763853533002,114936612682
1763853534002,115057625434
1763853535002,115177617681
1763853536002,115296409979
1763853537002,115415475592
1763853538002,115535463933
1763853539002,115655635378
1763853540002,115774613162
1763853541002,115893639102
1763853542002,116012779422
1763853543002,116132615602
1763853544002,116251915712
1763853545002,116370391177
1763853546002,116481866905
1763853547002,116595987768
1763853548002,116709481557
1763853549002,116821561531
1763853550002,116935986897
1763853551002,117050783418
1763853552002,117169254733
1763853553002,117288772615
1763853554002,117404864970
1763853555002,117521844956
1763853556002,117638683219
1763853557002,117760347641
1763853558002,117875750483
1763853559002,117987612440
1763853560002,118097894445
1763853561002,118206153140
1763853562002,118317843956
1763853563002,118433129305
1763853564002,118549252665
1763853565002,118664796864
1763853566002,118783709767
1763853567002,118903413379
1763853568002,119023333422
1763853569002,119144974040
1763853570002,119267472445
1763853571002,119388114714
1763853572002,119510650350
1763853573002,119631643449
1763853574002,119753439585
1763853575002,119875976441
1763853576002,119999916188
1763853577002,120126530060
1763853578002,120251996536
1763853579002,120374351752
1763853580002,120497624813
1763853581002,120620290271
1763853582002,120745625826
1763853583002,120868571984
1763853584002,120990361711
1763853585002,121113771612
1763853586002,121238587455
1763853587002,121360839645
1763853588002,121484998751
1763853589002,121610246172
1763853590002,121736599913
1763853591002,121861842818
1763853592002,121986831816
1763853593002,122112737622
1763853594002,122238210567
1763853595002,122364298624
1763853596002,122487391204
1763853597002,122612018570
1763853598002,122738163999
1763853599002,122863456037
1763853600002,122986878939
1763853601002,123110570090
1763853602002,123235805365
1763853603002,123353867684
1763853604002,123471326979
1763853605002,123593376043
1763853606002,123716993586
1763853607002,123842445657
1763853608002,123964785859
1763853609002,124087380211
1763853610002,124209770034
1763853611002,124333549320
1763853612002,124457979848
1763853613002,124581856545
1763853614002,124704532501
1763853615002,124827909382
1763853616002,124951766548
1763853617002,125075752986
1763853618002,125197641407
1763853619002,125320550272
1763853620002,125441208960
1763853621002,125559699501
1763853622002,125682046050
1763853623002,125804208641
1763853624002,125926147049
1763853625002,126047769968
1763853626002,126169629885
1763853627002,126291395870
1763853628002,126413879077
1763853629002,126535729290
1763853630002,126657209326
1763853631002,126779269194
1763853632002,126900619713
1763853633002,127017415984
1763853634002,127133531287
1763853635002,127252365639
1763853636002,127375791837
1763853637002,127498697589
1763853638002,127622856390
1763853639002,127747300102
1763853640002,127870248579
1763853641002,127993562045
1763853642002,128116238122
1763853643002,128243218998
1763853644002,128368262807
1763853645002,128495598418
1763853646002,128622034679
1763853647002,128749262686
1763853648002,128875819857
1763853649002,129001539017
1763853650002,129126737427
1763853651002,129252968672
1763853652002,129380033715
1763853653002,129505903144
1763853654002,129631270865
1763853655002,129757949923
1763853656002,129884466017
1763853657002,130011682489
1763853658002,130136287394
1763853659002,130261597620
1763853660002,130385875561
1763853661002,130509024477
1763853662002,130633045888
1763853663002,130757983068
1763853664002,130880294157
1763853665002,131003111530
1763853666002,131126945320
1763853667002,131248812012
1763853668002,131371035088
1763853669002,131494543194
1763853670002,131616966465
1763853671002,131740358666
1763853672002,131862291765
1763853673002,131976044891
1763853674002,132088383105
1763853675002,132204503169
1763853676002,132324460076
1763853677002,132445944934
1763853678002,132570559178
1763853679002,132696175677
1763853680002,132821638735
1763853681002,132946654650
1763853682002,133071944369
1763853683002,133200472299
1763853684002,133327785877
1763853685002,133453902863
1763853686002,133578977067
1763853687002,133709097828
1763853688002,133837299465
1763853689002,133964665350
1763853690002,134092727217
1763853691002,134221181112
1763853692002,134348473816
1763853693002,134473486740
1763853694002,134596473791
1763853695002,134719446621
1763853696002,134842215838
1763853697002,134965194344
1763853698002,135089495600
1763853699002,135216061927
1763853700002,135342707965
1763853701002,135469927427
1763853702002,135595893230
1763853703002,135724927201
1763853704002,135852717218
1763853705002,135978797706
1763853706002,136104416098
1763853707002,136232151122
1763853708002,136358070966
1763853709002,136486508564
1763853710002,136612969849
1763853711002,136738535263
1763853712002,136867873555
1763853713002,136997316705
1763853714002,137124185582
1763853715002,137251926893
1763853716002,137378101863
1763853717002,137501170090
1763853718002,137627435087
1763853719002,137755055488
1763853720002,137881412525
1763853721002,138007327425
1763853722002,138132444475
1763853723002,138259900936
1763853724002,138387256262
1763853725002,138517343881
1763853726002,138646342269
1763853727002,138774708395
1763853728002,138903779781
1763853729002,139033365448
1763853730002,139158988661
1763853731002,139286569450
1763853732002,139414597077
1763853733002,139544161076
1763853734002,139673027262
1763853735002,139801012347
1763853736002,139926746583
1763853737002,140055951514
1763853738002,140183930556
1763853739002,140312202262
1763853740002,140440385466
1763853741002,140569579288
1763853742002,140700261205
1763853743002,140829372386
1763853744002,140956639211
1763853745002,141082045262
1763853746002,141202714386
1763853747002,141321536226
1763853748002,141440798311
1763853749002,141562172267
1763853750002,141684712908
1763853751002,141809666873
1763853752002,141936401107
1763853753002,142060618074
1763853754002,142185061054
1763853755002,142311206727
1763853756002,142436271165
1763853757002,142564130213
1763853758002,142692029421
1763853759002,142817854356
1763853760002,142944715908
1763853761002,143072172857
1763853762002,143199131883
1763853763002,143326893458
1763853764002,143452405038
1763853765002,143580678330
1763853766002,143708389185
1763853767002,143834025643
1763853768002,143959952628
1763853769002,144084837684
1763853770002,144206394929
1763853771002,144331314409
1763853772002,144455577153
1763853773002,144581648913
1763853774002,144707881866
1763853775002,144832516678
1763853776004,144957372072
1763853777002,145079726251
1763853778002,145199971854
1763853779002,145321542831
1763853780002,145443433144
1763853781002,145566421538
1763853782002,145689876239
1763853783002,145812372630
1763853784002,145935206422
1763853785002,146059459949
1763853786002,146183002296
1763853787002,146308031944
1763853788002,146432966195
1763853789002,146552755439
1763853790002,146670012768
1763853791002,146791770086
1763853792002,146914071530
1763853793002,147038510421
1763853794002,147163370880
1763853795002,147288106339
1763853796002,147413722534
1763853797002,147539833112
1763853798002,147665112088
1763853799002,147792071236
1763853800002,147920060532
1763853801002,148047402735
1763853802002,148173059884
1763853803002,148298758232
1763853804002,148424063759
1763853805002,148551664384
1763853806002,148678682858
1763853807002,148804221233
1763853808002,148927928130
1763853809002,149056624700
1763853810002,149185523357
1763853811002,149313943805
1763853812002,149439005618
1763853813002,149564834154
1763853814002,149694048728
1763853815002,149819907902
1763853816002,149945119679
1763853817002,150070402256
1763853818002,150195808674
1763853819002,150314915119
1763853820002,150435997023
1763853821002,150557363107
1763853822002,150677646429
1763853823002,150795551645
1763853824002,150912851455
1763853825002,151033249218
1763853826002,151150873306
1763853827002,151271012037
1763853828002,151391604379
1763853829002,151517085442
1763853830002,151644632967
1763853831002,151770216447
1763853832002,151895223757
1763853833002,152021688460
1763853834002,152146739470
1763853835002,152274152840
1763853836002,152402491074
1763853837002,152531882832
1763853838002,152661083063
1763853839002,152790244903
1763853840002,152918004647
1763853841004,153045709215
1763853842003,153168573585
1763853843002,153292228664
1763853844002,153414432209
1763853845002,153535180069
1763853846002,153657570075
1763853847002,153778857545
1763853848002,153902835194
1763853849002,154029716156
1763853850002,154157195871
1763853851002,154286201889
1763853852002,154414572959
1763853853002,154542692748
1763853854002,154667481430
1763853855002,154794858362
1763853856002,154924815854
1763853857002,155054126314
1763853858002,155182376108
1763853859002,155311734053
1763853860002,155440433309
1763853861002,155569070492
1763853862002,155699897854
1763853863002,155829823975
1763853864002,155957177042
1763853865002,156085381426
1763853866002,156209626225
1763853867002,156330272828
1763853868002,156455532151
1763853869002,156583298425
1763853870002,156711323488
1763853871002,156838454327
1763853872002,156964589014
1763853873002,157090787421
1763853874002,157219220808
1763853875002,157349849075
1763853876002,157478952565
1763853877002,157607216885
1763853878002,157733996651
1763853879002,157864922158
1763853880002,157991791096
1763853881002,158119477781
1763853882002,158247005958
1763853883002,158375236098
1763853884002,158505208971
1763853885002,158634758261
1763853886002,158760706791
1763853887002,158887169663
1763853888002,159015965354
1763853889002,159144426024
1763853890002,159273295079
1763853891002,159401455334
1763853892002,159529278371
1763853893002,159655942537
1763853894002,159783376720
1763853895002,159911073353
1763853896002,160037458528
1763853897002,160161644672
1763853898002,160284664316
1763853899002,160406473147
1763853900002,160527270811
1763853901002,160648279108
1763853902002,160770719590
1763853903002,160894892063
1763853904002,161018835349
1763853905002,161145279239
1763853906002,161270773913
1763853907002,161398114285
1763853908002,161524414316
1763853909002,161647712096
1763853910002,161772353195
1763853911002,161901895649
1763853912002,162030175472
1763853913002,162155955241
1763853914002,162281368250
1763853915002,162406320688
1763853916002,162533607350
1763853917002,162660368195
1763853918002,162785646805
1763853919002,162911351073
1763853920002,163035788682
1763853921002,163158125221
1763853922002,163282308680
1763853923002,163408108956
1763853924002,163533508171
1763853925002,163658146158
1763853926002,163783023646
1763853927002,163908915353
1763853928002,164033440424
1763853929002,164158965127
1763853930002,164287858474
1763853931002,164416395194
1763853932002,164543522065
1763853933002,164669958692
1763853934002,164797450004
1763853935002,164922234048
1763853936002,165046355556
1763853937002,165172591317
1763853938006,165299012990
1763853939002,165428745446
1763853940002,165551154190
1763853941002,165664083955
1763853942002,165777405869
1763853943002,165890587831
1763853944002,166004773024
1763853945002,166120471459
1763853946002,166240834859
1763853947002,166359499899
1763853948002,166481062332
1763853949002,166605322756
1763853950002,166729860096
1763853951002,166853789344
1763853952002,166975560883
1763853953002,167099262898
1763853954002,167228869378
1763853955002,167357382538
1763853956002,167483965588
1763853957002,167610934074
1763853958002,167736448950
1763853959002,167864455886
1763853960002,167990979365
1763853961002,168116600199
1763853962002,168241753992
1763853963002,168367765510
1763853964002,168492471246
1763853965002,168612644766
1763853966002,168730809503
1763853967002,168849052608
1763853968002,168968769587
1763853969002,169091561387
1763853970002,169213585244
1763853971002,169336633025
1763853972002,169458321800
1763853973002,169579724566
1763853974002,169708806938
1763853975002,169836088839
1763853976002,169961517534
1763853977002,170088990413
1763853978002,170214060100
1763853979002,170336966096
1763853980002,170460446066
1763853981002,170584485604
1763853982002,170708561886
1763853983002,170832506637
1763853984002,170956151645
1763853985002,171079864280
1763853986002,171203728953
1763853987002,171328346737
1763853988002,171452242050
1763853989002,171576522310
1763853990002,171699846091
1763853991002,171823870310
1763853992002,171947756528
1763853993002,172070787097
1763853994002,172189179433
1763853995002,172307318413
1763853996002,172427811574
1763853997002,172546608816
1763853998002,172662738341
1763853999002,172781906615
1763854000002,172902343928
1763854001002,173020239012
1763854002002,173138322389
1763854003002,173258559203
1763854004002,173378619076
1763854005002,173499804191
1763854006002,173622349104
1763854007002,173744670385
1763854008002,173865953156
1763854009002,173988331993
1763854010002,174111224989
1763854011002,174233694402
1763854012002,174356901606
1763854013002,174481442913
1763854014002,174608076134
1763854015002,174730982558
1763854016002,174854649783
1763854017002,174982478801
1763854018002,175110590412
1763854019002,175235197881
1763854020002,175361068103
1763854021002,175488316495
1763854022002,175618142945
1763854023002,175746186074
1763854024002,175874474137
1763854025002,176005782456
1763854026002,176136770463
1763854027002,176267655748
1763854028002,176398509050
1763854029002,176529581347
1763854030002,176655954192
1763854031002,176785133793
1763854032002,176916551364
1763854033002,177046423591
1763854034002,177176181315
1763854035002,177306048658
1763854036002,177435307849
1763854037002,177567174394
1763854038002,177696993458
1763854039002,177826907066
1763854040002,177952001106
1763854041002,178080706831
1763854042002,178213181590
1763854043002,178340432058
1763854044002,178462553998
1763854045002,178586444001
1763854046002,178712398940
1763854047002,178840180168
1763854048002,178967606783
1763854049002,179093793227
1763854050002,179223913988
1763854051002,179351122097
1763854052002,179473625751
1763854053002,179601828304
1763854054002,179730016818
1763854055002,179857192152
1763854056002,179983376277
1763854057002,180110337134
1763854058002,180237513505
1763854059002,180366791067
1763854060002,180495534268
1763854061002,180623408513
1763854062002,180750326279
1763854063002,180877310390
1763854064002,181006703491
1763854065002,181136486301
1763854066002,181264323620
1763854067002,181393107165
1763854068002,181519551238
1763854069002,181644361039
1763854070002,181770812314
1763854071002,181897459878
1763854072002,182024138875
1763854073002,182152484249
1763854074002,182282568389
1763854075002,182411351873
1763854076002,182538446762
1763854077002,182666396813
1763854078002,182794513917
1763854079002,182921797099
1763854080002,183049820819
1763854081002,183177014952
1763854082002,183302621625
1763854083002,183429132165
1763854084002,183557828735
1763854085003,183684443462
1763854086002,183812157308
1763854087002,183939604674
1763854088002,184066491496
1763854089002,184195311600
1763854090002,184322955439
1763854091002,184452029754
1763854092002,184581786990
1763854093002,184709140790
1763854094002,184834260038
1763854095002,184962069586
1763854096002,185090445967
1763854097002,185217754601
1763854098002,185342446176
1763854099002,185468469108
1763854100002,185596024201
1763854101002,185723397105
1763854102002,185850001151
1763854103002,185975609289
1763854104002,186101269123
1763854105002,186228258239
1763854106002,186354922649
1763854107002,186480682215
1763854108002,186605553111
1763854109002,186733159168
1763854110002,186860201385
1763854111002,186981950768
1763854112002,187101119530
1763854113002,187221106161
1763854114002,187341502765
1763854115002,187461141436
1763854116002,187579695942
1763854117002,187698313375
1763854118002,187814547208
1763854119002,187928185589
1763854120002,188045704697
1763854121002,188163541005
1763854122002,188283131092
1763854123002,188397470276
1763854124002,188514518011
1763854125002,188631243970
1763854126002,188746233422
1763854127002,188858689616
1763854128002,188970510191
1763854129002,189087867130
1763854130002,189208170594
1763854131002,189327130372
1763854132002,189448833979
1763854133002,189570512317
1763854134002,189694884680
1763854135002,189818778650
1763854136002,189940939226
1763854137002,190065008183
1763854138002,190192041793
1763854139002,190317111541
1763854140002,190435096103
1763854141002,190554209506
1763854142002,190674141816
1763854143002,190795858241
1763854144002,190918675431
1763854145002,191042485112
1763854146002,191165525751
1763854147002,191289682416
1763854148002,191410770057
1763854149002,191534508937
1763854150002,191662411198
1763854151002,191790288190
1763854152002,191915994838
1763854153002,192045138551
1763854154002,192177112639
1763854155002,192306720706
1763854156002,192431090199
1763854157002,192553726238
1763854158002,192675973545
1763854159002,192795498507
1763854160002,192918565575
1763854161002,193039403278
1763854162002,193161674389
1763854163002,193282198433
1763854164002,193405906918
1763854165002,193525999017
1763854166002,193643931699
1763854167002,193765992788
1763854168002,193886303088
1763854169002,194008916238
1763854170002,194130185520
1763854171002,194253297571
1763854172002,194382299621
1763854173002,194506435106
1763854174002,194630903721
1763854175002,194753604151
1763854176002,194880156989
1763854177002,195007445481
1763854178002,195131139989
1763854179002,195256861591
1763854180002,195382179385
1763854181002,195506093070
1763854182002,195629977396
1763854183002,195755395044
1763854184002,195879232373
1763854185002,196003905394
1763854186002,196128051682
1763854187002,196253224519
1763854188002,196378641861
1763854189002,196503346864
1763854190002,196628902146
1763854191002,196748882857
1763854192002,196868176924
1763854193002,196987327559
1763854194002,197108468545
1763854195002,197231340850
1763854196002,197352468226
1763854197002,197476927685
1763854198002,197600270265
1763854199002,197720859616
1763854200002,197843856616
1763854201002,197968967258
1763854202002,198097293101
1763854203002,198229531166
1763854204002,198359641734
1763854205002,198487653796
1763854206002,198615173428
1763854207002,198739422561
1763854208002,198867254570
1763854209002,198996098845
1763854210002,199123899787
1763854211002,199252871197
1763854212002,199384191235
1763854213002,199513983505
1763854214002,199641899437
1763854215002,199769350710
1763854216002,199896540509
1763854217002,200021454740
1763854218002,200146814344
1763854219002,200273601006
1763854220002,200401376009
1763854221002,200529697824
1763854222002,200656279653
1763854223002,200785444606
1763854224002,200916023739
1763854225002,201047056241
1763854226002,201175136967
1763854227002,201304480936
1763854228002,201432591814
1763854229002,201560358393
1763854230002,201690611966
1763854231002,201818069465
1763854232002,201945673996
1763854233002,202074558066
1763854234002,202204930901
1763854235002,202332781953
1763854236002,202460573252
1763854237002,202588279468
1763854238002,202711571022
1763854239002,202838848773
1763854240002,202967650079
1763854241002,203095275240
1763854242002,203222365613
1763854243002,203349797782
1763854244002,203480839439
1763854245002,203610405452
1763854246002,203737974523
1763854247002,203866510265
1763854248002,203994602223
1763854249002,204125455220
1763854250002,204255124261
1763854251002,204381149573
1763854252002,204506862935
1763854253002,204634933225
1763854254002,204763844882
1763854255002,204890564834
1763854256002,205016370420
1763854257002,205142918863
1763854258002,205271548111
1763854259002,205400236869
1763854260002,205524673318
1763854261002,205648667935
1763854262002,205775519661
1763854263002,205902707873
1763854264002,206023870954
1763854265002,206144211405
1763854266002,206262987529
1763854267002,206380017686
1763854268002,206498368640
1763854269002,206619954327
1763854270002,206742978060
1763854271002,206866479148
1763854272002,206990293711
1763854273002,207114140990
1763854274002,207236554128
1763854275002,207360290628
1763854276002,207486411338
1763854277002,207611186653
1763854278002,207735059078
1763854279002,207860731058
1763854280002,207986360375
1763854281002,208112075935
1763854282002,208233656190
1763854283002,208351470708
1763854284002,208469762763
1763854285002,208588700569
1763854286002,208707113413
1763854287002,208825937877
1763854288002,208943507949
1763854289002,209062107377
1763854290002,209179851949
1763854291002,209303625985
1763854292002,209420307449
1763854293002,209536820029
1763854294002,209652781829
1763854295002,209768921120
1763854296002,209889380284
1763854297002,210010446319
1763854298002,210136887524
1763854299002,210260892883
1763854300002,210385729660
1763854301002,210507676553
1763854302002,210630089569
1763854303002,210749692901
1763854304002,210869835599
1763854305002,210991244529
1763854306002,211110562399
1763854307002,211233916881
1763854308002,211356993470
1763854309002,211481189319
1763854310002,211604623940
1763854311002,211727783537
1763854312002,211854464975
1763854313002,211982319384
1763854314002,212108685760
1763854315002,212234158766
1763854316002,212359387999
1763854317002,212484665205
1763854318002,212611983666
1763854319002,212742620294
1763854320002,212870063937
1763854321002,212997343519
1763854322002,213125097342
1763854323002,213253080230
1763854324002,213381013496
1763854325002,213508160632
1763854326002,213635192228
1763854327002,213763341680
1763854328002,213890381577
1763854329002,214014521579
1763854330002,214138011985
1763854331002,214262518320
1763854332002,214388986135
1763854333002,214515348239
1763854334002,214636994351
1763854335002,214756687098
1763854336002,214880311660
1763854337002,215004414003
1763854338002,215127118828
1763854339002,215251858011
1763854340002,215371644081
1763854341002,215490745644
1763854342002,215610879736
1763854343002,215732378021
1763854344002,215852713650
1763854345002,215971831937
1763854346002,216094107808
1763854347002,216214839432
1763854348002,216337228584
1763854349002,216460227598
1763854350002,216584095506
1763854351002,216708609531
1763854352002,216831908592
1763854353002,216954887831
1763854354002,217077933842
1763854355002,217202145071
1763854356002,217325819254
1763854357002,217448663422
1763854358002,217570757104
1763854359002,217693299271
1763854360002,217817190067
1763854361002,217940872489
1763854362002,218060556570
1763854363002,218179292472
1763854364002,218304076333
1763854365002,218426687469
1763854366002,218546352018
1763854367002,218666290920
1763854368002,218786578454
1763854369002,218907699787
1763854370002,219028828872
1763854371002,219151004889
1763854372002,219273546751
1763854373002,219395678457
1763854374002,219517790083
1763854375002,219640991245
1763854376002,219764919761
1763854377002,219888791575
1763854378002,220007275830
1763854379002,220129187017
1763854380002,220254184560
1763854381002,220381723296
1763854382002,220510433721
1763854383002,220637234788
1763854384002,220765044337
1763854385002,220893714173
1763854386002,221023737888
1763854387002,221153889655
1763854388002,221281117600
1763854389002,221409891685
1763854390002,221540404412
1763854391002,221672721212
1763854392002,221802397272
1763854393002,221929963107
1763854394002,222058288829
1763854395002,222191280615
1763854396002,222322648748
1763854397002,222451658244
1763854398002,222578829549
1763854399002,222709998464
1763854400002,222842230303
1763854401002,222972159780
1763854402002,223101212367
1763854403002,223229608218
1763854404003,223361027620
1763854405002,223492483460
1763854406002,223615835134
1763854407002,223738807781
1763854408002,223862698455
1763854409002,223988723889
1763854410002,224110597662
1763854411002,224235355826
1763854412002,224360729956
1763854413002,224484594690
1763854414002,224610870124
1763854415002,224735834831
1763854416002,224861677221
1763854417002,224987744098
1763854418002,225109916942
1763854419002,225234890926
1763854420002,225360223247
1763854421002,225485933618
1763854422002,225613450565
1763854423002,225740034713
1763854424002,225865966581
1763854425002,225991972484
1763854426002,226117918329
1763854427002,226244519384
1763854428002,226370919390
1763854429002,226498206967
1763854430002,226626028600
1763854431002,226751854267
1763854432002,226878429992
1763854433002,227004880474
1763854434002,227130546596
1763854435002,227256826668
1763854436002,227381107722
1763854437002,227510365386
1763854438002,227638088936
1763854439002,227765103748
1763854440002,227892526273
1763854441002,228020138495
1763854442002,228146274220
1763854443002,228274243924
1763854444002,228393846706
1763854445002,228513291835
1763854446002,228633024805
1763854447002,228754344929
1763854448002,228876160108
1763854449002,228998277837
1763854450002,229121431330
1763854451002,229244131944
1763854452002,229362216908
1763854453002,229481194997
1763854454002,229601018482
1763854455002,229723468791
1763854456002,229842806620
1763854457002,229961486858
1763854458002,230080878459
1763854459002,230201350380
1763854460002,230321806492
1763854461002,230441464755
1763854462002,230561068209
1763854463002,230680313509
1763854464002,230799519686
1763854465002,230919317048
1763854466002,231039012542
1763854467002,231158445342
1763854468002,231278249417
1763854469002,231398073818
1763854470002,231518731651
1763854471002,231637761925
1763854472002,231760741957
1763854473002,231884790040
1763854474002,232006161861
1763854475002,232129594711
1763854476002,232249197676
1763854477002,232368933210
1763854478002,232488186872
1763854479002,232603926627
1763854480002,232721902216
1763854481002,232838156984
1763854482002,232958624937
1763854483002,233074855292
1763854484002,233187808372
1763854485002,233303226594
1763854486002,233419896828
1763854487002,233541378084
1763854488002,233662739895
1763854489002,233785748613
1763854490002,233908252450
1763854491002,234035855822
1763854492002,234165258018
1763854493002,234289467417
1763854494002,234416442128
1763854495002,234544509916
1763854496002,234674277039
1763854497002,234802757362
1763854498002,234929230488
1763854499002,235055463930
1763854500002,235184122414
1763854501002,235313522107
1763854502002,235442030567
1763854503002,235567602267
1763854504002,235695041211
1763854505002,235821312494
1763854506002,235952525232
1763854507002,236083541376
1763854508002,236210868321
1763854509002,236335183005
1763854510002,236459574044
1763854511002,236587946335
1763854512002,236713445586
1763854513002,236837600054
1763854514002,236959791574
1763854515002,237090076702
1763854516002,237219338883
1763854517002,237346492367
1763854518002,237472018656
1763854519002,237598415000
1763854520002,237723117013
1763854521002,237847296993
1763854522002,237968561148
1763854523002,238091617229
1763854524002,238216751857
1763854525002,238339637041
1763854526002,238465282593
1763854527002,238592668620
1763854528002,238719425558
1763854529002,238849021296
1763854530002,238975582312
1763854531002,239101530903
1763854532002,239227743959
1763854533002,239353597702
1763854534002,239479577238
1763854535002,239604616407
1763854536002,239729263671
1763854537002,239854348495
1763854538002,239979868560
1763854539002,240105995861
1763854540002,240230003478
1763854541002,240353262379
1763854542002,240478340367
1763854543002,240602533897
1763854544002,240726093273
1763854545002,240849636475
1763854546002,240972667410
1763854547002,241098943698
1763854548002,241224013873
1763854549002,241349228579
1763854550002,241470833127
1763854551002,241596491008
1763854552002,241721198697
1763854553002,241844618058
1763854554002,241969253420
1763854555002,242094499316
1763854556002,242215703839
1763854557002,242339993743
1763854558002,242463582965
1763854559002,242586378977
1763854560002,242708566347
1763854561002,242830995599
1763854562002,242955522990
1763854563002,243080075406
1763854564002,243202815570
1763854565002,243326716010
1763854566002,243452145010
1763854567002,243577266943
1763854568002,243699858426
1763854569002,243823521195
1763854570002,243946601569
1763854571002,244070863946
1763854572002,244196112344
1763854573002,244317872103
1763854574002,244434732949
1763854575002,244552516461
1763854576002,244670901778
1763854577002,244787757497
1763854578002,244906597524
1763854579002,245026043447
1763854580002,245149522623
1763854581002,245272312591
1763854582002,245392697232
1763854583002,245512183559
1763854584002,245631852565
1763854585002,245741671375
1763854586002,245858313472
1763854587002,245976499326
1763854588002,246094634705
1763854589002,246213507142
1763854590002,246334799068
1763854591002,246455360405
1763854592002,246575325430
1763854593002,246695107777
1763854594002,246814549793
1763854595002,246936439923
1763854596002,247060189850
1763854597002,247181703211
1763854598002,247303084492
1763854599002,247424461745
1763854600002,247545706552
1763854601002,247666934574
1763854602002,247788329405
1763854603002,247909553155
1763854604002,248030865466
1763854605002,248150673936
1763854606002,248274912144
1763854607002,248398839378
1763854608002,248522873789
1763854609002,248644814822
1763854610002,248768520194
1763854611002,248891866131
1763854612002,249016408781
1763854613002,249137619286
1763854614002,249257081809
1763854615002,249382409858
1763854616002,249506291071
1763854617002,249629125474
1763854618002,249751262490
1763854619002,249874517851
1763854620002,249995023890
1763854621002,250107954875
1763854622002,250217364324
1763854623002,250327951138
1763854624002,250441356732
1763854625002,250556787833
1763854626002,250672146973
1763854627002,250787142407
1763854628002,250901681115
1763854629002,251016373509
1763854630002,251131882674
1763854631002,251250548813
1763854632002,251368486194
1763854633002,251485928521
1763854634002,251603663449
1763854635002,251721095948
1763854636002,251838949101
1763854637002,251957130683
1763854638002,252075129466
1763854639002,252192875380
1763854640002,252311440995
1763854641002,252429554950
1763854642002,252547268943
1763854643002,252664254484
1763854644002,252783321500
1763854645002,252905259116
1763854646002,253026284929
1763854647002,253147500439
1763854648002,253270557131
1763854649002,253388270880
1763854650002,253502054097
1763854651002,253620086204
1763854652002,253736901152
1763854653002,253855272858
1763854654002,253975135344
1763854655002,254098534503
1763854656002,254218611405
1763854657002,254339001905
1763854658002,254459366709
1763854659002,254579607063
1763854660002,254701150453
1763854661002,254819904971
1763854662002,254936513742
1763854663002,255054051832
1763854664002,255175985907
1763854665002,255293811595
1763854666002,255413101023
1763854667002,255533263435
1763854668002,255655284668
1763854669002,255778351492
1763854670002,255899989547
1763854671002,256019673262
1763854672002,256139149152
1763854673002,256262538790
1763854674002,256385798667
1763854675002,256506153157
1763854676002,256626088335
1763854677002,256747713207
1763854678002,256871056580
1763854679002,256991361814
1763854680002,257113205252
1763854681002,257234185411
1763854682002,257353113269
1763854683002,257473286667
1763854684002,257595002664
1763854685002,257715438452
1763854686002,257832669719
1763854687002,257950893843
1763854688002,258072115212
1763854689002,258193666231
1763854690002,258313986602
1763854691002,258435724206
1763854692002,258558573806
1763854693002,258678284681
1763854694002,258798961618
1763854695002,258918157968
1763854696002,259036080152
1763854697002,259156327463
1763854698002,259278050052
1763854699002,259399860775
1763854700002,259520960075
1763854701002,259642283922
1763854702002,259763047102
1763854703002,259884993506
1763854704002,260006981841
1763854705002,260127570094
1763854706002,260248118309
1763854707002,260370740004
1763854708002,260492738349
1763854709002,260614650634
1763854710002,260736230340
1763854711002,260858356126
1763854712002,260981398536
1763854713003,261102672945
1763854714002,261222760894
1763854715002,261342635648
1763854716002,261465090230
1763854717002,261588294565
1763854718002,261707787667
1763854719002,261829004764
1763854720002,261948836977
1763854721002,262070438839
1763854722002,47579162
1763854723002,166670227
1763854724002,285698060
1763854725002,402243293
1763854726002,520064281
1763854727002,639540721
1763854728002,758010693
1763854729002,877770091
1763854730002,997534128
1763854731002,1117467354
1763854732002,1236192330
1763854733002,1355641549
1763854734002,1475618536
1763854735002,1598689632
1763854736002,1721590563
1763854737002,1843833475
1763854738002,1964438147
1763854739002,2087259488
1763854740002,2208674094
1763854741002,2331263807
1763854742002,2454172489
1763854743002,2576996942
1763854744002,2700268050
1763854745002,2821102152
1763854746002,2939744305
1763854747002,3057418259
1763854748002,3173097528
1763854749002,3289046206
1763854750002,3406228828
1763854751002,3523626721
1763854752002,3639976277
1763854753002,3758081993
1763854754002,3877833029
1763854755002,4000705273
1763854756002,4121170052
1763854757002,4241798284
1763854758002,4360440558
1763854759002,4483781795
1763854760002,4602626461
1763854761002,4720616394
1763854762002,4836598336
1763854763002,4951584797
1763854764002,5067045133
1763854765003,5182892066
1763854766002,5301503701
1763854767002,5419511638
1763854768002,5541431431
1763854769002,5662686553
1763854770002,5783386561
1763854771002,5903088769
1763854772002,6018542148
1763854773002,6139676970
1763854774002,6263266314
1763854775002,6384916515
1763854776002,6507521975
1763854777002,6628870176
1763854778002,6750220024
1763854779002,6871291613
1763854780002,6993586527
1763854781002,7118513758
1763854782002,7241919326
1763854783002,7363973274
1763854784002,7487228940
1763854785002,7608593864
1763854786002,7729739611
1763854787002,7852098001
1763854788002,7973261814
1763854789002,8095403286
1763854790002,8210997778
1763854791002,8324072379
1763854792002,8435421276
1763854793002,8553899793
1763854794002,8678861265
1763854795002,8802583849
1763854796002,8928502045
1763854797002,9054110793
1763854798002,9180377438
1763854799002,9304383346
1763854800002,9428961213
1763854801002,9556321910
1763854802002,9682111505
1763854803002,9807037332
1763854804002,9931323513
1763854805002,10058255622
1763854806002,10186536117
1763854807002,10315807026
1763854808002,10443953182
1763854809002,10571648107
1763854810002,10698570511
1763854811002,10826621514
1763854812002,10956076383
1763854813002,11084039862
1763854814002,11212861248
1763854815002,11343207533
1763854816002,11472874987
1763854817002,11601554589
1763854818002,11728005254
1763854819002,11858748389
1763854820002,11986476516
1763854821002,12119610270
1763854822002,12250280284
1763854823002,12379518723
1763854824002,12509488605
1763854825004,12638768609
1763854826002,12761103500
1763854827002,12887397611
1763854828002,13015551946
1763854829002,13142082994
1763854830002,13266797762
1763854831002,13389702477
1763854832002,13509520591
1763854833002,13632857006
1763854834002,13758319698
1763854835002,13881138658
1763854836002,14004018959
1763854837002,14122249186
1763854838002,14240641888
1763854839002,14358926558
1763854840002,14478978009
1763854841002,14599083842
1763854842002,14717957683
1763854843002,14835465255
1763854844002,14957239053
1763854845002,15078756320
1763854846002,15200452175
1763854847003,15326643014
1763854848002,15450469724
1763854849002,15573895189
1763854850002,15697755773
1763854851002,15821327112
1763854852002,15945435620
1763854853002,16069053772
1763854854002,16192881824
1763854855002,16316494240
1763854856002,16439148589
1763854857002,16563578324
1763854858002,16686751288
1763854859002,16810030696
1763854860002,16932719957
1763854861002,17059015960
1763854862002,17185860850
1763854863002,17311610284
1763854864002,17436417826
1763854865002,17561517847
1763854866002,17684536331
1763854867002,17810312559
1763854868002,17937073282
1763854869002,18066401564
1763854870002,18192049985
1763854871002,18320389806
1763854872002,18449451731
1763854873002,18574929804
1763854874002,18700122110
1763854875002,18825864525
1763854876002,18954708922
1763854877002,19081998024
1763854878002,19208050436
1763854879002,19335112001
1763854880002,19461711896
1763854881002,19588048060
1763854882002,19713982857
1763854883002,19840087209
1763854884002,19966588777
1763854885002,20096580022
1763854886002,20225107342
1763854887002,20352223655
1763854888002,20477800176
1763854889002,20605157760
1763854890002,20735262408
1763854891002,20857641184
1763854892002,20977306161
1763854893002,21096704537
1763854894002,21218547425
1763854895002,21341207390
1763854896007,21461841847
1763854897002,21578330806
1763854898002,21693933293
1763854899002,21809712538
1763854900002,21931487068
1763854901002,22052733889
1763854902002,22175303277
1763854903002,22297996200
1763854904002,22425102076
1763854905002,22550735360
1763854906002,22672689943
1763854907002,22801749610
1763854908002,22924878384
1763854909002,23046902974
1763854910002,23168221084
1763854911002,23287876540
1763854912002,23408631296
1763854913002,23528626717
1763854914002,23650125612
1763854915002,23773302299
1763854916002,23896941570
1763854917002,24022367274
1763854918002,24146223280
1763854919002,24271482115
1763854920002,24397813273
1763854921002,24524000878
1763854922002,24649353584
1763854923002,24772991207
1763854924002,24901102756
1763854925002,25027914566
1763854926002,25155267145
1763854927002,25279327679
1763854928002,25408880509
1763854929002,25536808404
1763854930002,25662900611
1763854931002,25789394061
1763854932002,25916819211
1763854933002,26042055219
1763854934002,26167722317
1763854935002,26293044445
1763854936002,26418000790
1763854937002,26543430827
1763854938002,26668123257
1763854939002,26791544877
1763854940002,26916771119
1763854941002,27039843009
1763854942002,27163346050
1763854943002,27286653412
1763854944002,27412821851
1763854945002,27535236089
1763854946002,27655328738
1763854947002,27774992311
1763854948002,27896637568
1763854949002,28018510608
1763854950002,28138305529
1763854951002,28258254501
1763854952002,28376597948
1763854953002,28496672165
1763854954002,28616850263
1763854955002,28734766038
1763854956002,28852856007
1763854957002,28971896168
1763854958002,29092423631
1763854959002,29213300396
1763854960002,29335234044
1763854961002,29456759368
1763854962002,29580383685
1763854963002,29697603966
1763854964002,29814785490
1763854965002,29931434483
1763854966002,30050427587
1763854967002,30172241362
1763854968002,30296316117
1763854969002,30418781563
1763854970002,30541437133
1763854971002,30661831905
1763854972002,30778646792
1763854973002,30902714101
1763854974002,31027455176
1763854975002,31150554226
1763854976002,31272902363
1763854977004,31397796940
1763854978002,31514623607
1763854979002,31633770396
1763854980002,31752307568
1763854981002,31871102613
1763854982002,31990844983
1763854983002,32112173835
1763854984002,32235604549
1763854985002,32357801197
1763854986002,32482003210
1763854987002,32607407430
1763854988002,32732588811
1763854989002,32862199441
1763854990002,32989078938
1763854991002,33114317082
1763854992002,33240984421
1763854993002,33369278160
1763854994002,33501533864
1763854995002,33630045010
1763854996002,33759535218
1763854997002,33885397261
1763854998002,34010631377
1763854999002,34137217784
1763855000002,34264393239
1763855001002,34391967742
1763855002002,34518342663
1763855003002,34644512139
1763855004002,34770006569
1763855005002,34897304156
1763855006002,35024598996
1763855007002,35148375168
1763855008002,35275361477
1763855009002,35403890872
1763855010002,35532616799
1763855011002,35659160665
1763855012002,35787283262
1763855013002,35913560038
1763855014002,36041292011
1763855015002,36158896019
1763855016002,36277218531
1763855017002,36399172015
1763855018002,36522838569
1763855019002,36648836720
1763855020002,36773337378
1763855021002,36898243430
1763855022002,37020808485
1763855023002,37140350904
1763855024002,37265394163
1763855025002,37392660011
1763855026002,37520560136
1763855027002,37646873167
1763855028002,37774160744
1763855029002,37900679951
1763855030002,38026501711
1763855031002,38154207805
1763855032002,38282416523
1763855033002,38409559813
1763855034002,38536124919
1763855035002,38660962612
1763855036002,38787052804
1763855037002,38908537112
1763855038002,39028583619
1763855039002,39149420285
1763855040002,39271877735
1763855041002,39397107761
1763855042002,39523395890
1763855043002,39647602786
1763855044002,39770588311
1763855045002,39898554353
1763855046002,40026895882
1763855047002,40157658182
1763855048002,40284890034
1763855049002,40413679377
1763855050002,40541080357
1763855051002,40665780111
1763855052002,40789862069
1763855053002,40912680236
1763855054002,41036509265
1763855055002,41158994181
1763855056002,41284316431
1763855057002,41411089543
1763855058002,41538106308
1763855059002,41663008515
1763855060002,41786697896
1763855061002,41911595281
1763855062002,42030166023
1763855063002,42149640570
1763855064002,42270713625
1763855065002,42392669855
1763855066002,42515740158
1763855067002,42642466945
1763855068002,42768377329
1763855069002,42894178032
1763855070002,43020876316
1763855071002,43146829241
1763855072002,43269963691
1763855073002,43397918991
1763855074002,43527035115
1763855075002,43653953858
1763855076002,43777289602
1763855077002,43900972207
1763855078002,44024730069
1763855079002,44149987195
1763855080002,44273652406
1763855081002,44400209089
1763855082002,44526887170
1763855083002,44655124391
1763855084002,44783841102
1763855085002,44911030413
1763855086002,45036416139
1763855087002,45166237523
1763855088002,45289406763
1763855089002,45412902663
1763855090002,45534021311
1763855091002,45659339593
1763855092002,45781557115
1763855093002,45900517626
1763855094002,46028177272
1763855095002,46154697029
1763855096002,46281208424
1763855097002,46405710546
1763855098002,46530710409
1763855099002,46657522585
1763855100002,46786931311
1763855101002,46912837117
1763855102002,47039504883
1763855103002,47165663679
1763855104002,47294093465
1763855105002,47420195132
1763855106002,47544246633
1763855107002,47669343847
1763855108002,47792584987
1763855109002,47918343149
1763855110002,48042589474
1763855111002,48165694322
1763855112002,48288805823
1763855113002,48413053491
1763855114002,48538146799
1763855115002,48662450680
1763855116002,48785866440
1763855117002,48906942424
1763855118002,49023497363
1763855119002,49146281289
1763855120002,49264166058
1763855121002,49381887559
1763855122002,49501080430
1763855123002,49620068834
1763855124002,49740736799
1763855125002,49863523594
1763855126002,49984872831
1763855127002,50098039473
1763855128002,50210993651
1763855129002,50325035413
1763855130002,50444500378
1763855131002,50564680551
1763855132002,50682998425
1763855133002,50801915784
1763855134002,50922399240
1763855135002,51041654550
1763855136002,51160319468
1763855137002,51282933168
1763855138002,51405543572
1763855139002,51527412889
1763855140002,51648118818
1763855141002,51769456214
1763855142002,51890237216
1763855143002,52011618009
1763855144002,52133893880
1763855145002,52255587966
1763855146002,52376704172
1763855147002,52498137760
1763855148002,52619031371
1763855149002,52738160339
1763855150002,52856536745
1763855151002,52978959893
1763855152002,53103925088
1763855153002,53227301909
1763855154002,53350208393
1763855155002,53472470226
1763855156002,53591751659
1763855157002,53713337469
1763855158002,53834193482
1763855159002,53952428898
1763855160002,54067047745
1763855161002,54182019008
1763855162002,54299667388
1763855163002,54416458532
1763855164002,54533296185
1763855165002,54651631819
1763855166002,54771161604
1763855167002,54890959759
1763855168002,55011781288
1763855169002,55133128329
1763855170002,55253425994
1763855171002,55376064047
1763855172002,55498654676
1763855173002,55621353153
1763855174002,55744771965
1763855175002,55866500963
1763855176002,55988084758
1763855177002,56110093723
1763855178002,56232541896
1763855179002,56353012901
1763855180002,56471333887
1763855181002,56592062765
1763855182002,56704826575
1763855183002,56818668996
1763855184002,56931591010
1763855185002,57042266813
1763855186002,57153021656
1763855187002,57269935908
1763855188002,57385730472
1763855189002,57502671579
1763855190002,57617921284
1763855191002,57737468890
1763855192002,57858365370
1763855193002,57976632463
1763855194002,58097573742
1763855195002,58217949594
1763855196002,58332612081
1763855197002,58448027801
1763855198002,58565145849
1763855199002,58686825896
1763855200002,58809669515
1763855201002,58934277777
1763855202002,59055576295
1763855203002,59176017698
1763855204002,59298297719
1763855205002,59420287641
1763855206002,59544383759
1763855207002,59669490067
1763855208002,59793928531
1763855209002,59921401959
1763855210002,60046701809
1763855211002,60170015397
1763855212002,60294078434
1763855213002,60418203544
1763855214002,60546938139
1763855215002,60672808483
1763855216002,60797816952
1763855217002,60921736068
1763855218002,61049164819
1763855219002,61175124397
1763855220002,61298411984
1763855221002,61422539718
1763855222002,61550316673
1763855223002,61676891056
1763855224002,61802334827
1763855225002,61927725192
1763855226002,62052214009
1763855227002,62181828790
1763855228002,62308785191
1763855229002,62434518939
1763855230002,62559965944
1763855231002,62686696089
1763855232002,62815626178
1763855233002,62942748351
1763855234002,63067863020
1763855235002,63192563873
1763855236002,63313081021
1763855237002,63434811727
1763855238002,63558412729
1763855239002,63683310786
1763855240002,63808292888
1763855241002,63932643094
1763855242002,64056222429
1763855243002,64179555243
1763855244002,64305555225
1763855245002,64431074069
1763855246002,64555478841
1763855247002,64680728215
1763855248002,64804288995
1763855249002,64931478367
1763855250002,65056131124
1763855251002,65179966683
1763855252002,65304207759
1763855253002,65430168069
1763855254002,65556347556
1763855255002,65681337104
1763855256002,65805416376
1763855257002,65929700360
1763855258002,66049628886
1763855259002,66172402802
1763855260002,66295237693
1763855261002,66419158579
1763855262002,66542354431
1763855263002,66666107837
1763855264002,66789494423
1763855265002,66912604215
1763855266002,67036511186
1763855267002,67160846866
1763855268002,67283720331
1763855269002,67407379011
1763855270002,67530213840
1763855271002,67651147491
1763855272002,67767965551
1763855273002,67884001570
1763855274002,68001727892
1763855275002,68118119135
1763855276002,68236593563
1763855277002,68357056817
1763855278002,68476477898
1763855279002,68596657277
1763855280002,68717117784
1763855281002,68836193224
1763855282002,68959792273
1763855283002,69082348783
1763855284002,69204060141
1763855285002,69325296708
1763855286002,69446048902
1763855287002,69568576237
1763855288002,69689460327
1763855289002,69810484431
1763855290002,69931827687
1763855291002,70053601607
1763855292002,70176836093
1763855293002,70298374967
1763855294002,70419806358
1763855295002,70540529987
1763855296002,70660395769
1763855297002,70780623488
1763855298002,70900397718
1763855299002,71019850171
1763855300003,71145579585
1763855301002,71259362497
1763855302002,71367181008
1763855303002,71477811095
1763855304002,71590731583
1763855305002,71701363319
1763855306002,71817934248
1763855307002,71935058033
1763855308002,72051819636
1763855309002,72165294077
1763855310002,72273553687
1763855311002,72385651545
1763855312002,72499586251
1763855313002,72614362507
1763855314002,72733698749
1763855315002,72853042560
1763855316002,72971012961
1763855317002,73091468647
1763855318002,73210831256
1763855319002,73330280596
1763855320002,73451767834
1763855321002,73574657656
1763855322002,73695110534
1763855323002,73809408764
1763855324002,73923358790
1763855325002,74037484108
1763855326002,74154141768
1763855327002,74271733753
1763855328002,74388644403
1763855329002,74507728632
1763855330002,74625332640
1763855331002,74740654183
1763855332002,74855660297
1763855333002,74971300321
1763855334002,75096578382
1763855335002,75222815974
1763855336002,75344774768
1763855337002,75467002177
1763855338002,75590139557
1763855339002,75710034758
1763855340002,75831955894
1763855341002,75954476393
1763855342002,76077046086
1763855343002,76196743290
1763855344002,76315895573
1763855345002,76433555306
1763855346002,76553751104
1763855347002,76672768377
1763855348002,76793923402
1763855349002,76916921622
1763855350002,77038149156
1763855351002,77157586838
1763855352002,77275461292
1763855353002,77389846498
1763855354002,77512593254
1763855355002,77632315298
1763855356002,77757062660
1763855357002,77880491543
1763855358002,78003049152
1763855359002,78126020944
1763855360002,78248682861
1763855361002,78369117184
1763855362002,78490095756
1763855363002,78612260666
1763855364002,78733980874
1763855365002,78856035676
1763855366002,78977556056
1763855367002,79100025591
1763855368002,79221398388
1763855369002,79342262886
1763855370002,79465119871
1763855371002,79587174247
1763855372002,79709018661
1763855373002,79829546551
1763855374002,79950999670
1763855375002,80069230019
1763855376002,80187184124
1763855377002,80306854350
1763855378002,80423902512
1763855379002,80543098191
1763855380002,80661724291
1763855381002,80780317127
1763855382002,80898421805
1763855383002,81011647345
1763855384002,81124441124
1763855385002,81236318096
1763855386002,81350792656
1763855387002,81467122681
1763855388002,81581339063
1763855389002,81697233725
1763855390002,81813100738
1763855391002,81928512979
1763855392002,82044358081
1763855393002,82160237728
1763855394002,82276856631
1763855395002,82392739818
1763855396002,82508309408
1763855397002,82624516080
1763855398002,82740234961
1763855399002,82856220016
1763855400002,82972340629
1763855401002,83087995118
1763855402002,83204784370
1763855403002,83320422990
1763855404002,83436858483
1763855405002,83553103730
1763855406002,83668804606
1763855407002,83785497666
1763855408002,83900724239
1763855409002,84016708439
1763855410002,84132802685
1763855411002,84248999104
1763855412002,84364969755
1763855413002,84480792700
1763855414002,84596630600
1763855415002,84712798698
1763855416002,84830752925
1763855417002,84949936885
1763855418002,85068877010
1763855419002,85187081358
1763855420002,85310453357
1763855421002,85433503030
1763855422002,85553475196
1763855423002,85673580845
1763855424002,85794891814
1763855425002,85918190632
1763855426002,86040257824
1763855427002,86163729981
1763855428002,86288235644
1763855429002,86412462438
1763855430002,86537645284
1763855431002,86662180793
1763855432002,86787170280
1763855433002,86910527813
1763855434002,87033878999
1763855435002,87158623797
1763855436002,87284348817
1763855437002,87408213429
1763855438002,87531372476
1763855439002,87655217557
1763855440002,87781442332
1763855441002,87905302488
1763855442002,88028013478
1763855443002,88150859904
1763855444002,88275620022
1763855445002,88400267286
1763855446002,88522313604
1763855447004,88646309930
1763855448002,88771318399
1763855449002,88884152949
1763855450002,88992358299
1763855451002,89104420451
1763855452002,89215390931
1763855453002,89325999779
1763855454002,89437968792
1763855455002,89552167047
1763855456002,89664870921
1763855457002,89774250707
1763855458002,89887051932
1763855459002,90006703664
1763855460002,90127752914
1763855461002,90247879316
1763855462002,90368086589
1763855463002,90487920144
1763855464002,90607649696
1763855465002,90729948638
1763855466002,90853563007
1763855467002,90976003734
1763855468002,91098282962
1763855469002,91221281060
1763855470002,91343713974
1763855471002,91466372840
1763855472002,91589379910
1763855473002,91712306048
1763855474002,91835984992
1763855475002,91959099972
1763855476002,92082006395
1763855477002,92204477029
1763855478002,92324599463
1763855479002,92445575838
1763855480002,92570249103
1763855481002,92695078678
1763855482002,92819814138
1763855483002,92942903484
1763855484002,93066652556
1763855485002,93192715954
1763855486002,93318022030
1763855487002,93442567182
1763855488002,93563691506
1763855489002,93687027860
1763855490002,93809819904
1763855491002,93931159071
1763855492002,94053073493
1763855493002,94173841555
1763855494002,94294879332
1763855495002,94414816158
1763855496002,94532044557
1763855497002,94650392643
1763855498002,94769493656
1763855499002,94889316408
1763855500002,95009220703
1763855501002,95128970885
1763855502002,95249124264
1763855503002,95368601375
1763855504002,95487446835
1763855505002,95604357119
1763855506002,95720725718
1763855507002,95837112749
1763855508002,95951115509
1763855509002,96065544965
1763855510002,96179494258
1763855511002,96292936472
1763855512002,96408875812
1763855513002,96526914267
1763855514002,96645659324
1763855515002,96763282863
1763855516002,96880877716
1763855517002,96997965551
1763855518002,97114369306
1763855519002,97232771286
1763855520002,97350262806
1763855521002,97466789241
1763855522002,97579388196
1763855523002,97691156343
1763855524002,97806690227
1763855525002,97923014209
1763855526002,98039548822
1763855527002,98157054320
1763855528002,98270650037
1763855529002,98381291417
1763855530002,98490020936
1763855531002,98602232196
1763855532002,98717716642
1763855533002,98834637302
1763855534002,98953758274
1763855535002,99070471110
1763855536002,99186572741
1763855537002,99303972160
1763855538002,99421582150
1763855539002,99542343864
1763855540002,99662889393
1763855541002,99781112296
1763855542002,99901258473
1763855543002,100021436998
1763855544002,100140148486
1763855545002,100258621389
1763855546002,100378451770
1763855547002,100498484971
1763855548002,100617506151
1763855549002,100736368640
1763855550002,100853435112
1763855551002,100968080083
1763855552002,101087474491
1763855553002,101207165835
1763855554002,101325893742
1763855555002,101444225653
1763855556002,101562634225
1763855557002,101679063736
1763855558002,101790740696
1763855559002,101909522314
1763855560002,102030364778
1763855561002,102151133939
1763855562002,102269370513
1763855563002,102390401087
1763855564002,102508165617
1763855565002,102626507295
1763855566002,102745118990
1763855567002,102864724031
1763855568002,102984726653
1763855569002,103106128991
1763855570002,103227524311
1763855571002,103344596948
1763855572002,103460220675
1763855573002,103577064798
1763855574002,103695195110
1763855575002,103812836045
1763855576002,103928833489
1763855577002,104046953060
1763855578002,104168568044
1763855579002,104291738627
1763855580002,104411654519
1763855581002,104531846838
1763855582002,104651937534
1763855583002,104773999905
1763855584002,104893788355
1763855585002,105011686430
1763855586002,105132178004
1763855587002,105256170423
1763855588002,105379862612
1763855589002,105501060727
1763855590002,105620430416
1763855591002,105741122246
1763855592002,105862936936
1763855593002,105986167639
1763855594002,106107799225
1763855595002,106227131256
1763855596002,106342761148
1763855597002,106462800818
1763855598002,106583887422
1763855599002,106704426848
1763855600002,106823848661
1763855601002,106944281824
1763855602002,107065849445
1763855603002,107186346573
1763855604002,107306128493
1763855605002,107427163279
1763855606002,107548916629
1763855607002,107670255430
1763855608002,107790677119
1763855609002,107912198231
1763855610002,108033049179
1763855611002,108153301434
1763855612002,108273461710
1763855613002,108392505107
1763855614002,108515054598
1763855615002,108624595821
1763855616002,108735000385
1763855617002,108848768160
1763855618002,108963858564
1763855619002,109081206347
1763855620002,109198262749
1763855621002,109315635800
1763855622002,109432040715
1763855623002,109549308115
1763855624002,109668153758
1763855625002,109789037542
1763855626002,109910075868
1763855627002,110029891296
1763855628002,110148141848
1763855629002,110267838990
1763855630002,110387048218
1763855631002,110506446289
1763855632002,110625004946
1763855633002,110743159245
1763855634002,110860201914
1763855635002,110977755019
1763855636002,111096506668
1763855637002,111214258076
1763855638002,111332314903
1763855639002,111450952782
1763855640002,111568855862
1763855641002,111686878997
1763855642002,111804248875
1763855643002,111921622232
1763855644002,112044120026
1763855645002,112165534083
1763855646002,112284517665
1763855647002,112404035242
1763855648002,112523318506
1763855649002,112639896699
1763855650002,112759160554
1763855651002,112878762543
1763855652002,112996946505
1763855653002,113115763828
1763855654002,113234709874
1763855655002,113351765055
1763855656002,113470686443
1763855657002,113589067548
1763855658002,113708072065
1763855659002,113828639323
1763855660002,113948213235
1763855661002,114066338116
1763855662002,114182258657
1763855663002,114297610656
1763855664002,114416555969
1763855665002,114537426937
1763855666002,114658380423
1763855667002,114778475453
1763855668002,114898772264
1763855669002,115021253274
1763855670002,115143648896
1763855671002,115266836324
1763855672002,115391512275
1763855673002,115515978021
1763855674002,115639152022
1763855675002,115764445524
1763855676002,115888581742
1763855677002,116012882693
1763855678002,116135844720
1763855679002,116262436925
1763855680002,116380789588
1763855681002,116498146710
1763855682002,116616448104
1763855683002,116733776783
1763855684002,116851514152
1763855685002,116972752245
1763855686002,117093472151
1763855687002,117216267186
1763855688002,117335233800
1763855689002,117453020242
1763855690002,117575008455
1763855691002,117694124178
1763855692002,117819885147
1763855693002,117945590026
1763855694002,118069653429
1763855695002,118193457983
1763855696002,118317658287
1763855697002,118441653758
1763855698002,118562722540
1763855699002,118681511787
1763855700002,118802293155
1763855701002,118924136288
1763855702002,119045920461
1763855703002,119168334332
1763855704002,119290240087
1763855705002,119411097688
1763855706002,119531337919
1763855707002,119650748808
1763855708002,119769657744
1763855709002,119890059413
1763855710002,120009398280
1763855711002,120127478361
1763855712002,120248297449
1763855713002,120369095540
1763855714002,120491027479
1763855715002,120609848769
1763855716002,120729808728
1763855717002,120848207656
1763855718002,120967382400
1763855719002,121087025343
1763855720002,121206751538
1763855721002,121327124094
1763855722002,121448433353
1763855723002,121570357785
1763855724002,121691896109
1763855725002,121814205122
1763855726002,121936368506
1763855727002,122055601050
1763855728002,122175739231
1763855729002,122294846958
1763855730002,122415277070
1763855731002,122536173306
1763855732002,122657402732
1763855733002,122777380452
1763855734002,122895785971
1763855735002,123014961020
1763855736002,123135798541
1763855737002,123256308242
1763855738002,123373834369
1763855739002,123492874042
1763855740002,123611646749
1763855741002,123732922195
1763855742002,123853391552
1763855743002,123971851027
1763855744002,124089872331
1763855745002,124209918471
1763855746002,124330304333
1763855747002,124449558117
1763855748002,124568315015
1763855749002,124687769055
1763855750002,124809327520
1763855751002,124929043462
1763855752002,125047820806
1763855753002,125165666574
1763855754002,125281625933
1763855755002,125394324619
1763855756002,125505733819
1763855757002,125618027293
1763855758002,125732089257
1763855759002,125842805283
1763855760002,125958319879
1763855761002,126073983035
1763855762002,126188968703
1763855763002,126301454194
1763855764002,126409608641
1763855765002,126522216019
1763855766002,126635292328
1763855767002,126749598799
1763855768002,126863312741
1763855769002,126979696659
1763855770002,127096221629
1763855771002,127212736407
1763855772002,127329146265
1763855773002,127446004547
1763855774002,127566176908
1763855775002,127685300566
1763855776002,127803073824
1763855777002,127922083407
1763855778002,128045237510
1763855779002,128168036513
1763855780002,128291265811
1763855781002,128413562678
1763855782002,128536034045
1763855783002,128656709456
1763855784002,128775572860
1763855785002,128894620407
1763855786002,129019885101
1763855787002,129146545360
1763855788002,129272481744
1763855789002,129395996687
1763855790002,129520777678
1763855791002,129644263385
1763855792002,129764691971
1763855793002,129884771559
1763855794002,130008642640
1763855795002,130129930843
1763855796002,130250481621
1763855797002,130368894831
1763855798002,130489523123
1763855799002,130610399889
1763855800002,130728321035
1763855801002,130847412466
1763855802002,130967889819
1763855803002,131088128707
1763855804002,131206039660
1763855805002,131324411062
1763855806002,131444348438
1763855807002,131564961593
1763855808002,131683232592
1763855809002,131802336901
1763855810002,131922347763
1763855811002,132043123211
1763855812002,132162724956
1763855813002,132281486431
1763855814002,132398681566
1763855815002,132514092403
1763855816002,132630663882
1763855817002,132749470097
1763855818003,132867659491
1763855819002,132986468147
1763855820002,133108109498
1763855821002,133229755732
1763855822002,133352500535
1763855823002,133469670218
1763855824002,133584472781
1763855825002,133701975226
1763855826002,133820033213
1763855827002,133938829234
1763855828002,134058125377
1763855829002,134177111278
1763855830002,134297181100
1763855831002,134415585643
1763855832002,134534332410
1763855833002,134655093514
1763855834002,134776270938
1763855835002,134895470279
1763855836002,135016293090
1763855837002,135137238215
1763855838002,135261758770
1763855839002,135385783782
1763855840002,135509246540
1763855841002,135633976262
1763855842002,135758299125
1763855843002,135881927959
1763855844002,136004954804
1763855845002,136130134049
1763855846002,136255286378
1763855847002,136380938339
1763855848002,136506592497
1763855849002,136634037667
1763855850002,136759674857
1763855851002,136885334081
1763855852002,137009955100
1763855853002,137136332279
1763855854002,137264374066
1763855855002,137391125755
1763855856002,137515556589
1763855857002,137641369133
1763855858002,137765424602
1763855859002,137883156417
1763855860002,138002339401
1763855861002,138124709571
1763855862002,138252334976
1763855863002,138379047604
1763855864002,138505877784
1763855865002,138631404380
1763855866002,138758426149
1763855867002,138884915449
1763855868002,139010495511
1763855869002,139136988290
1763855870002,139264088795
1763855871002,139393276880
1763855872002,139521196779
1763855873002,139649964333
1763855874002,139777318560
1763855875002,139900375618
1763855876002,140024570186
1763855877002,140152149327
1763855878002,140279260268
1763855879002,140406137751
1763855880002,140531389079
1763855881002,140658081259
1763855882002,140786356871
1763855883002,140913602944
1763855884002,141040062215
1763855885002,141167099670
1763855886002,141295423683
1763855887002,141423153702
1763855888002,141545444832
1763855889002,141666927004
1763855890002,141788563167
1763855891002,141913025007
1763855892002,142036198031
1763855893002,142159077783
1763855894002,142282861707
1763855895002,142405378361
1763855896002,142526569762
1763855897002,142646785824
1763855898002,142765069334
1763855899002,142885290584
1763855900002,143008448899
1763855901002,143130842385
1763855902002,143253744170
1763855903002,143376143271
1763855904002,143496888201
1763855905002,143619532906
1763855906002,143741754639
1763855907002,143864040581
1763855908002,143985924791
1763855909002,144108104532
1763855910002,144230734284
1763855911002,144353372763
1763855912002,144474780961
1763855913002,144595830517
1763855914002,144716299325
1763855915002,144837513492
1763855916002,144958859922
1763855917002,145081288258
1763855918002,145201338305
1763855919002,145327442780
1763855920002,145451131123
1763855921002,145574126291
1763855922002,145697527098
1763855923002,145821778978
1763855924002,145944679908
1763855925002,146062611735
1763855926002,146177263907
1763855927002,146292109500
1763855928002,146409796820
1763855929002,146528216195
1763855930002,146648198065
1763855931002,146767218024
1763855932002,146885995369
1763855933002,147006145452
1763855934002,147119513143
1763855935002,147233460849
1763855936002,147346911914
1763855937002,147462903499
1763855938002,147579343448
1763855939002,147699660767
1763855940002,147815971626
1763855941002,147927310758
1763855942002,148038669481
1763855943002,148152752930
1763855944002,148268478708
1763855945002,148388498115
1763855946002,148507647712
1763855947002,148626268502
1763855948002,148745584908
1763855949002,148865030159
1763855950002,148984737799
1763855951002,149106338318
1763855952002,149227137936
1763855953002,149348043083
1763855954002,149468798328
1763855955002,149587621754
1763855956002,149709514813
1763855957002,149833379059
1763855958002,149955682274
1763855959002,150077413286
1763855960002,150199329844
1763855961002,150319173897
1763855962002,150441944884
1763855963002,150559966311
1763855964002,150673825211
1763855965002,150792907853
1763855966002,150914497324
1763855967002,151037534729
1763855968002,151158274960
1763855969002,151283891520
1763855970002,151408419278
1763855971002,151535706183
1763855972002,151663675094
1763855973002,151790117153
1763855974002,151918305424
1763855975002,152048313147
1763855976002,152177155408
1763855977002,152304268669
1763855978002,152430738011
1763855979002,152557810195
1763855980002,152685462212
1763855981002,152814659940
1763855982002,152941922371
1763855983002,153067354118
1763855984002,153194490389
1763855985002,153322977731
1763855986002,153450893846
1763855987002,153578282680
1763855988002,153704565072
1763855989002,153832122668
1763855990002,153960110133
1763855991002,154087940128
1763855992002,154214362107
1763855993002,154338798678
1763855994002,154463969927
1763855995002,154592327936
1763855996002,154719055883
1763855997002,154843021630
1763855998002,154968177255
1763855999002,155092021969
1763856000002,155211763301
1763856001002,155331077143
1763856002002,155445144417
1763856003002,155561468216
1763856004002,155681503248
1763856005002,155802125132
1763856006002,155921816964
1763856007002,156043162235
1763856008002,156163552673
1763856009002,156286799062
1763856010002,156411065040
1763856011002,156536264427
1763856012002,156661521003
1763856013002,156788136096
1763856014002,156915516752
1763856015002,157041010388
1763856016002,157166830928
1763856017002,157293690894
1763856018002,157423091929
1763856019002,157550469716
1763856020002,157676056736
1763856021002,157801921831
1763856022002,157929456295
1763856023002,158057510288
1763856024002,158183737626
1763856025002,158309138733
1763856026002,158434471115
1763856027002,158563351462
1763856028002,158690298097
1763856029002,158817111981
1763856030002,158943052089
1763856031002,159070704533
1763856032002,159198390974
1763856033002,159325185937
1763856034002,159450867683
1763856035002,159577054067
1763856036002,159706744592
1763856037002,159834312380
1763856038002,159958144278
1763856039002,160081738138
1763856040002,160202778600
1763856041002,160324195526
1763856042002,160447398640
1763856043002,160570808847
1763856044002,160693749023
1763856045002,160812333497
1763856046002,160933441463
1763856047002,161055383168
1763856048002,161177275251
1763856049002,161299990086
1763856050002,161422121975
1763856051002,161544170064
1763856052002,161666661449
1763856053002,161789991456
1763856054002,161912620780
1763856055002,162035829633
1763856056002,162158754977
1763856057002,162281368982
1763856058002,162403924271
1763856059002,162526899542
1763856060002,162650335994
1763856061002,162773455002
1763856062002,162895876442
1763856063002,163018713652
1763856064004,163142531328
1763856065002,163263970592
1763856066002,163381629044
1763856067002,163498996602
1763856068002,163610165080
1763856069002,163722562741
1763856070002,163836351940
1763856071002,163954047988
1763856072002,164070994466
1763856073002,164190932941
1763856074002,164310817278
1763856075002,164431268263
1763856076002,164552692818
1763856077002,164673260808
1763856078002,164796176387
1763856079002,164918549609
1763856080002,165040152935
1763856081002,165162177098
1763856082002,165284575222
1763856083002,165405845602
1763856084002,165526129352
1763856085002,165650458318
1763856086002,165774072748
1763856087002,165898555095
1763856088002,166023617825
1763856089002,166147787978
1763856090002,166272478882
1763856091002,166396813158
1763856092002,166521016271
1763856093002,166646245991
1763856094002,166771353337
1763856095002,166895559318
1763856096002,167023411957
1763856097002,167150719004
1763856098002,167275108395
1763856099002,167401515909
1763856100002,167531421582
1763856101002,167659079702
1763856102002,167785617037
1763856103002,167908722557
1763856104003,168035492313
1763856105002,168156435119
1763856106002,168276953487
1763856107002,168396408503
1763856108002,168517287100
1763856109002,168641914100
1763856110002,168762153233
1763856111002,168880156838
1763856112002,169000257055
1763856113002,169118780067
1763856114002,169241285918
1763856115002,169363859029
1763856116002,169488995184
1763856117002,169615048450
1763856118002,169739268408
1763856119002,169869874641
1763856120002,169999317669
1763856121002,170126480612
1763856122002,170253325380
1763856123002,170377253225
1763856124002,170504357147
1763856125002,170635305604
1763856126002,170762859598
1763856127002,170892510328
1763856128002,171022753159
1763856129002,171152248799
1763856130002,171280466428
1763856131002,171409621859
1763856132002,171538175241
1763856133002,171667006393
1763856134002,171796071065
1763856135002,171924028623
1763856136002,172055047575
1763856137002,172186726315
1763856138002,172316576202
1763856139002,172446586306
1763856140002,172576697118
1763856141002,172702009297
1763856142002,172826209480
1763856143002,172950540521
1763856144002,173072763170
1763856145002,173197879671
1763856146002,173321471579
1763856147002,173446426337
1763856148002,173569999690
1763856149002,173695006755
1763856150002,173818803802
1763856151002,173946238107
1763856152002,174072889272
1763856153002,174198602390
1763856154002,174325893263
1763856155002,174453305961
1763856156002,174579496007
1763856157002,174707216688
1763856158002,174834750969
1763856159002,174962684296
1763856160002,175090919808
1763856161002,175218358019
1763856162002,175344971037
1763856163002,175472387276
1763856164002,175599758227
1763856165002,175726980008
1763856166002,175855351505
1763856167002,175983833843
1763856168002,176110514976
1763856169002,176236869877
1763856170002,176364982342
1763856171002,176494239518
1763856172002,176621251217
1763856173002,176744655076
1763856174002,176869322848
1763856175002,176993969074
1763856176002,177118240912
1763856177002,177242380242
1763856178002,177365731672
1763856179002,177489933869
1763856180002,177613647114
1763856181002,177736929269
1763856182002,177859391175
1763856183002,177982229728
1763856184002,178107028419
1763856185002,178232396995
1763856186002,178354791884
1763856187002,178475759165
1763856188002,178587467192
1763856189002,178698416615
1763856190002,178814498715
1763856191002,178932446045
1763856192002,179049868901
1763856193002,179170587769
1763856194002,179289224306
1763856195002,179408697450
1763856196002,179529293211
1763856197002,179651652578
1763856198002,179777660373
1763856199002,179904952222
1763856200002,180029574096
1763856201002,180154989058
1763856202002,180280038115
1763856203002,180405095778
1763856204002,180530240783
1763856205003,180656189862
1763856206002,180782226344
1763856207002,180903032919
1763856208002,181024247758
1763856209002,181144772596
1763856210002,181264473278
1763856211002,181386093694
1763856212002,181509305842
1763856213002,181634587870
1763856214002,181758150420
1763856215002,181881867999
1763856216002,182004794503
1763856217002,182129507258
1763856218002,182251536669
1763856219002,182375061499
1763856220002,182495709811
1763856221002,182619624899
1763856222002,182744483222
1763856223002,182870105459
1763856224002,182993009014
1763856225002,183117596647
1763856226002,183242580214
1763856227002,183366531984
1763856228002,183490304372
1763856229002,183616206577
1763856230002,183742229691
1763856231002,183868902463
1763856232002,183994151959
1763856233002,184118745512
1763856234002,184242591387
1763856235002,184362823440
1763856236002,184486310916
1763856237002,184611238880
1763856238002,184735180274
1763856239002,184863376907
1763856240002,184991140923
1763856241002,185117656224
1763856242002,185243143452
1763856243002,185368032597
1763856244002,185493152943
1763856245002,185616969399
1763856246002,185740973110
1763856247002,185863029987
1763856248002,185984298964
1763856249002,186111007136
1763856250002,186237004005
1763856251002,186363523091
1763856252002,186487577033
1763856253002,186610868832
1763856254002,186731728935
1763856255002,186846551700
1763856256002,186961743178
1763856257002,187075681546
1763856258002,187189606975
1763856259002,187304303824
1763856260002,187420175720
1763856261002,187535658457
1763856262002,187652828506
1763856263002,187768648156
1763856264002,187886934657
1763856265002,188006930566
1763856266002,188130160170
1763856267002,188251580574
1763856268002,188371432013
1763856269002,188492535524
1763856270002,188613647091
1763856271002,188734889945
1763856272002,188854879872
1763856273002,188974440784
1763856274002,189091837029
1763856275002,189211375419
1763856276002,189330900199
1763856277002,189450762380
1763856278002,189569145744
1763856279002,189687585382
1763856280002,189807852225
1763856281002,189927264517
1763856282002,190046106254
1763856283002,190163954219
1763856284002,190281248901
1763856285002,190398791935
1763856286002,190520861752
1763856287002,190642250541
1763856288002,190762860705
1763856289002,190884663433
1763856290002,191008017793
1763856291002,191125487829
1763856292002,191245922945
1763856293002,191356764397
1763856294002,191463892480
1763856295002,191574933334
1763856296002,191685156257
1763856297002,191795881498
1763856298002,191906756215
1763856299002,192018743355
1763856300002,192130016934
1763856301002,192233465156
1763856302002,192337542526
1763856303002,192441360315
1763856304002,192545847718
1763856305002,192657411336
1763856306002,192768154156
1763856307002,192883845815
1763856308002,192998115237
1763856309002,193113267164
1763856310002,193228918601
1763856311002,193341724282
1763856312002,193460652688
1763856313002,193582056430
1763856314002,193701183994
1763856315002,193818947547
1763856316002,193936878337
1763856317002,194057810278
1763856318002,194180928310
1763856319002,194302767354
1763856320002,194423907302
1763856321002,194545120371
1763856322002,194667350649
1763856323002,194788640194
1763856324002,194912400681
1763856325002,195034221780
1763856326002,195157015228
1763856327002,195280669330
1763856328002,195404730719
1763856329002,195527849484
1763856330002,195647272029
1763856331002,195769908556
1763856332002,195894133458
1763856333002,196023656991
1763856334002,196149721488
1763856335002,196274008035
1763856336002,196394673742
1763856337002,196518919456
1763856338002,196641022842
1763856339002,196763113533
1763856340002,196881909738
1763856341002,197000706065
1763856342002,197121760503
1763856343002,197241026250
1763856344002,197360657719
1763856345002,197479358160
1763856346002,197601131163
1763856347002,197721605525
1763856348002,197840297909
1763856349002,197959959529
1763856350002,198080500175
1763856351002,198202952376
1763856352002,198325873571
1763856353002,198447837675
1763856354002,198567625759
1763856355002,198683200659
1763856356002,198801380044
1763856357002,198923003756
1763856358002,199042953461
1763856359002,199161969147
1763856360002,199280787386
1763856361002,199402040737
1763856362002,199524190693
1763856363002,199643765888
1763856364002,199763686601
1763856365002,199883010942
1763856366002,199997594999
1763856367002,200111471539
1763856368002,200223554198
1763856369002,200339082528
1763856370002,200456232131
1763856371002,200575337600
1763856372002,200696625924
1763856373002,200819085206
1763856374002,200940980279
1763856375002,201063420456
1763856376002,201186487219
1763856377002,201310988121
1763856378002,201434252271
1763856379002,201556126165
1763856380002,201674116098
1763856381002,201797502317
1763856382002,201921996933
1763856383002,202046004367
1763856384002,202171833513
1763856385002,202295678715
1763856386002,202421534900
1763856387002,202548180694
1763856388002,202676200446
1763856389002,202804340743
1763856390002,202931505274
1763856391002,203058053656
1763856392002,203187459391
1763856393002,203315460712
1763856394002,203442047973
1763856395002,203569729531
1763856396002,203695142662
1763856397002,203823431457
1763856398002,203951119607
1763856399002,204082922919
1763856400002,204211772870
1763856401002,204342406630
1763856402002,204473740889
1763856403002,204603463701
1763856404002,204731014278
1763856405002,204858695103
1763856406002,204988122690
1763856407002,205114604727
1763856408002,205238377115
1763856409002,205364099205
1763856410002,205489669013
1763856411002,205617895919
1763856412002,205746188376
1763856413002,205873848449
1763856414002,206003213536
1763856415002,206128822528
1763856416002,206257084041
1763856417002,206384513646
1763856418002,206510666643
1763856419002,206637804868
1763856420002,206759874990
1763856421002,206883543496
1763856422002,207006141571
1763856423002,207129503316
1763856424002,207250440140
1763856425002,207374121464
1763856426002,207500445115
1763856427002,207626751311
1763856428002,207750253863
1763856429002,207875224124
1763856430002,208003421916
1763856431002,208132628556
1763856432002,208260778862
1763856433002,208387225743
1763856434002,208513421953
1763856435002,208641777643
1763856436002,208769256137
1763856437002,208896860974
1763856438002,209023607354
1763856439002,209150167943
1763856440002,209278824169
1763856441002,209407145373
1763856442002,209534563992
1763856443002,209661533394
1763856444002,209788239735
1763856445002,209912246009
1763856446002,210033422029
1763856447002,210153465484
1763856448002,210272971587
1763856449002,210387319317
1763856450002,210503501087
1763856451002,210623500170
1763856452002,210745610819
1763856453002,210867940218
1763856454002,210992274128
1763856455002,211115013621
1763856456002,211237779786
1763856457002,211362018604
1763856458002,211482215745
1763856459002,211603443889
1763856460002,211725746066
1763856461002,211851519792
1763856462002,211976181887
1763856463002,212102249375
1763856464002,212226622836
1763856465002,212351874651
1763856466002,212478178832
1763856467002,212602475694
1763856468002,212727834077
1763856469002,212854259290
1763856470002,212980370601
1763856471002,213107120093
1763856472002,213235494398
1763856473002,213362959831
1763856474002,213489093481
1763856475002,213611783413
1763856476002,213733126730
1763856477002,213854542985
1763856478002,213972742084
1763856479002,214092521379
1763856480002,214214741464
1763856481002,214344426008
1763856482002,214472416464
1763856483002,214597958318
1763856484002,214723558521
1763856485002,214850690642
1763856486002,214977063915
1763856487002,215104393728
1763856488002,215231362702
1763856489002,215356439713
1763856490002,215477721263
1763856491002,215600052981
1763856492002,215720494751
1763856493002,215841277278
1763856494002,215962942067
1763856495002,216087463233
1763856496002,216212105980
1763856497002,216337592353
1763856498002,216461872980
1763856499002,216585739118
1763856500002,216709639252
1763856501002,216835805372
1763856502002,216962418940
1763856503002,217087709451
1763856504002,217214567403
1763856505002,217339443487
1763856506002,217462561519
1763856507002,217587943522
1763856508002,217717862196
1763856509002,217847046924
1763856510002,217974167082
1763856511002,218100717417
1763856512002,218228274036
1763856513002,218356583217
1763856514002,218483067635
1763856515002,218608947256
1763856516002,218734452855
1763856517002,218862370130
1763856518002,218989619927
1763856519002,219116415134
1763856520002,219239316675
1763856521002,219362022660
1763856522002,219488884151
1763856523002,219619698697
1763856524004,219747542913
1763856525002,219872508414
1763856526002,219992035024
1763856527002,220110396110
1763856528002,220224847660
1763856529002,220339821609
1763856530002,220457643939
1763856531002,220576456074
1763856532002,220697420669
1763856533002,220817703198
1763856534002,220938258432
1763856535002,221058617071
1763856536002,221178741337
1763856537002,221302259026
1763856538002,221425143904
1763856539002,221545210186
1763856540002,221667908175
1763856541002,221791003136
1763856542002,221913383926
1763856543002,222032515152
1763856544002,222154449471
1763856545002,222275784427
1763856546002,222396502501
1763856547002,222518297417
1763856548002,222638554982
1763856549002,222761983133
1763856550002,222885274016
1763856551002,223009924454
1763856552002,223134992981
1763856553002,223257997732
1763856554002,223379651596
1763856555002,223500395671
1763856556002,223625701686
1763856557002,223751697457
1763856558002,223875983943
1763856559002,224000273847
1763856560002,224124905181
1763856561002,224249833633
1763856562002,224372250190
1763856563002,224494464416
1763856564002,224615403987
1763856565002,224732123658
1763856566002,224845177873
1763856567002,224957755771
1763856568002,225076961032
1763856569002,225198250334
1763856570002,225319316857
1763856571002,225439068870
1763856572002,225560163653
1763856573002,225680546462
1763856574002,225802857306
1763856575002,225922018684
1763856576002,226046124323
1763856577002,226168499559
1763856578002,226287139758
1763856579002,226410152566
1763856580002,226533231291
1763856581002,226655644491
1763856582002,226778064099
1763856583002,226902417053
1763856584002,227025820179
1763856585002,227148355632
1763856586002,227270355198
1763856587002,227393428979
1763856588002,227517317761
1763856589002,227641100403
1763856590002,227764924915
1763856591002,227887982584
1763856592002,228012962855
1763856593002,228136709547
1763856594002,228259145452
1763856595002,228384947620
1763856596002,228511531891
1763856597002,228637211989
1763856598002,228759543707
1763856599002,228885022329
1763856600002,229000704772
1763856601002,229117533025
1763856602002,229239052123
1763856603002,229360603875
1763856604002,229484704082
1763856605002,229607764619
1763856606002,229727279877
1763856607002,229852186174
1763856608002,229975069770
1763856609002,230100675100
1763856610002,230228082733
1763856611002,230356651740
1763856612002,230483157947
1763856613002,230610901516
1763856614002,230738009406
1763856615002,230864878344
1763856616002,230992052030
1763856617002,231120012274
1763856618002,231247758956
1763856619002,231374900842
1763856620002,231498836621
1763856621002,231625706353
1763856622002,231752039159
1763856623002,231880320203
1763856624002,232007755179
1763856625002,232135765533
1763856626002,232265768313
1763856627002,232393876383
1763856628002,232519577966
1763856629002,232646876773
1763856630002,232778300570
1763856631002,232910108643
1763856632002,233038719703
1763856633002,233165571856
1763856634002,233293658442
1763856635002,233424992396
1763856636002,233553017154
1763856637002,233681001140
1763856638002,233807203881
1763856639002,233934685549
1763856640002,234058920521
1763856641002,234185357881
1763856642002,234312562511
1763856643002,234439295890
1763856644002,234566742464
1763856645002,234693628247
1763856646002,234818754209
1763856647002,234944601360
1763856648002,235070541833
1763856649002,235196849188
1763856650002,235321827384
1763856651002,235441550832
1763856652002,235561530994
1763856653002,235679148307
1763856654002,235794881409
1763856655002,235914441711
1763856656002,236033416077
1763856657002,236154716853
1763856658002,236276252003
1763856659002,236400096474
1763856660002,236524145168
1763856661002,236648599500
1763856662002,236772399293
1763856663002,236896073537
1763856664002,237021372593
1763856665002,237148112808
1763856666002,237275017147
1763856667002,237400548686
1763856668002,237525253933
1763856669002,237651136057
1763856670002,237774385009
1763856671002,237894177793
1763856672002,238014669428
1763856673002,238134189508
1763856674002,238253471063
1763856675002,238372562127
1763856676002,238491842279
1763856677002,238613794359
1763856678002,238735721232
1763856679002,238859325164
1763856680002,238982765033
1763856681002,239106206978
1763856682002,239229458432
1763856683002,239350467888
1763856684002,239470274405
1763856685002,239594751381
1763856686002,239722854874
1763856687002,239848665160
1763856688002,239973821639
1763856689002,240097943453
1763856690002,240223052996
1763856691002,240346383368
1763856692002,240469483029
1763856693002,240591606557
1763856694002,240711451831
1763856695002,240828573174
1763856696002,240947649896
1763856697002,241067387931
1763856698002,241187917530
1763856699002,241308099046
1763856700002,241429950541
1763856701002,241549805520
1763856702002,241670344640
1763856703002,241786666119
1763856704002,241910984893
1763856705002,242035258012
1763856706002,242161261169
1763856707002,242284570912
1763856708002,242408263039
1763856709002,242529955964
1763856710002,242650433195
1763856711002,242775410353
1763856712002,242900375060
1763856713002,243022087334
1763856714002,243144303147
1763856715002,243260465996
1763856716002,243378305782
1763856717002,243496085876
1763856718002,243614567202
1763856719002,243734229310
1763856720002,243857317313
1763856721002,243981596718
1763856722002,244106075770
1763856723002,244231349314
1763856724002,244353319522
1763856725002,244478997484
1763856726002,244601706642
1763856727002,244724118011
1763856728002,244844955043
1763856729002,244966070944
1763856730002,245092065738
1763856731002,245220521647
1763856732002,245346805077
1763856733002,245472080208
1763856734002,245596838311
1763856735002,245719722762
1763856736002,245847258751
1763856737002,245974762026
1763856738002,246100894394
1763856739002,246230112691
1763856740002,246358234616
1763856741002,246485543922
1763856742002,246612458636
1763856743002,246739536252
1763856744002,246868886934
1763856745002,246996988779
1763856746002,247125737473
1763856747002,247254307701
1763856748002,247380636845
1763856749002,247505615041
1763856750002,247633565519
1763856751002,247759230175
1763856752002,247886708487
1763856753002,248013809479
1763856754002,248140197889
1763856755002,248264672790
1763856756002,248391254924
1763856757002,248518963094
1763856758002,248648579827
1763856759002,248777740996
1763856760002,248903435681
1763856761002,249029349848
1763856762002,249158791045
1763856763002,249287463018
1763856764002,249415324202
1763856765002,249542574487
1763856766002,249670567323
1763856767002,249799683631
1763856768002,249929046764
1763856769002,250055062738
1763856770002,250181617345
1763856771002,250309179946
1763856772002,250435850520
1763856773002,250564289706
1763856774002,250692601084
1763856775002,250820966478
1763856776002,250951808123
1763856777002,251082204884
1763856778002,251207602878
1763856779002,251335830760
1763856780002,251464871507
1763856781002,251595954850
1763856782002,251725316824
1763856783002,251852914275
1763856784002,251979345775
1763856785002,252109323348
1763856786002,252239794388
1763856787002,252368309746
1763856788002,252492848062
1763856789002,252619020468
1763856790002,252744161200
1763856791002,252869183585
1763856792002,252995748569
1763856793002,253121451494
1763856794002,253249234431
1763856795002,253378053926
1763856796002,253504207167
1763856797002,253630267819
1763856798002,253757151405
1763856799002,253886298840
1763856800002,254014571339
1763856801002,254140666048
1763856802002,254267475233
1763856803002,254388588143
1763856804002,254509306706
1763856805002,254635575182
1763856806002,254760043003
1763856807002,254885043659
1763856808002,255004056538
1763856809002,255123492878
1763856810002,255241589438
1763856811002,255360512046
1763856812002,255478932031
1763856813002,255597482387
1763856814002,255712714819
1763856815002,255824382746
1763856816002,255936815869
1763856817002,256051286462
1763856818002,256170708153
1763856819002,256290048607
1763856820002,256412959242
1763856821002,256535168402
1763856822002,256657299742
1763856823002,256778693658
1763856824002,256899115468
1763856825002,257025006137
1763856826002,257152150648
1763856827002,257277838681
1763856828002,257402170272
1763856829002,257527053741
1763856830002,257651384783
1763856831002,257774632941
1763856832002,257896508057
1763856833002,258012540902
1763856834002,258131079600
1763856835002,258249261243
1763856836002,258366692400
1763856837002,258486551285
1763856838002,258607505382
1763856839002,258728435553
1763856840002,258851738644
1763856841002,258973556569
1763856842002,259095624372
1763856843002,259215803996
1763856844002,259336549658
1763856845002,259466426462
1763856846002,259593751148
1763856847002,259717158303
1763856848002,259840445036
1763856849002,259966193920
1763856850002,260091573604
1763856851002,260212878347
1763856852002,260336491740
1763856853002,260460372953
1763856854002,260581502526
1763856855002,260702228108
1763856856002,260824632763
1763856857002,260948333130
1763856858002,261072033680
1763856859002,261193932416
1763856860002,261317907623
1763856861003,261441806903
1763856862002,261559105370
1763856863002,261675658050
1763856864002,261790806559
1763856865002,261912754184
1763856866002,262033814665
1763856867002,13954187
1763856868002,137659620
1763856869002,262547484
1763856870002,387257309
1763856871002,511659639
1763856872002,630713778
1763856873002,746131878
1763856874002,863286303
1763856875002,983212876
1763856876002,1104507121
1763856877002,1215384828
1763856878002,1328483293
1763856879002,1444297083
1763856880002,1563838525
1763856881002,1683406945
1763856882002,1803980672
1763856883002,1925049515
1763856884002,2047985418
1763856885002,2169906554
1763856886002,2293104359
1763856887002,2414171370
1763856888002,2538060275
1763856889002,2661656455
1763856890002,2782517229
1763856891002,2903230787
1763856892002,3018600243
1763856893002,3135834867
1763856894002,3258420552
1763856895002,3380710034
1763856896002,3501647957
1763856897002,3624548826
1763856898002,3745586236
1763856899002,3866077444
1763856900002,3986505175
1763856901002,4107767987
1763856902002,4228169351
1763856903002,4349220250
1763856904002,4468367162
1763856905002,4589235260
1763856906002,4708629791
1763856907002,4824776466
1763856908002,4938958913
1763856909002,5062116984
1763856910002,5187586756
1763856911002,5310934829
1763856912002,5432331674
1763856913002,5555441649
1763856914002,5680231857
1763856915002,5801472635
1763856916002,5921109963
1763856917002,6046077905
1763856918002,6169444594
1763856919002,6294197265
1763856920002,6418809861
1763856921002,6543693819
1763856922002,6669361161
1763856923002,6794948730
1763856924002,6923407630
1763856925002,7051506667
1763856926002,7178763665
1763856927002,7304348427
1763856928002,7431741961
1763856929002,7561197623
1763856930002,7687108616
1763856931002,7813641496
1763856932002,7941423273
1763856933002,8069308505
1763856934002,8193704854
1763856935002,8318714665
1763856936002,8444911181
1763856937002,8572501552
1763856938002,8698983773
1763856939002,8825497609
1763856940002,8949952185
1763856941002,9077359696
1763856942002,9204127072
1763856943002,9329106000
1763856944002,9453369964
1763856945002,9579681286
1763856946002,9703042909
1763856947002,9827215503
1763856948002,9950862526
1763856949002,10075429529
1763856950002,10196561665
1763856951002,10318166700
1763856952002,10442953612
1763856953002,10565393118
1763856954002,10684409720
1763856955002,10806468001
1763856956002,10929111852
1763856957002,11053141259
1763856958002,11176180739
1763856959002,11300305238
1763856960002,11424306263
1763856961002,11547210124
1763856962002,11670198761
1763856963002,11791040737
1763856964002,11907577853
1763856965002,12024319742
1763856966002,12143432657
1763856967002,12264063025
1763856968002,12386178862
1763856969002,12507547021
1763856970002,12629698136
1763856971002,12751745614
1763856972002,12872679448
1763856973002,12997690541
1763856974002,13123227268
1763856975002,13246699608
1763856976002,13369859083
1763856977002,13493871217
1763856978002,13616802787
1763856979002,13740243816
1763856980002,13863825836
1763856981002,13986625754
1763856982002,14110038524
1763856983002,14232838197
1763856984002,14354118038
1763856985002,14474889335
1763856986002,14596271105
1763856987002,14718804665
1763856988002,14837889138
1763856989002,14958103858
1763856990002,15079712799
1763856991002,15198926178
1763856992002,15319564846
1763856993002,15444201368
1763856994002,15567968202
1763856995002,15690151605
1763856996002,15811731372
1763856997002,15933299969
1763856998002,16051781356
1763856999002,16172161480
1763857000002,16292042764
1763857001002,16411539895
1763857002002,16532178014
1763857003002,16653235077
1763857004002,16772780792
1763857005002,16891977691
1763857006002,17008889074
1763857007002,17126734658
1763857008002,17243495773
1763857009002,17360948475
1763857010002,17476283629
1763857011002,17590806529
1763857012002,17704547083
1763857013002,17818890601
1763857014002,17932800893
1763857015002,18043622204
1763857016002,18154268039
1763857017002,18265359978
1763857018002,18379271674
1763857019002,18492919637
1763857020002,18607806856
1763857021002,18722193709
1763857022002,18834181581
1763857023002,18950378061
1763857024002,19068750195
1763857025002,19186273697
1763857026002,19303573141
1763857027002,19425175308
1763857028002,19539101102
1763857029002,19654539039
1763857030002,19768763295
1763857031002,19881214606
1763857032002,19992950404
1763857033002,20110604644
1763857034002,20229143220
1763857035002,20345933265
1763857036002,20464503091
1763857037002,20582831157
1763857038002,20704279211
1763857039002,20825527802
1763857040002,20945515043
1763857041002,21064771696
1763857042002,21183603057
1763857043002,21309485303
1763857044002,21435821711
1763857045002,21562546911
1763857046002,21685019803
1763857047002,21806516318
1763857048002,21928151322
1763857049002,22045929402
1763857050002,22160612519
1763857051002,22275141156
1763857052002,22389774957
1763857053002,22504113531
1763857054002,22617918050
1763857055002,22736511679
1763857056002,22856276631
1763857057002,22980172127
1763857058002,23104638544
1763857059002,23229578898
1763857060002,23354428615
1763857061002,23475475486
1763857062002,23600284004
1763857063002,23722761901
1763857064002,23845466116
1763857065002,23969399026
1763857066002,24099268139
1763857067002,24228148791
1763857068002,24356369288
1763857069002,24483577397
1763857070002,24610787276
1763857071002,24737341274
1763857072002,24861726942
1763857073002,24979186175
1763857074002,25094859157
1763857075002,25211144443
1763857076002,25327208904
1763857077002,25445330428
1763857078002,25561880118
1763857079002,25679308589
1763857080002,25797785336
1763857081002,25917132504
1763857082002,26043173441
1763857083002,26169998373
1763857084002,26294922003
1763857085002,26418382686
1763857086002,26544699867
1763857087002,26670285483
1763857088002,26795974431
1763857089002,26920650382
1763857090002,27047311923
1763857091002,27173337113
1763857092002,27298548096
1763857093002,27425348186
1763857094002,27551076868
1763857095002,27674594802
1763857096002,27799082093
1763857097002,27925163862
1763857098002,28051280117
1763857099002,28178443060
1763857100002,28303492057
1763857101002,28428787634
1763857102002,28558124889
1763857103002,28685550283
1763857104002,28814030728
1763857105002,28940778206
1763857106002,29065697686
1763857107002,29196341089
1763857108002,29327797723
1763857109002,29459513023
1763857110002,29586934144
1763857111002,29714407878
1763857112002,29842180622
1763857113002,29967466373
1763857114002,30090783502
1763857115002,30210489006
1763857116002,30335496986
1763857117002,30462855913
1763857118002,30590137387
1763857119002,30715713603
1763857120002,30840313382
1763857121002,30963834001
1763857122002,31089644531
1763857123002,31218263953
1763857124002,31348426400
1763857125002,31478164532
1763857126002,31606685322
1763857127002,31736888540
1763857128002,31866385584
1763857129002,31996222349
1763857130002,32122165020
1763857131002,32245693512
1763857132002,32372763500
1763857133002,32501546861
1763857134002,32630146019
1763857135002,32758101807
1763857136002,32885110149
1763857137002,33013122578
1763857138002,33141481014
1763857139002,33270747590
1763857140002,33397155775
1763857141002,33524164971
1763857142002,33653641080
1763857143002,33781396307
1763857144002,33907344654
1763857145002,34036571557
1763857146002,34165278137
1763857147002,34296578826
1763857148002,34425865238
1763857149002,34555963782
1763857150002,34683964370
1763857151002,34808197023
1763857152002,34930805230
1763857153002,35052209582
1763857154002,35178923308
1763857155002,35307232794
1763857156002,35433431629
1763857157002,35560181731
1763857158002,35687146189
1763857159002,35814139028
1763857160002,35934855760
1763857161002,36056472880
1763857162002,36175863139
1763857163002,36296307227
1763857164002,36416487095
1763857165002,36539079128
1763857166002,36663575940
1763857167002,36787807556
1763857168002,36912355699
1763857169002,37034522195
1763857170002,37159577783
1763857171002,37284736704
1763857172002,37409531123
1763857173002,37536438635
1763857174002,37664679884
1763857175002,37792467704
1763857176002,37919155612
1763857177002,38046150404
1763857178002,38172650873
1763857179002,38301171907
1763857180002,38428790293
1763857181002,38555393607
1763857182002,38682969025
1763857183002,38810116222
1763857184002,38939125230
1763857185002,39067345055
1763857186002,39192876716
1763857187002,39319038442
1763857188002,39444130040
1763857189002,39571255997
1763857190002,39697683285
1763857191002,39821253526
1763857192002,39943479287
1763857193002,40066979093
1763857194002,40191697401
1763857195002,40306049770
1763857196002,40420117776
1763857197002,40532293026
1763857198002,40649048403
1763857199002,40766628120
1763857200002,40887138309
1763857201002,41009627681
1763857202002,41130812002
1763857203002,41252922041
1763857204002,41375612828
1763857205002,41502573684
1763857206002,41627476441
1763857207002,41753549665
1763857208002,41877486543
1763857209002,42004062818
1763857210002,42131108147
1763857211002,42257327062
1763857212002,42384637710
1763857213002,42511656428
1763857214002,42636463054
1763857215002,42763339072
1763857216002,42890204898
1763857217002,43017893352
1763857218002,43143676050
1763857219002,43269106271
1763857220002,43393929194
1763857221002,43520221351
1763857222002,43646843402
1763857223002,43771238348
1763857224002,43893296629
1763857225002,44009354254
1763857226002,44132140500
1763857227002,44259034584
1763857228002,44381529022
1763857229002,44502603419
1763857230002,44625586258
1763857231002,44748808721
1763857232002,44866935433
1763857233002,44988262088
1763857234002,45108410279
1763857235002,45233520920
1763857236002,45358575837
1763857237002,45479529140
1763857238002,45599889245
1763857239002,45718757776
1763857240002,45839298483
1763857241002,45965953921
1763857242002,46089155143
1763857243002,46214355140
1763857244002,46340438619
1763857245002,46467331299
1763857246002,46595282815
1763857247002,46724050369
1763857248002,46850450985
1763857249002,46978699131
1763857250002,47109160528
1763857251002,47238522013
1763857252002,47366520465
1763857253002,47493815305
1763857254002,47623175081
1763857255002,47753111150
1763857256002,47882512552
1763857257002,48010823442
1763857258002,48139129143
1763857259002,48269229579
1763857260002,48397891115
1763857261002,48523702927
1763857262002,48649173858
1763857263002,48780382079
1763857264002,48912681484
1763857265002,49044434016
1763857266002,49172469333
1763857267002,49303846071
1763857268002,49429064013
1763857269002,49553903659
1763857270002,49676342249
1763857271002,49793680267
1763857272002,49913365751
1763857273002,50032470244
1763857274002,50146782756
1763857275002,50264881270
1763857276002,50380059930
1763857277002,50493979804
1763857278002,50614513248
1763857279002,50736313229
1763857280002,50855956112
1763857281002,50978430713
1763857282002,51101334512
1763857283002,51225408962
1763857284002,51348781510
1763857285002,51473328066
1763857286002,51597816151
1763857287002,51720783610
1763857288002,51846669579
1763857289002,51973067204
1763857290002,52099288744
1763857291002,52225172577
1763857292002,52351158888
1763857293002,52476777890
1763857294002,52602626811
1763857295002,52728506738
1763857296002,52853358225
1763857297002,52976981810
1763857298002,53099363760
1763857299002,53226677704
1763857300002,53354561837
1763857301002,53482507188
1763857302002,53609764125
1763857303002,53737757267
1763857304002,53864330063
1763857305002,53988851046
1763857306002,54112059959
1763857307002,54233150835
1763857308002,54352261980
1763857309002,54474096080
1763857310002,54600881949
1763857311002,54727931551
1763857312002,54854082839
1763857313002,54972905045
1763857314002,55094176890
1763857315002,55213992685
1763857316002,55335340640
1763857317002,55456765073
1763857318002,55577740472
1763857319002,55697873709
1763857320002,55822754981
1763857321002,55947621544
1763857322002,56073384894
1763857323002,56200495286
1763857324002,56327281766
1763857325002,56450953019
1763857326002,56576896544
1763857327002,56704070962
1763857328002,56827473906
1763857329002,56954168405
1763857330002,57081248097
1763857331002,57210862939
1763857332002,57339788573
1763857333002,57467154702
1763857334002,57593462850
1763857335002,57721899472
1763857336002,57851471833
1763857337002,57980324409
1763857338002,58106634022
1763857339002,58231656285
1763857340002,58358560440
1763857341002,58484254637
1763857342002,58606062980
1763857343002,58725045403
1763857344002,58843720209
1763857345002,58970398229
1763857346002,59094219079
1763857347002,59217879895
1763857348002,59332027491
1763857349002,59448774751
1763857350002,59563610273
1763857351002,59680825244
1763857352002,59798606009
1763857353002,59915638424
1763857354002,60033462402
1763857355002,60153129699
1763857356002,60274789543
1763857357002,60395159169
1763857358002,60513746024
1763857359002,60634478015
1763857360002,60752005546
1763857361002,60874815778
1763857362002,60997850681
1763857363002,61122244039
1763857364002,61245059948
1763857365002,61368069154
1763857366002,61491960439
1763857367002,61618553254
1763857368002,61744532607
1763857369002,61869237671
1763857370002,61992687855
1763857371002,62114902264
1763857372002,62237450779
1763857373002,62359578945
1763857374002,62481202657
1763857375002,62601446429
1763857376002,62721004228
1763857377002,62846200868
1763857378002,62970504627
1763857379002,63096338839
1763857380002,63219051354
1763857381002,63342866040
1763857382002,63464982487
1763857383002,63588453790
1763857384002,63712027448
1763857385002,63834134740
1763857386002,63953238684
1763857387002,64074117402
1763857388002,64195802027
1763857389002,64322582709
1763857390002,64446880425
1763857391002,64570771771
1763857392002,64697310509
1763857393002,64823433294
1763857394002,64947572808
1763857395002,65073615759
1763857396002,65199624714
1763857397002,65325924989
1763857398002,65453194316
1763857399002,65579714928
1763857400002,65704991279
1763857401002,65830829092
1763857402002,65959391080
1763857403002,66087031988
1763857404002,66212993336
1763857405002,66341131924
1763857406002,66468739629
1763857407002,66596367110
1763857408002,66723885949
1763857409002,66850327642
1763857410002,66977705611
1763857411002,67105518578
1763857412002,67233548035
1763857413002,67362556067
1763857414002,67489698563
1763857415002,67617750360
1763857416002,67745261813
1763857417002,67872923473
1763857418002,67999436394
1763857419002,68128167937
1763857420002,68255630379
1763857421002,68378312377
1763857422002,68501712513
1763857423002,68628316437
1763857424002,68750124658
1763857425002,68871377460
1763857426002,68991001910
1763857427002,69114420844
1763857428002,69237106688
1763857429002,69364076516
1763857430002,69489301721
1763857431002,69612891919
1763857432002,69736409120
1763857433005,69856618835
1763857434002,69979585805
1763857435002,70100440781
1763857436002,70219143846
1763857437002,70337963611
1763857438002,70459241498
1763857439002,70581339208
1763857440002,70705063196
1763857441002,70828146865
1763857442002,70951252019
1763857443002,71074853204
1763857444002,71197206772
1763857445002,71323478544
1763857446002,71449665232
1763857447002,71576235465
1763857448002,71701040993
1763857449002,71826851950
1763857450002,71950926400
1763857451002,72076104730
1763857452002,72200945414
1763857453002,72323983001
1763857454002,72452037849
1763857455002,72579500048
1763857456002,72707884485
1763857457002,72833351326
1763857458002,72958947318
1763857459002,73085103367
1763857460002,73209957479
1763857461002,73334998297
1763857462002,73460600758
1763857463002,73584471657
1763857464002,73706036287
1763857465002,73835475958
1763857466002,73963667830
1763857467002,74090489588
1763857468002,74215346568
1763857469002,74341578667
1763857470002,74464039291
1763857471002,74586956029
1763857472002,74708748503
1763857473002,74830505638
1763857474002,74955007882
1763857475002,75078801450
1763857476002,75200370535
1763857477002,75324067667
1763857478002,75447092743
1763857479002,75571181354
1763857480002,75696056034
1763857481002,75822533738
1763857482002,75947876251
1763857483002,76071077230
1763857484002,76194954964
1763857485002,76320519584
1763857486002,76446634130
1763857487002,76570070825
1763857488002,76692937027
1763857489002,76817210940
1763857490002,76943821761
1763857491002,77069271635
1763857492002,77192431048
1763857493002,77315247690
1763857494002,77434547982
1763857495002,77555261724
1763857496002,77676820311
1763857497002,77797674738
1763857498002,77917752678
1763857499002,78040627974
1763857500002,78164139193
1763857501002,78283439120
1763857502002,78403833343
1763857503002,78522845856
1763857504002,78642069732
1763857505002,78765744770
1763857506002,78880974822
1763857507002,78999136750
1763857508002,79113762617
1763857509002,79229607718
1763857510002,79347294612
1763857511002,79466763483
1763857512002,79586623345
1763857513002,79703747679
1763857514002,79825710684
1763857515002,79948781414
1763857516002,80070978489
1763857517002,80196035908
1763857518002,80319763130
1763857519002,80445717947
1763857520002,80571818027
1763857521002,80698063492
1763857522002,80822815004
1763857523002,80947028187
1763857524002,81075442409
1763857525002,81205919675
1763857526002,81333840429
1763857527002,81460263140
1763857528002,81586513244
1763857529002,81714476113
1763857530002,81842707779
1763857531002,81968402831
1763857532002,82092356493
1763857533002,82217692171
1763857534002,82341809040
1763857535002,82470920648
1763857536002,82597817723
1763857537002,82725111770
1763857538002,82850354736
1763857539002,82976950237
1763857540002,83103496971
1763857541002,83230435000
1763857542002,83357099166
1763857543002,83481107515
1763857544002,83608014661
1763857545002,83735373649
1763857546002,83863452606
1763857547002,83983605374
1763857548002,84107433854
1763857549002,84233175597
1763857550002,84360017375
1763857551002,84487434712
1763857552002,84614555236
1763857553002,84741752604
1763857554002,84868025596
1763857555002,84995309694
1763857556002,85124431922
1763857557002,85248782372
1763857558002,85374245552
1763857559002,85502252427
1763857560002,85631822713
1763857561002,85761744804
1763857562002,85890665678
1763857563002,86018119148
1763857564002,86146979475
1763857565002,86276529680
1763857566002,86405008172
1763857567002,86533011507
1763857568002,86659359877
1763857569002,86787624502
1763857570002,86916498562
1763857571002,87043805426
1763857572002,87170946153
1763857573002,87298513026
1763857574002,87420593951
1763857575002,87542390087
1763857576002,87663822516
1763857577002,87782487007
1763857578002,87899604261
1763857579002,88014372094
1763857580002,88131760588
1763857581002,88250804045
1763857582002,88368016453
1763857583002,88486566564
1763857584002,88605464392
1763857585002,88724373634
1763857586002,88846000886
1763857587002,88966519620
1763857588002,89085655118
1763857589002,89204926480
1763857590002,89324000944
1763857591002,89448009049
1763857592002,89570857062
1763857593002,89693669126
1763857594002,89816382191
1763857595002,89939168375
1763857596002,90065652976
1763857597002,90192212527
1763857598002,90317099659
1763857599002,90439130901
1763857600002,90557405440
1763857601002,90676327377
1763857602002,90794659715
1763857603002,90913333057
1763857604002,91031228507
1763857605002,91148627010
1763857606002,91271117663
1763857607002,91392490277
1763857608002,91512227886
1763857609002,91635078401
1763857610002,91758782430
1763857611002,91882052928
1763857612002,92005514404
1763857613002,92130108262
1763857614002,92250733625
1763857615002,92375066558
1763857616002,92501178967
1763857617002,92627519525
1763857618002,92752290263
1763857619002,92877703577
1763857620002,93003079355
1763857621002,93127433224
1763857622002,93251650618
1763857623002,93377207364
1763857624002,93501092973
1763857625002,93623266244
1763857626002,93745795715
1763857627002,93867327936
1763857628002,93987419486
1763857629002,94107558095
1763857630002,94228327622
1763857631002,94349084454
1763857632002,94471162511
1763857633002,94593338162
1763857634002,94716617815
1763857635002,94839282235
1763857636002,94959668889
1763857637002,95080556275
1763857638002,95207691265
1763857639002,95336270464
1763857640002,95462774291
1763857641002,95589490275
1763857642002,95715598595
1763857643002,95838756910
1763857644002,95959240366
1763857645002,96078344065
1763857646002,96196648084
1763857647002,96317619393
1763857648002,96441135068
1763857649002,96564025195
1763857650002,96685472455
1763857651002,96805790384
1763857652002,96927554538
1763857653002,97051200156
1763857654002,97173111465
1763857655002,97291241229
1763857656002,97410459368
1763857657002,97529541400
1763857658002,97650480543
1763857659002,97772423346
1763857660002,97893664186
1763857661002,98010820807
1763857662002,98126888687
1763857663002,98248047678
1763857664002,98373494867
1763857665002,98496224350
1763857666002,98619298681
1763857667002,98742824549
1763857668002,98868357125
1763857669002,98998349346
1763857670002,99126483723
1763857671002,99252463076
1763857672002,99378959944
1763857673002,99505576380
1763857674002,99637052789
1763857675002,99767230007
1763857676002,99893526437
1763857677002,100018191706
1763857678002,100144683265
1763857679002,100273322096
1763857680002,100402732043
1763857681002,100529755948
1763857682002,100657183723
1763857683002,100779939878
1763857684002,100900469416
1763857685002,101026797034
1763857686002,101156330516
1763857687002,101285897506
1763857688002,101413301660
1763857689002,101540224370
1763857690002,101667399276
1763857691002,101795030358
1763857692002,101921452215
1763857693002,102047292957
1763857694002,102171158912
1763857695002,102297609943
1763857696002,102426754022
1763857697002,102555582549
1763857698002,102682843759
1763857699002,102809905629
1763857700002,102935346958
1763857701002,103060280110
1763857702002,103185981021
1763857703002,103311562242
1763857704002,103436990388
1763857705002,103562407792
1763857706002,103687732788
1763857707002,103813709089
1763857708002,103938349456
1763857709002,104063594680
1763857710002,104190226558
1763857711002,104315286846
1763857712002,104440721522
1763857713002,104566806954
1763857714002,104693429921
1763857715002,104819269992
1763857716002,104943554158
1763857717002,105067688423
1763857718002,105192780022
1763857719002,105317632546
1763857720002,105441467190
1763857721002,105565205094
1763857722002,105689585635
1763857723002,105814890490
1763857724002,105940679352
1763857725002,106064835834
1763857726002,106182532981
1763857727002,106298880278
1763857728002,106411329270
1763857729002,106525846494
1763857730002,106642954105
1763857731002,106761806767
1763857732002,106882637817
1763857733002,107003223324
1763857734002,107126606980
1763857735002,107249743445
1763857736002,107372508817
1763857737002,107495634417
1763857738002,107618242196
1763857739002,107743454827
1763857740002,107869940832
1763857741002,107996521257
1763857742002,108118403208
1763857743002,108238182260
1763857744002,108356587779
1763857745002,108478567386
1763857746002,108601236445
1763857747002,108725775250
1763857748002,108848007725
1763857749002,108970432216
1763857750002,109094357802
1763857751002,109217813907
1763857752002,109342463795
1763857753002,109467973728
1763857754002,109591895591
1763857755002,109716966621
1763857756002,109842378836
1763857757002,109969181612
1763857758002,110090173002
1763857759002,110209709317
1763857760002,110331740621
1763857761002,110453081802
1763857762002,110570130513
1763857763002,110692258802
1763857764002,110811980846
1763857765002,110933403082
1763857766002,111053869204
1763857767002,111172593998
1763857768002,111291590886
1763857769002,111408142650
1763857770002,111523632467
1763857771002,111644945755
1763857772002,111767196907
1763857773002,111886093392
1763857774002,112007759646
1763857775002,112124822151
1763857776002,112243697762
1763857777002,112365337649
1763857778002,112487101924
1763857779002,112608935414
1763857780002,112728283375
1763857781002,112850294293
1763857782002,112971739050
1763857783002,113093181916
1763857784002,113213543973
1763857785002,113337097917
1763857786002,113460043525
1763857787002,113585900015
1763857788002,113710949072
1763857789002,113835220299
1763857790002,113957918472
1763857791002,114079867500
1763857792002,114207030932
1763857793002,114335513940
1763857794002,114462838566
1763857795002,114586608146
1763857796002,114712658483
1763857797002,114837629720
1763857798002,114962181343
1763857799002,115087110954
1763857800002,115211266948
1763857801002,115336080593
1763857802002,115459822342
1763857803002,115584935730
1763857804002,115710550337
1763857805002,115835323944
1763857806002,115959308123
1763857807002,116080437574
1763857808002,116202279975
1763857809002,116325621395
1763857810002,116446832266
1763857811002,116567698534
1763857812002,116687889449
1763857813002,116802912897
1763857814002,116919691895
1763857815002,117038340517
1763857816002,117157087711
1763857817002,117274102060
1763857818002,117389939410
1763857819002,117509192705
1763857820002,117628466509
1763857821002,117748259720
1763857822002,117867060808
1763857823002,117986182085
1763857824002,118106365981
1763857825002,118225658401
1763857826002,118345109694
1763857827002,118464451552
1763857828002,118583771681
1763857829002,118703289319
1763857830002,118822807812
1763857831002,118942523082
1763857832002,119061432933
1763857833002,119180604503
1763857834002,119299904796
1763857835002,119418810498
1763857836002,119537935193
1763857837002,119657065442
1763857838002,119775554701
1763857839002,119895785107
1763857840002,120014331678
1763857841002,120133976147
1763857842002,120256112980
1763857843002,120372346997
1763857844002,120485599331
1763857845002,120600772437
1763857846002,120717649641
1763857847002,120837412762
1763857848002,120957125651
1763857849002,121078877659
1763857850002,121199124299
1763857851002,121318363496
1763857852002,121436399998
1763857853002,121556398226
1763857854002,121681641252
1763857855002,121806345950
1763857856002,121930258597
1763857857002,122054801857
1763857858002,122178183866
1763857859002,122302192887
1763857860002,122422426710
1763857861003,122546763244
1763857862002,122670933215
1763857863002,122795189305
1763857864002,122917833522
1763857865002,123041075639
1763857866002,123164179510
1763857867002,123288019403
1763857868002,123408995717
1763857869002,123531017927
1763857870002,123653819736
1763857871002,123777468285
1763857872002,123900152236
1763857873002,124021052378
1763857874002,124146178522
1763857875002,124272155312
1763857876002,124397292137
1763857877002,124519734756
1763857878002,124639625562
1763857879002,124754695519
1763857880002,124872424100
1763857881002,124993044946
1763857882002,125111145168
1763857883002,125233909136
1763857884002,125352075093
1763857885002,125467514617
1763857886002,125588333827
1763857887002,125707865748
1763857888002,125828104576
1763857889002,125947193199
1763857890002,126065131740
1763857891002,126184666895
1763857892002,126303377590
1763857893002,126424209373
1763857894002,126547391858
1763857895002,126669666203
1763857896002,126790849364
1763857897002,126911111263
1763857898002,127033809802
1763857899002,127158930087
1763857900002,127283553303
1763857901002,127408923405
1763857902002,127533553823
1763857903002,127661741300
1763857904002,127790459171
1763857905002,127917239120
1763857906002,128042881743
1763857907002,128164368736
1763857908002,128289262765
1763857909002,128418694745
1763857910002,128549199050
1763857911002,128678963854
1763857912002,128805450164
1763857913002,128937119260
1763857914002,129068995083
1763857915002,129196157233
1763857916002,129321592764
1763857917002,129445331460
1763857918002,129571179161
1763857919002,129698444582
1763857920002,129825152815
1763857921002,129951768579
1763857922002,130080734192
1763857923002,130204876696
1763857924002,130328374305
1763857925002,130450411285
1763857926002,130576018202
1763857927002,130703831718
1763857928002,130829410925
1763857929002,130954252585
1763857930002,131080510319
1763857931002,131209028239
1763857932002,131334768701
1763857933002,131458609632
1763857934002,131582426087
1763857935002,131709635356
1763857936002,131835279993
1763857937002,131961611701
1763857938002,132088650560
1763857939002,132214067903
1763857940002,132337212180
1763857941002,132461163034
1763857942002,132584788511
1763857943002,132708928513
1763857944002,132834817595
1763857945002,132960933117
1763857946002,133084289979
1763857947002,133207281669
1763857948002,133331001628
1763857949002,133456364649
1763857950002,133581619394
1763857951002,133704804443
1763857952002,133827793325
1763857953002,133952852148
1763857954002,134078622334
1763857955002,134202995062
1763857956002,134325176329
1763857957002,134447462759
1763857958002,134566487051
1763857959002,134684805413
1763857960002,134800652712
1763857961002,134918632756
1763857962002,135040604246
1763857963002,135161802910
1763857964002,135280951287
1763857965002,135401217031
1763857966002,135519544975
1763857967002,135637046872
1763857968002,135758528739
1763857969002,135883272438
1763857970002,136009650532
1763857971002,136135422915
1763857972002,136261705734
1763857973002,136387508268
1763857974002,136513911021
1763857975002,136642508958
1763857976002,136768793486
1763857977002,136896346382
1763857978002,137024634384
1763857979002,137151661708
1763857980002,137277578317
1763857981002,137403965139
1763857982002,137532863308
1763857983002,137653482139
1763857984002,137771142727
1763857985002,137891981590
1763857986002,138012585773
1763857987002,138135636789
1763857988002,138257163272
1763857989002,138380908256
1763857990002,138506087379
1763857991002,138631752462
1763857992002,138756075203
1763857993002,138879986751
1763857994002,139007380285
1763857995002,139139762209
1763857996002,139271131685
1763857997002,139396572282
1763857998002,139523426266
1763857999002,139645940357
1763858000002,139768309245
1763858001002,139893281276
1763858002002,140017975964
1763858003002,140143317379
1763858004002,140268516460
1763858005002,140393549221
1763858006002,140518719372
1763858007002,140642490601
1763858008002,140768865705
1763858009002,140895570092
1763858010002,141022598331
1763858011002,141150517804
1763858012002,141277326012
1763858013002,141403357244
1763858014002,141521858955
1763858015002,141640833077
1763858016002,141759830514
1763858017002,141884999383
1763858018002,142009186138
1763858019002,142134468898
1763858020002,142259627879
1763858021002,142385819024
1763858022002,142511458411
1763858023002,142634571194
1763858024002,142761441353
1763858025002,142891938028
1763858026002,143020187578
1763858027002,143145616456
1763858028002,143271041367
1763858029002,143399857809
1763858030002,143525609013
1763858031002,143650907704
1763858032002,143772133041
1763858033002,143892185101
1763858034002,144014481419
1763858035002,144136203459
1763858036002,144257709556
1763858037002,144380682020
1763858038002,144501328256
1763858039003,144620973641
1763858040002,144746511772
1763858041002,144870566142
1763858042002,144992240391
1763858043002,145114969447
1763858044002,145242805606
1763858045002,145371225627
1763858046002,145499483477
1763858047002,145626479612
1763858048002,145754029090
1763858049002,145880281757
1763858050002,146004869756
1763858051002,146131648423
1763858052002,146257921416
1763858053002,146383844982
1763858054002,146509218624
1763858055002,146635739784
1763858056002,146761905538
1763858057002,146887166692
1763858058002,147010917718
1763858059002,147132565051
1763858060002,147254598796
1763858061002,147377942596
1763858062002,147502664262
1763858063002,147626111883
1763858064002,147751210989
1763858065002,147875518898
1763858066002,148000297876
1763858067002,148122888443
1763858068002,148246144048
1763858069002,148368880184
1763858070002,148491260059
1763858071002,148614190652
1763858072002,148729652942
1763858073002,148845308835
1763858074002,148958632825
1763858075002,149070484162
1763858076002,149182880419
1763858077002,149298425412
1763858078002,149414406865
1763858079002,149534977907
1763858080002,149652604925
1763858081002,149771570075
1763858082002,149893845091
1763858083002,150017908738
1763858084002,150142526217
1763858085002,150268113481
1763858086002,150393971618
1763858087002,150519477523
1763858088002,150646796777
1763858089002,150777956719
1763858090002,150909047998
1763858091002,151036723513
1763858092002,151164395794
1763858093002,151293174883
1763858094002,151423109670
1763858095002,151551379239
1763858096002,151678420967
1763858097002,151805326709
1763858098002,151934516503
1763858099002,152064998041
1763858100002,152191995763
1763858101002,152318798966
1763858102002,152443327517
1763858103002,152570657818
1763858104002,152697803977
1763858105002,152822931587
1763858106002,152947911980
1763858107002,153074893405
1763858108002,153206024600
1763858109002,153334890054
1763858110002,153457402619
1763858111002,153578478542
1763858112002,153703164136
1763858113002,153828926448
1763858114002,153951264208
1763858115002,154072554853
1763858116002,154192990152
1763858117002,154310192489
1763858118002,154432689368
1763858119002,154555146452
1763858120002,154678516741
1763858121002,154804062684
1763858122002,154927954396
1763858123002,155050117169
1763858124002,155172164953
1763858125002,155295077602
1763858126002,155418295426
1763858127002,155542197453
1763858128002,155665194086
1763858129002,155788169235
1763858130002,155911602757
1763858131002,156034883386
1763858132002,156157091020
1763858133002,156281041569
1763858134002,156397915111
1763858135002,156513405049
1763858136002,156631686180
1763858137002,156750143945
1763858138002,156870711324
1763858139002,156992083023
1763858140002,157113002818
1763858141002,157232139659
1763858142002,157351136059
1763858143002,157475355529
1763858144002,157599875779
1763858145002,157724167392
1763858146002,157847877036
1763858147002,157971352428
1763858148002,158094471619
1763858149002,158216672723
1763858150002,158338790818
1763858151002,158460756692
1763858152002,158582452121
1763858153002,158704370327
1763858154002,158826369221
1763858155002,158949239756
1763858156002,159071060733
1763858157002,159192734677
1763858158002,159309237186
1763858159002,159426413827
1763858160002,159543495254
1763858161002,159660827046
1763858162002,159777714808
1763858163002,159891702675
1763858164002,160007336473
1763858165002,160125643910
1763858166002,160246233140
1763858167002,160366579145
1763858168002,160485003525
1763858169002,160604709578
1763858170002,160723739364
1763858171002,160839731437
1763858172002,160956863645
1763858173002,161074485048
1763858174002,161191953497
1763858175002,161308763318
1763858176002,161426388566
1763858177002,161543261130
1763858178002,161656515113
1763858179002,161770192861
1763858180002,161884479861
1763858181002,161998024737
1763858182002,162112437347
1763858183002,162229500951
1763858184002,162347803565
1763858185002,162464374129
1763858186002,162578772273
1763858187002,162681112710
1763858188002,162784744830
1763858189002,162891092275
1763858190002,162997027978
1763858191002,163104840507
1763858192002,163214921829
1763858193002,163324701943
1763858194002,163435168641
1763858195002,163544516383
1763858196002,163653875600
1763858197002,163767002020
1763858198002,163880691670
1763858199002,163995412507
1763858200002,164110398540
1763858201002,164226659290
1763858202002,164343638727
1763858203002,164462221126
1763858204002,164579861023
1763858205002,164695684273
1763858206002,164811757035
1763858207002,164932671399
1763858208002,165053191842
1763858209002,165171724437
1763858210002,165290400280
1763858211002,165408442703
1763858212002,165528742444
1763858213002,165648887339
1763858214002,165767173535
1763858215002,165885457656
1763858216002,166002427266
1763858217002,166120031213
1763858218002,166239299035
1763858219002,166361363664
1763858220002,166481602248
1763858221002,166598042013
1763858222002,166714088408
1763858223002,166833410429
1763858224002,166949237769
1763858225002,167066761333
1763858226002,167187726722
1763858227002,167310013030
1763858228002,167432025169
1763858229002,167557657171
1763858230002,167680216672
1763858231002,167803426379
1763858232002,167921504995
1763858233002,168045622902
1763858234002,168166547886
1763858235002,168290617026
1763858236002,168412860732
1763858237002,168536603274
1763858238002,168663522627
1763858239002,168788889554
1763858240002,168916531317
1763858241002,169046080546
1763858242002,169176230298
1763858243002,169308058940
1763858244002,169435002158
1763858245002,169563875058
1763858246002,169693110567
1763858247002,169821456491
1763858248002,169952953652
1763858249002,170085156805
1763858250002,170217792756
1763858251002,170350093992
1763858252002,170479850618
1763858253002,170612599668
1763858254002,170745245996
1763858255002,170877760366
1763858256002,171009884601
1763858257002,171141414110
1763858258002,171273174454
1763858259002,171406421855
1763858260002,171539135382
1763858261002,171670448278
1763858262002,171800270029
1763858263002,171931386148
1763858264002,172060183853
1763858265002,172189141836
1763858266002,172317418668
1763858267002,172446854067
1763858268002,172576959752
1763858269002,172708415592
1763858270002,172837964455
1763858271002,172963340415
1763858272002,173089300664
1763858273002,173217803143
1763858274002,173347102555
1763858275002,173475736442
1763858276002,173601712255
1763858277002,173725610559
1763858278002,173849594067
1763858279002,173974492063
1763858280002,174101939246
1763858281002,174228829729
1763858282002,174354661988
1763858283002,174481552837
1763858284002,174607621240
1763858285002,174735794252
1763858286002,174862090865
1763858287002,174989861228
1763858288002,175116912966
1763858289002,175246150611
1763858290002,175373676774
1763858291002,175501034663
1763858292002,175627564796
1763858293002,175754795488
1763858294002,175882150570
1763858295002,176010227879
1763858296002,176137440627
1763858297002,176260609745
1763858298002,176381859008
1763858299002,176503882621
1763858300002,176625932602
1763858301002,176749257359
1763858302002,176873775595
1763858303002,176997852670
1763858304002,177122829828
1763858305002,177248095560
1763858306002,177372897059
1763858307002,177499491706
1763858308002,177627683821
1763858309002,177754824548
1763858310002,177880480843
1763858311002,178007148182
1763858312002,178133293611
1763858313002,178259724012
1763858314002,178385060239
1763858315002,178510992168
1763858316002,178635336881
1763858317002,178761509837
1763858318002,178886671870
1763858319002,179012180399
1763858320002,179136166471
1763858321002,179260161698
1763858322002,179382172799
1763858323002,179505450621
1763858324002,179629041796
1763858325002,179752636206
1763858326002,179875964809
1763858327002,179998118366
1763858328002,180123385501
1763858329002,180244410643
1763858330002,180364726863
1763858331002,180483963435
1763858332002,180605430288
1763858333002,180727103865
1763858334002,180847586406
1763858335002,180969742831
1763858336002,181092366358
1763858337002,181214082233
1763858338002,181337369088
1763858339002,181462337152
1763858340002,181586602580
1763858341002,181710443267
1763858342002,181833403890
1763858343002,181958394170
1763858344002,182083871205
1763858345002,182209470004
1763858346002,182336818555
1763858347002,182458246711
1763858348002,182577140572
1763858349002,182697898014
1763858350002,182818010256
1763858351002,182932713270
1763858352002,183050410296
1763858353002,183155257500
1763858354002,183259123323
1763858355002,183364574713
1763858356002,183469264997
1763858357002,183573543234
1763858358002,183674935979
1763858359002,183787407432
1763858360002,183906480003
1763858361002,184027807757
1763858362002,184149541088
1763858363002,184271516178
1763858364002,184392945616
1763858365002,184514518303
1763858366002,184634390066
1763858367002,184761103548
1763858368002,184890032173
1763858369002,185020520731
1763858370002,185149299515
1763858371002,185276626398
1763858372002,185401869791
1763858373002,185526300075
1763858374002,185649324968
1763858375002,185775174988
1763858376002,185902008403
1763858377002,186030675798
1763858378002,186156980040
1763858379002,186283376873
1763858380002,186409058069
1763858381002,186535847967
1763858382002,186662719651
1763858383002,186788128083
1763858384002,186913909133
1763858385002,187041325921
1763858386002,187165032697
1763858387002,187291865319
1763858388002,187420214111
1763858389002,187549949436
1763858390002,187681130924
1763858391002,187811456213
1763858392002,187939386366
1763858393002,188067235160
1763858394002,188195010101
1763858395002,188322468210
1763858396002,188448189568
1763858397002,188573841773
1763858398002,188700497821
1763858399002,188829376092
1763858400002,188959092130
1763858401002,189086709174
1763858402002,189214361618
1763858403002,189337552709
1763858404002,189458142549
1763858405002,189582059163
1763858406002,189707765567
1763858407002,189832515858
1763858408002,189955017437
1763858409002,190078496307
1763858410002,190202910540
1763858411002,190327537479
1763858412002,190452215871
1763858413002,190574801128
1763858414002,190697546297
1763858415002,190819911341
1763858416002,190942175859
1763858417002,191062511061
1763858418002,191182025648
1763858419002,191302290477
1763858420002,191423495672
1763858421002,191544449830
1763858422002,191665361203
1763858423002,191784638241
1763858424002,191907629381
1763858425002,192032452609
1763858426002,192155594139
1763858427002,192278171523
1763858428002,192400393684
1763858429002,192519411445
1763858430002,192640935976
1763858431002,192762524348
1763858432002,192883614554
1763858433002,193007639260
1763858434002,193130602386
1763858435002,193255277115
1763858436002,193379699221
1763858437002,193502872734
1763858438002,193625662214
1763858439002,193744130234
1763858440002,193861287527
1763858441002,193978103695
1763858442002,194094805362
1763858443002,194215268249
1763858444002,194337897818
1763858445002,194458752306
1763858446002,194579277998
1763858447002,194701480749
1763858448002,194821519016
1763858449002,194944801416
1763858450002,195069577219
1763858451002,195193558774
1763858452002,195316141957
1763858453002,195438842998
1763858454002,195564198023
1763858455002,195686940934
1763858456002,195809449959
1763858457002,195930465335
1763858458002,196049110051
1763858459002,196169098757
1763858460002,196291036250
1763858461002,196414475449
1763858462002,196536917823
1763858463002,196660081692
1763858464002,196782172200
1763858465002,196904193128
1763858466002,197025358040
1763858467002,197149164974
1763858468002,197262523387
1763858469002,197374798857
1763858470002,197488956585
1763858471002,197606815231
1763858472002,197724879443
1763858473002,197842699454
1763858474002,197962290151
1763858475002,198082991441
1763858476002,198201418079
1763858477002,198320835192
1763858478002,198440526903
1763858479002,198560455490
1763858480002,198683016455
1763858481002,198805870328
1763858482002,198926835045
1763858483002,199047597431
1763858484002,199169062757
1763858485002,199290127816
1763858486002,199410877751
1763858487002,199531717652
1763858488002,199651953123
1763858489002,199772607660
1763858490002,199890309568
1763858491002,200007796145
1763858492002,200125133247
1763858493002,200245430546
1763858494002,200356583765
1763858495002,200465765981
1763858496002,200577367135
1763858497002,200694073868
1763858498002,200809836389
1763858499002,200932592850
1763858500002,201052317885
1763858501002,201171452162
1763858502002,201291930858
1763858503002,201410734936
1763858504002,201529522901
1763858505002,201652872072
1763858506002,201775948479
1763858507002,201899918742
1763858508002,202023427032
1763858509002,202146788411
1763858510002,202270512581
1763858511002,202392997497
1763858512002,202517022936
1763858513002,202640625220
1763858514002,202764683679
1763858515002,202887324357
1763858516002,203013062865
1763858517002,203138686323
1763858518002,203261682407
1763858519002,203386227987
1763858520002,203511141180
1763858521002,203636751271
1763858522002,203763001131
1763858523002,203880313392
1763858524002,203997633953
1763858525002,204114627489
1763858526002,204235021041
1763858527002,204357603857
1763858528002,204478507478
1763858529002,204600082362
1763858530002,204724736401
1763858531002,204849505369
1763858532002,204970780998
1763858533002,205092601609
1763858534002,205216202062
1763858535002,205338745022
1763858536002,205461044391
1763858537002,205585460821
1763858538002,205707478880
1763858539002,205832623518
1763858540002,205958057279
1763858541002,206082178727
1763858542002,206207240540
1763858543002,206330424307
1763858544002,206452491133
1763858545002,206577858061
1763858546002,206701817704
1763858547002,206824848578
1763858548002,206950517019
1763858549002,207075036536
1763858550002,207198770961
1763858551002,207322602797
1763858552002,207446866456
1763858553002,207571483264
1763858554002,207694535561
1763858555002,207814856786
1763858556002,207938440332
1763858557002,208066949219
1763858558002,208193821819
1763858559002,208319088222
1763858560002,208444333446
1763858561002,208569582454
1763858562002,208695845498
1763858563002,208815767737
1763858564002,208933627787
1763858565002,209051361616
1763858566002,209168949328
1763858567002,209287766101
1763858568002,209406340261
1763858569002,209524037164
1763858570002,209641582700
1763858571002,209755924510
1763858572002,209870390831
1763858573002,209989312645
1763858574002,210109153830
1763858575002,210229750872
1763858576002,210349824723
1763858577002,210470543347
1763858578002,210591159127
1763858579002,210709548289
1763858580002,210831828738
1763858581002,210954914482
1763858582002,211075462758
1763858583002,211196172532
1763858584002,211317305706
1763858585002,211438660558
1763858586002,211560767851
1763858587002,211683564228
1763858588002,211805404248
1763858589002,211928697329
1763858590002,212051132684
1763858591002,212173698716
1763858592002,212295356180
1763858593002,212417728364
1763858594002,212539635950
1763858595002,212661190876
1763858596002,212782710951
1763858597002,212904639777
1763858598002,213025393252
1763858599002,213147302791
1763858600002,213271914715
1763858601002,213395948028
1763858602002,213518076744
1763858603002,213640437881
1763858604002,213764148929
1763858605002,213885114745
1763858606002,214006757011
1763858607002,214128177416
1763858608002,214242572265
1763858609002,214357628489
1763858610002,214461737292
1763858611002,214564838346
1763858612002,214667738535
1763858613002,214770517996
1763858614002,214872196874
1763858615002,214972911704
1763858616002,215078963739
1763858617002,215186677025
1763858618002,215292250180
1763858619002,215399391142
1763858620002,215506073913
1763858621002,215612933197
1763858622002,215719929872
1763858623002,215827345429
1763858624002,215936105161
1763858625002,216044156337
1763858626002,216153842091
1763858627002,216263352248
1763858628002,216371879558
1763858629002,216486128533
1763858630002,216599324227
1763858631002,216713970113
1763858632002,216826534827
1763858633002,216938328181
1763858634002,217052069223
1763858635002,217165897056
1763858636002,217278307047
1763858637002,217392439140
1763858638002,217505930549
1763858639002,217621883682
1763858640002,217737895104
1763858641002,217850854043
1763858642002,217963548335
1763858643002,218081307738
1763858644002,218196403573
1763858645002,218303185344
1763858646002,218407528582
1763858647002,218513387076
1763858648002,218620013878
1763858649002,218728529042
1763858650002,218834300744
1763858651002,218938127932
1763858652002,219038195669
1763858653002,219141894317
1763858654002,219248147829
1763858655002,219352238932
1763858656002,219457185685
1763858657002,219561905998
1763858658002,219668339869
1763858659002,219773929686
1763858660002,219879152378
1763858661002,219983702282
1763858662002,220089823958
1763858663002,220197761670
1763858664002,220302733264
1763858665002,220407989220
1763858666002,220510849675
1763858667002,220610120295
1763858668002,220713883091
1763858669002,220817898755
1763858670002,220921724661
1763858671002,221025571746
1763858672002,221129793464
1763858673002,221233883774
1763858674002,221337917443
1763858675002,221442040162
1763858676002,221546390115
1763858677002,221650969376
1763858678002,221755968558
1763858679002,221860599149
1763858680002,221965170293
1763858681002,222069857891
1763858682002,222174596758
1763858683002,222279168756
1763858684002,222383338473
1763858685002,222487665232
1763858686002,222592179430
1763858687002,222696098048
1763858688002,222797630869
1763858689002,222900333609
1763858690002,223010343948
1763858691002,223119078532
1763858692002,223222706258
1763858693002,223326263549
1763858694002,223429772073
1763858695002,223533316180
1763858696002,223637010739
1763858697002,223740510902
1763858698002,223843908769
1763858699002,223947599666
1763858700002,224050916601
1763858701002,224154227494
1763858702002,224257969599
1763858703002,224361208653
1763858704002,224464536819
1763858705002,224567851374
1763858706002,224670706335
1763858707002,224774164750
1763858708002,224875980163
1763858709002,224977286605
1763858710002,225079725369
1763858711002,225182187081
1763858712002,225287724531
1763858713002,225389535855
1763858714002,225482467746
1763858715002,225577017675
1763858716002,225670693216
1763858717002,225764055892
1763858718002,225858200671
1763858719002,225951924064
1763858720002,226045168088
1763858721002,226138323061
1763858722002,226231493416
1763858723002,226325546703
1763858724002,226417835774
1763858725002,226512116294
1763858726002,226605198819
1763858727002,226698291110
1763858728002,226791435159
1763858729002,226884552108
1763858730002,226977119620
1763858731002,227070032590
1763858732002,227162748356
1763858733002,227255136731
1763858734002,227347491597
1763858735002,227440080593
1763858736002,227534257171
1763858737002,227624291731
1763858738002,227701969937
1763858739002,227784101319
1763858740002,227874164260
1763858741002,227964270780
1763858742002,228054216167
1763858743002,228143486263
1763858744002,228232168287
1763858745002,228322732142
1763858746002,228400065074
1763858747002,228477182491
1763858748002,228553976240
1763858749002,228630433442
1763858750002,228707318072
1763858751002,228784116520
1763858752002,228860679496
1763858753002,228938013099
1763858754002,229015453635
1763858755002,229094827273
1763858756002,229171940906
1763858757002,229249134678
1763858758002,229326645832
1763858759002,229405669677
1763858760002,229486370826
1763858761002,229566069413
1763858762002,229644726439
1763858763002,229723071087
1763858764002,229800444424
1763858765002,229879187630
1763858766002,229978140929
1763858767002,230109890043
1763858768003,230254318567
1763858769002,230389260421
1763858770003,230524248784
1763858771002,230658989223
1763858772002,230793948594
1763858773003,230929001471
1763858774002,231063938504
1763858775002,231199010240
1763858776002,231333418466
1763858777002,231468318023
1763858778002,231603418690
1763858779002,231738602182
1763858780002,231873454131
1763858781002,232008362783
1763858782002,232143311351
1763858783002,232277711031
1763858784002,232412810295
1763858785002,232547951306
1763858786002,232682842562
1763858787002,232817766228
1763858788003,232952599074
1763858789002,233087713535
1763858790003,233222489252
1763858791002,233357313919
1763858792002,233492425512
1763858793002,233627066341
1763858794002,233762223283
1763858795002,233897050819
1763858796002,234031930844
1763858797002,234166887530
1763858798002,234301879494
1763858799003,234436925962
1763858800002,234571293172
1763858801002,234706600931
1763858802003,234841485107
1763858803002,234976449117
1763858804002,235111361431
1763858805002,235246246156
1763858806002,235381310508
1763858807002,235516279278
1763858808002,235651262270
1763858809003,235786020958
1763858810002,235920744124
1763858811002,236055845097
1763858812002,236190867761
1763858813002,236325729355
1763858814002,236460700017
1763858815002,236595574977
1763858816002,236730571275
1763858817002,236865211494
1763858818002,237000262906
1763858819002,237135316088
1763858820002,237270148507
1763858821002,237405188566
1763858822002,237540144031
1763858823002,237674780711
1763858824002,237809738556
1763858825002,237944720571
1763858826002,238079833079
1763858827002,238214581697
1763858828002,238349583610
1763858829002,238484146742
1763858830002,238619474520
1763858831002,238754172540
1763858832002,238889298903
1763858833002,239024469333
1763858834002,239158986506
1763858835002,239293966324
1763858836002,239428807043
1763858837002,239563952510
1763858838003,239698870622
1763858839002,239833328529
1763858840002,239968558713
1763858841002,240103527606
1763858842002,240238632851
1763858843002,240373575682
1763858844002,240508400410
1763858845002,240643431924
1763858846003,240778420531
1763858847002,240913235738
1763858848003,241047824261
1763858849002,241183099366
1763858850003,241318076438
1763858851003,241452934979
1763858852003,241587849917
1763858853003,241722779381
1763858854003,241857134750
1763858855002,241992537785
1763858856002,242127344935
1763858857002,242262373214
1763858858002,242397248602
1763858859003,242531834195
1763858860002,242667131578
1763858861002,242802075446
1763858862002,242937093289
1763858863003,243072065783
1763858864002,243206482370
1763858865002,243341445159
1763858866002,243476512379
1763858867002,243611563913
1763858868003,243746450043
1763858869002,243881520864
1763858870002,244016188549
1763858871002,244151319184
1763858872002,244285962761
1763858873002,244421064038
1763858874002,244556026583
1763858875002,244691054192
1763858876002,244825859267
1763858877002,244960798924
1763858878002,245095564204
1763858879003,245230850478
1763858880002,245365633459
1763858881002,245500595332
1763858882002,245635567338
1763858883002,245770244483
1763858884002,245905364194
1763858885002,246040083941
1763858886002,246175130410
1763858887003,246310272642
1763858888003,246445137714
1763858889003,246579996500
1763858890002,246714776794
1763858891003,246849818136
1763858892002,246984659526
1763858893002,247119574220
1763858894002,247254456138
1763858895002,247389498089
1763858896002,247524175174
1763858897002,247659261437
1763858898002,247794210432
1763858899002,247929148624
1763858900002,248064163965
1763858901003,248199268599
1763858902003,248334071904
1763858903002,248468356412
1763858904002,248603573595
1763858905002,248738552009
1763858906002,248873444486
1763858907002,249008328235
1763858908002,249143368661
1763858909002,249278353728
1763858910002,249413359363
1763858911002,249548289377
1763858912002,249683095184
1763858913002,249818053457
1763858914002,249953027660
1763858915002,250087752046
1763858916002,250222877982
1763858917002,250357786572
1763858918002,250492197971
1763858919002,250627535821
1763858920002,250762311843
1763858921003,250897327488
1763858922002,251032311884
1763858923003,251167214920
1763858924002,251302215490
1763858925002,251437169673
1763858926002,251571937578
1763858927002,251706900001
1763858928002,251841769101
1763858929002,251976906023
1763858930002,252111704629
1763858931002,252246684813
1763858932002,252381564045
1763858933003,252516541422
1763858934003,252651299622
1763858935002,252786164450
1763858936002,252921299785
1763858937002,253056104860
1763858938002,253191167930
1763858939003,253325915876
1763858940002,253460968447
1763858941003,253596070091
1763858942003,253730783430
1763858943002,253865687626
1763858944002,254000622583
1763858945002,254135458481
1763858946003,254270511724
1763858947003,254405406581
1763858948003,254540302171
1763858949002,254675294135
1763858950002,254810265164
1763858951002,254945259264
1763858952002,255080201668
1763858953002,255215058928
1763858954002,255349872791
1763858955002,255484826792
1763858956002,255620024627
1763858957002,255754742605
1763858958002,255889597667
1763858959002,256024655671
1763858960002,256159457328
1763858961002,256294460461
1763858962002,256429414644
1763858963002,256564229119
1763858964002,256699127028
1763858965002,256834191013
1763858966002,256968957636
1763858967002,257103965896
1763858968002,257239039464
1763858969002,257373839961
1763858970002,257508733781
1763858971002,257643716345
1763858972002,257778453122
1763858973002,257913543597
1763858974002,258048472756
1763858975002,258183243162
1763858976002,258318200459
1763858977002,258453229349
1763858978003,258588361754
1763858979003,258723310505
1763858980002,258858007060
1763858981002,258992944398
1763858982002,259127829123
1763858983002,259262564801
1763858984002,259397705935
1763858985002,259532640648
1763858986002,259667675703
1763858987002,259802204472
1763858988002,259937253870
1763858989003,260072357833
1763858990002,260207125066
1763858991002,260342167872
1763858992002,260477323899
1763858993002,260612176520
1763858994003,260747085598
1763858995002,260881881212
1763858996003,261016980842
1763858997002,261152036283
1763858998002,261286862292
1763858999002,261421660836
1763859000002,261556766753
1763859001002,261691621327
1763859002002,261826374827
1763859003002,261961401886
1763859004002,262096441885
1763859005003,87713825
1763859006002,222746500
1763859007002,357833617
1763859008002,492600850
1763859009002,627681254
1763859010003,762539673
1763859011002,897576315
1763859012002,1032543255
1763859013002,1167449648
1763859014002,1302138756
1763859015002,1437233320
1763859016002,1572213138
1763859017003,1707020776
1763859018003,1842045882
1763859019002,1976825871
1763859020002,2111706630
1763859021002,2246852097
1763859022002,2381664252
1763859023002,2516723720
1763859024002,2651510668
1763859025002,2786623176
1763859026002,2921381986
1763859027003,3056374805
1763859028002,3191300851
1763859029003,3326397673
1763859030003,3460985219
1763859031002,3596099802
1763859032002,3731078949
1763859033002,3865920340
1763859034002,4000830150
1763859035003,4135787508
1763859036002,4270727165
1763859037002,4405663587
1763859038002,4540525363
1763859039002,4675478692
1763859040002,4810481154
1763859041002,4945326756
1763859042002,5080403803
1763859043002,5215157120
1763859044002,5350074621
1763859045002,5485177303
1763859046002,5619898393
1763859047002,5754997352
1763859048003,5890056820
1763859049002,6024319355
1763859050002,6159441263
1763859051002,6294581847
1763859052002,6429502339
1763859053002,6564298319
1763859054002,6699469299
1763859055002,6834312032
1763859056002,6969224834
1763859057003,7104235902
1763859058002,7239125327
1763859059002,7374092145
1763859060002,7508641483
1763859061002,7643896569
1763859062002,7778968977
1763859063002,7913628361
1763859064002,8048198817
1763859065002,8183603134
1763859066002,8318487615
1763859067002,8453421901
1763859068002,8588263231
1763859069003,8723140327
1763859070002,8858225247
1763859071002,8993022021
1763859072003,9128069771
1763859073003,9262840727
1763859074003,9397921375
1763859075003,9532764597
1763859076002,9667377290
1763859077003,9802353323
1763859078003,9937654247
1763859079003,10072519075
1763859080002,10207399894
1763859081002,10342462781
1763859082002,10477146030
1763859083002,10612133477
1763859084003,10747086012
1763859085002,10881981602
1763859086002,11016894892
1763859087002,11151731339
1763859088002,11286597754
1763859089002,11421687923
1763859090002,11556594621
1763859091002,11691560645
1763859092002,11826470883
1763859093003,11961531145
1763859094002,12096407143
1763859095002,12231257750
1763859096002,12366195271
1763859097003,12501095499
1763859098003,12636249938
1763859099003,12771063619
1763859100002,12906033061
1763859101002,13040903993
1763859102002,13175777305
1763859103002,13310836590
1763859104002,13445703005
1763859105002,13580619591
1763859106002,13715435042
1763859107002,13850479313
1763859108002,13985312403
1763859109002,14120181381
1763859110002,14255232061
1763859111002,14390202418
1763859112002,14525158005
1763859113002,14659990851
1763859114002,14794881741
1763859115002,14929824450
1763859116002,15064818733
1763859117002,15199693022
1763859118002,15334562916
1763859119002,15469472971
1763859120003,15604605071
1763859121002,15739431874
1763859122002,15874359752
1763859123002,16009297639
1763859124002,16144113578
1763859125002,16279211804
1763859126002,16413803988
1763859127003,16549077263
1763859128002,16683859571
1763859129002,16818938388
1763859130002,16953781610
1763859131003,17088567520
1763859132003,17223604772
1763859133003,17358684321
1763859134002,17493568131
1763859135002,17628643164
1763859136002,17763431576
1763859137002,17898217730
1763859138002,18033297889
1763859139002,18168139402
1763859140002,18303239032
1763859141002,18438108743
1763859142002,18573086730
1763859143002,18707949849
1763859144003,18842859599
1763859145002,18977929993
1763859146002,19112412314
1763859147002,19247490277
1763859148002,19382561769
1763859149002,19517493980
1763859150003,19652456952
1763859151002,19787274539
1763859152002,19922163049
1763859153002,20057219771
1763859154002,20192183232
1763859155002,20326985987
1763859156002,20461795640
1763859157002,20596917303
1763859158002,20731635342
1763859159002,20866691454
1763859160002,21001585212
1763859161002,21136412626
1763859162002,21271444385
1763859163003,21406556038
1763859164002,21541070220
1763859165002,21676276967
1763859166002,21811168101
1763859167002,21946315094
1763859168002,22081043936
1763859169002,22215824413
1763859170003,22350932527
1763859171003,22485947684
1763859172003,22620946973
1763859173002,22755811862
1763859174003,22890515863
1763859175003,23025643629
1763859176003,23160264012
1763859177002,23295540766
1763859178002,23430491531
1763859179003,23565323156
1763859180002,23700076290
1763859181002,23835139970
1763859182002,23970118445
1763859183002,24105098019
1763859184002,24239987383
1763859185003,24374954506
1763859186003,24509800780
1763859187003,24644798176
1763859188002,24779395671
1763859189002,24914551880
1763859190002,25049517110
1763859191002,25184412090
1763859192002,25319451844
1763859193002,25454328147
1763859194002,25589253339
1763859195003,25724249514
1763859196003,25859224510
1763859197002,25994024702
1763859198002,26129007328
1763859199002,26263630457
1763859200002,26398744491
1763859201002,26533652715
1763859202002,26668646022
1763859203002,26803615769
1763859204002,26938574042
1763859205002,27073513760
1763859206002,27208328661
1763859207002,27343432381
1763859208002,27478120451
1763859209002,27613176441
1763859210003,27748137399
1763859211002,27883038848
1763859212002,28017981862
1763859213002,28152938365
1763859214002,28287728486
1763859215003,28422834097
1763859216002,28557786449
1763859217002,28692551729
1763859218002,28827449578
1763859219002,28962565809
1763859220003,29097507724
1763859221002,29231699336
1763859222003,29367295791
1763859223002,29502086827
1763859224002,29637133174
1763859225002,29772021683
1763859226002,29906928870
1763859227002,30041835202
1763859228002,30176850298
1763859229002,30311876380
1763859230002,30446605589
1763859231002,30581628070
1763859232002,30716436319
1763859233002,30851303893
1763859234002,30986244771
1763859235002,31121346049
1763859236003,31256480652
1763859237003,31391101157
1763859238002,31526079815
1763859239002,31661051149
1763859240002,31795898338
1763859241003,31931099286
1763859242002,32065634891
1763859243002,32200834557
1763859244002,32335392868
1763859245002,32470723393
1763859246003,32605473475
1763859247002,32740601181
1763859248002,32875475042
1763859249002,33010357448
1763859250002,33145278490
1763859251002,33280323005
1763859252002,33415160855
1763859253002,33550026294
1763859254003,33685013192
1763859255002,33819892790
1763859256002,33954915333
1763859257002,34089733042
1763859258002,34224629486
1763859259002,34359701040
1763859260002,34494260144
1763859261002,34629511140
1763859262002,34764297355
1763859263002,34899340467
1763859264002,35034222079
1763859265002,35169111199
1763859266002,35303954055
1763859267003,35439037571
1763859268002,35573850336
1763859269002,35708826065
1763859270002,35843571875
1763859271002,35978578243
1763859272002,36113250445
1763859273002,36248346290
1763859274002,36383169432
1763859275002,36517215841
1763859276002,36650740463
1763859277002,36786614932
1763859278002,36921164636
1763859279002,37053729971
1763859280002,37187415236
1763859281002,37322680088
1763859282002,37457879571
1763859283002,37592310623
1763859284002,37727455846
1763859285002,37862521846
1763859286002,37997331437
1763859287002,38132208228
1763859288002,38267266232
1763859289002,38402260759
1763859290002,38537009072
1763859291002,38671855833
1763859292002,38807021747
1763859293002,38941956033
1763859294002,39076778014
1763859295002,39211778218
1763859296002,39346667277
1763859297002,39481652893
1763859298003,39616448813
1763859299002,39751255109
1763859300002,39886497133
1763859301003,40021236290
1763859302003,40156203474
1763859303003,40291153079
1763859304002,40425977930
1763859305002,40561015548
1763859306003,40695997502
1763859307002,40830625758
1763859308003,40965718613
1763859309002,41100676520
1763859310002,41235727627
1763859311003,41370749620
1763859312003,41505586250
1763859313002,41640460111
1763859314002,41775317249
1763859315002,41910013803
1763859316002,42045104644
1763859317002,42179987661
1763859318002,42315146677
1763859319002,42449990265
1763859320002,42584828665
1763859321002,42719885448
1763859322002,42854501193
1763859323002,42989719230
1763859324002,43124439955
1763859325002,43259545261
1763859326002,43394406488
1763859327002,43529399611
1763859328002,43664283910
1763859329002,43799152278
1763859330002,43934038956
1763859331003,44069082556
1763859332002,44203909237
1763859333002,44338898638
1763859334002,44473901649
1763859335003,44608818906
1763859336003,44743750384
1763859337002,44878563333
1763859338002,45013461364
1763859339003,45148488606
1763859340002,45283292338
1763859341002,45418287049
1763859342002,45553089133
1763859343002,45688230633
1763859344002,45822830141
1763859345003,45958115989
1763859346002,46092883100
1763859347002,46227970462
1763859348002,46362884057
1763859349002,46497676253
1763859350002,46632430181
1763859351002,46767270778
1763859352002,46902458359
1763859353002,47037390509
1763859354002,47172194302
1763859355002,47307371141
1763859356002,47442199958
1763859357002,47577136197
1763859358002,47712159655
1763859359002,47846756845
1763859360002,47981940215
1763859361002,48116797413
1763859362002,48251774851
1763859363002,48386560212
1763859364002,48521541311
1763859365002,48656369518
1763859366002,48791358187
1763859367002,48926308769
1763859368002,49061231702
1763859369002,49196117160
1763859370002,49331063043
1763859371002,49466069350
1763859372002,49600990818
1763859373003,49735779658
1763859374002,49870937271
1763859375002,50005843298
1763859376002,50140646725
1763859377002,50275681596
1763859378002,50410450966
1763859379002,50545548093
1763859380002,50680399615
1763859381002,50815121560
1763859382002,50950369932
1763859383002,51085287739
1763859384002,51220074015
1763859385002,51355134521
1763859386002,51489780844
1763859387003,51624910320
1763859388002,51759820192
1763859389002,51894899741
1763859390002,52029578779
1763859391002,52164668704
1763859392002,52299503808
1763859393003,52434668135
1763859394003,52569433109
1763859395002,52704396570
1763859396002,52839414962
1763859397002,52974157476
1763859398002,53109045436
1763859399002,53243936388
1763859400002,53379047980
1763859401002,53513856412
1763859402002,53648916857
1763859403002,53783821053
1763859404002,53918759672
1763859405003,54053695911
1763859406002,54188620493
1763859407002,54323452545
1763859408002,54458401418
1763859409003,54593429515
1763859410002,54728240693
1763859411002,54863238700
1763859412002,54998048474
1763859413002,55132941073
1763859414002,55268080376
1763859415002,55402785475
1763859416002,55537886997
1763859417002,55672766168
1763859418002,55807613174
1763859419002,55942614904
1763859420003,56077633113
1763859421002,56212507279
1763859422003,56347535437
1763859423003,56482501888
1763859424002,56617389238
1763859425002,56752379188
1763859426002,56887101072
1763859427002,57022155658
1763859428002,57156967630
1763859429002,57291643433
1763859430003,57426876607
1763859431002,57561862162
1763859432002,57696709412
1763859433002,57831520468
1763859434002,57966407574
1763859435002,58101413271
1763859436002,58236391624
1763859437002,58371340315
1763859438002,58506289737
1763859439002,58641117273
1763859440002,58776144149
1763859441002,58910955999
1763859442003,59045964564
1763859443002,59180917710
1763859444002,59315838568
1763859445002,59450724209
1763859446002,59585767381
1763859447002,59720541634
1763859448002,59855520841
1763859449002,59990231983
1763859450002,60125418405
1763859451002,60260330718
1763859452003,60394859487
1763859453002,60530077037
1763859454002,60665082550
1763859455002,60800034476
1763859456002,60934939770
1763859457002,61069871065
1763859458002,61204543877
1763859459002,61339810560
1763859460002,61474522190
1763859461002,61609814934
1763859462003,61744428420
1763859463003,61879397740
1763859464002,62014460993
1763859465002,62149276566
1763859466003,62284260534
1763859467002,62419204525
1763859468002,62554270402
1763859469003,62689015968
1763859470002,62824000058
1763859471002,62958760394
1763859472003,63094002968
1763859473003,63228591064
1763859474002,63363603535
1763859475002,63498603678
1763859476002,63633648803
1763859477002,63768441915
1763859478002,63903343181
1763859479002,64038230653
1763859480002,64173121544
1763859481002,64308066388
1763859482002,64443193789
1763859483002,64578087853
1763859484002,64713080610
1763859485002,64848010441
1763859486002,64982740992
1763859487002,65117761520
1763859488002,65252643865
1763859489003,65387813014
1763859490002,65522489305
1763859491002,65657382209
1763859492002,65792354032
1763859493002,65927282031
1763859494002,66062355355
1763859495002,66197207854
1763859496002,66332113331
1763859497002,66466970652
1763859498002,66601892181
1763859499002,66736832082
1763859500002,66871967479
1763859501002,67006777070
1763859502002,67141755606
1763859503002,67276670422
1763859504002,67411628695
1763859505002,67546487847
1763859506002,67681493544
1763859507002,67816385959
1763859508002,67951287225
1763859509002,68086107559
1763859510002,68221095128
1763859511003,68356151545
1763859512003,68490845414
1763859513002,68625736182
1763859514002,68760938656
1763859515002,68895827593
1763859516002,69030690773
1763859517002,69165768735
1763859518002,69300543537
1763859519003,69435508340
1763859520002,69570309326
1763859521002,69705348592
1763859522002,69840151714
1763859523002,69975244568
1763859524002,70110035056
1763859525002,70245207806
1763859526003,70380042177
1763859527002,70514787926
1763859528002,70649705122
1763859529002,70784642521
1763859530002,70919813806
1763859531002,71054482589
1763859532002,71189399541
1763859533002,71324373805
1763859534003,71459375901
1763859535002,71594163276
1763859536002,71729348537
1763859537002,71864124071
1763859538002,71999004830
1763859539003,72134113859
1763859540002,72269035083
1763859541002,72403906564
1763859542003,72538926299
1763859543002,72673865773
1763859544002,72808604869
1763859545002,72943627411
1763859546002,73078483633
1763859547002,73213510570
1763859548003,73348392305
1763859549002,73483407707
1763859550002,73618233228
1763859551003,73753211581
1763859552003,73888205926
1763859553002,74022962051
1763859554002,74158040562
1763859555002,74292844355
1763859556004,74428149673
1763859557003,74562723303
1763859558002,74697391415
1763859559002,74832595598
1763859560002,74967417885
1763859561002,75102377683
1763859562002,75237345599
1763859563002,75372203592
1763859564002,75506861755
1763859565002,75641935567
1763859566002,75776399945
1763859567002,75911753968
1763859568002,76045597009
1763859569002,76179453112
1763859570002,76311019303
1763859571002,76441634692
1763859572002,76574451368
1763859573002,76707278787
1763859574002,76839176460
1763859575002,76971751377
1763859576002,77102122686
1763859577002,77234276400
1763859578002,77367184996
1763859579002,77497909942
1763859580002,77627401065
1763859581002,77758087071
1763859582002,77888519049
1763859583002,78018469827
1763859584002,78149815499
1763859585002,78279680218
1763859586002,78408849138
1763859587002,78539568286
1763859588002,78669745870
1763859589002,78798527828
1763859590002,78927179598
1763859591002,79055384165
1763859592002,79184152939
1763859593002,79313843281
1763859594002,79443635918
1763859595002,79573048367
1763859596002,79702245180
1763859597002,79830734109
1763859598002,79959369217
1763859599002,80088741383
1763859600002,80218592186
1763859601002,80347761106
1763859602002,80476920931
1763859603002,80605912056
1763859604002,80734491561
1763859605002,80863018331
1763859606002,80992109249
1763859607002,81120907747
1763859608002,81250778325
1763859609002,81382985628
1763859610002,81512637701
1763859611002,81641448162
1763859612002,81768978964
1763859613002,81898818597
1763859614002,82031624165
1763859615002,82163620104
1763859616002,82295346147
1763859617002,82425242543
1763859618002,82554175257
1763859619002,82683385925
1763859620002,82813298312
1763859621002,82944701967
1763859622002,83073722084
1763859623002,83203546153
1763859624002,83332601975
1763859625002,83462079732
1763859626002,83590331174
1763859627002,83719948579
1763859628002,83850592653
1763859629002,83980930149
1763859630002,84109678294
1763859631002,84239140731
1763859632002,84368183980
1763859633002,84496498471
1763859634002,84624865024
1763859635002,84753574351
1763859636002,84882792465
1763859637002,85012676776
1763859638002,85141522210
1763859639002,85270874479
1763859640002,85398488593
1763859641002,85528589212
1763859642002,85657352677
1763859643002,85786713002
1763859644002,85915052334
1763859645002,86044253114
1763859646002,86168545521
1763859647002,86290317182
1763859648002,86410824014
1763859649002,86532693331
1763859650002,86655845787
1763859651002,86776959307
1763859652002,86897303726
1763859653002,87018062999
1763859654002,87138544930
1763859655002,87259913149
1763859656002,87380986265
1763859657002,87501409723
1763859658002,87623195727
1763859659002,87745340068
1763859660002,87867069615
1763859661002,87987147860
1763859662002,88106760713
1763859663002,88228665247
1763859664006,88351633987
1763859665003,88472578197
1763859666002,88592333505
1763859667002,88714507692
1763859668002,88834961363
1763859669002,88956208489
1763859670002,89074908198
1763859671002,89193118222
1763859672002,89310413210
1763859673002,89428106268
1763859674002,89544565626
1763859675002,89660363730
1763859676002,89777688747
1763859677002,89895654632
1763859678002,90013283054
1763859679002,90129456768
1763859680002,90246823227
1763859681002,90363996572
1763859682002,90480522580
1763859683002,90596362555
1763859684002,90713927012
1763859685002,90830693559
1763859686002,90947619407
1763859687002,91064810757
1763859688002,91182052217
1763859689002,91299262855
1763859690002,91413778919
1763859691002,91527019901
1763859692002,91638733238
1763859693002,91751833046
1763859694002,91864520929
1763859695002,91976299513
1763859696002,92086248694
1763859697002,92198461725
1763859698002,92311002941
1763859699002,92423406706
1763859700002,92535100756
1763859701002,92646946233
1763859702002,92758698511
1763859703002,92871431132
1763859704002,92984071408
1763859705002,93096528701
1763859706002,93207964450
1763859707002,93321038563
1763859708002,93433987370
1763859709002,93544969691
1763859710002,93657035322
1763859711002,93769493592
1763859712002,93881319477
1763859713002,93991782817
1763859714002,94103734008
1763859715002,94216489151
1763859716002,94328114110
1763859717002,94439604303
1763859718002,94551491223
1763859719002,94663365937
1763859720002,94776030688
1763859721002,94888588688
1763859722002,95000490745
1763859723002,95112401958
1763859724002,95224682127
1763859725002,95335052145
1763859726002,95441147271
1763859727002,95548718224
1763859728002,95656105888
1763859729002,95763839621
1763859730002,95870223931
1763859731002,95978215110
1763859732002,96086007315
1763859733002,96193462667
1763859734002,96300898244
1763859735002,96408095296
1763859736002,96515184988
1763859737002,96623400958
1763859738002,96731942978
1763859739002,96838344134
1763859740002,96945856004
1763859741002,97053655960
1763859742002,97161464583
1763859743002,97269414319
1763859744002,97376729108
1763859745002,97484706188
1763859746002,97592028911
1763859747002,97699078625
1763859748002,97806750468
1763859749002,97915068611
1763859750002,98022364296
1763859751002,98129906135
1763859752002,98237043739
1763859753002,98344320503
1763859754002,98451827247
1763859755002,98559221930
1763859756002,98666252784
1763859757002,98774220953
1763859758002,98881909093
1763859759002,98989161748
1763859760002,99095714270
1763859761002,99203530462
1763859762002,99311207127
1763859763002,99418727054
1763859764002,99525792698
1763859765002,99633426883
1763859766002,99740410008
1763859767002,99848010074
1763859768002,99955086399
1763859769002,100062561222
1763859770002,100170493135
1763859771002,100278359009
1763859772002,100385457673
1763859773002,100492133181
1763859774002,100599828035
1763859775002,100707831847
1763859776002,100814352022
1763859777002,100921612306
1763859778002,101029607818
1763859779002,101136955077
1763859780002,101244530608
1763859781002,101351658874
1763859782002,101459718106
1763859783002,101567375362
1763859784002,101675060817
1763859785002,101782030269
1763859786002,101888488981
1763859787002,101995685179
1763859788002,102103216154
1763859789002,102210689084
1763859790002,102318050198
1763859791002,102426496149
1763859792002,102534124535
1763859793002,102641267205
1763859794002,102748330774
1763859795002,102855751337
1763859796002,102963449242
1763859797002,103069072446
1763859798002,103172124733
1763859799002,103274487386
1763859800002,103376505008
1763859801002,103479175644
1763859802002,103581889370
1763859803002,103684416268
1763859804002,103786662406
1763859805002,103889055393
1763859806002,103990533832
1763859807002,104092045413
1763859808002,104194127610
1763859809002,104296859586
1763859810002,104398970347
1763859811002,104500885553
1763859812002,104603320349
1763859813002,104704807516
1763859814002,104806792729
1763859815002,104908429553
1763859816002,105010798859
1763859817002,105113514844
1763859818002,105216073907
1763859819002,105317494485
1763859820002,105419197533
1763859821002,105522243534
1763859822002,105626294049
1763859823002,105725349764
1763859824002,105822683133
1763859825002,105919577722
1763859826002,106017316058
1763859827002,106114221816
1763859828002,106211250559
1763859829002,106308887089
1763859830002,106405377686
1763859831002,106502921809
1763859832002,106599957816
1763859833002,106695777700
1763859834002,106792256396
1763859835002,106889669476
1763859836002,106985923503
1763859837002,107083297826
1763859838002,107179217136
1763859839002,107275087618
1763859840002,107371536895
1763859841002,107467693021
1763859842002,107564861901
1763859843002,107661115133
1763859844002,107757694171
1763859845002,107853321367
1763859846002,107948916277
1763859847002,108045212478
1763859848002,108143027230
1763859849002,108238958259
1763859850002,108336180300
1763859851002,108432361450
1763859852002,108527963195
1763859853002,108625555169
1763859854002,108721698539
1763859855002,108819036241
1763859856002,108915311935
1763859857002,109011934124
1763859858002,109107718730
1763859859002,109204798132
1763859860002,109300397070
1763859861002,109395651648
1763859862002,109488773968
1763859863002,109581030934
1763859864002,109671133120
1763859865002,109761124162
1763859866002,109851445708
1763859867002,109942284648
1763859868002,110032550530
1763859869002,110125414611
1763859870002,110215112501
1763859871002,110305263882
1763859872002,110396025246
1763859873002,110485751274
1763859874002,110576010931
1763859875002,110665216757
1763859876002,110753906471
1763859877002,110843713126
1763859878002,110933049506
1763859879002,111023081258
1763859880002,111114071992
1763859881002,111203785691
1763859882002,111293058472
1763859883002,111382047930
1763859884002,111471832734
1763859885002,111561728500
1763859886002,111651921872
1763859887002,111741223097
1763859888002,111829694428
1763859889002,111918679185
1763859890002,112010461970
1763859891002,112099083509
1763859892002,112189659082
1763859893002,112278908427
1763859894002,112367319272
1763859895002,112457226940
1763859896002,112544920075
1763859897002,112634737167
1763859898002,112724654905
1763859899002,112813558608
1763859900002,112902161592
1763859901002,112989874990
1763859902002,113078421944
1763859903002,113167780052
1763859904002,113258480748
1763859905002,113347803273
1763859906002,113436444953
1763859907002,113526057883
1763859908002,113615484351
1763859909002,113704473564
1763859910002,113795556399
1763859911002,113885233111
1763859912002,113973898472
1763859913002,114062094658
1763859914002,114150997750
1763859915002,114241085349
1763859916002,114332320467
1763859917002,114422776351
1763859918002,114512177978
1763859919002,114600948625
1763859920002,114689821017
1763859921002,114779034411
1763859922002,114868338565
1763859923002,114959099380
1763859924002,115047165561
1763859925002,115136843615
1763859926002,115226077945
1763859927002,115315298358
1763859928002,115405216707
1763859929002,115494601000
1763859930002,115584075686
1763859931002,115673709917
1763859932002,115761944676
1763859933002,115851445729
1763859934002,115940365911
1763859935002,116031346574
1763859936002,116119384069
1763859937002,116209235523
1763859938002,116297726935
1763859939002,116385938440
1763859940002,116475862831
1763859941002,116566547353
1763859942002,116655582647
1763859943002,116743676233
1763859944002,116832354228
1763859945002,116921926570
1763859946002,117011362071
1763859947002,117102162803
1763859948002,117191218361
1763859949002,117279433223
1763859950002,117368024366
1763859951002,117456867278
1763859952002,117546045944
1763859953002,117636131467
1763859954002,117725795667
1763859955002,117815333828
1763859956002,117903788009
1763859957002,117993116088
1763859958002,118082449783
1763859959002,118172035552
1763859960002,118262776226
1763859961002,118351767331
1763859962002,118440036148
1763859963002,118527857517
1763859964002,118616349173
1763859965002,118706224309
1763859966002,118796724199
1763859967002,118886172396
1763859968002,118975390978
1763859969002,119063580999
1763859970002,119153478535
1763859971002,119243420383
1763859972002,119334004440
1763859973002,119422470461
1763859974002,119511753070
1763859975002,119601542207
1763859976002,119690690600
1763859977002,119780853821
1763859978002,119871683728
1763859979002,119960041534
1763859980002,120048078418
1763859981002,120136385504
1763859982002,120225374534
1763859983002,120314585975
1763859984002,120403970817
1763859985002,120494251287
1763859986002,120583224570
1763859987002,120672081581
1763859988002,120760755121
1763859989002,120849540599
1763859990002,120939304225
1763859991002,121029014139
1763859992002,121117694271
1763859993002,121206165480
1763859994002,121294558198
1763859995002,121384173264
1763859996002,121473186220
1763859997002,121563748610
1763859998002,121653180388
1763859999002,121742165206
1763860000002,121831224183
1763860001002,121921169692
1763860002002,122012119593
1763860003002,122102495522
1763860004002,122191193598
1763860005002,122280695444
1763860006002,122368944486
1763860007002,122458509015
1763860008003,122548472835
1763860009002,122638438425
1763860010002,122726689480
1763860011002,122815273360
1763860012002,122904283569
1763860013002,122993563126
1763860014002,123081987948
1763860015002,123173452070
1763860016002,123262236938
1763860017002,123351195572
1763860018002,123440397919
1763860019002,123529490038
1763860020002,123619377808
1763860021002,123709765028
1763860022002,123798948210
1763860023002,123888436323
1763860024002,123976428102
1763860025002,124066105241
1763860026002,124155598176
1763860027002,124246588788
1763860028002,124335623228
1763860029002,124423688310
1763860030002,124512996919
1763860031002,124602369249
1763860032002,124693148069
1763860033002,124784058664
1763860034002,124872799282
1763860035002,124962355083
1763860036002,125050625243
1763860037002,125138713274
1763860038002,125228184297
1763860039005,125318222580
1763860040002,125407449708
1763860041003,125500027351
1763860042002,125590715474
1763860043002,125681281465
1763860044002,125770753465
1763860045002,125849791837
1763860046002,125933574642
1763860047002,126025066840
1763860048002,126115041402
1763860049002,126193624514
1763860050002,126273080121
1763860051002,126351165370
1763860052002,126428820445
1763860053002,126506547358
1763860054002,126586516086
1763860055002,126663989215
1763860056002,126743759946
1763860057002,126832687514
1763860058002,126911122006
1763860059002,126987397811
1763860060002,127066191433
1763860061002,127142614211
1763860062002,127226847760
1763860063002,127309075149
1763860064002,127393033492
1763860065002,127477195019
1763860066002,127560137861
1763860067002,127643868055
1763860068002,127726846053
1763860069002,127809472611
1763860070002,127892449633
1763860071002,127975384662
1763860072002,128058332081
1763860073002,128142026875
1763860074002,128225192555
1763860075002,128309252948
1763860076002,128392101124
1763860077002,128475244466
1763860078002,128558541433
1763860079002,128641734213
1763860080002,128725029288
1763860081002,128808265464
1763860082002,128891694755
1763860083002,128975059715
1763860084002,129057920709
1763860085002,129141275659
1763860086002,129223653073
1763860087002,129307569362
1763860088002,129394291796
1763860089002,129477220295
1763860090002,129560562550
1763860091002,129642964377
1763860092002,129726925588
1763860093002,129812069901
1763860094002,129894723254
1763860095002,129978128009
1763860096002,130060525442
1763860097002,130143621116
1763860098002,130220805977
1763860099002,130297445002
1763860100002,130373590620
1763860101002,130450606780
1763860102002,130527210466
1763860103002,130605192810
1763860104002,130681655139
1763860105002,130760999906
1763860106002,130837766311
1763860107002,130915113953
1763860108002,130992437058
1763860109002,131069346102
1763860110002,131146132465
1763860111002,131222819586
1763860112002,131299760002
1763860113002,131376974037
1763860114002,131453497157
1763860115002,131530766612
1763860116002,131607157835
1763860117002,131684621382
1763860118002,131761627472
1763860119002,131838220720
1763860120002,131916529297
1763860121002,131993542527
1763860122002,132071864837
1763860123002,132148977676
1763860124002,132225675112
1763860125002,132304410140
1763860126002,132380697725
1763860127002,132457921588
1763860128002,132535292056
1763860129002,132611635733
1763860130002,132688395912
1763860131002,132765258935
1763860132002,132842539682
1763860133002,132920189752
1763860134002,132996575665
1763860135002,133074553188
1763860136002,133151111830
1763860137002,133227652588
1763860138002,133304919602
1763860139002,133381253635
1763860140002,133458914325
1763860141002,133535349737
1763860142002,133611703912
1763860143002,133688960611
1763860144002,133765869716
1763860145002,133843215588
1763860146002,133919845640
1763860147002,133996726852
1763860148002,134074277740
1763860149002,134150889177
1763860150002,134230455502
1763860151002,134307806805
1763860152002,134385576321
1763860153002,134463364024
1763860154002,134540858333
1763860155002,134618598734
1763860156002,134695253751
1763860157002,134772346632
1763860158002,134849233581
1763860159002,134925657763
1763860160002,135002698947
1763860161002,135079442525
1763860162002,135156442023
1763860163002,135233774894
1763860164002,135310647134
1763860165002,135389707600
1763860166002,135465825630
1763860167002,135542726190
1763860168002,135619626140
1763860169002,135696033293
1763860170002,135773085525
1763860171002,135849549563
1763860172002,135925486319
1763860173002,136003842197
1763860174002,136080275779
1763860175002,136157721137
1763860176002,136234123957
1763860177002,136311887979
1763860178002,136389426965
1763860179002,136465963573
1763860180002,136544145441
1763860181002,136621131572
1763860182002,136697985684
1763860183002,136776347849
1763860184002,136853808405
1763860185002,136931059428
1763860186002,137008079190
1763860187002,137085685375
1763860188002,137162272032
1763860189002,137238736497
1763860190002,137314881139
1763860191002,137391701743
1763860192002,137468718391
1763860193002,137546273429
1763860194002,137622616007
1763860195002,137701133263
1763860196002,137777882395
1763860197002,137856744681
1763860198002,137938047695
1763860199002,138014791822
1763860200002,138096242419
1763860201002,138176751308
1763860202002,138258392090
1763860203002,138338515847
1763860204002,138418780900
1763860205002,138506106116
1763860206002,138626228062
1763860207002,138746043185
1763860208002,138845749168
1763860209002,138935332129
1763860210002,139025917041
1763860211002,139112028149
1763860212002,139200260894
1763860213002,139293367407
1763860214002,139382404166
1763860215002,139477685294
1763860216002,139567436102
1763860217002,139658658342
1763860218002,139751422814
1763860219002,139839284405
1763860220002,139923652841
1763860221002,140004981735
1763860222002,140086009054
1763860223002,140165250245
1763860224002,140243121018
1763860225002,140323132287
1763860226002,140399856578
1763860227002,140477665217
1763860228002,140554981547
1763860229002,140631020965
1763860230002,140717029228
1763860231002,140804496290
1763860232002,140891970553
1763860233002,140979884268
1763860234002,141059770844
1763860235002,141136905168
1763860236002,141213924135
1763860237002,141291538744
1763860238002,141369620148
1763860239002,141446567034
1763860240002,141525228453
1763860241002,141602397384
1763860242002,141679429902
1763860243002,141758764232
1763860244002,141835869382
1763860245002,141913160993
1763860246002,141990116667
1763860247002,142067233719
1763860248002,142145048400
1763860249002,142221637986
1763860250002,142297961277
1763860251002,142375871905
1763860252002,142452713139
1763860253002,142530335011
1763860254002,142607109412
1763860255002,142687582961
1763860256002,142764221070
1763860257002,142842020248
1763860258002,142918676119
