timestamp,energy
1763845069003,62119223556
1763845070003,62132302853
1763845071003,62145634967
1763845072003,62158780512
1763845073003,62172117828
1763845074003,62185417583
1763845075003,62198697050
1763845076003,62212201029
1763845077003,62225654043
1763845078042,62242045010
1763845079012,62258531081
1763845080003,62272117420
1763845081003,62285598433
1763845082003,62298953788
1763845083003,62312225345
1763845084003,62325680532
1763845085003,62338970188
1763845086003,62352512999
1763845087003,62365996506
1763845088003,62379521232
1763845089003,62393457252
1763845090003,62408670073
1763845091003,62423334266
1763845092005,62437239717
1763845093003,62450864076
1763845094003,62464396207
1763845095003,62477752954
1763845096003,62491121451
1763845097003,62505005620
1763845098003,62521016535
1763845099003,62535076255
1763845100003,62548937887
1763845101003,62562689711
1763845102003,62576054444
1763845103003,62589188668
1763845104003,62602432348
1763845105003,62615750248
1763845106003,62629235730
1763845107003,62642992923
1763845108003,62658775195
1763845109003,62673725758
1763845110003,62687926178
1763845111003,62702670069
1763845112003,62715978131
1763845113003,62729672855
1763845114003,62743090083
1763845115003,62756359926
1763845116003,62769640372
1763845117003,62783142193
1763845118003,62799239645
1763845119003,62814188464
1763845120003,62828089493
1763845121003,62842058133
1763845122003,62857204812
1763845123003,62873572920
1763845124003,62887978206
1763845125004,62902076820
1763845126003,62916059903
1763845127003,62929576841
1763845128003,62943060379
1763845129003,62956415504
1763845130003,62969639891
1763845131003,62982889507
1763845132003,62996146973
1763845133003,63009272613
1763845134003,63022446173
1763845135003,63035743373
1763845136003,63048954311
1763845137003,63062367821
1763845138003,63077984148
1763845139003,63093959291
1763845140003,63108980556
1763845141003,63124322049
1763845142003,63138018686
1763845143003,63151675405
1763845144003,63165117480
1763845145003,63178475711
1763845146003,63192615650
1763845147003,63207133407
1763845148003,63221393068
1763845149003,63234688186
1763845150003,63247832432
1763845151003,63261076632
1763845152003,63274492575
1763845153003,63287746643
1763845154003,63300894163
1763845155003,63314242663
1763845156003,63327511695
1763845157003,63340738040
1763845158003,63354178402
1763845159003,63367376778
1763845160003,63380568622
1763845161003,63393980526
1763845162003,63407099679
1763845163003,63420684732
1763845164003,63434568687
1763845165003,63448964732
1763845166003,63463823633
1763845167003,63478621640
1763845168003,63492952508
1763845169003,63508055474
1763845170003,63523221431
1763845171003,63537275185
1763845172003,63551142630
1763845173003,63565274705
1763845174003,63579791452
1763845175003,63594039791
1763845176003,63608212350
1763845177003,63622599582
1763845178003,63636759243
1763845179003,63651015262
1763845180003,63665200305
1763845181003,63679282884
1763845182003,63693633657
1763845183003,63707951504
1763845184003,63722476223
1763845185003,63736953970
1763845186003,63751197138
1763845187003,63765717343
1763845188003,63779976423
1763845189003,63794044161
1763845190003,63808339884
1763845191003,63822532990
1763845192003,63836705334
1763845193003,63851069005
1763845194003,63865217986
1763845195003,63879327707
1763845196003,63893376672
1763845197003,63907690220
1763845198003,63921885162
1763845199003,63936043032
1763845200003,63950464001
1763845201003,63965296403
1763845202003,63980107262
1763845203003,63995134646
1763845204003,64009625169
1763845205003,64023908775
1763845206003,64038434457
1763845207003,64052781237
1763845208003,64067730545
1763845209003,64082787642
1763845210003,64097324356
1763845211003,64111435011
1763845212003,64125672196
1763845213003,64139663908
1763845214003,64153832106
1763845215003,64167985295
1763845216003,64181989385
1763845217003,64196233700
1763845218003,64210428168
1763845219003,64224647667
1763845220004,64238913570
1763845221003,64253076092
1763845222003,64267321922
1763845223003,64281503905
1763845224003,64295627090
1763845225004,64309897645
1763845226003,64325212302
1763845227003,64340515775
1763845228003,64356289632
1763845229003,64371506629
1763845230003,64387238242
1763845231003,64402820359
1763845232004,64417994287
1763845233003,64433188701
1763845234003,64448410197
1763845235003,64463644560
1763845236004,64478847910
1763845237003,64493945399
1763845238003,64508840225
1763845239003,64523864595
1763845240003,64538855382
1763845241003,64553989545
1763845242003,64568987401
1763845243003,64584310259
1763845244003,64599608898
1763845245003,64614772865
1763845246003,64630045539
1763845247003,64645156814
1763845248003,64660237305
1763845249003,64675176087
1763845250004,64690067516
1763845251003,64704845128
1763845252003,64719743304
1763845253003,64734722111
1763845254003,64749775781
1763845255003,64764825381
1763845256004,64779945102
1763845257003,64794449762
1763845258003,64808769123
1763845259003,64823153663
1763845260003,64837612255
1763845261003,64852047178
1763845262004,64866420533
1763845263003,64880302896
1763845264003,64894101339
1763845265003,64907828698
1763845266003,64921985803
1763845267003,64935973737
1763845268003,64950256271
1763845269003,64964541422
1763845270003,64978455150
1763845271003,64992860223
1763845272003,65007870961
1763845273003,65022870240
1763845274003,65037952658
1763845275003,65052270704
1763845276003,65065629716
1763845277003,65080132616
1763845278003,65094410301
1763845279003,65109028502
1763845280003,65124118051
1763845281003,65139181819
1763845282003,65153909874
1763845283003,65168975509
1763845284003,65184043821
1763845285003,65199353062
1763845286003,65214229971
1763845287003,65229059848
1763845288003,65244143751
1763845289004,65259437401
1763845290003,65274214815
1763845291003,65289011934
1763845292003,65304132909
1763845293003,65319228164
1763845294004,65334280304
1763845295003,65349097941
1763845296004,65364209583
1763845297003,65379216986
1763845298003,65394114121
1763845299003,65408262919
1763845300003,65423090072
1763845301003,65437433685
1763845302003,65452505546
1763845303003,65467269465
1763845304003,65483688369
1763845305003,65498847992
1763845306003,65512505307
1763845307003,65526698123
1763845308003,65541176268
1763845309003,65555492753
1763845310003,65569592162
1763845311003,65583827634
1763845312003,65597711650
1763845313003,65612173730
1763845314003,65626592373
1763845315003,65640650947
1763845316003,65655068810
1763845317003,65669218495
1763845318004,65683620844
1763845319003,65697625377
1763845320003,65711875185
1763845321003,12840066
1763845322003,27470507
1763845323004,41703072
1763845324003,55978645
1763845325003,69946214
1763845326003,84227754
1763845327004,98661239
1763845328003,112714748
1763845329003,126994880
1763845330003,141005335
1763845331003,155453905
1763845332003,169529171
1763845333003,183898931
1763845334003,198000360
1763845335003,214125993
1763845336003,228280192
1763845337003,241964802
1763845338003,255924048
1763845339003,269469092
1763845340003,283104054
1763845341003,296738190
1763845342003,311240647
1763845343003,324630289
1763845344003,338148711
1763845345003,351676375
1763845346003,365226147
1763845347003,378509025
1763845348003,392026988
1763845349003,405495288
1763845350003,419155479
1763845351003,432722709
1763845352003,446424700
1763845353003,460187922
1763845354003,473760950
1763845355003,487257937
1763845356003,500883551
1763845357003,514494171
1763845358003,527968590
1763845359003,541389199
1763845360003,555028476
1763845361003,568549728
1763845362003,582026642
1763845363003,595375295
1763845364003,608538604
1763845365003,622034811
1763845366003,635541192
1763845367003,649996264
1763845368003,663433795
1763845369003,677701795
1763845370003,692402096
1763845371003,706564725
1763845372003,720864288
1763845373003,736042424
1763845374003,751554742
1763845375003,765560989
1763845376003,780597248
1763845377003,794692480
1763845378003,808464316
1763845379003,822761768
1763845380003,836906282
1763845381003,851060985
1763845382003,866018846
1763845383003,880323046
1763845384003,894705918
1763845385003,909026458
1763845386003,923805171
1763845387003,938178787
1763845388003,952441906
1763845389003,966850528
1763845390003,981213954
1763845391003,995866259
1763845392003,1010299682
1763845393003,1024884514
1763845394003,1039472636
1763845395003,1053196751
1763845396003,1067502710
1763845397003,1081373139
1763845398003,1095458090
1763845399003,1109503643
1763845400003,1124306959
1763845401003,1140284106
1763845402003,1153829319
1763845403003,1168287115
1763845404003,1182318975
1763845405003,1196754372
1763845406003,1211644163
1763845407003,1225880874
1763845408003,1240563504
1763845409003,1254752663
1763845410003,1269604587
1763845411003,1284116285
1763845412003,1298235676
1763845413016,1312560026
1763845414003,1327217441
1763845415003,1341801646
1763845416003,1356855056
1763845417003,1370980490
1763845418003,1384840102
1763845419003,1400053030
1763845420003,1414918647
1763845421003,1430206713
1763845422003,1446371454
1763845423003,1462040613
1763845424003,1477746629
1763845425003,1492815017
1763845426003,1506733106
1763845427003,1521999125
1763845428016,1536887692
1763845429003,1552052578
1763845430003,1567834329
1763845431003,1582966549
1763845432003,1597970219
1763845433003,1612982793
1763845434003,1628202973
1763845435003,1643880501
1763845436004,1659259234
1763845437003,1675605923
1763845438004,1691298536
1763845439003,1706543012
1763845440003,1721848673
1763845441003,1737422803
1763845442003,1753528761
1763845443003,1770274321
1763845444003,1786509656
1763845445003,1802764712
1763845446003,1818667578
1763845447003,1836120196
1763845448003,1852393995
1763845449003,1867271379
1763845450003,1882547664
1763845451003,1898172942
1763845452003,1913421886
1763845453003,1929040386
1763845454003,1944310230
1763845455003,1959984192
1763845456003,1975461779
1763845457003,1991095885
1763845458003,2006891774
1763845459003,2021959030
1763845460003,2037175339
1763845461003,2052163035
1763845462003,2067736339
1763845463003,2082989644
1763845464003,2098454103
1763845465003,2114856178
1763845466003,2130401727
1763845467003,2145019623
1763845468003,2160181479
1763845469003,2175268105
1763845470003,2190501841
1763845471003,2204785202
1763845472003,2219683302
1763845473003,2235438339
1763845474003,2251100765
1763845475003,2267589759
1763845476003,2283113827
1763845477003,2299504916
1763845478003,2315630550
1763845479003,2330484938
1763845480003,2345220368
1763845481003,2360060557
1763845482003,2375347414
1763845483003,2390746650
1763845484003,2406121176
1763845485003,2420774262
1763845486003,2435244497
1763845487003,2449965040
1763845488003,2464250328
1763845489003,2478895611
1763845490003,2493111055
1763845491003,2509517643
1763845492003,2523908073
1763845493003,2537667639
1763845494003,2552547654
1763845495003,2567217462
1763845496003,2582569681
1763845497003,2597850296
1763845498003,2613194865
1763845499003,2628523384
1763845500003,2643604272
1763845501003,2658975004
1763845502003,2674709586
1763845503003,2690428148
1763845504004,2705825379
1763845505003,2720958686
1763845506003,2737336158
1763845507003,2752755681
1763845508003,2768386528
1763845509003,2783971751
1763845510003,2799707908
1763845511004,2814771248
1763845512004,2829806190
1763845513003,2845434207
1763845514004,2860955782
1763845515003,2877008481
1763845516003,2892527439
1763845517003,2907655161
1763845518004,2923432521
1763845519003,2938716410
1763845520003,2953871091
1763845521003,2969301385
1763845522003,2984745037
1763845523003,3000283855
1763845524003,3015927447
1763845525004,3031141568
1763845526003,3046636184
1763845527003,3062058768
1763845528003,3077516113
1763845529003,3093797256
1763845530003,3108936514
1763845531003,3124099533
1763845532003,3140711921
1763845533003,3156185178
1763845534003,3171819560
1763845535003,3187111267
1763845536003,3204333544
1763845537003,3220372335
1763845538003,3235411164
1763845539003,3250778484
1763845540003,3265568550
1763845541003,3280115224
1763845542003,3295703002
1763845543003,3310990884
1763845544003,3325775825
1763845545003,3340726970
1763845546003,3356608615
1763845547003,3371428470
1763845548003,3386329783
1763845549003,3401443658
1763845550004,3416294068
1763845551003,3430986918
1763845552003,3446037099
1763845553003,3461027336
1763845554003,3475959003
1763845555003,3490802467
1763845556003,3505117437
1763845557004,3519924533
1763845558003,3534995124
1763845559003,3550426414
1763845560003,3565317965
1763845561003,3580065941
1763845562003,3595396740
1763845563003,3610887332
1763845564003,3626943993
1763845565003,3642405546
1763845566003,3658089530
1763845567003,3674111874
1763845568003,3689911373
1763845569003,3706330614
1763845570003,3722346440
1763845571003,3739014795
1763845572003,3755843831
1763845573003,3771785345
1763845574003,3787630040
1763845575003,3802914664
1763845576004,3819824469
1763845577003,3835932951
1763845578003,3852295980
1763845579003,3867885930
1763845580003,3883997993
1763845581004,3899896560
1763845582003,3915457884
1763845583003,3931129521
1763845584003,3946920498
1763845585003,3962533459
1763845586003,3978518333
1763845587003,3994420113
1763845588003,4010127796
1763845589003,4025616491
1763845590004,4041487441
1763845591003,4057307045
1763845592003,4073035674
1763845593004,4088928167
1763845594003,4104629226
1763845595003,4119759258
1763845596003,4134896971
1763845597003,4150248868
1763845598003,4165104755
1763845599003,4180016686
1763845600003,4195073202
1763845601003,4210077774
1763845602003,4224887363
1763845603003,4240171298
1763845604003,4255451592
1763845605003,4271430529
1763845606003,4286690382
1763845607003,4301993687
1763845608003,4317012106
1763845609003,4332009273
1763845610003,4347029941
1763845611004,4362962779
1763845612003,4378549425
1763845613003,4394164850
1763845614003,4409226078
1763845615003,4424775254
1763845616003,4439806448
1763845617003,4454835271
1763845618003,4470765172
1763845619003,4486245421
1763845620004,4501553408
1763845621003,4516977751
1763845622003,4532356791
1763845623003,4547809087
1763845624003,4563250566
1763845625003,4578724251
1763845626004,4594039291
1763845627003,4609523901
1763845628003,4624928125
1763845629003,4640539097
1763845630003,4655371958
1763845631003,4671705167
1763845632003,4687515544
1763845633003,4703623874
1763845634003,4719757907
1763845635004,4736061450
1763845636003,4752627356
1763845637003,4769175653
1763845638004,4785757808
1763845639003,4801744395
1763845640003,4817667029
1763845641003,4833903159
1763845642003,4850329194
1763845643003,4866464375
1763845644003,4882931918
1763845645003,4899439746
1763845646004,4916421353
1763845647003,4932276682
1763845648003,4948560135
1763845649004,4965020748
1763845650003,4981007427
1763845651004,4997257190
1763845652004,5014191061
1763845653004,5030894117
1763845654004,5047478139
1763845655003,5064615715
1763845656003,5081009925
1763845657004,5096881380
1763845658003,5112747373
1763845659004,5128814852
1763845660003,5144720961
1763845661003,5160904536
1763845662004,5177552420
1763845663003,5194526959
1763845664004,5210687248
1763845665003,5226661228
1763845666003,5242013738
1763845667003,5257624144
1763845668003,5273391620
1763845669003,5288483280
1763845670003,5303342594
1763845671003,5318182845
1763845672003,5334070640
1763845673003,5349708770
1763845674003,5365765324
1763845675003,5381343402
1763845676003,5397428705
1763845677003,5413369331
1763845678003,5428581111
1763845679003,5443973141
1763845680003,5459816505
1763845681003,5475840654
1763845682003,5492585403
1763845683003,5509100529
1763845684003,5525970936
1763845685004,5542112971
1763845686003,5559264072
1763845687003,5575673231
1763845688003,5591729632
1763845689003,5607904257
1763845690003,5624194886
1763845691003,5640050199
1763845692003,5656443966
1763845693003,5672872524
1763845694003,5689162480
1763845695003,5705279913
1763845696003,5720526853
1763845697003,5737127521
1763845698004,5753851645
1763845699004,5770640197
1763845700004,5786957540
1763845701003,5802653917
1763845702003,5818704474
1763845703003,5834810555
1763845704003,5851137384
1763845705003,5867182279
1763845706003,5883431185
1763845707003,5899701542
1763845708003,5915648854
1763845709003,5931819639
1763845710003,5947614272
1763845711003,5964697258
1763845712003,5980562501
1763845713003,5996229946
1763845714003,6011746272
1763845715004,6027379216
1763845716004,6044097495
1763845717004,6059405482
1763845718004,6074639814
1763845719004,6089801380
1763845720003,6105038986
1763845721004,6119946832
1763845722003,6135225366
1763845723003,6150524708
1763845724003,6166410958
1763845725003,6182353543
1763845726004,6199138882
1763845727004,6216598340
1763845728004,6232597749
1763845729003,6249007396
1763845730004,6265340927
1763845731003,6280479389
1763845732003,6296161002
1763845733003,6311749789
1763845734003,6327518000
1763845735004,6343158547
1763845736003,6358811212
1763845737003,6374508737
1763845738003,6390042337
1763845739003,6405627453
1763845740003,6421139404
1763845741003,6436448477
1763845742003,6451830133
1763845743003,6467145035
1763845744003,6482394254
1763845745003,6497386082
1763845746003,6512404959
1763845747004,6527529315
1763845748004,6542548545
1763845749004,6556988364
1763845750003,6571307083
1763845751004,6585706617
1763845752003,6601065920
1763845753004,6615495855
1763845754004,6630222640
1763845755004,6644510851
1763845756003,6659212147
1763845757003,6674493159
1763845758004,6690352053
1763845759004,6705751962
1763845760004,6720708339
1763845761004,6734994760
1763845762003,6750278634
1763845763003,6765438731
1763845764003,6780655239
1763845765004,6795736571
1763845766003,6810920750
1763845767003,6825748164
1763845768004,6841545858
1763845769004,6856817201
1763845770004,6871933080
1763845771004,6886999419
1763845772003,6901797977
1763845773003,6917018371
1763845774004,6932256559
1763845775003,6947576617
1763845776004,6962332396
1763845777004,6977425494
1763845778003,6993158102
1763845779003,7008412293
1763845780003,7023809846
1763845781003,7039008729
1763845782003,7054490263
1763845783004,7070343465
1763845784003,7084930072
1763845785004,7099810684
1763845786004,7115128921
1763845787003,7130845387
1763845788004,7147259564
1763845789003,7163204826
1763845790003,7178691348
1763845791003,7195075246
1763845792003,7210344784
1763845793004,7225008947
1763845794003,7240951332
1763845795003,7256070165
1763845796003,7271197290
1763845797003,7285577225
1763845798003,7300548153
1763845799004,7315701426
1763845800003,7331194649
1763845801003,7345894507
1763845802004,7360624368
1763845803003,7375396410
1763845804004,7390132299
1763845805003,7404968679
1763845806004,7420289104
1763845807003,7435684393
1763845808003,7450332812
1763845809003,7465270232
1763845810003,7480977809
1763845811003,7496624354
1763845812003,7512497706
1763845813003,7528466025
1763845814003,7544058546
1763845815003,7560163678
1763845816004,7577043617
1763845817003,7593076946
1763845818004,7608925681
1763845819003,7625540639
1763845820003,7641064953
1763845821003,7657441889
1763845822003,7672991585
1763845823003,7687586530
1763845824003,7702222480
1763845825004,7717131886
1763845826003,7732044551
1763845827004,7747219183
1763845828004,7762586013
1763845829004,7778434289
1763845830004,7794307886
1763845831003,7809480376
1763845832003,7827307691
1763845833003,7844024808
1763845834004,7860583860
1763845835003,7876767159
1763845836003,7892900397
1763845837004,7908251652
1763845838004,7923597384
1763845839004,7939631631
1763845840004,7955481039
1763845841004,7971715578
1763845842004,7988089409
1763845843003,8004461327
1763845844003,8020097345
1763845845003,8035919840
1763845846004,8052166115
1763845847003,8068289622
1763845848004,8084263174
1763845849003,8099830281
1763845850004,8115728695
1763845851004,8131817410
1763845852004,8147907196
1763845853004,8163748816
1763845854003,8179333518
1763845855003,8195418837
1763845856004,8211592069
1763845857004,8228002237
1763845858003,8243914925
1763845859003,8259869888
1763845860003,8276110348
1763845861003,8292613785
1763845862003,8309081542
1763845863003,8325009072
1763845864003,8340832959
1763845865003,8356798708
1763845866004,8372840681
1763845867003,8389577520
1763845868004,8406519669
1763845869003,8424055503
1763845870003,8440294388
1763845871003,8455537044
1763845872003,8470659915
1763845873003,8485839137
1763845874003,8500830062
1763845875003,8515386803
1763845876003,8530081688
1763845877003,8544403467
1763845878003,8559123873
1763845879003,8574211784
1763845880003,8589435024
1763845881003,8604827926
1763845882003,8620228906
1763845883003,8635441114
1763845884003,8650801840
1763845885003,8665934382
1763845886004,8681282714
1763845887003,8696281029
1763845888003,8711443482
1763845889004,8727568305
1763845890003,8743418049
1763845891004,8759489552
1763845892003,8775698066
1763845893004,8791914077
1763845894004,8808408272
1763845895003,8824267227
1763845896003,8839413477
1763845897003,8854410201
1763845898003,8869987039
1763845899003,8885372826
1763845900003,8901221392
1763845901003,8916471270
1763845902003,8932240031
1763845903004,8948136104
1763845904003,8963861245
1763845905003,8979033964
1763845906003,8993863566
1763845907003,9009759761
1763845908003,9025463880
1763845909003,9041336543
1763845910003,9056779109
1763845911003,9073375019
1763845912003,9089996679
1763845913004,9105459180
1763845914004,9121595524
1763845915004,9136754657
1763845916004,9152092295
1763845917004,9166945152
1763845918003,9182074465
1763845919004,9197220838
1763845920004,9212376467
1763845921004,9227407141
1763845922004,9242167847
1763845923004,9257403342
1763845924004,9272644605
1763845925004,9287805666
1763845926004,9302774651
1763845927004,9317795594
1763845928004,9333000382
1763845929004,9348086228
1763845930003,9363292255
1763845931004,9378275025
1763845932004,9393448066
1763845933003,9408593092
1763845934003,9423793489
1763845935003,9438980101
1763845936003,9453967858
1763845937003,9470708246
1763845938003,9485911841
1763845939003,9500456449
1763845940003,9514999757
1763845941003,9529524873
1763845942003,9545809291
1763845943003,9562065388
1763845944003,9578337795
1763845945003,9593284059
1763845946003,9608442748
1763845947003,9623613325
1763845948003,9639683206
1763845949003,9654841711
1763845950003,9670106001
1763845951003,9685650663
1763845952003,9700351500
1763845953004,9715467242
1763845954003,9730693481
1763845955003,9746143207
1763845956003,9761334944
1763845957004,9777347694
1763845958003,9792507439
1763845959004,9806865219
1763845960003,9821231705
1763845961004,9835785555
1763845962004,9850174241
1763845963003,9864574983
1763845964003,9879018704
1763845965003,9893260173
1763845966004,9907753037
1763845967003,9922014871
1763845968003,9936305591
1763845969003,9950842886
1763845970004,9965112385
1763845971003,9979662807
1763845972004,9993908943
1763845973003,10008199159
1763845974004,10023026924
1763845975003,10038859456
1763845976004,10054940475
1763845977004,10071644571
1763845978003,10087675942
1763845979003,10104275371
1763845980003,10121103198
1763845981003,10137151124
1763845982003,10153373637
1763845983003,10169230741
1763845984003,10185162860
1763845985003,10200653162
1763845986004,10217320966
1763845987003,10233562391
1763845988003,10248965987
1763845989003,10264771162
1763845990004,10281137603
1763845991003,10297582854
1763845992003,10313903043
1763845993003,10329543881
1763845994003,10345251411
1763845995003,10360869636
1763845996004,10376589529
1763845997004,10391894701
1763845998004,10407989306
1763845999004,10424093352
1763846000003,10439981698
1763846001004,10455274125
1763846002004,10470462144
1763846003004,10485784161
1763846004004,10501104907
1763846005003,10516359987
1763846006004,10531304460
1763846007003,10546141620
1763846008004,10561447648
1763846009004,10576718379
1763846010004,10592224807
1763846011004,10608762852
1763846012004,10624044906
1763846013004,10639503108
1763846014004,10654890287
1763846015004,10670684446
1763846016003,10686663124
1763846017004,10704426454
1763846018003,10719839567
1763846019003,10735456874
1763846020003,10751183576
1763846021003,10767300351
1763846022003,10784148634
1763846023004,10800422862
1763846024003,10817146573
1763846025003,10833031033
1763846026003,10848326443
1763846027003,10863621072
1763846028003,10878600675
1763846029003,10894068333
1763846030003,10909947698
1763846031004,10926058230
1763846032003,10941979212
1763846033004,10957114828
1763846034003,10972665090
1763846035003,10988532919
1763846036003,11004364166
1763846037004,11019805783
1763846038003,11035418683
1763846039003,11051092799
1763846040003,11066554244
1763846041003,11082392682
1763846042003,11097489528
1763846043003,11113152628
1763846044004,11129074986
1763846045003,11144900618
1763846046003,11161127828
1763846047003,11178424233
1763846048004,11195152412
1763846049004,11210936841
1763846050003,11226156975
1763846051003,11241013565
1763846052003,11255872084
1763846053004,11271110593
1763846054004,11286406080
1763846055003,11302735402
1763846056003,11319037445
1763846057003,11334422467
1763846058004,11349072003
1763846059003,11364419265
1763846060003,11380386605
1763846061003,11396374524
1763846062004,11413370330
1763846063004,11428786946
1763846064003,11444860575
1763846065004,11460507671
1763846066003,11476077364
1763846067004,11491351905
1763846068004,11506588318
1763846069003,11521565764
1763846070004,11536688314
1763846071003,11551874834
1763846072004,11567156382
1763846073003,11582444418
1763846074004,11597364320
1763846075004,11612487666
1763846076003,11627661212
1763846077004,11643190926
1763846078004,11658190005
1763846079004,11673280487
1763846080004,11688489437
1763846081004,11703893722
1763846082004,11719208364
1763846083004,11734282903
1763846084004,11749221517
1763846085004,11764453157
1763846086004,11779793931
1763846087004,11794961724
1763846088003,11810546778
1763846089004,11827071604
1763846090003,11842338893
1763846091004,11858637922
1763846092004,11874466108
1763846093003,11888602084
1763846094003,11903825814
1763846095003,11919089017
1763846096004,11933307812
1763846097003,11947339075
1763846098003,11961441360
1763846099003,11975984990
1763846100003,11990884451
1763846101003,12004808277
1763846102003,12018820262
1763846103003,12032785566
1763846104003,12046727309
1763846105004,12061203633
1763846106003,12076030863
1763846107003,12091224681
1763846108003,12105029734
1763846109003,12120087321
1763846110003,12133776690
1763846111003,12147409953
1763846112003,12161025867
1763846113003,12174903273
1763846114003,12189061664
1763846115003,12202763089
1763846116003,12216779098
1763846117003,12231111878
1763846118003,12245550304
1763846119004,12260539852
1763846120003,12274364580
1763846121004,12288354579
1763846122003,12302328681
1763846123003,12316282801
1763846124004,12330434719
1763846125003,12345167059
1763846126003,12359962939
1763846127003,12375109480
1763846128003,12389673672
1763846129003,12404968945
1763846130003,12419824311
1763846131003,12434947137
1763846132003,12450063920
1763846133003,12464314003
1763846134003,12480067404
1763846135003,12494332007
1763846136003,12508652592
1763846137003,12523654839
1763846138004,12538902008
1763846139003,12555421541
1763846140003,12569867005
1763846141003,12584531214
1763846142003,12599215587
1763846143003,12614339989
1763846144003,12629532690
1763846145003,12645327798
1763846146003,12659884479
1763846147003,12674874837
1763846148003,12690412507
1763846149003,12706424982
1763846150003,12722378797
1763846151004,12738191592
1763846152003,12754453595
1763846153003,12770364065
1763846154003,12784771035
1763846155003,12799708914
1763846156003,12814538409
1763846157003,12829489431
1763846158003,12845189358
1763846159003,12860295996
1763846160003,12875975360
1763846161003,12890485069
1763846162003,12905847615
1763846163003,12921769453
1763846164004,12939167251
1763846165004,12955322353
1763846166004,12971055603
1763846167004,12986037730
1763846168004,13001514782
1763846169003,13017263730
1763846170004,13033291643
1763846171003,13048935311
1763846172004,13066078732
1763846173004,13082381616
1763846174004,13098351068
1763846175004,13114507133
1763846176004,13130395984
1763846177004,13146533047
1763846178003,13162644865
1763846179003,13177895569
1763846180003,13193076841
1763846181003,13208105878
1763846182003,13223051560
1763846183003,13238789829
1763846184004,13254196898
1763846185004,13269787170
1763846186004,13284933696
1763846187003,13300081032
1763846188004,13315763134
1763846189004,13331330028
1763846190004,13347139150
1763846191004,13362383290
1763846192004,13378726658
1763846193004,13395599100
1763846194004,13411556128
1763846195004,13427623041
1763846196004,13444038992
1763846197004,13459571843
1763846198004,13476299853
1763846199004,13492869080
1763846200004,13509092481
1763846201004,13525565624
1763846202004,13541094190
1763846203004,13557611489
1763846204003,13573771104
1763846205004,13589370648
1763846206004,13604865707
1763846207004,13620225836
1763846208003,13635674950
1763846209003,13651211213
1763846210003,13666571785
1763846211003,13682140882
1763846212003,13697911204
1763846213003,13713380116
1763846214003,13729217283
1763846215003,13745278045
1763846216003,13761529705
1763846217003,13778713166
1763846218003,13794830676
1763846219003,13810351470
1763846220003,13826538120
1763846221004,13842238888
1763846222003,13858344602
1763846223003,13874445909
1763846224003,13890694738
1763846225004,13906308510
1763846226003,13921655481
1763846227003,13937493215
1763846228003,13953422214
1763846229003,13969559919
1763846230003,13985190812
1763846231003,14000598279
1763846232003,14016016059
1763846233003,14031967013
1763846234004,14047392947
1763846235003,14062797415
1763846236003,14078393440
1763846237003,14094187507
1763846238003,14110763390
1763846239004,14126484966
1763846240004,14142322531
1763846241003,14158484595
1763846242003,14174392678
1763846243003,14190459483
1763846244003,14206252357
1763846245003,14222159415
1763846246003,14238592656
1763846247003,14255779544
1763846248003,14272064099
1763846249004,14287804234
1763846250004,14304474884
1763846251004,14321237840
1763846252004,14336926796
1763846253003,14352511590
1763846254003,14368338293
1763846255003,14382637918
1763846256003,14397259684
1763846257003,14411562904
1763846258003,14426214613
1763846259003,14441480677
1763846260003,14456818132
1763846261003,14472161094
1763846262004,14487108475
1763846263003,14503153111
1763846264004,14517635509
1763846265004,14531360940
1763846266003,14545092369
1763846267004,14559233608
1763846268003,14575644159
1763846269003,14589954800
1763846270003,14603820409
1763846271003,14618329216
1763846272003,14633120766
1763846273004,14647717548
1763846274004,14662739026
1763846275003,14677448339
1763846276003,14692318210
1763846277004,14707097490
1763846278003,14721688014
1763846279003,14736374820
1763846280003,14751789111
1763846281004,14768099967
1763846282003,14783626132
1763846283003,14799641759
1763846284003,14815964548
1763846285003,14831127476
1763846286004,14846979653
1763846287004,14862900129
1763846288004,14878462707
1763846289003,14893510212
1763846290003,14908501932
1763846291003,14923794144
1763846292003,14939239356
1763846293003,14954599271
1763846294004,14969528124
1763846295004,14984577571
1763846296004,15000862463
1763846297003,15016163870
1763846298003,15031481113
1763846299004,15046384568
1763846300003,15061490120
1763846301003,15077826512
1763846302003,15094032578
1763846303003,15110274247
1763846304003,15126489722
1763846305004,15142581727
1763846306003,15159117477
1763846307003,15175814979
1763846308003,15192021091
1763846309003,15208637151
1763846310004,15224671444
1763846311003,15239978696
1763846312003,15255100926
1763846313003,15270242999
1763846314004,15285373903
1763846315003,15300389232
1763846316003,15315493851
1763846317004,15330457541
1763846318003,15345124335
1763846319003,15359541709
1763846320003,15373987770
1763846321003,15388573704
1763846322003,15403241890
1763846323003,15417959205
1763846324003,15432557976
1763846325003,15447057342
1763846326005,15463578144
1763846327003,15479881136
1763846328003,15494703454
1763846329003,15509674994
1763846330003,15524833943
1763846331003,15540008177
1763846332004,15555592451
1763846333004,15571006834
1763846334004,15585912079
1763846335003,15601052745
1763846336003,15616286924
1763846337003,15631793566
1763846338003,15648783481
1763846339003,15664340598
1763846340003,15679764069
1763846341003,15695375944
1763846342003,15711072704
1763846343003,15727029869
1763846344003,15742693795
1763846345003,15757968887
1763846346003,15772991176
1763846347003,15788105740
1763846348003,15803324834
1763846349003,15819017264
1763846350003,15834744348
1763846351003,15850062891
1763846352003,15865250299
1763846353003,15880537003
1763846354004,15896372013
1763846355003,15911527658
1763846356003,15926513656
1763846357003,15941698371
1763846358003,15956924380
1763846359004,15972299809
1763846360003,15987668689
1763846361003,16003525181
1763846362003,16019825235
1763846363003,16035665799
1763846364004,16051813587
1763846365003,16067728280
1763846366003,16083789960
1763846367003,16099504835
1763846368003,16115301427
1763846369003,16130706768
1763846370003,16147890090
1763846371003,16164743607
1763846372004,16180560119
1763846373003,16196911979
1763846374003,16212090359
1763846375003,16228353341
1763846376004,16244344718
1763846377003,16259709284
1763846378003,16274894671
1763846379003,16289926524
1763846380003,16305052226
1763846381004,16320250160
1763846382003,16335376290
1763846383004,16351872184
1763846384004,16367533632
1763846385003,16382741908
1763846386003,16398554397
1763846387003,16414208286
1763846388003,16430523533
1763846389003,16446676921
1763846390004,16462841355
1763846391003,16478275521
1763846392004,16493949958
1763846393004,16509354549
1763846394004,16525027731
1763846395004,16540840587
1763846396004,16556729897
1763846397003,16572435990
1763846398003,16588162324
1763846399003,16603657721
1763846400003,16619293556
1763846401003,16634493876
1763846402004,16649976053
1763846403003,16665474647
1763846404003,16680792609
1763846405004,16695934056
1763846406004,16710798204
1763846407003,16725900942
1763846408004,16741186697
1763846409003,16756430225
1763846410003,16771419513
1763846411004,16786363359
1763846412003,16801761463
1763846413004,16817367294
1763846414003,16833089911
1763846415003,16849210221
1763846416004,16864608630
1763846417004,16880840767
1763846418003,16897076118
1763846419003,16913308928
1763846420004,16929608217
1763846421004,16947052604
1763846422003,16963724631
1763846423004,16979573580
1763846424004,16995114830
1763846425003,17010405819
1763846426003,17025810057
1763846427003,17040650323
1763846428003,17055915867
1763846429003,17071515380
1763846430004,17087049072
1763846431003,17102551614
1763846432004,17117777516
1763846433003,17133317481
1763846434004,17148811439
1763846435003,17164472397
1763846436004,17179688109
1763846437003,17194974722
1763846438004,17210198023
1763846439003,17225514547
1763846440004,17240783870
1763846441003,17255624702
1763846442003,17271261792
1763846443003,17287162607
1763846444003,17304822770
1763846445003,17320601323
1763846446003,17336781578
1763846447004,17353072819
1763846448004,17369344109
1763846449003,17385168700
1763846450003,17400835089
1763846451003,17416134799
1763846452003,17431499793
1763846453003,17446551903
1763846454003,17461704334
1763846455003,17477532903
1763846456003,17493400533
1763846457003,17508997889
1763846458004,17524046280
1763846459004,17539226328
1763846460003,17554302734
1763846461004,17569248723
1763846462004,17584131017
1763846463004,17599418961
1763846464004,17614579455
1763846465003,17629536797
1763846466004,17645060697
1763846467003,17659811962
1763846468003,17674160165
1763846469003,17689226304
1763846470003,17704289154
1763846471004,17719702604
1763846472003,17734930311
1763846473003,17750045457
1763846474003,17765250061
1763846475003,17781786469
1763846476004,17797228071
1763846477003,17813385483
1763846478003,17828983726
1763846479003,17844413745
1763846480003,17860219946
1763846481003,17875939671
1763846482003,17891974392
1763846483004,17906818406
1763846484003,17921511684
1763846485003,17936825332
1763846486003,17952432021
1763846487003,17967476143
1763846488003,17982173951
1763846489003,17997280406
1763846490003,18012434000
1763846491003,18028480487
1763846492003,18043254932
1763846493003,18057724188
1763846494003,18072900931
1763846495004,18089401002
1763846496003,18105920228
1763846497003,18120956303
1763846498003,18136426424
1763846499003,18152037917
1763846500003,18167531844
1763846501004,18183609099
1763846502003,18199055031
1763846503004,18215519162
1763846504003,18230683023
1763846505003,18245298852
1763846506003,18260238721
1763846507003,18275515955
1763846508003,18290854128
1763846509004,18305238775
1763846510004,18319404081
1763846511003,18333690242
1763846512003,18348594048
1763846513003,18362680789
1763846514003,18377146036
1763846515003,18391381126
1763846516003,18406051470
1763846517003,18420677137
1763846518003,18435015945
1763846519003,18449434803
1763846520004,18464878608
1763846521003,18481233818
1763846522004,18496090868
1763846523003,18510704556
1763846524003,18525083373
1763846525003,18539266045
1763846526003,18554602520
1763846527004,18569802948
1763846528003,18586335317
1763846529003,18601483587
1763846530004,18618277877
1763846531004,18634543230
1763846532004,18650307784
1763846533003,18666021557
1763846534004,18681237407
1763846535003,18696226343
1763846536004,18710915047
1763846537003,18725294583
1763846538003,18740203699
1763846539003,18755080608
1763846540003,18769411200
1763846541003,18783265243
1763846542004,18798124496
1763846543003,18812897243
1763846544003,18827702854
1763846545004,18842273901
1763846546003,18856844718
1763846547004,18871743919
1763846548004,18886591177
1763846549003,18901476562
1763846550004,18917963031
1763846551004,18932822850
1763846552003,18946959759
1763846553004,18961930167
1763846554004,18977354586
1763846555004,18993255525
1763846556003,19009622898
1763846557003,19024856787
1763846558004,19041056519
1763846559004,19056345381
1763846560004,19072642925
1763846561003,19088560020
1763846562003,19103937270
1763846563003,19119497217
1763846564004,19134781014
1763846565003,19150158692
1763846566003,19165260450
1763846567003,19180255827
1763846568004,19195752891
1763846569004,19211562764
1763846570003,19226695137
1763846571003,19240979676
1763846572003,19256978825
1763846573004,19272651517
1763846574003,19287662026
1763846575003,19302255426
1763846576003,19317929236
1763846577003,19334165382
1763846578003,19348407723
1763846579003,19362927867
1763846580003,19377730632
1763846581003,19392766921
1763846582003,19408049694
1763846583004,19423659886
1763846584004,19439203446
1763846585003,19454991103
1763846586003,19471121419
1763846587003,19486435893
1763846588004,19502522542
1763846589004,19519035282
1763846590004,19534434976
1763846591004,19549444032
1763846592004,19564540572
1763846593004,19579781086
1763846594004,19595523837
1763846595004,19611339187
1763846596004,19626574024
1763846597004,19641079771
1763846598004,19656364348
1763846599004,19671587007
1763846600004,19686883733
1763846601004,19702217163
1763846602004,19717201050
1763846603004,19733663896
1763846604004,19748836676
1763846605004,19763736964
1763846606003,19780368768
1763846607003,19795818799
1763846608004,19811059068
1763846609003,19826431055
1763846610003,19842457193
1763846611003,19858843141
1763846612004,19875111631
1763846613004,19890858360
1763846614004,19907205737
1763846615004,19922850951
1763846616004,19938212028
1763846617004,19953788224
1763846618004,19969728957
1763846619004,19985518971
1763846620004,20001161614
1763846621004,20016427250
1763846622004,20031632145
1763846623004,20046563262
1763846624004,20061691902
1763846625003,20076948450
1763846626004,20092031007
1763846627004,20107018734
1763846628004,20122508331
1763846629004,20138670900
1763846630004,20153699416
1763846631003,20168211114
1763846632003,20182741754
1763846633003,20197191502
1763846634003,20211879609
1763846635003,20226453456
1763846636003,20241068735
1763846637003,20255595611
1763846638003,20270040678
1763846639003,20285334022
1763846640004,20300589729
1763846641003,20316345730
1763846642003,20332198106
1763846643004,20347956754
1763846644004,20363873650
1763846645004,20378782872
1763846646003,20393674684
1763846647004,20409018273
1763846648003,20426024499
1763846649004,20441554657
1763846650003,20456940199
1763846651003,20472758685
1763846652003,20488612132
1763846653004,20504682594
1763846654004,20519590012
1763846655003,20534353043
1763846656003,20549757098
1763846657004,20564931103
1763846658003,20580247688
1763846659003,20596054776
1763846660003,20611795401
1763846661004,20627056080
1763846662004,20642337735
1763846663004,20656991555
1763846664003,20671576479
1763846665003,20686074942
1763846666003,20700541123
1763846667003,20715373096
1763846668004,20729656044
1763846669003,20744816615
1763846670003,20759547807
1763846671003,20774587645
1763846672003,20789775206
1763846673003,20804900189
1763846674003,20820647331
1763846675003,20835710839
1763846676003,20850860180
1763846677003,20866174623
1763846678006,20883110897
1763846679003,20898272111
1763846680003,20913200535
1763846681003,20929264663
1763846682004,20945326817
1763846683004,20961830591
1763846684004,20978627742
1763846685003,20995249769
1763846686003,21011909816
1763846687003,21027979314
1763846688003,21043385451
1763846689003,21059187857
1763846690003,21074963044
1763846691003,21091243942
1763846692004,21106626853
1763846693004,21121909717
1763846694004,21137327022
1763846695003,21152606337
1763846696004,21167950293
1763846697003,21183368976
1763846698003,21198660652
1763846699003,21214061694
1763846700003,21229190900
1763846701003,21244501992
1763846702003,21259836585
1763846703004,21275317095
1763846704003,21292411770
1763846705003,21308190782
1763846706003,21323275343
1763846707003,21338537445
1763846708003,21354019331
1763846709003,21369529247
1763846710004,21385451819
1763846711003,21401459704
1763846712004,21417141409
1763846713004,21433099339
1763846714003,21449207088
1763846715004,21465368340
1763846716003,21482011450
1763846717004,21498070392
1763846718003,21513780952
1763846719003,21529370979
1763846720003,21544991605
1763846721003,21560918110
1763846722003,21577138191
1763846723004,21593485996
1763846724003,21609446757
1763846725003,21624922003
1763846726003,21640458128
1763846727003,21656100267
1763846728003,21671476950
1763846729003,21687023097
1763846730003,21703400140
1763846731003,21719104351
1763846732003,21734431845
1763846733003,21749868045
1763846734003,21765212660
1763846735004,21780310471
1763846736004,21795424224
1763846737004,21811195005
1763846738003,21826759787
1763846739003,21843031321
1763846740004,21859349169
1763846741003,21875224373
1763846742003,21891934451
1763846743004,21909116489
1763846744004,21925756754
1763846745003,21941364773
1763846746003,21956994289
1763846747004,21972794997
1763846748004,21988977639
1763846749004,22005060647
1763846750004,22021142232
1763846751004,22036536281
1763846752004,22052226615
1763846753003,22068407589
1763846754003,22084466698
1763846755004,22100381299
1763846756003,22116277449
1763846757003,22133194536
1763846758004,22149327177
1763846759007,22165521294
1763846760004,22182718188
1763846761003,22198566051
1763846762003,22214430774
1763846763003,22230609835
1763846764003,22246834077
1763846765003,22262475834
1763846766003,22278500396
1763846767003,22294807457
1763846768004,22311400139
1763846769003,22327539114
1763846770004,22343162036
1763846771003,22359098960
1763846772003,22375337523
1763846773003,22391636552
1763846774003,22408030823
1763846775003,22424603997
1763846776003,22441759535
1763846777003,22457459936
1763846778004,22472559307
1763846779004,22487801871
1763846780003,22502918149
1763846781003,22518090287
1763846782003,22533293820
1763846783003,22548390988
1763846784004,22563530216
1763846785003,22578660355
1763846786003,22593905061
1763846787003,22609036394
1763846788003,22624215646
1763846789003,22639438259
1763846790003,22654662570
1763846791003,22669883775
1763846792003,22685087369
1763846793003,22700385946
1763846794004,22715486541
1763846795003,22731358394
1763846796004,22747273592
1763846797003,22763383314
1763846798003,22779560662
1763846799003,22795036704
1763846800004,22811423570
1763846801003,22827796023
1763846802003,22843941700
1763846803003,22859553545
1763846804003,22874333605
1763846805003,22888968300
1763846806003,22903836075
1763846807003,22918582215
1763846808003,22933373245
1763846809003,22948332437
1763846810004,22962928897
1763846811004,22977635456
1763846812004,22992327434
1763846813003,23007612012
1763846814003,23022846283
1763846815003,23037999464
1763846816003,23053180140
1763846817003,23068321968
1763846818003,23083422150
1763846819003,23098631712
1763846820003,23113755716
1763846821004,23129951409
1763846822003,23145168972
1763846823004,23160376973
1763846824003,23175506837
1763846825003,23190676619
1763846826004,23205789408
1763846827003,23220886285
1763846828004,23235999059
1763846829003,23250919895
1763846830003,23266108113
1763846831004,23281894836
1763846832003,23298165820
1763846833003,23313335786
1763846834003,23328488232
1763846835003,23344051591
1763846836003,23359651854
1763846837003,23375650345
1763846838003,23390832856
1763846839003,23406144040
1763846840003,23421241637
1763846841003,23436792251
1763846842003,23452324551
1763846843004,23468519876
1763846844003,23484676982
1763846845003,23500193967
1763846846003,23515211865
1763846847004,23530602319
1763846848003,23545986132
1763846849003,23561429049
1763846850003,23577811387
1763846851003,23594867414
1763846852004,23610429258
1763846853016,23626054230
1763846854004,23641611147
1763846855004,23657459117
1763846856004,23673552039
1763846857004,23689307689
1763846858004,23705383276
1763846859004,23721030678
1763846860003,23736657486
1763846861003,23751980696
1763846862004,23767595815
1763846863003,23783661243
1763846864004,23800155485
1763846865004,23816500704
1763846866003,23832527317
1763846867003,23849401580
1763846868004,23865539882
1763846869004,23882435259
1763846870003,23898313262
1763846871003,23913852661
1763846872004,23929688636
1763846873004,23945720771
1763846874003,23961580093
1763846875003,23979087669
1763846876003,23995423296
1763846877004,24011414488
1763846878003,24026850352
1763846879003,24042088494
1763846880003,24057759122
1763846881003,24073257960
1763846882003,24088867158
1763846883004,24104469134
1763846884003,24120162956
1763846885003,24136213085
1763846886003,24152368676
1763846887004,24168927223
1763846888004,24185357465
1763846889004,24200958477
1763846890003,24216173333
1763846891003,24232118121
1763846892004,24247984940
1763846893003,24263752752
1763846894003,24279384870
1763846895003,24295357182
1763846896003,24311597168
1763846897003,24327783849
1763846898003,24343373111
1763846899004,24358855992
1763846900003,24374359038
1763846901003,24390144737
1763846902004,24406154825
1763846903004,24422155274
1763846904004,24437908889
1763846905003,24453491082
1763846906003,24469134720
1763846907003,24484791133
1763846908003,24499890566
1763846909003,24515405209
1763846910003,24531693559
1763846911003,24546421369
1763846912003,24560224448
1763846913004,24574093408
1763846914003,24587964144
1763846915003,24601838780
1763846916003,24615664197
1763846917003,24629438022
1763846918003,24643341117
1763846919003,24658305894
1763846920003,24672309647
1763846921004,24686220958
1763846922003,24700120901
1763846923004,24714998468
1763846924004,24730105596
1763846925004,24745455504
1763846926004,24761149816
1763846927004,24776500168
1763846928004,24792770647
1763846929003,24809071436
1763846930004,24824567306
1763846931003,24839763633
1763846932003,24855630361
1763846933003,24871152471
1763846934003,24886876510
1763846935004,24902463997
1763846936004,24918178000
1763846937003,24933484686
1763846938003,24948998779
1763846939004,24964845479
1763846940003,24980654923
1763846941004,24996150151
1763846942003,25011621098
1763846943003,25027285544
1763846944003,25042949255
1763846945004,25058575359
1763846946003,25073902471
1763846947003,25089575944
1763846948003,25106308024
1763846949003,25123158128
1763846950003,25138469603
1763846951003,25153942065
1763846952003,25170017867
1763846953003,25186308939
1763846954004,25202612925
1763846955003,25218867141
1763846956003,25234226352
1763846957003,25249626429
1763846958004,25265037828
1763846959003,25280402333
1763846960003,25297594407
1763846961003,25314090255
1763846962003,25330009844
1763846963004,25344852894
1763846964004,25360101991
1763846965003,25375161797
1763846966003,25390544049
1763846967003,25405830142
1763846968003,25420893696
1763846969003,25435952629
1763846970004,25451259131
1763846971003,25466508702
1763846972003,25481702888
1763846973003,25496679813
1763846974003,25511906067
1763846975003,25527094775
1763846976003,25542420616
1763846977003,25557258403
1763846978003,25572280984
1763846979003,25587639873
1763846980003,25602809517
1763846981003,25617926315
1763846982003,25633672371
1763846983003,25649870589
1763846984003,25667817121
1763846985004,25684376526
1763846986003,25699942638
1763846987003,25716068884
1763846988003,25732444199
1763846989004,25748285421
1763846990003,25763804181
1763846991004,25779835750
1763846992004,25797073663
1763846993003,25812283271
1763846994004,25827367556
1763846995003,25842507656
1763846996004,25857451089
1763846997003,25872637869
1763846998004,25888352255
1763846999003,25904175193
1763847000003,25919390890
1763847001004,25934148016
1763847002004,25948978642
1763847003003,25963707310
1763847004004,25978508101
1763847005003,25994517363
1763847006003,26009633901
1763847007003,26024666274
1763847008003,26039795786
1763847009003,26054900099
1763847010003,26070035180
1763847011003,26085208664
1763847012003,26100287870
1763847013003,26115505388
1763847014003,26130678030
1763847015003,26145791340
1763847016003,26160887682
1763847017003,26175935660
1763847018003,26191003222
1763847019003,26206933995
1763847020003,26222617291
1763847021003,26238608438
1763847022003,26254853458
1763847023003,26270247507
1763847024003,26286415782
1763847025003,26301985613
1763847026003,26317209587
1763847027003,26332802658
1763847028003,26348230643
1763847029003,26363729268
1763847030003,26378983582
1763847031003,26395504139
1763847032003,26411343449
1763847033003,26427156948
1763847034003,26443770315
1763847035004,26459406777
1763847036003,26474957376
1763847037003,26490808803
1763847038004,26507142854
1763847039003,26523320446
1763847040003,26539477598
1763847041003,26554714394
1763847042003,26570445471
1763847043003,26586224729
1763847044003,26602017373
1763847045003,26617799369
1763847046004,26633750859
1763847047004,26650047133
1763847048004,26665650961
1763847049003,26681433966
1763847050003,26696570501
1763847051003,26712325539
1763847052004,26728175038
1763847053003,26743987879
1763847054003,26759256774
1763847055003,26774635446
1763847056003,26790994788
1763847057004,26806641868
1763847058003,26822399660
1763847059003,26837623297
1763847060003,26854628314
1763847061003,26871265029
1763847062003,26887574232
1763847063004,26902849707
1763847064004,26918582697
1763847065003,26934710733
1763847066003,26950255012
1763847067004,26966057403
1763847068004,26981986325
1763847069004,26998481454
1763847070004,27014060541
1763847071004,27029434547
1763847072004,27045350479
1763847073003,27060972024
1763847074003,27075706184
1763847075003,27090651806
1763847076003,27105071688
1763847077003,27119985180
1763847078003,27135179334
1763847079003,27150367966
1763847080003,27165934247
1763847081003,27181208895
1763847082003,27195972217
1763847083003,27211249848
1763847084004,27226530050
1763847085004,27241733935
1763847086004,27257094217
1763847087003,27272418101
1763847088003,27287956413
1763847089003,27303525418
1763847090003,27319689516
1763847091003,27336413166
1763847092003,27352441492
1763847093003,27368584078
1763847094003,27385180110
1763847095004,27401193672
1763847096003,27416700910
1763847097003,27431849150
1763847098003,27447243979
1763847099003,27462660443
1763847100004,27478044088
1763847101003,27493349825
1763847102003,27508633362
1763847103004,27524039652
1763847104003,27539292818
1763847105003,27555558462
1763847106003,27570738602
1763847107004,27586013357
1763847108003,27601232053
1763847109003,27617319039
1763847110004,27632500036
1763847111003,27649265363
1763847112003,27664081653
1763847113003,27678420048
1763847114003,27693079881
1763847115003,27707774949
1763847116004,27722445615
1763847117003,27736948729
1763847118003,27751272865
1763847119003,27765274094
1763847120003,27780156404
1763847121003,27795054228
1763847122003,27809807023
1763847123003,27824911673
1763847124003,27840272842
1763847125003,27855580630
1763847126003,27870849357
1763847127003,27885551295
1763847128003,27900869839
1763847129003,27916128024
1763847130003,27931310290
1763847131003,27946762372
1763847132003,27962031879
1763847133003,27977115614
1763847134003,27993328335
1763847135004,28009104762
1763847136004,28024556905
1763847137003,28040036680
1763847138003,28055187153
1763847139005,28071713892
1763847140003,28088791737
1763847141003,28104867034
1763847142003,28120712953
1763847143003,28136020496
1763847144003,28151298801
1763847145003,28166652626
1763847146003,28182187619
1763847147003,28197808750
1763847148003,28213863255
1763847149003,28230266400
1763847150004,28247752081
1763847151003,28263059884
1763847152003,28277386238
1763847153004,28292311373
1763847154004,28306972062
1763847155003,28322479316
1763847156003,28337794050
1763847157004,28353645661
1763847158004,28369483074
1763847159003,28383536812
1763847160003,28397312289
1763847161003,28411000083
1763847162064,28425662440
1763847163003,28438629220
1763847164003,28452286475
1763847165003,28465997141
1763847166003,28479930622
1763847167003,28493579017
1763847168003,28507356270
1763847169003,28522115812
1763847170003,28536730648
1763847171003,28551966066
1763847172003,28567597526
1763847173003,28582192593
1763847174003,28597740239
1763847175003,28613494619
1763847176003,28628355983
1763847177003,28643384010
1763847178003,28658870425
1763847179003,28674548397
1763847180003,28690757064
1763847181003,28706715606
1763847182003,28722778510
1763847183003,28739137851
1763847184004,28755165642
1763847185004,28771746053
1763847186003,28787729274
1763847187003,28803239925
1763847188003,28819317884
1763847189003,28835192843
1763847190003,28850939128
1763847191004,28866684221
1763847192003,28882895504
1763847193003,28899258395
1763847194003,28915503170
1763847195003,28932638803
1763847196003,28948714911
1763847197004,28964629986
1763847198003,28980521713
1763847199003,28996244911
1763847200003,29012417899
1763847201003,29028747130
1763847202003,29045119002
1763847203003,29061648556
1763847204003,29077259911
1763847205004,29092872031
1763847206003,29108577603
1763847207004,29124170629
1763847208003,29139982949
1763847209003,29155771264
1763847210003,29171400811
1763847211003,29187348766
1763847212003,29202938685
1763847213003,29218744396
1763847214004,29234699405
1763847215003,29250167567
1763847216003,29265629135
1763847217003,29280880420
1763847218003,29296148091
1763847219003,29311546944
1763847220003,29326858878
1763847221003,29342062932
1763847222004,29357995082
1763847223003,29373673619
1763847224004,29390198139
1763847225003,29407869991
1763847226004,29423876989
1763847227004,29440115399
1763847228003,29456242900
1763847229003,29472288897
1763847230003,29488381101
1763847231003,29504443607
1763847232003,29521530279
1763847233003,29536546036
1763847234003,29551157964
1763847235003,29566008833
1763847236003,29581747530
1763847237003,29598196805
1763847238003,29614446690
1763847239003,29629850378
1763847240003,29645054676
1763847241004,29660288672
1763847242004,29675419730
1763847243004,29690606158
1763847244004,29706410323
1763847245003,29721973407
1763847246003,29738075479
1763847247004,29753571181
1763847248003,29769315952
1763847249003,29785150993
1763847250003,29800529681
1763847251003,29815543097
1763847252003,29831080323
1763847253003,29846622094
1763847254003,29862287029
1763847255003,29877806844
1763847256003,29893462768
1763847257003,29908980732
1763847258003,29925138542
1763847259004,29941725792
1763847260003,29958250588
1763847261004,29974577080
1763847262004,29990689434
1763847263004,30007147827
1763847264004,30023696368
1763847265003,30039313308
1763847266004,30055412473
1763847267004,30071584359
1763847268004,30088385457
1763847269004,30105299790
1763847270003,30122278384
1763847271003,30139075627
1763847272004,30155575667
1763847273003,30171393893
1763847274003,30186964275
1763847275004,30203054749
1763847276003,30218517036
1763847277003,30234662086
1763847278003,30250775067
1763847279003,30266723756
1763847280003,30283226474
1763847281003,30300302804
1763847282003,30318606806
1763847283003,30336235053
1763847284004,30352534388
1763847285003,30368261977
1763847286003,30385135199
1763847287003,30401541711
1763847288003,30418221541
1763847289004,30434723754
1763847290003,30451548919
1763847291003,30467433700
1763847292003,30483734060
1763847293003,30500401467
1763847294003,30516922881
1763847295004,30533057910
1763847296003,30548948061
1763847297003,30565366675
1763847298004,30581881831
1763847299003,30598902944
1763847300003,30615442978
1763847301003,30631146607
1763847302003,30647479969
1763847303003,30663203841
1763847304003,30679149546
1763847305003,30694376979
1763847306003,30709907182
1763847307003,30726024417
1763847308003,30741764460
1763847309003,30757398168
1763847310003,30772618379
1763847311004,30788407581
1763847312003,30804337574
1763847313003,30820242398
1763847314004,30835666068
1763847315004,30852163063
1763847316003,30869780723
1763847317004,30885499560
1763847318003,30900079022
1763847319003,30914540857
1763847320004,30929222324
1763847321003,30943614835
1763847322003,30958046698
1763847323004,30972537665
1763847324003,30987042891
1763847325004,31001435861
1763847326004,31016091134
1763847327003,31030636691
1763847328004,31046516959
1763847329004,31061143958
1763847330004,31075522454
1763847331003,31089558078
1763847332003,31103701994
1763847333004,31117640692
1763847334003,31131938542
1763847335003,31145731477
1763847336003,31160072090
1763847337003,31174425632
1763847338003,31189499162
1763847339004,31204157082
1763847340004,31218246668
1763847341004,31232505213
1763847342003,31247495571
1763847343004,31262214339
1763847344004,31278088885
1763847345004,31292580540
1763847346004,31307157936
1763847347004,31321638254
1763847348004,31336473333
1763847349003,31350994900
1763847350003,31365626718
1763847351003,31379863644
1763847352003,31394335026
1763847353003,31409035205
1763847354003,31423396382
1763847355003,31438045566
1763847356003,31452211239
1763847357004,31467209064
1763847358004,31483725567
1763847359003,31498646586
1763847360003,31513819458
1763847361003,31529351712
1763847362003,31544236577
1763847363003,31558684490
1763847364003,31573265114
1763847365003,31587696885
1763847366003,31603135702
1763847367004,31618633439
1763847368003,31633675512
1763847369003,31647893419
1763847370003,31663761600
1763847371003,31678955663
1763847372004,31693149458
1763847373004,31708819626
1763847374003,31725223077
1763847375003,31740091403
1763847376003,31754039158
1763847377004,31768299141
1763847378003,31782766790
1763847379003,31797487884
1763847380003,31811954646
1763847381003,31825868191
1763847382003,31839836555
1763847383004,31853773417
1763847384004,31867427979
1763847385003,31882224960
1763847386003,31897131689
1763847387003,31912038280
1763847388003,31925845505
1763847389003,31939702149
1763847390003,31955137340
1763847391003,31971550231
1763847392003,31986591264
1763847393003,32000508740
1763847394003,32014801572
1763847395004,32030457679
1763847396003,32046469910
1763847397003,32063343362
1763847398003,32078959506
1763847399003,32094357854
1763847400003,32109598658
1763847401003,32124709780
1763847402003,32139909641
1763847403003,32155978023
1763847404003,32172290485
1763847405003,32188038637
1763847406004,32203579750
1763847407003,32219035060
1763847408003,32234938630
1763847409004,32251010515
1763847410003,32266435868
1763847411004,32282000665
1763847412003,32297784359
1763847413003,32313545409
1763847414003,32329088496
1763847415003,32344089228
1763847416003,32359844020
1763847417004,32374318509
1763847418003,32388521514
1763847419003,32402521075
1763847420004,32416604740
1763847421004,32430495228
1763847422003,32444954095
1763847423004,32459909738
1763847424004,32476562702
1763847425004,32493134040
1763847426004,32510176327
1763847427004,32527123495
1763847428004,32544321353
1763847429004,32561436866
1763847430004,32578183236
1763847431004,32593506431
1763847432003,32609561180
1763847433003,32625144750
1763847434004,32641420263
1763847435003,32657822352
1763847436004,32673858527
1763847437004,32689049729
1763847438004,32704852854
1763847439004,32720756699
1763847440004,32736784704
1763847441004,32752577272
1763847442004,32768671464
1763847443004,32784425568
1763847444004,32800716335
1763847445008,32818383184
1763847446004,32835024535
1763847447003,32850665694
1763847448003,32866808128
1763847449003,32883129739
1763847450004,32899889803
1763847451003,32916259411
1763847452003,32932826128
1763847453003,32948484531
1763847454003,32964699042
1763847455004,32981089259
1763847456003,32997156493
1763847457003,33013796513
1763847458003,33030974573
1763847459003,33047771050
1763847460003,33063529515
1763847461003,33079532397
1763847462003,33094678800
1763847463003,33110166103
1763847464004,33126056530
1763847465004,33141569995
1763847466003,33157271620
1763847467003,33172616541
1763847468003,33189603672
1763847469004,33205474194
1763847470004,33220808910
1763847471004,33235955190
1763847472004,33251134841
1763847473004,33266474085
1763847474003,33281709014
1763847475004,33297053583
1763847476003,33311977876
1763847477004,33328596124
1763847478004,33344274585
1763847479003,33359546311
1763847480004,33375001988
1763847481004,33391039050
1763847482004,33406578725
1763847483003,33422679925
1763847484003,33438354270
1763847485004,33453793056
1763847486003,33468510646
1763847487003,33483615571
1763847488003,33499022993
1763847489003,33514583628
1763847490003,33530427864
1763847491003,33545746332
1763847492004,33560694554
1763847493003,33576131428
1763847494003,33591317718
1763847495003,33606630081
1763847496004,33622017000
1763847497003,33637343209
1763847498003,33652342472
1763847499003,33667696374
1763847500004,33683074832
1763847501003,33699262355
1763847502004,33714246012
1763847503003,33728744628
1763847504003,33743833137
1763847505003,33758551170
1763847506003,33773219036
1763847507003,33787691918
1763847508003,33802112458
1763847509003,33817039582
1763847510004,33832033062
1763847511003,33847243419
1763847512003,33862894860
1763847513003,33877502520
1763847514004,33892391057
1763847515003,33906934044
1763847516004,33921529601
1763847517003,33935750691
1763847518004,33950386916
1763847519003,33965120097
1763847520003,33980470587
1763847521003,33995515092
1763847522003,34010062883
1763847523003,34026680718
1763847524004,34042124859
1763847525003,34056844025
1763847526003,34071104466
1763847527003,34084922876
1763847528003,34099722321
1763847529003,34115361843
1763847530004,34132006927
1763847531004,34147039208
1763847532003,34161716391
1763847533004,34176328029
1763847534004,34191488921
1763847535004,34206723360
1763847536004,34222252677
1763847537003,34236793598
1763847538004,34251366267
1763847539003,34266181899
1763847540006,34282133144
1763847541003,34299323811
1763847542003,34315571508
1763847543003,34331178013
1763847544003,34346220131
1763847545003,34360938532
1763847546004,34375953371
1763847547003,34391156644
1763847548003,34406780377
1763847549003,34422569166
1763847550003,34439245615
1763847551003,34454848800
1763847552003,34469890949
1763847553003,34485000495
1763847554003,34500794823
1763847555003,34516540955
1763847556004,34533462740
1763847557004,34549047045
1763847558003,34563552240
1763847559003,34577482737
1763847560003,34591399005
1763847561003,34605384689
1763847562003,34620023408
1763847563003,34635636691
1763847564003,34651359261
1763847565003,34666678601
1763847566003,34682215368
1763847567003,34697015487
1763847568003,34713320069
1763847569003,34728551204
1763847570003,34743585137
1763847571003,34758223412
1763847572003,34772834438
1763847573003,34787830534
1763847574003,34803089943
1763847575003,34818406176
1763847576003,34834180599
1763847577004,34850303631
1763847578004,34865839466
1763847579003,34882001850
1763847580003,34897879854
1763847581004,34913521120
1763847582004,34928762399
1763847583003,34944359127
1763847584003,34960190373
1763847585003,34976095335
1763847586004,34992241747
1763847587004,35008230140
1763847588003,35023954776
1763847589003,35040295084
1763847590003,35056189948
1763847591003,35071832622
1763847592003,35086950078
1763847593004,35102078412
1763847594003,35117223147
1763847595003,35132490880
1763847596004,35148045931
1763847597007,35165375675
1763847598004,35181735475
1763847599004,35197467654
1763847600003,35212703532
1763847601003,35227842117
1763847602003,35243738786
1763847603003,35260021612
1763847604003,35275663154
1763847605003,35290964149
1763847606003,35306180871
1763847607003,35321291243
1763847608003,35336378710
1763847609003,35352092132
1763847610003,35367640894
1763847611003,35383322446
1763847612004,35398526285
1763847613004,35413661382
1763847614003,35428814548
1763847615003,35443896094
1763847616003,35459076494
1763847617003,35474258807
1763847618003,35489514054
1763847619003,35504519942
1763847620004,35519248747
1763847621003,35534267059
1763847622003,35548956145
1763847623003,35563509980
1763847624003,35578392489
1763847625003,35592973924
1763847626003,35607564188
1763847627004,35623314941
1763847628003,35639434440
1763847629003,35654389731
1763847630003,35669401356
1763847631003,35684839760
1763847632003,35701463761
1763847633003,35717719781
1763847634003,35735029865
1763847635003,35750885637
1763847636003,35766076992
1763847637004,35781662536
1763847638003,35797639530
1763847639003,35813950478
1763847640004,35830389746
1763847641003,35847181068
1763847642003,35862881974
1763847643004,35878324034
1763847644004,35894487046
1763847645003,35910201676
1763847646003,35926311673
1763847647004,35941808447
1763847648003,35958401557
1763847649004,35974554363
1763847650004,35990778177
1763847651004,36006256499
1763847652004,36022137547
1763847653004,36038734605
1763847654004,36054731489
1763847655004,36071128836
1763847656004,36086975030
1763847657003,36103184447
1763847658004,36119285463
1763847659003,36135460409
1763847660003,36151476327
1763847661004,36167988423
1763847662003,36184920168
1763847663003,36201469046
1763847664004,36219139001
1763847665003,36235663460
1763847666004,36252860721
1763847667004,36270979807
1763847668004,36287039926
1763847669004,36302819092
1763847670003,36319105452
1763847671004,36335852771
1763847672003,36352160475
1763847673003,36368279101
1763847674004,36385614369
1763847675003,36401347359
1763847676004,36416290716
1763847677004,36431887719
1763847678003,36447260180
1763847679003,36462726292
1763847680004,36477887490
1763847681003,36495052790
1763847682003,36510366851
1763847683003,36525445337
1763847684003,36540570366
1763847685003,36555562393
1763847686003,36570807818
1763847687003,36585357475
1763847688003,36600203264
1763847689003,36615154761
1763847690003,36630267290
1763847691003,36645328380
1763847692003,36659926324
1763847693004,36675081785
1763847694004,36690319728
1763847695003,36705485547
1763847696003,36720694176
1763847697004,36735246067
1763847698004,36750364517
1763847699004,36765612222
1763847700004,36780806239
1763847701003,36795558881
1763847702003,36810384138
1763847703003,36825475476
1763847704003,36840468834
1763847705003,36855566430
1763847706003,36870050328
1763847707003,36886161702
1763847708003,36901495041
1763847709003,36915897007
1763847710003,36929777550
1763847711003,36944965676
1763847712003,36958865390
1763847713003,36972724023
1763847714003,36987124138
1763847715003,37001507913
1763847716003,37015278219
1763847717003,37028920249
1763847718003,37043940183
1763847719003,37057681587
1763847720003,37071382064
1763847721003,37085019168
1763847722003,37098771099
1763847723003,37112643410
1763847724003,37126412125
1763847725004,37141500939
1763847726003,37155236330
1763847727003,37168943493
1763847728003,37182679971
1763847729003,37196419799
1763847730004,37210135255
1763847731003,37223888868
1763847732003,37237602136
1763847733003,37251140877
1763847734003,37264798054
1763847735003,37278477249
1763847736003,37292230970
1763847737003,37305921792
1763847738003,37319642327
1763847739003,37334320413
1763847740003,37350131127
1763847741003,37365316821
1763847742003,37380016510
1763847743003,37395771455
1763847744003,37411073368
1763847745003,37425376175
1763847746004,37440612374
1763847747003,37458074799
1763847748003,37474068792
1763847749003,37488665390
1763847750003,37503736364
1763847751003,37517721742
1763847752003,37533063680
1763847753003,37547873697
1763847754003,37563727603
1763847755003,37580689443
1763847756003,37597402260
1763847757004,37612439697
1763847758003,37626996546
1763847759003,37641015477
1763847760003,37655588711
1763847761003,37670207938
1763847762003,37685914336
1763847763004,37700692132
1763847764003,37715329045
1763847765003,37729261134
1763847766003,37743146694
1763847767003,37757343442
1763847768003,37772139888
1763847769003,37787158950
1763847770003,37801150922
1763847771003,37814761297
1763847772004,37829448349
1763847773003,37844263507
1763847774003,37859652002
1763847775003,37874504034
1763847776004,37889905075
1763847777004,37905811643
1763847778004,37920881409
1763847779003,37935989685
1763847780003,37952410853
1763847781007,37969243424
1763847782003,37987180011
1763847783003,38004172467
1763847784003,38020261427
1763847785004,38036313483
1763847786003,38052464239
1763847787004,38066719999
1763847788003,38083370561
1763847789003,38100689319
1763847790004,38117793465
1763847791003,38134397529
1763847792003,38151079227
1763847793003,38167390572
1763847794003,38183653860
1763847795003,38200613451
1763847796004,38216914698
1763847797003,38233814084
1763847798003,38250107635
1763847799004,38266312508
1763847800004,38282941144
1763847801004,38299603931
1763847802004,38315488987
1763847803004,38331375559
1763847804004,38347863145
1763847805004,38364098724
1763847806004,38379949310
1763847807004,38395618713
1763847808004,38411644163
1763847809003,38427529770
1763847810003,38443559994
1763847811004,38459905504
1763847812004,38476057255
1763847813004,38492542683
1763847814004,38508156915
1763847815003,38524554782
1763847816003,38540498682
1763847817004,38558009364
1763847818004,38575045210
1763847819004,38591699505
1763847820003,38608218379
1763847821004,38624345237
1763847822004,38641451785
1763847823004,38657584854
1763847824003,38673703236
1763847825003,38689487145
1763847826004,38705684719
1763847827004,38721785184
1763847828003,38737893285
1763847829004,38753659215
1763847830003,38770187622
1763847831003,38787266124
1763847832004,38803064675
1763847833004,38819315539
1763847834003,38835412470
1763847835003,38850963069
1763847836004,38866183907
1763847837004,38881490455
1763847838004,38896558722
1763847839004,38911662744
1763847840003,38926997521
1763847841004,38942198912
1763847842004,38957459163
1763847843003,38972785770
1763847844004,38989663827
1763847845003,39005082188
1763847846004,39019747957
1763847847004,39034292351
1763847848004,39049015985
1763847849003,39063794270
1763847850003,39078369555
1763847851004,39093029158
1763847852004,39107718229
1763847853004,39122451471
1763847854004,39137168954
1763847855003,39151880547
1763847856004,39166829228
1763847857003,39182128754
1763847858004,39197032683
1763847859003,39211728516
1763847860003,39226291821
1763847861003,39240972294
1763847862003,39255618525
1763847863004,39270130911
1763847864003,39284691156
1763847865003,39299288183
1763847866003,39313827054
1763847867003,39328452936
1763847868003,39342962232
1763847869003,39357480126
1763847870003,39372181376
1763847871004,39386824884
1763847872004,39401341294
1763847873003,39415923846
1763847874003,39431201814
1763847875003,39444802443
1763847876004,39459281644
1763847877003,39473431696
1763847878003,39487405615
1763847879003,39501096177
1763847880004,39515565372
1763847881004,39529921178
1763847882004,39544884119
1763847883003,39560172170
1763847884003,39574253510
1763847885004,39588922935
1763847886004,39603576449
1763847887003,39619074569
1763847888003,39633631922
1763847889004,39648604946
1763847890003,39663490836
1763847891004,39678848762
1763847892003,39693724172
1763847893003,39708291011
1763847894004,39722991251
1763847895004,39737134617
1763847896004,39752097175
1763847897004,39767436359
1763847898003,39782842342
1763847899004,39797370533
1763847900003,39811490092
1763847901004,39826226134
1763847902003,39841013049
1763847903003,39857365107
1763847904003,39874068531
1763847905004,39890885235
1763847906003,39907047222
1763847907004,39921816220
1763847908003,39936363062
1763847909003,39951307092
1763847910004,39966037718
1763847911003,39981264492
1763847912003,39996953388
1763847913003,40012301644
1763847914003,40027179532
1763847915003,40043572748
1763847916003,40061105813
1763847917003,40077271747
1763847918003,40092941594
1763847919003,40108353942
1763847920005,40124298210
1763847921003,40140667404
1763847922003,40156460631
1763847923004,40173307323
1763847924004,40189369676
1763847925004,40203788059
1763847926003,40217942824
1763847927003,40232015182
1763847928003,40246312650
1763847929003,40261019943
1763847930003,40276002897
1763847931003,40291525695
1763847932003,40306010649
1763847933004,40320345448
1763847934003,40334331714
1763847935003,40348149129
1763847936003,40362246380
1763847937004,40376359314
1763847938003,40390265607
1763847939003,40405674160
1763847940003,40420939383
1763847941004,40436929980
1763847942004,40454160916
1763847943004,40470146830
1763847944004,40486562063
1763847945004,40503558496
1763847946003,40519005116
1763847947003,40535223361
1763847948003,40551433894
1763847949003,40567461057
1763847950003,40583113753
1763847951003,40599931758
1763847952003,40616281629
1763847953004,40632748055
1763847954003,40649684481
1763847955003,40665742413
1763847956004,40682419596
1763847957004,40699025253
1763847958003,40714556267
1763847959003,40729806328
1763847960003,40745555551
1763847961004,40762050772
1763847962003,40777797486
1763847963003,40793628427
1763847964003,40808714579
1763847965004,40824263066
1763847966003,40839745518
1763847967003,40855557747
1763847968003,40871010655
1763847969003,40886661943
1763847970003,40902685006
1763847971004,40918421117
1763847972003,40934246412
1763847973003,40949996630
1763847974003,40965712469
1763847975003,40982902646
1763847976003,40999331618
1763847977003,41014842758
1763847978003,41030465771
1763847979004,41046662229
1763847980004,41062094390
1763847981004,41077604811
1763847982003,41093047866
1763847983003,41109357452
1763847984003,41125956651
1763847985004,41141408198
1763847986003,41156641934
1763847987003,41171561484
1763847988004,41186777380
1763847989003,41203448673
1763847990003,41220598657
1763847991003,41235807974
1763847992003,41250940990
1763847993003,41266841897
1763847994004,41282829342
1763847995003,41299110821
1763847996003,41314580269
1763847997004,41330084218
1763847998003,41345686010
1763847999004,41361253959
1763848000003,41376534574
1763848001003,41393462800
1763848002004,41409619998
1763848003003,41425513944
1763848004003,41440215362
1763848005003,41454893493
1763848006003,41469508910
1763848007003,41484349497
1763848008003,41499170316
1763848009003,41513993538
1763848010003,41528410146
1763848011003,41544668125
1763848012003,41559355024
1763848013003,41573923072
1763848014003,41587798749
1763848015003,41601631387
1763848016003,41615532952
1763848017003,41629349097
1763848018003,41643204685
1763848019003,41658381168
1763848020003,41672181401
1763848021003,41685972698
1763848022003,41700875174
1763848023003,41715722141
1763848024003,41730986277
1763848025003,41746678967
1763848026003,41761390070
1763848027003,41776938787
1763848028003,41793223725
1763848029003,41807052905
1763848030003,41820909013
1763848031003,41835293461
1763848032003,41850068595
1763848033003,41865232547
1763848034003,41880378553
1763848035003,41895415791
1763848036003,41910429512
1763848037003,41925444014
1763848038003,41940314681
1763848039004,41954824681
1763848040004,41969762285
1763848041004,41984794948
1763848042004,41999922410
1763848043003,42015142269
1763848044004,42030074043
1763848045004,42045624168
1763848046003,42060122188
1763848047003,42075598520
1763848048004,42091917378
1763848049003,42107074874
1763848050003,42120986949
1763848051003,42135767851
1763848052004,42151078286
1763848053003,42166785633
1763848054003,42182101744
1763848055004,42197795061
1763848056003,42212833278
1763848057003,42229356467
1763848058004,42245564782
1763848059003,42260501759
1763848060003,42275735510
1763848061003,42291163066
1763848062003,42306794969
1763848063003,42321870074
1763848064003,42337456934
1763848065004,42352121709
1763848066003,42366397006
1763848067003,42380893313
1763848068003,42395666105
1763848069003,42410672055
1763848070003,42425915781
1763848071003,42441155010
1763848072003,42455772339
1763848073004,42472034189
1763848074007,42488679579
1763848075004,42504289343
1763848076004,42518541859
1763848077003,42533349933
1763848078004,42548126352
1763848079003,42563279288
1763848080004,42578400829
1763848081003,42593853753
1763848082003,42609978514
1763848083003,42625543985
1763848084004,42642546691
1763848085007,42660059178
1763848086004,42676272221
1763848087004,42693400372
1763848088003,42709638078
1763848089003,42725682056
1763848090003,42740679529
1763848091003,42756930057
1763848092003,42773530817
1763848093003,42789430072
1763848094003,42805523806
1763848095003,42820979376
1763848096003,42837092051
1763848097003,42852996753
1763848098003,42869203553
1763848099003,42884879000
1763848100003,42899620871
1763848101003,42914570119
1763848102003,42929440082
1763848103003,42944784498
1763848104003,42960261779
1763848105004,42975646311
1763848106003,42991044185
1763848107003,43006543804
1763848108004,43022264860
1763848109003,43038319686
1763848110003,43054488221
1763848111003,43071061410
1763848112003,43087370354
1763848113003,43103933017
1763848114003,43120408791
1763848115003,43136771040
1763848116003,43152183464
1763848117003,43167685194
1763848118004,43183628238
1763848119003,43199680937
1763848120003,43215877746
1763848121004,43232638896
1763848122003,43248924293
1763848123004,43265549778
1763848124003,43281822322
1763848125003,43298297408
1763848126004,43314131898
1763848127003,43330675329
1763848128003,43346966739
1763848129004,43363172881
1763848130003,43379976336
1763848131004,43397019786
1763848132004,43413010122
1763848133004,43429405694
1763848134004,43445626861
1763848135004,43461819126
1763848136004,43478087708
1763848137004,43494247691
1763848138004,43510015825
1763848139004,43526210125
1763848140004,43542332393
1763848141004,43558727613
1763848142004,43574654576
1763848143004,43590393457
1763848144003,43606703211
1763848145004,43622577267
1763848146004,43638842054
1763848147004,43654730523
1763848148004,43671152411
1763848149004,43687794649
1763848150004,43704621543
1763848151003,43721577263
1763848152004,43737630421
1763848153003,43753749843
1763848154004,43769853170
1763848155003,43786209726
1763848156003,43802310743
1763848157004,43818616978
1763848158003,43835063988
1763848159004,43852195429
1763848160007,43870398650
1763848161003,43888095624
1763848162003,43905593867
1763848163003,43922114730
1763848164004,43937886613
1763848165003,43953231702
1763848166003,43968986847
1763848167003,43984148994
1763848168003,43999499851
1763848169003,44014857562
1763848170004,44030528388
1763848171004,44046623392
1763848172004,44062129620
1763848173004,44077954242
1763848174004,44093238330
1763848175004,44108724944
1763848176004,44124833228
1763848177004,44141144374
1763848178004,44157203407
1763848179004,44172466687
1763848180003,44187905198
1763848181004,44203265251
1763848182003,44218574920
1763848183004,44233400682
1763848184004,44249396128
1763848185003,44265346821
1763848186004,44280352220
1763848187004,44295177782
1763848188003,44309780668
1763848189003,44324463849
1763848190003,44338887434
1763848191003,44353407884
1763848192004,44368146649
1763848193003,44382803422
1763848194003,44397344527
1763848195003,44411903318
1763848196003,44426384539
1763848197003,44441257929
1763848198003,44456601779
1763848199003,44472091208
1763848200003,44488131621
1763848201004,44503630613
1763848202003,44519520060
1763848203003,44535545204
1763848204004,44551066993
1763848205003,44566379998
1763848206004,44582041736
1763848207004,44596691027
1763848208004,44611614876
1763848209003,44626278457
1763848210003,44640665919
1763848211003,44654852753
1763848212004,44668988208
1763848213004,44683309498
1763848214004,44697560913
1763848215003,44711978057
1763848216003,44726706081
1763848217003,44740970287
1763848218003,44755618568
1763848219003,44770869118
1763848220003,44786146168
1763848221003,44801428191
1763848222003,44816167170
1763848223003,44830592271
1763848224003,44845413717
1763848225003,44860051594
1763848226003,44874663859
1763848227003,44889223829
1763848228003,44903464977
1763848229003,44918792808
1763848230004,44933611684
1763848231003,44948235103
1763848232004,44963539081
1763848233003,44979740220
1763848234003,44996784604
1763848235003,45014224645
1763848236003,45031336624
1763848237003,45047205096
1763848238003,45062481947
1763848239003,45077789719
1763848240003,45094632740
1763848241003,45110091860
1763848242003,45125156087
1763848243003,45140384804
1763848244003,45156248135
1763848245003,45171844465
1763848246003,45188342807
1763848247003,45204036950
1763848248003,45219819420
1763848249003,45235288837
1763848250003,45250494543
1763848251003,45265822114
1763848252003,45282111121
1763848253003,45299061211
1763848254003,45314180258
1763848255003,45328519556
1763848256003,45343367196
1763848257003,45357724165
1763848258003,45372318881
1763848259003,45387962856
1763848260004,45402862072
1763848261003,45417541458
1763848262003,45432327501
1763848263003,45446988542
1763848264003,45461765435
1763848265004,45477107143
1763848266004,45492958509
1763848267004,45508655330
1763848268004,45523842477
1763848269004,45540036058
1763848270003,45556994700
1763848271004,45572604648
1763848272004,45589129092
1763848273003,45605495211
1763848274003,45621154118
1763848275003,45637305104
1763848276003,45652725699
1763848277003,45668801409
1763848278003,45684651750
1763848279004,45699567842
1763848280003,45714353808
1763848281003,45729154646
1763848282003,45743798214
1763848283003,45759425787
1763848284004,45774631310
1763848285003,45790335505
1763848286003,45805722119
1763848287004,45821129540
1763848288003,45836388306
1763848289003,45850903983
1763848290003,45866236770
1763848291004,45881640474
1763848292004,45897006937
1763848293003,45913151803
1763848294004,45929310791
1763848295003,45944875175
1763848296004,45962299549
1763848297003,45978185157
1763848298003,45994780547
1763848299003,46011058584
1763848300003,46026136045
1763848301003,46041608920
1763848302003,46057030173
1763848303003,46072913653
1763848304003,46088528619
1763848305003,46103811621
1763848306003,46119263229
1763848307004,46134502977
1763848308003,46149100814
1763848309003,46164371499
1763848310003,46179527373
1763848311003,46195038009
1763848312003,46210283112
1763848313003,46226493707
1763848314004,46242238187
1763848315003,46257990914
1763848316003,46273987676
1763848317003,46289450285
1763848318003,46305002444
1763848319003,46320353531
1763848320003,46337405947
1763848321003,46353521314
1763848322003,46368385754
1763848323003,46383838356
1763848324008,46399851719
1763848325003,46416568269
1763848326003,46432296394
1763848327004,46447242994
1763848328003,46462837152
1763848329003,46477739429
1763848330003,46493424836
1763848331003,46509972489
1763848332003,46525131179
1763848333003,46540449661
1763848334003,46555351433
1763848335003,46570769120
1763848336003,46586345423
1763848337003,46602368057
1763848338003,46617822495
1763848339003,46633792498
1763848340003,46650181383
1763848341003,46665337456
1763848342003,46681614193
1763848343003,46698046990
1763848344003,46712896282
1763848345003,46727632998
1763848346003,46742409722
1763848347003,46757163206
1763848348003,46771342925
1763848349003,46787052812
1763848350003,46802321294
1763848351004,46816477787
1763848352003,46830297191
1763848353003,46844976501
1763848354003,46859777476
1763848355003,46874813612
1763848356003,46888998992
1763848357003,46902883145
1763848358003,46917923152
1763848359003,46932765208
1763848360004,46948396009
1763848361003,46964283101
1763848362003,46980548271
1763848363003,46996111369
1763848364003,47011276622
1763848365003,47025579552
1763848366003,47039464118
1763848367004,47053774728
1763848368003,47068472811
1763848369004,47083083791
1763848370003,47097923613
1763848371004,47112749619
1763848372003,47127774142
1763848373003,47142226935
1763848374004,47156793239
1763848375004,47170992068
1763848376003,47185841819
1763848377004,47200579575
1763848378003,47214894591
1763848379003,47229458202
1763848380003,47243532963
1763848381004,47258992450
1763848382003,47274351095
1763848383003,47290178532
1763848384003,47307054417
1763848385004,47322010534
1763848386004,47338114549
1763848387004,47353643804
1763848388003,47368683964
1763848389003,47383159187
1763848390004,47397887105
1763848391003,47413139568
1763848392004,47428157390
1763848393007,47445591174
1763848394004,47462740791
1763848395003,47479094211
1763848396004,47494161789
1763848397004,47509369423
1763848398003,47524686283
1763848399003,47539929735
1763848400003,47556711723
1763848401004,47572245844
1763848402004,47587242797
1763848403003,47602431979
1763848404003,47617682805
1763848405003,47632213704
1763848406003,47646851061
1763848407003,47661012374
1763848408003,47675670539
1763848409003,47690971977
1763848410004,47706231616
1763848411004,47721668841
1763848412003,47736177908
1763848413003,47753003547
1763848414003,47769559723
1763848415003,47784181245
1763848416004,47798792408
1763848417003,47813145078
1763848418003,47827896741
1763848419003,47842783534
1763848420003,47858130444
1763848421003,47873189653
1763848422003,47889197507
1763848423003,47905953608
1763848424003,47921810375
1763848425003,47936641935
1763848426004,47950902361
1763848427003,47967009543
1763848428003,47983383558
1763848429003,47998962691
1763848430003,48014556588
1763848431003,48029425037
1763848432003,48044591162
1763848433004,48060305883
1763848434004,48075518765
1763848435003,48090431201
1763848436003,48106525439
1763848437003,48121940220
1763848438003,48136902885
1763848439003,48150695943
1763848440004,48165399809
1763848441003,48180123641
1763848442003,48194836733
1763848443003,48209507322
1763848444003,48224970741
1763848445004,48239667569
1763848446003,48254317029
1763848447004,48269711644
1763848448004,48285218500
1763848449003,48300803370
1763848450003,48316364587
1763848451003,48332102489
1763848452004,48348084991
1763848453003,48362986120
1763848454003,48377596427
1763848455003,48392883682
1763848456003,48408205836
1763848457003,48424575582
1763848458003,48440582166
1763848459003,48456716246
1763848460004,48472242058
1763848461004,48488482702
1763848462003,48504715559
1763848463003,48520468469
1763848464004,48536401996
1763848465003,48551730852
1763848466003,48566918397
1763848467003,48582331265
1763848468003,48597847194
1763848469003,48613350348
1763848470003,48628840817
1763848471003,48644867491
1763848472007,48661641554
1763848473004,48678924771
1763848474004,48694866422
1763848475003,48710097021
1763848476003,48724971620
1763848477003,48740382790
1763848478003,48756434341
1763848479003,48772423438
1763848480003,48788065026
1763848481003,48803696883
1763848482003,48819488395
1763848483003,48835367883
1763848484003,48850978794
1763848485003,48866333996
1763848486004,48882140595
1763848487004,48898612131
1763848488003,48914396743
1763848489003,48930018502
1763848490003,48945337000
1763848491003,48962235222
1763848492003,48977486630
1763848493003,48992677510
1763848494004,49007800963
1763848495004,49023057358
1763848496004,49037917805
1763848497003,49052914528
1763848498003,49068156985
1763848499003,49083860798
1763848500003,49101014882
1763848501004,49117108815
1763848502003,49132337012
1763848503016,49147837166
1763848504003,49163500128
1763848505003,49179452520
1763848506003,49195382605
1763848507003,49211613334
1763848508003,49227546051
1763848509003,49243858956
1763848510003,49259973743
1763848511004,49275820259
1763848512004,49292689029
1763848513004,49309164176
1763848514004,49325238585
1763848515003,49340837226
1763848516004,49357505475
1763848517003,49372851222
1763848518003,49387621321
1763848519004,49402195627
1763848520004,49416751695
1763848521003,49431243274
1763848522004,49446125951
1763848523004,49460654800
1763848524004,49475629966
1763848525004,49490731387
1763848526004,49505950481
1763848527004,49521431786
1763848528004,49536552271
1763848529004,49550928595
1763848530004,49566261780
1763848531003,49581938910
1763848532003,49597496271
1763848533003,49613485353
1763848534003,49629256899
1763848535004,49644911293
1763848536003,49661478301
1763848537003,49677256411
1763848538003,49693819640
1763848539003,49709875383
1763848540003,49724790267
1763848541004,49739934284
1763848542003,49755876363
1763848543003,49771716622
1763848544003,49787560827
1763848545004,49803378013
1763848546004,49819246929
1763848547004,49834546684
1763848548003,49850378955
1763848549003,49865728833
1763848550003,49881321109
1763848551004,49897113050
1763848552003,49912921852
1763848553003,49928037854
1763848554003,49943202541
1763848555003,49958587854
1763848556003,49973768422
1763848557003,49989994760
1763848558003,50004791375
1763848559003,50021577693
1763848560004,50038158227
1763848561003,50054361876
1763848562003,50070427090
1763848563004,50085958915
1763848564004,50101212465
1763848565004,50116033666
1763848566003,50131802703
1763848567003,50146966900
1763848568003,50162851330
1763848569003,50178917294
1763848570003,50194594898
1763848571003,50209745554
1763848572003,50224981050
1763848573003,50240379184
1763848574003,50255910336
1763848575003,50271069913
1763848576004,50286178449
1763848577003,50301992330
1763848578003,50318371974
1763848579003,50333640854
1763848580003,50347675865
1763848581003,50362548246
1763848582004,50377366387
1763848583003,50392023114
1763848584003,50406434490
1763848585004,50420884070
1763848586003,50435635183
1763848587003,50450358036
1763848588004,50467284992
1763848589003,50484311490
1763848590003,50499964002
1763848591004,50516075484
1763848592003,50532607608
1763848593003,50549010585
1763848594003,50565122464
1763848595003,50583328148
1763848596003,50598575134
1763848597003,50612742811
1763848598004,50627945473
1763848599003,50642807571
1763848600003,50658029725
1763848601003,50673304939
1763848602004,50688399032
1763848603004,50704169002
1763848604003,50719880709
1763848605003,50734831013
1763848606003,50749258469
1763848607003,50763907806
1763848608003,50778278560
1763848609004,50792979856
1763848610003,50807562776
1763848611003,50822052855
1763848612003,50836625401
1763848613004,50851069351
1763848614003,50865999856
1763848615003,50880504807
1763848616003,50895210065
1763848617003,50909563347
1763848618003,50924098454
1763848619003,50938916137
1763848620003,50953227007
1763848621003,50967915619
1763848622003,50983268022
1763848623003,50999047814
1763848624004,51014643364
1763848625003,51030436407
1763848626003,51046447275
1763848627003,51061969187
1763848628003,51077955285
1763848629003,51093908028
1763848630003,51108521869
1763848631004,51122710447
1763848632004,51139531573
1763848633004,51157519737
1763848634003,51174235522
1763848635003,51188835042
1763848636003,51203147672
1763848637004,51217764818
1763848638003,51233178359
1763848639003,51249156149
1763848640003,51265266514
1763848641004,51279628149
1763848642003,51294277440
1763848643003,51308681411
1763848644003,51323587742
1763848645004,51338443614
1763848646003,51353832155
1763848647003,51369123786
1763848648003,51384004811
1763848649003,51398971852
1763848650003,51413391199
1763848651003,51429738132
1763848652003,51446012482
1763848653003,51461421556
1763848654003,51476127885
1763848655003,51490626839
1763848656003,51505656763
1763848657003,51520005623
1763848658003,51535052271
1763848659003,51550417602
1763848660003,51566129217
1763848661003,51580932840
1763848662003,51595354650
1763848663003,51610097378
1763848664004,51624840902
1763848665004,51640025096
1763848666003,51655325953
1763848667004,51671121642
1763848668003,51688439162
1763848669003,51705623739
1763848670003,51721182477
1763848671003,51735747756
1763848672004,51751851435
1763848673004,51767497199
1763848674003,51783183448
1763848675003,51798158675
1763848676003,51813065985
1763848677003,51828762989
1763848678004,51843418247
1763848679003,51857648624
1763848680004,51872713723
1763848681004,51888024005
1763848682003,51903282236
1763848683003,51918000928
1763848684003,51933354003
1763848685003,51948753928
1763848686004,51964122564
1763848687003,51979480459
1763848688003,51994929618
1763848689003,52010192761
1763848690003,52024500433
1763848691004,52038824951
1763848692003,52053436084
1763848693003,52068334107
1763848694003,52083919743
1763848695003,52099541012
1763848696004,52115212481
1763848697003,52130612987
1763848698003,52145633272
1763848699003,52160614252
1763848700003,52176004874
1763848701004,52192219538
1763848702004,52207972158
1763848703004,52224052076
1763848704004,52240875466
1763848705010,52258465601
1763848706004,52276356702
1763848707003,52292575864
1763848708003,52307849135
1763848709004,52323401310
1763848710003,52338593032
1763848711003,52354384866
1763848712003,52370081013
1763848713003,52387426287
1763848714003,52402630019
1763848715003,52418097034
1763848716004,52433383126
1763848717004,52449002605
1763848718003,52464770525
1763848719004,52480640466
1763848720003,52496656536
1763848721004,52512537110
1763848722003,52527884310
1763848723003,52543846326
1763848724004,52559468651
1763848725003,52575608943
1763848726003,52591225484
1763848727003,52608397944
1763848728003,52623888674
1763848729003,52640266176
1763848730003,52655943658
1763848731004,52670862351
1763848732003,52685157861
1763848733003,52699682013
1763848734003,52714031500
1763848735003,52728807843
1763848736004,52743268071
1763848737003,52757694763
1763848738004,52771927572
1763848739003,52786592056
1763848740004,52802113157
1763848741003,52817734533
1763848742003,52834918208
1763848743003,52851719872
1763848744003,52867576746
1763848745003,52882205597
1763848746003,52897065936
1763848747003,52912368369
1763848748003,52927536330
1763848749003,52942999382
1763848750003,52958666643
1763848751004,52973194008
1763848752003,52987884012
1763848753003,53002496446
1763848754003,53017374839
1763848755003,53032652379
1763848756003,53048271613
1763848757003,53063585521
1763848758003,53079916312
1763848759003,53095870418
1763848760003,53111123814
1763848761003,53125144459
1763848762003,53139099849
1763848763003,53153013990
1763848764003,53166892834
1763848765003,53181565733
1763848766003,53196549084
1763848767003,53211556135
1763848768003,53225478156
1763848769003,53240343254
1763848770003,53254028430
1763848771003,53267692019
1763848772003,53282553108
1763848773003,53296288300
1763848774003,53310160933
1763848775003,53323707599
1763848776003,53337956106
1763848777003,53352629296
1763848778003,53367576554
1763848779004,53383034986
1763848780004,53397875986
1763848781004,53412724177
1763848782003,53428378540
1763848783003,53443274819
1763848784003,53457369164
1763848785003,53471060828
1763848786003,53484769658
1763848787003,53499984468
1763848788003,53515030748
1763848789004,53530307737
1763848790004,53545646002
1763848791004,53560759633
1763848792004,53576921130
1763848793003,53592644511
1763848794003,53608466700
1763848795004,53623115517
1763848796004,53637797198
1763848797003,53652712985
1763848798003,53668303532
1763848799003,53683713294
1763848800003,53699853570
1763848801003,53717050112
1763848802003,53733839536
1763848803003,53749823125
1763848804003,53765194775
1763848805003,53780870543
1763848806003,53795888564
1763848807003,53812084226
1763848808003,53828089464
1763848809003,53843466362
1763848810003,53858713929
1763848811003,53874111788
1763848812003,53889392862
1763848813003,53904799885
1763848814003,53920508808
1763848815003,53936313479
1763848816003,53951989048
1763848817003,53967173716
1763848818003,53982359012
1763848819003,53997771406
1763848820003,54012785097
1763848821004,54028001743
1763848822003,54043186289
1763848823003,54058407678
1763848824003,54073389453
1763848825003,54088573081
1763848826004,54104288002
1763848827004,54119999327
1763848828003,54135767476
1763848829003,54152197963
1763848830004,54167794859
1763848831003,54185708237
1763848832003,54203266364
1763848833003,54220776357
1763848834003,54235864498
1763848835004,54252481002
1763848836003,54268315844
1763848837003,54285266331
1763848838003,54302453602
1763848839004,54319088511
1763848840004,54334971288
1763848841004,54350994458
1763848842003,54366137480
1763848843003,54381836489
1763848844004,54397606566
1763848845003,54413494576
1763848846004,54429885405
1763848847004,54445388206
1763848848004,54461542788
1763848849003,54477250425
1763848850003,54492708826
1763848851004,54507890190
1763848852004,54523612960
1763848853004,54539398000
1763848854004,54555266334
1763848855004,54570770757
1763848856004,54586170881
1763848857004,54601605230
1763848858003,54617234394
1763848859003,54633047893
1763848860004,54648481936
1763848861004,54663806079
1763848862004,54679370310
1763848863004,54695188445
1763848864004,54710965713
1763848865004,54726695169
1763848866003,54742469025
1763848867004,54758939292
1763848868004,54775689854
1763848869003,54792084951
1763848870003,54808569279
1763848871004,54826285684
1763848872003,54842793328
1763848873004,54858354867
1763848874003,54874059995
1763848875003,54889373306
1763848876003,54904883681
1763848877004,54921444172
1763848878003,54937264173
1763848879004,54952549439
1763848880004,54968295128
1763848881003,54984701899
1763848882004,55000113712
1763848883003,55015329332
1763848884003,55029939103
1763848885003,55044516530
1763848886003,55059117290
1763848887004,55073605839
1763848888004,55088833439
1763848889003,55103842357
1763848890003,55118561094
1763848891003,55132863274
1763848892003,55147047721
1763848893004,55162175427
1763848894003,55177200226
1763848895004,55192151249
1763848896004,55207280088
1763848897003,55222425695
1763848898003,55237352911
1763848899003,55252159103
1763848900003,55266921737
1763848901003,55281577239
1763848902004,55296154605
1763848903005,55310892055
1763848904003,55325640918
1763848905003,55340411232
1763848906004,55356376920
1763848907003,55372323972
1763848908003,55386882182
1763848909003,55402547118
1763848910003,55418167316
1763848911003,55434290625
1763848912003,55450187187
1763848913003,55464985699
1763848914003,55480805164
1763848915004,55496420513
1763848916003,55511753714
1763848917003,55527346097
1763848918003,55543177297
1763848919003,55558749714
1763848920004,55573320164
1763848921003,55588065417
1763848922004,55602593057
1763848923004,55617875554
1763848924003,55632718099
1763848925003,55647690511
1763848926003,55662276246
1763848927003,55676956060
1763848928003,55691466657
1763848929003,55705763451
1763848930003,55720403394
1763848931004,55735782158
1763848932003,55751226192
1763848933003,55766409178
1763848934003,55781626543
1763848935003,55796450070
1763848936003,55811888091
1763848937003,55827117757
1763848938003,55842142755
1763848939004,55858198789
1763848940003,55874041128
1763848941003,55890205074
1763848942003,55906476930
1763848943004,55924497331
1763848944004,55943628068
1763848945003,55960106413
1763848946003,55974593922
1763848947003,55989490400
1763848948003,56005188613
1763848949004,56020734545
1763848950004,56037145371
1763848951003,56052685504
1763848952004,56069348520
1763848953004,56086356689
1763848954004,56102812634
1763848955004,56118053316
1763848956004,56134028214
1763848957003,56150183316
1763848958003,56166761601
1763848959003,56182378785
1763848960003,56198277963
1763848961004,56213709115
1763848962004,56229022304
1763848963004,56244596969
1763848964003,56259699645
1763848965003,56275241584
1763848966004,56292739047
1763848967003,56309028314
1763848968003,56323915153
1763848969003,56338436444
1763848970003,56353409820
1763848971003,56367793028
1763848972004,56382389856
1763848973004,56396895097
1763848974004,56411561340
1763848975003,56426202538
1763848976004,56440484705
1763848977004,56455617048
1763848978003,56470793148
1763848979003,56486646351
1763848980004,56502673238
1763848981004,56517885018
1763848982004,56532340917
1763848983003,56547582273
1763848984004,56563527305
1763848985003,56578083358
1763848986003,56592410783
1763848987003,56607193888
1763848988003,56623664950
1763848989004,56640016748
1763848990004,56655910342
1763848991004,56671402005
1763848992003,56686323376
1763848993003,56701356973
1763848994003,56715380983
1763848995004,56729472161
1763848996003,56744410775
1763848997003,56759360497
1763848998003,56773907308
1763848999003,56787807542
1763849000004,56802701480
1763849001003,56817322588
1763849002003,56832071850
1763849003003,56846668325
1763849004003,56860952451
1763849005004,56874962416
1763849006003,56889890320
1763849007003,56904638495
1763849008003,56919523758
1763849009003,56933792431
1763849010004,56949354459
1763849011003,56963646326
1763849012003,56978396092
1763849013003,56992977711
1763849014003,57007275913
1763849015003,57021731828
1763849016003,57036121003
1763849017003,57053265296
1763849018003,57070340341
1763849019003,57086241692
1763849020003,57101973106
1763849021004,57117275891
1763849022003,57133671462
1763849023004,57149555188
1763849024004,57165256997
1763849025003,57181013610
1763849026003,57196121748
1763849027003,57211529643
1763849028003,57227511702
1763849029003,57242731851
1763849030003,57257852796
1763849031003,57273328746
1763849032003,57289500738
1763849033004,57304649513
1763849034003,57319754209
1763849035004,57334884272
1763849036004,57351246765
1763849037003,57366356112
1763849038004,57380933370
1763849039006,57397233684
1763849040003,57413023391
1763849041004,57427466224
1763849042004,57441983308
1763849043004,57457263234
1763849044003,57472244566
1763849045003,57487737881
1763849046003,57502800303
1763849047003,57517434676
1763849048003,57532334291
1763849049003,57547083169
1763849050004,57561585320
1763849051004,57577352184
1763849052003,57592855139
1763849053004,57608880298
1763849054003,57624799948
1763849055003,57640003191
1763849056008,57657181801
1763849057004,57674128693
1763849058003,57690167071
1763849059003,57704791653
1763849060004,57719995538
1763849061004,57735687096
1763849062004,57751878091
1763849063004,57768332354
1763849064004,57783679309
1763849065003,57798943125
1763849066004,57813745125
1763849067003,57828814080
1763849068003,57844367784
1763849069003,57860131283
1763849070003,57876299405
1763849071003,57891463281
1763849072003,57906816525
1763849073003,57922492660
1763849074003,57938297085
1763849075003,57954540132
1763849076003,57970682152
1763849077004,57986718449
1763849078003,58003068488
1763849079003,58019445531
1763849080004,58036215540
1763849081003,58052216540
1763849082004,58067493606
1763849083003,58082993133
1763849084004,58098644283
1763849085004,58114230776
1763849086003,58129677839
1763849087003,58144491972
1763849088003,58159807609
1763849089003,58175512906
1763849090003,58191453701
1763849091003,58207267658
1763849092004,58223530809
1763849093003,58240037214
1763849094004,58256923502
1763849095003,58273698285
1763849096004,58289320350
1763849097003,58305182441
1763849098004,58322109994
1763849099004,58337895279
1763849100004,58354008367
1763849101004,58369847692
1763849102003,58385503478
1763849103003,58400544006
1763849104004,58416413517
1763849105004,58431949857
1763849106004,58447735479
1763849107003,58463186704
1763849108004,58478778352
1763849109004,58494807198
1763849110003,58512114834
1763849111003,58529226140
1763849112004,58544815294
1763849113003,58560617180
1763849114003,58576532852
1763849115004,58592641702
1763849116004,58609045719
1763849117004,58624963426
1763849118003,58640746845
1763849119003,58656264273
1763849120003,58672018867
1763849121003,58687746120
1763849122003,58703588535
1763849123003,58719783310
1763849124004,58735893521
1763849125003,58751813753
1763849126003,58767261734
1763849127004,58783355743
1763849128004,58799777922
1763849129004,58815191708
1763849130004,58830636078
1763849131004,58845917489
1763849132004,58861097537
1763849133003,58875909957
1763849134003,58892509080
1763849135003,58907753189
1763849136003,58922479561
1763849137003,58936920696
1763849138003,58951483848
1763849139003,58966175152
1763849140003,58980611131
1763849141003,58995068254
1763849142003,59010559473
1763849143003,59024938444
1763849144003,59040496096
1763849145004,59055862635
1763849146004,59071542014
1763849147003,59087130144
1763849148003,59102865934
1763849149004,59118929541
1763849150004,59135057348
1763849151004,59150709462
1763849152004,59166117098
1763849153003,59181180254
1763849154003,59196469406
1763849155004,59212247409
1763849156003,59227423555
1763849157003,59242562385
1763849158003,59257774318
1763849159003,59272877545
1763849160003,59288078799
1763849161003,59303242506
1763849162004,59318358294
1763849163003,59333563572
1763849164003,59348717686
1763849165004,59363892624
1763849166003,59379052201
1763849167004,59394160844
1763849168003,59409316029
1763849169004,59424446245
1763849170003,59440468466
1763849171003,59458418518
1763849172003,59474227182
1763849173003,59489418353
1763849174003,59504601537
1763849175003,59519989099
1763849176003,59535651587
1763849177004,59551568055
1763849178003,59566814413
1763849179003,59582852607
1763849180003,59597855252
1763849181003,59613039630
1763849182003,59628395352
1763849183003,59643841819
1763849184003,59659338133
1763849185003,59674878496
1763849186003,59689937659
1763849187003,59705013591
1763849188003,59719865928
1763849189003,59734915956
1763849190003,59749928867
1763849191004,59764903329
1763849192004,59780036880
1763849193003,59795050923
1763849194003,59810101319
1763849195003,59825172829
1763849196004,59840299908
1763849197004,59855415406
1763849198003,59870508075
1763849199003,59886467062
1763849200003,59903057510
1763849201003,59918634210
1763849202003,59933745668
1763849203003,59948950196
1763849204003,59965021515
1763849205003,59981060184
1763849206003,59997682379
1763849207003,60014228212
1763849208004,60031506120
1763849209003,60048077779
1763849210003,60064034654
1763849211003,60079689844
1763849212004,60095680639
1763849213004,60112110421
1763849214003,60128905461
1763849215003,60144301453
1763849216003,60159868530
1763849217003,60175268913
1763849218004,60190774836
1763849219003,60206520770
1763849220004,60222401940
1763849221003,60238864495
1763849222004,60254585337
1763849223003,60269998557
1763849224004,60285151050
1763849225004,60300398693
1763849226004,60315541761
1763849227004,60331081956
1763849228004,60346409481
1763849229003,60362285265
1763849230003,60378293701
1763849231004,60393818749
1763849232004,60409278864
1763849233004,60425461980
1763849234003,60441597360
1763849235004,60458435407
1763849236004,60474501126
1763849237003,60491305621
1763849238003,60507276526
1763849239004,60523049342
1763849240003,60538903218
1763849241004,60555400703
1763849242003,60571665046
1763849243004,60588428323
1763849244003,60604490232
1763849245003,60621261190
1763849246003,60638312979
1763849247003,60654733030
1763849248003,60670904105
1763849249003,60687462041
1763849250003,60703516269
1763849251003,60720344617
1763849252003,60736190383
1763849253003,60752535129
1763849254004,60769020527
1763849255003,60785309029
1763849256003,60801144759
1763849257003,60816521197
1763849258003,60832737514
1763849259003,60849142480
1763849260003,60865437654
1763849261004,60881068011
1763849262003,60898088052
1763849263003,60914590954
1763849264003,60930698656
1763849265003,60946195016
1763849266003,60962056603
1763849267003,60978028120
1763849268004,60993977253
1763849269003,61010246064
1763849270003,61026402390
1763849271004,61042413121
1763849272003,61058587944
1763849273003,61074655056
1763849274003,61090570483
1763849275004,61106762289
1763849276004,61123159161
1763849277003,61139058340
1763849278003,61154826520
1763849279003,61170736868
1763849280005,61187793308
1763849281003,61204553188
1763849282003,61219966500
1763849283004,61235511376
1763849284003,61251507557
1763849285004,61267207698
1763849286003,61282939968
1763849287003,61298117660
1763849288003,61315054730
1763849289003,61331230777
1763849290003,61346676051
1763849291003,61361728389
1763849292003,61376847758
1763849293003,61392380042
1763849294004,61407808409
1763849295004,61422976569
1763849296003,61438110885
1763849297003,61453407780
1763849298003,61468610257
1763849299003,61484044071
1763849300003,61498933817
1763849301004,61515169596
1763849302003,61530965836
1763849303004,61545860432
1763849304003,61560447207
1763849305003,61574820516
1763849306003,61589200206
1763849307004,61604910017
1763849308004,61619349988
1763849309003,61633925610
1763849310003,61648733837
1763849311003,61663286264
1763849312003,61677901482
1763849313004,61692432381
1763849314003,61706954438
1763849315003,61721615556
1763849316003,61736207869
1763849317004,61750731547
1763849318003,61765355165
1763849319003,61779900753
1763849320003,61794463905
1763849321003,61809050466
1763849322003,61823641096
1763849323003,61838243401
1763849324003,61853169546
1763849325003,61868222190
1763849326003,61882756670
1763849327004,61897181143
1763849328004,61911656963
1763849329004,61926242912
1763849330004,61940740901
1763849331004,61955419430
1763849332004,61970733904
1763849333004,61985311836
1763849334004,61999770825
1763849335003,62015825727
1763849336004,62032246697
1763849337003,62047019107
1763849338003,62061376428
1763849339003,62075986230
1763849340004,62090685063
1763849341003,62105777472
1763849342003,62121378087
1763849343003,62136176430
1763849344003,62150734548
1763849345003,62165926393
1763849346003,62180972673
1763849347003,62195635841
1763849348003,62210748462
1763849349003,62225938485
1763849350003,62241190994
1763849351004,62255607266
1763849352003,62270176875
1763849353003,62286416402
1763849354003,62302717236
1763849355003,62317825787
1763849356003,62332184026
1763849357003,62346604842
1763849358004,62361487275
1763849359003,62376472829
1763849360003,62391746161
1763849361004,62408012739
1763849362003,62424510086
1763849363003,62440221014
1763849364003,62454763113
1763849365003,62469421569
1763849366003,62484678759
1763849367003,62499854003
1763849368003,62515606776
1763849369004,62530806546
1763849370004,62547038453
1763849371004,62562461756
1763849372004,62578338076
1763849373003,62593971525
1763849374003,62609976671
1763849375006,62627550633
1763849376003,62644604625
1763849377003,62659882899
1763849378004,62675303035
1763849379003,62690229486
1763849380003,62706156908
1763849381003,62721821492
1763849382004,62738024895
1763849383004,62753723766
1763849384004,62768897633
1763849385003,62783806535
1763849386003,62799111874
1763849387003,62815207199
1763849388003,62831480248
1763849389003,62848241307
1763849390003,62864832718
1763849391003,62880518385
1763849392003,62896785667
1763849393004,62912976616
1763849394003,62928798790
1763849395003,62944229330
1763849396003,62959568788
1763849397004,62975258265
1763849398004,62990708205
1763849399003,63006557582
1763849400003,63022846222
1763849401003,63037996634
1763849402003,63054714975
1763849403003,63071048689
1763849404003,63087528227
1763849405004,63103004269
1763849406003,63118968075
1763849407003,63134953040
1763849408003,63150991143
1763849409003,63166929918
1763849410003,63183974087
1763849411004,63201498677
1763849412004,63218694897
1763849413004,63235749777
1763849414003,63252766651
1763849415003,63269999332
1763849416004,63287440704
1763849417004,63304147004
1763849418004,63320531300
1763849419004,63336711876
1763849420004,63352860827
1763849421004,63368670042
1763849422004,63384535071
1763849423004,63400381740
1763849424004,63415838534
1763849425004,63431367101
1763849426003,63447196588
1763849427003,63463006583
1763849428003,63478439754
1763849429004,63493915551
1763849430003,63509900746
1763849431003,63525909335
1763849432003,63541792709
1763849433003,63557067754
1763849434003,63572733593
1763849435003,63588808645
1763849436003,63604521668
1763849437003,63620121655
1763849438003,63635562201
1763849439003,63653059985
1763849440003,63669419678
1763849441003,63685672425
1763849442003,63701852481
1763849443003,63717796458
1763849444004,63733886075
1763849445004,63749992401
1763849446003,63764983830
1763849447003,63779892655
1763849448003,63794338502
1763849449003,63809515980
1763849450003,63824699164
1763849451003,63840296749
1763849452003,63855765049
1763849453003,63871234083
1763849454003,63886460292
1763849455003,63901865479
1763849456004,63917141764
1763849457003,63932853778
1763849458003,63948826458
1763849459003,63965100042
1763849460003,63981753052
1763849461004,63996606047
1763849462003,64012322865
1763849463003,64027625833
1763849464004,64043209985
1763849465003,64058865435
1763849466004,64074659548
1763849467003,64089851377
1763849468003,64105325185
1763849469004,64121056033
1763849470003,64136544361
1763849471003,64151911421
1763849472003,64167332796
1763849473003,64182957752
1763849474003,64198337389
1763849475003,64213912728
1763849476004,64229126436
1763849477003,64244588646
1763849478004,64260238358
1763849479003,64276055697
1763849480003,64291419728
1763849481003,64306873845
1763849482003,64323406688
1763849483003,64338964569
1763849484004,64354431783
1763849485004,64369773675
1763849486003,64385544042
1763849487003,64400940693
1763849488004,64417800589
1763849489004,64434589263
1763849490003,64451214259
1763849491003,64467304886
1763849492003,64482604947
1763849493003,64497947573
1763849494003,64513041253
1763849495003,64528261234
1763849496003,64543602758
1763849497003,64559098032
1763849498004,64574888657
1763849499004,64590149183
1763849500003,64605217464
1763849501003,64620404153
1763849502003,64635421103
1763849503003,64650453047
1763849504003,64665958679
1763849505003,64681385959
1763849506004,64696997727
1763849507004,64712006186
1763849508004,64727070367
1763849509003,64741402734
1763849510003,64756722716
1763849511003,64773186954
1763849512003,64788878695
1763849513003,64803419050
1763849514003,64818119504
1763849515003,64832918582
1763849516003,64847877362
1763849517003,64863454139
1763849518004,64878857215
1763849519004,64894617439
1763849520004,64909132916
1763849521003,64923985192
1763849522003,64939312380
1763849523004,64954512731
1763849524004,64970058388
1763849525003,64986332769
1763849526003,65002423411
1763849527004,65018783349
1763849528003,65034964415
1763849529004,65051022714
1763849530003,65067412212
1763849531003,65083420387
1763849532003,65098605683
1763849533003,65114118613
1763849534003,65130135418
1763849535003,65145951533
1763849536003,65161151272
1763849537004,65176353521
1763849538003,65191785927
1763849539003,65207421272
1763849540003,65223044515
1763849541004,65238612327
1763849542003,65254468436
1763849543003,65270551077
1763849544003,65286389499
1763849545003,65302285388
1763849546003,65318594148
1763849547003,65335355206
1763849548003,65352261905
1763849549003,65368705029
1763849550003,65385116145
1763849551003,65401604649
1763849552003,65417594159
1763849553003,65433891367
1763849554004,65449867887
1763849555003,65466283426
1763849556003,65483026032
1763849557003,65498836532
1763849558003,65514430996
1763849559003,65530204072
1763849560003,65545736509
1763849561003,65561579705
1763849562004,65577360676
1763849563003,65594222148
1763849564003,65611456007
1763849565003,65627330660
1763849566003,65642820502
1763849567003,65658149909
1763849568003,65674020033
1763849569003,65689797546
1763849570003,65705844476
1763849571003,8106766
1763849572003,23302481
1763849573004,38427342
1763849574003,53564458
1763849575004,68892809
1763849576004,84395412
1763849577003,100008526
1763849578003,115171821
1763849579004,130570353
1763849580003,145806490
1763849581003,161170322
1763849582004,176409642
1763849583003,191693944
1763849584003,207124821
1763849585003,222124405
1763849586004,237306350
1763849587003,252363830
1763849588003,266972683
1763849589004,281506643
1763849590003,296045208
1763849591003,310747681
1763849592003,325324619
1763849593003,340449969
1763849594003,355631486
1763849595003,371367934
1763849596004,387184691
1763849597004,402500496
1763849598003,419038220
1763849599004,435557079
1763849600003,451348164
1763849601003,468330368
1763849602003,485344794
1763849603003,501025535
1763849604003,516290345
1763849605003,532523293
1763849606003,548748866
1763849607004,565099471
1763849608003,581140909
1763849609003,597337352
1763849610003,613294089
1763849611004,629809735
1763849612004,646036380
1763849613003,661992275
1763849614004,677498932
1763849615003,693272942
1763849616004,709942062
1763849617004,725551826
1763849618004,741634834
1763849619003,757257542
1763849620004,773265702
1763849621004,789339423
1763849622004,805320166
1763849623004,821009551
1763849624004,837125622
1763849625004,853304531
1763849626004,869590769
1763849627004,887554881
1763849628003,905545922
1763849629003,921694322
1763849630004,937368698
1763849631004,952974208
1763849632003,968706112
1763849633003,984086514
1763849634003,1002777728
1763849635003,1018913169
1763849636003,1034299920
1763849637003,1049067817
1763849638003,1063501852
1763849639003,1078160277
1763849640003,1092562580
1763849641004,1107959552
1763849642004,1123322389
1763849643003,1139261041
1763849644003,1153535283
1763849645003,1169021408
1763849646003,1184609109
1763849647003,1198782555
1763849648003,1212478074
1763849649003,1225995395
1763849650003,1239752375
1763849651004,1253664144
1763849652003,1267529509
1763849653003,1281458170
1763849654004,1295341329
1763849655004,1309144392
1763849656004,1323125211
1763849657003,1336982926
1763849658004,1350842967
1763849659004,1364698264
1763849660003,1378456697
1763849661004,1392355401
1763849662003,1406387857
1763849663003,1421473443
1763849664004,1436551348
1763849665003,1451971667
1763849666003,1467058569
1763849667003,1482492413
1763849668003,1497832040
1763849669003,1512565879
1763849670004,1526621637
1763849671003,1541294199
1763849672003,1555950727
1763849673004,1569777689
1763849674003,1584172113
1763849675003,1598252076
1763849676003,1613150879
1763849677004,1629007875
1763849678003,1644754957
1763849679004,1658691115
1763849680004,1673528580
1763849681003,1688179876
1763849682003,1703005729
1763849683003,1717341737
1763849684003,1731766256
1763849685003,1745866338
1763849686003,1760287383
1763849687003,1774733292
1763849688003,1788953066
1763849689003,1804124209
1763849690003,1818690620
1763849691003,1833472746
1763849692003,1847852726
1763849693003,1862400318
1763849694003,1876690197
1763849695003,1890962985
1763849696003,1905767097
1763849697004,1920126392
1763849698003,1934684189
1763849699003,1948698239
1763849700004,1964337409
1763849701003,1980825164
1763849702003,1995609798
1763849703003,2010205876
1763849704003,2024434723
1763849705004,2039229027
1763849706003,2056082681
1763849707004,2075375966
1763849708003,2092357115
1763849709003,2106790645
1763849710004,2122411348
1763849711003,2138116814
1763849712004,2153424984
1763849713003,2169443319
1763849714003,2185294257
1763849715003,2200794396
1763849716003,2214643466
1763849717003,2228554701
1763849718003,2243212422
1763849719006,2259832842
1763849720003,2276114016
1763849721003,2291842600
1763849722004,2306535603
1763849723003,2320378354
1763849724004,2334701771
1763849725004,2349252009
1763849726003,2364336157
1763849727003,2378215414
1763849728004,2392154847
1763849729003,2405965009
1763849730003,2419985960
1763849731003,2434284559
1763849732003,2448918810
1763849733003,2463737717
1763849734003,2478546312
1763849735003,2492843014
1763849736003,2507815135
1763849737003,2523469866
1763849738003,2537790375
1763849739003,2554015750
1763849740003,2570141598
1763849741003,2586137075
1763849742003,2602915927
1763849743004,2619699308
1763849744004,2636605563
1763849745004,2654868806
1763849746003,2670974534
1763849747004,2687226317
1763849748004,2702442014
1763849749004,2717876684
1763849750004,2733800848
1763849751004,2750736448
1763849752004,2767407405
1763849753004,2784245850
1763849754004,2800813838
1763849755003,2817693150
1763849756004,2834533676
1763849757004,2851266797
1763849758004,2867535180
1763849759003,2883348999
1763849760003,2898813857
1763849761003,2914194564
1763849762004,2930166770
1763849763003,2946050878
1763849764004,2961674412
1763849765003,2977169441
1763849766004,2993006578
1763849767004,3009085608
1763849768004,3025125684
1763849769003,3040923914
1763849770003,3056335344
1763849771003,3072345952
1763849772003,3088521280
1763849773003,3104754397
1763849774003,3120412570
1763849775003,3135876555
1763849776003,3151838265
1763849777003,3167425507
1763849778003,3183167019
1763849779003,3198521961
1763849780004,3215766928
1763849781004,3231922167
1763849782003,3247528626
1763849783003,3263078139
1763849784003,3279769980
1763849785003,3298327166
1763849786004,3314290773
1763849787003,3329398881
1763849788003,3344423389
1763849789003,3359421535
1763849790003,3374654399
1763849791004,3389714158
1763849792004,3404733831
1763849793003,3420196639
1763849794004,3435819943
1763849795003,3451893526
1763849796003,3467103256
1763849797003,3482151923
1763849798003,3497294088
1763849799003,3512229291
1763849800003,3527523079
1763849801003,3543148341
1763849802003,3558967287
1763849803004,3574163415
1763849804004,3589026814
1763849805003,3604185121
1763849806004,3619327149
1763849807004,3634276335
1763849808004,3649411462
1763849809003,3664556351
1763849810003,3679709165
1763849811004,3694775564
1763849812004,3709923574
1763849813004,3725080641
1763849814004,3740163259
1763849815003,3755156739
1763849816004,3770263576
1763849817004,3785371056
1763849818004,3800382177
1763849819003,3815437209
1763849820003,3830421968
1763849821004,3846180356
1763849822004,3861629913
1763849823003,3877251473
1763849824003,3893876101
1763849825004,3909128625
1763849826004,3925101275
1763849827003,3940956160
1763849828003,3956594076
1763849829003,3971158436
1763849830003,3986134749
1763849831004,4001350324
1763849832003,4016604087
1763849833003,4032007470
1763849834003,4047025246
1763849835003,4062673367
1763849836003,4078266010
1763849837003,4093789650
1763849838003,4108950190
1763849839003,4124604997
1763849840003,4140340038
1763849841003,4155996849
1763849842003,4170729816
1763849843003,4185924521
1763849844004,4201193278
1763849845003,4216281588
1763849846003,4230766633
1763849847003,4245533153
1763849848003,4261054896
1763849849003,4276470915
1763849850003,4292048381
1763849851003,4307286171
1763849852003,4322863713
1763849853004,4338687233
1763849854003,4355692250
1763849855003,4371404126
1763849856003,4388190368
1763849857004,4405392204
1763849858003,4422011752
1763849859003,4438537803
1763849860004,4454801534
1763849861004,4472181676
1763849862004,4488787164
1763849863003,4504214644
1763849864003,4519574513
1763849865003,4535347023
1763849866003,4550873478
1763849867003,4566737880
1763849868003,4582452265
1763849869004,4598212489
1763849870004,4613445184
1763849871003,4628772372
1763849872003,4644052803
1763849873003,4658814764
1763849874004,4673125068
1763849875003,4687945918
1763849876003,4702927127
1763849877003,4717648649
1763849878003,4732031399
1763849879003,4747283158
1763849880003,4762661708
1763849881003,4778332213
1763849882003,4793597314
1763849883003,4808684124
1763849884003,4823692138
1763849885003,4839093761
1763849886003,4855202825
1763849887003,4871404163
1763849888003,4888679868
1763849889003,4905600183
1763849890003,4921335866
1763849891003,4938131763
1763849892003,4954854494
1763849893003,4971162933
1763849894003,4987407310
1763849895003,5002933383
1763849896003,5018834688
1763849897003,5034947332
1763849898003,5051063021
1763849899003,5066963347
1763849900003,5082795864
1763849901003,5099678985
1763849902003,5115404187
1763849903003,5130936518
1763849904003,5146528932
1763849905003,5162390442
1763849906003,5177347706
1763849907003,5192550857
1763849908003,5207663463
1763849909003,5222953120
1763849910003,5238536675
1763849911003,5253701897
1763849912003,5268932833
1763849913003,5285388855
1763849914003,5301098467
1763849915003,5316371401
1763849916003,5330970982
1763849917004,5345958771
1763849918003,5361020641
1763849919003,5376101821
1763849920003,5390496459
1763849921004,5405459354
1763849922003,5420417766
1763849923003,5434963981
1763849924003,5450430644
1763849925004,5465562910
1763849926003,5481107327
1763849927004,5496497261
1763849928003,5512705622
1763849929003,5528373051
1763849930003,5543853086
1763849931003,5561192576
1763849932003,5576617715
1763849933003,5591673053
1763849934003,5606481586
1763849935003,5621069310
1763849936004,5635879159
1763849937003,5651126542
1763849938003,5666382387
1763849939003,5681636288
1763849940004,5695717092
1763849941003,5709503907
1763849942003,5723702658
1763849943003,5737536521
1763849944003,5751258433
1763849945003,5765827827
1763849946004,5780093211
1763849947003,5794927555
1763849948003,5809350605
1763849949003,5823516370
1763849950004,5837605253
1763849951003,5852405952
1763849952003,5867001189
1763849953003,5882518586
1763849954003,5897014770
1763849955003,5911705585
1763849956003,5926212954
1763849957003,5942363435
1763849958003,5958298339
1763849959003,5974445439
1763849960003,5989800580
1763849961003,6005934919
1763849962003,6021133970
1763849963003,6037401052
1763849964003,6053116065
1763849965003,6068470043
1763849966003,6084135514
1763849967003,6099199129
1763849968003,6114372813
1763849969003,6129608629
1763849970004,6145152557
1763849971003,6160224220
1763849972003,6174883150
1763849973003,6190068078
1763849974003,6205364330
1763849975003,6220693737
1763849976004,6236997661
1763849977004,6252046420
1763849978004,6268349809
1763849979004,6283725789
1763849980004,6298815322
1763849981004,6313214764
1763849982003,6327798571
1763849983004,6342335270
1763849984003,6357037866
1763849985003,6371829034
1763849986003,6388544926
1763849987003,6403769742
1763849988003,6419764530
1763849989003,6435544935
1763849990003,6451210620
1763849991003,6466911129
1763849992003,6482314541
1763849993003,6497860091
1763849994003,6513415035
1763849995003,6528889853
1763849996003,6543527868
1763849997003,6559258379
1763849998004,6574965925
1763849999003,6590875064
1763850000003,6606922117
1763850001003,6623010893
1763850002004,6639741749
1763850003003,6655201191
1763850004004,6669930485
1763850005004,6686211827
1763850006004,6701459639
1763850007003,6716202061
1763850008003,6730667890
1763850009003,6745835790
1763850010003,6761214340
1763850011003,6776749776
1763850012003,6791459625
1763850013003,6805866242
1763850014003,6820660440
1763850015003,6835365836
1763850016003,6850809916
1763850017003,6866085941
1763850018003,6881439292
1763850019003,6896116582
1763850020003,6910353018
1763850021003,6925683618
1763850022003,6941417495
1763850023003,6956978207
1763850024003,6973090469
1763850025003,6988234852
1763850026003,7003915715
1763850027003,7019631432
1763850028003,7034365546
1763850029004,7049106927
1763850030003,7063588209
1763850031003,7078147980
1763850032003,7093089531
1763850033003,7109123472
1763850034003,7123932970
1763850035003,7137797799
1763850036003,7151861789
1763850037004,7166536524
1763850038003,7181817154
1763850039003,7197263452
1763850040004,7213699921
1763850041003,7228998942
1763850042003,7245262092
1763850043003,7260948540
1763850044003,7274779816
1763850045004,7289216636
1763850046003,7305490710
1763850047003,7320576266
1763850048003,7336248484
1763850049003,7351801745
1763850050003,7368026768
1763850051003,7384171358
1763850052003,7399748457
1763850053003,7415564786
1763850054003,7431391779
1763850055003,7446824170
1763850056003,7462574173
1763850057003,7477895241
1763850058003,7493044659
1763850059003,7508300840
1763850060003,7523178667
1763850061003,7538540754
1763850062004,7554299402
1763850063003,7570172800
1763850064004,7585507547
1763850065004,7600463388
1763850066003,7615704973
1763850067004,7630877799
1763850068003,7645929435
1763850069004,7660855594
1763850070004,7675848845
1763850071004,7691121473
1763850072003,7706177866
1763850073003,7721216022
1763850074004,7736068987
1763850075003,7753608463
1763850076003,7769363179
1763850077003,7784284443
1763850078003,7799237393
1763850079003,7814135799
1763850080003,7829139591
1763850081003,7844664883
1763850082003,7859529063
1763850083003,7874257194
1763850084003,7889129085
1763850085003,7904775003
1763850086004,7920137427
1763850087003,7936100131
1763850088003,7952533371
1763850089003,7967448668
1763850090003,7982751208
1763850091004,7998452527
1763850092003,8013891573
1763850093004,8029437934
1763850094004,8044614126
1763850095004,8059013140
1763850096004,8074437713
1763850097004,8089594290
1763850098004,8104844581
1763850099003,8120029724
1763850100003,8135227764
1763850101003,8150247377
1763850102004,8165472223
1763850103003,8180860443
1763850104004,8196091899
1763850105003,8211050372
1763850106003,8225794814
1763850107004,8242700488
1763850108003,8259498266
1763850109003,8275636706
1763850110003,8291810367
1763850111003,8307908904
1763850112003,8324430716
1763850113003,8341305928
1763850114003,8357642931
1763850115003,8372871679
1763850116003,8388483111
1763850117003,8404308023
1763850118003,8420403133
1763850119003,8436989619
1763850120003,8452992776
1763850121003,8468590759
1763850122003,8484378462
1763850123003,8500513597
1763850124003,8516224279
1763850125004,8532375112
1763850126004,8549427834
1763850127003,8565321184
1763850128003,8580850546
1763850129003,8596413125
1763850130003,8611747091
1763850131003,8627219430
1763850132003,8642542747
1763850133003,8657954667
1763850134003,8673039732
1763850135003,8688092010
1763850136003,8703133486
1763850137003,8719007634
1763850138003,8734877161
1763850139003,8751089867
1763850140004,8766785081
1763850141003,8783205194
1763850142003,8799123054
1763850143003,8813765873
1763850144003,8828467613
1763850145003,8843878874
1763850146003,8859165517
1763850147003,8874818947
1763850148003,8891004114
1763850149003,8907162199
1763850150004,8922114200
1763850151003,8937637137
1763850152003,8953025754
1763850153003,8968903605
1763850154003,8984709851
1763850155003,9000980559
1763850156003,9016315627
1763850157003,9032196492
1763850158003,9048021955
1763850159003,9063774391
1763850160003,9079331416
1763850161003,9095268294
1763850162003,9111445198
1763850163003,9127151505
1763850164003,9142862799
1763850165003,9158467177
1763850166003,9173912650
1763850167003,9189526346
1763850168003,9205314997
1763850169003,9220821073
1763850170003,9236962481
1763850171003,9252592410
1763850172004,9268234074
1763850173003,9283902269
1763850174003,9299033816
1763850175003,9314446699
1763850176003,9330257781
1763850177004,9345826357
1763850178003,9361099062
1763850179003,9377551580
1763850180004,9393446061
1763850181004,9409576637
1763850182003,9425329517
1763850183003,9440962002
1763850184003,9456876480
1763850185003,9472505430
1763850186003,9488747007
1763850187003,9504862023
1763850188003,9521174409
1763850189003,9536798126
1763850190003,9551925986
1763850191004,9566213937
1763850192003,9581235660
1763850193003,9596323572
1763850194003,9611378007
1763850195003,9626344375
1763850196003,9641429181
1763850197003,9656485849
1763850198003,9672281799
1763850199003,9688212281
1763850200003,9703263672
1763850201003,9718524412
1763850202003,9734122639
1763850203004,9749724830
1763850204004,9765227616
1763850205003,9779897225
1763850206003,9794558986
1763850207003,9809160602
1763850208003,9824412942
1763850209003,9839660372
1763850210003,9855412976
1763850211003,9871689285
1763850212003,9886889835
1763850213003,9901642691
1763850214003,9916815258
1763850215003,9931927312
1763850216003,9947124328
1763850217003,9962268436
1763850218004,9977612546
1763850219004,9993262014
1763850220004,10008271206
1763850221004,10023528994
1763850222003,10038798424
1763850223003,10053659529
1763850224003,10068669272
1763850225004,10083885245
1763850226003,10099160000
1763850227003,10114157932
1763850228003,10129216620
1763850229003,10144591743
1763850230004,10160496751
1763850231003,10176883097
1763850232004,10192749457
1763850233003,10209294403
1763850234003,10225000373
1763850235004,10241407649
1763850236004,10257039124
1763850237003,10272360498
1763850238003,10287668439
1763850239003,10303327683
1763850240003,10320195994
1763850241003,10336233500
1763850242003,10351798037
1763850243004,10366772131
1763850244003,10382035197
1763850245003,10397472086
1763850246004,10412647820
1763850247003,10428012585
1763850248004,10443747686
1763850249003,10459387453
1763850250003,10475161263
1763850251003,10490395045
1763850252003,10505622538
1763850253004,10520865270
1763850254003,10535859316
1763850255003,10551221847
1763850256004,10567168808
1763850257004,10583034036
1763850258003,10598258989
1763850259004,10614314044
1763850260003,10630036554
1763850261004,10645398090
1763850262004,10660765977
1763850263003,10676108403
1763850264003,10691619788
1763850265003,10707494778
1763850266003,10723351208
1763850267003,10738745946
1763850268003,10753749875
1763850269003,10768931346
1763850270003,10784282739
1763850271004,10799920869
1763850272003,10815801228
1763850273003,10831306447
1763850274004,10847996269
1763850275003,10863168912
1763850276004,10878360939
1763850277003,10893400488
1763850278003,10908714303
1763850279003,10924863836
1763850280003,10940080099
1763850281003,10956215464
1763850282003,10971405319
1763850283003,10986242004
1763850284003,11002308825
1763850285004,11017296430
1763850286003,11031920476
1763850287003,11046397948
1763850288004,11061133133
1763850289004,11075582025
1763850290003,11090365313
1763850291004,11105970273
1763850292003,11121725432
1763850293004,11138042515
1763850294004,11154657933
1763850295004,11170437251
1763850296003,11186484442
1763850297003,11202883257
1763850298003,11217952518
1763850299004,11233591030
1763850300003,11249304299
1763850301003,11264837853
1763850302003,11279333884
1763850303003,11294614621
1763850304003,11309494636
1763850305003,11324498031
1763850306003,11339660101
1763850307003,11354985178
1763850308004,11370986392
1763850309003,11386981838
1763850310003,11402671713
1763850311003,11417713862
1763850312004,11433556752
1763850313004,11450895324
1763850314003,11466421963
1763850315003,11482495959
1763850316003,11498071619
1763850317004,11514064587
1763850318003,11530454299
1763850319003,11546388315
1763850320003,11561847497
1763850321004,11577897044
1763850322003,11594008112
1763850323004,11610298251
1763850324003,11625965207
1763850325003,11641375963
1763850326003,11658331515
1763850327004,11674391022
1763850328004,11689987720
1763850329003,11705524809
1763850330003,11721378057
1763850331003,11736834056
1763850332003,11751901542
1763850333004,11767158962
1763850334003,11782280900
1763850335003,11797763475
1763850336004,11812990815
1763850337003,11828147500
1763850338003,11843268016
1763850339004,11858523065
1763850340004,11873894240
1763850341003,11888848506
1763850342003,11904796920
1763850343003,11920244198
1763850344003,11936888946
1763850345003,11951501103
1763850346003,11965473171
1763850347003,11981455137
1763850348003,11995275796
1763850349003,12009672759
1763850350003,12025000620
1763850351004,12040648313
1763850352004,12057170278
1763850353003,12071815239
1763850354004,12087393363
1763850355004,12102447966
1763850356004,12116888794
1763850357004,12130966845
1763850358003,12146073667
1763850359004,12161471694
1763850360004,12177100782
1763850361004,12192038202
1763850362003,12206423476
1763850363003,12221121131
1763850364003,12235881454
1763850365004,12250678604
1763850366004,12265456430
1763850367004,12279940298
1763850368003,12294520295
1763850369004,12308854452
1763850370003,12323699369
1763850371003,12339402065
1763850372004,12353963228
1763850373003,12368125994
1763850374003,12382614436
1763850375003,12397336723
1763850376004,12411639852
1763850377003,12426048229
1763850378003,12440440725
1763850379004,12455699690
1763850380003,12471214869
1763850381003,12487263651
1763850382003,12502769115
1763850383003,12517996884
1763850384003,12533941473
1763850385003,12548836727
1763850386003,12564038929
1763850387003,12578850859
1763850388003,12593127213
1763850389003,12608928364
1763850390003,12623380775
1763850391004,12638582059
1763850392003,12653708679
1763850393003,12669601554
1763850394003,12685526422
1763850395003,12699851230
1763850396003,12713423922
1763850397003,12727318724
1763850398003,12741124725
1763850399003,12755024025
1763850400003,12771385707
1763850401003,12785870997
1763850402003,12800701349
1763850403003,12815852082
1763850404003,12830762620
1763850405003,12845851924
1763850406003,12860473614
1763850407004,12875152939
1763850408003,12890076360
1763850409004,12904712432
1763850410003,12919380695
1763850411003,12934583218
1763850412003,12949796819
1763850413004,12964800688
1763850414004,12979061037
1763850415003,12995170622
1763850416004,13009816531
1763850417003,13024408065
1763850418003,13040892774
1763850419003,13055664634
1763850420003,13070236966
1763850421003,13084656466
1763850422004,13100120283
1763850423003,13115797704
1763850424004,13131845552
1763850425003,13147007699
1763850426003,13161630858
1763850427003,13176453513
1763850428004,13191057470
1763850429004,13206394863
1763850430003,13222002776
1763850431004,13237698633
1763850432003,13253758048
1763850433003,13269103398
1763850434003,13284981845
1763850435003,13300416668
1763850436003,13316967673
1763850437004,13333681454
1763850438003,13348733120
1763850439003,13362315832
1763850440003,13376685348
1763850441003,13391082280
1763850442003,13406067284
1763850443004,13420609276
1763850444003,13435093970
1763850445003,13449365351
1763850446004,13463292573
1763850447003,13478062520
1763850448004,13492747261
1763850449003,13508431077
1763850450004,13524503880
1763850451003,13540817230
1763850452003,13556934540
1763850453003,13572979023
1763850454004,13588217028
1763850455004,13604747301
1763850456003,13620728013
1763850457003,13635854970
1763850458003,13651539245
1763850459004,13667421486
1763850460003,13683134969
1763850461003,13699242197
1763850462003,13714364778
1763850463003,13729628287
1763850464003,13744857724
1763850465003,13760325351
1763850466003,13775684470
1763850467003,13792652981
1763850468003,13808758281
1763850469003,13824103248
1763850470003,13839424545
1763850471003,13854823659
1763850472003,13870464313
1763850473003,13886583919
1763850474004,13901846265
1763850475003,13917090650
1763850476003,13932170835
1763850477004,13949004706
1763850478003,13964356833
1763850479003,13979616012
1763850480003,13995074123
1763850481004,14010741720
1763850482003,14025138714
1763850483003,14039440619
1763850484003,14053181702
1763850485003,14067172083
1763850486003,14081760756
1763850487003,14096812743
1763850488003,14112311168
1763850489004,14126996873
1763850490003,14142478392
1763850491003,14158466311
1763850492003,14173324187
1763850493003,14188760204
1763850494003,14203428696
1763850495003,14218456770
1763850496003,14233631876
1763850497003,14248796746
1763850498003,14264038989
1763850499004,14280076005
1763850500004,14295606867
1763850501003,14311429851
1763850502004,14327853636
1763850503003,14343146935
1763850504004,14359410819
1763850505004,14375360228
1763850506004,14390809357
1763850507003,14406557586
1763850508003,14421824614
1763850509004,14436915463
1763850510003,14453756862
1763850511003,14469393079
1763850512003,14484804815
1763850513003,14501380514
1763850514003,14517886016
1763850515003,14534651160
1763850516003,14550444003
1763850517003,14566705960
1763850518003,14582731455
1763850519003,14598444754
1763850520003,14613744265
1763850521003,14630307188
1763850522003,14646966073
1763850523003,14663146419
1763850524004,14678813206
1763850525003,14694328202
1763850526003,14709892402
1763850527004,14725442741
1763850528003,14741382908
1763850529003,14756788448
1763850530003,14772222292
1763850531003,14787802772
1763850532003,14803396073
1763850533003,14819155639
1763850534003,14834631635
1763850535003,14849935245
1763850536003,14865550135
1763850537003,14881314520
1763850538003,14896797615
1763850539003,14912762370
1763850540003,14929022185
1763850541003,14944489169
1763850542003,14960512186
1763850543003,14976232171
1763850544003,14992086704
1763850545004,15008315215
1763850546003,15024275441
1763850547003,15040740138
1763850548003,15056398923
1763850549003,15071387384
1763850550003,15088505881
1763850551003,15104856318
1763850552003,15120161321
1763850553003,15135414365
1763850554004,15151046513
1763850555003,15167018504
1763850556004,15181839783
1763850557004,15196680308
1763850558003,15212095517
1763850559003,15227320884
1763850560003,15242803811
1763850561004,15258602988
1763850562003,15274269852
1763850563003,15289368856
1763850564004,15304675221
1763850565003,15319862658
1763850566004,15335110990
1763850567003,15350324913
1763850568003,15365539630
1763850569003,15380437944
1763850570003,15395629635
1763850571003,15410852661
1763850572003,15426159867
1763850573003,15441332541
1763850574003,15456202810
1763850575003,15471458730
1763850576003,15486693858
1763850577004,15501959250
1763850578003,15516948537
1763850579003,15531958143
1763850580003,15547134106
1763850581003,15562773063
1763850582003,15578496245
1763850583003,15594688801
1763850584003,15611404005
1763850585004,15627214138
1763850586003,15643811394
1763850587004,15659786079
1763850588003,15674698836
1763850589003,15690169492
1763850590004,15705844525
1763850591004,15721848846
1763850592004,15737725166
1763850593004,15754151093
1763850594003,15770660910
1763850595004,15786687507
1763850596003,15801332958
1763850597003,15815981178
1763850598004,15831099077
1763850599003,15846121810
1763850600003,15861276675
1763850601003,15876195154
1763850602003,15891356903
1763850603003,15906185342
1763850604003,15921260600
1763850605004,15936476496
1763850606003,15951503651
1763850607003,15966534279
1763850608004,15981456660
1763850609003,15996575217
1763850610003,16011615591
1763850611004,16027062211
1763850612003,16043278345
1763850613003,16058422101
1763850614003,16073629016
1763850615003,16088811160
1763850616003,16104502779
1763850617003,16119669883
1763850618003,16135614166
1763850619003,16151040605
1763850620003,16166249264
1763850621004,16181389287
1763850622003,16196366763
1763850623003,16213146013
1763850624004,16228806787
1763850625003,16244428011
1763850626004,16259731683
1763850627003,16275545824
1763850628003,16291524609
1763850629003,16306899441
1763850630004,16322468323
1763850631003,16336943500
1763850632003,16351383166
1763850633003,16365931370
1763850634003,16380692136
1763850635003,16395346507
1763850636003,16410510628
1763850637003,16425867330
1763850638003,16441442148
1763850639004,16455805574
1763850640003,16470227216
1763850641003,16484493120
1763850642004,16498945071
1763850643003,16513432320
1763850644004,16527966387
1763850645004,16543332911
1763850646003,16558648747
1763850647003,16574371562
1763850648003,16590075849
1763850649004,16605305408
1763850650003,16621085599
1763850651003,16636127090
1763850652004,16650617490
1763850653004,16665212711
1763850654003,16679851491
1763850655003,16694515210
1763850656003,16709816801
1763850657003,16725039337
1763850658003,16740509841
1763850659003,16756787908
1763850660003,16771970175
1763850661003,16788190393
1763850662003,16803853845
1763850663003,16819010086
1763850664003,16834636206
1763850665003,16850090889
1763850666003,16865444469
1763850667003,16883222610
1763850668003,16899010038
1763850669003,16915019269
1763850670004,16930492970
1763850671003,16946755906
1763850672003,16962362717
1763850673003,16977815365
1763850674003,16993803636
1763850675004,17009897354
1763850676003,17026352182
1763850677003,17041930413
1763850678003,17057384285
1763850679003,17073137563
1763850680004,17088864326
1763850681003,17104336634
1763850682003,17120185537
1763850683003,17136336814
1763850684003,17152397040
1763850685004,17168153286
1763850686003,17183476389
1763850687003,17198900243
1763850688003,17214580371
1763850689003,17230223749
1763850690004,17245839097
1763850691004,17261138378
1763850692004,17276675605
1763850693003,17292467561
1763850694003,17308088601
1763850695003,17323377891
1763850696003,17340367286
1763850697003,17355800366
1763850698003,17371321757
1763850699003,17386790011
1763850700003,17403058332
1763850701003,17418016087
1763850702004,17434632835
1763850703003,17450486129
1763850704003,17465849502
1763850705003,17481572807
1763850706003,17498316683
1763850707003,17514662025
1763850708003,17530759890
1763850709003,17546118183
1763850710003,17560671435
1763850711003,17575733000
1763850712003,17590856974
1763850713004,17606843469
1763850714003,17623134252
1763850715003,17638932527
1763850716003,17653377104
1763850717003,17667456714
1763850718003,17682469870
1763850719003,17697129687
1763850720003,17711958340
1763850721003,17726357017
1763850722003,17740954686
1763850723004,17755371126
1763850724003,17769983391
1763850725003,17784938162
1763850726004,17799557144
1763850727003,17814324582
1763850728003,17828781077
1763850729003,17843487254
1763850730003,17858107750
1763850731003,17872779930
1763850732003,17887043799
1763850733004,17901699684
1763850734003,17917372683
1763850735003,17933163155
1763850736003,17949359934
1763850737003,17965254874
1763850738004,17981288540
1763850739003,17997752166
1763850740003,18014184274
1763850741003,18029021587
1763850742003,18043305835
1763850743003,18058102542
1763850744003,18073064855
1763850745003,18087776264
1763850746004,18103807635
1763850747003,18119241846
1763850748004,18136285939
1763850749003,18152067369
1763850750003,18167313850
1763850751003,18181535980
1763850752003,18196428709
1763850753003,18211660165
1763850754003,18226923751
1763850755003,18242016237
1763850756003,18257298199
1763850757003,18272331336
1763850758003,18287172612
1763850759003,18302700429
1763850760003,18317669291
1763850761003,18332957571
1763850762003,18347601583
1763850763003,18362913211
1763850764003,18378092831
1763850765003,18393219283
1763850766003,18408197402
1763850767003,18423063295
1763850768004,18438777267
1763850769004,18455626667
1763850770004,18471299085
1763850771003,18485902399
1763850772003,18500975102
1763850773003,18516932604
1763850774004,18533799814
1763850775003,18550417159
1763850776003,18565267110
1763850777003,18580517645
1763850778003,18596324182
1763850779003,18612206301
1763850780003,18628454350
1763850781004,18644717088
1763850782003,18662688406
1763850783003,18677753414
1763850784003,18691723997
1763850785003,18705550851
1763850786003,18720401169
1763850787003,18735221331
1763850788003,18749604968
1763850789003,18763246402
1763850790003,18776852447
1763850791003,18790481549
1763850792003,18805129922
1763850793003,18819452619
1763850794003,18833207136
1763850795003,18847085307
1763850796003,18860849355
1763850797003,18874594447
1763850798003,18888455742
1763850799003,18902071503
1763850800003,18915886714
1763850801004,18930317888
1763850802003,18945016308
1763850803003,18960102398
1763850804003,18975633092
1763850805003,18989947665
1763850806003,19005730808
1763850807003,19021303209
1763850808003,19035975144
1763850809003,19051308789
1763850810003,19067535127
1763850811003,19083173854
1763850812003,19099970163
1763850813004,19115374739
1763850814003,19129577515
1763850815003,19144549758
1763850816003,19159132892
1763850817003,19174012050
1763850818003,19188342091
1763850819003,19203168602
1763850820003,19218211272
1763850821003,19234871289
1763850822004,19251403015
1763850823004,19266554039
1763850824003,19281663095
1763850825004,19296533241
1763850826003,19313033940
1763850827003,19329298849
1763850828004,19344590404
1763850829004,19360073927
1763850830004,19375063766
1763850831003,19389957459
1763850832003,19405546736
1763850833003,19421329359
1763850834003,19437171224
1763850835004,19452098853
1763850836003,19467096861
1763850837003,19482333198
1763850838003,19497677185
1763850839004,19512677336
1763850840004,19527715446
1763850841004,19542715275
1763850842003,19557961970
1763850843003,19573200923
1763850844004,19588161033
1763850845004,19604382476
1763850846004,19619678070
1763850847003,19634903681
1763850848003,19649461952
1763850849003,19664038155
1763850850003,19678547910
1763850851004,19693640503
1763850852003,19709331571
1763850853003,19724610901
1763850854003,19740054690
1763850855003,19756226071
1763850856003,19774459617
1763850857003,19790396066
1763850858003,19806055662
1763850859003,19822570069
1763850860003,19838314825
1763850861003,19853449906
1763850862003,19867998278
1763850863003,19882182648
1763850864003,19896391513
1763850865003,19910481283
1763850866003,19924508048
1763850867003,19939476466
1763850868003,19954508380
1763850869003,19969104396
1763850870003,19983142146
1763850871003,19997130875
1763850872003,20011016788
1763850873003,20024996643
1763850874003,20038873605
1763850875003,20053058633
1763850876003,20066787476
1763850877004,20081929320
1763850878003,20097237383
1763850879003,20112916149
1763850880003,20129072674
1763850881004,20144226039
1763850882003,20159764061
1763850883003,20175630390
1763850884004,20190338051
1763850885004,20205073389
1763850886004,20221231750
1763850887004,20237128190
1763850888004,20253390850
1763850889004,20270015739
1763850890004,20286883392
1763850891004,20303170808
1763850892004,20319087123
1763850893004,20334129027
1763850894003,20349579793
1763850895003,20364775279
1763850896004,20380166451
1763850897003,20395404119
1763850898003,20410587625
1763850899003,20426353143
1763850900004,20441905210
1763850901003,20458558526
1763850902003,20474137124
1763850903003,20489928835
1763850904004,20505651696
1763850905003,20520889670
1763850906003,20536552540
1763850907003,20552133402
1763850908004,20567974961
1763850909004,20583613581
1763850910003,20599179908
1763850911003,20614418004
1763850912003,20631530090
1763850913003,20647504040
1763850914003,20662917627
1763850915003,20678124573
1763850916004,20693206471
1763850917003,20708621940
1763850918003,20723645025
1763850919003,20741415455
1763850920003,20756694693
1763850921004,20771669232
1763850922003,20786492927
1763850923003,20801339466
1763850924003,20816460073
1763850925004,20831390685
1763850926003,20847003632
1763850927004,20861615943
1763850928004,20876339836
1763850929003,20891054061
1763850930003,20907330032
1763850931004,20922525855
1763850932003,20938081961
1763850933003,20954140321
1763850934003,20968947018
1763850935003,20985906701
1763850936004,21000984561
1763850937004,21014961906
1763850938004,21028912339
1763850939003,21042862298
1763850940003,21057263897
1763850941003,21072232116
1763850942003,21087144598
1763850943003,21101273291
1763850944003,21114953419
1763850945003,21128817346
1763850946003,21142919448
1763850947003,21156665671
1763850948003,21170726800
1763850949003,21184509927
1763850950003,21198302495
1763850951003,21212125739
1763850952003,21226727707
1763850953003,21241210840
1763850954004,21256283329
1763850955003,21271864757
1763850956004,21287577276
1763850957004,21303007157
1763850958004,21319018653
1763850959004,21334769529
1763850960003,21349478735
1763850961003,21364746712
1763850962004,21380153781
1763850963003,21395826198
1763850964003,21411745558
1763850965003,21427786965
1763850966003,21443027831
1763850967003,21458917845
1763850968003,21474179671
1763850969003,21488775687
1763850970003,21503341196
1763850971003,21517822340
1763850972004,21532351847
1763850973003,21547130285
1763850974003,21561262268
1763850975003,21575961789
1763850976003,21591878195
1763850977003,21606903254
1763850978003,21622168875
1763850979003,21637359174
1763850980003,21651997816
1763850981003,21666862562
1763850982003,21682008292
1763850983003,21697067608
1763850984005,21713299011
1763850985003,21729672627
1763850986004,21744765710
1763850987004,21759650820
1763850988004,21775320850
1763850989004,21791300400
1763850990004,21808061397
1763850991003,21823450840
1763850992004,21838612085
1763850993004,21853920393
1763850994004,21869223131
1763850995003,21884451114
1763850996003,21900458311
1763850997003,21916529798
1763850998003,21932235921
1763850999003,21947185597
1763851000004,21962099272
1763851001003,21977489221
1763851002004,21992988213
1763851003004,22008161314
1763851004004,22023260028
1763851005004,22038299576
1763851006004,22053886053
1763851007004,22069628758
1763851008003,22085300992
1763851009004,22100334588
1763851010003,22117025726
1763851011003,22131985194
1763851012003,22146776805
1763851013003,22161921112
1763851014003,22177053792
1763851015003,22192880555
1763851016003,22208131213
1763851017004,22224453926
1763851018004,22240371648
1763851019004,22256689404
1763851020004,22273611648
1763851021004,22289173339
1763851022004,22305438585
1763851023003,22321249728
1763851024004,22336334426
1763851025003,22351306593
1763851026004,22366740942
1763851027004,22381961291
1763851028004,22398069620
1763851029004,22413784878
1763851030003,22429339791
1763851031004,22445080094
1763851032004,22460660635
1763851033003,22475801729
1763851034003,22492303957
1763851035004,22508354178
1763851036004,22524800392
1763851037004,22541110590
1763851038003,22557433441
1763851039004,22573777023
1763851040003,22590598792
1763851041003,22606517417
1763851042004,22622041990
1763851043003,22637877965
1763851044003,22653129663
1763851045004,22668946328
1763851046004,22684267595
1763851047004,22699964018
1763851048003,22715656601
1763851049004,22731645361
1763851050004,22747781598
1763851051004,22763455897
1763851052004,22779431882
1763851053004,22795255050
1763851054004,22812143664
1763851055004,22828045061
1763851056003,22843922850
1763851057004,22859831377
1763851058004,22875978661
1763851059004,22892439655
1763851060004,22908505053
1763851061004,22925535131
1763851062004,22941787005
1763851063004,22958909557
1763851064003,22974443065
1763851065003,22989560215
1763851066003,23004676584
1763851067003,23019745050
1763851068003,23034668027
1763851069003,23049852282
1763851070003,23064956703
1763851071003,23080063846
1763851072003,23095429590
1763851073004,23110723195
1763851074004,23126085297
1763851075003,23141354774
1763851076004,23156459837
1763851077003,23171368738
1763851078003,23186344531
1763851079003,23201465445
1763851080003,23216575143
1763851081003,23231613467
1763851082003,23246622385
1763851083003,23263023740
1763851084004,23278548956
1763851085003,23293762236
1763851086003,23308658346
1763851087003,23323368669
1763851088003,23338850310
1763851089003,23354497666
1763851090003,23370096154
1763851091004,23384780987
1763851092004,23399460618
1763851093004,23414294289
1763851094004,23428746684
1763851095004,23443884979
1763851096004,23459104134
1763851097003,23474525371
1763851098004,23488979893
1763851099004,23503158296
1763851100004,23518261170
1763851101004,23533332145
1763851102004,23548581838
1763851103003,23564616774
1763851104003,23579518010
1763851105004,23593945864
1763851106004,23610183616
1763851107003,23625143161
1763851108004,23640353992
1763851109003,23655489839
1763851110004,23670268950
1763851111003,23685103249
1763851112003,23700334016
1763851113003,23715384489
1763851114004,23730529821
1763851115003,23745302292
1763851116004,23760884669
1763851117004,23776746057
1763851118004,23792724872
1763851119003,23808538309
1763851120003,23824095946
1763851121003,23839947557
1763851122003,23856256148
1763851123003,23871732924
1763851124003,23886757494
1763851125003,23902095346
1763851126003,23917308075
1763851127003,23932602153
1763851128003,23947681313
1763851129003,23963824603
1763851130003,23979117244
1763851131003,23994420304
1763851132003,24009157891
1763851133003,24025122416
1763851134003,24041608120
1763851135007,24058992975
1763851136004,24075165090
1763851137003,24089972124
1763851138004,24105063218
1763851139003,24120026312
1763851140003,24135581470
1763851141003,24150426142
1763851142003,24165483591
1763851143003,24181121828
1763851144003,24196057413
1763851145003,24210951948
1763851146003,24226375832
1763851147003,24241382898
1763851148003,24256190467
1763851149003,24271168907
1763851150003,24285985657
1763851151004,24300838254
1763851152003,24315635986
1763851153003,24330234374
1763851154003,24344679609
1763851155003,24359478901
1763851156004,24373854934
1763851157003,24388492627
1763851158003,24402729461
1763851159003,24417427574
1763851160003,24432134363
1763851161003,24446287291
1763851162003,24461346484
1763851163003,24476539981
1763851164003,24492151015
1763851165004,24508434958
1763851166003,24524383693
1763851167003,24540604784
1763851168003,24557911884
1763851169003,24575258366
1763851170003,24591598490
1763851171004,24608400476
1763851172003,24624681114
1763851173004,24640941006
1763851174004,24657063931
1763851175003,24673675983
1763851176004,24689679997
1763851177003,24707163644
1763851178003,24724524997
1763851179003,24741024487
1763851180004,24756631435
1763851181004,24772673837
1763851182003,24788136537
1763851183003,24803815075
1763851184004,24820022227
1763851185004,24836158938
1763851186004,24851625708
1763851187004,24866768118
1763851188004,24882238881
1763851189004,24898080165
1763851190004,24913768861
1763851191004,24929116796
1763851192004,24944432632
1763851193004,24960357729
1763851194003,24975877850
1763851195003,24991672590
1763851196004,25006576626
1763851197004,25022065750
1763851198003,25037792742
1763851199004,25053398972
1763851200003,25068739547
1763851201003,25084134698
1763851202004,25101204219
1763851203003,25116880309
1763851204003,25131883779
1763851205003,25146938490
1763851206004,25162098495
1763851207004,25177429676
1763851208003,25193829578
1763851209003,25209644576
1763851210003,25224735716
1763851211003,25241220502
1763851212003,25256920612
1763851213004,25272306506
1763851214003,25286986244
1763851215003,25300970475
1763851216003,25314980256
1763851217003,25328806209
1763851218003,25343122235
1763851219003,25357918651
1763851220003,25373133690
1763851221003,25389109690
1763851222004,25404427637
1763851223003,25418911963
1763851224004,25432734641
1763851225004,25446624578
1763851226004,25461505648
1763851227004,25476038965
1763851228004,25490742923
1763851229004,25505175888
1763851230004,25519735123
1763851231004,25534024145
1763851232004,25549018374
1763851233003,25563523769
1763851234004,25578267935
1763851235004,25592359862
1763851236004,25606899315
1763851237004,25621770578
1763851238004,25636742622
1763851239004,25652066904
1763851240004,25667348865
1763851241004,25683585102
1763851242004,25699320877
1763851243003,25715455263
1763851244003,25730166610
1763851245004,25744779717
1763851246004,25761097488
1763851247004,25775974948
1763851248004,25791563843
1763851249004,25806940710
1763851250003,25823620449
1763851251004,25839144471
1763851252003,25854045187
1763851253003,25869218580
1763851254004,25885169793
1763851255003,25902338658
1763851256003,25918036886
1763851257004,25933694004
1763851258004,25947815093
1763851259003,25962697234
1763851260003,25977284790
1763851261004,25991926599
1763851262004,26006443117
1763851263004,26021620273
1763851264004,26037018132
1763851265004,26051594488
1763851266003,26066037152
1763851267003,26080060704
1763851268003,26094507882
1763851269004,26109154036
1763851270003,26123324131
1763851271004,26137859958
1763851272003,26152108970
1763851273004,26166863907
1763851274003,26181764868
1763851275003,26196773235
1763851276003,26211012134
1763851277003,26225807693
1763851278003,26241077996
1763851279003,26256250547
1763851280003,26271859683
1763851281004,26286002529
1763851282003,26302050898
1763851283003,26316942831
1763851284003,26333800280
1763851285003,26349099300
1763851286004,26365096139
1763851287003,26381240883
1763851288003,26396926274
1763851289003,26412937357
1763851290003,26429027174
1763851291003,26444332467
1763851292004,26458659433
1763851293004,26473439325
1763851294003,26487922932
1763851295003,26502500880
1763851296004,26517487566
1763851297003,26532645429
1763851298003,26547222244
1763851299003,26561573231
1763851300004,26575400667
1763851301003,26589864553
1763851302003,26604334298
1763851303003,26618864846
1763851304003,26633319490
1763851305003,26647695187
1763851306004,26662703814
1763851307004,26677858678
1763851308003,26693355007
1763851309004,26709295419
1763851310003,26725189228
1763851311003,26740743330
1763851312003,26756620492
1763851313003,26771775922
1763851314004,26786379711
1763851315004,26800884601
1763851316004,26816123676
1763851317004,26831464191
1763851318003,26847183640
1763851319003,26863553187
1763851320004,26878982854
1763851321003,26895385632
1763851322003,26912328898
1763851323003,26927679051
1763851324004,26942875287
1763851325004,26957829384
1763851326004,26973429662
1763851327004,26989342626
1763851328003,27004743820
1763851329003,27020379395
1763851330003,27036542376
1763851331003,27052856078
1763851332004,27068919823
1763851333003,27084501114
1763851334003,27099840052
1763851335003,27115240114
1763851336004,27130551498
1763851337003,27146656063
1763851338003,27162791520
1763851339003,27178737945
1763851340003,27193898623
1763851341004,27209191218
1763851342003,27224412499
1763851343003,27239815116
1763851344003,27255039978
1763851345003,27270285954
1763851346003,27285530568
1763851347003,27301303307
1763851348003,27316445671
1763851349003,27331378028
1763851350003,27346672229
1763851351003,27361922366
1763851352003,27377178363
1763851353003,27392690483
1763851354003,27408639340
1763851355003,27424900272
1763851356003,27440655784
1763851357004,27456432042
1763851358003,27472506651
1763851359003,27487969198
1763851360003,27504398736
1763851361003,27521225982
1763851362004,27538096527
1763851363003,27554770314
1763851364003,27570731595
1763851365003,27585717027
1763851366003,27601358462
1763851367003,27617477761
1763851368004,27633817718
1763851369004,27649806508
1763851370003,27665241194
1763851371003,27681105994
1763851372003,27696510034
1763851373004,27712365439
1763851374003,27727657514
1763851375003,27743239845
1763851376004,27759095908
1763851377004,27774836242
1763851378003,27790329618
1763851379003,27805496830
1763851380004,27821320717
1763851381003,27837781788
1763851382003,27854283817
1763851383004,27870663171
1763851384003,27887461990
1763851385003,27904228449
1763851386004,27921374409
1763851387004,27937902938
1763851388003,27953508357
1763851389004,27970726502
1763851390003,27987191735
1763851391003,28003198549
1763851392003,28018578461
1763851393003,28034202821
1763851394003,28050125485
1763851395003,28065821724
1763851396003,28081484962
1763851397003,28096884855
1763851398003,28112586542
1763851399003,28128517544
1763851400003,28144486307
1763851401003,28159769829
1763851402003,28175878511
1763851403003,28192323807
1763851404003,28207599741
1763851405003,28222638814
1763851406004,28237871035
1763851407003,28252917927
1763851408003,28268765958
1763851409003,28284212257
1763851410003,28299419325
1763851411003,28313990693
1763851412004,28328250063
1763851413003,28343319263
1763851414003,28358115678
1763851415003,28373632173
1763851416003,28389142472
1763851417004,28404870811
1763851418003,28420161187
1763851419004,28435079682
1763851420003,28450722478
1763851421003,28466112809
1763851422003,28482500624
1763851423003,28498126070
1763851424003,28513448240
1763851425004,28529337581
1763851426003,28545397685
1763851427003,28561099876
1763851428003,28576655064
1763851429004,28592508542
1763851430004,28608150359
1763851431004,28623814438
1763851432003,28639440374
1763851433003,28655399070
1763851434004,28671610552
1763851435003,28687260096
1763851436003,28702832145
1763851437004,28718528094
1763851438003,28733979701
1763851439003,28749564541
1763851440003,28765031174
1763851441003,28780407567
1763851442003,28796210202
1763851443003,28811625411
1763851444004,28828216548
1763851445003,28844050854
1763851446003,28859338905
1763851447003,28875740153
1763851448003,28891109768
1763851449003,28906145292
1763851450004,28920962562
1763851451003,28936694282
1763851452004,28952977368
1763851453003,28968055013
1763851454004,28982083905
1763851455004,28998266317
1763851456004,29012949207
1763851457003,29026847007
1763851458003,29040553099
1763851459003,29054135506
1763851460003,29067684084
1763851461003,29081184544
1763851462004,29095034747
1763851463003,29111061390
1763851464003,29124934910
1763851465003,29138531392
1763851466003,29152545213
1763851467003,29167064730
1763851468003,29181598842
1763851469004,29196853875
1763851470003,29210779247
1763851471004,29224920593
1763851472003,29238971287
1763851473003,29253092575
1763851474003,29267542981
1763851475004,29282446206
1763851476003,29299268939
1763851477003,29313447587
1763851478003,29327414085
1763851479003,29341883784
1763851480004,29356387434
1763851481003,29371627152
1763851482004,29385770824
1763851483003,29399754780
1763851484003,29413616870
1763851485003,29427614412
1763851486004,29441793870
1763851487004,29456665608
1763851488003,29471776668
1763851489003,29487147431
1763851490003,29500777620
1763851491003,29514751722
1763851492003,29528408303
1763851493003,29542094459
1763851494003,29555710893
1763851495004,29570673619
1763851496003,29585553313
1763851497003,29600406094
1763851498003,29615866132
1763851499003,29631873818
1763851500003,29647091504
1763851501003,29662187310
1763851502003,29676501776
1763851503003,29690422833
1763851504003,29704133821
1763851505003,29717769288
1763851506003,29732331140
1763851507004,29747101194
1763851508003,29762272903
1763851509003,29777798991
1763851510004,29793616560
1763851511004,29808132588
1763851512004,29823927604
1763851513003,29839865170
1763851514003,29855082780
1763851515003,29869912962
1763851516003,29885450143
1763851517003,29900936589
1763851518003,29916760614
1763851519003,29932331898
1763851520003,29947959211
1763851521003,29964286728
1763851522003,29980013583
1763851523004,29996257257
1763851524003,30012673131
1763851525003,30027851910
1763851526003,30043467319
1763851527003,30059285790
1763851528003,30076609215
1763851529004,30093203412
1763851530003,30109189372
1763851531003,30124774380
1763851532003,30139860945
1763851533003,30155620557
1763851534003,30171247931
1763851535003,30187846764
1763851536004,30203519303
1763851537004,30218873787
1763851538003,30234091779
1763851539003,30249245511
1763851540003,30264832539
1763851541003,30280320683
1763851542003,30296086231
1763851543004,30312196427
1763851544004,30326273957
1763851545004,30339989841
1763851546004,30353687472
1763851547003,30367471028
1763851548003,30381217451
1763851549003,30394920360
1763851550003,30410153499
1763851551004,30425491780
1763851552003,30441010830
1763851553004,30456404649
1763851554003,30471776728
1763851555003,30487054145
1763851556003,30502477371
1763851557004,30517677554
1763851558003,30534083254
1763851559003,30550409548
1763851560003,30566812158
1763851561004,30583497083
1763851562004,30600728035
1763851563003,30616870958
1763851564003,30633137153
1763851565004,30649455062
1763851566003,30665316449
1763851567004,30682114411
1763851568003,30698207272
1763851569003,30714067038
1763851570003,30729013501
1763851571003,30744341791
1763851572003,30760072853
1763851573003,30775951790
1763851574004,30791503107
1763851575003,30807084199
1763851576003,30823280550
1763851577003,30839247630
1763851578003,30855506634
1763851579003,30871018340
1763851580003,30886844323
1763851581004,30903108590
1763851582003,30919284729
1763851583003,30935451536
1763851584003,30951205410
1763851585003,30967396406
1763851586004,30984157800
1763851587003,31000703496
1763851588003,31017721548
1763851589003,31033425820
1763851590003,31050589865
1763851591004,31067136096
1763851592003,31083221185
1763851593004,31099304162
1763851594003,31115301720
1763851595004,31132337949
1763851596004,31148058194
1763851597003,31163595038
1763851598004,31179052245
1763851599003,31194781854
1763851600003,31209963799
1763851601003,31225358965
1763851602003,31241145245
1763851603004,31256858223
1763851604004,31272481404
1763851605004,31287798265
1763851606003,31303391275
1763851607004,31319163999
1763851608004,31334916910
1763851609003,31350152543
1763851610003,31365260513
1763851611003,31380640379
1763851612003,31395873625
1763851613004,31411174910
1763851614003,31426121082
1763851615004,31441319108
1763851616003,31457795632
1763851617003,31474872773
1763851618003,31491241753
1763851619003,31506507053
1763851620003,31523235430
1763851621003,31538762513
1763851622003,31553565156
1763851623004,31568894853
1763851624004,31584275576
1763851625003,31600115696
1763851626003,31614902014
1763851627003,31629406414
1763851628004,31644489812
1763851629003,31659122457
1763851630004,31673919744
1763851631004,31689187920
1763851632004,31704435824
1763851633003,31719230144
1763851634003,31734594771
1763851635004,31748886470
1763851636003,31763427590
1763851637003,31777872060
1763851638003,31792254902
1763851639004,31807411740
1763851640003,31822474544
1763851641003,31836838107
1763851642003,31851333281
1763851643003,31865732999
1763851644003,31879693392
1763851645003,31893374866
1763851646003,31907058865
1763851647003,31920802151
1763851648003,31934947445
1763851649003,31949176475
1763851650003,31963407036
1763851651004,31977983162
1763851652003,31993336238
1763851653003,32008872975
1763851654003,32024540817
1763851655003,32039884575
1763851656003,32055656290
1763851657003,32071363117
1763851658003,32086917403
1763851659003,32101955972
1763851660003,32116946483
1763851661003,32131949067
1763851662003,32148049716
1763851663003,32163220109
1763851664003,32178658421
1763851665003,32192886427
1763851666003,32207287276
1763851667004,32221649448
1763851668004,32237733542
1763851669003,32253688764
1763851670003,32269203148
1763851671003,32285300217
1763851672003,32301218536
1763851673003,32316975792
1763851674003,32332881978
1763851675003,32348758772
1763851676003,32365039089
1763851677003,32380809411
1763851678003,32396479105
1763851679004,32412307185
1763851680003,32427553589
1763851681003,32443007369
1763851682003,32458592653
1763851683003,32474315055
1763851684003,32488972975
1763851685003,32503336784
1763851686003,32517785752
1763851687003,32532268961
1763851688004,32546618219
1763851689003,32561340354
1763851690003,32575869677
1763851691003,32590389209
1763851692004,32606063891
1763851693004,32622099086
1763851694003,32636838938
1763851695003,32651503988
1763851696003,32665933418
1763851697003,32681058417
1763851698003,32697193873
1763851699004,32713511430
1763851700003,32729326520
1763851701003,32745251127
1763851702003,32761090575
1763851703003,32777617849
1763851704003,32794609187
1763851705004,32812439103
1763851706004,32828905407
1763851707004,32845376530
1763851708003,32861218472
1763851709003,32876340686
1763851710003,32892309143
1763851711003,32908383307
1763851712004,32924617189
1763851713003,32940919201
1763851714003,32956857242
1763851715003,32972728391
1763851716004,32988000009
1763851717003,33003944093
1763851718003,33019229635
1763851719003,33035077971
1763851720004,33050711052
1763851721004,33066543661
1763851722003,33081754033
1763851723003,33096974014
1763851724003,33113006655
1763851725004,33128825876
1763851726003,33144995313
1763851727003,33160712376
1763851728003,33177064787
1763851729004,33193357405
1763851730004,33210143586
1763851731003,33226637659
1763851732003,33242370924
1763851733003,33258635207
1763851734003,33274665445
1763851735003,33290908093
1763851736003,33306154513
1763851737003,33322538349
1763851738003,33339628939
1763851739003,33355829543
1763851740004,33371556444
1763851741004,33387054074
1763851742003,33403014513
1763851743003,33418933460
1763851744003,33434796668
1763851745003,33450184306
1763851746003,33466855018
1763851747003,33483161880
1763851748003,33498621827
1763851749003,33513855975
1763851750004,33529056877
1763851751003,33544422055
1763851752003,33559460793
1763851753003,33574443440
1763851754003,33589352403
1763851755003,33604271050
1763851756004,33619483106
1763851757003,33634691229
1763851758003,33649897042
1763851759003,33665158762
1763851760004,33680333715
1763851761003,33695612784
1763851762003,33710731296
1763851763003,33725833956
1763851764003,33740915136
1763851765003,33756062105
1763851766004,33771061797
1763851767003,33786454928
1763851768003,33801843576
1763851769003,33817441773
1763851770003,33833071412
1763851771003,33848308192
1763851772003,33863124437
1763851773004,33878510851
1763851774003,33893809612
1763851775003,33909137427
1763851776004,33924774012
1763851777004,33940400499
1763851778004,33955968264
1763851779003,33971744859
1763851780003,33987822803
1763851781004,34003843632
1763851782003,34019260707
1763851783003,34034754956
1763851784004,34050422003
1763851785004,34066201275
1763851786003,34081603326
1763851787004,34096759246
1763851788003,34112448463
1763851789003,34128145467
1763851790003,34144667570
1763851791003,34160000175
1763851792003,34175480684
1763851793003,34191211991
1763851794003,34206649614
1763851795003,34222005153
1763851796004,34237359147
1763851797004,34252839396
1763851798003,34268601273
1763851799003,34284077911
1763851800004,34299448092
1763851801003,34315753624
1763851802003,34332198691
1763851803003,34347783577
1763851804003,34362584430
1763851805003,34377755221
1763851806004,34392891236
1763851807003,34408076608
1763851808003,34422901069
1763851809003,34440681551
1763851810003,34456072999
1763851811003,34470977555
1763851812003,34485639851
1763851813004,34500709219
1763851814003,34516180717
1763851815003,34531273111
1763851816003,34545689842
1763851817003,34560227183
1763851818004,34575878670
1763851819003,34591173055
1763851820003,34606446111
1763851821003,34621863952
1763851822003,34636822517
1763851823003,34651327086
1763851824003,34665680398
1763851825003,34680392205
1763851826003,34695629291
1763851827003,34710973722
1763851828003,34726148783
1763851829003,34740761170
1763851830003,34755402689
1763851831003,34770162033
1763851832003,34784548439
1763851833003,34799771097
1763851834004,34815023591
1763851835003,34830029510
1763851836004,34844480268
1763851837004,34858765342
1763851838003,34873079992
1763851839003,34888244510
1763851840003,34903092854
1763851841003,34918568529
1763851842004,34933491491
1763851843004,34948801314
1763851844003,34964335602
1763851845004,34979606655
1763851846004,34993527819
1763851847004,35008114028
1763851848004,35023570975
1763851849004,35039046482
1763851850004,35054397966
1763851851003,35069158090
1763851852003,35084315097
1763851853004,35099766169
1763851854003,35115959444
1763851855003,35131830302
1763851856003,35147980508
1763851857003,35164271979
1763851858003,35179845390
1763851859003,35196142429
1763851860003,35212704511
1763851861003,35228716803
1763851862004,35244522116
1763851863003,35260102549
1763851864003,35276091325
1763851865003,35292279429
1763851866003,35308365619
1763851867003,35324027892
1763851868003,35339703691
1763851869003,35355915969
1763851870004,35371875537
1763851871003,35387539126
1763851872003,35402801610
1763851873003,35418658515
1763851874004,35435936575
1763851875003,35451976590
1763851876003,35467907058
1763851877003,35483329917
1763851878003,35499272991
1763851879004,35515599866
1763851880003,35532107020
1763851881003,35549739873
1763851882004,35566303086
1763851883003,35584135818
1763851884003,35600166469
1763851885003,35615726019
1763851886003,35631515772
1763851887003,35647435942
1763851888003,35662675338
1763851889003,35678005434
1763851890004,35692516030
1763851891003,35707021884
1763851892003,35722237871
1763851893003,35737537183
1763851894004,35753279445
1763851895003,35768286863
1763851896003,35783393746
1763851897003,35798227861
1763851898003,35812763733
1763851899003,35827505513
1763851900004,35842633464
1763851901004,35857687792
1763851902004,35872563814
1763851903004,35887451892
1763851904003,35902286542
1763851905004,35917232868
1763851906004,35932202127
1763851907003,35946785246
1763851908004,35962108793
1763851909003,35977330640
1763851910003,35992856315
1763851911003,36008896330
1763851912003,36024680178
1763851913003,36041411691
1763851914003,36057996937
1763851915003,36074237367
1763851916003,36090582816
1763851917003,36106178932
1763851918003,36122174623
1763851919003,36137990876
1763851920003,36152492889
1763851921003,36166507888
1763851922003,36182046492
1763851923003,36197981732
1763851924003,36214101690
1763851925004,36229823511
1763851926004,36245281713
1763851927004,36261510392
1763851928003,36276892798
1763851929003,36292624426
1763851930003,36308401710
1763851931003,36324222598
1763851932003,36339887519
1763851933003,36355489403
1763851934003,36370939236
1763851935004,36386437631
1763851936004,36402226038
1763851937004,36417768175
1763851938003,36433400675
1763851939004,36448925508
1763851940003,36464843215
1763851941003,36480805644
1763851942003,36496435527
1763851943003,36512009382
1763851944003,36527356858
1763851945004,36543036160
1763851946003,36558704309
1763851947003,36574210538
1763851948003,36589783398
1763851949003,36606046732
1763851950003,36622000715
1763851951003,36637617134
1763851952003,36653520627
1763851953003,36669319484
1763851954003,36685873426
1763851955003,36702835281
1763851956003,36718531383
1763851957003,36734818753
1763851958003,36752839491
1763851959003,36770385378
1763851960004,36786862392
1763851961004,36801807983
1763851962003,36816187106
1763851963003,36829848063
1763851964003,36843775041
1763851965003,36858254839
1763851966003,36873024051
1763851967003,36887970101
1763851968003,36901752035
1763851969003,36915548382
1763851970003,36929393612
1763851971003,36943310232
1763851972003,36957004848
1763851973003,36970959076
1763851974003,36984896519
1763851975003,36998719258
1763851976003,37012514855
1763851977003,37026255142
1763851978003,37040011877
1763851979003,37054916326
1763851980003,37070027968
1763851981003,37085609748
1763851982003,37100943286
1763851983003,37116001638
1763851984004,37131492444
1763851985003,37145995635
1763851986004,37160919500
1763851987003,37176038807
1763851988003,37191512370
1763851989003,37207405260
1763851990003,37222740711
1763851991003,37238808893
1763851992003,37254075677
1763851993003,37269297524
1763851994004,37284578032
1763851995004,37299324555
1763851996003,37314590971
1763851997003,37329969491
1763851998004,37345325274
1763851999003,37360799358
1763852000003,37375990407
1763852001003,37391115482
1763852002003,37407812341
1763852003003,37423554878
1763852004003,37438582171
1763852005003,37453676386
1763852006003,37468797284
1763852007003,37483786633
1763852008003,37498584992
1763852009003,37513789780
1763852010003,37528891125
1763852011003,37543962665
1763852012003,37558900820
1763852013003,37573793550
1763852014003,37588446727
1763852015003,37603257968
1763852016003,37617545613
1763852017003,37632738161
1763852018003,37648225173
1763852019004,37663457608
1763852020004,37678376501
1763852021003,37693455309
1763852022003,37708727004
1763852023003,37724194340
1763852024003,37739279941
1763852025003,37754432954
1763852026003,37769158592
1763852027003,37784340919
1763852028003,37799563394
1763852029003,37814795493
1763852030003,37830012246
1763852031004,37849454399
1763852032003,37866174453
1763852033003,37881011506
1763852034003,37895670910
1763852035003,37910741533
1763852036003,37926502002
1763852037003,37943114267
1763852038003,37959677833
1763852039003,37975163850
1763852040003,37989500578
1763852041003,38004335045
1763852042003,38019335547
1763852043003,38035215494
1763852044003,38051425201
1763852045003,38067504461
1763852046003,38082901968
1763852047003,38097372340
1763852048003,38111935707
1763852049003,38126109948
1763852050003,38141500080
1763852051003,38156816497
1763852052003,38171071981
1763852053003,38184903074
1763852054003,38198664843
1763852055003,38212435562
1763852056003,38226144194
1763852057003,38239907049
1763852058003,38253618495
1763852059003,38267472722
1763852060003,38281253937
1763852061003,38295090446
1763852062003,38308935661
1763852063003,38322773287
1763852064004,38338080309
1763852065004,38354130086
1763852066003,38370666938
1763852067003,38387919983
1763852068004,38404988831
1763852069004,38422121251
1763852070004,38439028057
1763852071004,38456060415
1763852072003,38471350546
1763852073003,38486352258
1763852074003,38501393963
1763852075003,38517286272
1763852076004,38533199282
1763852077004,38549094559
1763852078003,38564889820
1763852079003,38580241626
1763852080004,38595005131
1763852081003,38610559708
1763852082003,38625854995
1763852083004,38641166975
1763852084003,38656431724
1763852085003,38671673446
1763852086003,38686856937
1763852087003,38701988208
1763852088003,38717535120
1763852089003,38733131343
1763852090003,38748787344
1763852091003,38764054341
1763852092003,38779543388
1763852093004,38795258967
1763852094003,38812017011
1763852095004,38827607986
1763852096003,38843573934
1763852097003,38859035778
1763852098003,38874776846
1763852099004,38890955418
1763852100003,38907059127
1763852101003,38922908948
1763852102003,38938763787
1763852103004,38954493396
1763852104003,38970286866
1763852105003,38985639085
1763852106003,39000959817
1763852107003,39017098701
1763852108003,39033473755
1763852109003,39049527357
1763852110003,39064717151
1763852111003,39081594550
1763852112003,39097187928
1763852113003,39112238798
1763852114003,39127341198
1763852115003,39142323830
1763852116003,39157452225
1763852117004,39172505238
1763852118003,39187534718
1763852119003,39202684442
1763852120003,39216800864
1763852121004,39230814960
1763852122003,39246458904
1763852123003,39261214699
1763852124004,39275513069
1763852125003,39290088446
1763852126003,39305803779
1763852127003,39321139964
1763852128003,39337091713
1763852129003,39353126985
1763852130003,39368330045
1763852131003,39384503170
1763852132003,39399912060
1763852133003,39415335791
1763852134003,39430808451
1763852135003,39445932088
1763852136003,39461909006
1763852137003,39478458634
1763852138003,39494521461
1763852139003,39509831054
1763852140003,39525078132
1763852141003,39540376724
1763852142003,39555396091
1763852143003,39571250594
1763852144003,39586945150
1763852145003,39602740335
1763852146003,39617820351
1763852147003,39632974175
1763852148003,39648297278
1763852149004,39663448578
1763852150003,39678629880
1763852151004,39693725732
1763852152003,39708895958
1763852153003,39724162833
1763852154003,39740018024
1763852155003,39756027699
1763852156004,39771787281
1763852157003,39787840179
1763852158004,39804172944
1763852159004,39819540539
1763852160003,39835944098
1763852161003,39851639955
1763852162003,39867726283
1763852163003,39883746515
1763852164004,39900244949
1763852165003,39917712117
1763852166004,39933956448
1763852167004,39949683165
1763852168004,39964131904
1763852169003,39979176394
1763852170003,39994314046
1763852171004,40010229901
1763852172003,40026108517
1763852173004,40042055187
1763852174003,40057976045
1763852175003,40073358543
1763852176003,40088535944
1763852177003,40104523449
1763852178003,40120309836
1763852179004,40136003016
1763852180003,40151606170
1763852181003,40167511897
1763852182004,40183563540
1763852183003,40200578334
1763852184004,40216149266
1763852185003,40231895490
1763852186004,40248125685
1763852187003,40264031809
1763852188003,40280570895
1763852189004,40296237177
1763852190004,40312219374
1763852191004,40327856524
1763852192003,40343376584
1763852193004,40358902473
1763852194004,40374692517
1763852195004,40390661999
1763852196004,40406302149
1763852197004,40421785519
1763852198004,40436963793
1763852199004,40452385305
1763852200003,40468151772
1763852201003,40483770792
1763852202004,40499681522
1763852203003,40515545250
1763852204003,40532249087
1763852205003,40547756142
1763852206003,40563305088
1763852207004,40579651485
1763852208003,40594678656
1763852209003,40609824371
1763852210003,40624710750
1763852211003,40639633728
1763852212003,40654322462
1763852213004,40669841268
1763852214003,40685092812
1763852215004,40700502253
1763852216003,40716740312
1763852217003,40732104816
1763852218003,40748247770
1763852219004,40763271207
1763852220003,40778496176
1763852221004,40793765714
1763852222003,40809341450
1763852223003,40824362883
1763852224003,40839369031
1763852225004,40854735036
1763852226003,40869416885
1763852227003,40884112244
1763852228003,40898504908
1763852229004,40913495757
1763852230004,40928184154
1763852231004,40942990576
1763852232003,40957380716
1763852233003,40973577128
1763852234003,40988643466
1763852235003,41003269088
1763852236003,41017351086
1763852237004,41031162962
1763852238003,41045573144
1763852239003,41061430370
1763852240004,41075399729
1763852241004,41090044767
1763852242003,41104412492
1763852243003,41118907681
1763852244004,41133597609
1763852245004,41148060485
1763852246004,41163039736
1763852247004,41178860716
1763852248003,41193201421
1763852249003,41207560441
1763852250003,41222643120
1763852251003,41236442649
1763852252004,41251213513
1763852253004,41266390134
1763852254004,41281986786
1763852255003,41296994311
1763852256003,41310886237
1763852257004,41325632193
1763852258003,41340205351
1763852259003,41355037080
1763852260003,41369502832
1763852261003,41384096171
1763852262003,41398378109
1763852263004,41412849338
1763852264003,41427490658
1763852265003,41441755919
1763852266003,41456288410
1763852267004,41470480124
1763852268004,41485272913
1763852269004,41499630387
1763852270003,41514243433
1763852271003,41528451273
1763852272003,41543490224
1763852273003,41558977466
1763852274003,41574595293
1763852275003,41591743624
1763852276003,41607243993
1763852277003,41623774159
1763852278003,41640822352
1763852279003,41656130568
1763852280003,41671694478
1763852281003,41686878504
1763852282003,41702126698
1763852283003,41717686431
1763852284003,41733404641
1763852285003,41748618548
1763852286003,41764609175
1763852287003,41781072816
1763852288004,41797150470
1763852289004,41812540235
1763852290004,41827902552
1763852291004,41842479504
1763852292003,41857192474
1763852293003,41871337201
1763852294003,41886126457
1763852295003,41900982160
1763852296004,41916267013
1763852297003,41931581181
1763852298003,41946169104
1763852299003,41960958864
1763852300003,41975341858
1763852301003,41990016379
1763852302003,42004088462
1763852303003,42018695158
1763852304003,42033405420
1763852305003,42049524520
1763852306003,42065932194
1763852307004,42081417921
1763852308003,42097593494
1763852309003,42113560651
1763852310003,42130183183
1763852311004,42145953367
1763852312004,42160617392
1763852313003,42176199402
1763852314004,42191575963
1763852315003,42208049213
1763852316004,42224610407
1763852317004,42242248614
1763852318004,42259619898
1763852319003,42276110100
1763852320003,42291997191
1763852321003,42307010362
1763852322003,42321750994
1763852323003,42336730995
1763852324003,42351856866
1763852325003,42367013107
1763852326003,42382835036
1763852327003,42398119766
1763852328003,42412961562
1763852329003,42428423237
1763852330003,42443545680
1763852331003,42459625414
1763852332003,42474897369
1763852333004,42490228887
1763852334003,42505205384
1763852335003,42520133043
1763852336003,42536392476
1763852337004,42552230546
1763852338004,42568257281
1763852339003,42584449990
1763852340004,42600056373
1763852341004,42616867814
1763852342004,42632759709
1763852343004,42648072454
1763852344003,42663085947
1763852345004,42678951909
1763852346004,42694952649
1763852347004,42711265402
1763852348004,42726812757
1763852349003,42742841481
1763852350004,42759380398
1763852351004,42775262731
1763852352004,42790559901
1763852353004,42805836293
1763852354003,42821007314
1763852355003,42836471468
1763852356004,42851562439
1763852357003,42866716599
1763852358003,42882433769
1763852359003,42900322422
1763852360003,42915575543
1763852361003,42930536923
1763852362003,42946063073
1763852363006,42961553022
1763852364003,42977303531
1763852365004,42992025068
1763852366004,43006675201
1763852367003,43021505032
1763852368003,43036243139
1763852369003,43050972327
1763852370003,43066129455
1763852371003,43081388421
1763852372003,43096892951
1763852373003,43111370286
1763852374004,43126027150
1763852375004,43140331258
1763852376003,43155118249
1763852377003,43169960259
1763852378004,43184210847
1763852379003,43198888045
1763852380003,43213165623
1763852381003,43229538275
1763852382003,43244463088
1763852383003,43258472595
1763852384003,43272256808
1763852385004,43286011371
1763852386003,43299768809
1763852387003,43313463564
1763852388003,43327247533
1763852389004,43342378330
1763852390003,43358737977
1763852391003,43373988099
1763852392003,43389600556
1763852393004,43405808274
1763852394003,43421442778
1763852395004,43436362206
1763852396004,43451541703
1763852397004,43465784382
1763852398003,43479806220
1763852399003,43494678585
1763852400003,43509348041
1763852401004,43524541216
1763852402003,43541074488
1763852403003,43556371076
1763852404003,43570983311
1763852405003,43585782052
1763852406003,43600383469
1763852407003,43615333650
1763852408003,43629570652
1763852409003,43644318031
1763852410004,43658544415
1763852411003,43673251356
1763852412004,43687928509
1763852413003,43702237222
1763852414004,43716849854
1763852415003,43731092425
1763852416004,43745912571
1763852417004,43760450692
1763852418004,43774983260
1763852419003,43789274378
1763852420003,43803775228
1763852421003,43820612465
1763852422004,43836131729
1763852423003,43851800949
1763852424003,43867673092
1763852425003,43884373731
1763852426003,43901092959
1763852427003,43917103629
1763852428003,43931682341
1763852429003,43946630747
1763852430003,43962711276
1763852431003,43979028221
1763852432003,43995244110
1763852433003,44011455118
1763852434003,44027207355
1763852435003,44043459857
1763852436003,44058861357
1763852437003,44073764995
1763852438003,44089183004
1763852439003,44104646408
1763852440004,44119247458
1763852441004,44133635777
1763852442004,44148488543
1763852443003,44163202369
1763852444003,44177873753
1763852445003,44192963133
1763852446003,44208283360
1763852447003,44223502882
1763852448003,44237867058
1763852449003,44252526294
1763852450003,44266674326
1763852451003,44281431268
1763852452003,44297213463
1763852453003,44313422650
1763852454003,44329509162
1763852455003,44345199847
1763852456004,44361312445
1763852457003,44377448866
1763852458003,44393104300
1763852459003,44408128120
1763852460003,44424227790
1763852461004,44439590106
1763852462003,44455416947
1763852463004,44471354130
1763852464004,44486930892
1763852465004,44504167459
1763852466004,44520990788
1763852467004,44537740769
1763852468004,44553228959
1763852469003,44569234871
1763852470004,44585378834
1763852471004,44600046393
1763852472003,44614926270
1763852473003,44630187791
1763852474003,44644599014
1763852475003,44659365319
1763852476003,44673942287
1763852477003,44688913368
1763852478003,44704373314
1763852479003,44720679717
1763852480003,44735764339
1763852481003,44750576682
1763852482003,44765726176
1763852483003,44780807677
1763852484004,44796343022
1763852485003,44811410278
1763852486003,44826896892
1763852487004,44843207870
1763852488004,44858822805
1763852489004,44874894981
1763852490004,44889988768
1763852491004,44905187329
1763852492004,44921445904
1763852493004,44937360444
1763852494004,44953255033
1763852495004,44968497275
1763852496003,44985565940
1763852497004,45001080278
1763852498004,45015891381
1763852499004,45031135246
1763852500004,45046485261
1763852501003,45061536024
1763852502003,45076806388
1763852503003,45092268507
1763852504003,45107446612
1763852505003,45122573493
1763852506003,45137692861
1763852507003,45153707310
1763852508003,45170612907
1763852509004,45185742113
1763852510003,45201106817
1763852511003,45216502273
1763852512003,45232430644
1763852513003,45248350371
1763852514003,45263454347
1763852515003,45278676608
1763852516004,45293850704
1763852517003,45309336263
1763852518003,45325049745
1763852519003,45340575451
1763852520003,45356088060
1763852521003,45371280256
1763852522003,45386571443
1763852523004,45401470705
1763852524003,45416672250
1763852525003,45431649236
1763852526003,45448332219
1763852527004,45463719750
1763852528004,45478059384
1763852529004,45494122395
1763852530004,45508850298
1763852531004,45522865220
1763852532003,45536600244
1763852533003,45550262716
1763852534003,45564006369
1763852535003,45577672069
1763852536003,45593176018
1763852537004,45608951175
1763852538003,45623517540
1763852539003,45638786955
1763852540003,45654256999
1763852541003,45668706671
1763852542043,45685025544
1763852543003,45699592720
1763852544004,45714445149
1763852545004,45729466842
1763852546004,45743859797
1763852547003,45758392242
1763852548004,45773302474
1763852549004,45788174595
1763852550004,45803354291
1763852551004,45818542524
1763852552003,45834198693
1763852553004,45849001458
1763852554004,45863709930
1763852555004,45878381513
1763852556004,45892974959
1763852557004,45907326787
1763852558003,45921865490
1763852559003,45936571161
1763852560004,45950920128
1763852561003,45965568486
1763852562003,45980185509
1763852563003,45995287665
1763852564003,46009912950
1763852565003,46024484364
1763852566003,46039650734
1763852567003,46054494182
1763852568003,46069944826
1763852569003,46085132646
1763852570003,46101454641
1763852571003,46116902576
1763852572003,46133223117
1763852573003,46149371946
1763852574003,46166143178
1763852575004,46182098707
1763852576003,46196301131
1763852577004,46211292606
1763852578003,46226423786
1763852579004,46241893096
1763852580003,46257359177
1763852581003,46272486976
1763852582003,46288841283
1763852583004,46304175448
1763852584004,46318980019
1763852585004,46333612541
1763852586004,46347858968
1763852587003,46362293478
1763852588003,46376477082
1763852589003,46391242562
1763852590003,46405778067
1763852591003,46420272185
1763852592003,46434558514
1763852593003,46449924641
1763852594003,46465367619
1763852595003,46481215007
1763852596003,46497219404
1763852597003,46512677728
1763852598003,46529883573
1763852599003,46544915349
1763852600003,46559950337
1763852601003,46576362479
1763852602003,46591419867
1763852603004,46607629421
1763852604003,46624523238
1763852605004,46641387005
1763852606004,46657531090
1763852607003,46672352828
1763852608003,46687845531
1763852609004,46703193420
1763852610004,46718929195
1763852611004,46734689082
1763852612004,46751688423
1763852613003,46768073667
1763852614003,46783478043
1763852615003,46798443876
1763852616003,46812860301
1763852617003,46827435754
1763852618003,46841665902
1763852619004,46856248072
1763852620004,46870881925
1763852621003,46885081641
1763852622003,46899744885
1763852623003,46913963497
1763852624003,46928661258
1763852625003,46944050013
1763852626003,46958937556
1763852627003,46973342919
1763852628003,46987677642
1763852629003,47002585044
1763852630003,47017879613
1763852631003,47033652995
1763852632003,47049436689
1763852633004,47065565214
1763852634003,47082165561
1763852635004,47098901084
1763852636003,47115210746
1763852637003,47130935872
1763852638003,47148761474
1763852639004,47165152823
1763852640003,47181064394
1763852641003,47196654237
1763852642004,47211925366
1763852643003,47226722608
1763852644004,47241330559
1763852645004,47256753923
1763852646004,47272158957
1763852647004,47287616746
1763852648004,47303344611
1763852649004,47319095731
1763852650004,47334553122
1763852651004,47349583001
1763852652004,47364432630
1763852653004,47380875570
1763852654004,47397024292
1763852655003,47412508565
1763852656004,47428570995
1763852657004,47445401408
1763852658004,47461163376
1763852659004,47477584086
1763852660004,47493272186
1763852661003,47508598012
1763852662004,47523942642
1763852663004,47538977677
1763852664004,47554467596
1763852665004,47570291743
1763852666004,47586467852
1763852667004,47601646798
1763852668003,47616690844
1763852669003,47632032919
1763852670003,47647193337
1763852671003,47662416761
1763852672003,47677379809
1763852673003,47692460728
1763852674003,47707707270
1763852675003,47722864445
1763852676003,47737981197
1763852677003,47752932571
1763852678003,47768160906
1763852679004,47783294640
1763852680004,47798544885
1763852681004,47813506311
1763852682003,47830076058
1763852683003,47846007137
1763852684004,47861152561
1763852685004,47876555821
1763852686004,47891804551
1763852687003,47907244056
1763852688003,47923425030
1763852689003,47939477239
1763852690003,47955949755
1763852691004,47971931110
1763852692003,47986623531
1763852693003,48001142268
1763852694003,48016514300
1763852695004,48031931314
1763852696003,48047958630
1763852697003,48064015980
1763852698003,48079558761
1763852699003,48094716394
1763852700003,48109278980
1763852701003,48124470855
1763852702004,48139558935
1763852703003,48154734500
1763852704004,48169978655
1763852705004,48185241690
1763852706004,48200267239
1763852707003,48215212019
1763852708003,48230425023
1763852709003,48245533513
1763852710003,48260927700
1763852711003,48276916307
1763852712003,48291913550
1763852713003,48307283318
1763852714003,48323104803
1763852715004,48339269253
1763852716003,48355772277
1763852717004,48372181588
1763852718003,48387986779
1763852719003,48404471963
1763852720003,48420347840
1763852721003,48435763446
1763852722003,48451802482
1763852723003,48468616479
1763852724003,48484093836
1763852725003,48499574407
1763852726004,48515270340
1763852727003,48531270575
1763852728003,48546820853
1763852729003,48561842087
1763852730003,48577166888
1763852731004,48594130641
1763852732003,48609683259
1763852733003,48624946600
1763852734003,48640193815
1763852735003,48655187019
1763852736004,48670278159
1763852737003,48685589343
1763852738004,48700711971
1763852739003,48715866085
1763852740003,48731219604
1763852741003,48746972607
1763852742003,48763083430
1763852743004,48779708257
1763852744004,48795396602
1763852745004,48811558925
1763852746004,48827186376
1763852747004,48842644838
1763852748003,48858940822
1763852749004,48874159395
1763852750004,48889576930
1763852751003,48905179365
1763852752003,48920971138
1763852753004,48936246015
1763852754003,48951424977
1763852755004,48966945496
1763852756004,48982493830
1763852757003,48998510100
1763852758003,49014955044
1763852759003,49032301144
1763852760003,49048604855
1763852761003,49063887566
1763852762003,49078487866
1763852763003,49094010986
1763852764003,49109566833
1763852765003,49125278892
1763852766003,49140760289
1763852767003,49156083331
1763852768003,49170931767
1763852769003,49185944953
1763852770004,49201175307
1763852771003,49216412348
1763852772003,49231399065
1763852773003,49246320237
1763852774004,49261535444
1763852775003,49277580677
1763852776004,49292727447
1763852777003,49307681315
1763852778003,49322732308
1763852779004,49338057507
1763852780003,49353179231
1763852781004,49368389558
1763852782004,49383511114
1763852783003,49399337495
1763852784003,49415333477
1763852785003,49431863444
1763852786003,49447576682
1763852787004,49463527758
1763852788003,49480045056
1763852789004,49495456012
1763852790003,49510927020
1763852791003,49526217748
1763852792003,49543321404
1763852793003,49559003369
1763852794003,49574101455
1763852795004,49589225765
1763852796003,49603694271
1763852797004,49618045594
1763852798003,49632550209
1763852799003,49648095896
1763852800003,49662514937
1763852801004,49677249618
1763852802003,49692381807
1763852803003,49707977327
1763852804003,49725279301
1763852805004,49740582897
1763852806003,49755409637
1763852807003,49770131909
1763852808003,49785504905
1763852809003,49800947532
1763852810004,49816691951
1763852811004,49832800265
1763852812004,49848003049
1763852813004,49862919509
1763852814003,49878104560
1763852815004,49893416433
1763852816004,49908876700
1763852817003,49924436310
1763852818003,49939952438
1763852819004,49955457627
1763852820004,49970662017
1763852821004,49985856049
1763852822003,50000753491
1763852823003,50015751928
1763852824003,50031044370
1763852825003,50046975418
1763852826003,50061996285
1763852827003,50076879390
1763852828003,50092043588
1763852829003,50107288385
1763852830003,50122635433
1763852831003,50137347209
1763852832003,50153132265
1763852833003,50168736077
1763852834004,50184329087
1763852835004,50200774644
1763852836004,50216090908
1763852837003,50233297349
1763852838004,50249780988
1763852839003,50265128693
1763852840004,50281252965
1763852841004,50297512306
1763852842004,50313145540
1763852843003,50328378771
1763852844003,50343335209
1763852845004,50358368117
1763852846003,50373446283
1763852847004,50388368128
1763852848004,50403366672
1763852849004,50418368505
1763852850004,50433176029
1763852851004,50448295535
1763852852003,50463300337
1763852853003,50478263553
1763852854003,50493357936
1763852855003,50508267465
1763852856004,50523203524
1763852857004,50538648492
1763852858003,50553774974
1763852859003,50569446688
1763852860003,50585106758
1763852861004,50600978519
1763852862003,50617207045
1763852863003,50632608790
1763852864003,50649182041
1763852865003,50666077449
1763852866004,50682528835
1763852867003,50698147289
1763852868003,50713288781
1763852869003,50728448954
1763852870003,50743642742
1763852871003,50758921888
1763852872003,50774625471
1763852873003,50790352127
1763852874003,50805333413
1763852875003,50821134977
1763852876004,50836666344
1763852877004,50852423217
1763852878003,50868015845
1763852879004,50883279722
1763852880004,50899523334
1763852881004,50915010575
1763852882003,50930442936
1763852883003,50946043887
1763852884004,50961547162
1763852885004,50976782719
1763852886003,50992131556
1763852887003,51007577717
1763852888004,51023018477
1763852889003,51038649156
1763852890004,51054402281
1763852891003,51070540078
1763852892003,51087093607
1763852893004,51103380488
1763852894003,51119488221
1763852895003,51135994335
1763852896003,51151756380
1763852897003,51167324574
1763852898003,51182909429
1763852899003,51198221745
1763852900003,51213617707
1763852901003,51229847488
1763852902003,51245775125
1763852903003,51261504473
1763852904003,51277266288
1763852905003,51293250137
1763852906003,51308751348
1763852907003,51324880210
1763852908007,51341491557
1763852909003,51358814294
1763852910003,51375134605
1763852911003,51391077358
1763852912003,51406852010
1763852913003,51422953944
1763852914003,51438967582
1763852915003,51454500234
1763852916004,51470007090
1763852917003,51485219681
1763852918003,51500816103
1763852919003,51516720744
1763852920003,51532843976
1763852921003,51548616486
1763852922003,51563845478
1763852923003,51579612832
1763852924003,51595089486
1763852925003,51610644200
1763852926003,51625830322
1763852927003,51641159301
1763852928003,51656855571
1763852929003,51672495644
1763852930003,51687873291
1763852931003,51703193579
1763852932003,51718744407
1763852933004,51734257995
1763852934003,51749919198
1763852935003,51765092039
1763852936003,51781747007
1763852937004,51797990543
1763852938004,51813654346
1763852939004,51829533727
1763852940003,51845629923
1763852941003,51861131532
1763852942004,51877535075
1763852943004,51893648224
1763852944003,51908740419
1763852945003,51923752060
1763852946003,51938889329
1763852947004,51953554701
1763852948003,51968185983
1763852949004,51982703052
1763852950003,51997548183
1763852951004,52012579897
1763852952003,52028259506
1763852953004,52043003091
1763852954003,52058086259
1763852955003,52073487117
1763852956004,52088658306
1763852957004,52104012391
1763852958003,52119330445
1763852959004,52134734317
1763852960003,52150220671
1763852961004,52165607942
1763852962003,52181859357
1763852963004,52197726743
1763852964004,52213257666
1763852965003,52229216040
1763852966004,52244720448
1763852967004,52260129292
1763852968003,52275875608
1763852969004,52291478808
1763852970004,52306820562
1763852971004,52322033107
1763852972004,52337604346
1763852973004,52353299040
1763852974004,52369001323
1763852975003,52384218886
1763852976003,52399531080
1763852977004,52415219930
1763852978003,52430985325
1763852979004,52448221464
1763852980004,52463636030
1763852981004,52479118682
1763852982004,52494962184
1763852983004,52510839544
1763852984003,52526303377
1763852985004,52542214795
1763852986004,52558752504
1763852987003,52574322304
1763852988004,52589876238
1763852989003,52605029802
1763852990003,52621963215
1763852991003,52638131306
1763852992003,52654134035
1763852993003,52669656513
1763852994003,52685862028
1763852995003,52701256628
1763852996003,52715844153
1763852997003,52730247098
1763852998003,52744516092
1763852999003,52758737427
1763853000003,52773085170
1763853001003,52787535102
1763853002003,52801845606
1763853003003,52816339938
1763853004003,52830682403
1763853005003,52844986159
1763853006003,52859435785
1763853007003,52875357026
1763853008004,52889735966
1763853009003,52904277438
1763853010003,52919341038
1763853011004,52934996349
1763853012004,52951175946
1763853013003,52968065096
1763853014003,52983652797
1763853015003,52999867783
1763853016004,53015164035
1763853017003,53030043973
1763853018003,53044579784
1763853019003,53060183260
1763853020003,53075937150
1763853021004,53091737704
1763853022003,53107322147
1763853023003,53122637600
1763853024003,53137372402
1763853025003,53152135020
1763853026003,53167463295
1763853027003,53182618695
1763853028003,53197800992
1763853029003,53212920039
1763853030003,53227893552
1763853031003,53242651044
1763853032003,53257795199
1763853033003,53272988864
1763853034003,53288814403
1763853035003,53303665486
1763853036003,53318555308
1763853037003,53334583665
1763853038003,53350413902
1763853039003,53366022319
1763853040004,53381753075
1763853041003,53397857442
1763853042003,53413805581
1763853043003,53430318779
1763853044003,53445542386
1763853045003,53460370779
1763853046003,53475827038
1763853047003,53491315029
1763853048003,53506923951
1763853049003,53521987000
1763853050003,53537059734
1763853051004,53552563346
1763853052004,53567725050
1763853053004,53582824329
1763853054003,53597636473
1763853055004,53614058437
1763853056004,53629328006
1763853057003,53643595240
1763853058004,53658219302
1763853059003,53672610910
1763853060003,53687271768
1763853061003,53702378131
1763853062003,53717674122
1763853063003,53734438654
1763853064003,53749706570
1763853065004,53764870491
1763853066003,53780044511
1763853067003,53795421593
1763853068003,53811383761
1763853069003,53827450092
1763853070003,53843284736
1763853071003,53857825810
1763853072003,53872414436
1763853073003,53887388944
1763853074003,53902725389
1763853075003,53918277135
1763853076003,53933814377
1763853077004,53949043476
1763853078003,53964880782
1763853079003,53980255782
1763853080003,53995448376
1763853081004,54010447334
1763853082004,54025485046
1763853083003,54040881237
1763853084003,54056198480
1763853085004,54071404905
1763853086003,54086744945
1763853087004,54102008929
1763853088003,54117146106
1763853089004,54132391088
1763853090004,54147488653
1763853091003,54162854658
1763853092004,54177903982
1763853093003,54193983502
1763853094003,54209639533
1763853095003,54227178229
1763853096003,54244314688
1763853097004,54260888918
1763853098003,54278897737
1763853099003,54294579824
1763853100003,54310847396
1763853101003,54325661850
1763853102003,54340994179
1763853103003,54355999318
1763853104003,54371562279
1763853105003,54386913060
1763853106003,54401954796
1763853107003,54417134859
1763853108003,54432546732
1763853109003,54448048585
1763853110003,54464330371
1763853111003,54481323622
1763853112003,54497515551
1763853113003,54512387136
1763853114003,54527127921
1763853115003,54542644798
1763853116003,54557904712
1763853117003,54573259287
1763853118003,54588249799
1763853119003,54603630690
1763853120003,54618807739
1763853121004,54634085768
1763853122003,54649242652
1763853123003,54664494702
1763853124003,54679941964
1763853125003,54694956788
1763853126003,54711325600
1763853127004,54726915871
1763853128003,54742291652
1763853129003,54757739297
1763853130004,54772878601
1763853131004,54788292234
1763853132003,54803361097
1763853133003,54819524339
1763853134003,54835095439
1763853135003,54850986937
1763853136003,54866652913
1763853137003,54881876857
1763853138003,54898593744
1763853139003,54914645678
1763853140003,54929435714
1763853141003,54944803064
1763853142003,54960070552
1763853143004,54975099252
1763853144003,54989431435
1763853145003,55005548547
1763853146003,55020101020
1763853147003,55033900947
1763853148004,55047496725
1763853149003,55061215639
1763853150003,55075010241
1763853151003,55088730501
1763853152003,55102551649
1763853153003,55116275014
1763853154003,55131193861
1763853155003,55144938952
1763853156003,55158681764
1763853157003,55172441161
1763853158003,55186172269
1763853159003,55199895894
1763853160003,55213919415
1763853161003,55228673251
1763853162003,55243675284
1763853163003,55259161225
1763853164003,55274026062
1763853165003,55289130299
1763853166003,55304894868
1763853167003,55321915353
1763853168003,55337236084
1763853169004,55352179288
1763853170003,55367057559
1763853171004,55381784406
1763853172004,55396239953
1763853173003,55411406445
1763853174004,55426774928
1763853175004,55442447575
1763853176004,55457473414
1763853177004,55472499544
1763853178004,55487535864
1763853179004,55502463737
1763853180004,55518195656
1763853181004,55534308010
1763853182003,55551009689
1763853183003,55565420927
1763853184004,55579904519
1763853185003,55594956919
1763853186003,55610471364
1763853187003,55626000405
1763853188004,55641632338
1763853189003,55657491859
1763853190004,55672182629
1763853191004,55686916651
1763853192004,55701794478
1763853193003,55716973761
1763853194003,55732135694
1763853195003,55747282296
1763853196003,55761578111
1763853197003,55775982801
1763853198003,55790355269
1763853199003,55805615658
1763853200003,55820822435
1763853201003,55836135577
1763853202003,55852158717
1763853203003,55867780491
1763853204003,55883546269
1763853205003,55898111869
1763853206003,55912547572
1763853207003,55927485696
1763853208003,55942952481
1763853209004,55959487788
1763853210003,55974937590
1763853211003,55990069642
1763853212004,56005237848
1763853213003,56021049419
1763853214003,56036953019
1763853215004,56053647798
1763853216003,56069933393
1763853217003,56087515281
1763853218003,56103346451
1763853219003,56118613770
1763853220003,56133990454
1763853221003,56149904474
1763853222003,56165955183
1763853223003,56182151151
1763853224004,56198613110
1763853225004,56214137377
1763853226003,56230072067
1763853227003,56245505560
1763853228003,56261286944
1763853229003,56277036488
1763853230003,56293256447
1763853231003,56308783407
1763853232003,56324222484
1763853233003,56339884145
1763853234003,56355525611
1763853235003,56371115209
1763853236003,56386308522
1763853237004,56401894908
1763853238003,56417566407
1763853239004,56433134325
1763853240003,56448579369
1763853241003,56464443419
1763853242004,56481841707
1763853243004,56498055193
1763853244004,56514018739
1763853245004,56529858523
1763853246004,56545940215
1763853247004,56562521759
1763853248003,56578498508
1763853249004,56594250868
1763853250004,56610823293
1763853251004,56627299449
1763853252004,56644047900
1763853253004,56661035781
1763853254003,56677294143
1763853255004,56692860347
1763853256004,56709127368
1763853257003,56725402958
1763853258003,56741757449
1763853259003,56758318200
1763853260003,56775562967
1763853261003,56791627646
1763853262003,56807391435
1763853263003,56822989877
1763853264003,56838869058
1763853265004,56853874120
1763853266003,56869035227
1763853267003,56884431571
1763853268003,56899820097
1763853269003,56915398771
1763853270003,56930691228
1763853271004,56946602493
1763853272003,56962559950
1763853273003,56978616474
1763853274004,56994331823
1763853275003,57009741646
1763853276004,57025494036
1763853277003,57041326461
1763853278003,57057169305
1763853279003,57072390984
1763853280003,57087923315
1763853281003,57103825263
1763853282003,57119635701
1763853283003,57135338535
1763853284003,57150635292
1763853285003,57168384102
1763853286003,57183937700
1763853287003,57199047613
1763853288003,57214125166
1763853289003,57229073802
1763853290003,57244019056
1763853291003,57259080881
1763853292003,57274065548
1763853293003,57289140393
1763853294003,57304202983
1763853295003,57319241659
1763853296003,57334368417
1763853297003,57349476157
1763853298003,57364577379
1763853299003,57379698431
1763853300003,57394711357
1763853301003,57409823610
1763853302003,57424924343
1763853303003,57440721410
1763853304003,57455853676
1763853305003,57470932591
1763853306003,57485836749
1763853307003,57500751771
1763853308004,57515811224
1763853309004,57530872116
1763853310003,57545896807
1763853311004,57560886814
1763853312003,57576491253
1763853313003,57592515402
1763853314003,57607640003
1763853315003,57622920404
1763853316004,57638340494
1763853317003,57653885294
1763853318003,57669809748
1763853319003,57684761489
1763853320004,57699870683
1763853321003,57714851754
1763853322003,57729783346
1763853323003,57745155225
1763853324003,57760510535
1763853325003,57776140219
1763853326003,57791241212
1763853327004,57806327792
1763853328004,57822300044
1763853329003,57837306421
1763853330004,57852727965
1763853331004,57868269414
1763853332004,57883243294
1763853333003,57898372424
1763853334003,57913495250
1763853335003,57928804185
1763853336003,57944426755
1763853337003,57960178503
1763853338003,57975193081
1763853339003,57990299827
1763853340003,58005219760
1763853341004,58020391959
1763853342003,58035471149
1763853343004,58050916729
1763853344003,58066760032
1763853345003,58082471571
1763853346003,58098639923
1763853347003,58114322698
1763853348003,58130396220
1763853349003,58146309031
1763853350003,58161285650
1763853351004,58176080414
1763853352004,58190911713
1763853353003,58205764892
1763853354003,58220249739
1763853355003,58235224247
1763853356003,58250841033
1763853357003,58265837588
1763853358003,58280995099
1763853359003,58296441582
1763853360003,58312389093
1763853361003,58328499993
1763853362004,58344576850
1763853363004,58360953680
1763853364003,58377220961
1763853365004,58393141391
1763853366003,58409381576
1763853367003,58425980363
1763853368004,58441590019
1763853369003,58457185325
1763853370003,58473126333
1763853371003,58489550011
1763853372003,58505815105
1763853373003,58522108090
1763853374003,58537502323
1763853375003,58552609298
1763853376003,58568754745
1763853377003,58584976096
1763853378004,58601072124
1763853379003,58617026291
1763853380003,58633115924
1763853381003,58649044509
1763853382003,58665145617
1763853383003,58681022152
1763853384004,58696764903
1763853385004,58712336892
1763853386003,58727900067
1763853387003,58743695542
1763853388003,58759492960
1763853389003,58775747099
1763853390003,58792143512
1763853391003,58809137804
1763853392003,58825292523
1763853393004,58842621685
1763853394003,58859614998
1763853395003,58875409784
1763853396003,58891110981
1763853397003,58906941952
1763853398003,58922561110
1763853399003,58938684724
1763853400003,58954768742
1763853401004,58971270144
1763853402003,58987239642
1763853403003,59004342410
1763853404004,59020457609
1763853405003,59036744475
1763853406003,59052209760
1763853407003,59067607696
1763853408003,59083564173
1763853409003,59099395297
1763853410003,59114963644
1763853411003,59130469628
1763853412003,59146104728
1763853413004,59162217510
1763853414003,59177457274
1763853415003,59192663669
1763853416003,59207949225
1763853417003,59223498753
1763853418003,59238949336
1763853419003,59254266885
1763853420003,59269344346
1763853421003,59284759479
1763853422003,59300523360
1763853423003,59315693111
1763853424004,59331134314
1763853425004,59346297104
1763853426003,59361628928
1763853427003,59377126252
1763853428003,59392217835
1763853429004,59408038938
1763853430003,59423837596
1763853431003,59440866021
1763853432004,59456245627
1763853433003,59472727078
1763853434003,59488227095
1763853435004,59503153882
1763853436003,59517682747
1763853437003,59532976887
1763853438003,59547094549
1763853439004,59561241235
1763853440004,59575349349
1763853441003,59589355413
1763853442004,59603144140
1763853443004,59616995919
1763853444003,59630817771
1763853445004,59644567743
1763853446003,59658483322
1763853447003,59673543204
1763853448003,59687268880
1763853449003,59700976548
1763853450003,59714829703
1763853451003,59728790372
1763853452003,59742610862
1763853453003,59756792998
1763853454003,59770520036
1763853455003,59785019249
1763853456003,59799694565
1763853457003,59814310655
1763853458003,59828530659
1763853459003,59842716788
1763853460003,59857573410
1763853461003,59872330734
1763853462003,59887078664
1763853463003,59901507650
1763853464005,59916973518
1763853465003,59931358379
1763853466003,59946326690
1763853467003,59961311954
1763853468003,59976572679
1763853469004,59991441188
1763853470004,60006868423
1763853471004,60021720944
1763853472003,60036192326
1763853473004,60051453617
1763853474004,60066126195
1763853475003,60082612511
1763853476003,60098851763
1763853477003,60114577562
1763853478003,60128644305
1763853479003,60143100877
1763853480003,60157831274
1763853481003,60172128389
1763853482003,60186715210
1763853483003,60201416843
1763853484003,60216657280
1763853485003,60232020744
1763853486003,60246656357
1763853487003,60260968864
1763853488004,60275830229
1763853489003,60291545654
1763853490003,60306593755
1763853491003,60321283713
1763853492003,60335850920
1763853493003,60349400217
1763853494003,60363343092
1763853495003,60377886828
1763853496003,60392764977
1763853497003,60408030078
1763853498003,60422667557
1763853499003,60436312388
1763853500003,60450004266
1763853501004,60464062503
1763853502003,60479733910
1763853503003,60493431602
1763853504003,60508606402
1763853505003,60522643709
1763853506003,60537112108
1763853507003,60551931688
1763853508003,60568035611
1763853509003,60583846371
1763853510003,60600007914
1763853511003,60615312075
1763853512003,60631083851
1763853513004,60646486346
1763853514004,60662664918
1763853515003,60679195711
1763853516003,60694533731
1763853517003,60709913230
1763853518003,60723984303
1763853519003,60737785699
1763853520003,60752308719
1763853521003,60766709156
1763853522003,60781674713
1763853523003,60796615102
1763853524003,60810833055
1763853525004,60824808152
1763853526003,60839614390
1763853527003,60854053949
1763853528003,60868941185
1763853529003,60883201520
1763853530003,60897731333
1763853531003,60911851672
1763853532003,60927044848
1763853533004,60942760136
1763853534004,60959010725
1763853535003,60975713490
1763853536003,60992482795
1763853537004,61010138811
1763853538003,61027420605
1763853539003,61045023240
1763853540003,61061311696
1763853541003,61077142147
1763853542003,61092760923
1763853543004,61108424848
1763853544003,61124290520
1763853545004,61139767327
1763853546004,61155940176
1763853547003,61172105300
1763853548003,61188131652
1763853549004,61203736107
1763853550003,61218859422
1763853551004,61234724222
1763853552004,61250494911
1763853553003,61266482661
1763853554004,61282090344
1763853555003,61298170736
1763853556003,61314539410
1763853557003,61330842509
1763853558003,61346507965
1763853559004,61362702097
1763853560004,61378798768
1763853561004,61394452305
1763853562004,61409816320
1763853563003,61425795870
1763853564003,61441518823
1763853565003,61456876014
1763853566003,61473029586
1763853567004,61489538806
1763853568004,61505373220
1763853569003,61521009085
1763853570003,61536632068
1763853571003,61552552437
1763853572003,61568015031
1763853573004,61584146127
1763853574003,61600030556
1763853575004,61616076630
1763853576003,61631898161
1763853577003,61647249554
1763853578004,61663018040
1763853579003,61678866101
1763853580004,61695702634
1763853581004,61711065043
1763853582003,61726163572
1763853583003,61741527098
1763853584003,61756708936
1763853585003,61771833873
1763853586003,61786850487
1763853587004,61802092653
1763853588004,61817259864
1763853589003,61832475500
1763853590003,61847200740
1763853591003,61863868055
1763853592004,61879725082
1763853593004,61895082549
1763853594004,61910609433
1763853595004,61926152489
1763853596004,61941378666
1763853597004,61957299800
1763853598004,61972916571
1763853599004,61988306505
1763853600003,62003112606
1763853601003,62017582045
1763853602003,62032116754
1763853603003,62047361705
1763853604003,62062503748
1763853605004,62077773989
1763853606004,62093194783
1763853607004,62108219826
1763853608003,62123082109
1763853609003,62138366289
1763853610003,62153490629
1763853611004,62168723875
1763853612003,62183947605
1763853613004,62199276017
1763853614003,62214236847
1763853615003,62229472403
1763853616004,62244760071
1763853617003,62259915869
1763853618003,62274964260
1763853619003,62290216249
1763853620003,62305416095
1763853621003,62320803672
1763853622003,62335652246
1763853623004,62351681382
1763853624004,62366837012
1763853625004,62382020670
1763853626004,62397976612
1763853627003,62412967736
1763853628004,62428161370
1763853629003,62443509687
1763853630003,62458982440
1763853631003,62474497481
1763853632003,62490588614
1763853633003,62505760752
1763853634003,62521879623
1763853635003,62537136247
1763853636003,62553365141
1763853637003,62568480424
1763853638003,62583838748
1763853639004,62599163687
1763853640003,62613485129
1763853641004,62627696228
1763853642004,62642116692
1763853643004,62656423172
1763853644004,62670656899
1763853645003,62685030194
1763853646003,62698958059
1763853647004,62712663631
1763853648003,62726315760
1763853649004,62740025432
1763853650004,62754004154
1763853651003,62769426156
1763853652003,62783081957
1763853653003,62796930217
1763853654003,62810685391
1763853655003,62824374148
1763853656003,62838870990
1763853657003,62854265513
1763853658003,62870366438
1763853659003,62886718037
1763853660003,62902110572
1763853661003,62917517151
1763853662004,62933606127
1763853663003,62950355924
1763853664003,62965847832
1763853665003,62981733133
1763853666003,62997736275
1763853667003,63014117756
1763853668003,63029980337
1763853669003,63046300786
1763853670003,63061607778
1763853671003,63077012996
1763853672003,63092412339
1763853673003,63107699609
1763853674003,63123039527
1763853675003,63138709466
1763853676003,63154659792
1763853677004,63170141602
1763853678003,63186285183
1763853679003,63201533010
1763853680004,63216732795
1763853681004,63231725173
1763853682003,63247001504
1763853683003,63262041236
1763853684004,63277397570
1763853685004,63292900035
1763853686004,63308700468
1763853687003,63324977067
1763853688003,63340770568
1763853689003,63356786394
1763853690003,63372975247
1763853691004,63388460515
1763853692003,63403784169
1763853693003,63419017675
1763853694004,63435166198
1763853695004,63451412503
1763853696004,63468049356
1763853697003,63484717910
1763853698004,63500233594
1763853699004,63516971855
1763853700004,63534125848
1763853701004,63550838069
1763853702003,63566973158
1763853703004,63583630207
1763853704004,63599278802
1763853705004,63615231622
1763853706004,63632035536
1763853707003,63648818152
1763853708003,63665034132
1763853709004,63681212276
1763853710003,63697704880
1763853711003,63714463062
1763853712003,63731321000
1763853713003,63747460281
1763853714004,63763549731
1763853715003,63779790879
1763853716004,63796055024
1763853717003,63812690133
1763853718003,63829063596
1763853719004,63845854306
1763853720004,63862338786
1763853721004,63878509723
1763853722004,63894626774
1763853723003,63910405664
1763853724003,63926497423
1763853725003,63942493527
1763853726003,63958521364
1763853727003,63974270771
1763853728003,63991194804
1763853729003,64007412789
1763853730004,64022995472
1763853731003,64038188846
1763853732003,64053232158
1763853733004,64068453256
1763853734003,64083495114
1763853735003,64098570082
1763853736003,64114596388
1763853737003,64130516360
1763853738003,64147056547
1763853739003,64163218993
1763853740003,64179575779
1763853741004,64195974503
1763853742003,64211253542
1763853743003,64226925240
1763853744003,64242257217
1763853745004,64258119446
1763853746003,64274079029
1763853747004,64290117116
1763853748003,64305832113
1763853749004,64321637197
1763853750003,64337120032
1763853751004,64353052197
1763853752003,64368560997
1763853753004,64384889157
1763853754003,64401112925
1763853755003,64417042581
1763853756004,64432608005
1763853757004,64448698250
1763853758003,64464320392
1763853759003,64480488376
1763853760004,64496557721
1763853761003,64512785039
1763853762003,64528260622
1763853763003,64543954428
1763853764003,64560069352
1763853765003,64576077054
1763853766003,64591964604
1763853767003,64607408899
1763853768004,64624152163
1763853769003,64640162267
1763853770003,64656236232
1763853771004,64671594036
1763853772003,64687197848
1763853773004,64703275134
1763853774003,64719000657
1763853775003,64734977606
1763853776004,64750305177
1763853777004,64766131864
1763853778004,64782260925
1763853779003,64798287736
1763853780003,64813802104
1763853781004,64829675564
1763853782003,64846659681
1763853783003,64862558523
1763853784004,64878031107
1763853785004,64893204071
1763853786003,64910039808
1763853787003,64925539917
1763853788004,64940766201
1763853789004,64955889578
1763853790004,64970959130
1763853791004,64986079707
1763853792003,65001140185
1763853793003,65016769380
1763853794003,65031873249
1763853795003,65047166012
1763853796004,65062877093
1763853797003,65078572628
1763853798003,65094513851
1763853799004,65109725004
1763853800003,65124882882
1763853801003,65140044984
1763853802003,65155222813
1763853803003,65170656397
1763853804004,65186249744
1763853805003,65201985794
1763853806003,65217104244
1763853807003,65232142400
1763853808004,65247218454
1763853809003,65262269860
1763853810003,65277328059
1763853811003,65292399018
1763853812003,65307408991
1763853813003,65322511804
1763853814003,65337508405
1763853815004,65352618578
1763853816003,65367651593
1763853817004,65382730753
1763853818004,65397811397
1763853819004,65412665325
1763853820003,65427636100
1763853821003,65442543869
1763853822003,65458245066
1763853823003,65473908961
1763853824003,65490874167
1763853825004,65506684407
1763853826003,65522750019
1763853827003,65538522483
1763853828004,65553619467
1763853829004,65569292190
1763853830003,65585002338
1763853831003,65600404985
1763853832003,65615671264
1763853833004,65630960569
1763853834003,65645924428
1763853835003,65661264040
1763853836003,65676749430
1763853837004,65692578672
1763853838003,65708588883
1763853839003,11120453
1763853840003,26298603
1763853841003,41581575
1763853842003,57058213
1763853843003,72415971
1763853844003,87965774
1763853845003,103391570
1763853846003,118808003
1763853847003,134078750
1763853848004,149615961
1763853849003,164936738
1763853850003,180409659
1763853851003,195541282
1763853852003,211861624
1763853853003,227447214
1763853854003,242928534
1763853855003,258857685
1763853856003,274530623
1763853857003,291582702
1763853858004,307807327
1763853859003,323207558
1763853860003,338648455
1763853861003,354083922
1763853862003,369716222
1763853863003,386198759
1763853864003,402781649
1763853865003,418719414
1763853866003,434149648
1763853867004,449589658
1763853868004,465054332
1763853869003,480553538
1763853870003,496057242
1763853871003,513494392
1763853872004,529434942
1763853873004,544554570
1763853874003,559601906
1763853875004,574557182
1763853876004,589519755
1763853877003,604489995
1763853878003,619356438
1763853879003,634277427
1763853880003,649319316
1763853881003,664433757
1763853882003,680173587
1763853883003,695663766
1763853884003,711655616
1763853885003,727676812
1763853886003,743501511
1763853887003,759705113
1763853888003,774787257
1763853889004,790464830
1763853890003,806052210
1763853891004,821908441
1763853892004,838326810
1763853893004,854522289
1763853894003,870897267
1763853895003,886470540
1763853896004,901605958
1763853897004,917350515
1763853898003,932722057
1763853899003,948945030
1763853900004,965438415
1763853901003,981724301
1763853902003,997566471
1763853903003,1013383474
1763853904004,1028613889
1763853905003,1044065176
1763853906003,1059829990
1763853907004,1075452606
1763853908003,1090998354
1763853909003,1106635536
1763853910003,1122312895
1763853911003,1137876300
1763853912003,1153245762
1763853913004,1169197297
1763853914003,1186127649
1763853915003,1201772542
1763853916003,1217442955
1763853917003,1233059512
1763853918003,1248990729
1763853919003,1264978051
1763853920003,1280449089
1763853921003,1295788043
1763853922003,1311291426
1763853923004,1327010860
1763853924003,1342757666
1763853925003,1358126562
1763853926003,1373601961
1763853927003,1389488716
1763853928004,1405088000
1763853929003,1420713859
1763853930003,1435828469
1763853931003,1452943416
1763853932003,1469211141
1763853933003,1485295664
1763853934003,1500467756
1763853935003,1516785772
1763853936003,1532598536
1763853937004,1547851856
1763853938003,1563121975
1763853939003,1578172386
1763853940003,1593321054
1763853941003,1608645779
1763853942003,1624803374
1763853943003,1640116991
1763853944003,1655516854
1763853945003,1670645907
1763853946003,1685838134
1763853947003,1701749201
1763853948004,1717675384
1763853949003,1733942772
1763853950003,1748917265
1763853951004,1764285564
1763853952003,1779607810
1763853953003,1795145389
1763853954003,1810270418
1763853955003,1825752105
1763853956003,1841842947
1763853957004,1857106579
1763853958004,1872366156
1763853959003,1887337390
1763853960003,1902660998
1763853961003,1917951986
1763853962003,1933301099
1763853963003,1948257568
1763853964003,1964550370
1763853965003,1980168732
1763853966004,1994947706
1763853967004,2009416564
1763853968003,2023821438
1763853969003,2038222976
1763853970003,2052637075
1763853971003,2067075777
1763853972003,2081482288
1763853973003,2096059776
1763853974004,2111902819
1763853975003,2127563685
1763853976003,2143265723
1763853977004,2158637357
1763853978003,2174457710
1763853979003,2191298481
1763853980004,2207209166
1763853981003,2222290299
1763853982003,2237770059
1763853983003,2253285712
1763853984003,2268332130
1763853985003,2283382220
1763853986004,2298487344
1763853987003,2313498602
1763853988004,2328754921
1763853989003,2343911529
1763853990003,2359174396
1763853991004,2374484249
1763853992003,2389686360
1763853993003,2404965506
1763853994004,2420223339
1763853995003,2435457304
1763853996004,2450902608
1763853997003,2466149931
1763853998003,2481439144
1763853999004,2496711834
1763854000003,2511898231
1763854001003,2527230942
1763854002003,2543998044
1763854003003,2559397066
1763854004003,2574878432
1763854005004,2590595954
1763854006003,2606510876
1763854007003,2624179025
1763854008004,2639749774
1763854009003,2655199607
1763854010003,2670635379
1763854011003,2685866040
1763854012003,2701125005
1763854013003,2716882995
1763854014004,2732893910
1763854015003,2749454721
1763854016003,2764725957
1763854017003,2780120083
1763854018003,2795405120
1763854019003,2810696445
1763854020004,2826278653
1763854021003,2842099098
1763854022003,2858042692
1763854023004,2873447773
1763854024003,2888818918
1763854025003,2904129000
1763854026003,2919386512
1763854027004,2934535226
1763854028004,2949640855
1763854029003,2964731153
1763854030003,2979786185
1763854031004,2994924433
1763854032003,3010587196
1763854033003,3026229228
1763854034004,3042131405
1763854035003,3059229843
1763854036003,3074998115
1763854037004,3091217676
1763854038003,3107134128
1763854039003,3122830827
1763854040003,3139151551
1763854041003,3155862104
1763854042003,3172019347
1763854043003,3188612718
1763854044003,3204620771
1763854045003,3221213116
1763854046004,3238129944
1763854047003,3254498082
1763854048003,3270449281
1763854049003,3286403800
1763854050003,3302434742
1763854051003,3318190498
1763854052003,3334443704
1763854053003,3350609163
1763854054003,3366406199
1763854055003,3382163608
1763854056003,3398122227
1763854057003,3414241190
1763854058003,3430777446
1763854059003,3447127469
1763854060003,3463577509
1763854061004,3479714144
1763854062003,3495923163
1763854063004,3512304918
1763854064004,3528394184
1763854065004,3544769835
1763854066004,3561111796
1763854067003,3577039861
1763854068003,3593461596
1763854069004,3610069562
1763854070003,3626985411
1763854071004,3644352180
1763854072003,3660868301
1763854073004,3677824832
1763854074004,3694985603
1763854075004,3711875426
1763854076004,3728445509
1763854077004,3744818636
1763854078004,3761153268
1763854079003,3778863706
1763854080003,3795159033
1763854081004,3811287191
1763854082003,3827552254
1763854083004,3843967716
1763854084004,3860200740
1763854085004,3875550373
1763854086004,3891403162
1763854087004,3907252677
1763854088004,3923095414
1763854089004,3939632725
1763854090004,3955768151
1763854091003,3973811716
1763854092004,3990399135
1763854093004,4006154295
1763854094003,4021946450
1763854095004,4037578444
1763854096004,4053239892
1763854097004,4069408702
1763854098004,4085082175
1763854099004,4100892813
1763854100004,4116390458
1763854101004,4132213412
1763854102004,4147862864
1763854103004,4163856765
1763854104004,4179553754
1763854105003,4195529555
1763854106003,4211752344
1763854107003,4227827075
1763854108004,4244204577
1763854109004,4260138181
1763854110004,4276347919
1763854111003,4292484156
1763854112003,4308314974
1763854113003,4324427251
1763854114003,4340366500
1763854115003,4356442179
1763854116003,4372010113
1763854117003,4387761540
1763854118004,4403406187
1763854119003,4419205243
1763854120003,4435072521
1763854121004,4450602526
1763854122003,4466470905
1763854123004,4482455458
1763854124003,4500240928
1763854125003,4515650583
1763854126004,4531013022
1763854127003,4547480749
1763854128004,4562619793
1763854129003,4577073764
1763854130004,4591339377
1763854131004,4605897082
1763854132004,4620460968
1763854133004,4634834003
1763854134003,4649297781
1763854135004,4664881137
1763854136003,4679221491
1763854137004,4693717827
1763854138004,4708245881
1763854139003,4722621134
1763854140004,4737048238
1763854141004,4751497314
1763854142003,4766090637
1763854143004,4780522867
1763854144003,4794830953
1763854145003,4809262494
1763854146004,4823920521
1763854147003,4838486351
1763854148004,4853066608
1763854149003,4867497874
1763854150004,4882052489
1763854151003,4896823308
1763854152004,4912145110
1763854153004,4926756473
1763854154003,4941291090
1763854155004,4956282137
1763854156004,4971615782
1763854157003,4986780790
1763854158004,5001628338
1763854159004,5015551828
1763854160004,5029429326
1763854161004,5043492260
1763854162004,5057357288
1763854163004,5072954980
1763854164004,5087843318
1763854165004,5102633262
1763854166003,5116837262
1763854167004,5132465156
1763854168004,5146912732
1763854169003,5161815483
1763854170003,5175696591
1763854171003,5189988321
1763854172003,5204601122
1763854173003,5218391257
1763854174003,5232877542
1763854175003,5247708015
1763854176003,5262547883
1763854177003,5276172212
1763854178003,5289923347
1763854179003,5303681642
1763854180003,5317513011
1763854181003,5331210351
1763854182003,5345375229
1763854183003,5360097944
1763854184003,5375030729
1763854185003,5390575835
1763854186003,5406819478
1763854187003,5421883628
1763854188004,5437148148
1763854189004,5453052696
1763854190004,5468712476
1763854191003,5483533219
1763854192003,5498017224
1763854193003,5512547680
1763854194003,5528218521
1763854195003,5544183077
1763854196003,5560531096
1763854197003,5576913709
1763854198004,5593150788
1763854199003,5609548991
1763854200003,5626480522
1763854201003,5643603884
1763854202003,5659574927
1763854203003,5674736248
1763854204003,5690387383
1763854205003,5706941646
1763854206003,5724034408
1763854207003,5741226896
1763854208004,5757323200
1763854209003,5773550625
1763854210004,5789741130
1763854211003,5806021524
1763854212004,5821935375
1763854213004,5838336149
1763854214003,5855168597
1763854215003,5871254818
1763854216004,5886790928
1763854217003,5902566115
1763854218003,5918960952
1763854219003,5934204235
1763854220004,5948613087
1763854221003,5963178610
1763854222004,5977884221
1763854223004,5992351319
1763854224003,6006920071
1763854225004,6021735688
1763854226003,6036781280
1763854227003,6051974119
1763854228003,6067666365
1763854229004,6082589801
1763854230003,6098637053
1763854231004,6114910378
1763854232004,6130537110
1763854233004,6146577920
1763854234004,6163196184
1763854235004,6180504217
1763854236004,6196906490
1763854237004,6213873731
1763854238004,6230299122
1763854239003,6245861166
1763854240003,6261675873
1763854241004,6277357501
1763854242003,6293271276
1763854243004,6309210188
1763854244004,6325281936
1763854245004,6341295007
1763854246003,6357396911
1763854247004,6372854516
1763854248004,6388333511
1763854249004,6404063778
1763854250003,6419963507
1763854251004,6435907010
1763854252004,6451926890
1763854253003,6468066585
1763854254003,6483967599
1763854255003,6500189608
1763854256003,6516021053
1763854257004,6531609321
1763854258004,6547376169
1763854259003,6562882857
1763854260004,6579165897
1763854261004,6595850058
1763854262004,6612268687
1763854263003,6627665597
1763854264004,6642982779
1763854265003,6658607384
1763854266003,6674336717
1763854267003,6689923362
1763854268004,6705429851
1763854269003,6721524288
1763854270003,6737315663
1763854271003,6753350905
1763854272003,6769019007
1763854273004,6785325518
1763854274004,6801518074
1763854275004,6816861572
1763854276004,6832656221
1763854277003,6848480001
1763854278004,6865691920
1763854279004,6882245739
1763854280004,6897503144
1763854281004,6913194595
1763854282004,6928555412
1763854283004,6944543775
1763854284004,6960254901
1763854285004,6975813150
1763854286003,6991075297
1763854287004,7007408904
1763854288004,7024023557
1763854289004,7039877004
1763854290003,7055691466
1763854291003,7071003584
1763854292003,7086396623
1763854293003,7101914663
1763854294003,7117527824
1763854295003,7133845717
1763854296003,7150337205
1763854297003,7165472669
1763854298003,7180108771
1763854299003,7194640573
1763854300003,7209401769
1763854301003,7224817039
1763854302004,7240427216
1763854303003,7255299856
1763854304004,7270254030
1763854305003,7286024781
1763854306003,7300484550
1763854307003,7314312461
1763854308003,7328126800
1763854309003,7342004160
1763854310003,7355841955
1763854311003,7369460684
1763854312003,7383279552
1763854313003,7397204816
1763854314003,7410997598
1763854315003,7424805465
1763854316003,7438533620
1763854317003,7452224029
1763854318003,7467074179
1763854319003,7480746442
1763854320003,7495598015
1763854321004,7510441968
1763854322003,7525877724
1763854323003,7541011184
1763854324004,7556129619
1763854325003,7571391935
1763854326004,7585648307
1763854327003,7600470977
1763854328003,7615003330
1763854329003,7629598276
1763854330004,7644614751
1763854331003,7659262849
1763854332003,7673595782
1763854333003,7687752030
1763854334003,7702942482
1763854335003,7718348573
1763854336004,7732846547
1763854337003,7747043661
1763854338003,7761368394
1763854339003,7775845116
1763854340003,7790658285
1763854341003,7804833353
1763854342003,7819337493
1763854343003,7835725001
1763854344003,7851597160
1763854345003,7866206702
1763854346003,7880597973
1763854347003,7895292170
1763854348003,7909679571
1763854349003,7924953484
1763854350003,7940770808
1763854351003,7955463107
1763854352004,7970096670
1763854353004,7986353532
1763854354003,8002093866
1763854355003,8016615983
1763854356003,8032093601
1763854357003,8047173480
1763854358003,8062734345
1763854359003,8078051313
1763854360004,8094655377
1763854361003,8110281344
1763854362003,8124583983
1763854363003,8141174798
1763854364004,8156532387
1763854365003,8170992876
1763854366004,8186766212
1763854367003,8201529442
1763854368004,8217054322
1763854369003,8232925761
1763854370003,8246886078
1763854371003,8261263274
1763854372003,8276092233
1763854373003,8291663900
1763854374003,8306222171
1763854375003,8320880887
1763854376003,8335257991
1763854377004,8350036827
1763854378003,8365071005
1763854379003,8380731626
1763854380003,8395980080
1763854381004,8412149212
1763854382003,8427876265
1763854383003,8441973272
1763854384003,8455847955
1763854385003,8470417181
1763854386003,8485791799
1763854387004,8501490823
1763854388003,8517183819
1763854389003,8532943155
1763854390003,8547944239
1763854391004,8564240070
1763854392004,8580539864
1763854393003,8596633950
1763854394004,8612704611
1763854395003,8628101307
1763854396004,8643878437
1763854397003,8660088527
1763854398003,8676312494
1763854399003,8692529255
1763854400004,8708744026
1763854401003,8724729206
1763854402003,8742236935
1763854403003,8759085876
1763854404003,8775785245
1763854405004,8792052756
1763854406003,8808070525
1763854407003,8823784849
1763854408003,8840228294
1763854409003,8856499661
1763854410003,8872872099
1763854411003,8889769832
1763854412003,8905937480
1763854413003,8922011430
1763854414004,8938299519
1763854415004,8954541739
1763854416004,8970841747
1763854417004,8987015928
1763854418004,9003331282
1763854419003,9019150059
1763854420003,9036739444
1763854421004,9052977747
1763854422003,9069002768
1763854423004,9084769923
1763854424003,9100691868
1763854425003,9116628348
1763854426003,9132289306
1763854427004,9149339825
1763854428004,9166430720
1763854429003,9182499300
1763854430003,9198259081
1763854431003,9215523310
1763854432003,9231765163
1763854433004,9247405817
1763854434003,9263089832
1763854435004,9279278318
1763854436003,9294593634
1763854437004,9309801237
1763854438003,9324917300
1763854439003,9340201970
1763854440003,9355790711
1763854441003,9371650508
1763854442003,9387326995
1763854443003,9403882329
1763854444004,9419341128
1763854445004,9433973619
1763854446003,9448602959
1763854447004,9463141907
1763854448004,9477810414
1763854449004,9492443151
1763854450004,9506904374
1763854451004,9521525207
1763854452004,9536099666
1763854453004,9550567652
1763854454004,9565109659
1763854455003,9579726836
1763854456004,9593793931
1763854457003,9607565629
1763854458003,9621340923
1763854459003,9635334288
1763854460003,9650820871
1763854461004,9665631440
1763854462004,9681039626
1763854463004,9696414244
1763854464003,9711314195
1763854465003,9726721203
1763854466003,9741451003
1763854467004,9756176182
1763854468003,9770760203
1763854469003,9785282320
1763854470004,9800760902
1763854471003,9815466528
1763854472003,9830233935
1763854473003,9845474173
1763854474004,9860695898
1763854475003,9876132252
1763854476003,9891087099
1763854477003,9905687139
1763854478003,9920896074
1763854479003,9936065381
1763854480003,9951284566
1763854481004,9966489966
1763854482003,9982534679
1763854483004,9997391361
1763854484003,10012428905
1763854485003,10029096924
1763854486003,10045663626
1763854487003,10060723539
1763854488004,10075708619
1763854489003,10091162430
1763854490003,10106740920
1763854491003,10122649631
1763854492003,10138444341
1763854493003,10153620900
1763854494003,10168866846
1763854495003,10184448182
1763854496008,10201499512
1763854497004,10216888206
1763854498004,10232768917
1763854499003,10248759391
1763854500003,10264453840
1763854501004,10279315985
1763854502003,10294375561
1763854503003,10309917806
1763854504003,10325313063
1763854505003,10341100338
1763854506004,10355959285
1763854507004,10373051420
1763854508003,10390128209
1763854509003,10405079139
1763854510003,10420338303
1763854511003,10435685688
1763854512004,10451053176
1763854513003,10466923621
1763854514003,10482495288
1763854515003,10497468908
1763854516004,10511875954
1763854517003,10526433445
1763854518003,10541643849
1763854519003,10557249313
1763854520004,10573849155
1763854521004,10590188607
1763854522004,10606255779
1763854523003,10621846877
1763854524004,10637052093
1763854525004,10652296554
1763854526004,10667586105
1763854527004,10682379063
1763854528003,10697256079
1763854529003,10712407256
1763854530003,10727549314
1763854531004,10743375756
1763854532003,10758795586
1763854533003,10774795698
1763854534003,10790954748
1763854535003,10806187519
1763854536003,10822268600
1763854537003,10838271375
1763854538003,10854589743
1763854539003,10870252077
1763854540004,10886019064
1763854541003,10902026459
1763854542003,10919142432
1763854543003,10935641936
1763854544004,10951700939
1763854545004,10967904847
1763854546003,10984255774
1763854547004,10998893330
1763854548004,11014002248
1763854549004,11029137941
1763854550004,11044337512
1763854551004,11059963647
1763854552003,11075170011
1763854553004,11090399111
1763854554003,11106096895
1763854555003,11121439077
1763854556003,11136896943
1763854557003,11152367767
1763854558003,11167695613
1763854559003,11182797891
1763854560003,11198285118
1763854561003,11213491849
1763854562003,11228793608
1763854563003,11243859120
1763854564004,11259070411
1763854565003,11274358997
1763854566003,11289871178
1763854567004,11305202451
1763854568004,11320768457
1763854569003,11336258789
1763854570003,11352290511
1763854571003,11369036392
1763854572004,11384552458
1763854573003,11400244750
1763854574003,11415976363
1763854575003,11431223119
1763854576003,11446848275
1763854577004,11462498936
1763854578003,11478515924
1763854579003,11494503659
1763854580003,11511674559
1763854581003,11527938810
1763854582003,11543305977
1763854583003,11558394317
1763854584004,11573459937
1763854585003,11588796167
1763854586003,11604223203
1763854587003,11619667864
1763854588003,11634633774
1763854589003,11649517935
1763854590003,11664507758
1763854591003,11679515191
1763854592003,11694637206
1763854593003,11709761700
1763854594003,11724868232
1763854595003,11739818397
1763854596003,11754771883
1763854597003,11769565545
1763854598003,11784000284
1763854599003,11798308308
1763854600003,11813527861
1763854601003,11828739182
1763854602003,11844073989
1763854603003,11859094673
1763854604004,11873890614
1763854605003,11889549858
1763854606004,11906545343
1763854607003,11923785046
1763854608003,11939739993
1763854609003,11956168062
1763854610004,11971986947
1763854611003,11987167392
1763854612003,12002374629
1763854613003,12017963860
1763854614004,12033857821
1763854615003,12049823203
1763854616003,12065432645
1763854617004,12080804968
1763854618004,12096067208
1763854619003,12112183126
1763854620003,12127752651
1763854621004,12144162942
1763854622003,12160592112
1763854623003,12176276173
1763854624004,12191163960
1763854625004,12207019717
1763854626003,12222585723
1763854627003,12238418377
1763854628003,12253751242
1763854629004,12269339096
1763854630003,12284813210
1763854631003,12300343750
1763854632004,12316048420
1763854633004,12331500120
1763854634003,12348174825
1763854635003,12363470739
1763854636004,12378829782
1763854637003,12394009035
1763854638003,12409115612
1763854639003,12423874818
1763854640003,12439184396
1763854641004,12454919145
1763854642003,12470938138
1763854643003,12487090134
1763854644003,12504192918
1763854645003,12521031792
1763854646003,12537280652
1763854647003,12553378639
1763854648004,12568684606
1763854649003,12584433615
1763854650004,12600715355
1763854651003,12617002067
1763854652003,12632672143
1763854653003,12647980543
1763854654003,12664706534
1763854655004,12680274666
1763854656003,12695819971
1763854657003,12711224103
1763854658003,12726816777
1763854659003,12741869360
1763854660003,12756940564
1763854661003,12772070061
1763854662003,12787172385
1763854663003,12802287760
1763854664003,12817443527
1763854665003,12832500976
1763854666003,12847486392
1763854667003,12861927527
1763854668003,12876593786
1763854669003,12891269025
1763854670003,12905892138
1763854671003,12920698652
1763854672003,12935468170
1763854673003,12950439236
1763854674003,12965372235
1763854675003,12980026100
1763854676003,12995397658
1763854677003,13010745042
1763854678004,13026469878
1763854679003,13042113913
1763854680003,13057808041
1763854681004,13074076042
1763854682003,13089407728
1763854683003,13104656381
1763854684003,13120460379
1763854685003,13135878280
1763854686004,13151742988
1763854687004,13167723226
1763854688004,13183362580
1763854689004,13198893212
1763854690004,13214454965
1763854691003,13230047042
1763854692004,13245385307
1763854693004,13261887030
1763854694003,13277351934
1763854695003,13292894224
1763854696003,13308096901
1763854697003,13323679875
1763854698004,13340530071
1763854699003,13357165745
1763854700003,13372429928
1763854701003,13387783692
1763854702003,13403390411
1763854703003,13419412326
1763854704004,13435420655
1763854705003,13451570172
1763854706003,13466952624
1763854707003,13482767255
1763854708003,13498331180
1763854709003,13514078521
1763854710003,13529432913
1763854711003,13545456159
1763854712003,13561855036
1763854713003,13577538010
1763854714004,13593060778
1763854715003,13608306677
1763854716004,13625302514
1763854717003,13640982903
1763854718006,13657288082
1763854719003,13673621276
1763854720003,13690002221
1763854721003,13705380603
1763854722003,13720229390
1763854723003,13735306071
1763854724003,13750793282
1763854725004,13765385428
1763854726004,13779829332
1763854727003,13794214652
1763854728003,13808802360
1763854729004,13823436565
1763854730004,13839159075
1763854731003,13855130194
1763854732004,13870655900
1763854733003,13886822186
1763854734003,13902276915
1763854735004,13918179031
1763854736004,13933644164
1763854737003,13948882765
1763854738003,13964106311
1763854739003,13979261726
1763854740003,13994327452
1763854741004,14009473427
1763854742003,14024479636
1763854743003,14039381255
1763854744003,14054077624
1763854745004,14068845995
1763854746003,14083641906
1763854747003,14098061207
1763854748003,14112561339
1763854749003,14127982407
1763854750003,14143181167
1763854751003,14158739202
1763854752003,14174263056
1763854753003,14189215853
1763854754004,14204954718
1763854755004,14219656274
1763854756003,14234422274
1763854757003,14248515654
1763854758003,14262822669
1763854759003,14277665413
1763854760004,14292762933
1763854761003,14308284600
1763854762003,14324635113
1763854763004,14340555681
1763854764003,14355798428
1763854765003,14371039539
1763854766003,14386354135
1763854767003,14402229430
1763854768003,14417977613
1763854769003,14433786001
1763854770004,14449267368
1763854771003,14464762167
1763854772003,14480025906
1763854773003,14495963595
1763854774003,14511484787
1763854775003,14527030337
1763854776003,14542385983
1763854777003,14557659468
1763854778003,14573679195
1763854779003,14589132624
1763854780003,14604493961
1763854781003,14621315118
1763854782003,14637915618
1763854783004,14653623072
1763854784005,14669745126
1763854785004,14686880850
1763854786003,14703167241
1763854787004,14719739069
1763854788004,14736049313
1763854789003,14752186223
1763854790003,14768075885
1763854791003,14784662737
1763854792003,14800568097
1763854793003,14816684918
1763854794003,14833842920
1763854795003,14852285631
1763854796004,14868433007
1763854797004,14883403521
1763854798003,14898201390
1763854799003,14911964919
1763854800003,14925724423
1763854801003,14939487446
1763854802003,14953319350
1763854803003,14967256931
1763854804003,14981115426
1763854805004,14994942770
1763854806004,15008767039
1763854807004,15022553563
1763854808003,15036467399
1763854809004,15050420800
1763854810003,15064264010
1763854811003,15078021342
1763854812003,15092307778
1763854813003,15107143897
1763854814003,15122185740
1763854815004,15137773029
1763854816004,15153288453
1763854817003,15169713370
1763854818003,15185564721
1763854819003,15201361496
1763854820003,15216064245
1763854821003,15232141026
1763854822003,15247761975
1763854823003,15263265954
1763854824003,15278681454
1763854825003,15293193030
1763854826003,15307616829
1763854827003,15322604541
1763854828003,15337086924
1763854829003,15351897814
1763854830003,15366907221
1763854831003,15381524076
1763854832003,15396134000
1763854833003,15411732794
1763854834003,15427333240
1763854835004,15443018754
1763854836003,15457037425
1763854837003,15471678331
1763854838003,15486817605
1763854839003,15502089606
1763854840003,15517072651
1763854841004,15531950738
1763854842003,15547253446
1763854843003,15562485973
1763854844003,15577754486
1763854845003,15592594660
1763854846003,15607607999
1763854847004,15622921218
1763854848003,15638137497
1763854849003,15652888716
1763854850004,15667207145
1763854851004,15681933425
1763854852004,15696660869
1763854853004,15711501456
1763854854004,15726214410
1763854855003,15741146108
1763854856004,15756915956
1763854857004,15771718400
1763854858004,15788589327
1763854859004,15805340181
1763854860003,15823696019
1763854861007,15838671123
1763854862003,15852843269
1763854863017,15867880736
1763854864004,15884178939
1763854865003,15900490422
1763854866003,15917844156
1763854867003,15932676190
1763854868003,15947203509
1763854869003,15962476077
1763854870003,15977434718
1763854871003,15993204811
1763854872003,16009367608
1763854873003,16025943399
1763854874003,16041386439
1763854875003,16055520533
1763854876003,16070090998
1763854877003,16084356397
1763854878003,16099295271
1763854879003,16113761482
1763854880003,16128287608
1763854881004,16142526308
1763854882003,16157170076
1763854883003,16172009087
1763854884003,16186446855
1763854885003,16200959273
1763854886003,16215164282
1763854887003,16229875033
1763854888003,16244194135
1763854889003,16258666803
1763854890003,16272823663
1763854891004,16289419298
1763854892003,16306514600
1763854893003,16323331534
1763854894003,16340563526
1763854895004,16357708522
1763854896004,16375183907
1763854897004,16392241984
1763854898003,16407648656
1763854899003,16422103377
1763854900003,16436774761
1763854901003,16452549153
1763854902003,16467893920
1763854903003,16483281895
1763854904003,16498647180
1763854905003,16513662478
1763854906003,16528773003
1763854907003,16544250927
1763854908003,16559463625
1763854909003,16575703963
1763854910003,16591585852
1763854911003,16607678040
1763854912003,16623258199
1763854913003,16638734332
1763854914003,16654539248
1763854915003,16670353312
1763854916003,16685840095
1763854917003,16701672550
1763854918003,16717701182
1763854919003,16733119833
1763854920003,16749679727
1763854921003,16766367483
1763854922003,16782318452
1763854923003,16798324654
1763854924003,16814137709
1763854925003,16829388948
1763854926003,16844892821
1763854927004,16860634057
1763854928003,16876089108
1763854929003,16891779043
1763854930003,16907901709
1763854931003,16924054516
1763854932003,16939694696
1763854933004,16955369362
1763854934003,16971060002
1763854935004,16987873157
1763854936004,17005068368
1763854937003,17020877139
1763854938003,17035679506
1763854939003,17051151937
1763854940003,17066311560
1763854941003,17081671260
1763854942003,17096858163
1763854943003,17113089122
1763854944003,17128435022
1763854945003,17143286823
1763854946003,17157808818
1763854947003,17172363326
1763854948003,17186636971
1763854949003,17201298441
1763854950003,17216063232
1763854951003,17230389968
1763854952003,17245056717
1763854953003,17259429582
1763854954003,17274282134
1763854955004,17289944958
1763854956004,17307227364
1763854957004,17323059330
1763854958003,17339074329
1763854959003,17354705559
1763854960003,17371325979
1763854961003,17387656939
1763854962003,17403030976
1763854963003,17418067464
1763854964003,17432992538
1763854965003,17448240671
1763854966004,17463564156
1763854967003,17480057143
1763854968003,17496927428
1763854969003,17512585356
1763854970003,17527440524
1763854971003,17542236267
1763854972003,17557283250
1763854973003,17571608350
1763854974004,17586130681
1763854975003,17601422450
1763854976003,17616016370
1763854977003,17630747700
1763854978003,17644992245
1763854979003,17659510920
1763854980003,17673857638
1763854981003,17688459376
1763854982003,17703132826
1763854983003,17718593354
1763854984003,17732885451
1763854985004,17747283149
1763854986004,17762260977
1763854987004,17777507931
1763854988003,17792843672
1763854989003,17808279781
1763854990003,17824431471
1763854991003,17840092643
1763854992003,17856016730
1763854993004,17871135348
1763854994003,17885574264
1763854995003,17900766445
1763854996004,17915936135
1763854997003,17930916243
1763854998004,17945178214
1763854999003,17961227883
1763855000004,17978669317
1763855001003,17995035712
1763855002003,18010298487
1763855003004,18024916826
1763855004003,18039551123
1763855005004,18054550111
1763855006003,18070181096
1763855007003,18085585396
1763855008005,18102214706
1763855009003,18118086972
1763855010003,18132734167
1763855011003,18147453624
1763855012003,18162854818
1763855013003,18178634718
1763855014004,18194034305
1763855015003,18209267658
1763855016003,18224048912
1763855017003,18238889361
1763855018004,18253340211
1763855019003,18268018557
1763855020003,18282408329
1763855021003,18297820004
1763855022004,18313226308
1763855023004,18328566394
1763855024004,18342718022
1763855025003,18357274473
1763855026004,18372085378
1763855027004,18386276403
1763855028004,18400819573
1763855029003,18415023374
1763855030004,18430163673
1763855031003,18445783611
1763855032003,18461455677
1763855033005,18478866954
1763855034004,18494701429
1763855035004,18511664600
1763855036003,18527800317
1763855037003,18542895282
1763855038003,18557563009
1763855039003,18573721477
1763855040003,18587826164
1763855041004,18602884730
1763855042004,18617863446
1763855043003,18633278930
1763855044003,18649523261
1763855045003,18665315279
1763855046004,18681902452
1763855047004,18697271624
1763855048004,18712335177
1763855049003,18727235756
1763855050003,18742441661
1763855051003,18757529740
1763855052003,18772475148
1763855053003,18787176627
1763855054003,18801841340
1763855055003,18817058292
1763855056003,18832225779
1763855057003,18847128055
1763855058004,18862049717
1763855059003,18876735621
1763855060003,18891529940
1763855061003,18906325851
1763855062003,18920944160
1763855063003,18935640529
1763855064003,18951395826
1763855065004,18968317228
1763855066003,18983896101
1763855067003,18999990982
1763855068003,19016509689
1763855069003,19033255340
1763855070003,19050289931
1763855071003,19065852479
1763855072003,19080539255
1763855073003,19095660322
1763855074003,19110924550
1763855075003,19127292123
1763855076004,19143144438
1763855077003,19158592374
1763855078003,19174014284
1763855079004,19189315263
1763855080003,19204458040
1763855081004,19219768123
1763855082003,19234911007
1763855083003,19249986250
1763855084003,19264832651
1763855085003,19280303782
1763855086003,19295576012
1763855087004,19311247649
1763855088003,19326551428
1763855089003,19342150941
1763855090004,19358092072
1763855091003,19373580507
1763855092003,19388846281
1763855093003,19404296068
1763855094003,19419641035
1763855095004,19435452606
1763855096004,19451548190
1763855097004,19467786937
1763855098004,19483946032
1763855099004,19500110191
1763855100004,19518333685
1763855101003,19536095485
1763855102004,19551567809
1763855103016,19567255159
1763855104003,19583771769
1763855105004,19600288272
1763855106003,19617674183
1763855107003,19633131023
1763855108003,19649319907
1763855109004,19666576333
1763855110003,19682526767
1763855111003,19697881021
1763855112004,19713865466
1763855113003,19729862550
1763855114003,19745676415
1763855115003,19760861635
1763855116004,19776662343
1763855117004,19792509516
1763855118003,19808154868
1763855119003,19823632103
1763855120003,19839401859
1763855121004,19856038375
1763855122004,19871641728
1763855123003,19886829625
1763855124003,19901872524
1763855125003,19917127190
1763855126003,19932344983
1763855127003,19947520778
1763855128004,19961663654
1763855129003,19976382040
1763855130003,19991367579
1763855131003,20006108471
1763855132003,20020877469
1763855133003,20035936846
1763855134003,20051228829
1763855135003,20067327045
1763855136003,20083871517
1763855137003,20099864653
1763855138004,20116637630
1763855139003,20133417660
1763855140003,20148614737
1763855141003,20163600062
1763855142003,20178933722
1763855143003,20194368239
1763855144003,20209739935
1763855145003,20224864857
1763855146003,20239892441
1763855147003,20255222765
1763855148003,20269903085
1763855149003,20285827371
1763855150003,20300956944
1763855151003,20316133259
1763855152003,20331611014
1763855153003,20346560093
1763855154003,20361896966
1763855155003,20376453952
1763855156004,20391741131
1763855157003,20407001871
1763855158003,20422207638
1763855159003,20437209151
1763855160004,20452117639
1763855161003,20468374149
1763855162003,20483266741
1763855163003,20498485437
1763855164003,20513199171
1763855165003,20528347365
1763855166003,20543721554
1763855167003,20558679599
1763855168003,20573731647
1763855169003,20588663881
1763855170003,20605017485
1763855171003,20620062771
1763855172003,20634532379
1763855173003,20649218512
1763855174003,20663544453
1763855175004,20680085038
1763855176003,20695993580
1763855177003,20710504575
1763855178003,20725567945
1763855179003,20740920623
1763855180004,20756695229
1763855181003,20770823570
1763855182003,20785241479
1763855183003,20799997105
1763855184003,20814747192
1763855185003,20828561624
1763855186003,20843342311
1763855187003,20857260568
1763855188003,20871219753
1763855189003,20886289120
1763855190003,20901554282
1763855191004,20917576473
1763855192003,20931839668
1763855193003,20945871666
1763855194003,20959855820
1763855195003,20973790677
1763855196003,20987924603
1763855197003,21002856913
1763855198003,21017572652
1763855199003,21032320307
1763855200003,21046021227
1763855201003,21059735459
1763855202003,21073540159
1763855203003,21088359556
1763855204003,21104150364
1763855205003,21118182591
1763855206003,21131901122
1763855207003,21146229572
1763855208003,21160579335
1763855209003,21176546950
1763855210004,21191582169
1763855211004,21206614755
1763855212004,21222376785
1763855213003,21236998734
1763855214004,21252838365
1763855215003,21268513001
1763855216004,21283231632
1763855217003,21298771597
1763855218004,21314079109
1763855219003,21329902446
1763855220003,21346349778
1763855221004,21361830639
1763855222003,21377983461
1763855223003,21393649330
1763855224004,21408813971
1763855225003,21425065814
1763855226003,21440285214
1763855227003,21455488503
1763855228003,21470736100
1763855229003,21485845018
1763855230003,21500778966
1763855231003,21516211433
1763855232003,21531437259
1763855233003,21546791987
1763855234003,21562054364
1763855235003,21579277314
1763855236003,21595476541
1763855237004,21611588527
1763855238004,21628284285
1763855239003,21644438790
1763855240003,21660978595
1763855241003,21677100496
1763855242003,21692295033
1763855243003,21708158853
1763855244003,21723626250
1763855245004,21739635130
1763855246004,21756219840
1763855247003,21772106335
1763855248003,21787899148
1763855249004,21803474043
1763855250004,21818885994
1763855251003,21834258546
1763855252003,21849743370
1763855253003,21864984741
1763855254003,21880958109
1763855255003,21898638131
1763855256004,21913993823
1763855257003,21928657603
1763855258003,21943706255
1763855259003,21958577793
1763855260003,21974314027
1763855261003,21989242971
1763855262003,22003797326
1763855263004,22018572964
1763855264003,22033198127
1763855265003,22048454446
1763855266003,22064572124
1763855267003,22080973341
1763855268003,22096506574
1763855269003,22112305875
1763855270004,22126844853
1763855271004,22142073677
1763855272003,22157193749
1763855273003,22172768812
1763855274003,22187864970
1763855275003,22202627910
1763855276003,22217507573
1763855277003,22233231918
1763855278004,22248876092
1763855279004,22266091652
1763855280004,22281099147
1763855281004,22295752400
1763855282004,22310014127
1763855283003,22324962655
1763855284004,22339949617
1763855285003,22355626365
1763855286003,22371638748
1763855287003,22387099046
1763855288003,22403358616
1763855289004,22418709871
1763855290003,22434788763
1763855291003,22450390525
1763855292004,22465401830
1763855293003,22480220186
1763855294003,22495570523
1763855295003,22511012507
1763855296003,22526164785
1763855297003,22541938351
1763855298003,22556866239
1763855299003,22571618607
1763855300003,22586548760
1763855301003,22601908062
1763855302003,22617193267
1763855303003,22632670258
1763855304004,22647850046
1763855305004,22664956501
1763855306003,22680887412
1763855307003,22697286748
1763855308003,22712563767
1763855309003,22728581674
1763855310003,22744081721
1763855311004,22758777800
1763855312003,22773553453
1763855313003,22788738933
1763855314003,22804029477
1763855315004,22819135810
1763855316004,22834795697
1763855317004,22850248743
1763855318003,22865655322
1763855319004,22881471988
1763855320003,22898090619
1763855321004,22914312138
1763855322003,22929601810
1763855323003,22945055269
1763855324004,22960123046
1763855325003,22975709186
1763855326003,22991431726
1763855327003,23007575215
1763855328003,23023052114
1763855329003,23039136943
1763855330003,23055073270
1763855331003,23069737662
1763855332003,23084613286
1763855333004,23099916942
1763855334004,23115300067
1763855335004,23130411066
1763855336004,23144835631
1763855337004,23159954173
1763855338004,23174255756
1763855339003,23188734957
1763855340003,23202899452
1763855341004,23217607036
1763855342003,23232464101
1763855343003,23246701639
1763855344003,23261842213
1763855345003,23278935939
1763855346004,23293940312
1763855347003,23308717481
1763855348003,23323419006
1763855349003,23338505464
1763855350003,23353378793
1763855351003,23370267101
1763855352004,23385067893
1763855353004,23399879685
1763855354004,23414606164
1763855355004,23429664531
1763855356004,23445294445
1763855357003,23460513126
1763855358003,23476737781
1763855359004,23492039097
1763855360003,23505897087
1763855361004,23520163848
1763855362003,23533919313
1763855363003,23548243127
1763855364003,23562527635
1763855365004,23577138003
1763855366003,23592088827
1763855367003,23606407928
1763855368003,23620888246
1763855369004,23636173084
1763855370004,23652099848
1763855371003,23668270479
1763855372003,23682780602
1763855373003,23697343203
1763855374003,23712092525
1763855375003,23727088484
1763855376003,23743115142
1763855377003,23758640266
1763855378003,23774277157
1763855379003,23790221761
1763855380003,23805584889
1763855381003,23822034286
1763855382003,23838427196
1763855383003,23853981558
1763855384003,23869858904
1763855385004,23885829334
1763855386004,23900926502
1763855387003,23915202014
1763855388004,23930012980
1763855389004,23944701776
1763855390003,23959866677
1763855391004,23975452114
1763855392004,23990802879
1763855393006,24007456118
1763855394004,24023937829
1763855395004,24039103954
1763855396004,24054317999
1763855397003,24071179149
1763855398003,24086881723
1763855399004,24102724781
1763855400003,24117789620
1763855401003,24132515396
1763855402003,24147740273
1763855403003,24163510886
1763855404003,24179725152
1763855405003,24195304194
1763855406003,24211680855
1763855407004,24227988865
1763855408004,24242750381
1763855409004,24257406511
1763855410004,24272477118
1763855411004,24287756372
1763855412004,24303618478
1763855413003,24319971547
1763855414003,24335833699
1763855415003,24351675197
1763855416003,24368464407
1763855417003,24384314580
1763855418003,24399733797
1763855419003,24414976683
1763855420003,24430291279
1763855421003,24445678795
1763855422003,24460810663
1763855423003,24476306916
1763855424003,24491878736
1763855425003,24509666577
1763855426003,24525723346
1763855427003,24541107404
1763855428004,24557197848
1763855429003,24572590398
1763855430003,24589126745
1763855431003,24605275956
1763855432003,24620550527
1763855433003,24635647098
1763855434004,24650122383
1763855435003,24664822546
1763855436003,24680122393
1763855437004,24694977132
1763855438004,24709851701
1763855439003,24724546050
1763855440003,24739805658
1763855441003,24754799077
1763855442004,24769937662
1763855443003,24785206909
1763855444003,24800475161
1763855445003,24815444222
1763855446003,24830943489
1763855447004,24846890236
1763855448003,24861695235
1763855449004,24876171621
1763855450003,24891041813
1763855451003,24906296525
1763855452003,24921762132
1763855453004,24937488467
1763855454004,24952682744
1763855455003,24968304090
1763855456003,24983948906
1763855457003,24998529714
1763855458003,25013101617
1763855459003,25027795799
1763855460004,25042335526
1763855461004,25058697270
1763855462003,25075303232
1763855463003,25090741605
1763855464003,25106144192
1763855465003,25121990677
1763855466003,25136290057
1763855467003,25151667689
1763855468003,25167329014
1763855469003,25182761956
1763855470004,25198123171
1763855471003,25212870948
1763855472003,25227385630
1763855473003,25242458868
1763855474003,25257355056
1763855475003,25272808300
1763855476003,25288551495
1763855477003,25304380677
1763855478003,25320075019
1763855479003,25335608726
1763855480003,25350292702
1763855481003,25365271861
1763855482003,25380619001
1763855483004,25395979068
1763855484004,25411152660
1763855485004,25426431056
1763855486003,25442625938
1763855487003,25457670214
1763855488004,25472675719
1763855489003,25488145672
1763855490004,25505327572
1763855491003,25521387217
1763855492003,25536242997
1763855493003,25552972277
1763855494003,25568211291
1763855495003,25584465827
1763855496003,25599905302
1763855497003,25616435223
1763855498003,25632346366
1763855499003,25647698524
1763855500003,25663462772
1763855501003,25678574475
1763855502003,25693692803
1763855503003,25709455322
1763855504003,25725355587
1763855505003,25740696407
1763855506003,25756569178
1763855507003,25772115829
1763855508003,25787204766
1763855509003,25802012656
1763855510003,25817566131
1763855511003,25835268767
1763855512003,25851669954
1763855513004,25866172885
1763855514004,25880659292
1763855515003,25895402066
1763855516004,25910175869
1763855517004,25924831463
1763855518004,25940271581
1763855519003,25955324394
1763855520003,25970587812
1763855521003,25985581414
1763855522003,25999958548
1763855523003,26015318387
1763855524003,26030295113
1763855525004,26046467840
1763855526003,26063095651
1763855527003,26079003826
1763855528003,26093304246
1763855529003,26107837257
1763855530004,26122749785
1763855531003,26137314176
1763855532003,26152443780
1763855533003,26168091350
1763855534003,26183319578
1763855535003,26198824307
1763855536003,26213423261
1763855537003,26227927049
1763855538003,26243117149
1763855539003,26258703091
1763855540003,26273599920
1763855541004,26288222023
1763855542003,26303140304
1763855543003,26317038885
1763855544004,26330822303
1763855545003,26345534967
1763855546003,26360301639
1763855547003,26375721744
1763855548004,26390370683
1763855549004,26405752049
1763855550004,26422047819
1763855551004,26437194008
1763855552003,26451720715
1763855553003,26466294042
1763855554004,26480672951
1763855555004,26495252979
1763855556004,26509924623
1763855557003,26524777909
1763855558003,26541389349
1763855559003,26556508610
1763855560003,26571378175
1763855561003,26586747055
1763855562003,26602405504
1763855563004,26618523855
1763855564004,26634854907
1763855565003,26650368877
1763855566003,26666155585
1763855567003,26681567352
1763855568003,26696283642
1763855569003,26711143430
1763855570003,26726374825
1763855571003,26741699779
1763855572004,26756595415
1763855573004,26771106670
1763855574003,26785699458
1763855575005,26801935389
1763855576004,26817422814
1763855577004,26832843669
1763855578003,26847730447
1763855579003,26862835280
1763855580004,26877966108
1763855581003,26893290037
1763855582003,26908631592
1763855583003,26924120394
1763855584003,26939171371
1763855585003,26955375111
1763855586003,26970745996
1763855587003,26985896959
1763855588003,27001176090
1763855589004,27016997728
1763855590004,27032582629
1763855591003,27049013544
1763855592003,27066024650
1763855593003,27082164406
1763855594003,27098379025
1763855595003,27114675575
1763855596004,27130057399
1763855597003,27145832265
1763855598003,27161150365
1763855599003,27176553946
1763855600004,27192363329
1763855601003,27208170968
1763855602003,27224820795
1763855603003,27241664825
1763855604003,27257281872
1763855605004,27272685514
1763855606003,27287942598
1763855607003,27303238222
1763855608003,27318714111
1763855609004,27335176773
1763855610004,27350916403
1763855611004,27367391535
1763855612004,27384221749
1763855613004,27400953707
1763855614004,27416840737
1763855615004,27433213221
1763855616003,27449780505
1763855617003,27465513097
1763855618003,27481356828
1763855619003,27496863363
1763855620003,27512427671
1763855621003,27527947578
1763855622003,27543347670
1763855623004,27558890910
1763855624003,27575198246
1763855625004,27590861239
1763855626003,27606087860
1763855627004,27621685644
1763855628003,27637958387
1763855629003,27654171874
1763855630003,27670310681
1763855631003,27686153418
1763855632004,27701913168
1763855633003,27717914902
1763855634004,27734441075
1763855635004,27750816022
1763855636004,27767263752
1763855637004,27784100361
1763855638004,27800551441
1763855639004,27817608004
1763855640003,27834518742
1763855641003,27850509981
1763855642003,27866708595
1763855643003,27883367878
1763855644004,27899712547
1763855645003,27916240708
1763855646003,27933318155
1763855647003,27949301958
1763855648003,27964834579
1763855649004,27980658941
1763855650004,27996360076
1763855651003,28012791159
1763855652004,28028795633
1763855653003,28044453959
1763855654004,28060117150
1763855655004,28075642427
1763855656004,28092499309
1763855657003,28108598949
1763855658004,28124258575
1763855659003,28140162099
1763855660003,28155637360
1763855661004,28170966920
1763855662003,28186793913
1763855663003,28202194832
1763855664004,28217869039
1763855665004,28233469241
1763855666004,28249224094
1763855667004,28264548636
1763855668003,28279817791
1763855669004,28295515575
1763855670003,28311089675
1763855671003,28326540502
1763855672003,28341941115
1763855673003,28357678313
1763855674003,28373163565
1763855675003,28388838170
1763855676003,28404408307
1763855677003,28421810757
1763855678003,28438350164
1763855679003,28453884254
1763855680003,28469667734
1763855681003,28485434307
1763855682003,28501556468
1763855683004,28517997037
1763855684004,28533476001
1763855685003,28549051233
1763855686004,28564976574
1763855687003,28580649558
1763855688003,28596598798
1763855689003,28612617867
1763855690003,28628579837
1763855691003,28645509471
1763855692003,28661001241
1763855693003,28676211614
1763855694003,28691361000
1763855695003,28706729391
1763855696004,28722356949
1763855697003,28737472921
1763855698003,28752579253
1763855699003,28767651696
1763855700003,28782580197
1763855701003,28797651416
1763855702003,28812700557
1763855703003,28827529333
1763855704003,28842138538
1763855705004,28856448949
1763855706004,28871210833
1763855707004,28886278778
1763855708003,28901518281
1763855709003,28917080784
1763855710003,28933074195
1763855711003,28950650621
1763855712003,28966565023
1763855713003,28982703861
1763855714003,28998806743
1763855715003,29014947601
1763855716003,29030547404
1763855717003,29046708733
1763855718003,29062429636
1763855719003,29077960314
1763855720003,29094343845
1763855721003,29110779671
1763855722003,29126123735
1763855723004,29142135828
1763855724004,29157949051
1763855725003,29174130040
1763855726003,29189761056
1763855727003,29205628471
1763855728003,29221558740
1763855729003,29237755075
1763855730003,29253555415
1763855731004,29269850068
1763855732003,29285376967
1763855733003,29300663702
1763855734003,29315912126
1763855735003,29331759606
1763855736003,29347708739
1763855737003,29363149698
1763855738003,29378282301
1763855739003,29393657684
1763855740004,29408724695
1763855741003,29423928963
1763855742003,29438801604
1763855743003,29454467748
1763855744004,29470276947
1763855745004,29486224566
1763855746003,29502224678
1763855747003,29517296188
1763855748003,29532526695
1763855749004,29547841827
1763855750004,29563276865
1763855751004,29578142467
1763855752003,29594661816
1763855753004,29609967156
1763855754004,29624560112
1763855755003,29639517377
1763855756004,29657033123
1763855757003,29672998275
1763855758003,29688951708
1763855759003,29705776490
1763855760003,29721514284
1763855761003,29737952406
1763855762003,29753643168
1763855763003,29769354860
1763855764003,29784245478
1763855765003,29799792359
1763855766003,29815300638
1763855767003,29830846187
1763855768003,29846376636
1763855769003,29862104898
1763855770003,29878286484
1763855771003,29893629875
1763855772004,29909019870
1763855773004,29924138014
1763855774003,29938660636
1763855775003,29953871927
1763855776003,29969285300
1763855777004,29984448992
1763855778004,29999790486
1763855779003,30015074589
1763855780004,30030196619
1763855781003,30045182434
1763855782003,30060390144
1763855783003,30075449246
1763855784003,30091218068
1763855785003,30106494522
1763855786003,30122035435
1763855787004,30138880842
1763855788004,30154948581
1763855789003,30172156170
1763855790003,30188642593
1763855791003,30204785975
1763855792003,30222248875
1763855793003,30238874696
1763855794003,30254610425
1763855795004,30270201156
1763855796003,30285703100
1763855797003,30301170712
1763855798003,30316562481
1763855799004,30331582155
1763855800003,30346832843
1763855801003,30362354417
1763855802004,30377772059
1763855803003,30393860682
1763855804004,30409489433
1763855805003,30427089375
1763855806003,30443554256
1763855807003,30459030435
1763855808003,30474402682
1763855809004,30489784858
1763855810003,30506355921
1763855811004,30522243426
1763855812003,30537885457
1763855813003,30554105217
1763855814003,30570087520
1763855815004,30585942099
1763855816003,30601979988
1763855817003,30618932801
1763855818003,30635990863
1763855819003,30652081108
1763855820003,30668047484
1763855821003,30684588452
1763855822004,30700885522
1763855823003,30717655546
1763855824003,30734150139
1763855825004,30749676304
1763855826003,30765636514
1763855827003,30781364119
1763855828004,30797577284
1763855829004,30813732462
1763855830004,30830082608
1763855831003,30846110429
1763855832003,30862163679
1763855833004,30878199731
1763855834003,30894131621
1763855835004,30910015301
1763855836004,30925639416
1763855837004,30941751295
1763855838004,30957696711
1763855839003,30974649570
1763855840003,30990775953
1763855841004,31007638695
1763855842004,31023160744
1763855843004,31038223548
1763855844004,31053320272
1763855845004,31068325701
1763855846004,31083448527
1763855847004,31098555028
1763855848003,31113729813
1763855849003,31129672520
1763855850004,31145887873
1763855851003,31162519279
1763855852004,31178318044
1763855853004,31194567271
1763855854004,31210720522
1763855855004,31226423294
1763855856003,31242509378
1763855857004,31258256780
1763855858003,31274076384
1763855859003,31289533790
1763855860003,31304853527
1763855861003,31319990811
1763855862003,31335159231
1763855863004,31350516698
1763855864003,31365875726
1763855865003,31381148446
1763855866003,31396368182
1763855867003,31412060260
1763855868003,31427630963
1763855869003,31443599863
1763855870004,31459006826
1763855871003,31473774401
1763855872003,31489145087
1763855873003,31504268846
1763855874004,31519583274
1763855875004,31534841291
1763855876003,31550146631
1763855877003,31564956021
1763855878003,31580794122
1763855879003,31597372559
1763855880003,31613435035
1763855881003,31628771923
1763855882003,31644037896
1763855883003,31659588755
1763855884004,31675403340
1763855885003,31691181128
1763855886003,31706362737
1763855887003,31721280084
1763855888004,31736566574
1763855889003,31751699651
1763855890004,31767362995
1763855891004,31782825879
1763855892003,31798412478
1763855893003,31813797057
1763855894003,31828952916
1763855895003,31844069530
1763855896003,31859086373
1763855897003,31874344604
1763855898003,31889592385
1763855899003,31904855726
1763855900004,31919832758
1763855901003,31936032490
1763855902003,31951536408
1763855903004,31967771437
1763855904004,31983419359
1763855905003,31999389698
1763855906003,32013962749
1763855907003,32028643727
1763855908003,32043441535
1763855909003,32059099478
1763855910003,32075681312
1763855911004,32091870258
1763855912003,32107765535
1763855913003,32123935370
1763855914004,32139397168
1763855915004,32155612597
1763855916003,32171960479
1763855917003,32188695160
1763855918004,32204200272
1763855919004,32219305579
1763855920003,32233878095
1763855921004,32248365986
1763855922003,32263006663
1763855923003,32277620259
1763855924004,32292743590
1763855925004,32307878136
1763855926003,32323085709
1763855927003,32338320485
1763855928003,32353620577
1763855929004,32368799921
1763855930003,32383826709
1763855931003,32398998219
1763855932003,32414183806
1763855933003,32429488365
1763855934004,32444699534
1763855935004,32459905653
1763855936003,32475758350
1763855937004,32492084628
1763855938003,32508854010
1763855939003,32525665175
1763855940003,32543270793
1763855941003,32560275259
1763855942003,32576820190
1763855943003,32593014368
1763855944003,32609302350
1763855945003,32625493835
1763855946003,32642079647
1763855947004,32658761421
1763855948003,32674866782
1763855949003,32690508752
1763855950004,32706972011
1763855951003,32723272677
1763855952003,32739947046
1763855953004,32756643874
1763855954003,32773150876
1763855955003,32789166090
1763855956003,32805409136
1763855957003,32821852352
1763855958003,32838388776
1763855959003,32854629144
1763855960003,32870757486
1763855961003,32886984284
1763855962003,32903462797
1763855963003,32919836428
1763855964003,32936139802
1763855965007,32953280928
1763855966004,32970877473
1763855967004,32987475556
1763855968003,33003784683
1763855969003,33020210487
1763855970004,33036667641
1763855971003,33053270758
1763855972004,33069804336
1763855973004,33086367978
1763855974003,33103069274
1763855975003,33119976402
1763855976003,33136403292
1763855977003,33152307076
1763855978003,33169245507
1763855979004,33185747062
1763855980004,33202491658
1763855981003,33219413182
1763855982003,33235612868
1763855983004,33250922477
1763855984003,33265923912
1763855985003,33280675346
1763855986003,33295632060
1763855987003,33310448259
1763855988003,33324565125
1763855989004,33339048809
1763855990003,33353297577
1763855991003,33367702113
1763855992003,33382136547
1763855993003,33396498305
1763855994003,33410900348
1763855995003,33425781082
1763855996003,33440635485
1763855997003,33455147244
1763855998003,33469552347
1763855999003,33484085159
1763856000004,33499050716
1763856001004,33514276022
1763856002003,33529892885
1763856003003,33546237217
1763856004003,33561713580
1763856005004,33577692854
1763856006004,33593143482
1763856007004,33607224287
1763856008003,33621836414
1763856009003,33636156128
1763856010003,33651958289
1763856011003,33668319558
1763856012004,33684302275
1763856013003,33699589668
1763856014003,33713940777
1763856015003,33729543977
1763856016004,33744861006
1763856017004,33760450467
1763856018004,33775586649
1763856019003,33791004980
1763856020003,33806560230
1763856021003,33821998725
1763856022004,33838225645
1763856023004,33853516756
1763856024003,33868504177
1763856025004,33883335400
1763856026004,33898803991
1763856027003,33913760093
1763856028004,33928999398
1763856029003,33943967342
1763856030004,33959163592
1763856031003,33974568596
1763856032003,33990463047
1763856033004,34006038906
1763856034004,34021635313
1763856035004,34037529274
1763856036004,34052555573
1763856037004,34068221855
1763856038004,34083461557
1763856039003,34099083255
1763856040004,34115098270
1763856041003,34130757285
1763856042003,34146101333
1763856043003,34161811251
1763856044003,34179423601
1763856045003,34195958479
1763856046004,34212417638
1763856047003,34226794283
1763856048003,34241576699
1763856049003,34256282493
1763856050003,34272237807
1763856051003,34287351147
1763856052003,34303000263
1763856053003,34318044141
1763856054003,34332605090
1763856055003,34347797867
1763856056003,34362826996
1763856057003,34379032603
1763856058004,34394439596
1763856059003,34409990608
1763856060004,34424421461
1763856061004,34439359876
1763856062004,34454628404
1763856063004,34470188672
1763856064004,34485699292
1763856065003,34500840952
1763856066004,34516652247
1763856067004,34530948567
1763856068003,34544840508
1763856069003,34558740451
1763856070004,34572680985
1763856071004,34586561727
1763856072003,34600357170
1763856073004,34614186473
1763856074003,34627796374
1763856075003,34641710775
1763856076003,34655715233
1763856077004,34670082713
1763856078003,34684658197
1763856079003,34699776616
1763856080003,34715470668
1763856081003,34730025038
1763856082004,34746453153
1763856083004,34763129342
1763856084003,34779637124
1763856085004,34795384832
1763856086004,34810892316
1763856087004,34826454160
1763856088004,34841811978
1763856089004,34856294408
1763856090003,34870920749
1763856091003,34885629817
1763856092003,34900247085
1763856093003,34915468366
1763856094003,34930432761
1763856095003,34945977591
1763856096003,34961600896
1763856097003,34977090692
1763856098003,34992434052
1763856099003,35007681696
1763856100003,35023238904
1763856101003,35038654373
1763856102003,35053859835
1763856103003,35068976403
1763856104004,35084163581
1763856105003,35099406129
1763856106003,35115012955
1763856107004,35130796879
1763856108004,35147726972
1763856109003,35165339016
1763856110003,35181145431
1763856111003,35196320644
1763856112003,35211783252
1763856113003,35227543124
1763856114004,35243223161
1763856115003,35258834011
1763856116003,35274275261
1763856117003,35289953278
1763856118003,35305628877
1763856119003,35321339897
1763856120003,35336582598
1763856121003,35352266108
1763856122003,35368215700
1763856123003,35383470075
1763856124003,35398626470
1763856125004,35414357930
1763856126003,35430197943
1763856127003,35445490324
1763856128003,35460286020
1763856129003,35476627201
1763856130003,35494135251
1763856131004,35509424755
1763856132003,35523889344
1763856133003,35538561983
1763856134003,35552786439
1763856135003,35567283709
1763856136004,35582175781
1763856137003,35597352203
1763856138003,35612760955
1763856139004,35627166211
1763856140004,35642069788
1763856141004,35657270460
1763856142004,35672704488
1763856143004,35688887757
1763856144004,35705050387
1763856145003,35722117246
1763856146003,35739030402
1763856147003,35755505763
1763856148003,35770537768
1763856149003,35785052266
1763856150003,35800400997
1763856151003,35815525613
1763856152003,35830628197
1763856153003,35845687681
1763856154003,35860935370
1763856155003,35876497031
1763856156003,35892092367
1763856157003,35908037981
1763856158003,35923097174
1763856159003,35937870548
1763856160004,35952519120
1763856161003,35967332090
1763856162003,35982219128
1763856163003,35998065323
1763856164004,36014340881
1763856165003,36030851310
1763856166003,36046655919
1763856167003,36062888975
1763856168003,36078917683
1763856169004,36094876746
1763856170003,36110067320
1763856171003,36125692262
1763856172004,36141245370
1763856173003,36157068461
1763856174004,36172376739
1763856175003,36187492771
1763856176003,36203089010
1763856177004,36218417300
1763856178003,36234118603
1763856179003,36249538877
1763856180003,36265111982
1763856181003,36280341311
1763856182003,36296441914
1763856183004,36312557190
1763856184004,36328862415
1763856185003,36344893816
1763856186003,36360243832
1763856187004,36375665085
1763856188004,36391130646
1763856189003,36406701900
1763856190004,36421650933
1763856191004,36436948240
1763856192004,36452657622
1763856193003,36468292371
1763856194004,36485384536
1763856195003,36502010740
1763856196003,36517431457
1763856197003,36533940892
1763856198004,36550105112
1763856199003,36566239054
1763856200004,36582042409
1763856201004,36598474104
1763856202004,36614472212
1763856203003,36630824990
1763856204004,36646816672
1763856205004,36664460479
1763856206003,36680414463
1763856207003,36695426226
1763856208003,36710921928
1763856209003,36726493427
1763856210003,36742357140
1763856211003,36757116224
1763856212003,36772303264
1763856213003,36787541742
1763856214003,36802777896
1763856215003,36817704224
1763856216003,36832662376
1763856217003,36848055384
1763856218003,36863265818
1763856219003,36878348543
1763856220003,36893210596
1763856221003,36908544776
1763856222003,36923822713
1763856223004,36939664410
1763856224004,36955149096
1763856225003,36971656832
1763856226003,36988680469
1763856227004,37004404356
1763856228003,37020303305
1763856229004,37035060354
1763856230003,37050452108
1763856231004,37066326990
1763856232003,37082265076
1763856233003,37099175952
1763856234004,37115433946
1763856235003,37131752513
1763856236003,37147282901
1763856237003,37162833561
1763856238003,37177928816
1763856239003,37193772930
1763856240003,37209173436
1763856241003,37225009379
1763856242003,37240344416
1763856243003,37256051519
1763856244003,37272554114
1763856245003,37287774906
1763856246003,37303179298
1763856247004,37318698394
1763856248003,37334316955
1763856249003,37349970385
1763856250003,37365640293
1763856251003,37380423918
1763856252004,37395337608
1763856253003,37410853889
1763856254003,37425817121
1763856255003,37441365409
1763856256003,37456010982
1763856257003,37471831366
1763856258003,37487851858
1763856259003,37503771937
1763856260003,37519203593
1763856261003,37533981496
1763856262004,37549947979
1763856263004,37565812718
1763856264004,37581817283
1763856265003,37598116266
1763856266003,37614744566
1763856267003,37630361719
1763856268003,37645695119
1763856269003,37662539884
1763856270004,37678855605
1763856271003,37693753444
1763856272003,37708877295
1763856273003,37724338267
1763856274004,37739706780
1763856275004,37754773394
1763856276004,37770536326
1763856277003,37786517191
1763856278003,37802306210
1763856279004,37817601513
1763856280003,37833232528
1763856281003,37847761791
1763856282004,37862891594
1763856283003,37877318928
1763856284003,37891967530
1763856285004,37906431171
1763856286003,37921747649
1763856287003,37937303909
1763856288003,37952064385
1763856289003,37967567202
1763856290003,37984030614
1763856291004,38000102346
1763856292003,38014449752
1763856293003,38028465378
1763856294004,38042947945
1763856295003,38057587398
1763856296004,38072690059
1763856297003,38086677197
1763856298003,38100718037
1763856299004,38114622126
1763856300003,38128593337
1763856301004,38143034364
1763856302004,38157938767
1763856303004,38173148038
1763856304003,38187002066
1763856305003,38201858060
1763856306003,38216691624
1763856307003,38232691660
1763856308004,38248187194
1763856309003,38262724979
1763856310003,38278393510
1763856311003,38293355610
1763856312003,38308522408
1763856313003,38323226932
1763856314003,38337925458
1763856315003,38352556909
1763856316003,38367295047
1763856317003,38381917915
1763856318003,38396661194
1763856319003,38411383267
1763856320004,38426452482
1763856321003,38441760622
1763856322004,38458155719
1763856323004,38474144694
1763856324004,38489522479
1763856325004,38505665371
1763856326004,38520971032
1763856327004,38535537902
1763856328004,38550381426
1763856329004,38565905051
1763856330004,38582086163
1763856331004,38597627842
1763856332004,38613786279
1763856333003,38629024650
1763856334004,38644655773
1763856335004,38660147298
1763856336003,38675547284
1763856337004,38691218967
1763856338004,38707211261
1763856339003,38722836050
1763856340004,38738831190
1763856341003,38754537588
1763856342003,38770182971
1763856343003,38785923504
1763856344004,38801134534
1763856345004,38816825923
1763856346003,38833071096
1763856347004,38849276458
1763856348004,38864859830
1763856349004,38880124257
1763856350004,38895547131
1763856351004,38911655308
1763856352004,38928758979
1763856353004,38944195195
1763856354004,38959216337
1763856355004,38976041946
1763856356004,38992076973
1763856357003,39007460527
1763856358003,39023033341
1763856359003,39038639387
1763856360003,39055053977
1763856361003,39070826701
1763856362003,39086938167
1763856363003,39102173968
1763856364003,39118549329
1763856365003,39135155903
1763856366003,39151553127
1763856367004,39168244845
1763856368004,39184112812
1763856369004,39200644294
1763856370003,39215771618
1763856371004,39229762871
1763856372004,39243452898
1763856373004,39258321867
1763856374004,39272936427
1763856375004,39288150624
1763856376003,39302680896
1763856377003,39317098056
1763856378003,39331655761
1763856379003,39346570354
1763856380003,39361370916
1763856381004,39376241996
1763856382003,39390579764
1763856383003,39405249664
1763856384003,39419584295
1763856385003,39434403462
1763856386004,39450757617
1763856387003,39466974699
1763856388003,39483595242
1763856389003,39500694751
1763856390003,39517673238
1763856391003,39535156532
1763856392003,39551864836
1763856393003,39567093844
1763856394003,39582985235
1763856395004,39598863912
1763856396004,39615265068
1763856397003,39631735472
1763856398003,39647749875
1763856399003,39663600354
1763856400004,39679736085
1763856401003,39696216282
1763856402004,39712323632
1763856403004,39728155399
1763856404003,39744519483
1763856405004,39760581974
1763856406003,39776203259
1763856407004,39791491554
1763856408004,39808320973
1763856409004,39825626481
1763856410004,39841297812
1763856411004,39856474831
1763856412004,39871606500
1763856413003,39887119063
1763856414003,39902510649
1763856415004,39917955647
1763856416003,39933343576
1763856417003,39948899576
1763856418003,39965097946
1763856419003,39980908920
1763856420003,39996358141
1763856421003,40011576210
1763856422003,40028338874
1763856423003,40044798369
1763856424003,40060663123
1763856425004,40075876357
1763856426003,40090971367
1763856427004,40106234097
1763856428003,40121541823
1763856429004,40136980671
1763856430003,40151903357
1763856431003,40168701258
1763856432004,40184228998
1763856433004,40199001760
1763856434003,40213569701
1763856435003,40228274669
1763856436003,40243202190
1763856437004,40258181961
1763856438003,40273400244
1763856439003,40288126999
1763856440003,40302875358
1763856441003,40318110654
1763856442003,40333473720
1763856443003,40349279309
1763856444003,40364155438
1763856445003,40378597704
1763856446003,40393360950
1763856447003,40409398808
1763856448003,40424464534
1763856449007,40440590902
1763856450003,40455636586
1763856451003,40469857370
1763856452003,40483641721
1763856453003,40497505464
1763856454004,40511298506
1763856455003,40525076967
1763856456003,40538699521
1763856457004,40552364731
1763856458003,40566075918
1763856459003,40579855909
1763856460003,40593705453
1763856461003,40607547057
1763856462003,40621373912
1763856463003,40636300715
1763856464003,40650021326
1763856465003,40663615866
1763856466003,40677359733
1763856467004,40691104213
1763856468004,40705936752
1763856469003,40720604786
1763856470004,40735741626
1763856471003,40751427890
1763856472003,40765985626
1763856473003,40781472653
1763856474003,40795999483
1763856475005,40811844500
1763856476003,40826532546
1763856477003,40840842834
1763856478003,40855862141
1763856479003,40871742776
1763856480003,40886665355
1763856481003,40902008914
1763856482003,40916695338
1763856483003,40931487256
1763856484003,40946354343
1763856485003,40961260980
1763856486003,40975958205
1763856487003,40992007737
1763856488003,41007229585
1763856489003,41022953211
1763856490003,41037436834
1763856491003,41052168362
1763856492003,41066890680
1763856493004,41081775668
1763856494003,41097400930
1763856495003,41112509650
1763856496003,41127073628
1763856497003,41141290220
1763856498003,41156037553
1763856499003,41170951366
1763856500003,41186185637
1763856501003,41201387120
1763856502003,41216237805
1763856503003,41231555982
1763856504003,41247159824
1763856505003,41261795881
1763856506003,41277181224
1763856507003,41292614518
1763856508004,41308988471
1763856509003,41325121709
1763856510003,41341399057
1763856511003,41357301449
1763856512003,41373895905
1763856513004,41390088140
1763856514003,41404837646
1763856515003,41420027792
1763856516003,41435217999
1763856517003,41450304580
1763856518004,41465460806
1763856519004,41481383592
1763856520004,41497820627
1763856521004,41513907215
1763856522003,41530026867
1763856523004,41546052041
1763856524003,41561938643
1763856525003,41578257470
1763856526004,41594475638
1763856527003,41610207052
1763856528003,41625810344
1763856529003,41641217888
1763856530003,41656418912
1763856531003,41671364472
1763856532003,41686457402
1763856533003,41701686716
1763856534003,41717538067
1763856535004,41733335241
1763856536003,41749259771
1763856537003,41765529546
1763856538003,41781255667
1763856539003,41797636642
1763856540004,41814182934
1763856541003,41829273554
1763856542003,41844345706
1763856543003,41859451825
1763856544004,41874464996
1763856545004,41889925952
1763856546003,41905062563
1763856547003,41920321635
1763856548003,41936700469
1763856549003,41952819356
1763856550003,41969480796
1763856551003,41985545520
1763856552003,42001302240
1763856553003,42018636314
1763856554004,42035158968
1763856555004,42050850786
1763856556003,42066684740
1763856557004,42082214256
1763856558004,42097834423
1763856559003,42113571866
1763856560003,42129802442
1763856561003,42146044708
1763856562004,42162184785
1763856563003,42177855183
1763856564004,42193903139
1763856565003,42209658711
1763856566003,42225932862
1763856567003,42241648808
1763856568003,42257583437
1763856569003,42273706103
1763856570003,42289659413
1763856571004,42305224822
1763856572004,42321013412
1763856573003,42336792409
1763856574004,42352466815
1763856575003,42368490934
1763856576004,42384037095
1763856577003,42400282697
1763856578003,42416498708
1763856579003,42432893132
1763856580003,42448613285
1763856581003,42465898307
1763856582004,42482083779
1763856583004,42498731602
1763856584003,42515118484
1763856585003,42530768685
1763856586003,42546428802
1763856587003,42562022439
1763856588003,42577330196
1763856589003,42593535558
1763856590003,42609404596
1763856591003,42625765773
1763856592003,42641336981
1763856593003,42657226108
1763856594003,42672391146
1763856595003,42687806432
1763856596004,42703698924
1763856597004,42719125976
1763856598003,42734691171
1763856599003,42749922366
1763856600003,42765711966
1763856601004,42781375250
1763856602003,42797244624
1763856603003,42812531894
1763856604004,42827974995
1763856605003,42843700213
1763856606003,42859455388
1763856607003,42875077774
1763856608003,42891553059
1763856609003,42908316121
1763856610003,42924809139
1763856611004,42941094030
1763856612004,42956966618
1763856613003,42972845463
1763856614003,42989298180
1763856615003,43005545051
1763856616003,43020908531
1763856617004,43036034799
1763856618003,43052314841
1763856619003,43068556938
1763856620003,43084285782
1763856621003,43100287547
1763856622004,43115595962
1763856623003,43130964537
1763856624003,43146156886
1763856625003,43161461292
1763856626003,43176670854
1763856627003,43191930309
1763856628003,43207186566
1763856629003,43222438922
1763856630003,43237695011
1763856631003,43252969200
1763856632003,43268174952
1763856633003,43283543848
1763856634003,43299046925
1763856635004,43314594815
1763856636003,43330221302
1763856637003,43345735517
1763856638003,43361418645
1763856639003,43376952903
1763856640003,43392487926
1763856641003,43408098684
1763856642003,43423554714
1763856643003,43438673378
1763856644003,43453852233
1763856645004,43468969505
1763856646003,43484256729
1763856647003,43500289232
1763856648004,43516256985
1763856649003,43531592130
1763856650003,43546639802
1763856651004,43561087714
1763856652003,43575577120
1763856653003,43590034090
1763856654004,43604437587
1763856655003,43618827114
1763856656003,43633363568
1763856657003,43648969767
1763856658003,43664562288
1763856659004,43680211801
1763856660003,43695627392
1763856661003,43710577971
1763856662003,43725641173
1763856663004,43741609920
1763856664004,43756329790
1763856665003,43771638894
1763856666004,43786833140
1763856667004,43801866966
1763856668004,43816391532
1763856669004,43830810160
1763856670004,43845323985
1763856671003,43859812289
1763856672003,43874231330
1763856673003,43889779925
1763856674003,43904134155
1763856675004,43918679406
1763856676004,43933371996
1763856677003,43948471949
1763856678004,43963778298
1763856679003,43979376113
1763856680004,43994336361
1763856681003,44009040931
1763856682003,44024182668
1763856683003,44039605833
1763856684003,44055354566
1763856685003,44071536106
1763856686003,44088073356
1763856687003,44104256181
1763856688003,44119979517
1763856689003,44136309636
1763856690003,44152300308
1763856691003,44168042264
1763856692003,44183492112
1763856693003,44200406583
1763856694003,44215337073
1763856695003,44230190221
1763856696003,44245027993
1763856697003,44259659995
1763856698003,44274650537
1763856699003,44290677058
1763856700004,44306852463
1763856701003,44322672555
1763856702003,44338256692
1763856703003,44353403156
1763856704004,44369793511
1763856705003,44386126108
1763856706004,44402941787
1763856707004,44420074605
1763856708003,44436809836
1763856709004,44453295648
1763856710004,44469783647
1763856711003,44486007537
1763856712003,44502194646
1763856713004,44518104336
1763856714003,44533652931
1763856715004,44549592731
1763856716003,44565599988
1763856717003,44581635582
1763856718003,44597734349
1763856719003,44614139529
1763856720003,44630495596
1763856721003,44646435764
1763856722003,44662214730
1763856723003,44678008813
1763856724004,44693955468
1763856725004,44710151206
1763856726004,44726540887
1763856727003,44742782556
1763856728004,44759141072
1763856729004,44775641372
1763856730003,44792493389
1763856731004,44808341985
1763856732004,44824594977
1763856733003,44840888895
1763856734003,44857017696
1763856735003,44872466902
1763856736003,44888172948
1763856737003,44903953307
1763856738003,44919520614
1763856739003,44935424933
1763856740004,44951555493
1763856741004,44967486848
1763856742003,44983484696
1763856743004,44999588742
1763856744004,45015442587
1763856745004,45031355137
1763856746004,45047424666
1763856747004,45063544960
1763856748004,45079568681
1763856749003,45095398000
1763856750003,45111546461
1763856751003,45127562547
1763856752003,45143470737
1763856753003,45159189682
1763856754004,45175305555
1763856755003,45191307075
1763856756003,45207445423
1763856757003,45223116907
1763856758003,45239201170
1763856759004,45255362024
1763856760003,45271460761
1763856761003,45287351172
1763856762003,45303129848
1763856763003,45319221134
1763856764003,45335344901
1763856765003,45351275613
1763856766003,45367399441
1763856767003,45384324913
1763856768003,45399725373
1763856769003,45415171687
1763856770003,45430272573
1763856771003,45445629749
1763856772003,45460789096
1763856773003,45476159216
1763856774003,45491391957
1763856775003,45507689624
1763856776003,45522693952
1763856777004,45537627348
1763856778003,45553012034
1763856779003,45568267740
1763856780004,45583787984
1763856781004,45599164958
1763856782003,45614683580
1763856783004,45630353534
1763856784003,45646499930
1763856785003,45662392438
1763856786004,45677811258
1763856787003,45692980672
1763856788004,45708702646
1763856789003,45723995929
1763856790004,45739415728
1763856791003,45754527997
1763856792003,45769858062
1763856793003,45785167762
1763856794003,45800703229
1763856795004,45816143561
1763856796004,45831803004
1763856797003,45847306983
1763856798004,45863045695
1763856799004,45878840834
1763856800003,45894254589
1763856801003,45910170843
1763856802003,45925545354
1763856803003,45942054513
1763856804003,45957572278
1763856805003,45974253026
1763856806003,45990165424
1763856807004,46005814937
1763856808004,46021803284
1763856809004,46037951486
1763856810003,46053763714
1763856811004,46068712289
1763856812004,46083917918
1763856813003,46099302940
1763856814003,46115094942
1763856815003,46130527854
1763856816003,46146598224
1763856817003,46162724684
1763856818003,46177735055
1763856819003,46192332555
1763856820003,46206790918
1763856821003,46221199081
1763856822004,46235672070
1763856823004,46250203780
1763856824004,46264827673
1763856825004,46279328876
1763856826004,46293770576
1763856827003,46308284692
1763856828004,46322889766
1763856829003,46337377703
1763856830004,46351826258
1763856831004,46366095145
1763856832003,46380554823
1763856833004,46395821224
1763856834003,46410975063
1763856835004,46426336952
1763856836003,46441821715
1763856837003,46456788068
1763856838003,46473603640
1763856839003,46488196734
1763856840003,46502092989
1763856841003,46517035734
1763856842003,46532138778
1763856843003,46547637417
1763856844004,46562974260
1763856845003,46578841767
1763856846003,46593770161
1763856847003,46609051954
1763856848003,46624800152
1763856849004,46640537350
1763856850004,46656458055
1763856851003,46671781204
1763856852003,46686907427
1763856853003,46701926259
1763856854003,46717228676
1763856855004,46732915552
1763856856004,46748730244
1763856857003,46764756520
1763856858004,46779719767
1763856859003,46794973989
1763856860003,46810213692
1763856861003,46825457939
1763856862003,46840397394
1763856863003,46855543231
1763856864003,46870787983
1763856865004,46886122974
1763856866004,46901145998
1763856867003,46916207838
1763856868003,46931473368
1763856869003,46946673459
1763856870003,46961929180
1763856871003,46977140410
1763856872004,46992227694
1763856873003,47008032915
1763856874004,47023870986
1763856875003,47039865804
1763856876003,47056072131
1763856877003,47072741756
1763856878004,47089396892
1763856879003,47106113535
1763856880004,47122409733
1763856881004,47138370876
1763856882003,47153576720
1763856883003,47169502949
1763856884003,47184910019
1763856885003,47200329450
1763856886004,47216038083
1763856887003,47231553262
1763856888003,47247556741
1763856889003,47263339456
1763856890004,47279294326
1763856891003,47294521452
1763856892003,47309633630
1763856893003,47324172271
1763856894003,47338663590
1763856895003,47352853452
1763856896004,47368439639
1763856897003,47384252250
1763856898003,47399554759
1763856899003,47414727448
1763856900003,47429883153
1763856901003,47445066537
1763856902003,47460246646
1763856903003,47475529020
1763856904003,47490691902
1763856905004,47507079472
1763856906003,47523325685
1763856907003,47540030317
1763856908003,47556659290
1763856909003,47572681328
1763856910004,47589604612
1763856911003,47605720239
1763856912003,47621610819
1763856913003,47637019358
1763856914003,47652951844
1763856915003,47668793679
1763856916003,47685233620
1763856917003,47702445478
1763856918003,47719151869
1763856919003,47736031655
1763856920004,47752537280
1763856921003,47769134919
1763856922004,47785417148
1763856923003,47801890521
1763856924003,47818000717
1763856925004,47834457274
1763856926003,47850772108
1763856927003,47867363535
1763856928003,47883760958
1763856929003,47900763955
1763856930004,47918184046
1763856931003,47934891891
1763856932003,47950742583
1763856933003,47967072564
1763856934004,47983572497
1763856935004,47999544320
1763856936004,48015704624
1763856937003,48032263554
1763856938003,48048681341
1763856939003,48064143919
1763856940004,48079491961
1763856941003,48094778665
1763856942003,48110411425
1763856943003,48125537495
1763856944003,48140807476
1763856945004,48156391597
1763856946004,48171817761
1763856947003,48187340009
1763856948003,48202828398
1763856949003,48219292024
1763856950004,48234499505
1763856951003,48249892085
1763856952003,48265297395
1763856953003,48281169814
1763856954003,48297569654
1763856955003,48313131973
1763856956004,48328630490
1763856957004,48343889058
1763856958003,48359492564
1763856959003,48375375999
1763856960003,48391592576
1763856961003,48407393544
1763856962003,48423302775
1763856963003,48439877066
1763856964003,48455189046
1763856965004,48470191246
1763856966003,48485314730
1763856967003,48500366564
1763856968003,48515471566
1763856969003,48530574196
1763856970003,48545598872
1763856971004,48560621254
1763856972003,48575602524
1763856973004,48590691690
1763856974003,48605618508
1763856975003,48620655577
1763856976004,48635754673
1763856977003,48651640005
1763856978004,48667520808
1763856979003,48683121591
1763856980003,48698962094
1763856981004,48715280110
1763856982003,48731236419
1763856983003,48747430138
1763856984003,48762934301
1763856985003,48778010722
1763856986004,48793606869
1763856987003,48809085237
1763856988003,48824695306
1763856989004,48840725300
1763856990003,48856247670
1763856991003,48871451846
1763856992004,48887043893
1763856993003,48902485555
1763856994003,48917989305
1763856995004,48933619587
1763856996004,48949153202
1763856997004,48964441222
1763856998004,48979812015
1763856999004,48995343612
1763857000004,49010803634
1763857001004,49026391366
1763857002004,49041930735
1763857003004,49057762134
1763857004003,49073423138
1763857005003,49089809820
1763857006003,49106042263
1763857007004,49122052642
1763857008003,49137683627
1763857009003,49153180645
1763857010003,49168740975
1763857011003,49184072829
1763857012003,49199474299
1763857013004,49215603896
1763857014003,49231688740
1763857015003,49247221743
1763857016003,49262480648
1763857017003,49277938743
1763857018004,49293383940
1763857019003,49309009065
1763857020004,49324215933
1763857021004,49340383642
1763857022003,49356480681
1763857023003,49371663299
1763857024004,49386705004
1763857025004,49401731899
1763857026004,49416778088
1763857027003,49431836868
1763857028003,49446782566
1763857029004,49461811113
1763857030003,49476865778
1763857031003,49492237122
1763857032003,49507861941
1763857033004,49524282283
1763857034004,49540918279
1763857035004,49556752861
1763857036004,49572940276
1763857037003,49589426592
1763857038003,49605121164
1763857039003,49621202505
1763857040004,49636559497
1763857041004,49651543353
1763857042003,49666413959
1763857043004,49681912430
1763857044003,49697695880
1763857045003,49713777465
1763857046003,49730451374
1763857047003,49746039703
1763857048003,49761332160
1763857049003,49777016389
1763857050003,49792692203
1763857051004,49808512464
1763857052004,49824153746
1763857053003,49839826760
1763857054004,49855225659
1763857055003,49870801120
1763857056004,49886534707
1763857057003,49902217650
1763857058004,49917609083
1763857059004,49933023696
1763857060003,49948714350
1763857061003,49965138640
1763857062003,49980859834
1763857063003,49996128240
1763857064004,50012160895
1763857065003,50028278772
1763857066004,50044690654
1763857067003,50061288308
1763857068003,50077295780
1763857069003,50094469387
1763857070003,50110718385
1763857071003,50126295116
1763857072004,50141830231
1763857073003,50157874898
1763857074004,50174245989
1763857075003,50190851401
1763857076003,50206658274
1763857077004,50224668516
1763857078003,50241067317
1763857079003,50256806472
1763857080004,50271996481
1763857081003,50287321282
1763857082004,50302476774
1763857083003,50317730751
1763857084003,50332662113
1763857085003,50347837739
1763857086004,50363359115
1763857087004,50379200964
1763857088003,50394474434
1763857089003,50409760588
1763857090004,50425559261
1763857091003,50441346428
1763857092003,50457386183
1763857093003,50472504756
1763857094003,50487485460
1763857095004,50502368550
1763857096003,50517022737
1763857097003,50532329729
1763857098004,50547647202
1763857099003,50563533758
1763857100004,50578690994
1763857101003,50593976183
1763857102003,50608693850
1763857103004,50623474247
1763857104003,50638557690
1763857105004,50653266254
1763857106004,50667997063
1763857107004,50682350467
1763857108003,50698642091
1763857109003,50713245390
1763857110003,50726993496
1763857111003,50741011861
1763857112003,50755421615
1763857113003,50769951673
1763857114003,50784439641
1763857115004,50798827378
1763857116004,50813592506
1763857117003,50830442962
1763857118003,50845920595
1763857119003,50861892540
1763857120003,50877518507
1763857121004,50893258703
1763857122003,50909181336
1763857123003,50924314827
1763857124003,50939348224
1763857125003,50954505567
1763857126004,50969695835
1763857127004,50984754906
1763857128003,50999721244
1763857129003,51014452497
1763857130003,51029207037
1763857131003,51043887417
1763857132003,51058579686
1763857133004,51073303855
1763857134003,51088032186
1763857135003,51101886305
1763857136003,51116221564
1763857137003,51130063229
1763857138003,51144862613
1763857139003,51159768118
1763857140003,51175133097
1763857141003,51190021848
1763857142004,51205103456
1763857143004,51220618237
1763857144003,51235572075
1763857145003,51251020286
1763857146004,51266917277
1763857147003,51284384001
1763857148004,51299617523
1763857149004,51314514827
1763857150003,51329444949
1763857151003,51344610264
1763857152003,51359749828
1763857153003,51375813971
1763857154003,51392144747
1763857155003,51408463299
1763857156004,51423627006
1763857157004,51438520807
1763857158003,51453863800
1763857159004,51469122474
1763857160003,51484489550
1763857161004,51499397043
1763857162004,51514728210
1763857163003,51529886333
1763857164004,51544567080
1763857165003,51558883153
1763857166003,51573402577
1763857167003,51588165486
1763857168003,51602768189
1763857169003,51617513120
1763857170003,51632067260
1763857171006,51649803801
1763857172003,51666097780
1763857173004,51681186900
1763857174003,51697308510
1763857175003,51713481483
1763857176003,51729747050
1763857177004,51747635642
1763857178003,51764212182
1763857179003,51781688454
1763857180003,51798328795
1763857181003,51813993578
1763857182003,51828686948
1763857183003,51844877638
1763857184003,51861080277
1763857185003,51877966305
1763857186004,51894725833
1763857187004,51910066164
1763857188003,51925525850
1763857189003,51941628764
1763857190004,51957378859
1763857191003,51973318399
1763857192003,51988828468
1763857193003,52004664121
1763857194003,52020183600
1763857195004,52036068549
1763857196004,52051648968
1763857197003,52067287893
1763857198003,52083007067
1763857199003,52098441493
1763857200004,52114381507
1763857201003,52129877837
1763857202003,52145659098
1763857203003,52161385081
1763857204004,52177436663
1763857205003,52193577015
1763857206004,52210222191
1763857207003,52228083733
1763857208004,52243870640
1763857209004,52260439806
1763857210003,52276751380
1763857211004,52293209116
1763857212003,52308447228
1763857213003,52324129008
1763857214003,52339959949
1763857215004,52356068753
1763857216003,52371275607
1763857217004,52387223699
1763857218003,52403580225
1763857219003,52420405513
1763857220004,52435506735
1763857221004,52449852260
1763857222003,52463823409
1763857223004,52478681346
1763857224004,52493724781
1763857225004,52508740950
1763857226004,52523767570
1763857227003,52538759306
1763857228003,52553750062
1763857229003,52568294640
1763857230004,52582496345
1763857231003,52596402591
1763857232004,52610914917
1763857233003,52625773450
1763857234003,52640698203
1763857235003,52655242337
1763857236003,52670333124
1763857237003,52685375733
1763857238003,52700201096
1763857239003,52715052408
1763857240003,52729771268
1763857241004,52744589670
1763857242003,52759398035
1763857243003,52775002628
1763857244004,52790313139
1763857245004,52806460269
1763857246003,52821040481
1763857247003,52835616592
1763857248003,52850594603
1763857249004,52865311689
1763857250004,52881351551
1763857251004,52896625893
1763857252004,52912176644
1763857253004,52927057929
1763857254003,52941379402
1763857255003,52955863025
1763857256003,52970082156
1763857257003,52984897911
1763857258003,52999717124
1763857259003,53014299386
1763857260003,53028468425
1763857261003,53044047574
1763857262003,53059531801
1763857263003,53074283327
1763857264003,53088756867
1763857265003,53102805204
1763857266004,53119095634
1763857267003,53133373487
1763857268003,53147402057
1763857269003,53161096735
1763857270003,53174759559
1763857271003,53188446449
1763857272003,53203375103
1763857273003,53218101674
1763857274003,53233389878
1763857275003,53248666790
1763857276004,53263707409
1763857277003,53279090060
1763857278003,53295012433
1763857279003,53308947918
1763857280003,53323489298
1763857281003,53338668535
1763857282003,53353232942
1763857283003,53367557567
1763857284003,53381307386
1763857285003,53395135236
1763857286003,53409503466
1763857287003,53424292293
1763857288006,53440122147
1763857289004,53456589537
1763857290003,53472753329
1763857291003,53490357004
1763857292004,53507244930
1763857293003,53523145317
1763857294003,53537858057
1763857295003,53552534766
1763857296003,53567278290
1763857297003,53581743705
1763857298003,53597159037
1763857299003,53612446383
1763857300003,53628291461
1763857301003,53643661719
1763857302003,53659677269
1763857303003,53675866291
1763857304003,53690528740
1763857305003,53705234702
1763857306003,53719820009
1763857307003,53734774764
1763857308004,53750398451
1763857309003,53766232865
1763857310003,53782896003
1763857311004,53797194756
1763857312004,53812137332
1763857313004,53826564957
1763857314004,53841256843
1763857315004,53855455870
1763857316003,53869835300
1763857317004,53885376382
1763857318004,53900726245
1763857319004,53916418460
1763857320003,53932260340
1763857321003,53948610991
1763857322003,53965045578
1763857323003,53979729615
1763857324003,53993658797
1763857325003,54007201806
1763857326003,54021721108
1763857327003,54036980104
1763857328003,54052619779
1763857329004,54068775049
1763857330004,54085292822
1763857331004,54101265318
1763857332003,54118806095
1763857333003,54134677413
1763857334003,54150877603
1763857335003,54167181345
1763857336003,54183163755
1763857337003,54198532773
1763857338004,54216196547
1763857339003,54233595845
1763857340003,54249855996
1763857341003,54266472959
1763857342003,54281997257
1763857343003,54297683184
1763857344003,54313797695
1763857345004,54329775454
1763857346003,54345419796
1763857347004,54360853549
1763857348003,54377066347
1763857349003,54393083244
1763857350003,54409433237
1763857351004,54425398496
1763857352003,54441192105
1763857353004,54457275908
1763857354004,54473053605
1763857355003,54488978136
1763857356004,54504935592
1763857357004,54521368450
1763857358003,54537605881
1763857359003,54553346276
1763857360004,54568980550
1763857361004,54584568405
1763857362003,54601817976
1763857363003,54617270915
1763857364003,54632588923
1763857365003,54647812179
1763857366003,54663215714
1763857367003,54679479399
1763857368003,54694716256
1763857369003,54709883192
1763857370003,54725637342
1763857371004,54742027788
1763857372003,54756808338
1763857373004,54771895240
1763857374003,54787701226
1763857375003,54802533444
1763857376003,54817278589
1763857377003,54832396535
1763857378003,54848137052
1763857379003,54862488070
1763857380004,54878181785
1763857381003,54893466041
1763857382003,54908046314
1763857383003,54922737970
1763857384003,54937614053
1763857385003,54952050690
1763857386003,54966780015
1763857387003,54981380040
1763857388004,54995858399
1763857389003,55010485000
1763857390004,55024947647
1763857391004,55039594796
1763857392003,55054178419
1763857393003,55068500351
1763857394003,55083194043
1763857395003,55098303084
1763857396003,55114710299
1763857397003,55129363767
1763857398003,55143784445
1763857399003,55158506028
1763857400003,55173795334
1763857401003,55189039764
1763857402004,55205530930
1763857403003,55220361083
1763857404003,55235011644
1763857405003,55249626020
1763857406003,55264164967
1763857407004,55279201761
1763857408003,55294564430
1763857409003,55309897188
1763857410003,55324310032
1763857411004,55339703286
1763857412004,55354078890
1763857413003,55368607740
1763857414004,55382964740
1763857415004,55397263752
1763857416004,55411809554
1763857417003,55427154414
1763857418003,55441534211
1763857419003,55455886284
1763857420003,55470242656
1763857421004,55484692650
1763857422003,55498966417
1763857423004,55512797985
1763857424003,55526749917
1763857425003,55540707480
1763857426003,55555020614
1763857427003,55570203875
1763857428003,55585285284
1763857429004,55600633724
1763857430003,55615881168
1763857431003,55631868322
1763857432003,55647138334
1763857433003,55662895544
1763857434003,55677825819
1763857435003,55691452443
1763857436003,55706235380
1763857437003,55721991473
1763857438004,55737578302
1763857439003,55753744649
1763857440003,55768706840
1763857441003,55783523789
1763857442004,55798945668
1763857443003,55814462515
1763857444003,55829622291
1763857445003,55846144424
1763857446004,55863930950
1763857447003,55881091889
1763857448003,55896715040
1763857449003,55912704550
1763857450004,55928333469
1763857451004,55943474211
1763857452003,55958712078
1763857453003,55973933191
1763857454003,55989655946
1763857455003,56005294091
1763857456003,56021359428
1763857457003,56037178710
1763857458004,56052952948
1763857459004,56069105403
1763857460003,56084240653
1763857461003,56099575307
1763857462003,56114668512
1763857463003,56129940223
1763857464003,56145941315
1763857465003,56161485151
1763857466003,56178158892
1763857467003,56193996197
1763857468003,56210482513
1763857469003,56226357977
1763857470003,56242439685
1763857471003,56258640855
1763857472003,56274804356
1763857473003,56291838779
1763857474004,56307580980
1763857475003,56323826367
1763857476003,56340184851
1763857477003,56355675627
1763857478003,56371133997
1763857479003,56387107289
1763857480003,56402470249
1763857481004,56418159282
1763857482003,56433542131
1763857483004,56448499320
1763857484003,56462413078
1763857485004,56477460078
1763857486004,56493264182
1763857487003,56509705654
1763857488003,56526605100
1763857489004,56542855827
1763857490003,56559376094
1763857491004,56575177812
1763857492004,56590180181
1763857493004,56606007801
1763857494004,56621072778
1763857495004,56636503501
1763857496004,56652540426
1763857497004,56668621276
1763857498004,56684361381
1763857499004,56699961460
1763857500003,56716055423
1763857501003,56731541960
1763857502004,56747159680
1763857503003,56762663920
1763857504003,56778505326
1763857505004,56794516102
1763857506004,56810420345
1763857507003,56826029084
1763857508003,56841204879
1763857509003,56857224070
1763857510004,56872998279
1763857511003,56888795452
1763857512003,56904122564
1763857513003,56919554450
1763857514003,56935688529
1763857515003,56951097679
1763857516004,56967736215
1763857517003,56983713944
1763857518003,57000033551
1763857519003,57016490843
1763857520003,57031891043
1763857521003,57046769054
1763857522003,57062310534
1763857523003,57078615040
1763857524003,57094009227
1763857525004,57108341899
1763857526004,57122721252
1763857527004,57137164850
1763857528004,57152122497
1763857529003,57166508583
1763857530003,57181183945
1763857531004,57195415806
1763857532004,57211182288
1763857533004,57226458664
1763857534003,57240697579
1763857535003,57254500764
1763857536003,57268495629
1763857537003,57282297284
1763857538003,57296095237
1763857539003,57309815757
1763857540003,57323523486
1763857541004,57337391131
1763857542003,57351968007
1763857543003,57365814798
1763857544003,57379812615
1763857545006,57394587289
1763857546003,57409958572
1763857547003,57423911040
1763857548003,57437895377
1763857549004,57451776547
1763857550003,57465532532
1763857551004,57479691642
1763857552003,57495143035
1763857553003,57510608260
1763857554004,57526654640
1763857555004,57540659694
1763857556004,57554803182
1763857557004,57569007473
1763857558004,57583076052
1763857559004,57597944760
1763857560004,57613334587
1763857561003,57629008121
1763857562004,57644085231
1763857563004,57657747320
1763857564004,57671565974
1763857565004,57685339890
1763857566004,57699119621
1763857567004,57712699320
1763857568003,57727572633
1763857569003,57741325329
1763857570003,57755111471
1763857571003,57768914748
1763857572003,57782795750
1763857573003,57796517601
1763857574003,57810297576
1763857575003,57824086625
1763857576003,57838935611
1763857577003,57852707034
1763857578003,57867018991
1763857579003,57881721174
1763857580004,57897017441
1763857581004,57913439742
1763857582004,57929091565
1763857583003,57945832366
1763857584003,57961631070
1763857585003,57977405477
1763857586003,57993201243
1763857587003,58008600402
1763857588003,58023768087
1763857589003,58038798012
1763857590003,58054866959
1763857591004,58070718295
1763857592003,58085912052
1763857593004,58101193783
1763857594004,58116201201
1763857595004,58130799283
1763857596004,58145462559
1763857597004,58161591451
1763857598003,58178478811
1763857599003,58194741258
1763857600004,58210498452
1763857601003,58226231167
1763857602003,58241679791
1763857603003,58256860788
1763857604003,58272610745
1763857605003,58288504324
1763857606003,58303468627
1763857607003,58319136561
1763857608003,58334950121
1763857609003,58351687020
1763857610003,58368282181
1763857611003,58385136431
1763857612003,58399958520
1763857613004,58415414274
1763857614004,58431005280
1763857615004,58446537473
1763857616003,58462557644
1763857617003,58478618146
1763857618003,58495100928
1763857619004,58510541856
1763857620004,58525994703
1763857621004,58541241444
1763857622003,58556249183
1763857623003,58571678682
1763857624003,58587036057
1763857625003,58602478317
1763857626003,58617643004
1763857627004,58632536161
1763857628004,58648586305
1763857629003,58664631905
1763857630004,58680790173
1763857631003,58697079915
1763857632003,58713801453
1763857633004,58730422945
1763857634004,58746221740
1763857635004,58760882828
1763857636003,58776432768
1763857637003,58792048821
1763857638004,58808941168
1763857639003,58826050913
1763857640003,58842696288
1763857641004,58859597280
1763857642003,58876997848
1763857643003,58893809840
1763857644004,58909805225
1763857645003,58924732211
1763857646003,58938641334
1763857647004,58953504519
1763857648003,58967784376
1763857649003,58982567266
1763857650003,58998344902
1763857651003,59014496561
1763857652003,59030949095
1763857653003,59046937962
1763857654003,59062085207
1763857655004,59078129674
1763857656003,59094071907
1763857657003,59110363836
1763857658004,59126259649
1763857659003,59142496407
1763857660003,59158064555
1763857661003,59173913855
1763857662003,59190000459
1763857663004,59206139235
1763857664004,59221966091
1763857665003,59237293922
1763857666004,59253458004
1763857667004,59269303893
1763857668003,59285411473
1763857669004,59300669092
1763857670003,59316329422
1763857671004,59332430025
1763857672003,59348187358
1763857673003,59364761649
1763857674003,59380143795
1763857675004,59395982737
1763857676003,59412171912
1763857677003,59428057198
1763857678003,59443546918
1763857679003,59459165372
1763857680003,59475173181
1763857681003,59491530763
1763857682003,59508439267
1763857683003,59523403157
1763857684004,59541056404
1763857685004,59556849156
1763857686004,59571326551
1763857687003,59585057169
1763857688004,59599979366
1763857689004,59613576277
1763857690004,59627261989
1763857691004,59640909987
1763857692003,59654706196
1763857693004,59668489339
1763857694004,59681980802
1763857695003,59695678617
1763857696003,59709482399
1763857697003,59723319153
1763857698003,59737525356
1763857699003,59751802597
1763857700003,59765734639
1763857701003,59779999518
1763857702003,59794509854
1763857703003,59809415895
1763857704003,59824303131
1763857705003,59838394569
1763857706003,59852520569
1763857707003,59866530932
1763857708003,59880578291
1763857709003,59895342576
1763857710003,59910253130
1763857711003,59925035470
1763857712003,59938808132
1763857713003,59952647518
1763857714003,59966489871
1763857715003,59980202007
1763857716003,59994120600
1763857717004,60009308314
1763857718003,60024538071
1763857719003,60038312095
1763857720003,60052043509
1763857721003,60065913754
1763857722003,60080387937
1763857723003,60094862410
1763857724003,60110263069
1763857725004,60125262745
1763857726003,60140111196
1763857727003,60153993789
1763857728003,60169064641
1763857729003,60182918010
1763857730003,60198153582
1763857731003,60213380188
1763857732003,60229079013
1763857733004,60244439249
1763857734003,60258283852
1763857735003,60272001832
1763857736003,60285789855
1763857737003,60299889341
1763857738003,60313477317
1763857739003,60327242054
1763857740003,60340927200
1763857741003,60354642609
1763857742003,60368920309
1763857743003,60383285632
1763857744003,60398244381
1763857745003,60412108277
1763857746004,60426016559
1763857747003,60439710013
1763857748004,60453454278
1763857749003,60469203960
1763857750004,60486233274
1763857751004,60502289782
1763857752003,60517841528
1763857753004,60532140663
1763857754003,60548044906
1763857755003,60565045410
1763857756003,60582787596
1763857757004,60600184522
1763857758003,60616086730
1763857759003,60631089298
1763857760003,60645763711
1763857761003,60660902801
1763857762003,60677269686
1763857763003,60693878417
1763857764004,60710669739
1763857765003,60726062747
1763857766003,60741457883
1763857767003,60756696270
1763857768004,60772271364
1763857769003,60788109235
1763857770004,60804725004
1763857771003,60821981783
1763857772003,60838158182
1763857773003,60854437504
1763857774003,60869482775
1763857775004,60884178501
1763857776004,60898706463
1763857777003,60913356626
1763857778003,60927849995
1763857779004,60942509063
1763857780004,60957606231
1763857781003,60973544241
1763857782003,60989873257
1763857783003,61006644918
1763857784003,61023263274
1763857785003,61039725278
1763857786003,61054722919
1763857787003,61069726864
1763857788004,61085796531
1763857789004,61101722637
1763857790004,61118752471
1763857791004,61136380320
1763857792003,61153637526
1763857793003,61170966306
1763857794003,61188458337
1763857795004,61205697720
1763857796003,61222171168
1763857797004,61237965680
1763857798003,61254849658
1763857799003,61271111508
1763857800003,61287487297
1763857801004,61303885821
1763857802004,61320488555
1763857803004,61336998816
1763857804004,61353844223
1763857805003,61370475614
1763857806003,61386696398
1763857807003,61403188268
1763857808003,61419532769
1763857809004,61436080897
1763857810004,61452589260
1763857811003,61468806388
1763857812003,61484814870
1763857813003,61501306327
1763857814004,61517918394
1763857815003,61534520990
1763857816003,61550966516
1763857817004,61568030973
1763857818004,61584539153
1763857819004,61600817114
1763857820003,61617137746
1763857821003,61632738835
1763857822003,61648935675
1763857823004,61665406232
1763857824003,61681567928
1763857825004,61697241447
1763857826004,61713746398
1763857827003,61730212977
1763857828004,61745951628
1763857829004,61761609740
1763857830004,61776880425
1763857831004,61792331880
1763857832004,61807951849
1763857833004,61823553213
1763857834004,61839093347
1763857835004,61854697755
1763857836004,61871376714
1763857837004,61886703259
1763857838003,61901856731
1763857839004,61916984912
1763857840003,61932055045
1763857841004,61947252198
1763857842003,61962388565
1763857843003,61977542725
1763857844004,61992743031
1763857845003,62007860241
1763857846003,62023050663
1763857847003,62038217186
1763857848003,62053518303
1763857849004,62068575568
1763857850004,62083595471
1763857851004,62098741216
1763857852004,62113871937
1763857853004,62129003545
1763857854003,62144116931
1763857855004,62159184784
1763857856003,62175042531
1763857857004,62190166152
1763857858003,62205317023
1763857859003,62220406266
1763857860003,62235554245
1763857861003,62250576779
1763857862003,62265377418
1763857863003,62280361672
1763857864003,62295394503
1763857865004,62310840526
1763857866003,62326354420
1763857867003,62341458443
1763857868004,62356588628
1763857869003,62371584984
1763857870004,62386664450
1763857871004,62401827071
1763857872003,62416889263
1763857873004,62431936645
1763857874003,62446919430
1763857875004,62462757332
1763857876004,62477896881
1763857877003,62492827279
1763857878004,62507890160
1763857879003,62522909206
1763857880004,62537823952
1763857881003,62553560185
1763857882003,62568672408
1763857883003,62583770280
1763857884003,62598749822
1763857885004,62613790487
1763857886004,62628868224
1763857887003,62643760065
1763857888004,62658733793
1763857889004,62673892191
1763857890003,62689746021
1763857891003,62705364567
1763857892003,62720978706
1763857893003,62737088076
1763857894003,62752236545
1763857895004,62767280913
1763857896004,62782415076
1763857897004,62797583542
1763857898003,62812983038
1763857899004,62828631847
1763857900004,62844880585
1763857901004,62860398534
1763857902003,62876081003
1763857903003,62891939392
1763857904003,62906961804
1763857905003,62922163746
1763857906003,62937218655
1763857907003,62951714396
1763857908003,62966764011
1763857909003,62981975133
1763857910003,62997246660
1763857911004,63012483135
1763857912003,63027652748
1763857913003,63043283672
1763857914004,63057906432
1763857915003,63072358384
1763857916004,63087155978
1763857917004,63102155241
1763857918003,63117832279
1763857919004,63133977910
1763857920003,63150181161
1763857921004,63165789594
1763857922004,63181319675
1763857923004,63197090058
1763857924004,63212823905
1763857925004,63228150741
1763857926003,63243581480
1763857927004,63259391291
1763857928003,63274984133
1763857929004,63291145186
1763857930004,63307474448
1763857931003,63323588546
1763857932004,63340089932
1763857933003,63355641036
1763857934004,63370631502
1763857935004,63386385131
1763857936004,63402085976
1763857937004,63418918424
1763857938004,63435908095
1763857939004,63453263696
1763857940004,63470220640
1763857941004,63487162452
1763857942004,63503714298
1763857943003,63519790651
1763857944003,63536090016
1763857945004,63552952865
1763857946003,63569643314
1763857947003,63586323083
1763857948004,63603324122
1763857949004,63619803721
1763857950004,63636067514
1763857951003,63652513255
1763857952003,63668748375
1763857953003,63685232794
1763857954004,63701877542
1763857955003,63718125025
1763857956003,63735050268
1763857957004,63751853844
1763857958004,63768306378
1763857959003,63784577622
1763857960003,63800644213
1763857961003,63816510130
1763857962003,63832557213
1763857963004,63848862148
1763857964004,63864967525
1763857965004,63880926067
1763857966004,63896298589
1763857967004,63912336294
1763857968003,63928054719
1763857969004,63944114394
1763857970004,63959446784
1763857971003,63976607019
1763857972003,63994012774
1763857973003,64009908693
1763857974003,64024820226
1763857975003,64040227587
1763857976003,64055650430
1763857977003,64071056689
1763857978003,64086402069
1763857979003,64101855313
1763857980004,64118519997
1763857981003,64134001761
1763857982003,64148357016
1763857983004,64163190382
1763857984004,64178067612
1763857985004,64192570023
1763857986003,64207281141
1763857987004,64221704054
1763857988003,64236840512
1763857989004,64251574703
1763857990004,64266418151
1763857991003,64280845408
1763857992004,64295499105
1763857993003,64310537169
1763857994003,64325190821
1763857995003,64339949308
1763857996003,64354454764
1763857997004,64370242314
1763857998004,64385007487
1763857999003,64399819187
1763858000003,64414295894
1763858001003,64429083283
1763858002003,64443885528
1763858003003,64458423007
1763858004003,64473125970
1763858005003,64487408841
1763858006003,64503707687
1763858007003,64518144491
1763858008003,64531930266
1763858009003,64545699608
1763858010003,64559492221
1763858011003,64573264593
1763858012004,64586979344
1763858013003,64600817337
1763858014004,64614919898
1763858015003,64630389652
1763858016003,64644146004
1763858017003,64657891585
1763858018004,64671620612
1763858019004,64685410074
1763858020003,64700211538
1763858021003,64713968380
1763858022003,64727782475
1763858023003,64742210926
1763858024004,64755919144
1763858025003,64769774166
1763858026003,64783559635
1763858027004,64797899193
1763858028003,64812273374
1763858029004,64827211101
1763858030004,64841280660
1763858031004,64855201671
1763858032003,64869119193
1763858033004,64883051603
1763858034003,64896896634
1763858035004,64911636975
1763858036003,64926604323
1763858037003,64941244388
1763858038003,64954964035
1763858039003,64968635886
1763858040003,64982122362
1763858041003,64995808212
1763858042003,65009863052
1763858043003,65026767241
1763858044004,65040677910
1763858045003,65055413355
1763858046003,65070334404
1763858047003,65085044467
1763858048003,65100497712
1763858049003,65116776759
1763858050003,65132283814
1763858051003,65146385457
1763858052003,65160497213
1763858053003,65174520366
1763858054004,65188988613
1763858055004,65204964658
1763858056003,65221537955
1763858057003,65238459893
1763858058003,65253405177
1763858059004,65268763945
1763858060003,65284018810
1763858061004,65299067905
1763858062003,65314188757
1763858063003,65329319126
1763858064003,65344384210
1763858065004,65359427032
1763858066003,65374370037
1763858067003,65389511820
1763858068003,65404467096
1763858069003,65419320718
1763858070003,65434002354
1763858071003,65450061081
1763858072003,65464897399
1763858073003,65479328466
1763858074004,65494509967
1763858075003,65510522397
1763858076003,65527155378
1763858077003,65544425223
1763858078003,65561453082
1763858079004,65578679704
1763858080003,65596031939
1763858081003,65613482813
1763858082003,65630896906
1763858083003,65647664972
1763858084003,65664770418
1763858085003,65681549576
1763858086003,65698046541
1763858087003,1232246
1763858088003,17869864
1763858089003,34549113
1763858090003,51280688
1763858091004,67815934
1763858092003,84252418
1763858093003,100591349
1763858094004,116984978
1763858095004,133414668
1763858096003,149843472
1763858097003,166307940
1763858098003,182242461
1763858099003,198405213
1763858100003,214662167
1763858101004,230734541
1763858102003,246335339
1763858103003,262553951
1763858104003,279117563
1763858105004,295816809
1763858106003,311950613
1763858107003,327703968
1763858108003,344415071
1763858109004,361065495
1763858110003,378133502
1763858111003,395252810
1763858112003,411569862
1763858113003,428720290
1763858114003,446138100
1763858115004,463329425
1763858116003,480155830
1763858117003,496451523
1763858118003,513408054
1763858119003,529649494
1763858120003,545801704
1763858121003,561797884
1763858122003,577517747
1763858123003,593658910
1763858124004,609749844
1763858125004,625994649
1763858126003,642109696
1763858127003,658014382
1763858128003,674358959
1763858129003,690759718
1763858130004,706961133
1763858131003,722843496
1763858132003,738960210
1763858133003,755314212
1763858134003,771726935
1763858135003,787394916
1763858136003,803444539
1763858137003,820589490
1763858138004,836371684
1763858139004,851890122
1763858140003,867241806
1763858141003,882834602
1763858142003,898650855
1763858143003,914575661
1763858144003,930688167
1763858145003,946647521
1763858146003,961894200
1763858147003,977565409
1763858148003,993221669
1763858149004,1008464585
1763858150004,1024422776
1763858151003,1040484807
1763858152003,1055987318
1763858153003,1071344234
1763858154003,1086635682
1763858155003,1102107225
1763858156003,1117412121
1763858157003,1132510391
1763858158004,1148260761
1763858159003,1164040753
1763858160003,1179973944
1763858161003,1196452197
1763858162003,1212151511
1763858163004,1228066189
1763858164004,1243921013
1763858165003,1259272405
1763858166003,1274666868
1763858167004,1290505994
1763858168003,1306148974
1763858169003,1322083511
1763858170003,1337311233
1763858171004,1353048385
1763858172004,1368887373
1763858173003,1384628855
1763858174003,1400406597
1763858175003,1416907846
1763858176003,1432518222
1763858177004,1447893207
1763858178003,1463198440
1763858179003,1478097106
1763858180003,1493829820
1763858181004,1509270152
1763858182003,1524478597
1763858183003,1539615529
1763858184004,1554556867
1763858185003,1569727077
1763858186003,1584927581
1763858187003,1600166534
1763858188003,1615086956
1763858189003,1631366386
1763858190003,1648076985
1763858191004,1663166196
1763858192003,1677717047
1763858193003,1692309698
1763858194004,1706760639
1763858195003,1721336659
1763858196003,1735868232
1763858197004,1750289032
1763858198003,1764760859
1763858199004,1779696612
1763858200003,1794947973
1763858201003,1810836717
1763858202003,1825516822
1763858203004,1840258969
1763858204003,1854784437
1763858205003,1869313347
1763858206003,1884158433
1763858207003,1899392918
1763858208003,1915040197
1763858209003,1930925315
1763858210003,1945366128
1763858211003,1960054832
1763858212003,1974568932
1763858213004,1989235314
1763858214003,2004048391
1763858215003,2019156560
1763858216003,2033628279
1763858217003,2048175075
1763858218003,2062609937
1763858219003,2077283585
1763858220003,2092327310
1763858221003,2107621818
1763858222003,2123016723
1763858223003,2138183996
1763858224003,2152684984
1763858225003,2167263864
1763858226004,2181666749
1763858227003,2196309063
1763858228003,2212378623
1763858229003,2228222706
1763858230004,2244556603
1763858231003,2259978590
1763858232003,2275785785
1763858233003,2292477167
1763858234003,2307089708
1763858235003,2321600916
1763858236004,2336762344
1763858237003,2351782721
1763858238004,2367228576
1763858239003,2382251876
1763858240003,2397331188
1763858241003,2413309682
1763858242003,2428391045
1763858243003,2443794963
1763858244003,2459370348
1763858245003,2475278354
1763858246003,2491132949
1763858247004,2506612464
1763858248004,2522575581
1763858249003,2538664908
1763858250003,2554980445
1763858251004,2570363968
1763858252003,2586010482
1763858253003,2601956678
1763858254003,2617698787
1763858255003,2632784449
1763858256003,2648053757
1763858257004,2663823284
1763858258004,2679859673
1763858259003,2695313315
1763858260004,2710198333
1763858261003,2726544088
1763858262003,2743424793
1763858263003,2758948509
1763858264004,2774747151
1763858265003,2790370150
1763858266003,2806088482
1763858267003,2821883238
1763858268004,2837744427
1763858269003,2853278670
1763858270003,2868373543
1763858271004,2885234602
1763858272003,2901142058
1763858273004,2916665193
1763858274003,2932850987
1763858275003,2948736977
1763858276003,2965178403
1763858277003,2980912494
1763858278004,2995552054
1763858279003,3009901006
1763858280004,3024593856
1763858281003,3039162057
1763858282003,3054235893
1763858283003,3069457893
1763858284003,3084910848
1763858285004,3101179873
1763858286003,3116722562
1763858287003,3132748547
1763858288003,3148666544
1763858289003,3163892477
1763858290003,3179908777
1763858291004,3195628119
1763858292003,3211265928
1763858293003,3227395923
1763858294003,3243184344
1763858295003,3258779757
1763858296003,3275267848
1763858297003,3291573058
1763858298003,3307947822
1763858299003,3324716652
1763858300004,3341262470
1763858301003,3357575116
1763858302003,3374232134
1763858303004,3390769491
1763858304003,3407073140
1763858305003,3423351529
1763858306003,3439479749
1763858307004,3455626788
1763858308003,3471889907
1763858309003,3488365620
1763858310003,3504209612
1763858311003,3520055745
1763858312004,3536105185
1763858313003,3552388149
1763858314004,3568547229
1763858315003,3585046229
1763858316003,3600376247
1763858317003,3616062542
1763858318004,3631860618
1763858319004,3647819757
1763858320003,3663625437
1763858321003,3679628488
1763858322004,3697275385
1763858323004,3713645192
1763858324003,3728902245
1763858325003,3745128430
1763858326003,3761369059
1763858327003,3776688934
1763858328003,3791859741
1763858329003,3807044073
1763858330003,3822175314
1763858331003,3837284308
1763858332003,3852471501
1763858333004,3867651106
1763858334003,3882850340
1763858335003,3897995825
1763858336003,3913218866
1763858337004,3928426485
1763858338003,3943652448
1763858339003,3958780996
1763858340004,3974007633
1763858341003,3989266032
1763858342003,4004512819
1763858343003,4020178871
1763858344003,4037640777
1763858345003,4054660527
1763858346004,4070285499
1763858347003,4085587381
1763858348004,4100944098
1763858349003,4116585472
1763858350003,4131854183
1763858351003,4147922106
1763858352004,4162892421
1763858353003,4177979047
1763858354003,4193209233
1763858355003,4208529384
1763858356003,4224448345
1763858357003,4240091555
1763858358003,4255764737
1763858359003,4270856764
1763858360003,4286332867
1763858361003,4302001521
1763858362003,4317834129
1763858363003,4333060046
1763858364003,4348258378
1763858365003,4363833900
1763858366004,4379298773
1763858367003,4394463093
1763858368003,4409725730
1763858369003,4424698218
1763858370003,4439776307
1763858371003,4455098477
1763858372003,4470362721
1763858373003,4485442003
1763858374004,4500553354
1763858375004,4515544355
1763858376003,4531142674
1763858377003,4546759461
1763858378003,4562754341
1763858379003,4578877098
1763858380004,4595047408
1763858381003,4611528798
1763858382003,4628205584
1763858383004,4644551140
1763858384004,4660377337
1763858385004,4676554150
1763858386003,4691770413
1763858387004,4709558759
1763858388004,4726953421
1763858389004,4742505672
1763858390004,4758578230
1763858391004,4774375618
1763858392003,4790312496
1763858393003,4806294738
1763858394003,4821912580
1763858395003,4837018316
1763858396003,4851523695
1763858397003,4866178249
1763858398003,4880769798
1763858399003,4895951820
1763858400003,4911237377
1763858401003,4926296126
1763858402003,4941269930
1763858403003,4956765678
1763858404003,4972664597
1763858405003,4987257385
1763858406003,5001809506
1763858407003,5016383781
1763858408003,5031132124
1763858409003,5045746898
1763858410004,5060980496
1763858411003,5076287259
1763858412003,5090698926
1763858413003,5104990809
1763858414003,5118801629
1763858415003,5133184715
1763858416003,5147967774
1763858417003,5162759049
1763858418003,5177282085
1763858419003,5192348591
1763858420003,5206983347
1763858421003,5223540808
1763858422003,5239956148
1763858423003,5256401506
1763858424003,5272786383
1763858425003,5288474131
1763858426003,5304067049
1763858427003,5319641348
1763858428004,5335556239
1763858429004,5352182902
1763858430003,5368342166
1763858431003,5384304334
1763858432003,5401490625
1763858433004,5418337563
1763858434004,5435168373
1763858435004,5450486351
1763858436004,5465970441
1763858437003,5482479906
1763858438004,5498679943
1763858439004,5515031115
1763858440004,5531314889
1763858441004,5547850425
1763858442004,5564043884
1763858443003,5580083119
1763858444004,5595712008
1763858445004,5611725952
1763858446004,5628065342
1763858447004,5644346240
1763858448003,5660211897
1763858449003,5675828637
1763858450003,5693210034
1763858451004,5709389876
1763858452003,5725124457
1763858453004,5740522178
1763858454004,5757289968
1763858455003,5773018904
1763858456004,5788284647
1763858457003,5803496978
1763858458004,5818313467
1763858459003,5833413711
1763858460003,5848634747
1763858461004,5863958095
1763858462003,5879142748
1763858463007,5895696920
1763858464003,5911392119
1763858465004,5926639824
1763858466004,5942115728
1763858467004,5957088369
1763858468004,5972235858
1763858469003,5987746509
1763858470004,6002943785
1763858471004,6018289027
1763858472003,6033659621
1763858473004,6049882043
1763858474003,6064919265
1763858475003,6079512910
1763858476003,6094438749
1763858477004,6109702442
1763858478003,6125033944
1763858479003,6139451150
1763858480004,6153542082
1763858481003,6168317522
1763858482003,6183172659
1763858483003,6197971783
1763858484004,6213355505
1763858485003,6228575073
1763858486003,6242946087
1763858487003,6257866219
1763858488004,6272739012
1763858489003,6288311918
1763858490003,6302511619
1763858491003,6317056564
1763858492003,6331303434
1763858493003,6345969540
1763858494003,6360643908
1763858495003,6375019742
1763858496003,6389418235
1763858497003,6404706592
1763858498003,6419507796
1763858499004,6433981398
1763858500003,6448466581
1763858501003,6462734244
1763858502003,6477390450
1763858503003,6493012164
1763858504003,6508651778
1763858505003,6524512201
1763858506003,6539942404
1763858507003,6556075581
1763858508003,6571486782
1763858509003,6586552462
1763858510003,6600706798
1763858511003,6616064188
1763858512003,6631514190
1763858513003,6648308755
1763858514003,6665871089
1763858515004,6681838047
1763858516003,6698248628
1763858517004,6713174359
1763858518004,6728209226
1763858519004,6743371556
1763858520003,6759141220
1763858521004,6773966691
1763858522003,6788608102
1763858523003,6803133662
1763858524004,6817990452
1763858525003,6833703812
1763858526003,6849416790
1763858527003,6864831815
1763858528003,6880228389
1763858529003,6895145797
1763858530003,6909533993
1763858531003,6924197467
1763858532003,6938291139
1763858533003,6952955286
1763858534004,6967606826
1763858535003,6981946185
1763858536004,6996461341
1763858537003,7011174861
1763858538003,7026948243
1763858539004,7043073174
1763858540004,7057974195
1763858541003,7072576500
1763858542003,7087089575
1763858543003,7101805054
1763858544003,7116631259
1763858545003,7131992688
1763858546003,7147715167
1763858547003,7165026123
1763858548004,7181059146
1763858549003,7197681831
1763858550003,7212763469
1763858551004,7228476294
1763858552003,7243096943
1763858553003,7257405243
1763858554003,7271376958
1763858555003,7287178538
1763858556004,7302757427
1763858557003,7318180393
1763858558004,7332651194
1763858559004,7347221307
1763858560004,7361321313
1763858561003,7375544973
1763858562003,7390461234
1763858563004,7405375827
1763858564004,7420914966
1763858565004,7436738976
1763858566004,7452692607
1763858567003,7467890036
1763858568004,7484096989
1763858569004,7499883912
1763858570004,7514642659
1763858571003,7529176772
1763858572003,7544347441
1763858573003,7560452787
1763858574003,7577130613
1763858575003,7593723830
1763858576004,7609852830
1763858577004,7625216952
1763858578003,7641854922
1763858579003,7658180512
1763858580003,7673727576
1763858581003,7690545826
1763858582003,7707516754
1763858583004,7723202039
1763858584003,7739168262
1763858585003,7755487288
1763858586003,7771506204
1763858587004,7788213330
1763858588004,7804256252
1763858589003,7820326087
1763858590003,7835862181
1763858591003,7852503088
1763858592004,7869007734
1763858593004,7884766351
1763858594003,7900539213
1763858595004,7916038389
1763858596003,7931467337
1763858597003,7946691893
1763858598003,7961585418
1763858599003,7976874233
1763858600004,7992154129
1763858601004,8007515712
1763858602003,8022697519
1763858603003,8037724506
1763858604004,8053061241
1763858605004,8068315173
1763858606004,8083633227
1763858607004,8098885965
1763858608003,8115144862
1763858609003,8130204162
1763858610004,8144677427
1763858611003,8159334138
1763858612003,8174578217
1763858613003,8190776205
1763858614003,8206816005
1763858615004,8222806020
1763858616003,8237531597
1763858617003,8252622630
1763858618003,8268683652
1763858619004,8283094293
1763858620003,8297056798
1763858621003,8310932184
1763858622004,8324722885
1763858623004,8338396878
1763858624003,8352175109
1763858625003,8365966070
1763858626003,8379723019
1763858627003,8393491764
1763858628003,8407213998
1763858629003,8420963863
1763858630003,8435220219
1763858631003,8449513525
1763858632003,8463276686
1763858633003,8477055591
1763858634003,8490620525
1763858635003,8504330778
1763858636003,8518071142
1763858637003,8531845931
1763858638003,8545602681
1763858639003,8559341286
1763858640003,8573110108
1763858641003,8586909667
1763858642003,8600299110
1763858643003,8614075659
1763858644003,8627815166
1763858645003,8641591944
1763858646003,8655736212
1763858647003,8669974255
1763858648003,8683701308
1763858649003,8697460215
1763858650004,8711024874
1763858651003,8724680583
1763858652003,8738322338
1763858653003,8751947845
1763858654003,8765784660
1763858655003,8781658670
1763858656003,8797814690
1763858657003,8811445001
1763858658003,8825222911
1763858659003,8839035200
1763858660003,8852769245
1763858661003,8866434884
1763858662003,8880027480
1763858663003,8893701733
1763858664003,8907278081
1763858665003,8920833116
1763858666003,8934365675
1763858667003,8947868507
1763858668003,8961352856
1763858669003,8974902000
1763858670003,8988571908
1763858671003,9003356925
1763858672003,9017004341
1763858673003,9030761841
1763858674003,9044357926
1763858675003,9057906275
1763858676003,9071554150
1763858677003,9085092432
1763858678003,9098504519
1763858679003,9112021289
1763858680003,9126562669
1763858681003,9140079056
1763858682003,9154182994
1763858683003,9168499999
1763858684003,9182805300
1763858685003,9197178778
1763858686003,9211810872
1763858687003,9226767739
1763858688003,9241476394
1763858689003,9255076044
1763858690003,9268395092
1763858691003,9281825309
1763858692003,9295336173
1763858693003,9309098569
1763858694003,9322546917
1763858695003,9335861467
1763858696003,9349287966
1763858697003,9362771780
1763858698003,9376106862
1763858699003,9389666028
1763858700003,9403175469
1763858701003,9416730183
1763858702003,9430249844
1763858703003,9443597580
1763858704003,9457055398
1763858705003,9470584469
1763858706003,9483811763
1763858707003,9497306975
1763858708003,9510749570
1763858709003,9524171419
1763858710003,9537712684
1763858711003,9551168253
1763858712004,9564642443
1763858713003,9578086706
1763858714003,9591699040
1763858715003,9605223444
1763858716003,9618834982
1763858717003,9632293734
1763858718003,9645962877
1763858719003,9659444257
1763858720003,9672986043
1763858721003,9686356131
1763858722003,9699917317
1763858723003,9713540100
1763858724003,9727063938
1763858725003,9740697631
1763858726003,9754043515
1763858727003,9767529363
1763858728003,9781037672
1763858729003,9794575540
1763858730003,9808107993
1763858731003,9821743200
1763858732003,9835166808
1763858733003,9848530654
1763858734003,9862040263
1763858735003,9875556084
1763858736003,9888940769
1763858737003,9902216441
1763858738003,9915568568
1763858739003,9929151586
1763858740003,9942735141
1763858741003,9956290527
1763858742003,9969950245
1763858743003,9983472752
1763858744003,9996754881
1763858745003,10010234717
1763858746003,10023429085
1763858747003,10036894829
1763858748003,10050515011
1763858749003,10063812731
1763858750003,10077318225
1763858751003,10090845138
1763858752003,10104370920
1763858753003,10117710240
1763858754003,10131137229
1763858755003,10144519252
1763858756003,10158009415
1763858757003,10171335975
1763858758003,10184624055
1763858759003,10197975983
1763858760003,10211625434
1763858761003,10225186834
1763858762003,10238642434
1763858763003,10252134403
1763858764003,10265662296
1763858765003,10281694768
1763858766003,10302171186
1763858767005,10325031865
1763858768004,10347912724
1763858769005,10371782147
1763858770004,10398202141
1763858771004,10426766950
1763858772004,10454944195
1763858773005,10484009911
1763858774004,10508846264
1763858775004,10532418377
1763858776004,10555995784
1763858777004,10578787628
1763858778003,10603722099
1763858779004,10630640858
1763858780004,10659192096
1763858781004,10688137554
1763858782004,10712949778
1763858783004,10735728434
1763858784004,10758316038
1763858785004,10782131391
1763858786003,10807832285
1763858787004,10835272957
1763858788004,10864123295
1763858789004,10893129479
1763858790004,10920124416
1763858791004,10943878339
1763858792005,10966673610
1763858793004,10989510528
1763858794004,11014361079
1763858795004,11042511993
1763858796004,11071974514
1763858797004,11100896991
1763858798004,11127867740
1763858799004,11151355795
1763858800004,11174859104
1763858801004,11198546442
1763858802004,11223011080
1763858803004,11249946730
1763858804004,11278809936
1763858805004,11308487453
1763858806004,11336190750
1763858807007,11359736333
1763858808004,11382375590
1763858809005,11405517696
1763858810004,11430249305
1763858811004,11457841799
1763858812004,11486819617
1763858813004,11515353887
1763858814003,11542580559
1763858815003,11566863739
1763858816004,11590536343
1763858817004,11613747116
1763858818004,11637511168
1763858819003,11664103930
1763858820004,11693428751
1763858821004,11722745969
1763858822004,11750764170
1763858823004,11774872380
1763858824004,11797843601
1763858825004,11821226499
1763858826003,11845833964
1763858827004,11872340357
1763858828004,11900293335
1763858829004,11929733610
1763858830004,11957612505
1763858831004,11982848157
1763858832004,12006094059
1763858833004,12028861774
1763858834004,12052804469
1763858835004,12079327646
1763858836004,12108207681
1763858837004,12137376672
1763858838004,12165101374
1763858839004,12190180247
1763858840004,12213788300
1763858841004,12237457828
1763858842004,12261287088
1763858843004,12286831249
1763858844004,12315086524
1763858845004,12343941651
1763858846004,12372635286
1763858847004,12398690682
1763858848004,12422002618
1763858849004,12444947095
1763858850004,12469081682
1763858851004,12495033144
1763858852004,12523019201
1763858853004,12551714733
1763858854005,12580098727
1763858855004,12606949982
1763858856004,12631358210
1763858857004,12654626695
1763858858004,12677969308
1763858859004,12703342843
1763858860004,12731283902
1763858861003,12760193466
1763858862003,12789014107
1763858863004,12815173282
1763858864004,12839304182
1763858865004,12862604491
1763858866003,12886613327
1763858867004,12912217571
1763858868004,12939803976
1763858869004,12968189133
1763858870004,12996730273
1763858871004,13023902798
1763858872004,13048384450
1763858873004,13071538873
1763858874004,13095103887
1763858875004,13120548093
1763858876004,13148067882
1763858877005,13176876482
1763858878004,13204932734
1763858879004,13231814115
1763858880004,13256554720
1763858881004,13280131959
1763858882004,13304194146
1763858883004,13329120845
1763858884004,13356038457
1763858885004,13384327590
1763858886004,13412843868
1763858887004,13440126461
1763858888004,13464783038
1763858889003,13488297853
1763858890004,13512348107
1763858891004,13537663609
1763858892004,13564322895
1763858893004,13592747373
1763858894003,13620729237
1763858895003,13647962349
1763858896005,13673019221
1763858897004,13697418192
1763858898004,13721153893
1763858899004,13746173202
1763858900004,13772815720
1763858901003,13800852358
1763858902004,13829095041
1763858903004,13856162500
1763858904004,13881633145
1763858905004,13905875658
1763858906004,13930095420
1763858907004,13955325365
1763858908004,13982113523
1763858909004,14009557990
1763858910004,14037431102
1763858911004,14065123490
1763858912004,14090729478
1763858913004,14115114786
1763858914004,14138950381
1763858915004,14163908215
1763858916004,14190867458
1763858917004,14217843530
1763858918005,14245862022
1763858919005,14273376288
1763858920004,14299265357
1763858921004,14324180550
1763858922004,14347935513
1763858923004,14372979869
1763858924004,14399319615
1763858925004,14426854627
1763858926004,14454659608
1763858927004,14482178035
1763858928004,14508156501
1763858929004,14533154590
1763858930004,14556684276
1763858931004,14581727087
1763858932004,14607755248
1763858933004,14634832928
1763858934004,14662845178
1763858935004,14689933721
1763858936004,14716233120
1763858937004,14741485495
1763858938004,14765370723
1763858939004,14790199960
1763858940004,14815955965
1763858941004,14843035037
1763858942004,14870764788
1763858943004,14898646207
1763858944004,14925159654
1763858945004,14950427925
1763858946004,14974083622
1763858947004,14998871933
1763858948004,15024802021
1763858949004,15051744189
1763858950004,15079586211
1763858951004,15107239155
1763858952004,15133580630
1763858953004,15159349808
1763858954004,15183411215
1763858955004,15208140651
1763858956004,15233624530
1763858957005,15260501611
1763858958004,15288297198
1763858959004,15315794465
1763858960005,15342802713
1763858961004,15368203972
1763858962004,15392178231
1763858963004,15416912150
1763858964004,15442732980
1763858965004,15469260993
1763858966004,15497281795
1763858967004,15524672544
1763858968003,15551373231
1763858969004,15577097489
1763858970004,15600935103
1763858971004,15625541940
1763858972004,15651135107
1763858973004,15677574165
1763858974004,15705736507
1763858975004,15733505151
1763858976003,15760330059
1763858977004,15786141266
1763858978004,15809393242
1763858979004,15834377653
1763858980004,15860271113
1763858981004,15886971525
1763858982004,15914342338
1763858983004,15941748386
1763858984004,15969093082
1763858985004,15994947205
1763858986004,16018941170
1763858987005,16043583427
1763858988004,16069298841
1763858989004,16095859380
1763858990004,16123996356
1763858991004,16150786977
1763858992004,16178252451
1763858993004,16204349691
1763858994004,16228535396
1763858995004,16253313838
1763858996004,16278624811
1763858997004,16304940368
1763858998004,16332624585
1763858999003,16360170537
1763859000004,16387822579
1763859001004,16413085342
1763859002004,16437100467
1763859003004,16461430038
1763859004003,16487223405
1763859005004,16513584479
1763859006004,16541011626
1763859007004,16568027019
1763859008004,16595450296
1763859009004,16622158680
1763859010004,16646896791
1763859011004,16670772731
1763859012004,16695811916
1763859013004,16722393891
1763859014004,16750247036
1763859015004,16777814148
1763859016004,16804944031
1763859017004,16831422594
1763859018004,16855763012
1763859019004,16880278217
1763859020004,16905772469
1763859021003,16931761080
1763859022003,16959052684
1763859023004,16986106282
1763859024005,17013979287
1763859025006,17040409455
1763859026004,17065093297
1763859027004,17089246963
1763859028004,17114769643
1763859029004,17141465466
1763859030004,17168919418
1763859031004,17196093167
1763859032005,17223156832
1763859033004,17249547573
1763859034003,17274177084
1763859035005,17299073397
1763859036004,17323950432
1763859037004,17349859161
1763859038004,17377672175
1763859039004,17405171798
1763859040004,17432314549
1763859041004,17458572577
1763859042005,17483792363
1763859043005,17508427245
1763859044003,17533377750
1763859045004,17559446548
1763859046005,17586808548
1763859047004,17614149219
1763859048004,17640825228
1763859049004,17667764841
1763859050004,17693031888
1763859051004,17717763956
1763859052004,17742883817
1763859053004,17768757540
1763859054004,17795865499
1763859055004,17823647162
1763859056004,17850290552
1763859057004,17877069392
1763859058004,17902276295
1763859059004,17927228254
1763859060003,17952563662
1763859061004,17978167569
1763859062004,18004987230
1763859063004,18032485859
1763859064003,18059224093
1763859065005,18086519782
1763859066004,18111335816
1763859067004,18135997473
1763859068004,18161445489
1763859069004,18187344946
1763859070004,18214152352
1763859071004,18241250947
1763859072004,18267767254
1763859073004,18295111261
1763859074004,18320999626
1763859075004,18346057920
1763859076003,18371140664
1763859077004,18396589154
1763859078004,18423429531
1763859079004,18450703066
1763859080004,18477855731
1763859081004,18504800622
1763859082004,18530708832
1763859083004,18555901567
1763859084004,18581127931
1763859085004,18606962471
1763859086004,18633895245
1763859087004,18660369997
1763859088004,18687586096
1763859089003,18714280465
1763859090004,18740689596
1763859091004,18765518895
1763859092004,18791140719
1763859093004,18816762267
1763859094004,18843087708
1763859095004,18870065050
1763859096004,18896605746
1763859097004,18923551586
1763859098004,18949754457
1763859099004,18975297073
1763859100004,19000803734
1763859101004,19026274806
1763859102004,19052417610
1763859103004,19078739807
1763859104004,19105994508
1763859105004,19132994984
1763859106004,19158895773
1763859107004,19184341218
1763859108004,19209921181
1763859109004,19235805093
1763859110004,19261669529
1763859111004,19287948916
1763859112004,19314803889
1763859113004,19341732823
1763859114005,19368455665
1763859115004,19394019349
1763859116004,19419213323
1763859117004,19444717459
1763859118004,19470810492
1763859119004,19497299841
1763859120004,19524271033
1763859121004,19550689513
1763859122004,19577458071
1763859123004,19602855781
1763859124004,19628641177
1763859125004,19654553578
1763859126004,19680075600
1763859127004,19706686905
1763859128005,19733316800
1763859129004,19760234166
1763859130004,19786650443
1763859131004,19812260914
1763859132004,19838077139
1763859133004,19863989678
1763859134004,19890029574
1763859135004,19916827004
1763859136004,19943485908
1763859137004,19970434701
1763859138004,19996687680
1763859139004,20022252909
1763859140004,20048161302
1763859141005,20073834793
1763859142004,20099518995
1763859143004,20126043504
1763859144004,20152683955
1763859145003,20179671013
1763859146004,20205174384
1763859147004,20231054610
1763859148004,20256176322
1763859149004,20282142411
1763859150004,20308414653
1763859151004,20335044472
1763859152004,20361633378
1763859153004,20388554217
1763859154003,20414093054
1763859155003,20439927563
1763859156004,20465132462
1763859157004,20491078309
1763859158004,20517053807
1763859159004,20543547563
1763859160004,20570384681
1763859161004,20597610235
1763859162004,20623465323
1763859163004,20649168083
1763859164004,20674815993
1763859165004,20700858154
1763859166003,20726626919
1763859167004,20752734089
1763859168004,20779691159
1763859169004,20806322967
1763859170004,20832140018
1763859171004,20858040363
1763859172004,20883485793
1763859173004,20909786585
1763859174004,20936074846
1763859175004,20962193354
1763859176004,20988970878
1763859177004,21016175808
1763859178004,21042476141
1763859179004,21068648183
1763859180004,21094308884
1763859181004,21120414203
1763859182005,21146082126
1763859183004,21172260212
1763859184004,21198659214
1763859185004,21225492507
1763859186004,21251524157
1763859187008,21278235876
1763859188005,21303776120
1763859189004,21329709559
1763859190004,21355890108
1763859191004,21381546663
1763859192004,21408338921
1763859193004,21435618178
1763859194004,21461848299
1763859195004,21488012003
1763859196009,21513551360
1763859197004,21539537982
1763859198004,21565705648
1763859199004,21591342405
1763859200007,21618587650
1763859201004,21645675734
1763859202004,21671535274
1763859203005,21697983986
1763859204004,21723381282
1763859205004,21749082528
1763859206004,21774774885
1763859207004,21801055006
1763859208004,21827913391
1763859209004,21855018351
1763859210004,21881031702
1763859211003,21907086378
1763859212004,21932806060
1763859213004,21958683180
1763859214004,21984443775
1763859215004,22009859660
1763859216004,22036719667
1763859217004,22063949276
1763859218003,22090462998
1763859219004,22116720016
1763859220004,22142272026
1763859221004,22167933048
1763859222004,22194002229
1763859223004,22219823366
1763859224004,22246902254
1763859225004,22274090890
1763859226004,22300096300
1763859227004,22326644248
1763859228004,22352021639
1763859229004,22377916889
1763859230004,22403849364
1763859231004,22429696541
1763859232004,22456695074
1763859233004,22483894664
1763859234004,22509989885
1763859235004,22536251647
1763859236004,22561546112
1763859237004,22587741486
1763859238004,22613727159
1763859239004,22639489055
1763859240004,22666571019
1763859241004,22693522703
1763859242004,22719987098
1763859243004,22746255836
1763859244004,22771520267
1763859245004,22797350278
1763859246004,22823345926
1763859247004,22849274408
1763859248004,22875819418
1763859249004,22902985593
1763859250004,22929472999
1763859251004,22956179700
1763859252004,22981344651
1763859253003,23007099477
1763859254005,23032576027
1763859255004,23058624782
1763859256004,23085669812
1763859257004,23113071852
1763859258004,23139454652
1763859259004,23165601724
1763859260004,23190935510
1763859261004,23217029614
1763859262004,23242851333
1763859263004,23268200526
1763859264004,23295106356
1763859265004,23322520345
1763859266004,23349458871
1763859267003,23375119557
1763859268004,23399403120
1763859269004,23424565393
1763859270004,23449185832
1763859271004,23474086628
1763859272004,23500574554
1763859273004,23527255015
1763859274004,23553192111
1763859275004,23579172215
1763859276004,23603930124
1763859277006,23629674011
1763859278004,23654485654
1763859279003,23679361266
1763859280004,23705053148
1763859281004,23730212881
1763859282004,23755570398
1763859283004,23781033071
1763859284004,23806249261
1763859285003,23832194909
1763859286004,23858744555
1763859287004,23886150175
1763859288003,23914364783
1763859289004,23942134558
1763859290003,23968625346
1763859291003,23994431641
1763859292004,24019769130
1763859293004,24045594857
1763859294004,24072194213
1763859295004,24099683371
1763859296004,24128467047
1763859297005,24156367346
1763859298004,24183424402
1763859299003,24209288333
1763859300004,24234641672
1763859301004,24261091057
1763859302004,24288017803
1763859303004,24315539611
1763859304004,24343715617
1763859305004,24371818978
1763859306004,24398716271
1763859307005,24424684808
1763859308004,24450136312
1763859309004,24476547463
1763859310004,24503096176
1763859311004,24529968790
1763859312004,24557169879
1763859313004,24584376492
1763859314004,24610579104
1763859315004,24636703273
1763859316004,24663254373
1763859317004,24689612937
1763859318004,24715800723
1763859319003,24741622885
1763859320004,24767555513
1763859321003,24793561290
1763859322004,24819410885
1763859323003,24844766137
1763859324004,24870661341
1763859325004,24896890039
1763859326004,24923427920
1763859327004,24950251115
1763859328004,24976790954
1763859329004,25004075214
1763859330004,25031025675
1763859331004,25058116711
1763859332004,25084313693
1763859333004,25110316272
1763859334004,25135827706
1763859335005,25162071781
1763859336004,25188728175
1763859337004,25215890541
1763859338004,25243239842
1763859339004,25270413651
1763859340004,25297048044
1763859341004,25323014623
1763859342004,25349045018
1763859343004,25375722679
1763859344004,25402884922
1763859345005,25430562133
1763859346004,25457676303
1763859347004,25484440364
1763859348004,25511265486
1763859349003,25536987678
1763859350004,25563227683
1763859351004,25589500904
1763859352004,25616191999
1763859353004,25643427208
1763859354004,25671170851
1763859355005,25697699658
1763859356005,25724636991
1763859357004,25750676169
1763859358004,25776398376
1763859359004,25803211671
1763859360004,25829768646
1763859361003,25857369265
1763859362004,25884439922
1763859363004,25910975722
1763859364004,25937778094
1763859365003,25964170517
1763859366004,25989638867
1763859367004,26016770464
1763859368004,26043367326
1763859369004,26070994811
1763859370004,26097818557
1763859371004,26124490802
1763859372004,26150788641
1763859373004,26177277179
1763859374004,26203199541
1763859375004,26230468914
1763859376004,26257004959
1763859377003,26284435136
1763859378003,26311622287
1763859379004,26338115323
1763859380004,26364872835
1763859381004,26391483299
1763859382004,26417266829
1763859383004,26444031027
1763859384004,26470924173
1763859385004,26498687339
1763859386004,26525557138
1763859387004,26552145402
1763859388004,26578850419
1763859389006,26605287167
1763859390004,26631143570
1763859391004,26657540523
1763859392004,26684316333
1763859393004,26711544412
1763859394004,26738829637
1763859395004,26765705617
1763859396004,26792256808
1763859397004,26817790366
1763859398004,26843951745
1763859399004,26870544124
1763859400004,26897256027
1763859401004,26924998813
1763859402004,26952200652
1763859403004,26978956007
1763859404004,27005866137
1763859405004,27031798642
1763859406004,27057851972
1763859407004,27084174857
1763859408004,27111039989
1763859409004,27138922418
1763859410004,27166161666
1763859411004,27193602951
1763859412004,27219942451
1763859413004,27245608354
1763859414004,27271763674
1763859415004,27298267145
1763859416004,27325493816
1763859417004,27353184047
1763859418004,27380480624
1763859419004,27407652949
1763859420004,27434027074
1763859421004,27460095948
1763859422004,27485700070
1763859423004,27511982119
1763859424004,27539242619
1763859425004,27566583138
1763859426004,27593737164
1763859427004,27620817323
1763859428003,27647255815
1763859429004,27673363337
1763859430004,27699017367
1763859431004,27725572368
1763859432004,27752355126
1763859433004,27779705130
1763859434004,27807193156
1763859435004,27834791832
1763859436004,27861595366
1763859437004,27887474276
1763859438004,27912855078
1763859439003,27939178728
1763859440003,27966086961
1763859441004,27993828538
1763859442004,28021248066
1763859443004,28048767671
1763859444004,28075483032
1763859445004,28101156967
1763859446004,28126821539
1763859447004,28152809446
1763859448004,28179951355
1763859449004,28207022028
1763859450004,28234472951
1763859451004,28261818381
1763859452004,28288745035
1763859453004,28314774741
1763859454004,28340526951
1763859455004,28366120011
1763859456004,28393582425
1763859457004,28420782352
1763859458004,28448384103
1763859459004,28475666053
1763859460004,28502344892
1763859461004,28528618527
1763859462004,28554262841
1763859463004,28580317395
1763859464005,28607597325
1763859465004,28634803418
1763859466003,28662013351
1763859467004,28689922143
1763859468004,28716664599
1763859469004,28743133477
1763859470004,28768482119
1763859471004,28794357112
1763859472007,28821647462
1763859473004,28849062859
1763859474004,28876201218
1763859475004,28903766509
1763859476004,28930608967
1763859477004,28957120119
1763859478004,28982716927
1763859479004,29008251938
1763859480004,29035094748
1763859481004,29062158061
1763859482004,29089821150
1763859483004,29117432096
1763859484004,29144394521
1763859485005,29170463120
1763859486004,29196248913
1763859487004,29221996671
1763859488004,29249149413
1763859489004,29276083946
1763859490004,29303547278
1763859491004,29331027960
1763859492004,29358217911
1763859493004,29384666929
1763859494003,29410184682
1763859495004,29436059660
1763859496004,29462680421
1763859497004,29489586649
1763859498004,29517501392
1763859499004,29544960042
1763859500004,29571294677
1763859501004,29597900643
1763859502004,29623500021
1763859503009,29649766143
1763859504004,29676730664
1763859505004,29703537641
1763859506004,29731557312
1763859507004,29758282678
1763859508004,29785295823
1763859509004,29811838523
1763859510004,29837070380
1763859511004,29863517715
1763859512004,29890034941
1763859513004,29916613504
1763859514004,29945102670
1763859515004,29972220911
1763859516004,29999110385
1763859517004,30025410412
1763859518003,30051058399
1763859519004,30077163243
1763859520004,30103786773
1763859521004,30130202529
1763859522004,30157935723
1763859523004,30184917074
1763859524007,30212374607
1763859525004,30238938314
1763859526004,30264830595
1763859527004,30290700187
1763859528004,30317856922
1763859529004,30344397572
1763859530004,30371777412
1763859531004,30397464750
1763859532004,30423694963
1763859533003,30450462237
1763859534004,30476354350
1763859535004,30502435097
1763859536004,30529254590
1763859537004,30555678546
1763859538006,30583110268
1763859539005,30609786323
1763859540004,30636625277
1763859541004,30663737137
1763859542004,30690450142
1763859543005,30716318617
1763859544005,30743048329
1763859545004,30768845215
1763859546005,30795934263
1763859547004,30822779735
1763859548005,30850478885
1763859549004,30877735636
1763859550004,30903689944
1763859551004,30929417063
1763859552004,30956610900
1763859553004,30983177009
1763859554004,31009968625
1763859555004,31036551319
1763859556004,31063666347
1763859557004,31090790707
1763859558004,31117693217
1763859559004,31143453873
1763859560004,31170380832
1763859561004,31197034152
1763859562004,31224516654
1763859563004,31251369562
1763859564004,31278973271
1763859565004,31306158433
1763859566004,31332817658
1763859567004,31358536453
1763859568004,31385326631
1763859569004,31412385385
1763859570004,31439000393
1763859571004,31465043701
1763859572005,31491960088
1763859573004,31517640159
1763859574004,31543324713
1763859575004,31569443144
1763859576004,31595093165
1763859577004,31620400574
1763859578004,31644514736
1763859579004,31667144445
1763859580004,31689174028
1763859581005,31712071457
1763859582004,31734810577
1763859583003,31756915161
1763859584004,31779296092
1763859585003,31799285037
1763859586003,31818807455
1763859587003,31839640363
1763859588004,31861166423
1763859589003,31882226093
1763859590003,31902298729
1763859591003,31922345753
1763859592003,31942616157
1763859593004,31962322801
1763859594003,31982425242
1763859595004,32003123067
1763859596003,32024300607
1763859597003,32044898722
1763859598004,32065062990
1763859599003,32085030576
1763859600003,32104601495
1763859601003,32125359173
1763859602003,32145623380
1763859603004,32166829777
1763859604004,32186713305
1763859605004,32206881780
1763859606004,32227304664
1763859607003,32246769814
1763859608004,32267265112
1763859609004,32289146117
1763859610004,32310584385
1763859611004,32330488078
1763859612004,32350307867
1763859613004,32370258271
1763859614004,32390966898
1763859615003,32412711013
1763859616004,32434425308
1763859617004,32455334610
1763859618003,32475685614
1763859619004,32495708754
1763859620003,32516540821
1763859621003,32536674979
1763859622003,32556552769
1763859623003,32577483475
1763859624003,32598250716
1763859625004,32618661834
1763859626003,32638483795
1763859627003,32658337182
1763859628003,32678307568
1763859629004,32698051729
1763859630004,32718502795
1763859631004,32739739746
1763859632004,32760504447
1763859633004,32780556275
1763859634004,32800412294
1763859635003,32820032509
1763859636003,32840231569
1763859637004,32861081781
1763859638003,32881615896
1763859639003,32901898601
1763859640003,32922162151
1763859641003,32942084847
1763859642003,32961817471
1763859643004,32981598413
1763859644004,33002579471
1763859645003,33023758680
1763859646003,33044185404
1763859647003,33063854456
1763859648003,33083594654
1763859649003,33103702021
1763859650004,33123709831
1763859651004,33144360731
1763859652004,33165046086
1763859653004,33185413553
1763859654003,33205463637
1763859655004,33225372532
1763859656003,33244720407
1763859657004,33264766881
1763859658003,33285917937
1763859659003,33306943610
1763859660003,33327045622
1763859661003,33346967982
1763859662003,33367212575
1763859663003,33387333681
1763859664003,33407302660
1763859665004,33428022272
1763859666003,33448941625
1763859667003,33469437872
1763859668004,33489495407
1763859669004,33509132544
1763859670004,33528457270
1763859671003,33548989656
1763859672003,33569818097
1763859673004,33590417879
1763859674004,33610315529
1763859675004,33630364557
1763859676004,33650952467
1763859677003,33670690002
1763859678003,33690649847
1763859679003,33711596832
1763859680003,33733024956
1763859681003,33753102993
1763859682003,33772996788
1763859683004,33792824838
1763859684003,33812329584
1763859685003,33832970202
1763859686004,33853522646
1763859687003,33874326622
1763859688003,33894247146
1763859689003,33914355110
1763859690003,33934606817
1763859691003,33953825835
1763859692003,33974270828
1763859693003,33995297097
1763859694004,34016066832
1763859695003,34036213122
1763859696004,34055763768
1763859697004,34075633343
1763859698003,34095149885
1763859699003,34115135877
1763859700003,34135780948
1763859701003,34157054817
1763859702003,34177656375
1763859703003,34197498715
1763859704004,34217152529
1763859705003,34236387383
1763859706003,34257087946
1763859707004,34278072325
1763859708003,34299006121
1763859709004,34318732626
1763859710003,34338836458
1763859711003,34359116868
1763859712003,34378494165
1763859713003,34398532805
1763859714003,34419342886
1763859715004,34440221465
1763859716004,34460591242
1763859717004,34480589229
1763859718004,34500400710
1763859719003,34519451138
1763859720003,34539294779
1763859721003,34559483205
1763859722003,34579608580
1763859723004,34598756867
1763859724004,34618669848
1763859725004,34637884567
1763859726004,34656633982
1763859727004,34676167737
1763859728003,34696370943
1763859729003,34717289547
1763859730004,34736614641
1763859731004,34755616460
1763859732003,34774846969
1763859733003,34793990421
1763859734003,34813740717
1763859735004,34834107388
1763859736003,34853946210
1763859737003,34873440949
1763859738003,34892878605
1763859739003,34911587843
1763859740004,34930681371
1763859741004,34951010282
1763859742004,34971323571
1763859743004,34991171573
1763859744003,35010330570
1763859745003,35029652373
1763859746003,35049003599
1763859747003,35068183128
1763859748004,35088286456
1763859749003,35108433007
1763859750003,35127816531
1763859751004,35147539072
1763859752004,35166454784
1763859753004,35185105116
1763859754004,35205010585
1763859755004,35225260364
1763859756004,35245924820
1763859757003,35264898044
1763859758004,35284049696
1763859759004,35303808162
1763859760003,35322696165
1763859761003,35342384389
1763859762003,35362472570
1763859763004,35382726526
1763859764004,35401775852
1763859765003,35420873878
1763859766003,35440047517
1763859767003,35459549586
1763859768003,35479771259
1763859769004,35499887898
1763859770003,35519675786
1763859771004,35538574774
1763859772004,35557856676
1763859773003,35577090030
1763859774003,35596696873
1763859775004,35616568467
1763859776004,35636903682
1763859777004,35656535663
1763859778003,35674891119
1763859779003,35692920210
1763859780003,35711497164
1763859781003,35730282933
1763859782003,35750064930
1763859783003,35769348759
1763859784004,35787721688
1763859785003,35805697443
1763859786003,35823606721
1763859787003,35841443048
1763859788003,35860571888
1763859789004,35880151436
1763859790004,35899966282
1763859791004,35917819500
1763859792003,35935327061
1763859793003,35953188464
1763859794003,35970890671
1763859795003,35989698793
1763859796003,36008695166
1763859797003,36026732106
1763859798003,36043152816
1763859799003,36058972680
1763859800003,36074575237
1763859801003,36091340273
1763859802003,36108787001
1763859803003,36126450208
1763859804004,36142755143
1763859805003,36158278584
1763859806003,36173930438
1763859807003,36189802107
1763859808003,36207049644
1763859809003,36224659623
1763859810003,36241987562
1763859811003,36257521162
1763859812003,36273184155
1763859813003,36288888120
1763859814003,36305440884
1763859815003,36323076475
1763859816003,36340808135
1763859817003,36357011217
1763859818004,36372578248
1763859819003,36388119376
1763859820003,36404232189
1763859821004,36421709119
1763859822003,36439550036
1763859823003,36456622648
1763859824003,36472182885
1763859825004,36487836117
1763859826003,36503715451
1763859827003,36520212584
1763859828003,36537742406
1763859829003,36555348407
1763859830003,36571160712
1763859831003,36586779166
1763859832003,36602383590
1763859833003,36618754805
1763859834003,36636142122
1763859835003,36653956570
1763859836003,36670603521
1763859837003,36686236923
1763859838003,36701838670
1763859839003,36717651863
1763859840003,36734845620
1763859841004,36752297672
1763859842003,36769662270
1763859843003,36785180524
1763859844003,36800805924
1763859845003,36816530040
1763859846004,36833296255
1763859847003,36850794880
1763859848003,36868482017
1763859849003,36884460602
1763859850003,36899983676
1763859851003,36915555863
1763859852003,36932128915
1763859853003,36949797416
1763859854003,36967459736
1763859855003,36983810877
1763859856003,36999403795
1763859857003,37014999682
1763859858003,37030904583
1763859859003,37048243889
1763859860003,37065612801
1763859861003,37083245684
1763859862003,37099198015
1763859863003,37114796900
1763859864003,37130350574
1763859865003,37146911065
1763859866003,37164618000
1763859867003,37182051171
1763859868003,37198642094
1763859869003,37214494011
1763859870003,37230153867
1763859871003,37246085282
1763859872003,37262896769
1763859873003,37280576669
1763859874003,37298359553
1763859875003,37314026172
1763859876003,37329512740
1763859877003,37345115083
1763859878003,37361730149
1763859879004,37379464272
1763859880003,37397017977
1763859881004,37413337232
1763859882003,37428936347
1763859883003,37444580077
1763859884003,37460544801
1763859885003,37478054182
1763859886003,37495545601
1763859887003,37512802242
1763859888003,37528316136
1763859889003,37544022764
1763859890003,37560252392
1763859891003,37576928979
1763859892003,37594609490
1763859893004,37612236926
1763859894004,37628356272
1763859895003,37643808568
1763859896003,37659349069
1763859897003,37675624658
1763859898003,37693186839
1763859899004,37710858263
1763859900004,37727759133
1763859901003,37743206395
1763859902003,37758780862
1763859903003,37774496609
1763859904003,37791463146
1763859905003,37809061267
1763859906003,37826346488
1763859907003,37842208074
1763859908004,37857825136
1763859909004,37873433691
1763859910004,37889951220
1763859911003,37907387268
1763859912003,37925155357
1763859913003,37941332001
1763859914003,37956867759
1763859915003,37972501253
1763859916003,37989115523
1763859917003,38006202884
1763859918003,38023826755
1763859919003,38040839651
1763859920003,38056507540
1763859921003,38072163035
1763859922003,38087728276
1763859923004,38104665988
1763859924003,38122056228
1763859925003,38139712459
1763859926003,38155836058
1763859927003,38171388691
1763859928003,38186955967
1763859929003,38203219729
1763859930003,38220754019
1763859931003,38238359652
1763859932003,38255245834
1763859933003,38270593983
1763859934003,38286285219
1763859935003,38301932866
1763859936003,38318977540
1763859937004,38336539492
1763859938003,38353795322
1763859939003,38369705471
1763859940004,38385227382
1763859941003,38400738338
1763859942004,38417052177
1763859943003,38434560182
1763859944003,38452306315
1763859945003,38468692431
1763859946003,38484187308
1763859947004,38499787708
1763859948003,38516044707
1763859949003,38533035189
1763859950003,38550775937
1763859951003,38567717030
1763859952003,38583337626
1763859953003,38598931080
1763859954003,38614502349
1763859955003,38631567296
1763859956003,38649049214
1763859957003,38666432447
1763859958004,38682508080
1763859959004,38698105145
1763859960003,38713813135
1763859961003,38730078182
1763859962003,38747462394
1763859963004,38765124026
1763859964004,38781678702
1763859965003,38797117091
1763859966003,38812705985
1763859967004,38828847103
1763859968003,38845761528
1763859969004,38863414959
1763859970003,38880340477
1763859971003,38896137819
1763859972003,38911708292
1763859973003,38927402389
1763859974003,38944504010
1763859975003,38962065060
1763859976003,38979389647
1763859977003,38995433901
1763859978003,39010949982
1763859979003,39026634410
1763859980003,39042855654
1763859981003,39060113304
1763859982003,39077934010
1763859983003,39094631726
1763859984003,39110133456
1763859985003,39125713599
1763859986004,39141773244
1763859987003,39158861401
1763859988004,39176574288
1763859989003,39193423581
1763859990003,39209235978
1763859991003,39224755656
1763859992003,39240465650
1763859993003,39257534605
1763859994003,39275070486
1763859995003,39292542000
1763859996003,39308488425
1763859997003,39323950589
1763859998004,39339604157
1763859999003,39355728108
1763860000004,39373141482
1763860001004,39390845953
1763860002003,39407303949
1763860003003,39422810713
1763860004003,39438297159
1763860005003,39454446707
1763860006003,39471694045
1763860007004,39489226789
1763860008003,39506228608
1763860009003,39521758613
1763860010003,39537276531
1763860011003,39552960102
1763860012004,39570022891
1763860013004,39587329440
1763860014003,39605083729
1763860015003,39620953134
1763860016004,39636556441
1763860017003,39652212977
1763860018003,39668255807
1763860019003,39685869045
1763860020003,39703494201
1763860021003,39719902395
1763860022003,39735520620
1763860023004,39751125595
1763860024003,39767392830
1763860025003,39784336448
1763860026003,39801941286
1763860027003,39818974944
1763860028003,39834654552
1763860029003,39850171277
1763860030003,39865787819
1763860031003,39882916949
1763860032003,39900465070
1763860033003,39917849741
1763860034003,39933546363
1763860035003,39949160211
1763860036003,39964832904
1763860037003,39980986185
1763860038003,39997679617
1763860039003,40013902865
1763860040003,40028836797
1763860041004,40044759354
1763860042003,40059273286
1763860043003,40074675597
1763860044003,40090595293
1763860045003,40106343767
1763860046003,40121869197
1763860047003,40136724028
1763860048003,40151178382
1763860049003,40166210479
1763860050003,40181516538
1763860051003,40197253016
1763860052003,40213138823
1763860053003,40227615254
1763860054003,40242281559
1763860055003,40256773260
1763860056003,40272171012
1763860057003,40289264401
1763860058003,40304877378
1763860059003,40319865441
1763860060003,40334164286
1763860061003,40348633419
1763860062004,40364157411
1763860063003,40379976602
1763860064004,40395658811
1763860065003,40410777720
1763860066003,40425165779
1763860067003,40439584193
1763860068003,40454291762
1763860069003,40470119122
1763860070003,40485844217
1763860071003,40501208493
1763860072003,40515707568
1763860073003,40530117720
1763860074004,40544858566
1763860075003,40560566923
1763860076003,40576326826
1763860077003,40592010489
1763860078003,40606478521
1763860079003,40620609631
1763860080003,40635403767
1763860081003,40651043764
1763860082003,40666766457
1763860083003,40682475809
1763860084003,40696865703
1763860085003,40711122886
1763860086003,40726012188
1763860087003,40741334924
1763860088003,40757388021
1763860089003,40773206599
1763860090003,40787521034
1763860091003,40801885944
1763860092003,40816656380
1763860093003,40832103367
1763860094003,40847832976
1763860095003,40863620373
1763860096003,40878175431
1763860097003,40892440279
1763860098003,40906965717
1763860099003,40922170734
1763860100003,40938029001
1763860101003,40953693936
1763860102003,40968616608
1763860103003,40982809025
1763860104003,40997291929
1763860105003,41012381187
1763860106003,41028048371
1763860107003,41043827659
1763860108004,41058952795
1763860109003,41073262503
1763860110003,41087640831
1763860111003,41102417081
1763860112003,41118176265
1763860113003,41133822825
1763860114003,41149221893
1763860115003,41163642372
1763860116003,41177918144
1763860117004,41192597331
1763860118003,41208155274
1763860119003,41223820103
1763860120003,41239618424
1763860121003,41254005213
1763860122003,41268242658
1763860123003,41282973024
1763860124004,41298193571
1763860125003,41313782756
1763860126003,41329806844
1763860127003,41344140129
1763860128003,41358316757
1763860129003,41372863752
1763860130003,41388005428
1763860131003,41403781916
1763860132003,41419621975
1763860133003,41434483018
1763860134003,41448723432
1763860135003,41463239705
1763860136003,41478424771
1763860137003,41494196317
1763860138003,41509757075
1763860139003,41524637182
1763860140003,41538948955
1763860141003,41553233111
1763860142003,41568049004
1763860143003,41583811936
1763860144003,41599584981
1763860145003,41614767171
1763860146003,41629117332
1763860147003,41643386326
1763860148003,41657937284
1763860149003,41673702343
1763860150003,41689463806
1763860151003,41704579701
1763860152003,41718947733
1763860153003,41733307961
1763860154003,41747923989
1763860155003,41763678201
1763860156003,41779451353
1763860157003,41794788241
1763860158003,41809154222
1763860159003,41823335364
1763860160003,41837982635
1763860161003,41853366556
1763860162003,41869021271
1763860163003,41884822178
1763860164003,41899091738
1763860165003,41913353970
1763860166003,41928033509
1763860167003,41943226975
1763860168003,41959011954
1763860169003,41974744516
1763860170003,41989013127
1763860171003,42003365767
1763860172003,42018087243
1763860173003,42033318776
1763860174003,42049050083
1763860175003,42064910828
1763860176003,42079281689
1763860177003,42093516304
1763860178003,42108211801
1763860179003,42123578402
1763860180003,42139253788
1763860181003,42155044719
1763860182003,42169489908
1763860183003,42183716139
1763860184003,42198399717
1763860185003,42213534936
1763860186003,42229109525
1763860187003,42244988156
1763860188003,42259426919
1763860189003,42273594443
1763860190004,42288025235
1763860191003,42303111417
1763860192004,42318964405
1763860193003,42334680290
1763860194003,42349436360
1763860195004,42363632786
1763860196003,42378095891
1763860197003,42392974759
1763860198003,42407831992
1763860199003,42421161949
1763860200003,42435836163
1763860201003,42450121697
1763860202003,42464619671
1763860203003,42478157830
1763860204003,42492664005
1763860205003,42508816230
1763860206003,42524760880
1763860207003,42539616492
1763860208003,42553638315
1763860209003,42567462798
1763860210003,42581601191
1763860211003,42595334073
1763860212003,42609379519
1763860213003,42623679787
1763860214003,42637605984
1763860215003,42651983808
1763860216003,42666216143
1763860217003,42680289756
1763860218003,42694778091
1763860219003,42708785976
1763860220003,42722627702
1763860221003,42736037800
1763860222003,42749783748
1763860223003,42763310739
1763860224003,42776643342
1763860225003,42789797670
1763860226003,42803229586
1763860227003,42816502826
1763860228003,42829818890
1763860229003,42843192100
1763860230003,42856441992
1763860231003,42869798050
1763860232003,42883142955
1763860233003,42896616762
1763860234003,42909863135
1763860235003,42923213043
1763860236003,42936468152
1763860237003,42950276264
1763860238003,42964173331
1763860239003,42978140517
1763860240003,42992143521
1763860241003,43005654048
1763860242003,43019336043
1763860243003,43032987406
1763860244003,43046300564
1763860245003,43059903855
1763860246003,43073812748
1763860247003,43087384904
1763860248003,43101249886
1763860249003,43114871186
1763860250003,43128372181
1763860251004,43141964288
1763860252003,43155372550
1763860253003,43168842991
1763860254003,43182118801
1763860255003,43195611412
1763860256003,43208996005
1763860257003,43222196096
1763860258003,43235769690
