8046859188
7131907191
1769679134006
8073451578
7155446883
1769679135005
8100754961
7178862512
1769679136005
8127402081
7202125011
1769679137005
8153710123
7224780379
1769679138005
8180155731
7247601068
1769679139005
8206801311
7270924020
1769679140005
8233106362
7293655403
1769679141005
8263235999
7316748157
1769679142005
8293427477
7341972607
1769679143005
8320323501
7370397788
1769679144005
8347906669
7393635142
1769679145005
8375320016
7416312833
1769679146005
8402100690
7439313184
1769679147005
8428874497
7462449027
1769679148005
8455545481
7485334135
1769679149006
8482852922
7508079678
1769679150005
8509511135
7530879616
1769679151005
8536147377
7553988208
1769679152005
8564667951
7578715475
1769679153005
8591399585
7602411851
1769679154005
8619073997
7625064549
1769679155005
8646515479
7647784871
1769679156005
8673360419
7670667034
1769679157005
8706365365
7693664868
1769679158005
8732884563
7716308335
1769679159005
8759683211
7739588046
1769679160005
8786319391
7762378844
1769679161005
8812982975
7785573415
1769679162005
8841922106
7809879241
1769679163005
8868709662
7833801481
1769679164005
8895508035
7857026568
1769679165005
8922282025
7880394576
1769679166005
8949521034
7903124098
1769679167005
8976203248
7926233377
1769679168005
9002859523
7948915416
1769679169005
9029578646
7971992546
1769679170005
9056134997
7994672312
1769679171005
9083022507
8017602675
1769679172005
9111811454
8042101164
1769679173005
9149719620
8066271103
1769679174005
9177652654
8089283813
1769679175005
9204246875
8112335493
1769679176005
9231246623
8135342299
1769679177005
9257589270
8158458642
1769679178005
9283940950
8181152506
1769679179005
9310699057
8204688383
1769679180005
9337213463
8227349442
1769679181005
9363805716
8250421812
1769679182005
9391857717
8275456146
1769679183005
9418308345
8299506752
1769679184005
9445559667
8322482462
1769679185005
9473093430
8345316486
1769679186005
9500775134
8368632084
1769679187005
9529456650
8392739601
1769679188005
9561358625
8416795776
1769679189005
9593325356
8441042798
1769679190005
9622203166
8465170243
1769679191005
9651498510
8489223885
1769679192005
9681607473
8514568171
1769679193005
9711447833
8539084389
1769679194005
9740531397
8563555109
1769679195005
9769468423
8587572330
1769679196006
9797906954
8611897564
1769679197006
9826377940
8636217748
1769679198005
9854601456
8660361229
1769679199005
9883445057
8684599340
1769679200005
9912191312
8708699092
1769679201005
9942835174
8733149991
1769679202005
9973122136
8759023394
1769679203005
10007589440
8784981661
1769679204005
10042747793
8809539122
1769679205005
10070547304
8834150414
1769679206005
10098656630
8858551907
1769679207005
10126773752
8882714034
1769679208006
10155101648
8907265727
1769679209005
10183592850
8931959595
1769679210005
10211928054
8956285852
1769679211005
10239863194
8980831594
1769679212005
10270547170
9006265918
1769679213005
10299130271
9031764279
1769679214005
10328638358
9056241589
1769679215005
10357688400
9080666550
1769679216005
10386262224
9104695794
1769679217005
10414531240
9128764786
1769679218005
10443254699
9153123923
1769679219006
10471510013
9177370549
1769679220005
10505485307
9202469837
1769679221005
10534422455
9227133295
1769679222005
10564083701
9253999764
1769679223006
10593228480
9278746562
1769679224005
10621363439
9302986138
1769679225005
10649088201
9327304994
1769679226005
10676738612
9351766239
1769679227006
10703960074
9375620870
1769679228005
10731519165
9399674070
1769679229005
10759166402
9424038700
1769679230005
10787101465
9447966403
1769679231005
10815357496
9471977063
1769679232005
10846338285
9496623692
1769679233005
10879721141
9522165874
1769679234005
10909088641
9546336392
1769679235005
10939800066
9570670995
1769679236005
10972019011
9594758235
1769679237005
10999813441
9618545304
1769679238005
11027633505
9642754501
1769679239005
11055643928
9667185199
1769679240005
11083706335
9691107134
1769679241005
11111595228
9715360198
1769679242005
11140877832
9740823374
1769679243005
11168925988
9766286764
1769679244005
11198426873
9790237719
1769679245005
11227552991
9814150484
1769679246005
11255272658
9838616595
1769679247005
11282864569
9862434425
1769679248005
11310672137
9886580591
1769679249005
11338844081
9910536567
1769679250005
11366367041
9934406060
1769679251005
11399663537
9958654730
1769679252005
11429529225
9984201565
1769679253005
11458489291
10008469704
1769679254005
11487300743
10032446400
1769679255005
11516005207
10056123017
1769679256005
11543889415
10079643392
1769679257006
11572207653
10103141841
1769679258005
11600048331
10126481286
1769679259005
11627952466
10150740972
1769679260005
11656261976
10174462142
1769679261005
11684436774
10198486352
1769679262005
11714217033
10223535486
1769679263005
11749326255
10247303148
1769679264005
11778786737
10271784792
1769679265005
11807667110
10295566094
1769679266005
11835327881
10319459054
1769679267005
11869479572
10343472491
1769679268005
11897168112
10367209407
1769679269006
11924996721
10391962003
1769679270005
11952641684
10416079469
1769679271006
11980460359
10440410227
1769679272005
12009653384
10466144415
1769679273006
12037182478
10491231390
1769679274005
12065896554
10515559706
1769679275005
12094004430
10539879738
1769679276005
12121734517
10563742288
1769679277005
12149705864
10587752598
1769679278005
12177435372
10611448821
1769679279005
12205458505
10636100363
1769679280006
12233336580
10659930704
1769679281005
12261332858
10683893988
1769679282004
12293598874
10708801773
1769679283005
12325125351
10734043265
1769679284005
12353903770
10758205361
1769679285005
12382268407
10782159262
1769679286006
12410171398
10805860840
1769679287005
12438151747
10829645377
1769679288005
12465658687
10853399199
1769679289006
12494152361
10877803211
1769679290005
12522233535
10901770172
1769679291005
12550011533
10926003614
1769679292005
12579515134
10951344390
1769679293005
12613258704
10976574348
1769679294005
12642334868
11001117177
1769679295005
12670760781
11025087052
1769679296005
12698550162
11048825784
1769679297005
12726447706
11072981334
1769679298005
12759755447
11096723209
1769679299005
12788020525
11121677043
1769679300005
12815768099
11145744219
1769679301005
12844054951
11169764491
1769679302005
12873492744
11195068633
1769679303005
12901310580
11220084902
1769679304005
12930331190
11244465127
1769679305005
12959511458
11268144597
1769679306005
12988418075
11291849944
1769679307006
13016449890
11315789105
1769679308005
13044389576
11339238118
1769679309005
13073157437
11363652307
1769679310005
13101560127
11387367282
1769679311005
13130246556
11411175301
1769679312005
13159964776
11436491176
1769679313005
13187452628
11461219267
1769679314005
13222339617
11485243294
1769679315005
13249645914
11509334791
1769679316005
13276019962
11532015441
1769679317005
13302575428
11554918401
1769679318005
13328832279
11577642278
1769679319005
13355258220
11600812268
1769679320005
13381665439
11623989414
1769679321005
13408309813
11647115110
1769679322005
13436671246
11671342388
1769679323005
13469348587
11695370519
1769679324005
13497213723
11718379980
1769679325005
13524510377
11741537763
1769679326005
13550797119
11764321482
1769679327005
13577576969
11787321452
1769679328005
13604093038
11809976912
1769679329005
13632827804
11833064021
1769679330005
13663634316
11856363231
1769679331005
13689805357
11879593872
1769679332005
13718456203
11903548718
1769679333005
13746401475
11926416813
1769679334005
13773833909
11949221512
1769679335005
13801099146
11972439580
1769679336005
13827417838
11995191684
1769679337005
13853815842
12018127784
1769679338005
13880095183
12040878973
1769679339005
13906501136
12064240847
1769679340005
13932838534
12087478308
1769679341005
13959202268
12110710582
1769679342005
13986186025
12135640704
1769679343005
14012489002
12159647611
1769679344005
14039442198
12182491659
1769679345005
14072587044
12205675016
1769679346005
14099329695
12228420177
1769679347005
14125830690
12251447795
1769679348005
14152021657
12274112227
1769679349005
14178426069
12297418410
1769679350005
14204680494
12320520380
1769679351005
14231572719
12343454695
1769679352005
14260112320
12367323547
1769679353005
14292243898
12391448734
1769679354005
14320473029
12414496629
1769679355005
14347611503
12437644663
1769679356005
14373809641
12460375467
1769679357005
14400412254
12483218463
1769679358005
14426698248
12505933078
1769679359005
14453216423
12529176200
1769679360005
14479652495
12552406825
1769679361005
14512737683
12575626892
1769679362005
14540182614
12600304769
1769679363005
14566399535
12624441201
1769679364005
14592925095
12647730326
1769679365005
14619467835
12671302135
1769679366005
14645810315
12693912752
1769679367005
14672560427
12716757960
1769679368005
14698979226
12739317462
1769679369005
14725627369
12762605672
1769679370005
14751960190
12785476880
1769679371005
14778966148
12808414139
1769679372005
14808258289
12831744537
1769679373005
14834493245
12855435252
1769679374005
14861923315
12878246527
1769679375005
14888899932
12900948416
1769679376005
14917532438
12923966940
1769679377005
14947867188
12947060763
1769679378005
14974010688
12969725164
1769679379005
15000740721
12992705222
1769679380005
15027096032
13015335049
1769679381005
15054183910
13038418175
1769679382005
15083340453
13061902800
1769679383005
15116094054
13085923302
1769679384005
15144183696
13108794434
1769679385005
15171489718
13131559583
1769679386005
15198235680
13154460407
1769679387005
15225001386
13177377496
1769679388005
15251395101
13200060786
1769679389005
15278085265
13223286163
1769679390005
15304701182
13245925495
1769679391005
15331214841
13269337767
1769679392005
15365160458
13293317194
1769679393005
15393237650
13316198228
1769679394005
15420439200
13339053232
1769679395005
15447656787
13361903399
1769679396005
15473977768
13385078699
1769679397006
15500300228
13408090036
1769679398005
15526435016
13430806895
1769679399005
15553285678
13453660846
1769679400005
15579713968
13476380404
1769679401005
15606164337
13499916602
1769679402005
15634243543
13524209474
1769679403005
15660465560
13548347691
1769679404005
15687357739
13571232967
1769679405005
15714627935
13594047812
1769679406005
15741019103
13617255016
1769679407005
15767618817
13640181534
1769679408005
15800241352
13662865710
1769679409005
15826742087
13686172701
1769679410006
15853067065
13708835302
1769679411005
15879934175
13731941468
1769679412005
15907611287
13756632253
1769679413005
15940044226
13780747187
1769679414005
15968099736
13803791375
1769679415005
15995075102
13826576634
1769679416005
16021399882
13849612354
1769679417005
16048011558
13872697433
1769679418005
16074592123
13895442473
1769679419005
16101322858
13918556024
1769679420005
16127767230
13941339910
1769679421005
16154046312
13964866602
1769679422005
16182008337
13989298764
1769679423005
16212632729
14012244828
1769679424005
16243683553
14035148886
1769679425005
16270770668
14057970292
1769679426005
16297268977
14081122812
1769679427005
16323914679
14104233387
1769679428005
16350449562
14126929220
1769679429005
16376889112
14150254399
1769679430005
16403300985
14172941458
1769679431005
16429836081
14195906595
1769679432005
16458480550
14220394510
1769679433005
16484800249
14244373250
1769679434005
16511423506
14267611917
1769679435005
16537662124
14291088531
1769679436005
16563860705
14313736378
1769679437005
16590477127
14337026311
1769679438006
16616964542
14359623699
1769679439005
16649505721
14382918988
1769679440005
16675882653
14405562394
1769679441005
16702367306
14428453223
1769679442005
16730408809
14453095076
1769679443005
16757358328
14481200221
1769679444005
16785164721
14504080614
1769679445005
16812323503
14526796938
1769679446005
16838525654
14549447287
1769679447005
16865211561
14572898482
1769679448005
16891556481
14595606643
1769679449005
16917919345
14618754585
1769679450005
16944469700
14641596620
1769679451005
16970821089
14664763207
1769679452005
16999334187
14689274833
1769679453005
17025845847
14713116175
1769679454005
17053271049
14735825618
1769679455005
17086715700
14758682529
1769679456005
17113062391
14781239789
1769679457005
17139316236
14804267284
1769679458005
17165799226
14827212265
1769679459005
17192376435
14850266096
1769679460005
17218865696
14872978071
1769679461005
17245377387
14896048396
1769679462005
17272769372
14921277697
1769679463005
17299468934
14945194948
1769679464005
17326584811
14967945877
1769679465005
17354024173
14990670578
1769679466005
17380423229
15013065370
1769679467005
17406912383
15036025380
1769679468005
17433565088
15058941843
1769679469005
17460595123
15081744359
1769679470005
17490695388
15104943446
1769679471005
17520965140
15127529971
1769679472005
17548845473
15152343995
1769679473005
17582971317
15175136533
1769679474005
17611061677
15197988821
1769679475005
17638687216
15220764041
1769679476005
17665357498
15243533142
1769679477005
17692029947
15266621883
1769679478005
17719163996
15289624829
1769679479005
17746002605
15312953090
1769679480005
17772597466
15335951809
1769679481005
17799033935
15359050239
1769679482005
17827273167
15383927447
1769679483005
17853885133
15408077398
1769679484005
17881205528
15431095952
1769679485005
17908478608
15453826542
1769679486005
17941495363
15476554813
1769679487005
17968033221
15499263875
1769679488005
17995024547
15522397932
1769679489005
18021576900
15545516991
1769679490005
18048046265
15568529564
1769679491005
18074327956
15591924503
1769679492005
18101046164
15617438809
1769679493005
18127492291
15642133653
1769679494005
18154306059
15665706073
1769679495005
18180955117
15689151104
1769679496005
18207656526
15711976644
1769679497005
18234050897
15734757311
1769679498005
18260821791
15758106354
1769679499005
18287820196
15781149596
1769679500005
18314451967
15803794925
1769679501005
18341276798
15826825960
1769679502005
18375225115
15850994647
1769679503005
18407510280
15875403663
1769679504005
18435332450
15898333721
1769679505005
18463068595
15921168829
1769679506005
18489444047
15943805079
1769679507005
18515743819
15966498257
1769679508005
18542641552
15989869576
1769679509005
18570002106
16012857309
1769679510005
18597825847
16035777495
1769679511005
18624880631
16058573298
1769679512005
18653990225
16082161465
1769679513005
18680506126
16106845735
1769679514005
18707889781
16130112888
1769679515005
18735279554
16153118061
1769679516005
18761707631
16176246672
1769679517005
18791826496
16199065865
1769679518005
18821169323
16222496782
1769679519005
18847929246
16245534455
1769679520005
18874642830
16268337307
1769679521005
18901156779
16291423195
1769679522005
18928565030
16316226630
1769679523005
18956522172
16339539512
1769679524005
18983941515
16362354250
1769679525005
19011060352
16385280097
1769679526005
19037417112
16407940729
1769679527005
19063595141
16430663461
1769679528005
19090019479
16453976694
1769679529005
19117052642
16476795216
1769679530005
19143309097
16499626143
1769679531005
19170180998
16522335738
1769679532005
19198847057
16546363563
1769679533005
19232284049
16575101167
1769679534005
19260017020
16598370868
1769679535005
19286799678
16621658314
1769679536005
19313274276
16644652334
1769679537005
19339460834
16667457627
1769679538005
19365998600
16690922036
1769679539005
19392545018
16714247734
1769679540006
19419007913
16737075747
1769679541005
19445729660
16759851058
1769679542005
19473711749
16784216650
1769679543005
19500313584
16808264311
1769679544005
19527775634
16831233078
1769679545005
19555237013
16854074579
1769679546005
19581522458
16876715544
1769679547005
19608003953
16899498164
1769679548005
19635218503
16922535318
1769679549005
19668033899
16946335677
1769679550005
19694550548
16969132090
1769679551005
19721198111
16992379133
1769679552005
19749960387
17016205553
1769679553005
19776347328
17040130738
1769679554005
19803400540
17063378696
1769679555005
19830592280
17086304360
1769679556005
19856979374
17109188186
1769679557005
19883362332
17131988780
1769679558005
19910125292
17155200303
1769679559005
19937250964
17178683219
1769679560005
19963585082
17201556624
1769679561005
19990166425
17224795474
1769679562005
20018425019
17248831142
1769679563005
20051081167
17272899401
1769679564005
20082122867
17296408073
1769679565005
20111591588
17319386804
1769679566005
20137934586
17342426185
1769679567005
20164253949
17365367748
1769679568005
20191018801
17388383632
1769679569005
20217650221
17412087958
1769679570005
20244183089
17434801734
1769679571005
20270745604
17458132879
1769679572005
20299206535
17482415787
1769679573005
20325728784
17506343413
1769679574005
20353021073
17529474969
1769679575005
20379954022
17552665435
1769679576005
20406344625
17575354096
1769679577005
20432572883
17597997975
1769679578005
20459253861
17620954262
1769679579005
20486520136
17644156935
1769679580005
20519557902
17666899853
1769679581005
20546047468
17690033789
1769679582005
20573070942
17715269132
1769679583005
20599656115
17739245462
1769679584005
20626860977
17762337652
1769679585005
20654103678
17785118258
1769679586005
20684740369
17808799589
1769679587005
20722571557
17831521452
1769679588005
20761306722
17854543531
1769679589005
20800116757
17878262061
1769679590004
20838086946
17901149580
1769679591005
20876397114
17924471509
1769679592005
20911466025
17949404302
1769679593005
20950088890
17977805543
1769679594005
20988793248
18002104366
1769679595005
21027455327
18025629806
1769679596005
21069240092
18048608629
1769679597005
21107648384
18071434582
1769679598005
21144897144
18094840277
1769679599005
21184394446
18118406686
1769679600005
21222843675
18141434502
1769679601006
21262201213
18164757316
1769679602005
21300821912
18190180363
1769679603005
21337977659
18214343802
1769679604005
21367289132
18237248257
1769679605005
21400886119
18260481324
1769679606005
21438057353
18283368034
1769679607005
21472775894
18306140843
1769679608005
21499793906
18329109290
1769679609005
21530198889
18352313947
1769679610005
21563576191
18375567795
1769679611005
21604509011
18398894362
1769679612004
21645340533
18423632051
1769679613005
21684200004
18447798800
1769679614005
21723473577
18471395282
1769679615005
21762659890
18495378768
1769679616005
21802072586
18518188486
1769679617005
21840611486
18541144803
1769679618005
21879954605
18564366304
1769679619005
21918875780
18587745878
1769679620005
21953907812
18611410121
1769679621005
21985986887
18634954588
1769679622005
22018941192
18661155351
1769679623005
22052071086
18690012593
1769679624006
22085378537
18714411874
1769679625005
22118789987
18738239805
1769679626005
22150768695
18761876323
1769679627005
22187607335
18785515787
1769679628005
22220494215
18809362652
1769679629005
22252979916
18833293483
1769679630005
22285950943
18857430388
1769679631005
22318669954
18881271836
1769679632005
22353956383
18905847714
1769679633005
22393148815
18930124168
1769679634005
22431842233
18953952251
1769679635005
22470066727
18978295750
1769679636005
22508129654
19001588017
1769679637005
22543584135
19025962672
1769679638005
22580263757
19050710080
1769679639005
22611155820
19074231676
1769679640005
22638366953
19097908018
1769679641006
22664869336
19121011544
1769679642005
22692638179
19146800692
1769679643005
22727682418
19171391522
1769679644005
22755618305
19194470437
1769679645005
22782979698
19218257629
1769679646005
22811264536
19241104973
1769679647005
22838008911
19263981430
1769679648005
22865890190
19286850838
1769679649006
22893304498
19309844735
1769679650005
22919630651
19333193808
1769679651005
22948898227
19356299990
1769679652004
22991811962
19382413065
1769679653005
23036769903
19410870349
1769679654004
23068336020
19435718627
1769679655005
23097738323
19459823628
1769679656005
23127304741
19483073783
1769679657005
23156176707
19506349145
1769679658005
23191291835
19529654367
1769679659005
23224350245
19553567467
1769679660005
23253243678
19577142176
1769679661006
23281847607
19601293591
1769679662005
23311978663
19626927840
1769679663006
23342404885
19651454404
1769679664005
23371024529
19674896810
1769679665005
23399012477
19699034142
1769679666005
23427790896
19722903193
1769679667005
23458609919
19746296743
1769679668005
23490222283
20626997521
1769679705028
25061871658
21098493065
1769679725006
25090955603
21121735622
1769679726005
25120753897
21144653154
1769679727005
25147190365
21167921039
1769679728005
25179908186
21191702021
1769679729005
25210671381
21218642919
1769679730005
25246494846
21244099778
1769679731005
25283624075
21268618087
1769679732005
25320697002
21299762900
1769679733005
25350494030
21329879994
1769679734005
25378506986
21360049439
1769679735005
25406401509
21390135225
1769679736005
25433999996
21420195865
1769679737005
25467294951
21450460520
1769679738005
25498756764
21480495115
1769679739005
25526444846
21511234477
1769679740005
25553384478
21541437596
1769679741005
25580629224
21571969983
1769679742005
25608773551
21602951688
1769679743005
25643034154
21633531802
1769679744005
25671434357
21663752682
1769679745005
25698794469
21693960455
1769679746005
25725537440
21723983912
1769679747005
25752124932
21754254136
1769679748005
25779131180
21784242758
1769679749005
25806493855
21814617149
1769679750005
25833351567
21844786228
1769679751005
25859957323
21875131552
1769679752005
25891222643
21906177294
1769679753005
25921730724
21936729913
1769679754005
25949716856
21966775250
1769679755005
25977725051
21996879162
1769679756005
26004534792
22026886506
1769679757005
26031404877
22057125680
1769679758005
26060897264
22086839353
1769679759005
26088269780
22117348243
1769679760005
26115336374
22147533129
1769679761005
26142713330
22177529487
1769679762005
26171693628
22208286747
1769679763005
26201796853
22238537593
1769679764005
26229604878
22268661051
1769679765005
26256913235
22298835455
1769679766005
26283838631
22329048263
1769679767005
26310601788
22359210705
1769679768005
26344319496
22389352746
1769679769005
26371867419
22419966901
1769679770005
26399008471
22450074444
1769679771005
26426312677
22480112808
1769679772005
26455890066
22510617822
1769679773005
26490556151
22540900207
1769679774005
26518678140
22571152121
1769679775005
26546318694
22601478785
1769679776005
26573450072
22631544506
1769679777005
26600137520
22661561432
1769679778005
26629582927
22691569417
1769679779005
26656881564
22721998111
1769679780005
26683677603
22752221890
1769679781005
26710499961
22782405219
1769679782005
26739860137
22812919266
1769679783005
26767602584
22843881487
1769679784005
26801834243
22874098262
1769679785005
26829370859
22904307149
1769679786005
26856362871
22934394399
1769679787005
26883135824
22964401194
1769679788005
26910935793
22994572821
1769679789005
26938970141
23024766435
1769679790005
26966231670
23054810032
1769679791005
26993064313
23084994292
1769679792005
27021642730
23115706388
1769679793005
27049264196
23146420711
1769679794005
27077366258
23176436295
1769679795005
27105413529
23206581068
1769679796005
27132675562
23236620484
1769679797006
27159321920
23266443283
1769679798005
27189990896
23296519074
1769679799005
27220642311
23326913605
1769679800005
27250844897
23356960727
1769679801005
27278179268
23387126952
1769679802005
27307165287
23417892436
1769679803005
27340448402
23448806761
1769679804005
27368780112
23478968821
1769679805005
27396765924
23509081156
1769679806005
27423555661
23539014880
1769679807005
27450359863
23569062170
1769679808005
27478072449
23599356517
1769679809005
27505998099
23629572941
1769679810005
27533127769
23659566965
1769679811005
27559919886
23689751439
1769679812005
27587930248
23720509355
1769679813005
27616559001
23751424977
1769679814005
27644848248
23781874589
1769679815005
27678608084
23812152168
1769679816005
27705695077
23842404128
1769679817005
27732253854
23872401921
1769679818005
27762724187
23902443183
1769679819005
27790360895
23932761134
1769679820005
27817346225
23962788955
1769679821005
27844417380
23993020912
1769679822005
27873233318
24023702156
1769679823005
27901906762
24054107184
1769679824005
27930103867
24083940801
1769679825005
27957426154
24114099703
1769679826005
27984531319
24144232529
1769679827005
28011350581
24174122432
1769679828005
28038570715
24204363910
1769679829005
28066445784
24234625544
1769679830005
28093740302
24264497504
1769679831005
28126957456
24294892538
1769679832005
28155473041
24325689041
1769679833005
28183501895
24358114519
1769679834005
28212260250
24388445287
1769679835005
28239540638
24418631058
1769679836005
28267267461
24448751784
1769679837005
28294038125
24478588071
1769679838005
28321019213
24508575045
1769679839005
28348743167
24539121226
1769679840005
28375678435
24569267936
1769679841006
28402904978
24599712041
1769679842006
28432015426
24630248837
1769679843005
28461096655
24660452338
1769679844005
28489200609
24690828651
1769679845005
28516577688
24720973790
1769679846005
28547301960
24751154679
1769679847005
28576927869
24781143667
1769679848005
28610401892
24811212577
1769679849005
28639466688
24841866266
1769679850005
28669471560
24872087176
1769679851005
28696490167
24902512315
1769679852005
28725058514
24933316660
1769679853005
28752655247
24963938825
1769679854005
28780621116
24994373668
1769679855005
28807627151
25024546134
1769679856005
28834549922
25054726733
1769679857005
28861122706
25084673671
1769679858005
28890253294
25114837211
1769679859005
28917087432
25145395750
1769679860005
28944065194
25175782652
1769679861005
28971318148
25206199765
1769679862005
29005784856
25237152739
1769679863005
29035558936
25270365163
1769679864005
29064233921
25304625812
1769679865005
29097235754
25330893817
1769679866005
29124006221
25353917483
1769679867005
29150659933
25376503809
1769679868005
29180839845
25401294671
1769679869005
29208368984
25425527610
1769679870005
29240555827
25451026368
1769679871005
29278728215
25476178906
1769679872004
29309683661
25506307292
1769679873005
29347010588
25530518030
1769679874005
29384338034
25553890250
1769679875005
29421371793
25576844217
1769679876005
29458076972
25599540050
1769679877005
29494795929
25622321312
1769679878005
29534402813
25645011590
1769679879005
29571138310
25668659614
1769679880005
29608290273
25691930490
1769679881005
29644896992
25715054706
1769679882005
29682517132
25739209997
1769679883005
29719393079
25763235396
1769679884005
29756391699
25786596843
1769679885005
29792941537
25809701361
1769679886005
29830630032
25833671451
1769679887005
29867964375
25857355345
1769679888005
29904967695
25880214896
1769679889005
29941798432
25903496636
1769679890005
29978532296
25962759135
1769679892461
30052802365
25976216096
1769679893005
30091590628
26004706139
1769679894005
30130171777
26028141374
1769679895005
30168944766
26052061127
1769679896005
30206054862
26075575612
1769679897005
30235491114
26098875402
1769679898005
30262600201
26121570731
1769679899005
30289853797
26144769284
1769679900005
30319580378
26168326248
1769679901005
30357102043
26191709514
1769679902005
30394551599
26216083696
1769679903005
30432082312
26240026046
1769679904005
30469342363
26262804501
1769679905005
30506274627
26285789091
1769679906005
30543527079
26308632255
1769679907005
30580078976
26331121357
1769679908005
30617247831
26353745675
1769679909005
30656630804
26377015773
1769679910005
30693464897
26400382210
1769679911005
30730172075
26423797228
1769679912004
30767123640
26448312303
1769679913005
30804098107
26472222184
1769679914005
30840783710
26495806306
1769679915005
30877350087
26519575677
1769679916005
30914106533
26542436173
1769679917005
30952192667
26565977192
1769679918005
30990326666
26589179240
1769679919005
31026711457
26612381378
1769679920005
31063572375
26635630908
1769679921005
31100711689
26658878653
1769679922005
31137969544
26683804824
1769679923005
31175205228
26712127807
1769679924005
31212590669
26735292624
1769679925005
31252085545
26758420548
1769679926005
31290445164
26782148005
1769679927005
31327348178
26846637681
1769679929828
31437798612
26874218103
1769679931005
31474546742
26897555122
1769679932005
31511816177
26921834995
1769679933005
31550431505
26945800629
1769679934005
31588901943
26969141935
1769679935005
31625456678
26992878119
1769679936005
31662187566
27015717820
1769679937005
31698562364
27038258036
1769679938005
31735597405
27061494642
1769679939028
31772450526
27083783056
1769679940005
31810654467
27107137134
1769679941005
31848574518
27130380179
1769679942005
31885344559
27155674922
1769679943005
31922041529
27179707233
1769679944005
31959089235
27202355049
1769679945005
31996005035
27225375328
1769679946005
32032724511
27248362161
1769679947005
32069322288
27270937241
1769679948005
32108790493
27295040853
1769679949005
32143683891
27318181136
1769679950005
32170902301
27376707452
1769679952453
32227982617
27390454788
1769679953005
32267627295
27414664367
1769679954005
32304675931
27438209917
1769679955005
32341041589
27461688546
1769679956005
32380466720
27484993707
1769679957005
32418574933
27508445146
1769679958005
32455239846
27531104054
1769679959005
32485747591
27554155200
1769679960005
32513447590
27577404623
1769679961005
32547925452
27600702094
1769679962005
32585018993
27625396541
1769679963005
32621644006
27649619135
1769679964005
32658489528
27672657723
1769679965005
32695066280
27695751759
1769679966006
32731692667
27718938090
1769679967005
32767931485
27741447546
1769679968005
32804664235
27764164878
1769679969005
32841489143
27787102641
1769679970005
32878105108
27810299943
1769679971005
32914543593
27833952391
1769679972005
32954037964
27859548006
1769679973005
32990595141
27883520491
1769679974005
33027454181
27906386298
1769679975005
33064262062
27929204743
1769679976005
33100570502
27952194826
1769679977005
33137171408
27975039638
1769679978005
33174384312
27998118736
1769679979005
33211361968
28021664226
1769679980005
33248066674
28076820431
1769679982314
33360908220
28118377394
1769679984005
33397813385
28141972427
1769679985005
33434187694
28165577392
1769679986005
33470652270
28188636594
1769679987005
33508500379
28211576569
1769679988005
33546607921
28234288774
1769679989005
33583205973
28257076612
1769679990005
33619834786
28280300509
1769679991005
33656294311
28303805137
1769679992005
33694641769
28328677585
1769679993005
33733216526
28353324213
1769679994005
33770850994
28376453587
1769679995005
33807868626
28399330043
1769679996005
33844421209
28422459249
1769679997005
33881028111
28445258470
1769679998005
33917861076
28467889181
1769679999005
33954325667
28491050459
1769680000005
33991196166
28514173561
1769680001005
34027756760
28537331833
1769680002005
34065814637
28561052927
1769680003005
34105044603
28585114946
1769680004005
34141936173
28608137009
1769680005005
34178573011
28630852586
1769680006005
34214827347
28653958065
1769680007005
34251162855
28676849505
1769680008005
34287751386
28699551044
1769680009005
34325365896
28723931329
1769680010005
34362616014
28789128840
1769680012719
34473702234
28824490338
1769680014005
34510701526
28847696963
1769680015005
34547309344
28870884026
1769680016005
34583610857
28893535382
1769680017005
34619970290
28916837491
1769680018005
34656321010
28939577877
1769680019005
34695274043
28962821655
1769680020005
34731998798
28985805039
1769680021005
34768585300
29008657678
1769680022005
34805975578
29033452279
1769680023005
34842751173
29057409384
1769680024005
34879302963
29080913585
1769680025005
34918519731
29104124986
1769680026005
34959685601
29126743842
1769680027005
34988992755
29150316704
1769680028005
35019870828
29174319201
1769680029005
35049014844
29198403710
1769680030005
35076111541
29221413964
1769680031005
35103049067
29244613249
1769680032005
35130811059
29269649583
1769680033005
35159968029
29293647289
1769680034005
35190062557
29316612440
1769680035005
35220272299
29339725122
1769680036005
35246669371
29362361997
1769680037005
35272972470
29385419170
1769680038005
35299890252
29408134517
1769680039005
35326430215
29431325838
1769680040005
35353071568
29453938667
1769680041005
35379909093
29477138136
1769680042005
35406949306
29502841411
1769680043005
35440331490
29526849050
1769680044005
35468869977
29549935122
1769680045005
35496186894
29572558265
1769680046005
35522783876
29595078020
1769680047005
35549227592
29618025427
1769680048005
35576613459
29640542771
1769680049005
35603127118
29663788639
1769680050005
35636351123
29686671291
1769680051005
35663452154
29709790670
1769680052005
35690655856
29735523546
1769680053005
35718381534
29759625526
1769680054005
35745823901
29782643760
1769680055005
35772872826
29805387487
1769680056005
35799778646
29828044534
1769680057005
35826315893
29851217743
1769680058005
35853410958
29874005780
1769680059005
35880205669
29897214892
1769680060005
35906745068
29919747403
1769680061005
35933507951
29943058224
1769680062005
35960409484
29968649399
1769680063006
35987803209
29992690438
1769680064005
36015367472
30015565873
1769680065005
36042712021
30038173285
1769680066005
36075707278
30060794155
1769680067005
36102112971
30083664173
1769680068005
36129380512
30106242488
1769680069005
36155944644
30129407306
1769680070005
36182600477
30151966961
1769680071005
36210103709
30175342949
1769680072005
36237083271
30201733644
1769680073005
36269945417
30226266143
1769680074005
36298601391
30249239854
1769680075005
36326061900
30271792658
1769680076005
36352554914
30294275351
1769680077005
36379017123
30316790133
1769680078005
36405917496
30339766819
1769680079005
36432609170
30362855682
1769680080005
36459387585
30385488927
1769680081005
36489358249
30408697062
1769680082005
36520080003
30433640413
1769680083005
36546947877
30457956065
1769680084005
36574938968
30480795979
1769680085005
36602461378
30503459663
1769680086005
36629109186
30525971072
1769680087005
36655583433
30548471160
1769680088005
36682547462
30571389713
1769680089005
36709503191
30594612847
1769680090005
36736074006
30617314996
1769680091005
36762861012
30640478715
1769680092005
36789766847
30665741294
1769680093005
36816650375
30689818601
1769680094005
36843968878
30712788452
1769680095006
36873313933
30735793107
1769680096005
36901971845
30759293829
1769680097005
36934617816
30782207912
1769680098005
36961401465
30805403185
1769680099005
36987696080
30828678730
1769680100005
37013973621
30851428606
1769680101005
37041750398
30875083984
1769680102006
37069681906
30899426902
1769680103005
37102570144
30923956868
1769680104005
37130350567
30946952078
1769680105005
37157724838
30969937279
1769680106005
37184077068
30992698614
1769680107005
37210207567
31015441304
1769680108005
37236789414
31038490405
1769680109005
37263349701
31061794772
1769680110005
37289925826
31084583922
1769680111005
37316793547
31107897612
1769680112005
37345440701
31131938193
1769680113005
37378787930
31156143790
1769680114006
37407012621
31179496113
1769680115005
37433598176
31202794652
1769680116005
37460191405
31225289628
1769680117005
37486743178
31247820598
1769680118005
37514446656
31270445649
1769680119005
37541346296
31293612846
1769680120005
37567998970
31316126514
1769680121005
37595217610
31339211166
1769680122005
37623839375
31363438871
1769680123005
37651412107
31387316451
1769680124005
37679177013
31410222401
1769680125005
37706681557
31432804150
1769680126005
37734713676
31456593706
1769680127005
37761645801
31479954238
1769680128005
37792484538
31502552893
1769680129005
37822839307
31525926913
1769680130005
37849504661
31548647463
1769680131005
37876843320
31571850823
1769680132005
37906857286
31594778409
1769680133005
37940004467
31618850040
1769680134005
37968332180
31642225479
1769680135005
37995592290
31665116538
1769680136005
38021857717
31687810265
1769680137005
38048199509
31710603001
1769680138005
38074824536
31733451413
1769680139005
38101439706
31757141533
1769680140005
38128146364
31779781628
1769680141006
38155108547
31803068006
1769680142005
38182937536
31827773073
1769680143005
38212881178
31854165507
1769680144005
38253344235
31884262675
1769680145005
38289644588
31911519551
1769680146005
38331102665
31941051151
1769680147005
38372396214
31971235305
1769680148005
38412103099
32001530811
1769680149005
38453381864
32032198338
1769680150004
38495056588
32062437528
1769680151005
38536041255
32093086761
1769680152006
38576709226
32124386228
1769680153005
38617636278
32155191703
1769680154005
38657354408
32185788021
1769680155005
38698671364
32216217005
1769680156006
38740406907
32246288326
1769680157008
38782460411
32276654431
1769680158005
38824997045
32307159354
1769680159005
38865639474
32337561667
1769680160005
38911535203
32366568894
1769680161005
38951175060
32394159966
1769680162008
38992360033
32425350889
1769680163005
39036446696
32456042951
1769680164005
39078402214
32486744351
1769680165005
39120229397
32517143475
1769680166005
39160112054
32547180877
1769680167005
39199419897
32577131431
1769680168005
39240230912
32607343156
1769680169005
39281395638
32637774275
1769680170005
39321595356
32668025702
1769680171005
39362062807
32698454762
1769680172010
39401798103
32729653496
1769680173005
39442588901
32760415165
1769680174005
39482408650
32791080938
1769680175005
39522191291
32821671473
1769680176005
39574291608
32865773257
1769680177415
39701315542
32934170004
1769680180005
39740762049
32959422635
1769680181005
39780793747
34009859034
1769680222802
44917652913
36970015750
1769680342648
44946746928
36979080925
1769680343005
44979912541
37004248690
1769680344005
45008644880
37032048660
1769680345005
45037126119
37062309134
1769680346005
45064225060
37089016050
1769680347005
45091390525
37112496388
1769680348005
45124866211
37135374066
1769680349005
45151909902
37158626647
1769680350005
45178975870
37182173220
1769680351005
45206438546
37205479159
1769680352005
45235812393
37230777564
1769680353005
45264100786
37254327036
1769680354005
45291767629
37277457553
1769680355005
45319215932
37301246805
1769680356005
45345822756
37324472395
1769680357005
45372856621
37348401913
1769680358005
45399676142
37371755747
1769680359006
45426837441
37395597577
1769680360005
45453822054
37418769490
1769680361005
45480811518
37442158905
1769680362005
45509518850
37468721054
1769680363005
45536344626
37494550742
1769680364005
45570318531
37524946250
1769680365005
45597561645
37555181274
1769680366005
45624076387
37585142112
1769680367005
45650912859
37615362732
1769680368005
45677795273
37645501737
1769680369005
45705344584
37675491413
1769680370005
45732256232
37705484384
1769680371005
45759821106
37735615180
1769680372005
45788878152
37766558267
1769680373005
45822510125
37797395234
1769680374005
45850952075
37827529128
1769680375005
45878555795
37857589616
1769680376005
45905102122
37887555351
1769680377005
45932356861
37917694173
1769680378005
45959366756
37947786230
1769680379005
45989333911
37978035673
1769680380005
46019585795
38008037142
1769680381005
46048815194
38039021777
1769680382010
46078550427
38070115185
1769680383005
46106230484
38100723175
1769680384005
46134316861
38130749653
1769680385005
46162283035
38160910172
1769680386005
46189346425
38190987688
1769680387006
46216735542
38221042057
1769680388005
46244463722
38250948851
1769680389005
46271945348
38281044020
1769680390005
46298642317
38311074571
1769680391006
46325784346
38341174776
1769680392005
46354708295
38372215514
1769680393005
46382585379
38402980692
1769680394005
46410204891
38433013486
1769680395005
46444192514
38463188775
1769680396005
46470892640
38493030661
1769680397005
46498432293
38523309552
1769680398005
46528429460
38553601855
1769680399005
46556341835
38656682110
1769680402409
46642486489
38675031473
1769680403005
46677519848
38705381801
1769680404005
46705696995
38735384034
1769680405005
46733387885
38765499923
1769680406005
46760074524
38795544848
1769680407005
46787144428
38825722761
1769680408005
46814710385
38855715046
1769680409005
46841662422
38886038566
1769680410005
46868336793
38916155508
1769680411005
46901492305
38946502373
1769680412005
46933485493
38978346979
1769680413005
46964041698
39009081489
1769680414005
46991058886
39039412974
1769680415005
47018544189
39069723235
1769680416005
47045272269
39099725635
1769680417005
47072234925
39129744652
1769680418005
47100055141
39159819039
1769680419006
47127627492
39189835264
1769680420005
47154506030
39219705835
1769680421005
47181295355
39250038602
1769680422006
47210495948
39280936952
1769680423005
47239408271
39311461008
1769680424005
47267111657
39341499234
1769680425005
47294965853
39371636760
1769680426005
47325085054
39401590151
1769680427005
47355140842
39431737549
1769680428005
47382327058
39461716650
1769680429005
47409337105
39492147358
1769680430005
47436103772
39522280382
1769680431005
47463844022
39552803859
1769680432005
47491495286
39583878393
1769680433005
47524956324
39614777003
1769680434005
47553828702
39645062210
1769680435005
47581563108
39675301842
1769680436005
47608282871
39705295057
1769680437005
47635061745
39735353332
1769680438005
47662191949
39765379779
1769680439005
47689577373
39795868193
1769680440005
47716255346
39825880099
1769680441005
47743597788
39856009355
1769680442005
47779864056
39887236591
1769680443005
47810212569
39918107416
1769680444005
47839500132
39943313662
1769680445004
47867142135
39966353731
1769680446005
47894148719
39992403073
1769680447005
47921405900
40022523555
1769680448005
47948897291
40052744603
1769680449005
47976353818
40083046945
1769680450005
48003218731
40113132944
1769680451005
48030642896
40143268211
1769680452005
48061068446
40173384406
1769680453005
48090783905
40204256390
1769680454005
48118817627
40234232227
1769680455005
48146888959
40264375733
1769680456005
48173668428
40294462373
1769680457005
48200468250
40324501072
1769680458005
48234250591
40354748013
1769680459005
48261977887
40385340226
1769680460005
48288679341
40415535732
1769680461005
48315862078
40445681664
1769680462005
48345534311
40476099647
1769680463005
48380496416
40506634842
1769680464005
48409323035
40536803844
1769680465005
48437032493
40566902797
1769680466005
48463963016
40597041955
1769680467005
48490587265
40626919942
1769680468005
48517680712
40657152326
1769680469005
48545106037
40687546079
1769680470005
48572033172
40717499013
1769680471005
48599012474
40747791194
1769680472005
48627872890
40778541343
1769680473005
48660760731
40809889896
1769680474005
48693458502
40840065169
1769680475005
48720850030
40870391619
1769680476005
48747745505
40900343943
1769680477005
48774698350
40930391705
1769680478005
48802084919
40960531428
1769680479005
48829772712
40990772555
1769680480005
48856667790
41020850482
1769680481005
48883545749
41051091625
1769680482005
48912328821
41081731947
1769680483005
48940283201
41112662400
1769680484005
48968106302
41142773300
1769680485005
48995882621
41172995965
1769680486005
49022360500
41203123451
1769680487005
49048913143
41233117871
1769680488005
49075883657
41263338675
1769680489006
49109390636
41293733740
1769680490005
49136922233
41323801841
1769680491005
49163721567
41354158639
1769680492005
49192021053
41385100917
1769680493005
49222833729
41417675145
1769680494005
49253358930
41448194853
1769680495005
49281496040
41480142679
1769680496005
49311838877
41512531568
1769680497005
49339525998
41535786667
1769680498005
49366876832
41560147925
1769680499005
49394303484
41583918394
1769680500005
49422525978
41607156893
1769680501005
49449710516
41630251371
1769680502004
49478144897
41654479946
1769680503005
49506598992
41678734581
1769680504005
49536474476
41701799398
1769680505005
49571873265
41724681958
1769680506005
49626508944
41769808225
1769680508005
49653964754
41792468293
1769680509005
49681086505
41815554288
1769680510005
49708367977
41838111227
1769680511005
49735106874
41861088783
1769680512005
49763164932
41885517986
1769680513005
49790533161
41909581972
1769680514005
49818085661
41932190331
1769680515005
49846323184
41954771210
1769680516005
49873019938
41977293452
1769680517005
49899726107
41999811376
1769680518005
49927474962
42022681562
1769680519005
49957438363
42047912709
1769680520005
49992451064
42075999346
1769680521005
50026935410
42103092503
1769680522005
50064224848
42127904117
1769680523005
50103679656
42152785811
1769680524005
50140827576
42176671950
1769680525005
50177595786
42200338131
1769680526005
50213893225
42223445532
1769680527005
50250394008
42246422402
1769680528005
50286970806
42269461417
1769680529005
50323439364
42292960233
1769680530005
50361618343
42316856214
1769680531005
50399072461
42340552773
1769680532005
50435786489
42365719059
1769680533005
50468216621
42389910892
1769680534005
50504891879
42413408609
1769680535005
50542057422
42436816776
1769680536005
50581097044
42459371244
1769680537005
50617715512
42481818859
1769680538005
50654639658
42504532406
1769680539005
50691349582
42527544476
1769680540005
50728185217
42550508697
1769680541005
50765115589
42573238676
1769680542005
50802064758
42597675889
1769680543005
50838983442
42621822925
1769680544005
50876127838
42644808980
1769680545005
50913339414
42667713725
1769680546005
50950016229
42690483880
1769680547005
50986548366
42713101881
1769680548005
51023834539
42735796432
1769680549005
51060194918
42759051836
1769680550005
51096902614
42781938211
1769680551005
51133873771
42805138763
1769680552004
51173279631
42830672751
1769680553005
51213117002
42856401493
1769680554005
51250292753
42880083297
1769680555004
51286362131
42903729001
1769680556005
51324953855
42926805399
1769680557005
51362354829
42949987275
1769680558005
51398240134
42973011490
1769680559006
51426483257
43028208053
1769680561391
51563185919
43092650444
1769680564005
51600251324
43116002981
1769680565005
51637019534
43139225642
1769680566005
51673793710
43162492795
1769680567005
51710960855
43186297579
1769680568005
51747669253
43211569160
1769680569005
51784424478
43234599860
1769680570005
51821073828
43257261942
1769680571005
51857885538
43280813001
1769680572005
51894689787
43305952600
1769680573005
51931609875
43330035904
1769680574005
51968562554
43352882287
1769680575005
52005615111
43375920127
1769680576005
52042373022
43399111982
1769680577005
52078754991
43421924600
1769680578005
52116639399
43444614619
1769680579005
52153885383
43467904827
1769680580005
52190313171
43490618526
1769680581005
52227385457
43514123964
1769680582005
52264029223
43539620112
1769680583005
52304618783
43567363093
1769680584005
52341731885
43590705437
1769680585005
52378426947
43613690088
1769680586005
52415357182
43636798573
1769680587005
52453531569
43660594630
1769680588005
52491342586
43683894130
1769680589005
52523705888
43824877562
1769680594870
52732827657
43851879705
1769680596005
52769459322
43875381847
1769680597005
52805674582
43898272341
1769680598005
52842175746
43921187049
1769680599005
52881458322
43944822836
1769680600005
52917794669
43967722179
1769680601005
52954951545
43991516786
1769680602005
52991959840
44016174767
1769680603005
53028700142
44040505998
1769680604005
53065415407
44063934642
1769680605005
53101860605
44087573571
1769680606005
53138290499
44110820340
1769680607005
53174632369
44134025362
1769680608005
53211047341
44156908136
1769680609006
53247346062
44180314976
1769680610005
53283863735
44203165936
1769680611005
53320507943
44226668535
1769680612005
53357026349
44252584660
1769680613005
53397384247
44277151719
1769680614005
53435538554
44300797102
1769680615005
53473392996
44324551337
1769680616005
53509773119
44347613560
1769680617005
53546104217
44370941363
1769680618005
53584536342
44423352959
1769680620197
53833150163
44586596196
1769680627005
53869380925
44609684800
1769680628005
53906060089
44632339191
1769680629005
53942705365
44655521861
1769680630005
53981969326
44678349568
1769680631005
54018586664
44701944402
1769680632005
54055271230
44727622686
1769680633005
54091915819
44751430964
1769680634005
54129234125
44774529638
1769680635005
54166119455
44797375807
1769680636005
54202577577
44820300983
1769680637005
54238842776
44843386703
1769680638005
54275305474
44866061861
1769680639005
54311988636
44888920039
1769680640005
54348709531
44911844253
1769680641005
54385421423
44935123857
1769680642005
54422090471
44960694510
1769680643005
54459028716
44989191403
1769680644005
54496139803
45012505933
1769680645005
54533140682
45035734651
1769680646005
54572535953
45058788299
1769680647005
54608926847
45081818907
1769680648005
54647474628
45104921243
1769680649005
54685261630
45195478358
1769680652738
54901590866
45273137275
1769680656005
54938132921
45295968401
1769680657005
54974799848
45319303818
1769680658005
55011224448
45342039886
1769680659005
55047833425
45365342956
1769680660005
55084148640
45388206428
1769680661005
55121722380
45411653626
1769680662005
55159865382
45437441523
1769680663005
55196409314
45461667778
1769680664005
55233971947
45485455458
1769680665005
55272788985
45512840822
1769680666005
55303446839
45539448973
1769680667005
55329883216
45562455367
1769680668005
55357610145
45585866159
1769680669005
55385340461
45610730641
1769680670005
55412071226
45633534180
1769680671005
55438926527
45656750585
1769680672005
55467527755
45680938162
1769680673005
55501022727
45706871483
1769680674005
55529737993
45730045928
1769680675005
55557238890
45752734849
1769680676005
55583838619
45775353552
1769680677005
55616408864
45797984523
1769680678005
55643630205
45821166292
1769680679005
55673197065
45844830107
1769680680005
55701397298
45868283423
1769680681005
55729588482
45891973650
1769680682005
55756548666
45917248741
1769680683005
55783731770
45964152352
1769680685001
55839822054
45987367978
1769680686006
55866982515
46009965977
1769680687005
55893788670
46032595910
1769680688005
55922268840
46055713641
1769680689005
55949874774
46078498062
1769680690005
55976617547
46101138050
1769680691005
56003259586
46124251311
1769680692005
56034084759
46149448830
1769680693005
56068935755
46174017765
1769680694005
56097701922
46197256920
1769680695005
56124730050
46235780013
1769680696692
56151702120
46242902295
1769680697005
56178237171
46265429786
1769680698005
56205421495
46288417076
1769680699005
56232187780
46311545778
1769680700005
56258844544
46334047529
1769680701005
56285811151
46356922384
1769680702005
56313652897
46381645516
1769680703005
56346702702
46405773709
1769680704005
56375087937
46428890632
1769680705005
56402637050
46451623724
1769680706005
56429063310
46474159012
1769680707005
56455473200
46496789342
1769680708005
56485174575
46519820957
1769680709005
56516101778
46542723948
1769680710005
56545240957
46565888460
1769680711005
56571955549
46588885577
1769680712005
56599762521
46613599555
1769680713005
56628796466
46637925186
1769680714005
56656458548
46661068200
1769680715005
56683927526
46683980025
1769680716005
56710381801
46706805184
1769680717005
56736833725
46729449292
1769680718005
56766354477
46752603856
1769680719005
56793139087
46775981462
1769680720005
56819599922
46798664676
1769680721005
56846099498
46821685183
1769680722005
56873064366
46846893108
1769680723005
56903919521
46872161516
1769680724005
56938020053
46896545783
1769680725005
56964538747
46962156053
1769680727882
57045860103
46987633816
1769680729005
57072304185
47011067113
1769680730005
57098862595
47033865525
1769680731005
57125271981
47056872896
1769680732005
57151993881
47082074656
1769680733005
57185049194
47106145875
1769680734005
57213596500
47129685094
1769680735005
57241040301
47152583659
1769680736005
57267506737
47175212799
1769680737005
57293956663
47197899355
1769680738005
57320665471
47220578739
1769680739005
57347180412
47244098382
1769680740005
57380307879
47266765880
1769680741005
57406991634
47289911519
1769680742005
57433908455
47315304691
1769680743005
57460872362
47339220248
1769680744005
57488812385
47362737785
1769680745005
57516279043
47385545916
1769680746005
57543064523
47408196112
1769680747005
57569722599
47430743454
1769680748005
57596526220
47453358114
1769680749005
57623337090
47476956335
1769680750005
57649766418
47499553082
1769680751005
57676494634
47522652366
1769680752005
57703413958
47547910963
1769680753005
57730261324
47571668920
1769680754005
57759324000
47596404244
1769680755005
57790090154
47669777387
1769680758193
57875568614
47688161385
1769680759005
57903171892
47711292834
1769680760005
57929766265
47733875772
1769680761005
57956388332
47756885111
1769680762005
57983923102
47781560806
1769680763005
58017062441
47805615058
1769680764005
58045478650
47829091597
1769680765005
58072992730
47851766129
1769680766005
58099375902
47874401327
1769680767005
58125907886
47897114309
1769680768005
58152467151
47919674956
1769680769005
58179797830
47942781640
1769680770006
58206340814
47965433972
1769680771005
58239395608
47988511270
1769680772005
58267846636
48012562929
1769680773005
58294769499
48036488327
1769680774005
58322476380
48060019947
1769680775005
58349861880
48082919779
1769680776005
58376270259
48105578626
1769680777005
58402698473
48128186618
1769680778005
58429258165
48150807931
1769680779005
58456723099
48173912662
1769680780005
58483147911
48196897634
1769680781005
58509596174
48219937824
1769680782005
58537817630
48243986202
1769680783005
58564888770
48267843398
1769680784005
58592682514
48290918071
1769680785005
58621988280
48315526433
1769680786005
58649505640
48338619858
1769680787005
58682226940
48361325578
1769680788005
58708770550
48383976949
1769680789005
58736096332
48406811415
1769680790005
58763511051
48429534407
1769680791005
58790085483
48452705038
1769680792005
58817157294
48477749870
1769680793005
58849576013
48501693334
1769680794005
58877409122
48525144026
1769680795005
58904412578
48548680315
1769680796005
58930924253
48571602423
1769680797005
58957197995
48594347966
1769680798005
58983821161
48617058965
1769680799005
59010476170
48640333824
1769680800005
59037391343
48663281703
1769680801005
59063952423
48686443500
1769680802005
59093698200
48711881027
1769680803005
59125233937
48735986638
1769680804005
59153261495
48759007359
1769680805005
59182177358
48781898417
1769680806005
59209150588
48804683952
1769680807005
59236322156
48827526932
1769680808005
59263065784
48850226671
1769680809005
59290399651
48873655086
1769680810005
59317410416
48896512089
1769680811005
59344091043
48919524723
1769680812005
59372220676
48943790436
1769680813005
59399142715
48967611775
1769680814005
59428011797
48991002472
1769680815005
59455754198
49014262393
1769680816005
59484653705
49038265546
1769680817005
59511559006
49061325434
1769680818005
59544311157
49083999860
1769680819005
59571881417
49106636323
1769680820005
59598637068
49129717741
1769680821005
59625056692
49152734602
1769680822005
59653283839
49177085378
1769680823005
59686060373
49201161327
1769680824005
59714014982
49223893458
1769680825005
59741523783
49247383302
1769680826005
59767866903
49270108598
1769680827005
59794056298
49292821321
1769680828005
59820660513
49315597746
1769680829005
59847359374
49339026008
1769680830005
59873796941
49362348136
1769680831005
59900224178
49385427661
1769680832005
59926953173
49410750174
1769680833005
59956285122
49435068237
1769680834005
59990687457
49463538444
1769680835005
60019433193
49488032859
1769680836005
60046781785
49512434948
1769680837005
60073695035
49535310718
1769680838005
60101984542
49558100113
1769680839005
60130106074
49580935327
1769680840005
60156754842
49603456868
1769680841005
60183543236
49626734900
1769680842005
60211527888
49651309846
1769680843005
60238974391
49675245742
1769680844005
60266242100
49697797066
1769680845004
60297602325
49721690652
1769680846005
60325223730
49745036521
1769680847006
60354456868
49769395308
1769680848005
60381393310
49792074509
1769680849005
60410399684
49868071143
1769680852317
60530372407
49911010466
1769680854005
60559410410
49934141747
1769680855005
60587469979
49970959820
1769680856561
60614365195
49981192750
1769680857005
60640746124
50003970167
1769680858005
60667733498
50026763803
1769680859005
60694233028
50049926546
1769680860005
60720594290
50072572363
1769680861005
60747529802
50095551368
1769680862005
60775821246
50119825199
1769680863005
60802673282
50143824171
1769680864005
60830131762
50166508041
1769680865005
60863849165
50189552046
1769680866005
60891378716
50212131414
1769680867005
60917992788
50234786005
1769680868005
60944938035
50257445569
1769680869005
60971840589
50280577673
1769680870005
60998275746
50303135162
1769680871005
61025338341
50326172865
1769680872005
61053698447
50350100018
1769680873005
61080665925
50373976591
1769680874006
61108296621
50396585773
1769680875005
61136035788
50419481577
1769680876005
61163038862
50442001592
1769680877005
61189512270
50464666420
1769680878005
61216218637
50487245590
1769680879005
61242771647
50510267425
1769680880005
61271747077
50533372187
1769680881005
61305497422
50557483504
1769680882005
61334299857
50581398451
1769680883006
61367091786
50605294371
1769680884005
61395222427
50627903965
1769680885005
61422919007
50650855918
1769680886005
61452609885
50675268596
1769680887005
61480863124
50698531569
1769680888005
61507943297
50721251524
1769680889005
61535469843
50743924088
1769680890005
61562066810
50766461939
1769680891005
61588895120
50789641969
1769680892005
61616547239
50814244746
1769680893005
61643383894
50837957372
1769680894005
61670788208
50860678579
1769680895005
61698358087
50883687978
1769680896005
61727120439
50906543257
1769680897005
61757339732
50929495912
1769680898005
61784011326
50952132589
1769680899005
61810637833
50975299925
1769680900005
61837095800
50998052242
1769680901005
61863509672
51021077602
1769680902005
61891037011
51046113569
1769680903005
61918933243
51070047893
1769680904005
61946162364
51092845070
1769680905005
61973835570
51115881384
1769680906005
62000191797
51138453642
1769680907005
62026485420
51161326239
1769680908005
62052925108
51183994912
1769680909005
62079549769
51207138552
1769680910005
62106057797
51229656278
1769680911005
62135999654
51253289134
1769680912005
62170355024
51279012124
1769680913005
62203776636
51303096754
1769680914005
62231636645
51325884425
1769680915005
62259188611
51348947990
1769680916005
62287583474
51372396180
1769680917005
62315254025
51396074017
1769680918005
62343049890
51419240452
1769680919005
62369735033
51442606401
1769680920005
62396188026
51465419033
1769680921005
62422699091
51488551367
1769680922005
62449855539
51514012590
1769680923005
62476510533
51538070458
1769680924005
62503768324
51560982496
1769680925005
62531409671
51584222109
1769680926005
62557770033
51606960786
1769680927005
62584802753
51629798762
1769680928005
62617699627
51652737456
1769680929005
62644167420
51676265246
1769680930005
62670373829
51699041214
1769680931005
62696672258
51722202980
1769680932005
62724517650
51747044804
1769680933005
62751214100
51770978091
1769680934005
62778806774
51793710741
1769680935005
62806164307
51816862696
1769680936005
62832482465
51839535245
1769680937005
62859455588
51862198273
1769680938005
62886225352
51884841496
1769680939005
62912785273
51908084419
1769680940005
62939043391
51930821448
1769680941005
62966195948
51953931169
1769680942005
62995732613
51979731806
1769680943005
63031951809
52003479648
1769680944005
63062959117
52026448095
1769680945005
63090562075
52062186740
1769680946549
63116974970
52072695413
1769680947005
63146584675
52095873734
1769680948005
63174089600
52119268047
1769680949005
63200433377
52142674521
1769680950005
63226937560
52165819580
1769680951005
63253281230
52188995490
1769680952005
63281117696
52213963819
1769680953005
63308401334
52237890453
1769680954005
63335356697
52260946801
1769680955005
63362769128
52284124619
1769680956005
63388898407
52306896589
1769680957005
63415129808
52329673594
1769680958005
63442002732
52352542467
1769680959005
63475134442
52375413279
1769680960005
63501390622
52398353575
1769680961005
63527932706
52421108166
1769680962005
63555502981
52445727163
1769680963005
63583551671
52469214153
1769680964005
63610756594
52492154571
1769680965005
63637927430
52515438981
1769680966005
63663952497
52538203520
1769680967005
63690012154
52561056144
1769680968005
63716346973
52584366187
1769680969005
63743274078
52607348001
1769680970005
63769515946
52630191820
1769680971005
63795717381
52653262817
1769680972005
63825744087
52678487281
1769680973006
63860497890
52703660967
1769680974005
63889663496
52727195257
1769680975005
63923987679
52812931912
1769680978726
64030303760
52842754757
1769680980005
64056657866
52865475414
1769680981005
64083107044
52888469830
1769680982005
64110350844
52913279262
1769680983005
64137838817
52937330707
1769680984005
64165536009
52960265495
1769680985005
64193435567
52983392106
1769680986005
64220036456
53006037405
1769680987005
64246561909
53028617185
1769680988005
64273827146
53051314528
1769680989005
64300627411
53074512562
1769680990005
64330632451
53096991639
1769680991005
64360476123
53119868584
1769680992005
64387459194
53144982795
1769680993005
64414936777
53168744627
1769680994005
64442021970
53191960712
1769680995005
64469130996
53215173913
1769680996005
64495728451
53237624137
1769680997005
64522375969
53260093449
1769680998005
64549649613
53282511586
1769680999005
64577628406
53305431208
1769681000005
64604131216
53328094983
1769681001005
64630858060
53350930381
1769681002005
64658585447
53375395607
1769681003005
64689764148
53403705728
1769681004005
64718225353
53427370916
1769681005005
64745824374
53466815791
1769681006723
64778900468
53473358040
1769681007005
64805298303
53496003308
1769681008005
64832032028
53518650955
1769681009005
64859066198
53541808297
1769681010005
64885493070
53564542183
1769681011005
64912037870
53587604833
1769681012005
64939557275
53612590311
1769681013005
64967352713
53636828071
1769681014005
64997143805
53660142616
1769681015005
65025094203
53683244906
1769681016005
65052326620
53706397365
1769681017006
65079313109
53729322769
1769681018006
65106315314
53752186791
1769681019005
65133734596
53775897891
1769681020005
65160906470
53798884159
1769681021005
65188102893
53821901249
1769681022005
65222346194
53846946920
1769681023005
65249495531
53871093926
1769681024005
65277481114
53894340816
1769681025005
65305806126
53917633114
1769681026005
65333419948
53940626142
1769681027005
65360584391
53963424936
1769681028005
65387743219
53986270068
1769681029005
65415492333
54009665144
1769681030005
65442748614
54032550038
1769681031005
65470125799
54055608538
1769681032005
65498247789
54080561502
1769681033005
65527716358
54107590484
1769681034005
23577256
54131159212
1769681035005
50778517
54155108398
1769681036005
78349601
54178188228
1769681037005
108933102
54201017339
1769681038005
139539918
54223766148
1769681039005
166531747
54247157852
1769681040005
193077173
54269875610
1769681041005
219674461
54292995096
1769681042005
247584989
54317400923
1769681043005
274661516
54341173940
1769681044005
302288642
54364209919
1769681045005
329448233
54387188452
1769681046005
356465818
54409918539
1769681047005
383111764
54432486646
1769681048005
409905407
54455280664
1769681049005
436625125
54478778320
1769681050005
462929688
54501449129
1769681051005
489559643
54524198243
1769681052005
517342569
54548603719
1769681053005
551768065
54571624684
1769681054005
579412311
54594877693
1769681055005
606243489
54617927252
1769681056005
632836276
54640864100
1769681057005
659000053
54663502104
1769681058005
685474575
54686198608
1769681059005
712185596
54709763643
1769681060006
738616114
54732514862
1769681061005
765447597
54755195147
1769681062005
794517917
54778825700
1769681063005
827103665
54802966465
1769681064005
854980458
54826141276
1769681065005
881987637
54849543402
1769681066005
908569102
54872646272
1769681067005
934768949
54895416167
1769681068005
961405710
54918207179
1769681069005
994503470
54940998359
1769681070005
1020978572
54964221492
1769681071005
1047943745
54987042318
1769681072005
1076826880
55010726503
1769681073005
1103543836
55034696913
1769681074005
1130552678
55057662278
1769681075005
1157948494
55080873403
1769681076005
1184555486
55103808115
1769681077005
1210937392
55126490032
1769681078005
1237643011
55149437347
1769681079005
1264337569
55172772978
1769681080005
1290739722
55195885079
1769681081005
1317623250
55218580866
1769681082005
1345866067
55242598942
1769681083005
1372517948
55266710717
1769681084005
1403276917
55289682460
1769681085005
1432902811
55312979106
1769681086005
1459325410
55335930297
1769681087005
1485836505
55358886721
1769681088005
1512933874
55381925996
1769681089005
1539907882
55405519685
1769681090005
1566456909
55429044775
1769681091005
1593457084
55452041968
1769681092005
1622345559
55475909096
1769681093005
1650745000
55503550626
1769681094006
1678793644
55526718297
1769681095005
1706634779
55550339909
1769681096005
1733347723
55573146591
1769681097005
1759749022
55595853012
1769681098005
1786288619
55618509433
1769681099005
1812739216
55641570329
1769681100005
1845565323
55664816365
1769681101005
1872012778
55687867205
1769681102005
1900577569
55712702514
1769681103005
1927508428
55736671902
1769681104005
1954762618
55759538959
1769681105005
1982140292
55782796515
1769681106005
2008691577
55805819205
1769681107005
2035230304
55828608782
1769681108005
2062823344
55851820106
1769681109005
2092150533
55874752590
1769681110005
2118383551
55897821084
1769681111005
2145206154
55920603720
1769681112004
2174549195
55944516805
1769681113005
2202560060
55968722798
1769681114005
2230602174
55991951913
1769681115005
2258792870
56015788739
1769681116005
2291987183
56039095913
1769681117005
2319313880
56062117321
1769681118005
2346792271
56085135281
1769681119005
2374229390
56108735012
1769681120005
2401464401
56132349056
1769681121005
2428306977
56155595733
1769681122005
2457196123
56179779587
1769681123005
2490320478
56203966614
1769681124005
2518648191
56226982269
1769681125005
2546896471
56250200124
1769681126005
2574310626
56273664197
1769681127005
2601043420
56296596299
1769681128005
2628691877
56319736613
1769681129005
2655573422
56343063318
1769681130005
2682536291
56366033779
1769681131005
2713342117
56389734259
1769681132005
2743790387
56415327998
1769681133005
2772086928
56439760694
1769681134005
2799758806
56463046432
1769681135005
2828111420
56486504478
1769681136005
2855860671
56510028484
1769681137005
2883665889
56533262893
1769681138005
2911178199
56556331845
1769681139005
2938063879
56579618284
1769681140005
2964564019
56602486715
1769681141005
2991708321
56625399821
1769681142005
3019547946
56649921930
1769681143005
3046644354
56673946871
1769681144005
3074046333
56696809596
1769681145005
3101387143
56719795819
1769681146005
3128482956
56742771407
1769681147005
3161334956
56765506712
1769681148005
3188045870
56788304117
1769681149005
3215115912
56811033471
1769681150005
3241450533
56833799033
1769681151005
3268904497
56856738779
1769681152005
3298643056
56879730373
1769681153005
3331373419
56903694420
1769681154005
3358926834
56926494663
1769681155005
3386349534
56949419518
1769681156005
3413599544
56972359540
1769681157005
3440565205
56995303605
1769681158005
3468170513
57018262409
1769681159005
3496347095
57042055520
1769681160005
3523010435
57065154988
1769681161005
3550631840
57088571914
1769681162005
3578326987
57113772454
1769681163005
3611775635
57138272743
1769681164005
3639646539
57161374774
1769681165005
3667356013
57184448654
1769681166005
3695035124
57207868143
1769681167005
3722077060
57230863398
1769681168005
3749458136
57253795364
1769681169005
3776843210
57277240471
1769681170005
3803799701
57300135497
1769681171005
3831192160
57323423996
1769681172005
3858886513
57349028125
1769681173005
3886421100
57373280609
1769681174005
3914456836
57396182211
1769681175005
3943213558
57419467353
1769681176005
3971390964
57442733621
1769681177005
3998616332
57465839955
1769681178005
4029623594
57489123160
1769681179005
4059937639
57512868849
1769681180005
4087559334
57536178893
1769681181005
4114834077
57559677204
1769681182005
4143865138
57584720755
1769681183005
4177045032
57609142740
1769681184005
4204723365
57632129817
1769681185005
4232338529
57654964376
1769681186005
4258999580
57677907449
1769681187005
4286275483
57700670798
1769681188005
4313513134
57723504273
1769681189005
4340727806
57746858534
1769681190005
4368279100
57769631999
1769681191005
4394926801
57792844681
1769681192005
4424204888
57817329911
1769681193005
4451285382
57841428198
1769681194005
4485004051
57864275618
1769681195005
4512302292
57887156653
1769681196005
4539060475
57910116357
1769681197005
4566258898
57932871925
1769681198005
4592824480
57955534785
1769681199005
4619367357
57978717927
1769681200005
4645824638
58001566996
1769681201005
4672677558
58024202315
1769681202005
4702668500
58047459169
1769681203005
4730675429
58070627404
1769681204005
4758181010
58093403967
1769681205005
4785387458
58116297574
1769681206005
4812048570
58139255356
1769681207005
4838969801
58161901218
1769681208006
4865670477
58184591359
1769681209005
4892488792
58207921421
1769681210005
4925111006
58230631032
1769681211005
4951420254
58253811794
1769681212005
4978847516
58279046512
1769681213005
5011193713
58303148278
1769681214005
5039013670
58326073758
1769681215005
5066097047
58349132563
1769681216005
5092652009
58372013597
1769681217005
5119810029
58395233725
1769681218006
5146644518
58418180705
1769681219005
5174102769
58441153729
1769681220005
5200696684
58463973945
1769681221005
5227194322
58487259270
1769681222005
5254765559
58512712529
1769681223005
5281683417
58537051007
1769681224005
5309228837
58559992890
1769681225005
5339639023
58582903357
1769681226005
5369284127
58605569497
1769681227005
5396520649
58628539714
1769681228005
5423360020
58651470535
1769681229005
5450030363
58674716190
1769681230005
5476392723
58697467729
1769681231005
5503282751
58720761645
1769681232005
5532374142
58745558061
1769681233005
5559380085
58769751940
1769681234005
5586875184
58792664283
1769681235005
5614836186
58815737416
1769681236005
5642188166
58838723623
1769681237005
5669350274
58861911679
1769681238005
5697140936
58885121797
1769681239005
5723494325
58908408343
1769681240005
5749927482
58931209639
1769681241005
5782769152
58954346733
1769681242005
5809570928
58980028678
1769681243005
5842526056
59004234320
1769681244005
5870244838
59027069535
1769681245005
5897548144
59050019047
1769681246005
5923766347
59072715551
1769681247005
5950235406
59095759708
1769681248005
5977380060
59118488452
1769681249005
6003832122
59141664545
1769681250005
6030250311
59164382380
1769681251005
6056552387
59187454948
1769681252005
6084830802
59211802565
1769681253005
6112997878
59234799591
1769681254005
6140343998
59257548201
1769681255005
6167664149
59280379982
1769681256005
6193988273
59303071863
1769681257005
6226944058
59326198978
1769681258005
6253808712
59348953264
1769681259005
6280687464
59372293732
1769681260005
6307318808
59395189459
1769681261005
6334373942
59418295930
1769681262005
6362122614
59443382310
1769681263005
6389511365
59467194769
1769681264006
6417346443
59489968249
1769681265005
6445312663
59512691317
1769681266005
6472373657
59535327994
1769681267005
6499365593
59558307916
1769681268005
6529043990
59580940519
1769681269005
6555647747
59603999736
1769681270005
6582057377
59626803580
1769681271005
6608402160
59649698041
1769681272005
6639487894
59674311133
1769681273005
6669996814
59702783202
1769681274005
6697426914
59725888895
1769681275005
6725279004
59748830961
1769681276005
6752191935
59771703710
1769681277005
6779591488
59794796327
1769681278005
6807187427
59818085085
1769681279005
6834319371
59841315161
1769681280004
6861745198
59864307182
1769681281005
6888666200
59887442094
1769681282005
6916994874
59911953232
1769681283005
6944228665
59936247965
1769681284005
6971947690
59959092396
1769681285005
6999510291
59981969371
1769681286005
7026088048
60004583939
1769681287005
7052852320
60027550632
1769681288005
7085652244
60050661543
1769681289005
7112509391
60073711041
1769681290005
7139169542
60096374664
1769681291005
7165742783
60119363526
1769681292005
7192831104
60144583032
1769681293005
7219669727
60168645432
1769681294005
7246773276
60191484781
1769681295005
7274263935
60214389831
1769681296005
7300822132
60237082109
1769681297005
7327476591
60260178433
1769681298005
7353930149
60282944468
1769681299005
7380374780
60306528011
1769681300005
7406887157
60329228421
1769681301005
7433499215
60352316292
1769681302005
7462003570
60376457241
1769681303005
7494991412
60400586760
1769681304005
7529321423
60423923231
1769681305005
7557230457
60446886780
1769681306005
7583695732
60469733880
1769681307005
7611160605
60493001567
1769681308005
7637885053
60515710247
1769681309005
7665173254
60538945008
1769681310005
7691772617
60561755443
1769681311005
7718219858
60584878637
1769681312004
7745749058
60609846096
1769681313005
7772543296
60633845434
1769681314005
7799999289
60657057826
1769681315005
7828000511
60679846504
1769681316005
7854823770
60702704407
1769681317005
7882052953
60725773389
1769681318005
7908753232
60748383838
1769681319005
7939263312
60772280582
1769681320005
7969059058
60795147243
1769681321005
7995987109
60818281285
1769681322005
8025176991
60842987176
1769681323005
8052851234
60866926474
1769681324006
8079758534
60890941178
1769681325005
8106686997
60914259278
1769681326005
8133618435
60937018965
1769681327005
8160431120
60960095240
1769681328005
8187091179
60982777463
1769681329005
8214183345
61005888404
1769681330005
8240689146
61028583871
1769681331005
8267360908
61051596978
1769681332005
8295410635
61076049113
1769681333005
8323849091
61103330234
1769681334005
8351347897
61126450132
1769681335005
8384573871
61149724533
1769681336005
8410988627
61172267053
1769681337005
8437804745
61195218472
1769681338005
8464459007
61217719018
1769681339005
8491730530
61240932890
1769681340005
8518288147
61263586442
1769681341005
8544832627
61286501044
1769681342004
8572577515
61311115906
1769681343005
8600931166
61333987129
1769681344005
8628341751
61357107149
1769681345005
8656141065
61380062032
1769681346005
8683125875
61402757102
1769681347005
8710740444
61425731576
1769681348005
8737779146
61448441537
1769681349005
8765732992
61471647338
1769681350005
8793215275
61494541112
1769681351005
8825846781
61517858434
1769681352005
8853801405
61542451583
1769681353005
8881297100
61566224249
1769681354005
8908754099
61588846462
1769681355005
8936380600
61611836331
1769681356005
8962972990
61634331994
1769681357005
8989597071
61657164004
1769681358005
9016688703
61680020671
1769681359005
9044026874
61702915758
1769681360005
9071435765
61726000410
1769681361005
9098356629
61749095728
1769681362005
9125751361
61774208565
1769681363006
9159272669
61798296415
1769681364005
9187742617
61821577148
1769681365005
9215076103
61845531903
1769681366005
9245878099
61868132617
1769681367005
9275971681
61891020319
1769681368005
9302848297
61913763069
1769681369005
9329473980
61937068108
1769681370005
9356169041
61960138280
1769681371005
9382845579
61983216295
1769681372005
9411162657
62007231212
1769681373005
9437935900
62031081221
1769681374005
9465298133
62053743456
1769681375005
9492370860
62077104781
1769681376005
9519051624
62099683020
1769681377005
9545774486
62122555479
1769681378005
9572272291
62145311871
1769681379005
9599422514
62168116615
1769681380005
9625884173
62191279159
1769681381005
9652455400
62214337918
1769681382005
9686950321
62238210112
1769681383005
9713765035
62262030566
1769681384005
9741649045
62284820312
1769681385005
9768872049
62307964989
1769681386005
9795166419
62330630427
1769681387005
9821960642
62353515993
1769681388005
9848554955
62376147330
1769681389005
9875108925
62399513035
1769681390005
9901840102
62422505162
1769681391005
9928801369
62445588960
1769681392005
9957970591
62469379844
1769681393005
9991033075
62493532525
1769681394005
10018636262
62516854577
1769681395005
10045661247
62540778190
1769681396005
10072673919
62563470162
1769681397005
10099550046
62586421978
1769681398005
10132640727
62609062348
1769681399005
10159182461
62632219750
1769681400005
10185966323
62655330646
1769681401005
10213126128
62678532754
1769681402005
10240524690
62703815230
1769681403005
10267895024
62727836845
1769681404006
10296120035
62750588812
1769681405005
10323820507
62774065823
1769681406005
10351341041
62796780271
1769681407005
10379153492
62819601112
1769681408005
10410717716
62842490233
1769681409005
10438070504
62865430911
1769681410005
10465246299
62888525404
1769681411005
10492336512
62911620615
1769681412005
10519971679
62936996011
1769681413005
10550381224
62960940482
1769681414005
10581069319
62983802093
1769681415005
10608139574
63006798676
1769681416005
10634817669
63029687858
1769681417005
10661397944
63052152562
1769681418005
10688720063
63074948716
1769681419005
10715291412
63097857947
1769681420005
10741972024
63120551415
1769681421005
10768826867
63143690446
1769681422005
10798159304
63167266375
1769681423005
10831206560
63191401175
1769681424005
10859118233
63214137777
1769681425005
10886768979
63236850271
1769681426005
10913358608
63259715192
1769681427005
10939909969
63282324878
1769681428005
10967025418
63305222040
1769681429005
10999909689
63328452788
1769681430005
11026470129
63351070057
1769681431005
11053413621
63374586937
1769681432005
11082928757
63398923341
1769681433005
11111551086
63421922365
1769681434005
11139900374
63444762675
1769681435005
11167748284
63467824349
1769681436005
11194666158
63491062664
1769681437005
11221321807
63513654819
1769681438005
11248747193
63536655689
1769681439005
11275386348
63559605674
1769681440005
11302150513
63582286447
1769681441005
11328796886
63605490203
1769681442005
11357069670
63629757167
1769681443005
11383909408
63653599455
1769681444005
11411980817
63676342817
1769681445005
11445687859
63699210576
1769681446005
11472994934
63722347182
1769681447005
11499764851
63744994677
1769681448005
11527751502
63768097303
1769681449005
11555738443
63791152416
1769681450006
11583303515
63814073548
1769681451005
11610144336
63837538750
1769681452005
11637536733
63862451249
1769681453005
11664956992
63890832564
1769681454005
11693025609
63914142164
1769681455005
11720582396
63936997748
1769681456005
11747111480
63959991859
1769681457005
11773440945
63982555085
1769681458005
11800309764
64005303405
1769681459005
11827528861
64028083812
1769681460005
11857841395
64050758085
1769681461005
11887188663
64074166573
1769681462005
11914675996
64098904643
1769681463005
11941601880
64122916875
1769681464005
11969248781
64145725220
1769681465005
11996945316
64168519344
1769681466005
12023620527
64191504804
1769681467005
12050146819
64214086004
1769681468005
12077368373
64236885285
1769681469005
12104611501
64259633193
1769681470005
12131411644
64282218161
1769681471005
12158121887
64305226127
1769681472005
12187101254
64329083642
1769681473005
12214260616
64353000542
1769681474005
12241695919
64375735572
1769681475005
12269803627
64398647519
1769681476005
12303129235
64421290727
1769681477005
12330305198
64444377576
1769681478005
12357756933
64467174432
1769681479005
12384486646
64490297260
1769681480005
12411069194
64513216820
1769681481005
12437686043
64536280233
1769681482005
12465781865
64560993524
1769681483005
12498149789
64585141964
1769681484005
12526016390
64608031848
1769681485005
12552878908
64631112365
1769681486005
12579552074
64653822479
1769681487005
12606453270
64677115342
1769681488005
12633599190
64700092623
1769681489005
12661373373
64723232281
1769681490005
12688403424
64746389347
1769681491005
12715318673
64769584330
1769681492005
12748879239
64794882186
1769681493005
12775942293
64818926535
1769681494005
12804091044
64841972783
1769681495005
12832026062
64864994374
1769681496005
12858631361
64887719532
1769681497005
12885147537
64910739704
1769681498005
12912045560
64933727727
1769681499005
12938800448
64956984795
1769681500005
12965541924
64979971796
1769681501005
12992141760
65003015495
1769681502005
13019532570
65028240326
1769681503005
13046238709
65052091937
1769681504005
13073919116
65074850693
1769681505005
13101208415
65097688166
1769681506005
13127551688
65120326720
1769681507005
13157356024
65143499472
1769681508005
13187082850
65166461129
1769681509005
13214261163
65189320177
1769681510005
13240642641
65212008289
1769681511005
13267013684
65234898828
1769681512005
13294472179
65260254329
1769681513005
13321588589
65288371176
1769681514005
13349108727
65311574581
1769681515005
13376374590
65334464389
1769681516005
13402680297
65357162357
1769681517005
13429917750
65380441106
1769681518005
13457112526
65403483585
1769681519005
13484025120
65426765279
1769681520005
13510622606
65449784124
1769681521005
13537634744
65473174546
1769681522005
13564366699
65499192152
1769681523005
13597980836
65523395155
1769681524005
13625598777
13687707
1769681525005
13653430437
36692468
1769681526005
13680241703
59543246
1769681527005
13706790898
82423151
1769681528005
13733738631
105532491
1769681529005
13760850007
128769173
1769681530005
13787451766
151854833
1769681531005
13814244829
175050471
1769681532005
13841218959
200307069
1769681533005
13868762517
225216914
1769681534005
13896438805
248211971
1769681535005
13923726212
271760741
1769681536005
13950461097
294610069
1769681537005
13977304756
317616158
1769681538005
14005123950
341620776
1769681539005
14038274289
365361903
1769681540005
14065069245
388216556
1769681541005
14091752099
411350293
1769681542005
14118645499
436811577
1769681543005
14153109614
460494297
1769681544005
14181001955
483618910
1769681545005
14207962047
506930678
1769681546005
14234294029
529634994
1769681547005
14260654909
552387067
1769681548005
14287211443
575757746
1769681549005
14313822204
598919191
1769681550005
14340204720
621848075
1769681551005
14366530950
644925052
1769681552005
14393825650
670104841
1769681553005
14420463356
694261398
1769681554005
14450443602
717545945
1769681555005
14479836522
741079396
1769681556005
14506170090
763694300
1769681557005
14532413881
786352369
1769681558005
14559160957
809894426
1769681559005
14585752736
833163883
1769681560005
14612312764
856218462
1769681561005
14638724896
879418540
1769681562005
14665849729
904465554
1769681563005
14692817039
928960824
1769681564005
14720466137
952048268
1769681565005
14747761295
975526989
1769681566005
14774212640
998267604
1769681567005
14800737544
1021236997
1769681568005
14828541694
1044749331
1769681569005
14855521058
1067725331
1769681570005
14888545198
1090498460
1769681571005
14915011405
1113628962
1769681572005
14941940218
1138969373
1769681573005
14974995043
1163588201
1769681574005
15003354660
1186564918
1769681575005
15032417000
1209729828
1769681576005
15059496029
1232632742
1769681577005
15086185276
1255446152
1769681578005
15113819178
1279135494
1769681579005
15141181868
1302588368
1769681580004
15168066998
1325388672
1769681581005
15195161620
1348780193
1769681582005
15222581009
1374142300
1769681583006
15249404573
1398348491
1769681584005
15277016152
1421084803
1769681585005
15305174440
1444002746
1769681586005
15337841406
1466618108
1769681587005
15364163272
1489181776
1769681588005
15391129483
1512071095
1769681589005
15417823460
1535493804
1769681590005
15444325554
1558306650
1769681591005
15471047820
1581579219
1769681592005
15498375249
1606343243
1769681593005
15525257373
1630130206
1769681594005
15552136674
1653840863
1769681595005
15578731307
1677093109
1769681596005
15605397912
1699570997
1769681597005
15631968392
1722101341
1769681598005
15658822594
1745065394
1769681599005
15685641992
1768671991
1769681600005
15712221169
1791323622
1769681601005
15742831677
1814081249
1769681602005
15773789411
1838634423
1769681603005
15807843040
1861868862
1769681604005
15836328688
1885176632
1769681605005
15863906074
1908028966
1769681606005
15891188842
1930723944
1769681607006
15918040786
1953559967
1769681608005
15944956265
1976454673
1769681609005
15972250751
2000252072
1769681610005
15998875778
2023212859
1769681611006
16025179289
2046450397
1769681612004
16052119225
2071860002
1769681613005
16078865553
2095812498
1769681614005
16106469320
2118922311
1769681615005
16134029342
2141944909
1769681616005
16160443168
2164847350
1769681617005
16193493491
2187889356
1769681618005
16220123629
2210868438
1769681619005
16246924215
2235063232
1769681620005
16274329963
2258193490
1769681621005
16301050078
2281538138
1769681622005
16328778655
2306954198
1769681623005
16356382833
2331174304
1769681624005
16383993969
2354609128
1769681625005
16411249915
2378523968
1769681626005
16437842213
2401272120
1769681627005
16464638252
2423995462
1769681628005
16492159442
2446928893
1769681629005
16520911770
2470628763
1769681630005
16547446973
2493621348
1769681631005
16573653900
2516924449
1769681632005
16601107497
2541832554
1769681633005
16639140656
2566153165
1769681634005
16666336851
2589993561
1769681635005
16692887419
2613869524
1769681636005
16719163343
2636731241
1769681637005
16745280110
2659561802
1769681638005
16771715862
2682425732
1769681639005
16798945762
2706122642
1769681640005
16825645080
2728790628
1769681641005
16852211974
2751633807
1769681642005
16880106680
2776160920
1769681643005
16907543127
2800034976
1769681644005
16934468142
2823537041
1769681645005
16961664870
2846863593
1769681646005
16988379614
2869333653
1769681647005
17015129696
2891685143
1769681648005
17044825990
2914189152
1769681649005
17075717444
2937593063
1769681650005
17102337482
2960719262
1769681651005
17129056223
2983853961
1769681652005
17156167660
3008787135
1769681653005
17183217759
3032400355
1769681654005
17209974356
3055746865
1769681655005
17236714672
3079566586
1769681656005
17263344597
3102089606
1769681657005
17290253911
3124714291
1769681658005
17317544217
3147441036
1769681659005
17344943023
3170912234
1769681660005
17372138394
3194203358
1769681661005
17399906291
3217001709
1769681662005
17428316733
3241484574
1769681663005
17462504875
3264658134
1769681664005
17496746879
3287739475
1769681665005
17524314210
3311592719
1769681666005
17551211424
3334456069
1769681667005
17578310120
3357378162
1769681668005
17605163407
3380065740
1769681669005
17632250141
3403591821
1769681670005
17659164932
3426743700
1769681671005
17685684389
3449876415
1769681672005
17712660930
3474883911
1769681673005
17739605169
3498601236
1769681674005
17766995354
3521360069
1769681675005
17794565737
3544693304
1769681676005
17820870269
3567263197
1769681677005
17847333500
3589912615
1769681678005
17873776560
3612522286
1769681679005
17901031300
3636058025
1769681680005
17933790821
3659225727
1769681681005
17960203838
3682395000
1769681682005
17987072444
3707666169
1769681683005
18013972740
3731800953
1769681684005
18040799295
3755311380
1769681685005
18067894512
3779276311
1769681686005
18094610721
3802162335
1769681687005
18121406317
3825212412
1769681688005
18148797982
3848411484
1769681689005
18175917200
3872344664
1769681690005
18202839041
3895639740
1769681691005
18229910975
3919110144
1769681692005
18257221101
3944090359
1769681693005
18290707696
3968118047
1769681694005
18318772743
3990790504
1769681695005
18348757765
4014363992
1769681696005
18378683890
4037134345
1769681697005
18405096678
4059830711
1769681698005
18432041528
4082685837
1769681699005
18458870280
4106129480
1769681700005
18485310914
4129280199
1769681701005
18512100178
4152238576
1769681702005
18540244764
4176584470
1769681703005
18567353592
4200813426
1769681704005
18595100234
4223784406
1769681705005
18622863722
4246928869
1769681706005
18649836616
4270146373
1769681707005
18676935800
4293100325
1769681708005
18703550208
4316019352
1769681709005
18730641961
4339778407
1769681710005
18757163020
4362829645
1769681711005
18789977165
4386651731
1769681712005
18817285735
4411685654
1769681713005
18843676109
4435811359
1769681714005
18870727475
4458611938
1769681715005
18897797456
4481681607
1769681716005
18923949622
4504858799
1769681717005
18950097638
4527595599
1769681718005
18976479132
4550342866
1769681719005
19003449615
4573433698
1769681720005
19030003982
4596309224
1769681721005
19056595915
4619634128
1769681722005
19085091420
4643732964
1769681723005
19117837850
4667799454
1769681724005
19145442532
4690560514
1769681725005
19173145338
4713452213
1769681726005
19199579731
4736728430
1769681727005
19232353686
4759589751
1769681728005
19259214419
4782534731
1769681729005
19286401642
4806238751
1769681730005
19313052775
4829089696
1769681731005
19339664436
4852723652
1769681732005
19366854421
4878080464
1769681733005
19394849571
4901384069
1769681734005
19422358082
4924229979
1769681735005
19449174139
4947464327
1769681736005
19475452885
4970623515
1769681737005
19501630777
4993267836
1769681738005
19528237646
5016093438
1769681739005
19555739078
5039119255
1769681740005
19582096281
5061972428
1769681741005
19608332885
5085609832
1769681742004
19639011230
5109960227
1769681743005
19668622873
5134070720
1769681744005
19694900368
5157579209
1769681745005
19721378522
5181194336
1769681746005
19747970897
5204640465
1769681747006
19774600165
5227633219
1769681748005
19801805759
5250858321
1769681749005
19829599717
5274229610
1769681750005
19855987131
5297254466
1769681751005
19882571464
5321075087
1769681752007
19910305443
5346452819
1769681753005
19943364677
5370945052
1769681754005
19972396211
5394134862
1769681755005
19999269912
5417670480
1769681756005
20025776980
5441239207
1769681757005
20052312641
5464061513
1769681758005
20085268303
5487083226
1769681759005
20112415322
5510637199
1769681760005
20138831329
5533719044
1769681761005
20165893986
5556935281
1769681762005
20194180640
5581271852
1769681763005
20220779591
5605316476
1769681764005
20247472134
5628948479
1769681765005
20273935411
5652555229
1769681766005
20300440281
5675386415
1769681767005
20326694462
5698475431
1769681768005
20353910340
5721356129
1769681769005
20381812187
5745071502
1769681770005
20408644799
5768092360
1769681771006
20435698362
5791379593
1769681772005
20464770970
5815622800
1769681773005
20491807612
5839584787
1769681774005
20525713299
5862573360
1769681775005
20552981497
5885445178
1769681776005
20579506126
5908288540
1769681777005
20605857073
5931438939
1769681778005
20632527111
5954130972
1769681779006
20659932264
5977180897
1769681780005
20686152603
5999983780
1769681781005
20712728744
6023451438
1769681782005
20739402383
6049029705
1769681783005
20771831721
6073197446
1769681784005
20799794920
6096198149
1769681785005
20827109456
6119034340
1769681786005
20853506620
6141750069
1769681787005
20880062238
6164739969
1769681788005
20906301878
6187531118
1769681789005
20936564809
6211195239
1769681790005
20965639477
6234107643
1769681791005
20992292091
6257096689
1769681792005
21021396131
6281382100
1769681793005
21048772736
6305437878
1769681794005
21075919846
6328856939
1769681795005
21102511382
6352497730
1769681796005
21129317872
6375274232
1769681797005
21156175873
6398378048
1769681798005
21183376722
6421174522
1769681799005
21210792434
6444185768
1769681800006
21237691235
6467260960
1769681801005
21264977803
6490220039
1769681802005
21293446500
6514759069
1769681803005
21320162846
6538719713
1769681804005
21346904489
6561632591
1769681805005
21380177229
6584706730
1769681806005
21406984146
6607689230
1769681807005
21433437337
6630873227
1769681808005
21460471065
6653816758
1769681809005
21487334666
6677108751
1769681810005
21513896433
6700352162
1769681811005
21540668852
6723722276
1769681812005
21568862341
6749222560
1769681813005
21602345564
6773388684
1769681814005
21630654632
6796352935
1769681815005
21658604114
6819233572
1769681816005
21685702291
6842101729
1769681817005
21712640504
6864960471
1769681818005
21739916956
6887637811
1769681819005
21767616863
6910343912
1769681820005
21795237368
6933372735
1769681821005
21827981402
6956337673
1769681822005
21856801109
6980189116
1769681823005
21883645210
7004181650
1769681824005
21911036326
7026961569
1769681825005
21938403518
7049874416
1769681826005
21964994748
7072638131
1769681827005
21991397344
7095177157
1769681828005
22018123180
7118135275
1769681829005
22045508147
7140722669
1769681830005
22072342804
7163557639
1769681831005
22099279597
7186310536
1769681832005
22127888866
7210599960
1769681833005
22154769785
7234612314
1769681834005
22181350579
7258140623
1769681835005
22207814588
7281687516
1769681836005
22238672108
7304424378
1769681837005
22267435467
7327387134
1769681838005
22294021678
7350637671
1769681839005
22320596872
7373917747
1769681840004
22347659453
7397186563
1769681841005
22374584192
7420461315
1769681842005
22402001583
7445902825
1769681843005
22435014371
7470552703
1769681844005
22463151542
7493438437
1769681845005
22489999260
7516641293
1769681846005
22516225900
7539376735
1769681847005
22542899981
7562447030
1769681848005
22569418279
7585676144
1769681849005
22596704938
7608725139
1769681850005
22623661933
7632033656
1769681851005
22649985828
7655207766
1769681852005
22684075878
7680544102
1769681853005
22711624502
7704902141
1769681854005
22739019478
7728168806
1769681855005
22765886695
7751730286
1769681856005
22792718117
7774340674
1769681857005
22819254068
7796804569
1769681858005
22846545869
7819950528
1769681859005
22873404938
7843149630
1769681860005
22900659892
7866194444
1769681861005
22927812464
7889300518
1769681862005
22955128541
7914160973
1769681863005
22982034193
7938377112
1769681864005
23008757466
7961700979
1769681865005
23035439344
7984944574
1769681866005
23062162358
8007515657
1769681867005
23089665697
8029994170
1769681868005
23121709084
8052937976
1769681869005
23149014053
8075605627
1769681870006
23175761296
8098511913
1769681871005
23202700501
8121285225
1769681872006
23231819448
8144684665
1769681873005
23259112973
8173171504
1769681874005
23286499527
8196045565
1769681875005
23313691343
8219325184
1769681876005
23340309259
8241873823
1769681877005
23366892296
8264396584
1769681878005
23393508916
8287158956
1769681879005
23420667424
8310445517
1769681880005
23448076376
8333406107
1769681881005
23474930227
8356301392
1769681882005
23502295252
8381462353
1769681883005
23533523022
8405386408
1769681884005
23562883931
8428931654
1769681885005
23590013799
8452391363
1769681886005
23617290770
8475202531
1769681887005
23643829665
8497916474
1769681888005
23670686400
8520620897
1769681889005
23697789567
8543921191
1769681890005
23724886875
8567099130
1769681891005
23751633538
8590290802
1769681892005
23778673613
8615516670
1769681893005
23805586086
8639326199
1769681894005
23833015545
8662518054
1769681895005
23860939546
8685276704
1769681896005
23887941858
8708061109
1769681897005
23915387994
8730714891
1769681898005
23942301840
8753270502
1769681899005
23975364598
8776874445
1769681900005
24002385372
8800049485
1769681901006
24029571893
8822747439
1769681902005
24059084085
8846067339
1769681903005
24092241031
8870145821
1769681904005
24119555490
8893909423
1769681905005
24146450553
8917504746
1769681906005
24172843003
8940151997
1769681907005
24199176678
8962834158
1769681908005
24225858587
8985529746
1769681909005
24252314296
9009140647
1769681910005
24279017108
9032344174
1769681911005
24305450006
9055383540
1769681912005
24333715558
9079539350
1769681913005
24360366569
9103472042
1769681914005
24387586917
9126990891
1769681915005
24419828750
9150631316
1769681916005
24446306613
9173305207
1769681917005
24472627365
9195890511
1769681918005
24499049598
9218587320
1769681919005
24525545161
9242217262
1769681920005
24552900268
9265378128
1769681921005
24580085019
9288183681
1769681922005
24609412284
9311756497
1769681923005
24636457562
9335871461
1769681924005
24664216609
9359188722
1769681925005
24691154364
9382425755
1769681926005
24717778033
9405246551
1769681927005
24744204385
9428006330
1769681928005
24771478136
9451030224
1769681929005
24798074295
9474655544
1769681930005
24828821393
9497596954
1769681931005
24857940935
9520670300
1769681932005
24885306371
9545635592
1769681933005
24916600774
9571046616
1769681934005
24944994187
9594357758
1769681935005
24972987964
9617203745
1769681936005
25000083242
9639894084
1769681937005
25027213919
9662457508
1769681938005
25055885959
9685047007
1769681939005
25082924432
9707992735
1769681940005
25110837296
9730825112
1769681941005
25138243807
9753943972
1769681942005
25166111216
9779049318
1769681943005
25193001030
9803040402
1769681944005
25220553484
9825908024
1769681945005
25248302110
9849559404
1769681946005
25281284612
9872290910
1769681947005
25307860569
9895005418
1769681948005
25334471208
9917651311
1769681949005
25361194023
9940720065
1769681950004
25388094335
9964303165
1769681951005
25414466323
9987342684
1769681952005
25441229862
10012818783
1769681953005
25467611860
10036849645
1769681954005
25494689851
10059669098
1769681955005
25521549164
10083360057
1769681956005
25547908320
10105941821
1769681957005
25574416120
10128598898
1769681958005
25600911332
10151252787
1769681959005
25627820051
10174198011
1769681960005
25655195527
10197709292
1769681961005
25682492974
10220879282
1769681962005
25714563352
10246119249
1769681963005
25747483083
10270444514
1769681964005
25775450844
10293635896
1769681965005
25803363478
10317263107
1769681966005
25830195037
10340263947
1769681967006
25856977237
10363315154
1769681968005
25883807286
10385985307
1769681969005
25911466118
10408745238
1769681970005
25939083129
10432263767
1769681971005
25966256727
10454994342
1769681972005
25994229615
10479327190
1769681973005
26022446402
10502477177
1769681974005
26050155449
10525283859
1769681975005
26078377744
10548745917
1769681976005
26105076254
10571533679
1769681977005
26136167602
10594281313
1769681978005
26165153423
10616977923
1769681979005
26192222809
10640294299
1769681980005
26219331392
10663881382
1769681981005
26246354577
10687096185
1769681982005
26273456584
10712097074
1769681983005
26300771074
10736202944
1769681984005
26328082131
10759241273
1769681985005
26355226617
10782950480
1769681986005
26382026119
10805962245
1769681987005
26408699727
10828788060
1769681988005
26435840429
10851839496
1769681989005
26462640389
10875244520
1769681990005
26489801765
10898853941
1769681991005
26516450640
10921953729
1769681992005
26544050180
10946781455
1769681993005
26577560349
10975265913
1769681994005
26605046324
10998315060
1769681995005
26632636770
11021579070
1769681996006
26658950351
11044531420
1769681997005
26685155905
11067313994
1769681998005
26711915736
11090069348
1769681999005
26738666473
11113475670
1769682000005
26765380729
11136450449
1769682001005
26791846615
11159980955
1769682002005
26818764016
11185216512
1769682003005
26845533795
11209129079
1769682004005
26873131230
11232076104
1769682005005
26900904940
11254980238
1769682006005
26927728351
11278078485
1769682007005
26954858235
11300968369
1769682008005
26981952125
11323706985
1769682009005
27014611325
11347035460
1769682010005
27041473705
11370014725
1769682011005
27068678383
11393881029
1769682012005
27095821419
11419096202
1769682013005
27122631862
11443032113
1769682014005
27149259406
11466471010
1769682015005
27176005612
11489916956
1769682016005
27202988790
11513122482
1769682017005
27229875202
11535822572
1769682018005
27256708027
11558353282
1769682019005
27283678022
11581468862
1769682020005
27310472047
11604205037
1769682021005
27338159763
11628081579
1769682022005
27365600574
11653363414
1769682023005
27398386873
11677544170
1769682024005
27429664934
11700482269
1769682025005
27459582942
11723542280
1769682026005
27486340622
11746723363
1769682027005
27512928923
11769362298
1769682028005
27539539867
11791932222
1769682029005
27567084829
11814608234
1769682030005
27594227072
11837315449
1769682031005
27621953497
11861101969
1769682032005
27649782670
11885973501
1769682033005
27676898608
11909784937
1769682034005
27705539858
11932476436
1769682035005
27733395305
11955484951
1769682036005
27759965403
11978432068
1769682037005
27786459821
12000949855
1769682038005
27813204624
12023490773
1769682039005
27840751325
12046157783
1769682040005
27874016847
12068872337
1769682041005
27900914641
12092371701
1769682042005
27927864313
12117530313
1769682043005
27955991124
12140348697
1769682044005
27983420110
12162996925
1769682045005
28011266723
12185721412
1769682046005
28037919824
12208515491
1769682047005
28064891940
12231051953
1769682048005
28091981650
12253704484
1769682049005
28118863408
12276792386
1769682050005
28145699758
12299647695
1769682051005
28173116477
12323387617
1769682052005
28202769652
12347256714
1769682053005
28235803832
12371343923
1769682054005
28263017864
12394867838
1769682055005
28290221916
12418436550
1769682056005
28322965676
12441082641
1769682057005
28349676666
12463866513
1769682058005
28376901058
12486434086
1769682059005
28404562241
12509012936
1769682060005
28431969209
12531825431
1769682061005
28458936778
12555204105
1769682062005
28488098005
12580266941
1769682063005
28515451693
12604164097
1769682064005
28544034001
12627010435
1769682065005
28571915524
12649945818
1769682066005
28598825128
12672414810
1769682067005
28625403191
12695233545
1769682068005
28652890768
12717790530
1769682069005
28680515133
12740414665
1769682070005
28707493489
12763223788
1769682071005
28738151556
12786656277
1769682072005
28768984938
12811840857
1769682073005
28796406372
12835478810
1769682074005
28824547861
12858146904
1769682075005
28851795734
12881284150
1769682076005
28878622426
12903887626
1769682077005
28905364024
12926847788
1769682078005
28932347355
12949413455
1769682079005
28959060710
12972581187
1769682080005
28985773516
12995239744
1769682081005
29012495371
13018523299
1769682082005
29039878171
13043567735
1769682083005
29072586562
13067775040
1769682084005
29099765378
13091278448
1769682085005
29126460546
13114637820
1769682086005
29153021657
13137108170
1769682087005
29186128359
13160090609
1769682088005
29212906912
13182571990
1769682089005
29239788929
13205738517
1769682090005
29266630818
13228317763
1769682091005
29293801044
13251460945
1769682092005
29321116541
13276820366
1769682093005
29348342886
13300731239
1769682094005
29376001429
13323420801
1769682095005
29403828725
13346256473
1769682096005
29430946066
13368874978
1769682097005
29457840275
13391798765
1769682098005
29484974217
13414408618
1769682099005
29511901810
13437436770
1769682100005
29538811307
13460151263
1769682101005
29566592387
13483078010
1769682102005
29597149339
13507567314
1769682103005
29630086952
13531421885
1769682104005
29658134421
13554125072
1769682105005
29685962038
13576984851
1769682106005
29712957346
13599606408
1769682107005
29739803293
13622606912
1769682108005
29766889921
13645186052
1769682109005
29793643069
13668242507
1769682110005
29820290128
13690912935
1769682111005
29847151502
13714096260
1769682112005
29874919948
13738987887
1769682113005
29907979166
13763342905
1769682114005
29935257877
13786739431
1769682115005
29962424135
13810476576
1769682116005
29989203024
13833101626
1769682117005
30016329215
13855902983
1769682118005
30047587090
13879029732
1769682119005
30077337138
13902315500
1769682120005
30104034976
13925310023
1769682121005
30131443272
13948359262
1769682122005
30159592619
13972871467
1769682123005
30186637882
13997169955
1769682124005
30214070286
14019958739
1769682125005
30241399698
14042863026
1769682126005
30267764729
14065491586
1769682127005
30294174420
14088179027
1769682128005
30320914477
14111237344
1769682129005
30347575894
14134217387
1769682130005
30374113004
14157045369
1769682131005
30401053902
14180395007
1769682132005
30428465418
14205286374
1769682133005
30455473497
14229524912
1769682134005
30489477705
14252296150
1769682135005
30517669682
14275369709
1769682136005
30544374493
14298073384
1769682137005
30571135286
14320842501
1769682138005
30598180137
14343877504
1769682139005
30625129061
14366982724
1769682140005
30651930302
14389703305
1769682141005
30678832094
14412969664
1769682142005
30705905202
14438060316
1769682143005
30737090983
14463914814
1769682144005
30765563540
14486836496
1769682145005
30792801877
14510013214
1769682146005
30820418552
14532800397
1769682147005
30847902605
14555538677
1769682148005
30875244284
14578676503
1769682149005
30902546202
14602037066
1769682150005
30934838950
14624832579
1769682151005
30961512269
14648422011
1769682152005
30988674057
14673662802
1769682153005
31015273710
14697942415
1769682154006
31042813957
14720831673
1769682155005
31069799165
14744039122
1769682156005
31096292622
14766727539
1769682157005
31122929321
14789425767
1769682158005
31150397688
14812579019
1769682159005
31178164502
14835515089
1769682160006
31205026317
14858446444
1769682161005
31232312046
14881862591
1769682162005
31261497106
14906117577
1769682163006
31288421754
14930656317
1769682164006
31315706308
14953650154
1769682165005
31347176864
14976593456
1769682166005
31375894678
14999375358
1769682167005
31402202095
15022117941
1769682168005
31428615997
15045221041
1769682169005
31455040823
15068555115
1769682170005
31481366061
15091323927
1769682171005
31507964966
15114607619
1769682172005
31535475476
15139381042
1769682173005
31568354971
15163481999
1769682174005
31596097966
15186706430
1769682175005
31624095771
15209747520
1769682176005
31650672567
15232387371
1769682177005
31677227606
15255097714
1769682178005
31704181748
15277789885
1769682179005
31731749673
15301150096
1769682180005
31758363836
15323904688
1769682181005
31792046802
15347353930
1769682182005
31819679742
15372282923
1769682183005
31846708923
15396391570
1769682184005
31873749440
15420309568
1769682185005
31900230950
15443889022
1769682186005
31927162953
15466832782
1769682187005
31953603999
15489763908
1769682188005
31980361130
15512727656
1769682189005
32007831450
15536273862
1769682190005
32034594714
15559226380
1769682191005
32061168459
15582460332
1769682192005
32089070535
15607134944
1769682193005
32115634819
15631268095
1769682194005
32142917085
15654558410
1769682195005
32169537931
15677919476
1769682196005
32196375059
15700762396
1769682197005
32227809866
15723683543
1769682198005
32254803938
15746667004
1769682199005
32281134043
15770370826
1769682200005
32307996362
15793234619
1769682201005
32334420609
15816591382
1769682202005
32361556962
15841932769
1769682203005
32395654961
15865184099
1769682204005
32423552901
15888421118
1769682205005
32451264603
15911710914
1769682206005
32477677834
15934433295
1769682207005
32504092392
15957090128
1769682208005
32530774255
15979846962
1769682209005
32557244016
16003583863
1769682210005
32583694812
16026328201
1769682211005
32610197241
16049638549
1769682212005
32641795598
16075123880
1769682213005
32670965689
16098908676
1769682214005
32698538238
16122110982
1769682215005
32725583897
16144866977
1769682216005
32751940887
16167540640
1769682217005
32778092977
16190235679
1769682218005
32804791822
16212927895
1769682219005
32831819355
16236392365
1769682220005
32858782804
16259297232
1769682221005
32885463599
16282499371
1769682222005
32913436533
16307742984
1769682223005
32940505232
16331636341
1769682224005
32968287868
16354770169
1769682225005
32996274107
16377649830
1769682226006
33023112609
16400338186
1769682227005
33049678007
16422979823
1769682228005
33083527179
16445890732
1769682229005
33110851205
16468947492
1769682230005
33137922818
16492068596
1769682231005
33164755873
16515096046
1769682232005
33193400082
16539564949
1769682233005
33226272726
16563634170
1769682234005
33254332799
16586392423
1769682235005
33281316236
16609900255
1769682236005
33307853483
16632419904
1769682237005
33334343904
16654934532
1769682238005
33361062539
16677563535
1769682239005
33387751344
16700675163
1769682240005
33414577167
16723739812
1769682241005
33441320687
16746792605
1769682242005
33470016789
16771468926
1769682243005
33498328573
16795395240
1769682244005
33531629570
16818192233
1769682245005
33559093771
16841455297
1769682246005
33586086058
16864110925
1769682247005
33612566058
16886756727
1769682248005
33639614738
16909445983
1769682249005
33666548435
16932649571
1769682250005
33693148759
16955763641
1769682251005
33719547616
16978978917
1769682252005
33748160669
17003346080
1769682253005
33775151751
17027274087
1769682254005
33802441248
17049965983
1769682255005
33829798964
17073147646
1769682256005
33856273334
17095788260
1769682257005
33882651044
17118471840
1769682258005
33909272332
17141253636
1769682259005
33939969552
17164242483
1769682260005
33968684131
17187369904
1769682261005
33995691691
17210560919
1769682262005
34023724803
17235582040
1769682263006
34056812417
17259655731
1769682264006
34084771359
17282701949
1769682265005
34112048559
17306412286
1769682266005
34139344876
17328978349
1769682267005
34166383624
17351616460
1769682268005
34193384486
17374211407
1769682269005
34220762968
17397536418
1769682270005
34247752814
17420642920
1769682271005
34274539408
17443768769
1769682272005
34302562006
17469121171
1769682273005
34331371399
17492062490
1769682274005
34358688910
17514718804
1769682275005
34392614402
17538067328
1769682276005
34419380642
17560732691
1769682277005
34445966135
17583273670
1769682278005
34472682054
17605879587
1769682279005
34500132249
17628646186
1769682280005
34526601842
17651743884
1769682281005
34554243464
17674975974
1769682282005
34581798481
17700601251
1769682283006
34608901236
17724402251
1769682284005
34636433809
17747310108
1769682285005
34663962323
17770526788
1769682286005
34690834377
17793196453
1769682287005
34717639204
17815914303
1769682288005
34745863056
17838912488
1769682289005
34772965643
17862553325
1769682290005
34801091004
17885478226
1769682291005
34833312406
17909133588
1769682292005
34860694749
17934379704
1769682293005
34893649999
17958687468
1769682294005
34921570873
17981632021
1769682295005
34948237142
18005001799
1769682296005
34974837695
18028297103
1769682297005
35001258982
18051132394
1769682298005
35027774945
18073967883
1769682299005
35054980432
18096781049
1769682300005
35081327244
18119592507
1769682301005
35107664643
18143206276
1769682302005
35134614390
18168706071
1769682303005
35162402016
18193010112
1769682304005
35189950411
18215881137
1769682305005
35217768568
18238760111
1769682306005
35249182608
18261798318
1769682307005
35277304414
18284405212
1769682308005
35305005222
18307503276
1769682309005
35332348046
18331093608
1769682310005
35359132687
18354121592
1769682311005
35385885347
18377731974
1769682312005
35415206233
18402353534
1769682313005
35442947764
18426212392
1769682314005
35470576966
18449447153
1769682315005
35496992745
18472957839
1769682316005
35523677675
18495877216
1769682317005
35550307325
18518369827
1769682318005
35576968971
18540960670
1769682319005
35604441442
18563659233
1769682320005
35631214563
18586422705
1769682321005
35657960434
18609736684
1769682322005
35691897933
18634848987
1769682323005
35725413137
18658854124
1769682324005
35753220735
18681868086
1769682325005
35779870541
18705212597
1769682326005
35806281178
18728341772
1769682327005
35832531850
18751028801
1769682328005
35858905349
18773786825
1769682329005
35885455123
18797153582
1769682330005
35912098780
18819742716
1769682331005
35938980355
18843091453
1769682332005
35967180023
18867594718
1769682333005
35994345183
18891359327
1769682334005
36022389723
18914118206
1769682335005
36050489450
18937114484
1769682336005
36077045404
18960218742
1769682337005
36104742458
18982891719
1769682338006
36136502031
19005576886
1769682339005
36163262152
19028978431
1769682340005
36189609133
19051770618
1769682341005
36216009898
19075304267
1769682342005
36244099860
19100404150
1769682343005
36272416145
19123579969
1769682344005
36300093470
19146428702
1769682345005
36327771482
19169710304
1769682346005
36355092732
19192644177
1769682347006
36382856707
19215822147
1769682348005
36410754938
19238502905
1769682349005
36438256232
19261741540
1769682350005
36464941299
19284568363
1769682351005
36492194727
19307489754
1769682352005
36521064465
19332483823
1769682353005
36554174325
19359446388
1769682354005
36583560180
19386443542
1769682355005
36624429359
19411130818
1769682356005
36667466562
19434499422
1769682357005
36708962005
19461254691
1769682358005
36749984358
19490688761
1769682359005
36790071732
19520625308
1769682360005
36827706474
19549143197
1769682361005
36868008940
19579783427
1769682362005
36912965661
19616354534
1769682363005
36950241001
19647709404
1769682364005
36987463975
19672870029
1769682365005
37020345590
19696894864
1769682366005
37056404135
19720253611
1769682367005
37093308828
19744246693
1769682368005
37124694808
19767584277
1769682369005
37161726218
19791775547
1769682370005
37196170101
19815961613
1769682371005
37229111268
19839918061
1769682372005
37265530222
19865446740
1769682373005
37302190817
19889787980
1769682374005
37335614931
19912786409
1769682375005
37372817917
19936331715
1769682376005
37405881271
19959374149
1769682377005
37438121104
19982705538
1769682378005
37473710176
20005792982
1769682379005
37508090173
20029241019
1769682380005
37544036907
20052718427
1769682381005
37577362378
20076141715
1769682382005
37611168140
20102274565
1769682383005
37650644629
20126874672
1769682384005
37685967449
20150287203
1769682385005
37724921641
20174163563
1769682386005
37755076225
20202761937
1769682387005
37783833939
20230243655
1769682388006
37813030091
20257485242
1769682389005
37841852591
20285328727
1769682390005
37875679897
20310803301
1769682391005
37909454380
20334132356
1769682392005
37943033241
20360897436
1769682393005
37977548988
20385380697
1769682394005
38014340024
20409508295
1769682395005
38048723515
20433880615
1769682396005
38086173925
20457193466
1769682397005
38117730520
20480641915
1769682398005
38152427014
20503660378
1769682399005
38183895418
20527064059
1769682400005
38220646188
20550439819
1769682401005
38257193981
20573856027
1769682402005
38292750949
20600103434
1769682403005
38324864508
20624736376
1769682404005
38359402593
20647939583
1769682405005
38393060368
20671633930
1769682406005
38428586713
20694996354
1769682407005
38463862446
20718418574
1769682408005
38496601537
20746895983
1769682409219
38528939525
20765831802
1769682410005
38561783347
20789235468
1769682411005
38591556053
20813026245
1769682412005
38624799787
20838613210
1769682413005
38656840015
20867124659
1769682414005
38691660038
20891212006
1769682415005
38722817988
20916325331
1769682416005
38757888699
20940196564
1769682417005
38788343255
20966259471
1769682418005
38817573433
20991014172
1769682419005
38847378074
21017889537
1769682420005
38877021195
21044102491
1769682421005
38907171247
21071586727
1769682422005
38943032262
21100543130
1769682423005
38984977129
21130739765
1769682424005
39024837769
21159869194
1769682425005
39062067228
21189560362
1769682426005
39097723694
21224493278
1769682427005
39132735006
21255117168
1769682428005
39169132156
21283155894
1769682429005
39206556094
21313126909
1769682430005
39240311016
21342233558
1769682431005
39275897418
21373262318
1769682432005
39316928636
21404624130
1769682433005
39355687084
21436193985
1769682434005
39391168327
21464645044
1769682435005
39429932985
21495817809
1769682436005
39469954963
21525563005
1769682437005
39503688296
21551386545
1769682438006
39538944758
21578274314
1769682439005
39574499377
21605392449
1769682440004
39609273945
21632178982
1769682441005
39648320525
21660327414
1769682442005
39683416458
21690438146
1769682443005
39723564727
21721027338
1769682444005
39761680554
21750888984
1769682445004
39799635576
21781593741
1769682446005
39834881007
21811057762
1769682447005
39871310718
21838813407
1769682448005
39908753270
21870902095
1769682449005
39941945355
21902792230
1769682450005
39976579932
21935922689
1769682451005
40011006741
21968773621
1769682452005
40046089429
21999210096
1769682453005
40081488157
22029585280
1769682454005
40115000584
22057366939
1769682455005
40149013199
22087232247
1769682456005
40179491573
22113682585
1769682457005
40216432991
22145714147
1769682458005
40248559870
22172527335
1769682459005
40282241935
22201103372
1769682460005
40317178315
22230594996
1769682461006
40352072385
22260977885
1769682462006
40386774783
22292614234
1769682463005
40427856613
22323670032
1769682464005
40464488172
22355883118
1769682465005
40498700544
22385463162
1769682466005
40534989531
22417098046
1769682467005
40567835442
22445370067
1769682468005
40602944451
22474767534
1769682469005
40637747461
22505709217
1769682470005
40671670054
22534849479
1769682471005
40705553128
22565179942
1769682472005
40737692549
22594934659
1769682473006
40777874629
22625571533
1769682474005
40810070321
22651313198
1769682475005
40845717633
22680600715
1769682476005
40880148378
22709459880
1769682477005
40913589962
22737045367
1769682478005
40950070558
22766838474
1769682479005
40989687970
22796382097
1769682480005
41024694522
22825529668
1769682481005
41059272201
22854289869
1769682482005
41096815136
22884265171
1769682483005
41131011991
22912835440
1769682484005
41167591231
22944635462
1769682485005
41198594083
22975200989
1769682486005
41232121936
23009898688
1769682487005
41263180129
23042107487
1769682488005
41296589229
23077628355
1769682489005
41326542285
23107777706
1769682490005
41357791981
23140149200
1769682491005
41390937468
23173803710
1769682492005
41422609079
23203632154
1769682493005
41450881512
23230288719
1769682494005
41481533629
23254249257
1769682495005
41512363013
23278801851
1769682496005
41541028370
23301929164
1769682497005
41569025350
23324498935
1769682498005
41600596639
23347779683
1769682499005
41630306040
23373422690
1769682500005
41660054639
23402200407
1769682501006
41691229052
23435744494
1769682502005
41729666670
23466233320
1769682503005
41767895452
23500605703
1769682504005
41802285962
23534336228
1769682505005
41841306756
23565401882
1769682506005
41876605254
23598287327
1769682507005
41908311332
23636020438
1769682508005
41941275676
23676270691
1769682509005
41970780086
23705436495
1769682510005
42006496577
23731771605
1769682511005
42037045397
23758279649
1769682512005
42069616085
23786435541
1769682513005
42101176175
23812227939
1769682514005
42132369417
23840338897
1769682515005
42162191345
23866287323
1769682516005
42191764264
23892884626
1769682517005
42220710383
23918836897
1769682518005
42250269585
23944819623
1769682519005
42282486958
23972494034
1769682520005
42313696068
23998917640
1769682521005
42344513765
24024333669
1769682522005
42376327046
24050896382
1769682523005
42407004521
24077693245
1769682524005
42438751918
24104492350
1769682525005
42470791307
24132113679
1769682526005
42506490648
24159941631
1769682527005
42535228267
24185833649
1769682528005
42567059659
24212974625
1769682529005
42596361046
24238718990
1769682530005
42626341063
24264818379
1769682531005
42656637791
24290701928
1769682532005
42688880111
24318749810
1769682533005
42727098762
24347391669
1769682534005
42759656221
24375474980
1769682535005
42792253244
24404397160
1769682536005
42823579597
24431352446
1769682537005
42855796971
24459510825
1769682538006
42888475578
24486736468
1769682539005
42919053877
24512965474
1769682540005
42949315404
24538898520
1769682541005
42983869724
24566125505
1769682542005
43018503049
24593682827
1769682543005
43052858816
24621620484
1769682544005
43084214205
24647331160
1769682545005
43113677403
24673117653
1769682546005
43142624041
24700040180
1769682547005
43170901616
24727172139
1769682548005
43199538670
24753563993
1769682549005
43228549865
24781710731
1769682550005
43256547761
24808459943
1769682551005
43287629161
24834163631
1769682552005
43321700962
24862737501
1769682553005
43353937469
24889306485
1769682554005
43387229662
24917500477
1769682555005
43425199439
24948400856
1769682556005
43462749835
24978408933
1769682557005
43497403011
25013327491
1769682558007
43530807869
25051343241
1769682559005
43564847872
25085441301
1769682560005
43596995029
25117125743
1769682561005
43628902772
25149285152
1769682562005
43661118757
25178828729
1769682563006
43698502276
25210076319
1769682564005
43732668631
25242850000
1769682565005
43764544271
25271808509
1769682566005
43798068676
25302096768
1769682567005
43833037281
25334756303
1769682568005
43866575494
25365697910
1769682569006
43899863491
25395579803
1769682570005
43933358249
25425992109
1769682571005
43967840078
25458007238
1769682572005
44004092033
25493005322
1769682573006
44044235541
25526706261
1769682574005
44077411728
25556745296
1769682575005
44110718294
25586428957
1769682576005
44144475276
25616828111
1769682577005
44178971646
25648954151
1769682578005
44211453746
25677764520
1769682579005
44244274116
25707624609
1769682580005
44279629496
25739914443
1769682581005
44315391471
25771349509
1769682582004
44350097577
25801432014
1769682583005
44384561066
25831106962
1769682584005
44419576513
25861832272
1769682585005
44452834635
25892274514
1769682586005
44485759278
25920598291
1769682587005
44516081623
25946590797
1769682588005
44550430158
25975751566
1769682589005
44585662101
26004413307
1769682590005
44619329488
26034842596
1769682591005
44653800545
26065717358
1769682592005
44690438589
26099740195
1769682593005
44728178718
26129185999
1769682594005
44762527893
26159507338
1769682595005
44797285846
26192204759
1769682596005
44833028489
26225132011
1769682597006
44866726606
26256371347
1769682598005
44900315873
26287426534
1769682599005
44934144018
26319312824
1769682600005
44968691090
26351679452
1769682601005
45003417963
26382132833
1769682602005
45040074591
26413908152
1769682603005
45071287317
26442921438
1769682604005
45108880252
26471956908
1769682605005
45140877102
26498972464
1769682606005
45175192695
26529148073
1769682607005
45206395915
26556905365
1769682608005
45237745887
26585090996
1769682609005
45271279477
26615484657
1769682610005
45306277255
26647102102
1769682611005
45340007490
26676774746
1769682612004
45373793767
26708779729
1769682613005
45406085799
26739134528
1769682614005
45439404388
26768504820
1769682615005
45474508194
26801075538
1769682616005
45508380084
26831676785
1769682617005
45539945545
26863010400
1769682618006
45569467288
26893023725
1769682619005
45596982863
26916760596
1769682620005
45630154411
26939625914
1769682621005
45659050011
26963452014
1769682622005
45688840555
26986832473
1769682623005
45719773068
27013102995
1769682624005
45750026630
27039628372
1769682625005
45786695495
27069855569
1769682626005
45824098086
27102161424
1769682627005
45862356621
27131033511
1769682628005
45896909110
27159682954
1769682629005
45937066258
27189084327
1769682630005
45974569293
27219806035
1769682631005
46008457571
27250275819
1769682632005
46044061656
27281491612
1769682633005
46079103087
27320060006
1769682634005
46112966219
27352746945
1769682635005
46146517188
27380427383
1769682636005
46180378032
27406926623
1769682637005
46210996611
27434318929
1769682638006
46240128207
27460880849
1769682639005
46270249528
27489692042
1769682640005
46299800536
27515682656
1769682641005
46330380910
27542921131
1769682642005
46361881020
27569371683
1769682643005
46393391033
27598074834
1769682644006
46424316375
27624984148
1769682645005
46456259349
27653378233
1769682646005
46486366404
27680155657
1769682647005
46517401084
27707537786
1769682648005
46547348983
27734553204
1769682649005
46578285921
27762110647
1769682650005
46607563276
27788009103
1769682651005
46642615022
27814971149
1769682652005
46676042645
27843783456
1769682653006
46711416045
27871238045
1769682654005
46742828681
27898682823
1769682655005
46775109437
27926414864
1769682656005
46806694580
27953797466
1769682657005
46838201053
27981187269
1769682658005
46866615279
28007782970
1769682659005
46894207831
28036552311
1769682660005
46921925315
28066156447
1769682661005
46949774919
28094833980
1769682662005
46978709610
28122726581
1769682663005
47008480623
28150941644
1769682664006
47038437188
28178379312
1769682665005
47068507426
28206257112
1769682666005
47097206839
28233760633
1769682667005
47133655119
28260550233
1769682668005
47161487465
28286911556
1769682669005
47190371409
28315325858
1769682670005
47218696757
28342404871
1769682671005
47246396237
28369260248
1769682672005
47277814824
28397182068
1769682673005
47305370558
28424974469
1769682674005
47333787240
28451959081
1769682675005
47363277582
28479325464
1769682676005
47390663297
28507251129
1769682677005
47419550780
28534885671
1769682678005
47447176976
28563410273
1769682679005
47476360693
28597099403
1769682680005
47505225564
28630356609
1769682681005
47534760505
28665969620
1769682682005
47568877759
28704341568
1769682683005
47606536548
28741684363
1769682684005
47640291623
28776387326
1769682685005
47672316151
28807484458
1769682686005
47702211379
28836662941
1769682687005
47733003381
28867537459
1769682688005
47763782917
28898708195
1769682689005
47793633546
28927835366
1769682690005
47824219886
28958318378
1769682691005
47855508001
28990455937
1769682692005
47890737854
29023358639
1769682693005
47920504793
29050716462
1769682694005
47952364199
29079910326
1769682695005
47983781901
29108951549
1769682696005
48015722555
29139010144
1769682697005
48047621723
29168342246
1769682698005
48087284940
29200041870
1769682699005
48126247433
29234457906
1769682700005
48158891818
29263921501
1769682701005
48192270188
29294116183
1769682702005
48226722584
29324374490
1769682703005
48259900251
29355425283
1769682704005
48293956015
29386083732
1769682705005
48327771085
29416491690
1769682706005
48361215781
29447216816
1769682707005
48394094010
29477747891
1769682708005
48426655299
29507353919
1769682709005
48459739678
29537555971
1769682710005
48492155894
29567165676
1769682711005
48528888308
29599458775
1769682712005
48565954797
29630938745
1769682713005
48601578839
29657479395
1769682714005
48640970662
29686224750
1769682715005
48672965681
29713809993
1769682716005
48705748455
29743034251
1769682717005
48736436855
29769729572
1769682718005
48770936063
29800312905
1769682719006
48803244863
29828806900
1769682720005
48834452874
29857199612
1769682721005
48869807705
29890682576
1769682722005
48902649772
29919427976
1769682723005
48936750746
29950949845
1769682724005
48973622847
29983887716
1769682725005
49008322468
30014951967
1769682726005
49040962596
30045842414
1769682727005
49073060820
30075603219
1769682728005
49108952656
30108402899
1769682729005
49144129288
30139669928
1769682730005
49181760566
30170966863
1769682731005
49214474878
30199411880
1769682732005
49248029463
30228901504
1769682733005
49281934127
30259397730
1769682734005
49314611942
30287563937
1769682735005
49348913009
30317922291
1769682736005
49381339234
30347611354
1769682737005
49414469205
30378385000
1769682738005
49447699069
30407203105
1769682739005
49480379569
30436302232
1769682740005
49513172306
30465770892
1769682741005
49547842205
30497476101
1769682742005
49583694752
30529474416
1769682743005
49621759251
30560535782
1769682744005
49654463492
30589181991
1769682745005
49691625587
30619996391
1769682746005
49726777959
30650555846
1769682747005
49759766869
30680898912
1769682748005
49790240452
30708349702
1769682749005
49818310716
30733407168
1769682750005
49845949973
30756732042
1769682751005
49875384577
30781811738
1769682752005
49904401723
30806285265
1769682753005
49932300122
30830573651
1769682754005
49963379767
30855496633
1769682755005
49995124692
30886774328
1769682756005
50026003635
30918195966
1769682757005
50060295455
30948483417
1769682758005
50094611232
30978732112
1769682759005
50130974021
31010492692
1769682760005
50167157437
31042236625
1769682761005
50208205027
31073358932
1769682762005
50246719012
31106625705
1769682763005
50289422675
31142901005
1769682764005
50321537652
31172913598
1769682765005
50351902217
31199165140
1769682766005
50381070508
31226044167
1769682767005
50411626072
31253832250
1769682768005
50442907245
31281665054
1769682769005
50472822309
31308030054
1769682770005
50501584402
31336324932
1769682771005
50529063328
31366552434
1769682772005
50558070464
31397204764
1769682773005
50591763820
31426232255
1769682774005
50621768464
31456983533
1769682775005
50651228625
31486522472
1769682776005
50678774259
31514123492
1769682777005
50712162043
31541943403
1769682778005
50739840803
31568470901
1769682779005
50769290666
31597938905
1769682780006
50797179467
31625469494
1769682781005
50825601688
31652674661
1769682782005
50856054596
31680474081
1769682783005
50883991109
31706235505
1769682784005
50914467759
31734519443
1769682785005
50944684336
31762899948
1769682786006
50973795303
31791053552
1769682787006
51001417654
31819520998
1769682788005
51028601276
31847530337
1769682789005
51057878830
31876286403
1769682790005
51086121296
31906222996
1769682791006
51114360620
31935957863
1769682792005
51147294997
31965792135
1769682793005
51181676032
31993820227
1769682794005
51209675499
32021343736
1769682795005
51238046316
32050432427
1769682796006
51266505294
32077895865
1769682797005
51294276837
32105234753
1769682798005
51321356446
32129779596
1769682799005
51351036475
32156435429
1769682800005
51380111891
32186381847
1769682801007
51408038944
32213389667
1769682802005
51436563149
32241833097
1769682803005
51470905856
32271239642
1769682804005
51500724825
32299573427
1769682805005
51530722297
32328283506
1769682806005
51558208256
32356478627
1769682807005
51585690874
32384606383
1769682808005
51619341386
32411049535
1769682809005
51647597799
32439153016
1769682810005
51676940458
32467124180
1769682811005
51707056485
32497493124
1769682812005
51740106229
32532144820
1769682813005
51772697485
32566099851
1769682814005
51803238065
32603381309
1769682815005
51840239646
32634740497
1769682816005
51872740696
32661655761
1769682817005
51903847318
32688111897
1769682818005
51937810314
32717680192
1769682819005
51971250540
32746056685
1769682820005
52007295658
32776007453
1769682821005
52039763355
32803618299
1769682822005
52075198259
32834148077
1769682823005
52106325525
32861134734
1769682824005
52146216346
32890040893
1769682825005
52181318534
32919601376
1769682826005
52214247404
32948271219
1769682827005
52247623363
32977068145
1769682828005
52282042970
33006787678
1769682829005
52316946545
33036769022
1769682830005
52351513010
33066450044
1769682831005
52387516214
33099172243
1769682832005
52423451047
33130515685
1769682833005
52462984281
33160941571
1769682834006
52499350427
33190636675
1769682835005
52534602404
33219741097
1769682836005
52567428694
33247156976
1769682837005
52601388226
33275487314
1769682838005
52636445739
33304857117
1769682839005
52674370002
33334845404
1769682840005
52708187146
33360154123
1769682841005
52739899236
33388884098
1769682842005
52771485493
33416892461
1769682843005
52807322736
33445506399
1769682844005
52842272833
33473624208
1769682845005
52874495272
33500534178
1769682846005
52905974235
33526901787
1769682847005
52939941457
33555223397
1769682848005
52971992061
33581544347
1769682849005
53006189954
33609719998
1769682850005
53041733221
33638784154
1769682851005
53077580198
33668132551
1769682852005
53113772464
33697862367
1769682853005
53148786050
33729095157
1769682854005
53184908327
33759315732
1769682855005
53226442175
33789890582
1769682856005
53260572520
33818694741
1769682857005
53293556303
33846730111
1769682858005
53328204780
33876352831
1769682859005
53361304310
33903602597
1769682860005
53399864328
33935111633
1769682861005
53434398507
33963899344
1769682862005
53470610578
33992621370
1769682863005
53509506485
34023148829
1769682864005
53542621166
34051251730
1769682865005
53572877079
34077918320
1769682866005
53604060479
34105041963
1769682867005
53634912918
34130908454
1769682868005
53668014218
34159649140
1769682869005
53703849096
34190359298
1769682870005
53738935645
34219865386
1769682871005
53778751869
34249945587
1769682872005
53814206395
34280921753
1769682873005
53848390617
34311691265
1769682874005
53882545421
34339719493
1769682875005
53918038245
34369435028
1769682876005
53953505176
34403160472
1769682877006
53984301145
34431584799
1769682878005
54016238489
34459355045
1769682879005
54048779088
34487416933
1769682880005
54080472029
34515000880
1769682881005
54115978341
34545459510
1769682882005
54150078796
34574350518
1769682883005
54184168693
34604561953
1769682884005
54216977299
34633189180
1769682885005
54252023384
34662699922
1769682886005
54287032529
34690350180
1769682887005
54318695000
34716680727
1769682888005
54347189330
34743285110
1769682889005
54374982174
34767076986
1769682890005
54402548864
34790753007
1769682891005
54431158499
34814776515
1769682892005
54460017541
34840168207
1769682893005
54492800346
34866308075
1769682894005
54522939824
34892610014
1769682895005
54555266414
34927293233
1769682896005
54590208211
34959146673
1769682897006
54627093083
34990758228
1769682898005
54663620491
35022441938
1769682899006
54699441118
35053888981
1769682900004
54738118943
35083392399
1769682901005
54774756666
35112170177
1769682902005
54819094674
35148733884
1769682903005
54855326306
35182064238
1769682904005
54885096068
35210616624
1769682905005
54915159653
35236429575
1769682906005
54943049690
35261507700
1769682907005
54971757861
35287974608
1769682908005
55000447570
35312723145
1769682909005
55027945248
35338417785
1769682910005
55055344038
35365302289
1769682911005
55083479531
35392862418
1769682912005
55113080768
35422639305
1769682913006
55142424770
35452497579
1769682914006
55171641384
35479366169
1769682915005
55200211333
35508585544
1769682916005
55228290783
35536199290
1769682917006
55255886096
35564091692
1769682918005
55289268525
35589915903
1769682919005
55317330398
35617695670
1769682920005
55344923301
35645291213
1769682921034
55373334017
35673157264
1769682922005
55403136797
35702272366
1769682923006
55436882504
35730095314
1769682924005
55466258518
35756019449
1769682925005
55495539245
35784058771
1769682926006
55523260209
35811041674
1769682927005
55551081524
35838049356
1769682928005
55578319800
35862880775
1769682929005
55606514174
35890632636
1769682930005
55635093491
35917436929
1769682931006
55662988807
35944347967
1769682932005
55692280551
35973151333
1769682933005
55723786429
36002051968
1769682934005
55755986500
36028873625
1769682935005
55786046637
36055401779
1769682936005
55813990886
36080230451
1769682937006
55842553679
36106691347
1769682938005
55870072077
36133182989
1769682939005
55897886923
36160266137
1769682940005
55926778998
36188321770
1769682941005
55956885962
36214366275
1769682942005
55988939709
36243376173
1769682943006
56017783631
36269731576
1769682944005
56049745463
36296789259
1769682945005
56080476220
36323910323
1769682946005
56109423530
36350859034
1769682947005
56138916313
36376754484
1769682948005
56167050341
36401354072
1769682949005
56203259848
36428495277
1769682950005
56232829486
36454190726
1769682951005
56262945925
36484776577
1769682952205
56294875029
36505659454
1769682953005
56325827423
36535347112
1769682954005
56356045450
36562070965
1769682955005
56386404903
36589090122
1769682956005
56415458728
36615321095
1769682957005
56445804403
36641339007
1769682958005
56475351246
36667209327
1769682959005
56505395957
36693192709
1769682960005
56535326095
36719653545
1769682961005
56566711328
36747084896
1769682962005
56596517312
36774026008
1769682963005
56626664603
36801975459
1769682964005
56657319130
36828222118
1769682965005
56692909941
36855191869
1769682966005
56724580056
36882489393
1769682967005
56760609428
36909881943
1769682968005
56795731879
36940200687
1769682969005
56827382876
36971900510
1769682970005
56857388374
37003722442
1769682971005
56887576922
37042435574
1769682972005
56924895487
37073991132
1769682973005
56955418002
37099734277
1769682974005
56989743177
37126378452
1769682975005
57020259116
37151811356
1769682976005
57053400255
37178925051
1769682977005
57086785431
37205498216
1769682978005
57120048283
37232286885
1769682979005
57155994025
37261135201
1769682980005
57192899053
37287931407
1769682981005
57227982947
37315022597
1769682982004
57262421794
37343587953
1769682983005
57301589035
37371439815
1769682984005
57338663350
37400803561
1769682985004
57372483943
37428540210
1769682986005
57407054909
37456052657
1769682987004
57439935503
37482694544
1769682988004
57471555053
37508585371
1769682989005
57505616096
37536233279
1769682990005
57540070430
37564043532
1769682991005
57570236366
37589644991
1769682992005
57603719620
37618423319
1769682993005
57640906372
37648121536
1769682994005
57674713568
37675755651
1769682995005
57707142570
37703313018
1769682996005
57744594796
37731656660
1769682997005
57774805560
37758726503
1769682998005
57808563290
37788281707
1769682999005
57840372878
37816787465
1769683000005
57873713637
37847707452
1769683001005
57905217120
37876302408
1769683002005
57938901962
37905719924
1769683003005
57972333446
37934334716
1769683004005
58004846184
37961769027
1769683005005
58039589749
37991472462
1769683006005
58072137672
38020135104
1769683007005
58103754552
38047743829
1769683008005
58134846068
38073986018
1769683009005
58166243721
38101094403
1769683010005
58202591390
38132480521
1769683011005
58233039522
38158858490
1769683012005
58271075336
38188812965
1769683013005
58312275689
38218270243
1769683014005
58346446865
38248095223
1769683015005
58376361471
38273597200
1769683016005
58409052423
38305199936
1769683017006
58439621597
38333483706
1769683018005
58468967431
38358809926
1769683019005
58497854959
38384909147
1769683020005
58525109379
38408245877
1769683021005
58556008584
38435187004
1769683022005
58587914618
38462078756
1769683023006
58619558840
38491679901
1769683024005
58656961523
38524857171
1769683025005
58689103126
38553248479
1769683026005
58720969291
38582043880
1769683027005
58756487672
38612679366
1769683028005
58792622873
38643479729
1769683029005
58824857961
38672776264
1769683030005
58856593350
38702170099
1769683031005
58887823486
38729803924
1769683032005
58919458599
38758452360
1769683033005
58951734579
38787477608
1769683034005
58983702896
38815217964
1769683035005
59013573071
38840535533
1769683036005
59047158706
38869663604
1769683037005
59079610091
38899130876
1769683038005
59111119265
38926877854
1769683039005
59140741207
38952410713
1769683040005
59171523536
38980282975
1769683041005
59203074791
39008425669
1769683042005
59238018861
39039388851
1769683043005
59278386891
39072168299
1769683044005
59312545692
39100585454
1769683045005
59345294258
39127849929
1769683046005
59378092962
39155685037
1769683047005
59407212367
39180186318
1769683048005
59438536140
39215391239
1769683049376
59471751372
39232183507
1769683050007
59503852114
39259624806
1769683051005
59538483654
39289614512
1769683052004
59570051388
39316407972
1769683053005
59606004744
39347267796
1769683054005
59639531926
39374774689
1769683055005
59675217412
39404795232
1769683056005
59707689900
39432538975
1769683057005
59743132327
39462436446
1769683058005
59775410183
39490360387
1769683059005
59815097172
39522858279
1769683060005
59851046714
39552608648
1769683061005
59884711980
39580146576
1769683062005
59916353288
39606594351
1769683063005
59946548382
39634130311
1769683064005
59976871582
39658567310
1769683065005
60005978231
39681492775
1769683066005
60035355267
39705530824
1769683067006
60062756987
39728652522
1769683068005
60091075896
39751635602
1769683069005
60119811196
39774711526
1769683070005
60147105011
39797455467
1769683071005
60175443359
39820983120
1769683072005
60204363632
39846453681
1769683073005
60237894002
39870875804
1769683074005
60276451258
39895417580
1769683075005
60315915556
39920783730
1769683076005
60355481625
39944548691
1769683077005
60395041515
39968018729
1769683078005
60434075797
39991883752
1769683079005
60473503049
40015535330
1769683080005
60513799747
40039130515
1769683081005
60553562645
40062369136
1769683082005
60594283271
40086772643
1769683083005
60633946808
40111144262
1769683084005
60673913537
40135285027
1769683085005
60713020508
40159313204
1769683086005
60752779347
40183077966
1769683087005
60791566984
40206309400
1769683088005
60820016928
40230173446
1769683089005
60848138063
40255271773
1769683090005
60880984509
40278397011
1769683091005
60909588178
40301373072
1769683092005
60936922595
40326899569
1769683093005
60964583839
40350958032
1769683094005
60991870773
40375031464
1769683095005
61022135367
40400712463
1769683096006
61052083784
40426830756
1769683097005
61081246156
40449947374
1769683098005
61111638276
40473945797
1769683099005
61139052431
40497494903
1769683100005
61166488513
40520718983
1769683101006
61193642962
40549199047
1769683102198
61223601694
40568862214
1769683103005
61251358330
40597425023
1769683104005
61278894763
40621537606
1769683105005
61305922098
40645447640
1769683106005
61339266275
40668537266
1769683107005
61367137697
40691547032
1769683108005
61394606553
40714650741
1769683109005
61422505546
40738096535
1769683110005
61449932762
40761570800
1769683111005
61477503679
40784707131
1769683112005
61507625809
40811089693
1769683113005
61537801586
40840671278
1769683114005
61568448820
40871795492
1769683115005
61599341540
40903135897
1769683116005
61628570543
40934745545
1769683117005
61657406713
40966186851
1769683118005
61686152587
40997528324
1769683119005
61715250127
41028925428
1769683120005
61743621264
41060773879
1769683121005
61772931485
41092834644
1769683122005
61806415807
41125711194
1769683123005
61835679034
41157624430
1769683124005
61864095106
41188511184
1769683125005
61892117094
41212639423
1769683126005
61922275996
41236169792
1769683127005
61949409618
41258767149
1769683128005
61977672713
41282220633
1769683129005
62009058205
41306463459
1769683130005
62036963134
41337822082
1769683131006
62066166458
41368713581
1769683132005
62103872623
41395176446
1769683133005
62140074867
41425994356
1769683134005
62169203732
41457238727
1769683135005
62198975844
41489861948
1769683136005
62228564142
41522137348
1769683137005
62261228178
41553729297
1769683138005
62292453340
41584787291
1769683139005
62321362627
41615582330
1769683140005
62349545678
41646764113
1769683141006
62377578973
41677855782
1769683142005
62407788409
41709118600
1769683143005
62435433220
41740694024
1769683144005
62464276989
41771994880
1769683145005
62493304800
41803532296
1769683146005
62520928493
41834582891
1769683147005
62548924039
41865764491
1769683148006
62576567706
41896768701
1769683149006
62604518775
41927859775
1769683150005
62632712492
41958834659
1769683151005
62661238177
41989981013
1769683152005
62691995879
42021186354
1769683153005
62726252058
42052793805
1769683154005
62754687324
42083821665
1769683155005
62783828304
42115041654
1769683156005
62811024804
42145813957
1769683157006
62838945021
42176838415
1769683158006
62866621492
42207782844
1769683159006
62893769823
42238879167
1769683160005
62922064029
42269986903
1769683161005
62949786045
42300937695
1769683162005
62980997368
42331946834
1769683163005
63015665924
42363197491
1769683164005
63044779866
42394210764
1769683165005
63074194132
42425390869
1769683166005
63102310857
42456348268
1769683167006
63129810534
42487463739
1769683168006
63158362081
42518322373
1769683169005
63192651720
42549604538
1769683170005
63219994590
42580761298
1769683171005
63249381315
42612006981
1769683172005
63278925960
42643717499
1769683173005
63307499022
42674892462
1769683174005
63336541694
42705998916
1769683175005
63365361127
42737079920
1769683176005
63394130406
42767873692
1769683177006
63422955621
42799085731
1769683178006
63450969401
42830033014
1769683179006
63479714969
42860985820
1769683180005
63507835555
42892034431
1769683181005
63536259683
42923238658
1769683182005
63564922797
42955308167
1769683183006
63594636044
42986332761
1769683184006
63627143792
43017236132
1769683185005
63657292639
43048174931
1769683186005
63685670612
43079323192
1769683187006
63714186181
43110535048
1769683188005
63741722965
43141500015
1769683189005
63769760761
43172495360
1769683190005
63797420387
43203163726
1769683191005
63826036415
43234056096
1769683192005
63855428557
43265818872
1769683193005
63890242247
43297009139
1769683194005
63921009195
43328110481
1769683195005
63949886089
43359035747
1769683196006
63978305640
43390198579
1769683197005
64006489729
43416512206
1769683198005
64038655974
43440455364
1769683199005
64068088427
43463490260
1769683200005
64102030229
43486500072
1769683201010
64129969382
43509427963
1769683202005
64158213222
43534698385
1769683203005
64186491560
43558743070
1769683204005
64214502989
43581994843
1769683205005
64242578564
43605915054
1769683206005
64271498806
43629013683
1769683207005
64299913993
43652297894
1769683208005
64328804894
43675764942
1769683209005
64357554719
43698892958
1769683210005
64384916875
43722078923
1769683211005
64413947524
43745779540
1769683212007
64442261444
43771571419
1769683213006
64470144341
43795820883
1769683214005
64498253589
43820588751
1769683215005
64532073526
43846191172
1769683216005
64574319968
43869485500
1769683217005
64613468136
43893027602
1769683218005
64652502876
43916251483
1769683219005
64692186569
43939740488
1769683220005
64731423340
43963428090
1769683221005
64769925667
43986999991
1769683222005
64809354597
44012810485
1769683223005
64851156634
44037520297
1769683224005
64890812344
44061523267
1769683225005
64929474270
44085688506
1769683226005
64968095320
44109012267
1769683227005
65002159735
44132678630
1769683228005
65032085144
44155733727
1769683229005
65060659991
44180086457
1769683230005
65088853387
44203888479
1769683231006
65119887534
44227296814
1769683232007
65151044309
44253012327
1769683233005
65179182899
44277533047
1769683234006
65208715048
44303310522
1769683235005
65238136225
44333745380
1769683236005
65268158415
44364085715
1769683237005
65297129237
44395130008
1769683238005
65326624966
44425519305
1769683239005
65356324937
44456025922
1769683240005
65385895948
44486690764
1769683241005
65414897363
44517589877
1769683242005
65443274313
44549857816
1769683243006
65472037261
44581068817
1769683244005
65501910044
44611526013
1769683245005
65532037683
44642814312
1769683246005
29046532
44673325826
1769683247005
65281154
44703849135
1769683248005
94979890
44734031656
1769683249005
124517440
44764374294
1769683250004
153646168
44794920643
1769683251005
182991192
44825590184
1769683252005
214156710
44856568196
1769683253005
248948795
44887444849
1769683254004
279767117
44918115077
1769683255005
309374564
44949031951
1769683256005
339364774
44981286829
1769683257005
369554725
45011945720
1769683258005
399199783
45042122428
1769683259005
428867362
45072404935
1769683260005
458749530
45102821956
1769683261005
487093492
45133713928
1769683262005
517459567
45165315932
1769683263005
554187633
45195578222
1769683264005
584519667
45225698963
1769683265005
614994318
45256158249
1769683266005
642220373
45287142029
1769683267006
671110008
45317779116
1769683268006
699867203
45347942947
1769683269005
729462215
45378395748
1769683270005
759039863
45408836724
1769683271005
786514760
45440237627
1769683272005
816361270
45471909894
1769683273005
845000582
45502865797
1769683274005
876231724
45533440159
1769683275005
905381126
45563847705
1769683276005
933558670
45594703394
1769683277005
961691324
45625672572
1769683278005
992562653
45656320630
1769683279005
1024656162
45687230790
1769683280005
1053227118
45717986585
1769683281005
1080986287
45749136738
1769683282005
1110404001
45780701664
1769683283005
1145330326
45811483626
1769683284005
1175188020
45842056813
1769683285006
1204263252
45872413764
1769683286005
1233408397
45902755777
1769683287005
1262444646
45932931279
1769683288005
1291946187
45962883237
1769683289004
1320821159
45993264554
1769683290005
1349653774
46023503256
1769683291005
1377646513
46054508564
1769683292005
1406688438
46086047064
1769683293005
1435674884
46117143631
1769683294006
1469502282
46148269157
1769683295005
1498088237
46179472927
1769683296005
1525893378
46210622210
1769683297006
1553678944
46241657638
1769683298005
1582497583
46272339584
1769683299005
1612313043
46302807537
1769683300005
1641640658
46333160734
1769683301006
1670453652
46364189128
1769683302005
1700891134
46395646394
1769683303005
1731098846
46424618254
1769683304005
1759210658
46447716349
1769683305005
1787189878
46471447253
1769683306005
1815463792
46495185238
1769683307005
1842532582
46518454969
1769683308005
1873142388
46542105510
1769683309005
1903404755
46567160855
1769683310005
1941314934
46594485797
1769683311005
1972359761
46625474673
1769683312005
2005451723
46657235207
1769683313005
2042666764
46689208605
1769683314005
2074374215
46720623820
1769683315005
2103643133
46752468975
1769683316005
2132784418
46783832069
1769683317005
2164288861
46815589048
1769683318005
2195667594
46845848729
1769683319005
2227030429
46876419581
1769683320005
2257163483
46906726531
1769683321006
2287189381
46936686881
1769683322005
2318524095
46965553827
1769683323005
2346827090
46990716847
1769683324005
2374359602
47014547310
1769683325005
2405050840
47039308512
1769683326005
2436355297
47062296596
1769683327005
2464546008
47085612437
1769683328006
2493843489
47109394502
1769683329005
2523219121
47135138517
1769683330005
2551595141
47158722029
1769683331005
2578488602
47181902822
1769683332005
2610047563
47206619409
1769683333005
2639442435
47230283178
1769683334005
2672325912
47255206252
1769683335005
2704684529
47279989333
1769683336005
2743806850
47303631680
1769683337005
2778021817
47331580415
1769683338005
2815566063
47356202310
1769683339005
2854918810
47380583618
1769683340005
2893829228
47403938977
1769683341005
2936388810
47427744509
1769683342005
2975060211
47453820599
1769683343005
3017730093
47478771899
1769683344005
3056873988
47503382626
1769683345005
3095522517
47527560606
1769683346005
3133769761
47550645761
1769683347005
3171596510
47573792574
1769683348005
3208762297
47597161971
1769683349007
3247469524
47621217078
1769683350005
3285950154
47644504067
1769683351005
3315893766
47668422538
1769683352006
3344932150
47693257939
1769683353005
3375777220
47717537048
1769683354005
3407410502
47743234129
1769683355005
3436165759
47768477926
1769683356005
3463592304
47792147097
1769683357005
3497037413
47816767604
1769683358005
3524636633
47839893574
1769683359005
3552396138
47863648633
1769683360005
3579246052
47886488272
1769683361005
3605930296
47909560580
1769683362005
3633503699
47934799937
1769683363005
3661716336
47958905318
1769683364005
3691869546
47984301237
1769683365006
3728991604
48008197111
1769683366005
3767786091
48031311929
1769683367005
3806356271
48054411076
1769683368005
3845457124
48077784241
1769683369005
3884856087
48101712417
1769683370005
3923714902
48124718475
1769683371005
3962349913
48148215658
1769683372004
4002925848
48173302068
1769683373005
4044711773
48202095546
1769683374005
4083850496
48226372123
1769683375005
4122345255
48250092713
1769683376005
4160667278
48272984047
1769683377005
4199365350
48298183244
1769683378005
4239222588
48324452683
1769683379005
4268909346
48348998411
1769683380005
4296031631
48372175786
1769683381005
4323809736
48396914314
1769683382005
4351000041
48422335454
1769683383005
4378368132
48446517980
1769683384005
4407977288
48472552858
1769683385005
4445386975
48497035311
1769683386005
4483580312
48521182530
1769683387005
4519361940
48546792519
1769683388005
4557856073
48574372757
1769683389005
4596275626
48600578555
1769683390005
4634152741
48624936045
1769683391005
4672443973
48648928457
1769683392005
4711067388
48675373226
1769683393005
4749839339
48700313891
1769683394005
4788840145
48724522921
1769683395005
4827804240
48748754364
1769683396005
4866090499
48772053620
1769683397005
4901368277
48798011796
1769683398005
4932352758
48827898236
1769683399005
4970139195
48852600892
1769683400005
5002176021
48877114227
1769683401005
5028905260
48900721145
1769683402005
5058407793
48926155499
1769683403005
5091845090
48950552369
1769683404005
5126235691
48973629133
1769683405005
5153066213
48997487137
1769683406005
5179552941
49020324594
1769683407005
5205999633
49043314021
1769683408005
5232844924
49066347422
1769683409005
5259515511
49089774830
1769683410005
5286093635
49113044851
1769683411005
5312627084
49136075902
1769683412005
5340162861
49161354349
1769683413005
5369918799
49184519625
1769683414005
5399317898
49207574295
1769683415005
5427052608
49230931958
1769683416005
5453589536
49253733300
1769683417005
5480482829
49276481956
1769683418005
5507866087
49299379591
1769683419005
5535801379
49322516761
1769683420005
5567371402
49345923936
1769683421005
5593959611
49369233598
1769683422005
5622814747
49393226452
1769683423005
5649882348
49417392393
1769683424005
5679405372
49441446157
1769683425005
5709672301
49467595730
1769683426005
5737349184
49497290391
1769683427006
5774966135
49531727102
1769683428040
5812616165
49559432411
1769683429005
5846089333
49588400990
1769683430005
5873246987
49611488969
1769683431005
5901807293
49635611470
1769683432005
5930593386
49659763053
1769683433005
5963705276
49683864590
1769683434005
5993508529
49706988531
1769683435005
6025713910
49730202342
1769683436005
6053614353
49753021811
1769683437005
6080596905
49775778446
1769683438005
6108396951
49800419109
1769683439005
6135869468
49826085979
1769683440005
6163235850
49848827433
1769683441006
6189956362
49872324921
1769683442005
6217341863
49897082110
1769683443005
6245403476
49921109569
1769683444005
6275534746
49944177437
1769683445005
6303527164
49967266789
1769683446005
6330731293
49989977086
1769683447005
6357653546
50012715793
1769683448005
6386449100
50035880184
1769683449005
6414130728
50058848524
1769683450006
6441194605
50081647577
1769683451005
6474771375
50105123353
1769683452005
6503208351
50129943053
1769683453005
6530515990
50153811234
1769683454005
6558651788
50176742848
1769683455005
6585848440
50199950480
1769683456005
6612900890
50223036124
1769683457005
6639513420
50245797551
1769683458005
6666598277
50268880921
1769683459005
6693452830
50292258054
1769683460005
6720300548
50315125081
1769683461005
6747787392
50338442524
1769683462005
6776646923
50362448256
1769683463005
6809306382
50386489646
1769683464005
6837563084
50409318147
1769683465005
6864750796
50432556874
1769683466005
6892951180
50455679214
1769683467005
6924241768
50478485773
1769683468005
6952344136
50502036680
1769683469005
6981295672
50527359909
1769683470005
7009170497
50554962760
1769683471005
7038461768
50586272436
1769683472005
7078955920
50621422275
1769683473006
7114047062
50654690040
1769683474005
7143153650
50686205546
1769683475005
7172530152
50719009468
1769683476005
7215136866
50753230125
1769683477006
7253359361
50787358304
1769683478005
7281166608
50818363933
1769683479005
7313827074
50853707763
1769683480005
7340903601
50884161785
1769683481005
7371897054
50915800576
1769683482004
7406025477
50947034724
1769683483005
7435536753
50979176357
1769683484005
7470515611
51016730140
1769683485005
7497908299
51047511049
1769683486005
7524746144
51077932694
1769683487005
7551411879
51108134867
1769683488005
7579762540
51139299927
1769683489006
7606960429
51170035520
1769683490005
7633863045
51200504602
1769683491005
7661900825
51232228898
1769683492005
7690320528
51263297833
1769683493005
7725876932
51295218179
1769683494005
7754459850
51325743426
1769683495005
7782966784
51356194945
1769683496005
7809712257
51386695901
1769683497005
7838449541
51418402879
1769683498005
7872652286
51448934275
1769683499005
7899619809
51479499436
1769683500005
7926596304
51509777747
1769683501005
7953867110
51540334547
1769683502005
7982675587
51571098718
1769683503005
8013216000
51604470695
1769683504005
8040174796
51634939563
1769683505005
8067028250
51665187282
1769683506005
8094291229
51695254849
1769683507005
8121600868
51725520420
1769683508005
8149279841
51755929370
1769683509005
8176295534
51786530601
1769683510005
8205539413
51818794329
1769683511005
8232489313
51849198289
1769683512005
8262310174
51880017130
1769683513005
8291413543
51911140749
1769683514005
8324244395
51941511356
1769683515005
8351387614
51971916949
1769683516005
8382098459
52005312088
1769683517005
8409309912
52035850730
1769683518005
8436546265
52066423002
1769683519007
8463980973
52097225532
1769683520005
8490870910
52127691547
1769683521005
8518545443
52159192374
1769683522005
8548192835
52190067792
1769683523005
8581373950
52220916721
1769683524005
8609835827
52251560721
1769683525005
8637227644
52282177134
1769683526005
8663917869
52312410128
1769683527005
8691913262
52343877617
1769683528005
8718760507
52374209087
1769683529005
8752120644
52404842665
1769683530005
8780279817
52435198715
1769683531005
8807227551
52465834811
1769683532004
8837943400
52496577728
1769683533005
8865444526
52527591948
1769683534005
8894182297
52558082345
1769683535005
8925418857
52591693979
1769683536005
8952383130
52622158819
1769683537005
8980140636
52652635087
1769683538005
9007420368
52683091169
1769683539005
9035442204
52713990618
1769683540004
9062291554
52744274712
1769683541005
9089016567
52774871259
1769683542005
9122925778
52808798093
1769683543005
9150267336
52839470121
1769683544005
9178777596
52869812485
1769683545005
9213235210
52900060250
1769683546005
9240102366
52930387233
1769683547005
9267564279
52960893697
1769683548005
9294743248
52991197611
1769683549006
9322764336
53021904031
1769683550005
9349522916
53052184966
1769683551005
9380515118
53086086945
1769683552005
9409660217
53117111159
1769683553005
9442868690
53147988697
1769683554005
9470935537
53178860178
1769683555005
9498230664
53209539438
1769683556005
9525502753
53239743107
1769683557005
9552812604
53270035822
1769683558005
9579634032
53300324874
1769683559005
9614270562
53335412156
1769683560005
9643164469
53365835906
1769683561005
9675470842
53396162768
1769683562005
9706057121
53426824451
1769683563005
9733365920
53457517093
1769683564005
9761775568
53487877950
1769683565005
9790162802
53518169031
1769683566005
9821770299
53551685075
1769683567005
9848823770
53581993322
1769683568005
9876503750
53612265407
1769683569005
9904595926
53642998040
1769683570005
9931889558
53673260788
1769683571005
9959401532
53703581623
1769683572005
9989476180
53734309084
1769683573005
10018573170
53764654942
1769683574005
10046627170
53795056140
1769683575005
10074619710
53825342004
1769683576005
10108468256
53857869527
1769683577005
10137231722
53888207619
1769683578005
10164871757
53918697360
1769683579005
10193251805
53949321875
1769683580005
10220409733
53979720434
1769683581005
10247626434
54010236693
1769683582005
10276503878
54041016336
1769683583005
10309928159
54071984721
1769683584005
10338685461
54102413292
1769683585005
10370885258
54136060188
1769683586005
10397831587
54166359479
1769683587005
10424764963
54196616459
1769683588005
10452390457
54226892008
1769683589005
10480224696
54257525327
1769683590005
10507676279
54288033210
1769683591005
10535073864
54318612927
1769683592005
10568909517
54349974419
1769683593005
10596546515
54380895213
1769683594005
10628588758
54414905326
1769683595005
10657159012
54445323248
1769683596005
10684140863
54475565763
1769683597005
10711080876
54505909744
1769683598005
10738491064
54536232166
1769683599005
10766576587
54566882559
1769683600005
10793881846
54597417616
1769683601005
10821157413
54628029558
1769683602005
10854427588
54663057273
1769683603005
10882761786
54693869354
1769683604005
10910720026
54724359400
1769683605005
10938013644
54755217958
1769683606005
10964700969
54785759026
1769683607005
10992653274
54816234928
1769683608005
11025195567
54846715774
1769683609005
11054692088
54878636685
1769683610005
11082421871
54909298857
1769683611005
11109518187
54939794609
1769683612005
11138732710
54970670805
1769683613005
11171979831
55001867571
1769683614005
11200524696
55032266939
1769683615005
11228473491
55063008589
1769683616005
11255531296
55093460079
1769683617005
11283632901
55124971587
1769683618005
11310564446
55155470513
1769683619005
11337928540
55186166206
1769683620005
11365078136
55216751020
1769683621005
11391975290
55247467312
1769683622005
11419155265
55278992232
1769683623005
11451256923
55310095589
1769683624005
11482516353
55341668937
1769683625005
11510626289
55372383948
1769683626005
11537867022
55402800160
1769683627005
11564927955
55433147742
1769683628005
11592092260
55463514916
1769683629005
11619884616
55494548498
1769683630005
11647079773
55525198570
1769683631005
11675533563
55557084601
1769683632005
11703351277
55588421283
1769683633005
11730454352
55619345633
1769683634005
11758108897
55649901090
1769683635005
11785641119
55680678154
1769683636005
11812484397
55711112021
1769683637005
11842831689
55744429511
1769683638005
11879654324
55783571835
1769683639005
11914083314
55814381323
1769683640005
11941481708
55844926466
1769683641005
11969147743
55875445777
1769683642005
11998514724
55906178196
1769683643005
12031546951
55937141790
1769683644005
12059883483
55967797248
1769683645005
12093066551
56002049383
1769683646005
12120093031
56032355860
1769683647005
12147222960
56062829748
1769683648005
12174208366
56093208441
1769683649005
12201838987
56124217320
1769683650005
12229303188
56154785014
1769683651005
12261739575
56190029636
1769683652005
12298993600
56229029893
1769683653005
12326642408
56259887733
1769683654005
12355185503
56290680208
1769683655005
12387598805
56321380540
1769683656005
12414882031
56351913598
1769683657005
12441703703
56382321190
1769683658005
12470556367
56413698886
1769683659005
12498062300
56444660755
1769683660005
12524983713
56475085879
1769683661005
12552499441
56505794007
1769683662005
12580028169
56537233757
1769683663005
12607344048
56568090514
1769683664005
12635356286
56598573801
1769683665005
12673093379
56636948830
1769683666005
12707214173
56673173947
1769683667005
12734129178
56703551542
1769683668005
12761094473
56733938474
1769683669005
12789441198
56764654354
1769683670005
12821009405
56795119591
1769683671005
12852132948
56826592008
1769683672005
12880982377
56857661904
1769683673005
12908573358
56890330457
1769683674005
12936667593
56921108970
1769683675005
12964125142
56951824240
1769683676005
12991527274
56982299226
1769683677005
13023636118
57015640077
1769683678005
13063311053
57057553635
1769683679005
13091961610
57088331631
1769683680005
13119064303
57118641846
1769683681005
13146394586
57149342224
1769683682005
13175485519
57180205679
1769683683006
13202459512
57211103236
1769683684005
13232154189
57242979196
1769683685005
13259471029
57273655207
1769683686005
13293193299
57304244613
1769683687005
13320004184
57334612717
1769683688005
13346994258
57365052550
1769683689004
13378775451
57399464954
1769683690005
13412039570
57435905605
1769683691005
13439743551
57466530181
1769683692005
13468157761
57497721439
1769683693005
13497127012
57528151430
1769683694005
13524821625
57558655773
1769683695005
13554311128
57590013511
1769683696005
13581567882
57620483737
1769683697005
13608525945
57650816595
1769683698005
13635290521
57681134852
1769683699005
13662667661
57711798595
1769683700005
13695928484
57747790416
1769683701005
13729793172
57783209697
1769683702005
13762686918
57814361330
1769683703005
13795663621
57845210763
1769683704005
13824198675
57875615242
1769683705005
13852831060
57907209738
1769683706069
13880394637
57937856683
1769683707005
13907019358
57968203960
1769683708005
13933744920
57998688925
1769683709005
13961288357
58029492187
1769683710004
13988032396
58060242016
1769683711005
14026394914
58101140688
1769683712005
14053622113
58132681767
1769683713005
14080599020
58163605155
1769683714005
14108102709
58194169401
1769683715005
14135301269
58225125793
1769683716005
14163744424
58256622562
1769683717005
14195416706
58287068253
1769683718005
14223444309
58317573191
1769683719005
14250547476
58348340551
1769683720005
14278431395
58380054777
1769683721017
14316334556
58420102312
1769683722006
14345919360
58450838501
1769683723005
14373178708
58481678214
1769683724005
14400121452
58512325982
1769683725005
14428528293
58544021868
1769683726005
14455342214
58574488753
1769683727005
14482292694
58605075519
1769683728005
14509043904
58635599804
1769683729005
14535825707
58666368568
1769683730005
14569785499
58703041568
1769683731005
14606972891
58741959218
1769683732005
14644770589
58767138504
1769683733005
14684986084
58795682316
1769683734005
14722501921
58818732851
1769683735006
14760805848
58842782556
1769683736005
14789762297
58872043204
1769683737005
14823149670
58897784412
1769683738005
14859959167
58920541154
1769683739005
14897091158
58943430870
1769683740005
14941156674
58978865271
1769683741006
14980427837
59007354932
1769683742005
15018090348
59032428358
1769683743005
15055312255
59056399820
1769683744005
15092577890
59079172675
1769683745005
15130735692
59102833439
1769683746007
15167823831
59125246617
1769683747005
15204869767
59148024660
1769683748005
15242950225
59170649741
1769683749005
15287499618
59204634479
1769683750005
15326169890
59230798501
1769683751005
15363498526
59253869756
1769683752005
15400997335
59279405560
1769683753005
15438508624
59304201138
1769683754005
15475905570
59326927731
1769683755005
15513148014
59349812228
1769683756005
15551733375
59372759726
1769683757005
15591167218
59402478969
1769683758040
15632348377
59432957816
1769683759005
15669481833
59456007344
1769683760005
15705007675
59480321135
1769683761005
15756242422
59525371295
1769683762005
15797287174
59556264839
1769683763005
15833150172
59586025126
1769683764005
15865587444
59616340376
1769683765005
15894503521
59646706893
1769683766005
15921645443
59676946907
1769683767005
15948880775
59707348945
1769683768005
15996199876
59750026501
1769683769031
16057919829
59802243848
1769683770073
16087027714
59830607524
1769683771005
16127079857
59864270029
1769683772005
16160118538
59896153420
1769683773005
16188648282
59926821680
1769683774005
16216572513
59957142667
1769683775005
16244732220
59987013879
1769683776005
16272014836
60017308974
1769683777005
16299180011
60047630969
1769683778005
16326676331
60078161555
1769683779005
16353808702
60108629813
1769683780005
16387556911
60138993111
1769683781005
16415217696
60169445729
1769683782005
16445372082
60201147398
1769683783005
16472623419
60232018452
1769683784005
16500602365
60262265758
1769683785005
16528187623
60292556825
1769683786005
16555469461
60322779535
1769683787005
16582212600
60353084578
1769683788005
16609183404
60383384205
1769683789005
16636868770
60413978097
1769683790004
16663888278
60444504076
1769683791005
16692686486
60473394870
1769683792005
16720044752
60504820307
1769683793005
16753458002
60535839165
1769683794005
16781644670
60566200678
1769683795005
16810889343
60596523161
1769683796005
16843605165
60626787709
1769683797005
16870440203
60656986572
1769683798005
16898413106
60687964096
1769683799005
16927248193
60719175570
1769683800005
16954737967
60749733210
1769683801005
16981822596
60780253055
1769683802005
17010940429
60810992935
1769683803005
17039850280
60841480418
1769683804005
17067758673
60871657828
1769683805005
17095688854
60901918271
1769683806006
17122525265
60932102746
1769683807005
17150801696
60962712796
1769683808005
17178485445
60993432826
1769683809005
17206279448
61023655750
1769683810005
17242026562
61049118697
1769683811005
17280906555
61072798305
1769683812004
17319086633
61098143338
1769683813005
17356080463
61122210285
1769683814005
17393105358
61144886892
1769683815005
17430139865
61167664874
1769683816005
17467391692
61209328216
1769683817789
17501351560
61214333405
1769683818005
17538170945
61237341462
1769683819005
17575682021
61261431006
1769683820005
17612682198
61284578994
1769683821005
17649481229
61307416146
1769683822005
17687621453
61330941129
1769683823005
17724853521
61358788535
1769683824005
17761868346
61382642846
1769683825005
17798904929
61406526972
1769683826005
17835636534
61429398012
1769683827005
17875135255
61452112963
1769683828005
17912056075
61475092381
1769683829005
17948642760
61498412265
1769683830005
17985742892
61521438144
1769683831005
18022415556
61544421437
1769683832005
18060010246
61569545702
1769683833005
18097478019
61595153387
1769683834005
18134869427
61618770497
1769683835005
18171481257
61642267817
1769683836005
18208086405
61665029778
1769683837005
18244979059
61687742562
1769683838005
18281947041
61710719828
1769683839005
18318793448
61734577085
1769683840005
18356046847
61757749333
1769683841005
18393092020
61780368509
1769683842005
18431515005
61805459527
1769683843005
18506320921
61853511684
1769683845005
18543795133
61878649575
1769683846005
18580470788
61901369362
1769683847005
18617430684
61924106727
1769683848005
18654320316
61947125053
1769683849005
18691170690
61970350521
1769683850005
18728144395
61993306579
1769683851005
18764097263
62016761909
1769683852005
18801365309
62041567205
1769683853005
18840268983
62065768255
1769683854005
18877629615
62089091267
1769683855005
18914750726
62112237928
1769683856005
18952203425
62136006093
1769683857005
18989483510
62159637271
1769683858005
19028236145
62182426239
1769683859005
19065915822
62206262698
1769683860005
19102904723
62229172890
1769683861005
19139736055
62252362365
1769683862005
19177495195
62280230522
1769683863005
19214256691
62304326261
1769683864005
19252811918
62328543133
1769683865005
19289728268
62351548855
1769683866005
19326101692
62374411076
1769683867005
19362539962
62397194063
1769683868005
19399268989
62419975462
1769683869005
19436257906
62443616207
1769683870005
19473669393
62467498700
1769683871005
19510638306
62490604637
1769683872005
19548530496
62514078201
1769683873005
19585636808
62538182575
1769683874005
19624862639
62562479079
1769683875005
19661895285
62585359884
1769683876005
19698384197
62608165712
1769683877005
19734866792
62630996974
1769683878005
19771694371
62653759515
1769683879005
19808562551
62677359734
1769683880005
19845388924
62700516389
1769683881005
19882264138
62723336620
1769683882005
19920347602
62749010936
1769683883005
19960083188
62773254586
1769683884005
19997945671
62796526332
1769683885005
20035204349
62819228863
1769683886005
20069705082
62843532034
1769683887005
20096212073
62873897941
1769683888005
20123202071
62904176481
1769683889005
20151089927
62934785677
1769683890005
20183802606
62965172930
1769683891005
20210414068
62995707697
1769683892005
20239884315
63026786091
1769683893005
20267367819
63057571563
1769683894005
20296953874
63163538526
1769683897453
20408978461
63210536065
1769683899005
20436345011
63241227761
1769683900004
20464242235
63270021560
1769683901005
20491121918
63300490199
1769683902005
20520213950
63331173579
1769683903005
20549664789
63361953588
1769683904005
20577748755
63392377643
1769683905005
20609333731
63422612713
1769683906005
20638407361
63452843999
1769683907005
20665161791
63483331512
1769683908008
20693525116
63514059324
1769683909006
20721375574
63544510279
1769683910005
20748015829
63574715443
1769683911005
20775467076
63605117328
1769683912005
20803990733
63635917631
1769683913005
20838513010
63666354579
1769683914005
20867021012
63696784554
1769683915004
20894622230
63727097241
1769683916005
20921134745
63757366260
1769683917005
20947806827
63787645883
1769683918005
20974977434
63817954512
1769683919005
21001992532
63848537067
1769683920005
21031290791
63938239688
1769683923063
21181035214
64028177283
1769683926005
21207535476
64058586736
1769683927005
21243839873
64082964748
1769683928005
21280513331
64105597443
1769683929005
21317590560
64128737802
1769683930005
21354360265
64151864841
1769683931005
21391455759
64174934494
1769683932005
21428856993
64198982750
1769683933005
21466515583
64224476534
1769683934005
21503958318
64247356362
1769683935005
21540924912
64270739354
1769683936005
21577760440
64293535172
1769683937005
21616594858
64316178395
1769683938005
21653277424
64338874106
1769683939005
21690240478
64362182089
1769683940005
21724251827
64387487864
1769683941005
21753465175
64415309057
1769683942005
21781711975
64446267218
1769683943005
21814408007
64477111418
1769683944005
21842852215
64507536526
1769683945005
21870681373
64538034064
1769683946005
21899574440
64568510744
1769683947005
21927855357
64598983442
1769683948005
21954558718
64629255634
1769683949005
21982326386
64659433746
1769683950005
22009339531
64689913218
1769683951005
22036807044
64720274899
1769683952005
22070567734
64750981746
1769683953005
22100680633
64781507709
1769683954005
22127601344
64812184422
1769683955005
22154669341
64842861607
1769683956005
22181086753
64873077360
1769683957005
22207489226
64903274773
1769683958005
22234129191
64933506822
1769683959005
22262922425
64964787950
1769683960005
22289960166
64995230299
1769683961005
22317098487
65025685664
1769683962005
22345229647
65056866409
1769683963005
22371960183
65087708442
1769683964005
22399950007
65118042826
1769683965005
22427602416
65148577975
1769683966005
22455768684
65176932786
1769683967006
22482365743
65206065038
1769683968005
22515722829
65236341335
1769683969005
22543714942
65266686934
1769683970004
22570781077
65297055908
1769683971005
22598879295
65327991136
1769683972005
22627734797
65359176642
1769683973005
22662660512
65390045834
1769683974005
22690527555
65420620806
1769683975005
22718232772
65451179544
1769683976005
22744874613
65481697284
1769683977005
22771641494
65512029089
1769683978005
22798377034
9680590
1769683979005
22825746148
40308325
1769683980005
22852684010
70800171
1769683981005
22880091070
101309732
1769683982005
22908361917
132513029
1769683983005
22937142243
163408160
1769683984005
22971644182
194166411
1769683985005
23000708307
225199733
1769683986005
23027474653
255480562
1769683987005
23055781234
279879004
1769683988005
23082499716
307370060
1769683989005
23109291421
338052998
1769683990006
23136423578
368339395
1769683991005
23163583642
399248243
1769683992005
23192097045
430185760
1769683993005
23222373510
460424370
1769683994005
23259042374
483747978
1769683995005
23295848515
507094411
1769683996005
23329441810
532422905
1769683997005
23357907089
563389352
1769683998005
23386257735
594503343
1769683999005
23418469356
624880450
1769684000005
23447643232
655151757
1769684001005
23475231176
685797496
1769684002005
23502232572
717184377
1769684003005
23536490947
747665253
1769684004005
23564246272
777906517
1769684005005
23594138876
808388446
1769684006005
23621131208
838759571
1769684007005
23649706116
869824722
1769684008133
23676735739
896255804
1769684009005
23703385957
926868464
1769684010005
23730254838
957170425
1769684011005
23757518717
988132492
1769684012005
23784680246
1019486233
1769684013005
23811494701
1050292562
1769684014005
23838053172
1080930519
1769684015005
23871593430
1111528043
1769684016005
23898454559
1141936153
1769684017005
23924826608
1172253647
1769684018005
23951425330
1202493569
1769684019005
23978885763
1232804074
1769684020005
24006107759
1263037648
1769684021005
24034125475
1293623591
1769684022005
24064388940
1324709981
1769684023005
24091811655
1355721210
1769684024005
24121442569
1386179748
1769684025005
24149785586
1416502963
1769684026005
24176685089
1446891666
1769684027005
24203138784
1477092908
1769684028005
24231813647
1504031365
1769684029005
24259065503
1534366436
1769684030004
24288332758
1564741421
1769684031005
24322067814
1595528998
1769684032004
24351019915
1626483391
1769684033005
24383837935
1657321244
1769684034005
24411178837
1687889655
1769684035005
24438445860
1718360552
1769684036005
24465285063
1748728992
1769684037005
24491727619
1779125583
1769684038005
24518333650
1809380412
1769684039005
24544940123
1839910480
1769684040005
24572259572
1870218635
1769684041005
24600140287
1900799344
1769684042005
24629521992
1931573342
1769684043005
24656362187
1962418640
1769684044005
24683886643
1992687827
1769684045005
24711302400
2023000315
1769684046005
24742779135
2053402567
1769684047005
24771560560
2083687103
1769684048005
24800277627
2114050660
1769684049005
24827881378
2144422732
1769684050005
24856799102
2174841538
1769684051005
24884451145
2205346903
1769684052005
24913759047
2236135762
1769684053005
24943016598
2280313943
1769684054693
24970674759
2288211011
1769684055005
24997298825
2317537665
1769684056005
25026405169
2347929145
1769684057005
25053140511
2378245952
1769684058005
25079758901
2408432806
1769684059005
25106532205
2438889178
1769684060005
25133912274
2469993068
1769684061005
25161808125
2500429300
1769684062005
25196131469
2531311186
1769684063005
25228766973
2562103814
1769684064005
25257138415
2592368622
1769684065005
25284477287
2622698932
1769684066005
25311485397
2652989754
1769684067005
25338076414
2683360117
1769684068005
25364618834
2713589892
1769684069005
25391435730
2743967410
1769684070005
25420014193
2774355014
1769684071006
25448045290
2805075685
1769684072005
25476480999
2836143841
1769684073005
25503395943
2866807127
1769684074005
25534525513
2901830432
1769684075423
25589986039
2949643724
1769684077005
25617575448
2979862544
1769684078005
25649447213
3010051718
1769684079006
25676370336
3040658884
1769684080005
25702868736
3070834280
1769684081005
25730547938
3101188408
1769684082005
25760704918
3132639815
1769684083005
25787639117
3163437493
1769684084005
25814729712
3193766674
1769684085005
25842369609
3224022342
1769684086005
25869664203
3254250973
1769684087005
25897119402
3284481724
1769684088005
25925517043
3314850942
1769684089005
25952813116
3345207695
1769684090005
25979514037
3375532054
1769684091005
26007244139
3405932780
1769684092005
26035953379
3436657647
1769684093005
26071270110
3467459689
1769684094005
26103169980
3495709616
1769684095005
26131729172
3520876482
1769684096005
26160313601
3551032988
1769684097005
26189957759
3581381440
1769684098005
26216659808
3611647453
1769684099005
26245375593
3642510893
1769684100005
26273018954
3672903837
1769684101005
26300573254
3703510378
1769684102005
26330027679
3734983055
1769684103005
26357783629
3765857267
1769684104005
26385388158
3796079962
1769684105005
26413048822
3826334303
1769684106005
26439581919
3856556235
1769684107005
26466545246
3886819212
1769684108005
26493378286
3917085026
1769684109005
26526774843
3947713585
1769684110005
26553326113
3977938508
1769684111005
26580046213
4008509040
1769684112005
26607846762
4040068611
1769684113005
26634631555
4070800710
1769684114005
26662159581
4100964937
1769684115005
26691249126
4143477219
1769684116621
26718070508
4155067882
1769684117005
26745212522
4185253501
1769684118005
26773392934
4215597818
1769684119005
26800452310
4245984460
1769684120005
26828118985
4276367487
1769684121005
26855167605
4306630784
1769684122005
26884781354
4337767464
1769684123005
26918944580
4369029855
1769684124005
26947612653
4399794057
1769684125005
26980417048
4431024986
1769684126005
27006930158
4461262405
1769684127005
27033993089
4491592624
1769684128005
27060715432
4521874154
1769684129005
27088126352
4552216976
1769684130005
27115004647
4582468677
1769684131005
27142144753
4612771156
1769684132005
27171391166
4644325936
1769684133005
27198454631
4674952099
1769684134005
27225892925
4705327237
1769684135005
27253023220
4735624407
1769684136005
27279729267
4765878885
1769684137005
27307076180
4796809948
1769684138005
27333778611
4826807054
1769684139005
27361327464
4857163242
1769684140005
27394212055
4919600168
1769684142045
27461835481
4943135556
1769684143005
27491382323
4967598952
1769684144005
27519419020
4992343049
1769684145005
27548189947
5017721207
1769684146005
27576143473
5044573914
1769684147005
27606098421
5076036734
1769684148005
27643857272
5110245887
1769684149005
27672983787
5144446694
1769684150005
27701022605
5175631544
1769684151005
27729936179
5208050567
1769684152005
27772035137
5254225807
1769684153005
27814071888
5289472306
1769684154005
27847965613
5325114048
1769684155005
27876105881
5356087376
1769684156005
27913809330
5390297261
1769684157005
27941516027
5421204156
1769684158005
27970144582
5456667166
1769684159005
27999591484
5492523863
1769684160005
28027263347
5523052954
1769684161005
28054877367
5553261292
1769684162005
28084314779
5584171223
1769684163005
28112103503
5615197542
1769684164005
28146050539
5655684584
1769684165005
28174267967
5686227026
1769684166005
28201166906
5716603781
1769684167005
28228991456
5747489971
1769684168005
28256479704
5777900843
1769684169005
28286303296
5808942039
1769684170005
28315585290
5847044133
1769684171005
28343143969
5880229795
1769684172005
28376789690
5911642416
1769684173005
28404559906
5942514095
1769684174005
28434247488
5974992183
1769684175005
28461186128
6005496693
1769684176005
28488122143
6035763805
1769684177005
28517195973
6067515917
1769684178005
28544976762
6107236107
1769684179005
28572655659
6137972783
1769684180005
28599338178
6168383030
1769684181005
28626416902
6198682763
1769684182005
28656516664
6229590436
1769684183005
28691810737
6260661293
1769684184005
28720153555
6291305186
1769684185005
28748576219
6322016427
1769684186005
28775304573
6352488789
1769684187005
28805617092
6382913943
1769684188005
28835700406
6413386580
1769684189005
28868280859
6447083415
1769684190005
28895634806
6477703169
1769684191005
28923126503
6508231040
1769684192005
28952249432
6539688993
1769684193005
28980322672
6570633987
1769684194005
29008293638
6601015945
1769684195005
29040565925
6634410260
1769684196005
29067503100
6664759521
1769684197005
29094152570
6695080523
1769684198005
29121709586
6725555312
1769684199005
29148899281
6756379065
1769684200005
29176441421
6787047615
1769684201005
29204842311
6818804624
1769684202005
29233546225
6850140574
1769684203005
29267365704
6881044158
1769684204005
29295063399
6911515848
1769684205005
29323305240
6941859647
1769684206005
29351291830
6973056291
1769684207005
29380406764
7005237869
1769684208005
29407996814
7035656828
1769684209005
29435233198
7066195639
1769684210005
29462715160
7096826257
1769684211006
29489502349
7127391800
1769684212005
29520872736
7161328354
1769684213006
29555407480
7191797466
1769684214005
29584004466
7222117111
1769684215005
29612163715
7252614755
1769684216005
29639135770
7282921049
1769684217005
29666010708
7313293411
1769684218005
29693404905
7343702696
1769684219005
29727750038
7374147731
1769684220005
29755240407
7404627280
1769684221005
29782151842
7435169340
1769684222005
29816179944
7469823157
1769684223006
29843824037
7500674299
1769684224005
29872759415
7531110653
1769684225005
29901243202
7561756086
1769684226005
29928192049
7592131652
1769684227005
29955157177
7622475236
1769684228005
29982250106
7652844622
1769684229005
30010364054
7683524035
1769684230005
30042364444
7717380698
1769684231005
30069551042
7748089605
1769684232005
30098964148
7779093068
1769684233005
30126081642
7810040808
1769684234005
30157647011
7840559036
1769684235005
30188419131
7871092506
1769684236005
30216368156
7902746524
1769684237013
30243840750
7933365439
1769684238005
30270740192
7964001108
1769684239005
30298847487
7994640621
1769684240005
30326349987
8025160634
1769684241005
30353660433
8055653259
1769684242005
30382932525
8086747049
1769684243005
30417554956
8119056916
1769684244005
30446542273
8149601235
1769684245005
30474868536
8180285134
1769684246004
30501898327
8210877150
1769684247005
30528666474
8241377892
1769684248005
30555683082
8271839680
1769684249005
30583513949
8302717676
1769684250005
30619231233
8335161860
1769684251005
30647052976
8365798429
1769684252005
30677875753
8396813396
1769684253005
30705244989
8427771786
1769684254005
30733589241
8458188350
1769684255005
30761521680
8488587458
1769684256005
30788690075
8519093907
1769684257005
30817075952
8550853388
1769684258005
30844072984
8581223613
1769684259005
30872278862
8611604961
1769684260005
30899125099
8641824697
1769684261005
30926404450
8672507711
1769684262005
30955623062
8703806614
1769684263005
30983015063
8734662303
1769684264005
31011483577
8765077600
1769684265005
31042825035
8798149544
1769684266005
31076606216
8828811411
1769684267005
31103664021
8859318820
1769684268005
31130859621
8889837109
1769684269005
31159137684
8920392856
1769684270004
31186217613
8950767201
1769684271005
31213560712
8981599499
1769684272006
31247671192
9015107379
1769684273005
31280867564
9046176421
1769684274005
31308977744
9076792147
1769684275005
31336782733
9107258574
1769684276005
31364198597
9137656797
1769684277005
31391498211
9167972765
1769684278005
31420426814
9210026239
1769684279005
31449006300
9244372775
1769684280005
31476936587
9274673256
1769684281005
31507425901
9305348076
1769684282005
31539191516
9336431415
1769684283005
31566255058
9367178405
1769684284005
31594683641
9397350811
1769684285005
31628492013
9430706538
1769684286006
31656325366
9461040815
1769684287005
31683542144
9491247520
1769684288005
31711002318
9521484558
1769684289005
31739041471
9551769567
1769684290005
31766701799
9582045849
1769684291005
31803855472
9621426655
1769684292005
31842091165
9645645419
1769684293005
31879560282
9669586518
1769684294005
31917004940
9692301530
1769684295005
31954593389
9715026414
1769684296005
31991833406
9738039491
1769684297005
32032394327
9762249298
1769684298005
32069329872
9784932970
1769684299005
32106296756
9808193425
1769684300005
32143507493
9830945361
1769684301005
32180979386
9854056578
1769684302005
32219506706
9880131416
1769684303007
32264391958
9920776714
1769684304006
32302038998
9943596640
1769684305005
32334305243
9970711205
1769684306005
32361412209
10001310223
1769684307005
32388317632
10031905534
1769684308005
32415081965
10062483482
1769684309005
32444486191
10094573909
1769684310005
32471878741
10125074575
1769684311005
32499375137
10155905180
1769684312005
32527316746
10187295646
1769684313005
32561341537
10218542657
1769684314005
32593615533
10255439293
1769684315005
32626485827
10289969169
1769684316005
32654063182
10320575283
1769684317005
32681130615
10351200302
1769684318005
32708102990
10381636502
1769684319005
32736630049
10413465148
1769684320005
32764059035
10444097734
1769684321005
32791573344
10474720327
1769684322005
32822119021
10505546537
1769684323005
32849870408
10536605173
1769684324005
32877844639
10567072606
1769684325005
32908991420
10601738645
1769684326006
32936562306
10644751008
1769684327005
32964126295
10675274073
1769684328005
32994259822
10705682351
1769684329005
33025435655
10736117407
1769684330005
33054503243
10767580593
1769684331005
33081872143
10798223662
1769684332005
33110549692
10829471237
1769684333005
33144098707
10860567377
1769684334005
33172768764
10890995552
1769684335005
33200646152
10921321804
1769684336005
33231624348
10968218686
1769684337005
33259228206
11000823094
1769684338005
33286257280
11031214161
1769684339005
33314075681
11061693176
1769684340005
33341221204
11092198739
1769684341005
33370644716
11124112433
1769684342005
33400201308
11155195588
1769684343005
33427694591
11186263699
1769684344005
33461704429
11216610579
1769684345005
33491045945
11250577527
1769684346005
33524001790
11289098118
1769684347005
33551440328
11319534593
1769684348005
33578574926
11349767664
1769684349005
33606557030
11380060989
1769684350005
33634723359
11411167123
1769684351005
33662243009
11441661716
1769684352005
33690694693
11473026442
1769684353005
33719464354
11503634615
1769684354005
33749886410
11538210937
1769684355005
33784592699
11580286673
1769684356005
33812196832
11610551190
1769684357005
33839581875
11640876130
1769684358005
33866385268
11671285156
1769684359005
33896461411
11704173378
1769684360005
33929867703
11734663348
1769684361005
33958104677
11765148038
1769684362005
33988289853
11796185755
1769684363005
34022672321
11828704886
1769684364005
34055102895
11871277468
1769684365005
34082614885
11901820246
1769684366005
34110104903
11932334186
1769684367005
34137461429
11962942360
1769684368005
34165732382
11994089492
1769684369005
34193112955
12024663442
1769684370005
34219962793
12055166884
1769684371005
34247836123
12085728170
1769684372005
34280425547
12134105505
1769684373004
34307932487
12165206299
1769684374005
34335838835
12195721307
1769684375005
34367728055
12227035529
1769684376018
34399003247
12257591749
1769684377005
34426278784
12288292768
1769684378005
34453105689
12318727793
1769684379005
34480217904
12349343062
1769684380005
34514658231
12395701260
1769684381005
34542469079
12426627136
1769684382005
34572377460
12457681881
1769684383005
34600045081
12488790364
1769684384005
34628302317
12520419557
1769684385005
34655462457
12550988548
1769684386005
34682637337
12581409766
1769684387006
34713754334
12617486711
1769684388005
34745257756
12654901692
1769684389005
34772814116
12685229638
1769684390005
34801208155
12715581553
1769684391005
34835570804
12747140697
1769684392005
34864205828
12778639968
1769684393005
34897800084
12810164674
1769684394005
34929465225
12846115162
1769684395005
34961890336
12884116325
1769684396005
34988968800
12914676604
1769684397005
35016468340
12945232381
1769684398005
35044780352
12976649778
1769684399005
35071951142
13007476675
1769684400005
35098793291
13038013014
1769684401005
35133549382
13079746619
1769684402005
35164579317
13112781395
1769684403005
35193806199
13143713587
1769684404005
35222398257
13174748558
1769684405005
35250156160
13205290374
1769684406005
35277051314
13235725644
1769684407005
35314554365
13270876826
1769684408005
35347659357
13309984911
1769684409005
35375394739
13340447508
1769684410005
35418332109
13382786154
1769684411016
35457141839
13425488413
1769684412005
35486538238
13456047685
1769684413005
35514605085
13486887109
1769684414005
35542307021
13516973764
1769684415005
35570299546
13547094612
1769684416005
35599653451
13577783074
1769684417005
35636518580
13616934217
1769684418053
35698115187
13669682709
1769684419065
35743384467
13703330246
1769684420008
35780121810
13731268193
1769684421005
35817043500
13755727958
1769684422005
35855825567
13781190004
1769684423005
35896130642
13809813829
1769684424005
35933362070
13832882216
1769684425005
35970264397
13855802052
1769684426005
36006086321
13878710489
1769684427005
36043169532
13901487525
1769684428005
36079960155
13924076307
1769684429005
36116971715
13947462228
1769684430005
36153772119
13970011203
1769684431005
36190491717
13993135983
1769684432005
36228251299
14017712532
1769684433005
36265369482
14041818357
1769684434005
36303156697
14064771195
1769684435005
36340235117
14087302226
1769684436005
36376831934
14109877505
1769684437005
36413904296
14132326905
1769684438005
36452922466
14154789138
1769684439005
36490925627
14178529548
1769684440005
36527611215
14201084611
1769684441005
36562248782
14224654574
1769684442005
36591305736
14249793075
1769684443005
36618589908
14277156330
1769684444005
36646652941
14307653440
1769684445005
36674130890
14337966066
1769684446005
36700591024
14368271292
1769684447005
36727694053
14398540754
1769684448005
36754734906
14428761130
1769684449005
36785582218
14457946266
1769684450005
36812151859
14488172532
1769684451005
36838788512
14518694696
1769684452005
36866885280
14549786991
1769684453005
36900667606
14580732244
1769684454005
36935555832
14611193926
1769684455005
36962781963
14641548603
1769684456005
36989456075
14671891196
1769684457005
37016193675
14702165936
1769684458005
37043503344
14732446307
1769684459005
37071173315
14762975368
1769684460005
37097874510
14793228106
1769684461005
37125078105
14823884632
1769684462005
37153680233
14854800407
1769684463005
37182744480
14885852283
1769684464005
37211157897
14916243870
1769684465005
37238649151
14946589407
1769684466005
37265480512
14976887416
1769684467005
37296180386
15013759395
1769684468461
37325112331
15030196915
1769684469005
37354825165
15060842959
1769684470005
37386451215
15091169943
1769684471005
37413153768
15121677780
1769684472005
37441001784
15152760615
1769684473005
37468868141
15183696545
1769684474005
37497871356
15214085309
1769684475005
37525621233
15244402985
1769684476005
37552274411
15274716405
1769684477005
37578994663
15304936552
1769684478005
37606452884
15335130715
1769684479005
37634541824
15365443860
1769684480005
37661477458
15395664359
1769684481005
37688318325
15426114535
1769684482005
37716274689
15457115999
1769684483005
37750281063
15488212658
1769684484008
37779450941
15518587170
1769684485005
37812379277
15548779426
1769684486005
37840345863
15579080532
1769684487005
37866973179
15609428298
1769684488005
37894187927
15639694311
1769684489005
37921789527
15670176163
1769684490005
37948503356
15700470236
1769684491005
37975338745
15731030362
1769684492005
38006022522
15760276011
1769684493005
38062692153
15812753736
1769684495005
38090539056
15843309162
1769684496005
38117067454
15873637290
1769684497005
38143979407
15903847200
1769684498005
38174224105
15934168202
1769684499005
38201516486
15964764673
1769684500004
38228626610
15995215964
1769684501005
38261654169
16025759886
1769684502005
38289409081
16056999832
1769684503005
38316862175
16087800409
1769684504005
38343977548
16118538917
1769684505005
38371494329
16149147579
1769684506005
38398045355
16179502881
1769684507005
38425220921
16209778461
1769684508005
38452247691
16240028301
1769684509005
38482707984
16269182860
1769684510005
38519401673
16292152253
1769684511005
38556127206
16315227048
1769684512005
38593348105
16339799798
1769684513005
38632697007
16363700387
1769684514005
38671760905
16387527463
1769684515005
38709448852
16411249487
1769684516006
38746777854
16434073090
1769684517005
38779642609
16461225693
1769684518005
38808666163
16492242873
1769684519256
38836327498
16510037180
1769684520004
38863677357
16540438439
1769684521005
38890828128
16570727065
1769684522005
38920745618
16601145993
1769684523005
38949191062
16631439501
1769684524005
38977894366
16661742332
1769684525005
39006402275
16692095880
1769684526005
39033475094
16722297489
1769684527005
39060388024
16752389347
1769684528005
39091147771
16782615674
1769684529005
39119174947
16813195818
1769684530005
39146749647
16843551685
1769684531005
39173882933
16873988634
1769684532005
39206558810
16905194402
1769684533005
39235177188
16935800989
1769684534005
39263983208
16966192453
1769684535005
39292074727
16996578012
1769684536005
39318903510
17026900297
1769684537005
39345638486
17057235703
1769684538005
39372311316
17087589083
1769684539005
39400476546
17117937352
1769684540005
39427875612
17148242868
1769684541005
39455294878
17178510834
1769684542005
39483806252
17209566693
1769684543005
39517626662
17259775446
1769684544848
39548282349
17263504394
1769684545005
39579581496
17291775683
1769684546005
39607109125
17322103872
1769684547005
39634075107
17352425958
1769684548005
39667354240
17382768353
1769684549005
39695275098
17413201914
1769684550005
39722500787
17443750032
1769684551005
39749472277
17474334327
1769684552005
39777168553
17505699282
1769684553005
39806297906
17536791882
1769684554005
39835472819
17567138655
1769684555005
39863923832
17597591823
1769684556005
39890817567
17627784750
1769684557005
39917478374
17658114190
1769684558005
39944136053
17688378006
1769684559005
39974223425
17718812330
1769684560005
40002198175
17749374043
1769684561005
40029435658
17779988472
1769684562005
40057307340
17811030629
1769684563005
40085931897
17841841963
1769684564005
40118422832
17872622079
1769684565005
40145317345
17903245129
1769684566005
40172436228
17933688181
1769684567005
40199088033
17964005827
1769684568005
40226001131
17994326890
1769684569005
40255741521
18042798932
1769684570734
40283619214
18051030196
1769684571005
40311731957
18082001403
1769684572005
40339661894
18112818977
1769684573005
40372671555
18143371856
1769684574005
40401580307
18173582131
1769684575005
40429726099
18203796465
1769684576005
40460231495
18234408011
1769684577005
40486910459
18264578570
1769684578005
40513697709
18294756086
1769684579005
40548151188
18325574546
1769684580005
40577020713
18355830473
1769684581005
40604212071
18386423267
1769684582005
40631350331
18417677861
1769684583005
40658479940
18448313148
1769684584005
40686611755
18478627162
1769684585005
40714828329
18508787987
1769684586005
40741999409
18538974383
1769684587005
40768681135
18569043614
1769684588005
40795608652
18599066231
1769684589005
40823262999
18645307706
1769684590660
40853991359
18653179415
1769684591005
40881467905
18676320903
1769684592005
40911614539
18706597352
1769684593005
40938873536
18737217122
1769684594005
40967090247
18767523965
1769684595005
41001801144
18797798462
1769684596005
41028956188
18828112446
1769684597005
41055595542
18858283401
1769684598005
41082707406
18888446941
1769684599005
41110089291
18918685368
1769684600005
41137357458
18948910215
1769684601005
41164860323
18979091058
1769684602005
41194317723
19009534185
1769684603005
41222648045
19041906825
1769684604005
41252693839
19072717106
1769684605005
41281730363
19103034813
1769684606005
41311236542
19133483281
1769684607005
41338420607
19163702909
1769684608005
41365481158
19193866892
1769684609005
41392534310
19224333471
1769684610005
41423831901
19258345140
1769684611242
41455760212
19281758678
1769684612005
41483370829
19312918475
1769684613005
41511704843
19343366561
1769684614005
41539568805
19373797635
1769684615005
41567511131
19404175947
1769684616005
41594541517
19434459491
1769684617005
41621254186
19464667097
1769684618005
41647900879
19494793423
1769684619005
41675415036
19525036655
1769684620005
41703987777
19555372046
1769684621005
41732501592
19585822864
1769684622005
41761955818
19616477437
1769684623005
41790328893
19647201419
1769684624005
41818368657
19677602847
1769684625005
41846430514
19707949208
1769684626005
41879017772
19738210476
1769684627005
41906955140
19768561796
1769684628005
41933668648
19798978940
1769684629005
41961171269
19829276613
1769684630005
41991441356
19924725473
1769684633763
42111215558
19962240425
1769684635005
42138992609
19992468171
1769684636005
42166027100
20022593413
1769684637005
42195661126
20053048137
1769684638005
42223342556
20084136755
1769684639005
42250499141
20114401928
1769684640005
42277282378
20144510906
1769684641005
42304578193
20174812318
1769684642005
42338896471
20205757098
1769684643006
42365691655
20236405659
1769684644005
42393972358
20266657086
1769684645005
42421854003
20296805307
1769684646005
42449106973
20326888269
1769684647005
42476305442
20357040504
1769684648005
42503099100
20387099160
1769684649005
42530216274
20417394530
1769684650005
42556954317
20447436021
1769684651005
42587113005
20477610165
1769684652005
42617244167
20508607754
1769684653005
42645565823
20538820394
1769684654005
42673287900
20569130442
1769684655005
42700947496
20599397431
1769684656007
42731960723
20674929215
1769684658609
42819905531
20717139633
1769684660005
42846614966
20747259535
1769684661005
42874493193
20777335708
1769684662005
42905008689
20807640248
1769684663005
42940296904
20838463727
1769684664005
42969460435
20868709355
1769684665005
42997289928
20898838000
1769684666005
43024627214
20928880270
1769684667005
43051667868
20959014133
1769684668005
43078647125
20989017312
1769684669005
43106199686
21019053799
1769684670005
43133161411
21049064606
1769684671005
43160524254
21079399753
1769684672005
43188803889
21110411959
1769684673005
43221093311
21140999824
1769684674005
43250187631
21171186816
1769684675005
43277947792
21201438929
1769684676005
43305341578
21231481076
1769684677005
43332432615
21261708990
1769684678005
43359355966
21291759377
1769684679005
43386773341
21321823542
1769684680005
43413838043
21351869702
1769684681005
43442514050
21382186570
1769684682005
43474709132
21438303358
1769684684227
43614005868
21527749202
1769684688005
43642701177
21557978443
1769684689005
43677515462
21588253138
1769684690005
43704233547
21618399849
1769684691005
43731057020
21648724010
1769684692005
43760202867
21679699123
1769684693005
43793222674
21710385631
1769684694005
43821451622
21740457745
1769684695005
43849667112
21770839383
1769684696005
43876439592
21800958126
1769684697005
43903805960
21831077861
1769684698005
43930920448
21861232475
1769684699005
43958088889
21891456910
1769684700005
43985018648
21921712135
1769684701005
44012233885
21951820884
1769684702005
44042015045
21983335963
1769684703005
44069529445
22014124592
1769684704005
44098693800
22044267229
1769684705005
44130994528
22074622929
1769684706005
44157872167
22104728366
1769684707005
44189220155
22168065774
1769684709532
44270612537
22212814024
1769684711005
44298198497
22242998529
1769684712005
44326994356
22273912351
1769684713006
44357933079
22304384499
1769684714005
44387557600
22334667784
1769684715005
44415620266
22365035416
1769684716005
44442178097
22395196759
1769684717005
44469211275
22425272764
1769684718005
44496378632
22455614960
1769684719005
44524225871
22484927561
1769684720005
44556660656
22514710903
1769684721005
44584795691
22545289888
1769684722005
44613425695
22576077267
1769684723005
44646325605
22606749341
1769684724005
44674587098
22636950156
1769684725005
44702298876
22667430056
1769684726005
44728803884
22697568329
1769684727005
44755770751
22727719769
1769684728005
44784755015
22753638488
1769684729005
44811624567
22783847680
1769684730005
44838321703
22814092561
1769684731005
44865304149
22844135227
1769684732005
44896317819
22874947888
1769684733005
44923920655
22905722786
1769684734005
44953349583
22935988799
1769684735005
44980917753
22966644486
1769684736005
45014051690
22996656881
1769684737005
45041260030
23026607694
1769684738005
45067852085
23056620973
1769684739005
45094532147
23086961064
1769684740005
45121230367
23117110185
1769684741005
45147834170
23147412131
1769684742005
45175707576
23178192567
1769684743005
45205213145
23207758024
1769684744005
45233275918
23237497346
1769684745005
45261570170
23267820866
1769684746005
45288291963
23297871696
1769684747005
45314845690
23327936242
1769684748005
45344420927
23391665872
1769684750203
45399356120
23415791135
1769684751005
45427921705
23446018636
1769684752005
45460649032
23476802567
1769684753005
45495549357
23507762559
1769684754005
45523543225
23537989359
1769684755005
45551308269
23568454153
1769684756005
45578029909
23598630343
1769684757004
45605352471
23628870539
1769684758005
45632993223
23658600081
1769684759005
45659630029
23689101860
1769684760005
45688688295
23718169891
1769684761005
45715646328
23748569503
1769684762005
45743341352
23779770053
1769684763005
45772904017
23810010143
1769684764005
45800534730
23840256854
1769684765005
45829009499
23871642683
1769684766005
45856377896
23901756344
1769684767005
45888854442
23931864254
1769684768005
45916990575
23962024300
1769684769005
45946543033
23987021573
1769684770005
45973459945
24017066772
1769684771005
46000580460
24047238353
1769684772005
46030582510
24077715094
1769684773005
46059412257
24107491890
1769684774006
46087146937
24137716111
1769684775005
46115057557
24168217906
1769684776005
46141557377
24198491609
1769684777005
46167902969
24228644545
1769684778005
46195272983
24258985414
1769684779005
46222541928
24289294561
1769684780005
46250484010
24319558758
1769684781005
46278098701
24350089162
1769684782005
46306975031
24381540233
1769684783005
46344984219
24412209362
1769684784005
46375615936
24441229010
1769684785005
46414350170
24464403944
1769684786005
46442421456
24495865818
1769684787005
46471941689
24523566152
1769684788005
46500900473
24546487925
1769684789005
46528981860
24570653302
1769684790005
46555895859
24593259875
1769684791005
46582622687
24616157052
1769684792005
46610386373
24640720586
1769684793005
46637816350
24664536401
1769684794005
46669506316
24711559101
1769684796042
46725616925
24733196181
1769684797005
46752637515
24755853090
1769684798005
46781897797
24778389659
1769684799005
46813930351
24801720347
1769684800005
46841169802
24824469384
1769684801005
46870124573
24847966643
1769684802004
46898244685
24872416001
1769684803005
46925496236
24896348723
1769684804005
46953626755
24919170175
1769684805005
46981736584
24942507454
1769684806005
47008317484
24965349138
1769684807005
47035073776
24987891993
1769684808005
47062092657
25010604289
1769684809005
47090190387
25033422949
1769684810005
47117216439
25056024639
1769684811005
47144464954
25078515725
1769684812005
47174215811
25101758770
1769684813005
47207201990
25125458396
1769684814005
47240833567
25148176414
1769684815005
47269143717
25171731302
1769684816005
47295653058
25194373228
1769684817005
47322184859
25217033830
1769684818005
47348795574
25239738497
1769684819005
47378186876
25264154348
1769684820005
47405318163
25287835390
1769684821005
47432199021
25310861711
1769684822005
47463098363
25336698418
1769684823005
47491543044
25365987583
1769684824005
47520453658
25396222058
1769684825005
47549237539
25426773884
1769684826004
47576907968
25456984144
1769684827005
47605581290
25518728814
1769684829033
47663618023
25548130553
1769684830005
47697344657
25578395391
1769684831005
47724839023
25608609893
1769684832005
47755347745
25638942141
1769684833005
47782827617
25669854773
1769684834005
47810863521
25699978551
1769684835005
47837973874
25730548854
1769684836005
47864604272
25760722007
1769684837005
47891214407
25790797386
1769684838005
47918395618
25821036911
1769684839005
47945888688
25851355625
1769684840005
47972463699
25881503984
1769684841005
47999542728
25911716822
1769684842005
48028298565
25942387890
1769684843004
48061420982
25973296005
1769684844004
48090081777
26003507623
1769684845004
48121245296
26034572209
1769684846005
48152166885
26064710207
1769684847005
48178694794
26094795642
1769684848005
48205750402
26125071298
1769684849005
48233338590
26155412899
1769684850005
48260124757
26185603980
1769684851005
48286742872
26215954705
1769684852005
48314891517
26247978699
1769684853005
48342126025
26278720487
1769684854005
48370957663
26308938453
1769684855005
48398766040
26339353063
1769684856005
48425587605
26369471150
1769684857005
48452394568
26399583667
1769684858005
48479201959
26429713792
1769684859005
48506623499
26460191419
1769684860005
48533497231
26490281507
1769684861005
48566189632
26520449289
1769684862005
48595284975
26551293290
1769684863005
48623562657
26581486110
1769684864004
48651453351
26611814818
1769684865005
48679744612
26642214857
1769684866005
48706140754
26672416497
1769684867004
48732680794
26702573003
1769684868005
48759383957
26732759079
1769684869005
48787100007
26763157074
1769684870005
48823687272
26785904051
1769684871005
48860916456
26810486978
1769684872005
48897940481
26835623587
1769684873005
48937770667
26860678962
1769684874005
48974956121
26884401704
1769684875005
49012048548
26907875710
1769684876005
49048571287
26930653905
1769684877005
49087665823
26953419848
1769684878005
49124459437
26976225676
1769684879005
49154522900
27005521417
1769684880006
49191530950
27028366122
1769684881005
49228545485
27051888434
1769684882005
49265365374
27077421812
1769684883005
49302182653
27101396494
1769684884005
49339668568
27124528400
1769684885005
49376760171
27148055016
1769684886005
49405585783
27176941324
1769684887005
49442067707
27199913723
1769684888005
49478644078
27222713691
1769684889005
49515621444
27246484771
1769684890005
49552464387
27269672826
1769684891005
49589309681
27292502349
1769684892005
49628000154
27316980820
1769684893005
49666582235
27341047385
1769684894005
49703831773
27364128375
1769684895005
49740709978
27387959327
1769684896005
49778304881
27412214237
1769684897005
49815033664
27435623686
1769684898005
49851699355
27458553759
1769684899005
49888828218
27481649672
1769684900005
49925416429
27504904924
1769684901005
49962079694
27528326824
1769684902005
49999317225
27553115474
1769684903005
50037096139
27581342850
1769684904005
50075216757
27604838980
1769684905005
50112042688
27628596708
1769684906005
50148748813
27651667582
1769684907005
50185186854
27674469885
1769684908005
50223137162
27699153072
1769684909005
50260651015
27722628192
1769684910005
50297169039
27745718596
1769684911005
50333847395
27768693894
1769684912005
50370425673
27794088013
1769684913005
50407082316
27817976533
1769684914005
50444293969
27840963686
1769684915005
50480990573
27864674832
1769684916005
50517710399
27887737009
1769684917005
50555065614
27911364098
1769684918005
50591608250
27934068429
1769684919005
50628689782
27957247361
1769684920005
50665267557
27980210956
1769684921005
50702152063
28003489613
1769684922005
50739359383
28027939567
1769684923005
50776133726
28051891789
1769684924005
50815791465
28075023634
1769684925005
50852493394
28098195668
1769684926005
50889605748
28121181815
1769684927005
50926209537
28143807491
1769684928005
50962904737
28166466125
1769684929005
50999907737
28189792860
1769684930005
51036532033
28212488784
1769684931005
51073512878
28235663306
1769684932005
51110694473
28260496830
1769684933005
51150495134
28284905327
1769684934005
51181551023
28315393954
1769684935005
51209691871
28345763523
1769684936005
51237509845
28376193712
1769684937005
51264197140
28406399090
1769684938005
51292207791
28436598822
1769684939005
51328258371
28461509552
1769684940005
51366844923
28484250060
1769684941005
51403994445
28507393348
1769684942005
51441471618
28533058037
1769684943005
51478421077
28557292791
1769684944005
51515487825
28580870551
1769684945005
51552503565
28604369794
1769684946005
51589738547
28627601106
1769684947005
51626290291
28650537160
1769684948005
51663055175
28673522620
1769684949005
51700265012
28696854727
1769684950005
51736793915
28719816521
1769684951005
51773840522
28743395243
1769684952004
51810657970
28768932161
1769684953005
51847770339
28793115175
1769684954005
51885856504
28816308876
1769684955005
51925125088
28839849422
1769684956005
51962355981
28863482889
1769684957005
51998902431
28886278738
1769684958005
52035724364
28909077028
1769684959005
52072869049
28932024740
1769684960005
52109637640
28954836350
1769684961005
52146556187
28977975092
1769684962005
52183604366
29003219178
1769684963005
52222953939
29027349003
1769684964005
52260389564
29050347051
1769684965005
52297378572
29073700656
1769684966005
52334321410
29097073821
1769684967005
52370871827
29119883265
1769684968005
52407629874
29142640618
1769684969005
52444496727
29165947289
1769684970005
52481385246
29189049961
1769684971005
52520700977
29212651951
1769684972005
52557675460
29237942925
1769684973005
52594332789
29262030546
1769684974005
52631162122
29285372982
1769684975005
52668107874
29309117421
1769684976005
52705021630
29332636041
1769684977005
52741518720
29355422262
1769684978005
52778156275
29378110344
1769684979005
52814905397
29401511630
1769684980005
52851760044
29424536425
1769684981005
52888363894
29447817218
1769684982005
52925645459
29473047542
1769684983005
52962457825
29496951488
1769684984005
52999750880
29519732735
1769684985005
53036619746
29543108433
1769684986005
53074516682
29566206909
1769684987005
53112693601
29589411275
1769684988005
53149461552
29612225800
1769684989005
53186105439
29635396553
1769684990005
53223072506
29658378229
1769684991005
53260009088
29681445304
1769684992005
53297794121
29705638663
1769684993005
53333343369
29734507242
1769684994005
53360756304
29758378337
1769684995005
53388350855
29783289738
1769684996005
53415682770
29806319064
1769684997005
53442194307
29829430128
1769684998005
53469706587
29852364199
1769684999005
53498204442
29877997395
1769685000006
53526256092
29908197600
1769685001005
53553443468
29938937191
1769685002005
53587223032
29970342839
1769685003005
53616059446
30001035130
1769685004005
53644198296
30031605616
1769685005004
53672235283
30062120991
1769685006005
53699551100
30092847459
1769685007005
53726316257
30123473470
1769685008005
53753270826
30153957138
1769685009004
53780986342
30184572635
1769685010005
53807998220
30214970874
1769685011005
53835011044
30245351444
1769685012005
53864633994
30276193157
1769685013005
53891476615
30306969031
1769685014005
53919215461
30337279200
1769685015005
53947261831
30367740333
1769685016005
53973985394
30398215945
1769685017005
54000718417
30428740443
1769685018005
54033954614
30459065017
1769685019005
54061467976
30489422959
1769685020005
54088474759
30519804506
1769685021005
54115247422
30550358666
1769685022005
54149889338
30576523420
1769685023005
54187323757
30603945738
1769685024006
54224325826
30626923783
1769685025005
54261402293
30650022945
1769685026005
54298129627
30672937577
1769685027005
54334529066
30696081064
1769685028005
54371054322
30718838295
1769685029005
54407947327
30741896246
1769685030005
54444404243
30764896475
1769685031005
54480924281
30787903815
1769685032005
54518010300
30813130492
1769685033005
54555711277
30837231999
1769685034005
54594575524
30860149316
1769685035005
54631786215
30884404944
1769685036005
54668362372
30907870557
1769685037005
54705157863
30930581862
1769685038005
54741873234
30953430656
1769685039005
54778639888
30976901228
1769685040005
54815532328
30999847902
1769685041005
54852299744
31022821415
1769685042005
54889843365
31046868023
1769685043005
54926891834
31070819192
1769685044005
54963969171
31093744978
1769685045005
55001028289
31116970767
1769685046005
55037851916
31140154245
1769685047005
55074472764
31162934454
1769685048005
55111417448
31185758576
1769685049005
55150999568
31209146771
1769685050005
55187999196
31232171139
1769685051005
55224694091
31255490794
1769685052005
55261563095
31280749834
1769685053005
55298946202
31309446836
1769685054005
55336098928
31332671236
1769685055005
55373092926
31355580131
1769685056005
55409911792
31378872857
1769685057005
55446451864
31401810162
1769685058005
55484922180
31424688572
1769685059005
55524029166
31447872920
1769685060005
55560730164
31470742617
1769685061005
55597558689
31494137099
1769685062005
55634940438
31518763923
1769685063005
55671951006
31542938713
1769685064005
55708828462
31566550590
1769685065005
55748470165
31589739973
1769685066005
55785546663
31613062665
1769685067005
55822325691
31635805691
1769685068005
55859379408
31658541820
1769685069005
55896624125
31681371556
1769685070005
55933275428
31704209990
1769685071005
55970073024
31727767076
1769685072005
56007741547
31751815179
1769685073005
56044706600
31775911086
1769685074005
56081878247
31798751457
1769685075005
56118926181
31821663786
1769685076005
56155670085
31844823736
1769685077005
56192498426
31867745173
1769685078005
56229403531
31890544180
1769685079005
56266544615
31913619159
1769685080005
56304458380
31936574148
1769685081005
56342764047
31960153938
1769685082005
56379903484
31984964438
1769685083005
56419581379
32009415261
1769685084005
56456714789
32032988520
1769685085005
56493362613
32056709202
1769685086005
56529942935
32079841077
1769685087005
56566512486
32103160825
1769685088005
56603455354
32126065814
1769685089005
56640582477
32149958972
1769685090005
56677186770
32173019105
1769685091005
56713940073
32196558583
1769685092005
56750732192
32222129602
1769685093005
56787468177
32246461855
1769685094005
56824585642
32269826369
1769685095005
56861466486
32293119980
1769685096005
56900853045
32316529429
1769685097005
56937598138
32339996218
1769685098005
56974458598
32363051300
1769685099005
57011534165
32386151668
1769685100005
57048059360
32409021197
1769685101005
57084789715
32432611271
1769685102005
57121813038
32457751237
1769685103005
57158734697
32481991041
1769685104005
57195877003
32505841447
1769685105005
57232487246
32529791395
1769685106005
57269298422
32552903771
1769685107005
57305918691
32575986989
1769685108005
57342708887
32599092743
1769685109005
57380625246
32622917576
1769685110006
57417214815
32645948673
1769685111005
57453943384
32669369352
1769685112005
57493459453
32694807550
1769685113005
57532561724
32719343406
1769685114005
57569853634
32742956488
1769685115005
57606389388
32766541542
1769685116005
57643044826
32789655901
1769685117005
57679739324
32812809199
1769685118005
57716313513
32835645695
1769685119005
57753336089
32858800275
1769685120005
57789890015
32881831677
1769685121005
57826522383
32905276265
1769685122005
57863566366
32930107989
1769685123005
57900140646
32954195030
1769685124005
57937486783
32977132397
1769685125005
57974236210
33000629778
1769685126005
58010695720
33023694701
1769685127005
58048640306
33046775326
1769685128005
58087239186
33069839410
1769685129005
58124117177
33093307190
1769685130005
58160962409
33116525136
1769685131005
58197778818
33140101523
1769685132005
58234801287
33164977694
1769685133005
58271567101
33189237029
1769685134005
58308593202
33212726506
1769685135005
58345352455
33236249627
1769685136005
58381981725
33259436752
1769685137005
58418605304
33282772108
1769685138005
58455097634
33305693592
1769685139005
58492044499
33329124524
1769685140005
58529337691
33353417320
1769685141005
58566106557
33377046255
1769685142005
58603558508
33401361450
1769685143005
58643145221
33429999938
1769685144005
58680656724
33453502674
1769685145005
58717641491
33476505269
1769685146005
58754559732
33499889939
1769685147005
58791318833
33523247801
1769685148005
58827906647
33545992184
1769685149005
58864900645
33569534973
1769685150005
58901502740
33592433920
1769685151005
58938261307
33615697823
1769685152004
58975092257
33641115073
1769685153005
59012184105
33665172361
1769685154005
59050443494
33689011537
1769685155005
59087166326
33712758722
1769685156005
59123727759
33735851125
1769685157005
59160535151
33759312513
1769685158005
59197318329
33782307585
1769685159005
59237206693
33805729363
1769685160005
59273861871
33828692744
1769685161005
59310462624
33852170091
1769685162005
59348243706
33876232934
1769685163005
59385068172
33900525730
1769685164005
59422117373
33923481009
1769685165005
59459200172
33946790992
1769685166005
59495718852
33970029322
1769685167005
59532664833
33993614895
1769685168005
59569173687
34016455739
1769685169005
59606905226
34040909781
1769685170005
59643540553
34064450831
1769685171005
59680112392
34087772547
1769685172005
59717485063
34112883995
1769685173005
59757021287
34137314235
1769685174005
59796327818
34161211986
1769685175005
59834436351
34185356642
1769685176005
59870992398
34208272418
1769685177005
59907898403
34231773828
1769685178005
59944768353
34254812156
1769685179005
59980825784
34278358973
1769685180005
60010219985
34302370808
1769685181005
60037227759
34326652390
1769685182005
60067092212
34351322333
1769685183005
60095736345
34375784141
1769685184005
60129033329
34400710831
1769685185005
60158541813
34424764122
1769685186005
60185301568
34448027781
1769685187005
60212692730
34472535989
1769685188005
60240777642
34495649937
1769685189005
60269998528
34521214044
1769685190005
60303896708
34552582127
1769685191005
60331118185
34583992063
1769685192005
60360264551
34616085130
1769685193005
60389033983
34647373002
1769685194005
60417106078
34678350876
1769685195005
60445911443
34710151600
1769685196005
60472887221
34741219116
1769685197005
60500137353
34772440356
1769685198005
60527337164
34803516279
1769685199005
60554979396
34835209632
1769685200005
60581900519
34866854190
1769685201005
60608717293
34898131793
1769685202005
60637669959
34929945913
1769685203005
60666465284
34962909784
1769685204005
60695145136
34991780270
1769685205005
60722651907
35015012894
1769685206005
60756014013
35037876549
1769685207005
60783550446
35062413412
1769685208005
60811743110
35086022467
1769685209005
60840846814
35111237090
1769685210005
60878473592
35134607753
1769685211006
60916126719
35157872740
1769685212005
60954272269
35183570294
1769685213005
60992265192
35207543862
1769685214005
61030126561
35231101832
1769685215005
61067310185
35255100194
1769685216005
61104719750
35278033533
1769685217005
61142594134
35301188051
1769685218005
61180372194
35324025142
1769685219005
61218438234
35347355540
1769685220005
61256256881
35370464986
1769685221005
61295712985
35393686823
1769685222005
61335055692
35419020276
1769685223005
61373207116
35443558649
1769685224005
61410946223
35466993671
1769685225005
61448853579
35490787255
1769685226005
61486314182
35513837897
1769685227005
61523976571
35536801950
1769685228005
61561553318
35559529611
1769685229005
61599054613
35582912633
1769685230005
61636646053
35605939473
1769685231005
61673990405
35629551014
1769685232005
61711712499
35654923558
1769685233005
61749645534
35683266528
1769685234005
61787532018
35706936981
1769685235005
61825162518
35730630870
1769685236005
61862707253
35753943797
1769685237005
61903236133
35777121385
1769685238005
61941028780
35799811084
1769685239005
61979704560
35823939139
1769685240005
62017571788
35849978900
1769685241005
62055370813
35875223414
1769685242005
62093211538
35900711903
1769685243005
62130922890
35924714964
1769685244005
62168591398
35947926456
1769685245005
62206467781
35971622451
1769685246005
62244092682
35994809133
1769685247005
62281951899
36017844898
1769685248005
62319683529
36040493157
1769685249005
62357945894
36064168049
1769685250005
62395689120
36087095147
1769685251005
62433116094
36110648906
1769685252005
62470585973
36136096077
1769685253005
62510292233
36162403966
1769685254005
62547910206
36185787492
1769685255005
62585603173
36209479260
1769685256005
62623111594
36232544809
1769685257005
62660756406
36255570993
1769685258005
62698237012
36278233792
1769685259005
62735716977
36301493071
1769685260005
62773359729
36324423801
1769685261005
62810805791
36347795014
1769685262005
62849153234
36372427407
1769685263005
62887465385
36400749154
1769685264005
62925299808
36424283795
1769685265005
62962839890
36447845976
1769685266005
63000421458
36471191464
1769685267005
63038026202
36494337942
1769685268005
63076307548
36517614463
1769685269005
63114032159
36544048475
1769685270005
63151529396
36566768385
1769685271005
63189730683
36612758911
1769685272793
63227599147
36617798644
1769685273005
63265187764
36641859838
1769685274005
63302821240
36665219028
1769685275005
63340400000
36688689463
1769685276005
63377961473
36712176179
1769685277005
63415450577
36735020899
1769685278005
63453209809
36757804572
1769685279005
63491140343
36781014782
1769685280005
63528662923
36803745769
1769685281005
63566219239
36827052318
1769685282005
63604019225
36852627274
1769685283005
63639891226
36876885038
1769685284005
63672523968
36900403292
1769685285005
63702253433
36924619035
1769685286005
63728977836
36947575870
1769685287005
63755526283
36970564123
1769685288005
63783953722
36993904209
1769685289005
63813778809
37018477355
1769685290005
63850738034
37041909844
1769685291005
63888551325
37065491754
1769685292005
63926731983
37091390027
1769685293005
63966986645
37120749273
1769685294005
64005926313
37145333084
1769685295005
64036265320
37175605124
1769685296005
64072464330
37199761361
1769685297005
64110420787
37223419103
1769685298005
64148676422
37246903576
1769685299005
64186963581
37271103695
1769685300005
64227396884
37294469796
1769685301005
64265209428
37319462812
1769685302005
64302967195
37345859610
1769685303005
64340465271
37370265864
1769685304005
64378132223
37393820508
1769685305005
64415934162
37418252259
1769685306005
64453360251
37441320387
1769685307005
64490669127
37464504246
1769685308005
64528443999
37487781424
1769685309005
64566421893
37511124730
1769685310005
64604069635
37534581677
1769685311005
64641566338
37557955194
1769685312005
64679450579
37583868648
1769685313005
64717101036
37608020872
1769685314005
64755088467
37631014236
1769685315005
64793706267
37654100414
1769685316005
64832907059
37677400921
1769685317005
64870209009
37700664656
1769685318005
64908124071
37724153081
1769685319005
64946656060
37748808040
1769685320005
64984343945
37771963917
1769685321005
65022267185
37795740550
1769685322005
65060060321
37821470664
1769685323005
65098130602
37850017757
1769685324005
65137198513
37874370334
1769685325005
65174682552
37898078534
1769685326005
65212342454
37921231100
1769685327005
65249847884
37944366378
1769685328005
65287494375
37967369491
1769685329005
65325298771
37990644792
1769685330005
65362706291
38013443693
1769685331005
65402764003
38036928318
1769685332005
65441416987
38062193979
1769685333005
65479065248
38086261033
1769685334005
65517008766
38109868241
1769685335005
21970055
38133489288
1769685336005
59629667
38156728961
1769685337005
97100645
38179733219
1769685338005
135011999
38202941354
1769685339005
172631224
38226123352
1769685340005
210120420
38248900739
1769685341005
247978280
38272160446
1769685342005
286096883
38296578861
1769685343005
324470234
38321135346
1769685344005
362329162
38344684177
1769685345005
400434095
38391748607
1769685346931
516456064
38439754700
1769685349005
554142912
38463310076
1769685350005
592896889
38487247330
1769685351005
630569700
38511317405
1769685352005
668454307
38536403144
1769685353005
707079522
38565106921
1769685354005
744682787
38589078749
1769685355005
782357032
38612822654
1769685356005
819939317
38636148962
1769685357005
857209743
38659015181
1769685358005
895464143
38682596176
1769685359005
933021878
38706012506
1769685360005
970547418
38729090582
1769685361005
1008230528
38752511078
1769685362005
1046571121
38778148821
1769685363005
1086254142
38802269247
1769685364005
1124073018
38825263816
1769685365005
1161835668
38848216410
1769685366005
1199549644
38871334019
1769685367005
1236893523
38894364399
1769685368005
1274783379
38917563944
1769685369005
1312253868
38941025362
1769685370005
1351182977
38964632783
1769685371005
1388973946
38988253525
1769685372005
1426920454
39013312563
1769685373005
1464867634
39037463932
1769685374005
1502391771
39061062626
1769685375005
1540701069
39090837835
1769685376234
1578449453
39109090004
1769685377005
1615819148
39131941804
1769685378005
1655695183
39155288512
1769685379005
1693950361
39178333646
1769685380005
1731487193
39201257708
1769685381005
1768998818
39224572740
1769685382005
1806993267
39250123802
1769685383005
1845171469
39278581162
1769685384005
1882862268
39302572018
1769685385005
1920289395
39326178158
1769685386005
1957661318
39349019719
1769685387005
1995217771
39372120316
1769685388005
2033150074
39395294975
1769685389005
2071144463
39419469339
1769685390005
2108665929
39442855062
1769685391005
2146076623
39466225435
1769685392005
2184562029
39490834331
1769685393005
2222361572
39514959533
1769685394005
2262824079
39539913961
1769685395005
2300366205
39563598237
1769685396005
2337889732
39586401883
1769685397005
2375659064
39609562886
1769685398005
2413629803
39632877888
1769685399005
2451634017
39655919482
1769685400005
2489098724
39678681840
1769685401005
2527539745
39702684108
1769685402005
2565873776
39728248612
1769685403005
2603450965
39752292978
1769685404005
2641341278
39775773270
1769685405005
2678793672
39799420438
1769685406005
2716246432
39822293355
1769685407005
2753915672
39845398499
1769685408005
2791635309
39868521571
1769685409005
2830048057
39891971331
1769685410005
2867865055
39918387217
1769685411005
2905275108
39941782339
1769685412005
2943263531
39967304151
1769685413005
2981254501
39995697443
1769685414005
3019134424
40019799361
1769685415005
3056485489
40043484004
1769685416005
3093967270
40066370256
1769685417005
3131580284
40089605032
1769685418005
3169152728
40112916021
1769685419005
3206638338
40136818258
1769685420005
3245310212
40161473035
1769685421006
3283081452
40185581697
1769685422004
3321185088
40211387033
1769685423005
3358767372
40235630149
1769685424005
3396605061
40259084304
1769685425005
3436302608
40282231301
1769685426005
3474427727
40305227487
1769685427005
3513146291
40339938079
1769685428455
3551120523
40353017237
1769685429005
3589084151
40376656029
1769685430005
3626544037
40399527679
1769685431005
3663850945
40422732274
1769685432005
3701595438
40448358818
1769685433005
3739112693
40472657412
1769685434005
3777160256
40496341261
1769685435011
3815233802
40520525206
1769685436008
3852650691
40543382255
1769685437005
3890375562
40566409048
1769685438005
3927985799
40589652185
1769685439005
3966025016
40612884352
1769685440005
4003388104
40635755422
1769685441005
4043455765
40659047309
1769685442005
4081219254
40684816057
1769685443005
4121394834
40709231817
1769685444005
4159998078
40732331727
1769685445005
4197777816
40755290043
1769685446005
4235175541
40778137128
1769685447005
4273704233
40826949957
1769685449093
4349594337
40848387554
1769685450005
4386994517
40871262866
1769685451005
4425597837
40895212204
1769685452005
4463281130
40920781545
1769685453005
4501129820
40945305744
1769685454005
4538833253
40969124855
1769685455005
4576230382
40992835558
1769685456005
4614244682
41015860292
1769685457005
4653506659
41038803137
1769685458005
4692129021
41062441441
1769685459005
4730228644
41086050022
1769685460005
4768487346
41110172279
1769685461005
4805811939
41133720622
1769685462005
4843835226
41159093226
1769685463005
4881645343
41183539624
1769685464005
4919483414
41206586818
1769685465005
4957304212
41230135665
1769685466005
4994669436
41253028203
1769685467005
5032065574
41275889356
1769685468005
5070882749
41303289276
1769685469141
5108589921
41323235235
1769685470005
5146128706
41346351304
1769685471005
5183495288
41369458293
1769685472005
5222348107
41396401495
1769685473005
5260434913
41426484245
1769685474005
5298126018
41450163226
1769685475005
5335600429
41473984733
1769685476005
5372977738
41496741506
1769685477005
5410379658
41519594893
1769685478005
5448201738
41542854356
1769685479005
5485678819
41566402347
1769685480005
5523019051
41589861355
1769685481005
5561359887
41613816293
1769685482005
5599724587
41639483651
1769685483005
5637501457
41664115541
1769685484005
5675019765
41687678546
1769685485005
5712521686
41711568851
1769685486005
5749716449
41734403074
1769685487005
5786964629
41757335253
1769685488005
5827026553
41780587591
1769685489005
5864537537
41804314040
1769685490005
5902641432
41828827665
1769685491005
5940306354
41852862372
1769685492005
5977882445
41878537878
1769685493005
6016658424
41920381356
1769685494731
6054366359
41927261783
1769685495005
6091734452
41951343241
1769685496005
6129062676
41974268202
1769685497005
6166434736
41997102684
1769685498005
6204972111
42020263962
1769685499005
6242595791
42043820941
1769685500005
6280159430
42067087331
1769685501005
6317575174
42090237532
1769685502005
6355343225
42115670329
1769685503005
6394002542
42144447009
1769685504005
6433871742
42168192378
1769685505005
6471384923
42192215443
1769685506005
6508699781
42215080120
1769685507005
6546075351
42237910605
1769685508005
6584038613
42261152231
1769685509005
6621630175
42284830480
1769685510005
6659319098
42307730572
1769685511005
6696741189
42330708311
1769685512005
6735981744
42356085508
1769685513005
6774114476
42380805635
1769685514005
6811791544
42404151382
1769685515005
6849551402
42428102154
1769685516005
6886811148
42450918540
1769685517005
6924287451
42473819791
1769685518005
6962051153
42496909601
1769685519005
7002534442
42522132387
1769685520005
7041183932
42545277735
1769685521005
7079514927
42569321399
1769685522005
7117700971
42595277042
1769685523005
7155287605
42619443196
1769685524005
7193021020
42643283699
1769685525005
7230529609
42666840800
1769685526005
7268291755
42689765167
1769685527005
7305783484
42712759598
1769685528005
7343406431
42735652259
1769685529005
7381104876
42759876394
1769685530005
7418571947
42782725707
1769685531005
7456327960
42806128168
1769685532005
7493894422
42831480418
1769685533005
7534088129
42855844148
1769685534005
7572132396
42879672185
1769685535005
7612421633
42903491510
1769685536005
7650791506
42926881292
1769685537005
7688360623
42950054807
1769685538005
7727250061
42973211309
1769685539005
7765482169
42997404134
1769685540005
7803053224
43020371376
1769685541005
7840498675
43044475293
1769685542005
7878493170
43068807882
1769685543005
7916661347
43093940051
1769685544005
7956132877
43203285455
1769685548583
8143976862
43237671662
1769685550005
8181904115
43260808542
1769685551005
8221996097
43284390391
1769685552005
8260733428
43308914300
1769685553005
8298595544
43333032331
1769685554005
8336799944
43356283692
1769685555005
8374656049
43379168144
1769685556005
8412001575
43402342345
1769685557005
8449285826
43425151300
1769685558005
8487642042
43448492546
1769685559005
8525644731
43472346949
1769685560005
8563332464
43495423408
1769685561005
8600823460
43519487425
1769685562005
8638407775
43545121201
1769685563005
8678218338
43569823308
1769685564005
8716584487
43594216257
1769685565005
8753934851
43617983766
1769685566005
8792818826
43641399120
1769685567005
8831356948
43664368315
1769685568005
8868826446
43687272877
1769685569005
8906617400
43711640315
1769685570005
8945513505
43748014608
1769685571555
8982918889
43759452677
1769685572005
9020386586
43785367352
1769685573005
9057787042
43809791092
1769685574005
9095984773
43834934262
1769685575005
9133355704
43858603189
1769685576005
9170746837
43882006626
1769685577005
9208193982
43905021885
1769685578005
9245749260
43928051654
1769685579005
9283786539
43952373059
1769685580005
9321147674
43975366392
1769685581005
9358505362
43998900926
1769685582005
9398669865
44024482885
1769685583005
9437938662
44049036517
1769685584005
9476826269
44073003448
1769685585005
9514425567
44096868943
1769685586005
9551927595
44119738183
1769685587005
9589234503
44142857913
1769685588005
9626761737
44165762307
1769685589005
9664636487
44189593976
1769685590005
9702061585
44212397774
1769685591005
9739369210
44235640621
1769685592005
9777053052
44261618983
1769685593005
9815086989
44290184965
1769685594005
9852817506
44314048508
1769685595005
9890521733
44337752467
1769685596005
9929356379
44361490665
1769685597005
9967030655
44384735846
1769685598005
10007498471
44407500264
1769685599005
10045199723
44431280528
1769685600005
10082914585
44454411961
1769685601005
10120396884
44477713017
1769685602005
10158249892
44503050376
1769685603005
10196109979
44527119200
1769685604005
10234816550
44551117638
1769685605005
10273126260
44574808246
1769685606005
10310521711
44597552248
1769685607005
10347971358
44620697765
1769685608005
10385535776
44643347152
1769685609005
10423307046
44667208604
1769685610005
10461165226
44690292448
1769685611005
10498659076
44713530305
1769685612005
10537026461
44738637741
1769685613005
10575828684
44762656900
1769685614005
10607607818
44786183027
1769685615005
10635309556
44809412783
1769685616005
10664488604
44834077889
1769685617005
10691836128
44856953400
1769685618005
10721529844
44879708723
1769685619005
10750540657
44903329084
1769685620005
10777537964
44926315474
1769685621005
10804479976
44949324187
1769685622005
10832582069
44974189860
1769685623005
10865465180
44998867722
1769685624005
10893285686
45022105763
1769685625005
10920823523
45045418461
1769685626005
10947743533
45068271253
1769685627005
10974257939
45091171863
1769685628005
11001156588
45113954452
1769685629005
11034237717
45137339489
1769685630005
11061038928
45160208881
1769685631005
11087639802
45183327589
1769685632005
11114770936
45209291090
1769685633005
11141393247
45233255747
1769685634005
11171982562
45256943807
1769685635005
11203156258
45283522862
1769685636005
11241319339
45306856845
1769685637005
11279293709
45333090870
1769685638144
11312136783
45358000349
1769685639005
11350007566
45381981470
1769685640005
11388043029
45404687616
1769685641005
11426339327
45427790807
1769685642005
11464765684
45453359263
1769685643005
11504916562
45477499525
1769685644005
11543176257
45501093703
1769685645005
11582348135
45528263745
1769685646005
11620394828
45551048608
1769685647005
11657813669
45573611971
1769685648005
11696148952
45596494729
1769685649005
11734185116
45619652314
1769685650005
11771786108
45642435865
1769685651005
11800628946
45666225178
1769685652005
11829135818
45690407719
1769685653005
11865051487
45715325116
1769685654005
11895569562
45741411276
1769685655005
11932583548
45766045287
1769685656005
11971241461
45789526678
1769685657005
12008705877
45812961180
1769685658005
12047320275
45836750523
1769685659005
12084831656
45860594566
1769685660005
12123167716
45884579486
1769685661005
12161971221
45910023834
1769685662005
12200736932
45934767824
1769685663005
12238759944
45960080281
1769685664005
12276391421
45983843151
1769685665005
12314554914
46007222664
1769685666005
12352632092
46031664027
1769685667005
12379639057
46062635647
1769685668005
12406775654
46093555358
1769685669005
12433891805
46124404822
1769685670005
12462021134
46155305003
1769685671005
12493071606
46183655526
1769685672005
12521571475
46215094773
1769685673005
12550315640
46245942955
1769685674005
12577818063
46276865107
1769685675005
12605394228
46307989718
1769685676005
12638419818
46338800732
1769685677005
12665048873
46369590308
1769685678006
12691834978
46400630496
1769685679005
12718962268
46431441693
1769685680005
12746353949
46462648011
1769685681005
12773238239
46493691937
1769685682005
12802076012
46525083426
1769685683006
12831510403
46557909060
1769685684005
12859279795
46588958785
1769685685005
12887042016
46620075798
1769685686005
12913584192
46650900391
1769685687005
12942387222
46681904982
1769685688006
12969641626
46712858383
1769685689005
12996407255
46744071811
1769685690005
13023677223
46775421615
1769685691005
13050743069
46806341006
1769685692005
13085916115
46837752773
1769685693005
13114761700
46868724865
1769685694005
13142302161
46899546544
1769685695005
13170238781
46930560626
1769685696005
13198677282
46961489630
1769685697006
13225862018
46992339429
1769685698005
13252575282
47023150290
1769685699005
13279537801
47054377831
1769685700005
13306477768
47085545317
1769685701005
13332972232
47116528288
1769685702005
13360425967
47148444256
1769685703006
13388501252
47179361373
1769685704005
13416243210
47210223119
1769685705005
13444218493
47241238209
1769685706005
13470683739
47271940616
1769685707006
13500168084
47302587346
1769685708005
13530412538
47333295460
1769685709006
13557810733
47364273502
1769685710005
13584981188
47395419871
1769685711005
13612605934
47426263979
1769685712005
13641726193
47457846209
1769685713005
13677636461
47509922480
1769685714681
13707351309
47520016104
1769685715005
13735339226
47551075167
1769685716005
13762354965
47581866284
1769685717005
13788996287
47612659369
1769685718005
13816246144
47643524366
1769685719005
13844123945
47674709612
1769685720005
13871430043
47705795010
1769685721005
13899274367
47736766095
1769685722005
13929329789
47767969499
1769685723005
13963700952
47798675064
1769685724005
13992318536
47829513450
1769685725005
14020435887
47860422298
1769685726005
14047976913
47891300813
1769685727005
14074946496
47921986161
1769685728005
14102280638
47952856712
1769685729005
14130399911
47982977667
1769685730006
14157777539
48006318577
1769685731005
14185809720
48030821079
1769685732005
14215185108
48054403721
1769685733005
14243403086
48078516412
1769685734005
14274383142
48102961986
1769685735005
14303108357
48133554734
1769685736005
14337574546
48159554686
1769685737005
14374184790
48184023666
1769685738005
14404174602
48214295675
1769685739005
14438366849
48245786463
1769685740005
14466311083
48277021649
1769685741005
14494027988
48308102348
1769685742005
14523211369
48339672721
1769685743005
14557575193
48370961264
1769685744005
14586932424
48402023913
1769685745005
14615144390
48432967350
1769685746005
14641924331
48463736770
1769685747005
14668781478
48494457060
1769685748005
14695483710
48525207652
1769685749005
14723464899
48556183512
1769685750005
14751590947
48587307452
1769685751005
14778539672
48618320283
1769685752005
14807015067
48650098547
1769685753005
14835426531
48681042366
1769685754005
14865832063
48711879211
1769685755005
14897021490
48742973383
1769685756005
14923613773
48773669992
1769685757004
14950219194
48804390586
1769685758005
14977214288
48835173952
1769685759005
15004064020
48866216933
1769685760005
15031993148
48897276499
1769685761005
15059427673
48927982019
1769685762005
15088802969
48959104814
1769685763005
15117284071
48989920435
1769685764005
15146820599
49020721974
1769685765005
15175392943
49051598581
1769685766005
15202102851
49082225949
1769685767005
15228729098
49112826921
1769685768005
15255468926
49143409660
1769685769005
15282739366
49174193758
1769685770005
15316951678
49205246824
1769685771005
15344186964
49236066443
1769685772005
15373771661
49267369756
1769685773006
15409624238
49298397769
1769685774005
15437126341
49329629384
1769685775005
15465281379
49360632893
1769685776005
15491808221
49391254142
1769685777005
15518355508
49421855679
1769685778005
15545773234
49452594033
1769685779006
15572955727
49483403140
1769685780005
15600532502
49514426529
1769685781005
15627709808
49545218974
1769685782005
15657382406
49577415886
1769685783005
15684313799
49608737783
1769685784005
15712177028
49639577406
1769685785005
15740582968
49670388358
1769685786005
15773872613
49701230360
1769685787005
15800488226
49731999918
1769685788005
15827243755
49762811816
1769685789005
15856177592
49793912930
1769685790005
15884295766
49825025732
1769685791006
15911449193
49856023930
1769685792005
15940907768
49887383438
1769685793005
15969467891
49918219780
1769685794005
15996923792
49949167459
1769685795005
16024764134
49980189842
1769685796005
16051420516
50011159523
1769685797005
16077646241
50041981431
1769685798005
16105482723
50073100961
1769685799006
16132536530
50104194430
1769685800005
16160080927
50135307888
1769685801006
16190391372
50166588604
1769685802005
16221761011
50198170070
1769685803005
16256867899
50229380980
1769685804005
16287376896
50260459344
1769685805005
16315740755
50291449654
1769685806006
16342686474
50322505757
1769685807006
16369245342
50353475393
1769685808006
16396539402
50384300733
1769685809005
16424439632
50415229416
1769685810005
16451824065
50446447941
1769685811005
16478903215
50477131626
1769685812005
16507027981
50502802219
1769685813005
16535265367
50528296232
1769685814005
16563078962
50551384012
1769685815005
16592778949
50574824114
1769685816005
16620031735
50597762045
1769685817005
16653374890
50620807362
1769685818005
16680232098
50643821461
1769685819005
16707168724
50666674604
1769685820005
16733685114
50689750345
1769685821005
16760988771
50712645005
1769685822005
16790330073
50736206332
1769685823005
16817833930
50760679295
1769685824005
16847281565
50785758564
1769685825005
16885061746
50809302284
1769685826005
16915474846
50838227423
1769685827005
16942547573
50869158990
1769685828005
16979476755
50892904024
1769685829005
17017043324
50916818650
1769685830005
17054796620
50940496961
1769685831006
17092637086
50963830333
1769685832005
17130520518
50989713608
1769685833005
17172340270
51016784626
1769685834005
17210590520
51040798521
1769685835005
17247739401
51065212359
1769685836005
17275754707
51088087549
1769685837005
17312924812
51110952486
1769685838005
17350445622
51133766980
1769685839005
17387618718
51157674633
1769685840005
17425280574
51181678946
1769685841010
17464518291
51205118408
1769685842005
17502480912
51231841025
1769685843005
17540074427
51256103396
1769685844005
17577990465
51279840435
1769685845005
17615788849
51303721676
1769685846005
17653555557
51326682800
1769685847005
17690837931
51349512308
1769685848005
17730063671
51372406189
1769685849005
17769508164
51395708573
1769685850005
17807391306
51419110500
1769685851005
17845115658
51442635956
1769685852009
17884248187
51469174943
1769685853005
17921639213
51493480570
1769685854005
17959323360
51516978867
1769685855005
17997051206
51540326857
1769685856005
18034791640
51563208639
1769685857005
18072173069
51586023453
1769685858005
18109578727
51608898674
1769685859005
18146998560
51632305132
1769685860005
18184552786
51655482187
1769685861005
18223652097
51679599394
1769685862005
18261654710
51704511237
1769685863005
18299647267
51732925829
1769685864005
18340206159
51756692499
1769685865005
18379436796
51781060608
1769685866005
18417591683
51804214867
1769685867005
18455112326
51826988653
1769685868005
18492751050
51849756625
1769685869005
18530776153
51872697043
1769685870005
18568572889
51895740636
1769685871005
18606610610
51919239863
1769685872005
18645134314
51943491310
1769685873005
18683184241
51967613399
1769685874005
18721230156
51990464436
1769685875005
18759215038
52013486012
1769685876005
18796561068
52036468420
1769685877005
18834223626
52059333082
1769685878005
18871639858
52082263247
1769685879005
18908983141
52105683179
1769685880004
18949178984
52129004788
1769685881005
18986945021
52152962258
1769685882005
19026178039
52179210687
1769685883005
19061206364
52203721184
1769685884005
19088695787
52226918868
1769685885005
19117170907
52250496079
1769685886005
19154711721
52273642297
1769685887005
19192391581
52296529587
1769685888005
19229885873
52319504442
1769685889005
19267379753
52343017188
1769685890005
19304859992
52365988977
1769685891005
19344289060
52390436824
1769685892005
19382560121
52416069532
1769685893005
19422863839
52440555052
1769685894005
19460583461
52464248177
1769685895005
19499121232
52487960284
1769685896005
19538543479
52511101513
1769685897005
19576053411
52534087309
1769685898005
19613468728
52557033250
1769685899005
19650871578
52580397460
1769685900005
19688233172
52603645052
1769685901005
19726022019
52627419869
1769685902005
19764967210
52653709464
1769685903005
19802576288
52677844157
1769685904005
19840192736
52701495018
1769685905005
19877704376
52725439672
1769685906005
19915198470
52748583632
1769685907005
19944923587
52772126238
1769685908005
19972697221
52796161997
1769685909005
20000856317
52822913406
1769685910005
20028540493
52846784822
1769685911005
20061321849
52871120630
1769685912005
20092075370
52895276729
1769685913005
20120823456
52920533266
1769685914005
20149025626
52946620098
1769685915005
20186723307
52970527919
1769685916005
20224654116
52993596214
1769685917005
20263913133
53033146827
1769685918693
20301796473
53040360184
1769685919005
20339875650
53063484782
1769685920005
20377435994
53086440916
1769685921005
20415310012
53110236697
1769685922005
20454240296
53135947389
1769685923005
20492699885
53168243631
1769685924151
20530730389
53188601633
1769685925005
20568504375
53212367082
1769685926005
20606051704
53235147840
1769685927005
20646718043
53258434645
1769685928005
20684062120
53281394365
1769685929005
20718373288
53305127589
1769685930005
20744645443
53328266163
1769685931005
20771531336
53352586866
1769685932005
20800856373
53377606064
1769685933005
20827746431
53402455243
1769685934005
20859098982
53426923613
1769685935005
20896793001
53450178025
1769685936005
20934288544
53473316813
1769685937005
20971718692
53496519913
1769685938005
21010338856
53520163389
1769685939005
21047872529
53543861016
1769685940005
21085506371
53566948445
1769685941005
21123073993
53590709897
1769685942005
21163177892
53616136896
1769685943005
21202353737
53641977784
1769685944005
21241126833
53666967565
1769685945005
21278738245
53690623446
1769685946005
21315936044
53713614673
1769685947005
21353009444
53736451078
1769685948005
21391671614
53760552111
1769685949005
21428876492
53783854297
1769685950005
21466365093
53807092902
1769685951005
21503753876
53830775164
1769685952005
21541167026
53856230131
1769685953005
21579096675
53884646249
1769685954005
21617011462
53908589194
1769685955005
21654419806
53932458977
1769685956005
21691546426
53955202278
1769685957005
21728851519
53978087767
1769685958005
21768811809
54000938026
1769685959005
21806841077
54024297261
1769685960005
21843667038
54047452969
1769685961005
21880742681
54071088985
1769685962005
21918659177
54097535798
1769685963005
21957698586
54123588436
1769685964005
21995537526
54147262246
1769685965005
22033165646
54171189246
1769685966005
22070469274
54194114757
1769685967005
22107955418
54216910240
1769685968005
22146840813
54240677077
1769685969006
22185009874
54285277142
1769685970910
22222975135
54287514316
1769685971005
22261008660
54311090871
1769685972005
22299659020
54335397673
1769685973005
22337959789
54359744635
1769685974005
22379304178
54383932837
1769685975005
22417469304
54422575980
1769685976648
22455132441
54430923159
1769685977005
22492425480
54453707656
1769685978005
22530360026
54476648929
1769685979005
22567677158
54500054655
1769685980005
22605311549
54523142023
1769685981005
22642862509
54546482796
1769685982005
22680512799
54571835031
1769685983005
22718709722
54600265278
1769685984005
22756633878
54623329499
1769685985005
22794505424
54646296649
1769685986005
22831764682
54669010731
1769685987005
22869063870
54691760195
1769685988005
22906698932
54714509476
1769685989005
22944421514
54738095338
1769685990005
22984653839
54761339193
1769685991005
23022185117
54784832912
1769685992005
23060294031
54809237320
1769685993005
23098299207
54834314194
1769685994005
23136878053
54858823989
1769685995005
23174532341
54882348666
1769685996005
23211967248
54905012381
1769685997005
23249360975
54927746984
1769685998005
23286874965
54950441825
1769685999005
23325048360
54973781728
1769686000005
23363115011
54997401753
1769686001005
23400843666
55020992711
1769686002005
23438896370
55045325574
1769686003005
23476405203
55069254833
1769686004005
23514364421
55092578960
1769686005005
23553431905
55116253913
1769686006005
23591129357
55141002160
1769686007005
23627195851
55163897522
1769686008005
23653901639
55186776572
1769686009005
23681341031
55210217056
1769686010005
23709554599
55233829574
1769686011005
23736298150
55257328191
1769686012005
23765002033
55281222280
1769686013005
23794432412
55307826892
1769686014004
23824360673
55334323751
1769686015005
23852736190
55357789289
1769686016005
23879572158
55380606667
1769686017005
23907189688
55404834326
1769686018005
23934343145
55427640672
1769686019005
23964464176
55453618699
1769686020005
23993114657
55483533778
1769686021006
24027544914
55514936008
1769686022005
24057086950
55546457358
1769686023005
24086749585
55574486304
1769686024005
24116536161
55605036162
1769686025005
24144809632
55636027326
1769686026005
24172209002
55667011137
1769686027005
24199305898
55697996869
1769686028005
24226863875
55728964491
1769686029005
24255219190
55760058021
1769686030005
24282392162
55790984782
1769686031005
24311907420
55822675953
1769686032005
24341682431
55854047561
1769686033005
24369956604
55885188269
1769686034005
24398103189
55916065273
1769686035005
24426389827
55947241106
1769686036005
24453552500
55978060175
1769686037005
24486504043
56009026836
1769686038005
24513393293
56039798254
1769686039005
24540949119
56070957394
1769686040005
24568115133
56101937177
1769686041005
24595626711
56133220074
1769686042005
24624816348
56164415162
1769686043005
24659131773
56195366030
1769686044005
24687939473
56226220849
1769686045005
24718242807
56258130851
1769686046005
24745687997
56289380822
1769686047006
24772735548
56320219696
1769686048006
24799860870
56350953550
1769686049005
24827705758
56381716577
1769686050005
24855162011
56412489476
1769686051006
24882967473
56443394387
1769686052005
24915579968
56475224116
1769686053005
24946894938
56506140166
1769686054005
24974805985
56536970969
1769686055005
25003011909
56567864680
1769686056005
25032104902
56598858424
1769686057006
25059190644
56626372504
1769686058006
25086261067
56657187560
1769686059005
25113271343
56688332587
1769686060005
25140749674
56719207882
1769686061006
25168326251
56750212123
1769686062005
25196755826
56782213398
1769686063005
25225179435
56813206485
1769686064005
25252848048
56844097877
1769686065005
25281223839
56875047113
1769686066005
25308057657
56906124180
1769686067005
25334576167
56936996607
1769686068006
25367886060
56967837084
1769686069005
25394926532
56998808291
1769686070005
25423581803
57029398384
1769686071005
25452321329
57057839616
1769686072005
25481070957
57082424389
1769686073005
25513804890
57110647600
1769686074005
25542076164
57141528159
1769686075005
25570417700
57172410748
1769686076004
25597750744
57203373823
1769686077005
25624545562
57234139489
1769686078006
25651556937
57264852257
1769686079005
25679023915
57295814202
1769686080005
25706482151
57326641389
1769686081006
25733976075
57357764627
1769686082005
25761930166
57389829939
1769686083006
25790712979
57420823683
1769686084005
25824954326
57451788207
1769686085005
25853736133
57482762221
1769686086005
25881446873
57513844522
1769686087006
25910093585
57545026641
1769686088006
25937401331
57576032194
1769686089006
25964523586
57607047969
1769686090005
25992135485
57637922395
1769686091005
26021598332
57669331003
1769686092005
26051508254
57701005360
1769686093006
26080877600
57731973897
1769686094005
26108995835
57762721163
1769686095005
26137844899
57793536845
1769686096005
26165812538
57824645359
1769686097007
26194085795
57855749387
1769686098006
26222583498
57883996034
1769686099006
26253529499
57915167548
1769686100005
26284318235
57945983231
1769686101005
26312096813
57977166982
1769686102005
26341634607
58008548645
1769686103005
26376371626
58039637216
1769686104005
26404847616
58070542433
1769686105005
26433249468
58101410145
1769686106006
26460587089
58132408572
1769686107006
26487508838
58163387988
1769686108006
26514557763
58194320013
1769686109006
26541855759
58225340168
1769686110005
26568920186
58256202478
1769686111006
26597263370
58286662115
1769686112005
26626410743
58311717476
1769686113005
26656504875
58336013125
1769686114005
26686583550
58361298820
1769686115005
26720942842
58392345172
1769686116005
26748649401
58423191676
1769686117005
26775726477
58454120832
1769686118005
26805595523
58485232352
1769686119006
26834480061
58516430018
1769686120005
26861821878
58547379742
1769686121005
26889807354
58578473456
1769686122005
26922285823
58609637921
1769686123005
26951284583
58640663568
1769686124004
26979213879
58671611065
1769686125005
27007296975
58702702017
1769686126005
27034419093
58733538496
1769686127005
27061117007
58764318902
1769686128005
27087753798
58795293420
1769686129005
27114543306
58826521495
1769686130005
27141644840
58857596548
1769686131005
27175302920
58888702163
1769686132005
27203621005
58920489109
1769686133005
27237666638
58951552093
1769686134005
27266025172
58982622126
1769686135005
27293856207
59013728214
1769686136005
27321001348
59044949561
1769686137005
27347338670
59075851100
1769686138005
27374114492
59106826717
1769686139005
27400986592
59137919515
1769686140005
27428171267
59168931553
1769686141005
27455857854
59199859854
1769686142005
27486575580
59230928835
1769686143005
27513739535
59262103767
1769686144005
27542167905
59293670570
1769686145005
27570556558
59324539854
1769686146005
27601336720
59355490554
1769686147005
27631072441
59386339224
1769686148005
27661352567
59418408061
1769686149005
27689652053
59450278941
1769686150005
27716392553
59481072713
1769686151005
27743775688
59512365040
1769686152005
27772467183
59544147881
1769686153005
27800907164
59575157188
1769686154005
27828422571
59606075541
1769686155005
27855584604
59637028698
1769686156005
27883190750
59667974592
1769686157005
27909659474
59698679273
1769686158005
27936565126
59729531788
1769686159005
27963819714
59760449241
1769686160005
27990617949
59791258424
1769686161005
28018152139
59822642726
1769686162005
28053487409
59854216807
1769686163005
28087332476
59885224145
1769686164005
28115548165
59916133207
1769686165005
28143034460
59946947302
1769686166005
28170099482
59977911521
1769686167005
28196635875
60008946064
1769686168005
28223437696
60039698838
1769686169005
28250603726
60070473888
1769686170005
28277449017
60101342806
1769686171005
28305096880
60132312960
1769686172005
28334036804
60164236450
1769686173005
28364451339
60270976764
1769686176425
28447128872
60288954045
1769686177005
28474068946
60319972094
1769686178005
28508321615
60351048398
1769686179005
28536760421
60382628430
1769686180005
28563699229
60413761723
1769686181005
28591120571
60444921458
1769686182005
28620378793
60476724730
1769686183005
28649248851
60507654008
1769686184005
28677903238
60538592090
1769686185005
28705121084
60569675810
1769686186005
28732445537
60600757424
1769686187005
28759668495
60631571779
1769686188005
28786814582
60662366710
1769686189006
28814537728
60693474599
1769686190005
28841548324
60724493212
1769686191005
28868845863
60755770815
1769686192005
28897804204
60787519662
1769686193005
28932528620
60819068903
1769686194005
28964105020
60850078957
1769686195005
28991539850
60881252806
1769686196005
29019094822
60912399678
1769686197005
29046467292
60943570780
1769686198005
29073527538
60974540401
1769686199005
29103854339
61006173485
1769686200005
29131957378
61037136941
1769686201005
29160072989
61068221240
1769686202005
29191084981
61099806765
1769686203005
29219442234
61130867079
1769686204005
29247481143
61161729741
1769686205005
29274524102
61192783066
1769686206005
29301877225
61223927055
1769686207005
29328692336
61254993915
1769686208005
29357569627
61286009431
1769686209005
29392176175
61317039702
1769686210005
29418927324
61348035978
1769686211005
29446309087
61379187245
1769686212005
29474902106
61411266610
1769686213005
29503318132
61442496837
1769686214005
29530707707
61473527184
1769686215005
29557419918
61504647020
1769686216005
29583867464
61535694074
1769686217005
29610572580
61566932525
1769686218005
29637059568
61597696331
1769686219005
29664124926
61628516865
1769686220005
29690660830
61659405664
1769686221005
29717750509
61690423347
1769686222005
29748370828
61722206386
1769686223005
29782675374
61753061404
1769686224005
29812447944
61784563101
1769686225012
29900576549
61877665815
1769686228005
29927695096
61908485327
1769686229005
29954830747
61939404337
1769686230005
29981428371
61970292479
1769686231005
30008526457
62001189121
1769686232005
30038769354
62032694770
1769686233005
30068310520
62063728718
1769686234005
30096369784
62094573497
1769686235005
30124180007
62125545391
1769686236005
30150961062
62156444550
1769686237005
30177734137
62187520290
1769686238005
30204806010
62218418365
1769686239005
30232127809
62249338702
1769686240005
30261813560
62280262610
1769686241005
30292070342
62311155482
1769686242005
30321919262
62342504401
1769686243005
30350849376
62373539066
1769686244005
30378437732
62404465125
1769686245005
30405948531
62435517047
1769686246005
30432280666
62466531740
1769686247005
30459048248
62497566405
1769686248005
30486309015
62528458164
1769686249005
30513365355
62559454638
1769686250005
30543070514
62608234617
1769686251569
30601395394
62653235204
1769686253005
30636285237
62684462806
1769686254005
30664078523
62715317687
1769686255005
30691624462
62746171194
1769686256005
30724557924
62777089303
1769686257005
30751360036
62808118201
1769686258005
30778032088
62839171282
1769686259005
30805130921
62870106511
1769686260006
30831746458
62900978740
1769686261005
30858752111
62931814578
1769686262005
30887866663
62963314108
1769686263005
30915249021
62995058957
1769686264005
30942752771
63025936923
1769686265005
30970511590
63056809929
1769686266005
30997166660
63087775171
1769686267005
31024254340
63118681928
1769686268005
31051716009
63149586397
1769686269005
31079036175
63180408625
1769686270005
31105731449
63211308577
1769686271005
31132764658
63242235902
1769686272005
31167058753
63273905575
1769686273005
31196356432
63304956261
1769686274005
31223967858
63335814910
1769686275005
31251383219
63414197240
1769686277537
31308982504
63428739121
1769686278005
31336263580
63459763822
1769686279005
31362736652
63490807566
1769686280005
31389394133
63521774501
1769686281005
31416153400
63552852789
1769686282005
31444031001
63584678841
1769686283005
31478639563
63616035328
1769686284005
31506493286
63646956778
1769686285005
31533715023
63677833249
1769686286005
31560190216
63708592904
1769686287005
31590177496
63739334218
1769686288005
31620011601
63770267754
1769686289005
31646975523
63801337344
1769686290005
31673565411
63832107375
1769686291005
31700333985
63862990849
1769686292005
31729032117
63894491539
1769686293005
31757929868
63925769584
1769686294005
31786084540
63956775214
1769686295005
31813085555
63987773015
1769686296005
31839475227
64018603223
1769686297005
31865836291
64049350062
1769686298005
31892994493
64080345361
1769686299005
31920726045
64111317774
1769686300005
31947140710
64142066931
1769686301005
31975546803
64173214490
1769686302005
32004972818
64204703859
1769686303005
32039749858
64235908575
1769686304005
32067519067
64266749250
1769686305005
32095029211
64297492670
1769686306005
32124058838
64330627798
1769686307069
32179755679
64390570056
1769686309005
32206848242
64421856280
1769686310005
32233631540
64452699060
1769686311005
32260539557
64483665751
1769686312005
32289148643
64515119508
1769686313005
32324657030
64546421417
1769686314005
32357880471
64577533166
1769686315005
32384914702
64608433484
1769686316005
32411521221
64639425351
1769686317006
32437928165
64670275959
1769686318005
32465161971
64701272845
1769686319005
32498282649
64732496786
1769686320005
32524997118
64763313994
1769686321005
32552301202
64794139365
1769686322005
32581868750
64825550186
1769686323005
32611251889
64856662468
1769686324005
32639010036
64887674536
1769686325005
32666142986
64918613351
1769686326005
32693095420
64949554210
1769686327005
32720022707
64980300728
1769686328005
32748679932
65011385302
1769686329005
32775711798
65042841118
1769686330005
32802203562
65073662141
1769686331005
32829392845
65104542395
1769686332005
32860842528
65163213205
1769686333863
32922256786
65198815215
1769686335005
32952164450
65229695438
1769686336005
32978793612
65260600701
1769686337005
33005245216
65291344197
1769686338005
33033189007
65322309973
1769686339005
33060468724
65353478130
1769686340005
33087282249
65384299855
1769686341005
33114301268
65415171458
1769686342005
33143562755
65446857929
1769686343005
33178729210
65478146365
1769686344005
33206735193
65509104924
1769686345005
33233893716
7400847
1769686346005
33260664899
38320985
1769686347005
33288189156
69214895
1769686348004
33315672537
100236118
1769686349005
33342663130
131400827
1769686350005
33376345089
162191700
1769686351005
33403336964
192940202
1769686352005
33431948735
224443791
1769686353005
33461325451
255728001
1769686354005
33490838909
286729907
1769686355005
33518988683
317674382
1769686356005
33545915391
348529034
1769686357005
33573376083
416739709
1769686359201
33629006614
441665727
1769686360005
33656128243
472484354
1769686361005
33683234126
503374404
1769686362005
33711849376
534883715
1769686363005
33740294331
565895875
1769686364005
33769025481
596902038
1769686365005
33797463051
627752707
1769686366005
33829927376
658678033
1769686367005
33856203528
689529679
1769686368005
33884221916
720783220
1769686369005
33911719578
751928628
1769686370005
33938834296
782832364
1769686371005
33965438343
813806791
1769686372005
33994313482
845150217
1769686373005
34027403980
876672695
1769686374005
34055898127
907692454
1769686375005
34083918315
938544862
1769686376005
34112146790
969525712
1769686377005
34138714630
1000294339
1769686378005
34166428910
1031167330
1769686379005
34194281336
1062144702
1769686380005
34221762474
1092991190
1769686381005
34253107411
1123839647
1769686382005
34285218650
1154728735
1769686383005
34315466826
1204994263
1769686384601
34344430935
1217503336
1769686385005
34374135484
1248364060
1769686386005
34401225361
1279119229
1769686387005
34428589119
1309880837
1769686388005
34456915200
1340761763
1769686389005
34484697256
1371773205
1769686390005
34512200808
1402617802
1769686391005
34539065126
1433520592
1769686392005
34568823383
1464725842
1769686393005
34597547285
1495731807
1769686394005
34625636302
1526728281
1769686395005
34653914930
1557610976
1769686396005
34680666110
1588472997
1769686397005
34715044551
1619439108
1769686398005
34742769069
1650304959
1769686399005
34769977119
1681591641
1769686400005
34797359554
1712561948
1769686401005
34824582221
1743497543
1769686402005
34854246626
1774743012
1769686403005
34888986010
1849806590
1769686405424
34948481835
1867791011
1769686406005
34975907342
1898641253
1769686407005
35002565311
1929446224
1769686408005
35029538678
1960215278
1769686409005
35058038440
1991540974
1769686410005
35084831244
2022459847
1769686411005
35112620288
2053340147
1769686412005
35143408262
2084405419
1769686413005
35177393275
2115442251
1769686414005
35205464623
2146481173
1769686415005
35233066513
2177341226
1769686416005
35260339044
2208129368
1769686417005
35288438802
2238974010
1769686418005
35315332324
2269727241
1769686419005
35342716345
2300938716
1769686420005
35369558051
2331917033
1769686421005
35397102128
2362883877
1769686422005
35426061324
2394111449
1769686423005
35454532187
2425055207
1769686424005
35482351641
2455712923
1769686425005
35510248666
2486598762
1769686426005
35537477086
2517316427
1769686427005
35563875806
2547921015
1769686428004
35594777696
2578640236
1769686429005
35626423994
2655533949
1769686431490
35683051284
2671409654
1769686432005
35712798754
2702474820
1769686433005
35746002084
2733920566
1769686434005
35774952812
2765077265
1769686435005
35802231751
2796278349
1769686436005
35829145734
2827137959
1769686437005
35855801475
2857803961
1769686438005
35882679174
2888562441
1769686439005
35909832036
2919343854
1769686440005
35937052369
2950192951
1769686441005
35964931650
2980895312
1769686442005
35994606858
3011846669
1769686443005
36024567573
3042815130
1769686444005
36058976576
3073665478
1769686445005
36087307416
3104658596
1769686446005
36114738325
3135426124
1769686447005
36141617886
3166114295
1769686448005
36168608784
3196758752
1769686449005
36195629955
3227737726
1769686450005
36222787700
3258705408
1769686451005
36250515315
3289413781
1769686452005
36280429250
3320342281
1769686453005
36308764592
3351094750
1769686454005
36336785115
3381870777
1769686455005
36366867346
3425761848
1769686456425
36394630329
3443554400
1769686457005
36421351222
3474245318
1769686458005
36448348255
3504910526
1769686459005
36475928341
3535731106
1769686460005
36510289723
3566899981
1769686461005
36537807877
3597622162
1769686462005
36566603797
3628902679
1769686463005
36600843130
3659792134
1769686464005
36629293411
3690617337
1769686465004
36657264041
3721602872
1769686466005
36684176040
3752382912
1769686467005
36711101009
3783043100
1769686468005
36740417531
3813777060
1769686469005
36768031536
3844608596
1769686470005
36794970725
3875589339
1769686471005
36821742305
3906431326
1769686472005
36850422859
3938038700
1769686473005
36877299643
3969347796
1769686474005
36905353155
4000209619
1769686475005
36936859185
4031216026
1769686476005
36965950210
4062027131
1769686477005
36993050463
4092824153
1769686478005
37020172855
4123723281
1769686479005
37047167140
4154814584
1769686480005
37076115869
4229444056
1769686482402
37133950601
4248518250
1769686483005
37162539607
4279557507
1769686484005
37195480439
4310775970
1769686485005
37223330409
4341762024
1769686486005
37250089462
4372738342
1769686487005
37276921540
4403559243
1769686488005
37303842480
4434386003
1769686489005
37331302303
4465473354
1769686490005
37358457866
4496552252
1769686491005
37392308837
4527402371
1769686492005
37420812383
4559021311
1769686493005
37455634695
4590132633
1769686494005
37485268157
4621456040
1769686495005
37511889979
4652659062
1769686496005
37538924592
4683768370
1769686497005
37566437406
4714697892
1769686498005
37593676567
4745607441
1769686499005
37621256424
4776430631
1769686500005
37648317662
4807267232
1769686501005
37675986550
4838397290
1769686502005
37704837154
4870059379
1769686503005
37732836134
4896445481
1769686504005
37761934803
4919589289
1769686505005
37791400610
4943919238
1769686506005
37821191290
4967349240
1769686507005
37910096162
5039613599
1769686510005
37938532909
5069887791
1769686511006
37971366447
5101605099
1769686512005
38008460567
5132272183
1769686513005
38048771272
5163367820
1769686514005
38086480305
5194252499
1769686515005
38120947227
5223553565
1769686516005
38155956907
5255226137
1769686517005
38193868246
5288102244
1769686518005
38238851027
5317721409
1769686519005
38270943819
5342669338
1769686520005
38298331151
5366895411
1769686521005
38326227184
5390869207
1769686522005
38358831074
5417832245
1769686523005
38397484196
5446462203
1769686524005
38427444164
5473459022
1769686525005
38456955577
5498515771
1769686526005
38485681524
5523374074
1769686527005
38514773693
5549082308
1769686528008
38545250373
5575104843
1769686529005
38575246853
5600833981
1769686530005
38605707314
5627618637
1769686531011
38635850592
5655014010
1769686532005
38666984053
5684156805
1769686533005
38694788645
5707392023
1769686534005
38725233405
5733831589
1769686535005
38755552180
5761581466
1769686536005
38784384933
5787927180
1769686537005
38813308563
5814218911
1769686538005
38848213862
5839407687
1769686539005
38878798859
5867164766
1769686540005
38908824985
5894482522
1769686541005
38937807648
5920211141
1769686542005
38968083853
5947716906
1769686543005
38997628132
5975015604
1769686544005
39027296794
6000060054
1769686545005
39057133203
6026459721
1769686546005
39085642471
6052769197
1769686547005
39114941630
6079106122
1769686548005
39145430547
6104693803
1769686549005
39174897056
6130620350
1769686550005
39205615316
6155347083
1769686551005
39233813473
6179540153
1769686552004
39264596549
6207238046
1769686553005
39300823024
6231964855
1769686554005
39337801244
6256848395
1769686555005
39370110243
6283343424
1769686556005
39398787928
6308281130
1769686557005
39429854711
6373658043
1769686559640
39485907660
6383256058
1769686560005
39516074435
6410091187
1769686561005
39547426527
6437160436
1769686562005
39577168001
6464880529
1769686563005
39607978816
6491064585
1769686564005
39640068648
6517675117
1769686565005
39673997802
6550534166
1769686566005
39702825779
6585051332
1769686567006
39730781944
6620911569
1769686568005
39758742031
6652547857
1769686569005
39788448914
6685604665
1769686570005
39820014481
6718599250
1769686571005
39851507695
6754129456
1769686572005
39883826260
6783251455
1769686573005
39917095978
6811703643
1769686574005
39950342031
6841910592
1769686575005
39980918407
6868651564
1769686576005
40013755027
6898948292
1769686577005
40044401437
6927212989
1769686578007
40074473994
6952648350
1769686579005
40107498775
6982613933
1769686580005
40138763470
7010101830
1769686581006
40170573119
7038200108
1769686582005
40203015320
7068882665
1769686583005
40238162474
7097232273
1769686584005
40273435293
7128087489
1769686585005
40311548907
7158248145
1769686586005
40344994855
7186320439
1769686587005
40371895807
7208934229
1769686588005
40404248459
7236993966
1769686589005
40437506550
7264740288
1769686590005
40470467568
7293961967
1769686591005
40501785102
7322108323
1769686592005
40537126215
7352820007
1769686593005
40569176193
7380927913
1769686594005
40603970903
7411255858
1769686595005
40635372355
7438864431
1769686596005
40666633220
7466626622
1769686597006
40697645044
7494074146
1769686598005
40733969063
7523732921
1769686599005
40761469426
7547080866
1769686600005
40792868223
7574434370
1769686601005
40830383907
7603567370
1769686602005
40864640482
7633371737
1769686603005
40899444224
7663587276
1769686604005
40932446241
7691533555
1769686605005
40964876769
7719157797
1769686606005
40999583134
7748542111
1769686607005
41032762495
7776696036
1769686608005
41068807536
7806553485
1769686609005
41101675770
7833646567
1769686610005
41134142475
7860547962
1769686611005
41167533510
7888031037
1769686612005
41205465691
7918971851
1769686613005
41241790488
7946773208
1769686614005
41276464949
7975212350
1769686615005
41310549093
8003569618
1769686616005
41344918288
8030266327
1769686617005
41377348892
8053271561
1769686618005
41406806109
8078117551
1769686619005
41440857082
8114921693
1769686620388
41467796042
8129027547
1769686621005
41503775597
8159121495
1769686622005
41536327746
8187997763
1769686623005
41569266228
8214436689
1769686624005
41603740474
8243403590
1769686625006
41635171466
8270297737
1769686626005
41668211825
8298646979
1769686627005
41700102861
8325068739
1769686628005
41732490087
8351273164
1769686629005
41766590481
8379647551
1769686630005
41798789881
8406122225
1769686631005
41834616947
8435800378
1769686632005
41876860322
8466881489
1769686633005
41911995834
8494276144
1769686634005
41949296105
8523210119
1769686635005
41982927758
8550229107
1769686636005
42018439792
8605719768
1769686638175
42073755993
8624642221
1769686639005
42100692069
8647810914
1769686640005
42132535195
8709338936
1769686642522
42224817410
8754321565
1769686644005
42256380627
8780531757
1769686645005
42287917433
8880997509
1769686649293
42465817062
8946092439
1769686652005
42497351762
8972444089
1769686653005
42533248023
8998350555
1769686654005
42567481711
9026081742
1769686655005
42598592239
9052334977
1769686656005
42625526805
9075687575
1769686657005
42653624076
9100549570
1769686658005
42683392022
9124943664
1769686659005
42726136623
9172408388
1769686660739
42856882562
9637237422
1769686680382
43365610526
9651853091
1769686681006
43392760336
9674930007
1769686682005
43421302973
9699143248
1769686683005
43448446254
9722911580
1769686684005
43477006315
9746860736
1769686685005
43505807728
9770065697
1769686686006
43532929906
9792862187
1769686687005
43559781667
9815452983
1769686688005
43586687762
9837997975
1769686689005
43613759253
9861155469
1769686690005
43641972744
9883863477
1769686691005
43670075325
9906724279
1769686692005
43699646382
9930940816
1769686693005
43727154329
9954987698
1769686694005
43754861270
9991337244
1769686695535
43818380019
10029412881
1769686697005
43847121208
10064300298
1769686698005
43882523949
10096762395
1769686699005
43919461995
10127517960
1769686700005
43956991457
10158103171
1769686701006
43990526359
10188102443
1769686702005
44020741731
10213810663
1769686703005
44057923997
10242601502
1769686704005
44096178854
10273089137
1769686705005
44134261434
10314632567
1769686706005
44166692648
10342643997
1769686707005
44195703874
10368381069
1769686708005
44224309603
10392965537
1769686709005
44256948067
10419163095
1769686710005
44287301142
10442833334
1769686711005
44321040410
10468408565
1769686712005
44352843788
10495683857
1769686713005
44381769752
10522025574
1769686714005
44411509532
10548347821
1769686715005
44439983722
10573342119
1769686716005
44470148513
10600672385
1769686717005
44498926093
10626448885
1769686718005
44527863012
10652099398
1769686719005
44556361248
10677352563
1769686720005
44584639266
10703709675
1769686721005
44613046107
10729957783
1769686722005
44643878527
10759076456
1769686723005
44674852603
10784442209
1769686724005
44704777782
10810069149
1769686725005
44734642449
10835703612
1769686726005
44768921346
10859932492
1769686727005
44799351352
10885502992
1769686728005
44829077659
10910195151
1769686729005
44859975002
10936335706
1769686730005
44890672237
10962211672
1769686731005
44921928296
10989139860
1769686732005
44953348592
11014488372
1769686733005
44989268609
11040225567
1769686734005
45021357495
11065203935
1769686735006
45051275443
11089907964
1769686736005
45082863897
11115982605
1769686737005
45114042628
11142759449
1769686738005
45142267685
11166371707
1769686739005
45172271428
11191516739
1769686740005
45201406930
11214855970
1769686741005
45229849765
11238799297
1769686742005
45264723511
11263551359
1769686743005
45294493272
11290422436
1769686744005
45324560718
11315644078
1769686745005
45355088146
11341924747
1769686746005
45387816525
11368309903
1769686747005
45417491825
11392528728
1769686748005
45447251348
11416825582
1769686749005
45477538799
11442732919
1769686750005
45506181910
11467794565
1769686751005
45534320302
11492185729
1769686752005
45563428965
11519134928
1769686753005
45592679558
11544943392
1769686754005
45623774248
11569968114
1769686755005
45655305714
11595429581
1769686756005
45684662731
11619934311
1769686757005
45716479964
11645418924
1769686758009
45753141398
11678118970
1769686759005
45787572143
11711260261
1769686760005
45820262133
11743871444
1769686761005
45851999719
11772759797
1769686762005
45883494200
11801930179
1769686763006
45920886370
11830658048
1769686764005
45954490604
11860543084
1769686765005
45988256986
11889461571
1769686766005
46019342185
11917502342
1769686767005
46048684204
11942935139
1769686768005
46079747967
11970999270
1769686769005
46112143264
12002111110
1769686770005
46142702993
12030138378
1769686771005
46173676367
12058059023
1769686772007
46208066221
12087023864
1769686773005
46241778543
12114177977
1769686774005
46274993653
12143367355
1769686775005
46306939831
12171111465
1769686776005
46337210787
12198817170
1769686777005
46369020681
12226670314
1769686778005
46400167202
12252721334
1769686779005
46429501791
12278785340
1769686780006
46461115009
12306596676
1769686781005
46493513251
12335356252
1769686782005
46526015141
12364842962
1769686783005
46557638887
12390224249
1769686784005
46592321511
12420507595
1769686785005
46628006402
12451261299
1769686786005
46658217807
12477200937
1769686787005
46689781589
12504891323
1769686788005
46722070981
12530932029
1769686789005
46760502053
12558605327
1769686790005
46790077397
12584011148
1769686791005
46819552985
12609620968
1769686792005
46852046727
12636595678
1769686793005
46886533743
12671202867
1769686794005
46916833507
12697341133
1769686795006
46947412019
12723188215
1769686796005
46980808104
12753171345
1769686797005
47008930703
12776263123
1769686798005
47041158056
12804190725
1769686799005
47070963964
12829874410
1769686800005
47100865539
12856681495
1769686801005
47131145513
12883418424
1769686802005
47164048383
12913489455
1769686803005
47194422957
12940703929
1769686804005
47228339553
12968959594
1769686805005
47264912537
12998359349
1769686806005
47296647651
13026758988
1769686807005
47329428671
13054485230
1769686808005
47362268006
13082335917
1769686809005
47394759429
13110153158
1769686810005
47426979549
13137682207
1769686811005
47456131560
13163524117
1769686812005
47488583999
13190519120
1769686813005
47522034005
13218817262
1769686814005
47554158717
13246814792
1769686815005
47586964165
13274599046
1769686816005
47617162692
13300072780
1769686817005
47648753008
13327801052
1769686818005
47681285032
13355216459
1769686819005
47712948678
13383266949
1769686820005
47750525912
13411888455
1769686821005
47783034348
13439411323
1769686822005
47816541404
13468455445
1769686823006
47848754887
13498988336
1769686824006
47881798741
13526769064
1769686825005
47913344885
13553662434
1769686826005
47944039617
13585316909
1769686827290
47975904805
13605346406
1769686828005
48007495091
13632216980
1769686829006
48036836469
13657525379
1769686830005
48069988319
13686639322
1769686831005
48100798615
13711783148
1769686832005
48132365663
13739850437
1769686833005
48169161535
13770284700
1769686834005
48200790118
13796779698
1769686835005
48232319325
13822886792
1769686836005
48269529651
13850771825
1769686837005
48301385791
13878305176
1769686838005
48333028228
13905977359
1769686839005
48365557445
13932090236
1769686840005
48397099714
13957803369
1769686841005
48430675507
13986838381
1769686842005
48462399666
14014808813
1769686843005
48497798577
14043042781
1769686844005
48532153139
14071792820
1769686845005
48569253241
14102362101
1769686846005
48605520011
14131418017
1769686847005
48637812165
14160271673
1769686848005
48667733682
14185398700
1769686849005
48698019958
14213602045
1769686850005
48726354674
14236643029
1769686851005
48756191129
14261057568
1769686852005
48789467774
14286307941
1769686853005
48824270372
14310762853
1769686854005
48865170997
14415346540
1769686857653
49858582315
15143239241
1769686888005
49886653678
15166155598
1769686889005
49915534707
15189089333
1769686890005
49943647969
15212195773
1769686891005
49971164491
15235696923
1769686892004
50173849077
15405917643
1769686899005
50209637006
15437397155
1769686900005
50238973746
15468174891
1769686901005
50267045414
15499898607
1769686902005
50296521826
15531655907
1769686903005
50325690132
15563182230
1769686904005
50354202726
15594638047
1769686905005
50382587931
15626121374
1769686906005
50409956282
15657887263
1769686907005
50437537436
15689223823
1769686908005
50464978782
15713211734
1769686909005
50492852599
15737106448
1769686910005
50521437715
15761355774
1769686911005
50549323144
15785183628
1769686912005
50580906167
15810678953
1769686913005
50614672700
15834907634
1769686914005
50651150260
15860519500
1769686915005
50686446088
15886635993
1769686916005
50727445021
15915993300
1769686917005
50766825827
15940117510
1769686918005
50800955959
15970293928
1769686919005
50834242400
16002786419
1769686920005
50864991481
16033939349
1769686921005
50894806178
16117149020
1769686923614
50970830856
16126710980
1769686924005
51009633873
16152059568
1769686925005
51047429968
16178813388
1769686926005
51076654943
16210329458
1769686927005
51105459514
16241556145
1769686928005
51135489715
16272724531
1769686929005
51163854703
16303332064
1769686930005
51197821071
16331671541
1769686931005
51225972600
16362238198
1769686932005
51257832662
16393793069
1769686933005
51289386709
16425159077
1769686934005
51319838763
16456773775
1769686935005
51347310670
16487686956
1769686936005
51374055975
16518712054
1769686937005
51401218435
16549858423
1769686938005
51427921629
16580509884
1769686939005
51454714783
16611548364
1769686940005
51481823260
16642081834
1769686941005
51509225270
16672884745
1769686942005
51538885800
16704528907
1769686943005
51574234497
16736048837
1769686944005
51603301093
16767399877
1769686945005
51631457474
16799067841
1769686946005
51665301229
16830405820
1769686947005
51692014920
16861394223
1769686948005
51722061950
16892704707
1769686949005
51750986541
16923825397
1769686950005
51777829284
16955133958
1769686951005
51805247391
16985331280
1769686952005
51833871552
17015636353
1769686953005
51863228188
17046996059
1769686954005
51890972252
17077908996
1769686955005
51918586943
17109009256
1769686956005
51945731444
17140258509
1769686957005
51973275277
17171461058
1769686958005
52001570628
17203137124
1769686959005
52028514806
17234548296
1769686960005
52055899193
17265481571
1769686961005
52085924755
17296571974
1769686962005
52117059955
17328261375
1769686963005
52147168994
17359434568
1769686964006
52174996367
17390116239
1769686965005
52202907094
17420742707
1769686966005
52230517452
17451789213
1769686967005
52257762777
17482974139
1769686968005
52287566809
17514125619
1769686969005
52320342839
17545367289
1769686970005
52353853984
17576885206
1769686971005
52388210118
17608661792
1769686972005
52420401660
17640790272
1769686973005
52456369419
17671704689
1769686974005
52486158315
17702755818
1769686975005
52515035270
17733674720
1769686976005
52543801818
17764844236
1769686977005
52577871696
17795835767
1769686978005
52606839711
17826914955
1769686979006
52639963837
17858276141
1769686980005
52672645451
17890116642
1769686981005
52702613139
17920863175
1769686982005
52735362727
17952972706
1769686983005
52765306583
17983833018
1769686984005
52794295089
18014832422
1769686985005
52822039321
18046336072
1769686986005
52850213538
18078380313
1769686987005
52877601191
18109666537
1769686988005
52904816840
18140530038
1769686989005
52933518801
18171835975
1769686990005
52960909657
18202774896
1769686991006
52988386065
18233789208
1769686992005
53018287839
18264861255
1769686993005
53052910362
18295909790
1769686994005
53081625384
18327029747
1769686995005
53108443348
18357928433
1769686996005
53135670166
18389138702
1769686997005
53163319935
18420495418
1769686998006
53190685036
18451605260
1769686999005
53218889053
18482820656
1769687000005
53246032623
18513671843
1769687001005
53273163498
18544460046
1769687002005
53305844929
18576834074
1769687003006
53374178751
18639981931
1769687005005
53402128585
18671396429
1769687006006
53432512206
18702662192
1769687007006
53460093147
18733540768
1769687008005
53490352431
18764327597
1769687009005
53521074292
18795065510
1769687010005
53548845546
18826210414
1769687011005
53576189072
18857098373
1769687012005
53605467495
18888565084
1769687013005
53634367093
18919426815
1769687014005
53662818915
18950140025
1769687015005
53691343944
18981470329
1769687016005
53719033430
19012537173
1769687017005
53746766447
19043494221
1769687018005
53773542223
19074182270
1769687019005
53801044417
19104934037
1769687020005
53829051758
19136138508
1769687021006
53856837766
19166996074
1769687022005
53886173956
19198116672
1769687023005
53914847461
19228869644
1769687024005
53948448064
19259897840
1769687025005
53976078441
19291262643
1769687026005
54003639775
19322531625
1769687027005
54031561061
19353750286
1769687028005
54058554110
19384481760
1769687029005
54085892968
19415281482
1769687030005
54113468675
19446540379
1769687031005
54140087476
19477838413
1769687032005
54167725451
19509536831
1769687033005
54202105662
19540547068
1769687034005
54230419826
19571535563
1769687035005
54258407957
19602777645
1769687036005
54286597966
19633834068
1769687037005
54314053623
19664884190
1769687038005
54340854804
19695701047
1769687039005
54367629283
19726664793
1769687040005
54401132265
19756611746
1769687041005
54428735452
19788119745
1769687042005
54459113886
19819477102
1769687043005
54488461306
19850659769
1769687044004
54516480853
19881630000
1769687045004
54544649410
19912633997
1769687046006
54572646161
19943676459
1769687047005
54600455713
19974657965
1769687048005
54627531064
20005386784
1769687049005
54655094977
20036127153
1769687050005
54682279728
20066876661
1769687051005
54710798151
20098770626
1769687052005
54739520100
20130440406
1769687053005
54768106558
20161042003
1769687054005
54795929414
20191693921
1769687055005
54826818640
20222531651
1769687056005
54857594804
20253666791
1769687057005
54884567210
20284841280
1769687058005
54911498221
20315603224
1769687059005
54939905230
20346801073
1769687060005
54967083451
20377897488
1769687061005
54995041615
20409127242
1769687062005
55022926495
20441006300
1769687063005
55057517220
20471782983
1769687064005
55085535363
20502374250
1769687065005
55112788196
20532728867
1769687066005
55139870795
20563087953
1769687067005
55166984169
20593554304
1769687068006
55193874289
20623676190
1769687069005
55221233714
20653929950
1769687070005
55247868796
20684188807
1769687071005
55282313227
20714768403
1769687072004
55311597632
20745898629
1769687073005
55338474965
20776570016
1769687074005
55367107975
20807054371
1769687075005
55394370420
20837303875
1769687076005
55421105488
20867708797
1769687077005
55447697603
20898311218
1769687078005
55474039625
20928513712
1769687079005
55500884581
20959100997
1769687080005
55527554847
20989338707
1769687081006
55554634197
21019879424
1769687082005
55582665233
21051258524
1769687083005
55610980602
21081563384
1769687084005
55638297884
21111641097
1769687085005
55665852627
21141949604
1769687086005
55692544316
21172192440
1769687087006
55726457266
21202660164
1769687088005
55752981773
21232852404
1769687089006
55779618747
21263372539
1769687090005
55806201357
21293568396
1769687091005
55832579234
21324031313
1769687092005
55861355639
21355671645
1769687093006
55894565454
21386565021
1769687094005
55922813292
21416752745
1769687095005
55950079887
21447055682
1769687096005
55976674093
21477265973
1769687097005
56004057305
21507954816
1769687098005
56030859279
21538264329
1769687099005
56057577700
21568912448
1769687100005
56094421849
21604558767
1769687101063
56144967880
21641701256
1769687102021
56185183039
21673368441
1769687103005
56216829520
21704189861
1769687104005
56245638226
21734546003
1769687105005
56272734130
21765019326
1769687106005
56299363139
21795263734
1769687107005
56326760663
21825932848
1769687108005
56353451300
21856295673
1769687109005
56381145012
21886514142
1769687110005
56408197400
21916713202
1769687111005
56435090053
21946908708
1769687112005
56465358278
21977958906
1769687113005
56492127996
22008799886
1769687114005
56519716673
22038909428
1769687115005
56546902859
22068965751
1769687116005
56573571310
22098991480
1769687117005
56600712133
22129422554
1769687118005
56634750168
22159796457
1769687119005
56664641322
22189922752
1769687120005
56691269126
22220183928
1769687121005
56717999555
22250393990
1769687122005
56745960832
22281702658
1769687123005
56780881496
22312144016
1769687124005
56808598676
22342380215
1769687125005
56835909443
22372461057
1769687126005
56862408408
22402698629
1769687127005
56889617954
22433203338
1769687128005
56917384798
22463514957
1769687129006
56944443564
22493952821
1769687130005
56970952752
22524413404
1769687131006
56997503976
22554907707
1769687132005
57026280839
22585921698
1769687133005
57055448688
22616095522
1769687134005
57089328451
22646173693
1769687135005
57117408115
22676500555
1769687136005
57144454796
22706772031
1769687137006
57171673375
22737266181
1769687138005
57198510823
22768419874
1769687139026
57226623139
22798237530
1769687140005
57253542295
22828683374
1769687141005
57280742075
22858947831
1769687142005
57310715317
22889783364
1769687143005
57339740153
22920597704
1769687144005
57367605671
22950960864
1769687145005
57395050922
22981211314
1769687146005
57421513833
23011475069
1769687147005
57448377952
23041801412
1769687148005
57475544730
23072397577
1769687149005
57505646643
23102306568
1769687150005
57535682687
23185322081
1769687152737
57590678485
23193426139
1769687153004
57625041302
23224094749
1769687154005
57653138588
23254068327
1769687155005
57680202237
23284243708
1769687156005
57706920399
23332671517
1769687157603
57733701011
23344981717
1769687158005
57760642901
23375415552
1769687159005
57787572340
23405765957
1769687160005
57814141386
23436158032
1769687161005
57840806907
23466727450
1769687162005
57896433227
23528850184
1769687164005
57924113970
23559022497
1769687165005
57958208642
23589093543
1769687166005
57984737300
23619370130
1769687167005
58011564953
23683969801
1769687169138
58066494317
23710210144
1769687170005
58093240813
23740508458
1769687171005
58120260702
23770833244
1769687172005
58148970017
23801582966
1769687173005
58175958261
23832733257
1769687174005
58203891799
23863015565
1769687175005
58231244953
23893252268
1769687176005
58257703560
23923390739
1769687177005
58284724410
23953739038
1769687178006
58311615308
23984100612
1769687179006
58338734984
24017825339
1769687180115
58365571578
24044729877
1769687181005
58399085714
24074931257
1769687182005
58427057321
24105787327
1769687183005
58461496259
24136387155
1769687184006
58489527723
24167012021
1769687185005
58516856113
24196778761
1769687186005
58543169602
24227057576
1769687187005
58570302476
24257495653
1769687188006
58597495909
24287970914
1769687189005
58624189552
24318575472
1769687190005
58650615797
24348921848
1769687191005
58677110155
24379213693
1769687192005
58705174530
24410187418
1769687193005
58734003758
24440627982
1769687194005
58761685249
24471067464
1769687195005
58788813332
24501465946
1769687196005
58818980137
24531808768
1769687197005
58848656566
24562181053
1769687198005
58876822788
24592475476
1769687199005
58904785652
24623047702
1769687200005
58931889078
24653405095
1769687201005
58958801108
24683743294
1769687202005
58988378161
24714279007
1769687203006
59016135682
24745053355
1769687204005
59044746141
24775353836
1769687205005
59072702535
24805509564
1769687206005
59099681594
24835701866
1769687207005
59126412038
24865421673
1769687208006
59153949799
24895971988
1769687209005
59181700408
24926360996
1769687210005
59208940928
24956613597
1769687211006
59235885243
24987063576
1769687212005
59270148318
25018117374
1769687213005
59303063547
25049093540
1769687214005
59331608076
25079373987
1769687215005
59359110972
25109582340
1769687216005
59385747351
25139815838
1769687217005
59412307135
25169993736
1769687218005
59440336447
25200405311
1769687219005
59468126071
25231318873
1769687220005
59494871469
25261385769
1769687221005
59522039757
25291639087
1769687222005
59551502070
25322281637
1769687223005
59578695411
25353025119
1769687224005
59607054861
25383573038
1769687225005
59634245197
25413700768
1769687226005
59661203458
25443640443
1769687227005
59688749412
25480905682
1769687228005
59735212921
25517560036
1769687229005
59779500960
25554204977
1769687230005
59823159591
25589809916
1769687231005
59866399985
25625568092
1769687232005
59907724447
25665307141
1769687233005
59946038185
25707253794
1769687234005
59983163371
25750732991
1769687235005
60020323101
25793311081
1769687236005
60057150389
25835453738
1769687237005
60093811564
25876523040
1769687238005
60131125964
25917468356
1769687239005
60168772714
25958515641
1769687240005
60205163731
25999895322
1769687241005
60241147755
26040944728
1769687242005
60279272188
26082162537
1769687243005
60320353147
26123525418
1769687244005
60359691308
26164618661
1769687245005
60396748855
26354660316
1769687249630
60542183961
26370264718
1769687250005
60578795135
26411409273
1769687251005
60615229744
26452581049
1769687252005
60653180235
26494272145
1769687253005
60690246326
26535399993
1769687254005
60727369376
26576413451
1769687255005
60764403670
26617455274
1769687256005
60800639146
26658549111
1769687257005
60836861837
26699483823
1769687258005
60873414558
26740488172
1769687259005
60913145764
26781746063
1769687260005
60949940385
26823022295
1769687261005
60986412071
26864262929
1769687262005
61023763380
26906117531
1769687263005
61060861468
26947265107
1769687264005
61098098006
26988310866
1769687265005
61135023434
27029272828
1769687266005
61171306989
27070318908
1769687267005
61207540253
27111372404
1769687268005
61244147994
27152764550
1769687269005
61281382733
27193903872
1769687270005
61317889878
27234970794
1769687271005
61354287776
27276331631
1769687272005
61392027401
27318138261
1769687273005
61431578670
27359505049
1769687274005
61469074000
27400762025
1769687275005
61508885845
27441987813
1769687276005
61545258796
27483322544
1769687277005
61581548103
27524552300
1769687278005
61618201084
27565642567
1769687279005
61655447784
27606571068
1769687280005
61692164102
27647749923
1769687281005
61728576846
27729812253
1769687282984
61766220925
27730647568
1769687283004
61803368251
27771957092
1769687284005
61840520580
27813126503
1769687285005
61877447687
27854291030
1769687286005
61913599855
27895411203
1769687287005
61949876101
27936537448
1769687288005
61986505447
27977897050
1769687289005
62023569372
28018998577
1769687290005
62061226818
28060259016
1769687291005
62099492768
28101435400
1769687292005
62137584182
28143105226
1769687293005
62174555872
28184200788
1769687294005
62211394040
28225313835
1769687295005
62248792420
28266462479
1769687296005
62285050128
28307470689
1769687297005
62321189143
28348500183
1769687298005
62357777385
28389684333
1769687299005
62394506580
28430682685
1769687300005
62431312171
28471725607
1769687301005
62468233159
28512984887
1769687302004
62506192668
28554553339
1769687303005
62545781273
28595859141
1769687304005
62583140761
28637051575
1769687305005
62620245821
28678343767
1769687306005
62658771981
28719719389
1769687307005
62695955712
28760980988
1769687308005
62732578208
28802151039
1769687309005
62769211079
28843029372
1769687310005
62806095448
28883942586
1769687311005
62842834652
28924876992
1769687312005
62880973762
28966240103
1769687313005
62918000229
29007331453
1769687314005
62954823428
29048440808
1769687315005
62991977497
29089905796
1769687316005
63028793419
29131262574
1769687317005
63065109992
29172341154
1769687318005
63101767611
29213812276
1769687319005
63138546990
29255127766
1769687320005
63175407937
29296606975
1769687321005
63212124667
29337837463
1769687322005
63252277741
29379674777
1769687323005
63289498534
29420622092
1769687324005
63326427731
29461498289
1769687325005
63363718740
29502595651
1769687326005
63400596563
29543545468
1769687327005
63437071301
29584417088
1769687328005
63473857637
29625460192
1769687329007
63510544003
29666272047
1769687330005
63547388853
29707382118
1769687331005
63584119299
29748935908
1769687332005
63622033171
29790817684
1769687333005
63661769260
29832736460
1769687334005
63699005768
29874471225
1769687335005
63736114658
29916395434
1769687336005
63772833615
29958340164
1769687337005
63809500039
29999909395
1769687338005
63848379711
30041320583
1769687339005
63885110493
30082390237
1769687340005
63922053117
30123464040
1769687341005
63959050807
30164772542
1769687342005
63996995134
30205957409
1769687343005
64034037896
30247118809
1769687344005
64070782974
30288052788
1769687345005
64108148336
30329304912
1769687346005
64144806444
30370813035
1769687347005
64180549621
30412348698
1769687348005
64208643048
30456593968
1769687349006
64236440026
30501067544
1769687350005
64267489431
30544704326
1769687351005
64304281473
30586144779
1769687352005
64342310238
30627454197
1769687353005
64381364462
30668352091
1769687354005
64419119513
30709276152
1769687355005
64456309363
30750154715
1769687356005
64493150979
30791102548
1769687357005
64529646802
30832088252
1769687358005
64566545727
30873008148
1769687359005
64603261449
30913971865
1769687360005
64640139852
30955031265
1769687361005
64676647944
30996047546
1769687362005
64714789327
31037475641
1769687363005
64754477338
31078753734
1769687364005
64791730417
31120030362
1769687365005
64828837934
31161086695
1769687366005
64865145337
31202251925
1769687367005
64901689193
31243294694
1769687368005
64938427634
31284411937
1769687369005
64978075669
31325973020
1769687370005
65014567083
31367739796
1769687371005
65051495639
31409395830
1769687372005
65089555484
31451245091
1769687373005
65126622461
31493097022
1769687374005
65163521492
31534720861
1769687375005
65200287596
31576049107
1769687376005
65236889433
31617376926
1769687377005
65273680072
31658501447
1769687378005
65310453378
31699736970
1769687379005
65347073325
31740825666
1769687380005
65383605982
31782063600
1769687381005
65420891193
31823149671
1769687382005
65459392742
31864649417
1769687383005
65496769044
31905935642
1769687384005
1189574
31946953464
1769687385005
40695725
31988336944
1769687386005
77694651
32029980130
1769687387005
114604989
32071359948
1769687388005
151763025
32112962991
1769687389005
189655826
32154463317
1769687390005
226582490
32195792066
1769687391005
264386336
32236795714
1769687392005
302725235
32278404310
1769687393005
343139832
32319502817
1769687394005
381301417
32360504679
1769687395005
418805566
32401492229
1769687396005
456353597
32442494183
1769687397005
493491675
32483391863
1769687398005
530394720
32524532054
1769687399005
568301939
32565677891
1769687400005
606580859
32606868540
1769687401005
645529910
32648196679
1769687402005
684410544
32689601627
1769687403005
722408594
32730848655
1769687404005
761255309
32771946017
1769687405005
799125040
32813105662
1769687406005
836956167
32854231694
1769687407005
872613915
32896056985
1769687408006
907182562
32937835418
1769687409005
945110517
32979098665
1769687410005
982252425
33020555627
1769687411005
1019627095
33061920462
1769687412005
1058482919
33103753580
1769687413005
1097008698
33144370590
1769687414005
1138133112
33182716721
1769687415005
1179145273
33220984059
1769687416005
1222096696
33259626485
1769687417005
1261657852
33298077362
1769687418005
1300547748
33337677457
1769687419005
1338784311
33379175265
1769687420005
1376956913
33418984211
1769687421005
1417985217
33457360293
1769687422005
1460167804
33495578578
1769687423005
1504462617
33534038625
1769687424005
1545560925
33572325921
1769687425005
1585857410
33610687356
1769687426005
1625963628
33649466478
1769687427005
1665372188
33687934719
1769687428006
1705582114
33726257764
1769687429005
1746013938
33764698297
1769687430005
1785564642
33803071800
1769687431005
1825062905
33842578119
1769687432005
1866528991
33884852514
1769687433005
1905195647
33926235994
1769687434006
1943054972
33967520556
1769687435005
1981203038
34008748542
1769687436005
2018975820
34050073416
1769687437005
2056542389
34091265850
1769687438005
2093884223
34132500946
1769687439005
2132343141
34173928232
1769687440006
2170042394
34215248407
1769687441005
2208133319
34256424179
1769687442005
2246991753
34298042251
1769687443005
2284761696
34339567631
1769687444005
2322451565
34380376357
1769687445005
2363360979
34418812235
1769687446005
2400452964
34460406261
1769687447005
2439387184
34502184587
1769687448005
2478553661
34543561064
1769687449005
2515877872
34585015692
1769687450005
2553143691
34626628896
1769687451005
2590635130
34667909293
1769687452005
2632702153
34707108407
1769687453005
2675482609
34748069119
1769687454005
2713583209
34789655377
1769687455005
2751108719
34830990367
1769687456005
2788547624
34872458728
1769687457005
2825993197
34913958657
1769687458005
2863842131
34955394594
1769687459005
2901903456
34997532200
1769687460005
2939154292
35039238509
1769687461005
2976441975
35080960228
1769687462005
3015900796
35123065198
1769687463005
3056638801
35164763878
1769687464005
3095904349
35206428807
1769687465005
3136229763
35248260338
1769687466005
3173420192
35290017898
1769687467005
3211367021
35331692135
1769687468005
3248931134
35373334772
1769687469005
3286781074
35415134582
1769687470005
3323899074
35456771634
1769687471005
3361488591
35498442133
1769687472005
3400696494
35540639383
1769687473005
3439244656
35583148751
1769687474005
3476988905
35625089331
1769687475005
3515026229
35666896037
1769687476005
3552550717
35709135888
1769687477005
3590383431
35751166246
1769687478005
3628078213
35790204373
1769687479005
3668852121
35829170619
1769687480005
3696962896
35869058190
1769687481005
3725159344
35907204883
1769687482005
3757333385
35945993207
1769687483005
3792861562
35984199849
1769687484006
3822789595
36017648940
1769687485005
3852049602
36048032638
1769687486005
3885515141
36078580100
1769687487005
3912820324
36109305653
1769687488005
3940433794
36139734377
1769687489005
3969628726
36170317787
1769687490005
3996641902
36200743323
1769687491005
4024264054
36231409202
1769687492005
4053654517
36262601711
1769687493005
4081472552
36293528655
1769687494006
4112125813
36323956296
1769687495005
4144852804
36354439491
1769687496005
4171430409
36384959306
1769687497005
4198491296
36415434643
1769687498005
4227155798
36444916486
1769687499005
4255942884
36468177826
1769687500005
4283445871
36490884354
1769687501005
4311905368
36515210840
1769687502005
4341672322
36539085368
1769687503005
4369884761
36563102803
1769687504005
4401686964
36587158856
1769687505005
4434799128
36611581756
1769687506005
4472034202
36637553329
1769687507005
4510024364
36671863627
1769687508005
4541117116
36705761822
1769687509005
4580302269
36739014024
1769687510005
4619261818
36768753484
1769687511005
4661078381
36799798555
1769687512005
4706116137
36834529028
1769687513005
4744195787
36866263593
1769687514005
4787478460
36898408522
1769687515005
4819185164
36929773431
1769687516005
4849834107
36961073570
1769687517006
4880959542
36992612894
1769687518005
4912496241
37024541785
1769687519006
4941916763
37055495689
1769687520005
4969604586
37086321182
1769687521005
4997156689
37117250583
1769687522005
5027185104
37148579376
1769687523005
5055770921
37180034552
1769687524005
5085656934
37210839203
1769687525005
5115253059
37241523438
1769687526005
5150832472
37272170428
1769687527005
5179597220
37302897751
1769687528005
5209504823
37333881790
1769687529005
5240158206
37364788791
1769687530005
5269117783
37389493096
1769687531005
5304704627
37419616828
1769687532005
5336772289
37450277306
1769687533005
5366709614
37481304998
1769687534005
5403768839
37512364946
1769687535005
5440719550
37543272039
1769687536005
5467377122
37573981129
1769687537006
5493928300
37604592217
1769687538005
5521754437
37635569756
1769687539005
5549542063
37666596487
1769687540005
5577237987
37697386978
1769687541005
5604526905
37728316989
1769687542005
5637692381
37759857869
1769687543005
5671058102
37791168231
1769687544005
5699597092
37821911224
1769687545005
5730849566
37852539340
1769687546005
5758074217
37883352123
1769687547006
5784611754
37913965713
1769687548005
5811341161
37944600024
1769687549005
5839470352
37975543110
1769687550005
5866970639
38006308579
1769687551005
5893698062
38037258989
1769687552005
5922654008
38068477971
1769687553005
5949614009
38099819078
1769687554005
5977672617
38130603024
1769687555005
6010127100
38177888039
1769687556735
6215460414
38332348236
1769687563005
6242363915
38363801535
1769687564005
6270281645
38394731653
1769687565005
6298452658
38425478109
1769687566005
6325026800
38456165838
1769687567005
6351334308
38486836371
1769687568005
6377988844
38517567875
1769687569005
6406238268
38548560352
1769687570005
6433390672
38579224645
1769687571005
6460141623
38610099497
1769687572005
6490203622
38641017637
1769687573006
6526512565
38674005708
1769687574005
6554736615
38704954272
1769687575005
6583008255
38735594961
1769687576005
6609762884
38766356553
1769687577005
6636267693
38797054230
1769687578005
6662930514
38827755081
1769687579005
6690593802
38858613272
1769687580005
6718323050
38889346836
1769687581005
6744947253
38920202952
1769687582005
6773512762
38951450970
1769687583006
6800708484
38982658203
1769687584006
6829958192
39013159433
1769687585005
6859549023
39043452544
1769687586005
6886104412
39074182660
1769687587005
6912653073
39104883526
1769687588005
6939828425
39135542005
1769687589005
6973676986
39166458146
1769687590005
7001194332
39197234143
1769687591006
7027783014
39228085056
1769687592005
7056618177
39259210231
1769687593005
7085224440
39289838927
1769687594005
7115187963
39319688168
1769687595005
7143610322
39349554024
1769687596005
7170792571
39380260291
1769687597005
7197371854
39410904123
1769687598005
7223960506
39441553875
1769687599005
7251459435
39472488340
1769687600005
7278479507
39503310767
1769687601005
7306062431
39533932856
1769687602005
7335492595
39564905680
1769687603005
7369117107
39596324206
1769687604005
7402518288
39627428814
1769687605005
7433755183
39656934490
1769687606005
7460821182
39687638255
1769687607005
7487796364
39718334147
1769687608005
7515289648
39751296249
1769687609079
7543688249
39780022668
1769687610005
7571078480
39810847841
1769687611005
7599070487
39841570709
1769687612005
7629076442
39872534974
1769687613005
7657399715
39903181399
1769687614005
7684959310
39933851627
1769687615005
7714215212
39963389452
1769687616005
7741638446
39994234003
1769687617006
7768102120
40024821013
1769687618005
7794605327
40055522047
1769687619005
7822057658
40086341056
1769687620005
7856215422
40117335516
1769687621005
7884410604
40146203667
1769687622005
7913073916
40177931564
1769687623006
7941259013
40208597856
1769687624006
7968918608
40239336073
1769687625005
7996633758
40270217762
1769687626005
8023611871
40300961747
1769687627005
8049936468
40331627413
1769687628005
8076776648
40362346771
1769687629006
8104452951
40392917349
1769687630005
8132619173
40423795818
1769687631005
8159753313
40454733549
1769687632006
8188641743
40485883443
1769687633005
8222948623
40516596271
1769687634005
8251187886
40547332993
1769687635005
8279719323
40578236119
1769687636005
8312744669
40609011276
1769687637005
8339266293
40639726134
1769687638005
8365849787
40670498438
1769687639005
8394415540
40700773453
1769687640005
8421777330
40731739839
1769687641005
8448832602
40762688418
1769687642006
8475900111
40794352369
1769687643005
8504191510
40825066113
1769687644005
8531925122
40855789225
1769687645005
8560052604
40886587055
1769687646005
8587613069
40913503235
1769687647006
8615695631
40942464003
1769687648006
8642539580
40973040577
1769687649005
8670077981
41003800461
1769687650005
8697356691
41034761476
1769687651005
8728119520
41065703021
1769687652005
8759860432
41096951298
1769687653005
8788349773
41127523326
1769687654006
8816184988
41158190151
1769687655005
8844128276
41189010167
1769687656006
8870730660
41219656729
1769687657005
8897953205
41250432405
1769687658005
8924680430
41281281854
1769687659005
8952043578
41312339391
1769687660005
8980540914
41342804322
1769687661005
9007727787
41373627267
1769687662005
9036949374
41404891077
1769687663005
9071502931
41435950079
1769687664005
9100047796
41466553156
1769687665005
9128331321
41497489178
1769687666005
9154666004
41528415680
1769687667005
9188315844
41559317600
1769687668005
9215036783
41590118818
1769687669005
9243158894
41619849504
1769687670005
9270677155
41650972086
1769687671005
9297384697
41681704719
1769687672005
9327450266
41712817612
1769687673005
9355989333
41743576077
1769687674005
9383656923
41774343620
1769687675005
9412392559
41804862504
1769687676005
9438968364
41835767476
1769687677005
9465952533
41866521074
1769687678005
9492669947
41897210786
1769687679005
9520130487
41928044748
1769687680005
9547934805
41958695125
1769687681005
9574820621
41989767798
1769687682005
9603463809
42021293328
1769687683005
9636918667
42052265756
1769687684005
9664510456
42083007589
1769687685005
9691933538
42113715886
1769687686005
9719736955
42144198227
1769687687005
9746676526
42174859925
1769687688005
9773214216
42205562928
1769687689005
9801275982
42236141333
1769687690005
9828433269
42266906450
1769687691005
9858877510
42297534810
1769687692005
9888956277
42328547290
1769687693005
9922401157
42359981440
1769687694005
9951066057
42390902616
1769687695005
9979107499
42421035274
1769687696005
10016745445
42457630184
1769687697005
10052623091
42493924312
1769687698005
10085699460
42526366772
1769687699005
10118552085
42551797219
1769687700006
10146102082
42574800623
1769687701005
10175338348
42598417703
1769687702005
10204841782
42622568630
1769687703005
10233871652
42645744784
1769687704005
10261432101
42668635248
1769687705005
10289178057
42691343073
1769687706005
10316354051
42715796322
1769687707005
10343802521
42738678104
1769687708005
10371259613
42761521222
1769687709005
10399542009
42784365133
1769687710005
10426477796
42807167482
1769687711005
10453115090
42830252500
1769687712005
10480873832
42855008742
1769687713005
10509738459
42879191162
1769687714005
10544708269
42904341503
1769687715005
10574036815
42931534280
1769687716005
10606988053
42964866724
1769687717047
10641403067
42997862484
1769687718005
10677114630
43034880315
1769687719005
10706285317
43064847637
1769687720005
10734644705
43095892922
1769687721005
10776233771
43137585605
1769687722005
10810250781
43170661593
1769687723005
10843886859
43202168859
1769687724005
10873235560
43233158010
1769687725005
10901356344
43264088890
1769687726005
10928463570
43295029902
1769687727006
10955617119
43325907180
1769687728005
10983353050
43356676921
1769687729005
11011058648
43387418953
1769687730005
11044498188
43418243577
1769687731005
11071375750
43449109046
1769687732005
11099011345
43481071169
1769687733005
11128552282
43511570019
1769687734005
11156268363
43542157655
1769687735005
11187158398
43572715752
1769687736005
11213954528
43603289168
1769687737005
11240655952
43633829138
1769687738005
11268658898
43664414745
1769687739005
11296217913
43694870827
1769687740005
11324174551
43725678041
1769687741005
11351272851
43756647844
1769687742005
11379856562
43787677535
1769687743005
11408052309
43818937622
1769687744005
11435708914
43849509833
1769687745005
11466900813
43880143029
1769687746005
11496696818
43910838006
1769687747005
11523310081
43941560126
1769687748005
11551151903
43972264059
1769687749005
11578684354
44002954137
1769687750005
11605630256
44033685580
1769687751005
11632600831
44064404817
1769687752005
11661173832
44095634662
1769687753005
11690309685
44128444611
1769687754006
11719123533
44159670337
1769687755005
11746608928
44190249581
1769687756005
11773351487
44220869443
1769687757006
11799902909
44251462663
1769687758005
11827409543
44281914381
1769687759005
11854551481
44312628980
1769687760005
11881452418
44343472370
1769687761005
11914663133
44374614238
1769687762005
11942400148
44406084809
1769687763005
11971722118
44436636940
1769687764005
11999724241
44467186508
1769687765005
12028233752
44498722582
1769687766005
12055033361
44529500851
1769687767005
12081824365
44560141860
1769687768005
12108972558
44590888439
1769687769005
12136894637
44621952522
1769687770005
12163604514
44652699711
1769687771005
12190897810
44683772979
1769687772005
12219467988
44715128825
1769687773006
12246504798
44746260943
1769687774005
12274935182
44777148063
1769687775005
12302801020
44807900532
1769687776005
12330414582
44839101067
1769687777005
12363213911
44869746851
1769687778005
12390139994
44900349410
1769687779005
12418671508
44931436517
1769687780005
12445426060
44962261796
1769687781005
12472912767
44993169164
1769687782005
12501797519
45024198535
1769687783005
12536414244
45054855778
1769687784005
12565702478
45085709972
1769687785005
12593312409
45116409205
1769687786005
12619848070
45146988037
1769687787005
12647183982
45178025342
1769687788006
12673930936
45208595844
1769687789005
12702516982
45239401563
1769687790005
12729417279
45269597236
1769687791005
12757075318
45300374377
1769687792005
12789829865
45331286017
1769687793005
12819743174
45362553534
1769687794005
12848669550
45393483942
1769687795005
12876260835
45424051987
1769687796005
12903457167
45454991717
1769687797005
12930270203
45485976244
1769687798006
12956969323
45516753690
1769687799005
12985395771
45547602680
1769687800005
13011876274
45578369980
1769687801005
13039172424
45609371886
1769687802005
13068002003
45640532414
1769687803006
13096125869
45671363431
1769687804005
13124851556
45702420938
1769687805005
13152335395
45732934130
1769687806005
13178889396
45763336672
1769687807005
13205475606
45794223975
1769687808006
13238589616
45824523174
1769687809006
13266959106
45855319509
1769687810005
13293534758
45885944619
1769687811005
13320570957
45917056932
1769687812005
13348647539
45948586933
1769687813005
13377423699
45981086916
1769687814006
13406298793
46012046298
1769687815005
13433806861
46042631737
1769687816005
13460227980
46073407261
1769687817006
13486616447
46103622022
1769687818005
13514144153
46134947260
1769687819005
13542434606
46166030141
1769687820005
13569119108
46196774324
1769687821006
13596157062
46227950050
1769687822005
13623676239
46259527747
1769687823005
13650633081
46290679136
1769687824005
13684844248
46322354179
1769687825005
13711591324
46353370474
1769687826005
13738120592
46384144624
1769687827005
13764809962
46414832826
1769687828005
13791433249
46445544769
1769687829005
13818601720
46476321910
1769687830005
13845895505
46506943053
1769687831005
13873111230
46537774558
1769687832005
13902748873
46568727409
1769687833005
13929831930
46599932354
1769687834005
13957471904
46630435278
1769687835005
13985500239
46661386894
1769687836005
14012260467
46692155978
1769687837006
14038698172
46722837817
1769687838006
14065417005
46753558549
1769687839005
14095783812
46784445364
1769687840005
14126132890
46815350016
1769687841005
14152918354
46846415350
1769687842005
14182355095
46877751528
1769687843006
14211067600
46910484150
1769687844005
14238793339
46941419317
1769687845005
14267313043
46972339395
1769687846005
14293947728
47003172166
1769687847005
14320442803
47034158860
1769687848005
14347022544
47064725135
1769687849005
14374514591
47095692009
1769687850005
14402009797
47126626948
1769687851005
14428777761
47157725056
1769687852005
14457730197
47189098693
1769687853005
14485865827
47220014422
1769687854005
14512750820
47250909461
1769687855005
14546733514
47282026794
1769687856005
14573348455
47312769269
1769687857005
14599770658
47343455441
1769687858005
14626247941
47374163112
1769687859005
14653776822
47404915688
1769687860005
14681315376
47435967732
1769687861006
14708392405
47466952519
1769687862005
14738019841
47497933979
1769687863005
14764705854
47529227084
1769687864005
14792112258
47560007185
1769687865005
14820544793
47590886570
1769687866005
14846996383
47621537893
1769687867005
14873406363
47652231648
1769687868005
14900122816
47682928090
1769687869005
14927367241
47713632678
1769687870005
14954943391
47744376587
1769687871005
14988241077
47775560384
1769687872005
15017117162
47806765344
1769687873005
15049920032
47838094519
1769687874005
15077897299
47868874238
1769687875005
15106144434
47899777654
1769687876005
15132601852
47930548493
1769687877005
15158878096
47961258178
1769687878005
15185306447
47992050806
1769687879005
15212284651
48022927093
1769687880005
15241035285
48053949018
1769687881005
15267990022
48084988215
1769687882005
15295449738
48116448029
1769687883005
15322213003
48147923162
1769687884005
15349935598
48178511164
1769687885005
15378243873
48209459088
1769687886005
15408964498
48240400343
1769687887005
15438569366
48271043931
1769687888005
15465279914
48301772490
1769687889005
15492481816
48332655537
1769687890005
15519505671
48363434172
1769687891005
15547086459
48394288046
1769687892005
15577937159
48425720746
1769687893005
15605153449
48456887683
1769687894006
15632095521
48487619202
1769687895005
15659107384
48518620956
1769687896005
15686386262
48549273851
1769687897005
15721445881
48584438826
1769687898005
15758703293
48618703167
1769687899005
15788056648
48651708571
1769687900005
15815972334
48677295245
1769687901005
15844220843
48700274388
1769687902005
15880939800
48724271179
1769687903005
15912940754
48749334183
1769687904005
15940771850
48772465083
1769687905005
15968102742
48795240684
1769687906005
15995168588
48818063127
1769687907005
16022375845
48840905208
1769687908005
16049970197
48863630076
1769687909005
16077893283
48886538407
1769687910005
16105040149
48909224184
1769687911005
16133517146
48932596023
1769687912005
16162453302
48956410160
1769687913005
16188987437
49016397353
1769687915597
16243778015
49025559400
1769687916005
16270837773
49048222276
1769687917005
16297202437
49070720227
1769687918005
16330209489
49093373032
1769687919005
16357363480
49116007695
1769687920005
16383896532
49138690116
1769687921005
16411542807
49161840164
1769687922004
16440266892
49185846811
1769687923005
16466786105
49209908601
1769687924005
16493929736
49232627153
1769687925005
16521079654
49255308078
1769687926005
16548060131
49278089478
1769687927005
16574525208
49300710866
1769687928005
16600992010
49323395301
1769687929005
16627820609
49346131964
1769687930005
16654130573
49368838508
1769687931005
16681400922
49392154730
1769687932005
16709809014
49416166321
1769687933006
16743919494
49440145931
1769687934005
16775551052
49463121550
1769687935005
16802713587
49485749240
1769687936005
16829560145
49508620830
1769687937005
16855882011
49531284849
1769687938005
16882533449
49554189732
1769687939005
16909663318
49577023756
1769687940005
16936159689
49599898900
1769687941005
16963356159
49623089992
1769687942005
16992365828
49650249110
1769687943005
17020563207
49675749562
1769687944005
17049339948
49698766560
1769687945005
17077814000
49723049255
1769687946005
17105033372
49747277769
1769687947005
17132223875
49770010861
1769687948005
17160641626
49792826164
1769687949005
17195296801
49818432338
1769687950005
17232743671
49841523322
1769687951005
17270620374
49864832587
1769687952005
17308891711
49890319581
1769687953005
17346927738
49914564146
1769687954005
17385060013
49937527924
1769687955005
17422781451
49960473301
1769687956005
17460186514
49983462561
1769687957005
17497755158
50006423486
1769687958005
17535296491
50029391414
1769687959005
17572802684
50052936690
1769687960005
17610223845
50075893678
1769687961005
17647551870
50098874347
1769687962005
17685830912
50124600174
1769687963005
17723699498
50152822714
1769687964005
17761675210
50176008801
1769687965005
17802037549
50199375803
1769687966005
17839304634
50222302336
1769687967005
17876822698
50245077281
1769687968005
17914262793
50267824762
1769687969005
17951831545
50291051207
1769687970005
17989299211
50314085782
1769687971005
18026731510
50337145411
1769687972005
18065209760
50362783764
1769687973005
18102292239
50387373222
1769687974005
18139541961
50411293325
1769687975005
18176888815
50435403651
1769687976005
18214138384
50458272631
1769687977005
18251810462
50481039886
1769687978005
18289232126
50503720064
1769687979005
18326815723
50526934364
1769687980005
18365403724
50550238883
1769687981005
18404219435
50573909061
1769687982005
18442873533
50598700107
1769687983005
18480131159
50623300230
1769687984005
18517503127
50647165634
1769687985005
18554755748
50671257360
1769687986005
18591912869
50694554220
1769687987005
18629232853
50717785456
1769687988005
18666408070
50741013213
1769687989005
18703655686
50764749168
1769687990005
18740972802
50788238966
1769687991005
18778144967
50811185884
1769687992005
18816370850
50836888992
1769687993005
18855984616
50861964355
1769687994005
18893228875
50886240291
1769687995005
18930310301
50910313097
1769687996005
18970190029
50933192025
1769687997005
19008111392
50955957892
1769687998005
19045461374
50978727573
1769687999005
19083035465
51001582440
1769688000005
19120328031
51024431219
1769688001005
19157695484
51047404655
1769688002005
19196007544
51072338897
1769688003005
19233842577
51166855982
1769688007012
19385764546
51189645148
1769688008005
19423724146
51212376150
1769688009005
19461262243
51235629983
1769688010005
19498724021
51258382468
1769688011005
19536403148
51281604687
1769688012005
19576828777
51307888987
1769688013005
19610584187
51332869385
1769688014005
19638288977
51355761466
1769688015005
19666427293
51380367813
1769688016005
19693015960
51403148984
1769688017005
19719435507
51425653817
1769688018005
19747293777
51448319850
1769688019006
19776889399
51473975659
1769688020005
19810760359
51500551784
1769688021005
19841003210
51531108324
1769688022005
19872141859
51562395555
1769688023005
19904147680
51594790547
1769688024005
19934750895
51625484959
1769688025005
19964536922
51656096291
1769688026005
19993304828
51686831274
1769688027004
20024190987
51717396313
1769688028005
20059004784
51748098155
1769688029005
20087732226
51778967256
1769688030005
20116670732
51809504404
1769688031005
20145382672
51839628059
1769688032005
20174596524
51864455236
1769688033005
20203711839
51890211381
1769688034005
20234084979
51915905853
1769688035005
20275536204
51939984305
1769688036005
20314724134
51966847005
1769688037005
20349259259
51992780326
1769688038005
20377114813
52040946597
1769688039996
20443433222
52069763619
1769688041006
20474213079
52095599639
1769688042005
20513426322
52127561442
1769688043005
20554291518
52159625274
1769688044005
20590042553
52193998359
1769688045005
20620514305
52235960652
1769688046006
20650500135
52263649375
1769688047005
20679748485
52287980529
1769688048005
20710926576
52313207115
1769688049006
20742196565
52338369616
1769688050005
20772500509
52363950554
1769688051005
20803220005
52390634675
1769688052005
20835124132
52417710011
1769688053005
20870725776
52444489495
1769688054005
20900389296
52469859322
1769688055005
20930983005
52496350338
1769688056005
20959751476
52522416999
1769688057005
20988852526
52547708690
1769688058005
21018796900
52573244845
1769688059005
21055287231
52601634047
1769688060005
21085096862
52629357910
1769688061005
21114798237
52657117186
1769688062006
21148918085
52686203267
1769688063005
21177561303
52712534440
1769688064005
21207900447
52739055621
1769688065005
21237169289
52764548367
1769688066005
21266040706
52790508557
1769688067005
21296646087
52817630491
1769688068005
21323706745
52840328216
1769688069005
21353295059
52864020884
1769688070005
21382903482
52890159837
1769688071005
21412554644
52917072614
1769688072005
21444823666
52944783858
1769688073005
21474679330
52971643446
1769688074005
21507078945
52998462784
1769688075005
21543230655
53026719715
1769688076005
21573178142
53053822867
1769688077005
21602604797
53080115284
1769688078005
21633206730
53106276941
1769688079005
21664949199
53132772321
1769688080005
21696508144
53159200169
1769688081006
21726899303
53185112906
1769688082005
21759955913
53212598469
1769688083005
21798072701
53246542514
1769688084005
21836170706
53279871403
1769688085005
21872777441
53312781444
1769688086005
21910626634
53350126879
1769688087055
21944637082
53384637256
1769688088005
21976508053
53415795663
1769688089005
22008255404
53445281657
1769688090005
22043633275
53476337302
1769688091005
22078718374
53510173412
1769688092005
22112570383
53541887028
1769688093005
22142539811
53572558019
1769688094005
22175132761
53604203309
1769688095005
22205825067
53633221614
1769688096005
22236191767
53663195345
1769688097005
22268393624
53695682587
1769688098005
22299311336
53727278319
1769688099005
22330110296
53756032890
1769688100005
22360546848
53785992522
1769688101005
22391674877
53817007428
1769688102005
22424155344
53846664083
1769688103005
22457036120
53878975552
1769688104005
22490576302
53911271688
1769688105005
22523838315
53943588071
1769688106005
22560641236
53975490947
1769688107005
22592101294
54007193745
1769688108005
22623003749
54038735967
1769688109005
22653855639
54067841823
1769688110005
22686258184
54099205664
1769688111005
22718353921
54130661954
1769688112005
22751629376
54163585102
1769688113005
22788887749
54196226373
1769688114005
22822227318
54227471248
1769688115005
22853933930
54259150197
1769688116005
22884011278
54288160553
1769688117005
22915305192
54319666095
1769688118005
22944869367
54348595157
1769688119005
22978307167
54382736793
1769688120005
23008767796
54411522383
1769688121005
23041924040
54443087935
1769688122005
23078812681
54472995385
1769688123005
23110512794
54505627807
1769688124005
23145170425
54540482145
1769688125005
23177056227
54571261025
1769688126005
23209324426
54603101038
1769688127005
23240811613
54634668177
1769688128005
23272995159
54667931670
1769688129005
23302822749
54696156772
1769688130005
23333848580
54726658918
1769688131006
23365365337
54757787542
1769688132005
23395849478
54784510495
1769688133005
23426754542
54812417056
1769688134005
23457614213
54840188417
1769688135005
23488704265
54868018780
1769688136006
23518747160
54896226550
1769688137005
23551659139
54924026199
1769688138005
23582206296
54949431058
1769688139005
23612283277
54977560372
1769688140005
23641076832
55002861050
1769688141005
23670111174
55028549251
1769688142005
23700543956
55055255221
1769688143005
23734984299
55084292386
1769688144005
23765202783
55109536930
1769688145005
23795902733
55137275760
1769688146005
23824295491
55163059964
1769688147005
23854041939
55191821142
1769688148005
23885207777
55220599271
1769688149005
23919130141
55253032027
1769688150005
23950542640
55280691210
1769688151005
23981250158
55308449723
1769688152005
24014699112
55339695529
1769688153005
24052512846
55371115626
1769688154028
24084676587
55400707312
1769688155005
24117357850
55431015879
1769688156005
24150213619
55463104445
1769688157005
24180677909
55491597631
1769688158005
24212456753
55521693578
1769688159006
24244906857
55551126001
1769688160005
24278279872
55582315321
1769688161005
24310310991
55612439801
1769688162005
24341209143
55640293494
1769688163005
24369304080
55664678188
1769688164005
24403244799
55689930331
1769688165005
24433877065
55713314803
1769688166005
24470561859
55783130513
1769688168958
24590518729
55830108674
1769688171005
24618534386
55852723731
1769688172005
24647951077
55876789808
1769688173005
24683188055
55901544555
1769688174005
24721914919
55938683366
1769688175501
25125983485
56255326217
1769688189005
25154955665
56278336959
1769688190005
25187707908
56302485079
1769688191005
25329780258
56421192227
1769688196005
25359871475
56444814663
1769688197005
25390808229
56468714901
1769688198005
25424397008
56493008642
1769688199006
25457828567
56517327179
1769688200005
25496704868
56540512213
1769688201005
25527630042
56563935455
1769688202005
25555191010
56588843393
1769688203005
25592735043
56637151228
1769688204927
25656179592
56663048326
1769688206006
25683905117
56687010954
1769688207006
25711525088
56711105884
1769688208005
25739994181
56736187580
1769688209006
25767976880
56759930843
1769688210005
25794948066
56782538195
1769688211005
25821781791
56805781255
1769688212005
25849565740
56830375015
1769688213005
25876620478
56854351925
1769688214005
25904167317
56877027464
1769688215005
25931715895
56899718826
1769688216005
25964758177
56923251484
1769688217005
25991551363
56946193290
1769688218005
26018760039
56969207756
1769688219005
26046528241
56992078735
1769688220005
26074109792
57014920525
1769688221005
26100850261
57038246284
1769688222005
26128632027
57063033760
1769688223005
26157102600
57087293263
1769688224005
26184917843
57110384689
1769688225005
26212482427
57132983588
1769688226005
26239114076
57156080446
1769688227005
26265963792
57178704658
1769688228005
26293109056
57201459493
1769688229005
26320357555
57224408135
1769688230005
26347108338
57247229221
1769688231005
26377792115
57270490332
1769688232005
26408954719
57294560162
1769688233005
26442067127
57319008300
1769688234005
26471170602
57341986146
1769688235005
26499392623
57364703614
1769688236005
26526253722
57387894279
1769688237005
26553053651
57410598992
1769688238005
26579935455
57433364752
1769688239005
26607269033
57456216216
1769688240005
26634111044
57478997905
1769688241005
26660746995
57502061242
1769688242005
26688410604
57526925724
1769688243005
26717248071
57551306971
1769688244005
26745126558
57574060356
1769688245005
26773003428
57596938400
1769688246005
26799910178
57619643006
1769688247005
26832855099
57642563589
1769688248005
26859973356
57665371095
1769688249005
26887246665
57688036976
1769688250005
26914026622
57710765674
1769688251005
26940771668
57733668512
1769688252005
26969423812
57758119243
1769688253005
26996784061
57782365472
1769688254005
27024254259
57804937043
1769688255005
27051801922
57827541709
1769688256005
27079379795
57850332629
1769688257005
27106350416
57872944619
1769688258005
27133247707
57895594601
1769688259005
27160552188
57918263519
1769688260005
27187229366
57940958207
1769688261005
27213967333
57963699386
1769688262005
27242527974
57988194732
1769688263005
27280882482
58012577748
1769688264005
27308963809
58035167980
1769688265005
27336615897
58057633844
1769688266005
27363226093
58080215455
1769688267005
27390438736
58102693693
1769688268006
27417382183
58125267630
1769688269005
27445001497
58147921274
1769688270005
27471711801
58170500551
1769688271005
27498594993
58193276655
1769688272005
27527198998
58217842768
1769688273005
27554978354
58241993191
1769688274005
27582464725
58264572056
1769688275005
27609848761
58287361557
1769688276005
27636297223
58310171123
1769688277005
27662696217
58333249886
1769688278005
27692456351
58356060092
1769688279005
27722870504
58378920711
1769688280005
27749586530
58401593809
1769688281005
27776006672
58424597182
1769688282005
27805103068
58448627265
1769688283005
27832063512
58472993925
1769688284005
27859436119
58495787729
1769688285005
27886849497
58518499720
1769688286005
27913239901
58541293631
1769688287006
27940169066
58563890988
1769688288005
27966966035
58586455160
1769688289005
27994295234
58609159704
1769688290005
28020545830
58631854972
1769688291005
28047035350
58654852929
1769688292005
28075233797
58679494797
1769688293005
28108957166
58704342511
1769688294005
28145333718
58729906527
1769688295005
28179290504
58759267725
1769688296005
28206732170
58782079946
1769688297005
28234812322
58806336596
1769688298005
28264068850
58830084604
1769688299005
28297329657
58855105680
1769688300005
28334304689
58878523780
1769688301005
28371466860
58902012495
1769688302005
28409127739
58927780831
1769688303005
28446620719
58952681765
1769688304005
28483432597
58976421595
1769688305004
28520682029
59000394172
1769688306005
28557995743
59023571180
1769688307005
28593931399
59046550537
1769688308005
28631693485
59071397503
1769688309005
28669238128
59094935883
1769688310005
28709983534
59118200427
1769688311005
28746334712
59141583495
1769688312005
28784885147
59166084715
1769688313005
28821851818
59190823594
1769688314005
28858751048
59213864043
1769688315005
28886141477
59237226284
1769688316005
28912801231
59260215376
1769688317005
28940403472
59284578053
1769688318005
28968503352
59308913236
1769688319005
29004483883
59338020281
1769688320005
29039561277
59362631008
1769688321005
29074537603
59387575595
1769688322005
29102516930
59419173220
1769688323005
29138491708
59450823743
1769688324005
29167907240
59482053406
1769688325005
29198766103
59511668726
1769688326005
29238554145
59535281381
1769688327005
29276188200
59558551876
1769688328005
29305128736
59588690881
1769688329004
29333908345
59619292158
1769688330005
29362493750
59648501478
1769688331005
29391521027
59685272862
1769688332266
29451137054
59734505774
1769688334005
29480249715
59762578922
1769688335005
29508530723
59793386777
1769688336005
29536122329
59824477256
1769688337005
29562841238
59855173285
1769688338005
29590180355
59885865744
1769688339005
29617918163
59916350786
1769688340005
29644772701
59946712680
1769688341005
29676898557
59977620429
1769688342005
29708122498
60008398455
1769688343005
29737218725
60039044056
1769688344005
29765352128
60070018620
1769688345005
29792881969
60100779282
1769688346005
29820246658
60132025454
1769688347005
29846736515
60162845286
1769688348005
29874077218
60193725769
1769688349005
29901757915
60224599051
1769688350005
29928647775
60255427351
1769688351005
29956443213
60286411619
1769688352005
29986856206
60317210152
1769688353005
30021435000
60348027955
1769688354005
30050399063
60378698519
1769688355005
30078237924
60409410080
1769688356005
30105964930
60440559211
1769688357005
30139171938
60471322864
1769688358005
30166050629
60502097792
1769688359005
30193890116
60532846095
1769688360005
30220855564
60563683902
1769688361005
30248052415
60594542245
1769688362004
30277836870
60626115533
1769688363005
30306628549
60656868108
1769688364005
30335620732
60687724377
1769688365005
30363389178
60718574817
1769688366005
30390370403
60749384991
1769688367005
30418090894
60780437158
1769688368005
30447300748
60811360592
1769688369005
30475422264
60842107217
1769688370005
30502299200
60872897021
1769688371005
30529619107
60903648849
1769688372005
30562276537
60935367118
1769688373005
30595422955
60966273372
1769688374006
30624399194
60997143175
1769688375005
30651675356
61027956843
1769688376005
30678484196
61058747502
1769688377005
30705887030
61089892849
1769688378005
30732654658
61120715550
1769688379005
30760424646
61151493881
1769688380005
30787475584
61182350974
1769688381005
30814726601
61213212430
1769688382005
30844632418
61244806514
1769688383005
30878832737
61275853508
1769688384005
30907622966
61307123711
1769688385005
30935095697
61338071085
1769688386005
30961549514
61368956283
1769688387005
30988779978
61400235046
1769688388005
31019921281
61431195999
1769688389005
31049764754
61462158265
1769688390005
31076274370
61492948452
1769688391005
31103013313
61523685128
1769688392005
31133529725
61554950479
1769688393005
31160634540
61586529412
1769688394005
31188632466
61617869283
1769688395005
31216141313
61648684386
1769688396005
31242991944
61679451472
1769688397005
31269780918
61710156259
1769688398005
31297296692
61741152642
1769688399005
31324973178
61772110391
1769688400005
31351817905
61802819024
1769688401005
31378840845
61833437557
1769688402005
31408706107
61864288547
1769688403005
31437479003
61895712916
1769688404005
31472034222
61926925948
1769688405005
31499606893
61957789845
1769688406005
31526196735
61988637783
1769688407005
31552571226
62019557632
1769688408005
31579816612
62050621715
1769688409005
31607004400
62081568967
1769688410005
31633661591
62112373343
1769688411005
31660533538
62143204176
1769688412005
31690444268
62174188216
1769688413005
31725337255
62205530741
1769688414005
31753683079
62236567222
1769688415005
31781325784
62267442335
1769688416005
31807920554
62298334490
1769688417005
31834380444
62328996036
1769688418005
31861826946
62360259815
1769688419005
31890073303
62390960590
1769688420005
31922804109
62421524439
1769688421006
31949377564
62452489284
1769688422005
31978569429
62483632845
1769688423005
32007590022
62514867833
1769688424005
32035867750
62545789711
1769688425005
32063996575
62576592302
1769688426005
32090640919
62607365490
1769688427005
32117296584
62638078197
1769688428005
32144180386
62668932588
1769688429005
32172596031
62700052714
1769688430005
32199813068
62730785911
1769688431005
32226793088
62761610367
1769688432005
32256322780
62792694956
1769688433005
32284393304
62823613890
1769688434005
32313281504
62854975824
1769688435005
32345767770
62885827912
1769688436005
32374494144
62916794816
1769688437005
32401073595
62947584957
1769688438005
32427677581
62978345573
1769688439005
32455584936
63009468902
1769688440005
32482821382
63040301597
1769688441005
32509772503
63070777560
1769688442005
32539700261
63101317485
1769688443005
32574092098
63131880251
1769688444005
32602473794
63162846026
1769688445006
32631235231
63193471411
1769688446005
32658563850
63224231035
1769688447006
32685117210
63254871830
1769688448005
32713457144
63285892397
1769688449005
32741494406
63316963422
1769688450005
32769071700
63348052070
1769688451005
32802667313
63378988687
1769688452005
32831763465
63410472930
1769688453005
32860412664
63441274407
1769688454005
32888936015
63472253258
1769688455005
32916983591
63503102600
1769688456005
32943527003
63533924599
1769688457005
32970049755
63564654684
1769688458005
32996701530
63595326315
1769688459005
33024237749
63626077395
1769688460005
33051654941
63656852965
1769688461005
33078520769
63687638299
1769688462005
33107314004
63718748812
1769688463005
33135398275
63749556514
1769688464005
33163054468
63780541758
1769688465005
33191734595
63811729385
1769688466005
33219213094
63842720840
1769688467005
33251024055
63873551215
1769688468005
33277659702
63904456905
1769688469005
33304894210
63935232947
1769688470005
33332706309
63966512778
1769688471005
33359677097
63997386273
1769688472004
33388166316
64028890640
1769688473005
33422472998
64059982324
1769688474005
33451197648
64091109270
1769688475005
33479307736
64122314855
1769688476005
33506541008
64152945138
1769688477005
33533273604
64183720173
1769688478005
33560025883
64214515913
1769688479005
33587341014
64245145280
1769688480005
33614307164
64275389382
1769688481005
33641770541
64305575031
1769688482005
33674668986
64336221808
1769688483005
33703281520
64366822200
1769688484005
33731269926
64397000693
1769688485005
33759430182
64427253309
1769688486005
33786833062
64457432153
1769688487005
33813330151
64487459806
1769688488005
33839975379
64517608561
1769688489005
33867192615
64547795110
1769688490005
33894049624
64578088893
1769688491005
33921486117
64608237785
1769688492005
33950361455
64638672353
1769688493005
33977195059
64669320594
1769688494005
34004537013
64699992073
1769688495005
34031622832
64730368630
1769688496005
34058732102
64760477654
1769688497005
34085092403
64790434509
1769688498005
34118203804
64820551497
1769688499005
34145419590
64850640105
1769688500005
34172349670
64880774976
1769688501005
34199486557
64911077654
1769688502005
34227859830
64942012669
1769688503005
34262047393
64972189880
1769688504005
34290302661
65002532641
1769688505005
34317994085
65032809639
1769688506004
34344766672
65063042497
1769688507005
34370959836
65093133043
1769688508005
34402728640
65123261123
1769688509005
34430072731
65153522559
1769688510005
34456888178
65183676242
1769688511005
34484402349
65213907025
1769688512005
34513791653
65244205217
1769688513004
34541735108
65274940154
1769688514005
34574594646
65305380794
1769688515005
34602133932
65335637622
1769688516005
34629470180
65366088028
1769688517005
34656134633
65396355994
1769688518005
34682737414
65426567612
1769688519005
34726311394
65462848985
1769688520042
34776392651
65499512601
1769688521083
34807520542
65528853628
1769688522005
34835183434
27299186
1769688523005
34862021142
58178494
1769688524005
34889701198
88703420
1769688525005
34917280079
118853686
1769688526005
34944848813
149299530
1769688527006
34971137020
179517892
1769688528005
34997716822
209544461
1769688529005
35029565471
240202650
1769688530005
35057693243
270637005
1769688531005
35084989225
301184589
1769688532005
35114244106
331987042
1769688533005
35147071571
362953718
1769688534005
35175167683
393554232
1769688535005
35202314991
423599858
1769688536005
35229104224
453941032
1769688537005
35255912225
484267696
1769688538005
35282440226
514334714
1769688539005
35309626916
544768870
1769688540005
35336283542
575092711
1769688541005
35363557598
605593575
1769688542005
35392606938
636514964
1769688543005
35420874763
666975654
1769688544005
35448367208
697524352
1769688545005
35482576040
728145312
1769688546005
35509614239
758507221
1769688547005
35536759640
788664460
1769688548005
35563506288
819134625
1769688549005
35590581319
849840801
1769688550004
35617294583
880208584
1769688551005
35644098663
910874296
1769688552005
35672225672
942050418
1769688553005
35698977386
972876628
1769688554005
35726474453
1003071524
1769688555005
35754238246
1033536226
1769688556006
35781175131
1064075281
1769688557005
35808212673
1094456858
1769688558006
35834804834
1124544658
1769688559005
35861657663
1154782108
1769688560005
35890043753
1185242721
1769688561005
35921799160
1215969556
1769688562005
35949894769
1247149661
1769688563005
35982356118
1277904143
1769688564005
36010851257
1308250642
1769688565005
36038665279
1338762294
1769688566005
36065840845
1369247121
1769688567005
36092901182
1399428300
1769688568005
36119577964
1429853835
1769688569005
36146500949
1460225632
1769688570005
36173254678
1490616638
1769688571005
36200368342
1520786297
1769688572005
36230348786
1551165234
1769688573005
36257131093
1581379309
1769688574006
36284322939
1611657925
1769688575005
36312480861
1642313276
1769688576005
36344728506
1672833427
1769688577005
36373320045
1703133999
1769688578005
36400083996
1733384510
1769688579005
36427554393
1763822816
1769688580005
36454449090
1794041941
1769688581005
36481875985
1824470436
1769688582005
36511134589
1855386577
1769688583005
36537981833
1886174597
1769688584005
36565472935
1916274420
1769688585005
36593447517
1946723102
1769688586005
36619840759
1977188216
1769688587005
36646906163
2007547639
1769688588005
36674231059
2037694151
1769688589005
36701527941
2068260487
1769688590005
36728238565
2098740982
1769688591005
36754963532
2129202160
1769688592005
36790061403
2160474972
1769688593005
36825615335
2191720899
1769688594005
36854155912
2222365616
1769688595005
36881913617
2252712115
1769688596005
36908340839
2283179075
1769688597005
36935553329
2313840103
1769688598005
36962860221
2343665144
1769688599005
36989896283
2374492606
1769688600005
37016645083
2404930485
1769688601005
37043713401
2435415526
1769688602005
37073702633
2466387130
1769688603005
37101109648
2497293063
1769688604005
37128653924
2527637365
1769688605005
37156894223
2558285088
1769688606005
37183472240
2588443516
1769688607005
37212278688
2618943556
1769688608005
37243889602
2649398601
1769688609005
37271872912
2679819879
1769688610005
37298434603
2710207147
1769688611005
37324724274
2740724383
1769688612005
37354036387
2771644293
1769688613005
37383305229
2801793567
1769688614005
37411430880
2831976256
1769688615005
37439341561
2862581576
1769688616005
37465805601
2892899375
1769688617005
37492587740
2923316930
1769688618005
37521124945
2953778810
1769688619005
37548398483
2983889573
1769688620005
37575102409
3014235767
1769688621006
37601578289
3044881811
1769688622005
37629281171
3075612384
1769688623005
37665712423
3106607439
1769688624005
37694733765
3137155405
1769688625005
37722216184
3167706666
1769688626005
37748583137
3198138350
1769688627005
37775404550
3228552015
1769688628005
37802334127
3258057935
1769688629005
37829178487
3288488948
1769688630004
37855602765
3318842862
1769688631005
37882477596
3349066275
1769688632005
37911523396
3380160080
1769688633005
37938614158
3411100985
1769688634005
37965812199
3441391670
1769688635005
37993663389
3471726527
1769688636005
38019866151
3501953541
1769688637005
38046461852
3532405289
1769688638005
38073381251
3562793839
1769688639005
38107227112
3593373358
1769688640005
38134002277
3623860719
1769688641005
38161373527
3654245088
1769688642005
38190336690
3685205966
1769688643005
38219187844
3716021068
1769688644005
38247612186
3746357222
1769688645005
38275716277
3776933171
1769688646005
38302411308
3807280631
1769688647005
38329197230
3837646386
1769688648005
38356264236
3868008158
1769688649005
38383729521
3898362392
1769688650005
38410415961
3928581868
1769688651005
38437149747
3958684132
1769688652005
38466420298
3989590737
1769688653005
38500434133
4020194471
1769688654005
38530116878
4050544906
1769688655005
38562166002
4080769707
1769688656005
38588461502
4111156502
1769688657005
38614867683
4141643131
1769688658005
38642009453
4177960543
1769688659005
38681853737
4217540192
1769688660005
38722158735
4256860912
1769688661005
38762410194
4296230489
1769688662005
38803767216
4336087467
1769688663005
38844132698
4375506601
1769688664005
38884548988
4415073128
1769688665005
38925439009
4454614266
1769688666005
38965374597
4494091609
1769688667005
39004402577
4533338756
1769688668005
39044045791
4573125028
1769688669005
39083185139
4612003038
1769688670005
39124045606
4651185307
1769688671005
39163700080
4689917069
1769688672005
39201658169
4731266752
1769688673005
39239085921
4772818665
1769688674005
39276102745
4814131455
1769688675005
39312931193
4855674717
1769688676005
39349104829
4896764496
1769688677005
39385356585
4937828046
1769688678005
39422123895
4979073868
1769688679005
39458988367
5020423750
1769688680005
39495625923
5061425093
1769688681005
39532067260
5102759351
1769688682005
39569973045
5144096004
1769688683005
39610086541
5185379239
1769688684005
39647592765
5226708675
1769688685005
39684766929
5268079247
1769688686005
39723706428
5309335399
1769688687005
39753152598
5352509237
1769688688005
39781345247
5396407694
1769688689005
39809880667
5440415199
1769688690005
39837111147
5484420110
1769688691005
39864811527
5528335335
1769688692005
39894113326
5572878914
1769688693005
39923605010
5617033445
1769688694005
39952204606
5661266753
1769688695005
39980929667
5705539549
1769688696005
40007965180
5749625786
1769688697005
40042964515
5790984868
1769688698005
40079630435
5832004765
1769688699005
40116688729
5873034244
1769688700005
40153034811
5914147078
1769688701005
40189803845
5955267724
1769688702005
40230137971
5996816768
1769688703005
40267703747
6038193962
1769688704005
40304953743
6079237494
1769688705005
40342357998
6120443920
1769688706005
40378898283
6161588795
1769688707005
40415248775
6202630664
1769688708005
40452281711
6243858390
1769688709005
40489303081
6284880576
1769688710005
40526225366
6326141366
1769688711005
40563068202
6367186622
1769688712005
40600519528
6408967237
1769688713005
40642916399
6448649466
1769688714005
40682881892
6486921183
1769688715005
40720504732
6527974984
1769688716005
40756881574
6568928508
1769688717005
40795344490
6609941585
1769688718005
40833374933
6650795338
1769688719005
40870278588
6691725213
1769688720005
40907416270
6732721613
1769688721005
40944107778
6773783073
1769688722005
40982164571
6815056710
1769688723005
41020027115
6856315578
1769688724005
41056855121
6897333324
1769688725005
41094169750
6938362071
1769688726005
41130853552
6979498493
1769688727005
41167483387
7020644803
1769688728005
41204052602
7061724709
1769688729005
41241322891
7102673855
1769688730005
41278434635
7143930053
1769688731005
41315278829
7184952269
1769688732005
41352952174
7226464939
1769688733005
41393057125
7267691002
1769688734005
41430370930
7308941737
1769688735005
41467683011
7350063863
1769688736005
41504490098
7391439409
1769688737005
41540769396
7432501983
1769688738005
41577184657
7473495514
1769688739005
41614452078
7514697271
1769688740005
41651599251
7556029179
1769688741005
41688492805
7597125458
1769688742005
41726192302
7638403551
1769688743005
41766151631
7679514645
1769688744005
41804153510
7720417650
1769688745005
41841325264
7761399982
1769688746005
41878158488
7802408039
1769688747005
41914776498
7843421940
1769688748005
41951534072
7884256300
1769688749005
41991464686
7925312770
1769688750005
42028258223
7966247970
1769688751005
42065193081
8007313382
1769688752005
42103746263
8048715156
1769688753005
42142044469
8089489720
1769688754005
42180192246
8129947604
1769688755005
42217395400
8170627904
1769688756005
42255013068
8211124177
1769688757005
42292119395
8251598890
1769688758005
42329351936
8292230822
1769688759005
42366958939
8333061078
1769688760005
42404063282
8373601690
1769688761005
42440760313
8414481351
1769688762005
42479086777
8455433121
1769688763005
42516779301
8496222455
1769688764005
42555792252
8537012292
1769688765005
42594949681
8577657559
1769688766005
42632242476
8618560763
1769688767005
42668975791
8659049072
1769688768005
42706002837
8699620429
1769688769005
42743356023
8740276545
1769688770005
42780298266
8781003260
1769688771005
42817641534
8821733880
1769688772005
42856033927
8862898103
1769688773005
42896678966
8903829931
1769688774005
42935627940
8944721890
1769688775005
42972826838
8985708692
1769688776005
43010354804
9026735013
1769688777005
43047525642
9067286077
1769688778005
43085249811
9108402878
1769688779005
43123209106
9149276085
1769688780005
43163350829
9190677096
1769688781005
43201063249
9231873971
1769688782005
43239217221
9273673628
1769688783005
43277060204
9315370568
1769688784005
43314898366
9356943446
1769688785005
43352279062
9398303383
1769688786005
43389668409
9440560826
1769688787005
43426400259
9482425070
1769688788005
43463649920
9524124101
1769688789005
43501621787
9566028672
1769688790005
43538874850
9607545995
1769688791005
43576504328
9648679442
1769688792005
43614821912
9690326779
1769688793005
43653606206
9732184310
1769688794005
43691724734
9773936499
1769688795005
43729024868
9814937202
1769688796005
43769229515
9856429456
1769688797005
43806168522
9897716261
1769688798005
43843340184
9938977616
1769688799005
43881003794
9979958438
1769688800005
43917947303
10020840006
1769688801005
43955327389
10061795026
1769688802005
43993494254
10102868097
1769688803005
44033699877
10143894112
1769688804005
44071498276
10184824766
1769688805005
44109148902
10225725650
1769688806005
44146529949
10266818084
1769688807005
44183508811
10307538436
1769688808005
44220390006
10348426092
1769688809005
44257712218
10389248184
1769688810005
44295036857
10430215350
1769688811005
44333724462
10471274613
1769688812005
44373825537
10512350445
1769688813005
44411646091
10553281236
1769688814005
44449065695
10594220815
1769688815005
44486856450
10635190361
1769688816005
44524401628
10676503684
1769688817005
44561141885
10717365035
1769688818005
44598120395
10758298359
1769688819005
44635525764
10799251868
1769688820005
44672959253
10840167752
1769688821005
44710526585
10880959297
1769688822005
44748907611
10921854491
1769688823005
44786413880
10963016852
1769688824005
44823748681
11004214078
1769688825005
44861420500
11045213880
1769688826005
44899264581
11086140139
1769688827005
44938774653
11126905181
1769688828005
44976174071
11167673627
1769688829005
45013450525
11208634994
1769688830005
45051235940
11249509681
1769688831005
45088628110
11290506355
1769688832005
45127586193
11331645020
1769688833005
45167907503
11372824165
1769688834005
45206114115
11413815408
1769688835005
45244242606
11454931491
1769688836005
45281732275
11496322600
1769688837005
45319064649
11537582796
1769688838005
45356187470
11578993023
1769688839005
45393590488
11620308956
1769688840005
45431024618
11661861708
1769688841005
45468183326
11703228313
1769688842005
45507108910
11744893074
1769688843005
45547678833
11786351639
1769688844005
45585153229
11828075463
1769688845005
45623393423
11869960901
1769688846005
45660715239
11912319352
1769688847005
45698151474
11954540023
1769688848005
45735253163
11996460554
1769688849005
45772941522
12038141962
1769688850005
45810616819
12079715297
1769688851005
45847947225
12120942856
1769688852005
45887194112
12162538147
1769688853005
45925161570
12203697411
1769688854005
45962742833
12245058538
1769688855005
46000878129
12286554485
1769688856005
46038398054
12328075928
1769688857005
46075781665
12369366929
1769688858005
46114580546
12410912220
1769688859005
46154049254
12452501439
1769688860005
46192060869
12493671261
1769688861005
46229578246
12535032647
1769688862005
46268357491
12576898387
1769688863005
46309009411
12618730727
1769688864005
46346819284
12660388835
1769688865005
46384536556
12701787436
1769688866005
46421917573
12743003826
1769688867005
46459131072
12784067529
1769688868005
46496211766
12825279982
1769688869005
46533700717
12866462529
1769688870005
46571372826
12907737219
1769688871005
46608773724
12948864731
1769688872005
46647715909
12990482208
1769688873005
46685535028
13031745729
1769688874005
46725149496
13073000371
1769688875005
46763616150
13114069322
1769688876005
46801392165
13155348743
1769688877005
46838783649
13196486249
1769688878005
46875638082
13237546549
1769688879005
46913122792
13278606605
1769688880005
46950814538
13320123089
1769688881005
46987995354
13361941804
1769688882004
47026990621
13403739203
1769688883005
47064712776
13445732453
1769688884005
47101981372
13487277103
1769688885005
47139435963
13528704450
1769688886005
47177324476
13570180211
1769688887005
47214413607
13611627957
1769688888005
47251477700
13653631553
1769688889005
47288614650
13695397932
1769688890005
47328249456
13737114037
1769688891005
47365883298
13778605574
1769688892005
47404349524
13820175781
1769688893005
47445297724
13861517485
1769688894005
47483216509
13902889704
1769688895005
47520884773
13944217920
1769688896005
47558304865
13985682817
1769688897005
47595348680
14027065183
1769688898005
47632640270
14068401180
1769688899005
47670194938
14109919708
1769688900005
47707400075
14151583325
1769688901005
47745242753
14193493725
1769688902005
47784136540
14235128962
1769688903005
47822476217
14276487297
1769688904005
47859970600
14317862476
1769688905005
47898555641
14359336925
1769688906005
47937747752
14400806750
1769688907005
47974801866
14442108798
1769688908005
48012365444
14483468429
1769688909005
48050114514
14525138165
1769688910005
48087609417
14567002668
1769688911005
48125233188
14608367137
1769688912005
48164265044
14650071966
1769688913005
48202646879
14691492187
1769688914005
48240361222
14732805816
1769688915005
48278030111
14774321979
1769688916005
48315544803
14815851722
1769688917005
48353117338
14857808064
1769688918005
48390930843
14899663688
1769688919005
48428506109
14941421446
1769688920005
48465490601
14983215504
1769688921005
48505837651
15025022546
1769688922005
48545502104
15066970328
1769688923005
48586444338
15108812601
1769688924005
48624571989
15150690821
1769688925005
48662073422
15192411747
1769688926005
48698994578
15234169780
1769688927005
48736178736
15276102762
1769688928005
48773381112
15317717584
1769688929005
48810746459
15359712955
1769688930005
48848023629
15400197022
1769688931005
48885204324
15436151706
1769688932005
48923688067
15469111885
1769688933005
48961856045
15500895702
1769688934005
48999304884
15529981860
1769688935005
49036650410
15552670308
1769688936005
49073494467
15575371801
1769688937005
49113155167
15598103902
1769688938005
49151162829
15620888795
1769688939005
49188330753
15643831319
1769688940005
49225357799
15666614061
1769688941005
49262210523
15689666412
1769688942005
49300327006
15713476948
1769688943005
49337518594
15737520810
1769688944005
49374736167
15760323464
1769688945005
49411691516
15783056709
1769688946005
49441082193
15809052694
1769688947005
49469120202
15832463791
1769688948005
49499127546
15856142025
1769688949005
49529642890
15883101263
1769688950005
49567227006
15906431584
1769688951005
49604910467
15929627513
1769688952005
49643861806
15953674793
1769688953005
49682826146
15982031328
1769688954005
49720485682
16005481546
1769688955005
49758036001
16028439313
1769688956005
49797781413
16051307134
1769688957005
49838238397
16074388414
1769688958005
49878352030
16097383166
1769688959005
49918804238
16120995577
1769688960005
49958813063
16144104535
1769688961005
50001668269
16170163414
1769688962008
50044002749
16509268131
1769688975120
50883676626
16924015008
1769688988031
50910434352
16953267203
1769688989005
50938178386
16983229307
1769688990005
50965348504
17013296523
1769688991005
50992417081
17044958186
1769688992005
51022698322
17077864565
1769688993005
51051108565
17110675063
1769688994005
51079455610
17143355883
1769688995005
51107560968
17176097827
1769688996005
51134342176
17208815801
1769688997005
51161651082
17241363434
1769688998005
51192281379
17271088017
1769688999005
51221498924
17303887285
1769689000005
51256265848
17335292414
1769689001005
51283618712
17365173483
1769689002005
51313502192
17395242607
1769689003005
51341730621
17425219359
1769689004005
51369888100
17457396650
1769689005005
51397759355
17490188869
1769689006005
51424626953
17522923382
1769689007005
51451574656
17555778952
1769689008005
51478494254
17588314547
1769689009005
51505881983
17620904429
1769689010005
51533603511
17653763677
1769689011005
51560457713
17686369946
1769689012005
51594097132
17716649585
1769689013005
51628679267
17747555839
1769689014005
51657582680
17776924849
1769689015005
51691118116
17806900166
1769689016005
51718753466
17836770539
1769689017005
51745700635
17868278142
1769689018005
51772862134
17900936029
1769689019005
51800144796
17933668467
1769689020005
51827808007
17966379514
1769689021005
51855184567
17999056840
1769689022005
51885434635
18031925501
1769689023005
51913900403
18064767461
1769689024005
51942024864
18097544224
1769689025005
51970596338
18130143338
1769689026005
51997570529
18162747425
1769689027005
52024821668
18193536513
1769689028006
52053072191
18223438592
1769689029005
52080380822
18253292899
1769689030005
52108467840
18284457577
1769689031005
52142357887
18317257318
1769689032005
52173014795
18350186035
1769689033005
52202472988
18383136114
1769689034005
52230443405
18415918262
1769689035005
52258574655
18448651341
1769689036005
52285827381
18481497314
1769689037005
52313120663
18514410270
1769689038005
52341840277
18546029270
1769689039005
52369353488
18576157473
1769689040005
52397104296
18606225163
1769689041005
52424793812
18636534508
1769689042005
52455276519
18669646352
1769689043005
52489976522
18702852154
1769689044005
52518753843
18735784228
1769689045005
52547114238
18768408716
1769689046005
52576334605
18801173028
1769689047005
52608083772
18833872188
1769689048005
52634882771
18866500933
1769689049005
52662343905
19048295151
1769689054800
52800464921
19055029162
1769689055005
52828642556
19122753703
1769689057076
52883331256
19153158090
1769689058005
52910043117
19185720249
1769689059005
52937441602
19218388253
1769689060005
52964751927
19251009536
1769689061005
52992336316
19385437567
1769689065290
53110806812
19408691415
1769689066005
53138195472
19441339156
1769689067005
53165263499
19576458709
1769689071326
53275563108
19596896861
1769689072005
53305466942
19629672739
1769689073005
53339894254
19662511495
1769689074005
53368085850
19695109464
1769689075005
53395813466
19727835158
1769689076005
53423445109
19760704491
1769689077005
53450242460
19793562914
1769689078005
53483697868
19825662558
1769689079005
53511065547
19855666041
1769689080005
53537697822
19885484064
1769689081005
53565590972
19915826642
1769689082005
53594302515
19949190853
1769689083005
53622710775
19981996422
1769689084005
53650886182
20014903671
1769689085005
53678544115
20047683119
1769689086005
53706487173
20080631305
1769689087005
53733676319
20113405673
1769689088005
53760734749
20146098272
1769689089005
53788206290
20178243811
1769689090005
53814876939
20208183181
1769689091005
53842358565
20238413521
1769689092005
53869832333
20270830454
1769689093005
53900325782
20303718432
1769689094005
53932555576
20336398810
1769689095005
53960080367
20369136817
1769689096005
53987562268
20401952427
1769689097005
54014660415
20434683949
1769689098005
54041305063
20465379093
1769689099005
54068565281
20495256256
1769689100005
54095299753
20526480868
1769689101005
54123338617
20559248690
1769689102005
54152180891
20592529988
1769689103005
54186829719
20626906934
1769689104057
54214925571
20657918575
1769689105005
54242308600
20690203892
1769689106005
54269702767
20720373047
1769689107005
54296544290
20750253079
1769689108005
54323358440
20782493187
1769689109005
54356490729
20815410857
1769689110005
54384303591
20848185392
1769689111005
54412270544
20880995967
1769689112005
54442051002
20914127584
1769689113005
54470412755
20946039081
1769689114005
54498327220
20975877031
1769689115005
54525970185
21104425696
1769689118986
54608361569
21105000511
1769689119005
54635742615
21134914598
1769689120005
54662548128
21167162244
1769689121005
54690246296
21200025290
1769689122005
54720247125
21233004298
1769689123005
54748584084
21264253124
1769689124005
54776053260
21294148474
1769689125005
54809998084
21325744527
1769689126005
54836768519
21358412149
1769689127005
54863933756
21391240606
1769689128005
54891207232
21424071855
1769689129005
54918591146
21456723365
1769689130005
54945123511
21486775048
1769689131005
54972156919
21517389524
1769689132005
55002054344
21550694137
1769689133005
55036452025
21583696229
1769689134006
55064765548
21616405399
1769689135005
55092223463
21648696835
1769689136005
55118891548
21678558145
1769689137005
55146430789
21711297174
1769689138005
55173662886
21744065805
1769689139005
55201305423
21775831587
1769689140005
55230381937
21806449175
1769689141005
55261601514
21839126486
1769689142005
55291112073
21872732002
1769689143005
55319462780
21903056926
1769689144005
55347554207
21935480329
1769689145005
55375375767
21968201095
1769689146005
55402242053
21998872375
1769689147005
55429929174
22031687969
1769689148005
55457207884
22062670269
1769689149005
55485244627
22092657885
1769689150005
55512000186
22125310691
1769689151005
55539073508
22161386645
1769689152105
55570163240
22191254379
1769689153005
55597072920
22223140685
1769689154005
55624714725
22253079383
1769689155005
55651951902
22282967562
1769689156005
55684602054
22312855100
1769689157005
55712625797
22342862032
1769689158005
55739780780
22372791072
1769689159005
55766880422
22402754138
1769689160005
55793461247
22432690486
1769689161005
55819978735
22462803355
1769689162005
55847898114
22493868246
1769689163005
55882005633
22524022936
1769689164005
55910094406
22553980951
1769689165005
55937491976
22583930605
1769689166005
55964119658
22613960866
1769689167005
55991348886
22644031470
1769689168005
56018231850
22673989897
1769689169005
56045423223
22704291583
1769689170005
56072141583
22734207028
1769689171005
56098816931
22764377831
1769689172005
56133147095
22795534728
1769689173005
56159838769
22826119923
1769689174005
56187430528
22856200018
1769689175005
56214890884
22886133757
1769689176005
56241485258
22916048760
1769689177005
56268706232
22946036299
1769689178005
56295884727
22976068163
1769689179005
56322913755
23005968044
1769689180005
56349575829
23035992630
1769689181005
56376338941
23157570480
1769689185020
56487563230
23187114438
1769689186005
56514013416
23217027183
1769689187005
56543367900
23247068674
1769689188005
56574752264
23277124325
1769689189005
56601749159
23307203870
1769689190005
56628305997
23337178058
1769689191005
56654763446
23367354858
1769689192005
56682911969
23398130702
1769689193005
56718012357
23428212581
1769689194005
56745804407
23458304348
1769689195005
56773167555
23488310623
1769689196005
56799548683
23518355777
1769689197005
56826111228
23548453921
1769689198005
56853291951
23578615631
1769689199005
56880481967
23608602910
1769689200005
56906882594
23638557507
1769689201005
56933446879
23668697520
1769689202005
56961202127
23699558030
1769689203005
56994409471
23730165990
1769689204005
57022400119
23760167216
1769689205005
57050177766
23790133775
1769689206005
57077135097
23820151800
1769689207005
57104139224
23850167917
1769689208005
57131993389
23880200117
1769689209005
57159208550
23910213793
1769689210005
57185724253
23940205421
1769689211005
57212692906
23970153381
1769689212005
57241476161
24000812928
1769689213005
57269005896
24031334024
1769689214005
57296459127
24061351271
1769689215005
57323757307
24091366397
1769689216005
57350032727
24121434422
1769689217005
57377432875
24157375159
1769689218201
57404949290
24181554054
1769689219005
57438730456
24211633736
1769689220005
57465347778
24241642194
1769689221005
57491763373
24271826974
1769689222005
57521211619
24302359758
1769689223005
57554318534
24332977269
1769689224005
57582311547
24362988138
1769689225005
57609805029
24392938447
1769689226005
57636224409
24422941855
1769689227005
57662846491
24452955195
1769689228005
57690299234
24483078912
1769689229005
57717341475
24513235189
1769689230005
57744033057
24543317404
1769689231005
57771023651
24573390388
1769689232005
57800187578
24603982267
1769689233005
57827606388
24634615143
1769689234005
57857509245
24664636250
1769689235005
57888343344
24694685004
1769689236005
57914796092
24724789999
1769689237005
57941372156
24754797801
1769689238005
57969566728
24785096771
1769689239005
57997218862
24815269710
1769689240005
58023933011
24845302138
1769689241005
58050726410
24875521645
1769689242005
58079184289
24906296390
1769689243005
58108089212
24936748688
1769689244005
58135989335
24966769215
1769689245005
58163667393
24996792961
1769689246005
58190484869
25026898140
1769689247005
58216989708
25056917568
1769689248005
58244288193
25087182635
1769689249005
58272432260
25117260334
1769689250005
58305479273
25147312796
1769689251005
58332298900
25177597210
1769689252005
58360306256
25208317301
1769689253005
58393569551
25238989802
1769689254005
58422573284
25269234011
1769689255005
58449471018
25299268240
1769689256005
58476004817
25329275569
1769689257005
58502227155
25359159903
1769689258005
58531250083
25390007581
1769689259005
58559551003
25420844396
1769689260005
58586300230
25450893455
1769689261005
58613830575
25480889478
1769689262005
58643052330
25511592114
1769689263005
58671445958
25542596126
1769689264005
58700051458
25572924407
1769689265005
58727583725
25603098643
1769689266005
58761283856
25633161190
1769689267005
58787947196
25663165757
1769689268005
58815472720
25693461889
1769689269005
58843216692
25723579289
1769689270005
58869870648
25753558986
1769689271005
58896333132
25783774632
1769689272005
58923858533
25814583052
1769689273005
58951270629
25845108664
1769689274005
58979188222
25875161935
1769689275005
59006365176
25905273384
1769689276005
59032698638
25935208024
1769689277005
59058958083
25965119105
1769689278005
59088657933
25995622395
1769689279005
59115842104
26025888744
1769689280005
59142545924
26055818776
1769689281005
59171945358
26085832757
1769689282005
59203044214
26116451352
1769689283005
59237072697
26147380432
1769689284005
59265062842
26177697605
1769689285005
59292162332
26207684808
1769689286005
59318505711
26237736294
1769689287005
59344736105
26267798872
1769689288005
59371593817
26298039327
1769689289004
59398672845
26328362161
1769689290005
59425222544
26358291842
1769689291005
59451650437
26388410127
1769689292005
59480378657
26418862089
1769689293005
59507447310
26449449191
1769689294005
59535254344
26479565905
1769689295005
59562615417
26509445295
1769689296005
59589077290
26539348351
1769689297005
59622024317
26569240482
1769689298005
59649462412
26599363573
1769689299005
59676892756
26629608393
1769689300005
59703265004
26659604888
1769689301005
59729959165
26689722075
1769689302005
59758508912
26720203820
1769689303005
59786939632
26750326912
1769689304005
59814349744
26780299117
1769689305005
59841669421
26810429654
1769689306005
59867938601
26840642691
1769689307005
59894176228
26870644710
1769689308005
59921000921
26900939499
1769689309005
59948209307
26931270710
1769689310005
59975207987
26961370945
1769689311005
60001539053
26991627818
1769689312005
60028888987
27022475283
1769689313005
60063469307
27054382446
1769689314005
60091272648
27084445451
1769689315005
60119178874
27114526049
1769689316005
60145662978
27144740902
1769689317005
60172031121
27174777999
1769689318005
60198757400
27205027930
1769689319005
60226034508
27235276946
1769689320005
60253132548
27265208671
1769689321005
60279445061
27295422608
1769689322005
60307976895
27325845336
1769689323005
60336686363
27355893144
1769689324005
60364251344
27385747603
1769689325005
60392587403
27415746556
1769689326005
60419437684
27445715037
1769689327005
60445896048
27475776624
1769689328005
60475788789
27505986731
1769689329005
60506960074
27536122319
1769689330005
60534144551
27566100917
1769689331005
60560541242
27596214701
1769689332005
60588161060
27627063081
1769689333005
60615279805
27657631370
1769689334005
60642934594
27687596312
1769689335005
60670806642
27717715772
1769689336005
60697210779
27747837215
1769689337005
60723518119
27777900297
1769689338005
60750174807
27808017850
1769689339004
60777576222
27838322587
1769689340005
60804539106
27868310172
1769689341005
60831329576
27898446309
1769689342005
60859800943
27928972211
1769689343005
60894441211
27959146860
1769689344005
60928496227
27989144591
1769689345005
60956197218
28019221115
1769689346005
60982484189
28049362409
1769689347005
61008847846
28079401978
1769689348005
61035381584
28109563275
1769689349004
61062869146
28139701167
1769689350005
61090105363
28169803675
1769689351005
61116482020
28200106551
1769689352005
61145646924
28230606057
1769689353005
61172374240
28261238857
1769689354005
61200017205
28291309705
1769689355005
61227884355
28321316393
1769689356005
61254413958
28351304466
1769689357005
61280721420
28381286329
1769689358005
61307252763
28411296496
1769689359005
61335209035
28441576104
1769689360005
61368347397
28471607113
1769689361005
61395030527
28502056146
1769689362005
61422564732
28532940260
1769689363005
61450807076
28562934940
1769689364005
61478632191
28593115722
1769689365005
61505843857
28623208633
1769689366005
61533142143
28653290772
1769689367005
61559543046
28683286535
1769689368005
61586121337
28713309549
1769689369005
61613902631
28743654690
1769689370005
61640360430
28773660615
1769689371005
61667210619
28804058487
1769689372005
61694711837
28834800260
1769689373005
61727509503
28865447876
1769689374005
61755788146
28895587659
1769689375005
61786675083
28925628388
1769689376005
61815854940
28955904150
1769689377005
61842121541
28985768832
1769689378005
61868603799
29015767800
1769689379005
61896716008
29045966494
1769689380005
61923118985
29075925440
1769689381005
61949691967
29106365638
1769689382005
61978405921
29136697856
1769689383005
62005136289
29167193288
1769689384005
62033068393
29197265082
1769689385005
62060636852
29227210509
1769689386005
62087412216
29257339871
1769689387005
62114208895
29287294193
1769689388005
62141022893
29317177093
1769689389005
62169115678
29347357845
1769689390005
62195703628
29377300647
1769689391005
62228862207
29407750626
1769689392005
62257885105
29438069920
1769689393005
62286439918
29468089379
1769689394005
62314101970
29498293047
1769689395005
62341410525
29528288841
1769689396005
62368055601
29558482058
1769689397005
62394310591
29588441278
1769689398005
62420915019
29618510082
1769689399005
62448690545
29648748752
1769689400005
62475106904
29678707256
1769689401005
62502705864
29708631932
1769689402005
62531340446
29739066698
1769689403005
62565298711
29769208007
1769689404005
62593564584
29799394023
1769689405005
62620728737
29829417464
1769689406005
62648250400
29859487045
1769689407005
62680526883
29889470785
1769689408005
62706893958
29919472087
1769689409005
62735589450
29949769013
1769689410005
62762059456
29979774739
1769689411005
62789753397
30009626177
1769689412005
62819035849
30039973790
1769689413005
62845837502
30070482253
1769689414005
62873797742
30100628032
1769689415005
62900932859
30130611528
1769689416005
62927827189
30160672107
1769689417005
62953940631
30190691719
1769689418005
62980337581
30220781838
1769689419005
63007793223
30251183693
1769689420006
63034087441
30281155165
1769689421005
63060644463
30311323862
1769689422005
63092493997
30342188676
1769689423005
63122966512
30372274629
1769689424005
63150696721
30402414046
1769689425005
63177925523
30432402898
1769689426005
63204453966
30462423882
1769689427005
63231527456
30492399062
1769689428005
63257995555
30522443728
1769689429005
63285863285
30552663814
1769689430005
63312462221
30582656526
1769689431005
63339337479
30612638984
1769689432005
63368503329
30643205305
1769689433005
63401088878
30673778125
1769689434005
63429367598
30703939148
1769689435005
63456666113
30733950841
1769689436005
63482989229
30763919140
1769689437004
63509888549
30793880191
1769689438004
63542920822
30823955906
1769689439005
63570931337
30854292365
1769689440004
63597289898
30884363213
1769689441005
63624022143
30914520726
1769689442004
63652882055
30945121454
1769689443005
63679806062
30975675446
1769689444005
63707550492
31005811629
1769689445005
63735224766
31035907149
1769689446005
63761836946
31065937838
1769689447005
63788910421
31095873790
1769689448005
63815341976
31125754599
1769689449005
63843020461
31156093072
1769689450005
63869348933
31186100752
1769689451005
63896242074
31216047873
1769689452005
63925132105
31246695641
1769689453005
63952601800
31277329356
1769689454005
63986145582
31307492607
1769689455005
64013461140
31337506923
1769689456005
64039731403
31367478335
1769689457005
64066820075
31397397244
1769689458005
64093450488
31427345402
1769689459005
64121381172
31457752124
1769689460005
64147846158
31487753853
1769689461005
64174756769
31517887259
1769689462005
64203663889
31548439191
1769689463005
64236316589
31579063294
1769689464005
64263737672
31609511595
1769689465005
64290270800
31639842363
1769689466005
64316799961
31669975570
1769689467005
64343767789
31700038224
1769689468005
64370224230
31730071690
1769689469005
64401924068
31760440374
1769689470005
64431043671
31790518408
1769689471005
64458105977
31819824952
1769689472005
64487284201
31850171878
1769689473005
64515520717
31880682584
1769689474005
64542995859
31911108424
1769689475005
64570471824
31941542123
1769689476005
64596897734
31971952522
1769689477005
64636128707
32016220237
1769689478378
64665353514
32034966323
1769689479005
64694965127
32058681191
1769689480005
64722903852
32082295418
1769689481006
64752088836
32106722439
1769689482005
64783549855
32132384442
1769689483005
64811684661
32156972541
1769689484005
64839115692
32179541320
1769689485005
64872475600
32202480990
1769689486005
64898934757
32225117256
1769689487005
64925358196
32247619296
1769689488005
64952468427
32270087205
1769689489005
64979923992
32292977516
1769689490005
65006646884
32315553909
1769689491005
65033156683
32338568435
1769689492005
65060663179
32363177331
1769689493005
65095411993
32386113950
1769689494005
65123088860
32408872188
1769689495005
65151181615
32431740008
1769689496005
65178059422
32454580487
1769689497005
65204892064
32477536621
1769689498005
65232485181
32500481800
1769689499005
65259614729
32523763951
1769689500005
65288581279
32547999835
1769689501005
65321086998
32570724413
1769689502005
65349553132
32594830711
1769689503005
65379064728
32617977936
1769689504005
65406188341
32641438301
1769689505005
65433968871
32665139803
1769689506005
65460253797
32687894334
1769689507005
65486534039
32850840893
1769689513916
155730838
32875561844
1769689515005
185259416
32900189766
1769689516005
222352285
32923803078
1769689517005
259838338
32947046611
1769689518005
296279020
32970461370
1769689519005
332207795
32994281718
1769689520005
359824302
33024569702
1769689521005
386746463
33054786401
1769689522005
417513351
33085878818
1769689523005
451990755
33118655489
1769689524005
480202537
33151206815
1769689525005
509527101
33183590333
1769689526005
536805216
33215988407
1769689527005
563460622
33248233947
1769689528005
590507014
33280699202
1769689529005
617852966
33313118378
1769689530005
644883550
33345654339
1769689531005
672247110
33377896736
1769689532005
706892749
33411070619
1769689533005
735778264
33443678719
1769689534005
763664868
33476096766
1769689535005
796803748
33508658651
1769689536005
823919686
33541152850
1769689537005
850332551
33573434781
1769689538005
877015741
33605782137
1769689539005
904846638
33638189351
1769689540005
931646064
33668851233
1769689541005
958504065
33699200539
1769689542005
985857387
33730113720
1769689543005
1012440744
33760637105
1769689544005
1040449916
33791209285
1769689545005
1067717564
33823789403
1769689546005
1094468958
33856575991
1769689547005
1121905390
33889224755
1769689548005
1153850744
33921842712
1769689549005
1181575766
33954588684
1769689550005
1208512270
33987490822
1769689551005
1235811807
34020157437
1769689552005
1264403499
34053363025
1769689553005
1298652124
34086146852
1769689554005
1327071263
34118765008
1769689555005
1354572404
34150428654
1769689556005
1381035132
34180517155
1769689557005
1407788433
34210500071
1769689558005
1434199893
34240490326
1769689559005
1462003708
34272310428
1769689560005
1488971689
34305157606
1769689561005
1516156257
34337840227
1769689562005
1545266324
34371212280
1769689563005
1577615115
34403947785
1769689564005
1608213508
34436617147
1769689565005
1636075196
34469230252
1769689566005
1663130086
34501835759
1769689567005
1690454860
34534603916
1769689568005
1717024867
34564744676
1769689569005
1744581700
34594750677
1769689570005
1771677543
34624740688
1769689571005
1798520011
34655136074
1769689572005
1827358791
34688268332
1769689573005
1855588807
34721065556
1769689574005
1883913148
34753824497
1769689575005
1911310245
34786416196
1769689576005
1937834249
34819114334
1769689577005
1964698170
34851835725
1769689578005
1991123958
34884445962
1769689579005
2025085916
34917195580
1769689580005
2051892971
34949732411
1769689581005
2078890324
34979770134
1769689582005
2107475836
35010392451
1769689583005
2140007219
35040997955
1769689584005
2168421811
35071766902
1769689585005
2195719701
35104445830
1769689586005
2222226035
35137206374
1769689587005
2248896058
35169975110
1769689588005
2275134630
35202614444
1769689589005
2302616730
35235375476
1769689590005
2329796980
35268334556
1769689591005
2356814382
35301169681
1769689592005
2387034712
35334330945
1769689593005
2415085096
35367247532
1769689594005
2443673186
35398365399
1769689595005
2476391801
35428437849
1769689596005
2502519356
35458479279
1769689597005
2529150425
35489532819
1769689598005
2555616570
35522165332
1769689599005
2582871798
35554970292
1769689600005
2611301160
35587864525
1769689601005
2638516168
35620559276
1769689602005
2668744188
35653446705
1769689603005
2696962013
35686167990
1769689604005
2724419761
35718856561
1769689605005
2752410196
35749869957
1769689606005
2779095614
35779747730
1769689607005
2805716765
35809665052
1769689608005
2832165043
35839933964
1769689609005
2859429594
35872613441
1769689610005
2892675632
35905309184
1769689611005
2921660705
35938127128
1769689612005
2951865350
35971255709
1769689613005
2984793152
36004639099
1769689614005
3012918132
36037432585
1769689615005
3040740103
36070148361
1769689616005
3067347674
36102895752
1769689617005
3094323468
36134035575
1769689618005
3120635065
36163919086
1769689619005
3147761607
36193896661
1769689620005
3175005452
36224922446
1769689621005
3201945282
36257586254
1769689622005
3231019584
36290929332
1769689623005
3259095723
36323835574
1769689624005
3286874408
36356495140
1769689625005
3315013822
36389163876
1769689626005
3348046522
36421923977
1769689627005
3374956492
36454679424
1769689628005
3401473004
36486711230
1769689629005
3428575210
36516743109
1769689630005
3456336439
36546815925
1769689631005
3483221019
36579610525
1769689632005
3513000134
36612687473
1769689633005
3541158422
36645491349
1769689634005
3568926609
36678197238
1769689635005
3596905372
36710136947
1769689636005
3623336179
36740074867
1769689637005
3650076969
36769936925
1769689638005
3676606755
36801209584
1769689639005
3703786365
36833870050
1769689640005
3731334562
36866693151
1769689641006
3759456307
36899266693
1769689642005
3792579136
36932436425
1769689643005
3826885208
36965316469
1769689644005
3854881304
36998105392
1769689645005
3882775369
37028471223
1769689646006
3909078406
37058323714
1769689647005
3935507749
37088058275
1769689648005
3962194800
37119967376
1769689649005
3989403750
37152637074
1769689650005
4017084524
37185346533
1769689651005
4044372633
37217928756
1769689652005
4073721900
37251129798
1769689653005
4102387730
37284117167
1769689654005
4129998256
37316759812
1769689655005
4157610918
37349381233
1769689656005
4184536680
37379647612
1769689657005
4215766190
37409369448
1769689658005
4244102233
37440333728
1769689659005
4271316768
37473089755
1769689660005
4298305393
37505798818
1769689661005
4325981513
37538481545
1769689662005
4355708370
37571464016
1769689663005
4384466129
37604353612
1769689664005
4412034391
37635508876
1769689665005
4439291190
37665227371
1769689666005
4466178792
37695778480
1769689667005
4492515992
37728387481
1769689668005
4519326251
37761127929
1769689669005
4546724736
37793726448
1769689670005
4573677993
37826399807
1769689671005
4601153639
37859083710
1769689672005
4629858041
37889669805
1769689673005
4667109182
37920301857
1769689674005
4694939499
37951863900
1769689675005
4722584798
37984600976
1769689676005
4749693091
38017218186
1769689677005
4776409880
38049789378
1769689678005
4803470248
38082344319
1769689679005
4830619555
38114867784
1769689680005
4857655221
38144799754
1769689681005
4885211916
38175990615
1769689682005
4914585733
38208926534
1769689683005
4943258582
38241820279
1769689684005
4971092515
38274247435
1769689685005
4998617230
38304125559
1769689686005
5025867286
38335676861
1769689687005
5052594267
38368258839
1769689688005
5081221921
38401116149
1769689689005
5113860248
38433000975
1769689690006
5141027086
38462909935
1769689691005
5168681449
38493542598
1769689692005
5197561760
38526641014
1769689693005
5226424831
38559522477
1769689694005
5254130765
38592292771
1769689695005
5281600261
38624949041
1769689696005
5308651825
38656082959
1769689697005
5335142429
38685738957
1769689698005
5362178827
38718157401
1769689699005
5389571438
38750941701
1769689700005
5416274769
38783601862
1769689701005
5444077195
38816340632
1769689702005
5473801640
38846964369
1769689703005
5508429488
38878741016
1769689704005
5540731178
38911450017
1769689705005
5569408345
38944143548
1769689706005
5596288546
38974246971
1769689707005
5622838428
39006443258
1769689708005
5649893669
39039208669
1769689709005
5677328041
39070824603
1769689710005
5704007249
39101971109
1769689711005
5731918602
39134741784
1769689712005
5760574331
39167046861
1769689713005
5789152382
39198720043
1769689714005
5816638662
39230734409
1769689715005
5846793734
39260718454
1769689716005
5873559379
39291976618
1769689717005
5901045110
39324610475
1769689718005
5927830010
39357360627
1769689719005
5955243174
39388906420
1769689720005
5989900408
39419863285
1769689721005
6016762163
39450171456
1769689722005
6045552499
39480820902
1769689723005
6072537996
39511542839
1769689724005
6100295807
39541583492
1769689725005
6128066405
39571562547
1769689726004
6154563127
39601585256
1769689727004
6181627630
39631526014
1769689728005
6207964082
39661506230
1769689729005
6235538508
39691720503
1769689730004
6261930515
39721792022
1769689731005
6288927715
39752110263
1769689732005
6318046631
39782633526
1769689733005
6352461081
39812684721
1769689734005
6380428125
39842805280
1769689735005
6408780281
39873008948
1769689736005
6440319040
39903129705
1769689737005
6470401087
39930693420
1769689738004
6496569244
39960730898
1769689739005
6523640216
39991070622
1769689740004
6550181584
40021062709
1769689741005
6577094712
40051447230
1769689742005
6605146667
40082170709
1769689743005
6633131808
40112297126
1769689744005
6661308573
40142487002
1769689745005
6688699490
40172495139
1769689746004
6715236997
40202504039
1769689747005
6741875726
40232818329
1769689748005
6768348936
40262731714
1769689749005
6796007158
40292976473
1769689750005
6822630537
40322924463
1769689751005
6854410296
40353112080
1769689752005
6883317356
40384215269
1769689753005
6911191662
40414396280
1769689754005
6938927746
40444496652
1769689755005
6966408640
40474436189
1769689756005
6992917233
40504496830
1769689757005
7019187145
40534790185
1769689758005
7045351502
40564778243
1769689759005
7072675437
40595000755
1769689760004
7099022204
40625007260
1769689761005
7125843357
40655339889
1769689762005
7153462550
40686442590
1769689763005
7186153486
40716949389
1769689764005
7214242533
40747082170
1769689765005
7241682581
40777019830
1769689766005
7268074481
40807091273
1769689767005
7301163377
40837319538
1769689768005
7327555887
40867329186
1769689769005
7355048408
40897576645
1769689770005
7381633397
40927638399
1769689771005
7408523074
40957977437
1769689772005
7436130320
40988874093
1769689773005
7463038764
41019479322
1769689774005
7491172716
41049689628
1769689775005
7518608949
41079634720
1769689776005
7545173890
41109687487
1769689777005
7571488157
41139795381
1769689778005
7597958346
41169917084
1769689779005
7625367680
41200221821
1769689780005
7651940403
41230281470
1769689781005
7679129228
41260541456
1769689782004
7708749003
41291152056
1769689783005
7740830093
41321757681
1769689784005
7768478184
41351970962
1769689785005
7795930149
41381962102
1769689786005
7822529771
41412015938
1769689787005
7849141401
41442031490
1769689788005
7876049845
41472007128
1769689789005
7903460583
41502095813
1769689790005
7930026287
41532144964
1769689791005
7957189631
41562263493
1769689792005
7987064994
41592425782
1769689793005
8020154438
41622993171
1769689794005
8047970429
41653255125
1769689795005
8077048560
41683532078
1769689796005
8103708162
41713637882
1769689797005
8130231891
41743669944
1769689798005
8162373173
41773755119
1769689799005
8191090163
41803962190
1769689800004
8217983380
41834149731
1769689801005
8244724642
41864554730
1769689802005
8272876217
41895237469
1769689803005
8300206560
41925805239
1769689804005
8328253114
41955887378
1769689805005
8356067044
41985953343
1769689806005
8382803958
42015954523
1769689807005
8409388246
42045912874
1769689808005
8436458669
42075854074
1769689809005
8463927616
42105941599
1769689810005
8490737616
42135990933
1769689811005
8517893011
42166153238
1769689812005
8547690435
42196474240
1769689813005
8576539834
42226541533
1769689814006
8610860035
42256801611
1769689815005
8639515780
42286899221
1769689816005
8666160612
42316976386
1769689817005
8692723905
42346936857
1769689818005
8720145918
42377011611
1769689819005
8747597791
42407247490
1769689820004
8774620869
42437341133
1769689821005
8801730002
42467635465
1769689822005
8829640622
42498485081
1769689823005
8862951521
42529048899
1769689824005
8891244232
42559086820
1769689825005
8918760464
42589153854
1769689826005
8945190966
42619154179
1769689827005
8971610743
42649162790
1769689828005
8998477594
42679134186
1769689829005
9027067347
42709513200
1769689830005
9058807436
42739676175
1769689831005
9085926608
42770074887
1769689832005
9114165825
42800808985
1769689833005
9141009667
42831331210
1769689834005
9169364020
42861541318
1769689835005
9197379920
42891590728
1769689836005
9223970083
42921631106
1769689837005
9250477180
42951681340
1769689838005
9276928663
42981760625
1769689839004
9304875658
43012026135
1769689840005
9331572855
43042152796
1769689841005
9358463860
43072559275
1769689842005
9386900408
43103084353
1769689843005
9413552426
43133545394
1769689844005
9441743183
43163532857
1769689845005
9474457480
43193572990
1769689846005
9502485129
43223616129
1769689847005
9529140809
43253574389
1769689848004
9555772946
43283549798
1769689849005
9583613074
43313626947
1769689850004
9610541858
43343685634
1769689851005
9637411074
43373931446
1769689852005
9666098006
43404468364
1769689853005
9700503880
43434500838
1769689854005
9729265622
43464548158
1769689855005
9757176120
43494750835
1769689856005
9783697560
43524797514
1769689857005
9810298846
43554804263
1769689858005
9836814381
43584814613
1769689859005
9864684507
43614850658
1769689860005
9891662634
43644934460
1769689861005
9925301611
43675345179
1769689862005
9952934612
43706154224
1769689863005
9979729201
43736698879
1769689864005
10007904838
43766735381
1769689865005
10035597696
43796851774
1769689866005
10062282732
43827002025
1769689867005
10088661877
43857064938
1769689868005
10115204800
43887099609
1769689869005
10142990686
43917130847
1769689870005
10170028579
43947342450
1769689871005
10197050284
43977679367
1769689872005
10226711470
44007941581
1769689873005
10253297375
44038545559
1769689874005
10281144980
44068585311
1769689875005
10308792323
44098647950
1769689876005
10337240178
44128776915
1769689877005
10368090953
44158747167
1769689878004
10394447622
44188796989
1769689879005
10422229084
44218949483
1769689880005
10448970300
44249045552
1769689881005
10476064434
44279435277
1769689882005
10505965308
44309610077
1769689883005
10538341564
44340189185
1769689884005
10566644040
44370168103
1769689885005
10594196188
44400349709
1769689886005
10620525195
44430469596
1769689887005
10646898099
44460520990
1769689888005
10673055056
44490404271
1769689889005
10700546981
44520394404
1769689890005
10728994210
44550530846
1769689891005
10755714950
44580881998
1769689892005
10789583301
44611564997
1769689893005
10817359666
44642110140
1769689894005
10844127782
44672304532
1769689895005
10871914462
44702756372
1769689896005
10898523376
44732820873
1769689897005
10926056926
44762822159
1769689898005
10952984503
44792798209
1769689899006
10981029760
44822926412
1769689900005
11009038077
44853163709
1769689901004
11035837167
44883466204
1769689902005
11064810782
44914234022
1769689903005
11092949662
44944155387
1769689904005
11120679887
44974070909
1769689905005
11148924932
45004277751
1769689906005
11175489873
45034324735
1769689907005
11202163771
45064396880
1769689908005
11235414157
45094416202
1769689909005
11262753426
45124429390
1769689910004
11290288334
45154630754
1769689911005
11316913910
45184877863
1769689912005
11346191311
45215371998
1769689913005
11380351303
45245347483
1769689914005
11407822539
45275662535
1769689915005
11436265892
45305950810
1769689916005
11462748821
45335928340
1769689917005
11489398383
45365848850
1769689918005
11515839062
45395764265
1769689919005
11543091330
45425797822
1769689920006
11570608554
45456074684
1769689921005
11597685477
45486136972
1769689922005
11627144219
45516575492
1769689923005
11656065255
45547209512
1769689924005
11687853711
45577172242
1769689925005
11715955163
45607617048
1769689926005
11742587697
45637708693
1769689927005
11769041895
45667742296
1769689928005
11795377661
45697778386
1769689929005
11822433208
45727912783
1769689930004
11849899927
45758210991
1769689931006
11876822744
45788153168
1769689932005
11905747915
45818782626
1769689933005
11932152402
45849393180
1769689934005
11958720883
45879807684
1769689935005
11986136686
45910419016
1769689936005
12012596317
45940227716
1769689937005
12038983898
45970200134
1769689938005
12065233441
46000159629
1769689939005
12097887026
46030273062
1769689940005
12125821220
46060459886
1769689941005
12152965553
46090479513
1769689942004
12183146914
46120769679
1769689943005
12216962289
46151092559
1769689944005
12244247377
46181484908
1769689945005
12271736266
46211908811
1769689946005
12298219394
46241981383
1769689947005
12324572080
46271997149
1769689948005
12350776032
46302007194
1769689949005
12377788704
46332052713
1769689950005
12404648765
46362158060
1769689951005
12432536758
46392268548
1769689952005
12461989565
46422892620
1769689953005
12489894296
46452928649
1769689954005
12517246641
46482963580
1769689955005
12551322790
46513049335
1769689956005
12578414086
46543144641
1769689957005
12605108506
46573172507
1769689958005
12631568304
46603199519
1769689959005
12658914684
46633300440
1769689960005
12685708815
46663346555
1769689961005
12713353153
46693294484
1769689962005
12741968006
46724019916
1769689963005
12768570070
46754696872
1769689964005
12795799481
46784778309
1769689965004
12823399799
46814973723
1769689966004
12850362623
46845098752
1769689967005
12876718758
46875115953
1769689968005
12903018485
46905270155
1769689969005
12930147392
46935339477
1769689970005
12959323297
46965561517
1769689971005
12990744615
46995602688
1769689972005
13020617338
47025968030
1769689973005
13054712590
47056192816
1769689974005
13082330318
47086293753
1769689975005
13109843650
47116425236
1769689976005
13136746037
47146560030
1769689977006
13163109069
47228237355
1769689979726
13217035204
47236712930
1769689980005
13243534093
47266872259
1769689981005
13271107619
47297068085
1769689982005
13300838228
47327662404
1769689983005
13327315024
47358335821
1769689984005
13354642788
47388427450
1769689985005
13382779852
47418562428
1769689986005
13417075991
47448905616
1769689987005
13443966981
47478903210
1769689988005
13471310339
47509024684
1769689989005
13498477055
47539156426
1769689990005
13526432778
47569327138
1769689991005
13554014085
47599729649
1769689992005
13584215084
47630099080
1769689993005
13610774120
47660755454
1769689994005
13637994056
47690750988
1769689995005
13665320813
47720783157
1769689996005
13691752552
47751179580
1769689997005
13717846890
47781265930
1769689998005
13744122494
47811373153
1769689999005
13771116429
47841545146
1769690000004
13797610817
47871572127
1769690001005
13824413859
47902095512
1769690002005
13859195049
47932741693
1769690003006
13892036201
47963377179
1769690004005
13920014200
47993326176
1769690005005
13947620118
48023352654
1769690006005
13974613901
48053682781
1769690007004
14001074431
48083696838
1769690008005
14027439370
48113676688
1769690009005
14054549235
48143784857
1769690010005
14081182593
48173734174
1769690011005
14108138825
48214694779
1769690012352
14137799202
48234527509
1769690013005
14164406179
48265074208
1769690014005
14192066370
48295038936
1769690015005
14219432203
48325057632
1769690016005
14246252975
48355259440
1769690017005
14275946401
48398549666
1769690018448
14306062412
48415277179
1769690019005
14333191533
48445540156
1769690020005
14359555068
48475647776
1769690021005
14386288305
48506115957
1769690022005
14414905340
48537191636
1769690023005
14441699700
48577403957
1769690024325
14469289292
48597779033
1769690025005
14497963758
48627963385
1769690026005
14525037813
48658332099
1769690027006
14552144993
48688784733
1769690028005
14579068329
48718350480
1769690029005
14608735877
48746248695
1769690030005
14636367947
48776830396
1769690031005
14663825786
48807754472
1769690032005
14692616183
48839114804
1769690033005
14729512163
48869843424
1769690034005
14757597335
48900378466
1769690035005
14784612264
48931012578
1769690036005
14811299986
48954549630
1769690037005
14838771069
48977671618
1769690038005
14866756301
49001449624
1769690039005
14893788595
49024761621
1769690040005
14922081901
49049626958
1769690041005
14957631668
49074035241
1769690042005
14997072209
49098990829
1769690043005
15034881487
49123421054
1769690044005
15072790568
49147346315
1769690045005
15110782607
49171308714
1769690046005
15149124191
49195140856
1769690047005
15188980726
49219664215
1769690048007
15230516496
49246775972
1769690049005
15272690417
49271563219
1769690050005
15312286621
49296707259
1769690051005
15351766528
49321371343
1769690052005
15390763168
49348276735
1769690053005
15429110779
49373220956
1769690054005
15470421952
50118829217
1769690085050
18246288698
51584200000
1769690136020
18272815815
51614913225
1769690137006
18299420869
51645713298
1769690138005
18326408289
51676792090
1769690139005
18354478157
51708305490
1769690140005
18381511411
51739459152
1769690141005
18408960523
51771131480
1769690142005
18437599163
51802756950
1769690143006
18471947317
51833857011
1769690144005
18500031283
51865224224
1769690145005
18527456348
51896726150
1769690146005
18554215508
51927970476
1769690147005
18581002682
51959169119
1769690148005
18607828839
51990512865
1769690149005
18635552366
52021844985
1769690150005
18662876499
52053663301
1769690151005
18689774019
52084774211
1769690152005
18718872276
52116095009
1769690153005
18753332148
52147247344
1769690154005
18781920224
52178712849
1769690155005
18809554873
52210092345
1769690156005
18836047018
52241129192
1769690157005
18862873984
52272368055
1769690158005
18891227269
52303605911
1769690159005
18923625206
52334938916
1769690160005
18950817709
52366010857
1769690161005
18977656210
52396940562
1769690162005
19006486140
52428392732
1769690163005
19035137613
52459456692
1769690164005
19062612800
52490555838
1769690165005
19091322741
52521730358
1769690166005
19118367729
52552701443
1769690167005
19145212014
52583551548
1769690168005
19171829183
52614404353
1769690169005
19199136425
52645476873
1769690170005
19226615809
52676678384
1769690171005
19254358072
52707750111
1769690172005
19283410906
52739198863
1769690173005
19311643501
52770464107
1769690174006
19344083199
52801526908
1769690175005
19373142335
52832686613
1769690176004
19399751325
52863703747
1769690177006
19426076944
52894552203
1769690178005
19452411703
52925449119
1769690179005
19479942460
52956466253
1769690180005
19507353549
52987678750
1769690181005
19534338710
53018668450
1769690182005
19563231869
53050053958
1769690183005
19597491313
53081109297
1769690184005
19625588187
53111991550
1769690185005
19653972447
53143134074
1769690186005
19680521565
53174087201
1769690187005
19707018409
53204967531
1769690188005
19733440032
53235813928
1769690189005
19760311460
53266561621
1769690190005
19795872960
53295059705
1769690191005
19823001608
53325040088
1769690192005
19853089652
53355212600
1769690193005
19880305239
53385692865
1769690194005
19907996953
53415639193
1769690195005
19936040043
53445738558
1769690196005
19962662537
53475825640
1769690197005
19989073556
53505815819
1769690198005
20015495376
53535717150
1769690199005
20042701214
53565663432
1769690200005
20070315311
53595867879
1769690201004
20097323802
53625975712
1769690202005
20125304288
53656726655
1769690203005
20154273600
53682300375
1769690204005
20181611603
53705202648
1769690205005
20213202239
53729355620
1769690206005
20244987399
53752218375
1769690207005
20274023526
53776747776
1769690208005
20301359179
53806879351
1769690209005
20329099367
53837082867
1769690210005
20356838839
53867061221
1769690211005
20384205633
53896945296
1769690212005
20414108765
53927168113
1769690213005
20448737406
53957885488
1769690214005
20477354686
53990675510
1769690215005
20505436363
54023642174
1769690216005
20532557580
54056613323
1769690217005
20559424767
54089318434
1769690218005
20586087573
54121953145
1769690219005
20613360225
54154681128
1769690220005
20640676974
54187347392
1769690221005
20672613112
54219985917
1769690222005
20703918179
54253076521
1769690223005
20732887018
54286086503
1769690224005
20761073396
54318945643
1769690225005
20789756285
54351978160
1769690226005
20816823855
54384730586
1769690227005
20844433725
54417571463
1769690228005
20871745880
54448244346
1769690229005
20899582835
54478433108
1769690230005
20930055563
54507333575
1769690231005
20966897850
54531666393
1769690232005
21004520035
54556809700
1769690233005
21043352301
54582180641
1769690234005
21082634495
54605653182
1769690235005
21122289091
54629425986
1769690236005
21161613245
54652190006
1769690237005
21203398895
54674986511
1769690238005
21242559879
54698003479
1769690239005
21281500798
54721113581
1769690240005
21320839355
54744323334
1769690241005
21360298755
54767506705
1769690242005
21400788483
54791763675
1769690243005
21440836903
54820436783
1769690244005
21480485579
54844170862
1769690245005
21520443183
54867832373
1769690246006
21557060827
54891180516
1769690247005
21593168152
54913889745
1769690248005
21629220792
54936545830
1769690249005
21666839253
54959718414
1769690250005
21706897683
54982573906
1769690251005
21746908446
55006421428
1769690252005
21788353874
55030788133
1769690253005
21830663285
55055031905
1769690254005
21871025929
55078958143
1769690255004
21911075982
55102274579
1769690256005
21950915779
55125519898
1769690257005
21990214742
55148311337
1769690258005
22026518345
55171058360
1769690259005
22063332695
55194161795
1769690260005
22099616997
55217021300
1769690261005
22138388064
55240688533
1769690262005
22178778385
55266148047
1769690263005
22219010191
55290422808
1769690264005
22259320347
55314155773
1769690265005
22299562804
55337670624
1769690266005
22339896503
55385454072
1769690268034
22421119399
55407773551
1769690269005
22459884270
55431066200
1769690270005
22496326676
55453962462
1769690271005
22532891008
55477239807
1769690272005
22570147016
55501591636
1769690273005
22610332331
55530304232
1769690274005
22650367416
55554445684
1769690275005
22690072638
55577816607
1769690276005
22729851403
55601204679
1769690277005
22769577926
55623927534
1769690278005
22809348574
55646662732
1769690279005
22849411489
55670253080
1769690280005
22889187798
55693009731
1769690281005
22928050336
55716788515
1769690282005
22965408176
55741776359
1769690283005
23001850887
55766223627
1769690284005
23039929652
55792760676
1769690285005
23079524848
55816070551
1769690286005
23119051796
55839397089
1769690287005
23158689303
55862267122
1769690288005
23198397378
55885122690
1769690289005
23238677201
55908705302
1769690290005
23278844344
55931624665
1769690291005
23318821387
55955302517
1769690292005
23356317388
55980134348
1769690293005
23393002442
56003153650
1769690294005
23430119938
56026525137
1769690295005
23467991026
56049296268
1769690296005
23508607853
56073860107
1769690297005
23548349557
56097040533
1769690298005
23587993701
56119859132
1769690299005
23628422320
56143423343
1769690300005
23670185434
56166275036
1769690301005
23709940168
56189503601
1769690302005
23750225896
56215156938
1769690303005
23790204572
56243599925
1769690304005
23827231161
56267734694
1769690305005
23863600557
56291140573
1769690306005
23900673316
56313837946
1769690307005
23940460962
56337051269
1769690308005
23980185257
56359833584
1769690309005
24020321883
56383328524
1769690310005
24060270272
56406413344
1769690311005
24100126304
56429566641
1769690312005
24140695388
56455020205
1769690313005
24180905269
56479080713
1769690314005
24219841091
56502424858
1769690315005
24257547546
56525341901
1769690316005
24296460893
56548289689
1769690317005
24335991350
56571527058
1769690318005
24375643809
56594442758
1769690319005
24415685882
56618011288
1769690320005
24457001418
56642236582
1769690321005
24493693979
56665130692
1769690322005
24530988925
56689065078
1769690323005
24570924772
56712823859
1769690324005
24612509947
56737603293
1769690325005
24655183018
56785382606
1769690326914
24695376191
56787566499
1769690327005
24735071053
56811342293
1769690328006
24774773666
56834192689
1769690329005
24814791586
56857581128
1769690330005
24852487344
56880568220
1769690331005
24891361677
56904114030
1769690332005
24928153216
56929279095
1769690333005
24967805187
56957648447
1769690334005
25008237560
56981689807
1769690335005
25048013182
57005425655
1769690336005
25088061038
57028653320
1769690337005
25127981001
57052073053
1769690338005
25168155300
57075127907
1769690339005
25208668067
57098917524
1769690340005
25246731055
57123094405
1769690341007
25283112673
57147182377
1769690342005
25320431040
57171873666
1769690343005
25360404086
57196477878
1769690344005
25400565476
57220450103
1769690345005
25440237238
57244179253
1769690346005
25479926469
57267070815
1769690347005
25522870843
57290268560
1769690348005
25560035943
57313133314
1769690349005
25595552509
57337495183
1769690350005
25632894526
57360914549
1769690351005
25672945723
57385954194
1769690352005
25713367385
57411943664
1769690353005
25753264354
57437134042
1769690354005
25793547656
57461457034
1769690355005
25831478357
57485728285
1769690356005
25867606265
57509189764
1769690357005
25905339329
57532307633
1769690358005
25945136542
57555862476
1769690359005
25985206079
57579861051
1769690360005
26025301616
57603581108
1769690361005
26065267903
57627344237
1769690362005
26105270930
57652620121
1769690363005
26145405772
57677217131
1769690364005
26185193082
57701944414
1769690365005
26225113716
57725608397
1769690366005
26265516199
57749488449
1769690367005
26303303444
57772603952
1769690368005
26339714235
57797281982
1769690369005
26379819537
57821050467
1769690370005
26419624760
57844333077
1769690371005
26459667886
57868138349
1769690372005
26496563180
57894018877
1769690373005
26532546975
57918725683
1769690374005
26572350901
57943098416
1769690375005
26611940681
57967250792
1769690376005
26651635803
57990881147
1769690377005
26691271921
58014227947
1769690378005
26731894332
58037545802
1769690379005
26768533581
58061133160
1769690380005
26808040953
58085172078
1769690381005
26847690910
58108221636
1769690382005
26888060603
58133515220
1769690383005
26927805710
58158333821
1769690384005
26965439017
58182018327
1769690385005
27005204371
58205976255
1769690386005
27045376183
58229698463
1769690387005
27084115024
58252453939
1769690388005
27121255010
58275987680
1769690389005
27161581889
58299674458
1769690390005
27201682537
58322830518
1769690391005
27237203802
58345987127
1769690392005
27277324927
58371250881
1769690393005
27317792438
58399827787
1769690394005
27357862128
58423860251
1769690395005
27397951074
58448221921
1769690396005
27435777639
58471995060
1769690397005
27472219679
58495064058
1769690398005
27512095806
58518055377
1769690399005
27552326986
58541270302
1769690400005
27592001845
58564328939
1769690401005
27630071653
58587447677
1769690402005
27667243040
58612177264
1769690403005
27704330646
58635580640
1769690404005
27741636425
58658582777
1769690405005
27778610908
58681611600
1769690406005
27815230718
58705183929
1769690407005
27851734980
58728163789
1769690408005
27888399359
58752343508
1769690409005
27926183751
58775636081
1769690410005
27964553333
58798734419
1769690411005
28001435749
58821623128
1769690412005
28039074214
58845601548
1769690413005
28075685007
58869991888
1769690414005
28112969135
58893261834
1769690415005
28149962843
58916302939
1769690416005
28186477114
58939103304
1769690417005
28222906443
58961909330
1769690418005
28259543556
58984673183
1769690419005
28296508685
59007546588
1769690420005
28333195158
59030524755
1769690421005
28370194221
59053224829
1769690422005
28407698477
59077093055
1769690423005
28445217120
59104412672
1769690424005
28482685367
59127770336
1769690425005
28522045362
59150824594
1769690426005
28558769842
59173623830
1769690427005
28595275889
59196286370
1769690428005
28631703830
59218928326
1769690429005
28668897325
59241795445
1769690430005
28705466205
59264805440
1769690431005
28742312276
59288011988
1769690432005
28779589767
59312777263
1769690433005
28816149323
59336783407
1769690434005
28853783333
59359633711
1769690435005
28891171017
59382402782
1769690436005
28928007064
59405483483
1769690437005
28964449988
59428193780
1769690438005
29000900938
59450864833
1769690439005
29038650070
59475329159
1769690440005
29075805359
59499332618
1769690441006
29115482827
59522529355
1769690442005
29153040715
59546479853
1769690443005
29190244021
59569341586
1769690444005
29227614907
59592375444
1769690445005
29264562932
59615252252
1769690446005
29301379479
59638316153
1769690447005
29337827759
59661062871
1769690448005
29374302603
59683717583
1769690449005
29411614623
59706534229
1769690450005
29448181793
59729183875
1769690451005
29485270985
59752066267
1769690452005
29523290412
59775177300
1769690453005
29562494790
59799212556
1769690454005
29600115983
59822498935
1769690455005
29637107127
59845272888
1769690456005
29675237876
59868237826
1769690457005
29713308326
59890900777
1769690458005
29749893973
59913577156
1769690459005
29787125721
59936407884
1769690460005
29823820463
59959429414
1769690461005
29860940904
59982472977
1769690462005
29898528926
60006612933
1769690463005
29935111812
60030812960
1769690464005
29972230315
60054501432
1769690465005
30008792022
60077869594
1769690466005
30045593769
60100749972
1769690467005
30082078836
60123383567
1769690468005
30118575133
60145962462
1769690469005
30155710908
60168822181
1769690470005
30192476829
60191634630
1769690471005
30229258648
60214894169
1769690472005
30268873543
60239680256
1769690473005
30305638365
60263537574
1769690474005
30342804748
60287040798
1769690475005
30380046612
60311299538
1769690476005
30416859603
60334340568
1769690477005
30453443283
60356959012
1769690478005
30489999925
60379596818
1769690479005
30526939909
60402821340
1769690480005
30563490845
60425404737
1769690481005
30600660309
60448375595
1769690482005
30638155593
60472372263
1769690483005
30675404232
60499769498
1769690484005
30712429004
60523200994
1769690485005
30749668930
60546142603
1769690486005
30786446569
60569096296
1769690487005
30822941585
60591873758
1769690488005
30862021412
60614536023
1769690489005
30898920382
60637310114
1769690490005
30935716621
60659949309
1769690491005
30972870019
60682993161
1769690492005
31010615152
60706558135
1769690493005
31047254722
60730522335
1769690494005
31084278411
60753270960
1769690495005
31121824184
60776277827
1769690496005
31158612168
60799067603
1769690497005
31195103582
60821664853
1769690498005
31231512481
60844255528
1769690499005
31268431181
60867066665
1769690500005
31305334881
60889750673
1769690501005
31342572702
60912777314
1769690502005
31379976178
60936985428
1769690503005
31417003575
60962612703
1769690504005
31454100107
60987821849
1769690505005
31491529918
61010714967
1769690506005
31528584109
61033719774
1769690507005
31565140934
61056468094
1769690508005
31601633874
61079185426
1769690509005
31638605335
61101976407
1769690510005
31675410378
61124717907
1769690511005
31712515118
61147637788
1769690512005
31750146045
61171657252
1769690513005
31787100128
61200076299
1769690514005
31823790339
61223604455
1769690515005
31860794483
61247217233
1769690516005
31897659916
61270152128
1769690517005
31934140192
61292748493
1769690518005
31970587999
61315333308
1769690519005
32009792164
61338881285
1769690520005
32046694918
61361666255
1769690521005
32083655913
61384942639
1769690522005
32121109665
61409242896
1769690523005
32158549943
61431881480
1769690524005
32195765548
61454551145
1769690525005
32233047922
61477860807
1769690526005
32269960625
61500776660
1769690527005
32306571753
61523420921
1769690528005
32343144248
61545903370
1769690529005
32380160965
61568664400
1769690530005
32416766723
61591712921
1769690531005
32453697049
61615097591
1769690532005
32490935113
61639886043
1769690533005
32528186895
61662567228
1769690534005
32564991983
61685933924
1769690535005
32604450025
61710020859
1769690536005
32641524387
61733363585
1769690537005
32678521756
61756230704
1769690538005
32715154017
61778932441
1769690539005
32752080147
61801810210
1769690540005
32788644372
61824845442
1769690541005
32825552193
61848160581
1769690542005
32862665111
61873128635
1769690543005
32901852782
61897371370
1769690544005
32938789852
61920778179
1769690545005
32975653592
61944506231
1769690546005
33012502485
61967652662
1769690547005
33048984409
61990317033
1769690548005
33085428325
62012940192
1769690549005
33122286267
62035772278
1769690550006
33160001236
62058601664
1769690551005
33197528943
62083842546
1769690552005
33235111228
62108015689
1769690553005
33271706686
62132098687
1769690554005
33308719116
62154900257
1769690555005
33346794768
62179765579
1769690556005
33386268679
62206789526
1769690557005
33423776627
62230658531
1769690558005
33461397225
62254267357
1769690559005
33499410167
62536698872
1769690570631
34358659752
62829558574
1769690583060
34396042920
62851309738
1769690584005
34432939496
62874058226
1769690585005
34469803495
62897204277
1769690586005
34506242086
62920407682
1769690587005
34542645462
62943254004
1769690588005
34578949111
62965913553
1769690589005
34615636514
62988820678
1769690590005
34652151929
63011492708
1769690591005
34688590078
63035082995
1769690592004
34725507160
63060112798
1769690593005
34761830293
63084128463
1769690594005
34798624579
63106919933
1769690595005
34835530935
63130058583
1769690596005
34871990109
63152958873
1769690597005
34909535424
63175778432
1769690598005
34946496601
63200200784
1769690599005
34983241969
63223191797
1769690600005
35020347320
63246937686
1769690601005
35057442631
63270616622
1769690602005
35095000381
63294580455
1769690603005
35133803184
63318798929
1769690604005
35170746372
63342190191
1769690605005
35207687088
63365868623
1769690606005
35244356884
63388528081
1769690607005
35281077489
63411442621
1769690608005
35317458191
63433936484
1769690609005
35354346832
63456637931
1769690610005
35391166842
63479281795
1769690611005
35427831588
63502110708
1769690612005
35465920301
63526067782
1769690613005
35505613362
63548854567
1769690614005
35542917768
63571494204
1769690615005
35580095320
63594682809
1769690616005
35617280134
63617343091
1769690617005
35655830768
63640317504
1769690618005
35692257824
63662905050
1769690619005
35729167368
63685680636
1769690620005
35765685072
63708346456
1769690621005
35802158940
63731320641
1769690622005
35839750974
63755762080
1769690623005
35876230075
63779686715
1769690624005
35912853395
63803019920
1769690625005
35949348563
63826713977
1769690626005
35987046061
63849785202
1769690627005
36023921412
63872780275
1769690628005
36060345493
63895457935
1769690629005
36099612429
63918449162
1769690630005
36136017971
63941067148
1769690631005
36172477084
63964071116
1769690632005
36209926655
63989185845
1769690633005
36246643827
64017575643
1769690634005
36283563533
64041322462
1769690635005
36320293277
64064637128
1769690636005
36357005536
64087259921
1769690637005
36393842620
64110282808
1769690638005
36430186474
64132862619
1769690639005
36467034819
64156237860
1769690640005
36503393229
64178875392
1769690641005
36540198394
64201579906
1769690642005
36578263442
64225823342
1769690643005
36615890555
64249005920
1769690644005
36653551739
64272520543
1769690645005
36691684059
64296082053
1769690646005
36728168241
64318823644
1769690647005
36764774731
64342118720
1769690648005
36801122034
64364694700
1769690649005
36838044120
64387508096
1769690650005
36874448259
64410171932
1769690651005
36911118756
64433009954
1769690652005
36948796007
64457367413
1769690653005
36985410568
64481791581
1769690654005
37022310348
64504524399
1769690655005
37059365454
64527488421
1769690656005
37095987385
64550017453
1769690657005
37132675795
64572847251
1769690658005
37169109336
64595282202
1769690659005
37205905254
64617945932
1769690660005
37244837185
64640756153
1769690661005
37281622728
64663749990
1769690662004
37319316717
64687933599
1769690663005
37356068433
64716245932
1769690664005
37393126681
64739080689
1769690665005
37430095580
64761954842
1769690666005
37466531638
64784510163
1769690667005
37503055994
64807241501
1769690668005
37539815735
64829726499
1769690669005
37576579215
64852561652
1769690670005
37613105738
64875160520
1769690671005
37649835955
64897852935
1769690672005
37687354630
64922307328
1769690673005
37724062845
64946401175
1769690674005
37760816254
64969229996
1769690675005
37800131848
64992919185
1769690676005
37840045113
65016690203
1769690677005
37876398122
65039664098
1769690678005
37913314395
65064956521
1769690679109
37950029049
65085472153
1769690680005
37986589887
65108357200
1769690681005
38023317602
65131118612
1769690682005
38060775763
65155107163
1769690683005
38097679784
65179194891
1769690684005
38134253668
65202405392
1769690685005
38170679702
65225882251
1769690686005
38207215959
65248990003
1769690687005
38243600003
65271866796
1769690688005
38280435516
65294761776
1769690689005
38317058896
65317477474
1769690690005
38353673397
65340496593
1769690691005
38391299686
65363544245
1769690692005
38429582572
65389001516
1769690693005
38467007578
65417765287
1769690694005
38504229255
65440823085
1769690695005
38541355021
65463805951
1769690696005
38578275902
65487003421
1769690697005
38614952548
65509755143
1769690698005
38652082327
79600
1769690699005
38688987370
23112589
1769690700005
38725309131
46185798
1769690701005
38762562377
69424220
1769690702005
38800280260
94383806
1769690703005
38838312671
118583802
1769690704005
38879942339
149048566
1769690705197
38958596932
194128510
1769690707005
38998358487
218545521
1769690708005
39029494038
242721166
1769690709005
39058123401
268397847
1769690710005
39086502503
293641201
1769690711005
39114509249
317484420
1769690712005
39143120440
341552679
1769690713005
39171155566
365035672
1769690714005
39198937591
387804255
1769690715005
39226587117
410712479
1769690716005
39253684318
433650959
1769690717005
39280303226
456256739
1769690718005
39307131154
479704241
1769690719005
39334755885
502691212
1769690720005
39361708547
525879939
1769690721005
39388786492
549171993
1769690722005
39418274668
573212864
1769690723005
39455715450
597873683
1769690724005
39484061671
621385071
1769690725005
39512793065
645641629
1769690726005
39540247959
668907943
1769690727005
39568231177
693689437
1769690728005
39596957230
719917359
1769690729005
39636300975
746985310
1769690730005
39673371980
769727375
1769690731005
39710548600
792954125
1769690732005
39748774666
817118189
1769690733005
39785925699
841252301
1769690734005
39823220950
864540419
1769690735005
39864270432
927818808
1769690737539
39936134712
939290078
1769690738005
39973910545
962192702
1769690739005
40013086284
985685063
1769690740005
40049789922
1008513320
1769690741005
40086457184
1031581280
1769690742005
40123895098
1056372494
1769690743005
40160730565
1080178666
1769690744005
40198194204
1103360451
1769690745005
40235194213
1125875003
1769690746005
40272365997
1148922517
1769690747005
40308955444
1171510506
1769690748005
40345501710
1194190485
1769690749005
40377788218
1221161320
1769690750005
40404466144
1251382382
1769690751005
40431896382
1281215373
1769690752005
40460483130
1312109192
1769690753005
40493522818
1342904398
1769690754005
40527254121
1373245770
1769690755005
40555434152
1403557496
1769690756005
40582749542
1433979720
1769690757005
40609542865
1464115461
1769690758005
40636330283
1494130266
1769690759005
40664662176
1524580428
1769690760005
40691460260
1554776376
1769690761005
40718460420
1585212363
1769690762005
40746639962
1616294786
1769690763005
40774907452
1646653720
1769690764005
40803407000
1677017384
1769690765005
40830988780
1707197326
1769690766005
40858345733
1737715310
1769690767005
40885287730
1767958787
1769690768005
40912325516
1798177607
1769690769005
40941053568
1828741914
1769690770005
40974594208
1858942851
1769690771005
41002237508
1890022695
1769690772005
41031340159
1920868283
1769690773005
41058219857
1951653434
1769690774005
41085799379
1982291514
1769690775005
41112757412
2012707040
1769690776005
41140178387
2043064219
1769690777005
41166983459
2073207985
1769690778005
41193643350
2103365025
1769690779005
41221572463
2133661112
1769690780005
41248405365
2163865376
1769690781005
41275863265
2194054259
1769690782005
41305694837
2224638752
1769690783005
41339684427
2255133574
1769690784005
41367857058
2285419728
1769690785005
41398305282
2315829044
1769690786005
41429718452
2346272675
1769690787005
41456694001
2376544669
1769690788005
41483392572
2406692250
1769690789005
41510824823
2436928082
1769690790005
41538453430
2467316480
1769690791005
41565441582
2497771509
1769690792005
41595573797
2528479241
1769690793005
41624025680
2558742522
1769690794005
41651475707
2588975990
1769690795005
41679729113
2619388342
1769690796005
41706619812
2649974605
1769690797005
41733155916
2680241732
1769690798005
41759738724
2710454403
1769690799005
41787217100
2740884180
1769690800005
41814609726
2771282404
1769690801005
41846952673
2801781803
1769690802005
41876356625
2832714469
1769690803005
41904577654
2863065789
1769690804005
41931887841
2893333434
1769690805005
41960560385
2923722045
1769690806005
41987537063
2954359758
1769690807005
42014043367
2984661918
1769690808005
42040577212
3014921339
1769690809005
42067760774
3045220370
1769690810005
42095224243
3075595234
1769690811005
42122070770
3106079955
1769690812005
42151362209
3136664692
1769690813005
42184294252
3167468916
1769690814005
42212376830
3197696784
1769690815005
42240735730
3228088690
1769690816005
42267756595
3258684490
1769690817005
42300792362
3289025084
1769690818005
42327959018
3319563025
1769690819005
42358110336
3350946229
1769690820005
42387305055
3478259789
1769690824145
42501313319
3504391708
1769690825005
42529799974
3534789092
1769690826005
42557134376
3565180480
1769690827005
42583917400
3595391976
1769690828005
42610772060
3625556371
1769690829005
42638030004
3655770278
1769690830005
42665634274
3686087527
1769690831005
42692383165
3716550582
1769690832005
42723054507
3747581982
1769690833005
42753831571
3778323754
1769690834005
42781624125
3808505253
1769690835005
42809827149
3838922336
1769690836005
42836933093
3869326556
1769690837005
42863543762
3899647604
1769690838005
42890112457
3929850373
1769690839005
42917014004
3960248917
1769690840005
42944038318
3990710659
1769690841005
42970595340
4021245411
1769690842005
42999457190
4052230808
1769690843005
43033653602
4082812372
1769690844005
43061475940
4113309544
1769690845005
43089246842
4143643363
1769690846005
43116358233
4174223370
1769690847005
43144037084
4204841874
1769690848005
43176890473
4235116492
1769690849005
43204763451
4265546315
1769690850005
43231614175
4295913061
1769690851005
43258681806
4326439192
1769690852005
43288931386
4357515878
1769690853005
43317108060
4387940284
1769690854005
43344870677
4418357992
1769690855005
43372094733
4449003594
1769690856005
43399280202
4479745244
1769690857005
43425533300
4509988737
1769690858005
43452275905
4540403362
1769690859005
43480697882
4571347792
1769690860006
43507994123
4602119760
1769690861005
43535202296
4632704879
1769690862005
43564214086
4663805657
1769690863005
43592412960
4694263524
1769690864005
43626375742
4724547968
1769690865005
43654220402
4754970773
1769690866005
43681270608
4785647104
1769690867005
43707643146
4815883592
1769690868005
43734074701
4846181021
1769690869005
43761104538
4876481243
1769690870005
43787876256
4906942451
1769690871005
43815083207
4937510847
1769690872005
43843566567
4968404529
1769690873005
43876467164
4999292320
1769690874005
43904513061
5029687858
1769690875005
43932258865
5060171603
1769690876004
43959169277
5090892136
1769690877005
43985806404
5121163093
1769690878005
44012196534
5151412536
1769690879005
44042087474
5181747896
1769690880005
44072395523
5212184707
1769690881005
44099051707
5242800891
1769690882005
44128024269
5273574568
1769690883005
44154885962
5304180331
1769690884005
44182819653
5334287081
1769690885005
44210158800
5364487805
1769690886004
44237454278
5395101319
1769690887005
44264448640
5425451236
1769690888004
44291037475
5455638471
1769690889005
44318086263
5485917576
1769690890005
44345993587
5516149289
1769690891005
44373281834
5546596948
1769690892005
44403455475
5576789051
1769690893005
44430112513
5607287993
1769690894005
44457773787
5637192651
1769690895005
44491497735
5667184233
1769690896005
44519024602
5697627254
1769690897005
44546123008
5727832800
1769690898005
44572787721
5757779493
1769690899005
44599901111
5787729162
1769690900005
44626323038
5818077904
1769690901005
44653752879
5848867586
1769690902005
44682420601
5876738826
1769690903005
44714840494
5901144577
1769690904005
44742881799
5929622825
1769690905005
44769988170
5959908460
1769690906005
44796947927
5990387688
1769690907005
44823935851
6020891069
1769690908005
44850390629
6051087689
1769690909005
44877741219
6081356677
1769690910005
44904315910
6111669044
1769690911005
44937710103
6142243345
1769690912005
44966049732
6173578135
1769690913005
44992527168
6204427583
1769690914005
45019872434
6234778598
1769690915005
45047021115
6265116797
1769690916005
45073774554
6295627747
1769690917005
45100442898
6326034682
1769690918005
45126853092
6356022572
1769690919005
45153960486
6386148319
1769690920005
45180901002
6413998166
1769690921006
45207971288
6444446054
1769690922005
45236085282
6475717066
1769690923005
45264332875
6505981019
1769690924005
45291738608
6536234719
1769690925005
45319165748
6566105580
1769690926005
45349378938
6596176245
1769690927005
45379381735
6626748745
1769690928005
45405884957
6654642093
1769690929005
45432824238
6685127867
1769690930005
45459392963
6715390646
1769690931005
45487077536
6745876557
1769690932005
45516547127
6776968073
1769690933005
45543952799
6809579546
1769690934005
45571621610
6840124597
1769690935005
45598982058
6869983862
1769690936005
45625980158
6900589885
1769690937005
45653706828
6929837792
1769690938005
45680190321
6960087357
1769690939005
45707400584
6990409092
1769690940005
45733829790
7020715234
1769690941005
45761278444
7050892323
1769690942005
45796790722
7081266897
1769690943006
45825212012
7109825799
1769690944005
45853115323
7140195062
1769690945005
45880350365
7170560893
1769690946005
45907593478
7201112887
1769690947005
45934992269
7231479633
1769690948005
45961585651
7261594927
1769690949005
45988830107
7291302055
1769690950005
46015893557
7321607006
1769690951005
46043787393
7352159046
1769690952005
46073746782
7383418446
1769690953005
46102054995
7413874589
1769690954005
46129464435
7443995147
1769690955005
46157267990
7474349382
1769690956005
46184293326
7504884577
1769690957005
46212023536
7535295098
1769690958005
46244570787
7565367045
1769690959005
46271800519
7595076964
1769690960005
46298355832
7625436311
1769690961005
46325259394
7655968316
1769690962005
46353284877
7687136672
1769690963005
46387425964
7717703786
1769690964005
46415029227
7748085424
1769690965005
46442234042
7778443550
1769690966005
46470034668
7809009367
1769690967005
46496901641
7839273030
1769690968005
46523770429
7869319130
1769690969005
46550784886
7899702889
1769690970004
46577021185
7930001630
1769690971005
46603718047
7960454004
1769690972005
46632179664
7991738778
1769690973005
46663980525
8022403010
1769690974005
46694096353
8052525765
1769690975005
46720823151
8082622109
1769690976005
46747755703
8112838381
1769690977005
46774490099
8143240084
1769690978005
46801513543
8171640013
1769690979005
46828609249
8197981683
1769690980005
46855263876
8228267318
1769690981005
46882352731
8258812491
1769690982005
46911065083
8289901414
1769690983006
46942264855
8321646171
1769690984006
46969605070
8352174042
1769690985005
46996429931
8382658504
1769690986005
47023081796
8413133246
1769690987005
47050486812
8443646454
1769690988005
47077890318
8474376096
1769690989005
47111577693
8504766126
1769690990005
47138009584
8534364388
1769690991005
47164662930
8564984432
1769690992005
47193431172
8596094991
1769690993005
47226511919
8627030998
1769690994005
47254434822
8656895451
1769690995005
47281671085
8686863353
1769690996005
47308281388
8717100177
1769690997005
47335601783
8744703761
1769690998005
47362094004
8773944787
1769690999005
47389061451
8804343178
1769691000005
47415407256
8834715036
1769691001005
47441914430
8865338513
1769691002005
47469625461
8896630306
1769691003005
47496086464
8927674370
1769691004005
47523706496
8957826818
1769691005005
47556337789
8987776822
1769691006005
47582910908
9017891278
1769691007005
47610178281
9048493241
1769691008005
47636702331
9075465342
1769691009005
47663945490
9105883309
1769691010005
47690279898
9136137268
1769691011005
47716687406
9166693321
1769691012005
47745430625
9197835845
1769691013005
47772174481
9228837095
1769691014005
47799504947
9259027840
1769691015005
47826786647
9288928805
1769691016005
47853296949
9319010883
1769691017005
47880254387
9349383900
1769691018005
47907040966
9379893767
1769691019005
47934028782
9404468301
1769691020005
47965057344
9434739243
1769691021005
47994311019
9465152633
1769691022005
48024375886
9495854643
1769691023005
48058017747
9526850309
1769691024005
48086661804
9557515028
1769691025005
48114250755
9587841783
1769691026005
48140954330
9617995101
1769691027005
48168374329
9648186716
1769691028005
48194947051
9678349661
1769691029005
48222181605
9708090829
1769691030005
48248972776
9733995861
1769691031005
48275567516
9764460808
1769691032005
48304899449
9795317611
1769691033005
48331479252
9826061779
1769691034005
48359633069
9856404418
1769691035005
48387027160
9886679341
1769691036005
48420137356
9916768316
1769691037005
48447318705
9946930360
1769691038005
48473661245
9977010394
1769691039005
48501345635
10006064830
1769691040005
48528340683
10033044849
1769691041005
48554998790
10063512970
1769691042005
48584326817
10094286067
1769691043005
48610830406
10125044181
1769691044005
48638844765
10155305235
1769691045005
48666269616
10185612673
1769691046005
48692976960
10215849025
1769691047005
48720098559
10246027838
1769691048005
48746515970
10276089119
1769691049005
48773887769
10306454614
1769691050005
48800370424
10331851540
1769691051005
48827988838
10362323643
1769691052005
48860675029
10393647600
1769691053005
48893813849
10424454127
1769691054005
48921936280
10454853449
1769691055005
48949293127
10485090640
1769691056005
48975908953
10515274336
1769691057005
49003110915
10545539220
1769691058005
49029595569
10579449453
1769691059199
49057742871
10603935767
1769691060005
49084249389
10634109606
1769691061005
49111397948
10664455113
1769691062005
49141971792
10695030528
1769691063005
49170418181
10725551319
1769691064005
49198382586
10755964587
1769691065004
49225903242
10786276190
1769691066005
49252741927
10814254983
1769691067005
49285018608
10844928766
1769691068005
49313438342
10875345788
1769691069005
49340846532
10905661847
1769691070005
49367414356
10935811838
1769691071005
49394195610
10966220818
1769691072005
49423179219
10997175501
1769691073005
49451387950
11027288369
1769691074005
49479353300
11057374338
1769691075005
49506070974
11087610933
1769691076005
49532679415
11117688831
1769691077005
49559335172
11147868239
1769691078005
49586115449
11178226700
1769691079005
49613360774
11208568545
1769691080005
49639910061
11238693895
1769691081005
49666521279
11269039097
1769691082005
49694159666
11300240410
1769691083005
49728383848
11332375528
1769691084005
49755987386
11362693555
1769691085005
49783605251
11392917746
1769691086005
49810004261
11423187207
1769691087005
49836642364
11453625025
1769691088005
49864183069
11484551191
1769691089005
49891428166
11514790273
1769691090005
49918333223
11544988205
1769691091005
49945194551
11575282964
1769691092005
49972697553
11606435879
1769691093005
50000958192
11636868677
1769691094005
50028406937
11666996757
1769691095005
50056338858
11697147679
1769691096005
50082719146
11727327958
1769691097005
50108994368
11757547510
1769691098005
50137404001
11788034260
1769691099005
50169679951
11818326120
1769691100005
50196831394
11848418863
1769691101005
50223328513
11878793132
1769691102005
50252242865
11909469707
1769691103005
50281299285
11940595829
1769691104005
50308983187
11970602578
1769691105005
50337141826
12000706047
1769691106005
50364023172
12030877491
1769691107005
50390542415
12060944189
1769691108005
50417902618
12091362125
1769691109005
50445186928
12121477359
1769691110005
50473306430
12151598344
1769691111005
50500167147
12181910879
1769691112005
50527970077
12212776058
1769691113005
50561065457
12243525185
1769691114005
50593549754
12273878871
1769691115005
50621980306
12304270182
1769691116005
50648763436
12334346554
1769691117005
50675338585
12364348313
1769691118005
50702652587
12394734864
1769691119005
50730175913
12424841385
1769691120005
50757587154
12454925553
1769691121005
50784444911
12485212149
1769691122005
50812005360
12515994173
1769691123005
50839416434
12546735060
1769691124005
50867185002
12576853681
1769691125005
50895719247
12606801229
1769691126005
50922737503
12636939838
1769691127005
50949482672
12666943947
1769691128005
50976776808
12697369955
1769691129005
51003915800
12727576798
1769691130005
51037530944
12757642778
1769691131005
51064304599
12787795150
1769691132005
51093114480
12818248790
1769691133005
51122293467
12849305076
1769691134005
51152161002
12880044819
1769691135005
51180983227
12910285336
1769691136005
51207751618
12940470558
1769691137005
51234339980
12970529489
1769691138005
51261751343
13001071382
1769691139005
51288821415
13031261181
1769691140005
51315589135
13061312285
1769691141005
51342800466
13091465953
1769691142005
51371524780
13122108091
1769691143005
51404515628
13153060562
1769691144005
51431983522
13183508908
1769691145005
51460615601
13213735830
1769691146005
51492162752
13243877307
1769691147005
51518666173
13273975299
1769691148005
51545838458
13304461195
1769691149005
51572901985
13334660561
1769691150005
51600494354
13363254892
1769691151005
51627820333
13386106310
1769691152005
51657526637
13410516440
1769691153005
51685367345
13435662799
1769691154005
51712312408
13458839701
1769691155005
51739336646
13482070387
1769691156005
51767995503
13504849925
1769691157006
51796212946
13529835251
1769691158005
51829189390
13553519726
1769691159005
51865862146
13576682667
1769691160005
51902196632
13599485626
1769691161005
51941239534
13623058457
1769691162005
51978521847
13648030509
1769691163005
52014634283
13672080580
1769691164005
52051960890
13695203652
1769691165005
52089141233
13718096847
1769691166005
52119478333
13747018676
1769691167006
52146505576
13776900462
1769691168005
52173707233
13806928618
1769691169004
52203261201
13836935336
1769691170004
52230909460
13866826369
1769691171005
52258182647
13896719171
1769691172005
52286495682
13927253374
1769691173005
52322002680
13956917245
1769691174005
52350515549
13986679561
1769691175005
52377814659
14016544380
1769691176005
52405406097
14046193985
1769691177005
52438580499
14075841271
1769691178005
52465668835
14105742419
1769691179005
52493053054
14135387431
1769691180005
52519824954
14165091309
1769691181005
52547210486
14194935072
1769691182005
52576583478
14225009261
1769691183005
52603802453
14255319294
1769691184005
52631659564
14285010446
1769691185005
52658902814
14314805185
1769691186005
52686058026
14344580959
1769691187005
52713731232
14374279633
1769691188005
52741441179
14404373811
1769691189005
52768968457
14434273464
1769691190005
52795733354
14463979493
1769691191005
52823850720
14493851300
1769691192005
52857206799
14524013498
1769691193005
52889715463
14553964097
1769691194005
52918368904
14583897211
1769691195005
52948672054
14611597133
1769691196005
52983090349
14636265673
1769691197005
53010566620
14666126204
1769691198004
53038008713
14696292583
1769691199004
53065203244
14726278169
1769691200005
53092411447
14756304814
1769691201005
53119514996
14786372855
1769691202005
53150275719
14816478109
1769691203005
53186106049
14847038861
1769691204005
53214250178
14876857402
1769691205005
53241573838
14906698923
1769691206005
53268366062
14936512490
1769691207004
53295399317
14966399204
1769691208005
53327630850
14996302931
1769691209005
53356303058
15026147549
1769691210004
53383736454
15055858766
1769691211005
53410377609
15085908618
1769691212005
53439938672
15116209481
1769691213005
53466935826
15180633197
1769691215150
53522497619
15205943625
1769691216005
53549308336
15235765355
1769691217005
53576099187
15265611773
1769691218005
53603110302
15295436952
1769691219005
53630781936
15325293608
1769691220005
53657707347
15355071548
1769691221005
53686136694
15385036734
1769691222005
53713869802
15415792971
1769691223005
53740779086
15446072457
1769691224005
53775294574
15475908210
1769691225005
53802439288
15505719351
1769691226005
53829122952
15535554905
1769691227005
53856043496
15565365955
1769691228005
53885900121
15634875041
1769691230326
53941172562
15655257730
1769691231005
53967888618
15685569837
1769691232005
53996143947
15716511673
1769691233005
54029029850
15747103917
1769691234005
54057363086
15777306579
1769691235005
54084755362
15807324756
1769691236005
54111419235
15837335197
1769691237005
54138832765
15867272797
1769691238005
54165756483
15897362458
1769691239005
54194969938
15927415927
1769691240005
54226432651
15957294997
1769691241005
54253196434
15987521202
1769691242005
54283133805
16018697110
1769691243006
54311335975
16048707293
1769691244005
54339447772
16078864623
1769691245005
54366874790
16108894671
1769691246005
54393498611
16139031784
1769691247005
54420784035
16169031942
1769691248005
54447726291
16199228409
1769691249005
54474951995
16229461296
1769691250005
54501413609
16259508860
1769691251005
54528089963
16289838118
1769691252005
54556242301
16320676092
1769691253005
54584082460
16350596679
1769691254005
54614491043
16412393258
1769691256080
54675351055
16433454058
1769691257005
54704040993
16456707601
1769691258005
54731398862
16480985642
1769691259005
54758902978
16504051619
1769691260005
54785541447
16526859979
1769691261005
54811893692
16549929282
1769691262005
54843811444
16576072217
1769691263005
54873568221
16606596685
1769691264005
54901446403
16636740786
1769691265005
54928799313
16666866609
1769691266005
54956479263
16696158627
1769691267005
54992839656
16719186306
1769691268005
55029323045
16742183148
1769691269005
55066108130
16765458541
1769691270005
55102173877
16788403338
1769691271005
55141304910
16811396168
1769691272005
55178599352
16835786279
1769691273005
55217274308
16859373865
1769691274005
55253942471
16882451636
1769691275005
55290327766
16905346830
1769691276005
55326233960
16928064298
1769691277005
55362182754
16950682650
1769691278005
55392420906
16973530742
1769691279005
55420185003
16996549450
1769691280005
55453007326
17038419370
1769691281755
55509122024
17070248778
1769691283005
55537795483
17093135595
1769691284005
55564995401
17116086267
1769691285005
55592519643
17138883931
1769691286005
55620995145
17161693680
1769691287005
55659194509
17184556298
1769691288005
55695774358
17207543131
1769691289005
55732201506
17230828075
1769691290005
55768216184
17253650656
1769691291005
55804223645
17276909340
1769691292005
55842392661
17302809902
1769691293005
55879667543
17331607775
1769691294005
55918988630
17355527345
1769691295005
55955425771
17379186217
1769691296005
55991438618
17402105030
1769691297005
56028589316
17425192779
1769691298005
56064880850
17448603968
1769691299005
56101639920
17471805634
1769691300005
56137632032
17494642099
1769691301005
56173636670
17517831162
1769691302005
56212889538
17542442667
1769691303005
56250161231
17566051599
1769691304005
56286730476
17589156239
1769691305005
56322996744
17612024456
1769691306005
56359049216
17634764110
1769691307005
56395229962
17657442029
1769691308005
56431415530
17680706634
1769691309005
56468269138
17703941334
1769691310005
56504279941
17726680652
1769691311005
56540347762
17749784208
1769691312005
56577269712
17776017898
1769691313005
56613530547
17800242735
1769691314005
56650137098
17823379005
1769691315005
56686446469
17846227371
1769691316005
56723834123
17884626066
1769691317653
56804713501
17916843120
1769691319005
56842114337
17940903796
1769691320005
56878267467
17963764536
1769691321005
56914358175
17986790598
1769691322005
56951668685
18010717080
1769691323005
56990852159
18035042222
1769691324005
57027854686
18058960068
1769691325005
57063843807
18082302581
1769691326005
57099781264
18105175009
1769691327005
57135812528
18128040007
1769691328005
57171795500
18150814540
1769691329005
57208795036
18174235845
1769691330005
57244813895
18196969182
1769691331005
57280778069
18220050218
1769691332005
57317306346
18245429139
1769691333005
57354364565
18269455454
1769691334005
57393012362
18292632676
1769691335005
57429387754
18315486185
1769691336005
57465441950
18338359911
1769691337005
57501493446
18361104797
1769691338005
57537489570
18383862349
1769691339005
57574515945
18407330663
1769691340005
57610531111
18430124879
1769691341005
57646729572
18453361333
1769691342005
57683664369
18478485553
1769691343005
57720001158
18502491574
1769691344005
57757307334
18525683704
1769691345005
57794008973
18548313500
1769691346005
57830440805
18571044807
1769691347005
57866952177
18593638304
1769691348005
57903333901
18616306596
1769691349005
57943422069
18640159672
1769691350005
57980246809
18662981612
1769691351005
58016638665
18686139258
1769691352005
58055531200
18749774914
1769691354532
58132751801
18760817922
1769691355005
58169441798
18783562320
1769691356005
58205718364
18806283786
1769691357005
58242120687
18829067947
1769691358005
58278476107
18851775483
1769691359005
58316010527
18875180919
1769691360005
58352421685
18897986991
1769691361005
58388785084
18921166639
1769691362005
58425731187
18946319162
1769691363005
58462243169
18970199534
1769691364005
58499604426
18993262520
1769691365005
58538809812
19016139297
1769691366005
58574950826
19038917142
1769691367005
58610764678
19061789799
1769691368005
58637376614
19084554704
1769691369005
58665829305
19108232923
1769691370005
58692610345
19131135944
1769691371005
58720221374
19155321690
1769691372005
58748008466
19180340492
1769691373005
58774822036
19204241691
1769691374005
58802710517
19226955971
1769691375005
58830076365
19249861433
1769691376005
58856530045
19272667947
1769691377005
58886880846
19295485981
1769691378005
58919262686
19341420205
1769691379966
59181507150
19531764091
1769691388005
59208032741
19554590165
1769691389005
59238713680
19577993725
1769691390005
59265341545
19601017025
1769691391005
59291804791
19624152089
1769691392004
59320983946
19648010154
1769691393005
59347702993
19671974262
1769691394005
59375168659
19694662954
1769691395005
59402431165
19717822904
1769691396005
59434533311
19740586971
1769691397005
59461472683
19763396201
1769691398005
59487955658
19786133825
1769691399005
59515514978
19809187808
1769691400005
59542658075
19831883473
1769691401005
59569185756
19854832451
1769691402005
59596851653
19879577738
1769691403005
59623588063
19903510354
1769691404005
59651022771
19926165935
1769691405005
59678857010
19948858472
1769691406005
59705232919
19971597164
1769691407005
59731947923
19994300672
1769691408005
59758520020
20016856512
1769691409005
59785940187
20039904194
1769691410005
59813019856
20062502223
1769691411005
59839555517
20085700044
1769691412005
59873719735
20109947126
1769691413005
59906281467
20134002477
1769691414005
59934503472
20157269386
1769691415017
59962114654
20179810579
1769691416005
59988372314
20202851883
1769691417005
60015884167
20225685175
1769691418005
60042159084
20248482519
1769691419005
60069580014
20271602417
1769691420005
60096508141
20294515127
1769691421005
60122715693
20317624741
1769691422005
60151098061
20341865858
1769691423005
60177835646
20365959155
1769691424005
60205202318
20388826991
1769691425005
60233072093
20411649145
1769691426005
60259501710
20434558147
1769691427005
60288752715
20457303919
1769691428005
60318597608
20480068519
1769691429005
60345883993
20503230621
1769691430005
60372794725
20526025173
1769691431005
60399353548
20549123923
1769691432005
60427227427
20575186876
1769691433005
60454083384
20599167554
1769691434005
60481517771
20621958871
1769691435005
60509395434
20644818697
1769691436005
60535607869
20667495274
1769691437005
60562187870
20690160956
1769691438005
60588670570
20712784939
1769691439005
60616025814
20735976534
1769691440005
60642977118
20758753158
1769691441005
60669506722
20781852092
1769691442005
60698458578
20805802025
1769691443005
60734270447
20829934413
1769691444005
60762453499
20852787541
1769691445005
60789653157
20875646741
1769691446005
60816433862
20898393932
1769691447005
60843019584
20921216833
1769691448005
60869255700
20943922156
1769691449005
60896270233
20967110364
1769691450005
60922545791
20989940970
1769691451005
60949499871
21013131254
1769691452005
60977363680
21037875335
1769691453005
61004097832
21061375356
1769691454005
61031687012
21084236036
1769691455005
61058910900
21106987026
1769691456005
61085922748
21129703823
1769691457005
61112490557
21152287448
1769691458005
61138893596
21174859081
1769691459005
61173008729
21197818465
1769691460006
61199725838
21220582790
1769691461005
61226870949
21243481371
1769691462005
61254497938
21268253726
1769691463005
61282790451
21290995882
1769691464005
61310533447
21313703203
1769691465005
61337960831
21336302407
1769691466005
61364872846
21359018609
1769691467005
61391522957
21381646879
1769691468005
61417910096
21404208289
1769691469005
61445315707
21426935644
1769691470005
61471982800
21449925697
1769691471005
61498972325
21472792755
1769691472005
61527622669
21497007979
1769691473005
61561461068
21520152152
1769691474005
61590958138
21543977107
1769691475005
61618544999
21569203983
1769691476005
61645827173
21591860205
1769691477005
61672734869
21614348926
1769691478005
61699380083
21636847396
1769691479005
61726764668
21659517732
1769691480005
61753850273
21682439505
1769691481005
61780992073
21705174810
1769691482005
61810411008
21729440218
1769691483005
61838794382
21752007746
1769691484005
61866464154
21774709422
1769691485005
61894122270
21797339310
1769691486005
61921257433
21819887949
1769691487005
61950035058
21843719724
1769691488005
61981847393
21868448166
1769691489005
62019208407
21892304568
1769691490005
62058408330
21915899936
1769691491005
62095081635
21940388782
1769691492005
62125545116
21971110337
1769691493005
62160477423
21996529540
1769691494005
62197368871
22020225366
1769691495005
62226254828
22050249586
1769691496005
62254729125
22080244830
1769691497004
62284023371
22109787126
1769691498004
62311937714
22139585191
1769691499004
62340016127
22169243310
1769691500005
62366990135
22199143375
1769691501005
62394088571
22228972338
1769691502005
62423562191
22259236550
1769691503005
62452382066
22290910572
1769691504005
62480409699
22320705372
1769691505005
62508000359
22350265122
1769691506005
62541077994
22379873866
1769691507005
62567799696
22409647259
1769691508005
62594388073
22439249321
1769691509005
62621785765
22468993189
1769691510005
62649128177
22498874762
1769691511004
62675873300
22528758867
1769691512005
62704036578
22559477707
1769691513005
62733479574
22595958135
1769691514226
62761570376
22619039400
1769691515005
62789010561
22648673885
1769691516005
62815622787
22678381592
1769691517005
62842442613
22708214842
1769691518005
62869098598
22737847877
1769691519005
62896849787
22767637200
1769691520005
62923810277
22797479376
1769691521005
62952557402
22827363222
1769691522005
62985383661
22858027102
1769691523005
63012050525
22888198912
1769691524005
63039709267
22917897190
1769691525005
63066975755
22947483734
1769691526005
63093404549
22977199223
1769691527005
63120156324
23007026370
1769691528005
63146823799
23036792699
1769691529005
63174180721
23066610431
1769691530005
63201537293
23096500243
1769691531004
63228261146
23126307402
1769691532005
63256623891
23156991713
1769691533005
63289525983
23187288639
1769691534004
63319685815
23217304894
1769691535005
63347288377
23247005323
1769691536005
63373913693
23276686558
1769691537006
63406122767
23306466069
1769691538005
63433366017
23336172678
1769691539005
63460574129
23366028709
1769691540005
63487360357
23395853613
1769691541005
63514095561
23425632819
1769691542005
63542745035
23456449738
1769691543005
63571042507
23486054438
1769691544005
63598836296
23515839824
1769691545005
63626293113
23545466969
1769691546005
63652625736
23575168314
1769691547005
63679248810
23604979273
1769691548005
63705737644
23634647218
1769691549005
63733129644
23664469025
1769691550005
63759827803
23694345577
1769691551005
63786313036
23724231269
1769691552005
63814728971
23754918357
1769691553005
63847723434
23785111528
1769691554005
63875515408
23814860295
1769691555005
63904918032
23844760543
1769691556005
63931209321
23874493503
1769691557005
63963090530
23904294665
1769691558005
63989468820
23934134919
1769691559005
64016817015
23964131430
1769691560005
64043525290
23994161935
1769691561005
64069940534
24024221309
1769691562005
64098083122
24055037694
1769691563006
64132168792
24085423253
1769691564005
64160073828
24115631255
1769691565005
64187478294
24145708526
1769691566005
64214057135
24175803146
1769691567005
64240604606
24205916610
1769691568005
64269094176
24236305144
1769691569005
64300993939
24266564093
1769691570005
64327505858
24296899301
1769691571005
64353940099
24327215024
1769691572005
64383115608
24357901548
1769691573006
64411284134
24388304852
1769691574005
64438972262
24418558430
1769691575005
64466211683
24448665470
1769691576005
64494858013
24479030553
1769691577006
64521549000
24509066795
1769691578005
64547965374
24539453682
1769691579005
64575410427
24569679277
1769691580005
64601928404
24599981451
1769691581005
64628240306
24630354712
1769691582005
64655770956
24661354650
1769691583005
64684095083
24691873244
1769691584005
64717106957
24722192126
1769691585005
64744621326
24752363311
1769691586005
64770603961
24782440780
1769691587005
64796930969
24812461140
1769691588005
64823349006
24842729792
1769691589005
64850489768
24866018627
1769691590005
64877559032
24889457326
1769691591005
64904715708
24914196220
1769691592005
64935827289
24940520633
1769691593005
64969820450
24968972150
1769691594005
64998605842
24999077038
1769691595005
65025519871
25029064760
1769691596005
65052481748
25058892930
1769691597005
65086356828
25142055743
1769691599762
65145410277
25149782410
1769691600005
65179284792
25179884140
1769691601005
65206337622
25209853614
1769691602005
65234977407
25240418271
1769691603005
65271645555
25264226763
1769691604005
65300225101
25293595605
1769691605005
65330074143
25321403021
1769691606005
65366151532
25344036646
1769691607005
65402294560
25366619722
1769691608005
65438680602
25389241889
1769691609005
65475213946
25411977621
1769691610005
65511705619
25434697699
1769691611005
15180702
25457941721
1769691612005
51806204
25483976263
1769691613005
88381858
25508050091
1769691614005
124936486
25530890203
1769691615005
162047573
25553625905
1769691616005
199984683
25576381671
1769691617005
235926763
25598945171
1769691618005
272060484
25621593475
1769691619005
308434870
25644625532
1769691620005
344483039
25667476081
1769691621005
380253757
25690621216
1769691622005
416600464
25715395539
1769691623005
453572048
25742731100
1769691624005
490453411
25766264521
1769691625005
526510827
25789389363
1769691626005
562449688
25812301859
1769691627005
598615237
25835163973
1769691628005
635980583
25858100928
1769691629005
672296927
25882262154
1769691630005
708429519
25905501491
1769691631005
746309854
25928731034
1769691632005
783194177
25953913829
1769691633005
819836951
25976756840
1769691634005
856542297
25999931026
1769691635005
892975380
26022656352
1769691636005
928818925
26045370525
1769691637005
964748188
26068195165
1769691638005
1000632502
26090804348
1769691639005
1037577170
26113764601
1769691640005
1073671251
26136843013
1769691641005
1109542779
26159983860
1769691642005
1146112237
26184759511
1769691643005
1182115899
26208607246
1769691644005
1218999444
26231570765
1769691645005
1255325370
26254381856
1769691646005
1291177047
26277246671
1769691647005
1329790605
26300113271
1769691648005
1365631632
26322825933
1769691649005
1403934949
26352394671
1769691650277
1440032325
26369447225
1769691651005
1476001656
26392628506
1769691652005
1512461120
26417533682
1769691653005
1551204981
26441596296
1769691654005
1588095316
26464821413
1769691655005
1624303893
26487602904
1769691656005
1660104059
26510346372
1769691657005
1695997924
26533023635
1769691658005
1731766063
26555739746
1769691659005
1768385233
26578831691
1769691660005
1804360103
26601702701
1769691661006
1840906644
26625017123
1769691662005
1877465605
26650478911
1769691663005
1915698751
26674514273
1769691664005
1952903232
26697624376
1769691665005
1989538697
26720514183
1769691666005
2025843186
26743370759
1769691667005
2062187986
26766084230
1769691668005
2098463210
26788844955
1769691669005
2136680685
26834943828
1769691670992
2173119063
26835291130
1769691671005
2209542472
26858959737
1769691672005
2246910168
26884205990
1769691673005
2284070875
26907084995
1769691674005
2321073646
26930669117
1769691675005
2357421086
26954145702
1769691676005
2393744708
26977006031
1769691677005
2430118834
26999733279
1769691678005
2468487623
27022470110
1769691679005
2505879717
27045859419
1769691680005
2542257321
27068655420
1769691681005
2578683126
27092242961
1769691682005
2615752163
27116983686
1769691683005
2652394173
27145463170
1769691684005
2689171904
27168604994
1769691685005
2725940938
27191422249
1769691686005
2760181415
27214450416
1769691687005
2786759097
27237771827
1769691688005
2813202187
27260849994
1769691689005
2840694265
27284927485
1769691690005
2870565691
27308444426
1769691691005
2897686633
27332167946
1769691692005
2928680590
27358102320
1769691693005
2958720586
27383715360
1769691694005
2992821927
27406800470
1769691695005
3021415403
27430593566
1769691696005
3048937021
27453994089
1769691697005
3076473301
27477949729
1769691698005
3105300836
27503116671
1769691699006
3132860461
27525735115
1769691700005
3160730617
27549489822
1769691701005
3188654435
27573206903
1769691702005
3216658846
27599466074
1769691703005
3248887587
27625538410
1769691704005
3285514447
27649288433
1769691705005
3322553272
27672459400
1769691706005
3358737314
27695606350
1769691707005
3386217766
27725421535
1769691708005
3412851032
27755552271
1769691709004
3441450032
27785910289
1769691710005
3473689011
27816043115
1769691711005
3506852350
27849600797
1769691712005
3538047423
27883922371
1769691713005
3572718161
27917240137
1769691714005
3601170120
27950378011
1769691715005
3629679784
27983358483
1769691716005
3656055984
28016467198
1769691717005
3682612014
28049298325
1769691718006
3708954814
28082062637
1769691719005
3736458579
28115138533
1769691720005
3763296928
28147810122
1769691721005
3790386577
28180821751
1769691722005
3820211649
28213729321
1769691723005
3848374484
28246928577
1769691724005
3876654576
28279928870
1769691725005
3912805905
28313683914
1769691726005
3942359308
28346756804
1769691727005
3969429121
28379504958
1769691728005
3996160176
28411995419
1769691729005
4024007475
28443239348
1769691730005
4051147475
28473245105
1769691731005
4077910968
28503541710
1769691732005
4106673321
28533898035
1769691733005
4136452954
28565973968
1769691734005
4164736968
28597275511
1769691735005
4192759430
28629785014
1769691736005
4219516850
28662379855
1769691737005
4246243602
28694882050
1769691738005
4272843087
28727428738
1769691739005
4300581750
28760152234
1769691740005
4327530597
28792669687
1769691741005
4361595623
28825548572
1769691742005
4390515591
28858836737
1769691743005
4424477717
28891846275
1769691744005
4454020958
28924791242
1769691745005
4481526280
28957446719
1769691746005
4508402255
28990207094
1769691747005
4534888602
29021869062
1769691748005
4561149406
29051962675
1769691749005
4588642643
29082104030
1769691750005
4615293319
29112005468
1769691751005
4643294068
29142840803
1769691752005
4672659767
29176055714
1769691753005
4701159636
29208867936
1769691754005
4729313179
29241552907
1769691755005
4756668591
29274238777
1769691756005
4785266188
29306812151
1769691757006
4817508249
29339443062
1769691758005
4844262358
29372007418
1769691759005
4872134681
29404698110
1769691760005
4898918727
29437166707
1769691761005
4926799441
29470076901
1769691762005
4956344193
29502040580
1769691763005
4991115207
29532972940
1769691764005
5026376918
29557743937
1769691765005
5057193409
29581411536
1769691766005
5088890821
29942507380
1769691777927
5846904919
30357416678
1769691793032
5874051877
30388307430
1769691794005
5901811900
30421037442
1769691795005
5929862787
30453773557
1769691796005
5957189652
30486391912
1769691797005
5984152506
30518960418
1769691798005
6011020028
30551699432
1769691799005
6038590471
30584290901
1769691800005
6065864909
30617154391
1769691801005
6093248381
30650164448
1769691802005
6123968853
30683523883
1769691803005
6158339924
30716413433
1769691804005
6192273045
30749169841
1769691805005
6220293248
30780017169
1769691806005
6246962600
30809979380
1769691807005
6274155041
30839821327
1769691808004
6300648452
30870724834
1769691809005
6328251181
30903367266
1769691810005
6355564024
30936003990
1769691811005
6382986937
30968816090
1769691812005
6413415433
31001950409
1769691813005
6442040585
31034560371
1769691814005
6469806498
31067131944
1769691815005
6498014817
31099762794
1769691816005
6524648160
31132323839
1769691817005
6552213598
31164708944
1769691818005
6578867554
31195565518
1769691819005
6609908277
31225674603
1769691820005
6639656571
31255634067
1769691821005
6667029362
31286363832
1769691822005
6696660352
31319601325
1769691823005
6724839849
31352324959
1769691824005
6752510415
31384977461
1769691825005
6780480190
31417792490
1769691826005
6807031719
31450377856
1769691827005
6834345172
31482950864
1769691828005
6860910265
31515489647
1769691829005
6888496119
31548211695
1769691830005
6915543243
31580927273
1769691831005
6942894200
31613740655
1769691832005
6972981481
31644604323
1769691833005
7007083202
31674671418
1769691834005
7035415950
31704658926
1769691835005
7069372217
31735173446
1769691836005
7096195888
31767798316
1769691837005
7123495853
31800412809
1769691838005
7149968284
31833038930
1769691839005
7177299726
31865828082
1769691840005
7204549538
31898649489
1769691841005
7231893827
31931631640
1769691842005
7261329865
31964958606
1769691843005
7290159643
31997582987
1769691844005
7318491735
32030216889
1769691845005
7346712916
32062449505
1769691846005
7373626335
32093135327
1769691847005
7400984509
32122886337
1769691848005
7427794447
32154730652
1769691849005
7455648430
32187314783
1769691850005
7483202318
32219855367
1769691851005
7516612928
32252663912
1769691852005
7546723676
32285754013
1769691853005
7575303634
32318563076
1769691854005
7603138132
32348500005
1769691855005
7630830227
32378402847
1769691856005
7657408320
32408214446
1769691857005
7684844081
32440543234
1769691858005
7711682369
32473186916
1769691859005
7739355438
32505963602
1769691860005
7766505492
32538707087
1769691861005
7793491432
32571442638
1769691862005
7823850808
32604671953
1769691863005
7858643092
32637734025
1769691864005
7886746833
32670585307
1769691865005
7914455528
32701526136
1769691866005
7944935596
32731326154
1769691867005
7974073478
32761092483
1769691868005
8000973118
32791810819
1769691869005
8028384222
32824660378
1769691870005
8055395261
32857448889
1769691871005
8083116362
32890194068
1769691872005
8112340894
32923728771
1769691873005
8145417690
32956989701
1769691874006
8175245890
32989925894
1769691875005
8204687208
33114471455
1769691878843
8313623972
33149186381
1769691880005
8339981710
33179129839
1769691881005
8367193025
33212161197
1769691882005
8402898805
33245343273
1769691883005
8431653483
33278057295
1769691884005
8459662425
33310721743
1769691885005
8487123072
33343267225
1769691886005
8514317054
33375996139
1769691887005
8541007721
33408591758
1769691888005
8567924649
33438941049
1769691889005
8595462242
33468817754
1769691890005
8622044241
33500091192
1769691891005
8649448448
33532849950
1769691892005
8679799997
33565873313
1769691893005
8714308619
33598883767
1769691894005
8742704383
33631715946
1769691895005
8769933184
33664428076
1769691896005
8796959863
33696428741
1769691897005
8824438224
33726373679
1769691898005
8857319290
33756229405
1769691899005
8884817135
33788223386
1769691900005
8911392223
33821026133
1769691901005
8938766341
33853902134
1769691902005
8967959885
33887448098
1769691903005
8996809177
33920337388
1769691904005
9024722223
33952857878
1769691905005
9052494026
33985035504
1769691906005
9079701481
34015651536
1769691907005
9106807624
34046912553
1769691908005
9134035708
34079687180
1769691909005
9161652672
34112487577
1769691910005
9188751231
34145325951
1769691911005
9215796555
34177600253
1769691912005
9246255567
34208519354
1769691913005
9279074212
34240364585
1769691914005
9309484719
34273378259
1769691915005
9337033038
34306242373
1769691916005
9363762368
34339241765
1769691917005
9390538587
34370713481
1769691918005
9417308900
34400685503
1769691919005
9444839718
34431709457
1769691920005
9471556995
34464545619
1769691921005
9498892541
34497531629
1769691922005
9528108773
34531233332
1769691923005
9562288478
34564253811
1769691924006
9592066312
34597425191
1769691925005
9619965305
34628930550
1769691926005
9646522831
34659320351
1769691927005
9673011726
34691446818
1769691928005
9699315495
34724244881
1769691929005
9733704693
34757121354
1769691930005
9760464387
34790008325
1769691931005
9787830449
34822990674
1769691932005
9816942652
34854139591
1769691933005
9845013344
34885686590
1769691934005
9873326394
34918549423
1769691935005
9900923325
34951353024
1769691936005
9927755144
34983406329
1769691937005
9954297121
35013750081
1769691938005
9980637998
35046549715
1769691939005
10008497123
35079438548
1769691940005
10034990748
35111839216
1769691941005
10062598344
35142664191
1769691942005
10091617946
35176437789
1769691943005
10119818316
35209237927
1769691944005
10149301838
35240329810
1769691945005
10182051410
35272461235
1769691946005
10209071970
35304926628
1769691947005
10235761539
35335448120
1769691948005
10262219262
35365974099
1769691949005
10290031056
35398569963
1769691950005
10316864141
35431348694
1769691951005
10344118286
35464141248
1769691952005
10374405324
35496255860
1769691953005
10408486615
35528686281
1769691954005
10436098651
35559064074
1769691955005
10462651996
35589338128
1769691956006
10489335065
35619468696
1769691957005
10516030934
35649569754
1769691958005
10542614673
35679631325
1769691959005
10570418747
35709690607
1769691960005
10601487468
35739771098
1769691961005
10630382549
35770095595
1769691962005
10658687238
35801090193
1769691963005
10687102013
35831222347
1769691964005
10715481725
35861260909
1769691965005
10742901251
35891420360
1769691966005
10769651394
35921591713
1769691967005
10796555581
35951766696
1769691968005
10823013686
35981821264
1769691969005
10850792141
36012020264
1769691970005
10877187459
36042186413
1769691971005
10903551101
36072532881
1769691972005
10931861572
36103762925
1769691973005
10959898788
36133886490
1769691974005
10987815634
36164060146
1769691975005
11015188394
36194184137
1769691976005
11048167859
36224351889
1769691977005
11074941285
36254531511
1769691978005
11101315547
36284624818
1769691979005
11128442379
36314745957
1769691980005
11155454135
36344862548
1769691981005
11181992085
36375307964
1769691982005
11210111709
36406656090
1769691983005
11242583037
36437369910
1769691984005
11269596105
36467817524
1769691985005
11296457082
36498166662
1769691986005
11323031651
36528334063
1769691987005
11349884479
36558473129
1769691988005
11376227035
36588478276
1769691989005
11403592258
36618640870
1769691990005
11430612284
36648794813
1769691991005
11458407767
36679220577
1769691992005
11491448371
36710533594
1769691993005
11517967584
36741232110
1769691994005
11545414910
36771388800
1769691995005
11573653394
36801565263
1769691996005
11600331351
36831780696
1769691997006
11627161156
36861950080
1769691998005
11653428535
36891978267
1769691999005
11680737609
36922168615
1769692000005
11707612592
36952235038
1769692001005
11734321019
36982503981
1769692002005
11764227691
37013358968
1769692003005
11792081597
37043630626
1769692004005
11819618610
37073822958
1769692005005
11847433608
37103973422
1769692006005
11873808511
37134076113
1769692007005
11905533036
37164256788
1769692008005
11933565476
37194332732
1769692009005
11960858529
37224575095
1769692010004
11987675288
37254877956
1769692011005
12014234232
37285313989
1769692012005
12042356679
37316691120
1769692013005
12074891252
37347361958
1769692014005
12102732006
37377549255
1769692015004
12130476283
37407762765
1769692016005
12156866627
37437931509
1769692017004
12183670935
37468181714
1769692018005
12210006472
37498321940
1769692019004
12237025155
37528610840
1769692020005
12264060668
37558769071
1769692021005
12290523945
37589174175
1769692022005
12318720668
37620591664
1769692023005
12351651628
37651407956
1769692024005
12379394227
37681543071
1769692025005
12407150726
37711629665
1769692026005
12433883490
37741817328
1769692027005
12460818102
37771981662
1769692028005
12487351550
37802043584
1769692029005
12514561889
37832212327
1769692030005
12541528207
37862292574
1769692031005
12567992857
37892567482
1769692032005
12596345715
37923751294
1769692033005
12622784457
37954373032
1769692034005
12650473150
37984409534
1769692035005
12678265658
38014447287
1769692036005
12705033499
38044578481
1769692037005
12731932972
38074768753
1769692038005
12759911536
38104827730
1769692039005
12791878953
38134990614
1769692040005
12818624915
38165095869
1769692041005
12845887940
38195509396
1769692042005
12874142186
38226849542
1769692043005
12908523495
38257122619
1769692044005
12936472916
38287341805
1769692045005
12963690320
38317593842
1769692046005
12990756257
38347790614
1769692047005
13017882524
38377995671
1769692048005
13044381841
38408061957
1769692049005
13071595124
38438267121
1769692050004
13098220029
38468393142
1769692051005
13125386517
38498823361
1769692052005
13154934595
38529615989
1769692053005
13181906467
38560423767
1769692054005
13214009100
38590958947
1769692055005
13242006264
38621190187
1769692056005
13269218007
38651267168
1769692057005
13296350042
38681423141
1769692058005
13323088603
38711438083
1769692059005
13350857523
38741498357
1769692060005
13377581833
38771605336
1769692061005
13404783231
38801966330
1769692062005
13433157557
38832836590
1769692063005
13460214065
38863644354
1769692064005
13487950683
38893708213
1769692065005
13515505044
38923716778
1769692066005
13542521073
38953806057
1769692067005
13569500665
38983928523
1769692068005
13596098167
39013958464
1769692069005
13623365860
39044072309
1769692070005
13656475720
39074206447
1769692071005
13683846833
39104473421
1769692072005
13713652756
39135051674
1769692073005
13746844369
39165864396
1769692074005
13775239018
39195999160
1769692075005
13802746781
39226017978
1769692076005
13829756630
39256057959
1769692077005
13856848323
39286180455
1769692078005
13883503836
39316256826
1769692079005
13910889016
39346345953
1769692080005
13937715998
39376421455
1769692081005
13965295397
39406601031
1769692082005
13994988823
39437149119
1769692083005
14023822141
39467364704
1769692084005
14051687567
39497462345
1769692085005
14081346311
39527520895
1769692086005
14113139116
39557582161
1769692087005
14140240391
39587733266
1769692088005
14167111956
39617786307
1769692089005
14194664746
39647923421
1769692090005
14221499540
39678069719
1769692091005
14248767325
39708361000
1769692092005
14276798987
39739227232
1769692093005
14305648936
39769639767
1769692094005
14333330335
39799691939
1769692095005
14361032989
39829846828
1769692096005
14387732993
39859907697
1769692097005
14415008743
39890024121
1769692098005
14441806170
39920216712
1769692099005
14468986863
39950348867
1769692100004
14495615232
39980479389
1769692101005
14528019424
40010621201
1769692102004
14557461353
40041421672
1769692103005
14592002718
40072055753
1769692104005
14620229484
40102104691
1769692105005
14648145002
40132183106
1769692106005
14674703825
40162272584
1769692107005
14701955605
40192293432
1769692108005
14728833762
40222313669
1769692109005
14756064440
40252332761
1769692110005
14782747157
40282377045
1769692111005
14810714506
40312580317
1769692112005
14841708967
40343209120
1769692113004
14870380381
40373686654
1769692114005
14898018570
40403840246
1769692115005
14925329368
40434103421
1769692116005
14951759565
40464023474
1769692117005
14986902386
40494367059
1769692118005
15013674103
40524515158
1769692119005
15041226710
40554639729
1769692120005
15067935244
40584912044
1769692121005
15094625453
40615159945
1769692122005
15123269052
40646072638
1769692123005
15151804945
40676356259
1769692124005
15179249998
40706367295
1769692125005
15206499993
40736496459
1769692126005
15232862673
40766568146
1769692127005
15260157267
40796696562
1769692128006
15286952955
40826766571
1769692129005
15314056488
40856760061
1769692130005
15340503728
40886838355
1769692131005
15366862702
40917120983
1769692132005
15397304929
40947942601
1769692133005
15434765425
40979024917
1769692134005
15462788176
41009182797
1769692135005
15490001307
41039449374
1769692136005
15516437516
41069543429
1769692137005
15543588273
41099649508
1769692138005
15570210218
41129897455
1769692139005
15596725830
41160294336
1769692140005
15623158712
41190585464
1769692141005
15649442677
41220906436
1769692142005
15677741308
41251761164
1769692143005
15704782375
41282764794
1769692144005
15732373981
41312918859
1769692145005
15759807194
41342995963
1769692146005
15787203665
41373070228
1769692147005
15814258251
41403174598
1769692148005
15846448938
41433437391
1769692149009
15874548224
41463525923
1769692150005
15901010783
41493669659
1769692151005
15927610375
41523864020
1769692152005
15956533592
41554527229
1769692153005
15985389980
41584932502
1769692154005
16013139888
41615140183
1769692155005
16040213683
41645266372
1769692156005
16066571923
41675330339
1769692157005
16092992005
41705432557
1769692158005
16120134797
41735579695
1769692159005
16146861839
41765806876
1769692160005
16173290663
41796026001
1769692161005
16199567334
41826358234
1769692162005
16226893863
41857324040
1769692163005
16260195699
41888448712
1769692164005
16294444691
41918569484
1769692165005
16321973907
41948679514
1769692166005
16348189333
41978737667
1769692167005
16374652839
42008888498
1769692168005
16401768197
42039038748
1769692169005
16428653693
42069208987
1769692170005
16455003511
42099368377
1769692171005
16481429574
42129668674
1769692172005
16508913428
42160626866
1769692173005
16536346778
42191604085
1769692174005
16563610794
42221785645
1769692175005
16590924476
42251817799
1769692176005
16617090313
42281923603
1769692177005
16643531497
42312088623
1769692178005
16670545603
42342350653
1769692179004
16699052109
42372827379
1769692180005
16729897865
42403032620
1769692181005
16756381023
42433322801
1769692182005
16784808797
42464080183
1769692183005
16812222037
42495193411
1769692184005
16839408147
42525465436
1769692185005
16866858662
42555718144
1769692186005
16893070807
42585806844
1769692187005
16919552546
42615910161
1769692188005
16946675076
42646082413
1769692189005
16973717378
42676229124
1769692190005
17000099834
42706427635
1769692191005
17026450842
42736735791
1769692192005
17053955767
42767723324
1769692193005
17087301134
42798781990
1769692194005
17114480958
42829208273
1769692195005
17146569813
42859616078
1769692196005
17173812789
42889710515
1769692197005
17200628739
42919867418
1769692198005
17227747836
42950050946
1769692199005
17254863667
42980275107
1769692200005
17281420933
43010581507
1769692201005
17308324052
43040735786
1769692202005
17338293678
43071049099
1769692203005
17366277049
43101819007
1769692204005
17393975888
43131986652
1769692205005
17421398862
43162184370
1769692206005
17447821965
43192258117
1769692207005
17474457626
43222385434
1769692208005
17501422327
43252528498
1769692209005
17529003420
43282820541
1769692210005
17555360868
43313101187
1769692211007
17588703946
43343438836
1769692212005
17616446744
43374346585
1769692213005
17645014266
43404678085
1769692214005
17673066893
43434903802
1769692215005
17700472427
43465025688
1769692216005
17726705873
43495137488
1769692217005
17753176397
43525240363
1769692218005
17779502734
43555336829
1769692219005
17807443794
43585562362
1769692220005
17834039708
43615647308
1769692221005
17860692551
43645893608
1769692222005
17888200863
43676808330
1769692223005
17921293726
43707547448
1769692224005
17950001714
43737835905
1769692225005
17977195818
43767945218
1769692226004
18006049017
43798185567
1769692227005
18036811647
43828380310
1769692228005
18063153195
43858482330
1769692229005
18091049672
43888763693
1769692230005
18117492213
43918904239
1769692231005
18144404517
43949197854
1769692232005
18172907575
43979838298
1769692233005
18200220890
44010677874
1769692234005
18228337677
44041050449
1769692235005
18256115705
44071164965
1769692236005
18282687436
44101203741
1769692237005
18309494384
44131346378
1769692238005
18336017746
44161385672
1769692239005
18364290149
44191608291
1769692240005
18390869692
44221711547
1769692241005
18417360235
44252092193
1769692242005
18451761318
44282986790
1769692243005
18479432785
44313846919
1769692244005
18507758606
44344057423
1769692245005
18535135882
44374136968
1769692246005
18561453644
44404277331
1769692247005
18588202550
44434457381
1769692248005
18614672708
44464498689
1769692249005
18642748741
44494660459
1769692250005
18669329657
44524754957
1769692251005
18696224140
44555014150
1769692252005
18724851810
44585793991
1769692253005
18759089465
44616032112
1769692254005
18787982899
44646392221
1769692255005
18815391271
44676596211
1769692256005
18841817349
44706710498
1769692257005
18868609161
44736814318
1769692258005
18901462229
44766917452
1769692259005
18929483455
44797091658
1769692260005
18955856007
44827259577
1769692261005
18982638771
44857555679
1769692262005
19012536151
44888025462
1769692263005
19040836140
44918258335
1769692264005
19068909975
44948919438
1769692265005
19095468477
44979283789
1769692266005
19122252676
45009464433
1769692267005
19149039819
45039554796
1769692268005
19175560420
45069588064
1769692269005
19203506133
45099851010
1769692270005
19230018327
45129999689
1769692271005
19256485632
45160414269
1769692272005
19285380958
45190968734
1769692273005
19314811596
45221634217
1769692274005
19346284150
45251902351
1769692275005
19374101300
45282028677
1769692276004
19400479712
45312213166
1769692277005
19427010368
45342333892
1769692278005
19453407349
45372466245
1769692279005
19480372064
45402634897
1769692280005
19507598241
45432727930
1769692281005
19534181873
45463082698
1769692282005
19562476247
45493935854
1769692283005
19595077940
45524737332
1769692284005
19623154521
45555132015
1769692285005
19650972037
45585267511
1769692286005
19677391051
45615501498
1769692287005
19704043801
45645769998
1769692288005
19730330665
45675863259
1769692289005
19763294842
45706165159
1769692290005
19790380935
45736277402
1769692291005
19816953703
45766498694
1769692292005
19845733861
45797291703
1769692293005
19874047552
45827434538
1769692294005
19901935682
45857845593
1769692295005
19929908219
45887926252
1769692296005
19956490051
45918027280
1769692297005
19983185768
45948116255
1769692298005
20009624342
45978192427
1769692299005
20037475273
46008427482
1769692300005
20064621757
46038509102
1769692301005
20091164666
46068815915
1769692302005
20119361663
46099622564
1769692303006
20146028375
46130228281
1769692304005
20174228104
46160428990
1769692305005
20208365239
46190491202
1769692306005
20234958545
46220619466
1769692307005
20261530504
46250711675
1769692308005
20287949579
46280794470
1769692309005
20315016142
46310950426
1769692310005
20342038243
46341125120
1769692311005
20368552741
46371417041
1769692312005
20397712961
46401985605
1769692313005
20430413922
46432645442
1769692314005
20458587834
46463074853
1769692315005
20486507624
46493211432
1769692316005
20512828361
46523382495
1769692317005
20539506394
46553405494
1769692318005
20566087356
46583419353
1769692319006
20593242705
46613553491
1769692320005
20622999970
46643777621
1769692321005
20653545968
46674198838
1769692322005
20683527114
46704573915
1769692323005
20710283436
46735364452
1769692324005
20738324649
46765676056
1769692325005
20766483883
46795937812
1769692326005
20793111260
46826179366
1769692327005
20819869062
46856289915
1769692328005
20846358216
46886411984
1769692329005
20873980567
46916784651
1769692330005
20900674667
46946961313
1769692331005
20927593670
46977449269
1769692332005
20956668765
47008072456
1769692333005
20983224658
47038771216
1769692334005
21010983690
47069117319
1769692335005
21038270624
47099197596
1769692336005
21072130262
47128834216
1769692337005
21098743022
47159257036
1769692338005
21125255246
47189667450
1769692339005
21152541860
47220169993
1769692340005
21178945280
47250543773
1769692341005
21221697616
47294814006
1769692342417
21289598691
47344924848
1769692344005
21319695371
47374985870
1769692345005
21347339876
47405812828
1769692346005
21378197991
47431305192
1769692347005
21409037400
47455176120
1769692348006
21435642088
47477936905
1769692349005
21462717424
47500560110
1769692350005
21489249560
47523239509
1769692351005
21516173751
47546201701
1769692352005
21550162624
47571279994
1769692353005
21577971382
47594105931
1769692354005
21605293349
47617408208
1769692355005
21632764248
47640214554
1769692356005
21659699425
47662851735
1769692357005
21686371233
47685629854
1769692358005
21713258087
47708323429
1769692359006
21740849891
47731398544
1769692360005
21768214244
47754218074
1769692361005
21795773656
47776981682
1769692362005
21826180409
47800352223
1769692363005
21852774767
47824462976
1769692364005
21881472334
47848700706
1769692365005
21908817111
47871819917
1769692366005
21935913244
47894461035
1769692367005
21966523798
47917238467
1769692368005
21996289028
47939837869
1769692369005
22023385725
47962574730
1769692370005
22049994976
47985339803
1769692371005
22076959096
48008253459
1769692372005
22115206218
48050768640
1769692373610
22146352602
48062995700
1769692374005
22174816157
48087835434
1769692375005
22205310766
48111903677
1769692376005
22232361216
48134620658
1769692377005
22259089311
48157216443
1769692378005
22540618727
48388164049
1769692388005
22567206570
48410822911
1769692389005
22594507695
48433518088
1769692390005
22621219799
48456068542
1769692391005
22647720458
48479210229
1769692392005
22676553363
48503226794
1769692393005
22703174301
48527608666
1769692394005
22731961341
48550878596
1769692395005
22759411459
48573615167
1769692396005
22785808242
48596424138
1769692397005
22814882910
48619390449
1769692398005
22841137442
48642165577
1769692399005
22874587998
48665026593
1769692400005
22900947658
48687859610
1769692401005
22927253579
48711038282
1769692402005
22956407711
48735195449
1769692403005
22988800460
48759410796
1769692404005
23016597011
48782543266
1769692405005
23044057994
48805456617
1769692406005
23070462954
48828382509
1769692407005
23097741832
48851282509
1769692408005
23124123967
48874017006
1769692409005
23150841366
48896926709
1769692410005
23177215780
48919633070
1769692411005
23203694224
48942887498
1769692412005
23233315769
48966587566
1769692413005
23260090004
48990591604
1769692414005
23290473351
49013631276
1769692415005
23320444350
49036318106
1769692416005
23346716155
49059065022
1769692417005
23373717871
49081798329
1769692418005
23400009831
49104570466
1769692419005
23432576491
49127973141
1769692420005
23467728573
49151352822
1769692421005
23498439342
49174715246
1769692422005
23531758389
49200241773
1769692423005
23560263415
49225277588
1769692424005
23589158374
49248862245
1769692425005
23617486118
49616676933
1769692440723
24441650055
49949094816
1769692455035
24469416090
49971109531
1769692456005
24495823324
49993806661
1769692457005
24522453737
50016573016
1769692458005
24549190605
50039334046
1769692459005
24576198776
50062138042
1769692460005
24602609245
50084819898
1769692461005
24632303907
50107833143
1769692462005
24662757959
50132863068
1769692463005
24696934476
50155953121
1769692464005
24724640822
50178764961
1769692465005
24752074156
50201809423
1769692466005
24778339354
50224548665
1769692467005
24804996331
50247378798
1769692468005
24831825601
50270078979
1769692469005
24858885558
50292915750
1769692470005
24885299978
50315622644
1769692471005
24911683349
50338602794
1769692472005
24939398362
50363490713
1769692473005
24966368509
50387349038
1769692474006
24993453214
50410272764
1769692475005
25020915920
50433169254
1769692476005
25047086915
50455833350
1769692477005
25080103579
50478708525
1769692478005
25106771069
50501357073
1769692479005
25133946284
50524209559
1769692480005
25160354968
50546932322
1769692481005
25186958588
50569875273
1769692482005
25216794157
50593089405
1769692483005
25243654997
50617325273
1769692484005
25270639105
50640163280
1769692485005
25298232252
50663328738
1769692486005
25324527142
50686075304
1769692487005
25351047972
50708975227
1769692488005
25381888708
50732292671
1769692489005
25409586128
50800642194
1769692491957
25489772274
50827057667
1769692493005
25524202286
50854440483
1769692494005
25551646881
50877695170
1769692495005
25578900858
50900810414
1769692496005
25604973851
50923546803
1769692497005
25631786353
50946414150
1769692498005
25658514829
50969177072
1769692499005
25685427774
50992006275
1769692500005
25711904905
51014840971
1769692501005
25738102144
51037912440
1769692502005
25766441315
51062402979
1769692503005
25793140283
51086390798
1769692504005
25820645025
51109198106
1769692505005
25848172288
51132243575
1769692506005
25874712099
51155047770
1769692507005
25901237735
51177823341
1769692508005
25930737094
51200605900
1769692509005
25961303202
51223461987
1769692510005
25987518948
51246261544
1769692511005
26013821726
51269421280
1769692512005
26042439570
51293348556
1769692513005
26068810353
51317431920
1769692514005
26096699413
51340418021
1769692515005
26123994800
51363492893
1769692516005
26150153924
51386192860
1769692517005
26176650570
51409050656
1769692518005
26202864318
51431821558
1769692519005
26230407556
51454667606
1769692520005
26256651545
51477372669
1769692521005
26283587957
51500122820
1769692522005
26312487997
51523693806
1769692523005
26344691761
51547968582
1769692524005
26378453778
51571577560
1769692525005
26404844702
51595430452
1769692526005
26431040567
51618130511
1769692527005
26457372228
51640925109
1769692528005
26483612510
51663743967
1769692529005
26512518592
51687069939
1769692530005
26538912979
51710019558
1769692531005
26565082570
51733182484
1769692532005
26593340050
51757387577
1769692533005
26619886865
51781527213
1769692534005
26647499328
51804324297
1769692535005
26674887850
51827387848
1769692536005
26701122166
51850099350
1769692537005
26727629294
51872798631
1769692538005
26754030974
51895533051
1769692539005
26781679828
51918309659
1769692540005
26814382056
51941197392
1769692541005
26842149312
51963905858
1769692542005
26872207083
51987230152
1769692543005
26898427788
52011019785
1769692544005
26926092526
52033977613
1769692545005
26953595483
52057109824
1769692546005
26979805630
52079893420
1769692547005
27006207432
52102626864
1769692548005
27032372903
52125305501
1769692549005
27059952516
52148171017
1769692550005
27086385338
52170981239
1769692551005
27112820510
52193998436
1769692552004
27141654025
52217817165
1769692553006
27175419094
52240906227
1769692554005
27203248420
52264485086
1769692555005
27233742204
52287967545
1769692556005
27262949861
52310532433
1769692557005
27289662408
52333336689
1769692558005
27316133406
52355876905
1769692559005
27343472675
52378720115
1769692560005
27370014912
52401585540
1769692561005
27396248907
52424680842
1769692562005
27425027356
52448548107
1769692563005
27451440388
52472425169
1769692564005
27479270645
52495217432
1769692565005
27507033964
52518340152
1769692566005
27533268524
52541038747
1769692567005
27559837218
52563915692
1769692568005
27585919121
52586656001
1769692569005
27612980084
52609481450
1769692570005
27640029726
52632238544
1769692571005
27673064089
52655183890
1769692572005
27700618329
52680038104
1769692573005
27728514271
52702862547
1769692574005
27755772581
52725740575
1769692575005
27783823453
52748924068
1769692576005
27810299775
52771529528
1769692577005
27836766424
52794217808
1769692578005
27863021551
52816878852
1769692579005
27890095178
52839585624
1769692580005
27917171796
52862352040
1769692581005
27943647951
52885454605
1769692582005
27971155134
52909969268
1769692583005
28003693048
52934106371
1769692584005
28031146310
52956902815
1769692585005
28059267948
52979859941
1769692586005
28085689876
53002507665
1769692587005
28118378188
53025302522
1769692588005
28144553043
53048036911
1769692589005
28171499342
53070914558
1769692590005
28198384030
53093747117
1769692591005
28224682810
53116783066
1769692592005
28257880129
53141255998
1769692593005
28285870075
53164149162
1769692594005
28312963508
53187098964
1769692595005
28341177533
53210173652
1769692596005
28367291631
53232929083
1769692597005
28393595614
53255816800
1769692598005
28419647474
53278588922
1769692599005
28446646856
53301511947
1769692600005
28473465034
53324459200
1769692601005
28499567078
53347564573
1769692602005
28530193942
53372665921
1769692603005
28559439577
53396802002
1769692604005
28586562548
53419678062
1769692605005
28614410733
53442893597
1769692606005
28640724924
53465684716
1769692607005
28667061635
53488674341
1769692608005
28693154189
53511511615
1769692609005
28720027066
53534374324
1769692610005
28746967400
53557403636
1769692611005
28774019895
53580588548
1769692612005
28801524271
53605556541
1769692613005
28833736381
53629698649
1769692614005
28861582231
53652498495
1769692615005
28889621445
53675553043
1769692616005
28915904418
53698285358
1769692617005
28942539195
53721160746
1769692618005
28975269360
53744061173
1769692619005
29002337143
53766957374
1769692620005
29029009318
53789805741
1769692621005
29055574228
53812952447
1769692622005
29083452776
53837385662
1769692623006
29110210029
53861036783
1769692624005
29137511168
53883785957
1769692625005
29165354928
53906832663
1769692626005
29197367264
53930087091
1769692627005
29226430764
54026192915
1769692631186
29334587707
54045074369
1769692632005
29363653465
54069056573
1769692633005
29390808143
54097050060
1769692634005
29424273178
54124233026
1769692635005
29451910604
54150055955
1769692636005
29478915357
54172708607
1769692637005
29505542459
54195410818
1769692638005
29532026960
54217945312
1769692639005
29559183301
54240513405
1769692640005
29585777766
54263215676
1769692641005
29612961891
54286057802
1769692642005
29641802990
54310019637
1769692643005
29668692209
54338215704
1769692644005
29696176994
54361064162
1769692645005
29723864603
54383954534
1769692646005
29750804159
54406530927
1769692647005
29777473770
54429115498
1769692648005
29803988008
54451608750
1769692649005
29834633045
54474323091
1769692650005
29863860995
54497114911
1769692651005
29891054764
54520037295
1769692652005
29919681061
54544253388
1769692653005
29948294205
54567300811
1769692654005
29975736374
54590002869
1769692655005
30003144365
54612849237
1769692656005
30030270556
54635689273
1769692657005
30057101673
54658603768
1769692658005
30083830088
54681378423
1769692659005
30110756751
54704429218
1769692660005
30137252207
54727172045
1769692661005
30164008071
54750118444
1769692662005
30193061836
54773992804
1769692663005
30219881341
54797945194
1769692664005
30247316217
54820666248
1769692665005
30280682869
54843406711
1769692666005
30307934908
54866625145
1769692667005
30336994776
54890106062
1769692668005
30363258310
54924757499
1769692669525
30390282105
54936033237
1769692670005
30417214276
54959047703
1769692671005
30444059735
54982137039
1769692672005
30471050374
55007547636
1769692673005
30503234150
55031941135
1769692674005
30530294289
55055509069
1769692675005
30556445585
55078951780
1769692676005
30583555374
55101988110
1769692677005
30609954735
55124804481
1769692678005
30636171504
55147552954
1769692679005
30662490333
55170810311
1769692680005
30689782471
55193752667
1769692681005
30721752665
55216667284
1769692682006
30750307386
55241551053
1769692683005
30778319258
55264481813
1769692684005
30805673114
55287396445
1769692685005
30832819721
55310099632
1769692686005
30859501172
55333140707
1769692687005
30886546984
55355982376
1769692688005
30912850128
55378755353
1769692689005
30939669328
55401790294
1769692690005
30966074228
55424712678
1769692691005
30992303874
55447713823
1769692692005
31021555428
55471698437
1769692693005
31049248973
55494594409
1769692694005
31076425271
55517389678
1769692695005
31103573785
55540143201
1769692696005
31134372592
55563328251
1769692697005
31163449259
55586145842
1769692698005
31189574114
55609000358
1769692699005
31216321784
55631856033
1769692700005
31242702698
55654645123
1769692701005
31269034451
55677745780
1769692702005
31296925679
55702552344
1769692703005
31330566059
55725620960
1769692704005
31357341744
55749029310
1769692705005
31383458603
55772434701
1769692706005
31409840341
55795640730
1769692707005
31436805270
55818577181
1769692708005
31462920817
55841305574
1769692709005
31489822991
55864218895
1769692710005
31516213899
55886976781
1769692711005
31542558255
55910079117
1769692712005
31576818705
55934296462
1769692713005
31604948018
55957099055
1769692714005
31632404225
55979934834
1769692715005
31659776344
56002617057
1769692716005
31686380331
56025592522
1769692717005
31713514975
56048302911
1769692718005
31739858934
56070877473
1769692719005
31767232793
56093658369
1769692720005
31793674861
56116398144
1769692721005
31819986672
56139442470
1769692722005
31848015038
56164319220
1769692723005
31874318030
56188276950
1769692724005
31901434624
56211005297
1769692725005
31928653797
56233716632
1769692726005
31955408044
56256720767
1769692727005
31983794225
56279602931
1769692728005
32015481063
56302180483
1769692729005
32042363600
56324848043
1769692730005
32068967067
56347577107
1769692731005
32095562844
56370719236
1769692732005
32123334189
56395773879
1769692733005
32155737299
56420022442
1769692734005
32183304843
56442876393
1769692735005
32210523116
56465651293
1769692736005
32237063324
56488767468
1769692737005
32263840076
56511544412
1769692738005
32291244756
56534385989
1769692739005
32318368140
56557294655
1769692740005
32344667561
56580161225
1769692741005
32371055692
56603288508
1769692742005
32397972040
56628633922
1769692743005
32430931197
56651478185
1769692744005
32460018057
56674361965
1769692745005
32487408898
56697130014
1769692746005
32514212840
56720264041
1769692747005
32540700591
56743045501
1769692748005
32567713766
56765791472
1769692749005
32594149792
56789050462
1769692750005
32620415417
56811882975
1769692751005
32646829288
56835118941
1769692752005
32673775465
56860406421
1769692753005
32700896042
56884114714
1769692754005
32727894569
56906868771
1769692755006
32755115970
56929582516
1769692756005
32781842219
56952670891
1769692757006
32808628263
56975484164
1769692758005
32835473005
56998109108
1769692759005
32868737871
57020832070
1769692760005
32895111004
57043522669
1769692761005
32921576600
57066501781
1769692762005
32950374717
57090561603
1769692763005
32977704969
57118845861
1769692764005
33005159710
57141951386
1769692765005
33032305401
57164694411
1769692766005
33058720997
57187836494
1769692767005
33085246252
57210650424
1769692768005
33112044884
57233343251
1769692769005
33139120541
57256336370
1769692770005
33165566683
57279056554
1769692771005
33191835130
57302055304
1769692772005
33220928871
57325977941
1769692773005
33248022059
57349734540
1769692774005
33276404411
57372467434
1769692775005
33308397340
57395244531
1769692776005
33334961167
57418187848
1769692777005
33361409140
57441083606
1769692778005
33388371552
57463973337
1769692779005
33415537353
57486820819
1769692780005
33442124891
57509492208
1769692781005
33468529622
57532677594
1769692782005
33496527000
57557139006
1769692783005
33523540251
57581008194
1769692784005
33550934068
57603683138
1769692785005
33578088379
57626360920
1769692786005
33604960616
57649218869
1769692787005
33631738345
57671967265
1769692788005
33658674162
57694649625
1769692789005
33685730869
57717399715
1769692790005
33717109525
57740036743
1769692791005
33745096115
57762948629
1769692792005
33774031478
57786873310
1769692793006
33806714068
57810917126
1769692794005
33833869814
57834302223
1769692795005
33860276896
57857681035
1769692796005
33887099895
57880579326
1769692797005
33913697137
57903329446
1769692798005
33940034169
57925999431
1769692799005
33967626019
57948757654
1769692800005
33994020147
57971612154
1769692801005
34020255057
57994790964
1769692802005
34047459186
58020252934
1769692803005
34073803573
58044251373
1769692804005
34101812623
58066998564
1769692805005
34129377512
58089776744
1769692806005
34162041899
58112604054
1769692807005
34188887511
58135502223
1769692808005
34215342304
58158110582
1769692809005
34242231005
58181152343
1769692810005
34268731450
58204041449
1769692811005
34295155499
58227126742
1769692812005
34324417795
58251222466
1769692813005
34350950770
58274892399
1769692814005
34378702859
58297725294
1769692815005
34405876930
58320541864
1769692816005
34432417229
58343536768
1769692817005
34460383908
58366301475
1769692818005
34486810092
58389023811
1769692819005
34513912832
58412171173
1769692820005
34540288894
58434787207
1769692821005
34567957705
58457668958
1769692822005
34600941672
58481987769
1769692823005
34633320765
58506166526
1769692824005
34661353083
58529226277
1769692825005
34688604695
58551983233
1769692826005
34715173466
58574978657
1769692827005
34741764940
58597785415
1769692828005
34768137630
58620409168
1769692829005
34795977026
58643260205
1769692830005
34822299701
58665952559
1769692831005
34848498388
58688963835
1769692832005
34877425191
58712997566
1769692833005
34903810286
58736853250
1769692834005
34931465762
58759684162
1769692835005
34958880970
58782407428
1769692836005
34985264127
58805411076
1769692837005
35016385199
58828341302
1769692838005
35044375237
58851097022
1769692839005
35071523537
58874251113
1769692840005
35097903612
58897060297
1769692841005
35124357536
58920084757
1769692842005
35153130568
58944090595
1769692843005
35179721814
58968080260
1769692844005
35207609303
58990870799
1769692845005
35234501101
59013625955
1769692846005
35261168621
59036520218
1769692847005
35287790581
59059380455
1769692848005
35314114324
59082178776
1769692849005
35341430096
59105092004
1769692850005
35367582384
59127930148
1769692851005
35393850114
59150908040
1769692852005
35420594794
59176266775
1769692853005
35457310074
59200539583
1769692854005
35485201988
59223433663
1769692855005
35512551587
59246146111
1769692856005
35538869241
59268787656
1769692857005
35565880982
59291738495
1769692858005
35592488859
59314904472
1769692859005
35619066525
59338138851
1769692860005
35646087650
59360840299
1769692861005
35672450910
59383862561
1769692862005
35699388986
59409131136
1769692863005
35727521091
59432130237
1769692864005
35754965991
59454963849
1769692865005
35782853206
59477672712
1769692866005
35809389599
59500414013
1769692867005
35840114923
59523306445
1769692868005
35867730713
59546015827
1769692869005
35899974255
59568919382
1769692870005
35926866480
59591610850
1769692871005
35954114048
59614687431
1769692872005
35983234979
59638315421
1769692873005
36011255777
59661292168
1769692874005
36038822421
59684266978
1769692875005
36066622939
59707134173
1769692876006
36092916776
59729847247
1769692877005
36119581260
59752842793
1769692878005
36145904270
59775587939
1769692879005
36172422232
59798873280
1769692880005
36199197855
59821634966
1769692881005
36225447856
59844653444
1769692882004
36253156612
59869428484
1769692883005
36287120966
59892490295
1769692884005
36318889175
59916093612
1769692885005
36347052391
59939648241
1769692886005
36373204573
59962392060
1769692887005
36399559060
59985728698
1769692888005
36425658815
60008539561
1769692889005
36452761555
60031445267
1769692890005
36479702300
60054283121
1769692891005
36506370690
60077358176
1769692892005
36534312498
60101939012
1769692893005
36560850570
60125982477
1769692894005
36587956605
60148748802
1769692895005
36615600469
60171504644
1769692896005
36641958436
60194094967
1769692897005
36668726216
60217108883
1769692898005
36694911096
60239809797
1769692899005
36721465753
60263222389
1769692900005
36754653688
60286065797
1769692901005
36780984464
60308960990
1769692902005
36808201151
60334009790
1769692903005
36836197811
60356834507
1769692904005
36863513003
60379743020
1769692905005
36891125329
60402561390
1769692906005
36917527421
60425255559
1769692907005
36944043842
60448455501
1769692908005
36970267431
60471226281
1769692909005
36997364235
60494092347
1769692910005
37024205315
60516818832
1769692911005
37050576144
60539898221
1769692912005
37078100843
60564738946
1769692913005
37112176169
60587831212
1769692914005
37139967868
60610764536
1769692915005
37168969374
60633553503
1769692916005
37200422276
60656290090
1769692917005
37227023562
60679492228
1769692918005
37253252400
60702252633
1769692919005
37280455903
60725268136
1769692920005
37306984377
60748176924
1769692921005
37334000543
60771187254
1769692922005
37360968005
60796619716
1769692923005
37387408883
60820802685
1769692924005
37413791659
60844162210
1769692925005
37440316014
60867595126
1769692926005
37467347041
60890336183
1769692927005
37494190409
60913461849
1769692928005
37520230277
60936295613
1769692929005
37546855639
60959488079
1769692930005
37573263057
60982362811
1769692931005
37605376783
61005483167
1769692932004
37635690202
61029545460
1769692933005
37662003890
61053572355
1769692934005
37688520005
61076789797
1769692935005
37714866482
61100171065
1769692936005
37741603396
61122900801
1769692937005
37768304789
61146013223
1769692938005
37794699344
61168894531
1769692939005
37822074561
61191773841
1769692940005
37848551494
61214617554
1769692941005
37875400538
61237618562
1769692942005
37902717180
61262368137
1769692943005
37934828770
61286557743
1769692944005
37962403226
61309374495
1769692945005
37989694265
61332056183
1769692946005
38016677687
61354858700
1769692947005
38049960237
61377765184
1769692948005
38076202410
61400357262
1769692949005
38103409880
61423109168
1769692950005
38129932541
61445880482
1769692951005
38157019520
61468908878
1769692952005
38185952807
61492846544
1769692953005
38213704958
61515959423
1769692954005
38241110035
61538806020
1769692955005
38268235982
61561654539
1769692956005
38295205717
61584310228
1769692957005
38321769789
61607429455
1769692958005
38347894460
61630112165
1769692959005
38374892545
61652848676
1769692960005
38401310917
61675705572
1769692961005
38428177860
61698828933
1769692962005
38458381941
61722692354
1769692963005
38490019770
61745676776
1769692964005
38517255529
61768511121
1769692965005
38544217910
61791212614
1769692966005
38571056351
61813940198
1769692967005
38597814351
61836967724
1769692968005
38624180373
61859629043
1769692969005
38651324355
61882419933
1769692970005
38677762212
61905218132
1769692971005
38704378847
61928238700
1769692972005
38731507861
61953617423
1769692973005
38764004578
61977672850
1769692974005
38791816190
62000567418
1769692975005
38819066260
62023351869
1769692976005
38845291650
62046094864
1769692977005
38872391826
62069152845
1769692978005
38903975627
62091891431
1769692979005
38932110814
62114658961
1769692980005
38958682621
62137591475
1769692981005
38985203817
62160862122
1769692982005
39013074019
62185798669
1769692983006
39039448769
62209823885
1769692984005
39066795881
62232711083
1769692985005
39094156770
62255573701
1769692986005
39120879052
62278312424
1769692987005
39148472947
62301428141
1769692988005
39174778868
62324024949
1769692989005
39201881027
62346774703
1769692990005
39228360874
62369626396
1769692991006
39254678712
62392601939
1769692992005
39283895203
62416733946
1769692993005
39310096623
62440627852
1769692994005
39343958168
62463468818
1769692995005
39371339061
62486181251
1769692996005
39397739200
62508975513
1769692997005
39425033260
62532122845
1769692998005
39451207031
62554817564
1769692999005
39477463669
62577949562
1769693000005
39503954761
62601005483
1769693001005
39530266831
62624089433
1769693002005
39559619455
62647748030
1769693003005
39593417893
62670710100
1769693004005
39620300826
62694158228
1769693005005
39646711874
62717557286
1769693006005
39673172146
62740263204
1769693007005
39700245788
62763363984
1769693008005
39726537443
62786039966
1769693009005
39754419882
62809162809
1769693010005
39785810028
62832058369
1769693011005
39812314455
62855235973
1769693012005
39840296727
62880155140
1769693013005
39866571507
62904232417
1769693014005
39893798279
62927144485
1769693015005
39921070763
62949817019
1769693016005
39947474000
62972599959
1769693017005
39974538030
62995630797
1769693018005
40000779547
63018361600
1769693019005
40027959767
63041134333
1769693020006
40054230396
63063956487
1769693021005
40080610151
63087109800
1769693022005
40108467765
63111895688
1769693023005
40134730201
63135840144
1769693024005
40161338871
63159002933
1769693025005
40192683289
63182197869
1769693026005
40220446074
63204969977
1769693027005
40247894240
63228002248
1769693028005
40274110093
63250696265
1769693029005
40301033932
63273496416
1769693030005
40327444462
63296243501
1769693031005
40354219094
63319339871
1769693032005
40381947137
63343900765
1769693033005
40415051351
63367879658
1769693034005
40442694255
63390794092
1769693035005
40469917578
63413513818
1769693036005
40496213612
63436249551
1769693037005
40523343420
63459343861
1769693038005
40550096782
63482060841
1769693039005
40577107485
63504829592
1769693040005
40603504039
63527655193
1769693041005
40636514355
63550744225
1769693042004
40663787985
63575911945
1769693043005
40691214743
63599911146
1769693044005
40718401478
63622572465
1769693045005
40745916229
63645333342
1769693046005
40772422778
63667936895
1769693047005
40799576449
63691059310
1769693048005
40826496779
63713707614
1769693049005
40853683224
63736441836
1769693050005
40880079061
63759244749
1769693051005
40906330724
63782344415
1769693052005
40933942440
63807196294
1769693053005
40962379156
63830176887
1769693054005
40989522269
63853168099
1769693055005
41016679082
63875981754
1769693056005
41044851301
63898711246
1769693057005
41075834547
63921532545
1769693058005
41102921510
63944471300
1769693059005
41130014744
63967185472
1769693060005
41156662978
63990000943
1769693061005
41182992320
64012944809
1769693062005
41210807990
64037714738
1769693063005
41239717887
64064963512
1769693064005
41266983445
64087926787
1769693065005
41294309943
64110570635
1769693066005
41320692963
64133301149
1769693067005
41347207216
64155932898
1769693068005
41374411849
64178854183
1769693069005
41401663034
64201751101
1769693070005
41428175594
64224409017
1769693071005
41454673400
64247463718
1769693072005
41487973832
64271727417
1769693073005
41516062345
64295775596
1769693074005
41543321418
64318549763
1769693075005
41570594330
64341258046
1769693076005
41596917401
64363894037
1769693077005
41623361133
64386633370
1769693078005
41650381952
64409633523
1769693079005
41677550225
64432512757
1769693080005
41703781382
64455263717
1769693081005
41730147709
64478323468
1769693082005
41758891661
64502184874
1769693083005
41785589590
64526261525
1769693084005
41812719413
64549166667
1769693085005
41840023711
64571834379
1769693086005
41866384194
64594514831
1769693087005
41893006459
64617274503
1769693088005
41926299370
64640378579
1769693089005
41953531741
64663161977
1769693090005
41979918652
64685977493
1769693091005
42006133559
64708946108
1769693092005
42033770145
64733775894
1769693093005
42066151512
64758017866
1769693094005
42094502845
64780929248
1769693095005
42121709354
64803653537
1769693096005
42147917151
64826374362
1769693097005
42174368023
64849217678
1769693098005
42200814867
64872364186
1769693099005
42228311476
64895257732
1769693100005
42254862456
64917977779
1769693101005
42281631839
64941140689
1769693102005
42309222514
64965829964
1769693103005
42337600624
64989828403
1769693104005
42370273373
65012582200
1769693105005
42397663223
65035193290
1769693106005
42424247404
65057923545
1769693107005
42451111386
65080580347
1769693108005
42477753395
65103545285
1769693109005
42505693708
65126291469
1769693110005
42532159639
65149120870
1769693111005
42559545278
65172194506
1769693112005
42588451238
65195927806
1769693113005
42614766482
65219888252
1769693114005
42641529578
65243705960
1769693115005
42667824483
65266961791
1769693116005
42694035835
65289705625
1769693117005
42720568261
65312442105
1769693118005
42747052579
65335389145
1769693119005
42779237575
65358648914
1769693120005
42806656461
65381395250
1769693121005
42832891310
65404572213
1769693122005
42860147957
65429470553
1769693123005
42892360570
65453769696
1769693124005
42919853854
65476972079
1769693125005
42947299364
65499834392
1769693126005
42973563555
65522600548
1769693127005
43000119570
12739346
1769693128005
43026823862
35663438
1769693129005
43053046108
59226551
1769693130005
43079514847
82158348
1769693131005
43105941581
105355589
1769693132005
43133656777
129974906
1769693133005
43161548813
152839523
1769693134005
43189189367
175974359
1769693135005
43223555021
198763341
1769693136005
43249924354
221371638
1769693137005
43276356566
244038343
1769693138005
43303234311
266990083
1769693139005
43330381604
290050368
1769693140005
43356809513
312748749
1769693141005
43383277611
335612084
1769693142005
43411513135
360531327
1769693143005
43437855203
384507642
1769693144005
43465142885
407542202
1769693145005
43492410838
430426730
1769693146005
43518570770
453271603
1769693147005
43544917415
476157535
1769693148005
43571396911
499250121
1769693149005
43597681700
522545669
1769693150005
43626528536
545412605
1769693151005
43657511354
568354595
1769693152005
43686779830
592017556
1769693153005
43720221612
615391103
1769693154005
43747794573
638450991
1769693155005
43775451926
661358986
1769693156005
43801581846
684185595
1769693157005
43828044390
707058054
1769693158005
43854275745
730195987
1769693159005
43881046379
753160025
1769693160005
43907962315
776032728
1769693161005
43934003342
799252047
1769693162005
43962201744
823720447
1769693163005
43990423322
846659614
1769693164005
44017123250
869781466
1769693165005
44044171885
893330052
1769693166006
44076111975
916178450
1769693167005
44103196054
938917935
1769693168005
44129993680
961958522
1769693169005
44157181711
984859804
1769693170006
44183970487
1007713969
1769693171005
44210303735
1030733790
1769693172005
44241454941
1054932764
1769693173005
44275474117
1078503032
1769693174005
44305359870
1102878496
1769693175005
44333506516
1280471149
1769693182530
44704686707
1430623479
1769693189005
44731152899
1453996736
1769693190005
44758194377
1476889992
1769693191005
44784526679
1499934058
1769693192005
44811892162
1524840988
1769693193005
44840753539
1569576117
1769693194728
44874459300
1576613961
1769693195005
44912449568
1600740887
1769693196005
44950706013
1624141883
1769693197005
44989578880
1647576997
1769693198005
45029215365
1671159090
1769693199005
45069574911
1695134550
1769693200005
45110577430
1719287048
1769693201005
45151072848
1743536130
1769693202005
45193095226
1769629431
1769693203005
45231938432
1794314174
1769693204005
45277170133
1841947896
1769693205775
45392811644
1895929479
1769693208005
45431116685
1920861997
1769693209005
45470028537
1946518492
1769693210005
45509056029
1971387262
1769693211005
45546691122
1994718590
1769693212005
45585379215
2018689640
1769693213005
45627981458
2043013196
1769693214005
45666769278
2066444480
1769693215005
45704679854
2090113864
1769693216005
45742274986
2113198135
1769693217005
45779873033
2135825215
1769693218005
45817591831
2158666838
1769693219005
45855374774
2182046503
1769693220005
45893435473
2205071390
1769693221007
45931981743
2228963709
1769693222005
45970674307
2253906465
1769693223005
46008270248
2277932017
1769693224005
46046005876
2301214932
1769693225004
46083651299
2324564020
1769693226005
46121740805
2348141811
1769693227005
46159407238
2370887995
1769693228005
46197158582
2393886836
1769693229005
46238297415
2416734531
1769693230005
46275982096
2439319896
1769693231005
46314053553
2463027059
1769693232005
46352538181
2487673657
1769693233005
46390247900
2511638956
1769693234005
46428495053
2534521088
1769693235005
46466510650
2557107353
1769693236005
46504675027
2580309553
1769693237005
46542356169
2603025373
1769693238005
46580054903
2625977998
1769693239005
46617969537
2649222234
1769693240005
46655611558
2671844706
1769693241005
46693946214
2695381056
1769693242005
46732189125
2719803956
1769693243005
46770055316
2748115999
1769693244005
46808673481
2771679432
1769693245005
46848204976
2794824659
1769693246005
46886245382
2818167583
1769693247005
46923864882
2840778978
1769693248005
46961528644
2863515427
1769693249005
46999511909
2886283826
1769693250005
47037006110
2909583388
1769693251031
47075128589
2932891066
1769693252005
47113583876
2957199028
1769693253005
47151066023
2981309231
1769693254005
47188709172
3004640789
1769693255005
47226060557
3027893279
1769693256005
47263978854
3051139132
1769693257005
47301487992
3073815388
1769693258005
47339035504
3096432688
1769693259005
47376964481
3119803763
1769693260005
47416746573
3142543355
1769693261005
47455477007
3165909945
1769693262005
47493703165
3191154321
1769693263005
47531973753
3213944067
1769693264005
47569508937
3237321321
1769693265005
47607070669
3260523552
1769693266005
47644668777
3283196482
1769693267005
47682908941
3306413345
1769693268005
47720393620
3329077944
1769693269005
47758070932
3352509426
1769693270005
47795660053
3375201139
1769693271005
47833145312
3398293801
1769693272005
47872088565
3423153554
1769693273005
47909929824
3451458456
1769693274005
47947792429
3475255962
1769693275005
47985423982
3498468873
1769693276005
48025979288
3521036294
1769693277005
48064389670
3544132268
1769693278005
48101881247
3566722362
1769693279005
48140066970
3590044734
1769693280005
48177761874
3612567449
1769693281005
48215484365
3635536247
1769693282005
48254890561
3660362753
1769693283005
48292833926
3684238853
1769693284005
48330745128
3707579626
1769693285005
48368415101
3730951174
1769693286005
48406010294
3753620381
1769693287005
48444427741
3776869621
1769693288005
48482255100
3799675189
1769693289005
48519882137
3823363616
1769693290005
48557442450
3846151652
1769693291005
48595356902
3869291523
1769693292005
48635622291
3896563581
1769693293005
48673999380
3919625346
1769693294005
48711687144
3943267739
1769693295005
48749129284
3966591713
1769693296005
48786801560
3989345755
1769693297005
48825120181
4012660208
1769693298005
48862670043
4035551007
1769693299005
48900660449
4058940972
1769693300005
48938360342
4081698889
1769693301005
48975899890
4104796785
1769693302005
49014516148
4130615976
1769693303005
49052672638
4159020009
1769693304005
49090588005
4182664096
1769693305005
49128092031
4205950093
1769693306005
49165737561
4228849970
1769693307005
49204731928
4253281385
1769693308005
49242820183
4278289507
1769693309005
49280906608
4301837224
1769693310005
49318433872
4324603136
1769693311005
49355854758
4347903537
1769693312005
49393976292
4373017014
1769693313005
49431906184
4397506562
1769693314005
49469744849
4421029744
1769693315005
49507193764
4444552973
1769693316005
49544710745
4467238735
1769693317005
49582551958
4489988260
1769693318005
49620397398
4513280177
1769693319005
49658441130
4536754198
1769693320005
49695996821
4559446887
1769693321005
49733509117
4582548934
1769693322005
49772290681
4607559435
1769693323005
49812806362
4632261207
1769693324005
49850557507
4655773220
1769693325005
49888043759
4679266405
1769693326005
49925487242
4702035705
1769693327005
49963191255
4724950291
1769693328005
50001131706
4748218497
1769693329005
50038881676
4771883670
1769693330005
50076458179
4794780771
1769693331005
50113903737
4818065837
1769693332005
50152467737
4842307885
1769693333005
50190788860
4871268500
1769693334005
50228624519
4895493184
1769693335005
50266038401
4918870866
1769693336005
50303574439
4941750283
1769693337005
50341122928
4964662763
1769693338005
50379473316
4988090431
1769693339005
50419966522
5011558822
1769693340005
50457609885
5034356120
1769693341005
50495089453
5057557038
1769693342005
50533172154
5082597247
1769693343005
50571228017
5107166304
1769693344005
50609023777
5130667942
1769693345005
50646550935
5154140498
1769693346005
50684036865
5176945120
1769693347005
50721514953
5199798263
1769693348005
50759315473
5222713032
1769693349005
50797670057
5246617344
1769693350005
50835354464
5269434859
1769693351005
50872828036
5292544001
1769693352005
50910711437
5317818908
1769693353005
50948721618
5341776165
1769693354005
50988447881
5365710734
1769693355005
51027271907
5389264447
1769693356005
51064686965
5412093070
1769693357005
51102233439
5434947861
1769693358005
51139955197
5457757411
1769693359005
51177969238
5481908933
1769693360005
51215495374
5504669642
1769693361005
51253018076
5527831454
1769693362005
51290942522
5553248765
1769693363005
51328812603
5581843447
1769693364005
51366883358
5605984456
1769693365005
51404471563
5629531258
1769693366005
51441925863
5652455609
1769693367005
51479465563
5675334279
1769693368005
51516903309
5698538874
1769693369005
51554758621
5722614441
1769693370005
51594222782
5745624314
1769693371005
51630833941
5768520576
1769693372005
51668243002
5792751119
1769693373005
51704624833
5817113232
1769693374005
51741655007
5840109372
1769693375005
51778601278
5862810866
1769693376005
51815136101
5885334206
1769693377005
51851837831
5907925934
1769693378005
51888337531
5930887408
1769693379005
51925444911
5954240265
1769693380005
51961963469
5976973190
1769693381005
51998339014
5999957261
1769693382005
52035326328
6024748505
1769693383005
52071825951
6048968322
1769693384005
52108946651
6072036297
1769693385005
52141944945
6095237688
1769693386005
52175373285
6118609557
1769693387005
52205426006
6142327660
1769693388005
52234764821
6169038056
1769693389005
52263108280
6200021195
1769693390005
52290360518
6230683275
1769693391004
52317758957
6261519815
1769693392005
52346428251
6293182225
1769693393005
52379955036
6324477237
1769693394005
52408967436
6354990979
1769693395005
52436969544
6385585619
1769693396005
52464261284
6416183615
1769693397005
52491829927
6446809397
1769693398005
52519472052
6477457287
1769693399005
52548127629
6508427121
1769693400005
52575147533
6538917564
1769693401005
52605153595
6569508389
1769693402005
52636439651
6600837274
1769693403005
52663353680
6631925464
1769693404005
52691977093
6662700362
1769693405005
52719668333
6693172892
1769693406004
52746528639
6723622596
1769693407005
52773577701
6754171767
1769693408005
52800503219
6784673745
1769693409005
52828850935
6815804398
1769693410005
52855767008
6846332009
1769693411005
52882632928
6877015954
1769693412005
52914140805
6906068453
1769693413005
52951102120
6930082363
1769693414005
52988807750
6955671188
1769693415005
53025642927
6979953426
1769693416047
53062641396
7001803309
1769693417005
53102302842
7024562020
1769693418005
53139193269
7047414445
1769693419005
53176913394
7071488426
1769693420005
53213992074
7094187325
1769693421005
53251114879
7117430798
1769693422005
53288320078
7142804196
1769693423005
53326312208
7170135790
1769693424005
53364161340
7194017917
1769693425004
53400975705
7217756679
1769693426005
53438093918
7240772198
1769693427005
53474958452
7263648868
1769693428005
53511896086
7286560204
1769693429005
53549814871
7310293901
1769693430005
53586862577
7333204994
1769693431005
53624071208
7356336198
1769693432005
53661699374
7381322134
1769693433005
53701510090
7405470834
1769693434005
53739352524
7428976500
1769693435010
53777005698
7451758174
1769693436005
53813896170
7474490397
1769693437005
53850897567
7497371965
1769693438005
53887921928
7520173108
1769693439005
53925664102
7543829752
1769693440005
53962754087
7566783323
1769693441005
53999752525
7589985004
1769693442005
54037160869
7615288230
1769693443005
54074226136
7639505636
1769693444005
54111816615
7663063668
1769693445005
54149003290
7686413412
1769693446005
54186015521
7709100151
1769693447005
54222989973
7731905322
1769693448005
54261328628
7754716200
1769693449005
54299883671
7777868430
1769693450005
54337538828
7801159477
1769693451005
54374471565
7824316406
1769693452005
54413523867
7849717925
1769693453005
54453090805
7873895950
1769693454005
54490486180
7897414036
1769693455005
54528029572
7920871578
1769693456005
54565032618
7943869245
1769693457005
54601912699
7966766757
1769693458005
54638871725
7989754521
1769693459005
54676154526
8012709282
1769693460005
54713395810
8036062155
1769693461005
54749370085
8059553951
1769693462005
54785653441
8084871352
1769693463005
54821650359
8108957662
1769693464005
54860718025
8132442653
1769693465005
54897452286
8156257294
1769693466005
54924726464
8185525617
1769693467005
54951291894
8215552552
1769693468005
54977697938
8245778009
1769693469005
55004818178
8276080748
1769693470005
55032473273
8306597282
1769693471005
55059428178
8336903042
1769693472005
55087416888
8367704290
1769693473005
55115914148
8397737237
1769693474005
55143757404
8427659381
1769693475005
55172287514
8457720555
1769693476005
55198901647
8487668652
1769693477005
55226074040
8517670641
1769693478005
55252694001
8547238295
1769693479005
55279672510
8576909810
1769693480005
55313657721
8606917536
1769693481005
55340591936
8636597031
1769693482005
55368784402
8667041746
1769693483005
55403304910
8697016529
1769693484005
55431191758
8728001072
1769693485005
55459024654
8757939908
1769693486005
55486026294
8787322116
1769693487005
55512897219
8817837338
1769693488005
55542538982
8848307061
1769693489005
55569868592
8878759633
1769693490005
55597782936
8909658334
1769693491005
55624678533
8940115820
1769693492005
55653476741
8971108800
1769693493005
55680147908
9002074591
1769693494005
55706806427
9032863846
1769693495005
55737131473
9063736792
1769693496005
55767262101
9094131796
1769693497005
55794038930
9124658522
1769693498005
55820566535
9155011735
1769693499005
55847963311
9185458647
1769693500005
55882461191
9210966422
1769693501005
55919395500
9233815948
1769693502005
55950847914
9262578956
1769693503005
55987035328
9286990810
1769693504005
56024396234
9310288983
1769693505005
56061969120
9333816056
1769693506005
56098928696
9356325756
1769693507005
56135954964
9378882878
1769693508005
56172906636
9401415618
1769693509005
56210316398
9424070910
1769693510005
56247800712
9447261941
1769693511005
56288087492
9470236400
1769693512005
56325724569
9495195665
1769693513005
56363723718
9522535743
1769693514005
56401280583
9545524453
1769693515005
56438573057
9568152921
1769693516005
56475934712
9591031056
1769693517005
56513307306
9613726813
1769693518005
56550403440
9636270675
1769693519005
56587728750
9658926318
1769693520005
56624808849
9681944110
1769693521005
56662154635
9705323257
1769693522005
56700768391
9730583303
1769693523005
56738281755
9753385819
1769693524005
56775591975
9776213588
1769693525005
56812789560
9798874952
1769693526005
56850169875
9821731208
1769693527005
56889809426
9844512317
1769693528005
56926521319
9867157081
1769693529005
56963612449
9890396983
1769693530005
57000720896
9913619232
1769693531005
57038197093
9937020442
1769693532004
57075951488
9961613912
1769693533005
57112774306
9985609421
1769693534005
57150165347
10008367338
1769693535005
57187460629
10031049072
1769693536005
57224919950
10053934623
1769693537005
57261827968
10076677877
1769693538005
57298688016
10099445621
1769693539005
57335820983
10122195634
1769693540005
57372913410
10145209474
1769693541005
57410335745
10168622112
1769693542005
57448946160
10193905168
1769693543005
57487446595
10222329189
1769693544005
57524639511
10245799518
1769693545005
57561528229
10269098850
1769693546005
57598916508
10292299997
1769693547005
57635892486
10315017450
1769693548005
57672758423
10337721445
1769693549005
57709734340
10360891359
1769693550005
57746878110
10383866306
1769693551005
57784259554
10407241181
1769693552005
57822286625
10431439926
1769693553005
57859203859
10455410794
1769693554005
57896705063
10478246908
1769693555005
57933805851
10500930992
1769693556005
57971163066
10523939965
1769693557005
58008175007
10546589138
1769693558005
58047677679
10569272429
1769693559005
58084873051
10592524949
1769693560005
58122007651
10615414619
1769693561005
58159555148
10638840242
1769693562005
58197112288
10663576466
1769693563005
58234718894
10686235328
1769693564005
58271827204
10709728010
1769693565005
58308702434
10732967698
1769693566005
58346040499
10755863518
1769693567005
58382939653
10778570199
1769693568005
58419766331
10801291115
1769693569005
58457046950
10824078297
1769693570005
58494126896
10846992289
1769693571005
58531377457
10870166444
1769693572004
58569167922
10894944048
1769693573005
58606373624
10923168617
1769693574005
58645967524
10946936629
1769693575005
58682869790
10970237517
1769693576005
58720079750
10993185336
1769693577005
58757425963
11015940537
1769693578005
58794321470
11038582326
1769693579005
58831640036
11061311024
1769693580005
58868753015
11084332798
1769693581005
58905773256
11107528635
1769693582005
58943556260
11132617365
1769693583005
58980600579
11156605672
1769693584005
59018056985
11179517481
1769693585005
59055337818
11202281700
1769693586005
59092273758
11225023505
1769693587005
59129905739
11248041724
1769693588005
59166649063
11270684031
1769693589005
59205028486
11293883424
1769693590005
59243584018
11317033380
1769693591005
59280455677
11340014461
1769693592005
59318352674
11365487737
1769693593005
59355868922
11388277330
1769693594005
59393319897
11411317063
1769693595005
59430549630
11434118923
1769693596005
59467431054
11456845913
1769693597005
59504975255
11479865322
1769693598005
59541731136
11502542311
1769693599005
59578870222
11525330317
1769693600005
59615937702
11548339838
1769693601005
59652982921
11571187396
1769693602005
59691326961
11595749679
1769693603005
59728490048
11624059128
1769693604005
59765300614
11647819466
1769693605005
59802280086
11674886166
1769693606005
59828844966
11705151217
1769693607005
59856712024
11735551836
1769693608005
59883054809
11766053524
1769693609005
59910089955
11796628161
1769693610005
59940772298
11824497035
1769693611005
59977704852
11847689317
1769693612005
60012797168
11874846269
1769693613005
60049750580
11898758225
1769693614005
60086852726
11922352418
1769693615005
60123750247
11945860846
1769693616005
60160629779
11968723082
1769693617005
60198136308
11992003113
1769693618005
60234920294
12014875602
1769693619005
60271998440
12038285601
1769693620005
60309285864
12061273960
1769693621005
60348849980
12084308383
1769693622005
60386981171
12109350483
1769693623005
60424479354
12132189146
1769693624005
60461424694
12156104154
1769693625005
60498183169
12179430294
1769693626005
60534935678
12202130536
1769693627005
60572353390
12225266333
1769693628005
60609189818
12248110199
1769693629005
60646391187
12271041859
1769693630005
60683570097
12293987343
1769693631005
60720410538
12317171249
1769693632004
60758156572
12342646204
1769693633005
60795556462
12371020438
1769693634005
60832735219
12394787337
1769693635005
60869598883
12418007800
1769693636005
60907798461
12440692281
1769693637005
60945790743
12464740598
1769693638005
60982888404
12487407715
1769693639005
61020201370
12510474042
1769693640005
61057257315
12533333333
1769693641005
61094313137
12556410067
1769693642005
61131960849
12581893704
1769693643005
61169216246
12605779553
1769693644005
61206874531
12628475432
1769693645005
61244194348
12651064229
1769693646005
61281123530
12673622847
1769693647005
61318339012
12696376156
1769693648005
61355709379
12719041289
1769693649005
61392836533
12742239751
1769693650005
61429609198
12764951742
1769693651005
61466792975
12788350312
1769693652005
61507093442
12813051198
1769693653005
61545440641
12836065496
1769693654005
61582402551
12859680119
1769693655005
61619245555
12882987202
1769693656005
61656166589
12905686926
1769693657005
61693155749
12928454303
1769693658005
61730583700
12951790270
1769693659005
61767791126
12974669763
1769693660005
61804721208
12997426932
1769693661005
61841968839
13020726249
1769693662005
61879628146
13045466333
1769693663005
61918196480
13073101119
1769693664005
61955660942
13096154157
1769693665005
61992879904
13118929987
1769693666005
62029701333
13141702217
1769693667005
62066615989
13164551621
1769693668005
62106851579
13187657573
1769693669005
62144101148
13210432366
1769693670005
62181184161
13233208013
1769693671005
62218219065
13256593171
1769693672004
62256272075
13280456790
1769693673005
62293603473
13304814112
1769693674005
62330985725
13327920782
1769693675005
62368291566
13350740540
1769693676005
62404765815
13373551539
1769693677005
62440775885
13396457475
1769693678005
62477393437
13419580638
1769693679005
62513991703
13442353417
1769693680005
62550231482
13465171679
1769693681005
62586582553
13488555587
1769693682005
62623042902
13513747323
1769693683005
62661345914
13538037174
1769693684005
62699503960
13560913447
1769693685005
62736307492
13583743749
1769693686005
62772668786
13606566467
1769693687005
62809253854
13629471807
1769693688005
62846222813
13652591461
1769693689005
62882898071
13675567613
1769693690005
62919199660
13698461800
1769693691005
62955660207
13721986157
1769693692004
62992256276
13747167472
1769693693005
63029040354
13775726542
1769693694005
63065121816
13799737278
1769693695005
63101205400
13823104005
1769693696005
63137198823
13845774250
1769693697005
63173355706
13868533388
1769693698005
63210144148
13892384480
1769693699023
63250188128
13915686803
1769693700005
63286521271
13938625482
1769693701005
63323071505
13961985098
1769693702005
63360071300
13986757483
1769693703005
63397376683
14010000697
1769693704005
63434401395
14032958951
1769693705005
63471100348
14055804312
1769693706005
63507129338
14078731182
1769693707005
63543482958
14101577763
1769693708005
63579869626
14124718961
1769693709005
63616822213
14147641833
1769693710005
63653066555
14170384111
1769693711005
63689901335
14193633229
1769693712004
63723193925
14220691476
1769693713005
63751186099
14250455837
1769693714005
63779343212
14280415393
1769693715005
63813520217
14310323697
1769693716005
63840526892
14340011874
1769693717005
63867500137
14370694278
1769693718005
63893674854
14400650782
1769693719005
63925090405
14446278824
1769693720474
63952312874
14462431141
1769693721005
63979069425
14493131122
1769693722005
64006143480
14524511503
1769693723005
64038738474
14555213895
1769693724005
64067375146
14585447073
1769693725005
64094547294
14615322298
1769693726005
64120956802
14645297554
1769693727005
64147549543
14675187336
1769693728005
64173917518
14705014391
1769693729005
64201928521
14735301948
1769693730005
64231609145
14764734661
1769693731005
64261865561
14794725740
1769693732005
64290273012
14824896741
1769693733005
64318366316
14854413754
1769693734005
64346125989
14884314887
1769693735005
64372896562
14914226793
1769693736005
64399331612
14944063613
1769693737005
64425990206
14973777561
1769693738005
64452530215
15003617540
1769693739005
64480883882
15033689090
1769693740005
64507475326
15063539216
1769693741005
64534408626
15093770715
1769693742005
64562328660
15124442270
1769693743005
64590500131
15154279121
1769693744005
64618883139
15184001003
1769693745005
64648106893
15213832957
1769693746005
64683148065
15241083073
1769693747005
64709667140
15270664231
1769693748006
64745033704
15293819818
1769693749005
64782077794
15317272889
1769693750005
64818128481
15340080517
1769693751005
64855051147
15363540425
1769693752005
64892514191
15388580603
1769693753005
64931842998
15412681102
1769693754005
64969558592
15436704549
1769693755004
65006434630
15460084581
1769693756005
65043337125
15482674614
1769693757005
65080258113
15505414283
1769693758005
65117049073
15528003340
1769693759005
65154524384
15551039273
1769693760005
65191817484
15573733565
1769693761005
65229047950
15597096614
1769693762005
65269300797
15622138761
1769693763005
65306283336
15645928943
1769693764005
65343578297
15669517246
1769693765005
65380657053
15692857607
1769693766005
65417629842
15715584322
1769693767005
65454580079
15738324937
1769693768005
65491395085
15761007037
1769693769005
65528747356
15784397887
1769693770004
33467736
15807237160
1769693771005
70741779
15830695572
1769693772005
108083704
15855750520
1769693773005
145816082
15878280559
1769693774005
183439961
15901197495
1769693775005
220951693
15923797279
1769693776005
257946483
15946384444
1769693777005
296376442
15969138531
1769693778005
330631262
15994846247
1769693779005
357095805
16025676425
1769693780005
384299935
16056301047
1769693781005
411610137
16087025517
1769693782005
441859046
16117561886
1769693783005
476127659
16148089162
1769693784005
504047068
16178623349
1769693785005
532458502
16209372308
1769693786005
558856703
16239881091
1769693787005
585486186
16270400585
1769693788005
611948501
16300840692
1769693789005
639159847
16331316518
1769693790005
666691855
16361997091
1769693791005
693507394
16392989247
1769693792005
721433074
16424291293
1769693793005
754586281
16455085004
1769693794005
781258944
16485922170
1769693795005
808628470
16516794231
1769693796005
835034209
16547228448
1769693797005
861595900
16577764497
1769693798005
888102280
16608232175
1769693799005
915192218
16638778340
1769693800005
942734968
16669513506
1769693801005
969500369
16700472171
1769693802005
998499556
16731505158
1769693803005
1025132639
16762606607
1769693804005
1052585229
16793220640
1769693805005
1080935127
16824110751
1769693806005
1107289996
16854575484
1769693807005
1133816197
16885194735
1769693808005
1160209149
16915747796
1769693809005
1193685690
16946316696
1769693810005
1221122595
16977027479
1769693811005
1248145169
17007907413
1769693812005
1275774142
17039211382
1769693813005
1308496448
17070307964
1769693814005
1335358569
17101227767
1769693815005
1362569702
17132075201
1769693816006
1389370135
17162554002
1769693817005
1416030835
17193142753
1769693818005
1442492250
17223672439
1769693819005
1469587819
17254262150
1769693820005
1496682349
17284741745
1769693821005
1524225298
17315104417
1769693822005
1553919639
17345568082
1769693823005
1580531849
17376070274
1769693824005
1611026061
17406163764
1769693825005
1641385712
17436336749
1769693826005
1668353861
17466453478
1769693827005
1694995092
17496841555
1769693828005
1721563374
17527311232
1769693829004
1748491288
17557799447
1769693830005
1775492989
17588371184
1769693831005
1803180934
17619208731
1769693832005
1833288187
17649806011
1769693833005
1859829066
17680840829
1769693834005
1887363684
17711323505
1769693835005
1915046319
17741836530
1769693836005
1943009304
17771792775
1769693837005
1969582332
17801800912
1769693838005
1996555333
17832116727
1769693839005
2023553662
17862225583
1769693840005
2056847671
17892595640
1769693841005
2083989212
17923050425
1769693842005
2111887595
17954234588
1769693843005
2139106494
17986639483
1769693844005
2166618636
18016957632
1769693845005
2193935399
18047087101
1769693846005
2221187042
18077249192
1769693847005
2247825282
18107499535
1769693848005
2274355801
18137446289
1769693849005
2300949534
18167753743
1769693850005
2327492610
18197854863
1769693851005
2354913143
18228338836
1769693852005
2383959584
18259225087
1769693853005
2410423624
18289916584
1769693854005
2436991678
18320133604
1769693855005
2463484326
18350203887
1769693856005
2497441478
18380747733
1769693857005
2523943129
18411584029
1769693858005
2559298524
18456696274
1769693859721
2596694524
18463757799
1769693860005
2633375061
18487192439
1769693861005
2670140723
18510688462
1769693862005
2707035940
18536457134
1769693863005
2743462859
18560573944
1769693864005
2780091793
18583358425
1769693865005
2816327743
18606132287
1769693866005
2852695476
18629319900
1769693867005
2888646772
18652241643
1769693868005
2924341032
18675079726
1769693869005
2954474911
18702721897
1769693870005
2981013669
18732489141
1769693871005
3011919526
18763124321
1769693872005
3042584536
18793565862
1769693873005
3075568746
18823794493
1769693874005
3102494569
18853521181
1769693875005
3128945228
18883327181
1769693876005
3159594094
18912969691
1769693877006
3186549411
18942552801
1769693878005
3213100971
18971879410
1769693879005
3240437219
19001605503
1769693880005
3266895216
19031037498
1769693881005
3293878379
19060997955
1769693882005
3322756097
19092041744
1769693883005
3350769419
19122096830
1769693884005
3378507471
19152111193
1769693885005
3405810945
19182099068
1769693886005
3432759045
19212226172
1769693887005
3466525701
19242197584
1769693888005
3493173325
19272159093
1769693889005
3522112960
19302950240
1769693890005
3549257949
19333120723
1769693891005
3576258734
19363305792
1769693892005
3603983527
19394170605
1769693893005
3631859664
19423913192
1769693894005
3659204991
19453577048
1769693895005
3686490155
19483582027
1769693896005
3713530795
19514080770
1769693897005
3740644383
19544088450
1769693898006
3767490697
19573772645
1769693899005
3794811504
19598676921
1769693900005
3821908582
19621785314
1769693901005
3848519618
19644684505
1769693902004
3879567588
19670913175
1769693903005
3914106405
19698350019
1769693904005
3943001685
19723694213
1769693905005
3980177223
19751444930
1769693906005
4015856255
19774528437
1769693907005
4060702553
19805464719
1769693908004
4105473905
19836429701
1769693909005
4134987195
19859470349
1769693910005
4162129056
19883055357
1769693911005
4188651183
19906372205
1769693912005
4219690074
19934356643
1769693913005
4249160794
19961585658
1769693914005
4287125918
19989207780
1769693915005
4327137124
20016497552
1769693916005
4357781428
20040086054
1769693917005
4386803670
20064353507
1769693918005
4418870371
20091228459
1769693919005
4449506314
20114341461
1769693920005
4477265301
20138762348
1769693921005
4503982715
20161981423
1769693922005
4532615588
20187280743
1769693923005
4560578619
20210056344
1769693924005
4587796221
20232892505
1769693925005
4615250352
20255565450
1769693926005
4641789126
20278174099
1769693927005
4669360469
20301120269
1769693928005
4695997077
20323800676
1769693929005
4723223849
20346466145
1769693930005
4749823913
20369201969
1769693931005
4776780863
20392291702
1769693932004
4806386586
20416561687
1769693933005
4834846128
20443617676
1769693934005
4868534632
20466603304
1769693935005
4895821032
20489231436
1769693936005
4922318640
20511828916
1769693937005
4948987808
20534510574
1769693938005
4976082598
20557287945
1769693939005
5003146934
20580050882
1769693940005
5029691902
20602764292
1769693941005
5056250205
20625905002
1769693942005
5084423523
20650723741
1769693943005
5113255406
20673420703
1769693944005
5140939750
20696149889
1769693945005
5168373191
20718747491
1769693946005
5194890832
20741428309
1769693947005
5221858554
20764094160
1769693948006
5248764816
20786790725
1769693949006
5275750558
20809527357
1769693950005
5308817344
20832216797
1769693951005
5335323694
20855255049
1769693952004
5364042699
20879729247
1769693953005
5391288528
20903790152
1769693954005
5418907110
20928859916
1769693955005
5447370115
20954718121
1769693956005
5474051063
20977419050
1769693957005
5500920096
21000057650
1769693958005
5528066321
21022679725
1769693959005
5555474068
21045317821
1769693960005
5582379125
21068001127
1769693961005
5609074125
21090930316
1769693962005
5636959371
21115534664
1769693963005
5671741737
21138360739
1769693964005
5698915029
21161744845
1769693965005
5728496278
21184803619
1769693966005
5758344939
21207360116
1769693967005
5785240750
21229986586
1769693968005
5812250721
21252561849
1769693969005
5839464829
21275260825
1769693970005
5866439264
21297846617
1769693971005
5893078908
21320711615
1769693972005
5921573131
21345566164
1769693973005
5949018291
21369505905
1769693974005
5976449764
21392153050
1769693975005
6004018132
21414689818
1769693976005
6030565206
21437243995
1769693977005
6057247786
21459904352
1769693978005
6084332094
21482548643
1769693979005
6111319407
21505553267
1769693980005
6137946402
21528289259
1769693981005
6170735905
21551161443
1769693982005
6198269866
21576371840
1769693983005
6226500752
21599167109
1769693984005
6253586143
21621910989
1769693985005
6281031105
21644499359
1769693986005
6307645649
21667143574
1769693987005
6334517505
21689958648
1769693988005
6361480329
21712583805
1769693989005
6388328473
21735525215
1769693990005
6414920024
21758095368
1769693991005
6441571447
21780905620
1769693992005
6470023559
21805658994
1769693993005
6502305397
21829676779
1769693994005
6530499176
21852518036
1769693995005
6557832525
21875094871
1769693996005
6584444765
21897709180
1769693997005
6617603573
21920344942
1769693998005
6644392105
21942974341
1769693999005
6671998740
21965727925
1769694000005
6698748531
21988464787
1769694001005
6725218125
22011503558
1769694002004
6753049114
22036596666
1769694003005
6781290207
22059193200
1769694004005
6809641936
22081850063
1769694005005
6837413678
22104356575
1769694006005
6864246778
22126842030
1769694007005
6891210731
22149369277
1769694008005
6917982097
22171838681
1769694009005
6946006847
22194384100
1769694010005
6972797866
22217057625
1769694011005
6999380155
22239845082
1769694012005
7030869250
22264178159
1769694013005
7062316247
22286864425
1769694014005
7090122792
22309612363
1769694015005
7117499627
22332163855
1769694016005
7144138248
22354730132
1769694017005
7170723574
22377379931
1769694018005
7197238240
22400087131
1769694019005
7224736802
22422768468
1769694020005
7251538227
22445441154
1769694021005
7278127779
22468267046
1769694022005
7306959983
22492616541
1769694023006
7341113658
22515511704
1769694024005
7369385374
22538236084
1769694025005
7396771042
22560829505
1769694026005
7423410213
22583428144
1769694027005
7450260342
22606036929
1769694028005
7483479403
22628538329
1769694029005
7511368265
22651136571
1769694030005
7538030323
22673664322
1769694031005
7564728909
22696540870
1769694032005
7592830010
22721445603
1769694033005
7621019638
22744206176
1769694034005
7649084837
22766785742
1769694035005
7676777527
22789306779
1769694036005
7703259938
22811787809
1769694037005
7729925994
22834338309
1769694038005
7756626548
22856806401
1769694039005
7784605661
22879427073
1769694040005
7811235204
22902045318
1769694041005
7837714471
22925119671
1769694042005
7865304613
22949804659
1769694043005
7891935804
22974155725
1769694044005
7925775027
22996982929
1769694045005
7953343639
23019707141
1769694046005
7979718434
23042394750
1769694047005
8006354768
23065141193
1769694048005
8032719630
23087843678
1769694049005
8059907784
23110563374
1769694050005
8086777900
23133372329
1769694051005
8113238339
23156443371
1769694052004
8142219995
23180527117
1769694053005
8174878752
23205007266
1769694054005
8202888320
23227991490
1769694055005
8230480949
23250729694
1769694056005
8256869934
23273497712
1769694057005
8283460234
23296253264
1769694058005
8309864706
23319067972
1769694059005
8339980245
23342148550
1769694060005
8369879333
23364872610
1769694061005
8396230891
23388002060
1769694062005
8425081099
23411771140
1769694063005
8452073539
23436109527
1769694064005
8479365508
23458926264
1769694065005
8507258520
23481573347
1769694066005
8533848546
23504389885
1769694067005
8560655570
23527142706
1769694068005
8587145777
23549793665
1769694069005
8614449892
23572569816
1769694070005
8641562625
23595269341
1769694071005
8668004587
23618174727
1769694072005
8696952141
23642050659
1769694073005
8725293281
23665229788
1769694074005
8752575241
23687981755
1769694075005
8786788071
23710657844
1769694076005
8813287082
23733259107
1769694077005
8840115025
23755954207
1769694078005
8866554652
23778653961
1769694079005
8893181022
23801722730
1769694080005
8920214078
23824443082
1769694081005
8946621495
23847481441
1769694082005
8975040237
23871811619
1769694083005
9002303995
23900234435
1769694084005
9029735849
23923391227
1769694085005
9057389388
23946014706
1769694086005
9083677274
23968741451
1769694087005
9110353980
23991807504
1769694088005
9136694399
24014523157
1769694089005
9163636579
24037358157
1769694090005
9190803615
24060168166
1769694091005
9223190109
24083219982
1769694092005
9250859485
24108088096
1769694093005
9277597696
24132385378
1769694094005
9304671430
24155208676
1769694095005
9332212867
24178371617
1769694096005
9358356764
24201043952
1769694097005
9384880386
24223858507
1769694098005
9411414948
24246536289
1769694099005
9438079387
24269649901
1769694100005
9464918377
24292370238
1769694101005
9491173946
24315343476
1769694102005
9519004981
24339971277
1769694103005
9547135270
24362948970
1769694104005
9574224858
24385689585
1769694105005
9602121425
24408597199
1769694106005
9632018637
24431397701
1769694107005
9661161280
24454198539
1769694108005
9687372479
24476950536
1769694109005
9714190596
24499793929
1769694110005
9740685823
24522520796
1769694111005
9768447724
24545646096
1769694112004
9798044765
24569622654
1769694113005
9830235513
24594258480
1769694114005
9857439612
24617809982
1769694115005
9883659554
24641152616
1769694116005
9910428952
24664002722
1769694117005
9936853245
24686961603
1769694118005
9963149111
24709769215
1769694119005
9989930593
24732780370
1769694120005
10016240405
24755567842
1769694121005
10043112642
24778595505
1769694122005
10077220772
24802828352
1769694123005
10104291546
24826771572
1769694124005
10131564077
24849594122
1769694125005
10158697027
24872382525
1769694126005
10185703474
24895122087
1769694127005
10212146030
24917883926
1769694128005
10238542492
24940614607
1769694129005
10265484794
24963441140
1769694130005
10292056952
24986212881
1769694131005
10319220434
25009285586
1769694132005
10346643240
25034059970
1769694133005
10373629058
25057987184
1769694134005
10400792402
25080833156
1769694135005
10427974011
25103594308
1769694136005
10455002718
25126546185
1769694137005
10482018381
25149359977
1769694138005
10514117612
25172223785
1769694139005
10540466072
25195532043
1769694140005
10566832964
25218313396
1769694141005
10593834269
25241350672
1769694142005
10621313118
25266093472
1769694143005
10649572704
25293617119
1769694144005
10676720745
25316735644
1769694145005
10704023257
25339548353
1769694146005
10731356271
25362626581
1769694147005
10757812208
25385607616
1769694148005
10784018464
25408304517
1769694149005
10811068106
25431208926
1769694150005
10837441589
25453894979
1769694151005
10864202687
25476999634
1769694152005
10891864449
25501994542
1769694153005
10922552621
25526262513
1769694154005
10952023158
25549199391
1769694155005
10978971105
25572025924
1769694156005
11005614731
25594720261
1769694157005
11036658384
25621265031
1769694158005
11065497438
25645454729
1769694159005
11092856237
25783856766
1769694164801
11373481160
25904021755
1769694170005
11399989798
25926698561
1769694171005
11426561712
25949631915
1769694172005
11455947751
25973381862
1769694173005
11488900590
25997565700
1769694174005
11516256415
26021071549
1769694175005
11542654753
26044537667
1769694176005
11569791884
26067301550
1769694177005
11596818395
26090257074
1769694178005
11623156663
26113125810
1769694179005
11649987643
26135964045
1769694180005
11676756003
26159082997
1769694181005
11703069996
26182341301
1769694182005
11735763541
26208701159
1769694183005
11764050241
26234128524
1769694184005
11791793114
26257649052
1769694185005
11823950250
26329500500
1769694188133
11905460942
26349486069
1769694189005
11938145012
26373259726
1769694190005
11970297097
26396909001
1769694191005
12005507206
26422800164
1769694192005
12036411110
26448280047
1769694193005
12066058685
26472209535
1769694194005
12096235698
26496949588
1769694195005
12123470374
26520126918
1769694196005
12149877608
26542826839
1769694197005
12177023497
26565616737
1769694198005
12203463735
26588327828
1769694199005
12230542885
26611211883
1769694200005
12261618167
26634234771
1769694201005
12291114277
26657394935
1769694202005
12322373357
26681441756
1769694203005
12360203600
26705067396
1769694204005
12391866665
26728219061
1769694205005
12419080712
26750958730
1769694206005
12445620706
26773787094
1769694207005
12472530249
26796632073
1769694208005
12498856357
26819415914
1769694209005
12526048447
26842364831
1769694210005
12552323059
26865108512
1769694211005
12578678660
26888252747
1769694212004
12607882945
26912321586
1769694213005
12634882586
26936431759
1769694214005
12662489175
26959314960
1769694215005
12689594784
26982009648
1769694216005
12722291213
27004743717
1769694217005
12749244455
27027529343
1769694218005
12775470347
27050425803
1769694219005
12802382316
27073367182
1769694220005
12828765580
27096079142
1769694221005
12855013643
27119228931
1769694222005
12883940904
27143155672
1769694223005
12910597698
27167381439
1769694224005
12938083947
27190225885
1769694225005
12965316304
27212975319
1769694226005
12991651978
27235726584
1769694227005
13020389307
27422979458
1769694234838
13311075736
27496412916
1769694238005
13338085463
27519175655
1769694239005
13365169054
27542176556
1769694240005
13391507490
27565098756
1769694241005
13417724624
27588258829
1769694242005
13446706554
27611997652
1769694243005
13475339366
27634768676
1769694244005
13503236773
27657684056
1769694245005
13530684328
27680472215
1769694246005
13557138298
27703063682
1769694247005
13588439932
27725836370
1769694248005
13617338218
27748484414
1769694249005
13643839411
27771606189
1769694250005
13670315245
27794445492
1769694251005
13696933650
27817485576
1769694252005
13724422478
27842255611
1769694253005
13752969494
27864988918
1769694254005
13779741212
27888636117
1769694255005
13806248767
27911909816
1769694256005
13832693597
27934650141
1769694257005
13859049870
27957489627
1769694258005
13885979141
27980289840
1769694259005
13912571653
28003593825
1769694260005
13938893458
28026320067
1769694261005
13965288287
28049347319
1769694262005
13993524116
28073581798
1769694263005
14026695680
28102343556
1769694264015
14053734260
28125908652
1769694265005
14080210414
28149220007
1769694266005
14106791712
28171966832
1769694267005
14133218293
28194800856
1769694268005
14160024829
28217637566
1769694269005
14186594698
28240819366
1769694270005
14212908782
28263715261
1769694271005
14239289101
28286885190
1769694272004
14267241910
28311829091
1769694273005
14294392178
28335966636
1769694274005
14322152828
28359299567
1769694275005
14349510925
28382051076
1769694276005
14376039461
28404766072
1769694277005
14402602799
28427495915
1769694278005
14430808143
28450074108
1769694279005
14462881466
28472806163
1769694280005
14489436688
28495417665
1769694281005
14516047952
28518272043
1769694282005
14544292875
28542579090
1769694283005
14571877447
28565759364
1769694284005
14599022543
28589328366
1769694285005
14625950136
28612284576
1769694286005
14652412222
28634887060
1769694287005
14679025165
28657726486
1769694288005
14705454157
28680427308
1769694289005
14732658057
28703501569
1769694290005
14759326539
28726284433
1769694291005
14785856737
28749175431
1769694292005
14814251631
28773428937
1769694293005
14848322486
28796272559
1769694294005
14881647789
28819515223
1769694295005
14909756778
28842164915
1769694296005
14936265982
28864884672
1769694297005
14962977247
28887686212
1769694298005
14989638100
28910360134
1769694299005
15017060860
28933174079
1769694300005
15043641853
28955825801
1769694301005
15070037460
28978904578
1769694302005
15098628114
29003131155
1769694303005
15126807459
29025810157
1769694304005
15154145278
29049409248
1769694305005
15180719694
29072660991
1769694306005
15207369744
29095223911
1769694307005
15234261054
29118040678
1769694308005
15260812064
29140595359
1769694309005
15289048519
29163311088
1769694310005
15322328811
29185843202
1769694311005
15348944668
29208818622
1769694312005
15376945203
29233198267
1769694313005
15403364278
29256955369
1769694314005
15431567317
29279928699
1769694315005
15459147587
29302679079
1769694316005
15485703129
29325243479
1769694317005
15512244282
29347971826
1769694318005
15538746727
29370732292
1769694319005
15566283358
29393444557
1769694320005
15592770040
29416065748
1769694321005
15619255747
29439010621
1769694322005
15646989679
29463738896
1769694323005
15681219904
29486789049
1769694324005
15709843545
29509951212
1769694325005
15738484597
29532605314
1769694326005
15769945158
29555124856
1769694327005
15796702365
29577850197
1769694328005
15823420161
29600479993
1769694329005
15851299685
29623207791
1769694330005
15877888932
29645893630
1769694331005
15904370885
29668733864
1769694332005
15933532386
29692575374
1769694333005
15960309352
29716372239
1769694334005
15988745367
29739345263
1769694335005
16016156821
29762052982
1769694336005
16042470539
29784604062
1769694337005
16069005056
29807289275
1769694338005
16095477808
29830086237
1769694339005
16122862256
29852895269
1769694340005
16149686979
29875679216
1769694341005
16181408453
29898584419
1769694342005
16210285683
29923448185
1769694343005
16236746427
29947297659
1769694344005
16263629756
29970821711
1769694345005
16290514932
29994162194
1769694346005
16320514617
30019497920
1769694347005
16350237094
30156139154
1769694352602
16833658520
30449276628
1769694365035
16861964628
30471248499
1769694366005
16888510618
30493931378
1769694367005
16915288454
30516689234
1769694368005
16942114902
30539328352
1769694369005
16969259754
30562008790
1769694370005
16996706042
30584925726
1769694371005
17023332824
30607865213
1769694372005
17054729882
30634084698
1769694373005
17088226059
30660184743
1769694374005
17116137534
30684324348
1769694375005
17143310872
30707704456
1769694376005
17179634906
30730795608
1769694377005
17219506608
30778339994
1769694378937
17312466034
30826547401
1769694381005
17340372993
30849770168
1769694382005
17378621839
30874400441
1769694383005
17418391083
30903682343
1769694384005
17455550950
30962622792
1769694386252
17516006656
30981868577
1769694387005
17543824874
31006067475
1769694388005
17575683242
31029065446
1769694389005
17604379863
31052737867
1769694390005
17631702668
31075889380
1769694391005
17658488652
31099637831
1769694392005
17686554095
31124992081
1769694393005
17715074349
31148839358
1769694394005
17744391467
31174732520
1769694395005
17778912814
31204651917
1769694396005
17807794239
31234239147
1769694397006
17836070762
31264146612
1769694398005
17864249129
31294106977
1769694399005
17892730292
31323921002
1769694400005
17920976756
31353851873
1769694401005
17950141980
31383889794
1769694402005
17980104039
31414318579
1769694403005
18006717531
31444598446
1769694404005
18041019163
31474518225
1769694405005
18068327305
31504210690
1769694406005
18095729605
31533971510
1769694407005
18122273215
31563645223
1769694408005
18148679870
31593288725
1769694409005
18175137501
31623208564
1769694410005
18201516096
31652918926
1769694411005
18228890596
31682914842
1769694412005
18258049489
31713015519
1769694413005
18292170481
31742994102
1769694414005
18320588506
31772910585
1769694415005
18353629064
31924126565
1769694420020
18495118176
31953116796
1769694421005
18522815230
31982251626
1769694422005
18550591428
32012773546
1769694423005
18577344515
32042877245
1769694424005
18605234155
32072787746
1769694425005
18632685662
32102471239
1769694426005
18659825937
32132279146
1769694427004
18686539658
32162010702
1769694428005
18713194850
32191716426
1769694429005
18740466298
32221373858
1769694430005
18766884960
32250994320
1769694431005
18794301069
32280933247
1769694432005
18821650759
32311483227
1769694433005
18848023113
32341759142
1769694434005
18875610829
32371659314
1769694435005
18909321503
32402189443
1769694436005
18938194643
32431995763
1769694437005
18964878551
32461733193
1769694438005
18991363540
32491419860
1769694439005
19018363273
32521211562
1769694440005
19044954885
32550893911
1769694441005
19072220351
32580849958
1769694442005
19099637710
32611353355
1769694443005
19132237038
32641678019
1769694444005
19160131286
32671536293
1769694445005
19187504398
32701488937
1769694446005
19214750715
32731302245
1769694447004
19241301542
32761039660
1769694448005
19267544417
32790820911
1769694449005
19294530418
32820620258
1769694450005
19320879321
32850375509
1769694451005
19354388162
32880349331
1769694452005
19381896871
32911236787
1769694453005
19408400750
32941560903
1769694454005
19434918727
32971684421
1769694455005
19461441525
33001856033
1769694456005
19488073601
33031532431
1769694457005
19514959677
33061390506
1769694458005
19541388303
33090969070
1769694459005
19568603845
33120715441
1769694460005
19595171044
33150412926
1769694461005
19623699110
33181182788
1769694462005
19651934191
33211953398
1769694463005
19680067304
33241617071
1769694464005
19707764465
33271265883
1769694465005
19735217268
33301254994
1769694466005
19763155200
33330897275
1769694467005
19795668518
33360752710
1769694468005
19821980970
33390393115
1769694469005
19848940727
33420212022
1769694470005
19875319459
33449943517
1769694471005
19901655332
33480194989
1769694472005
19929885622
33511131133
1769694473005
19962500269
33541736972
1769694474006
19989567991
33572023050
1769694475005
20017102654
33602252886
1769694476005
20043677375
33632194590
1769694477005
20070990996
33662303003
1769694478005
20097295681
33692237002
1769694479005
20124232383
33722266150
1769694480005
20150734553
33752240079
1769694481004
20177089574
33782438560
1769694482005
20210065408
33813457219
1769694483005
20238685342
33844041850
1769694484005
20265483654
33874384244
1769694485005
20292926433
33904551370
1769694486005
20319425536
33934503724
1769694487005
20348501104
33965065117
1769694488005
20375394245
33995049452
1769694489005
20402128763
34025215586
1769694490005
20428733436
34055211395
1769694491005
20456124292
34085365109
1769694492006
20484640625
34116296950
1769694493005
20511243558
34146758739
1769694494005
20538793464
34176677998
1769694495005
20566230338
34206829134
1769694496005
20592862445
34236775781
1769694497004
20620325701
34266935797
1769694498005
20653207545
34296672464
1769694499005
20680125251
34326479700
1769694500005
20707466748
34356358663
1769694501005
20734044170
34383062909
1769694502005
20762610136
34408137433
1769694503005
20795269550
34432237979
1769694504005
20823418256
34456598901
1769694505005
20850813659
34480346300
1769694506005
20877351242
34503053744
1769694507005
20907562021
34565276356
1769694509479
20971268672
34578982434
1769694510005
20999060021
34602344050
1769694511005
21026290470
34626597617
1769694512005
21056383030
34652916996
1769694513005
21086371423
34680894278
1769694514006
21119868928
34710915629
1769694515008
21147821218
34741274106
1769694516005
21174421512
34771196997
1769694517005
21201379514
34801198710
1769694518005
21228805754
34831255063
1769694519005
21256103231
34861303589
1769694520005
21282885156
34891319279
1769694521005
21309790060
34921297053
1769694522005
21338526550
34951726860
1769694523004
21367095355
34981926303
1769694524005
21394862718
35011856914
1769694525005
21422432398
35041692972
1769694526005
21448705545
35071406249
1769694527005
21475277505
35101192260
1769694528005
21502400812
35130990798
1769694529005
21534138566
35160825574
1769694530005
21562630851
35190660351
1769694531005
21589093777
35220626727
1769694532005
21616544674
35251368164
1769694533005
21650876898
35281300255
1769694534005
21678439743
35311467320
1769694535005
21705178106
35341626085
1769694536005
21731694176
35371350835
1769694537005
21758483897
35401088632
1769694538005
21788744677
35522156208
1769694542022
21897989607
35552529881
1769694543005
21925583349
35582700638
1769694544005
21956596165
35610212460
1769694545005
21995699215
35633468750
1769694546005
22031580309
35655912993
1769694547005
22059666366
35684663337
1769694548005
22086924706
35714372494
1769694549005
22114123678
35744654742
1769694550005
22140737521
35774379019
1769694551005
22167337037
35804337843
1769694552005
22194987142
35834873724
1769694553005
22223753629
35864734256
1769694554005
22252034805
35894557070
1769694555005
22280194527
35925492314
1769694556005
22307435825
35955814567
1769694557005
22334174432
35985535046
1769694558005
22361616678
36015353496
1769694559005
22389226898
36045288792
1769694560005
22417127113
36075052511
1769694561005
22449571922
36104955948
1769694562005
22478503257
36135464075
1769694563005
22511595372
36165947255
1769694564005
22541824109
36196662738
1769694565005
22596071197
36256508597
1769694567004
22622847705
36286280479
1769694568005
22649986607
36315992901
1769694569005
22677434650
36345957844
1769694570005
22703918205
36375712225
1769694571005
22730742654
36405583620
1769694572005
22759218278
36435837488
1769694573005
22786233253
36466123580
1769694574005
22814554893
36496023188
1769694575005
22842130143
36525999833
1769694576005
22873596854
36555812958
1769694577005
22902060683
36585642409
1769694578005
22928849886
36615459409
1769694579005
22957089591
36645413411
1769694580005
22983933341
36675112941
1769694581005
23010639281
36705131820
1769694582005
23038614077
36735839842
1769694583005
23066805490
36765601257
1769694584005
23095142037
36795518152
1769694585005
23124531585
36844667603
1769694586629
23151292865
36855885056
1769694587005
23177841526
36885739026
1769694588005
23204417392
36915519957
1769694589005
23232146274
36945438301
1769694590005
23258777740
36975196879
1769694591005
23285314591
37005083745
1769694592005
23319910183
37035573532
1769694593005
23348611076
37067298134
1769694594005
23377553336
37097315640
1769694595005
23405224329
37127267139
1769694596005
23431756770
37157049367
1769694597005
23458442646
37186999051
1769694598005
23484998875
37217073179
1769694599004
23513058977
37247319753
1769694600005
23539732647
37277401618
1769694601005
23566420705
37307618118
1769694602005
23594366754
37338477820
1769694603005
23621242775
37369154243
1769694604005
23649871635
37399311619
1769694605005
23677575662
37429574259
1769694606005
23705537961
37460080250
1769694607004
23733535338
37490137686
1769694608005
23765279393
37520185876
1769694609004
23793371919
37550415666
1769694610005
23819872472
37580456624
1769694611005
23847268043
37610619828
1769694612004
23876519612
37641183876
1769694613005
23903173370
37671804668
1769694614005
23931555325
37702005849
1769694615005
23959109778
37732240111
1769694616005
23985624123
37762283067
1769694617005
24012099545
37792397690
1769694618005
24038901687
37822517592
1769694619005
24066639373
37852946774
1769694620005
24093117923
37883015837
1769694621005
24119480177
37913335909
1769694622005
24147181579
37944153422
1769694623005
24182264162
37974726121
1769694624005
24212275671
38005333303
1769694625005
24238766321
38035810944
1769694626005
24265177446
38065674695
1769694627005
24294032719
38095978441
1769694628006
24320612216
38125888729
1769694629005
24348422256
38154274804
1769694630005
24375034725
38177353673
1769694631005
24401609843
38200423693
1769694632005
24433395568
38226207104
1769694633005
24462666653
38250722941
1769694634005
24493212543
38276875397
1769694635005
24530387546
38300757493
1769694636005
24567411282
38324261801
1769694637005
24603445383
38347613057
1769694638005
24639840138
38371017074
1769694639005
24675642882
38400620630
1769694640005
24704254867
38430517339
1769694641005
24732662257
38460938220
1769694642005
24761471360
38492199802
1769694643006
24791350934
38522450695
1769694644006
24820562421
38552520978
1769694645005
24850024947
38582722907
1769694646006
24878049178
38612835043
1769694647005
24904630552
38642681339
1769694648004
24937286166
38715837544
1769694650388
25022114802
38764820820
1769694652005
25049836956
38791233181
1769694653005
25077113255
38819737643
1769694654005
25105190371
38843954851
1769694655005
25137951601
38874021792
1769694656005
25165072741
38903948635
1769694657005
25191904041
38933707182
1769694658005
25218469882
38963370565
1769694659005
25245650423
38993170996
1769694660006
25273215403
39023144619
1769694661005
25299784769
39053261699
1769694662005
25327451338
39083883147
1769694663005
25354115928
39114204608
1769694664005
25381794627
39143972660
1769694665005
25410166497
39173851624
1769694666005
25437578348
39203712140
1769694667005
25464534916
39233493345
1769694668005
25491184585
39263148886
1769694669005
25518603943
39292909248
1769694670005
25549990381
39322820864
1769694671005
25578918863
39352809852
1769694672005
25607134612
39383196846
1769694673005
25633691543
39413451110
1769694674005
25661298605
39443199633
1769694675005
25689273690
39473032288
1769694676005
25716453605
39503824809
1769694677005
25743206677
39533626292
1769694678005
25769691132
39563313279
1769694679005
25798443643
39593468443
1769694680005
25853179124
39653588625
1769694682005
25880725429
39684179801
1769694683005
25914958674
39714201304
1769694684006
25941839990
39744283855
1769694685005
25969004113
39774402125
1769694686005
26002250700
39804426008
1769694687005
26029028627
39834249234
1769694688005
26055473182
39863933063
1769694689005
26082690540
39893664619
1769694690005
26109668408
39923513981
1769694691005
26136366353
39953610859
1769694692005
26164558498
39984155514
1769694693005
26191387357
40014591913
1769694694005
26219057404
40044389902
1769694695005
26246829360
40074259222
1769694696005
26274280668
40104261867
1769694697005
26300894267
40133974319
1769694698005
26327414411
40163656775
1769694699005
26354795426
40193472066
1769694700005
26383346424
40223803109
1769694701006
26411790128
40253871912
1769694702005
26444827040
40284627615
1769694703005
26471440425
40314937556
1769694704005
26498706974
40344730327
1769694705005
26526241347
40374557443
1769694706005
26553480265
40404568877
1769694707005
26579968290
40434399106
1769694708005
26606470093
40464152984
1769694709005
26633604005
40494029048
1769694710005
26660523817
40523941564
1769694711005
26687703029
40553974862
1769694712005
26715658005
40584565824
1769694713005
26748144697
40614974576
1769694714005
26776409257
40644743132
1769694715005
26803564545
40674714589
1769694716005
26830935887
40704794989
1769694717005
26861756574
40734610143
1769694718005
26890583712
40764592388
1769694719005
26917575709
40794735406
1769694720005
26944321198
40824897008
1769694721005
26972796608
40855868536
1769694722005
27000468044
40886659973
1769694723005
27028467008
40916891427
1769694724005
27055509814
40947172209
1769694725005
27082504695
40977678444
1769694726005
27109994087
41007916230
1769694727005
27136832162
41037971515
1769694728005
27163587172
41067980964
1769694729005
27190996139
41098099463
1769694730005
27217742605
41128208395
1769694731005
27244811426
41158558906
1769694732005
27273724619
41189059633
1769694733005
27306831946
41219599695
1769694734005
27333431065
41249975688
1769694735005
27360172968
41280293349
1769694736005
27387641503
41310602801
1769694737005
27414234183
41340717852
1769694738005
27440583207
41370816439
1769694739005
27467510617
41401024059
1769694740005
27494281908
41431235738
1769694741005
27521824764
41461460661
1769694742005
27552140213
41492680513
1769694743005
27585508467
41523426375
1769694744005
27612597780
41553670676
1769694745005
27639181488
41583928403
1769694746005
27666608384
41614051708
1769694747005
27693382649
41641748076
1769694748005
27720870287
41664934956
1769694749005
27753177226
41687794034
1769694750005
27780801926
41712327021
1769694751005
27807543509
41735516633
1769694752005
27840686723
41761227828
1769694753005
27873039664
41787454072
1769694754013
27911120901
41813328253
1769694755006
27946374525
41836880837
1769694756005
27974566228
41865769602
1769694757004
28002443708
41896260335
1769694758005
28029494937
41926653721
1769694759005
28056734205
41956977577
1769694760004
28083675011
41987432896
1769694761006
28110565237
42018052834
1769694762005
28139214696
42049345069
1769694763005
28173068200
42082216996
1769694764005
28207223386
42113519424
1769694765005
28237068537
42144947410
1769694766005
28264124511
42175867320
1769694767005
28291262131
42206290215
1769694768005
28318277121
42236854904
1769694769005
28345772953
42267335246
1769694770005
28372390534
42297624542
1769694771005
28398992948
42328216924
1769694772005
28428548930
42359058163
1769694773005
28457164516
42391446839
1769694774006
28484579495
42422248011
1769694775005
28511446239
42452700568
1769694776005
28538718694
42483060372
1769694777005
28566385354
42513264712
1769694778005
28593368745
42543456739
1769694779005
28620652704
42574086335
1769694780005
28654073202
42604374868
1769694781005
28680860437
42634934842
1769694782005
28710825897
42665604658
1769694783005
28737771236
42696551757
1769694784005
28766134133
42726917725
1769694785005
28793853784
42757237736
1769694786005
28821035896
42787604498
1769694787005
28848624405
42817969627
1769694788005
28875449373
42848256940
1769694789005
28903093054
42878689357
1769694790005
28929961660
42908943148
1769694791005
28957152026
42939313587
1769694792005
28987342908
42969950476
1769694793005
29015547184
43000414507
1769694794005
29043771341
43030770710
1769694795005
29072428062
43061063211
1769694796005
29106088049
43092021143
1769694797005
29133501488
43122358289
1769694798005
29160244978
43152564186
1769694799005
29187306353
43183134458
1769694800005
29214004084
43213440478
1769694801005
29241082167
43243877289
1769694802005
29271647984
43274467931
1769694803005
29306189472
43305190112
1769694804005
29334660778
43335733104
1769694805005
29362169075
43366029205
1769694806005
29389184676
43396821665
1769694807005
29416215993
43427096467
1769694808005
29443164246
43457423710
1769694809005
29470709620
43487875870
1769694810005
29497381107
43518389994
1769694811005
29528466322
43549265457
1769694812005
29558562483
43580650171
1769694813005
29587321097
43611380821
1769694814005
29616450038
43641927871
1769694815005
29643530638
43672100383
1769694816005
29670645417
43702085679
1769694817005
29697629327
43732373953
1769694818005
29725238464
43762829043
1769694819005
29753165029
43793047054
1769694820005
29781025801
43823238913
1769694821005
29808149185
43853467056
1769694822005
29838649897
43884204511
1769694823005
29867654897
43914775378
1769694824005
29895706974
43946392914
1769694825005
29923606303
43977534477
1769694826005
29950637117
44007706821
1769694827005
29984660107
44037547624
1769694828005
30012143625
44067841834
1769694829005
30039405124
44098280445
1769694830029
30071713619
44130315807
1769694831005
30099015872
44154236719
1769694832005
30130433239
44180787379
1769694833005
30170170426
44211485895
1769694834005
30200632977
44241966511
1769694835005
30228581926
44272324255
1769694836005
30255868005
44302604199
1769694837005
30284169017
44333219361
1769694838005
30311865232
44363520223
1769694839005
30339273223
44394022674
1769694840005
30365971946
44425360378
1769694841038
30393059427
44454770768
1769694842005
30423927490
44485747529
1769694843005
30457125313
44516807416
1769694844005
30485468726
44547192502
1769694845005
30512990206
44577410330
1769694846005
30539902953
44607545125
1769694847005
30567050918
44637994798
1769694848005
30594547665
44668133742
1769694849005
30622117436
44698506439
1769694850005
30648826276
44728661176
1769694851005
30675538807
44759096903
1769694852005
30703788307
44790011137
1769694853005
30732956446
44820250830
1769694854006
30760875458
44850595513
1769694855005
30788470513
44880843415
1769694856005
30815290308
44911695945
1769694857005
30842470284
44942396231
1769694858005
30873971859
44972537113
1769694859005
30903472530
45002942066
1769694860005
30930152944
45033244835
1769694861005
30956848829
45063636604
1769694862005
30984812669
45094671254
1769694863005
31019318850
45124949855
1769694864005
31048123924
45155388558
1769694865005
31075727401
45185573994
1769694866005
31102319211
45215731507
1769694867005
31129625447
45246257135
1769694868005
31156347438
45276435567
1769694869005
31184268678
45306777732
1769694870005
31211025168
45336988359
1769694871005
31237717483
45367454526
1769694872005
31266928878
45398304020
1769694873005
31295266020
45428613000
1769694874005
31330404462
45458947551
1769694875005
31357961539
45489213427
1769694876005
31384682493
45519431728
1769694877005
31412414152
45549960347
1769694878005
31438970243
45580206265
1769694879005
31468665454
45611097047
1769694880005
31500838488
45642252998
1769694881006
31530228768
45673330721
1769694882005
31560531843
45898201950
1769694889287
31881635644
46042067725
1769694894005
31912060569
46072498570
1769694895005
31938772170
46102749340
1769694896005
31965184134
46132920891
1769694897005
31995440474
46164275608
1769694898005
32023451568
46196290585
1769694899005
32052685209
46227488098
1769694900005
32080312900
46260233124
1769694901078
32111832694
46289690082
1769694902005
32145588349
46321136103
1769694903005
32177743241
46352312057
1769694904005
32210967185
46383349759
1769694905005
32244874886
46413789072
1769694906005
32274233627
46444008990
1769694907005
32301395004
46474485564
1769694908005
32327960341
46504685052
1769694909005
32355263251
46535359277
1769694910005
32381645187
46565507178
1769694911005
32408151003
46595948368
1769694912005
32436028895
46627023757
1769694913005
32462499953
46657737348
1769694914005
32490367454
46688113142
1769694915005
32517749736
46718314919
1769694916005
32556171806
46750183342
1769694917005
32586466397
46782149783
1769694918005
32614971088
46812981257
1769694919006
32643544119
46843892226
1769694920005
32671282354
46874580794
1769694921005
32706250928
46906139175
1769694922006
32735676027
46937454862
1769694923006
32768209653
46968429288
1769694924005
32795922118
46993910515
1769694925005
32822498579
47017253332
1769694926005
32848816401
47039845700
1769694927005
32875642498
47062920709
1769694928005
32902025548
47085532150
1769694929005
32928676437
47108857069
1769694930005
32955665688
47131656473
1769694931005
32981967291
47154917279
1769694932005
33008607347
47180411978
1769694933005
33036202127
47203486438
1769694934005
33063416616
47226380609
1769694935005
33091561111
47249773244
1769694936005
33118794840
47273027397
1769694937005
33151550257
47296588648
1769694938005
33178313369
47320593678
1769694939005
33205389437
47350965261
1769694940004
33232687495
47381424212
1769694941005
33259006034
47412089267
1769694942005
33286621397
47443419373
1769694943005
33313148681
47474324253
1769694944004
33339578070
47505061250
1769694945005
33366717139
47535803999
1769694946005
33393169002
47566062063
1769694947005
33420509797
47596934276
1769694948005
33447027408
47627211733
1769694949005
33473961959
47657820456
1769694950005
33501278997
47688292482
1769694951005
33527630417
47718878226
1769694952005
33558964460
47750028486
1769694953005
33593986773
47781073725
1769694954005
33621188811
47811760660
1769694955005
33648483878
47842510459
1769694956005
33674878753
47872817790
1769694957005
33701557549
47903551034
1769694958005
33727870230
47933832732
1769694959005
33754857878
47964198639
1769694960005
33782246675
47994701578
1769694961005
33808655694
48025355434
1769694962005
33837687701
48056258163
1769694963005
33864698618
48087326442
1769694964005
33892344573
48117625977
1769694965005
33920699461
48148112056
1769694966005
33947460116
48178462323
1769694967005
33975084069
48208967963
1769694968005
34008241229
48239192032
1769694969005
34035278710
48269625410
1769694970005
34062870682
48300157827
1769694971005
34089560723
48330818382
1769694972005
34117487990
48362034465
1769694973005
34145787414
48392367491
1769694974005
34173301082
48422691789
1769694975005
34201252518
48453191249
1769694976005
34227813293
48483581447
1769694977005
34255468907
48514430514
1769694978005
34282267554
48544860017
1769694979005
34309290144
48575710213
1769694980005
34336638400
48606509172
1769694981006
34363517900
48637631678
1769694982005
34390836082
48669317661
1769694983005
34425195435
48699867854
1769694984005
34458504473
48730348196
1769694985005
34486314436
48760913037
1769694986005
34513059788
48791277525
1769694987004
34540067561
48821896181
1769694988005
34566565749
48852208975
1769694989004
34593144712
48882890494
1769694990004
34620116034
48913386170
1769694991004
34647452267
48944043856
1769694992005
34674981834
48975401335
1769694993005
34701681686
49006263371
1769694994005
34729423980
49036548807
1769694995005
34757243617
49067069476
1769694996005
34784445365
49097381583
1769694997005
34811347172
49127970913
1769694998005
34837906712
49158404993
1769694999005
34869460012
49189117989
1769695000005
34898514753
49219549521
1769695001005
34925630691
49250215675
1769695002005
34954705024
49281188591
1769695003005
34981303074
49312091824
1769695004005
35008704886
49342519236
1769695005005
35036943416
49373257392
1769695006004
35064773825
49404212151
1769695007005
35091922430
49435053727
1769695008005
35118591476
49465409243
1769695009004
35145682605
49495913494
1769695010005
35172705713
49526503618
1769695011005
35199887382
49557110952
1769695012005
35229594494
49588147051
1769695013005
35263666036
49618610213
1769695014005
35291416828
49648915561
1769695015005
35325399843
49679295322
1769695016005
35352279236
49709522977
1769695017005
35379177487
49740178618
1769695018005
35405634890
49770600339
1769695019005
35432683311
49800979810
1769695020005
35459336031
49831460442
1769695021005
35486644037
49861880912
1769695022005
35516107326
49892528863
1769695023005
35542714990
49923220299
1769695024005
35570608765
49953544140
1769695025005
35598399991
49983913282
1769695026005
35625431674
50014225099
1769695027005
35652335892
50044721249
1769695028005
35678942594
50075135142
1769695029005
35705452484
50105678469
1769695030005
35733461961
50136150633
1769695031005
35765705380
50166828002
1769695032005
35794922009
50197591120
1769695033005
35822961376
50227891219
1769695034005
35850348144
50258124504
1769695035005
35878791695
50289162724
1769695036005
35906116759
50319637451
1769695037004
35932590976
50350108669
1769695038005
35959267590
50380586662
1769695039005
35985596627
50411399369
1769695040004
36011995210
50441796966
1769695041005
36039307457
50472420612
1769695042004
36068015674
50503519422
1769695043005
36102165230
50534034338
1769695044005
36129842128
50564445607
1769695045004
36157018075
50594780892
1769695046004
36188644522
50625216802
1769695047005
36217267447
50655600790
1769695048005
36244012310
50686006139
1769695049004
36271097335
50716435886
1769695050005
36297526617
50746764182
1769695051005
36324790710
50777411904
1769695052005
36354277894
50808322186
1769695053005
36382413585
50838709180
1769695054005
36410248006
50869054183
1769695055005
36437599329
50899493985
1769695056005
36464262639
50929889965
1769695057005
36491368811
50960172594
1769695058005
36518029557
50990594239
1769695059005
36545394795
51020990860
1769695060005
36571975528
51051375138
1769695061005
36598692347
51082016284
1769695062005
36633109406
51113137508
1769695063005
36661156845
51143593300
1769695064005
36688472601
51173923259
1769695065005
36715796155
51204267622
1769695066005
36742348904
51234657118
1769695067005
36769798458
51265081036
1769695068005
36796353954
51295656282
1769695069005
36823319662
51326028582
1769695070005
36850577011
51356406742
1769695071005
36877613180
51387077015
1769695072005
36906578342
51417937953
1769695073005
36939297215
51449078005
1769695074005
36966987861
51479890468
1769695075005
36994294676
51510256543
1769695076005
37020766009
51540666576
1769695077005
37049351628
51571108773
1769695078005
37080851403
51601632952
1769695079005
37108125078
51632091704
1769695080005
37134605856
51662437363
1769695081005
37161238313
51693084490
1769695082005
37190727679
51723915675
1769695083005
37217583788
51754956718
1769695084005
37245027849
51785350547
1769695085005
37272704091
51815734215
1769695086005
37299409391
51846103158
1769695087005
37326742373
51876486719
1769695088005
37353808768
51906982181
1769695089005
37380923043
51937414598
1769695090006
37407627778
51967819123
1769695091005
37434243696
51998570569
1769695092005
37462382255
52029787598
1769695093005
37494458996
52060539899
1769695094005
37523125803
52090848893
1769695095005
37550451889
52121238603
1769695096005
37577159752
52151615465
1769695097005
37604279672
52182020189
1769695098005
37631036451
52212581032
1769695099005
37658260279
52243014089
1769695100005
37684801341
52273364998
1769695101005
37711736349
52303995173
1769695102005
37741088179
52334761466
1769695103005
37768421589
52367434489
1769695104005
37796346918
52398062284
1769695105005
37823647844
52428387193
1769695106005
37850227371
52458801819
1769695107005
37876766541
52489231047
1769695108005
37903758233
52519771322
1769695109005
37937032376
52550358516
1769695110005
37963532638
52580720929
1769695111005
37990258383
52611410031
1769695112005
38019484884
52642751855
1769695113005
38046723786
52673641813
1769695114005
38073381724
52704306976
1769695115005
38100021689
52735143912
1769695116005
38126645846
52765598484
1769695117005
38153188373
52795911079
1769695118005
38180513879
52826397418
1769695119005
38207077493
52857034337
1769695120005
38233499710
52887462268
1769695121005
38259995685
52918135410
1769695122005
38287675864
52949442782
1769695123005
38316219111
52979884369
1769695124005
38345342193
53010225909
1769695125005
38376675763
53040602817
1769695126005
38403404147
53071077971
1769695127004
38429923635
53101398211
1769695128004
38457230755
53131912029
1769695129004
38483684709
53162558241
1769695130005
38510003752
53192852237
1769695131005
38536971809
53223486288
1769695132005
38568059588
53254328214
1769695133005
38601074924
53285335552
1769695134005
38629227903
53315700452
1769695135004
38656276019
53346057433
1769695136004
38682500889
53376550684
1769695137005
38709302833
53407032063
1769695138005
38736592132
53437558103
1769695139005
38763564202
53468025766
1769695140005
38795705240
53498369366
1769695141005
38822947041
53528994918
1769695142005
38850653692
53560462178
1769695143005
38878995488
53590997724
1769695144005
38906564329
53621357329
1769695145005
38934004896
53651713852
1769695146005
38960682914
53682071246
1769695147005
38987713850
53712695593
1769695148005
39015122909
53743328927
1769695149005
39042704094
53773802403
1769695150005
39069340991
53804217364
1769695151005
39095839819
53834939774
1769695152005
39123582525
53866475924
1769695153005
39150388115
53897476930
1769695154005
39177624668
53927884934
1769695155005
39204849914
53958359646
1769695156005
39237669399
53988802209
1769695157005
39264538401
54019437039
1769695158005
39291570450
54050107266
1769695159005
39318826899
54080575707
1769695160005
39345260087
54111023260
1769695161005
39371597882
54141847151
1769695162005
39399151542
54173445569
1769695163005
39431790997
54204598712
1769695164005
39459727526
54235340332
1769695165005
39486145288
54265989214
1769695166005
39512825976
54296444976
1769695167005
39539821742
54327038776
1769695168005
39566579361
54357643120
1769695169004
39593610250
54388366232
1769695170004
39620082285
54418818469
1769695171005
39648985805
54449615765
1769695172005
39680462937
54481091524
1769695173005
39707039779
54512040104
1769695174005
39735067352
54542473268
1769695175005
39762368323
54572981624
1769695176005
39788899986
54603459860
1769695177005
39815719507
54634110756
1769695178005
39842368764
54664805061
1769695179005
39869565752
54695632614
1769695180005
39896002129
54726114421
1769695181005
39922456709
54756885657
1769695182005
39950875207
54788347821
1769695183005
39977417520
54819515078
1769695184005
40005396694
54850167469
1769695185005
40033361084
54880073927
1769695186005
40062188359
54910007987
1769695187005
40095522145
54940680504
1769695188005
40123351105
54970604036
1769695189005
40151348238
55000626180
1769695190005
40178252471
55030866819
1769695191005
40205362412
55061009196
1769695192005
40234623304
55091592896
1769695193005
40267405377
55122126839
1769695194005
40295792428
55152452267
1769695195005
40323265830
55182366156
1769695196005
40350041927
55212422371
1769695197005
40377145399
55242539497
1769695198005
40403826789
55272649283
1769695199005
40431293264
55302835435
1769695200005
40458133306
55333340114
1769695201005
40484832838
55364375435
1769695202005
40512971718
55395205445
1769695203005
40546001794
55426035744
1769695204006
40574632561
55456320143
1769695205005
40602173404
55486261374
1769695206005
40628923012
55516096013
1769695207005
40656606441
55546022566
1769695208005
40683721524
55576348894
1769695209005
40711462216
55606188537
1769695210005
40738142645
55636064876
1769695211005
40764947350
55666226494
1769695212005
40793128235
55697177622
1769695213005
40819691955
55727768447
1769695214005
40847726379
55757506746
1769695215005
40875061742
55787294635
1769695216005
40901709335
55817056996
1769695217005
40929160903
55847107749
1769695218005
40958615786
55877100644
1769695219005
40989684568
55907020773
1769695220005
41018014341
55936884479
1769695221005
41044964561
55967124492
1769695222005
41074752861
55998106258
1769695223005
41109169005
56028081621
1769695224005
41136266526
56058249403
1769695225005
41164002152
56088174537
1769695226005
41190562561
56118014699
1769695227006
41217500393
56148007197
1769695228005
41244174428
56177996460
1769695229005
41271653522
56208047900
1769695230005
41299028739
56238139361
1769695231005
41325875998
56268175329
1769695232005
41354436762
56298743039
1769695233005
41382514946
56328842938
1769695234005
41415520380
56359158875
1769695235005
41443477873
56389278365
1769695236005
41470147377
56419023272
1769695237005
41497058399
56448820910
1769695238005
41523983872
56478836371
1769695239006
41552365674
56509491372
1769695240005
41579467742
56539733902
1769695241005
41606350645
56569705192
1769695242005
41634779137
56600250197
1769695243006
41663419349
56630279101
1769695244005
41691128975
56660576469
1769695245005
41719311737
56690815842
1769695246005
41746058096
56720518056
1769695247005
41773074078
56750274543
1769695248005
41800004052
56780222534
1769695249005
41827497793
56810137109
1769695250005
41861128027
56840011358
1769695251005
41887867290
56869986248
1769695252005
41915509614
56900759116
1769695253005
41950396451
56931115030
1769695254005
41978552939
56960883403
1769695255005
42006831826
56990661907
1769695256005
42033567550
57020418959
1769695257005
42061326032
57050298441
1769695258005
42088227427
57080173437
1769695259005
42115667811
57110266592
1769695260005
42143031753
57140120670
1769695261005
42169912443
57170480306
1769695262005
42198995625
57200637941
1769695263005
42226138371
57231023607
1769695264005
42253821021
57260805682
1769695265005
42285256591
57290562383
1769695266005
42315552097
57320207594
1769695267005
42342653631
57350017850
1769695268005
42369740686
57379838467
1769695269005
42398689262
57409846299
1769695270005
42426809161
57439959091
1769695271005
42453476041
57470242590
1769695272005
42482877764
57500460159
1769695273005
42511583875
57530361094
1769695274005
42538464596
57560427395
1769695275005
42565963311
57590452743
1769695276005
42592926822
57620642344
1769695277005
42619782656
57651000225
1769695278005
42646743298
57680918188
1769695279005
42673965004
57711072207
1769695280005
42700963425
57740928604
1769695281005
42734575136
57770958286
1769695282005
42763823761
57801110581
1769695283005
42797766631
57831514923
1769695284005
42826172328
57861287950
1769695285005
42853876263
57891088288
1769695286006
42881146123
57920874849
1769695287005
42908407577
57950987687
1769695288005
42935494143
57980805801
1769695289005
42963218555
58010832645
1769695290005
42990094652
58040611455
1769695291006
43017323209
58070601725
1769695292005
43045114344
58101215331
1769695293005
43072296303
58131512592
1769695294005
43102706855
58159603760
1769695295005
43140387554
58182908005
1769695296005
43177519850
58205401196
1769695297005
43216765135
58228009661
1769695298005
43253030944
58250852444
1769695299005
43288360004
58281705737
1769695300005
43315661510
58307312354
1769695301005
43343306152
58331661924
1769695302005
43374002273
58357275331
1769695303005
43407854862
58382631151
1769695304005
43455007544
58415535639
1769695305004
43502548528
58450044566
1769695306004
43544915508
58481360558
1769695307005
43581094576
58540878156
1769695309494
43707157591
58605251566
1769695312005
43756529625
58639173457
1769695313004
43805915346
58674507552
1769695314004
43853380711
58707450505
1769695315005
43900675949
58740547319
1769695316005
43947981211
58772523677
1769695317005
43997080418
58796346313
1769695318005
44052975049
58820238617
1769695319005
44109018477
58844564294
1769695320005
44164445191
58868562870
1769695321005
44217881072
58897011487
1769695322005
44270048128
58929050388
1769695323005
44322102534
58959950295
1769695324005
44374380089
58991373688
1769695325004
44425302978
59020805195
1769695326005
44471839160
59050544731
1769695327005
44519767468
59084611374
1769695328005
44568305851
59118829011
1769695329005
44616651999
59152960760
1769695330004
44664159247
59185546248
1769695331005
44711836805
59219097293
1769695332004
44758497645
59253287542
1769695333004
44803024762
59287921416
1769695334005
44847345666
59319766098
1769695335005
44899507656
59344244767
1769695336005
44951998701
59370254302
1769695337005
45004762650
59401659492
1769695338004
45054744685
59432098760
1769695339005
45105821297
59462173605
1769695340004
45157399013
59492767879
1769695341005
45205590994
59526305725
1769695342005
45247106822
59557156303
1769695343005
45302627709
59585956541
1769695344005
45358269210
59614498446
1769695345005
45405005898
59647343442
1769695346005
45451806624
59679876534
1769695347005
45498829629
59712867809
1769695348005
45545610764
59745481464
1769695349004
45592172534
59778699747
1769695350004
45639961216
59803305271
1769695351005
45687333385
59834813727
1769695352005
45734749847
59869132891
1769695353005
45782200351
59902098135
1769695354005
45830230902
59934985610
1769695355004
45880197648
59964665945
1769695356004
45931519014
59994609907
1769695357005
45981955050
60024409849
1769695358004
46012961824
60049737580
1769695359005
46042750292
60073406537
1769695360005
46070614070
60099300370
1769695361005
46097171901
60123482194
1769695362005
46127641745
60150171046
1769695363005
46163189239
60180317771
1769695364005
46199879175
60203558971
1769695365005
46237213761
60226585017
1769695366005
46274164045
60249600703
1769695367005
46311248675
60273252266
1769695368005
46348267314
60296497310
1769695369005
46385193489
60320136041
1769695370005
46422089897
60343024094
1769695371005
46459055331
60366317827
1769695372005
46496796330
60391900076
1769695373005
46534710400
60419526195
1769695374005
46572282096
60442770507
1769695375005
46611801049
60465601999
1769695376005
46648682625
60488380240
1769695377005
46685668276
60511748752
1769695378005
46722553851
60534539992
1769695379005
46759874812
60558131790
1769695380005
46796668319
60581039251
1769695381005
46833337306
60604188551
1769695382005
46870375796
60629934000
1769695383005
46907083584
60654067152
1769695384005
46944205779
60677219122
1769695385005
46980946448
60700782036
1769695386005
47017644471
60723520133
1769695387005
47054599515
60746761729
1769695388005
47091241617
60769513543
1769695389005
47128725640
60792792476
1769695390005
47165483505
60815606024
1769695391005
47204862877
60838913000
1769695392005
47242749803
60863807617
1769695393005
47279525627
60887804087
1769695394005
47316871169
60910714875
1769695395005
47353971362
60933571664
1769695396005
47390778586
60956327003
1769695397005
47427975805
60980476526
1769695398005
47465002973
61003696821
1769695399005
47502414827
61026986602
1769695400005
47539226628
61049672074
1769695401005
47576095480
61072717849
1769695402004
47613630266
61097227400
1769695403005
47650958933
61126023045
1769695404005
47688343535
61149255105
1769695405005
47725254422
61172033087
1769695406005
47763031949
61194798267
1769695407005
47801326676
61217663234
1769695408005
47838100958
61240447472
1769695409005
47875238823
61264178926
1769695410005
47911895848
61287004238
1769695411005
47948486897
61310113104
1769695412005
47985909247
61335737832
1769695413005
48022812597
61360066560
1769695414005
48060210703
61383125548
1769695415005
48097124123
61406090746
1769695416005
48134062261
61428905865
1769695417005
48171214926
61451785465
1769695418005
48208160312
61475026435
1769695419005
48245830940
61498574382
1769695420005
48282832704
61521314706
1769695421005
48319800244
61544526458
1769695422005
48359789570
61570224363
1769695423005
48395798603
61598013056
1769695424005
48432325812
61622088364
1769695425005
48469593187
61649280318
1769695426005
48506802826
61672540177
1769695427005
48544377192
61707030596
1769695428497
48619211457
61742379751
1769695430005
48656939227
61765466326
1769695431005
48696518861
61793062097
1769695432005
48724922436
61822670795
1769695433005
48757744256
61847446522
1769695434005
48785282367
61871259545
1769695435006
48813002781
61895560871
1769695436005
48839839482
61918110241
1769695437006
48868097054
61941667571
1769695438005
48910130815
61970340878
1769695439005
48947727656
61993697550
1769695440005
48982307990
62018874653
1769695441005
49009281083
62049484139
1769695442005
49039077683
62080742242
1769695443005
49068199346
62111344603
1769695444005
49096100507
62141727934
1769695445005
49123979619
62172210214
1769695446005
49150590425
62202458207
1769695447005
49177653326
62232915540
1769695448005
49204673490
62263336590
1769695449005
49232594211
62293919145
1769695450005
49259399282
62324434916
1769695451005
49285861689
62354981020
1769695452005
49315028928
62385814433
1769695453005
49344436663
62416597661
1769695454005
49376193047
62447028140
1769695455005
49403448244
62477327797
1769695456005
49432420577
62508395740
1769695457005
49459199893
62558706599
1769695458629
49487052380
62570120819
1769695459005
49514604071
62600751941
1769695460005
49541493901
62631218963
1769695461005
49568157363
62661795812
1769695462005
49595241198
62693187636
1769695463005
49629705251
62723758000
1769695464005
49657643961
62754737233
1769695465005
49684324512
62785440128
1769695466005
49710652496
62815720041
1769695467005
49737330697
62846154548
1769695468005
49763829266
62876477291
1769695469005
49797627658
62906974661
1769695470005
49824619564
62937704730
1769695471005
49851197977
62968298577
1769695472005
49878883832
62999442413
1769695473005
49905600208
63030423553
1769695474005
49933941974
63060947121
1769695475005
49961315024
63091468644
1769695476005
49987881079
63121936231
1769695477005
50014905774
63152405801
1769695478005
50041582251
63182915285
1769695479005
50069429718
63213434642
1769695480005
50096604979
63244238042
1769695481006
50123193982
63274804897
1769695482005
50151568903
63306048825
1769695483005
50180620791
63336600117
1769695484005
50209026457
63367224586
1769695485005
50242686444
63397604622
1769695486005
50269246960
63427919018
1769695487005
50298075426
63458615536
1769695488005
50325199237
63489193285
1769695489005
50353055172
63519796118
1769695490005
50379678154
63550517765
1769695491005
50406157757
63581372417
1769695492005
50435049162
63613048421
1769695493005
50469245925
63643899014
1769695494005
50497722602
63675031773
1769695495005
50525002121
63705860470
1769695496005
50551632137
63736450289
1769695497005
50578845741
63767079961
1769695498005
50605824250
63797340038
1769695499005
50634084416
63828082940
1769695500005
50664758840
63858014376
1769695501005
50695374994
63888434693
1769695502005
50725488625
63918916087
1769695503005
50753274053
63949577374
1769695504005
50781199947
63980257520
1769695505005
50809013282
64010691416
1769695506005
50835905568
64040948976
1769695507005
50862939235
64071244620
1769695508005
50889423705
64101477539
1769695509005
50916777011
64131894118
1769695510005
50944163519
64162425940
1769695511006
50971155394
64192964232
1769695512005
50999957982
64223851917
1769695513005
51026542956
64254693279
1769695514005
51054350204
64285028487
1769695515005
51081950873
64315407546
1769695516005
51115162443
64345733279
1769695517005
51141721753
64376120654
1769695518005
51168336832
64406481694
1769695519005
51195784662
64436982069
1769695520005
51223284796
64467470651
1769695521005
51249713254
64497882210
1769695522005
51277593892
64529147530
1769695523005
51310219616
64560047086
1769695524005
51337662869
64590929995
1769695525005
51364892158
64621476969
1769695526005
51391544634
64651716814
1769695527005
51418299995
64682034963
1769695528005
51444828927
64712273451
1769695529005
51471730535
64742724727
1769695530005
51499194310
64773480811
1769695531005
51526081729
64804018569
1769695532005
51560189233
64835124291
1769695533005
51588546562
64865590824
1769695534005
51616113282
64895912239
1769695535005
51644338064
64926392368
1769695536005
51671194235
64956700187
1769695537005
51698119676
64986975767
1769695538005
51724707809
65017152673
1769695539005
51752158706
65047482495
1769695540005
51779956036
65078112411
1769695541005
51806533488
65108580166
1769695542005
51834138277
65139981160
1769695543005
51862462953
65170331123
1769695544005
51889090498
65201073734
1769695545005
51916109227
65231812257
1769695546005
51942715654
65262105399
1769695547005
51972549790
65292437998
1769695548005
52002673781
65322735091
1769695549005
52030320682
65353059512
1769695550005
52057904812
65383825575
1769695551005
52084582311
65414318932
1769695552005
52112294165
65445621909
1769695553005
52144950572
65476604972
1769695554005
52172720361
65507020513
1769695555005
52201402594
4941913
1769695556005
52228031923
35175274
1769695557005
52255009654
65425922
1769695558005
52281687825
95640485
1769695559005
52308628174
126088648
1769695560005
52336632554
156683227
1769695561005
52363214721
187168680
1769695562005
52392582938
217974475
1769695563005
52426773278
248445052
1769695564005
52453912652
279001074
1769695565005
52481507402
309702169
1769695566006
52508690093
340092962
1769695567005
52535612956
370453406
1769695568005
52562232963
400766444
1769695569005
52589499726
431122159
1769695570005
52616608371
461876809
1769695571005
52643712163
492525676
1769695572005
52673454430
523170576
1769695573005
52700154114
553974220
1769695574005
52727901596
584282161
1769695575005
52755561298
614751380
1769695576005
52782290583
645318556
1769695577005
52809065245
675668595
1769695578005
52835694605
705951864
1769695579005
52869332316
736329077
1769695580005
52896495874
767116349
1769695581005
52923397910
797897305
1769695582005
52951447225
828975135
1769695583005
52984128809
859899347
1769695584005
53012114437
890369192
1769695585004
53039818418
920893019
1769695586005
53067087775
951166127
1769695587005
53094318804
981486474
1769695588005
53120983639
1011704851
1769695589005
53148320803
1042032491
1769695590005
53175655601
1072707479
1769695591006
53203083824
1103246809
1769695592005
53231412087
1134192261
1769695593005
53258215846
1165069784
1769695594005
53288865506
1195390191
1769695595005
53319200012
1225870320
1769695596004
53346477334
1256285907
1769695597005
53373578242
1286654072
1769695598005
53400364058
1317045369
1769695599005
53427697437
1347428304
1769695600005
53454861911
1378007243
1769695601005
53481998844
1408529483
1769695602005
53510382569
1439678706
1769695603005
53537646326
1470549805
1769695604005
53565270264
1500857686
1769695605005
53592931599
1531325760
1769695606005
53619793689
1561842798
1769695607005
53646343769
1592197765
1769695608004
53673096078
1622601115
1769695609005
53700266395
1652936064
1769695610005
53733704989
1683674617
1769695611005
53760351163
1714406884
1769695612005
53789045373
1745688912
1769695613005
53821788675
1776483050
1769695614005
53849720077
1806791389
1769695615005
53877478819
1837248187
1769695616005
53904333738
1867775646
1769695617005
53931142899
1898105178
1769695618005
53958130135
1928392247
1769695619005
53985668369
1958801319
1769695620005
54012513340
1989195621
1769695621005
54040022568
2020017605
1769695622005
54070461255
2050516379
1769695623005
54097236421
2081407863
1769695624005
54125853242
2111773129
1769695625005
54154142948
2142246895
1769695626005
54187240510
2172659568
1769695627005
54214042941
2203230100
1769695628005
54240819709
2233506595
1769695629006
54268055727
2263909381
1769695630005
54295137350
2294305590
1769695631005
54321939629
2325207404
1769695632005
54350050465
2356493292
1769695633005
54376685547
2387367962
1769695634005
54404541894
2417776653
1769695635005
54431755086
2448122572
1769695636005
54458474392
2478518644
1769695637005
54485735235
2508893523
1769695638005
54512414932
2539176350
1769695639005
54539718802
2569529959
1769695640005
54566367571
2599854715
1769695641005
54597019489
2630732498
1769695642005
54628584934
2661791988
1769695643005
54661117828
2692796961
1769695644005
54689265024
2723204720
1769695645005
54716637220
2753678807
1769695646004
54743330587
2784183089
1769695647005
54770385844
2814694679
1769695648005
54796625667
2845087532
1769695649005
54823547355
2875657682
1769695650005
54850000089
2906057371
1769695651005
54877146207
2937010726
1769695652005
54906460807
2968100884
1769695653005
54933122743
2998948273
1769695654005
54960731728
3029228216
1769695655005
54987726807
3059556482
1769695656005
55014581330
3089926112
1769695657005
55047715084
3120397055
1769695658005
55074152468
3150685680
1769695659005
55101507773
3180994889
1769695660005
55128127399
3211316380
1769695661005
55155302797
3242214013
1769695662005
55183956451
3273312106
1769695663005
55212088267
3303546672
1769695664005
55239805614
3333820512
1769695665005
55266943584
3364035182
1769695666005
55293765729
3394397885
1769695667005
55320658458
3424880378
1769695668005
55347245370
3455084001
1769695669005
55374359416
3485381781
1769695670005
55400955254
3515634443
1769695671005
55428148611
3546422249
1769695672005
55456687556
3577681085
1769695673005
55490300884
3610205297
1769695674005
55517868520
3640579001
1769695675005
55545216547
3670891902
1769695676005
55572127341
3701336571
1769695677006
55599039081
3731905287
1769695678005
55625438900
3762133231
1769695679005
55651861316
3792733791
1769695680005
55678234921
3823058959
1769695681004
55705618256
3853986437
1769695682005
55732662862
3885716180
1769695683005
55759374829
3916598037
1769695684005
55786902428
3946916034
1769695685005
55814376150
3977298648
1769695686005
55841306231
4007755920
1769695687005
55868240201
4038147217
1769695688005
55898346921
4068693153
1769695689005
55928470394
4099139241
1769695690005
55955020229
4129799551
1769695691005
55982130674
4160672649
1769695692005
56010580298
4191615232
1769695693005
56038476606
4222297834
1769695694005
56065961666
4252699842
1769695695005
56092985827
4283038315
1769695696005
56119665462
4313509685
1769695697005
56146096514
4343854872
1769695698005
56172417891
4374359917
1769695699005
56199352122
4404749901
1769695700006
56225743854
4435055295
1769695701005
56252937577
4465913150
1769695702005
56282403140
4496696974
1769695703005
56316718245
4527525198
1769695704005
56350745034
4557884026
1769695705005
56377827587
4588310004
1769695706005
56404465294
4618738163
1769695707005
56431010155
4649129322
1769695708005
56457741851
4679516331
1769695709005
56484558457
4709850044
1769695710005
56511178220
4740243736
1769695711005
56538232515
4771118024
1769695712005
56565527857
4802427211
1769695713005
56592399682
4833309708
1769695714005
56619829217
4863794811
1769695715005
56646928280
4894171627
1769695716005
56673787166
4924706868
1769695717005
56700076212
4955158830
1769695718005
56726830474
4985549409
1769695719005
56754044093
5015939760
1769695720005
56786648257
5046322771
1769695721005
56813642284
5077254368
1769695722005
56841109934
5108568377
1769695723005
56868199429
5139457176
1769695724005
56895530566
5169822182
1769695725005
56922681475
5200126676
1769695726005
56949218723
5230591485
1769695727005
56975956812
5260949413
1769695728005
57002875891
5291431982
1769695729005
57029557372
5321855488
1769695730005
57055965522
5352219168
1769695731005
57083301205
5382892035
1769695732005
57112251338
5413783687
1769695733005
57145368995
5444670487
1769695734005
57172439525
5475371536
1769695735005
57202548823
5505962361
1769695736005
57231569935
5536307899
1769695737005
57258197480
5566901181
1769695738005
57285104215
5597265943
1769695739005
57312135746
5627652922
1769695740005
57338365789
5658007278
1769695741005
57365127985
5688823800
1769695742005
57392895378
5720281524
1769695743005
57421947862
5750543097
1769695744005
57448673896
5781162119
1769695745005
57475315875
5811611640
1769695746005
57501760720
5841858473
1769695747005
57528988682
5872355324
1769695748005
57555500403
5902581514
1769695749005
57582597299
5933150062
1769695750005
57609393887
5963416930
1769695751005
57642721677
5994130124
1769695752005
57670698578
6025487847
1769695753005
57698726654
6055765700
1769695754005
57726615333
6086091814
1769695755005
57753907715
6116343393
1769695756005
57780306725
6146593828
1769695757005
57807155281
6177070554
1769695758005
57833620389
6207364977
1769695759005
57860599692
6237955467
1769695760005
57887006163
6268249646
1769695761005
57914203350
6298871277
1769695762005
57943666868
6329633312
1769695763005
57976571813
6360616558
1769695764005
58004903691
6391124654
1769695765005
58032022452
6421364256
1769695766005
58059060330
6451671343
1769695767004
58091424608
6482298055
1769695768005
58118112177
6512479371
1769695769004
58145699434
6542845842
1769695770004
58172391383
6573141319
1769695771005
58199186247
6603708402
1769695772005
58228754115
6633558513
1769695773005
58255713627
6664505719
1769695774005
58283310528
6695126908
1769695775005
58309854336
6725672203
1769695776005
58336434764
6755861270
1769695777005
58363429660
6786322478
1769695778005
58389923712
6816586142
1769695779005
58417406269
6847216180
1769695780005
58444054290
6877566264
1769695781005
58471033181
6908394611
1769695782005
58502886254
6939891304
1769695783005
58533467986
6970240000
1769695784005
58561600610
7000590237
1769695785005
58589140034
7030924911
1769695786005
58615677525
7061256197
1769695787005
58642658506
7091813897
1769695788005
58669083165
7122183131
1769695789005
58696446160
7152716586
1769695790005
58722989938
7183050238
1769695791005
58749966143
7213916256
1769695792005
58778213981
7245291037
1769695793005
58810747943
7276331943
1769695794005
58839456633
7306758669
1769695795005
58866861908
7337088475
1769695796005
58893430755
7367473500
1769695797007
58920328488
7398063288
1769695798004
58953457283
7428613893
1769695799005
58980852427
7459520712
1769695800006
59008030129
7489103395
1769695801005
59035735621
7519863981
1769695802004
59065109178
7550592143
1769695803005
59094025758
7580354734
1769695804005
59121644371
7610967347
1769695805005
59149792406
7640743136
1769695806005
59176674484
7670715890
1769695807005
59204287222
7700565833
1769695808005
59231334438
7730879298
1769695809005
59259635327
7761157685
1769695810006
59286761305
7791062053
1769695811005
59314004235
7821334520
1769695812005
59344859878
7851750016
1769695813006
59372834796
7881897855
1769695814005
59406588009
7911666595
1769695815005
59434840805
7941555277
1769695816005
59461488811
7971502337
1769695817005
59490791281
8001476800
1769695818005
59517717119
8031109911
1769695819005
59544839023
8061324215
1769695820005
59572672331
8091001620
1769695821005
59599680379
8121504193
1769695822005
59627436909
8153105067
1769695823005
59660340908
8183969484
1769695824005
59692050435
8211314154
1769695825005
59729977566
8234102557
1769695826005
59767152538
8257544658
1769695827005
59805070499
8280872508
1769695828005
59842058058
8303588633
1769695829005
59880707564
8326815826
1769695830005
59918884270
8349674430
1769695831005
59955739893
8372709036
1769695832005
59994353695
8397594087
1769695833005
60032024018
8421711339
1769695834005
60069237578
8445173871
1769695835005
60105848905
8468728393
1769695836005
60142375565
8491631582
1769695837005
60182752719
8518519596
1769695838005
60210866485
8542029015
1769695839005
60237972657
8565143650
1769695840005
60266328140
8589099289
1769695841005
60292820147
8612094270
1769695842005
60322971344
8637818953
1769695843005
60360098437
8667126199
1769695844005
60397333206
8690728845
1769695845005
60436686960
8714562177
1769695846005
60473480787
8737282727
1769695847005
60510621521
8760351496
1769695848005
60547255369
8783404076
1769695849005
60583972296
8806896421
1769695850005
60620777720
8830246090
1769695851005
60657718986
8853211150
1769695852005
60695558460
8877877370
1769695853005
60732882168
8906516590
1769695854005
60770522235
8929651792
1769695855005
60807522961
8952836201
1769695856005
60844173989
8975591372
1769695857005
60880856510
8998402860
1769695858005
60917438511
9021164561
1769695859005
60954403869
9044675857
1769695860004
60991476201
9067916095
1769695861005
61030247862
9090921299
1769695862005
61067663286
9115896692
1769695863005
61104339764
9139966447
1769695864005
61141739381
9163848039
1769695865005
61178462381
9187347251
1769695866005
61215159244
9210101430
1769695867005
61252077867
9232764184
1769695868005
61288741300
9255367888
1769695869005
61325652187
9278750499
1769695870005
61362569925
9301538413
1769695871005
61399675428
9324545478
1769695872005
61437411270
9349643088
1769695873005
61474268082
9373568868
1769695874005
61511685215
9396524514
1769695875005
61550216990
9419938418
1769695876005
61590238708
9442919087
1769695877005
61628352094
9465664249
1769695878005
61665380590
9489632156
1769695879005
61702331468
9513195680
1769695880006
61739065286
9535710431
1769695881005
61776081560
9558937181
1769695882005
61813225346
9584463342
1769695883005
61851088637
9611752565
1769695884005
61888537277
9635259558
1769695885005
61925531046
9658071245
1769695886005
61962171348
9681187466
1769695887005
61998994166
9704113099
1769695888005
62035635307
9726799487
1769695889005
62072731808
9749956248
1769695890005
62109533051
9772718682
1769695891005
62146248865
9796321587
1769695892005
62187400057
9821789432
1769695893005
62224713511
9845834606
1769695894005
62262139096
9868972585
1769695895005
62298992308
9892257208
1769695896005
62335836182
9915434110
1769695897005
62372736694
9938355120
1769695898005
62409537968
9961053303
1769695899005
62446581249
9984520229
1769695900005
62483672440
10007379261
1769695901005
62522198691
10031595034
1769695902005
62560176692
10057117930
1769695903005
62596817894
10081160479
1769695904005
62633814120
10105332157
1769695905004
62671527211
10128755201
1769695906005
62708322245
10151910284
1769695907005
62745235832
10174985782
1769695908005
62784934341
10197938071
1769695909005
62820760979
10229116375
1769695910005
62847824002
10254348438
1769695911005
62874665403
10277710434
1769695912005
62904003836
10304529741
1769695913005
62937204298
10328802000
1769695914005
62964409480
10352277165
1769695915005
62991012261
10375626529
1769695916005
63017765882
10398582464
1769695917005
63044534182
10421560585
1769695918005
63070896176
10444197689
1769695919005
63097445462
10467506466
1769695920005
63123755091
10490276544
1769695921005
63150275738
10513528561
1769695922005
63177991315
10538761632
1769695923005
63210111251
10561613355
1769695924005
63239322708
10584966975
1769695925005
63265986353
10608441042
1769695926005
63292606314
10630927169
1769695927005
63319809649
10654036233
1769695928005
63346427429
10676611833
1769695929005
63373234651
10699875431
1769695930005
63399696601
10722543250
1769695931005
63426247840
10745690963
1769695932005
63453981101
10771408994
1769695933005
63480436520
10795443075
1769695934005
63507755832
10818212817
1769695935005
63534894703
10841067028
1769695936005
63561120199
10863755841
1769695937005
63587734026
10886896765
1769695938005
63614259586
10911033304
1769695939005
63647191538
10934690100
1769695940005
63673574573
10957471545
1769695941005
63700006189
10980668664
1769695942005
63728452091
11005358702
1769695943005
63760884725
11029571027
1769695944005
63788440642
11052569426
1769695945005
63815723136
11075475849
1769695946005
63841870557
11098183080
1769695947005
63868781504
11121672649
1769695948005
63895008495
11144344801
1769695949005
63921360358
11167634948
1769695950005
63947786650
11190551563
1769695951005
63974183264
11213638779
1769695952005
64001498716
11239783484
1769695953005
64027878211
11263958259
1769695954005
64055884834
11286913981
1769695955005
64088667883
11310068454
1769695956005
64115206321
11332658777
1769695957005
64141829334
11355849305
1769695958005
64168128724
11378473104
1769695959005
64194726729
11401912886
1769695960005
64221151190
11424689769
1769695961005
64247525497
11447749673
1769695962005
64274761973
11473598113
1769695963005
64301453296
11497556729
1769695964005
64328856283
11520203201
1769695965005
64356136153
11542919724
1769695966005
64382374618
11565540258
1769695967005
64408913468
11588842825
1769695968005
64435312722
11611663544
1769695969005
64461747527
11634964402
1769695970005
64492086748
11657611958
1769695971005
64520859217
11680771863
1769695972005
64549194360
11705753664
1769695973005
64585095107
11731354742
1769695974006
64617570570
11755355088
1769695975005
64645699455
11940564763
1769695982787
65042278190
12108096749
1769695990036
65068622561
12130065980
1769695991005
65095086265
12152983984
1769695992005
65125001146
12178908120
1769695993005
65152360891
12202939928
1769695994005
65180624520
12226387705
1769695995005
65212049394
12250684864
1769695996005
65243283206
12273849072
1769695997005
65275775193
12297276953
1769695998005
65308116249
12320650317
1769695999005
65338697400
12344593613
1769696007131
47886683
12543694141
1769696008005
74295703
12566672796
1769696009005
100717325
12589766740
1769696010005
127211835
12612651436
1769696011005
153787075
12635560408
1769696012005
180925305
12660802541
1769696013005
207643329
12685283178
1769696014005
235042318
12707989615
1769696015005
261949878
12731215236
1769696016005
288274978
12753804888
1769696017005
319825760
12776744558
1769696018005
348933157
12800004326
1769696019005
376363532
12823359991
1769696020005
403191169
12846334038
1769696021005
429754920
12869476625
1769696022005
457305375
12894540377
1769696023005
484151659
12918937461
1769696024005
511490653
12941735171
1769696025005
538833599
12964434208
1769696026005
565127818
12987034678
1769696027005
591813907
13009858464
1769696028005
618371921
13032837302
1769696029005
645285034
13055649477
1769696030005
671936350
13078340808
1769696031005
698776820
13101156965
1769696032005
726506359
13125725336
1769696033005
761987678
13151414071
1769696034005
789507327
13174537448
1769696035005
816953997
13197444176
1769696036005
843348247
13220144876
1769696037005
869943277
13243032120
1769696038005
896808266
13265720919
1769696039005
923236007
13288849316
1769696040005
949833158
13311631020
1769696041005
976292956
13334561063
1769696042005
1003466004
13359779363
1769696043005
1030402111
13384035799
1769696044005
1057691960
13407364747
1769696045006
1084421733
13430685761
1769696046005
1111068075
13453103700
1769696047005
1137993669
13475591734
1769696048005
1165853435
13498116677
1769696049005
1198222961
13521095926
1769696050005
1224815473
13543700303
1769696051005
1251658979
13566693056
1769696052005
1279567677
13591101172
1769696053005
1306496369
13615157285
1769696054005
1334630015
13637764011
1769696055005
1362002669
13660375101
1769696056005
1388577543
13682907322
1769696057005
1415084839
13705556144
1769696058005
1441570179
13728430160
1769696059005
1468897959
13751414597
1769696060005
1495492744
13774340749
1769696061005
1521998103
13797342566
1769696062005
1549068144
13822528519
1769696063005
1581795746
13846751937
1769696064005
1613626039
13869732301
1769696065005
1642423988
13892545421
1769696066005
1668707709
13915273570
1769696067005
1702203169
13938876796
1769696068006
1730481996
13962467815
1769696069005
1758824707
13986484731
1769696070005
1787734757
14010136890
1769696071005
1816825004
14186539892
1769696078552
2123550337
14293574487
1769696083005
2150065094
14317880130
1769696084005
2176690854
14341662408
1769696085005
2202964672
14365152786
1769696086005
2229304161
14387858185
1769696087005
2259218263
14411250988
1769696088005
2287357814
14500780339
1769696091772
2397772758
14532888405
1769696093005
2433467324
14559177740
1769696094005
2466127195
14583326806
1769696095005
2499691530
14607169537
1769696096005
2537534497
14631182699
1769696097006
2577860156
14669344941
1769696098490
2607828409
14681949910
1769696099005
2637950752
14707322316
1769696100005
2667002503
14731658750
1769696101005
2706342204
14760436513
1769696102005
2742288603
14785528980
1769696103005
2772226340
14814283902
1769696104005
2806926358
14839098598
1769696105005
2843762466
14862843784
1769696106005
2880478737
14885660322
1769696107005
2917331247
14908563404
1769696108005
2954175564
14931520805
1769696109005
2991038739
14954984756
1769696110005
3027887298
14978347942
1769696111005
3066432805
15001546175
1769696112004
3104493321
15027122077
1769696113005
3141403705
15051424928
1769696114005
3178546560
15074228635
1769696115005
3215615214
15098335939
1769696116005
3252440214
15121470592
1769696117005
3289136330
15144580801
1769696118005
3325909681
15167924824
1769696119005
3362928565
15192494568
1769696120005
3399868396
15215834349
1769696121005
3436774111
15239367617
1769696122005
3474267701
15263811817
1769696123005
3511697361
15292212189
1769696124005
3548893969
15315457630
1769696125005
3585717672
15338633235
1769696126005
3622410919
15361453969
1769696127005
3661889880
15384394708
1769696128005
3698467121
15407173056
1769696129005
3735029591
15430504155
1769696130005
3771617574
15453535008
1769696131005
3808254137
15476765648
1769696132005
3845211393
15502349942
1769696133005
3883222871
15527271169
1769696134005
3920316808
15550076173
1769696135005
3957279725
15573410232
1769696136005
3993812839
15596206768
1769696137005
4030514936
15619305228
1769696138005
4067057663
15642151886
1769696139005
4103752711
15665619300
1769696140005
4140515305
15688899133
1769696141005
4177089220
15712022983
1769696142005
4214757682
15737436738
1769696143005
4253990379
15761686430
1769696144005
4291047392
15784495843
1769696145005
4327934675
15807737012
1769696146005
4364457521
15830543251
1769696147005
4401190316
15853618642
1769696148005
4437726284
15876514430
1769696149005
4474391350
15899857477
1769696150005
4511072482
15922986942
1769696151005
4547708710
15946246008
1769696152005
4584801075
15971743759
1769696153005
4622205147
16000194634
1769696154005
4659507158
16023251242
1769696155005
4696608511
16046423673
1769696156005
4733502538
16069296712
1769696157005
4770741624
16092403519
1769696158005
4809465940
16115260568
1769696159005
4847208938
16138705064
1769696160005
4883663717
16161927329
1769696161005
4920166072
16185581608
1769696162005
4957345027
16210496197
1769696163005
4994951938
16235319819
1769696164005
5032893717
16258374443
1769696165005
5070325802
16281192370
1769696166005
5106796099
16303966156
1769696167005
5143321279
16326998519
1769696168005
5179558938
16349705597
1769696169005
5216058897
16373237705
1769696170005
5252481329
16396062559
1769696171005
5289120746
16419282901
1769696172005
5326324434
16444223124
1769696173005
5362854650
16468661008
1769696174005
5402236341
16492004024
1769696175005
5438477494
16515318187
1769696176005
5475128003
16538183017
1769696177005
5511736828
16561176045
1769696178005
5548074380
16583872686
1769696179005
5584492648
16607116983
1769696180005
5620974861
16630269289
1769696181005
5657644901
16653328674
1769696182005
5694849581
16678246483
1769696183005
5732384353
16705738027
1769696184005
5769410407
16728999199
1769696185005
5806135467
16751847901
1769696186005
5842988877
16774830096
1769696187005
5879853334
16803789032
1769696188005
5916272761
16834716052
1769696189005
5953314486
16863867026
1769696190004
5991818919
16892048842
1769696191005
6028314773
16915728419
1769696192005
6065645621
16940475552
1769696193005
6103005933
16963671969
1769696194005
6139787738
16986665363
1769696195005
6176407822
17009630347
1769696196005
6212846566
17032855433
1769696197005
6249529255
17056030016
1769696198005
6285839129
17078818343
1769696199005
6322252941
17102207377
1769696200005
6358767258
17125098618
1769696201005
6395542501
17148314550
1769696202005
6432518555
17173826842
1769696203004
6469241235
17198349331
1769696204005
6505998551
17221946424
1769696205005
6544371932
17245454790
1769696206005
6581831879
17268153568
1769696207005
6618535608
17291128423
1769696208005
6654879050
17313957473
1769696209005
6691323882
17337277190
1769696210005
6727902923
17360212299
1769696211005
6764824155
17383180731
1769696212005
6802069558
17407949988
1769696213005
6838779376
17436322834
1769696214005
6875977571
17459877509
1769696215005
6912743217
17482898291
1769696216005
6949204207
17505941716
1769696217005
6985847942
17529095716
1769696218005
7022195733
17551879602
1769696219005
7058663116
17575293568
1769696220005
7095121405
17598172985
1769696221005
7134287226
17621400741
1769696222005
7171419552
17647206246
1769696223005
7208064020
17671142142
1769696224005
7245197262
17698299307
1769696225124
7281667940
17718388112
1769696226005
7318030165
17741120869
1769696227005
7354698069
17764510467
1769696228005
7391132708
17787394568
1769696229005
7427639624
17810828811
1769696230005
7464094938
17833656778
1769696231005
7500598177
17856722266
1769696232005
7537424276
17882589993
1769696233005
7574034214
17906579979
1769696234005
7611086680
17930001222
1769696235005
7647625989
17953440226
1769696236005
7684495466
17976136745
1769696237005
7723282279
17999298710
1769696238005
7759837304
18022092727
1769696239005
7796359799
18045334125
1769696240005
7832855241
18068024770
1769696241005
7869420214
18090931254
1769696242005
7906212424
18116762285
1769696243005
7943272748
18145448866
1769696244005
7980670152
18168528544
1769696245005
8017471746
18191264139
1769696246005
8053993005
18213931134
1769696247005
8090892617
18236761313
1769696248005
8127601427
18259643889
1769696249005
8164199418
18282912003
1769696250005
8201062884
18305590304
1769696251005
8237606785
18328581653
1769696252004
8277195940
18353417649
1769696253005
8314743315
18377540639
1769696254005
8351914717
18400572269
1769696255005
8388800749
18423261755
1769696256005
8425208915
18445831861
1769696257005
8462368783
18468486070
1769696258005
8498997977
18491251265
1769696259005
8535686036
18514513322
1769696260005
8572351956
18537098778
1769696261005
8608917204
18560073664
1769696262005
8646219825
18585406766
1769696263005
8683034541
18609417335
1769696264005
8720321477
18632503238
1769696265005
8757112527
18655148582
1769696266005
8793550218
18677790065
1769696267005
8830515897
18700614462
1769696268005
8869937595
18723676654
1769696269005
8906434059
18746727693
1769696270005
8942973186
18769355474
1769696271005
8979478057
18792403416
1769696272005
9016967192
18817165197
1769696273005
9054034520
18845532596
1769696274005
9091349988
18869013513
1769696275005
9128160050
18891830144
1769696276005
9164604531
18914621735
1769696277005
9201464350
18937424435
1769696278005
9238097785
18960242118
1769696279005
9274928507
18983573202
1769696280005
9311554451
19006252769
1769696281005
9348135475
19029207988
1769696282005
9385140413
19054560086
1769696283005
9422641007
19078704680
1769696284005
9461980037
19101938007
1769696285005
9498750855
19124637150
1769696286005
9535081344
19147251566
1769696287005
9571579502
19169985269
1769696288005
9608477603
19192797108
1769696289005
9645102052
19215959026
1769696290005
9681693741
19238730127
1769696291005
9718151313
19261662763
1769696292005
9754825824
19287113672
1769696293005
9792004031
19311101521
1769696294005
9829122412
19334278545
1769696295005
9865902996
19357087882
1769696296005
9902329807
19379709866
1769696297005
9938790828
19402406782
1769696298005
9975739723
19425228798
1769696299005
10014146123
19448451657
1769696300005
10051508891
19471220713
1769696301005
10088105860
19494301199
1769696302005
10124823688
19519718022
1769696303005
10162659377
19547183902
1769696304005
10199738759
19570542649
1769696305005
10236439940
19593309034
1769696306005
10272742201
19616088343
1769696307005
10309492024
19638941867
1769696308005
10346363104
19661888739
1769696309005
10382735246
19685232655
1769696310005
10419046021
19707937109
1769696311005
10455430461
19731326951
1769696312005
10492611552
19756007056
1769696313005
10529701645
19780154947
1769696314005
10566770025
19803385282
1769696315005
10606233148
19826354203
1769696316005
10642558861
19849196527
1769696317005
10678954027
19872018513
1769696318005
10715845568
19894937600
1769696319005
10752311882
19918327016
1769696320005
10788717165
19941246531
1769696321005
10825020357
19964552225
1769696322005
10861896151
19989428609
1769696323005
10898742512
20013778928
1769696324005
10935793589
20037052092
1769696325005
10972435554
20060006716
1769696326005
11008703836
20082873194
1769696327005
11047223419
20105776856
1769696328005
11084192974
20129039431
1769696329005
11120578040
20152255913
1769696330005
11157436088
20175265739
1769696331005
11195893999
20198536341
1769696332005
11232942544
20223280667
1769696333005
11272151271
20247552056
1769696334005
11309566618
20270905172
1769696335005
11346212062
20293650685
1769696336005
11382579810
20316493604
1769696337005
11418983170
20339408435
1769696338005
11455575303
20362117969
1769696339005
11492327598
20385863140
1769696340005
11528718645
20408847120
1769696341005
11565178476
20431840941
1769696342005
11602409170
20456544818
1769696343005
11639120422
20480630166
1769696344005
11676290512
20504217829
1769696345005
11712914457
20527092638
1769696346005
11751227127
20550031606
1769696347005
11788407807
20573009636
1769696348005
11824657671
20595879943
1769696349005
11861919905
20619066000
1769696350005
11898199980
20641868761
1769696351005
11934666173
20665275509
1769696352005
11971786629
20689568671
1769696353005
12008236206
20713564958
1769696354005
12045643558
20736961942
1769696355005
12082330259
20759724742
1769696356005
12118842882
20782787270
1769696357005
12155349615
20805625002
1769696358005
12191718554
20828353456
1769696359005
12228889803
20851373170
1769696360005
12265364190
20873990363
1769696361005
12301805909
20897065463
1769696362005
12341279255
20922379675
1769696363005
12378102592
20950782641
1769696364005
12415946032
20974453047
1769696365005
12452846239
20997216748
1769696366005
12489449021
21020038749
1769696367005
12526059646
21042915907
1769696368005
12562610719
21065593842
1769696369005
12599578610
21089051445
1769696370005
12636195568
21111754312
1769696371005
12672791286
21134821906
1769696372005
12709931256
21159782300
1769696373005
12747281864
21182730469
1769696374005
12784865888
21206867420
1769696375005
12821407288
21230435583
1769696376005
12857968111
21253373117
1769696377005
12895111804
21276131355
1769696378005
12934011236
21298874014
1769696379005
12971119852
21322300842
1769696380005
13007738701
21344927159
1769696381005
13044339133
21368005418
1769696382005
13081310305
21393404831
1769696383005
13118600002
21416242884
1769696384005
13156190054
21439606589
1769696385005
13193243084
21462457413
1769696386005
13229842922
21485265758
1769696387005
13266495705
21508061942
1769696388005
13303072610
21530860217
1769696389005
13340102662
21554282025
1769696390005
13376759030
21577092842
1769696391005
13413257128
21600183521
1769696392005
13450265697
21625484504
1769696393005
13489431274
21653041719
1769696394005
13527782547
21677006284
1769696395005
13564415219
21700484501
1769696396005
13601039439
21723355267
1769696397005
13637699515
21746322921
1769696398005
13674184994
21769073483
1769696399005
13711275743
21792576205
1769696400005
13747695750
21815374937
1769696401005
13784129702
21838501137
1769696402004
13820897851
21863972003
1769696403005
13857382475
21888102911
1769696404005
13894523011
21911788240
1769696405005
13931206996
21935444656
1769696406005
13967687776
21958262018
1769696407005
14004359417
21981093113
1769696408005
14040896865
22003693018
1769696409005
14080353977
22027091817
1769696410005
14117171271
22049998287
1769696411005
14153675075
22073126744
1769696412005
14190846218
22098166114
1769696413005
14227459544
22122266324
1769696414005
14264721060
22145249708
1769696415005
14302175849
22168197481
1769696416005
14338698679
22191010068
1769696417005
14375408741
22213792276
1769696418005
14411860301
22236509805
1769696419005
14448643860
22260215260
1769696420005
14485363504
22283259142
1769696421005
14521876432
22306442788
1769696422005
14558726409
22331904957
1769696423005
14595625318
22360360410
1769696424005
14633266057
22383755135
1769696425005
14672693599
22407295788
1769696426005
14709064581
22430065790
1769696427005
14745602151
22453046459
1769696428005
14782009677
22475890538
1769696429005
14818633683
22499262071
1769696430005
14855188647
22522622344
1769696431005
14891595211
22545783942
1769696432005
14928902730
22570377915
1769696433005
14966141390
22593339863
1769696434005
15003062790
22616219401
1769696435005
15040248580
22639840906
1769696436005
15076903026
22662833324
1769696437005
15113655658
22685761398
1769696438005
15150047971
22708546063
1769696439005
15187165711
22731486893
1769696440005
15225671853
22754837324
1769696441005
15263130258
22777925333
1769696442004
15299952832
22803332039
1769696443005
15337158214
22826282803
1769696444005
15374208773
22849200563
1769696445005
15411369006
22872843825
1769696446005
15447803615
22895620403
1769696447005
15484561083
22918690148
1769696448005
15521063879
22941461066
1769696449005
15557548321
22964651578
1769696450005
15594257482
22988062415
1769696451005
15630790459
23011193650
1769696452005
15667987571
23035908131
1769696453005
15707013171
23060140185
1769696454005
15744163289
23083008967
1769696455005
15781266716
23106657326
1769696456005
15820466746
23129495317
1769696457005
15857172993
23152527573
1769696458005
15893622814
23175254334
1769696459005
15930198239
23198595076
1769696460005
15966921849
23222055335
1769696461005
16003314056
23245373953
1769696462005
16040295679
23269773616
1769696463005
16077742473
23292606160
1769696464005
16114306683
23315954684
1769696465004
16151222880
23340078421
1769696466005
16187728317
23362918976
1769696467005
16224477591
23385733927
1769696468005
16260910735
23408447948
1769696469005
16297698658
23431523292
1769696470005
16334383498
23454452679
1769696471005
16371274306
23477941928
1769696472005
16410520201
23503382445
1769696473005
16447099669
23527411293
1769696474005
16484054942
23550209965
1769696475005
16521424377
23573380168
1769696476005
16558099208
23596530842
1769696477005
16594911574
23619420008
1769696478005
16631534650
23642112545
1769696479005
16668219963
23665444621
1769696480005
16705179508
23688448116
1769696481005
16742000861
23712036602
1769696482004
16779843722
23736080845
1769696483005
16816908517
23764526869
1769696484005
16854287321
23787709386
1769696485005
16891879737
23810990576
1769696486005
16930064347
23834210582
1769696487005
16969340362
23857668140
1769696488005
17007189936
23880425599
1769696489005
17044501727
23903773070
1769696490005
17081282113
23926772522
1769696491005
17119451739
23950324984
1769696492005
17157836549
23975133180
1769696493005
17194737229
23999348145
1769696494005
17232566114
24022277623
1769696495005
17269624500
24045850882
1769696496005
17306208088
24069246981
1769696497005
17342554856
24092465796
1769696498005
17379007713
24115236653
1769696499005
17415257212
24138913437
1769696500005
17451593056
24162450397
1769696501005
17487711030
24186283546
1769696502005
17524186103
24212365998
1769696503005
17563027616
24236952068
1769696504005
17599483830
24261177943
1769696505005
17636666340
24285556397
1769696506005
17673305925
24308986780
1769696507005
17710004420
24331949475
1769696508005
17746865841
24354870027
1769696509005
17783104202
24378574047
1769696510005
17819587575
24402015920
1769696511005
17855790598
24425685091
1769696512005
17893288994
24450254667
1769696513005
17932094757
24474970048
1769696514005
17969058376
24499076055
1769696515005
18005939495
24523181498
1769696516005
18042642934
24546232461
1769696517005
18079364485
24569155241
1769696518005
18116027018
24592131775
1769696519005
18155043783
24615663288
1769696520006
18191443299
24638920477
1769696521005
18228431803
24662336442
1769696522005
18265733661
24688306977
1769696523005
18301606410
24712418981
1769696524005
18338440702
24735290204
1769696525005
18378910136
24762704634
1769696526005
18413200645
24786292266
1769696527005
18440410648
24809331052
1769696528005
18467758370
24833407703
1769696529005
18495271138
24856647331
1769696530005
18522055443
24879234237
1769696531005
18548630332
24902439900
1769696532005
18580340500
24928282405
1769696533005
18612200211
24954026542
1769696534005
18648491745
24985206692
1769696535005
18686478550
25009302248
1769696536005
18723243586
25032380751
1769696537005
18760361234
25055593311
1769696538005
18797004054
25078609531
1769696539005
18833634682
25103717363
1769696540005
18870278234
25126683476
1769696541005
18907017133
25150043566
1769696542005
18944241694
25175762176
1769696543005
18981047118
25204286946
1769696544005
19018052528
25227550223
1769696545005
19054921014
25250580938
1769696546005
19091391891
25273298956
1769696547005
19128224214
25296075244
1769696548005
19164677957
25318743292
1769696549005
19201587181
25341604765
1769696550005
19240854086
25364461158
1769696551005
19277311856
25387649381
1769696552005
19314896232
25412654390
1769696553005
19351473076
25436654736
1769696554005
19388440494
25459319228
1769696555005
19425789041
25482533817
1769696556005
19462316739
25505160516
1769696557005
19499269723
25527784254
1769696558005
19535782910
25550380910
1769696559005
19572516576
25573516051
1769696560005
19609579860
25596584438
1769696561005
19646151348
25619614070
1769696562005
19683512057
25644694926
1769696563005
19720158095
25668608560
1769696564005
19756831034
25692117614
1769696565005
19793967114
25716088222
1769696566005
19833254862
25738719223
1769696567005
19870238179
25761364506
1769696568005
19906832295
25784004875
1769696569005
19943785798
25807102009
1769696570005
19980628329
25829990977
1769696571005
20017307630
25853259213
1769696572005
20054845224
25877872244
1769696573005
20093956300
25901956082
1769696574005
20130904707
25925385397
1769696575005
20167779188
25949185588
1769696576005
20204362822
25971977195
1769696577005
20241306819
25994694541
1769696578005
20277930459
26017325848
1769696579005
20314581685
26040531603
1769696580005
20351334591
26063533388
1769696581005
20389054244
26086608291
1769696582004
20427868292
26110916650
1769696583005
20464443488
26134810251
1769696584005
20500882384
26158107630
1769696585005
20537645788
26182033471
1769696586005
20574115886
26204707591
1769696587005
20610867648
26227267566
1769696588005
20647449374
26249859675
1769696589005
20684485163
26272563731
1769696590005
20721341152
26295298487
1769696591005
20758305916
26318227111
1769696592005
20795661360
26343319533
1769696593005
20833619404
26365954898
1769696594005
20871088367
26388574120
1769696595005
20908848942
26411652501
1769696596006
20946025440
26434427736
1769696597005
20985328721
26457147707
1769696598005
21022937540
26479728296
1769696599005
21060260744
26502906022
1769696600005
21096998544
26525789299
1769696601005
21134503319
26548761957
1769696602005
21175618227
26576948564
1769696603028
21214519414
26601926642
1769696604005
21242481270
26624847347
1769696605005
21270560171
26647839277
1769696606005
21297961174
26672153586
1769696607005
21325786471
26695703302
1769696608005
21360619066
26725261695
1769696609005
21388195765
26755299219
1769696610005
21415028240
26785456000
1769696611005
21441726398
26815446438
1769696612005
21470376147
26846819038
1769696613005
21504839300
26877263157
1769696614005
21531746584
26907628500
1769696615005
21558584903
26937899792
1769696616005
21585400579
26967828359
1769696617005
21612333313
26997535563
1769696618005
21639540784
27027883908
1769696619005
21676944779
27064351138
1769696620005
21703419301
27094565594
1769696621005
21735313312
27127892881
1769696622005
21773478392
27159984559
1769696623059
21811256330
27181569640
1769696624005
21848593312
27204528688
1769696625005
21885547669
27227293517
1769696626005
21922444626
27250318358
1769696627005
21959372785
27273185035
1769696628005
21997681946
27296184578
1769696629005
22035627448
27319771325
1769696630005
22072026597
27342642350
1769696631005
22098954114
27365725659
1769696632005
22126510321
27392038599
1769696633005
22159768214
27416278541
1769696634005
22187670870
27440917861
1769696635005
22214745413
27464287945
1769696636005
22241506632
27487229950
1769696637005
22269227840
27511231776
1769696638005
22299060297
27536834501
1769696639005
22326514748
27559822402
1769696640005
22353476580
27583008444
1769696641005
22380873403
27607145593
1769696642005
22413989030
27634017662
1769696643005
22449189984
27665603004
1769696644005
22482745408
27696449935
1769696645005
22510477067
27726854200
1769696646005
22537749811
27757478517
1769696647005
22564968268
27787994349
1769696648005
22592317729
27818354870
1769696649005
22619612643
27848966065
1769696650005
22646477129
27879319048
1769696651005
22673653245
27909770629
1769696652005
22703124743
27940504376
1769696653005
22729743255
27971435897
1769696654005
22758044113
28001805390
1769696655005
22785398473
28032017862
1769696656005
22812100354
28062493856
1769696657005
22838763999
28092761623
1769696658005
22865339972
28122976949
1769696659005
22893837460
28154790978
1769696660005
22927516184
28186305415
1769696661006
22953885930
28216722681
1769696662005
22981830987
28247783666
1769696663005
23016035166
28278216800
1769696664005
23044456288
28308616549
1769696665004
23071500865
28338904778
1769696666005
23098095803
28369399844
1769696667005
23124597423
28399741720
1769696668005
23151282994
28430031611
1769696669005
23179097458
28460543568
1769696670005
23205756358
28490810191
1769696671005
23232263196
28521347705
1769696672005
23259678435
28552746777
1769696673005
23287980941
28583020892
1769696674005
23316239612
28613366002
1769696675005
23346904301
28643722526
1769696676005
23377022388
28674264098
1769696677005
23403580752
28704551533
1769696678005
23430205383
28734673389
1769696679005
23457580127
28765365084
1769696680005
23484062873
28795660545
1769696681005
23510528575
28826130100
1769696682005
23537650357
28857477081
1769696683005
23564331228
28888374592
1769696684005
23592562083
28918719016
1769696685005
23620051430
28949696281
1769696686030
23646795958
28979432231
1769696687005
23673413234
29009714402
1769696688005
23699841020
29039951760
1769696689005
23727158944
29070617548
1769696690005
23753659313
29100842379
1769696691005
23786555286
29131437797
1769696692005
23813794417
29162872985
1769696693005
23847813471
29193317684
1769696694005
23875327062
29224223328
1769696695005
23901818917
29254667982
1769696696005
23928609692
29285324416
1769696697005
23955134748
29315855842
1769696698005
23981353623
29346343157
1769696699005
24009144193
29377044496
1769696700005
24035708569
29407544063
1769696701005
24062598460
29438295814
1769696702005
24090208894
29469491558
1769696703005
24117326281
29500090394
1769696704005
24145492290
29530822188
1769696705005
24173066853
29560729592
1769696706006
24200714059
29590939990
1769696707005
24233995693
29621002842
1769696708005
24260637931
29651060858
1769696709005
24287737879
29681540086
1769696710005
24314678151
29711660568
1769696711005
24341217474
29742073546
1769696712005
24368257534
29773304262
1769696713005
24394762160
29803896033
1769696714005
24422193847
29834189358
1769696715005
24450271893
29864324716
1769696716005
24477086928
29894696635
1769696717005
24503789252
29924835473
1769696718005
24530361333
29954876964
1769696719005
24557621459
29985245038
1769696720005
24584853709
30015406915
1769696721005
24611861254
30045817863
1769696722005
24642948940
30076653991
1769696723005
24678902205
30107527319
1769696724005
24707349266
30137841791
1769696725004
24735299435
30167922602
1769696726004
24762345888
30198217453
1769696727005
24789216416
30228431466
1769696728005
24815866313
30258483410
1769696729004
24842838124
30288991964
1769696730004
24870118543
30319089620
1769696731004
24896815801
30349520557
1769696732005
24925493441
30380366831
1769696733006
24952435819
30411017392
1769696734005
24979649851
30441426875
1769696735005
25006898594
30471723832
1769696736005
25034058048
30502080508
1769696737005
25060933123
30532227249
1769696738005
25093997148
30562297532
1769696739005
25121545009
30592574531
1769696740005
25148934431
30622715397
1769696741005
25175675297
30653012888
1769696742005
25205152029
30683611830
1769696743005
25233240664
30713836189
1769696744005
25260746200
30744018756
1769696745005
25289015428
30774150773
1769696746005
25316032891
30804523378
1769696747005
25342820538
30834618624
1769696748005
25369381618
30864705706
1769696749005
25395989022
30895043279
1769696750005
25423331114
30925249908
1769696751005
25450678668
30955703792
1769696752005
25478745424
30986649671
1769696753005
25507773845
31018723269
1769696754005
25541517492
31048969446
1769696755005
25569857762
31079194186
1769696756005
25596750353
31109635956
1769696757005
25623473428
31139791044
1769696758005
25650040765
31169889905
1769696759005
25676561915
31200293545
1769696760005
25703992152
31230603089
1769696761005
25730551188
31260897711
1769696762005
25757921813
31292077144
1769696763005
25786558988
31322297093
1769696764005
25813536139
31352691822
1769696765005
25840613673
31383150483
1769696766005
25867753947
31413276427
1769696767005
25894338189
31443511772
1769696768005
25920782943
31473631521
1769696769005
25951108630
31504023977
1769696770005
25980612048
31534289884
1769696771004
26007625483
31564700908
1769696772005
26036280190
31595678860
1769696773005
26064175369
31625925785
1769696774005
26091693858
31656062349
1769696775005
26119206504
31686284373
1769696776005
26146441943
31716626813
1769696777005
26173114742
31746805688
1769696778005
26199525944
31776963125
1769696779005
26225959467
31807319114
1769696780005
26252662432
31837575194
1769696781005
26279724113
31867882907
1769696782005
26306980805
31899144917
1769696783005
26339816296
31929815343
1769696784005
26367691182
31959910252
1769696785005
26401931370
31990190165
1769696786005
26429345083
32020422397
1769696787005
26456605422
32050783147
1769696788005
26483159973
32080926318
1769696789005
26510017959
32111167826
1769696790005
26536772740
32141408328
1769696791005
26563619007
32171803774
1769696792005
26591390124
32202972756
1769696793005
26619324852
32233226929
1769696794005
26645996293
32263563342
1769696795005
26672689096
32294064862
1769696796005
26699787075
32324165677
1769696797005
26726621671
32354556790
1769696798005
26753127029
32384637266
1769696799005
26780454870
32414788477
1769696800005
26807565987
32444980123
1769696801005
26840699954
32475348807
1769696802005
26867948103
32506532192
1769696803006
26896303188
32536710776
1769696804005
26923766276
32566858311
1769696805005
26951456739
32597134836
1769696806005
26978652750
32627233667
1769696807005
27005663774
32657553785
1769696808005
27032230607
32687691768
1769696809005
27058790955
32718088069
1769696810005
27085480142
32748377107
1769696811005
27112503616
32778722553
1769696812005
27140014614
32809924751
1769696813005
27167144239
32842453159
1769696814005
27194927851
32872773658
1769696815005
27222410713
32902981507
1769696816005
27252872486
32933117568
1769696817005
27282525128
32963585276
1769696818005
27308911596
32993763861
1769696819005
27335480397
33024225512
1769696820005
27362132080
33054829932
1769696821005
27388801523
33085262898
1769696822005
27416169873
33116351531
1769696823005
27443540742
33147185828
1769696824005
27471009887
33177414733
1769696825005
27498733276
33207708165
1769696826004
27525286576
33237864198
1769696827004
27552759139
33268303908
1769696828004
27579057095
33298475657
1769696829005
27605587065
33328978276
1769696830004
27632173367
33359254756
1769696831004
27658835257
33389524126
1769696832004
27694375045
33420191302
1769696833005
27722487818
33450405529
1769696834004
27748914537
33480903906
1769696835005
27775748095
33511380968
1769696836005
27802393140
33541457461
1769696837005
27830288274
33571758537
1769696838005
27856691236
33601931384
1769696839004
27883830915
33632123411
1769696840004
27910545323
33662491516
1769696841004
27936977733
33692904951
1769696842005
27965472475
33723920422
1769696843005
27998278518
33754614437
1769696844005
28026033339
33784827428
1769696845005
28053813457
33815150750
1769696846005
28080277055
33845291236
1769696847005
28108295991
33875765856
1769696848005
28140939948
33905830448
1769696849005
28168188402
33935966570
1769696850005
28194829114
33966166378
1769696851005
28221578188
33996628594
1769696852005
28249246985
34028075149
1769696853005
28276120534
34058791196
1769696854005
28304290174
34088921657
1769696855005
28331575765
34119075341
1769696856005
28358412375
34149380429
1769696857005
28385968521
34179677919
1769696858005
28412491381
34209855192
1769696859004
28439185725
34240309183
1769696860005
28465723857
34270921232
1769696861005
28493314593
34301302199
1769696862005
28522970531
34331888752
1769696863005
28553550751
34362493722
1769696864005
28584002592
34392697909
1769696865005
28611408752
34422768803
1769696866005
28638303037
34452972593
1769696867005
28665687851
34483306855
1769696868005
28692276442
34513437484
1769696869005
28719263053
34543974128
1769696870005
28745931122
34574212356
1769696871005
28772887965
34604681667
1769696872005
28801298819
34635648266
1769696873005
28834095615
34666415382
1769696874005
28861969982
34696670928
1769696875005
28889357574
34726917808
1769696876005
28916251095
34757230373
1769696877004
28943557758
34787735829
1769696878005
28970028725
34817914033
1769696879005
29003194094
34848292985
1769696880005
29029849042
34878438963
1769696881005
29056663024
34908878277
1769696882005
29084356446
34940070969
1769696883005
29112559211
34970434969
1769696884005
29139874220
35000669199
1769696885005
29167680476
35030877384
1769696886005
29194749724
35061048248
1769696887005
29221779363
35091429597
1769696888005
29249023407
35121570738
1769696889005
29275939754
35152050775
1769696890005
29302567970
35182250660
1769696891005
29329305037
35212825922
1769696892005
29357502996
35243839226
1769696893005
29384771834
35274594685
1769696894005
29412737078
35304797225
1769696895005
29445444950
35335079914
1769696896005
29472180155
35365336803
1769696897004
29498936584
35395772454
1769696898005
29525827298
35425952733
1769696899004
29552795829
35456323431
1769696900006
29579335319
35486568174
1769696901005
29606449396
35516981381
1769696902005
29634483300
35548038719
1769696903005
29667615056
35578887878
1769696904005
29695517162
35609055202
1769696905005
29723111148
35639361588
1769696906005
29749941563
35669570658
1769696907005
29776922406
35700035162
1769696908005
29804243122
35730311703
1769696909005
29831341864
35760569721
1769696910005
29862375049
35790830485
1769696911005
29891842168
35821234400
1769696912005
29920102792
35852188945
1769696913005
29947414963
35882762590
1769696914005
29974982781
35912856630
1769696915005
30002525714
35942969880
1769696916005
30029520076
35973142575
1769696917005
30056564515
36003551585
1769696918005
30083617224
36033591002
1769696919005
30110643002
36063846090
1769696920005
30137403337
36093935873
1769696921005
30164243761
36124354359
1769696922005
30191092516
36155463239
1769696923005
30217913898
36186097001
1769696924005
30245919347
36216171220
1769696925005
30272760305
36246379924
1769696926005
30306059547
36276663835
1769696927005
30332860377
36306973715
1769696928005
30359363584
36337250805
1769696929005
30385916257
36367621777
1769696930005
30412430755
36397715177
1769696931005
30439498371
36428071975
1769696932004
30468987004
36458507946
1769696933004
30503262896
36488930781
1769696934005
30530348073
36519543578
1769696935005
30556864173
36549807592
1769696936005
30583759160
36580112772
1769696937005
30611752555
36610348406
1769696938004
30638750365
36640430881
1769696939004
30665293625
36670868501
1769696940005
30691832474
36701078379
1769696941005
30719848878
36731629717
1769696942005
30753223816
36762672881
1769696943005
30781600476
36792906974
1769696944005
30809672206
36823040853
1769696945005
30837074765
36853180484
1769696946005
30864041373
36883464013
1769696947005
30890938373
36913857247
1769696948005
30917516253
36943959038
1769696949005
30944639667
36974365516
1769696950005
30971670465
37004511250
1769696951005
30998664980
37034914234
1769696952005
31026919195
37065853933
1769696953005
31054959234
37095944296
1769696954005
31082892298
37126058263
1769696955005
31110301892
37156209216
1769696956005
31136711750
37186357589
1769696957005
31168256384
37216871529
1769696958005
31196935870
37246982979
1769696959004
31224113221
37277369194
1769696960004
31250773387
37307566958
1769696961005
31277466083
37337946735
1769696962005
31305088556
37369190969
1769696963005
31338108424
37400052913
1769696964005
31366401792
37430397490
1769696965005
31393765611
37460694034
1769696966005
31420202735
37491010780
1769696967005
31447578319
37521648844
1769696968005
31474052627
37551926941
1769696969005
31501131488
37582498129
1769696970005
31527573602
37612806605
1769696971005
31554289063
37643314488
1769696972005
31582762429
37674713789
1769696973005
31615885136
37705628465
1769696974005
31644048047
37735972263
1769696975005
31671591636
37766320654
1769696976005
31698182775
37796579801
1769696977005
31725499584
37827311396
1769696978005
31752092890
37857575349
1769696979005
31779445403
37888150428
1769696980005
31806328687
37918511941
1769696981005
31833407700
37948923714
1769696982005
31862099027
37980061248
1769696983005
31888617797
38010911994
1769696984005
31916466744
38041309607
1769696985004
31943668142
38071674934
1769696986004
31969997896
38102029016
1769696987004
31997108387
38132706873
1769696988005
32024640212
38163139458
1769696989004
32057089217
38193729245
1769696990005
32083750604
38223954779
1769696991005
32110618691
38254530971
1769696992005
32137939956
38285976733
1769696993005
32170866338
38316824213
1769696994005
32198437575
38347505152
1769696995005
32225186481
38378018879
1769696996005
32251855604
38408257030
1769696997005
32278997404
38438872070
1769696998005
32305604152
38469275481
1769696999005
32332511131
38499973433
1769697000005
32359543959
38530257755
1769697001005
32386235694
38560773878
1769697002005
32415298567
38591802455
1769697003005
32442559227
38622444608
1769697004006
32474381282
38653131177
1769697005005
32503133274
38683691456
1769697006005
32529994250
38713973581
1769697007005
32557220946
38744413383
1769697008005
32584127346
38774865574
1769697009005
32610819096
38805413356
1769697010005
32638078688
38835720550
1769697011005
32665063727
38866360751
1769697012005
32694120803
38897567434
1769697013005
32725314090
38924932978
1769697014005
32762371683
38947990044
1769697015005
32799401918
38971257044
1769697016005
32836110240
38993686945
1769697017005
32873158266
39016527332
1769697018005
32910156002
39039285615
1769697019005
32947104500
39062419993
1769697020005
32987823189
39085141444
1769697021005
33024881362
39108073943
1769697022005
33062237905
39133501477
1769697023005
33101801884
39157759118
1769697024005
33139522909
39180753717
1769697025005
33176920908
39203385695
1769697026005
33214629499
39226069764
1769697027005
33251834499
39249148343
1769697028005
33288864887
39272308705
1769697029005
33325617045
39295578361
1769697030005
33362852058
39318454924
1769697031005
33399243136
39341586953
1769697032005
33437900316
39365829672
1769697033005
33477006448
39389751713
1769697034005
33515057673
39412514300
1769697035005
33553585664
39435300551
1769697036005
33592856613
39458151405
1769697037005
33630031356
39481206243
1769697038005
33667099508
39504142984
1769697039005
33704583928
39527439814
1769697040005
33742092715
39550266560
1769697041005
33779749322
39573126248
1769697042005
33817470119
39598178618
1769697043005
33855034140
39620937420
1769697044005
33892550938
39643672267
1769697045005
33929748752
39666771491
1769697046005
33966986251
39689424250
1769697047005
34004470778
39712414226
1769697048005
34041992230
39735398526
1769697049005
34078283886
39758664489
1769697050005
34114379218
39781768641
1769697051005
34153325156
39813261916
1769697052005
34184256403
39838912018
1769697053005
34218815086
39861755151
1769697054005
34247692758
39885920070
1769697055005
34275268969
39908937541
1769697056005
34301809329
39931518328
1769697057005
34330549725
39955147080
1769697058005
34364381258
39986002586
1769697059005
34391492085
40016851684
1769697060005
34418626530
40047409948
1769697061005
34445851929
40077751687
1769697062005
34476185840
40108575593
1769697063005
34504513141
40139061108
1769697064005
34532299973
40169411589
1769697065005
34560107541
40199745073
1769697066005
34587494995
40229924786
1769697067005
34621140044
40260236207
1769697068005
34648591627
40290636307
1769697069005
34675749387
40321260288
1769697070005
34702465535
40351541712
1769697071005
34729601430
40381976600
1769697072005
34756903089
40413139982
1769697073005
34785226728
40443259915
1769697074005
34812988430
40473479559
1769697075005
34840466501
40503720014
1769697076006
34867708363
40533879816
1769697077005
34894348709
40564102786
1769697078005
34921178880
40594531495
1769697079005
34947879220
40625092537
1769697080005
34974875993
40656286618
1769697081005
35002065139
40686684185
1769697082005
35031579695
40717582291
1769697083005
35063780254
40750078063
1769697084005
35091908347
40780591606
1769697085005
35119346701
40810834045
1769697086005
35146339965
40841008449
1769697087005
35173073522
40871308274
1769697088005
35199784986
40901715011
1769697089005
35226702752
40932410629
1769697090005
35253803417
41014219127
1769697092662
35310779947
41024961155
1769697093005
35339123834
41055201916
1769697094005
35366869744
41085573286
1769697095005
35393679454
41116057336
1769697096005
35420341679
41146417216
1769697097005
35446920154
41176688767
1769697098005
35478443884
41207255210
1769697099005
35507181610
41237995152
1769697100005
35533822368
41268337104
1769697101005
35560648571
41298900678
1769697102005
35590014896
41329648814
1769697103005
35617796526
41360068780
1769697104005
35645536043
41390495948
1769697105005
35672608907
41420783795
1769697106005
35699366495
41451319005
1769697107005
35725803178
41481546689
1769697108005
35752700239
41511945126
1769697109005
35779449695
41542616514
1769697110004
35805878367
41572908221
1769697111005
35832529104
41603785393
1769697112005
35862960239
41634657820
1769697113005
35895666677
41665793417
1769697114005
35930073299
41696549319
1769697115005
35957407014
41727178030
1769697116005
35984318587
41758050136
1769697117005
36011729797
41787711551
1769697118005
36038630628
41817944103
1769697119005
36066498999
41847944733
1769697120005
36093764602
41878504295
1769697121005
36120912170
41908591866
1769697122005
36149640863
41939395326
1769697123005
36176772623
41969695319
1769697124005
36205363781
42000007075
1769697125005
36239787583
42032122938
1769697126005
36272731558
42055462139
1769697127005
36300519108
42079743461
1769697128005
36337820142
42109920062
1769697129005
36375983177
42133500278
1769697130005
36412239801
42158738445
1769697131005
36439102746
42189337448
1769697132005
36467580521
42220886506
1769697133005
36496552152
42251306534
1769697134005
36523558736
42281903782
1769697135005
36550465273
42312401488
1769697136005
36577257405
42342596811
1769697137005
36604575588
42373151017
1769697138005
36631893771
42403763051
1769697139005
36659020191
42434460850
1769697140004
36685815863
42465470110
1769697141004
36712941322
42495976162
1769697142005
36742194951
42526952557
1769697143005
36776689658
42557210193
1769697144005
36804736303
42587534690
1769697145005
36837420617
42617762878
1769697146005
36865299379
42647949641
1769697147005
36892545528
42678168599
1769697148005
36919598313
42708646530
1769697149005
36946658758
42739200995
1769697150005
36973216329
42769372195
1769697151005
36999878738
42799836562
1769697152005
37028407536
42830953483
1769697153005
37055188729
42861627800
1769697154005
37083134061
42891895766
1769697155005
37110795899
42922101784
1769697156005
37137507363
42952342988
1769697157005
37165093751
42982685504
1769697158005
37191776499
43013084109
1769697159005
37218715413
43043680885
1769697160005
37245191552
43073863040
1769697161005
37278201060
43104447610
1769697162005
37305788058
43135832110
1769697163005
37332505534
43166565186
1769697164005
37360501538
43196880146
1769697165005
37387857560
43227046387
1769697166005
37414415025
43257247111
1769697167005
37441664607
43287596906
1769697168005
37468534952
43318062860
1769697169005
37495516986
43348572177
1769697170005
37522013128
43378763959
1769697171005
37548567770
43409217188
1769697172005
37576339970
43440552115
1769697173005
37609024376
43471326632
1769697174005
37637380087
43501696155
1769697175005
37664578723
43531890531
1769697176005
37692683410
43562178668
1769697177005
37724609661
43592533208
1769697178005
37751397689
43622851388
1769697179005
37778269819
43653424835
1769697180005
37804823301
43683796524
1769697181005
37831332963
43714446383
1769697182005
37859037859
43746054184
1769697183005
37886059564
43777095883
1769697184005
37914051143
43807809597
1769697185005
37941324238
43838225397
1769697186005
37968041988
43868511398
1769697187005
37995388657
43898361142
1769697188005
38023261895
43928830987
1769697189006
38051099368
43959092880
1769697190005
38078110423
43989157243
1769697191005
38104723686
44019627744
1769697192005
38137688366
44050634579
1769697193005
38165811500
44081401252
1769697194005
38193500650
44111698148
1769697195005
38220729253
44141914190
1769697196005
38247196771
44172167616
1769697197005
38273704403
44202351327
1769697198005
38300588297
44232535481
1769697199005
38327930374
44263363461
1769697200005
38354334587
44293611653
1769697201005
38381018754
44324049593
1769697202005
38408964544
44355074966
1769697203005
38437924609
44387147922
1769697204005
38466068128
44417692714
1769697205005
38493599266
44447913991
1769697206005
38520108683
44478190044
1769697207005
38546769582
44508490814
1769697208005
38580102697
44538782735
1769697209005
38607187584
44569564728
1769697210005
38633730157
44599879734
1769697211005
38660580835
44630151820
1769697212005
38688557095
44661278079
1769697213005
38715657378
44692021026
1769697214005
38743521186
44722409469
1769697215005
38770902110
44752674811
1769697216005
38797311099
44782848040
1769697217005
38823900269
44813107019
1769697218005
38850788558
44843294530
1769697219005
38878315317
44874081847
1769697220005
38904931968
44904384983
1769697221005
38931624053
44934793826
1769697222005
38958768508
44966024038
1769697223005
38988049587
44996778688
1769697224005
39020009833
45027055321
1769697225005
39047588958
45057374843
1769697226005
39074295111
45087600468
1769697227005
39100888203
45117821669
1769697228005
39128045185
45148049155
1769697229005
39155640438
45178865646
1769697230005
39182232111
45209198397
1769697231005
39208694014
45239643616
1769697232005
39235889492
45270757287
1769697233005
39269144807
45301431085
1769697234005
39296930006
45331599508
1769697235005
39324605531
45361896632
1769697236004
39351209914
45392283381
1769697237005
39377780576
45422644085
1769697238005
39404591904
45452847815
1769697239005
39437523596
45483486947
1769697240005
39465007343
45513843623
1769697241004
39491620194
45544356068
1769697242005
39520548431
45575051410
1769697243005
39547446637
45605800660
1769697244005
39575707444
45636048943
1769697245005
39603630484
45666487371
1769697246005
39630556292
45696796991
1769697247005
39657294961
45727037233
1769697248005
39683780377
45757238278
1769697249005
39711273798
45788024207
1769697250006
39737949313
45818340709
1769697251005
39764557831
45848877261
1769697252005
39792461554
45880232177
1769697253005
39820478294
45910559908
1769697254005
39848770608
45940800700
1769697255005
39882732429
45971158657
1769697256005
39909404680
46001462632
1769697257005
39935932498
46031700982
1769697258005
39962375039
46061878285
1769697259005
39990008391
46092507637
1769697260005
40016882444
46122831493
1769697261005
40043613987
46153356800
1769697262005
40070910793
46184636662
1769697263005
40104777862
46214949410
1769697264005
40132378378
46245533094
1769697265005
40159137920
46276102467
1769697266005
40185704753
46306364451
1769697267005
40212565592
46336634676
1769697268005
40239061170
46366820523
1769697269005
40266807492
46397479780
1769697270005
40296856521
46428057743
1769697271005
40327089149
46458577100
1769697272005
40355605268
46489553281
1769697273005
40382390977
46520336922
1769697274005
40410584664
46550548158
1769697275005
40438331031
46580933046
1769697276005
40464893928
46611280690
1769697277005
40491680110
46641607445
1769697278005
40518225215
46671829148
1769697279005
40545776403
46702546447
1769697280005
40572536692
46732929214
1769697281005
40599190831
46763484595
1769697282005
40626935368
46794532077
1769697283005
40653587996
46825227404
1769697284005
40681392558
46855652436
1769697285005
40709320222
46886064850
1769697286004
40742235557
46916331091
1769697287004
40769494493
46946682625
1769697288005
40796070023
46976992246
1769697289005
40823480456
47007676572
1769697290004
40850318866
47038005463
1769697291005
40877069710
47068445753
1769697292005
40904745174
47099773784
1769697293005
40938712091
47130197320
1769697294005
40967093115
47160512647
1769697295004
40994586002
47190828416
1769697296005
41021138584
47221047129
1769697297005
41048023973
47251390272
1769697298005
41074573931
47281545008
1769697299005
41101965123
47312161100
1769697300005
41129353401
47342435093
1769697301005
41156110028
47372885758
1769697302005
41190352520
47404026925
1769697303005
41218733941
47434214939
1769697304005
41245640630
47464735730
1769697305005
41273205123
47495359115
1769697306005
41300531713
47525679340
1769697307006
41327525846
47555906689
1769697308005
41354219717
47586102805
1769697309005
41381339408
47616695797
1769697310005
41408773399
47647018738
1769697311005
41435413211
47677468014
1769697312005
41462859118
47708790781
1769697313005
41491052973
47738910882
1769697314005
41518554862
47769069143
1769697315005
41546661898
47799381219
1769697316005
41573500476
47829640626
1769697317005
41603208733
47859875634
1769697318005
41632978677
47890081958
1769697319005
41659745085
47920720754
1769697320005
41687326636
47951048883
1769697321005
41713835214
47981455773
1769697322005
41741290795
48013224866
1769697323005
41774023217
48043977549
1769697324005
41801968412
48074244614
1769697325005
41829993681
48104500633
1769697326005
41856726185
48134655949
1769697327005
41883425809
48164821122
1769697328005
41909932510
48195021785
1769697329005
41936822309
48225714641
1769697330005
41963752419
48255945652
1769697331005
41990559276
48286525949
1769697332005
42018040917
48317733655
1769697333005
42052757109
48347961203
1769697334005
42081072539
48378219907
1769697335005
42109114272
48408606885
1769697336005
42136091178
48438992490
1769697337005
42162969824
48469252095
1769697338005
42189761422
48499484296
1769697339005
42216957785
48530118546
1769697340005
42244280148
48560412084
1769697341005
42271432034
48590829853
1769697342005
42304657183
48621578614
1769697343005
42331277160
48652459448
1769697344005
42358650088
48682777765
1769697345005
42386692141
48713023241
1769697346005
42413765494
48743428742
1769697347005
42440346562
48773788119
1769697348005
42467112451
48804153065
1769697349005
42500702770
48834628417
1769697350005
42527599557
48864883078
1769697351005
42554339065
48895409744
1769697352005
42582875751
48926451260
1769697353005
42617296090
48956766663
1769697354005
42645001567
48987049627
1769697355005
42672607759
49017235826
1769697356004
42699598627
49047558705
1769697357004
42726171380
49077837321
1769697358005
42752607696
49108032827
1769697359004
42780281299
49138498476
1769697360005
42806694072
49168708095
1769697361004
42834040512
49199279176
1769697362005
42862365036
49230310653
1769697363005
42889032114
49261051144
1769697364005
42919260684
49291703306
1769697365005
42949042957
49322175393
1769697366005
42976276824
49352590340
1769697367005
43002964088
49382917141
1769697368005
43029542410
49413201051
1769697369005
43056442356
49443980526
1769697370005
43083022891
49474187552
1769697371005
43109894273
49504992401
1769697372005
43137784036
49536205646
1769697373005
43164254972
49567048915
1769697374005
43191818641
49597432338
1769697375005
43219005131
49627733871
1769697376005
43245834158
49658282463
1769697377005
43272533308
49688610072
1769697378005
43298852275
49718887834
1769697379005
43326272823
49749447883
1769697380004
43359331035
49779838554
1769697381004
43386050249
49810790613
1769697382005
43414382967
49842081658
1769697383005
43447105594
49873020945
1769697384005
43474860201
49903460182
1769697385005
43502083388
49933736449
1769697386004
43528758598
49964471309
1769697387005
43555176299
49994894190
1769697388005
43581606985
50025191573
1769697389005
43608497806
50055892470
1769697390005
43635062091
50086346461
1769697391005
43661953355
50117175845
1769697392005
43689098786
50148576092
1769697393005
43715892399
50179415318
1769697394005
43743535485
50209772802
1769697395005
43771327383
50240132469
1769697396005
43804288905
50270706281
1769697397004
43831011751
50301036637
1769697398004
43857409159
50331275216
1769697399004
43884130082
50361974083
1769697400005
43911139000
50392398047
1769697401005
43937814226
50423264661
1769697402005
43965170599
50454502013
1769697403005
43995683090
50482260252
1769697404005
44022990562
50512591691
1769697405005
44050548905
50542972200
1769697406004
44077164930
50573590383
1769697407005
44103542136
50603965353
1769697408004
44130090156
50634346518
1769697409005
44156596827
50664937801
1769697410005
44183455316
50695460408
1769697411006
44214066999
50726072259
1769697412005
44244328847
50757457095
1769697413005
44273600801
50788874415
1769697414005
44300923622
50819306832
1769697415005
44328380927
50849685647
1769697416005
44355317492
50880109916
1769697417005
44382042764
50910500541
1769697418005
44408310234
50940776167
1769697419005
44434804119
50971392839
1769697420005
44461670787
51001961296
1769697421005
44488679537
51032273403
1769697422005
44517175103
51063314401
1769697423005
44545460414
51093526675
1769697424004
44573088456
51123807732
1769697425005
44601680575
51153398380
1769697426005
44628330701
51183778905
1769697427005
44662107595
51214277037
1769697428005
44688788894
51244623170
1769697429005
44715801916
51275287142
1769697430005
44742718890
51305748198
1769697431005
44769286592
51336277579
1769697432005
44797225730
51367560584
1769697433005
44824052345
51398385894
1769697434005
44851992352
51428880182
1769697435005
44879499048
51459345846
1769697436004
44906171771
51489725378
1769697437004
44933458324
51520401175
1769697438005
44960031901
51550735880
1769697439004
44987293507
51581457496
1769697440005
45014301189
51612032316
1769697441005
45040868937
51642576726
1769697442005
45068940850
51674055247
1769697443005
45102550699
51706681108
1769697444005
45130586466
51737188090
1769697445005
45158421498
51767579677
1769697446005
45185011065
51797916670
1769697447005
45212261487
51828607649
1769697448005
45238974980
51858951050
1769697449005
45266336693
51889331101
1769697450005
45293197456
51919957340
1769697451005
45319795171
51950558556
1769697452005
45348805619
51982008209
1769697453005
45375652619
52012882436
1769697454005
45402441715
52043668594
1769697455005
45429125790
52074271992
1769697456005
45455776268
52104596321
1769697457005
45482856288
52135291251
1769697458005
45512527697
52165622538
1769697459005
45543222933
52196090277
1769697460005
45570184322
52226812306
1769697461005
45597894391
52256328083
1769697462004
45626217603
52287855047
1769697463005
45652756422
52318801933
1769697464005
45680286126
52349283084
1769697465005
45707556658
52379663974
1769697466005
45734190733
52410006537
1769697467005
45761445641
52440705328
1769697468005
45788321357
52470807027
1769697469005
45815381969
52501370327
1769697470005
45842628057
52531855262
1769697471005
45869219532
52562382904
1769697472005
45896798977
52593903383
1769697473005
45930978652
52624318116
1769697474005
45964766074
52654819987
1769697475005
45991891350
52685176816
1769697476005
46018370815
52715635201
1769697477005
46045571511
52746502868
1769697478005
46071878088
52776952785
1769697479005
46098978799
52807448798
1769697480005
46126008956
52837656891
1769697481005
46152700676
52868230932
1769697482004
46181756836
52899372175
1769697483005
46209063499
52930106578
1769697484005
46236350723
52960688340
1769697485005
46264119078
52990895762
1769697486005
46291430104
53020611419
1769697487005
46319040661
53050977524
1769697488005
46346272498
53080848325
1769697489005
46373385033
53111386662
1769697490005
46407410404
53141129173
1769697491006
46434479256
53171984954
1769697492005
46465451775
53201048606
1769697493005
46493676328
53231200061
1769697494005
46520952140
53261585911
1769697495005
46547797965
53291587701
1769697496005
46583058226
53315679228
1769697497005
46620026621
53338528297
1769697498005
46654746719
53362723640
1769697499005
46692456637
53385410165
1769697500005
46730238069
53408514256
1769697501005
46768125484
53432605906
1769697502005
46805830840
53457534487
1769697503005
46843361721
53485840122
1769697504005
46880788099
53509101248
1769697505005
46919461133
53531895662
1769697506005
46957810010
53554613573
1769697507005
46995425497
53577720700
1769697508005
47032986634
53600645662
1769697509005
47069891601
53623914051
1769697510005
47106874613
53647064206
1769697511005
47143740947
53670169868
1769697512005
47181042820
53695793391
1769697513005
47218884689
53720341025
1769697514005
47256217003
53744020450
1769697515005
47292698453
53767524926
1769697516005
47329040171
53790291586
1769697517005
47368143206
53816271520
1769697518006
47403039411
53841462661
1769697519005
47429855148
53864817639
1769697520006
47457477926
53889738759
1769697521005
47491138676
53912785099
1769697522005
47519678475
53939090653
1769697523005
47554191476
53970483714
1769697524005
47582505503
54001005115
1769697525005
47610643498
54031346381
1769697526005
47637493031
54061634929
1769697527005
47665637358
54091927598
1769697528005
47694557722
54122402463
1769697529004
47721885075
54152773054
1769697530005
47749078920
54183077151
1769697531005
47776744786
54213445301
1769697532005
47806206001
54244474473
1769697533005
47840967860
54275051978
1769697534005
47868405940
54305789814
1769697535005
47895014747
54336174046
1769697536005
47921810969
54366226004
1769697537005
47955011294
54396466079
1769697538005
47981583482
54426729528
1769697539005
48008668690
54457421194
1769697540005
48035826939
54487762032
1769697541005
48062830684
54517952090
1769697542005
48091482706
54548854393
1769697543005
48119633823
54579245109
1769697544004
48148396541
54609550167
1769697545005
48175693942
54639759802
1769697546005
48202260684
54669955796
1769697547005
48229121721
54700149257
1769697548005
48255793331
54730327201
1769697549005
48283305855
54760896192
1769697550005
48310575959
54791108924
1769697551005
48337323127
54821445368
1769697552005
48368751662
54852340071
1769697553005
48400095469
54882439085
1769697554005
48429040063
54912754168
1769697555005
48456486291
54942848116
1769697556005
48485216983
54973165854
1769697557005
48513193579
55003494333
1769697558005
48539768269
55033656882
1769697559005
48567304657
55064365453
1769697560005
48594435486
55094640834
1769697561005
48621488408
55125872831
1769697562005
48649463311
55156929422
1769697563005
48683499011
55187794449
1769697564005
48712088581
55218279689
1769697565005
48739351957
55248567414
1769697566005
48766158860
55278679611
1769697567005
48793268969
55308815152
1769697568005
48826403425
55338897886
1769697569005
48854092972
55369479099
1769697570005
48881180545
55399701276
1769697571005
48907941688
55430036178
1769697572005
48937129510
55460740874
1769697573005
48964595314
55491474667
1769697574005
48991837267
55522357652
1769697575005
49018536692
55552849804
1769697576005
49045201100
55583180099
1769697577005
49072184736
55613556168
1769697578005
49098959886
55643863911
1769697579005
49126511684
55674808173
1769697580005
49153614698
55705354780
1769697581005
49180598609
55735970430
1769697582005
49209887988
55766158185
1769697583005
49237369476
55796404164
1769697584005
49271537128
55826676677
1769697585005
49298747543
55857481389
1769697586005
49326028801
55886939201
1769697587005
49352857278
55916844789
1769697588005
49380257931
55946275015
1769697589005
49408176470
55977092467
1769697590005
49445100601
56006375560
1769697591005
49474259005
56030448350
1769697592004
49503465212
56055616589
1769697593005
49538910737
56082556389
1769697594005
49568062137
56107521498
1769697595005
49595824755
56130487443
1769697596005
49623364865
56154865546
1769697597005
49650603447
56177731154
1769697598005
49677423379
56200226756
1769697599005
49707690460
56223453842
1769697600005
49737439029
56246500105
1769697601005
49764828298
56269441072
1769697602005
49794348668
56293013553
1769697603005
49820993118
56316747952
1769697604005
49848537837
56339237679
1769697605005
49876019478
56362344379
1769697606005
49902675753
56385075198
1769697607005
49929213413
56407751287
1769697608005
49955528611
56430368236
1769697609005
49982602330
56453158317
1769697610005
50008998182
56476289399
1769697611005
50035834883
56499480476
1769697612005
50064045460
56523961754
1769697613006
50091164083
56548016555
1769697614005
50117507554
56571474555
1769697615005
50150547517
56594769692
1769697616005
50177102830
56617554341
1769697617005
50203669251
56640233054
1769697618005
50229995725
56662944450
1769697619005
50256464373
56686116469
1769697620005
50283282612
56708876873
1769697621005
50310973547
56734978047
1769697622005
50338907909
56759521731
1769697623005
50365951646
56787623320
1769697624005
50392657143
56810983059
1769697625005
50419859823
56834131428
1769697626005
50446484377
56856669020
1769697627005
50473343202
56879275791
1769697628005
50499976895
56901803054
1769697629005
50526656195
56924841581
1769697630005
50554283840
56947538787
1769697631005
50587541840
56970885235
1769697632005
50614875113
56995884797
1769697633005
50643196036
57018311158
1769697634005
50670806608
57040748383
1769697635005
50699473048
57063323006
1769697636005
50726575025
57085848467
1769697637005
50753394881
57108369306
1769697638005
50779857990
57130811993
1769697639005
50806911828
57153972462
1769697640005
50834015331
57176594919
1769697641005
50860952582
57199859707
1769697642005
50889320591
57223860037
1769697643005
50916322658
57247592544
1769697644005
50943082810
57270891251
1769697645005
50970130941
57293990871
1769697646005
51000511771
57316497901
1769697647005
51030005439
57339130001
1769697648005
51056683427
57361559612
1769697649005
51083301908
57384567547
1769697650005
51110211176
57407387228
1769697651005
51136911669
57430459339
1769697652005
51163908854
57455664746
1769697653005
51190920000
57483945296
1769697654005
51218274603
57506991864
1769697655005
51245574659
57529664840
1769697656005
51277108047
57553933742
1769697657005
51304906735
57577533077
1769697658006
51333421282
57601005511
1769697659005
51359770414
57624195474
1769697660005
51386238420
57647195292
1769697661005
51413274040
57670805445
1769697662005
51446618767
57696251669
1769697663005
51473311432
57720418922
1769697664005
51500533947
57743236193
1769697665005
51527568514
57766576966
1769697666005
51554017952
57789733300
1769697667005
51580573341
57812650206
1769697668005
51606809030
57835347747
1769697669005
51633196383
57858785302
1769697670005
51659329843
57881523124
1769697671005
51686094328
57905087580
1769697672005
51712969509
57930548543
1769697673005
51741159244
57953511574
1769697674005
51768143063
57976399031
1769697675005
51795297573
57999158139
1769697676005
51821976796
58021961342
1769697677005
51848719569
58044946863
1769697678005
51881469554
58067641307
1769697679005
51908366112
58090770299
1769697680005
51935063905
58113514392
1769697681005
51962518784
58136639570
1769697682005
51996999865
58163163955
1769697683005
52033213950
58190988703
1769697684005
52063055226
58216637645
1769697685005
52106124638
58251652726
1769697686005
52144088434
58282902254
1769697687005
52177016038
58310752697
1769697688005
52203809848
58334114266
1769697689005
52231232609
58357630064
1769697690005
52258517652
58380786276
1769697691005
52286564816
58404478670
1769697692005
52314574811
58430236813
1769697693005
52347388925
58453913293
1769697694005
52382396316
58480453195
1769697695005
52421699108
58511974789
1769697696005
52460807727
58542773108
1769697697005
52499603252
58573679896
1769697698010
52536994065
58604009656
1769697699005
52573511829
58634620226
1769697700005
52610556438
58665242711
1769697701005
52647543340
58696020203
1769697702005
52685051471
58726962801
1769697703005
52722190298
58757314823
1769697704005
52759196349
58787560162
1769697705005
52796251470
58818307198
1769697706004
52832726421
58848841355
1769697707005
52869285092
58879188541
1769697708005
52905975914
58909546422
1769697709005
52945492074
58940028550
1769697710004
52982531311
58970581184
1769697711005
53019819697
59001191372
1769697712005
53057717380
59031911432
1769697713005
53095289976
59063944093
1769697714005
53132873008
59094264592
1769697715005
53175618219
59197234425
1769697718331
53817515718
59648284891
1769697733005
53855019211
59678730719
1769697734005
53892195099
59709336955
1769697735005
53928900995
59739896486
1769697736005
53965831565
59770452066
1769697737005
54002599927
59801058042
1769697738005
54039172514
59831401428
1769697739005
54075798595
59862004750
1769697740005
54113971105
59892403217
1769697741005
54152093829
59923628028
1769697742005
54189017441
59955353514
1769697743005
54226746035
59987503783
1769697744005
54263662980
60018366323
1769697745005
54300722144
60049070164
1769697746005
54337986178
60079869414
1769697747005
54375092062
60110715734
1769697748005
54412050585
60141229659
1769697749005
54449390252
60172153704
1769697750005
54487079297
60202843096
1769697751005
54525194026
60233790363
1769697752005
54563512051
60264605222
1769697753005
54601698675
60295731648
1769697754005
54639508060
60325549030
1769697755005
54676862162
60355840311
1769697756005
54717192916
60386342563
1769697757005
54757638670
60420026841
1769697758005
54788586105
60450537272
1769697759005
54816694347
60481144805
1769697760004
54844021654
60511623194
1769697761005
54871874385
60542139117
1769697762005
54901806156
60573045600
1769697763005
54928826854
60603711464
1769697764005
54956104602
60633801293
1769697765004
54983591050
60663913719
1769697766004
55010209455
60694181944
1769697767005
55036708390
60724672158
1769697768005
55063148246
60754869708
1769697769005
55089682823
60785316941
1769697770004
55116080643
60815488034
1769697771004
55143475223
60845967063
1769697772004
55177968785
60877049532
1769697773005
55212518497
60907262950
1769697774005
55240354368
60937466345
1769697775005
55267646902
60967589009
1769697776005
55294375271
60997814496
1769697777004
55321013374
61028088581
1769697778005
55347702683
61058346675
1769697779005
55375052236
61088517493
1769697780005
55405908810
61119578722
1769697781006
55436661339
61150659604
1769697782005
55472458988
61182220106
1769697783005
56420786257
62188436990
1769697816034
56448223422
62217801988
1769697817005
56475274879
62248006709
1769697818005
56502416481
62278341338
1769697819005
56536519118
62308562187
1769697820005
56566732659
62339423292
1769697821005
56597723610
62370722714
1769697822005
56628243470
62401911592
1769697823005
56659469791
62432511420
1769697824005
56692065090
62463482901
1769697825005
56726282071
62494364941
1769697826005
56760279046
62525015242
1769697827005
56795052822
62555995497
1769697828005
56833279635
62708852704
1769697832943
56952668023
62710686182
1769697833005
56990269441
62742376651
1769697834006
57034109093
62773434539
1769697835005
57068047050
62804186412
1769697836005
57097401993
62834626275
1769697837005
57126743340
62865392170
1769697838005
57154818854
62896177550
1769697839005
57182095016
62926691613
1769697840005
57211362789
62957225556
1769697841005
57241015888
62988165500
1769697842005
57274106722
63019921914
1769697843004
57302790129
63050179520
1769697844005
57330743533
63080376383
1769697845005
57358287976
63110352098
1769697846005
57384819762
63140298883
1769697847005
57412182177
63170548036
1769697848005
57439082275
63200556371
1769697849005
57466495103
63230786116
1769697850005
57499264130
63260744512
1769697851005
57526687379
63290937485
1769697852005
57554994784
63322141118
1769697853005
57583597003
63352266559
1769697854005
57611376115
63382460462
1769697855005
57638579771
63412516723
1769697856005
57665070451
63442509069
1769697857005
57692077126
63472609716
1769697858005
57719020572
63502772645
1769697859005
57746336710
63563971064
1769697861021
57800797822
63593820336
1769697862005
57829456298
63625479190
1769697863005
57863231636
63656317577
1769697864005
57891877829
63687141681
1769697865005
57983226895
63777964774
1769697868005
58009780591
63808022225
1769697869005
58037023597
63838724022
1769697870005
58063434203
63868807198
1769697871005
58089946565
63899036012
1769697872005
58119953467
63929869470
1769697873005
58148262138
63959938487
1769697874005
58175873228
63990202913
1769697875005
58203504840
64020332443
1769697876006
58229799303
64050324056
1769697877005
58256706267
64080552580
1769697878005
58283977104
64110569857
1769697879005
58311180073
64140801418
1769697880005
58337688026
64170842909
1769697881005
58367257175
64201111760
1769697882005
58399667044
64232221876
1769697883005
58426214118
64262813540
1769697884005
58453497299
64293095162
1769697885005
58480525732
64323148570
1769697886005
58506862138
64353253626
1769697887005
58533682880
64383511934
1769697888005
58560062344
64413603701
1769697889005
58586678277
64444218664
1769697890005
58612968895
64474327794
1769697891005
58639174052
64504596401
1769697892005
58666846525
64536007908
1769697893005
58699596571
64566670782
1769697894005
58727502995
64596998681
1769697895005
58758858918
64713116776
1769697898813
58846638894
64718926137
1769697899005
58874047190
64749561592
1769697900005
58901141950
64779733158
1769697901005
58927950134
64810126682
1769697902005
58955966278
64841509993
1769697903005
58982636560
64872173065
1769697904005
59010179386
64902381616
1769697905005
59037412033
64932604327
1769697906005
59064029141
64962663182
1769697907005
59091249031
64992981697
1769697908005
59118307782
65023034037
1769697909005
59144859113
65053379483
1769697910005
59171828925
65083584785
1769697911005
59198235915
65113812576
1769697912005
59226926341
65145123945
1769697913005
59260537106
65175260082
1769697914005
59287897583
65205492085
1769697915005
59315586597
65235574163
1769697916005
59344524446
65265800169
1769697917006
59371370089
65295999627
1769697918005
59398867599
65326021786
1769697919005
59426690851
65356414944
1769697920005
59453440719
65386669071
1769697921005
59480096323
65417025305
1769697922005
59508912826
65448090059
1769697923005
59536113781
65480592864
1769697924005
59563878978
65510854437
1769697925005
59590672987
8593168
1769697926005
59617144793
38617982
1769697927005
59645140416
68799023
1769697928005
59675457680
98966836
1769697929005
59705219721
129253951
1769697930005
59732066569
159533207
1769697931005
59759198024
189890829
1769697932005
59786787647
221181585
1769697933005
59815118197
251486460
1769697934005
59841888206
281921013
1769697935005
59868808597
312165024
1769697936005
59895983065
342156179
1769697937005
59922722969
372132763
1769697938005
59949681490
402205671
1769697939005
59976898451
432328273
1769697940005
60004129205
462307543
1769697941005
60030713814
492537944
1769697942005
60058005097
523846047
1769697943005
60084958430
554511896
1769697944005
60118935585
584641136
1769697945005
60146932688
614708536
1769697946005
60173734600
644858344
1769697947005
60200650964
674920998
1769697948005
60227698851
705057486
1769697949005
60254519333
735427299
1769697950005
60281485452
765543662
1769697951005
60308043084
795901680
1769697952005
60335705579
827468133
1769697953005
60369865296
857717057
1769697954005
60397760063
887969520
1769697955005
60425620058
918021097
1769697956005
60452153689
947996552
1769697957005
60478825360
978081224
1769697958005
60505570101
1008208297
1769697959005
60532926337
1038542254
1769697960005
60566151837
1068706496
1769697961005
60592660888
1098975454
1769697962005
60620826210
1130097746
1769697963005
60647583280
1160800595
1769697964005
60675150305
1190982094
1769697965005
60703169700
1221067544
1769697966005
60730318656
1251082273
1769697967005
60757094767
1281107606
1769697968005
60783974313
1311191713
1769697969005
60810750135
1341539341
1769697970005
60837403770
1371655780
1769697971005
60864924976
1401736118
1769697972005
60894020548
1432502121
1769697973005
60921427516
1463309518
1769697974005
60948079779
1493684793
1769697975005
60978469351
1523975341
1769697976005
61008143857
1554052780
1769697977005
61034702390
1584104891
1769697978005
61061349953
1614227327
1769697979005
61088048660
1644517783
1769697980005
61114484976
1674657704
1769697981006
61141483977
1704855345
1769697982005
61169410237
1735806702
1769697983005
61202686927
1766644630
1769697984005
61230649623
1796684123
1769697985004
61257972292
1826792124
1769697986005
61284822771
1856779557
1769697987004
61311452116
1886856462
1769697988005
61338281890
1917072673
1769697989004
61365147428
1947445705
1769697990005
61391749584
1977541241
1769697991005
61425221028
2007708778
1769697992005
61452340872
2038785372
1769697993005
61480690815
2069246367
1769697994005
61508266507
2099273196
1769697995005
61535584964
2129304724
1769697996005
61562647042
2159232482
1769697997005
61589287235
2189275332
1769697998005
61615912262
2219335545
1769697999005
61643243978
2249463518
1769698000005
61669816411
2279484991
1769698001005
61696878549
2309577887
1769698002005
61727613120
2338312836
1769698003005
61754995615
2369007324
1769698004005
61782440546
2399083924
1769698005005
61810154124
2429308390
1769698006005
61837843579
2459422402
1769698007005
61870037532
2489600102
1769698008005
61896755633
2519763429
1769698009005
61923268864
2550150117
1769698010005
61949975903
2580359507
1769698011005
61977027818
2610758097
1769698012005
62004240828
2641828344
1769698013005
62037635371
2672654081
1769698014005
62066164703
2702743239
1769698015005
62093827335
2732841002
1769698016005
62120827831
2762992046
1769698017006
62147519093
2793159873
1769698018005
62174208905
2823334094
1769698019005
62201359601
2853556286
1769698020005
62227725974
2883638867
1769698021005
62254909505
2913902760
1769698022005
62287353307
2944865712
1769698023005
62318042348
2975398771
1769698024005
62346212355
3005631140
1769698025005
62373869433
3035651544
1769698026005
62400829434
3065750787
1769698027005
62428105184
3095839213
1769698028005
62454723314
3125882443
1769698029005
62482143023
3156387427
1769698030005
62508672367
3186501959
1769698031005
62535272005
3216800029
1769698032005
62564491685
3247635821
1769698033005
62592001737
3278275151
1769698034005
62620037656
3308426241
1769698035005
62647791485
3338462026
1769698036005
62674475499
3368592929
1769698037005
62702107264
3398626334
1769698038005
62735283161
3428665842
1769698039005
62762576137
3459059656
1769698040005
62789327150
3489218756
1769698041005
62816158892
3519450652
1769698042004
62846151253
3550311529
1769698043005
62880982307
3580755786
1769698044005
62909192304
3611040963
1769698045005
62936707635
3641152549
1769698046005
62963280846
3671244179
1769698047005
62990467001
3701328896
1769698048005
63017009040
3731382441
1769698049005
63044702340
3761652726
1769698050005
63072631194
3790568010
1769698051005
63099073537
3820980469
1769698052005
63128288777
3851989714
1769698053005
63155749134
3882946609
1769698054005
63188510989
3913662474
1769698055005
63215064731
3944074582
1769698056005
63241608600
3974298803
1769698057005
63268842284
4004324747
1769698058005
63295110884
4034432779
1769698059005
63322288647
4064972612
1769698060005
63348686071
4095027683
1769698061005
63375183953
4125409366
1769698062005
63404033794
4156236218
1769698063005
63432615003
4186654856
1769698064005
63460422602
4216963638
1769698065005
63487679951
4247204200
1769698066005
63513944141
4277336065
1769698067005
63540623761
4307675911
1769698068005
63567124710
4337763711
1769698069005
63598167553
4368323791
1769698070005
63627001466
4398468335
1769698071005
63653548723
4428869122
1769698072005
63681400004
4460008930
1769698073005
63715435079
4490640891
1769698074005
63742836860
4521261103
1769698075005
63769260314
4551654032
1769698076005
63795897120
4581894869
1769698077005
63822970656
4612091870
1769698078005
63849308527
4642285575
1769698079004
63876084257
4672997152
1769698080005
63902534946
4703293681
1769698081004
63929185622
4733873978
1769698082005
63956466209
4765113269
1769698083005
63983976489
4796055257
1769698084005
64012290150
4826486926
1769698085005
64046282288
4856896684
1769698086005
64074312669
4885922268
1769698087005
64111576244
4909059484
1769698088005
64148457272
4931858216
1769698089005
64185860611
4955158006
1769698090005
64222777372
4977987132
1769698091005
64259773781
5001183412
1769698092005
64297098343
5025599691
1769698093005
64335489286
5049314376
1769698094005
64373017634
5072448388
1769698095005
64409683142
5095570224
1769698096005
64446248024
5118468988
1769698097005
64483500446
5141447414
1769698098005
64520108828
5164653001
1769698099005
64556668659
5189158005
1769698100005
64593819265
5213046723
1769698101005
64632730201
5236709699
1769698102005
64670211432
5260831010
1769698103005
64710110752
5285926560
1769698104005
64748063669
5309138189
1769698105005
64785170179
5331886387
1769698106005
64822009704
5354594457
1769698107005
64858325895
5377659518
1769698108005
64894972270
5401032348
1769698109005
64932432293
5424802908
1769698110005
64969062921
5448011836
1769698111005
65006266487
5471288587
1769698112005
65043436806
5496746056
1769698113005
65081058930
5521402298
1769698114005
65118544555
5544547097
1769698115005
65155301092
5567871528
1769698116005
65193619591
5590978259
1769698117005
65231301663
5614121761
1769698118005
65268077365
5637696897
1769698119005
65304251092
5661297742
1769698120005
65340680849
5684224093
1769698121005
65378738848
5712734886
1769698122005
65410446848
5739331915
1769698123005
65438855246
5762977390
1769698124005
65468116397
5787305340
1769698125005
65495754372
5810579756
1769698126005
65522154313
5833225512
1769698127005
18983896
5864704429
1769698128367
73303215
5902987087
1769698130005
99929356
5925938476
1769698131005
126465917
5948927857
1769698132005
161283636
5974356428
1769698133005
188694114
6002822897
1769698134005
216465047
6026120322
1769698135005
243958559
6049056132
1769698136005
270384347
6071842063
1769698137005
296858229
6094803781
1769698138005
323307651
6117778042
1769698139005
349881442
6140915411
1769698140005
376389943
6163865731
1769698141005
403127330
6187017259
1769698142005
430760041
6212113267
1769698143005
457261066
6236379544
1769698144005
484878901
6259598482
1769698145005
512338738
6282430950
1769698146006
538872355
6305055848
1769698147005
566249403
6327905908
1769698148005
598612963
6350677329
1769698149005
625461871
6374186413
1769698150005
651818708
6396848723
1769698151005
678150430
6420022910
1769698152005
706299167
6445039789
1769698153005
733106084
6469098039
1769698154005
760669905
6492136597
1769698155005
787723209
6514765919
1769698156006
814100126
6537488454
1769698157005
840619110
6560314849
1769698158005
867118761
6583041762
1769698159005
894098873
6606521581
1769698160005
920460180
6629303148
1769698161005
946886609
6652342698
1769698162005
975600227
6677738479
1769698163005
1010201999
6702039529
1769698164005
1039826261
6725943551
1769698165005
1066204901
6749508281
1769698166005
1093366888
6773071836
1769698167005
1120075300
6796277484
1769698168005
1146459662
6818920097
1769698169005
1172989388
6842591770
1769698170005
1207391524
6865796258
1769698171005
1234617319
6888966127
1769698172005
1262855697
6913329765
1769698173005
1290949016
6936344002
1769698174005
1318073132
6959792756
1769698175005
1344829698
6983048648
1769698176005
1371223628
7006004675
1769698177005
1397484919
7028855285
1769698178005
1423922776
7051614698
1769698179005
1456776012
7075218961
1769698180005
1483148351
7098078390
1769698181005
1509484315
7121370688
1769698182005
1537838882
7145633273
1769698183005
1564357118
7169589310
1769698184005
1591614147
7193496139
1769698185005
1617952811
7216902353
1769698186005
1644270390
7239566983
1769698187005
1670984126
7262466525
1769698188005
1697369282
7285090508
1769698189005
1724936399
7309523662
1769698190005
1751962803
7332322151
1769698191005
1778536014
7355260814
1769698192005
1806630844
7380019193
1769698193005
1839140103
7404286523
1769698194005
1867341922
7427938177
1769698195005
1899801471
7450767182
1769698196005
1925987342
7473590968
1769698197005
1952315510
7496731998
1769698198005
1978703732
7519656716
1769698199005
2005076163
7543029226
1769698200005
2031403491
7566143890
1769698201005
2057611318
7589274622
1769698202004
2085111468
7614068200
1769698203005
2113198059
7637092232
1769698204005
2140203681
7660967005
1769698205005
2166472480
7684823910
1769698206005
2192772221
7707674672
1769698207005
2219186886
7730800597
1769698208005
2245423948
7753680884
1769698209005
2271906633
7777060336
1769698210005
2302506231
7800431564
1769698211005
2330814612
7823616613
1769698212005
2358328647
7848362358
1769698213005
2384782906
7872512782
1769698214005
2411337670
7896490042
1769698215005
2437562907
7920186693
1769698216005
2463889868
7943076470
1769698217005
2490301253
7966004758
1769698218005
2517539865
7988821800
1769698219005
2545268381
8012407509
1769698220005
2573728030
8035926435
1769698221005
2600084745
8059129886
1769698222005
2631733529
8084251160
1769698223005
2664453288
8108723238
1769698224005
2692555976
8131717883
1769698225005
2719935801
8154851757
1769698226005
2752473852
8177499344
1769698227005
2778950830
8200341394
1769698228005
2805304311
8223101814
1769698229005
2832050379
8246245926
1769698230005
2858634454
8269169652
1769698231005
2884975758
8292227664
1769698232005
2912080191
8317445796
1769698233005
2938683323
8341435233
1769698234005
2966104818
8364481480
1769698235005
2993848119
8387077022
1769698236005
3020830717
8409626591
1769698237005
3047292163
8432382876
1769698238005
3073783270
8455041616
1769698239005
3101134791
8477714333
1769698240005
3128213881
8500397135
1769698241005
3155933914
8523429498
1769698242005
3188134565
8548534615
1769698243005
3214896013
8572429970
1769698244005
3241888911
8596176041
1769698245005
3269122686
8619448413
1769698246005
3295612146
8642000484
1769698247005
3322155390
8664755335
1769698248005
3348940763
8687498360
1769698249005
3375725648
8710545707
1769698250005
3402824512
8733123732
1769698251005
3429399416
8755854994
1769698252005
3457768371
8780157783
1769698253005
3490151646
8804017405
1769698254005
3518236329
8827140721
1769698255005
3545820321
8849772851
1769698256005
3572615215
8872517677
1769698257005
3603875363
8895290089
1769698258005
3632004509
8917961677
1769698259005
3658752713
8941031819
1769698260005
3685413551
8963661828
1769698261005
3712485561
8986637065
1769698262005
3739360315
9011908555
1769698263005
3765924722
9035823074
1769698264005
3793978524
9058843780
1769698265005
3821352657
9081369166
1769698266005
3848573570
9103950594
1769698267005
3875335599
9126659731
1769698268005
3902301184
9149248575
1769698269005
3929368281
9172319754
1769698270005
3955914592
9194849473
1769698271005
3983177022
9217794102
1769698272005
4010193462
9243166295
1769698273005
4043141709
9267059224
1769698274005
4070124491
9290602196
1769698275005
4096760808
9313781951
1769698276005
4123802104
9336292170
1769698277005
4150337689
9358868471
1769698278005
4177053989
9381460275
1769698279005
4203837867
9404360641
1769698280005
4230441471
9427120740
1769698281005
4257542365
9450094985
1769698282005
4285132842
9474777745
1769698283005
4319344589
9497595733
1769698284005
4347874897
9520565325
1769698285005
4375276434
9543145227
1769698286005
4402320156
9565586419
1769698287005
4428950645
9588287195
1769698288005
4456792711
9611189865
1769698289005
4488797999
9634385305
1769698290005
4515307385
9656914383
1769698291005
4542174770
9679819296
1769698292005
4569141638
9705110194
1769698293005
4597354870
9727838145
1769698294005
4625361127
9750882363
1769698295005
4652546092
9773495329
1769698296005
4679450035
9796133715
1769698297005
4705796085
9818727823
1769698298005
4732180722
9841309404
1769698299005
4759117058
9864462976
1769698300005
4785694587
9887101820
1769698301005
4812857046
9909961691
1769698302005
4840114654
9935046957
1769698303005
4866932802
9958698383
1769698304005
4899204586
9982104780
1769698305005
4927812695
10005268179
1769698306005
4955101185
10027690527
1769698307005
4982193656
10050137441
1769698308005
5009111270
10072774286
1769698309005
5035800762
10095903827
1769698310005
5062526660
10118449475
1769698311005
5089444412
10141467572
1769698312005
5116749869
10166512816
1769698313005
5149717097
10190424925
1769698314005
5177204201
10214032804
1769698315005
5203856616
10237433236
1769698316005
5230596917
10259865898
1769698317005
5257859820
10282563836
1769698318005
5284570368
10305221722
1769698319005
5312895914
10328572108
1769698320005
5347847522
10351592829
1769698321005
5374347769
10374389776
1769698322005
5402035348
10399452414
1769698323005
5430234497
10422253512
1769698324005
5462328845
10447719556
1769698325062
5575157834
10515953027
1769698328005
5605765031
10538961740
1769698329005
5633942590
10561915967
1769698330006
5660425427
10584729652
1769698331005
5686859394
10607894500
1769698332005
5714360352
10633064646
1769698333005
5740743372
10656971354
1769698334005
5768169749
10679948208
1769698335005
5796987198
10702679287
1769698336005
5828363917
10725391369
1769698337005
5854800507
10748593370
1769698338005
5881169947
10771307345
1769698339005
5907502173
10794473780
1769698340005
5933952526
10817291402
1769698341005
5960222256
10840418852
1769698342005
5987073086
10866042695
1769698343005
6019672520
10890003004
1769698344005
6047230421
10913629605
1769698345005
6073649160
10936843828
1769698346005
6099975648
10959339918
1769698347005
6126315595
10982448937
1769698348005
6152842406
11005033920
1769698349005
6179558310
11028173730
1769698350005
6206226105
11050871211
1769698351005
6238102981
11073842419
1769698352005
6267650495
11098515094
1769698353005
6294327338
11122399463
1769698354005
6322046409
11145348624
1769698355005
6349581652
11168052773
1769698356005
6376057379
11190644927
1769698357005
6402974444
11213304232
1769698358005
6429375957
11235925117
1769698359005
6456050587
11258961020
1769698360005
6482978577
11281650490
1769698361005
6509595563
11304573789
1769698362005
6537482945
11329363568
1769698363005
6564313360
11353000468
1769698364005
6591216968
11376246794
1769698365005
6617556517
11399606945
1769698366005
6643907663
11422206774
1769698367005
6677049443
11444772044
1769698368005
6703719069
11467573355
1769698369005
6730138861
11490687745
1769698370005
6756627603
11513480099
1769698371005
6782943427
11536366657
1769698372004
6810114385
11561454333
1769698373005
6842827491
11585504817
1769698374005
6870641146
11608270607
1769698375005
6898179670
11631178389
1769698376005
6924507532
11653867920
1769698377005
6950767221
11676550325
1769698378005
6977687582
11699312500
1769698379005
7004008014
11722510702
1769698380005
7030728052
11745272006
1769698381005
7057286554
11768215598
1769698382005
7086856360
11792665948
1769698383005
7118491137
11816523861
1769698384005
7146180272
11839276026
1769698385005
7173605841
11862232587
1769698386005
7200130317
11884801503
1769698387005
7226476764
11907479301
1769698388005
7253552207
11930234243
1769698389005
7280196367
11953479302
1769698390005
7306837796
11976176081
1769698391005
7333247365
11999333849
1769698392005
7361180842
12023732749
1769698393005
7389434035
12046458594
1769698394005
7416619076
12069164207
1769698395005
7444126549
12092154855
1769698396005
7470552200
12114772536
1769698397005
7497016697
12137397953
1769698398005
7529032956
12160097752
1769698399005
7557156196
12183315042
1769698400005
7583606915
12205960035
1769698401005
7610090882
12228791725
1769698402006
7637212267
12254085400
1769698403005
7666269831
12280844331
1769698404005
7693515843
12303868226
1769698405005
7720969517
12326800801
1769698406005
7747329085
12349494116
1769698407005
7773749731
12372333710
1769698408005
7800534296
12395183022
1769698409005
7826945940
12418296726
1769698410005
7853424169
12441003666
1769698411005
7879654395
12464041842
1769698412005
7907913783
12488326445
1769698413005
7936417482
12511198629
1769698414005
7970392836
12533780759
1769698415005
7998401062
12556523388
1769698416005
8025021893
12579238262
1769698417005
8051524566
12601757331
1769698418005
8078587147
12624372647
1769698419005
8105160952
12647517446
1769698420005
8131738069
12670192131
1769698421005
8158037368
12693282184
1769698422005
8184934598
12718495617
1769698423005
8211959156
12742408779
1769698424005
8239029716
12765150447
1769698425005
8266632567
12788039659
1769698426005
8293064367
12810764314
1769698427005
8319330602
12833394308
1769698428005
8345953126
12856087333
1769698429005
8374036604
12879203203
1769698430005
8405457785
12901822868
1769698431005
8431769993
12924832481
1769698432005
8460149262
12948976221
1769698433005
8494269355
12971901885
1769698434005
8522703950
12994589265
1769698435005
8550512265
13017265094
1769698436005
8576977998
13039815106
1769698437005
8603466924
13062433306
1769698438005
8629900494
13085138156
1769698439005
8656775324
13108412221
1769698440005
8683403632
13130999431
1769698441005
8709962546
13153868046
1769698442005
8738177136
13177861159
1769698443005
8764945817
13201710863
1769698444005
8792984116
13224388248
1769698445005
8825336615
13247577509
1769698446005
8853341392
13270172654
1769698447005
8879936666
13292723154
1769698448005
8906597015
13315317811
1769698449005
8934384656
13337966496
1769698450005
8960895812
13360512755
1769698451005
8987515133
13383519087
1769698452005
9014669490
13408570587
1769698453005
9041203610
13432591028
1769698454005
9068532137
13455479645
1769698455005
9095421509
13478769304
1769698456005
9121633258
13501532577
1769698457005
9147876774
13524358697
1769698458005
9174302424
13547140280
1769698459005
9201265141
13570393029
1769698460005
9227600159
13593027128
1769698461005
9260573445
13616110102
1769698462005
9287262296
13641509301
1769698463005
9321226406
13664555655
1769698464005
9349556026
13687375627
1769698465005
9377019983
13710325246
1769698466005
9403259380
13732976281
1769698467005
9429701051
13755683633
1769698468005
9456061733
13778508930
1769698469005
9483034414
13801706888
1769698470005
9509434232
13824395961
1769698471005
9536032207
13847186012
1769698472005
9563692306
13871797410
1769698473005
9590086128
13895764966
1769698474005
9617929827
13918576134
1769698475005
9645026204
13941579949
1769698476005
9672978387
13964285409
1769698477005
9704033559
13986979594
1769698478005
9730378266
14009771460
1769698479006
9757759342
14032772850
1769698480005
9784165401
14055546956
1769698481005
9810427135
14078576710
1769698482005
9837194824
14103712403
1769698483005
9865428334
14126396304
1769698484005
9893183460
14149035941
1769698485005
9921082423
14171719766
1769698486005
9947465840
14194229771
1769698487005
9973829192
14216696657
1769698488005
10000533530
14239308677
1769698489005
10027111303
14262390019
1769698490005
10054086181
14284997050
1769698491005
10080613434
14307891389
1769698492005
10112721561
14332977250
1769698493005
10145972771
14356904677
1769698494005
10173616025
14379871950
1769698495005
10201712366
14402719874
1769698496005
10227944118
14425377500
1769698497005
10254157453
14448032808
1769698498005
10280606342
14470872508
1769698499005
10307063775
14494302754
1769698500005
10333744158
14517079667
1769698501005
10360251362
14540368929
1769698502005
10388241233
14564623733
1769698503005
10416178310
14587449655
1769698504005
10443618328
14610924576
1769698505005
10470749676
14634550963
1769698506005
10497126471
14657314374
1769698507005
10523517074
14680020261
1769698508005
10556411781
14702792201
1769698509005
10582879879
14726404490
1769698510005
10609717023
14749122828
1769698511005
10636134312
14772217962
1769698512005
10662965047
14797240182
1769698513005
10689680585
14821149712
1769698514005
10717324648
14843727661
1769698515005
10745297963
14866770827
1769698516005
10771479287
14889614067
1769698517005
10797745644
14912382116
1769698518005
10823883071
14935277935
1769698519005
10850064716
14958585171
1769698520005
10876730619
14981570814
1769698521005
10903015087
15004528107
1769698522005
10930502176
15029200690
1769698523005
10964018295
15053241942
1769698524005
10995539996
15076356729
1769698525005
11023375211
15099467869
1769698526005
11049488180
15122228823
1769698527005
11075557480
15145078959
1769698528005
11101679923
15167959215
1769698529005
11128257071
15190979555
1769698530005
11155118795
15213985430
1769698531005
11181252957
15237125881
1769698532005
11207781889
15262452208
1769698533005
11234208424
15286524800
1769698534005
11261473112
15309361204
1769698535005
11289481338
15332461038
1769698536005
11315709779
15355190057
1769698537005
11341834084
15377892649
1769698538005
11367934083
15400667548
1769698539005
11399938410
15423904079
1769698540005
11427225298
15446843078
1769698541005
11453384010
15469959711
1769698542005
11479967871
15495006236
1769698543005
11507245055
15519027028
1769698544005
11534691954
15541772357
1769698545005
11562120696
15564838196
1769698546005
11588636659
15587468206
1769698547005
11614855335
15610094874
1769698548005
11641174042
15632978197
1769698549005
11667581795
15656248340
1769698550005
11693903767
15679047409
1769698551005
11720792453
15702040452
1769698552005
11748996118
15726045237
1769698553005
11782896205
15748988356
1769698554005
11810297879
15771905979
1769698555005
11844167588
15795043409
1769698556005
11870672473
15817797069
1769698557005
11896838967
15840554483
1769698558005
11923016034
15863356999
1769698559005
11949239196
15886270380
1769698560005
11975699696
15909516325
1769698561005
12002452340
15932522902
1769698562004
12030394972
15956899739
1769698563005
12056836643
15980888168
1769698564005
12084363830
16003608017
1769698565005
12112001073
16026545475
1769698566005
12138677321
16049403881
1769698567005
12165155367
16072067550
1769698568005
12191565119
16094765396
1769698569005
12218032027
16117887690
1769698570005
12246716884
16140788819
1769698571005
12277795615
16164010091
1769698572005
12304389073
16189331887
1769698573005
12330753325
16213060075
1769698574005
12357963313
16235769442
1769698575005
12384999330
16258444295
1769698576005
12412254008
16281300672
1769698577005
12438432342
16304073283
1769698578005
12464713286
16326750485
1769698579005
12490989622
16349992386
1769698580005
12517190125
16372705536
1769698581005
12544242941
16395528026
1769698582005
12573532487
16419108212
1769698583005
12600620793
16447242224
1769698584005
12628029547
16470281270
1769698585005
12655502766
16492860288
1769698586005
12688116772
16516021901
1769698587005
12714630049
16538904934
1769698588005
12740765111
16561653529
1769698589005
12767199077
16585006813
1769698590005
12793471644
16607696207
1769698591005
12820328272
16630762534
1769698592005
12847096419
16656245637
1769698593005
12875047031
16679028043
1769698594005
12902504031
16701693787
1769698595005
12929585150
16724456221
1769698596005
12957008979
16747283974
1769698597006
12983573248
16769874496
1769698598005
13010077203
16792400141
1769698599005
13036804092
16815333693
1769698600005
13063366973
16838045073
1769698601005
13090381674
16860813931
1769698602005
13124652561
16884989225
1769698603005
13151301024
16908864256
1769698604005
13178723236
16931468114
1769698605005
13206186995
16954017729
1769698606005
13232715942
16976857185
1769698607005
13259830782
16999479581
1769698608005
13286603964
17022174833
1769698609005
13313174138
17045246119
1769698610005
13339469882
17067851853
1769698611005
13365843595
17090857622
1769698612005
13393199174
17116149176
1769698613005
13425839958
17140188918
1769698614005
13453951129
17163007211
1769698615005
13481151383
17185718210
1769698616005
13507486004
17208757988
1769698617005
13537079872
17231631317
1769698618005
13567291047
17254406827
1769698619005
13593870224
17277580784
1769698620005
13620221110
17300243842
1769698621005
13646617481
17323319309
1769698622005
13675459205
17347445350
1769698623005
13702056768
17371235181
1769698624005
13729782827
17394038018
1769698625005
13757176827
17416618638
1769698626005
13784285334
17439484246
1769698627005
13811498587
17462148571
1769698628005
13838115283
17484768723
1769698629005
13864644047
17507896724
1769698630005
13891122659
17530650369
1769698631005
13917594648
17553627788
1769698632005
13945596023
17578630279
1769698633005
13978471947
17602362801
1769698634005
14006208214
17624932923
1769698635005
14033467043
17647512199
1769698636005
14060516593
17670367890
1769698637005
14087579265
17692943718
1769698638005
14114135463
17715472140
1769698639005
14141145861
17738217256
1769698640005
14167639837
17760761210
1769698641005
14194147485
17783506967
1769698642005
14221998415
17808426058
1769698643005
14254519561
17832263036
1769698644005
14282210801
17854962638
1769698645005
14309210290
17878052721
1769698646005
14335877612
17901013326
1769698647005
14362917397
17923746785
1769698648005
14389453882
17946386102
1769698649005
14422245552
17969416008
1769698650005
14448821021
17992056469
1769698651005
14475373481
18015048216
1769698652005
14503075615
18040434125
1769698653005
14529662177
18064290542
1769698654005
14557082527
18086985490
1769698655005
14584374283
18109735702
1769698656005
14611029658
18132652272
1769698657005
14637892054
18155227719
1769698658005
14664206046
18178031547
1769698659005
14690706278
18201242551
1769698660005
14717081180
18223979565
1769698661005
14743278464
18246989269
1769698662004
14770067835
18272441094
1769698663005
14797108124
18296178773
1769698664005
14827088324
18318978711
1769698665005
14857542666
18341635315
1769698666005
14884218045
18364470010
1769698667005
14910810358
18387191034
1769698668005
14937869048
18409871212
1769698669005
14964694031
18432757907
1769698670005
14991052425
18455386787
1769698671005
15017252470
18478423209
1769698672004
15044334032
18503445489
1769698673005
15071945336
18531457621
1769698674005
15099330532
18554267812
1769698675005
15126904484
18576893550
1769698676005
15153771457
18599555494
1769698677005
15180158749
18622180926
1769698678005
15207170475
18644714200
1769698679005
15233932458
18667792581
1769698680005
15266985405
18690691131
1769698681005
15293454984
18713872046
1769698682004
15320804460
18738747240
1769698683005
15347756848
18762695251
1769698684005
15374121375
18786075618
1769698685005
15400368369
18809587204
1769698686005
15427072997
18832623916
1769698687005
15453381756
18855280718
1769698688005
15480398532
18877954930
1769698689005
15506829981
18901305728
1769698690005
15533424278
18923963171
1769698691005
15559744939
18946926324
1769698692004
15586791529
18971984644
1769698693005
15615487722
18994717691
1769698694005
15642408861
19017437494
1769698695005
15669423639
19040142115
1769698696005
15702366607
19063360534
1769698697005
15728875947
19086080337
1769698698005
15755888375
19108970968
1769698699005
15782593964
19131897715
1769698700005
15808993798
19154710012
1769698701006
15835416046
19177414206
1769698702005
15863806592
19201680911
1769698703005
15896790085
19225706295
1769698704005
15924598995
19248573505
1769698705005
15952361247
19271379836
1769698706005
15978812088
19294525505
1769698707005
16004993092
19317285741
1769698708005
16031857135
19340096985
1769698709005
16058292139
19363261010
1769698710005
16084607337
19386039678
1769698711005
16114106300
19409025779
1769698712005
16146117874
19432591195
1769698713005
16173090646
19456671279
1769698714005
16199414831
19479896335
1769698715004
16225686070
19503364802
1769698716005
16252325898
19526332319
1769698717005
16278752235
19548901510
1769698718005
16305510373
19571585197
1769698719005
16332119211
19594502347
1769698720005
16358698128
19617377553
1769698721005
16385073046
19640519941
1769698722005
16411870885
19665557205
1769698723005
16439983643
19688206287
1769698724005
16467716141
19710979676
1769698725005
16494710137
19733710938
1769698726005
16521247492
19756777006
1769698727005
16554105549
19779402010
1769698728005
16580632406
19802172134
1769698729005
16607731865
19825164704
1769698730005
16634199444
19847983028
1769698731005
16660768886
19870923095
1769698732005
16687511873
19895970094
1769698733005
16720129739
19919883988
1769698734005
16748156594
19942741693
1769698735005
16775379796
19965505606
1769698736005
16801972949
19988487175
1769698737005
16828160117
20011232917
1769698738005
16854335048
20034061616
1769698739005
16881351077
20057416823
1769698740005
16907758555
20080292898
1769698741005
16934061577
20103327931
1769698742005
16961983244
20127779121
1769698743005
16995899810
20150495048
1769698744005
17023863207
20173208778
1769698745005
17051385481
20195808317
1769698746005
17078197128
20218604975
1769698747005
17104749237
20241244658
1769698748005
17131250598
20263847218
1769698749005
17158288751
20287023723
1769698750005
17184732940
20309593738
1769698751005
17211179814
20332594441
1769698752005
17238545449
20357619285
1769698753005
17266072056
20380680791
1769698754005
17292818796
20403941261
1769698755005
17318951356
20427407394
1769698756005
17345387397
20450288901
1769698757005
17371741991
20473057041
1769698758005
17401114999
20495846619
1769698759005
17431646272
20519359166
1769698760005
17457946441
20542116244
1769698761005
17484160128
20565182755
1769698762004
17510865259
20590642116
1769698763005
17539631044
20617434676
1769698764005
17566810486
20640830362
1769698765004
17593057969
20664284578
1769698766005
17619327957
20687159372
1769698767005
17645645597
20710092146
1769698768005
17671744436
20732952384
1769698769005
17698532632
20756141675
1769698770005
17724759761
20778886120
1769698771005
17751033030
20801983375
1769698772005
17779672464
20825924291
1769698773005
17807251222
20849085523
1769698774005
17839894172
20872540883
1769698775005
17866819416
20895716381
1769698776005
17893028326
20918394576
1769698777005
17919906606
20941519768
1769698778005
17946341579
20964260948
1769698779005
17972895519
20987494426
1769698780005
17999533652
21010183927
1769698781005
18025956175
21033202069
1769698782005
18052888117
21058437336
1769698783005
18079440943
21082070666
1769698784005
18106518079
21104749242
1769698785005
18134235884
21127392389
1769698786005
18160425692
21150071773
1769698787005
18187131251
21173049375
1769698788005
18213348233
21195870949
1769698789005
18239823243
21219156106
1769698790005
18272791890
21242053787
1769698791005
18299141846
21265120679
1769698792005
18325862464
21290524333
1769698793005
18358497221
21314446604
1769698794005
18386135257
21337172784
1769698795005
18413947615
21359895044
1769698796005
18440002649
21382625436
1769698797005
18466548990
21405688284
1769698798005
18492647738
21428522369
1769698799005
18519097192
21451794878
1769698800005
18545789583
21474568481
1769698801005
18572193262
21497725410
1769698802005
18598901338
21523054224
1769698803005
18626867085
21545834250
1769698804005
18654000997
21568584126
1769698805005
18684928963
21591345050
1769698806005
18714521076
21614151823
1769698807005
18741433823
21637234827
1769698808005
18767731505
21660121308
1769698809005
18793959915
21683378986
1769698810005
18820554884
21706295663
1769698811005
18846663488
21729429507
1769698812005
18873483680
21754764882
1769698813005
18901233313
21777573197
1769698814005
18928298228
21800298309
1769698815005
18955835150
21823079281
1769698816005
18981861819
21845756560
1769698817005
19008327812
21868766738
1769698818005
19034624288
21891533123
1769698819005
19061116280
21914676748
1769698820005
19087991508
21937528166
1769698821006
19121001642
21960646233
1769698822005
19148288576
21985566667
1769698823005
19182458928
22008461677
1769698824005
19209952883
22031332931
1769698825005
19237715363
22054058746
1769698826005
19263849143
22076722216
1769698827005
19290533188
22099922341
1769698828005
19316767427
22122662513
1769698829005
19343118359
22145765108
1769698830005
19370024103
22168661599
1769698831005
19396317345
22191599194
1769698832005
19423263446
22217039468
1769698833005
19450948476
22239741587
1769698834005
19478577083
22262395307
1769698835005
19505784187
22285002201
1769698836005
19532343559
22307630242
1769698837005
19565079506
22330558530
1769698838005
19591401418
22353247146
1769698839005
19618047653
22376595441
1769698840005
19644605911
22399206363
1769698841005
19671376362
22422250963
1769698842005
19698419916
22447047288
1769698843005
19724947139
22470911669
1769698844005
19751880729
22493571035
1769698845005
19779518795
22516344104
1769698846005
19805876868
22539168103
1769698847005
19832512972
22562001014
1769698848005
19858906566
22584888151
1769698849005
19885497232
22607832872
1769698850005
19912036844
22630537768
1769698851005
19938199935
22653893585
1769698852005
19968798084
22678821602
1769698853005
20004420052
22702960887
1769698854005
20032143228
22725902236
1769698855005
20059213926
22748756340
1769698856005
20085749617
22771694134
1769698857005
20112210483
22794726039
1769698858005
20138375466
22817604907
1769698859005
20164700261
22840973541
1769698860005
20190919563
22863691451
1769698861005
20217671704
22886782161
1769698862005
20244547908
22911842526
1769698863005
20271027831
22935865270
1769698864005
20298184554
22958660417
1769698865005
20325116495
22981716644
1769698866005
20351787617
23004681261
1769698867005
20378797481
23027550577
1769698868005
20411623527
23050383823
1769698869005
20438005280
23073697086
1769698870005
20464565598
23096587870
1769698871005
20491345280
23119526228
1769698872005
20519429414
23144022520
1769698873005
20546704233
23167970226
1769698874005
20574123454
23190738061
1769698875005
20601514967
23213482810
1769698876005
20628203009
23236146555
1769698877005
20654667095
23259044022
1769698878005
20680914730
23281859096
1769698879005
20707430754
23305064943
1769698880005
20733777963
23327892375
1769698881005
20760454074
23351009374
1769698882005
20788488940
23375241031
1769698883005
20815999053
23403185158
1769698884005
20849487830
23426259664
1769698885005
20876947821
23448911248
1769698886005
20903422968
23471724674
1769698887005
20929977656
23494616602
1769698888005
20956316260
23517494051
1769698889005
20982708434
23540701606
1769698890005
21009150655
23563450491
1769698891005
21036115310
23586492619
1769698892005
21064252038
23610583338
1769698893005
21090678101
23634496453
1769698894005
21118017904
23657152447
1769698895005
21145358180
23679860379
1769698896005
21171687949
23702467655
1769698897005
21198891148
23725273467
1769698898005
21225369377
23747938463
1769698899005
21255887178
23771061718
1769698900005
21284819214
23793933521
1769698901005
21311988494
23817012985
1769698902005
21339666430
23841997167
1769698903005
21367505292
23864822555
1769698904005
21394589417
23887583020
1769698905005
21421919531
23910306287
1769698906005
21448260179
23932997359
1769698907005
21475314292
23955902867
1769698908005
21501546379
23978734831
1769698909005
21528138418
24001716583
1769698910005
21554519226
24024581947
1769698911005
21580695576
24047594109
1769698912005
21607965314
24072775820
1769698913005
21640681045
24096815654
1769698914005
21667602779
24120152963
1769698915005
21695554336
24147122867
1769698916005
21721795457
24169857104
1769698917005
21748746059
24192887819
1769698918005
21774983090
24215687238
1769698919005
21801522947
24238841115
1769698920005
21827808651
24261792062
1769698921005
21854066570
24284963395
1769698922005
21881316245
24310093107
1769698923005
21909209440
24332894861
1769698924005
21936422297
24355637169
1769698925005
21963856135
24378355171
1769698926005
21990330550
24401044290
1769698927005
22017495283
24423996640
1769698928005
22044030761
24446767939
1769698929005
22071076863
24469613437
1769698930005
22098373348
24492233224
1769698931005
22130324073
24515211268
1769698932005
22158419117
24540398458
1769698933006
22185037476
24564220041
1769698934005
22212106053
24587129760
1769698935005
22239319978
24609736165
1769698936005
22265629012
24632378823
1769698937005
22292640707
24655323682
1769698938005
22319155189
24678037534
1769698939005
22346222561
24700781734
1769698940005
22372761853
24723472135
1769698941005
22399125861
24746555536
1769698942005
22427407831
24771142552
1769698943006
22460043716
24795186291
1769698944005
22487768540
24818203747
1769698945005
22514947524
24841007927
1769698946005
22545680767
24863735755
1769698947005
22574672661
24886791448
1769698948005
22600979696
24909500738
1769698949005
22627339172
24932729609
1769698950005
22653760932
24955596163
1769698951005
22680176513
24978670455
1769698952005
22708828351
25003112306
1769698953005
22735647673
25026668430
1769698954005
22763012042
25049383747
1769698955005
22790097449
25072201293
1769698956005
22816269160
25094892731
1769698957005
22842887001
25117939849
1769698958005
22869724587
25140659392
1769698959005
22896191327
25163967009
1769698960005
22922712935
25186799462
1769698961005
22949083352
25209832878
1769698962005
22982877594
25233747443
1769698963005
23009984393
25257627434
1769698964005
23037141283
25280415303
1769698965005
23064332626
25303205124
1769698966005
23090526599
25325831274
1769698967005
23117003562
25348623949
1769698968005
23144088740
25371405913
1769698969005
23170642756
25394860464
1769698970005
23197153684
25417596746
1769698971005
23223456629
25440634510
1769698972004
23250289257
25465790192
1769698973005
23283190326
25489920963
1769698974005
23310683793
25512788997
1769698975005
23337933940
25535571968
1769698976005
23364229318
25558346852
1769698977005
23391578932
25581026786
1769698978005
23423891210
25604107624
1769698979005
23450300108
25627485901
1769698980005
23476514542
25650281521
1769698981005
23502790603
25673438419
1769698982005
23530900721
25697746076
1769698983005
23557920808
25721598847
1769698984005
23584428944
25745154986
1769698985005
23610869822
25768533447
1769698986005
23637206534
25791230759
1769698987005
23663684885
25813857473
1769698988005
23690789548
25836563940
1769698989005
23717622175
25860009200
1769698990005
23744203457
25882794933
1769698991005
23770535301
25905888907
1769698992005
23797931849
25930656364
1769698993005
23829168912
25954618885
1769698994005
23858559237
25977343250
1769698995005
23885735948
26000130631
1769698996005
23911929799
26022832750
1769698997005
23938191060
26045427178
1769698998005
23964937830
26068199071
1769698999005
23991499048
26091704371
1769699000005
24017771676
26114508063
1769699001005
24044328882
26137455240
1769699002005
24073160032
26161072991
1769699003005
24100845719
26188703109
1769699004005
24127678194
26211928882
1769699005005
24155201001
26234734114
1769699006005
24181296591
26257480069
1769699007005
24207449581
26280221890
1769699008005
24234218430
26303119158
1769699009005
24267333737
26326781234
1769699010005
24293702933
26349513472
1769699011005
24320483973
26372434864
1769699012005
24349462027
26395917704
1769699013005
24375852341
26419651386
1769699014005
24403494786
26442443633
1769699015005
24430529704
26465260065
1769699016005
24456918140
26488039618
1769699017005
24483167134
26510733071
1769699018005
24509369835
26533473838
1769699019005
24536954956
26556576281
1769699020005
24563359901
26579375471
1769699021005
24589919059
26602279331
1769699022006
24617880748
26626518968
1769699023005
24644493294
26650421525
1769699024005
24673149573
26673240108
1769699025005
24705115464
26696142916
1769699026005
24731293142
26718836444
1769699027005
24757594058
26741448083
1769699028005
24783984310
26764128307
1769699029005
24811386458
26787438594
1769699030005
24837709361
26810248999
1769699031005
24863815265
26833291264
1769699032005
24892055046
26857663692
1769699033006
24926080096
26880555178
1769699034005
24953803775
26903444878
1769699035005
24980925954
26926309434
1769699036005
25007172536
26949100858
1769699037005
25033405738
26971958700
1769699038005
25059689077
26994786880
1769699039005
25086602923
27018171733
1769699040005
25117842289
27040921777
1769699041005
25145720684
27064261437
1769699042005
25172456652
27089558087
1769699043005
25199185357
27113464092
1769699044005
25227128630
27136185314
1769699045005
25254231430
27158906948
1769699046005
25280501098
27181574568
1769699047005
25307012255
27204240098
1769699048005
25333500707
27227050473
1769699049005
25361048645
27249921971
1769699050005
25387402705
27272603400
1769699051005
25413733207
27296073911
1769699052005
25441433297
27320521301
1769699053005
25469327378
27343269484
1769699054005
25496809217
27366035290
1769699055005
25523905015
27388771586
1769699056005
25556711332
27411527261
1769699057005
25582825872
27434266029
1769699058005
25609165437
27457266213
1769699059005
25636196556
27480336248
1769699060005
25662454551
27503117358
1769699061005
25688936595
27526681233
1769699062005
25715594549
27552043950
1769699063005
25748051153
27575850733
1769699064005
25775485449
27599056045
1769699065005
25801818178
27622465785
1769699066005
25828354556
27645066194
1769699067005
25854565847
27667750537
1769699068005
25880851094
27690498124
1769699069005
25907486237
27713587918
1769699070005
25934173699
27736276702
1769699071005
25962292225
27759575637
1769699072005
25995458830
27783993854
1769699073005
26023490385
27806785079
1769699074005
26050699442
27829421467
1769699075005
26078391369
27852109625
1769699076005
26104706857
27874634384
1769699077005
26131059392
27897168070
1769699078005
26157575293
27920030001
1769699079005
26184106133
27943135419
1769699080005
26211018834
27965909968
1769699081005
26237489907
27989265999
1769699082005
26265281790
28013527729
1769699083005
26291795266
28037549085
1769699084005
26318856763
28060293927
1769699085005
26346592603
28082882450
1769699086005
26372850644
28105540564
1769699087005
26404265188
28128131651
1769699088005
26432015782
28151046863
1769699089005
26458509926
28174288230
1769699090005
26485289287
28196885099
1769699091005
26511784194
28220166228
1769699092005
26538596101
28245294766
1769699093005
26570803282
28269360462
1769699094005
26598903605
28292245829
1769699095005
26626459370
28315079609
1769699096005
26652514770
28337914442
1769699097005
26678587213
28360605148
1769699098005
26704753005
28383478248
1769699099005
26731484930
28406429286
1769699100005
26758429474
28429082182
1769699101005
26785254656
28452386107
1769699102005
26812274834
28477630941
1769699103005
26846224693
28500495954
1769699104005
26873781511
28523191665
1769699105005
26901580976
28545785025
1769699106005
26929001845
28568407878
1769699107005
26955451298
28590808377
1769699108005
26981945503
28613490019
1769699109005
27008453135
28636534543
1769699110005
27035400624
28659146563
1769699111005
27061942221
28682239729
1769699112005
27089608636
28706941165
1769699113006
27116869068
28730961422
1769699114005
27144189035
28753608551
1769699115005
27172081437
28776227697
1769699116005
27198338869
28798771880
1769699117005
27224630096
28821252682
1769699118005
27252706540
28844002726
1769699119005
27284105567
28867241576
1769699120005
27311173945
28889942458
1769699121005
27338012020
28912956893
1769699122005
27365622072
28937360676
1769699123005
27398129074
28961081022
1769699124005
27425786838
28983978016
1769699125005
27453640638
29006652319
1769699126005
27479904096
29029329644
1769699127005
27506268852
29052065300
1769699128005
27532614810
29074863117
1769699129005
27559168582
29098137594
1769699130005
27585515700
29120798379
1769699131005
27612359480
29143813836
1769699132005
27639385716
29169607637
1769699133005
27667501374
29193029583
1769699134005
27699745937
29216219317
1769699135005
27727667650
29239472616
1769699136005
27754486606
29262505452
1769699137005
27780885204
29285343184
1769699138005
27807274739
29308805608
1769699139005
27833705486
29332122838
1769699140005
27860668218
29355280347
1769699141005
27887910691
29378567763
1769699142005
27914813001
29403769432
1769699143005
27941961377
29427941644
1769699144005
27969319170
29451107026
1769699145005
27997067231
29474125520
1769699146005
28023600634
29497105395
1769699147005
28050004191
29520178482
1769699148005
28076447800
29543190780
1769699149005
28102974047
29566624597
1769699150005
28136059524
29589984183
1769699151005
28162441110
29613625553
1769699152005
28189670659
29638805724
1769699153005
28221986340
29663353405
1769699154005
28249932191
29686772543
1769699155005
28277532143
29709896469
1769699156006
28304067666
29733603373
1769699157005
28330546232
29756244765
1769699158005
28357396635
29779729161
1769699159005
28383999324
29802855330
1769699160005
28410714770
29826076801
1769699161005
28437256366
29850203605
1769699162005
28465298037
29874617748
1769699163005
28493577748
29897991829
1769699164005
28521559867
29921536739
1769699165005
28550828923
29944557887
1769699166005
28582158616
29967800871
1769699167005
28609062773
29990746142
1769699168005
28635670055
30013600261
1769699169005
28662365742
30037025426
1769699170005
28689124902
30060225199
1769699171005
28715851043
30083625524
1769699172005
28744046729
30108353448
1769699173005
28772288921
30131632533
1769699174005
28798844692
30155298133
1769699175005
28825441857
30179104168
1769699176005
28852455689
30202100751
1769699177006
28878953723
30224918800
1769699178005
28905680948
30247930351
1769699179005
28932367724
30271072206
1769699180005
28959001097
30295710595
1769699181070
28990954325
30317287971
1769699182005
29020083235
30342445834
1769699183005
29054261262
30365530852
1769699184005
29081189252
30389525705
1769699185005
29107762722
30413335509
1769699186005
29134275160
30436248036
1769699187005
29161003132
30459350280
1769699188005
29187578647
30482623186
1769699189005
29214237287
30505850485
1769699190005
29240738450
30529111397
1769699191005
29267194510
30552541948
1769699192005
29296006664
30577196527
1769699193005
29322680211
30601442648
1769699194005
29350143223
30624418434
1769699195005
29377321749
30647429497
1769699196006
29404334085
30670664990
1769699197006
29437385324
30693931655
1769699198005
29463883206
30716788612
1769699199005
29490534873
30740325862
1769699200005
29517075508
30763536484
1769699201005
29543433215
30786647853
1769699202005
29570415081
30812662758
1769699203005
29598486459
30835810350
1769699204005
29625706166
30858633190
1769699205005
29652695875
30882223736
1769699206005
29679492478
30905408267
1769699207005
29705778991
30928683660
1769699208005
29732304795
30951986059
1769699209005
29758922315
30975552101
1769699210005
29785360264
30998572410
1769699211005
29812227359
31021837625
1769699212005
29842282628
31046580440
1769699213005
29874121161
31075052784
1769699214005
29901681259
31098530238
1769699215005
29928506166
31121879723
1769699216005
29955322375
31145071624
1769699217005
29981841176
31168747874
1769699218005
30008907922
31191651979
1769699219005
30035399442
31215443595
1769699220005
30061773337
31238605681
1769699221005
30088702578
31262026467
1769699222005
30115307556
31287899748
1769699223005
30143392224
31311161087
1769699224005
30170499007
31334356665
1769699225005
30197906251
31357385015
1769699226005
30224687580
31380837019
1769699227005
30251186515
31404379457
1769699228005
30282707575
31427448775
1769699229005
30310544606
31451161843
1769699230005
30336983409
31474188042
1769699231005
30363291787
31497863301
1769699232004
30390400172
31524036843
1769699233005
30416783085
31548100098
1769699234005
30443134307
31571936191
1769699235005
30469629152
31595792715
1769699236005
30496221939
31618667570
1769699237005
30523002949
31641894213
1769699238005
30549654936
31665040156
1769699239005
30576115528
31688239136
1769699240005
30602688754
31711622647
1769699241005
30629033644
31734768575
1769699242005
30657272494
31759456752
1769699243005
30691195331
31783089029
1769699244005
30725319405
31806066585
1769699245005
30752587450
31829380458
1769699246005
30778998835
31852977108
1769699247005
30805166076
31875936629
1769699248005
30831649402
31899768145
1769699249005
30858259598
31923244882
1769699250005
30884691855
31946224727
1769699251005
30911193277
31969933889
1769699252005
30939675935
31994330317
1769699253005
30967264947
32017890042
1769699254005
30994752997
32041253549
1769699255005
31021932393
32064310096
1769699256005
31048651958
32087714037
1769699257005
31075020803
32110972539
1769699258005
31101245750
32134128019
1769699259005
31129529520
32157846931
1769699260005
31160676697
32181103434
1769699261005
31187022472
32204398707
1769699262005
31213938500
32230237886
1769699263005
31241136511
32254557689
1769699264005
31268778041
32277273464
1769699265005
31296383730
32300320642
1769699266005
31323339382
32323373496
1769699267005
31349944513
32346095023
1769699268005
31376999327
32369471500
1769699269005
31403997259
32392840455
1769699270005
31430570379
32415560151
1769699271005
31457333094
32438765814
1769699272005
31485000837
32463883625
1769699273005
31514026146
32490989599
1769699274005
31541418787
32513928202
1769699275005
31574247625
32536588911
1769699276005
31601870190
32559500537
1769699277005
31628233466
32582098962
1769699278005
31655175859
32604852272
1769699279005
31681780242
32628126489
1769699280005
31708304200
32650701204
1769699281005
31734767614
32673469649
1769699282005
31763040825
32697540472
1769699283005
31790555928
32721012662
1769699284005
31817423099
32744112450
1769699285005
31844362136
32767482777
1769699286005
31871234342
32790123666
1769699287005
31897807004
32812572075
1769699288005
31925163026
32835111574
1769699289005
31951957768
32858104586
1769699290005
31978677577
32880722252
1769699291005
32011573047
32903612945
1769699292005
32039329699
32927950629
1769699293005
32066437748
32951666032
1769699294005
32093548819
32974432509
1769699295005
32120883861
32997080218
1769699296005
32147470438
33019941508
1769699297005
32173800146
33042510699
1769699298005
32200420108
33065220447
1769699299005
32227182762
33088303833
1769699300005
32253775793
33110966311
1769699301005
32280270791
33133995638
1769699302005
32308386738
33158204500
1769699303005
32342213281
33181031215
1769699304005
32370138748
33204002897
1769699305005
32397468236
33226757931
1769699306005
32426768433
33249845238
1769699307005
32457676427
33272605611
1769699308005
32484046523
33295363636
1769699309005
32511162079
33318610541
1769699310005
32537759336
33341335684
1769699311005
32564096033
33364419970
1769699312005
32591013617
33389696785
1769699313005
32617493937
33413491697
1769699314005
32645339787
33436269602
1769699315005
32672512881
33459000025
1769699316005
32699229258
33481862871
1769699317005
32725527443
33504346221
1769699318005
32752134343
33526952016
1769699319005
32779243171
33550135327
1769699320005
32805799491
33572827833
1769699321005
32832157686
33595888255
1769699322004
32864447032
33621054404
1769699323005
32891756380
33645106276
1769699324005
32919447605
33667932244
1769699325005
32946562078
33690626108
1769699326005
32973235656
33713541030
1769699327005
32999490951
33736127097
1769699328005
33025919669
33758795785
1769699329005
33052930662
33781945024
1769699330005
33079265604
33804587591
1769699331005
33105567405
33827739333
1769699332005
33132261826
33852879268
1769699333005
33159246117
33881066272
1769699334005
33187047002
33903874327
1769699335005
33214470389
33926421104
1769699336005
33241229213
33949247896
1769699337005
33267681870
33971983781
1769699338005
33300609031
33994626408
1769699339005
33327759742
34017948383
1769699340005
33354283608
34040724885
1769699341005
33380662539
34063716051
1769699342005
33407401787
34088705222
1769699343005
33433923487
34112529582
1769699344005
33461844284
34135162613
1769699345005
33489336835
34157790746
1769699346005
33516095263
34180544452
1769699347005
33542727690
34203185798
1769699348005
33569363672
34225723786
1769699349005
33596370667
34248606957
1769699350005
33622979429
34271224272
1769699351005
33649448703
34294272167
1769699352005
33676418011
34319328321
1769699353005
33706561319
34342112222
1769699354005
33738661389
34364634907
1769699355005
33765900505
34387229839
1769699356005
33792122980
34409798221
1769699357005
33818715843
34432725441
1769699358005
33847250424
34455519245
1769699359005
33873821590
34478639204
1769699360005
33900735359
34501175469
1769699361005
33927110826
34524206520
1769699362005
33954106501
34549232218
1769699363006
33988074974
34572097887
1769699364005
34015463694
34594760396
1769699365005
34043337482
34617381465
1769699366005
34069662552
34640024322
1769699367005
34096130833
34662956760
1769699368005
34122542248
34685729950
1769699369005
34154456354
34708935507
1769699370005
34181965063
34731800566
1769699371005
34208381178
34754775162
1769699372005
34235008844
34780278863
1769699373005
34261462341
34804190072
1769699374005
34288707407
34826937598
1769699375005
34315828654
34849970251
1769699376006
34342138604
34872692968
1769699377005
34368490878
34895658013
1769699378005
34394906444
34918399818
1769699379005
34421292820
34941544724
1769699380005
34447767189
34964701516
1769699381005
34474226728
34987802799
1769699382005
34502390768
35011841412
1769699383005
34528828122
35035631930
1769699384005
34556439319
35058201884
1769699385005
34590407365
35081161420
1769699386005
34616729429
35103726263
1769699387005
34643255447
35126670145
1769699388005
34669650048
35149392877
1769699389005
34696325487
35172277711
1769699390005
34723132817
35195084743
1769699391005
34749564860
35217990343
1769699392005
34776528249
35243150648
1769699393005
34808739382
35267076366
1769699394005
34835516562
35290474616
1769699395005
34862635124
35313634811
1769699396005
34888864404
35336115139
1769699397005
34915605559
35359000354
1769699398005
34942076496
35381652945
1769699399005
34968667558
35404787781
1769699400005
34997700893
35427461734
1769699401005
35028452019
35450422765
1769699402005
35056338302
35475152093
1769699403006
35084407056
35497902030
1769699404005
35111965644
35520616676
1769699405005
35140029012
35543236356
1769699406005
35166538887
35565721841
1769699407005
35193401527
35588603394
1769699408005
35220095825
35611124797
1769699409005
35246909746
35634272648
1769699410006
35273801788
35657022341
1769699411005
35300165613
35679926232
1769699412005
35327413303
35704761572
1769699413005
35354059981
35728458893
1769699414005
35381513914
35751063376
1769699415005
35408951186
35773700221
1769699416005
35441456478
35796335312
1769699417005
35469004828
35819073653
1769699418005
35495396636
35841830518
1769699419005
35521866352
35865026080
1769699420005
35548184754
35887606501
1769699421005
35575201087
35910535491
1769699422005
35603566045
35934705109
1769699423005
35630489839
35962858820
1769699424005
35657836005
35985887735
1769699425005
35684908594
36008680700
1769699426005
35711481241
36031464296
1769699427005
35737845310
36054582272
1769699428005
35764275446
36077486437
1769699429005
35790471281
36100768772
1769699430005
35816623798
36123482792
1769699431005
35843364176
36146744788
1769699432005
35876396021
36171982755
1769699433005
35902862899
36196126206
1769699434005
35930064297
36218944194
1769699435005
35957566094
36241655147
1769699436005
35984438484
36264280915
1769699437005
36011165404
36287017059
1769699438005
36037496775
36309702333
1769699439005
36063776819
36332798246
1769699440005
36090397543
36355621544
1769699441005
36117280262
36378495651
1769699442005
36145547981
36402519402
1769699443005
36173215190
36425394394
1769699444005
36199692260
36448444502
1769699445005
36226095451
36471662540
1769699446005
36253145978
36494123674
1769699447005
36282491582
36516813678
1769699448005
36313359966
36539426720
1769699449005
36340017874
36562464042
1769699450005
36366437436
36585139658
1769699451005
36393437215
36608198173
1769699452005
36420412749
36632816422
1769699453005
36453064869
36656933522
1769699454005
36480799579
36679562372
1769699455005
36508086483
36702096652
1769699456005
36535114977
36724734352
1769699457005
36561612539
36747538425
1769699458005
36588310713
36770151284
1769699459005
36615012396
36793242543
1769699460005
36641357896
36815883310
1769699461005
36668629236
36838583674
1769699462005
36696352626
36862962647
1769699463005
36729135659
36886988214
1769699464005
36757389798
36909820819
1769699465005
36784917443
36932341688
1769699466005
36812070763
36954922216
1769699467005
36838997547
36977684345
1769699468005
36865671613
37000205732
1769699469005
36892362555
37023368002
1769699470005
36918876290
37045906936
1769699471005
36945833193
37068706050
1769699472005
36974230711
37093067004
1769699473005
37000711352
37116898138
1769699474005
37028276928
37139442749
1769699475005
37055686170
37161923153
1769699476005
37081972744
37184457038
1769699477005
37109006151
37207289994
1769699478005
37135626433
37229882881
1769699479005
37168586246
37253106914
1769699480005
37194940245
37275706774
1769699481005
37221239315
37298609520
1769699482005
37248573320
37323863097
1769699483005
37281069915
37347776900
1769699484005
37309032413
37370527524
1769699485005
37336388405
37393081503
1769699486005
37362524031
37415581819
1769699487005
37389467294
37438557102
1769699488005
37415875459
37461456049
1769699489005
37442969242
37484421628
1769699490005
37469565950
37506942542
1769699491005
37495994943
37529810699
1769699492005
37524107670
37554686610
1769699493005
37550757751
37578341148
1769699494005
37580004026
37601411381
1769699495005
37610598543
37624846449
1769699496005
37637180497
37647369698
1769699497005
37664412869
37670234635
1769699498005
37690900284
37692780283
1769699499005
37717521221
37715829323
1769699500005
37744028472
37738421798
1769699501005
37770419349
37761485699
1769699502005
37799076513
37785747994
1769699503005
37825621222
37809736728
1769699504005
37852312758
37833009115
1769699505005
37879704912
37856311712
1769699506005
37906018920
37878911175
1769699507005
37933276284
37901743643
1769699508005
37959779872
37924398554
1769699509005
37986676247
37947204946
1769699510005
38019520618
37969944508
1769699511005
38046139786
37992888756
1769699512005
38073996424
38017836791
1769699513005
38106471078
38041854394
1769699514005
38134204736
38064491010
1769699515005
38161794114
38087105792
1769699516005
38188038911
38109618315
1769699517005
38215210968
38132464393
1769699518005
38241668188
38155052336
1769699519005
38268438104
38178125056
1769699520005
38295151201
38200787657
1769699521005
38321747558
38223734346
1769699522005
38348985163
38249013145
1769699523005
38375498913
38272588357
1769699524005
38402829317
38295319756
1769699525005
38430315307
38318008234
1769699526005
38463079696
38340586397
1769699527005
38490580715
38363279315
1769699528005
38517472665
38386076949
1769699529005
38544061607
38409148357
1769699530005
38570694019
38431851788
1769699531005
38597360349
38454404500
1769699532005
38626617518
38477924662
1769699533005
38653746075
38501802608
1769699534005
38681301382
38524401338
1769699535005
38708723502
38547086811
1769699536005
38735065813
38569703881
1769699537005
38761557424
38592544207
1769699538005
38788454791
38615298386
1769699539005
38815203515
38638416926
1769699540005
38841808325
38661024736
1769699541005
38871099977
38683890710
1769699542005
38902110245
38708801272
1769699543005
38936477242
38731598753
1769699544005
38963572474
38754805912
1769699545005
38990314103
38777916304
1769699546005
39016922621
38800418909
1769699547005
39043431473
38822856103
1769699548005
39071671071
38845667332
1769699549005
39098576540
38868627815
1769699550005
39124988138
38891447527
1769699551005
39151253488
38914359199
1769699552005
39178240709
38939769155
1769699553005
39205134445
38963667135
1769699554005
39231842231
38987023776
1769699555005
39258490984
39010274420
1769699556005
39285052919
39032760730
1769699557005
39317648707
39055332545
1769699558005
39345409036
39078114296
1769699559005
39372705674
39100798959
1769699560005
39399455206
39123389054
1769699561005
39425852767
39146283393
1769699562005
39453030988
39171170457
1769699563005
39480323095
39195055361
1769699564005
39507781025
39217539107
1769699565005
39535444039
39240094017
1769699566005
39561778538
39262580647
1769699567005
39588124176
39285040744
1769699568005
39615591353
39308029255
1769699569005
39642293737
39331175702
1769699570005
39668940675
39353709556
1769699571005
39695574979
39376529115
1769699572005
39722595203
39401575672
1769699573005
39760067203
39425624202
1769699574005
39787318312
39448922405
1769699575005
39814180341
39472097751
1769699576005
39840659349
39494609297
1769699577005
39867190905
39517141610
1769699578005
39894436811
39540055494
1769699579005
39920979856
39563005815
1769699580005
39947481873
39585706545
1769699581006
39973967396
39608468094
1769699582005
40001306971
39633285414
1769699583005
40028689435
39656883849
1769699584005
40055702763
39680253231
1769699585005
40083011348
39703212096
1769699586005
40109744188
39725624236
1769699587005
40136230901
39748050826
1769699588005
40165714194
39770940954
1769699589005
40196453434
39794090453
1769699590005
40222916207
39816829435
1769699591005
40249113171
39839656471
1769699592005
40276192642
39864859666
1769699593005
40304215531
39887659131
1769699594005
40332193103
39910375211
1769699595005
40359142759
39933065062
1769699596005
40385322435
39955859995
1769699597005
40411484931
39978523344
1769699598005
40437805058
40001657493
1769699599005
40464619421
40024918298
1769699600005
40491045194
40047621226
1769699601006
40517354746
40070622600
1769699602005
40545651638
40094832926
1769699603005
40577946919
40118916077
1769699604005
40611648530
40141828924
1769699605005
40639169766
40164463740
1769699606005
40665510140
40187159298
1769699607005
40691823812
40209869396
1769699608005
40718346580
40232905559
1769699609005
40745159311
40256079653
1769699610004
40771476690
40278836975
1769699611005
40797946742
40301804782
1769699612005
40824934924
40326918931
1769699613005
40851796557
40350891324
1769699614005
40879483465
40373626553
1769699615005
40906789639
40396247942
1769699616005
40933151069
40418915059
1769699617005
40959364633
40441468519
1769699618005
40986065782
40464453185
1769699619005
41013066782
40487735993
1769699620005
41046050732
40510391987
1769699621005
41072515383
40533484100
1769699622005
41100758887
40557741467
1769699623005
41127154982
40581472295
1769699624005
41155136827
40604078548
1769699625005
41182265292
40626671496
1769699626005
41208756185
40649357914
1769699627005
41235129883
40671839692
1769699628005
41261911884
40694850770
1769699629005
41288936762
40718031441
1769699630005
41315720945
40740574297
1769699631005
41342504960
40763599595
1769699632005
41369515526
40788500377
1769699633005
41396519989
40816546930
1769699634005
41424337230
40839458969
1769699635005
41455075112
40861950954
1769699636005
41485202308
40884495763
1769699637005
41511848299
40907091030
1769699638005
41538580971
40929949650
1769699639005
41565615813
40952980427
1769699640004
41592101168
40975665060
1769699641005
41618506052
40998768311
1769699642005
41646355671
41023129982
1769699643005
41674395160
41045837563
1769699644005
41701425867
41069061780
1769699645005
41728039771
41092539417
1769699646005
41754419678
41115091275
1769699647005
41781016905
41137688541
1769699648005
41807805070
41160692463
1769699649005
41834232765
41183747362
1769699650005
41861600933
41206407781
1769699651005
41894115289
41229322077
1769699652005
41921660007
41254422555
1769699653005
41949489546
41277207388
1769699654005
41976896210
41299759551
1769699655005
42004542272
41322277918
1769699656005
42031023690
41344888382
1769699657005
42057331396
41367418711
1769699658005
42083861442
41390486274
1769699659005
42110133460
41413640869
1769699660005
42137030171
41436378966
1769699661005
42163289723
41459498254
1769699662005
42190626520
41484425340
1769699663005
42217253256
41512745332
1769699664005
42244575833
41535513595
1769699665005
42272413367
41558122075
1769699666005
42298654900
41580724361
1769699667005
42331272781
41603395307
1769699668005
42357885250
41626361466
1769699669005
42384351976
41649497080
1769699670005
42411051584
41672206034
1769699671005
42437327172
41695213572
1769699672004
42465678245
41719449166
1769699673005
42493490313
41742199332
1769699674005
42519862256
41765422313
1769699675005
42546725582
41788688078
1769699676005
42573058632
41811265783
1769699677005
42599432787
41833923364
1769699678005
42626296342
41856722539
1769699679005
42652796360
41879803407
1769699680005
42679903189
41902479068
1769699681005
42706235201
41925535524
1769699682005
42735682928
41950645065
1769699683005
42765843340
41974607235
1769699684005
42793076841
41997421592
1769699685005
42820756745
42020240099
1769699686005
42846828013
42043015578
1769699687005
42873064297
42065811076
1769699688005
42899965249
42088771085
1769699689005
42926381760
42111992007
1769699690005
42953180133
42134700076
1769699691005
42979355309
42157749253
1769699692005
43006086714
42183060566
1769699693005
43038205155
42207086729
1769699694005
43065721753
42229933539
1769699695005
43093503260
42252608606
1769699696005
43119888370
42275158999
1769699697005
43146223205
42297905961
1769699698005
43178992155
42320988614
1769699699005
43205814758
42344168415
1769699700005
43233508410
42366952592
1769699701005
43259826552
42389904530
1769699702005
43286627260
42414810392
1769699703005
43313215256
42438834128
1769699704005
43340428768
42461530281
1769699705005
43368163388
42484318333
1769699706005
43394922166
42507037876
1769699707005
43421515411
42529754673
1769699708005
43448219504
42552658595
1769699709005
43474738976
42575634915
1769699710005
43501302834
42598269517
1769699711005
43528066938
42621190252
1769699712005
43556235769
42645504806
1769699713005
43584286610
42668248305
1769699714005
43618041685
42690900240
1769699715005
43645160263
42713534644
1769699716005
43671895117
42736452511
1769699717005
43698160451
42759194926
1769699718005
43724631373
42782260689
1769699719005
43750891276
42805478375
1769699720006
43777121822
42828222194
1769699721005
43804048118
42851414797
1769699722005
43832116750
42875682157
1769699723005
43859032564
42903551047
1769699724005
43886100409
42926500971
1769699725005
43913344926
42949184536
1769699726005
43939793265
42971886441
1769699727005
43966184661
42994710929
1769699728005
43992897056
43017657329
1769699729005
44021838094
43040890960
1769699730005
44051892326
43063561922
1769699731005
44078608275
43086710444
1769699732005
44105488462
43111917743
1769699733005
44133422976
43134602804
1769699734005
44160584062
43157303198
1769699735005
44187793501
43179909131
1769699736005
44214564868
43202522646
1769699737006
44240837374
43225156470
1769699738005
44267656131
43248150643
1769699739005
44293997115
43271496649
1769699740005
44320379128
43294158593
1769699741005
44347339297
43317241491
1769699742005
44375446806
43341758579
1769699743005
44402038022
43365519603
1769699744005
44429300863
43388282754
1769699745005
44462885735
43410864167
1769699746005
44489774466
43433550250
1769699747005
44516078892
43456240070
1769699748005
44542394594
43479119182
1769699749005
44568941591
43502561955
1769699750006
44595184832
43525252249
1769699751005
44621951591
43548227119
1769699752005
44649200655
43573190413
1769699753005
44682347683
43596096317
1769699754005
44710203222
43619080877
1769699755005
44737466201
43641844669
1769699756005
44763903738
43664633941
1769699757005
44789984329
43687603853
1769699758005
44816157398
43710526023
1769699759005
44842714115
43734178379
1769699760005
44869100400
43756933779
1769699761005
44902100281
43780100580
1769699762005
44930161299
43804418476
1769699763005
44956459881
43828538414
1769699764005
44983816804
43851319767
1769699765005
45011302595
43874065387
1769699766005
45037703207
43896632304
1769699767005
45064637529
43919322583
1769699768005
45090988568
43942307844
1769699769005
45117508590
43965795231
1769699770005
45143919715
43988573106
1769699771005
45170013000
44011583772
1769699772004
45197218853
44037148750
1769699773005
45223385271
44061218138
1769699774005
45250686914
44084026529
1769699775005
45277693375
44106880571
1769699776005
45306936019
44129780068
1769699777005
45336684190
44152499962
1769699778005
45362840812
44175420285
1769699779005
45389314617
44199007872
1769699780005
45415471116
44221780650
1769699781005
45441598549
44244745192
1769699782005
45469911157
44269383245
1769699783005
45502236771
44293766857
1769699784005
45529598866
44316674486
1769699785005
45556638392
44339379916
1769699786005
45582683538
44362083804
1769699787005
45609300494
44384961283
1769699788005
45635503774
44407816989
1769699789005
45662267222
44431416507
1769699790005
45688474073
44454147219
1769699791005
45715183507
44477028940
1769699792005
45749718449
44501674348
1769699793005
45777807939
44524583457
1769699794005
45804757503
44547408968
1769699795005
45831839568
44570146195
1769699796005
45857944908
44592845598
1769699797005
45884643814
44615639005
1769699798005
45910707926
44638622070
1769699799005
45937505063
44662148563
1769699800005
45963920094
44684859165
1769699801005
45990186940
44707846395
1769699802005
46018277513
44732316657
1769699803005
46044661082
44756347534
1769699804005
46071327534
44779201500
1769699805005
46098598371
44802067459
1769699806005
46124833449
44824815352
1769699807005
46151631639
44847572888
1769699808005
46184301245
44870376518
1769699809005
46210991057
44894136428
1769699810005
46237209047
44916961939
1769699811005
46263564861
44940010460
1769699812005
46290935760
44965153660
1769699813005
46318036821
44992722700
1769699814005
46344596285
45016342145
1769699815005
46371046928
45039617644
1769699816005
46397361134
45062165550
1769699817005
46424187323
45084649785
1769699818005
46450739843
45107142716
1769699819005
46477632618
45130585428
1769699820005
46504196506
45153237577
1769699821005
46530822692
45176171617
1769699822005
46558596937
45200659181
1769699823006
46588757501
45224495992
1769699824005
46618319266
45247872987
1769699825005
46644838891
45270994671
1769699826005
46671391808
45293500160
1769699827005
46697917719
45316039415
1769699828005
46724892994
45338708256
1769699829005
46751656075
45362070695
1769699830004
46778332216
45384655556
1769699831005
46804889787
45407448429
1769699832005
46831737139
45432719095
1769699833005
46858590074
45456624246
1769699834005
46886028475
45479330119
1769699835005
46913178758
45501894473
1769699836005
46939473678
45524513939
1769699837005
46965801281
45547107741
1769699838005
46992598586
45569806961
1769699839005
47025657316
45593201824
1769699840005
47052138292
45615978096
1769699841005
47078476774
45639112246
1769699842005
47106494353
45663248174
1769699843005
47133659162
45691604602
1769699844005
47160399189
45714956315
1769699845005
47187039992
45738237582
1769699846005
47213405008
45760720031
1769699847005
47239894315
45783531626
1769699848005
47266880605
45806221935
1769699849005
47293908214
45829684467
1769699850005
47320581640
45852365393
1769699851005
47347118109
45875297083
1769699852005
47374139279
45900427269
1769699853005
47401207170
45924460984
1769699854005
47428486551
45947185135
1769699855005
47461698442
45969871050
1769699856005
47488111687
45992547749
1769699857005
47514356577
46015088789
1769699858005
47541290563
46037780426
1769699859005
47568255034
46061077713
1769699860005
47594823210
46083699193
1769699861005
47621293765
46106523468
1769699862005
47649663376
46130687044
1769699863005
47676628428
46154486228
1769699864005
47704048289
46177100735
1769699865005
47731560279
46199642340
1769699866005
47757879307
46222124850
1769699867005
47784292949
46244630156
1769699868005
47811121304
46267300035
1769699869005
47838090689
46290795371
1769699870005
47867647724
46313380293
1769699871005
47897297863
46336398222
1769699872005
47924351945
46361438889
1769699873005
47957043720
46385434520
1769699874005
47984840729
46408159770
1769699875005
48012149528
46430728015
1769699876005
48038601591
46453207733
1769699877005
48065161588
46475805335
1769699878005
48091937318
46498342286
1769699879005
48119264472
46521657746
1769699880005
48145682158
46544253516
1769699881005
48172180605
46567270301
1769699882004
48198951925
46592330055
1769699883005
48225577761
46616169902
1769699884005
48253450007
46638821975
1769699885005
48281239113
46661498811
1769699886005
48314181532
46684080285
1769699887005
48340746762
46706657959
1769699888005
48367297284
46729360963
1769699889005
48395251680
46752879583
1769699890006
48421816316
46775508891
1769699891005
48448386307
46798421524
1769699892005
48475183444
46823665489
1769699893005
48501570233
46847631550
1769699894005
48529514893
46870429947
1769699895005
48556720441
46893009238
1769699896005
48583150898
46915583160
1769699897005
48609384161
46938131066
1769699898005
48635800611
46960782635
1769699899005
48663144671
46984217733
1769699900005
48689501264
47006836894
1769699901005
48716849718
47029947271
1769699902005
48750452091
47054641642
1769699903005
48784132555
47077514040
1769699904005
48812191773
47100856583
1769699905005
48838518963
47124145997
1769699906005
48864747069
47146727227
1769699907005
48891031125
47169572329
1769699908005
48917252074
47192455545
1769699909005
48944707548
47215691938
1769699910005
48971104422
47238532004
1769699911005
48997285243
47261661774
1769699912005
49025160984
47285922437
1769699913005
49052889088
47308650097
1769699914005
49080690216
47331501378
1769699915005
49108107179
47354174217
1769699916005
49134485316
47376666615
1769699917005
49164380713
47399207655
1769699918005
49193746778
47421954022
1769699919005
49220517656
47445678976
1769699920005
49247042865
47468347908
1769699921005
49273533485
47491365319
1769699922005
49300490175
47516413309
1769699923005
49327134793
47539950559
1769699924005
49355263206
47562689999
1769699925005
49382577650
47585381743
1769699926005
49409177044
47607940238
1769699927005
49435719586
47630482529
1769699928005
49462114858
47653197953
1769699929005
49489414807
47676671150
1769699930005
49515842578
47699308285
1769699931005
49542087818
47722265853
1769699932005
49570353019
47746474928
1769699933005
49603719275
47774727755
1769699934005
49630939898
47798088196
1769699935005
49657410376
47821158383
1769699936005
49683843732
47843720052
1769699937005
49710146602
47866265731
1769699938005
49736550784
47888867818
1769699939005
49763550990
47912118035
1769699940005
49790379467
47934933063
1769699941005
49816778737
47957866676
1769699942005
49845020440
47982013331
1769699943005
49871627020
48005992758
1769699944005
49898152229
48029280951
1769699945005
49925023459
48053053510
1769699946005
49951553139
48075657856
1769699947005
49978038937
48098229168
1769699948005
50004696860
48120899565
1769699949005
50037517596
48144180588
1769699950005
50064588797
48167357185
1769699951005
50091154989
48190424046
1769699952005
50118166532
48215471213
1769699953005
50145887602
48238176490
1769699954005
50173055448
48260879692
1769699955005
50200661564
48283903251
1769699956005
50226826867
48306530179
1769699957005
50252983367
48329176911
1769699958005
50279164248
48351936110
1769699959005
50305546200
48375117833
1769699960005
50332705043
48398248977
1769699961005
50358993662
48421146932
1769699962005
50387078849
48445444122
1769699963005
50419600467
48469279559
1769699964005
50449570826
48492648102
1769699965005
50479641994
48515999403
1769699966005
50505926463
48538604267
1769699967005
50532222695
48561153241
1769699968005
50558686078
48583872007
1769699969005
50585217665
48607014197
1769699970005
50612348434
48630017691
1769699971005
50638477957
48652995355
1769699972005
50665439240
48678037974
1769699973005
50691721313
48702127091
1769699974005
50718803134
48724882949
1769699975005
50746428643
48747741843
1769699976005
50772560165
48770426095
1769699977005
50798802048
48793069669
1769699978005
50825000950
48815848078
1769699979005
50851467034
48838980716
1769699980005
50885235902
48862082244
1769699981005
50911592892
48885091781
1769699982005
50938199823
48910539577
1769699983005
50965882351
48933389195
1769699984005
50992266256
48956717135
1769699985005
51019048562
48980022708
1769699986005
51045458131
49002669013
1769699987005
51071892036
49025324473
1769699988005
51098164390
49048044139
1769699989005
51124655574
49071211550
1769699990005
51151915806
49094063197
1769699991005
51178300626
49116935031
1769699992005
51205570807
49142270391
1769699993005
51236773799
49166222399
1769699994005
51264620122
49189188039
1769699995005
51292203046
49212066937
1769699996005
51324966260
49234743575
1769699997005
51351215146
49257512234
1769699998005
51377411362
49280262613
1769699999005
51403866537
49303408221
1769700000005
51430630183
49326466370
1769700001005
51457516030
49349546491
1769700002005
51484957329
49374299575
1769700003005
51511328402
49398411609
1769700004005
51538871900
49421112141
1769700005005
51566203525
49443984203
1769700006005
51593211100
49466684796
1769700007005
51619502831
49489423794
1769700008005
51645783958
49512323580
1769700009005
51672066626
49535505990
1769700010005
51698658589
49558653612
1769700011005
51729190518
49581694214
1769700012005
51759649102
49606462053
1769700013005
51787636028
49629443210
1769700014005
51813950127
49652837157
1769700015005
51840369781
49676290702
1769700016005
51867175204
49699031728
1769700017005
51893502837
49721755758
1769700018005
51919832057
49744648678
1769700019005
51946357068
49767960064
1769700020005
51972909238
49791039391
1769700021005
51999691422
49814060036
1769700022005
52026812914
49839219044
1769700023005
52059068646
49863387273
1769700024005
52086491102
49886322137
1769700025005
52113598434
49909066185
1769700026005
52140295509
49931867908
1769700027005
52173019372
49954624117
1769700028005
52199231029
49977357148
1769700029005
52225621343
50000511224
1769700030005
52252248521
50023565269
1769700031005
52279155317
50046476407
1769700032005
52306722617
50071224913
1769700033005
52333040195
50095250023
1769700034005
52359314349
50118590140
1769700035005
52385735880
50141995683
1769700036005
52412686238
50164597358
1769700037005
52439122936
50187127535
1769700038005
52465585480
50209721673
1769700039005
52492175719
50232832797
1769700040005
52519050351
50255649305
1769700041005
52546230495
50278442606
1769700042005
52574164124
50302843108
1769700043005
52606570285
50326899344
1769700044005
52633677770
50349743530
1769700045005
52660908570
50372539623
1769700046005
52687518644
50395442506
1769700047005
52713588051
50418206054
1769700048005
52739735685
50441185456
1769700049005
52766037975
50464425206
1769700050005
52792548018
50487682411
1769700051005
52819229881
50510645106
1769700052005
52845879046
50536012324
1769700053005
52878061479
50560240487
1769700054005
52905623011
50583073291
1769700055005
52932814629
50605835984
1769700056005
52959043329
50628600874
1769700057005
52985782226
50651269349
1769700058005
53015519458
50674132669
1769700059005
53044985601
50697209127
1769700060005
53071587787
50720386243
1769700061005
53098060020
50743490593
1769700062005
53125956404
50767932444
1769700063005
53152311060
50791921758
1769700064005
53179610826
50814703097
1769700065005
53207010745
50837532284
1769700066005
53233672559
50860315728
1769700067005
53260706455
50882839679
1769700068005
53287271380
50905459115
1769700069005
53313705194
50928505698
1769700070005
53340491162
50951662948
1769700071005
53366748578
50974529930
1769700072005
53395689953
50998868042
1769700073005
53423706235
51021466208
1769700074005
53456737531
51044602386
1769700075005
53483178608
51067880968
1769700076005
53509437961
51090405422
1769700077005
53536339433
51113048798
1769700078005
53562676800
51135686375
1769700079005
53589302514
51158790924
1769700080005
53615833170
51181795624
1769700081005
53642090403
51204698004
1769700082005
53669840890
51229782858
1769700083005
53703560842
51252731638
1769700084005
53730935525
51275575381
1769700085005
53758150990
51298220603
1769700086005
53784339730
51320775757
1769700087005
53810914604
51343491241
1769700088005
53837338561
51366474168
1769700089005
53864012154
51389693076
1769700090005
53896686840
51412621806
1769700091005
53922936429
51435605863
1769700092004
53950495963
51460900529
1769700093005
53976770162
51484987952
1769700094005
54003983202
51507793429
1769700095005
54031136293
51530529054
1769700096005
54057421921
51553200474
1769700097005
54084026289
51575920490
1769700098005
54110375192
51598644031
1769700099005
54137658220
51621935948
1769700100005
54164398475
51644902793
1769700101005
54190680731
51668028901
1769700102005
54218474414
51692892057
1769700103005
54244837140
51716739426
1769700104005
54272296276
51739489729
1769700105005
54302510916
51762658621
1769700106005
54331549026
51785330636
1769700107005
54358227105
51808114568
1769700108005
54384555074
51831012431
1769700109005
54410960446
51854212877
1769700110005
54437664601
51877301007
1769700111005
54464298508
51900062205
1769700112005
54492482338
51924333609
1769700113005
54526656398
51947275981
1769700114005
54554611282
51970337120
1769700115005
54581713655
51993203949
1769700116005
54607790248
52016022975
1769700117005
54633796152
52038741801
1769700118005
54660487246
52061528754
1769700119005
54686940681
52084746685
1769700120006
54713533193
52107800318
1769700121005
54746538048
52130637348
1769700122005
54775783453
52154122385
1769700123005
54802588875
52178031427
1769700124005
54829954174
52200805228
1769700125005
54857429286
52223505882
1769700126005
54883798695
52246160289
1769700127005
54910191022
52268839628
1769700128005
54937177587
52291611613
1769700129005
54963713752
52314857817
1769700130005
54990471676
52337806215
1769700131005
55016811836
52360667352
1769700132005
55043829405
52385672788
1769700133005
55070793053
52409431982
1769700134005
55097041680
52432775043
1769700135005
55123314736
52456201703
1769700136005
55150044417
52478925687
1769700137005
55182081319
52501736687
1769700138005
55208974872
52524521809
1769700139005
55235355145
52547740686
1769700140005
55261791721
52570547734
1769700141005
55288161573
52593711407
1769700142005
55316243388
52617819413
1769700143005
55348804433
52641890358
1769700144005
55375487211
52665413571
1769700145005
55401907109
52688752482
1769700146005
55428155447
52711302036
1769700147005
55454575940
52733939965
1769700148005
55481426206
52756580243
1769700149005
55507833821
52779687034
1769700150005
55534116184
52802431815
1769700151005
55560847117
52825807177
1769700152009
55591726913
52851179889
1769700153005
55621930750
52874093544
1769700154005
55648214547
52897610456
1769700155005
55674407650
52920966059
1769700156005
55700711405
52943676662
1769700157005
55726874908
52966279268
1769700158005
55753743239
52989009736
1769700159005
55780241166
53012108319
1769700160005
55806732289
53034780928
1769700161005
55833344545
53058235969
1769700162005
55860868543
53082710975
1769700163005
55889218090
53105518832
1769700164005
55916395075
53128312590
1769700165005
55943542368
53151067060
1769700166005
55969763546
53173756575
1769700167005
55996137259
53196368107
1769700168005
56029435646
53219102482
1769700169005
56056102053
53242328728
1769700170005
56082498424
53265134571
1769700171005
56109026165
53288392706
1769700172005
56136136763
53313576783
1769700173005
56162864018
53341728525
1769700174005
56190554008
53364978360
1769700175005
56217621334
53387699430
1769700176005
56243822081
53410431149
1769700177005
56269816251
53433185679
1769700178005
56295865090
53456007314
1769700179005
56322685328
53479229502
1769700180005
56348966974
53502087221
1769700181005
56375549156
53525170531
1769700182004
56402451100
53550488283
1769700183005
56429207026
53574667422
1769700184005
56462837778
53597483274
1769700185005
56490158311
53620313102
1769700186005
56516422974
53642896804
1769700187005
56542673677
53665561067
1769700188005
56568934434
53688304718
1769700189005
56595646187
53711549045
1769700190005
56622244513
53734531057
1769700191005
56648886583
53757633622
1769700192005
56675592203
53782701845
1769700193005
56703492005
53805356282
1769700194005
56730345093
53828782927
1769700195005
56756641234
53852109632
1769700196005
56782965526
53874839139
1769700197005
56809335790
53897617350
1769700198005
56835768322
53920349130
1769700199005
56866467158
53943567412
1769700200005
56895584869
53966274428
1769700201005
56922185255
53989566269
1769700202005
56950059286
54013852229
1769700203006
56983634988
54036716479
1769700204005
57011281874
54060281560
1769700205005
57037685293
54083578131
1769700206005
57063856929
54106104050
1769700207005
57090013047
54128691658
1769700208005
57116356808
54151387719
1769700209005
57143242563
54174574829
1769700210005
57169687210
54197189016
1769700211005
57196059565
54220490316
1769700212005
57223022022
54245531837
1769700213005
57249272969
54269472661
1769700214005
57277916644
54292286942
1769700215005
57311285051
54314969317
1769700216005
57337415994
54337695589
1769700217005
57363607602
54360378086
1769700218005
57389685843
54383086842
1769700219005
57416839621
54405758826
1769700220005
57443369163
54428599305
1769700221005
57470195778
54451792243
1769700222005
57497684866
54476315984
1769700223005
57523989673
54500134622
1769700224005
57550738092
54523615463
1769700225005
57576984812
54547013606
1769700226005
57603059086
54569723903
1769700227005
57629145505
54592377258
1769700228005
57655336411
54615176845
1769700229005
57681664716
54638372041
1769700230005
57709029390
54661225672
1769700231005
57741264051
54684611578
1769700232005
57769254837
54708718745
1769700233005
57795838499
54736633622
1769700234005
57823135458
54760079736
1769700235005
57850470790
54782790567
1769700236005
57876628205
54805587820
1769700237005
57902611084
54828303228
1769700238005
57928725304
54851208767
1769700239005
57955050602
54874633703
1769700240005
57981699264
54897461059
1769700241005
58007982771
54920924095
1769700242004
58034689688
54946117387
1769700243005
58061043732
54969927038
1769700244005
58087516515
54993242208
1769700245005
58114783980
55016627107
1769700246005
58145362889
55039206140
1769700247005
58174064392
55061788880
1769700248005
58200527867
55084437291
1769700249005
58227028587
55107538193
1769700250005
58254140848
55130253693
1769700251005
58280849992
55153599104
1769700252005
58307696474
55178568287
1769700253005
58335626456
55201428784
1769700254005
58362735803
55224191767
1769700255005
58390115979
55246999257
1769700256005
58416282060
55269872373
1769700257005
58442465459
55292569716
1769700258005
58468835266
55315333050
1769700259005
58495195597
55338342770
1769700260005
58522065820
55361156074
1769700261005
58548711262
55384460609
1769700262005
58581737676
55409685501
1769700263005
58615532269
55432662172
1769700264005
58642898896
55455624851
1769700265005
58670567829
55478414414
1769700266005
58696680630
55501105761
1769700267005
58722876098
55523942287
1769700268005
58749006110
55546775594
1769700269005
58775344348
55570001322
1769700270005
58802311749
55592887605
1769700271005
58828855008
55616160235
1769700272005
58856440816
55640944201
1769700273005
58884045117
55663819544
1769700274005
58910973411
55686726395
1769700275005
58938615064
55709658345
1769700276005
58964826858
55732482497
1769700277005
58992038494
55755236402
1769700278005
59023533417
55777950300
1769700279005
59049889094
55801227340
1769700280005
59076781304
55823912538
1769700281005
59103199432
55847311917
1769700282005
59130068831
55872085446
1769700283005
59156290971
55896106497
1769700284005
59183364491
55918822211
1769700285005
59210789099
55941507225
1769700286005
59237082233
55964283956
1769700287005
59263216243
55987073671
1769700288005
59289431608
56009990348
1769700289005
59316127294
56032974160
1769700290005
59342358283
56055697731
1769700291005
59369431789
56079026649
1769700292005
59396412983
56104139242
1769700293005
59430742690
56128368869
1769700294005
59460300792
56151365895
1769700295005
59487524925
56174105228
1769700296005
59515164532
56196891250
1769700297005
59541366653
56219673001
1769700298005
59567406688
56242593996
1769700299005
59593705484
56265974622
1769700300005
59619881773
56288775766
1769700301005
59646744947
56312475636
1769700302005
59673454152
56337796378
1769700303005
59701303252
56360714657
1769700304005
59728358799
56383584538
1769700305005
59755734855
56406426664
1769700306005
59782472883
56429073472
1769700307005
59808698180
56451648492
1769700308005
59835270369
56474551635
1769700309005
59868342450
56497590956
1769700310005
59894650446
56520415535
1769700311005
59921478038
56543816806
1769700312005
59948163487
56569229814
1769700313005
59974380347
56593014610
1769700314005
60001339204
56615810596
1769700315005
60028611689
56638548891
1769700316005
60055277943
56661198873
1769700317005
60081339843
56683886329
1769700318005
60107804340
56706780821
1769700319005
60134251031
56730032304
1769700320005
60160649065
56752713199
1769700321005
60187863341
56775731799
1769700322004
60215693826
56800274185
1769700323005
60242707703
56828669293
1769700324005
60270466720
56851584963
1769700325005
60303144076
56874250371
1769700326005
60329800397
56896942862
1769700327005
60355885047
56919792236
1769700328005
60382271256
56942668845
1769700329005
60408638605
56965864667
1769700330005
60434966864
56988560621
1769700331005
60461952331
57011603528
1769700332005
60489395415
57036547687
1769700333005
60515863941
57060260954
1769700334005
60543150433
57082860875
1769700335005
60570308528
57105531394
1769700336005
60597094008
57128197214
1769700337005
60623478585
57150870297
1769700338005
60649816212
57173544784
1769700339005
60676169631
57196703300
1769700340005
60706668618
57219462148
1769700341005
60735654836
57242618665
1769700342005
60762702510
57267662994
1769700343005
60788939281
57291369425
1769700344005
60816234852
57314129600
1769700345005
60843294289
57336780330
1769700346005
60869404496
57359400895
1769700347005
60896179448
57382142745
1769700348005
60922451786
57404851746
1769700349005
60948855343
57428095096
1769700350005
60975129726
57450709512
1769700351005
61001371823
57473642393
1769700352005
61029509406
57498657579
1769700353005
61061852521
57522639386
1769700354005
61089499727
57545296524
1769700355005
61116800012
57567932500
1769700356005
61149455794
57590547861
1769700357005
61176315550
57613257274
1769700358005
61202711172
57635923948
1769700359005
61229053392
57659194397
1769700360005
61255344895
57681918563
1769700361005
61281652570
57704873324
1769700362005
61309217673
57730498220
1769700363005
61335609955
57754513152
1769700364005
61362744141
57777167193
1769700365005
61390202545
57799780846
1769700366005
61416583520
57822351700
1769700367005
61443541247
57844962561
1769700368005
61470024512
57867497071
1769700369005
61496612920
57890570416
1769700370005
61523305845
57913126165
1769700371005
61551042692
57936112846
1769700372005
61584754632
57960984759
1769700373005
61611296946
57984785423
1769700374005
61637666523
58008047923
1769700375005
61664124643
58031275222
1769700376005
61690598173
58053835869
1769700377005
61717528039
58076510325
1769700378005
61744000288
58099093309
1769700379005
61770647744
58122164961
1769700380005
61797138241
58144767476
1769700381005
61823673170
58167792256
1769700382005
61851830237
58192756236
1769700383005
61884283622
58216571548
1769700384005
61911768925
58239380839
1769700385005
61939164618
58262038465
1769700386005
61965339168
58284589240
1769700387005
61996291669
58307266000
1769700388005
62024621381
58329980081
1769700389005
62051056949
58353199385
1769700390005
62077380859
58375917723
1769700391005
62103658507
58398986568
1769700392005
62131630953
58424223086
1769700393005
62158010311
58448116778
1769700394005
62185282185
58470998743
1769700395005
62212190126
58493826573
1769700396005
62238330330
58516528097
1769700397005
62265007219
58539234411
1769700398005
62291239764
58561921379
1769700399005
62317580306
58585120100
1769700400005
62343923517
58607880535
1769700401005
62370343248
58630699637
1769700402005
62398664903
58655568605
1769700403005
62431773100
58679459154
1769700404005
62458618208
58702370476
1769700405005
62485759764
58725168216
1769700406005
62511846672
58747853856
1769700407005
62538124961
58770648546
1769700408005
62564892116
58793633822
1769700409005
62591241431
58816936496
1769700410005
62617506598
58839724960
1769700411005
62643585221
58862877983
1769700412005
62670341955
58888462048
1769700413005
62703080359
58912605804
1769700414005
62729611701
58935964612
1769700415005
62755916326
58959181902
1769700416005
62782056896
58981792198
1769700417005
62808346201
59004481622
1769700418005
62836160604
59027364289
1769700419005
62868251733
59050705046
1769700420005
62894516275
59073484508
1769700421005
62920696851
59096558510
1769700422005
62949054180
59121033471
1769700423005
62975962960
59145060106
1769700424005
63002897099
59168343326
1769700425005
63029381660
59191728179
1769700426005
63055648643
59214412752
1769700427005
63081985629
59237087406
1769700428005
63108613784
59259939160
1769700429005
63135022422
59283260326
1769700430006
63161337803
59305964047
1769700431005
63187662919
59328918167
1769700432005
63215036335
59354354031
1769700433005
63243190138
59377146462
1769700434005
63273898205
59400650816
1769700435005
63302067876
59423885210
1769700436005
63328309835
59446673125
1769700437005
63354407027
59469283955
1769700438005
63381209886
59492168758
1769700439005
63407528486
59515306294
1769700440005
63433845103
59538181836
1769700441005
63459971423
59561279152
1769700442005
63486725670
59586771974
1769700443005
63514253695
59614877485
1769700444005
63540984613
59638494580
1769700445005
63567326192
59661907890
1769700446005
63593531105
59684577738
1769700447005
63619726833
59707386647
1769700448005
63646444064
59730252103
1769700449005
63672934942
59753309184
1769700450005
63705865139
59776159336
1769700451005
63732205910
59799216356
1769700452005
63759820754
59824552265
1769700453005
63786679182
59848403708
1769700454005
63813760545
59871132650
1769700455005
63840896273
59893911242
1769700456005
63867196991
59916722898
1769700457005
63893365697
59939391663
1769700458005
63919394792
59962502742
1769700459005
63945596531
59985943363
1769700460005
63971959441
60008739578
1769700461005
63998160814
60031926794
1769700462005
64025917436
60056966484
1769700463005
64052190567
60080956623
1769700464005
64079347122
60104231695
1769700465005
64107908587
60127007189
1769700466005
64139235565
60149628791
1769700467005
64165444720
60172226866
1769700468005
64191810498
60195020472
1769700469005
64218345106
60218464801
1769700470005
64244833300
60241145543
1769700471005
64271321523
60264022915
1769700472005
64299236904
60288720796
1769700473005
64330926000
60312651031
1769700474005
64358691089
60335688048
1769700475005
64386266369
60358223656
1769700476005
64412802564
60380849195
1769700477005
64439148049
60403381950
1769700478005
64465660106
60425997144
1769700479005
64492463178
60449439642
1769700480005
64519035657
60472167516
1769700481005
64550044429
60495043225
1769700482005
64579496062
60519941581
1769700483005
64607531172
60542738345
1769700484005
64634950942
60565811492
1769700485005
64662055757
60588647195
1769700486005
64688292483
60611396553
1769700487005
64714598679
60634011716
1769700488005
64740926083
60656708845
1769700489005
64768080868
60679900426
1769700490005
64794632031
60702482464
1769700491005
64821066226
60725485150
1769700492005
64848835831
60751115310
1769700493005
64875265236
60775034681
1769700494005
64902791049
60798089519
1769700495005
64929875143
60820653919
1769700496005
64956278044
60843242274
1769700497005
64989121393
60865857758
1769700498005
65015552124
60888474692
1769700499005
65042037449
60912042931
1769700500005
65068362641
60934621933
1769700501005
65094803458
60957797218
1769700502005
65122269796
60982927144
1769700503005
65154814011
61006748803
1769700504005
65182487247
61029937270
1769700505005
65209824060
61052542654
1769700506005
65236068934
61075123426
1769700507005
65262420858
61097834211
1769700508005
65288633232
61120565640
1769700509005
65316231063
61143361397
1769700510005
65342684178
61165929795
1769700511005
65369114208
61188765986
1769700512005
65397814796
61214220419
1769700513005
65429507707
61238131155
1769700514005
65457147589
61260854680
1769700515005
65484535378
61283558096
1769700516005
65510935151
61306285620
1769700517005
4651691
61328854383
1769700518005
31018262
61351551788
1769700519005
57780169
61374755086
1769700520005
84730359
61397325101
1769700521005
111124105
61420335248
1769700522005
138911471
61445260763
1769700523006
166667040
61468069794
1769700524005
193133109
61491405914
1769700525005
220167248
61514677171
1769700526005
246625307
61537337361
1769700527005
273038873
61559889494
1769700528005
304372778
61582589659
1769700529005
332755176
61605616255
1769700530005
359594868
61628202794
1769700531005
385926178
61651125483
1769700532005
413634538
61676172939
1769700533005
445851866
61700120309
1769700534005
473602552
61722863259
1769700535005
501172202
61745562555
1769700536005
527457204
61768357854
1769700537005
553635553
61791073018
1769700538005
579914681
61813760520
1769700539005
607224975
61837114812
1769700540005
634242377
61859799475
1769700541005
660699566
61882702344
1769700542005
687919563
61907503902
1769700543005
714904099
61931609101
1769700544005
747735485
61955048074
1769700545005
774923136
61978483325
1769700546005
801328875
62001139013
1769700547005
827556492
62023814614
1769700548005
853800480
62046546898
1769700549005
880274224
62069689881
1769700550005
907503041
62092380679
1769700551005
933875029
62115398638
1769700552005
960875998
62140545012
1769700553005
989208609
62163461033
1769700554005
1016578668
62186171238
1769700555005
1044285320
62208781931
1769700556005
1070717348
62231291693
1769700557005
1097318557
62253891079
1769700558005
1123938274
62276423071
1769700559005
1151605392
62299393792
1769700560005
1183893182
62322342404
1769700561005
1210220372
62345481832
1769700562005
1237710894
62370236716
1769700563005
1272081736
62393291402
1769700564005
1299553079
62416038150
1769700565005
1327829372
62438716192
1769700566005
1354353360
62461289671
1769700567005
1380788944
62483902576
1769700568005
1407266655
62506506418
1769700569005
1433878026
62529535089
1769700570005
1460857618
62552223612
1769700571005
1487176280
62575194837
1769700572005
1514693961
62600074623
1769700573005
1541642701
62623944208
1769700574005
1569094468
62646784381
1769700575005
1601052898
62669474339
1769700576005
1629057080
62692173147
1769700577005
1655387612
62714861732
1769700578005
1681747532
62737594306
1769700579005
1708780695
62760274712
1769700580005
1735263487
62782922299
1769700581005
1762105711
62805828753
1769700582004
1788725688
62831075876
1769700583005
1815471146
62855028861
1769700584005
1841946782
62878410952
1769700585005
1868348004
62901658728
1769700586005
1895250391
62924342110
1769700587005
1921469204
62946964841
1769700588005
1947752559
62969611192
1769700589005
1974364647
62992674971
1769700590005
2000707340
63015375595
1769700591005
2033846785
63038332385
1769700592005
2060786218
63063451981
1769700593005
2092628688
63087541540
1769700594005
2119752209
63110950562
1769700595005
2146274076
63134239031
1769700596005
2173141034
63156804194
1769700597005
2199447367
63179390199
1769700598005
2225765418
63201962045
1769700599005
2252213392
63224997383
1769700600004
2278606085
63247811938
1769700601005
2305552323
63270803044
1769700602005
2333165504
63295361664
1769700603005
2360313285
63319177419
1769700604005
2387679912
63341967180
1769700605005
2415272204
63364646045
1769700606005
2443633210
63387183469
1769700607005
2475403525
63409746222
1769700608005
2501833371
63432280121
1769700609005
2528311067
63455251879
1769700610005
2555055549
63478015778
1769700611005
2582060546
63500769377
1769700612005
2610316271
63524941482
1769700613005
2637312159
63548712012
1769700614005
2665474750
63571415275
1769700615005
2692659578
63594051738
1769700616005
2719359628
63616722151
1769700617005
2745422703
63639372576
1769700618005
2771574625
63662029409
1769700619005
2797910604
63685147644
1769700620005
2824240511
63707919675
1769700621005
2851106187
63730967128
1769700622005
2882561637
63755925020
1769700623005
2917076027
63779926312
1769700624005
2944915865
63802594878
1769700625005
2972139555
63825291855
1769700626005
2998814201
63847863869
1769700627005
3024966062
63870456329
1769700628005
3051198623
63893168808
1769700629005
3078400249
63915890060
1769700630005
3104767035
63938471259
1769700631005
3131696703
63961509832
1769700632005
3159305672
63986139906
1769700633005
3187532118
64008977241
1769700634006
3214970945
64031598584
1769700635005
3241866619
64054554840
1769700636005
3268433696
64077083109
1769700637005
3295431033
64099673280
1769700638005
3328040141
64122271111
1769700639005
3354700688
64145330160
1769700640005
3381282474
64167916791
1769700641005
3407713587
64190814944
1769700642005
3435634339
64215490182
1769700643005
3464051311
64238286199
1769700644005
3491364733
64260940255
1769700645005
3518782337
64283491640
1769700646005
3545216898
64306072305
1769700647005
3572033275
64328579381
1769700648005
3598519195
64351163021
1769700649005
3625098143
64374235299
1769700650005
3651623626
64396804399
1769700651005
3678087636
64419600949
1769700652005
3705393825
64444524038
1769700653005
3735423217
64471646796
1769700654005
3767990030
64494404606
1769700655005
3795493307
64516868075
1769700656005
3822224652
64539355605
1769700657005
3849138986
64561852412
1769700658005
3875470281
64584388402
1769700659005
3903081493
64607131336
1769700660005
3929469335
64629751306
1769700661005
3955990531
64652649413
1769700662005
3985039352
64676475833
1769700663005
4011966991
64700478544
1769700664005
4039589799
64723148468
1769700665005
4067228873
64745913526
1769700666005
4093491202
64768674999
1769700667005
4120143007
64791332336
1769700668005
4146446929
64814096936
1769700669005
4177689103
64837431178
1769700670005
4205711641
64860111661
1769700671005
4231957781
64883252951
1769700672005
4260057951
64907846238
1769700673005
4286687784
64931968312
1769700674005
4313883628
64954710849
1769700675005
4341054739
64977347343
1769700676005
4367183957
64999973462
1769700677005
4393808481
65022695462
1769700678005
4420124731
65045447765
1769700679005
4446801224
65068306553
1769700680005
4473294772
65090974585
1769700681005
4499685162
65114032307
1769700682005
4527860539
65138783224
1769700683005
4562209913
65162008570
1769700684005
4589811848
65184910187
1769700685005
4623333110
65207524618
1769700686005
4650418455
65230259618
1769700687005
4677256255
65253048784
1769700688005
4703390356
65275869808
1769700689005
4729884805
65298892162
1769700690005
4756201727
65321790819
1769700691005
4782442329
65344729529
1769700692005
4810777838
65369204978
1769700693005
4837717455
65393403601
1769700694005
4863968905
65416907528
1769700695005
4890142569
65440174529
1769700696005
4916387687
65462782567
1769700697005
4942656135
65485410013
1769700698005
4969434337
65508102717
1769700699005
4995976147
65531195471
1769700700005
5023391355
21267088
1769700701005
5055066673
44135901
1769700702005
5083224229
68388675
1769700703005
5112130647
91154252
1769700704005
5139511265
113759757
1769700705005
5166646855
136344831
1769700706005
5192973298
158869927
1769700707005
5219260345
181378406
1769700708005
5246229410
203978281
1769700709005
5272948746
227048332
1769700710005
5299423802
249602265
1769700711005
5326110517
272531606
1769700712005
5353051919
297487560
1769700713005
5386104729
321473395
1769700714005
5413806605
344112666
1769700715005
5441271111
366580117
1769700716005
5472530496
389108798
1769700717005
5500813015
411552889
1769700718005
5527807057
434073224
1769700719005
5554621878
457087384
1769700720005
5581233661
479650777
1769700721005
5607963190
502527082
1769700722005
5634868949
527592588
1769700723005
5662373660
551543559
1769700724005
5689115716
574750657
1769700725005
5715724249
598056382
1769700726005
5742248802
620627587
1769700727006
5768832922
643033686
1769700728005
5795944435
665591464
1769700729005
5822499611
688576054
1769700730005
5849269345
711200540
1769700731006
5875670552
734165981
1769700732005
5909031849
759302178
1769700733006
5937848046
782278560
1769700734005
5965512067
804847522
1769700735005
5992894043
827386472
1769700736005
6019377873
849860209
1769700737005
6045734649
872352912
1769700738005
6072692437
894904464
1769700739005
6104850579
920564652
1769700740135
6131567948
941053582
1769700741005
6167048413
967446627
1769700742151
6193301465
989902405
1769700743005
6229437734
1020792333
1769700744005
6264095671
1052146562
1769700745115
6292462612
1072694953
1769700746005
6322519682
1095671273
1769700747005
6351020207
1118446951
1769700748005
6383049480
1141096353
1769700749005
6409855467
1164241274
1769700750004
6436349198
1186926472
1769700751005
6462797049
1209857308
1769700752005
6489792571
1235232995
1769700753005
6517775865
1257946694
1769700754005
6544938660
1281677233
1769700755005
6571473329
1305083036
1769700756005
6597769226
1327614600
1769700757005
6624201651
1350139391
1769700758005
6650547014
1372740380
1769700759005
6678120829
1395543934
1769700760005
6704824877
1418221594
1769700761005
6731249582
1441051239
1769700762005
6758612669
1465702933
1769700763005
6789981484
1489386813
1769700764005
6819579395
1512228726
1769700765005
6847186290
1534821078
1769700766005
6873621385
1557357846
1769700767005
6900077536
1579767896
1769700768005
6926587335
1602357549
1769700769005
6953781988
1625412036
1769700770005
6980381535
1647989771
1769700771005
7006952167
1670781454
1769700772005
7034125185
1695771297
1769700773006
7061300217
1723899740
1769700774005
7088898902
1747461510
1769700775005
7115514378
1770576983
1769700776005
7141935359
1793096891
1769700777005
7168495937
1815615807
1769700778005
7195009092
1838166414
1769700779005
7228300797
1861274335
1769700780005
7254915906
1883763970
1769700781005
7281427673
1906526648
1769700782005
7308872939
1931031439
1769700783005
7336852739
1953622815
1769700784005
7365276669
1976768774
1769700785005
7392838690
1999355405
1769700786005
7419538832
2021987184
1769700787005
7446040177
2044463408
1769700788005
7472459175
2067144746
1769700789005
7499496412
2090122790
1769700790005
7526166435
2112842410
1769700791005
7552650997
2135798101
1769700792005
7580209462
2160435698
1769700793006
7608130778
2183145354
1769700794005
7637277434
2206175657
1769700795005
7669257424
2228806460
1769700796005
7695750118
2251414834
1769700797005
7722082832
2273978456
1769700798005
7748440417
2296632634
1769700799005
7775598925
2319796261
1769700800005
7802016702
2342450958
1769700801005
7828531124
2365314964
1769700802005
7856716174
2389532706
1769700803005
7889352640
2413396661
1769700804005
7917341838
2436761602
1769700805005
7943775149
2460037819
1769700806005
7970147991
2482691905
1769700807005
7996467828
2505194480
1769700808005
8022823124
2527985370
1769700809005
8049736664
2551189477
1769700810005
8080992570
2573953162
1769700811005
8109098630
2596976751
1769700812004
8137140027
2621115319
1769700813005
8163499748
2645003702
1769700814005
8190910928
2668103459
1769700815005
8217577594
2691409062
1769700816005
8244010339
2714058526
1769700817005
8270272775
2736545003
1769700818005
8296753843
2759181421
1769700819005
8323353709
2782173473
1769700820005
8350054996
2805258827
1769700821005
8376707807
2828182217
1769700822004
8403424245
2853220275
1769700823005
8429950873
2877141797
1769700824005
8457213638
2900312886
1769700825005
8485001447
2923056537
1769700826005
8517623020
2945671945
1769700827005
8543925814
2968131431
1769700828005
8570444965
2990707046
1769700829005
8596925682
3013834390
1769700830005
8623940520
3036393358
1769700831005
8650323510
3059201657
1769700832004
8677187553
3084445347
1769700833005
8709492355
3108430557
1769700834005
8737502458
3131399919
1769700835005
8765146322
3153986581
1769700836005
8791454654
3176580887
1769700837005
8817852718
3199151512
1769700838005
8844252461
3221713501
1769700839005
8870847780
3244896232
1769700840005
8897928640
3267447358
1769700841005
8925379888
3290413669
1769700842004
8957875979
3315221864
1769700843006
8985723294
3338089121
1769700844005
9013653399
3361053799
1769700845005
9041763075
3383874579
1769700846005
9068397241
3406433075
1769700847005
9094824814
3429013648
1769700848005
9121213892
3451674174
1769700849005
9147811912
3474890518
1769700850005
9174821623
3497540363
1769700851005
9201116360
3520587373
1769700852005
9229607975
3544445011
1769700853005
9257161634
3567181430
1769700854005
9284521685
3590259887
1769700855005
9312305404
3613017026
1769700856005
9338656580
3635633670
1769700857005
9369330760
3658300558
1769700858005
9397419975
3681021627
1769700859005
9423893734
3704304862
1769700860005
9450668839
3726931469
1769700861005
9477068856
3750019920
1769700862005
9503770844
3775322597
1769700863005
9537612875
3798347881
1769700864005
9565914283
3821802616
1769700865005
9593493072
3844461386
1769700866005
9619798489
3867072339
1769700867005
9646091563
3889726837
1769700868005
9672456014
3912380848
1769700869005
9699205958
3935452408
1769700870005
9725409590
3958166184
1769700871005
9752171252
3981213927
1769700872005
9779829505
4005838585
1769700873005
9812579246
4029866517
1769700874005
9840183241
4052817921
1769700875005
9867217198
4075552982
1769700876005
9893979516
4098137904
1769700877005
9920215250
4120762543
1769700878005
9946478129
4143632179
1769700879005
9972718593
4166747942
1769700880005
9999867106
4189670646
1769700881005
10026590624
4212929911
1769700882005
10054654907
4237198187
1769700883005
10080631423
4261301051
1769700884005
10107642249
4284501069
1769700885005
10134650587
4307308895
1769700886005
10161188857
4330051875
1769700887005
10187244227
4352814812
1769700888005
10214836840
4375655626
1769700889005
10245937267
4398978349
1769700890005
10272081728
4421778561
1769700891005
10298765422
4444949925
1769700892005
10326668642
4469264158
1769700893005
10360511298
4492265593
1769700894005
10388220665
4515490909
1769700895005
10415146274
4538199970
1769700896005
10441847332
4560972550
1769700897006
10468152261
4583758496
1769700898005
10494442360
4606494686
1769700899005
10520865523
4629697786
1769700900005
10547031727
4652530788
1769700901005
10573873265
4675662481
1769700902005
10600778078
4700673394
1769700903005
10628693672
4723546616
1769700904005
10660913975
4746742530
1769700905005
10688814663
4769597000
1769700906005
10715530261
4792416987
1769700907005
10741750310
4815218344
1769700908005
10768042560
4838090238
1769700909005
10794435879
4861509254
1769700910005
10820705318
4884369156
1769700911005
10847604989
4907411406
1769700912005
10875354180
4932141115
1769700913005
10902778985
4955163758
1769700914005
10930002507
4978226729
1769700915005
10956988492
5000995311
1769700916005
10983650139
5023787346
1769700917005
11009737382
5046527121
1769700918005
11035895300
5069246009
1769700919005
11062329908
5092460232
1769700920005
11095205710
5115189342
1769700921005
11122172607
5138122055
1769700922005
11149857852
5162809880
1769700923005
11176746262
5190949966
1769700924005
11204090109
5213972228
1769700925005
11231589770
5236553991
1769700926005
11258106694
5259170726
1769700927005
11285012178
5281916208
1769700928005
11311473594
5304514329
1769700929005
11338190611
5327637614
1769700930005
11364583442
5350222735
1769700931005
11391116371
5373199375
1769700932005
11419258760
5397879251
1769700933005
11445754049
5421732342
1769700934005
11473521091
5444604069
1769700935005
11502109700
5467290152
1769700936005
11532941129
5489873258
1769700937005
11559803418
5512522950
1769700938005
11586163566
5535169850
1769700939005
11612620450
5558317839
1769700940005
11639258629
5581002075
1769700941005
11665768656
5603984544
1769700942005
11693274650
5629219400
1769700943005
11721092913
5652029362
1769700944005
11748212208
5674942041
1769700945005
11775632100
5697835221
1769700946005
11802101831
5720438742
1769700947005
11828797945
5743036420
1769700948005
11855043719
5765781780
1769700949005
11881489632
5788938313
1769700950005
11907867251
5811777830
1769700951005
11939428409
5834872506
1769700952004
11968193416
5859688514
1769700953005
11994728222
5887970102
1769700954005
12021988333
5910800861
1769700955005
12049678551
5933668560
1769700956005
12076006077
5956201940
1769700957005
12102946304
5978844095
1769700958005
12129336892
6001464828
1769700959005
12156534094
6024151735
1769700960005
12183027246
6046832645
1769700961005
12209295983
6069941405
1769700962005
12238207055
6093842726
1769700963005
12264584292
6117779751
1769700964005
12291864574
6140514400
1769700965005
12319520126
6163552622
1769700966005
12345920021
6186117495
1769700967005
12379258721
6208680949
1769700968005
12405593296
6231260348
1769700969005
12432198503
6254299089
1769700970005
12458969412
6276896888
1769700971005
12485548970
6299949178
1769700972005
12513762248
6324348734
1769700973005
12541484767
6347262573
1769700974005
12568993126
6369783564
1769700975005
12596799671
6392481899
1769700976005
12623333699
6414973839
1769700977005
12650300902
6437430121
1769700978005
12676770862
6459909854
1769700979005
12703534569
6482874334
1769700980005
12730249969
6505403885
1769700981005
12756786362
6528311087
1769700982005
12786043485
6553299571
1769700983005
12817724800
6581388023
1769700984005
12845000931
6604237382
1769700985005
12872735017
6627051174
1769700986005
12899289536
6649485820
1769700987005
12925807833
6672005499
1769700988005
12952882758
6694546356
1769700989005
12979637371
6717561661
1769700990005
13006226602
6740219485
1769700991005
13032951356
6763075481
1769700992005
13059974311
6788047029
1769700993005
13088350361
6810758730
1769700994005
13115705926
6833289959
1769700995005
13143279009
6856230637
1769700996005
13169579391
6878752467
1769700997005
13195973366
6901337420
1769700998005
13228455695
6923901560
1769700999005
13256022782
6947031788
1769701000005
13282543963
6969865477
1769701001005
13309078174
6992673684
1769701002005
13336700601
7017200096
1769701003005
13363370517
7041166477
1769701004005
13390615431
7063964401
1769701005005
13417789639
7087317472
1769701006006
13444153403
7109895970
1769701007005
13470363244
7132454359
1769701008005
13497232277
7155237482
1769701009005
13524077462
7178039648
1769701010005
13550790619
7200829576
1769701011005
13577226920
7223718102
1769701012005
13604335823
7248605350
1769701013005
13637199496
7272440405
1769701014005
13671924003
7295124611
1769701015005
13699660255
7318038938
1769701016005
13726090940
7340630772
1769701017005
13752472129
7363275063
1769701018005
13779454209
7385922406
1769701019005
13805989320
7409114413
1769701020005
13832490727
7431788244
1769701021005
13858912487
7454665387
1769701022005
13885703185
7479819055
1769701023005
13914409800
7502396088
1769701024005
13941940999
7525061542
1769701025005
13969962270
7547906629
1769701026005
13996329620
7570415322
1769701027005
14022705759
7592930438
1769701028005
14049647252
7615616414
1769701029005
14078647522
7638789197
1769701030005
14109389417
7661428605
1769701031005
14135931776
7684485182
1769701032005
14162669880
7709633586
1769701033005
14189713830
7733503277
1769701034005
14217222234
7756099689
1769701035005
14244778823
7779210890
1769701036005
14271101574
7801754112
1769701037005
14297299575
7824263965
1769701038005
14324087100
7846958149
1769701039005
14351240130
7869615745
1769701040005
14377714194
7892276561
1769701041005
14404350649
7915234571
1769701042005
14432552316
7939476680
1769701043005
14459449896
7967508418
1769701044005
14487379635
7990512218
1769701045005
14521227021
8013470931
1769701046005
14547943382
8035998758
1769701047005
14574262974
8058546038
1769701048005
14600723916
8081195593
1769701049005
14627709688
8104353621
1769701050005
14654303863
8126959676
1769701051005
14680717292
8149861873
1769701052006
14708048475
8174857162
1769701053005
14736185295
8197589186
1769701054005
14764278248
8220154563
1769701055005
14791869442
8243017562
1769701056005
14818373275
8265550088
1769701057005
14844740243
8287984124
1769701058005
14871278528
8310562226
1769701059005
14898548053
8333706186
1769701060005
14925217359
8356398829
1769701061005
14957893785
8379320328
1769701062005
14984670202
8404387864
1769701063005
15011069837
8428145821
1769701064005
15039253957
8450762953
1769701065005
15066958045
8473571832
1769701066005
15093414349
8496111651
1769701067005
15119767692
8518556841
1769701068005
15146216672
8541210942
1769701069005
15173914382
8563920278
1769701070005
15200536052
8586630987
1769701071005
15226873756
8609572138
1769701072005
15253579528
8634635539
1769701073005
15287721973
8657550034
1769701074005
15315730184
8680196751
1769701075005
15343505099
8703176916
1769701076005
15372824963
8725724151
1769701077005
15403778029
8748357121
1769701078005
15430309967
8770911771
1769701079005
15457430894
8794026527
1769701080005
15483970278
8816735161
1769701081005
15510440573
8839667294
1769701082005
15538719018
8863701803
1769701083006
15565138626
8887582892
1769701084005
15593206679
8910279777
1769701085005
15620975934
8933227474
1769701086005
15647452332
8955715202
1769701087005
15673954685
8978152458
1769701088005
15700743201
9000815394
1769701089005
15728342802
9023521831
1769701090005
15755210264
9046109072
1769701091005
15782141213
9068751242
1769701092005
15816607525
9092936850
1769701093005
15843432950
9116774012
1769701094005
15871240610
9139352297
1769701095005
15898923931
9162412841
1769701096005
15925430144
9184976967
1769701097005
15951821449
9207465458
1769701098005
15978295834
9229986144
1769701099005
16005363037
9253048016
1769701100005
16032116735
9275589011
1769701101005
16058793456
9298581001
1769701102004
16085802603
9323850858
1769701103005
16117775025
9347723021
1769701104005
16145588894
9370465009
1769701105005
16173438193
9393394426
1769701106005
16199916315
9416118486
1769701107005
16226374084
9438675929
1769701108005
16259128799
9461306289
1769701109005
16285752163
9484480872
1769701110005
16312849730
9507013413
1769701111005
16339590687
9529771239
1769701112005
16368039182
9553951736
1769701113005
16394780841
9577817308
1769701114005
16422805469
9600561432
1769701115005
16450777900
9623486791
1769701116005
16477118975
9646175635
1769701117005
16503335561
9668698060
1769701118005
16529581243
9691383517
1769701119005
16555935059
9714584161
1769701120005
16583072923
9737164063
1769701121005
16609450679
9760087682
1769701122005
16637325793
9784549872
1769701123005
16668146313
9807263145
1769701124005
16698859217
9829901058
1769701125005
16726949103
9852776874
1769701126005
16753399182
9875545914
1769701127005
16779825138
9898032972
1769701128005
16806405688
9920637287
1769701129005
16832929310
9943656009
1769701130005
16860063145
9966189359
1769701131005
16886602255
9989046942
1769701132004
16915066755
10013159800
1769701133005
16947076102
10037098366
1769701134005
16974723384
10059699431
1769701135005
17002970916
10082619861
1769701136005
17029428349
10105149595
1769701137005
17055910744
10127743092
1769701138005
17082359434
10150357279
1769701139005
17115338747
10173545838
1769701140005
17142400305
10196214771
1769701141005
17168858455
10219188177
1769701142005
17196494371
10244064240
1769701143005
17223025652
10267899617
1769701144005
17250606242
10290557976
1769701145005
17278658609
10313197979
1769701146005
17305405227
10335966333
1769701147005
17331980314
10358493412
1769701148005
17358653435
10381200337
1769701149005
17385332048
10404366360
1769701150005
17412383505
10426924703
1769701151005
17438857554
10449844980
1769701152005
17467205957
10473845189
1769701153005
17495498363
10496553731
1769701154005
17523199796
10519182307
1769701155005
17556916222
10541766405
1769701156005
17583565937
10564711400
1769701157005
17609866334
10587320232
1769701158005
17636418352
10609932786
1769701159005
17663424691
10632750713
1769701160005
17690138901
10655370408
1769701161005
17717187414
10678249520
1769701162005
17744079791
10703504088
1769701163005
17770972978
10731879666
1769701164005
17798294349
10754724309
1769701165005
17825773733
10777403755
1769701166005
17852984117
10800299803
1769701167005
17879407937
10822838386
1769701168005
17906123703
10845552025
1769701169005
17932796793
10868750227
1769701170005
17962963156
10891314902
1769701171005
17992693003
10914317069
1769701172005
18020474098
10938965117
1769701173005
18048463129
10961961242
1769701174005
18075865963
10984499536
1769701175005
18103342188
11007048236
1769701176005
18130428067
11029939096
1769701177005
18156684476
11052537491
1769701178005
18183058997
11075455678
1769701179006
18209433289
11098577590
1769701180005
18235932834
11121458319
1769701181005
18262980081
11144380153
1769701182005
18291335029
11168422123
1769701183005
18317684802
11192304158
1769701184005
18345479690
11215074923
1769701185005
18372808477
11237858306
1769701186005
18406470356
11260869704
1769701187005
18432888774
11283621366
1769701188005
18459259496
11306202412
1769701189005
18485608033
11329048673
1769701190005
18512207426
11351783734
1769701191005
18539455498
11374615195
1769701192005
18567174890
11399200929
1769701193005
18593881395
11427509814
1769701194005
18620572321
11450724128
1769701195005
18646985399
11474017449
1769701196005
18673925519
11497044350
1769701197005
18700253396
11519662595
1769701198005
18726778468
11542327515
1769701199005
18753256881
11565559605
1769701200005
18779772981
11588316485
1769701201005
18806823019
11611379333
1769701202005
18839953508
11636238644
1769701203005
18866260131
11660080367
1769701204005
18893810189
11682807890
1769701205005
18920936228
11705488892
1769701206005
18948070430
11728390204
1769701207006
18974634089
11751022258
1769701208005
19001001332
11773695448
1769701209005
19027418652
11796831901
1769701210005
19053890153
11819528100
1769701211005
19080629614
11842403214
1769701212005
19107269030
11867809294
1769701213005
19133626630
11891788401
1769701214005
19160964999
11914454099
1769701215005
19188311241
11937087038
1769701216005
19215219334
11960125321
1769701217005
19245307301
11982682367
1769701218005
19274740014
12005483083
1769701219005
19301452316
12028600570
1769701220005
19327734710
12051353696
1769701221005
19353993300
12074250736
1769701222005
19382302215
12098698141
1769701223006
19409284966
12126763752
1769701224005
19436520008
12149692666
1769701225005
19464033066
12172559541
1769701226005
19490613951
12195451377
1769701227005
19517546381
12218111476
1769701228005
19543971574
12240879326
1769701229005
19570466771
12264037857
1769701230005
19596879589
12286666036
1769701231005
19623321779
12309863857
1769701232005
19651391022
12334558045
1769701233005
19684326635
12358474121
1769701234005
19711816745
12381145128
1769701235005
19738830027
12403863131
1769701236005
19765180486
12426913712
1769701237005
19791904538
12449547948
1769701238005
19818216821
12472307131
1769701239005
19844684554
12495475916
1769701240005
19871246351
12518221276
1769701241005
19897587427
12541126662
1769701242005
19925309809
12565883957
1769701243005
19953264006
12588612228
1769701244005
19980436887
12611250080
1769701245005
20007828231
12633816220
1769701246005
20034203393
12656821942
1769701247005
20060994641
12679573070
1769701248005
20087654899
12702394796
1769701249005
20119921434
12725618708
1769701250005
20146290386
12748369744
1769701251005
20172785155
12771289228
1769701252005
20201688644
12795132386
1769701253005
20234196438
12819195274
1769701254005
20261718895
12841959417
1769701255005
20288815455
12864657370
1769701256005
20315183232
12887670295
1769701257005
20341875028
12910422246
1769701258005
20368082276
12933210313
1769701259005
20394367827
12956430319
1769701260005
20420655744
12979211535
1769701261005
20446866913
13002271439
1769701262005
20475820463
13026105793
1769701263005
20502314393
13050063355
1769701264005
20533364454
13072773561
1769701265005
20562765735
13095496980
1769701266005
20589837211
13118389091
1769701267005
20616911632
13141126151
1769701268005
20643220177
13163917193
1769701269005
20670019756
13186700836
1769701270005
20696537152
13209402725
1769701271005
20722696429
13232425628
1769701272005
20750154115
13257662010
1769701273005
20776505627
13281529595
1769701274005
20803809483
13304171445
1769701275005
20830925207
13326817643
1769701276005
20857452522
13349756536
1769701277005
20883970742
13372365093
1769701278005
20910840752
13395200994
1769701279005
20937416923
13418377148
1769701280005
20970158180
13441036132
1769701281005
20996691537
13464097211
1769701282005
21023502360
13489116272
1769701283005
21057882739
13512008368
1769701284005
21084959509
13535433747
1769701285005
21111254002
13558819241
1769701286005
21137619979
13581958288
1769701287005
21163687356
13604690587
1769701288005
21190663790
13627791687
1769701289005
21217615750
13650646462
1769701290005
21243788301
13673340876
1769701291005
21269940544
13696379891
1769701292005
21297122106
13721124477
1769701293005
21325348933
13744008196
1769701294005
21352430891
13766755280
1769701295005
21380403444
13789536848
1769701296005
21412566728
13812624261
1769701297005
21438676263
13835365227
1769701298005
21465437285
13858111579
1769701299005
21491631532
13881409202
1769701300005
21518078773
13904074534
1769701301005
21544392613
13927113183
1769701302005
21571726145
13951557445
1769701303005
21598499434
13975490137
1769701304005
21625375913
13998272986
1769701305005
21652687062
14021012365
1769701306005
21678968463
14044038365
1769701307005
21705046445
14066768833
1769701308005
21731747441
14089750830
1769701309005
21757900859
14112873413
1769701310005
21784370788
14135744087
1769701311005
21814889245
14158887605
1769701312005
21843993163
14184031522
1769701313005
21876958728
14207992823
1769701314005
21904148941
14230768836
1769701315005
21931304321
14253490165
1769701316005
21957703087
14276513998
1769701317005
21983971977
14299193840
1769701318005
22010849676
14321929893
1769701319005
22037246901
14345106520
1769701320005
22063783493
14367838316
1769701321005
22090170953
14390817245
1769701322005
22117304437
14415743340
1769701323005
22144291643
14439741656
1769701324005
22171564967
14462567441
1769701325005
22198910172
14485315975
1769701326005
22225505583
14508372033
1769701327005
22258063805
14531081018
1769701328005
22284853649
14553916752
1769701329005
22311239919
14577101405
1769701330005
22337518147
14599888510
1769701331005
22363789768
14623035827
1769701332005
22390730162
14648167813
1769701333005
22417413597
14672155388
1769701334005
22444667009
14694964480
1769701335005
22471695854
14717734131
1769701336005
22498000127
14740781920
1769701337005
22523944022
14763456788
1769701338005
22550125606
14786437487
1769701339005
22577092808
14809675528
1769701340005
22603340749
14832473467
1769701341005
22629448179
14855715872
1769701342005
22658244419
14879938237
1769701343005
22690599161
14908360854
1769701344006
22718572583
14931225257
1769701345005
22746015698
14954007023
1769701346005
22772386374
14976901621
1769701347005
22798555568
14999784547
1769701348005
22824798001
15022697761
1769701349005
22851628187
15046041616
1769701350005
22877943751
15068756460
1769701351005
22904350604
15091628705
1769701352005
22932312964
15116238532
1769701353005
22960320442
15138908975
1769701354005
22987377011
15162042834
1769701355005
23013811465
15185359805
1769701356005
23040250039
15207862425
1769701357005
23067107247
15230621258
1769701358005
23097858434
15253208576
1769701359005
23126755087
15276461935
1769701360005
23153245645
15299344923
1769701361005
23179369752
15322489310
1769701362005
23207663699
15346599544
1769701363005
23235462234
15369244887
1769701364005
23263101216
15391911241
1769701365005
23289929663
15414616686
1769701366005
23316194006
15437256003
1769701367005
23342936107
15460183971
1769701368005
23369332340
15482989158
1769701369005
23396260757
15506070590
1769701370005
23422524673
15528859314
1769701371005
23448861141
15551921414
1769701372005
23476897762
15576155314
1769701373005
23510879982
15599023501
1769701374005
23544980727
15622205591
1769701375005
23571431905
15645422591
1769701376005
23597962790
15667948068
1769701377005
23624804587
15690783725
1769701378005
23651283030
15713366404
1769701379005
23678816702
15736207996
1769701380005
23705381597
15758808863
1769701381005
23732005113
15781844979
1769701382005
23759693348
15806381049
1769701383005
23786541127
15829750125
1769701384005
23814718457
15852348123
1769701385005
23842067445
15874921083
1769701386005
23868610048
15897413359
1769701387005
23895498733
15920110473
1769701388005
23922074172
15942641245
1769701389005
23949459657
15965718222
1769701390005
23982053446
15988250046
1769701391005
24008558927
16011072688
1769701392005
24035991376
16036102003
1769701393006
24063886159
16058861904
1769701394005
24091263634
16081323953
1769701395005
24118871032
16103848438
1769701396005
24145133651
16126386289
1769701397005
24171829917
16149264958
1769701398005
24198285611
16171912789
1769701399005
24224762589
16195105636
1769701400005
24251994000
16217705190
1769701401005
24278385976
16240530121
1769701402005
24305361738
16265675793
1769701403005
24339360499
16288473198
1769701404005
24367234256
16311105618
1769701405005
24398974390
16333866938
1769701406005
24427563945
16356625680
1769701407005
24453994158
16379649834
1769701408005
24480109095
16402453372
1769701409005
24506371134
16425838272
1769701410005
24533257454
16448504702
1769701411005
24559459911
16471477711
1769701412005
24586284650
16496886599
1769701413005
24612701496
16520818192
1769701414005
24639911347
16543570205
1769701415005
24667490854
16566268250
1769701416005
24693686993
16589026198
1769701417005
24720304178
16612026992
1769701418005
24746570764
16634866570
1769701419005
24772974473
16658011293
1769701420005
24800207760
16680820157
1769701421005
24832942487
16703894449
1769701422005
24859708116
16729127976
1769701423005
24887666677
16751852036
1769701424005
24915015971
16774569703
1769701425005
24942678679
16797225117
1769701426005
24968805944
16819848627
1769701427005
24995416140
16842817043
1769701428005
25021732193
16865542415
1769701429005
25048207569
16888692524
1769701430005
25075164061
16911526304
1769701431005
25101497431
16934569165
1769701432005
25128542877
16959752463
1769701433005
25157012962
16986651341
1769701434005
25184367306
17009537013
1769701435005
25212364211
17032120364
1769701436005
25239670309
17054632154
1769701437005
25271758630
17077366010
1769701438005
25298311121
17099926199
1769701439005
25324976444
17123029527
1769701440006
25352054512
17145714709
1769701441005
25378484679
17168754777
1769701442005
25405334380
17193869094
1769701443005
25431773854
17217462280
1769701444005
25459488348
17239981196
1769701445005
25487439600
17262494986
1769701446005
25514045753
17284943654
1769701447005
25540849558
17307743287
1769701448005
25567630048
17330280070
1769701449005
25594009833
17353440814
1769701450005
25620852272
17375997188
1769701451005
25647966790
17398805197
1769701452005
25679371981
17424022536
1769701453005
25709256681
17446729995
1769701454005
25736420148
17469379993
1769701455005
25763597682
17491997354
1769701456005
25790443584
17514658444
1769701457005
25817311182
17537465843
1769701458005
25844329835
17560191489
1769701459005
25871257611
17583243688
1769701460005
25897680256
17605752976
1769701461005
25924978908
17628557934
1769701462005
25952782936
17652792596
1769701463005
25986910779
17675594976
1769701464005
26014819569
17698376909
1769701465005
26042302766
17720977928
1769701466005
26069150285
17743517076
1769701467005
26095713075
17766271744
1769701468005
26128643089
17788887411
1769701469005
26155260548
17811919820
1769701470005
26181825229
17834525111
1769701471005
26208728623
17857344274
1769701472005
26235757926
17882490557
1769701473005
26263950514
17905085702
1769701474005
26291258489
17927567403
1769701475005
26318835219
17950135114
1769701476005
26345678465
17972722386
1769701477005
26372290492
17995533218
1769701478005
26398603356
18018201220
1769701479005
26424961353
18041400521
1769701480005
26451466421
18064110604
1769701481005
26478224894
18087135415
1769701482005
26505531466
18111920373
1769701483005
26534762940
18134664481
1769701484005
26567236954
18157382896
1769701485005
26594425199
18180041987
1769701486005
26621129583
18202664642
1769701487005
26647637825
18225532585
1769701488005
26674190789
18248403305
1769701489005
26700682537
18271676775
1769701490005
26726936627
18294374346
1769701491005
26753730453
18317298668
1769701492005
26780410424
18342588818
1769701493005
26807099885
18370816865
1769701494005
26835287667
18393767125
1769701495005
26862473029
18416440177
1769701496005
26888976754
18439399210
1769701497005
26915603566
18462331222
1769701498005
26941946595
18485067839
1769701499005
26972895663
18508184945
1769701500005
27001086817
18530966802
1769701501005
27027504152
18554477762
1769701502005
27055158758
18579149094
1769701503005
27081618556
18603069762
1769701504005
27108534828
18626168971
1769701505005
27135129338
18649590107
1769701506005
27161656302
18672519693
1769701507005
27188558658
18695508341
1769701508005
27215227903
18718251397
1769701509005
27241699068
18741421983
1769701510005
27268365261
18764153305
1769701511005
27295023825
18787052756
1769701512005
27322302246
18812673791
1769701513005
27348905377
18836416658
1769701514005
27376392710
18859238049
1769701515005
27410051339
18882068472
1769701516005
27436270335
18904716028
1769701517005
27462857034
18928141803
1769701518005
27489363613
18950770424
1769701519005
27515939082
18974086449
1769701520005
27542337345
18996917971
1769701521005
27568772425
19019933748
1769701522005
27596276084
19045260960
1769701523005
27628495487
19069221681
1769701524005
