name;hash;path;type;size
NFCORE_ATACSEQ:ATACSEQ:INPUT_CHECK:SAMPLESHEET_CHECK (samplesheet_full.csv);f1f0372609944385b7aed41eefa9f1a8;/input/data/work/stage-853e51d5-c24a-4499-a9b2-f0f6b87bfdd9/b7/11e41c75102b3899eab74c9e63534f/samplesheet_full.csv;f;853
NFCORE_ATACSEQ:ATACSEQ:PREPARE_GENOME:GTF2BED (genes.gtf);f038527c9b30a3d1b44a51a8d601322d;/input/data/work/stage-853e51d5-c24a-4499-a9b2-f0f6b87bfdd9/4d/d0234bfb2922a7eb2e9be1fb698ab0/genes.gtf;f;142063633
NFCORE_ATACSEQ:ATACSEQ:PREPARE_GENOME:TSS_EXTRACT;353f2f2d0f1fd46cbf833d47d8418937;/input/data/work/f0/38527c9b30a3d1b44a51a8d601322d/genes.bed;f;8097849
NFCORE_ATACSEQ:ATACSEQ:PREPARE_GENOME:CUSTOM_GETCHROMSIZES (genome.fa);9dc11b7c34553b376534853a5a5f49c0;/input/data/work/stage-853e51d5-c24a-4499-a9b2-f0f6b87bfdd9/0d/0b940686602256bbbdf5750d8540fe/genome.fa;f;3157608038
NFCORE_ATACSEQ:ATACSEQ:FASTQ_FASTQC_UMITOOLS_TRIMGALORE:FASTQC (GM12878_FAST_REP1_T1);7122c9dd788d83edeb09004781d83f38;/input/data/work/stage-853e51d5-c24a-4499-a9b2-f0f6b87bfdd9/89/555b35446d84442c56b6ebb4e52dbf/SRX2717913_T1_1.fastq.gz;f;215935369
NFCORE_ATACSEQ:ATACSEQ:FASTQ_FASTQC_UMITOOLS_TRIMGALORE:FASTQC (GM12878_FAST_REP1_T1);7122c9dd788d83edeb09004781d83f38;/input/data/work/stage-853e51d5-c24a-4499-a9b2-f0f6b87bfdd9/da/906437df95676af7e361ee4f373ea8/SRX2717913_T1_2.fastq.gz;f;239559059
NFCORE_ATACSEQ:ATACSEQ:FASTQ_FASTQC_UMITOOLS_TRIMGALORE:TRIMGALORE (GM12878_FAST_REP1_T1);085bd05b32c51f4982ae0c39784a636c;/input/data/work/stage-853e51d5-c24a-4499-a9b2-f0f6b87bfdd9/89/555b35446d84442c56b6ebb4e52dbf/SRX2717913_T1_1.fastq.gz;f;215935369
NFCORE_ATACSEQ:ATACSEQ:FASTQ_FASTQC_UMITOOLS_TRIMGALORE:TRIMGALORE (GM12878_FAST_REP1_T1);085bd05b32c51f4982ae0c39784a636c;/input/data/work/stage-853e51d5-c24a-4499-a9b2-f0f6b87bfdd9/da/906437df95676af7e361ee4f373ea8/SRX2717913_T1_2.fastq.gz;f;239559059
NFCORE_ATACSEQ:ATACSEQ:FASTQ_FASTQC_UMITOOLS_TRIMGALORE:TRIMGALORE (GM12878_FAST_REP2_T1);f435de6f7ef7c1b6c0fa6b0580693e39;/input/data/work/stage-853e51d5-c24a-4499-a9b2-f0f6b87bfdd9/66/9ef15be0d67df23d7d8ab917b8f0a7/SRX2717914_T1_1.fastq.gz;f;382614422
NFCORE_ATACSEQ:ATACSEQ:FASTQ_FASTQC_UMITOOLS_TRIMGALORE:TRIMGALORE (GM12878_FAST_REP2_T1);f435de6f7ef7c1b6c0fa6b0580693e39;/input/data/work/stage-853e51d5-c24a-4499-a9b2-f0f6b87bfdd9/1b/de775d826e76997ab8a0a790279c5c/SRX2717914_T1_2.fastq.gz;f;418573037
NFCORE_ATACSEQ:ATACSEQ:FASTQ_FASTQC_UMITOOLS_TRIMGALORE:FASTQC (GM12878_FAST_REP2_T1);8791777ba6d16d9c1b5a7f0779b4acb2;/input/data/work/stage-853e51d5-c24a-4499-a9b2-f0f6b87bfdd9/66/9ef15be0d67df23d7d8ab917b8f0a7/SRX2717914_T1_1.fastq.gz;f;382614422
NFCORE_ATACSEQ:ATACSEQ:FASTQ_FASTQC_UMITOOLS_TRIMGALORE:FASTQC (GM12878_FAST_REP2_T1);8791777ba6d16d9c1b5a7f0779b4acb2;/input/data/work/stage-853e51d5-c24a-4499-a9b2-f0f6b87bfdd9/1b/de775d826e76997ab8a0a790279c5c/SRX2717914_T1_2.fastq.gz;f;418573037
NFCORE_ATACSEQ:ATACSEQ:PREPARE_GENOME:GET_AUTOSOMES (genome.fa.fai);a2753316b9fec83e21d0c4c888cf3f71;/input/data/work/9d/c11b7c34553b376534853a5a5f49c0/genome.fa.fai;f;783
NFCORE_ATACSEQ:ATACSEQ:PREPARE_GENOME:GENOME_BLACKLIST_REGIONS (genome.fa.sizes);35a687b717a2264841716a05eb9ec782;/input/data/work/9d/c11b7c34553b376534853a5a5f49c0/genome.fa.sizes;f;376
NFCORE_ATACSEQ:ATACSEQ:PREPARE_GENOME:GENOME_BLACKLIST_REGIONS (genome.fa.sizes);35a687b717a2264841716a05eb9ec782;/input/atacseq/assets/blacklists/v1.0/hg19-blacklist.v1.bed;f;18786
NFCORE_ATACSEQ:ATACSEQ:FASTQ_FASTQC_UMITOOLS_TRIMGALORE:FASTQC (GM12878_OMNI_REP2_T1);d7bf6d59e3bdeacf9b492908cd6c870b;/input/data/work/stage-853e51d5-c24a-4499-a9b2-f0f6b87bfdd9/ec/7ab4bd6d64335070201fa525e0ecac/SRX2717912_T1_2.fastq.gz;f;1461440437
NFCORE_ATACSEQ:ATACSEQ:FASTQ_FASTQC_UMITOOLS_TRIMGALORE:FASTQC (GM12878_OMNI_REP2_T1);d7bf6d59e3bdeacf9b492908cd6c870b;/input/data/work/stage-853e51d5-c24a-4499-a9b2-f0f6b87bfdd9/97/e238e95cf1e50ec99cb526170b0b08/SRX2717912_T1_1.fastq.gz;f;1235221454
NFCORE_ATACSEQ:ATACSEQ:FASTQ_FASTQC_UMITOOLS_TRIMGALORE:TRIMGALORE (GM12878_OMNI_REP2_T1);a310011413ee38889f0507157d732e68;/input/data/work/stage-853e51d5-c24a-4499-a9b2-f0f6b87bfdd9/ec/7ab4bd6d64335070201fa525e0ecac/SRX2717912_T1_2.fastq.gz;f;1461440437
NFCORE_ATACSEQ:ATACSEQ:FASTQ_FASTQC_UMITOOLS_TRIMGALORE:TRIMGALORE (GM12878_OMNI_REP2_T1);a310011413ee38889f0507157d732e68;/input/data/work/stage-853e51d5-c24a-4499-a9b2-f0f6b87bfdd9/97/e238e95cf1e50ec99cb526170b0b08/SRX2717912_T1_1.fastq.gz;f;1235221454
NFCORE_ATACSEQ:ATACSEQ:FASTQ_FASTQC_UMITOOLS_TRIMGALORE:TRIMGALORE (GM12878_OMNI_REP1_T1);052da6ce2026143fc82c1879f2e19af0;/input/data/work/stage-853e51d5-c24a-4499-a9b2-f0f6b87bfdd9/42/d0686a0e406fda96eff027ec592208/SRX2717911_T1_1.fastq.gz;f;1500352896
NFCORE_ATACSEQ:ATACSEQ:FASTQ_FASTQC_UMITOOLS_TRIMGALORE:TRIMGALORE (GM12878_OMNI_REP1_T1);052da6ce2026143fc82c1879f2e19af0;/input/data/work/stage-853e51d5-c24a-4499-a9b2-f0f6b87bfdd9/43/230c9d683114a0d19995a622118f17/SRX2717911_T1_2.fastq.gz;f;1759300793
NFCORE_ATACSEQ:ATACSEQ:FASTQ_FASTQC_UMITOOLS_TRIMGALORE:FASTQC (GM12878_OMNI_REP1_T1);dda72cdc89847d6740a2ebd387e92ba5;/input/data/work/stage-853e51d5-c24a-4499-a9b2-f0f6b87bfdd9/42/d0686a0e406fda96eff027ec592208/SRX2717911_T1_1.fastq.gz;f;1500352896
NFCORE_ATACSEQ:ATACSEQ:FASTQ_FASTQC_UMITOOLS_TRIMGALORE:FASTQC (GM12878_OMNI_REP1_T1);dda72cdc89847d6740a2ebd387e92ba5;/input/data/work/stage-853e51d5-c24a-4499-a9b2-f0f6b87bfdd9/43/230c9d683114a0d19995a622118f17/SRX2717911_T1_2.fastq.gz;f;1759300793
NFCORE_ATACSEQ:ATACSEQ:FASTQ_FASTQC_UMITOOLS_TRIMGALORE:FASTQC (GM12878_STD_REP1_T1);0b088e9d8046b7474e586e6311597cb9;/input/data/work/stage-853e51d5-c24a-4499-a9b2-f0f6b87bfdd9/c2/6f73de0b990076883ab985ea93674f/SRX2717909_T1_1.fastq.gz;f;1186014637
NFCORE_ATACSEQ:ATACSEQ:FASTQ_FASTQC_UMITOOLS_TRIMGALORE:FASTQC (GM12878_STD_REP1_T1);0b088e9d8046b7474e586e6311597cb9;/input/data/work/stage-853e51d5-c24a-4499-a9b2-f0f6b87bfdd9/87/17ac22d2796a97def2b28b326d6318/SRX2717909_T1_2.fastq.gz;f;1216725620
NFCORE_ATACSEQ:ATACSEQ:FASTQ_FASTQC_UMITOOLS_TRIMGALORE:TRIMGALORE (GM12878_STD_REP1_T1);332c792e5319779d9b23388af32d2b04;/input/data/work/stage-853e51d5-c24a-4499-a9b2-f0f6b87bfdd9/c2/6f73de0b990076883ab985ea93674f/SRX2717909_T1_1.fastq.gz;f;1186014637
NFCORE_ATACSEQ:ATACSEQ:FASTQ_FASTQC_UMITOOLS_TRIMGALORE:TRIMGALORE (GM12878_STD_REP1_T1);332c792e5319779d9b23388af32d2b04;/input/data/work/stage-853e51d5-c24a-4499-a9b2-f0f6b87bfdd9/87/17ac22d2796a97def2b28b326d6318/SRX2717909_T1_2.fastq.gz;f;1216725620
NFCORE_ATACSEQ:ATACSEQ:FASTQ_FASTQC_UMITOOLS_TRIMGALORE:FASTQC (GM12878_STD_REP2_T1);6833e65991f820c077eaa327d2bc91ad;/input/data/work/stage-853e51d5-c24a-4499-a9b2-f0f6b87bfdd9/ad/10e26c02212a21b6b660c530b913fd/SRX2717910_T1_2.fastq.gz;f;1163960425
NFCORE_ATACSEQ:ATACSEQ:FASTQ_FASTQC_UMITOOLS_TRIMGALORE:FASTQC (GM12878_STD_REP2_T1);6833e65991f820c077eaa327d2bc91ad;/input/data/work/stage-853e51d5-c24a-4499-a9b2-f0f6b87bfdd9/81/4754abacd549c6c89013bfc9700fc7/SRX2717910_T1_1.fastq.gz;f;1122391050
NFCORE_ATACSEQ:ATACSEQ:FASTQ_FASTQC_UMITOOLS_TRIMGALORE:TRIMGALORE (GM12878_STD_REP2_T1);6f8745ab7f7f37535ed247f125ed7256;/input/data/work/stage-853e51d5-c24a-4499-a9b2-f0f6b87bfdd9/ad/10e26c02212a21b6b660c530b913fd/SRX2717910_T1_2.fastq.gz;f;1163960425
NFCORE_ATACSEQ:ATACSEQ:FASTQ_FASTQC_UMITOOLS_TRIMGALORE:TRIMGALORE (GM12878_STD_REP2_T1);6f8745ab7f7f37535ed247f125ed7256;/input/data/work/stage-853e51d5-c24a-4499-a9b2-f0f6b87bfdd9/81/4754abacd549c6c89013bfc9700fc7/SRX2717910_T1_1.fastq.gz;f;1122391050
NFCORE_ATACSEQ:ATACSEQ:FASTQ_ALIGN_BWA:BWA_MEM (GM12878_FAST_REP1_T1);6fa4348e57c2d43b3c898fe707652888;/input/data/work/08/5bd05b32c51f4982ae0c39784a636c/GM12878_FAST_REP1_T1_2_val_2.fq.gz;f;225822685
NFCORE_ATACSEQ:ATACSEQ:FASTQ_ALIGN_BWA:BWA_MEM (GM12878_FAST_REP1_T1);6fa4348e57c2d43b3c898fe707652888;/input/data/work/08/5bd05b32c51f4982ae0c39784a636c/GM12878_FAST_REP1_T1_1_val_1.fq.gz;f;204684476
NFCORE_ATACSEQ:ATACSEQ:FASTQ_ALIGN_BWA:BWA_MEM (GM12878_FAST_REP1_T1);6fa4348e57c2d43b3c898fe707652888;/input/data/work/stage-853e51d5-c24a-4499-a9b2-f0f6b87bfdd9/73/0128bcb15625a8a6346e6b462d9b97/version0.6.0;d;8575080249
NFCORE_ATACSEQ:ATACSEQ:FASTQ_ALIGN_BWA:BWA_MEM (GM12878_FAST_REP2_T1);845448cb17e0032e68580f7de88cf48c;/input/data/work/f4/35de6f7ef7c1b6c0fa6b0580693e39/GM12878_FAST_REP2_T1_1_val_1.fq.gz;f;364610615
NFCORE_ATACSEQ:ATACSEQ:FASTQ_ALIGN_BWA:BWA_MEM (GM12878_FAST_REP2_T1);845448cb17e0032e68580f7de88cf48c;/input/data/work/f4/35de6f7ef7c1b6c0fa6b0580693e39/GM12878_FAST_REP2_T1_2_val_2.fq.gz;f;397361001
NFCORE_ATACSEQ:ATACSEQ:FASTQ_ALIGN_BWA:BWA_MEM (GM12878_FAST_REP2_T1);845448cb17e0032e68580f7de88cf48c;/input/data/work/stage-853e51d5-c24a-4499-a9b2-f0f6b87bfdd9/73/0128bcb15625a8a6346e6b462d9b97/version0.6.0;d;8575080249
NFCORE_ATACSEQ:ATACSEQ:FASTQ_ALIGN_BWA:BWA_MEM (GM12878_OMNI_REP2_T1);c9ef45d2b05ffe4291dee893f39029ae;/input/data/work/a3/10011413ee38889f0507157d732e68/GM12878_OMNI_REP2_T1_2_val_2.fq.gz;f;1370299154
NFCORE_ATACSEQ:ATACSEQ:FASTQ_ALIGN_BWA:BWA_MEM (GM12878_OMNI_REP2_T1);c9ef45d2b05ffe4291dee893f39029ae;/input/data/work/a3/10011413ee38889f0507157d732e68/GM12878_OMNI_REP2_T1_1_val_1.fq.gz;f;1174781414
NFCORE_ATACSEQ:ATACSEQ:FASTQ_ALIGN_BWA:BWA_MEM (GM12878_OMNI_REP2_T1);c9ef45d2b05ffe4291dee893f39029ae;/input/data/work/stage-853e51d5-c24a-4499-a9b2-f0f6b87bfdd9/73/0128bcb15625a8a6346e6b462d9b97/version0.6.0;d;8575080249
NFCORE_ATACSEQ:ATACSEQ:FASTQ_ALIGN_BWA:BAM_SORT_STATS_SAMTOOLS:SAMTOOLS_SORT (GM12878_FAST_REP1_T1);4d8a1c27a8f21ee9bdd8cac836f0d74f;/input/data/work/6f/a4348e57c2d43b3c898fe707652888/GM12878_FAST_REP1_T1.Lb.bam;f;682842834
NFCORE_ATACSEQ:ATACSEQ:FASTQ_ALIGN_BWA:BAM_SORT_STATS_SAMTOOLS:SAMTOOLS_INDEX (GM12878_FAST_REP1_T1);f55b8883a0cdf7973f3f7cd3b8dc49ef;/input/data/work/4d/8a1c27a8f21ee9bdd8cac836f0d74f/GM12878_FAST_REP1_T1.Lb.sorted.bam;f;552026817
NFCORE_ATACSEQ:ATACSEQ:FASTQ_ALIGN_BWA:BWA_MEM (GM12878_STD_REP1_T1);69fe04d84e66a343df925e050c03bc7c;/input/data/work/33/2c792e5319779d9b23388af32d2b04/GM12878_STD_REP1_T1_1_val_1.fq.gz;f;1101987816
NFCORE_ATACSEQ:ATACSEQ:FASTQ_ALIGN_BWA:BWA_MEM (GM12878_STD_REP1_T1);69fe04d84e66a343df925e050c03bc7c;/input/data/work/33/2c792e5319779d9b23388af32d2b04/GM12878_STD_REP1_T1_2_val_2.fq.gz;f;1136255297
NFCORE_ATACSEQ:ATACSEQ:FASTQ_ALIGN_BWA:BWA_MEM (GM12878_STD_REP1_T1);69fe04d84e66a343df925e050c03bc7c;/input/data/work/stage-853e51d5-c24a-4499-a9b2-f0f6b87bfdd9/73/0128bcb15625a8a6346e6b462d9b97/version0.6.0;d;8575080249
NFCORE_ATACSEQ:ATACSEQ:FASTQ_ALIGN_BWA:BAM_SORT_STATS_SAMTOOLS:SAMTOOLS_SORT (GM12878_FAST_REP2_T1);abbe27a2e75eb3a43e1eff5001a8c592;/input/data/work/84/5448cb17e0032e68580f7de88cf48c/GM12878_FAST_REP2_T1.Lb.bam;f;1213189034
NFCORE_ATACSEQ:ATACSEQ:FASTQ_ALIGN_BWA:BAM_SORT_STATS_SAMTOOLS:SAMTOOLS_INDEX (GM12878_FAST_REP2_T1);9ddc1c61d8acbcbf4af358030bfa2ce5;/input/data/work/ab/be27a2e75eb3a43e1eff5001a8c592/GM12878_FAST_REP2_T1.Lb.sorted.bam;f;932641087
NFCORE_ATACSEQ:ATACSEQ:FASTQ_ALIGN_BWA:BWA_MEM (GM12878_OMNI_REP1_T1);386bce48ed04c8529b312c104d15b858;/input/data/work/05/2da6ce2026143fc82c1879f2e19af0/GM12878_OMNI_REP1_T1_1_val_1.fq.gz;f;1427718675
NFCORE_ATACSEQ:ATACSEQ:FASTQ_ALIGN_BWA:BWA_MEM (GM12878_OMNI_REP1_T1);386bce48ed04c8529b312c104d15b858;/input/data/work/05/2da6ce2026143fc82c1879f2e19af0/GM12878_OMNI_REP1_T1_2_val_2.fq.gz;f;1655798760
NFCORE_ATACSEQ:ATACSEQ:FASTQ_ALIGN_BWA:BWA_MEM (GM12878_OMNI_REP1_T1);386bce48ed04c8529b312c104d15b858;/input/data/work/stage-853e51d5-c24a-4499-a9b2-f0f6b87bfdd9/73/0128bcb15625a8a6346e6b462d9b97/version0.6.0;d;8575080249
NFCORE_ATACSEQ:ATACSEQ:FASTQ_ALIGN_BWA:BWA_MEM (GM12878_STD_REP2_T1);cdb5aa49f38954ad882d8ef6c4e91c23;/input/data/work/6f/8745ab7f7f37535ed247f125ed7256/GM12878_STD_REP2_T1_2_val_2.fq.gz;f;1093840078
NFCORE_ATACSEQ:ATACSEQ:FASTQ_ALIGN_BWA:BWA_MEM (GM12878_STD_REP2_T1);cdb5aa49f38954ad882d8ef6c4e91c23;/input/data/work/6f/8745ab7f7f37535ed247f125ed7256/GM12878_STD_REP2_T1_1_val_1.fq.gz;f;1052235792
NFCORE_ATACSEQ:ATACSEQ:FASTQ_ALIGN_BWA:BWA_MEM (GM12878_STD_REP2_T1);cdb5aa49f38954ad882d8ef6c4e91c23;/input/data/work/stage-853e51d5-c24a-4499-a9b2-f0f6b87bfdd9/73/0128bcb15625a8a6346e6b462d9b97/version0.6.0;d;8575080249
NFCORE_ATACSEQ:ATACSEQ:FASTQ_ALIGN_BWA:BAM_SORT_STATS_SAMTOOLS:SAMTOOLS_SORT (GM12878_STD_REP1_T1);ad1e613569b436d04e42c79a8af54d00;/input/data/work/69/fe04d84e66a343df925e050c03bc7c/GM12878_STD_REP1_T1.Lb.bam;f;3556277150
NFCORE_ATACSEQ:ATACSEQ:FASTQ_ALIGN_BWA:BAM_SORT_STATS_SAMTOOLS:SAMTOOLS_INDEX (GM12878_STD_REP1_T1);ca038d7f2f10849a798fbda3d3d45b2c;/input/data/work/ad/1e613569b436d04e42c79a8af54d00/GM12878_STD_REP1_T1.Lb.sorted.bam;f;1833055087
NFCORE_ATACSEQ:ATACSEQ:FASTQ_ALIGN_BWA:BAM_SORT_STATS_SAMTOOLS:SAMTOOLS_SORT (GM12878_STD_REP2_T1);cad394688e6899e9df2e9667cbbf0648;/input/data/work/cd/b5aa49f38954ad882d8ef6c4e91c23/GM12878_STD_REP2_T1.Lb.bam;f;3408540317
NFCORE_ATACSEQ:ATACSEQ:FASTQ_ALIGN_BWA:BAM_SORT_STATS_SAMTOOLS:SAMTOOLS_INDEX (GM12878_STD_REP2_T1);f61c705d16d8512908ded88230fc61a3;/input/data/work/ca/d394688e6899e9df2e9667cbbf0648/GM12878_STD_REP2_T1.Lb.sorted.bam;f;1746243199
NFCORE_ATACSEQ:ATACSEQ:FASTQ_ALIGN_BWA:BAM_SORT_STATS_SAMTOOLS:SAMTOOLS_SORT (GM12878_OMNI_REP2_T1);0577b3a09a2528d0c3da46c87d52ff17;/input/data/work/c9/ef45d2b05ffe4291dee893f39029ae/GM12878_OMNI_REP2_T1.Lb.bam;f;3903710176
NFCORE_ATACSEQ:ATACSEQ:FASTQ_ALIGN_BWA:BAM_SORT_STATS_SAMTOOLS:SAMTOOLS_INDEX (GM12878_OMNI_REP2_T1);da028b134f447aaa8016f1d897a9b0df;/input/data/work/05/77b3a09a2528d0c3da46c87d52ff17/GM12878_OMNI_REP2_T1.Lb.sorted.bam;f;2903657601
NFCORE_ATACSEQ:ATACSEQ:FASTQ_ALIGN_BWA:BAM_SORT_STATS_SAMTOOLS:SAMTOOLS_SORT (GM12878_OMNI_REP1_T1);ea7e845aeec600369a5b1e17511f0d6d;/input/data/work/38/6bce48ed04c8529b312c104d15b858/GM12878_OMNI_REP1_T1.Lb.bam;f;4734227470
NFCORE_ATACSEQ:ATACSEQ:FASTQ_ALIGN_BWA:BAM_SORT_STATS_SAMTOOLS:SAMTOOLS_INDEX (GM12878_OMNI_REP1_T1);1fdf12b0a67d1485fe2709aecb637c67;/input/data/work/ea/7e845aeec600369a5b1e17511f0d6d/GM12878_OMNI_REP1_T1.Lb.sorted.bam;f;3485637079
NFCORE_ATACSEQ:ATACSEQ:PICARD_MERGESAMFILES_LIBRARY (GM12878_OMNI_REP2);bac230832860b96e463abaf26c6a2176;/input/data/work/05/77b3a09a2528d0c3da46c87d52ff17/GM12878_OMNI_REP2_T1.Lb.sorted.bam;f;2903657601
NFCORE_ATACSEQ:ATACSEQ:PICARD_MERGESAMFILES_LIBRARY (GM12878_OMNI_REP1);cd5f70147aaecfd54ee5315d09c5e815;/input/data/work/ea/7e845aeec600369a5b1e17511f0d6d/GM12878_OMNI_REP1_T1.Lb.sorted.bam;f;3485637079
NFCORE_ATACSEQ:ATACSEQ:PICARD_MERGESAMFILES_LIBRARY (GM12878_FAST_REP2);0d53a295f0f6a76a5a7088fa9a197fe8;/input/data/work/ab/be27a2e75eb3a43e1eff5001a8c592/GM12878_FAST_REP2_T1.Lb.sorted.bam;f;932641087
NFCORE_ATACSEQ:ATACSEQ:PICARD_MERGESAMFILES_LIBRARY (GM12878_FAST_REP1);10a82073f5174d6b1f24151748e58801;/input/data/work/4d/8a1c27a8f21ee9bdd8cac836f0d74f/GM12878_FAST_REP1_T1.Lb.sorted.bam;f;552026817
NFCORE_ATACSEQ:ATACSEQ:PICARD_MERGESAMFILES_LIBRARY (GM12878_STD_REP2);2ddd3dad1c083b244663665e859e2e68;/input/data/work/ca/d394688e6899e9df2e9667cbbf0648/GM12878_STD_REP2_T1.Lb.sorted.bam;f;1746243199
NFCORE_ATACSEQ:ATACSEQ:PICARD_MERGESAMFILES_LIBRARY (GM12878_STD_REP1);ee1d2cc590cd21bc7aa1116c1f8ab7f0;/input/data/work/ad/1e613569b436d04e42c79a8af54d00/GM12878_STD_REP1_T1.Lb.sorted.bam;f;1833055087
NFCORE_ATACSEQ:ATACSEQ:MERGED_LIBRARY_MARKDUPLICATES_PICARD:PICARD_MARKDUPLICATES (GM12878_OMNI_REP1);bad9649413142f9b3728eaa694bf4d3b;/input/data/work/9d/c11b7c34553b376534853a5a5f49c0/genome.fa.fai;f;783
NFCORE_ATACSEQ:ATACSEQ:MERGED_LIBRARY_MARKDUPLICATES_PICARD:PICARD_MARKDUPLICATES (GM12878_OMNI_REP1);bad9649413142f9b3728eaa694bf4d3b;/input/data/work/ea/7e845aeec600369a5b1e17511f0d6d/GM12878_OMNI_REP1_T1.Lb.sorted.bam;f;3485637079
NFCORE_ATACSEQ:ATACSEQ:MERGED_LIBRARY_MARKDUPLICATES_PICARD:PICARD_MARKDUPLICATES (GM12878_OMNI_REP1);bad9649413142f9b3728eaa694bf4d3b;/input/data/work/stage-853e51d5-c24a-4499-a9b2-f0f6b87bfdd9/0d/0b940686602256bbbdf5750d8540fe/genome.fa;f;3157608038
NFCORE_ATACSEQ:ATACSEQ:MERGED_LIBRARY_MARKDUPLICATES_PICARD:PICARD_MARKDUPLICATES (GM12878_OMNI_REP2);eb6794e37b64ad64cd6c61175dc79e7f;/input/data/work/05/77b3a09a2528d0c3da46c87d52ff17/GM12878_OMNI_REP2_T1.Lb.sorted.bam;f;2903657601
NFCORE_ATACSEQ:ATACSEQ:MERGED_LIBRARY_MARKDUPLICATES_PICARD:PICARD_MARKDUPLICATES (GM12878_OMNI_REP2);eb6794e37b64ad64cd6c61175dc79e7f;/input/data/work/9d/c11b7c34553b376534853a5a5f49c0/genome.fa.fai;f;783
NFCORE_ATACSEQ:ATACSEQ:MERGED_LIBRARY_MARKDUPLICATES_PICARD:PICARD_MARKDUPLICATES (GM12878_OMNI_REP2);eb6794e37b64ad64cd6c61175dc79e7f;/input/data/work/stage-853e51d5-c24a-4499-a9b2-f0f6b87bfdd9/0d/0b940686602256bbbdf5750d8540fe/genome.fa;f;3157608038
NFCORE_ATACSEQ:ATACSEQ:MERGED_LIBRARY_MARKDUPLICATES_PICARD:PICARD_MARKDUPLICATES (GM12878_FAST_REP2);6c3597e97229e1bcad30baf20d0d7c15;/input/data/work/ab/be27a2e75eb3a43e1eff5001a8c592/GM12878_FAST_REP2_T1.Lb.sorted.bam;f;932641087
NFCORE_ATACSEQ:ATACSEQ:MERGED_LIBRARY_MARKDUPLICATES_PICARD:PICARD_MARKDUPLICATES (GM12878_FAST_REP2);6c3597e97229e1bcad30baf20d0d7c15;/input/data/work/9d/c11b7c34553b376534853a5a5f49c0/genome.fa.fai;f;783
NFCORE_ATACSEQ:ATACSEQ:MERGED_LIBRARY_MARKDUPLICATES_PICARD:PICARD_MARKDUPLICATES (GM12878_FAST_REP2);6c3597e97229e1bcad30baf20d0d7c15;/input/data/work/stage-853e51d5-c24a-4499-a9b2-f0f6b87bfdd9/0d/0b940686602256bbbdf5750d8540fe/genome.fa;f;3157608038
NFCORE_ATACSEQ:ATACSEQ:MERGED_LIBRARY_MARKDUPLICATES_PICARD:PICARD_MARKDUPLICATES (GM12878_FAST_REP1);dd81fe4f8a6319dc0f9e5362096356e6;/input/data/work/4d/8a1c27a8f21ee9bdd8cac836f0d74f/GM12878_FAST_REP1_T1.Lb.sorted.bam;f;552026817
NFCORE_ATACSEQ:ATACSEQ:MERGED_LIBRARY_MARKDUPLICATES_PICARD:PICARD_MARKDUPLICATES (GM12878_FAST_REP1);dd81fe4f8a6319dc0f9e5362096356e6;/input/data/work/9d/c11b7c34553b376534853a5a5f49c0/genome.fa.fai;f;783
NFCORE_ATACSEQ:ATACSEQ:MERGED_LIBRARY_MARKDUPLICATES_PICARD:PICARD_MARKDUPLICATES (GM12878_FAST_REP1);dd81fe4f8a6319dc0f9e5362096356e6;/input/data/work/stage-853e51d5-c24a-4499-a9b2-f0f6b87bfdd9/0d/0b940686602256bbbdf5750d8540fe/genome.fa;f;3157608038
NFCORE_ATACSEQ:ATACSEQ:MERGED_LIBRARY_MARKDUPLICATES_PICARD:PICARD_MARKDUPLICATES (GM12878_STD_REP2);fb42863a52d7695ef9e616e6c55a3076;/input/data/work/9d/c11b7c34553b376534853a5a5f49c0/genome.fa.fai;f;783
NFCORE_ATACSEQ:ATACSEQ:MERGED_LIBRARY_MARKDUPLICATES_PICARD:PICARD_MARKDUPLICATES (GM12878_STD_REP2);fb42863a52d7695ef9e616e6c55a3076;/input/data/work/ca/d394688e6899e9df2e9667cbbf0648/GM12878_STD_REP2_T1.Lb.sorted.bam;f;1746243199
NFCORE_ATACSEQ:ATACSEQ:MERGED_LIBRARY_MARKDUPLICATES_PICARD:PICARD_MARKDUPLICATES (GM12878_STD_REP2);fb42863a52d7695ef9e616e6c55a3076;/input/data/work/stage-853e51d5-c24a-4499-a9b2-f0f6b87bfdd9/0d/0b940686602256bbbdf5750d8540fe/genome.fa;f;3157608038
NFCORE_ATACSEQ:ATACSEQ:MERGED_LIBRARY_MARKDUPLICATES_PICARD:PICARD_MARKDUPLICATES (GM12878_STD_REP1);7593453880e1f1321ea1404c8881ee96;/input/data/work/ad/1e613569b436d04e42c79a8af54d00/GM12878_STD_REP1_T1.Lb.sorted.bam;f;1833055087
NFCORE_ATACSEQ:ATACSEQ:MERGED_LIBRARY_MARKDUPLICATES_PICARD:PICARD_MARKDUPLICATES (GM12878_STD_REP1);7593453880e1f1321ea1404c8881ee96;/input/data/work/9d/c11b7c34553b376534853a5a5f49c0/genome.fa.fai;f;783
NFCORE_ATACSEQ:ATACSEQ:MERGED_LIBRARY_MARKDUPLICATES_PICARD:PICARD_MARKDUPLICATES (GM12878_STD_REP1);7593453880e1f1321ea1404c8881ee96;/input/data/work/stage-853e51d5-c24a-4499-a9b2-f0f6b87bfdd9/0d/0b940686602256bbbdf5750d8540fe/genome.fa;f;3157608038
NFCORE_ATACSEQ:ATACSEQ:FASTQ_ALIGN_BWA:BAM_SORT_STATS_SAMTOOLS:BAM_STATS_SAMTOOLS:SAMTOOLS_FLAGSTAT (GM12878_OMNI_REP2_T1);d4826e185a28fcbd621fbd44cacc88c4;/input/data/work/da/028b134f447aaa8016f1d897a9b0df/GM12878_OMNI_REP2_T1.Lb.sorted.bam.bai;f;2654672
NFCORE_ATACSEQ:ATACSEQ:FASTQ_ALIGN_BWA:BAM_SORT_STATS_SAMTOOLS:BAM_STATS_SAMTOOLS:SAMTOOLS_FLAGSTAT (GM12878_OMNI_REP2_T1);d4826e185a28fcbd621fbd44cacc88c4;/input/data/work/05/77b3a09a2528d0c3da46c87d52ff17/GM12878_OMNI_REP2_T1.Lb.sorted.bam;f;2903657601
NFCORE_ATACSEQ:ATACSEQ:FASTQ_ALIGN_BWA:BAM_SORT_STATS_SAMTOOLS:BAM_STATS_SAMTOOLS:SAMTOOLS_FLAGSTAT (GM12878_FAST_REP2_T1);042905aff9b704214d39f341cc1b6e87;/input/data/work/ab/be27a2e75eb3a43e1eff5001a8c592/GM12878_FAST_REP2_T1.Lb.sorted.bam;f;932641087
NFCORE_ATACSEQ:ATACSEQ:FASTQ_ALIGN_BWA:BAM_SORT_STATS_SAMTOOLS:BAM_STATS_SAMTOOLS:SAMTOOLS_FLAGSTAT (GM12878_FAST_REP2_T1);042905aff9b704214d39f341cc1b6e87;/input/data/work/9d/dc1c61d8acbcbf4af358030bfa2ce5/GM12878_FAST_REP2_T1.Lb.sorted.bam.bai;f;2614624
NFCORE_ATACSEQ:ATACSEQ:FASTQ_ALIGN_BWA:BAM_SORT_STATS_SAMTOOLS:BAM_STATS_SAMTOOLS:SAMTOOLS_IDXSTATS (GM12878_FAST_REP2_T1);fb8e517820b6f46a03b0014e68b2a76a;/input/data/work/ab/be27a2e75eb3a43e1eff5001a8c592/GM12878_FAST_REP2_T1.Lb.sorted.bam;f;932641087
NFCORE_ATACSEQ:ATACSEQ:FASTQ_ALIGN_BWA:BAM_SORT_STATS_SAMTOOLS:BAM_STATS_SAMTOOLS:SAMTOOLS_IDXSTATS (GM12878_FAST_REP2_T1);fb8e517820b6f46a03b0014e68b2a76a;/input/data/work/9d/dc1c61d8acbcbf4af358030bfa2ce5/GM12878_FAST_REP2_T1.Lb.sorted.bam.bai;f;2614624
NFCORE_ATACSEQ:ATACSEQ:FASTQ_ALIGN_BWA:BAM_SORT_STATS_SAMTOOLS:BAM_STATS_SAMTOOLS:SAMTOOLS_FLAGSTAT (GM12878_STD_REP2_T1);f8f47b383c0f78807c96e4cf8c6397f1;/input/data/work/f6/1c705d16d8512908ded88230fc61a3/GM12878_STD_REP2_T1.Lb.sorted.bam.bai;f;3493520
NFCORE_ATACSEQ:ATACSEQ:FASTQ_ALIGN_BWA:BAM_SORT_STATS_SAMTOOLS:BAM_STATS_SAMTOOLS:SAMTOOLS_FLAGSTAT (GM12878_STD_REP2_T1);f8f47b383c0f78807c96e4cf8c6397f1;/input/data/work/ca/d394688e6899e9df2e9667cbbf0648/GM12878_STD_REP2_T1.Lb.sorted.bam;f;1746243199
NFCORE_ATACSEQ:ATACSEQ:FASTQ_ALIGN_BWA:BAM_SORT_STATS_SAMTOOLS:BAM_STATS_SAMTOOLS:SAMTOOLS_IDXSTATS (GM12878_OMNI_REP1_T1);c9a72e53fdcba9d62de4112810c987b7;/input/data/work/ea/7e845aeec600369a5b1e17511f0d6d/GM12878_OMNI_REP1_T1.Lb.sorted.bam;f;3485637079
NFCORE_ATACSEQ:ATACSEQ:FASTQ_ALIGN_BWA:BAM_SORT_STATS_SAMTOOLS:BAM_STATS_SAMTOOLS:SAMTOOLS_IDXSTATS (GM12878_OMNI_REP1_T1);c9a72e53fdcba9d62de4112810c987b7;/input/data/work/1f/df12b0a67d1485fe2709aecb637c67/GM12878_OMNI_REP1_T1.Lb.sorted.bam.bai;f;2682696
NFCORE_ATACSEQ:ATACSEQ:FASTQ_ALIGN_BWA:BAM_SORT_STATS_SAMTOOLS:BAM_STATS_SAMTOOLS:SAMTOOLS_FLAGSTAT (GM12878_OMNI_REP1_T1);eea11ba1b0ea267708b7a8ae7d2e3329;/input/data/work/ea/7e845aeec600369a5b1e17511f0d6d/GM12878_OMNI_REP1_T1.Lb.sorted.bam;f;3485637079
NFCORE_ATACSEQ:ATACSEQ:FASTQ_ALIGN_BWA:BAM_SORT_STATS_SAMTOOLS:BAM_STATS_SAMTOOLS:SAMTOOLS_FLAGSTAT (GM12878_OMNI_REP1_T1);eea11ba1b0ea267708b7a8ae7d2e3329;/input/data/work/1f/df12b0a67d1485fe2709aecb637c67/GM12878_OMNI_REP1_T1.Lb.sorted.bam.bai;f;2682696
NFCORE_ATACSEQ:ATACSEQ:FASTQ_ALIGN_BWA:BAM_SORT_STATS_SAMTOOLS:BAM_STATS_SAMTOOLS:SAMTOOLS_IDXSTATS (GM12878_STD_REP1_T1);732a295a782788d84711725991cb2a99;/input/data/work/ca/038d7f2f10849a798fbda3d3d45b2c/GM12878_STD_REP1_T1.Lb.sorted.bam.bai;f;3432984
NFCORE_ATACSEQ:ATACSEQ:FASTQ_ALIGN_BWA:BAM_SORT_STATS_SAMTOOLS:BAM_STATS_SAMTOOLS:SAMTOOLS_IDXSTATS (GM12878_STD_REP1_T1);732a295a782788d84711725991cb2a99;/input/data/work/ad/1e613569b436d04e42c79a8af54d00/GM12878_STD_REP1_T1.Lb.sorted.bam;f;1833055087
NFCORE_ATACSEQ:ATACSEQ:FASTQ_ALIGN_BWA:BAM_SORT_STATS_SAMTOOLS:BAM_STATS_SAMTOOLS:SAMTOOLS_IDXSTATS (GM12878_STD_REP2_T1);9fcce7f2253dc5941cea8fe9f768d75e;/input/data/work/f6/1c705d16d8512908ded88230fc61a3/GM12878_STD_REP2_T1.Lb.sorted.bam.bai;f;3493520
NFCORE_ATACSEQ:ATACSEQ:FASTQ_ALIGN_BWA:BAM_SORT_STATS_SAMTOOLS:BAM_STATS_SAMTOOLS:SAMTOOLS_IDXSTATS (GM12878_STD_REP2_T1);9fcce7f2253dc5941cea8fe9f768d75e;/input/data/work/ca/d394688e6899e9df2e9667cbbf0648/GM12878_STD_REP2_T1.Lb.sorted.bam;f;1746243199
NFCORE_ATACSEQ:ATACSEQ:FASTQ_ALIGN_BWA:BAM_SORT_STATS_SAMTOOLS:BAM_STATS_SAMTOOLS:SAMTOOLS_FLAGSTAT (GM12878_STD_REP1_T1);157ed2ec308bd1cbcd3c5f2552622531;/input/data/work/ca/038d7f2f10849a798fbda3d3d45b2c/GM12878_STD_REP1_T1.Lb.sorted.bam.bai;f;3432984
NFCORE_ATACSEQ:ATACSEQ:FASTQ_ALIGN_BWA:BAM_SORT_STATS_SAMTOOLS:BAM_STATS_SAMTOOLS:SAMTOOLS_FLAGSTAT (GM12878_STD_REP1_T1);157ed2ec308bd1cbcd3c5f2552622531;/input/data/work/ad/1e613569b436d04e42c79a8af54d00/GM12878_STD_REP1_T1.Lb.sorted.bam;f;1833055087
NFCORE_ATACSEQ:ATACSEQ:FASTQ_ALIGN_BWA:BAM_SORT_STATS_SAMTOOLS:BAM_STATS_SAMTOOLS:SAMTOOLS_IDXSTATS (GM12878_OMNI_REP2_T1);3f713f3991bf813467b36732a20ff7ec;/input/data/work/da/028b134f447aaa8016f1d897a9b0df/GM12878_OMNI_REP2_T1.Lb.sorted.bam.bai;f;2654672
NFCORE_ATACSEQ:ATACSEQ:FASTQ_ALIGN_BWA:BAM_SORT_STATS_SAMTOOLS:BAM_STATS_SAMTOOLS:SAMTOOLS_IDXSTATS (GM12878_OMNI_REP2_T1);3f713f3991bf813467b36732a20ff7ec;/input/data/work/05/77b3a09a2528d0c3da46c87d52ff17/GM12878_OMNI_REP2_T1.Lb.sorted.bam;f;2903657601
NFCORE_ATACSEQ:ATACSEQ:FASTQ_ALIGN_BWA:BAM_SORT_STATS_SAMTOOLS:BAM_STATS_SAMTOOLS:SAMTOOLS_IDXSTATS (GM12878_FAST_REP1_T1);94acbc4035fd79d8bac8f6ec158e1a95;/input/data/work/4d/8a1c27a8f21ee9bdd8cac836f0d74f/GM12878_FAST_REP1_T1.Lb.sorted.bam;f;552026817
NFCORE_ATACSEQ:ATACSEQ:FASTQ_ALIGN_BWA:BAM_SORT_STATS_SAMTOOLS:BAM_STATS_SAMTOOLS:SAMTOOLS_IDXSTATS (GM12878_FAST_REP1_T1);94acbc4035fd79d8bac8f6ec158e1a95;/input/data/work/f5/5b8883a0cdf7973f3f7cd3b8dc49ef/GM12878_FAST_REP1_T1.Lb.sorted.bam.bai;f;3260368
NFCORE_ATACSEQ:ATACSEQ:FASTQ_ALIGN_BWA:BAM_SORT_STATS_SAMTOOLS:BAM_STATS_SAMTOOLS:SAMTOOLS_FLAGSTAT (GM12878_FAST_REP1_T1);706964b0e3e9dac9e094f44b46b4b385;/input/data/work/4d/8a1c27a8f21ee9bdd8cac836f0d74f/GM12878_FAST_REP1_T1.Lb.sorted.bam;f;552026817
NFCORE_ATACSEQ:ATACSEQ:FASTQ_ALIGN_BWA:BAM_SORT_STATS_SAMTOOLS:BAM_STATS_SAMTOOLS:SAMTOOLS_FLAGSTAT (GM12878_FAST_REP1_T1);706964b0e3e9dac9e094f44b46b4b385;/input/data/work/f5/5b8883a0cdf7973f3f7cd3b8dc49ef/GM12878_FAST_REP1_T1.Lb.sorted.bam.bai;f;3260368
NFCORE_ATACSEQ:ATACSEQ:FASTQ_ALIGN_BWA:BAM_SORT_STATS_SAMTOOLS:BAM_STATS_SAMTOOLS:SAMTOOLS_STATS (GM12878_OMNI_REP1_T1);f807f5261789a1c19d28444208a50173;/input/data/work/ea/7e845aeec600369a5b1e17511f0d6d/GM12878_OMNI_REP1_T1.Lb.sorted.bam;f;3485637079
NFCORE_ATACSEQ:ATACSEQ:FASTQ_ALIGN_BWA:BAM_SORT_STATS_SAMTOOLS:BAM_STATS_SAMTOOLS:SAMTOOLS_STATS (GM12878_OMNI_REP1_T1);f807f5261789a1c19d28444208a50173;/input/data/work/1f/df12b0a67d1485fe2709aecb637c67/GM12878_OMNI_REP1_T1.Lb.sorted.bam.bai;f;2682696
NFCORE_ATACSEQ:ATACSEQ:FASTQ_ALIGN_BWA:BAM_SORT_STATS_SAMTOOLS:BAM_STATS_SAMTOOLS:SAMTOOLS_STATS (GM12878_OMNI_REP1_T1);f807f5261789a1c19d28444208a50173;/input/data/work/stage-853e51d5-c24a-4499-a9b2-f0f6b87bfdd9/0d/0b940686602256bbbdf5750d8540fe/genome.fa;f;3157608038
NFCORE_ATACSEQ:ATACSEQ:FASTQ_ALIGN_BWA:BAM_SORT_STATS_SAMTOOLS:BAM_STATS_SAMTOOLS:SAMTOOLS_STATS (GM12878_STD_REP1_T1);aeb4f0dfb7f4e6bd06bebc80cafcbdf6;/input/data/work/ca/038d7f2f10849a798fbda3d3d45b2c/GM12878_STD_REP1_T1.Lb.sorted.bam.bai;f;3432984
NFCORE_ATACSEQ:ATACSEQ:FASTQ_ALIGN_BWA:BAM_SORT_STATS_SAMTOOLS:BAM_STATS_SAMTOOLS:SAMTOOLS_STATS (GM12878_STD_REP1_T1);aeb4f0dfb7f4e6bd06bebc80cafcbdf6;/input/data/work/ad/1e613569b436d04e42c79a8af54d00/GM12878_STD_REP1_T1.Lb.sorted.bam;f;1833055087
NFCORE_ATACSEQ:ATACSEQ:FASTQ_ALIGN_BWA:BAM_SORT_STATS_SAMTOOLS:BAM_STATS_SAMTOOLS:SAMTOOLS_STATS (GM12878_STD_REP1_T1);aeb4f0dfb7f4e6bd06bebc80cafcbdf6;/input/data/work/stage-853e51d5-c24a-4499-a9b2-f0f6b87bfdd9/0d/0b940686602256bbbdf5750d8540fe/genome.fa;f;3157608038
NFCORE_ATACSEQ:ATACSEQ:FASTQ_ALIGN_BWA:BAM_SORT_STATS_SAMTOOLS:BAM_STATS_SAMTOOLS:SAMTOOLS_STATS (GM12878_OMNI_REP2_T1);44a05af23ef15a369ab3efc643343cd4;/input/data/work/da/028b134f447aaa8016f1d897a9b0df/GM12878_OMNI_REP2_T1.Lb.sorted.bam.bai;f;2654672
NFCORE_ATACSEQ:ATACSEQ:FASTQ_ALIGN_BWA:BAM_SORT_STATS_SAMTOOLS:BAM_STATS_SAMTOOLS:SAMTOOLS_STATS (GM12878_OMNI_REP2_T1);44a05af23ef15a369ab3efc643343cd4;/input/data/work/05/77b3a09a2528d0c3da46c87d52ff17/GM12878_OMNI_REP2_T1.Lb.sorted.bam;f;2903657601
NFCORE_ATACSEQ:ATACSEQ:FASTQ_ALIGN_BWA:BAM_SORT_STATS_SAMTOOLS:BAM_STATS_SAMTOOLS:SAMTOOLS_STATS (GM12878_OMNI_REP2_T1);44a05af23ef15a369ab3efc643343cd4;/input/data/work/stage-853e51d5-c24a-4499-a9b2-f0f6b87bfdd9/0d/0b940686602256bbbdf5750d8540fe/genome.fa;f;3157608038
NFCORE_ATACSEQ:ATACSEQ:FASTQ_ALIGN_BWA:BAM_SORT_STATS_SAMTOOLS:BAM_STATS_SAMTOOLS:SAMTOOLS_STATS (GM12878_STD_REP2_T1);bb8013543a19c7950c89816b55167a2e;/input/data/work/f6/1c705d16d8512908ded88230fc61a3/GM12878_STD_REP2_T1.Lb.sorted.bam.bai;f;3493520
NFCORE_ATACSEQ:ATACSEQ:FASTQ_ALIGN_BWA:BAM_SORT_STATS_SAMTOOLS:BAM_STATS_SAMTOOLS:SAMTOOLS_STATS (GM12878_STD_REP2_T1);bb8013543a19c7950c89816b55167a2e;/input/data/work/ca/d394688e6899e9df2e9667cbbf0648/GM12878_STD_REP2_T1.Lb.sorted.bam;f;1746243199
NFCORE_ATACSEQ:ATACSEQ:FASTQ_ALIGN_BWA:BAM_SORT_STATS_SAMTOOLS:BAM_STATS_SAMTOOLS:SAMTOOLS_STATS (GM12878_STD_REP2_T1);bb8013543a19c7950c89816b55167a2e;/input/data/work/stage-853e51d5-c24a-4499-a9b2-f0f6b87bfdd9/0d/0b940686602256bbbdf5750d8540fe/genome.fa;f;3157608038
NFCORE_ATACSEQ:ATACSEQ:FASTQ_ALIGN_BWA:BAM_SORT_STATS_SAMTOOLS:BAM_STATS_SAMTOOLS:SAMTOOLS_STATS (GM12878_FAST_REP2_T1);0748efe8153798dd26a45d64b40a769f;/input/data/work/ab/be27a2e75eb3a43e1eff5001a8c592/GM12878_FAST_REP2_T1.Lb.sorted.bam;f;932641087
NFCORE_ATACSEQ:ATACSEQ:FASTQ_ALIGN_BWA:BAM_SORT_STATS_SAMTOOLS:BAM_STATS_SAMTOOLS:SAMTOOLS_STATS (GM12878_FAST_REP2_T1);0748efe8153798dd26a45d64b40a769f;/input/data/work/9d/dc1c61d8acbcbf4af358030bfa2ce5/GM12878_FAST_REP2_T1.Lb.sorted.bam.bai;f;2614624
NFCORE_ATACSEQ:ATACSEQ:FASTQ_ALIGN_BWA:BAM_SORT_STATS_SAMTOOLS:BAM_STATS_SAMTOOLS:SAMTOOLS_STATS (GM12878_FAST_REP2_T1);0748efe8153798dd26a45d64b40a769f;/input/data/work/stage-853e51d5-c24a-4499-a9b2-f0f6b87bfdd9/0d/0b940686602256bbbdf5750d8540fe/genome.fa;f;3157608038
NFCORE_ATACSEQ:ATACSEQ:FASTQ_ALIGN_BWA:BAM_SORT_STATS_SAMTOOLS:BAM_STATS_SAMTOOLS:SAMTOOLS_STATS (GM12878_FAST_REP1_T1);63d61c507b80a25f877e668b1270b82c;/input/data/work/4d/8a1c27a8f21ee9bdd8cac836f0d74f/GM12878_FAST_REP1_T1.Lb.sorted.bam;f;552026817
NFCORE_ATACSEQ:ATACSEQ:FASTQ_ALIGN_BWA:BAM_SORT_STATS_SAMTOOLS:BAM_STATS_SAMTOOLS:SAMTOOLS_STATS (GM12878_FAST_REP1_T1);63d61c507b80a25f877e668b1270b82c;/input/data/work/f5/5b8883a0cdf7973f3f7cd3b8dc49ef/GM12878_FAST_REP1_T1.Lb.sorted.bam.bai;f;3260368
NFCORE_ATACSEQ:ATACSEQ:FASTQ_ALIGN_BWA:BAM_SORT_STATS_SAMTOOLS:BAM_STATS_SAMTOOLS:SAMTOOLS_STATS (GM12878_FAST_REP1_T1);63d61c507b80a25f877e668b1270b82c;/input/data/work/stage-853e51d5-c24a-4499-a9b2-f0f6b87bfdd9/0d/0b940686602256bbbdf5750d8540fe/genome.fa;f;3157608038
NFCORE_ATACSEQ:ATACSEQ:MERGED_LIBRARY_MARKDUPLICATES_PICARD:SAMTOOLS_INDEX (GM12878_FAST_REP1);92c3a23728361136a0a2f2be5c8d42b7;/input/data/work/dd/81fe4f8a6319dc0f9e5362096356e6/GM12878_FAST_REP1.mLb.mkD.sorted.bam;f;577283823
NFCORE_ATACSEQ:ATACSEQ:MERGED_LIBRARY_FILTER_BAM:BAMTOOLS_FILTER (GM12878_FAST_REP1);07d0cbe51ffea1be360652ea6717e010;/input/data/work/dd/81fe4f8a6319dc0f9e5362096356e6/GM12878_FAST_REP1.mLb.mkD.sorted.bam;f;577283823
NFCORE_ATACSEQ:ATACSEQ:MERGED_LIBRARY_FILTER_BAM:BAMTOOLS_FILTER (GM12878_FAST_REP1);07d0cbe51ffea1be360652ea6717e010;/input/data/work/35/a687b717a2264841716a05eb9ec782/genome.include_regions.bed;f;9866
NFCORE_ATACSEQ:ATACSEQ:MERGED_LIBRARY_FILTER_BAM:BAMTOOLS_FILTER (GM12878_FAST_REP1);07d0cbe51ffea1be360652ea6717e010;/input/atacseq/assets/bamtools_filter_se.json;f;153
NFCORE_ATACSEQ:ATACSEQ:MERGED_LIBRARY_FILTER_BAM:BAMTOOLS_FILTER (GM12878_FAST_REP1);07d0cbe51ffea1be360652ea6717e010;/input/data/work/92/c3a23728361136a0a2f2be5c8d42b7/GM12878_FAST_REP1.mLb.mkD.sorted.bam.bai;f;3263048
NFCORE_ATACSEQ:ATACSEQ:MERGED_LIBRARY_FILTER_BAM:BAMTOOLS_FILTER (GM12878_FAST_REP1);07d0cbe51ffea1be360652ea6717e010;/input/atacseq/assets/bamtools_filter_pe.json;f;294
NFCORE_ATACSEQ:ATACSEQ:MERGED_LIBRARY_MARKDUPLICATES_PICARD:SAMTOOLS_INDEX (GM12878_FAST_REP2);4de72c867cb2d556bc83b8c0b62fe7ae;/input/data/work/6c/3597e97229e1bcad30baf20d0d7c15/GM12878_FAST_REP2.mLb.mkD.sorted.bam;f;978962107
NFCORE_ATACSEQ:ATACSEQ:MERGED_LIBRARY_FILTER_BAM:BAMTOOLS_FILTER (GM12878_FAST_REP2);f4bc57d0da694652f5b9134b51e90abe;/input/data/work/4d/e72c867cb2d556bc83b8c0b62fe7ae/GM12878_FAST_REP2.mLb.mkD.sorted.bam.bai;f;2621536
NFCORE_ATACSEQ:ATACSEQ:MERGED_LIBRARY_FILTER_BAM:BAMTOOLS_FILTER (GM12878_FAST_REP2);f4bc57d0da694652f5b9134b51e90abe;/input/data/work/35/a687b717a2264841716a05eb9ec782/genome.include_regions.bed;f;9866
NFCORE_ATACSEQ:ATACSEQ:MERGED_LIBRARY_FILTER_BAM:BAMTOOLS_FILTER (GM12878_FAST_REP2);f4bc57d0da694652f5b9134b51e90abe;/input/atacseq/assets/bamtools_filter_se.json;f;153
NFCORE_ATACSEQ:ATACSEQ:MERGED_LIBRARY_FILTER_BAM:BAMTOOLS_FILTER (GM12878_FAST_REP2);f4bc57d0da694652f5b9134b51e90abe;/input/data/work/6c/3597e97229e1bcad30baf20d0d7c15/GM12878_FAST_REP2.mLb.mkD.sorted.bam;f;978962107
NFCORE_ATACSEQ:ATACSEQ:MERGED_LIBRARY_FILTER_BAM:BAMTOOLS_FILTER (GM12878_FAST_REP2);f4bc57d0da694652f5b9134b51e90abe;/input/atacseq/assets/bamtools_filter_pe.json;f;294
NFCORE_ATACSEQ:ATACSEQ:MERGED_LIBRARY_FILTER_BAM:SAMTOOLS_SORT (GM12878_FAST_REP1);de058969f5a657d82f439c8cc84c48e7;/input/data/work/07/d0cbe51ffea1be360652ea6717e010/GM12878_FAST_REP1.mLb.flT.sorted.bam;f;420075861
NFCORE_ATACSEQ:ATACSEQ:MERGED_LIBRARY_FILTER_BAM:BAM_REMOVE_ORPHANS (GM12878_FAST_REP1);4d1dee9415ea84b10fce380683806327;/input/data/work/de/058969f5a657d82f439c8cc84c48e7/GM12878_FAST_REP1.mLb.flT.name_sorted.bam;f;444749653
NFCORE_ATACSEQ:ATACSEQ:MERGED_LIBRARY_FILTER_BAM:BAM_SORT_STATS_SAMTOOLS:SAMTOOLS_SORT (GM12878_FAST_REP1);00204e222f81616346dd98483d5c636a;/input/data/work/4d/1dee9415ea84b10fce380683806327/GM12878_FAST_REP1.mLb.clN.bam;f;439032388
NFCORE_ATACSEQ:ATACSEQ:MERGED_LIBRARY_FILTER_BAM:BAM_SORT_STATS_SAMTOOLS:SAMTOOLS_INDEX (GM12878_FAST_REP1);04166779ffbf89947e4d31bf188cb9bd;/input/data/work/00/204e222f81616346dd98483d5c636a/GM12878_FAST_REP1.mLb.clN.sorted.bam;f;409599243
NFCORE_ATACSEQ:ATACSEQ:MERGED_LIBRARY_PICARD_COLLECTMULTIPLEMETRICS (GM12878_FAST_REP1);46ad916858e1eed05550e2e8921887df;/input/data/work/00/204e222f81616346dd98483d5c636a/GM12878_FAST_REP1.mLb.clN.sorted.bam;f;409599243
NFCORE_ATACSEQ:ATACSEQ:MERGED_LIBRARY_PICARD_COLLECTMULTIPLEMETRICS (GM12878_FAST_REP1);46ad916858e1eed05550e2e8921887df;/input/data/work/9d/c11b7c34553b376534853a5a5f49c0/genome.fa.fai;f;783
NFCORE_ATACSEQ:ATACSEQ:MERGED_LIBRARY_PICARD_COLLECTMULTIPLEMETRICS (GM12878_FAST_REP1);46ad916858e1eed05550e2e8921887df;/input/data/work/stage-853e51d5-c24a-4499-a9b2-f0f6b87bfdd9/0d/0b940686602256bbbdf5750d8540fe/genome.fa;f;3157608038
NFCORE_ATACSEQ:ATACSEQ:MERGED_LIBRARY_CALL_ANNOTATE_PEAKS:MACS2_CALLPEAK (GM12878_FAST_REP1);30e1b90e81336c1e4954bd91f35abd43;/input/data/work/00/204e222f81616346dd98483d5c636a/GM12878_FAST_REP1.mLb.clN.sorted.bam;f;409599243
NFCORE_ATACSEQ:ATACSEQ:MERGED_LIBRARY_DEEPTOOLS_PLOTFINGERPRINT (GM12878_FAST_REP1);3f92be10c77b647ebeab764e3c2d0599;/input/data/work/00/204e222f81616346dd98483d5c636a/GM12878_FAST_REP1.mLb.clN.sorted.bam;f;409599243
NFCORE_ATACSEQ:ATACSEQ:MERGED_LIBRARY_DEEPTOOLS_PLOTFINGERPRINT (GM12878_FAST_REP1);3f92be10c77b647ebeab764e3c2d0599;/input/data/work/04/166779ffbf89947e4d31bf188cb9bd/GM12878_FAST_REP1.mLb.clN.sorted.bam.bai;f;3334104
NFCORE_ATACSEQ:ATACSEQ:MERGED_LIBRARY_CALL_ANNOTATE_PEAKS:FRIP_SCORE (GM12878_FAST_REP1);af9d1fc2e5e459638081cd16f8c45fc3;/input/data/work/00/204e222f81616346dd98483d5c636a/GM12878_FAST_REP1.mLb.clN.sorted.bam;f;409599243
NFCORE_ATACSEQ:ATACSEQ:MERGED_LIBRARY_CALL_ANNOTATE_PEAKS:FRIP_SCORE (GM12878_FAST_REP1);af9d1fc2e5e459638081cd16f8c45fc3;/input/data/work/30/e1b90e81336c1e4954bd91f35abd43/GM12878_FAST_REP1.mLb.clN_peaks.broadPeak;f;288233
NFCORE_ATACSEQ:ATACSEQ:MERGED_LIBRARY_ATAQV_ATAQV (GM12878_FAST_REP1);47eefe4bc650d369cf68d6beeb86da3a;/input/data/work/dd/81fe4f8a6319dc0f9e5362096356e6/GM12878_FAST_REP1.mLb.mkD.sorted.bam;f;577283823
NFCORE_ATACSEQ:ATACSEQ:MERGED_LIBRARY_ATAQV_ATAQV (GM12878_FAST_REP1);47eefe4bc650d369cf68d6beeb86da3a;/input/data/work/30/e1b90e81336c1e4954bd91f35abd43/GM12878_FAST_REP1.mLb.clN_peaks.broadPeak;f;288233
NFCORE_ATACSEQ:ATACSEQ:MERGED_LIBRARY_ATAQV_ATAQV (GM12878_FAST_REP1);47eefe4bc650d369cf68d6beeb86da3a;/input/data/work/92/c3a23728361136a0a2f2be5c8d42b7/GM12878_FAST_REP1.mLb.mkD.sorted.bam.bai;f;3263048
NFCORE_ATACSEQ:ATACSEQ:MERGED_LIBRARY_ATAQV_ATAQV (GM12878_FAST_REP1);47eefe4bc650d369cf68d6beeb86da3a;/input/data/work/35/3f2f2d0f1fd46cbf833d47d8418937/genes.tss.bed;f;2132933
NFCORE_ATACSEQ:ATACSEQ:MERGED_LIBRARY_ATAQV_ATAQV (GM12878_FAST_REP1);47eefe4bc650d369cf68d6beeb86da3a;/input/data/work/a2/753316b9fec83e21d0c4c888cf3f71/genome.fa.autosomes.txt;f;123
NFCORE_ATACSEQ:ATACSEQ:MERGED_LIBRARY_CALL_ANNOTATE_PEAKS:HOMER_ANNOTATEPEAKS (GM12878_FAST_REP1);312d9df58c56da55ec8d5bb5df566439;/input/data/work/stage-853e51d5-c24a-4499-a9b2-f0f6b87bfdd9/4d/d0234bfb2922a7eb2e9be1fb698ab0/genes.gtf;f;142063633
NFCORE_ATACSEQ:ATACSEQ:MERGED_LIBRARY_CALL_ANNOTATE_PEAKS:HOMER_ANNOTATEPEAKS (GM12878_FAST_REP1);312d9df58c56da55ec8d5bb5df566439;/input/data/work/30/e1b90e81336c1e4954bd91f35abd43/GM12878_FAST_REP1.mLb.clN_peaks.broadPeak;f;288233
NFCORE_ATACSEQ:ATACSEQ:MERGED_LIBRARY_CALL_ANNOTATE_PEAKS:HOMER_ANNOTATEPEAKS (GM12878_FAST_REP1);312d9df58c56da55ec8d5bb5df566439;/input/data/work/stage-853e51d5-c24a-4499-a9b2-f0f6b87bfdd9/0d/0b940686602256bbbdf5750d8540fe/genome.fa;f;3157608038
NFCORE_ATACSEQ:ATACSEQ:MERGED_LIBRARY_FILTER_BAM:SAMTOOLS_SORT (GM12878_FAST_REP2);49d89ce83cb1c19e660db555d0ac0fba;/input/data/work/f4/bc57d0da694652f5b9134b51e90abe/GM12878_FAST_REP2.mLb.flT.sorted.bam;f;692173492
NFCORE_ATACSEQ:ATACSEQ:MERGED_LIBRARY_CALL_ANNOTATE_PEAKS:MULTIQC_CUSTOM_PEAKS (GM12878_FAST_REP1);b5765275d29525121740b490c5131e1d;/input/data/work/30/e1b90e81336c1e4954bd91f35abd43/GM12878_FAST_REP1.mLb.clN_peaks.broadPeak;f;288233
NFCORE_ATACSEQ:ATACSEQ:MERGED_LIBRARY_CALL_ANNOTATE_PEAKS:MULTIQC_CUSTOM_PEAKS (GM12878_FAST_REP1);b5765275d29525121740b490c5131e1d;/input/atacseq/assets/multiqc/merged_library_frip_score_header.txt;f;559
NFCORE_ATACSEQ:ATACSEQ:MERGED_LIBRARY_CALL_ANNOTATE_PEAKS:MULTIQC_CUSTOM_PEAKS (GM12878_FAST_REP1);b5765275d29525121740b490c5131e1d;/input/atacseq/assets/multiqc/merged_library_peak_count_header.txt;f;348
NFCORE_ATACSEQ:ATACSEQ:MERGED_LIBRARY_CALL_ANNOTATE_PEAKS:MULTIQC_CUSTOM_PEAKS (GM12878_FAST_REP1);b5765275d29525121740b490c5131e1d;/input/data/work/af/9d1fc2e5e459638081cd16f8c45fc3/GM12878_FAST_REP1.FRiP.txt;f;28
NFCORE_ATACSEQ:ATACSEQ:MERGED_LIBRARY_FILTER_BAM:BAM_REMOVE_ORPHANS (GM12878_FAST_REP2);78968f48893a7aae8e99199e5a9512af;/input/data/work/49/d89ce83cb1c19e660db555d0ac0fba/GM12878_FAST_REP2.mLb.flT.name_sorted.bam;f;744617478
NFCORE_ATACSEQ:ATACSEQ:MERGED_LIBRARY_FILTER_BAM:BAM_SORT_STATS_SAMTOOLS:SAMTOOLS_SORT (GM12878_FAST_REP2);2cd47c5b7ec19492e64e4b4bde8ab371;/input/data/work/78/968f48893a7aae8e99199e5a9512af/GM12878_FAST_REP2.mLb.clN.bam;f;735592954
NFCORE_ATACSEQ:ATACSEQ:MERGED_LIBRARY_FILTER_BAM:BAM_SORT_STATS_SAMTOOLS:SAMTOOLS_INDEX (GM12878_FAST_REP2);b41b3d0ea80df8fa065e7cbf3c7ccdb4;/input/data/work/2c/d47c5b7ec19492e64e4b4bde8ab371/GM12878_FAST_REP2.mLb.clN.sorted.bam;f;675106045
NFCORE_ATACSEQ:ATACSEQ:MERGED_LIBRARY_PICARD_COLLECTMULTIPLEMETRICS (GM12878_FAST_REP2);e2b252dfa9bf79b0c47e58745c99b315;/input/data/work/9d/c11b7c34553b376534853a5a5f49c0/genome.fa.fai;f;783
NFCORE_ATACSEQ:ATACSEQ:MERGED_LIBRARY_PICARD_COLLECTMULTIPLEMETRICS (GM12878_FAST_REP2);e2b252dfa9bf79b0c47e58745c99b315;/input/data/work/2c/d47c5b7ec19492e64e4b4bde8ab371/GM12878_FAST_REP2.mLb.clN.sorted.bam;f;675106045
NFCORE_ATACSEQ:ATACSEQ:MERGED_LIBRARY_PICARD_COLLECTMULTIPLEMETRICS (GM12878_FAST_REP2);e2b252dfa9bf79b0c47e58745c99b315;/input/data/work/stage-853e51d5-c24a-4499-a9b2-f0f6b87bfdd9/0d/0b940686602256bbbdf5750d8540fe/genome.fa;f;3157608038
NFCORE_ATACSEQ:ATACSEQ:MERGED_LIBRARY_DEEPTOOLS_PLOTFINGERPRINT (GM12878_FAST_REP2);de10a7e9331c40fea15281e1bc402e4b;/input/data/work/2c/d47c5b7ec19492e64e4b4bde8ab371/GM12878_FAST_REP2.mLb.clN.sorted.bam;f;675106045
NFCORE_ATACSEQ:ATACSEQ:MERGED_LIBRARY_DEEPTOOLS_PLOTFINGERPRINT (GM12878_FAST_REP2);de10a7e9331c40fea15281e1bc402e4b;/input/data/work/b4/1b3d0ea80df8fa065e7cbf3c7ccdb4/GM12878_FAST_REP2.mLb.clN.sorted.bam.bai;f;2649568
NFCORE_ATACSEQ:ATACSEQ:MERGED_LIBRARY_CALL_ANNOTATE_PEAKS:MACS2_CALLPEAK (GM12878_FAST_REP2);90d270dc13761c8509495de931319fff;/input/data/work/2c/d47c5b7ec19492e64e4b4bde8ab371/GM12878_FAST_REP2.mLb.clN.sorted.bam;f;675106045
NFCORE_ATACSEQ:ATACSEQ:MERGED_LIBRARY_MARKDUPLICATES_PICARD:SAMTOOLS_INDEX (GM12878_STD_REP2);24703c93d732f0cedbac004c81c481dc;/input/data/work/fb/42863a52d7695ef9e616e6c55a3076/GM12878_STD_REP2.mLb.mkD.sorted.bam;f;1900455124
NFCORE_ATACSEQ:ATACSEQ:MERGED_LIBRARY_ATAQV_ATAQV (GM12878_FAST_REP2);ba7d7163917877190c9d4b0652b943d5;/input/data/work/4d/e72c867cb2d556bc83b8c0b62fe7ae/GM12878_FAST_REP2.mLb.mkD.sorted.bam.bai;f;2621536
NFCORE_ATACSEQ:ATACSEQ:MERGED_LIBRARY_ATAQV_ATAQV (GM12878_FAST_REP2);ba7d7163917877190c9d4b0652b943d5;/input/data/work/6c/3597e97229e1bcad30baf20d0d7c15/GM12878_FAST_REP2.mLb.mkD.sorted.bam;f;978962107
NFCORE_ATACSEQ:ATACSEQ:MERGED_LIBRARY_ATAQV_ATAQV (GM12878_FAST_REP2);ba7d7163917877190c9d4b0652b943d5;/input/data/work/90/d270dc13761c8509495de931319fff/GM12878_FAST_REP2.mLb.clN_peaks.broadPeak;f;834120
NFCORE_ATACSEQ:ATACSEQ:MERGED_LIBRARY_ATAQV_ATAQV (GM12878_FAST_REP2);ba7d7163917877190c9d4b0652b943d5;/input/data/work/35/3f2f2d0f1fd46cbf833d47d8418937/genes.tss.bed;f;2132933
NFCORE_ATACSEQ:ATACSEQ:MERGED_LIBRARY_ATAQV_ATAQV (GM12878_FAST_REP2);ba7d7163917877190c9d4b0652b943d5;/input/data/work/a2/753316b9fec83e21d0c4c888cf3f71/genome.fa.autosomes.txt;f;123
NFCORE_ATACSEQ:ATACSEQ:MERGED_LIBRARY_CALL_ANNOTATE_PEAKS:FRIP_SCORE (GM12878_FAST_REP2);a4085abc10326f5c0928412144f3ca7f;/input/data/work/2c/d47c5b7ec19492e64e4b4bde8ab371/GM12878_FAST_REP2.mLb.clN.sorted.bam;f;675106045
NFCORE_ATACSEQ:ATACSEQ:MERGED_LIBRARY_CALL_ANNOTATE_PEAKS:FRIP_SCORE (GM12878_FAST_REP2);a4085abc10326f5c0928412144f3ca7f;/input/data/work/90/d270dc13761c8509495de931319fff/GM12878_FAST_REP2.mLb.clN_peaks.broadPeak;f;834120
NFCORE_ATACSEQ:ATACSEQ:MERGED_LIBRARY_CALL_ANNOTATE_PEAKS:HOMER_ANNOTATEPEAKS (GM12878_FAST_REP2);87bfe9c283970af97cb1bec6e191cb7e;/input/data/work/stage-853e51d5-c24a-4499-a9b2-f0f6b87bfdd9/4d/d0234bfb2922a7eb2e9be1fb698ab0/genes.gtf;f;142063633
NFCORE_ATACSEQ:ATACSEQ:MERGED_LIBRARY_CALL_ANNOTATE_PEAKS:HOMER_ANNOTATEPEAKS (GM12878_FAST_REP2);87bfe9c283970af97cb1bec6e191cb7e;/input/data/work/90/d270dc13761c8509495de931319fff/GM12878_FAST_REP2.mLb.clN_peaks.broadPeak;f;834120
NFCORE_ATACSEQ:ATACSEQ:MERGED_LIBRARY_CALL_ANNOTATE_PEAKS:HOMER_ANNOTATEPEAKS (GM12878_FAST_REP2);87bfe9c283970af97cb1bec6e191cb7e;/input/data/work/stage-853e51d5-c24a-4499-a9b2-f0f6b87bfdd9/0d/0b940686602256bbbdf5750d8540fe/genome.fa;f;3157608038
NFCORE_ATACSEQ:ATACSEQ:MERGED_LIBRARY_MARKDUPLICATES_PICARD:SAMTOOLS_INDEX (GM12878_STD_REP1);96c0ddd05d7ff1ce0fa771bc2d138274;/input/data/work/75/93453880e1f1321ea1404c8881ee96/GM12878_STD_REP1.mLb.mkD.sorted.bam;f;1993327765
NFCORE_ATACSEQ:ATACSEQ:MERGED_LIBRARY_FILTER_BAM:BAMTOOLS_FILTER (GM12878_STD_REP2);8ba219ee4c4dca54ec2e2f5daa0b94b7;/input/data/work/24/703c93d732f0cedbac004c81c481dc/GM12878_STD_REP2.mLb.mkD.sorted.bam.bai;f;3494856
NFCORE_ATACSEQ:ATACSEQ:MERGED_LIBRARY_FILTER_BAM:BAMTOOLS_FILTER (GM12878_STD_REP2);8ba219ee4c4dca54ec2e2f5daa0b94b7;/input/data/work/35/a687b717a2264841716a05eb9ec782/genome.include_regions.bed;f;9866
NFCORE_ATACSEQ:ATACSEQ:MERGED_LIBRARY_FILTER_BAM:BAMTOOLS_FILTER (GM12878_STD_REP2);8ba219ee4c4dca54ec2e2f5daa0b94b7;/input/atacseq/assets/bamtools_filter_se.json;f;153
NFCORE_ATACSEQ:ATACSEQ:MERGED_LIBRARY_FILTER_BAM:BAMTOOLS_FILTER (GM12878_STD_REP2);8ba219ee4c4dca54ec2e2f5daa0b94b7;/input/data/work/fb/42863a52d7695ef9e616e6c55a3076/GM12878_STD_REP2.mLb.mkD.sorted.bam;f;1900455124
NFCORE_ATACSEQ:ATACSEQ:MERGED_LIBRARY_FILTER_BAM:BAMTOOLS_FILTER (GM12878_STD_REP2);8ba219ee4c4dca54ec2e2f5daa0b94b7;/input/atacseq/assets/bamtools_filter_pe.json;f;294
NFCORE_ATACSEQ:ATACSEQ:MERGED_LIBRARY_FILTER_BAM:BAMTOOLS_FILTER (GM12878_STD_REP1);920352235f89610730010b54f4fb1734;/input/data/work/96/c0ddd05d7ff1ce0fa771bc2d138274/GM12878_STD_REP1.mLb.mkD.sorted.bam.bai;f;3434896
NFCORE_ATACSEQ:ATACSEQ:MERGED_LIBRARY_FILTER_BAM:BAMTOOLS_FILTER (GM12878_STD_REP1);920352235f89610730010b54f4fb1734;/input/data/work/75/93453880e1f1321ea1404c8881ee96/GM12878_STD_REP1.mLb.mkD.sorted.bam;f;1993327765
NFCORE_ATACSEQ:ATACSEQ:MERGED_LIBRARY_FILTER_BAM:BAMTOOLS_FILTER (GM12878_STD_REP1);920352235f89610730010b54f4fb1734;/input/data/work/35/a687b717a2264841716a05eb9ec782/genome.include_regions.bed;f;9866
NFCORE_ATACSEQ:ATACSEQ:MERGED_LIBRARY_FILTER_BAM:BAMTOOLS_FILTER (GM12878_STD_REP1);920352235f89610730010b54f4fb1734;/input/atacseq/assets/bamtools_filter_se.json;f;153
NFCORE_ATACSEQ:ATACSEQ:MERGED_LIBRARY_FILTER_BAM:BAMTOOLS_FILTER (GM12878_STD_REP1);920352235f89610730010b54f4fb1734;/input/atacseq/assets/bamtools_filter_pe.json;f;294
NFCORE_ATACSEQ:ATACSEQ:MERGED_LIBRARY_CALL_ANNOTATE_PEAKS:MULTIQC_CUSTOM_PEAKS (GM12878_FAST_REP2);7c768c7a859ddbf934b841b09727ce45;/input/atacseq/assets/multiqc/merged_library_frip_score_header.txt;f;559
NFCORE_ATACSEQ:ATACSEQ:MERGED_LIBRARY_CALL_ANNOTATE_PEAKS:MULTIQC_CUSTOM_PEAKS (GM12878_FAST_REP2);7c768c7a859ddbf934b841b09727ce45;/input/data/work/90/d270dc13761c8509495de931319fff/GM12878_FAST_REP2.mLb.clN_peaks.broadPeak;f;834120
NFCORE_ATACSEQ:ATACSEQ:MERGED_LIBRARY_CALL_ANNOTATE_PEAKS:MULTIQC_CUSTOM_PEAKS (GM12878_FAST_REP2);7c768c7a859ddbf934b841b09727ce45;/input/atacseq/assets/multiqc/merged_library_peak_count_header.txt;f;348
NFCORE_ATACSEQ:ATACSEQ:MERGED_LIBRARY_CALL_ANNOTATE_PEAKS:MULTIQC_CUSTOM_PEAKS (GM12878_FAST_REP2);7c768c7a859ddbf934b841b09727ce45;/input/data/work/a4/085abc10326f5c0928412144f3ca7f/GM12878_FAST_REP2.FRiP.txt;f;28
NFCORE_ATACSEQ:ATACSEQ:MERGED_LIBRARY_MARKDUPLICATES_PICARD:SAMTOOLS_INDEX (GM12878_OMNI_REP2);51b0fa8baa654629d702f472e619d837;/input/data/work/eb/6794e37b64ad64cd6c61175dc79e7f/GM12878_OMNI_REP2.mLb.mkD.sorted.bam;f;3033790575
NFCORE_ATACSEQ:ATACSEQ:MERGED_LIBRARY_FILTER_BAM:SAMTOOLS_SORT (GM12878_STD_REP2);e497b4a93ece1f90ef55744e99bd7858;/input/data/work/8b/a219ee4c4dca54ec2e2f5daa0b94b7/GM12878_STD_REP2.mLb.flT.sorted.bam;f;368359614
NFCORE_ATACSEQ:ATACSEQ:MERGED_LIBRARY_FILTER_BAM:SAMTOOLS_SORT (GM12878_STD_REP1);122971e30f8bba8d3710cf44e37c98b1;/input/data/work/92/0352235f89610730010b54f4fb1734/GM12878_STD_REP1.mLb.flT.sorted.bam;f;384373504
NFCORE_ATACSEQ:ATACSEQ:MERGED_LIBRARY_FILTER_BAM:BAMTOOLS_FILTER (GM12878_OMNI_REP2);0fee505cec0db84ada717f6ceb840858;/input/data/work/35/a687b717a2264841716a05eb9ec782/genome.include_regions.bed;f;9866
NFCORE_ATACSEQ:ATACSEQ:MERGED_LIBRARY_FILTER_BAM:BAMTOOLS_FILTER (GM12878_OMNI_REP2);0fee505cec0db84ada717f6ceb840858;/input/atacseq/assets/bamtools_filter_se.json;f;153
NFCORE_ATACSEQ:ATACSEQ:MERGED_LIBRARY_FILTER_BAM:BAMTOOLS_FILTER (GM12878_OMNI_REP2);0fee505cec0db84ada717f6ceb840858;/input/data/work/eb/6794e37b64ad64cd6c61175dc79e7f/GM12878_OMNI_REP2.mLb.mkD.sorted.bam;f;3033790575
NFCORE_ATACSEQ:ATACSEQ:MERGED_LIBRARY_FILTER_BAM:BAMTOOLS_FILTER (GM12878_OMNI_REP2);0fee505cec0db84ada717f6ceb840858;/input/data/work/51/b0fa8baa654629d702f472e619d837/GM12878_OMNI_REP2.mLb.mkD.sorted.bam.bai;f;2669296
NFCORE_ATACSEQ:ATACSEQ:MERGED_LIBRARY_FILTER_BAM:BAMTOOLS_FILTER (GM12878_OMNI_REP2);0fee505cec0db84ada717f6ceb840858;/input/atacseq/assets/bamtools_filter_pe.json;f;294
NFCORE_ATACSEQ:ATACSEQ:MERGED_LIBRARY_FILTER_BAM:BAM_REMOVE_ORPHANS (GM12878_STD_REP2);4fe04acdc99a7c41a590fcd51781c14e;/input/data/work/e4/97b4a93ece1f90ef55744e99bd7858/GM12878_STD_REP2.mLb.flT.name_sorted.bam;f;394700697
NFCORE_ATACSEQ:ATACSEQ:MERGED_LIBRARY_FILTER_BAM:BAM_REMOVE_ORPHANS (GM12878_STD_REP1);1c6cdae8fac809cedf4b0ce05a7f84b3;/input/data/work/12/2971e30f8bba8d3710cf44e37c98b1/GM12878_STD_REP1.mLb.flT.name_sorted.bam;f;411290160
NFCORE_ATACSEQ:ATACSEQ:MERGED_LIBRARY_FILTER_BAM:BAM_SORT_STATS_SAMTOOLS:SAMTOOLS_SORT (GM12878_STD_REP2);9b23f5103eeb9d4beaeef23d9e526514;/input/data/work/4f/e04acdc99a7c41a590fcd51781c14e/GM12878_STD_REP2.mLb.clN.bam;f;388047658
NFCORE_ATACSEQ:ATACSEQ:MERGED_LIBRARY_FILTER_BAM:BAM_SORT_STATS_SAMTOOLS:SAMTOOLS_INDEX (GM12878_STD_REP2);d3dad5ff61e8e73645539f6c665fb87a;/input/data/work/9b/23f5103eeb9d4beaeef23d9e526514/GM12878_STD_REP2.mLb.clN.sorted.bam;f;357723522
NFCORE_ATACSEQ:ATACSEQ:MERGED_LIBRARY_PICARD_COLLECTMULTIPLEMETRICS (GM12878_STD_REP2);c9ab661f42d3465fc352f4ac7940ced0;/input/data/work/9d/c11b7c34553b376534853a5a5f49c0/genome.fa.fai;f;783
NFCORE_ATACSEQ:ATACSEQ:MERGED_LIBRARY_PICARD_COLLECTMULTIPLEMETRICS (GM12878_STD_REP2);c9ab661f42d3465fc352f4ac7940ced0;/input/data/work/9b/23f5103eeb9d4beaeef23d9e526514/GM12878_STD_REP2.mLb.clN.sorted.bam;f;357723522
NFCORE_ATACSEQ:ATACSEQ:MERGED_LIBRARY_PICARD_COLLECTMULTIPLEMETRICS (GM12878_STD_REP2);c9ab661f42d3465fc352f4ac7940ced0;/input/data/work/stage-853e51d5-c24a-4499-a9b2-f0f6b87bfdd9/0d/0b940686602256bbbdf5750d8540fe/genome.fa;f;3157608038
NFCORE_ATACSEQ:ATACSEQ:MERGED_LIBRARY_CALL_ANNOTATE_PEAKS:MACS2_CALLPEAK (GM12878_STD_REP2);a3c387cd7aede2c4d25573541e286518;/input/data/work/9b/23f5103eeb9d4beaeef23d9e526514/GM12878_STD_REP2.mLb.clN.sorted.bam;f;357723522
NFCORE_ATACSEQ:ATACSEQ:MERGED_LIBRARY_DEEPTOOLS_PLOTFINGERPRINT (GM12878_STD_REP2);41b4806addd349c1f9eca35c8dd96564;/input/data/work/d3/dad5ff61e8e73645539f6c665fb87a/GM12878_STD_REP2.mLb.clN.sorted.bam.bai;f;3547768
NFCORE_ATACSEQ:ATACSEQ:MERGED_LIBRARY_DEEPTOOLS_PLOTFINGERPRINT (GM12878_STD_REP2);41b4806addd349c1f9eca35c8dd96564;/input/data/work/9b/23f5103eeb9d4beaeef23d9e526514/GM12878_STD_REP2.mLb.clN.sorted.bam;f;357723522
NFCORE_ATACSEQ:ATACSEQ:MERGED_LIBRARY_FILTER_BAM:BAM_SORT_STATS_SAMTOOLS:SAMTOOLS_SORT (GM12878_STD_REP1);71c79d636fb9de12950fb10285b06e76;/input/data/work/1c/6cdae8fac809cedf4b0ce05a7f84b3/GM12878_STD_REP1.mLb.clN.bam;f;404598171
NFCORE_ATACSEQ:ATACSEQ:MERGED_LIBRARY_FILTER_BAM:BAM_SORT_STATS_SAMTOOLS:SAMTOOLS_INDEX (GM12878_STD_REP1);b942c2000b94603cddcf97d65b89d3d6;/input/data/work/71/c79d636fb9de12950fb10285b06e76/GM12878_STD_REP1.mLb.clN.sorted.bam;f;373529255
NFCORE_ATACSEQ:ATACSEQ:MERGED_LIBRARY_PICARD_COLLECTMULTIPLEMETRICS (GM12878_STD_REP1);55ff2a3a8a4bd1eca875376e8cb27383;/input/data/work/9d/c11b7c34553b376534853a5a5f49c0/genome.fa.fai;f;783
NFCORE_ATACSEQ:ATACSEQ:MERGED_LIBRARY_PICARD_COLLECTMULTIPLEMETRICS (GM12878_STD_REP1);55ff2a3a8a4bd1eca875376e8cb27383;/input/data/work/71/c79d636fb9de12950fb10285b06e76/GM12878_STD_REP1.mLb.clN.sorted.bam;f;373529255
NFCORE_ATACSEQ:ATACSEQ:MERGED_LIBRARY_PICARD_COLLECTMULTIPLEMETRICS (GM12878_STD_REP1);55ff2a3a8a4bd1eca875376e8cb27383;/input/data/work/stage-853e51d5-c24a-4499-a9b2-f0f6b87bfdd9/0d/0b940686602256bbbdf5750d8540fe/genome.fa;f;3157608038
NFCORE_ATACSEQ:ATACSEQ:MERGED_LIBRARY_CALL_ANNOTATE_PEAKS:FRIP_SCORE (GM12878_STD_REP2);68c3942af6fca8f18f572ed74fcad676;/input/data/work/9b/23f5103eeb9d4beaeef23d9e526514/GM12878_STD_REP2.mLb.clN.sorted.bam;f;357723522
NFCORE_ATACSEQ:ATACSEQ:MERGED_LIBRARY_CALL_ANNOTATE_PEAKS:FRIP_SCORE (GM12878_STD_REP2);68c3942af6fca8f18f572ed74fcad676;/input/data/work/a3/c387cd7aede2c4d25573541e286518/GM12878_STD_REP2.mLb.clN_peaks.broadPeak;f;1899967
NFCORE_ATACSEQ:ATACSEQ:MERGED_LIBRARY_ATAQV_ATAQV (GM12878_STD_REP2);2a395be465c2ef3353e531c895a8e250;/input/data/work/24/703c93d732f0cedbac004c81c481dc/GM12878_STD_REP2.mLb.mkD.sorted.bam.bai;f;3494856
NFCORE_ATACSEQ:ATACSEQ:MERGED_LIBRARY_ATAQV_ATAQV (GM12878_STD_REP2);2a395be465c2ef3353e531c895a8e250;/input/data/work/a3/c387cd7aede2c4d25573541e286518/GM12878_STD_REP2.mLb.clN_peaks.broadPeak;f;1899967
NFCORE_ATACSEQ:ATACSEQ:MERGED_LIBRARY_ATAQV_ATAQV (GM12878_STD_REP2);2a395be465c2ef3353e531c895a8e250;/input/data/work/35/3f2f2d0f1fd46cbf833d47d8418937/genes.tss.bed;f;2132933
NFCORE_ATACSEQ:ATACSEQ:MERGED_LIBRARY_ATAQV_ATAQV (GM12878_STD_REP2);2a395be465c2ef3353e531c895a8e250;/input/data/work/fb/42863a52d7695ef9e616e6c55a3076/GM12878_STD_REP2.mLb.mkD.sorted.bam;f;1900455124
NFCORE_ATACSEQ:ATACSEQ:MERGED_LIBRARY_ATAQV_ATAQV (GM12878_STD_REP2);2a395be465c2ef3353e531c895a8e250;/input/data/work/a2/753316b9fec83e21d0c4c888cf3f71/genome.fa.autosomes.txt;f;123
NFCORE_ATACSEQ:ATACSEQ:MERGED_LIBRARY_CALL_ANNOTATE_PEAKS:HOMER_ANNOTATEPEAKS (GM12878_STD_REP2);9b64a461860421558efd10a40bb4ea5d;/input/data/work/stage-853e51d5-c24a-4499-a9b2-f0f6b87bfdd9/4d/d0234bfb2922a7eb2e9be1fb698ab0/genes.gtf;f;142063633
NFCORE_ATACSEQ:ATACSEQ:MERGED_LIBRARY_CALL_ANNOTATE_PEAKS:HOMER_ANNOTATEPEAKS (GM12878_STD_REP2);9b64a461860421558efd10a40bb4ea5d;/input/data/work/a3/c387cd7aede2c4d25573541e286518/GM12878_STD_REP2.mLb.clN_peaks.broadPeak;f;1899967
NFCORE_ATACSEQ:ATACSEQ:MERGED_LIBRARY_CALL_ANNOTATE_PEAKS:HOMER_ANNOTATEPEAKS (GM12878_STD_REP2);9b64a461860421558efd10a40bb4ea5d;/input/data/work/stage-853e51d5-c24a-4499-a9b2-f0f6b87bfdd9/0d/0b940686602256bbbdf5750d8540fe/genome.fa;f;3157608038
NFCORE_ATACSEQ:ATACSEQ:MERGED_LIBRARY_CALL_ANNOTATE_PEAKS:MACS2_CALLPEAK (GM12878_STD_REP1);6d019e6e0db529e6df7b3575ab91f942;/input/data/work/71/c79d636fb9de12950fb10285b06e76/GM12878_STD_REP1.mLb.clN.sorted.bam;f;373529255
NFCORE_ATACSEQ:ATACSEQ:MERGED_LIBRARY_DEEPTOOLS_PLOTFINGERPRINT (GM12878_STD_REP1);e3f9f7a5cf5a22b87fda1628e85cb172;/input/data/work/b9/42c2000b94603cddcf97d65b89d3d6/GM12878_STD_REP1.mLb.clN.sorted.bam.bai;f;3493176
NFCORE_ATACSEQ:ATACSEQ:MERGED_LIBRARY_DEEPTOOLS_PLOTFINGERPRINT (GM12878_STD_REP1);e3f9f7a5cf5a22b87fda1628e85cb172;/input/data/work/71/c79d636fb9de12950fb10285b06e76/GM12878_STD_REP1.mLb.clN.sorted.bam;f;373529255
NFCORE_ATACSEQ:ATACSEQ:MERGED_LIBRARY_MARKDUPLICATES_PICARD:SAMTOOLS_INDEX (GM12878_OMNI_REP1);abdad58045f7ff05806980bce28831a5;/input/data/work/ba/d9649413142f9b3728eaa694bf4d3b/GM12878_OMNI_REP1.mLb.mkD.sorted.bam;f;3644010095
NFCORE_ATACSEQ:ATACSEQ:MERGED_LIBRARY_CALL_ANNOTATE_PEAKS:MULTIQC_CUSTOM_PEAKS (GM12878_STD_REP2);e39cc02047a66fe21a20eea27ba4711e;/input/data/work/68/c3942af6fca8f18f572ed74fcad676/GM12878_STD_REP2.FRiP.txt;f;26
NFCORE_ATACSEQ:ATACSEQ:MERGED_LIBRARY_CALL_ANNOTATE_PEAKS:MULTIQC_CUSTOM_PEAKS (GM12878_STD_REP2);e39cc02047a66fe21a20eea27ba4711e;/input/atacseq/assets/multiqc/merged_library_frip_score_header.txt;f;559
NFCORE_ATACSEQ:ATACSEQ:MERGED_LIBRARY_CALL_ANNOTATE_PEAKS:MULTIQC_CUSTOM_PEAKS (GM12878_STD_REP2);e39cc02047a66fe21a20eea27ba4711e;/input/data/work/a3/c387cd7aede2c4d25573541e286518/GM12878_STD_REP2.mLb.clN_peaks.broadPeak;f;1899967
NFCORE_ATACSEQ:ATACSEQ:MERGED_LIBRARY_CALL_ANNOTATE_PEAKS:MULTIQC_CUSTOM_PEAKS (GM12878_STD_REP2);e39cc02047a66fe21a20eea27ba4711e;/input/atacseq/assets/multiqc/merged_library_peak_count_header.txt;f;348
NFCORE_ATACSEQ:ATACSEQ:MERGED_LIBRARY_ATAQV_ATAQV (GM12878_STD_REP1);4fde8310223ca3659d3f95453727694e;/input/data/work/6d/019e6e0db529e6df7b3575ab91f942/GM12878_STD_REP1.mLb.clN_peaks.broadPeak;f;1891025
NFCORE_ATACSEQ:ATACSEQ:MERGED_LIBRARY_ATAQV_ATAQV (GM12878_STD_REP1);4fde8310223ca3659d3f95453727694e;/input/data/work/96/c0ddd05d7ff1ce0fa771bc2d138274/GM12878_STD_REP1.mLb.mkD.sorted.bam.bai;f;3434896
NFCORE_ATACSEQ:ATACSEQ:MERGED_LIBRARY_ATAQV_ATAQV (GM12878_STD_REP1);4fde8310223ca3659d3f95453727694e;/input/data/work/75/93453880e1f1321ea1404c8881ee96/GM12878_STD_REP1.mLb.mkD.sorted.bam;f;1993327765
NFCORE_ATACSEQ:ATACSEQ:MERGED_LIBRARY_ATAQV_ATAQV (GM12878_STD_REP1);4fde8310223ca3659d3f95453727694e;/input/data/work/35/3f2f2d0f1fd46cbf833d47d8418937/genes.tss.bed;f;2132933
NFCORE_ATACSEQ:ATACSEQ:MERGED_LIBRARY_ATAQV_ATAQV (GM12878_STD_REP1);4fde8310223ca3659d3f95453727694e;/input/data/work/a2/753316b9fec83e21d0c4c888cf3f71/genome.fa.autosomes.txt;f;123
NFCORE_ATACSEQ:ATACSEQ:MERGED_LIBRARY_CALL_ANNOTATE_PEAKS:FRIP_SCORE (GM12878_STD_REP1);f27aa87ad0997eaa6f6b4d6a8948b550;/input/data/work/6d/019e6e0db529e6df7b3575ab91f942/GM12878_STD_REP1.mLb.clN_peaks.broadPeak;f;1891025
NFCORE_ATACSEQ:ATACSEQ:MERGED_LIBRARY_CALL_ANNOTATE_PEAKS:FRIP_SCORE (GM12878_STD_REP1);f27aa87ad0997eaa6f6b4d6a8948b550;/input/data/work/71/c79d636fb9de12950fb10285b06e76/GM12878_STD_REP1.mLb.clN.sorted.bam;f;373529255
NFCORE_ATACSEQ:ATACSEQ:MERGED_LIBRARY_CALL_ANNOTATE_PEAKS:HOMER_ANNOTATEPEAKS (GM12878_STD_REP1);2429613f346bde559d823ab12209b70e;/input/data/work/6d/019e6e0db529e6df7b3575ab91f942/GM12878_STD_REP1.mLb.clN_peaks.broadPeak;f;1891025
NFCORE_ATACSEQ:ATACSEQ:MERGED_LIBRARY_CALL_ANNOTATE_PEAKS:HOMER_ANNOTATEPEAKS (GM12878_STD_REP1);2429613f346bde559d823ab12209b70e;/input/data/work/stage-853e51d5-c24a-4499-a9b2-f0f6b87bfdd9/4d/d0234bfb2922a7eb2e9be1fb698ab0/genes.gtf;f;142063633
NFCORE_ATACSEQ:ATACSEQ:MERGED_LIBRARY_CALL_ANNOTATE_PEAKS:HOMER_ANNOTATEPEAKS (GM12878_STD_REP1);2429613f346bde559d823ab12209b70e;/input/data/work/stage-853e51d5-c24a-4499-a9b2-f0f6b87bfdd9/0d/0b940686602256bbbdf5750d8540fe/genome.fa;f;3157608038
NFCORE_ATACSEQ:ATACSEQ:MERGED_LIBRARY_FILTER_BAM:BAMTOOLS_FILTER (GM12878_OMNI_REP1);ad7a9abd636ec6db6876644199c14b9f;/input/data/work/35/a687b717a2264841716a05eb9ec782/genome.include_regions.bed;f;9866
NFCORE_ATACSEQ:ATACSEQ:MERGED_LIBRARY_FILTER_BAM:BAMTOOLS_FILTER (GM12878_OMNI_REP1);ad7a9abd636ec6db6876644199c14b9f;/input/atacseq/assets/bamtools_filter_se.json;f;153
NFCORE_ATACSEQ:ATACSEQ:MERGED_LIBRARY_FILTER_BAM:BAMTOOLS_FILTER (GM12878_OMNI_REP1);ad7a9abd636ec6db6876644199c14b9f;/input/data/work/ba/d9649413142f9b3728eaa694bf4d3b/GM12878_OMNI_REP1.mLb.mkD.sorted.bam;f;3644010095
NFCORE_ATACSEQ:ATACSEQ:MERGED_LIBRARY_FILTER_BAM:BAMTOOLS_FILTER (GM12878_OMNI_REP1);ad7a9abd636ec6db6876644199c14b9f;/input/data/work/ab/dad58045f7ff05806980bce28831a5/GM12878_OMNI_REP1.mLb.mkD.sorted.bam.bai;f;2691016
NFCORE_ATACSEQ:ATACSEQ:MERGED_LIBRARY_FILTER_BAM:BAMTOOLS_FILTER (GM12878_OMNI_REP1);ad7a9abd636ec6db6876644199c14b9f;/input/atacseq/assets/bamtools_filter_pe.json;f;294
NFCORE_ATACSEQ:ATACSEQ:MERGED_LIBRARY_MARKDUPLICATES_PICARD:BAM_STATS_SAMTOOLS:SAMTOOLS_FLAGSTAT (GM12878_STD_REP1);0d80727dd0ba98f67d4f77c689d719e3;/input/data/work/96/c0ddd05d7ff1ce0fa771bc2d138274/GM12878_STD_REP1.mLb.mkD.sorted.bam.bai;f;3434896
NFCORE_ATACSEQ:ATACSEQ:MERGED_LIBRARY_MARKDUPLICATES_PICARD:BAM_STATS_SAMTOOLS:SAMTOOLS_FLAGSTAT (GM12878_STD_REP1);0d80727dd0ba98f67d4f77c689d719e3;/input/data/work/75/93453880e1f1321ea1404c8881ee96/GM12878_STD_REP1.mLb.mkD.sorted.bam;f;1993327765
NFCORE_ATACSEQ:ATACSEQ:MERGED_LIBRARY_MARKDUPLICATES_PICARD:BAM_STATS_SAMTOOLS:SAMTOOLS_FLAGSTAT (GM12878_STD_REP2);0c9843b7973772404df58322f96f8496;/input/data/work/fb/42863a52d7695ef9e616e6c55a3076/GM12878_STD_REP2.mLb.mkD.sorted.bam;f;1900455124
NFCORE_ATACSEQ:ATACSEQ:MERGED_LIBRARY_MARKDUPLICATES_PICARD:BAM_STATS_SAMTOOLS:SAMTOOLS_FLAGSTAT (GM12878_STD_REP2);0c9843b7973772404df58322f96f8496;/input/data/work/24/703c93d732f0cedbac004c81c481dc/GM12878_STD_REP2.mLb.mkD.sorted.bam.bai;f;3494856
NFCORE_ATACSEQ:ATACSEQ:MERGED_LIBRARY_MARKDUPLICATES_PICARD:BAM_STATS_SAMTOOLS:SAMTOOLS_IDXSTATS (GM12878_STD_REP2);0043addb811e0f961385d9cb9332278f;/input/data/work/fb/42863a52d7695ef9e616e6c55a3076/GM12878_STD_REP2.mLb.mkD.sorted.bam;f;1900455124
NFCORE_ATACSEQ:ATACSEQ:MERGED_LIBRARY_MARKDUPLICATES_PICARD:BAM_STATS_SAMTOOLS:SAMTOOLS_IDXSTATS (GM12878_STD_REP2);0043addb811e0f961385d9cb9332278f;/input/data/work/24/703c93d732f0cedbac004c81c481dc/GM12878_STD_REP2.mLb.mkD.sorted.bam.bai;f;3494856
NFCORE_ATACSEQ:ATACSEQ:MERGED_LIBRARY_MARKDUPLICATES_PICARD:BAM_STATS_SAMTOOLS:SAMTOOLS_IDXSTATS (GM12878_STD_REP1);cc7ff094f4aaacbc5b29303a867adbda;/input/data/work/96/c0ddd05d7ff1ce0fa771bc2d138274/GM12878_STD_REP1.mLb.mkD.sorted.bam.bai;f;3434896
NFCORE_ATACSEQ:ATACSEQ:MERGED_LIBRARY_MARKDUPLICATES_PICARD:BAM_STATS_SAMTOOLS:SAMTOOLS_IDXSTATS (GM12878_STD_REP1);cc7ff094f4aaacbc5b29303a867adbda;/input/data/work/75/93453880e1f1321ea1404c8881ee96/GM12878_STD_REP1.mLb.mkD.sorted.bam;f;1993327765
NFCORE_ATACSEQ:ATACSEQ:MERGED_LIBRARY_MARKDUPLICATES_PICARD:BAM_STATS_SAMTOOLS:SAMTOOLS_IDXSTATS (GM12878_FAST_REP2);f086542033c6360df02e4a85e3d134b2;/input/data/work/4d/e72c867cb2d556bc83b8c0b62fe7ae/GM12878_FAST_REP2.mLb.mkD.sorted.bam.bai;f;2621536
NFCORE_ATACSEQ:ATACSEQ:MERGED_LIBRARY_MARKDUPLICATES_PICARD:BAM_STATS_SAMTOOLS:SAMTOOLS_IDXSTATS (GM12878_FAST_REP2);f086542033c6360df02e4a85e3d134b2;/input/data/work/6c/3597e97229e1bcad30baf20d0d7c15/GM12878_FAST_REP2.mLb.mkD.sorted.bam;f;978962107
NFCORE_ATACSEQ:ATACSEQ:MERGED_LIBRARY_MARKDUPLICATES_PICARD:BAM_STATS_SAMTOOLS:SAMTOOLS_FLAGSTAT (GM12878_FAST_REP1);ea38fddbeb5652b5aef26c3b9c47da1e;/input/data/work/92/c3a23728361136a0a2f2be5c8d42b7/GM12878_FAST_REP1.mLb.mkD.sorted.bam.bai;f;3263048
NFCORE_ATACSEQ:ATACSEQ:MERGED_LIBRARY_MARKDUPLICATES_PICARD:BAM_STATS_SAMTOOLS:SAMTOOLS_FLAGSTAT (GM12878_FAST_REP1);ea38fddbeb5652b5aef26c3b9c47da1e;/input/data/work/dd/81fe4f8a6319dc0f9e5362096356e6/GM12878_FAST_REP1.mLb.mkD.sorted.bam;f;577283823
NFCORE_ATACSEQ:ATACSEQ:MERGED_LIBRARY_MARKDUPLICATES_PICARD:BAM_STATS_SAMTOOLS:SAMTOOLS_IDXSTATS (GM12878_FAST_REP1);76681e21a5a21269eb5d924de3369e9a;/input/data/work/92/c3a23728361136a0a2f2be5c8d42b7/GM12878_FAST_REP1.mLb.mkD.sorted.bam.bai;f;3263048
NFCORE_ATACSEQ:ATACSEQ:MERGED_LIBRARY_MARKDUPLICATES_PICARD:BAM_STATS_SAMTOOLS:SAMTOOLS_IDXSTATS (GM12878_FAST_REP1);76681e21a5a21269eb5d924de3369e9a;/input/data/work/dd/81fe4f8a6319dc0f9e5362096356e6/GM12878_FAST_REP1.mLb.mkD.sorted.bam;f;577283823
NFCORE_ATACSEQ:ATACSEQ:MERGED_LIBRARY_MARKDUPLICATES_PICARD:BAM_STATS_SAMTOOLS:SAMTOOLS_IDXSTATS (GM12878_OMNI_REP1);062170b86a77831c36e429b5a581eec2;/input/data/work/ab/dad58045f7ff05806980bce28831a5/GM12878_OMNI_REP1.mLb.mkD.sorted.bam.bai;f;2691016
NFCORE_ATACSEQ:ATACSEQ:MERGED_LIBRARY_MARKDUPLICATES_PICARD:BAM_STATS_SAMTOOLS:SAMTOOLS_IDXSTATS (GM12878_OMNI_REP1);062170b86a77831c36e429b5a581eec2;/input/data/work/ba/d9649413142f9b3728eaa694bf4d3b/GM12878_OMNI_REP1.mLb.mkD.sorted.bam;f;3644010095
NFCORE_ATACSEQ:ATACSEQ:MERGED_LIBRARY_MARKDUPLICATES_PICARD:BAM_STATS_SAMTOOLS:SAMTOOLS_FLAGSTAT (GM12878_OMNI_REP1);bdd8b42f2deac0d861a6087b558a0520;/input/data/work/ab/dad58045f7ff05806980bce28831a5/GM12878_OMNI_REP1.mLb.mkD.sorted.bam.bai;f;2691016
NFCORE_ATACSEQ:ATACSEQ:MERGED_LIBRARY_MARKDUPLICATES_PICARD:BAM_STATS_SAMTOOLS:SAMTOOLS_FLAGSTAT (GM12878_OMNI_REP1);bdd8b42f2deac0d861a6087b558a0520;/input/data/work/ba/d9649413142f9b3728eaa694bf4d3b/GM12878_OMNI_REP1.mLb.mkD.sorted.bam;f;3644010095
NFCORE_ATACSEQ:ATACSEQ:MERGED_LIBRARY_MARKDUPLICATES_PICARD:BAM_STATS_SAMTOOLS:SAMTOOLS_FLAGSTAT (GM12878_OMNI_REP2);b5027655e25b15455b11539f98c5f277;/input/data/work/eb/6794e37b64ad64cd6c61175dc79e7f/GM12878_OMNI_REP2.mLb.mkD.sorted.bam;f;3033790575
NFCORE_ATACSEQ:ATACSEQ:MERGED_LIBRARY_MARKDUPLICATES_PICARD:BAM_STATS_SAMTOOLS:SAMTOOLS_FLAGSTAT (GM12878_OMNI_REP2);b5027655e25b15455b11539f98c5f277;/input/data/work/51/b0fa8baa654629d702f472e619d837/GM12878_OMNI_REP2.mLb.mkD.sorted.bam.bai;f;2669296
NFCORE_ATACSEQ:ATACSEQ:MERGED_LIBRARY_MARKDUPLICATES_PICARD:BAM_STATS_SAMTOOLS:SAMTOOLS_FLAGSTAT (GM12878_FAST_REP2);a65177f79ad60568cfd8b222c4aae1ee;/input/data/work/4d/e72c867cb2d556bc83b8c0b62fe7ae/GM12878_FAST_REP2.mLb.mkD.sorted.bam.bai;f;2621536
NFCORE_ATACSEQ:ATACSEQ:MERGED_LIBRARY_MARKDUPLICATES_PICARD:BAM_STATS_SAMTOOLS:SAMTOOLS_FLAGSTAT (GM12878_FAST_REP2);a65177f79ad60568cfd8b222c4aae1ee;/input/data/work/6c/3597e97229e1bcad30baf20d0d7c15/GM12878_FAST_REP2.mLb.mkD.sorted.bam;f;978962107
NFCORE_ATACSEQ:ATACSEQ:MERGED_LIBRARY_MARKDUPLICATES_PICARD:BAM_STATS_SAMTOOLS:SAMTOOLS_IDXSTATS (GM12878_OMNI_REP2);66f512193ad4c45a6918f1dff25eefb9;/input/data/work/eb/6794e37b64ad64cd6c61175dc79e7f/GM12878_OMNI_REP2.mLb.mkD.sorted.bam;f;3033790575
NFCORE_ATACSEQ:ATACSEQ:MERGED_LIBRARY_MARKDUPLICATES_PICARD:BAM_STATS_SAMTOOLS:SAMTOOLS_IDXSTATS (GM12878_OMNI_REP2);66f512193ad4c45a6918f1dff25eefb9;/input/data/work/51/b0fa8baa654629d702f472e619d837/GM12878_OMNI_REP2.mLb.mkD.sorted.bam.bai;f;2669296
NFCORE_ATACSEQ:ATACSEQ:MERGED_LIBRARY_CALL_ANNOTATE_PEAKS:MULTIQC_CUSTOM_PEAKS (GM12878_STD_REP1);57db89fb648a0a20127ab5d130859664;/input/data/work/6d/019e6e0db529e6df7b3575ab91f942/GM12878_STD_REP1.mLb.clN_peaks.broadPeak;f;1891025
NFCORE_ATACSEQ:ATACSEQ:MERGED_LIBRARY_CALL_ANNOTATE_PEAKS:MULTIQC_CUSTOM_PEAKS (GM12878_STD_REP1);57db89fb648a0a20127ab5d130859664;/input/atacseq/assets/multiqc/merged_library_frip_score_header.txt;f;559
NFCORE_ATACSEQ:ATACSEQ:MERGED_LIBRARY_CALL_ANNOTATE_PEAKS:MULTIQC_CUSTOM_PEAKS (GM12878_STD_REP1);57db89fb648a0a20127ab5d130859664;/input/atacseq/assets/multiqc/merged_library_peak_count_header.txt;f;348
NFCORE_ATACSEQ:ATACSEQ:MERGED_LIBRARY_CALL_ANNOTATE_PEAKS:MULTIQC_CUSTOM_PEAKS (GM12878_STD_REP1);57db89fb648a0a20127ab5d130859664;/input/data/work/f2/7aa87ad0997eaa6f6b4d6a8948b550/GM12878_STD_REP1.FRiP.txt;f;26
NFCORE_ATACSEQ:ATACSEQ:MERGED_LIBRARY_MARKDUPLICATES_PICARD:BAM_STATS_SAMTOOLS:SAMTOOLS_STATS (GM12878_OMNI_REP1);34ff0d1a3fd72e8824ee5a40fb0166e9;/input/data/work/ab/dad58045f7ff05806980bce28831a5/GM12878_OMNI_REP1.mLb.mkD.sorted.bam.bai;f;2691016
NFCORE_ATACSEQ:ATACSEQ:MERGED_LIBRARY_MARKDUPLICATES_PICARD:BAM_STATS_SAMTOOLS:SAMTOOLS_STATS (GM12878_OMNI_REP1);34ff0d1a3fd72e8824ee5a40fb0166e9;/input/data/work/ba/d9649413142f9b3728eaa694bf4d3b/GM12878_OMNI_REP1.mLb.mkD.sorted.bam;f;3644010095
NFCORE_ATACSEQ:ATACSEQ:MERGED_LIBRARY_MARKDUPLICATES_PICARD:BAM_STATS_SAMTOOLS:SAMTOOLS_STATS (GM12878_OMNI_REP1);34ff0d1a3fd72e8824ee5a40fb0166e9;/input/data/work/stage-853e51d5-c24a-4499-a9b2-f0f6b87bfdd9/0d/0b940686602256bbbdf5750d8540fe/genome.fa;f;3157608038
NFCORE_ATACSEQ:ATACSEQ:MERGED_LIBRARY_MARKDUPLICATES_PICARD:BAM_STATS_SAMTOOLS:SAMTOOLS_STATS (GM12878_FAST_REP2);6816e1ab0b4f7bd0d0cb13d7814bd49c;/input/data/work/4d/e72c867cb2d556bc83b8c0b62fe7ae/GM12878_FAST_REP2.mLb.mkD.sorted.bam.bai;f;2621536
NFCORE_ATACSEQ:ATACSEQ:MERGED_LIBRARY_MARKDUPLICATES_PICARD:BAM_STATS_SAMTOOLS:SAMTOOLS_STATS (GM12878_FAST_REP2);6816e1ab0b4f7bd0d0cb13d7814bd49c;/input/data/work/6c/3597e97229e1bcad30baf20d0d7c15/GM12878_FAST_REP2.mLb.mkD.sorted.bam;f;978962107
NFCORE_ATACSEQ:ATACSEQ:MERGED_LIBRARY_MARKDUPLICATES_PICARD:BAM_STATS_SAMTOOLS:SAMTOOLS_STATS (GM12878_FAST_REP2);6816e1ab0b4f7bd0d0cb13d7814bd49c;/input/data/work/stage-853e51d5-c24a-4499-a9b2-f0f6b87bfdd9/0d/0b940686602256bbbdf5750d8540fe/genome.fa;f;3157608038
NFCORE_ATACSEQ:ATACSEQ:MERGED_LIBRARY_MARKDUPLICATES_PICARD:BAM_STATS_SAMTOOLS:SAMTOOLS_STATS (GM12878_STD_REP2);0f76bac061a811228a3e4af901448efc;/input/data/work/fb/42863a52d7695ef9e616e6c55a3076/GM12878_STD_REP2.mLb.mkD.sorted.bam;f;1900455124
NFCORE_ATACSEQ:ATACSEQ:MERGED_LIBRARY_MARKDUPLICATES_PICARD:BAM_STATS_SAMTOOLS:SAMTOOLS_STATS (GM12878_STD_REP2);0f76bac061a811228a3e4af901448efc;/input/data/work/24/703c93d732f0cedbac004c81c481dc/GM12878_STD_REP2.mLb.mkD.sorted.bam.bai;f;3494856
NFCORE_ATACSEQ:ATACSEQ:MERGED_LIBRARY_MARKDUPLICATES_PICARD:BAM_STATS_SAMTOOLS:SAMTOOLS_STATS (GM12878_STD_REP2);0f76bac061a811228a3e4af901448efc;/input/data/work/stage-853e51d5-c24a-4499-a9b2-f0f6b87bfdd9/0d/0b940686602256bbbdf5750d8540fe/genome.fa;f;3157608038
NFCORE_ATACSEQ:ATACSEQ:MERGED_LIBRARY_MARKDUPLICATES_PICARD:BAM_STATS_SAMTOOLS:SAMTOOLS_STATS (GM12878_OMNI_REP2);953e5575349abd972ecdf6083ce81fe4;/input/data/work/eb/6794e37b64ad64cd6c61175dc79e7f/GM12878_OMNI_REP2.mLb.mkD.sorted.bam;f;3033790575
NFCORE_ATACSEQ:ATACSEQ:MERGED_LIBRARY_MARKDUPLICATES_PICARD:BAM_STATS_SAMTOOLS:SAMTOOLS_STATS (GM12878_OMNI_REP2);953e5575349abd972ecdf6083ce81fe4;/input/data/work/51/b0fa8baa654629d702f472e619d837/GM12878_OMNI_REP2.mLb.mkD.sorted.bam.bai;f;2669296
NFCORE_ATACSEQ:ATACSEQ:MERGED_LIBRARY_MARKDUPLICATES_PICARD:BAM_STATS_SAMTOOLS:SAMTOOLS_STATS (GM12878_OMNI_REP2);953e5575349abd972ecdf6083ce81fe4;/input/data/work/stage-853e51d5-c24a-4499-a9b2-f0f6b87bfdd9/0d/0b940686602256bbbdf5750d8540fe/genome.fa;f;3157608038
NFCORE_ATACSEQ:ATACSEQ:MERGED_LIBRARY_MARKDUPLICATES_PICARD:BAM_STATS_SAMTOOLS:SAMTOOLS_STATS (GM12878_FAST_REP1);5d868d587bc2fbca948c8032752540ad;/input/data/work/92/c3a23728361136a0a2f2be5c8d42b7/GM12878_FAST_REP1.mLb.mkD.sorted.bam.bai;f;3263048
NFCORE_ATACSEQ:ATACSEQ:MERGED_LIBRARY_MARKDUPLICATES_PICARD:BAM_STATS_SAMTOOLS:SAMTOOLS_STATS (GM12878_FAST_REP1);5d868d587bc2fbca948c8032752540ad;/input/data/work/dd/81fe4f8a6319dc0f9e5362096356e6/GM12878_FAST_REP1.mLb.mkD.sorted.bam;f;577283823
NFCORE_ATACSEQ:ATACSEQ:MERGED_LIBRARY_MARKDUPLICATES_PICARD:BAM_STATS_SAMTOOLS:SAMTOOLS_STATS (GM12878_FAST_REP1);5d868d587bc2fbca948c8032752540ad;/input/data/work/stage-853e51d5-c24a-4499-a9b2-f0f6b87bfdd9/0d/0b940686602256bbbdf5750d8540fe/genome.fa;f;3157608038
NFCORE_ATACSEQ:ATACSEQ:MERGED_LIBRARY_MARKDUPLICATES_PICARD:BAM_STATS_SAMTOOLS:SAMTOOLS_STATS (GM12878_STD_REP1);60ec97df1aed7086d1e29e26640edf06;/input/data/work/96/c0ddd05d7ff1ce0fa771bc2d138274/GM12878_STD_REP1.mLb.mkD.sorted.bam.bai;f;3434896
NFCORE_ATACSEQ:ATACSEQ:MERGED_LIBRARY_MARKDUPLICATES_PICARD:BAM_STATS_SAMTOOLS:SAMTOOLS_STATS (GM12878_STD_REP1);60ec97df1aed7086d1e29e26640edf06;/input/data/work/75/93453880e1f1321ea1404c8881ee96/GM12878_STD_REP1.mLb.mkD.sorted.bam;f;1993327765
NFCORE_ATACSEQ:ATACSEQ:MERGED_LIBRARY_MARKDUPLICATES_PICARD:BAM_STATS_SAMTOOLS:SAMTOOLS_STATS (GM12878_STD_REP1);60ec97df1aed7086d1e29e26640edf06;/input/data/work/stage-853e51d5-c24a-4499-a9b2-f0f6b87bfdd9/0d/0b940686602256bbbdf5750d8540fe/genome.fa;f;3157608038
NFCORE_ATACSEQ:ATACSEQ:MERGED_LIBRARY_FILTER_BAM:SAMTOOLS_SORT (GM12878_OMNI_REP2);55a7ad3088940c1dfec2e17daae0787b;/input/data/work/0f/ee505cec0db84ada717f6ceb840858/GM12878_OMNI_REP2.mLb.flT.sorted.bam;f;2298656798
NFCORE_ATACSEQ:ATACSEQ:MERGED_LIBRARY_FILTER_BAM:BAM_REMOVE_ORPHANS (GM12878_OMNI_REP2);32a91659af0e9c0d8064865584cebadc;/input/data/work/55/a7ad3088940c1dfec2e17daae0787b/GM12878_OMNI_REP2.mLb.flT.name_sorted.bam;f;2887381053
NFCORE_ATACSEQ:ATACSEQ:MERGED_LIBRARY_FILTER_BAM:SAMTOOLS_SORT (GM12878_OMNI_REP1);840b0a1743a20adbe5d0124273c98e38;/input/data/work/ad/7a9abd636ec6db6876644199c14b9f/GM12878_OMNI_REP1.mLb.flT.sorted.bam;f;2767548184
NFCORE_ATACSEQ:ATACSEQ:MERGED_LIBRARY_FILTER_BAM:BAM_SORT_STATS_SAMTOOLS:SAMTOOLS_SORT (GM12878_OMNI_REP2);ee479f27bc50522fad2b19fdce431d73;/input/data/work/32/a91659af0e9c0d8064865584cebadc/GM12878_OMNI_REP2.mLb.clN.bam;f;2801508510
NFCORE_ATACSEQ:ATACSEQ:MERGED_LIBRARY_FILTER_BAM:BAM_REMOVE_ORPHANS (GM12878_OMNI_REP1);fd3dd98464c4f9f6b063b3a0bea26032;/input/data/work/84/0b0a1743a20adbe5d0124273c98e38/GM12878_OMNI_REP1.mLb.flT.name_sorted.bam;f;3527766658
NFCORE_ATACSEQ:ATACSEQ:MERGED_LIBRARY_FILTER_BAM:BAM_SORT_STATS_SAMTOOLS:SAMTOOLS_INDEX (GM12878_OMNI_REP2);c64838e83fe96c871c7a04e1b85c43eb;/input/data/work/ee/479f27bc50522fad2b19fdce431d73/GM12878_OMNI_REP2.mLb.clN.sorted.bam;f;2198736935
NFCORE_ATACSEQ:ATACSEQ:MERGED_LIBRARY_PICARD_COLLECTMULTIPLEMETRICS (GM12878_OMNI_REP2);9a24545c3f57f766b60cda233da40fc2;/input/data/work/9d/c11b7c34553b376534853a5a5f49c0/genome.fa.fai;f;783
NFCORE_ATACSEQ:ATACSEQ:MERGED_LIBRARY_PICARD_COLLECTMULTIPLEMETRICS (GM12878_OMNI_REP2);9a24545c3f57f766b60cda233da40fc2;/input/data/work/ee/479f27bc50522fad2b19fdce431d73/GM12878_OMNI_REP2.mLb.clN.sorted.bam;f;2198736935
NFCORE_ATACSEQ:ATACSEQ:MERGED_LIBRARY_PICARD_COLLECTMULTIPLEMETRICS (GM12878_OMNI_REP2);9a24545c3f57f766b60cda233da40fc2;/input/data/work/stage-853e51d5-c24a-4499-a9b2-f0f6b87bfdd9/0d/0b940686602256bbbdf5750d8540fe/genome.fa;f;3157608038
NFCORE_ATACSEQ:ATACSEQ:MERGED_LIBRARY_CALL_ANNOTATE_PEAKS:MACS2_CALLPEAK (GM12878_OMNI_REP2);6ab72d8cf36f842af73617adb832e2e1;/input/data/work/ee/479f27bc50522fad2b19fdce431d73/GM12878_OMNI_REP2.mLb.clN.sorted.bam;f;2198736935
NFCORE_ATACSEQ:ATACSEQ:MERGED_LIBRARY_DEEPTOOLS_PLOTFINGERPRINT (GM12878_OMNI_REP2);37336f1a9d57c2a3acfa10532b0c7544;/input/data/work/c6/4838e83fe96c871c7a04e1b85c43eb/GM12878_OMNI_REP2.mLb.clN.sorted.bam.bai;f;2543232
NFCORE_ATACSEQ:ATACSEQ:MERGED_LIBRARY_DEEPTOOLS_PLOTFINGERPRINT (GM12878_OMNI_REP2);37336f1a9d57c2a3acfa10532b0c7544;/input/data/work/ee/479f27bc50522fad2b19fdce431d73/GM12878_OMNI_REP2.mLb.clN.sorted.bam;f;2198736935
NFCORE_ATACSEQ:ATACSEQ:MERGED_LIBRARY_CALL_ANNOTATE_PEAKS:FRIP_SCORE (GM12878_OMNI_REP2);98fad4e2dc647ad4cb8c00aab0f3df3d;/input/data/work/ee/479f27bc50522fad2b19fdce431d73/GM12878_OMNI_REP2.mLb.clN.sorted.bam;f;2198736935
NFCORE_ATACSEQ:ATACSEQ:MERGED_LIBRARY_CALL_ANNOTATE_PEAKS:FRIP_SCORE (GM12878_OMNI_REP2);98fad4e2dc647ad4cb8c00aab0f3df3d;/input/data/work/6a/b72d8cf36f842af73617adb832e2e1/GM12878_OMNI_REP2.mLb.clN_peaks.broadPeak;f;7420254
NFCORE_ATACSEQ:ATACSEQ:MERGED_LIBRARY_ATAQV_ATAQV (GM12878_OMNI_REP2);9ae9e4fc69f37c49d8a5e0e199945fad;/input/data/work/eb/6794e37b64ad64cd6c61175dc79e7f/GM12878_OMNI_REP2.mLb.mkD.sorted.bam;f;3033790575
NFCORE_ATACSEQ:ATACSEQ:MERGED_LIBRARY_ATAQV_ATAQV (GM12878_OMNI_REP2);9ae9e4fc69f37c49d8a5e0e199945fad;/input/data/work/35/3f2f2d0f1fd46cbf833d47d8418937/genes.tss.bed;f;2132933
NFCORE_ATACSEQ:ATACSEQ:MERGED_LIBRARY_ATAQV_ATAQV (GM12878_OMNI_REP2);9ae9e4fc69f37c49d8a5e0e199945fad;/input/data/work/a2/753316b9fec83e21d0c4c888cf3f71/genome.fa.autosomes.txt;f;123
NFCORE_ATACSEQ:ATACSEQ:MERGED_LIBRARY_ATAQV_ATAQV (GM12878_OMNI_REP2);9ae9e4fc69f37c49d8a5e0e199945fad;/input/data/work/51/b0fa8baa654629d702f472e619d837/GM12878_OMNI_REP2.mLb.mkD.sorted.bam.bai;f;2669296
NFCORE_ATACSEQ:ATACSEQ:MERGED_LIBRARY_ATAQV_ATAQV (GM12878_OMNI_REP2);9ae9e4fc69f37c49d8a5e0e199945fad;/input/data/work/6a/b72d8cf36f842af73617adb832e2e1/GM12878_OMNI_REP2.mLb.clN_peaks.broadPeak;f;7420254
NFCORE_ATACSEQ:ATACSEQ:MERGED_LIBRARY_CALL_ANNOTATE_PEAKS:HOMER_ANNOTATEPEAKS (GM12878_OMNI_REP2);32a562d4d0c83b7ac191086e55ec8a3a;/input/data/work/stage-853e51d5-c24a-4499-a9b2-f0f6b87bfdd9/4d/d0234bfb2922a7eb2e9be1fb698ab0/genes.gtf;f;142063633
NFCORE_ATACSEQ:ATACSEQ:MERGED_LIBRARY_CALL_ANNOTATE_PEAKS:HOMER_ANNOTATEPEAKS (GM12878_OMNI_REP2);32a562d4d0c83b7ac191086e55ec8a3a;/input/data/work/6a/b72d8cf36f842af73617adb832e2e1/GM12878_OMNI_REP2.mLb.clN_peaks.broadPeak;f;7420254
NFCORE_ATACSEQ:ATACSEQ:MERGED_LIBRARY_CALL_ANNOTATE_PEAKS:HOMER_ANNOTATEPEAKS (GM12878_OMNI_REP2);32a562d4d0c83b7ac191086e55ec8a3a;/input/data/work/stage-853e51d5-c24a-4499-a9b2-f0f6b87bfdd9/0d/0b940686602256bbbdf5750d8540fe/genome.fa;f;3157608038
NFCORE_ATACSEQ:ATACSEQ:MERGED_LIBRARY_FILTER_BAM:BAM_SORT_STATS_SAMTOOLS:SAMTOOLS_SORT (GM12878_OMNI_REP1);f63ef17f77f7032510a1bbbc2496b26f;/input/data/work/fd/3dd98464c4f9f6b063b3a0bea26032/GM12878_OMNI_REP1.mLb.clN.bam;f;3422306107
NFCORE_ATACSEQ:ATACSEQ:MERGED_LIBRARY_FILTER_BAM:BAM_SORT_STATS_SAMTOOLS:SAMTOOLS_INDEX (GM12878_OMNI_REP1);887f0255622ba14d6fc09e07ad95efc8;/input/data/work/f6/3ef17f77f7032510a1bbbc2496b26f/GM12878_OMNI_REP1.mLb.clN.sorted.bam;f;2645936053
NFCORE_ATACSEQ:ATACSEQ:PICARD_MERGESAMFILES_REPLICATE (GM12878_STD);a67c0f3a1ee0438e60f1d2835fb039b1;/input/data/work/9b/23f5103eeb9d4beaeef23d9e526514/GM12878_STD_REP2.mLb.clN.sorted.bam;f;357723522
NFCORE_ATACSEQ:ATACSEQ:PICARD_MERGESAMFILES_REPLICATE (GM12878_STD);a67c0f3a1ee0438e60f1d2835fb039b1;/input/data/work/71/c79d636fb9de12950fb10285b06e76/GM12878_STD_REP1.mLb.clN.sorted.bam;f;373529255
NFCORE_ATACSEQ:ATACSEQ:PICARD_MERGESAMFILES_REPLICATE (GM12878_FAST);df5334c086e7105bf64f559390ef13cf;/input/data/work/00/204e222f81616346dd98483d5c636a/GM12878_FAST_REP1.mLb.clN.sorted.bam;f;409599243
NFCORE_ATACSEQ:ATACSEQ:PICARD_MERGESAMFILES_REPLICATE (GM12878_FAST);df5334c086e7105bf64f559390ef13cf;/input/data/work/2c/d47c5b7ec19492e64e4b4bde8ab371/GM12878_FAST_REP2.mLb.clN.sorted.bam;f;675106045
NFCORE_ATACSEQ:ATACSEQ:PICARD_MERGESAMFILES_REPLICATE (GM12878_OMNI);490131729b724637c399d1ae363598e0;/input/data/work/f6/3ef17f77f7032510a1bbbc2496b26f/GM12878_OMNI_REP1.mLb.clN.sorted.bam;f;2645936053
NFCORE_ATACSEQ:ATACSEQ:PICARD_MERGESAMFILES_REPLICATE (GM12878_OMNI);490131729b724637c399d1ae363598e0;/input/data/work/ee/479f27bc50522fad2b19fdce431d73/GM12878_OMNI_REP2.mLb.clN.sorted.bam;f;2198736935
NFCORE_ATACSEQ:ATACSEQ:MERGED_LIBRARY_PICARD_COLLECTMULTIPLEMETRICS (GM12878_OMNI_REP1);15e14d8a496a413f34847fec19827a23;/input/data/work/9d/c11b7c34553b376534853a5a5f49c0/genome.fa.fai;f;783
NFCORE_ATACSEQ:ATACSEQ:MERGED_LIBRARY_PICARD_COLLECTMULTIPLEMETRICS (GM12878_OMNI_REP1);15e14d8a496a413f34847fec19827a23;/input/data/work/f6/3ef17f77f7032510a1bbbc2496b26f/GM12878_OMNI_REP1.mLb.clN.sorted.bam;f;2645936053
NFCORE_ATACSEQ:ATACSEQ:MERGED_LIBRARY_PICARD_COLLECTMULTIPLEMETRICS (GM12878_OMNI_REP1);15e14d8a496a413f34847fec19827a23;/input/data/work/stage-853e51d5-c24a-4499-a9b2-f0f6b87bfdd9/0d/0b940686602256bbbdf5750d8540fe/genome.fa;f;3157608038
NFCORE_ATACSEQ:ATACSEQ:MERGED_LIBRARY_CALL_ANNOTATE_PEAKS:MACS2_CALLPEAK (GM12878_OMNI_REP1);71655dee794ad551320d48d1c72985de;/input/data/work/f6/3ef17f77f7032510a1bbbc2496b26f/GM12878_OMNI_REP1.mLb.clN.sorted.bam;f;2645936053
NFCORE_ATACSEQ:ATACSEQ:MERGED_LIBRARY_DEEPTOOLS_PLOTFINGERPRINT (GM12878_OMNI_REP1);168c6ee04906e7a8aad4a63e5488d8ff;/input/data/work/88/7f0255622ba14d6fc09e07ad95efc8/GM12878_OMNI_REP1.mLb.clN.sorted.bam.bai;f;2519576
NFCORE_ATACSEQ:ATACSEQ:MERGED_LIBRARY_DEEPTOOLS_PLOTFINGERPRINT (GM12878_OMNI_REP1);168c6ee04906e7a8aad4a63e5488d8ff;/input/data/work/f6/3ef17f77f7032510a1bbbc2496b26f/GM12878_OMNI_REP1.mLb.clN.sorted.bam;f;2645936053
NFCORE_ATACSEQ:ATACSEQ:MERGED_LIBRARY_FILTER_BAM:BAM_SORT_STATS_SAMTOOLS:BAM_STATS_SAMTOOLS:SAMTOOLS_FLAGSTAT (GM12878_FAST_REP1);f20bba0fd68efa9929a37611ed3c9bc0;/input/data/work/00/204e222f81616346dd98483d5c636a/GM12878_FAST_REP1.mLb.clN.sorted.bam;f;409599243
NFCORE_ATACSEQ:ATACSEQ:MERGED_LIBRARY_FILTER_BAM:BAM_SORT_STATS_SAMTOOLS:BAM_STATS_SAMTOOLS:SAMTOOLS_FLAGSTAT (GM12878_FAST_REP1);f20bba0fd68efa9929a37611ed3c9bc0;/input/data/work/04/166779ffbf89947e4d31bf188cb9bd/GM12878_FAST_REP1.mLb.clN.sorted.bam.bai;f;3334104
NFCORE_ATACSEQ:ATACSEQ:MERGED_LIBRARY_FILTER_BAM:BAM_SORT_STATS_SAMTOOLS:BAM_STATS_SAMTOOLS:SAMTOOLS_FLAGSTAT (GM12878_OMNI_REP1);2cd81f79ad6b3c91505e0fdf43844fa6;/input/data/work/88/7f0255622ba14d6fc09e07ad95efc8/GM12878_OMNI_REP1.mLb.clN.sorted.bam.bai;f;2519576
NFCORE_ATACSEQ:ATACSEQ:MERGED_LIBRARY_FILTER_BAM:BAM_SORT_STATS_SAMTOOLS:BAM_STATS_SAMTOOLS:SAMTOOLS_FLAGSTAT (GM12878_OMNI_REP1);2cd81f79ad6b3c91505e0fdf43844fa6;/input/data/work/f6/3ef17f77f7032510a1bbbc2496b26f/GM12878_OMNI_REP1.mLb.clN.sorted.bam;f;2645936053
NFCORE_ATACSEQ:ATACSEQ:MERGED_LIBRARY_FILTER_BAM:BAM_SORT_STATS_SAMTOOLS:BAM_STATS_SAMTOOLS:SAMTOOLS_IDXSTATS (GM12878_FAST_REP2);101f5fe17f2dcd3e2fb0424b4eba14c7;/input/data/work/2c/d47c5b7ec19492e64e4b4bde8ab371/GM12878_FAST_REP2.mLb.clN.sorted.bam;f;675106045
NFCORE_ATACSEQ:ATACSEQ:MERGED_LIBRARY_FILTER_BAM:BAM_SORT_STATS_SAMTOOLS:BAM_STATS_SAMTOOLS:SAMTOOLS_IDXSTATS (GM12878_FAST_REP2);101f5fe17f2dcd3e2fb0424b4eba14c7;/input/data/work/b4/1b3d0ea80df8fa065e7cbf3c7ccdb4/GM12878_FAST_REP2.mLb.clN.sorted.bam.bai;f;2649568
NFCORE_ATACSEQ:ATACSEQ:MERGED_LIBRARY_FILTER_BAM:BAM_SORT_STATS_SAMTOOLS:BAM_STATS_SAMTOOLS:SAMTOOLS_IDXSTATS (GM12878_FAST_REP1);e56d54027e24cff3b8f8f896184a3b99;/input/data/work/00/204e222f81616346dd98483d5c636a/GM12878_FAST_REP1.mLb.clN.sorted.bam;f;409599243
NFCORE_ATACSEQ:ATACSEQ:MERGED_LIBRARY_FILTER_BAM:BAM_SORT_STATS_SAMTOOLS:BAM_STATS_SAMTOOLS:SAMTOOLS_IDXSTATS (GM12878_FAST_REP1);e56d54027e24cff3b8f8f896184a3b99;/input/data/work/04/166779ffbf89947e4d31bf188cb9bd/GM12878_FAST_REP1.mLb.clN.sorted.bam.bai;f;3334104
NFCORE_ATACSEQ:ATACSEQ:MERGED_LIBRARY_FILTER_BAM:BAM_SORT_STATS_SAMTOOLS:BAM_STATS_SAMTOOLS:SAMTOOLS_IDXSTATS (GM12878_STD_REP1);da047e6342a5c849ceb1db6651ea9c7c;/input/data/work/b9/42c2000b94603cddcf97d65b89d3d6/GM12878_STD_REP1.mLb.clN.sorted.bam.bai;f;3493176
NFCORE_ATACSEQ:ATACSEQ:MERGED_LIBRARY_FILTER_BAM:BAM_SORT_STATS_SAMTOOLS:BAM_STATS_SAMTOOLS:SAMTOOLS_IDXSTATS (GM12878_STD_REP1);da047e6342a5c849ceb1db6651ea9c7c;/input/data/work/71/c79d636fb9de12950fb10285b06e76/GM12878_STD_REP1.mLb.clN.sorted.bam;f;373529255
NFCORE_ATACSEQ:ATACSEQ:MERGED_LIBRARY_FILTER_BAM:BAM_SORT_STATS_SAMTOOLS:BAM_STATS_SAMTOOLS:SAMTOOLS_IDXSTATS (GM12878_STD_REP2);b3efad7c8d98cd19efac98959ceee6dd;/input/data/work/d3/dad5ff61e8e73645539f6c665fb87a/GM12878_STD_REP2.mLb.clN.sorted.bam.bai;f;3547768
NFCORE_ATACSEQ:ATACSEQ:MERGED_LIBRARY_FILTER_BAM:BAM_SORT_STATS_SAMTOOLS:BAM_STATS_SAMTOOLS:SAMTOOLS_IDXSTATS (GM12878_STD_REP2);b3efad7c8d98cd19efac98959ceee6dd;/input/data/work/9b/23f5103eeb9d4beaeef23d9e526514/GM12878_STD_REP2.mLb.clN.sorted.bam;f;357723522
NFCORE_ATACSEQ:ATACSEQ:MERGED_LIBRARY_FILTER_BAM:BAM_SORT_STATS_SAMTOOLS:BAM_STATS_SAMTOOLS:SAMTOOLS_FLAGSTAT (GM12878_STD_REP1);db55bab32477f3026db206b5803dd703;/input/data/work/b9/42c2000b94603cddcf97d65b89d3d6/GM12878_STD_REP1.mLb.clN.sorted.bam.bai;f;3493176
NFCORE_ATACSEQ:ATACSEQ:MERGED_LIBRARY_FILTER_BAM:BAM_SORT_STATS_SAMTOOLS:BAM_STATS_SAMTOOLS:SAMTOOLS_FLAGSTAT (GM12878_STD_REP1);db55bab32477f3026db206b5803dd703;/input/data/work/71/c79d636fb9de12950fb10285b06e76/GM12878_STD_REP1.mLb.clN.sorted.bam;f;373529255
NFCORE_ATACSEQ:ATACSEQ:MERGED_LIBRARY_FILTER_BAM:BAM_SORT_STATS_SAMTOOLS:BAM_STATS_SAMTOOLS:SAMTOOLS_FLAGSTAT (GM12878_FAST_REP2);3c21a6f4a3b5b05bb8607b00bd9bfd5e;/input/data/work/2c/d47c5b7ec19492e64e4b4bde8ab371/GM12878_FAST_REP2.mLb.clN.sorted.bam;f;675106045
NFCORE_ATACSEQ:ATACSEQ:MERGED_LIBRARY_FILTER_BAM:BAM_SORT_STATS_SAMTOOLS:BAM_STATS_SAMTOOLS:SAMTOOLS_FLAGSTAT (GM12878_FAST_REP2);3c21a6f4a3b5b05bb8607b00bd9bfd5e;/input/data/work/b4/1b3d0ea80df8fa065e7cbf3c7ccdb4/GM12878_FAST_REP2.mLb.clN.sorted.bam.bai;f;2649568
NFCORE_ATACSEQ:ATACSEQ:MERGED_LIBRARY_FILTER_BAM:BAM_SORT_STATS_SAMTOOLS:BAM_STATS_SAMTOOLS:SAMTOOLS_IDXSTATS (GM12878_OMNI_REP2);c456d2b27383ce949874f33ca9cbe3d5;/input/data/work/c6/4838e83fe96c871c7a04e1b85c43eb/GM12878_OMNI_REP2.mLb.clN.sorted.bam.bai;f;2543232
NFCORE_ATACSEQ:ATACSEQ:MERGED_LIBRARY_FILTER_BAM:BAM_SORT_STATS_SAMTOOLS:BAM_STATS_SAMTOOLS:SAMTOOLS_IDXSTATS (GM12878_OMNI_REP2);c456d2b27383ce949874f33ca9cbe3d5;/input/data/work/ee/479f27bc50522fad2b19fdce431d73/GM12878_OMNI_REP2.mLb.clN.sorted.bam;f;2198736935
NFCORE_ATACSEQ:ATACSEQ:MERGED_LIBRARY_FILTER_BAM:BAM_SORT_STATS_SAMTOOLS:BAM_STATS_SAMTOOLS:SAMTOOLS_FLAGSTAT (GM12878_STD_REP2);fa07d6274114fe944ad07ff20456f034;/input/data/work/d3/dad5ff61e8e73645539f6c665fb87a/GM12878_STD_REP2.mLb.clN.sorted.bam.bai;f;3547768
NFCORE_ATACSEQ:ATACSEQ:MERGED_LIBRARY_FILTER_BAM:BAM_SORT_STATS_SAMTOOLS:BAM_STATS_SAMTOOLS:SAMTOOLS_FLAGSTAT (GM12878_STD_REP2);fa07d6274114fe944ad07ff20456f034;/input/data/work/9b/23f5103eeb9d4beaeef23d9e526514/GM12878_STD_REP2.mLb.clN.sorted.bam;f;357723522
NFCORE_ATACSEQ:ATACSEQ:MERGED_LIBRARY_FILTER_BAM:BAM_SORT_STATS_SAMTOOLS:BAM_STATS_SAMTOOLS:SAMTOOLS_IDXSTATS (GM12878_OMNI_REP1);f7cd23eab9e1239d83d412edb95b7e17;/input/data/work/88/7f0255622ba14d6fc09e07ad95efc8/GM12878_OMNI_REP1.mLb.clN.sorted.bam.bai;f;2519576
NFCORE_ATACSEQ:ATACSEQ:MERGED_LIBRARY_FILTER_BAM:BAM_SORT_STATS_SAMTOOLS:BAM_STATS_SAMTOOLS:SAMTOOLS_IDXSTATS (GM12878_OMNI_REP1);f7cd23eab9e1239d83d412edb95b7e17;/input/data/work/f6/3ef17f77f7032510a1bbbc2496b26f/GM12878_OMNI_REP1.mLb.clN.sorted.bam;f;2645936053
NFCORE_ATACSEQ:ATACSEQ:MERGED_LIBRARY_FILTER_BAM:BAM_SORT_STATS_SAMTOOLS:BAM_STATS_SAMTOOLS:SAMTOOLS_FLAGSTAT (GM12878_OMNI_REP2);85b0e20ccdbf47777049c5491c6364da;/input/data/work/c6/4838e83fe96c871c7a04e1b85c43eb/GM12878_OMNI_REP2.mLb.clN.sorted.bam.bai;f;2543232
NFCORE_ATACSEQ:ATACSEQ:MERGED_LIBRARY_FILTER_BAM:BAM_SORT_STATS_SAMTOOLS:BAM_STATS_SAMTOOLS:SAMTOOLS_FLAGSTAT (GM12878_OMNI_REP2);85b0e20ccdbf47777049c5491c6364da;/input/data/work/ee/479f27bc50522fad2b19fdce431d73/GM12878_OMNI_REP2.mLb.clN.sorted.bam;f;2198736935
NFCORE_ATACSEQ:ATACSEQ:MERGED_LIBRARY_FILTER_BAM:BAM_SORT_STATS_SAMTOOLS:BAM_STATS_SAMTOOLS:SAMTOOLS_STATS (GM12878_STD_REP2);f18c216de6b7ff6926b4856830233fd8;/input/data/work/d3/dad5ff61e8e73645539f6c665fb87a/GM12878_STD_REP2.mLb.clN.sorted.bam.bai;f;3547768
NFCORE_ATACSEQ:ATACSEQ:MERGED_LIBRARY_FILTER_BAM:BAM_SORT_STATS_SAMTOOLS:BAM_STATS_SAMTOOLS:SAMTOOLS_STATS (GM12878_STD_REP2);f18c216de6b7ff6926b4856830233fd8;/input/data/work/9b/23f5103eeb9d4beaeef23d9e526514/GM12878_STD_REP2.mLb.clN.sorted.bam;f;357723522
NFCORE_ATACSEQ:ATACSEQ:MERGED_LIBRARY_FILTER_BAM:BAM_SORT_STATS_SAMTOOLS:BAM_STATS_SAMTOOLS:SAMTOOLS_STATS (GM12878_STD_REP2);f18c216de6b7ff6926b4856830233fd8;/input/data/work/stage-853e51d5-c24a-4499-a9b2-f0f6b87bfdd9/0d/0b940686602256bbbdf5750d8540fe/genome.fa;f;3157608038
NFCORE_ATACSEQ:ATACSEQ:MERGED_LIBRARY_FILTER_BAM:BAM_SORT_STATS_SAMTOOLS:BAM_STATS_SAMTOOLS:SAMTOOLS_STATS (GM12878_STD_REP1);2784285490ba8ff229c187fe3dde1823;/input/data/work/b9/42c2000b94603cddcf97d65b89d3d6/GM12878_STD_REP1.mLb.clN.sorted.bam.bai;f;3493176
NFCORE_ATACSEQ:ATACSEQ:MERGED_LIBRARY_FILTER_BAM:BAM_SORT_STATS_SAMTOOLS:BAM_STATS_SAMTOOLS:SAMTOOLS_STATS (GM12878_STD_REP1);2784285490ba8ff229c187fe3dde1823;/input/data/work/71/c79d636fb9de12950fb10285b06e76/GM12878_STD_REP1.mLb.clN.sorted.bam;f;373529255
NFCORE_ATACSEQ:ATACSEQ:MERGED_LIBRARY_FILTER_BAM:BAM_SORT_STATS_SAMTOOLS:BAM_STATS_SAMTOOLS:SAMTOOLS_STATS (GM12878_STD_REP1);2784285490ba8ff229c187fe3dde1823;/input/data/work/stage-853e51d5-c24a-4499-a9b2-f0f6b87bfdd9/0d/0b940686602256bbbdf5750d8540fe/genome.fa;f;3157608038
NFCORE_ATACSEQ:ATACSEQ:MERGED_LIBRARY_FILTER_BAM:BAM_SORT_STATS_SAMTOOLS:BAM_STATS_SAMTOOLS:SAMTOOLS_STATS (GM12878_FAST_REP2);3f6497d36e1d31d4fdc220a7d3a3ad4f;/input/data/work/2c/d47c5b7ec19492e64e4b4bde8ab371/GM12878_FAST_REP2.mLb.clN.sorted.bam;f;675106045
NFCORE_ATACSEQ:ATACSEQ:MERGED_LIBRARY_FILTER_BAM:BAM_SORT_STATS_SAMTOOLS:BAM_STATS_SAMTOOLS:SAMTOOLS_STATS (GM12878_FAST_REP2);3f6497d36e1d31d4fdc220a7d3a3ad4f;/input/data/work/b4/1b3d0ea80df8fa065e7cbf3c7ccdb4/GM12878_FAST_REP2.mLb.clN.sorted.bam.bai;f;2649568
NFCORE_ATACSEQ:ATACSEQ:MERGED_LIBRARY_FILTER_BAM:BAM_SORT_STATS_SAMTOOLS:BAM_STATS_SAMTOOLS:SAMTOOLS_STATS (GM12878_FAST_REP2);3f6497d36e1d31d4fdc220a7d3a3ad4f;/input/data/work/stage-853e51d5-c24a-4499-a9b2-f0f6b87bfdd9/0d/0b940686602256bbbdf5750d8540fe/genome.fa;f;3157608038
NFCORE_ATACSEQ:ATACSEQ:MERGED_LIBRARY_FILTER_BAM:BAM_SORT_STATS_SAMTOOLS:BAM_STATS_SAMTOOLS:SAMTOOLS_STATS (GM12878_OMNI_REP1);f614b2dd6638d9d59efe516e22670cfa;/input/data/work/88/7f0255622ba14d6fc09e07ad95efc8/GM12878_OMNI_REP1.mLb.clN.sorted.bam.bai;f;2519576
NFCORE_ATACSEQ:ATACSEQ:MERGED_LIBRARY_FILTER_BAM:BAM_SORT_STATS_SAMTOOLS:BAM_STATS_SAMTOOLS:SAMTOOLS_STATS (GM12878_OMNI_REP1);f614b2dd6638d9d59efe516e22670cfa;/input/data/work/f6/3ef17f77f7032510a1bbbc2496b26f/GM12878_OMNI_REP1.mLb.clN.sorted.bam;f;2645936053
NFCORE_ATACSEQ:ATACSEQ:MERGED_LIBRARY_FILTER_BAM:BAM_SORT_STATS_SAMTOOLS:BAM_STATS_SAMTOOLS:SAMTOOLS_STATS (GM12878_OMNI_REP1);f614b2dd6638d9d59efe516e22670cfa;/input/data/work/stage-853e51d5-c24a-4499-a9b2-f0f6b87bfdd9/0d/0b940686602256bbbdf5750d8540fe/genome.fa;f;3157608038
NFCORE_ATACSEQ:ATACSEQ:MERGED_LIBRARY_FILTER_BAM:BAM_SORT_STATS_SAMTOOLS:BAM_STATS_SAMTOOLS:SAMTOOLS_STATS (GM12878_FAST_REP1);8d91a64d4112d49297d49601a11a0511;/input/data/work/00/204e222f81616346dd98483d5c636a/GM12878_FAST_REP1.mLb.clN.sorted.bam;f;409599243
NFCORE_ATACSEQ:ATACSEQ:MERGED_LIBRARY_FILTER_BAM:BAM_SORT_STATS_SAMTOOLS:BAM_STATS_SAMTOOLS:SAMTOOLS_STATS (GM12878_FAST_REP1);8d91a64d4112d49297d49601a11a0511;/input/data/work/04/166779ffbf89947e4d31bf188cb9bd/GM12878_FAST_REP1.mLb.clN.sorted.bam.bai;f;3334104
NFCORE_ATACSEQ:ATACSEQ:MERGED_LIBRARY_FILTER_BAM:BAM_SORT_STATS_SAMTOOLS:BAM_STATS_SAMTOOLS:SAMTOOLS_STATS (GM12878_FAST_REP1);8d91a64d4112d49297d49601a11a0511;/input/data/work/stage-853e51d5-c24a-4499-a9b2-f0f6b87bfdd9/0d/0b940686602256bbbdf5750d8540fe/genome.fa;f;3157608038
NFCORE_ATACSEQ:ATACSEQ:MERGED_LIBRARY_FILTER_BAM:BAM_SORT_STATS_SAMTOOLS:BAM_STATS_SAMTOOLS:SAMTOOLS_STATS (GM12878_OMNI_REP2);11589bd6dff038e8e1a934f72c8ed898;/input/data/work/c6/4838e83fe96c871c7a04e1b85c43eb/GM12878_OMNI_REP2.mLb.clN.sorted.bam.bai;f;2543232
NFCORE_ATACSEQ:ATACSEQ:MERGED_LIBRARY_FILTER_BAM:BAM_SORT_STATS_SAMTOOLS:BAM_STATS_SAMTOOLS:SAMTOOLS_STATS (GM12878_OMNI_REP2);11589bd6dff038e8e1a934f72c8ed898;/input/data/work/ee/479f27bc50522fad2b19fdce431d73/GM12878_OMNI_REP2.mLb.clN.sorted.bam;f;2198736935
NFCORE_ATACSEQ:ATACSEQ:MERGED_LIBRARY_FILTER_BAM:BAM_SORT_STATS_SAMTOOLS:BAM_STATS_SAMTOOLS:SAMTOOLS_STATS (GM12878_OMNI_REP2);11589bd6dff038e8e1a934f72c8ed898;/input/data/work/stage-853e51d5-c24a-4499-a9b2-f0f6b87bfdd9/0d/0b940686602256bbbdf5750d8540fe/genome.fa;f;3157608038
NFCORE_ATACSEQ:ATACSEQ:MERGED_LIBRARY_BAM_TO_BIGWIG:BEDTOOLS_GENOMECOV (GM12878_STD_REP1);82f5fd0f4d22596bfba0cb25b0d93af9;/input/data/work/db/55bab32477f3026db206b5803dd703/GM12878_STD_REP1.mLb.clN.sorted.bam.flagstat;f;510
NFCORE_ATACSEQ:ATACSEQ:MERGED_LIBRARY_BAM_TO_BIGWIG:BEDTOOLS_GENOMECOV (GM12878_STD_REP1);82f5fd0f4d22596bfba0cb25b0d93af9;/input/data/work/71/c79d636fb9de12950fb10285b06e76/GM12878_STD_REP1.mLb.clN.sorted.bam;f;373529255
NFCORE_ATACSEQ:ATACSEQ:MERGED_LIBRARY_BAM_TO_BIGWIG:BEDTOOLS_GENOMECOV (GM12878_STD_REP2);d47ea8674bf88076e2f5341cde6d5172;/input/data/work/fa/07d6274114fe944ad07ff20456f034/GM12878_STD_REP2.mLb.clN.sorted.bam.flagstat;f;510
NFCORE_ATACSEQ:ATACSEQ:MERGED_LIBRARY_BAM_TO_BIGWIG:BEDTOOLS_GENOMECOV (GM12878_STD_REP2);d47ea8674bf88076e2f5341cde6d5172;/input/data/work/9b/23f5103eeb9d4beaeef23d9e526514/GM12878_STD_REP2.mLb.clN.sorted.bam;f;357723522
NFCORE_ATACSEQ:ATACSEQ:MERGED_LIBRARY_BAM_TO_BIGWIG:BEDTOOLS_GENOMECOV (GM12878_FAST_REP1);3221edf7654e4b83a647cbca5b058d6b;/input/data/work/00/204e222f81616346dd98483d5c636a/GM12878_FAST_REP1.mLb.clN.sorted.bam;f;409599243
NFCORE_ATACSEQ:ATACSEQ:MERGED_LIBRARY_BAM_TO_BIGWIG:BEDTOOLS_GENOMECOV (GM12878_FAST_REP1);3221edf7654e4b83a647cbca5b058d6b;/input/data/work/f2/0bba0fd68efa9929a37611ed3c9bc0/GM12878_FAST_REP1.mLb.clN.sorted.bam.flagstat;f;510
NFCORE_ATACSEQ:ATACSEQ:MERGED_LIBRARY_BAM_TO_BIGWIG:BEDTOOLS_GENOMECOV (GM12878_FAST_REP2);9d4ad8ca6313fce7691490cdffbca1ff;/input/data/work/3c/21a6f4a3b5b05bb8607b00bd9bfd5e/GM12878_FAST_REP2.mLb.clN.sorted.bam.flagstat;f;517
NFCORE_ATACSEQ:ATACSEQ:MERGED_LIBRARY_BAM_TO_BIGWIG:BEDTOOLS_GENOMECOV (GM12878_FAST_REP2);9d4ad8ca6313fce7691490cdffbca1ff;/input/data/work/2c/d47c5b7ec19492e64e4b4bde8ab371/GM12878_FAST_REP2.mLb.clN.sorted.bam;f;675106045
NFCORE_ATACSEQ:ATACSEQ:MERGED_LIBRARY_BAM_TO_BIGWIG:BEDTOOLS_GENOMECOV (GM12878_OMNI_REP2);873fb7e4ea66d7b8a0ebf2cca2d81358;/input/data/work/85/b0e20ccdbf47777049c5491c6364da/GM12878_OMNI_REP2.mLb.clN.sorted.bam.flagstat;f;519
NFCORE_ATACSEQ:ATACSEQ:MERGED_LIBRARY_BAM_TO_BIGWIG:BEDTOOLS_GENOMECOV (GM12878_OMNI_REP2);873fb7e4ea66d7b8a0ebf2cca2d81358;/input/data/work/ee/479f27bc50522fad2b19fdce431d73/GM12878_OMNI_REP2.mLb.clN.sorted.bam;f;2198736935
NFCORE_ATACSEQ:ATACSEQ:MERGED_LIBRARY_BAM_TO_BIGWIG:BEDTOOLS_GENOMECOV (GM12878_OMNI_REP1);69b048fe32da9236918efdab92acdd45;/input/data/work/f6/3ef17f77f7032510a1bbbc2496b26f/GM12878_OMNI_REP1.mLb.clN.sorted.bam;f;2645936053
NFCORE_ATACSEQ:ATACSEQ:MERGED_LIBRARY_BAM_TO_BIGWIG:BEDTOOLS_GENOMECOV (GM12878_OMNI_REP1);69b048fe32da9236918efdab92acdd45;/input/data/work/2c/d81f79ad6b3c91505e0fdf43844fa6/GM12878_OMNI_REP1.mLb.clN.sorted.bam.flagstat;f;519
NFCORE_ATACSEQ:ATACSEQ:MERGED_LIBRARY_CALL_ANNOTATE_PEAKS:MULTIQC_CUSTOM_PEAKS (GM12878_OMNI_REP2);010580c368f47465b1267efad3b63e88;/input/data/work/98/fad4e2dc647ad4cb8c00aab0f3df3d/GM12878_OMNI_REP2.FRiP.txt;f;26
NFCORE_ATACSEQ:ATACSEQ:MERGED_LIBRARY_CALL_ANNOTATE_PEAKS:MULTIQC_CUSTOM_PEAKS (GM12878_OMNI_REP2);010580c368f47465b1267efad3b63e88;/input/atacseq/assets/multiqc/merged_library_frip_score_header.txt;f;559
NFCORE_ATACSEQ:ATACSEQ:MERGED_LIBRARY_CALL_ANNOTATE_PEAKS:MULTIQC_CUSTOM_PEAKS (GM12878_OMNI_REP2);010580c368f47465b1267efad3b63e88;/input/atacseq/assets/multiqc/merged_library_peak_count_header.txt;f;348
NFCORE_ATACSEQ:ATACSEQ:MERGED_LIBRARY_CALL_ANNOTATE_PEAKS:MULTIQC_CUSTOM_PEAKS (GM12878_OMNI_REP2);010580c368f47465b1267efad3b63e88;/input/data/work/6a/b72d8cf36f842af73617adb832e2e1/GM12878_OMNI_REP2.mLb.clN_peaks.broadPeak;f;7420254
NFCORE_ATACSEQ:ATACSEQ:MERGED_LIBRARY_BAM_TO_BIGWIG:UCSC_BEDGRAPHTOBIGWIG (GM12878_STD_REP1);59228f546ccbb0c412e3e5740a7c9ea6;/input/data/work/82/f5fd0f4d22596bfba0cb25b0d93af9/GM12878_STD_REP1.mLb.clN.bedGraph;f;135584502
NFCORE_ATACSEQ:ATACSEQ:MERGED_LIBRARY_BAM_TO_BIGWIG:UCSC_BEDGRAPHTOBIGWIG (GM12878_STD_REP1);59228f546ccbb0c412e3e5740a7c9ea6;/input/data/work/9d/c11b7c34553b376534853a5a5f49c0/genome.fa.sizes;f;376
NFCORE_ATACSEQ:ATACSEQ:MERGED_LIBRARY_BAM_TO_BIGWIG:UCSC_BEDGRAPHTOBIGWIG (GM12878_STD_REP2);6f5237261f801176a3b42be14554c3da;/input/data/work/9d/c11b7c34553b376534853a5a5f49c0/genome.fa.sizes;f;376
NFCORE_ATACSEQ:ATACSEQ:MERGED_LIBRARY_BAM_TO_BIGWIG:UCSC_BEDGRAPHTOBIGWIG (GM12878_STD_REP2);6f5237261f801176a3b42be14554c3da;/input/data/work/d4/7ea8674bf88076e2f5341cde6d5172/GM12878_STD_REP2.mLb.clN.bedGraph;f;129978093
NFCORE_ATACSEQ:ATACSEQ:MERGED_LIBRARY_BAM_TO_BIGWIG:UCSC_BEDGRAPHTOBIGWIG (GM12878_FAST_REP1);788ae90bb1914a0de842977f772e9b3b;/input/data/work/9d/c11b7c34553b376534853a5a5f49c0/genome.fa.sizes;f;376
NFCORE_ATACSEQ:ATACSEQ:MERGED_LIBRARY_BAM_TO_BIGWIG:UCSC_BEDGRAPHTOBIGWIG (GM12878_FAST_REP1);788ae90bb1914a0de842977f772e9b3b;/input/data/work/32/21edf7654e4b83a647cbca5b058d6b/GM12878_FAST_REP1.mLb.clN.bedGraph;f;164485147
NFCORE_ATACSEQ:ATACSEQ:MERGED_LIBRARY_BIGWIG_PLOT_DEEPTOOLS:DEEPTOOLS_COMPUTEMATRIX_REFERENCE_POINT (GM12878_STD_REP1);d0f14a8ccc1d87efdddb0cef20ede76c;/input/data/work/35/3f2f2d0f1fd46cbf833d47d8418937/genes.tss.bed;f;2132933
NFCORE_ATACSEQ:ATACSEQ:MERGED_LIBRARY_BIGWIG_PLOT_DEEPTOOLS:DEEPTOOLS_COMPUTEMATRIX_REFERENCE_POINT (GM12878_STD_REP1);d0f14a8ccc1d87efdddb0cef20ede76c;/input/data/work/59/228f546ccbb0c412e3e5740a7c9ea6/GM12878_STD_REP1.mLb.clN.bigWig;f;32403071
NFCORE_ATACSEQ:ATACSEQ:MERGED_LIBRARY_BIGWIG_PLOT_DEEPTOOLS:DEEPTOOLS_COMPUTEMATRIX_SCALE_REGIONS (GM12878_STD_REP1);6119c6baed4c4484fd3ab0db48afb44c;/input/data/work/f0/38527c9b30a3d1b44a51a8d601322d/genes.bed;f;8097849
NFCORE_ATACSEQ:ATACSEQ:MERGED_LIBRARY_BIGWIG_PLOT_DEEPTOOLS:DEEPTOOLS_COMPUTEMATRIX_SCALE_REGIONS (GM12878_STD_REP1);6119c6baed4c4484fd3ab0db48afb44c;/input/data/work/59/228f546ccbb0c412e3e5740a7c9ea6/GM12878_STD_REP1.mLb.clN.bigWig;f;32403071
NFCORE_ATACSEQ:ATACSEQ:MERGED_LIBRARY_BIGWIG_PLOT_DEEPTOOLS:DEEPTOOLS_COMPUTEMATRIX_REFERENCE_POINT (GM12878_STD_REP2);974a1a37a013b39b92e1d8dd87c77923;/input/data/work/35/3f2f2d0f1fd46cbf833d47d8418937/genes.tss.bed;f;2132933
NFCORE_ATACSEQ:ATACSEQ:MERGED_LIBRARY_BIGWIG_PLOT_DEEPTOOLS:DEEPTOOLS_COMPUTEMATRIX_REFERENCE_POINT (GM12878_STD_REP2);974a1a37a013b39b92e1d8dd87c77923;/input/data/work/6f/5237261f801176a3b42be14554c3da/GM12878_STD_REP2.mLb.clN.bigWig;f;31233585
NFCORE_ATACSEQ:ATACSEQ:MERGED_LIBRARY_BIGWIG_PLOT_DEEPTOOLS:DEEPTOOLS_COMPUTEMATRIX_SCALE_REGIONS (GM12878_STD_REP2);8eda70277a9d820bc0ba379132733f30;/input/data/work/f0/38527c9b30a3d1b44a51a8d601322d/genes.bed;f;8097849
NFCORE_ATACSEQ:ATACSEQ:MERGED_LIBRARY_BIGWIG_PLOT_DEEPTOOLS:DEEPTOOLS_COMPUTEMATRIX_SCALE_REGIONS (GM12878_STD_REP2);8eda70277a9d820bc0ba379132733f30;/input/data/work/6f/5237261f801176a3b42be14554c3da/GM12878_STD_REP2.mLb.clN.bigWig;f;31233585
NFCORE_ATACSEQ:ATACSEQ:MERGED_LIBRARY_BIGWIG_PLOT_DEEPTOOLS:DEEPTOOLS_COMPUTEMATRIX_REFERENCE_POINT (GM12878_FAST_REP1);e5e61e0591bacc243c497f3cae48bdfd;/input/data/work/35/3f2f2d0f1fd46cbf833d47d8418937/genes.tss.bed;f;2132933
NFCORE_ATACSEQ:ATACSEQ:MERGED_LIBRARY_BIGWIG_PLOT_DEEPTOOLS:DEEPTOOLS_COMPUTEMATRIX_REFERENCE_POINT (GM12878_FAST_REP1);e5e61e0591bacc243c497f3cae48bdfd;/input/data/work/78/8ae90bb1914a0de842977f772e9b3b/GM12878_FAST_REP1.mLb.clN.bigWig;f;37608041
NFCORE_ATACSEQ:ATACSEQ:MERGED_LIBRARY_BIGWIG_PLOT_DEEPTOOLS:DEEPTOOLS_COMPUTEMATRIX_SCALE_REGIONS (GM12878_FAST_REP1);92e900069a22c846486b1c5be529a3c9;/input/data/work/f0/38527c9b30a3d1b44a51a8d601322d/genes.bed;f;8097849
NFCORE_ATACSEQ:ATACSEQ:MERGED_LIBRARY_BIGWIG_PLOT_DEEPTOOLS:DEEPTOOLS_COMPUTEMATRIX_SCALE_REGIONS (GM12878_FAST_REP1);92e900069a22c846486b1c5be529a3c9;/input/data/work/78/8ae90bb1914a0de842977f772e9b3b/GM12878_FAST_REP1.mLb.clN.bigWig;f;37608041
NFCORE_ATACSEQ:ATACSEQ:MERGED_LIBRARY_BAM_TO_BIGWIG:UCSC_BEDGRAPHTOBIGWIG (GM12878_FAST_REP2);c79e0b5db34b6f493343ad458a14560f;/input/data/work/9d/4ad8ca6313fce7691490cdffbca1ff/GM12878_FAST_REP2.mLb.clN.bedGraph;f;302309942
NFCORE_ATACSEQ:ATACSEQ:MERGED_LIBRARY_BAM_TO_BIGWIG:UCSC_BEDGRAPHTOBIGWIG (GM12878_FAST_REP2);c79e0b5db34b6f493343ad458a14560f;/input/data/work/9d/c11b7c34553b376534853a5a5f49c0/genome.fa.sizes;f;376
NFCORE_ATACSEQ:ATACSEQ:MERGED_LIBRARY_BIGWIG_PLOT_DEEPTOOLS:DEEPTOOLS_COMPUTEMATRIX_SCALE_REGIONS (GM12878_FAST_REP2);7546775df46d7232709029c51b4ee926;/input/data/work/f0/38527c9b30a3d1b44a51a8d601322d/genes.bed;f;8097849
NFCORE_ATACSEQ:ATACSEQ:MERGED_LIBRARY_BIGWIG_PLOT_DEEPTOOLS:DEEPTOOLS_COMPUTEMATRIX_SCALE_REGIONS (GM12878_FAST_REP2);7546775df46d7232709029c51b4ee926;/input/data/work/c7/9e0b5db34b6f493343ad458a14560f/GM12878_FAST_REP2.mLb.clN.bigWig;f;58227700
NFCORE_ATACSEQ:ATACSEQ:MERGED_LIBRARY_BIGWIG_PLOT_DEEPTOOLS:DEEPTOOLS_COMPUTEMATRIX_REFERENCE_POINT (GM12878_FAST_REP2);1fc839ec65127682b336b58992f1d83d;/input/data/work/35/3f2f2d0f1fd46cbf833d47d8418937/genes.tss.bed;f;2132933
NFCORE_ATACSEQ:ATACSEQ:MERGED_LIBRARY_BIGWIG_PLOT_DEEPTOOLS:DEEPTOOLS_COMPUTEMATRIX_REFERENCE_POINT (GM12878_FAST_REP2);1fc839ec65127682b336b58992f1d83d;/input/data/work/c7/9e0b5db34b6f493343ad458a14560f/GM12878_FAST_REP2.mLb.clN.bigWig;f;58227700
NFCORE_ATACSEQ:ATACSEQ:MERGED_REPLICATE_MARKDUPLICATES_PICARD:PICARD_MARKDUPLICATES (GM12878_STD);570a3f0947ecd55b2cde89d4c289ff2b;/input/data/work/a6/7c0f3a1ee0438e60f1d2835fb039b1/GM12878_STD.mRp.sorted.bam;f;746722504
NFCORE_ATACSEQ:ATACSEQ:MERGED_REPLICATE_MARKDUPLICATES_PICARD:PICARD_MARKDUPLICATES (GM12878_STD);570a3f0947ecd55b2cde89d4c289ff2b;/input/data/work/9d/c11b7c34553b376534853a5a5f49c0/genome.fa.fai;f;783
NFCORE_ATACSEQ:ATACSEQ:MERGED_REPLICATE_MARKDUPLICATES_PICARD:PICARD_MARKDUPLICATES (GM12878_STD);570a3f0947ecd55b2cde89d4c289ff2b;/input/data/work/stage-853e51d5-c24a-4499-a9b2-f0f6b87bfdd9/0d/0b940686602256bbbdf5750d8540fe/genome.fa;f;3157608038
NFCORE_ATACSEQ:ATACSEQ:MERGED_REPLICATE_MARKDUPLICATES_PICARD:PICARD_MARKDUPLICATES (GM12878_FAST);8079b4ff2d6c0d653cf2f95636a57919;/input/data/work/df/5334c086e7105bf64f559390ef13cf/GM12878_FAST.mRp.sorted.bam;f;1111999696
NFCORE_ATACSEQ:ATACSEQ:MERGED_REPLICATE_MARKDUPLICATES_PICARD:PICARD_MARKDUPLICATES (GM12878_FAST);8079b4ff2d6c0d653cf2f95636a57919;/input/data/work/9d/c11b7c34553b376534853a5a5f49c0/genome.fa.fai;f;783
NFCORE_ATACSEQ:ATACSEQ:MERGED_REPLICATE_MARKDUPLICATES_PICARD:PICARD_MARKDUPLICATES (GM12878_FAST);8079b4ff2d6c0d653cf2f95636a57919;/input/data/work/stage-853e51d5-c24a-4499-a9b2-f0f6b87bfdd9/0d/0b940686602256bbbdf5750d8540fe/genome.fa;f;3157608038
NFCORE_ATACSEQ:ATACSEQ:MERGED_LIBRARY_BIGWIG_PLOT_DEEPTOOLS:DEEPTOOLS_PLOTHEATMAP (GM12878_STD_REP2);3dfd5ee627a19d3aa04bbd86f1a717e2;/input/data/work/97/4a1a37a013b39b92e1d8dd87c77923/GM12878_STD_REP2.mLb.clN.reference_point.computeMatrix.mat.gz;f;5610139
NFCORE_ATACSEQ:ATACSEQ:MERGED_LIBRARY_BAM_TO_BIGWIG:UCSC_BEDGRAPHTOBIGWIG (GM12878_OMNI_REP2);e89159bb62b06f66199dff34baa08080;/input/data/work/9d/c11b7c34553b376534853a5a5f49c0/genome.fa.sizes;f;376
NFCORE_ATACSEQ:ATACSEQ:MERGED_LIBRARY_BAM_TO_BIGWIG:UCSC_BEDGRAPHTOBIGWIG (GM12878_OMNI_REP2);e89159bb62b06f66199dff34baa08080;/input/data/work/87/3fb7e4ea66d7b8a0ebf2cca2d81358/GM12878_OMNI_REP2.mLb.clN.bedGraph;f;1033635304
NFCORE_ATACSEQ:ATACSEQ:MERGED_LIBRARY_BIGWIG_PLOT_DEEPTOOLS:DEEPTOOLS_PLOTPROFILE (GM12878_STD_REP2);a136f005dfb6c80921decc822d1c6f67;/input/data/work/8e/da70277a9d820bc0ba379132733f30/GM12878_STD_REP2.mLb.clN.scale_regions.computeMatrix.mat.gz;f;9941564
NFCORE_ATACSEQ:ATACSEQ:MERGED_LIBRARY_BIGWIG_PLOT_DEEPTOOLS:DEEPTOOLS_PLOTHEATMAP (GM12878_STD_REP1);0c201ee399bbfe8b69dc0863eb8a0fb5;/input/data/work/d0/f14a8ccc1d87efdddb0cef20ede76c/GM12878_STD_REP1.mLb.clN.reference_point.computeMatrix.mat.gz;f;5696739
NFCORE_ATACSEQ:ATACSEQ:MERGED_LIBRARY_BIGWIG_PLOT_DEEPTOOLS:DEEPTOOLS_PLOTHEATMAP (GM12878_FAST_REP1);11d22863e10859907dc676fc2b00569c;/input/data/work/e5/e61e0591bacc243c497f3cae48bdfd/GM12878_FAST_REP1.mLb.clN.reference_point.computeMatrix.mat.gz;f;5670475
NFCORE_ATACSEQ:ATACSEQ:MERGED_LIBRARY_CALL_ANNOTATE_PEAKS:FRIP_SCORE (GM12878_OMNI_REP1);db43b6604b3cef90f24187f7424ef142;/input/data/work/71/655dee794ad551320d48d1c72985de/GM12878_OMNI_REP1.mLb.clN_peaks.broadPeak;f;7691153
NFCORE_ATACSEQ:ATACSEQ:MERGED_LIBRARY_CALL_ANNOTATE_PEAKS:FRIP_SCORE (GM12878_OMNI_REP1);db43b6604b3cef90f24187f7424ef142;/input/data/work/f6/3ef17f77f7032510a1bbbc2496b26f/GM12878_OMNI_REP1.mLb.clN.sorted.bam;f;2645936053
NFCORE_ATACSEQ:ATACSEQ:MERGED_LIBRARY_ATAQV_ATAQV (GM12878_OMNI_REP1);2c64280412394bdca42cd5c42da807b4;/input/data/work/ba/d9649413142f9b3728eaa694bf4d3b/GM12878_OMNI_REP1.mLb.mkD.sorted.bam;f;3644010095
NFCORE_ATACSEQ:ATACSEQ:MERGED_LIBRARY_ATAQV_ATAQV (GM12878_OMNI_REP1);2c64280412394bdca42cd5c42da807b4;/input/data/work/ab/dad58045f7ff05806980bce28831a5/GM12878_OMNI_REP1.mLb.mkD.sorted.bam.bai;f;2691016
NFCORE_ATACSEQ:ATACSEQ:MERGED_LIBRARY_ATAQV_ATAQV (GM12878_OMNI_REP1);2c64280412394bdca42cd5c42da807b4;/input/data/work/71/655dee794ad551320d48d1c72985de/GM12878_OMNI_REP1.mLb.clN_peaks.broadPeak;f;7691153
NFCORE_ATACSEQ:ATACSEQ:MERGED_LIBRARY_ATAQV_ATAQV (GM12878_OMNI_REP1);2c64280412394bdca42cd5c42da807b4;/input/data/work/35/3f2f2d0f1fd46cbf833d47d8418937/genes.tss.bed;f;2132933
NFCORE_ATACSEQ:ATACSEQ:MERGED_LIBRARY_ATAQV_ATAQV (GM12878_OMNI_REP1);2c64280412394bdca42cd5c42da807b4;/input/data/work/a2/753316b9fec83e21d0c4c888cf3f71/genome.fa.autosomes.txt;f;123
NFCORE_ATACSEQ:ATACSEQ:MERGED_LIBRARY_CALL_ANNOTATE_PEAKS:PLOT_MACS2_QC;591dfd3671eacecb689608ab4a434932;/input/data/work/6d/019e6e0db529e6df7b3575ab91f942/GM12878_STD_REP1.mLb.clN_peaks.broadPeak;f;1891025
NFCORE_ATACSEQ:ATACSEQ:MERGED_LIBRARY_CALL_ANNOTATE_PEAKS:PLOT_MACS2_QC;591dfd3671eacecb689608ab4a434932;/input/data/work/30/e1b90e81336c1e4954bd91f35abd43/GM12878_FAST_REP1.mLb.clN_peaks.broadPeak;f;288233
NFCORE_ATACSEQ:ATACSEQ:MERGED_LIBRARY_CALL_ANNOTATE_PEAKS:PLOT_MACS2_QC;591dfd3671eacecb689608ab4a434932;/input/data/work/90/d270dc13761c8509495de931319fff/GM12878_FAST_REP2.mLb.clN_peaks.broadPeak;f;834120
NFCORE_ATACSEQ:ATACSEQ:MERGED_LIBRARY_CALL_ANNOTATE_PEAKS:PLOT_MACS2_QC;591dfd3671eacecb689608ab4a434932;/input/data/work/a3/c387cd7aede2c4d25573541e286518/GM12878_STD_REP2.mLb.clN_peaks.broadPeak;f;1899967
NFCORE_ATACSEQ:ATACSEQ:MERGED_LIBRARY_CALL_ANNOTATE_PEAKS:PLOT_MACS2_QC;591dfd3671eacecb689608ab4a434932;/input/data/work/71/655dee794ad551320d48d1c72985de/GM12878_OMNI_REP1.mLb.clN_peaks.broadPeak;f;7691153
NFCORE_ATACSEQ:ATACSEQ:MERGED_LIBRARY_CALL_ANNOTATE_PEAKS:PLOT_MACS2_QC;591dfd3671eacecb689608ab4a434932;/input/data/work/6a/b72d8cf36f842af73617adb832e2e1/GM12878_OMNI_REP2.mLb.clN_peaks.broadPeak;f;7420254
NFCORE_ATACSEQ:ATACSEQ:MERGED_LIBRARY_CONSENSUS_PEAKS:MACS2_CONSENSUS (consensus_peaks);f947361daee743a094081a12bc2bb739;/input/data/work/6d/019e6e0db529e6df7b3575ab91f942/GM12878_STD_REP1.mLb.clN_peaks.broadPeak;f;1891025
NFCORE_ATACSEQ:ATACSEQ:MERGED_LIBRARY_CONSENSUS_PEAKS:MACS2_CONSENSUS (consensus_peaks);f947361daee743a094081a12bc2bb739;/input/data/work/30/e1b90e81336c1e4954bd91f35abd43/GM12878_FAST_REP1.mLb.clN_peaks.broadPeak;f;288233
NFCORE_ATACSEQ:ATACSEQ:MERGED_LIBRARY_CONSENSUS_PEAKS:MACS2_CONSENSUS (consensus_peaks);f947361daee743a094081a12bc2bb739;/input/data/work/90/d270dc13761c8509495de931319fff/GM12878_FAST_REP2.mLb.clN_peaks.broadPeak;f;834120
NFCORE_ATACSEQ:ATACSEQ:MERGED_LIBRARY_CONSENSUS_PEAKS:MACS2_CONSENSUS (consensus_peaks);f947361daee743a094081a12bc2bb739;/input/data/work/a3/c387cd7aede2c4d25573541e286518/GM12878_STD_REP2.mLb.clN_peaks.broadPeak;f;1899967
NFCORE_ATACSEQ:ATACSEQ:MERGED_LIBRARY_CONSENSUS_PEAKS:MACS2_CONSENSUS (consensus_peaks);f947361daee743a094081a12bc2bb739;/input/data/work/71/655dee794ad551320d48d1c72985de/GM12878_OMNI_REP1.mLb.clN_peaks.broadPeak;f;7691153
NFCORE_ATACSEQ:ATACSEQ:MERGED_LIBRARY_CONSENSUS_PEAKS:MACS2_CONSENSUS (consensus_peaks);f947361daee743a094081a12bc2bb739;/input/data/work/6a/b72d8cf36f842af73617adb832e2e1/GM12878_OMNI_REP2.mLb.clN_peaks.broadPeak;f;7420254
NFCORE_ATACSEQ:ATACSEQ:MERGED_LIBRARY_CALL_ANNOTATE_PEAKS:HOMER_ANNOTATEPEAKS (GM12878_OMNI_REP1);59e3764850b278f7e0595e1a40a1cf04;/input/data/work/71/655dee794ad551320d48d1c72985de/GM12878_OMNI_REP1.mLb.clN_peaks.broadPeak;f;7691153
NFCORE_ATACSEQ:ATACSEQ:MERGED_LIBRARY_CALL_ANNOTATE_PEAKS:HOMER_ANNOTATEPEAKS (GM12878_OMNI_REP1);59e3764850b278f7e0595e1a40a1cf04;/input/data/work/stage-853e51d5-c24a-4499-a9b2-f0f6b87bfdd9/4d/d0234bfb2922a7eb2e9be1fb698ab0/genes.gtf;f;142063633
NFCORE_ATACSEQ:ATACSEQ:MERGED_LIBRARY_CALL_ANNOTATE_PEAKS:HOMER_ANNOTATEPEAKS (GM12878_OMNI_REP1);59e3764850b278f7e0595e1a40a1cf04;/input/data/work/stage-853e51d5-c24a-4499-a9b2-f0f6b87bfdd9/0d/0b940686602256bbbdf5750d8540fe/genome.fa;f;3157608038
NFCORE_ATACSEQ:ATACSEQ:MERGED_LIBRARY_BIGWIG_PLOT_DEEPTOOLS:DEEPTOOLS_COMPUTEMATRIX_SCALE_REGIONS (GM12878_OMNI_REP2);aa07d44455e3426335d0dc0b662a86e9;/input/data/work/f0/38527c9b30a3d1b44a51a8d601322d/genes.bed;f;8097849
NFCORE_ATACSEQ:ATACSEQ:MERGED_LIBRARY_BIGWIG_PLOT_DEEPTOOLS:DEEPTOOLS_COMPUTEMATRIX_SCALE_REGIONS (GM12878_OMNI_REP2);aa07d44455e3426335d0dc0b662a86e9;/input/data/work/e8/9159bb62b06f66199dff34baa08080/GM12878_OMNI_REP2.mLb.clN.bigWig;f;209336615
NFCORE_ATACSEQ:ATACSEQ:MERGED_LIBRARY_BIGWIG_PLOT_DEEPTOOLS:DEEPTOOLS_COMPUTEMATRIX_REFERENCE_POINT (GM12878_OMNI_REP2);16e5a3a36f3ca2ed3a2347de5f792760;/input/data/work/35/3f2f2d0f1fd46cbf833d47d8418937/genes.tss.bed;f;2132933
NFCORE_ATACSEQ:ATACSEQ:MERGED_LIBRARY_BIGWIG_PLOT_DEEPTOOLS:DEEPTOOLS_COMPUTEMATRIX_REFERENCE_POINT (GM12878_OMNI_REP2);16e5a3a36f3ca2ed3a2347de5f792760;/input/data/work/e8/9159bb62b06f66199dff34baa08080/GM12878_OMNI_REP2.mLb.clN.bigWig;f;209336615
NFCORE_ATACSEQ:ATACSEQ:MERGED_LIBRARY_CONSENSUS_PEAKS:SUBREAD_FEATURECOUNTS (consensus_peaks);5593c4786f640bf5c62e513f6883b23b;/input/data/work/f9/47361daee743a094081a12bc2bb739/consensus_peaks.mLb.clN.saf;f;4276152
NFCORE_ATACSEQ:ATACSEQ:MERGED_LIBRARY_CONSENSUS_PEAKS:SUBREAD_FEATURECOUNTS (consensus_peaks);5593c4786f640bf5c62e513f6883b23b;/input/data/work/00/204e222f81616346dd98483d5c636a/GM12878_FAST_REP1.mLb.clN.sorted.bam;f;409599243
NFCORE_ATACSEQ:ATACSEQ:MERGED_LIBRARY_CONSENSUS_PEAKS:SUBREAD_FEATURECOUNTS (consensus_peaks);5593c4786f640bf5c62e513f6883b23b;/input/data/work/2c/d47c5b7ec19492e64e4b4bde8ab371/GM12878_FAST_REP2.mLb.clN.sorted.bam;f;675106045
NFCORE_ATACSEQ:ATACSEQ:MERGED_LIBRARY_CONSENSUS_PEAKS:SUBREAD_FEATURECOUNTS (consensus_peaks);5593c4786f640bf5c62e513f6883b23b;/input/data/work/9b/23f5103eeb9d4beaeef23d9e526514/GM12878_STD_REP2.mLb.clN.sorted.bam;f;357723522
NFCORE_ATACSEQ:ATACSEQ:MERGED_LIBRARY_CONSENSUS_PEAKS:SUBREAD_FEATURECOUNTS (consensus_peaks);5593c4786f640bf5c62e513f6883b23b;/input/data/work/f6/3ef17f77f7032510a1bbbc2496b26f/GM12878_OMNI_REP1.mLb.clN.sorted.bam;f;2645936053
NFCORE_ATACSEQ:ATACSEQ:MERGED_LIBRARY_CONSENSUS_PEAKS:SUBREAD_FEATURECOUNTS (consensus_peaks);5593c4786f640bf5c62e513f6883b23b;/input/data/work/71/c79d636fb9de12950fb10285b06e76/GM12878_STD_REP1.mLb.clN.sorted.bam;f;373529255
NFCORE_ATACSEQ:ATACSEQ:MERGED_LIBRARY_CONSENSUS_PEAKS:SUBREAD_FEATURECOUNTS (consensus_peaks);5593c4786f640bf5c62e513f6883b23b;/input/data/work/ee/479f27bc50522fad2b19fdce431d73/GM12878_OMNI_REP2.mLb.clN.sorted.bam;f;2198736935
NFCORE_ATACSEQ:ATACSEQ:MERGED_LIBRARY_CONSENSUS_PEAKS:HOMER_ANNOTATEPEAKS (consensus_peaks);aa3c6bc069727ae3f1ea106f0426cdff;/input/data/work/stage-853e51d5-c24a-4499-a9b2-f0f6b87bfdd9/4d/d0234bfb2922a7eb2e9be1fb698ab0/genes.gtf;f;142063633
NFCORE_ATACSEQ:ATACSEQ:MERGED_LIBRARY_CONSENSUS_PEAKS:HOMER_ANNOTATEPEAKS (consensus_peaks);aa3c6bc069727ae3f1ea106f0426cdff;/input/data/work/f9/47361daee743a094081a12bc2bb739/consensus_peaks.mLb.clN.bed;f;4485442
NFCORE_ATACSEQ:ATACSEQ:MERGED_LIBRARY_CONSENSUS_PEAKS:HOMER_ANNOTATEPEAKS (consensus_peaks);aa3c6bc069727ae3f1ea106f0426cdff;/input/data/work/stage-853e51d5-c24a-4499-a9b2-f0f6b87bfdd9/0d/0b940686602256bbbdf5750d8540fe/genome.fa;f;3157608038
NFCORE_ATACSEQ:ATACSEQ:MERGED_LIBRARY_BAM_TO_BIGWIG:UCSC_BEDGRAPHTOBIGWIG (GM12878_OMNI_REP1);dfce0488d4d2dd7312d256a4e638d6ce;/input/data/work/9d/c11b7c34553b376534853a5a5f49c0/genome.fa.sizes;f;376
NFCORE_ATACSEQ:ATACSEQ:MERGED_LIBRARY_BAM_TO_BIGWIG:UCSC_BEDGRAPHTOBIGWIG (GM12878_OMNI_REP1);dfce0488d4d2dd7312d256a4e638d6ce;/input/data/work/69/b048fe32da9236918efdab92acdd45/GM12878_OMNI_REP1.mLb.clN.bedGraph;f;1244172065
NFCORE_ATACSEQ:ATACSEQ:MERGED_LIBRARY_BIGWIG_PLOT_DEEPTOOLS:DEEPTOOLS_PLOTPROFILE (GM12878_STD_REP1);c4dfc737b24ece5a3b7752c060dbb80d;/input/data/work/61/19c6baed4c4484fd3ab0db48afb44c/GM12878_STD_REP1.mLb.clN.scale_regions.computeMatrix.mat.gz;f;10071731
NFCORE_ATACSEQ:ATACSEQ:MERGED_LIBRARY_BIGWIG_PLOT_DEEPTOOLS:DEEPTOOLS_PLOTPROFILE (GM12878_FAST_REP1);f2e027d1fe109aa0d0a8b078a0b92b71;/input/data/work/92/e900069a22c846486b1c5be529a3c9/GM12878_FAST_REP1.mLb.clN.scale_regions.computeMatrix.mat.gz;f;11504057
NFCORE_ATACSEQ:ATACSEQ:MERGED_LIBRARY_CONSENSUS_PEAKS:DESEQ2_QC (consensus_peaks);5e79b1ce327caf01461cdbc5e92b1f1d;/input/atacseq/assets/multiqc/merged_library_deseq2_pca_header.txt;f;529
NFCORE_ATACSEQ:ATACSEQ:MERGED_LIBRARY_CONSENSUS_PEAKS:DESEQ2_QC (consensus_peaks);5e79b1ce327caf01461cdbc5e92b1f1d;/input/atacseq/assets/multiqc/merged_library_deseq2_clustering_header.txt;f;625
NFCORE_ATACSEQ:ATACSEQ:MERGED_LIBRARY_CONSENSUS_PEAKS:DESEQ2_QC (consensus_peaks);5e79b1ce327caf01461cdbc5e92b1f1d;/input/data/work/55/93c4786f640bf5c62e513f6883b23b/consensus_peaks.mLb.clN.featureCounts.txt;f;6330858
NFCORE_ATACSEQ:ATACSEQ:MERGED_REPLICATE_CALL_ANNOTATE_PEAKS:MACS2_CALLPEAK (GM12878_STD);6c645cfe638b9efb1631915b58f4a237;/input/data/work/57/0a3f0947ecd55b2cde89d4c289ff2b/GM12878_STD.mRp.clN.sorted.bam;f;746949250
NFCORE_ATACSEQ:ATACSEQ:MERGED_REPLICATE_MARKDUPLICATES_PICARD:SAMTOOLS_INDEX (GM12878_STD);b390987093a85bc55e3c0adea13a109e;/input/data/work/57/0a3f0947ecd55b2cde89d4c289ff2b/GM12878_STD.mRp.clN.sorted.bam;f;746949250
NFCORE_ATACSEQ:ATACSEQ:MERGED_LIBRARY_BIGWIG_PLOT_DEEPTOOLS:DEEPTOOLS_PLOTPROFILE (GM12878_FAST_REP2);5e3014913db9702948bbfb5a625d9917;/input/data/work/75/46775df46d7232709029c51b4ee926/GM12878_FAST_REP2.mLb.clN.scale_regions.computeMatrix.mat.gz;f;14650330
NFCORE_ATACSEQ:ATACSEQ:MERGED_LIBRARY_CALL_ANNOTATE_PEAKS:PLOT_HOMER_ANNOTATEPEAKS;a71f22f8df238afb389743de7eb88932;/input/data/work/32/a562d4d0c83b7ac191086e55ec8a3a/GM12878_OMNI_REP2.mLb.clN_peaks.annotatePeaks.txt;f;13247500
NFCORE_ATACSEQ:ATACSEQ:MERGED_LIBRARY_CALL_ANNOTATE_PEAKS:PLOT_HOMER_ANNOTATEPEAKS;a71f22f8df238afb389743de7eb88932;/input/data/work/9b/64a461860421558efd10a40bb4ea5d/GM12878_STD_REP2.mLb.clN_peaks.annotatePeaks.txt;f;3361418
NFCORE_ATACSEQ:ATACSEQ:MERGED_LIBRARY_CALL_ANNOTATE_PEAKS:PLOT_HOMER_ANNOTATEPEAKS;a71f22f8df238afb389743de7eb88932;/input/data/work/87/bfe9c283970af97cb1bec6e191cb7e/GM12878_FAST_REP2.mLb.clN_peaks.annotatePeaks.txt;f;1489853
NFCORE_ATACSEQ:ATACSEQ:MERGED_LIBRARY_CALL_ANNOTATE_PEAKS:PLOT_HOMER_ANNOTATEPEAKS;a71f22f8df238afb389743de7eb88932;/input/data/work/59/e3764850b278f7e0595e1a40a1cf04/GM12878_OMNI_REP1.mLb.clN_peaks.annotatePeaks.txt;f;13733715
NFCORE_ATACSEQ:ATACSEQ:MERGED_LIBRARY_CALL_ANNOTATE_PEAKS:PLOT_HOMER_ANNOTATEPEAKS;a71f22f8df238afb389743de7eb88932;/input/data/work/24/29613f346bde559d823ab12209b70e/GM12878_STD_REP1.mLb.clN_peaks.annotatePeaks.txt;f;3343657
NFCORE_ATACSEQ:ATACSEQ:MERGED_LIBRARY_CALL_ANNOTATE_PEAKS:PLOT_HOMER_ANNOTATEPEAKS;a71f22f8df238afb389743de7eb88932;/input/data/work/31/2d9df58c56da55ec8d5bb5df566439/GM12878_FAST_REP1.mLb.clN_peaks.annotatePeaks.txt;f;517503
NFCORE_ATACSEQ:ATACSEQ:MERGED_LIBRARY_CALL_ANNOTATE_PEAKS:PLOT_HOMER_ANNOTATEPEAKS;a71f22f8df238afb389743de7eb88932;/input/atacseq/assets/multiqc/merged_library_peak_annotation_header.txt;f;426
NFCORE_ATACSEQ:ATACSEQ:MERGED_LIBRARY_BIGWIG_PLOT_DEEPTOOLS:DEEPTOOLS_COMPUTEMATRIX_REFERENCE_POINT (GM12878_OMNI_REP1);90262461e51e7a004edf843092265f12;/input/data/work/df/ce0488d4d2dd7312d256a4e638d6ce/GM12878_OMNI_REP1.mLb.clN.bigWig;f;243860883
NFCORE_ATACSEQ:ATACSEQ:MERGED_LIBRARY_BIGWIG_PLOT_DEEPTOOLS:DEEPTOOLS_COMPUTEMATRIX_REFERENCE_POINT (GM12878_OMNI_REP1);90262461e51e7a004edf843092265f12;/input/data/work/35/3f2f2d0f1fd46cbf833d47d8418937/genes.tss.bed;f;2132933
NFCORE_ATACSEQ:ATACSEQ:MERGED_LIBRARY_BIGWIG_PLOT_DEEPTOOLS:DEEPTOOLS_COMPUTEMATRIX_SCALE_REGIONS (GM12878_OMNI_REP1);c3a750fca45c94b0e5d55b5d318bd829;/input/data/work/df/ce0488d4d2dd7312d256a4e638d6ce/GM12878_OMNI_REP1.mLb.clN.bigWig;f;243860883
NFCORE_ATACSEQ:ATACSEQ:MERGED_LIBRARY_BIGWIG_PLOT_DEEPTOOLS:DEEPTOOLS_COMPUTEMATRIX_SCALE_REGIONS (GM12878_OMNI_REP1);c3a750fca45c94b0e5d55b5d318bd829;/input/data/work/f0/38527c9b30a3d1b44a51a8d601322d/genes.bed;f;8097849
NFCORE_ATACSEQ:ATACSEQ:MERGED_REPLICATE_CALL_ANNOTATE_PEAKS:FRIP_SCORE (GM12878_STD);65ec8931efecbe11c5f39d6102fed6b1;/input/data/work/57/0a3f0947ecd55b2cde89d4c289ff2b/GM12878_STD.mRp.clN.sorted.bam;f;746949250
NFCORE_ATACSEQ:ATACSEQ:MERGED_REPLICATE_CALL_ANNOTATE_PEAKS:FRIP_SCORE (GM12878_STD);65ec8931efecbe11c5f39d6102fed6b1;/input/data/work/6c/645cfe638b9efb1631915b58f4a237/GM12878_STD.mRp.clN_peaks.broadPeak;f;2481520
NFCORE_ATACSEQ:ATACSEQ:MERGED_REPLICATE_CALL_ANNOTATE_PEAKS:HOMER_ANNOTATEPEAKS (GM12878_STD);f98ec9c1ef4065fa13341cda4be7884a;/input/data/work/stage-853e51d5-c24a-4499-a9b2-f0f6b87bfdd9/4d/d0234bfb2922a7eb2e9be1fb698ab0/genes.gtf;f;142063633
NFCORE_ATACSEQ:ATACSEQ:MERGED_REPLICATE_CALL_ANNOTATE_PEAKS:HOMER_ANNOTATEPEAKS (GM12878_STD);f98ec9c1ef4065fa13341cda4be7884a;/input/data/work/6c/645cfe638b9efb1631915b58f4a237/GM12878_STD.mRp.clN_peaks.broadPeak;f;2481520
NFCORE_ATACSEQ:ATACSEQ:MERGED_REPLICATE_CALL_ANNOTATE_PEAKS:HOMER_ANNOTATEPEAKS (GM12878_STD);f98ec9c1ef4065fa13341cda4be7884a;/input/data/work/stage-853e51d5-c24a-4499-a9b2-f0f6b87bfdd9/0d/0b940686602256bbbdf5750d8540fe/genome.fa;f;3157608038
NFCORE_ATACSEQ:ATACSEQ:MERGED_LIBRARY_BIGWIG_PLOT_DEEPTOOLS:DEEPTOOLS_PLOTHEATMAP (GM12878_FAST_REP2);6f09e6a9bb5e0c8f3e47b85721046890;/input/data/work/1f/c839ec65127682b336b58992f1d83d/GM12878_FAST_REP2.mLb.clN.reference_point.computeMatrix.mat.gz;f;7778590
NFCORE_ATACSEQ:ATACSEQ:MERGED_REPLICATE_CALL_ANNOTATE_PEAKS:MULTIQC_CUSTOM_PEAKS (GM12878_STD);97adf75becfb055bfdcd3e7e9409e422;/input/atacseq/assets/multiqc/merged_replicate_frip_score_header.txt;f;559
NFCORE_ATACSEQ:ATACSEQ:MERGED_REPLICATE_CALL_ANNOTATE_PEAKS:MULTIQC_CUSTOM_PEAKS (GM12878_STD);97adf75becfb055bfdcd3e7e9409e422;/input/atacseq/assets/multiqc/merged_replicate_peak_count_header.txt;f;348
NFCORE_ATACSEQ:ATACSEQ:MERGED_REPLICATE_CALL_ANNOTATE_PEAKS:MULTIQC_CUSTOM_PEAKS (GM12878_STD);97adf75becfb055bfdcd3e7e9409e422;/input/data/work/6c/645cfe638b9efb1631915b58f4a237/GM12878_STD.mRp.clN_peaks.broadPeak;f;2481520
NFCORE_ATACSEQ:ATACSEQ:MERGED_REPLICATE_CALL_ANNOTATE_PEAKS:MULTIQC_CUSTOM_PEAKS (GM12878_STD);97adf75becfb055bfdcd3e7e9409e422;/input/data/work/65/ec8931efecbe11c5f39d6102fed6b1/GM12878_STD.FRiP.txt;f;21
NFCORE_ATACSEQ:ATACSEQ:MERGED_REPLICATE_CALL_ANNOTATE_PEAKS:MACS2_CALLPEAK (GM12878_FAST);bde959b5e99b47dd10cbe0a7477f9a36;/input/data/work/80/79b4ff2d6c0d653cf2f95636a57919/GM12878_FAST.mRp.clN.sorted.bam;f;1111541697
NFCORE_ATACSEQ:ATACSEQ:MERGED_REPLICATE_MARKDUPLICATES_PICARD:SAMTOOLS_INDEX (GM12878_FAST);5ba79daa6df1495737ca5614da067af3;/input/data/work/80/79b4ff2d6c0d653cf2f95636a57919/GM12878_FAST.mRp.clN.sorted.bam;f;1111541697
NFCORE_ATACSEQ:ATACSEQ:MERGED_LIBRARY_BIGWIG_PLOT_DEEPTOOLS:DEEPTOOLS_PLOTHEATMAP (GM12878_OMNI_REP2);a4c8fff00e55ed4a3697e394537ddd2c;/input/data/work/16/e5a3a36f3ca2ed3a2347de5f792760/GM12878_OMNI_REP2.mLb.clN.reference_point.computeMatrix.mat.gz;f;19713342
NFCORE_ATACSEQ:ATACSEQ:MERGED_LIBRARY_CALL_ANNOTATE_PEAKS:MULTIQC_CUSTOM_PEAKS (GM12878_OMNI_REP1);7df7eee8382f4c03b57bf86087503f87;/input/atacseq/assets/multiqc/merged_library_frip_score_header.txt;f;559
NFCORE_ATACSEQ:ATACSEQ:MERGED_LIBRARY_CALL_ANNOTATE_PEAKS:MULTIQC_CUSTOM_PEAKS (GM12878_OMNI_REP1);7df7eee8382f4c03b57bf86087503f87;/input/data/work/db/43b6604b3cef90f24187f7424ef142/GM12878_OMNI_REP1.FRiP.txt;f;27
NFCORE_ATACSEQ:ATACSEQ:MERGED_LIBRARY_CALL_ANNOTATE_PEAKS:MULTIQC_CUSTOM_PEAKS (GM12878_OMNI_REP1);7df7eee8382f4c03b57bf86087503f87;/input/atacseq/assets/multiqc/merged_library_peak_count_header.txt;f;348
NFCORE_ATACSEQ:ATACSEQ:MERGED_LIBRARY_CALL_ANNOTATE_PEAKS:MULTIQC_CUSTOM_PEAKS (GM12878_OMNI_REP1);7df7eee8382f4c03b57bf86087503f87;/input/data/work/71/655dee794ad551320d48d1c72985de/GM12878_OMNI_REP1.mLb.clN_peaks.broadPeak;f;7691153
NFCORE_ATACSEQ:ATACSEQ:MERGED_LIBRARY_ATAQV_MKARV;18f2f01eb60bdc2b03966820b1328c1a;/input/data/work/47/eefe4bc650d369cf68d6beeb86da3a/GM12878_FAST_REP1.ataqv.json;f;526904
NFCORE_ATACSEQ:ATACSEQ:MERGED_LIBRARY_ATAQV_MKARV;18f2f01eb60bdc2b03966820b1328c1a;/input/data/work/4f/de8310223ca3659d3f95453727694e/GM12878_STD_REP1.ataqv.json;f;2230243
NFCORE_ATACSEQ:ATACSEQ:MERGED_LIBRARY_ATAQV_MKARV;18f2f01eb60bdc2b03966820b1328c1a;/input/data/work/2c/64280412394bdca42cd5c42da807b4/GM12878_OMNI_REP1.ataqv.json;f;8542548
NFCORE_ATACSEQ:ATACSEQ:MERGED_LIBRARY_ATAQV_MKARV;18f2f01eb60bdc2b03966820b1328c1a;/input/data/work/9a/e9e4fc69f37c49d8a5e0e199945fad/GM12878_OMNI_REP2.ataqv.json;f;8243526
NFCORE_ATACSEQ:ATACSEQ:MERGED_LIBRARY_ATAQV_MKARV;18f2f01eb60bdc2b03966820b1328c1a;/input/data/work/2a/395be465c2ef3353e531c895a8e250/GM12878_STD_REP2.ataqv.json;f;2242273
NFCORE_ATACSEQ:ATACSEQ:MERGED_LIBRARY_ATAQV_MKARV;18f2f01eb60bdc2b03966820b1328c1a;/input/data/work/ba/7d7163917877190c9d4b0652b943d5/GM12878_FAST_REP2.ataqv.json;f;1111633
NFCORE_ATACSEQ:ATACSEQ:MERGED_LIBRARY_BIGWIG_PLOT_DEEPTOOLS:DEEPTOOLS_PLOTPROFILE (GM12878_OMNI_REP2);367eb70669ee5aa3f3767caa6797a9c6;/input/data/work/aa/07d44455e3426335d0dc0b662a86e9/GM12878_OMNI_REP2.mLb.clN.scale_regions.computeMatrix.mat.gz;f;25267223
NFCORE_ATACSEQ:ATACSEQ:MERGED_REPLICATE_CALL_ANNOTATE_PEAKS:FRIP_SCORE (GM12878_FAST);6e84a7a3196def816b08610aef3dba4b;/input/data/work/80/79b4ff2d6c0d653cf2f95636a57919/GM12878_FAST.mRp.clN.sorted.bam;f;1111541697
NFCORE_ATACSEQ:ATACSEQ:MERGED_REPLICATE_CALL_ANNOTATE_PEAKS:FRIP_SCORE (GM12878_FAST);6e84a7a3196def816b08610aef3dba4b;/input/data/work/bd/e959b5e99b47dd10cbe0a7477f9a36/GM12878_FAST.mRp.clN_peaks.broadPeak;f;1542680
NFCORE_ATACSEQ:ATACSEQ:MERGED_REPLICATE_CALL_ANNOTATE_PEAKS:HOMER_ANNOTATEPEAKS (GM12878_FAST);b93404822d55a3118784778492e8a80c;/input/data/work/stage-853e51d5-c24a-4499-a9b2-f0f6b87bfdd9/4d/d0234bfb2922a7eb2e9be1fb698ab0/genes.gtf;f;142063633
NFCORE_ATACSEQ:ATACSEQ:MERGED_REPLICATE_CALL_ANNOTATE_PEAKS:HOMER_ANNOTATEPEAKS (GM12878_FAST);b93404822d55a3118784778492e8a80c;/input/data/work/bd/e959b5e99b47dd10cbe0a7477f9a36/GM12878_FAST.mRp.clN_peaks.broadPeak;f;1542680
NFCORE_ATACSEQ:ATACSEQ:MERGED_REPLICATE_CALL_ANNOTATE_PEAKS:HOMER_ANNOTATEPEAKS (GM12878_FAST);b93404822d55a3118784778492e8a80c;/input/data/work/stage-853e51d5-c24a-4499-a9b2-f0f6b87bfdd9/0d/0b940686602256bbbdf5750d8540fe/genome.fa;f;3157608038
NFCORE_ATACSEQ:ATACSEQ:MERGED_LIBRARY_BIGWIG_PLOT_DEEPTOOLS:DEEPTOOLS_PLOTHEATMAP (GM12878_OMNI_REP1);e3577d4628b5ea9b8fff32436be466ae;/input/data/work/90/262461e51e7a004edf843092265f12/GM12878_OMNI_REP1.mLb.clN.reference_point.computeMatrix.mat.gz;f;21547987
NFCORE_ATACSEQ:ATACSEQ:MERGED_LIBRARY_BIGWIG_PLOT_DEEPTOOLS:DEEPTOOLS_PLOTPROFILE (GM12878_OMNI_REP1);b92c358883a7e08292914c4405128ac5;/input/data/work/c3/a750fca45c94b0e5d55b5d318bd829/GM12878_OMNI_REP1.mLb.clN.scale_regions.computeMatrix.mat.gz;f;27120181
NFCORE_ATACSEQ:ATACSEQ:MERGED_REPLICATE_CALL_ANNOTATE_PEAKS:MULTIQC_CUSTOM_PEAKS (GM12878_FAST);cdedffebc93c00252e0c98b2e6a00667;/input/atacseq/assets/multiqc/merged_replicate_frip_score_header.txt;f;559
NFCORE_ATACSEQ:ATACSEQ:MERGED_REPLICATE_CALL_ANNOTATE_PEAKS:MULTIQC_CUSTOM_PEAKS (GM12878_FAST);cdedffebc93c00252e0c98b2e6a00667;/input/data/work/bd/e959b5e99b47dd10cbe0a7477f9a36/GM12878_FAST.mRp.clN_peaks.broadPeak;f;1542680
NFCORE_ATACSEQ:ATACSEQ:MERGED_REPLICATE_CALL_ANNOTATE_PEAKS:MULTIQC_CUSTOM_PEAKS (GM12878_FAST);cdedffebc93c00252e0c98b2e6a00667;/input/atacseq/assets/multiqc/merged_replicate_peak_count_header.txt;f;348
NFCORE_ATACSEQ:ATACSEQ:MERGED_REPLICATE_CALL_ANNOTATE_PEAKS:MULTIQC_CUSTOM_PEAKS (GM12878_FAST);cdedffebc93c00252e0c98b2e6a00667;/input/data/work/6e/84a7a3196def816b08610aef3dba4b/GM12878_FAST.FRiP.txt;f;23
NFCORE_ATACSEQ:ATACSEQ:MERGED_REPLICATE_MARKDUPLICATES_PICARD:PICARD_MARKDUPLICATES (GM12878_OMNI);b6eddeb1fb9e939273d5ac8a29f6e031;/input/data/work/9d/c11b7c34553b376534853a5a5f49c0/genome.fa.fai;f;783
NFCORE_ATACSEQ:ATACSEQ:MERGED_REPLICATE_MARKDUPLICATES_PICARD:PICARD_MARKDUPLICATES (GM12878_OMNI);b6eddeb1fb9e939273d5ac8a29f6e031;/input/data/work/49/0131729b724637c399d1ae363598e0/GM12878_OMNI.mRp.sorted.bam;f;4894621259
NFCORE_ATACSEQ:ATACSEQ:MERGED_REPLICATE_MARKDUPLICATES_PICARD:PICARD_MARKDUPLICATES (GM12878_OMNI);b6eddeb1fb9e939273d5ac8a29f6e031;/input/data/work/stage-853e51d5-c24a-4499-a9b2-f0f6b87bfdd9/0d/0b940686602256bbbdf5750d8540fe/genome.fa;f;3157608038
NFCORE_ATACSEQ:ATACSEQ:MERGED_REPLICATE_CALL_ANNOTATE_PEAKS:MACS2_CALLPEAK (GM12878_OMNI);e2fef7b8f91289e05cf9e5284c389d5a;/input/data/work/b6/eddeb1fb9e939273d5ac8a29f6e031/GM12878_OMNI.mRp.clN.sorted.bam;f;4885465390
NFCORE_ATACSEQ:ATACSEQ:MERGED_REPLICATE_MARKDUPLICATES_PICARD:SAMTOOLS_INDEX (GM12878_OMNI);db1ebf7793b2245511f72c9a57c1a846;/input/data/work/b6/eddeb1fb9e939273d5ac8a29f6e031/GM12878_OMNI.mRp.clN.sorted.bam;f;4885465390
NFCORE_ATACSEQ:ATACSEQ:MERGED_REPLICATE_MARKDUPLICATES_PICARD:BAM_STATS_SAMTOOLS:SAMTOOLS_IDXSTATS (GM12878_FAST);a21c0c0ff4467e1e9563485a80130b89;/input/data/work/5b/a79daa6df1495737ca5614da067af3/GM12878_FAST.mRp.clN.sorted.bam.bai;f;2235872
NFCORE_ATACSEQ:ATACSEQ:MERGED_REPLICATE_MARKDUPLICATES_PICARD:BAM_STATS_SAMTOOLS:SAMTOOLS_IDXSTATS (GM12878_FAST);a21c0c0ff4467e1e9563485a80130b89;/input/data/work/80/79b4ff2d6c0d653cf2f95636a57919/GM12878_FAST.mRp.clN.sorted.bam;f;1111541697
NFCORE_ATACSEQ:ATACSEQ:MERGED_REPLICATE_MARKDUPLICATES_PICARD:BAM_STATS_SAMTOOLS:SAMTOOLS_FLAGSTAT (GM12878_FAST);06d6bd96b9eed959b858cd7bfaa1b180;/input/data/work/5b/a79daa6df1495737ca5614da067af3/GM12878_FAST.mRp.clN.sorted.bam.bai;f;2235872
NFCORE_ATACSEQ:ATACSEQ:MERGED_REPLICATE_MARKDUPLICATES_PICARD:BAM_STATS_SAMTOOLS:SAMTOOLS_FLAGSTAT (GM12878_FAST);06d6bd96b9eed959b858cd7bfaa1b180;/input/data/work/80/79b4ff2d6c0d653cf2f95636a57919/GM12878_FAST.mRp.clN.sorted.bam;f;1111541697
NFCORE_ATACSEQ:ATACSEQ:MERGED_REPLICATE_MARKDUPLICATES_PICARD:BAM_STATS_SAMTOOLS:SAMTOOLS_FLAGSTAT (GM12878_STD);0d8eafdff65c1333809ea6d1b59be764;/input/data/work/57/0a3f0947ecd55b2cde89d4c289ff2b/GM12878_STD.mRp.clN.sorted.bam;f;746949250
NFCORE_ATACSEQ:ATACSEQ:MERGED_REPLICATE_MARKDUPLICATES_PICARD:BAM_STATS_SAMTOOLS:SAMTOOLS_FLAGSTAT (GM12878_STD);0d8eafdff65c1333809ea6d1b59be764;/input/data/work/b3/90987093a85bc55e3c0adea13a109e/GM12878_STD.mRp.clN.sorted.bam.bai;f;2575560
NFCORE_ATACSEQ:ATACSEQ:MERGED_REPLICATE_MARKDUPLICATES_PICARD:BAM_STATS_SAMTOOLS:SAMTOOLS_IDXSTATS (GM12878_STD);8f99bb14ff5a543068711273b9afb245;/input/data/work/57/0a3f0947ecd55b2cde89d4c289ff2b/GM12878_STD.mRp.clN.sorted.bam;f;746949250
NFCORE_ATACSEQ:ATACSEQ:MERGED_REPLICATE_MARKDUPLICATES_PICARD:BAM_STATS_SAMTOOLS:SAMTOOLS_IDXSTATS (GM12878_STD);8f99bb14ff5a543068711273b9afb245;/input/data/work/b3/90987093a85bc55e3c0adea13a109e/GM12878_STD.mRp.clN.sorted.bam.bai;f;2575560
NFCORE_ATACSEQ:ATACSEQ:MERGED_REPLICATE_MARKDUPLICATES_PICARD:BAM_STATS_SAMTOOLS:SAMTOOLS_IDXSTATS (GM12878_OMNI);2e79970fdd0bef3e0c8d6f3d8787880b;/input/data/work/b6/eddeb1fb9e939273d5ac8a29f6e031/GM12878_OMNI.mRp.clN.sorted.bam;f;4885465390
NFCORE_ATACSEQ:ATACSEQ:MERGED_REPLICATE_MARKDUPLICATES_PICARD:BAM_STATS_SAMTOOLS:SAMTOOLS_IDXSTATS (GM12878_OMNI);2e79970fdd0bef3e0c8d6f3d8787880b;/input/data/work/db/1ebf7793b2245511f72c9a57c1a846/GM12878_OMNI.mRp.clN.sorted.bam.bai;f;2888152
NFCORE_ATACSEQ:ATACSEQ:MERGED_REPLICATE_MARKDUPLICATES_PICARD:BAM_STATS_SAMTOOLS:SAMTOOLS_FLAGSTAT (GM12878_OMNI);2859c793fdac3f86ccb307734d2cce1f;/input/data/work/b6/eddeb1fb9e939273d5ac8a29f6e031/GM12878_OMNI.mRp.clN.sorted.bam;f;4885465390
NFCORE_ATACSEQ:ATACSEQ:MERGED_REPLICATE_MARKDUPLICATES_PICARD:BAM_STATS_SAMTOOLS:SAMTOOLS_FLAGSTAT (GM12878_OMNI);2859c793fdac3f86ccb307734d2cce1f;/input/data/work/db/1ebf7793b2245511f72c9a57c1a846/GM12878_OMNI.mRp.clN.sorted.bam.bai;f;2888152
NFCORE_ATACSEQ:ATACSEQ:MERGED_REPLICATE_MARKDUPLICATES_PICARD:BAM_STATS_SAMTOOLS:SAMTOOLS_STATS (GM12878_FAST);7ceab6a3300b873e2abd99a1093355df;/input/data/work/5b/a79daa6df1495737ca5614da067af3/GM12878_FAST.mRp.clN.sorted.bam.bai;f;2235872
NFCORE_ATACSEQ:ATACSEQ:MERGED_REPLICATE_MARKDUPLICATES_PICARD:BAM_STATS_SAMTOOLS:SAMTOOLS_STATS (GM12878_FAST);7ceab6a3300b873e2abd99a1093355df;/input/data/work/80/79b4ff2d6c0d653cf2f95636a57919/GM12878_FAST.mRp.clN.sorted.bam;f;1111541697
NFCORE_ATACSEQ:ATACSEQ:MERGED_REPLICATE_MARKDUPLICATES_PICARD:BAM_STATS_SAMTOOLS:SAMTOOLS_STATS (GM12878_FAST);7ceab6a3300b873e2abd99a1093355df;/input/data/work/stage-853e51d5-c24a-4499-a9b2-f0f6b87bfdd9/0d/0b940686602256bbbdf5750d8540fe/genome.fa;f;3157608038
NFCORE_ATACSEQ:ATACSEQ:MERGED_REPLICATE_MARKDUPLICATES_PICARD:BAM_STATS_SAMTOOLS:SAMTOOLS_STATS (GM12878_OMNI);8b816a0ebb21435d1fdd523851d2c3dd;/input/data/work/b6/eddeb1fb9e939273d5ac8a29f6e031/GM12878_OMNI.mRp.clN.sorted.bam;f;4885465390
NFCORE_ATACSEQ:ATACSEQ:MERGED_REPLICATE_MARKDUPLICATES_PICARD:BAM_STATS_SAMTOOLS:SAMTOOLS_STATS (GM12878_OMNI);8b816a0ebb21435d1fdd523851d2c3dd;/input/data/work/db/1ebf7793b2245511f72c9a57c1a846/GM12878_OMNI.mRp.clN.sorted.bam.bai;f;2888152
NFCORE_ATACSEQ:ATACSEQ:MERGED_REPLICATE_MARKDUPLICATES_PICARD:BAM_STATS_SAMTOOLS:SAMTOOLS_STATS (GM12878_OMNI);8b816a0ebb21435d1fdd523851d2c3dd;/input/data/work/stage-853e51d5-c24a-4499-a9b2-f0f6b87bfdd9/0d/0b940686602256bbbdf5750d8540fe/genome.fa;f;3157608038
NFCORE_ATACSEQ:ATACSEQ:MERGED_REPLICATE_MARKDUPLICATES_PICARD:BAM_STATS_SAMTOOLS:SAMTOOLS_STATS (GM12878_STD);fcb2982742ae2b50d11f952e0ff2e275;/input/data/work/57/0a3f0947ecd55b2cde89d4c289ff2b/GM12878_STD.mRp.clN.sorted.bam;f;746949250
NFCORE_ATACSEQ:ATACSEQ:MERGED_REPLICATE_MARKDUPLICATES_PICARD:BAM_STATS_SAMTOOLS:SAMTOOLS_STATS (GM12878_STD);fcb2982742ae2b50d11f952e0ff2e275;/input/data/work/b3/90987093a85bc55e3c0adea13a109e/GM12878_STD.mRp.clN.sorted.bam.bai;f;2575560
NFCORE_ATACSEQ:ATACSEQ:MERGED_REPLICATE_MARKDUPLICATES_PICARD:BAM_STATS_SAMTOOLS:SAMTOOLS_STATS (GM12878_STD);fcb2982742ae2b50d11f952e0ff2e275;/input/data/work/stage-853e51d5-c24a-4499-a9b2-f0f6b87bfdd9/0d/0b940686602256bbbdf5750d8540fe/genome.fa;f;3157608038
NFCORE_ATACSEQ:ATACSEQ:MERGED_REPLICATE_BAM_TO_BIGWIG:BEDTOOLS_GENOMECOV (GM12878_FAST);6bf1d6dd822e698a2fa19fc6f22785fc;/input/data/work/80/79b4ff2d6c0d653cf2f95636a57919/GM12878_FAST.mRp.clN.sorted.bam;f;1111541697
NFCORE_ATACSEQ:ATACSEQ:MERGED_REPLICATE_BAM_TO_BIGWIG:BEDTOOLS_GENOMECOV (GM12878_FAST);6bf1d6dd822e698a2fa19fc6f22785fc;/input/data/work/06/d6bd96b9eed959b858cd7bfaa1b180/GM12878_FAST.mRp.clN.sorted.bam.flagstat;f;519
NFCORE_ATACSEQ:ATACSEQ:MERGED_REPLICATE_BAM_TO_BIGWIG:BEDTOOLS_GENOMECOV (GM12878_STD);63553762d0571e09e78d9583a6b9086c;/input/data/work/0d/8eafdff65c1333809ea6d1b59be764/GM12878_STD.mRp.clN.sorted.bam.flagstat;f;517
NFCORE_ATACSEQ:ATACSEQ:MERGED_REPLICATE_BAM_TO_BIGWIG:BEDTOOLS_GENOMECOV (GM12878_STD);63553762d0571e09e78d9583a6b9086c;/input/data/work/57/0a3f0947ecd55b2cde89d4c289ff2b/GM12878_STD.mRp.clN.sorted.bam;f;746949250
NFCORE_ATACSEQ:ATACSEQ:MERGED_REPLICATE_BAM_TO_BIGWIG:BEDTOOLS_GENOMECOV (GM12878_OMNI);a4f54b471fd593508f1f32ded704c871;/input/data/work/b6/eddeb1fb9e939273d5ac8a29f6e031/GM12878_OMNI.mRp.clN.sorted.bam;f;4885465390
NFCORE_ATACSEQ:ATACSEQ:MERGED_REPLICATE_BAM_TO_BIGWIG:BEDTOOLS_GENOMECOV (GM12878_OMNI);a4f54b471fd593508f1f32ded704c871;/input/data/work/28/59c793fdac3f86ccb307734d2cce1f/GM12878_OMNI.mRp.clN.sorted.bam.flagstat;f;526
NFCORE_ATACSEQ:ATACSEQ:MERGED_REPLICATE_BAM_TO_BIGWIG:UCSC_BEDGRAPHTOBIGWIG (GM12878_STD);0a7ef10a3c8a520c6f472a7e32d6156f;/input/data/work/63/553762d0571e09e78d9583a6b9086c/GM12878_STD.mRp.clN.bedGraph;f;287551846
NFCORE_ATACSEQ:ATACSEQ:MERGED_REPLICATE_BAM_TO_BIGWIG:UCSC_BEDGRAPHTOBIGWIG (GM12878_STD);0a7ef10a3c8a520c6f472a7e32d6156f;/input/data/work/9d/c11b7c34553b376534853a5a5f49c0/genome.fa.sizes;f;376
NFCORE_ATACSEQ:ATACSEQ:MERGED_REPLICATE_BAM_TO_BIGWIG:UCSC_BEDGRAPHTOBIGWIG (GM12878_FAST);a07057343d497235fd8e2d9866316c88;/input/data/work/9d/c11b7c34553b376534853a5a5f49c0/genome.fa.sizes;f;376
NFCORE_ATACSEQ:ATACSEQ:MERGED_REPLICATE_BAM_TO_BIGWIG:UCSC_BEDGRAPHTOBIGWIG (GM12878_FAST);a07057343d497235fd8e2d9866316c88;/input/data/work/6b/f1d6dd822e698a2fa19fc6f22785fc/GM12878_FAST.mRp.clN.bedGraph;f;521653472
NFCORE_ATACSEQ:ATACSEQ:MERGED_REPLICATE_CALL_ANNOTATE_PEAKS:FRIP_SCORE (GM12878_OMNI);6ec4c344611211099f985b0acc6dce6e;/input/data/work/b6/eddeb1fb9e939273d5ac8a29f6e031/GM12878_OMNI.mRp.clN.sorted.bam;f;4885465390
NFCORE_ATACSEQ:ATACSEQ:MERGED_REPLICATE_CALL_ANNOTATE_PEAKS:FRIP_SCORE (GM12878_OMNI);6ec4c344611211099f985b0acc6dce6e;/input/data/work/e2/fef7b8f91289e05cf9e5284c389d5a/GM12878_OMNI.mRp.clN_peaks.broadPeak;f;8610178
NFCORE_ATACSEQ:ATACSEQ:MERGED_REPLICATE_CONSENSUS_PEAKS:MACS2_CONSENSUS (consensus_peaks);2850e4de85f6d51ec4dd1e9c63f3a052;/input/data/work/bd/e959b5e99b47dd10cbe0a7477f9a36/GM12878_FAST.mRp.clN_peaks.broadPeak;f;1542680
NFCORE_ATACSEQ:ATACSEQ:MERGED_REPLICATE_CONSENSUS_PEAKS:MACS2_CONSENSUS (consensus_peaks);2850e4de85f6d51ec4dd1e9c63f3a052;/input/data/work/e2/fef7b8f91289e05cf9e5284c389d5a/GM12878_OMNI.mRp.clN_peaks.broadPeak;f;8610178
NFCORE_ATACSEQ:ATACSEQ:MERGED_REPLICATE_CONSENSUS_PEAKS:MACS2_CONSENSUS (consensus_peaks);2850e4de85f6d51ec4dd1e9c63f3a052;/input/data/work/6c/645cfe638b9efb1631915b58f4a237/GM12878_STD.mRp.clN_peaks.broadPeak;f;2481520
NFCORE_ATACSEQ:ATACSEQ:MERGED_REPLICATE_CALL_ANNOTATE_PEAKS:PLOT_MACS2_QC;d561b08514a79df77a232e12663f4100;/input/data/work/bd/e959b5e99b47dd10cbe0a7477f9a36/GM12878_FAST.mRp.clN_peaks.broadPeak;f;1542680
NFCORE_ATACSEQ:ATACSEQ:MERGED_REPLICATE_CALL_ANNOTATE_PEAKS:PLOT_MACS2_QC;d561b08514a79df77a232e12663f4100;/input/data/work/e2/fef7b8f91289e05cf9e5284c389d5a/GM12878_OMNI.mRp.clN_peaks.broadPeak;f;8610178
NFCORE_ATACSEQ:ATACSEQ:MERGED_REPLICATE_CALL_ANNOTATE_PEAKS:PLOT_MACS2_QC;d561b08514a79df77a232e12663f4100;/input/data/work/6c/645cfe638b9efb1631915b58f4a237/GM12878_STD.mRp.clN_peaks.broadPeak;f;2481520
NFCORE_ATACSEQ:ATACSEQ:MERGED_REPLICATE_CALL_ANNOTATE_PEAKS:HOMER_ANNOTATEPEAKS (GM12878_OMNI);753affb0d45cf22de76d7fbb55e49786;/input/data/work/stage-853e51d5-c24a-4499-a9b2-f0f6b87bfdd9/4d/d0234bfb2922a7eb2e9be1fb698ab0/genes.gtf;f;142063633
NFCORE_ATACSEQ:ATACSEQ:MERGED_REPLICATE_CALL_ANNOTATE_PEAKS:HOMER_ANNOTATEPEAKS (GM12878_OMNI);753affb0d45cf22de76d7fbb55e49786;/input/data/work/e2/fef7b8f91289e05cf9e5284c389d5a/GM12878_OMNI.mRp.clN_peaks.broadPeak;f;8610178
NFCORE_ATACSEQ:ATACSEQ:MERGED_REPLICATE_CALL_ANNOTATE_PEAKS:HOMER_ANNOTATEPEAKS (GM12878_OMNI);753affb0d45cf22de76d7fbb55e49786;/input/data/work/stage-853e51d5-c24a-4499-a9b2-f0f6b87bfdd9/0d/0b940686602256bbbdf5750d8540fe/genome.fa;f;3157608038
NFCORE_ATACSEQ:ATACSEQ:MERGED_REPLICATE_CONSENSUS_PEAKS:SUBREAD_FEATURECOUNTS (consensus_peaks);1484d43c83818a326d2c613075eb82a7;/input/data/work/28/50e4de85f6d51ec4dd1e9c63f3a052/consensus_peaks.mRp.clN.saf;f;4327892
NFCORE_ATACSEQ:ATACSEQ:MERGED_REPLICATE_CONSENSUS_PEAKS:SUBREAD_FEATURECOUNTS (consensus_peaks);1484d43c83818a326d2c613075eb82a7;/input/data/work/00/204e222f81616346dd98483d5c636a/GM12878_FAST_REP1.mLb.clN.sorted.bam;f;409599243
NFCORE_ATACSEQ:ATACSEQ:MERGED_REPLICATE_CONSENSUS_PEAKS:SUBREAD_FEATURECOUNTS (consensus_peaks);1484d43c83818a326d2c613075eb82a7;/input/data/work/9b/23f5103eeb9d4beaeef23d9e526514/GM12878_STD_REP2.mLb.clN.sorted.bam;f;357723522
NFCORE_ATACSEQ:ATACSEQ:MERGED_REPLICATE_CONSENSUS_PEAKS:SUBREAD_FEATURECOUNTS (consensus_peaks);1484d43c83818a326d2c613075eb82a7;/input/data/work/2c/d47c5b7ec19492e64e4b4bde8ab371/GM12878_FAST_REP2.mLb.clN.sorted.bam;f;675106045
NFCORE_ATACSEQ:ATACSEQ:MERGED_REPLICATE_CONSENSUS_PEAKS:SUBREAD_FEATURECOUNTS (consensus_peaks);1484d43c83818a326d2c613075eb82a7;/input/data/work/f6/3ef17f77f7032510a1bbbc2496b26f/GM12878_OMNI_REP1.mLb.clN.sorted.bam;f;2645936053
NFCORE_ATACSEQ:ATACSEQ:MERGED_REPLICATE_CONSENSUS_PEAKS:SUBREAD_FEATURECOUNTS (consensus_peaks);1484d43c83818a326d2c613075eb82a7;/input/data/work/71/c79d636fb9de12950fb10285b06e76/GM12878_STD_REP1.mLb.clN.sorted.bam;f;373529255
NFCORE_ATACSEQ:ATACSEQ:MERGED_REPLICATE_CONSENSUS_PEAKS:SUBREAD_FEATURECOUNTS (consensus_peaks);1484d43c83818a326d2c613075eb82a7;/input/data/work/ee/479f27bc50522fad2b19fdce431d73/GM12878_OMNI_REP2.mLb.clN.sorted.bam;f;2198736935
NFCORE_ATACSEQ:ATACSEQ:MERGED_REPLICATE_CONSENSUS_PEAKS:HOMER_ANNOTATEPEAKS (consensus_peaks);8ba918c39dfc510fabc7e78689c38914;/input/data/work/stage-853e51d5-c24a-4499-a9b2-f0f6b87bfdd9/4d/d0234bfb2922a7eb2e9be1fb698ab0/genes.gtf;f;142063633
NFCORE_ATACSEQ:ATACSEQ:MERGED_REPLICATE_CONSENSUS_PEAKS:HOMER_ANNOTATEPEAKS (consensus_peaks);8ba918c39dfc510fabc7e78689c38914;/input/data/work/28/50e4de85f6d51ec4dd1e9c63f3a052/consensus_peaks.mRp.clN.bed;f;4539650
NFCORE_ATACSEQ:ATACSEQ:MERGED_REPLICATE_CONSENSUS_PEAKS:HOMER_ANNOTATEPEAKS (consensus_peaks);8ba918c39dfc510fabc7e78689c38914;/input/data/work/stage-853e51d5-c24a-4499-a9b2-f0f6b87bfdd9/0d/0b940686602256bbbdf5750d8540fe/genome.fa;f;3157608038
NFCORE_ATACSEQ:ATACSEQ:MERGED_REPLICATE_BAM_TO_BIGWIG:UCSC_BEDGRAPHTOBIGWIG (GM12878_OMNI);ecc3ad58c1ac7d6ed514a4ee5c8377e3;/input/data/work/a4/f54b471fd593508f1f32ded704c871/GM12878_OMNI.mRp.clN.bedGraph;f;2129021893
NFCORE_ATACSEQ:ATACSEQ:MERGED_REPLICATE_BAM_TO_BIGWIG:UCSC_BEDGRAPHTOBIGWIG (GM12878_OMNI);ecc3ad58c1ac7d6ed514a4ee5c8377e3;/input/data/work/9d/c11b7c34553b376534853a5a5f49c0/genome.fa.sizes;f;376
NFCORE_ATACSEQ:ATACSEQ:MERGED_REPLICATE_CONSENSUS_PEAKS:DESEQ2_QC (consensus_peaks);617645e95be09873bba4151188464c1e;/input/atacseq/assets/multiqc/merged_replicate_deseq2_clustering_header.txt;f;625
NFCORE_ATACSEQ:ATACSEQ:MERGED_REPLICATE_CONSENSUS_PEAKS:DESEQ2_QC (consensus_peaks);617645e95be09873bba4151188464c1e;/input/data/work/14/84d43c83818a326d2c613075eb82a7/consensus_peaks.mRp.clN.featureCounts.txt;f;6418108
NFCORE_ATACSEQ:ATACSEQ:MERGED_REPLICATE_CONSENSUS_PEAKS:DESEQ2_QC (consensus_peaks);617645e95be09873bba4151188464c1e;/input/atacseq/assets/multiqc/merged_replicate_deseq2_pca_header.txt;f;529
NFCORE_ATACSEQ:ATACSEQ:MERGED_REPLICATE_CALL_ANNOTATE_PEAKS:PLOT_HOMER_ANNOTATEPEAKS;1559870cc540fef02d6e8b7dd742cfbc;/input/data/work/b9/3404822d55a3118784778492e8a80c/GM12878_FAST.mRp.clN_peaks.annotatePeaks.txt;f;2816835
NFCORE_ATACSEQ:ATACSEQ:MERGED_REPLICATE_CALL_ANNOTATE_PEAKS:PLOT_HOMER_ANNOTATEPEAKS;1559870cc540fef02d6e8b7dd742cfbc;/input/data/work/f9/8ec9c1ef4065fa13341cda4be7884a/GM12878_STD.mRp.clN_peaks.annotatePeaks.txt;f;4504786
NFCORE_ATACSEQ:ATACSEQ:MERGED_REPLICATE_CALL_ANNOTATE_PEAKS:PLOT_HOMER_ANNOTATEPEAKS;1559870cc540fef02d6e8b7dd742cfbc;/input/data/work/75/3affb0d45cf22de76d7fbb55e49786/GM12878_OMNI.mRp.clN_peaks.annotatePeaks.txt;f;15772499
NFCORE_ATACSEQ:ATACSEQ:MERGED_REPLICATE_CALL_ANNOTATE_PEAKS:PLOT_HOMER_ANNOTATEPEAKS;1559870cc540fef02d6e8b7dd742cfbc;/input/atacseq/assets/multiqc/merged_replicate_peak_annotation_header.txt;f;426
NFCORE_ATACSEQ:ATACSEQ:IGV;fb6406cf047281a5c63756cfbde82638;/input/data/work/ec/c3ad58c1ac7d6ed514a4ee5c8377e3/GM12878_OMNI.mRp.clN.bigWig;f;386867743
NFCORE_ATACSEQ:ATACSEQ:IGV;fb6406cf047281a5c63756cfbde82638;/input/data/work/f9/47361daee743a094081a12bc2bb739/consensus_peaks.mLb.clN.bed;f;4485442
NFCORE_ATACSEQ:ATACSEQ:IGV;fb6406cf047281a5c63756cfbde82638;/input/data/work/71/655dee794ad551320d48d1c72985de/GM12878_OMNI_REP1.mLb.clN_peaks.broadPeak;f;7691153
NFCORE_ATACSEQ:ATACSEQ:IGV;fb6406cf047281a5c63756cfbde82638;/input/data/work/df/ce0488d4d2dd7312d256a4e638d6ce/GM12878_OMNI_REP1.mLb.clN.bigWig;f;243860883
NFCORE_ATACSEQ:ATACSEQ:IGV;fb6406cf047281a5c63756cfbde82638;/input/data/work/a0/7057343d497235fd8e2d9866316c88/GM12878_FAST.mRp.clN.bigWig;f;125745021
NFCORE_ATACSEQ:ATACSEQ:IGV;fb6406cf047281a5c63756cfbde82638;/input/data/work/c7/9e0b5db34b6f493343ad458a14560f/GM12878_FAST_REP2.mLb.clN.bigWig;f;58227700
NFCORE_ATACSEQ:ATACSEQ:IGV;fb6406cf047281a5c63756cfbde82638;/input/data/work/e8/9159bb62b06f66199dff34baa08080/GM12878_OMNI_REP2.mLb.clN.bigWig;f;209336615
NFCORE_ATACSEQ:ATACSEQ:IGV;fb6406cf047281a5c63756cfbde82638;/input/data/work/6c/645cfe638b9efb1631915b58f4a237/GM12878_STD.mRp.clN_peaks.broadPeak;f;2481520
NFCORE_ATACSEQ:ATACSEQ:IGV;fb6406cf047281a5c63756cfbde82638;/input/data/work/28/50e4de85f6d51ec4dd1e9c63f3a052/consensus_peaks.mRp.clN.bed;f;4539650
NFCORE_ATACSEQ:ATACSEQ:IGV;fb6406cf047281a5c63756cfbde82638;/input/data/work/bd/e959b5e99b47dd10cbe0a7477f9a36/GM12878_FAST.mRp.clN_peaks.broadPeak;f;1542680
NFCORE_ATACSEQ:ATACSEQ:IGV;fb6406cf047281a5c63756cfbde82638;/input/data/work/9d/c11b7c34553b376534853a5a5f49c0/genome.fa.fai;f;783
NFCORE_ATACSEQ:ATACSEQ:IGV;fb6406cf047281a5c63756cfbde82638;/input/data/work/6f/5237261f801176a3b42be14554c3da/GM12878_STD_REP2.mLb.clN.bigWig;f;31233585
NFCORE_ATACSEQ:ATACSEQ:IGV;fb6406cf047281a5c63756cfbde82638;/input/data/work/90/d270dc13761c8509495de931319fff/GM12878_FAST_REP2.mLb.clN_peaks.broadPeak;f;834120
NFCORE_ATACSEQ:ATACSEQ:IGV;fb6406cf047281a5c63756cfbde82638;/input/data/work/78/8ae90bb1914a0de842977f772e9b3b/GM12878_FAST_REP1.mLb.clN.bigWig;f;37608041
NFCORE_ATACSEQ:ATACSEQ:IGV;fb6406cf047281a5c63756cfbde82638;/input/data/work/0a/7ef10a3c8a520c6f472a7e32d6156f/GM12878_STD.mRp.clN.bigWig;f;56463378
NFCORE_ATACSEQ:ATACSEQ:IGV;fb6406cf047281a5c63756cfbde82638;/input/data/work/6d/019e6e0db529e6df7b3575ab91f942/GM12878_STD_REP1.mLb.clN_peaks.broadPeak;f;1891025
NFCORE_ATACSEQ:ATACSEQ:IGV;fb6406cf047281a5c63756cfbde82638;/input/data/work/6a/b72d8cf36f842af73617adb832e2e1/GM12878_OMNI_REP2.mLb.clN_peaks.broadPeak;f;7420254
NFCORE_ATACSEQ:ATACSEQ:IGV;fb6406cf047281a5c63756cfbde82638;/input/data/work/stage-853e51d5-c24a-4499-a9b2-f0f6b87bfdd9/0d/0b940686602256bbbdf5750d8540fe/genome.fa;f;3157608038
NFCORE_ATACSEQ:ATACSEQ:IGV;fb6406cf047281a5c63756cfbde82638;/input/data/work/a3/c387cd7aede2c4d25573541e286518/GM12878_STD_REP2.mLb.clN_peaks.broadPeak;f;1899967
NFCORE_ATACSEQ:ATACSEQ:IGV;fb6406cf047281a5c63756cfbde82638;/input/data/work/59/228f546ccbb0c412e3e5740a7c9ea6/GM12878_STD_REP1.mLb.clN.bigWig;f;32403071
NFCORE_ATACSEQ:ATACSEQ:IGV;fb6406cf047281a5c63756cfbde82638;/input/data/work/30/e1b90e81336c1e4954bd91f35abd43/GM12878_FAST_REP1.mLb.clN_peaks.broadPeak;f;288233
NFCORE_ATACSEQ:ATACSEQ:IGV;fb6406cf047281a5c63756cfbde82638;/input/data/work/e2/fef7b8f91289e05cf9e5284c389d5a/GM12878_OMNI.mRp.clN_peaks.broadPeak;f;8610178
NFCORE_ATACSEQ:ATACSEQ:CUSTOM_DUMPSOFTWAREVERSIONS (1);3ebcf6f562e871c4db4ecc9e971b5854;/input/data/work/tmp/8a/6e42c2dcb40f79b42d6b5cb35b0b89/collated_versions.yml;f;10652
NFCORE_ATACSEQ:ATACSEQ:MERGED_REPLICATE_CALL_ANNOTATE_PEAKS:MULTIQC_CUSTOM_PEAKS (GM12878_OMNI);3a37490cc847bd3f1f70d26d56427d45;/input/atacseq/assets/multiqc/merged_replicate_frip_score_header.txt;f;559
NFCORE_ATACSEQ:ATACSEQ:MERGED_REPLICATE_CALL_ANNOTATE_PEAKS:MULTIQC_CUSTOM_PEAKS (GM12878_OMNI);3a37490cc847bd3f1f70d26d56427d45;/input/atacseq/assets/multiqc/merged_replicate_peak_count_header.txt;f;348
NFCORE_ATACSEQ:ATACSEQ:MERGED_REPLICATE_CALL_ANNOTATE_PEAKS:MULTIQC_CUSTOM_PEAKS (GM12878_OMNI);3a37490cc847bd3f1f70d26d56427d45;/input/data/work/e2/fef7b8f91289e05cf9e5284c389d5a/GM12878_OMNI.mRp.clN_peaks.broadPeak;f;8610178
NFCORE_ATACSEQ:ATACSEQ:MERGED_REPLICATE_CALL_ANNOTATE_PEAKS:MULTIQC_CUSTOM_PEAKS (GM12878_OMNI);3a37490cc847bd3f1f70d26d56427d45;/input/data/work/6e/c4c344611211099f985b0acc6dce6e/GM12878_OMNI.FRiP.txt;f;22
NFCORE_ATACSEQ:ATACSEQ:MULTIQC (1);d79f2ef465e465a0a52de80a1025a2bc;/input/data/work/28/59c793fdac3f86ccb307734d2cce1f/GM12878_OMNI.mRp.clN.sorted.bam.flagstat;f;526
NFCORE_ATACSEQ:ATACSEQ:MULTIQC (1);d79f2ef465e465a0a52de80a1025a2bc;/input/data/work/8d/91a64d4112d49297d49601a11a0511/GM12878_FAST_REP1.mLb.clN.sorted.bam.stats;f;61022
NFCORE_ATACSEQ:ATACSEQ:MULTIQC (1);d79f2ef465e465a0a52de80a1025a2bc;/input/data/work/c9/ab661f42d3465fc352f4ac7940ced0/GM12878_STD_REP2.mLb.clN.CollectMultipleMetrics.insert_size_metrics;f;8452
NFCORE_ATACSEQ:ATACSEQ:MULTIQC (1);d79f2ef465e465a0a52de80a1025a2bc;/input/data/work/bd/d8b42f2deac0d861a6087b558a0520/GM12878_OMNI_REP1.mLb.mkD.sorted.bam.flagstat;f;544
NFCORE_ATACSEQ:ATACSEQ:MULTIQC (1);d79f2ef465e465a0a52de80a1025a2bc;/input/data/work/2c/d81f79ad6b3c91505e0fdf43844fa6/GM12878_OMNI_REP1.mLb.clN.sorted.bam.flagstat;f;519
NFCORE_ATACSEQ:ATACSEQ:MULTIQC (1);d79f2ef465e465a0a52de80a1025a2bc;/input/data/work/a3/10011413ee38889f0507157d732e68/GM12878_OMNI_REP2_T1_1.fastq.gz_trimming_report.txt;f;3695
NFCORE_ATACSEQ:ATACSEQ:MULTIQC (1);d79f2ef465e465a0a52de80a1025a2bc;/input/data/work/07/48efe8153798dd26a45d64b40a769f/GM12878_FAST_REP2_T1.Lb.sorted.bam.stats;f;81584
NFCORE_ATACSEQ:ATACSEQ:MULTIQC (1);d79f2ef465e465a0a52de80a1025a2bc;/input/data/work/70/6964b0e3e9dac9e094f44b46b4b385/GM12878_FAST_REP1_T1.Lb.sorted.bam.flagstat;f;527
NFCORE_ATACSEQ:ATACSEQ:MULTIQC (1);d79f2ef465e465a0a52de80a1025a2bc;/input/data/work/f7/cd23eab9e1239d83d412edb95b7e17/GM12878_OMNI_REP1.mLb.clN.sorted.bam.idxstats;f;624
NFCORE_ATACSEQ:ATACSEQ:MULTIQC (1);d79f2ef465e465a0a52de80a1025a2bc;/input/data/work/f4/35de6f7ef7c1b6c0fa6b0580693e39/GM12878_FAST_REP2_T1_1.fastq.gz_trimming_report.txt;f;3599
NFCORE_ATACSEQ:ATACSEQ:MULTIQC (1);d79f2ef465e465a0a52de80a1025a2bc;/input/data/work/05/2da6ce2026143fc82c1879f2e19af0/GM12878_OMNI_REP1_T1_2.fastq.gz_trimming_report.txt;f;3917
NFCORE_ATACSEQ:ATACSEQ:MULTIQC (1);d79f2ef465e465a0a52de80a1025a2bc;/input/data/work/fb/42863a52d7695ef9e616e6c55a3076/GM12878_STD_REP2.mLb.mkD.sorted.MarkDuplicates.metrics.txt;f;20277
NFCORE_ATACSEQ:ATACSEQ:MULTIQC (1);d79f2ef465e465a0a52de80a1025a2bc;/input/data/work/b5/765275d29525121740b490c5131e1d/GM12878_FAST_REP1.mLb.clN_peaks.FRiP_mqc.tsv;f;587
NFCORE_ATACSEQ:ATACSEQ:MULTIQC (1);d79f2ef465e465a0a52de80a1025a2bc;/input/data/work/97/adf75becfb055bfdcd3e7e9409e422/GM12878_STD.mRp.clN_peaks.count_mqc.tsv;f;380
NFCORE_ATACSEQ:ATACSEQ:MULTIQC (1);d79f2ef465e465a0a52de80a1025a2bc;/input/data/work/60/ec97df1aed7086d1e29e26640edf06/GM12878_STD_REP1.mLb.mkD.sorted.bam.stats;f;79615
NFCORE_ATACSEQ:ATACSEQ:MULTIQC (1);d79f2ef465e465a0a52de80a1025a2bc;/input/data/work/16/8c6ee04906e7a8aad4a63e5488d8ff/GM12878_OMNI_REP1.mLb.clN.plotFingerprint.raw.txt;f;1565565
NFCORE_ATACSEQ:ATACSEQ:MULTIQC (1);d79f2ef465e465a0a52de80a1025a2bc;/input/data/work/08/5bd05b32c51f4982ae0c39784a636c/GM12878_FAST_REP1_T1_2.fastq.gz_trimming_report.txt;f;3744
NFCORE_ATACSEQ:ATACSEQ:MULTIQC (1);d79f2ef465e465a0a52de80a1025a2bc;/input/data/work/97/adf75becfb055bfdcd3e7e9409e422/GM12878_STD.mRp.clN_peaks.FRiP_mqc.tsv;f;580
NFCORE_ATACSEQ:ATACSEQ:MULTIQC (1);d79f2ef465e465a0a52de80a1025a2bc;/input/data/work/3f/713f3991bf813467b36732a20ff7ec/GM12878_OMNI_REP2_T1.Lb.sorted.bam.idxstats;f;732
NFCORE_ATACSEQ:ATACSEQ:MULTIQC (1);d79f2ef465e465a0a52de80a1025a2bc;/input/data/work/94/acbc4035fd79d8bac8f6ec158e1a95/GM12878_FAST_REP1_T1.Lb.sorted.bam.idxstats;f;670
NFCORE_ATACSEQ:ATACSEQ:MULTIQC (1);d79f2ef465e465a0a52de80a1025a2bc;/input/data/work/5e/3014913db9702948bbfb5a625d9917/GM12878_FAST_REP2.mLb.clN.reference_point.plotProfile.tab;f;18960
NFCORE_ATACSEQ:ATACSEQ:MULTIQC (1);d79f2ef465e465a0a52de80a1025a2bc;/input/data/work/a3/10011413ee38889f0507157d732e68/GM12878_OMNI_REP2_T1_2_val_2_fastqc.zip;f;351392
NFCORE_ATACSEQ:ATACSEQ:MULTIQC (1);d79f2ef465e465a0a52de80a1025a2bc;/input/data/work/eb/6794e37b64ad64cd6c61175dc79e7f/GM12878_OMNI_REP2.mLb.mkD.sorted.MarkDuplicates.metrics.txt;f;4063
NFCORE_ATACSEQ:ATACSEQ:MULTIQC (1);d79f2ef465e465a0a52de80a1025a2bc;/input/data/work/05/2da6ce2026143fc82c1879f2e19af0/GM12878_OMNI_REP1_T1_1.fastq.gz_trimming_report.txt;f;3706
NFCORE_ATACSEQ:ATACSEQ:MULTIQC (1);d79f2ef465e465a0a52de80a1025a2bc;/input/data/work/66/f512193ad4c45a6918f1dff25eefb9/GM12878_OMNI_REP2.mLb.mkD.sorted.bam.idxstats;f;732
NFCORE_ATACSEQ:ATACSEQ:MULTIQC (1);d79f2ef465e465a0a52de80a1025a2bc;/input/data/work/5e/79b1ce327caf01461cdbc5e92b1f1d/consensus_peaks.mLb.clN.sample.dists_mqc.tsv;f;1378
NFCORE_ATACSEQ:ATACSEQ:MULTIQC (1);d79f2ef465e465a0a52de80a1025a2bc;/input/data/work/15/7ed2ec308bd1cbcd3c5f2552622531/GM12878_STD_REP1_T1.Lb.sorted.bam.flagstat;f;530
NFCORE_ATACSEQ:ATACSEQ:MULTIQC (1);d79f2ef465e465a0a52de80a1025a2bc;/input/data/work/0b/088e9d8046b7474e586e6311597cb9/GM12878_STD_REP1_T1_1_fastqc.zip;f;363594
NFCORE_ATACSEQ:ATACSEQ:MULTIQC (1);d79f2ef465e465a0a52de80a1025a2bc;/input/data/work/63/d61c507b80a25f877e668b1270b82c/GM12878_FAST_REP1_T1.Lb.sorted.bam.stats;f;80690
NFCORE_ATACSEQ:ATACSEQ:MULTIQC (1);d79f2ef465e465a0a52de80a1025a2bc;/input/data/work/7d/f7eee8382f4c03b57bf86087503f87/GM12878_OMNI_REP1.mLb.clN_peaks.FRiP_mqc.tsv;f;586
NFCORE_ATACSEQ:ATACSEQ:MULTIQC (1);d79f2ef465e465a0a52de80a1025a2bc;/input/data/work/9a/24545c3f57f766b60cda233da40fc2/GM12878_OMNI_REP2.mLb.clN.CollectMultipleMetrics.insert_size_metrics;f;12787
NFCORE_ATACSEQ:ATACSEQ:MULTIQC (1);d79f2ef465e465a0a52de80a1025a2bc;/input/data/work/33/2c792e5319779d9b23388af32d2b04/GM12878_STD_REP1_T1_2_val_2_fastqc.zip;f;348536
NFCORE_ATACSEQ:ATACSEQ:MULTIQC (1);d79f2ef465e465a0a52de80a1025a2bc;/input/data/work/bb/8013543a19c7950c89816b55167a2e/GM12878_STD_REP2_T1.Lb.sorted.bam.stats;f;79660
NFCORE_ATACSEQ:ATACSEQ:MULTIQC (1);d79f2ef465e465a0a52de80a1025a2bc;/input/data/work/7d/f7eee8382f4c03b57bf86087503f87/GM12878_OMNI_REP1.mLb.clN_peaks.count_mqc.tsv;f;386
NFCORE_ATACSEQ:ATACSEQ:MULTIQC (1);d79f2ef465e465a0a52de80a1025a2bc;/input/data/work/d7/bf6d59e3bdeacf9b492908cd6c870b/GM12878_OMNI_REP2_T1_1_fastqc.zip;f;358713
NFCORE_ATACSEQ:ATACSEQ:MULTIQC (1);d79f2ef465e465a0a52de80a1025a2bc;/input/data/work/05/2da6ce2026143fc82c1879f2e19af0/GM12878_OMNI_REP1_T1_2_val_2_fastqc.zip;f;346767
NFCORE_ATACSEQ:ATACSEQ:MULTIQC (1);d79f2ef465e465a0a52de80a1025a2bc;/input/data/work/73/2a295a782788d84711725991cb2a99/GM12878_STD_REP1_T1.Lb.sorted.bam.idxstats;f;683
NFCORE_ATACSEQ:ATACSEQ:MULTIQC (1);d79f2ef465e465a0a52de80a1025a2bc;/input/data/work/b5/027655e25b15455b11539f98c5f277/GM12878_OMNI_REP2.mLb.mkD.sorted.bam.flagstat;f;544
NFCORE_ATACSEQ:ATACSEQ:MULTIQC (1);d79f2ef465e465a0a52de80a1025a2bc;/input/data/work/15/e14d8a496a413f34847fec19827a23/GM12878_OMNI_REP1.mLb.clN.CollectMultipleMetrics.quality_by_cycle_metrics;f;2891
NFCORE_ATACSEQ:ATACSEQ:MULTIQC (1);d79f2ef465e465a0a52de80a1025a2bc;/input/data/work/3f/92be10c77b647ebeab764e3c2d0599/GM12878_FAST_REP1.mLb.clN.plotFingerprint.raw.txt;f;845681
NFCORE_ATACSEQ:ATACSEQ:MULTIQC (1);d79f2ef465e465a0a52de80a1025a2bc;/input/data/work/b9/2c358883a7e08292914c4405128ac5/GM12878_OMNI_REP1.mLb.clN.reference_point.plotProfile.tab;f;18696
NFCORE_ATACSEQ:ATACSEQ:MULTIQC (1);d79f2ef465e465a0a52de80a1025a2bc;/input/data/work/11/589bd6dff038e8e1a934f72c8ed898/GM12878_OMNI_REP2.mLb.clN.sorted.bam.stats;f;80083
NFCORE_ATACSEQ:ATACSEQ:MULTIQC (1);d79f2ef465e465a0a52de80a1025a2bc;/input/data/work/71/22c9dd788d83edeb09004781d83f38/GM12878_FAST_REP1_T1_2_fastqc.zip;f;344178
NFCORE_ATACSEQ:ATACSEQ:MULTIQC (1);d79f2ef465e465a0a52de80a1025a2bc;/input/data/work/6f/8745ab7f7f37535ed247f125ed7256/GM12878_STD_REP2_T1_2_val_2_fastqc.zip;f;349752
NFCORE_ATACSEQ:ATACSEQ:MULTIQC (1);d79f2ef465e465a0a52de80a1025a2bc;/input/data/work/a3/10011413ee38889f0507157d732e68/GM12878_OMNI_REP2_T1_2.fastq.gz_trimming_report.txt;f;3907
NFCORE_ATACSEQ:ATACSEQ:MULTIQC (1);d79f2ef465e465a0a52de80a1025a2bc;/input/data/work/da/047e6342a5c849ceb1db6651ea9c7c/GM12878_STD_REP1.mLb.clN.sorted.bam.idxstats;f;600
NFCORE_ATACSEQ:ATACSEQ:MULTIQC (1);d79f2ef465e465a0a52de80a1025a2bc;/input/data/work/a1/36f005dfb6c80921decc822d1c6f67/GM12878_STD_REP2.mLb.clN.reference_point.plotProfile.tab;f;18976
NFCORE_ATACSEQ:ATACSEQ:MULTIQC (1);d79f2ef465e465a0a52de80a1025a2bc;/input/data/work/55/93c4786f640bf5c62e513f6883b23b/consensus_peaks.mLb.clN.featureCounts.txt.summary;f;795
NFCORE_ATACSEQ:ATACSEQ:MULTIQC (1);d79f2ef465e465a0a52de80a1025a2bc;/input/data/work/c9/ab661f42d3465fc352f4ac7940ced0/GM12878_STD_REP2.mLb.clN.CollectMultipleMetrics.quality_distribution_metrics;f;950
NFCORE_ATACSEQ:ATACSEQ:MULTIQC (1);d79f2ef465e465a0a52de80a1025a2bc;/input/data/work/34/ff0d1a3fd72e8824ee5a40fb0166e9/GM12878_OMNI_REP1.mLb.mkD.sorted.bam.stats;f;91883
NFCORE_ATACSEQ:ATACSEQ:MULTIQC (1);d79f2ef465e465a0a52de80a1025a2bc;/input/data/work/85/b0e20ccdbf47777049c5491c6364da/GM12878_OMNI_REP2.mLb.clN.sorted.bam.flagstat;f;519
NFCORE_ATACSEQ:ATACSEQ:MULTIQC (1);d79f2ef465e465a0a52de80a1025a2bc;/input/data/work/9a/24545c3f57f766b60cda233da40fc2/GM12878_OMNI_REP2.mLb.clN.CollectMultipleMetrics.quality_by_cycle_metrics;f;2888
NFCORE_ATACSEQ:ATACSEQ:MULTIQC (1);d79f2ef465e465a0a52de80a1025a2bc;/input/data/work/d4/826e185a28fcbd621fbd44cacc88c4/GM12878_OMNI_REP2_T1.Lb.sorted.bam.flagstat;f;532
NFCORE_ATACSEQ:ATACSEQ:MULTIQC (1);d79f2ef465e465a0a52de80a1025a2bc;/input/data/work/9f/cce7f2253dc5941cea8fe9f768d75e/GM12878_STD_REP2_T1.Lb.sorted.bam.idxstats;f;682
NFCORE_ATACSEQ:ATACSEQ:MULTIQC (1);d79f2ef465e465a0a52de80a1025a2bc;/input/data/work/46/ad916858e1eed05550e2e8921887df/GM12878_FAST_REP1.mLb.clN.CollectMultipleMetrics.quality_by_cycle_metrics;f;2894
NFCORE_ATACSEQ:ATACSEQ:MULTIQC (1);d79f2ef465e465a0a52de80a1025a2bc;/input/data/work/7c/eab6a3300b873e2abd99a1093355df/GM12878_FAST.mRp.clN.sorted.bam.stats;f;65170
NFCORE_ATACSEQ:ATACSEQ:MULTIQC (1);d79f2ef465e465a0a52de80a1025a2bc;/input/data/work/71/22c9dd788d83edeb09004781d83f38/GM12878_FAST_REP1_T1_1_fastqc.zip;f;341056
NFCORE_ATACSEQ:ATACSEQ:MULTIQC (1);d79f2ef465e465a0a52de80a1025a2bc;/input/data/work/f6/14b2dd6638d9d59efe516e22670cfa/GM12878_OMNI_REP1.mLb.clN.sorted.bam.stats;f;82131
NFCORE_ATACSEQ:ATACSEQ:MULTIQC (1);d79f2ef465e465a0a52de80a1025a2bc;/input/data/work/b5/765275d29525121740b490c5131e1d/GM12878_FAST_REP1.mLb.clN_peaks.count_mqc.tsv;f;385
NFCORE_ATACSEQ:ATACSEQ:MULTIQC (1);d79f2ef465e465a0a52de80a1025a2bc;/input/data/work/cd/edffebc93c00252e0c98b2e6a00667/GM12878_FAST.mRp.clN_peaks.FRiP_mqc.tsv;f;582
NFCORE_ATACSEQ:ATACSEQ:MULTIQC (1);d79f2ef465e465a0a52de80a1025a2bc;/input/data/work/87/91777ba6d16d9c1b5a7f0779b4acb2/GM12878_FAST_REP2_T1_2_fastqc.zip;f;350275
NFCORE_ATACSEQ:ATACSEQ:MULTIQC (1);d79f2ef465e465a0a52de80a1025a2bc;/input/data/work/ee/a11ba1b0ea267708b7a8ae7d2e3329/GM12878_OMNI_REP1_T1.Lb.sorted.bam.flagstat;f;532
NFCORE_ATACSEQ:ATACSEQ:MULTIQC (1);d79f2ef465e465a0a52de80a1025a2bc;/input/data/work/27/84285490ba8ff229c187fe3dde1823/GM12878_STD_REP1.mLb.clN.sorted.bam.stats;f;63696
NFCORE_ATACSEQ:ATACSEQ:MULTIQC (1);d79f2ef465e465a0a52de80a1025a2bc;/input/data/work/08/5bd05b32c51f4982ae0c39784a636c/GM12878_FAST_REP1_T1_1_val_1_fastqc.zip;f;332240
NFCORE_ATACSEQ:ATACSEQ:MULTIQC (1);d79f2ef465e465a0a52de80a1025a2bc;/input/data/work/c9/ab661f42d3465fc352f4ac7940ced0/GM12878_STD_REP2.mLb.clN.CollectMultipleMetrics.quality_by_cycle_metrics;f;2891
NFCORE_ATACSEQ:ATACSEQ:MULTIQC (1);d79f2ef465e465a0a52de80a1025a2bc;/input/data/work/55/ff2a3a8a4bd1eca875376e8cb27383/GM12878_STD_REP1.mLb.clN.CollectMultipleMetrics.quality_distribution_metrics;f;950
NFCORE_ATACSEQ:ATACSEQ:MULTIQC (1);d79f2ef465e465a0a52de80a1025a2bc;/input/data/work/de/10a7e9331c40fea15281e1bc402e4b/GM12878_FAST_REP2.mLb.clN.plotFingerprint.raw.txt;f;1137110
NFCORE_ATACSEQ:ATACSEQ:MULTIQC (1);d79f2ef465e465a0a52de80a1025a2bc;/input/data/work/33/2c792e5319779d9b23388af32d2b04/GM12878_STD_REP1_T1_2.fastq.gz_trimming_report.txt;f;3911
NFCORE_ATACSEQ:ATACSEQ:MULTIQC (1);d79f2ef465e465a0a52de80a1025a2bc;/input/data/work/0f/76bac061a811228a3e4af901448efc/GM12878_STD_REP2.mLb.mkD.sorted.bam.stats;f;79642
NFCORE_ATACSEQ:ATACSEQ:MULTIQC (1);d79f2ef465e465a0a52de80a1025a2bc;/input/data/work/9a/24545c3f57f766b60cda233da40fc2/GM12878_OMNI_REP2.mLb.clN.CollectMultipleMetrics.base_distribution_by_cycle_metrics;f;8610
NFCORE_ATACSEQ:ATACSEQ:MULTIQC (1);d79f2ef465e465a0a52de80a1025a2bc;/input/data/work/37/336f1a9d57c2a3acfa10532b0c7544/GM12878_OMNI_REP2.mLb.clN.plotFingerprint.raw.txt;f;1462131
NFCORE_ATACSEQ:ATACSEQ:MULTIQC (1);d79f2ef465e465a0a52de80a1025a2bc;/input/data/work/15/e14d8a496a413f34847fec19827a23/GM12878_OMNI_REP1.mLb.clN.CollectMultipleMetrics.quality_distribution_metrics;f;967
NFCORE_ATACSEQ:ATACSEQ:MULTIQC (1);d79f2ef465e465a0a52de80a1025a2bc;/input/data/work/b6/eddeb1fb9e939273d5ac8a29f6e031/GM12878_OMNI.mRp.clN.sorted.MarkDuplicates.metrics.txt;f;1893
NFCORE_ATACSEQ:ATACSEQ:MULTIQC (1);d79f2ef465e465a0a52de80a1025a2bc;/input/data/work/08/5bd05b32c51f4982ae0c39784a636c/GM12878_FAST_REP1_T1_1.fastq.gz_trimming_report.txt;f;3536
NFCORE_ATACSEQ:ATACSEQ:MULTIQC (1);d79f2ef465e465a0a52de80a1025a2bc;/input/data/work/3a/37490cc847bd3f1f70d26d56427d45/GM12878_OMNI.mRp.clN_peaks.FRiP_mqc.tsv;f;581
NFCORE_ATACSEQ:ATACSEQ:MULTIQC (1);d79f2ef465e465a0a52de80a1025a2bc;/input/data/work/68/33e65991f820c077eaa327d2bc91ad/GM12878_STD_REP2_T1_2_fastqc.zip;f;360525
NFCORE_ATACSEQ:ATACSEQ:MULTIQC (1);d79f2ef465e465a0a52de80a1025a2bc;/input/data/work/tmp/cc/93831b5a75fd9b9e0cd250f6251e36/workflow_summary_mqc.yaml;f;2458
NFCORE_ATACSEQ:ATACSEQ:MULTIQC (1);d79f2ef465e465a0a52de80a1025a2bc;/input/data/work/05/2da6ce2026143fc82c1879f2e19af0/GM12878_OMNI_REP1_T1_1_val_1_fastqc.zip;f;348269
NFCORE_ATACSEQ:ATACSEQ:MULTIQC (1);d79f2ef465e465a0a52de80a1025a2bc;/input/data/work/01/0580c368f47465b1267efad3b63e88/GM12878_OMNI_REP2.mLb.clN_peaks.count_mqc.tsv;f;386
NFCORE_ATACSEQ:ATACSEQ:MULTIQC (1);d79f2ef465e465a0a52de80a1025a2bc;/input/data/work/2e/79970fdd0bef3e0c8d6f3d8787880b/GM12878_OMNI.mRp.clN.sorted.bam.idxstats;f;625
NFCORE_ATACSEQ:ATACSEQ:MULTIQC (1);d79f2ef465e465a0a52de80a1025a2bc;/input/data/work/0d/80727dd0ba98f67d4f77c689d719e3/GM12878_STD_REP1.mLb.mkD.sorted.bam.flagstat;f;544
NFCORE_ATACSEQ:ATACSEQ:MULTIQC (1);d79f2ef465e465a0a52de80a1025a2bc;/input/atacseq/assets/multiqc_config.yml;f;5449
NFCORE_ATACSEQ:ATACSEQ:MULTIQC (1);d79f2ef465e465a0a52de80a1025a2bc;/input/data/work/9a/24545c3f57f766b60cda233da40fc2/GM12878_OMNI_REP2.mLb.clN.CollectMultipleMetrics.quality_distribution_metrics;f;967
NFCORE_ATACSEQ:ATACSEQ:MULTIQC (1);d79f2ef465e465a0a52de80a1025a2bc;/input/data/work/e3/9cc02047a66fe21a20eea27ba4711e/GM12878_STD_REP2.mLb.clN_peaks.count_mqc.tsv;f;385
NFCORE_ATACSEQ:ATACSEQ:MULTIQC (1);d79f2ef465e465a0a52de80a1025a2bc;/input/data/work/15/59870cc540fef02d6e8b7dd742cfbc/macs2_annotatePeaks.mRp.clN.summary_mqc.tsv;f;587
NFCORE_ATACSEQ:ATACSEQ:MULTIQC (1);d79f2ef465e465a0a52de80a1025a2bc;/input/data/work/68/33e65991f820c077eaa327d2bc91ad/GM12878_STD_REP2_T1_1_fastqc.zip;f;353639
NFCORE_ATACSEQ:ATACSEQ:MULTIQC (1);d79f2ef465e465a0a52de80a1025a2bc;/input/data/work/46/ad916858e1eed05550e2e8921887df/GM12878_FAST_REP1.mLb.clN.CollectMultipleMetrics.base_distribution_by_cycle_metrics;f;8536
NFCORE_ATACSEQ:ATACSEQ:MULTIQC (1);d79f2ef465e465a0a52de80a1025a2bc;/input/data/work/f4/35de6f7ef7c1b6c0fa6b0580693e39/GM12878_FAST_REP2_T1_2.fastq.gz_trimming_report.txt;f;3802
NFCORE_ATACSEQ:ATACSEQ:MULTIQC (1);d79f2ef465e465a0a52de80a1025a2bc;/input/data/work/6f/8745ab7f7f37535ed247f125ed7256/GM12878_STD_REP2_T1_1_val_1_fastqc.zip;f;347710
NFCORE_ATACSEQ:ATACSEQ:MULTIQC (1);d79f2ef465e465a0a52de80a1025a2bc;/input/data/work/5e/79b1ce327caf01461cdbc5e92b1f1d/consensus_peaks.mLb.clN.pca.vals_mqc.tsv;f;927
NFCORE_ATACSEQ:ATACSEQ:MULTIQC (1);d79f2ef465e465a0a52de80a1025a2bc;/input/data/work/f2/e027d1fe109aa0d0a8b078a0b92b71/GM12878_FAST_REP1.mLb.clN.reference_point.plotProfile.tab;f;18969
NFCORE_ATACSEQ:ATACSEQ:MULTIQC (1);d79f2ef465e465a0a52de80a1025a2bc;/input/data/work/55/ff2a3a8a4bd1eca875376e8cb27383/GM12878_STD_REP1.mLb.clN.CollectMultipleMetrics.alignment_summary_metrics;f;3017
NFCORE_ATACSEQ:ATACSEQ:MULTIQC (1);d79f2ef465e465a0a52de80a1025a2bc;/input/data/work/0b/088e9d8046b7474e586e6311597cb9/GM12878_STD_REP1_T1_2_fastqc.zip;f;361329
NFCORE_ATACSEQ:ATACSEQ:MULTIQC (1);d79f2ef465e465a0a52de80a1025a2bc;/input/data/work/10/1f5fe17f2dcd3e2fb0424b4eba14c7/GM12878_FAST_REP2.mLb.clN.sorted.bam.idxstats;f;604
NFCORE_ATACSEQ:ATACSEQ:MULTIQC (1);d79f2ef465e465a0a52de80a1025a2bc;/input/data/work/e2/b252dfa9bf79b0c47e58745c99b315/GM12878_FAST_REP2.mLb.clN.CollectMultipleMetrics.quality_distribution_metrics;f;952
NFCORE_ATACSEQ:ATACSEQ:MULTIQC (1);d79f2ef465e465a0a52de80a1025a2bc;/input/data/work/7c/768c7a859ddbf934b841b09727ce45/GM12878_FAST_REP2.mLb.clN_peaks.count_mqc.tsv;f;385
NFCORE_ATACSEQ:ATACSEQ:MULTIQC (1);d79f2ef465e465a0a52de80a1025a2bc;/input/data/work/f4/35de6f7ef7c1b6c0fa6b0580693e39/GM12878_FAST_REP2_T1_2_val_2_fastqc.zip;f;335313
NFCORE_ATACSEQ:ATACSEQ:MULTIQC (1);d79f2ef465e465a0a52de80a1025a2bc;/input/data/work/fa/07d6274114fe944ad07ff20456f034/GM12878_STD_REP2.mLb.clN.sorted.bam.flagstat;f;510
NFCORE_ATACSEQ:ATACSEQ:MULTIQC (1);d79f2ef465e465a0a52de80a1025a2bc;/input/data/work/55/ff2a3a8a4bd1eca875376e8cb27383/GM12878_STD_REP1.mLb.clN.CollectMultipleMetrics.insert_size_metrics;f;8289
NFCORE_ATACSEQ:ATACSEQ:MULTIQC (1);d79f2ef465e465a0a52de80a1025a2bc;/input/data/work/f0/86542033c6360df02e4a85e3d134b2/GM12878_FAST_REP2.mLb.mkD.sorted.bam.idxstats;f;686
NFCORE_ATACSEQ:ATACSEQ:MULTIQC (1);d79f2ef465e465a0a52de80a1025a2bc;/input/data/work/46/ad916858e1eed05550e2e8921887df/GM12878_FAST_REP1.mLb.clN.CollectMultipleMetrics.quality_distribution_metrics;f;952
NFCORE_ATACSEQ:ATACSEQ:MULTIQC (1);d79f2ef465e465a0a52de80a1025a2bc;/input/data/work/08/5bd05b32c51f4982ae0c39784a636c/GM12878_FAST_REP1_T1_2_val_2_fastqc.zip;f;338943
NFCORE_ATACSEQ:ATACSEQ:MULTIQC (1);d79f2ef465e465a0a52de80a1025a2bc;/input/data/work/44/a05af23ef15a369ab3efc643343cd4/GM12878_OMNI_REP2_T1.Lb.sorted.bam.stats;f;90927
NFCORE_ATACSEQ:ATACSEQ:MULTIQC (1);d79f2ef465e465a0a52de80a1025a2bc;/input/data/work/b3/efad7c8d98cd19efac98959ceee6dd/GM12878_STD_REP2.mLb.clN.sorted.bam.idxstats;f;600
NFCORE_ATACSEQ:ATACSEQ:MULTIQC (1);d79f2ef465e465a0a52de80a1025a2bc;/input/data/work/a2/1c0c0ff4467e1e9563485a80130b89/GM12878_FAST.mRp.clN.sorted.bam.idxstats;f;610
NFCORE_ATACSEQ:ATACSEQ:MULTIQC (1);d79f2ef465e465a0a52de80a1025a2bc;/input/data/work/3c/21a6f4a3b5b05bb8607b00bd9bfd5e/GM12878_FAST_REP2.mLb.clN.sorted.bam.flagstat;f;517
NFCORE_ATACSEQ:ATACSEQ:MULTIQC (1);d79f2ef465e465a0a52de80a1025a2bc;/input/data/work/55/ff2a3a8a4bd1eca875376e8cb27383/GM12878_STD_REP1.mLb.clN.CollectMultipleMetrics.base_distribution_by_cycle_metrics;f;8407
NFCORE_ATACSEQ:ATACSEQ:MULTIQC (1);d79f2ef465e465a0a52de80a1025a2bc;/input/data/work/36/7eb70669ee5aa3f3767caa6797a9c6/GM12878_OMNI_REP2.mLb.clN.reference_point.plotProfile.tab;f;18709
NFCORE_ATACSEQ:ATACSEQ:MULTIQC (1);d79f2ef465e465a0a52de80a1025a2bc;/input/data/work/dd/a72cdc89847d6740a2ebd387e92ba5/GM12878_OMNI_REP1_T1_1_fastqc.zip;f;357117
NFCORE_ATACSEQ:ATACSEQ:MULTIQC (1);d79f2ef465e465a0a52de80a1025a2bc;/input/data/work/75/93453880e1f1321ea1404c8881ee96/GM12878_STD_REP1.mLb.mkD.sorted.MarkDuplicates.metrics.txt;f;21124
NFCORE_ATACSEQ:ATACSEQ:MULTIQC (1);d79f2ef465e465a0a52de80a1025a2bc;/input/data/work/c9/ab661f42d3465fc352f4ac7940ced0/GM12878_STD_REP2.mLb.clN.CollectMultipleMetrics.base_distribution_by_cycle_metrics;f;8421
NFCORE_ATACSEQ:ATACSEQ:MULTIQC (1);d79f2ef465e465a0a52de80a1025a2bc;/input/data/work/87/91777ba6d16d9c1b5a7f0779b4acb2/GM12878_FAST_REP2_T1_1_fastqc.zip;f;347316
NFCORE_ATACSEQ:ATACSEQ:MULTIQC (1);d79f2ef465e465a0a52de80a1025a2bc;/input/data/work/d7/bf6d59e3bdeacf9b492908cd6c870b/GM12878_OMNI_REP2_T1_2_fastqc.zip;f;362681
NFCORE_ATACSEQ:ATACSEQ:MULTIQC (1);d79f2ef465e465a0a52de80a1025a2bc;/input/data/work/6f/8745ab7f7f37535ed247f125ed7256/GM12878_STD_REP2_T1_1.fastq.gz_trimming_report.txt;f;3703
NFCORE_ATACSEQ:ATACSEQ:MULTIQC (1);d79f2ef465e465a0a52de80a1025a2bc;/input/data/work/0c/9843b7973772404df58322f96f8496/GM12878_STD_REP2.mLb.mkD.sorted.bam.flagstat;f;544
NFCORE_ATACSEQ:ATACSEQ:MULTIQC (1);d79f2ef465e465a0a52de80a1025a2bc;/input/data/work/ba/d9649413142f9b3728eaa694bf4d3b/GM12878_OMNI_REP1.mLb.mkD.sorted.MarkDuplicates.metrics.txt;f;4137
NFCORE_ATACSEQ:ATACSEQ:MULTIQC (1);d79f2ef465e465a0a52de80a1025a2bc;/input/data/work/e3/9cc02047a66fe21a20eea27ba4711e/GM12878_STD_REP2.mLb.clN_peaks.FRiP_mqc.tsv;f;585
NFCORE_ATACSEQ:ATACSEQ:MULTIQC (1);d79f2ef465e465a0a52de80a1025a2bc;/input/data/work/57/db89fb648a0a20127ab5d130859664/GM12878_STD_REP1.mLb.clN_peaks.count_mqc.tsv;f;385
NFCORE_ATACSEQ:ATACSEQ:MULTIQC (1);d79f2ef465e465a0a52de80a1025a2bc;/input/data/work/f8/07f5261789a1c19d28444208a50173/GM12878_OMNI_REP1_T1.Lb.sorted.bam.stats;f;91870
NFCORE_ATACSEQ:ATACSEQ:MULTIQC (1);d79f2ef465e465a0a52de80a1025a2bc;/input/data/work/e2/b252dfa9bf79b0c47e58745c99b315/GM12878_FAST_REP2.mLb.clN.CollectMultipleMetrics.quality_by_cycle_metrics;f;2888
NFCORE_ATACSEQ:ATACSEQ:MULTIQC (1);d79f2ef465e465a0a52de80a1025a2bc;/input/data/work/8f/99bb14ff5a543068711273b9afb245/GM12878_STD.mRp.clN.sorted.bam.idxstats;f;604
NFCORE_ATACSEQ:ATACSEQ:MULTIQC (1);d79f2ef465e465a0a52de80a1025a2bc;/input/data/work/f1/8c216de6b7ff6926b4856830233fd8/GM12878_STD_REP2.mLb.clN.sorted.bam.stats;f;64190
NFCORE_ATACSEQ:ATACSEQ:MULTIQC (1);d79f2ef465e465a0a52de80a1025a2bc;/input/data/work/f2/0bba0fd68efa9929a37611ed3c9bc0/GM12878_FAST_REP1.mLb.clN.sorted.bam.flagstat;f;510
NFCORE_ATACSEQ:ATACSEQ:MULTIQC (1);d79f2ef465e465a0a52de80a1025a2bc;/input/data/work/46/ad916858e1eed05550e2e8921887df/GM12878_FAST_REP1.mLb.clN.CollectMultipleMetrics.insert_size_metrics;f;8396
NFCORE_ATACSEQ:ATACSEQ:MULTIQC (1);d79f2ef465e465a0a52de80a1025a2bc;/input/data/work/e2/b252dfa9bf79b0c47e58745c99b315/GM12878_FAST_REP2.mLb.clN.CollectMultipleMetrics.alignment_summary_metrics;f;3079
NFCORE_ATACSEQ:ATACSEQ:MULTIQC (1);d79f2ef465e465a0a52de80a1025a2bc;/input/data/work/c9/a72e53fdcba9d62de4112810c987b7/GM12878_OMNI_REP1_T1.Lb.sorted.bam.idxstats;f;733
NFCORE_ATACSEQ:ATACSEQ:MULTIQC (1);d79f2ef465e465a0a52de80a1025a2bc;/input/data/work/a7/1f22f8df238afb389743de7eb88932/macs2_annotatePeaks.mLb.clN.summary_mqc.tsv;f;725
NFCORE_ATACSEQ:ATACSEQ:MULTIQC (1);d79f2ef465e465a0a52de80a1025a2bc;/input/data/work/57/0a3f0947ecd55b2cde89d4c289ff2b/GM12878_STD.mRp.clN.sorted.MarkDuplicates.metrics.txt;f;1884
NFCORE_ATACSEQ:ATACSEQ:MULTIQC (1);d79f2ef465e465a0a52de80a1025a2bc;/input/data/work/06/d6bd96b9eed959b858cd7bfaa1b180/GM12878_FAST.mRp.clN.sorted.bam.flagstat;f;519
NFCORE_ATACSEQ:ATACSEQ:MULTIQC (1);d79f2ef465e465a0a52de80a1025a2bc;/input/data/work/15/e14d8a496a413f34847fec19827a23/GM12878_OMNI_REP1.mLb.clN.CollectMultipleMetrics.alignment_summary_metrics;f;3150
NFCORE_ATACSEQ:ATACSEQ:MULTIQC (1);d79f2ef465e465a0a52de80a1025a2bc;/input/data/work/55/ff2a3a8a4bd1eca875376e8cb27383/GM12878_STD_REP1.mLb.clN.CollectMultipleMetrics.quality_by_cycle_metrics;f;2880
NFCORE_ATACSEQ:ATACSEQ:MULTIQC (1);d79f2ef465e465a0a52de80a1025a2bc;/input/data/work/04/2905aff9b704214d39f341cc1b6e87/GM12878_FAST_REP2_T1.Lb.sorted.bam.flagstat;f;529
NFCORE_ATACSEQ:ATACSEQ:MULTIQC (1);d79f2ef465e465a0a52de80a1025a2bc;/input/data/work/f8/f47b383c0f78807c96e4cf8c6397f1/GM12878_STD_REP2_T1.Lb.sorted.bam.flagstat;f;530
NFCORE_ATACSEQ:ATACSEQ:MULTIQC (1);d79f2ef465e465a0a52de80a1025a2bc;/input/data/work/95/3e5575349abd972ecdf6083ce81fe4/GM12878_OMNI_REP2.mLb.mkD.sorted.bam.stats;f;90941
NFCORE_ATACSEQ:ATACSEQ:MULTIQC (1);d79f2ef465e465a0a52de80a1025a2bc;/input/data/work/ea/38fddbeb5652b5aef26c3b9c47da1e/GM12878_FAST_REP1.mLb.mkD.sorted.bam.flagstat;f;539
NFCORE_ATACSEQ:ATACSEQ:MULTIQC (1);d79f2ef465e465a0a52de80a1025a2bc;/input/data/work/7c/768c7a859ddbf934b841b09727ce45/GM12878_FAST_REP2.mLb.clN_peaks.FRiP_mqc.tsv;f;587
NFCORE_ATACSEQ:ATACSEQ:MULTIQC (1);d79f2ef465e465a0a52de80a1025a2bc;/input/data/work/61/7645e95be09873bba4151188464c1e/consensus_peaks.mRp.clN.pca.vals_mqc.tsv;f;923
NFCORE_ATACSEQ:ATACSEQ:MULTIQC (1);d79f2ef465e465a0a52de80a1025a2bc;/input/data/work/f4/35de6f7ef7c1b6c0fa6b0580693e39/GM12878_FAST_REP2_T1_1_val_1_fastqc.zip;f;338568
NFCORE_ATACSEQ:ATACSEQ:MULTIQC (1);d79f2ef465e465a0a52de80a1025a2bc;/input/data/work/9a/24545c3f57f766b60cda233da40fc2/GM12878_OMNI_REP2.mLb.clN.CollectMultipleMetrics.alignment_summary_metrics;f;3150
NFCORE_ATACSEQ:ATACSEQ:MULTIQC (1);d79f2ef465e465a0a52de80a1025a2bc;/input/data/work/cd/edffebc93c00252e0c98b2e6a00667/GM12878_FAST.mRp.clN_peaks.count_mqc.tsv;f;381
NFCORE_ATACSEQ:ATACSEQ:MULTIQC (1);d79f2ef465e465a0a52de80a1025a2bc;/input/data/work/33/2c792e5319779d9b23388af32d2b04/GM12878_STD_REP1_T1_1.fastq.gz_trimming_report.txt;f;3712
NFCORE_ATACSEQ:ATACSEQ:MULTIQC (1);d79f2ef465e465a0a52de80a1025a2bc;/input/data/work/80/79b4ff2d6c0d653cf2f95636a57919/GM12878_FAST.mRp.clN.sorted.MarkDuplicates.metrics.txt;f;1891
NFCORE_ATACSEQ:ATACSEQ:MULTIQC (1);d79f2ef465e465a0a52de80a1025a2bc;/input/data/work/61/7645e95be09873bba4151188464c1e/consensus_peaks.mRp.clN.sample.dists_mqc.tsv;f;1384
NFCORE_ATACSEQ:ATACSEQ:MULTIQC (1);d79f2ef465e465a0a52de80a1025a2bc;/input/data/work/0d/8eafdff65c1333809ea6d1b59be764/GM12878_STD.mRp.clN.sorted.bam.flagstat;f;517
NFCORE_ATACSEQ:ATACSEQ:MULTIQC (1);d79f2ef465e465a0a52de80a1025a2bc;/input/data/work/3e/bcf6f562e871c4db4ecc9e971b5854/software_versions_mqc.yml;f;7925
NFCORE_ATACSEQ:ATACSEQ:MULTIQC (1);d79f2ef465e465a0a52de80a1025a2bc;/input/data/work/dd/a72cdc89847d6740a2ebd387e92ba5/GM12878_OMNI_REP1_T1_2_fastqc.zip;f;363272
NFCORE_ATACSEQ:ATACSEQ:MULTIQC (1);d79f2ef465e465a0a52de80a1025a2bc;/input/data/work/c9/ab661f42d3465fc352f4ac7940ced0/GM12878_STD_REP2.mLb.clN.CollectMultipleMetrics.alignment_summary_metrics;f;3009
NFCORE_ATACSEQ:ATACSEQ:MULTIQC (1);d79f2ef465e465a0a52de80a1025a2bc;/input/data/work/e5/6d54027e24cff3b8f8f896184a3b99/GM12878_FAST_REP1.mLb.clN.sorted.bam.idxstats;f;600
NFCORE_ATACSEQ:ATACSEQ:MULTIQC (1);d79f2ef465e465a0a52de80a1025a2bc;/input/data/work/dd/81fe4f8a6319dc0f9e5362096356e6/GM12878_FAST_REP1.mLb.mkD.sorted.MarkDuplicates.metrics.txt;f;3770
NFCORE_ATACSEQ:ATACSEQ:MULTIQC (1);d79f2ef465e465a0a52de80a1025a2bc;/input/data/work/ae/b4f0dfb7f4e6bd06bebc80cafcbdf6/GM12878_STD_REP1_T1.Lb.sorted.bam.stats;f;79635
NFCORE_ATACSEQ:ATACSEQ:MULTIQC (1);d79f2ef465e465a0a52de80a1025a2bc;/input/data/work/6c/3597e97229e1bcad30baf20d0d7c15/GM12878_FAST_REP2.mLb.mkD.sorted.MarkDuplicates.metrics.txt;f;3830
NFCORE_ATACSEQ:ATACSEQ:MULTIQC (1);d79f2ef465e465a0a52de80a1025a2bc;/input/data/work/15/e14d8a496a413f34847fec19827a23/GM12878_OMNI_REP1.mLb.clN.CollectMultipleMetrics.insert_size_metrics;f;13365
NFCORE_ATACSEQ:ATACSEQ:MULTIQC (1);d79f2ef465e465a0a52de80a1025a2bc;/input/data/work/46/ad916858e1eed05550e2e8921887df/GM12878_FAST_REP1.mLb.clN.CollectMultipleMetrics.alignment_summary_metrics;f;3040
NFCORE_ATACSEQ:ATACSEQ:MULTIQC (1);d79f2ef465e465a0a52de80a1025a2bc;/input/data/work/3a/37490cc847bd3f1f70d26d56427d45/GM12878_OMNI.mRp.clN_peaks.count_mqc.tsv;f;382
NFCORE_ATACSEQ:ATACSEQ:MULTIQC (1);d79f2ef465e465a0a52de80a1025a2bc;/input/data/work/41/b4806addd349c1f9eca35c8dd96564/GM12878_STD_REP2.mLb.clN.plotFingerprint.raw.txt;f;729495
NFCORE_ATACSEQ:ATACSEQ:MULTIQC (1);d79f2ef465e465a0a52de80a1025a2bc;/input/data/work/c4/56d2b27383ce949874f33ca9cbe3d5/GM12878_OMNI_REP2.mLb.clN.sorted.bam.idxstats;f;622
NFCORE_ATACSEQ:ATACSEQ:MULTIQC (1);d79f2ef465e465a0a52de80a1025a2bc;/input/data/work/fb/8e517820b6f46a03b0014e68b2a76a/GM12878_FAST_REP2_T1.Lb.sorted.bam.idxstats;f;686
NFCORE_ATACSEQ:ATACSEQ:MULTIQC (1);d79f2ef465e465a0a52de80a1025a2bc;/input/data/work/00/43addb811e0f961385d9cb9332278f/GM12878_STD_REP2.mLb.mkD.sorted.bam.idxstats;f;682
NFCORE_ATACSEQ:ATACSEQ:MULTIQC (1);d79f2ef465e465a0a52de80a1025a2bc;/input/data/work/76/681e21a5a21269eb5d924de3369e9a/GM12878_FAST_REP1.mLb.mkD.sorted.bam.idxstats;f;670
NFCORE_ATACSEQ:ATACSEQ:MULTIQC (1);d79f2ef465e465a0a52de80a1025a2bc;/input/data/work/15/e14d8a496a413f34847fec19827a23/GM12878_OMNI_REP1.mLb.clN.CollectMultipleMetrics.base_distribution_by_cycle_metrics;f;8632
NFCORE_ATACSEQ:ATACSEQ:MULTIQC (1);d79f2ef465e465a0a52de80a1025a2bc;/input/data/work/c4/dfc737b24ece5a3b7752c060dbb80d/GM12878_STD_REP1.mLb.clN.reference_point.plotProfile.tab;f;18990
NFCORE_ATACSEQ:ATACSEQ:MULTIQC (1);d79f2ef465e465a0a52de80a1025a2bc;/input/data/work/e2/b252dfa9bf79b0c47e58745c99b315/GM12878_FAST_REP2.mLb.clN.CollectMultipleMetrics.insert_size_metrics;f;8068
NFCORE_ATACSEQ:ATACSEQ:MULTIQC (1);d79f2ef465e465a0a52de80a1025a2bc;/input/data/work/cc/7ff094f4aaacbc5b29303a867adbda/GM12878_STD_REP1.mLb.mkD.sorted.bam.idxstats;f;683
NFCORE_ATACSEQ:ATACSEQ:MULTIQC (1);d79f2ef465e465a0a52de80a1025a2bc;/input/data/work/a3/10011413ee38889f0507157d732e68/GM12878_OMNI_REP2_T1_1_val_1_fastqc.zip;f;345308
NFCORE_ATACSEQ:ATACSEQ:MULTIQC (1);d79f2ef465e465a0a52de80a1025a2bc;/input/data/work/14/84d43c83818a326d2c613075eb82a7/consensus_peaks.mRp.clN.featureCounts.txt.summary;f;795
NFCORE_ATACSEQ:ATACSEQ:MULTIQC (1);d79f2ef465e465a0a52de80a1025a2bc;/input/data/work/a6/5177f79ad60568cfd8b222c4aae1ee/GM12878_FAST_REP2.mLb.mkD.sorted.bam.flagstat;f;541
NFCORE_ATACSEQ:ATACSEQ:MULTIQC (1);d79f2ef465e465a0a52de80a1025a2bc;/input/data/work/06/2170b86a77831c36e429b5a581eec2/GM12878_OMNI_REP1.mLb.mkD.sorted.bam.idxstats;f;733
NFCORE_ATACSEQ:ATACSEQ:MULTIQC (1);d79f2ef465e465a0a52de80a1025a2bc;/input/data/work/57/db89fb648a0a20127ab5d130859664/GM12878_STD_REP1.mLb.clN_peaks.FRiP_mqc.tsv;f;585
NFCORE_ATACSEQ:ATACSEQ:MULTIQC (1);d79f2ef465e465a0a52de80a1025a2bc;/input/data/work/8b/816a0ebb21435d1fdd523851d2c3dd/GM12878_OMNI.mRp.clN.sorted.bam.stats;f;87026
NFCORE_ATACSEQ:ATACSEQ:MULTIQC (1);d79f2ef465e465a0a52de80a1025a2bc;/input/data/work/e3/f9f7a5cf5a22b87fda1628e85cb172/GM12878_STD_REP1.mLb.clN.plotFingerprint.raw.txt;f;756193
NFCORE_ATACSEQ:ATACSEQ:MULTIQC (1);d79f2ef465e465a0a52de80a1025a2bc;/input/data/work/33/2c792e5319779d9b23388af32d2b04/GM12878_STD_REP1_T1_1_val_1_fastqc.zip;f;346589
NFCORE_ATACSEQ:ATACSEQ:MULTIQC (1);d79f2ef465e465a0a52de80a1025a2bc;/input/data/work/5d/868d587bc2fbca948c8032752540ad/GM12878_FAST_REP1.mLb.mkD.sorted.bam.stats;f;80702
NFCORE_ATACSEQ:ATACSEQ:MULTIQC (1);d79f2ef465e465a0a52de80a1025a2bc;/input/data/work/6f/8745ab7f7f37535ed247f125ed7256/GM12878_STD_REP2_T1_2.fastq.gz_trimming_report.txt;f;3906
NFCORE_ATACSEQ:ATACSEQ:MULTIQC (1);d79f2ef465e465a0a52de80a1025a2bc;/input/data/work/db/55bab32477f3026db206b5803dd703/GM12878_STD_REP1.mLb.clN.sorted.bam.flagstat;f;510
NFCORE_ATACSEQ:ATACSEQ:MULTIQC (1);d79f2ef465e465a0a52de80a1025a2bc;/input/data/work/e2/b252dfa9bf79b0c47e58745c99b315/GM12878_FAST_REP2.mLb.clN.CollectMultipleMetrics.base_distribution_by_cycle_metrics;f;8505
NFCORE_ATACSEQ:ATACSEQ:MULTIQC (1);d79f2ef465e465a0a52de80a1025a2bc;/input/data/work/3f/6497d36e1d31d4fdc220a7d3a3ad4f/GM12878_FAST_REP2.mLb.clN.sorted.bam.stats;f;62804
NFCORE_ATACSEQ:ATACSEQ:MULTIQC (1);d79f2ef465e465a0a52de80a1025a2bc;/input/data/work/fc/b2982742ae2b50d11f952e0ff2e275/GM12878_STD.mRp.clN.sorted.bam.stats;f;67854
NFCORE_ATACSEQ:ATACSEQ:MULTIQC (1);d79f2ef465e465a0a52de80a1025a2bc;/input/data/work/01/0580c368f47465b1267efad3b63e88/GM12878_OMNI_REP2.mLb.clN_peaks.FRiP_mqc.tsv;f;585
NFCORE_ATACSEQ:ATACSEQ:MULTIQC (1);d79f2ef465e465a0a52de80a1025a2bc;/input/data/work/68/16e1ab0b4f7bd0d0cb13d7814bd49c/GM12878_FAST_REP2.mLb.mkD.sorted.bam.stats;f;81586
