5402208410
5402930753
5410190664
5417586164
5424862064
5432107012
5439549375
5446750734
5453768966
5461102287
5468452881
5475659808
5483147827
5490414822
5497657582
5504968641
5512121697
5519637577
5526835585
5534292606
5541845221
5549192832
5556929384
5564389970
5571797220
5579354977
5586820000
5594271161
5602022110
5609525552
5617004345
5624276771
5631542604
5638916209
5646083555
5653440025
5660938478
5668136868
5675319514
5682752224
5689992765
5697274295
5704515831
5711856786
5719258207
5726659980
5734181246
5741535390
5748854527
5756318801
5763923207
5771229048
5778977963
5786586867
5794236072
5801879079
5809360122
5817107261
5824529291
5831697402
5839486694
5846880174
5854368545
5861743741
5869071447
5876456742
5883341650
5890630539
5897949615
5905240754
5912502761
5919966576
5927396210
5934831138
5942393285
5949631225
5957127552
5964463841
5971745937
5979109338
5986403720
5993715987
6001221204
6008620635
6016274200
6023690600
6031068688
6038686314
6046189632
6053886772
6061757352
6069265812
6076895707
6084503801
6092203923
6099730835
6106772308
6114126559
6121658642
6128929355
6136562204
6143909218
6151268151
6158739768
6166434658
6174180268
6181369921
6188437772
6195964362
6203478651
6210859371
6218199760
6225702452
6233020809
6240538647
6247985769
6255354448
6262770068
6270071304
6277612475
6285004227
6292298226
6300210851
6307589934
6315142564
6322723546
6329938781
6337719719
6345233839
6352608378
6360397088
6367924673
6375716106
6383504892
6391008257
6398586821
6406172546
6413468825
6421141071
6428609506
6436283604
6443876168
6451303446
6458744539
6466112407
6473379142
6480848205
6488272866
6495650235
6503218365
6510628981
6518108249
6525593758
6532941568
6540505337
6547948497
6555295312
6562836911
6570526140
6578003832
6585664282
6592893975
6600552161
6608089721
6615593775
6623272860
6630630584
6638286398
6645915712
6653504436
6661410741
6668857313
6676670273
6684241845
6691688585
6699166812
6706612618
6713828235
6721743400
6729105653
6736528616
6744212919
6751736173
6759187732
6766757300
6774105232
6781652585
6789218771
6796436760
6803769790
6811032639
6818283952
6825782130
6832910568
6840437571
6847933669
6855479200
6863074044
6870611145
6877840640
6885350324
6892263430
6899821997
6907289040
6914648171
6922171457
6929567660
6937107699
6944893104
6952309045
6959911217
6967256839
6974919339
6982569354
6989971525
6997407034
7004694546
7012106647
7019798936
7027167997
7034685178
7042322984
7049923718
7057268376
7064581883
7071812770
7079103664
7086328905
7093592412
7101181870
7108607373
7115921125
7123515433
7130821626
7138309875
7145765381
7152912134
7160230414
7167542866
7174947775
7182632965
7189929306
7197373949
7204813926
7212152816
7219799710
7227102660
7234435720
7242000010
7249230468
7256906876
7264749197
7272507751
7280128926
7287628833
7295224410
7302764327
7310309736
7317710973
7325244739
7332746054
7340143864
7347621892
7354944824
7362370740
7369666117
7376961111
7384220196
7391494979
7398766166
7406207719
7413543549
7421288393
7428756889
7436019096
7443388142
7450600822
7458003895
7465666747
7473121856
7480955027
7488577671
7496471048
7504203362
7511713321
7519201126
7526888121
7534119375
7541763102
7549369360
7557015244
7564508388
7571999590
7579446345
7586974281
7594242822
7601533195
7608692784
7615931887
7623523457
7631049603
7638333291
7645803485
7653194823
7660765952
7668119652
7675304945
7682822661
7690219033
7697861414
7705537286
7712855873
7720460661
7728027766
7735868052
7744614435
7751957287
7759121405
7766604191
7773711546
7781212861
7788525159
7796100755
7803689846
7811129425
7818449083
7825955370
7833453640
7840956928
7848399445
7855755532
7863234095
7870837966
7878313668
7885865350
7893069615
7900351100
7907713460
7914729672
7922009397
7929176330
7936452720
7944000393
7951081998
7958504258
7966151366
7974890879
7982164790
7989472529
7996597494
8004008707
8011937855
8019345029
8026844094
8033921262
8041433746
8048867052
8056197496
8063745093
8071112808
8078526041
8086014152
8093504435
8101005841
8108493860
8115676965
8123148001
8130574499
8138083050
8145625920
8152960021
8160316903
8167766198
8175151998
8182539694
8189840717
8196950030
8206403410
8213554431
8220732411
8227976992
8235202203
8243505145
8250942246
8258326255
8265852387
8273644156
8281153182
8288651513
8295922196
8303909499
8312831404
8323342764
8336812165
8349923500
8363444553
8376991893
8388461507
8399432969
8408117157
8417357990
8430759474
8444155343
8457391465
8471209843
8484695615
8498185136
8511667389
8525411226
8539409976
8552972615
8566182038
8579768974
8593145198
8607272437
8620535732
8633990965
8647594486
8660876446
8674438014
8687943600
8701412006
8714826312
8728406852
8742000917
8755230812
8768665298
8782326898
8796428648
8811012149
8825130224
8839009818
8852700609
8866452326
8880303523
8893856401
8907248598
8920925329
8934625867
8948406501
8962091478
8975782683
8989465779
9003205256
9016834236
9030873042
9044039564
9057110706
9066074899
9074833782
9087587143
9100526337
9113591619
9126652189
9139610096
9152676785
9165589848
9178595842
9191760880
9204762744
9217788812
9230675757
9243668012
9256694524
9269677216
9282713260
9296025545
9308989618
9322000110
9334965820
9347983397
9360859724
9373817646
9386814399
9399932864
9412860782
9424879804
9433467358
9443695913
9452379198
9460459419
9471957920
9485125360
9498210624
9511398015
9524716818
9538293227
9552006311
9565475620
9579032904
9592622808
9606280032
9620725527
9634684099
9648450106
9662190378
9675876243
9689580744
9703310811
9716928561
9730688233
9744558341
9758209628
9772050559
9785747578
9799600167
9813235313
9826846912
9840557533
9854183514
9867911026
9881615466
9895474634
9909335608
9922940964
9936562371
9950203453
9963715663
9977296877
9990964872
10004643852
10018382426
10032235321
10045962252
10059637254
10073343239
10086772676
10100461555
10114174991
10127822882
10141446568
10155074615
10168873807
10182644664
10196207043
10209892832
10223433622
10237070757
10250803180
10264370532
10278008906
10291774989
10305374899
10319035397
10332715785
10346197533
10359811167
10373374296
10386996742
10400732118
10414302209
10427901767
10441735017
10455186945
10468778256
10482531457
10496067352
10509195639
10522443894
10535704526
10548915724
10562059648
10575244286
10588426077
10601567171
10614728246
10627748684
10640873024
10653997073
10667128711
10680336207
10693464846
10706580939
10719741923
10732895440
10746504239
10759715728
10772824707
10785956452
10799132490
10812223691
10826415022
10841103558
10855965763
10870502293
10883570895
10896652135
10909806846
10922916069
10936129945
10950669367
10966865105
10983442762
11000000866
11016594818
11032967700
11049117003
11065406117
11081654579
11097625362
11114367922
11130512941
11146704029
11162679891
11178736583
11194699104
11210897229
11226411230
11242714589
11258355610
11274914387
11292877689
11307792542
11322876001
11338092891
11353199943
11367850336
11382255454
11395716777
11409338596
11422992576
11436533260
11450115957
11463699756
11477334366
11490911357
11504368625
11518181557
11538511172
11559645643
11583086222
11606613155
11629177258
11651842678
11674352313
11697358602
11720243378
11743397082
11766597620
11789770449
11812299531
11835564022
11858433498
11881584556
11904477288
11927450865
11950548219
11973591045
11996317833
12019004520
12041801948
12064693869
12087612550
12110714464
12133885687
12156774961
12179503539
12202653694
12225414617
12248449516
12271379871
12294304886
12317197221
12340303571
12363170033
12385907593
12408674406
12431756583
12454366311
12477377388
12500388328
12523023500
12546443439
12569318316
12592612597
12615712139
12638354380
12661176456
12684154302
12706803076
12729529329
12752675138
12775509317
12798669325
12821610589
12844511522
12867602511
12890257221
12913136275
12936005216
12958908795
12982124709
13005148532
13028403216
13051293271
13073948333
13096648438
13119497871
13142254433
13165313889
13188690254
13211685129
13235180329
13259863391
13283835523
13307484335
13331340891
13354792042
13378682778
13402292606
13426087334
13449707856
13472894578
13496787471
13520340490
13543812113
13567402678
13590569525
13613761846
13637153970
13660332889
13683276555
13706874173
13730312794
13753319894
13776294557
13799698478
13823244045
13846726057
13870058634
13893125005
13916184324
13939797579
13962787099
13986323165
14009689325
14032632348
14056063136
14079151295
14102267942
14125357080
14148710021
14171657543
14195402883
14218824260
14242299234
14265327861
14288800417
14311848168
14335212431
14358583763
14382061337
14405218652
14428694988
14452195742
14475137342
14498296432
14521318678
14544049827
14567037649
14590439519
14613328411
14636634840
14660434341
14683712450
14707016324
14730236522
14753743380
14776551243
14799930301
14823103712
14846298940
14869812256
14893125279
14916499165
14940130168
14963138507
14986427647
15009447706
15032636110
15055792033
15078766146
15102036375
15125241411
15148715864
15171688049
15194977128
15218237794
15242168570
15265852220
15289088208
15312477134
15336100135
15359370808
15382619602
15405413649
15428925832
15452117037
15475252029
15498418325
15522066785
15545062134
15568117903
15591157883
15614444850
15637439403
15660600482
15683589421
15706494668
15729872181
15753511706
15776709520
15800288289
15823629908
15847012653
15870500800
15893610119
15916541774
15939915431
15962908347
15986575091
16010227927
16033245462
16056447835
16079846293
16102905275
16126336261
16148865588
16172096450
16195159089
16218569037
16241716453
16265339531
16288612957
16312082561
16335320568
16358394528
16381647361
16404812235
16427876495
16451434287
16474269293
16498140062
16521639347
16544970547
16568300201
16591791515
16614476366
16638458902
16661959533
16685843476
16709455140
16732654958
16756065978
16779369561
16802934606
16826494494
16850061467
16873723666
16896839289
16920342583
16943801675
16966949213
16990056237
17013689229
17036930266
17060489435
17084080398
17107569677
17131023705
17154561761
17178437258
17201931188
17225331758
17248847337
17272369971
17295569712
17318974765
17342345117
17365562469
17388874452
17411685054
17435095400
17458896968
17482187836
17506008590
17529373878
17552552689
17576269724
17599992604
17623544552
17646773012
17669689826
17693182548
17716543031
17739703406
17763081561
17786105200
17809132266
17832528629
17855831768
17879070938
17902730919
17925993774
17948927066
17972474760
17995755118
18019545287
18042872585
18066360640
18089932692
18112859666
18136510497
18159604379
18182642522
18205911634
18229215645
18252522594
18276101409
18299335744
18322856939
18346504635
18369706687
18393273858
18416650621
18439986043
18463399480
18486447094
18509967065
18533129414
18556727063
18580271040
18603460301
18626886666
18650152443
18673749603
18697064064
18720182961
18743546764
18767453014
18791301599
18814817882
18838322262
18861826367
18885425868
18908804405
18932021727
18955450938
18979171186
19002540834
19025948381
19049213760
19072530639
19096445212
19120278022
19143981164
19167710516
19191204431
19215020931
19238748538
19262354327
19285655033
19309359690
19332712325
19356064608
19379286703
19403236390
19426574857
19450024326
19473661449
19497041011
19520418340
19544290028
19567737415
19591418465
19614748807
19638273475
19661310257
19684708394
19708296282
19731914081
19755182351
19778902140
19802173272
19825973661
19849676972
19873199559
19896455238
19920059818
19943864292
19967664008
19991024400
20014646009
20038157672
20061630442
20085272232
20108473687
20131969867
20155823056
20179108953
20202722452
20226341231
20249723486
20273520479
20296813367
20320393391
20343987811
20367453987
20391239796
20414692600
20438452521
20462067045
20485629749
20509218172
20532915118
20556538854
20580613021
20604340521
20628032709
20652340722
20676102356
20699696134
20723529801
20747334123
20771059481
20794797171
20818046087
20841501354
20865008121
20888511308
20912300145
20935920882
20959467827
20983325821
21006739258
21030324483
21053780194
21077513279
21101165809
21124887755
21148293236
21172089938
21196145225
21220060319
21243605443
21267305204
21290970448
21314841692
21338314187
21361942635
21385484118
21409381815
21433139303
21456586415
21479948964
21503507430
21527089305
21550598428
21574250025
21598027801
21621611282
21645358335
21668788358
21692552670
21716149492
21739644065
21763097022
21786748405
21810672173
21834079704
21858161507
21881813302
21905658735
21929441896
21953032140
21976624786
22000426782
22023979831
22047858541
22071424948
22095368989
22119418952
22143307607
22166945066
22190880447
22214873892
22238533996
22262178325
22285739973
22309977070
22333339864
22356806301
22380672036
22404451694
22428305572
22452082338
22475962257
22499922072
22523933953
22547665370
22571408476
22595314130
22618990390
22642862567
22666730506
22690697466
22714419856
22736279838
22759933041
22783418067
22806605737
22830434248
22854262805
22877579454
22901059492
22924707294
22948388986
22972144776
22995572243
23019304042
23042392140
23065870373
23089065570
23112335555
23135484868
23158534180
23181952498
23205146854
23228498448
23251802980
23275581903
23298772603
23322336087
23345755200
23369322877
23393131666
23416688831
23440157746
23463718445
23487165971
23511318076
23534815449
23557960432
23581414690
23604925664
23628377091
23652236569
23675960764
23699688938
23723278110
23747086333
23770793255
23794589804
23817609603
23841500170
23865221979
23888191731
23911527673
23934797397
23958768229
23981936728
24005244702
24029106383
24052561773
24076201696
24099381486
24122684993
24146013148
24169580105
24193037376
24216659276
24240276861
24263613981
24287070075
24310540137
24334300073
24357993118
24381530944
24405348484
24428945353
24452475973
24476364964
24499829044
24523447654
24546891921
24569734056
24593295551
24617035643
24640715468
24664314387
24687392280
24710726402
24734235341
24757798091
24781701969
24804879465
24828154728
24851821992
24875151738
24898890560
24922655469
24946311594
24969608828
24992893745
25016274486
25040090940
25063658968
25087412677
25111014732
25134399987
25157994958
25182054943
25205364630
25228758682
25252112113
25275875813
25299504383
25322785245
25346468360
25370180224
25393615157
25417607929
25441076079
25465063434
25488846718
25512476956
25535869508
25558909335
25582678772
25606509731
25630713933
25654805221
25678557247
25702105446
25725954612
25749680643
25773581814
25797155182
25821537629
25844831252
25868381241
25891816175
25915587463
25939208950
25962541740
25986084585
26009835035
26033215133
26056609522
26079827685
26103523851
26127455055
26150972318
26174227752
26197849437
26221179657
26245026008
26268434151
26291912200
26315393508
26338489317
26361358150
26384868620
26408157469
26431948204
26455689397
26478682987
26502407228
26526132984
26549742674
26573226262
26596757631
26620651289
26644148035
26667811994
26691636190
26715072501
26738301343
26762158082
26785815952
26809182648
26832387546
26855581213
26879041790
26902350835
26926211215
26949934890
26973564409
26997226165
27020944409
27044376604
27067820304
27091207915
27114759924
27138339764
27162068625
27185743494
27209292030
27232659368
27256689165
27280062853
27303580620
27327392852
27351184612
27375077138
27398626929
27422085516
27445935278
27469588482
27493079841
27517027738
27540609383
27564001859
27587788203
27611538408
27635144427
27658960055
27682835904
27706388249
27729779073
27753731284
27777635545
27801338427
27825097032
27848515105
27872223297
27895973517
27919405850
27942824244
27966243006
27989562363
28012684595
28036001581
28058887367
28082712710
28106755390
28130889427
28154798982
28179160452
28203309085
28227316254
28250854738
28274601776
28298190306
28322152279
28346572701
28370076622
28393358188
28417327443
28440936032
28464648615
28488251037
28511891037
28535650177
28559461032
28583490033
28607283905
28631462418
28655183401
28678796396
28702156374
28725869141
28749127451
28772838963
28796965930
28820519500
28844347001
28868076918
28892116921
28916160060
28939759805
28963617309
28987398773
29010865469
29034587140
29058034941
29081553473
29105361849
29129152110
29152886969
29176408057
29199729847
29223046496
29246511265
29270232614
29293997033
29317747805
29341328639
29364713037
29388171088
29411913123
29435799851
29459270724
29482971571
29506745476
29530406314
29553950995
29577592891
29601259421
29625225739
29648670786
29672233000
29695762656
29718995277
29742684390
29766521407
29790515158
29814558802
29837750083
29861621326
29885348658
29909504772
29933076779
29956552272
29980323898
30003930650
30027452794
30050942578
30074652391
30098566750
30122302023
30146096307
30169906672
30193826463
30217403166
30241625713
30265482712
30289461300
30313446697
30336853647
30360589455
30384080081
30407401595
30431424355
30455612002
30479517763
30503635153
30527225856
30551054749
30574952217
30598409580
30622231542
30646088832
30670123832
30694037976
30717974092
30741958372
30765650973
30789468712
30813313288
30836907036
30860742783
30884495651
30908157147
30931707748
30955429006
30978881351
31002711544
31026776226
31050236588
31073917775
31097314260
31120934201
31145000688
31169080623
31192824326
31216824625
31240284176
31263817229
31287093440
31310678665
31334346450
31357710468
31381161145
31405014028
31428369677
31452453774
31476053642
31499796656
31523917734
31547699151
31571311396
31595161296
31619125426
31642440622
31665875081
31689450193
31712879511
31736299130
31759730774
31783618036
31807330451
31831061638
31854549081
31878148673
31902283628
31926211833
31950210939
31973785883
31997231924
32021001790
32044972376
32068808063
32092578097
32115870756
32139682054
32163392112
32187114563
32210749406
32234266302
32258087453
32281660836
32305351571
32329107972
32352738914
32376459591
32400318441
32424310830
32448069787
32472054159
32496145493
32520337180
32544262555
32567733107
32591090178
32614810870
32638646878
32662567112
32686414702
32709881016
32733478313
32757296603
32781186711
32805337195
32828764464
32852502750
32876272096
32899609002
32923664259
32947359093
32971061364
32995616976
33019600231
33043327578
33067388129
33091301004
33115377451
33139131680
33163076624
33186958853
33210606671
33234707292
33258361918
33282229245
33306540731
33330214834
33353941997
33378236485
33402308801
33426399110
33450588777
33474280552
33498035699
33521760843
33545628460
33569649017
33593670323
33617519550
33641385714
33665299353
33689459645
33712934067
33736720457
33760272681
33783793279
33807704455
33832157573
33856202548
33880348901
33903929399
33928032560
33951867099
33975480675
33999107440
34022892667
34046785377
34070456389
34094501226
34118451311
34142500463
34166224781
34190885458
34215240702
34239246111
34263392740
34287320792
34311194606
34335193926
34358917265
34382822750
34406808116
34430890071
34454174147
34477626599
34501207341
34525236511
34548832263
34572701304
34596502856
34620364032
34643879382
34667673039
34691496394
34715242851
34738867872
34762631770
34786576576
34810293106
34833898222
34858253787
34881847703
34905772588
34929824815
34953603050
34977778106
35001929967
35025806382
35049780319
35073474786
35097261237
35121190300
35145254889
35169587168
35193365388
35216819997
35240805440
35264464472
35288110760
35312002414
35335814462
35359722594
35383733281
35407698283
35431328521
35455543372
35479175676
35503137465
35527134520
35550933104
35574544125
35598648786
35622850708
35646753883
35670622602
35694545590
35718996566
35743048105
35766697560
35791210960
35815241339
35839209018
35863310282
35887448235
35911788669
35935680139
35959746258
35983561825
36007292691
36030844945
36052892643
36076495448
36100179971
36123689446
36147274778
36171041018
36194642783
36218374490
36242006243
36265719728
36289289164
36313244833
36336834694
36360599832
36384668002
36408163371
36431645367
36455794000
36479584459
36503801330
36527866532
36551448957
36575281584
36598807889
36622683171
36646307519
36670028149
36693896838
36718000458
36741512228
36765245619
36788899617
36812515014
36835952427
36859657757
36883636070
36907731382
36931641442
36955448823
36979227884
37002764119
37026246299
37049429471
37073073846
37096445376
37120595141
37144342103
37168482213
37192793516
37216858258
37241155683
37265316908
37289467958
37313062914
37336847223
37360879821
37384839957
37408926319
37432852474
37456815380
37480766107
37504542246
37529084088
37552792295
37576820731
37600748921
37624813695
37648559111
37672835024
37696458025
37720356151
37744446827
37768179927
37791856142
37815712575
37839509185
37863243509
37887026104
37910850851
37934830235
37958346167
37982090313
38005956340
38029718280
38053384810
38077056297
38100988893
38124868445
38148541630
38172728925
38196673793
38220266928
38244423792
38268202425
38291880108
38315811496
38339399583
38362970166
38386898861
38410436412
38434239555
38457951189
38481288141
38505035929
38528633456
38552316111
38576472547
38600372677
38624276754
38648190899
38672253102
38696210485
38719932737
38743894710
38767506526
38791521972
38815600791
38839664845
38863008912
38887055371
38910967497
38934970182
38959257219
38983089677
39006884115
39030713910
39054685094
39078572249
39102589134
39126454777
39150526589
39174102190
39198327614
39222285945
39246077078
39269796056
39293775730
39317527221
39341581682
39365484673
39389793497
39413031274
39437041549
39461119083
39485118800
39508567320
39532731452
39556361430
39580320327
39604372600
39628407447
39652774854
39677037533
39700912953
39724943776
39748875393
39773373386
39797398119
39821069147
39845017640
39868996504
39893028688
39916879705
39940500549
39964018699
39988086930
40011915441
40035923100
40059478245
40082877514
40106705949
40130837139
40154952020
40178996750
40202792106
40226793124
40250935055
40274544424
40298262147
40321748305
40345622119
40369557837
40393429999
40417369893
40441094640
40465215044
40489285004
40513104625
40536626524
40560515959
40584416441
40608326026
40632411455
40655949939
40679668779
40703473651
40727166558
40751138414
40774840073
40798391546
40822154206
40846123507
40869753286
40893590579
40917655521
40942121123
40965921344
40989646274
41013768851
41037656113
41061672217
41085592130
41108949171
41132918427
41156076094
41179790987
41203501014
41227338521
41250985880
41274965922
41298374692
41322440797
41346118006
41369952193
41393464667
41417325919
41441026384
41464916661
41488546272
41512610142
41536211081
41560302140
41583921270
41607810766
41631742185
41655666183
41679733725
41703257659
41727509429
41751558673
41775554076
41799477875
41823639696
41847446557
41871648281
41895527159
41919679112
41944039772
41968011827
41991735105
42015776163
42039805394
42063784044
42087882783
42111966957
42136023024
42159771715
42183011130
42206532432
42230362503
42254277398
42278791578
42303117078
42327650506
42351860339
42376074486
42400493485
42424633626
42448246131
42472464945
42496726553
42520470118
42544594882
42568338065
42592261864
42616168451
42640184952
42663818817
42687842831
42711605429
42735731341
42759747491
42783815982
42807468206
42831620388
42855676181
42880091615
42903968825
42927927799
42951804229
42975479572
42999430681
43023077994
43047454490
43071934352
43095727367
43119751473
43143618402
43167489018
43191431039
43215211768
43239751377
43263893920
43288188637
43312233918
43336520740
43360860531
43384834973
43408507439
43432257476
43456527545
43480142376
43504210836
43527872745
43551713817
43576144582
43600312508
43624169492
43648416917
43672377283
43696403163
43720652286
43744445714
43768633316
43793117523
43817444478
43841686746
43865743869
43889897689
43914434727
43938778710
43962995718
43987475596
44011849383
44036380547
44060434197
44084619810
44108583159
44132202748
44155808690
44179362734
44203462713
44227593016
44250963965
44274564521
44298723557
44322596193
44346744688
44370118284
44394085045
44417867151
44441288055
44465116213
44489054241
44512647362
44536147550
44559700630
44583311330
44607391755
44631111743
44655105172
44679368065
44703208173
44727578411
44751480836
44775431670
44799357780
44823269583
44847335550
44871507072
44895308884
44919228919
44943475655
44967134030
44991312804
45015716457
45039488143
45063539070
45087435681
45111524414
45135807442
45159749111
45184229448
45208031459
45232004601
45255972923
45279931392
45304092585
45327932724
45352379064
45376737628
45400549814
45424838089
45449280650
45473340604
45497437676
45521671789
45545251048
45569038310
45593026614
45617029407
45640973050
45665059473
45689067636
45712792413
45737189578
45761938399
45786688521
45811011558
45834984470
45859150361
45883597864
45907647949
45931721275
45955998642
45979797823
46004028769
46028034225
46052052057
46076229347
46100401358
46124371730
46147790094
46171915256
46195960522
46219820535
46244068542
46268420389
46292610714
46316910755
46341075866
46365072126
46388488516
46412531670
46436588946
46460974086
46485196649
46509295235
46533490349
46557592332
46581564663
46605945549
46630171309
46654508912
46679387844
46703874989
46728691253
46752961092
46776840643
46801227344
46825082339
46849071607
46872873817
46896738772
46920559097
46944650462
46968514622
46992868963
47016728487
47040571150
47064858094
47088990295
47113125938
47137279879
47161367312
47185241325
47208875265
47232538460
47256507027
47280674233
47304368119
47328293938
47352142140
47376098207
47400012076
47423912680
47448184310
47472049510
47495956632
47519940988
47543505069
47567345697
47591175708
47615655141
47640084912
47664674766
47688991040
47713040116
47737086498
47760968345
47785205044
47809200065
47832939438
47856937121
47880967867
47905121227
47929102830
47953426724
47978302764
48003597979
48027691776
48051488509
48075176550
48099620580
48123520113
48147702436
48171952034
48196409589
48220593855
48244710250
48268957950
48292943103
48316778192
48340400903
48364435734
48388127524
48412018152
48435864579
48459590152
48483583551
48507420492
48531422351
48555526690
48579675415
48603738658
48627893166
48651991278
48675358800
48698601397
48722724478
48746353691
48770212328
48795032936
48818783417
48842399671
48866711692
48890675638
48914428858
48939041111
48963026890
48986727661
49010680668
49034547383
49058691732
49082806337
49106986258
49130791130
49155138189
49178922666
49203240608
49227266795
49251468763
49275458674
49299440919
49323750094
49348166630
49372158040
49395788523
49419905148
49443776758
49467857688
49491628426
49515836591
49539616693
49563699994
49587394554
49610694128
49634866399
49659169608
49682950658
49706899992
49730679054
49755328425
49779817268
49804155835
49828398012
49852345939
49876411171
49901187027
49925107185
49949367569
49973570700
49997030878
50021083366
50044918976
50069089089
50093920163
50118231404
50142680039
50166729497
50190688609
50215227468
50240089845
50263959850
50288007870
50312108353
50335804687
50359956395
50383908438
50408018958
50432193708
50455977956
50480230414
50503758448
50527330653
50551358232
50575653087
50599229790
50623650702
50647716209
50672132592
50696153102
50719936738
50743800117
50767492642
50791330883
50815113831
50839070984
50862572656
50886323947
50910117972
50934025354
50957967972
50981554223
51005505761
51029013461
51053024485
51076595436
51100348334
51124239085
51148074068
51171422097
51195092574
51218877373
51242895206
51266856673
51290895926
51314583524
51338590647
51362697296
51387365884
51411501726
51435509522
51459513279
51483754614
51508281141
51532346068
51556401508
51580587840
51604813814
51628121161
51652202458
51676338912
51700428502
51724258940
51748156928
51772532995
51796193252
51820375575
51844167259
51868005301
51891744292
51915768551
51939517104
51963311648
51987059482
52010798442
52034712418
52058155950
52081540256
52105267695
52129296865
52153144899
52176998410
52201094410
52225233909
52249356072
52273278709
52297287224
52320930911
52345724515
52369814166
52393932198
52417898715
52441340518
52465284728
52489268977
52513355859
52537368398
52560951313
52584523885
52608044943
52631102043
52655079285
52678537107
52702600840
52725780156
52746840193
52770904461
52795238591
52819368910
52843715892
52868008803
52892587519
52916658810
52940569971
52964617364
52988944042
53013004455
53037206837
53061614146
53085676747
53109745896
53133978220
53158141647
53182536350
53206752960
53230901119
53255664704
53279904479
53304084002
53328068129
53352274887
53376096956
53400227274
53424066816
53448794462
53473292562
53497705548
53522729555
53547446873
53572312051
53596814129
53620548850
53644829231
53668892735
53693293634
53717414742
53741673060
53765794627
53789719527
53814021313
53838460386
53862226488
53886196493
53910338500
53933854034
53957483324
53980735468
54004140918
54028158675
54051497188
54075212693
54098930569
54122244128
54145900177
54169439686
54192908555
54217086227
54240888085
54264414742
54288429683
54311883573
54335650945
54359559123
54383356529
54406915469
54430477637
54454089025
54477790684
54501318718
54524902383
54548400092
54572033405
54595815083
54619615992
54643399812
54667012393
54690507961
54714050912
54738036952
54761551323
54785271953
54809297788
54833065604
54856702084
54879918029
54903616122
54927124572
54950333463
54974304922
54997924680
55021411113
55045240848
55068372107
55091826180
55115491792
55139197643
55163297009
55186605198
55210119645
55233813745
55257326066
55280747964
55304479136
55327913611
55351282479
55375103125
55398195278
55422105766
55445676900
55469360321
55492817409
55515889258
55539478063
55563453791
55586689702
55610164415
55633944027
55657759166
55681155451
55704383973
55728297138
55751806506
55775417313
55798873789
55822224741
55846009478
55869604863
55893083952
55916596059
55940410050
55964003201
55987732323
56011511873
56035274747
56059180385
56082738315
56106499904
56130250124
56153959218
56177590053
56201738778
56225323636
56249070674
56272759756
56296249785
56319865319
56343562801
56367717354
56391405885
56415137608
56439287817
56462888893
56486759127
56510603993
56533717397
56557337813
56581099325
56604646193
56628397928
56652092059
56676060855
56699717180
56723166756
56746748477
56769918384
56793109818
56817061876
56840718920
56864190665
56887719816
56910866574
56933907793
56957508104
56980580963
57003911030
57027552514
57051222455
57074629573
57097517042
57121077589
57144874872
57168035951
57191734488
57215402930
57238931469
57262716176
57286283011
57309691169
57333823584
57357263429
57381120275
57404818307
57428383077
57451723487
57475209293
57498614177
57522257757
57545968488
57569678546
57593332101
57617051462
57640622489
57664208617
57687958210
57711810925
57735327744
57758950011
57782436444
57805796025
57829687281
57852972183
57876266907
57899707731
57923303958
57946751376
57969836031
57992911981
58016547008
58039579597
58062936470
58086767077
58109968364
58133413579
58157088049
58180474681
58204019682
58227787039
58251248763
58274987080
58298283962
58321522673
58344736001
58367836614
58391216881
58414488793
58437987711
58461284975
58484941116
58508613720
58532446178
58556097514
58579928764
58603295016
58626958546
58650304832
58673446694
58696945000
58720790111
58744365759
58768218428
58792291846
58815723046
58839133668
58862318492
58885278361
58908932849
58932287305
58955887096
58979225226
59002824772
59026539359
59050074844
59073593714
59097400881
59120705137
59144356688
59168078864
59191693389
59215295689
59238432517
59261692067
59285303164
59308917322
59332737142
59356309087
59380183498
59404198745
59427725907
59451490709
59475649424
59499401067
59523596074
59547472902
59570975493
59595090159
59619082931
59643039564
59666921685
59690641643
59714443118
59738194731
59762157469
59785933424
59809751638
59833690966
59857772264
59881313930
59905190789
59928631521
59952287050
59975941860
59999831892
60023669506
60047752455
60071815913
60095542189
60118973711
60142515255
60166307428
60190068894
60213516909
60235823192
60259303429
60282903373
60307074359
60330678219
60354101907
60377804530
60401335930
60425206577
60448993701
60472649169
60496836082
60520457645
60543832694
60567221850
60590648736
60614150515
60638133020
60661727395
60685253761
60709228417
60732963583
60756869925
60780735981
60803974050
60827197078
60850117641
60873925573
60897349246
60921272142
60945060246
60968395959
60992045490
61015740019
61039338142
61063069299
61086905873
61110413129
61134155623
61157481881
61181040285
61204986973
61228692120
61252311786
61275707368
61299508048
61322859612
61346275282
61369775654
61393273792
61416769635
61440157153
61463701344
61487414325
61511004033
61534630140
61558265978
61582227032
61605829730
61629992378
61653502205
61677326722
61701053855
61724724561
61748855415
61773080273
61796912318
61821022486
61845129946
61868857615
61892242043
61915726839
61939043825
61962652949
61986415838
62010036131
62033625319
62057254700
62081482587
62105065303
62128969426
62152834060
62176823833
62200257481
62224330578
62248153917
62271847574
62295505306
62319207255
62343017650
62366536045
62390661835
62414725338
62438679676
62462356809
62486476616
62510020027
62533658909
62557412909
62581278124
62605262894
62629018332
62653048206
62676900738
62700817483
62725042172
62749166570
62773117511
62797221299
62821003512
62844849863
62868996001
62892764888
62916976878
62940767858
62964408194
62987995393
63011872037
63035833505
63059424070
63082785273
63106644338
63130292905
63154305000
63178004899
63201467556
63225364213
63249125220
63273018236
63297095968
63320658198
63344625984
63368541919
63391933707
63415864911
63439426743
63462897463
63486698403
63510753186
63534652092
63558581628
63582207215
63605909730
63629446302
63653248772
63677594208
63701688006
63725378449
63749536996
63773333912
63797036489
63821032993
63844728746
63868450019
63891987967
63915780538
63939766088
63963470608
63987243549
64010809680
64034855726
64058767576
64082387058
64106034141
64129899601
64153294847
64176858759
64200693267
64224408038
64248150532
64272130635
64295905137
64319852421
64343898988
64367540716
64391205119
64415223166
64438824089
64462639350
64486180267
64509515291
64533095973
64557039218
64580721109
64604476317
64628298662
64652197843
64676071198
64699804880
64723189767
64746923387
64770195299
64793847951
64817510121
64841292119
64864559594
64888009338
64911843326
64935511065
64959188166
64982703792
65006294862
65029402513
65052552316
65076124735
65099670349
65122609731
65145824635
65169258972
65192841183
65216279926
65240039036
65263987851
65287441404
65310613836
65333833254
65357278637
65380695226
65404426031
65427570738
65450883134
65474449724
65498034873
65521597363
65544837940
65568634581
65592511057
65616321024
65639971948
65663447763
65686775520
65710394742
21053687
44507225
67859646
91176448
114654359
138049497
161164692
184890065
208271005
232144742
255895345
279934338
303476877
326783749
350563040
374031541
397372089
420645699
443943331
467849810
491490116
514897739
538131921
561539452
585046219
608243436
631943167
655242282
678847367
702507517
725829536
749230014
772243249
795500733
818994419
842233130
865833885
889588680
912912948
936428911
960290133
983709690
1007407294
1030404326
1054201104
1077870541
1100979126
1124860697
1148382136
1171931177
1195227294
1218486935
1242108513
1265605106
1289197385
1312873048
1335900772
1357738799
1377536341
1396767982
1414663030
1433416837
1452649473
1472259268
1491772414
1511337916
1531311179
1550218460
1569073140
1588330026
1606830801
1626315642
1647756970
1667349859
1685895968
1704672832
1723105522
1741928485
1760638044
1779437996
1798098212
1817038679
1835866997
1854920209
1873833977
1892980489
1912175242
1931088949
1950340067
1969216365
1988131403
2007353482
2026468384
2045214969
2064020597
2083433986
2102384781
2121295320
2140194018
2159240514
2178365560
2197258551
2216050102
2235133012
2254020847
2272731232
2292254843
2311238593
2329527494
2348724603
2367515436
2386654925
2405826207
2424946801
2444208889
2463069566
2481660290
2500804767
2519735243
2538637903
2557441649
2576723872
2595809612
2614623395
2633753796
2652916526
2671700076
2691005661
2709750028
2728343720
2747216546
2766216315
2785284047
2804562154
2823351518
2841782694
2860863584
2879533929
2898288516
2916910850
2935583735
2954536901
2973439989
2992135488
3011242939
3030120721
3048787134
3067985284
3086833614
3105699294
3124397944
3143147314
3162266209
3181398446
3200713396
3220434606
3239436824
3258476037
3277733458
3297227785
3316317824
3335434516
3354558246
3373557786
3392609071
3411503408
3430957649
3450473319
3469607912
3488912901
3507851930
3526836813
3546037410
3565400294
3584221559
3602986687
3621789928
3640536315
3659553098
3678960888
3697827547
3716885518
3735259380
3754363250
3773421512
3792139899
3811238659
3829943843
3848802118
3867525906
3886333523
3905460282
3924848457
3943927328
3963047141
3982520553
4001615228
4020764203
4039836648
4058703445
4078121532
4097371502
4116260622
4135322005
4154654886
4174015628
4193235335
4212108252
4231431357
4250928835
4270264011
4289824082
4309003275
4327709116
4346619442
4365224288
4384178035
4403038131
4421942107
4441142352
4460039336
4479064932
4498207481
4516921003
4536007967
4554818353
4573641714
4592495858
4611390134
4630387425
4649623885
4668370057
4687133702
4705928054
4725013549
4743840398
4762626809
4781407360
4800366875
4819235294
4838025959
4856935917
4875626657
4894861787
4913748979
4932552771
4951886202
4970711705
4989392332
5008026232
5027196597
5045842018
5064563267
5083124140
5101932859
5120678970
5139432669
5158477252
5177201714
5196249999
5215132143
5234008089
5252880119
5271972882
5291232170
5310708030
5329988263
5348996555
5367802841
5386888642
5406110369
5424904017
5443920065
5463192435
5481891621
5500912137
5519941344
5539022157
5558257470
5577490779
5596572709
5615627987
5634466066
5653707759
5672674053
5691838419
5710970932
5730037685
5749241357
5768118589
5786944000
5805811179
5824688029
5843479779
5862487015
5881280021
5900069354
5919032434
5937724016
5956555806
5975217691
5994255879
6012864366
6031442238
6050194071
6068974347
6087619676
6106467134
6125262190
6144221185
6162957259
6181739921
6200199188
6218789544
6237524073
6256322296
6275391099
6294399436
6313286766
6332405692
6350900883
6369796153
6388946138
6408190539
6427302228
6446053557
6465094192
6484061679
6503176489
6522140931
6541082071
6559937010
6578990039
6597734345
6616846018
6635875868
6654994717
6673630285
6692412259
6711213664
6730105921
6749080965
6768002980
6787256317
6805856160
6825105778
6844303927
6863318217
6882488948
6901187002
6920133757
6939241101
6957955755
6977254563
6996240164
7015130416
7034235955
7053162147
7072221663
7091676255
7110401191
7129495606
7148832970
7167863967
7187161352
7206265712
7225867690
7245019098
7263792917
7283299468
7302265379
7321324436
7340191202
7358710644
7377942988
7397094320
7416102015
7434815001
7453755315
7472693257
7492154612
7511187139
7530372803
7549292324
7568178078
7587157820
7606086200
7624819948
7643526692
7662386910
7681055159
7699940699
7719019080
7737772458
7756791949
7775932341
7794889898
7813802350
7832439296
7851261019
7870063587
7889014121
7907766673
7926580089
7945689620
7964586803
7983243440
8002332515
8021087316
8039822396
8058755259
8077514390
8096411175
8115202956
8133878656
8152936979
8171698206
8190564973
8209425160
8228207196
8246717273
8265760602
8284541581
8303495757
8322488810
8340999790
8359844540
8378449325
8397238903
8416031633
8434552420
8453217870
8471588197
8490129533
8501779075
8511280130
8521880949
8531913297
8541515944
8554233763
8569615205
8584873100
8600229526
8615597366
8627253916
8634973822
8648067807
8663964935
8675089182
8682634607
8690058442
8697422761
8704702990
8712091513
8719350644
8726824740
8734282083
8741615939
8749259130
8756599305
8764093628
8771751675
8779076336
8786728356
8794335745
8801701946
8809185879
8816580905
8824072749
8831768297
8839124889
8846592406
8854234159
8861627456
8869234753
8876460469
8883966863
8891419738
8898802187
8906515254
8913961350
8921330504
8928886225
8939232422
8946554466
8954148040
8961721769
8969269366
8976839638
8984232139
8991687906
8999072527
9006253888
9013688954
9021042792
9028433931
9036059650
9043382153
9050956893
9058512384
9065718134
9072951438
9080280031
9087545542
9095027594
9102067843
9109350199
9116489332
9123865248
9131164863
9138447081
9145736001
9153125152
9160273817
9167759433
9175138455
9182572281
9190122235
9197581214
9204861383
9212694738
9220190391
9227588079
9235159192
9242689103
9250491414
9257884328
9265098753
9272519773
9279764506
9287169247
9294650947
9301762494
9309195066
9316443839
9323687119
9331012912
9338192223
9345529399
9352840734
9360049390
9367597935
9377798981
9385263973
9393187813
9400703479
9408272343
9415996777
9423512550
9431148597
9440106349
9447216320
9454748296
9461932120
9469247555
9477905014
9485608870
9492707137
9500146869
9507352787
9514805126
9522048268
9529446614
9536922729
9544077162
9551388038
9558923441
9566040022
9573481835
9580782444
9588122757
9595558694
9602720119
9609944030
9617296093
9624457044
9631938132
9639257958
9646582909
9654041919
9661497196
9668849841
9676254872
9683263083
9690552003
9699811028
9709339225
9720688842
9733843292
9746965062
9760160623
9773232545
9786413220
9798665873
9807192471
9816331452
9828334409
9840100400
9848943371
9856715618
9870016306
9883275883
9896382567
9909541454
9922603477
9932884587
9946662559
9959388441
9970539188
9983722173
9996842734
10010036383
10023896943
10037841119
10052067196
10065180735
10078802523
10091626173
10105096797
10118199870
10131342203
10144517003
10158185487
10172056972
10186088082
10199197413
10212355581
10225830704
10238979968
10252321170
10265500192
10278687920
10291808909
10304968103
10318656569
10331083413
10340651191
10348052214
10359525271
10372952842
10387344986
10400616940
10413702311
10426825809
10440117134
10453817014
10467995463
10481113438
10494254455
10507445243
10521261280
10534606308
10545747462
10558896021
10572135555
10581108714
10594324426
10607947623
10620945477
10631844157
10645231948
10658405110
10671640023
10684779556
10697850591
10711021626
10724100388
10737419466
10751238457
10760421333
10769227539
10780828626
10792465102
10805621496
10819173394
10833181049
10846385225
10859573029
10872865608
10886497984
10895598837
10905132864
10918180781
10931350439
10945057097
10958829178
10971934607
10985145453
10998310889
11011456389
11024698631
11037837338
11051548555
11065218248
11075036075
11087634064
11100947818
11114168257
11127420505
11140541663
11153798623
11166903410
11178852848
11190071710
11198625833
11211809231
11225164311
11237529312
11248099209
11255867463
11265767022
11280122936
11293467642
11306593649
11319842409
11333261840
11343390394
11356548578
11369731073
11382958826
11396240802
11409120678
11421306378
11433095793
11446092149
11461551116
11475215577
11489233482
11502998739
11516747824
11527555377
11536676748
11544544589
11552546979
11562422333
11571068807
11578714446
11585974434
11593406990
11600515233
11607886252
11615249133
11622529592
11629875229
11637154739
11645007954
11652768940
11659765752
11667211084
11674511847
11681694982
11689312439
11696500043
11703406738
11710963760
11718154974
11725698333
11733286414
11740839917
11748278915
11755516136
11762896198
11770362675
11777704196
11785315701
11792947372
11800216708
11807566568
11815082264
11822336820
11829951676
11837249730
11844441526
11851881258
11859149401
11866394043
11873372418
11880430461
11887890757
11894985413
11902481311
11909715977
11916751621
11924183091
11931432507
11938545951
11946003416
11953258982
11960675947
11968060676
11975166654
11982309551
11989587577
11996982511
12004414654
12011475298
12018681460
12026474684
12033809641
12041097750
12048570898
12055728222
12063144546
12070403110
12077627036
12085163143
12092665115
12100034605
12107577903
12114770616
12122171211
12129437808
12136638677
12144213646
12151479631
12158818047
12166582659
12173973446
12181612308
12188909413
12196364032
12203777280
12211047871
12218654174
12226310141
12233585658
12241214330
12248465000
12255841237
12263262349
12270664688
12278031653
12285614440
12293007171
12300352686
12307852042
12315286434
12322849515
12330317690
12337611215
12345133674
12352233211
12359537262
12366905146
12373991647
12381344888
12388535567
12395890873
12403540843
12410671897
12417921114
12425403150
12432586286
12439955853
12447191620
12454546284
12461962898
12469266307
12476598679
12483736833
12490828215
12498296925
12505861184
12512879554
12520447102
12527825038
12535371656
12542896976
12550337947
12557894617
12565362211
12572331682
12579432718
12586804794
12594223060
12601775446
12609297155
12616767885
12624342104
12631446063
12639075821
12646453695
12653495489
12660674724
12667951006
12675311698
12682799931
12689929395
12697362410
12704639656
12712020544
12719424964
12726627102
12733954884
12741468286
12748609760
12756086028
12763374321
12770833469
12778524549
12785914572
12793277345
12800729149
12807760279
12815263353
12822650514
12830101492
12837836116
12845505104
12852959432
12860793261
12868067065
12875476687
12883302300
12890654210
12898513147
12905938497
12913338572
12920952112
12928369827
12935731468
12943173618
12950295400
12957551196
12964911093
12972144015
12979777919
12986949932
12994032103
13001121893
13008413873
13015798479
13023022497
13030295750
13037860789
13045040513
13052561901
13060060217
13067413182
13075012004
13082452425
13089788484
13097348489
13104576332
13112076728
13119584377
13127021860
13134182321
13141918659
13149375910
13156887888
13164432456
13171718943
13179106686
13186409560
13194003240
13201628485
13208895281
13216627809
13223939817
13231239570
13238847097
13245967227
13253478670
13260867652
13267752102
13275175371
13282354712
13289746418
13297079570
13304474106
13311510622
13318951104
13326162055
13333630245
13340947332
13348195416
13355795584
13363167660
13370465989
13377859500
13384984725
13392325359
13399644160
13406714306
13414274235
13421658474
13428909909
13436762022
13444281360
13451635044
13459104734
13466112960
13473762945
13481058429
13488197133
13495544530
13502608693
13510138848
13517714658
13524899814
13532311746
13539342815
13546588084
13554002081
13561248789
13568337217
13575465090
13582687638
13589901772
13597258517
13604347496
13612061511
13619510454
13626953292
13634403122
13641821067
13648880135
13656482093
13663713332
13671017170
13678142992
13685330106
13692846904
13699927009
13707338544
13714825537
13722048055
13729587421
13736947042
13744443446
13752026814
13759198169
13766677130
13774189094
13781455278
13788986106
13796031068
13803399716
13810843273
13818223932
13825263171
13832560613
13839638944
13847013804
13854220119
13861193171
13868643873
13875847404
13882835266
13890037129
13897199518
13904169402
13911456624
13918516289
13925781035
13933093777
13940278091
13947839366
13955022747
13962466304
13969861283
13977088330
13984602680
13991893849
13999361030
14006921846
14013979843
14021540629
14028948965
14036070488
14043448332
14050875487
14058303331
14065884695
14073175818
14080354181
14087737211
14094960769
14102186913
14109445601
14116417933
14123630950
14130983472
14138172468
14145553448
14152768790
14159934912
14167174153
14174341974
14181710270
14189026806
14196298162
14203422485
14210614234
14217952925
14225307176
14232326265
14239770557
14246862964
14254193270
14261726623
14268969215
14276235307
14283825561
14291288992
14299108945
14306505011
14313970814
14321381690
14328701134
14335863140
14342919791
14349951181
14357174036
14364295146
14371659709
14378955422
14386259214
14393552708
14400887192
14408080272
14415287062
14422420197
14429362312
14436719470
14443946884
14451022675
14458380002
14465560536
14472800282
14480074162
14486976864
14494277948
14501590583
14508780390
14516239690
14523198299
14530620543
14537727041
14545035239
14552403979
14559560937
14566857705
14574412845
14581682732
14589313026
14596968825
14604472648
14611911983
14619165300
14626552109
14634040327
14641252441
14648545553
14655814935
14662874232
14670131099
14677471611
14684519005
14692008294
14699000807
14706356328
14713720753
14720603657
14727919184
14735073112
14742083755
14749481642
14756665833
14763943340
14771168046
14778162043
14785523163
14792915160
14800197516
14807760734
14815012674
14822529855
14830016267
14837472982
14845048257
14852656167
14859964457
14867543633
14875064822
14882495665
14889730714
14896923611
14904428689
14911759241
14918909359
14926161850
14933613898
14940660237
14947962498
14955218508
14962312950
14969281350
14976474079
14983604797
14990716864
14997725703
15004921522
15012197667
15019441911
15026782912
15033800287
15040930011
15048146348
15055316478
15062649615
15070153011
15077298937
15084722956
15091838221
15099364169
15106762162
15114148727
15121739975
15129127350
15136390413
15143810990
15151176900
15158646222
15166022382
15173108363
15180421733
15187714784
15194708046
15202249539
15209429768
15216423535
15223520976
15230637893
15237951431
15245295569
15252245548
15259633199
15266731986
15273906798
15281139062
15288264303
15295382307
15302805377
15309944143
15317387256
15324477582
15331730058
15338914662
15346135191
15353473775
15360664423
15367805545
15375074820
15382412532
15389786030
15397091765
15404249992
15411264767
15418637255
15425841444
15432870203
15440105680
15447300581
15454760846
15462116887
15469515952
15477055226
15484182562
15491552006
15498838341
15505935552
15513380547
15520552927
15527438110
15534749628
15541706936
15549078645
15556342840
15563278422
15570727135
15577921179
15584964091
15592364318
15599409142
15606806508
15613927098
15620844748
15628244012
15635541852
15642615271
15650055462
15657116856
15664658501
15672046703
15679278508
15686802543
15694343837
15701534194
15709261765
15716581606
15723671382
15731237767
15738650311
15746235561
15753416127
15760541781
15768036929
15775271657
15782215393
15789357173
15796317755
15803582562
15810705569
15817635582
15824885701
15831762210
15839194276
15846671203
15853747162
15860746866
15867891369
15874803481
15882130070
15889306290
15896503915
15903801801
15911051614
15918154945
15925540392
15932630351
15939913824
15947108022
15954279729
15961445882
15968594072
15975832992
15983239156
15990543666
15997863186
16005176097
16012314281
16019774286
16027240028
16034442993
16041896801
16049006772
16056271962
16063492965
16070626131
16077963613
16084937246
16091939704
16099287973
16106265599
16113413545
16120503641
16127490631
16134662016
16141834473
16148917455
16156135138
16163043471
16170428826
16177502246
16184627946
16191809582
16199119769
16206330674
16213523128
16220677041
16227830877
16234909284
16242222286
16249446916
16256733250
16263619275
16271054907
16278408454
16285535286
16292646221
16299831820
16307032199
16314345477
16321183857
16328288520
16335544958
16343002851
16350436953
16357824619
16364962727
16372104874
16379209872
16386715899
16393885510
16401190908
16408480716
16416290677
16423658576
16430911311
16438124129
16445502370
16452920055
16460389485
16467928361
16475355486
16482832274
16490423691
16497726350
16505001194
16512032691
16519168260
16526478860
16533512897
16540425192
16547650908
16554218968
16561543476
16568556981
16575676530
16582706314
16589739402
16596785205
16603977644
16610798047
16617924083
16624901587
16631874960
16639195031
16646425749
16653544212
16661017635
16668035607
16675331932
16682701147
16689801555
16697335734
16704592769
16711599037
16719192274
16726249521
16733301215
16740750816
16747963052
16755380109
16762811013
16769957246
16777193442
16784255662
16791697291
16798939515
16806046702
16813189997
16820429146
16827460398
16834611894
16841514535
16848608089
16855843367
16862966986
16870200474
16877344763
16884425481
16891446483
16898539731
16905641149
16912918594
16920093254
16927376758
16934723879
16941757350
16949142675
16956281839
16963529128
16970691241
16977872954
16984987485
16992442854
16999508654
17006862415
17013929822
17020586224
17028053481
17035473920
17042774606
17049873806
17056814023
17064228082
17071686021
17078679483
17086319584
17093294441
17100302820
17107448547
17114539164
17121705776
17128688512
17135763813
17143129677
17150213669
17157242856
17164331514
17171321350
17178565655
17185812271
17192811210
17199865719
17207070075
17214153746
17221320878
17228298596
17235391967
17242608150
17249710089
17257028523
17264316372
17271314638
17278661453
17285967677
17293097967
17300168127
17307460934
17314868719
17322321043
17329466511
17336940683
17343985446
17351194653
17358340472
17365354053
17372572593
17379874426
17387040931
17394407162
17401308150
17408221409
17415275260
17422430580
17429743843
17436931584
17443839580
17451038995
17458050419
17465205861
17472453410
17479708012
17486706217
17493863175
17500811532
17508318309
17515539174
17522680679
17530078932
17537238353
17544589605
17552227595
17559445125
17566850019
17574090759
17581561153
17588713444
17595581782
17603030602
17610311077
17617365647
17624690797
17631815900
17638813416
17645959342
17653322100
17660552727
17667706441
17674649183
17681806845
17688667196
17695684052
17702780314
17709585479
17716596750
17723813454
17730757236
17737871155
17744817508
17751869140
17759033304
17766072941
17773174191
17780611276
17787938905
17795247822
17802557397
17809665655
17816871710
17824178149
17831380792
17839214010
17846475986
17853918396
17861191802
17868494813
17875815664
17882943215
17890154212
17897521162
17904497472
17911606755
17918931951
17925925199
17933230123
17940384663
17947317873
17954420730
17961517696
17968701031
17976098397
17983233108
17990376724
17997682275
18004606948
18012049939
18019072395
18026090979
18033227633
18040461978
18047797655
18055105394
18062115732
18069559166
18076688079
18084165005
18091600438
18099024273
18106392463
18113611095
18120667516
18127977733
18134832485
18142147415
18149475442
18156612494
18163587734
18170710266
18177615340
18184741055
18191904974
18199163294
18206318063
18213474546
18220658019
18228011719
18234983883
18242018211
18249009684
18256181421
18263573203
18270839005
18277846022
18285483568
18292519717
18299790981
18307056017
18314131671
18321459330
18328697852
18335876306
18343306277
18350417793
18357788889
18364938166
18372141559
18379536309
18386940852
18394070361
18401394532
18408437046
18415619707
18422869413
18430028773
18436907683
18443931500
18450819514
18458091910
18465022657
18472099473
18479296211
18486257420
18493319671
18500484615
18507594265
18514992289
18522154188
18529508470
18536822344
18543977634
18551292365
18558631439
18565638961
18572981844
18580089643
18587569644
18595014318
18602168461
18609479352
18616940917
18624094830
18631479084
18638666978
18645708160
18653036631
18660075166
18667163457
18674184168
18681229558
18688408196
18695395920
18702663772
18709829037
18716921016
18723961403
18731254285
18738254188
18745546398
18752722297
18759486794
18766773740
18774009891
18781287565
18788839844
18795890925
18803315970
18810634128
18817791575
18825383634
18832843746
18840044124
18847381928
18854696124
18862381375
18869745601
18876781123
18884152540
18890943721
18898107563
18905125933
18912114224
18919071409
18926300139
18933257936
18940526339
18947744787
18954504572
18961757032
18968791238
18975930202
18983159896
18990328053
18997349728
19004537500
19011671783
19019159587
19026339893
19033658051
19041017642
19048207509
19055541320
19063004767
19070137137
19077365377
19084490281
19091939117
19099345755
19106602025
19114119037
19121305386
19128335476
19135687738
19142963301
19150347525
19157438891
19164608548
19171805102
19179033877
19185965282
19193072622
19200128400
19207272261
19214355595
19221411924
19228441938
19235796219
19242800223
19249940213
19257038938
19264140510
19271246564
19278527850
19285433566
19292889087
19300057933
19307492494
19314776686
19321800273
19329059313
19336294652
19343487947
19351224377
19358322934
19365607050
19372751477
19379722356
19387068834
19394635388
19401812939
19408998033
19415914138
19422983090
19430129598
19437085452
19444005260
19451077195
19458016816
19465048574
19471977225
19479220061
19486311458
19493520573
19500867358
19507912227
19515037774
19522401251
19529387170
19536316968
19543649478
19550857843
19558133774
19565516483
19572454681
19580024325
19587067619
19594292891
19601848903
19608750687
19615629858
19622822036
19629678042
19636914254
19643779716
19650933889
19658277124
19665323355
19672475814
19679604589
19686570021
19693852133
19701032974
19708437042
19715905186
19723121691
19730397621
19737789755
19744832636
19751932539
19759207567
19766570646
19773978187
19781214154
19788444368
19795713275
19802640549
19809806993
19817147627
19824058530
19831453555
19838485557
19845505412
19853051509
19860172650
19867706829
19875155924
19882385312
19889829420
19896786804
19903803338
19911129422
19918074276
19925416516
19932587381
19939724923
19946864439
19953663468
19960650121
19967793033
19974692017
19981822399
19988642817
19995555250
20002722444
20009949873
20016948705
20024030524
20031137894
20038445802
20045847544
20053066696
20060393147
20067831945
20074796261
20082204505
20089259932
20096270973
20103412447
20110639249
20118012687
20125385068
20132699310
20140100715
20147152699
20154634767
20161921101
20168921692
20176050590
20183143608
20190151422
20197229079
20204073565
20211106608
20218410277
20225242323
20232451041
20239860249
20247032109
20254240750
20261478690
20268448483
20275500834
20282571714
20289675565
20296972273
20303955178
20311233480
20318453611
20325298494
20332663333
20340064662
20347111704
20354525656
20361621536
20368964327
20376189431
20383209790
20390640464
20397794683
20404890762
20412162699
20419208196
20426572621
20433825678
20441011507
20448317639
20455401769
20462307424
20469191934
20476066943
20483275997
20490611598
20497744029
20504869239
20512027665
20518967730
20526453592
20533492020
20540539873
20547764778
20554733224
20561863147
20569248579
20576190556
20583806055
20590934814
20598353310
20605707515
20612672932
20619994793
20627253817
20633959761
20641314456
20648528742
20655952945
20663132103
20670115298
20677332124
20684696642
20691883863
20699310834
20706502707
20713683440
20720959462
20728163636
20735839018
20743388865
20750510678
20757687786
20764917219
20772123106
20779314886
20786512328
20793621825
20800873795
20807705979
20814960352
20822046884
20829131380
20836456439
20843666120
20850798414
20858219786
20865389030
20872868037
20880035276
20887353572
20894833298
20902014231
20909149738
20916737972
20923659814
20931248629
20938596179
20945728886
20953105903
20959988455
20967043591
20974199799
20980882028
20988135621
20995362224
21002344379
21009440809
21016528947
21023521292
21030787017
21037839415
21044818173
21052053207
21058966940
21066186413
21073435783
21080537538
21087771577
21094740145
21101790294
21108842477
21116029437
21123199538
21130429185
21137373978
21144571557
21151615218
21159088947
21166688808
21173866130
21181102357
21188154678
21195218428
21202724256
21209896651
21216971662
21224142542
21231106735
21237994703
21245147882
21252050446
21259330079
21266472945
21273675344
21281101872
21288241051
21295520469
21302627013
21309356718
21316479496
21323663794
21330842432
21338119035
21345217256
21352237279
21359599042
21366547338
21374089932
21381439088
21388720863
21396214390
21403505131
21410703704
21418124327
21425400502
21432885507
21440336867
21447540856
21454957103
21462344127
21469462130
21476680915
21483454164
21490728075
21497825025
21504838194
21512048716
21519361933
21526393400
21533489004
21540314717
21547277196
21554393318
21561279618
21568436010
21575657671
21582610373
21589968281
21596863899
21603861125
21611202187
21618099855
21625324867
21632480494
21639451067
21646883944
21653813391
21661332300
21668594950
21675794381
21682812934
21689941725
21696843692
21704394120
21711589266
21718923688
21726094232
21733020068
21740095614
21747182574
21754277307
21761531021
21768785241
21775910619
21783093755
21790090292
21797243838
21804548945
21811437158
21818683100
21825549985
21832726083
21839979461
21846966986
21854212301
21861333747
21868142859
21875386752
21882423375
21889487293
21896736708
21903456147
21910550757
21917745368
21924600441
21931739329
21939093289
21946132988
21953078193
21960359739
21967348335
21974444352
21981395571
21988607379
21995830402
22002881024
22009964741
22017042337
22024050900
22031344578
22038486848
22045471573
22052836733
22060201266
22067510703
22074637045
22081879989
22088958289
22095805146
22103083142
22110419798
22117324412
22124275860
22131400458
22138285902
22145677286
22152849268
22159937314
22167192268
22174025524
22181237362
22188321936
22195282778
22202611799
22209654297
22216735535
22223938255
22230837729
22237717144
22244933833
22251861902
22259237068
22266316485
22273098348
22280430582
22287663229
22294872360
22302272082
22309319997
22316654388
22323406446
22330175610
22337362862
22344360439
22351407787
22358870286
22365696366
22373047358
22379949096
22386707397
22393868898
22400683442
22407569987
22414746345
22421813644
22429097454
22436444499
22443569632
22450961827
22458279680
22465210870
22472754520
22479996331
22487273838
22494561855
22501853422
22509386576
22516781035
22524057348
22531578598
22538630108
22545757062
22553131509
22560092979
22567263507
22574385550
22581249513
22588435464
22595355363
22602357500
22609467395
22616194942
22623138358
22630102994
22637072557
22644221880
22651354281
22658358422
22665769926
22672769982
22679940541
22687267833
22694350617
22701900662
22709096221
22716289485
22723615768
22730615671
22737859119
22745254390
22752198035
22759285607
22766426055
22773827522
22781108930
22788114984
22795409503
22802926944
22809865050
22817361760
22824735748
22831703613
22839120655
22846103177
22853279106
22860628951
22867673851
22874798648
22881762872
22888822399
22895990739
22902713437
22909978657
22917121202
22924034905
22931213864
22937875637
22944675294
22951853151
22958953315
22965863376
22972877661
22979820526
22987229046
22994553202
23001715591
23009246603
23016754404
23023722529
23031129259
23038428216
23045818621
23053109974
23060540052
23068033165
23075401737
23082460071
23090158648
23097318589
23104523053
23111892757
23118908373
23126243086
23133346157
23140193672
23147404042
23154296019
23161589559
23168744497
23175720884
23182847257
23189994239
23197022233
23204242854
23211321858
23218527744
23225711875
23232816598
23239978574
23247442618
23254501946
23261773699
23268848435
23275983712
23283382624
23290561996
23297669534
23305254372
23312400114
23319772603
23326758063
23333787219
23341198952
23348557273
23356014309
23363200245
23370249904
23377783685
23384876734
23391865392
23398931789
23405791222
23412810495
23419974537
23427107106
23434435530
23441654162
23448618401
23455951783
23462912120
23469996464
23477175468
23483884503
23491249479
23498674875
23505826922
23513177761
23520461708
23527496174
23534727994
23541803877
23548987441
23556226116
23563151860
23570720403
23578191959
23585456353
23593258068
23600529072
23607921343
23615055320
23621970752
23629325523
23636554084
23643657538
23651192880
23658350816
23665533937
23672916355
23679952840
23687201399
23694427803
23701674862
23709012635
23716059249
23723141145
23730422002
23737737131
23744855486
23752325451
23759458235
23767050737
23774216538
23781248051
23788569575
23795922618
23803248074
23810747935
23817954021
23825541245
23832707719
23839910102
23847539172
23854839001
23862033841
23869672397
23876795266
23884273493
23891538942
23898494797
23905729983
23912570231
23919509362
23926930948
23933768671
23941031979
23948167930
23955352106
23962625328
23970018686
23977130264
23984348115
23991584036
23998758420
24005925873
24012883870
24020220709
24027433971
24034351621
24041491626
24048735870
24055895857
24062867118
24069928099
24077340123
24084401853
24091542501
24099115848
24106571217
24113630667
24121072863
24128225199
24135535876
24142790218
24149655236
24156859027
24163954050
24171280715
24178565152
24185690454
24193092747
24200301204
24207114371
24214390164
24221471707
24228722653
24236048752
24243051898
24250491018
24257898223
24264576749
24271731733
24278728959
24285866715
24293150876
24300331105
24307189682
24314664497
24321576134
24328843634
24336082355
24343009644
24350382087
24357891312
24365228090
24372639318
24379807062
24387513504
24394856968
24401887165
24409383752
24416880905
24424182800
24431659604
24438592095
24445949391
24453051222
24460545667
24467938505
24475076322
24482136155
24489236992
24496105820
24503247233
24510318174
24517391471
24524618854
24531884105
24538840648
24546149840
24553230818
24560368605
24567919231
24575152612
24582418766
24589536678
24596531027
24604202569
24611291120
24618718123
24626133987
24633259671
24640673133
24648258797
24655328758
24662830608
24670115749
24677406720
24684522795
24691641518
24698420933
24705373773
24712145676
24719569511
24726688188
24733923068
24741204736
24748338529
24755580111
24762642040
24769577836
24776927635
24783802078
24790541789
24797634441
24804646645
24811535730
24818701944
24825748007
24832885320
24839739857
24846897595
24854168981
24861393886
24868674315
24876103811
24883059619
24890236146
24897197722
24904202047
24911218198
24918439661
24925608935
24933091782
24940309603
24947545815
24954713100
24961912744
24969484760
24976666993
24984122255
24991438516
24998366034
25005617485
25013084451
25020258713
25027440318
25034648929
25041720528
25049278238
25056768292
25063730878
25071018528
25077901157
25085118167
25092282315
25099342041
25106492756
25113513268
25120755324
25127991184
25134913164
25142288697
25149435480
25156281175
25163684340
25170623349
25177917853
25185112785
25192257212
25199637458
25207008585
25214148605
25221730199
25229160124
25236645970
25243995233
25251236861
25258674910
25266330846
25273600902
25281167777
25288412526
25295751186
25303331923
25310811695
25318186922
25325684856
25332824585
25340221187
25347209370
25354206320
25361479420
25368582001
25375476961
25382522504
25389396274
25396798628
25403711841
25410697791
25417970799
25425111875
25432192990
25439297301
25446395414
25453786140
25461067824
25468472916
25475923649
25483146795
25490300111
25497647752
25504896708
25511931572
25519240611
25526522922
25534133815
25541425810
25548725364
25556057950
25563334324
25570396513
25577509682
25584623387
25591667583
25598952433
25606313921
25613933214
25620948891
25627918898
25635221542
25642328040
25649473309
25656643746
25663748178
25671250487
25678153710
25685304180
25692468879
25699209891
25706567982
25713550244
25720472775
25727764648
25734834549
25742107358
25749377214
25756682643
25763914279
25771170151
25778227919
25785356051
25792718411
25799783370
25807184072
25814425179
25821565597
25828890901
25835894858
25843782467
25851094689
25858553194
25866026143
25873353925
25881423588
25890577992
25902988847
25917355776
25931761216
25946175835
25961096732
25976168624
25990254263
26003334279
26015968269
26029021709
26041978285
26054916286
26068319010
26082470913
26096795140
26109877420
26122852723
26135819442
26149185339
26162191991
26175217203
26189514762
26203965398
26219015304
26233353990
26247806997
26262313416
26276751108
26291199373
26305292111
26320316145
26333942141
26344370820
26355478345
26369799543
26384324215
26398493545
26406400983
26414602640
26422923055
26430972936
26438809091
26446575998
26454014292
26461433981
26468497379
26475775497
26483191974
26490346498
26498384246
26505761248
26513143330
26520455583
26527738245
26534769176
26542024222
26549142165
26556285230
26563527821
26571370142
26578981372
26586422160
26593452693
26600885801
26611603497
26624596318
26637677726
26650777311
26663761640
26676945145
26690041349
26699756451
26708212287
26716870602
26724595588
26732533564
26741214065
26749032778
26756102128
26763757391
26771295441
26778649983
26786106514
26793374917
26800452590
26807815791
26814875395
26822150316
26830218480
26837307230
26844450050
26851806581
26858669427
26866083149
26873043165
26880168191
26887451511
26894734342
26902145448
26909507915
26916427202
26923855780
26930922238
26938122770
26945415179
26952560661
26959997257
26967369684
26974627270
26982289800
26989554898
26997069983
27004461872
27011677658
27019489318
27026595204
27033776871
27041119387
27048086441
27055318368
27062689541
27070082073
27077388756
27084741156
27091786178
27098995293
27105829176
27112958517
27120291134
27127505558
27134504191
27142053380
27149423283
27156845603
27164123415
27171254439
27178521756
27185495496
27192485913
27199559898
27206264772
27213720064
27220758416
27227970025
27235580428
27242599166
27249995782
27257422494
27264815730
27272302708
27279697657
27286984496
27294562234
27302024151
27309241513
27316577542
27323658030
27330921583
27337965290
27345184243
27352427140
27359674077
27366924242
27374060422
27381108872
27388276785
27395354549
27402365331
27409594229
27416887601
27423992447
27431414492
27438276022
27445574076
27452934952
27460101013
27467333828
27474335184
27481383435
27488872938
27495889824
27503266719
27510798588
27518071014
27525642342
27532925065
27539875611
27547463462
27554856743
27562254660
27569925973
27577357719
27584801123
27592101319
27599255936
27606468065
27613776447
27621032257
27628400997
27635539702
27642840051
27650150177
27657239967
27664513817
27671897444
27679150730
27686493613
27693590916
27700793498
27707927796
27714934340
27722337642
27729495610
27736815466
27744155886
27751064999
27758591834
27766242002
27773271679
27780706546
27787971154
27795236451
27802759293
27810126013
27817234760
27824321674
27831447741
27838663191
27846055998
27853388874
27860804677
27868488766
27875694852
27883102775
27890254913
27897474662
27904732706
27912057581
27919363790
27926406197
27933410062
27940801140
27947749054
27954827079
27962164056
27969212781
27976476013
27983730294
27990804249
27998082260
28005208984
28012684075
28019842884
28027075056
28034368459
28041564003
28048769553
28056143465
28063158652
28070546563
28078045659
28085507041
28093168868
28100757974
28108084440
28115537116
28122517710
28129695644
28137081490
28144268848
28151444120
28158964728
28166119222
28173387059
28180729054
28187792361
28194972039
28202000002
28209238325
28216631132
28223528448
28230919786
28238027784
28245204509
28252559494
28259802224
28266813311
28273972931
28280646102
28287768742
28295007906
28302318292
28309600159
28316549250
28323651633
28330958133
28337849084
28345013722
28351993781
28359273567
28366767033
28374298351
28381644233
28389192885
28396193859
28403432978
28410763223
28418145336
28425754454
28433217029
28440683154
28448482130
28455775839
28463024045
28470238194
28477277571
28484381790
28491538686
28498443102
28505718527
28512771705
28519913423
28527010114
28534244138
28541645910
28548813088
28555818071
28562845820
28569800848
28576995520
28584024325
28591193997
28598419773
28605765441
28612938846
28620163399
28627077347
28634404195
28641732360
28649047611
28655960564
28663220016
28670487945
28678018788
28685237726
28692538641
28700103558
28707176962
28714596177
28722095855
28729406103
28736977338
28744377627
28751769883
28759424274
28766751858
28774075050
28781590960
28788913540
28796256898
28803220876
28810468089
28817658094
28824769534
28831935748
28839390535
28846452189
28853820853
28861161946
28868548617
28875909203
28883227988
28890649054
28897992886
28905087374
28912393598
28919596761
28926853781
28934212821
28941586396
28948967605
28956453681
28963694544
28971187183
28978433416
28985800917
28993316277
29000760982
29008086545
29015735382
29022989985
29030694468
29038159032
29045158323
29052493250
29059814621
29066949333
29074253751
29081329389
29088806958
29096145894
29103483591
29110853218
29118083141
29125260891
29132569028
29139735120
29147149592
29154303107
29161493755
29168768277
29176023568
29183235606
29190568666
29197590341
29204620599
29212110500
29219288556
29226616736
29234207739
29241156448
29248587184
29255868867
29263260542
29270861521
29278087313
29285699598
29293485049
29300676508
29308169806
29315547833
29322837319
29330404056
29337707037
29344982983
29352059294
29358947721
29366251528
29373577887
29380939865
29388246579
29395542368
29402895150
29410286305
29417439132
29424802501
29431987504
29439133384
29446428669
29453634495
29460534152
29467895640
29474897562
29482192863
29489424545
29496773579
29504065727
29511290173
29518427133
29525782104
29532897246
29540132494
29547446123
29554655774
29562090319
29569146312
29576104722
29583496764
29590409977
29597912148
29605206867
29612461316
29619787369
29626971071
29634184853
29641420789
29648664604
29655873995
29663174650
29670537744
29677701067
29685086484
29692284522
29699891575
29707219571
29714793392
29722109271
29729393616
29736762754
29744139909
29751355726
29759049637
29766419631
29773700029
29781067408
29788179720
29795355114
29802578795
29809645390
29817017604
29824168349
29831384120
29838745638
29845821552
29852745965
29859773805
29866738932
29873769863
29880977831
29888212344
29895555717
29902888593
29910069863
29917614507
29924833797
29931947577
29939093504
29946422770
29954034688
29961679884
29969113083
29976615132
29983829204
29991307630
29998476996
30005628675
30012932191
30020130122
30027300023
30034659874
30041610496
30048938951
30056298220
30063283818
30070374327
30077576252
30084603496
30091948001
30099019523
30106255474
30113191944
30120153428
30127483459
30134502900
30141648918
30148858875
30155982020
30163056877
30170532794
30177779180
30185082237
30192596266
30199853393
30207357033
30214612859
30221619310
30228987178
30236577264
30244136290
30251860908
30259350441
30266905887
30274148938
30281458299
30288812244
30295580688
30302443106
30309671116
30316916217
30324436840
30331843968
30339192834
30346365412
30353713146
30361116020
30368333183
30375396000
30382697267
30389822431
30396990940
30404311209
30411154257
30418417626
30425937040
30433116642
30440348248
30447637275
30454875935
30462450123
30469697320
30476815890
30484237950
30491323182
30498482893
30506250948
30513538766
30520910291
30528039923
30534977142
30542306193
30549600790
30557085840
30564431661
30571666343
30578979284
30585885107
30593245111
30600428308
30607506761
30614705610
30621991302
30629225478
30636365254
30643539822
30650335286
30657364764
30664226967
30671352774
30678371450
30685354232
30692754153
30700144314
30707224572
30714448804
30721517281
30728485957
30735705599
30742975332
30750587893
30757976676
30764915578
30772643884
30780162457
30787470563
30794960494
30802324201
30809516134
30816853739
30823938189
30831351743
30838406068
30845629963
30852965564
30859984117
30867205687
30874512355
30881781063
30889102802
30896136380
30903276630
30910736421
30917965518
30925252984
30932319840
30939382289
30946551915
30953662330
30960861561
30968228511
30975507333
30982714031
30990142962
30997473895
31004783899
31011942784
31019021207
31026769524
31034271237
31041918651
31049519278
31056688384
31064312970
31071693078
31078845247
31086089307
31093217730
31100244102
31107471471
31114454635
31121651862
31129102626
31136265459
31143555342
31150710785
31157619072
31164963332
31171900291
31179183366
31186535812
31193370750
31200471373
31207521475
31214573796
31221808003
31228959499
31236301632
31243763641
31250878156
31258104867
31265328333
31272263395
31279737843
31287080649
31294287225
31301604281
31308344375
31315667827
31323149879
31330227475
31337812603
31344969087
31352227758
31359483049
31366512389
31373857935
31381208009
31388177419
31395421494
31402657767
31409937737
31417014828
31424136121
31431460522
31438990524
31446136710
31453284748
31460382954
31467541625
31474803341
31482066006
31489231914
31496559329
31503873754
31511059476
31518300767
31525326129
31532730901
31540230701
31547426979
31555017432
31562192305
31569791678
31577365881
31584741583
31592232432
31599114189
31606395321
31613891005
31621192318
31628723774
31635966121
31643119498
31650281382
31657677754
31664765142
31672145296
31679209566
31686540148
31693903227
31701177291
31708438549
31715763669
31723056490
31730298760
31737213060
31744474302
31751916788
31758983430
31766092743
31773615432
31780545858
31787898502
31795131562
31802314927
31809651552
31816940365
31824279179
31831470576
31838537601
31845912369
31852751392
31859871462
31867055714
31874047386
31881270363
31888666322
31895618886
31903039264
31910051575
31917457143
31924841305
31931896579
31939033310
31946290176
31953105699
31960206934
31967536950
31974781086
31982078177
31989475696
31996507239
32003981106
32011000884
32018352411
32025613806
32032753368
32040042227
32047146996
32054606128
32061968091
32068754298
32076090067
32083399627
32090561939
32097787181
32104933902
32111931327
32119052681
32126271405
32133527583
32140886011
32147942600
32155105494
32162197427
32169220647
32176438085
32183457083
32190911855
32198179140
32205396732
32212449802
32219889504
32226993493
32234152041
32241099726
32248244122
32255481022
32262550234
32269760848
32277041200
32284014191
32291500129
32298661309
32305579051
32312945221
32320030421
32327267857
32334516477
32341604737
32349203849
32356564802
32363926733
32371412059
32378607527
32385834834
32393035320
32400265396
32407735973
32415147997
32422747446
32430136382
32437663094
32444838595
32452097191
32459334657
32466713235
32473977552
32481029277
32488339249
32495438939
32502570116
32510079111
32517353664
32524678570
32531944923
32538883993
32546295833
32553530377
32560746117
32568184962
32575224706
32582568996
32589642447
32596891755
32604078915
32611291763
32618435976
32625487134
32632629633
32640066519
32647517711
32654875052
32662500404
32670073705
32677398442
32684902832
32691992715
32699325729
32706776217
32713994268
32721373764
32728553181
32735293765
32742638729
32749500549
32756545924
32763864250
32770955693
32778139579
32785586838
32792274989
32799614751
32806882618
32814030870
32821345096
32828172874
32835160659
32842275725
32849032649
32856403378
32863688381
32871216257
32878636083
32885817276
32893053182
32900415067
32907735995
32915139420
32922453830
32929909260
32937491450
32944838112
32952143817
32959346414
32966306460
32973480738
32980695988
32988019899
32995376277
33002741284
33010085008
33017441784
33024540494
33031702134
33038903905
33046087056
33053592884
33060740967
33067984860
33075722284
33082506625
33089877461
33097278729
33104355362
33111740396
33118870456
33126244092
33133691612
33140878481
33148187811
33155302342
33162222976
33169633301
33176809261
33183918605
33191095070
33197930712
33204654619
33211542893
33218654731
33225923684
33233027138
33239932303
33247280541
33254485556
33261574505
33268486494
33275539289
33282742407
33289895050
33296651790
33304447752
33311672932
33318985812
33326336268
33333165515
33340433092
33347742621
33354578416
33361846390
33368782798
33375667615
33382873134
33389952444
33397105347
33404176839
33411341707
33418413351
33425462505
33432750125
33440134318
33447247594
33454336267
33461426088
33468601743
33476066582
33483157887
33490390258
33497623180
33504887268
33511873646
33519441195
33526500783
33533880049
33541143556
33548305149
33555428432
33562644692
33569782081
33577096383
33584188561
33591495764
33598488507
33605447406
33612744221
33619984533
33627268404
33634723573
33641824242
33648983785
33656297935
33663409161
33670743093
33678063761
33685274284
33692652586
33699678714
33706742678
33713779178
33720868908
33728107934
33735349960
33742303764
33749609774
33756671275
33764043886
33771530451
33778603412
33785999279
33793353468
33800217278
33807654516
33814942656
33822087404
33829547332
33836638056
33844099652
33851416005
33858200361
33865511206
33872626777
33879626267
33886976968
33894030069
33901209028
33908558445
33915423157
33922394678
33929463860
33936696124
33943711419
33950853872
33957809910
33965157153
33972094984
33979051114
33986150604
33993253476
34000499021
34007688613
34014537031
34021984612
34029036581
34036358717
34043471748
34050710500
34058431155
34066133695
34073423610
34080916907
34087912144
34095473924
34102798799
34109770198
34117011550
34124032384
34131263194
34138448595
34145292805
34152534203
34159876964
34167093515
34174116521
34181352120
34188609476
34195838267
34202920653
34210106848
34217256860
34224547753
34231825841
34239014148
34246043167
34253237992
34260596818
34267830780
34275355244
34282615400
34290044177
34297657885
34304873411
34312436645
34319547060
34326623524
34333895935
34340801208
34347754446
34354838545
34361764258
34368941228
34375934292
34382920226
34390074429
34397267816
34404404838
34411601331
34418571353
34425887537
34433059060
34440245929
34447452719
34454804002
34462074807
34469599224
34476722812
34484221725
34491436838
34498559523
34506103540
34513371254
34520694416
34528243329
34535303192
34542483283
34549644647
34556691674
34564038994
34571311803
34578244279
34585569399
34592563611
34599923018
34607100538
34614307588
34621716521
34628881098
34636030635
34643353185
34650583735
34658021769
34665087645
34672514204
34679976825
34687536968
34694894784
34702508324
34709761366
34717147976
34724467267
34731795462
34739280421
34746717414
34753917655
34761207631
34768336926
34775460652
34782904071
34789944397
34797013227
34804293609
34811512608
34818911964
34826035230
34833298033
34840437273
34847367760
34854486453
34861792968
34868778534
34876217777
34883464500
34890769974
34898228678
34905512993
34912848624
34920451928
34927774952
34935245636
34942454858
34949718518
34956872171
34964010309
34971307950
34978553204
34985636523
34992665526
34999902105
35007096058
35014311966
35021334391
35028333452
35035618058
35042724173
35050024675
35057092005
35064146682
35071531625
35078759299
35085832459
35093251368
35100159868
35107410018
35114733792
35121783343
35129312657
35136682988
35143944643
35151523820
35158754936
35166161773
35173685747
35180877451
35188081410
35195620745
35202800943
35210106648
35217213039
35224416753
35231497088
35238471853
35245747431
35252934255
35259995771
35267327577
35274551839
35281655017
35288745802
35295616710
35302838586
35309889162
35316864387
35323964489
35330685030
35337790931
35345185253
35352512132
35359749858
35367159250
35374279381
35381838973
35389067580
35396397045
35403712358
35410838685
35417790423
35424882631
35432078772
35439464342
35446436828
35453536548
35460631693
35467684045
35474777308
35482140280
35488928875
35496202434
35503210155
35510217555
35517568578
35524639779
35531691105
35539187845
35546048870
35553378503
35560619932
35567926019
35575389986
35582513727
35589792779
35597184515
35604404110
35612048970
35619341072
35626649392
35633938710
35641130322
35648392284
35655483436
35662608202
35669871969
35677025836
35684040457
35691521591
35698856610
35705880427
35713174381
35720289569
35727616755
35734876620
35742154463
35749394713
35756775632
35763878550
35771149998
35778143888
35785664603
35792951671
35799925702
35807226984
35814507841
35821756859
35829321179
35836475046
35843715985
35851169931
35858350144
35865655114
35873002587
35880127721
35887667454
35894786314
35901897632
35909017028
35916087953
35923164111
35930249434
35937246767
35944558484
35951601365
35958677569
35965868446
35972942585
35980075246
35987301237
35994514392
36001846044
36008908953
36015761272
36023153589
36030359446
36037537135
36044938800
36051682566
36058968793
36066055417
36073111823
36080579125
36087869988
36094884365
36102302846
36109470636
36116916029
36124293321
36131493624
36138803903
36146141125
36153260750
36160691195
36167732913
36174891691
36182084237
36189642222
36197375898
36204565169
36211853554
36219203949
36226501146
36234028670
36241499767
36248962617
36256452289
36263818214
36271086800
36278571927
36285516796
36292604123
36300077179
36307307270
36314529895
36321745957
36328712949
36336357778
36343561676
36350871343
36358251497
36365435948
36372711114
36380135439
36387170945
36394746082
36401800743
36409085043
36416343852
36423438126
36430568385
36437762475
36445122923
36452478046
36459894507
36467392501
36474706865
36481968720
36489100386
36496556505
36503579419
36510879095
36517921226
36525043819
36532536382
36539679662
36546892250
36554107699
36560955429
36568298939
36575372787
36582565745
36589878258
36597093554
36604310595
36611549254
36618464548
36625728177
36632989726
36640121744
36647490913
36654893940
36662257142
36669405898
36676458602
36683930770
36691372246
36698501235
36706041917
36713310549
36720664999
36728259383
36735495732
36742944262
36750108655
36757383652
36764659307
36771779881
36778756605
36786179767
36793221087
36800385174
36807772198
36814977182
36822105100
36829346131
36836398789
36843978684
36850989848
36858364417
36865661921
36872681010
36880094181
36887325084
36894252204
36901707696
36908932294
36916239804
36923613455
36930804884
36938201240
36945404373
36952463074
36959908896
36967100462
36974698365
36982123715
36989443006
36996668155
37004081281
37011201794
37018566556
37025826696
37032807933
37040271840
37047291556
37054352246
37061861547
37069068276
37076434904
37083591556
37090707173
37098078973
37105123322
37112321865
37119796634
37126650392
37134143949
37141463714
37148586155
37155847275
37163019134
37170388089
37177739356
37184855585
37192410388
37199689394
37206731204
37214048750
37221396820
37228650902
37236096126
37243380564
37250621931
37258011449
37265293438
37272538906
37279747562
37286994147
37294176686
37301242517
37308517973
37315594131
37322742153
37330188510
37337624371
37344505592
37351905361
37358732236
37365877351
37373277043
37380432884
37387765700
37395194676
37402422993
37409663702
37416576793
37423927647
37431493329
37438696263
37446126800
37453386007
37460634841
37467865989
37475219918
37482394976
37489834279
37497023505
37504150918
37511586381
37518529552
37525791880
37532823730
37539887005
37547103694
37554469604
37561827664
37569332972
37576460278
37583765095
37590933604
37598170565
37605466692
37612649368
37620047240
37627467189
37634722709
37642131091
37649370562
37656591183
37663997958
37671118915
37678282788
37685704895
37692906987
37700557278
37707942603
37715266728
37722147108
37729169119
37736300281
37743362623
37750472656
37757578710
37764546009
37771663156
37778729247
37785884460
37792824693
37799933853
37806769312
37813772887
37820819914
37827986097
37835267367
37842434775
37849611117
37856956464
37864137366
37871387699
37878764257
37885849794
37893045507
37900157589
37907500304
37915156317
37922451342
37929952274
37937366073
37944627254
37952135101
37959384180
37966603332
37973910643
37981028922
37988532103
37995873487
38003066216
38010344227
38017583208
38024647019
38031856256
38039121783
38046187736
38053400033
38060587453
38067640202
38074935258
38082024834
38089508232
38096815619
38103989131
38111323615
38118400676
38125736046
38133021325
38140094668
38147544452
38154722723
38161811549
38169324063
38176446244
38183829121
38191400938
38198718301
38206190347
38213568328
38220543736
38227833864
38235149804
38242357940
38249634437
38256797682
38264075617
38271376976
38278645975
38286038201
38293188916
38300398398
38307831705
38314704312
38321872866
38328976473
38335942486
38343505108
38350768431
38358083132
38365714098
38372681810
38379983108
38387514824
38394873068
38402545972
38410265189
38417514957
38424915000
38432233771
38439851809
38447341021
38454346478
38461470204
38468506751
38475588034
38482633975
38489719512
38497045045
38504410985
38511725456
38518766562
38526014493
38532955874
38540318112
38547327929
38554457974
38561888342
38568867391
38576027669
38583393900
38590601730
38598047674
38605233915
38612537631
38619904014
38627166282
38634411857
38641889395
38649163979
38656812771
38663771700
38671003123
38678257434
38685302380
38692512475
38699548960
38706666336
38713849962
38720761018
38727842011
38735034602
38741962993
38749201912
38756466092
38763518918
38770852606
38777894507
38784974169
38792200405
38799340961
38806207188
38813472378
38820634093
38828047173
38835476807
38842641414
38850034925
38857204949
38864403584
38871960728
38879326332
38886649921
38893851555
38900787045
38908234243
38915395317
38922546537
38930142543
38937309782
38944711402
38951847016
38958993309
38966283117
38973389247
38980520057
38987772058
38994822543
39002200723
39009344140
39016276371
39023444360
39030696224
39037763248
39045038688
39052179887
39059338803
39066790530
39074054985
39081606775
39089112955
39096375329
39103779948
39111114982
39118303121
39125855538
39133180198
39140488611
39147868596
39155004531
39162638130
39169869920
39177239318
39184887497
39192241350
39199412766
39206944176
39214059288
39221387529
39228514361
39236119593
39243881834
39251273922
39258561174
39266308405
39273495978
39281204562
39288705035
39295966124
39303685785
39311168648
39318435215
39325906985
39333124729
39340140407
39347535157
39354577624
39361807027
39369175354
39376566172
39384128626
39391161317
39398415062
39405845538
39413093530
39420605845
39428021970
39435269840
39442838413
39449905055
39457642326
39464904501
39472047245
39479712545
39487186259
39494422011
39501715705
39509027621
39516502910
39524178553
39531782087
39539226256
39546585051
39553710903
39561019285
39568066924
39575213569
39582216318
39589288682
39596462546
39603779343
39610826951
39618218396
39625451150
39632539334
39639876801
39647153420
39654255542
39661584012
39668533441
39675899932
39683138805
39690269370
39697822567
39705200472
39712529325
39719926202
39726833724
39733878379
39741151739
39748676661
39756333424
39763607625
39770904716
39778418301
39785503088
39792925394
39800314544
39807415274
39814808739
39822183890
39829413415
39836805687
39843790029
39850828274
39858092087
39865197682
39872362336
39879441064
39886329231
39893525831
39900491891
39907587403
39914977533
39921863665
39929116630
39936092665
39943137336
39950601579
39957663324
39965070207
39972303756
39979223487
39986399937
39993557629
40000459077
40007748425
40014929220
40022368983
40029637569
40036814172
40044123135
40051606655
40058949309
40066519810
40073563685
40080620948
40088094814
40095348957
40102681666
40109953572
40116947264
40124213815
40131218415
40138267860
40145595810
40152762070
40159745984
40167273584
40174395719
40181839047
40188943234
40195936467
40203128614
40210077813
40217034141
40224288101
40231212942
40238795576
40245872178
40253388747
40260870891
40267903887
40275200259
40282381008
40289606922
40297080804
40304278337
40311532159
40318527288
40325753952
40332951027
40340343910
40347453009
40354568152
40361815257
40368952600
40376058057
40383271181
40390447799
40397809501
40405023130
40412251875
40419577408
40426624420
40433874784
40441151754
40448269238
40455699744
40462650396
40470026098
40477374015
40484466590
40491742857
40498902844
40506167437
40513768507
40520764019
40528170183
40535464932
40542835264
40550091931
40557312629
40564228749
40571428225
40578532979
40585703630
40592746205
40599928331
40607132305
40614290609
40621133029
40628472332
40635589203
40642707544
40650057082
40657439531
40664592970
40672045233
40679118637
40686432159
40693617636
40700788287
40708408544
40715638222
40722871557
40730556701
40737650868
40745142421
40752127988
40759146067
40766292039
40773294635
40780281717
40787394396
40794216589
40800869565
40808055944
40815167354
40822548303
40829694367
40836930364
40844298600
40851545751
40858660205
40865815785
40872654824
40879586948
40886648235
40893811725
40901399546
40908731168
40916194218
40923295927
40930247160
40937400232
40944931290
40952303671
40959769383
40966940141
40974274196
40981607730
40988758966
40995950823
41002939511
41009902908
41017356364
41024417788
41031824197
41038974208
41045919674
41053022791
41060189142
41067098561
41074203927
41081360640
41088441755
41095680889
41102714559
41109672188
41116730859
41123694684
41130991377
41138209473
41145528427
41152667422
41159815980
41166980297
41174259180
41181156680
41188488868
41195429285
41202365448
41209825483
41216950602
41224241633
41231686062
41238702015
41246089620
41253166467
41260199938
41267439485
41274571702
41281829303
41289041493
41295920771
41302959827
41310033338
41317181468
41324450620
41331510882
41338746481
41345982310
41353062737
41360210086
41367164043
41374056112
41381379855
41388693086
41395651587
41402921949
41409867644
41417060602
41424320988
41431442893
41438770552
41446241129
41453581442
41461241586
41468459835
41476084743
41483436485
41490552607
41497922953
41504952263
41511863732
41518995337
41526088142
41533194242
41540312047
41547203626
41554549355
41561751723
41568445595
41575776468
41582842941
41590099808
41597310254
41604273682
41611319653
41618478936
41625285264
41632445373
41639555910
41646786308
41654205247
41661445222
41668764084
41676295295
41683656401
41691149759
41698438557
41705770761
41713117729
41720267694
41727639938
41734946147
41741734436
41748954766
41756123703
41763127783
41770273694
41777270078
41784216691
41791312296
41798424149
41805737855
41812826467
41819788656
41827014172
41833936979
41841036622
41848056706
41854831026
41861890002
41868971531
41876145058
41883420101
41890618552
41897509611
41904833614
41912018983
41919209524
41926371179
41933126221
41940526525
41947772926
41955075708
41962778952
41969777524
41977070100
41984407430
41991221575
41998184911
42005062950
42012202113
42019433995
42026488886
42033649592
42040693575
42047748037
42054991103
42062219604
42069131669
42076078634
42083218502
42090118419
42097259587
42104311097
42111489184
42118608717
42125497497
42132745902
42139644091
42146520890
42153882699
42160776588
42167892511
42175240428
42182588024
42190177680
42197425994
42204456864
42211753052
42218690500
42225908229
42233047776
42240196670
42247375583
42254464318
42261721704
42268929519
42275765177
42282756925
42290145769
42296890698
42304033441
42311299687
42318623032
42325990196
42333186474
42340259573
42347642863
42354768150
42361987929
42369430109
42376583716
42384090737
42391354443
42398624268
42405912699
42412970681
42420420052
42428085520
42434876853
42442446789
42449719429
42456899459
42464214297
42471308188
42478398667
42485740510
42492847590
42500184903
42507392443
42514340157
42521637447
42528794572
42535740512
42542776233
42549687549
42556948393
42564167025
42571078295
42578269723
42585547168
42592808793
42599919453
42607448889
42614682775
42622093529
42629042284
42636373447
42643566987
42650706456
42658140910
42665379661
42672213177
42679426806
42686154063
42693492294
42700697615
42707711059
42715010719
42721871591
42729124816
42736492394
42744262927
42751540755
42758665016
42765770428
42773047307
42780359146
42787345111
42794502650
42801593802
42808806711
42816113670
42823377422
42830673885
42838223532
42845441154
42852965480
42860356282
42867488117
42874782561
42882180570
42889550121
42896878836
42904014083
42911346822
42918215711
42925392696
42932480895
42939209927
42946332444
42953503554
42960814598
42968148975
42974891730
42981919525
42989340699
42996587758
43003783791
43010935256
43017876698
43025121845
43032156402
43039526397
43046760879
43054124387
43061424399
43068800025
43076019865
43083394909
43090663113
43097928455
43105420911
43112749581
43120135656
43127517431
43134790470
43142179697
43149387894
43156360670
43163501088
43170348955
43177540521
43184837611
43191718679
43198900576
43205899607
43213184656
43220600795
43227760507
43234835426
43242193746
43248979740
43256258195
43263476643
43270699743
43278105126
43285337773
43292659022
43300130165
43307043822
43314320731
43321673590
43328989361
43336247742
43343861925
43351183541
43358750814
43365982053
43373330322
43380583272
43387540090
43394897049
43402186841
43409314254
43416862739
43423851381
43431183401
43438662806
43445575361
43452650479
43459801255
43466706237
43473783925
43480805677
43488325229
43495792593
43502766715
43510201827
43517276853
43524304082
43531614819
43538887001
43546095306
43553586262
43560785295
43568090371
43575308162
43582338405
43589304908
43596665569
43604000236
43611610732
43618954013
43626127770
43633683751
43640718232
43647940857
43655241114
43662293328
43669816384
43676891808
43683993961
43691420810
43698498606
43705866428
43712940015
43720034993
43727325152
43734386867
43741543855
43748676118
43755565112
43762793337
43769799972
43776843770
43784072730
43791121470
43798042701
43805175362
43812048183
43819243023
43826488904
43833638564
43840724942
43848064184
43854816013
43862130315
43869163435
43876117178
43883396918
43890418531
43897603595
43904772104
43911720415
43919028093
43925807814
43932969683
43940205190
43947336857
43954506850
43961697881
43968602954
43975963386
43983019058
43990178877
43997440486
44004415603
44011384325
44018184303
44025169227
44032391775
44039502037
44046621831
44053868355
44061266425
44068475020
44076107930
44082953915
44090090263
44097388807
44104736984
44111996054
44119558507
44126944980
44134397748
44141564604
44148926153
44155987425
44162933349
44170208178
44177156581
44184394613
44191731789
44198744713
44205989400
44212896585
44219788654
44227055313
44234217747
44241390066
44248828391
44255869818
44263215929
44270394705
44277339512
44284560194
44291906948
44299008198
44306440418
44313262872
44320473594
44327791782
44334929569
44342169866
44349598490
44356697751
44364270333
44371472548
44378929233
44386363457
44393546225
44400809640
44408005643
44414745293
44421979057
44428864837
44435887659
44442964338
44449786210
44456996702
44464154440
44471162437
44478422960
44485585150
44492939921
44500042931
44507035184
44514002865
44521246773
44528026784
44535349808
44542515471
44549749403
44557108871
44564390416
44571453723
44578576133
44585564392
44593034311
44600507413
44607776611
44615164966
44622299172
44628954519
44636337473
44643484210
44650566733
44657744085
44664724955
44671998285
44679093063
44686350419
44693744282
44700611625
44707652548
44715012949
44721921863
44729064148
44736087078
44743120243
44750395668
44757460030
44764797528
44771755692
44778808793
44785993612
44793208128
44800168695
44807623237
44814888733
44822247773
44829598780
44836699663
44844061610
44851263137
44858378646
44865719143
44872809040
44879937601
44887009123
44894037974
44901186471
44908559265
44915523397
44923038267
44930344384
44937585002
44944688303
44951769051
44958996281
44966293999
44973290260
44980712474
44987855172
44995275121
45002676618
45009877762
45017112398
45024321681
45031350777
45038855962
45046042311
45053292813
45060649114
45067921862
45075293295
45082522667
45089648612
45097025614
45104398286
45111579219
45119032537
45126285257
45133442154
45140649525
45147753529
45155128878
45162365166
45169532604
45176865359
45183833117
45190965043
45198342015
45205312113
45212613870
45219690533
45226899113
45234326299
45241424091
45248537199
45256133802
45263082802
45270409085
45277560901
45284868564
45292254853
45299563342
45306907418
45314323389
45321281141
45328617644
45335947583
45343030229
45350364406
45357587582
45364777695
45372229927
45379211852
45386295018
45393408646
45400614334
45407943615
45415329660
45422378262
45429928904
45437069766
45444262801
45451541225
45458526318
45465739794
45472915907
45479910470
45487164231
45494218785
45501466089
45508956602
45516097739
45522971815
45530074519
45536998090
45544009682
45550994698
45558180206
45565456121
45572416366
45579336235
45586636844
45593584528
45600710778
45607774176
45614910586
45621980318
45628725002
45635853777
45643128055
45650037978
45657164657
45664138963
45671255957
45678846517
45686027908
45693360739
45700951253
45707604550
45714938773
45722433034
45729539242
45736904937
45744250651
45751659660
45758964661
45765916996
45773268799
45780404337
45787412915
45794587605
45801750453
45808691114
45816018682
45823063169
45830279108
45837523016
45844787930
45851891827
45859082460
45866260332
45873389138
45880695607
45887829997
45895075220
45902343256
45909634318
45916851481
45923828617
45931320155
45938641175
45946019095
45953399463
45960590371
45967876093
45975066298
45982158429
45989735586
45996642511
46003758204
46011107651
46018076449
46025155897
46032273640
46039242469
46046589300
46053752943
46061097096
46068229727
46075539960
46082881695
46090406235
46097655130
46104916923
46111912053
46119026629
46126456386
46133656015
46140747626
46148172992
46155383973
46162724638
46170119970
46177310526
46184727568
46191859250
46198663160
46206086230
46213282218
46220639101
46227740978
46234938481
46242155368
46249115751
46256105786
46263288402
46270345527
46277720463
46284914355
46292052998
46299381958
46306675193
46313889617
46321176717
46328445930
46335747228
46342761176
46350011525
46357261675
46364638585
46371879907
46379099059
46386268379
46393413953
46400660278
46407691683
46415213056
46422516022
46429632847
46436989378
46443960027
46451092887
46458263156
46465413458
46472531186
46479916053
46487012024
46494292682
46501496228
46508979244
46516349927
46523599679
46530972520
46538252107
46545129426
46552412410
46559750733
46567116429
46574527443
46581758758
46588997051
46596451578
46603508320
46610859924
46617900388
46625022339
46632493451
46639504707
46646596854
46653856076
46660843188
46668042711
46675108771
46682120822
46689473298
46696475603
46703520458
46710986429
46717985215
46725430058
46732512550
46739811874
46747126651
46754022361
46761196623
46768640486
46775543127
46782646672
46789958374
46797118177
46804476330
46811939042
46819408288
46826820174
46834041759
46841313742
46848466415
46855795880
46863119195
46870434844
46877371252
46884830706
46891950086
46899070645
46905906517
46912963060
46920258559
46927502436
46934373513
46941665845
46948746042
46956062900
46963218680
46970111835
46977122876
46984447567
46991535751
46999062586
47006256616
47013496056
47020751392
47027765738
47035094622
47042305741
47049689751
47057129223
47064402537
47072186075
47079872658
47087484025
47095027537
47102448481
47109567816
47116817613
47123938126
47131005273
47138384417
47145697419
47152834028
47159971891
47167056403
47174545554
47181487072
47188623038
47195942267
47203066452
47210211063
47217449034
47224288730
47231474941
47238405336
47245389282
47252847420
47260040577
47267145713
47274514423
47281554152
47288835330
47296026513
47303348344
47310832997
47318400683
47325628892
47332935239
47340151606
47347518128
47354836806
47362022038
47369558711
47376878675
47383785095
47391106711
47398207456
47405300536
47412451481
47419417341
47426577405
47433651727
47440757124
47448123094
47455205571
47462431685
47469784620
47477115814
47484352224
47491567567
47498445911
47505877274
47512825555
47520161523
47527423056
47534623878
47541817862
47548980664
47556074631
47563560630
47570727105
47578123492
47585667356
47592760130
47600061840
47607241977
47614395309
47621922511
47629152189
47636298697
47643744350
47650804459
47658004792
47665259073
47671982658
47679326856
47686621284
47693641873
47700803849
47707651854
47715054896
47722410570
47729515936
47736789296
47743958371
47751216829
47758434267
47765526567
47772733800
47780185176
47787222166
47794612938
47801943321
47809246623
47816438679
47823549170
47830754766
47838091147
47845139658
47852322212
47859356785
47866584383
47873876087
47881243037
47888348786
47895546946
47902390146
47909334373
47916561190
47923630601
47931172078
47938484484
47945491088
47952775494
47959902158
47967250855
47974303711
47981392400
47988604407
47995815741
48002822070
48010161648
48017098959
48024408075
48031461176
48038485039
48045661641
48052846368
48060123094
48067656187
48074709564
48081931408
48089263230
48096584723
48103930896
48111219097
48118292440
48125387922
48132512979
48139556609
48146703040
48153893933
48161173811
48168394539
48175200973
48182226381
48189434273
48196279539
48203447895
48210586829
48217688660
48225003820
48232176842
48239490411
48246576927
48253907310
48261260322
48268320002
48275741573
48283092075
48290421693
48297789087
48305025283
48312114783
48319292732
48326679847
48333780440
48341254168
48348443470
48355823655
48363307910
48370538430
48377914804
48385245692
48392329500
48399760726
48406508255
48413753172
48420770288
48427886991
48435071917
48442215166
48449199203
48456799799
48463781939
48470908679
48478061107
48484844592
48492010989
48499101025
48506104233
48513316836
48520316204
48527647275
48534734725
48541875862
48549073701
48556410097
48563689745
48571135414
48578478939
48585882533
48593156643
48600323453
48607590081
48615084909
48622291178
48629451272
48636708827
48644027505
48651594809
48658890813
48666099438
48673497524
48680504740
48687715523
48694826657
48701973639
48709227262
48716088700
48723228965
48730509516
48737288931
48744822314
48751977696
48759152126
48766532402
48773578297
48780674743
48787777676
48794754201
48802116041
48809501106
48816908754
48824412669
48831945961
48838976908
48846141974
48853298228
48860641845
48867993603
48875255748
48882521718
48889730925
48896791538
48904056406
48911359112
48918495644
48925806825
48932845927
48940151325
48947391025
48954272246
48961550869
48968725941
48975902498
48983113143
48990157998
48997615937
49004618655
49011791831
49019179726
49026238993
49033687951
49040974775
49048251501
49055304618
49062125939
49069375982
49076742029
49083927949
49091218231
49098564572
49106100403
49113285192
49120841188
49128005566
49135723192
49142896597
49150220922
49157573107
49164421984
49171510198
49178909936
49185931795
49193275305
49200243369
49207329992
49214715425
49221591933
49228737737
49235975999
49242756668
49249906266
49257107869
49264078824
49271214209
49278053768
49285309365
49292627492
49299516684
49306861572
49313930141
49321116536
49328457828
49335752485
49342903935
49350331167
49357584805
49365130444
49372515279
49379880501
49387074255
49394288067
49401507800
49408808241
49415824775
49423085987
49430274952
49437102378
49444287916
49451425045
49458216546
49465432776
49472329190
49479490967
49486651872
49493579957
49500671522
49507516512
49514625566
49522050396
49529069561
49536353493
49543628460
49550635080
49558171049
49565333514
49572500707
49579742549
49586924721
49594168766
49601062931
49608211076
49615617867
49622770357
49630071731
49637472525
49644778825
49652033733
49659376907
49666389234
49673576608
49680503469
49687537934
49694806276
49701967930
49708988641
49716199378
49723110847
49730170558
49737328112
49744222047
49751482938
49758334538
49765427052
49772557602
49779446442
49786754548
49794243959
49801441202
49808638842
49815869591
49822903093
49830159684
49837366260
49844455576
49851816849
49858873056
49866269428
49873685032
49880789465
49888287016
49895588665
49902955906
49910299355
49917450300
49924537734
49931643238
49938690188
49945871916
49953149239
49960082648
49967371323
49974663609
49981729287
49988848591
49995649763
50002657698
50009854849
50017068294
50024488059
50031551381
50038932422
50045944045
50053093200
50060584860
50067976320
50075107650
50082480675
50089286023
50096666467
50104020611
50111584809
50118905079
50126180672
50133456541
50140524621
50147896896
50155168940
50162592913
50169898127
50176802038
50184113250
50191072899
50198291577
50205511249
50212523606
50219737587
50226864189
50234439693
50241968624
50248876896
50256163291
50263387201
50270576580
50277958263
50285062130
50292053893
50299169342
50306259699
50313407109
50320494314
50327641173
50335016202
50342269014
50349255223
50356510881
50363376282
50370678314
50377559473
50384860878
50392018402
50398960425
50406040561
50413031192
50420235978
50427584185
50434598210
50441651785
50449328729
50456597208
50463611523
50470891722
50477961546
50485182810
50492736619
50499848105
50507409808
50514660922
50521963689
50529376141
50536364324
50543787058
50550965466
50557821304
50565151106
50572161229
50579253070
50586650054
50593620305
50600732005
50607836010
50615114969
50622573092
50629828306
50636893984
50644055822
50651002802
50658243864
50665408349
50672635151
50679959445
50687424422
50694643665
50702048376
50709239789
50716573247
50723816053
50730774753
50737992926
50745518828
50752440716
50760070413
50767001695
50774027119
50781165334
50787926603
50794671455
50801694950
50808636973
50816031678
50823145229
50830279328
50837391625
50844428309
50851752373
50858909086
50865810273
50873037030
50880008107
50887152243
50894358849
50901346528
50908404678
50915668077
50922860975
50930197830
50937300946
50944205041
50951454946
50958698425
50965751495
50973205089
50980329580
50987577787
50994715283
51001734005
51009262936
51016431093
51023471112
51031023498
51038026446
51045183694
51052541021
51059525394
51066521839
51073775156
51080685921
51088074475
51095273737
51102662061
51109802051
51117112253
51124294134
51131464219
51138629806
51146105570
51153528196
51160788306
51167865015
51175148198
51182694357
51190471209
51197748501
51205289167
51212209679
51219036952
51226625553
51234028290
51241235890
51248499412
51255967174
51263573645
51271149394
51278747956
51286190212
51293446406
51300634437
51307981482
51314862428
51322250109
51329135277
51336252287
51343425891
51350624219
51357926450
51365184051
51371983968
51379295991
51386591995
51393924061
51401639009
51409178972
51416291360
51423922954
51430896281
51437974122
51445125985
51452589371
51459939705
51467034055
51474026446
51481444697
51488565439
51495876927
51503180565
51510179244
51517642829
51524841479
51531773955
51539031372
51546193226
51553348821
51560463367
51567657060
51575162582
51582416450
51589389119
51596797532
51603905162
51611124452
51618325213
51625501663
51632743842
51639787548
51646862406
51653923815
51660735987
51667948453
51675140937
51682291759
51689605450
51696976026
51704239089
51711501647
51718766454
51725901380
51733508020
51740667762
51748174967
51755546017
51762539357
51769801899
51776965665
51783983561
51791107471
51798017639
51805058653
51812041252
51819038631
51826541781
51833817513
51840801871
51847844308
51855043157
51862102041
51869161599
51876147196
51883583838
51890761818
51898007607
51905271251
51912354861
51919613242
51927090841
51934135650
51941250089
51948216286
51955469450
51963051808
51970502205
51977520850
51984920619
51991977606
51999224864
52006516951
52013281815
52020685715
52027872660
52034980459
52042297317
52049544101
52056846179
52064287563
52071449355
52078657706
52085817157
52092902174
52100130766
52107120586
52114319313
52121483155
52128494946
52135770158
52143065886
52150268438
52157511488
52164696338
52171883497
52179217445
52186446695
52193706652
52200892802
52207988835
52215139810
52222266122
52229342035
52236724423
52243953275
52251502234
52259074709
52266364119
52273575697
52280455648
52287638891
52294843401
52301725402
52308885573
52316088644
52323169867
52330383878
52337471067
52344741490
52352046643
52359016405
52366093236
52373185414
52380316897
52387616420
52394597534
52401691609
52408628124
52415693893
52422580485
52429896684
52436898546
52444263966
52451385779
52458472923
52465446556
52472948436
52480203528
52487634753
52494740685
52502086292
52509640820
52516867790
52524097713
52531283267
52538363189
52545653516
52552644591
52559705878
52566821066
52573881634
52581215704
52588157804
52595127183
52602454889
52609580726
52616887119
52624220516
52631555519
52638565306
52645484241
52652544916
52659983026
52666933189
52674382484
52681499217
52688833869
52696236438
52703370047
52710622155
52718187516
52725429587
52732639192
52739920569
52746923119
52754397460
52761731760
52769037831
52776465950
52783603477
52790716646
52798089379
52804961420
52812162640
52819370455
52826377733
52833647635
52840644921
52847676358
52855075438
52862063453
52869147246
52876299582
52883281064
52890580205
52897553669
52904998940
52912309188
52919671288
52927197419
52934693517
52941853427
52949051174
52956285779
52963485638
52971007944
52978518791
52985689243
52993243541
53000417910
53007920357
53015295018
53022581980
53029835358
53037061793
53044304369
53051757733
53058634731
53065932602
53073007551
53079917490
53087211811
53094352046
53101664803
53109050205
53116108845
53123431501
53130762466
53138102564
53145560718
53152883802
53159712651
53166896093
53174187155
53181234932
53188439763
53195830642
53203056526
53210481601
53217599222
53225326273
53232646114
53239951314
53247505122
53254562186
53261699422
53269016662
53275926280
53283366288
53290632258
53297887869
53305236490
53312138366
53319102819
53326190268
53333271675
53340758500
53348089250
53355133233
53362636398
53369675316
53376880500
53383998182
53390889118
53398187983
53405190396
53412562456
53419972399
53427304771
53434692131
53442054675
53449331538
53456229513
53463475669
53470775896
53478163134
53485448198
53492479588
53499776770
53506912461
53514092583
53521304926
53528301050
53535482212
53542547155
53549693005
53557091565
53564114617
53571447861
53578578732
53585660673
53593080516
53600019953
53607079327
53614509512
53621485011
53628742643
53635916721
53643112816
53650596291
53657915857
53665280925
53672843791
53680109976
53687436273
53694636698
53701870737
53709150309
53716485680
53723360291
53730665980
53737718255
53745037515
53752297441
53759341561
53766785700
53774184917
53781194536
53788562511
53795544268
53802902772
53810176025
53817108930
53824187719
53831295472
53838154676
53845650437
53852879228
53860383465
53867613755
53874845300
53882283870
53889535962
53896787306
53904214140
53911669769
53919041385
53926506041
53933750300
53941200084
53948899871
53956451079
53963926414
53971030265
53978294384
53985224167
53992574608
53999805541
54006876252
54013995373
54021051060
54028234119
54035348420
54042729094
54049722327
54056689901
54064114715
54071153098
54078477468
54085394965
54092257642
54099500234
54106605799
54113577580
54120900359
54128118991
54135395197
54142529357
54150024613
54157487846
54164551978
54171706335
54178782508
54185792739
54193216743
54200367473
54207710264
54215155841
54222463672
54229482057
54236802801
54243927384
54251204569
54258505040
54265553322
54272722275
54279844486
54287058589
54294534536
54301564412
54308745727
54315722680
54322681380
54329894626
54336926246
54344047386
54351595534
54358790160
54366114056
54373334202
54380472020
54387713831
54394905703
54402201370
54409412704
54416481335
54423649706
54430900896
54437846760
54445102540
54452645868
54459782247
54466913271
54474131964
54481325458
54488957832
54496393770
54503906820
54511617377
54518796443
54526229673
54533589753
54540713831
54548283919
54555715251
54562934296
54570195110
54577239903
54584535892
54591536361
54598743074
54606041052
54613171556
54620658549
54628062602
54634858479
54642196604
54649398559
54656399441
54663806018
54671003276
54678108611
54685492605
54692515979
54699899697
54707130493
54714562866
54722001343
54729407629
54736861881
54744587295
54751925986
54759267675
54766649069
54774215577
54781877541
54789204007
54796206756
54803438531
54810371955
54817753501
54824778558
54831710911
54838955476
54845918904
54852698472
54860087439
54867040753
54874192891
54881064243
54888331774
54895406157
54902637060
54909893957
54917249661
54924371597
54931470369
54938620258
54945998300
54953361027
54960789652
54967883772
54975156612
54982382802
54989555274
54997071858
55004381111
55011757960
55019210346
55025994014
55033469334
55040803297
55047925370
55055394968
55062632817
55069950654
55077493936
55084776935
55092219758
55099529532
55106800857
55114101389
55121136819
55128214522
55135552571
55142484878
55149984999
55157300373
55164412777
55171753839
55179047242
55186194607
55193337152
55200464748
55207811028
55215131818
55222291667
55229619006
55237094922
55244383674
55251945194
55259194196
55266255651
55273714768
55280972583
55288318450
55295857908
55303254341
55310760903
55318116745
55325281429
55332393971
55339254246
55346311968
55353399647
55360656422
55368076356
55375248537
55382695766
55390047094
55397053515
55404193383
55411501825
55418551407
55425936870
55432912707
55440171440
55447446911
55454594643
55461850775
55469247453
55476538530
55484088391
55491304728
55498438399
55505783684
55512949929
55520235682
55527541677
55534600638
55541816791
55549038681
55556114717
55563636105
55570928131
55578102332
55585596716
55592931352
55600301255
55607627002
55614970421
55622653101
55629999963
55637528144
55645074242
55652378997
55659673884
55666993680
55674482861
55681833211
55688954611
55695918452
55703161839
55710336652
55717661496
55724865654
55731976819
55739415893
55747056254
55754662266
55762160567
55769448401
55776794221
55784188451
55791299754
55798557247
55805894791
55813137948
55820628599
55827879498
55835322994
55842565861
55849688394
55856712578
55863898942
55870874717
55878246410
55885173684
55892399767
55899567021
55906633938
55913681026
55920676951
55927849484
55935287778
55942264563
55949603682
55956782304
55963983387
55971116324
55978297578
55985455101
55992726640
55999783719
56006944946
56014381495
56021708390
56029088146
56036463358
56043661136
56051110476
56058432307
56065862430
56073434324
56080801243
56088411570
56095843897
56102934468
56110226922
56117344819
56124405096
56131756119
56138764207
56146050082
56153303889
56160523224
56167957816
56175171689
56182416897
56189834536
56197105234
56204138766
56211192709
56218035251
56225437315
56232883993
56240421936
56247953070
56255252455
56262620293
56270072372
56277353045
56284595973
56291883578
56299265965
56306838134
56314342692
56321426577
56329111385
56336313018
56343651755
56350959831
56358234996
56365592628
56372563048
56379816028
56387292144
56394294877
56401580554
56408921356
56415923325
56423098091
56430180675
56436859233
56444308940
56451114625
56458386195
56465679322
56472702038
56479609345
56487011011
56494102836
56501387870
56508458092
56516052798
56523452627
56530555606
56537763957
56545218774
56552757589
56560265758
56567678180
56575085201
56582599872
56589959692
56597142981
56604527113
56611551175
56618914086
56626094896
56633053642
56640563677
56647434341
56654347845
56661370637
56668393612
56675708053
56682866556
56689765295
56696935931
56703828810
56711150579
56718072070
56725083341
56732647156
56740015192
56747181406
56754447208
56761633878
56768899175
56776309913
56783578041
56790977610
56798129274
56805396820
56813068515
56820601684
56827881317
56835284850
56842592145
56850197392
56857462047
56864563725
56871693265
56878711375
56885809642
56893353705
56900316092
56907679951
56914738438
56921872323
56929311703
56936492514
56943600113
56950917017
56957957847
56965318953
56972558133
56979767844
56987262917
56994534731
57001658166
57009117100
57016498891
57023882870
57031364310
57038447032
57045968420
57053569154
57060670282
57067967341
57075209994
57082332129
57089741995
57096955471
57104151275
57111405281
57118909380
57126471543
57133466121
57140810335
57148353358
57155459948
57162920411
57170083412
57177178481
57184680897
57192125816
57199280479
57206662606
57213727014
57220925098
57228130220
57235401009
57242685906
57249815461
57257162796
57264617323
57271835619
57279030260
57286544090
57293731250
57300669693
57307867057
57315010536
57322483744
57330029811
57337604535
57345228892
57352530588
57359928673
57367268298
57374389331
57381649425
57388822264
57395940390
57403130763
57410017232
57417432086
57424644996
57431494714
57438755543
57445933798
57453249249
57460454875
57467453677
57474485434
57481488489
57488743321
57496124316
57503284854
57510429541
57517951939
57525014373
57532188543
57539626500
57546779663
57554019792
57561238959
57568496284
57575901928
57583118066
57590260137
57597483282
57604861324
57612296589
57619664243
57626612845
57633996120
57641033018
57648329757
57655739363
57662783192
57670087550
57677295196
57684361379
57691813473
57698865396
57706261416
57713771360
57720802735
57727988334
57735160148
57742093297
57749442561
57756191697
57763376622
57770790574
57778090235
57785314053
57792483312
57799554268
57807108291
57814120602
57821287673
57828636003
57836195687
57843240098
57850801312
57857941057
57865204304
57872635131
57879655200
57886852136
57894265430
57901103811
57908615483
57915506420
57922936329
57930060208
57937112100
57944441565
57951639389
57958703751
57966114383
57973152107
57980304138
57987378981
57994708614
58001944764
58009251402
58016210423
58023515087
58030620850
58038026800
58045348309
58052426104
58059465940
58066868738
58074250606
58081706097
58088647202
58095948500
58103449218
58110633990
58117915245
58125233342
58132120974
58139462434
58146670601
58153706214
58160943665
58167924060
58175003661
58182247844
58189168064
58196335732
58203322431
58210413476
58217517511
58224569939
58231798883
58238913780
58245645566
58252803243
58259911822
58267143581
58274373672
58281685894
58288957342
58296344228
58303242585
58310636830
58317713554
58324829706
58332124303
58339291465
58346493481
58353558027
58360845096
58368384630
58375545993
58382412909
58389773280
58396916651
58404069829
58411440574
58418358591
58425544833
58432645899
58439380990
58446755024
58453789734
58460762924
58467845294
58474571541
58481724689
58488696455
58495703350
58503045468
58510229920
58517188115
58524199432
58531116455
58538417309
58545860606
58553013539
58560171904
58567668078
58574778600
58582131581
58589250763
58596437663
58603817021
58611328984
58618788836
58626029836
58633261534
58640719550
58647786008
58654647936
58661795331
58668877593
58675864032
58682986290
58689870264
58697086923
58703991139
58710999641
58718286067
58725358461
58732559468
58739545891
58746370104
58753544611
58760431677
58767710040
58775073578
58782127581
58789532781
58797056067
58804049682
58811152095
58818219318
58825275341
58832431273
58839718189
58847330505
58855100472
58862393126
58869986944
58877335809
58884473152
58891989522
58899064227
58906370329
58913705608
58920462531
58927452046
58934731755
58941573854
58948837850
58955955900
58963170814
58970566574
58977673913
58984901128
58991875419
58998857712
59006141139
59013291625
59020403998
59027702741
59034689883
59041829950
59048875401
59056117533
59063289102
59070651860
59077881967
59085357119
59092524756
59099768342
59107357968
59114483193
59121922130
59129427514
59136429651
59143724308
59150804949
59157746345
59165112408
59172216121
59179424563
59186327464
59193223710
59200537003
59207688942
59214765605
59222108396
59229283974
59236417431
59243589000
59250556635
59257830515
59264750812
59271803791
59279051554
59286218732
59293265973
59300606546
59307560411
59314762243
59321803288
59328930456
59336386238
59343706646
59350950400
59358336919
59365505780
59372815783
59379995323
59387593303
59395005603
59402144904
59409184403
59416482916
59423398149
59430556927
59437823234
59444724896
59451958843
59458978330
59466215857
59473309977
59480230443
59487422789
59494471576
59501484132
59508679860
59516002776
59523043270
59530290115
59537491978
59544836789
59552192952
59559377756
59566930387
59574256333
59581377320
59588713012
59595792077
59603191433
59610579588
59617850852
59625238641
59632706112
59639946975
59647228321
59654282279
59661477165
59668711709
59675528058
59682574350
59689676488
59696529710
59703784526
59710807915
59718217261
59725373499
59732307444
59739544405
59746775583
59753509924
59760684660
59767696329
59774853837
59782034632
59788967016
59796026574
59803431192
59810323873
59817372048
59824235077
59830967826
59838267074
59845440555
59852540016
59859820322
59866651282
59874001861
59881130973
59887988586
59895323253
59902260716
59909545291
59917020045
59924085753
59931395772
59938431553
59945847004
59953380678
59960654773
59967777917
59975337494
59982398001
59989778262
59997255892
60004726178
60012146005
60019345007
60026354074
60033779608
60040684972
60047693244
60054682973
60061808106
60068693198
60075944037
60083163479
60090888740
60098120071
60105165369
60112351274
60119177553
60126075343
60133276028
60140549893
60147852858
60154665168
60161633140
60168891521
60176027319
60183477761
60190932671
60198128276
60205635741
60212646675
60219899640
60226801853
60234098316
60241610509
60249081636
60255891712
60263164476
60270649587
60278112300
60285350439
60292447834
60299408630
60306793267
60313646611
60320976260
60328086461
60335445470
60342914058
60350108669
60357258022
60364755007
60371976821
60379442594
60386949692
60394305075
60401734587
60409053923
60416550051
60423994174
60431101422
60438498987
60445862739
60453337019
60460761283
60468249409
60475646133
60483289248
60490374127
60498051055
60505492332
60512926556
60520647548
60528081681
60535499717
60542719833
60549818452
60557167761
60564471430
60571516636
60578792108
60585862360
60592912631
60599967323
60607152846
60614346661
60621666364
60628827453
60636460500
60643697829
60650566641
60657895449
60665181553
60672554226
60679959961
60687345638
60694719381
60702081053
60709465950
60717202686
60724391957
60731942415
60739394494
60746633704
60754017500
60761433134
60768698370
60776224654
60783367780
60790936446
60798480279
60805726925
60812701032
60820098689
60827252464
60834642701
60841653773
60848814020
60856217506
60863449357
60870410230
60877797514
60884699451
60892287379
60899593756
60906809144
60913921548
60921062028
60928712135
60936285849
60943355505
60950602747
60957922114
60965168669
60972557834
60979615831
60986946566
60994140902
61001381841
61009192659
61016721606
61024230172
61031859043
61039192180
61046538322
61054121400
61061131447
61068353322
61075588983
61082791106
61090003740
61097367661
61104382665
61111826482
61119020496
61126376614
61133561402
61140638845
61147835568
61155343538
61162650405
61170331923
61177212088
61184708721
61191915740
61198862781
61206341207
61213894205
61221345948
61229246546
61236474557
61243853135
61251567364
61258963491
61266416489
61273911790
61281038362
61288649821
61296075217
61303446222
61310717348
61317729919
61324785300
61332317261
61339779713
61346867591
61353945937
61361122617
61368593408
61375953672
61383121171
61390561545
61397553294
61404687867
61411876389
61418946610
61426542173
61433741098
61441071558
61448211441
61455506695
61463080026
61470060636
61476988094
61484342926
61491355222
61498624084
61505980798
61513461488
61521117348
61528596493
61536026204
61543487952
61550785823
61558068210
61565801916
61573099863
61580283718
61587499657
61594877195
61601917903
61609175504
61616296736
61623654659
61630810117
61637948684
61645204051
61652316898
61659339308
61666519460
61673741274
61681236040
61688352621
61695355095
61702523252
61709772468
61717098078
61724396958
61731697628
61739202294
61746414270
61753938412
61761144697
61768203245
61775529298
61782617742
61789742462
61797336051
61804729654
61812147247
61819240220
61826578069
61833566252
61840903597
61847981820
61855012155
61861976317
61868986946
61875980055
61883133096
61890272015
61897606284
61904790797
61912079380
61919220105
61926348237
61933607169
61940873307
61947999603
61955184239
61962225452
61969748844
61976844693
61983833244
61991243462
61998397574
62005619128
62013017764
62020348270
62027695850
62035010030
62042345875
62049889571
62056948104
62064117729
62071343981
62078655713
62086061433
62093317106
62100358289
62107624060
62114645857
62121634040
62128953576
62135941208
62143230327
62150312406
62157379843
62164878771
62172185745
62179535544
62187137838
62194181744
62201326248
62208526764
62215681442
62222878883
62229768305
62236885498
62244276224
62251334619
62258738396
62266116959
62273364982
62280428778
62287540921
62294649699
62301897355
62308878638
62316354279
62323818935
62331274793
62338572373
62345993776
62353168344
62360668036
62367995987
62375522684
62382869453
62390134842
62397444906
62404873714
62411769807
62418862351
62426052387
62433137466
62440172849
62447236599
62454430766
62461742330
62468562780
62475971422
62482796492
62489893259
62497267920
62504261260
62511765405
62519146370
62526252348
62533616375
62541010330
62548427754
62555986169
62563252950
62570496092
62577886635
62585105618
62592457222
62599596095
62606866671
62614121686
62621402497
62628410142
62635624061
62642587688
62649929163
62657248301
62664197836
62671131291
62678441968
62685349596
62692572451
62699512240
62706808229
62714004324
62721001228
62728319585
62735585142
62742838153
62750314819
62757215869
62764567840
62771856607
62779060719
62786510014
62793921609
62801012196
62808702312
62816100138
62823410768
62830529491
62837826887
62845207760
62852361474
62859516137
62867024474
62874120476
62881086031
62888242284
62895369912
62902722847
62910071498
62917240665
62924458165
62931666301
62938678015
62945898896
62952808560
62959804026
62967269324
62974247777
62981699978
62988870920
62996031504
63003532726
63010847534
63017848814
63024986203
63032261552
63040064904
63047624894
63055077126
63062282967
63069481617
63076525385
63083826132
63090989010
63098224732
63105548292
63113151688
63120387211
63127747781
63134988368
63142409511
63149695768
63156749114
63164097306
63171233441
63178562156
63185954642
63193202099
63200813680
63207986274
63215346248
63222977107
63230359648
63237777226
63245032945
63252338266
63259824740
63266640370
63273949822
63281029209
63288042515
63295117602
63302402024
63309736492
63317142640
63324173449
63331328647
63338375353
63345488292
63352440016
63359598151
63366720684
63374158641
63381380639
63388620752
63395789307
63402964686
63410331207
63417915738
63424926061
63432170335
63439356837
63446704494
63454264392
63461605669
63468855421
63476047935
63482944579
63490246641
63497224390
63504148941
63511519073
63518509704
63525911355
63533512915
63540414821
63547736682
63554894343
63562162807
63569473316
63576502686
63583692065
63590726760
63597621735
63604942189
63612138773
63619149600
63626550272
63633930028
63640990320
63648462228
63655652708
63663094888
63670296062
63677471349
63685040764
63692359029
63699412590
63706948344
63714217925
63721574655
63728745780
63735687788
63743148496
63750167601
63757159976
63764452675
63771558944
63778770339
63786014246
63793026481
63800292665
63807506126
63814594616
63821894093
63828899733
63836130911
63843350675
63850839795
63858220102
63865481146
63872309658
63879513250
63886912361
63894262848
63901838842
63909076430
63916236279
63923550965
63930571936
63937986821
63945074500
63952272767
63959671541
63966708424
63973853341
63981170856
63988178608
63995420802
64002352054
64009352814
64016653836
64023274085
64030196004
64037349886
64044333571
64051464381
64058414421
64065755774
64072890501
64080023866
64087191258
64094441805
64101630449
64108673192
64115933991
64123308882
64130676398
64137950492
64145285909
64152834898
64159810321
64167031064
64174277297
64181468710
64188637908
64195896243
64203059581
64210644342
64218084303
64225481226
64232640387
64239759477
64247143884
64254524558
64261872964
64269449341
64276493920
64283743350
64290956015
64297938094
64305435323
64312360562
64319429744
64326834791
64333636727
64340912749
64348141188
64355159344
64362081079
64369205723
64376047593
64383245416
64390076591
64397282111
64404826587
64412173157
64419473001
64426836585
64433830598
64441397366
64449171908
64456301050
64463875146
64470903813
64478533480
64486152314
64493384624
64501118529
64508471816
64515927292
64523776880
64531157202
64538545940
64545791469
64553242125
64560332466
64567585156
64574879186
64582166148
64589347310
64596494751
64603741275
64611009341
64618546258
64625506244
64632802064
64640369597
64647912145
64655128314
64662574900
64669795873
64677086109
64684480415
64691905459
64699655276
64707402141
64714891077
64722720332
64730015831
64737500193
64744949534
64752460013
64759932181
64767499668
64774754255
64782194370
64789477522
64796787005
64804094469
64811096697
64818375534
64825927354
64833031863
64840252561
64847235695
64854640620
64862152155
64869126644
64876469803
64883860299
64891025886
64898488767
64905521703
64912819466
64920055005
64927303578
64934881745
64942627248
64949902581
64957284770
64964570936
64972070491
64979456291
64986653013
64994321556
65001797198
65009070756
65016711255
65023805758
65030710816
65038002597
65044999242
65052271530
65059565362
65066722411
65074085995
65081123490
65088331657
65095475257
65102634250
65109769191
65117033982
65124134223
65131373326
65138660089
65145794402
65153512044
65160939245
65168434730
65175693448
65182910871
65190204442
65197557041
65204782940
65212052154
65219395527
65226733192
65234312078
65241667415
65249019815
65256394981
65263729663
65271190280
65278557046
65286059049
65293382884
65300477555
65307897290
65315227122
65322375053
65329726948
65337017750
65344164533
65351711319
65358891211
65366309232
65373501319
65380921436
65388128593
65395441580
65402906878
65410165305
65417544817
65425062533
65432674971
65439951085
65447122700
65454602151
65462226478
65469909204
65477092968
65484486784
65492088008
65499338953
65506912637
65514455522
65521434005
65528937109
65535855203
65543098820
65550550088
65557598171
65564922204
65572438727
65579336885
65586535474
65593486784
65600565008
65607631252
65614586831
65621586183
65628890984
65635865061
65643157775
65650399434
65657525271
65664873907
65672302638
65679653783
65687078414
65694283138
65701663965
65709189408
3572657
10925118
18098507
25386479
32755234
39858626
47246354
54678681
61870124
69348305
76806367
84219599
91579052
98835383
106147758
113341313
120431287
127849171
135254891
142400175
150018137
157419848
164699282
171894398
179298711
186615415
193736571
200936093
208503534
215758901
223039666
230428832
237326852
244382401
251636636
258701794
265914030
273061303
280211773
287429548
294572322
301681452
308972790
315931734
323127095
330141502
337318105
344752849
351969370
359315267
366529278
373653937
381140763
388415928
395875351
403475994
410511102
417346928
424664000
431953899
439112815
446422405
453940290
461148594
468146217
475183590
482343439
489274538
496561025
503532378
510670578
517666197
524675081
531882284
539295455
546314988
553636971
560732836
567627965
574900345
581986234
589147506
596605736
603872379
611314866
618630040
625607697
632721677
639981221
647193335
654419188
661812164
669229772
676321949
683489173
690922632
697997781
704668045
711915380
718694764
725704902
732718683
739941690
747255136
754325832
761207466
768383824
775336343
782399573
789556806
796428846
803630480
810760739
817631755
824942232
832349207
839453655
846730488
853530374
860643727
867904449
874954475
882101916
889135938
896361898
903679383
910767705
917921801
925038367
932022373
939237914
946296233
953239480
960391694
967530154
974757507
981892050
988597183
995653926
1002529057
1009558275
1016795664
1023833404
1030850030
1038281271
1045368981
1052610761
1059815195
1066977783
1074415786
1081449961
1088631536
1096147125
1103438738
1110894551
1118169318
1125175923
1132522952
1139690987
1146907660
1154468002
1161682977
1169208481
1176440317
1183636917
1190805839
1197950220
1204939045
1211954034
1219026000
1226182376
1233523209
1240661210
1247885839
1254960758
1261910600
1269101768
1276109887
1283284088
1290550379
1297707489
1305030620
1312246651
1319447458
1327134546
1334483380
1341801233
1348969344
1355876973
1362919792
1370048475
1377004406
1384354572
1391234661
1398349451
1405678840
1412628390
1419718946
1426923272
1433578849
1440884079
1448041526
1455423026
1462637649
1469889314
1477367510
1484593379
1491441735
1498740126
1506162447
1513209887
1520614612
1528126438
1535520316
1542912572
1549977240
1557498965
1564662700
1571637710
1578776277
1585830801
1592922550
1600224643
1607239403
1614571362
1621747383
1628625559
1636087522
1643196239
1650110064
1657388763
1664474744
1671821682
1678944780
1686120832
1693567174
1700830023
1707820073
1715083962
1722206188
1729422908
1736424172
1743493706
1750742280
1757922539
1764733854
1772251953
1779440551
1786607560
1793732005
1800873219
1808061220
1815446209
1822541186
1829991628
1837012936
1844222311
1851506519
1858302855
1865524991
1872687870
1879541214
1886570952
1893367487
1900562328
1907569223
1914717352
1921752613
1928815384
1935861248
1943192503
1950369183
1957827152
1965230761
1972505712
1979833387
1987444617
1994599172
2001791197
2009179154
2016436189
2023973703
2031219340
2038527324
2046118464
2053383807
2060540826
2067694264
2074634054
2081917313
2089043731
2096307146
2103537834
2110395616
2117730879
2124774112
2131872501
2138964372
2145965209
2152979937
2160108850
2167069922
2174431027
2181365721
2188575296
2195971974
2203253978
2210488935
2217771169
2224950189
2232101853
2239409133
2246754984
2253860105
2261277729
2268282956
2275929330
2283051373
2290390584
2297804704
2304968607
2312474114
2319799142
2326921614
2334188333
2341465074
2348727755
2355968067
2362907826
2370157241
2377215651
2384230640
2391720724
2398646759
2406041295
2413216781
2420000204
2427012102
2434025148
2441062888
2448401823
2455510800
2462998559
2470314744
2477796398
2485165704
2492501947
2499627952
2506915878
2513929000
2520934273
2528092409
2535276233
2542319405
2549558416
2556525623
2563926432
2571074010
2577962591
2585272288
2592273277
2599362532
2606670899
2613528144
2620793732
2627798791
2634781283
2641826627
2648756624
2655809067
2662892401
2669769766
2677081131
2684298096
2691514494
2698758615
2705926772
2712982367
2720262673
2727159148
2734230227
2741361098
2748284241
2755460721
2762573538
2769726992
2777072155
2784127275
2791396061
2798560852
2805501804
2812701984
2820065139
2827236035
2834655984
2841804083
2848971735
2856319300
2863170120
2870231085
2877533209
2884610546
2892115257
2899139670
2906299489
2913572589
2920798549
2928161889
2935462299
2942577855
2949948461
2956887118
2964271281
2971422929
2978655255
2985964110
2993248945
3000194839
3007290138
3014307789
3021394749
3028664789
3035878647
3042934548
3050208872
3057449474
3064939712
3072301980
3079962675
3087369573
3094427295
3101616336
3109040401
3116184583
3123742890
3131055403
3138398271
3145934194
3152943353
3160457107
3167683067
3174664916
3181907217
3189041730
3196185560
3203393925
3210653347
3217852303
3224963544
3231827889
3239138382
3246475160
3253680955
3260776590
3267841243
3275053020
3282361173
3289603320
3296838798
3304072041
3311270247
3318575110
3325995028
3333344445
3340978548
3348202688
3355496534
3362784552
3370091005
3377782851
3385367428
3392735510
3400253930
3407445512
3414862141
3421983663
3429082190
3436588477
3443667405
3450849806
3458246239
3465201849
3472484113
3479754352
3486927665
3494177983
3501504526
3508780686
3516013975
3523193362
3530505523
3537634818
3544873784
3552187214
3559773627
3566782787
3574248544
3581587082
3588782213
3596160149
3603347599
3610814519
3618406303
3625548389
3633090156
3640424823
3647698229
3655298443
3662618544
3670148669
3677602554
3684766840
3692183836
3699451428
3706631779
3714048378
3721434667
3728508163
3735565242
3742542440
3749827412
3756970921
3764126043
3771514015
3778708641
3785878404
3793324716
3800347339
3807597887
3814868309
3822155852
3829100706
3836291813
3843373372
3850804750
3857920367
3865390883
3872808323
3880042912
3887644350
3895180350
3902446962
3909872756
3916707664
3924270439
3931724400
3938961682
3946250817
3953381412
3960421952
3967647469
3974670153
3981842702
3989027276
3996280409
4003664862
4010755571
4017911901
4025291076
4032305437
4039628445
4046996910
4054233152
4061420893
4068867924
4076055971
4083238908
4090572366
4098005320
4105271642
4112514983
4119932010
4127576931
4134931350
4142412698
4149618860
4156775206
4164201795
4171215269
4178473146
4185905396
4193069652
4200549102
4207966099
4215256901
4222440098
4229650253
4237033069
4244455222
4251633737
4259037682
4266071536
4273226474
4280364398
4287583887
4294937388
4302249947
4309399621
4316844984
4323965298
4331099290
4338491868
4345789340
4353062088
4360652648
4367845392
4375240065
4382507795
4389837489
4397173258
4404455217
4411668616
4419097837
4426031322
4433320656
4440403041
4447544897
4454976520
4462141954
4469279710
4476814822
4483851399
4491117874
4498099938
4504981266
4512024819
4519205645
4526304432
4533674289
4540630036
4547785158
4555038505
4562211742
4569180356
4576326481
4583158513
4590322539
4597546082
4604706008
4611869636
4618884977
4626257006
4633584345
4640704062
4648265551
4655470168
4662521082
4669768171
4676693349
4683868743
4690850363
4698062400
4705442294
4712353595
4719445435
4726885305
4733916956
4741227020
4748560616
4755562263
4762812658
4769924251
4777183305
4784369807
4791489127
4798801471
4806169737
4813199414
4820383881
4827554180
4834878932
4842355752
4849645498
4856966272
4864521642
4871588895
4878835710
4886344965
4893444609
4900832520
4908282319
4915516205
4922965576
4929678237
4936666329
4943817227
4950856191
4957948705
4965059028
4972260157
4979546353
4986448168
4993559715
5000726312
5008088916
5015543490
5022616940
5029550456
5036815676
5043805114
5051038327
5058324661
5065471398
5072825175
5080254518
5087257405
5094736902
5101840110
5109307229
5116854597
5124192201
5131672280
5139100644
5146273743
5153787129
5161105854
5168316636
5175759643
5182830048
5190243250
5197576295
5204643457
5211971652
5219069980
5226085826
5233454673
5240558723
5247728563
5255086287
5262065489
5269398213
5276337390
5283542604
5290873461
5298149881
5305421206
5312613048
5319562614
5326675752
5333964718
5341463508
5348898711
5356068399
5363005143
5370728262
5377817517
5385183488
5392710399
5400054338
5407555500
5414702160
5421698575
5429109069
5436015228
5442895837
5450012801
5457306249
5464577437
5471417623
5478223599
5485525937
5492170467
5499446137
5506579762
5513450150
5520601416
5527834858
5534853504
5542105719
5549124013
5556526107
5563563036
5570640280
5577897422
5584933831
5592094216
5599445361
5606663625
5613999975
5621461418
5628689398
5636217916
5643712331
5650678696
5658091332
5665172080
5672213446
5679464774
5686413391
5693524479
5700509205
5707348488
5714362942
5721370694
5728644482
5735866067
5742778545
5749764128
5756966496
5764106118
5771403132
5778521319
5785582529
5793081182
5800258259
5807246228
5814611663
5821635006
5829018097
5836141731
5843110315
5850631504
5857904971
5865203898
5872678101
5879916026
5887394145
5894453412
5901536746
5908931802
5916017997
5922835815
5930129218
5937262323
5944642431
5951811200
5959024033
5966352963
5973372557
5980501270
5987709406
5994738823
6002023383
6009353398
6016404036
6023744165
6030895752
6037764274
6045026802
6052132566
6059652929
6067076963
6074326378
6081486411
6088821782
6096138594
6103612139
6110781918
6118158690
6125731395
6132792942
6140173004
6147456737
6154652373
6162056640
6168970495
6176022403
6183302801
6190274062
6197069756
6204281993
6211176846
6218484156
6225446727
6232577568
6239940417
6247125068
6254200981
6261292837
6268287997
6275596104
6282885115
6290177463
6297466321
6304702380
6311927040
6319371010
6326558751
6333662618
6340883422
6347947968
6355240223
6362619627
6370035889
6377575209
6384690061
6392128584
6399412562
6406709622
6414091902
6421080667
6427998822
6435295790
6442210426
6449561403
6456635847
6463746018
6471057949
6478136463
6485052186
6492230334
6499050538
6506355355
6513623895
6520611206
6527775232
6535028809
6542028100
6549319147
6556350476
6563655538
6570812847
6578070953
6585377544
6592833173
6599813018
6607337436
6614602120
6621702055
6629127328
6636373546
6643895837
6651096262
6658123812
6665582990
6672535846
6679626264
6686926720
6694037395
6701125150
6708439591
6715670095
6723015977
6729921189
6737033424
6744352990
6751435100
6758755033
6765669990
6772532637
6779761642
6787404405
6794725241
6802361793
6809795374
6817111849
6824382639
6831495823
6838673864
6845840109
6852951350
6860335359
6867425165
6874614513
6881999058
6889031412
6896470088
6903626174
6910716117
6918195843
6925367596
6932605338
6940012205
6946751672
6954096085
6961190832
6968322866
6975763226
6982756397
6990007128
6997349674
7004101457
7011476103
7018648514
7025781435
7032945216
7040147263
7047238920
7054475958
7061723047
7069082470
7076449634
7083406819
7090680730
7098262171
7105453523
7112910421
7120213708
7127722627
7135242378
7142233116
7149576305
7156974238
7164365760
7171892503
7179097655
7186275757
7193534567
7200523898
7207803714
7215008454
7222026854
7229473640
7236172377
7243283190
7250316432
7257476021
7264476735
7271496681
7278408410
7285747958
7293008114
7300239781
7307634929
7314797976
7322136942
7329675007
7336779394
7344402894
7351758339
7359195516
7366575195
7373687676
7381041896
7388599714
7395712301
7402941414
7410067878
7417107225
7424856185
7432198441
7439266123
7446494332
7453551121
7461071469
7468195149
7475169608
7482086325
7489080949
7496208255
7503700405
7510887779
7518178030
7525353684
7532554889
7539964358
7547324836
7554604484
7562140254
7569371662
7576833426
7584448787
7591723539
7599282642
7606760930
7613887792
7621168190
7628180547
7635284337
7642546941
7649590113
7656997210
7664306953
7671431153
7678669614
7685715539
7692795737
7700107362
7706966337
7714154001
7721518212
7728685176
7735954114
7743019471
7750146104
7757385666
7764529282
7771969213
7779266043
7786314768
7793672523
7800980048
7808481791
7816008947
7823217863
7830520140
7837957287
7844888538
7852089912
7859441439
7866694588
7874101257
7881491524
7888833795
7896304510
7903176612
7910323961
7917471784
7924581404
7931856339
7938998685
7946082616
7953276110
7960134825
7967223927
7974367389
7981249207
7988573853
7995425330
8002495047
8009749833
8016660047
8024069761
8031340520
8038632683
8045930171
8053299783
8060340063
8067718626
8074814368
8082123392
8089718067
8096711177
8104057839
8111376197
8118655095
8125796110
8132628187
8139745395
8146817117
8153752377
8161019479
8168270348
8175184296
8182575741
8189712839
8196652231
8203978314
8210952605
8218113372
8225189867
8231989248
8239412778
8246540727
8253900149
8261378269
8268315824
8275621345
8282871311
8289961331
8297478955
8304527604
8311824985
8319361964
8326501265
8333935688
8341444745
8348430954
8355876791
8363190160
8370384526
8377848402
8385108053
8392178458
8399513217
8406560657
8413870584
8420943147
8428092546
8435413076
8442453080
8449633799
8457007878
8464033271
8471357167
8478642767
8485850735
8493081270
8500021977
8507033539
8514313462
8521387632
8528744759
8536164081
8543210634
8550405872
8557640568
8564968764
8572456247
8579765072
8587166830
8594626498
8601883716
8609257521
8616640734
8623666816
8631126897
8638219181
8645445754
8652721470
8659831502
8667218388
8674514331
8681562261
8688792566
8695826175
8703024795
8710302943
8717141753
8724287358
8731662799
8738623611
8746122110
8753139195
8760336024
8767549913
8774710252
8782053165
8789283655
8796573217
8804083360
8811231795
8818554131
8826014196
8833384987
8840930166
8848173569
8855261447
8862809381
8869883535
8877002349
8884455408
8891617353
8898814228
8906223865
8913347254
8920722329
8927751990
8934653040
8941811053
8948806351
8956043098
8963435277
8970360731
8977786371
8984946006
8991968309
8999367985
9006193514
9013208197
9020533837
9027523780
9034854683
9042083979
9049129659
9056637890
9063881415
9071162945
9078555002
9085722761
9093222362
9100653190
9107936847
9115216785
9122509500
9129545098
9136623796
9143822033
9150690356
9157774103
9164594246
9171918509
9179106755
9185997416
9193346388
9200337570
9207722911
9215098506
9222120594
9229435554
9236484631
9243601380
9250998716
9258065802
9265555978
9272957659
9279867567
9287007848
9294270712
9301213087
9308260925
9315386793
9322700728
9330376294
9337353339
9344609181
9351990268
9358974213
9366016772
9373160419
9380375394
9388023711
9395544548
9403159695
9410783670
9418043841
9425601444
9432924498
9440203734
9447609087
9454779569
9462045998
9469518901
9476446404
9484001743
9491373161
9498576248
9505986344
9513103842
9520329359
9527659773
9534553555
9541767735
9548653851
9555524898
9562737716
9569962957
9576964910
9584264969
9591231839
9598373588
9605430392
9612325276
9619654006
9626961072
9633858924
9641129148
9648324095
9655353297
9662196528
9669202077
9676660429
9684122805
9691079899
9698458049
9705623115
9712762340
9720081110
9727318959
9734686689
9742206823
9749436165
9756859679
9764024409
9771307132
9778462743
9785550591
9792644252
9799617655
9806497285
9813793044
9820716692
9827883763
9835258057
9842388622
9849463097
9856715924
9863551062
9870654882
9877588919
9884507242
9891747432
9899084990
9906456071
9913992805
9921019529
9928231444
9935191506
9942246351
9949458343
9956910285
9964041033
9971366245
9978378923
9985751366
9992730920
9999660519
10007008911
10013913586
10020871629
10028283025
10035215899
10042461520
10049441058
10056496653
10063822018
10070993526
10078110856
10085417417
10092518193
10099744169
10107098542
10114388181
10121857886
10129538303
10136749040
10144309718
10151337789
10158845162
10166209909
10173263408
10180570137
10187811397
10194935261
10202274962
10209400325
10216556364
10223805535
10230675908
10237933631
10244970652
10251723521
10259110667
10266021585
10273279385
10280726155
10287884934
10295028993
10302121568
10309100847
10316771655
10323998870
10331211290
10338609758
10345980686
10353153204
10360414568
10367457954
10374797578
10381915872
10389049865
10396460282
10403469916
10410424821
10417562853
10424704816
10432086072
10439296625
10446082848
10453125025
10460082318
10467234762
10474518250
10481561070
10488876321
10496213298
10503247428
10510846677
10518102228
10525413976
10532985471
10540172249
10547596987
10554752583
10562220130
10569740600
10576926261
10584143684
10591611736
10598768938
10605998219
10613442465
10620610560
10627816570
10635032769
10642259693
10649438484
10656259086
10663134967
10670171866
10677244245
10684322759
10691515886
10698685879
10706192763
10713212954
10720620433
10728156127
10735002219
10742025286
10749303542
10756315624
10763483154
10770401034
10777854000
10785396365
10792691558
10799882665
10807017759
10814203174
10821632120
10828993898
10836514980
10844108019
10851449020
10858891292
10866186775
10873081583
10880488389
10887366688
10894787784
10902040994
10909330281
10916420256
10923822227
10930651581
10937898197
10945068633
10952117726
10959414755
10966341692
10973241885
10980506187
10987261505
10994461103
11001595692
11008881139
11015946924
11022893415
11029914095
11037300231
11044366031
11051959284
11059168154
11066471655
11073907531
11081171849
11088366536
11095580777
11102746027
11110005556
11117182051
11124494977
11131793092
11139153295
11146319249
11153535984
11160600024
11167708863
11175058004
11182278518
11189548527
11196704138
11203913360
11211220258
11218190081
11225230988
11232410911
11239293922
11246511008
11253465042
11260730201
11268265237
11275577428
11282916501
11290243687
11297494831
11304424828
11311593261
11318993014
11326369634
11333790394
11341555419
11349256873
11356572124
11363856194
11371228576
11378303265
11385822297
11392771664
11399895910
11406959599
11413988159
11420850270
11428123217
11435059457
11442345990
11449293735
11456274467
11463601239
11470658869
11477930852
11485280926
11492076330
11499213718
11506290718
11513276928
11520626145
11527463164
11534594601
11541957696
11548907216
11556329873
11563462075
11570702249
11578196205
11585420467
11592771688
11600377946
11607589907
11614905540
11622226407
11629410476
11636584554
11643905864
11651146038
11658341078
11665342954
11672193912
11679274186
11686526539
11693651259
11700657711
11707725607
11715166456
11721997646
11728983136
11735954734
11742846390
11749847119
11757325437
11764586282
11771910713
11778877002
11786003115
11793284859
11800125198
11807423100
11814423507
11821265652
11828785174
11835924016
11843173630
11850653617
11857897907
11865212531
11872613309
11879830732
11887400667
11894602897
11901830388
11909292687
11916400455
11923677656
11930872878
11938200752
11945694753
11953042762
11960056649
11967551477
11974541985
11981708001
11988905090
11996094055
12003538362
12010860299
12018116447
12025669888
12032782690
12039967800
12047466314
12054605983
12062238969
12069501298
12076474839
12083855375
12091104056
12098151894
12105570987
12112422204
12120015120
12127583663
12134848745
12142518390
12150175046
12157511610
12165278181
12172607615
12179670768
12187052361
12194177463
12201721358
12209188064
12216635982
12224558046
12231959421
12239558181
12247084665
12254034980
12261319540
12268537713
12275614972
12282837552
12289786659
12297228471
12304645345
12311784616
12319217586
12326452206
12333757757
12341305079
12348641995
12356012357
12363410427
12371028067
12378616133
12385994803
12393109548
12400119411
12406961647
12413864640
12421129019
12428040564
12435398090
12442843284
12449827673
12457178711
12464256980
12471225993
12478609436
12485813854
12493056645
12500304867
12507364837
12514777733
12521869865
12528810297
12536221372
12543443523
12550930057
12558446244
12565924011
12573264691
12580438158
12587752644
12595196660
12602256202
12609290347
12616394718
12623536070
12630835960
12638117169
12645493849
12653104513
12660209848
12667524228
12674721424
12681946329
12689118234
12696345220
12703318287
12710589857
12717670865
12724691591
12732001411
12739022520
12746056557
12753141635
12760347905
12767542439
12774407396
12781479071
12788842120
12795852075
12803251155
12810469481
12817507756
12824625224
12831788531
12838846391
12846259195
12853305594
12860515735
12867870705
12874969951
12882142836
12889191194
12896210895
12903300272
12910654982
12917964358
12925276213
12932387148
12939671264
12946944915
12953994818
12961504808
12968967153
12976383446
12984007635
12991411090
12999044459
13006595147
13013888718
13021301874
13028591483
13035605140
13042856820
13049762445
13056996438
13064136473
13071375347
13078962189
13086410382
13093830117
13101442448
13108906538
13116320535
13123682742
13130779020
13138053466
13145272909
13152350230
13159771495
13166935414
13174224854
13181635547
13188655615
13195919933
13203212326
13210258649
13217544601
13224755552
13232044151
13239512402
13246787659
13254118792
13261383874
13268311378
13275555729
13282935516
13290275905
13297914537
13304924737
13312158730
13319235286
13326395273
13333659896
13340677027
13347582208
13354779557
13361803925
13369168809
13376413390
13383761720
13391015328
13398380533
13405792129
13413337997
13420307453
13427620884
13435066368
13442418982
13449584187
13457134828
13464150123
13471599295
13478827887
13485895141
13493160117
13500057647
13507105837
13514377208
13521335939
13528871235
13535787554
13542732882
13549923055
13556950713
13563840532
13571028931
13578121950
13585518612
13592441281
13599565558
13606859068
13614062308
13621243087
13628696528
13635650088
13642929919
13650216560
13657430464
13664691354
13671953652
13679443782
13687056542
13694258711
13701466404
13708952173
13716047273
13723514805
13730796381
13737685084
13744821876
13751813563
13759118150
13766349557
13773198786
13780364602
13787164106
13794128650
13801504459
13808300780
13815568311
13822747224
13829703614
13836876315
13844202414
13851513504
13858951017
13866209781
13873725447
13880735570
13887955135
13895521062
13902735379
13909887242
13917252050
13924476327
13931783240
13939148691
13946443991
13953763541
13961093542
13968106863
13975163636
13982322904
13989551588
13996721122
14003734626
14010789380
14017859984
14024745520
14032181213
14038950330
14046027667
14053234257
14060011102
14067161220
14074291846
14081412742
14088840387
14095859522
14103234489
14110629851
14117675700
14124925100
14131943011
14138904664
14146150928
14153401950
14160941683
14168386908
14175813956
14183198654
14190687178
14197874016
14205128710
14212530712
14219902910
14227285941
14234444459
14241337629
14248563436
14255558352
14262824459
14270037093
14277153016
14284530447
14291507920
14298626826
14305778352
14312552871
14319912492
14327025202
14333862497
14340952869
14348008647
14354959942
14362191717
14369186586
14376443223
14383771418
14390914575
14398244897
14405628646
14412535495
14419926435
14427164207
14434693215
14442030988
14449317383
14456466507
14463775103
14471063870
14478536543
14485483737
14492715221
14500100256
14507147298
14514504747
14521949635
14528949921
14536281635
14543276749
14550357696
14557651573
14564615995
14571807760
14578899525
14585906420
14593295493
14600436539
14607804774
14615159193
14622479096
14629898892
14637082212
14644405205
14651910482
14659287606
14666695866
14674034328
14681471245
14688659139
14696130863
14703477434
14711062531
14718567839
14725892408
14733380779
14740886347
14748165352
14755610363
14762540376
14769803943
14777064742
14784111509
14791495595
14798624186
14805820602
14813292006
14820216862
14827603197
14834583914
14841536632
14848681135
14855710521
14862711510
14869947691
14876946600
14884335628
14891482197
14898577388
14905847367
14913051831
14920086281
14927525386
14934677493
14941936425
14949186498
14956319848
14963436016
14970621125
14977604933
14985040733
14992181212
14999467011
15006560932
15013615212
15020746511
15028315681
15035439300
15042968124
15050083634
15057376945
15064850582
15071809557
15079109126
15086586343
15093896255
15101492445
15108637422
15115726402
15123349520
15130785136
15138169482
15145520612
15152857681
15160418559
15167699370
15174820724
15181978324
15189169921
15196380505
15203633607
15210612381
15217805860
15224780579
15231847833
15239212488
15246481150
15253781744
15261093155
15268020368
15275291586
15282395544
15289248598
15296451822
15303551390
15310767267
15318305914
15325344817
15332904501
15340212301
15347461472
15354961226
15362280623
15369563469
15377005710
15384208859
15391940851
15399457848
15406807142
15414233456
15421567052
15428804824
15436111844
15443112084
15450451693
15457674547
15464837426
15472066033
15479208823
15486233543
15493537717
15500689947
15507744318
15515020171
15522198671
15529565958
15536925243
15544013625
15551542098
15558640456
15565584468
15573095238
15580392359
15587804077
15595145874
15602219614
15609703625
15616900163
15624302349
15631969883
15639112367
15646335007
15653294028
15660447513
15667983268
15675337947
15682654836
15690013799
15697366489
15704504460
15711858389
15718911689
15726100654
15733456267
15740657411
15747981567
15755269278
15762430611
15769682307
15776481060
15783632235
15790858011
15798023154
15805223273
15812598439
15819826511
15827277887
15834506571
15842191057
15849566911
15856850782
15864313587
15871341045
15878404902
15886057473
15893271132
15900757422
15907970102
15915360553
15922761958
15930122681
15937336035
15944655952
15951578254
15958937860
15966189081
15973410023
15980703823
15987936516
15995103403
16002418379
16009444736
16016631314
16023885641
16030979868
16038286536
16045655689
16052783485
16060189756
16067442813
16074853444
16082298501
16089330794
16096825897
16104149777
16111543441
16119252407
16126238724
16133831089
16141379252
16148632967
16155998417
16163548860
16170864953
16178531783
16185778062
16193208767
16200592608
16207575268
16214578705
16221849082
16228610534
16235775570
16243026898
16250137665
16257400024
16264195978
16271355200
16278705672
16285871442
16293376475
16300689018
16307684377
16314988933
16322091392
16329249115
16336673608
16343670910
16350877853
16358075202
16365245593
16372281451
16379056199
16386028807
16393144653
16400115792
16407323041
16414412602
16421734448
16429271151
16436621623
16443796436
16451220087
16458493493
16465936576
16473395877
16480725877
16488059274
16495454499
16502847092
16510432816
16517672256
16524869866
16532162733
16539347644
16546683198
16554149399
16561226919
16568835640
16576106276
16583448547
16590758535
16597552439
16604726915
16611978029
16619130121
16626339313
16633379730
16640658965
16647850118
16655065323
16662217690
16669572722
16676628454
16684052779
16691211925
16698616130
16706241130
16713581764
16721120365
16728603472
16736058244
16743337877
16750425067
16757562134
16764955997
16772309208
16779696246
16787019729
16794107439
16801474863
16808643755
16815761315
16822961112
16830181809
16837268188
16844594226
16851761740
16858970871
16866237988
16873229124
16880517815
16887699650
16894877936
16902171981
16909257717
16916638636
16923833691
16931092041
16938540051
16945833959
16953026076
16960223456
16967176066
16974362813
16981513329
16988615497
16995978316
17003333960
17010533512
17017923856
17025058659
17032279861
17039530501
17046786021
17054067735
17061370929
17068446200
17075873861
17082761691
17090029329
17097269319
17104343642
17111643608
17118800964
17125823403
17133053128
17140081550
17147247963
17154606437
17161787522
17169047326
17176240637
17183131619
17190558591
17197778737
17205081167
17212513464
17219633869
17226970143
17234309614
17241476409
17248806150
17255868156
17263279017
17270888334
17277960376
17285110709
17292651498
17299827228
17307145891
17314562398
17321647201
17329019490
17336086713
17343281187
17350511385
17357702722
17365109391
17372250084
17379444282
17386808371
17393989013
17401146796
17408232961
17415071586
17422351449
17429744241
17437165444
17444635333
17451895489
17459084530
17466538247
17473409201
17480683127
17487988372
17495121263
17502567452
17510133378
17517528985
17524983757
17532272096
17539640224
17547038585
17554020939
17561289372
17568515042
17575644918
17582866794
17590133437
17597363115
17604646420
17611723313
17619073065
17626110805
17633403627
17640940239
17648095758
17655451814
17662862997
17669740974
17676917041
17684343171
17691436481
17698816788
17705755980
17713154663
17720481098
17727742800
17734851378
17742124432
17749270282
17756675390
17763928967
17771110175
17778291995
17785700485
17792970433
17800433298
17807612074
17815047093
17822089010
17829346611
17836823277
17843885604
17851145577
17858537634
17865715966
17873305148
17880697114
17887848992
17895336276
17902320420
17909592770
17917005314
17924329057
17931583001
17938846370
17945989803
17953465367
17960579332
17967721647
17974936148
17982013132
17989309932
17996502370
18003775929
18011129461
18018379044
18025477847
18032621906
18039611864
18046894542
18054028580
18061074750
18068154259
18075547265
18082637545
18090052736
18097345420
18104547772
18111842721
18118916737
18126107538
18133357137
18140326180
18147811628
18155181898
18162287280
18169525465
18176427800
18183432721
18190475556
18197480309
18204958934
18212040569
18219177667
18226514828
18233898685
18241049752
18248286529
18255178062
18262278563
18269239191
18276544803
18283943807
18291282849
18298591017
18306111625
18313263472
18320707458
18328044787
18335368897
18342708750
18350051756
18357303405
18364742143
18371624649
18378882693
18386348160
18393445922
18400524681
18407637636
18414655486
18421782807
18429088909
18436472567
18443714806
18450960075
18458242478
18465468408
18472577568
18479773112
18486568821
18493791186
18500930916
18508074761
18515369189
18522851287
18530078456
18537436961
18544648554
18551742491
18558907864
18566023297
18573522210
18580917893
18587661628
18595078548
18602097958
18609148994
18616424618
18623495743
18630878283
18638330653
18645513697
18653138483
18660221847
18667474583
18674982951
18682150083
18689527192
18696762792
18703860921
18711454938
18718826799
18726321045
18733740199
18741058342
18748425429
18755990163
18763164470
18770508776
18777886299
18785167722
18792551211
18799757373
18806954049
18814316715
18821402681
18828742428
18836114350
18843275439
18850772071
18857959124
18865240838
18872551040
18879568706
18886998233
18894140442
18901153503
18908595468
18915734693
18922797816
18930252710
18937347183
18944771752
18952132460
18959532657
18966779104
18973967228
18981221738
18988729662
18995639616
19002887073
19010246649
19017301509
19024828084
19032280699
19039407408
19046825093
19054007709
19061190080
19068386817
19075527388
19082867808
19090087312
19097254199
19104561525
19111610082
19118918142
19126101217
19133024115
19140233062
19147589302
19154430299
19161928875
19168970103
19176277582
19183537157
19190896273
19198407900
19205697264
19212957374
19220510219
19227908014
19235336286
19242475939
19250022787
19257481705
19264931367
19272056653
19279481850
19286886102
19294192081
19301772298
19309327362
19316420549
19323790054
19330993049
19338497974
19345769085
19352704881
19360100259
19366908162
19374158373
19381436935
19388427872
19395628526
19402770291
19409898775
19417046537
19424209844
19431523428
19438922263
19446127783
19453463949
19460465413
19467662242
19475056273
19482321998
19489620756
19497360613
19504484507
19511851350
19519375554
19526675168
19533793340
19541339943
19548879309
19556321871
19563456384
19570729193
19578129619
19585529678
19593014469
19600490737
19607463498
19614966220
19621936350
19629250729
19636605638
19643576715
19650978488
19658344230
19665401569
19672807427
19679910941
19687153671
19694480672
19701710351
19708984690
19716383158
19723543129
19731019796
19738288657
19745734831
19753126016
19760342383
19767695976
19775265468
19782115079
19789414709
19796649865
19803922337
19811248727
19818324533
19825854566
19833346823
19840467366
19847836045
19855170024
19862304567
19869649944
19876663525
19883902414
19891092358
19897931535
19905315896
19912478591
19919630270
19926978187
19934183370
19941395683
19948601111
19955336033
19962788969
19969998880
19977105393
19984398383
19991710314
19998854374
20006053376
20013273660
20020711174
20028007591
20035303931
20042752675
20050208457
20057671353
20065126248
20072424271
20079933465
20087383005
20094717978
20102183184
20109408349
20116553403
20124038301
20131092764
20138391751
20145716580
20152666314
20160088452
20167368130
20174552689
20182011822
20189200833
20196476977
20203860298
20210741886
20217978710
20225117032
20231972579
20239352963
20246446961
20253680112
20260583610
20267820372
20275184706
20282497586
20289744216
20297020208
20304268032
20311531569
20318956155
20326246482
20333259681
20340748128
20347999762
20355243608
20362475077
20369611976
20377260905
20384383927
20391711525
20399037165
20406175044
20413498465
20420775819
20427932990
20435159073
20442246507
20449473264
20456919299
20463990301
20471685819
20479258630
20486447580
20493641640
20500643027
20507622015
20515083840
20522138395
20529574425
20536979793
20544175827
20551552890
20558845436
20566101614
20573415595
20580650307
20588104865
20595575457
20602912863
20610615618
20618224751
20625589513
20632970784
20640247571
20647607361
20654953197
20661845923
20669135440
20676270228
20683456913
20690639743
20697890673
20705284184
20712451683
20719459083
20726583773
20733753154
20740837590
20748225424
20755360977
20762560759
20769893896
20777092118
20784326310
20791937478
20798987688
20806427037
20813683950
20820915234
20828331389
20835742005
20843051412
20850547234
20857831947
20865442993
20872797856
20879977243
20887136771
20894143284
20901368173
20908957432
20915948951
20923429840
20930568024
20937788262
20944760381
20951940671
20959232222
20966320085
20973368305
20980648428
20987842702
20995021187
21002346903
21009594758
21016628321
21023838859
21030920984
21038302224
21045813499
21053140455
21060409302
21067901513
21075245360
21082754309
21089911572
21097103965
21104685528
21111930981
21119510493
21127032876
21134282169
21141626261
21148610527
21155869842
21163254999
21170149408
21177486095
21184931641
21192040648
21199513627
21206462321
21213841006
21221329698
21228609867
21235748969
21242993886
21250240257
21257982608
21265218391
21272770395
21280529790
21287865956
21295359544
21302507857
21309635699
21316993209
21324093510
21331282873
21338797499
21345867261
21353156181
21360455337
21367530929
21375006815
21382292232
21389458170
21396819536
21403833974
21411031185
21418327587
21425391842
21432858716
21440063991
21447361479
21454647691
21461592116
21468894470
21476200097
21483295136
21490693573
21497901587
21505300866
21512754383
21520057333
21527244049
21534609653
21541717023
21549163410
21556712033
21564322207
21572016210
21579587843
21586949928
21594310054
21601565314
21608741809
21616129812
21623222540
21630567841
21637615388
21644757703
21652142478
21659163893
21666744767
21674124967
21681282950
21688481079
21695545824
21702852385
21710299920
21717322146
21724652972
21731781625
21738958197
21746351340
21753556309
21760734075
21768046909
21775271125
21782681619
21790284128
21797663777
21805003294
21812329224
21819891724
21827282695
21834488000
21842016534
21849595985
21856673367
21863863755
21871122489
21878041225
21885391391
21892621329
21899793985
21907055625
21913933021
21921018910
21928209558
21935108925
21942144354
21949314929
21956568353
21963787260
21970905508
21978259974
21985528866
21992440427
21999858188
22007065161
22014430795
22021781481
22029174533
22036595003
22044026488
22051166753
22058737652
22066140649
22073590571
22080779536
22088230162
22095822695
22103307470
22110431058
22117671569
22124885167
22131742306
22139096083
22146423283
22153454046
22160700769
22167825229
22175036364
22181913439
22188741354
22196093326
22203443170
22210635104
22218007179
22225195027
22232621831
22239885521
22247055897
22254428217
22261757667
22268912880
22276263061
22283265933
22290492949
22297952341
22305377982
22312848222
22320392285
22327881849
22335377580
22342443196
22349833677
22357234976
22364591920
22371944350
22379499398
22386458022
22393752037
22401033781
22408031619
22415060270
22421802934
22428804780
22436066696
22443035035
22450189162
22457197021
22464364933
22471750106
22478838137
22485884154
22493059012
22499973878
22507361667
22514363482
22521509730
22528624383
22535681982
22542760313
22549818356
22556632517
22563863159
22571190681
22578391075
22585589587
22592856843
22599889962
22607253362
22614442603
22621702973
22628781426
22635990434
22643275514
22650658361
22657796759
22665147109
22672306744
22679408698
22686728631
22693998762
22701356808
22708814778
22716196477
22723784313
22731015078
22738608666
22745951473
22753348319
22760703182
22767971707
22775166012
22782594927
22789631091
22796708244
22803905502
22811091330
22818335222
22825603809
22832714132
22840141272
22847276259
22854525720
22861902324
22869138719
22876387354
22883916530
22891028567
22898375413
22905664394
22912681999
22919854211
22927067901
22934645608
22942207480
22949454080
22956997149
22964252623
22971164291
22978386962
22985657307
22993285673
23000758591
23007897326
23015390807
23022684470
23030033596
23037502061
23044709142
23051771576
23058883153
23065933806
23073165290
23080450446
23087597612
23094986196
23102190262
23109390504
23116420349
23123531651
23130762553
23138063163
23145285252
23152845456
23160057295
23167267007
23174851339
23182086648
23189603752
23196996437
23203858824
23211221535
23218531371
23225830144
23233345596
23240466797
23247940434
23255377657
23262709264
23270003309
23277203749
23284439150
23291899797
23299039481
23306348077
23313485068
23320798774
23328064239
23335525452
23342574897
23349903948
23357071341
23364376815
23371713762
23378833525
23385957144
23393343632
23400183069
23407124204
23414367224
23421638748
23429031846
23436056367
23443360418
23450815833
23458043063
23465469454
23472849577
23480162151
23487763329
23494907970
23502457800
23509949369
23516964786
23524592907
23531902436
23539168651
23546520729
23553695068
23561012568
23568228920
23575203073
23582442238
23589728480
23596560619
23603943465
23611157308
23618357458
23625817447
23632851484
23640117546
23647485384
23654552025
23661931322
23669207482
23676412237
23683952276
23691260076
23698647987
23706131951
23713270641
23720682756
23728084896
23735483793
23743049627
23750385120
23757979367
23765342814
23772757867
23780135297
23787335385
23794539008
23801948783
23809090394
23816478672
23823636655
23830876615
23838068931
23845327695
23852590237
23860047534
23867054062
23874320093
23881583477
23888905751
23896291658
23903561529
23910642813
23918004913
23925229588
23932535522
23939956420
23947300496
23954528782
23961767427
23969001328
23976454922
23983730653
23990997816
23998504058
24005677876
24012975042
24020334113
24027679628
24035165306
24042264276
24049587177
24056814408
24063657103
24070927770
24078294323
24085187478
24092618718
24099874942
24107072322
24114531470
24121720665
24128808206
24136223336
24143390559
24150537954
24157658988
24164829593
24171998025
24179169043
24186493444
24194058361
24201099926
24208446006
24215691138
24222787446
24230412507
24237929122
24245288712
24252725094
24259901972
24267567471
24275065190
24282200360
24289681479
24296656519
24303893572
24311371432
24318577120
24325851337
24333180572
24340389075
24347726695
24354972316
24362049255
24369242259
24376335064
24383586101
24391004627
24398194281
24405457589
24412692959
24419781540
24427186389
24434481918
24441720363
24449175365
24456441733
24463856679
24471402868
24478406933
24486279012
24493710024
24501294509
24508846910
24516255996
24523582248
24530924826
24538049225
24545610148
24552732053
24559626570
24566927592
24574094082
24581326988
24588447471
24595300692
24602523134
24609779756
24617049000
24624507826
24631731767
24639114201
24646564138
24653743235
24660927931
24668255805
24675537855
24682996146
24690306869
24697482094
24704974764
24712140718
24719635852
24726929377
24734252890
24741738752
24749118967
24756319377
24763842983
24771074773
24778766695
24786174129
24793547964
24800860767
24808121703
24815080602
24822501669
24829690695
24837026127
24844417205
24852126492
24859428785
24866668010
24873663874
24880989591
24888181279
24895539355
24903010192
24910184806
24917473710
24924693444
24931734274
24939151990
24946168845
24953102637
24960411630
24967713555
24975154833
24982766981
24989990080
24997773282
25005327121
25013049093
25020697807
25027926201
25035420492
25042964433
25050007206
25057566126
25064774751
25072132751
25079505300
25086439949
25093534605
25100746826
25107850738
25115178995
25122476651
25129477044
25136739663
25144002496
25151178961
25158548222
25165723815
25173096058
25180336707
25187357051
25194810140
25202242283
25209446028
25216932593
25224060481
25231536856
25238938614
25246072713
25253630959
25260953983
25268120702
25275794172
25283142502
25290872949
25298427003
25305829724
25313301892
25320496580
25327718379
25335054270
25342176634
25349358821
25356603646
25363699236
25370984621
25378152426
25385273505
25392679853
25399703930
25406978866
25414350498
25421590947
25428593176
25435784803
25442815367
25450279595
25457507973
25464793802
25472132631
25479424442
25486881326
25494305957
25501569999
25509207606
25516404971
25523890465
25531541674
25538879737
25546279429
25553706095
25560985988
25568623090
25575711045
25583054173
25590333714
25597332347
25604610603
25611778439
25618812369
25626253524
25633440393
25640670546
25647982461
25655312141
25662703234
25670176779
25677151804
25684404234
25691383895
25698708770
25706096100
25713261671
25720639346
25728096260
25735320783
25742868120
25750369235
25757572812
25765006164
25772305610
25779824290
25787365125
25794756065
25802407136
25809933818
25817222723
25824621987
25832005185
25839407983
25846670235
25853816682
25861043223
25868314518
25875585124
25882982827
25890131216
25897133368
25904383472
25911359232
25918536538
25925906457
25932912265
25939864203
25947104408
25954193770
25961645252
25968792112
25976357365
25983910868
25991118637
25998661521
26006210082
26013294151
26020975730
26028315461
26035991073
26043593567
26051160488
26058599761
26066096991
26073255708
26080784180
26088007340
26095414208
26102791287
26110012565
26117274879
26124442531
26131681573
26138909599
26146138176
26153421618
26160826099
26168109190
26175367617
26182822190
26189770211
26197056193
26204140139
26211268241
26218622951
26225590739
26232731616
26240354306
26247472355
26254821022
26262175793
26269266915
26276808392
26284027391
26291403184
26299030005
26306438601
26314051162
26321385523
26328544821
26335949761
26343035773
26349969519
26357176920
26364428829
26371821667
26379074999
26386278515
26393527150
26400687871
26407755614
26415106989
26422145402
26429543702
26436850905
26443894337
26451212556
26458536238
26465709107
26473080357
26480151313
26487460597
26495015324
26502083802
26509410360
26516901836
26524092117
26531820927
26539343616
26546800469
26553999379
26560857895
26568187038
26575586409
26582683590
26590225923
26597204927
26604534055
26611958028
26619126369
26626286799
26633423087
26640551295
26648068889
26655347023
26662499283
26669742441
26676852274
26683961924
26691291359
26698476973
26706108460
26713303362
26720251933
26727712963
26734809332
26741970329
26749648986
26756715566
26764169558
26771360283
26778736229
26786326131
26793446781
26801123556
26808776096
26815884782
26823311448
26830762043
26837886060
26845235415
26852254534
26859265499
26866661978
26873758042
26881006815
26888102557
26895134819
26902344103
26909656784
26916899008
26924221450
26931173373
26938295370
26945416081
26952652981
26960013582
26967419516
26974456981
26981852511
26989030292
26995857519
27003061585
27010318987
27017805859
27025371265
27032644793
27040342269
27047343274
27054741543
27062257790
27069325151
27076567559
27083713837
27090603901
27098073530
27105116364
27112055542
27119206379
27126047346
27132854193
27139950838
27146922161
27154267247
27161353611
27168602445
27175804277
27183047129
27190182528
27197501283
27204467129
27211458708
27218258992
27225287323
27232720721
27240049895
27247271969
27254759407
27261944776
27269380454
27276784935
27283845977
27291440346
27298703715
27306072975
27313436131
27320496714
27327845166
27334871247
27341751596
27348982743
27356140833
27363318415
27370464050
27377569110
27384987055
27392058409
27399208130
27406360099
27413431821
27420574779
27427750693
27434740727
27442108305
27449325605
27456438789
27463967904
27471511080
27478618098
27486117515
27493426570
27500636052
27508025998
27515331366
27522992106
27530238125
27536996625
27544582181
27551618605
27558905490
27566290999
27573462324
27580675600
27587799433
27594985017
27602306388
27609418165
27616715592
27623794734
27630992190
27637991879
27645226193
27652233226
27659757521
27666850219
27673927999
27681326819
27688724063
27696087815
27703567159
27710705634
27718171621
27725504528
27732742928
27740327444
27747682965
27754994376
27762563331
27769892475
27777433019
27784831196
27792052077
27799580335
27806658911
27813529743
27820903869
27827763777
27835135638
27842223501
27849323007
27856743950
27863821225
27871034931
27878173054
27885062169
27892520766
27899682329
27906917546
27914392361
27921753895
27928887474
27936284412
27943252445
27950626663
27957923585
27965238851
27972642797
27979968345
27987267225
27994515034
28001753357
28009319498
28017000771
28024377712
28031931138
28039269385
28046667563
28054261320
28061525622
28068929690
28076295095
28083205661
28090263658
28097291315
28104327540
28111896374
28118885276
28126014434
28133395276
28140578366
28147694228
28154895509
28162057118
28169500262
28176642072
28184019411
28191316945
28198726873
28206016405
28213310634
28220276525
28227768277
28235018304
28242349376
28249969357
28257006225
28264171842
28271526966
28278530097
28285978535
28293141429
28300235365
28307475647
28314447627
28321575622
28328946259
28335878169
28343123361
28350129323
28357135285
28364619923
28371576343
28378783530
28386201781
28393211874
28400204510
28407126000
28414165102
28421448284
28428614789
28435904489
28443292048
28450216232
28457310245
28464621916
28471932990
28479366006
28487005770
28494348439
28502088403
28509228668
28516534082
28523982994
28531053996
28538300367
28545637635
28552692663
28560145110
28567199772
28574288430
28581770635
28588794926
28596055449
28603249402
28610397868
28617882552
28624821423
28632170411
28639536274
28646527043
28653722220
28661146821
28668326193
28675702491
28682872836
28690199960
28697425018
28704745823
28712033412
28719609452
28726893644
28734031997
28741382805
28748816249
28756364504
28763689700
28770811223
28778279291
28785456567
28792741463
28800044290
28807146459
28814513684
28821683448
28829088755
28836548178
28843267035
28850778555
28858069510
28865283674
28872817042
28879906175
28887218748
28894642171
28901583291
28908944504
28916120295
28923260484
28930750278
28937932756
28945197104
28952572943
28959595934
28966927388
28974125105
28981353590
28988830868
28996151076
29003333814
29010858446
29018141537
29025266640
29032727517
29039899346
29047210298
29054476895
29061670144
29069131969
29076324606
29083482696
29091049801
29097961377
29105466057
29112925496
29120025798
29127473440
29134787651
29142100286
29149362354
29156318912
29163626131
29170785613
29177940352
29185399454
29192521650
29199775028
29207049704
29214231830
29221886573
29228983141
29236099278
29243494212
29250689664
29257767490
29265230019
29272312129
29279573096
29287164313
29294481523
29301930206
29309326929
29316600641
29324071249
29331359037
29338807337
29346105942
29353266418
29360922309
29367926098
29375078328
29382342247
29389230583
29396313045
29403561282
29410316048
29417457476
29424579825
29431711308
29439087331
29446154325
29453221762
29460543424
29467623239
29474788030
29482027791
29488963786
29496052536
29503464544
29510646777
29518165106
29525261842
29532719690
29540150456
29547067785
29554430252
29561810192
29568768907
29576397365
29583968432
29591223386
29598462673
29605464136
29612887528
29620175255
29627164019
29634390974
29641362159
29648672361
29655855344
29662871634
29670254327
29677498388
29684441742
29691474096
29698536347
29705649653
29712894739
29720059193
29727323725
29734752640
29741907134
29749359810
29756532343
29763852016
29771164881
29778190411
29785429300
29792953641
29799940233
29807337661
29814510087
29821954715
29829657790
29836927432
29844464457
29852042379
29859223556
29866903146
29874355929
29881419572
29888927864
29896043955
29903106603
29910348981
29917245241
29924431330
29931535258
29938716772
29946083370
29953182906
29960183865
29967379440
29974324049
29981439207
29988649882
29995879928
30003108291
30010330962
30017593214
30025089495
30032249818
30039358060
30046776235
30053925909
30061420110
30069062322
30076328950
30084148290
30091574482
30099113649
30106578870
30113900701
30121330243
30128550894
30135602863
30142899357
30149747469
30156988270
30164132682
30171052061
30178238333
30185422127
30192772874
30200164227
30207468203
30214665047
30222032869
30229227863
30236403257
30243919841
30251217711
30258618566
30265935760
30273043314
30280503395
30287739897
30294907718
30302424761
30309431962
30316848545
30324039209
30331134645
30338467950
30345646557
30352820360
30359968183
30367287520
30374733861
30381718051
30388765247
30396004641
30403128428
30410445530
30417939822
30425258791
30432790476
30440133650
30447564998
30455018393
30462165788
30469462939
30476826003
30483952192
30491318301
30498954745
30506508309
30513925688
30521132325
30528431480
30535772726
30542834518
30549996142
30557275606
30564403463
30571605219
30578876345
30585790063
30593264557
30600336569
30607468404
30614879433
30621936543
30629152237
30636301713
30643353682
30650843751
30658033772
30665434948
30672902664
30680183750
30687469839
30694758515
30701533385
30708537633
30715387627
30722912626
30730033629
30737529619
30744890388
30752056540
30759337045
30766588832
30774012805
30781310936
30788895758
30796028343
30803347786
30810861356
30817801696
30825222426
30832558852
30839836940
30847242155
30854353427
30861601526
30869026968
30875908878
30883245947
30890421540
30897699673
30904987216
30911965653
30919268144
30926600899
30933569284
30940898672
30947894643
30955171476
30962386620
30969435789
30976685127
30984008121
30991134952
30998455452
31005693667
31012709941
31020025575
31027678559
31034987445
31042310943
31049505018
31057001345
31064322303
31071215351
31078709781
31086089353
31093147534
31100623680
31107877533
31114868378
31121999371
31128787507
31135890150
31143115743
31150067940
31157247114
31164105843
31171658887
31179019243
31186224717
31193196988
31200099323
31207165230
31214475295
31221708446
31228933320
31235859171
31242945106
31250159286
31257130455
31263835742
31271254880
31278302029
31285639665
31293054458
31300321070
31307726408
31314903592
31321882611
31329240075
31336574160
31343679847
31351158090
31358517114
31365782748
31373026563
31380077935
31387318186
31394354840
31401509609
31408746219
31415777532
31423045859
31430273166
31437275792
31444716167
31451720155
31458912731
31465978194
31472912215
31479913312
31487019733
31494259066
31501369251
31508675675
31515802889
31523259176
31530407917
31537489828
31544868284
31551944916
31559013822
31566547114
31573966221
31581514798
31588957422
31596420042
31604086260
31611468419
31618747256
31626261805
31633458099
31641008083
31648214673
31655730339
31663310204
31670486945
31677964315
31685457719
31692550325
31699786246
31707084147
31714298326
31721858944
31729322039
31736541971
31743937440
31750939011
31758261224
31765513699
31772492534
31779731071
31786948418
31794189816
31801444801
31808411503
31815598005
31822864250
31829961706
31837475536
31844679097
31851888518
31859239648
31866459290
31873776606
31881318374
31888530152
31896079585
31903467786
31910630925
31917829499
31924955229
31932194194
31939249193
31946211993
31953708932
31960776369
31967906705
31975517674
31982742625
31989781696
31997018412
32004078093
32011541922
32018578958
32025881220
32033149041
32040386752
32047553884
32055060278
32062129720
32069528784
32076789461
32083858351
32091265357
32098376552
32105552879
32113105785
32119934895
32127157795
32134475556
32141556747
32148869979
32156009632
32163169482
32170603430
32177785250
32185176252
32192654050
32199774334
32207053967
32214023652
32220925742
32228236159
32235526104
32242920364
32250144198
32257335366
32264239461
32271518359
32278795835
32286478194
32293998007
32301491840
32309118737
32316530516
32323712565
32331353094
32338592703
32345920668
32353077197
32360394744
32367678018
32374768726
32381894793
32388964311
32395777187
32403248789
32410662511
32417791623
32425060790
32431909958
32439088213
32446229365
32453179589
32460327137
32467330146
32474502541
32481584039
32488785321
32495782470
32502947873
32510115127
32517123063
32524212716
32531332265
32538590967
32545895004
32552875858
32560053654
32567078144
32574102757
32581155735
32588202212
32595540015
32602963208
32609809881
32616931481
32623760299
32630964610
32638249154
32645374716
32652654410
32659859563
32666979295
32674287417
32681291145
32688262360
32695461423
32702637567
32709774665
32716808152
32723842174
32731248338
32738502710
32745683444
32752780502
32759784398
32766901775
32773831221
32780896669
32787942993
32794714115
32801831415
32809173257
32816469720
32823605594
32830689418
32837620455
32844909651
32852145679
32859479596
32866704455
32873802018
32881083869
32888494990
32895518425
32903082316
32910205599
32917318385
32924833760
32932399916
32940044286
32947811729
32955106417
32962554931
32969555691
32976296060
32983395566
32990485647
32997256938
33004308891
33011209512
33018433377
33025787827
33032977817
33040318849
33047360505
33054112839
33061423041
33068437495
33075596288
33082740103
33089708259
33097111561
33104365567
33111524100
33118970350
33126131010
33133544916
33140887263
33148118732
33155447738
33162602676
33169769226
33177307705
33184526826
33191710161
33198985204
33206307600
33213797363
33221022865
33228212457
33235564077
33242739302
33250218707
33257474151
33264682455
33271915163
33279069366
33286334480
33293259351
33300614429
33307676909
33314941012
33322135256
33329420703
33336781012
33343721460
33351114588
33358052067
33364924031
33372091056
33379139399
33386217653
33393472424
33400162303
33407479512
33414624123
33421776353
33429191605
33436385726
33443550838
33450873128
33457882853
33465478492
33472585878
33479969841
33487493739
33494807307
33502097359
33509613989
33516843132
33524318314
33531598116
33538696857
33545840671
33552986751
33560053790
33568004190
33575114498
33582473415
33589487670
33596334450
33603504398
33610681077
33617709652
33625164592
33632035425
33639245473
33646274874
33653593400
33660690244
33667711429
33674640508
33682179660
33689376336
33696732209
33704119141
33711275333
33718546444
33725764158
33733090777
33740511843
33747432523
33754759708
33761892094
33769131426
33776210767
33783265199
33790248639
33797401619
33804312537
33811381872
33818670990
33825854203
33833015490
33840350509
33847490147
33855072735
33862138000
33869265489
33876548091
33883699831
33890868508
33898312233
33905372862
33912801043
33919931256
33927041931
33934147220
33941170073
33948444122
33955402898
33962351271
33970006228
33977461796
33984865389
33992368938
33999624534
34006821685
34014110712
34021176221
34028451800
34036046368
34043444086
34050648458
34057938235
34065293848
34072578315
34079474943
34086902925
34094064626
34101168630
34108166421
34115360956
34122241733
34129640568
34136924225
34143942258
34151010767
34157902177
34165369893
34172304297
34179540661
34187224077
34194350143
34201781200
34208787300
34216051985
34223842194
34231113259
34238302086
34245538711
34253151272
34260591891
34267809467
34274929307
34282124453
34289214075
34296264392
34303718032
34310733372
34317733214
34324962036
34332084079
34339582930
34347021515
34353982112
34361361363
34368445416
34375636921
34382953243
34390010139
34397030085
34404081304
34410856542
34418392848
34425434458
34432638739
34440076191
34447322149
34454469528
34461777726
34468941814
34476392853
34483514085
34490783941
34498261617
34505312591
34512430258
34519616745
34526720428
34534006364
34541061240
34548088132
34555109149
34562150010
34569192294
34576527436
34583557235
34590550482
34597376348
34604563752
34611919335
34619073966
34626098977
34633136701
34640317726
34647432669
34654553810
34661211957
34667945410
34675046630
34682435795
34689825450
34696793698
34704153962
34711411149
34718632994
34726024623
34733411708
34740467563
34747637740
34754793060
34762317952
34769469233
34776595866
34783747209
34790698519
34797644352
34804778237
34811728369
34819007634
34826403960
34833350757
34840370321
34847587728
34854817162
34862230685
34869627424
34876684274
34883863983
34890804338
34898072389
34905241020
34912006374
34919522499
34926583082
34933779253
34941222168
34948385031
34955763716
34963054258
34970130799
34977579665
34984752764
34991983284
34999247081
35006240528
35013461607
35020511939
35027520609
35035047352
35042134924
35049390888
35056654640
35063697168
35070824582
35078091883
35085100293
35092315451
35099304874
35106521930
35113832530
35121163280
35128497962
35136000562
35142984553
35150340946
35157582252
35164800823
35172313322
35179761469
35186979672
35194584782
35201645350
35208996005
35216270023
35223443658
35230670674
35237560524
35244768369
35251920890
35258832971
35265929539
35272928126
35280006396
35287085155
35294549750
35301690229
35308840332
35315755290
35322936574
35330019449
35337241952
35344424292
35351591883
35358807837
35365998363
35373101510
35380466854
35387417292
35394337558
35401692330
35409173877
35416354258
35423864585
35431027494
35438510709
35446023054
35453100146
35460240166
35467668668
35474894782
35482608445
35490026298
35497501633
35504610319
35511643852
35518930676
35526223696
35533391501
35540893703
35548136341
35555498119
35562785157
35570052061
35577506481
35585026002
35592257624
35599651808
35606747963
35613647345
35620761402
35628028213
35635303531
35642512203
35649464737
35656751714
35663780855
35670741039
35677828872
35685029036
35692284403
35699491652
35706256853
35713654112
35721043982
35728004166
35734996908
35741935596
35748899070
35756036550
35763186562
35770452409
35777507913
35784533611
35791617603
35798483601
35805773316
35813222274
35820358913
35827828052
35834961417
35842061106
35849459850
35856845435
35863918564
35871383618
35878568161
35885733610
35892715398
35899633828
35906911778
35913908973
35920755509
35927944596
35935243890
35942427362
35949715043
35956678180
35963751691
35970856583
35977989749
35985414732
35992484403
35999776735
36007055496
36014159806
36021351831
36028449256
36035420594
36042821969
36049797071
36057135394
36064645782
36071869753
36079028256
36086227625
36093371608
36100311795
36107444610
36114631647
36122138056
36129261262
36136681686
36143985951
36150813270
36158158999
36165456809
36172735263
36180194029
36187318428
36194404210
36201853107
36208833777
36216081081
36223116419
36230230552
36237638980
36244533130
36251614276
36258655749
36265759493
36273089723
36280223226
36287433519
36294615568
36301672724
36308662055
36315743966
36322580618
36329862194
36336826157
36344052454
36351446760
36358728474
36365952736
36373199964
36380557443
36387985838
36395227129
36402385035
36409844412
36417025743
36424036448
36431491770
36438648483
36445942483
36453034859
36460021160
36467232341
36474384326
36481440181
36488790791
36495886365
36503183745
36510399164
36517556994
36524675701
36531683254
36538550170
36545691521
36552596580
36559801044
36567124021
36574272656
36581314970
36588471408
36595367944
36602724765
36609677774
36616917244
36624331486
36631567621
36638878833
36646040457
36653348931
36660665345
36668026940
36675296995
36682682978
36689739568
36697051897
36704295253
36711351950
36718643196
36725799342
36732723633
36739972053
36746746725
36753681358
36760985685
36768104439
36775439534
36782600898
36789670416
36796903996
36804159333
36811193783
36818411757
36825219415
36832578134
36839773709
36846880666
36854348290
36861673134
36868852674
36876161959
36883317937
36890775784
36898013021
36905210340
36912593860
36919896611
36927342738
36934940764
36941934716
36949090832
36956265415
36963073762
36970228026
36977248324
36984281841
36991592181
36998536974
37005853419
37013064370
37019980934
37027324429
37034331324
37041339994
37048774585
37055944134
37063297406
37070659353
37077819218
37085120607
37092208393
37099229166
37106725232
37113848989
37121123236
37128732553
37136010473
37143590674
37151024653
37158129254
37165625076
37172729111
37179728769
37187087121
37194208980
37201340907
37208551720
37215698870
37223082451
37230003315
37237259967
37244575754
37251626697
37258829096
37266148647
37272985222
37280187666
37287268032
37294455911
37301820413
37308994047
37316292224
37323613626
37330781416
37338244496
37345700935
37352992671
37360530414
37368005138
37375399260
37382878665
37389876656
37397101959
37404281529
37411565553
37418863623
37425843284
37432978408
37440434236
37447656387
37454554193
37461748544
37468654474
37475717275
37482821677
37490029094
37497358269
37504125657
37511463339
37518831528
37525927928
37533281184
37540645992
37547779051
37555257049
37562402072
37569959155
37577335117
37584356532
37591626541
37598917756
37606309140
37613739402
37621025216
37628445624
37635543630
37642839573
37650338929
37657643149
37664920013
37672188859
37679221994
37686542554
37693702465
37700685048
37707867679
37715068211
37722127968
37729517118
37736619424
37743761142
37751062761
37758301849
37765537112
37772649195
37779899834
37787317137
37794308946
37801474334
37808916116
37816209320
37823432006
37830925380
37837964176
37845360058
37852880436
37860331001
37867754163
37875063937
37882484758
37889926525
37897596599
37905011958
37912319865
37919504439
37927057101
37934219872
37941264574
37948724395
37955839644
37963297400
37970517944
37977545020
37985129505
37992220811
37999280736
38006711196
38013778740
38021117033
38028196435
38035331728
38042606725
38049779212
38056821312
38064542166
38071708120
38079272716
38086524273
38093846884
38101222096
38108637654
38115979910
38123429526
38130655104
38138060074
38145478356
38152613771
38160133063
38167468556
38174573968
38182116424
38189310836
38196517182
38203914365
38211063336
38218285884
38225646362
38232646663
38240097151
38247371551
38254397969
38261820550
38268817668
38276044057
38283404382
38290553170
38298215272
38305410571
38313012942
38320530353
38327751601
38335080423
38342507732
38349630081
38357106823
38364685908
38372079342
38379717102
38387236792
38394819243
38402054567
38409128843
38416447736
38423712543
38430874672
38438341546
38445737337
38452920717
38460328549
38467496660
38474681173
38482013239
38489197583
38496586060
38503883839
38510971732
38518247464
38525159193
38532479218
38539708728
38546754164
38554197920
38561479939
38568612034
38576181755
38583264324
38590541081
38597880858
38605272104
38612715126
38620114298
38627436189
38634920582
38642113418
38649351374
38656726035
38663862919
38671175064
38678332037
38685283485
38692682106
38699839507
38707000290
38714464502
38721573478
38728739295
38736160988
38743289243
38751004773
38758170206
38765137184
38772417123
38779790147
38787228838
38794470007
38801366574
38808779638
38815983475
38823535509
38830920926
38837909033
38845159871
38852610726
38859541397
38866821458
38874197909
38881772358
38889049313
38896200288
38903461668
38910796871
38917843791
38924843480
38931945112
38938757697
38946193314
38953442943
38960707950
38967968840
38975104653
38982413754
38989608701
38996638148
39004057608
39011364184
39018351342
39025732200
39032936572
39040242353
39047573776
39054744198
39061968353
39068801715
39075757784
39083319334
39090390489
39097609060
39104899617
39112064240
39119380455
39126674179
39133936661
39141257267
39148259710
39155770618
39162865595
39170063480
39177508123
39184805106
39191842846
39199143150
39206304315
39213759102
39221137802
39228405333
39235715122
39242920473
39249677673
39257380809
39264508391
39271643821
39278937041
39285800039
39292974454
39300143208
39307050148
39314503589
39321588285
39328633980
39335881055
39342975466
39350269114
39357355982
39364433716
39371730699
39378643576
39385718923
39393061515
39400402486
39407733726
39415123243
39422119000
39429261162
39436461342
39443741511
39451243866
39458480995
39465661974
39473132841
39480434001
39487578933
39494881837
39501829506
39509276169
39516540900
39523672827
39531068449
39538088165
39545172861
39552635849
39559621554
39566981236
39573842598
39580950779
39588347671
39595456816
39602612228
39609982942
39617173712
39624522685
39631633482
39638624159
39645975381
39653089376
39660271793
39667714462
39674983064
39682267088
39689774400
39696969914
39704417923
39711709138
39719151716
39726549771
39733552642
39741100224
39748861103
39755943152
39763473062
39770644784
39777837314
39785185797
39792237903
39799268437
39806264194
39813239219
39820520367
39827678043
39834959481
39842281526
39849430497
39856894128
39864241432
39871311455
39878575436
39885859705
39893077786
39900390192
39907676878
39914969332
39922285226
39929335083
39936793879
39943920405
39951049823
39958452651
39965908219
39973104620
39980681226
39988155337
39995711793
40003201678
40010231370
40017337945
40024309680
40031274501
40038598626
40045606271
40052929876
40060009278
40067209136
40074419766
40081426049
40088504395
40096059398
40102889501
40110013441
40117373445
40124596453
40131880064
40139282556
40146413228
40153789052
40161046775
40168457927
40175881655
40183219764
40190493124
40197853954
40204956979
40212410374
40219667899
40226835719
40234005697
40241233111
40248694477
40256052660
40263073693
40270555439
40277574421
40284766553
40292186395
40299150664
40306514937
40313804698
40320758013
40328203329
40335299072
40342519769
40349827141
40356870174
40363897740
40371050842
40378221340
40385369683
40392369418
40399654115
40407034407
40414401081
40421782444
40429406771
40436558450
40443664581
40450898696
40458125238
40465556387
40473222222
40480594925
40488182440
40494968556
40502376602
40509731113
40516960470
40524455251
40531611888
40538746798
40546168246
40552986003
40560071326
40567378820
40574617281
40581876182
40588777415
40595910321
40603377517
40610431184
40617625045
40624868295
40632192634
40639557993
40646839569
40654130585
40661680431
40668982815
40676339835
40683458191
40690905650
40698444771
40705860497
40713112773
40720610584
40727961928
40735427976
40742965659
40750197602
40757415239
40764792088
40771817160
40779184202
40786376900
40793504543
40800969244
40807816132
40815290014
40822575323
40829569198
40837081482
40844327241
40851576886
40858965317
40866233552
40873371598
40880531585
40887780480
40894960633
40902061424
40909281142
40916639172
40924052910
40931413388
40938853334
40946105213
40953662556
40960990935
40968460792
40976184676
40983627223
40990914399
40998461553
41005835969
41013309744
41020701877
41027742310
41035147403
41042354238
41049540633
41056988015
41063810117
41071058018
41078067621
41085327073
41092487641
41099382311
41106428007
41113904428
41120964935
41128367794
41135722687
41143036149
41150410672
41157753142
41165162091
41172576930
41179916447
41187426115
41194677810
41201821013
41209122617
41216443896
41223856455
41231341430
41238621460
41245766346
41253217584
41260581749
41267978703
41275498897
41282682645
41290026599
41297387093
41304552557
41311855339
41318753283
41326037398
41333456261
41340457664
41347776618
41355013502
41362373062
41369773259
41377148379
41384594017
41391973926
41399273266
41406740155
41413849974
41421301089
41428541538
41436101024
41443453332
41451000822
41458277241
41465637429
41472812670
41480099280
41487453837
41494629475
41501805099
41509180984
41516171019
41523605457
41530936651
41537769309
41544959208
41551892862
41558861216
41565878026
41572917709
41580134688
41587163569
41594141930
41601441560
41608409930
41615349428
41622702287
41629813314
41637161231
41644421295
41651431571
41658863607
41666358144
41673482803
41681024984
41688513064
41695822180
41703130378
41710348245
41717779287
41725281749
41732323299
41739639192
41746738913
41753880509
41761223285
41768095265
41775165441
41782426821
41789554983
41797020481
41804248170
41811371544
41818758552
41825824016
41832789463
41839981963
41847026679
41854608334
41861767801
41868821101
41876184731
41883193370
41890399456
41897756767
41904802907
41912391370
41919482889
41926661298
41933950432
41941345641
41948667486
41956137497
41963302457
41970328966
41977368374
41984845239
41992352689
41999783042
42007179506
42014692831
42021999729
42029358432
42036798455
42043837770
42051147621
42058360240
42065642076
42073131870
42080148511
42087441868
42094657547
42103051922
42110306341
42117467965
42124723990
42132194811
42139179414
42146490933
42153921148
42161047276
42168521005
42175850929
42183154782
42190521395
42197775156
42205069584
42212450288
42219935874
42227368232
42234980594
42242425253
42249954000
42257065088
42264702726
42272543333
42279372626
42286638871
42294003985
42300927863
42308287530
42315639256
42322791716
42330270585
42337452160
42344616538
42352016827
42359224519
42367112312
42374167050
42381372249
42388773134
42395948834
42403095678
42411147318
42418426615
42425786542
42432862593
42440056240
42447590343
42454964116
42462369041
42469835135
42476909457
42484305355
42491534406
42498851616
42506389788
42513555267
42520685756
42528150136
42534894024
42542223872
42549595886
42557116785
42564728198
42571821324
42578741285
42586172556
42593092792
42601069018
42608401543
42615500789
42622903939
42630168593
42637957716
42645275155
42652261717
42659482751
42666815826
42673946713
42681131669
42688405534
42695791731
42703045048
42710335758
42717556456
42724926420
42732072071
42739147908
42746516479
42754586036
42761936156
42769338143
42776795547
42783917895
42791737695
42798830576
42806143349
42813199280
42820633734
42828372504
42835697578
42843051156
42851022089
42859164474
42866988710
42875818141
42883293492
42890472772
42900970530
42914113613
42927761213
42940927521
42953943399
42967178725
42980306752
42993720385
43006947847
43020088971
43033113907
43046206989
43059292207
43072398967
43085497328
43098717033
43111703581
43124917456
43138003623
43151114101
43164344853
43177432855
43190668671
43204210854
43217347067
43230498625
43243645089
43256726406
43270653246
43283818636
43297016492
43310137589
43323308364
43336578207
43349704965
43362843335
43376013529
43389043391
43402296374
43415644094
43428658014
43441799581
43455040416
43465572446
43473999671
43482623393
43491352778
43500042657
43509582238
43518485033
43528093785
43538280892
43548228936
43557001758
43564548391
43572861768
43582936237
43592808837
43602729755
43612641554
43624381841
43638636728
43652939122
43667546859
43682057669
43696493602
43710886985
43725116276
43739598185
43753912038
43768119358
43782394733
43796551501
43810997287
43825391634
43839559694
43853877251
43868116838
43882288830
43896731694
43911042840
43925333468
43939718635
43953721409
43968016934
43982414111
43996437908
44010904440
44025083455
44039242350
44053710046
44067863311
44082120279
44096461765
44110711236
44125136489
44139457947
44153637237
44168105774
44182398254
44196777775
44211198913
44225390015
44239740803
44253996057
44268242729
44282574162
44296821737
44310556088
44324504501
44338065977
44351826721
44365489804
44379232999
44393071619
44406691786
44419811368
44427926274
44437135436
44447192187
44460884126
44474368077
44488326359
44502079208
44515888299
44529797637
44540970477
44551326098
44559753644
44567752607
44577105022
44585293797
44592907597
44600327194
44607731797
44615197463
44622691954
44630149250
44638013680
44645556105
44653124327
44660618298
44668050762
44675354844
44682744056
44689993930
44697406597
44704817886
44712115160
44719426341
44726610411
44734005880
44741492874
44748503226
44757061909
44764398657
44771447244
44778748266
44785977195
44793989667
44805111666
44815514794
44827380326
44835857536
44843013193
44850484902
44857691921
44864826174
44872377718
44879440412
44886716220
44893900075
44900863855
44908185960
44915236063
44922472504
44929686285
44936841942
44945043416
44958821418
44971784266
44985071138
44997385435
45010619078
45023667698
45036968799
45050491475
45063383989
45077127138
45089996886
45103350741
45116188757
45128887940
45141545952
45154189948
45166820649
45179213878
45192186014
45204729765
45216484709
45228474263
45240841284
45253390726
45265441940
45278067285
45291131634
45306920393
45319511405
45330466649
45341331378
45355786619
45368005107
45382368747
45393479898
45402612055
45415941338
45429481991
45442963556
45456522370
45470076885
45483526717
45497056966
45515638296
45536489977
45558219817
45580291123
45602504856
45624977971
45647366048
45669783424
45692402852
45714735405
45737143938
45760300825
45782516777
45805222421
45828057242
45850590057
45873404729
45896050305
45918872060
45941730260
45964767271
45987461685
46010246062
46033075207
46056101049
46078854781
46101417798
46124229042
46146671970
46169439120
46191966534
46214602669
46237687371
46260806634
46283419973
46306368719
46329180024
46352169957
46374939402
46397074034
46419627535
46442000893
46464687351
46487715243
46510595505
46533294769
46556673597
46579133584
46601826284
46624424614
46647142574
46670103513
46692414555
46715356935
46738227452
46761006291
46784144527
46806390038
46828774520
46851481785
46874327454
46897020506
46919406502
46942060600
46964784879
46987198569
47009728323
47032443315
47055109118
47077908291
47100388535
47122948828
47145841729
47169168155
47192213137
47214824686
47237780653
47260839910
47283599012
47306172326
47329045367
47351776715
47374403426
47397400993
47420040924
47443072702
47465865387
47488890556
47511796232
47535066339
47557691887
47580354033
47602805023
47625555328
47648510392
47671179499
47693872291
47716710678
47739316948
47762537681
47785805478
47808929148
47831433275
47854250900
47877004570
47899741548
47922720419
47945743676
47968832646
47991807477
48014934621
48037588642
48060557324
48083952906
48106671830
48129908582
48152620377
48175623865
48198397043
48221486028
48244592272
48267714749
48290903980
48314128798
48336814017
48359712884
48382727037
48405423026
48428486399
48451673350
48474277769
48497179681
48520098531
48543018313
48565985893
48588717822
48611867349
48634632112
48657476894
48680886827
48704217262
48726975568
48750031291
48773616027
48796514313
48819386558
48842593904
48865367189
48888486897
48911382551
48933980911
48957145448
48980082611
49003418799
49026314376
49049307737
49072547457
49095237847
49118530077
49141529542
49164944846
49188611544
49211840004
49234735046
49257815846
49280790219
49303866903
49327091920
49350050136
49373282727
49396588575
49419705697
49443209235
49466805079
49490093561
49513068209
49536067858
49558971422
49581602616
49604512836
49627333597
49650082448
49673308842
49696150518
49719630709
49742826749
49765964755
49788941928
49812261867
49835152013
49857623276
49880615366
49903338375
49926876599
49950077688
49973159206
49996277353
50019198834
50042393818
50064944518
50088171938
50110994887
50134004434
50157133337
50180274679
50202988631
50225684620
50248492927
50271345389
50294436210
50317448053
50340422472
50363588171
50386405000
50409084205
50432006145
50455154938
50478476697
50501203547
50524268924
50547449679
50570603781
50593527465
50616628277
50639925189
50662858053
50686029765
50708769651
50731726581
50754798691
50778209527
50801465710
50824131834
50847380949
50870298177
50893206453
50916324126
50939576393
50962451499
50985623870
51008307053
51031103166
51053969704
51076351967
51099322270
51122370312
51145532768
51168453423
51191446049
51214574477
51237559254
51260449584
51283570179
51306398253
51329455659
51352689918
51376011387
51398934520
51422187720
51445590386
51468980215
51491994399
51514634880
51537340554
51560133408
51583335903
51606905003
51630071513
51653082223
51676138451
51698414639
51721138689
51744087006
51767283978
51790319077
51813309102
51836982532
51860414023
51883420725
51906318659
51929312508
51952620850
51975468462
51998530183
52021592714
52044608367
52067718389
52090950644
52114119021
52136886614
52160160240
52183156231
52206347619
52229717467
52252988216
52276475261
52299320839
52322693823
52346114604
52368960977
52392267635
52415126692
52438169104
52460936284
52484104737
52507045267
52530070436
52552537506
52575788794
52599366339
52622437132
52645926733
52669122145
52692356342
52715511378
52738257306
52761681637
52784758719
52807195281
52829864847
52852440089
52875574179
52898790047
52921783637
52945076739
52968661857
52991730019
53014717933
53037973198
53061091758
53084409433
53107215965
53130219469
53153744397
53176952079
53200275445
53223403874
53246183998
53269382684
53292631050
53315644514
53338591439
53361249974
53384391254
53407313561
53430086265
53453017951
53476113714
53499126551
53522306265
53545229184
53568424305
53591334296
53614158683
53637123952
53660166808
53683355962
53706135750
53729092191
53752047439
53774788456
53797585426
53820870878
53844694814
53868159200
53891454215
53914741198
53937685751
53960785002
53983792760
54007038922
54030535958
54053633603
54076832167
54100020725
54123377383
54146905218
54169900093
54193033617
54215942552
54239164479
54262434294
54285372666
54308362599
54331576524
54354745865
54377581788
54400930139
54424231764
54447707977
54471443004
54494600794
54518311158
54541644392
54564925331
54588526469
54611673043
54634800936
54657793623
54680606091
54703966315
54727168811
54749925756
54773027348
54795840459
54818971259
54842547641
54865738601
54889073028
54912524853
54935615475
54958709770
54982304955
55005780250
55028934352
55052093289
55074964846
55097956707
55120982166
55144314590
55167722504
55190894048
55214344541
55237773492
55260758545
55283725451
55306564603
55329916564
55352943386
55376202553
55399401667
55422723381
55446049853
55469129184
55492174288
55515659238
55539127005
55562430710
55585736007
55608753036
55631935229
55655424860
55678649816
55702244344
55725442525
55748474396
55771474075
55794658838
55817893143
55841054481
55863868067
55887126729
55910226868
55933741575
55957326281
55980238291
56003434330
56026523759
56049940700
56073186081
56096329183
56119643935
56142956912
56166229115
56189711325
56213159814
56236592545
56260598994
56284061300
56307487726
56330651988
56353871604
56376983968
56400234460
56423746077
56447027108
56470260663
56491756199
56514959154
56537970966
56560743837
56584162935
56607715465
56630952324
56654267581
56677741775
56700990477
56724283747
56747430153
56770500090
56793903353
56816819433
56839747752
56862672768
56885486200
56908191935
56931259806
56954031317
56976885202
56999780719
57022954787
57046155417
57068835846
57091658060
57114858827
57138200966
57161178828
57184891119
57207647483
57231051831
57254464458
57277819341
57300659977
57323712931
57347186757
57370421276
57393793770
57417149052
57440590426
57463629855
57486731906
57509856892
57533165723
57556538814
57579594507
57602573485
57626154946
57649218687
57672053952
57695289756
57718301614
57741660736
57765024126
57788596638
57812458824
57835408472
57858479418
57881653930
57904507938
57927771466
57950868682
57973742672
57996986340
58020311695
58043647714
58067243925
58090559778
58113624391
58137195066
58160350514
58183500592
58206921282
58230043498
58253181153
58276371852
58299675206
58322791119
58345927274
58369024047
58392305522
58415572155
58438979243
58462448402
58486354331
58509814066
58532672664
58555619542
58578637260
58601859738
58625049703
58647915553
58670750375
58693488194
58716671688
58739998374
58762578634
58785963460
58809331150
58832372491
58855818257
58878837382
58902078082
58925096550
58948256527
58971013517
58993776153
59017132797
59040576589
59064197754
59086798272
59110316942
59133598615
59157151405
59180074523
59203170408
59225992515
59248833962
59272006286
59295267672
59318096266
59341304760
59363971021
59386715099
59409947353
59433310637
59456025185
59479378080
59502786330
59525844853
59548879523
59572127246
59594901327
59618349418
59641426224
59664591021
59688098645
59711248080
59734335780
59757493417
59780116899
59803402719
59826561197
59849676085
59873211310
59896269726
59919457824
59942697652
59965680348
59989384409
60012430921
60035430050
60059135946
60082261101
60105222805
60128484711
60151643464
60174983828
60197992871
60220928826
60244064124
60266506011
60285650105
60304531743
60324029100
60343420595
60361933641
60380288163
60399527194
60418443762
60437945479
60456883146
60475351072
60493667880
60512582367
60531482320
60550741317
60569454579
60588359626
60607642629
60626316937
60644828621
60663440551
60681868713
60700563216
60719249979
60738274167
60756818073
60775783310
60794678795
60813538309
60832324093
60851265156
60870136666
60889142617
60907950432
60926821116
60945880601
60964758445
60983837086
61003032527
61021941231
61040810247
61059823083
61078798892
61097828283
61116490090
61135124848
61153824508
61172789607
61191495693
61210419713
61229259597
61248323443
61266929222
61285647059
61304389268
61323005772
61341926395
61360695441
61379390893
61398423297
61417149916
61436017218
61455062107
61474034490
61493305437
61512431079
61531250645
61549886122
61568516090
61587510704
61606705089
61625771613
61644878727
61663954568
61682664525
61701486065
61720465041
61740024470
61758861937
61777562193
61796445377
61815194334
61834018765
61852647127
61871522293
61890098161
61908962617
61927736528
61946623950
61965260635
61983857387
62002682691
62021713672
62040314831
62059296608
62078101838
62097085236
62115893266
62134713811
62153765846
62172536941
62191250203
62210355451
62228948546
62247049915
62265482345
62284000899
62302793660
62321773141
62340546915
62359350921
62378295855
62396717728
62415858793
62434726524
62453458528
62472636328
62491330801
62510520107
62529388037
62547914011
62566518536
62585218058
62603594230
62621959952
62640372982
62659018128
62677989225
62696928239
62715775222
62734619835
62753207529
62772347783
62791494739
62810220960
62829077047
62847974765
62866651689
62885528263
62904181228
62923091538
62941903332
62960656190
62979409247
62998364692
63016984119
63035831225
63054596874
63073388931
63092072954
63110495394
63129560142
63148108975
63167053741
63186158529
63205370541
63224222206
63242843576
63261540620
63280363093
63298988854
63317897757
63336995691
63356166973
63375373002
63394116344
63413148519
63431964045
63450948285
63470001620
63488495205
63507117951
63525903613
63544781564
63563791661
63582705750
63601624047
63620466976
63639220079
63657488784
63675831771
63694604259
63713743029
63732557745
63751531504
63770112497
63788851279
63807790522
63826738333
63845488789
63864002753
63882851067
63902143495
63920847807
63939999964
63958627255
63977627820
63996415011
64015120225
64034041123
64053056529
64071653664
64090060712
64108576879
64127253864
64146016652
64164660574
64183698731
64202496862
64220944531
64240239545
64259233240
64278185243
64296870903
64315572017
64334055564
64352836116
64371670936
64390682808
64409387119
64427837129
64446493979
64465010896
64483840759
64502874158
64521937468
64540739944
64559013392
64577734916
64596911125
64615767381
64634925780
64653653623
64672323708
64691262018
64710326797
64729316193
64748451566
64767306521
64785897888
64804536669
64823341976
64842158788
64860993929
64879385707
64898731578
64917887362
64936870776
64955636409
64974582063
64993303846
65012084061
65031256812
65050548353
65069496133
65088367734
65107726518
65126445563
65145559058
65164676943
65183375762
65202462343
65221127747
65240032733
65259005115
65277847815
65296821299
65316274193
65335042428
65354112302
65373088081
65392315912
65411342809
65430176711
65449331056
65468135062
65486955455
65505953113
65524828830
65543469998
65562437561
65580877029
65599237427
65617978244
65636527566
65655259938
65674218978
65693183772
65712100753
18137492
37228158
56386880
75617557
94687507
113586618
132639494
151966332
170866804
189757638
208569875
227550657
246681548
265642654
284516734
303771386
322560857
341605395
360585549
379565092
398807550
417939879
436734491
455100948
473886808
493171249
512072685
530921459
550004644
568941470
588113196
607337952
625923856
645116498
664589986
683535088
702393210
721434030
740581047
759722372
778844097
797474035
816523683
835643098
855000429
874121160
893047230
912004006
930833456
950078653
969065754
987719590
1006527590
1025146695
1043865924
1062708012
1081579032
1100550542
1119374897
1137851957
1156823299
1175765663
1194667696
1213970054
1232671519
1251157408
1270744116
1289665167
1308360114
1327309685
1346445027
1365433704
1384395377
1403010321
1422121581
1441346276
1460348723
1479160609
1498334905
1517505071
1536505330
1555027495
1573836795
1592617545
1611449075
1627953705
1645522558
1664130127
1682700303
1701586776
1722393231
1741805550
1760394269
1779136693
1797644934
1816708903
1836239536
1855284517
1875421260
1894145615
1912958464
1932265090
1951640980
1970810442
1990520712
2008977225
2028000694
2047799414
2066799536
2086208595
2105550733
2124564364
2143563843
2162951468
2182306488
2201148713
2220411842
2239503717
2258507878
2277331254
2297207086
2316752407
2335570443
2355076674
2373826747
2393086020
2412472099
2430999405
2449890207
2469171038
2488065742
2507233659
2525636147
2544939989
2564703213
2583650687
2602364775
2621039710
2640637908
2659993326
2679652404
2698529651
2717921896
2737122111
2756061858
2775476334
2794512992
2813411812
2832982470
2852375634
2871200142
2890220413
2909250507
2928653447
2948179735
2967463809
2986277378
3005444805
3024642036
3043394818
3062633359
3081585041
3100755788
3120448433
3139312400
3159573975
3178610526
3197757711
3217478707
3236646716
3255813699
3276678278
3297797480
3318002201
3337329161
3356594187
3375835803
3394828856
3413638982
3432710157
3451413474
3469858557
3489006782
3507768270
3526225746
3545326174
3564572472
3583575577
3602403666
3621453481
3640616777
3660156851
3678922683
3697793122
3716660179
3735852729
3754542337
3773424679
3792590438
3811251236
3830298038
3849104140
3867999686
3887278252
3906157993
3925163347
3944503572
3963316788
3982520583
4001917862
4020795584
4040088165
4059386712
4078353021
4097348445
4116240411
4135011935
4154109533
4173067992
4192187178
4210978271
4229841641
4248907537
4267840293
4286888043
4305892341
4324956738
4343639507
4362762181
4381862869
4401129807
4420241160
4439305404
4458614891
4477603094
4496348715
4515512118
4534637975
4553544154
4572090585
4590506445
4609153320
4627777153
4646681971
4665301581
4683881626
4702228116
4720834767
4739795874
4758400658
4777165557
4796122395
4814932230
4833236049
4852248762
4870992241
4889807141
4908567022
4927068394
4945785266
4964426404
4983270863
5002560170
5021190505
5039815914
5058745702
5077461274
5096352918
5115022345
5133786372
5152282206
5171212161
5189966152
5208806526
5227209152
5246099725
5265050366
5283792836
5302649275
5321232089
5340212565
5358981672
5377976973
5396978808
5416189672
5435356778
5454143586
5473143279
5491977319
5510936253
5529844360
5548977423
5568010562
5586677128
5605758034
5624681869
5643606531
5662621524
5681483502
5700338166
5719219896
5737742734
5756710710
5775791019
5794661534
5813696080
5832316563
5851330546
5869977849
5888970214
5907679467
5926454066
5945339667
5964445925
5983762878
6002518383
6021546106
6040569009
6059815476
6078923340
6098104843
6117070095
6136135946
6154934994
6174054043
6192725061
6211539441
6230345910
6249090980
6267841574
6286821163
6305719187
6324834655
6343912654
6363063251
6382215133
6401244691
6419869152
6438716885
6457803834
6476878497
6495711175
6514401181
6533292535
6551943724
6570865234
6590082600
6608864758
6627949703
6646935825
6665773567
6684577374
6703450536
6722421588
6741524204
6760304357
6778883407
6797531124
6816442918
6835505678
6854444721
6873604284
6892633613
6911599356
6930910006
6949747075
6968280592
6987432260
7006069527
7025091879
7044111156
7063039215
7081931456
7101014105
7119949508
7139236290
7158572430
7177597796
7196715070
7215380947
7234063976
7252840917
7271521681
7290605891
7309493864
7328293616
7347361257
7366597212
7385682264
7404803775
7423597592
7442875270
7462015662
7480701414
7499917021
7518927118
7538070861
7557207060
7575872662
7595049973
7613719018
7632488553
7651681653
7670391105
7689466640
7708941108
7727682429
7746910490
7765714129
7784555513
7803387855
7822300873
7841528750
7860678246
7879594202
7898346448
7917453715
7936406682
7955453790
7974246305
7993114984
8011932347
8030361121
8049211409
8067934631
8086789387
8105790381
8124917814
8143622997
8162316154
8181000698
8200054706
8219073249
8237967280
8256830160
8275790517
8294817643
8313792458
8332704681
8351983247
8370663002
8389462861
8408470663
8427597392
8446721245
8465502637
8484393960
8503493608
8522270457
8541389918
8560757025
8579672033
8598321142
8617644965
8636177442
8655316365
8673916713
8692712197
8711790608
8730665423
8749390266
8768305029
8787204308
8806018366
8825080284
8843837717
8862611108
8880989621
8899464753
8918639004
8937385880
8956373807
8975410343
8994597185
9013599602
9032472917
9051359696
9070455978
9089354232
9108560673
9127303235
9146141360
9165228966
9184113190
9202878135
9221891843
9240775027
9260155078
9279439871
9298272488
9317188980
9336260904
9355022850
9373992310
9392998322
9411823090
9430873044
9449818254
9468339194
9487139666
9506189910
9525328527
9544497821
9563461161
9582711070
9602106528
9621095496
9640095480
9659270954
9678614255
9697963476
9717323193
9736702602
9755921850
9774873302
9794296269
9814245098
9834140269
9853487563
9872599742
9891747661
9910859733
9930073320
9949304853
9968276670
9987200597
10006263158
10025379559
10044646834
10063654514
10082557480
10101632541
10120907404
10139752445
10158853684
10177762755
10197013720
10216229403
10235102014
10254487986
10273850213
10292968710
10312326485
10331513633
10350906903
10370207609
10389172433
10408564816
10427674011
10446849180
10465927958
10484817690
10503264686
10522267577
10541977358
10561369481
10580129744
10599146894
10618258660
10636851342
10655726187
10674969869
10693788839
10712340135
10731250414
10750141845
10769266370
10788194429
10807124247
10826185599
10844991043
10863578630
10882612289
10901703446
10920949622
10940037489
10959103186
10978138895
10997109549
11016534490
11035528078
11052821117
11071350152
11089634417
11108315763
11127119891
11145750058
11164743953
11183705579
11202515675
11221228875
11240005999
11258787300
11277363122
11295846394
11314484487
11333126710
11351815416
11370960107
11390375317
11409251340
11427955101
11446757791
11465456992
11484436458
11503181054
11522143155
11541321093
11560028939
11578955345
11597712640
11617092936
11635898257
11654410171
11673399093
11692181159
11710997512
11729842812
11748402018
11767447443
11786621311
11805690803
11824889090
11843930231
11862657018
11881443321
11899964262
11918464793
11937276877
11955955744
11974712978
11993609718
12012315039
12031439901
12050015707
12068702898
12087515732
12106281641
12125219568
12143937817
12162701187
12181790446
12200772834
12219542859
12238254224
12256982648
12275999752
12295004922
12313886714
12332703663
12351551167
12370445719
12389479638
12408027751
12427008258
12445638227
12464423521
12483637276
12502204836
12521369937
12540438985
12559348546
12578127276
12596932705
12615731754
12634820064
12653845829
12672685943
12691679118
12710488907
12729462284
12747886774
12766322922
12785154942
12804013906
12823011426
12842048069
12860797806
12879477805
12898153551
12916492743
12935188486
12954047909
12973163270
12992091390
13011005571
13030120197
13049286462
13068110052
13087157526
13106135692
13125186855
13144236686
13163071414
13182104323
13200938241
13219433416
13238135065
13257141735
13276082462
13295099245
13314110031
13333014359
13351843426
13371014112
13389385357
13408308872
13426925101
13445891730
13464786879
13483666038
13502589690
13521508431
13540460005
13559369597
13577874289
13597124244
13615912185
13634968748
13653925830
13672785758
13691605538
13710552186
13728971336
13748037370
13766976720
13785677007
13804307021
13823055029
13841899121
13860451656
13879250552
13897331526
13916017141
13934841832
13953550795
13972478731
13991545836
14010413046
14029485659
14048876205
14067694318
14086391714
14105516025
14124358327
14143743886
14162677605
14181727972
14200763635
14219769464
14238980480
14258333175
14277492003
14296650877
14315559903
14334791406
14353906476
14373021990
14391928078
14411269818
14429773179
14448452061
14467478131
14486439942
14505249394
14524367326
14543587492
14562762798
14582029063
14601237525
14620032045
14639175175
14658112107
14677355958
14696226152
14715286326
14734172309
14752893068
14772052952
14791054511
14810225855
14829452355
14848360508
14867488354
14886566750
14905558105
14924549046
14943407964
14962407657
14981414143
15000410394
15019626597
15038362732
15057545918
15076486782
15095411613
15114545089
15133761108
15153051869
15172418257
15191357867
15210447432
15229797908
15248944022
15268074821
15287350832
15306440963
15325554090
15343973974
15362573098
15381552978
15400645067
15419776386
15439014820
15457888564
15476842540
15495807931
15514753737
15534028310
15553000019
15572073841
15591122953
15610160008
15629078443
15648119783
15667068435
15686091675
15705192225
15723782949
15742555498
15761331704
15780194784
15799172154
15818155950
15836910048
15855935307
15874685778
15893494114
15912279898
15931438022
15950485818
15969510129
15988315742
16007448698
16026618848
16045653088
16064333256
16083391961
16102183452
16121020307
16140152789
16159327391
16178192475
16197347249
16216302985
16235525828
16254458339
16273463127
16292787593
16311867320
16330455703
16349340050
16368077302
16387124930
16406417250
16425496121
16444541347
16463668213
16482939940
16502155838
16521147728
16540221411
16559134828
16578228968
16597283389
16616546395
16635590794
16654942326
16673829794
16692859138
16711643682
16730776761
16749758782
16768989597
16787724921
16806738155
16825778378
16844331907
16863344039
16882543581
16901152175
16920026133
16938934041
16958058016
16976931759
16995760597
17014567969
17033358052
17052411846
17071387595
17090142962
17109120883
17127867269
17146409171
17165143975
17183660922
17202393034
17221442436
17240364727
17259016391
17277518069
17296239332
17315006251
17333780101
17352638973
17371671882
17390529943
17409464167
17428579788
17447508061
17466398649
17485163503
17504369883
17523210564
17542036525
17560828689
17579538294
17598346446
17617145097
17636066821
17655039449
17673896928
17692820672
17711521357
17730502965
17749604618
17768424933
17786717537
17805608187
17824245790
17842839498
17861614877
17880082314
17898870653
17917768616
17936374074
17954860039
17973937517
17992904055
18011948822
18030908872
18050028471
18069135433
18088073528
18106812142
18125765353
18144767953
18163942051
18182799500
18201278335
18220162635
18239082860
18257555468
18276274376
18295104698
18314169263
18333068802
18352060967
18370880396
18389488516
18408461235
18427401793
18446263205
18464956776
18483597684
18502589130
18521615124
18540679245
18559548490
18578359350
18596926482
18615303098
18634191835
18653004486
18671967719
18690810051
18709738247
18728388595
18746987627
18766211190
18784687256
18803629053
18822748224
18841532447
18860176033
18878975082
18897980925
18916703122
18935975308
18955056703
18974069019
18993276684
19012584366
19031643607
19050917461
19069851027
19088729712
19107873134
19126776987
19145991951
19165189581
19184585482
19203672217
19222732070
19242188865
19261346607
19280337809
19299573367
19318550140
19337962474
19357186817
19376262337
19395301320
19414511878
19433492048
19452853326
19471973889
19491199150
19510410274
19529027696
19547780172
19566616813
19585527674
19604436990
19621863001
19639743744
19658302430
19677035995
19695640167
19714321620
19733083613
19752060983
19770770833
19789681862
19808494482
19827161431
19845975152
19864901880
19883602503
19902478481
19921344620
19940398322
19959459781
19978453308
19997357590
20016428168
20035397904
20054061073
20072642449
20090983707
20109867487
20128611425
20147355149
20166391715
20185163667
20204236831
20223084656
20241988357
20261159181
20279937467
20298869458
20317799291
20336457473
20355515290
20374539142
20393314705
20412255126
20431140436
20449918448
20468859955
20487808836
20506498766
20525357699
20544185848
20563146189
20582396864
20601122855
20620160293
20639020618
20658364240
20677525822
20696623772
20715956301
20734834619
20753979815
20773423530
20792520607
20811828029
20830999021
20849723161
20868374610
20887099929
20905898564
20925014996
20943762622
20963019722
20982213281
21001245854
21020475215
21039829945
21059141666
21078235087
21097279976
21116440350
21135723506
21154963914
21174120493
21193224654
21212349134
21231480897
21250552500
21269694177
21288735792
21307874699
21326813973
21345701134
21364422903
21383701821
21402496279
21421652017
21440825212
21459908611
21479137162
21498545717
21517905878
21537102497
21556043193
21575138787
21594423595
21613619618
21633023781
21652328358
21671346059
21690566194
21709532380
21728739816
21747810134
21766750601
21785921715
21805093212
21824025937
21843026242
21862144632
21881202786
21900450875
21919367810
21938298378
21957874682
21976847432
21996144603
22014790590
22033523910
22052926926
22071989548
22091189472
22110198345
22129200578
22148145344
22166951003
22186183929
22205403315
22224498219
22243711286
22262909910
22282140159
22301379297
22320588936
22339557081
22358399520
22377516610
22396396565
22415310639
22434343457
22453505712
22472461127
22491055034
22509989487
22528863950
22547755503
22566420676
22585244603
22604135436
22623711159
22643107719
22662280577
22681192877
22700274945
22719540506
22738405635
22757634125
22776858513
22795835639
22814768058
22833930176
22853082731
22872252453
22891026104
22909761719
22928575608
22947462342
22966170983
22985105544
23003555171
23022426619
23041422579
23060293660
23079136284
23097588940
23116193679
23135021614
23153640062
23172112976
23190571233
23209239405
23228111557
23246828139
23265328058
23283849503
23302658329
23321524040
23340226775
23359450659
23378626654
23396861041
23415537078
23434213023
23452957420
23471586684
23490178785
23508992691
23527137389
23545686818
23564516482
23583517308
23602098668
23620875379
23639848649
23658527501
23677324622
23696011889
23715002754
23733694993
23752537677
23770956368
23789421387
23808004492
23827238703
23845873415
23864694465
23883392213
23902327447
23921683645
23940774526
23959670179
23978674278
23997495252
24016092693
24035048322
24053963666
24072641279
24091639182
24109950941
24128724729
24147193941
24165777963
24184650544
24203583315
24222462428
24241410285
24260451471
24278849217
24297690738
24316241391
24335274775
24354223152
24372402444
24391115491
24410027454
24429151674
24448013988
24466695196
24485530491
24504342039
24523091440
24541880023
24560840946
24579375749
24598184834
24616908821
24635750863
24654676320
24673122643
24691996524
24710397911
24724553624
24738659994
24751137358
24760803455
24771688196
24786351333
24801873382
24817123428
24830828816
24838744531
24846334402
24857334337
24872472264
24884205130
24892816521
24900678533
24908032585
24915472103
24922585685
24930025785
24937425553
24944542470
24952123422
24959572227
24967122853
24974745053
24982093995
24989432013
24996989432
25004227235
25011871268
25019507039
25027065377
25034486091
25041961258
25049476465
25056993554
25064466227
25072026217
25079538119
25087140490
25094724149
25101905097
25109109378
25119843077
25127704049
25135255502
25142839038
25150292847
25157969055
25165562017
25172907287
25180343179
25187676622
25195315621
25202658841
25209970236
25217543522
25224786527
25231888909
25239154696
25246460997
25253982737
25261423785
25268741423
25276384538
25283825708
25291162104
25298719524
25305824415
25313249995
25320719332
25327786724
25335150552
25342352905
25349454966
25357129339
25364423859
25371758052
25379163343
25386556410
25393897993
25401195297
25408457764
25415901918
25423490962
25430996515
25438436431
25445853381
25453322076
25464058622
25471936989
25479594441
25487223296
25494829660
25502365522
25510348282
25518038108
25525402212
25532712047
25540147541
25549813515
25557712737
25565144115
25572250307
25579780983
25587342518
25594614654
25601901355
25609261925
25616668365
25624232669
25631623227
25639205096
25646925293
25654609794
25662502360
25670058281
25677300077
25685006212
25692366996
25699980246
25707502277
25714611636
25722234937
25729309458
25736620487
25744176927
25753119349
25763323516
25771096436
25778622276
25786269140
25796576811
25809805956
25822993424
25836160619
25849296189
25862424033
25875425897
25888570861
25897428689
25910098925
25924317414
25937206027
25950631241
25963814165
25973640957
25986804679
25999952229
26013053145
26026164970
26039647712
26054086123
26067424373
26080538875
26093691428
26106918752
26120587420
26134137774
26144335836
26154115718
26167308525
26180849270
26193887196
26205925328
26219069542
26232220917
26245401179
26258489549
26272110114
26285131928
26299525862
26312685668
26325861477
26339056732
26352252569
26365324231
26378491167
26391604858
26404455465
26414867972
26428064283
26441194040
26454424608
26467730865
26481572851
26495628594
26505008397
26513488942
26526673778
26540500388
26552336162
26560756425
26573996601
26587153209
26600174213
26613476813
26623868420
26637051788
26650243845
26663794933
26676742650
26685049280
26697563043
26710834783
26724033603
26737187595
26750380693
26763415803
26775481521
26787815524
26800891776
26809790302
26817997085
26825789987
26836252693
26849310233
26862466167
26874396358
26886157804
26900589851
26913837861
26925923560
26936911071
26950313076
26964603612
26977729115
26990841292
27004246861
27018243561
27031474450
27044700964
27057843893
27071078592
27084848730
27098090941
27106374912
27113841404
27125793152
27138991054
27151992810
27164214190
27177673845
27186874317
27196964712
27206418292
27214168583
27221907889
27235074442
27248263134
27261445216
27273988217
27283202260
27296884606
27305861560
27313956117
27323803350
27334912680
27345296713
27358861923
27372003123
27383327265
27397586636
27410772053
27423925830
27437081031
27450171558
27463506273
27476904115
27490127691
27503290817
27516555351
27529835399
27543132460
27556022083
27568298925
27581048492
27596682843
27611675451
27625573527
27639303395
27652997889
27666763667
27678538455
27686828301
27695592982
27703417525
27713335995
27720777287
27728075112
27735615962
27743017061
27750239732
27757767240
27764920449
27772938185
27780350377
27787577883
27794825600
27802017151
27809393143
27816959483
27824308623
27831755776
27839030161
27846357453
27853840546
27860985279
27868143843
27875494697
27882851274
27890334978
27897767381
27905299434
27912797137
27920205657
27927574260
27934871625
27942140564
27949673167
27957406705
27965135576
27972398379
27979906747
27987340176
27994956791
28002470927
28009754584
28017141470
28024419037
28031842383
28039511003
28046977632
28054386657
28061544625
28068910963
28076270385
28083271941
28090396248
28097820527
28105147881
28112645875
28119655386
28127021143
28134696924
28142150380
28149473924
28156942588
28164230896
28171837582
28179250983
28186839492
28194397478
28201908064
28209364917
28216860157
28224158211
28231422192
28238903755
28246222632
28253833602
28261453950
28268860680
28276623824
28283860020
28291385815
28298632797
28305619542
28312854270
28319970086
28327196092
28334700819
28341855389
28349286691
28356591095
28363805932
28371142787
28378489878
28385681887
28393043375
28400374952
28407736669
28414857197
28421944861
28429555005
28437066662
28444389517
28451647317
28458799272
28466194328
28473803018
28481118896
28488477569
28495958183
28503439531
28511113842
28518599872
28526015920
28533584922
28541025786
28548691117
28556121286
28563252448
28570741110
28577909970
28585148905
28593187525
28600460671
28608033039
28615499852
28623767788
28634969347
28644062978
28651630450
28659002082
28666380308
28673829847
28681273863
28688389389
28696130699
28703197983
28710598104
28718211215
28725799648
28733219980
28740571722
28747628541
28754957501
28762327419
28769675580
28777303824
28784618540
28792099184
28799784603
28806992862
28814575955
28822032395
28829353919
28837043730
28844665103
28852193484
28859796864
28867268665
28874918727
28885139433
28892624101
28899916463
28907096371
28914361698
28921882214
28929116223
28936537641
28943811077
28951039317
28958790236
28970909412
28984137103
28996888001
29009745937
29022786540
29035346387
29043833098
29052564181
29065874094
29079506563
29093246315
29106929105
29120668183
29134441672
29146265649
29159735004
29173044337
29186392914
29199616413
29212817528
29225986498
29239113455
29252370935
29265860884
29279320034
29292775925
29306385657
29319879538
29333371644
29346600453
29359937218
29373502856
29387001204
29399885992
29412828232
29426023166
29439025351
29454847050
29465361149
29475395792
29491491545
29501400268
29509568938
29517455859
29525145654
29532625824
29540365972
29547772931
29555182568
29562376230
29569972818
29580139102
29587372315
29595074472
29602343242
29609742781
29617293607
29624741035
29632253518
29639623023
29646832093
29654201246
29661308111
29668564809
29675895009
29682918627
29690470860
29697691680
29704978305
29712685833
29720011350
29727780736
29736395600
29747770461
29761281417
29774927380
29788498098
29801861699
29815191916
29826917530
29838564027
29846446113
29854295855
29865826149
29875207374
29886475473
29899866201
29913178853
29926585264
29939931194
29953241154
29963858634
29971584538
29980025609
29993403807
30006770437
30020132723
30033394488
30046626983
30059961652
30072614523
30083292133
30096560675
30109874154
30123248450
30136484924
30149854584
30163103298
30176367633
30189606937
30202837612
30216104517
30229399238
30242773565
30255773011
30267814218
30281077191
30294276639
30307587991
30320962700
30328931537
30336931402
30345279372
30353094322
30360746142
30368265435
30375717651
30382734553
30390145429
30397555219
30405150751
30413094205
30420696454
30428219862
30435869097
30443164167
30450720883
30458137160
30465488520
30473070970
30480496351
30487783572
30496419810
30505702917
30519508826
30533868718
30548205613
30563184619
30576655535
30586363125
30601639517
30615661355
30627989896
30637796967
30647218844
30656746690
30668586579
30682586355
30696465933
30710238687
30724405003
30738376168
30751414017
30764519874
30777441688
30790467252
30803488791
30816495810
30829654269
30842645530
30855876205
30870588624
30884773636
30899375329
30914410945
30929217612
30943180606
30958566669
30972141808
30985782094
31001715851
31016721357
31030004266
31043540635
31057332988
31071768156
31086840400
31100152960
31114315467
31130144326
31146047422
31160287055
31173602293
31186934560
31200193265
31215843666
31231708098
31246192271
31259468601
31273651426
31287710015
31300957489
31314050418
31327353814
31340602115
31354283818
31370161332
31383254521
31396426704
31409538070
31422679653
31435774923
31448839670
31461909113
31475032290
31488115152
31502721052
31517335123
31532014555
31546491093
31561097942
31575656810
31590257616
31604907534
31619481243
31634083792
31648726719
31663515025
31678180856
31692818748
31707591571
31722364104
31736947437
31751622921
31766477416
31781254538
31795957593
31810574448
31825184510
31840023384
31854796253
31869481575
31884012674
31899136571
31914821412
31929676595
31944738527
31960670524
31975320794
31990088599
32004732168
32018965222
32034556427
32048887264
32064500807
32080701426
32095734487
32110476741
32124008367
32138252575
32152576771
32166402616
32179959763
32194557049
32210197290
32224212029
32239736419
32254612686
32267870564
32281133308
32294383659
32307627660
32320834712
32331681616
32339471718
32352632625
32365928111
32379137152
32392347478
32405560389
32418765009
32432563023
32445733110
32459996168
32474515317
32488872638
32503106412
32516311811
32530990707
32545110573
32559917913
32573877174
32588594519
32603093931
32617837700
32632426862
32647014662
32661577248
32676099335
32690655923
32705216306
32719740320
32734606550
32750004133
32764199994
32778594570
32792966243
32807357224
32821690937
32836720112
32851167504
32865777673
32880516515
32895111292
32909758563
32924271225
32934432123
32945127252
32958897543
32972595449
32986819981
33001529095
33016520785
33031841960
33046299481
33060115442
33075596013
33091368431
33106988645
33122608078
33138196728
33153791819
33168837808
33183913725
33198553407
33213040901
33227571494
33241982258
33255830273
33269784271
33283406014
33297448522
33311117205
33324195186
33338041151
33351641994
33365745519
33380209144
33394564966
33408678222
33422827922
33435980505
33449451681
33462674048
33475889546
33489055854
33502297789
33515620540
33528866408
33542070445
33555285270
33568518699
33581815577
33594993161
33608220822
33621435906
33634719534
33647984512
33661285460
33674434065
33687648522
33701017968
33714378556
33727681646
33740885592
33754101579
33767999364
33781927581
33795105808
33808400085
33822675735
33837316305
33852105025
33867916611
33882424974
33896768509
33911238576
33925232094
33938438931
33952325456
33963047482
33973518358
33983426210
33998143173
34012475341
34026728484
34040556685
34055347394
34070120998
34085917911
34101021138
34115787550
34130399112
34144942312
34159457606
34174059941
34188626643
34203199694
34217833119
34232406675
34246828684
34261316851
34275919110
34290477733
34305014600
34319567914
34334276508
34348824895
34363351052
34377920125
34392452463
34407140202
34421609183
34436067484
34450719636
34465392612
34479665324
34494622160
34509639814
34524333306
34539197409
34553921472
34568724895
34583588982
34598455763
34613489528
34628275555
34642656621
34655777886
34669195328
34682744151
34697389617
34711335736
34726532461
34741604169
34756523429
34772151798
34787935109
34804047830
34819732227
34834923414
34850518887
34866309987
34882183782
34897620060
34913459844
34928909401
34944250497
34959680440
34975017695
34990226844
35005541165
35020417737
35035837628
35050616280
35064744193
35079543241
35094877528
35109726974
35124361072
35138955635
35153473988
35167921686
35182489872
35197363584
35210422776
35223946125
35238227956
35251390898
35264890638
35279280227
35293777314
35307816303
35320918917
35334661959
35348289776
35362420427
35377094290
35391592754
35405612450
35419619141
35433812415
35446953738
35460175095
35469425674
35476946757
35485757353
35497528439
35505198543
35512885447
35522805600
35530895107
35541142940
35554268152
35567439570
35580627635
35593866189
35607070166
35620488771
35633597841
35646829052
35660052169
35673246277
35686457964
35699645050
35712834751
35726131033
35739323917
35752543086
35765744967
35778961627
35792408185
35805613248
35818800792
35831968905
35844752315
35853914445
35867064810
35880305660
35893525915
35906729662
35920109589
35934009669
35948333529
35961467202
35974608372
35987772554
36000899571
36014355891
36028795725
36043799364
36058354697
36073255643
36087736817
36102250336
36116229349
36127817738
36140998198
36154211171
36167802283
36182516140
36194751703
36205498653
36215453185
36227731878
36242547389
36256491656
36270206086
36284568012
36299713299
36314563509
36329571815
36344523587
36359530118
36374507226
36389414078
36404412132
36419621067
36434291380
36448909199
36463812913
36478519748
36493407214
36508061477
36522759086
36537660888
36552374867
36567249971
36581944703
36596822882
36611515610
36626400490
36641035598
36655837996
36670579041
36685372076
36700207537
36714888805
36729833049
36744565756
36759357765
36774122143
36788946282
36803676556
36818662998
36833244495
36848133659
36862913230
36877804368
36892613207
36907358720
36922141565
36937031096
36951820489
36966699877
36981511516
36996267831
37010955724
37025756118
37041011334
37056422795
37071752324
37087075121
37101719990
37116317016
37130892255
37145510533
37160298106
37174906102
37189754155
37204616055
37219301194
37232417333
37245707739
37259275060
37273275800
37287377274
37302676708
37317363622
37332115331
37347427969
37362662225
37377418463
37391679210
37404586917
37419776145
37435378275
37451222220
37465958461
37481642124
37496895857
37512245566
37528329324
37543357657
37558867267
37573738913
37588450108
37602982966
37618795776
37633321810
37647574158
37662755935
37678054879
37692964653
37707678999
37722364123
37737065388
37751785227
37766583189
37781300473
37795813257
37810713759
37824782966
37837836757
37851418353
37865694860
37879754626
37892741664
37906202696
37920029765
37934807591
37949392301
37962545022
37976109008
37989714732
38003880099
38018183595
38032876766
38047111779
38061053736
38075846418
38088933105
38098817930
38108612103
38119431528
38132632950
38145843000
38159060594
38172381111
38185586541
38198827099
38212030449
38225197445
38238454268
38251708428
38264974737
38278260354
38291435062
38304711882
38317929337
38331141499
38344365764
38357599912
38371058113
38384244969
38397425796
38410669691
38423860188
38436987282
38450193094
38463361162
38476560824
38489824746
38502942568
38516182193
38529367397
38542603595
38555811014
38569051297
38582249108
38595465722
38608690981
38621970188
38635654248
38648866930
38662069483
38675326214
38688535041
38701779195
38715011599
38728185205
38741409439
38754601374
38767784221
38781039162
38794265492
38807562538
38820741912
38828556311
38839573535
38853015962
38866671044
38881090452
38895959589
38909115095
38922232932
38935500756
38948639769
38961915686
38975055693
38988246588
39001404726
39016037447
39030580035
39045019625
39060076049
39074573151
39089497826
39105010160
39120381182
39135626469
39150163703
39164519464
39179125532
39193923585
39207266210
39220537507
39233720920
39247856269
39262600496
39277479226
39291955168
39306745234
39322515541
39337377762
39351809258
39365516252
39379854005
39393438951
39407203489
39421859328
39436920098
39451938149
39466980467
39482336541
39497281076
39512317962
39527493160
39542518632
39557629631
39572765263
39587830638
39602650876
39617605953
39632488048
39647384710
39662224119
39677060712
39691978809
39706775867
39721555132
39736517843
39751346940
39766244565
39781079919
39795860882
39810851073
39825762223
39840668891
39855507075
39870239507
39883840411
39895516973
39910349849
39925259148
39940134910
39955049931
39969939050
39984728137
39999673314
40014622026
40029513455
40044475570
40059395809
40074249232
40089111132
40103941024
40118866327
40133821037
40148721829
40163682644
40178565015
40193419112
40208338233
40223214270
40238113732
40253040641
40267886690
40282880384
40297818172
40312642357
40327981296
40343830642
40358355713
40372756731
40387460704
40402770404
40417828939
40432521728
40447360571
40457337823
40471663703
40486671519
40501476227
40516285143
40531467624
40546316962
40561364635
40575625428
40588730720
40602425551
40616036936
40630159341
40644450091
40659958523
40675044446
40689692742
40704954966
40720393845
40735862894
40750673355
40766089498
40781488336
40798002544
40813349209
40828572143
40843769143
40859734846
40874744620
40890831775
40906794969
40922133188
40937776000
40953535061
40968338729
40983161981
40997574000
41012330421
41026342528
41041199624
41056654506
41071928572
41087059829
41101673165
41116256436
41130966744
41145732651
41160395146
41175125267
41189628718
41204378087
41219202150
41233947066
41249063083
41263014189
41276124897
41289226623
41302813880
41317306254
41331116004
41344234193
41357331988
41370992302
41384945183
41399612865
41414430976
41430469124
41445781012
41459020286
41472616723
41486103275
41500356327
41514573347
41529380518
41543899086
41557601322
41572155417
41585843837
41598897170
41612103411
41625975600
41639102709
41652317304
41665601544
41678765694
41692015341
41705311791
41718548632
41731819806
41745037889
41758200770
41771572817
41784795674
41798024666
41806241592
41814441657
41827755473
41840955135
41854212462
41867425236
41880665948
41893951963
41907487965
41920719971
41934010347
41947222753
41960493820
41973812577
41987079391
42000359500
42013591155
42026771615
42040015723
42053190446
42066409141
42079637950
42092790044
42105983800
42119258294
42132425597
42145708888
42158954420
42172212053
42185688079
42198951848
42212100959
42225412249
42238561192
42251730973
42264958527
42278245903
42291645184
42305405331
42319851132
42334183912
42347256966
42360563912
42373817613
42387144908
42400396391
42414225112
42428793604
42443419624
42458090702
42472395483
42487438443
42502180834
42516741477
42531361912
42546025279
42560642241
42573814440
42587024368
42600239544
42614895032
42629532282
42644478408
42658926259
42673781121
42689459383
42704191493
42718076212
42732148831
42745840235
42759962288
42774920302
42789665555
42804448353
42819423687
42834418162
42849234774
42864429372
42879480747
42894540032
42909522786
42924611463
42939585864
42954516246
42969241915
42984446657
42999183112
43013880338
43028599779
43043339631
43058103366
43072773848
43087471074
43102168299
43116804662
43131441116
43146024969
43160663520
43175337168
43189981456
43204633792
43219409048
43234151577
43248824598
43263455575
43278037439
43292700423
43307793047
43322111506
43336785522
43351465459
43365909623
43380536102
43395195644
43409884286
43424657415
43439359094
43454083110
43468812603
43483475007
43498254378
43512947427
43527684204
43542437473
43557113723
43571849046
43586692065
43601406412
43616098344
43630680392
43645363373
43660141888
43674755867
43689427909
43704244964
43718962876
43733740044
43748374387
43763206161
43778601495
43792725124
43807193692
43821741100
43836936341
43851926638
43867195457
43882335954
43897689321
43912754665
43927591457
43942456019
43957854658
43972600248
43987311672
44002246629
44017183438
44032361497
44047455054
44062450875
44077351958
44092300777
44107589975
44122751571
44138326252
44152207667
44164465843
44179183341
44193683090
44208437569
44223251886
44237860647
44251997281
44265103154
44278523824
44292068945
44306707939
44320800249
44336070873
44351066800
44366036917
44380384155
44395706126
44411012965
44426309936
44440549110
44456146206
44471351988
44486751438
44502982030
44518394776
44533970406
44549812821
44565433586
44580343099
44595261349
44611437411
44626685560
44642014859
44657844377
44673350713
44688461329
44704472871
44719668770
44734227684
44748971636
44763667867
44778374671
44792989874
44806788561
44821407742
44836516094
44852139138
44867746117
44880946560
44894170839
44908696827
44923184673
44937746341
44952249303
44966729513
44981332430
44995735636
45010334238
45024879336
45039547125
45049943796
45064156869
45077740958
45090784361
45104234851
45117739825
45131948690
45146619829
45160261493
45173320334
45186374829
45200210405
45213940166
45228815514
45243608427
45258209920
45272896390
45287723697
45302200236
45315337810
45328936343
45342590017
45356794552
45371037628
45385821758
45400664778
45414890381
45429215756
45443146161
45457078418
45471973932
45485611938
45498707759
45511875765
45524924906
45537820542
45545920239
45554357638
45562275450
45574690420
45587936900
45601392149
45614605060
45627879998
45641093843
45654292801
45667537216
45680812781
45694023382
45707277619
45720644633
45733920152
45747213725
45760439703
45773641691
45786919015
45800144152
45813401694
45826629553
45839886957
45853118428
45866338087
45879582807
45893007670
45906225172
45919446927
45932599924
45945920088
45959103976
45972364608
45985629035
45994607764
46003822265
46017087962
46030245472
46040976173
46049092686
46058910328
46070691359
46079016670
46087022793
46099112287
46112336873
46125547673
46138804327
46152048681
46165267422
46178406771
46187714021
46196194291
46206736297
46220055161
46233649364
46248049938
46262328801
46275557915
46288706552
46301940057
46315080018
46328362821
46341520101
46355852759
46370224034
46385233089
46399521330
46414839262
46429531500
46443946303
46458474847
46473098770
46487639324
46500863420
46513960465
46527094521
46537528279
46548423837
46559959135
46570589055
46580995013
46590363478
46602638561
46618427473
46633128723
46647255641
46661381611
46675239234
46689166288
46703817400
46719004792
46734149650
46749214091
46764282924
46779460493
46794571767
46809686821
46824986163
46840024854
46855265307
46870480759
46885554962
46900586707
46915534409
46930515633
46945429767
46960217355
46975004132
46989807754
47004599488
47019492370
47034241402
47049143694
47064110904
47079002929
47093880527
47108711230
47123525868
47138424273
47153236892
47168044523
47182853592
47197798004
47212719849
47227614461
47242381562
47257157185
47271845246
47286640912
47301672795
47316632706
47331656098
47346437428
47361187087
47376042362
47390786253
47405624820
47420549587
47435305718
47450370129
47465424105
47480260071
47495232131
47510012528
47524783331
47539629549
47554546085
47569529757
47584502643
47599332474
47614136877
47628951821
47643726434
47658703390
47673706340
47688708204
47703531717
47718267192
47733180990
47748096287
47762946635
47775099486
47787808783
47802989076
47817276690
47832057102
47847323427
47862331732
47878278341
47892860480
47907689087
47922704676
47937577392
47952083766
47966591012
47981251885
47995838767
48011087130
48025722039
48040533479
48055533492
48070294397
48085107765
48100222757
48114994341
48128540992
48141651516
48155289599
48168923429
48183132493
48197760624
48213090153
48223785420
48237722297
48252128792
48267650550
48283027494
48298093771
48312824382
48328133347
48343200481
48358881252
48374250271
48389651021
48405355217
48420703213
48436023470
48451495258
48467284308
48483266443
48498651618
48514165435
48530238881
48545551809
48560299602
48575775322
48590977249
48606603002
48622628681
48638131895
48653445543
48668485045
48684190388
48699368845
48713692858
48728404833
48743371890
48758007411
48772751133
48786283937
48800883702
48815821781
48831122301
48846772120
48859425495
48869480763
48883247550
48898061775
48912832532
48927482665
48941996428
48956858695
48971572353
48986843544
49002663330
49017699681
49032170191
49046801520
49061497553
49076594399
49090128534
49103206806
49116693159
49130098316
49144381416
49158235123
49171297559
49184391865
49198216853
49211988353
49226858254
49241690579
49256243465
49271055670
49284834055
49297918293
49311807419
49325492611
49339590353
49354619895
49369117685
49383549211
49397333930
49411168985
49425768796
49439662466
49452655960
49465806264
49478862550
49493629360
49508705537
49523803592
49539034176
49554196950
49569233301
49584529751
49599429411
49614258186
49629537409
49644151847
49659380457
49674566135
49689579000
49704942771
49719754532
49734444445
49749308089
49764326538
49779759480
49795111576
49810363703
49826226834
49841290174
49856107260
49871151230
49885960712
49901489309
49916946960
49931856229
49946752431
49961682799
49976657398
49991106596
50005285932
50019340665
50033105096
50048049203
50062783669
50077694911
50092575033
50107680126
50122718527
50137540387
50152737464
50167863564
50182688086
50197113109
50211490076
50225482645
50239254037
50253333464
50268046097
50281866648
50296792487
50310695872
50325665102
50340868574
50355912651
50370956911
50385741485
50399739990
50414638488
50429192154
50444264765
50459154266
50474222670
50489103114
50504381586
50519067016
50534145441
50548106187
50561224070
50574808343
50588314755
50603077006
50617300880
50632130742
50647190746
50662501548
50677876334
50692444658
50707530427
50722916122
50738883784
50752930790
50767377708
50782037373
50795926605
50809740210
50823338101
50836447615
50850042598
50863469679
50877651402
50891823471
50906464974
50921161558
50935185522
50950311806
50965214787
50980411481
50994584315
51008122122
51022117674
51036349428
51049776969
51063881947
51078081999
51092386979
51107079248
51121406871
51135269176
51149167421
51163251408
51177058173
51191202335
51205933267
51220584899
51234478186
51249548992
51263263958
51277698896
51292489758
51307561788
51322516421
51337213922
51351759234
51365625487
51379880573
51394539213
51408894545
51423241477
51438072257
51452885135
51467803676
51482622521
51497494213
51512850976
51528007018
51542690275
51556854434
51571035438
51586059655
51601562334
51616781902
51632019723
51647406933
51662286550
51677441996
51692345910
51708250550
51723349218
51738447778
51753461989
51768172832
51782961659
51797629800
51812179243
51827051883
51841796111
51856466041
51871275386
51885859973
51900423370
51915944455
51931930109
51947419615
51960614763
51973697579
51982834280
51993790717
52003889130
52013203678
52024449668
52037777773
52052960698
52067121980
52080502121
52094724312
52108685027
52122556894
52136057155
52150380464
52164600009
52178702172
52193875197
52209232970
52222576329
52236648489
52251492519
52266497810
52280060250
52294037091
52308790820
52323509787
52338505761
52353646962
52368799791
52383927406
52399240962
52414253597
52429535406
52444419093
52459008989
52473640272
52487775789
52501564363
52515900723
52530299492
52544650418
52559423776
52574140908
52588774440
52598840111
52612339714
52627621752
52643428977
52659186983
52673510889
52688202377
52703147830
52717945745
52730108771
52744440816
52759654494
52774513716
52788523498
52803324351
52816620861
52831243362
52846177279
52861516493
52877059243
52892215316
52907583615
52922398023
52937068184
52952137873
52967211448
52982416879
52997365514
53012216367
53026969056
53041713635
53056397412
53070918321
53085586416
53100240924
53114834844
53129733327
53144322458
53159323588
53175341112
53191502165
53206926462
53220139558
53233373094
53246581354
53259924683
53274730264
53289245511
53304655350
53319167905
53334608864
53348893709
53362280138
53376737506
53390601494
53404355520
53418352328
53432364695
53446735296
53461415769
53476527992
53490783017
53504636234
53519335173
53534463507
53548254270
53562270156
53576978796
53591681881
53606571872
53621705331
53636835501
53652049026
53667160392
53682298916
53697308598
53712127643
53726966700
53741466831
53755868767
53769610615
53783618270
53797463561
53811625410
53826455485
53840537544
53855286851
53869524205
53884740040
53899315034
53913971730
53928044854
53943146658
53957855052
53973374699
53989309756
54005083720
54019604414
54034250431
54049332942
54063857369
54078493946
54092930215
54108129143
54123476283
54138120892
54151400802
54166464907
54179666588
54190612285
54201319745
54214334751
54229699501
54245556956
54260353908
54275582640
54290330172
54305112451
54320442546
54335457920
54350548555
54365536328
54380439018
54395320517
54409928039
54424669206
54439436613
54454062006
54468912782
54483579072
54498272778
54513127809
54527715288
54543563410
54559660081
54575567935
54586884044
54594596560
54602537704
54612332029
54626268417
54641112064
54655475643
54671232042
54685436225
54701268405
54715820342
54729799325
54743033350
54757247815
54772008154
54786037091
54800083761
54813356649
54827325319
54841411065
54855846768
54870158434
54885594742
54900387486
54912470737
54922813614
54936473469
54950386447
54965826672
54980907025
54995308257
55008761715
55022862058
55037872566
55052780336
55067584830
55082439707
55097461935
55112764445
55127719919
55143169599
55158474051
55173435462
55188461485
55203986258
55220063391
55234717700
55249281602
55264470906
55279139643
55293556191
55307707589
55321648613
55335380898
55349580859
55364268537
55378227707
55392815614
55406911596
55421728162
55436357318
55450790634
55465517190
55480097203
55495506200
55510706490
55525458000
55540246200
55554947144
55570048596
55585124573
55600114090
55615169183
55629850818
55645240874
55661295409
55676813189
55692362457
55708117938
55724285555
55737648575
55752415492
55767167293
55780733742
55794373860
55809228967
55824149726
55839501945
55854589917
55869861199
55884980169
55899734373
55914534001
55929773918
55945184767
55960250539
55975175842
55990169536
56005005946
56019561127
56034159193
56048696121
56063341664
56077952169
56092862784
56109382378
56123592421
56135618588
56149212087
56165463533
56181562683
56195948370
56209226812
56222564832
56236262264
56251161495
56266066557
56280965482
56296276055
56310796198
56326567744
56341166928
56355733920
56369052279
56382345761
56396294710
56411147154
56424820428
56439069210
56453413817
56466673623
56479995701
56494168947
56508845105
56522421958
56537301208
56551612553
56566586341
56582343444
56596835543
56612181917
56625598747
56638954944
56653183010
56666749995
56682250975
56697334679
56712645955
56726931351
56740235114
56754149363
56768612850
56783005545
56798081415
56812567333
56827185825
56842274685
56857471272
56872507256
56887641694
56902483811
56917593449
56932444057
56947213606
56962383724
56976994337
56991756833
57006546226
57021451287
57035611483
57050382592
57063897342
57078052581
57091941049
57105880160
57120344030
57135233730
57149213661
57164043737
57178076056
57192324074
57207300800
57222083033
57236626891
57250408917
57260332099
57273711597
57288283011
57302771316
57318153553
57333343638
57349195524
57364478694
57379309443
57394232253
57409174034
57424033623
57439154032
57454456725
57469544146
57484568547
57499415025
57514699710
57530142061
57546497179
57561144757
57573024931
57588505028
57603634479
57619024687
57632699322
57644530522
57657244500
57671160187
57685182071
57700211674
57715404651
57729182607
57742438618
57756285072
57771073012
57785985004
57801082126
57816483642
57831573986
57847056897
57861757428
57876384136
57891505065
57906641110
57921888784
57937409073
57952582221
57967537436
57982563887
57997301337
58012016907
58026803485
58041386940
58055999328
58070888033
58085551033
58100319082
58115135113
58130691265
58146809953
58162876820
58178887459
58193210477
58206452566
58219689942
58232888396
58246173936
58260157708
58274845830
58289918228
58304813956
58320103353
58334443094
58350113079
58365693742
58381836374
58396250382
58410818124
58424194348
58437496428
58451480827
58466124656
58479483330
58494258311
58508764654
58522081483
58535449017
58549248592
58563944502
58577907282
58592590860
58607039767
58621924296
58637557377
58653247343
58669408978
58684028204
58698494492
58711786321
58725780237
58739907599
58753684055
58769378703
58784677204
58799564395
58814183545
58827436451
58841123173
58855104450
58869427989
58883950382
58899785652
58914856443
58929297057
58944238242
58959343473
58974465105
58989416357
59004390712
59019166029
59034058452
59048736768
59063314562
59077957702
59092737732
59107169671
59121241234
59134855801
59149275301
59163028288
59176863894
59191997828
59206815266
59220845289
59235634637
59249792874
59264125746
59278810288
59293228151
59307651262
59322616192
59336620925
59351437399
59366680621
59379510436
59390720914
59405236544
59420106844
59434879208
59449713874
59464848251
59479633070
59494673796
59510091942
59524519093
59539696800
59555176560
59571062075
59586768872
59603186399
59618236213
59633279066
59647535346
59660615592
59675834241
59690816843
59704976978
59718555957
59732991859
59747962282
59762717648
59778203757
59793657813
59809793499
59824689120
59839811410
59854368243
59868970288
59883969857
59899055489
59914025208
59929001016
59943996515
59959329211
59975645483
59990232932
60004510540
60019006693
60033579652
60048067391
60062589340
60077079771
60091432670
60107540403
60123577634
60139619684
60153857236
60167053792
60180211410
60193465479
60206730563
60220384956
60234104466
60247368618
60261080799
60275037765
60289187679
60303860808
60319124210
60333721313
60346893527
60360160172
60373515312
60386762863
60400034542
60413123830
60426513212
60439592340
60452895017
60466593260
60480847077
60495280760
60509803444
60524039864
60537153402
60550675986
60564265798
60578338968
60592255052
60607038570
60621636835
60635012463
60645943165
60655318577
60666064807
60680335377
60695127432
60709895910
60724691332
60738925320
60754038216
60763949724
60776797471
60790941296
60805832679
60820650927
60835123075
60844124555
60853965561
60862714468
60871123042
60879641118
60888253595
60895921511
60903180780
60910643431
60917986467
60925419223
60932941284
60940147936
60947617212
60955010631
60962346492
60970002857
60977494838
60984627147
60992195354
60999485023
61007175079
61014659732
61022213602
61029837546
61037366094
61044892731
61052709439
61060139303
61067761335
61075359100
61082772807
61090332660
61097598216
61104904548
61112318928
61119576743
61127065848
61134501006
61141672437
61149252042
61156629411
61164005495
61171368635
61178689685
61186102979
61193399778
61200876781
61208305360
61215886678
61223440931
61230960559
61238032005
61245632295
61253173788
61260630610
61268190417
61275824826
61283133682
61290784401
61298291300
61305891544
61313494176
61320749680
61328294982
61335788387
61343320592
61351111062
61358455413
61365913521
61373404845
61380506707
61387905481
61395163984
61402314409
61409622316
61416890826
61424214293
61431495318
61438718770
61446111822
61453558133
61460869880
61468191741
61475428274
61482840313
61489982277
61497359600
61504418286
61511807849
61518858716
61526318782
61533760381
61540848901
61548330234
61555742564
61563219674
61570796678
61578198756
61586057188
61593278804
61600520737
61608047955
61615299834
61622573683
61629865326
61636798307
61644199621
61651492473
61658722182
61665926677
61673087046
61680237761
61687514717
61694700362
61702172224
61709461985
61716900891
61724152311
61731292178
61738396687
61746008896
61753470859
61760546115
61768174068
61775278821
61782943877
61790653960
61798254724
61805984070
61813397471
61820705149
61828130315
61835323916
61842723578
61850257328
61857482814
61865156774
61872597287
61880067588
61887501889
61894869680
61902291863
61910073550
61917528674
61925103031
61932426483
61939615632
61947138275
61954442173
61961763805
61969137992
61976216093
61983607737
61990605054
61997668422
62004873085
62011951569
62019208190
62026641649
62033730139
62041124767
62048421414
62055550311
62062897172
62070470029
62077981595
62085484654
62092700899
62100313613
62107563258
62114908130
62122451473
62129864201
62137433019
62145083539
62152510618
62159972520
62167201862
62174688504
62182118719
62189466636
62196736645
62203929772
62210968338
62218437156
62225654273
62232903183
62240372551
62247767072
62255119625
62262554078
62269594052
62276947446
62284223422
62291630627
62298966717
62306165443
62313061658
62320555705
62327920039
62335335536
62342672773
62349872020
62357434045
62364769110
62372125457
62379801803
62386859311
62394195814
62401814586
62409231460
62416665011
62423969889
62431392852
62439180904
62446619718
62453943660
62461107640
62468480557
62475907912
62483316983
62490434543
62497655867
62504482911
62511795622
62519183533
62526117723
62533361554
62540698439
62547692222
62555056755
62562133158
62569261703
62576476678
62583571656
62590829976
62598420673
62605566584
62613011564
62620210260
62627218639
62634476301
62641707754
62649084955
62656473096
62663638040
62671264325
62678711661
62686339002
62693772139
62700917714
62708292115
62715670907
62722574665
62729795898
62736974520
62744193917
62751497494
62758787256
62766148896
62773471782
62780751905
62788185854
62795515196
62802627294
62809834803
62816917540
62824175126
62831784994
62838778042
62846223206
62853364848
62860486662
62867910114
62875221066
62882510430
62890274063
62897514528
62904989940
62912484798
62919750003
62927412549
62934877113
62942059652
62949546034
62956782842
62964319637
62971725143
62979102543
62986610376
62994032834
63001288951
63008760384
63015904138
63023216253
63030712059
63038174405
63045741892
63053317090
63060831762
63068230551
63075346658
63082360836
63089634287
63096886931
63104347593
63111901785
63119051781
63126629534
63133869096
63140906683
63148189728
63155325510
63162611355
63169861444
63176932645
63184379583
63191570644
63198830250
63206143114
63213506989
63220961164
63228407506
63235672527
63243191268
63250542888
63257941080
63265337758
63272938079
63280449645
63288062343
63295446475
63302523399
63309979548
63317244355
63324686933
63331860537
63339260213
63346890247
63354182364
63361415256
63368824985
63375930014
63383235137
63390308128
63397500780
63405059500
63412097653
63419201673
63426393820
63433476022
63440820083
63447869574
63454915545
63462267225
63469325988
63476942343
63484256982
63491347522
63498921267
63506412239
63513535781
63520874273
63528160256
63535414797
63542722964
63550425672
63558060418
63565756058
63572888826
63580198784
63587453906
63594717444
63602042533
63609394305
63616847945
63624127318
63631068530
63638426468
63645440187
63652554243
63659612394
63666582079
63673870219
63681254427
63688282803
63696072768
63703360571
63711060602
63718577247
63725740218
63733195464
63740506339
63747452050
63754511959
63761599195
63769018547
63776417061
63783828794
63791155016
63798374596
63805388193
63812621007
63819693325
63826962661
63834282778
63841381335
63848361073
63855741089
63862986159
63870418226
63877728505
63884873758
63892085061
63899503297
63906932411
63914541988
63921719478
63929168191
63936618894
63943916626
63951154337
63958338942
63965510694
63972886809
63980029966
63987440781
63994806721
64002347112
64009899988
64017244630
64024623560
64032048176
64039562419
64046751797
64054011525
64061062866
64068352016
64075637601
64082754243
64090353860
64097684656
64104842118
64112264255
64119456158
64126675356
64133912256
64141173345
64148712191
64155670646
64163180666
64170312042
64177558046
64184854264
64191964281
64198870242
64206150777
64213361361
64220891364
64228187383
64235605190
64242878596
64250181225
64257641948
64265140983
64272496443
64279742370
64287022018
64294140557
64301428620
64308817740
64316068701
64323326241
64330558551
64337518046
64344708694
64351753595
64358880503
64366197483
64372984884
64380230505
64387335780
64394472740
64401911019
64409143726
64416350241
64423694807
64430738422
64438049496
64445385020
64452407322
64459661083
64466900966
64474161750
64481721755
64488755685
64496048094
64503094478
64510168372
64517561408
64524835946
64532062121
64539513129
64546800137
64553979187
64561299962
64568765138
64576168043
64583512487
64590835786
64598588066
64605896830
64613350501
64620891825
64628274534
64635443731
64642762196
64649880444
64657172485
64664131736
64671547386
64678950153
64685972196
64693445266
64700751506
64707810941
64715118022
64722284665
64729695403
64736906722
64743989535
64751152383
64758596078
64765762124
64772744004
64780114365
64787414638
64794830747
64802140460
64809717540
64817231584
64824172031
64831620683
64838958900
64846206602
64853724364
64861321196
64868857012
64876521058
64883937534
64891201683
64898399706
64905842223
64913208637
64920542952
64927848748
64935344922
64942112907
64949516608
64956638467
64963593710
64971011578
64978342206
64985493931
64992954211
65000258737
65007768497
65015084865
65022448051
65029793551
65037106278
65044299343
65051659117
65058845910
65066141256
65073443900
65080946790
65088299772
65095738020
65103168296
65110664608
65117736910
65124974116
65132496101
65139671526
65147165695
65154538260
65161575251
65169179565
65176751259
65184182209
65191641174
65199146757
65206807130
65213963828
65220960915
65228584752
65235869174
65243345458
65250801653
65258019260
65265325469
65272451413
65279620503
65287002080
65293955364
65301200144
65308369387
65315654451
65322716365
65329982320
65337050583
65344217731
65351278558
65358594621
65365911111
65373235588
65380362986
65387682261
65394887827
65402220597
65409394094
65416799309
65424308748
65431786347
65438914816
65446525128
65453848596
65461120395
65468443786
65475836424
65483019866
65489973242
65497185371
65504661686
65511714879
65519066804
65526347156
65533598331
65541030398
65548222163
65555246729
65562450964
65569532630
65576859708
65584028783
65591083062
65598243646
65605632307
65612757333
65620055035
65627265114
65634610262
65641697482
65648841909
65656421131
65663965301
65671418007
65679070302
65686233150
65693920620
65701529172
65708816471
3433381
10504781
17861862
25279103
32479023
39842469
47152825
54492036
61746623
68825627
75899061
83290476
90455680
97860207
105177447
112369473
119659877
126874056
133940805
141231393
148408607
155530344
162833784
169920621
177269533
184784755
191925036
199457960
206733385
213868724
221457203
228809128
236242465
243850405
251124805
258824454
266182270
273476943
280998453
288162372
295573830
302934446
310087502
317568437
324835937
332084067
339222680
346484855
353672229
360917162
368104337
375440442
382714138
390073698
397442775
404553068
411764432
419175599
426289472
433348433
440752470
448200158
455630358
463292384
470669478
478465302
485721893
493150456
500732937
507949198
515444561
522828540
530212029
537773840
544857740
552346875
559681772
566946564
574307593
581612256
589372401
596909074
604075074
611420940
618813365
626067294
633308616
640486427
647563840
654970937
661988221
669326009
676592499
683873142
691091942
698386003
705762393
713182281
720335811
727583528
734732254
741979130
749353638
756492037
763501778
770842213
778196219
785560155
793249155
800669563
808073615
815537384
822759030
830044293
837454236
845012772
852268889
859312611
866544508
873809606
880893537
888130881
894999418
902212312
909598326
916976292
924063344
931271311
938539270
945922316
952980956
960027768
967365893
974782461
981698535
989179149
996248943
1003613031
1010830653
1017966528
1025580144
1032998426
1040197519
1047459037
1054727440
1062279382
1069535193
1076946329
1084322000
1091312280
1098674793
1106061617
1113200704
1120374171
1127641288
1134902821
1142194296
1149312254
1156356129
1163589954
1170208780
1177528820
1184880332
1192020200
1199047184
1206272073
1213358345
1220727421
1227623774
1234870344
1242111053
1249289033
1256484317
1263779479
1270776720
1278362889
1285362608
1292582800
1300007676
1306795353
1314247738
1321845596
1329107006
1336879544
1344287743
1352028028
1359747521
1366960859
1374323999
1381552836
1388740332
1396043573
1403278423
1410538120
1417718410
1425134350
1432281990
1439566290
1446516544
1453675001
1461013875
1468299567
1475666058
1482787994
1489884761
1497504651
1504656054
1512040355
1519449823
1526576915
1533823286
1541194505
1548347683
1555692831
1562776562
1570286567
1577424033
1584675315
1592345312
1599985244
1607200831
1614611861
1622092643
1629643193
1636716704
1643916440
1651330683
1658745613
1665966494
1673364167
1680379354
1687790843
1695003446
1702164366
1709371967
1716339709
1723432024
1730689120
1737897256
1745107871
1752326962
1759280383
1766406205
1773725098
1780649373
1788086795
1795173097
1802389939
1809736310
1816652323
1823976525
1831268459
1838444695
1846128829
1853200351
1860651895
1868012373
1875162583
1882737185
1890153799
1897378933
1904929192
1912326849
1919823911
1926971000
1933917047
1940577274
1947704703
1954649419
1961821462
1968844070
1976094174
1983163065
1990155716
1997387062
2004831032
2011958430
2019514151
2026778867
2033900068
2041183266
2048461262
2055630061
2063083257
2069978998
2077507960
2084776240
2091884406
2099345038
2106493366
2113734887
2121360223
2128640820
2136076421
2143433640
2150927458
2158345510
2165518854
2172791938
2180333002
2187554663
2195141811
2202362294
2209377237
2216918178
2224250443
2231254768
2238599610
2245846286
2253029927
2260271662
2267196503
2274635225
2281949528
2288828974
2296219670
2303102528
2310127079
2317388398
2324657657
2332003769
2338908154
2345965799
2353297100
2360401425
2367710572
2374731987
2381693808
2388983386
2396103792
2403199366
2410623522
2417964615
2425634337
2433354717
2440630938
2448143529
2455603794
2463051344
2470812835
2478118815
2485533944
2493247608
2500332364
2507621422
2515193270
2522690010
2530211643
2537800733
2545230520
2553002064
2560136484
2567429474
2574894114
2582005447
2589444873
2596806683
2604040614
2611332855
2618087927
2625437970
2632810704
2639746745
2647042718
2654180642
2661227914
2668660623
2675884167
2683328779
2690922261
2698359178
2705778454
2713053834
2720429520
2727610101
2735075200
2742644431
2750281962
2757672596
2765156530
2772785982
2780253392
2787674733
2795266272
2802564999
2810061143
2817642201
2825149375
2832443390
2839622227
2847115279
2854549320
2861754335
2869334460
2876692459
2883977967
2891361135
2898755778
2906026353
2913356186
2920245531
2927692944
2934817052
2942102484
2949362058
2956797537
2964355630
2971963662
2979209283
2986903163
2994222974
3001639282
3009327302
3016942005
3024609631
3032470725
3039812476
3047430667
3054900341
3062334428
3069925813
3077204987
3084918543
3092578993
3100216769
3107944921
3115428243
3122788476
3130348971
3137772730
3144966499
3152506324
3159620992
3167242886
3174457035
3181691533
3189226783
3196536542
3203999989
3211550875
3218871711
3226168128
3233457354
3240918154
3248543460
3256270587
3263679153
3271294606
3278478017
3286036401
3293550766
3301110282
3308882835
3316303718
3323828579
3331529559
3338832555
3346177396
3353699396
3361219637
3368792770
3376291499
3383447309
3390958385
3398147640
3405462096
3412759232
3419810834
3427226744
3434514012
3441781435
3449117448
3456086583
3463674159
3471139840
3478264713
3485455698
3492716803
3499665940
3506904523
3514005896
3521536510
3528798288
3536295257
3543912561
3551306531
3558502611
3565821044
3572924268
3580239963
3587477980
3594894487
3602478161
3609935748
3617090227
3624674422
3632128490
3639250151
3646614867
3653887844
3661501323
3668752192
3675834531
3683283444
3690504692
3697768397
3705104885
3712221864
3719407371
3726322359
3733372844
3740712024
3747838382
3755037537
3762442981
3769724374
3777097000
3784453684
3791466347
3798746332
3805974725
3813153225
3820446612
3827556247
3834738052
3842165590
3849379402
3856579016
3863873291
3870941371
3878304343
3885665861
3893015400
3900754278
3908094575
3915293562
3922684747
3929941583
3937304080
3944629323
3952040015
3959583650
3966867016
3974193681
3981543831
3988630516
3995846118
4003165853
4010147778
4017322239
4024447434
4031229113
4038593997
4045927884
4053166023
4060492321
4067699325
4075146324
4082352165
4089489998
4096827603
4104055323
4111484911
4118915555
4126126950
4133758222
4140861293
4148200703
4155455244
4162543489
4169967539
4177347693
4184687745
4192222460
4199606852
4206950607
4214268704
4221328889
4228379665
4235771646
4242914726
4250164646
4257272628
4264559728
4271972884
4279087093
4286273013
4293742871
4301020530
4308379968
4315519698
4322637013
4330076638
4337282127
4344431220
4351892663
4358994587
4366572845
4373564272
4380541837
4387991422
4395051959
4402100011
4409750960
4416921198
4424491653
4431973108
4439189491
4446613586
4453695054
4460798293
4468252040
4475346282
4482579526
4489601032
4496363280
4503714701
4510712753
4517705449
4524875764
4532115892
4539227806
4546559000
4553755891
4560968923
4568211836
4575118286
4582441356
4589516642
4596608896
4603819158
4610905506
4618272196
4625580915
4632845156
4640373153
4647531534
4654737864
4662107599
4669027376
4676240576
4683438553
4690593675
4697820859
4704869523
4712147947
4719704373
4726844056
4733873580
4741459733
4748579374
4755909176
4763065429
4770525985
4778049178
4785162546
4792444811
4799804646
4806928862
4814193868
4821545870
4828732264
4836217958
4843719930
4851145892
4858555223
4865569891
4873057083
4880291459
4887563182
4894918397
4901921054
4908977720
4916311147
4923240563
4930795137
4937918328
4945201984
4952625085
4959799837
4967015424
4974629805
4981890696
4989410539
4996504583
5003814693
5011014169
5018218205
5025432537
5032776798
5039895842
5047413925
5054719415
5062091475
5069562756
5076858729
5084071088
5091665396
5098724586
5106042179
5113654311
5120746274
5128302546
5135735853
5142936981
5150474603
5157670453
5165069808
5172605869
5179763071
5187222617
5194562027
5201661196
5208959862
5216379842
5223733083
5231123244
5238401545
5245527689
5252551995
5259750538
5267037714
5274449814
5281828713
5289466336
5296793307
5304045384
5311548061
5318662775
5326286337
5333553454
5340941304
5348238165
5355364201
5362778688
5370022641
5376971519
5384391437
5391576042
5399124067
5406611413
5413868249
5421082933
5428582014
5435503352
5442832954
5450060613
5457337767
5464621470
5471786261
5478880688
5486225590
5493362076
5500708234
5507929818
5515078820
5522468016
5529541956
5536649663
5543873955
5550603370
5557673943
5564722393
5571704594
5578938450
5586168097
5593298968
5600542310
5607671130
5615127387
5622458320
5629582260
5636939097
5644329456
5651501775
5659232482
5666320314
5673690432
5681255593
5688524745
5696104809
5703409320
5710468786
5717937511
5725071519
5732511664
5739848213
5746670024
5753972500
5761111510
5768080247
5775379479
5782432519
5789798199
5797044356
5804087956
5811377931
5818518977
5825477279
5832746523
5839840139
5846909076
5854044781
5861217207
5868484937
5875863499
5882638890
5889843844
5896870415
5903762162
5910995619
5918168917
5925314997
5932587622
5939695558
5947193063
5954416377
5961448670
5968827508
5975729124
5982988882
5990323381
5997352078
6004607935
6011662826
6018856733
6026067302
6033094638
6040185622
6047403106
6054369089
6061651246
6068845918
6076061046
6083419918
6090703789
6097838118
6105278110
6112217456
6119431727
6126734631
6133836233
6141237639
6148633108
6155774689
6163346139
6170376030
6177794403
6185345688
6192623393
6199985799
6207440601
6214836330
6222359861
6229233738
6236654788
6244011472
6251250009
6258902947
6266457000
6273823400
6281312168
6288603261
6296081702
6303397305
6310628070
6317972039
6325212978
6332182970
6339340126
6346507886
6353765502
6361049862
6368354312
6375609465
6382843519
6389842351
6397427617
6404740435
6411857812
6419357107
6426466405
6433811537
6441239978
6448111590
6455716547
6462884765
6470220075
6477526819
6484805244
6491925787
6499296562
6506522630
6514051041
6521488309
6528895223
6536368431
6543521365
6550708647
6557544519
6564579933
6571916757
6579029911
6586194488
6593548234
6600700923
6607624846
6614969611
6622052256
6629205465
6636363647
6643692775
6651043308
6658415583
6665511738
6672920733
6679816626
6687140660
6694381691
6701556473
6708781515
6716086500
6723100296
6730435773
6737627814
6745119551
6752593035
6759621396
6766973489
6773954742
6781107384
6788657950
6795662091
6803231123
6810871301
6818064091
6825684225
6833047870
6840108117
6847096177
6854159943
6861190966
6868256521
6875329221
6882662450
6889999167
6897071317
6904407070
6911519979
6918582857
6925648871
6932523942
6939670449
6947080163
6954337503
6961761568
6968839884
6975959234
6983310456
6990523258
6997832114
7005304833
7012585827
7020182828
7027440337
7034606949
7042032513
7049274447
7056723681
7064061652
7071483254
7079182367
7086575511
7093701317
7101161919
7108316046
7115540598
7122968198
7130041158
7137480294
7144680963
7151790414
7158901410
7166380494
7173719874
7181235494
7188096687
7195307301
7202605218
7209422775
7216619130
7223661231
7230890466
7238408319
7245607138
7252920385
7260228032
7267617764
7275046572
7282337419
7289447727
7297042540
7304341390
7311767321
7319018435
7326348940
7333830763
7341393966
7348667953
7356050647
7363134302
7370519734
7377786347
7385018489
7392446027
7399885743
7407054283
7414551069
7421930106
7429076996
7436145259
7443320913
7450462005
7457751598
7464938360
7472547524
7479724050
7486924735
7494440677
7501451504
7508570701
7515873789
7522913288
7530178325
7537402587
7544813463
7552334821
7559808489
7567283242
7574736928
7581759597
7589296515
7596709702
7604114657
7611345468
7618633791
7625951980
7633262932
7640146922
7647370037
7654356675
7661457481
7668833259
7675855179
7682974437
7690282115
7697149214
7704655608
7711754839
7718973348
7726136288
7733287431
7740381246
7747613342
7754609787
7762277795
7769289938
7776276515
7783422288
7790544101
7797749269
7804933063
7812180122
7819746752
7827034571
7834410180
7841805558
7849282897
7856595548
7863926374
7870942388
7878323628
7885564369
7892853472
7900310157
7907605641
7914724440
7922264754
7929311766
7936447808
7943826340
7951050511
7958236156
7965472459
7972387722
7979874349
7987093991
7994189993
8001584728
8008490383
8015704792
8022938968
8029988137
8037394791
8044656936
8052019877
8059460481
8066625318
8073877763
8081050572
8088316037
8095862303
8103178977
8110768297
8118617778
8126279927
8133723989
8141247014
8148308958
8155728648
8163001059
8170344018
8177665910
8184722316
8192020217
8199486449
8206604896
8214080583
8221423788
8228659127
8236135977
8243432333
8250680998
8258182374
8265327872
8272830441
8279882731
8287106764
8294569538
8301606115
8308785701
8316238331
8323591572
8331039582
8338445516
8345641535
8352952303
8360267157
8367635637
8375329792
8382707131
8390228672
8397636060
8405096264
8412403329
8419890859
8427263516
8434654670
8441697490
8448969503
8456378146
8463608880
8470740317
8477882464
8484940981
8492420646
8499655389
8507017535
8514421465
8521488459
8528690352
8535847340
8542743081
8550234925
8557471886
8564838316
8572481767
8579777741
8586908030
8594070679
8601170614
8608580174
8615618924
8623155826
8630551494
8637767847
8645101703
8652543072
8659701498
8667045957
8674211360
8681557349
8689134705
8696418775
8703867870
8711316109
8718761671
8726222012
8733481479
8740528170
8747972324
8755320669
8762481773
8769751675
8777001197
8784522677
8791694353
8798779554
8805908329
8812877724
8819969748
8827479034
8834629672
8842164540
8849472983
8856858201
8864273300
8871522838
8878743902
8886158206
8893319723
8900777830
8908305660
8915915099
8923397778
8930696169
8937881921
8945481125
8952720565
8960048837
8967097868
8974431602
8981812842
8989308205
8996576531
9004148180
9011214102
9018299349
9025579318
9032535876
9039881559
9046851918
9053855860
9061405263
9068498541
9075727929
9082858127
9089999846
9097251709
9104557474
9111582194
9119031244
9126258765
9133480717
9140609017
9147659686
9155032327
9162468571
9169681312
9176855115
9183954897
9191372658
9198730764
9206238842
9213563977
9221275712
9228579764
9236005741
9243545780
9250831334
9258216323
9265592438
9273011790
9280570005
9287559963
9294914872
9302108458
9309243200
9316496746
9323588250
9330838385
9338147715
9345620067
9353343231
9360681892
9367797738
9375146145
9382532587
9389645220
9396880039
9403917045
9411288921
9418501479
9425407501
9432810972
9440332605
9447572948
9455063354
9462153068
9469605682
9477041727
9484348380
9491951577
9499156653
9506295970
9513858117
9521117799
9528367230
9535867152
9542854371
9550137401
9557332945
9564587807
9572122996
9579236149
9586234293
9593394616
9600433519
9607676876
9614970294
9622163375
9629595732
9636744397
9644089590
9651329000
9658280509
9665273160
9672457336
9679608831
9686992366
9694229679
9701411132
9708813762
9716128416
9723105063
9730651727
9737892559
9745228297
9752319710
9759718759
9767061107
9774325700
9781336894
9788746516
9795895777
9803330950
9810661302
9817673400
9824841327
9831825548
9839190264
9846565659
9853637886
9861062134
9868206148
9875259953
9882640566
9889691326
9896809880
9904311225
9911451934
9918567490
9925749081
9932930625
9940295158
9947563851
9954696344
9962064044
9969110948
9976411971
9983716221
9991017106
9998286702
10005767499
10012912324
10020524135
10027902789
10035254822
10042757452
10049719580
10057087233
10064434431
10071619495
10079281735
10086262666
10093528926
10100632365
10107732039
10115107878
10122221996
10129272435
10136604623
10143819537
10151017728
10158187109
10165388069
10172572873
10179987237
10187154844
10194619377
10201890350
10209262579
10216421464
10223795360
10231161668
10238770847
10246076276
10253679473
10260867123
10267936794
10275407325
10282780073
10290109095
10297591529
10304948595
10312620581
10319904085
10326983732
10334520527
10341643503
10348708462
10356089580
10363096980
10370329764
10377478551
10384658765
10391992284
10399027484
10406138756
10413405567
10420604707
10427890873
10435224867
10442320150
10449437159
10456500205
10463549313
10471095105
10478296325
10485503834
10492867265
10500011432
10507264029
10514465678
10521802395
10529384815
10536585102
10544046683
10551477572
10558677492
10566021369
10573436529
10580749363
10587970719
10595059668
10602529938
10610016183
10617105208
10624282591
10631464625
10638591595
10646018031
10653244925
10660519983
10667707617
10674824397
10682096931
10689257407
10696310569
10703404430
10710607608
10717722399
10724922135
10731784185
10739139370
10746498792
10753445482
10760780133
10767931047
10775043543
10782338277
10789616258
10797124228
10804590414
10811817124
10819379179
10826575978
10833846324
10841398067
10848706296
10856031370
10863500508
10870638968
10878087008
10884925297
10891987686
10899063415
10906256511
10913338055
10920459517
10927476127
10934763930
10942033144
10949052524
10956378087
10963601217
10970661540
10977883966
10985001878
10991996962
10998849969
11006005229
11013181847
11020503815
11027471144
11034897504
11041955103
11049125754
11056443499
11063563339
11070912908
11078015199
11085153138
11092632314
11099620665
11106572955
11113835941
11120903929
11128226112
11135331018
11142306411
11149586365
11156600160
11163802528
11171045074
11178066045
11185096854
11192255495
11199253011
11206492191
11213375661
11220452201
11227544011
11234468409
11241638953
11248811929
11255817708
11263102726
11270198132
11277237187
11284473843
11291532482
11298727965
11305983516
11313203173
11320549391
11327877862
11335135371
11342651175
11349744392
11357158329
11364509611
11371600366
11379143128
11386385873
11393785075
11401211358
11408407040
11415556164
11422773480
11429877714
11437269802
11444098437
11451015062
11458343808
11465688726
11473106992
11480415450
11487610168
11494793610
11502079883
11509280185
11516772717
11524066916
11531236159
11538759246
11545913511
11553232143
11560500546
11567589250
11574926855
11582212378
11589355351
11596833578
11604055760
11611475051
11618941298
11626086046
11633641599
11640968157
11648095020
11655611879
11662736584
11669966446
11676999902
11684151902
11691442230
11698541262
11705762433
11713003632
11720027648
11727186885
11734421093
11741847269
11749013131
11756124173
11762871259
11770316316
11777143313
11784102993
11791372007
11798647004
11805804895
11813341813
11820642651
11828166717
11835486727
11842658020
11850105953
11857313860
11864790174
11872269931
11879468627
11886943626
11893925842
11901052628
11908416946
11915504533
11922773395
11929894076
11936828679
11944121822
11951371512
11958473543
11965716594
11972756460
11979872658
11987316491
11994457934
12001739816
12008953001
12016201560
12023361822
12030505117
12037516311
12044777538
12051743812
12059215307
12066596562
12073716142
12081133276
12088256007
12095467586
12102967875
12110008354
12117699939
12125014074
12132036774
12139569346
12146645841
12153919109
12161329236
12168098001
12175455756
12182585434
12189881040
12197063013
12204090135
12211087896
12218352198
12225197142
12232299372
12239607203
12246590031
12253943655
12261305999
12268365924
12275770726
12282893993
12290052695
12297314748
12304398174
12311848218
12319340322
12326354531
12333820059
12341060982
12348256144
12355696396
12362679026
12370130263
12377293264
12384775959
12392384419
12399650037
12406901809
12414326027
12421588677
12428789239
12436029444
12443139599
12450412087
12457597089
12464744255
12471824421
12479194845
12486479725
12493674688
12500820369
12507926546
12515035890
12522295725
12529675527
12536968302
12544170517
12551598576
12558835047
12566209035
12573429105
12580411612
12587748054
12594809371
12602021347
12609788805
12616939260
12624290451
12631784697
12638811880
12646005038
12653191310
12660552140
12668149324
12675339896
12682741562
12689977054
12697217014
12704556057
12711534601
12718625769
12725566552
12732640324
12739901260
12746954912
12754063323
12761080851
12768244143
12775390865
12782727475
12789894653
12797023489
12804209302
12811463078
12818940846
12826375315
12833576902
12840935101
12847799859
12854869163
12862157425
12869165437
12875939680
12882875920
12889914210
12897329294
12904532825
12911764599
12919092183
12926124277
12933290690
12940230938
12947307448
12954751342
12961965506
12969111187
12976507620
12983864855
12991082722
12998472040
13005599851
13012964858
13020090726
13027385628
13034766853
13042140168
13049519358
13057086906
13064232221
13071648926
13078766165
13085686845
13093149022
13100161471
13107219162
13114500141
13121473147
13128741060
13135478124
13142642257
13150046417
13157052945
13164237167
13171186809
13178015169
13185330910
13192473715
13199624506
13206863472
13214118686
13221243238
13228644888
13235697041
13243118000
13250449867
13257662731
13264980644
13272468250
13279864423
13287257230
13294428921
13301505768
13308992655
13316342836
13323953637
13331538138
13338831465
13346348859
13353648627
13360767824
13367901618
13374909737
13381855661
13388797623
13395835654
13403187824
13410220316
13417471170
13424837033
13431838130
13438952721
13445953145
13453063269
13460207711
13467373726
13474891335
13482285611
13489349774
13496060691
13503389651
13510380756
13517672063
13524663367
13531863976
13539335272
13546484136
13553661473
13561078943
13568223982
13575593365
13583059994
13589994597
13597535125
13604598998
13611996441
13619295030
13626397336
13633966017
13641189147
13648249546
13655532453
13662592347
13669693766
13676780756
13683854757
13691529191
13699154053
13706227702
13713587920
13720892462
13728211569
13735482465
13742680121
13749979460
13757166390
13764149784
13771452291
13778667878
13785700385
13793024296
13799799274
13806755541
13813538506
13820527989
13827767735
13835046542
13842198711
13849619823
13856490135
13863656517
13870815326
13877658511
13884930616
13892111610
13899425148
13906856709
13914081262
13921634689
13929054959
13936198606
13943438933
13950544421
13957801731
13965254591
13972533795
13979904111
13987507798
13995094257
14002545204
14009726565
14016781518
14023917989
14030730145
14037759241
14045204052
14052178955
14059333985
14066442656
14073519778
14080748156
14087938528
14095144920
14102392607
14109474686
14116739386
14124185865
14131241170
14138678362
14145948188
14153005206
14160222965
14167224398
14174333757
14181732730
14188782282
14196021752
14203173049
14210478829
14217820794
14225098454
14232549156
14239927657
14246953601
14254288635
14261771483
14268776511
14276026829
14283568704
14290709535
14298095610
14305349692
14312737512
14320030945
14326970841
14334399068
14341688829
14348762555
14355978570
14363022033
14370259728
14377624291
14384555620
14391541049
14398848421
14406058500
14413470080
14420571774
14427954146
14435148941
14442249074
14449551534
14456892413
14463992776
14471441382
14478603848
14485887367
14493049480
14500376849
14507663719
14515028971
14522467402
14529898582
14537000138
14544417119
14552046999
14559422563
14566817313
14574383255
14581573353
14589093471
14596156318
14603238719
14610516959
14617547493
14624653746
14631850484
14638873566
14646156014
14653239272
14660423494
14667535270
14674601728
14681835431
14689150131
14696111340
14703295165
14710324581
14717438072
14724800233
14731876192
14739246370
14746562417
14753725495
14760975063
14768198622
14775559100
14783102290
14790530578
14797895723
14805440688
14812662273
14819925718
14827355903
14834408989
14841619757
14849233679
14856578766
14864084685
14871026066
14878120997
14885276685
14892000071
14899119788
14906166173
14913320820
14920627411
14927526962
14934819064
14942046356
14949037767
14956376779
14963387454
14970458027
14977758330
14984667382
14991902874
14999305994
15006556602
15013831737
15021321531
15028654255
15035877063
15043224812
15050743875
15058232444
15065456232
15072859872
15080305341
15087374171
15094630899
15101809843
15108686275
15116083443
15123257613
15130467126
15137813727
15144729893
15152139392
15159384263
15166345427
15174028796
15181187666
15188357093
15195872545
15203311726
15211076935
15218490290
15226086434
15233543241
15240993071
15248217303
15255528668
15262567540
15270102055
15277424850
15284564549
15291816274
15299059738
15306162977
15313373607
15320558227
15327791883
15334915426
15341969399
15349222073
15356368611
15363383294
15370668558
15377596275
15384690855
15392018162
15399285861
15406785615
15414207446
15421388379
15428669985
15435585356
15443111319
15450214420
15457406828
15464736094
15471819107
15479055609
15486295508
15493451853
15500896573
15508291369
15515492559
15523030746
15530377883
15537590609
15544905309
15552015128
15559295327
15566491972
15573633186
15580893128
15588004889
15594956536
15602213969
15609230533
15616387904
15623819206
15630944645
15638159452
15645525958
15652466941
15660091773
15667332987
15674304141
15681599533
15688671270
15695953259
15703373178
15710509388
15717974090
15725438317
15733002224
15740256612
15747862410
15755360252
15762799265
15770234025
15777794948
15785239836
15792441607
15800031432
15807511113
15815120966
15822412594
15829525701
15836838688
15844232719
15851358817
15858515790
15865563612
15872508971
15880063560
15887216295
15894329571
15901432718
15908457560
15915944110
15923347107
15930616397
15938070526
15945260532
15952756308
15961630094
15968919809
15976596018
15984041197
15991531052
15999171092
16006427729
16013840778
16021280204
16028697139
16036402142
16043518815
16050732275
16058271197
16065587229
16072788449
16080207282
16087441106
16094587629
16102002927
16109092932
16116436121
16123525682
16130384244
16137765040
16144982203
16152188625
16159727808
16167142341
16174625004
16181626009
16191237530
16199202251
16206360142
16213756759
16221086560
16228689834
16236145876
16243236523
16250608109
16258119828
16265444688
16272681618
16279901902
16287112915
16294423041
16301711731
16308931648
16316481525
16323867891
16331186844
16338674374
16345632798
16352922086
16360095154
16367006638
16374200958
16381213790
16388387103
16395632969
16402474884
16409869236
16418805660
16429203173
16438222554
16446743338
16458305625
16471265688
16484832550
16498193826
16511645158
16524923385
16538245524
16551920939
16565731453
16579242256
16592677232
16606305263
16619926823
16630583227
16641798785
16655387403
16668894289
16682288016
16695846585
16709240160
16722675778
16736240115
16750389219
16764290325
16777782369
16791472932
16805093940
16818700934
16832963655
16846561408
16860218310
16873843358
16887313570
16901433374
16915027500
16928565858
16942216779
16955533914
16969132034
16982800289
16996386398
17010133142
17023723673
17037533438
17051354739
17064891092
17078569476
17092225629
17105743270
17119248060
17132929397
17146467020
17155249955
17163589480
17171813505
17181689242
17189291919
17199838286
17212912120
17226214614
17239291248
17252320468
17265443293
17278605011
17291882673
17305051796
17318200065
17331222874
17344520012
17357573636
17370907234
17384674311
17397771341
17410986991
17424160873
17436825876
17445338919
17453380002
17461417673
17470176143
17478020361
17485660508
17493395515
17501197077
17508913249
17516446434
17524154803
17534008539
17547233675
17560394567
17573896801
17587125396
17600248267
17613441304
17626569698
17639728815
17652988575
17666145168
17679267810
17692436856
17705597289
17719089686
17733165364
17744401302
17757559531
17771845937
17786282696
17800579949
17813988838
17827080513
17836735746
17846063957
17854558441
17867719424
17880853495
17893931109
17906141106
17913460549
17926443517
17939602037
17952654177
17965810050
17973545378
17983990229
17997052665
18010118131
18023140818
18036270773
18049320801
18062491775
18075566268
18088642856
18101712162
18114877384
18127982415
18141108836
18154231615
18167321821
18180378887
18193498576
18206541260
18219658669
18232728740
18245780435
18258847492
18271901008
18285024583
18298090064
18311085900
18324255772
18337128320
18350281883
18363390633
18376498602
18389655255
18402800939
18415958204
18429082361
18442168435
18455268693
18468387785
18481509846
18494645462
18507691313
18520739902
18533878976
18546968417
18560043522
18573120661
18586169404
18599223700
18612195453
18625261975
18638421046
18651409093
18664532010
18677645748
18690755491
18703805886
18716879706
18729945064
18743062764
18756143331
18769263234
18777280770
18790076084
18803200087
18816287937
18829353739
18842474178
18855526485
18868664182
18881766337
18895058273
18908174856
18921323799
18934313958
18947373028
18961255590
18976086492
18988068182
18999205419
19006897372
19014871961
19023346096
19039765734
19056242656
19070507122
19084252382
19100144124
19116119619
19130505705
19144091447
19157825002
19172414654
19185809452
19198633820
19213588790
19229518614
19245906444
19261821412
19277826176
19293662579
19309535059
19325238000
19341209303
19356856414
19373469444
19390898761
19405752781
19420539803
19435252849
19450399420
19464964546
19481503050
19492445672
19503539778
19513678935
19525243119
19538960716
19552758471
19567056030
19580784643
19594405422
19608697520
19626184379
19646610308
19667492941
19689210266
19711271106
19733381060
19756029604
19778662114
19801081953
19824127211
19846969040
19869526764
19892284427
19914635386
19937523789
19960223358
19983066029
20005967237
20028695509
20051633070
20074330819
20096782024
20119971591
20143148812
20166164571
20189339175
20212068564
20235022298
20257762428
20280667553
20303538130
20326433050
20349324635
20372218117
20395145106
20417900903
20440771021
20463733399
20486891770
20509646526
20532750919
20556169910
20579115763
20602034490
20625203326
20648109645
20671382781
20694256189
20716888867
20740205149
20763571554
20786682112
20809931716
20832905538
20855653670
20878857666
20902005908
20925148810
20947856519
20970337590
20993410724
21016319077
21039552143
21062631474
21085832394
21109012506
21132051154
21154945309
21178353574
21201469809
21224405534
21247567347
21270104461
21293428179
21316395147
21339491231
21362570042
21385628748
21408804469
21431798778
21455418582
21478834620
21501863017
21524663138
21547968909
21570976605
21594048133
21617269402
21640334076
21663491391
21686717892
21709600664
21733143478
21756483750
21779905158
21803265612
21826553726
21850099631
21873679960
21896619480
21919695903
21942665870
21965319463
21988592767
22011671869
22035120863
22058397763
22080997760
22104152520
22127434576
22150657711
22174165090
22197198307
22220541594
22244073223
22267220731
22290460253
22313573764
22336975144
22360216992
22383479219
22406871282
22430343960
22453409552
22476715644
22499755363
22523033212
22546258749
22569474985
22592498333
22615705832
22639059492
22662590509
22685770805
22709233539
22733066578
22756664242
22780094968
22803857658
22827289700
22851022311
22874799153
22898594937
22922569578
22946250811
22969992586
22994082099
23017537474
23041239270
23064954698
23088488837
23112735175
23136593873
23160099768
23183971409
23207567758
23230991446
23254883910
23278467912
23302553631
23325845922
23349627416
23373305054
23396945527
23420384148
23443960423
23467386161
23491096969
23515204047
23538931149
23562769406
23586639502
23610288192
23634149689
23658013987
23682026709
23705841680
23729327838
23753443698
23777372775
23801365501
23825083056
23848865820
23872697696
23896446861
23919883554
23943730670
23967637975
23991559954
24015133352
24038894451
24062582676
24086520521
24110304554
24134014123
24157677133
24181893713
24205427102
24228993845
24252768362
24276645144
24300640624
24324418507
24348212149
24371751719
24395507999
24419376840
24443668574
24467590368
24491281608
24514952222
24538451263
24562213417
24585951551
24609864426
24633611403
24657424047
24681012057
24704921949
24728791540
24751656243
24775388853
24798870926
24821998452
24845837871
24869407032
24893280846
24917176202
24940823729
24964626826
24988627584
25012384874
25036033288
25059567213
25083495250
25107110463
25130755894
25154415569
25178256228
25202443310
25226366237
25250078268
25274234582
25298512499
25322501140
25346696514
25370759421
25394719450
25418897505
25442775297
25466619123
25490637598
25514419199
25538489572
25562605310
25586555761
25610685039
25634442405
25658005537
25682187769
25706336279
25730547030
25754480559
25778426773
25802657842
25826638878
25850094421
25874305371
25898315875
25922203398
25946345696
25970227527
25994442761
26018331538
26042263155
26066388425
26090447201
26114389635
26138908497
26163030309
26187277458
26211236371
26235367087
26259730746
26283739261
26307974507
26332160288
26356451272
26380769933
26404985289
26429358051
26453410401
26477624120
26501742306
26525859757
26549837458
26573956638
26598044468
26622299727
26646589211
26670625450
26694766080
26719035813
26743019955
26767235005
26791498663
26815332605
26839813232
26864010427
26887900275
26911847484
26935677738
26959764054
26983773824
27007352103
27031249724
27055223309
27079179009
27103430320
27127502605
27151597336
27175570661
27199597414
27223983931
27247878844
27272142792
27296387341
27320644144
27345097522
27369180763
27393235530
27417399386
27441716487
27465778215
27490150320
27514225176
27538423488
27562908567
27587227014
27611267430
27635671512
27659932599
27684303786
27708606642
27732724476
27756993550
27781371331
27805570224
27830186547
27854230084
27878316889
27902413731
27926404590
27950686501
27974948216
27999400003
28023625411
28047784968
28071957055
28096175762
28120292723
28144535757
28168419822
28192429760
28216710615
28240555160
28264569872
28288692357
28312908187
28337119198
28361109078
28385199891
28409690678
28434144821
28458576396
28482703670
28506465045
28530882269
28554933410
28579154947
28603489872
28627776251
28652223386
28676600876
28700810433
28725025713
28749428417
28773665897
28798003729
28822187705
28845945576
28870041653
28894355265
28918643633
28942864818
28967063007
28991738205
29015813198
29039990029
29064448655
29088516243
29112850358
29136885434
29160947529
29185091526
29209291444
29233275831
29257316599
29281227577
29305478735
29329004458
29352980308
29377075681
29401072645
29425202979
29449355207
29473483689
29497814943
29522305867
29546650156
29570709375
29594589906
29618772199
29641998762
29666005578
29690106337
29714196004
29738197909
29762506733
29786285702
29810608801
29834690465
29858579977
29882683719
29907115601
29931255910
29955604575
29979905045
30004096701
30028347752
30052663200
30076794483
30101073594
30125296080
30149465291
30173768591
30198428351
30222512371
30246570351
30270692056
30294912323
30319252481
30343048189
30367087610
30391351742
30415681756
30439858266
30464261077
30488732769
30512432821
30536716048
30561158410
30585197601
30609652754
30633993371
30658337400
30682704364
30707024800
30731113625
30755439891
30779369703
30803744760
30828122479
30852334913
30876957325
30901259402
30925869268
30950418883
30975138359
30999480674
31023502714
31047775369
31072332802
31096660093
31120986894
31145328643
31169574920
31193883927
31218139079
31242777923
31267258979
31291582383
31315899943
31340030920
31364233209
31388319846
31412412894
31436633070
31461078874
31485247427
31509903821
31534098507
31558618485
31583067595
31607453439
31632184129
31656820954
31680839215
31705407542
31729797517
31753822220
31778366526
31802925336
31827012172
31851522909
31875676576
31899722362
31923636614
31947749919
31971840319
31995781499
32019715840
32043707525
32067694697
32091659883
32115715583
32140058418
32164362117
32188500162
32213034874
32237300078
32261541199
32285716117
32309799510
32333491285
32357648394
32382082295
32406362568
32430563007
32454647441
32478527987
32502606974
32526482302
32550651789
32575140112
32599326520
32623410006
32647547071
32671650370
32695450912
32719623199
32744197080
32768296737
32792190181
32816302430
32840335242
32864697539
32888529477
32912604975
32937002799
32960964022
32985192627
33009138765
33033224239
33057159574
33081431571
33105434930
33129469332
33153885271
33177714256
33201840199
33225943284
33249711222
33273815729
33298067652
33322306539
33346469125
33370005039
33393946081
33417887919
33441682341
33465742586
33489897568
33513656418
33538007025
33562001618
33585124202
33608647340
33632598434
33656532805
33680215553
33704076729
33727757151
33751655170
33775545370
33799420071
33823241315
33847122335
33870928248
33894713566
33919122146
33943238021
33967297287
33991207392
34015097195
34038826500
34062634478
34086646528
34110822150
34135021303
34158942639
34182523029
34206819429
34230816240
34254926990
34279067039
34303404244
34327274876
34351260257
34375429866
34399515432
34423779534
34447722825
34471847437
34496300493
34520423988
34544930595
34569330606
34593442228
34617763139
34641841086
34665860265
34689996826
34714423046
34738700199
34762703895
34786910331
34811075671
34835225956
34859191509
34883250208
34906890544
34931166273
34955253828
34979320101
35003795634
35028131905
35052233766
35076734023
35100716482
35124852906
35148736053
35172941509
35197087235
35221480254
35245741510
35269808150
35293375888
35317480854
35341711755
35365728456
35390000330
35414720509
35438908248
35463329925
35487439573
35511654042
35535910585
35559849026
35584083783
35608234680
35632402835
35656923074
35681125608
35705302806
35729429835
35753795468
35778140460
35802278062
35826388949
35850616790
35874567379
35898858531
35922845627
35947119735
35971129963
35995257635
36019292864
36043234304
36067338735
36091395200
36115630018
36139637309
36163709334
36188148835
36212145921
36236378735
36260384220
36284438636
36308849311
36332727134
36356523882
36380787295
36404560527
36428902031
36452966621
36477087545
36501436929
36525807794
36550118974
36574541201
36598589619
36622681366
36646712694
36671090153
36695285129
36719539286
36743575494
36767705843
36791771213
36816308099
36840525994
36864476033
36888654868
36912886380
36937283577
36961074924
36984928358
37009142108
37033444872
37057838596
37082129442
37106468820
37130662251
37155065261
37179047506
37203136851
37227381415
37251812332
37276192500
37300409738
37324275121
37348328404
37372205034
37396698039
37420653692
37444789259
37469351817
37493604215
37517639872
37541780380
37565968273
37590023147
37614007167
37638102448
37662231987
37686429793
37710705921
37735327323
37759616425
37783958175
37807981699
37831899011
37855902691
37880017985
37904417278
37928728152
37952906313
37977100983
38001354513
38025431771
38049773474
38073896464
38098252886
38122842097
38147188819
38171362161
38195343963
38219047686
38243223568
38267551333
38291610033
38315703187
38340087516
38364444459
38388713778
38412654284
38436662356
38460790395
38484757890
38508886465
38533142503
38557192573
38581714878
38606142735
38630310080
38654361680
38678552265
38702624612
38726565287
38750451586
38774636250
38798847016
38823266168
38847301259
38871446342
38896038583
38920145768
38944408737
38968689516
38992693502
39016613430
39040746717
39064463874
39088600879
39112816923
39136673448
39161023521
39185147398
39209077164
39233436891
39257528286
39281965446
39306092337
39330345637
39354691135
39379356357
39403535023
39427747335
39451823812
39476161385
39500320681
39524680928
39548821528
39573099767
39597363364
39621867813
39646095134
39670191027
39694396163
39718521203
39743036745
39767228478
39791561016
39815988675
39840223630
39864627849
39888922138
39913054690
39937337519
39961577997
39985568352
40009972311
40034081530
40058236176
40082093420
40106242787
40130579043
40154503608
40178451015
40202760358
40227086303
40251277607
40275543269
40299723160
40324044897
40348191096
40372289499
40396919057
40421057943
40445152322
40469769762
40493506595
40517766734
40541885011
40565833535
40590222347
40614421011
40638505689
40662663303
40686557237
40710685199
40734919221
40759116446
40783315951
40807527834
40831724402
40856122638
40880093164
40904310294
40928473095
40952422812
40977041660
41001604188
41025770721
41050401013
41074696465
41098859449
41123382136
41147779883
41172144399
41196283866
41220541328
41244696417
41268937921
41293521930
41318134015
41342393205
41366648540
41390933312
41415379025
41439718433
41464246368
41488367185
41512891249
41537094197
41561260287
41585577969
41609885232
41634263548
41658613483
41683122553
41707232140
41731221270
41755450932
41780004815
41803989065
41828240054
41852332704
41876235313
41900458166
41924532012
41948703778
41973117820
41997185087
42021565071
42045576462
42069470488
42093751725
42118117771
42142444557
42167032223
42191092146
42215511283
42240541302
42264943762
42289112682
42313352319
42337833345
42362162150
42386547382
42410817558
42435033097
42459281149
42483727443
42508303359
42532081272
42555577299
42579346782
42603417828
42627075698
42651198520
42675429145
42699529476
42723614934
42747929725
42772850549
42796926399
42821365548
42845187862
42869205542
42893172946
42917423370
42941533125
42965589453
42989913378
43014061980
43038191457
43062363911
43086394183
43110314983
43134607482
43158633026
43182846225
43206895468
43230995064
43255088479
43279011942
43303247218
43327274767
43351336771
43375351911
43398614245
43422320295
43446252937
43470438443
43494610454
43518684392
43542546715
43566454954
43590580071
43614799558
43638961945
43663461147
43687470014
43711816552
43735801046
43760075567
43784383870
43808637476
43832845611
43857084146
43881201046
43905206349
43929894872
43954025451
43978399758
44002482219
44026392676
44050751959
44075062909
44099184155
44123585192
44147943541
44172270863
44196481476
44220532739
44244647773
44268629727
44292939316
44316907699
44341256670
44365412402
44389631368
44411242970
44430567758
44450233766
44470759144
44490536735
44509796390
44529527087
44548834325
44568117573
44587749232
44608599981
44627598067
44646826679
44666569401
44686203172
44705847102
44725498192
44745417614
44765348236
44785285253
44804895615
44824469058
44844852069
44864150235
44883379810
44902937387
44922853397
44943042757
44962315341
44981650211
45001253076
45020842997
45040492221
45060038506
45079829102
45099427836
45119092972
45139542187
45159588201
45178748024
45198865091
45218383255
45237313884
45256415567
45275676798
45294831067
45313949580
45333205869
45352371888
45371698451
45391291508
45410339565
45429601760
45448568833
45467894202
45486985756
45505893221
45525034393
45544160448
45563412316
45582707620
45602010330
45621638134
45641076539
45660286898
45679870270
45699494739
45719029090
45738514252
45757630715
45776789360
45796352919
45815520820
45834723406
45854074234
45873531673
45892930650
45912253632
45931564175
45950994073
45970009051
45989111239
46008308409
46027277471
46046515936
46065800806
46085341369
46104911507
46124166465
46143618488
46162664861
46181721179
46200772846
46220220294
46239708393
46259312758
46278255244
46297633230
46317008262
46335912560
46355391571
46374727604
46394066100
46413564160
46433080228
46452488737
46471712070
46490887484
46510238709
46529703553
46549157518
46568685444
46587931941
46607235125
46626600320
46646018835
46665471897
46684569939
46704023659
46723378940
46742638121
46762300487
46781731441
46801025721
46820457134
46839953250
46859494365
46878988339
46898304742
46917528840
46936964966
46956146545
46975483772
46994704764
47013779029
47033087721
47052291684
47071905075
47091383842
47110935192
47130668046
47150063412
47169448252
47188873958
47208056333
47227600691
47247131584
47266353234
47285843185
47305054416
47324463721
47344109946
47363410100
47382886526
47402306296
47421638626
47441173773
47460693054
47480107622
47499461296
47519131909
47538412510
47557964457
47577423073
47596779853
47616324180
47635735122
47655426436
47674722872
47694092902
47713580343
47732805314
47752049348
47771640279
47790907125
47810420408
47829752968
47848974113
47868633221
47887682562
47907024149
47926547072
47945721353
47965143234
47984435019
48003803488
48023143622
48042472418
48061951414
48081474902
48100904847
48120051328
48139299753
48158803443
48178491774
48197907765
48217272317
48236920470
48256373961
48275883679
48295232212
48314455010
48333817680
48353242851
48372605735
48391922888
48411151163
48430401699
48449815288
48469204687
48488585427
48507950285
48527459865
48546848729
48566052019
48585801902
48605064128
48624455378
48644016046
48663393251
48682834594
48702363728
48721646563
48741069546
48760371245
48779777520
48799497384
48819108680
48838347588
48857641531
48877169915
48896598911
48916045746
48935336308
48955019436
48974364129
48993511207
49013030151
49032505644
49051651115
49071101103
49090521852
49109919727
49129406174
49148888230
49168295791
49187570838
49207163635
49226678556
49246083332
49265700885
49285291923
49304615333
49324291837
49343693032
49363062373
49382489242
49401898715
49421400983
49440431903
49460005774
49479303114
49498383239
49517791289
49537266154
49556623331
49575973134
49595446347
49614978694
49634532522
49653959682
49673612655
49692876624
49712443672
49731954048
49751424890
49770925964
49790433387
49810062767
49829546797
49848969428
49868335877
49887929271
49907367585
49926744055
49946300347
49965585064
49984687741
50001228724
50018930564
50037297908
50056475831
50075512045
50094463436
50113257956
50132195974
50151134483
50169945068
50188987494
50208360139
50227400484
50246455365
50265429139
50284552533
50303603925
50322604933
50341692249
50361002226
50380234632
50399356297
50418493292
50437376950
50456684556
50475693857
50494992267
50514163014
50533317727
50552409556
50571630977
50590645098
50609596167
50628762171
50647746794
50666955164
50685939954
50705095203
50724010042
50743150403
50762435961
50781805210
50800760992
50819868504
50839038180
50858000067
50877039571
50896009184
50915126488
50934497390
50953769010
50972919469
50991862077
51010849041
51030173859
51049135837
51068567587
51087566439
51106721442
51125886650
51145110198
51164284923
51183545190
51202539436
51221685106
51240897531
51260011193
51279249872
51297933238
51317013072
51336300650
51355377975
51374759005
51394157952
51413439578
51432866279
51452286140
51471598122
51491077898
51509999821
51529328250
51548514389
51567631570
51586713287
51606037845
51624884400
51644122146
51663190627
51682200633
51701273796
51720570661
51739913472
51759024304
51778179445
51797515080
51816614621
51835807782
51855178439
51874190082
51893588707
51912714915
51931810080
51951175749
51970351500
51989419614
52008898258
52028217063
52047678755
52067065079
52086479877
52105885127
52125217962
52144390989
52163664383
52182886645
52202329717
52221702042
52241022882
52260556774
52279685446
52298782799
52318292625
52337831428
52357247649
52376741271
52395841011
52415244288
52434728700
52453942746
52473418988
52492881552
52512413195
52531767297
52551169518
52570604634
52589674845
52608835233
52628211444
52647163065
52666673854
52686425282
52705762462
52725100071
52744488124
52764066861
52783627850
52803005590
52821995537
52841472544
52860757950
52880172410
52899601452
52918700778
52938108186
52957134975
52976297598
52995537149
53014619906
53033821207
53052959227
53071932941
53091386829
53110349099
53129580709
53148756520
53167813818
53187092766
53206210468
53225047415
53244214506
53263302235
53282310695
53301342242
53320109788
53339114224
53358329188
53377481820
53396859913
53415911718
53435011840
53454234194
53473248360
53492620440
53511947890
53530969263
53550209931
53569459809
53588417841
53607524236
53626473041
53645877388
53665214630
53684226349
53703536280
53722631919
53741544372
53758714735
53772613301
53786263625
53796111454
53806366233
53816750726
53829966392
53845027895
53860319832
53875655741
53888760864
53896878693
53905772307
53922082260
53935270432
53943721371
53951471219
53959039686
53966668663
53974318878
53981859590
53989461762
53997261243
54007415241
54018303761
54032091356
54046490783
54060827755
54075153849
54088916979
54103378050
54117631269
54132178907
54146697903
54161194990
54175900126
54190459820
54204981570
54219409868
54233576766
54247936014
54262338654
54276621342
54291042051
54305133856
54319584522
54332281793
54344287290
54354425131
54364665528
54380188082
54389075210
54396564300
54403829550
54411223903
54418489200
54426052969
54433524540
54441116018
54448775534
54456269903
54463836196
54471402765
54478981911
54486655856
54494391413
54502000027
54509557278
54517096674
54524281524
54531997788
54539479519
54546883724
54554306443
54561651101
54569497813
54576892532
54584100684
54591614621
54598891959
54606519972
54613989402
54621299268
54628615682
54636088967
54643359909
54650773738
54657914906
54665353567
54672551743
54680041200
54687370420
54694906986
54701957899
54709259044
54716453135
54723687525
54731222607
54738620172
54745979304
54753566697
54764046110
54771882602
54779461059
54787355186
54796026614
54804208916
54812968809
54821517837
54831030107
54844303178
54857034936
54869458734
54880342099
54888630874
54896938361
54905232980
54913321555
54921644495
54929910304
54938272060
54946601824
54956402545
54965680863
54974320880
54982981414
54992274833
55002162718
55011001146
55019871856
55028379789
55037429708
55045449585
55053218313
55061029575
55070012450
55077746707
55086860994
55098093581
55105866134
55116819817
55129945763
55143235557
55155475848
55165183438
55178398369
55191659537
55204829303
55218107530
55231314873
55244542626
55257723973
55270941276
55284223451
55297393048
55310600314
55323845448
55336995936
55350231751
55363474467
55376588128
55389793941
55402992654
55416212573
55429417360
55442646628
55455886238
55469057870
55482263132
55495464936
55508773656
55521954193
55535342657
55546782911
55554661707
55563440770
55576436254
55589615811
55602822221
55616024070
55629344801
55642543362
55655648225
55668777445
55681976618
55695189116
55708388748
55721620249
55734872084
55748046072
55761231719
55774366677
55787571863
55800776528
55813879279
55827101861
55836139402
55846512313
55859791657
55873015585
55886316533
55897070872
55908490241
55922445234
55936504541
55947148185
55956231474
55964380009
55971706751
55981603494
55989276016
55996818090
56004391161
56011917568
56019276654
56026811016
56034953279
56045415327
56053666326
56060570405
56069605346
56082678431
56095650796
56108717761
56121725806
56134773141
56147781109
56160760895
56173858582
56186900685
56199936483
56213025159
56226066818
56239158447
56251762418
56259226294
56267202933
56275678460
56283294525
56290879622
56298507973
56306317169
56314189662
56322118183
56329465044
56336628611
56343602382
56351015125
56358429336
56365486140
56372761933
56379890172
56387164588
56394204026
56401208305
56408737037
56416435538
56423878697
56431484496
56438789572
56446533040
56453904335
56461217139
56469169834
56476517414
56484027557
56491501561
56498554677
56505909479
56513283329
56520520719
56527886414
56535420440
56542610583
56550163597
56557412247
56564941591
56572604902
56580088163
56587413084
56594744140
56602354467
56609769061
56617085231
56624546628
56631954551
56639407426
56646786493
56654249221
56661456684
56669327509
56676640435
56683979585
56691309096
56698468027
56705800338
56712998345
56720323281
56727926387
56735460229
56742925849
56750794608
56758099058
56765380297
56772834212
56780118634
56787597672
56794878529
56802133896
56809483159
56816783187
56823733395
56831112846
56838198306
56845534549
56852725044
56859785550
56867238808
56874537459
56881608767
56888962406
56896020540
56903521824
56910856843
56918171070
56925709272
56933170226
56940419916
56947805043
56954755894
56962139414
56969641555
56977036351
56984502996
56991843997
56999297376
57007059250
57014354718
57021911847
57029475907
57037059582
57044633954
57052098579
57059292088
57066796631
57073838594
57081091054
57088402083
57095429709
57102657597
57110011221
57117173886
57124646084
57131810248
57138904659
57146174531
57153124999
57160443877
57167663870
57174674315
57181926530
57189037343
57196075404
57203167520
57210265466
57217669013
57225206084
57232430361
57240136191
57247527330
57254906459
57262462808
57269756119
57277181439
57284707218
57291910014
57299446473
57306921380
57314514295
57321840976
57329167702
57336504006
57344077093
57351228634
57358329288
57365388876
57372438627
57379760396
57387054411
57394330280
57401846389
57408928637
57416223218
57423582028
57430893118
57438354347
57445745639
57453427509
57460969904
57468204356
57475595755
57482894314
57490251702
57497793470
57504917823
57512281545
57519664758
57526749393
57534058677
57541359103
57548414407
57555466605
57562585741
57569636808
57576780561
57584022847
57591538421
57598804483
57606057494
57613448587
57620799197
57627993853
57635399987
57642298114
57649553634
57656996166
57664203399
57671636859
57679009546
57686247609
57693520066
57700584765
57707874144
57715517136
57723005369
57730546663
57737859390
57745303406
57753077060
57760421213
57767870110
57775354258
57782408553
57789662956
57796749885
57803826778
57811360666
57818282631
57825397636
57832711709
57839871956
57847052567
57854267206
57861257852
57868646375
57875670437
57882822804
57890105023
57897343285
57904427934
57911806283
57918605955
57925834532
57932989194
57940125252
57947386509
57954410847
57961775440
57969419519
57976530179
57983911878
57991210131
57998588418
58006153289
58013464823
58020834006
58028470282
58035638195
58043247910
58050621454
58057989949
58065240482
58072462648
58079455911
58086617932
58093618004
58101007491
58108337629
58115499130
58122730033
58129970850
58136928831
58144268761
58151244260
58158249365
58165303185
58172328150
58179716061
58187124351
58194214065
58201594816
58208682801
58215893324
58223337141
58230443196
58237765102
58245060510
58252175147
58259717435
58267003326
58274476427
58281836829
58289048025
58296542837
58303772806
58311042968
58318589112
58325713985
58333214657
58340570484
58347828789
58355248799
58362571165
58369719906
58377184195
58384332569
58391611896
58398954871
58406165118
58413379665
58420719917
58427768412
58435201795
58442244951
58449332278
58456799183
58464033039
58471398566
58478581518
58485595130
58493170083
58500304611
58507435987
58514776743
58522104877
58529547853
58536913135
58544223980
58551646591
58558820547
58566180520
58573732386
58580951584
58588248123
58595419616
58602365204
58609816916
58617080744
58624372923
58631681886
58638809865
58645858407
58653379152
58660580403
58667806609
58675066994
58682285595
58689711099
58696894143
58704053089
58711453944
58718466622
58725757042
58732915086
58740045421
58747345005
58754472541
58761677494
58769049891
58776137341
58783618704
58790978861
58798006564
58805375442
58812483103
58819551244
58826723088
58833645910
58841066609
58848244236
58855537701
58862600471
58869884052
58877175404
58884337151
58891517854
58898818417
58906188733
58913232241
58920554286
58927834393
58934874489
58942333728
58949615243
58957139967
58964541051
58971682296
58978933164
58986019421
58992960250
59000423269
59007697486
59014946993
59022539006
59029823734
59037267214
59044401926
59051496735
59059128635
59066426918
59073758388
59081176363
59088282188
59095536285
59102828265
59109744232
59117084316
59124121887
59131204288
59138531917
59145698605
59152833607
59160038744
59167114964
59174331668
59181412722
59188716315
59196009335
59203072779
59210325530
59217763793
59224686982
59232019599
59239123297
59246133726
59253676152
59260814612
59268171601
59275792516
59282697115
59290315154
59297823292
59305133173
59312691220
59319902187
59327305933
59334850332
59341864342
59349285347
59356425276
59363767011
59370772529
59377843440
59385164765
59392598760
59399770665
59406809767
59414131031
59421372735
59428486654
59435591469
59442495487
59449634604
59456730959
59464006246
59471378811
59478345850
59485728528
59493050145
59499960803
59507610175
59514615999
59521850038
59529398033
59536412594
59543789733
59551140114
59558560308
59566167911
59573409891
59580766988
59587986048
59595100058
59602372990
59609726843
59616917139
59624433096
59631811353
59639153241
59646574506
59653644330
59661084904
59668348395
59675288215
59682316255
59689552680
59696407341
59703591670
59710621515
59717679696
59724917009
59732061971
59739312870
59746434653
59753328191
59760758437
59768082134
59775387731
59782721112
59789943416
59797620222
59804973371
59812074101
59819540838
59826533596
59833441653
59840739401
59847925658
59855414090
59862510704
59869586006
59876705983
59884068618
59891138213
59898540185
59905523242
59912728395
59919784403
59927027117
59934179393
59941986141
59949160587
59956588140
59964342501
59975745652
59984459186
59991613221
59998975551
60006292500
60013135471
60020317368
60027388461
60034743539
60042166104
60049472849
60056901519
60064314568
60071545837
60079111596
60086267375
60093817619
60101388227
60108626887
60116192691
60123788483
60130914580
60138104525
60145141484
60152407072
60159722247
60166978134
60174492943
60181688426
60188797035
60196064734
60203084405
60210317526
60220800168
60227846659
60235077898
60242650832
60249832300
60256800196
60264256023
60271401475
60278848138
60286037624
60293373392
60300883520
60307881174
60315225571
60322299725
60329454281
60336854661
60344062185
60351595584
60359036632
60366383187
60373951546
60381393481
60388622441
60396059526
60403330820
60410603629
60417754467
60424827167
60432247331
60439495935
60446590668
60453527320
60460707488
60467993776
60475368529
60482361762
60489533682
60496554118
60503635295
60510903621
60518282000
60525275844
60532591325
60539702505
60547102610
60554394651
60561570978
60568870073
60579518873
60586516971
60594282807
60601818837
60609411982
60617091450
60624721407
60632160344
60639388523
60646499029
60654060748
60664534838
60671682875
60679090355
60686217738
60693492826
60700832512
60707929432
60715248921
60722654274
60729861033
60737235480
60744478852
60751737754
60759039771
60766269510
60773854363
60781081149
60788120863
60795654537
60802570872
60809843482
60817059558
60824420373
60833764374
60842305782
60854628647
60865479361
60877246928
60890470412
60903020711
60916454157
60930006714
60942706479
60953272016
60963978604
60973153785
60981569014
60992653558
61006039972
61019621552
61031324981
61040361375
61049153949
61058461581
61067293323
61075154876
61082747792
61090029811
61097429595
61106531596
61119648423
61132714761
61145712325
61158840246
61171841849
61184920656
61198003548
61211001342
61224043077
61237180927
61250199085
61263287271
61276301130
61289393172
61302457612
61315515413
61328583999
61341618942
61354599186
61367721292
61378872529
61387284714
61395760271
61403481982
61411352241
61419192129
61426276840
61433488388
61440207812
61447772040
61455483898
61462775970
61470307593
61478009629
61485140178
61492648149
61499945759
61507167818
61514627226
61522076092
61529448611
61537169466
61544420533
61551989061
61559407786
61567140039
61574413353
61581460273
61588690900
61595935450
61602966932
61610457659
61617687353
61624942016
61632759566
61640096926
61647259835
61654587954
61661674638
61669165136
61676434212
61683525976
61691028484
61698150619
61705571624
61713216406
61720440898
61727836214
61735243786
61742662067
61750086025
61757535136
61764863775
61772406705
61779623455
61786856530
61794103284
61801064554
61808338511
61815319549
61822372298
61829838346
61836959532
61844327308
61852012575
61859209113
61866628405
61873665915
61880678624
61888017330
61895175374
61902531568
61909957592
61917312745
61924944416
61932344353
61939577596
61946787492
61954003063
61961344830
61968538874
61975787188
61983206892
61990758177
61997938880
62005638085
62012740391
62020066627
62027662251
62034804276
62042249348
62049746088
62056556072
62064025761
62071100359
62078394006
62085722094
62092872595
62099989130
62107143854
62114073423
62121216825
62128322940
62135539889
62142783291
62149964010
62157227027
62164446623
62171335647
62178835982
62185903848
62193856849
62201212569
62208282393
62215573378
62222889501
62229987569
62237418733
62244685239
62251780629
62259170284
62266399305
62273743106
62281113254
62288612793
62296157988
62303575857
62310722686
62318269594
62325632398
62332958405
62340564708
62347899100
62355508081
62363207010
62370534762
62378050626
62385119930
62392433453
62399845935
62406637667
62414011272
62421213456
62428443456
62435589092
62442823513
62449960106
62457232426
62464598550
62471846251
62481800309
62492919630
62500234376
62507627550
62515181803
62522778559
62530126568
62537484139
62544824910
62551857739
62559364883
62566872134
62574100925
62581576551
62588547399
62595694733
62603237572
62610457167
62617767783
62624815850
62631828911
62639094499
62646307148
62653942414
62661048086
62668074198
62675364893
62682516220
62689606148
62697001969
62704045860
62711524286
62718646497
62725793861
62733106818
62744024745
62751268851
62758843697
62766150870
62773546140
62781113979
62788423187
62795729366
62803388117
62810805404
62818196972
62825516461
62832661852
62840017511
62847219909
62854554331
62862050934
62869160981
62876736531
62883858926
62891100585
62898605464
62905949326
62913275793
62920621414
62928055654
62935709066
62942882700
62950146008
62957763694
62964911166
62972424430
62979938015
62987134355
62994615060
63001721574
63008572500
63015663270
63023066558
63030241998
63037530810
63044696795
63051951978
63059174221
63066288216
63073575331
63080798032
63087805371
63095301346
63102610860
63111919609
63120832364
63127794599
63135373989
63142916002
63150437176
63158279711
63165264895
63172524455
63180318504
63187463742
63195016220
63202479192
63209776145
63219851639
63226940679
63234126845
63241262367
63248388495
63255638063
63263035674
63270067111
63277341174
63284432541
63291706375
63299033193
63306255252
63313590455
63320869491
63327747285
63335148950
63342305219
63349681747
63356898512
63364256190
63371609386
63378866834
63385805277
63393418036
63400768554
63408097744
63415533253
63422658891
63430086567
63437711230
63445155736
63454286088
63462658921
63471141531
63479380383
63487930788
63496397119
63504777618
63512976780
63522113328
63535541373
63549060652
63562619375
63576126062
63589635885
63603091929
63612832812
63624642392
63638087344
63650490641
63660823465
63674050483
63687270601
63698211708
63709885088
63719458986
63729425192
63741606180
63754696600
63767743216
63780747772
63793667796
63806660571
63819756499
63832747377
63845815352
63858824667
63871780783
63884711502
63897733576
63910719635
63923822402
63936925766
63950027003
63963104402
63976159035
63989287002
63998104392
64009852910
64022940040
64035993388
64049067238
64060437816
64069063604
64077960171
64091168921
64104121825
64117041696
64130039964
64143122183
64156203560
64169325070
64182329764
64195440762
64208446680
64220359520
64229083351
64237340944
64245464388
64253772900
64261924648
64269747553
64277953234
64285683926
64293460977
64300776106
64308270291
64315718469
64322786457
64330391811
64337745848
64344995799
64352544834
64359971668
64369917051
64377102283
64388872695
64401949085
64415028428
64428037299
64441204127
64454282949
64467326934
64480488651
64493538297
64506641829
64518909032
64526480727
64534607291
64543879994
64553102207
64560691053
64568036736
64575465084
64582899538
64590009035
64597381065
64604660958
64611943237
64619657314
64626914196
64634326066
64641371181
64648558647
64655993972
64663337008
64670523495
64677783926
64684858830
64691968189
64699269869
64706582948
64713800907
64721229072
64728299829
64735800394
64742896871
64749982637
64757233537
64764448221
64771834923
64779230178
64786494909
64794274408
64801415729
64808814870
64816281179
64823409525
64830679963
64838347695
64845765135
64853278399
64860643896
64868192074
64875843023
64882928040
64890391747
64898057751
64905321655
64913066056
64920544452
64927986586
64935477695
64942965576
64950586399
64959445375
64968226351
64980672671
64993718629
65007029262
65020089709
65033098718
65046002753
65059086717
65072135964
65085196855
65098277835
65111175521
65124212391
65137241213
65150310457
65163401244
65176402175
65189432542
65202426036
65215145049
65228226962
65241319616
65254380048
65267458992
65278133206
65286207964
65294052489
65302597095
65310677086
65318004700
65325321160
65333069462
65340204250
65347283239
65354526901
65362001931
65369559763
65377063893
65384635741
65392063707
65399427873
65406583300
65414179964
65421622420
65429235440
65436674208
65443687452
65451008426
65458200130
65465381185
65472699771
65479758151
65486987447
65494262291
65501310129
65508915132
65516134635
65523473495
65530828174
65538009244
65545171419
65552417713
65559533453
65566827850
65574130678
65581599327
65589072841
65596218921
65603301489
65610748550
65617832619
65625101174
65632194729
65639488009
65647236755
65654495427
65661601298
65669208244
65676344393
65683823691
65691208848
65698577359
65706125507
322753
7571495
14857967
21983866
29130832
36230155
43251860
50504259
57376468
64400530
71546074
78641280
86072016
93368877
100694593
108045402
115161615
122311688
129736885
136951095
144334584
151767003
159185407
166575582
173999999
181413308
188917851
196358241
203735656
211314221
218374880
225517624
232964287
239938501
247454917
254619830
261988586
269366230
276396626
284107306
291598844
298542060
305889365
312940355
320246610
327496209
334616079
341986135
349206266
356228538
363511950
370605672
377855822
385096272
392341878
399635602
406850959
414068597
421591714
428764002
435947015
443363017
450651371
458017587
465624288
473037581
480778463
487963343
495037329
502352289
509700099
516833403
524308799
531448085
538924522
546301723
553521640
560923581
568050964
574975530
582289098
589309136
596611795
603698602
610874317
618204930
625344828
632435965
639799901
646791756
653980308
660923478
668095583
675487365
682941999
690149707
697687818
704800451
711894663
719309946
726495928
733947334
741457951
748819469
756446657
763522892
770977710
778258291
785349153
792597818
799739078
806892868
814447901
821593996
828740595
835703166
842694471
849921777
857211202
864398500
871758136
878755576
885924391
893185878
900246094
907463180
914787504
921886475
929156270
936427320
943570431
950470532
957915695
965180441
972646137
979868502
987240899
994315023
1001668034
1009047347
1016205865
1023465256
1030920961
1038004938
1045441304
1052673736
1059809212
1067059928
1074007918
1081261694
1088467107
1095326464
1102660075
1109491219
1116562497
1123807077
1130848826
1138008568
1145152459
1152000632
1159217902
1166367546
1173504951
1180876108
1188311265
1195467397
1202955706
1210152031
1217517435
1224746272
1232047585
1239544111
1246929375
1254285891
1261954373
1269118093
1276324913
1283557346
1290575471
1297936944
1305178556
1312560378
1319951899
1326995055
1334507095
1341515291
1348356533
1355529479
1362513210
1369337438
1376583182
1383500908
1390593499
1397484986
1404507120
1411876640
1419005293
1425927747
1433304382
1440340852
1447427399
1454622362
1461761831
1468787989
1476151359
1483540142
1490712568
1498064646
1505121282
1512579557
1519682705
1527253772
1534794438
1542142064
1549591038
1556727830
1563840524
1571079199
1578040806
1585274983
1592385933
1599393257
1606635114
1613658564
1620822161
1628292922
1635484870
1642691170
1649885613
1656745307
1664081657
1671234713
1678368338
1685634063
1692722675
1699859743
1707133929
1714071959
1721593913
1728698177
1735850361
1743120294
1750480374
1757789919
1765206930
1772464317
1780046721
1787319745
1794514004
1801995459
1809402816
1816614089
1824036593
1831056187
1838470123
1845553580
1852610261
1859865062
1866951792
1874207098
1881676069
1888855716
1896317541
1903480588
1910588708
1918034897
1925055470
1932167002
1939487792
1946321935
1953759280
1960982165
1968068268
1975327292
1982714576
1989666605
1997049911
2004114655
2011145403
2018469666
2025512287
2032725059
2039980059
2047274976
2054631170
2061663525
2068754799
2076059386
2083006091
2090562807
2097952768
2105338522
2113088584
2120289315
2127576093
2134928416
2141797259
2148990156
2156246839
2163194279
2170423422
2177298660
2184433494
2191561335
2198715707
2205803004
2212897063
2219812342
2226973843
2234066908
2241040740
2247925832
2254930110
2262026052
2269183315
2276119968
2283405476
2290548878
2297629779
2304889858
2312092578
2319376250
2326719638
2333794068
2341079973
2348340221
2355393797
2362828847
2369900675
2377358262
2384785173
2392004142
2399693845
2406991853
2414123581
2421601181
2428697489
2435867298
2443084829
2450026041
2457209529
2463968212
2471074021
2478306653
2485420877
2492568532
2500075309
2507294430
2514366274
2521535900
2528507360
2535634758
2542837218
2549965733
2557361171
2564536932
2571641289
2579069852
2586227559
2593533324
2600694734
2607827472
2615545465
2622803616
2630166665
2637655877
2644805277
2652083441
2659330485
2666416588
2673875613
2680910752
2688011390
2695152466
2702138783
2709274825
2716432119
2723348959
2730547930
2737565780
2744567794
2751786533
2758464509
2765486597
2772702551
2779720233
2787146440
2794329300
2801492806
2808882997
2816140567
2823398122
2830711614
2837782539
2845089177
2852284690
2859596178
2866861964
2873813137
2881024669
2888496011
2895600230
2903047887
2910385675
2917643858
2924984339
2932163757
2939440987
2946535138
2953540932
2960580676
2967767912
2974691009
2981832315
2988987804
2996009264
3003217048
3010155445
3017263779
3024359445
3031385863
3038383762
3045783500
3052936846
3060062485
3067134864
3074416547
3081692034
3088693650
3095984452
3103133943
3110085927
3117537225
3124717133
3132150699
3139461406
3146651993
3153983937
3161104190
3168218950
3175690521
3182875600
3189999647
3197334054
3204446014
3211678783
3218890316
3225813245
3233246184
3240083769
3247139899
3254453422
3261444344
3268554300
3275847152
3282885396
3290340857
3297606919
3304738279
3311963169
3318787336
3325999572
3333393297
3340445787
3347890537
3355143334
3362400200
3369843727
3377052306
3384286223
3391567891
3398741648
3405933290
3412965537
3420344697
3427636707
3434756777
3441934328
3449101261
3456104821
3463147395
3470327532
3477326395
3484494996
3491580564
3498681125
3505928781
3512971998
3520051201
3527145444
3534278534
3541656316
3548731021
3555758770
3563123700
3570086608
3577133497
3584350278
3591307218
3598388073
3605411584
3612661168
3620073131
3626908513
3634382471
3641701563
3648700134
3656204907
3663505807
3670823980
3678362244
3685429590
3692881287
3699797667
3707104350
3714587703
3721763724
3728754018
3735869957
3742588584
3749696429
3756884476
3763886077
3771090985
3778287967
3785391574
3792698410
3799667514
3806797299
3814095338
3821079604
3828121169
3835092767
3842127508
3849676666
3856835719
3864009813
3871096452
3877925805
3885120324
3892278628
3899311885
3906826817
3913856953
3920937992
3928182572
3935628516
3942898740
3950004580
3957018360
3964316414
3971455547
3978838057
3986405422
3993721515
4001039091
4008443373
4015746584
4023102793
4030333772
4037665716
4045157284
4052300487
4059415951
4066690366
4073674648
4081002002
4088165171
4095148703
4102444783
4109733397
4116779690
4124137674
4131307989
4138664948
4145905122
4152895906
4160323750
4167228533
4174229522
4181527928
4188445716
4195855629
4203035796
4210231447
4217592231
4224941801
4232243557
4239658060
4246811667
4254202515
4261682241
4268989368
4276322995
4283755307
4290989621
4298580624
4305664815
4313084642
4320438418
4327731163
4335041962
4342738765
4350047300
4357606999
4364602205
4371689119
4379002060
4386053386
4393280556
4400279908
4407291194
4414638744
4421515130
4428838628
4435992862
4443024359
4450337820
4457410230
4464413698
4471801196
4478899539
4486205151
4493429582
4500644756
4508127909
4515510037
4522638567
4530151755
4537318795
4544620674
4552136110
4559616525
4566989381
4574417852
4581710536
4588921931
4595971880
4603133275
4610293965
4617856817
4625132028
4632300108
4639263919
4646597698
4653773261
4660778396
4667990556
4675136895
4682146284
4689218817
4696168153
4703449561
4710482374
4717552060
4724755147
4731907806
4739050503
4746404969
4753229564
4760413220
4767671831
4775101327
4782479829
4790002242
4797490185
4805006830
4811983477
4819051449
4826480563
4833615978
4841001319
4848236628
4855459406
4862649901
4869619862
4876647473
4883860551
4891062552
4898333586
4905383673
4912351920
4919670691
4926748624
4933890067
4941255977
4948279992
4955306747
4962336057
4969362551
4976657484
4983742103
4991250348
4998726540
5005948248
5013197923
5020591694
5027608519
5034905762
5041858602
5049057130
5056461825
5063786241
5070958345
5078163957
5085018648
5092371093
5099611191
5106708126
5114101163
5121011393
5128134736
5135531995
5142532832
5150033733
5157107137
5164054240
5171326208
5178010395
5184933385
5192072732
5198991453
5206359964
5213553167
5220633640
5227720875
5234651913
5241646155
5248666790
5255514320
5262540126
5269458847
5276517655
5283765525
5290708711
5297702066
5304725714
5311450523
5318465466
5325675346
5332759124
5340186907
5347424495
5354451586
5361837539
5368880756
5375951361
5383138597
5390115795
5397359503
5404282049
5411192493
5418576227
5425434666
5432348446
5439277051
5446055257
5453152024
5460158812
5467030348
5474434538
5481338847
5488408028
5495419360
5502396405
5509526572
5516633728
5523647340
5530811504
5537904171
5545093473
5552410101
5559412391
5566440277
5573787506
5580956229
5588522477
5595769719
5602944838
5610634985
5617816897
5625279135
5632612456
5639745347
5647223589
5654355102
5661351104
5668589809
5675575606
5682783742
5690045168
5696943050
5704059585
5711183755
5718478137
5725520237
5732461373
5739541448
5746759269
5753756984
5760979869
5768132451
5775422457
5782505592
5789518255
5796698071
5803792803
5810979213
5818166281
5825529529
5832671752
5840012539
5847440904
5854554761
5861755186
5868932477
5876274243
5883499423
5890330950
5897663460
5904641484
5911599878
5919006776
5926112356
5933198367
5940253442
5947267222
5954290458
5961235266
5968328300
5975682795
5982783372
5989930263
5997036822
6004180667
6011290853
6018401390
6025526860
6032807686
6039734348
6047006683
6054354814
6061620340
6068764369
6076004957
6083131268
6090477028
6097419954
6104340985
6111270585
6118091998
6125172425
6132368795
6139271834
6146775734
6153714146
6160826061
6168108493
6174930182
6181963730
6189048594
6196032294
6202990657
6209943773
6217144932
6224375896
6231573352
6238691555
6245733288
6252695262
6260078966
6267098132
6274391764
6281679996
6288741496
6295655582
6303016901
6310121533
6317470811
6324545118
6331704707
6339369212
6346699396
6354056141
6361424406
6368402981
6375623724
6382815321
6389808966
6397146969
6404266426
6411272801
6418737044
6425694719
6433068385
6440160318
6447124817
6454463752
6461678559
6468826490
6476065440
6483044336
6490211942
6497223381
6504459073
6512836572
6521158992
6528156937
6535401303
6542468312
6549709343
6557036987
6564211647
6571836310
6579281045
6586279969
6593746216
6600929566
6608060162
6615321435
6622518019
6629782765
6636974683
6643818220
6651250960
6658179060
6665407392
6672562605
6679561988
6686694802
6693771175
6700570801
6707960793
6714870793
6722176604
6729490708
6736496180
6743643483
6750645773
6757596594
6764914752
6771943847
6779050820
6786181308
6793559947
6801122401
6808587485
6815849768
6823123541
6830091864
6837092517
6844455612
6851534310
6858659214
6865958752
6872834480
6880162797
6887204592
6894261702
6901666902
6908653922
6915933341
6923218283
6930173433
6937514771
6944689721
6951810158
6959229066
6966178372
6973264093
6980594216
6987557583
6994924854
7002096331
7009389122
7016659820
7023821688
7031134155
7038378629
7045225119
7052335319
7059517491
7066570470
7073876495
7081111789
7088339264
7095695412
7102870531
7110059465
7117531955
7124770935
7131806181
7139070254
7146015460
7153404120
7160496956
7167679357
7174821076
7181984628
7189477435
7196665896
7203624672
7210943626
7217967734
7225094229
7232120325
7238970487
7246115266
7253251278
7260221438
7267640454
7274778883
7281990920
7289226244
7296251346
7303398986
7310718644
7317720337
7324969263
7332073818
7339135395
7346402849
7353551606
7360693233
7367955638
7374821712
7382153227
7389016027
7395700872
7402896049
7409897803
7416944325
7424236749
7431108239
7438444069
7445570090
7452693265
7459931986
7466675201
7473593677
7480838564
7487804470
7495038126
7502126066
7509189663
7516347370
7523527859
7530787831
7538056540
7545108784
7552413387
7559594457
7566678158
7573992828
7581225123
7588309941
7595576461
7602779258
7609899113
7617347076
7624608793
7632074520
7639357610
7646556046
7654072095
7661395593
7668823896
7676219916
7683355346
7690509702
7697813968
7704917804
7712376998
7719233632
7726463662
7733784008
7740809034
7747954486
7755098958
7762168293
7769527960
7776690517
7783966891
7791208703
7798345755
7805731677
7813082883
7820084653
7827322716
7834557397
7841862168
7848982451
7856273421
7863601035
7871100345
7878201871
7885690272
7892932420
7900047211
7907492497
7914653937
7921780754
7928933886
7935776704
7943039354
7950318666
7957382049
7964588792
7971743929
7979020777
7986207034
7993109782
8000477161
8007574418
8014878072
8022045448
8029116405
8036266355
8043524292
8050449011
8057785162
8065003748
8072309682
8079745420
8087038043
8094288698
8101762488
8108892303
8116355184
8123904540
8131140400
8138579734
8145801732
8152734728
8160215740
8167345433
8174541665
8181772583
8188703376
8196116440
8203380895
8210652037
8218153244
8225183854
8232634388
8239763377
8246895855
8254078073
8260989786
8268015363
8275333445
8282503147
8289729368
8297163194
8304546637
8312000323
8319338937
8326201599
8333838090
8340909321
8348105477
8355514869
8362770910
8369845920
8377286112
8384638848
8391959898
8399038978
8406044129
8413534183
8420653854
8427972885
8435416763
8442471930
8449828614
8456973622
8463961744
8471220982
8478221359
8485393831
8492534203
8499628584
8506946206
8514141995
8521257949
8528597665
8535815761
8543164259
8550491796
8557634112
8565127103
8572491391
8579813206
8587143543
8594500227
8601697439
8609201553
8616348015
8623436367
8630756989
8637974228
8645303617
8652684061
8659923119
8667158320
8674232107
8681426672
8688586567
8695516121
8702721350
8709864384
8716877919
8724217345
8731270538
8738455571
8745581913
8752516500
8759958221
8766872215
8773692067
8780895292
8787843680
8795058946
8802242204
8809283861
8816741249
8823953378
8830999747
8838468978
8845545182
8852768128
8860195850
8867660047
8875157031
8882748463
8889987612
8897516666
8904729101
8911901542
8919242115
8926512415
8934196901
8941834416
8949000339
8956256747
8963315111
8970384277
8977655602
8984555795
8991848448
8999011052
9005958369
9013086180
9020029656
9027135680
9034442134
9041518980
9048530588
9055953398
9062889730
9070150406
9077378677
9084978080
9092338221
9099448514
9106858288
9114383134
9121453922
9128437271
9135450408
9142662660
9150239740
9157408830
9164668986
9172131454
9179193276
9186228951
9193592412
9200338290
9207289049
9214338004
9221537296
9228971444
9235930970
9243276378
9250137342
9257244957
9264564767
9271732221
9278901005
9286286101
9293315762
9300694784
9307956240
9315255121
9322690339
9330047008
9337027419
9344374662
9351175420
9358328507
9365474265
9372615310
9380037983
9387567266
9394884644
9402436739
9409780663
9417136490
9424423268
9431310333
9438633189
9445687728
9452585886
9460008849
9467096039
9474259927
9481511683
9488633589
9495939124
9503118787
9510036238
9517504306
9524809842
9532032268
9539285952
9546610735
9553702867
9560939660
9568080843
9575385598
9582520677
9589776794
9597324238
9604630814
9611931928
9619353744
9626616654
9633950586
9641489233
9648816250
9656290912
9663398542
9670530148
9677854059
9684607938
9691781022
9698997817
9706105356
9713365344
9720471903
9727626045
9734967551
9741910814
9749365509
9756686376
9763865166
9771088021
9777896245
9784952514
9792118712
9799018308
9806292158
9813555313
9820719018
9828008121
9835080959
9842092291
9849486154
9856787742
9864202949
9871550238
9878606093
9885926149
9893320486
9900420588
9907895373
9915010286
9922362670
9929647811
9936578987
9943978373
9951250371
9958452999
9965966706
9972920021
9980180559
9987370596
9994332050
10001528405
10008752774
10015559606
10022865111
10029920844
10037303905
10044725170
10051787696
10059013335
10066172848
10073252311
10080724402
10087678008
10094890397
10102056075
10109272581
10116573832
10123927471
10130990778
10138385268
10145662498
10152764804
10160001827
10167106458
10174158136
10181323738
10188201226
10195493803
10202451799
10209370918
10216549188
10223504951
10230469771
10237845457
10244822242
10252053313
10259226366
10266259806
10273491382
10280448950
10287462256
10294845057
10301922653
10309176398
10316114520
10323338751
10330593354
10337876429
10345122647
10352391967
10359369961
10366565474
10373759840
10380852063
10388048418
10395241071
10402457668
10409666829
10416825668
10423734031
10430981993
10438254481
10445726282
10453077427
10460164586
10467796042
10474845242
10482189227
10489547272
10496566499
10503849054
10511097123
10518212526
10525594929
10532481489
10539593603
10546809052
10553791865
10560843880
10567945558
10574980514
10582184687
10589310800
10596539193
10603649562
10611031950
10618202952
10625430030
10632394177
10639366815
10646169930
10653196393
10660557820
10667539975
10674517953
10681868226
10688839472
10696085965
10703099654
10709871740
10717019043
10724077790
10731250827
10738390588
10745095170
10752575554
10759820655
10767085187
10774346047
10781513118
10788549955
10795936351
10803256361
10810778713
10818120448
10825481707
10832724864
10839964656
10847060521
10854108389
10860978395
10868147287
10875135990
10882179712
10889544276
10896826877
10903859231
10911086477
10917910583
10925013348
10932171361
10939208504
10946297545
10953541207
10960570012
10967916139
10974903725
10982041038
10989351072
10996600013
11003930549
11011150236
11018541559
11026128615
11033234577
11040533519
11047955794
11055195723
11062443272
11069601300
11076784069
11084133638
11091275892
11098081026
11105230196
11112456738
11119675905
11126941294
11133923740
11141224104
11148348197
11155392929
11162670191
11169765780
11176956168
11184226284
11191113273
11198227957
11204976404
11211974119
11219241267
11226108015
11233052991
11240508023
11247374433
11254891476
11262033440
11269214617
11276328826
11283042665
11290104151
11297230493
11304280289
11311474059
11318750402
11326005509
11333060247
11340289834
11347307316
11354162956
11360912199
11368012730
11375183855
11382346841
11389355343
11396302675
11403147099
11410455649
11417369627
11424613244
11431802163
11438730722
11446016613
11453008453
11460160560
11467644601
11474867058
11481933072
11489160348
11495891476
11503063642
11510278189
11517510575
11524825765
11531961685
11539431099
11546531967
11553510022
11560688200
11567940569
11575075311
11582241708
11589305856
11596450971
11603717905
11610949083
11618097748
11625283974
11632152052
11639462316
11646413840
11653260330
11660283872
11667530594
11674681967
11681992093
11688998942
11696353515
11703473079
11710288785
11717409895
11724509554
11731719969
11739024480
11746045237
11753688015
11760798216
11767703167
11775217885
11782320787
11789473950
11796721270
11803664119
11811018737
11818156922
11825540227
11832731197
11839848344
11846905775
11853947018
11860870467
11868176278
11875413775
11882573349
11889630153
11897001861
11904097802
11911194324
11918053039
11925241316
11932195915
11939345315
11946888062
11954202839
11961499531
11969225067
11976190101
11983403042
11990790494
11997729288
12005213666
12012263585
12019409878
12026648293
12033528703
12040972443
12048378561
12055497315
12062820645
12069977082
12076940647
12084368201
12091427315
12098441477
12105744733
12112663699
12119596665
12126505441
12133496837
12140724404
12147758105
12154865598
12162240045
12169347935
12176654465
12184054326
12191062995
12198229561
12205145666
12212120630
12219469939
12226721328
12233833013
12241054215
12247909625
12255263784
12262337158
12269550527
12276935271
12284000688
12291252613
12298815923
12306074365
12313588027
12320868593
12328245917
12335580446
12342771660
12349928220
12357251534
12364312025
12371777370
12378984924
12386153846
12393528263
12400783155
12407867576
12415296766
12422382548
12429448333
12436644336
12443592999
12450890457
12458140239
12465166014
12472582001
12479505465
12486589947
12493808701
12500955193
12508161340
12515140160
12522352427
12529735426
12536712854
12544075290
12551524906
12558813199
12566249703
12573378095
12580678230
12588098929
12595235048
12602343856
12609781691
12617051899
12624385204
12631446659
12638422557
12645602938
12652621308
12659558497
12666657911
12673689975
12680788976
12687918057
12695069200
12702369075
12709498156
12716552374
12723632005
12730544407
12737704731
12744986582
12751891901
12759321474
12766428813
12773536596
12780834696
12787874930
12795146072
12802542581
12809657387
12817231499
12824738352
12832203758
12839452362
12846630878
12854098884
12861347121
12868258958
12875508098
12882746007
12889911120
12897119133
12904211326
12911203747
12918513996
12925543626
12932823550
12939944537
12946865400
12954227179
12961285421
12968339379
12975608592
12982652804
12989972294
12997128195
13004200988
13011533773
13018779715
13025865971
13033347534
13040386803
13047914725
13055308893
13062612318
13070190897
13077208931
13084498647
13091921855
13099116940
13106453290
13113614332
13120831771
13127906628
13134998943
13142094196
13149378985
13156452053
13163653013
13170770389
13177607929
13184776453
13191830044
13198649024
13205959425
13212991076
13220022252
13227240700
13234315099
13241515937
13249085811
13256602976
13264136451
13271206520
13278245775
13285649261
13292730530
13300198215
13307565226
13314654756
13322154878
13329003693
13336246071
13343811645
13350996265
13358288888
13365537584
13372618149
13379947109
13387060614
13394344761
13401564907
13408722002
13415889930
13423284558
13430346395
13437568255
13444852050
13452012159
13459229919
13466391328
13473498087
13481119047
13488143491
13495401123
13502832608
13510084135
13517491018
13524588459
13531946030
13539467816
13546609917
13554178827
13561755341
13568801129
13576305411
13583411053
13590575232
13597821954
13604878835
13612163823
13619119157
13626216949
13633560429
13640692570
13647602371
13654583562
13661471836
13668641891
13675799889
13682788668
13689866035
13696947855
13703919391
13711332624
13718332359
13725347148
13732643443
13739798962
13747047781
13754412849
13761210777
13768771654
13775944325
13783111686
13790370986
13797600205
13804999484
13812219600
13819552492
13827331976
13834554341
13842134971
13849386023
13856555894
13863740713
13870842177
13877827759
13885207317
13892243144
13899189665
13906474408
13913598700
13920690449
13928150025
13934889079
13942086321
13948983179
13956075830
13963365148
13970916708
13978080948
13985577000
13992714036
14000007225
14007399619
14014465909
14021740646
14029284081
14036498154
14044618659
14053405434
14064342256
14078686848
14093302938
14107868890
14122654029
14137842339
14152020972
14164992541
14178076183
14191092352
14204038631
14217091428
14230041975
14244894802
14259141979
14272461853
14285343474
14298358510
14311554822
14324816387
14337855843
14351485297
14366060184
14380753769
14395408767
14409920832
14424341801
14438653054
14453218684
14467462219
14481938651
14496587820
14508614339
14519352904
14533450186
14548114027
14562684401
14572654539
14581622007
14590308780
14599173616
14606884602
14615002751
14622423955
14629526154
14636492213
14643856730
14651022516
14658284967
14665524667
14672874955
14680065297
14687374796
14694457609
14701953753
14709148042
14716509561
14723994994
14731597763
14739135813
14746628590
14753875251
14761469131
14768747310
14775934133
14783639014
14790932234
14798053940
14805272648
14812276346
14820146941
14827603748
14834782125
14842025574
14849134321
14856899148
14869982346
14883068803
14896301620
14909276448
14922171962
14929937951
14938705218
14945921953
14953866799
14960990663
14969097720
14976834715
14984139777
14991473373
14998743780
15005835819
15013197935
15020338185
15027296319
15034371299
15041441459
15048444086
15055667736
15062796113
15070175119
15077335749
15084574638
15091834075
15098951727
15106022163
15113404520
15120534916
15127639640
15134795327
15142192587
15149525953
15156657314
15163929786
15171068032
15178060346
15185378535
15192210230
15199594040
15207053678
15214190409
15221702999
15228804280
15235651566
15242782100
15249761088
15257059264
15264316926
15271410481
15278731301
15285974153
15292811249
15300193284
15307206850
15314118426
15321399237
15328572061
15335803805
15343017495
15349952250
15357548945
15364761656
15372050928
15379558592
15386860502
15394181980
15401682943
15408780291
15416226235
15423611239
15430855514
15438205527
15445328794
15452574063
15459682917
15466545028
15473665342
15480981175
15488024408
15495357499
15502531225
15509665814
15517105317
15524256001
15531650460
15538717163
15545779674
15552926870
15560214428
15567491200
15575030397
15581668654
15588946971
15596315451
15603315477
15610682932
15617963024
15625119063
15632688157
15639901587
15647382292
15654958883
15661985025
15669525829
15676579603
15683777565
15691178925
15698198335
15705529590
15712664072
15719785426
15727196547
15734479914
15741536656
15748895742
15755832364
15762746817
15770043310
15777142143
15784302757
15791548669
15798598098
15805981511
15812876609
15819998055
15827271139
15834317723
15841831032
15849387963
15856377003
15863818831
15870950543
15878179365
15885683908
15892619337
15899896124
15907211528
15914250767
15921779652
15929045990
15936430596
15943851432
15950743822
15958038939
15965287360
15972220188
15979520552
15986551820
15993595818
16001048417
16008236801
16015592964
16023235238
16030133442
16037358759
16044527636
16051621588
16058788337
16065978205
16073278692
16080658723
16087655979
16095156177
16102387324
16109469863
16116843820
16124296052
16131597029
16139113750
16146422346
16154001966
16161328876
16168574711
16175987026
16183093738
16190219208
16197600402
16204670869
16211910033
16219208791
16226232685
16233501302
16240847704
16248056911
16255501753
16262479425
16269455919
16276690356
16283769605
16291089431
16298317946
16305566214
16313015080
16320185517
16327360345
16334557236
16341639391
16349013823
16356224973
16363400168
16370857495
16378131987
16385328235
16392733145
16399916342
16407511950
16414936749
16422172930
16429642972
16436800863
16444061294
16451321404
16458400867
16465662171
16472880940
16479859943
16487220421
16494424411
16501643900
16508962318
16516008733
16523217894
16530599456
16537632024
16544936030
16551922316
16558889400
16565957450
16573287267
16580228173
16587353459
16594195267
16601542128
16608761755
16615885878
16623182693
16630315308
16637352895
16644652541
16651671293
16659154569
16666461696
16673662595
16681081382
16688247381
16695357613
16702675664
16709792184
16717106670
16724056419
16730947203
16738079405
16745218660
16752172862
16759301178
16766181175
16773172617
16780186428
16787129155
16794243777
16801388831
16808307736
16815498736
16822422353
16829355411
16836461756
16843599619
16850710523
16857980869
16864931904
16872405587
16879735434
16887017484
16894262432
16901372006
16908558339
16915982588
16923213949
16930662402
16937758297
16945226656
16952848550
16959955507
16967033914
16974164219
16981252495
16988414409
16995175816
17002197552
17009315632
17016522147
17023747434
17030933446
17037878070
17045124242
17052283831
17059537393
17066819520
17074007995
17080975416
17088181165
17095048632
17102195675
17109424359
17116544780
17123919869
17130917722
17138081228
17145655355
17152752337
17160374659
17167814452
17175006768
17182255266
17189425748
17196704325
17204033806
17211000202
17218376102
17225496034
17232794455
17240077546
17247314400
17254462346
17261742407
17268642110
17275601881
17282766902
17289686832
17296769401
17303749551
17310877164
17318127084
17325208536
17332189926
17339339187
17346540454
17353908092
17361445882
17368588075
17375879045
17382970718
17390310954
17397729189
17404697865
17411927895
17419217137
17426551192
17434013537
17441238993
17448759432
17456255775
17463588820
17470819080
17478024003
17484908008
17491987134
17499204711
17506387892
17513507701
17520498164
17527610446
17534910443
17541974790
17549312409
17556213597
17563126642
17570053916
17577247058
17584300832
17591455586
17598541185
17605685351
17612843472
17619727278
17627008212
17634079367
17641374881
17648864919
17655934330
17663564563
17670539343
17677516663
17685009471
17692203409
17699443017
17706744636
17713784227
17720987651
17727694727
17734588065
17741880000
17748840321
17755795701
17763054113
17770001109
17777138574
17784123912
17791347363
17798421593
17805381655
17812284296
17819663119
17826574068
17833688736
17840915798
17847944113
17855245564
17862657572
17869841504
17877564041
17884601261
17891735972
17899040926
17906017742
17913113928
17920434564
17927581194
17935114838
17942223570
17949688103
17956875018
17963908918
17971285446
17978391179
17985588865
17993096100
18000294307
18007817776
18015116411
18022306539
18029514752
18036637483
18043566042
18050743043
18057769246
18064607704
18071893610
18079220749
18086462316
18093817408
18100670783
18107775567
18114917959
18121834080
18129002619
18135759665
18142794850
18150130603
18157066047
18164293416
18171461603
18178668775
18186066279
18193171676
18200424350
18207634093
18214818498
18222202768
18229544840
18237031926
18244744595
18252062738
18259351459
18266584335
18273894216
18281285110
18288503283
18295632854
18303035162
18310211596
18317239957
18324553648
18331718516
18338781164
18345927580
18353129611
18360373243
18367382051
18374351231
18381811848
18388875965
18395966245
18402961451
18409871436
18417111794
18424197652
18431286555
18438485220
18445422745
18452784631
18459917047
18467190591
18474447335
18481478343
18488632057
18495869630
18502939852
18510396353
18517624960
18524856903
18532368591
18539688279
18546963903
18554284035
18561461587
18568715087
18575967578
18583065018
18590002620
18597131930
18604367698
18611723372
18618732210
18625740406
18633156606
18640172008
18647485837
18654835620
18661774247
18669010137
18676051503
18683220410
18690409665
18697314295
18704505494
18711896863
18718814712
18726278343
18733491620
18741067063
18748299725
18755519550
18762770388
18769984568
18777231918
18784821528
18792191844
18799429754
18806665247
18814032533
18821497051
18828960376
18836160097
18843444152
18850541653
18857785056
18865031013
18872367914
18879380991
18886891225
18894024927
18901427832
18908605169
18915637248
18922785346
18929853702
18936820388
18944094834
18950916982
18958171064
18965319316
18972318530
18979734257
18986902077
18994208852
19001643658
19008833480
19016101408
19023256346
19030479461
19037858069
19045287474
19052682193
19060425692
19067714275
19075052430
19082325729
19089581035
19096753721
19104082207
19111273605
19118555655
19125699929
19132698699
19139836364
19146910579
19154075232
19161379330
19168536364
19175963733
19183100816
19190338252
19197785297
19204875807
19211827392
19219025645
19225951725
19233213916
19240095305
19247550659
19255030737
19262111653
19269206738
19276352235
19283512222
19291148590
19298378238
19305893598
19313076825
19320388497
19327718482
19335167547
19342301692
19349400846
19356551010
19363643463
19371051937
19378396917
19385419800
19392712866
19399797929
19406887812
19413814550
19420932600
19428097850
19435073257
19441981039
19449439146
19456269755
19463492992
19470454951
19477572450
19484902925
19491948590
19499210735
19506701477
19513748168
19521318485
19528628841
19535623006
19543006419
19550321670
19557496942
19564694582
19571711361
19579193994
19586777776
19594116819
19601557790
19608927035
19616173054
19623366104
19630567906
19637745564
19644948774
19651930806
19659310807
19666616756
19673670240
19680860918
19687763177
19694762621
19701987480
19709011633
19716286095
19723318265
19730238624
19737595935
19744437406
19751561576
19758843504
19765991159
19773330354
19780299703
19787407242
19794567978
19801598374
19808855440
19816112520
19823438099
19830852617
19838348668
19845491489
19852772805
19859644356
19866670758
19874164132
19881533117
19888870707
19895922477
19902987619
19910205149
19917084978
19923931712
19931126507
19938188742
19945338554
19952814639
19959768933
19967061800
19974193559
19981198878
19988479245
19995513328
20002746633
20009888566
20016807256
20024088358
20031259545
20038670620
20046091640
20053261557
20060447492
20067942978
20075043019
20082504202
20089966807
20097136923
20104564599
20111809592
20119275411
20126842011
20133748645
20140915425
20148215529
20155333854
20162526170
20169639232
20176779252
20184127230
20191169147
20198290058
20205305597
20212155239
20219392629
20226684150
20233564422
20240906356
20248013941
20255391463
20262427642
20269580637
20276934108
20284206274
20291389135
20298870804
20305983774
20313154899
20320359930
20327672610
20335322549
20342723450
20350087325
20357649946
20364871608
20372208661
20379500412
20386718508
20393951323
20401163621
20408092226
20415266227
20422327499
20429229757
20436396277
20443384445
20450263769
20457489041
20464401978
20471938850
20478893450
20486057996
20493245676
20500347294
20507510325
20514549427
20521749393
20529010161
20536324417
20543599935
20550544161
20557569768
20564792347
20572397334
20579736821
20587359618
20594712675
20601901824
20609119752
20616429679
20623746322
20631260734
20638232913
20645229404
20652291226
20659260330
20666359316
20673621431
20680655101
20688074239
20695043863
20702455780
20709783868
20716785117
20724107162
20731403870
20738497133
20745829551
20752870672
20760179972
20767584835
20774757032
20781872633
20789148166
20796386014
20803922381
20811040691
20818625253
20826123064
20833261845
20840598317
20848055874
20855140983
20862208221
20869414490
20876796541
20883924827
20890752100
20898181244
20905321035
20912420924
20919749807
20926909396
20933945147
20941041364
20947961676
20955190299
20962467361
20969336220
20976693133
20983811825
20991018186
20998424901
21005324023
21012531715
21019751219
21026978970
21034369405
21041731643
21049268545
21056710006
21064074095
21071400883
21078499379
21085316478
21092545070
21099603939
21106849881
21114158615
21121522535
21128570541
21136030867
21142925246
21150384471
21157500546
21164333787
21171639797
21178871235
21185951799
21193291393
21200174113
21207568190
21214632001
21221590625
21228829942
21236116322
21243360872
21250961805
21257915487
21265390761
21272808109
21280242807
21287587496
21294585731
21301622431
21309089351
21316120405
21323442312
21330613054
21337702202
21344889240
21351990000
21359019203
21366243052
21373140399
21380531921
21387730433
21394843602
21402219334
21409500420
21416390209
21423673698
21430620342
21437684566
21445226517
21452156713
21459427258
21466719330
21473820289
21481315759
21488839856
21496142745
21503644105
21510516636
21517974024
21525410313
21532423252
21540241980
21547460872
21554791760
21562123933
21569267794
21576546494
21583878453
21590834154
21597826208
21604774443
21612050082
21619164934
21626143785
21633277165
21640570920
21647461718
21654577611
21661646180
21668572872
21675514528
21682619022
21689763021
21697182817
21704185107
21711606861
21718826319
21725704235
21732942788
21740077269
21747415364
21754971544
21762139671
21769588414
21777011362
21784220539
21791826108
21798922707
21806165849
21813647595
21820918507
21828285243
21835516772
21842755661
21850055154
21857322240
21864243823
21871556825
21878569503
21885805088
21893112108
21900153871
21907397871
21914659266
21921720384
21928942902
21935979602
21942980407
21950180970
21957213447
21964244898
21971706127
21978627571
21986157130
21993394167
22000698403
22008177609
22015157025
22022497629
22029884316
22036950192
22044456632
22051421330
22058742564
22066265482
22073262126
22080529840
22087861248
22094789165
22102033072
22109200495
22116176178
22123114866
22130150632
22137186153
22144545667
22151552715
22158801702
22165676314
22172563502
22179707102
22186798469
22193864116
22201164541
22208745492
22216260516
22223343391
22230350010
22237798035
22244881155
22252118697
22259409285
22266476309
22273839832
22280932989
22287927338
22295146383
22302324791
22309503841
22316856012
22323751691
22331006905
22338256060
22345460127
22352586775
22359806049
22366886170
22374060967
22381245006
22388436174
22395631978
22402807893
22410059741
22417381693
22424386018
22431825398
22438970146
22445961741
22453180190
22460337300
22467602169
22474930853
22481969022
22489455220
22496665023
22503899736
22511300269
22518479213
22525997832
22533300537
22540270467
22547512737
22554709643
22561947461
22569220622
22576273111
22583404350
22590477891
22597391487
22604734187
22611663817
22618862803
22626042925
22633080405
22640138157
22647470223
22654573967
22661825571
22668909700
22675990739
22683212905
22690333250
22697459072
22704865128
22711956969
22719247098
22726387210
22733662268
22741234361
22748403895
22755679978
22763098948
22770150840
22777666262
22785018172
22792013959
22799162899
22806025959
22813096212
22820467660
22827447963
22834653070
22841766468
22848779973
22856047596
22863298572
22870309445
22877563266
22884396950
22891481172
22898553627
22905631881
22912685319
22919832316
22926885938
22934423100
22941603543
22948928418
22956342951
22963259821
22970578224
22978040738
22985119375
22992760026
23000080128
23007211779
23014391319
23021050032
23028349326
23035545008
23042501765
23049536628
23056443339
23063691240
23071013361
23078133476
23085022148
23092023183
23099033138
23106225897
23113228769
23120137514
23127353729
23134551430
23141610406
23148627966
23155493764
23162757531
23169724248
23176593000
23183933526
23191105019
23198145543
23205165046
23212198211
23219523621
23226530409
23233446912
23240867320
23248159407
23255153175
23262399561
23269548685
23277268989
23284630675
23291860797
23299302641
23306382425
23313599741
23320658213
23327478861
23334720290
23341671600
23348756724
23355881383
23362963508
23370082155
23376987504
23383808442
23390953221
23398088300
23405054803
23412241274
23419389403
23426291662
23433441336
23440314632
23447411858
23454585523
23461528036
23468753079
23475891630
23483079494
23490518155
23497559276
23504922936
23512498441
23519332446
23526605377
23533554240
23540676604
23547754017
23554603719
23561830368
23569005059
23575855588
23583101576
23589813609
23596748885
23603883428
23610724242
23617842138
23625032328
23631973387
23638985055
23646238388
23653233150
23660417984
23667375399
23674386211
23681608484
23688733816
23695861719
23703136410
23709996991
23717357852
23724568084
23731564024
23738902409
23746017414
23753260939
23760630291
23767659371
23775291103
23782685685
23789583430
23797237010
23804378239
23811787983
23819052148
23825802584
23833110140
23840205637
23847338375
23854604498
23861568247
23868643273
23875876776
23882860079
23889981326
23896774541
23903904387
23911174167
23918217705
23925349586
23932739655
23939903512
23946934199
23954034485
23960930945
23968336023
23975623107
23982771833
23990211014
23997183805
24004533298
24011984306
24019081731
24026589702
24033813489
24040777131
24048109565
24055299157
24062617744
24069958668
24076872830
24084269110
24091393402
24098307304
24105318820
24112307615
24119464159
24126563268
24133606209
24140547269
24147718486
24154584682
24161911102
24169044605
24176129760
24183209942
24190315063
24197448856
24204578794
24211534311
24218932167
24225974650
24233003180
24240395834
24247276397
24254554683
24262194463
24269407143
24277058948
24284198510
24291376168
24298664491
24305482967
24312550190
24319714017
24326561961
24333825773
24340946041
24348122093
24355293417
24362405332
24369636234
24376630767
24383656175
24390851673
24397998762
24405205200
24412389743
24419586450
24426734304
24433859315
24440906067
24448124836
24455281993
24462489869
24469757109
24477132030
24484376932
24492013896
24499028701
24506424507
24513717237
24520908543
24528369083
24535468788
24542848085
24550318983
24557382718
24564753156
24571784700
24578713549
24586097788
24593245153
24600384179
24607704770
24614605682
24621852251
24629029497
24635977578
24643233099
24650451501
24657585233
24664910184
24671952790
24679102449
24686446036
24693725730
24700947651
24708302377
24715325934
24722690298
24729840554
24736772540
24744242903
24751471801
24758833610
24766164651
24773228860
24780814952
24787907343
24795071308
24802291470
24809382026
24816293954
24823458347
24830391894
24837743223
24844802964
24851993367
24859213942
24866334118
24873295940
24880659524
24887669219
24895022169
24902027427
24909099317
24916230463
24923272288
24930394362
24937634000
24944594383
24951754508
24958942494
24966070947
24973401132
24980675853
24987947301
24995509203
25002749867
25010044295
25017204052
25024063440
25031312565
25038487148
25045678270
25053044134
25059927405
25067100275
25074226571
25081145996
25088287103
25095222348
25102341423
25109641068
25116497289
25123825453
25130864157
25137913800
25144862448
25151786096
25158763936
25165800131
25172697555
25180159762
25187464120
25194653039
25202132092
25209322144
25216471115
25223832817
25231196477
25238460703
25245794804
25252989216
25260180430
25267627812
25274626109
25282162598
25289173961
25296214149
25303439160
25310376869
25317487819
25324328893
25331385513
25338662591
25345663335
25352683955
25359853443
25367010492
25374266410
25381264125
25388207923
25395359005
25402358771
25409485205
25416600638
25423779872
25430841465
25438198684
25445330397
25452728421
25460113792
25467577668
25475014967
25482270150
25489325424
25496758761
25503887245
25511277772
25518467564
25525855781
25533134740
25540159445
25547156456
25554499614
25561359339
25568635162
25575728028
25582562599
25589848673
25596845577
25603873372
25611169514
25618220045
25625424600
25632465966
25639505068
25646773440
25654141767
25661162754
25668372236
25675514230
25682667057
25689905349
25697058451
25704158049
25711414104
25718515553
25726077410
25733264922
25740561262
25747774401
25754837355
25761988178
25769241648
25776107370
25783411620
25790443531
25797546112
25804798389
25811643976
25818736367
25825955106
25833003939
25840353110
25847283046
25854412846
25861280006
25868125226
25875239925
25882338039
25889279251
25896540738
25903668029
25910876777
25918144644
25925159755
25932294008
25939565440
25946619428
25954070238
25961574061
25968915124
25976472084
25983983604
25991034012
25998494843
26005523556
26012981587
26020167263
26027258461
26034586977
26041566837
26048497324
26055721204
26062701584
26070418935
26077737644
26084982744
26092215789
26099552889
26107024582
26114383056
26121443256
26128799665
26136037942
26143056587
26150309307
26157570045
26164697642
26171991106
26179083803
26186344587
26193570991
26200746890
26208036743
26215242982
26222395257
26229673391
26236721565
26243830879
26251235360
26258598240
26265993480
26273181588
26280418350
26288047359
26295174343
26302593436
26310051008
26317362954
26324868002
26332398142
26339448611
26346976318
26354209562
26361526710
26369062266
26376082732
26383396698
26390766571
26397988431
26405256160
26412403678
26419589384
26426807618
26434046522
26441245922
26448497877
26455546786
26462663994
26469832320
26476984626
26484265819
26491390953
26498684432
26505894083
26513030615
26520917245
26528097137
26535488399
26542894149
26549925402
26557045471
26564334330
26571215016
26578804045
26586083464
26593098759
26600492499
26607783530
26615091621
26622285069
26629356041
26636920284
26644352733
26651649839
26659415966
26666558006
26673677188
26680951573
26687771303
26695157011
26702410343
26709565220
26717015279
26724242892
26731506231
26738649418
26745710108
26753025420
26760113253
26767032463
26774119194
26781169296
26787995789
26795260535
26802145688
26809292838
26816400882
26823437964
26830702878
26837762711
26844948631
26852256141
26859310604
26866755492
26873787418
26880800616
26887938051
26894972746
26902258101
26909890399
26917102192
26924482545
26931939688
26939174355
26946527229
26953741592
26960796590
26968141125
26975240433
26982349470
26989471054
26996425088
27003592465
27010744312
27017899281
27025222059
27032248554
27039250798
27046588708
27053608547
27060885120
27068063069
27075010172
27082260934
27089572972
27096657484
27103927493
27111093111
27118139801
27125278092
27132467593
27140089273
27147373236
27154622926
27161916498
27169174343
27176352002
27183632706
27190853984
27197997615
27204962650
27212203803
27219341942
27226620810
27233753012
27241088474
27248102178
27255466083
27262817901
27269931973
27277066011
27284209015
27291260219
27298466289
27305396577
27312586461
27319742026
27327051310
27334557873
27341955820
27349318869
27356783999
27363916323
27371059220
27378460427
27385803769
27393245383
27400525230
27407820591
27415375181
27422525008
27429792646
27437098411
27444107862
27451332216
27458746397
27466000111
27473348319
27480718145
27488037528
27495340768
27502748646
27509839125
27517215591
27524344749
27531770313
27538871181
27545835144
27553180185
27560109952
27567235927
27574413127
27581427381
27588910305
27595989921
27603024127
27610452996
27617379505
27624806920
27632203323
27639258535
27646827185
27653932352
27660904838
27668113953
27675003237
27682054670
27689195043
27696172669
27703466271
27710881018
27718378232
27725653229
27732936840
27740247134
27747621719
27754515149
27761707847
27768909955
27775811617
27783090423
27790277185
27797256556
27804577713
27811627448
27818947029
27826226846
27833145077
27840633157
27847837774
27855099246
27862481190
27869412809
27876715698
27884033168
27891018291
27898296057
27905325306
27912431070
27919624334
27926780037
27934121237
27941265924
27948443123
27955720645
27962997554
27970036778
27977361454
27984465260
27991715318
27999297508
28006668834
28014181302
28021792333
28028978269
28036291256
28043409076
28050611061
28057728606
28064871334
28072198749
28079409241
28086246108
28093635457
28100650032
28107726160
28114948020
28122066345
28129401731
28136688066
28143780993
28151380151
28158482502
28165740624
28172957603
28179984312
28187203770
28194435881
28201380704
28208798220
28215793916
28223093102
28230307389
28237287570
28244492661
28251769356
28258767469
28266181911
28273232273
28280530801
28287925092
28295251666
28302369210
28309826033
28317010500
28324479990
28331813678
28339052598
28346601679
28353991625
28361233038
28368641711
28375574187
28382998374
28390106387
28397317507
28404605448
28411829465
28419007904
28426266239
28433283844
28440510554
28447759893
28454948246
28462292430
28469502081
28476567758
28483891226
28490882790
28498097337
28505379448
28512595403
28519878585
28527118438
28534304098
28541641825
28548624164
28556019128
28563496560
28570727646
28578119397
28585422194
28592760732
28600373828
28607696699
28614967749
28622242455
28629164925
28636432287
28643510908
28650337110
28657809630
28664671604
28671740342
28678872345
28685958142
28693199142
28700354019
28707260959
28714581229
28721792655
28729064377
28736120554
28743315822
28750270315
28757485413
28764636051
28771983448
28779156440
28786330319
28793802456
28801102500
28808261385
28815446601
28822614177
28829993597
28837167828
28844360832
28851828380
28858885765
28866162246
28873599943
28880520898
28887913904
28895191028
28902288055
28909574145
28916518539
28923545569
28930822708
28937781255
28945082905
28952275557
28959332896
28966490451
28973679048
28980813102
28987940592
28994854753
29002017540
29009460822
29016704484
29024076223
29031370774
29038438884
29045791575
29052919462
29059795971
29067039159
29074175553
29081681259
29089079161
29096238857
29103936777
29111193291
29118288758
29125509287
29132371781
29139498582
29146689414
29153794076
29160953496
29167816327
29175042348
29182361103
29189451521
29196591710
29203809041
29210799091
29218042876
29225002861
29232140663
29239356602
29246409260
29253554528
29261028746
29268042389
29275466790
29282630877
29289836214
29297157600
29304402808
29311616988
29319077436
29326057525
29333351938
29340561466
29347518835
29354901606
29361991411
29369117065
29376345657
29383336533
29390634832
29397951063
29405060988
29412362806
29419457217
29426906160
29434261374
29441357040
29448940194
29456315406
29463558411
29471081620
29478240199
29485354470
29492489258
29499721812
29507009738
29514134382
29521326789
29528542621
29535949703
29543058053
29550332973
29557436335
29564738046
29571931264
29578878336
29586065159
29593332797
29600228522
29607601852
29614429967
29621489219
29628567748
29635795208
29643227229
29650248981
29657633954
29665328615
29672603550
29679971311
29687267147
29694561039
29701821899
29708928994
29716058243
29723292435
29730591285
29737926120
29745515349
29752923915
29760363142
29767701052
29774859402
29782188882
29789292917
29796523713
29803981177
29810997926
29818054530
29825393971
29832206740
29839581523
29846609104
29853572241
29861094945
29868244038
29875248960
29882548605
29889383391
29896765488
29904067749
29911239471
29918312141
29925391512
29932778628
29940231977
29947513614
29955184376
29962585200
29969914818
29977119512
29984258981
29991454097
29998861577
30006013669
30013204776
30020268862
30027464605
30034617967
30041930878
30049126743
30056394473
30063456830
30070750968
30077954330
30084961194
30092290430
30099557394
30106397933
30113691856
30120697649
30127643038
30134819748
30141702912
30149140946
30156266324
30163333563
30170816563
30177804976
30185076867
30192352506
30199528421
30206894927
30214261755
30221378351
30229103948
30236186104
30243499947
30250797451
30257929301
30265135020
30272483900
30279535869
30286850937
30293954436
30300949030
30308100480
30315189490
30322471387
30329698556
30336353475
30343586504
30350647898
30357498442
30364615834
30371636606
30378700907
30385751009
30392677885
30400167082
30407432853
30414627158
30422069598
30429151861
30436145384
30443540364
30450899679
30458376024
30465625638
30472673476
30480036616
30487278076
30494355565
30501549059
30508400965
30515658979
30522981590
30530216638
30537713317
30545234185
30552373624
30559886658
30567119932
30574204903
30581587490
30588751470
30596084668
30603347242
30610544576
30618101919
30624814626
30631944671
30639245846
30646224757
30653409744
30660713582
30667714020
30675154686
30681863445
30689224459
30696256446
30703384884
30710685463
30717831022
30724734933
30732082589
30738960444
30746235212
30753223410
30760534148
30767997366
30775238856
30782119342
30789005566
30795920891
30803149988
30810518406
30817858459
30825333657
30832824154
30839854045
30847325769
30854983986
30862266755
30869321065
30876286589
30883372462
30890639320
30897382275
30904530771
30911377766
30918425022
30925858176
30932879468
30940096937
30947291976
30954337596
30961689460
30968805949
30975947361
30983484172
30990685301
30997659576
31004648111
31011575798
31018798255
31025858134
31033208637
31040597955
31047863803
31055048606
31062497962
31069746582
31076960455
31083999282
31091116184
31098414192
31105741255
31112873151
31120410482
31127292192
31134435823
31141464093
31148388781
31155729690
31162700217
31169565495
31176836958
31183819572
31191044829
31198301175
31205263134
31212521362
31219209543
31226223874
31233522295
31240705997
31247971202
31255551863
31262646733
31269903003
31277001361
31284249231
31291599887
31298678875
31305670929
31312884160
31320025787
31327177359
31334742949
31341804021
31349284161
31356200908
31363451915
31370699617
31377665997
31384869574
31392114736
31399115389
31406593539
31413753725
31420913283
31428231901
31434974580
31442213668
31449632332
31456694001
31464141842
31471332399
31478713317
31486183328
31493155645
31500298557
31507595663
31514855605
31522269908
31529507022
31536686333
31543822483
31551409692
31558654609
31566018851
31573070575
31580385979
31587561526
31594845366
31602221496
31609762729
31616967315
31624661700
31631783759
31639119481
31646296405
31653078498
31660405530
31667371528
31674424277
31681863122
31688784643
31696196713
31703445577
31710550851
31717907474
31724934305
31732093236
31739580597
31746513165
31753780619
31760818236
31768006972
31775260671
31782552468
31789585036
31797130981
31804099458
31811423614
31818668148
31825804803
31833027045
31840319255
31847433831
31854961355
31862125519
31869280441
31876545417
31883569387
31890760938
31898065892
31905069804
31912630987
31919864995
31927066017
31934592974
31941702609
31948914432
31956282392
31963409316
31970690739
31977711373
31985091542
31992184882
31999141165
32006172923
32013345119
32020270526
32027626567
32034649405
32041555611
32048658422
32055419492
32062371414
32069650787
32076539244
32083739945
32090682993
32097569033
32104875334
32111795861
32118695610
32125967501
32133091548
32140405208
32147660422
32154734974
32162032952
32169177608
32176657105
32183933647
32190605074
32197876093
32205080833
32212159485
32219573192
32226576705
32233778691
32241053076
32247979156
32255089602
32261886780
32268994471
32276119437
32283059991
32290162496
32297110639
32304137286
32311300624
32318641809
32325726611
32332911476
32340202905
32347022742
32354287060
32361205154
32368516045
32375963442
32382887748
32390262822
32397662422
32404519010
32412053985
32419225049
32426345776
32433831837
32440971551
32448227591
32455219293
32462437451
32470019840
32477116164
32484051455
32491383261
32498433807
32505333694
32512477677
32519310978
32526511173
32533496893
32540623893
32547713730
32554552815
32561600224
32568767295
32575674954
32582926481
32589959355
32597081857
32604109193
32611013578
32617905769
32625270623
32632242879
32639496701
32646486200
32653524965
32660824549
32667824743
32674958995
32682523881
32689634235
32697195724
32704682458
32712017645
32719215438
32726415511
32733832982
32741125482
32748192812
32756061281
32763668778
32771002022
32778490148
32785554234
32792576506
32799604806
32806525409
32813899886
32821138071
32828297814
32835376435
32842385579
32849288694
32856383121
32863433850
32870352526
32877741554
32884804600
32892354155
32899864849
32906955986
32914363863
32921468709
32928582276
32935964418
32943197815
32950729959
32958202418
32965389822
32973062390
32980393935
32987829032
32995239923
33002439644
33010056397
33017406533
33024835922
33032180565
33039358942
33046403169
33053587758
33060687815
33067798949
33075169464
33082144076
33089581437
33096783009
33103754469
33111011994
33118140723
33125133236
33132161367
33139251801
33146683531
33153982013
33161087670
33168510159
33175556375
33182992848
33190320768
33197319263
33204587911
33211582841
33218679746
33225869997
33233093463
33240175787
33247629320
33254786935
33262170884
33269305564
33276571305
33283981462
33290987087
33298261809
33305759635
33313085107
33320453005
33327910700
33335056289
33342439656
33349780183
33356788073
33364190182
33371124892
33378202871
33385485349
33392364627
33399549063
33406882338
33413993778
33421272371
33428352614
33435473372
33442956173
33450030878
33457455188
33464622060
33471882797
33479184936
33486244127
33493500243
33500969841
33508212004
33515421150
33522874010
33530134472
33537638984
33544794580
33552089956
33559343824
33566715135
33574116173
33581525963
33588457200
33595494373
33602617870
33609605074
33616917678
33624006948
33631282818
33638597273
33645523660
33652835071
33660162348
33667310676
33674545863
33681835532
33689082255
33696578689
33703511302
33710943721
33718275420
33725448733
33732902832
33740145837
33747325209
33754529152
33761752787
33769299160
33776414334
33783534418
33790961405
33798252375
33805336474
33812500179
33819406293
33826772708
33833966064
33841116442
33848544531
33855944774
33863138023
33870529591
33877636089
33884990768
33892209630
33899385222
33906563982
33913844763
33920911588
33928096927
33935137054
33942490509
33949786605
33956899284
33964079329
33971214959
33978528389
33986133820
33993343180
34000525153
34007641275
34014702730
34021903231
34028882158
34035665122
34042930817
34049935524
34057203621
34064555026
34071823949
34078861245
34086403013
34093548893
34100712001
34107876609
34115261322
34122634239
34129777595
34136947909
34144099007
34151067025
34158371291
34165388513
34172217286
34179259922
34186171161
34193376558
34200688153
34207428339
34214740071
34221885354
34228946151
34236072738
34243071999
34250219883
34257419497
34264418023
34271498756
34278477714
34285810300
34292860861
34300027167
34306981721
34314061230
34321327245
34328776785
34335777591
34343055433
34350223682
34357543569
34364711268
34371948412
34378809820
34385969302
34393020429
34400051896
34407478960
34414553970
34421637213
34428752982
34435708317
34442899531
34449958293
34456586850
34463742552
34470842227
34477919119
34485373861
34492306949
34499476452
34506643140
34513612382
34520908616
34528036870
34534931540
34542292783
34549403550
34556395986
34563654934
34570968701
34578260926
34585569139
34592857202
34600530168
34607701599
34615076566
34622335743
34629480782
34636513916
34643705207
34650632175
34658062436
34665067648
34672164293
34679266033
34686114772
34693151778
34700340651
34707200161
34714408374
34721517672
34728706285
34735942802
34742963697
34750203626
34757480046
34764510228
34771756813
34778663768
34785731817
34792838484
34800003963
34807118571
34814513688
34821436448
34828851670
34836173684
34843551451
34850963276
34858392650
34865743718
34873125555
34880148898
34887071582
34894164952
34900815097
34907827103
34914796253
34921961136
34929299842
34936241161
34943505525
34950683994
34957558391
34964545748
34971614088
34978666378
34985816910
34992507141
34999630453
35006677266
35013819398
35021077963
35028094114
35035232268
35042470316
35049390842
35056374588
35063597015
35070802718
35078167908
35085371210
35092462959
35099705826
35106947713
35114323078
35121447676
35128791401
35136193663
35143554922
35150608512
35157910896
35165085464
35172682190
35179882018
35186880330
35194078306
35201330415
35208317404
35215478401
35222524816
35229603269
35236774548
35243820825
35250936426
35258074810
35265052742
35272474542
35279790421
35287031345
35294563061
35301728739
35308730738
35315538397
35322424621
35329572062
35336668186
35344083178
35351613976
35359008206
35366175445
35373339991
35380546919
35387466405
35394647705
35401743049
35409066149
35415963144
35422905749
35430166609
35437208403
35444291967
35450966561
35457934808
35465174799
35472422960
35479550786
35486819739
35493724645
35500985596
35508070843
35515158384
35522296752
35529265214
35536118175
35543480367
35550358344
35557637258
35564751544
35571966045
35579389284
35586483741
35593693024
35600925105
35608050223
35615279106
35622446360
35629259848
35636156246
35643325612
35650276050
35657358665
35664022305
35671048738
35678291727
35685454728
35692574415
35699715307
35706580310
35713905246
35720827701
35728013560
35735158981
35742088443
35749259584
35756438864
35763507449
35770919044
35777916790
35785053077
35792255047
35799402962
35806761405
35813995230
35821153932
35828494459
35835798740
35843095677
35850281751
35857559226
35864746891
35872075560
35879090916
35886346299
35893544796
35900471182
35907648014
35914722168
35921652410
35928824515
35935786030
35942992177
35950003968
35956765711
35963834112
35970696820
35977469840
35984460624
35991507452
35998553133
36005605928
36012732316
36019831225
36026922071
36033950417
36041132574
36048176189
36055371381
36062389017
36069545729
36076688718
36083736357
36090775382
36097946813
36104693960
36111750473
36118673555
36125750983
36132965637
36140315650
36147245295
36154652775
36161801807
36168650316
36175798874
36182949880
36189978333
36197200621
36204370477
36211773565
36218638094
36225719684
36232841222
36239788875
36246852671
36253878048
36260892226
36268179984
36275236282
36282353108
36289447244
36296318122
36303540502
36310720195
36317743354
36324863408
36331868070
36339200120
36346239161
36353395521
36360665118
36367994307
36374957980
36382192692
36389324772
36396399063
36403729247
36410918427
36417985986
36425433047
36432482139
36439746503
36446869632
36453766092
36460924273
36467821085
36474821432
36481954644
36488915027
36496158812
36502894820
36509848471
36517086549
36523890857
36530976425
36538104511
36545065659
36552241727
36559238432
36566265508
36573326351
36580437821
36587577842
36594617938
36601444645
36608753011
36615921642
36623024117
36630304928
36637642685
36644551645
36651978938
36659121957
36666416324
36673659788
36680654397
36688059016
36695134593
36702104691
36709345921
36716146511
36723270635
36730472146
36737406917
36744668526
36751925240
36758953432
36766303262
36773287467
36780402074
36787479517
36794593558
36801724491
36808509306
36815336748
36822676662
36829579365
36836506424
36843778086
36850842188
36857924068
36865098559
36871764203
36879016816
36886087528
36893186835
36900388377
36907212483
36914235458
36921572343
36928515392
36935644105
36942988365
36950222726
36957505204
36964613171
36971632153
36978977347
36986055448
36993688526
37001041079
37008168446
37015415123
37022367718
37029360339
37036556280
37043649483
37050590175
37057643903
37064722525
37072049679
37079053943
37086077500
37093070808
37099747407
37107030758
37114101806
37121059619
37128282902
37135265898
37142156207
37149285640
37156204820
37163456944
37170655395
37177734078
37184947002
37192366141
37199544029
37207028467
37214135623
37221369907
37228779406
37235593108
37242842616
37250164048
37257124936
37264404492
37271267292
37278651302
37285840527
37292959403
37300228356
37307210220
37314237250
37321496840
37328421360
37335468708
37342525879
37349565501
37356660846
37363769486
37370661003
37377697963
37384668918
37391513236
37398562022
37405471441
37412534839
37419662589
37426720678
37433954885
37440968038
37447929538
37455241698
37462423993
37469603824
37477057096
37484091027
37491467983
37498700629
37505885387
37513141733
37520294774
37527714004
37534969172
37542103180
37549374000
37556332027
37563297107
37570544380
37577487306
37584353931
37591589775
37598556217
37605632880
37612682814
37619760808
37626822340
37633969612
37641135612
37648298414
37655124876
37662329937
37669448186
37676327846
37683618847
37690858868
37697820230
37705022139
37711904875
37719312018
37726590641
37733717779
37741379529
37748791033
37755896949
37763342955
37770124710
37777236257
37784625071
37791800924
37799032989
37805866459
37812862139
37819903719
37826647179
37833805773
37840769997
37847826846
37854790121
37861925414
37869096998
37876088884
37882807282
37889955825
37897036389
37904059074
37911150471
37918418889
37925258356
37932579804
37939847763
37947091166
37954322435
37961309211
37968661687
37976122854
37982887627
37990517936
37997756458
38005001788
38012160092
38019437460
38026693684
38033874571
38040887693
38048226660
38055130769
38062043753
38069127225
38076048394
38083341797
38090402685
38097267489
38104364838
38111212338
38118522418
38125649341
38132571903
38139456780
38146261761
38153047648
38160017731
38167034832
38173756366
38181014166
38188106634
38195159689
38202653859
38209541047
38216653206
38223967784
38231199910
38238421296
38245304674
38252115378
38259339441
38266392144
38273963364
38281374547
38288349756
38295366902
38302339188
38309382283
38316710631
38323559125
38330516816
38337492499
38344424913
38351653628
38358768587
38365733392
38372966712
38379805184
38386890002
38393688879
38400545344
38407739328
38414732361
38421497654
38428766393
38435857836
38442903088
38450171047
38456992047
38464050549
38471518372
38478671719
38486069973
38493349009
38500679851
38507789011
38514597113
38521610159
38528656758
38535680115
38543346058
38550320395
38557458977
38564625160
38571493437
38578568448
38585642740
38592486185
38599615067
38606482044
38613477632
38620658304
38627725757
38634679423
38641870179
38648909066
38656000341
38663024999
38669950437
38677085010
38684153350
38691259435
38698349715
38705265514
38712615007
38719613579
38726312531
38733494336
38740761729
38748004029
38755332714
38762356791
38769887834
38777295635
38784524747
38792166286
38799372387
38806637225
38814165621
38821185153
38828477669
38835341509
38842687085
38849967758
38857213961
38864394327
38871746987
38878833595
38885928129
38892868790
38900012130
38907266472
38914470875
38921470702
38928801100
38935975132
38942956308
38950052877
38957234421
38964194973
38971433418
38978509897
38985969902
38993011681
39000300693
39007712089
39014700961
39022119044
39029389191
39036722129
39044103583
39050923711
39058278283
39065822836
39072959750
39080069064
39087292484
39094172879
39101584138
39108526452
39115604813
39122692033
39129526115
39136868768
39143943549
39150865407
39157995100
39164779992
39171830676
39179063154
39186275819
39193597007
39200851899
39207639974
39214766760
39221805816
39229041155
39236267819
39243233741
39250250703
39257578440
39264239509
39271619907
39278949097
39286160262
39293578391
39300765153
39308174775
39315731552
39322847704
39330288186
39337550698
39344597878
39351888313
39358944244
39365915292
39373012258
39380004694
39387098677
39394057928
39401025426
39408296613
39415311265
39422390560
39429527459
39436481125
39443605907
39450946679
39458292040
39465485152
39472611601
39479696128
39487201176
39494283990
39501428661
39508828522
39515838171
39523250455
39530453817
39537717278
39545349423
39552639108
39560116539
39567497336
39574575927
39581749286
39588872400
39596020667
39603266211
39610151532
39617324127
39624679265
39631576536
39638766725
39646033245
39652999274
39660088315
39667023652
39674178590
39681431478
39688606322
39695716415
39702867972
39709869466
39717157973
39724233091
39731261528
39738526534
39745724129
39752829525
39760087248
39766874053
39773948253
39780941990
39788103109
39795613588
39802564868
39809648661
39817012780
39824144478
39831210232
39838327241
39845595338
39853051854
39860235173
39867411715
39874400204
39881236519
39888404370
39895572910
39902630754
39909853609
39916930914
39923944037
39931287715
39938231804
39945436360
39952715717
39959755966
39967029831
39974268261
39981305940
39988634120
39995851221
40003108180
40010407320
40017204146
40024709332
40032044779
40039119193
40046752868
40053915685
40061357865
40068884379
40075975531
40083538780
40090523215
40097398194
40104542880
40111479686
40118432695
40125441732
40132350692
40139260600
40146322820
40153171100
40160247687
40167183590
40174208370
40181547933
40188429873
40195342735
40202435861
40209391378
40216786664
40223886109
40230885660
40238276508
40245122845
40252289136
40259642362
40266819408
40274309630
40281247752
40288369198
40295767467
40302703034
40310169449
40317476484
40324628515
40331853374
40338808234
40346024157
40353148449
40360252132
40367234593
40374409482
40381377592
40388694633
40395927571
40402961440
40409890733
40417096100
40423969273
40431209539
40438126899
40445367287
40452351569
40459336233
40466538478
40473577947
40480466053
40487903766
40494923390
40501900129
40509174529
40516086167
40523206833
40530287703
40537554561
40545145288
40552043293
40559327807
40566634383
40573730906
40581136289
40588376831
40595525235
40602843317
40609833474
40617032690
40624314756
40631355326
40638505139
40645556006
40652564094
40659689075
40666558194
40673625371
40680756639
40687657307
40694780665
40702041081
40708867100
40716096947
40723195611
40730389610
40737738460
40744578432
40751537132
40758660935
40765590702
40772945948
40779824966
40786777882
40794057714
40801386797
40808799769
40816210951
40823373631
40830840077
40838382457
40845706291
40853183707
40860331194
40867589300
40874788623
40881566982
40888955490
40896001063
40903165197
40910439123
40917547870
40924297908
40931491785
40938317161
40945379549
40952583936
40959455809
40966745020
40973838268
40980795912
40988312037
40995027697
41002226255
41009441368
41016322512
41023779090
41031034778
41038168541
41045789716
41052880042
41060221900
41067566282
41074690987
41082091781
41089609604
41096885703
41104415322
41111472478
41118711612
41125946798
41133151002
41140473093
41147641494
41154694152
41162095221
41169211220
41176632164
41183754436
41190859649
41197816376
41204943498
41211886393
41219246168
41226312733
41233301773
41240469838
41247331016
41254458337
41261903424
41268947927
41276121102
41283212469
41290587099
41298077291
41304973261
41312164200
41319414931
41326644089
41334178498
41341501812
41348944711
41356315792
41363581043
41370821233
41378092741
41385095949
41392484136
41399554311
41406852274
41414051842
41421300569
41428411106
41435453742
41442523107
41449686031
41456915664
41463886099
41471284062
41478315055
41485241288
41492619147
41499471925
41506712926
41513852319
41520572324
41528090988
41535115494
41542137199
41549493546
41556498606
41563957126
41571182735
41578344588
41585873443
41593207712
41600661030
41607957891
41615012415
41622384062
41629624236
41636827553
41644192988
41651523111
41658620062
41665798409
41672960354
41680063364
41687438652
41694520885
41701361469
41708526918
41715368848
41722596278
41729386280
41736225870
41743309861
41750490794
41757467120
41764783641
41771775863
41779269558
41786405876
41793706179
41801159743
41808303359
41815842082
41823116543
41830229330
41838007176
41845342195
41852635644
41860007016
41867112596
41874227815
41881684362
41888586513
41895878585
41903151042
41910413677
41917934529
41925436640
41932652992
41940104658
41947165837
41954507634
41961911549
41969179202
41976542970
41983626609
41990776269
41998270607
42005104826
42012442201
42019565437
42026515447
42033752271
42040818606
42047768080
42055129323
42062233572
42069559901
42076808582
42083891962
42091143228
42098227373
42105078423
42112325191
42119502390
42126784548
42134031117
42141363918
42148850330
42156274120
42163389308
42170503441
42177507842
42184444113
42191760129
42199170592
42206223402
42213245628
42220280476
42227481024
42234536909
42241508645
42248801329
42255739053
42262776242
42270065636
42276959770
42284200985
42290949784
42297917710
42305172618
42312051223
42318987172
42326080298
42332964364
42340420039
42347436053
42354650753
42361826835
42368978897
42376126154
42383438177
42390368541
42397489575
42404672909
42411786093
42419304192
42426522334
42433739253
42441048782
42448106641
42455274507
42462418200
42469517997
42477033969
42484434808
42491527812
42498781878
42505561125
42512625410
42519772866
42526744908
42534095242
42541170023
42548175495
42555768029
42562541538
42569799368
42577062859
42584275708
42591428840
42598524231
42605591377
42613023826
42620151744
42627458458
42634839591
42641998140
42649392202
42656680479
42663868511
42671330520
42678454644
42685663743
42692791554
42699901510
42707147254
42714662201
42721698533
42728717622
42735772529
42742631733
42749929007
42756670692
42763674726
42770965329
42777842954
42785246746
42792279544
42799504648
42806822546
42813699192
42820874571
42827873174
42834554577
42841619076
42848660259
42855760086
42863008797
42869939560
42877206784
42884456582
42891605630
42899035157
42906411455
42913568122
42920910454
42928129514
42935289027
42942772915
42949970203
42957369681
42964763314
42971818924
42978883057
42986158084
42993384948
43000601958
43007664988
43014877730
43021962945
43028949140
43036242864
43043167782
43050057035
43057471767
43064463561
43071764706
43079080462
43086057981
43093243580
43100395213
43107457158
43114886761
43121894972
43129003092
43136206255
43143373800
43150880485
43158146792
43165442750
43172811567
43179859251
43186997023
43194359337
43201892215
43209092793
43216264362
43223391072
43230917371
43237948700
43244737907
43251956141
43258848806
43266008992
43273133162
43280010787
43287373178
43294336758
43301395781
43308689612
43315482934
43322835105
43330035499
43337128533
43344301831
43351311465
43358341952
43365639195
43372752517
43379799039
43386904252
43393932843
43401397269
43408652728
43416041832
43423446007
43430626527
43437583360
43444784703
43451983261
43459047271
43466220064
43473153290
43480357402
43487573999
43494570582
43501740330
43508623647
43515933941
43523257868
43530070193
43537252824
43544471455
43551413371
43558463581
43565282179
43572464764
43579579738
43586384673
43593619064
43600695712
43607939772
43615303647
43622034606
43629488262
43636798540
43643858159
43651182805
43658394215
43665551723
43672533542
43679650689
43687050365
43694177182
43701375159
43708713681
43716095472
43723341338
43730634894
43737681079
43744667855
43751830718
43759210566
43766646213
43773931063
43780995961
43788565422
43795687403
43802864052
43809941832
43817056974
43824214452
43831384430
43838604485
43846087485
43853213200
43860376094
43867860364
43875083800
43882442060
43889709789
43896835489
43904314297
43911615840
43919015501
43926431993
43933755613
43941284208
43948850226
43955911359
43963435930
43970819924
43978148471
43985595869
43992812236
43999599209
44007041695
44014178518
44021405167
44028531432
44035774483
44043096023
44050293540
44057265062
44064768886
44071959855
44079461675
44086850228
44094162802
44101592849
44108831111
44116190579
44123738345
44130837009
44138272258
44145580135
44152852286
44160219711
44167503842
44174827707
44182439992
44189638489
44197125973
44204555943
44211707179
44218712850
44226211671
44233392129
44240608527
44247772186
44254826587
44262135719
44269334766
44276598013
44284261125
44291428946
44298645068
44305904214
44313058280
44320057128
44326889235
44334144756
44341547814
44348751849
44356308657
44363447545
44370927562
44378059948
44385052614
44392123784
44399171286
44406000976
44413147116
44420217858
44427403733
44434377259
44441399025
44448667489
44456117564
44463090463
44470499151
44477666115
44484532571
44491857477
44498948889
44506437612
44514267999
44521439017
44528844064
44536087451
44543143016
44550446960
44557573410
44564828180
44572186164
44579103554
44586633694
44593540405
44600722684
44607980499
44614980387
44621825224
44629092280
44636203231
44643438172
44650446674
44657627438
44664760849
44671897626
44679055547
44686641257
44693616894
44700920211
44708283290
44715475392
44722918643
44730058939
44737445029
44745082850
44752355965
44759266562
44766723675
44773997310
44781532453
44789140440
44796283474
44803766306
44811057093
44818180849
44825657133
44832611427
44839882063
44847070983
44854102205
44861517028
44868485658
44875574561
44882677494
44889621338
44896917480
44904162917
44911165222
44918388842
44925691945
44932808449
44940113343
44947260462
44954419225
44961847696
44968923487
44976405876
44983412802
44990521212
44997774789
45004896557
45012028101
45019658762
45026966562
45034443075
45041853416
45049083125
45056543374
45063629676
45070969836
45078372818
45085513266
45092997904
45100225670
45107505196
45114938716
45122138284
45129498839
45136885556
45143933379
45151642942
45158894469
45166325097
45173753477
45180864458
45187830272
45194949469
45202003856
45209198099
45216517436
45223492308
45230638005
45238112896
45245189146
45252434323
45259581871
45266874953
45274071384
45280958970
45287945776
45295271019
45302336421
45309756018
45316712561
45323883197
45331188503
45338105847
45345550598
45352741338
45359845464
45367337507
45374613651
45381968453
45389431151
45396586119
45403787416
45411301261
45418500967
45426055801
45433644769
45441008170
45448492501
45455739469
45463397823
45470969747
45478249884
45485918229
45493322190
45500816329
45508363513
45515436795
45522859743
45530298832
45537531509
45545098828
45552436769
45559554987
45566846753
45574029338
45581359507
45589008451
45596163251
45603506884
45610684160
45617872513
45625183358
45632285633
45639398205
45646650941
45653717231
45661111843
45668223819
45675482445
45682944714
45690125126
45697163218
45704485951
45711528969
45718975800
45726327206
45733443572
45740927996
45748215003
45755592587
45762965825
45769919859
45777419123
45784840281
45791838225
45798889904
45806156639
45813244302
45820601139
45827417626
45834724171
45841829797
45848696085
45855945455
45862998388
45870132870
45877638897
45884639779
45891997992
45899201141
45906301274
45913549144
45920825380
45928059649
45935543797
45942649576
45949979071
45957125457
45964453131
45971749105
45978791113
45985888370
45993304862
46000508056
46007716880
46014970090
46022205843
46029437250
46036935428
46044188883
46051697250
46058918193
46065932141
46073173356
46080173335
46087478595
46094930552
46101976233
46109550911
46116731048
46123979209
46131494569
46138511791
46145545048
46152850752
46159786548
46167156360
46174182349
46181434916
46188970839
46196028332
46203081616
46210420644
46217572369
46224701312
46231756081
46239066819
46246545856
46253847123
46261087038
46268409189
46275581538
46282594599
46289870866
46296815047
46304089386
46311486875
46318782557
46326170132
46333071503
46340230189
46347491508
46354513825
46361902042
46369131216
46376400537
46383746158
46390830120
46398284524
46405511739
46412525917
46419783855
46426932765
46434125417
46441417473
46448753303
46456000638
46463247789
46470498612
46477761966
46485274725
46492326739
46499780532
46507103342
46514407240
46521820167
46529049891
46536840988
46544438585
46551733059
46559201509
46566579858
46573801626
46580984777
46588073527
46595539484
46602817158
46609959183
46617519158
46624611641
46631745021
46638843548
46646181076
46653621129
46661096021
46668500502
46676094550
46683464499
46690904690
46698529399
46705957778
46713211738
46720508935
46727530717
46734636236
46741635496
46748730627
46755930929
46763136648
46770152784
46777560156
46784703313
46791790763
46798998134
46806193785
46813688903
46820914741
46828163958
46835718486
46842862836
46850045008
46857506099
46864540611
46871983693
46879162423
46886439256
46893957921
46900986021
46908302971
46915341721
46922407827
46929633282
46936625994
46943814669
46951059448
46958058785
46965273439
46972425225
46979427209
46986777390
46994075337
47001205979
47008509128
47015505007
47022726729
47029999110
47037110932
47044118730
47051334899
47058298189
47065666118
47072690685
47079972062
47087174016
47094410427
47101791422
47109316085
47116695474
47124048684
47131331652
47138649903
47145774317
47152911690
47160319216
47167582172
47174646840
47182007639
47188963310
47196079019
47203231432
47210368928
47217455490
47224360640
47231410697
47238783231
47245964103
47253240415
47260449760
47267493452
47274597517
47282009877
47289082532
47296360084
47303345421
47310236465
47317658985
47324811214
47331907875
47339181296
47346423581
47353913666
47361231074
47368390082
47375761423
47382931890
47390228384
47397755494
47404827506
47412305611
47419396947
47426225076
47433537742
47440496748
47447689645
47454995258
47462076036
47469144193
47476203919
47483389120
47490609159
47497838149
47505185087
47512374817
47519365464
47526560411
47533627955
47540936153
47548105290
47555314022
47562528462
47570048794
47577370043
47584503485
47591971614
47599275451
47606655375
47613951303
47620936962
47628500715
47635530974
47642698014
47649968390
47656890676
47663777436
47670876942
47677977672
47685503145
47692457133
47699660832
47707098208
47714057749
47721284888
47728538434
47735724860
47742773799
47749824253
47757068972
47764380000
47771441746
47778494097
47785873593
47792745053
47799615778
47806732619
47813900011
47821171076
47828479212
47835823136
47843188372
47850404112
47857709878
47864866805
47872268623
47879297382
47886433348
47893727654
47901268305
47908426333
47915813770
47922975715
47930076797
47936971757
47943914668
47951192679
47958177159
47965126695
47972204643
47979293607
47986483047
47993624368
48000800481
48007858218
48015145241
48022061284
48029087610
48036211948
48043331650
48050598630
48057846179
48065002310
48072392180
48079438732
48086646562
48094095536
48101092455
48108791798
48116651163
48123887390
48131231298
48138232823
48145495626
48152746999
48159727471
48167072298
48174071711
48181071767
48188503543
48195359289
48202516125
48209679692
48216612611
48223784303
48230663305
48237796548
48245014751
48251899032
48259049640
48266320353
48273582330
48280688216
48287791944
48294765333
48302145119
48309311792
48316747149
48324168674
48331412229
48338666938
48346052799
48352946444
48360497131
48368060059
48375318348
48382902757
48390234089
48397539839
48405053684
48412237662
48419685640
48427273813
48434715748
48442229165
48449259423
48456553959
48463891609
48471011954
48478266418
48485332784
48492446718
48499654563
48506931075
48514350718
48521511899
48528428157
48535763451
48542936871
48550194059
48557431464
48564596989
48571864826
48579340513
48586598833
48593748431
48600829990
48607813706
48615156237
48622476935
48629764172
48637135437
48644195040
48651578178
48658877793
48665688572
48672932128
48680267116
48687447008
48695275988
48702848753
48710416791
48717594159
48724930264
48732171004
48739347760
48746585180
48753912855
48760753669
48767896152
48774906628
48781875319
48788981740
48796099958
48803232910
48810478409
48817689666
48824867814
48832029560
48839187390
48846319531
48853637842
48860758936
48868254911
48875652660
48882636621
48889970568
48897055448
48904226221
48911807662
48918880332
48926387996
48933481229
48940758398
48948230184
48955354430
48962659078
48969910804
48977097413
48984644903
48991676400
48999119820
49006300278
49013359943
49020398631
49027691988
49034699955
49042016981
49049209404
49056297848
49063712105
49070701176
49077688716
49085038592
49092152893
49099195116
49106311712
49113477375
49120731273
49128003134
49135197561
49142567862
49149821056
49157217260
49164529879
49171603635
49179041853
49186353891
49193339121
49200713706
49207689435
49215225955
49222654671
49229861889
49237381334
49244694413
49251949551
49259439742
49266557287
49273811950
49281113707
49288283195
49295478785
49302555922
49309554678
49316702042
49323770046
49331027601
49338166550
49345516609
49352863271
49360083096
49367178135
49374576342
49381563149
49388700017
49395780811
49402869730
49410025647
49417308126
49424156757
49431592787
49438755436
49446134947
49453779424
49461018359
49468372212
49475876051
49483208224
49490830302
49497921653
49505086628
49512406698
49519575513
49526727881
49533645730
49540673770
49548072375
49555073120
49562331363
49569593707
49576804873
49584068150
49591573045
49598754773
49606103868
49613241915
49620314079
49627623823
49634830781
49641918613
49649292463
49656337103
49663876591
49671097549
49678532829
49685941456
49693129243
49700557683
49708229226
49715497797
49722867287
49729945266
49737124791
49744365072
49751284742
49758372084
49765389643
49772165554
49779404826
49786643975
49793665849
49800953897
49808100404
49815235575
49822505431
49829517298
49836713760
49843892826
49850908213
49858072851
49865341851
49872260189
49879612099
49886885597
49894259141
49901646547
49908815500
49915858365
49923222255
49930327621
49937860530
49945214797
49952314578
49959585536
49966433892
49973621205
49980802046
49987874394
49995290610
50002157893
50009595835
50016930823
50024011311
50031175934
50038217836
50045137307
50052589967
50059773271
50066995667
50074218720
50081468381
50088654607
50096019446
50103207600
50110806054
50118185642
50125494605
50132925142
50140616605
50147989904
50155730633
50163129468
50170590881
50178001711
50185083576
50192537139
50199534212
50206681592
50214207034
50221460458
50228820906
50236036661
50242894580
50250344364
50257396991
50264457804
50271824386
50278685671
50285891038
50292865467
50299898785
50307220829
50314428935
50321343142
50328625284
50335774255
50343010314
50350376376
50357778960
50365045404
50372238592
50379278031
50386558612
50393360151
50400500523
50407907574
50414884038
50422068000
50429301304
50436415636
50443841781
50450847147
50457986892
50465379163
50472483305
50479511834
50486887337
50493971803
50501325182
50508533716
50515839022
50523316989
50530465271
50537915071
50545640133
50552871402
50560464134
50567957784
50575331481
50582734263
50590129212
50597294707
50604903489
50611865188
50619087232
50626113481
50633337162
50640743433
50647889359
50655043089
50662384120
50669199062
50676388272
50683642231
50690659010
50697822929
50705012858
50712156810
50719529330
50726221335
50733601902
50740961600
50747921570
50755397441
50762513364
50769474084
50776745378
50783828850
50791309907
50798516819
50805527661
50813088141
50820199122
50827203340
50834572661
50841821832
50849287084
50856636898
50863762154
50871000492
50878287576
50885286225
50892557045
50899482437
50906582234
50913694530
50920715746
50927896174
50935081391
50942169636
50949463926
50956319321
50963336620
50970634261
50977619491
50984928729
50992261545
50999448460
51006775477
51013877982
51021125469
51028611178
51035752927
51043053246
51050323515
51057469962
51064903191
51072057624
51079391297
51086787011
51094198514
51101727354
51109272258
51116404276
51123797802
51131060514
51138155231
51145528530
51152734876
51159705587
51166923086
51173917772
51181076214
51188225292
51195283059
51202546183
51209555205
51216571173
51223974491
51230959002
51238237779
51245313309
51252310290
51259521807
51266609364
51273778072
51281168049
51288184277
51295563788
51302789427
51310301605
51317728592
51325002487
51332283528
51339662963
51346820915
51354042606
51361534588
51368790384
51376074010
51383525446
51390820089
51398308827
51405342053
51412652546
51419913146
51426863431
51434146873
51441233833
51448142304
51455397900
51462446090
51469552007
51476765544
51483588777
51490624651
51497783781
51504819180
51512281709
51519491115
51526787394
51534235710
51541458579
51548672637
51555777161
51562870593
51570411749
51577841046
51585102533
51592469621
51599647647
51607136354
51614579284
51621460841
51628536296
51635714321
51642735797
51650040033
51657332288
51664452923
51671329432
51678223979
51685501455
51692584727
51699432120
51706817415
51713677751
51720602913
51727880420
51734826834
51742148251
51749214755
51756240240
51763612636
51770757767
51777900159
51785366268
51792374693
51799563597
51806569192
51813730556
51821146129
51828455796
51835692405
51843089129
51850305741
51857384898
51864440570
51871558191
51878879685
51886194003
51893267850
51900720741
51907579119
51914697765
51921663564
51928494938
51935570912
51942665048
51949634014
51957038709
51963951770
51971022542
51978041218
51985071691
51992067096
51999117137
52006147686
52013236267
52020202862
52027575948
52034927429
52041733451
52048840469
52056112743
52063551817
52071106697
52078297375
52085671057
52093286066
52100539414
52107827110
52115284712
52122259003
52129395382
52136468802
52143696414
52151115507
52158122708
52165424358
52172746387
52179701201
52186916130
52194177051
52201102657
52208389236
52215458494
52222544108
52229893983
52236733588
52243776591
52250780977
52257747449
52264892672
52272043203
52279261055
52286611113
52293774788
52301105844
52308393081
52315787081
52323247943
52330563056
52337762884
52345036994
52352109082
52359625957
52366951276
52374118913
52381439595
52388896356
52396071230
52403496213
52410483310
52417486594
52424739345
52431727192
52439193133
52446426651
52453871402
52461354693
52468405377
52475369355
52482546861
52489616379
52497166898
52504388575
52511653122
52519278994
52526410110
52534017484
52541468339
52548521471
52555635925
52562685078
52569920984
52577423982
52584521697
52591669888
52598828620
52605815166
52613194372
52620298345
52627228251
52634203092
52641176037
52648158314
52655378124
52662482235
52669707966
52676905255
52684040349
52691380600
52698577001
52705525756
52712802298
52719809943
52727083578
52734415293
52741295856
52748835986
52756006683
52763234097
52770651889
52777617658
52784798529
52791809234
52798875539
52806229698
52813439961
52820786990
52828248754
52835741317
52843012841
52850448519
52857546755
52864658562
52871815979
52878820625
52886167516
52893515035
52900964544
52908327883
52915146390
52922355061
52929655701
52936724898
52944009732
52951065190
52958065230
52965518121
52972421572
52979525653
52986790368
52993702449
53000872733
53007825941
53014822401
53022110969
53029088473
53036240948
53043444968
53050519489
53057593811
53064539736
53071504663
53078627012
53085421497
53092740849
53099884098
53106800707
53114199787
53121164103
53128117953
53135295948
53142583552
53150088645
53157611518
53164897317
53172124317
53179324849
53186241245
53193410351
53200550096
53207383014
53214543843
53221719375
53228975002
53236212988
53243154078
53250382180
53257198147
53264163395
53271299040
53278356609
53285497455
53292666821
53299604881
53306810462
53313741714
53320835238
53328047551
53335210414
53342438379
53349651487
53356920395
53364227966
53371518048
53378784386
53385897080
53393133766
53400475945
53407773311
53414969758
53422092657
53429417012
53436655182
53444164514
53451229396
53458038661
53465661764
53472838672
53480161742
53487442063
53494628152
53502069582
53509401220
53516681281
53524106830
53531156229
53538414564
53545972152
53553101539
53560380606
53567262928
53574184036
53581133602
53588011549
53595341091
53602641378
53609924561
53617243408
53624468435
53631300099
53638373182
53645591538
53652815082
53660340922
53667321639
53674573839
53681848071
53688796627
53695913483
53703392567
53710516935
53717690509
53724600234
53731772996
53739193052
53746221643
53753766103
53760771851
53767766353
53774929308
53782001764
53789334931
53796789336
53804008029
53811430488
53818378891
53825596329
53833034608
53840088367
53847291041
53854370687
53861328454
53868564115
53875417413
53882372946
53889649075
53896702023
53903823699
53910949567
53917727574
53924816508
53931998481
53939228787
53946523215
53953651010
53960576188
53967826323
53974758691
53982179054
53989260796
53996084612
54003464016
54010392804
54017541087
54025076735
54032034838
54039154066
54046262323
54053301899
54060392455
54067415292
54074539722
54081940286
54089109667
54096550027
54103955028
54111135654
54118670262
54126088115
54133288188
54140607540
54147698707
54155027744
54162448244
54169786996
54177081699
54184273296
54191541974
54199022679
54206105707
54213237649
54220356954
54227423396
54234689642
54241526921
54248449681
54255689091
54262772409
54269862184
54277061156
54283895161
54291078419
54298295934
54305339977
54312826420
54319941915
54327122052
54334290959
54341334589
54348491103
54355942784
54362970625
54370275090
54377535980
54384864940
54392060729
54399353750
54406656225
54414060217
54421362249
54428881878
54436413532
54443666421
54451153583
54458467074
54465791322
54473414868
54480746032
54488130301
54495426504
54502348928
54509617514
54516842679
54524031690
54531274664
54538074244
54545480515
54552562855
54559677385
54566929386
54573870966
54580876163
54588071829
54594894864
54602119402
54609105045
54616071487
54623432409
54630399325
54637422821
54644534873
54651404879
54658194361
54665317995
54672586290
54680066843
54687458457
54694663502
54702196243
54709286263
54716298467
54723518613
54730639539
54738088390
54745666113
54752903732
54760449876
54767655105
54774858528
54782159979
54789203778
54796463980
54803697208
54810565087
54818093850
54825155825
54832079473
54839212149
54846215632
54853125311
54860334488
54867409605
54874686882
54881651182
54889001975
54896248361
54903404324
54910583406
54917845321
54924865619
54932007996
54939230100
54946318896
54953659485
54960644914
54967750295
54975052725
54981791533
54989109738
54996396133
55003539596
55010710002
55017771931
55025021240
55032328933
55039360017
55046854906
55053983711
55061209197
55068605095
55075759681
55082975467
55090445600
55097535758
55104874632
55112309300
55119513749
55126865322
55133935988
55141086015
55148271445
55155256416
55162385772
55169442912
55176526001
55183905344
55191130509
55198049919
55205367435
55212495169
55219492471
55226286222
55233318316
55240570883
55247863797
55254943795
55262232011
55269284929
55276347470
55283700818
55290741236
55298056977
55305341827
55312368076
55319952057
55327404916
55334714415
55342006380
55349347396
55356796721
55363907947
55370699112
55377947380
55385107168
55392242201
55399392181
55406502076
55413634446
55420837227
55427570681
55434720769
55441818255
55448910417
55456227198
55463353342
55470391694
55477556821
55484491715
55491678936
55498828090
55506011272
55513171473
55520252573
55527448392
55535009561
55542068766
55549294268
55556589170
55563744215
55571182234
55578543263
55585885274
55593386910
55600705741
55608340548
55615558583
55622747304
55630015706
55637193043
55644332130
55651814718
55659015739
55666473311
55673695355
55680865317
55688124479
55695330320
55702244971
55709508004
55716586396
55723667695
55730891437
55737907420
55745280352
55752496796
55759527590
55767018516
55774131608
55781422380
55788798907
55795717093
55803106702
55810090433
55817084997
55824522939
55831819570
55839201835
55846789442
55853908685
55861304154
55868697512
55875986294
55883050778
55890111330
55897368059
55904253962
55911319884
55918637752
55925877177
55932917885
55940045130
55947129443
55954287180
55961589549
55968913323
55975868458
55983319818
55990339290
55997595437
56004580728
56011449097
56018444915
56025636787
56032910805
56040147996
56047201801
56054960125
56062289743
56069460990
56076836371
56083953319
56091147165
56098620144
56105774699
56113276794
56120651180
56127807097
56135132783
56142206891
56149052463
56156117681
56163000386
56170074020
56177396064
56184590232
56191902622
56199171958
56206220836
56213355823
56220280679
56227464626
56234450422
56241406521
56248591340
56255765862
56262906158
56270167813
56277249831
56284449614
56291721321
56298947557
56306418532
56313746298
56321040941
56328388368
56335372236
56342538389
56349755782
56356885306
56364339145
56371729412
56378596068
56385880658
56392779887
56399933371
56407133673
56414263458
56421634356
56428720857
56435823729
56443078621
56450063286
56457124832
56464465405
56471425620
56478379577
56485810037
56492821262
56500176951
56507237152
56514322215
56521556758
56528713089
56536057471
56543331106
56550266795
56557650759
56564868978
56571853137
56579262881
56586327228
56593729842
56600938146
56608165377
56615559943
56622985798
56630449337
56637556049
56644787120
56652021817
56659113749
56665923993
56673230034
56680402613
56687682338
56694828463
56701883186
56708858853
56716073400
56723052572
56730177430
56737333775
56744349055
56751639964
56758684772
56765539310
56773411160
56780716788
56788067718
56795377982
56802345219
56809848263
56817165381
56824448869
56832034671
56839113430
56846378803
56853731708
56860841633
56868275169
56875377352
56882461451
56889774254
56896769062
56904050057
56911376171
56918520690
56925815439
56932827506
56939783467
56947161510
56954156823
56961303361
56968469514
56975388571
56982568142
56989946705
56996968181
57004449024
57011768636
57018954556
57026180180
57033197372
57040483171
57047828166
57054857261
57062267877
57069373656
57076521724
57083907050
57090728662
57097889766
57105156424
57112146061
57119549715
57126723258
57134183293
57141294672
57148353878
57155403934
57162513492
57169493643
57176728631
57183782573
57190915709
57198142526
57205300723
57212231133
57219322469
57225947048
57233221356
57240307995
57247223503
57254260478
57261297499
57268251027
57275392501
57282494088
57289701138
57296685282
57303653177
57311037646
57318163529
57325347889
57332786810
57339890462
57347509097
57354855530
57362041450
57369597309
57376684606
57383850147
57391426523
57398919591
57406447727
57413807562
57421123670
57428347106
57435494149
57442620629
57449916832
57456962559
57464125177
57471482106
57478614950
57485820822
57493184834
57500154627
57507421561
57514536780
57521468307
57528590212
57535558781
57542679936
57550108561
57557132163
57564558523
57571701114
57578990325
57586269652
57593335896
57600763969
57607990327
57615035641
57622668642
57629839554
57637230769
57644716279
57651816259
57659101171
57666301580
57673198040
57680343232
57687387887
57694686140
57701894904
57708995022
57716049974
57723134654
57730137281
57737370203
57744368989
57751470882
57758632842
57765746072
57772800137
57780096417
57787170570
57794449974
57801653658
57808645543
57816120159
57823485396
57830594128
57837964046
57844903759
57852473847
57859645033
57866671757
57874043710
57881254707
57888655042
57895776657
57902929208
57910503381
57917905230
57925121292
57932283788
57939463955
57946535401
57953682505
57960817584
57968010405
57975174339
57982277150
57989540932
57996780157
58003806132
58011069562
58018066435
58025186872
58032220634
58039308053
58046600262
58053856578
58060950331
58068241974
58075285498
58082351405
58089719426
58096835670
58104262076
58111671835
58118924601
58126445010
58133649566
58141157016
58148795602
58156067004
58163336676
58170504099
58177310977
58184562489
58191395851
58198418169
58205692676
58212968255
58220073315
58227184188
58234204226
58241400153
58248403789
58255515734
58262887029
58269813094
58276659294
58283921377
58290898988
58298222226
58305149271
58312090636
58319386303
58326302454
58333318315
58340838402
58347955855
58355284861
58362732473
58369996944
58377209165
58384080119
58391293014
58398911281
58405910236
58413300977
58420668203
58427963227
58435275113
58442402526
58449505551
58456657918
58463689691
58470729298
58477745771
58484753492
58492004223
58499183014
58506240735
58513537122
58520662745
58527898452
58534974518
58541975844
58549373914
58556598084
58563543382
58570910928
58577972858
58585304740
58592506144
58599165622
58606074597
58613067049
58620342168
58627649862
58634704248
58641965689
58649123840
58656147657
58663241609
58670389050
58677496007
58684567315
58691618856
58698692183
58705755551
58712847988
58720089830
58727320380
58734513293
58741865096
58749191715
58756514540
58763773793
58771033766
58778491735
58785847822
58792960456
58800347005
58807503152
58814588872
58821786696
58829063881
58836395901
58843959808
58851097992
58858735661
58866188490
58873377914
58880730482
58887854835
58894993708
58902247851
58909328339
58916559104
58923549689
58930805041
58938034413
58945209853
58952403607
58959495188
58966331228
58973669337
58980825744
58987955207
58995225507
59002597736
59009682278
59016919117
59023854821
59031052033
59038202672
59045190824
59052530739
59059774998
59066901922
59074284463
59081755912
59089078385
59096714661
59103940208
59111354297
59118683915
59125750021
59132981597
59140175427
59147591735
59154653098
59161651303
59169023455
59176043172
59183045201
59190319494
59197202689
59204316057
59211346912
59218516400
59225835752
59233210183
59240158510
59247490132
59254617132
59261721519
59268824085
59275959363
59283014652
59290290352
59297518302
59304701560
59311698571
59318487549
59325618328
59332613166
59339777529
59347173274
59354267807
59361657126
59368749533
59375750231
59382940772
59390313536
59397575436
59404849439
59411890499
59419500030
59426723038
59434261440
59441860460
59449254476
59456551520
59463814797
59471036168
59478394963
59485714973
59492680129
59499927739
59507131836
59514364100
59521615551
59528509057
59535610598
59542703632
59549604300
59557040084
59564261271
59571210531
59578440684
59585524614
59592601201
59599751258
59606607142
59613849168
59620959491
59628092030
59635640805
59642622409
59649900971
59657295231
59664502771
59671685616
59678701630
59685630724
59693244387
59700531930
59707921646
59715412297
59722680470
59730107748
59737375906
59744344597
59751600316
59758402160
59765411763
59772560015
59779702040
59786870886
59794043724
59801003419
59808319726
59815318573
59822379799
59829584676
59836307129
59843362632
59850548124
59857321709
59864476433
59871418670
59878613281
59885799477
59892673476
59899985132
59907385405
59914676835
59922364855
59929530136
59936904353
59944223445
59951470167
59958778212
59966274447
59973452825
59980728847
59988240107
59995702590
60003196193
60010701149
60018303857
60025752937
60033100579
60040909209
60048558215
60055561086
60063305227
60070751339
60078030253
60085532103
60092548300
60100038324
60107281114
60114365198
60121581045
60128791950
60135772162
60143284125
60150194921
60157628763
60164927827
60172058208
60179198871
60186551990
60193863783
60201473820
60208674964
60216069500
60223310087
60230697156
60238369571
60245910360
60253291064
60260691735
60268060399
60275518506
60282944667
60290264233
60297854931
60305487152
60313004118
60320534580
60327617363
60334918676
60342531512
60349666912
60356999131
60364223148
60371361149
60378911577
60385997282
60393077112
60400508307
60407645696
60415091012
60422492234
60429658035
60437193438
60444256653
60451585460
60458909692
60466107531
60473338525
60480493555
60487658928
60494941177
60501942212
60509261120
60516800486
60524082689
60531220919
60538717200
60545756577
60553038566
60560366715
60567360728
60574633552
60581907157
60589084448
60596441423
60603649849
60611018758
60618104509
60625034598
60632288588
60639563295
60646783747
60654209786
60661042184
60668649237
60675710218
60682763931
60690175526
60697223028
60704512009
60711905489
60719087707
60726297189
60733237162
60740471277
60747608223
60754856215
60761977156
60769281713
60776035393
60783387181
60790580736
60797792085
60805222193
60812632182
60819787717
60827321498
60834628533
60841804493
60849104720
60856507564
60863937978
60871365486
60878595470
60886269093
60893451250
60900740063
60908229443
60915246421
60922531531
60929812067
60937104307
60944759815
60951942507
60959084302
60966461259
60973670481
60981005224
60988258740
60995231241
61002680581
61009811881
61017026443
61024184808
61031387313
61038629293
61045888761
61053124513
61060227309
61067386041
61074585747
61081898611
61089108690
61096194457
61103397911
61111137661
61118621946
61125841129
61133006119
61140469933
61147826831
61155137171
61162709233
61170036219
61177646195
61185088237
61192490362
61199988326
61207047639
61213982914
61221485774
61228506133
61235889944
61243116853
61250453815
61257752236
61264820959
61271864712
61279065702
61285883658
61293199980
61300418107
61307639325
61314811919
61321992102
61329229353
61336654443
61343771942
61351126239
61358526773
61365730059
61373033911
61380346317
61387354604
61394868373
61401998066
61409547346
61416922007
61423797888
61430988016
61438413963
61445534920
61453202163
61460483096
61468085743
61475695213
61483036168
61490566874
61498015021
61505042373
61512489005
61519701593
61526943160
61534220452
61541211343
61548462503
61555970794
61563005765
61570026047
61577067245
61584238416
61591375912
61598637216
61605709335
61613116065
61620172379
61627537906
61634666910
61641579450
61648865203
61655859981
61663118148
61670546252
61677410673
61684951171
61692094450
61699366127
61706984135
61714367777
61721660997
61729309681
61736697439
61744234815
61751560792
61758806841
61766322921
61773737086
61780899506
61788091011
61795158785
61802728613
61809904619
61816857979
61824085592
61831333217
61838504235
61845838581
61852883787
61860058386
61867189379
61874236391
61881366971
61888393297
61895430808
61902781677
61909860620
61917015160
61924443540
61931396900
61938635544
61945805522
61952910184
61960338778
61967367537
61974658782
61981951711
61989112830
61996125218
62003408110
62010582341
62018001418
62025180836
62032550953
62039994984
62047383309
62054736611
62062132906
62069363181
62076486265
62083689260
62091133613
62098230258
62105656663
62113033665
62120430282
62127330536
62134724169
62142044715
62149102161
62156365622
62163405580
62170421778
62177761310
62184697228
62191928192
62199098919
62206056350
62213417639
62220638596
62227722465
62235120582
62242130292
62249528821
62256647223
62263953416
62271459428
62278891556
62286150763
62293614991
62300710840
62307926565
62315239995
62322462743
62330004251
62337560538
62344948725
62352408438
62359776796
62367134918
62374585406
62381683795
62389008869
62396219438
62403080845
62410425885
62417345555
62424524866
62431663219
62438695160
62446010564
62453041542
62459969932
62467367742
62474278003
62481420563
62488657142
62495533650
62502841573
62509828241
62516828343
62524116131
62531397569
62538612407
62545657506
62553094362
62560453799
62567698885
62574938569
62582366230
62589721934
62597155118
62604794622
62611995032
62619235619
62626525518
62633692283
62640879840
62647881013
62654933105
62662237386
62669129883
62676150747
62683414927
62690183127
62697475673
62704595023
62711611939
62718989982
62725911870
62733014069
62740304626
62747205125
62754260628
62761356034
62768322843
62775696525
62783050302
62790295754
62797508878
62804683262
62812054068
62819292069
62826314096
62833365560
62840545345
62847720632
62855060211
62861881364
62868879568
62876054320
62882945470
62889863029
62897048016
62903978809
62911149919
62918151199
62925408417
62932661658
62939737479
62947067480
62954312917
62961278364
62968576082
62975691561
62983140657
62990450354
62997651223
63005253104
63012555014
63019725986
63027033450
63034085128
63041232722
63048337721
63055427832
63062575350
63069775484
63076705344
63084105525
63091469385
63098731790
63106225347
63113319911
63120608066
63127851270
63134768369
63142222223
63149480145
63156632513
63163570329
63170851017
63178200143
63185636907
63193044310
63200661399
63207850625
63215118538
63222545831
63229724423
63236903779
63244113323
63251125328
63258411204
63265412132
63272405853
63279704856
63286699741
63293932663
63301266565
63308202376
63315430769
63322663416
63329814911
63336923398
63343792532
63350739451
63357744250
63364811611
63372067713
63379211436
63386325553
63393767106
63401187759
63408297455
63415794225
63422932211
63430224588
63437673271
63444957800
63452333456
63459736590
63466902575
63474274329
63481113215
63488312217
63495453690
63502381989
63509633027
63516695920
63523826515
63531362989
63538534268
63545937203
63553481572
63560502375
63567819738
63575159193
63582231129
63589516209
63596605326
63603732647
63610951172
63618060057
63625187868
63632384865
63639338700
63646734032
63653749097
63660735475
63667957396
63674950292
63682023987
63689187875
63696277145
63703592901
63710769611
63718039850
63725569546
63732762596
63740174804
63747638021
63754615112
63762221369
63769565170
63777053908
63784576184
63791766235
63799083430
63806404403
63813509417
63820748107
63827914306
63835161442
63842411515
63849721488
63856824207
63864077401
63870798416
63877881536
63885070072
63892246338
63899614956
63906751381
63913880493
63921086318
63928162721
63935470277
63942569477
63949727276
63957231788
63964517051
63971600309
63979119157
63986188797
63993515233
64000663515
64007683186
64014967899
64022125376
64029124728
64036591083
64043693955
64050925714
64058063806
64065249635
64072577891
64079957663
64087052395
64094439862
64101618316
64109017320
64116410785
64123608379
64130898753
64138399379
64145614981
64152990055
64160294979
64167434892
64175036682
64182505163
64189768914
64197321821
64204511015
64212134852
64219353836
64226685351
64234063669
64241111629
64248368129
64255398356
64262469955
64269738388
64276726082
64284096903
64291379137
64298459732
64305565863
64312870955
64319755542
64327366236
64334551376
64341856224
64349352979
64356771291
64363941513
64371259641
64378133824
64385749674
64392774945
64400101992
64407684734
64415048792
64422413875
64430055231
64437196215
64444638349
64451923092
64458921450
64466313446
64473583761
64480940797
64488448568
64495698642
64503169647
64510526682
64517624062
64524895540
64531955128
64539157404
64546668572
64553734219
64561079520
64568252190
64575406134
64582755963
64589874257
64597055741
64604665746
64611781272
64619046874
64626515784
64633887278
64641203707
64648720398
64656060986
64663578106
64670705259
64677991563
64685551935
64692745842
64700164598
64707584777
64714852919
64722451052
64729678007
64736874347
64744081519
64751066780
64758547042
64765984907
64773028431
64780583295
64787607678
64794811974
64802013179
64809287151
64816655019
64824112897
64831401863
64838805762
64846229949
64853578907
64860981796
64868405081
64875710862
64883125425
64890377289
64897517538
64904942720
64911980430
64919208073
64926382687
64933670520
64940999588
64948107463
64955519119
64962753021
64969989752
64977283140
64984502200
64991651003
64998986419
65005872536
65013327033
65020585674
65027756876
65035139126
65042529867
65049784225
65057267914
65064600225
65072093736
65079531158
65086899011
65094466896
65101851991
65109181671
65116587437
65123834419
65131079490
65138254623
65145303670
65152705519
65159902395
65167056782
65174347538
65181472059
65188697117
65196109539
65203347969
65210520915
65217533501
65224339553
65231665086
65238311513
65245495858
65252805387
65259731574
65266919744
65274096683
65281073529
65288606102
65295769623
65303122160
65310778005
65318042827
65325294905
65332243125
65339390305
65346744771
65353954528
65361066014
65368221855
65375221727
65382243723
65389347039
65396415838
65403701040
65410843080
65418024472
65425306048
65432581840
65439685737
65447022562
65454208360
65461913654
65469407227
65476557590
65483887101
65491132232
65498522622
65505625938
65512506225
65520183092
65527786901
65534905486
65542121900
65549269310
65556666493
65564142975
65571184984
65578521120
65585817338
65593129988
65600574785
65607678850
65614916852
65622262397
65629303533
65636481789
65643725191
65651056905
65658366618
65665653778
65672621261
65679926383
65686948349
65694239610
65701679877
65708837202
3493403
10930457
18161559
26056710
33337384
40558173
47695256
54813305
62239436
69471424
76463830
83935188
91209251
98317585
105427878
112379081
119481907
126412302
133483626
140893829
148109033
155247095
162457756
169520649
176612367
183936554
191093006
198476174
205581969
212769052
220139460
227478242
234683288
242166212
249302086
257008925
264272937
271504405
278904602
286215034
293332869
300444065
307607861
314822561
321943885
329099266
336381531
343325543
350483388
357688097
364696767
371979750
379012303
386137926
393390647
400535073
407626822
414679403
421801477
429094696
436140973
443518037
451009146
458485782
465978727
473655456
480955010
488150386
495340299
502680245
510206300
517830856
524919682
532266192
539284623
546607463
554066917
560855313
568121910
575471127
582600912
590020448
597004317
604272643
611549445
618520003
625714384
632865528
639944424
647384141
654590548
662053368
669500582
676741475
683965722
691561224
699000374
706411924
713747907
721022184
728766876
736279299
743528362
750774610
758000632
765311645
772629161
779899400
787310352
794437200
802095936
809584567
816709042
824170485
831539623
838810963
846362799
853571501
861195185
868725982
875962163
883198375
890271029
897388146
904829163
912037253
919102441
926246133
933343895
940660661
948136547
955446597
962760425
969754514
976781483
984208623
991421242
998647921
1005949571
1013252200
1020787909
1028169241
1035447084
1043025954
1050135175
1057445439
1064828699
1071877914
1079464036
1086627022
1093859469
1101414349
1108388365
1115713179
1122831779
1129928837
1137124687
1144113589
1150984896
1158241043
1165141726
1172362714
1179687451
1186924611
1194189372
1201330755
1208330015
1215808563
1222762092
1229954652
1237151619
1244424811
1251556692
1258889982
1265876788
1273251097
1280524396
1287735378
1295154853
1302239931
1309610323
1317244320
1324422636
1331805238
1338954300
1346235876
1353792883
1360737752
1367997495
1375206671
1381998051
1389275496
1396415577
1403438415
1410541776
1417713896
1424879070
1431960966
1438915106
1446129148
1453348973
1460433133
1467849349
1475153416
1482174709
1489541414
1496776004
1504151782
1511327222
1518384790
1525845101
1533177779
1540319023
1547753829
1554759255
1562061119
1569215307
1576102725
1583316552
1590411086
1597419189
1604605538
1611529752
1618840582
1625968408
1633062284
1640440724
1647451597
1654371772
1661383027
1668296960
1675620534
1682926330
1690207049
1697409800
1704708772
1711812042
1718962435
1726145143
1733254609
1740489719
1748041218
1755347182
1762922334
1770061727
1777533023
1784657988
1791566474
1798851309
1805827558
1812956562
1820266107
1827130528
1834493424
1841621541
1848780227
1856116807
1863142414
1870152797
1877323815
1884289844
1891434011
1898471169
1905670340
1912887793
1919980873
1926991823
1934066788
1941386002
1948613309
1955620800
1962910011
1970594100
1978047097
1985505755
1992670408
1999758210
2007078954
2014333801
2021557007
2028816490
2035967557
2043037733
2050518714
2057563461
2064795174
2072031600
2079060298
2086380139
2093528024
2100630942
2108107470
2115049600
2122290279
2129617801
2136587900
2143732572
2150969716
2158130514
2165554610
2172530614
2179852628
2187161928
2194483896
2201996930
2209259457
2216466614
2223755840
2231081190
2238323598
2245513113
2252620315
2259930196
2267219269
2274255280
2281506746
2288784543
2295743931
2302930265
2309930673
2317135473
2324436588
2331386307
2338766460
2345857628
2352865441
2360119783
2367069288
2374232121
2381336033
2388443893
2396037987
2403176951
2410452270
2417938529
2425123424
2432529190
2439719425
2446869942
2454184413
2461316508
2468811151
2476328623
2483671108
2490880162
2498169740
2505290421
2512469640
2519587521
2526683264
2534152770
2541506485
2548510902
2555952240
2563005081
2570154526
2577419196
2584403982
2591614398
2598714975
2605738027
2613119053
2620057343
2627371386
2634474946
2641442872
2648756823
2655840524
2662871394
2670230480
2677416507
2684741275
2692072469
2699354688
2706749484
2714074818
2721336030
2728884239
2736193018
2743702686
2751083712
2758162319
2765319460
2772529218
2779703097
2787040288
2794015451
2801191901
2808425986
2815445718
2822414240
2829546427
2836566128
2843822781
2850964897
2858211819
2865402666
2872320652
2879527534
2886857029
2893812057
2901082266
2908323878
2915540888
2922855191
2929934654
2937274844
2944372040
2951468975
2959113727
2966375949
2973912668
2981386473
2988684665
2995923278
3003146821
3010011396
3017323633
3024439632
3031460741
3038559084
3045637660
3052748687
3059785555
3066692816
3073981920
3081248594
3088165923
3095403679
3102580404
3109909946
3117234362
3124141042
3131497573
3138810223
3145934928
3153079646
3160099056
3167330341
3174600993
3181528007
3188792783
3195872124
3202878285
3210116148
3217195673
3224145851
3231325269
3238339248
3245457618
3252708441
3259698660
3266684379
3273808075
3280748904
3288041558
3295091721
3302209878
3309339096
3316541816
3323666537
3330795006
3338026688
3345650984
3352816020
3360078869
3367465954
3374618857
3381886510
3389353017
3396600826
3404159837
3411133470
3418495218
3425720918
3432695790
3439792710
3446796622
3453804282
3461031467
3467928339
3475176378
3482241994
3489405990
3496557210
3503711872
3510908977
3517957503
3525085422
3532256042
3539677858
3546892986
3553948305
3561390792
3568494444
3575803116
3582924945
3589907115
3597242134
3604256649
3611040393
3618184575
3625307154
3632629688
3639824314
3646759115
3653852088
3660968286
3668035448
3675180625
3682146914
3689462471
3696648345
3703634892
3710803339
3717864764
3724680133
3732120401
3739096528
3746326329
3753756009
3761218905
3768654062
3776211054
3783549744
3790908234
3798089136
3805264208
3812423981
3819507866
3826643464
3833864559
3841059323
3848337946
3855392562
3862445877
3869432347
3876332586
3883514758
3890755972
3897573469
3904854173
3911833864
3918967214
3926147167
3933197591
3940259887
3947529499
3954444441
3961836345
3968977268
3976334533
3983984090
3991377310
3998672977
4006057293
4013226597
4020563024
4027957223
4035393895
4042983200
4050107905
4057212843
4064740963
4072067062
4079496099
4087033139
4094439946
4101914470
4109332568
4116590505
4124038760
4131115759
4138437590
4145640814
4152838562
4160035835
4167255109
4174592346
4181807628
4188769403
4195943313
4203265495
4210645848
4217965735
4225344175
4232529377
4239956486
4247064729
4254078555
4261388864
4268574815
4275995575
4283422134
4290640613
4297966803
4305076178
4312426405
4320016720
4327451097
4335066978
4342672899
4350124519
4357302957
4364447308
4371841278
4379085583
4386114342
4393501442
4400833676
4407923987
4415397700
4422430559
4429715211
4436853701
4443856450
4451158543
4458386967
4465550687
4473109606
4480366212
4487396455
4494615271
4501908750
4509123557
4516668706
4523952684
4531397817
4538724161
4546014014
4553344397
4560677075
4568044316
4575581999
4582985393
4590284427
4597440543
4604515706
4611643915
4618527875
4625517251
4632687413
4639886323
4647601547
4654776099
4661747544
4668901824
4675752200
4682569697
4689895046
4697152907
4704665697
4711979295
4719337157
4726760763
4734053860
4741190377
4748635647
4755872899
4763345113
4770837738
4778318367
4786253620
4793807383
4801533271
4809015353
4816196546
4823615776
4831045089
4838306576
4845670267
4853108408
4860208021
4867804792
4874860372
4882080886
4889395953
4896527008
4904057561
4911127201
4918155991
4925438163
4932517320
4939778226
4946793230
4953648701
4960818220
4967719392
4974692964
4982102127
4989201143
4996459295
5003798643
5011072065
5018420685
5025623160
5032789328
5040039861
5046970072
5054263398
5061743721
5069239436
5076719790
5084212567
5091477435
5098776010
5106019519
5112869268
5120181873
5127404085
5134618478
5141921826
5148650843
5155863813
5162786253
5169856230
5177060082
5184109205
5191374869
5198634091
5205709867
5212698035
5219738942
5227052480
5234421985
5241733992
5249007184
5256341560
5263392474
5270689135
5278020452
5285364176
5292779903
5300166804
5307627329
5315113007
5322222611
5329623924
5336777455
5344023351
5351520596
5358795195
5365917513
5373328206
5380272142
5387435709
5394507246
5401513132
5408788986
5415858442
5422966241
5430364479
5437309884
5444631117
5451888091
5459002254
5466286018
5473396173
5480585154
5488086636
5495259399
5502510115
5509786596
5517250441
5524563749
5532159801
5539401964
5546503781
5553506315
5560818231
5568312431
5575514860
5582718636
5590081424
5597223388
5604708041
5611803676
5619010266
5626292592
5633416869
5640744498
5647990517
5654985355
5662474063
5669709372
5676790533
5684129423
5691011378
5698237797
5705492476
5712387467
5719784925
5726826337
5734298046
5741681796
5748904971
5756266888
5763281479
5770508189
5778187993
5785511308
5792900137
5800366414
5807669823
5814901751
5822416208
5829567811
5836877569
5844072012
5851163042
5858265485
5865570149
5872678437
5880069959
5886957636
5894273852
5901474980
5908272939
5915396542
5922659559
5929742021
5937044619
5944097889
5951167315
5958453741
5965648260
5972915775
5980124936
5987173738
5994727073
6001837197
6009165820
6016515558
6023812281
6031155485
6038412092
6045527525
6052992135
6060066901
6067288455
6074560055
6081675596
6088857691
6096311331
6103282026
6110491616
6117696554
6124506217
6131823243
6138940374
6146195328
6153529062
6160576196
6167818467
6175010905
6182146213
6189512107
6196599052
6203874860
6211144058
6218353739
6225735561
6232651176
6239826800
6247248784
6254295367
6261470241
6268867255
6276083133
6283487507
6290677329
6297787468
6304982737
6312250849
6319230954
6326399891
6333566243
6340644360
6347473989
6354384387
6361635378
6368759441
6375765816
6383121046
6390043424
6397326239
6404584590
6411489847
6418498547
6425585507
6432516836
6439754210
6446517407
6453850620
6461159828
6468255096
6475172119
6481907760
6488775961
6495966364
6503298675
6510382560
6517585065
6524764560
6531901979
6539102373
6546177108
6553361790
6560398856
6567504482
6574652933
6581498444
6588658645
6595881224
6602856876
6610346701
6617248944
6624343493
6631555392
6638706062
6645958981
6653114454
6660144284
6667442537
6674532863
6681490186
6688753448
6696106735
6703193741
6710467514
6717510303
6724821041
6731974877
6739284330
6746635490
6753799501
6761162809
6768057540
6775079980
6782432686
6789221770
6796144898
6803237993
6810497858
6817684620
6824987953
6831790532
6838632386
6845763945
6852707284
6859709344
6866977120
6873842000
6881139993
6888112280
6895344284
6902338847
6909226677
6916311511
6923325474
6930224612
6937609111
6944429606
6951718847
6958951417
6966134997
6973557486
6980649770
6987834819
6995450317
7002779690
7010089296
7017518349
7024669660
7032079236
7039193614
7046273735
7053420303
7060277167
7067189569
7074373302
7081651129
7088764436
7095857103
7102872168
7110079937
7116820183
7123687129
7130877854
7137801624
7144989610
7152361961
7159134766
7166477037
7173475747
7180567113
7187745246
7194694077
7201911883
7209294806
7216293577
7223658722
7231077340
7238381453
7245722377
7252997084
7260397311
7267636001
7274527443
7281796518
7288881153
7295966292
7303169104
7310301581
7317356151
7324759041
7331822485
7338999439
7345896756
7352753436
7359976015
7367341144
7374352415
7381616564
7388351701
7395556624
7402663841
7409543379
7416855968
7423964991
7430954872
7438295093
7445289029
7452775334
7460032063
7467315827
7474836787
7482173550
7489493223
7496936122
7504076158
7511323171
7518685715
7525644445
7532563488
7539665136
7546589059
7553505761
7560593134
7567803167
7574933151
7581858068
7588916999
7596144596
7603015643
7610338865
7617427952
7624374366
7631376717
7638257892
7645274640
7652546608
7659560174
7667036932
7673987860
7681090778
7688226713
7695399735
7702783561
7709993442
7717251486
7724736001
7731789592
7739373236
7746802503
7753955222
7761037730
7768172885
7775330699
7782519267
7789429726
7796406128
7803702820
7810827357
7817852276
7825038211
7832026471
7839028577
7846055622
7853058371
7860249769
7867258638
7874334949
7881700063
7888574919
7895805638
7903043257
7909813890
7917235262
7924460886
7931432254
7938890698
7945744425
7953092755
7960372281
7967431548
7974620604
7981865200
7989053079
7996704364
8004051072
8011591096
8019011979
8026137969
8033388440
8040504501
8047615558
8054828743
8061585759
8068565756
8075557168
8082520075
8089529128
8096609187
8103558294
8110683015
8117744699
8124713329
8131858077
8139035338
8146253358
8153244631
8160116856
8167522132
8174671776
8181907116
8189093709
8196117389
8203175952
8210338387
8217443799
8225021124
8232251888
8239582822
8247045045
8254178731
8261254170
8268325280
8275062573
8282332261
8289127710
8296018035
8303392711
8310423245
8317471113
8324786365
8331826813
8339059597
8346179345
8353141931
8360252973
8367431626
8374544336
8381899872
8388869237
8396140623
8403435204
8410861854
8418422258
8425854309
8432907074
8440441987
8447744983
8455247843
8462895548
8470250885
8477714072
8484726414
8491892705
8499325965
8506197562
8513377408
8520698917
8528006274
8535244153
8542499046
8549584675
8556946484
8564001498
8571234787
8578443504
8585635866
8592745409
8599998205
8607013730
8614572679
8621784732
8628750103
8636021994
8643000125
8650170225
8657489332
8664429519
8671948536
8679062118
8686258993
8693669395
8700640519
8708129823
8715571437
8722800626
8730385387
8737578238
8744900956
8752148260
8759193451
8766356207
8773388745
8780277891
8787542607
8794632519
8801768501
8809149037
8816366093
8823366730
8830350691
8837504649
8844731329
8851998554
8858957881
8866151987
8873248372
8880324821
8887891726
8894723498
8902110567
8909235777
8916406076
8923613876
8930892132
8938035074
8945506845
8952678031
8960249236
8967774939
8975170959
8982541596
8989974244
8997175143
9004720185
9011800016
9018859956
9025857243
9032748072
9040151925
9047323586
9054262259
9061546925
9068479906
9075676032
9082874605
9089798972
9097086194
9104423645
9111371911
9118459835
9125433238
9132358202
9139387970
9146415995
9153406764
9160425914
9167540980
9174837978
9181915804
9189039760
9196481695
9203651137
9210894448
9218192900
9225362970
9232943859
9240240276
9247637337
9254855280
9262151973
9269658443
9277019625
9284134661
9291497571
9298525994
9305416440
9312482669
9319536856
9326521857
9333830147
9340726132
9347793156
9354783956
9361686306
9368624259
9375827698
9382820426
9390108183
9396755620
9404091863
9411237452
9418079184
9425461816
9432908847
9440109776
9447479924
9454541654
9461992448
9469453493
9476667979
9484060969
9491313016
9498750882
9506100405
9513090593
9520572140
9527982741
9535198374
9542057532
9548950671
9555783759
9562994419
9570054053
9577076141
9584165106
9591246420
9598422655
9605739222
9612780007
9620205556
9627344811
9634403528
9641457011
9648501667
9655695604
9663029506
9669940501
9677445426
9684677752
9691673371
9698886357
9706019018
9713612087
9720808151
9727943811
9735484125
9742785209
9749987990
9757108288
9764046119
9771256305
9778253776
9784959858
9791916201
9798913228
9806072679
9813483984
9820589824
9827654385
9834628875
9841738693
9849003975
9856355273
9863702440
9871292571
9878402297
9885438018
9892880550
9899931968
9907097371
9914210907
9921314437
9928653449
9935794556
9942937743
9950170390
9957262414
9964475920
9971798225
9978940234
9986191027
9993333189
10000202522
10007443170
10014267521
10021767122
10029095470
10036250041
10043405101
10050649055
10057730966
10065321571
10072564178
10079998861
10087505791
10094759337
10102225798
10109433812
10116486316
10123896366
10131084643
10138213785
10145545560
10152545999
10159642170
10166915392
10173841931
10181067846
10188175063
10195348361
10202624735
10209368455
10216513402
10223813139
10230778984
10238185117
10245427449
10252625181
10259980839
10267065030
10274350446
10281716769
10288842239
10296240860
10303578817
10310975097
10318210589
10325493343
10332751648
10340098127
10347106108
10354584947
10361834102
10368712095
10376094651
10383175017
10390215725
10397507705
10404248441
10411311487
10418543598
10425347263
10432554344
10439703039
10446611081
10454006351
10461087405
10468200987
10475437887
10482246846
10489747702
10496839374
10503905741
10511546729
10518707328
10525981392
10533332322
10540542111
10548044374
10555512564
10562732114
10570368941
10577611655
10584963626
10592465950
10599473044
10606640681
10613954142
10620875817
10628251595
10635216614
10642287539
10649594467
10656769372
10664124128
10671332937
10678476522
10686078251
10693088221
10700247443
10707279843
10714163022
10721336274
10728628790
10735784569
10743350496
10750444953
10757815988
10765257724
10772557278
10780036163
10787473967
10794502496
10802094295
10809560098
10816925656
10824442668
10831798342
10839362647
10846947882
10853978156
10861074785
10868152320
10875336772
10882568149
10889706012
10897056943
10904430411
10911433450
10918769418
10925890221
10932722696
10939999866
10947074739
10954245788
10961435304
10968467061
10975842793
10983143250
10990265644
10997409551
11004779745
11012267213
11019352490
11026653129
11034168398
11041526627
11048977620
11056541312
11063956121
11071348958
11079126392
11086340786
11093577012
11101029857
11108188283
11115607284
11122685477
11129715612
11137254687
11144412119
11151602415
11158607184
11165889984
11173180220
11180576117
11187772273
11195226525
11202344973
11209490470
11216659377
11223799688
11231276982
11238603892
11245473990
11252892669
11260105716
11267376552
11274776993
11282048915
11289329695
11296524031
11303766179
11311272971
11318498610
11325647290
11332973664
11340314360
11347533542
11354968914
11362038386
11369239469
11376518214
11383692552
11390857971
11398160141
11405172605
11412320031
11419266414
11426424014
11433526565
11440466155
11447682477
11454857427
11461880647
11469030077
11476113794
11483473507
11490902208
11498239430
11505493818
11512120263
11519184625
11526414563
11533620986
11540954536
11548042766
11555448654
11562739089
11570277276
11577533072
11585018842
11591932973
11599349801
11606656239
11613778053
11620919297
11628333937
11635447137
11642670955
11649846824
11657290258
11664664537
11671588965
11678746351
11685982149
11692909423
11700363537
11707484800
11714668471
11721906351
11728737999
11736014373
11743555621
11750878890
11758499529
11765833905
11773242058
11780912116
11788383305
11795970055
11803466061
11810743138
11818236237
11825847788
11833252942
11840524236
11847505167
11854893614
11862151307
11869194539
11876380674
11883590003
11890983101
11898206262
11905269384
11912466611
11919686100
11926731337
11934021205
11941434530
11948349762
11955674393
11962605843
11969756023
11977078848
11984223627
11991715807
11998976407
12005934097
12013314985
12020423427
12027572612
12035060355
12042391212
12049925131
12057377593
12064863179
12072183005
12079569417
12086575593
12093967956
12100939340
12108216525
12115528456
12122845314
12130073340
12137483788
12144696728
12152219524
12159414456
12166773863
12174386439
12181760947
12189133941
12196396683
12203447596
12211085310
12218252794
12225365779
12232839033
12239998485
12247332020
12254727412
12261946733
12269501031
12276741970
12283899831
12290986332
12297866910
12305237501
12312217637
12319372253
12327126263
12334679199
12341878217
12349031885
12356047149
12363200144
12370539232
12377376282
12384741978
12392199427
12399620508
12406767613
12413896097
12421013427
12428176291
12435400354
12442614411
12449935308
12457201248
12464724365
12471973107
12479209242
12486717900
12493975318
12501436164
12508692724
12516112475
12523332330
12530351634
12537685674
12545029352
12552485639
12560148170
12567533189
12574752448
12582026604
12589255440
12596530330
12603395716
12610557416
12617852135
12625296794
12632630390
12639776408
12647142394
12654192175
12661603831
12668673686
12676008261
12683287634
12690263088
12697912215
12705123503
12711993219
12719470895
12726864543
12734287415
12741759782
12748866876
12756408904
12764219340
12771674755
12779256593
12786397409
12794058425
12801583485
12808905622
12816362490
12823699635
12830618663
12838040616
12845013882
12852474651
12859877159
12867018189
12874237922
12881475342
12888682698
12896176516
12903229540
12910416746
12917777714
12925048243
12932303166
12939866186
12947265067
12954770451
12962360475
12969762156
12977253434
12984805208
12992085759
12999543637
13006591245
13013864575
13021279995
13028466237
13035882193
13043143404
13050514485
13058174109
13065523173
13072832825
13080075202
13087372553
13094568036
13101817635
13109033115
13116687796
13123881948
13131083765
13138421538
13145717986
13153037521
13160293470
13167732666
13175129665
13182445284
13189912082
13197297851
13204561235
13212000432
13219521039
13226887133
13234623042
13241940543
13249241580
13256462247
13263553231
13271049864
13278405843
13285824048
13293468066
13300996293
13308472470
13316069945
13323452287
13330717278
13337890163
13345022120
13352380487
13359537612
13366729117
13373994980
13381262434
13388677992
13395926352
13403235575
13410634594
13417848192
13425249965
13432775132
13440024884
13447424240
13455060255
13462505098
13470074390
13477113844
13484334006
13491855623
13499076565
13506500217
13514087671
13521406135
13529183003
13536648745
13543887680
13551170770
13558601919
13565837779
13573308111
13580441262
13587840525
13595105501
13602379580
13609814125
13616974678
13624267928
13631828683
13638812643
13646149927
13653650645
13661124144
13668615636
13675975777
13683560477
13691180137
13698272223
13705846273
13713295369
13720649360
13728164904
13735592946
13743144751
13750878060
13758273743
13765591962
13772988105
13780346609
13787826091
13795393960
13802703673
13810232971
13817428454
13824689941
13832201522
13839422097
13846756137
13854080002
13860944699
13868353556
13875666910
13883153353
13890600199
13897973376
13905348114
13912577318
13919846899
13927101272
13934426453
13941723971
13949354311
13956798373
13964201125
13971539601
13978674787
13985975366
13993181298
14000361680
14007509764
14014579266
14021319789
14028459947
14035448589
14043036884
14050252150
14057517385
14064830571
14072004405
14079284252
14086756756
14094299733
14101721549
14108883601
14116327801
14123977082
14131277339
14138427427
14145450708
14152467502
14159852583
14166635149
14173666769
14180825287
14188012065
14195144374
14202513772
14209614150
14216705838
14223869558
14230902447
14238051862
14245112628
14252072476
14259380414
14266635123
14273706707
14280933952
14288068327
14295211392
14302522818
14309698167
14317264384
14324159313
14331540630
14338937905
14346311587
14353588710
14360778609
14367821184
14375158299
14382128565
14389341322
14396639866
14403757747
14410918575
14418201284
14425500348
14432434614
14439611798
14446850350
14454164592
14461297436
14468309564
14475613218
14482568873
14489770797
14496951562
14504246510
14511610461
14518732734
14526046883
14533416297
14540588187
14548128042
14555342971
14562585242
14570041345
14577023622
14584336074
14591663152
14598782578
14606156704
14613384654
14620874157
14628295972
14635493766
14642438696
14649482678
14656461069
14663539905
14670608490
14677788825
14684835990
14691990423
14698989163
14705908145
14713005294
14720153210
14727648603
14734537948
14741989569
14749020898
14756112861
14763560549
14770624651
14777927448
14785211227
14792256693
14799219708
14806417440
14813608394
14820839541
14828176519
14835584595
14842857741
14849932859
14857265797
14864454762
14871419613
14878397529
14885250705
14892283274
14899426477
14906778570
14913862929
14921108352
14928220113
14935559492
14942339595
14949494396
14956673247
14963798932
14971143712
14978167208
14985124730
14992695414
14999823684
15007024385
15014437051
15021666026
15028883020
15036340317
15043575916
15050884986
15058139390
15065448521
15072914110
15080151867
15087549203
15094935216
15101955698
15109008876
15116056010
15123222392
15130635533
15137742780
15144842210
15152069899
15159179702
15166420228
15173728350
15180966642
15188246061
15195442967
15202491264
15209776175
15216724609
15224109781
15231269538
15238383916
15245901097
15252911067
15259868712
15267172457
15274244806
15281672803
15288917659
15296182573
15303696587
15310983395
15318294822
15325639495
15332875370
15340205125
15347231589
15354460640
15361813560
15368998746
15376182876
15383465248
15390762782
15397867888
15404971968
15412177412
15419366622
15426771913
15433773545
15440964882
15447971471
15455139444
15462522536
15469770651
15477093430
15484403403
15491608387
15499014092
15506093845
15513197758
15520624668
15528069465
15535522982
15542913754
15550050929
15557699858
15564968536
15572228631
15579619602
15586704741
15593925729
15601183437
15608288344
15615500198
15622400024
15629587734
15636877021
15643968174
15651188060
15658298215
15665193726
15672673284
15679904202
15687153954
15694350140
15701638525
15708927644
15716275209
15723404932
15730714691
15737889748
15745017467
15752552977
15760143522
15767436680
15774844817
15782359994
15789798655
15797150320
15804669551
15812109696
15819692652
15826938471
15834574686
15841729287
15849172386
15856543145
15863517788
15870775374
15877930755
15885064717
15892414347
15899649350
15906997466
15914430114
15921359484
15928648542
15935865628
15942953598
15950364627
15957546998
15964788549
15972220203
15979287609
15986329939
15993617819
16000874670
16008398858
16015810500
16023316113
16030798839
16038344355
16046036568
16053443527
16060533669
16068146246
16075176795
16082560054
16089942442
16096847424
16103721928
16110838570
16117723555
16124918150
16132036904
16139106345
16146359555
16153652759
16160690621
16167695589
16174743916
16181964216
16189222428
16196567607
16203563394
16210792720
16217754389
16224988519
16232181891
16239256641
16246582725
16253929953
16261262310
16268730883
16276213638
16283621684
16290975782
16298196128
16305529020
16313072440
16320626861
16327914113
16335102053
16342329834
16349563690
16356961530
16364244483
16371376609
16378611535
16385590370
16392698750
16399975155
16407138691
16414317252
16421521319
16428502969
16435574675
16442588439
16449524082
16456876421
16463944394
16471459126
16478595949
16485946849
16493331899
16500575241
16507882291
16515428511
16522706308
16529688096
16537004617
16544286927
16551699395
16559032593
16566143039
16573677768
16580748526
16587830605
16595097401
16602097580
16609252686
16616497940
16623536368
16630832280
16637843322
16644955358
16652295258
16659505765
16666814881
16673604012
16680608290
16687845435
16695242312
16702464172
16709842719
16717072520
16724414439
16731753023
16738941591
16746116051
16753451483
16760875900
16768367331
16775858808
16783315813
16791061943
16798212261
16805438940
16812775657
16819813917
16826989862
16834398704
16841669095
16849156365
16856041456
16863219375
16870369294
16877397625
16884778207
16891845644
16898893283
16906247351
16913106463
16920148380
16927361794
16934530135
16941740780
16948946545
16956081195
16963281023
16970580668
16977841926
16985310376
16992701010
17000041277
17007645790
17014717221
17022007579
17029380083
17036743667
17043920882
17051195833
17058614910
17065772908
17072963112
17080351115
17087446566
17094500631
17101964951
17108927537
17115939435
17123057485
17130731643
17138038419
17145119029
17152187124
17159296361
17166436856
17173572791
17180704396
17187781090
17195141017
17202368416
17209698784
17217036465
17224427818
17231680936
17238896202
17246050467
17253445263
17260943441
17268469251
17276023442
17283395395
17290650456
17298176909
17305077041
17312422234
17319520776
17326584235
17333806386
17340966557
17348243298
17355455565
17362416040
17369742429
17377161552
17384218188
17391517925
17398688698
17405771650
17413175993
17420389270
17427658361
17434884092
17442191418
17449637178
17457044444
17464403835
17471852380
17478915120
17486332943
17493696864
17501092073
17508635921
17516090142
17523448754
17531066930
17538255773
17545506228
17552773208
17559980457
17567272942
17574591391
17581730264
17589109132
17596158714
17603117644
17610304467
17617126538
17624164079
17631239105
17638369976
17645751920
17652757086
17659963218
17667258579
17674397483
17681738836
17689182669
17696413999
17703653715
17710753006
17717988315
17725098240
17732369979
17739579124
17747226875
17754721075
17762046379
17769391083
17776717059
17784253487
17791622595
17798604551
17805886433
17812944613
17820294978
17827507000
17834264857
17841413262
17848474120
17855464614
17862768482
17869769808
17877039985
17884182515
17891280185
17898601464
17905459414
17912723854
17920169737
17927416582
17934679170
17941961726
17949221729
17956593529
17963788277
17970688118
17978170706
17985560743
17992937225
18000337529
18007636058
18015038504
18022322069
18029437548
18036841447
18044010018
18051070616
18058308204
18065442273
18072925625
18080143416
18087159460
18094547601
18101569199
18108597376
18115676916
18122742854
18130026663
18137026322
18144111415
18151663388
18158912130
18166238872
18173683622
18180888821
18188239048
18195358153
18202635736
18210141503
18217374700
18224792293
18232312503
18239604560
18247152065
18254712086
18261857186
18269144377
18276497450
18283663296
18291021617
18298172118
18305446289
18312642889
18319411945
18326660274
18333814585
18340882236
18348128102
18355257290
18362480344
18369780142
18376903562
18384295145
18391325495
18398612992
18405780721
18412723968
18420011358
18427359948
18434420072
18441898620
18449296047
18456787509
18464385519
18471848018
18479185072
18486456473
18493726987
18501231744
18508608823
18515952089
18523244130
18530305386
18537145955
18544468473
18551565057
18558728471
18565884281
18572750034
18580164307
18587511000
18594517925
18601694314
18608959320
18616105078
18623179890
18630109504
18637385985
18644823025
18652085063
18659468751
18666539860
18674064339
18681399863
18688582647
18695992727
18703358316
18710537902
18718050554
18725300933
18732566796
18740006161
18747234860
18754801490
18762256155
18769529806
18777104928
18784669768
18792139870
18799878457
18807228348
18814491319
18822179829
18829524915
18837258499
18844757167
18852150127
18859767446
18867000888
18874505309
18881822626
18888933240
18896455592
18903883910
18911175171
18918696452
18925702276
18932769040
18940235364
18947376164
18954825275
18962186809
18969566795
18976888701
18984147526
18991391571
18998809731
19005663121
19012793013
19019945594
19027132096
19034479630
19041757412
19048873427
19056518500
19063708154
19071150165
19078589117
19085992695
19093630838
19101259739
19108656937
19116435366
19123643027
19131073472
19138222183
19145224136
19152509782
19159822310
19166850503
19174249108
19181355331
19188626855
19195744797
19202819257
19210144163
19217359092
19224475795
19232041248
19239181773
19246566333
19253850510
19260941938
19267590905
19274701197
19281739335
19289180995
19296467513
19303646456
19310828230
19318115039
19325457448
19332702350
19340120463
19347672711
19354936600
19362039564
19369583566
19376686591
19384118260
19391539555
19398701791
19405986106
19413099413
19420298705
19427705282
19434871450
19442132004
19449454217
19456485990
19463832530
19470949141
19478077595
19485151993
19492270119
19499390204
19506427867
19513660575
19520827707
19527908348
19534964387
19542451335
19549658247
19556857769
19564151845
19571197526
19578333981
19585382263
19592410593
19599826059
19607245565
19614702525
19622273715
19629530168
19636775942
19644175129
19651227282
19658529038
19665603559
19672678019
19679891862
19686809910
19694058285
19701425740
19708546850
19716015652
19723157340
19730366945
19737834706
19744916174
19752299372
19759586319
19766742083
19774143947
19781306703
19788425411
19795705656
19802626657
19809965088
19817211718
19824702614
19832197456
19839592497
19846853739
19854203263
19861373133
19868493509
19875846337
19883200175
19890496270
19898036263
19905033458
19912723621
19920034083
19926945935
19934501304
19941696864
19948824078
19956200881
19963362979
19970370395
19977453606
19984680179
19991914309
19999069416
20006298819
20013475957
20020432698
20027899359
20035067684
20042282889
20049617280
20056819709
20064075933
20071382601
20078495648
20085807977
20093179042
20100697753
20108441925
20115838465
20123013415
20130365340
20137392187
20144446711
20151763553
20158870832
20166212154
20173366235
20180392806
20188020973
20195087416
20202247035
20209520135
20216818572
20224183273
20231245722
20238214704
20245422626
20252510810
20259807395
20267068545
20274238661
20281688598
20288948066
20295968593
20303271115
20310253407
20317214953
20324506673
20331679084
20338949537
20346134172
20353255113
20360861753
20368144859
20375390403
20382718660
20389703538
20397295765
20405123658
20412298945
20419915622
20427216950
20434578683
20442151097
20449012611
20456408493
20463677248
20470920712
20478517881
20485666898
20492844357
20499926268
20507079508
20514405591
20521666329
20528654038
20535965112
20543262600
20550408832
20557538541
20564533242
20571654642
20578957133
20585968832
20593400440
20600763045
20607721056
20614638018
20621888658
20629185641
20636724303
20644111326
20651486691
20658756915
20665718384
20673063088
20680536709
20687980634
20695303214
20702704023
20710356379
20717709727
20724978359
20732491088
20739635285
20746871741
20754436444
20761574674
20769043476
20776332182
20783597418
20790699769
20797842773
20804936450
20812363238
20819779592
20826961014
20834319672
20841342754
20848452939
20855754099
20863114425
20870702046
20877983163
20885004196
20892453307
20899662192
20906951342
20914395756
20921294082
20928693269
20935840725
20943030440
20950429811
20957372737
20964768328
20972093815
20979032457
20986178353
20993336182
21000649154
21007942649
21014973274
21022117808
21029289285
21036348430
21043534075
21050667593
21057906222
21065230316
21072447801
21079617824
21086997978
21094157475
21101210087
21108281915
21115303407
21122625512
21129745704
21136715542
21144174583
21151242877
21158680620
21166151335
21172958810
21180065767
21187273857
21194670305
21202186767
21209160981
21216263930
21223803418
21230862210
21238421925
21245624844
21252611268
21260044926
21267069217
21274338614
21281373493
21288492047
21295616661
21302723480
21309607103
21316847859
21323867621
21331038685
21338232730
21345323775
21352303512
21359418288
21366478764
21373958597
21381070358
21388096853
21395549911
21402863556
21410284469
21417616581
21424475816
21432060714
21439568868
21446841264
21454442625
21461799156
21469228300
21476590033
21483466373
21491443992
21498534808
21505804327
21513143324
21520112688
21527282314
21534361548
21541353862
21548723734
21555885894
21562997364
21570143535
21577332868
21584595885
21591835524
21598838395
21606161770
21613425201
21620217712
21627742237
21635146473
21642326365
21649702311
21656917210
21664354142
21671806971
21679209983
21686733483
21694247542
21701574682
21709250982
21716385923
21723619641
21731038917
21738070674
21745569663
21752650289
21759766962
21767109539
21774020059
21781070605
21788165169
21795171407
21802559012
21809737496
21816908928
21824169680
21831144981
21838539272
21845470356
21852613130
21859682587
21866826906
21873918961
21881168438
21888194336
21895210701
21902545674
21909550443
21917170531
21924415479
21931455392
21939093825
21946371515
21953630722
21961063615
21967990109
21975510395
21982735285
21989915452
21997622919
22005170470
22012458931
22020057187
22027517742
22035030884
22042279687
22049758021
22057268684
22064285218
22071513244
22078775175
22086225648
22093628736
22101034441
22107997670
22115486286
22122555084
22129705111
22137204590
22144409497
22151314066
22158605633
22165740482
22173143050
22180378833
22187138940
22194582696
22201903761
22208985565
22216785887
22224199839
22231883361
22239310838
22246643149
22254259688
22261813757
22269153488
22276858094
22285091865
22293160259
22301239455
22309934475
22317660792
22325284246
22332815396
22340466558
22348767023
22356337815
22363650450
22371131538
22378687473
22386051577
22393324876
22400732769
22407855332
22414924743
22422306717
22429702523
22437412606
22444937361
22452226862
22459601661
22467042571
22474290870
22481907669
22489105875
22496517715
22504192746
22511600746
22519342913
22526675866
22534540418
22542229296
22549931300
22557518478
22565000852
22571998827
22579493501
22586709807
22594012972
22601506866
22608771000
22616093656
22623529135
22630641631
22637821875
22644903939
22651736536
22659141017
22666582478
22673691424
22681154565
22688406903
22695825154
22703120699
22710413077
22717457763
22724700018
22732318179
22740144037
22747284011
22754767624
22762347749
22769777903
22777419228
22784715997
22792260733
22799856632
22807242722
22814618577
22822204837
22829287926
22836719656
22844065278
22851031062
22858419539
22865473053
22872684035
22879933879
22886919354
22894638005
22902347492
22909507892
22917014301
22924101628
22931320107
22938635649
22945887604
22953021000
22960205176
22967328703
22974657342
22981848403
22988985731
22996318577
23003334484
23010400070
23017736603
23024801455
23032178977
23039270512
23046701584
23054050373
23061151791
23068291368
23075248293
23082298182
23089819631
23097119215
23104488307
23111886209
23119293933
23126616452
23134212076
23141311903
23148543433
23155998113
23163322514
23170896351
23178447237
23185642108
23193211523
23200083288
23207615586
23214806019
23221844065
23229178426
23236417208
23243789070
23251248340
23258431246
23265862716
23272895025
23279917434
23287078568
23293988523
23301093537
23308669622
23315757546
23323160589
23330749909
23338185296
23345729374
23353113093
23360496383
23368038901
23375110117
23382558310
23390020763
23397424846
23404948697
23412565863
23420134728
23427779021
23435220849
23442629170
23450415340
23457724288
23465383529
23472911527
23480275478
23487946209
23495195579
23502555261
23509912618
23517104399
23524494482
23531795046
23538960632
23546459147
23553518812
23560821180
23568113803
23575352233
23582466993
23589902013
23597230973
23604797007
23612095489
23619241155
23626346949
23633613761
23641128050
23648720384
23656335194
23664041712
23671567140
23679061646
23686803859
23694337227
23701805601
23709695688
23717030830
23724646925
23731951925
23739177029
23746635198
23754026383
23761127097
23768638938
23775913935
23783603746
23791038827
23798013638
23805448199
23812721222
23819908703
23827373741
23834221302
23841575385
23849165088
23856695457
23864281243
23871558137
23878748999
23886223646
23893630636
23901069481
23908787168
23916231199
23923826272
23931473274
23938620439
23946276957
23953701970
23960980915
23968714453
23976364881
23983716042
23990859550
23998087408
24005614457
24012742957
24020144821
24027623614
24034676302
24042005676
24049500442
24056602992
24063989343
24071055801
24078411888
24085866782
24092924489
24100173782
24107728554
24115097371
24122652771
24130031028
24137250562
24144637479
24152035702
24159425021
24167085991
24174273961
24181718697
24188949859
24196214070
24203953850
24211500345
24218878327
24226360685
24233489796
24240930048
24248063979
24255193183
24262594497
24269794753
24277268772
24284649217
24291732842
24299160318
24306263634
24313303485
24320291179
24327476136
24334607236
24341663412
24348880499
24356256660
24363366156
24370308149
24377593672
24384670657
24391718051
24398946995
24405917675
24413012713
24420378975
24427500115
24434695277
24441960482
24448845130
24455885012
24463041893
24470012542
24476960303
24484009487
24491308138
24498530870
24505515672
24512990395
24520109133
24527239132
24534501904
24541574712
24548801973
24556003224
24563181402
24570641484
24577889430
24585309272
24592701804
24599738580
24607049455
24614036369
24621330322
24628816475
24636164116
24643621902
24651141929
24658409612
24665882591
24673292825
24680243799
24687519683
24694767063
24701936215
24709225640
24716307444
24723429732
24730798257
24737606666
24744675403
24751728015
24758809666
24766120235
24773126182
24779961824
24787023371
24794103323
24801493346
24808748147
24815972133
24823383102
24830368974
24837533704
24844841306
24852014910
24859684463
24867175802
24874383418
24881790117
24889206976
24896624553
24903691593
24910725156
24918162409
24925370760
24932590799
24939803020
24946996239
24953990251
24961209219
24968046101
24975233184
24982368768
24989432441
24996918150
25004170518
25011183074
25018630257
25025750785
25032879912
25040045331
25046998461
25054373995
25061731841
25068760248
25076123924
25083408254
25090854550
25098061921
25105157051
25112564730
25119805041
25126980619
25134323747
25141600121
25148828208
25155993060
25163358266
25170791465
25177936397
25184807856
25192050372
25199129284
25206079554
25213360227
25220616068
25228006427
25235557574
25242843740
25250399614
25257682537
25264643884
25272078827
25279260616
25286174013
25293635288
25300697615
25308054987
25315209756
25322347864
25329652513
25336823225
25343994396
25351222392
25358247478
25365434271
25372672456
25379827088
25386970612
25394292351
25401396645
25408952749
25416039495
25423512367
25431005083
25438310435
25445754298
25453282097
25460575179
25467911529
25475162918
25482514293
25489960527
25497351330
25504667300
25512057231
25519147572
25526726427
25533937348
25541065067
25548456222
25555523276
25562715714
25570013738
25577091319
25584516700
25591459779
25598750718
25606027612
25613138303
25620285361
25627457741
25634726144
25642269319
25649531525
25656795567
25664169969
25671330889
25678701786
25686112861
25693205314
25700432330
25707617394
25714811316
25722100435
25729226670
25736243373
25743487020
25750590213
25758001824
25765345242
25772392499
25779563701
25786659703
25793863815
25801474464
25808270463
25815782473
25823164554
25830313036
25837596723
25844505928
25851930635
25859164491
25866202185
25873556298
25881285797
25888467571
25895888086
25902993559
25910028438
25917098644
25924081442
25931242209
25938285732
25945179255
25952279694
25959648082
25966491573
25973803703
25980846018
25987868366
25995139416
26002332343
26009844643
26017312359
26024343183
26031700877
26038771848
26046132893
26053545666
26060523323
26067984827
26075335161
26082497826
26089885645
26096786526
26104113298
26111410083
26118451127
26125536634
26132321036
26139165629
26146435776
26153303288
26160314023
26167542248
26174668636
26181802215
26189060321
26196050340
26203233277
26210411991
26217588854
26224875999
26232031764
26239076633
26246422393
26253722818
26261214050
26268424803
26275523589
26282915463
26289952729
26297221728
26304882453
26312171771
26319520208
26326786591
26333734887
26340909440
26347739482
26354801197
26362180311
26368868124
26376299809
26383448764
26390550504
26397866781
26404950191
26411936752
26419139166
26426031648
26433542097
26440701701
26447938417
26455127994
26462290720
26469248196
26476713173
26483743722
26491057214
26498492065
26505728017
26513070548
26520095069
26527134935
26534718028
26542188468
26549640486
26557083063
26564297243
26571716550
26579117511
26586611467
26594148859
26601125643
26608442884
26615747226
26622796028
26630102038
26637192777
26644123432
26651614618
26658719158
26665858429
26673017360
26680148537
26687115254
26694371249
26701263776
26708330663
26715568328
26722550865
26729849133
26736886919
26744055612
26751480993
26758773692
26766243504
26773566206
26780823899
26788253900
26795534436
26802695815
26810333804
26817670384
26825317354
26832611079
26839600838
26846774793
26853806811
26860862100
26868136041
26875007424
26882222736
26889149046
26896278219
26903579517
26910732603
26917914071
26925271459
26932459842
26939565162
26946740954
26953802088
26961115044
26968386323
26975601467
26983157066
26990368996
26997925743
27005064279
27012102677
27019445208
27026737601
27033878509
27041525541
27048741709
27056080201
27063494596
27070645893
27078152930
27085630789
27092879394
27100156257
27107238061
27114572223
27121816620
27128871175
27135776983
27143142281
27150300324
27157721406
27164696309
27172010703
27179325511
27186485559
27193638171
27200642129
27207495718
27214403545
27221409079
27228510972
27235818496
27243036042
27250017876
27257319602
27264518190
27271843892
27279133485
27286286373
27293738941
27301015866
27308411825
27315796951
27323051385
27330856512
27338389268
27345467629
27352791586
27359956469
27366974977
27374235944
27381374924
27388711274
27396014714
27403137047
27410384091
27417543573
27424734726
27431960381
27438923151
27446237545
27453518448
27460780470
27467891620
27475171283
27482382999
27490072244
27497271506
27504577531
27511948964
27519105815
27526428242
27533717605
27540841362
27548410685
27555825555
27563039413
27570525060
27577652290
27584704917
27591928169
27599220424
27606655796
27613900606
27621181310
27628487106
27635732696
27643060922
27650122560
27657270307
27664335404
27671485308
27678575772
27685667566
27692826084
27699947255
27707091300
27714225032
27721672460
27728742437
27735922727
27743207057
27750500429
27757643846
27764960887
27771966635
27779413420
27786699311
27793973849
27801390019
27808605101
27815629913
27823220992
27830200990
27837890418
27845152028
27852351167
27859718714
27866812345
27873877502
27881209170
27888387854
27895651544
27902873925
27910044009
27917283006
27924547094
27931557906
27938751323
27945578611
27952680336
27959826354
27966995475
27974343698
27981738448
27988802580
27996042127
28003021528
28010205490
28017596094
28024945020
28032262215
28039813759
28047478310
28055044971
28062625126
28069955448
28077276681
28084210611
28091393425
28098744234
28105825487
28113168967
28119997219
28127315943
28134542348
28141888275
28148960808
28156200645
28163219092
28170218245
28177060742
28184270637
28191442956
28198616223
28205767856
28213088233
28220049626
28227091635
28234148775
28241275347
28248566669
28255973383
28263304990
28270689795
28278026513
28285311684
28292623080
28299484503
28306934164
28314252812
28321517925
28329017741
28335987411
28343468545
28350612773
28357752946
28364933726
28372166785
28379378578
28386801939
28393900129
28400966817
28407977124
28415172469
28422484064
28429734458
28436724845
28443819638
28450713222
28458121527
28465307937
28472618736
28479890322
28487223198
28494678735
28502275981
28509535999
28516794534
28524067098
28531351764
28538758387
28546246605
28553728198
28561314611
28568540908
28575876325
28583357000
28590595782
28597827067
28605186841
28612361853
28619629047
28626782240
28633958644
28641264899
28648416012
28655545261
28662718008
28669840785
28677142190
28684150860
28691548043
28698709193
28705748937
28712925387
28720097093
28727082278
28734303602
28741348059
28748494322
28755679844
28763059524
28770673691
28778156860
28785277939
28792904392
28800170408
28807630015
28815175088
28822720038
28830182399
28837835199
28845084277
28852451549
28859791433
28867082770
28874499002
28881509094
28888529285
28895829221
28902988780
28910254995
28917374880
28924558383
28931906606
28939072223
28946332440
28953319446
28960335796
28967625099
28974942002
28982024005
28989068844
28996289174
29003417919
29010862516
29018210999
29025637971
29032849932
29040028952
29047424329
29054671144
29061937772
29069221857
29076472267
29083767490
29091254867
29098722690
29106202232
29113353498
29120771673
29128336543
29135610454
29143031031
29150063431
29157239437
29164720234
29171583676
29178718097
29185879461
29192989968
29200346636
29207852403
29214850286
29222164069
29229637675
29236848473
29244121925
29251355306
29258616717
29265702988
29272898211
29280100288
29287399291
29294361372
29301661614
29308558395
29315621793
29322960714
29330113739
29337186898
29344507811
29351556092
29358874694
29366098895
29373365263
29380828741
29387956766
29394965390
29402414991
29409580608
29417118367
29424607457
29431816756
29439047612
29446309604
29453754829
29461167036
29468339891
29475711018
29483140422
29490505980
29498066934
29505431757
29512580958
29520004089
29527062300
29534193600
29541186450
29548243192
29555674218
29562777504
29569996197
29577478294
29584483904
29591796340
29599165080
29606158481
29613350797
29620436426
29627440965
29634822541
29641933369
29649254037
29656642774
29663744881
29671268993
29678671592
29685869890
29693273193
29700526280
29707743137
29715054028
29722373379
29729487313
29736449731
29743282818
29750781348
29758053576
29765016193
29772317873
29779764781
29787268238
29794848760
29802121830
29809606590
29816996688
29824105283
29831590058
29839063756
29846610450
29854195793
29861653227
29869319124
29876562327
29883948815
29891231967
29898258446
29905373130
29912793615
29919817187
29926999787
29934206684
29941373923
29948471639
29955484623
29962600821
29969857244
29976914889
29984026039
29991329524
29998492250
30005817645
30013063740
30020103026
30027429232
30034477146
30041888313
30049085907
30056209037
30063674151
30071039877
30078537413
30086299822
30093367994
30100864596
30108340497
30115620849
30122913441
30130133022
30137184011
30144725289
30151690507
30158977423
30166315334
30173497169
30180630993
30187786283
30195105512
30202541358
30209671143
30216892544
30224188593
30231859095
30239327056
30246589782
30253773408
30260875698
30268047344
30275243622
30282558231
30289639806
30296962860
30304468015
30311459809
30318869507
30325978086
30333092295
30340373688
30347732192
30355143665
30362535738
30369427240
30377041882
30384375417
30391678061
30399275138
30406559499
30413907737
30421316823
30428572710
30436015931
30443130920
30450431912
30457714421
30464786280
30471971971
30479264196
30486213150
30493534873
30500723119
30508022321
30515233930
30522497375
30529617995
30537084961
30544199308
30551204872
30558431277
30565452982
30572893525
30580312449
30587561803
30595243811
30602579641
30610109245
30617676885
30624902907
30632554758
30639777001
30647077335
30654734403
30662196611
30669730652
30677244436
30684536034
30691862515
30699102123
30706449948
30713874870
30721096440
30728373548
30735766141
30743085661
30750463489
30757719514
30764837319
30772106364
30779229187
30786416898
30793893075
30800936353
30808104204
30815513933
30822613745
30830175877
30837632913
30844882237
30852375779
30859611731
30867077840
30874606695
30881981784
30889763089
30897052131
30904583510
30911866968
30918871935
30926229675
30933716562
30940938422
30948424452
30955910986
30963188768
30970542285
30977869699
30985309982
30992785409
30999805263
31007062558
31014413658
31021748982
31029040350
31036295106
31043434912
31050830840
31057853708
31064911751
31072235739
31079444043
31086938335
31094314756
31101731767
31109365917
31116395333
31123849876
31131121201
31138255025
31145852729
31153289585
31160664491
31168439599
31175915240
31183465607
31190958598
31198144442
31205831850
31212880101
31220111968
31227549910
31234696479
31242029019
31249207488
31256300063
31263688892
31271038247
31278247087
31285638333
31292861938
31300109242
31307449463
31314880887
31322039175
31329493978
31336236168
31343553714
31350823341
31357972113
31365645583
31372962930
31380545825
31388198441
31395705386
31403461094
31410905049
31418398239
31425982173
31433046979
31440440046
31447974944
31455186859
31462718499
31470218191
31477782175
31485218250
31492469853
31499680193
31506964829
31514255003
31521677202
31528922593
31536154092
31543397464
31550836645
31557945056
31565481668
31572574350
31579793288
31587114062
31594391660
31602010448
31609495683
31616527930
31624090551
31631294771
31638684227
31646052447
31653164331
31660440077
31667441755
31674762423
31682162222
31689215124
31696446332
31703747018
31710868128
31718021887
31724961371
31731880015
31739129461
31746155084
31753495213
31760768022
31768110324
31775434388
31782790230
31789774573
31796751403
31803866638
31811224377
31818400766
31825739931
31833022440
31840462585
31847682472
31855127742
31862330722
31869474476
31876982262
31884071273
31891224053
31898568619
31905470342
31912726367
31919938818
31927135678
31934405794
31941370109
31948782577
31956221467
31963380200
31970970836
31978351602
31985774213
31993373310
32000912415
32008199316
32015583738
32022771939
32030095941
32037486071
32044742769
32052397053
32059852422
32067285039
32074809075
32081914486
32089106894
32096264754
32103479699
32110874862
32118247764
32125395373
32132622098
32139709747
32147055170
32154315188
32161297940
32168493621
32175421492
32182479428
32189881430
32197134946
32204574785
32211766305
32218948125
32226331554
32233593561
32240512542
32247887861
32255196075
32262696762
32270223704
32277458248
32284826942
32292260141
32299565478
32307169899
32314430713
32321805726
32329291894
32336709318
32344216906
32351645347
32358698448
32365947817
32372936964
32380225670
32387474351
32394565213
32401548561
32408667437
32415675418
32423195950
32430525476
32437796893
32445149078
32452060042
32459206213
32466556976
32473587846
32481032398
32488481998
32496181677
32503660838
32511048458
32518271879
32525757832
32532937005
32540296320
32547482379
32554926135
32562361093
32569595866
32577298544
32584769014
32592130563
32599491194
32607022038
32614208524
32621802159
32628994995
32636152213
32643533331
32650805880
32658070029
32665176573
32671948032
32679092045
32686366935
32693704280
32701185337
32708258252
32715691803
32722958354
32730086318
32737362111
32744508786
32751708553
32758951895
32766063182
32773510870
32780832103
32787988984
32795169320
32802528314
32809625847
32817303096
32824517597
32831934991
32839454681
32846952155
32854413429
32861958441
32869329399
32876686221
32884106308
32891434885
32898948822
32906325610
32913475882
32920924304
32927955848
32935481260
32942706210
32949936180
32957389452
32964544987
32971575933
32978900671
32986060199
32993587722
33000722418
33008073579
33015593911
33022547088
33029839557
33037180543
33044466725
33052055249
33059221234
33066449780
33073783957
33081405469
33088976368
33096405543
33103308321
33110611501
33118075973
33125525298
33132891575
33140143500
33147517641
33155215239
33162493495
33169790295
33176975129
33184023471
33191374158
33198608793
33205914941
33213413961
33220321329
33227471723
33234787035
33241756338
33249219219
33256242455
33263481619
33271015232
33278181003
33285621148
33292957574
33300289151
33307780122
33315205121
33322399854
33329860700
33337057988
33344633110
33352159364
33359592241
33367178456
33374747794
33382185246
33389732889
33397234296
33404364524
33411705281
33418890084
33426100332
33433509341
33440725372
33448007392
33455400551
33462531927
33469903451
33477031201
33484240607
33491430628
33498472254
33505790994
33513011844
33520239396
33527656101
33534660931
33541887381
33549263235
33556192942
33563615492
33570853938
33578336494
33585719831
33593154238
33600403562
33607798832
33615293491
33622746779
33630086113
33637599897
33645149253
33652368115
33659522716
33667112113
33674281739
33681785945
33688942352
33696012772
33703570131
33710863870
33718090229
33725401471
33732626453
33739990786
33747393232
33754369604
33761617214
33768688553
33775794194
33783131141
33790281504
33797609362
33804940250
33812336316
33819668367
33826961051
33834078764
33841494153
33848614865
33856046106
33863523170
33871130100
33878370106
33885781074
33893161718
33900665817
33907794990
33914867292
33922321957
33929698653
33937160662
33944616153
33951784984
33959447300
33966554364
33973907667
33981380080
33988606209
33996015968
34003581803
34010700311
34018200876
34025532804
34033057038
34040567686
34047646262
34054715259
34062018944
34069094016
34076387388
34083576567
34090932058
34098275629
34105326160
34112400390
34119681033
34126687454
34134006209
34141272929
34148462154
34155621988
34162839640
34170163919
34177646674
34184856922
34192167568
34199290269
34206308317
34213644744
34220909322
34228000489
34235183564
34242450696
34249834002
34257404106
34264483553
34271946909
34279069839
34286298003
34293899563
34301185744
34308517535
34315800534
34323163551
34330597485
34337947391
34345075431
34352482100
34359640083
34366901799
34374036082
34381193147
34388579696
34395984223
34403109433
34410373047
34417394324
34424625012
34431745617
34438800003
34446109226
34453478456
34460782431
34468210290
34475232791
34482346633
34489641704
34496699257
34504171517
34511526640
34518795364
34526220133
34533468217
34540814436
34548412263
34555580558
34562657068
34569627534
34576698367
34583805355
34590856773
34597968259
34605036339
34612359806
34620032083
34627673943
34634537631
34641781920
34648854575
34656148926
34663254292
34670360071
34677501958
34684877262
34692059342
34699273812
34706412945
34713538186
34720937633
34728268276
34735422602
34743092890
34750303382
34757810266
34764812755
34771843763
34779122325
34786310203
34793652092
34800952732
34807833126
34815016125
34822134159
34829348859
34836703660
34843948608
34850727166
34857999837
34864945915
34872124002
34879299396
34886378997
34893429114
34900664652
34907672710
34915072647
34922117211
34929101921
34936096392
34943125840
34950347761
34957484262
34964469355
34971946236
34979122945
34986342159
34993300078
35000428211
35007513319
35014753264
35021904851
35029518621
35036877538
35044262894
35051663061
35058570949
35065807742
35073142776
35080158760
35087690934
35095011021
35102311859
35109654023
35116752841
35123819360
35131038053
35138126268
35145766384
35152871444
35159905940
35166852981
35173891456
35181024867
35188411385
35195265127
35202531510
35209682226
35216810327
35223973053
35231098140
35238157346
35245551377
35252742469
35260248970
35267393198
35274364995
35281550640
35288564038
35295728079
35302872384
35310172779
35317676250
35325016686
35332099637
35339611111
35346888418
35354129526
35361360244
35368320566
35375576836
35382998851
35390036285
35397146990
35404249204
35411378729
35418790431
35425477495
35432508717
35439682061
35446493407
35453666613
35461006543
35467974745
35475169876
35482236517
35489760705
35497162233
35504345155
35511607193
35519071527
35526151036
35533557705
35540854137
35548349041
35555649543
35562867732
35570515421
35577968801
35585039987
35592455086
35599694571
35607173686
35614263828
35621690004
35628965109
35636408880
35643881262
35651607961
35658992032
35666333752
35673623131
35680976892
35688249503
35695878297
35702969464
35710467153
35717601925
35724680180
35731838606
35738846802
35746044625
35753273447
35760266587
35767447015
35774582048
35781525754
35788844187
35796041675
35803087569
35810462873
35817304590
35824590587
35831701369
35838979426
35846357148
35853540696
35860586683
35868152074
35875299760
35882535604
35889985480
35897361197
35904843004
35912198494
35919343809
35926785208
35933994874
35941165296
35948706115
35955974870
35962926822
35970268956
35977219317
35984615766
35991610528
35998869858
36006194886
36013261726
36020410651
36027480659
36034523234
36041859063
36049066955
36056264687
36063482859
36070737140
36077745397
36085217320
36092209604
36099543613
36106669496
36114004775
36121441845
36128902844
36136273650
36143700912
36150758772
36157869018
36164974293
36172329936
36179930058
36187262904
36194533143
36202253049
36209372796
36216522792
36223786620
36230617290
36237821831
36244928681
36252024056
36259140193
36265667708
36272638557
36279844367
36286845310
36294192187
36301527083
36308652232
36315940571
36323031050
36330224697
36337335876
36344253175
36351840261
36359336052
36366393193
36373525762
36380628144
36387982457
36395336983
36402780907
36410283767
36417872460
36425130795
36432731943
36439949947
36447235440
36454382697
36461657648
36469084819
36476454492
36483300080
36490675077
36497879511
36504921397
36512132501
36519142793
36526286837
36533426812
36540688865
36548102572
36555133044
36562191959
36569251593
36576414197
36583493308
36590502131
36597541278
36604821538
36611936100
36619320996
36626740425
36634083217
36641360172
36648509281
36655792111
36663237719
36670459212
36677659147
36685110859
36692472821
36699612015
36707102589
36714129696
36721243920
36728450251
36735137452
36742575501
36749731587
36757069635
36764423641
36771316536
36778678544
36785839709
36792860328
36800226819
36807325147
36814182592
36821525307
36828505442
36836110919
36843385503
36850605956
36857944708
36865316401
36872653929
36880217101
36887428496
36894780682
36902518412
36909917278
36917276348
36924702876
36931961212
36939266839
36946657520
36953899866
36961347922
36968377522
36975729631
36983155914
36990195980
36997594127
37004683014
37011930686
37019318291
37026333203
37033460540
37040705472
37047776275
37054960497
37061989868
37069166272
37076531631
37083791221
37091053794
37098179035
37105509831
37112879963
37119897308
37127140206
37134537496
37141728435
37149009307
37156538896
37163666385
37171363571
37178707479
37185999413
37193398585
37200991485
37207890775
37215190773
37222203711
37229605209
37236996730
37244264368
37251533872
37258650407
37265630405
37272991526
37279910997
37287300789
37294488393
37301403488
37308786855
37316009541
37323099531
37330331198
37337141687
37344471213
37351872833
37358929269
37366215634
37373403024
37380439188
37387745901
37395008475
37402402276
37409934528
37417397837
37424965554
37432458606
37439717798
37447138329
37454456227
37461505320
37468823141
37475729515
37482795377
37490070312
37497299211
37504656338
37511777233
37518973573
37526391793
37533502790
37540580233
37548149327
37555252933
37562725086
37569979673
37577477025
37584931659
37592160894
37599385477
37606823909
37614236575
37621620432
37628911233
37636282498
37643636673
37650804279
37658453820
37665856970
37673466042
37680770186
37687911660
37695038690
37702510476
37709622589
37716730694
37723985433
37730917680
37738174041
37745345733
37752067084
37759395172
37766395473
37773592088
37780772822
37787785194
37795007207
37802105107
37808986266
37816067336
37823245056
37830327609
37837800022
37844765316
37852187622
37859627155
37867127353
37874563994
37881765720
37888913130
37896061366
37903184970
37910612156
37917829334
37925362917
37932975477
37940724270
37947939642
37955230490
37962154368
37969471516
37976783616
37983915160
37991355764
37998655761
38005641037
38012871374
38019904416
38027092509
38034371041
38041507848
38048652489
38055863808
38062845779
38070209348
38077429984
38084560595
38091774789
38099074817
38106494369
38113950349
38121395911
38128724182
38136013668
38143180938
38150715852
38158179972
38165581882
38173126404
38180448097
38187622894
38194833325
38202387914
38209966632
38217312468
38224485674
38231756693
38239048902
38246463267
38253909700
38261026434
38268195999
38275414126
38282366216
38289739332
38296689724
38303730387
38310983535
38318140278
38325359063
38332579975
38339757189
38346929340
38353910011
38361178643
38368471296
38375625591
38382773568
38390148688
38397377173
38405053948
38412190679
38419599230
38426935274
38434256278
38441520060
38449045013
38456495792
38464128518
38471443249
38478708102
38485924776
38493037470
38500536658
38508138325
38515573651
38523204205
38530399014
38537635027
38544999254
38551944765
38559086346
38566226290
38573212500
38580548283
38587949919
38595332857
38602696319
38609598409
38616778454
38624026661
38631025569
38638238035
38645254890
38652443335
38659825723
38667047078
38674247411
38681677474
38688851812
38696177636
38703136213
38710265524
38717793001
38724914264
38732383831
38740219114
38747471039
38754799830
38761898143
38769097971
38776646211
38783884029
38791283002
38798886536
38806118249
38813488550
38820992083
38828280437
38835828860
38843289262
38850528993
38857838767
38865013702
38872502899
38879623534
38886926056
38894378701
38901721339
38908889451
38916548998
38923664967
38930861031
38937879156
38945227976
38952731799
38959796636
38967113233
38974833032
38982479268
38989897397
38997246828
39004584004
39012039710
39019663287
39026932286
39034474513
39041905218
39049128333
39056474199
39063752807
39071261756
39078786434
39086179945
39093602587
39100734468
39108189041
39115540033
39122704717
39129828917
39137108902
39144523771
39151926355
39159029135
39166228382
39173410447
39180704691
39187928387
39195268088
39202528244
39209815068
39217009296
39224036770
39231102631
39238400196
39245661514
39252994590
39260235958
39267700292
39275024632
39282368693
39289663794
39297035885
39304479748
39311948122
39319281580
39326836781
39334313478
39341463627
39348706173
39355964937
39362950488
39370184573
39377228127
39384545076
39391845930
39399031652
39406390799
39413423077
39420492595
39427691168
39434956848
39442435656
39450019131
39457272433
39464972311
39472309426
39479672842
39487247474
39494538215
39501846183
39509099684
39516224725
39523582602
39530936915
39537924807
39545336311
39552476163
39559539744
39566803175
39573975830
39581422218
39588661122
39595616670
39603119392
39610415825
39617789308
39625078932
39632301404
39639423033
39646803187
39653819905
39661288493
39668496476
39675758361
39683315566
39690574162
39697918223
39705088063
39712472195
39720121461
39727271671
39734583403
39741941754
39748960568
39756140460
39763382348
39770519324
39777659283
39784731157
39791891527
39799268039
39806477981
39813378128
39820541955
39827648897
39834852825
39842012062
39849179041
39856505553
39863610093
39870871244
39878165228
39885222919
39892383992
39899456478
39906640196
39914012990
39921202629
39928301568
39935632854
39942659853
39949850058
39957285047
39964484156
39971933435
39979126026
39986276007
39993893755
40001307217
40008824459
40016318643
40023625985
40031164922
40038609933
40045945915
40053577555
40060856989
40068054354
40075327882
40082270732
40089516781
40096622575
40103652879
40111102694
40118200211
40125353114
40132678295
40139944801
40147053089
40154264912
40161095046
40168280508
40175369181
40182554628
40189831399
40197084839
40204263767
40211457873
40218697496
40226117247
40233429423
40240667302
40247888183
40255292602
40262587352
40270121378
40277363526
40284531790
40291822775
40298989020
40306549301
40313603044
40320892087
40328357217
40335499379
40342928371
40350122936
40357012480
40364212109
40371445031
40378594843
40385746507
40392704641
40399828841
40406935095
40414320680
40421570386
40428801441
40435876804
40443409560
40450533210
40457795691
40465293885
40472664476
40480180111
40487634684
40495025441
40502577628
40509572926
40516734734
40524073317
40531248023
40538541533
40545704748
40552669614
40560114426
40567306941
40574443794
40581776686
40588779879
40595707902
40602824330
40609658151
40616959725
40624272099
40631328429
40638423620
40645352424
40652557470
40659922293
40667122106
40674438474
40681622145
40688933908
40696097414
40703417271
40710822516
40718301692
40725572604
40732925065
40740481215
40747836384
40754838735
40762115552
40769434629
40776956797
40784119569
40791313827
40798458086
40805468515
40812590711
40819849475
40827104536
40834383067
40841442472
40848878104
40856160276
40863289036
40870844803
40877812913
40884925531
40892493645
40899349591
40906631962
40913846188
40921038733
40928467969
40935641191
40942697566
40949865050
40957019024
40964251563
40971425565
40978689531
40986012968
40993439848
41000581398
41007970717
41015088981
41022436882
41029690551
41036799665
41044174418
41051596066
41058469147
41065938255
41073165088
41080330583
41087689393
41094763731
41101831244
41109187041
41116704267
41124189410
41131241241
41138586205
41146026075
41153075320
41160357799
41167500757
41174451027
41181698361
41188890922
41196286284
41203580146
41210722354
41217745513
41225006358
41232285899
41239456596
41246588277
41253468703
41260689400
41268002616
41275024965
41282521337
41289768458
41297314586
41304614996
41311849372
41319215955
41326616488
41333850435
41341405942
41348741328
41356418715
41363711430
41371091201
41378340020
41385539664
41392607010
41400100078
41406981084
41414076612
41421300232
41428501881
41435757799
41443007734
41449960452
41456996555
41463958239
41471215319
41478480096
41485703945
41493081437
41500560735
41507904245
41515267691
41522354712
41529596447
41537105075
41544190750
41551524774
41558943974
41565799797
41573159005
41580218502
41587584488
41594826100
41601881098
41609262277
41616547954
41623578549
41631142486
41638438872
41645963917
41653325528
41660569833
41668089431
41675504239
41682884286
41690245545
41697440461
41704768825
41712164462
41719441785
41726590266
41733807337
41740681291
41748026836
41755263476
41762372988
41769786221
41776952098
41783989486
41791204155
41797985850
41805254635
41812378575
41819353692
41826552816
41833743893
41840807719
41848216974
41855407912
41862675642
41869814224
41877058514
41884560854
41891836080
41899299910
41906937746
41914032142
41921449414
41928978406
41936274425
41943722067
41950800123
41957717161
41964995708
41971967413
41979205980
41986540663
41993583926
42000727297
42007999020
42015068783
42022486758
42029378352
42036325868
42043708485
42050940979
42058097937
42065332297
42072445512
42079966364
42086892399
42094026819
42101279937
42108280254
42115613926
42122947247
42130225946
42137824829
42145107032
42152504628
42159988225
42167251120
42174447735
42181958475
42189562728
42196858349
42203910639
42210940928
42218255078
42225745009
42233188719
42240567037
42247421590
42254717456
42262049859
42269249412
42276402100
42283288936
42290345189
42297676796
42304475550
42311592024
42318783942
42325877940
42333082587
42340313016
42347532871
42354675998
42361668863
42369104785
42376246825
42383412045
42390795962
42398069445
42405379769
42412695372
42419727788
42427057697
42434106376
42441401952
42448922208
42456206981
42463499328
42471023088
42478196493
42485340078
42492773109
42500082822
42507246159
42514552108
42521589665
42528682668
42535617852
42542793047
42549847893
42556854222
42564228944
42571375283
42578393868
42585805800
42593009866
42600361852
42607538409
42614485879
42621555076
42628843231
42635810606
42643259855
42650544751
42658041475
42665343110
42672391697
42679674910
42686813095
42693908041
42701147007
42708085955
42714915859
42722179473
42729198914
42736430276
42743765478
42750774454
42757816095
42764813306
42772068198
42779588072
42786845505
42794251271
42801709118
42809255307
42816628163
42823683070
42830589214
42838060770
42845233288
42852404551
42859821211
42867021590
42874162008
42881170739
42888050017
42895133641
42902299871
42909131122
42916240787
42923152072
42930239369
42937362299
42944530716
42951560715
42958773456
42965788215
42973236316
42980426781
42987582729
42994798025
43002054585
43009310855
43016591972
43023781580
43031296649
43038589716
43046014515
43053662954
43060970494
43068706327
43076061986
43083187701
43090749420
43097958153
43105303101
43112534845
43119240973
43126335644
43133163391
43140021433
43147324796
43154421120
43161949530
43169118544
43175972409
43183310182
43190476365
43197472994
43204722777
43211689326
43218875812
43226160096
43233287479
43240435011
43247727787
43254945945
43262420836
43269583194
43276723001
43283982285
43291181057
43298398205
43305696075
43312542718
43319843985
43327143217
43334670358
43341915933
43348853504
43355947808
43363349964
43370277865
43377607865
43384617851
43391761742
43399123368
43406161873
43413378837
43420735704
43427797113
43435148029
43442115052
43449232474
43456532043
43463491401
43470469211
43477510791
43484467778
43491616198
43498547159
43505595257
43512708120
43519686618
43526651117
43534080598
43541050406
43548173811
43555326147
43562206971
43569420615
43576657668
43583822780
43591057997
43598097756
43605523198
43613027328
43620206394
43627431605
43634676492
43641966421
43649417904
43656779713
43664321557
43671805430
43679000270
43686311192
43693419847
43700456164
43707655151
43714797038
43722059519
43729258812
43736349031
43743563088
43750874178
43757864702
43764910076
43772040519
43779146374
43786295284
43793295554
43800330142
43807747812
43814848527
43822156143
43829555300
43836732117
43844021603
43851403302
43858842376
43866135473
43873159366
43881225526
43888628049
43895696557
43903205644
43910436026
43917823188
43925109920
43932297600
43939768941
43946838995
43953837980
43961267170
43968202553
43975343951
43982240747
43989048283
43996113747
44003226395
44010436903
44017819979
44025159052
44032311711
44039523442
44046684423
44053899949
44061330241
44068555376
44076051733
44083317290
44090440006
44097882477
44104998369
44112281429
44119805679
44127102432
44134609362
44142123406
44149315936
44156784294
44163868761
44171362456
44178792197
44185875944
44193052118
44200284306
44207328655
44214579234
44221852043
44229113377
44236431244
44243413874
44250568857
44257811403
44265089430
44272527876
44279527917
44286593472
44294037642
44301278244
44308467485
44315687876
44322687932
44330058171
44337420929
44344978884
44352304708
44359538992
44366847725
44374438774
44381586567
44389362318
44396975368
44404239043
44411603591
44418795448
44426298492
44433811052
44440888388
44448078485
44455102914
44462425800
44469597446
44476702827
44483950483
44491296150
44498109516
44505439103
44512548248
44519694052
44526995916
44534420761
44541581804
44548860335
44555750797
44563058888
44570367285
44577563961
44585151522
44592518273
44599757988
44607422584
44614575090
44621857553
44629067754
44636177909
44643826410
44651328704
44659060620
44666650812
44674069966
44681614595
44689084881
44696224106
44703620722
44710898213
44717964120
44725295712
44732371962
44739678508
44746895135
44754100517
44761445527
44768586159
44775614459
44782829756
44789734737
44796858387
44803990773
44811212067
44818520418
44826078082
44833106902
44840506594
44847578637
44854820739
44862107501
44869569755
44876966616
44884646849
44891777720
44899434299
44906861883
44914148508
44921596839
44929083435
44936377297
44943712270
44950927352
44958273984
44965183923
44972256776
44979559405
44986570339
44993427921
45000588673
45007671762
45015033480
45022446162
45029698346
45037068785
45044346566
45051587261
45058864629
45065700562
45072870004
45080091604
45087224740
45094638141
45101941305
45109328803
45116976263
45124047464
45131348991
45138466888
45145592052
45153158927
45160315410
45167558109
45175042119
45182106665
45189302148
45196579485
45203665696
45211077597
45218273034
45225286172
45232686384
45239960983
45247218691
45254428051
45261726029
45268955493
45276235095
45283380348
45290491758
45297662837
45304886931
45312008010
45319224316
45326411981
45333537038
45340595081
45347762121
45354999633
45362126495
45369571659
45376875665
45384199071
45391696744
45398704358
45406246218
45413565080
45420981984
45428686330
45435766879
45442814641
45450101480
45457409938
45464942036
45472119786
45479165589
45486509773
45493486558
45500461047
45507606836
45514681556
45522021593
45529114979
45536161410
45543556940
45550880530
45558033219
45565453826
45572341932
45579708514
45587052805
45594257499
45601520959
45608834788
45616037951
45623628358
45630378412
45637647748
45644937004
45652064861
45659607930
45666843804
45674130322
45681694030
45688779843
45696160119
45703718028
45710831672
45718006194
45724893183
45732002710
45738865418
45745649407
45752711979
45760125028
45767310061
45774634125
45781964799
45789237700
45796721878
45803821155
45811205730
45818362198
45825492610
45832740909
45840050775
45847171685
45854678860
45861955616
45869329788
45876735294
45884082996
45891452823
45898914067
45906027343
45913681948
45920978595
45928115586
45935760628
45942815382
45950261815
45957697539
45964873805
45972279862
45979442358
45986732119
45993982407
46001246969
46008641612
46015851385
46022790471
46030105187
46037414746
46044678574
46051973094
46058986492
46066333475
46073738522
46080850635
46087976151
46095058001
46102255886
46109668017
46116934201
46123909624
46131468926
46138680459
46146170451
46153478435
46160489170
46167902648
46175191751
46182394869
46189751629
46197108756
46204672143
46212079118
46219397536
46226453468
46233263070
46240361061
46247718494
46254920495
46262110332
46269409442
46276616247
46283409355
46290443392
46297470805
46304856513
46311994039
46319232913
46326516309
46333805260
46340958821
46348287475
46355427098
46362729023
46369551476
46376831553
46384133707
46391318021
46398706911
46406073739
46413321150
46421097283
46428365043
46435661675
46443246940
46450552507
46458050364
46465227441
46472482517
46479981215
46486945760
46494307401
46501584678
46508796011
46516150293
46523516248
46530789440
46538135475
46545377485
46552637779
46559970549
46567088231
46574306067
46581428202
46588551652
46595715434
46602757243
46609788052
46617267687
46624437542
46631801922
46639420083
46646635455
46654016007
46661335451
46668161194
46675737524
46682876168
46690428171
46697956674
46705121450
46712398604
46719862510
46727155638
46734438545
46741702434
46748769060
46756104737
46762896866
46770043618
46777211118
46784227070
46791627604
46798933262
46806060782
46813626525
46820626658
46827717060
46835073162
46842155900
46849380085
46856825601
46863953565
46871068570
46878303052
46885531032
46893041160
46900346145
46907939443
46915316812
46922154291
46929718855
46937023917
46944598396
46952255541
46959528366
46967015941
46974290586
46981339097
46988845384
46995918329
47003204159
47010633930
47017512887
47024763327
47031798696
47038830484
47045911661
47052911105
47060054950
47067427683
47074571529
47081954406
47089244198
47096336131
47103672175
47110886232
47118050962
47125319104
47132701614
47139710070
47147399238
47154496266
47161821951
47169282736
47176581035
47184219560
47191461800
47198976380
47206657087
47213904758
47221453533
47228888140
47236191947
47243254595
47250311643
47257209909
47264566914
47271786066
47279204714
47286261763
47293558057
47300770539
47308079425
47315266263
47322810020
47329842451
47337057625
47344211155
47351461336
47358626968
47365590595
47372581364
47380128257
47387225897
47394616302
47402100113
47409190867
47416632038
47424124861
47431386348
47439224293
47446509143
47454006006
47461472115
47468580893
47475826789
47483281638
47490433317
47497589616
47504925614
47512359838
47519730246
47526956926
47534237752
47541453844
47548525198
47555861900
47563142359
47570495524
47577898123
47584910893
47591901279
47599218321
47606206795
47613546954
47620749858
47627837705
47635336098
47642767461
47650145840
47657778811
47664958550
47672448741
47679430193
47686698993
47694474530
47701808034
47709274617
47717010802
47724506884
47732106517
47739448497
47746673463
47754174487
47761317965
47768565591
47775949493
47783168308
47790753589
47798066683
47805452590
47812610634
47819849309
47826822926
47834024789
47840935111
47848313995
47855486115
47862728660
47869997706
47877136364
47884126506
47891595660
47898587255
47905943403
47913333165
47920545432
47927872985
47935092703
47942595502
47950200963
47957521815
47964901311
47972396214
47979596303
47986933418
47994275536
48001568418
48009006468
48016202012
48023573735
48030941466
48038097199
48045373925
48052393886
48059398991
48066758414
48073879921
48080833159
48088142413
48095392823
48102716994
48110092374
48117027696
48124144185
48130959080
48138233664
48145706689
48152908047
48160246325
48167928486
48175186178
48182623187
48190141224
48197513331
48205186571
48212488359
48219938525
48227344980
48234376936
48241986927
48249212903
48256458845
48263810663
48270938673
48278283698
48285689617
48292630615
48300101468
48307377689
48314592465
48322028571
48329163879
48336450320
48343791260
48350957291
48358015548
48365193589
48372568128
48379956100
48387344868
48394549515
48401840654
48409042807
48416231038
48423641073
48430968396
48438642080
48446034413
48452973437
48460450547
48467678359
48475095738
48482577591
48489749604
48497202677
48504624784
48511954708
48519347010
48526396990
48533750476
48541220257
48548074596
48555125540
48562014762
48568971780
48576278738
48583388832
48590513200
48597680531
48604845996
48611974449
48619336411
48626480532
48633672542
48640724511
48648077890
48655447946
48662597177
48669761356
48677193254
48684463248
48692009407
48699090660
48706610013
48714249824
48721700205
48728887318
48736451378
48743576604
48751241521
48758556099
48765762292
48773108587
48780210954
48787377122
48794673509
48801973399
48809489799
48816533506
48823979603
48831346492
48838588441
48845712825
48852878931
48859700651
48867082748
48874238359
48881384683
48888313900
48895498642
48902690178
48910172107
48917100391
48924251442
48931223132
48938333930
48945677976
48953113990
48960413650
48967922125
48975203105
48982385996
48989696672
48996675369
49003971939
49011256162
49018616809
49026242436
49033542617
49040950341
49048407576
49055607450
49063121204
49070357997
49077467448
49085087659
49092332974
49099624265
49106927277
49114145725
49121231247
49128502954
49135701283
49142888718
49150143779
49157307040
49164530736
49171682706
49178657226
49186008800
49192983978
49200224382
49207615245
49214959215
49222426915
49229479603
49236684725
49243957488
49250660480
49258172749
49265456115
49272810810
49280182136
49287365317
49294804483
49302266125
49309473802
49316872515
49323883617
49331241127
49338659195
49346092455
49353372945
49360828895
49367940931
49375037592
49382047776
49389344407
49396383234
49403433657
49410549825
49417696057
49424725872
49431866657
49438935288
49446068408
49453212773
49460272407
49467363774
49474713603
49481697411
49489027977
49496261282
49503397783
49510627966
49517932355
49525163716
49532571318
49539329665
49546806928
49554324904
49561410028
49568760240
49576037853
49583447628
49591053946
49598390587
49605924980
49613431680
49620765827
49628131813
49635333141
49642302643
49649351919
49656249603
49663091411
49670218181
49677411002
49684532769
49691845726
49699032901
49706479380
49713627586
49720619579
49727828495
49734915409
49741866291
49749047882
49756144664
49763721301
49770829528
49777920313
49785323738
49792650709
49799901134
49807083214
49814341871
49821842084
49829029703
49836378339
49843676928
49851197857
49858525701
49865612186
49872944681
49880330710
49887582849
49894839501
49902304294
49909778574
49916970890
49924295137
49931476636
49938880627
49946242605
49953464878
49960912291
49968254348
49975376238
49982886855
49989982413
49997337689
50004534029
50011647657
50019111854
50026551693
50033679504
50041299026
50048546055
50055811596
50063199921
50070258836
50077546746
50084595364
50091691841
50098976997
50106153309
50113273072
50120553042
50127709203
50135043993
50142045870
50149133595
50156332520
50163388788
50170741127
50177951313
50185035412
50192111952
50199370624
50206355992
50213839987
50221033313
50228348472
50235995795
50242946202
50250501939
50257917038
50265327119
50273030302
50280300739
50287381074
50294510859
50301520875
50308791160
50316211997
50323139638
50330275665
50337109180
50344125699
50351484969
50358560377
50365711827
50372774016
50379373120
50386669767
50393839285
50400987323
50408278002
50415516325
50422708152
50429985000
50437015595
50444284319
50451760664
50459019672
50466474077
50473810840
50480919205
50488290531
50495570959
50502803131
50510046564
50517158265
50524437806
50531810646
50538976585
50546713734
50553999502
50561475908
50568941834
50576050107
50583367546
50590872639
50598010380
50605419130
50612381808
50619633029
50626771641
50633990748
50641273364
50648466322
50655611637
50662895661
50670086508
50677409730
50685007404
50692303255
50699465629
50706785332
50713938297
50721424418
50728809927
50736093936
50743533010
50750930453
50758090455
50765491983
50772610492
50780221002
50787464696
50794656139
50802139538
50809223223
50816356267
50823594376
50830624435
50837854634
50844817725
50851964814
50859230325
50866334620
50873625360
50880903372
50887937501
50895228119
50902507354
50909767418
50917187704
50924494372
50931642930
50939116460
50946359189
50953607028
50960904149
50968128978
50975495882
50982621398
50989844665
50997445996
51004605509
51011938982
51019318509
51026544760
51033673321
51040995059
51048211687
51055608915
51062712858
51070091329
51077251332
51084085933
51091434952
51098631322
51105705874
51113174171
51120259647
51127570599
51134904271
51142274021
51149596005
51156887403
51164038332
51171355726
51178584104
51185864486
51193347380
51200623998
51207955437
51215384796
51222642489
51229975717
51237302826
51244691487
51252297132
51259648430
51267029502
51274341648
51281637254
51289231699
51296343415
51303561542
51311036800
51318047551
51325131742
51332375496
51339504516
51346971344
51354169306
51361466901
51368757091
51375854715
51382845713
51390143982
51397241652
51404537196
51411811474
51419117775
51426546568
51433957918
51441313653
51448736066
51455868911
51463091077
51470398403
51477591912
51485199179
51492594113
51499787148
51507655326
51514678041
51521895372
51529081797
51536066599
51543399614
51550719624
51557922114
51565596609
51573016528
51580594970
51587999558
51595172351
51602526602
51609772483
51616892797
51624180477
51630945051
51638122465
51645225031
51652337909
51659622805
51666908940
51674051776
51681447521
51688444226
51695560700
51702752373
51709901022
51717137509
51724178080
51731112300
51738292529
51745442112
51752504775
51759782128
51766933716
51774257871
51781746227
51789144496
51796746821
51804169127
51811653764
51819143084
51826259573
51833678328
51840837810
51847891600
51855012694
51862199502
51869524653
51876914583
51883856591
51891036315
51898130481
51904891490
51911985626
51919043699
51925996555
51933106954
51940442126
51947586675
51955062011
51962069135
51969418536
51976483082
51983498223
51990961579
51998211423
52005311877
52012736049
52019911076
52027138597
52034226016
52041318071
52048899971
52056558998
52063836596
52071349232
52078557843
52086019484
52093238284
52100250733
52107506850
52114645203
52121556136
52128965054
52135939406
52143213042
52150324788
52157375043
52164519577
52171633817
52178769706
52185975165
52192863026
52199960313
52207237559
52214165950
52221331965
52228726057
52235928945
52243123648
52250280789
52257437349
52264717578
52271571428
52278609780
52285889305
52293267700
52300893006
52308214362
52315542771
52322914908
52330202007
52337487591
52344713705
52351497909
52358634073
52365591764
52372716484
52379860299
52386788491
52393936635
52401188422
52408121311
52415474981
52422741043
52429921761
52437258478
52444394322
52451734818
52459060428
52466063498
52472973574
52480116854
52487273643
52494603980
52501789594
52508890600
52516427426
52523598398
52531014017
52538323317
52545496171
52552965432
52560342526
52567642615
52574934993
52582139120
52589633106
52596939973
52604093381
52611530665
52618726270
52625890755
52633249275
52640090073
52647184209
52654300683
52661314402
52668455830
52675472930
52682458420
52689679714
52696493906
52703790384
52711000218
52718106181
52725429266
52732795084
52739870094
52747447052
52754519294
52761768862
52769134695
52776221273
52783651611
52790903658
52798264059
52806095104
52813333243
52820655808
52827954398
52835094617
52842324112
52849608289
52856628418
52864005788
52870966278
52877982766
52885276154
52892346069
52899581960
52906647913
52913512962
52920901316
52927833104
52934745950
52942063312
52949294720
52956260259
52963414478
52970464809
52977682890
52984817984
52992145062
52999511951
53006845410
53013984588
53021382169
53028706279
53036203371
53043655848
53050751055
53058134590
53065132014
53072555130
53079972938
53087028227
53094382830
53101466867
53108675478
53115911261
53123156163
53130166990
53137448321
53144506242
53151671201
53158819621
53165938405
53173269262
53180641353
53187753650
53195054810
53202045717
53209415604
53216487203
53223495062
53230867306
53238328703
53245623437
53253014913
53260183422
53267451396
53274750307
53282105338
53289912377
53297471067
53304693325
53312385155
53319518153
53327040367
53334576688
53341701072
53348921004
53356232201
53363250051
53370521208
53377550058
53384775514
53391903294
53399131596
53406032553
53413088975
53420168820
53427571893
53434433699
53441487335
53448638815
53455587280
53462921029
53470146928
53476965603
53484045494
53490979102
53498084085
53505317895
53512750451
53519763405
53527144202
53534427552
53541785215
53548750265
53555626957
53562997380
53570215675
53577626598
53585177469
53592437502
53600297526
53607481870
53614645651
53621837386
53628875095
53636231503
53643372564
53650131385
53657302786
53664385630
53671476614
53678745797
53686319618
53693596849
53701246512
53708676957
53715884971
53723276248
53730547971
53737730938
53745424696
53752553089
53759932921
53767059585
53773888832
53781145882
53787986236
53795223075
53802201834
53809182856
53816382669
53823371740
53830478865
53837722757
53844656503
53851800915
53858853801
53865920688
53873345135
53880278024
53887297649
53894545075
53901740482
53908833929
53916057059
53923230097
53930545027
53937719640
53945228819
53952739987
53959853232
53967304669
53974896927
53982002017
53989089620
53996184873
54003396619
54010547809
54017695250
54024759382
54032037393
54038696596
54045975280
54053034073
54060025622
54067314573
54073985021
54080822774
54088037765
54095115285
54102477461
54109662723
54116726810
54123897645
54130830365
54138127318
54145564495
54152773258
54160124893
54167516277
54174853667
54182293415
54189518702
54196575888
54203803440
54210684492
54218037933
54225009852
54232410921
54239813229
54247118291
54253979025
54261131607
54267887612
54275036216
54282217271
54289142311
54296354043
54303466278
54310546965
54317775649
54324779454
54331845774
54339081741
54345946713
54353368253
54360522197
54367370599
54374600736
54381650594
54388719378
54396071823
54403280066
54410443190
54417619823
54424797053
54432467356
54439645412
54447096818
54454379542
54461778362
54469012339
54476250907
54483200167
54490581468
54497789956
54504728797
54511997735
54518989636
54525920001
54532756469
54539288514
54546428702
54553286621
54560212947
54567642871
54574571140
54581585226
54588805066
54595835141
54603027763
54609896285
54616857831
54624039192
54630828612
54638012605
54645497044
54652342723
54659397920
54666880706
54674146477
54681532216
54688483113
54695702617
54702899232
54709758207
54716991970
54724359654
54731306421
54738533544
54745760774
54752435185
54759517830
54766530494
54773893450
54781235721
54788553803
54795997865
54803421961
54810547997
54817883444
54824862631
54832367465
54839582945
54846480521
54853782048
54861140675
54868075018
54874998344
54882041913
54889020825
54896146953
54903317833
54910669973
54917694234
54924613184
54932081436
54939252561
54946309609
54953512314
54960626952
54967708021
54974820257
54981733791
54989231755
54996393807
55003466263
55010743616
55017889527
55025278004
55032469830
55039571540
55046928269
55054164787
55061345276
55068940762
55076006011
55083377673
55090812295
55097843257
55105533267
55112476820
55119497806
55126875252
55134032164
55141429408
55148829130
55155820909
55163148217
55170139842
55177203011
55184485122
55191769774
55198776638
55205899890
55213064329
55220467540
55227784949
55234891263
55242160982
55249290583
55256400233
55263786966
55270900578
55277988104
55285469116
55292866727
55300152327
55307573531
55314732294
55322287036
55329450649
55336703966
55344142810
55351470118
55358735185
55365804061
55372705631
55380041675
55387305625
55394523538
55401904487
55409049235
55415952963
55423357535
55430570644
55437789811
55444868280
55451964909
55459238774
55466073804
55473253176
55480834510
55488099378
55495579625
55502856274
55510226758
55517547717
55524691042
55532062582
55539684353
55546818636
55554352448
55561558197
55568700803
55576241133
55583486081
55590676515
55598116078
55605088793
55612518397
55619654148
55626694199
55634056972
55640958251
55648192458
55655230902
55662197558
55669483678
55676806641
55683804019
55691007550
55698227237
55705408047
55712580795
55719623997
55726819281
55733929389
55740928833
55748256860
55755485345
55762679528
55770132357
55777287493
55784397434
55791464198
55798509863
55805855822
55813227637
55820160220
55827705155
55834959482
55842175604
55849544650
55856960346
55864496529
55871667318
55878905289
55886591091
55893751935
55901503190
55908903953
55915949129
55923353197
55930417972
55937612996
55945163071
55952049816
55959358977
55966756405
55974042846
55981453815
55988837579
55996081869
56003352490
56010505087
56017607776
56025098625
56032326544
56039555335
56046879078
56054204580
56061689723
56068799526
56075634158
56083066454
56090166236
56097362790
56104714684
56111576107
56118910529
56126177463
56133448987
56140677135
56147428352
56154583581
56161927780
56169065949
56176469879
56183684778
56190865634
56198172026
56205497330
56212498717
56219728931
56226858318
56234306801
56241763226
56249220048
56256450262
56263799112
56271339074
56278865848
56286054033
56293330590
56300588038
56307766355
56315276834
56322544579
56329871519
56337448232
56344519035
56351582036
56358756955
56365632347
56372953703
56380209162
56387889655
56395398849
56402403755
56409633418
56416927112
56423906880
56431200742
56438164797
56445317302
56452591565
56459960733
56467232226
56474331166
56481422135
56488796092
56496186329
56503180663
56510341399
56517524168
56524963196
56532170506
56539508891
56546819690
56554320132
56561526708
56568975345
56576114478
56583347491
56590775504
56598152582
56605509036
56613035443
56620107225
56627631949
56634762560
56641959313
56649348815
56656439860
56663628228
56670848696
56678024656
56685440398
56692304345
56699354264
56706586467
56713677038
56720782021
56727972899
56735044100
56742216831
56749451299
56756604141
56763638530
56770848655
56777911777
56785503316
56792677716
56799901702
56807212333
56814323850
56821871248
56829310704
56836427377
56844023123
56851404379
56858833661
56866381977
56873408747
56880744255
56888148415
56895280694
56902575428
56909633226
56916928694
56924058724
56930932111
56938312540
56945331630
56952231333
56959670774
56966892497
56974214771
56981479884
56988756273
56996054297
57003388887
57010582305
57017962229
57025144064
57032491629
57039929082
57047174397
57054345920
57061785162
57068817302
57076040417
57083234324
57090454685
57097545531
57104486544
57111618410
57119200095
57126386459
57134186384
57141653365
57148997534
57156493616
57163607029
57171051887
57178476334
57185656471
57193240345
57200528852
57207799182
57215064708
57222460866
57229724388
57236693676
57243819620
57251090088
57258435924
57265545513
57273088321
57280339741
57287580053
57295067261
57302330140
57309814900
57317255627
57324656191
57332397700
57339827380
57346926840
57354806096
57361990624
57369390438
57376969217
57384369689
57391752015
57399114651
57406261709
57413806323
57420751712
57428086425
57435424657
57442592829
57449886553
57456983382
57464055225
57471444315
57478506167
57485887071
57493377874
57500628009
57507885640
57515176534
57522296542
57529699309
57536981712
57544554798
57551810426
57559191406
57566433844
57573784347
57580816946
57588040183
57595317475
57602675413
57610047259
57617382232
57624827059
57632436759
57639881984
57647247741
57654265973
57661533580
57668925163
57675953845
57683105922
57690416583
57697297835
57704688194
57711592747
57718866490
57726285949
57733492984
57740718240
57747999021
57755109803
57762357076
57769875940
57777200371
57784481901
57791965590
57799321111
57806847885
57814362021
57821864682
57829239665
57836703280
57844121684
57851490868
57858728931
57866174966
57873630641
57880983438
57888402072
57895599238
57903031840
57910327936
57917454737
57924769086
57931749603
57939181043
57946447273
57953376811
57960484610
57967575839
57974677502
57982125603
57989188665
57996435938
58003487142
58010237532
58017339716
58024631053
58031774271
58039032469
58045983519
58053096000
58059873670
58066879448
58073906402
58081100247
58088303549
58095786549
58103052687
58110053524
58117287471
58124439211
58131654309
58138931065
58145894967
58153406364
58160686456
58168148083
58175698266
58183114420
58190519100
58197974331
58205030385
58212592900
58219831422
58226897313
58234247648
58241301238
58248254476
58255423016
58262345011
58269664899
58276684095
58283736033
58291040161
58298248343
58305294085
58312591818
58319550793
58326677074
58333767462
58340970518
58348217975
58355342190
58362450050
58369983663
58376972351
58384434483
58391817176
58399003892
58406374575
58413553244
58420928471
58428472457
58435619745
58443309525
58450880378
58457787334
58464978104
58472199062
58479290336
58486761357
58494016602
58501349218
58508666596
58515899518
58522685022
58529987529
58536861299
58544096837
58551222322
58558217513
58565483315
58572447263
58579802432
58587082340
58594129092
58601340379
58608139439
58615020584
58622239537
58629196523
58636554079
58643943168
58650955541
58658519968
58665773805
58673030687
58680561836
58688006663
58695318564
58702688650
58709831287
58717404420
58724724445
58732219502
58739475205
58746637105
58753580107
58760525098
58767426362
58774531422
58781659019
58788796316
58796093039
58803198129
58810419898
58817666437
58824456990
58831599290
58838677085
58845707451
58853104159
58860304982
58867470308
58874798228
58881785661
58888938335
58895965028
58902982327
58910180702
58917261756
58924466404
58931803396
58938909726
58946313289
58953647818
58960922647
58968438634
58975770241
58982999445
58990262294
58997521991
59005157701
59012624667
59019983370
59027238202
59034484986
59041638792
59049172818
59056199756
59063391980
59070641104
59077741039
59084839611
59092197351
59099025680
59106279945
59113260096
59120511959
59128049489
59134913865
59141975197
59149286057
59156080389
59163382590
59170370758
59177589390
59184751641
59191741323
59199180398
59206301966
59213473994
59220883539
59228250398
59235487864
59242946507
59250036267
59257389890
59264866786
59271938217
59279411012
59286585809
59294004305
59301305939
59308453013
59315880536
59323189330
59330200479
59337405234
59344650334
59351694638
59358934552
59365818925
59372518734
59379744679
59386448313
59393704322
59400703797
59407856945
59415105167
59422171747
59429190836
59436442164
59443338119
59450632348
59457704222
59464691625
59471913546
59479025950
59486029908
59493378238
59500540764
59507964171
59515023974
59522092023
59529291545
59536387471
59543210491
59550384615
59557601120
59564899266
59571942912
59578889127
59586295857
59593537179
59600698711
59608291244
59615371288
59622652589
59629705812
59636796597
59643895797
59650854696
59657871307
59665338396
59672683482
59679670104
59686787282
59693775373
59700882330
59707963737
59715560615
59723263201
59730496230
59737987523
59745487124
59752769940
59759925887
59767273926
59774549321
59781850359
59788840409
59796174494
59803518357
59810323552
59817448991
59824607708
59831725054
59839048445
59846232086
59853292209
59860323875
59867336431
59874646894
59881981530
59888517644
59895724128
59902707140
59909785715
59917079378
59924080995
59931069928
59938671641
59945733417
59953207620
59960477109
59967686469
59974889801
59981973074
59989004984
59996470298
60003804246
60011341194
60018528813
60025800551
60033311581
60040719168
60047728863
60054734718
60061864502
60069099459
60076081415
60083219584
60090535432
60097808471
60104634642
60111749540
60118634907
60125769619
60133093270
60140437101
60147726633
60155048647
60162203448
60169773276
60177083157
60184399617
60191726465
60199096735
60206485824
60213952362
60221172845
60228906796
60236186429
60243396401
60250809771
60257833803
60265145244
60272363493
60279580412
60286856327
60293808631
60300998469
60308050973
60314955021
60321838644
60329123173
60336086372
60343358492
60350329341
60357490353
60364851917
60371975123
60379083549
60386154688
60393289675
60400569430
60407771278
60414904658
60422335180
60429385680
60436508549
60444113292
60451189128
60458744008
60465905816
60473318865
60480898745
60488152047
60495514590
60502874395
60509973840
60517213417
60524379999
60531571901
60538801151
60545850075
60553045895
60560435581
60567540488
60574825292
60581906346
60589219364
60596517188
60603831828
60611076209
60618496235
60625559312
60632873385
60639909059
60646939516
60654036161
60661257501
60668506197
60676115989
60683419872
60690834008
60698094240
60705133648
60712318818
60719471936
60726332609
60734026122
60741356245
60748669767
60755784466
60763076293
60770455177
60777428779
60784640358
60791809188
60798856965
60806215240
60813178912
60820509173
60827697419
60834919080
60841841443
60848871058
60855951378
60863112941
60870076981
60877199268
60884539979
60891990039
60898682396
60906197695
60913301623
60920426879
60927589482
60934730711
60941747199
60949018295
60956185075
60963649899
60970762242
60977818418
60985302291
60992164845
60999458508
61007058202
61014289472
61021797197
61028873952
61036071240
61043603644
61050740620
61057888872
61065051031
61071997017
61079258397
61086319821
61093421821
61100551254
61107500239
61114668044
61121990991
61128986947
61136213443
61143525466
61150593347
61157963188
61165190771
61172205805
61179565993
61186708186
61193997427
61201272118
61208394237
61215475965
61222428208
61229450373
61236832745
61243892349
61251353226
61258947365
61266181297
61273587645
61280962137
61288179545
61295537484
61302722501
61310169118
61317527516
61324640623
61331890039
61339084145
61346127423
61353250858
61360333611
61367465140
61374690580
61381996621
61389189625
61396451296
61403609431
61410971042
61418136123
61425291184
61432764836
61439959462
61447212932
61454464964
61461372654
61468688624
61475755327
61483064519
61490450839
61497594608
61504910410
61512294986
61519444507
61526865895
61534099628
61541491149
61549141226
61556657841
61563973000
61571230647
61578349936
61585634403
61592740687
61600105970
61607260892
61614461363
61621619942
61628963315
61636078014
61643254724
61650503619
61657614432
61664654987
61671904463
61679128358
61686414264
61693692887
61701038341
61708141549
61714998198
61722278688
61729433152
61736435197
61743851214
61750908752
61758257449
61765705091
61773012784
61780314250
61787500905
61794689564
61802113767
61809209723
61816792526
61823965579
61831193436
61838454266
61845904723
61853140613
61860447847
61867796483
61874909759
61882505811
61889741503
61896981310
61904598935
61911912733
61919364062
61926781257
61933962236
61941539041
61948601735
61955886906
61963261124
61970351496
61977999262
61985165644
61992334765
61999549542
62006568233
62013874167
62021169742
62028099265
62035513461
62042709113
62049980453
62057230052
62064303992
62071622058
62078746717
62085526821
62093001865
62100161209
62107463685
62114596866
62121938862
62129356991
62136763568
62143820188
62151101504
62158398058
62165571754
62172846154
62180047298
62187169662
62194636736
62201765281
62208976982
62216024009
62223051697
62230108041
62237077788
62244182909
62251504740
62258591730
62265799897
62273179469
62280405583
62287824492
62295149841
62302305268
62309730175
62317018116
62324533078
62331846784
62338999381
62346604322
62354091178
62361243607
62368574281
62375964135
62383353836
62390717160
62397849913
62405209060
62412464228
62419326232
62426464248
62433501942
62440487019
62447917617
62454915302
62462053746
62469215110
62476103997
62483429805
62490466413
62497500786
62504769465
62511836274
62518957139
62526392679
62533520245
62541076824
62548241645
62555685111
62562701461
62569826411
62576990667
62584499815
62591855213
62599300882
62606612951
62614024102
62621459459
62628852434
62636093526
62643534283
62650691853
62657809734
62665098012
62672354312
62679753606
62686936497
62694076150
62701467764
62708386929
62715689802
62722963851
62730039825
62737303776
62744373217
62751429669
62758730263
62765639146
62773152594
62780606448
62787838605
62795237302
62802282983
62809487921
62816850036
62823636887
62831072228
62838252135
62845333419
62852533324
62859449536
62866452958
62873520273
62880178481
62887515137
62894823411
62901798712
62909025055
62916369973
62923255631
62930179187
62937406891
62944716573
62951940667
62959224798
62966368445
62973690015
62980645594
62988166416
62995372655
63002821919
63010468232
63017736053
63025243686
63032525568
63039944661
63047639765
63054695131
63062019531
63069286129
63076432254
63083636779
63090774153
63097671056
63104783414
63111700636
63118839952
63126072828
63133090189
63140256770
63147629228
63154619048
63161852184
63168901736
63176028338
63183206762
63190518601
63197599242
63205073552
63212054652
63219305061
63226425804
63233560148
63241300938
63248650599
63255917533
63263498040
63270235273
63277709782
63285009749
63292200871
63299620606
63306574884
63313935516
63321532088
63328689918
63336007846
63343262800
63350421380
63357506213
63364634100
63371773968
63379092034
63385881639
63393055029
63400310350
63407488574
63414673883
63421862297
63428838041
63436152681
63443141965
63450076048
63457321653
63464293206
63471557447
63479005074
63486005175
63493532653
63500715207
63508040312
63515516688
63522638685
63530024607
63537548427
63544619812
63552370195
63559715924
63567178163
63574799613
63581861221
63589252850
63596567015
63603497639
63610991931
63618124118
63625127402
63632523744
63639477884
63646759873
63654118118
63661141430
63668415050
63675645095
63682657422
63690042915
63697095588
63704271487
63711463650
63718540894
63725860690
63733146687
63740121682
63747495685
63754684574
63761842893
63769039126
63776173133
63783626100
63790748847
63797876964
63805325631
63812489091
63819720345
63827436334
63834557138
63842011512
63849233311
63856412713
63863828608
63871002044
63878135669
63885490715
63892458045
63899721888
63906989281
63913966234
63921251528
63928458424
63935495950
63942858111
63949678101
63956839465
63963921330
63970810844
63977898615
63985087595
63992056822
63999616705
64006739865
64013926932
64021362197
64028363140
64035626601
64042909615
64050066114
64057858526
64065146972
64072804163
64080659810
64087813539
64095313095
64102569594
64109770875
64117345599
64124696224
64131826453
64139261381
64146497898
64153605024
64160807743
64167827751
64175052074
64181959565
64188888843
64196101110
64203026487
64210128426
64217528072
64224616516
64231761141
64238914840
64245910138
64253356143
64260559490
64267813541
64275378779
64282458793
64289868430
64297002116
64304112286
64311474815
64318681421
64326123616
64333509400
64340837871
64348365410
64355913787
64363176559
64370610171
64377885383
64385091346
64392432623
64399391843
64406692146
64413934493
64421101319
64428702191
64436117963
64443497597
64451123392
64458314453
64465595081
64472913377
64479985021
64487075363
64494331143
64501496990
64509126029
64516306640
64523493876
64530687492
64537620183
64544985174
64552397152
64559508669
64566788776
64574150906
64581625645
64588987102
64596421984
64603671507
64611129629
64618308297
64625818302
64633190393
64640657160
64648072229
64655640588
64663090326
64670626127
64677950987
64685517235
64692818012
64700175476
64707624847
64714950487
64722081052
64729408131
64736482560
64743766155
64751066795
64757967340
64765205464
64772355521
64779661302
64787051875
64794083021
64801373991
64808396783
64815175953
64822518560
64829728915
64836982492
64844241301
64851364629
64858772124
64866094704
64873128497
64880598416
64887627618
64894954467
64902195544
64909481236
64916954827
64924253676
64931594555
64938851957
64946466293
64953964624
64961374414
64968744087
64976159844
64983534383
64990355506
64997914899
65005227978
65012184199
65019583096
65026603271
65033747316
65040858281
65047817241
65054940631
65062031385
65069062179
65076402017
65083907922
65091273939
65098536298
65105691832
65112813034
65119991671
65126921852
65134120043
65141306055
65148368857
65155735791
65163066817
65170369951
65177762360
65184999046
65192379108
65199634643
65206970871
65214611538
65222197446
65229482205
65237024783
65244057092
65251460257
65258780373
65265674936
65273139301
65280122221
65287378139
65294511121
65301611301
65308831830
65315989613
65323192119
65330555657
65337765231
65344547889
65351769627
65358890201
65366177683
65373172430
65380312206
65387640768
65394727177
65402073396
65409583110
65416889426
65424455383
65431558974
65438802882
65446270980
65453689690
65461123363
65468478563
65475474029
65482684597
65489865255
65497267303
65504714394
65511878466
65519110929
65526459412
65533423528
65540664789
65547898629
65554927250
65562141797
65569350330
65576369114
65583596910
65590663322
65598048510
65605359309
65612375537
65619545607
65626644562
65633592690
65640791340
65647873893
65655369134
65662880730
65670035545
65677444754
65684804375
65691817543
65699187722
65706534170
1048983
8451092
15593515
23052387
30393633
37505196
45058698
52346180
59498303
66738875
73861744
80993151
88367123
95232906
102419990
109562733
116791173
123997763
130912461
138188070
145332634
152354890
159616102
166730847
173802308
181210293
188348768
195510514
202600901
209693981
216917647
224163941
231502586
238891950
246176326
253617282
261312081
268698294
275985393
283245013
290549830
297898680
304956448
311979071
319237070
326303712
333415182
340602694
347640908
354923295
361948106
369180936
376436931
383388624
390698550
398065332
405203700
412488321
419600572
426501805
433771554
440568319
447856964
454799675
461782641
469092537
476352632
483650074
491073451
498431358
505952670
513501583
520864218
528062746
535732835
543214030
550626176
558006759
565424443
572889941
579959520
587242748
594614273
601697683
609077608
616232041
623365375
630625699
637619589
644558201
651785186
658937890
666221272
673570443
680735601
688075761
695320173
702533527
709891343
716918067
724399246
731679139
739038302
746373015
753487484
760612648
768306804
775689283
783402136
790847376
798021439
805322828
812608000
819697454
827076644
834031075
841123436
848340966
855421546
862759135
870064074
877410584
884980060
892113562
899661557
907214984
914569877
922023869
929269016
936772304
944355076
951735337
959119438
966729459
974083542
981193926
988356407
995277561
1002642614
1009959869
1017147962
1024550515
1031729857
1038766878
1046120899
1053283303
1060607475
1067812229
1074969447
1082320898
1089468675
1096739618
1104031246
1111263097
1118729512
1125957171
1133289008
1140866654
1147675521
1155099112
1162490695
1169634938
1177101996
1184312794
1191531319
1198885799
1206353592
1213769899
1221299366
1228512735
1235926977
1243264505
1250699418
1258238661
1265459006
1272518809
1280033649
1287130003
1294243233
1301316652
1308505097
1315854345
1322931284
1330085273
1337284642
1344172932
1351256969
1358407853
1365507374
1372869902
1380274965
1387359369
1394833175
1401864489
1409453640
1416658380
1423961345
1431455760
1438592521
1445901882
1453363860
1460732952
1468030012
1475340948
1482730359
1490048685
1497580065
1504748849
1512074673
1519268931
1526615747
1533951026
1541248284
1548494135
1555900191
1562940731
1570233507
1577180395
1584276811
1591658877
1598809057
1605997196
1613260488
1620158952
1627658431
1635175917
1642467041
1649748448
1656803783
1664101026
1671528197
1678710293
1686203406
1693596229
1701215185
1708843811
1716200388
1723506291
1730490174
1737336511
1744670260
1751964138
1759390329
1766804174
1773921841
1781281860
1788329422
1795323465
1802669485
1809809934
1816899510
1823967422
1831085471
1838120274
1845606258
1852576050
1859781004
1866894586
1874016919
1881345604
1888673340
1895968686
1903329333
1910620486
1918142532
1925407845
1932763779
1940005422
1947182927
1954506303
1961948437
1968991164
1976569316
1984058727
1991438085
1998894831
2006247475
2013327887
2020975668
2028245050
2035400554
2042546205
2049711547
2056965185
2064069694
2071033183
2078429234
2085619515
2092842584
2100034318
2107333305
2114747609
2122034188
2128971897
2136607775
2143910388
2151255551
2158614346
2165486280
2173001976
2180451103
2187696081
2195080060
2202651081
2210047056
2217634326
2225100068
2232399575
2239797707
2247078778
2254487634
2261768461
2269276859
2276623154
2284075080
2291546422
2298740850
2305774045
2313013363
2320434261
2327619569
2334953150
2342162984
2349386114
2356779089
2363969462
2371197366
2378413396
2385344403
2392783202
2399939318
2406970908
2414684678
2421974592
2429574133
2436816709
2444150596
2452127894
2459614581
2466949248
2474801775
2482244796
2489674476
2497230182
2504431265
2511645154
2518939765
2525960782
2533335183
2540431461
2547918363
2555171940
2562509973
2569859894
2577245112
2584530039
2591889201
2598969261
2605969302
2613475528
2620360650
2627679451
2634850240
2641888179
2649454426
2656563648
2663640479
2671228927
2678454888
2685727651
2693170443
2700465131
2707972658
2715062815
2722400695
2729848108
2736907222
2744238079
2751651434
2758991885
2766425466
2773554455
2780962164
2788338402
2795462816
2802793520
2810173842
2817229682
2824392163
2831598325
2838699759
2845861857
2853039990
2860130943
2867672727
2874596711
2881849523
2889230763
2896397819
2903711127
2910891294
2918197274
2925663169
2932558864
2939845060
2947293024
2954794338
2962295974
2969655137
2976863211
2984456953
2991952133
2999633651
3007136511
3014434718
3021853917
3029262973
3036554157
3044047577
3051383988
3058561096
3065869753
3073037558
3080483395
3087776935
3094548195
3101900733
3109012463
3116148215
3123475232
3130610096
3137913184
3145314192
3152365350
3159634410
3166718020
3173840996
3181142018
3188202264
3195533718
3202702105
3209650493
3216936552
3224241430
3231761992
3239195160
3246437170
3253854916
3261236401
3268532711
3276080645
3283314271
3290719991
3298067847
3305372908
3312596696
3319833841
3327294595
3334610214
3341671929
3348728273
3355987328
3363286407
3370495721
3378145920
3385330754
3392738937
3400092485
3407153832
3414524546
3421822769
3428839976
3436172838
3443132241
3450478185
3457844431
3465174324
3472461408
3479560486
3486788236
3494222889
3501413705
3509005550
3516253451
3523567983
3531021363
3538400400
3545787408
3553459731
3560709880
3568393816
3575823435
3583078266
3590542203
3598084980
3605543501
3613197555
3620529147
3628135435
3635620256
3643056485
3650510094
3658041810
3665483561
3672893229
3680217369
3687644540
3694880874
3701996384
3709295815
3716632869
3723748164
3731052568
3738388199
3746109145
3753719549
3760999916
3768448859
3775749024
3782715007
3789974322
3797182488
3804541972
3811998580
3819320976
3826445314
3833859556
3841074837
3848506981
3855977527
3863374649
3870849020
3877967819
3885260809
3892765933
3900152758
3907846990
3915066464
3922078071
3929547531
3937169165
3944308879
3951845629
3959067519
3966693804
3974138769
3981394412
3988805028
3995846317
4003136844
4010625658
4017632553
4024993169
4032162887
4039518775
4047038526
4054413310
4061562480
4069029308
4076194680
4083539400
4091091250
4098451422
4105675225
4112915109
4120284935
4127658158
4134833307
4142157769
4149650042
4156888242
4164235119
4171824102
4179059610
4186669723
4193857112
4201114116
4208450283
4215465072
4222666691
4229935231
4237125313
4244267169
4251423882
4258671783
4265889114
4272971683
4280195915
4287501833
4294490873
4301994804
4309266221
4316331164
4323542574
4330843321
4338123474
4345642476
4352806134
4360014775
4367122452
4374426151
4382045184
4389506872
4396830400
4404173834
4411409128
4418918582
4426239724
4433137591
4440560677
4447793997
4455170922
4462654198
4469703903
4477321558
4484611458
4491751432
4499059951
4506363927
4513802970
4521348548
4528952265
4536479559
4543703531
4551155166
4558507306
4565832120
4572965974
4580259790
4587491855
4594919026
4602419836
4609709460
4617036431
4624539658
4631812773
4639150729
4646341974
4653739264
4661021850
4668097580
4675463061
4682874442
4689929471
4697396070
4704639075
4711918172
4719346261
4726288146
4733795076
4741325705
4748594812
4756331517
4763580381
4771143569
4778715417
4786024931
4793324989
4800776655
4807862299
4815525656
4822729355
4830161866
4837617938
4844861035
4852387197
4860001058
4867298883
4874951285
4882446510
4889647776
4897117374
4904335287
4911551991
4918872765
4925889498
4933444959
4940584704
4947810711
4954870942
4961915154
4969365519
4976902728
4984099587
4991566569
4999008856
5006497778
5013996950
5021163348
5028521409
5035973625
5043317197
5051018896
5058707850
5066182435
5074041479
5081511015
5088945989
5096549600
5104011486
5111608915
5119511427
5127160034
5134690618
5142264133
5149538365
5156935181
5163879315
5171189227
5178472164
5185722360
5193172603
5200798047
5208033279
5215428565
5222524521
5229899029
5237134629
5243942899
5251399875
5258719899
5265967800
5273603158
5280986800
5288532745
5296033432
5303272122
5310869506
5318208487
5325423554
5332833543
5340190625
5347714400
5355043207
5362566217
5369904280
5377078588
5384535471
5392205055
5399793672
5407120291
5414728185
5422192168
5429436825
5436832952
5444075314
5451555224
5458733357
5465696739
5473215648
5480541304
5487614463
5494884671
5502234057
5509880278
5517099690
5524503421
5531996979
5539447742
5546873551
5554366328
5561773227
5569397094
5576729543
5584433261
5591968389
5599429571
5606743384
5614404018
5621583665
5629210838
5636672464
5644263253
5651815501
5659091034
5666411487
5673944901
5681017770
5688214385
5695462867
5702623573
5710002748
5717200143
5724406443
5731925322
5738901801
5746175757
5753181459
5760138094
5767219408
5774611771
5781867873
5789215009
5796317575
5803530133
5811040322
5817990469
5825173666
5832610981
5839708559
5847408116
5854644098
5862166802
5869587042
5876999463
5884617364
5892014868
5899191547
5906541269
5913791740
5921016324
5928517929
5935817942
5943226186
5950583574
5957779745
5965178596
5972455689
5979621949
5986907870
5994044570
6001333613
6008758534
6015746136
6023096654
6030152127
6037414470
6044626707
6051950526
6059390319
6066882959
6074070777
6081562819
6088879080
6096137202
6103828863
6111510534
6118836006
6126501490
6134083481
6141714570
6149078782
6156111014
6163480947
6170710488
6177825248
6185324910
6192225715
6199408162
6206538636
6213476237
6220793232
6227895447
6234928811
6242402249
6249546691
6256738777
6263907669
6270914273
6278383978
6285629629
6292709873
6300029331
6307314396
6314422393
6321887554
6329032623
6336334732
6343512345
6350569867
6358177899
6365499975
6373015105
6380828540
6388017581
6395381456
6402716888
6409754857
6416916038
6423890711
6431146277
6438534020
6445707425
6453053414
6460438341
6467601174
6474809601
6481990242
6489217396
6496610295
6503759419
6511131816
6518557809
6525462622
6532852308
6540055303
6547232304
6554448487
6561555674
6568924506
6576295587
6583480436
6590936448
6598223899
6605668037
6613401805
6620690342
6627844683
6635476737
6642703355
6650127558
6657447888
6664684605
6672210614
6679597331
6686986145
6694600511
6701715210
6709073852
6716374278
6723258712
6730523672
6737653594
6744800469
6752215476
6759365503
6766631412
6773878165
6780898692
6788246426
6795354836
6802394565
6809664987
6816893763
6824333296
6831512821
6838822014
6846330382
6853647224
6860743854
6868278155
6875529453
6882571201
6889990905
6897303403
6904475507
6911748102
6918886424
6926537067
6933773906
6940989921
6948294049
6955394366
6962743645
6970178144
6977211126
6984135600
6991082381
6998009961
7005501882
7012525438
7019560715
7026966053
7034136474
7041612253
7048808455
7055795766
7063266741
7070249079
7077599001
7085220680
7092461099
7099790763
7106834057
7113984221
7121757815
7129349552
7136990602
7144520221
7151913518
7159405454
7166867340
7174191282
7181702006
7188977906
7196500763
7204151925
7211266961
7218465060
7225722171
7232704051
7239777884
7246934336
7253912666
7261100010
7268225724
7275509152
7282831762
7289840233
7297231388
7304170428
7311233091
7318711869
7325736328
7332865119
7340101376
7347277963
7354352546
7361393743
7368602201
7376055733
7383031661
7390352344
7397607558
7404868372
7412173403
7419621213
7426937612
7434561694
7441871850
7449096740
7456478133
7463631204
7471123308
7478658344
7485649863
7492983872
7500155716
7507107470
7514396054
7521441398
7528677563
7535859735
7542770745
7550253394
7557298065
7564613607
7571802465
7578712189
7585879337
7593203554
7600203350
7607678241
7614484813
7621576073
7629289093
7636579222
7643708135
7651025926
7658255742
7665831736
7672924418
7680633644
7688157909
7695841232
7703141138
7710503773
7717507042
7725022371
7732298195
7739461563
7746648830
7753735989
7760732480
7767979554
7775084935
7782454762
7789677601
7796706681
7803838761
7810992031
7818172336
7825474200
7832593810
7840307933
7847661006
7854774802
7862104772
7869238152
7876339677
7883596070
7890697228
7898067146
7905424534
7912774409
7920173474
7927541158
7934670576
7942272763
7949423080
7956448488
7963857330
7970972595
7978133331
7985681173
7992661309
7999891186
8006998235
8014031813
8021350063
8028315495
8035504568
8042915765
8050037058
8057386031
8064195525
8071374087
8078326957
8085309587
8092630361
8099888467
8106989763
8114560800
8121502027
8129018657
8136605025
8144492098
8151874838
8159405421
8166773014
8174280066
8181720563
8189167700
8196320068
8203515826
8210599604
8217801268
8224985475
8232077101
8239407331
8246432433
8253812572
8261019927
8268486052
8276007884
8283150873
8290535999
8297621398
8304477451
8311704987
8318761944
8325600325
8332959089
8340028852
8347338136
8354678510
8361900722
8369108552
8376395835
8383509019
8390963547
8398038420
8405513097
8412813721
8420245956
8427798358
8435013975
8442253155
8449586078
8456675838
8463880593
8471000968
8478030124
8485276235
8492394254
8499339123
8506595286
8513610167
8520398242
8527350730
8534365918
8541476486
8548565067
8555703588
8563264634
8570316052
8577487071
8584738766
8591991654
8599527241
8606995706
8614153857
8621807254
8629059438
8636618954
8644171998
8651276492
8658417430
8665868102
8673134332
8680549018
8687795129
8695151338
8702245566
8709348529
8716508256
8723890690
8730796039
8737788812
8744952425
8751940654
8759172735
8766536854
8773551873
8780844144
8787941064
8795301864
8802715050
8809874196
8817255375
8824665884
8831841416
8839548332
8846633349
8853863042
8861283221
8868447186
8875773652
8882711804
8889808617
8896986521
8904047945
8911325589
8918532761
8925674418
8932694808
8939927547
8947234612
8954361857
8961389882
8968671442
8975753017
8982647962
8989819561
8997146288
9004030232
9011453088
9018689667
9026089497
9033381171
9040584747
9047867042
9054898448
9061915104
9069602482
9076751683
9084251620
9091695300
9098985811
9106422912
9113787689
9120867642
9128088645
9135133453
9142179180
9149415575
9156560614
9163678725
9170693361
9177550194
9184875054
9191846713
9199028105
9206055211
9213381264
9220665701
9227975888
9235010706
9242248738
9249450127
9256582099
9263979802
9271193385
9278156736
9285631903
9292559544
9300046905
9307454752
9314451641
9322023122
9329181426
9336355993
9343623478
9350618454
9358010894
9365246249
9372502702
9379513790
9386633522
9393775394
9400866852
9407955694
9415212071
9422252488
9429655959
9436935791
9444015147
9451062694
9458118473
9464957190
9472088949
9479172191
9486166953
9493232126
9500592084
9507493501
9514752341
9521824001
9529184295
9536308955
9543527173
9550744015
9558209987
9565184002
9572601029
9579864046
9587199539
9594525898
9601552515
9608709060
9615796555
9622759004
9630087795
9637076499
9644219258
9651423294
9658338006
9665535723
9672647454
9679714799
9686877800
9693696276
9700921915
9707990408
9715184514
9722471139
9729846534
9737060224
9744474038
9751708398
9759044871
9766462402
9773799471
9781093548
9788807073
9796237533
9803560022
9810871540
9817922545
9825561406
9832871226
9840292032
9847583584
9854526357
9861926553
9869189372
9876400399
9883801377
9890794976
9897705772
9904990729
9912094351
9919157336
9926384367
9933417961
9940525132
9947591208
9954591876
9961795926
9968740627
9975907346
9983084499
9990264208
9997642526
10005022037
10012342598
10019959932
10027289198
10034600823
10042141995
10049602244
10057060719
10064422742
10071699223
10079276441
10086569936
10093853317
10100931847
10108044679
10115384257
10122552154
10129810857
10137065673
10143903855
10151275242
10158542145
10165575173
10172935988
10180150794
10187266901
10194740262
10201897587
10209270229
10216521495
10223826297
10230996718
10238466270
10245691190
10253042228
10260086180
10267414360
10274915812
10282213132
10289821623
10297325707
10304392884
10311959545
10318975620
10326173199
10333711432
10340725932
10347895955
10355337493
10362336631
10369745426
10376814409
10384052380
10391173658
10398286781
10405493203
10412630546
10419600522
10426786106
10433883409
10441037704
10448463069
10455543665
10462618813
10469844070
10476864888
10484023482
10491209342
10498518228
10505946439
10513117381
10520504864
10527996080
10535353284
10542845036
10550447346
10557769605
10565167599
10572377081
10579491979
10586786743
10594063882
10601351303
10608633078
10615865342
10622863608
10629957774
10637049049
10644344578
10651539954
10658731612
10665903028
10672846566
10680117049
10687169324
10694001294
10701373416
10708444265
10715665115
10722945360
10730243430
10737481997
10744621513
10751635400
10759195482
10766433698
10773848980
10781153858
10788448868
10795545268
10802897530
10810081079
10817492781
10824681104
10831891917
10839202303
10846189874
10853481625
10860581880
10867232041
10874329619
10881462708
10888636328
10895837319
10902785477
10910138198
10917379107
10924515960
10931902387
10938979998
10946240047
10953633359
10960733676
10967874706
10974994990
10981896300
10989390928
10996924327
11004238369
11011337585
11018715857
11026120429
11033496039
11040939994
11048422107
11055652704
11063216213
11070771123
11078277900
11085698476
11093374899
11100772755
11108138634
11115495716
11122629999
11129998356
11137361512
11144595199
11151863250
11159033671
11166331435
11173448505
11180292807
11187727919
11195075637
11202249363
11209835501
11217141098
11224464290
11231447913
11238728985
11246158496
11253409197
11260827081
11268543039
11275991859
11283491032
11290924873
11298449872
11305744086
11313034490
11320139565
11327779498
11334797256
11341907319
11349136156
11356190833
11363421567
11370760090
11377947173
11385208446
11392598529
11399945834
11407293919
11414463209
11421815440
11429059806
11436465098
11444108871
11451375254
11458655514
11466229336
11473449054
11480930983
11488557437
11495640082
11503168983
11510440292
11518356849
11526215281
11533852230
11541346552
11550406493
11558141821
11566003176
11574165481
11581999968
11590653633
11599309547
11607245381
11614971101
11622197184
11629684468
11636924551
11644023965
11651476503
11658851210
11666270379
11673786519
11680785596
11688141806
11695645614
11702834487
11710211382
11717468494
11724466729
11731746561
11739064995
11746250073
11753410688
11760454471
11767861278
11774992133
11782244303
11789452332
11796409471
11803431085
11810590551
11817775171
11825243285
11832556547
11839545297
11847132322
11854394237
11861681903
11869081916
11876299079
11883765785
11891271613
11898019219
11905563848
11912791063
11919894853
11927190949
11934239643
11941636734
11948994719
11956231083
11963630240
11970572355
11977610018
11984704613
11991882577
11999027065
12006161715
12013357183
12020511447
12027371723
12034616135
12042001506
12049199728
12056463801
12063783045
12071028911
12078543659
12085857304
12092921910
12100452127
12107690419
12114814956
12122440338
12129844574
12137245123
12144582988
12151910540
12159210721
12166379980
12173789632
12181316589
12188289029
12195867226
12203294978
12210552610
12217792310
12224748929
12231887970
12239244180
12246412398
12253695489
12260700685
12267824947
12274928201
12282212745
12289344504
12296572193
12303447814
12310634117
12318128700
12325409006
12332515519
12339792857
12347105018
12354718466
12362082188
12369634191
12377307509
12384679079
12392328299
12399911254
12407122695
12414749852
12422226105
12429582238
12436946388
12443869516
12451162613
12458604334
12465659470
12473102538
12480279921
12487669209
12494963988
12502271850
12509839092
12516954984
12523969805
12531109963
12537968341
12545267130
12552308037
12559320623
12566648023
12574072210
12581376155
12588861542
12596216237
12603363586
12610550470
12617893384
12625292265
12632808849
12640286188
12647830756
12655118574
12662267132
12669727014
12676981877
12684360042
12691938132
12698859056
12706086164
12713526018
12720722297
12728038956
12735276529
12742465494
12750048144
12757264603
12764809278
12772011294
12779195990
12786510782
12793692465
12800890441
12808456934
12815607144
12822957953
12830311393
12837715920
12845009965
12852525417
12860006199
12867528842
12874824601
12882250502
12889733655
12897131465
12904619882
12912232764
12919676122
12927055557
12934176575
12941563415
12949071890
12956195616
12963616070
12971095047
12978233047
12985684560
12992714191
12999979182
13007299972
13014445210
13021621552
13028861849
13036010300
13043381610
13050502184
13057783837
13065183498
13072596884
13079992674
13087667093
13094829558
13102307296
13109696308
13117129461
13124637233
13131852713
13139065592
13146589734
13153831545
13161140661
13168552471
13175796256
13183236982
13190635665
13198048606
13205751957
13212801999
13220285994
13227653173
13235093028
13242675157
13249879713
13257245653
13264956409
13272084832
13279551370
13286972405
13294232041
13301657559
13308776496
13315897560
13323280682
13330337930
13337599187
13344986257
13352245112
13359827869
13367022709
13373998071
13381570117
13388803942
13396104138
13403363606
13410352569
13417835600
13425334100
13432429199
13439873016
13447111691
13454288722
13461719779
13468854690
13476200158
13483732073
13490890974
13498674512
13505830796
13513360676
13521026940
13528434955
13535829950
13542989325
13550122384
13557552263
13564750943
13572104781
13579420767
13586686523
13593905522
13600998755
13607920368
13615202632
13622392347
13629527976
13636911863
13644191817
13651439642
13659014947
13666346998
13673604675
13680915948
13688174743
13695611430
13703166142
13710286548
13717752840
13724984156
13732408848
13739742276
13746969139
13754394856
13761506633
13768991668
13776685396
13783828247
13791405327
13798738571
13806274586
13813876238
13821196829
13828414283
13835886451
13843092093
13850506289
13858061980
13865396586
13872688719
13879943352
13887335562
13894912673
13901755735
13909054570
13916112138
13922966248
13930111776
13937485305
13944598719
13952093929
13959128731
13966297102
13973568718
13980659977
13987770683
13994885856
14001967232
14009682318
14017006994
14024348072
14031870653
14039141106
14046470862
14053507806
14060604053
14068218573
14075633488
14083069410
14090467618
14097848843
14105117766
14112698090
14119991309
14127494858
14134700270
14141992189
14149466729
14156556871
14163447517
14170869271
14177683647
14184939886
14191926998
14198928309
14206332269
14213429603
14220493934
14227831233
14234818758
14242201819
14249389040
14256549180
14263717077
14270886825
14278028758
14285251199
14292114580
14299359666
14306470846
14313707899
14321225860
14328382970
14335600470
14343263077
14350410334
14357850327
14365237641
14372548761
14379885922
14387236226
14394445616
14401972543
14408972293
14416093556
14423423786
14430312305
14437486964
14444741276
14451764756
14459129533
14466257895
14473452934
14480773449
14487615762
14495060466
14502178975
14509171764
14516544344
14523474402
14530687893
14538089070
14545247955
14552642307
14559756578
14566721122
14574027347
14581209274
14588412070
14595768968
14603117252
14610496809
14617628369
14624914978
14632051908
14639152837
14646221483
14653350610
14660279613
14667351930
14674492089
14681502702
14688888425
14695948824
14702814316
14710101507
14717035085
14724306548
14731708366
14738743398
14745943486
14752931425
14760120589
14767459555
14774260665
14781423069
14788903928
14796061895
14803303844
14810467029
14817714562
14825115509
14832424319
14839867937
14847356660
14854642015
14862095532
14869437528
14876797777
14883982932
14891225646
14898289824
14905450576
14912677776
14919671880
14926789410
14933906985
14941306539
14948481612
14955521831
14962957049
14969910624
14977191527
14984558048
14991432690
14998997423
15006340322
15013268514
15020690712
15028105581
15035573619
15042911437
15049859229
15057063050
15064103330
15071235838
15078523641
15085600488
15092681832
15100036772
15107135345
15114387162
15121604799
15128485760
15135803398
15142839165
15149923937
15157287612
15164415133
15171657801
15179119504
15186167189
15193681830
15201166268
15208322262
15215787285
15223225992
15230626923
15238283288
15245592021
15253174288
15260263253
15267394323
15274750914
15281751613
15289040732
15296250643
15303195007
15310483988
15317691588
15325066862
15332270928
15339276553
15346478936
15353567197
15360772196
15368308012
15375695908
15382781568
15389992978
15397337253
15404354874
15411739602
15418874359
15426393789
15433710876
15441056544
15448660522
15456208119
15463615384
15471233652
15478302114
15485604192
15492994506
15499773339
15506964981
15514089029
15521196521
15528605791
15535818364
15543140240
15550443099
15557503941
15564702974
15571700505
15578675378
15585927210
15593123535
15600422124
15607486517
15614708438
15621924178
15629087088
15636136746
15643288165
15650348687
15657507633
15665002491
15672074457
15679441805
15686739721
15693982558
15701253944
15708371305
15715372937
15722574953
15729718737
15736904107
15743858706
15750733394
15757776596
15764864979
15772001634
15779207918
15786243746
15793294093
15800734605
15807824671
15815086908
15822169217
15829361165
15836503113
15843509091
15850572596
15857744670
15864640701
15871798653
15878661192
15885628950
15892968957
15900335188
15907584557
15915042037
15922103400
15929219063
15936358074
15943608239
15951072665
15958290456
15965301604
15972807371
15980048218
15987350419
15994523242
16001413001
16008615292
16015496865
16022524752
16029887157
16036633004
16043957726
16051252062
16058246549
16065332438
16072482143
16079577059
16087012339
16094086661
16101490255
16108331175
16115244863
16122535772
16129660829
16136652439
16143809779
16150771815
16158073296
16165372544
16172580481
16179981580
16187310097
16194371689
16201629168
16208527938
16215519778
16222980410
16230076810
16237475813
16244782527
16251923496
16259498771
16266482028
16273704591
16280905215
16288086163
16295416118
16302768318
16310150859
16317539887
16324463290
16331596410
16338814078
16346121037
16353166136
16360167278
16367067395
16374571800
16381439557
16388425154
16395506270
16402523416
16409601089
16416880584
16424144152
16431216592
16438254516
16445177215
16452374442
16459493715
16466525687
16473637647
16480654380
16487979577
16495233842
16502491749
16509732658
16517033558
16524289124
16532148978
16539492657
16546920624
16554193708
16561385932
16568834492
16575947891
16583019474
16590310414
16597354411
16604539001
16611733107
16618958945
16626251980
16633513559
16640694308
16648011870
16654943458
16662163987
16669232235
16676306527
16683444497
16690669876
16697728700
16704941319
16712007394
16719366281
16726620087
16733663274
16741083744
16748527637
16755703689
16763148822
16770616982
16777991536
16785360888
16792411005
16799758234
16807106166
16814127137
16821506832
16828435238
16835690345
16842923389
16850054934
16857461908
16865280866
16872269891
16879314638
16886229534
16893429148
16900732007
16907930106
16915119683
16922313238
16929336611
16936679999
16943495002
16950993593
16958303122
16965335247
16972462339
16980079398
16987125293
16994410204
17001628193
17008661389
17016171455
17023347385
17030355397
17037770022
17044810164
17052251395
17059406838
17066409128
17073714541
17080853735
17088055292
17095405229
17102404015
17109634642
17116775259
17123789085
17130745964
17137875611
17145067392
17152358974
17159479517
17166598684
17173712495
17180797451
17187903138
17195093618
17202282828
17209692511
17216965488
17224058339
17231336549
17238732859
17245882213
17253069984
17260209576
17267969599
17275474585
17282630701
17289994851
17297125952
17304368176
17311489041
17318632779
17326155606
17333224542
17340380995
17347709664
17354905132
17362157424
17369230323
17376387740
17383704399
17390930359
17398247094
17405542701
17412813429
17420103099
17427344910
17434319660
17441723942
17448606647
17455799054
17463117396
17470230611
17477442144
17484919590
17491908339
17499399541
17506585920
17513557258
17521058404
17528201531
17535489028
17542836164
17549916469
17557029439
17563977888
17571179292
17578461633
17585608676
17592981639
17600412558
17607598586
17615027011
17622166542
17629344537
17636784973
17643977136
17651144176
17658238816
17665269396
17672718415
17680169806
17687650297
17695176291
17702531016
17709787974
17717380186
17724609069
17732144472
17739425115
17746585300
17753957988
17761170377
17768326294
17775835335
17782575291
17789893542
17797068018
17804059200
17811340561
17818503119
17825640859
17833005514
17840112502
17847245775
17854237217
17861358495
17868602571
17875814318
17882869255
17890272053
17897513573
17904974006
17912408659
17919602489
17926960902
17934611177
17941892172
17949408419
17956694769
17964135924
17971534560
17978615660
17985802973
17993137242
18000207908
18007499628
18014597527
18021642718
18028714546
18035780025
18042947203
18050311491
18057362358
18064741181
18072173110
18079530314
18086812487
18093789914
18100859340
18108144328
18115295961
18122471600
18129826922
18137200114
18144606339
18152040640
18159388343
18166818910
18174114256
18181741673
18189242330
18196424135
18203849378
18210913556
18218099293
18225565785
18232870050
18240184889
18247328428
18254376312
18261795817
18268934415
18275903075
18283349876
18290393981
18297605972
18304859519
18311795376
18318964298
18326005848
18333092119
18340296552
18347351643
18354605342
18361788998
18369094381
18376377732
18383656936
18390722904
18398132541
18405443738
18412666379
18419985562
18427084854
18434582680
18441971815
18449127151
18456455208
18463653292
18470808138
18478022868
18485318735
18492847895
18500365611
18507693485
18515041341
18522242072
18529363411
18536991516
18544401291
18551900494
18559343317
18566581655
18574175397
18581372058
18588547284
18595796148
18602825703
18610131744
18617425376
18624282637
18631708416
18638841092
18645928266
18652940807
18660081363
18667283149
18674424577
18681380309
18688778609
18696016503
18703120860
18710263221
18717300639
18724364940
18731611923
18738625030
18745987589
18752928602
18760266252
18767568116
18775189184
18782361212
18789749888
18796916071
18804118623
18811506228
18818655994
18826135629
18833369316
18840731079
18848430605
18855435879
18862810004
18870131131
18877350329
18884497892
18891561213
18898731650
18906153206
18913247648
18920457666
18927621952
18934784922
18941998826
18949300277
18956198634
18963426262
18970366113
18977462375
18984699336
18991653309
18998885282
19006009436
19012974792
19020489647
19027454222
19034685125
19042006159
19049342356
19056920094
19064431002
19071674007
19079148439
19086238811
19093537110
19100844574
19108091725
19115301345
19122666444
19129637078
19137084414
19144237286
19151467515
19158765554
19165897848
19173120703
19180321342
19187337386
19194529809
19201804577
19209111367
19216501558
19223844104
19230893793
19238034303
19244955916
19251861939
19258947598
19266244566
19273748910
19280939558
19288029272
19295393621
19302654710
19310039745
19317228633
19324333938
19331373636
19338430517
19345690780
19353183894
19360110831
19367412679
19374546947
19381767782
19388962729
19395791731
19403058528
19410231321
19417393786
19424887818
19432415494
19439943064
19447620849
19455030363
19462341942
19469889111
19477100751
19484333856
19491665509
19498724287
19505897707
19513209898
19520077839
19527385471
19534343697
19541475899
19548850483
19556094253
19563500708
19570693161
19577688061
19585019393
19592129762
19599261841
19606331589
19613412918
19620643897
19627857388
19635194733
19642618125
19649900251
19657396318
19664933190
19672340165
19679814949
19686968357
19694336715
19701896888
19709207657
19716600984
19724019755
19731085540
19738133240
19745459339
19752466219
19759769215
19767034466
19774104244
19781442629
19788675352
19795951925
19803397914
19810365137
19817689706
19824955064
19832010628
19839544119
19846870830
19853945993
19861419600
19868653501
19876219917
19883480134
19890852240
19898365122
19905652802
19912983155
19920530186
19927688000
19935168399
19942421716
19949875356
19957704489
19965102100
19972360603
19979895838
19987131805
19994550989
20002031450
20009218931
20016522432
20023822123
20031218755
20038731927
20045918750
20053140136
20060482024
20067668603
20074925790
20082252456
20089487412
20097004241
20104015573
20111532249
20119022349
20126002515
20133315900
20140849252
20148106914
20155745898
20163224309
20170829495
20178269717
20185536391
20193061757
20200454686
20207805296
20215499972
20222934839
20230500933
20238227418
20245516935
20253123315
20260619856
20267936316
20275348370
20282745798
20290087120
20297622844
20304940498
20312321141
20319726433
20326906677
20334287397
20341555953
20348623038
20355864834
20363007807
20370192703
20377558827
20384486055
20391881493
20399155572
20406280966
20413809943
20421023082
20428459677
20436006494
20443133066
20450883709
20458354424
20465740836
20473389627
20480779068
20488022945
20495395296
20502607792
20510276611
20517770016
20524913555
20532364884
20539772854
20546950589
20554293915
20561305217
20568636380
20575872913
20582952529
20590184579
20597329128
20604237124
20611739020
20618941235
20626208980
20633254584
20640428631
20647834520
20654768312
20661916028
20669461361
20676666773
20684131888
20691394370
20698848361
20706294933
20713356923
20720718809
20728520172
20735973750
20743532883
20751151457
20758297995
20765825657
20773274156
20780488733
20788155257
20795462705
20802840824
20810215271
20817648195
20824950059
20832180670
20839267630
20846591327
20853833521
20860982920
20868320724
20875481843
20882491186
20889746232
20896825481
20904252131
20911652160
20918893665
20926452554
20933306525
20940656462
20948182516
20955540531
20963163236
20970702250
20978277509
20985995395
20993397382
21000911977
21008469290
21015721582
21022967432
21030300003
21037381073
21044506329
21051615688
21058922692
21066356610
21073575655
21080943875
21088383271
21095460852
21102856933
21110281977
21117592485
21125033549
21131939938
21139199360
21146535434
21153721844
21160964145
21168213362
21175421957
21183082575
21190286672
21197706804
21205080043
21212417250
21219850204
21227303538
21234886034
21242607378
21249912103
21257387270
21264523098
21271796458
21279282534
21286629747
21293901729
21301435495
21308407552
21315833392
21323348660
21330698551
21337857283
21345240910
21352434159
21359796825
21367031032
21374085113
21381314179
21388574794
21395706629
21403090654
21410226344
21417965681
21425340480
21432765937
21440304966
21447494375
21454953064
21462314781
21469581072
21477179068
21484381497
21491611833
21499127270
21506536417
21514002924
21521472323
21528744275
21536357907
21543899889
21551160550
21558510991
21565741527
21572934393
21580147272
21587159247
21594232865
21601545883
21608805320
21616210168
21623557549
21630691296
21638212057
21645376864
21652559801
21659819360
21667068255
21674502540
21681633519
21688813197
21696243060
21703249221
21710684638
21718195745
21725476678
21732879859
21740367572
21747881065
21755256644
21762592459
21770158676
21777320086
21784624948
21792086835
21799540995
21806851289
21814273288
21821589764
21828877291
21836250468
21843487047
21850680250
21857840191
21864815783
21872141254
21879358830
21886452477
21893737633
21900900833
21908040226
21915475398
21922406528
21930064790
21937242984
21944513574
21951884105
21958916643
21966191731
21973478295
21980696330
21988455832
21995889995
22003283353
22010788064
22018009940
22025354445
22032689509
22039812027
22047228258
22054076324
22061346593
22068487853
22075708810
22082888442
22090270554
22097188679
22104419903
22111707140
22118680084
22125951072
22133319155
22140375668
22147785672
22154811600
22161996985
22169200240
22176128432
22183658297
22190997217
22198274509
22205899494
22213208273
22220534999
22227926980
22235053720
22242532773
22249786381
22257180519
22264575820
22271644909
22279155190
22286594861
22294205371
22301717886
22308982922
22316106602
22323188437
22330117730
22337355288
22344663547
22351836294
22359093605
22366249246
22373249562
22380335941
22387213689
22394348874
22401540655
22408476221
22415613549
22422966453
22430041984
22437544401
22444954282
22452332141
22459673892
22466644113
22474104806
22481689965
22488876161
22496577676
22503907125
22511298418
22518624899
22525854761
22533144890
22540550457
22547685551
22555145800
22562543396
22569608202
22576900733
22583965676
22591289755
22598692370
22605752356
22613089823
22620220847
22627395399
22634478657
22641575546
22648718734
22656180299
22663161414
22670513614
22677742069
22684686861
22691975552
22699388845
22706570130
22713993216
22721297665
22729027332
22736303997
22743586720
22751014182
22758094548
22765003630
22772331488
22779274720
22786560611
22793755038
22800978137
22808334607
22815430793
22822727577
22830318136
22837519081
22844809394
22852061563
22859423755
22866808407
22874512492
22881822220
22889459338
22896727664
22903855827
22911402644
22918514604
22925736280
22933150767
22940244184
22947736854
22954853435
22962106063
22969424313
22976444902
22983502639
22990670919
22997702355
23005041076
23012019009
23019242215
23026708783
23033783335
23040901905
23048083557
23055257589
23062593801
23069947716
23077454446
23084763287
23092125769
23099532622
23107149696
23114478350
23121847152
23129158976
23136816702
23144075037
23151431216
23158733034
23165934668
23173010306
23180250985
23187507714
23194580077
23201874429
23209033268
23216156979
23223554514
23230337600
23237703020
23244739628
23251966231
23259244043
23266555913
23273699805
23281046604
23288004601
23295479033
23302841026
23310192171
23317684780
23325095519
23332492457
23339817041
23346925360
23354731665
23362142464
23369412611
23376832407
23384300460
23391568970
23399122136
23406233255
23413337932
23420556992
23427819841
23435200224
23442517281
23449638987
23456880126
23463967590
23471198309
23478501397
23485568283
23492751297
23500089223
23507232456
23514464980
23521532678
23528940876
23536347576
23543646487
23550932546
23558091309
23565322716
23572778681
23580140383
23587511679
23595122664
23602565104
23610058615
23617575046
23624721967
23632149780
23639459432
23646529669
23653851836
23661111655
23668339896
23675386586
23682513601
23689812925
23697006098
23704162352
23711403031
23718606791
23725819716
23733091270
23739913846
23747186548
23754432644
23761670661
23769201933
23776278687
23783642975
23790968447
23798107121
23805702072
23812988238
23820570810
23828404150
23835877650
23843355310
23850767196
23858006789
23865420037
23872573185
23879907959
23887283110
23894515940
23901733960
23909146519
23916321378
23923513173
23930846524
23938028115
23945454796
23952769374
23959974741
23967439045
23974513229
23981812064
23989098337
23996110985
24003577461
24010931467
24018159539
24025871581
24032948443
24040445749
24048010421
24055242501
24062774569
24070154034
24077350313
24084898981
24092150706
24099675843
24107019032
24114150332
24121118013
24128321161
24135273603
24142581297
24149698107
24157001807
24164410770
24171412035
24178608375
24185923657
24192950580
24200281100
24207520938
24214551410
24221756899
24228883792
24236033100
24243350585
24250460265
24258146190
24265408702
24272817498
24280288671
24287434521
24294695136
24302214795
24309504526
24317064899
24324515417
24331956067
24339463318
24346862062
24354087563
24361341232
24368189634
24375496348
24382672171
24389784682
24397131834
24404425252
24411579088
24418830355
24425879355
24432958635
24439935343
24447129082
24454337478
24461556477
24468600597
24476047688
24482869254
24490166819
24497583861
24504814779
24512168372
24519246718
24526534322
24534254855
24541251652
24548808001
24556247351
24563467910
24571042497
24578469484
24585748887
24593162013
24600180474
24607413672
24614735211
24621976334
24629268590
24636874113
24644204235
24651798421
24659170038
24666705655
24674249381
24681692357
24689069481
24696596377
24703957835
24711453198
24718703317
24725857857
24733291316
24740328505
24747550396
24754756436
24761589171
24769075568
24776244108
24783395542
24790528784
24797620304
24805069246
24812354632
24819397742
24826471146
24833488231
24840770634
24848274763
24855407761
24862721039
24869962146
24877346110
24885101511
24892389039
24899548139
24906678841
24914250245
24921716125
24929104403
24936326600
24943797422
24951036892
24958219783
24965734684
24972891993
24979912261
24987237411
24994172060
25001429492
25008536893
25015638633
25022930613
25029884830
25037138881
25044581398
25051756792
25059080994
25066415141
25073743060
25081046454
25087941078
25095113993
25102400955
25109757776
25117387397
25124815440
25132211444
25139742716
25147123681
25154386300
25161689832
25168912411
25176590517
25183749112
25190737938
25197966530
25205352482
25212410357
25219799721
25226929062
25234186862
25241437823
25248494351
25255945956
25263168933
25270162502
25277528121
25284761869
25291870157
25299039737
25306174647
25313427062
25320768323
25327995645
25335219663
25342714368
25350245731
25357682602
25364978484
25372335550
25379446041
25386710849
25394086474
25401294533
25408423476
25415605036
25422746036
25429931253
25437154704
25444295520
25451607267
25458857494
25466067864
25473450481
25480670918
25487715069
25494869991
25501796485
25509076011
25516234422
25523214557
25530345734
25537430965
25544706727
25552311684
25559433130
25567087689
25574374452
25581667626
25589178013
25596521141
25604009496
25611929802
25619510462
25626885047
25633883833
25641016876
25647990173
25654970583
25662191770
25669545027
25676470052
25683862155
25690975997
25698091644
25705372287
25712810306
25719914830
25727284794
25734238246
25741459173
25748504838
25755370056
25762786149
25770030760
25777275203
25784844312
25792045074
25799584072
25807020408
25814129002
25821435838
25828652236
25835837958
25843199262
25850228893
25857832855
25865346899
25872564368
25879989474
25887214654
25894578926
25902154446
25909756679
25917490416
25924896412
25932340795
25939737855
25946937332
25953956145
25961268306
25968285651
25975304419
25982485795
25989726536
25996645073
26003923543
26011071856
26018261342
26025426546
26032587160
26039890263
26046956844
26054106595
26061317255
26068409555
26075932871
26083350739
26090695474
26098238435
26105482786
26112725469
26120045280
26127127650
26134846745
26142224910
26149775169
26157207664
26164406421
26171481646
26178544111
26185548084
26192641898
26199961678
26207048179
26214402660
26221717636
26228793672
26236078323
26243318482
26250376693
26257606846
26264565117
26271838860
26279065478
26285984551
26293448304
26300696496
26307995284
26315216395
26322290380
26329571926
26336981027
26344129692
26351692880
26358928372
26366151105
26373515438
26380747917
26388254357
26395381800
26402663805
26409996253
26417038293
26424385016
26431646977
26439072067
26446284793
26453593114
26460807064
26467862016
26474931198
26482212009
26489513153
26496853726
26504141055
26511535683
26518830723
26526216568
26533508594
26540961209
26548738841
26555680099
26562830095
26570269078
26577603821
26585083777
26592489941
26599558220
26607099574
26614120913
26621090828
26628245949
26635183627
26642525776
26649665490
26656663129
26663844459
26670917175
26678295845
26685507423
26692495989
26699708562
26706705741
26713743175
26720880105
26728047283
26735243791
26742454161
26749414070
26756706692
26763887273
26771350995
26778563721
26785597483
26792987659
26800762889
26807790011
26815003578
26822404999
26829173291
26836228595
26843339561
26850435747
26857784077
26864653563
26871964239
26879283224
26886448642
26893795947
26901037972
26908052762
26915250831
26922364245
26929703945
26936769669
26943983236
26951246437
26958407434
26965565340
26972654258
26979562774
26986882111
26994263611
27001593459
27009093473
27016448749
27023804055
27031339703
27038628531
27046119014
27053584664
27060785762
27068376933
27075829334
27082861367
27089975010
27096905619
27103937576
27111311885
27118325421
27125543456
27132823609
27139912787
27147216334
27154244037
27161488526
27168854803
27176070206
27183182136
27190408831
27197609363
27204886701
27211996289
27219201488
27226548930
27233863386
27241117223
27248609373
27255805177
27263116603
27270305936
27277372287
27284715782
27292101627
27299551610
27307014292
27313991628
27321305472
27328650466
27335699650
27342921342
27350025331
27357158849
27364627651
27371736092
27379385909
27386626833
27393874213
27401158405
27408368592
27415392240
27422592543
27429709077
27436954974
27444276590
27451503407
27458986545
27466428450
27473672021
27480751622
27487909497
27495206924
27502484583
27509978584
27517407561
27524791692
27531984069
27539476785
27546939437
27554087184
27561210741
27568086561
27575231447
27582575294
27589614732
27596926908
27604071702
27611241757
27618386015
27625342604
27632633238
27639840058
27646968006
27654447381
27661486773
27668630833
27675876760
27682973190
27690262615
27697043728
27704229480
27711704754
27718771488
27726043272
27733385176
27740853733
27748253440
27755708901
27763164667
27770521642
27777963286
27784946176
27792251054
27799377457
27806252527
27813858387
27821035143
27828435814
27835525834
27842626120
27849922659
27857092500
27864222039
27871539142
27878766617
27886020806
27893154339
27900213943
27907530235
27914622381
27921500833
27928842400
27935644643
27942706511
27949984981
27957279317
27964870504
27972069077
27979306911
27986767604
27993830543
28001239690
28008764062
28016121924
28023546585
28031117867
28038248034
28045729229
28053035729
28060265759
28067420758
28074572804
28081789814
28089201853
28095993753
28103310580
28110445414
28117750368
28125026650
28132081450
28139044679
28146220838
28153113166
28160636207
28167866436
28174990988
28182292638
28189387982
28196662046
28204072371
28211164212
28218446997
28225720387
28232637318
28239757051
28246967528
28254214924
28261512549
28268520714
28275827076
28283074947
28290278952
28297705021
28304988708
28312163536
28319544730
28326513314
28333765897
28340779080
28347508020
28354677095
28361836332
28368986466
28376080250
28383100089
28390464943
28397559935
28404343695
28411555717
28418612552
28425708676
28433264979
28440254233
28447523432
28454737581
28462164078
28469630983
28476878088
28484110842
28491530822
28498968580
28506458282
28513821070
28521322339
28528724295
28536154052
28543398816
28550936361
28557986708
28564882770
28572037876
28579206722
28586388114
28593699219
28600831038
28608285550
28615401320
28622559073
28629905628
28636820494
28644074040
28651250888
28658256084
28665715707
28672699147
28679789656
28687159575
28694274090
28701689786
28708837334
28715970943
28723473528
28730785520
28738133223
28745684293
28753164616
28760509672
28768028138
28775044733
28782268965
28789442324
28796843454
28804433034
28811684224
28818878973
28826266364
28833315181
28840497123
28847434021
28854393884
28861576117
28868800149
28875965736
28883237168
28889920361
28897395161
28904584279
28911846470
28919130035
28926319551
28933389176
28940825772
28947985223
28955560834
28962808184
28970185905
28977740663
28985232140
28992547467
29000043886
29007133416
29014626056
29022105415
29029376449
29036844991
29044245861
29051263023
29058613663
29065510689
29072572343
29079532037
29086597914
29093826766
29101047372
29108108857
29115604327
29122688717
29129880420
29136911979
29143878482
29150995094
29158216694
29165227582
29172811195
29180097239
29187649763
29195138072
29202603631
29210096439
29217261077
29224365922
29231794164
29238960409
29246486724
29253854439
29261342886
29268642592
29276009129
29283396168
29290803174
29297956275
29305288602
29312514837
29319665966
29326752604
29334068452
29341057355
29348004779
29355098868
29362252123
29369561056
29376868535
29384122418
29391383905
29398225682
29405642281
29412874361
29420124985
29427428287
29434660597
29442024365
29449586665
29456604163
29464013816
29471385555
29478703269
29486201814
29493593520
29500824606
29508467277
29515399646
29522783411
29530049763
29537108602
29544406595
29551549277
29558621274
29565968043
29572884684
29580199139
29587410549
29594320351
29601438921
29608730931
29616039986
29623439464
29630603245
29637890467
29645183441
29652453986
29659635745
29666788678
29673857278
29681413872
29688755301
29696300267
29703723735
29711120367
29718386934
29725641704
29732812019
29740194712
29747497923
29754918423
29762208674
29769688385
29777050836
29784400207
29791417475
29798582236
29805610581
29812760608
29819926638
29827115007
29834451265
29841860611
29848763145
29856160603
29863363140
29870533775
29878111085
29885143424
29892336903
29899835708
29906910872
29914270110
29921482362
29928791830
29936264518
29943513842
29950879369
29958509112
29966027608
29973615031
29981038653
29988526855
29995928551
30003153502
30010531101
30017924566
30025084782
30032301165
30039498040
30046706803
30054004108
30061292691
30068596146
30076133033
30083185293
30090451064
30097634552
30104719920
30111881055
30118940138
30125971620
30133396573
30140159846
30147379013
30154960576
30162080584
30169388476
30176628651
30183830927
30191296103
30198177507
30205573665
30213080426
30220492098
30227849654
30235104853
30242415958
30250006640
30257243570
30264415445
30271681752
30278886583
30286194873
30293509925
30300680745
30307707132
30314774783
30321838212
30329249058
30336395611
30343610632
30350968601
30357991071
30365404059
30372590882
30379660599
30386882475
30394091972
30401301317
30408707909
30415598601
30422893763
30430263498
30437774038
30445134991
30452212205
30459517832
30466738331
30473888204
30481223040
30488440509
30495770065
30502969083
30510042609
30517103299
30524350924
30531347354
30538718649
30545769410
30553001184
30560184427
30567349953
30574552825
30582044593
30589091344
30596276454
30603501756
30610714574
30618117495
30625386953
30632385525
30639826328
30646992006
30654270324
30661498686
30668530857
30676029632
30683352625
30690504472
30697833203
30704882571
30712096658
30719462262
30726607989
30733989688
30741035430
30748160870
30755368241
30762609532
30769819045
30777220328
30784418152
30791751228
30799234213
30806300457
30813735400
30821067175
30828237734
30835700126
30842945119
30849832766
30857171488
30864388559
30871637515
30878806759
30886107276
30893540337
30900666634
30908075689
30915465146
30922529508
30929769330
30936835115
30943860783
30950949334
30957754483
30964861226
30972110106
30979117720
30986497721
30993687681
31000931802
31008042110
31015399253
31022771864
31030135754
31037083147
31044492555
31051541127
31058755322
31066099307
31073569149
31080750831
31088179685
31095518238
31103065728
31110477186
31117835782
31125271766
31132483681
31139720918
31147155249
31154305428
31161765402
31169154537
31176249178
31183619785
31190955278
31198083885
31205521413
31212596409
31219910849
31227064961
31233967617
31241244420
31248492764
31255788462
31263027274
31270116086
31277237884
31284275914
31291382841
31298567966
31305582342
31312732384
31320129123
31327300356
31334364198
31341549858
31348890675
31356212169
31363890061
31371246500
31378873917
31385965957
31392965340
31400365536
31407481536
31414819936
31422053944
31429003633
31436537246
31443625935
31450629816
31458099765
31464942262
31472019093
31479331927
31486366775
31493720613
31501036476
31508289686
31515442054
31522601046
31529909397
31537235236
31544588232
31551894579
31559121274
31566641897
31574225373
31581524620
31588717135
31596114287
31603087293
31610248152
31617716939
31624876053
31632255152
31639538931
31646671424
31654120902
31661048987
31668189359
31675211110
31682129235
31689405135
31696816684
31704084674
31711493408
31718410201
31725815202
31733109432
31740175415
31747504834
31754509496
31761518762
31769011249
31776092670
31783154462
31790585595
31797652497
31805058294
31812419797
31819569257
31826875757
31833907331
31841256150
31848831456
31856427126
31864102447
31871565083
31878855227
31886283301
31893313192
31900496634
31907660139
31914931709
31922310746
31929389704
31936348328
31943817421
31950873980
31958006809
31965429390
31972497516
31979871305
31987179625
31994358064
32001813662
32008951938
32016000480
32023469664
32030815179
32038083184
32045197271
32052339862
32059621453
32066893773
32074083610
32081571307
32088871702
32095997203
32103343666
32110763661
32118362376
32125655396
32132959157
32140551828
32147780971
32155005952
32162631748
32169444333
32176733926
32184039141
32190865465
32198068950
32205295675
32212418499
32219865927
32227155229
32234482736
32241649638
32248709257
32256052569
32263307721
32270446304
32277797143
32284800228
32292080198
32299343322
32306826047
32314229212
32321568576
32328757205
32335961148
32343001443
32350213236
32357900874
32365126100
32372362618
32379780303
32387147130
32394568487
32401760757
32408801113
32416044929
32423003996
32430282604
32437402811
32444146439
32451601914
32458662574
32465486251
32472852819
32479713369
32486689435
32493736018
32500598650
32507625389
32514735085
32522014733
32529340633
32536428710
32543698811
32551170015
32558189074
32565424842
32572796091
32580317877
32587677269
32594967474
32602226130
32609566703
32616756433
32624237154
32631605680
32638809501
32645957937
32652965260
32660044326
32667587241
32674335841
32681603754
32688766679
32695673481
32702821932
32710025249
32716881699
32724116962
32731273139
32738645413
32745734118
32752899016
32760119055
32767333556
32774242516
32781673909
32788828327
32796218518
32803579715
32810739518
32818140541
32825278695
32832168836
32839300701
32846533776
32854110597
32861639987
32868924699
32876317246
32883958326
32891162836
32898703365
32905763259
32912896287
32920465595
32927581870
32934790434
32942108914
32949183343
32956847098
32963928244
32970834495
32978188593
32985197172
32992431761
32999501708
33006536556
33014035514
33021090635
33028338780
33035686544
33042884567
33049971726
33056880456
33063774514
33071033629
33078234834
33085461866
33092915184
33100294604
33107454040
33114461241
33121487720
33128572982
33135610033
33142740583
33150123552
33157396973
33164624540
33172282772
33179252335
33186508911
33193716480
33201043819
33208698455
33215927751
33223440632
33231016366
33237984276
33245399177
33252596893
33259609679
33266815413
33274033479
33281125319
33288584268
33295940248
33303253617
33310402038
33317470928
33324783517
33332017204
33339131567
33346294965
33353284648
33360295934
33367499618
33374746692
33381950606
33389438472
33396801367
33404296057
33411640791
33418795408
33426079784
33433248339
33440724332
33448354641
33455484395
33463007925
33470347320
33477611086
33485168078
33492416193
33499816665
33507224573
33514329816
33521880825
33529182705
33536534630
33543959383
33551318178
33558801929
33565964134
33573107276
33580558758
33588008680
33595408846
33602816907
33609899369
33616981081
33624424531
33631648350
33638859439
33645971950
33653153770
33660477145
33667886874
33675119398
33682536716
33689634967
33697070033
33704162470
33711217637
33718634327
33725774960
33732808033
33740336872
33747624094
33754917711
33762210686
33769259763
33776751178
33784182021
33791529265
33798722774
33806154244
33813515059
33820904286
33828282313
33835689930
33843077015
33850399090
33857700556
33864800016
33872031485
33879191257
33886240319
33893340927
33900535752
33907439020
33914759106
33922014274
33929191474
33936593751
33943718043
33950823562
33957843340
33964840275
33972373980
33979477341
33986518141
33994118737
34001408514
34008621087
34015849939
34023096065
34030205608
34037486909
34044898305
34052502665
34059516476
34066769900
34074278895
34081418579
34088861784
34096119553
34103157462
34110465048
34117612443
34124784991
34132062344
34139166700
34146295368
34153389029
34160700639
34167832535
34174969771
34182171389
34189350685
34196371166
34203553614
34210606393
34217598417
34224945507
34232159274
34239325304
34246727888
34253794790
34261251994
34268541266
34275838158
34283149002
34290577458
34298090661
34305697546
34313126874
34320953604
34328660643
34336180914
34343466973
34350543529
34357606896
34365005349
34371964294
34379047765
34386202611
34393550834
34400941821
34408263528
34415139624
34422009156
34428851254
34435983885
34443304308
34450100721
34457300166
34464467788
34471661679
34479084857
34486445335
34493816768
34501068448
34508123630
34515501489
34523048734
34530180033
34537579587
34544826953
34552297361
34559274651
34566491340
34573852185
34581445162
34588724886
34596372347
34603636236
34610908678
34618098699
34625346737
34632624304
34639812122
34646630827
34653861852
34661048920
34668067917
34675315650
34682406878
34689507930
34696898334
34704111856
34711450532
34718778161
34726025159
34733501672
34740851211
34748095485
34755496692
34762707398
34770068121
34777353446
34784460709
34791792652
34798999090
34806400465
34813898934
34821321867
34829023060
34836407697
34843627216
34850813749
34857960516
34864996589
34872206867
34879045401
34886217077
34893309621
34900112032
34907308020
34914538800
34921499978
34928796135
34935621526
34942784191
34950088212
34957202513
34964452372
34971868175
34978930961
34986088393
34993065376
35000182401
35007471168
35014693120
35022093745
35029396359
35036559788
35043821765
35051077499
35058552773
35066188819
35073647998
35080774034
35087756648
35094963300
35102239597
35109408994
35116640982
35123684399
35130649968
35137933350
35145119439
35152076104
35159176742
35166033039
35173050797
35180231760
35187613613
35194689710
35202009566
35208750486
35216096628
35223123276
35230089060
35237407233
35244723005
35252008849
35259473597
35266758753
35274081150
35281225469
35288409064
35295569235
35302426174
35309604904
35316961419
35324058186
35331601377
35338998835
35346158379
35353413501
35360630358
35367755109
35375021783
35381887596
35388930814
35396210860
35403362355
35410688010
35418049636
35425010386
35432366886
35439488945
35446798443
35454150644
35461194764
35468293153
35475615886
35482460555
35490072871
35497158133
35504579123
35511861555
35518969966
35526260753
35533581527
35540780621
35548054210
35555322093
35562902417
35570314808
35577434709
35584728035
35592099713
35599150779
35606692424
35613681939
35620822586
35627873515
35634832353
35641907532
35649186675
35656145176
35663416562
35670681094
35677980097
35685241660
35692359725
35699599808
35706873596
35714110144
35721081421
35728199333
35735434596
35742846956
35750094015
35757094377
35764671886
35771640699
35779167748
35786503058
35793480562
35800942081
35808071009
35815395930
35823109807
35830374278
35837822869
35845014022
35852367584
35860015611
35867406551
35874433994
35881655869
35888762138
35896078292
35903213600
35910225100
35917347510
35924508339
35931513444
35938848050
35945781291
35952849462
35959962646
35966935698
35974112102
35981368402
35988466041
35995981401
36003165226
36010278792
36017647441
36024701689
36032091467
36039321773
36046360828
36053569944
36060754594
36068048425
36075417058
36082708533
36090266167
36097632276
36104818410
36112389202
36119715408
36127234242
36134736933
36142152981
36149709483
36156971934
36164004548
36171407698
36178721541
36186045483
36193425729
36200636343
36207922693
36215212210
36222171782
36229440934
36236577910
36243672229
36251175043
36258429906
36265680040
36273121822
36280047505
36287582847
36294835062
36302055867
36309189660
36316072564
36323217633
36330559598
36337620609
36344962605
36351914634
36359173046
36366228626
36373561243
36380513456
36387621270
36394739227
36402121125
36409126139
36416182101
36423448438
36430674827
36438105532
36445471197
36452853860
36460101638
36467643773
36474927537
36482357600
36489447237
36496648978
36504289675
36511294520
36518277027
36525353384
36532498347
36539705274
36546858192
36553948074
36561029526
36568138121
36575391376
36582787626
36589990269
36597093784
36604203663
36611188021
36618558230
36625618721
36632878709
36640045872
36647134132
36654426724
36661771596
36668828385
36676171222
36683264730
36690618186
36697932672
36705246531
36712451423
36719918282
36727105763
36734604477
36741916377
36749380498
36756757806
36763822229
36770971628
36778140198
36785001453
36792276894
36799460840
36806600662
36813843024
36820736760
36827920034
36834932712
36841844610
36849173401
36856387443
36863465636
36870575011
36877815736
36885052131
36892201714
36899376939
36906689819
36913961205
36921355282
36928560389
36935808228
36942909203
36950316102
36957488298
36965167016
36972830434
36979990406
36987157844
36994597974
37001835470
37009201839
37016158473
37023343384
37030576826
37037368297
37044865007
37052088703
37059163652
37066509090
37073641369
37080918891
37087919987
37095007008
37102294796
37109497500
37116440304
37123722966
37130742606
37137742387
37145081613
37152396130
37159786076
37167116719
37174217847
37181712154
37188914384
37196306334
37203504847
37210781160
37218079458
37225702989
37233128217
37240496253
37247750917
37254783348
37262219499
37269488101
37276744616
37283938278
37291106573
37298573217
37305479683
37312437955
37319480759
37326249556
37333320129
37340510441
37347495671
37354787651
37361871016
37369087322
37376265164
37383450396
37390413089
37397936421
37405151365
37412425230
37419593953
37426706648
37434043059
37441694359
37448869906
37456391080
37463410338
37470682749
37477927253
37485383066
37492946146
37500313402
37507697947
37515276252
37522451385
37529710119
37536854729
37543806789
37551060871
37558240289
37565492290
37572746922
37579575052
37586858770
37594169355
37601404159
37608626922
37615641681
37622790025
37630171143
37637012232
37644418747
37651567841
37658822963
37666197823
37673573219
37680743579
37687949298
37695100931
37702419517
37709844026
37717364374
37725034524
37732496181
37739607866
37747051652
37754593604
37761850531
37769469289
37776873525
37784290307
37791461325
37798420270
37805794365
37812751505
37819888664
37827157158
37834247408
37841680944
37849092340
37856103718
37863555354
37870683669
37877956754
37885153231
37892140818
37899374184
37906552836
37913355507
37920602214
37927849335
37934940655
37942204912
37949598545
37956739361
37964196581
37971384353
37978851671
37986383264
37993499523
38001108933
38008362173
38015611221
38022970460
38029986979
38037201847
38044363410
38051202831
38058397671
38065370585
38072473656
38079970702
38086981070
38094154353
38101228017
38108191812
38115413947
38122470506
38129382572
38136727169
38143599822
38150936370
38158278412
38165639885
38172897072
38180162675
38187281031
38194590897
38201620191
38208683115
38216126197
38223288204
38230521003
38238001036
38245179276
38252732840
38259944464
38267014196
38274546157
38281880640
38289320250
38296947560
38304095796
38311681552
38319132285
38326265527
38333586424
38340612934
38347955251
38355306503
38362451328
38369925148
38377082029
38384384964
38391736966
38398804082
38406101218
38413370263
38420616343
38427932834
38435253593
38442481053
38449768902
38456980205
38464142074
38471322272
38478345492
38486005636
38493212976
38500610526
38508246573
38515832053
38523091199
38530599750
38537819469
38545533805
38552915627
38560056489
38567660527
38574978211
38582292116
38589875286
38597093673
38604488301
38611645472
38618766827
38626063947
38633202009
38640414093
38647732251
38654693216
38662070218
38669456905
38677038300
38684196405
38691505153
38698397497
38705415424
38712159771
38719270874
38726839065
38734126103
38741250609
38748456894
38755544221
38763121546
38770267029
38777601589
38785280904
38792389131
38799605896
38806913130
38814147077
38821857160
38829168449
38836413840
38843858682
38850947249
38858268834
38865602323
38872847042
38880161023
38886942014
38893973006
38901233912
38908376197
38915585327
38922924645
38929839786
38937070459
38944522646
38951770776
38959179449
38966481190
38973728433
38981231767
38988388036
38995698881
39003092300
39010280194
39017693350
39025070750
39032287515
39039888035
39047029142
39054409296
39061867939
39069178585
39076590226
39083901040
39091210416
39098676602
39105566085
39112761109
39119923697
39127012447
39134497880
39141742247
39148949847
39156287085
39163429369
39170661633
39177843576
39185041537
39192420131
39199665430
39206641129
39213815360
39220782628
39227948230
39235205693
39242396219
39249478543
39256989313
39263992674
39271539888
39278675242
39285931925
39293457552
39300705559
39308467081
39315991621
39323070549
39330527876
39337896402
39345148678
39352307013
39359161168
39366272791
39373432426
39380450904
39387732311
39394858546
39402104963
39409568058
39416851042
39424049906
39431042817
39438157975
39445434869
39452361944
39459532824
39466784244
39473894858
39481243218
39488666182
39495837781
39503250249
39510506060
39517795454
39525188598
39532515982
39539751382
39547107270
39554391126
39561757311
39569308397
39576603421
39584144271
39591104012
39598350780
39605804374
39612901463
39620319545
39627658986
39634562132
39641989333
39648996090
39655821512
39663133046
39670176431
39677434614
39684570610
39691818189
39698940538
39706114356
39713068589
39720263552
39727298063
39734511845
39741789657
39748826479
39756115644
39763439861
39770589398
39777969965
39785343662
39792493949
39799852407
39806988480
39814262575
39821594411
39828625664
39836376935
39843689447
39851116159
39858338432
39865183775
39872362902
39879576439
39886590326
39893589969
39900761645
39908196053
39915475119
39922352944
39929602543
39936856609
39943800346
39951136436
39958337503
39965625873
39972913094
39980199933
39987395554
39994884338
40002147829
40009547215
40016612862
40023966716
40031550482
40039053908
40046544650
40053942522
40061117411
40068314179
40075839377
40082776902
40090386708
40097489856
40104573373
40111971566
40119207334
40126520275
40133600334
40140751784
40147978586
40154970150
40162026618
40169482491
40176384122
40183815332
40191085525
40198265127
40205520769
40212621331
40219952815
40227290757
40234361958
40241818581
40249197067
40256588895
40263705659
40271045620
40278133972
40285527881
40292800384
40299970576
40307566077
40314772500
40322221213
40329579564
40336854378
40344480449
40351452031
40358597728
40365776626
40372743389
40380080841
40387495802
40394535454
40401998993
40409020224
40416204676
40423395951
40430541342
40437775381
40444915600
40451983282
40459280005
40466323100
40473657553
40481106312
40488251718
40495279834
40502804114
40509886500
40517067493
40524405282
40531737699
40538869871
40546017832
40553296379
40560953019
40568176868
40575631824
40582848390
40590141716
40597666302
40604733525
40611820485
40619391950
40626308897
40633513820
40640724970
40647700485
40654876751
40661784043
40669046693
40676302901
40683411694
40690841221
40698160435
40705180917
40712541380
40719679656
40726540451
40733657965
40740622678
40747959028
40755060217
40762013333
40769430926
40776754531
40783858214
40791313690
40798665799
40805866851
40813471869
40820739507
40828201485
40835737316
40842783486
40850262295
40857335362
40864644754
40872161736
40879413706
40886304076
40893420458
40900229815
40907487355
40914473365
40921816294
40929104908
40936131296
40943342323
40950432772
40957365951
40964543595
40971363508
40978451203
40985599424
40992524082
40999538382
41007047867
41014037825
41021411369
41028796755
41036263339
41043454477
41050744514
41057741678
41065348792
41072549293
41079802381
41087134018
41094680300
41101981750
41109440378
41116724341
41123963628
41130881721
41138159580
41145374233
41152380516
41159762399
41166739153
41173592054
41180700036
41187791632
41195285664
41202559988
41209690920
41216837779
41223881700
41231089913
41238340323
41245426472
41252583567
41260041185
41267426939
41274852243
41282156233
41289485025
41296724832
41304053945
41311767318
41319362743
41326831162
41334558948
41342193005
41349184692
41356653693
41364178921
41371350307
41378459314
41385459691
41392501669
41399683153
41406774473
41414134446
41421409627
41428882377
41436445274
41443692012
41451014148
41458143443
41465157039
41472470990
41479643355
41486846763
41493798180
41501177478
41508230288
41515433038
41522330844
41529812085
41537122946
41544559128
41552096719
41559332946
41566862749
41574520476
41581693330
41589142517
41596422395
41603638456
41611150879
41618360178
41625769524
41633078120
41640145985
41647686422
41654896011
41662039015
41669380919
41676319699
41683366404
41690502049
41697640402
41705040293
41712159077
41719253656
41726545728
41733467387
41740582499
41747942380
41754898173
41762141499
41769226485
41776535265
41783996279
41791281604
41798449623
41805912611
41812900473
41819936974
41827377746
41835035626
41842481570
41849683371
41856874662
41864357234
41871217831
41878552590
41886074223
41893234990
41900449628
41907661941
41914614980
41921940926
41928705668
41935669050
41942800747
41949701292
41956709702
41964121986
41971214484
41978405347
41985492628
41992820502
42000078240
42007431329
42014581493
42021984597
42029021021
42036367561
42043545709
42050751167
42057977985
42065300274
42072482997
42079996337
42087407703
42094858711
42102269694
42109545150
42117060082
42124131252
42131178004
42138423931
42145542929
42152705685
42159717385
42166826361
42173964622
42180648152
42187828365
42194868829
42201550476
42208743710
42215863611
42222930329
42230057819
42237185905
42244211436
42251601963
42258643253
42265956882
42273366519
42280583437
42288096411
42295563270
42302792428
42310169216
42317541536
42325099736
42332677000
42339804857
42347287138
42354792216
42361713493
42369115174
42376348570
42383630605
42390980388
42397744993
42404873783
42411884733
42418732401
42425827592
42432727601
42439850348
42447129461
42454026701
42460860063
42467921319
42475044510
42482366539
42489305808
42496664603
42503665470
42510711349
42518082155
42525300205
42532375384
42539814994
42547117761
42554470849
42561565673
42568909030
42576177066
42583760740
42590968739
42598535002
42605469742
42612873718
42620310513
42627517486
42634857967
42642115843
42649078567
42656382802
42663566321
42670769576
42678217647
42685420320
42692790438
42699974614
42706984508
42714234443
42721322138
42728635614
42735945128
42743218977
42750394218
42757652997
42764744196
42771941729
42779303064
42786529315
42793780459
42800990049
42808198766
42815664049
42822734745
42830045682
42837293904
42844510669
42851945475
42859265102
42866846695
42874194796
42881280149
42888605422
42895888146
42903292535
42910590864
42918002582
42925247300
42932578525
42939748747
42947012790
42954190509
42961335961
42968434962
42975626192
42982780946
42990098309
42997191190
43004417808
43011590004
43018894240
43026578282
43033794573
43040840697
43048358505
43055514514
43063039452
43070472927
43077622571
43084854927
43092239670
43099292236
43107066579
43114284048
43121636478
43129065807
43136294016
43143678362
43151083226
43158235501
43165836021
43173096774
43180394904
43187613123
43194745601
43201822983
43208977492
43216088274
43223168487
43230454454
43237752401
43244952030
43251925679
43258965515
43266102322
43273099456
43280342017
43287591172
43294585812
43301956510
43309164019
43316287470
43323827004
43331035155
43338246779
43345473948
43352740087
43360152967
43367816003
43375124385
43382802307
43389962722
43397393244
43404800188
43411928948
43419036364
43426423617
43433547450
43441034444
43447992884
43455108501
43462158725
43469248929
43476616736
43483576736
43490585804
43497772749
43504952703
43512079596
43519086307
43526376283
43533626586
43540890674
43547943943
43555404361
43562720194
43570011822
43577512264
43585041211
43592319757
43599911143
43607409122
43615045077
43622202111
43629624095
43637110354
43644466594
43652035397
43659375113
43666436079
43674051133
43681086823
43688249916
43695533695
43702622262
43709908932
43717146169
43724337934
43731733067
43738688600
43746081070
43753255454
43760133080
43767341797
43774270555
43781204439
43788410417
43795263685
43802399345
43809629054
43816834497
43824373281
43831700176
43838698794
43846154469
43853476651
43860966062
43868223204
43875598951
43882891605
43890373182
43897357785
43904672501
43912069623
43919449073
43926529454
43933782786
43941135369
43948550514
43955713821
43963038803
43970263004
43977261959
43984623370
43991715195
43998790971
44006108089
44013174287
44020445505
44027525855
44034645098
44041851276
44049286693
44056430891
44063501204
44070547726
44078036571
44085631400
44092781610
44100279956
44107689165
44115080488
44122851159
44130262678
44137628633
44144646896
44151803793
44158848831
44166093090
44173274145
44180767840
44187696858
44194871916
44202208495
44209249402
44216231037
44223288743
44230156056
44237488811
44244574945
44251767505
44258985739
44266176663
44273369514
44280634199
44287742487
44295152874
44302428299
44309839925
44317351139
44324507423
44331831564
44339307006
44346600103
44354038030
44361208742
44368527375
44376001287
44383529973
44390954145
44398492333
44405724582
44413261010
44420601123
44427680892
44435038127
44442147257
44449265000
44456759598
44463786521
44471107066
44478229507
44485178522
44492497904
44499590097
44506721656
44514005145
44520889502
44528194105
44535450069
44542653645
44549834578
44557063185
44564176170
44571295566
44578422995
44585778332
44593263414
44600761760
44608226416
44615830317
44623149485
44630724209
44638044066
44645577112
44653029375
44660474631
44667753713
44675147422
44682370476
44689738986
44696768495
44704056099
44711435412
44718566512
44725774617
44732758884
44739836649
44747229226
44754360219
44761611165
44768758958
44775732759
44783011933
44790118752
44797284063
44804695016
44811931396
44819182296
44826281388
44833364003
44840635053
44847757555
44854926278
44862194650
44869361170
44876496646
44883531097
44890609397
44897804865
44905204587
44912276308
44919604672
44926898396
44934153350
44941411226
44948587079
44955688941
44963280756
44970367991
44977928440
44984934647
44992069618
44999323379
45006567776
45013927887
45021268215
45028823982
45036265489
45043558371
45050910159
45058513464
45065839670
45073047041
45080215182
45087355050
45094470789
45101680226
45108801228
45116225676
45123444506
45130632048
45138114605
45145405346
45152466021
45159422089
45166511528
45173951352
45181091510
45187994089
45195466120
45202521164
45209986891
45217469509
45224697443
45232065770
45239282000
45246740260
45254162351
45261341218
45268974587
45276552784
45283935922
45291334313
45298227285
45305575859
45313227894
45320325518
45327657278
45334938502
45341890532
45349503903
45356864060
45363813856
45371074654
45378093468
45385049781
45392299579
45399135344
45406212787
45413430394
45420246452
45427648562
45434819794
45442045158
45449383114
45456532850
45463913723
45471140510
45478394163
45485985151
45493397711
45500568453
45507960648
45514777854
45522229337
45529711695
45536553717
45544203992
45551544121
45558884786
45566157228
45573247799
45580242178
45587471597
45594429119
45601733109
45609039945
45615856034
45623056719
45630257771
45637380824
45644345996
45651187865
45658262723
45665392814
45672501240
45679614791
45686695279
45693647278
45700984944
45708009097
45715155161
45722328122
45729471769
45736648020
45743867019
45750882390
45758207877
45765387172
45772563500
45779880694
45786998667
45794476818
45801542771
45808796378
45816025307
45823456869
45830995730
45838287052
45845601706
45852842600
45860067260
45867431088
45874930246
45882132384
45889354474
45896859537
45904156535
45911440054
45918672058
45925879047
45933274638
45940222613
45947118522
45954164784
45961170669
45968083485
45975293579
45982445641
45989911918
45997020513
46004085563
46011580084
46018503472
46025825777
46032990201
46039942582
46047441678
46054503974
46061681265
46069105514
46076067289
46083197304
46090544088
46097383525
46105016771
46112324633
46119541214
46126588761
46133594341
46140880859
46148184711
46155253740
46162355510
46169670685
46176771247
46184165400
46191541209
46198715272
46206051255
46213126434
46220265796
46227350430
46234265526
46241450666
46248541588
46255683567
46262968922
46269969070
46277485057
46284575705
46291699033
46298970847
46306161052
46313213893
46320517868
46327449380
46334477557
46341951684
46349000470
46356261376
46363426580
46370652250
46377976467
46385307845
46392777320
46400066469
46407276028
46414876410
46422072735
46429151188
46436536620
46443908619
46451262519
46458572155
46465818617
46473078957
46480434141
46487387639
46494616660
46501783425
46508830941
46516246300
46523373499
46530626005
46537974825
46545125525
46552966958
46560193255
46567411382
46575015283
46582446218
46589634892
46596611708
46603675549
46611045513
46618119667
46625298703
46632528458
46639734788
46646911513
46654182119
46661322614
46668361073
46675391270
46682537686
46689931273
46697117178
46704383791
46711819698
46719095123
46726496881
46733634132
46740997976
46748426692
46755688210
46763062810
46770708954
46777880156
46785299187
46792516809
46799605008
46806872570
46813952874
46821181359
46828864927
46836319179
46844134006
46851369759
46858798459
46866277696
46873636155
46880858535
46888124245
46895265566
46902299970
46909563722
46916626095
46923890810
46931157147
46938403304
46945760569
46952866623
46960023596
46967233078
46974413353
46981717481
46989200007
46996255771
47003646941
47010945071
47018326725
47025593123
47032984614
47040484674
47047882530
47055100305
47062781961
47070227109
47077888860
47085412910
47092590675
47100152517
47107576046
47115002085
47122560484
47129981213
47137340498
47144572839
47151736038
47158899866
47165781959
47172463331
47179636828
47186517467
47193580314
47200804424
47208238816
47215442943
47222696520
47229851412
47237294954
47244684747
47251625026
47258993139
47266110163
47273124693
47280699922
47287880151
47295307138
47302610884
47309937381
47317428720
47324869385
47332204281
47339826971
47347327184
47354938261
47362304706
47369644820
47377439588
47385273693
47392468686
47399920750
47407182452
47414439961
47421535106
47428361584
47435603043
47442724382
47449988838
47457267246
47464222519
47471173386
47478246928
47485046538
47492196749
47499489126
47506610664
47513855367
47520764037
47527847478
47535173760
47542368310
47549746062
47557182428
47564461693
47571944770
47578957816
47586432861
47593914867
47601233254
47608573506
47615952757
47623199648
47630740819
47637844395
47645200742
47652753281
47659950477
47667152218
47674185414
47681076580
47688200076
47695562329
47702821873
47710151568
47717351380
47724582864
47731996403
47739060963
47746314663
47753447416
47760703624
47768102811
47775247973
47782641958
47790136081
47797277693
47804785051
47811979402
47819358010
47826814756
47833959550
47841314887
47848726819
47855820588
47863280485
47870659568
47877957791
47885618684
47892643327
47899725590
47906803646
47913926346
47921239578
47928279322
47935258922
47942691356
47949741795
47957033867
47964382442
47971281762
47978390632
47985472681
47992355967
47999655245
48006872775
48013801396
48021208340
48028147640
48035406771
48042582746
48049710557
48057091614
48064256053
48071379381
48078844939
48085980278
48093453976
48100652703
48108025451
48115301718
48122557621
48129484130
48136971276
48143973765
48151342551
48158653641
48165758242
48172814984
48179948594
48186892162
48194374413
48201387474
48208502448
48215727537
48223092161
48230128448
48237420137
48244493189
48251749230
48258919223
48266059717
48273376193
48280223340
48287659829
48295392877
48302619220
48310268624
48317408996
48324696049
48331896581
48338842032
48346443622
48354009687
48361450765
48368969950
48376482204
48383879402
48391357277
48398608345
48405715853
48412932098
48420130488
48427471826
48434725296
48441681272
48448806941
48456006203
48463249896
48470591770
48477769229
48485186654
48492323446
48499419341
48507008631
48514127063
48521185488
48528562552
48535585711
48543015865
48550284773
48557362002
48564609872
48571737438
48578676906
48586061727
48593298137
48600852160
48608516833
48615764825
48623258260
48630629280
48638119135
48645589146
48652787490
48659949053
48667132219
48674116501
48681306078
48688454513
48695583732
48703022730
48710040534
48717256105
48724621893
48731803743
48738894834
48746187396
48753464932
48760828914
48767892710
48774983786
48782224419
48789061713
48796588885
48803973767
48811223779
48818531074
48825614071
48832839083
48840032011
48846749048
48854219931
48861609662
48868755191
48876221637
48883107279
48890254567
48897682579
48905053875
48912426455
48919644199
48926691379
48933595504
48940708077
48947665032
48955110533
48962149206
48969451024
48976922350
48984054782
48991053155
48998198607
49005142313
49012569836
49019830634
49027065300
49034809671
49041990665
49049251708
49056718185
49063691313
49071148104
49078802235
49086433171
49094029377
49101187589
49108698083
49116106206
49123549487
49130833083
49138400891
49145683844
49153020225
49160227932
49167498064
49174816085
49182064123
49189098558
49196283270
49203236324
49210602831
49217894275
49225141885
49232413256
49239687610
49246807022
49254018447
49261001520
49268238481
49275505339
49282609297
49290141258
49297588165
49305185044
49312466727
49319280643
49326880734
49334221476
49341549441
49349146809
49356689097
49364272848
49371777819
49379155189
49386543895
49393740924
49401119088
49408512997
49415641695
49422723086
49430004234
49437001719
49444219204
49451351834
49458552795
49465851491
49473331478
49480544173
49487745026
49494904233
49502185778
49509440258
49516330827
49523814822
49531081190
49538457963
49546113669
49553299988
49560830739
49568176285
49575111744
49582656954
49590000909
49597474056
49605173444
49612700417
49620095947
49627460128
49634608013
49642040844
49649384171
49656807288
49664347128
49671594187
49679184150
49686762897
49694457069
49702015804
49709631762
49717051129
49724361990
49731796749
49739210441
49746416802
49753773776
49760838689
49768170877
49775310928
49782689613
49790057007
49797336808
49804776969
49811859492
49819506003
49826940794
49834129575
49841796497
49849305798
49856742975
49864279954
49871451462
49878831493
49886324684
49893783005
49901435560
49908985789
49916722203
49924112685
49931567273
49939204452
49946639089
49953871629
49961499398
49968871335
49976221287
49983585667
49991164277
49998780693
50006181258
50013615711
50020916825
50027973736
50035128215
50042637072
50050076453
50057303469
50064857859
50072205286
50079523842
50086775599
50093754510
50101387818
50108956070
50116246566
50123702241
50130791878
50137990513
50145351955
50152717390
50160299871
50167571456
50174823702
50182272262
50189613753
50197184132
50204447256
50212009021
50219553726
50226960380
50234229594
50241385633
50248640373
50255959617
50263451415
50270701366
50278124192
50285512990
50292710156
50300118202
50307230162
50314177112
50321380337
50328333483
50335492965
50342763479
50349990342
50357683733
50364733254
50372064861
50379496943
50386855600
50394339121
50401786641
50409224216
50416780779
50424285582
50431653909
50439150786
50446323610
50453588417
50460917071
50468039604
50475612629
50482823045
50489980599
50497225073
50504271472
50511500049
50518866234
50525925165
50532918764
50540032943
50546937312
50554204384
50561338621
50568360464
50575731377
50582746519
50590158925
50597510606
50604547259
50612002766
50619216150
50626468717
50634165152
50641126300
50648595194
50655945957
50663040108
50670674930
50678005237
50685458724
50692933554
50700104327
50707425882
50714448276
50721772264
50729118207
50736268142
50743309798
50750603431
50757705278
50764723602
50771759139
50778860389
50786230628
50793632309
50800527621
50807856673
50815096863
50822059281
50829472712
50836791467
50843985160
50851574786
50858637725
50865829398
50873010958
50880111122
50887515802
50894773250
50902194010
50909598889
50916941588
50924521897
50931701927
50938937373
50946358653
50953616775
50961043655
50968238923
50975272899
50982383070
50989532209
50996728227
51003730502
51010880773
51018213206
51025725736
51032538015
51039685869
51046702862
51053912054
51061359604
51068623111
51075638314
51083117107
51089997088
51097195983
51104400202
51111480430
51118841046
51125940828
51133108342
51140600140
51147589165
51155134926
51162622348
51169986192
51177537981
51185004336
51192269495
51199626546
51206999814
51214212479
51221520738
51228993564
51236354486
51243616096
51250870071
51258218217
51265410640
51272533907
51279746862
51287098359
51294322254
51301549913
51308448606
51315739653
51322519328
51329539702
51336855076
51344103007
51351420186
51358802146
51365821587
51373324584
51380698358
51388019546
51395415964
51402258705
51409591154
51417194320
51424408882
51432107460
51439297634
51446721867
51454134166
51461178378
51468503008
51475913532
51482831550
51490193206
51497347991
51504384033
51511635483
51518850565
51526039316
51533192464
51540197951
51547270545
51554194544
51561112929
51568372978
51575717697
51582832289
51590102696
51597332114
51604843328
51612283917
51619484280
51626928281
51634055067
51641623870
51649294571
51656423101
51663854433
51671522992
51678917375
51686266118
51693718824
51701198291
51708708020
51715943253
51723197839
51730309953
51737369342
51744906550
51752028777
51759748728
51767094457
51774221763
51781478783
51788773150
51795880336
51803096949
51810428907
51817411720
51824650487
51831683346
51838695061
51845889060
51853025806
51860427594
51867909829
51874949971
51882586783
51889866905
51897173864
51904361590
51911527743
51919171011
51926658892
51933971511
51941611521
51948882876
51956239590
51963580898
51970754471
51978091800
51985435234
51992564453
51999937431
52007144266
52014284654
52021680047
52029033655
52036387891
52043750128
52050798211
52058095470
52065362618
52072606571
52079789538
52086964917
52094203730
52101693126
52108764372
52115919938
52123226070
52130412847
52137746183
52144990351
52152147905
52159645073
52166681712
52174344472
52181690216
52188952392
52196421561
52203848915
52211209087
52218952677
52226047502
52233481037
52240834141
52248053415
52255342060
52262764166
52270086165
52277081187
52284130310
52291473300
52298564896
52305485790
52312733599
52319818876
52326851521
52334404397
52341510237
52348680689
52355548584
52362607590
52369821143
52377058945
52384035776
52391404394
52398628947
52405823833
52413106679
52420286525
52427408139
52434387112
52441563608
52449059690
52456207651
52463672322
52470756895
52477944192
52485209688
52492415453
52499426525
52506923326
52514010133
52521184609
52528514410
52535980244
52543248586
52550485929
52557689812
52565141142
52572413262
52579727289
52587094438
52594445568
52601786279
52609347508
52616539288
52623925027
52631163426
52638358986
52645644295
52652899019
52660243111
52668061472
52675109937
52682724855
52690521153
52697901644
52705329319
52712382803
52719536685
52727068998
52734231631
52741603539
52748893866
52756197229
52763554923
52770753955
52778000127
52785292077
52792430751
52799403695
52806582378
52813673209
52820856666
52828149763
52835449822
52842906261
52849892777
52856980731
52864254948
52871237945
52878612346
52885897533
52893044499
52900634049
52907638328
52915041875
52922444275
52929602778
52936853035
52943926990
52951074630
52958671539
52966034205
52973600529
52981168399
52988585028
52996046042
53002978916
53010327674
53017828897
53024958238
53032260316
53039582391
53046525791
53053723584
53060928676
53067931746
53075306223
53082312262
53089154911
53096514211
53103945758
53111307475
53118751905
53125685543
53132990375
53140145665
53147385028
53154752667
53161838051
53168985216
53176360903
53183334352
53190704959
53198024800
53205353454
53212875072
53220000083
53227142230
53234710788
53242132573
53249611902
53256891841
53264180256
53271634860
53278795856
53285983460
53293481974
53300582658
53308086666
53315543259
53322829685
53330180432
53337787011
53345100303
53352463796
53359425479
53366570334
53373762910
53380630224
53387783188
53394836855
53401846122
53409283758
53416124235
53423218309
53430510213
53437491710
53444413690
53451302469
53458164855
53465562176
53472657398
53479743088
53486905324
53493896062
53501085043
53508284947
53515513922
53523102829
53530272822
53537518994
53544766558
53552195856
53559211273
53566520129
53573656003
53580836033
53588230110
53595724998
53603006360
53610321688
53617349911
53624730876
53631910355
53639165554
53645977557
53652921294
53660033423
53667029776
53674276835
53681589440
53688569468
53695870123
53702946036
53710028651
53717013423
53724098225
53731366077
53738721185
53745973630
53753110590
53760086732
53767405701
53774667632
53782121869
53789095961
53796088994
53803341622
53810720583
53817696924
53825109254
53832714210
53840104646
53847341974
53854977057
53862108938
53869578857
53876935326
53884273267
53891795023
53899246765
53906466239
53913870459
53920748988
53927981940
53935208467
53942033491
53949347304
53956405576
53963397018
53970580797
53977442296
53984818411
53992172157
53999405920
54006430885
54013423107
54020533782
54027958750
54035023785
54042336405
54049716421
54056873409
54064275075
54071619870
54078781295
54086123582
54092995730
54100474997
54107999384
54115021227
54122267980
54129603336
54136849707
54144515649
54151779890
54159230807
54166809631
54174149454
54181836388
54189252742
54196196616
54203710064
54210905363
54218002268
54225143513
54232399079
54239514803
54246855437
54253931840
54261306501
54268633380
54276038595
54283310777
54290373900
54297718313
54304841350
54311971166
54319399300
54326675292
54333730122
54340753755
54348140473
54355295671
54362785373
54369902061
54377255547
54384417538
54391774252
54399444999
54406955891
54414434225
54422202418
54429417561
54436611759
54443863469
54450859838
54457976434
54465225207
54472153735
54479585374
54486673542
54493930485
54501112764
54508084301
54515373267
54522456555
54529320059
54536764626
54544154388
54551462632
54558708314
54565894632
54572976283
54580056144
54587028063
54594464536
54601985420
54609444139
54616992425
54624368937
54631782659
54639213487
54646457532
54653890302
54661185404
54668540986
54675916244
54683038883
54690535348
54698187184
54705612274
54713219311
54720420379
54727424719
54734751032
54742044787
54749227387
54756476726
54763590614
54770831308
54777974710
54785147029
54792375789
54799709064
54806972066
54814145088
54821367774
54828749367
54836000021
54843205296
54850632911
54857980736
54865294595
54872823465
54879902040
54887209152
54894521221
54901587480
54908958530
54916350297
54923746730
54931427728
54938698640
54946119583
54953438721
54960724045
54968023186
54975228660
54982479284
54989890726
54997031557
55004394070
55011588329
55018755232
55025942560
55033079398
55040275707
55047633966
55054757279
55062045235
55069431050
55076459442
55083872736
55091210019
55098324993
55105588377
55112627540
55119930215
55127247027
55134281875
55141739982
55149081259
55156363401
55163689561
55170985642
55178051442
55185274373
55192358059
55199725942
55207321841
55214488606
55221795351
55228953088
55236188061
55243558851
55250707164
55258133876
55265575061
55272833611
55280238612
55287431188
55294888377
55302542156
55309681029
55316950824
55324333610
55331317065
55338702926
55345802661
55352854141
55360070508
55367479242
55374722966
55381935432
55388998279
55396240993
55403389842
55410550456
55417761300
55424953494
55431913647
55439388585
55446257106
55453403706
55460764490
55468131914
55475276678
55482567403
55489712610
55497271667
55504397152
55511798114
55519294334
55526598141
55533856752
55541051607
55548110828
55555678606
55563006648
55570526904
55577680266
55584764518
55592014041
55599261696
55606455190
55613713419
55620751174
55627825894
55635005174
55642018878
55649041822
55656077466
55663018541
55670336607
55677587124
55684752084
55692206718
55699215556
55706382229
55713849516
55720953276
55728334822
55735571982
55742934602
55750334585
55757223655
55764554910
55771910262
55778947329
55786335531
55793635054
55801116953
55808667717
55815837358
55823250591
55830742633
55837750783
55844986337
55852105901
55859068931
55866379087
55873552018
55880762847
55888127487
55895115379
55902271572
55909403100
55916326060
55923382925
55930664195
55937611374
55945031078
55952232666
55959640314
55966674366
55973600676
55981064674
55988269353
55995491901
56002967083
56010334645
56017732670
56024922078
56031859802
56039241746
56046392278
56053724956
56061372401
56068860879
56076494768
56083759774
56090980165
56098406295
56105610591
56112797628
56120554300
56127877767
56135144763
56142404444
56149616252
56156837699
56164057907
56171126293
56178483696
56185459333
56192301294
56199433068
56206510771
56213677107
56220863854
56227658676
56235359089
56242530398
56249897149
56257326554
56264310576
56271688450
56279007633
56286021031
56293623891
56300744557
56307890315
56315248208
56322283086
56329768581
56337113927
56344341096
56351739442
56359114945
56366231617
56373636970
56381054670
56388223593
56395491169
56402326291
56409461370
56416618602
56423566424
56430856935
56437931242
56445037312
56452419333
56459620737
56466772752
56474135020
56481147852
56488418244
56495697111
56502785816
56510173895
56517355103
56524636327
56531868545
56538892454
56546018138
56553312704
56560404101
56567762697
56574817160
56582131784
56589522648
56597048091
56604546269
56612002433
56619046522
56626214282
56633397188
56640525244
56647590095
56654778295
56662079670
56669221954
56676365188
56683686651
56690733311
56697732066
56704878405
56711695351
56718854573
56726024750
56733035057
56740312701
56747252398
56754339802
56761627299
56768581363
56775678589
56782910180
56790164232
56797661124
56804685354
56811852502
56819060026
56826333279
56833764810
56840985354
56847956049
56855288697
56862577357
56869833229
56877159481
56884585611
56892069438
56899210131
56906565163
56914163265
56921333809
56928560443
56935774270
56943272433
56950549526
56957903930
56965138857
56972363593
56979610377
56987109932
56994469936
57001622686
57009115233
57016548540
57023850449
57031258648
57038620580
57045665862
57052983286
57060045414
57067021710
57074498315
57081560489
57089070417
57096516330
57103602235
57110975901
57118238766
57125504965
57132720690
57139899205
57147218832
57154608166
57162005930
57169174378
57176379240
57183599815
57191209851
57198620880
57206033761
57213285058
57220387839
57227826607
57235433782
57242723100
57250277001
57257298278
57264409779
57271704069
57278821369
57286091898
57293367492
57300350014
57307619014
57314676231
57321920903
57329222109
57336413139
57343703176
57351032473
57357932742
57365526163
57372542131
57379839175
57387129442
57394264352
57401473773
57408947976
57416042051
57423509170
57430795060
57438153611
57445801316
57453074155
57460429508
57467924504
57475153249
57482536310
57489913419
57496788168
57503869146
57511054041
57518419905
57525831546
57532983959
57540615599
57547663728
57554777172
57562115771
57569115200
57576347143
57583446052
57590665510
57597871122
57604837686
57611981363
57619038794
57626024300
57632897350
57639977150
57646903919
57653974615
57661172760
57668257303
57675626793
57682724753
57689378478
57696609641
57703578301
57710706663
57718009980
57725010052
57732122517
57739306066
57746564998
57754052466
57761212223
57768360735
57775704720
57782869327
57790192489
57797826393
57805114839
57812561884
57819662033
57826996914
57834212807
57840995710
57848059460
57855181564
57862306392
57869427685
57876428292
57883518358
57890581587
57897886986
57905089139
57912253701
57919116011
57926286234
57933415406
57940550102
57947917817
57954918501
57962123714
57969464624
57976553450
57983742293
57990934670
57998103791
58005653117
58012737078
58020068609
58027506260
58034529847
58041879417
58049044957
58056059502
58063672568
58070742683
58078082567
58085459722
58092513864
58099920548
58107098604
58114407414
58121703357
58128864507
58136045806
58143335430
58150214662
58157403964
58164543495
58171480821
58179055193
58186352925
58193309897
58200489269
58207709798
58214935269
58221796049
58228735608
58235922676
58243190039
58250211453
58257539679
58264603047
58271799050
58279076357
58286267770
58293769544
58301003950
58308047091
58315558182
58322759203
58330220080
58337723613
58344928980
58352188111
58359170572
58366018010
58373329544
58380409863
58387612002
58395077071
58402408402
58409735756
58417140772
58424072514
58431516010
58438499603
58445757495
58452951340
58460084017
58467195916
58474650902
58481434891
58488892356
58496449378
58503663787
58511167182
58518863756
58526346221
58533528438
58540456217
58547982639
58555170013
58562069670
58569405271
58576103473
58583281223
58590716794
58597840688
58604812026
58611832997
58618925037
58626138252
58633328900
58640398005
58647763502
58654874850
58662094109
58669058516
58676067109
58683215254
58690432983
58697525191
58705020906
58712323626
58719807086
58727325246
58734638569
58742016459
58749504065
58756488698
58763910040
58771255524
58778479434
58785740784
58792762183
58800193347
58807788634
58814776450
58822012203
58828708722
58836048255
58843451221
58850399930
58857528613
58864596693
58871580791
58878914616
58885891478
58893122763
58900147589
58907436310
58914577386
58921740693
58928829933
58936242477
58943204084
58950523558
58957635488
58964884643
58972307086
58979720059
58987005016
58994339652
59001599074
59008562349
59016033324
59023313477
59030832845
59038471783
59045560074
59053009966
59060266159
59067264180
59074700607
59081808865
59088904959
59096146419
59103279095
59110637905
59117724054
59124806562
59132095635
59139125037
59146286875
59153664213
59160706314
59167824700
59175027603
59182309134
59189787330
59197179311
59204290276
59211842754
59218753718
59226182128
59233557998
59240843139
59248287216
59255513605
59262830509
59270512287
59277607723
59284872163
59292401905
59299619665
59307178324
59314607086
59322056518
59329440344
59336693386
59344046199
59351460471
59358614644
59366027142
59373259269
59380268566
59387530910
59394752280
59401705886
59408915643
59416242752
59423556550
59430938571
59438054111
59445167004
59452045502
59459441920
59466496765
59473682471
59480732543
59488219797
59495293782
59502428371
59509690379
59516697962
59523915186
59531074546
59538550860
59545854086
59552793722
59560335995
59567484124
59574596635
59582074281
59589183686
59596321105
59603564248
59610600580
59618173086
59625109111
59632027281
59639385832
59646447210
59653587705
59660911126
59667663491
59674875911
59682035087
59689287501
59696512926
59703716426
59710586294
59717859715
59725018463
59732262998
59739247463
59746269643
59753663720
59760883866
59767885314
59775490026
59782809715
59790205245
59797413840
59804578218
59811979027
59819448701
59826576436
59834041994
59841131341
59848232484
59855685588
59862779770
59869813624
59876906551
59884011075
59891520483
59898740125
59906204092
59913766163
59921021484
59928598106
59936212411
59943404665
59951077447
59958507938
59965842085
59973390738
59980674777
59987684854
59994836503
60001815735
60009068196
60015943174
60023087953
60030259139
60037427082
60044545774
60051686269
60058686998
60066099542
60073059818
60080119957
60087417981
60094523745
60101685216
60109168614
60115903200
60123538374
60131090821
60138387529
60145914915
60153093353
60160372910
60168055422
60175347754
60182843454
60189969291
60196864603
60204451139
60211923536
60219521409
60227271119
60234359548
60241684438
60248766870
60255796715
60263205801
60270453747
60277850272
60285506499
60292380315
60299893686
60307246453
60314514427
60321790373
60329187617
60336168548
60343814784
60350916264
60358272596
60365532231
60372592187
60379830632
60387060448
60394200606
60401389770
60408492428
60415694597
60422742297
60429838713
60436696219
60443802855
60450828263
60458045793
60465643589
60472931775
60480014772
60487111769
60493892392
60501143919
60508198015
60515622539
60522701451
60529818567
60537101505
60544112806
60551285202
60558675163
60565628707
60573210071
60580488893
60587602980
60594986622
60601988315
60609392873
60616653197
60623803147
60631246077
60638295644
60645335357
60652636884
60659664220
60666940854
60674298548
60681327796
60688512355
60695833252
60703107591
60710553214
60717746539
60724900207
60732490736
60739436921
60746513569
60753778055
60761072972
60768493977
60775820183
60783226745
60790842335
60797876403
60805246230
60812734677
60819821958
60827278520
60834466552
60841823771
60849437770
60856448062
60863833510
60871184012
60878422167
60885617267
60892946090
60900118148
60907480998
60914622824
60922079982
60929029472
60936181931
60943581378
60950975746
60957879075
60965230389
60972232969
60979518110
60986906909
60994168931
61001534688
61009017474
61016168771
61023671523
61030626184
61037567917
61044839104
61052044777
61059094313
61066317780
61073409727
61080968157
61088219454
61095407899
61102908189
61110043221
61117302337
61124796644
61132113043
61139918154
61147438272
61155085962
61162570141
61169868776
61177155111
61184172731
61191242616
61198668486
61205656394
61212907692
61220191027
61227307608
61234699252
61242081732
61248908255
61256118380
61263311828
61270342453
61277643292
61284914801
61292127068
61299432925
61306210917
61313381935
61320544110
61327591473
61334928802
61342066818
61349427189
61357079270
61364174645
61371551525
61378670768
61385880082
61393260481
61400090615
61407203723
61414814340
61421937669
61429149522
61436490279
61443636496
61450878858
61457695008
61464695553
61472025768
61479133077
61486273817
61493504107
61500840870
61508076577
61515283275
61522569226
61530172393
61537153110
61544255355
61551478546
61558518229
61565739293
61572724646
61579626185
61586698274
61593887805
61601034267
61608389680
61615357974
61622862440
61630323408
61637375852
61644693995
61651723442
61659103183
61666650214
61674117822
61681479555
61688901646
61695959949
61703089627
61710299584
61717391761
61724466818
61731621694
61738807860
61746093995
61753035161
61760165726
61767305670
61774492264
61781886968
61788973744
61796239653
61803278648
61810163847
61817422641
61824653436
61831608617
61838957666
61846041092
61853295128
61860570599
61867787670
61875227770
61882397686
61889701539
61897196183
61904426688
61911813528
61919460666
61926769339
61934320485
61941419900
61948519834
61956084276
61963374375
61970162067
61977569041
61984671623
61991912623
61998950210
62006059921
62013300462
62020471068
62027427519
62034822223
62041909596
62048952385
62056320390
62063463257
62070706843
62077905493
62084982707
62092592865
62099634415
62106685711
62114278305
62121342713
62128848357
62136173737
62143615458
62151070108
62158084271
62165507326
62172883410
62179694786
62186698851
62193763702
62200642108
62207957053
62215133228
62222519976
62230076202
62237262582
62244618531
62252249681
62259347642
62266661776
62274088182
62281584953
62289040015
62296171881
62303545548
62311109210
62317970036
62325168242
62332419187
62339570101
62347046630
62354232428
62361346362
62368438891
62375453421
62382910381
62390409201
62397806231
62405233922
62412679086
62419795437
62427197776
62434105803
62441148056
62448353270
62455461864
62462573686
62469881884
62477101159
62484484189
62491380557
62498565865
62505251522
62512259962
62519494934
62526829754
62534024717
62541515643
62548856889
62556332744
62563847156
62571290070
62578890146
62586187236
62593511821
62601028956
62608242232
62615486492
62622827263
62629750039
62637149241
62644425126
62651621098
62659240407
62666569826
62673868614
62680984751
62688027173
62695114898
62702047068
62708953457
62716342317
62723354766
62730423672
62737547031
62744709006
62751657670
62758812332
62765770956
62773187952
62780009610
62787169092
62794502122
62801682672
62809005849
62816409534
62823378103
62830426859
62837930744
62845075002
62852438892
62859567973
62866892160
62874315873
62881258186
62888706073
62895972762
62903480182
62910738104
62918033098
62925295427
62932517700
62939557674
62946863775
62953687269
62960827672
62968109661
62974971497
62982056943
62989368354
62996346117
63003329757
63010396199
63017579259
63024832774
63032103350
63039185781
63046450818
63053385619
63060416046
63067571136
63074727421
63082270489
63089470088
63096555594
63103878052
63110842673
63118258537
63125576634
63132797714
63140320250
63147731034
63155111341
63162566358
63169826346
63177288048
63184728071
63191522419
63198834840
63206040375
63213062325
63220551216
63227647386
63234887025
63242051327
63249017111
63256026087
63263092040
63269979029
63277293240
63284574204
63291790647
63299060366
63306240289
63313794358
63321504869
63328778382
63336107159
63343180884
63350256048
63357579806
63364892655
63372173619
63379362875
63386448978
63393810527
63400855412
63408038104
63415551445
63422776640
63429991034
63437521587
63444463350
63451913425
63459003276
63465961762
63473210749
63480542938
63487702053
63495205065
63502313660
63509822976
63517234663
63524566898
63531946531
63539390930
63546729070
63554382222
63561526083
63568710764
63576143029
63583366817
63590684287
63597757798
63604937691
63612367432
63619626104
63626990407
63634369627
63641408454
63648700862
63655967842
63663318956
63670712758
63677735259
63685116300
63692370015
63699588693
63707027629
63714242084
63721393396
63728951642
63735973378
63743418297
63750569042
63757907473
63765248719
63772707760
63779795990
63787122854
63794219315
63801673827
63809179624
63816750263
63824204163
63831627387
63838917194
63846240891
63853359797
63860567750
63867938785
63875339242
63882443368
63889805973
63896919066
63904134102
63911267604
63918312291
63925584625
63932721723
63939928758
63947454797
63954740979
63962101166
63969255033
63976747948
63983934771
63990941130
63998221896
64005687638
64012794564
64020295879
64027662217
64034901366
64042094538
64049499738
64056892683
64064308777
64071649028
64079059293
64086544833
64093787669
64101410451
64108823040
64116056054
64123528635
64130794238
64137933126
64145327234
64152485966
64159829859
64167140597
64174327848
64181844769
64188922595
64196298740
64203592373
64210701380
64218115821
64225327063
64232488917
64239940965
64247046377
64254372904
64261799111
64269251542
64276542145
64283859401
64291157103
64298516265
64305914305
64313260187
64320826343
64328104706
64335246731
64342779120
64350147248
64357487055
64364785385
64371925864
64379160760
64386286582
64393411134
64400760000
64407819557
64415336325
64422683997
64429886304
64437036116
64444003812
64451333706
64458650640
64465907369
64473353037
64480562413
64487983265
64495280477
64502513721
64509848969
64516949225
64523854910
64531163353
64538421505
64545581583
64552924696
64560222475
64567533672
64574766395
64581704333
64588892839
64596511045
64603997794
64611396538
64618670877
64625754700
64633402987
64640659149
64648040313
64655356253
64662262994
64669292028
64676378147
64683487292
64690967125
64698136751
64705572062
64712897028
64720109770
64727524701
64734619372
64741752354
64749120467
64755979763
64763370198
64770596312
64777804111
64785123448
64792378983
64799433675
64806854680
64814051907
64821743080
64829469993
64837025714
64844451095
64851987018
64859409691
64866870063
64874146941
64881349998
64888730733
64896115538
64903520692
64911112369
64918495246
64926102651
64933236215
64940897430
64948712823
64956000733
64963485141
64971024598
64978560690
64985935504
64993153937
65000732777
65008254700
65015671758
65023076545
65030512590
65037844013
65045429064
65052822285
65060318428
65067825235
65075220077
65082528596
65089997184
65097032476
65104335625
65111359824
65118651667
65125999890
65133427320
65140677623
65148224547
65155443454
65162860282
65170215145
65177713660
65185211853
65192567053
65199959722
65207434599
65214253839
65221579173
65228881083
65236319117
65243736327
65251305344
65258650339
65266078137
65273576147
65281157847
65288432187
65295954018
65303465737
65310850083
65318053966
65325295823
65332539761
65339670969
65346999944
65354138205
65361413232
65368880826
65376230196
65383585564
65390644739
65397866446
65405247641
65412246090
65419372784
65426490635
65433514085
65440698858
65447565528
65454684970
65462106113
65469198366
65476399526
65483613369
65490704949
65498119222
65504947245
65511913289
65519460075
65526782548
65534048487
65541285724
65548477596
65556118646
65563493506
65570679334
65577931228
65585360786
65593028090
65600594430
65607981025
65615081679
65622359720
65629793868
65637339568
65644621067
65651758578
65659104216
65666373475
65673570763
65680698375
65687678679
65695122313
65702224695
65709605094
4078949
11099140
18398953
25592218
32650551
40074326
47149352
54463073
61706613
68911429
76256607
83352564
90528049
98103982
105403077
112778839
120367073
127675608
135183670
142812862
150297362
157693810
165325878
172814402
180320368
187511475
194742576
201974014
209006843
216070868
223214652
230242019
237623932
244620867
251897670
259121855
266059441
273315114
280368001
287207973
294718055
301728729
309041012
316465200
323762978
331070289
338414778
345727291
352819025
359997463
367425797
374693894
382031942
389791888
397377949
404646505
412152700
419450647
426795871
434175994
441479495
448384003
455413282
462449339
469818691
476765671
483897307
491288140
498195570
505251456
512425779
519595175
526798431
533761262
541121327
548310062
555464052
562677925
570182070
577116520
584503191
591867051
599255038
606676242
613988541
621326834
628627871
635855882
643265366
650631673
658054224
665499693
672716367
679697145
687199071
694236367
701412129
708405713
715343758
722621264
729717649
736799759
744316496
751473438
758674153
766193522
773481325
780780909
787972445
794964667
802159553
809167443
816624801
823938461
831150957
838459278
845664078
852744582
860213215
867661301
875062416
882657841
889796745
897138924
904485127
911788536
919059264
926227238
933599558
940986276
948349064
955624230
962989221
969827510
977162055
984465510
991605959
998646606
1005659498
1012943997
1020341745
1027343270
1034621878
1041908243
1048861404
1056002190
1063057617
1070159096
1077257363
1084217868
1091681239
1098862585
1106052116
1113637366
1121012410
1128026986
1135294287
1142546319
1149973734
1157388328
1164547596
1171915709
1179083346
1186431844
1193948076
1201005324
1208134573
1215140718
1222052983
1229108195
1236203815
1243290148
1250509973
1257372543
1264394662
1271765819
1278826846
1285853049
1293056963
1300219505
1307712695
1314941012
1322277821
1329314964
1336449155
1343688350
1350932043
1357780935
1365281087
1372575056
1380043812
1387415337
1394723275
1402148916
1409376069
1416580472
1423950620
1431135485
1438378964
1445651895
1452877504
1460187997
1467399759
1474234498
1481359050
1488344893
1495684226
1503124907
1510264774
1517356355
1524575017
1531529694
1538846796
1545934674
1553113449
1560316215
1567246488
1574566589
1581705171
1588679508
1596250713
1603440260
1610877330
1618295106
1625531761
1632821309
1639888929
1647002879
1654291783
1661475623
1668562246
1675738237
1682914977
1689987800
1697455256
1704308937
1711318923
1717999576
1724729418
1732012188
1739158022
1746125137
1753610877
1760664391
1767945339
1775158065
1781988230
1789280440
1796367461
1803672308
1811245303
1818363919
1825770435
1832910516
1840308724
1847954226
1855340041
1862664273
1870226559
1877493049
1884992527
1892224256
1899742905
1907053720
1914295041
1921304308
1928770479
1935806092
1943041462
1950227214
1957283712
1964478078
1971819660
1978829110
1986311468
1993460378
2000732544
2008015911
2015310247
2022383391
2029597111
2036432157
2044024690
2051194530
2058536709
2065800492
2072960601
2080234420
2087617756
2095043688
2102731754
2109616295
2116837344
2124302811
2131561207
2138799270
2145972415
2152907614
2160057733
2167276778
2174456961
2181569992
2188759691
2195956306
2203264367
2210127534
2217307074
2224520458
2231655506
2239074690
2246109507
2253065086
2260463493
2267560949
2274978924
2282181109
2289229681
2296687360
2304074506
2311459969
2319003512
2325960299
2333495763
2341020013
2348236992
2355411606
2362761221
2369788679
2377089916
2384213825
2391541990
2398602374
2405769246
2413076388
2420194590
2426962515
2434066351
2441007563
2448208110
2455222915
2462116728
2469280708
2476494459
2483489023
2490903801
2497796053
2504939607
2512331053
2519398413
2526735865
2534024969
2540884632
2548449044
2555355051
2562564609
2569844594
2576953510
2584119938
2591280445
2598281878
2605521639
2612463953
2619802827
2627356499
2634411589
2641773306
2649003704
2656001526
2663290369
2670329165
2677652694
2685191830
2692552354
2699981009
2707692606
2715075040
2722357259
2729544219
2736818100
2744352829
2751439942
2758733177
2766051886
2773190545
2780369810
2787636040
2794687810
2801920013
2808961914
2816133529
2823328415
2830108901
2837583073
2844728617
2851784946
2858984270
2865890797
2872942444
2880254238
2887271307
2894781312
2902015290
2909231413
2916616524
2923865419
2931078788
2938534447
2945888132
2953421959
2960785941
2967926068
2975402352
2982969855
2990443017
2997979093
3005486819
3012976719
3020540994
3027991237
3035746149
3043244954
3050626286
3058274527
3065568542
3073062252
3080488673
3087182989
3094814094
3101898116
3108821733
3116298247
3123382514
3130756624
3138168434
3145377733
3152628770
3159920735
3166852522
3174172317
3181370080
3188749668
3195988419
3203456594
3210936963
3218082598
3225430821
3232940367
3239952388
3247296449
3254615923
3261851308
3268979655
3276813959
3284158831
3291598777
3299094216
3306591874
3314197413
3321484833
3328732535
3336325680
3343358448
3350934946
3358345731
3365667928
3373282111
3380719839
3388127915
3395422175
3402526485
3409875825
3416791593
3423871209
3431164964
3438480200
3445759986
3453468141
3460531952
3467715532
3475316205
3482906351
3490641572
3498045976
3505441813
3512996555
3520214085
3527289234
3534591021
3541836336
3549119947
3556504660
3563857320
3571353601
3578650278
3586028473
3593431440
3600393705
3607725143
3614861538
3622060203
3629487205
3636416208
3643820643
3651212777
3658222426
3665367587
3672624377
3679719140
3687270608
3694369778
3701858470
3709188241
3716356536
3723808936
3731081500
3738475715
3745571580
3753108390
3760363206
3767728994
3775097688
3782545957
3789704108
3796711600
3804313344
3811762654
3819069444
3826410904
3833391759
3840563404
3847833153
3854650497
3862168611
3869376441
3876596618
3883736914
3890901292
3898238667
3905495579
3912478560
3919924168
3927412783
3934708680
3942097524
3949551516
3956844919
3963969150
3971013652
3978767417
3986236755
3993946440
4001563300
4009018057
4016320165
4023739227
4031228960
4038773573
4046283150
4053634004
4061413825
4068861788
4075998320
4083402373
4090762377
4098002291
4105383179
4112535455
4119875079
4127117334
4134502032
4142095529
4149197697
4156723828
4164074163
4171294523
4178659423
4185976541
4192889081
4200317552
4207500306
4215032725
4222330121
4229644776
4237176874
4244618075
4251783631
4259312027
4266739060
4274287789
4281854404
4289189346
4296479016
4304003648
4311307929
4318777022
4325937514
4333088198
4340474931
4347484993
4354721893
4362093449
4369214772
4376701521
4383899085
4391213434
4398643573
4405647163
4412769543
4419911460
4426861011
4434003709
4441079607
4447955656
4455382169
4462409337
4469464442
4476822732
4483839527
4491139264
4498565134
4505880049
4512983013
4520038393
4527132147
4534487882
4541579141
4548492675
4555720395
4562797594
4570328453
4577598126
4584836066
4592110237
4599140449
4606556436
4613790903
4620816234
4628004618
4635269716
4642260791
4649620428
4656693312
4663979003
4671444531
4678529472
4685981964
4693381533
4700870822
4708467043
4715732187
4723173892
4730544774
4737780496
4745393409
4752948274
4760135694
4767635065
4774911684
4782113241
4789429119
4796601622
4803817117
4811105119
4818284705
4825466403
4832452260
4839686529
4847064984
4854116219
4861384866
4868501508
4875557088
4882693329
4889653345
4897042572
4904246348
4911095760
4918380488
4925767358
4932764783
4940265761
4947502140
4954740800
4962128267
4969486083
4976770658
4984147859
4991350028
4999071754
5006634973
5013902366
5021316868
5028682977
5036123948
5043518805
5050560186
5057579230
5064834995
5072003198
5079125898
5086023965
5093045181
5100268540
5107399977
5114685286
5121960865
5129164656
5136302075
5143597788
5150781276
5158031609
5165133579
5172549749
5179870095
5186913633
5194351392
5201491871
5208461603
5216077101
5223343989
5231028078
5238411200
5245738263
5253218524
5260530915
5267696991
5275133189
5282520717
5289891584
5297017222
5303960408
5311272217
5318766494
5326280125
5333684728
5341019303
5348035057
5355501717
5362805187
5369941628
5377233852
5384486710
5391750248
5398709606
5405802563
5413012795
5419990697
5427400946
5434759879
5441805850
5449249377
5456366202
5463757219
5471421984
5478736118
5485967923
5493296133
5500375673
5507577123
5515068141
5522388165
5529819590
5537147402
5544552556
5552016248
5559200669
5566529033
5573827607
5581094602
5588566908
5595981839
5603079356
5610250160
5617576901
5624842841
5632081118
5638845033
5646027052
5653257297
5660581208
5667962050
5675022587
5682182788
5689417347
5696754784
5704016837
5711228094
5718503367
5726079284
5733126877
5740602365
5747864097
5755049803
5762429345
5769598007
5777036378
5784551141
5791544664
5799003031
5806534671
5814076913
5821336747
5828666442
5835803662
5843160453
5850113309
5857327794
5864328202
5871263814
5878372057
5885681907
5892540897
5899451463
5906849855
5914011326
5921269937
5928175087
5935299700
5942651427
5949786398
5957542473
5965001253
5972653181
5980286734
5987420435
5994723049
6002326261
6009441174
6017093087
6024543544
6031671156
6039089469
6046442878
6053811588
6060816723
6067666242
6074994606
6082197417
6089447583
6097071649
6104594904
6112101206
6119606484
6126823448
6134284829
6141530588
6148904102
6156419446
6163320802
6170459644
6177944236
6184982037
6192368724
6199462324
6206673077
6214073427
6221048100
6228098493
6235388851
6242502142
6249877048
6256835825
6264079488
6271057741
6278144946
6285153065
6292222522
6299503241
6306706389
6313860531
6321245459
6328601118
6336223623
6343456806
6350737678
6357871792
6365263819
6372769999
6379993634
6387606333
6395246617
6402328528
6409993400
6416829715
6424055568
6431283258
6438521367
6445821578
6453180801
6460269827
6467420098
6474288085
6481621956
6488922550
6496221889
6503418061
6510581261
6517660785
6525014011
6532245433
6539499882
6546604070
6553868877
6561124780
6568544500
6575424543
6582865759
6590126955
6597425790
6604761619
6611831107
6619052768
6626708704
6634000547
6641521476
6648607273
6655800629
6663325950
6670613156
6677973175
6685273080
6692295704
6699689368
6707037132
6714350838
6721756451
6728993580
6736403462
6743569982
6750512571
6757874717
6765240412
6772509351
6779864229
6787307954
6794548542
6801915461
6809009658
6816540287
6824010757
6831330323
6838818449
6846113657
6853672791
6861441809
6868728434
6876089035
6883311859
6890792258
6898113798
6905320557
6912601919
6920137735
6927446973
6934832956
6942214839
6949363703
6956750222
6963962994
6971000213
6978365832
6985248966
6992298303
6999609897
7006763871
7014181235
7021393900
7028383904
7035544120
7042553662
7049911646
7057405158
7064860236
7071936593
7079295801
7086468365
7093895658
7101020271
7108140600
7115872042
7123078465
7130119846
7137581610
7144682876
7152228560
7159369759
7166534688
7173698729
7180923205
7188237340
7195591606
7202921989
7210280448
7217331101
7224632414
7231922573
7239102098
7246346939
7253670131
7260802042
7268002360
7274950732
7282198434
7289347359
7296679425
7303825397
7311192592
7318395251
7325698094
7333122281
7340701059
7348054163
7355724772
7363036963
7370668726
7378155842
7385478590
7392942236
7399917261
7407295962
7414670684
7421886654
7429423862
7436590551
7443769785
7450777629
7457939115
7465336833
7472408463
7479570163
7487148360
7494341686
7501934372
7509353602
7516954764
7524384552
7531660971
7539066539
7546476436
7553879784
7561410689
7568700022
7576255377
7583527757
7590790943
7597929861
7605333348
7612229440
7619340131
7626589454
7633857627
7641184660
7648503216
7655678732
7663188294
7670537006
7677973280
7685460549
7692707899
7700168042
7707366783
7714485659
7721953620
7729212123
7736360360
7743608398
7750876174
7758284220
7765555606
7772754654
7780131855
7787250746
7794556710
7801873384
7808943300
7816318848
7823728026
7830888044
7837831352
7844941017
7852312206
7860066506
7867533395
7874843934
7882339924
7889511264
7896873960
7904080444
7911419823
7918704475
7926136480
7933473320
7941299943
7948625262
7956125016
7963296202
7970426415
7977927133
7985082331
7992135968
7999619320
8006677164
8014055085
8021153214
8028037510
8035341485
8042356642
8049514441
8056842927
8063803218
8071079026
8078279283
8085421124
8092596365
8099878950
8106914793
8114189943
8121138438
8128334059
8135774296
8142865218
8150196780
8157529060
8164596038
8172068374
8179396019
8186541624
8193765855
8200968835
8208440039
8215795897
8222791210
8230139601
8237181961
8244309405
8251612830
8258950954
8266317874
8273657896
8280815848
8288487620
8295593001
8302911098
8310311463
8317356302
8324537541
8331573338
8338632360
8346024432
8353065401
8360256492
8367643577
8374892427
8382340880
8389768617
8396859065
8404156339
8411402602
8418627293
8426044243
8433317267
8440423902
8447786676
8454944796
8462243232
8469412246
8476600936
8484352834
8491717443
8498893526
8506439103
8513810704
8521460796
8528840231
8536222037
8543782915
8551230496
8558614368
8566015085
8573134848
8580618353
8587938424
8595167735
8602351269
8609597517
8616837508
8623905435
8630894505
8638156987
8645536926
8652693348
8659784103
8666990250
8674095478
8681598705
8688766051
8695853164
8702995021
8710075616
8717567934
8725025751
8731927917
8739405731
8746248595
8753603060
8760982281
8768002778
8775326337
8782287102
8789458197
8796938949
8804242113
8811648996
8818927206
8826248516
8833557861
8841010644
8848381251
8855970923
8863332610
8870610285
8878010390
8885298820
8892277869
8899697635
8906931215
8914055124
8921011376
8928215641
8935367443
8942468693
8949386282
8956687641
8963927096
8971273437
8978363059
8985438743
8992843928
9000018419
9007234159
9014468626
9021345150
9028807557
9036028009
9043070477
9050562122
9058001548
9065431044
9072915667
9079944579
9087314145
9094436096
9101947677
9109333125
9116812989
9124053974
9131394439
9138844851
9146124790
9153195868
9160588767
9167853100
9175114679
9182137027
9189583767
9196816306
9203926553
9210991940
9217880933
9225113993
9232256966
9239331089
9246830292
9253988642
9261201231
9268421316
9275612698
9282992592
9290077609
9297186417
9304616128
9311826330
9319264027
9326519363
9333439569
9340573714
9347794686
9355167221
9362837356
9370142188
9377496668
9384713678
9391861012
9399318599
9406588639
9413628597
9420804971
9427714466
9434810376
9441661303
9448573308
9455793607
9463052845
9469996245
9477305147
9484345641
9491500946
9498521030
9505577023
9512592379
9519625620
9526328795
9533703380
9540685091
9547722311
9554949710
9562244734
9569694167
9577050804
9584143043
9591504959
9598492148
9605560840
9612796975
9619546095
9626677716
9633851748
9640756302
9648072532
9655106891
9662291939
9669423636
9676513396
9683570583
9690866556
9697770268
9705206925
9712572421
9719593530
9726966156
9734153086
9741301598
9748756141
9755941923
9763283552
9770714808
9777982094
9785401813
9792709904
9799839643
9807291783
9814191028
9821535318
9828818333
9835853196
9843141856
9850300726
9857273670
9864704115
9871549825
9878787750
9886250907
9893413188
9900643877
9907917527
9914966910
9922195212
9929547566
9936692635
9944151309
9951225860
9958584013
9965796035
9972711497
9980195982
9987534918
9994824679
10002288646
10009565556
10017211869
10024753545
10032206266
10039521349
10046725767
10054148670
10061449998
10068415139
10075695139
10083057316
10089943815
10097134723
10104240196
10111305124
10118566168
10125572283
10132665959
10139858000
10146919531
10154369575
10161323716
10168347870
10175433254
10182836021
10190036935
10197446787
10204476922
10211977640
10219254993
10226443041
10233685433
10240800744
10248109447
10255718611
10262970689
10270463068
10277612422
10284762265
10292120631
10299491896
10306738328
10314196389
10321251908
10328598677
10335845430
10342786887
10350137421
10357007840
10363827784
10371070161
10378049945
10385228185
10392150624
10399206035
10406509643
10413526162
10420392863
10427392399
10434428884
10441859452
10449344839
10456739513
10464086175
10471812660
10478882943
10486509411
10493494473
10500606387
10507928325
10515139353
10522346234
10529586194
10536684889
10544069250
10551015236
10558075176
10565365626
10572538251
10579805200
10587258458
10594222467
10601531812
10608526452
10615898910
10623186009
10629956948
10637137758
10644388811
10651311877
10658735345
10665748207
10673032216
10680329367
10687384274
10694643910
10702027460
10708844054
10716024390
10723239503
10730852890
10738140173
10745482153
10752744925
10760069479
10767422521
10774699829
10782208212
10789406479
10797048416
10804179991
10811291890
10818666444
10825766409
10833469179
10841019744
10848366559
10856034139
10863221375
10870598148
10878190635
10885065078
10892530208
10899719296
10907214016
10914304419
10921411008
10928845921
10935922477
10943181792
10950275805
10957427989
10964686477
10972249757
10979589595
10986841749
10994214054
11001586757
11009118886
11016651902
11024081903
11031857287
11039332545
11046335769
11054085892
11061481131
11069015402
11076667866
11083800924
11091210852
11098929549
11106484016
11114184843
11121608387
11129087593
11136515697
11143604172
11150905057
11158186449
11165255493
11172547259
11179691456
11186824775
11194143652
11201465911
11208608456
11215946198
11222819341
11230198408
11237189820
11244361756
11251508738
11258547396
11265700941
11273000082
11280250262
11287580508
11294690678
11301524453
11309134979
11316558998
11323764916
11331288492
11338858412
11346576604
11354096156
11361432812
11368909111
11375771130
11382841260
11390282140
11397161311
11404583540
11411801162
11418853482
11426147130
11433400309
11440239440
11447407612
11454314185
11461523897
11469093343
11476369824
11483675865
11491049944
11498555375
11506332013
11513550354
11520726895
11527933486
11535092050
11542093697
11549210140
11556161864
11563420872
11570162664
11577266424
11584456398
11591304372
11598354475
11605581369
11612499921
11619821048
11626899761
11634222372
11641452494
11648444319
11655408068
11662684732
11669774752
11676939498
11684193840
11691584596
11698965760
11706205582
11713609589
11721035689
11728282228
11735733894
11743003077
11750150916
11757339865
11764837141
11771856138
11778884331
11785772467
11793102544
11800489568
11807658811
11814919472
11822049119
11829145030
11836557038
11843625852
11850843260
11857902650
11865293085
11872737178
11879657138
11886445152
11893712269
11900725896
11908195570
11915433985
11922948687
11930679486
11937965469
11945238905
11952936810
11960217559
11967529934
11974826826
11982149406
11989619631
11997381244
12004657343
12012135784
12019049073
12026158417
12033194122
12040577566
12047996214
12055299960
12062441556
12069903259
12077125731
12084138119
12091650970
12098924651
12106109638
12113639503
12120896752
12128544166
12136221109
12143619914
12151309572
12158628694
12166164862
12173669298
12181219863
12188757882
12195977371
12203239500
12210629385
12218492040
12225783821
12233107533
12240409167
12247659164
12254978501
12262184648
12269736238
12277040213
12284369694
12291756717
12298894779
12306487588
12313823372
12321288869
12328724225
12335847171
12343205660
12350433441
12357921843
12365335901
12372832825
12379972080
12387564583
12395058645
12402726867
12410373700
12417658199
12425252292
12432586424
12440327015
12447946645
12455353665
12462529932
12469679897
12477103488
12484147516
12491259751
12498309058
12505584453
12513142806
12520459587
12527814297
12534909672
12542166860
12549194548
12556335792
12563836434
12571123227
12578541937
12586053288
12593450272
12600729048
12608097436
12615455268
12623001641
12630608433
12638069509
12645753689
12653216249
12660467118
12667610520
12674633082
12681881258
12689057555
12696217832
12703733437
12710973091
12718425094
12725733521
12732852948
12740215155
12747545584
12754719570
12761905062
12769214331
12776616395
12784162293
12791342844
12798705861
12806283600
12813449630
12820939638
12827924899
12835150385
12842388203
12849283546
12856311448
12863583431
12870859789
12878301969
12885294911
12892473579
12899541062
12906407672
12913686126
12920869155
12927513639
12934758220
12941839075
12949016504
12956402916
12963626964
12970960223
12978281043
12985350898
12992873541
13000180178
13007783880
13014917903
13022279024
13029583932
13037076342
13044319623
13051562199
13058787807
13065858305
13073296644
13080461466
13087633173
13095251288
13102333918
13109710415
13116931005
13123920458
13130895070
13137999870
13144970871
13152217992
13159363122
13166707780
13173936541
13180878304
13188144411
13195036358
13201814181
13209173129
13216281035
13223596608
13230835910
13237923222
13245230073
13252583850
13259442381
13266523986
13273661053
13281080069
13288452160
13295650229
13303160172
13310513536
13317499409
13324687303
13331554861
13338538760
13345704699
13352925213
13359970893
13367027330
13374206350
13381610157
13388751555
13395908788
13403231368
13410269934
13417511975
13424784707
13431837166
13439118436
13445901675
13453224057
13460361170
13467555765
13474809939
13481897909
13488821664
13495973312
13503002392
13510085879
13517278715
13524354353
13531857810
13539432641
13546556061
13553628746
13560534768
13567562915
13574781348
13581994854
13589206785
13596430419
13603393449
13610768508
13617962002
13624939460
13632161366
13639508625
13646773126
13654126582
13661183753
13668533383
13675458102
13682722649
13690040318
13697027338
13704149366
13711364448
13718440178
13725677139
13732748156
13739968471
13747372967
13754643879
13761937756
13769082045
13776193302
13783762472
13791118850
13798750199
13806286658
13813586181
13820879461
13828236864
13835390960
13842627570
13849772149
13856951200
13864303493
13871416860
13878266334
13885430436
13892357251
13899631422
13906930348
13914111434
13921420703
13928654176
13935920115
13943208913
13950280634
13957607988
13964955813
13971715184
13978838482
13985905491
13992952472
14000197557
14007345671
14014241045
14021461206
14028981524
14036392385
14043861324
14051221925
14058691997
14066028515
14073445144
14080697757
14087749619
14094805275
14102223327
14109434080
14116763575
14123677936
14130750820
14137996303
14144919094
14151809021
14158940030
14166215577
14173705341
14180814853
14187780882
14195057286
14201865128
14208822038
14216055297
14222958091
14230292635
14237521105
14245080391
14252260299
14259289058
14266415859
14273589279
14280286961
14287738245
14295144439
14302227574
14309076023
14316413811
14323708071
14331103081
14338152066
14345387023
14352669532
14359691682
14366955035
14373937236
14381150069
14388475373
14395503198
14402494701
14409700650
14416745030
14423902569
14431044731
14438114922
14445465807
14452688738
14460180567
14467418706
14474326641
14481706504
14488790710
14496038167
14503302485
14510372079
14517712101
14525073390
14532379048
14539754612
14547243335
14554474329
14561539517
14568802060
14575760469
14583154194
14590273437
14597334556
14604759738
14611738970
14618989242
14625926461
14633106048
14640297491
14647243370
14654490062
14662006845
14669163083
14676748777
14683926864
14691297287
14698758822
14705980299
14713185039
14720473301
14727519563
14734714893
14741723165
14748710338
14755812185
14762775169
14769961962
14776912951
14784015272
14791051665
14798062523
14804998472
14812108857
14819473053
14826879125
14834311023
14841763852
14849195705
14856523823
14863785509
14871092407
14878620665
14885977394
14893642710
14900696606
14908224818
14915857407
14923036381
14930373481
14937442035
14944212698
14951505366
14958431860
14965496145
14972606805
14979469896
14986734152
14993870240
15000770265
15007917155
15014910785
15022339226
15029512462
15036813990
15043699127
15050836960
15057829825
15065053919
15072177966
15079646829
15086953528
15093865456
15101101116
15108558581
15115779386
15123228481
15130387351
15137706397
15144850426
15151690123
15158726440
15166128641
15173174781
15180595403
15187773413
15195059610
15202285173
15209289956
15216656218
15223976778
15230854648
15238290341
15245186770
15252321267
15259672382
15266835888
15274189557
15281411356
15288673226
15296118971
15303283961
15310278096
15317616328
15325161691
15332264930
15339551632
15346974763
15354247297
15361615150
15368826545
15376193954
15383314329
15390353002
15397537607
15404646782
15411822253
15419143792
15426011672
15433268951
15440522850
15447600278
15455038939
15462218097
15469576616
15476512320
15483445026
15490893892
15497886114
15505051716
15512370563
15519165293
15526529841
15533820108
15541309274
15548536321
15556003715
15563416122
15570868155
15577953202
15585202067
15592160736
15599306601
15606484612
15613820212
15620876388
15628235658
15635536818
15642498134
15649845944
15657059756
15664626555
15672227075
15679512292
15686869848
15694327359
15701330536
15708698037
15715638851
15722660266
15729987910
15736892509
15744116343
15751399770
15758612680
15765723080
15772730832
15780004834
15787263384
15794222298
15801346865
15808323466
15815604507
15822770155
15829823470
15836912985
15844185855
15851236248
15858513250
15865753868
15872858514
15880313088
15887742186
15895004209
15902334745
15909523144
15916917680
15924339251
15931417337
15938894860
15946224478
15953373495
15960970740
15968133236
15975828203
15983304670
15990509884
15998049862
16005309039
16012547729
16019895431
16027233847
16034561292
16041781638
16048877303
16056003722
16063240821
16070235399
16077473064
16084810179
16092154088
16099274952
16106343629
16113523353
16120601362
16127570313
16134915905
16142069649
16149288893
16156611917
16163906054
16171282337
16178754184
16185726302
16193245395
16200471019
16207749504
16215374749
16222548552
16229983939
16237280815
16244552997
16252076175
16259254644
16266765261
16274066238
16281086673
16288375104
16295657123
16302807180
16310152710
16317397092
16324700960
16331900957
16339124117
16346479990
16353737912
16360798388
16367929932
16375206872
16382344154
16389606727
16396753740
16403935162
16411354606
16418506071
16425939025
16433106953
16439969049
16446972272
16453939540
16461200247
16468514152
16475453895
16482951568
16490050263
16497217824
16504498742
16511718292
16518942829
16526350156
16533716999
16541297675
16548580842
16556097334
16563961871
16571482999
16578624320
16585988929
16593128169
16600335173
16607453253
16614652331
16621977298
16628997015
16636149351
16643510166
16650664446
16657805430
16665066183
16672405700
16679297218
16686363370
16693193244
16700456185
16707441905
16714559113
16721850955
16728750306
16735927919
16743082903
16749929928
16757442274
16764539760
16771669193
16778967492
16785988616
16793226939
16800496030
16807393592
16814996881
16822272398
16829571951
16837062495
16844096991
16851388374
16858715713
16865898757
16873238044
16880388912
16887385648
16894699155
16901929094
16909171135
16916374451
16923298665
16930462584
16937524743
16944652998
16951829814
16959096626
16966285943
16973618912
16980605060
16988104508
16995164846
17002093298
17009147730
17016312644
17023630481
17031065500
17038195132
17045817822
17053234145
17060597163
17068232123
17075549914
17082845795
17090161567
17097491598
17104763810
17111931921
17119085788
17126252002
17133421368
17140510195
17147849528
17154946816
17162076585
17169346686
17176243131
17183705277
17190956085
17198008253
17205276472
17212305751
17219612067
17226839098
17233739628
17240879465
17248185199
17255227392
17262844160
17270273304
17277723043
17285010876
17292212510
17299359324
17306244400
17313332094
17320951464
17328339344
17335771396
17342982515
17350247169
17357716721
17365020390
17372049715
17379205479
17386222809
17393365079
17400408066
17407661307
17414798160
17422044760
17429183006
17436364535
17443605306
17450742083
17457891084
17464938815
17472241827
17479575989
17486682670
17494027068
17501325107
17508532570
17515978376
17523330240
17530712689
17538126503
17545048911
17552427474
17559659034
17566993350
17574549499
17581817183
17589129129
17596612834
17603795281
17611060838
17618226455
17625637576
17633024569
17640244471
17647388944
17654761341
17661797795
17669087496
17676347055
17683381582
17690755157
17697910508
17705014236
17712580500
17719688176
17727064688
17734355414
17741315032
17748475967
17755796788
17763148989
17770693709
17777748004
17785308667
17792596164
17799856626
17807323837
17814332232
17821508115
17829062873
17836334060
17843853704
17851290009
17858534238
17866075256
17873512494
17880684598
17887965547
17895198454
17902734224
17909904569
17917228312
17924767004
17932633713
17939781170
17947197034
17954174002
17961382199
17968649837
17975440650
17982622562
17990102671
17997084030
18004363648
18011575854
18018411129
18025468192
18032443309
18039518014
18046751319
18053991523
18061287007
18068502196
18075621669
18082902021
18090029189
18097205302
18104187274
18111210479
18118504356
18125552454
18132830863
18140239398
18147601881
18155163003
18162674553
18169771978
18177339144
18184677514
18192045474
18199596391
18206966079
18214521786
18221874216
18228653325
18236070244
18243424694
18250408624
18257865752
18264842001
18271889916
18279385921
18286422912
18293728126
18300995595
18308058733
18315305012
18322570615
18329951763
18337159746
18344035092
18351180315
18358327572
18365391092
18372673862
18379772603
18386781823
18393853346
18401022130
18408184213
18415377462
18422373387
18429356139
18436590851
18443704387
18451113672
18458349180
18465670352
18473104867
18480287238
18487775012
18495151846
18502356172
18510054841
18517553830
18524686063
18531951804
18539169777
18546608163
18553946517
18561248060
18568929241
18576137989
18583479251
18590810368
18597922252
18605121208
18612540637
18619569380
18626904720
18634036234
18641172537
18648454158
18655691808
18662979489
18670515075
18677623104
18685167534
18692711703
18699788749
18706986466
18714030173
18721363906
18728777904
18736046046
18743395432
18750715029
18757783323
18765053316
18772209218
18779455956
18786944587
18794091095
18801586718
18808849628
18815700876
18822935710
18830218541
18837322117
18844750863
18851913390
18859463007
18866525288
18873487981
18881057656
18888132621
18895314915
18902481099
18909695691
18916971010
18924449221
18931999970
18939605814
18947275536
18954663539
18962142577
18969310550
18976370108
18983656350
18990775150
18998069103
19005200357
19012197047
19019648621
19026541746
19033528705
19040854085
19047948771
19055207902
19062565978
19069628030
19076893571
19083882688
19091185929
19098394034
19105700258
19113056055
19120273034
19127297845
19134957744
19142108460
19149238979
19156307303
19163311291
19170503454
19178020038
19185134232
19192295229
19199438585
19206844519
19214461854
19221780991
19229079810
19236349789
19243452600
19250788689
19258029154
19264943852
19272409196
19279674309
19286840722
19294119207
19301035496
19308341169
19315384050
19322411172
19329685633
19336833610
19343919499
19351142415
19358359914
19365917931
19373294565
19380638489
19387991822
19395330375
19402551455
19409702782
19417098726
19424556083
19432150896
19439662768
19447167081
19454731447
19462061187
19469554929
19476828549
19484074139
19491454247
19498552651
19506001319
19513253090
19520414362
19527663931
19534453520
19541656286
19548928177
19555928753
19562945517
19570007293
19577226338
19584370122
19591429297
19598469087
19605726336
19612986752
19620155873
19627328636
19634524776
19641902130
19649161017
19656581991
19664184041
19671449429
19678951738
19686393153
19693628217
19701083219
19708564904
19715975367
19723349691
19730646185
19737842968
19744989262
19752086228
19759395084
19766588792
19773780848
19781039474
19788229908
19795524779
19802993535
19809945626
19817420104
19824676497
19831897806
19839190459
19846197216
19853191443
19860620511
19867696241
19875127145
19882468467
19889761840
19897293234
19904757599
19912043276
19919467524
19926747846
19934239934
19941493358
19948807875
19956325500
19963729368
19970971103
19978281520
19985622842
19992703131
20000033759
20006978934
20014486506
20021850901
20029075408
20036458898
20043440854
20050892443
20058336674
20065496722
20073165602
20080565401
20087727453
20095219236
20102469906
20109873117
20117078117
20124041177
20131149282
20138413049
20145516533
20152829321
20159862562
20166926832
20174051614
20181096591
20188385281
20195679235
20202666470
20209882011
20217068574
20224346891
20231632154
20238743288
20245861491
20253230981
20260553545
20267694499
20274927865
20281791368
20289344795
20296577151
20303513176
20310787806
20317998038
20325590235
20333051846
20340349058
20347789999
20355104286
20362714292
20370238297
20377033470
20384665172
20391673291
20398734424
20406001664
20412910746
20419828519
20426986395
20433981708
20441240961
20448473898
20455592850
20463085383
20470436742
20477714723
20485051516
20492205980
20499592407
20506543243
20513543926
20520887391
20527991441
20535074866
20542603048
20549662590
20556960721
20564225620
20571082101
20578283826
20585560598
20592663378
20599975340
20607119736
20614558626
20621930396
20629134370
20636236049
20643385509
20650526876
20658037815
20665363317
20672700784
20679942060
20687190679
20694682080
20702059005
20709066313
20716455341
20723720929
20731044274
20738490156
20745321239
20752448760
20760052232
20767028742
20774503771
20781759765
20788525869
20795604215
20802611034
20809652675
20816921705
20823735942
20831157513
20838466125
20845413380
20852646425
20859694920
20866864500
20873879505
20880873211
20887995973
20895032351
20902206720
20909584288
20917255035
20924628518
20931840311
20938737184
20945676897
20952862037
20960006494
20967341069
20974835040
20982170778
20989586443
20996743171
21003886940
21011059748
21017837541
21025132061
21032410669
21039255231
21046436714
21053247754
21060234698
21067046273
21074170764
21081477096
21088559389
21095640153
21102870030
21109720651
21116980394
21124108358
21131281992
21138475394
21145518566
21152567459
21159865039
21166986302
21174319469
21181433969
21188803566
21196131715
21203293217
21210641929
21218077791
21225455145
21232822125
21240273026
21247454173
21254686223
21262012750
21268967365
21275939147
21282880482
21289924326
21297125562
21303935668
21311132314
21318586229
21325732385
21332940781
21339870304
21346933335
21354266349
21361305910
21368185188
21375368966
21382313315
21389620396
21396837559
21404264118
21411601891
21418975619
21426194541
21433251942
21440416473
21447635885
21454856964
21462100245
21469234711
21476351047
21483793258
21491329135
21498643331
21506118375
21513604038
21520769395
21528248081
21535720938
21542905175
21550339843
21557479022
21564776816
21572040154
21578988358
21586132143
21592952546
21599805936
21607011517
21613937995
21621221316
21628457757
21635441702
21642708681
21649895596
21656994827
21664318218
21671134444
21678014610
21685112081
21692292233
21699589384
21706947935
21714095115
21721544946
21728879781
21736153799
21743371329
21750646341
21757941871
21765610705
21772746900
21780121256
21787156425
21794411517
21801764957
21808985165
21815959578
21823129540
21830189052
21837552621
21844545669
21851542635
21858787323
21865594522
21872532414
21879804642
21886937823
21894296220
21901373924
21908539251
21915837886
21922891446
21929721749
21936969297
21944305953
21951444398
21958663137
21965940138
21973101823
21980188477
21987593019
21994899045
22001804271
22008976162
22016280688
22023638198
22031323143
22038799473
22046306922
22053763026
22061098458
22068328901
22075459940
22082483222
22089855236
22097087837
22104246875
22111622240
22118482806
22125661765
22132702626
22139826336
22147053291
22153955733
22161026980
22168367936
22175218832
22182599628
22189815705
22196988911
22204331412
22211523406
22218695067
22225971334
22232959410
22240082968
22247411744
22254683176
22261797080
22269288801
22276526634
22283872623
22291262982
22298596563
22306047694
22313364490
22320928321
22328237024
22335082504
22342464417
22349645671
22356930353
22364314745
22371597774
22379078021
22386344756
22393514214
22400912835
22408187464
22415470632
22423018030
22430308816
22437587822
22444537204
22451466590
22458935269
22466100122
22473377169
22480606618
22487867676
22495029545
22502363157
22509269485
22516666163
22523881122
22531147307
22538341397
22545675865
22552662733
22560291756
22567425917
22574733335
22582222027
22589088881
22596473365
22603719215
22610999124
22618376569
22625489019
22633006628
22640472569
22647878657
22655321495
22662573817
22669751996
22677193671
22684305539
22691714886
22698847057
22706027699
22713156535
22720241980
22727027989
22734228720
22741262084
22748543614
22755489294
22762538188
22769640004
22777011009
22783992980
22791424894
22798612176
22805924413
22813303236
22820280908
22827555920
22835018801
22842363872
22850125991
22857453895
22864733742
22872271914
22879318972
22886752385
22894007798
22900834153
22908355649
22915324615
22922666289
22929859095
22936728152
22943771002
22951017664
22957936553
22965328549
22972604908
22979752196
22986908480
22993992503
23001135522
23008490324
23015206197
23022410707
23029646184
23037070525
23044387949
23051870398
23059043620
23066480277
23073481128
23080814189
23087668390
23094666686
23101744390
23109063451
23115963766
23123309174
23130147432
23137349066
23144481237
23151463086
23158843317
23165642086
23172405405
23179497842
23186602290
23193870754
23201078890
23208501180
23215952020
23223179664
23230312478
23237708544
23244614703
23252013936
23259273098
23266397895
23273848888
23281336341
23288493834
23295791765
23303004139
23309940945
23317393789
23324321767
23331625146
23338915565
23346008370
23353471618
23360467788
23367585883
23374890623
23381788521
23389019577
23396098948
23402717437
23409868596
23417152299
23424403014
23431450929
23438481432
23445330477
23452321888
23459390764
23466799192
23474002294
23481340633
23488590447
23495910120
23502953811
23510379222
23517328819
23524530177
23531770826
23539014090
23546568175
23553698434
23560774240
23568120336
23575237299
23582331756
23589518427
23596554101
23603836044
23610862890
23618062657
23625361507
23632375287
23639681404
23646871165
23653822689
23661088874
23668144285
23675287580
23682249141
23689160870
23696538147
23703771896
23711115773
23718410721
23725877825
23732941545
23740208402
23747212176
23754723451
23762239576
23769853575
23777454110
23784817342
23792071378
23799147995
23806271369
23813267157
23820318146
23827330901
23834394085
23841462410
23848533305
23855866289
23862927193
23870078367
23877375763
23884202577
23891277114
23898312054
23905399243
23912714938
23919819998
23927055628
23934314728
23941628970
23948746897
23955776329
23962464296
23969855940
23976951039
23984207875
23991407964
23998620873
24005896666
24013425429
24020458548
24027865706
24035137934
24042277159
24049821007
24057057295
24064070112
24071324301
24078114792
24085141547
24092320353
24099365314
24106491932
24113357103
24120456670
24127758167
24134484628
24141625827
24148855398
24155802501
24163093425
24170025534
24177363031
24184585503
24191431534
24198718955
24205927917
24213077347
24220481614
24227732452
24234719457
24242233394
24249277009
24256598044
24263882604
24271413156
24278858305
24286514670
24293418534
24300734229
24307962485
24315314380
24322537602
24329451457
24336959412
24344231915
24351265891
24358701278
24365826213
24373060665
24380007186
24386817293
24393789105
24400868920
24407843945
24415272692
24422375548
24429696262
24436830774
24443689672
24450895988
24458033529
24464871987
24472080000
24479234755
24486310454
24493436949
24500399031
24507603877
24514785253
24521758733
24529103131
24536158328
24543234747
24550144900
24557497866
24564815136
24572366130
24579403610
24586799400
24594155809
24600945612
24608356779
24615675549
24622912878
24630537465
24637817556
24644982990
24652270426
24659275439
24666621734
24673705695
24680706073
24687787678
24694690885
24701633076
24708811760
24715903248
24723258356
24730173819
24737150741
24744193163
24751189547
24758244178
24765304883
24772381531
24779793203
24787382477
24794415780
24801868471
24808949724
24816118095
24823346183
24830624867
24838127712
24845355355
24852226998
24859566607
24866547416
24873874876
24881266918
24888208314
24895256259
24902308350
24909357642
24916602238
24923539457
24930518230
24937656950
24944770792
24951964072
24959029077
24966199789
24973558416
24980653270
24987923937
24995243978
25002330050
25009273695
25016573417
25023658923
25030951194
25038042300
25045142112
25052486556
25059526759
25066627933
25074144792
25081436619
25088625875
25095760877
25103027750
25110141424
25117353063
25124524831
25131841965
25138742540
25146151596
25153460742
25160552721
25167722377
25174728339
25181999909
25189394077
25196285473
25203510240
25210409331
25217544303
25224659981
25231503564
25239149723
25246582111
25253501781
25260638237
25267795255
25274925009
25282157809
25289527253
25296785741
25304231609
25311343599
25318767496
25325889631
25332921450
25340584929
25348135265
25355292039
25362401490
25369203105
25376294762
25383599364
25390531886
25397892272
25405076953
25412145584
25419718778
25426846115
25434271939
25441554601
25448850498
25456102836
25463359825
25470374661
25477540890
25484709674
25491987563
25499063079
25506189681
25513333327
25520400550
25527459710
25534898127
25541906980
25549005706
25556433856
25563722363
25570955116
25578484063
25585659732
25593030660
25600240296
25607478726
25614916515
25622047615
25628986578
25636088792
25643096299
25650241935
25657303420
25664532563
25671817842
25678630748
25685711588
25692898794
25700028992
25707501481
25714553572
25721823031
25729449484
25736530844
25743753576
25751072546
25758292845
25765707990
25773107361
25780383811
25787731468
25795113412
25802315688
25809647050
25816406009
25823502929
25830790732
25837752523
25845094442
25852585322
25859646303
25866873594
25873918632
25881141992
25888284246
25895441938
25902860281
25910331730
25917632339
25925085749
25932397206
25939973843
25947276716
25954277904
25961529278
25968707640
25976094802
25983095225
25990258991
25997404152
26004168007
26011342116
26018526062
26025395288
26032281038
26039510379
26046331074
26053365050
26060389004
26067510756
26074589500
26081889788
26088876120
26095953625
26102682381
26109697890
26116980996
26123953818
26131429566
26138784246
26146080342
26153740960
26160884560
26168110597
26175473508
26182874684
26190232837
26197739751
26204930996
26212332264
26219619103
26227014144
26234247341
26241358613
26248610629
26255821229
26262675491
26269988661
26277229692
26284507336
26291712412
26298922981
26306112298
26313583931
26320540856
26327379023
26334031371
26341275202
26348613786
26355956516
26363248970
26371015541
26378186819
26385688516
26393000983
26399661516
26407040722
26414233787
26421591802
26429231658
26436305277
26443809315
26450947759
26457897968
26465265805
26472308686
26479614941
26486657867
26493672764
26500756695
26507629868
26514626787
26521911714
26529217097
26536502238
26543763297
26550903914
26558254814
26565540077
26572404667
26579607096
26587058135
26594260396
26601545858
26608704957
26616184118
26623343952
26630159459
26637330768
26644383578
26651526429
26658831032
26665880048
26673060108
26680121701
26686933628
26694160216
26701175556
26707909913
26715553808
26722786868
26730197438
26738001172
26745439742
26752944988
26760211341
26767491081
26774941554
26782295437
26789650346
26796998263
26804370951
26811703843
26818935219
26825870281
26833235013
26840226761
26847515252
26854746843
26861744130
26868711842
26875922028
26882892203
26890460348
26897725706
26904843664
26912157691
26919233712
26926641926
26934283832
26941331318
26948656728
26956153040
26963571627
26971000940
26978253538
26985723549
26993434871
27000502461
27008242196
27015540908
27022989851
27030481725
27038103405
27045329625
27052696973
27059722137
27067077015
27074080758
27081351135
27088685190
27095863904
27103140568
27110597436
27117696591
27124851620
27132001662
27138937550
27146147094
27153625810
27160918570
27168439209
27175692082
27183135150
27190404715
27197349232
27204816382
27212267268
27219707566
27227310381
27234688255
27242343962
27249941391
27257376349
27264598470
27271982999
27279249336
27286609065
27293920078
27301419021
27308860972
27316236582
27323626879
27330846169
27338060547
27345444052
27352679407
27359976573
27367192895
27374087075
27380942424
27388312602
27395125983
27402503490
27409739104
27416957966
27424379353
27431560653
27438688877
27446066017
27453280563
27460801615
27468094666
27475459183
27483091940
27490254115
27497505489
27504921827
27512261742
27519819743
27527159673
27534875295
27542266465
27549517915
27556782845
27564171552
27571131384
27578591190
27586034777
27593327920
27600779479
27608047729
27615141635
27622497324
27629295099
27636405101
27643514460
27650898913
27658322014
27665585352
27672611464
27680328371
27687788850
27695258142
27702813634
27709718906
27717349276
27724599610
27731785576
27739207132
27746324401
27753868755
27761407355
27768678022
27776249640
27783491742
27790862517
27798436400
27805839902
27813431272
27820792347
27828024504
27835398522
27842510590
27849599814
27856627303
27863650141
27870699922
27877957859
27885092249
27892331903
27899647155
27906645344
27913923018
27921189157
27928403749
27935686549
27942488241
27949857471
27957040209
27964037113
27971696507
27978887752
27986022585
27993217716
27999998784
28007119939
28014212254
28021278513
28028777900
28035927100
28043115836
28050484178
28057651310
28064931096
28072180389
28079415973
28086628485
28093526429
28100430630
28107438551
28114661099
28121477724
28128555427
28135593320
28142616280
28149657615
28156742938
28163708784
28170855628
28178017221
28185636575
28192797480
28200160728
28207812533
28215075871
28222598025
28229847608
28237077057
28244407501
28251466110
28258743280
28265937615
28272911983
28280321972
28287340388
28294376995
28301596958
28308446661
28315538471
28322755053
28329882787
28336996369
28344429400
28351499239
28358796942
28365733839
28372749440
28380008142
28387139977
28394394977
28401680929
28408622891
28415968390
28423437804
28430704402
28438206237
28445401337
28452780619
28460269449
28467690377
28475302188
28482569505
28489811163
28497232397
28504090209
28511198803
28518355715
28525269234
28532668605
28539653988
28546834645
28554063972
28561053960
28568397823
28575779996
28582839615
28590098103
28597202582
28604214954
28611215546
28618216398
28625238960
28632305433
28639220421
28646316378
28653553966
28660660097
28668202614
28675573389
28682877105
28690510519
28697615901
28705060467
28712361551
28719535323
28726992941
28734234997
28741370672
28749026196
28756107586
28763565862
28771022286
28778185226
28785561678
28792742947
28800081423
28807565220
28814389111
28821595733
28828790420
28835932812
28843369576
28850825725
28857891800
28865151375
28872194271
28879646274
28886846698
28894194171
28901334345
28908601753
28915682960
28923163467
28930268879
28936985594
28944320353
28951457864
28958755428
28966091641
28973244483
28980414812
28987438323
28994578435
29001790840
29008743481
29015799030
29023169316
29030206995
29037497888
29044347086
29051544053
29058605875
29065395786
29072600648
29079792428
29086866551
29094331681
29101439786
29108830374
29116317123
29123350472
29130372897
29137768091
29144724649
29152046969
29159221001
29166387368
29173811173
29180996910
29188053836
29195137445
29202375355
29209614075
29217029404
29224289621
29231638395
29238980697
29246230816
29253541309
29260759925
29267938685
29275211907
29282272276
29289593617
29296714359
29303987505
29311135956
29317994884
29325353557
29332337013
29339331775
29346560046
29353768641
29360995611
29368328304
29375179445
29382350295
29389604255
29396800059
29404172685
29411668002
29418991087
29426605591
29434071639
29441365134
29448630247
29456002598
29463504417
29470909510
29477969695
29485499652
29492688234
29499828545
29506914404
29513848976
29520889255
29528249994
29535220077
29542669616
29549458593
29556730775
29564042523
29571228244
29578503960
29585907095
29593450821
29600965630
29608093946
29615578217
29623086768
29630462760
29637708596
29644984633
29652171686
29659650984
29667039139
29674397644
29681503331
29688602653
29695859964
29703143743
29710288414
29717812113
29725053863
29732325463
29739849866
29747308937
29754890102
29762571284
29769718832
29777414150
29785064548
29792413337
29799802518
29807075312
29814580252
29822113773
29829130537
29836625594
29844064928
29851699995
29859366213
29866629139
29873984124
29881266511
29888293755
29895447362
29902520169
29909534225
29916592283
29923753326
29930957958
29938387302
29945147086
29952442769
29959737090
29966901468
29974512942
29981978807
29989309496
29996880655
30004355516
30011877715
30019199637
30026134301
30033884439
30041258963
30048572669
30056181986
30063767344
30071441227
30078936345
30086239509
30093537854
30100697091
30107888948
30115273095
30122333908
30129309055
30136388977
30143504671
30150974161
30158419509
30165597611
30172820526
30179812535
30187283494
30194940150
30202050626
30209546111
30216993906
30224070156
30231512214
30238451896
30245622914
30252947881
30260052895
30267001589
30274177029
30281146470
30288393789
30295209786
30302358573
30309645657
30316915942
30324025898
30331361146
30338404333
30345725367
30352924079
30360186239
30367518427
30374789538
30381761488
30389046660
30395851273
30403128168
30410448055
30417734481
30425064007
30432443870
30439893670
30447202602
30454255703
30461635704
30469013731
30476080511
30483550950
30490822107
30497795342
30504898061
30511896051
30519068599
30526318963
30533675127
30540726790
30547605823
30554778876
30562237381
30569263631
30576650226
30584064438
30591389236
30598878464
30606272495
30613537394
30620923515
30627857796
30634843041
30642033032
30649171629
30656513747
30663804167
30670894141
30677910705
30685054444
30692361096
30699621880
30706491672
30713914375
30721307671
30728506627
30736006886
30743367609
30750801665
30758102886
30765235716
30772767186
30780207240
30787156179
30795001529
30802413920
30809690508
30817315080
30824588654
30831899866
30838996985
30845980395
30853277454
30860417781
30867692181
30874898986
30882238350
30889615719
30896839721
30903863278
30911151571
30918318534
30925382514
30932700795
30939586024
30946762168
30953840269
30961008411
30968437280
30975767005
30982752098
30990291632
30997549187
31004780869
31012263946
31019327360
31026484975
31033461010
31040428829
31047775155
31054840251
31062091028
31069386573
31076308584
31083814978
31090987648
31098143504
31105392705
31112567181
31119857647
31127173862
31134384324
31141608387
31148814779
31155929508
31163142907
31170528248
31177783921
31185312240
31192417407
31200030228
31207426707
31214478829
31221793361
31229207099
31236331008
31243706756
31250689722
31258001683
31265318281
31272345143
31279311064
31286530308
31293697241
31301187448
31308116604
31315404193
31322536058
31329465658
31336740410
31343968069
31351123466
31358318367
31365533097
31372776056
31380140069
31386878984
31394127451
31401422323
31408792975
31416479099
31423832891
31431264162
31438648661
31446017982
31453306612
31460646190
31467723343
31475129675
31482201779
31489164304
31496575945
31503748004
31510784917
31518226424
31525381102
31532893876
31540063074
31547072218
31554303212
31561569764
31568700375
31575950264
31582698758
31590226434
31597336237
31604517445
31611953031
31619334133
31626664731
31634272273
31641353082
31648981815
31656468672
31664081722
31671520888
31678878582
31686042623
31693510400
31700726186
31708072665
31715436616
31722691401
31730121005
31737480075
31744717251
31752095844
31758892441
31766202857
31773558531
31780583649
31787856396
31795040894
31802305059
31809683208
31816464015
31823639639
31830841502
31838009184
31845159211
31852148052
31859196839
31866450309
31873299262
31880385533
31887739478
31894871589
31902005214
31909052455
31916105770
31923365421
31930703714
31937756953
31944866236
31951938615
31959350440
31966547453
31973465700
31980718389
31987756542
31994815243
32002191618
32009431700
32016856377
32024199337
32031010790
32038477373
32045611595
32052700238
32059990474
32067077204
32074450137
32081706054
32088692448
32095892184
32103051283
32110241702
32117801432
32125049011
32132359413
32139961967
32146996127
32154611488
32161806940
32168921318
32175850581
32182865432
32189795582
32196830109
32203915983
32211250282
32218505114
32225637056
32233142593
32240493096
32247651033
32255113623
32262317429
32269664948
32276889027
32284197837
32291742817
32299093458
32306244050
32313602187
32320498800
32327656002
32334967521
32341896753
32349190446
32356642158
32364097680
32371870004
32378961370
32386345288
32393802890
32401116795
32408436866
32415215470
32422183763
32429328037
32436392414
32443901057
32451012543
32458016394
32465348077
32472500353
32479620850
32486569560
32493774146
32500744872
32507915584
32515136006
32522448748
32529719920
32536978990
32544127318
32551205985
32558360143
32565729357
32572854537
32580280009
32587798919
32595140012
32602502066
32609867777
32617232875
32624520816
32631624759
32638986874
32646321235
32653392742
32660562475
32667653061
32674895837
32682291153
32689594623
32696742141
32704141557
32711153256
32718590617
32726002824
32733294713
32740508999
32747726086
32755168220
32762400530
32769758529
32777337446
32784889189
32792260301
32799872112
32807184793
32814686673
32822375107
32829443799
32836874856
32844195738
32851432836
32858796573
32866184010
32873119776
32880486955
32887749942
32895124557
32902346998
32909522346
32916799225
32923992520
32931216216
32938644841
32945718520
32953073995
32960354913
32967633292
32975068235
32982541673
32989528418
32997137337
33004611556
33011867412
33019359822
33026959164
33034498545
33042006225
33049270420
33056792680
33063874882
33070991539
33078569231
33085944489
33093714609
33101375687
33108584848
33116455841
33123600360
33130937918
33138559858
33145367715
33152812267
33160140064
33167478969
33174914922
33181993498
33189216383
33196599016
33203355373
33210210003
33217329062
33224184350
33231267485
33238028677
33244980645
33252146140
33259187353
33266578156
33273928000
33281032708
33288169470
33295128032
33302209622
33309495130
33316537781
33323812702
33331377312
33338697536
33345954219
33353225085
33360257730
33367457375
33374311147
33381312259
33388825293
33395807510
33403399630
33410871859
33418302717
33425598247
33432989616
33440075428
33447429036
33454467939
33461694879
33468934273
33476160340
33483368721
33490842113
33497831107
33504963126
33512064453
33519218289
33526450385
33533365617
33540535840
33547727819
33554833017
33562172840
33569472868
33576899534
33584208145
33591418882
33598938954
33606214104
33613087752
33620505130
33627758049
33635066079
33642310400
33649653069
33656922282
33664393165
33671463479
33678923514
33686010581
33693234858
33700365423
33707626972
33714664467
33721779609
33728830538
33736112741
33742989663
33750269066
33757581319
33764711394
33771761955
33779137657
33786088309
33793391367
33800446870
33807595902
33814957956
33822226053
33829318230
33836851644
33843786032
33851130874
33858352719
33865778069
33873425636
33880782993
33888342310
33895863025
33903375707
33910694034
33918009668
33925108470
33932241345
33939123224
33946697749
33954258183
33961280806
33968792525
33975973274
33982978761
33990268798
33997647193
34004618668
34011875994
34018951203
34026040428
34033276884
34040538387
34047770192
34055003955
34062178615
34069668546
34076781256
34083998098
34091443782
34098737154
34106097418
34113523655
34120465342
34127926035
34135217510
34142391022
34149748027
34156536331
34163651275
34170901057
34178046326
34185330426
34192382487
34199710743
34206938004
34213996965
34221304352
34228491558
34235651927
34243083550
34250216686
34257458436
34264693041
34271925213
34279051907
34286681635
34293792891
34301386847
34308875692
34316173226
34323595715
34330909498
34338243629
34345678282
34353000846
34360314996
34367596863
34374438441
34381796915
34389082163
34396567229
34403934393
34410952412
34418342296
34425646195
34432740193
34440077691
34447158209
34454214921
34461410756
34468433211
34475808240
34482920200
34490258126
34497564778
34504528543
34511573382
34518943285
34526023268
34533357507
34540657198
34547975478
34555386798
34562708935
34569949966
34577419808
34584411908
34591523287
34598928961
34606000193
34613337384
34620696225
34627866785
34635120285
34642314100
34649451795
34656651164
34663610385
34670791638
34677901946
34685139994
34692581837
34699563212
34706569878
34713804253
34720829095
34728052562
34735029392
34742084253
34749247407
34756231780
34763491799
34770805229
34777906036
34785070398
34792229330
34799574661
34806762157
34813923720
34821290899
34828847034
34836277448
34843401006
34850734479
34857635652
34865124604
34872323667
34879489590
34886705024
34893926257
34901172551
34908446385
34915599472
34922728232
34929727247
34936821827
34944137736
34951129453
34958313568
34965604309
34972620721
34980027558
34986978302
34994217160
35001325479
35008490928
35015855767
35022992819
35029875325
35037184946
35044324813
35051819381
35059411348
35066498996
35073841604
35081175016
35088415956
35095809879
35103238963
35110453785
35117867859
35124928488
35132209406
35139507796
35146607073
35153763311
35161126589
35168560002
35176063000
35183093625
35190283141
35197809762
35204917178
35212048478
35219283771
35226417534
35233723100
35240624073
35247429988
35254817532
35261940033
35269376491
35276564431
35283647199
35290925424
35298246459
35305394497
35312658447
35319596599
35326915002
35334275251
35341574850
35348849847
35356141812
35363479447
35370857704
35378126015
35385306198
35392887333
35400085569
35407463627
35414907903
35422222680
35429701428
35436848042
35444189105
35451570605
35458519620
35465735896
35472975886
35479984067
35487239969
35494117029
35501433871
35508519485
35515072429
35521928374
35529043914
35536088677
35543122806
35550129242
35557464552
35564759913
35571597116
35578478016
35585556102
35592695265
35599776977
35607212104
35614336258
35621764821
35629520269
35636715155
35644206770
35651221162
35658848931
35666195838
35673107031
35680263423
35687599819
35694745271
35702096355
35709295938
35716783391
35724129441
35731372384
35738422716
35745212382
35752102844
35759383793
35766482396
35773839967
35780916768
35788237175
35795570909
35802822114
35810023304
35817376576
35824203054
35831637584
35839002774
35846262609
35853786950
35861027843
35868250545
35875815339
35883118534
35890316297
35897663204
35904769365
35912043628
35919449807
35926830206
35934353353
35941204892
35948544746
35955911772
35963049697
35970065022
35977332920
35984225524
35991440071
35998630887
36005873540
36013122359
36020287746
36027542563
36034984911
36041921732
36049484109
36056614812
36063817394
36071257539
36078544562
36085761603
36092995580
36100124355
36107505611
36114533421
36121642612
36129084103
36136216076
36143744334
36151538919
36158892604
36166510168
36174008943
36181338270
36188882226
36196234870
36203871865
36211458523
36218753762
36226499142
36233788047
36241171460
36248393457
36255484717
36262880431
36270414671
36277582797
36284914114
36292063911
36299304911
36306732281
36313859541
36320971211
36328172400
36334859679
36342255454
36349381092
36356723914
36364083107
36371368584
36378601812
36385991498
36393253368
36400855372
36408073973
36415177916
36422718919
36430108283
36437407699
36444889919
36452229436
36459611120
36466944885
36474290277
36481634262
36489017475
36496456886
36504202022
36511376498
36518705718
36525993567
36533164157
36540291218
36547344028
36554494193
36561810362
36568761902
36575985888
36583613367
36590870509
36598407625
36605778201
36612889121
36620347336
36627345739
36634458143
36641650230
36648791795
36656162601
36663541684
36670787748
36678234779
36685322871
36692916903
36700799892
36707997165
36715532445
36723097592
36730395187
36737993626
36745597343
36753017491
36760460421
36767532754
36774912572
36782586256
36789779934
36797211021
36804304147
36811334069
36818740125
36825956095
36833134733
36840408705
36847416992
36854792082
36861983311
36869275337
36876590037
36883860322
36891044498
36898385148
36905419154
36912777047
36919894714
36927189417
36934626640
36941689273
36948985568
36956447316
36963667662
36971133710
36978540180
36985565328
36992829783
37000043779
37007405986
37015076763
37022223164
37029532433
37036709877
37043886067
37050696908
37057864743
37064886984
37072381047
37079541554
37086747716
37093919683
37100862991
37107983229
37115316993
37122188697
37129426929
37136567576
37143815416
37151214695
37158311768
37165710037
37173038110
37180083882
37187432487
37194587441
37201609360
37209280520
37216458775
37223908024
37231298383
37238638665
37246142443
37253371601
37260624077
37267906555
37274744248
37282002384
37289229615
37296090670
37303414413
37310513919
37317521732
37324727818
37331867211
37339112358
37346350573
37353286522
37360494368
37367672332
37375027853
37382524425
37389801778
37397035633
37404385784
37411438319
37418709827
37426082301
37433150518
37440450515
37447852043
37455273354
37463028190
37470226687
37477742842
37485349344
37492486458
37499890969
37507244211
37514419513
37521952605
37529000872
37536255856
37543174731
37550106549
37557466078
37564544776
37571796318
37579116771
37586374235
37593499016
37600613302
37607762778
37614928319
37622285125
37629404720
37636860364
37644144525
37651836906
37659280295
37666425915
37673897716
37681535522
37688954156
37696590064
37704118521
37711316054
37718534365
37725666414
37733135430
37740432949
37747587841
37755035376
37762264152
37769398251
37776720617
37783761371
37790977983
37798120773
37805240719
37812648582
37819703565
37826824108
37834167527
37841453892
37848818225
37856215852
37863322258
37870797869
37878041745
37885293165
37892792858
37900234686
37907624540
37915088293
37922262066
37929594942
37936858495
37944021726
37951707176
37959097917
37966354753
37973905502
37981078586
37988320259
37995472045
38002606573
38010011880
38017149468
38024389933
38031617163
38038393564
38045892981
38053233875
38060399248
38067575927
38074703554
38081978964
38089201437
38096321628
38103586145
38110488036
38117700655
38124875850
38132285395
38139431918
38146944876
38154014134
38161419624
38168822254
38175996332
38183253428
38190797384
38198126895
38205625471
38212562919
38219722340
38227150062
38234228392
38241427670
38248742049
38255680446
38263110615
38270044927
38277290334
38284552602
38291299106
38298298535
38305515269
38312801206
38320221323
38327015839
38334476027
38341670822
38348764070
38355945569
38363028092
38369736652
38377135854
38384151149
38391376513
38398422163
38405598460
38412914384
38420169904
38427142497
38434477761
38441617016
38449043024
38456430675
38463845407
38471187372
38478953178
38486345877
38493784554
38501073612
38508229881
38515963679
38523171845
38530651403
38537881938
38545076519
38552793334
38560247264
38567329619
38574782999
38581941899
38589255437
38596521728
38603573391
38610844165
38617932395
38625305052
38632511842
38639789516
38646849502
38654047540
38661033490
38668262220
38675186602
38682443820
38689746831
38697099185
38704378635
38711900222
38719193517
38726580801
38733866906
38741214379
38748502259
38755888900
38763066818
38770690242
38778035390
38785559547
38792890083
38800209465
38807429673
38814525522
38821621632
38828992652
38835773887
38842871970
38850176450
38857123966
38864307331
38871402737
38878516564
38885795768
38892849451
38899926726
38907049059
38914324408
38921479622
38928940055
38935999765
38943566610
38950657349
38957717289
38964917668
38971925925
38979410287
38986931874
38994471362
39001791938
39009099952
39016497273
39023961531
39031043136
39038079009
39045450763
39052597302
39059889679
39067008219
39074018541
39081436455
39088525389
39095715333
39102948638
39109990616
39117563045
39124804581
39132094755
39139337668
39146381712
39153547635
39160696147
39167489729
39175038413
39182280714
39189681828
39197046820
39204157510
39211370175
39218739145
39226142172
39233483418
39240722690
39248165206
39255736748
39263200945
39270336589
39277651336
39284828015
39291956025
39299143154
39305850490
39312901924
39319809170
39327037043
39334237651
39341303436
39348647329
39355881827
39363115437
39370231819
39377248047
39384261644
39391337098
39398311848
39405418591
39412433136
39419389281
39426476195
39433730813
39440781680
39448176996
39455550770
39462831902
39470115452
39477534896
39484934971
39492448265
39499723476
39507011188
39514238388
39521322242
39528451414
39535482820
39542825657
39550171554
39557151522
39564541620
39571489733
39578477029
39585848431
39592730922
39599866444
39607101309
39614109734
39621529270
39628538766
39635704476
39642826518
39649981594
39657120849
39664379965
39671576764
39679005587
39686313907
39693645499
39701113092
39708447346
39715563254
39722752632
39730104420
39737641368
39745129754
39752463396
39759902868
39767196348
39774443988
39781966952
39789279587
39796519455
39803842984
39810845335
39818099279
39825369197
39832400556
39839827452
39846617347
39853983792
39861184186
39868247462
39875498163
39882682186
39889909508
39896971299
39904013293
39911474460
39918671091
39925948658
39933476992
39940764994
39948020973
39955435384
39962591072
39969860729
39977334810
39984981795
39992489505
40000125950
40007339731
40014846768
40021946152
40029058846
40036319431
40043726406
40051132386
40058570190
40065571593
40072888343
40080139350
40087226172
40094595432
40101507315
40108831379
40116279480
40123326782
40130724837
40137696879
40144611836
40151901827
40159098993
40166285158
40173685371
40180946781
40188395280
40195885640
40203374179
40210817782
40218221988
40225674725
40233258491
40240399414
40247604888
40255202837
40262408663
40269961294
40277415209
40284851040
40292097303
40299255699
40306662062
40313824680
40320844947
40328116839
40335245552
40342344890
40349530183
40356428004
40363952024
40371162272
40378281270
40385607048
40392802010
40399796038
40407212606
40414461348
40422021139
40429265062
40436725816
40443973457
40451306931
40458512527
40465881374
40473287691
40480618319
40487940593
40495344615
40502926744
40510424891
40517832065
40525306130
40532106888
40539184164
40546542775
40553388362
40560729807
40568099251
40575198879
40582418812
40589441787
40596421249
40603786685
40610855866
40618244664
40625479637
40632567897
40640180091
40647372927
40654485958
40661801959
40669023850
40676347149
40683438316
40690338525
40697813493
40705042834
40712474763
40719908636
40727387169
40734866696
40742097874
40749280811
40756878179
40764329432
40772004845
40779587035
40786883514
40794178768
40801904518
40809055937
40816494522
40823676831
40830917908
40838060468
40845239856
40852468891
40859904462
40867113898
40874591743
40881916327
40888977981
40896023233
40903311694
40910528888
40917768435
40924869516
40932333239
40939394021
40946475564
40953890709
40961162830
40968334644
40975743164
40982905935
40990265037
40997775332
41005141119
41012719332
41019899239
41027482608
41034924191
41041786364
41049064008
41056689375
41064058237
41071295061
41078409025
41085467910
41092798032
41099885207
41107124111
41114183531
41121102589
41128335189
41135511348
41142745158
41150253373
41157654962
41164958968
41172327463
41179614532
41186727441
41193851763
41201220488
41208781518
41215989318
41223757526
41231292959
41238646353
41246163963
41253514725
41260743669
41268354165
41275873411
41283346114
41291046268
41298343037
41305434602
41313016073
41320125830
41327396972
41334663278
41341684800
41349028693
41356533649
41364062473
41371676518
41379143607
41386832836
41394037070
41401410110
41408561804
41415724836
41423096620
41430535159
41437725838
41444911881
41452073214
41459271665
41466674692
41473812051
41481026184
41488499898
41495446113
41502599337
41509898263
41517305988
41524601732
41531804176
41538778390
41546236590
41553305740
41560631227
41567798681
41574857336
41582414801
41589810209
41597116785
41604526499
41611636990
41619155043
41626719853
41634078051
41641843826
41649444009
41656735745
41664343134
41671349050
41678662725
41686216596
41693177713
41700429148
41707689824
41714905304
41722275207
41729363988
41736673226
41743949830
41751416413
41758584693
41765814432
41772809286
41779893584
41786821440
41793896588
41801242592
41808455517
41815699011
41823297405
41830455158
41837862484
41845090220
41852322423
41859392124
41866715071
41874441847
41882074833
41889114669
41896536638
41903659079
41910999942
41918348180
41925438216
41932545066
41939938224
41947125476
41954321831
41961503024
41968911177
41976106614
41983262990
41990373022
41997356585
42004153747
42011280105
42018171730
42024999768
42032131174
42039310103
42046594173
42053878365
42061033655
42068488534
42075703356
42082840515
42090176299
42097406957
42104611773
42112114785
42119034731
42126447351
42133898757
42141013257
42148531907
42155990152
42163151118
42170598592
42177572607
42184916072
42192254977
42199383568
42206492529
42213558345
42220560375
42227842807
42234957216
42242125480
42249462885
42256632404
42263931591
42271253054
42278326550
42285624971
42292442421
42299711819
42307113775
42314368423
42321594904
42328928576
42335936665
42343359062
42350645534
42357901743
42365639610
42373003286
42380250789
42387615551
42394738589
42402405220
42409710847
42417091399
42424474689
42431341498
42438424648
42445579326
42452483757
42459902559
42466811671
42473946245
42481293504
42488223868
42495248726
42502564880
42509318927
42516587880
42523718598
42530857257
42537938939
42545204587
42552444639
42559659400
42567057378
42574466847
42581876224
42588889147
42596208300
42603293791
42610604223
42618239872
42625177182
42632406815
42639541618
42646271690
42653533652
42660796485
42667872475
42675565560
42682346336
42689568977
42696597399
42703721905
42711035963
42718078293
42724851480
42732126386
42739066573
42746490576
42753652292
42760494544
42767748396
42775123593
42782232799
42789731421
42796839449
42804107286
42811429529
42818903212
42826149659
42833372437
42840756477
42848293380
42855443988
42862718388
42870296432
42877608715
42884893076
42892450832
42899804043
42907197370
42914362911
42921475039
42928743580
42935830876
42943146143
42950320971
42957276963
42964654806
42971684300
42978720112
42986193305
42993241755
43000061577
43007182610
43014378429
43021846543
43028790555
43035778233
43043076548
43050408017
43057495176
43064832092
43072025647
43079217519
43086317117
43093332198
43100636785
43107969876
43115225824
43122739379
43129754398
43137168044
43144554807
43151642838
43159077246
43166302426
43173266742
43180593453
43187596737
43194747268
43202033235
43208990222
43216409238
43223455714
43230262256
43237513308
43244618766
43251806492
43258901897
43265878437
43272944849
43280122125
43286982110
43294054581
43301087899
43308547047
43315800501
43322758666
43330003323
43337385879
43344509895
43352093968
43359332122
43366505619
43373939782
43381200106
43388512068
43396061211
43403303588
43410948906
43418271532
43425471069
43432958859
43440236243
43447363947
43454570078
43461539917
43468856392
43475889909
43483030955
43490226346
43497206971
43504312995
43511534212
43518510446
43525848448
43533053846
43540239659
43547475258
43554633471
43561792371
43569266926
43576427754
43583877753
43591027473
43598188899
43605676474
43612931489
43619923038
43627495834
43634553143
43642099485
43649549820
43656866877
43664237469
43671442590
43678618459
43686034246
43693184074
43700672889
43707982877
43715315356
43722432885
43729386490
43736379937
43743490321
43750622370
43757802232
43765102045
43772429843
43779739571
43786904423
43793883334
43801101171
43808224560
43815406502
43822584497
43829688930
43837165810
43844739616
43851887011
43859528153
43866889197
43874222931
43881700224
43889153451
43896608651
43904311436
43911363130
43918921253
43926078609
43933386409
43940671886
43947493238
43954790436
43961790017
43968546803
43975941400
43983071001
43990464879
43997542568
44004621755
44011897992
44019070983
44025994463
44033483124
44040647961
44047711834
44054676700
44061872550
44068825665
44076100923
44083136566
44090405229
44097485381
44104530067
44111736872
44118822393
44125708923
44132718542
44139783042
44147033115
44154188252
44161096095
44168300880
44175448979
44182414487
44189661883
44196412840
44203827388
44211002644
44217981234
44225196057
44232324112
44239564164
44246790094
44253958878
44261283417
44268486121
44275854816
44283116287
44290134244
44297487608
44304811488
44311874183
44319187782
44326420474
44333745181
44341092256
44348584360
44355779491
44363275864
44370473106
44377407525
44384743217
44391907412
44399373796
44406537486
44413430702
44420851952
44427888070
44435071802
44442412008
44449417342
44456263251
44463431836
44470222634
44477456138
44484475747
44491586606
44498540716
44505501726
44512470999
44519643088
44526596418
44533885582
44541143918
44548536266
44556025677
44563449834
44570974802
44578522139
44585488703
44592380114
44599704897
44606879480
44614317897
44621846384
44629007931
44636078597
44642666349
44649694633
44656784607
44663645754
44671006982
44678050873
44685091045
44692405455
44699226807
44706456730
44713419470
44720609031
44727970320
44735151284
44742222026
44749639649
44756829272
44764157758
44771514916
44778868020
44786305074
44793736437
44801089219
44808503645
44815882040
44823430708
44830894430
44838202536
44845460933
44853017649
44860175387
44867629118
44874617699
44881620754
44889064816
44896233233
44903448759
44910728224
44917759109
44925148520
44932193695
44939381972
44946700666
44953717995
44961083890
44968309009
44975441134
44982780866
44989832513
44997243818
45004601680
45011668092
45019045890
45026346713
45033713954
45041234653
45048440311
45055819241
45063344439
45070530466
45077877633
45085095439
45092236316
45099727701
45107125633
45114392644
45121688250
45128957601
45136013303
45143555010
45150598854
45157854512
45165120865
45172108665
45179244876
45186337971
45193537463
45200900205
45207731135
45215021203
45222091593
45229225141
45236434042
45243524307
45250727180
45258100617
45265320152
45273034764
45280417473
45287931609
45295396004
45302749092
45310088640
45317403387
45324681933
45332048302
45339525106
45346921722
45354282629
45361748769
45369069605
45376362656
45383455093
45390563029
45397648658
45404610831
45411804846
45418988226
45426040532
45433484257
45440568172
45447688548
45454885117
45461953441
45469315174
45476616762
45483685668
45490848241
45498034039
45505366641
45512524455
45519540974
45526908842
45534196782
45541231126
45548855529
45556105816
45563399235
45570839319
45578138138
45585859665
45593235061
45600424500
45607964019
45615255525
45622321172
45629602518
45637000818
45644205205
45651399801
45658400607
45665676843
45672821882
45679836366
45687086118
45694043869
45701214903
45708650259
45715806849
45723193873
45730224299
45737214762
45744482400
45751716332
45758755923
45766059332
45773053574
45780514099
45787583173
45794832971
45802246984
45809568569
45816993506
45824486023
45831649728
45839303676
45847066651
45854467184
45862184963
45869683294
45876836962
45884286073
45891529904
45898837169
45906122585
45913224172
45920470757
45927556830
45934669279
45942158492
45949219610
45956236771
45963250398
45970269488
45977743813
45985041225
45992107606
45999438509
46006463673
46013589755
46020828812
46027995485
46035302857
46042543245
46049731705
46057208295
46064332725
46071604662
46078835243
46085911141
46093151101
46100154997
46107218212
46114622172
46121691078
46128996630
46136164328
46143498949
46150617197
46158207451
46165297976
46172624809
46179937949
46187385606
46194875278
46202275138
46209835174
46217216751
46223960149
46231514876
46238641371
46245780841
46253195083
46260357549
46267772281
46275130204
46282151007
46289512556
46296560409
46303662393
46311068267
46318207767
46325191391
46332580908
46339748163
46347261870
46354479783
46361984203
46369623555
46377034905
46384312901
46391900553
46399154467
46406468862
46413624274
46421258224
46428747559
46435861860
46443126132
46450494428
46457530607
46464580970
46471782909
46478932416
46486163991
46493208631
46500358291
46507865144
46514902838
46522497192
46529714034
46536588859
46543766257
46550880130
46557913418
46565144182
46572290415
46579457378
46586748088
46593897488
46600929475
46608225662
46615274877
46622751482
46629868859
46637351752
46644516467
46651762485
46659019031
46666369793
46673636834
46680786968
46688103979
46695454650
46702742422
46710097086
46717614466
46724970231
46732073302
46739689107
46747053288
46754321308
46761799351
46768808908
46776166265
46783687806
46790621568
46798009647
46805200815
46812539475
46819638063
46826770235
46834106600
46841283800
46848305383
46855586362
46862881876
46870008754
46877381717
46884756240
46891972531
46899203969
46906412427
46913707130
46920879693
46928160872
46935672284
46942830037
46950045288
46957582114
46964836746
46972043154
46979393044
46986380309
46993771938
47001007706
47008122971
47015610577
47023316927
47030809444
47038321530
47045340711
47052768004
47059809186
47067145230
47074258399
47081256282
47088435104
47095584763
47102644397
47109628771
47116756735
47123813095
47131058088
47137995154
47145170304
47152299339
47159338134
47166421698
47173575779
47180560535
47187893962
47194852632
47201916015
47209127700
47216008324
47223334607
47230645651
47237751720
47244954593
47251965176
47259347211
47266620510
47273801825
47281441253
47289070124
47296169507
47303505459
47310503052
47317765518
47325241450
47332433613
47339900090
47346919240
47353830801
47361157787
47368328913
47375324164
47382375690
47389611702
47396800759
47404009170
47411343883
47418600933
47425578514
47432558450
47439879164
47447174097
47454454464
47461871277
47468971089
47476350279
47483684777
47490763965
47498174688
47505326566
47512802896
47520412182
47527376085
47534907861
47542175407
47549514649
47557095646
47564505191
47571866235
47579361889
47586259236
47593440245
47600482223
47607447181
47614585763
47621779272
47628796939
47635954707
47642858496
47649819169
47656950912
47664100052
47671448917
47678591554
47685682063
47692736190
47699709547
47706963598
47714258654
47721303126
47728543162
47735959577
47743020542
47750494822
47757602896
47764857024
47772253610
47779467560
47786826798
47794141407
47801536540
47809117950
47816253487
47823653516
47830992084
47838275267
47845420642
47852242928
47859066238
47866331795
47873521846
47880797823
47887983774
47895044616
47902190864
47909335704
47916324989
47923696437
47930899325
47938060016
47945316331
47952344845
47959740299
47967254175
47974322546
47981652944
47988622308
47995903670
48003263903
48010168503
48017318514
48024776927
48032102124
48039691505
48046894699
48054297482
48061560422
48068451879
48075754860
48082898919
48089945778
48097206791
48104265905
48111377268
48118944021
48126148102
48133330749
48140418489
48147610713
48154827264
48161995865
48169226232
48176499882
48183797768
48190907403
48198202856
48205154196
48212536125
48219557402
48226686498
48234038439
48241676322
48248649312
48256281258
48263677584
48271063995
48278491549
48285569864
48293133909
48300425552
48307939489
48315439121
48322513642
48329846121
48337310043
48344412394
48351792258
48359074446
48366055453
48373564693
48381013039
48388379132
48395647275
48402612753
48409602986
48416651528
48423780425
48431065520
48438092183
48445304894
48452331006
48459353445
48466309284
48473630013
48480579793
48488043623
48495174892
48502325668
48509441224
48516449435
48523817272
48531098955
48538065382
48545464370
48552498040
48559783671
48567118766
48574297251
48581721514
48589103749
48595996323
48603478237
48610787552
48618286204
48626035164
48633237180
48640613509
48647953791
48654963135
48662269971
48669523548
48676601817
48683726507
48690938193
48697940024
48705144885
48712163470
48719313083
48726430062
48733627901
48740705283
48747887118
48754873496
48762418599
48769529366
48776514138
48783491320
48790394343
48797569906
48804765679
48811832260
48819181339
48826322660
48833654711
48841018050
48848500546
48855699884
48862850508
48870124801
48877513140
48884658210
48891938745
48899322831
48906484991
48913894521
48920885825
48927854745
48934786961
48941851002
48949053446
48956173714
48963258609
48970180574
48977317213
48984284619
48991590338
48999014984
49006077480
49013449218
49020456251
49027570598
49034955235
49042184103
49049450333
49056581234
49063709015
49071041586
49078206943
49085591029
49092840551
49100272098
49107754838
49115038434
49122177858
49129816459
49137001339
49144268212
49151390668
49158309282
49165637783
49172573472
49179903610
49187001357
49194228633
49201498489
49208641187
49215862756
49222980225
49230195337
49237336536
49244614073
49251710167
49258913544
49266336707
49273467149
49280566028
49287779595
49295128277
49302567015
49309807510
49316990631
49324295310
49331066983
49338201801
49345480822
49352633480
49360092552
49367146785
49374196275
49381621365
49388688389
49396102249
49403434896
49410824873
49418391105
49425915355
49433404261
49440832289
49447913771
49455054817
49462316380
49469409353
49476381318
49483414208
49490535853
49497636231
49504696248
49511833224
49518923764
49526095670
49533414180
49540491470
49547283446
49554830829
49561925454
49569168429
49576315196
49583453075
49590580457
49597881954
49604952818
49612504439
49619754421
49627202461
49634514514
49641456966
49648718422
49655921616
49663040921
49670406983
49677704793
49684786336
49692241307
49699370526
49706491207
49713820274
49720702398
49728109235
49735373614
49742730144
49750139124
49757594385
49764869505
49772291795
49779738381
49787218077
49794567279
49801499954
49809099387
49816452414
49823758455
49831504569
49838938870
49846572315
49853972834
49861096192
49868489382
49875734743
49882705668
49889842108
49896684115
49903916715
49911285410
49918600447
49925880110
49933143954
49940190063
49947357057
49954665607
49961902247
49969009739
49976276949
49983511416
49990809699
49998069106
50005490111
50012688378
50019864889
50027279208
50034493005
50041956345
50049295296
50056763914
50064369101
50071735974
50079093867
50086756305
50093933505
50101360370
50108791258
50115984048
50123275447
50130367976
50137645544
50145035428
50152329351
50159272247
50166390801
50173500191
50180789922
50187973058
50195124981
50202246045
50209601444
50216889706
50224236613
50231310629
50238610550
50245886174
50253071238
50260406471
50267393812
50274347815
50281728076
50288852016
50296138794
50303525910
50310807532
50318349300
50325910621
50333024004
50340628486
50347754936
50355042708
50362429365
50369767535
50377244814
50384569811
50391977811
50399546247
50406909096
50414114325
50421267580
50428565451
50435637355
50442989694
50449879253
50457046385
50464180500
50471349514
50478755999
50485858718
50492936926
50500127559
50507097642
50514466092
50521400924
50528269247
50535555994
50542703252
50549953356
50557169463
50564134757
50571322927
50578687582
50586015456
50593256349
50600578883
50607975117
50615593048
50622967419
50630759908
50638204322
50645628142
50653016910
50660225168
50667477812
50674805716
50681653338
50688924250
50696097900
50703181280
50710437641
50717781901
50724973819
50732156542
50739224821
50746314825
50753540235
50760613211
50767758540
50774707051
50781767144
50789118167
50796216234
50803433153
50810707323
50817686954
50824887608
50831928010
50839178221
50846878681
50854139433
50861656675
50869247740
50876697708
50884138771
50891257953
50898541135
50905826062
50913092108
50920523808
50928009471
50935259131
50942300420
50949442078
50956450702
50963533623
50970501441
50977656594
50984942163
50992260841
50999420538
51007018977
51014223762
51021399676
51028469102
51035639172
51043086799
51050067806
51056981830
51064332761
51071493024
51078971358
51086395315
51093639804
51101124901
51108254089
51115580295
51123072552
51130303026
51137840204
51145286943
51152749901
51160281754
51167520903
51174783369
51182004067
51189175253
51196309016
51203650247
51210902263
51218040631
51225312078
51232529777
51239833201
51246688244
51253564967
51260771282
51267961517
51275076445
51282185682
51289134131
51296564454
51304022638
51311423906
51318835639
51325891035
51333219551
51340445971
51347640199
51355151321
51362574208
51370488500
51378096226
51385553477
51392931611
51400261336
51407342834
51414891563
51422384402
51429641452
51436905846
51444267823
51451510583
51458913748
51465886280
51473047598
51480207738
51487455195
51494851490
51502261984
51509422215
51516640786
51523822377
51531022189
51538011306
51545144717
51552548004
51559588360
51566847093
51574314350
51581258041
51588540856
51595624374
51602861595
51610336563
51617479292
51624846823
51632446547
51639858464
51647232926
51654513951
51661975211
51669417911
51676842068
51684005987
51691347630
51698386212
51705398294
51712747174
51719962364
51727150319
51734425148
51741439876
51748909153
51756158017
51763362313
51770588840
51777589630
51784634592
51792098391
51799082779
51806473842
51813691984
51820944965
51828213612
51835465200
51842673459
51850125201
51857443390
51864848269
51871857750
51879427853
51886885195
51894277268
51901663603
51909056104
51916299155
51923815004
51931236621
51938566056
51945719616
51952962254
51960203270
51967669364
51974980897
51982152435
51989248759
51996376754
52003755194
52010876059
52017956149
52025482250
52032699000
52039944009
52047279792
52054646498
52062095746
52069653197
52076844288
52084393920
52091507900
52098907118
52106096573
52113348298
52120848052
52128407262
52135806250
52143369668
52150577391
52158016908
52165332864
52172591673
52179758407
52187135517
52194231473
52201496984
52208770512
52215926139
52223177681
52230572033
52237600501
52244764053
52251972219
52259229790
52266374599
52273486620
52280671852
52287810924
52295005168
52302534497
52309632534
52317027406
52324252663
52331578915
52339139334
52346303773
52353542754
52360970093
52368061643
52375587927
52383045407
52390595054
52398091320
52405647102
52412900848
52420130832
52427432803
52434881424
52442246982
52449450161
52456849073
52464216512
52471229191
52478444212
52485417585
52492683922
52500036337
52507031145
52514234262
52521508739
52528363032
52535719930
52542995111
52550177543
52557486521
52564263442
52571612934
52579008985
52586143253
52593684454
52601058840
52608229797
52615356246
52622371419
52629461087
52636804934
52643944755
52651105599
52658123694
52665420203
52672605848
52679916999
52686938153
52694372194
52701623491
52709028905
52716377097
52723624815
52731288340
52738781239
52745914558
52753170476
52760510116
52767775673
52775094810
52782140062
52789543748
52796651393
52803600240
52811159710
52818423370
52825708373
52833068208
52840286993
52847555625
52854683069
52861747140
52868653637
52875589142
52882864705
52890234165
52897494152
52904593153
52911920400
52919044141
52926211548
52933487418
52940691270
52948259889
52955664125
52962883139
52970073038
52977343475
52984657288
52991824665
52999209945
53006740696
53014066015
53021470680
53028814527
53036059428
53043231426
53050336425
53057693445
53064792752
53071822551
53078782368
53086086512
53092749585
53100116765
53107539927
53114831127
53122280742
53129449450
53136619612
53143734953
53150844251
53157974969
53165266628
53172541089
53179798231
53187154425
53194586890
53202153031
53209132814
53216451936
53223698460
53231073519
53238714477
53246157315
53253512698
53260978302
53268332186
53275647789
53283032533
53290268087
53297615193
53304952201
53312191166
53319524319
53326751687
53334108982
53341280108
53348267633
53355738592
53362939828
53369809329
53377207598
53384239172
53391233996
53398366687
53405556968
53413014081
53420453783
53427528732
53434840908
53442130838
53449573339
53457150144
53464303736
53471681702
53479241768
53486413108
53494127444
53501481603
53508682962
53516337521
53523826029
53531327574
53538797401
53546042502
53553630231
53560996370
53568128633
53575469022
53582305445
53589345143
53596550862
53603481884
53610530502
53617493792
53624517655
53631936977
53638791224
53646031260
53653336842
53660345359
53667436680
53674574481
53681771387
53689135491
53696433683
53703568899
53711014782
53718399373
53725550042
53733037587
53740425146
53747650449
53755210377
53762570198
53770333464
53777608935
53784688627
53792042251
53798971147
53805855535
53812850725
53819946529
53827392381
53834488337
53841730852
53849027147
53856093605
53863386732
53870802076
53877941760
53885269557
53892494952
53899758321
53907059879
53914464727
53921873079
53929315855
53936512532
53943713492
53950885505
53957748411
53965004513
53972090157
53979292494
53986836879
53993879254
54001261107
54008400913
54015247800
54022325871
54029494457
54036503861
54043920827
54050971969
54058108333
54065349226
54072609229
54079772246
54087028730
54094055071
54101420139
54108360051
54116010632
54123379785
54130977215
54138521645
54145984602
54153157487
54160309717
54167347227
54174586223
54181644037
54189020871
54196233046
54203458991
54210675267
54217990579
54225315423
54232600258
54239901724
54247046304
54254314768
54261708049
54268545145
54275744147
54282779775
54290001375
54297021765
54304179870
54311398930
54318621127
54325888535
54333266379
54340326487
54347645808
54355113279
54362614824
54369905151
54377034446
54384274697
54391785513
54399317397
54406473895
54413905733
54421159218
54428181015
54435414626
54442336468
54449496149
54456829867
54463997856
54471468326
54478709831
54485751916
54493118637
54500269979
54507597884
54514960963
54522187933
54529619893
54537025827
54544009589
54551440309
54558501504
54565841128
54573036290
54580266779
54587585610
54594646010
54601575104
54609122625
54615946394
54623058171
54630511015
54637805718
54645046612
54652145062
54659173821
54666662023
54673954615
54681312355
54688652010
54696146883
54703574620
54711014627
54718390864
54725995530
54733237097
54740215718
54747528506
54754843650
54762201267
54769616534
54776808223
54784157425
54791330799
54798364959
54805507963
54812538206
54819650931
54826798387
54833716588
54840989428
54848297044
54855626265
54862855377
54870144052
54877154099
54884473007
54891701140
54899012138
54906436754
54913815148
54921343284
54928871021
54936255826
54943805642
54950993077
54958220828
54965921103
54973284213
54980814047
54988339352
54995578180
55003131300
55010543982
55017834187
55025051687
55032101009
55039445437
55046683377
55053731659
55061048486
55068132845
55075289558
55082610975
55089708339
55096956806
55104244257
55111394192
55118755573
55125978657
55133241184
55140567834
55147841225
55155155252
55162580005
55169855446
55177280658
55184626173
55191899885
55199408268
55206856782
55214116051
55221611858
55229093665
55236776407
55244029632
55251264696
55258509582
55265725736
55272940512
55280254371
55287363960
55294911205
55302269862
55309583492
55316865603
55323909019
55330994878
55338360925
55345576038
55352919212
55360169820
55367369327
55374633431
55382037009
55389226326
55396614405
55403718042
55411077648
55418406715
55425759237
55433031067
55440358605
55447774943
55455181382
55462428166
55469648940
55476992511
55484248292
55491595688
55499085543
55506231913
55513952966
55521315127
55528716579
55536034049
55543002939
55550230123
55557525821
55564711803
55571909458
55579092257
55586438415
55593720832
55601046870
55608453126
55615665087
55622766337
55629951630
55637322084
55644490103
55651905921
55659413631
55666479630
55673875528
55680814980
55688201667
55695561901
55702479643
55709995263
55717351533
55724835758
55732449007
55740215915
55747680723
55755182390
55762249353
55769681511
55776811786
55783942641
55791505584
55798731331
55806166534
55813623586
55820602099
55828053735
55835264043
55842622686
55849788073
55856972280
55864590165
55871879973
55879256700
55886480793
55893735227
55900695610
55907959683
55915039070
55922042782
55929037239
55936092069
55943502914
55951040337
55958059763
55965382618
55972690694
55980015217
55987508560
55994463099
56001615680
56008989408
56016167464
56023897055
56031055191
56038298409
56045966708
56053295424
56060738797
56068225592
56075687111
56083411974
56090618442
56097804026
56105395443
56112755829
56119611652
56126570673
56133825336
56141206347
56148421230
56155771182
56162908173
56170185435
56177460462
56184907232
56191819527
56198968835
56206177858
56213479156
56220833223
56228301062
56235381886
56242672933
56249979739
56257279384
56264837951
56271964936
56279415990
56286795211
56294025960
56301710737
56309301832
56316798098
56323945906
56330954683
56338279726
56345262003
56352294863
56359702021
56366769152
56373879001
56380991543
56388309655
56395573560
56402715860
56409685836
56417110008
56424261794
56431557936
56438864481
56446120766
56453398135
56460862791
56468048084
56475644427
56482749333
56489753184
56497050182
56504125331
56511308237
56518770062
56525778977
56533142530
56540273340
56547316175
56554588005
56561310366
56568410025
56575768789
56582889394
56590110734
56597316009
56604531703
56612076745
56619408352
56626636225
56633869621
56640930678
56647998636
56655522044
56663064791
56670412753
56677785823
56684954348
56692338128
56699598115
56706993783
56714089679
56721187899
56728389977
56735780856
56742690106
56750110775
56757356533
56764491612
56771726309
56778649895
56785995441
56793199048
56800337905
56807636265
56814838021
56822132908
56829493371
56836776232
56844026306
56851263297
56858517624
56865646506
56873018689
56880385868
56887559610
56895193224
56902558827
56909969015
56917037034
56924833653
56931917890
56938912560
56946344306
56953688964
56960923752
56968261342
56975321573
56982577797
56989628526
56996387760
57003573482
57010830532
57017930512
57025284671
57032416506
57039747654
57046988257
57054347128
57061719556
57068848621
57075941043
57083505685
57090535254
57097893560
57105175029
57112514301
57119772789
57126889584
57134104942
57141749908
57149086824
57156606499
57164134650
57171528696
57178797160
57186223367
57193535176
57200921144
57208056329
57215150190
57222399391
57229512912
57236777749
57244056786
57251026792
57258517978
57265613629
57272939361
57280215199
57287202265
57294416583
57301532444
57308740228
57316048962
57323133612
57330428682
57337717373
57344835805
57351975443
57359148557
57366188531
57373706920
57380999971
57388584426
57396305188
57403731870
57411011763
57418486348
57425728221
57433055957
57440642645
57447930693
57455514628
57463041463
57470663907
57478363541
57485664012
57492967896
57500406434
57507710517
57514960498
57522241064
57529568754
57536894318
57544013515
57551446791
57558520149
57565817208
57572910503
57580209536
57587412745
57594922460
57602396907
57609856331
57617400990
57624756725
57632113241
57639622833
57646693743
57654184133
57661814519
57669150731
57676652474
57684428102
57692022181
57699764516
57707231314
57714683179
57722096197
57729681325
57737392020
57744940107
57752325754
57759767261
57766887636
57774156039
57781170140
57788038341
57795380091
57802489542
57809746256
57816974313
57823905763
57831311422
57838401136
57845765195
57852978120
57860080395
57867151076
57874418285
57881497932
57888905350
57895975143
57903150645
57910264624
57917491350
57924675694
57932003186
57938972504
57945858560
57952837685
57959977522
57967166594
57974312995
57981420120
57989002402
57996299676
58003648664
58011067772
58018275081
58025532667
58032850305
58039743047
58047264726
58054528753
58062114171
58069442474
58076370176
58083627547
58090736555
58097855782
58105281117
58112227623
58119498122
58126717458
58133988568
58141092741
58148526169
58155722111
58162942411
58170116581
58177377288
58184653325
58191847523
58198980444
58206219516
58213249637
58220389627
58227417039
58234282562
58241714277
58248984990
58256403853
58263822762
58270962966
58278456569
58285851228
58293091845
58300600581
58307665141
58314991072
58322563578
58329623946
58337109441
58344298329
58351581267
58358881784
58366122984
58373233291
58380414132
58387527301
58394866956
58402207284
58409344703
58416603421
58423756095
58430807069
58437940082
58445082122
58452290227
58459645886
58466752415
58474020664
58481438869
58488609230
58495963970
58503164288
58510436913
58517715399
58524878844
58532211001
58539604650
58546880488
58554708045
58561950101
58569092003
58576113739
58583267086
58590558699
58597848522
58604946436
58612373883
58619522670
58626751140
58633934153
58641234211
58648614044
58655868876
58663128649
58670539831
58677752068
58684919475
58692385110
58699953622
58707310520
58714796504
58721735345
58728929374
58736102535
58742927650
58750184471
58757259543
58764441485
58771742997
58778764840
58786117470
58793375667
58800495690
58807843454
58815030690
58822127947
58829261649
58836255248
58843553532
58850886990
58858085365
58865275860
58872637960
58879897917
58887353530
58894620633
58901891805
58909474240
58916913467
58924465011
58932097508
58939472062
58946911947
58954249720
58961446825
58968942402
58975950399
58983115542
58990233270
58997257837
59004710298
59011899585
59018915507
59026312904
59033470626
59040743328
59048276513
59055683442
59063215341
59070455546
59077977944
59085577561
59092852206
59100222675
59107537575
59114582230
59121899868
59129298566
59136614490
59143942517
59151225761
59158325955
59165505327
59172763295
59179888398
59187100696
59194323428
59201580524
59208735186
59215815935
59223181385
59230341540
59237693542
59245094520
59252168383
59259525403
59266875248
59273977737
59281446631
59288590691
59296281144
59303746259
59311007210
59318513941
59325731762
59332909114
59340332781
59347243593
59354522231
59361840496
59369008715
59376364542
59383702269
59390659316
59397824888
59404850938
59412094371
59419358551
59426399443
59433676276
59440967460
59447863706
59455152182
59462317111
59469496376
59476717058
59483689865
59490905895
59498298060
59505333627
59512797334
59520243875
59527400144
59534908558
59542112150
59549421067
59556930077
59564477032
59572074277
59579385857
59586849503
59594164586
59601299220
59608565221
59615495739
59622454332
59629741722
59636887479
59643783419
59651140317
59658386336
59665474367
59672807427
59679918898
59687122780
59694368753
59701581326
59708731460
59715974205
59723052000
59730528452
59737640152
59744957010
59752127630
59759106190
59766275647
59773443361
59780610523
59788061991
59795212078
59802547113
59810101977
59817174219
59824364086
59831423216
59838707087
59846105723
59853242255
59860320678
59867591085
59874868147
59881835033
59888983422
59896000890
59903132633
59910128757
59917293180
59924453917
59931694657
59938820694
59946543522
59953806906
59961333726
59968768378
59976319968
59983819416
59991411307
59998969813
60006799542
60014295945
60021813111
60029231744
60036910554
60044397885
60051446457
60059152348
60066659155
60073936340
60081440959
60088582739
60095837403
